"Module"	"Gene1"	"Gene2"
"M1"	"BioGrid"	"SLC2A4"
"M1"	"BioGrid"	"NTN1"
"M1"	"BioGrid"	"FABP3"
"M1"	"BioGrid"	"ROR2"
"M1"	"BioGrid"	"DAB1"
"M1"	"BioGrid"	"FAM107A"
"M1"	"BioGrid"	"TMEM100"
"M1"	"BioGrid"	"FLNA"
"M1"	"BioGrid"	"HIST1H1C"
"M1"	"BioGrid"	"CRYAB"
"M1"	"BioGrid"	"SIM2"
"M1"	"BioGrid"	"KCNMB1"
"M1"	"BioGrid"	"UCHL1"
"M1"	"BioGrid"	"LGALS3BP"
"M1"	"BioGrid"	"TUBB2B"
"M1"	"BioGrid"	"CLU"
"M1"	"BioGrid"	"NCAM1"
"M1"	"BioGrid"	"CACNA2D1"
"M1"	"BioGrid"	"CNTN1"
"M1"	"BioGrid"	"RBP1"
"M1"	"BioGrid"	"CBR3"
"M1"	"BioGrid"	"ACTA2"
"M1"	"BioGrid"	"LGALS3"
"M1"	"BioGrid"	"MASP1"
"M1"	"BioGrid"	"PTN"
"M1"	"BioGrid"	"CAV1"
"M1"	"BioGrid"	"NEU1"
"M1"	"BioGrid"	"ANXA1"
"M1"	"BioGrid"	"HPX"
"M1"	"BioGrid"	"ITGA5"
"M1"	"BioGrid"	"KCNMA1"
"M1"	"BioGrid"	"TUBB2A"
"M1"	"BioGrid"	"PYGL"
"M1"	"BioGrid"	"FLNC"
"M1"	"BioGrid"	"BMP7"
"M1"	"BioGrid"	"FHL1"
"M1"	"BioGrid"	"PHYHIP"
"M1"	"BioGrid"	"DMD"
"M1"	"BioGrid"	"TAGLN"
"M1"	"BioGrid"	"DES"
"M1"	"BioGrid"	"HDAC9"
"M1"	"BioGrid"	"NRXN1"
"M1"	"BioGrid"	"PRKCB"
"M1"	"BioGrid"	"KIT"
"M1"	"BioGrid"	"NGFR"
"M1"	"BioGrid"	"NR5A2"
"M1"	"BioGrid"	"PPARGC1A"
"M1"	"BioGrid"	"AHNAK2"
"M1"	"BioGrid"	"RYR1"
"M1"	"BioGrid"	"FHL2"
"M1"	"BioGrid"	"EFEMP1"
"M1"	"BioGrid"	"TGFA"
"M1"	"BioGrid"	"RTN1"
"M1"	"BioGrid"	"NTRK2"
"M1"	"BioGrid"	"SORBS1"
"M1"	"BioGrid"	"PGR"
"M1"	"BioGrid"	"GFRA1"
"M1"	"BioGrid"	"HSPB8"
"M1"	"BioGrid"	"LDHB"
"M1"	"BioGrid"	"GLRB"
"M1"	"BioGrid"	"EMILIN1"
"M1"	"BioGrid"	"RND3"
"M1"	"BioGrid"	"NEGR1"
"M1"	"BioGrid"	"TNC"
"M1"	"BioGrid"	"PITX1"
"M1"	"BioGrid"	"TSPAN10"
"M1"	"BioGrid"	"ACP5"
"M1"	"BioGrid"	"HOXC4"
"M1"	"BioGrid"	"SSTR1"
"M1"	"BioGrid"	"OPRK1"
"M1"	"BioGrid"	"MEIS2"
"M1"	"BioGrid"	"FGF7"
"M1"	"BioGrid"	"HS3ST1"
"M1"	"BioGrid"	"SLC27A6"
"M1"	"BioGrid"	"ZP3"
"M1"	"BioGrid"	"LIN7A"
"M1"	"BioGrid"	"ATP2B4"
"M1"	"BioGrid"	"NRXN3"
"M1"	"BioGrid"	"MYH11"
"M1"	"BioGrid"	"CASQ2"
"M1"	"BioGrid"	"SYP"
"M1"	"BioGrid"	"GJA1"
"M1"	"BioGrid"	"PLN"
"M1"	"BioGrid"	"SYNM"
"M1"	"BioGrid"	"ANK2"
"M1"	"BioGrid"	"TTN"
"M1"	"BioGrid"	"MAP1A"
"M1"	"BioGrid"	"PYGM"
"M1"	"BioGrid"	"ASB2"
"M1"	"BioGrid"	"OVOL1"
"M1"	"BioGrid"	"HR"
"M1"	"BioGrid"	"MS4A2"
"M1"	"BioGrid"	"TWIST1"
"M1"	"BioGrid"	"PRDM6"
"M1"	"BioGrid"	"PTGDS"
"M1"	"BioGrid"	"SYNPO2"
"M1"	"BioGrid"	"FOXP2"
"M1"	"BioGrid"	"CHGB"
"M1"	"BioGrid"	"ACTC1"
"M1"	"BioGrid"	"RIPOR2"
"M1"	"BioGrid"	"CA12"
"M1"	"BioGrid"	"CELSR3"
"M1"	"BioGrid"	"NLGN1"
"M1"	"BioGrid"	"PRUNE2"
"M1"	"BioGrid"	"SNAI2"
"M1"	"BioGrid"	"PEG10"
"M1"	"BioGrid"	"LMO3"
"M1"	"BioGrid"	"ITPR1"
"M1"	"BioGrid"	"RSPO2"
"M1"	"BioGrid"	"STX19"
"M1"	"BioGrid"	"FOXJ1"
"M1"	"BioGrid"	"WFDC1"
"M1"	"BioGrid"	"RND2"
"M1"	"BioGrid"	"PTGER3"
"M1"	"BioGrid"	"CHRD"
"M1"	"BioGrid"	"TGFB3"
"M1"	"BioGrid"	"GNAO1"
"M1"	"BioGrid"	"ISL1"
"M1"	"BioGrid"	"HIST1H2BJ"
"M1"	"BioGrid"	"MSMB"
"M1"	"BioGrid"	"SGCA"
"M1"	"BioGrid"	"PPP1R3C"
"M1"	"BioGrid"	"ALDH2"
"M1"	"BioGrid"	"CCND2"
"M1"	"BioGrid"	"PDLIM5"
"M1"	"BioGrid"	"CES1"
"M1"	"BioGrid"	"SPOCK3"
"M1"	"BioGrid"	"FXYD6"
"M1"	"BioGrid"	"CCL21"
"M1"	"BioGrid"	"ENO3"
"M1"	"BioGrid"	"HOXD13"
"M1"	"BioGrid"	"RGS2"
"M1"	"BioGrid"	"CDO1"
"M1"	"BioGrid"	"HES4"
"M1"	"BioGrid"	"NPTX1"
"M1"	"BioGrid"	"SFRP1"
"M1"	"BioGrid"	"EFS"
"M1"	"BioGrid"	"SNCG"
"M1"	"BioGrid"	"HPGDS"
"M1"	"BioGrid"	"EYA1"
"M1"	"BioGrid"	"ALPL"
"M1"	"BioGrid"	"PTPRD"
"M1"	"BioGrid"	"HIST1H2AG"
"M1"	"BioGrid"	"GMNN"
"M1"	"BioGrid"	"CYP27A1"
"M1"	"BioGrid"	"HOXC6"
"M1"	"BioGrid"	"AGR3"
"M1"	"BioGrid"	"PAK3"
"M1"	"BioGrid"	"CSRP2"
"M1"	"BioGrid"	"OBSCN"
"M1"	"BioGrid"	"ZNF655"
"M1"	"BioGrid"	"NOVA1"
"M1"	"BioGrid"	"EFNA3"
"M1"	"BioGrid"	"EDA"
"M1"	"BioGrid"	"KCNB1"
"M1"	"BioGrid"	"TNFSF15"
"M1"	"BioGrid"	"S100A6"
"M1"	"BioGrid"	"C2orf88"
"M1"	"BioGrid"	"ADCY5"
"M1"	"BioGrid"	"ADCY2"
"M1"	"BioGrid"	"STK33"
"M1"	"BioGrid"	"MAP1B"
"M1"	"BioGrid"	"ADH1B"
"M1"	"BioGrid"	"DNAJC12"
"M1"	"BioGrid"	"SERPINF2"
"M1"	"BioGrid"	"FAT3"
"M1"	"BioGrid"	"EFNA5"
"M1"	"BioGrid"	"CLEC3B"
"M1"	"BioGrid"	"F12"
"M1"	"BioGrid"	"SCD"
"M1"	"BioGrid"	"TGFB2"
"M1"	"BioGrid"	"FMOD"
"M1"	"BioGrid"	"DPT"
"M1"	"BioGrid"	"NOV"
"M1"	"BioGrid"	"CXCL12"
"M1"	"BioGrid"	"ASB5"
"M1"	"BioGrid"	"PKP1"
"M1"	"BioGrid"	"STAC"
"M1"	"BioGrid"	"PLP1"
"M1"	"BioGrid"	"EDA2R"
"M1"	"BioGrid"	"COL4A6"
"M1"	"BioGrid"	"LSAMP"
"M1"	"BioGrid"	"PPP1R14A"
"M1"	"BioGrid"	"CYP4F12"
"M1"	"BioGrid"	"FST"
"M1"	"BioGrid"	"APOBEC3C"
"M1"	"BioGrid"	"TCEAL2"
"M1"	"BioGrid"	"MYLK"
"M1"	"BioGrid"	"ADRA2A"
"M1"	"BioGrid"	"SLC8A1"
"M1"	"BioGrid"	"MB"
"M1"	"BioGrid"	"LPL"
"M1"	"BioGrid"	"TFPI"
"M1"	"BioGrid"	"GNA15"
"M1"	"BioGrid"	"VIPR2"
"M1"	"BioGrid"	"KCNAB1"
"M1"	"BioGrid"	"SPEG"
"M1"	"BioGrid"	"NTRK3"
"M1"	"BioGrid"	"PTGIS"
"M1"	"BioGrid"	"TMEM35A"
"M1"	"BioGrid"	"PRR16"
"M1"	"BioGrid"	"FILIP1"
"M1"	"BioGrid"	"PNMA8A"
"M1"	"BioGrid"	"ATCAY"
"M1"	"BioGrid"	"NECAB1"
"M1"	"BioGrid"	"SH3RF2"
"M1"	"BioGrid"	"UBXN10"
"M1"	"BioGrid"	"CDCA7"
"M1"	"BioGrid"	"SIX2"
"M1"	"BioGrid"	"RASL12"
"M1"	"BioGrid"	"HSPB7"
"M1"	"BioGrid"	"LDB3"
"M1"	"BioGrid"	"EDNRB"
"M1"	"BioGrid"	"TPM2"
"M1"	"BioGrid"	"BCHE"
"M1"	"BioGrid"	"CNN1"
"M1"	"BioGrid"	"MYOCD"
"M1"	"BioGrid"	"BANK1"
"M1"	"BioGrid"	"FBXO27"
"M1"	"BioGrid"	"CHRDL2"
"M1"	"BioGrid"	"CCDC68"
"M1"	"BioGrid"	"GSTP1"
"M1"	"BioGrid"	"MMP10"
"M1"	"BioGrid"	"TPSAB1"
"M1"	"BioGrid"	"SCN8A"
"M1"	"BioGrid"	"GSTM2"
"M1"	"BioGrid"	"ADRA2C"
"M1"	"BioGrid"	"ADAMTSL3"
"M1"	"BioGrid"	"GPER1"
"M1"	"BioGrid"	"STXBP5L"
"M1"	"BioGrid"	"TCF21"
"M1"	"BioGrid"	"FOLH1"
"M1"	"BioGrid"	"NAV2"
"M1"	"BioGrid"	"ATP2A3"
"M1"	"BioGrid"	"MYO7A"
"M1"	"BioGrid"	"NID2"
"M1"	"BioGrid"	"PGM5"
"M1"	"BioGrid"	"DTNA"
"M1"	"BioGrid"	"CCNO"
"M1"	"BioGrid"	"TNNI1"
"M1"	"BioGrid"	"NECTIN3"
"M1"	"BioGrid"	"S100P"
"M1"	"BioGrid"	"AOC3"
"M1"	"BioGrid"	"CKMT2"
"M1"	"BioGrid"	"RRAD"
"M1"	"BioGrid"	"ST6GAL1"
"M1"	"BioGrid"	"CACNA1H"
"M1"	"BioGrid"	"TPSB2"
"M1"	"BioGrid"	"GPM6A"
"M1"	"BioGrid"	"NEB"
"M1"	"BioGrid"	"KCNK3"
"M1"	"BioGrid"	"ATOH8"
"M1"	"BioGrid"	"SV2B"
"M1"	"BioGrid"	"GPX3"
"M1"	"BioGrid"	"PTGS1"
"M1"	"BioGrid"	"MAOB"
"M1"	"BioGrid"	"FAIM2"
"M1"	"BioGrid"	"AKR1C1"
"M1"	"BioGrid"	"AOX1"
"M1"	"BioGrid"	"ORM2"
"M1"	"BioGrid"	"FBXL16"
"M1"	"BioGrid"	"SEPT3"
"M1"	"BioGrid"	"ATRNL1"
"M1"	"BioGrid"	"TWIST2"
"M1"	"BioGrid"	"SERPINF1"
"M1"	"BioGrid"	"AQP11"
"M1"	"BioGrid"	"HIST3H2BB"
"M1"	"BioGrid"	"NBL1"
"M1"	"BioGrid"	"GSTM5"
"M1"	"BioGrid"	"CX3CL1"
"M1"	"BioGrid"	"SMOC1"
"M1"	"BioGrid"	"PCDH9"
"M1"	"BioGrid"	"DAAM2"
"M1"	"BioGrid"	"HIST3H2A"
"M1"	"BioGrid"	"KLK15"
"M1"	"BioGrid"	"SARDH"
"M1"	"BioGrid"	"DNAJC15"
"M1"	"BioGrid"	"PPP1R1B"
"M1"	"BioGrid"	"PPP1R12B"
"M1"	"BioGrid"	"FBXO17"
"M1"	"BioGrid"	"RELN"
"M1"	"BioGrid"	"CLDN7"
"M1"	"BioGrid"	"CLDN8"
"M1"	"BioGrid"	"MN1"
"M1"	"BioGrid"	"CPNE7"
"M1"	"BioGrid"	"C5orf30"
"M1"	"BioGrid"	"RSPO3"
"M1"	"BioGrid"	"STAC3"
"M1"	"BioGrid"	"RSPH1"
"M1"	"BioGrid"	"SCRG1"
"M1"	"BioGrid"	"APLN"
"M1"	"BioGrid"	"SSPO"
"M1"	"BioGrid"	"ARMCX1"
"M1"	"BioGrid"	"ABO"
"M1"	"BioGrid"	"ABCC4"
"M1"	"BioGrid"	"B3GALT2"
"M1"	"BioGrid"	"KCTD14"
"M1"	"BioGrid"	"FADS1"
"M1"	"BioGrid"	"CSPG5"
"M1"	"HPRD"	"SLC2A4"
"M1"	"HPRD"	"NTN1"
"M1"	"HPRD"	"FABP3"
"M1"	"HPRD"	"ROR2"
"M1"	"HPRD"	"DAB1"
"M1"	"HPRD"	"FAM107A"
"M1"	"HPRD"	"SPON1"
"M1"	"HPRD"	"FLNA"
"M1"	"HPRD"	"CRYAB"
"M1"	"HPRD"	"SIM2"
"M1"	"HPRD"	"KCNMB1"
"M1"	"HPRD"	"UCHL1"
"M1"	"HPRD"	"LGALS3BP"
"M1"	"HPRD"	"NCAM1"
"M1"	"HPRD"	"CNTN1"
"M1"	"HPRD"	"SPARCL1"
"M1"	"HPRD"	"RBP1"
"M1"	"HPRD"	"CBR3"
"M1"	"HPRD"	"ACTA2"
"M1"	"HPRD"	"LGALS3"
"M1"	"HPRD"	"MASP1"
"M1"	"HPRD"	"PTN"
"M1"	"HPRD"	"CAV1"
"M1"	"HPRD"	"NEU1"
"M1"	"HPRD"	"ANXA1"
"M1"	"HPRD"	"ITGA5"
"M1"	"HPRD"	"KCNMA1"
"M1"	"HPRD"	"TUBB2A"
"M1"	"HPRD"	"PYGL"
"M1"	"HPRD"	"FLNC"
"M1"	"HPRD"	"BMP7"
"M1"	"HPRD"	"F2RL3"
"M1"	"HPRD"	"FHL1"
"M1"	"HPRD"	"PHYHIP"
"M1"	"HPRD"	"DMD"
"M1"	"HPRD"	"TAGLN"
"M1"	"HPRD"	"DES"
"M1"	"HPRD"	"HDAC9"
"M1"	"HPRD"	"NRXN1"
"M1"	"HPRD"	"PRKCB"
"M1"	"HPRD"	"KIT"
"M1"	"HPRD"	"NGFR"
"M1"	"HPRD"	"NR5A2"
"M1"	"HPRD"	"PPARGC1A"
"M1"	"HPRD"	"RYR1"
"M1"	"HPRD"	"FHL2"
"M1"	"HPRD"	"NELL1"
"M1"	"HPRD"	"NELL2"
"M1"	"HPRD"	"TGFA"
"M1"	"HPRD"	"RTN1"
"M1"	"HPRD"	"NTRK2"
"M1"	"HPRD"	"SORBS1"
"M1"	"HPRD"	"PGR"
"M1"	"HPRD"	"GFRA1"
"M1"	"HPRD"	"HSPB6"
"M1"	"HPRD"	"HSPB8"
"M1"	"HPRD"	"LDHB"
"M1"	"HPRD"	"EMILIN1"
"M1"	"HPRD"	"RND3"
"M1"	"HPRD"	"TNC"
"M1"	"HPRD"	"PITX1"
"M1"	"HPRD"	"BAMBI"
"M1"	"HPRD"	"ACP5"
"M1"	"HPRD"	"SSTR1"
"M1"	"HPRD"	"OPRK1"
"M1"	"HPRD"	"FGF7"
"M1"	"HPRD"	"SEMA3A"
"M1"	"HPRD"	"SEMA3C"
"M1"	"HPRD"	"SLC27A6"
"M1"	"HPRD"	"LIN7A"
"M1"	"HPRD"	"ATP2B4"
"M1"	"HPRD"	"CASKIN1"
"M1"	"HPRD"	"NRXN3"
"M1"	"HPRD"	"SYP"
"M1"	"HPRD"	"DKK3"
"M1"	"HPRD"	"PLN"
"M1"	"HPRD"	"ACTG2"
"M1"	"HPRD"	"SYNM"
"M1"	"HPRD"	"ANK2"
"M1"	"HPRD"	"MAP1A"
"M1"	"HPRD"	"PYGM"
"M1"	"HPRD"	"ASB2"
"M1"	"HPRD"	"HIST1H2BC"
"M1"	"HPRD"	"HR"
"M1"	"HPRD"	"MS4A2"
"M1"	"HPRD"	"TWIST1"
"M1"	"HPRD"	"PTGDS"
"M1"	"HPRD"	"CHGB"
"M1"	"HPRD"	"ACTC1"
"M1"	"HPRD"	"CA12"
"M1"	"HPRD"	"CELSR3"
"M1"	"HPRD"	"NLGN1"
"M1"	"HPRD"	"PEG10"
"M1"	"HPRD"	"LMO3"
"M1"	"HPRD"	"TGFB3"
"M1"	"HPRD"	"GNAO1"
"M1"	"HPRD"	"ISL1"
"M1"	"HPRD"	"HIST1H2BJ"
"M1"	"HPRD"	"SGCA"
"M1"	"HPRD"	"ALDH2"
"M1"	"HPRD"	"CCND2"
"M1"	"HPRD"	"CES1"
"M1"	"HPRD"	"SPOCK3"
"M1"	"HPRD"	"FXYD6"
"M1"	"HPRD"	"CCL21"
"M1"	"HPRD"	"RGS2"
"M1"	"HPRD"	"NPTX1"
"M1"	"HPRD"	"JAKMIP1"
"M1"	"HPRD"	"SFRP1"
"M1"	"HPRD"	"EFS"
"M1"	"HPRD"	"SNCG"
"M1"	"HPRD"	"AK5"
"M1"	"HPRD"	"HPGDS"
"M1"	"HPRD"	"EYA1"
"M1"	"HPRD"	"ALPL"
"M1"	"HPRD"	"MYOM1"
"M1"	"HPRD"	"PTPRD"
"M1"	"HPRD"	"KSR2"
"M1"	"HPRD"	"HIST1H2AG"
"M1"	"HPRD"	"GMNN"
"M1"	"HPRD"	"AGR3"
"M1"	"HPRD"	"PAK3"
"M1"	"HPRD"	"CSRP2"
"M1"	"HPRD"	"ZNF655"
"M1"	"HPRD"	"NOVA1"
"M1"	"HPRD"	"EFNA3"
"M1"	"HPRD"	"EDA"
"M1"	"HPRD"	"KCNB1"
"M1"	"HPRD"	"CMYA5"
"M1"	"HPRD"	"TNFSF15"
"M1"	"HPRD"	"PLTP"
"M1"	"HPRD"	"S100A6"
"M1"	"HPRD"	"ADCY5"
"M1"	"HPRD"	"COL23A1"
"M1"	"HPRD"	"MAP1B"
"M1"	"HPRD"	"ANGPTL1"
"M1"	"HPRD"	"SERPINF2"
"M1"	"HPRD"	"EFNA5"
"M1"	"HPRD"	"CFD"
"M1"	"HPRD"	"CLEC3B"
"M1"	"HPRD"	"C7"
"M1"	"HPRD"	"SERPINI1"
"M1"	"HPRD"	"F12"
"M1"	"HPRD"	"PKNOX2"
"M1"	"HPRD"	"CPM"
"M1"	"HPRD"	"TGFB2"
"M1"	"HPRD"	"FMOD"
"M1"	"HPRD"	"DPT"
"M1"	"HPRD"	"AVPR1A"
"M1"	"HPRD"	"NOV"
"M1"	"HPRD"	"CXCL12"
"M1"	"HPRD"	"PKP1"
"M1"	"HPRD"	"PLP1"
"M1"	"HPRD"	"FBN2"
"M1"	"HPRD"	"COL4A6"
"M1"	"HPRD"	"SOX8"
"M1"	"HPRD"	"LSAMP"
"M1"	"HPRD"	"PPP1R14A"
"M1"	"HPRD"	"FST"
"M1"	"HPRD"	"APOBEC3C"
"M1"	"HPRD"	"MYLK"
"M1"	"HPRD"	"ADRA2A"
"M1"	"HPRD"	"SLC8A1"
"M1"	"HPRD"	"LPL"
"M1"	"HPRD"	"TFPI"
"M1"	"HPRD"	"VIPR2"
"M1"	"HPRD"	"KCNAB1"
"M1"	"HPRD"	"NTRK3"
"M1"	"HPRD"	"SIX2"
"M1"	"HPRD"	"RASL12"
"M1"	"HPRD"	"LDB3"
"M1"	"HPRD"	"EDNRB"
"M1"	"HPRD"	"TPM2"
"M1"	"HPRD"	"BCHE"
"M1"	"HPRD"	"CNN1"
"M1"	"HPRD"	"MYOCD"
"M1"	"HPRD"	"BANK1"
"M1"	"HPRD"	"CHRDL2"
"M1"	"HPRD"	"PDK4"
"M1"	"HPRD"	"ANGPT1"
"M1"	"HPRD"	"HPN"
"M1"	"HPRD"	"GSTP1"
"M1"	"HPRD"	"MMP10"
"M1"	"HPRD"	"TPSAB1"
"M1"	"HPRD"	"SCN8A"
"M1"	"HPRD"	"GSTM2"
"M1"	"HPRD"	"ADRA2C"
"M1"	"HPRD"	"ACKR1"
"M1"	"HPRD"	"TCF21"
"M1"	"HPRD"	"NAV2"
"M1"	"HPRD"	"MYO7A"
"M1"	"HPRD"	"NID2"
"M1"	"HPRD"	"PGM5"
"M1"	"HPRD"	"DTNA"
"M1"	"HPRD"	"CCNO"
"M1"	"HPRD"	"MMRN1"
"M1"	"HPRD"	"GREM2"
"M1"	"HPRD"	"BMP8B"
"M1"	"HPRD"	"CHRDL1"
"M1"	"HPRD"	"ID4"
"M1"	"HPRD"	"NOX1"
"M1"	"HPRD"	"TNNI1"
"M1"	"HPRD"	"NECTIN3"
"M1"	"HPRD"	"S100P"
"M1"	"HPRD"	"AOC3"
"M1"	"HPRD"	"CKMT2"
"M1"	"HPRD"	"RRAD"
"M1"	"HPRD"	"ST6GAL1"
"M1"	"HPRD"	"CACNA1H"
"M1"	"HPRD"	"TPSB2"
"M1"	"HPRD"	"TNS1"
"M1"	"HPRD"	"GDF7"
"M1"	"HPRD"	"KCNK3"
"M1"	"HPRD"	"SV2B"
"M1"	"HPRD"	"PRIMA1"
"M1"	"HPRD"	"PKIB"
"M1"	"HPRD"	"PTGS1"
"M1"	"HPRD"	"NRK"
"M1"	"HPRD"	"MAOB"
"M1"	"HPRD"	"FAIM2"
"M1"	"HPRD"	"AKR1C1"
"M1"	"HPRD"	"HIF3A"
"M1"	"HPRD"	"ATRNL1"
"M1"	"HPRD"	"SLIT1"
"M1"	"HPRD"	"ADAMTS5"
"M1"	"HPRD"	"TWIST2"
"M1"	"HPRD"	"PDE5A"
"M1"	"HPRD"	"PDE10A"
"M1"	"HPRD"	"NBL1"
"M1"	"HPRD"	"CX3CL1"
"M1"	"HPRD"	"MZB1"
"M1"	"HPRD"	"DLX1"
"M1"	"HPRD"	"JPH2"
"M1"	"HPRD"	"LMOD1"
"M1"	"HPRD"	"PPP1R1B"
"M1"	"HPRD"	"PCP4"
"M1"	"HPRD"	"FBXO17"
"M1"	"HPRD"	"NEXN"
"M1"	"HPRD"	"RELN"
"M1"	"HPRD"	"HES6"
"M1"	"HPRD"	"CLDN7"
"M1"	"HPRD"	"CLDN8"
"M1"	"HPRD"	"HOXB3"
"M1"	"HPRD"	"CPNE7"
"M1"	"HPRD"	"TENM3"
"M1"	"HPRD"	"GAS1"
"M1"	"HPRD"	"SLC7A11"
"M1"	"HPRD"	"EYA4"
"M1"	"HPRD"	"STAC3"
"M1"	"HPRD"	"SSPO"
"M1"	"HPRD"	"CSPG5"
"M1"	"HPRD"	"IGFBP6"
"M1"	"IntAct_Fly"	"NTN1"
"M1"	"IntAct_Fly"	"FLNA"
"M1"	"IntAct_Fly"	"NCAM1"
"M1"	"IntAct_Fly"	"SPARCL1"
"M1"	"IntAct_Fly"	"BMP7"
"M1"	"IntAct_Fly"	"DMD"
"M1"	"IntAct_Fly"	"NEGR1"
"M1"	"IntAct_Fly"	"SEMA3A"
"M1"	"IntAct_Fly"	"PYGM"
"M1"	"IntAct_Fly"	"CHRD"
"M1"	"IntAct_Fly"	"ALDH2"
"M1"	"IntAct_Fly"	"PTPRD"
"M1"	"IntAct_Fly"	"FAT4"
"M1"	"IntAct_Fly"	"HIST1H2AG"
"M1"	"IntAct_Fly"	"CSRP2"
"M1"	"IntAct_Fly"	"PDE5A"
"M1"	"IntAct_Fly"	"SPON2"
"M1"	"IntAct"	"SLC2A4"
"M1"	"IntAct"	"FABP3"
"M1"	"IntAct"	"ROR2"
"M1"	"IntAct"	"DAB1"
"M1"	"IntAct"	"FAM107A"
"M1"	"IntAct"	"TMEM100"
"M1"	"IntAct"	"FLNA"
"M1"	"IntAct"	"HIST1H1C"
"M1"	"IntAct"	"CRYAB"
"M1"	"IntAct"	"SIM2"
"M1"	"IntAct"	"KCNMB1"
"M1"	"IntAct"	"UCHL1"
"M1"	"IntAct"	"LGALS3BP"
"M1"	"IntAct"	"TUBB2B"
"M1"	"IntAct"	"CLU"
"M1"	"IntAct"	"CNTN1"
"M1"	"IntAct"	"SPARCL1"
"M1"	"IntAct"	"CBR3"
"M1"	"IntAct"	"ACTA2"
"M1"	"IntAct"	"LGALS3"
"M1"	"IntAct"	"MASP1"
"M1"	"IntAct"	"PTN"
"M1"	"IntAct"	"CAV1"
"M1"	"IntAct"	"NEU1"
"M1"	"IntAct"	"NKD1"
"M1"	"IntAct"	"ANXA1"
"M1"	"IntAct"	"ITGA5"
"M1"	"IntAct"	"TUBB2A"
"M1"	"IntAct"	"IGSF21"
"M1"	"IntAct"	"PYGL"
"M1"	"IntAct"	"FLNC"
"M1"	"IntAct"	"BMP7"
"M1"	"IntAct"	"FHL1"
"M1"	"IntAct"	"HSD11B1"
"M1"	"IntAct"	"PHYHIP"
"M1"	"IntAct"	"DMD"
"M1"	"IntAct"	"TAGLN"
"M1"	"IntAct"	"DES"
"M1"	"IntAct"	"HDAC9"
"M1"	"IntAct"	"PRKCB"
"M1"	"IntAct"	"KIT"
"M1"	"IntAct"	"NGFR"
"M1"	"IntAct"	"NR5A2"
"M1"	"IntAct"	"PPARGC1A"
"M1"	"IntAct"	"RYR1"
"M1"	"IntAct"	"FHL2"
"M1"	"IntAct"	"EFEMP1"
"M1"	"IntAct"	"NELL1"
"M1"	"IntAct"	"NELL2"
"M1"	"IntAct"	"TGFA"
"M1"	"IntAct"	"NTRK2"
"M1"	"IntAct"	"SORBS1"
"M1"	"IntAct"	"PGR"
"M1"	"IntAct"	"PTPRT"
"M1"	"IntAct"	"GFRA1"
"M1"	"IntAct"	"HSPB6"
"M1"	"IntAct"	"HSPB8"
"M1"	"IntAct"	"LDHB"
"M1"	"IntAct"	"EMILIN1"
"M1"	"IntAct"	"RND3"
"M1"	"IntAct"	"NEGR1"
"M1"	"IntAct"	"PITX1"
"M1"	"IntAct"	"VANGL2"
"M1"	"IntAct"	"BAMBI"
"M1"	"IntAct"	"ACP5"
"M1"	"IntAct"	"HOXC4"
"M1"	"IntAct"	"OPRK1"
"M1"	"IntAct"	"CAPN6"
"M1"	"IntAct"	"MEIS2"
"M1"	"IntAct"	"FGF7"
"M1"	"IntAct"	"LIN7A"
"M1"	"IntAct"	"CASKIN1"
"M1"	"IntAct"	"MYH11"
"M1"	"IntAct"	"CASQ2"
"M1"	"IntAct"	"GJA1"
"M1"	"IntAct"	"DKK3"
"M1"	"IntAct"	"PLN"
"M1"	"IntAct"	"SYNM"
"M1"	"IntAct"	"ANK2"
"M1"	"IntAct"	"TTN"
"M1"	"IntAct"	"MAP1A"
"M1"	"IntAct"	"PYGM"
"M1"	"IntAct"	"ASB2"
"M1"	"IntAct"	"HIST1H2BC"
"M1"	"IntAct"	"OVOL1"
"M1"	"IntAct"	"TWIST1"
"M1"	"IntAct"	"PTGDS"
"M1"	"IntAct"	"SYNPO2"
"M1"	"IntAct"	"FOXP2"
"M1"	"IntAct"	"CHGB"
"M1"	"IntAct"	"ACTC1"
"M1"	"IntAct"	"RIPOR2"
"M1"	"IntAct"	"CA12"
"M1"	"IntAct"	"CELSR3"
"M1"	"IntAct"	"VILL"
"M1"	"IntAct"	"FLRT2"
"M1"	"IntAct"	"NLGN1"
"M1"	"IntAct"	"PRUNE2"
"M1"	"IntAct"	"SNAI2"
"M1"	"IntAct"	"PEG10"
"M1"	"IntAct"	"LMO3"
"M1"	"IntAct"	"ITPR1"
"M1"	"IntAct"	"RSPO2"
"M1"	"IntAct"	"STX19"
"M1"	"IntAct"	"FOXJ1"
"M1"	"IntAct"	"MYH3"
"M1"	"IntAct"	"WFDC1"
"M1"	"IntAct"	"CHRD"
"M1"	"IntAct"	"TGFB3"
"M1"	"IntAct"	"GNAO1"
"M1"	"IntAct"	"ISL1"
"M1"	"IntAct"	"SGCA"
"M1"	"IntAct"	"PPP1R3C"
"M1"	"IntAct"	"ALDH2"
"M1"	"IntAct"	"CCND2"
"M1"	"IntAct"	"PDLIM5"
"M1"	"IntAct"	"CES1"
"M1"	"IntAct"	"SPOCK3"
"M1"	"IntAct"	"FXYD6"
"M1"	"IntAct"	"CCL21"
"M1"	"IntAct"	"ENO3"
"M1"	"IntAct"	"RGS2"
"M1"	"IntAct"	"HES4"
"M1"	"IntAct"	"JAKMIP1"
"M1"	"IntAct"	"SFRP1"
"M1"	"IntAct"	"EFS"
"M1"	"IntAct"	"SNCG"
"M1"	"IntAct"	"AK5"
"M1"	"IntAct"	"HPGDS"
"M1"	"IntAct"	"ALPL"
"M1"	"IntAct"	"MYOM1"
"M1"	"IntAct"	"PTPRD"
"M1"	"IntAct"	"KSR2"
"M1"	"IntAct"	"SDK1"
"M1"	"IntAct"	"FAT4"
"M1"	"IntAct"	"HIST1H2AG"
"M1"	"IntAct"	"GMNN"
"M1"	"IntAct"	"CYP27A1"
"M1"	"IntAct"	"HOXC6"
"M1"	"IntAct"	"AGR3"
"M1"	"IntAct"	"PAK3"
"M1"	"IntAct"	"SLC36A1"
"M1"	"IntAct"	"OBSCN"
"M1"	"IntAct"	"ZNF655"
"M1"	"IntAct"	"MYOM2"
"M1"	"IntAct"	"NOVA1"
"M1"	"IntAct"	"EFNA3"
"M1"	"IntAct"	"EDA"
"M1"	"IntAct"	"CMYA5"
"M1"	"IntAct"	"S100A6"
"M1"	"IntAct"	"C2orf88"
"M1"	"IntAct"	"ADCY2"
"M1"	"IntAct"	"STK33"
"M1"	"IntAct"	"COL23A1"
"M1"	"IntAct"	"MAP1B"
"M1"	"IntAct"	"ADH1B"
"M1"	"IntAct"	"DNAJC12"
"M1"	"IntAct"	"SERPINF2"
"M1"	"IntAct"	"EFNA5"
"M1"	"IntAct"	"ASRGL1"
"M1"	"IntAct"	"CLEC3B"
"M1"	"IntAct"	"DISP3"
"M1"	"IntAct"	"F12"
"M1"	"IntAct"	"PKNOX2"
"M1"	"IntAct"	"SCD"
"M1"	"IntAct"	"CXCL12"
"M1"	"IntAct"	"COCH"
"M1"	"IntAct"	"PKP1"
"M1"	"IntAct"	"STAC"
"M1"	"IntAct"	"PLP1"
"M1"	"IntAct"	"EDA2R"
"M1"	"IntAct"	"FBN2"
"M1"	"IntAct"	"SOX8"
"M1"	"IntAct"	"LSAMP"
"M1"	"IntAct"	"PPP1R14A"
"M1"	"IntAct"	"FST"
"M1"	"IntAct"	"APOBEC3C"
"M1"	"IntAct"	"TCEAL2"
"M1"	"IntAct"	"MYLK"
"M1"	"IntAct"	"BVES"
"M1"	"IntAct"	"SRMS"
"M1"	"IntAct"	"ADRA2A"
"M1"	"IntAct"	"LPL"
"M1"	"IntAct"	"GNA15"
"M1"	"IntAct"	"VIPR2"
"M1"	"IntAct"	"SPEG"
"M1"	"IntAct"	"NTRK3"
"M1"	"IntAct"	"PRR16"
"M1"	"IntAct"	"ATCAY"
"M1"	"IntAct"	"SH3RF2"
"M1"	"IntAct"	"UBXN10"
"M1"	"IntAct"	"CDCA7"
"M1"	"IntAct"	"HSPB7"
"M1"	"IntAct"	"EDNRB"
"M1"	"IntAct"	"TPM2"
"M1"	"IntAct"	"BCHE"
"M1"	"IntAct"	"MYOCD"
"M1"	"IntAct"	"RGS11"
"M1"	"IntAct"	"FBXO27"
"M1"	"IntAct"	"ANGPT1"
"M1"	"IntAct"	"ANKRD35"
"M1"	"IntAct"	"SLC2A5"
"M1"	"IntAct"	"CCDC68"
"M1"	"IntAct"	"GSTP1"
"M1"	"IntAct"	"TPSAB1"
"M1"	"IntAct"	"SCN8A"
"M1"	"IntAct"	"ADAMTSL3"
"M1"	"IntAct"	"TCF21"
"M1"	"IntAct"	"FOLH1"
"M1"	"IntAct"	"NAV2"
"M1"	"IntAct"	"ATP2A3"
"M1"	"IntAct"	"NID2"
"M1"	"IntAct"	"DTNA"
"M1"	"IntAct"	"CCNO"
"M1"	"IntAct"	"CHRDL1"
"M1"	"IntAct"	"OGN"
"M1"	"IntAct"	"ID4"
"M1"	"IntAct"	"TNNI1"
"M1"	"IntAct"	"NECTIN3"
"M1"	"IntAct"	"S100P"
"M1"	"IntAct"	"AOC3"
"M1"	"IntAct"	"CKMT2"
"M1"	"IntAct"	"RRAD"
"M1"	"IntAct"	"MSRB3"
"M1"	"IntAct"	"CACNA1H"
"M1"	"IntAct"	"TPSB2"
"M1"	"IntAct"	"GPM6A"
"M1"	"IntAct"	"GPR158"
"M1"	"IntAct"	"TNS1"
"M1"	"IntAct"	"NEB"
"M1"	"IntAct"	"KCNK3"
"M1"	"IntAct"	"RHOU"
"M1"	"IntAct"	"ATOH8"
"M1"	"IntAct"	"PKIB"
"M1"	"IntAct"	"MAOB"
"M1"	"IntAct"	"FAIM2"
"M1"	"IntAct"	"AKR1C1"
"M1"	"IntAct"	"AOX1"
"M1"	"IntAct"	"ORM2"
"M1"	"IntAct"	"FBXL16"
"M1"	"IntAct"	"SEPT3"
"M1"	"IntAct"	"SLIT1"
"M1"	"IntAct"	"MYL9"
"M1"	"IntAct"	"PDLIM3"
"M1"	"IntAct"	"ADAMTS5"
"M1"	"IntAct"	"TWIST2"
"M1"	"IntAct"	"SERPINF1"
"M1"	"IntAct"	"PDE10A"
"M1"	"IntAct"	"NBL1"
"M1"	"IntAct"	"GSTM5"
"M1"	"IntAct"	"VSTM2L"
"M1"	"IntAct"	"MZB1"
"M1"	"IntAct"	"DAAM2"
"M1"	"IntAct"	"KLK15"
"M1"	"IntAct"	"MYOF"
"M1"	"IntAct"	"NEXN"
"M1"	"IntAct"	"RPL39L"
"M1"	"IntAct"	"CLDN8"
"M1"	"IntAct"	"CPNE7"
"M1"	"IntAct"	"C5orf30"
"M1"	"IntAct"	"TENM3"
"M1"	"IntAct"	"RSPO3"
"M1"	"IntAct"	"STAC3"
"M1"	"IntAct"	"PCDH10"
"M1"	"IntAct"	"GALM"
"M1"	"IntAct"	"SCRG1"
"M1"	"IntAct"	"PLEKHS1"
"M1"	"IntAct"	"SNX22"
"M1"	"IntAct"	"APLN"
"M1"	"IntAct"	"ARMCX1"
"M1"	"IntAct"	"IL17RE"
"M1"	"IntAct"	"ABO"
"M1"	"IntAct"	"B3GALT2"
"M1"	"IntAct"	"KCTD14"
"M1"	"IntAct"	"IGFBP6"
"M1"	"IntAct"	"ADAM33"
"M1"	"IntAct"	"NUDT10"
"M1"	"IntAct"	"RBM24"
"M1"	"IntAct"	"CYP1B1"
"M1"	"IntAct"	"CYP4F8"
"M1"	"IntAct"	"CORO6"
"M1"	"IntAct"	"TBL1Y"
"M1"	"IntAct"	"SEMA3E"
"M1"	"IntAct"	"FZD10"
"M1"	"BioGrid_Fly"	"NTN1"
"M1"	"BioGrid_Fly"	"SPON1"
"M1"	"BioGrid_Fly"	"FLNA"
"M1"	"BioGrid_Fly"	"CRYAB"
"M1"	"BioGrid_Fly"	"TUBB2B"
"M1"	"BioGrid_Fly"	"NCAM1"
"M1"	"BioGrid_Fly"	"SPARCL1"
"M1"	"BioGrid_Fly"	"BMP7"
"M1"	"BioGrid_Fly"	"DMD"
"M1"	"BioGrid_Fly"	"NEGR1"
"M1"	"BioGrid_Fly"	"SEMA3A"
"M1"	"BioGrid_Fly"	"ACTG2"
"M1"	"BioGrid_Fly"	"PYGM"
"M1"	"BioGrid_Fly"	"ITPR1"
"M1"	"BioGrid_Fly"	"CHRD"
"M1"	"BioGrid_Fly"	"GNAO1"
"M1"	"BioGrid_Fly"	"ISL1"
"M1"	"BioGrid_Fly"	"ALDH2"
"M1"	"BioGrid_Fly"	"CCND2"
"M1"	"BioGrid_Fly"	"HPGDS"
"M1"	"BioGrid_Fly"	"ALPL"
"M1"	"BioGrid_Fly"	"PTPRD"
"M1"	"BioGrid_Fly"	"FAT4"
"M1"	"BioGrid_Fly"	"NUDT8"
"M1"	"BioGrid_Fly"	"HIST1H2AG"
"M1"	"BioGrid_Fly"	"CYP27A1"
"M1"	"BioGrid_Fly"	"CSRP2"
"M1"	"BioGrid_Fly"	"ADCY5"
"M1"	"BioGrid_Fly"	"DNAJC12"
"M1"	"BioGrid_Fly"	"LSAMP"
"M1"	"BioGrid_Fly"	"SPON2"
"M1"	"DIP_Fly"	"SPON1"
"M1"	"DIP_Fly"	"FLNA"
"M1"	"DIP_Fly"	"CRYAB"
"M1"	"DIP_Fly"	"SPARCL1"
"M1"	"DIP_Fly"	"NEGR1"
"M1"	"DIP_Fly"	"SEMA3A"
"M1"	"DIP_Fly"	"ACTG2"
"M1"	"DIP_Fly"	"GNAO1"
"M1"	"DIP_Fly"	"CCND2"
"M1"	"DIP_Fly"	"PTPRD"
"M1"	"DIP_Fly"	"FAT4"
"M1"	"DIP_Fly"	"HIST1H2AG"
"M1"	"DIP_Fly"	"CYP27A1"
"M1"	"DIP_Fly"	"CSRP2"
"M1"	"DIP_Fly"	"DNAJC22"
"M1"	"DIP_Fly"	"SPON2"
"M1"	"DIP_Mouse"	"DAB1"
"M1"	"DIP_Mouse"	"HIST1H1C"
"M1"	"DIP_Mouse"	"KCNMB1"
"M1"	"DIP_Mouse"	"CAV1"
"M1"	"DIP_Mouse"	"F2RL3"
"M1"	"DIP_Mouse"	"DMD"
"M1"	"DIP_Mouse"	"NTRK2"
"M1"	"DIP_Mouse"	"SEMA3A"
"M1"	"DIP_Mouse"	"GJA1"
"M1"	"DIP_Mouse"	"ITPR1"
"M1"	"DIP_Mouse"	"CCND2"
"M1"	"DIP_Mouse"	"BVES"
"M1"	"DIP_Mouse"	"MYOCD"
"M1"	"DIP_Mouse"	"GREM2"
"M1"	"DIP_Mouse"	"NECTIN3"
"M1"	"DIP_Mouse"	"ATP1A2"
"M1"	"IntAct_Mouse"	"SLC2A4"
"M1"	"IntAct_Mouse"	"NTN1"
"M1"	"IntAct_Mouse"	"DAB1"
"M1"	"IntAct_Mouse"	"FLNA"
"M1"	"IntAct_Mouse"	"CRYAB"
"M1"	"IntAct_Mouse"	"UCHL1"
"M1"	"IntAct_Mouse"	"CLU"
"M1"	"IntAct_Mouse"	"NCAM1"
"M1"	"IntAct_Mouse"	"CACNA2D1"
"M1"	"IntAct_Mouse"	"CNTN1"
"M1"	"IntAct_Mouse"	"SPARCL1"
"M1"	"IntAct_Mouse"	"ACTA2"
"M1"	"IntAct_Mouse"	"CAV1"
"M1"	"IntAct_Mouse"	"NKD1"
"M1"	"IntAct_Mouse"	"ITGA5"
"M1"	"IntAct_Mouse"	"KCNMA1"
"M1"	"IntAct_Mouse"	"F2RL3"
"M1"	"IntAct_Mouse"	"HSD11B1"
"M1"	"IntAct_Mouse"	"DMD"
"M1"	"IntAct_Mouse"	"DES"
"M1"	"IntAct_Mouse"	"HDAC9"
"M1"	"IntAct_Mouse"	"NRXN1"
"M1"	"IntAct_Mouse"	"PRKCB"
"M1"	"IntAct_Mouse"	"PPARGC1A"
"M1"	"IntAct_Mouse"	"RYR1"
"M1"	"IntAct_Mouse"	"FHL2"
"M1"	"IntAct_Mouse"	"TGFA"
"M1"	"IntAct_Mouse"	"NTRK2"
"M1"	"IntAct_Mouse"	"HSPB8"
"M1"	"IntAct_Mouse"	"GLRB"
"M1"	"IntAct_Mouse"	"RND3"
"M1"	"IntAct_Mouse"	"VANGL2"
"M1"	"IntAct_Mouse"	"SSTR1"
"M1"	"IntAct_Mouse"	"SYP"
"M1"	"IntAct_Mouse"	"GJA1"
"M1"	"IntAct_Mouse"	"MAP1A"
"M1"	"IntAct_Mouse"	"ACTC1"
"M1"	"IntAct_Mouse"	"ITPR1"
"M1"	"IntAct_Mouse"	"GNAO1"
"M1"	"IntAct_Mouse"	"ISL1"
"M1"	"IntAct_Mouse"	"CCND2"
"M1"	"IntAct_Mouse"	"RGS2"
"M1"	"IntAct_Mouse"	"EYA1"
"M1"	"IntAct_Mouse"	"GMNN"
"M1"	"IntAct_Mouse"	"SLC36A1"
"M1"	"IntAct_Mouse"	"KCNB1"
"M1"	"IntAct_Mouse"	"S100A6"
"M1"	"IntAct_Mouse"	"MAP1B"
"M1"	"IntAct_Mouse"	"EFNA5"
"M1"	"IntAct_Mouse"	"SLC8A1"
"M1"	"IntAct_Mouse"	"BANK1"
"M1"	"IntAct_Mouse"	"MYO7A"
"M1"	"IntAct_Mouse"	"DTNA"
"M1"	"IntAct_Mouse"	"ID4"
"M1"	"IntAct_Mouse"	"MYOF"
"M1"	"IntAct_Mouse"	"CLDN7"
"M1"	"IntAct_Mouse"	"CLDN8"
"M1"	"IntAct_Mouse"	"IL17RE"
"M1"	"IntAct_Rat"	"SLC2A4"
"M1"	"IntAct_Rat"	"CLU"
"M1"	"IntAct_Rat"	"KCNMA1"
"M1"	"IntAct_Rat"	"FLNC"
"M1"	"IntAct_Rat"	"DES"
"M1"	"IntAct_Rat"	"NGFR"
"M1"	"IntAct_Rat"	"FHL2"
"M1"	"IntAct_Rat"	"NTRK2"
"M1"	"IntAct_Rat"	"VANGL2"
"M1"	"IntAct_Rat"	"ATP2B4"
"M1"	"IntAct_Rat"	"SYP"
"M1"	"IntAct_Rat"	"GJA1"
"M1"	"IntAct_Rat"	"MAP1A"
"M1"	"IntAct_Rat"	"CHGB"
"M1"	"IntAct_Rat"	"NLGN1"
"M1"	"IntAct_Rat"	"GNAO1"
"M1"	"IntAct_Rat"	"KCNB1"
"M1"	"IntAct_Rat"	"SLC8A1"
"M1"	"VidalHuman_non_core"	"FAM107A"
"M1"	"VidalHuman_non_core"	"KCNMB1"
"M1"	"VidalHuman_non_core"	"LGALS3BP"
"M1"	"VidalHuman_non_core"	"BMP7"
"M1"	"VidalHuman_non_core"	"HSPB8"
"M1"	"VidalHuman_non_core"	"PITX1"
"M1"	"VidalHuman_non_core"	"PTGDS"
"M1"	"VidalHuman_non_core"	"LMO3"
"M1"	"VidalHuman_non_core"	"CES1"
"M1"	"VidalHuman_non_core"	"NOV"
"M1"	"VidalHuman_non_core"	"CLDN7"
"M1"	"INNATEDB"	"SLC2A4"
"M1"	"INNATEDB"	"ROR2"
"M1"	"INNATEDB"	"LGALS3BP"
"M1"	"INNATEDB"	"CLU"
"M1"	"INNATEDB"	"ACTA2"
"M1"	"INNATEDB"	"LGALS3"
"M1"	"INNATEDB"	"MASP1"
"M1"	"INNATEDB"	"PTN"
"M1"	"INNATEDB"	"CAV1"
"M1"	"INNATEDB"	"NEU1"
"M1"	"INNATEDB"	"ANXA1"
"M1"	"INNATEDB"	"HPX"
"M1"	"INNATEDB"	"ITGA5"
"M1"	"INNATEDB"	"BMP7"
"M1"	"INNATEDB"	"DMD"
"M1"	"INNATEDB"	"TAGLN"
"M1"	"INNATEDB"	"HDAC9"
"M1"	"INNATEDB"	"PRKCB"
"M1"	"INNATEDB"	"KIT"
"M1"	"INNATEDB"	"PPARGC1A"
"M1"	"INNATEDB"	"FHL2"
"M1"	"INNATEDB"	"TGFA"
"M1"	"INNATEDB"	"NTRK2"
"M1"	"INNATEDB"	"LDHB"
"M1"	"INNATEDB"	"SSTR1"
"M1"	"INNATEDB"	"OPRK1"
"M1"	"INNATEDB"	"MEIS2"
"M1"	"INNATEDB"	"ANK2"
"M1"	"INNATEDB"	"TTN"
"M1"	"INNATEDB"	"MAP1A"
"M1"	"INNATEDB"	"ASB2"
"M1"	"INNATEDB"	"HIST1H2BC"
"M1"	"INNATEDB"	"MS4A2"
"M1"	"INNATEDB"	"CELSR3"
"M1"	"INNATEDB"	"NLGN1"
"M1"	"INNATEDB"	"SNAI2"
"M1"	"INNATEDB"	"ITPR1"
"M1"	"INNATEDB"	"FOXJ1"
"M1"	"INNATEDB"	"CHRD"
"M1"	"INNATEDB"	"TGFB3"
"M1"	"INNATEDB"	"CCND2"
"M1"	"INNATEDB"	"HOXD13"
"M1"	"INNATEDB"	"KSR2"
"M1"	"INNATEDB"	"HOXC6"
"M1"	"INNATEDB"	"PAK3"
"M1"	"INNATEDB"	"PRDM8"
"M1"	"INNATEDB"	"TNFSF15"
"M1"	"INNATEDB"	"MAP1B"
"M1"	"INNATEDB"	"FBN2"
"M1"	"INNATEDB"	"PPP1R14A"
"M1"	"INNATEDB"	"FST"
"M1"	"INNATEDB"	"MYLK"
"M1"	"INNATEDB"	"ADRA2A"
"M1"	"INNATEDB"	"GNA15"
"M1"	"INNATEDB"	"NTRK3"
"M1"	"INNATEDB"	"RARRES2"
"M1"	"INNATEDB"	"BANK1"
"M1"	"INNATEDB"	"RGS11"
"M1"	"INNATEDB"	"FBXO27"
"M1"	"INNATEDB"	"PDK4"
"M1"	"INNATEDB"	"MMP10"
"M1"	"INNATEDB"	"TPSAB1"
"M1"	"INNATEDB"	"ADRA2C"
"M1"	"INNATEDB"	"ACKR1"
"M1"	"INNATEDB"	"FOLH1"
"M1"	"INNATEDB"	"NID2"
"M1"	"INNATEDB"	"OGN"
"M1"	"INNATEDB"	"NOX1"
"M1"	"INNATEDB"	"MSRB3"
"M1"	"INNATEDB"	"CACNA1H"
"M1"	"INNATEDB"	"FADS2"
"M1"	"INNATEDB"	"KCNK3"
"M1"	"INNATEDB"	"DPY19L2"
"M1"	"INNATEDB"	"PADI2"
"M1"	"INNATEDB"	"HIF3A"
"M1"	"INNATEDB"	"PDLIM3"
"M1"	"INNATEDB"	"CX3CL1"
"M1"	"INNATEDB"	"SLITRK5"
"M1"	"INNATEDB"	"SBSPON"
"M1"	"INNATEDB"	"DNAJC15"
"M1"	"INNATEDB"	"RELN"
"M1"	"INNATEDB"	"STAC3"
"M1"	"INNATEDB"	"FADS1"
"M1"	"DIP"	"NTN1"
"M1"	"DIP"	"FLNA"
"M1"	"DIP"	"CRYAB"
"M1"	"DIP"	"LGALS3"
"M1"	"DIP"	"PTN"
"M1"	"DIP"	"CAV1"
"M1"	"DIP"	"NKD1"
"M1"	"DIP"	"ITGA5"
"M1"	"DIP"	"KCNMA1"
"M1"	"DIP"	"FLNC"
"M1"	"DIP"	"BMP7"
"M1"	"DIP"	"HSD11B1"
"M1"	"DIP"	"HDAC9"
"M1"	"DIP"	"PRKCB"
"M1"	"DIP"	"KIT"
"M1"	"DIP"	"NGFR"
"M1"	"DIP"	"NR5A2"
"M1"	"DIP"	"PPARGC1A"
"M1"	"DIP"	"FHL2"
"M1"	"DIP"	"TGFA"
"M1"	"DIP"	"NTRK2"
"M1"	"DIP"	"PGR"
"M1"	"DIP"	"PTPRT"
"M1"	"DIP"	"GFRA1"
"M1"	"DIP"	"FGF7"
"M1"	"DIP"	"CASKIN1"
"M1"	"DIP"	"ANK2"
"M1"	"DIP"	"TTN"
"M1"	"DIP"	"MAP1A"
"M1"	"DIP"	"FOXP2"
"M1"	"DIP"	"LMO3"
"M1"	"DIP"	"ITPR1"
"M1"	"DIP"	"CHRD"
"M1"	"DIP"	"TGFB3"
"M1"	"DIP"	"HIST1H2BJ"
"M1"	"DIP"	"ALDH2"
"M1"	"DIP"	"PDLIM5"
"M1"	"DIP"	"CCL21"
"M1"	"DIP"	"MYOM1"
"M1"	"DIP"	"HIST1H2AG"
"M1"	"DIP"	"TNFSF15"
"M1"	"DIP"	"EFNA5"
"M1"	"DIP"	"CXCL12"
"M1"	"DIP"	"APOBEC3C"
"M1"	"DIP"	"NTRK3"
"M1"	"DIP"	"BCHE"
"M1"	"DIP"	"GSTM2"
"M1"	"DIP"	"CCNO"
"M1"	"DIP"	"NOX1"
"M1"	"DIP"	"NECTIN3"
"M1"	"DIP"	"CX3CL1"
"M1"	"DIP"	"HIST3H2A"
"M1"	"DIP"	"HHIP"
"M1"	"INNATEDB_Mouse"	"FLNA"
"M1"	"INNATEDB_Mouse"	"NCAM1"
"M1"	"INNATEDB_Mouse"	"LGALS3"
"M1"	"INNATEDB_Mouse"	"CAV1"
"M1"	"INNATEDB_Mouse"	"NEU1"
"M1"	"INNATEDB_Mouse"	"ITGA5"
"M1"	"INNATEDB_Mouse"	"FLNC"
"M1"	"INNATEDB_Mouse"	"F2RL3"
"M1"	"INNATEDB_Mouse"	"TAGLN"
"M1"	"INNATEDB_Mouse"	"PRKCB"
"M1"	"INNATEDB_Mouse"	"KIT"
"M1"	"INNATEDB_Mouse"	"PPARGC1A"
"M1"	"INNATEDB_Mouse"	"FHL2"
"M1"	"INNATEDB_Mouse"	"TNC"
"M1"	"INNATEDB_Mouse"	"PITX1"
"M1"	"INNATEDB_Mouse"	"SYP"
"M1"	"INNATEDB_Mouse"	"GJA1"
"M1"	"INNATEDB_Mouse"	"MS4A2"
"M1"	"INNATEDB_Mouse"	"PTGDS"
"M1"	"INNATEDB_Mouse"	"SNAI2"
"M1"	"INNATEDB_Mouse"	"RGS2"
"M1"	"INNATEDB_Mouse"	"CDO1"
"M1"	"INNATEDB_Mouse"	"ALPL"
"M1"	"INNATEDB_Mouse"	"CPA3"
"M1"	"INNATEDB_Mouse"	"CDCA7"
"M1"	"INNATEDB_Mouse"	"LDB3"
"M1"	"INNATEDB_Mouse"	"ANGPT1"
"M1"	"INNATEDB_Mouse"	"ACKR1"
"M1"	"INNATEDB_Mouse"	"FADS2"
"M1"	"INNATEDB_Mouse"	"GPR158"
"M1"	"INNATEDB_Mouse"	"C1QTNF3"
"M1"	"INNATEDB_Mouse"	"PAQR6"
"M1"	"INNATEDB_Mouse"	"MZB1"
"M1"	"INNATEDB_Mouse"	"SLC10A7"
"M1"	"INNATEDB_Mouse"	"FREM2"
"M1"	"INNATEDB_Mouse"	"EYA4"
"M1"	"INNATEDB_Mouse"	"IL17RE"
"M1"	"Miller_WntLumier"	"NKD1"
"M1"	"MINT"	"SLC2A4"
"M1"	"MINT"	"FABP3"
"M1"	"MINT"	"DAB1"
"M1"	"MINT"	"FAM107A"
"M1"	"MINT"	"TMEM100"
"M1"	"MINT"	"FLNA"
"M1"	"MINT"	"CRYAB"
"M1"	"MINT"	"TUBB2B"
"M1"	"MINT"	"NCAM1"
"M1"	"MINT"	"PTN"
"M1"	"MINT"	"CAV1"
"M1"	"MINT"	"NEU1"
"M1"	"MINT"	"ANXA1"
"M1"	"MINT"	"ITGA5"
"M1"	"MINT"	"TUBB2A"
"M1"	"MINT"	"FLNC"
"M1"	"MINT"	"BMP7"
"M1"	"MINT"	"FHL1"
"M1"	"MINT"	"DMD"
"M1"	"MINT"	"KIT"
"M1"	"MINT"	"NGFR"
"M1"	"MINT"	"PPARGC1A"
"M1"	"MINT"	"RYR1"
"M1"	"MINT"	"FHL2"
"M1"	"MINT"	"EFEMP1"
"M1"	"MINT"	"NELL1"
"M1"	"MINT"	"RTN1"
"M1"	"MINT"	"SORBS1"
"M1"	"MINT"	"PGR"
"M1"	"MINT"	"PTPRT"
"M1"	"MINT"	"HSPB6"
"M1"	"MINT"	"HSPB8"
"M1"	"MINT"	"EMILIN1"
"M1"	"MINT"	"PITX1"
"M1"	"MINT"	"ACP5"
"M1"	"MINT"	"SLC27A6"
"M1"	"MINT"	"LIN7A"
"M1"	"MINT"	"ATP2B4"
"M1"	"MINT"	"GJA1"
"M1"	"MINT"	"SYNM"
"M1"	"MINT"	"TTN"
"M1"	"MINT"	"ASB2"
"M1"	"MINT"	"TWIST1"
"M1"	"MINT"	"CELSR3"
"M1"	"MINT"	"FLRT2"
"M1"	"MINT"	"NLGN1"
"M1"	"MINT"	"PEG10"
"M1"	"MINT"	"TGFB3"
"M1"	"MINT"	"GNAO1"
"M1"	"MINT"	"SGCA"
"M1"	"MINT"	"PPP1R3C"
"M1"	"MINT"	"ALDH2"
"M1"	"MINT"	"CCND2"
"M1"	"MINT"	"CES1"
"M1"	"MINT"	"SPOCK3"
"M1"	"MINT"	"FXYD6"
"M1"	"MINT"	"CCL21"
"M1"	"MINT"	"RGS2"
"M1"	"MINT"	"EFS"
"M1"	"MINT"	"ALPL"
"M1"	"MINT"	"PTPRD"
"M1"	"MINT"	"KSR2"
"M1"	"MINT"	"GMNN"
"M1"	"MINT"	"AGR3"
"M1"	"MINT"	"PAK3"
"M1"	"MINT"	"OBSCN"
"M1"	"MINT"	"ZNF655"
"M1"	"MINT"	"NOVA1"
"M1"	"MINT"	"S100A6"
"M1"	"MINT"	"EFNA5"
"M1"	"MINT"	"DPT"
"M1"	"MINT"	"PLP1"
"M1"	"MINT"	"FST"
"M1"	"MINT"	"MYLK"
"M1"	"MINT"	"LPL"
"M1"	"MINT"	"NTRK3"
"M1"	"MINT"	"GSTP1"
"M1"	"MINT"	"TCF21"
"M1"	"MINT"	"DTNA"
"M1"	"MINT"	"BMP8B"
"M1"	"MINT"	"ID4"
"M1"	"MINT"	"TNNI1"
"M1"	"MINT"	"CKMT2"
"M1"	"MINT"	"MSRB3"
"M1"	"MINT"	"NEB"
"M1"	"MINT"	"KCNK3"
"M1"	"MINT"	"SEPT3"
"M1"	"MINT"	"PPP1R1B"
"M1"	"MINT"	"CLDN7"
"M1"	"MINT"	"RSPO3"
"M1"	"MINT"	"STAC3"
"M1"	"BioGrid_Mouse"	"SLC2A4"
"M1"	"BioGrid_Mouse"	"ROR2"
"M1"	"BioGrid_Mouse"	"DAB1"
"M1"	"BioGrid_Mouse"	"UCHL1"
"M1"	"BioGrid_Mouse"	"NCAM1"
"M1"	"BioGrid_Mouse"	"RBP1"
"M1"	"BioGrid_Mouse"	"ACTA2"
"M1"	"BioGrid_Mouse"	"LGALS3"
"M1"	"BioGrid_Mouse"	"CAV1"
"M1"	"BioGrid_Mouse"	"NEU1"
"M1"	"BioGrid_Mouse"	"ANXA1"
"M1"	"BioGrid_Mouse"	"ITGA5"
"M1"	"BioGrid_Mouse"	"KCNMA1"
"M1"	"BioGrid_Mouse"	"FHL1"
"M1"	"BioGrid_Mouse"	"PHYHIP"
"M1"	"BioGrid_Mouse"	"DMD"
"M1"	"BioGrid_Mouse"	"DES"
"M1"	"BioGrid_Mouse"	"KIT"
"M1"	"BioGrid_Mouse"	"NGFR"
"M1"	"BioGrid_Mouse"	"NR5A2"
"M1"	"BioGrid_Mouse"	"PPARGC1A"
"M1"	"BioGrid_Mouse"	"FHL2"
"M1"	"BioGrid_Mouse"	"NTRK2"
"M1"	"BioGrid_Mouse"	"SORBS1"
"M1"	"BioGrid_Mouse"	"PGR"
"M1"	"BioGrid_Mouse"	"PITX1"
"M1"	"BioGrid_Mouse"	"VANGL2"
"M1"	"BioGrid_Mouse"	"HOXC4"
"M1"	"BioGrid_Mouse"	"MEIS2"
"M1"	"BioGrid_Mouse"	"LIN7A"
"M1"	"BioGrid_Mouse"	"SYP"
"M1"	"BioGrid_Mouse"	"GJA1"
"M1"	"BioGrid_Mouse"	"TTN"
"M1"	"BioGrid_Mouse"	"ASB2"
"M1"	"BioGrid_Mouse"	"HR"
"M1"	"BioGrid_Mouse"	"MS4A2"
"M1"	"BioGrid_Mouse"	"TWIST1"
"M1"	"BioGrid_Mouse"	"RIPOR2"
"M1"	"BioGrid_Mouse"	"ITPR1"
"M1"	"BioGrid_Mouse"	"FOXJ1"
"M1"	"BioGrid_Mouse"	"MYH3"
"M1"	"BioGrid_Mouse"	"GNAO1"
"M1"	"BioGrid_Mouse"	"ISL1"
"M1"	"BioGrid_Mouse"	"HIST1H2BJ"
"M1"	"BioGrid_Mouse"	"SGCA"
"M1"	"BioGrid_Mouse"	"PDLIM5"
"M1"	"BioGrid_Mouse"	"HOXD13"
"M1"	"BioGrid_Mouse"	"JAKMIP1"
"M1"	"BioGrid_Mouse"	"SFRP1"
"M1"	"BioGrid_Mouse"	"EYA1"
"M1"	"BioGrid_Mouse"	"GMNN"
"M1"	"BioGrid_Mouse"	"HOXC6"
"M1"	"BioGrid_Mouse"	"PAK3"
"M1"	"BioGrid_Mouse"	"NOVA1"
"M1"	"BioGrid_Mouse"	"KCNB1"
"M1"	"BioGrid_Mouse"	"PRDM8"
"M1"	"BioGrid_Mouse"	"MAP1B"
"M1"	"BioGrid_Mouse"	"ASRGL1"
"M1"	"BioGrid_Mouse"	"TGFB2"
"M1"	"BioGrid_Mouse"	"EDA2R"
"M1"	"BioGrid_Mouse"	"SOX8"
"M1"	"BioGrid_Mouse"	"ADRA2A"
"M1"	"BioGrid_Mouse"	"SLC8A1"
"M1"	"BioGrid_Mouse"	"LDB3"
"M1"	"BioGrid_Mouse"	"MYOCD"
"M1"	"BioGrid_Mouse"	"CHRDL2"
"M1"	"BioGrid_Mouse"	"HIST2H2BF"
"M1"	"BioGrid_Mouse"	"TCF21"
"M1"	"BioGrid_Mouse"	"MYO7A"
"M1"	"BioGrid_Mouse"	"PGM5"
"M1"	"BioGrid_Mouse"	"CACNA1H"
"M1"	"BioGrid_Mouse"	"GDF7"
"M1"	"BioGrid_Mouse"	"PTGS1"
"M1"	"BioGrid_Mouse"	"FBXL16"
"M1"	"BioGrid_Mouse"	"CHRNA5"
"M1"	"BioGrid_Mouse"	"DLX1"
"M1"	"BioGrid_Mouse"	"HES6"
"M1"	"BioGrid_Mouse"	"GAS1"
"M1"	"BioGrid_Mouse"	"EYA4"
"M1"	"YeastLow"	"PYGL"
"M1"	"YeastLow"	"ALDH2"
"M1"	"YeastLow"	"CPA3"
"M1"	"BCI"	"ROR2"
"M1"	"BCI"	"FLNA"
"M1"	"BCI"	"HIST1H1C"
"M1"	"BCI"	"CRYAB"
"M1"	"BCI"	"UCHL1"
"M1"	"BCI"	"CLU"
"M1"	"BCI"	"CNTN1"
"M1"	"BCI"	"RBP1"
"M1"	"BCI"	"ACTA2"
"M1"	"BCI"	"CAV1"
"M1"	"BCI"	"NEU1"
"M1"	"BCI"	"ANXA1"
"M1"	"BCI"	"ITGA5"
"M1"	"BCI"	"KCNMA1"
"M1"	"BCI"	"BMP7"
"M1"	"BCI"	"FHL1"
"M1"	"BCI"	"DMD"
"M1"	"BCI"	"DES"
"M1"	"BCI"	"HDAC9"
"M1"	"BCI"	"PRKCB"
"M1"	"BCI"	"NGFR"
"M1"	"BCI"	"FHL2"
"M1"	"BCI"	"RND3"
"M1"	"BCI"	"TNC"
"M1"	"BCI"	"ACP5"
"M1"	"BCI"	"HOXC4"
"M1"	"BCI"	"ATP2B4"
"M1"	"BCI"	"MYH11"
"M1"	"BCI"	"GJA1"
"M1"	"BCI"	"ACTG2"
"M1"	"BCI"	"TTN"
"M1"	"BCI"	"MAP1A"
"M1"	"BCI"	"PTGDS"
"M1"	"BCI"	"CELSR3"
"M1"	"BCI"	"ITPR1"
"M1"	"BCI"	"TGFB3"
"M1"	"BCI"	"CCND2"
"M1"	"BCI"	"CCL21"
"M1"	"BCI"	"HOXD13"
"M1"	"BCI"	"RGS2"
"M1"	"BCI"	"HIST1H2AG"
"M1"	"BCI"	"EFNA3"
"M1"	"BCI"	"EDA"
"M1"	"BCI"	"SERPINF2"
"M1"	"BCI"	"CFD"
"M1"	"BCI"	"C7"
"M1"	"BCI"	"SERPINI1"
"M1"	"BCI"	"F12"
"M1"	"BCI"	"FMOD"
"M1"	"BCI"	"DPT"
"M1"	"BCI"	"CXCL12"
"M1"	"BCI"	"PKP1"
"M1"	"BCI"	"LSAMP"
"M1"	"BCI"	"MYLK"
"M1"	"BCI"	"LPL"
"M1"	"BCI"	"TFPI"
"M1"	"BCI"	"GNA15"
"M1"	"BCI"	"TPM2"
"M1"	"BCI"	"ANGPT1"
"M1"	"BCI"	"GSTP1"
"M1"	"BCI"	"ADRA2C"
"M1"	"BCI"	"ACKR1"
"M1"	"BCI"	"ATP2A3"
"M1"	"BCI"	"MYO7A"
"M1"	"BCI"	"TNNI1"
"M1"	"BCI"	"GPM6A"
"M1"	"BCI"	"NEB"
"M1"	"BCI"	"KCNK3"
"M1"	"BCI"	"PPP1R12B"
"M1"	"BCI"	"GAS1"
"M1"	"BIND"	"SLC2A4"
"M1"	"BIND"	"CRYAB"
"M1"	"BIND"	"CLU"
"M1"	"BIND"	"PTN"
"M1"	"BIND"	"CAV1"
"M1"	"BIND"	"KCNMA1"
"M1"	"BIND"	"PYGL"
"M1"	"BIND"	"FLNC"
"M1"	"BIND"	"FHL1"
"M1"	"BIND"	"HSD11B1"
"M1"	"BIND"	"DMD"
"M1"	"BIND"	"HDAC9"
"M1"	"BIND"	"NRXN1"
"M1"	"BIND"	"KIT"
"M1"	"BIND"	"NGFR"
"M1"	"BIND"	"NR5A2"
"M1"	"BIND"	"FHL2"
"M1"	"BIND"	"RTN1"
"M1"	"BIND"	"PGR"
"M1"	"BIND"	"HSPB8"
"M1"	"BIND"	"LDHB"
"M1"	"BIND"	"ATP2B4"
"M1"	"BIND"	"GJA1"
"M1"	"BIND"	"PLN"
"M1"	"BIND"	"PYGM"
"M1"	"BIND"	"CA12"
"M1"	"BIND"	"CELSR3"
"M1"	"BIND"	"TGFB3"
"M1"	"BIND"	"ALDH2"
"M1"	"BIND"	"CCND2"
"M1"	"BIND"	"CES1"
"M1"	"BIND"	"JAKMIP1"
"M1"	"BIND"	"HPGDS"
"M1"	"BIND"	"GMNN"
"M1"	"BIND"	"CSRP2"
"M1"	"BIND"	"EFNA3"
"M1"	"BIND"	"EDA"
"M1"	"BIND"	"S100A6"
"M1"	"BIND"	"ADH1B"
"M1"	"BIND"	"EFNA5"
"M1"	"BIND"	"PKNOX2"
"M1"	"BIND"	"TGFB2"
"M1"	"BIND"	"CXCL12"
"M1"	"BIND"	"FST"
"M1"	"BIND"	"ADRA2A"
"M1"	"BIND"	"TFPI"
"M1"	"BIND"	"GNA15"
"M1"	"BIND"	"SIX2"
"M1"	"BIND"	"LDB3"
"M1"	"BIND"	"GSTP1"
"M1"	"BIND"	"MMP10"
"M1"	"BIND"	"TPSAB1"
"M1"	"BIND"	"GSTM2"
"M1"	"BIND"	"TCF21"
"M1"	"BIND"	"S100P"
"M1"	"BIND"	"AOC3"
"M1"	"BIND"	"CACNA1H"
"M1"	"BIND"	"KCNK3"
"M1"	"BIND"	"PTGS1"
"M1"	"BIND"	"MAOB"
"M1"	"BIND"	"AKR1C1"
"M1"	"BIND"	"CX3CL1"
"M1"	"FlyLow"	"FLNA"
"M1"	"FlyLow"	"SPARCL1"
"M1"	"FlyLow"	"BMP7"
"M1"	"FlyLow"	"DMD"
"M1"	"FlyLow"	"SEMA3A"
"M1"	"FlyLow"	"GNAO1"
"M1"	"FlyLow"	"CYP27A1"
"M1"	"FlyLow"	"CSRP2"
"M1"	"MINT_Fly"	"SPARCL1"
"M1"	"MINT_Fly"	"DMD"
"M1"	"MINT_Fly"	"ACTG2"
"M1"	"MINT_Fly"	"PTPRD"
"M1"	"MINT_Fly"	"CSRP2"
"M1"	"MINT_Fly"	"DNAJC12"
"M1"	"MINT_Fly"	"DNAJC22"
"M1"	"MINT_Fly"	"AMACR"
"M1"	"MINT_Fly"	"SLCO5A1"
"M1"	"DIP_Yeast"	"PYGL"
"M1"	"DIP_Yeast"	"ALDH1A2"
"M1"	"DIP_Yeast"	"ALDH2"
"M1"	"DIP_Yeast"	"SLC36A1"
"M1"	"BioGrid_Rat"	"DAB1"
"M1"	"BioGrid_Rat"	"CAV1"
"M1"	"BioGrid_Rat"	"NRXN1"
"M1"	"BioGrid_Rat"	"PRKCB"
"M1"	"BioGrid_Rat"	"NGFR"
"M1"	"BioGrid_Rat"	"NTRK2"
"M1"	"BioGrid_Rat"	"GFRA1"
"M1"	"BioGrid_Rat"	"HSPB6"
"M1"	"BioGrid_Rat"	"GLRB"
"M1"	"BioGrid_Rat"	"CASKIN1"
"M1"	"BioGrid_Rat"	"SYP"
"M1"	"BioGrid_Rat"	"GJA1"
"M1"	"BioGrid_Rat"	"MAP1A"
"M1"	"BioGrid_Rat"	"HR"
"M1"	"BioGrid_Rat"	"MS4A2"
"M1"	"BioGrid_Rat"	"NLGN1"
"M1"	"BioGrid_Rat"	"ITPR1"
"M1"	"BioGrid_Rat"	"GNAO1"
"M1"	"BioGrid_Rat"	"CCND2"
"M1"	"BioGrid_Rat"	"CYP27A1"
"M1"	"BioGrid_Rat"	"KCNB1"
"M1"	"BioGrid_Rat"	"SLC8A1"
"M1"	"BioGrid_Rat"	"KCNAB1"
"M1"	"BioGrid_Rat"	"NTRK3"
"M1"	"BioGrid_Rat"	"CNN1"
"M1"	"BioGrid_Rat"	"MYO7A"
"M1"	"BioGrid_Rat"	"ATP1A2"
"M1"	"BIND_Fly"	"CRYAB"
"M1"	"BIND_Fly"	"SPARCL1"
"M1"	"BIND_Fly"	"BMP7"
"M1"	"BIND_Fly"	"NEGR1"
"M1"	"BIND_Fly"	"SEMA3A"
"M1"	"BIND_Fly"	"GNAO1"
"M1"	"BIND_Fly"	"ALDH2"
"M1"	"BIND_Fly"	"HPGDS"
"M1"	"BIND_Fly"	"CSRP2"
"M1"	"BIND_Fly"	"DNAJC12"
"M1"	"FlyHigh"	"CRYAB"
"M1"	"FlyHigh"	"NEGR1"
"M1"	"FlyHigh"	"GNAO1"
"M1"	"FlyHigh"	"CSRP2"
"M1"	"FlyHigh"	"DNAJC12"
"M1"	"StelzlMedium"	"NEU1"
"M1"	"StelzlMedium"	"PHYHIP"
"M1"	"StelzlMedium"	"SLC27A6"
"M1"	"StelzlMedium"	"ALDH2"
"M1"	"StelzlMedium"	"FXYD6"
"M1"	"StelzlMedium"	"RGS2"
"M1"	"StelzlMedium"	"DPT"
"M1"	"StelzlMedium"	"LPL"
"M1"	"StelzlMedium"	"GSTP1"
"M1"	"StelzlMedium"	"TCF21"
"M1"	"StelzlMedium"	"CKMT2"
"M1"	"BIND_Mouse"	"DAB1"
"M1"	"BIND_Mouse"	"CLU"
"M1"	"BIND_Mouse"	"BMP7"
"M1"	"BIND_Mouse"	"DMD"
"M1"	"BIND_Mouse"	"KIT"
"M1"	"BIND_Mouse"	"NR5A2"
"M1"	"BIND_Mouse"	"PPARGC1A"
"M1"	"BIND_Mouse"	"FHL2"
"M1"	"BIND_Mouse"	"SORBS1"
"M1"	"BIND_Mouse"	"MEIS2"
"M1"	"BIND_Mouse"	"HS3ST1"
"M1"	"BIND_Mouse"	"TWIST1"
"M1"	"BIND_Mouse"	"ITPR1"
"M1"	"BIND_Mouse"	"GNAO1"
"M1"	"BIND_Mouse"	"SGCA"
"M1"	"BIND_Mouse"	"EYA1"
"M1"	"BIND_Mouse"	"GMNN"
"M1"	"BIND_Mouse"	"PAK3"
"M1"	"BIND_Mouse"	"SEMA6D"
"M1"	"BIND_Mouse"	"SERPINI1"
"M1"	"BIND_Mouse"	"FST"
"M1"	"BIND_Mouse"	"LDB3"
"M1"	"BIND_Mouse"	"TCF21"
"M1"	"BIND_Mouse"	"MYO7A"
"M1"	"BIND_Mouse"	"DTNA"
"M1"	"BIND_Mouse"	"PTGS1"
"M1"	"BIND_Mouse"	"FREM2"
"M1"	"MINT_Rat"	"SLC2A4"
"M1"	"MINT_Rat"	"NGFR"
"M1"	"MINT_Rat"	"NTRK2"
"M1"	"MINT_Rat"	"SYP"
"M1"	"MINT_Rat"	"MAP1A"
"M1"	"MINT_Rat"	"NLGN1"
"M1"	"MINT_Rat"	"GNAO1"
"M1"	"BIND_Rat"	"NCAM1"
"M1"	"BIND_Rat"	"PRKCB"
"M1"	"BIND_Rat"	"NGFR"
"M1"	"BIND_Rat"	"ALDH1A2"
"M1"	"BIND_Rat"	"HSPB6"
"M1"	"BIND_Rat"	"OPRK1"
"M1"	"BIND_Rat"	"SYP"
"M1"	"BIND_Rat"	"GJA1"
"M1"	"BIND_Rat"	"NLGN1"
"M1"	"BIND_Rat"	"PDLIM5"
"M1"	"BIND_Rat"	"HPGDS"
"M1"	"BIND_Rat"	"ADCY2"
"M1"	"BIND_Rat"	"MAP1B"
"M1"	"BIND_Rat"	"ADRA2A"
"M1"	"BIND_Rat"	"KCNAB1"
"M1"	"BIND_Rat"	"NOX1"
"M1"	"BIND_Rat"	"MAOB"
"M1"	"BIND_Rat"	"GSTM5"
"M1"	"BIND_Rat"	"CLIC6"
"M1"	"SOURAV_MAPK_LOW"	"PRKCB"
"M1"	"MINT_Mouse"	"DAB1"
"M1"	"MINT_Mouse"	"NCAM1"
"M1"	"MINT_Mouse"	"CAV1"
"M1"	"MINT_Mouse"	"KCNMA1"
"M1"	"MINT_Mouse"	"DES"
"M1"	"MINT_Mouse"	"NTRK2"
"M1"	"MINT_Mouse"	"GLRB"
"M1"	"MINT_Mouse"	"RND3"
"M1"	"MINT_Mouse"	"SSTR1"
"M1"	"MINT_Mouse"	"SYP"
"M1"	"MINT_Mouse"	"GJA1"
"M1"	"MINT_Mouse"	"MAP1A"
"M1"	"MINT_Mouse"	"ALDH2"
"M1"	"MINT_Mouse"	"RGS2"
"M1"	"MINT_Mouse"	"GMNN"
"M1"	"MINT_Mouse"	"KCNB1"
"M1"	"MINT_Mouse"	"LDB3"
"M1"	"MINT_Mouse"	"TCF21"
"M1"	"MINT_Mouse"	"CLDN7"
"M1"	"MINT_Mouse"	"CLDN8"
"M1"	"VidalHuman_core"	"FAM107A"
"M1"	"VidalHuman_core"	"EFEMP1"
"M1"	"VidalHuman_core"	"RTN1"
"M1"	"VidalHuman_core"	"HSPB8"
"M1"	"VidalHuman_core"	"EMILIN1"
"M1"	"VidalHuman_core"	"PITX1"
"M1"	"VidalHuman_core"	"LMO3"
"M1"	"VidalHuman_core"	"CCND2"
"M1"	"VidalHuman_core"	"PDLIM5"
"M1"	"VidalHuman_core"	"ZNF655"
"M1"	"VidalHuman_core"	"TNNI1"
"M1"	"VidalHuman_core"	"CLDN7"
"M1"	"BioGrid_Yeast"	"PYGL"
"M1"	"BioGrid_Yeast"	"ALDH1A2"
"M1"	"BioGrid_Yeast"	"ALDH2"
"M1"	"BioGrid_Yeast"	"SLC36A1"
"M1"	"BioGrid_Worm"	"ROR2"
"M1"	"BioGrid_Worm"	"PYGM"
"M1"	"BioGrid_Worm"	"GNAO1"
"M1"	"BioGrid_Worm"	"EYA1"
"M1"	"IntAct_Yeast"	"PYGL"
"M1"	"IntAct_Yeast"	"ALDH1A2"
"M1"	"IntAct_Yeast"	"ALDH2"
"M1"	"IntAct_Yeast"	"CPA3"
"M1"	"MGI"	"DAB1"
"M1"	"MGI"	"HIST1H1C"
"M1"	"MGI"	"CAV1"
"M1"	"MGI"	"NEU1"
"M1"	"MGI"	"ANXA1"
"M1"	"MGI"	"ITGA5"
"M1"	"MGI"	"BMP7"
"M1"	"MGI"	"DMD"
"M1"	"MGI"	"PRKCB"
"M1"	"MGI"	"KIT"
"M1"	"MGI"	"PPARGC1A"
"M1"	"MGI"	"NTRK2"
"M1"	"MGI"	"ZP3"
"M1"	"MGI"	"ITPR1"
"M1"	"MGI"	"CCND2"
"M1"	"MGI"	"S100A6"
"M1"	"MGI"	"MYOCD"
"M1"	"MGI"	"NID2"
"M1"	"MGI"	"GDF7"
"M1"	"MGI"	"GAS1"
"M1"	"MGI"	"EBF2"
"M1"	"ShawnLi"	"FLNA"
"M1"	"ShawnLi"	"RYR1"
"M1"	"ShawnLi"	"EFS"
"M1"	"ShawnLi"	"ID4"
"M1"	"ShawnLi"	"ENPP3"
"M1"	"DIP_Rat"	"NGFR"
"M1"	"DIP_Rat"	"NTRK2"
"M1"	"DIP_Rat"	"GJA1"
"M1"	"DIP_Rat"	"ITPR1"
"M1"	"StelzlHigh"	"PTN"
"M1"	"StelzlHigh"	"SLC27A6"
"M1"	"StelzlHigh"	"ALDH2"
"M1"	"StelzlHigh"	"FXYD6"
"M1"	"StelzlHigh"	"RGS2"
"M1"	"StelzlHigh"	"GSTP1"
"M1"	"StelzlHigh"	"CKMT2"
"M1"	"I2D-c_Fiona_HUMAN"	"FABP3"
"M1"	"IntAct_Worm"	"ROR2"
"M1"	"IntAct_Worm"	"ISL1"
"M1"	"IntAct_Worm"	"ECHDC3"
"M1"	"BIND_Yeast"	"PYGL"
"M1"	"StelzlLow"	"PHYHIP"
"M1"	"StelzlLow"	"ACP5"
"M1"	"StelzlLow"	"FXYD6"
"M1"	"StelzlLow"	"RGS2"
"M1"	"StelzlLow"	"NOVA1"
"M1"	"StelzlLow"	"DISP3"
"M1"	"StelzlLow"	"SEPT3"
"M1"	"StelzlLow"	"PPP1R1B"
"M1"	"I2D-text_mining-c"	"BMP7"
"M1"	"BIND_Worm"	"GNAO1"
"M1"	"BIND_Worm"	"EYA1"
"M1"	"Nakahira_Septin"	"SEPT3"
"M1"	"Krogan_NonCore"	"ALDH1A2"
"M1"	"LITERATURE"	"GNAO1"
"M1"	"MINT_Worm"	"PYGM"
"M1"	"MINT_Worm"	"GNAO1"
"M1"	"NON_CORE"	"GNAO1"
"M1"	"KIM_MYC"	"ACTG2"
"M1"	"KIM_MYC"	"ASRGL1"
"M1"	"Fawcett_polarity"	"TUBB2A"
"M10"	"BioGrid"	"FN1"
"M10"	"BioGrid"	"VCAN"
"M10"	"BioGrid"	"SPP1"
"M10"	"BioGrid"	"NOX4"
"M10"	"BioGrid"	"FAM83D"
"M10"	"BioGrid"	"COL1A1"
"M10"	"BioGrid"	"COL3A1"
"M10"	"BioGrid"	"COMP"
"M10"	"BioGrid"	"LEF1"
"M10"	"BioGrid"	"DMRTA1"
"M10"	"BioGrid"	"HGD"
"M10"	"BioGrid"	"CXCL14"
"M10"	"BioGrid"	"COL8A1"
"M10"	"BioGrid"	"F13A1"
"M10"	"BioGrid"	"LAMC3"
"M10"	"BioGrid"	"BGN"
"M10"	"BioGrid"	"FAP"
"M10"	"BioGrid"	"COL10A1"
"M10"	"BioGrid"	"INHBA"
"M10"	"BioGrid"	"ETV1"
"M10"	"BioGrid"	"KIF26B"
"M10"	"BioGrid"	"CRLF1"
"M10"	"BioGrid"	"ELOVL4"
"M10"	"IntAct"	"FN1"
"M10"	"IntAct"	"VCAN"
"M10"	"IntAct"	"SPP1"
"M10"	"IntAct"	"FAM83D"
"M10"	"IntAct"	"SFRP4"
"M10"	"IntAct"	"SVEP1"
"M10"	"IntAct"	"COMP"
"M10"	"IntAct"	"LEF1"
"M10"	"IntAct"	"DMRTA1"
"M10"	"IntAct"	"HGD"
"M10"	"IntAct"	"CXCL14"
"M10"	"IntAct"	"COL8A1"
"M10"	"IntAct"	"F13A1"
"M10"	"IntAct"	"LAMC3"
"M10"	"IntAct"	"BGN"
"M10"	"IntAct"	"FAP"
"M10"	"IntAct"	"COL10A1"
"M10"	"IntAct"	"INHBA"
"M10"	"IntAct"	"ETV1"
"M10"	"IntAct"	"PCDH17"
"M10"	"IntAct"	"OLR1"
"M10"	"IntAct"	"GREM1"
"M10"	"IntAct"	"POSTN"
"M10"	"INNATEDB"	"VCAN"
"M10"	"INNATEDB"	"NOX4"
"M10"	"INNATEDB"	"COL1A1"
"M10"	"INNATEDB"	"LEF1"
"M10"	"INNATEDB"	"BGN"
"M10"	"INNATEDB"	"INHBA"
"M10"	"BCI"	"FN1"
"M10"	"BCI"	"VCAN"
"M10"	"BCI"	"COL1A1"
"M10"	"BCI"	"COL3A1"
"M10"	"BCI"	"F13A1"
"M10"	"BCI"	"COL10A1"
"M10"	"BCI"	"THBS2"
"M10"	"BioGrid_Mouse"	"SFRP4"
"M10"	"BioGrid_Mouse"	"COL1A1"
"M10"	"BioGrid_Mouse"	"COL3A1"
"M10"	"BioGrid_Mouse"	"LEF1"
"M10"	"BioGrid_Mouse"	"COL8A1"
"M10"	"BioGrid_Mouse"	"THBS2"
"M10"	"BioGrid_Mouse"	"INHBA"
"M10"	"HPRD"	"FN1"
"M10"	"HPRD"	"VCAN"
"M10"	"HPRD"	"SPP1"
"M10"	"HPRD"	"COL1A1"
"M10"	"HPRD"	"SVEP1"
"M10"	"HPRD"	"CPXM2"
"M10"	"HPRD"	"COMP"
"M10"	"HPRD"	"LEF1"
"M10"	"HPRD"	"MMP11"
"M10"	"HPRD"	"DKK2"
"M10"	"HPRD"	"HGD"
"M10"	"HPRD"	"COL8A1"
"M10"	"HPRD"	"F13A1"
"M10"	"HPRD"	"BGN"
"M10"	"HPRD"	"FAP"
"M10"	"HPRD"	"COL10A1"
"M10"	"HPRD"	"THBS2"
"M10"	"HPRD"	"INHBA"
"M10"	"HPRD"	"ETV1"
"M10"	"HPRD"	"PCDH17"
"M10"	"HPRD"	"MGP"
"M10"	"HPRD"	"CRLF1"
"M10"	"HPRD"	"APLNR"
"M10"	"MINT"	"FN1"
"M10"	"MINT"	"SPP1"
"M10"	"MINT"	"COL1A1"
"M10"	"MINT"	"FAP"
"M10"	"MINT"	"COL10A1"
"M10"	"MINT"	"INHBA"
"M10"	"MINT"	"OLR1"
"M10"	"MINT"	"GREM1"
"M10"	"BIND"	"LEF1"
"M10"	"BIND"	"F13A1"
"M10"	"BIND"	"FAP"
"M10"	"BIND"	"INHBA"
"M10"	"BIND"	"OLR1"
"M10"	"DIP"	"FN1"
"M10"	"DIP"	"COL1A1"
"M10"	"DIP"	"COL3A1"
"M10"	"DIP"	"LEF1"
"M10"	"DIP"	"F13A1"
"M10"	"DIP"	"INHBA"
"M10"	"DIP"	"OLR1"
"M10"	"DIP"	"CRLF1"
"M10"	"BIND_Mouse"	"LEF1"
"M10"	"BIND_Mouse"	"MMP11"
"M10"	"BIND_Mouse"	"INHBA"
"M10"	"MGI"	"FN1"
"M10"	"MGI"	"LEF1"
"M10"	"INNATEDB_Mouse"	"SPP1"
"M10"	"INNATEDB_Mouse"	"LEF1"
"M10"	"INNATEDB_Mouse"	"ITGA11"
"M10"	"INNATEDB_Mouse"	"ADAMTS2"
"M10"	"BIND_Rat"	"NOX4"
"M10"	"IntAct_Rat"	"SPP1"
"M10"	"BioGrid_Fly"	"COMP"
"M10"	"BioGrid_Fly"	"HGD"
"M10"	"BioGrid_Fly"	"FAP"
"M10"	"BioGrid_Fly"	"ELOVL4"
"M10"	"IntAct_Mouse"	"FN1"
"M10"	"IntAct_Mouse"	"COL3A1"
"M10"	"IntAct_Mouse"	"LEF1"
"M10"	"DIP_Mouse"	"LEF1"
"M10"	"DIP_Mouse"	"KIF26B"
"M10"	"BioGrid_Rat"	"SPP1"
"M10"	"BioGrid_Rat"	"MMP11"
"M10"	"BIND_Fly"	"HGD"
"M10"	"BIND_Fly"	"FAP"
"M10"	"BIND_Fly"	"ELOVL4"
"M10"	"FlyHigh"	"HGD"
"M10"	"FlyHigh"	"ELOVL4"
"M10"	"IntAct_Fly"	"HGD"
"M10"	"IntAct_Fly"	"FAP"
"M10"	"IntAct_Fly"	"ELOVL4"
"M10"	"VidalHuman_core"	"SPP1"
"M10"	"BioGrid_Worm"	"HGD"
"M10"	"BIND_Worm"	"HGD"
"M10"	"CORE_2"	"HGD"
"M10"	"DIP_Fly"	"HGD"
"M10"	"DIP_Fly"	"FAP"
"M10"	"DIP_Fly"	"ELOVL4"
"M10"	"DIP_Worm"	"HGD"
"M10"	"IntAct_Worm"	"HGD"
"M10"	"MINT_Fly"	"HGD"
"M10"	"MINT_Worm"	"HGD"
"M10"	"FlyLow"	"FAP"
"M11"	"BioGrid_Fly"	"ATP2A1"
"M11"	"DIP_Yeast"	"PABPC1L"
"M11"	"DIP_Yeast"	"SEC31B"
"M11"	"BioGrid"	"ATP2A1"
"M11"	"BioGrid"	"RSRP1"
"M11"	"BioGrid"	"ZNF473"
"M11"	"BioGrid"	"HSF4"
"M11"	"BioGrid"	"GSDMB"
"M11"	"BioGrid_Yeast"	"PABPC1L"
"M11"	"BioGrid_Yeast"	"SEC31B"
"M11"	"BioGrid_Yeast"	"GPT"
"M11"	"YeastLow"	"PABPC1L"
"M11"	"YeastLow"	"SEC31B"
"M11"	"YeastLow"	"GPT"
"M11"	"IntAct"	"ATP2A1"
"M11"	"IntAct"	"RSRP1"
"M11"	"IntAct"	"ZNF473"
"M11"	"IntAct"	"HSF4"
"M11"	"IntAct"	"SEC31B"
"M11"	"IntAct"	"PILRB"
"M11"	"IntAct"	"GSDMB"
"M11"	"IntAct"	"GOLGA8A"
"M11"	"IntAct"	"PRRT2"
"M11"	"IntAct"	"SLC16A8"
"M11"	"BIND_Fly"	"ATP2A1"
"M11"	"DIP_Fly"	"ATP2A1"
"M11"	"FlyLow"	"ATP2A1"
"M11"	"IntAct_Fly"	"ATP2A1"
"M11"	"BIND_Yeast"	"PABPC1L"
"M11"	"BIND_Yeast"	"SEC31B"
"M11"	"IntAct_Yeast"	"PABPC1L"
"M11"	"IntAct_Yeast"	"SEC31B"
"M11"	"MIPS"	"PABPC1L"
"M11"	"MIPS"	"SEC31B"
"M11"	"BioGrid_Mouse"	"RGL3"
"M11"	"MGI"	"RGL3"
"M11"	"MINT_Yeast"	"PABPC1L"
"M11"	"MINT_Yeast"	"SEC31B"
"M11"	"YeastMedium"	"GPT"
"M11"	"INNATEDB"	"HSF4"
"M11"	"INNATEDB"	"GSDMB"
"M11"	"BCI"	"HSF4"
"M11"	"Krogan_Core"	"SEC31B"
"M11"	"HPRD"	"ZNF473"
"M11"	"HPRD"	"HSF4"
"M11"	"HPRD"	"PILRB"
"M11"	"MINT"	"ZNF473"
"M11"	"MINT"	"ATP6V1C2"
"M11"	"MINT"	"MYO15B"
"M11"	"BioGrid_Worm"	"ATP2A1"
"M11"	"IntAct_Worm"	"ATP2A1"
"M11"	"YeastHigh"	"SEC31B"
"M11"	"DIP_Mouse"	"BAIAP2L2"
"M11"	"VidalHuman_core"	"ZNF473"
"M2"	"BioGrid"	"LNX1"
"M2"	"BioGrid"	"MDFI"
"M2"	"BioGrid"	"LRRC7"
"M2"	"BioGrid"	"CBLC"
"M2"	"BioGrid"	"ERG"
"M2"	"BioGrid"	"EEF1A2"
"M2"	"BioGrid"	"ADARB2"
"M2"	"BioGrid"	"SMS"
"M2"	"BioGrid"	"HNF4G"
"M2"	"BioGrid"	"CD36"
"M2"	"BioGrid"	"IHH"
"M2"	"BioGrid"	"APLP1"
"M2"	"BioGrid"	"CDK19"
"M2"	"BioGrid"	"MAP2"
"M2"	"BioGrid"	"KHDRBS3"
"M2"	"BioGrid"	"CADPS"
"M2"	"BioGrid"	"CHN2"
"M2"	"BioGrid"	"PEX10"
"M2"	"BioGrid"	"RORB"
"M2"	"BioGrid"	"GHR"
"M2"	"BioGrid"	"ATP8A2"
"M2"	"BioGrid"	"CXXC4"
"M2"	"BioGrid"	"STON2"
"M2"	"BioGrid"	"P2RY1"
"M2"	"BioGrid"	"MAPK4"
"M2"	"BioGrid"	"FRK"
"M2"	"BioGrid"	"DCLK1"
"M2"	"BioGrid"	"CA8"
"M2"	"BioGrid"	"SNAP91"
"M2"	"BioGrid"	"INSM1"
"M2"	"BioGrid"	"P4HA3"
"M2"	"BioGrid"	"COL2A1"
"M2"	"BioGrid"	"OTX1"
"M2"	"BioGrid"	"CSGALNACT1"
"M2"	"BioGrid"	"CCDC74A"
"M2"	"BioGrid"	"CCDC74B"
"M2"	"BioGrid"	"SHH"
"M2"	"BioGrid"	"RAMP1"
"M2"	"BioGrid"	"ELF5"
"M2"	"BioGrid"	"FZD8"
"M2"	"BioGrid"	"IGF1"
"M2"	"BioGrid"	"AGT"
"M2"	"BioGrid"	"HLA-DMB"
"M2"	"BioGrid"	"GP2"
"M2"	"BioGrid"	"AGR2"
"M2"	"BioGrid"	"UNC5A"
"M2"	"BioGrid"	"LOX"
"M2"	"BioGrid"	"NCALD"
"M2"	"BioGrid"	"DOK6"
"M2"	"BioGrid"	"F5"
"M2"	"BioGrid"	"COL9A2"
"M2"	"BioGrid"	"MYO1G"
"M2"	"BioGrid"	"PLA2G2A"
"M2"	"BioGrid"	"CRISP3"
"M2"	"BioGrid"	"HPGD"
"M2"	"BioGrid"	"ADD2"
"M2"	"BioGrid"	"PLA1A"
"M2"	"BioGrid"	"CD24"
"M2"	"BioGrid"	"KCNS3"
"M2"	"BioGrid"	"BRSK2"
"M2"	"BioGrid"	"LAMC2"
"M2"	"BioGrid"	"CDH10"
"M2"	"BioGrid"	"WNT11"
"M2"	"BioGrid"	"GABRB3"
"M2"	"BioGrid"	"GGT1"
"M2"	"BioGrid"	"TESC"
"M2"	"BioGrid"	"CHRM3"
"M2"	"BioGrid"	"GJB2"
"M2"	"BioGrid"	"LAMA3"
"M2"	"BioGrid"	"CDH7"
"M2"	"BioGrid"	"KCNN2"
"M2"	"BioGrid"	"OGDHL"
"M2"	"BioGrid"	"PLPP2"
"M2"	"BioGrid"	"KCNC2"
"M2"	"BioGrid"	"MON1B"
"M2"	"BioGrid"	"RGS17"
"M2"	"BioGrid"	"KCNN4"
"M2"	"BioGrid"	"TMEM45B"
"M2"	"BioGrid"	"MYCL"
"M2"	"BioGrid"	"ABCC8"
"M2"	"BioGrid"	"HSD11B2"
"M2"	"BioGrid"	"B3GAT1"
"M2"	"BioGrid"	"SYT13"
"M2"	"BioGrid"	"TENM1"
"M2"	"BioGrid"	"NTNG1"
"M2"	"HPRD"	"LNX1"
"M2"	"HPRD"	"MDFI"
"M2"	"HPRD"	"LRRC7"
"M2"	"HPRD"	"CBLC"
"M2"	"HPRD"	"ERG"
"M2"	"HPRD"	"EEF1A2"
"M2"	"HPRD"	"HNF4G"
"M2"	"HPRD"	"CD36"
"M2"	"HPRD"	"IHH"
"M2"	"HPRD"	"APLP1"
"M2"	"HPRD"	"CDK19"
"M2"	"HPRD"	"KHDRBS3"
"M2"	"HPRD"	"CADPS"
"M2"	"HPRD"	"EFNB2"
"M2"	"HPRD"	"CHN2"
"M2"	"HPRD"	"PEX10"
"M2"	"HPRD"	"RORB"
"M2"	"HPRD"	"GHR"
"M2"	"HPRD"	"STON2"
"M2"	"HPRD"	"P2RY1"
"M2"	"HPRD"	"MAPK4"
"M2"	"HPRD"	"FABP5"
"M2"	"HPRD"	"XK"
"M2"	"HPRD"	"FRK"
"M2"	"HPRD"	"CA8"
"M2"	"HPRD"	"SNAP91"
"M2"	"HPRD"	"INSM1"
"M2"	"HPRD"	"P4HA3"
"M2"	"HPRD"	"COL2A1"
"M2"	"HPRD"	"OTX1"
"M2"	"HPRD"	"SHH"
"M2"	"HPRD"	"RAMP1"
"M2"	"HPRD"	"ELF5"
"M2"	"HPRD"	"FZD8"
"M2"	"HPRD"	"IGF1"
"M2"	"HPRD"	"AGT"
"M2"	"HPRD"	"GCNT1"
"M2"	"HPRD"	"GP2"
"M2"	"HPRD"	"AGR2"
"M2"	"HPRD"	"UNC5A"
"M2"	"HPRD"	"LOX"
"M2"	"HPRD"	"NCALD"
"M2"	"HPRD"	"F5"
"M2"	"HPRD"	"SLC4A4"
"M2"	"HPRD"	"COL9A2"
"M2"	"HPRD"	"PLA2G2A"
"M2"	"HPRD"	"ADD2"
"M2"	"HPRD"	"PLA1A"
"M2"	"HPRD"	"CD24"
"M2"	"HPRD"	"BRSK2"
"M2"	"HPRD"	"LAMC2"
"M2"	"HPRD"	"CDH10"
"M2"	"HPRD"	"GABRB3"
"M2"	"HPRD"	"GGT1"
"M2"	"HPRD"	"CHRM3"
"M2"	"HPRD"	"CDH7"
"M2"	"HPRD"	"KCNN2"
"M2"	"HPRD"	"XDH"
"M2"	"HPRD"	"PLPP2"
"M2"	"HPRD"	"TRPM2"
"M2"	"HPRD"	"KCNN4"
"M2"	"HPRD"	"CNTN4"
"M2"	"HPRD"	"MYCL"
"M2"	"HPRD"	"GRIN3A"
"M2"	"HPRD"	"ADCY1"
"M2"	"HPRD"	"GDF11"
"M2"	"HPRD"	"B3GAT1"
"M2"	"HPRD"	"SYT13"
"M2"	"HPRD"	"TENM1"
"M2"	"HPRD"	"NTNG1"
"M2"	"IntAct"	"LNX1"
"M2"	"IntAct"	"MDFI"
"M2"	"IntAct"	"LRRC7"
"M2"	"IntAct"	"CBLC"
"M2"	"IntAct"	"ERG"
"M2"	"IntAct"	"EEF1A2"
"M2"	"IntAct"	"SMS"
"M2"	"IntAct"	"CD36"
"M2"	"IntAct"	"IHH"
"M2"	"IntAct"	"APLP1"
"M2"	"IntAct"	"CDK19"
"M2"	"IntAct"	"MAP2"
"M2"	"IntAct"	"KHDRBS3"
"M2"	"IntAct"	"CADPS"
"M2"	"IntAct"	"EFNB2"
"M2"	"IntAct"	"CHN2"
"M2"	"IntAct"	"PEX10"
"M2"	"IntAct"	"RORB"
"M2"	"IntAct"	"GHR"
"M2"	"IntAct"	"ATP8A2"
"M2"	"IntAct"	"STON2"
"M2"	"IntAct"	"P2RY1"
"M2"	"IntAct"	"MAPK4"
"M2"	"IntAct"	"FABP5"
"M2"	"IntAct"	"XK"
"M2"	"IntAct"	"FRK"
"M2"	"IntAct"	"DCLK1"
"M2"	"IntAct"	"CA8"
"M2"	"IntAct"	"INSM1"
"M2"	"IntAct"	"P4HA3"
"M2"	"IntAct"	"COL2A1"
"M2"	"IntAct"	"OTX1"
"M2"	"IntAct"	"CCDC74A"
"M2"	"IntAct"	"CCDC74B"
"M2"	"IntAct"	"RAMP1"
"M2"	"IntAct"	"ELF5"
"M2"	"IntAct"	"FZD8"
"M2"	"IntAct"	"IGF1"
"M2"	"IntAct"	"AGT"
"M2"	"IntAct"	"MIPEP"
"M2"	"IntAct"	"HLA-DMB"
"M2"	"IntAct"	"GCNT1"
"M2"	"IntAct"	"GP2"
"M2"	"IntAct"	"AGR2"
"M2"	"IntAct"	"LOX"
"M2"	"IntAct"	"NCALD"
"M2"	"IntAct"	"DOK6"
"M2"	"IntAct"	"SLC4A4"
"M2"	"IntAct"	"MYO1G"
"M2"	"IntAct"	"PLA2G2A"
"M2"	"IntAct"	"KCNS3"
"M2"	"IntAct"	"KCNG1"
"M2"	"IntAct"	"LAMC2"
"M2"	"IntAct"	"WNT11"
"M2"	"IntAct"	"TESC"
"M2"	"IntAct"	"CHRM3"
"M2"	"IntAct"	"CDH7"
"M2"	"IntAct"	"KCNN2"
"M2"	"IntAct"	"PLPP2"
"M2"	"IntAct"	"MON1B"
"M2"	"IntAct"	"RGS17"
"M2"	"IntAct"	"CNTN4"
"M2"	"IntAct"	"TMEM45B"
"M2"	"IntAct"	"GDF11"
"M2"	"IntAct"	"B3GAT1"
"M2"	"IntAct"	"NTNG1"
"M2"	"IntAct"	"PCDHB10"
"M2"	"IntAct"	"NUDT11"
"M2"	"IntAct"	"TMC5"
"M2"	"MINT"	"LNX1"
"M2"	"MINT"	"MDFI"
"M2"	"MINT"	"LRRC7"
"M2"	"MINT"	"CBLC"
"M2"	"MINT"	"ERG"
"M2"	"MINT"	"APLP1"
"M2"	"MINT"	"MAP2"
"M2"	"MINT"	"KHDRBS3"
"M2"	"MINT"	"CADPS"
"M2"	"MINT"	"EFNB2"
"M2"	"MINT"	"CHN2"
"M2"	"MINT"	"GHR"
"M2"	"MINT"	"STON2"
"M2"	"MINT"	"P2RY1"
"M2"	"MINT"	"FRK"
"M2"	"MINT"	"CA8"
"M2"	"MINT"	"COL2A1"
"M2"	"MINT"	"OTX1"
"M2"	"MINT"	"ELF5"
"M2"	"MINT"	"HLA-DMB"
"M2"	"MINT"	"AGR2"
"M2"	"MINT"	"NCALD"
"M2"	"MINT"	"DOK6"
"M2"	"MINT"	"MYO1G"
"M2"	"MINT"	"PLA2G2A"
"M2"	"MINT"	"TDRD1"
"M2"	"MINT"	"CDH10"
"M2"	"MINT"	"TESC"
"M2"	"MINT"	"CHRM3"
"M2"	"MINT"	"LAMA3"
"M2"	"MINT"	"PLPP2"
"M2"	"VidalHuman_core"	"LNX1"
"M2"	"VidalHuman_core"	"MDFI"
"M2"	"VidalHuman_core"	"KHDRBS3"
"M2"	"VidalHuman_core"	"OTX1"
"M2"	"VidalHuman_core"	"ELF5"
"M2"	"VidalHuman_core"	"AGT"
"M2"	"VidalHuman_core"	"COL9A2"
"M2"	"VidalHuman_core"	"TESC"
"M2"	"BIND"	"LRRC7"
"M2"	"BIND"	"HNF4G"
"M2"	"BIND"	"APLP1"
"M2"	"BIND"	"EFNB2"
"M2"	"BIND"	"RORB"
"M2"	"BIND"	"GHR"
"M2"	"BIND"	"FRK"
"M2"	"BIND"	"FZD8"
"M2"	"BIND"	"HLA-DMB"
"M2"	"BIND"	"F5"
"M2"	"BIND"	"PLA2G2A"
"M2"	"BIND"	"F3"
"M2"	"BIND"	"B3GAT1"
"M2"	"INNATEDB"	"LNX1"
"M2"	"INNATEDB"	"MDFI"
"M2"	"INNATEDB"	"ERG"
"M2"	"INNATEDB"	"CD36"
"M2"	"INNATEDB"	"GHR"
"M2"	"INNATEDB"	"AGT"
"M2"	"INNATEDB"	"TESC"
"M2"	"INNATEDB"	"OGDHL"
"M2"	"INNATEDB"	"TRPM2"
"M2"	"MGI"	"LNX1"
"M2"	"MGI"	"IHH"
"M2"	"MGI"	"APLP1"
"M2"	"MGI"	"RORB"
"M2"	"MGI"	"FMN1"
"M2"	"MGI"	"OTX1"
"M2"	"MGI"	"SHH"
"M2"	"BioGrid_Rat"	"LNX1"
"M2"	"BioGrid_Rat"	"LRRC7"
"M2"	"BioGrid_Rat"	"KHDRBS3"
"M2"	"BioGrid_Rat"	"CADPS"
"M2"	"BioGrid_Rat"	"EFNB2"
"M2"	"BioGrid_Rat"	"CXXC4"
"M2"	"BioGrid_Rat"	"DACT2"
"M2"	"BioGrid_Rat"	"NCALD"
"M2"	"Jorgensen_EphR"	"CHN2"
"M2"	"BioGrid_Mouse"	"LNX1"
"M2"	"BioGrid_Mouse"	"CBLC"
"M2"	"BioGrid_Mouse"	"ERG"
"M2"	"BioGrid_Mouse"	"EEF1A2"
"M2"	"BioGrid_Mouse"	"MAP2"
"M2"	"BioGrid_Mouse"	"EFNB2"
"M2"	"BioGrid_Mouse"	"FMN1"
"M2"	"BioGrid_Mouse"	"DCLK1"
"M2"	"BioGrid_Mouse"	"SHH"
"M2"	"BioGrid_Mouse"	"FZD8"
"M2"	"BioGrid_Mouse"	"CACNA1D"
"M2"	"BioGrid_Mouse"	"LAMC2"
"M2"	"BioGrid_Mouse"	"WNT11"
"M2"	"BioGrid_Mouse"	"TBX1"
"M2"	"BioGrid_Mouse"	"MYCL"
"M2"	"BioGrid_Yeast"	"PEX10"
"M2"	"BioGrid_Yeast"	"ATP8A2"
"M2"	"BioGrid_Yeast"	"MIPEP"
"M2"	"BioGrid_Yeast"	"SLC4A4"
"M2"	"BioGrid_Yeast"	"GGT1"
"M2"	"IntAct_Mouse"	"LNX1"
"M2"	"IntAct_Mouse"	"EEF1A2"
"M2"	"IntAct_Mouse"	"APLP1"
"M2"	"IntAct_Mouse"	"MAP2"
"M2"	"IntAct_Mouse"	"KHDRBS3"
"M2"	"IntAct_Mouse"	"DACT2"
"M2"	"IntAct_Mouse"	"SNAP91"
"M2"	"IntAct_Mouse"	"COL2A1"
"M2"	"IntAct_Mouse"	"FZD8"
"M2"	"IntAct_Mouse"	"LOX"
"M2"	"IntAct_Mouse"	"SLC4A4"
"M2"	"IntAct_Mouse"	"GJB2"
"M2"	"IntAct_Rat"	"LRRC7"
"M2"	"IntAct_Rat"	"EEF1A2"
"M2"	"IntAct_Rat"	"STON2"
"M2"	"IntAct_Rat"	"P2RY1"
"M2"	"IntAct_Rat"	"GABRB3"
"M2"	"IntAct_Rat"	"CHRM3"
"M2"	"IntAct_Worm"	"HNF4G"
"M2"	"IntAct_Worm"	"FRK"
"M2"	"IntAct_Worm"	"DCLK1"
"M2"	"IntAct_Worm"	"XDH"
"M2"	"BioGrid_Worm"	"DCLK1"
"M2"	"MINT_Worm"	"DCLK1"
"M2"	"IntAct_Yeast"	"PEX10"
"M2"	"IntAct_Yeast"	"ATP8A2"
"M2"	"IntAct_Yeast"	"MIPEP"
"M2"	"MINT_Mouse"	"LNX1"
"M2"	"MINT_Mouse"	"MAP2"
"M2"	"MINT_Mouse"	"EFNB2"
"M2"	"MINT_Mouse"	"FZD8"
"M2"	"MINT_Mouse"	"IGF1"
"M2"	"MINT_Mouse"	"LOX"
"M2"	"MINT_Mouse"	"ADD2"
"M2"	"BIND_Worm"	"DCLK1"
"M2"	"DIP_Yeast"	"PEX10"
"M2"	"BioGrid_Fly"	"EEF1A2"
"M2"	"BioGrid_Fly"	"SMS"
"M2"	"BioGrid_Fly"	"RORB"
"M2"	"BioGrid_Fly"	"FRK"
"M2"	"BioGrid_Fly"	"SHH"
"M2"	"BioGrid_Fly"	"ADCY1"
"M2"	"BIND_Fly"	"EEF1A2"
"M2"	"IntAct_Fly"	"EEF1A2"
"M2"	"IntAct_Fly"	"SHH"
"M2"	"IntAct_Fly"	"GGT1"
"M2"	"IntAct_Fly"	"RAB36"
"M2"	"StelzlMedium"	"APLP1"
"M2"	"StelzlMedium"	"CHN2"
"M2"	"StelzlMedium"	"CA8"
"M2"	"StelzlMedium"	"COL9A2"
"M2"	"StelzlMedium"	"CDH10"
"M2"	"StelzlMedium"	"PLPP2"
"M2"	"BCI"	"IHH"
"M2"	"BCI"	"APLP1"
"M2"	"BCI"	"PEX10"
"M2"	"BCI"	"COL2A1"
"M2"	"BCI"	"IGF1"
"M2"	"BCI"	"HLA-DMB"
"M2"	"BCI"	"LOX"
"M2"	"BCI"	"NCALD"
"M2"	"BCI"	"COL9A2"
"M2"	"BCI"	"PLA2G2A"
"M2"	"BCI"	"CACNA1D"
"M2"	"BCI"	"ADD2"
"M2"	"DIP"	"APLP1"
"M2"	"DIP"	"CDK19"
"M2"	"DIP"	"MAP2"
"M2"	"DIP"	"GHR"
"M2"	"DIP"	"IGF1"
"M2"	"DIP"	"HLA-DMB"
"M2"	"DIP"	"AGR2"
"M2"	"DIP"	"LOX"
"M2"	"DIP"	"SLC4A4"
"M2"	"DIP"	"GABRB3"
"M2"	"DIP"	"GJB2"
"M2"	"DIP"	"KCNN2"
"M2"	"DIP"	"KCNN4"
"M2"	"DIP"	"ABCC8"
"M2"	"DIP_Mouse"	"EFNB2"
"M2"	"DIP_Mouse"	"GHR"
"M2"	"DIP_Mouse"	"SHH"
"M2"	"DIP_Mouse"	"FZD8"
"M2"	"DIP_Mouse"	"TDRD1"
"M2"	"ShawnLi"	"GHR"
"M2"	"INNATEDB_Mouse"	"MDFI"
"M2"	"INNATEDB_Mouse"	"CDK19"
"M2"	"INNATEDB_Mouse"	"P2RY1"
"M2"	"INNATEDB_Mouse"	"CSGALNACT1"
"M2"	"INNATEDB_Mouse"	"SHH"
"M2"	"INNATEDB_Mouse"	"ADD2"
"M2"	"INNATEDB_Mouse"	"STEAP4"
"M2"	"BIND_Rat"	"CHRM3"
"M2"	"DIP_Worm"	"HNF4G"
"M2"	"DIP_Worm"	"FRK"
"M2"	"DIP_Worm"	"DCLK1"
"M2"	"VidalHuman_non_core"	"MDFI"
"M2"	"VidalHuman_non_core"	"KHDRBS3"
"M2"	"VidalHuman_non_core"	"AGT"
"M2"	"YeastLow"	"ATP8A2"
"M2"	"YeastLow"	"SLC4A4"
"M2"	"YeastLow"	"GGT1"
"M2"	"BIND_Mouse"	"LNX1"
"M2"	"BIND_Mouse"	"FRK"
"M2"	"BIND_Mouse"	"FZD8"
"M2"	"MINT_Rat"	"LRRC7"
"M2"	"MINT_Rat"	"MAP2"
"M2"	"Fawcett_polarity_Rat"	"MAP2"
"M2"	"StelzlHigh"	"AGR2"
"M2"	"StelzlLow"	"CADPS"
"M2"	"StelzlLow"	"PLA2G2A"
"M2"	"DIP_Rat"	"CADPS"
"M2"	"DIP_Rat"	"GABRB3"
"M2"	"DIP_Fly"	"DNASE2B"
"M2"	"MINT_Fly"	"DNASE2B"
"M2"	"CORE_2"	"DCLK1"
"M2"	"BIND_Yeast"	"ATP8A2"
"M2"	"MINT_Yeast"	"ATP8A2"
"M2"	"MIPS"	"ATP8A2"
"M3"	"IntAct_Mouse"	"TFCP2L1"
"M3"	"IntAct_Mouse"	"KRT13"
"M3"	"IntAct_Mouse"	"HEY2"
"M3"	"IntAct_Mouse"	"SFN"
"M3"	"IntAct_Mouse"	"CFTR"
"M3"	"IntAct_Mouse"	"TP63"
"M3"	"IntAct_Mouse"	"SNCAIP"
"M3"	"IntAct_Mouse"	"S100A9"
"M3"	"IntAct_Mouse"	"EFNB3"
"M3"	"IntAct_Mouse"	"COL7A1"
"M3"	"IntAct_Mouse"	"CLDN1"
"M3"	"IntAct_Mouse"	"KRT7"
"M3"	"IntAct_Mouse"	"CHGA"
"M3"	"IntAct_Mouse"	"BARX2"
"M3"	"IntAct_Mouse"	"KRT14"
"M3"	"IntAct_Mouse"	"CP"
"M3"	"IntAct_Mouse"	"CHL1"
"M3"	"IntAct"	"TFCP2L1"
"M3"	"IntAct"	"KRT13"
"M3"	"IntAct"	"HEY2"
"M3"	"IntAct"	"SFN"
"M3"	"IntAct"	"CFTR"
"M3"	"IntAct"	"ITGB4"
"M3"	"IntAct"	"KRT19"
"M3"	"IntAct"	"TP63"
"M3"	"IntAct"	"SGK1"
"M3"	"IntAct"	"PIGR"
"M3"	"IntAct"	"LTF"
"M3"	"IntAct"	"SCNN1B"
"M3"	"IntAct"	"SNCAIP"
"M3"	"IntAct"	"CYP4B1"
"M3"	"IntAct"	"GATA3"
"M3"	"IntAct"	"S100A9"
"M3"	"IntAct"	"TP73"
"M3"	"IntAct"	"TRPV4"
"M3"	"IntAct"	"EFNB3"
"M3"	"IntAct"	"TNS4"
"M3"	"IntAct"	"DKK1"
"M3"	"IntAct"	"MET"
"M3"	"IntAct"	"KRT15"
"M3"	"IntAct"	"SERPINB5"
"M3"	"IntAct"	"TRIM29"
"M3"	"IntAct"	"ID1"
"M3"	"IntAct"	"FGFR2"
"M3"	"IntAct"	"S100A14"
"M3"	"IntAct"	"SLPI"
"M3"	"IntAct"	"DLK2"
"M3"	"IntAct"	"NTN4"
"M3"	"IntAct"	"COL7A1"
"M3"	"IntAct"	"CLDN1"
"M3"	"IntAct"	"CDCA7L"
"M3"	"IntAct"	"RNF165"
"M3"	"IntAct"	"RHOV"
"M3"	"IntAct"	"KRT7"
"M3"	"IntAct"	"KRT17"
"M3"	"IntAct"	"TF"
"M3"	"IntAct"	"CHGA"
"M3"	"IntAct"	"KRT5"
"M3"	"IntAct"	"BNIPL"
"M3"	"IntAct"	"BCL11A"
"M3"	"IntAct"	"NCKAP5"
"M3"	"IntAct"	"CEACAM1"
"M3"	"IntAct"	"MUC1"
"M3"	"IntAct"	"MMP7"
"M3"	"IntAct"	"TFPI2"
"M3"	"IntAct"	"CFB"
"M3"	"IntAct"	"OLFM4"
"M3"	"IntAct"	"CSTA"
"M3"	"IntAct"	"ITGB8"
"M3"	"IntAct"	"SCG2"
"M3"	"IntAct"	"CXCL1"
"M3"	"IntAct"	"KRT14"
"M3"	"IntAct"	"CP"
"M3"	"IntAct"	"S100A2"
"M3"	"IntAct"	"CD177"
"M3"	"IntAct"	"MUC20"
"M3"	"IntAct"	"GSTA1"
"M3"	"IntAct"	"DMKN"
"M3"	"IntAct"	"CHL1"
"M3"	"IntAct"	"LAMB3"
"M3"	"IntAct"	"CRABP2"
"M3"	"IntAct"	"ERP27"
"M3"	"IntAct"	"RNF128"
"M3"	"IntAct"	"INAVA"
"M3"	"IntAct"	"SCNN1G"
"M3"	"IntAct"	"SCNN1A"
"M3"	"IntAct"	"CYP3A5"
"M3"	"IntAct"	"KLK10"
"M3"	"IntAct"	"ZNF750"
"M3"	"IntAct"	"PROM1"
"M3"	"IntAct"	"MUC12"
"M3"	"IntAct"	"SYT16"
"M3"	"IntAct"	"NSG1"
"M3"	"IntAct"	"FCGBP"
"M3"	"IntAct"	"FLRT3"
"M3"	"BioGrid_Mouse"	"TFCP2L1"
"M3"	"BioGrid_Mouse"	"HEY2"
"M3"	"BioGrid_Mouse"	"SFN"
"M3"	"BioGrid_Mouse"	"CFTR"
"M3"	"BioGrid_Mouse"	"TP63"
"M3"	"BioGrid_Mouse"	"SNCAIP"
"M3"	"BioGrid_Mouse"	"GATA3"
"M3"	"BioGrid_Mouse"	"SDC1"
"M3"	"BioGrid_Mouse"	"TP73"
"M3"	"BioGrid_Mouse"	"DKK1"
"M3"	"BioGrid_Mouse"	"MET"
"M3"	"BioGrid_Mouse"	"FBXO2"
"M3"	"BioGrid_Mouse"	"ID1"
"M3"	"BioGrid_Mouse"	"SLPI"
"M3"	"BioGrid_Mouse"	"NTN4"
"M3"	"BioGrid_Mouse"	"ZBTB7C"
"M3"	"BioGrid_Mouse"	"CLDN1"
"M3"	"BioGrid_Mouse"	"HOXD10"
"M3"	"BioGrid_Mouse"	"BCL11A"
"M3"	"BioGrid_Mouse"	"BARX2"
"M3"	"BioGrid_Mouse"	"SCG2"
"M3"	"BioGrid_Mouse"	"NEFH"
"M3"	"BioGrid_Mouse"	"FOXQ1"
"M3"	"BioGrid_Mouse"	"PROM1"
"M3"	"BioGrid"	"KRT13"
"M3"	"BioGrid"	"HEY2"
"M3"	"BioGrid"	"SFN"
"M3"	"BioGrid"	"CFTR"
"M3"	"BioGrid"	"ITGB4"
"M3"	"BioGrid"	"KRT19"
"M3"	"BioGrid"	"TP63"
"M3"	"BioGrid"	"SGK1"
"M3"	"BioGrid"	"LTF"
"M3"	"BioGrid"	"SCNN1B"
"M3"	"BioGrid"	"SNCAIP"
"M3"	"BioGrid"	"GATA3"
"M3"	"BioGrid"	"S100A9"
"M3"	"BioGrid"	"SDC1"
"M3"	"BioGrid"	"TP73"
"M3"	"BioGrid"	"TRPV4"
"M3"	"BioGrid"	"EFNB3"
"M3"	"BioGrid"	"TNS4"
"M3"	"BioGrid"	"DKK1"
"M3"	"BioGrid"	"MET"
"M3"	"BioGrid"	"KRT15"
"M3"	"BioGrid"	"FBXO2"
"M3"	"BioGrid"	"SERPINB5"
"M3"	"BioGrid"	"TRIM29"
"M3"	"BioGrid"	"ID1"
"M3"	"BioGrid"	"FGFR2"
"M3"	"BioGrid"	"S100A14"
"M3"	"BioGrid"	"SLPI"
"M3"	"BioGrid"	"DLK2"
"M3"	"BioGrid"	"COL7A1"
"M3"	"BioGrid"	"ZBTB7C"
"M3"	"BioGrid"	"CLDN1"
"M3"	"BioGrid"	"CDCA7L"
"M3"	"BioGrid"	"COL17A1"
"M3"	"BioGrid"	"KRT7"
"M3"	"BioGrid"	"KRT17"
"M3"	"BioGrid"	"TF"
"M3"	"BioGrid"	"CDH3"
"M3"	"BioGrid"	"KRT5"
"M3"	"BioGrid"	"BNIPL"
"M3"	"BioGrid"	"BCL11A"
"M3"	"BioGrid"	"CEACAM1"
"M3"	"BioGrid"	"MUC1"
"M3"	"BioGrid"	"MMP7"
"M3"	"BioGrid"	"CFB"
"M3"	"BioGrid"	"OLFM4"
"M3"	"BioGrid"	"CSTA"
"M3"	"BioGrid"	"TG"
"M3"	"BioGrid"	"SCG2"
"M3"	"BioGrid"	"CXCL1"
"M3"	"BioGrid"	"KRT14"
"M3"	"BioGrid"	"ITGB6"
"M3"	"BioGrid"	"CP"
"M3"	"BioGrid"	"S100A2"
"M3"	"BioGrid"	"GSTA1"
"M3"	"BioGrid"	"DMKN"
"M3"	"BioGrid"	"DCDC2"
"M3"	"BioGrid"	"NEFH"
"M3"	"BioGrid"	"SLC5A1"
"M3"	"BioGrid"	"LCN2"
"M3"	"BioGrid"	"SECTM1"
"M3"	"BioGrid"	"RNF39"
"M3"	"BioGrid"	"GPRC5A"
"M3"	"BioGrid"	"DSC3"
"M3"	"BioGrid"	"TNFAIP2"
"M3"	"BioGrid"	"WFDC2"
"M3"	"BioGrid"	"RTN4RL1"
"M3"	"BioGrid"	"CRABP2"
"M3"	"BioGrid"	"RNF128"
"M3"	"BioGrid"	"PTGFR"
"M3"	"BioGrid"	"SCNN1G"
"M3"	"BioGrid"	"SCNN1A"
"M3"	"BioGrid"	"CYP3A5"
"M3"	"BioGrid"	"KLK10"
"M3"	"BioGrid"	"PROM1"
"M3"	"BioGrid"	"GALNT14"
"M3"	"BioGrid"	"SYT16"
"M3"	"BioGrid"	"PDZK1IP1"
"M3"	"BioGrid"	"FAM110C"
"M3"	"BioGrid"	"NSG1"
"M3"	"BioGrid"	"SALL3"
"M3"	"HPRD"	"TFCP2L1"
"M3"	"HPRD"	"KRT13"
"M3"	"HPRD"	"HEY2"
"M3"	"HPRD"	"SFN"
"M3"	"HPRD"	"CFTR"
"M3"	"HPRD"	"ITGB4"
"M3"	"HPRD"	"KRT19"
"M3"	"HPRD"	"TP63"
"M3"	"HPRD"	"SGK1"
"M3"	"HPRD"	"PIGR"
"M3"	"HPRD"	"LTF"
"M3"	"HPRD"	"SCNN1B"
"M3"	"HPRD"	"SNCAIP"
"M3"	"HPRD"	"GATA3"
"M3"	"HPRD"	"S100A9"
"M3"	"HPRD"	"SDC1"
"M3"	"HPRD"	"TP73"
"M3"	"HPRD"	"TRPV4"
"M3"	"HPRD"	"EFNB3"
"M3"	"HPRD"	"DKK1"
"M3"	"HPRD"	"MET"
"M3"	"HPRD"	"KRT15"
"M3"	"HPRD"	"FBXO2"
"M3"	"HPRD"	"TRIM29"
"M3"	"HPRD"	"ID1"
"M3"	"HPRD"	"AQP3"
"M3"	"HPRD"	"S100A14"
"M3"	"HPRD"	"DLK2"
"M3"	"HPRD"	"NTN4"
"M3"	"HPRD"	"COL7A1"
"M3"	"HPRD"	"CLDN1"
"M3"	"HPRD"	"COL17A1"
"M3"	"HPRD"	"HOXD10"
"M3"	"HPRD"	"KRT7"
"M3"	"HPRD"	"KRT17"
"M3"	"HPRD"	"TF"
"M3"	"HPRD"	"CDH3"
"M3"	"HPRD"	"CHGA"
"M3"	"HPRD"	"KRT5"
"M3"	"HPRD"	"BNIPL"
"M3"	"HPRD"	"BCL11A"
"M3"	"HPRD"	"NCKAP5"
"M3"	"HPRD"	"CEACAM1"
"M3"	"HPRD"	"MMP7"
"M3"	"HPRD"	"TFPI2"
"M3"	"HPRD"	"CFB"
"M3"	"HPRD"	"OLFM4"
"M3"	"HPRD"	"CSTA"
"M3"	"HPRD"	"BARX2"
"M3"	"HPRD"	"ITGB8"
"M3"	"HPRD"	"TG"
"M3"	"HPRD"	"SCG2"
"M3"	"HPRD"	"CXCL1"
"M3"	"HPRD"	"KRT14"
"M3"	"HPRD"	"ITGB6"
"M3"	"HPRD"	"S100A2"
"M3"	"HPRD"	"CD177"
"M3"	"HPRD"	"MUC4"
"M3"	"HPRD"	"GSTA1"
"M3"	"HPRD"	"DUOX1"
"M3"	"HPRD"	"SLC5A1"
"M3"	"HPRD"	"LCN2"
"M3"	"HPRD"	"SECTM1"
"M3"	"HPRD"	"LAMB3"
"M3"	"HPRD"	"DSC3"
"M3"	"HPRD"	"CHST9"
"M3"	"HPRD"	"RTN4RL1"
"M3"	"HPRD"	"CPAMD8"
"M3"	"HPRD"	"CRABP2"
"M3"	"HPRD"	"ERP27"
"M3"	"HPRD"	"RNF128"
"M3"	"HPRD"	"PTGFR"
"M3"	"HPRD"	"SCNN1G"
"M3"	"HPRD"	"SCNN1A"
"M3"	"HPRD"	"KLK10"
"M3"	"HPRD"	"GALNT14"
"M3"	"HPRD"	"SYT16"
"M3"	"HPRD"	"PDZK1IP1"
"M3"	"HPRD"	"NSG1"
"M3"	"HPRD"	"ESPN"
"M3"	"BioGrid_Fly"	"ABCC3"
"M3"	"INNATEDB"	"SFN"
"M3"	"INNATEDB"	"CFTR"
"M3"	"INNATEDB"	"ITGB4"
"M3"	"INNATEDB"	"TP63"
"M3"	"INNATEDB"	"PIGR"
"M3"	"INNATEDB"	"LTF"
"M3"	"INNATEDB"	"SNCAIP"
"M3"	"INNATEDB"	"GATA3"
"M3"	"INNATEDB"	"S100A9"
"M3"	"INNATEDB"	"TRPV4"
"M3"	"INNATEDB"	"MET"
"M3"	"INNATEDB"	"KRT15"
"M3"	"INNATEDB"	"SERPINB5"
"M3"	"INNATEDB"	"ID1"
"M3"	"INNATEDB"	"AQP3"
"M3"	"INNATEDB"	"FGFR2"
"M3"	"INNATEDB"	"KRT17"
"M3"	"INNATEDB"	"TF"
"M3"	"INNATEDB"	"CDH3"
"M3"	"INNATEDB"	"CEACAM1"
"M3"	"INNATEDB"	"MUC1"
"M3"	"INNATEDB"	"TFPI2"
"M3"	"INNATEDB"	"OLFM4"
"M3"	"INNATEDB"	"CXCL1"
"M3"	"INNATEDB"	"FOXQ1"
"M3"	"INNATEDB"	"TNFAIP2"
"M3"	"MINT"	"SFN"
"M3"	"MINT"	"CFTR"
"M3"	"MINT"	"ITGB4"
"M3"	"MINT"	"KRT19"
"M3"	"MINT"	"TP63"
"M3"	"MINT"	"SGK1"
"M3"	"MINT"	"SNCAIP"
"M3"	"MINT"	"TP73"
"M3"	"MINT"	"TNS4"
"M3"	"MINT"	"MET"
"M3"	"MINT"	"KRT15"
"M3"	"MINT"	"SERPINB5"
"M3"	"MINT"	"TRIM29"
"M3"	"MINT"	"FGFR2"
"M3"	"MINT"	"S100A14"
"M3"	"MINT"	"NTN4"
"M3"	"MINT"	"COL7A1"
"M3"	"MINT"	"CLDN1"
"M3"	"MINT"	"KRT7"
"M3"	"MINT"	"KRT17"
"M3"	"MINT"	"TF"
"M3"	"MINT"	"NCKAP5"
"M3"	"MINT"	"CEACAM1"
"M3"	"MINT"	"MUC1"
"M3"	"MINT"	"CSTA"
"M3"	"MINT"	"S100A2"
"M3"	"MINT"	"WFDC2"
"M3"	"MINT"	"SCNN1G"
"M3"	"MINT"	"SCNN1A"
"M3"	"MINT"	"KLK10"
"M3"	"MINT"	"PDZK1IP1"
"M3"	"VidalHuman_core"	"SFN"
"M3"	"VidalHuman_core"	"KRT19"
"M3"	"VidalHuman_core"	"KRT15"
"M3"	"VidalHuman_core"	"TRIM29"
"M3"	"VidalHuman_core"	"DLK2"
"M3"	"VidalHuman_core"	"KRT17"
"M3"	"VidalHuman_core"	"S100A2"
"M3"	"BCI"	"SFN"
"M3"	"BCI"	"TP63"
"M3"	"BCI"	"SGK1"
"M3"	"BCI"	"PIGR"
"M3"	"BCI"	"GATA3"
"M3"	"BCI"	"SDC1"
"M3"	"BCI"	"ID1"
"M3"	"BCI"	"AQP3"
"M3"	"BCI"	"COL7A1"
"M3"	"BCI"	"KRT7"
"M3"	"BCI"	"TF"
"M3"	"BCI"	"KRT5"
"M3"	"BCI"	"CEACAM1"
"M3"	"BCI"	"MUC1"
"M3"	"BCI"	"MMP7"
"M3"	"BCI"	"CFB"
"M3"	"BCI"	"CSTA"
"M3"	"BCI"	"KRT14"
"M3"	"BCI"	"CP"
"M3"	"BCI"	"S100A2"
"M3"	"BCI"	"LCN2"
"M3"	"MINT_Mouse"	"CFTR"
"M3"	"MINT_Mouse"	"TP63"
"M3"	"MINT_Mouse"	"SNCAIP"
"M3"	"MINT_Mouse"	"EFNB3"
"M3"	"MINT_Mouse"	"COL7A1"
"M3"	"MINT_Mouse"	"CLDN1"
"M3"	"MINT_Mouse"	"CHL1"
"M3"	"MINT_Mouse"	"SLC52A3"
"M3"	"DIP"	"CFTR"
"M3"	"DIP"	"KRT19"
"M3"	"DIP"	"TP63"
"M3"	"DIP"	"SNCAIP"
"M3"	"DIP"	"S100A9"
"M3"	"DIP"	"SDC1"
"M3"	"DIP"	"TP73"
"M3"	"DIP"	"EFNB3"
"M3"	"DIP"	"MET"
"M3"	"DIP"	"FGFR2"
"M3"	"DIP"	"SPTSSB"
"M3"	"DIP"	"RNF165"
"M3"	"DIP"	"KRT5"
"M3"	"DIP"	"CFB"
"M3"	"DIP"	"CXCL1"
"M3"	"DIP"	"KRT14"
"M3"	"DIP"	"ITGB6"
"M3"	"DIP"	"SLC14A1"
"M3"	"VidalHuman_non_core"	"SFN"
"M3"	"VidalHuman_non_core"	"KRT19"
"M3"	"VidalHuman_non_core"	"KRT15"
"M3"	"VidalHuman_non_core"	"CRABP2"
"M3"	"VidalHuman_non_core"	"CPB1"
"M3"	"INNATEDB_Mouse"	"TP63"
"M3"	"INNATEDB_Mouse"	"GATA3"
"M3"	"INNATEDB_Mouse"	"SDC1"
"M3"	"INNATEDB_Mouse"	"ZBTB7C"
"M3"	"INNATEDB_Mouse"	"LCN2"
"M3"	"INNATEDB_Mouse"	"TMPRSS13"
"M3"	"BIND"	"SFN"
"M3"	"BIND"	"CFTR"
"M3"	"BIND"	"PIGR"
"M3"	"BIND"	"SNCAIP"
"M3"	"BIND"	"S100A9"
"M3"	"BIND"	"TP73"
"M3"	"BIND"	"MET"
"M3"	"BIND"	"FGFR2"
"M3"	"BIND"	"COL7A1"
"M3"	"BIND"	"TF"
"M3"	"BIND"	"KRT5"
"M3"	"BIND"	"BNIPL"
"M3"	"BIND"	"CFB"
"M3"	"BIND"	"CSTA"
"M3"	"BIND"	"CXCL1"
"M3"	"BIND"	"KRT14"
"M3"	"BIND"	"GSTA1"
"M3"	"BIND"	"CRABP2"
"M3"	"BioGrid_Yeast"	"ABCC3"
"M3"	"IntAct_Worm"	"SGK1"
"M3"	"BIND_Mouse"	"HEY2"
"M3"	"BIND_Mouse"	"CFTR"
"M3"	"BIND_Mouse"	"GATA3"
"M3"	"BIND_Mouse"	"S100A9"
"M3"	"BIND_Mouse"	"ID1"
"M3"	"BIND_Mouse"	"CLDN1"
"M3"	"BIND_Mouse"	"BARX2"
"M3"	"BIND_Mouse"	"SLC52A3"
"M3"	"MGI"	"GATA3"
"M3"	"MGI"	"TRIM29"
"M3"	"MGI"	"CLDN1"
"M3"	"MGI"	"SYT16"
"M3"	"IntAct_Rat"	"SNCAIP"
"M3"	"IntAct_Rat"	"ID1"
"M3"	"IntAct_Rat"	"RHOV"
"M3"	"ShawnLi"	"NCKAP5"
"M3"	"I2D-c_Fiona_HUMAN"	"MET"
"M3"	"I2D-c_Fiona_HUMAN"	"CDH3"
"M3"	"I2D-c_Fiona_HUMAN"	"MUC1"
"M3"	"DIP_Mouse"	"SGK1"
"M3"	"DIP_Mouse"	"SCNN1B"
"M3"	"DIP_Mouse"	"TRPV4"
"M3"	"DIP_Mouse"	"KRT17"
"M3"	"DIP_Mouse"	"SCNN1A"
"M3"	"SOURAV_MAPK_HIGH"	"S100A9"
"M3"	"BioGrid_Rat"	"SNCAIP"
"M3"	"BioGrid_Rat"	"TRPV4"
"M3"	"BioGrid_Rat"	"FBXO2"
"M3"	"BioGrid_Rat"	"TG"
"M3"	"BioGrid_Rat"	"SCNN1G"
"M3"	"BIND_Rat"	"CEACAM1"
"M3"	"BIND_Rat"	"GSTA1"
"M3"	"BIND_Rat"	"NSG1"
"M3"	"StelzlLow"	"SNCAIP"
"M3"	"StelzlLow"	"COL7A1"
"M3"	"StelzlLow"	"CSTA"
"M3"	"BIND_Fly"	"FGFR2"
"M3"	"StelzlMedium"	"SNCAIP"
"M3"	"StelzlMedium"	"WFDC2"
"M3"	"StelzlMedium"	"KLK10"
"M3"	"StelzlMedium"	"PDZK1IP1"
"M3"	"I2D-text_mining-c"	"CSTA"
"M3"	"IntAct_Yeast"	"ABCC3"
"M3"	"IntAct_Yeast"	"AQP3"
"M3"	"IntAct_Fly"	"SLC52A3"
"M4"	"IntAct"	"EHHADH"
"M4"	"IntAct"	"EPPK1"
"M4"	"IntAct"	"NCAM2"
"M4"	"IntAct"	"RET"
"M4"	"IntAct"	"F2RL1"
"M4"	"IntAct"	"PTK6"
"M4"	"IntAct"	"CDK6"
"M4"	"IntAct"	"TNFRSF19"
"M4"	"IntAct"	"MME"
"M4"	"IntAct"	"SYT1"
"M4"	"IntAct"	"DPP4"
"M4"	"IntAct"	"CNTNAP2"
"M4"	"IntAct"	"EDARADD"
"M4"	"IntAct"	"PRIM2"
"M4"	"IntAct"	"GREB1"
"M4"	"IntAct"	"GALNT12"
"M4"	"IntAct"	"SLC23A1"
"M4"	"IntAct"	"NOSTRIN"
"M4"	"IntAct"	"SLC1A1"
"M4"	"IntAct"	"COL12A1"
"M4"	"IntAct"	"NCAPD3"
"M4"	"IntAct"	"CMBL"
"M4"	"IntAct"	"DLGAP1"
"M4"	"IntAct"	"COL9A3"
"M4"	"IntAct"	"MT2A"
"M4"	"IntAct"	"PEBP4"
"M4"	"IntAct"	"MT1F"
"M4"	"IntAct"	"MT1G"
"M4"	"IntAct"	"ANG"
"M4"	"IntAct"	"ANPEP"
"M4"	"IntAct"	"AZGP1"
"M4"	"IntAct"	"BRSK1"
"M4"	"IntAct"	"GNMT"
"M4"	"IntAct"	"FAM13C"
"M4"	"IntAct"	"MYBPC1"
"M4"	"IntAct"	"MGST1"
"M4"	"IntAct"	"RYR2"
"M4"	"IntAct"	"CYP4F11"
"M4"	"IntAct"	"PTPRN2"
"M4"	"IntAct"	"RCAN3"
"M4"	"IntAct"	"CYP2J2"
"M4"	"IntAct"	"ARG2"
"M4"	"IntAct"	"CHRM1"
"M4"	"IntAct"	"SMCO3"
"M4"	"IntAct"	"MPPED2"
"M4"	"IntAct"	"SEMA4G"
"M4"	"IntAct"	"SCIN"
"M4"	"IntAct"	"MT1M"
"M4"	"IntAct"	"FKBP1B"
"M4"	"IntAct"	"FAM171B"
"M4"	"IntAct"	"DPYSL4"
"M4"	"IntAct"	"GDF15"
"M4"	"IntAct"	"ATP8B4"
"M4"	"IntAct"	"RBP7"
"M4"	"IntAct"	"PRR4"
"M4"	"IntAct"	"NIPAL3"
"M4"	"IntAct"	"ACAD8"
"M4"	"IntAct"	"GSTO2"
"M4"	"IntAct"	"RNLS"
"M4"	"IntAct_Mouse"	"NCAM2"
"M4"	"IntAct_Mouse"	"RET"
"M4"	"IntAct_Mouse"	"FMO5"
"M4"	"IntAct_Mouse"	"TNFRSF19"
"M4"	"IntAct_Mouse"	"SYT1"
"M4"	"IntAct_Mouse"	"NRCAM"
"M4"	"IntAct_Mouse"	"NOSTRIN"
"M4"	"IntAct_Mouse"	"RAB27A"
"M4"	"IntAct_Mouse"	"SLC1A1"
"M4"	"IntAct_Mouse"	"ANPEP"
"M4"	"IntAct_Mouse"	"BRSK1"
"M4"	"IntAct_Mouse"	"RYR2"
"M4"	"IntAct_Mouse"	"PTPRN2"
"M4"	"IntAct_Mouse"	"MEIS3"
"M4"	"IntAct_Mouse"	"SEMA4G"
"M4"	"BioGrid_Rat"	"RET"
"M4"	"BioGrid_Rat"	"F2RL1"
"M4"	"BioGrid_Rat"	"C2"
"M4"	"BioGrid_Rat"	"DLGAP1"
"M4"	"BioGrid_Rat"	"ANPEP"
"M4"	"INNATEDB"	"EHHADH"
"M4"	"INNATEDB"	"F2RL1"
"M4"	"INNATEDB"	"SFTPA2"
"M4"	"INNATEDB"	"PTK6"
"M4"	"INNATEDB"	"CDK6"
"M4"	"INNATEDB"	"C2"
"M4"	"INNATEDB"	"DPP4"
"M4"	"INNATEDB"	"GREB1"
"M4"	"INNATEDB"	"RAB27A"
"M4"	"INNATEDB"	"CD38"
"M4"	"INNATEDB"	"ABHD2"
"M4"	"INNATEDB"	"CHRNA2"
"M4"	"INNATEDB"	"CYP4F11"
"M4"	"INNATEDB"	"CHRM1"
"M4"	"INNATEDB"	"NAT1"
"M4"	"INNATEDB"	"TFF3"
"M4"	"BioGrid"	"EHHADH"
"M4"	"BioGrid"	"EPPK1"
"M4"	"BioGrid"	"RET"
"M4"	"BioGrid"	"F2RL1"
"M4"	"BioGrid"	"PTK6"
"M4"	"BioGrid"	"CDK6"
"M4"	"BioGrid"	"MME"
"M4"	"BioGrid"	"SYT1"
"M4"	"BioGrid"	"DPP4"
"M4"	"BioGrid"	"CNTNAP2"
"M4"	"BioGrid"	"PPFIA2"
"M4"	"BioGrid"	"THSD7A"
"M4"	"BioGrid"	"NRCAM"
"M4"	"BioGrid"	"EDARADD"
"M4"	"BioGrid"	"PRIM2"
"M4"	"BioGrid"	"GALNT12"
"M4"	"BioGrid"	"SLC23A1"
"M4"	"BioGrid"	"NOSTRIN"
"M4"	"BioGrid"	"RAB27A"
"M4"	"BioGrid"	"PGC"
"M4"	"BioGrid"	"FKBP10"
"M4"	"BioGrid"	"BCAS1"
"M4"	"BioGrid"	"SLC1A1"
"M4"	"BioGrid"	"NCAPD3"
"M4"	"BioGrid"	"DLGAP1"
"M4"	"BioGrid"	"MT2A"
"M4"	"BioGrid"	"NPR3"
"M4"	"BioGrid"	"CPE"
"M4"	"BioGrid"	"PEBP4"
"M4"	"BioGrid"	"MT1F"
"M4"	"BioGrid"	"ANG"
"M4"	"BioGrid"	"LPAR3"
"M4"	"BioGrid"	"ANPEP"
"M4"	"BioGrid"	"FAM3B"
"M4"	"BioGrid"	"PRR15"
"M4"	"BioGrid"	"CD38"
"M4"	"BioGrid"	"AZGP1"
"M4"	"BioGrid"	"BRSK1"
"M4"	"BioGrid"	"GNMT"
"M4"	"BioGrid"	"EAF2"
"M4"	"BioGrid"	"FAM13C"
"M4"	"BioGrid"	"MYBPC1"
"M4"	"BioGrid"	"MGST1"
"M4"	"BioGrid"	"CNKSR2"
"M4"	"BioGrid"	"MEX3A"
"M4"	"BioGrid"	"RYR2"
"M4"	"BioGrid"	"CYP4F11"
"M4"	"BioGrid"	"PTPRN2"
"M4"	"BioGrid"	"RCAN3"
"M4"	"BioGrid"	"CYP2J2"
"M4"	"BioGrid"	"CHRM1"
"M4"	"BioGrid"	"MPPED2"
"M4"	"BioGrid"	"IGSF5"
"M4"	"BioGrid"	"ABHD1"
"M4"	"BioGrid"	"SCIN"
"M4"	"BioGrid"	"MT1M"
"M4"	"BioGrid"	"FKBP1B"
"M4"	"BioGrid"	"FAM171B"
"M4"	"BioGrid"	"DPYSL4"
"M4"	"BioGrid"	"GDF15"
"M4"	"BioGrid"	"GSTO2"
"M4"	"IntAct_Fly"	"CDK6"
"M4"	"IntAct_Fly"	"CNTNAP2"
"M4"	"IntAct_Fly"	"PPFIA2"
"M4"	"IntAct_Fly"	"NRCAM"
"M4"	"IntAct_Fly"	"PRIM2"
"M4"	"IntAct_Fly"	"CHRNA2"
"M4"	"HPRD"	"EHHADH"
"M4"	"HPRD"	"NCAM2"
"M4"	"HPRD"	"RET"
"M4"	"HPRD"	"F2RL1"
"M4"	"HPRD"	"PTK6"
"M4"	"HPRD"	"CDK6"
"M4"	"HPRD"	"TNFRSF19"
"M4"	"HPRD"	"C2"
"M4"	"HPRD"	"MME"
"M4"	"HPRD"	"SYT1"
"M4"	"HPRD"	"DPP4"
"M4"	"HPRD"	"CNTNAP2"
"M4"	"HPRD"	"PPFIA2"
"M4"	"HPRD"	"TMPRSS2"
"M4"	"HPRD"	"NRCAM"
"M4"	"HPRD"	"EDARADD"
"M4"	"HPRD"	"GALNT12"
"M4"	"HPRD"	"RAB27A"
"M4"	"HPRD"	"FKBP10"
"M4"	"HPRD"	"BCAS1"
"M4"	"HPRD"	"COL12A1"
"M4"	"HPRD"	"DLGAP1"
"M4"	"HPRD"	"COL9A3"
"M4"	"HPRD"	"MT2A"
"M4"	"HPRD"	"NPR3"
"M4"	"HPRD"	"CPE"
"M4"	"HPRD"	"LRG1"
"M4"	"HPRD"	"PEBP4"
"M4"	"HPRD"	"MT1F"
"M4"	"HPRD"	"MT1G"
"M4"	"HPRD"	"ANG"
"M4"	"HPRD"	"LPAR3"
"M4"	"HPRD"	"ANPEP"
"M4"	"HPRD"	"CD38"
"M4"	"HPRD"	"AZGP1"
"M4"	"HPRD"	"BRSK1"
"M4"	"HPRD"	"GNMT"
"M4"	"HPRD"	"EAF2"
"M4"	"HPRD"	"MGST1"
"M4"	"HPRD"	"CNKSR2"
"M4"	"HPRD"	"RYR2"
"M4"	"HPRD"	"PTPRN2"
"M4"	"HPRD"	"HUNK"
"M4"	"HPRD"	"IGSF5"
"M4"	"HPRD"	"STXBP6"
"M4"	"HPRD"	"CDC42EP5"
"M4"	"HPRD"	"SCIN"
"M4"	"HPRD"	"FKBP1B"
"M4"	"HPRD"	"CAMK2N1"
"M4"	"HPRD"	"SGCD"
"M4"	"HPRD"	"GDF15"
"M4"	"HPRD"	"ACAD8"
"M4"	"MINT"	"RET"
"M4"	"MINT"	"PTK6"
"M4"	"MINT"	"CDK6"
"M4"	"MINT"	"MME"
"M4"	"MINT"	"SYT1"
"M4"	"MINT"	"DPP4"
"M4"	"MINT"	"PRIM2"
"M4"	"MINT"	"NOSTRIN"
"M4"	"MINT"	"RAB27A"
"M4"	"MINT"	"DLGAP1"
"M4"	"MINT"	"CPE"
"M4"	"MINT"	"PEBP4"
"M4"	"MINT"	"ANPEP"
"M4"	"MINT"	"GNMT"
"M4"	"MINT"	"EAF2"
"M4"	"MINT"	"PTPRN2"
"M4"	"MINT"	"SGCD"
"M4"	"MINT"	"DPYSL4"
"M4"	"BIND"	"PTK6"
"M4"	"BIND"	"CDK6"
"M4"	"BIND"	"DPP4"
"M4"	"BIND"	"PPFIA2"
"M4"	"BIND"	"NRCAM"
"M4"	"BIND"	"DLGAP1"
"M4"	"BIND"	"NPR3"
"M4"	"BIND"	"PEBP4"
"M4"	"BIND"	"ANG"
"M4"	"BIND"	"CD38"
"M4"	"BIND"	"AZGP1"
"M4"	"BIND"	"GNMT"
"M4"	"BIND"	"PTPRN2"
"M4"	"BIND"	"RNASE4"
"M4"	"BIND"	"TFF3"
"M4"	"BIND"	"SGCD"
"M4"	"BIND"	"ACAD8"
"M4"	"BioGrid_Mouse"	"RET"
"M4"	"BioGrid_Mouse"	"CDK6"
"M4"	"BioGrid_Mouse"	"TNFRSF19"
"M4"	"BioGrid_Mouse"	"MME"
"M4"	"BioGrid_Mouse"	"NRCAM"
"M4"	"BioGrid_Mouse"	"RAB27A"
"M4"	"BioGrid_Mouse"	"CD38"
"M4"	"BioGrid_Mouse"	"RYR2"
"M4"	"BioGrid_Mouse"	"MEIS3"
"M4"	"BioGrid_Mouse"	"IGSF5"
"M4"	"BioGrid_Mouse"	"ANKRD22"
"M4"	"YeastMedium"	"DPP4"
"M4"	"DIP"	"NCAM2"
"M4"	"DIP"	"RET"
"M4"	"DIP"	"PTK6"
"M4"	"DIP"	"CDK6"
"M4"	"DIP"	"PRIM2"
"M4"	"DIP"	"LRG1"
"M4"	"DIP"	"HUNK"
"M4"	"MINT_Mouse"	"SYT1"
"M4"	"MINT_Mouse"	"NRCAM"
"M4"	"MINT_Mouse"	"SLC1A1"
"M4"	"MINT_Mouse"	"PTPRN2"
"M4"	"StelzlMedium"	"RAB27A"
"M4"	"StelzlMedium"	"CPE"
"M4"	"StelzlMedium"	"DPYSL4"
"M4"	"Pawson4"	"RET"
"M4"	"YeastLow"	"PRIM2"
"M4"	"YeastLow"	"SEC14L5"
"M4"	"IntAct_Rat"	"EHHADH"
"M4"	"IntAct_Rat"	"F2RL1"
"M4"	"IntAct_Rat"	"SYT1"
"M4"	"IntAct_Rat"	"DLGAP1"
"M4"	"IntAct_Rat"	"CNKSR2"
"M4"	"BioGrid_Worm"	"PPFIA2"
"M4"	"BioGrid_Worm"	"CPE"
"M4"	"BioGrid_Worm"	"RCAN3"
"M4"	"BCI"	"CDK6"
"M4"	"BCI"	"C2"
"M4"	"BCI"	"MME"
"M4"	"BCI"	"PRIM2"
"M4"	"BCI"	"RAB27A"
"M4"	"BCI"	"COL9A3"
"M4"	"BCI"	"MT2A"
"M4"	"BCI"	"MT1F"
"M4"	"BCI"	"MT1G"
"M4"	"BCI"	"CD38"
"M4"	"BCI"	"MYBPC1"
"M4"	"BCI"	"CHRNA2"
"M4"	"BCI"	"NAT1"
"M4"	"BioGrid_Fly"	"CDK6"
"M4"	"BioGrid_Fly"	"DPP4"
"M4"	"BioGrid_Fly"	"CNTNAP2"
"M4"	"BioGrid_Fly"	"NRCAM"
"M4"	"BioGrid_Fly"	"PRIM2"
"M4"	"BioGrid_Fly"	"NOSTRIN"
"M4"	"BioGrid_Fly"	"CHRNA2"
"M4"	"ShawnLi"	"DLGAP1"
"M4"	"BIND_Mouse"	"CDK6"
"M4"	"BIND_Mouse"	"CPE"
"M4"	"BIND_Mouse"	"GNMT"
"M4"	"BIND_Mouse"	"SGCD"
"M4"	"Yu_GoldStd"	"PRIM2"
"M4"	"INNATEDB_Mouse"	"RET"
"M4"	"INNATEDB_Mouse"	"CDK6"
"M4"	"INNATEDB_Mouse"	"TNFRSF19"
"M4"	"INNATEDB_Mouse"	"ABHD2"
"M4"	"INNATEDB_Mouse"	"GCNT2"
"M4"	"INNATEDB_Mouse"	"ARG2"
"M4"	"INNATEDB_Mouse"	"NAT1"
"M4"	"I2D-text_mining-c"	"RET"
"M4"	"IntAct_Yeast"	"PRIM2"
"M4"	"IntAct_Yeast"	"ABHD1"
"M4"	"BIND_Rat"	"SYT1"
"M4"	"BIND_Rat"	"DLGAP1"
"M4"	"BIND_Rat"	"CNKSR2"
"M4"	"DIP_Rat"	"SYT1"
"M4"	"DIP_Rat"	"ARG2"
"M4"	"DIP_Fly"	"PPFIA2"
"M4"	"DIP_Fly"	"NRCAM"
"M4"	"StelzlHigh"	"CPE"
"M4"	"DIP_Mouse"	"CDK6"
"M4"	"DIP_Mouse"	"RAB27A"
"M4"	"DIP_Mouse"	"LRG1"
"M4"	"DIP_Mouse"	"CD38"
"M4"	"DIP_Mouse"	"RYR2"
"M4"	"BIND_Fly"	"CNTNAP2"
"M4"	"BIND_Fly"	"PPFIA2"
"M4"	"BIND_Fly"	"PRIM2"
"M4"	"BIND_Fly"	"CHRNA2"
"M4"	"BioGrid_Yeast"	"DPP4"
"M4"	"BioGrid_Yeast"	"PRIM2"
"M4"	"BioGrid_Yeast"	"ABHD1"
"M4"	"BioGrid_Yeast"	"SEC14L5"
"M4"	"YeastHigh"	"PRIM2"
"M4"	"MINT_Rat"	"SYT1"
"M4"	"MINT_Rat"	"DLGAP1"
"M4"	"MINT_Rat"	"CNKSR2"
"M4"	"DIP_Worm"	"PPFIA2"
"M4"	"DIP_Worm"	"CPE"
"M4"	"DIP_Worm"	"RCAN3"
"M4"	"DIP_Worm"	"LDHD"
"M4"	"IntAct_Worm"	"LDHD"
"M4"	"FlyCellCycle"	"PRIM2"
"M4"	"MINT_Fly"	"PRIM2"
"M4"	"DIP_Yeast"	"PRIM2"
"M4"	"MINT_Worm"	"CPE"
"M4"	"MINT_Worm"	"RCAN3"
"M4"	"BIND_Worm"	"CPE"
"M4"	"BIND_Worm"	"RCAN3"
"M4"	"NON_CORE"	"RCAN3"
"M4"	"MGI"	"RAB27A"
"M4"	"MGI"	"SGCD"
"M4"	"VidalHuman_core"	"GNMT"
"M4"	"FlyEmbryo"	"CNTNAP2"
"M4"	"CORE_2"	"CPE"
"M4"	"FlyHigh"	"CHRNA2"
"M4"	"VidalHuman_non_core"	"GNMT"
"M5"	"BioGrid"	"ADAMTSL4"
"M5"	"BioGrid"	"ESR1"
"M5"	"BioGrid"	"CAMK2B"
"M5"	"BioGrid"	"PPARG"
"M5"	"BioGrid"	"LUM"
"M5"	"BioGrid"	"MYB"
"M5"	"BioGrid"	"WNT2"
"M5"	"BioGrid"	"CDH2"
"M5"	"BioGrid"	"DCN"
"M5"	"BioGrid"	"EGF"
"M5"	"BioGrid"	"FBLN1"
"M5"	"BioGrid"	"MATK"
"M5"	"BioGrid"	"ELN"
"M5"	"BioGrid"	"TGM2"
"M5"	"BioGrid"	"SNCA"
"M5"	"BioGrid"	"COL1A2"
"M5"	"BioGrid"	"CTGF"
"M5"	"BioGrid"	"EPHA3"
"M5"	"BioGrid"	"PDGFRA"
"M5"	"BioGrid"	"FGFR3"
"M5"	"BioGrid"	"APOE"
"M5"	"BioGrid"	"MOXD1"
"M5"	"BioGrid"	"FBLN2"
"M5"	"BioGrid"	"GPRIN2"
"M5"	"BioGrid"	"MEOX1"
"M5"	"BioGrid"	"TFF1"
"M5"	"BioGrid"	"SFRP2"
"M5"	"BioGrid"	"APOD"
"M5"	"BioGrid"	"ALDH1A1"
"M5"	"BioGrid"	"PDE3A"
"M5"	"BioGrid"	"AGTR1"
"M5"	"BioGrid"	"ITGA8"
"M5"	"BioGrid"	"PPP2R2C"
"M5"	"BioGrid"	"PLAT"
"M5"	"BioGrid"	"IGFBP5"
"M5"	"BioGrid"	"C1R"
"M5"	"BioGrid"	"IGF2"
"M5"	"BioGrid"	"HGF"
"M5"	"BioGrid"	"MMP2"
"M5"	"BioGrid"	"C4A"
"M5"	"BioGrid"	"LTBP4"
"M5"	"BioGrid"	"HLA-G"
"M5"	"BioGrid"	"PRELP"
"M5"	"BioGrid"	"APOF"
"M5"	"BioGrid"	"ANK1"
"M5"	"BioGrid"	"PPM1E"
"M5"	"BioGrid"	"KCNE3"
"M5"	"BioGrid"	"CITED1"
"M5"	"BioGrid"	"GJB1"
"M5"	"BioGrid"	"TPH1"
"M5"	"BioGrid"	"FGF12"
"M5"	"BioGrid"	"COL14A1"
"M5"	"BioGrid"	"CATIP"
"M5"	"BioGrid"	"SULF1"
"M5"	"BioGrid"	"PACRG"
"M5"	"BioGrid"	"AKAP12"
"M5"	"BioGrid"	"FFAR2"
"M5"	"BioGrid"	"BCL2L14"
"M5"	"BioGrid"	"FOXF2"
"M5"	"BioGrid"	"NPY"
"M5"	"BioGrid"	"TRPM8"
"M5"	"BioGrid"	"CLGN"
"M5"	"BioGrid"	"UNC80"
"M5"	"BioGrid"	"C8orf34"
"M5"	"BioGrid"	"CENPN"
"M5"	"BioGrid"	"ACSM3"
"M5"	"IntAct"	"ADAMTSL4"
"M5"	"IntAct"	"ESR1"
"M5"	"IntAct"	"CAMK2B"
"M5"	"IntAct"	"PPARG"
"M5"	"IntAct"	"SSC5D"
"M5"	"IntAct"	"MYB"
"M5"	"IntAct"	"CSDC2"
"M5"	"IntAct"	"PLEKHB1"
"M5"	"IntAct"	"SCGN"
"M5"	"IntAct"	"CDH2"
"M5"	"IntAct"	"EGF"
"M5"	"IntAct"	"FBLN1"
"M5"	"IntAct"	"MATK"
"M5"	"IntAct"	"ELN"
"M5"	"IntAct"	"TGM2"
"M5"	"IntAct"	"SNCA"
"M5"	"IntAct"	"COL1A2"
"M5"	"IntAct"	"CTGF"
"M5"	"IntAct"	"EPHA3"
"M5"	"IntAct"	"PDGFRA"
"M5"	"IntAct"	"FGFR3"
"M5"	"IntAct"	"APOE"
"M5"	"IntAct"	"MOXD1"
"M5"	"IntAct"	"FBLN2"
"M5"	"IntAct"	"GPRIN2"
"M5"	"IntAct"	"MEOX1"
"M5"	"IntAct"	"OVGP1"
"M5"	"IntAct"	"TFF1"
"M5"	"IntAct"	"SFRP2"
"M5"	"IntAct"	"APOD"
"M5"	"IntAct"	"NRG4"
"M5"	"IntAct"	"ALDH1A1"
"M5"	"IntAct"	"PDE3A"
"M5"	"IntAct"	"TGM3"
"M5"	"IntAct"	"LAMA2"
"M5"	"IntAct"	"PPP2R2C"
"M5"	"IntAct"	"PLAT"
"M5"	"IntAct"	"C1R"
"M5"	"IntAct"	"C1S"
"M5"	"IntAct"	"IGF2"
"M5"	"IntAct"	"HGF"
"M5"	"IntAct"	"MMP2"
"M5"	"IntAct"	"C4A"
"M5"	"IntAct"	"LTBP4"
"M5"	"IntAct"	"SPOCK1"
"M5"	"IntAct"	"HLA-G"
"M5"	"IntAct"	"ANK1"
"M5"	"IntAct"	"PPM1E"
"M5"	"IntAct"	"KCNE3"
"M5"	"IntAct"	"CITED1"
"M5"	"IntAct"	"FGF12"
"M5"	"IntAct"	"CATIP"
"M5"	"IntAct"	"AKAP12"
"M5"	"IntAct"	"FFAR2"
"M5"	"IntAct"	"NPY"
"M5"	"IntAct"	"COL6A3"
"M5"	"IntAct"	"F8A1"
"M5"	"IntAct"	"CENPN"
"M5"	"IntAct"	"RAB39B"
"M5"	"IntAct"	"SLC25A18"
"M5"	"HPRD"	"ESR1"
"M5"	"HPRD"	"CAMK2B"
"M5"	"HPRD"	"PPARG"
"M5"	"HPRD"	"LUM"
"M5"	"HPRD"	"MYB"
"M5"	"HPRD"	"WNT2"
"M5"	"HPRD"	"PLEKHB1"
"M5"	"HPRD"	"CDH2"
"M5"	"HPRD"	"DCN"
"M5"	"HPRD"	"EGF"
"M5"	"HPRD"	"FBLN1"
"M5"	"HPRD"	"MATK"
"M5"	"HPRD"	"ELN"
"M5"	"HPRD"	"TGM2"
"M5"	"HPRD"	"SNCA"
"M5"	"HPRD"	"COL1A2"
"M5"	"HPRD"	"CTGF"
"M5"	"HPRD"	"EPHA3"
"M5"	"HPRD"	"PDGFRA"
"M5"	"HPRD"	"FGFR3"
"M5"	"HPRD"	"APOE"
"M5"	"HPRD"	"FBLN2"
"M5"	"HPRD"	"GPRIN2"
"M5"	"HPRD"	"MEOX1"
"M5"	"HPRD"	"OVGP1"
"M5"	"HPRD"	"TFF1"
"M5"	"HPRD"	"SFRP2"
"M5"	"HPRD"	"APOD"
"M5"	"HPRD"	"NRG4"
"M5"	"HPRD"	"MFAP4"
"M5"	"HPRD"	"LAMA2"
"M5"	"HPRD"	"PLAT"
"M5"	"HPRD"	"IGFBP5"
"M5"	"HPRD"	"C1R"
"M5"	"HPRD"	"C1S"
"M5"	"HPRD"	"IGF2"
"M5"	"HPRD"	"HGF"
"M5"	"HPRD"	"MMP2"
"M5"	"HPRD"	"C4A"
"M5"	"HPRD"	"LTBP4"
"M5"	"HPRD"	"SPOCK1"
"M5"	"HPRD"	"HLA-G"
"M5"	"HPRD"	"PRELP"
"M5"	"HPRD"	"APOF"
"M5"	"HPRD"	"ANK1"
"M5"	"HPRD"	"GJB1"
"M5"	"HPRD"	"TPH1"
"M5"	"HPRD"	"COL14A1"
"M5"	"HPRD"	"AKAP12"
"M5"	"HPRD"	"FFAR2"
"M5"	"HPRD"	"IRX4"
"M5"	"HPRD"	"BCL2L14"
"M5"	"HPRD"	"AEBP1"
"M5"	"HPRD"	"FOXF2"
"M5"	"HPRD"	"NPY"
"M5"	"HPRD"	"F8A1"
"M5"	"HPRD"	"CLGN"
"M5"	"HPRD"	"MMP16"
"M5"	"HPRD"	"SLIT3"
"M5"	"INNATEDB"	"ESR1"
"M5"	"INNATEDB"	"CAMK2B"
"M5"	"INNATEDB"	"PPARG"
"M5"	"INNATEDB"	"MYB"
"M5"	"INNATEDB"	"CSDC2"
"M5"	"INNATEDB"	"CDH2"
"M5"	"INNATEDB"	"DCN"
"M5"	"INNATEDB"	"ELN"
"M5"	"INNATEDB"	"SNCA"
"M5"	"INNATEDB"	"COL1A2"
"M5"	"INNATEDB"	"PDGFRA"
"M5"	"INNATEDB"	"TFF1"
"M5"	"INNATEDB"	"APOD"
"M5"	"INNATEDB"	"AGTR1"
"M5"	"INNATEDB"	"C1S"
"M5"	"INNATEDB"	"MMP2"
"M5"	"INNATEDB"	"COL14A1"
"M5"	"INNATEDB"	"BCL2L14"
"M5"	"INNATEDB"	"CX3CR1"
"M5"	"BioGrid_Mouse"	"ESR1"
"M5"	"BioGrid_Mouse"	"PPARG"
"M5"	"BioGrid_Mouse"	"MYB"
"M5"	"BioGrid_Mouse"	"WNT2"
"M5"	"BioGrid_Mouse"	"PLEKHB1"
"M5"	"BioGrid_Mouse"	"CDH2"
"M5"	"BioGrid_Mouse"	"SNCA"
"M5"	"BioGrid_Mouse"	"PDGFRA"
"M5"	"BioGrid_Mouse"	"APOE"
"M5"	"BioGrid_Mouse"	"MEOX1"
"M5"	"BioGrid_Mouse"	"SFRP2"
"M5"	"BioGrid_Mouse"	"AGTR1"
"M5"	"BioGrid_Mouse"	"CITED1"
"M5"	"BioGrid_Mouse"	"AEBP1"
"M5"	"BioGrid_Mouse"	"TRPM8"
"M5"	"BioGrid_Mouse"	"SLIT3"
"M5"	"I2D-c_Fiona_HUMAN"	"ESR1"
"M5"	"I2D-c_Fiona_HUMAN"	"MYB"
"M5"	"I2D-c_Fiona_HUMAN"	"MMP2"
"M5"	"MGI"	"CDH2"
"M5"	"BioGrid_Yeast"	"FA2H"
"M5"	"BCI"	"ESR1"
"M5"	"BCI"	"CAMK2B"
"M5"	"BCI"	"MYB"
"M5"	"BCI"	"CDH2"
"M5"	"BCI"	"EGF"
"M5"	"BCI"	"FBLN1"
"M5"	"BCI"	"MATK"
"M5"	"BCI"	"ELN"
"M5"	"BCI"	"TGM2"
"M5"	"BCI"	"COL1A2"
"M5"	"BCI"	"CTGF"
"M5"	"BCI"	"PDGFRA"
"M5"	"BCI"	"APOE"
"M5"	"BCI"	"FBLN2"
"M5"	"BCI"	"APOD"
"M5"	"BCI"	"PLAT"
"M5"	"BCI"	"IGFBP5"
"M5"	"BCI"	"IGF2"
"M5"	"BCI"	"HLA-G"
"M5"	"BCI"	"ANK1"
"M5"	"BCI"	"GJB1"
"M5"	"BCI"	"AEBP1"
"M5"	"BCI"	"CX3CR1"
"M5"	"INNATEDB_Mouse"	"ESR1"
"M5"	"INNATEDB_Mouse"	"PPARG"
"M5"	"INNATEDB_Mouse"	"MYB"
"M5"	"INNATEDB_Mouse"	"CDH2"
"M5"	"BIND"	"ESR1"
"M5"	"BIND"	"CAMK2B"
"M5"	"BIND"	"PPARG"
"M5"	"BIND"	"EGF"
"M5"	"BIND"	"ELN"
"M5"	"BIND"	"TGM2"
"M5"	"BIND"	"SNCA"
"M5"	"BIND"	"FGFR3"
"M5"	"BIND"	"APOE"
"M5"	"BIND"	"TFF1"
"M5"	"BIND"	"PDE3A"
"M5"	"BIND"	"IGFBP5"
"M5"	"BIND"	"C1R"
"M5"	"BIND"	"C1S"
"M5"	"BIND"	"IGF2"
"M5"	"BIND"	"HGF"
"M5"	"BIND"	"MMP2"
"M5"	"DIP"	"ESR1"
"M5"	"DIP"	"CAMK2B"
"M5"	"DIP"	"PPARG"
"M5"	"DIP"	"MYB"
"M5"	"DIP"	"EGF"
"M5"	"DIP"	"TGM2"
"M5"	"DIP"	"SNCA"
"M5"	"DIP"	"EPHA3"
"M5"	"DIP"	"FGFR3"
"M5"	"DIP"	"APOE"
"M5"	"DIP"	"IGF2"
"M5"	"DIP"	"HGF"
"M5"	"DIP"	"MMP2"
"M5"	"DIP"	"HLA-G"
"M5"	"DIP"	"FGF12"
"M5"	"BioGrid_Worm"	"FGFR3"
"M5"	"IntAct_Fly"	"MOXD1"
"M5"	"IntAct_Fly"	"FBLN2"
"M5"	"IntAct_Fly"	"APOD"
"M5"	"IntAct_Fly"	"MFAP4"
"M5"	"IntAct_Yeast"	"FA2H"
"M5"	"BioGrid_Fly"	"FA2H"
"M5"	"BioGrid_Fly"	"FGFR3"
"M5"	"BioGrid_Fly"	"MOXD1"
"M5"	"BioGrid_Fly"	"FBLN2"
"M5"	"BioGrid_Fly"	"MFAP4"
"M5"	"BioGrid_Fly"	"ITGA8"
"M5"	"BioGrid_Fly"	"PACRG"
"M5"	"BioGrid_Fly"	"SLC37A2"
"M5"	"BIND_Fly"	"FGFR3"
"M5"	"BIND_Fly"	"FBLN2"
"M5"	"FlyLow"	"FBLN2"
"M5"	"MINT_Fly"	"MOXD1"
"M5"	"MINT_Fly"	"FBLN2"
"M5"	"MINT_Fly"	"MFAP4"
"M5"	"DIP_Worm"	"FBLN1"
"M5"	"IntAct_Worm"	"FBLN1"
"M5"	"VidalHuman_core"	"ADAMTSL4"
"M5"	"VidalHuman_core"	"GPRIN2"
"M5"	"VidalHuman_core"	"TFF1"
"M5"	"VidalHuman_core"	"ALDH1A1"
"M5"	"BioGrid_Rat"	"ESR1"
"M5"	"BioGrid_Rat"	"CAMK2B"
"M5"	"BioGrid_Rat"	"DCN"
"M5"	"BioGrid_Rat"	"SNCA"
"M5"	"BioGrid_Rat"	"APOD"
"M5"	"BioGrid_Rat"	"AGTR1"
"M5"	"MINT"	"ESR1"
"M5"	"MINT"	"LUM"
"M5"	"MINT"	"MYB"
"M5"	"MINT"	"CDH2"
"M5"	"MINT"	"EGF"
"M5"	"MINT"	"TGM2"
"M5"	"MINT"	"SNCA"
"M5"	"MINT"	"PDGFRA"
"M5"	"MINT"	"FGFR3"
"M5"	"MINT"	"GPRIN2"
"M5"	"MINT"	"MEOX1"
"M5"	"MINT"	"TFF1"
"M5"	"MINT"	"APOD"
"M5"	"MINT"	"NRG4"
"M5"	"MINT"	"ACSL5"
"M5"	"MINT"	"ALDH1A1"
"M5"	"MINT"	"AGTR1"
"M5"	"MINT"	"IGFBP5"
"M5"	"MINT"	"C1R"
"M5"	"MINT"	"IGF2"
"M5"	"MINT"	"ANK1"
"M5"	"MINT"	"PPM1E"
"M5"	"MINT"	"KCNE3"
"M5"	"MINT"	"AKAP12"
"M5"	"BIND_Mouse"	"ESR1"
"M5"	"BIND_Mouse"	"PPARG"
"M5"	"BIND_Mouse"	"CDH2"
"M5"	"BIND_Mouse"	"EPHA3"
"M5"	"BIND_Mouse"	"MEOX1"
"M5"	"BIND_Mouse"	"HLA-G"
"M5"	"MINT_Rat"	"AGTR1"
"M5"	"StelzlMedium"	"FGFR3"
"M5"	"StelzlMedium"	"IGFBP5"
"M5"	"MINT_Mouse"	"CAMK2B"
"M5"	"MINT_Mouse"	"EGF"
"M5"	"MINT_Mouse"	"SNCA"
"M5"	"MINT_Mouse"	"PDGFRA"
"M5"	"MINT_Mouse"	"AGTR1"
"M5"	"MINT_Mouse"	"AKAP12"
"M5"	"MINT_Mouse"	"BCL2L14"
"M5"	"DIP_Rat"	"ESR1"
"M5"	"DIP_Rat"	"CDH2"
"M5"	"DIP_Rat"	"COL1A2"
"M5"	"IntAct_Rat"	"ESR1"
"M5"	"IntAct_Rat"	"CAMK2B"
"M5"	"IntAct_Rat"	"PDGFRA"
"M5"	"IntAct_Rat"	"PLAT"
"M5"	"IntAct_Rat"	"PPM1E"
"M5"	"IntAct_Mouse"	"CAMK2B"
"M5"	"IntAct_Mouse"	"PPARG"
"M5"	"IntAct_Mouse"	"MYB"
"M5"	"IntAct_Mouse"	"CDH2"
"M5"	"IntAct_Mouse"	"EGF"
"M5"	"IntAct_Mouse"	"SNCA"
"M5"	"IntAct_Mouse"	"PDE3A"
"M5"	"IntAct_Mouse"	"AGTR1"
"M5"	"IntAct_Mouse"	"BCL2L14"
"M5"	"IntAct_Mouse"	"CLGN"
"M5"	"StelzlHigh"	"FGFR3"
"M5"	"DIP_Mouse"	"CAMK2B"
"M5"	"DIP_Mouse"	"CDH2"
"M5"	"DIP_Mouse"	"HGF"
"M5"	"DIP_Mouse"	"PACRG"
"M5"	"BIND_Rat"	"CDH2"
"M5"	"BIND_Rat"	"MATK"
"M5"	"BIND_Rat"	"SNCA"
"M5"	"DIP_Fly"	"MOXD1"
"M5"	"DIP_Fly"	"FBLN2"
"M5"	"DIP_Fly"	"APOD"
"M5"	"DIP_Fly"	"PACRG"
"M5"	"I2D-text_mining-c"	"NPY"
"M5"	"VidalHuman_non_core"	"ADAMTSL4"
"M5"	"VidalHuman_non_core"	"TGM2"
"M5"	"VidalHuman_non_core"	"GPRIN2"
"M5"	"VidalHuman_non_core"	"SFRP2"
"M5"	"VidalHuman_non_core"	"FGF12"
"M5"	"StelzlLow"	"IGFBP5"
"M5"	"MINT_Yeast"	"FA2H"
"M5"	"Tarassov_PCA"	"FA2H"
"M6"	"BioGrid"	"PLK1"
"M6"	"BioGrid"	"SULT2B1"
"M6"	"BioGrid"	"BIRC5"
"M6"	"BioGrid"	"ANLN"
"M6"	"BioGrid"	"CENPU"
"M6"	"BioGrid"	"CDK1"
"M6"	"BioGrid"	"RRM2"
"M6"	"BioGrid"	"CACNB4"
"M6"	"BioGrid"	"IL5RA"
"M6"	"BioGrid"	"UBE2C"
"M6"	"BioGrid"	"WNK4"
"M6"	"BioGrid"	"TOP2A"
"M6"	"BioGrid"	"BUB1"
"M6"	"BioGrid"	"DNALI1"
"M6"	"BioGrid"	"CDC20"
"M6"	"BioGrid"	"THNSL2"
"M6"	"BioGrid"	"GNG4"
"M6"	"BioGrid"	"BUB1B"
"M6"	"BioGrid"	"KNL1"
"M6"	"BioGrid"	"VEGFA"
"M6"	"BioGrid"	"TPX2"
"M6"	"BioGrid"	"HMMR"
"M6"	"BioGrid"	"PTTG1"
"M6"	"BioGrid"	"ANGPTL4"
"M6"	"BioGrid"	"CBX2"
"M6"	"BioGrid"	"PCLAF"
"M6"	"BioGrid"	"WDR62"
"M6"	"BioGrid"	"CDCA5"
"M6"	"BioGrid"	"ASF1B"
"M6"	"BioGrid"	"MYBL2"
"M6"	"BioGrid"	"PRLR"
"M6"	"BioGrid"	"STC2"
"M6"	"BioGrid"	"NCAPG"
"M6"	"BioGrid"	"CDT1"
"M6"	"BioGrid"	"UPK3A"
"M6"	"BioGrid"	"SEMA6A"
"M6"	"BioGrid"	"TTK"
"M6"	"BioGrid"	"NUSAP1"
"M6"	"BioGrid"	"KIF20A"
"M6"	"BioGrid"	"LINGO1"
"M6"	"BioGrid"	"RENBP"
"M6"	"BioGrid"	"MKI67"
"M6"	"BioGrid"	"APOC1"
"M6"	"BioGrid"	"ABCC6"
"M6"	"BioGrid"	"ACPP"
"M6"	"BioGrid"	"NQO1"
"M6"	"BioGrid"	"KIF4A"
"M6"	"BioGrid"	"HMGCS2"
"M6"	"BioGrid"	"MPV17L"
"M6"	"BioGrid"	"PHYHD1"
"M6"	"BioGrid"	"SPC24"
"M6"	"BioGrid"	"KIFC1"
"M6"	"BioGrid"	"NTM"
"M6"	"BioGrid"	"FOXM1"
"M6"	"BioGrid"	"HJURP"
"M6"	"BioGrid"	"EPHB6"
"M6"	"BioGrid"	"EPHA5"
"M6"	"BioGrid"	"BASP1"
"M6"	"BioGrid"	"CENPF"
"M6"	"BioGrid"	"HNF1B"
"M6"	"BioGrid"	"APOL4"
"M6"	"BioGrid"	"WNT5A"
"M6"	"BioGrid"	"PRKG2"
"M6"	"BioGrid"	"CENPM"
"M6"	"BioGrid"	"RIC3"
"M6"	"BioGrid"	"CRACR2A"
"M6"	"BioGrid"	"BEX5"
"M6"	"BioGrid"	"LBH"
"M6"	"BioGrid"	"CACNA1G"
"M6"	"MINT"	"PLK1"
"M6"	"MINT"	"SULT2B1"
"M6"	"MINT"	"BIRC5"
"M6"	"MINT"	"CENPU"
"M6"	"MINT"	"CDK1"
"M6"	"MINT"	"CACNB4"
"M6"	"MINT"	"BUB1"
"M6"	"MINT"	"DNALI1"
"M6"	"MINT"	"CDC20"
"M6"	"MINT"	"THNSL2"
"M6"	"MINT"	"BUB1B"
"M6"	"MINT"	"KNL1"
"M6"	"MINT"	"VEGFA"
"M6"	"MINT"	"RIMS1"
"M6"	"MINT"	"TPX2"
"M6"	"MINT"	"CBX2"
"M6"	"MINT"	"WDR62"
"M6"	"MINT"	"PKMYT1"
"M6"	"MINT"	"CDCA5"
"M6"	"MINT"	"MYBL2"
"M6"	"MINT"	"PRLR"
"M6"	"MINT"	"STC2"
"M6"	"MINT"	"CDT1"
"M6"	"MINT"	"TTK"
"M6"	"MINT"	"RIMS2"
"M6"	"MINT"	"LINGO1"
"M6"	"MINT"	"RENBP"
"M6"	"MINT"	"MKI67"
"M6"	"MINT"	"APOC1"
"M6"	"MINT"	"ACPP"
"M6"	"MINT"	"NQO1"
"M6"	"MINT"	"HJURP"
"M6"	"MINT"	"EPHB6"
"M6"	"MINT"	"NTNG2"
"M6"	"IntAct"	"PLK1"
"M6"	"IntAct"	"IQGAP3"
"M6"	"IntAct"	"SULT2B1"
"M6"	"IntAct"	"BIRC5"
"M6"	"IntAct"	"CENPU"
"M6"	"IntAct"	"CDK1"
"M6"	"IntAct"	"RRM2"
"M6"	"IntAct"	"IL5RA"
"M6"	"IntAct"	"UBE2C"
"M6"	"IntAct"	"TOP2A"
"M6"	"IntAct"	"BUB1"
"M6"	"IntAct"	"DNALI1"
"M6"	"IntAct"	"CDC20"
"M6"	"IntAct"	"THNSL2"
"M6"	"IntAct"	"GNG4"
"M6"	"IntAct"	"BUB1B"
"M6"	"IntAct"	"KNL1"
"M6"	"IntAct"	"VEGFA"
"M6"	"IntAct"	"RIMS1"
"M6"	"IntAct"	"TPX2"
"M6"	"IntAct"	"HMMR"
"M6"	"IntAct"	"PTTG1"
"M6"	"IntAct"	"ANGPTL4"
"M6"	"IntAct"	"CBX2"
"M6"	"IntAct"	"ANGPT2"
"M6"	"IntAct"	"WDR62"
"M6"	"IntAct"	"PKMYT1"
"M6"	"IntAct"	"CDCA5"
"M6"	"IntAct"	"ASF1B"
"M6"	"IntAct"	"MYBL2"
"M6"	"IntAct"	"CRYM"
"M6"	"IntAct"	"PRLR"
"M6"	"IntAct"	"STC2"
"M6"	"IntAct"	"WNT7B"
"M6"	"IntAct"	"NCAPG"
"M6"	"IntAct"	"CDT1"
"M6"	"IntAct"	"TTK"
"M6"	"IntAct"	"NUSAP1"
"M6"	"IntAct"	"KIF20A"
"M6"	"IntAct"	"ZNF334"
"M6"	"IntAct"	"RIMS2"
"M6"	"IntAct"	"LINGO1"
"M6"	"IntAct"	"MKI67"
"M6"	"IntAct"	"ABCC6"
"M6"	"IntAct"	"ACPP"
"M6"	"IntAct"	"NQO1"
"M6"	"IntAct"	"KIF4A"
"M6"	"IntAct"	"SPC24"
"M6"	"IntAct"	"NTM"
"M6"	"IntAct"	"FOXM1"
"M6"	"IntAct"	"HJURP"
"M6"	"IntAct"	"EPHB6"
"M6"	"IntAct"	"BASP1"
"M6"	"IntAct"	"ASPM"
"M6"	"IntAct"	"CENPF"
"M6"	"IntAct"	"APOL4"
"M6"	"IntAct"	"WNT5A"
"M6"	"IntAct"	"NTNG2"
"M6"	"IntAct"	"CRACR2A"
"M6"	"IntAct"	"BEX5"
"M6"	"IntAct"	"LBH"
"M6"	"IntAct"	"CACNA1G"
"M6"	"IntAct_Mouse"	"PLK1"
"M6"	"IntAct_Mouse"	"SULT2B1"
"M6"	"IntAct_Mouse"	"CDK1"
"M6"	"IntAct_Mouse"	"RRM2"
"M6"	"IntAct_Mouse"	"CACNB4"
"M6"	"IntAct_Mouse"	"WNK4"
"M6"	"IntAct_Mouse"	"TOP2A"
"M6"	"IntAct_Mouse"	"RIMS1"
"M6"	"IntAct_Mouse"	"CBX2"
"M6"	"IntAct_Mouse"	"CRYM"
"M6"	"IntAct_Mouse"	"PRLR"
"M6"	"IntAct_Mouse"	"CDT1"
"M6"	"IntAct_Mouse"	"UPK3A"
"M6"	"IntAct_Mouse"	"SEMA6A"
"M6"	"IntAct_Mouse"	"KL"
"M6"	"DIP"	"PLK1"
"M6"	"DIP"	"CENPU"
"M6"	"DIP"	"CDK1"
"M6"	"DIP"	"RRM2"
"M6"	"DIP"	"TOP2A"
"M6"	"DIP"	"CDC20"
"M6"	"DIP"	"BUB1B"
"M6"	"DIP"	"KNL1"
"M6"	"DIP"	"VEGFA"
"M6"	"DIP"	"TPX2"
"M6"	"DIP"	"HMMR"
"M6"	"DIP"	"CBX2"
"M6"	"DIP"	"CDCA5"
"M6"	"DIP"	"ASF1B"
"M6"	"DIP"	"PRLR"
"M6"	"DIP"	"CDT1"
"M6"	"DIP"	"LINGO1"
"M6"	"DIP"	"MKI67"
"M6"	"DIP"	"HJURP"
"M6"	"HPRD"	"PLK1"
"M6"	"HPRD"	"SULT2B1"
"M6"	"HPRD"	"BIRC5"
"M6"	"HPRD"	"ANLN"
"M6"	"HPRD"	"CENPU"
"M6"	"HPRD"	"CDK1"
"M6"	"HPRD"	"CACNB4"
"M6"	"HPRD"	"IL5RA"
"M6"	"HPRD"	"UBE2C"
"M6"	"HPRD"	"WNK4"
"M6"	"HPRD"	"TOP2A"
"M6"	"HPRD"	"BUB1"
"M6"	"HPRD"	"DNALI1"
"M6"	"HPRD"	"CDC20"
"M6"	"HPRD"	"GNG4"
"M6"	"HPRD"	"BUB1B"
"M6"	"HPRD"	"VEGFA"
"M6"	"HPRD"	"RIMS1"
"M6"	"HPRD"	"TPX2"
"M6"	"HPRD"	"HMMR"
"M6"	"HPRD"	"PTTG1"
"M6"	"HPRD"	"CBX2"
"M6"	"HPRD"	"ANGPT2"
"M6"	"HPRD"	"WDR62"
"M6"	"HPRD"	"PKMYT1"
"M6"	"HPRD"	"TREM2"
"M6"	"HPRD"	"ASF1B"
"M6"	"HPRD"	"MYBL2"
"M6"	"HPRD"	"PRLR"
"M6"	"HPRD"	"STC2"
"M6"	"HPRD"	"NCAPG"
"M6"	"HPRD"	"CDT1"
"M6"	"HPRD"	"UPK3A"
"M6"	"HPRD"	"SEMA6A"
"M6"	"HPRD"	"TTK"
"M6"	"HPRD"	"KIF20A"
"M6"	"HPRD"	"RIMS2"
"M6"	"HPRD"	"LINGO1"
"M6"	"HPRD"	"RENBP"
"M6"	"HPRD"	"MKI67"
"M6"	"HPRD"	"APOC1"
"M6"	"HPRD"	"ACPP"
"M6"	"HPRD"	"KL"
"M6"	"HPRD"	"NQO1"
"M6"	"HPRD"	"KIF4A"
"M6"	"HPRD"	"FOXM1"
"M6"	"HPRD"	"EPHA5"
"M6"	"HPRD"	"ASPM"
"M6"	"HPRD"	"CENPF"
"M6"	"HPRD"	"HNF1B"
"M6"	"HPRD"	"BMP6"
"M6"	"HPRD"	"PRKG2"
"M6"	"HPRD"	"CRACR2A"
"M6"	"HPRD"	"CACNA1G"
"M6"	"BCI"	"PLK1"
"M6"	"BCI"	"BIRC5"
"M6"	"BCI"	"CDK1"
"M6"	"BCI"	"RRM2"
"M6"	"BCI"	"TOP2A"
"M6"	"BCI"	"BUB1"
"M6"	"BCI"	"CDC20"
"M6"	"BCI"	"GNG4"
"M6"	"BCI"	"BUB1B"
"M6"	"BCI"	"VEGFA"
"M6"	"BCI"	"HMMR"
"M6"	"BCI"	"PTTG1"
"M6"	"BCI"	"MYBL2"
"M6"	"BCI"	"TTK"
"M6"	"BCI"	"RIMS2"
"M6"	"BCI"	"MKI67"
"M6"	"BCI"	"NQO1"
"M6"	"BCI"	"FOXM1"
"M6"	"BCI"	"EPHB6"
"M6"	"BCI"	"CENPF"
"M6"	"DIP_Yeast"	"PLK1"
"M6"	"DIP_Yeast"	"RRM2"
"M6"	"DIP_Yeast"	"CDC20"
"M6"	"DIP_Yeast"	"THNSL2"
"M6"	"DIP_Yeast"	"SLC38A11"
"M6"	"BioGrid_Yeast"	"PLK1"
"M6"	"BioGrid_Yeast"	"RRM2"
"M6"	"BioGrid_Yeast"	"UBE2C"
"M6"	"BioGrid_Yeast"	"CDC20"
"M6"	"BioGrid_Yeast"	"THNSL2"
"M6"	"BioGrid_Yeast"	"CWH43"
"M6"	"BIND"	"PLK1"
"M6"	"BIND"	"BIRC5"
"M6"	"BIND"	"CDK1"
"M6"	"BIND"	"UBE2C"
"M6"	"BIND"	"BUB1"
"M6"	"BIND"	"VEGFA"
"M6"	"BIND"	"PTTG1"
"M6"	"BIND"	"ANGPT2"
"M6"	"BIND"	"PRLR"
"M6"	"BIND"	"CDT1"
"M6"	"BIND"	"SEMA6A"
"M6"	"BIND"	"LINGO1"
"M6"	"BIND"	"MKI67"
"M6"	"BIND"	"ACPP"
"M6"	"BIND"	"NQO1"
"M6"	"BIND"	"EPHB6"
"M6"	"BioGrid_Rat"	"CDC20"
"M6"	"BioGrid_Rat"	"VEGFA"
"M6"	"YeastLow"	"PLK1"
"M6"	"YeastLow"	"RRM2"
"M6"	"YeastLow"	"CDC20"
"M6"	"YeastLow"	"THNSL2"
"M6"	"BioGrid_Mouse"	"PLK1"
"M6"	"BioGrid_Mouse"	"CDK1"
"M6"	"BioGrid_Mouse"	"RRM2"
"M6"	"BioGrid_Mouse"	"UBE2C"
"M6"	"BioGrid_Mouse"	"CDC20"
"M6"	"BioGrid_Mouse"	"BUB1B"
"M6"	"BioGrid_Mouse"	"VEGFA"
"M6"	"BioGrid_Mouse"	"RIMS1"
"M6"	"BioGrid_Mouse"	"TPX2"
"M6"	"BioGrid_Mouse"	"CBX2"
"M6"	"BioGrid_Mouse"	"MYBL2"
"M6"	"BioGrid_Mouse"	"PRLR"
"M6"	"BioGrid_Mouse"	"WNT7B"
"M6"	"BioGrid_Mouse"	"CDT1"
"M6"	"BioGrid_Mouse"	"RIMS2"
"M6"	"BioGrid_Mouse"	"KL"
"M6"	"BioGrid_Mouse"	"NQO1"
"M6"	"BioGrid_Mouse"	"FOXM1"
"M6"	"BioGrid_Mouse"	"HNF1B"
"M6"	"BioGrid_Mouse"	"WNT5A"
"M6"	"IntAct_Yeast"	"PLK1"
"M6"	"IntAct_Yeast"	"RRM2"
"M6"	"IntAct_Yeast"	"CDC20"
"M6"	"IntAct_Yeast"	"THNSL2"
"M6"	"IntAct_Yeast"	"SLC38A11"
"M6"	"Krogan_NonCore"	"THNSL2"
"M6"	"StelzlMedium"	"CACNB4"
"M6"	"StelzlMedium"	"THNSL2"
"M6"	"StelzlMedium"	"WDR62"
"M6"	"StelzlMedium"	"CDCA5"
"M6"	"StelzlMedium"	"STC2"
"M6"	"StelzlMedium"	"HJURP"
"M6"	"BioGrid_Fly"	"PLK1"
"M6"	"BioGrid_Fly"	"CDK1"
"M6"	"BioGrid_Fly"	"RRM2"
"M6"	"BioGrid_Fly"	"UBE2C"
"M6"	"BioGrid_Fly"	"CDC20"
"M6"	"BioGrid_Fly"	"CRYM"
"M6"	"BioGrid_Fly"	"PHYHD1"
"M6"	"BioGrid_Fly"	"KIFC1"
"M6"	"MGI"	"CDK1"
"M6"	"MGI"	"RIMS1"
"M6"	"MGI"	"WNT7B"
"M6"	"MGI"	"RIMS2"
"M6"	"MGI"	"BMP6"
"M6"	"MGI"	"WNT5A"
"M6"	"INNATEDB"	"PLK1"
"M6"	"INNATEDB"	"BIRC5"
"M6"	"INNATEDB"	"CDK1"
"M6"	"INNATEDB"	"IL5RA"
"M6"	"INNATEDB"	"TOP2A"
"M6"	"INNATEDB"	"PTTG1"
"M6"	"INNATEDB"	"ANGPT2"
"M6"	"INNATEDB"	"WDR62"
"M6"	"INNATEDB"	"MYBL2"
"M6"	"INNATEDB"	"CRYM"
"M6"	"INNATEDB"	"PRLR"
"M6"	"INNATEDB"	"KIF20A"
"M6"	"INNATEDB"	"ABCC6"
"M6"	"INNATEDB"	"NQO1"
"M6"	"INNATEDB"	"FOXM1"
"M6"	"INNATEDB"	"APOL4"
"M6"	"INNATEDB"	"BMP6"
"M6"	"IntAct_Fly"	"PLK1"
"M6"	"IntAct_Fly"	"CDK1"
"M6"	"IntAct_Fly"	"TOP2A"
"M6"	"IntAct_Fly"	"CDC20"
"M6"	"IntAct_Fly"	"WNT7B"
"M6"	"IntAct_Fly"	"PHYHD1"
"M6"	"IntAct_Fly"	"KIFC1"
"M6"	"DIP_Fly"	"PLK1"
"M6"	"DIP_Fly"	"CDK1"
"M6"	"DIP_Fly"	"CDC20"
"M6"	"DIP_Fly"	"KIFC1"
"M6"	"FlyLow"	"PLK1"
"M6"	"VidalHuman_core"	"BUB1"
"M6"	"VidalHuman_core"	"RENBP"
"M6"	"BioGrid_Worm"	"CDK1"
"M6"	"BioGrid_Worm"	"RRM2"
"M6"	"BioGrid_Worm"	"TOP2A"
"M6"	"BIND_Mouse"	"PLK1"
"M6"	"BIND_Mouse"	"VEGFA"
"M6"	"BIND_Mouse"	"RIMS1"
"M6"	"BIND_Mouse"	"PRLR"
"M6"	"BIND_Mouse"	"RIMS2"
"M6"	"BIND_Mouse"	"NQO1"
"M6"	"BIND_Mouse"	"BMP6"
"M6"	"DIP_Mouse"	"TOP2A"
"M6"	"DIP_Mouse"	"CBX2"
"M6"	"DIP_Mouse"	"ANGPT2"
"M6"	"DIP_Mouse"	"SEMA6A"
"M6"	"DIP_Mouse"	"LINGO1"
"M6"	"BIND_Rat"	"PLK1"
"M6"	"BIND_Rat"	"CDK1"
"M6"	"BIND_Rat"	"RIMS1"
"M6"	"BIND_Rat"	"PRLR"
"M6"	"BIND_Rat"	"RIMS2"
"M6"	"BIND_Rat"	"SDS"
"M6"	"YeastHigh"	"THNSL2"
"M6"	"INNATEDB_Mouse"	"PKMYT1"
"M6"	"INNATEDB_Mouse"	"TREM2"
"M6"	"MINT_Yeast"	"PLK1"
"M6"	"MINT_Yeast"	"RRM2"
"M6"	"MINT_Yeast"	"CDC20"
"M6"	"MINT_Fly"	"CDK1"
"M6"	"BIND_Fly"	"PLK1"
"M6"	"BIND_Fly"	"CDK1"
"M6"	"BIND_Fly"	"PHYHD1"
"M6"	"BIND_Fly"	"KIFC1"
"M6"	"FlyEmbryo"	"PLK1"
"M6"	"IntAct_Worm"	"CDK1"
"M6"	"IntAct_Worm"	"RRM2"
"M6"	"IntAct_Worm"	"CACNB4"
"M6"	"INTEROLOG"	"IQGAP3"
"M6"	"INTEROLOG"	"CDK1"
"M6"	"INTEROLOG"	"RRM2"
"M6"	"INTEROLOG"	"TOP2A"
"M6"	"FlyCellCycle"	"CDK1"
"M6"	"IntAct_Rat"	"IQGAP3"
"M6"	"IntAct_Rat"	"RIMS2"
"M6"	"BIND_Worm"	"RRM2"
"M6"	"BIND_Yeast"	"RRM2"
"M6"	"BIND_Yeast"	"CDC20"
"M6"	"DIP_Worm"	"RRM2"
"M6"	"MINT_Worm"	"CDK1"
"M6"	"MINT_Worm"	"RRM2"
"M6"	"NON_CORE"	"RRM2"
"M6"	"Yu_GoldStd"	"RRM2"
"M6"	"Yu_GoldStd"	"CDC20"
"M6"	"MINT_Mouse"	"CDK1"
"M6"	"MINT_Mouse"	"CACNB4"
"M6"	"MINT_Mouse"	"PRLR"
"M6"	"MINT_Mouse"	"SEMA6A"
"M6"	"StelzlLow"	"HJURP"
"M6"	"DIP_Rat"	"RIMS1"
"M6"	"DIP_Rat"	"RIMS2"
"M6"	"MIPS"	"RRM2"
"M6"	"MIPS"	"CDC20"
"M6"	"KIM_MYC"	"ANLN"
"M6"	"KIM_MYC"	"CDK1"
"M6"	"KIM_MYC"	"TOP2A"
"M6"	"MINT_Rat"	"RIMS2"
"M6"	"FlyHigh"	"PHYHD1"
"M6"	"VidalHuman_non_core"	"BUB1"
"M6"	"VidalHuman_non_core"	"MYBL2"
"M7"	"BioGrid"	"ESRRG"
"M7"	"BioGrid"	"SEC24C"
"M7"	"BioGrid"	"GADD45G"
"M7"	"BioGrid"	"CDKN2A"
"M7"	"BioGrid"	"CIART"
"M7"	"BioGrid"	"S100A10"
"M7"	"BioGrid"	"HSPG2"
"M7"	"BioGrid"	"GPR37"
"M7"	"BioGrid"	"FBP1"
"M7"	"BioGrid"	"ENTPD5"
"M7"	"BioGrid"	"CCNK"
"M7"	"BioGrid"	"SCAND1"
"M7"	"BioGrid"	"KIF1A"
"M7"	"BioGrid"	"SPRY4"
"M7"	"BioGrid"	"TXNDC5"
"M7"	"BioGrid"	"MALL"
"M7"	"BioGrid"	"DOCK8"
"M7"	"BioGrid"	"NFAT5"
"M7"	"BioGrid"	"GOLM1"
"M7"	"BioGrid"	"ITPR3"
"M7"	"BioGrid"	"HBB"
"M7"	"BioGrid"	"USP37"
"M7"	"BioGrid"	"NNMT"
"M7"	"BioGrid"	"PCDHGC3"
"M7"	"BioGrid"	"ASAP2"
"M7"	"BioGrid"	"ATF7IP2"
"M7"	"BioGrid"	"FASN"
"M7"	"BioGrid"	"TIMP3"
"M7"	"BioGrid"	"SHPRH"
"M7"	"BioGrid"	"EHF"
"M7"	"BioGrid"	"PLA2G16"
"M7"	"BioGrid"	"BCL9L"
"M7"	"BioGrid"	"AKR1C3"
"M7"	"BioGrid"	"RAPH1"
"M7"	"BioGrid"	"RAB11FIP1"
"M7"	"BioGrid"	"LIPG"
"M7"	"BioGrid"	"ATP11A"
"M7"	"IntAct"	"ESRRG"
"M7"	"IntAct"	"SEC24C"
"M7"	"IntAct"	"GADD45G"
"M7"	"IntAct"	"CDKN2A"
"M7"	"IntAct"	"S100A10"
"M7"	"IntAct"	"HSPG2"
"M7"	"IntAct"	"FBP1"
"M7"	"IntAct"	"ENTPD5"
"M7"	"IntAct"	"CCNK"
"M7"	"IntAct"	"TSTD2"
"M7"	"IntAct"	"SCAND1"
"M7"	"IntAct"	"KIF1A"
"M7"	"IntAct"	"SPRY4"
"M7"	"IntAct"	"TXNDC5"
"M7"	"IntAct"	"MALL"
"M7"	"IntAct"	"DOCK8"
"M7"	"IntAct"	"NFAT5"
"M7"	"IntAct"	"CEMIP"
"M7"	"IntAct"	"GOLM1"
"M7"	"IntAct"	"ITPR3"
"M7"	"IntAct"	"HBB"
"M7"	"IntAct"	"USP37"
"M7"	"IntAct"	"NNMT"
"M7"	"IntAct"	"PCDHGC3"
"M7"	"IntAct"	"ASAP2"
"M7"	"IntAct"	"FASN"
"M7"	"IntAct"	"TIMP3"
"M7"	"IntAct"	"SHPRH"
"M7"	"IntAct"	"EHF"
"M7"	"IntAct"	"PCSK1N"
"M7"	"IntAct"	"TBC1D14"
"M7"	"IntAct"	"PLA2G16"
"M7"	"IntAct"	"AKR1C3"
"M7"	"IntAct"	"RAPH1"
"M7"	"IntAct"	"RAB11FIP1"
"M7"	"IntAct"	"NOMO3"
"M7"	"IntAct"	"LIPG"
"M7"	"IntAct"	"PCDHB5"
"M7"	"HPRD"	"ESRRG"
"M7"	"HPRD"	"SEC24C"
"M7"	"HPRD"	"GADD45G"
"M7"	"HPRD"	"S100A10"
"M7"	"HPRD"	"HSPG2"
"M7"	"HPRD"	"GPR37"
"M7"	"HPRD"	"FBP1"
"M7"	"HPRD"	"ENTPD5"
"M7"	"HPRD"	"CCNK"
"M7"	"HPRD"	"KIF1A"
"M7"	"HPRD"	"SPRY4"
"M7"	"HPRD"	"MALL"
"M7"	"HPRD"	"DOCK8"
"M7"	"HPRD"	"NFAT5"
"M7"	"HPRD"	"CEMIP"
"M7"	"HPRD"	"GOLM1"
"M7"	"HPRD"	"ADH1C"
"M7"	"HPRD"	"HBB"
"M7"	"HPRD"	"ASAP2"
"M7"	"HPRD"	"ATF7IP2"
"M7"	"HPRD"	"FASN"
"M7"	"HPRD"	"TIMP3"
"M7"	"HPRD"	"BHLHA15"
"M7"	"HPRD"	"PLA2G16"
"M7"	"HPRD"	"ZIK1"
"M7"	"HPRD"	"CECR2"
"M7"	"HPRD"	"AKR1C3"
"M7"	"HPRD"	"RAPH1"
"M7"	"HPRD"	"NOMO3"
"M7"	"VidalHuman_non_core"	"SEC24C"
"M7"	"VidalHuman_non_core"	"FBP1"
"M7"	"VidalHuman_non_core"	"SCAND1"
"M7"	"MINT"	"ESRRG"
"M7"	"MINT"	"GADD45G"
"M7"	"MINT"	"CDKN2A"
"M7"	"MINT"	"S100A10"
"M7"	"MINT"	"FBP1"
"M7"	"MINT"	"ENTPD5"
"M7"	"MINT"	"CCNK"
"M7"	"MINT"	"SCAND1"
"M7"	"MINT"	"KIF1A"
"M7"	"MINT"	"TXNDC5"
"M7"	"MINT"	"MALL"
"M7"	"MINT"	"GOLM1"
"M7"	"MINT"	"ASAP2"
"M7"	"MINT"	"SHPRH"
"M7"	"MINT"	"PLA2G16"
"M7"	"MINT"	"AKR1C3"
"M7"	"BCI"	"CDKN2A"
"M7"	"BCI"	"HSPG2"
"M7"	"BCI"	"ITPR3"
"M7"	"BCI"	"FASN"
"M7"	"DIP_Mouse"	"CIART"
"M7"	"IntAct_Mouse"	"ESRRG"
"M7"	"IntAct_Mouse"	"S100A10"
"M7"	"IntAct_Mouse"	"FBP1"
"M7"	"IntAct_Mouse"	"ITPR3"
"M7"	"BioGrid_Yeast"	"SEC24C"
"M7"	"BioGrid_Yeast"	"FBP1"
"M7"	"BioGrid_Yeast"	"ENTPD5"
"M7"	"BioGrid_Worm"	"SEC24C"
"M7"	"BioGrid_Worm"	"KIF1A"
"M7"	"IntAct_Worm"	"SEC24C"
"M7"	"DIP_Yeast"	"SEC24C"
"M7"	"DIP_Yeast"	"FBP1"
"M7"	"DIP_Yeast"	"ENTPD5"
"M7"	"IntAct_Yeast"	"SEC24C"
"M7"	"IntAct_Yeast"	"FBP1"
"M7"	"YeastMedium"	"FBP1"
"M7"	"BioGrid_Mouse"	"ESRRG"
"M7"	"BioGrid_Mouse"	"CDKN2A"
"M7"	"BioGrid_Mouse"	"SCAND1"
"M7"	"BioGrid_Mouse"	"SPRY4"
"M7"	"BioGrid_Mouse"	"ITPR3"
"M7"	"BioGrid_Mouse"	"FASN"
"M7"	"BioGrid_Mouse"	"EHF"
"M7"	"BioGrid_Mouse"	"BHLHA15"
"M7"	"BioGrid_Mouse"	"PCDHGB2"
"M7"	"INNATEDB_Mouse"	"SPRY4"
"M7"	"INNATEDB_Mouse"	"NFAT5"
"M7"	"INNATEDB_Mouse"	"ASAP2"
"M7"	"INNATEDB_Mouse"	"ISG20"
"M7"	"INNATEDB_Mouse"	"TBC1D14"
"M7"	"INNATEDB_Mouse"	"ZFHX4"
"M7"	"DIP_Fly"	"ESRRG"
"M7"	"DIP_Fly"	"SEC24C"
"M7"	"VidalHuman_core"	"SEC24C"
"M7"	"VidalHuman_core"	"FBP1"
"M7"	"VidalHuman_core"	"CCNK"
"M7"	"VidalHuman_core"	"SCAND1"
"M7"	"VidalHuman_core"	"MALL"
"M7"	"VidalHuman_core"	"PLA2G16"
"M7"	"BIND"	"GADD45G"
"M7"	"BIND"	"CDKN2A"
"M7"	"BIND"	"S100A10"
"M7"	"BIND"	"FBP1"
"M7"	"BIND"	"NFAT5"
"M7"	"BIND"	"ADH1C"
"M7"	"BIND"	"HBB"
"M7"	"BIND"	"ASAP2"
"M7"	"BIND"	"ATF7IP2"
"M7"	"BIND"	"FASN"
"M7"	"BioGrid_Fly"	"ESRRG"
"M7"	"BioGrid_Fly"	"SEC24C"
"M7"	"BioGrid_Fly"	"ENTPD5"
"M7"	"BioGrid_Fly"	"TXNDC5"
"M7"	"IntAct_Fly"	"SEC24C"
"M7"	"IntAct_Fly"	"TXNDC5"
"M7"	"INNATEDB"	"GADD45G"
"M7"	"INNATEDB"	"CDKN2A"
"M7"	"INNATEDB"	"S100A10"
"M7"	"INNATEDB"	"CCNK"
"M7"	"INNATEDB"	"NFAT5"
"M7"	"INNATEDB"	"ASAP2"
"M7"	"INNATEDB"	"TIMP3"
"M7"	"INNATEDB"	"ISG20"
"M7"	"INNATEDB"	"ME3"
"M7"	"INNATEDB"	"PCSK1N"
"M7"	"INNATEDB"	"CUX2"
"M7"	"StelzlMedium"	"GOLM1"
"M7"	"StelzlMedium"	"HBB"
"M7"	"StelzlMedium"	"AKR1C3"
"M7"	"StelzlLow"	"GOLM1"
"M7"	"StelzlLow"	"AKR1C3"
"M7"	"BIND_Fly"	"SEC24C"
"M7"	"FlyLow"	"SEC24C"
"M7"	"MINT_Fly"	"SEC24C"
"M7"	"MINT_Yeast"	"SEC24C"
"M7"	"MINT_Yeast"	"FBP1"
"M7"	"MINT_Yeast"	"ENTPD5"
"M7"	"Tarassov_PCA"	"SEC24C"
"M7"	"StelzlHigh"	"FBP1"
"M7"	"StelzlHigh"	"GOLM1"
"M7"	"StelzlHigh"	"AKR1C3"
"M7"	"BIND_Yeast"	"SEC24C"
"M7"	"BIND_Yeast"	"FBP1"
"M7"	"BIND_Yeast"	"ENTPD5"
"M7"	"MIPS"	"SEC24C"
"M7"	"MIPS"	"FBP1"
"M7"	"MIPS"	"ENTPD5"
"M7"	"ShawnLi"	"ASAP2"
"M7"	"DIP"	"CDKN2A"
"M7"	"DIP"	"GPR37"
"M7"	"DIP"	"FBP1"
"M7"	"DIP"	"KIF1A"
"M7"	"DIP"	"HBB"
"M7"	"BioGrid_Rat"	"ITPR3"
"M7"	"BioGrid_Rat"	"BHLHA15"
"M7"	"BIND_Mouse"	"ESRRG"
"M7"	"BIND_Mouse"	"HSPG2"
"M7"	"MINT_Mouse"	"HSPG2"
"M7"	"FlyHigh"	"ESRRG"
"M7"	"FlyHigh"	"SEC24C"
"M7"	"BIND_Rat"	"FASN"
"M7"	"DIP_Rat"	"FASN"
"M7"	"IntAct_Rat"	"S100A10"
"M7"	"IntAct_Rat"	"FASN"
"M7"	"Krogan_Core"	"FBP1"
"M7"	"YeastLow"	"SEC24C"
"M7"	"YeastLow"	"FBP1"
"M8"	"BioGrid"	"UBD"
"M8"	"BioGrid"	"ITGA4"
"M8"	"BioGrid"	"CXCR4"
"M8"	"BioGrid"	"ISG15"
"M8"	"BioGrid"	"IL7R"
"M8"	"BioGrid"	"IRF8"
"M8"	"BioGrid"	"ITGAL"
"M8"	"BioGrid"	"C3"
"M8"	"BioGrid"	"MMP9"
"M8"	"BioGrid"	"IL2RG"
"M8"	"BioGrid"	"IKZF1"
"M8"	"BioGrid"	"CD3E"
"M8"	"BioGrid"	"OAS1"
"M8"	"BioGrid"	"CD6"
"M8"	"BioGrid"	"SELL"
"M8"	"BioGrid"	"IL2RB"
"M8"	"BioGrid"	"IDO1"
"M8"	"BioGrid"	"IFIT3"
"M8"	"BioGrid"	"IFIT1"
"M8"	"BioGrid"	"RGS1"
"M8"	"BioGrid"	"CSF2RB"
"M8"	"BioGrid"	"PTPRC"
"M8"	"BioGrid"	"OAS3"
"M8"	"BioGrid"	"BCAT1"
"M8"	"BioGrid"	"ZAP70"
"M8"	"BioGrid"	"LTB"
"M8"	"BioGrid"	"CD2"
"M8"	"BioGrid"	"HLA-DQA1"
"M8"	"BioGrid"	"CD79B"
"M8"	"BioGrid"	"RARRES3"
"M8"	"BioGrid"	"CD5"
"M8"	"BioGrid"	"SLAMF7"
"M8"	"BioGrid"	"SERPINA1"
"M8"	"BioGrid"	"IKZF3"
"M8"	"BioGrid"	"DERL3"
"M8"	"BioGrid"	"PPP1R16B"
"M8"	"BioGrid"	"MX1"
"M8"	"BioGrid"	"MX2"
"M8"	"BioGrid"	"HLA-DRB5"
"M8"	"BioGrid"	"DAPP1"
"M8"	"BioGrid"	"CD48"
"M8"	"BioGrid"	"CCL5"
"M8"	"BioGrid"	"HLA-DQA2"
"M8"	"BioGrid"	"CD3D"
"M8"	"BioGrid"	"BST2"
"M8"	"BioGrid"	"FZD9"
"M8"	"BioGrid"	"IFI6"
"M8"	"BioGrid"	"OAS2"
"M8"	"BioGrid"	"XAF1"
"M8"	"BioGrid"	"NLRP2"
"M8"	"BioGrid"	"CXCL11"
"M8"	"BioGrid"	"CXCL9"
"M8"	"BioGrid"	"IFI27"
"M8"	"BioGrid"	"LAMP3"
"M8"	"BioGrid"	"CD163"
"M8"	"BioGrid"	"GBP5"
"M8"	"BioGrid"	"SPOCK2"
"M8"	"IntAct"	"UBD"
"M8"	"IntAct"	"ITGA4"
"M8"	"IntAct"	"CXCR4"
"M8"	"IntAct"	"LYZ"
"M8"	"IntAct"	"ISG15"
"M8"	"IntAct"	"IL7R"
"M8"	"IntAct"	"IRF8"
"M8"	"IntAct"	"ITGAL"
"M8"	"IntAct"	"C3"
"M8"	"IntAct"	"MMP9"
"M8"	"IntAct"	"IL2RG"
"M8"	"IntAct"	"IKZF1"
"M8"	"IntAct"	"CD3E"
"M8"	"IntAct"	"OAS1"
"M8"	"IntAct"	"CD6"
"M8"	"IntAct"	"IL2RB"
"M8"	"IntAct"	"IDO1"
"M8"	"IntAct"	"IFIT3"
"M8"	"IntAct"	"IFIT1"
"M8"	"IntAct"	"RGS1"
"M8"	"IntAct"	"CSF2RB"
"M8"	"IntAct"	"PTPRC"
"M8"	"IntAct"	"OAS3"
"M8"	"IntAct"	"BCAT1"
"M8"	"IntAct"	"ZAP70"
"M8"	"IntAct"	"LTB"
"M8"	"IntAct"	"CD2"
"M8"	"IntAct"	"HLA-DQA1"
"M8"	"IntAct"	"CD5"
"M8"	"IntAct"	"SLAMF7"
"M8"	"IntAct"	"SERPINA1"
"M8"	"IntAct"	"IKZF3"
"M8"	"IntAct"	"PPP1R16B"
"M8"	"IntAct"	"MX1"
"M8"	"IntAct"	"MX2"
"M8"	"IntAct"	"DAPP1"
"M8"	"IntAct"	"CD48"
"M8"	"IntAct"	"CCL5"
"M8"	"IntAct"	"CD3D"
"M8"	"IntAct"	"CXCL10"
"M8"	"IntAct"	"BST2"
"M8"	"IntAct"	"EPSTI1"
"M8"	"IntAct"	"FZD9"
"M8"	"IntAct"	"OAS2"
"M8"	"IntAct"	"CXCL11"
"M8"	"IntAct"	"CXCL9"
"M8"	"IntAct"	"IFI27"
"M8"	"IntAct"	"COL26A1"
"M8"	"IntAct"	"LAMP3"
"M8"	"IntAct"	"GBP5"
"M8"	"IntAct"	"SPOCK2"
"M8"	"INNATEDB"	"ITGA4"
"M8"	"INNATEDB"	"CXCR4"
"M8"	"INNATEDB"	"LYZ"
"M8"	"INNATEDB"	"ISG15"
"M8"	"INNATEDB"	"IL7R"
"M8"	"INNATEDB"	"IRF8"
"M8"	"INNATEDB"	"ITGAL"
"M8"	"INNATEDB"	"C3"
"M8"	"INNATEDB"	"MMP9"
"M8"	"INNATEDB"	"IL2RG"
"M8"	"INNATEDB"	"IKZF1"
"M8"	"INNATEDB"	"OAS1"
"M8"	"INNATEDB"	"SELL"
"M8"	"INNATEDB"	"CCL19"
"M8"	"INNATEDB"	"IL2RB"
"M8"	"INNATEDB"	"IDO1"
"M8"	"INNATEDB"	"IFIT3"
"M8"	"INNATEDB"	"IFIT1"
"M8"	"INNATEDB"	"CSF2RB"
"M8"	"INNATEDB"	"OAS3"
"M8"	"INNATEDB"	"ZAP70"
"M8"	"INNATEDB"	"RSAD2"
"M8"	"INNATEDB"	"LTB"
"M8"	"INNATEDB"	"RARRES3"
"M8"	"INNATEDB"	"CD5"
"M8"	"INNATEDB"	"SERPINA1"
"M8"	"INNATEDB"	"IKZF3"
"M8"	"INNATEDB"	"MX1"
"M8"	"INNATEDB"	"CXCL10"
"M8"	"INNATEDB"	"EPSTI1"
"M8"	"INNATEDB"	"IFI6"
"M8"	"INNATEDB"	"OAS2"
"M8"	"INNATEDB"	"XAF1"
"M8"	"INNATEDB"	"NLRP2"
"M8"	"INNATEDB"	"CXCL11"
"M8"	"INNATEDB"	"ERAP2"
"M8"	"INNATEDB"	"CXCL9"
"M8"	"INNATEDB"	"RTP4"
"M8"	"INNATEDB_Mouse"	"ISG15"
"M8"	"INNATEDB_Mouse"	"IL7R"
"M8"	"INNATEDB_Mouse"	"IRF8"
"M8"	"INNATEDB_Mouse"	"C3"
"M8"	"INNATEDB_Mouse"	"IL2RG"
"M8"	"INNATEDB_Mouse"	"CD6"
"M8"	"INNATEDB_Mouse"	"SELL"
"M8"	"INNATEDB_Mouse"	"IL2RB"
"M8"	"INNATEDB_Mouse"	"IDO1"
"M8"	"INNATEDB_Mouse"	"ZAP70"
"M8"	"INNATEDB_Mouse"	"RSAD2"
"M8"	"INNATEDB_Mouse"	"DAPP1"
"M8"	"INNATEDB_Mouse"	"CCL5"
"M8"	"INNATEDB_Mouse"	"SIGLEC1"
"M8"	"INNATEDB_Mouse"	"RTP4"
"M8"	"BCI"	"ITGA4"
"M8"	"BCI"	"CXCR4"
"M8"	"BCI"	"IL7R"
"M8"	"BCI"	"IRF8"
"M8"	"BCI"	"ITGAL"
"M8"	"BCI"	"MMP9"
"M8"	"BCI"	"IL2RG"
"M8"	"BCI"	"IKZF1"
"M8"	"BCI"	"CD3E"
"M8"	"BCI"	"CD6"
"M8"	"BCI"	"SELL"
"M8"	"BCI"	"CCL19"
"M8"	"BCI"	"IL2RB"
"M8"	"BCI"	"IFIT1"
"M8"	"BCI"	"RGS1"
"M8"	"BCI"	"CSF2RB"
"M8"	"BCI"	"PTPRC"
"M8"	"BCI"	"ZAP70"
"M8"	"BCI"	"LTB"
"M8"	"BCI"	"CD2"
"M8"	"BCI"	"CD79B"
"M8"	"BCI"	"CD5"
"M8"	"BCI"	"MX1"
"M8"	"BCI"	"CD48"
"M8"	"BCI"	"CCL5"
"M8"	"BCI"	"CD3D"
"M8"	"BCI"	"KLRB1"
"M8"	"BCI"	"SPOCK2"
"M8"	"HPRD"	"UBD"
"M8"	"HPRD"	"ITGA4"
"M8"	"HPRD"	"CXCR4"
"M8"	"HPRD"	"LYZ"
"M8"	"HPRD"	"ISG15"
"M8"	"HPRD"	"IL7R"
"M8"	"HPRD"	"IRF8"
"M8"	"HPRD"	"ITGAL"
"M8"	"HPRD"	"C3"
"M8"	"HPRD"	"MMP9"
"M8"	"HPRD"	"IL2RG"
"M8"	"HPRD"	"IKZF1"
"M8"	"HPRD"	"CD3E"
"M8"	"HPRD"	"CD6"
"M8"	"HPRD"	"SELL"
"M8"	"HPRD"	"CCL19"
"M8"	"HPRD"	"IL2RB"
"M8"	"HPRD"	"IDO1"
"M8"	"HPRD"	"IFIT3"
"M8"	"HPRD"	"IFIT1"
"M8"	"HPRD"	"RGS1"
"M8"	"HPRD"	"CSF2RB"
"M8"	"HPRD"	"ZAP70"
"M8"	"HPRD"	"LTB"
"M8"	"HPRD"	"CD2"
"M8"	"HPRD"	"HLA-DQA1"
"M8"	"HPRD"	"CD79B"
"M8"	"HPRD"	"RARRES3"
"M8"	"HPRD"	"CD5"
"M8"	"HPRD"	"SLAMF7"
"M8"	"HPRD"	"SERPINA1"
"M8"	"HPRD"	"IKZF3"
"M8"	"HPRD"	"DERL3"
"M8"	"HPRD"	"MX1"
"M8"	"HPRD"	"MX2"
"M8"	"HPRD"	"HLA-DRB5"
"M8"	"HPRD"	"CD48"
"M8"	"HPRD"	"CCL5"
"M8"	"HPRD"	"HLA-DQA2"
"M8"	"HPRD"	"HLA-DQB1"
"M8"	"HPRD"	"CD3D"
"M8"	"HPRD"	"JCHAIN"
"M8"	"HPRD"	"CXCL10"
"M8"	"HPRD"	"FZD9"
"M8"	"HPRD"	"IFI6"
"M8"	"HPRD"	"XAF1"
"M8"	"HPRD"	"CXCL11"
"M8"	"HPRD"	"CXCL9"
"M8"	"HPRD"	"IFI27"
"M8"	"HPRD"	"COL26A1"
"M8"	"HPRD"	"CHI3L1"
"M8"	"HPRD"	"GBP5"
"M8"	"HPRD"	"SPOCK2"
"M8"	"MINT"	"ITGA4"
"M8"	"MINT"	"LYZ"
"M8"	"MINT"	"ISG15"
"M8"	"MINT"	"ITGAL"
"M8"	"MINT"	"IKZF1"
"M8"	"MINT"	"CD3E"
"M8"	"MINT"	"CD6"
"M8"	"MINT"	"IL2RB"
"M8"	"MINT"	"IFIT3"
"M8"	"MINT"	"RGS1"
"M8"	"MINT"	"CSF2RB"
"M8"	"MINT"	"PTPRC"
"M8"	"MINT"	"ZAP70"
"M8"	"MINT"	"CD2"
"M8"	"MINT"	"HLA-DQA1"
"M8"	"MINT"	"CD5"
"M8"	"MINT"	"SERPINA1"
"M8"	"MINT"	"IKZF3"
"M8"	"MINT"	"DAPP1"
"M8"	"MINT"	"CCL5"
"M8"	"MINT"	"CD3D"
"M8"	"MINT"	"LAMP3"
"M8"	"BioGrid_Mouse"	"ISG15"
"M8"	"BioGrid_Mouse"	"IRF8"
"M8"	"BioGrid_Mouse"	"MMP9"
"M8"	"BioGrid_Mouse"	"IKZF1"
"M8"	"BioGrid_Mouse"	"CD3E"
"M8"	"BioGrid_Mouse"	"IDO1"
"M8"	"BioGrid_Mouse"	"PTPRC"
"M8"	"BioGrid_Mouse"	"ZAP70"
"M8"	"BioGrid_Mouse"	"RSAD2"
"M8"	"BioGrid_Mouse"	"IKZF3"
"M8"	"BioGrid_Mouse"	"HLA-DQB1"
"M8"	"BioGrid_Mouse"	"CD3D"
"M8"	"DIP_Mouse"	"IDO1"
"M8"	"DIP_Mouse"	"CD79B"
"M8"	"VidalHuman_core"	"ISG15"
"M8"	"VidalHuman_core"	"IFIT3"
"M8"	"VidalHuman_core"	"IFIT1"
"M8"	"VidalHuman_non_core"	"IL2RG"
"M8"	"VidalHuman_non_core"	"IFIT3"
"M8"	"VidalHuman_non_core"	"IFIT1"
"M8"	"MINT_Yeast"	"BCAT1"
"M8"	"MINT_Mouse"	"RGS1"
"M8"	"MINT_Mouse"	"HLA-DQA1"
"M8"	"IntAct_Mouse"	"ISG15"
"M8"	"IntAct_Mouse"	"IL2RG"
"M8"	"IntAct_Mouse"	"IDO1"
"M8"	"IntAct_Mouse"	"ZAP70"
"M8"	"IntAct_Mouse"	"LTB"
"M8"	"IntAct_Mouse"	"HLA-DQA1"
"M8"	"IntAct_Mouse"	"HLA-DRB5"
"M8"	"BioGrid_Yeast"	"IDO1"
"M8"	"BioGrid_Yeast"	"BCAT1"
"M8"	"DIP"	"ITGA4"
"M8"	"DIP"	"CXCR4"
"M8"	"DIP"	"ISG15"
"M8"	"DIP"	"MMP9"
"M8"	"DIP"	"IL2RG"
"M8"	"DIP"	"CCL19"
"M8"	"DIP"	"IL2RB"
"M8"	"DIP"	"IFIT1"
"M8"	"DIP"	"CSF2RB"
"M8"	"DIP"	"PTPRC"
"M8"	"DIP"	"ZAP70"
"M8"	"DIP"	"CD79B"
"M8"	"DIP"	"CD5"
"M8"	"DIP"	"SERPINA1"
"M8"	"DIP"	"MX1"
"M8"	"DIP"	"CCL5"
"M8"	"DIP"	"CXCL10"
"M8"	"DIP"	"BST2"
"M8"	"DIP"	"CXCL11"
"M8"	"DIP"	"CXCL9"
"M8"	"BIND"	"CXCR4"
"M8"	"BIND"	"ITGAL"
"M8"	"BIND"	"C3"
"M8"	"BIND"	"MMP9"
"M8"	"BIND"	"SELL"
"M8"	"BIND"	"IL2RB"
"M8"	"BIND"	"CSF2RB"
"M8"	"BIND"	"PTPRC"
"M8"	"BIND"	"ZAP70"
"M8"	"BIND"	"CD2"
"M8"	"BIND"	"SERPINA1"
"M8"	"BIND"	"MX1"
"M8"	"BIND"	"HLA-DRB5"
"M8"	"BIND"	"CCL5"
"M8"	"BIND"	"CD3D"
"M8"	"BIND"	"CXCL10"
"M8"	"BIND"	"CHI3L1"
"M8"	"BIND_Rat"	"C3"
"M8"	"BIND_Rat"	"CD2"
"M8"	"BIND_Rat"	"CD48"
"M8"	"BIND_Mouse"	"IL2RG"
"M8"	"BIND_Mouse"	"CD3E"
"M8"	"BIND_Mouse"	"HLA-DQA1"
"M8"	"IntAct_Yeast"	"BCAT1"
"M8"	"StelzlMedium"	"RGS1"
"M8"	"StelzlMedium"	"HLA-DQA1"
"M8"	"ShawnLi"	"IL2RG"
"M8"	"StelzlHigh"	"HLA-DQA1"
"M8"	"I2D-c_Fiona_HUMAN"	"MMP9"
"M8"	"IntAct_Rat"	"PTPRC"
"M8"	"MGI"	"COL26A1"
"M8"	"BioGrid_Fly"	"BCAT1"
"M9"	"BioGrid"	"BHLHE40"
"M9"	"BioGrid"	"ZFP36"
"M9"	"BioGrid"	"BTG2"
"M9"	"BioGrid"	"FOS"
"M9"	"BioGrid"	"ICAM1"
"M9"	"BioGrid"	"EGR1"
"M9"	"BioGrid"	"ADAMTS4"
"M9"	"BioGrid"	"ADAMTS1"
"M9"	"BioGrid"	"GEM"
"M9"	"BioGrid"	"BMP2"
"M9"	"BioGrid"	"JUN"
"M9"	"BioGrid"	"CDKN1A"
"M9"	"BioGrid"	"EPHA2"
"M9"	"BioGrid"	"TNFRSF12A"
"M9"	"BioGrid"	"KLF6"
"M9"	"BioGrid"	"ELF3"
"M9"	"BioGrid"	"CCL4"
"M9"	"BioGrid"	"SOCS3"
"M9"	"BioGrid"	"GADD45B"
"M9"	"BioGrid"	"EGR2"
"M9"	"BioGrid"	"JUNB"
"M9"	"BioGrid"	"DUSP1"
"M9"	"BioGrid"	"ZC3H12A"
"M9"	"BioGrid"	"PTGS2"
"M9"	"BioGrid"	"CEBPD"
"M9"	"BioGrid"	"RND1"
"M9"	"BioGrid"	"NR4A1"
"M9"	"BioGrid"	"CXCL8"
"M9"	"BioGrid"	"RASD1"
"M9"	"BioGrid"	"ATF3"
"M9"	"BioGrid"	"DUSP4"
"M9"	"BioGrid"	"SERPINE1"
"M9"	"BioGrid"	"HBEGF"
"M9"	"BioGrid"	"NR4A2"
"M9"	"BioGrid"	"CXCL2"
"M9"	"BioGrid"	"KLF10"
"M9"	"BioGrid"	"B3GNT5"
"M9"	"BioGrid"	"THBS1"
"M9"	"BioGrid"	"RGS16"
"M9"	"BioGrid"	"ACHE"
"M9"	"BioGrid"	"NCOA7"
"M9"	"BioGrid"	"CCL2"
"M9"	"BioGrid"	"IER3"
"M9"	"BioGrid"	"EDN1"
"M9"	"BioGrid"	"SELE"
"M9"	"BioGrid"	"FOSB"
"M9"	"BioGrid"	"DUSP5"
"M9"	"BioGrid"	"PTGER4"
"M9"	"BioGrid"	"NR4A3"
"M9"	"BioGrid"	"CD69"
"M9"	"BioGrid"	"GPR183"
"M9"	"BioGrid"	"EMP1"
"M9"	"BioGrid"	"CSRNP1"
"M9"	"BioGrid"	"CHAC1"
"M9"	"DIP"	"ZFP36"
"M9"	"DIP"	"FOS"
"M9"	"DIP"	"ICAM1"
"M9"	"DIP"	"BMP2"
"M9"	"DIP"	"JUN"
"M9"	"DIP"	"CDKN1A"
"M9"	"DIP"	"EPHA2"
"M9"	"DIP"	"CCL4"
"M9"	"DIP"	"JUNB"
"M9"	"DIP"	"PTGS2"
"M9"	"DIP"	"CEBPD"
"M9"	"DIP"	"NR4A1"
"M9"	"DIP"	"CXCL8"
"M9"	"DIP"	"LIF"
"M9"	"DIP"	"ATF3"
"M9"	"DIP"	"CCL2"
"M9"	"DIP"	"SELE"
"M9"	"DIP"	"FOSB"
"M9"	"IntAct"	"BHLHE40"
"M9"	"IntAct"	"ZFP36"
"M9"	"IntAct"	"BTG2"
"M9"	"IntAct"	"FOS"
"M9"	"IntAct"	"ICAM1"
"M9"	"IntAct"	"EGR1"
"M9"	"IntAct"	"ADAMTS4"
"M9"	"IntAct"	"GEM"
"M9"	"IntAct"	"BMP2"
"M9"	"IntAct"	"JUN"
"M9"	"IntAct"	"CDKN1A"
"M9"	"IntAct"	"EPHA2"
"M9"	"IntAct"	"KLF6"
"M9"	"IntAct"	"ELF3"
"M9"	"IntAct"	"CCL4"
"M9"	"IntAct"	"SOCS3"
"M9"	"IntAct"	"GADD45B"
"M9"	"IntAct"	"TRIB1"
"M9"	"IntAct"	"EGR2"
"M9"	"IntAct"	"JUNB"
"M9"	"IntAct"	"DUSP1"
"M9"	"IntAct"	"ZC3H12A"
"M9"	"IntAct"	"RND1"
"M9"	"IntAct"	"NR4A1"
"M9"	"IntAct"	"CXCL8"
"M9"	"IntAct"	"RASD1"
"M9"	"IntAct"	"ATF3"
"M9"	"IntAct"	"DUSP4"
"M9"	"IntAct"	"SERPINE1"
"M9"	"IntAct"	"HBEGF"
"M9"	"IntAct"	"SLC2A3"
"M9"	"IntAct"	"NR4A2"
"M9"	"IntAct"	"CXCL2"
"M9"	"IntAct"	"KLF10"
"M9"	"IntAct"	"THBS1"
"M9"	"IntAct"	"ACHE"
"M9"	"IntAct"	"NCOA7"
"M9"	"IntAct"	"IER3"
"M9"	"IntAct"	"SELE"
"M9"	"IntAct"	"DUSP2"
"M9"	"IntAct"	"DUSP5"
"M9"	"IntAct"	"CD69"
"M9"	"IntAct"	"EMP1"
"M9"	"INNATEDB"	"BHLHE40"
"M9"	"INNATEDB"	"ZFP36"
"M9"	"INNATEDB"	"FOS"
"M9"	"INNATEDB"	"ICAM1"
"M9"	"INNATEDB"	"EGR1"
"M9"	"INNATEDB"	"BMP2"
"M9"	"INNATEDB"	"JUN"
"M9"	"INNATEDB"	"CDKN1A"
"M9"	"INNATEDB"	"KLF6"
"M9"	"INNATEDB"	"SOCS3"
"M9"	"INNATEDB"	"GADD45B"
"M9"	"INNATEDB"	"JUNB"
"M9"	"INNATEDB"	"DUSP1"
"M9"	"INNATEDB"	"PTGS2"
"M9"	"INNATEDB"	"CEBPD"
"M9"	"INNATEDB"	"RND1"
"M9"	"INNATEDB"	"NR4A1"
"M9"	"INNATEDB"	"CXCL8"
"M9"	"INNATEDB"	"DUSP4"
"M9"	"INNATEDB"	"HBEGF"
"M9"	"INNATEDB"	"SLC2A3"
"M9"	"INNATEDB"	"NR4A2"
"M9"	"INNATEDB"	"CXCL2"
"M9"	"INNATEDB"	"KLF10"
"M9"	"INNATEDB"	"THBS1"
"M9"	"INNATEDB"	"ACHE"
"M9"	"INNATEDB"	"CCL2"
"M9"	"INNATEDB"	"EGR3"
"M9"	"INNATEDB"	"SELE"
"M9"	"INNATEDB"	"STC1"
"M9"	"INNATEDB"	"NFKBIZ"
"M9"	"INNATEDB"	"PTGER4"
"M9"	"INNATEDB"	"NR4A3"
"M9"	"INNATEDB"	"IER2"
"M9"	"INNATEDB"	"CD69"
"M9"	"INNATEDB"	"CHAC1"
"M9"	"HPRD"	"BHLHE40"
"M9"	"HPRD"	"BTG2"
"M9"	"HPRD"	"FOS"
"M9"	"HPRD"	"ICAM1"
"M9"	"HPRD"	"EGR1"
"M9"	"HPRD"	"ADAMTS4"
"M9"	"HPRD"	"ADAMTS1"
"M9"	"HPRD"	"GEM"
"M9"	"HPRD"	"BMP2"
"M9"	"HPRD"	"JUN"
"M9"	"HPRD"	"CDKN1A"
"M9"	"HPRD"	"EPHA2"
"M9"	"HPRD"	"TNFRSF12A"
"M9"	"HPRD"	"KLF6"
"M9"	"HPRD"	"ELF3"
"M9"	"HPRD"	"CCL4"
"M9"	"HPRD"	"SOCS3"
"M9"	"HPRD"	"GADD45B"
"M9"	"HPRD"	"TRIB1"
"M9"	"HPRD"	"EGR2"
"M9"	"HPRD"	"JUNB"
"M9"	"HPRD"	"DUSP1"
"M9"	"HPRD"	"ZC3H12A"
"M9"	"HPRD"	"PTGS2"
"M9"	"HPRD"	"CEBPD"
"M9"	"HPRD"	"RND1"
"M9"	"HPRD"	"NR4A1"
"M9"	"HPRD"	"CXCL8"
"M9"	"HPRD"	"RASD1"
"M9"	"HPRD"	"LIF"
"M9"	"HPRD"	"ATF3"
"M9"	"HPRD"	"DUSP4"
"M9"	"HPRD"	"SERPINE1"
"M9"	"HPRD"	"HBEGF"
"M9"	"HPRD"	"NR4A2"
"M9"	"HPRD"	"CXCL2"
"M9"	"HPRD"	"KLF10"
"M9"	"HPRD"	"THBS1"
"M9"	"HPRD"	"RGS16"
"M9"	"HPRD"	"THBD"
"M9"	"HPRD"	"ACHE"
"M9"	"HPRD"	"NCOA7"
"M9"	"HPRD"	"CCL2"
"M9"	"HPRD"	"EDN1"
"M9"	"HPRD"	"SELE"
"M9"	"HPRD"	"CYR61"
"M9"	"HPRD"	"ADM"
"M9"	"HPRD"	"BDKRB2"
"M9"	"HPRD"	"FOSB"
"M9"	"HPRD"	"NFKBIZ"
"M9"	"HPRD"	"DUSP2"
"M9"	"HPRD"	"DUSP5"
"M9"	"HPRD"	"NR4A3"
"M9"	"HPRD"	"CD69"
"M9"	"HPRD"	"GPR183"
"M9"	"BioGrid_Fly"	"BMP2"
"M9"	"BioGrid_Fly"	"SLC2A3"
"M9"	"BCI"	"ZFP36"
"M9"	"BCI"	"BTG2"
"M9"	"BCI"	"FOS"
"M9"	"BCI"	"ICAM1"
"M9"	"BCI"	"EGR1"
"M9"	"BCI"	"JUN"
"M9"	"BCI"	"CDKN1A"
"M9"	"BCI"	"EPHA2"
"M9"	"BCI"	"KLF6"
"M9"	"BCI"	"GADD45B"
"M9"	"BCI"	"EGR2"
"M9"	"BCI"	"JUNB"
"M9"	"BCI"	"DUSP1"
"M9"	"BCI"	"CEBPD"
"M9"	"BCI"	"NR4A1"
"M9"	"BCI"	"CXCL8"
"M9"	"BCI"	"ATF3"
"M9"	"BCI"	"DUSP4"
"M9"	"BCI"	"SERPINE1"
"M9"	"BCI"	"HBEGF"
"M9"	"BCI"	"NR4A2"
"M9"	"BCI"	"CXCL2"
"M9"	"BCI"	"THBS1"
"M9"	"BCI"	"RGS16"
"M9"	"BCI"	"ACHE"
"M9"	"BCI"	"CYR61"
"M9"	"BCI"	"ADM"
"M9"	"BCI"	"BDKRB2"
"M9"	"BCI"	"FOSB"
"M9"	"BCI"	"DUSP2"
"M9"	"BCI"	"DUSP5"
"M9"	"MINT"	"BHLHE40"
"M9"	"MINT"	"ZFP36"
"M9"	"MINT"	"FOS"
"M9"	"MINT"	"ICAM1"
"M9"	"MINT"	"EGR1"
"M9"	"MINT"	"GEM"
"M9"	"MINT"	"BMP2"
"M9"	"MINT"	"JUN"
"M9"	"MINT"	"CDKN1A"
"M9"	"MINT"	"EPHA2"
"M9"	"MINT"	"KLF6"
"M9"	"MINT"	"SOCS3"
"M9"	"MINT"	"EGR2"
"M9"	"MINT"	"JUNB"
"M9"	"MINT"	"DUSP1"
"M9"	"MINT"	"RND1"
"M9"	"MINT"	"NR4A1"
"M9"	"MINT"	"ATF3"
"M9"	"MINT"	"DUSP4"
"M9"	"MINT"	"SERPINE1"
"M9"	"MINT"	"HBEGF"
"M9"	"MINT"	"SLC2A3"
"M9"	"MINT"	"KLF10"
"M9"	"MINT"	"IER3"
"M9"	"MINT"	"EDN1"
"M9"	"MINT"	"SELE"
"M9"	"MINT"	"DUSP2"
"M9"	"MINT"	"GPR183"
"M9"	"MINT"	"CHAC1"
"M9"	"INNATEDB_Mouse"	"FOS"
"M9"	"INNATEDB_Mouse"	"ICAM1"
"M9"	"INNATEDB_Mouse"	"EGR1"
"M9"	"INNATEDB_Mouse"	"GEM"
"M9"	"INNATEDB_Mouse"	"JUN"
"M9"	"INNATEDB_Mouse"	"CDKN1A"
"M9"	"INNATEDB_Mouse"	"ELF3"
"M9"	"INNATEDB_Mouse"	"CCL4"
"M9"	"INNATEDB_Mouse"	"SOCS3"
"M9"	"INNATEDB_Mouse"	"GADD45B"
"M9"	"INNATEDB_Mouse"	"TRIB1"
"M9"	"INNATEDB_Mouse"	"EGR2"
"M9"	"INNATEDB_Mouse"	"JUNB"
"M9"	"INNATEDB_Mouse"	"DUSP1"
"M9"	"INNATEDB_Mouse"	"ATF3"
"M9"	"INNATEDB_Mouse"	"CXCL2"
"M9"	"INNATEDB_Mouse"	"NCOA7"
"M9"	"INNATEDB_Mouse"	"NFKBIZ"
"M9"	"BioGrid_Mouse"	"BHLHE40"
"M9"	"BioGrid_Mouse"	"ZFP36"
"M9"	"BioGrid_Mouse"	"BTG2"
"M9"	"BioGrid_Mouse"	"FOS"
"M9"	"BioGrid_Mouse"	"EGR1"
"M9"	"BioGrid_Mouse"	"JUN"
"M9"	"BioGrid_Mouse"	"CDKN1A"
"M9"	"BioGrid_Mouse"	"SOCS3"
"M9"	"BioGrid_Mouse"	"TRIB1"
"M9"	"BioGrid_Mouse"	"EGR2"
"M9"	"BioGrid_Mouse"	"JUNB"
"M9"	"BioGrid_Mouse"	"DUSP1"
"M9"	"BioGrid_Mouse"	"PTGS2"
"M9"	"BioGrid_Mouse"	"CEBPD"
"M9"	"BioGrid_Mouse"	"NR4A1"
"M9"	"BioGrid_Mouse"	"ATF3"
"M9"	"BioGrid_Mouse"	"THBS1"
"M9"	"BioGrid_Mouse"	"ACHE"
"M9"	"BioGrid_Mouse"	"FOSB"
"M9"	"BioGrid_Mouse"	"DUSP2"
"M9"	"BioGrid_Mouse"	"NR4A3"
"M9"	"MGI"	"BHLHE40"
"M9"	"MGI"	"BMP2"
"M9"	"MGI"	"JUN"
"M9"	"MGI"	"CDKN1A"
"M9"	"MGI"	"CCL4"
"M9"	"SOURAV_MAPK_LOW"	"FOS"
"M9"	"SOURAV_MAPK_LOW"	"JUN"
"M9"	"IntAct_Mouse"	"ZFP36"
"M9"	"IntAct_Mouse"	"FOS"
"M9"	"IntAct_Mouse"	"GEM"
"M9"	"IntAct_Mouse"	"JUN"
"M9"	"IntAct_Mouse"	"SOCS3"
"M9"	"IntAct_Mouse"	"TRIB1"
"M9"	"IntAct_Mouse"	"EGR2"
"M9"	"IntAct_Mouse"	"PTGS2"
"M9"	"IntAct_Mouse"	"RASD1"
"M9"	"IntAct_Mouse"	"NR4A2"
"M9"	"IntAct_Mouse"	"ACHE"
"M9"	"IntAct_Mouse"	"DUSP2"
"M9"	"BIND"	"BHLHE40"
"M9"	"BIND"	"FOS"
"M9"	"BIND"	"ICAM1"
"M9"	"BIND"	"EGR1"
"M9"	"BIND"	"ADAMTS1"
"M9"	"BIND"	"BMP2"
"M9"	"BIND"	"JUN"
"M9"	"BIND"	"CDKN1A"
"M9"	"BIND"	"KLF6"
"M9"	"BIND"	"CCL4"
"M9"	"BIND"	"GADD45B"
"M9"	"BIND"	"JUNB"
"M9"	"BIND"	"PTGS2"
"M9"	"BIND"	"CEBPD"
"M9"	"BIND"	"CXCL8"
"M9"	"BIND"	"LIF"
"M9"	"BIND"	"ATF3"
"M9"	"BIND"	"SERPINE1"
"M9"	"BIND"	"CXCL2"
"M9"	"BIND"	"THBD"
"M9"	"BIND"	"CCL2"
"M9"	"BIND"	"FOSB"
"M9"	"BIND"	"CD69"
"M9"	"BIND_Mouse"	"FOS"
"M9"	"BIND_Mouse"	"EGR1"
"M9"	"BIND_Mouse"	"BMP2"
"M9"	"BIND_Mouse"	"JUN"
"M9"	"BIND_Mouse"	"CDKN1A"
"M9"	"BIND_Mouse"	"JUNB"
"M9"	"BIND_Mouse"	"PTGS2"
"M9"	"BIND_Mouse"	"RND1"
"M9"	"BIND_Mouse"	"NR4A1"
"M9"	"StelzlMedium"	"CDKN1A"
"M9"	"StelzlMedium"	"KLF6"
"M9"	"StelzlMedium"	"EGR2"
"M9"	"StelzlMedium"	"NR4A1"
"M9"	"StelzlMedium"	"ATF3"
"M9"	"StelzlMedium"	"EDN1"
"M9"	"StelzlMedium"	"GPR183"
"M9"	"DIP_Mouse"	"FOS"
"M9"	"DIP_Mouse"	"ICAM1"
"M9"	"DIP_Mouse"	"JUN"
"M9"	"DIP_Mouse"	"CDKN1A"
"M9"	"DIP_Mouse"	"EPHA2"
"M9"	"DIP_Mouse"	"JUNB"
"M9"	"DIP_Mouse"	"PTGS2"
"M9"	"DIP_Mouse"	"RGS16"
"M9"	"DIP_Mouse"	"SELE"
"M9"	"MINT_Mouse"	"GEM"
"M9"	"MINT_Mouse"	"JUN"
"M9"	"MINT_Mouse"	"SOCS3"
"M9"	"MINT_Mouse"	"EGR2"
"M9"	"MINT_Mouse"	"RGS16"
"M9"	"SOURAV_MAPK_HIGH"	"FOS"
"M9"	"SOURAV_MAPK_HIGH"	"JUN"
"M9"	"StelzlHigh"	"BHLHE40"
"M9"	"StelzlHigh"	"SOCS3"
"M9"	"StelzlHigh"	"EGR2"
"M9"	"StelzlHigh"	"ATF3"
"M9"	"IntAct_Rat"	"BTG2"
"M9"	"IntAct_Rat"	"FOS"
"M9"	"IntAct_Rat"	"ACHE"
"M9"	"MINT_Rat"	"FOS"
"M9"	"MINT_Rat"	"JUN"
"M9"	"VidalHuman_core"	"ZFP36"
"M9"	"VidalHuman_core"	"GEM"
"M9"	"VidalHuman_core"	"CDKN1A"
"M9"	"VidalHuman_core"	"KLF6"
"M9"	"VidalHuman_core"	"JUNB"
"M9"	"VidalHuman_core"	"CHAC1"
"M9"	"DIP_Fly"	"BMP2"
"M9"	"DIP_Fly"	"SLC2A3"
"M9"	"VidalHuman_non_core"	"CDKN1A"
"M9"	"VidalHuman_non_core"	"RASD1"
"M9"	"VidalHuman_non_core"	"CXCL2"
"M9"	"BIND_Rat"	"BTG2"
"M9"	"BIND_Rat"	"JUN"
"M9"	"BioGrid_Rat"	"CDKN1A"
"M9"	"BioGrid_Rat"	"SERPINE1"
"M9"	"DIP_Rat"	"CDKN1A"
"M9"	"StelzlLow"	"CDKN1A"
"M9"	"I2D-c_Fiona_HUMAN"	"CDKN1A"
"M9"	"BIND_Fly"	"SLC2A3"
"M9"	"FlyLow"	"SLC2A3"
"M9"	"IntAct_Fly"	"SLC2A3"
