"Module"	"Gene1"	"Gene2"
"M1"	"IntAct"	"KRT6B"
"M1"	"IntAct"	"EGFR"
"M1"	"IntAct"	"KRT13"
"M1"	"IntAct"	"RASSF10"
"M1"	"IntAct"	"CRYAB"
"M1"	"IntAct"	"SFN"
"M1"	"IntAct"	"MAOA"
"M1"	"IntAct"	"TP63"
"M1"	"IntAct"	"EPPK1"
"M1"	"IntAct"	"TUBB2B"
"M1"	"IntAct"	"MYB"
"M1"	"IntAct"	"NDRG1"
"M1"	"IntAct"	"SULT2B1"
"M1"	"IntAct"	"PLEKHB1"
"M1"	"IntAct"	"IL1A"
"M1"	"IntAct"	"S100A8"
"M1"	"IntAct"	"BMP7"
"M1"	"IntAct"	"PCSK9"
"M1"	"IntAct"	"EFHD1"
"M1"	"IntAct"	"PTK6"
"M1"	"IntAct"	"S100A9"
"M1"	"IntAct"	"NGFR"
"M1"	"IntAct"	"PROX1"
"M1"	"IntAct"	"TP73"
"M1"	"IntAct"	"RYR1"
"M1"	"IntAct"	"SDCBP2"
"M1"	"IntAct"	"TNS4"
"M1"	"IntAct"	"DKK1"
"M1"	"IntAct"	"TACSTD2"
"M1"	"IntAct"	"SOX15"
"M1"	"IntAct"	"CALML3"
"M1"	"IntAct"	"GHR"
"M1"	"IntAct"	"PITX1"
"M1"	"IntAct"	"GRHL3"
"M1"	"IntAct"	"P2RY2"
"M1"	"IntAct"	"P2RY1"
"M1"	"IntAct"	"FGFR3"
"M1"	"IntAct"	"ARNT2"
"M1"	"IntAct"	"SERPINB5"
"M1"	"IntAct"	"TRIM29"
"M1"	"IntAct"	"EPS8L1"
"M1"	"IntAct"	"KRT6A"
"M1"	"IntAct"	"GJA1"
"M1"	"IntAct"	"FABP5"
"M1"	"IntAct"	"ZNF239"
"M1"	"IntAct"	"S100A14"
"M1"	"IntAct"	"SOX7"
"M1"	"IntAct"	"CXCL8"
"M1"	"IntAct"	"EGLN3"
"M1"	"IntAct"	"SLPI"
"M1"	"IntAct"	"KIF1A"
"M1"	"IntAct"	"RASD1"
"M1"	"IntAct"	"FOSL1"
"M1"	"IntAct"	"HMGA2"
"M1"	"IntAct"	"COL7A1"
"M1"	"IntAct"	"OVOL1"
"M1"	"IntAct"	"CLDN1"
"M1"	"IntAct"	"CA12"
"M1"	"IntAct"	"PEG10"
"M1"	"IntAct"	"EDARADD"
"M1"	"IntAct"	"RNF165"
"M1"	"IntAct"	"RHOV"
"M1"	"IntAct"	"NGEF"
"M1"	"IntAct"	"HBEGF"
"M1"	"IntAct"	"MALL"
"M1"	"IntAct"	"FXYD3"
"M1"	"IntAct"	"NDUFA4L2"
"M1"	"IntAct"	"KLC3"
"M1"	"IntAct"	"KRT17"
"M1"	"IntAct"	"SPRR3"
"M1"	"IntAct"	"SRCIN1"
"M1"	"IntAct"	"WNT4"
"M1"	"IntAct"	"CKMT1A"
"M1"	"IntAct"	"WNT7B"
"M1"	"IntAct"	"TGM1"
"M1"	"IntAct"	"KCNH2"
"M1"	"IntAct"	"ICA1"
"M1"	"IntAct"	"BEND7"
"M1"	"IntAct"	"KRT5"
"M1"	"IntAct"	"BNIPL"
"M1"	"IntAct"	"DNAJC6"
"M1"	"IntAct"	"GCNT3"
"M1"	"IntAct"	"EDA"
"M1"	"IntAct"	"LY6D"
"M1"	"IntAct"	"ACVR1C"
"M1"	"IntAct"	"LYPD3"
"M1"	"IntAct"	"STK33"
"M1"	"IntAct"	"CXCL14"
"M1"	"IntAct"	"ADAM22"
"M1"	"IntAct"	"NRG1"
"M1"	"IntAct"	"ACE2"
"M1"	"IntAct"	"IL1B"
"M1"	"IntAct"	"CSTA"
"M1"	"IntAct"	"ITGB8"
"M1"	"IntAct"	"IL1R2"
"M1"	"IntAct"	"CXCL1"
"M1"	"IntAct"	"ARHGEF4"
"M1"	"IntAct"	"KRT14"
"M1"	"IntAct"	"PKP1"
"M1"	"IntAct"	"ALOX12"
"M1"	"IntAct"	"APOL1"
"M1"	"IntAct"	"CA2"
"M1"	"IntAct"	"COL4A5"
"M1"	"IntAct"	"FST"
"M1"	"IntAct"	"S100A2"
"M1"	"IntAct"	"BVES"
"M1"	"IntAct"	"WDR66"
"M1"	"IntAct"	"EYA2"
"M1"	"IntAct"	"MUC20"
"M1"	"IntAct"	"SCEL"
"M1"	"IntAct"	"ANXA8"
"M1"	"IntAct"	"ARL4D"
"M1"	"IntAct"	"DMKN"
"M1"	"IntAct"	"FAM184A"
"M1"	"IntAct"	"SH3RF2"
"M1"	"IntAct"	"RAB7B"
"M1"	"IntAct"	"CLDN16"
"M1"	"IntAct"	"EPHB3"
"M1"	"IntAct"	"CEACAM5"
"M1"	"IntAct"	"SERPINB3"
"M1"	"IntAct"	"SPRR2A"
"M1"	"IntAct"	"DEFB1"
"M1"	"IntAct"	"ANKRD35"
"M1"	"IntAct"	"GJB5"
"M1"	"IntAct"	"DUSP9"
"M1"	"IntAct"	"IL36RN"
"M1"	"IntAct"	"EHF"
"M1"	"IntAct"	"LAMB3"
"M1"	"IntAct"	"LAMC2"
"M1"	"IntAct"	"LIFR"
"M1"	"IntAct"	"FAM171A1"
"M1"	"IntAct"	"TRIM7"
"M1"	"IntAct"	"TMEM108"
"M1"	"IntAct"	"S100A7"
"M1"	"IntAct"	"SERPINB4"
"M1"	"IntAct"	"TMPRSS11D"
"M1"	"IntAct"	"CALML5"
"M1"	"IntAct"	"SERTAD4"
"M1"	"IntAct"	"HOXC13"
"M1"	"IntAct"	"S100A3"
"M1"	"IntAct"	"VSNL1"
"M1"	"IntAct"	"GPNMB"
"M1"	"IntAct"	"STOX1"
"M1"	"IntAct"	"KLK10"
"M1"	"IntAct"	"ZNF488"
"M1"	"IntAct"	"ZNF750"
"M1"	"IntAct"	"REEP6"
"M1"	"IntAct"	"CHDH"
"M1"	"IntAct"	"SDR42E1"
"M1"	"IntAct"	"ST6GALNAC2"
"M1"	"IntAct"	"GJB3"
"M1"	"IntAct"	"C16orf74"
"M1"	"IntAct"	"KRT6C"
"M1"	"IntAct"	"USH1G"
"M1"	"IntAct"	"NMU"
"M1"	"IntAct"	"KRT4"
"M1"	"IntAct"	"KRT16"
"M1"	"IntAct"	"SPRR1B"
"M1"	"IntAct"	"SPRR2D"
"M1"	"IntAct"	"TRPV3"
"M1"	"IntAct"	"PADI3"
"M1"	"IntAct"	"NIPAL4"
"M1"	"IntAct"	"ARSJ"
"M1"	"IntAct"	"ZMAT1"
"M1"	"IntAct"	"TSPYL5"
"M1"	"IntAct"	"PTPRH"
"M1"	"IntAct"	"PIPOX"
"M1"	"IntAct"	"NUDT11"
"M1"	"BioGrid"	"KRT6B"
"M1"	"BioGrid"	"EGFR"
"M1"	"BioGrid"	"KRT13"
"M1"	"BioGrid"	"CRYAB"
"M1"	"BioGrid"	"SFN"
"M1"	"BioGrid"	"TP63"
"M1"	"BioGrid"	"EPPK1"
"M1"	"BioGrid"	"TUBB2B"
"M1"	"BioGrid"	"RBP1"
"M1"	"BioGrid"	"MYB"
"M1"	"BioGrid"	"NDRG1"
"M1"	"BioGrid"	"SULT2B1"
"M1"	"BioGrid"	"IL1A"
"M1"	"BioGrid"	"S100A8"
"M1"	"BioGrid"	"BMP7"
"M1"	"BioGrid"	"PCSK9"
"M1"	"BioGrid"	"EFHD1"
"M1"	"BioGrid"	"PTK6"
"M1"	"BioGrid"	"CA9"
"M1"	"BioGrid"	"S100A9"
"M1"	"BioGrid"	"NGFR"
"M1"	"BioGrid"	"PROX1"
"M1"	"BioGrid"	"AHNAK2"
"M1"	"BioGrid"	"TP73"
"M1"	"BioGrid"	"RYR1"
"M1"	"BioGrid"	"CLDN3"
"M1"	"BioGrid"	"SDCBP2"
"M1"	"BioGrid"	"TNS4"
"M1"	"BioGrid"	"DKK1"
"M1"	"BioGrid"	"SOX15"
"M1"	"BioGrid"	"CALML3"
"M1"	"BioGrid"	"GHR"
"M1"	"BioGrid"	"GLRB"
"M1"	"BioGrid"	"PITX1"
"M1"	"BioGrid"	"PTGES"
"M1"	"BioGrid"	"GRHL3"
"M1"	"BioGrid"	"P2RY2"
"M1"	"BioGrid"	"P2RY1"
"M1"	"BioGrid"	"FGFR3"
"M1"	"BioGrid"	"ARNT2"
"M1"	"BioGrid"	"SERPINB5"
"M1"	"BioGrid"	"TRIM29"
"M1"	"BioGrid"	"EPS8L1"
"M1"	"BioGrid"	"KRT6A"
"M1"	"BioGrid"	"GJA1"
"M1"	"BioGrid"	"ZNF239"
"M1"	"BioGrid"	"S100A14"
"M1"	"BioGrid"	"KLF8"
"M1"	"BioGrid"	"SOX7"
"M1"	"BioGrid"	"CXCL8"
"M1"	"BioGrid"	"EGLN3"
"M1"	"BioGrid"	"QPRT"
"M1"	"BioGrid"	"SLPI"
"M1"	"BioGrid"	"KIF1A"
"M1"	"BioGrid"	"RASD1"
"M1"	"BioGrid"	"FOSL1"
"M1"	"BioGrid"	"HMGA2"
"M1"	"BioGrid"	"COL7A1"
"M1"	"BioGrid"	"OVOL1"
"M1"	"BioGrid"	"HR"
"M1"	"BioGrid"	"BCL11B"
"M1"	"BioGrid"	"FGFBP1"
"M1"	"BioGrid"	"CLDN1"
"M1"	"BioGrid"	"CA12"
"M1"	"BioGrid"	"PEG10"
"M1"	"BioGrid"	"EDARADD"
"M1"	"BioGrid"	"COL17A1"
"M1"	"BioGrid"	"NGEF"
"M1"	"BioGrid"	"HBEGF"
"M1"	"BioGrid"	"MALL"
"M1"	"BioGrid"	"PAX9"
"M1"	"BioGrid"	"NDUFA4L2"
"M1"	"BioGrid"	"KLC3"
"M1"	"BioGrid"	"KRT17"
"M1"	"BioGrid"	"SRCIN1"
"M1"	"BioGrid"	"WNT4"
"M1"	"BioGrid"	"CDH3"
"M1"	"BioGrid"	"CKMT1A"
"M1"	"BioGrid"	"TGM1"
"M1"	"BioGrid"	"KCNH2"
"M1"	"BioGrid"	"WNT3A"
"M1"	"BioGrid"	"TSLP"
"M1"	"BioGrid"	"ICA1"
"M1"	"BioGrid"	"BEND7"
"M1"	"BioGrid"	"KRT5"
"M1"	"BioGrid"	"BNIPL"
"M1"	"BioGrid"	"DNAJC6"
"M1"	"BioGrid"	"GCNT3"
"M1"	"BioGrid"	"EDA"
"M1"	"BioGrid"	"LY6D"
"M1"	"BioGrid"	"STK33"
"M1"	"BioGrid"	"CXCL14"
"M1"	"BioGrid"	"ADAM22"
"M1"	"BioGrid"	"NRG1"
"M1"	"BioGrid"	"SERPINE2"
"M1"	"BioGrid"	"ACE2"
"M1"	"BioGrid"	"IL1B"
"M1"	"BioGrid"	"CSTA"
"M1"	"BioGrid"	"IL1R2"
"M1"	"BioGrid"	"CXCL1"
"M1"	"BioGrid"	"ARHGEF4"
"M1"	"BioGrid"	"KRT14"
"M1"	"BioGrid"	"PKP1"
"M1"	"BioGrid"	"ALOX12"
"M1"	"BioGrid"	"APOL1"
"M1"	"BioGrid"	"CA2"
"M1"	"BioGrid"	"COL4A6"
"M1"	"BioGrid"	"FST"
"M1"	"BioGrid"	"IVL"
"M1"	"BioGrid"	"PI3"
"M1"	"BioGrid"	"S100A2"
"M1"	"BioGrid"	"EYA2"
"M1"	"BioGrid"	"LPAR3"
"M1"	"BioGrid"	"SCEL"
"M1"	"BioGrid"	"SERPINB2"
"M1"	"BioGrid"	"ANXA8"
"M1"	"BioGrid"	"ARL4D"
"M1"	"BioGrid"	"RAB38"
"M1"	"BioGrid"	"DMKN"
"M1"	"BioGrid"	"VASH2"
"M1"	"BioGrid"	"FAM184A"
"M1"	"BioGrid"	"SH3RF2"
"M1"	"BioGrid"	"RAB7B"
"M1"	"BioGrid"	"CAPNS2"
"M1"	"BioGrid"	"CLDN16"
"M1"	"BioGrid"	"PTHLH"
"M1"	"BioGrid"	"CITED4"
"M1"	"BioGrid"	"EPHB3"
"M1"	"BioGrid"	"CEACAM5"
"M1"	"BioGrid"	"SERPINB3"
"M1"	"BioGrid"	"NTF4"
"M1"	"BioGrid"	"LCN2"
"M1"	"BioGrid"	"MMP10"
"M1"	"BioGrid"	"GJB5"
"M1"	"BioGrid"	"DUSP9"
"M1"	"BioGrid"	"MEX3A"
"M1"	"BioGrid"	"IL36RN"
"M1"	"BioGrid"	"EHF"
"M1"	"BioGrid"	"LAMC2"
"M1"	"BioGrid"	"LIFR"
"M1"	"BioGrid"	"DSG3"
"M1"	"BioGrid"	"DSC3"
"M1"	"BioGrid"	"SLC7A8"
"M1"	"BioGrid"	"TRIM7"
"M1"	"BioGrid"	"S100A7"
"M1"	"BioGrid"	"SERPINB4"
"M1"	"BioGrid"	"GJB2"
"M1"	"BioGrid"	"HOXC13"
"M1"	"BioGrid"	"S100A3"
"M1"	"BioGrid"	"LAMA3"
"M1"	"BioGrid"	"IL22RA1"
"M1"	"BioGrid"	"VSNL1"
"M1"	"BioGrid"	"KLK10"
"M1"	"BioGrid"	"RHBDL2"
"M1"	"BioGrid"	"ZNF488"
"M1"	"BioGrid"	"MYEF2"
"M1"	"BioGrid"	"ADAMTSL5"
"M1"	"BioGrid"	"REEP6"
"M1"	"BioGrid"	"CHDH"
"M1"	"BioGrid"	"GALNT14"
"M1"	"BioGrid"	"MN1"
"M1"	"BioGrid"	"TNFRSF18"
"M1"	"BioGrid"	"TMPRSS11A"
"M1"	"BioGrid"	"NMU"
"M1"	"BioGrid"	"PHLDB2"
"M1"	"BioGrid"	"FAM83A"
"M1"	"BioGrid"	"PADI3"
"M1"	"BioGrid"	"FAM110C"
"M1"	"BioGrid"	"RANBP17"
"M1"	"BioGrid"	"TMPRSS4"
"M1"	"BioGrid"	"ARSJ"
"M1"	"BioGrid"	"TSPYL5"
"M1"	"BioGrid"	"PPP1R14C"
"M1"	"BioGrid"	"LRRN2"
"M1"	"DIP_Fly"	"CRYAB"
"M1"	"DIP_Fly"	"WNT4"
"M1"	"Moran_EGFR"	"EGFR"
"M1"	"HPRD"	"EGFR"
"M1"	"HPRD"	"KRT13"
"M1"	"HPRD"	"CRYAB"
"M1"	"HPRD"	"SFN"
"M1"	"HPRD"	"MAOA"
"M1"	"HPRD"	"TP63"
"M1"	"HPRD"	"RBP1"
"M1"	"HPRD"	"MYB"
"M1"	"HPRD"	"NDRG1"
"M1"	"HPRD"	"SULT2B1"
"M1"	"HPRD"	"PLEKHB1"
"M1"	"HPRD"	"IL1A"
"M1"	"HPRD"	"S100A8"
"M1"	"HPRD"	"BMP7"
"M1"	"HPRD"	"PCSK9"
"M1"	"HPRD"	"PTK6"
"M1"	"HPRD"	"CA9"
"M1"	"HPRD"	"S100A9"
"M1"	"HPRD"	"NGFR"
"M1"	"HPRD"	"PROX1"
"M1"	"HPRD"	"TP73"
"M1"	"HPRD"	"RYR1"
"M1"	"HPRD"	"CLDN3"
"M1"	"HPRD"	"SDCBP2"
"M1"	"HPRD"	"DKK1"
"M1"	"HPRD"	"CALML3"
"M1"	"HPRD"	"GHR"
"M1"	"HPRD"	"PITX1"
"M1"	"HPRD"	"GRHL3"
"M1"	"HPRD"	"P2RY1"
"M1"	"HPRD"	"FGFR3"
"M1"	"HPRD"	"ARNT2"
"M1"	"HPRD"	"CLDN11"
"M1"	"HPRD"	"TRIM29"
"M1"	"HPRD"	"EPS8L1"
"M1"	"HPRD"	"KRT6A"
"M1"	"HPRD"	"FABP5"
"M1"	"HPRD"	"ZNF239"
"M1"	"HPRD"	"S100A14"
"M1"	"HPRD"	"SOX7"
"M1"	"HPRD"	"CXCL8"
"M1"	"HPRD"	"EGLN3"
"M1"	"HPRD"	"QPRT"
"M1"	"HPRD"	"KIF1A"
"M1"	"HPRD"	"RASD1"
"M1"	"HPRD"	"FOSL1"
"M1"	"HPRD"	"HMGA2"
"M1"	"HPRD"	"COL7A1"
"M1"	"HPRD"	"HR"
"M1"	"HPRD"	"BCL11B"
"M1"	"HPRD"	"FGFBP1"
"M1"	"HPRD"	"CLDN1"
"M1"	"HPRD"	"CA12"
"M1"	"HPRD"	"PEG10"
"M1"	"HPRD"	"EDARADD"
"M1"	"HPRD"	"COL17A1"
"M1"	"HPRD"	"NGEF"
"M1"	"HPRD"	"HBEGF"
"M1"	"HPRD"	"MALL"
"M1"	"HPRD"	"FXYD3"
"M1"	"HPRD"	"PAX9"
"M1"	"HPRD"	"NDUFA4L2"
"M1"	"HPRD"	"KLC3"
"M1"	"HPRD"	"KRT17"
"M1"	"HPRD"	"SPRR3"
"M1"	"HPRD"	"SRCIN1"
"M1"	"HPRD"	"SYT8"
"M1"	"HPRD"	"CDH3"
"M1"	"HPRD"	"CKMT1A"
"M1"	"HPRD"	"TGM1"
"M1"	"HPRD"	"KCNH2"
"M1"	"HPRD"	"WNT3A"
"M1"	"HPRD"	"TSLP"
"M1"	"HPRD"	"BEND7"
"M1"	"HPRD"	"KRT5"
"M1"	"HPRD"	"BNIPL"
"M1"	"HPRD"	"DNAJC6"
"M1"	"HPRD"	"EDA"
"M1"	"HPRD"	"ACVR1C"
"M1"	"HPRD"	"ADAM22"
"M1"	"HPRD"	"NRG1"
"M1"	"HPRD"	"SERPINE2"
"M1"	"HPRD"	"THBD"
"M1"	"HPRD"	"SERPINB13"
"M1"	"HPRD"	"ACE2"
"M1"	"HPRD"	"IL1B"
"M1"	"HPRD"	"CSTA"
"M1"	"HPRD"	"ITGB8"
"M1"	"HPRD"	"IL1R2"
"M1"	"HPRD"	"CXCL1"
"M1"	"HPRD"	"ARHGEF4"
"M1"	"HPRD"	"KRT14"
"M1"	"HPRD"	"PKP1"
"M1"	"HPRD"	"ALOX12"
"M1"	"HPRD"	"APOL1"
"M1"	"HPRD"	"CA2"
"M1"	"HPRD"	"COL4A5"
"M1"	"HPRD"	"COL4A6"
"M1"	"HPRD"	"FST"
"M1"	"HPRD"	"PI3"
"M1"	"HPRD"	"S100A2"
"M1"	"HPRD"	"MUC4"
"M1"	"HPRD"	"LPAR3"
"M1"	"HPRD"	"SCEL"
"M1"	"HPRD"	"SERPINB2"
"M1"	"HPRD"	"ARL4D"
"M1"	"HPRD"	"RAB38"
"M1"	"HPRD"	"CAPNS2"
"M1"	"HPRD"	"CLDN16"
"M1"	"HPRD"	"PTHLH"
"M1"	"HPRD"	"CITED4"
"M1"	"HPRD"	"EPHB3"
"M1"	"HPRD"	"SPINK5"
"M1"	"HPRD"	"SERPINB3"
"M1"	"HPRD"	"NTF4"
"M1"	"HPRD"	"LCN2"
"M1"	"HPRD"	"ADM"
"M1"	"HPRD"	"DEFB1"
"M1"	"HPRD"	"MMP10"
"M1"	"HPRD"	"S1PR5"
"M1"	"HPRD"	"DUSP9"
"M1"	"HPRD"	"IL36RN"
"M1"	"HPRD"	"LAMB3"
"M1"	"HPRD"	"LAMC2"
"M1"	"HPRD"	"LIFR"
"M1"	"HPRD"	"DSG3"
"M1"	"HPRD"	"DSC3"
"M1"	"HPRD"	"SLC7A8"
"M1"	"HPRD"	"TRIM7"
"M1"	"HPRD"	"S100A7"
"M1"	"HPRD"	"PRIMA1"
"M1"	"HPRD"	"PPP1R9A"
"M1"	"HPRD"	"HUNK"
"M1"	"HPRD"	"SERPINB4"
"M1"	"HPRD"	"CALML5"
"M1"	"HPRD"	"HIF3A"
"M1"	"HPRD"	"GJB6"
"M1"	"HPRD"	"S100A3"
"M1"	"HPRD"	"XDH"
"M1"	"HPRD"	"IL22RA1"
"M1"	"HPRD"	"VSNL1"
"M1"	"HPRD"	"MAP6"
"M1"	"HPRD"	"KLK10"
"M1"	"HPRD"	"RHBDL2"
"M1"	"HPRD"	"SPRR1A"
"M1"	"HPRD"	"GALNT14"
"M1"	"HPRD"	"GJB3"
"M1"	"HPRD"	"TNFRSF18"
"M1"	"HPRD"	"IL20RB"
"M1"	"HPRD"	"TMPRSS11A"
"M1"	"HPRD"	"USH1G"
"M1"	"HPRD"	"IL1RL2"
"M1"	"HPRD"	"PHLDB2"
"M1"	"HPRD"	"VTCN1"
"M1"	"HPRD"	"ESPN"
"M1"	"IntAct_Mouse"	"EGFR"
"M1"	"IntAct_Mouse"	"KRT13"
"M1"	"IntAct_Mouse"	"CRYAB"
"M1"	"IntAct_Mouse"	"SFN"
"M1"	"IntAct_Mouse"	"TP63"
"M1"	"IntAct_Mouse"	"MYB"
"M1"	"IntAct_Mouse"	"SULT2B1"
"M1"	"IntAct_Mouse"	"S100A8"
"M1"	"IntAct_Mouse"	"S100A9"
"M1"	"IntAct_Mouse"	"RYR1"
"M1"	"IntAct_Mouse"	"CLDN3"
"M1"	"IntAct_Mouse"	"SOX15"
"M1"	"IntAct_Mouse"	"GLRB"
"M1"	"IntAct_Mouse"	"ARNT2"
"M1"	"IntAct_Mouse"	"CLDN11"
"M1"	"IntAct_Mouse"	"GJA1"
"M1"	"IntAct_Mouse"	"RASD1"
"M1"	"IntAct_Mouse"	"COL7A1"
"M1"	"IntAct_Mouse"	"CLDN1"
"M1"	"IntAct_Mouse"	"NGEF"
"M1"	"IntAct_Mouse"	"PAX9"
"M1"	"IntAct_Mouse"	"SRCIN1"
"M1"	"IntAct_Mouse"	"SYT8"
"M1"	"IntAct_Mouse"	"SPAG17"
"M1"	"IntAct_Mouse"	"KRT14"
"M1"	"IntAct_Mouse"	"EYA2"
"M1"	"IntAct_Mouse"	"DUSP9"
"M1"	"IntAct_Mouse"	"GJB6"
"M1"	"IntAct_Mouse"	"GJB2"
"M1"	"IntAct_Mouse"	"GPNMB"
"M1"	"IntAct_Mouse"	"TNFRSF18"
"M1"	"IntAct_Mouse"	"USH1G"
"M1"	"IntAct_Mouse"	"KRT16"
"M1"	"BioGrid_Mouse"	"EGFR"
"M1"	"BioGrid_Mouse"	"SFN"
"M1"	"BioGrid_Mouse"	"MAOA"
"M1"	"BioGrid_Mouse"	"TP63"
"M1"	"BioGrid_Mouse"	"RBP1"
"M1"	"BioGrid_Mouse"	"MYB"
"M1"	"BioGrid_Mouse"	"PLEKHB1"
"M1"	"BioGrid_Mouse"	"NGFR"
"M1"	"BioGrid_Mouse"	"PROX1"
"M1"	"BioGrid_Mouse"	"TP73"
"M1"	"BioGrid_Mouse"	"DKK1"
"M1"	"BioGrid_Mouse"	"PITX1"
"M1"	"BioGrid_Mouse"	"GJA1"
"M1"	"BioGrid_Mouse"	"SLPI"
"M1"	"BioGrid_Mouse"	"HR"
"M1"	"BioGrid_Mouse"	"BCL11B"
"M1"	"BioGrid_Mouse"	"FGFBP1"
"M1"	"BioGrid_Mouse"	"CLDN1"
"M1"	"BioGrid_Mouse"	"PAX9"
"M1"	"BioGrid_Mouse"	"KLC3"
"M1"	"BioGrid_Mouse"	"WNT4"
"M1"	"BioGrid_Mouse"	"WNT7B"
"M1"	"BioGrid_Mouse"	"WNT3A"
"M1"	"BioGrid_Mouse"	"ACVR1C"
"M1"	"BioGrid_Mouse"	"IL1B"
"M1"	"BioGrid_Mouse"	"EYA2"
"M1"	"BioGrid_Mouse"	"TMPRSS11E"
"M1"	"BioGrid_Mouse"	"CITED4"
"M1"	"BioGrid_Mouse"	"EPHB3"
"M1"	"BioGrid_Mouse"	"FOXQ1"
"M1"	"BioGrid_Mouse"	"EHF"
"M1"	"BioGrid_Mouse"	"LAMC2"
"M1"	"BioGrid_Mouse"	"WNT9A"
"M1"	"BCI"	"CRYAB"
"M1"	"BCI"	"SFN"
"M1"	"BCI"	"MAOA"
"M1"	"BCI"	"TP63"
"M1"	"BCI"	"RBP1"
"M1"	"BCI"	"MYB"
"M1"	"BCI"	"NDRG1"
"M1"	"BCI"	"IL1A"
"M1"	"BCI"	"S100A8"
"M1"	"BCI"	"BMP7"
"M1"	"BCI"	"NGFR"
"M1"	"BCI"	"GJA1"
"M1"	"BCI"	"CXCL8"
"M1"	"BCI"	"COL7A1"
"M1"	"BCI"	"HBEGF"
"M1"	"BCI"	"PAX9"
"M1"	"BCI"	"KCNH2"
"M1"	"BCI"	"KRT5"
"M1"	"BCI"	"EDA"
"M1"	"BCI"	"IL1B"
"M1"	"BCI"	"CSTA"
"M1"	"BCI"	"KRT14"
"M1"	"BCI"	"PKP1"
"M1"	"BCI"	"ALOX12"
"M1"	"BCI"	"CA2"
"M1"	"BCI"	"S100A2"
"M1"	"BCI"	"LCN2"
"M1"	"BCI"	"EDN2"
"M1"	"BCI"	"ADM"
"M1"	"BCI"	"DEFB1"
"M1"	"BCI"	"IL1RN"
"M1"	"BCI"	"S100A7"
"M1"	"BIND"	"EGFR"
"M1"	"BIND"	"CRYAB"
"M1"	"BIND"	"SFN"
"M1"	"BIND"	"IL1A"
"M1"	"BIND"	"S100A8"
"M1"	"BIND"	"PTK6"
"M1"	"BIND"	"S100A9"
"M1"	"BIND"	"NGFR"
"M1"	"BIND"	"TP73"
"M1"	"BIND"	"SDCBP2"
"M1"	"BIND"	"GHR"
"M1"	"BIND"	"FGFR3"
"M1"	"BIND"	"ARNT2"
"M1"	"BIND"	"GJA1"
"M1"	"BIND"	"CXCL8"
"M1"	"BIND"	"FOSL1"
"M1"	"BIND"	"COL7A1"
"M1"	"BIND"	"BCL11B"
"M1"	"BIND"	"FGFBP1"
"M1"	"BIND"	"CA12"
"M1"	"BIND"	"CKMT1A"
"M1"	"BIND"	"TGM1"
"M1"	"BIND"	"KRT5"
"M1"	"BIND"	"BNIPL"
"M1"	"BIND"	"EDA"
"M1"	"BIND"	"THBD"
"M1"	"BIND"	"CSTA"
"M1"	"BIND"	"CXCL1"
"M1"	"BIND"	"KRT14"
"M1"	"BIND"	"ALOX12"
"M1"	"BIND"	"FST"
"M1"	"BIND"	"PI3"
"M1"	"BIND"	"EPHB3"
"M1"	"BIND"	"NTF4"
"M1"	"BIND"	"F3"
"M1"	"BIND"	"MMP10"
"M1"	"BIND"	"IL1RN"
"M1"	"BIND"	"S100A7"
"M1"	"BIND"	"S100A3"
"M1"	"BIND"	"NMU"
"M1"	"INNATEDB"	"EGFR"
"M1"	"INNATEDB"	"SFN"
"M1"	"INNATEDB"	"TP63"
"M1"	"INNATEDB"	"MYB"
"M1"	"INNATEDB"	"NDRG1"
"M1"	"INNATEDB"	"IL1A"
"M1"	"INNATEDB"	"S100A8"
"M1"	"INNATEDB"	"BMP7"
"M1"	"INNATEDB"	"PTK6"
"M1"	"INNATEDB"	"S100A9"
"M1"	"INNATEDB"	"CLDN3"
"M1"	"INNATEDB"	"GHR"
"M1"	"INNATEDB"	"SERPINB5"
"M1"	"INNATEDB"	"KRT6A"
"M1"	"INNATEDB"	"ZNF239"
"M1"	"INNATEDB"	"CXCL8"
"M1"	"INNATEDB"	"EGLN3"
"M1"	"INNATEDB"	"FOSL1"
"M1"	"INNATEDB"	"HMGA2"
"M1"	"INNATEDB"	"BCL11B"
"M1"	"INNATEDB"	"HBEGF"
"M1"	"INNATEDB"	"KRT17"
"M1"	"INNATEDB"	"CDH3"
"M1"	"INNATEDB"	"KCNH2"
"M1"	"INNATEDB"	"TSLP"
"M1"	"INNATEDB"	"SLC15A1"
"M1"	"INNATEDB"	"SERPINB13"
"M1"	"INNATEDB"	"IL1B"
"M1"	"INNATEDB"	"IL1R2"
"M1"	"INNATEDB"	"CXCL1"
"M1"	"INNATEDB"	"ALOX12"
"M1"	"INNATEDB"	"CA2"
"M1"	"INNATEDB"	"CXCL6"
"M1"	"INNATEDB"	"FST"
"M1"	"INNATEDB"	"SPINK5"
"M1"	"INNATEDB"	"SERPINB3"
"M1"	"INNATEDB"	"DEFB1"
"M1"	"INNATEDB"	"MMP10"
"M1"	"INNATEDB"	"FOXQ1"
"M1"	"INNATEDB"	"METTL7B"
"M1"	"INNATEDB"	"SERPINB4"
"M1"	"INNATEDB"	"HIF3A"
"M1"	"INNATEDB"	"ULBP2"
"M1"	"INNATEDB"	"DUOX2"
"M1"	"INNATEDB"	"TNFRSF18"
"M1"	"INNATEDB"	"IL20RB"
"M1"	"INNATEDB"	"NMU"
"M1"	"INNATEDB"	"KCNJ15"
"M1"	"INNATEDB"	"PADI3"
"M1"	"INNATEDB"	"WNT2B"
"M1"	"MYTH_EGFR"	"EGFR"
"M1"	"BIND_Rat"	"DOC2B"
"M1"	"BIND_Rat"	"NGFR"
"M1"	"BIND_Rat"	"GJA1"
"M1"	"BIND_Rat"	"PPP1R9A"
"M1"	"BIND_Rat"	"NMU"
"M1"	"INNATEDB_Mouse"	"EGFR"
"M1"	"INNATEDB_Mouse"	"TP63"
"M1"	"INNATEDB_Mouse"	"MYB"
"M1"	"INNATEDB_Mouse"	"S100A8"
"M1"	"INNATEDB_Mouse"	"PITX1"
"M1"	"INNATEDB_Mouse"	"P2RY1"
"M1"	"INNATEDB_Mouse"	"GJA1"
"M1"	"INNATEDB_Mouse"	"EGLN3"
"M1"	"INNATEDB_Mouse"	"BCL11B"
"M1"	"INNATEDB_Mouse"	"KCNH2"
"M1"	"INNATEDB_Mouse"	"TSLP"
"M1"	"INNATEDB_Mouse"	"ADAM22"
"M1"	"INNATEDB_Mouse"	"IL1B"
"M1"	"INNATEDB_Mouse"	"CXCL6"
"M1"	"INNATEDB_Mouse"	"LCN2"
"M1"	"INNATEDB_Mouse"	"SLC7A8"
"M1"	"INNATEDB_Mouse"	"SLC5A12"
"M1"	"BioGrid_Fly"	"CRYAB"
"M1"	"BioGrid_Fly"	"TUBB2B"
"M1"	"BioGrid_Fly"	"BMP7"
"M1"	"BioGrid_Fly"	"FGFR3"
"M1"	"BioGrid_Fly"	"SLC15A1"
"M1"	"JonesErbB1"	"EGFR"
"M1"	"MINT"	"KRT6B"
"M1"	"MINT"	"EGFR"
"M1"	"MINT"	"CRYAB"
"M1"	"MINT"	"SFN"
"M1"	"MINT"	"TP63"
"M1"	"MINT"	"TUBB2B"
"M1"	"MINT"	"MYB"
"M1"	"MINT"	"SULT2B1"
"M1"	"MINT"	"S100A8"
"M1"	"MINT"	"BMP7"
"M1"	"MINT"	"PTK6"
"M1"	"MINT"	"NGFR"
"M1"	"MINT"	"PROX1"
"M1"	"MINT"	"TP73"
"M1"	"MINT"	"RYR1"
"M1"	"MINT"	"SDCBP2"
"M1"	"MINT"	"TNS4"
"M1"	"MINT"	"CALML3"
"M1"	"MINT"	"GHR"
"M1"	"MINT"	"PITX1"
"M1"	"MINT"	"P2RY2"
"M1"	"MINT"	"P2RY1"
"M1"	"MINT"	"FGFR3"
"M1"	"MINT"	"SERPINB5"
"M1"	"MINT"	"TRIM29"
"M1"	"MINT"	"GJA1"
"M1"	"MINT"	"S100A14"
"M1"	"MINT"	"QPRT"
"M1"	"MINT"	"KIF1A"
"M1"	"MINT"	"FOSL1"
"M1"	"MINT"	"COL7A1"
"M1"	"MINT"	"BCL11B"
"M1"	"MINT"	"CLDN1"
"M1"	"MINT"	"PEG10"
"M1"	"MINT"	"HBEGF"
"M1"	"MINT"	"MALL"
"M1"	"MINT"	"FXYD3"
"M1"	"MINT"	"NDUFA4L2"
"M1"	"MINT"	"KRT17"
"M1"	"MINT"	"KCNH2"
"M1"	"MINT"	"DNAJC6"
"M1"	"MINT"	"IL1B"
"M1"	"MINT"	"CSTA"
"M1"	"MINT"	"CA2"
"M1"	"MINT"	"FST"
"M1"	"MINT"	"S100A2"
"M1"	"MINT"	"EYA2"
"M1"	"MINT"	"SCEL"
"M1"	"MINT"	"ARL4D"
"M1"	"MINT"	"DUSP9"
"M1"	"MINT"	"LIFR"
"M1"	"MINT"	"PPP1R9A"
"M1"	"MINT"	"TMPRSS11D"
"M1"	"MINT"	"LAMA3"
"M1"	"MINT"	"VSNL1"
"M1"	"MINT"	"KLK10"
"M1"	"MINT"	"CHDH"
"M1"	"MINT"	"USH1G"
"M1"	"MINT"	"PTPRH"
"M1"	"VidalHuman_core"	"KRT6B"
"M1"	"VidalHuman_core"	"SFN"
"M1"	"VidalHuman_core"	"SDCBP2"
"M1"	"VidalHuman_core"	"CALML3"
"M1"	"VidalHuman_core"	"PITX1"
"M1"	"VidalHuman_core"	"TRIM29"
"M1"	"VidalHuman_core"	"KRT6A"
"M1"	"VidalHuman_core"	"QPRT"
"M1"	"VidalHuman_core"	"FOSL1"
"M1"	"VidalHuman_core"	"MALL"
"M1"	"VidalHuman_core"	"KRT17"
"M1"	"VidalHuman_core"	"S100A2"
"M1"	"VidalHuman_core"	"EYA2"
"M1"	"VidalHuman_core"	"CEACAM5"
"M1"	"Blagoev"	"EGFR"
"M1"	"BioGrid_Rat"	"EGFR"
"M1"	"BioGrid_Rat"	"NGFR"
"M1"	"BioGrid_Rat"	"SDCBP2"
"M1"	"BioGrid_Rat"	"GLRB"
"M1"	"BioGrid_Rat"	"GJA1"
"M1"	"BioGrid_Rat"	"HR"
"M1"	"BioGrid_Rat"	"SRCIN1"
"M1"	"BioGrid_Rat"	"WNT3A"
"M1"	"BioGrid_Worm"	"FGFR3"
"M1"	"BioGrid_Worm"	"EPS8L1"
"M1"	"BioGrid_Worm"	"KIF1A"
"M1"	"IntAct_Worm"	"EPS8L1"
"M1"	"IntAct_Worm"	"WNT4"
"M1"	"IntAct_Worm"	"FUT3"
"M1"	"IntAct_Worm"	"XDH"
"M1"	"DIP"	"EGFR"
"M1"	"DIP"	"CRYAB"
"M1"	"DIP"	"TP63"
"M1"	"DIP"	"MYB"
"M1"	"DIP"	"BMP7"
"M1"	"DIP"	"PCSK9"
"M1"	"DIP"	"PTK6"
"M1"	"DIP"	"CA9"
"M1"	"DIP"	"S100A9"
"M1"	"DIP"	"NGFR"
"M1"	"DIP"	"TP73"
"M1"	"DIP"	"CLDN3"
"M1"	"DIP"	"GHR"
"M1"	"DIP"	"FGFR3"
"M1"	"DIP"	"CXCL8"
"M1"	"DIP"	"KIF1A"
"M1"	"DIP"	"FOSL1"
"M1"	"DIP"	"BCL11B"
"M1"	"DIP"	"RNF165"
"M1"	"DIP"	"KCNH2"
"M1"	"DIP"	"WNT3A"
"M1"	"DIP"	"KRT5"
"M1"	"DIP"	"NRG1"
"M1"	"DIP"	"IL1B"
"M1"	"DIP"	"CXCL1"
"M1"	"DIP"	"KRT14"
"M1"	"DIP"	"CLDN16"
"M1"	"DIP"	"LIFR"
"M1"	"DIP"	"IL1RN"
"M1"	"DIP"	"HUNK"
"M1"	"DIP"	"GJB2"
"M1"	"DIP"	"IL22RA1"
"M1"	"DIP"	"TNFRSF18"
"M1"	"DIP"	"USH1G"
"M1"	"DIP"	"RHCG"
"M1"	"IntAct_Yeast"	"PCSK9"
"M1"	"IntAct_Yeast"	"QPRT"
"M1"	"IntAct_Yeast"	"HACD1"
"M1"	"YeastMedium"	"QPRT"
"M1"	"VidalHuman_non_core"	"KRT6B"
"M1"	"VidalHuman_non_core"	"SFN"
"M1"	"VidalHuman_non_core"	"BMP7"
"M1"	"VidalHuman_non_core"	"CLDN3"
"M1"	"VidalHuman_non_core"	"TACSTD2"
"M1"	"VidalHuman_non_core"	"PITX1"
"M1"	"VidalHuman_non_core"	"KRT6A"
"M1"	"VidalHuman_non_core"	"RASD1"
"M1"	"VidalHuman_non_core"	"EYA2"
"M1"	"VidalHuman_non_core"	"ARL4D"
"M1"	"VidalHuman_non_core"	"S100A3"
"M1"	"VidalHuman_non_core"	"NMU"
"M1"	"BioGrid_Yeast"	"PCSK9"
"M1"	"BioGrid_Yeast"	"QPRT"
"M1"	"BioGrid_Yeast"	"SLC15A1"
"M1"	"BioGrid_Yeast"	"HACD1"
"M1"	"StelzlMedium"	"S100A8"
"M1"	"StelzlMedium"	"FGFR3"
"M1"	"StelzlMedium"	"NDUFA4L2"
"M1"	"StelzlMedium"	"KCNH2"
"M1"	"StelzlMedium"	"ARL4D"
"M1"	"StelzlMedium"	"KLK10"
"M1"	"BIND_Mouse"	"S100A8"
"M1"	"BIND_Mouse"	"BMP7"
"M1"	"BIND_Mouse"	"S100A9"
"M1"	"BIND_Mouse"	"ARNT2"
"M1"	"BIND_Mouse"	"CLDN11"
"M1"	"BIND_Mouse"	"EPS8L1"
"M1"	"BIND_Mouse"	"CLDN1"
"M1"	"BIND_Mouse"	"PAX9"
"M1"	"BIND_Mouse"	"WNT4"
"M1"	"BIND_Mouse"	"FST"
"M1"	"BIND_Mouse"	"SLC52A3"
"M1"	"MINT_Mouse"	"EGFR"
"M1"	"MINT_Mouse"	"TP63"
"M1"	"MINT_Mouse"	"CLDN3"
"M1"	"MINT_Mouse"	"SOX15"
"M1"	"MINT_Mouse"	"GLRB"
"M1"	"MINT_Mouse"	"GJA1"
"M1"	"MINT_Mouse"	"COL7A1"
"M1"	"MINT_Mouse"	"CLDN1"
"M1"	"MINT_Mouse"	"USH1G"
"M1"	"MINT_Mouse"	"SLC52A3"
"M1"	"MGI"	"BMP7"
"M1"	"MGI"	"TRIM29"
"M1"	"MGI"	"CLDN1"
"M1"	"MGI"	"WNT4"
"M1"	"MGI"	"WNT7B"
"M1"	"MGI"	"WNT3A"
"M1"	"MGI"	"GJB6"
"M1"	"IntAct_Rat"	"NGFR"
"M1"	"IntAct_Rat"	"P2RY1"
"M1"	"IntAct_Rat"	"GJA1"
"M1"	"IntAct_Rat"	"RHOV"
"M1"	"IntAct_Rat"	"SRCIN1"
"M1"	"IntAct_Rat"	"DUSP9"
"M1"	"IntAct_Rat"	"PPP1R9A"
"M1"	"IntAct_Rat"	"MAP6"
"M1"	"I2D-text_mining-c"	"BMP7"
"M1"	"I2D-text_mining-c"	"CLDN3"
"M1"	"I2D-text_mining-c"	"CSTA"
"M1"	"I2D-c_Fiona_HUMAN"	"EGFR"
"M1"	"I2D-c_Fiona_HUMAN"	"MYB"
"M1"	"I2D-c_Fiona_HUMAN"	"CDH3"
"M1"	"DIP_Mouse"	"EGFR"
"M1"	"DIP_Mouse"	"GHR"
"M1"	"DIP_Mouse"	"GJA1"
"M1"	"DIP_Mouse"	"KLC3"
"M1"	"DIP_Mouse"	"KRT17"
"M1"	"DIP_Mouse"	"WNT3A"
"M1"	"DIP_Mouse"	"TSLP"
"M1"	"DIP_Mouse"	"BVES"
"M1"	"DIP_Mouse"	"LIFR"
"M1"	"SOURAV_MAPK_HIGH"	"S100A9"
"M1"	"SOURAV_MAPK_HIGH"	"ARHGEF4"
"M1"	"BIND_Fly"	"CRYAB"
"M1"	"BIND_Fly"	"BMP7"
"M1"	"BIND_Fly"	"FGFR3"
"M1"	"BIND_Fly"	"SLC15A1"
"M1"	"FlyHigh"	"CRYAB"
"M1"	"FlyHigh"	"SLC15A1"
"M1"	"DIP_Rat"	"NGFR"
"M1"	"DIP_Rat"	"GJA1"
"M1"	"DIP_Rat"	"FOSL1"
"M1"	"StelzlLow"	"S100A8"
"M1"	"StelzlLow"	"COL7A1"
"M1"	"StelzlLow"	"NDUFA4L2"
"M1"	"StelzlLow"	"CSTA"
"M1"	"StelzlHigh"	"S100A8"
"M1"	"StelzlHigh"	"FGFR3"
"M1"	"StelzlHigh"	"ARL4D"
"M1"	"ShawnLi"	"RYR1"
"M1"	"ShawnLi"	"GHR"
"M1"	"MINT_Rat"	"EGFR"
"M1"	"MINT_Rat"	"NGFR"
"M1"	"MINT_Rat"	"PPP1R9A"
"M1"	"BIND_Yeast"	"HACD1"
"M1"	"IntAct_Fly"	"BMP7"
"M1"	"IntAct_Fly"	"WNT7B"
"M1"	"IntAct_Fly"	"SLC52A3"
"M1"	"DIP_Yeast"	"QPRT"
"M1"	"MINT_Yeast"	"QPRT"
"M1"	"MIPS"	"QPRT"
"M1"	"FlyLow"	"BMP7"
"M2"	"BioGrid"	"MAPK15"
"M2"	"BioGrid"	"ADRB2"
"M2"	"BioGrid"	"UBD"
"M2"	"BioGrid"	"VCAM1"
"M2"	"BioGrid"	"SIM2"
"M2"	"BioGrid"	"TNNT1"
"M2"	"BioGrid"	"ICAM1"
"M2"	"BioGrid"	"CKB"
"M2"	"BioGrid"	"ISG15"
"M2"	"BioGrid"	"AIM2"
"M2"	"BioGrid"	"IL7R"
"M2"	"BioGrid"	"IRF8"
"M2"	"BioGrid"	"C3"
"M2"	"BioGrid"	"BCL2A1"
"M2"	"BioGrid"	"BIRC3"
"M2"	"BioGrid"	"IRF4"
"M2"	"BioGrid"	"MMP9"
"M2"	"BioGrid"	"KCNMA1"
"M2"	"BioGrid"	"GZMB"
"M2"	"BioGrid"	"GZMH"
"M2"	"BioGrid"	"IL2RG"
"M2"	"BioGrid"	"PIK3CG"
"M2"	"BioGrid"	"CD3E"
"M2"	"BioGrid"	"CCR5"
"M2"	"BioGrid"	"CD27"
"M2"	"BioGrid"	"TNFRSF9"
"M2"	"BioGrid"	"SYT1"
"M2"	"BioGrid"	"EFNB3"
"M2"	"BioGrid"	"RTN1"
"M2"	"BioGrid"	"CADM1"
"M2"	"BioGrid"	"CXCL13"
"M2"	"BioGrid"	"CCR7"
"M2"	"BioGrid"	"CCL13"
"M2"	"BioGrid"	"SELL"
"M2"	"BioGrid"	"FCN1"
"M2"	"BioGrid"	"DPP4"
"M2"	"BioGrid"	"TGM2"
"M2"	"BioGrid"	"PAX6"
"M2"	"BioGrid"	"FBP1"
"M2"	"BioGrid"	"SALL4"
"M2"	"BioGrid"	"IDO1"
"M2"	"BioGrid"	"TFR2"
"M2"	"BioGrid"	"PRKCQ"
"M2"	"BioGrid"	"ATP6V1B1"
"M2"	"BioGrid"	"PODXL2"
"M2"	"BioGrid"	"CIITA"
"M2"	"BioGrid"	"GNG4"
"M2"	"BioGrid"	"FGF7"
"M2"	"BioGrid"	"TNFRSF11B"
"M2"	"BioGrid"	"SLAMF1"
"M2"	"BioGrid"	"CD84"
"M2"	"BioGrid"	"APOE"
"M2"	"BioGrid"	"IFIT1"
"M2"	"BioGrid"	"CSF2RB"
"M2"	"BioGrid"	"IL2RA"
"M2"	"BioGrid"	"DLX4"
"M2"	"BioGrid"	"PPFIA4"
"M2"	"BioGrid"	"PTPRC"
"M2"	"BioGrid"	"SKAP1"
"M2"	"BioGrid"	"DLK2"
"M2"	"BioGrid"	"ASB2"
"M2"	"BioGrid"	"FPR1"
"M2"	"BioGrid"	"KYNU"
"M2"	"BioGrid"	"WISP2"
"M2"	"BioGrid"	"PTGDS"
"M2"	"BioGrid"	"SYNPO2"
"M2"	"BioGrid"	"ENTPD2"
"M2"	"BioGrid"	"ITK"
"M2"	"BioGrid"	"POU2AF1"
"M2"	"BioGrid"	"FYB1"
"M2"	"BioGrid"	"LTB"
"M2"	"BioGrid"	"CD8A"
"M2"	"BioGrid"	"CD2"
"M2"	"BioGrid"	"HLA-DQA1"
"M2"	"BioGrid"	"C1QA"
"M2"	"BioGrid"	"CD79B"
"M2"	"BioGrid"	"MS4A1"
"M2"	"BioGrid"	"TREM1"
"M2"	"BioGrid"	"CCL21"
"M2"	"BioGrid"	"ZBP1"
"M2"	"BioGrid"	"CYBB"
"M2"	"BioGrid"	"CD22"
"M2"	"BioGrid"	"SLAMF6"
"M2"	"BioGrid"	"LY9"
"M2"	"BioGrid"	"SLAMF7"
"M2"	"BioGrid"	"RAMP1"
"M2"	"BioGrid"	"CD200"
"M2"	"BioGrid"	"DERL3"
"M2"	"BioGrid"	"GZMA"
"M2"	"BioGrid"	"BATF2"
"M2"	"BioGrid"	"HLA-DMB"
"M2"	"BioGrid"	"HLA-DRB5"
"M2"	"BioGrid"	"TPPP"
"M2"	"BioGrid"	"MSR1"
"M2"	"BioGrid"	"CD48"
"M2"	"BioGrid"	"SPTB"
"M2"	"BioGrid"	"CCL5"
"M2"	"BioGrid"	"F13A1"
"M2"	"BioGrid"	"F5"
"M2"	"BioGrid"	"MMP12"
"M2"	"BioGrid"	"CFB"
"M2"	"BioGrid"	"VSIG4"
"M2"	"BioGrid"	"C4A"
"M2"	"BioGrid"	"HLA-DQA2"
"M2"	"BioGrid"	"CD79A"
"M2"	"BioGrid"	"CXCL12"
"M2"	"BioGrid"	"CD3D"
"M2"	"BioGrid"	"HLA-DRB1"
"M2"	"BioGrid"	"CXCL5"
"M2"	"BioGrid"	"HLA-DRA"
"M2"	"BioGrid"	"CCL22"
"M2"	"BioGrid"	"APOC1"
"M2"	"BioGrid"	"FCGR3A"
"M2"	"BioGrid"	"C1QB"
"M2"	"BioGrid"	"CR1"
"M2"	"BioGrid"	"BST2"
"M2"	"BioGrid"	"AHRR"
"M2"	"BioGrid"	"CD3G"
"M2"	"BioGrid"	"HLA-DPA1"
"M2"	"BioGrid"	"S100B"
"M2"	"BioGrid"	"CCL18"
"M2"	"BioGrid"	"IGSF1"
"M2"	"BioGrid"	"SLCO2B1"
"M2"	"BioGrid"	"IFI6"
"M2"	"BioGrid"	"OSM"
"M2"	"BioGrid"	"GNLY"
"M2"	"BioGrid"	"SPEG"
"M2"	"BioGrid"	"PTGIS"
"M2"	"BioGrid"	"PARP15"
"M2"	"BioGrid"	"SIX2"
"M2"	"BioGrid"	"INHBB"
"M2"	"BioGrid"	"GZMK"
"M2"	"BioGrid"	"SELE"
"M2"	"BioGrid"	"CD209"
"M2"	"BioGrid"	"KCNJ5"
"M2"	"BioGrid"	"IL21R"
"M2"	"BioGrid"	"ZIC2"
"M2"	"BioGrid"	"NHLRC1"
"M2"	"BioGrid"	"TPSAB1"
"M2"	"BioGrid"	"SCN8A"
"M2"	"BioGrid"	"HLA-DOA"
"M2"	"BioGrid"	"MRC1"
"M2"	"BioGrid"	"ULBP1"
"M2"	"BioGrid"	"TRIM17"
"M2"	"BioGrid"	"CCL20"
"M2"	"BioGrid"	"CXCL11"
"M2"	"BioGrid"	"CXCL9"
"M2"	"BioGrid"	"IFI27"
"M2"	"BioGrid"	"TNIP3"
"M2"	"BioGrid"	"TPSB2"
"M2"	"BioGrid"	"ABI3BP"
"M2"	"BioGrid"	"NEB"
"M2"	"BioGrid"	"APOL4"
"M2"	"BioGrid"	"THEMIS"
"M2"	"BioGrid"	"MARCO"
"M2"	"BioGrid"	"AOX1"
"M2"	"BioGrid"	"LILRB4"
"M2"	"BioGrid"	"RNF128"
"M2"	"BioGrid"	"SEPT3"
"M2"	"BioGrid"	"CD274"
"M2"	"BioGrid"	"CXorf57"
"M2"	"BioGrid"	"OGDHL"
"M2"	"BioGrid"	"PLAG1"
"M2"	"BioGrid"	"FBXO17"
"M2"	"BioGrid"	"G0S2"
"M2"	"BioGrid"	"LAX1"
"M2"	"BioGrid"	"CD163"
"M2"	"BioGrid"	"LRP4"
"M2"	"BioGrid"	"FAXC"
"M2"	"BioGrid"	"NKG7"
"M2"	"BioGrid"	"OASL"
"M2"	"BioGrid"	"NSG1"
"M2"	"BioGrid"	"ELOVL4"
"M2"	"BioGrid"	"AQP9"
"M2"	"BioGrid"	"GBP5"
"M2"	"BioGrid"	"SPOCK2"
"M2"	"BioGrid"	"GSTO2"
"M2"	"IntAct"	"MAPK15"
"M2"	"IntAct"	"TFCP2L1"
"M2"	"IntAct"	"ADRB2"
"M2"	"IntAct"	"UBD"
"M2"	"IntAct"	"VCAM1"
"M2"	"IntAct"	"SIM2"
"M2"	"IntAct"	"TNNT1"
"M2"	"IntAct"	"ICAM1"
"M2"	"IntAct"	"LYZ"
"M2"	"IntAct"	"CKB"
"M2"	"IntAct"	"ISG15"
"M2"	"IntAct"	"AIM2"
"M2"	"IntAct"	"IL7R"
"M2"	"IntAct"	"IRF8"
"M2"	"IntAct"	"C3"
"M2"	"IntAct"	"BCL2A1"
"M2"	"IntAct"	"BIRC3"
"M2"	"IntAct"	"IRF4"
"M2"	"IntAct"	"MMP9"
"M2"	"IntAct"	"HSD11B1"
"M2"	"IntAct"	"GZMB"
"M2"	"IntAct"	"PIP5K1B"
"M2"	"IntAct"	"IL2RG"
"M2"	"IntAct"	"PIK3CG"
"M2"	"IntAct"	"CD3E"
"M2"	"IntAct"	"CCR5"
"M2"	"IntAct"	"SYT1"
"M2"	"IntAct"	"EFNB3"
"M2"	"IntAct"	"CADM1"
"M2"	"IntAct"	"CCR7"
"M2"	"IntAct"	"CCL13"
"M2"	"IntAct"	"DPP4"
"M2"	"IntAct"	"TGM2"
"M2"	"IntAct"	"PAX6"
"M2"	"IntAct"	"FBP1"
"M2"	"IntAct"	"IDO1"
"M2"	"IntAct"	"TFR2"
"M2"	"IntAct"	"PRKCQ"
"M2"	"IntAct"	"ATP6V1B1"
"M2"	"IntAct"	"CIITA"
"M2"	"IntAct"	"GNG4"
"M2"	"IntAct"	"FGF7"
"M2"	"IntAct"	"SLAMF1"
"M2"	"IntAct"	"APOE"
"M2"	"IntAct"	"IFIT1"
"M2"	"IntAct"	"CSF2RB"
"M2"	"IntAct"	"IL2RA"
"M2"	"IntAct"	"DLX4"
"M2"	"IntAct"	"PPFIA4"
"M2"	"IntAct"	"PTPRC"
"M2"	"IntAct"	"SKAP1"
"M2"	"IntAct"	"DLK2"
"M2"	"IntAct"	"ASB2"
"M2"	"IntAct"	"FPR1"
"M2"	"IntAct"	"ITIH5"
"M2"	"IntAct"	"CTSV"
"M2"	"IntAct"	"PTGDS"
"M2"	"IntAct"	"SYNPO2"
"M2"	"IntAct"	"ITK"
"M2"	"IntAct"	"POU2AF1"
"M2"	"IntAct"	"FYB1"
"M2"	"IntAct"	"LTB"
"M2"	"IntAct"	"CD8A"
"M2"	"IntAct"	"CD2"
"M2"	"IntAct"	"HLA-DQA1"
"M2"	"IntAct"	"C1QA"
"M2"	"IntAct"	"MS4A1"
"M2"	"IntAct"	"CTSW"
"M2"	"IntAct"	"CCL21"
"M2"	"IntAct"	"ZBP1"
"M2"	"IntAct"	"CYBB"
"M2"	"IntAct"	"CD22"
"M2"	"IntAct"	"SLAMF7"
"M2"	"IntAct"	"RAMP1"
"M2"	"IntAct"	"CD200"
"M2"	"IntAct"	"ZNF793"
"M2"	"IntAct"	"GZMA"
"M2"	"IntAct"	"BATF2"
"M2"	"IntAct"	"HLA-DMB"
"M2"	"IntAct"	"TPPP"
"M2"	"IntAct"	"MSR1"
"M2"	"IntAct"	"CD48"
"M2"	"IntAct"	"SPTB"
"M2"	"IntAct"	"CCL5"
"M2"	"IntAct"	"RIMS2"
"M2"	"IntAct"	"PLEK"
"M2"	"IntAct"	"F13A1"
"M2"	"IntAct"	"CFB"
"M2"	"IntAct"	"C4A"
"M2"	"IntAct"	"CD79A"
"M2"	"IntAct"	"CXCL12"
"M2"	"IntAct"	"CD3D"
"M2"	"IntAct"	"HLA-DRB1"
"M2"	"IntAct"	"CXCL5"
"M2"	"IntAct"	"HLA-DRA"
"M2"	"IntAct"	"CCL22"
"M2"	"IntAct"	"C1QB"
"M2"	"IntAct"	"C1QC"
"M2"	"IntAct"	"CXCL10"
"M2"	"IntAct"	"BST2"
"M2"	"IntAct"	"CD3G"
"M2"	"IntAct"	"S100B"
"M2"	"IntAct"	"CCL18"
"M2"	"IntAct"	"GOLGA8A"
"M2"	"IntAct"	"OSM"
"M2"	"IntAct"	"SPEG"
"M2"	"IntAct"	"INHBB"
"M2"	"IntAct"	"SELE"
"M2"	"IntAct"	"ZIC2"
"M2"	"IntAct"	"NHLRC1"
"M2"	"IntAct"	"KCNG1"
"M2"	"IntAct"	"TLR7"
"M2"	"IntAct"	"TPSAB1"
"M2"	"IntAct"	"SCN8A"
"M2"	"IntAct"	"HLA-DOA"
"M2"	"IntAct"	"TRIM17"
"M2"	"IntAct"	"COL4A4"
"M2"	"IntAct"	"CCL20"
"M2"	"IntAct"	"CXCL11"
"M2"	"IntAct"	"CXCL9"
"M2"	"IntAct"	"IFI27"
"M2"	"IntAct"	"TNIP3"
"M2"	"IntAct"	"TPSB2"
"M2"	"IntAct"	"ABI3BP"
"M2"	"IntAct"	"NEB"
"M2"	"IntAct"	"OLR1"
"M2"	"IntAct"	"APOL4"
"M2"	"IntAct"	"THEMIS"
"M2"	"IntAct"	"AOX1"
"M2"	"IntAct"	"RNF128"
"M2"	"IntAct"	"SEPT3"
"M2"	"IntAct"	"RCOR2"
"M2"	"IntAct"	"CXorf57"
"M2"	"IntAct"	"PLAG1"
"M2"	"IntAct"	"MZB1"
"M2"	"IntAct"	"LRMP"
"M2"	"IntAct"	"LRP4"
"M2"	"IntAct"	"FAXC"
"M2"	"IntAct"	"NKG7"
"M2"	"IntAct"	"OASL"
"M2"	"IntAct"	"NSG1"
"M2"	"IntAct"	"KLHDC7B"
"M2"	"IntAct"	"FCGBP"
"M2"	"IntAct"	"AQP9"
"M2"	"IntAct"	"GBP5"
"M2"	"IntAct"	"SPOCK2"
"M2"	"IntAct"	"GSTO2"
"M2"	"IntAct"	"CYP1B1"
"M2"	"IntAct_Mouse"	"TFCP2L1"
"M2"	"IntAct_Mouse"	"ISG15"
"M2"	"IntAct_Mouse"	"AIM2"
"M2"	"IntAct_Mouse"	"BIRC3"
"M2"	"IntAct_Mouse"	"KCNMA1"
"M2"	"IntAct_Mouse"	"HSD11B1"
"M2"	"IntAct_Mouse"	"IL2RG"
"M2"	"IntAct_Mouse"	"PIK3CG"
"M2"	"IntAct_Mouse"	"CD27"
"M2"	"IntAct_Mouse"	"TNFRSF9"
"M2"	"IntAct_Mouse"	"SYT1"
"M2"	"IntAct_Mouse"	"EFNB3"
"M2"	"IntAct_Mouse"	"CADM1"
"M2"	"IntAct_Mouse"	"FBP1"
"M2"	"IntAct_Mouse"	"SALL4"
"M2"	"IntAct_Mouse"	"IDO1"
"M2"	"IntAct_Mouse"	"TFR2"
"M2"	"IntAct_Mouse"	"SLAMF1"
"M2"	"IntAct_Mouse"	"FYB1"
"M2"	"IntAct_Mouse"	"LTB"
"M2"	"IntAct_Mouse"	"CD8A"
"M2"	"IntAct_Mouse"	"HLA-DQA1"
"M2"	"IntAct_Mouse"	"CYBB"
"M2"	"IntAct_Mouse"	"CD22"
"M2"	"IntAct_Mouse"	"HLA-DRB5"
"M2"	"IntAct_Mouse"	"MSR1"
"M2"	"IntAct_Mouse"	"CD8B"
"M2"	"IntAct_Mouse"	"MRC1"
"M2"	"IntAct_Mouse"	"THEMIS"
"M2"	"IntAct_Mouse"	"CD274"
"M2"	"IntAct_Mouse"	"LRMP"
"M2"	"IntAct_Mouse"	"LRP4"
"M2"	"INNATEDB"	"ADRB2"
"M2"	"INNATEDB"	"VCAM1"
"M2"	"INNATEDB"	"ICAM1"
"M2"	"INNATEDB"	"LYZ"
"M2"	"INNATEDB"	"ISG15"
"M2"	"INNATEDB"	"AIM2"
"M2"	"INNATEDB"	"IL7R"
"M2"	"INNATEDB"	"IRF8"
"M2"	"INNATEDB"	"C3"
"M2"	"INNATEDB"	"BCL2A1"
"M2"	"INNATEDB"	"BIRC3"
"M2"	"INNATEDB"	"IRF4"
"M2"	"INNATEDB"	"MMP9"
"M2"	"INNATEDB"	"GZMB"
"M2"	"INNATEDB"	"GZMH"
"M2"	"INNATEDB"	"IL2RG"
"M2"	"INNATEDB"	"PIK3CG"
"M2"	"INNATEDB"	"CCR5"
"M2"	"INNATEDB"	"TNFRSF9"
"M2"	"INNATEDB"	"CCR7"
"M2"	"INNATEDB"	"CCL13"
"M2"	"INNATEDB"	"SELL"
"M2"	"INNATEDB"	"DPP4"
"M2"	"INNATEDB"	"CCL19"
"M2"	"INNATEDB"	"PAX6"
"M2"	"INNATEDB"	"IDO1"
"M2"	"INNATEDB"	"TFR2"
"M2"	"INNATEDB"	"PRKCQ"
"M2"	"INNATEDB"	"CIITA"
"M2"	"INNATEDB"	"IFIT1"
"M2"	"INNATEDB"	"CSF2RB"
"M2"	"INNATEDB"	"IL2RA"
"M2"	"INNATEDB"	"SKAP1"
"M2"	"INNATEDB"	"ASB2"
"M2"	"INNATEDB"	"CCR2"
"M2"	"INNATEDB"	"ITK"
"M2"	"INNATEDB"	"FYB1"
"M2"	"INNATEDB"	"RSAD2"
"M2"	"INNATEDB"	"LTB"
"M2"	"INNATEDB"	"C1QA"
"M2"	"INNATEDB"	"MS4A1"
"M2"	"INNATEDB"	"TREM1"
"M2"	"INNATEDB"	"ZBP1"
"M2"	"INNATEDB"	"CYBB"
"M2"	"INNATEDB"	"CD22"
"M2"	"INNATEDB"	"CD200"
"M2"	"INNATEDB"	"GZMA"
"M2"	"INNATEDB"	"BATF2"
"M2"	"INNATEDB"	"MSR1"
"M2"	"INNATEDB"	"CXCL5"
"M2"	"INNATEDB"	"HLA-DRA"
"M2"	"INNATEDB"	"CCL22"
"M2"	"INNATEDB"	"CXCL10"
"M2"	"INNATEDB"	"CD3G"
"M2"	"INNATEDB"	"S100B"
"M2"	"INNATEDB"	"IFI6"
"M2"	"INNATEDB"	"OSM"
"M2"	"INNATEDB"	"GZMK"
"M2"	"INNATEDB"	"SELE"
"M2"	"INNATEDB"	"IL21R"
"M2"	"INNATEDB"	"TLR8"
"M2"	"INNATEDB"	"TLR7"
"M2"	"INNATEDB"	"TPSAB1"
"M2"	"INNATEDB"	"CCL20"
"M2"	"INNATEDB"	"CXCL11"
"M2"	"INNATEDB"	"ERAP2"
"M2"	"INNATEDB"	"CXCL9"
"M2"	"INNATEDB"	"TNIP3"
"M2"	"INNATEDB"	"CGREF1"
"M2"	"INNATEDB"	"APOL4"
"M2"	"INNATEDB"	"PADI2"
"M2"	"INNATEDB"	"BMP6"
"M2"	"INNATEDB"	"OGDHL"
"M2"	"INNATEDB"	"SBSPON"
"M2"	"INNATEDB"	"RTP4"
"M2"	"INNATEDB"	"AQP9"
"M2"	"INNATEDB_Mouse"	"ICAM1"
"M2"	"INNATEDB_Mouse"	"ISG15"
"M2"	"INNATEDB_Mouse"	"IL7R"
"M2"	"INNATEDB_Mouse"	"IRF8"
"M2"	"INNATEDB_Mouse"	"C3"
"M2"	"INNATEDB_Mouse"	"BIRC3"
"M2"	"INNATEDB_Mouse"	"IRF4"
"M2"	"INNATEDB_Mouse"	"IL2RG"
"M2"	"INNATEDB_Mouse"	"PIK3CG"
"M2"	"INNATEDB_Mouse"	"CCR5"
"M2"	"INNATEDB_Mouse"	"CD27"
"M2"	"INNATEDB_Mouse"	"CCR7"
"M2"	"INNATEDB_Mouse"	"CCL13"
"M2"	"INNATEDB_Mouse"	"SELL"
"M2"	"INNATEDB_Mouse"	"IDO1"
"M2"	"INNATEDB_Mouse"	"PRKCQ"
"M2"	"INNATEDB_Mouse"	"PODXL2"
"M2"	"INNATEDB_Mouse"	"CIITA"
"M2"	"INNATEDB_Mouse"	"IL2RA"
"M2"	"INNATEDB_Mouse"	"KYNU"
"M2"	"INNATEDB_Mouse"	"PTGDS"
"M2"	"INNATEDB_Mouse"	"ITK"
"M2"	"INNATEDB_Mouse"	"FYB1"
"M2"	"INNATEDB_Mouse"	"RSAD2"
"M2"	"INNATEDB_Mouse"	"TREM1"
"M2"	"INNATEDB_Mouse"	"ZBP1"
"M2"	"INNATEDB_Mouse"	"CYBB"
"M2"	"INNATEDB_Mouse"	"CD22"
"M2"	"INNATEDB_Mouse"	"CPA3"
"M2"	"INNATEDB_Mouse"	"MSR1"
"M2"	"INNATEDB_Mouse"	"CCL5"
"M2"	"INNATEDB_Mouse"	"PLEK"
"M2"	"INNATEDB_Mouse"	"MMP12"
"M2"	"INNATEDB_Mouse"	"CD79A"
"M2"	"INNATEDB_Mouse"	"FCRL5"
"M2"	"INNATEDB_Mouse"	"TLR7"
"M2"	"INNATEDB_Mouse"	"MRC1"
"M2"	"INNATEDB_Mouse"	"MARCO"
"M2"	"INNATEDB_Mouse"	"CD274"
"M2"	"INNATEDB_Mouse"	"MZB1"
"M2"	"INNATEDB_Mouse"	"RTP4"
"M2"	"BCI"	"ADRB2"
"M2"	"BCI"	"VCAM1"
"M2"	"BCI"	"TNNT1"
"M2"	"BCI"	"ICAM1"
"M2"	"BCI"	"IL7R"
"M2"	"BCI"	"IRF8"
"M2"	"BCI"	"BCL2A1"
"M2"	"BCI"	"BIRC3"
"M2"	"BCI"	"IRF4"
"M2"	"BCI"	"MMP9"
"M2"	"BCI"	"KCNMA1"
"M2"	"BCI"	"GZMB"
"M2"	"BCI"	"IL2RG"
"M2"	"BCI"	"PIK3CG"
"M2"	"BCI"	"CD3E"
"M2"	"BCI"	"CD27"
"M2"	"BCI"	"TNFRSF9"
"M2"	"BCI"	"CCR7"
"M2"	"BCI"	"SELL"
"M2"	"BCI"	"FCN1"
"M2"	"BCI"	"CCL19"
"M2"	"BCI"	"TGM2"
"M2"	"BCI"	"PAX6"
"M2"	"BCI"	"PRKCQ"
"M2"	"BCI"	"ATP6V1B1"
"M2"	"BCI"	"CIITA"
"M2"	"BCI"	"GNG4"
"M2"	"BCI"	"APOE"
"M2"	"BCI"	"IFIT1"
"M2"	"BCI"	"CSF2RB"
"M2"	"BCI"	"IL2RA"
"M2"	"BCI"	"PTPRC"
"M2"	"BCI"	"PTGDS"
"M2"	"BCI"	"ENTPD2"
"M2"	"BCI"	"ITK"
"M2"	"BCI"	"POU2AF1"
"M2"	"BCI"	"FYB1"
"M2"	"BCI"	"LTB"
"M2"	"BCI"	"CD8A"
"M2"	"BCI"	"CD2"
"M2"	"BCI"	"CD79B"
"M2"	"BCI"	"MS4A1"
"M2"	"BCI"	"CCL21"
"M2"	"BCI"	"CYBB"
"M2"	"BCI"	"LY9"
"M2"	"BCI"	"GZMA"
"M2"	"BCI"	"HLA-DMB"
"M2"	"BCI"	"CD48"
"M2"	"BCI"	"CCL5"
"M2"	"BCI"	"RIMS2"
"M2"	"BCI"	"F13A1"
"M2"	"BCI"	"MMP12"
"M2"	"BCI"	"CFB"
"M2"	"BCI"	"CD79A"
"M2"	"BCI"	"CXCL12"
"M2"	"BCI"	"CD3D"
"M2"	"BCI"	"CD8B"
"M2"	"BCI"	"HLA-DRA"
"M2"	"BCI"	"CCL22"
"M2"	"BCI"	"FCGR3A"
"M2"	"BCI"	"C1QB"
"M2"	"BCI"	"CR1"
"M2"	"BCI"	"INHBB"
"M2"	"BCI"	"NEB"
"M2"	"BCI"	"SPOCK2"
"M2"	"BioGrid_Mouse"	"TFCP2L1"
"M2"	"BioGrid_Mouse"	"ISG15"
"M2"	"BioGrid_Mouse"	"IRF8"
"M2"	"BioGrid_Mouse"	"BIRC3"
"M2"	"BioGrid_Mouse"	"IRF4"
"M2"	"BioGrid_Mouse"	"MMP9"
"M2"	"BioGrid_Mouse"	"KCNMA1"
"M2"	"BioGrid_Mouse"	"PIK3CG"
"M2"	"BioGrid_Mouse"	"CD3E"
"M2"	"BioGrid_Mouse"	"CD27"
"M2"	"BioGrid_Mouse"	"TNFRSF9"
"M2"	"BioGrid_Mouse"	"CCL13"
"M2"	"BioGrid_Mouse"	"PAX6"
"M2"	"BioGrid_Mouse"	"SALL4"
"M2"	"BioGrid_Mouse"	"IDO1"
"M2"	"BioGrid_Mouse"	"PRKCQ"
"M2"	"BioGrid_Mouse"	"CIITA"
"M2"	"BioGrid_Mouse"	"SLAMF1"
"M2"	"BioGrid_Mouse"	"APOE"
"M2"	"BioGrid_Mouse"	"DLX4"
"M2"	"BioGrid_Mouse"	"PTPRC"
"M2"	"BioGrid_Mouse"	"ASB2"
"M2"	"BioGrid_Mouse"	"RSAD2"
"M2"	"BioGrid_Mouse"	"RIMS2"
"M2"	"BioGrid_Mouse"	"HLA-DQB1"
"M2"	"BioGrid_Mouse"	"CD79A"
"M2"	"BioGrid_Mouse"	"CD3D"
"M2"	"BioGrid_Mouse"	"ZIC2"
"M2"	"BioGrid_Mouse"	"NHLRC1"
"M2"	"BioGrid_Mouse"	"TNIP3"
"M2"	"BioGrid_Mouse"	"TBX1"
"M2"	"BioGrid_Mouse"	"PCLO"
"M2"	"HPRD"	"MAPK15"
"M2"	"HPRD"	"TFCP2L1"
"M2"	"HPRD"	"ADRB2"
"M2"	"HPRD"	"UBD"
"M2"	"HPRD"	"VCAM1"
"M2"	"HPRD"	"SIM2"
"M2"	"HPRD"	"TNNT1"
"M2"	"HPRD"	"ICAM1"
"M2"	"HPRD"	"LYZ"
"M2"	"HPRD"	"CKB"
"M2"	"HPRD"	"ISG15"
"M2"	"HPRD"	"IL7R"
"M2"	"HPRD"	"IRF8"
"M2"	"HPRD"	"C3"
"M2"	"HPRD"	"BCL2A1"
"M2"	"HPRD"	"BIRC3"
"M2"	"HPRD"	"IRF4"
"M2"	"HPRD"	"MMP9"
"M2"	"HPRD"	"KCNMA1"
"M2"	"HPRD"	"GZMB"
"M2"	"HPRD"	"IL2RG"
"M2"	"HPRD"	"PIK3CG"
"M2"	"HPRD"	"CD3E"
"M2"	"HPRD"	"CCR5"
"M2"	"HPRD"	"TNFRSF9"
"M2"	"HPRD"	"SYT1"
"M2"	"HPRD"	"EFNB3"
"M2"	"HPRD"	"RTN1"
"M2"	"HPRD"	"CADM1"
"M2"	"HPRD"	"CXCL13"
"M2"	"HPRD"	"CCR7"
"M2"	"HPRD"	"CCL13"
"M2"	"HPRD"	"SELL"
"M2"	"HPRD"	"FCN1"
"M2"	"HPRD"	"DPP4"
"M2"	"HPRD"	"CCL19"
"M2"	"HPRD"	"TGM2"
"M2"	"HPRD"	"PAX6"
"M2"	"HPRD"	"FBP1"
"M2"	"HPRD"	"IDO1"
"M2"	"HPRD"	"TFR2"
"M2"	"HPRD"	"PRKCQ"
"M2"	"HPRD"	"PODXL2"
"M2"	"HPRD"	"CIITA"
"M2"	"HPRD"	"GNG4"
"M2"	"HPRD"	"FGF7"
"M2"	"HPRD"	"TNFRSF11B"
"M2"	"HPRD"	"SLAMF1"
"M2"	"HPRD"	"CD84"
"M2"	"HPRD"	"APOE"
"M2"	"HPRD"	"IFIT1"
"M2"	"HPRD"	"CSF2RB"
"M2"	"HPRD"	"IL2RA"
"M2"	"HPRD"	"DLX4"
"M2"	"HPRD"	"PPFIA4"
"M2"	"HPRD"	"SKAP1"
"M2"	"HPRD"	"DLK2"
"M2"	"HPRD"	"ASB2"
"M2"	"HPRD"	"FPR1"
"M2"	"HPRD"	"WISP2"
"M2"	"HPRD"	"PTGDS"
"M2"	"HPRD"	"ITK"
"M2"	"HPRD"	"POU2AF1"
"M2"	"HPRD"	"FYB1"
"M2"	"HPRD"	"LTB"
"M2"	"HPRD"	"CD8A"
"M2"	"HPRD"	"CD2"
"M2"	"HPRD"	"HLA-DQA1"
"M2"	"HPRD"	"C1QA"
"M2"	"HPRD"	"CD79B"
"M2"	"HPRD"	"MS4A1"
"M2"	"HPRD"	"TREM1"
"M2"	"HPRD"	"CCL21"
"M2"	"HPRD"	"CYBB"
"M2"	"HPRD"	"CD22"
"M2"	"HPRD"	"SLAMF6"
"M2"	"HPRD"	"LY9"
"M2"	"HPRD"	"SLAMF7"
"M2"	"HPRD"	"RAMP1"
"M2"	"HPRD"	"DERL3"
"M2"	"HPRD"	"GZMA"
"M2"	"HPRD"	"DKK2"
"M2"	"HPRD"	"HLA-DRB5"
"M2"	"HPRD"	"TPPP"
"M2"	"HPRD"	"MSR1"
"M2"	"HPRD"	"CD48"
"M2"	"HPRD"	"SPTB"
"M2"	"HPRD"	"CCL5"
"M2"	"HPRD"	"RIMS2"
"M2"	"HPRD"	"PLEK"
"M2"	"HPRD"	"F13A1"
"M2"	"HPRD"	"F5"
"M2"	"HPRD"	"MMP12"
"M2"	"HPRD"	"CFB"
"M2"	"HPRD"	"VSIG4"
"M2"	"HPRD"	"C4A"
"M2"	"HPRD"	"CPM"
"M2"	"HPRD"	"HLA-DQA2"
"M2"	"HPRD"	"HLA-DQB1"
"M2"	"HPRD"	"CD79A"
"M2"	"HPRD"	"CXCL12"
"M2"	"HPRD"	"CD3D"
"M2"	"HPRD"	"HLA-DRB1"
"M2"	"HPRD"	"CXCL5"
"M2"	"HPRD"	"JCHAIN"
"M2"	"HPRD"	"HLA-DRA"
"M2"	"HPRD"	"CCL22"
"M2"	"HPRD"	"APOC1"
"M2"	"HPRD"	"FCGR3A"
"M2"	"HPRD"	"C1QB"
"M2"	"HPRD"	"C1QC"
"M2"	"HPRD"	"CR1"
"M2"	"HPRD"	"CXCL10"
"M2"	"HPRD"	"AHRR"
"M2"	"HPRD"	"CD3G"
"M2"	"HPRD"	"HLA-DPA1"
"M2"	"HPRD"	"S100B"
"M2"	"HPRD"	"CCL18"
"M2"	"HPRD"	"IGSF1"
"M2"	"HPRD"	"IFI6"
"M2"	"HPRD"	"OSM"
"M2"	"HPRD"	"PARP15"
"M2"	"HPRD"	"SIX2"
"M2"	"HPRD"	"INHBB"
"M2"	"HPRD"	"SELE"
"M2"	"HPRD"	"CD209"
"M2"	"HPRD"	"KCNJ5"
"M2"	"HPRD"	"IL21R"
"M2"	"HPRD"	"ZIC2"
"M2"	"HPRD"	"TLR8"
"M2"	"HPRD"	"TLR7"
"M2"	"HPRD"	"TPSAB1"
"M2"	"HPRD"	"SCN8A"
"M2"	"HPRD"	"HLA-DOA"
"M2"	"HPRD"	"TRIM17"
"M2"	"HPRD"	"COL4A4"
"M2"	"HPRD"	"SAA2"
"M2"	"HPRD"	"CCL20"
"M2"	"HPRD"	"CXCL11"
"M2"	"HPRD"	"CXCL9"
"M2"	"HPRD"	"IFI27"
"M2"	"HPRD"	"MMRN1"
"M2"	"HPRD"	"TPSB2"
"M2"	"HPRD"	"ABI3BP"
"M2"	"HPRD"	"BMP6"
"M2"	"HPRD"	"RNF128"
"M2"	"HPRD"	"CD274"
"M2"	"HPRD"	"CHI3L1"
"M2"	"HPRD"	"NPTXR"
"M2"	"HPRD"	"AP3B2"
"M2"	"HPRD"	"PLAG1"
"M2"	"HPRD"	"MZB1"
"M2"	"HPRD"	"FBXO17"
"M2"	"HPRD"	"LAX1"
"M2"	"HPRD"	"PCLO"
"M2"	"HPRD"	"OASL"
"M2"	"HPRD"	"NSG1"
"M2"	"HPRD"	"GBP5"
"M2"	"HPRD"	"SPOCK2"
"M2"	"MINT_Mouse"	"ADRB2"
"M2"	"MINT_Mouse"	"BIRC3"
"M2"	"MINT_Mouse"	"KCNMA1"
"M2"	"MINT_Mouse"	"PIP5K1B"
"M2"	"MINT_Mouse"	"SYT1"
"M2"	"MINT_Mouse"	"EFNB3"
"M2"	"MINT_Mouse"	"CADM1"
"M2"	"MINT_Mouse"	"ITK"
"M2"	"MINT_Mouse"	"FYB1"
"M2"	"MINT_Mouse"	"CD8A"
"M2"	"MINT_Mouse"	"HLA-DQA1"
"M2"	"MINT_Mouse"	"CD22"
"M2"	"MINT_Mouse"	"CD8B"
"M2"	"BEHRENDS_AUTOPHAGY_LOW"	"PIK3CG"
"M2"	"DIP"	"ICAM1"
"M2"	"DIP"	"ISG15"
"M2"	"DIP"	"AIM2"
"M2"	"DIP"	"MMP9"
"M2"	"DIP"	"KCNMA1"
"M2"	"DIP"	"HSD11B1"
"M2"	"DIP"	"IL2RG"
"M2"	"DIP"	"PIK3CG"
"M2"	"DIP"	"CCR5"
"M2"	"DIP"	"TNFRSF9"
"M2"	"DIP"	"EFNB3"
"M2"	"DIP"	"CADM1"
"M2"	"DIP"	"CXCL13"
"M2"	"DIP"	"CCR7"
"M2"	"DIP"	"CCL13"
"M2"	"DIP"	"CCL19"
"M2"	"DIP"	"TGM2"
"M2"	"DIP"	"PAX6"
"M2"	"DIP"	"FBP1"
"M2"	"DIP"	"FGF7"
"M2"	"DIP"	"SLAMF1"
"M2"	"DIP"	"CD84"
"M2"	"DIP"	"APOE"
"M2"	"DIP"	"IFIT1"
"M2"	"DIP"	"CSF2RB"
"M2"	"DIP"	"NCR3LG1"
"M2"	"DIP"	"IL2RA"
"M2"	"DIP"	"PTPRC"
"M2"	"DIP"	"CCR2"
"M2"	"DIP"	"ITK"
"M2"	"DIP"	"CD79B"
"M2"	"DIP"	"CCL21"
"M2"	"DIP"	"ZBP1"
"M2"	"DIP"	"CYBB"
"M2"	"DIP"	"HLA-DMB"
"M2"	"DIP"	"SPTB"
"M2"	"DIP"	"CCL5"
"M2"	"DIP"	"F13A1"
"M2"	"DIP"	"CFB"
"M2"	"DIP"	"CXCL12"
"M2"	"DIP"	"HLA-DRB1"
"M2"	"DIP"	"CXCL5"
"M2"	"DIP"	"CCL22"
"M2"	"DIP"	"CXCL10"
"M2"	"DIP"	"BST2"
"M2"	"DIP"	"SELE"
"M2"	"DIP"	"HLA-DOA"
"M2"	"DIP"	"CCL20"
"M2"	"DIP"	"CXCL11"
"M2"	"DIP"	"CXCL9"
"M2"	"DIP"	"OLR1"
"M2"	"MINT"	"ADRB2"
"M2"	"MINT"	"TNNT1"
"M2"	"MINT"	"ICAM1"
"M2"	"MINT"	"LYZ"
"M2"	"MINT"	"CKB"
"M2"	"MINT"	"ISG15"
"M2"	"MINT"	"PIK3CG"
"M2"	"MINT"	"CD3E"
"M2"	"MINT"	"CCR5"
"M2"	"MINT"	"SYT1"
"M2"	"MINT"	"RTN1"
"M2"	"MINT"	"CXCL13"
"M2"	"MINT"	"DPP4"
"M2"	"MINT"	"TGM2"
"M2"	"MINT"	"PAX6"
"M2"	"MINT"	"FBP1"
"M2"	"MINT"	"PRKCQ"
"M2"	"MINT"	"SLAMF1"
"M2"	"MINT"	"CD84"
"M2"	"MINT"	"CSF2RB"
"M2"	"MINT"	"IL2RA"
"M2"	"MINT"	"PPFIA4"
"M2"	"MINT"	"PTPRC"
"M2"	"MINT"	"SKAP1"
"M2"	"MINT"	"ASB2"
"M2"	"MINT"	"ITK"
"M2"	"MINT"	"FYB1"
"M2"	"MINT"	"CD2"
"M2"	"MINT"	"HLA-DQA1"
"M2"	"MINT"	"MS4A1"
"M2"	"MINT"	"CTSW"
"M2"	"MINT"	"ACSL5"
"M2"	"MINT"	"CCL21"
"M2"	"MINT"	"ZBP1"
"M2"	"MINT"	"CD22"
"M2"	"MINT"	"HLA-DMB"
"M2"	"MINT"	"TPPP"
"M2"	"MINT"	"CCL5"
"M2"	"MINT"	"RIMS2"
"M2"	"MINT"	"PLEK"
"M2"	"MINT"	"CD3D"
"M2"	"MINT"	"HLA-DRB1"
"M2"	"MINT"	"HLA-DRA"
"M2"	"MINT"	"APOC1"
"M2"	"MINT"	"HLA-DPA1"
"M2"	"MINT"	"S100B"
"M2"	"MINT"	"CCL18"
"M2"	"MINT"	"SELE"
"M2"	"MINT"	"TRIM17"
"M2"	"MINT"	"NEB"
"M2"	"MINT"	"OLR1"
"M2"	"MINT"	"SEPT3"
"M2"	"MINT"	"CXorf57"
"M2"	"BIND"	"ADRB2"
"M2"	"BIND"	"VCAM1"
"M2"	"BIND"	"ICAM1"
"M2"	"BIND"	"C3"
"M2"	"BIND"	"BIRC3"
"M2"	"BIND"	"MMP9"
"M2"	"BIND"	"KCNMA1"
"M2"	"BIND"	"HSD11B1"
"M2"	"BIND"	"GZMB"
"M2"	"BIND"	"PIK3CG"
"M2"	"BIND"	"RTN1"
"M2"	"BIND"	"SELL"
"M2"	"BIND"	"DPP4"
"M2"	"BIND"	"TGM2"
"M2"	"BIND"	"PAX6"
"M2"	"BIND"	"FBP1"
"M2"	"BIND"	"PRKCQ"
"M2"	"BIND"	"SLAMF1"
"M2"	"BIND"	"APOE"
"M2"	"BIND"	"CSF2RB"
"M2"	"BIND"	"PTPRC"
"M2"	"BIND"	"CCR2"
"M2"	"BIND"	"ITK"
"M2"	"BIND"	"CD8A"
"M2"	"BIND"	"CD2"
"M2"	"BIND"	"TREM1"
"M2"	"BIND"	"CD22"
"M2"	"BIND"	"HLA-DMB"
"M2"	"BIND"	"HLA-DRB5"
"M2"	"BIND"	"CCL5"
"M2"	"BIND"	"F13A1"
"M2"	"BIND"	"F5"
"M2"	"BIND"	"MMP12"
"M2"	"BIND"	"CFB"
"M2"	"BIND"	"CXCL12"
"M2"	"BIND"	"CD3D"
"M2"	"BIND"	"HLA-DRB1"
"M2"	"BIND"	"HLA-DRA"
"M2"	"BIND"	"CXCL10"
"M2"	"BIND"	"S100B"
"M2"	"BIND"	"SIX2"
"M2"	"BIND"	"CD209"
"M2"	"BIND"	"TPSAB1"
"M2"	"BIND"	"OLR1"
"M2"	"BIND"	"CHI3L1"
"M2"	"BIND"	"AP3B2"
"M2"	"BIND"	"LRP4"
"M2"	"BioGrid_Fly"	"DPP4"
"M2"	"BioGrid_Fly"	"PAX6"
"M2"	"BioGrid_Fly"	"CTSV"
"M2"	"BioGrid_Fly"	"TPPP"
"M2"	"BioGrid_Fly"	"ELOVL4"
"M2"	"BIND_Fly"	"PAX6"
"M2"	"BIND_Fly"	"TPPP"
"M2"	"BIND_Fly"	"ELOVL4"
"M2"	"DIP_Mouse"	"ADRB2"
"M2"	"DIP_Mouse"	"VCAM1"
"M2"	"DIP_Mouse"	"ICAM1"
"M2"	"DIP_Mouse"	"IRF4"
"M2"	"DIP_Mouse"	"PIK3CG"
"M2"	"DIP_Mouse"	"SALL4"
"M2"	"DIP_Mouse"	"IDO1"
"M2"	"DIP_Mouse"	"PRKCQ"
"M2"	"DIP_Mouse"	"TNFRSF11B"
"M2"	"DIP_Mouse"	"FYB1"
"M2"	"DIP_Mouse"	"CD79B"
"M2"	"DIP_Mouse"	"ZBP1"
"M2"	"DIP_Mouse"	"CYBB"
"M2"	"DIP_Mouse"	"CD79A"
"M2"	"DIP_Mouse"	"OSM"
"M2"	"DIP_Mouse"	"SELE"
"M2"	"DIP_Mouse"	"THEMIS"
"M2"	"DIP_Mouse"	"RCOR2"
"M2"	"DIP_Mouse"	"BAIAP2L2"
"M2"	"YeastMedium"	"DPP4"
"M2"	"YeastMedium"	"FBP1"
"M2"	"YeastMedium"	"KYNU"
"M2"	"VidalHuman_core"	"TNNT1"
"M2"	"VidalHuman_core"	"ISG15"
"M2"	"VidalHuman_core"	"IRF4"
"M2"	"VidalHuman_core"	"RTN1"
"M2"	"VidalHuman_core"	"PAX6"
"M2"	"VidalHuman_core"	"FBP1"
"M2"	"VidalHuman_core"	"IFIT1"
"M2"	"VidalHuman_core"	"DLK2"
"M2"	"VidalHuman_core"	"TRIM17"
"M2"	"BioGrid_Worm"	"PAX6"
"M2"	"BioGrid_Worm"	"CTSV"
"M2"	"DIP_Yeast"	"FBP1"
"M2"	"IntAct_Yeast"	"FBP1"
"M2"	"IntAct_Yeast"	"KYNU"
"M2"	"IntAct_Yeast"	"CPA3"
"M2"	"VidalHuman_non_core"	"TNNT1"
"M2"	"VidalHuman_non_core"	"GZMH"
"M2"	"VidalHuman_non_core"	"IL2RG"
"M2"	"VidalHuman_non_core"	"TGM2"
"M2"	"VidalHuman_non_core"	"FBP1"
"M2"	"VidalHuman_non_core"	"IFIT1"
"M2"	"VidalHuman_non_core"	"DLX4"
"M2"	"VidalHuman_non_core"	"PTGDS"
"M2"	"VidalHuman_non_core"	"CD8B"
"M2"	"IntAct_Fly"	"PAX6"
"M2"	"IntAct_Fly"	"CTSV"
"M2"	"IntAct_Fly"	"TPPP"
"M2"	"IntAct_Fly"	"ELOVL4"
"M2"	"IntAct_Worm"	"PAX6"
"M2"	"IntAct_Worm"	"CTSV"
"M2"	"BIND_Mouse"	"IL2RG"
"M2"	"BIND_Mouse"	"PIK3CG"
"M2"	"BIND_Mouse"	"CD3E"
"M2"	"BIND_Mouse"	"CCR5"
"M2"	"BIND_Mouse"	"PAX6"
"M2"	"BIND_Mouse"	"PRKCQ"
"M2"	"BIND_Mouse"	"SLAMF1"
"M2"	"BIND_Mouse"	"CCR2"
"M2"	"BIND_Mouse"	"HLA-DQA1"
"M2"	"BIND_Mouse"	"CD22"
"M2"	"BIND_Mouse"	"RIMS2"
"M2"	"BIND_Mouse"	"CD8B"
"M2"	"BIND_Mouse"	"CD3G"
"M2"	"BIND_Mouse"	"BMP6"
"M2"	"BIND_Mouse"	"RCOR2"
"M2"	"DIP_Fly"	"PAX6"
"M2"	"DIP_Fly"	"CTSV"
"M2"	"DIP_Fly"	"TPPP"
"M2"	"DIP_Fly"	"ELOVL4"
"M2"	"FlyLow"	"TPPP"
"M2"	"MINT_Fly"	"TPPP"
"M2"	"BioGrid_Yeast"	"DPP4"
"M2"	"BioGrid_Yeast"	"FBP1"
"M2"	"BioGrid_Yeast"	"IDO1"
"M2"	"BioGrid_Yeast"	"KYNU"
"M2"	"ShawnLi"	"IL2RG"
"M2"	"ShawnLi"	"PPFIA4"
"M2"	"ShawnLi"	"FYB1"
"M2"	"BIND_Rat"	"ADRB2"
"M2"	"BIND_Rat"	"CKB"
"M2"	"BIND_Rat"	"C3"
"M2"	"BIND_Rat"	"SYT1"
"M2"	"BIND_Rat"	"CD2"
"M2"	"BIND_Rat"	"CD48"
"M2"	"BIND_Rat"	"RIMS2"
"M2"	"BIND_Rat"	"S100B"
"M2"	"BIND_Rat"	"NSG1"
"M2"	"KIM_MYC"	"SALL4"
"M2"	"IntAct_Rat"	"MAPK15"
"M2"	"IntAct_Rat"	"KCNMA1"
"M2"	"IntAct_Rat"	"SYT1"
"M2"	"IntAct_Rat"	"PTPRC"
"M2"	"IntAct_Rat"	"RIMS2"
"M2"	"IntAct_Rat"	"KCNJ5"
"M2"	"IntAct_Rat"	"PCLO"
"M2"	"StelzlHigh"	"FBP1"
"M2"	"StelzlHigh"	"HLA-DQA1"
"M2"	"StelzlHigh"	"CCL18"
"M2"	"BioGrid_Rat"	"ADRB2"
"M2"	"BioGrid_Rat"	"S100B"
"M2"	"I2D-c_Fiona_HUMAN"	"MMP9"
"M2"	"I2D-c_Fiona_HUMAN"	"DLX4"
"M2"	"BIND_Yeast"	"FBP1"
"M2"	"MINT_Yeast"	"FBP1"
"M2"	"MIPS"	"FBP1"
"M2"	"DIP_Rat"	"SYT1"
"M2"	"DIP_Rat"	"RIMS2"
"M2"	"StelzlMedium"	"CXCL13"
"M2"	"StelzlMedium"	"HLA-DQA1"
"M2"	"StelzlMedium"	"CCL18"
"M2"	"Nakahira_Septin"	"SEPT3"
"M2"	"YeastLow"	"FBP1"
"M2"	"YeastLow"	"KYNU"
"M2"	"YeastLow"	"CPA3"
"M2"	"Krogan_NonCore"	"KYNU"
"M2"	"MGI"	"CCL13"
"M2"	"MGI"	"PRKCQ"
"M2"	"MGI"	"RIMS2"
"M2"	"MGI"	"BMP6"
"M2"	"Krogan_Core"	"FBP1"
"M2"	"Fawcett_polarity_Rat"	"PCLO"
"M2"	"MINT_Rat"	"SYT1"
"M2"	"MINT_Rat"	"RIMS2"
"M2"	"FlyHigh"	"ELOVL4"
"M2"	"StelzlLow"	"SEPT3"
"M2"	"SOURAV_MAPK_LOW"	"PRKCQ"
"M2"	"BIND_Worm"	"CTSV"
"M2"	"MINT_Worm"	"CTSV"
"M2"	"NON_CORE"	"CTSV"
"M3"	"BioGrid"	"CCDC8"
"M3"	"BioGrid"	"FN1"
"M3"	"BioGrid"	"ROR2"
"M3"	"BioGrid"	"BEX2"
"M3"	"BioGrid"	"CREB3L1"
"M3"	"BioGrid"	"MMP3"
"M3"	"BioGrid"	"HIST1H1C"
"M3"	"BioGrid"	"AR"
"M3"	"BioGrid"	"VCAN"
"M3"	"BioGrid"	"LUM"
"M3"	"BioGrid"	"TNFAIP6"
"M3"	"BioGrid"	"WNT2"
"M3"	"BioGrid"	"CDH2"
"M3"	"BioGrid"	"DCN"
"M3"	"BioGrid"	"PDPN"
"M3"	"BioGrid"	"HAS2"
"M3"	"BioGrid"	"BMP2"
"M3"	"BioGrid"	"BMP4"
"M3"	"BioGrid"	"FHL2"
"M3"	"BioGrid"	"MME"
"M3"	"BioGrid"	"FOXA1"
"M3"	"BioGrid"	"KHDRBS3"
"M3"	"BioGrid"	"AMIGO2"
"M3"	"BioGrid"	"PCSK5"
"M3"	"BioGrid"	"EPHB2"
"M3"	"BioGrid"	"SDC2"
"M3"	"BioGrid"	"ELN"
"M3"	"BioGrid"	"COL1A2"
"M3"	"BioGrid"	"TNC"
"M3"	"BioGrid"	"CTGF"
"M3"	"BioGrid"	"ATP8A2"
"M3"	"BioGrid"	"DACT1"
"M3"	"BioGrid"	"EPHA3"
"M3"	"BioGrid"	"FGF1"
"M3"	"BioGrid"	"MMP1"
"M3"	"BioGrid"	"MOXD1"
"M3"	"BioGrid"	"ANGPTL4"
"M3"	"BioGrid"	"FBXL7"
"M3"	"BioGrid"	"FBLN2"
"M3"	"BioGrid"	"PLN"
"M3"	"BioGrid"	"COL1A1"
"M3"	"BioGrid"	"COL3A1"
"M3"	"BioGrid"	"COL5A1"
"M3"	"BioGrid"	"CDKN2B"
"M3"	"BioGrid"	"PAPPA"
"M3"	"BioGrid"	"TINAGL1"
"M3"	"BioGrid"	"MATN3"
"M3"	"BioGrid"	"COMP"
"M3"	"BioGrid"	"FGFR4"
"M3"	"BioGrid"	"TWIST1"
"M3"	"BioGrid"	"LOXL4"
"M3"	"BioGrid"	"KLF15"
"M3"	"BioGrid"	"HPDL"
"M3"	"BioGrid"	"FBN1"
"M3"	"BioGrid"	"NT5E"
"M3"	"BioGrid"	"SFRP2"
"M3"	"BioGrid"	"HIST1H2BJ"
"M3"	"BioGrid"	"CST1"
"M3"	"BioGrid"	"SERPINE1"
"M3"	"BioGrid"	"COL8A2"
"M3"	"BioGrid"	"CCND2"
"M3"	"BioGrid"	"APOD"
"M3"	"BioGrid"	"METTL27"
"M3"	"BioGrid"	"SFRP1"
"M3"	"BioGrid"	"KCNJ11"
"M3"	"BioGrid"	"SYNDIG1"
"M3"	"BioGrid"	"KCND3"
"M3"	"BioGrid"	"SLC27A2"
"M3"	"BioGrid"	"SOX9"
"M3"	"BioGrid"	"ADAM12"
"M3"	"BioGrid"	"COL8A1"
"M3"	"BioGrid"	"DOK6"
"M3"	"BioGrid"	"PLAT"
"M3"	"BioGrid"	"IGFBP5"
"M3"	"BioGrid"	"PLAU"
"M3"	"BioGrid"	"IGF2"
"M3"	"BioGrid"	"MMP7"
"M3"	"BioGrid"	"MMP13"
"M3"	"BioGrid"	"MMP2"
"M3"	"BioGrid"	"TGFBI"
"M3"	"BioGrid"	"TGFB2"
"M3"	"BioGrid"	"DPT"
"M3"	"BioGrid"	"FAP"
"M3"	"BioGrid"	"PRELP"
"M3"	"BioGrid"	"CSPG4"
"M3"	"BioGrid"	"ITGB6"
"M3"	"BioGrid"	"LSAMP"
"M3"	"BioGrid"	"ADRA2A"
"M3"	"BioGrid"	"RGS4"
"M3"	"BioGrid"	"DIRAS1"
"M3"	"BioGrid"	"AREG"
"M3"	"BioGrid"	"FAM3B"
"M3"	"BioGrid"	"COL14A1"
"M3"	"BioGrid"	"COLEC12"
"M3"	"BioGrid"	"ZNF365"
"M3"	"BioGrid"	"PNMA8A"
"M3"	"BioGrid"	"SULF1"
"M3"	"BioGrid"	"AFAP1L2"
"M3"	"BioGrid"	"IL11"
"M3"	"BioGrid"	"COL10A1"
"M3"	"BioGrid"	"ASCL2"
"M3"	"BioGrid"	"WISP1"
"M3"	"BioGrid"	"COL11A1"
"M3"	"BioGrid"	"TIMP3"
"M3"	"BioGrid"	"INHBA"
"M3"	"BioGrid"	"ANOS1"
"M3"	"BioGrid"	"BASP1"
"M3"	"BioGrid"	"BOC"
"M3"	"BioGrid"	"RASD2"
"M3"	"BioGrid"	"CDH23"
"M3"	"BioGrid"	"ABLIM2"
"M3"	"BioGrid"	"EVA1A"
"M3"	"BioGrid"	"MAOB"
"M3"	"BioGrid"	"CRABP2"
"M3"	"BioGrid"	"CLGN"
"M3"	"BioGrid"	"DIO2"
"M3"	"BioGrid"	"CDH6"
"M3"	"BioGrid"	"HIST3H2A"
"M3"	"BioGrid"	"SOBP"
"M3"	"BioGrid"	"GPR143"
"M3"	"BioGrid"	"PRRX1"
"M3"	"BioGrid"	"CPNE7"
"M3"	"BioGrid"	"CLMP"
"M3"	"BioGrid"	"LIPG"
"M3"	"IntAct"	"FN1"
"M3"	"IntAct"	"ROR2"
"M3"	"IntAct"	"BEX2"
"M3"	"IntAct"	"CREB3L1"
"M3"	"IntAct"	"MMP3"
"M3"	"IntAct"	"HIST1H1C"
"M3"	"IntAct"	"AR"
"M3"	"IntAct"	"VCAN"
"M3"	"IntAct"	"NCAM2"
"M3"	"IntAct"	"SSC5D"
"M3"	"IntAct"	"CDH2"
"M3"	"IntAct"	"NKD1"
"M3"	"IntAct"	"BMP2"
"M3"	"IntAct"	"BMP4"
"M3"	"IntAct"	"TNFRSF19"
"M3"	"IntAct"	"FHL2"
"M3"	"IntAct"	"MME"
"M3"	"IntAct"	"FOXA1"
"M3"	"IntAct"	"KHDRBS3"
"M3"	"IntAct"	"PCSK5"
"M3"	"IntAct"	"C1QTNF1"
"M3"	"IntAct"	"EPHB2"
"M3"	"IntAct"	"SDC2"
"M3"	"IntAct"	"ELN"
"M3"	"IntAct"	"COL1A2"
"M3"	"IntAct"	"CTGF"
"M3"	"IntAct"	"ATP8A2"
"M3"	"IntAct"	"DACT1"
"M3"	"IntAct"	"EPHA3"
"M3"	"IntAct"	"FGF1"
"M3"	"IntAct"	"MMP1"
"M3"	"IntAct"	"MOXD1"
"M3"	"IntAct"	"CDH13"
"M3"	"IntAct"	"SFRP4"
"M3"	"IntAct"	"ANGPTL4"
"M3"	"IntAct"	"FBXL7"
"M3"	"IntAct"	"FBLN2"
"M3"	"IntAct"	"PLN"
"M3"	"IntAct"	"CDKN2B"
"M3"	"IntAct"	"PAPPA"
"M3"	"IntAct"	"TINAGL1"
"M3"	"IntAct"	"MATN3"
"M3"	"IntAct"	"COMP"
"M3"	"IntAct"	"FGFR4"
"M3"	"IntAct"	"HIST1H2BC"
"M3"	"IntAct"	"TWIST1"
"M3"	"IntAct"	"FLRT2"
"M3"	"IntAct"	"SLC1A3"
"M3"	"IntAct"	"LOXL4"
"M3"	"IntAct"	"KLF15"
"M3"	"IntAct"	"FBN1"
"M3"	"IntAct"	"SFRP2"
"M3"	"IntAct"	"CST1"
"M3"	"IntAct"	"SERPINE1"
"M3"	"IntAct"	"CCND2"
"M3"	"IntAct"	"APOD"
"M3"	"IntAct"	"SLC2A3"
"M3"	"IntAct"	"METTL27"
"M3"	"IntAct"	"SFRP1"
"M3"	"IntAct"	"MXRA5"
"M3"	"IntAct"	"SYNDIG1"
"M3"	"IntAct"	"CEMIP"
"M3"	"IntAct"	"COL12A1"
"M3"	"IntAct"	"ADAM12"
"M3"	"IntAct"	"COL8A1"
"M3"	"IntAct"	"DOK6"
"M3"	"IntAct"	"PLAT"
"M3"	"IntAct"	"PLAU"
"M3"	"IntAct"	"IGF2"
"M3"	"IntAct"	"MMP7"
"M3"	"IntAct"	"MMP2"
"M3"	"IntAct"	"TGFBI"
"M3"	"IntAct"	"CTSK"
"M3"	"IntAct"	"TSPAN2"
"M3"	"IntAct"	"FAP"
"M3"	"IntAct"	"SPOCK1"
"M3"	"IntAct"	"LSAMP"
"M3"	"IntAct"	"ADRA2A"
"M3"	"IntAct"	"AREG"
"M3"	"IntAct"	"ZNF365"
"M3"	"IntAct"	"COL10A1"
"M3"	"IntAct"	"RPS6KL1"
"M3"	"IntAct"	"TIMP3"
"M3"	"IntAct"	"INHBA"
"M3"	"IntAct"	"ANOS1"
"M3"	"IntAct"	"BASP1"
"M3"	"IntAct"	"ABLIM2"
"M3"	"IntAct"	"EVA1A"
"M3"	"IntAct"	"MAOB"
"M3"	"IntAct"	"CRABP2"
"M3"	"IntAct"	"COL6A3"
"M3"	"IntAct"	"ADAMTS5"
"M3"	"IntAct"	"GREM1"
"M3"	"IntAct"	"PDE10A"
"M3"	"IntAct"	"RNF150"
"M3"	"IntAct"	"KIF26A"
"M3"	"IntAct"	"ADAMTS12"
"M3"	"IntAct"	"SOBP"
"M3"	"IntAct"	"GPR143"
"M3"	"IntAct"	"CPNE7"
"M3"	"IntAct"	"TENM3"
"M3"	"IntAct"	"ARSI"
"M3"	"IntAct"	"COL15A1"
"M3"	"IntAct"	"CLMP"
"M3"	"IntAct"	"LIPG"
"M3"	"IntAct"	"IGFBP6"
"M3"	"IntAct"	"POSTN"
"M3"	"BioGrid_Fly"	"SPON1"
"M3"	"BioGrid_Fly"	"BMP2"
"M3"	"BioGrid_Fly"	"FA2H"
"M3"	"BioGrid_Fly"	"PXDN"
"M3"	"BioGrid_Fly"	"PCSK5"
"M3"	"BioGrid_Fly"	"MOXD1"
"M3"	"BioGrid_Fly"	"FBLN2"
"M3"	"BioGrid_Fly"	"ACTG2"
"M3"	"BioGrid_Fly"	"COMP"
"M3"	"BioGrid_Fly"	"CCND2"
"M3"	"BioGrid_Fly"	"SLC2A3"
"M3"	"BioGrid_Fly"	"EIF5AL1"
"M3"	"BioGrid_Fly"	"MFAP4"
"M3"	"BioGrid_Fly"	"FAP"
"M3"	"BioGrid_Fly"	"LSAMP"
"M3"	"BioGrid_Fly"	"GOLGA7B"
"M3"	"DIP_Mouse"	"HIST1H1C"
"M3"	"DIP_Mouse"	"AR"
"M3"	"DIP_Mouse"	"CDH2"
"M3"	"DIP_Mouse"	"CDKN2B"
"M3"	"DIP_Mouse"	"FGFR4"
"M3"	"DIP_Mouse"	"CCND2"
"M3"	"DIP_Mouse"	"KCNJ11"
"M3"	"DIP_Mouse"	"ENPP1"
"M3"	"DIP_Mouse"	"CDH23"
"M3"	"HPRD"	"FN1"
"M3"	"HPRD"	"ROR2"
"M3"	"HPRD"	"BEX2"
"M3"	"HPRD"	"CREB3L1"
"M3"	"HPRD"	"MMP3"
"M3"	"HPRD"	"SPON1"
"M3"	"HPRD"	"AR"
"M3"	"HPRD"	"VCAN"
"M3"	"HPRD"	"LUM"
"M3"	"HPRD"	"TNFAIP6"
"M3"	"HPRD"	"NCAM2"
"M3"	"HPRD"	"WNT2"
"M3"	"HPRD"	"CDH2"
"M3"	"HPRD"	"DCN"
"M3"	"HPRD"	"BMP2"
"M3"	"HPRD"	"BMP4"
"M3"	"HPRD"	"TNFRSF19"
"M3"	"HPRD"	"FHL2"
"M3"	"HPRD"	"MME"
"M3"	"HPRD"	"FOXA1"
"M3"	"HPRD"	"KHDRBS3"
"M3"	"HPRD"	"AMIGO2"
"M3"	"HPRD"	"PCSK5"
"M3"	"HPRD"	"C1QTNF1"
"M3"	"HPRD"	"EPHB2"
"M3"	"HPRD"	"SDC2"
"M3"	"HPRD"	"ELN"
"M3"	"HPRD"	"COL1A2"
"M3"	"HPRD"	"TNC"
"M3"	"HPRD"	"CTGF"
"M3"	"HPRD"	"EPHA3"
"M3"	"HPRD"	"FGF1"
"M3"	"HPRD"	"MMP1"
"M3"	"HPRD"	"CDH13"
"M3"	"HPRD"	"FBLN2"
"M3"	"HPRD"	"PLN"
"M3"	"HPRD"	"ACTG2"
"M3"	"HPRD"	"COL1A1"
"M3"	"HPRD"	"CDKN2B"
"M3"	"HPRD"	"PAPPA"
"M3"	"HPRD"	"TINAGL1"
"M3"	"HPRD"	"MATN3"
"M3"	"HPRD"	"COMP"
"M3"	"HPRD"	"FGFR4"
"M3"	"HPRD"	"HIST1H2BC"
"M3"	"HPRD"	"TWIST1"
"M3"	"HPRD"	"LOXL4"
"M3"	"HPRD"	"NT5E"
"M3"	"HPRD"	"SFRP2"
"M3"	"HPRD"	"HIST1H2BJ"
"M3"	"HPRD"	"SERPINE1"
"M3"	"HPRD"	"COL8A2"
"M3"	"HPRD"	"CCND2"
"M3"	"HPRD"	"APOD"
"M3"	"HPRD"	"SFRP1"
"M3"	"HPRD"	"CEMIP"
"M3"	"HPRD"	"MFAP5"
"M3"	"HPRD"	"KCND3"
"M3"	"HPRD"	"MMP11"
"M3"	"HPRD"	"SOX9"
"M3"	"HPRD"	"MFAP4"
"M3"	"HPRD"	"COL12A1"
"M3"	"HPRD"	"PLXNA4"
"M3"	"HPRD"	"ADAM12"
"M3"	"HPRD"	"COL8A1"
"M3"	"HPRD"	"PLAT"
"M3"	"HPRD"	"IGFBP5"
"M3"	"HPRD"	"PLAU"
"M3"	"HPRD"	"IGF2"
"M3"	"HPRD"	"MMP7"
"M3"	"HPRD"	"MMP13"
"M3"	"HPRD"	"MMP2"
"M3"	"HPRD"	"TGFBI"
"M3"	"HPRD"	"CTSK"
"M3"	"HPRD"	"TGFB2"
"M3"	"HPRD"	"DPT"
"M3"	"HPRD"	"FAP"
"M3"	"HPRD"	"SPOCK1"
"M3"	"HPRD"	"PRELP"
"M3"	"HPRD"	"CSPG4"
"M3"	"HPRD"	"ITGB6"
"M3"	"HPRD"	"LSAMP"
"M3"	"HPRD"	"ADRA2A"
"M3"	"HPRD"	"RGS4"
"M3"	"HPRD"	"AREG"
"M3"	"HPRD"	"COL14A1"
"M3"	"HPRD"	"ZNF365"
"M3"	"HPRD"	"AFAP1L2"
"M3"	"HPRD"	"IL11"
"M3"	"HPRD"	"ENPP1"
"M3"	"HPRD"	"EDIL3"
"M3"	"HPRD"	"COL10A1"
"M3"	"HPRD"	"ASCL2"
"M3"	"HPRD"	"WISP1"
"M3"	"HPRD"	"THBS2"
"M3"	"HPRD"	"COL5A3"
"M3"	"HPRD"	"TIMP3"
"M3"	"HPRD"	"INHBA"
"M3"	"HPRD"	"ANOS1"
"M3"	"HPRD"	"BOC"
"M3"	"HPRD"	"AEBP1"
"M3"	"HPRD"	"RASD2"
"M3"	"HPRD"	"CDH23"
"M3"	"HPRD"	"ICAM5"
"M3"	"HPRD"	"MAOB"
"M3"	"HPRD"	"CRABP2"
"M3"	"HPRD"	"ADAMTS5"
"M3"	"HPRD"	"ZIK1"
"M3"	"HPRD"	"PDE10A"
"M3"	"HPRD"	"PMEPA1"
"M3"	"HPRD"	"SCN4B"
"M3"	"HPRD"	"CLGN"
"M3"	"HPRD"	"DIO2"
"M3"	"HPRD"	"CDH6"
"M3"	"HPRD"	"HES6"
"M3"	"HPRD"	"CPNE7"
"M3"	"HPRD"	"SGCD"
"M3"	"HPRD"	"TENM3"
"M3"	"HPRD"	"GAS1"
"M3"	"HPRD"	"SLIT3"
"M3"	"HPRD"	"IGFBP6"
"M3"	"IntAct_Mouse"	"FN1"
"M3"	"IntAct_Mouse"	"NCAM2"
"M3"	"IntAct_Mouse"	"CDH2"
"M3"	"IntAct_Mouse"	"NKD1"
"M3"	"IntAct_Mouse"	"TNFRSF19"
"M3"	"IntAct_Mouse"	"FHL2"
"M3"	"IntAct_Mouse"	"KHDRBS3"
"M3"	"IntAct_Mouse"	"DACT1"
"M3"	"IntAct_Mouse"	"COL3A1"
"M3"	"IntAct_Mouse"	"CCND2"
"M3"	"IntAct_Mouse"	"CTSK"
"M3"	"IntAct_Mouse"	"CSPG4"
"M3"	"IntAct_Mouse"	"CLGN"
"M3"	"BioGrid_Mouse"	"ROR2"
"M3"	"BioGrid_Mouse"	"AR"
"M3"	"BioGrid_Mouse"	"WNT2"
"M3"	"BioGrid_Mouse"	"CDH2"
"M3"	"BioGrid_Mouse"	"BMP4"
"M3"	"BioGrid_Mouse"	"TNFRSF19"
"M3"	"BioGrid_Mouse"	"FHL2"
"M3"	"BioGrid_Mouse"	"MME"
"M3"	"BioGrid_Mouse"	"EPHB2"
"M3"	"BioGrid_Mouse"	"SFRP4"
"M3"	"BioGrid_Mouse"	"FBXL7"
"M3"	"BioGrid_Mouse"	"COL1A1"
"M3"	"BioGrid_Mouse"	"COL3A1"
"M3"	"BioGrid_Mouse"	"COL5A1"
"M3"	"BioGrid_Mouse"	"TWIST1"
"M3"	"BioGrid_Mouse"	"SLC1A3"
"M3"	"BioGrid_Mouse"	"SFRP2"
"M3"	"BioGrid_Mouse"	"HIST1H2BJ"
"M3"	"BioGrid_Mouse"	"SFRP1"
"M3"	"BioGrid_Mouse"	"SOX9"
"M3"	"BioGrid_Mouse"	"COL8A1"
"M3"	"BioGrid_Mouse"	"TGFB2"
"M3"	"BioGrid_Mouse"	"ADRA2A"
"M3"	"BioGrid_Mouse"	"THBS2"
"M3"	"BioGrid_Mouse"	"INHBA"
"M3"	"BioGrid_Mouse"	"AEBP1"
"M3"	"BioGrid_Mouse"	"HES6"
"M3"	"BioGrid_Mouse"	"GAS1"
"M3"	"BioGrid_Mouse"	"SLIT3"
"M3"	"MGI"	"FN1"
"M3"	"MGI"	"HIST1H1C"
"M3"	"MGI"	"AR"
"M3"	"MGI"	"CDH2"
"M3"	"MGI"	"BMP2"
"M3"	"MGI"	"BMP4"
"M3"	"MGI"	"CCND2"
"M3"	"MGI"	"CDH23"
"M3"	"MGI"	"ICAM5"
"M3"	"MGI"	"SGCD"
"M3"	"MGI"	"GAS1"
"M3"	"INNATEDB"	"ROR2"
"M3"	"INNATEDB"	"MMP3"
"M3"	"INNATEDB"	"AR"
"M3"	"INNATEDB"	"VCAN"
"M3"	"INNATEDB"	"CDH2"
"M3"	"INNATEDB"	"DCN"
"M3"	"INNATEDB"	"PDPN"
"M3"	"INNATEDB"	"BMP2"
"M3"	"INNATEDB"	"BMP4"
"M3"	"INNATEDB"	"FHL2"
"M3"	"INNATEDB"	"FOXA1"
"M3"	"INNATEDB"	"AMIGO2"
"M3"	"INNATEDB"	"SDC2"
"M3"	"INNATEDB"	"ELN"
"M3"	"INNATEDB"	"COL1A2"
"M3"	"INNATEDB"	"MMP1"
"M3"	"INNATEDB"	"COL1A1"
"M3"	"INNATEDB"	"CDKN2B"
"M3"	"INNATEDB"	"HIST1H2BC"
"M3"	"INNATEDB"	"FBN1"
"M3"	"INNATEDB"	"CCND2"
"M3"	"INNATEDB"	"APOD"
"M3"	"INNATEDB"	"SLC2A3"
"M3"	"INNATEDB"	"PLAU"
"M3"	"INNATEDB"	"MMP13"
"M3"	"INNATEDB"	"MMP2"
"M3"	"INNATEDB"	"CSPG4"
"M3"	"INNATEDB"	"ADRA2A"
"M3"	"INNATEDB"	"COL14A1"
"M3"	"INNATEDB"	"IL11"
"M3"	"INNATEDB"	"TIMP3"
"M3"	"INNATEDB"	"INHBA"
"M3"	"INNATEDB"	"ZNF677"
"M3"	"INNATEDB"	"LGI2"
"M3"	"INNATEDB"	"ABLIM2"
"M3"	"INNATEDB"	"SCN4B"
"M3"	"Miller_WntLumier"	"NKD1"
"M3"	"BIND"	"CREB3L1"
"M3"	"BIND"	"MMP3"
"M3"	"BIND"	"AR"
"M3"	"BIND"	"BMP2"
"M3"	"BIND"	"BMP4"
"M3"	"BIND"	"FHL2"
"M3"	"BIND"	"EPHB2"
"M3"	"BIND"	"ELN"
"M3"	"BIND"	"FGF1"
"M3"	"BIND"	"MMP1"
"M3"	"BIND"	"PLN"
"M3"	"BIND"	"SERPINE1"
"M3"	"BIND"	"CCND2"
"M3"	"BIND"	"KCNJ11"
"M3"	"BIND"	"KCND3"
"M3"	"BIND"	"IGFBP5"
"M3"	"BIND"	"PLAU"
"M3"	"BIND"	"IGF2"
"M3"	"BIND"	"MMP13"
"M3"	"BIND"	"MMP2"
"M3"	"BIND"	"CTSK"
"M3"	"BIND"	"TGFB2"
"M3"	"BIND"	"FAP"
"M3"	"BIND"	"ADRA2A"
"M3"	"BIND"	"INHBA"
"M3"	"BIND"	"MAOB"
"M3"	"BIND"	"CRABP2"
"M3"	"BIND"	"SGCD"
"M3"	"BIND_Mouse"	"MMP3"
"M3"	"BIND_Mouse"	"CDH2"
"M3"	"BIND_Mouse"	"BMP2"
"M3"	"BIND_Mouse"	"BMP4"
"M3"	"BIND_Mouse"	"FHL2"
"M3"	"BIND_Mouse"	"EPHA3"
"M3"	"BIND_Mouse"	"TWIST1"
"M3"	"BIND_Mouse"	"MFAP5"
"M3"	"BIND_Mouse"	"MMP11"
"M3"	"BIND_Mouse"	"ADAM12"
"M3"	"BIND_Mouse"	"MMP13"
"M3"	"BIND_Mouse"	"CSPG4"
"M3"	"BIND_Mouse"	"INHBA"
"M3"	"BIND_Mouse"	"CDH23"
"M3"	"BIND_Mouse"	"SGCD"
"M3"	"BioGrid_Yeast"	"FA2H"
"M3"	"BioGrid_Yeast"	"ATP8A2"
"M3"	"BCI"	"FN1"
"M3"	"BCI"	"ROR2"
"M3"	"BCI"	"HIST1H1C"
"M3"	"BCI"	"VCAN"
"M3"	"BCI"	"CDH2"
"M3"	"BCI"	"FHL2"
"M3"	"BCI"	"MME"
"M3"	"BCI"	"EPHB2"
"M3"	"BCI"	"ELN"
"M3"	"BCI"	"COL1A2"
"M3"	"BCI"	"TNC"
"M3"	"BCI"	"CTGF"
"M3"	"BCI"	"FBLN2"
"M3"	"BCI"	"ACTG2"
"M3"	"BCI"	"COL1A1"
"M3"	"BCI"	"COL3A1"
"M3"	"BCI"	"FGFR4"
"M3"	"BCI"	"FBN1"
"M3"	"BCI"	"SERPINE1"
"M3"	"BCI"	"CCND2"
"M3"	"BCI"	"APOD"
"M3"	"BCI"	"SOX9"
"M3"	"BCI"	"PLAT"
"M3"	"BCI"	"IGFBP5"
"M3"	"BCI"	"PLAU"
"M3"	"BCI"	"IGF2"
"M3"	"BCI"	"MMP7"
"M3"	"BCI"	"CTSK"
"M3"	"BCI"	"DPT"
"M3"	"BCI"	"CSPG4"
"M3"	"BCI"	"LSAMP"
"M3"	"BCI"	"COL10A1"
"M3"	"BCI"	"THBS2"
"M3"	"BCI"	"AEBP1"
"M3"	"BCI"	"GAS1"
"M3"	"BioGrid_Rat"	"CREB3L1"
"M3"	"BioGrid_Rat"	"DCN"
"M3"	"BioGrid_Rat"	"KHDRBS3"
"M3"	"BioGrid_Rat"	"SDC2"
"M3"	"BioGrid_Rat"	"DACT1"
"M3"	"BioGrid_Rat"	"SERPINE1"
"M3"	"BioGrid_Rat"	"CCND2"
"M3"	"BioGrid_Rat"	"APOD"
"M3"	"BioGrid_Rat"	"MMP11"
"M3"	"BIND_Rat"	"AR"
"M3"	"BIND_Rat"	"CDH2"
"M3"	"BIND_Rat"	"SDC2"
"M3"	"BIND_Rat"	"KCND3"
"M3"	"BIND_Rat"	"ADRA2A"
"M3"	"BIND_Rat"	"RGS4"
"M3"	"BIND_Rat"	"MAOB"
"M3"	"INNATEDB_Mouse"	"AR"
"M3"	"INNATEDB_Mouse"	"CDH2"
"M3"	"INNATEDB_Mouse"	"TNFRSF19"
"M3"	"INNATEDB_Mouse"	"FHL2"
"M3"	"INNATEDB_Mouse"	"FOXA1"
"M3"	"INNATEDB_Mouse"	"SDC2"
"M3"	"INNATEDB_Mouse"	"TNC"
"M3"	"INNATEDB_Mouse"	"CDKN2B"
"M3"	"INNATEDB_Mouse"	"SOX9"
"M3"	"INNATEDB_Mouse"	"MMP13"
"M3"	"INNATEDB_Mouse"	"BOC"
"M3"	"INNATEDB_Mouse"	"C1QTNF3"
"M3"	"INNATEDB_Mouse"	"CDH23"
"M3"	"INNATEDB_Mouse"	"ITGA11"
"M3"	"INNATEDB_Mouse"	"ADAMTS2"
"M3"	"INNATEDB_Mouse"	"ZFHX4"
"M3"	"DIP"	"FN1"
"M3"	"DIP"	"AR"
"M3"	"DIP"	"NCAM2"
"M3"	"DIP"	"NKD1"
"M3"	"DIP"	"BMP2"
"M3"	"DIP"	"BMP4"
"M3"	"DIP"	"FHL2"
"M3"	"DIP"	"FOXA1"
"M3"	"DIP"	"EPHB2"
"M3"	"DIP"	"SDC2"
"M3"	"DIP"	"EPHA3"
"M3"	"DIP"	"FGF1"
"M3"	"DIP"	"MMP1"
"M3"	"DIP"	"COL1A1"
"M3"	"DIP"	"COL3A1"
"M3"	"DIP"	"FGFR4"
"M3"	"DIP"	"FBN1"
"M3"	"DIP"	"NT5E"
"M3"	"DIP"	"HIST1H2BJ"
"M3"	"DIP"	"KCNJ11"
"M3"	"DIP"	"IGF2"
"M3"	"DIP"	"MMP2"
"M3"	"DIP"	"ITGB6"
"M3"	"DIP"	"RGS4"
"M3"	"DIP"	"ZNF365"
"M3"	"DIP"	"INHBA"
"M3"	"DIP"	"HIST3H2A"
"M3"	"IntAct_Fly"	"PCSK5"
"M3"	"IntAct_Fly"	"MOXD1"
"M3"	"IntAct_Fly"	"FBXL7"
"M3"	"IntAct_Fly"	"FBLN2"
"M3"	"IntAct_Fly"	"APOD"
"M3"	"IntAct_Fly"	"SLC2A3"
"M3"	"IntAct_Fly"	"EIF5AL1"
"M3"	"IntAct_Fly"	"MFAP4"
"M3"	"IntAct_Fly"	"FAP"
"M3"	"IntAct_Fly"	"CHST6"
"M3"	"IntAct_Yeast"	"FA2H"
"M3"	"IntAct_Yeast"	"ATP8A2"
"M3"	"BIND_Fly"	"PCSK5"
"M3"	"BIND_Fly"	"FBLN2"
"M3"	"BIND_Fly"	"SLC2A3"
"M3"	"BIND_Fly"	"FAP"
"M3"	"FlyLow"	"FBLN2"
"M3"	"FlyLow"	"SLC2A3"
"M3"	"FlyLow"	"FAP"
"M3"	"MINT_Fly"	"MOXD1"
"M3"	"MINT_Fly"	"FBLN2"
"M3"	"MINT_Fly"	"ACTG2"
"M3"	"MINT_Fly"	"MFAP4"
"M3"	"MINT_Fly"	"ANO1"
"M3"	"DIP_Fly"	"SPON1"
"M3"	"DIP_Fly"	"BMP2"
"M3"	"DIP_Fly"	"PCSK5"
"M3"	"DIP_Fly"	"MOXD1"
"M3"	"DIP_Fly"	"FBLN2"
"M3"	"DIP_Fly"	"ACTG2"
"M3"	"DIP_Fly"	"CCND2"
"M3"	"DIP_Fly"	"APOD"
"M3"	"DIP_Fly"	"SLC2A3"
"M3"	"DIP_Fly"	"EIF5AL1"
"M3"	"DIP_Fly"	"FAP"
"M3"	"DIP_Fly"	"ANO1"
"M3"	"VidalHuman_non_core"	"KHDRBS3"
"M3"	"VidalHuman_non_core"	"PCSK5"
"M3"	"VidalHuman_non_core"	"SFRP2"
"M3"	"VidalHuman_non_core"	"CRABP2"
"M3"	"MINT"	"FN1"
"M3"	"MINT"	"CREB3L1"
"M3"	"MINT"	"AR"
"M3"	"MINT"	"LUM"
"M3"	"MINT"	"CDH2"
"M3"	"MINT"	"PDPN"
"M3"	"MINT"	"BMP2"
"M3"	"MINT"	"BMP4"
"M3"	"MINT"	"FHL2"
"M3"	"MINT"	"MME"
"M3"	"MINT"	"KHDRBS3"
"M3"	"MINT"	"PCSK5"
"M3"	"MINT"	"COL1A1"
"M3"	"MINT"	"TINAGL1"
"M3"	"MINT"	"TWIST1"
"M3"	"MINT"	"FLRT2"
"M3"	"MINT"	"SERPINE1"
"M3"	"MINT"	"CCND2"
"M3"	"MINT"	"APOD"
"M3"	"MINT"	"SLC2A3"
"M3"	"MINT"	"ADAM12"
"M3"	"MINT"	"DOK6"
"M3"	"MINT"	"IGFBP5"
"M3"	"MINT"	"PLAU"
"M3"	"MINT"	"IGF2"
"M3"	"MINT"	"DPT"
"M3"	"MINT"	"FAP"
"M3"	"MINT"	"AREG"
"M3"	"MINT"	"IL11"
"M3"	"MINT"	"COL10A1"
"M3"	"MINT"	"INHBA"
"M3"	"MINT"	"BOC"
"M3"	"MINT"	"COL16A1"
"M3"	"MINT"	"EVA1A"
"M3"	"MINT"	"GREM1"
"M3"	"MINT"	"SGCD"
"M3"	"IntAct_Rat"	"FHL2"
"M3"	"IntAct_Rat"	"SDC2"
"M3"	"IntAct_Rat"	"PLAT"
"M3"	"IntAct_Rat"	"RGS4"
"M3"	"IntAct_Rat"	"COL11A1"
"M3"	"StelzlMedium"	"PDPN"
"M3"	"StelzlMedium"	"CDKN2B"
"M3"	"StelzlMedium"	"TINAGL1"
"M3"	"StelzlMedium"	"IGFBP5"
"M3"	"StelzlMedium"	"DPT"
"M3"	"DIP_Rat"	"AR"
"M3"	"DIP_Rat"	"CDH2"
"M3"	"DIP_Rat"	"COL1A2"
"M3"	"DIP_Rat"	"RGS4"
"M3"	"DIP_Rat"	"FNDC1"
"M3"	"FlyHigh"	"EIF5AL1"
"M3"	"BioGrid_Worm"	"ROR2"
"M3"	"VidalHuman_core"	"KHDRBS3"
"M3"	"VidalHuman_core"	"PCSK5"
"M3"	"VidalHuman_core"	"CDKN2B"
"M3"	"VidalHuman_core"	"CCND2"
"M3"	"VidalHuman_core"	"IL11"
"M3"	"IntAct_Worm"	"ROR2"
"M3"	"IntAct_Worm"	"ADAM12"
"M3"	"IntAct_Worm"	"LDHD"
"M3"	"I2D-c_Fiona_HUMAN"	"AR"
"M3"	"I2D-c_Fiona_HUMAN"	"MMP2"
"M3"	"DIP_Worm"	"LDHD"
"M3"	"KIM_MYC"	"ACTG2"
"M3"	"StelzlLow"	"IGFBP5"
"M3"	"BIND_Yeast"	"ATP8A2"
"M3"	"MINT_Yeast"	"FA2H"
"M3"	"MINT_Yeast"	"ATP8A2"
"M3"	"MIPS"	"ATP8A2"
"M3"	"YeastLow"	"ATP8A2"
"M3"	"StelzlHigh"	"CDKN2B"
"M3"	"MINT_Mouse"	"LOXL4"
"M3"	"MINT_Mouse"	"CSPG4"
"M3"	"Tarassov_PCA"	"FA2H"
"M4"	"BioGrid_Yeast"	"RAB6B"
"M4"	"BioGrid_Yeast"	"PRKAA2"
"M4"	"BioGrid_Yeast"	"ABCC3"
"M4"	"BioGrid_Yeast"	"GCLC"
"M4"	"BioGrid_Yeast"	"AKR1B10"
"M4"	"BioGrid_Yeast"	"ODC1"
"M4"	"BioGrid_Yeast"	"ABCG2"
"M4"	"BEHRENDS_AUTOPHAGY_LOW"	"PRKAA2"
"M4"	"IntAct"	"RAB6B"
"M4"	"IntAct"	"PRKAA2"
"M4"	"IntAct"	"OSGIN1"
"M4"	"IntAct"	"GULP1"
"M4"	"IntAct"	"GNAZ"
"M4"	"IntAct"	"PPARG"
"M4"	"IntAct"	"PPP2R2B"
"M4"	"IntAct"	"UCHL1"
"M4"	"IntAct"	"SPP1"
"M4"	"IntAct"	"ADAM23"
"M4"	"IntAct"	"CBR3"
"M4"	"IntAct"	"BMPR1B"
"M4"	"IntAct"	"CRMP1"
"M4"	"IntAct"	"F2RL2"
"M4"	"IntAct"	"DMD"
"M4"	"IntAct"	"CACNA1B"
"M4"	"IntAct"	"MATN2"
"M4"	"IntAct"	"TXNRD1"
"M4"	"IntAct"	"GATA3"
"M4"	"IntAct"	"GLI1"
"M4"	"IntAct"	"MAP2"
"M4"	"IntAct"	"HDAC9"
"M4"	"IntAct"	"EGF"
"M4"	"IntAct"	"CARD11"
"M4"	"IntAct"	"MAPK8IP2"
"M4"	"IntAct"	"PYGO1"
"M4"	"IntAct"	"NEURL1"
"M4"	"IntAct"	"GCLC"
"M4"	"IntAct"	"HSPA2"
"M4"	"IntAct"	"GRIP1"
"M4"	"IntAct"	"BAMBI"
"M4"	"IntAct"	"CCND1"
"M4"	"IntAct"	"TNFRSF10D"
"M4"	"IntAct"	"CNTNAP2"
"M4"	"IntAct"	"LIN7A"
"M4"	"IntAct"	"MYH11"
"M4"	"IntAct"	"IGFBP3"
"M4"	"IntAct"	"CBX2"
"M4"	"IntAct"	"DCLK1"
"M4"	"IntAct"	"MYH14"
"M4"	"IntAct"	"HEY1"
"M4"	"IntAct"	"DACH1"
"M4"	"IntAct"	"AKR1B10"
"M4"	"IntAct"	"CCNA1"
"M4"	"IntAct"	"CREB5"
"M4"	"IntAct"	"PFN2"
"M4"	"IntAct"	"ODC1"
"M4"	"IntAct"	"CES1"
"M4"	"IntAct"	"TSPAN7"
"M4"	"IntAct"	"ADTRP"
"M4"	"IntAct"	"PRAME"
"M4"	"IntAct"	"PRLR"
"M4"	"IntAct"	"CBR1"
"M4"	"IntAct"	"MELTF"
"M4"	"IntAct"	"RPS6KA6"
"M4"	"IntAct"	"STC2"
"M4"	"IntAct"	"PTPRD"
"M4"	"IntAct"	"SDK1"
"M4"	"IntAct"	"DYNC1I1"
"M4"	"IntAct"	"ZNF334"
"M4"	"IntAct"	"MAP1B"
"M4"	"IntAct"	"PPP2R2C"
"M4"	"IntAct"	"NCKAP5"
"M4"	"IntAct"	"COL9A3"
"M4"	"IntAct"	"VAV3"
"M4"	"IntAct"	"PDZD2"
"M4"	"IntAct"	"GPX2"
"M4"	"IntAct"	"GSTM3"
"M4"	"IntAct"	"SCG2"
"M4"	"IntAct"	"COCH"
"M4"	"IntAct"	"FBN2"
"M4"	"IntAct"	"CEL"
"M4"	"IntAct"	"FGF13"
"M4"	"IntAct"	"SEZ6L2"
"M4"	"IntAct"	"MT1G"
"M4"	"IntAct"	"NQO1"
"M4"	"IntAct"	"RASSF6"
"M4"	"IntAct"	"GCLM"
"M4"	"IntAct"	"MSI1"
"M4"	"IntAct"	"SOX5"
"M4"	"IntAct"	"ETV4"
"M4"	"IntAct"	"FGF12"
"M4"	"IntAct"	"PDZD4"
"M4"	"IntAct"	"L3MBTL4"
"M4"	"IntAct"	"RASL10B"
"M4"	"IntAct"	"BARX1"
"M4"	"IntAct"	"ABCG2"
"M4"	"IntAct"	"BCHE"
"M4"	"IntAct"	"MST1R"
"M4"	"IntAct"	"NECTIN3"
"M4"	"IntAct"	"MSC"
"M4"	"IntAct"	"WNT11"
"M4"	"IntAct"	"CYP4F11"
"M4"	"IntAct"	"CCL28"
"M4"	"IntAct"	"AKR1C1"
"M4"	"IntAct"	"PLA2G16"
"M4"	"IntAct"	"CHST1"
"M4"	"IntAct"	"WNT5A"
"M4"	"IntAct"	"SCNN1A"
"M4"	"IntAct"	"AKR1C3"
"M4"	"IntAct"	"KIAA1549L"
"M4"	"IntAct"	"ZNF320"
"M4"	"IntAct"	"SCIN"
"M4"	"IntAct"	"MCOLN3"
"M4"	"IntAct"	"SRSF12"
"M4"	"IntAct"	"RPL39L"
"M4"	"IntAct"	"JAKMIP2"
"M4"	"IntAct"	"DPYSL4"
"M4"	"IntAct"	"RBP7"
"M4"	"IntAct"	"HSPA12A"
"M4"	"IntAct"	"CORO6"
"M4"	"IntAct"	"ITPRIPL1"
"M4"	"IntAct"	"FZD10"
"M4"	"MINT_Worm"	"PRKAA2"
"M4"	"MINT_Worm"	"GULP1"
"M4"	"MINT_Worm"	"DCLK1"
"M4"	"MINT_Worm"	"CPE"
"M4"	"BioGrid"	"RAB6B"
"M4"	"BioGrid"	"PRKAA2"
"M4"	"BioGrid"	"OSGIN1"
"M4"	"BioGrid"	"GULP1"
"M4"	"BioGrid"	"GNAZ"
"M4"	"BioGrid"	"PPARG"
"M4"	"BioGrid"	"PPP2R2B"
"M4"	"BioGrid"	"UCHL1"
"M4"	"BioGrid"	"SPP1"
"M4"	"BioGrid"	"CACNA2D1"
"M4"	"BioGrid"	"CBR3"
"M4"	"BioGrid"	"BMPR1B"
"M4"	"BioGrid"	"CRMP1"
"M4"	"BioGrid"	"DMD"
"M4"	"BioGrid"	"CACNA1B"
"M4"	"BioGrid"	"MATN2"
"M4"	"BioGrid"	"TXNRD1"
"M4"	"BioGrid"	"GATA3"
"M4"	"BioGrid"	"GLI1"
"M4"	"BioGrid"	"MAP2"
"M4"	"BioGrid"	"HDAC9"
"M4"	"BioGrid"	"EGF"
"M4"	"BioGrid"	"CARD11"
"M4"	"BioGrid"	"MAPK8IP2"
"M4"	"BioGrid"	"PYGO1"
"M4"	"BioGrid"	"NEURL1"
"M4"	"BioGrid"	"GCLC"
"M4"	"BioGrid"	"HSPA2"
"M4"	"BioGrid"	"FZD7"
"M4"	"BioGrid"	"GRIP1"
"M4"	"BioGrid"	"FBXO2"
"M4"	"BioGrid"	"CCND1"
"M4"	"BioGrid"	"TNFRSF10D"
"M4"	"BioGrid"	"HS3ST1"
"M4"	"BioGrid"	"CNTNAP2"
"M4"	"BioGrid"	"LIN7A"
"M4"	"BioGrid"	"MYH11"
"M4"	"BioGrid"	"IGFBP3"
"M4"	"BioGrid"	"CBX2"
"M4"	"BioGrid"	"DCLK1"
"M4"	"BioGrid"	"MYH14"
"M4"	"BioGrid"	"HEY1"
"M4"	"BioGrid"	"PLEK2"
"M4"	"BioGrid"	"DACH1"
"M4"	"BioGrid"	"AKR1B10"
"M4"	"BioGrid"	"THSD7A"
"M4"	"BioGrid"	"CCNA1"
"M4"	"BioGrid"	"NRCAM"
"M4"	"BioGrid"	"RND2"
"M4"	"BioGrid"	"CREB5"
"M4"	"BioGrid"	"PFN2"
"M4"	"BioGrid"	"GLI2"
"M4"	"BioGrid"	"ODC1"
"M4"	"BioGrid"	"CES1"
"M4"	"BioGrid"	"ADTRP"
"M4"	"BioGrid"	"SRXN1"
"M4"	"BioGrid"	"PRAME"
"M4"	"BioGrid"	"PRLR"
"M4"	"BioGrid"	"MELTF"
"M4"	"BioGrid"	"RPS6KA6"
"M4"	"BioGrid"	"STC2"
"M4"	"BioGrid"	"PTPRD"
"M4"	"BioGrid"	"DYNC1I1"
"M4"	"BioGrid"	"ADCY5"
"M4"	"BioGrid"	"MAP1B"
"M4"	"BioGrid"	"PPP2R2C"
"M4"	"BioGrid"	"VAV3"
"M4"	"BioGrid"	"LAMA1"
"M4"	"BioGrid"	"PDZD2"
"M4"	"BioGrid"	"GPX2"
"M4"	"BioGrid"	"GSTM3"
"M4"	"BioGrid"	"CPE"
"M4"	"BioGrid"	"SCG2"
"M4"	"BioGrid"	"RAB3B"
"M4"	"BioGrid"	"COL9A2"
"M4"	"BioGrid"	"CEL"
"M4"	"BioGrid"	"KIAA1549"
"M4"	"BioGrid"	"SEZ6L2"
"M4"	"BioGrid"	"NQO1"
"M4"	"BioGrid"	"RASSF6"
"M4"	"BioGrid"	"GCLM"
"M4"	"BioGrid"	"MSI1"
"M4"	"BioGrid"	"POMC"
"M4"	"BioGrid"	"ADD2"
"M4"	"BioGrid"	"SOX5"
"M4"	"BioGrid"	"ETV4"
"M4"	"BioGrid"	"FGF12"
"M4"	"BioGrid"	"TMEM255A"
"M4"	"BioGrid"	"PDZD4"
"M4"	"BioGrid"	"PRR15"
"M4"	"BioGrid"	"L3MBTL4"
"M4"	"BioGrid"	"CLEC2B"
"M4"	"BioGrid"	"RASL10B"
"M4"	"BioGrid"	"OLFM1"
"M4"	"BioGrid"	"PCYT1B"
"M4"	"BioGrid"	"BARX1"
"M4"	"BioGrid"	"BCHE"
"M4"	"BioGrid"	"MST1R"
"M4"	"BioGrid"	"CD24"
"M4"	"BioGrid"	"GSTM2"
"M4"	"BioGrid"	"ADRA2C"
"M4"	"BioGrid"	"ALDH3A1"
"M4"	"BioGrid"	"ME1"
"M4"	"BioGrid"	"NECTIN3"
"M4"	"BioGrid"	"MSC"
"M4"	"BioGrid"	"WNT11"
"M4"	"BioGrid"	"CYP4F11"
"M4"	"BioGrid"	"CCL28"
"M4"	"BioGrid"	"AKR1C1"
"M4"	"BioGrid"	"PLA2G16"
"M4"	"BioGrid"	"CHST1"
"M4"	"BioGrid"	"WNT5A"
"M4"	"BioGrid"	"PTGR1"
"M4"	"BioGrid"	"SCNN1A"
"M4"	"BioGrid"	"AKR1C3"
"M4"	"BioGrid"	"PLCB4"
"M4"	"BioGrid"	"AKR1C2"
"M4"	"BioGrid"	"ZNF320"
"M4"	"BioGrid"	"SCIN"
"M4"	"BioGrid"	"B4GALNT1"
"M4"	"BioGrid"	"TNFSF9"
"M4"	"BioGrid"	"ABCA4"
"M4"	"BioGrid"	"JAKMIP2"
"M4"	"BioGrid"	"DPYSL4"
"M4"	"BioGrid"	"NDRG4"
"M4"	"BioGrid"	"COLGALT2"
"M4"	"IntAct_Mouse"	"PPARG"
"M4"	"IntAct_Mouse"	"UCHL1"
"M4"	"IntAct_Mouse"	"ADAM23"
"M4"	"IntAct_Mouse"	"CACNA2D1"
"M4"	"IntAct_Mouse"	"BMPR1B"
"M4"	"IntAct_Mouse"	"F2RL2"
"M4"	"IntAct_Mouse"	"DMD"
"M4"	"IntAct_Mouse"	"MATN2"
"M4"	"IntAct_Mouse"	"TXNRD1"
"M4"	"IntAct_Mouse"	"MAP2"
"M4"	"IntAct_Mouse"	"HDAC9"
"M4"	"IntAct_Mouse"	"EGF"
"M4"	"IntAct_Mouse"	"CARD11"
"M4"	"IntAct_Mouse"	"NEURL1"
"M4"	"IntAct_Mouse"	"HSPA2"
"M4"	"IntAct_Mouse"	"FZD7"
"M4"	"IntAct_Mouse"	"GRIP1"
"M4"	"IntAct_Mouse"	"CCND1"
"M4"	"IntAct_Mouse"	"CBX2"
"M4"	"IntAct_Mouse"	"DACH1"
"M4"	"IntAct_Mouse"	"NRCAM"
"M4"	"IntAct_Mouse"	"PFN2"
"M4"	"IntAct_Mouse"	"ODC1"
"M4"	"IntAct_Mouse"	"PRLR"
"M4"	"IntAct_Mouse"	"DYNC1I1"
"M4"	"IntAct_Mouse"	"MAP1B"
"M4"	"IntAct_Mouse"	"LAMA1"
"M4"	"IntAct_Mouse"	"BARX2"
"M4"	"IntAct_Mouse"	"RASL11A"
"M4"	"INNATEDB_Mouse"	"GULP1"
"M4"	"INNATEDB_Mouse"	"PPARG"
"M4"	"INNATEDB_Mouse"	"SPP1"
"M4"	"INNATEDB_Mouse"	"ADAM23"
"M4"	"INNATEDB_Mouse"	"GATA3"
"M4"	"INNATEDB_Mouse"	"CARD11"
"M4"	"INNATEDB_Mouse"	"MAPK8IP2"
"M4"	"INNATEDB_Mouse"	"HEY1"
"M4"	"INNATEDB_Mouse"	"ODC1"
"M4"	"INNATEDB_Mouse"	"TSPAN7"
"M4"	"INNATEDB_Mouse"	"POMC"
"M4"	"INNATEDB_Mouse"	"ADD2"
"M4"	"INNATEDB_Mouse"	"SOX5"
"M4"	"INNATEDB_Mouse"	"MDGA1"
"M4"	"INNATEDB_Mouse"	"FREM2"
"M4"	"BIND"	"PPARG"
"M4"	"BIND"	"BMPR1B"
"M4"	"BIND"	"DMD"
"M4"	"BIND"	"CACNA1B"
"M4"	"BIND"	"HDAC9"
"M4"	"BIND"	"EGF"
"M4"	"BIND"	"CARD11"
"M4"	"BIND"	"CCND1"
"M4"	"BIND"	"CCNA1"
"M4"	"BIND"	"NRCAM"
"M4"	"BIND"	"PFN2"
"M4"	"BIND"	"ODC1"
"M4"	"BIND"	"CES1"
"M4"	"BIND"	"PRLR"
"M4"	"BIND"	"PDZD2"
"M4"	"BIND"	"GSTM3"
"M4"	"BIND"	"KIAA1549"
"M4"	"BIND"	"NQO1"
"M4"	"BIND"	"GSTM2"
"M4"	"BIND"	"ME1"
"M4"	"BIND"	"AKR1C1"
"M4"	"BIND"	"AKR1C2"
"M4"	"BIND"	"SCN9A"
"M4"	"HPRD"	"RAB6B"
"M4"	"HPRD"	"PRKAA2"
"M4"	"HPRD"	"GULP1"
"M4"	"HPRD"	"GNAZ"
"M4"	"HPRD"	"PPARG"
"M4"	"HPRD"	"UCHL1"
"M4"	"HPRD"	"SPP1"
"M4"	"HPRD"	"ADAM23"
"M4"	"HPRD"	"CBR3"
"M4"	"HPRD"	"BMPR1B"
"M4"	"HPRD"	"CRMP1"
"M4"	"HPRD"	"F2RL2"
"M4"	"HPRD"	"DMD"
"M4"	"HPRD"	"CACNA1B"
"M4"	"HPRD"	"MATN2"
"M4"	"HPRD"	"TXNRD1"
"M4"	"HPRD"	"GATA3"
"M4"	"HPRD"	"GLI1"
"M4"	"HPRD"	"HDAC9"
"M4"	"HPRD"	"EGF"
"M4"	"HPRD"	"CARD11"
"M4"	"HPRD"	"MAPK8IP2"
"M4"	"HPRD"	"PYGO1"
"M4"	"HPRD"	"HSPA2"
"M4"	"HPRD"	"FZD7"
"M4"	"HPRD"	"GRIP1"
"M4"	"HPRD"	"BAMBI"
"M4"	"HPRD"	"FBXO2"
"M4"	"HPRD"	"CCND1"
"M4"	"HPRD"	"TNFRSF10D"
"M4"	"HPRD"	"CNTNAP2"
"M4"	"HPRD"	"LIN7A"
"M4"	"HPRD"	"AQP3"
"M4"	"HPRD"	"IGFBP3"
"M4"	"HPRD"	"CBX2"
"M4"	"HPRD"	"CPXM2"
"M4"	"HPRD"	"HEY1"
"M4"	"HPRD"	"SV2A"
"M4"	"HPRD"	"CCNA1"
"M4"	"HPRD"	"NRCAM"
"M4"	"HPRD"	"CREB5"
"M4"	"HPRD"	"PFN2"
"M4"	"HPRD"	"GLI2"
"M4"	"HPRD"	"ODC1"
"M4"	"HPRD"	"CES1"
"M4"	"HPRD"	"TSPAN7"
"M4"	"HPRD"	"PRLR"
"M4"	"HPRD"	"CBR1"
"M4"	"HPRD"	"STC2"
"M4"	"HPRD"	"PTPRD"
"M4"	"HPRD"	"DYNC1I1"
"M4"	"HPRD"	"ADCY5"
"M4"	"HPRD"	"MAP1B"
"M4"	"HPRD"	"NCKAP5"
"M4"	"HPRD"	"COL9A3"
"M4"	"HPRD"	"VAV3"
"M4"	"HPRD"	"LAMA1"
"M4"	"HPRD"	"PDZD2"
"M4"	"HPRD"	"BARX2"
"M4"	"HPRD"	"GPX2"
"M4"	"HPRD"	"GSTM3"
"M4"	"HPRD"	"CPE"
"M4"	"HPRD"	"SCG2"
"M4"	"HPRD"	"RAB3B"
"M4"	"HPRD"	"COL9A2"
"M4"	"HPRD"	"FBN2"
"M4"	"HPRD"	"CEL"
"M4"	"HPRD"	"FGF13"
"M4"	"HPRD"	"KIAA1549"
"M4"	"HPRD"	"MT1G"
"M4"	"HPRD"	"NQO1"
"M4"	"HPRD"	"MSI1"
"M4"	"HPRD"	"POMC"
"M4"	"HPRD"	"ADD2"
"M4"	"HPRD"	"SOX5"
"M4"	"HPRD"	"ETV4"
"M4"	"HPRD"	"PCYT1B"
"M4"	"HPRD"	"BCHE"
"M4"	"HPRD"	"MST1R"
"M4"	"HPRD"	"CD24"
"M4"	"HPRD"	"GSTM2"
"M4"	"HPRD"	"ADRA2C"
"M4"	"HPRD"	"ALDH3A1"
"M4"	"HPRD"	"NECTIN3"
"M4"	"HPRD"	"MSC"
"M4"	"HPRD"	"AKR1C1"
"M4"	"HPRD"	"PLA2G16"
"M4"	"HPRD"	"SCNN1A"
"M4"	"HPRD"	"AKR1C3"
"M4"	"HPRD"	"SCIN"
"M4"	"HPRD"	"B4GALNT1"
"M4"	"HPRD"	"TNFSF9"
"M4"	"HPRD"	"SLC7A11"
"M4"	"WranaLow"	"BMPR1B"
"M4"	"WranaMedium"	"BMPR1B"
"M4"	"BIND_Mouse"	"RAB6B"
"M4"	"BIND_Mouse"	"PRKAA2"
"M4"	"BIND_Mouse"	"GNAZ"
"M4"	"BIND_Mouse"	"PPARG"
"M4"	"BIND_Mouse"	"BMPR1B"
"M4"	"BIND_Mouse"	"CRMP1"
"M4"	"BIND_Mouse"	"DMD"
"M4"	"BIND_Mouse"	"GATA3"
"M4"	"BIND_Mouse"	"GRIP1"
"M4"	"BIND_Mouse"	"CCND1"
"M4"	"BIND_Mouse"	"HS3ST1"
"M4"	"BIND_Mouse"	"ODC1"
"M4"	"BIND_Mouse"	"PRLR"
"M4"	"BIND_Mouse"	"DYNC1I1"
"M4"	"BIND_Mouse"	"BARX2"
"M4"	"BIND_Mouse"	"CPE"
"M4"	"BIND_Mouse"	"NQO1"
"M4"	"BIND_Mouse"	"FREM2"
"M4"	"DIP_Mouse"	"BMPR1B"
"M4"	"DIP_Mouse"	"DMD"
"M4"	"DIP_Mouse"	"CCND1"
"M4"	"DIP_Mouse"	"CBX2"
"M4"	"DIP_Mouse"	"DYNC1I1"
"M4"	"DIP_Mouse"	"NECTIN3"
"M4"	"DIP_Mouse"	"SCNN1A"
"M4"	"DIP"	"PPARG"
"M4"	"DIP"	"F2RL2"
"M4"	"DIP"	"GLI1"
"M4"	"DIP"	"MAP2"
"M4"	"DIP"	"HDAC9"
"M4"	"DIP"	"EGF"
"M4"	"DIP"	"CARD11"
"M4"	"DIP"	"CCND1"
"M4"	"DIP"	"IGFBP3"
"M4"	"DIP"	"CBX2"
"M4"	"DIP"	"PRLR"
"M4"	"DIP"	"CBR1"
"M4"	"DIP"	"ETV4"
"M4"	"DIP"	"FGF12"
"M4"	"DIP"	"CLEC2B"
"M4"	"DIP"	"ABCG2"
"M4"	"DIP"	"BCHE"
"M4"	"DIP"	"GSTM2"
"M4"	"DIP"	"NECTIN3"
"M4"	"BioGrid_Mouse"	"PPARG"
"M4"	"BioGrid_Mouse"	"PPP2R2B"
"M4"	"BioGrid_Mouse"	"UCHL1"
"M4"	"BioGrid_Mouse"	"CRMP1"
"M4"	"BioGrid_Mouse"	"DMD"
"M4"	"BioGrid_Mouse"	"CACNA1B"
"M4"	"BioGrid_Mouse"	"GATA3"
"M4"	"BioGrid_Mouse"	"GLI1"
"M4"	"BioGrid_Mouse"	"MAP2"
"M4"	"BioGrid_Mouse"	"CARD11"
"M4"	"BioGrid_Mouse"	"MAPK8IP2"
"M4"	"BioGrid_Mouse"	"PYGO1"
"M4"	"BioGrid_Mouse"	"NEURL1"
"M4"	"BioGrid_Mouse"	"GCLC"
"M4"	"BioGrid_Mouse"	"HSPA2"
"M4"	"BioGrid_Mouse"	"FZD7"
"M4"	"BioGrid_Mouse"	"GRIP1"
"M4"	"BioGrid_Mouse"	"FBXO2"
"M4"	"BioGrid_Mouse"	"CCND1"
"M4"	"BioGrid_Mouse"	"LIN7A"
"M4"	"BioGrid_Mouse"	"CBX2"
"M4"	"BioGrid_Mouse"	"DCLK1"
"M4"	"BioGrid_Mouse"	"DACH1"
"M4"	"BioGrid_Mouse"	"CCNA1"
"M4"	"BioGrid_Mouse"	"NRCAM"
"M4"	"BioGrid_Mouse"	"PFN2"
"M4"	"BioGrid_Mouse"	"GLI2"
"M4"	"BioGrid_Mouse"	"PRLR"
"M4"	"BioGrid_Mouse"	"CABYR"
"M4"	"BioGrid_Mouse"	"MAP1B"
"M4"	"BioGrid_Mouse"	"LAMA1"
"M4"	"BioGrid_Mouse"	"BARX2"
"M4"	"BioGrid_Mouse"	"SCG2"
"M4"	"BioGrid_Mouse"	"NQO1"
"M4"	"BioGrid_Mouse"	"SOX5"
"M4"	"BioGrid_Mouse"	"OLFM1"
"M4"	"BioGrid_Mouse"	"BARX1"
"M4"	"BioGrid_Mouse"	"WNT11"
"M4"	"BioGrid_Mouse"	"WNT5A"
"M4"	"BioGrid_Fly"	"BMPR1B"
"M4"	"BioGrid_Fly"	"DMD"
"M4"	"BioGrid_Fly"	"ABCC3"
"M4"	"BioGrid_Fly"	"CNTNAP2"
"M4"	"BioGrid_Fly"	"AKR1B10"
"M4"	"BioGrid_Fly"	"NRCAM"
"M4"	"BioGrid_Fly"	"MELTF"
"M4"	"BioGrid_Fly"	"PTPRD"
"M4"	"BioGrid_Fly"	"ADCY5"
"M4"	"BioGrid_Fly"	"GCLM"
"M4"	"BioGrid_Fly"	"ABCG2"
"M4"	"BioGrid_Fly"	"ME1"
"M4"	"BioGrid_Fly"	"PLCB4"
"M4"	"BioGrid_Fly"	"SLC16A14"
"M4"	"FlyLow"	"DMD"
"M4"	"FlyLow"	"MELTF"
"M4"	"FlyLow"	"GCLM"
"M4"	"FlyLow"	"SLC16A14"
"M4"	"MINT_Fly"	"DMD"
"M4"	"MINT_Fly"	"SRXN1"
"M4"	"MINT_Fly"	"PTPRD"
"M4"	"MINT_Fly"	"SLC16A14"
"M4"	"INNATEDB"	"PPARG"
"M4"	"INNATEDB"	"ADAM23"
"M4"	"INNATEDB"	"BMPR1B"
"M4"	"INNATEDB"	"CRMP1"
"M4"	"INNATEDB"	"DMD"
"M4"	"INNATEDB"	"GATA3"
"M4"	"INNATEDB"	"HDAC9"
"M4"	"INNATEDB"	"CARD11"
"M4"	"INNATEDB"	"MAPK8IP2"
"M4"	"INNATEDB"	"GCLC"
"M4"	"INNATEDB"	"GRIP1"
"M4"	"INNATEDB"	"CCND1"
"M4"	"INNATEDB"	"AQP3"
"M4"	"INNATEDB"	"IGFBP3"
"M4"	"INNATEDB"	"PFN2"
"M4"	"INNATEDB"	"GLI2"
"M4"	"INNATEDB"	"PRLR"
"M4"	"INNATEDB"	"DYNC1I1"
"M4"	"INNATEDB"	"MAP1B"
"M4"	"INNATEDB"	"PDZD2"
"M4"	"INNATEDB"	"TRIM16L"
"M4"	"INNATEDB"	"FBN2"
"M4"	"INNATEDB"	"NQO1"
"M4"	"INNATEDB"	"SOX5"
"M4"	"INNATEDB"	"ABCG2"
"M4"	"INNATEDB"	"MST1R"
"M4"	"INNATEDB"	"ADRA2C"
"M4"	"INNATEDB"	"CYP4F11"
"M4"	"BCI"	"GNAZ"
"M4"	"BCI"	"UCHL1"
"M4"	"BCI"	"DMD"
"M4"	"BCI"	"CACNA1B"
"M4"	"BCI"	"TXNRD1"
"M4"	"BCI"	"GATA3"
"M4"	"BCI"	"GLI1"
"M4"	"BCI"	"HDAC9"
"M4"	"BCI"	"EGF"
"M4"	"BCI"	"CCND1"
"M4"	"BCI"	"TNFRSF10D"
"M4"	"BCI"	"AQP3"
"M4"	"BCI"	"MYH11"
"M4"	"BCI"	"IGFBP3"
"M4"	"BCI"	"PFN2"
"M4"	"BCI"	"DYNC1I1"
"M4"	"BCI"	"COL9A3"
"M4"	"BCI"	"COL9A2"
"M4"	"BCI"	"CALB2"
"M4"	"BCI"	"MT1G"
"M4"	"BCI"	"NQO1"
"M4"	"BCI"	"ADD2"
"M4"	"BCI"	"ADRA2C"
"M4"	"MINT"	"PRKAA2"
"M4"	"MINT"	"SPP1"
"M4"	"MINT"	"ADAM23"
"M4"	"MINT"	"BMPR1B"
"M4"	"MINT"	"CRMP1"
"M4"	"MINT"	"F2RL2"
"M4"	"MINT"	"DMD"
"M4"	"MINT"	"CACNA1B"
"M4"	"MINT"	"GLI1"
"M4"	"MINT"	"MAP2"
"M4"	"MINT"	"EGF"
"M4"	"MINT"	"MAPK8IP2"
"M4"	"MINT"	"HSPA2"
"M4"	"MINT"	"FZD7"
"M4"	"MINT"	"GRIP1"
"M4"	"MINT"	"CCND1"
"M4"	"MINT"	"LIN7A"
"M4"	"MINT"	"IGFBP3"
"M4"	"MINT"	"CBX2"
"M4"	"MINT"	"DACH1"
"M4"	"MINT"	"CREB5"
"M4"	"MINT"	"PFN2"
"M4"	"MINT"	"CES1"
"M4"	"MINT"	"TSPAN7"
"M4"	"MINT"	"ADTRP"
"M4"	"MINT"	"PRLR"
"M4"	"MINT"	"CBR1"
"M4"	"MINT"	"RPS6KA6"
"M4"	"MINT"	"STC2"
"M4"	"MINT"	"PTPRD"
"M4"	"MINT"	"DYNC1I1"
"M4"	"MINT"	"NCKAP5"
"M4"	"MINT"	"VAV3"
"M4"	"MINT"	"GSTM3"
"M4"	"MINT"	"CPE"
"M4"	"MINT"	"NQO1"
"M4"	"MINT"	"ABCG2"
"M4"	"MINT"	"MST1R"
"M4"	"MINT"	"CCL28"
"M4"	"MINT"	"PLA2G16"
"M4"	"MINT"	"SCNN1A"
"M4"	"MINT"	"AKR1C3"
"M4"	"MINT"	"JAKMIP2"
"M4"	"MINT"	"DPYSL4"
"M4"	"SOURAV_MAPK_LOW"	"PYGO1"
"M4"	"IntAct_Rat"	"RAB6B"
"M4"	"IntAct_Rat"	"SPP1"
"M4"	"IntAct_Rat"	"CRMP1"
"M4"	"IntAct_Rat"	"HSPA2"
"M4"	"IntAct_Rat"	"GRIP1"
"M4"	"IntAct_Rat"	"CCND1"
"M4"	"IntAct_Rat"	"SV2A"
"M4"	"IntAct_Rat"	"RPS6KA6"
"M4"	"IntAct_Rat"	"PDZD2"
"M4"	"BioGrid_Worm"	"PRKAA2"
"M4"	"BioGrid_Worm"	"BMPR1B"
"M4"	"BioGrid_Worm"	"DCLK1"
"M4"	"BioGrid_Worm"	"CPE"
"M4"	"BioGrid_Worm"	"GCLM"
"M4"	"IntAct_Fly"	"DMD"
"M4"	"IntAct_Fly"	"CNTNAP2"
"M4"	"IntAct_Fly"	"SDK2"
"M4"	"IntAct_Fly"	"NRCAM"
"M4"	"IntAct_Fly"	"MELTF"
"M4"	"IntAct_Fly"	"PTPRD"
"M4"	"IntAct_Fly"	"GCLM"
"M4"	"IntAct_Fly"	"ME1"
"M4"	"IntAct_Fly"	"PLCB4"
"M4"	"I2D-c_Fiona_HUMAN"	"CCND1"
"M4"	"BIND_Rat"	"TXNRD1"
"M4"	"BIND_Rat"	"GRIP1"
"M4"	"BIND_Rat"	"SV2A"
"M4"	"BIND_Rat"	"PRLR"
"M4"	"BIND_Rat"	"DYNC1I1"
"M4"	"BIND_Rat"	"MAP1B"
"M4"	"BIND_Rat"	"ALDH3A1"
"M4"	"BioGrid_Rat"	"PRKAA2"
"M4"	"BioGrid_Rat"	"SPP1"
"M4"	"BioGrid_Rat"	"GCLC"
"M4"	"BioGrid_Rat"	"FBXO2"
"M4"	"BioGrid_Rat"	"SDK2"
"M4"	"BioGrid_Rat"	"CCNA1"
"M4"	"BioGrid_Rat"	"DYNC1I1"
"M4"	"IntAct_Worm"	"GULP1"
"M4"	"IntAct_Worm"	"DCLK1"
"M4"	"IntAct_Worm"	"VAV3"
"M4"	"MINT_Mouse"	"RAB6B"
"M4"	"MINT_Mouse"	"BMPR1B"
"M4"	"MINT_Mouse"	"TXNRD1"
"M4"	"MINT_Mouse"	"MAP2"
"M4"	"MINT_Mouse"	"EGF"
"M4"	"MINT_Mouse"	"HSPA2"
"M4"	"MINT_Mouse"	"FZD7"
"M4"	"MINT_Mouse"	"CCND1"
"M4"	"MINT_Mouse"	"NRCAM"
"M4"	"MINT_Mouse"	"PFN2"
"M4"	"MINT_Mouse"	"PRLR"
"M4"	"MINT_Mouse"	"DYNC1I1"
"M4"	"MINT_Mouse"	"LAMA1"
"M4"	"MINT_Mouse"	"ADD2"
"M4"	"MINT_Mouse"	"RASL11A"
"M4"	"BIND_Yeast"	"RAB6B"
"M4"	"BIND_Yeast"	"PRKAA2"
"M4"	"IntAct_Yeast"	"RAB6B"
"M4"	"IntAct_Yeast"	"PRKAA2"
"M4"	"IntAct_Yeast"	"ABCC3"
"M4"	"IntAct_Yeast"	"GCLC"
"M4"	"IntAct_Yeast"	"AQP3"
"M4"	"IntAct_Yeast"	"AKR1B10"
"M4"	"IntAct_Yeast"	"ABCG2"
"M4"	"IntAct_Yeast"	"SLC47A1"
"M4"	"Krogan_Core"	"PRKAA2"
"M4"	"Krogan_Core"	"AKR1B10"
"M4"	"MINT_Yeast"	"RAB6B"
"M4"	"MINT_Yeast"	"PRKAA2"
"M4"	"MINT_Yeast"	"AKR1B10"
"M4"	"MIPS"	"PRKAA2"
"M4"	"Yeast_Kinome"	"PRKAA2"
"M4"	"BIND_Worm"	"PRKAA2"
"M4"	"BIND_Worm"	"DCLK1"
"M4"	"BIND_Worm"	"CPE"
"M4"	"Tarassov_PCA"	"AKR1B10"
"M4"	"I2D-c_Fiona_MOUSE"	"GLI1"
"M4"	"I2D-c_Fiona_MOUSE"	"CCND1"
"M4"	"YeastLow"	"PRKAA2"
"M4"	"YeastLow"	"AKR1B10"
"M4"	"YeastLow"	"ODC1"
"M4"	"StelzlMedium"	"IGFBP3"
"M4"	"StelzlMedium"	"RPS6KA6"
"M4"	"StelzlMedium"	"STC2"
"M4"	"StelzlMedium"	"ZNF347"
"M4"	"StelzlMedium"	"CPE"
"M4"	"StelzlMedium"	"COL9A2"
"M4"	"StelzlMedium"	"AKR1C3"
"M4"	"StelzlMedium"	"DPYSL4"
"M4"	"ShawnLi"	"F2RL2"
"M4"	"ShawnLi"	"NCKAP5"
"M4"	"StelzlLow"	"CBR1"
"M4"	"StelzlLow"	"KIAA1549"
"M4"	"StelzlLow"	"AKR1C3"
"M4"	"YeastMedium"	"ODC1"
"M4"	"DIP_Yeast"	"RAB6B"
"M4"	"DIP_Yeast"	"PRKAA2"
"M4"	"MGI"	"DMD"
"M4"	"MGI"	"GATA3"
"M4"	"MGI"	"CCND1"
"M4"	"MGI"	"DYNC1I1"
"M4"	"MGI"	"LAMA1"
"M4"	"MGI"	"RAB3B"
"M4"	"MGI"	"WNT5A"
"M4"	"I2D-c_Fiona_RAT"	"CCND1"
"M4"	"I2D-text_mining-c"	"ODC1"
"M4"	"MINT_Rat"	"RAB6B"
"M4"	"MINT_Rat"	"MAP2"
"M4"	"MINT_Rat"	"GRIP1"
"M4"	"VidalHuman_core"	"SPP1"
"M4"	"VidalHuman_core"	"HSPA2"
"M4"	"VidalHuman_core"	"FZD7"
"M4"	"VidalHuman_core"	"DACH1"
"M4"	"VidalHuman_core"	"DYNC1I1"
"M4"	"VidalHuman_core"	"GSTM3"
"M4"	"VidalHuman_core"	"COL9A2"
"M4"	"VidalHuman_core"	"PLA2G16"
"M4"	"VidalHuman_core"	"JAKMIP2"
"M4"	"VidalHuman_non_core"	"CRMP1"
"M4"	"VidalHuman_non_core"	"CES1"
"M4"	"VidalHuman_non_core"	"FGF12"
"M4"	"DIP_Fly"	"NRCAM"
"M4"	"DIP_Fly"	"MELTF"
"M4"	"DIP_Fly"	"PTPRD"
"M4"	"DIP_Fly"	"GCLM"
"M4"	"DIP_Fly"	"SLC16A14"
"M4"	"StelzlHigh"	"CPE"
"M4"	"StelzlHigh"	"AKR1C3"
"M4"	"Krogan_NonCore"	"PRKAA2"
"M4"	"WranaHigh"	"BMPR1B"
"M4"	"Yu_GoldStd"	"PRKAA2"
"M4"	"BIND_Fly"	"CNTNAP2"
"M4"	"BIND_Fly"	"MELTF"
"M4"	"BIND_Fly"	"GCLM"
"M4"	"BIND_Fly"	"SLC16A14"
"M4"	"SOURAV_MAPK_HIGH"	"PYGO1"
"M4"	"Fawcett_polarity_Rat"	"MAP2"
"M4"	"Fawcett_polarity"	"HSPA2"
"M4"	"FlyEmbryo"	"CNTNAP2"
"M4"	"CORE_2"	"DCLK1"
"M4"	"CORE_2"	"CPE"
"M4"	"DIP_Worm"	"DCLK1"
"M4"	"DIP_Worm"	"CPE"
"M5"	"IntAct"	"ESYT3"
"M5"	"IntAct"	"LRRK2"
"M5"	"IntAct"	"FAM107A"
"M5"	"IntAct"	"AQP1"
"M5"	"IntAct"	"SORBS2"
"M5"	"IntAct"	"SYNE4"
"M5"	"IntAct"	"CFTR"
"M5"	"IntAct"	"FOS"
"M5"	"IntAct"	"PIGR"
"M5"	"IntAct"	"LTF"
"M5"	"IntAct"	"NR3C2"
"M5"	"IntAct"	"SCNN1B"
"M5"	"IntAct"	"ANXA3"
"M5"	"IntAct"	"SEMA5B"
"M5"	"IntAct"	"MLPH"
"M5"	"IntAct"	"CD36"
"M5"	"IntAct"	"CYP4B1"
"M5"	"IntAct"	"ACSS3"
"M5"	"IntAct"	"FAM189A2"
"M5"	"IntAct"	"HP"
"M5"	"IntAct"	"DES"
"M5"	"IntAct"	"KIT"
"M5"	"IntAct"	"EFEMP1"
"M5"	"IntAct"	"HSPB8"
"M5"	"IntAct"	"DNALI1"
"M5"	"IntAct"	"NRXN2"
"M5"	"IntAct"	"SCGB3A1"
"M5"	"IntAct"	"RND1"
"M5"	"IntAct"	"ASS1"
"M5"	"IntAct"	"GPRIN2"
"M5"	"IntAct"	"IL6"
"M5"	"IntAct"	"LMO3"
"M5"	"IntAct"	"FOXJ1"
"M5"	"IntAct"	"PPP1R3C"
"M5"	"IntAct"	"HOXD9"
"M5"	"IntAct"	"KRT7"
"M5"	"IntAct"	"BMP3"
"M5"	"IntAct"	"TF"
"M5"	"IntAct"	"SCGB1A1"
"M5"	"IntAct"	"CSF3R"
"M5"	"IntAct"	"VEPH1"
"M5"	"IntAct"	"ROS1"
"M5"	"IntAct"	"HOXD8"
"M5"	"IntAct"	"CXCL2"
"M5"	"IntAct"	"ALPL"
"M5"	"IntAct"	"SERPINA1"
"M5"	"IntAct"	"ELF5"
"M5"	"IntAct"	"SELENBP1"
"M5"	"IntAct"	"IGF2BP1"
"M5"	"IntAct"	"HOXC6"
"M5"	"IntAct"	"AGR3"
"M5"	"IntAct"	"AGR2"
"M5"	"IntAct"	"CAVIN2"
"M5"	"IntAct"	"LINGO1"
"M5"	"IntAct"	"RAB17"
"M5"	"IntAct"	"ADH1B"
"M5"	"IntAct"	"FOLR1"
"M5"	"IntAct"	"FGG"
"M5"	"IntAct"	"NKX2-1"
"M5"	"IntAct"	"CEACAM1"
"M5"	"IntAct"	"MUC1"
"M5"	"IntAct"	"BTC"
"M5"	"IntAct"	"HBB"
"M5"	"IntAct"	"SLC4A4"
"M5"	"IntAct"	"CTSE"
"M5"	"IntAct"	"C4BPA"
"M5"	"IntAct"	"AGER"
"M5"	"IntAct"	"CP"
"M5"	"IntAct"	"PLA2G4A"
"M5"	"IntAct"	"CLIC3"
"M5"	"IntAct"	"LPL"
"M5"	"IntAct"	"CEACAM6"
"M5"	"IntAct"	"CHL1"
"M5"	"IntAct"	"AZGP1"
"M5"	"IntAct"	"IL33"
"M5"	"IntAct"	"ADAMTSL3"
"M5"	"IntAct"	"MGST1"
"M5"	"IntAct"	"SFTPC"
"M5"	"IntAct"	"CHRDL1"
"M5"	"IntAct"	"S100P"
"M5"	"IntAct"	"RRAD"
"M5"	"IntAct"	"TNXB"
"M5"	"IntAct"	"PKIA"
"M5"	"IntAct"	"TMPRSS3"
"M5"	"IntAct"	"ATOH8"
"M5"	"IntAct"	"RORC"
"M5"	"IntAct"	"ABCA3"
"M5"	"IntAct"	"ERP27"
"M5"	"IntAct"	"SYBU"
"M5"	"IntAct"	"DMBT1"
"M5"	"IntAct"	"SCNN1G"
"M5"	"IntAct"	"TJP3"
"M5"	"IntAct"	"LAMP3"
"M5"	"IntAct"	"SDR16C5"
"M5"	"IntAct"	"VSTM2L"
"M5"	"IntAct"	"CCNJL"
"M5"	"IntAct"	"TMEM45B"
"M5"	"IntAct"	"PROM1"
"M5"	"IntAct"	"NAPSA"
"M5"	"IntAct"	"TSPAN1"
"M5"	"IntAct"	"GDF15"
"M5"	"IntAct"	"INMT"
"M5"	"IntAct"	"C1orf116"
"M5"	"IntAct"	"ZNF597"
"M5"	"IntAct"	"ATP2C2"
"M5"	"IntAct"	"FLRT3"
"M5"	"IntAct"	"C4orf19"
"M5"	"IntAct"	"TMC5"
"M5"	"BioGrid"	"LRRK2"
"M5"	"BioGrid"	"FAM107A"
"M5"	"BioGrid"	"AQP1"
"M5"	"BioGrid"	"SORBS2"
"M5"	"BioGrid"	"SYNE4"
"M5"	"BioGrid"	"CFTR"
"M5"	"BioGrid"	"FOS"
"M5"	"BioGrid"	"LTF"
"M5"	"BioGrid"	"NR3C2"
"M5"	"BioGrid"	"SCNN1B"
"M5"	"BioGrid"	"ANXA3"
"M5"	"BioGrid"	"MLPH"
"M5"	"BioGrid"	"CD36"
"M5"	"BioGrid"	"SFTPD"
"M5"	"BioGrid"	"SFTPA1"
"M5"	"BioGrid"	"ACSS3"
"M5"	"BioGrid"	"FAM189A2"
"M5"	"BioGrid"	"HP"
"M5"	"BioGrid"	"DES"
"M5"	"BioGrid"	"KIT"
"M5"	"BioGrid"	"EFEMP1"
"M5"	"BioGrid"	"HSPB8"
"M5"	"BioGrid"	"DNALI1"
"M5"	"BioGrid"	"PTGS2"
"M5"	"BioGrid"	"NRXN2"
"M5"	"BioGrid"	"RND1"
"M5"	"BioGrid"	"ASS1"
"M5"	"BioGrid"	"GPRIN2"
"M5"	"BioGrid"	"IL6"
"M5"	"BioGrid"	"KCNQ3"
"M5"	"BioGrid"	"MSLN"
"M5"	"BioGrid"	"LMO3"
"M5"	"BioGrid"	"FOXJ1"
"M5"	"BioGrid"	"PPP1R3C"
"M5"	"BioGrid"	"HOXD9"
"M5"	"BioGrid"	"KRT7"
"M5"	"BioGrid"	"BMP3"
"M5"	"BioGrid"	"TF"
"M5"	"BioGrid"	"SCGB1A1"
"M5"	"BioGrid"	"CSF3R"
"M5"	"BioGrid"	"ROS1"
"M5"	"BioGrid"	"CXCL2"
"M5"	"BioGrid"	"ALPL"
"M5"	"BioGrid"	"SERPINA1"
"M5"	"BioGrid"	"ELF5"
"M5"	"BioGrid"	"BCAS1"
"M5"	"BioGrid"	"SELENBP1"
"M5"	"BioGrid"	"IGF2BP1"
"M5"	"BioGrid"	"FCN3"
"M5"	"BioGrid"	"HOXC6"
"M5"	"BioGrid"	"AGR3"
"M5"	"BioGrid"	"APBA2"
"M5"	"BioGrid"	"BCAM"
"M5"	"BioGrid"	"AGR2"
"M5"	"BioGrid"	"CAVIN2"
"M5"	"BioGrid"	"LINGO1"
"M5"	"BioGrid"	"RAB17"
"M5"	"BioGrid"	"ADH1B"
"M5"	"BioGrid"	"FOLR1"
"M5"	"BioGrid"	"FGG"
"M5"	"BioGrid"	"NKX2-1"
"M5"	"BioGrid"	"CEACAM1"
"M5"	"BioGrid"	"MUC1"
"M5"	"BioGrid"	"BTC"
"M5"	"BioGrid"	"HBB"
"M5"	"BioGrid"	"CTSE"
"M5"	"BioGrid"	"C4BPA"
"M5"	"BioGrid"	"AGER"
"M5"	"BioGrid"	"CP"
"M5"	"BioGrid"	"MUC5B"
"M5"	"BioGrid"	"PLA2G4A"
"M5"	"BioGrid"	"KCNK5"
"M5"	"BioGrid"	"CLIC3"
"M5"	"BioGrid"	"LPL"
"M5"	"BioGrid"	"TFPI"
"M5"	"BioGrid"	"HPGD"
"M5"	"BioGrid"	"CEACAM6"
"M5"	"BioGrid"	"PHYHD1"
"M5"	"BioGrid"	"LIMCH1"
"M5"	"BioGrid"	"NRGN"
"M5"	"BioGrid"	"AZGP1"
"M5"	"BioGrid"	"IL33"
"M5"	"BioGrid"	"SUSD2"
"M5"	"BioGrid"	"ADAMTSL3"
"M5"	"BioGrid"	"MGST1"
"M5"	"BioGrid"	"SFTPC"
"M5"	"BioGrid"	"HOPX"
"M5"	"BioGrid"	"SELP"
"M5"	"BioGrid"	"GPRC5A"
"M5"	"BioGrid"	"S100P"
"M5"	"BioGrid"	"RRAD"
"M5"	"BioGrid"	"TNXB"
"M5"	"BioGrid"	"FOSB"
"M5"	"BioGrid"	"TMPRSS3"
"M5"	"BioGrid"	"ATOH8"
"M5"	"BioGrid"	"WFDC2"
"M5"	"BioGrid"	"RTN4RL1"
"M5"	"BioGrid"	"CRLF1"
"M5"	"BioGrid"	"DMBT1"
"M5"	"BioGrid"	"SCNN1G"
"M5"	"BioGrid"	"TJP3"
"M5"	"BioGrid"	"LAMP3"
"M5"	"BioGrid"	"CCNJL"
"M5"	"BioGrid"	"TMEM45B"
"M5"	"BioGrid"	"PROM1"
"M5"	"BioGrid"	"NR4A3"
"M5"	"BioGrid"	"PPP1R1B"
"M5"	"BioGrid"	"GDF15"
"M5"	"BioGrid"	"INMT"
"M5"	"BioGrid"	"PDZK1IP1"
"M5"	"BioGrid"	"ZNF597"
"M5"	"BioGrid"	"CRTAC1"
"M5"	"INNATEDB"	"AQP1"
"M5"	"INNATEDB"	"CFTR"
"M5"	"INNATEDB"	"FOS"
"M5"	"INNATEDB"	"PIGR"
"M5"	"INNATEDB"	"LTF"
"M5"	"INNATEDB"	"NR3C2"
"M5"	"INNATEDB"	"CD36"
"M5"	"INNATEDB"	"SFTPD"
"M5"	"INNATEDB"	"SFTPA2"
"M5"	"INNATEDB"	"SFTPA1"
"M5"	"INNATEDB"	"KIT"
"M5"	"INNATEDB"	"PTGS2"
"M5"	"INNATEDB"	"RND1"
"M5"	"INNATEDB"	"CXCL3"
"M5"	"INNATEDB"	"IL6"
"M5"	"INNATEDB"	"FOXJ1"
"M5"	"INNATEDB"	"TF"
"M5"	"INNATEDB"	"CSF3R"
"M5"	"INNATEDB"	"CXCL2"
"M5"	"INNATEDB"	"SERPINA1"
"M5"	"INNATEDB"	"IGF2BP1"
"M5"	"INNATEDB"	"HOXC6"
"M5"	"INNATEDB"	"APBA2"
"M5"	"INNATEDB"	"FGG"
"M5"	"INNATEDB"	"NKX2-1"
"M5"	"INNATEDB"	"CEACAM1"
"M5"	"INNATEDB"	"MUC1"
"M5"	"INNATEDB"	"AGER"
"M5"	"INNATEDB"	"MUC5B"
"M5"	"INNATEDB"	"PLA2G4A"
"M5"	"INNATEDB"	"EGR3"
"M5"	"INNATEDB"	"CLIC5"
"M5"	"INNATEDB"	"IL33"
"M5"	"INNATEDB"	"PDK4"
"M5"	"INNATEDB"	"MUC16"
"M5"	"INNATEDB"	"ACKR1"
"M5"	"INNATEDB"	"HOPX"
"M5"	"INNATEDB"	"NR4A3"
"M5"	"INNATEDB"	"TFF3"
"M5"	"INNATEDB"	"SCGB3A2"
"M5"	"IntAct_Mouse"	"LRRK2"
"M5"	"IntAct_Mouse"	"CFTR"
"M5"	"IntAct_Mouse"	"FOS"
"M5"	"IntAct_Mouse"	"DES"
"M5"	"IntAct_Mouse"	"HSPB8"
"M5"	"IntAct_Mouse"	"PTGS2"
"M5"	"IntAct_Mouse"	"KCNQ3"
"M5"	"IntAct_Mouse"	"KRT7"
"M5"	"IntAct_Mouse"	"ROS1"
"M5"	"IntAct_Mouse"	"SLC4A4"
"M5"	"IntAct_Mouse"	"CP"
"M5"	"IntAct_Mouse"	"CHL1"
"M5"	"HPRD"	"FAM107A"
"M5"	"HPRD"	"SORBS2"
"M5"	"HPRD"	"CFTR"
"M5"	"HPRD"	"FOS"
"M5"	"HPRD"	"PIGR"
"M5"	"HPRD"	"LTF"
"M5"	"HPRD"	"NR3C2"
"M5"	"HPRD"	"SCNN1B"
"M5"	"HPRD"	"ANXA3"
"M5"	"HPRD"	"MLPH"
"M5"	"HPRD"	"CD36"
"M5"	"HPRD"	"SFTPD"
"M5"	"HPRD"	"SFTPA1"
"M5"	"HPRD"	"HP"
"M5"	"HPRD"	"DES"
"M5"	"HPRD"	"KIT"
"M5"	"HPRD"	"HSPB8"
"M5"	"HPRD"	"DNALI1"
"M5"	"HPRD"	"PTGS2"
"M5"	"HPRD"	"NRXN2"
"M5"	"HPRD"	"SCGB3A1"
"M5"	"HPRD"	"RND1"
"M5"	"HPRD"	"ASS1"
"M5"	"HPRD"	"GPRIN2"
"M5"	"HPRD"	"IL6"
"M5"	"HPRD"	"LIF"
"M5"	"HPRD"	"KCNQ3"
"M5"	"HPRD"	"TMPRSS2"
"M5"	"HPRD"	"MSLN"
"M5"	"HPRD"	"LMO3"
"M5"	"HPRD"	"HOXD10"
"M5"	"HPRD"	"KRT7"
"M5"	"HPRD"	"BMP3"
"M5"	"HPRD"	"TF"
"M5"	"HPRD"	"SCGB1A1"
"M5"	"HPRD"	"CSF3R"
"M5"	"HPRD"	"CXCL2"
"M5"	"HPRD"	"ALPL"
"M5"	"HPRD"	"SERPINA1"
"M5"	"HPRD"	"ELF5"
"M5"	"HPRD"	"BCAS1"
"M5"	"HPRD"	"SELENBP1"
"M5"	"HPRD"	"IGF2BP1"
"M5"	"HPRD"	"FCN3"
"M5"	"HPRD"	"AGR3"
"M5"	"HPRD"	"UPK3B"
"M5"	"HPRD"	"APBA2"
"M5"	"HPRD"	"BCAM"
"M5"	"HPRD"	"AGR2"
"M5"	"HPRD"	"CAVIN2"
"M5"	"HPRD"	"LINGO1"
"M5"	"HPRD"	"RAB17"
"M5"	"HPRD"	"FGG"
"M5"	"HPRD"	"NKX2-1"
"M5"	"HPRD"	"CEACAM1"
"M5"	"HPRD"	"BTC"
"M5"	"HPRD"	"HBB"
"M5"	"HPRD"	"C7"
"M5"	"HPRD"	"SLC4A4"
"M5"	"HPRD"	"CTSE"
"M5"	"HPRD"	"C4BPA"
"M5"	"HPRD"	"AGER"
"M5"	"HPRD"	"LRG1"
"M5"	"HPRD"	"PLA2G4A"
"M5"	"HPRD"	"CLIC3"
"M5"	"HPRD"	"LPL"
"M5"	"HPRD"	"TFPI"
"M5"	"HPRD"	"NRGN"
"M5"	"HPRD"	"CLIC5"
"M5"	"HPRD"	"AZGP1"
"M5"	"HPRD"	"PDK4"
"M5"	"HPRD"	"HPN"
"M5"	"HPRD"	"MUC16"
"M5"	"HPRD"	"ACKR1"
"M5"	"HPRD"	"MGST1"
"M5"	"HPRD"	"HOPX"
"M5"	"HPRD"	"MGP"
"M5"	"HPRD"	"CHRDL1"
"M5"	"HPRD"	"SELP"
"M5"	"HPRD"	"S100P"
"M5"	"HPRD"	"RRAD"
"M5"	"HPRD"	"TNXB"
"M5"	"HPRD"	"FOSB"
"M5"	"HPRD"	"PKIA"
"M5"	"HPRD"	"RORC"
"M5"	"HPRD"	"CHST9"
"M5"	"HPRD"	"RTN4RL1"
"M5"	"HPRD"	"CRLF1"
"M5"	"HPRD"	"CPAMD8"
"M5"	"HPRD"	"ERP27"
"M5"	"HPRD"	"SYBU"
"M5"	"HPRD"	"DMBT1"
"M5"	"HPRD"	"SCNN1G"
"M5"	"HPRD"	"NR4A3"
"M5"	"HPRD"	"PPP1R1B"
"M5"	"HPRD"	"ITPKA"
"M5"	"HPRD"	"GDF15"
"M5"	"HPRD"	"PDZK1IP1"
"M5"	"HPRD"	"TBX4"
"M5"	"HPRD"	"SCGB3A2"
"M5"	"MGI"	"MLPH"
"M5"	"MGI"	"KIT"
"M5"	"MGI"	"APBA2"
"M5"	"MGI"	"NKX2-1"
"M5"	"MGI"	"RGL3"
"M5"	"MGI"	"SCGB3A2"
"M5"	"BioGrid_Mouse"	"LRRK2"
"M5"	"BioGrid_Mouse"	"AQP1"
"M5"	"BioGrid_Mouse"	"SORBS2"
"M5"	"BioGrid_Mouse"	"CFTR"
"M5"	"BioGrid_Mouse"	"FOS"
"M5"	"BioGrid_Mouse"	"NR3C2"
"M5"	"BioGrid_Mouse"	"SFTPD"
"M5"	"BioGrid_Mouse"	"DES"
"M5"	"BioGrid_Mouse"	"KIT"
"M5"	"BioGrid_Mouse"	"PTGS2"
"M5"	"BioGrid_Mouse"	"KCNQ3"
"M5"	"BioGrid_Mouse"	"FOXJ1"
"M5"	"BioGrid_Mouse"	"HOXD9"
"M5"	"BioGrid_Mouse"	"HOXD10"
"M5"	"BioGrid_Mouse"	"CSF3R"
"M5"	"BioGrid_Mouse"	"HOXC6"
"M5"	"BioGrid_Mouse"	"NKX2-1"
"M5"	"BioGrid_Mouse"	"BTC"
"M5"	"BioGrid_Mouse"	"RGL3"
"M5"	"BioGrid_Mouse"	"PLA2G4A"
"M5"	"BioGrid_Mouse"	"IL33"
"M5"	"BioGrid_Mouse"	"FOSB"
"M5"	"BioGrid_Mouse"	"RORC"
"M5"	"BioGrid_Mouse"	"PROM1"
"M5"	"BioGrid_Mouse"	"NR4A3"
"M5"	"BIND"	"SORBS2"
"M5"	"BIND"	"CFTR"
"M5"	"BIND"	"FOS"
"M5"	"BIND"	"PIGR"
"M5"	"BIND"	"NR3C2"
"M5"	"BIND"	"SFTPD"
"M5"	"BIND"	"KIT"
"M5"	"BIND"	"HSPB8"
"M5"	"BIND"	"PTGS2"
"M5"	"BIND"	"IL6"
"M5"	"BIND"	"LIF"
"M5"	"BIND"	"TF"
"M5"	"BIND"	"CXCL2"
"M5"	"BIND"	"SERPINA1"
"M5"	"BIND"	"LINGO1"
"M5"	"BIND"	"ADH1B"
"M5"	"BIND"	"FGG"
"M5"	"BIND"	"NKX2-1"
"M5"	"BIND"	"HBB"
"M5"	"BIND"	"TFPI"
"M5"	"BIND"	"AZGP1"
"M5"	"BIND"	"SELP"
"M5"	"BIND"	"S100P"
"M5"	"BIND"	"FOSB"
"M5"	"BIND"	"TFF3"
"M5"	"MINT"	"LRRK2"
"M5"	"MINT"	"FAM107A"
"M5"	"MINT"	"AQP1"
"M5"	"MINT"	"SORBS2"
"M5"	"MINT"	"SYNE4"
"M5"	"MINT"	"CFTR"
"M5"	"MINT"	"FOS"
"M5"	"MINT"	"ANXA3"
"M5"	"MINT"	"MLPH"
"M5"	"MINT"	"FAM189A2"
"M5"	"MINT"	"HP"
"M5"	"MINT"	"KIT"
"M5"	"MINT"	"EFEMP1"
"M5"	"MINT"	"HSPB8"
"M5"	"MINT"	"DNALI1"
"M5"	"MINT"	"RND1"
"M5"	"MINT"	"GPRIN2"
"M5"	"MINT"	"IL6"
"M5"	"MINT"	"PPP1R3C"
"M5"	"MINT"	"KRT7"
"M5"	"MINT"	"BMP3"
"M5"	"MINT"	"TF"
"M5"	"MINT"	"SCGB1A1"
"M5"	"MINT"	"CSF3R"
"M5"	"MINT"	"ROS1"
"M5"	"MINT"	"ALPL"
"M5"	"MINT"	"SERPINA1"
"M5"	"MINT"	"ELF5"
"M5"	"MINT"	"SELENBP1"
"M5"	"MINT"	"AGR3"
"M5"	"MINT"	"APBA2"
"M5"	"MINT"	"AGR2"
"M5"	"MINT"	"CAVIN2"
"M5"	"MINT"	"LINGO1"
"M5"	"MINT"	"CEACAM1"
"M5"	"MINT"	"MUC1"
"M5"	"MINT"	"CTSE"
"M5"	"MINT"	"AGER"
"M5"	"MINT"	"LPL"
"M5"	"MINT"	"IL33"
"M5"	"MINT"	"TNXB"
"M5"	"MINT"	"PKIA"
"M5"	"MINT"	"TMPRSS3"
"M5"	"MINT"	"WFDC2"
"M5"	"MINT"	"SCNN1G"
"M5"	"MINT"	"TJP3"
"M5"	"MINT"	"LAMP3"
"M5"	"MINT"	"PPP1R1B"
"M5"	"MINT"	"PDZK1IP1"
"M5"	"BioGrid_Rat"	"SORBS2"
"M5"	"BioGrid_Rat"	"NRXN2"
"M5"	"BioGrid_Rat"	"APBA2"
"M5"	"BioGrid_Rat"	"SCNN1G"
"M5"	"BIND_Rat"	"SORBS2"
"M5"	"BIND_Rat"	"NRXN2"
"M5"	"BIND_Rat"	"SCGB1A1"
"M5"	"BIND_Rat"	"ROS1"
"M5"	"BIND_Rat"	"APBA2"
"M5"	"BIND_Rat"	"CEACAM1"
"M5"	"BIND_Rat"	"CLIC6"
"M5"	"DIP"	"LRRK2"
"M5"	"DIP"	"AQP1"
"M5"	"DIP"	"CFTR"
"M5"	"DIP"	"FOS"
"M5"	"DIP"	"KIT"
"M5"	"DIP"	"PTGS2"
"M5"	"DIP"	"ASS1"
"M5"	"DIP"	"SPTLC3"
"M5"	"DIP"	"IL6"
"M5"	"DIP"	"LIF"
"M5"	"DIP"	"LMO3"
"M5"	"DIP"	"CSF3R"
"M5"	"DIP"	"SERPINA1"
"M5"	"DIP"	"IGF2BP1"
"M5"	"DIP"	"AGR2"
"M5"	"DIP"	"CAVIN2"
"M5"	"DIP"	"LINGO1"
"M5"	"DIP"	"SCML2"
"M5"	"DIP"	"HBB"
"M5"	"DIP"	"SLC4A4"
"M5"	"DIP"	"LRG1"
"M5"	"DIP"	"PLA2G4A"
"M5"	"DIP"	"IL33"
"M5"	"DIP"	"FOSB"
"M5"	"DIP"	"RORC"
"M5"	"DIP"	"CRLF1"
"M5"	"DIP"	"AQP4"
"M5"	"DIP"	"CLDN18"
"M5"	"DIP"	"HHIP"
"M5"	"IntAct_Rat"	"LRRK2"
"M5"	"IntAct_Rat"	"SORBS2"
"M5"	"IntAct_Rat"	"FOS"
"M5"	"IntAct_Rat"	"DES"
"M5"	"IntAct_Rat"	"NRXN2"
"M5"	"IntAct_Rat"	"APBA2"
"M5"	"IntAct_Rat"	"CACNA2D2"
"M5"	"IntAct_Rat"	"COBL"
"M5"	"DIP_Yeast"	"ASS1"
"M5"	"IntAct_Yeast"	"ASS1"
"M5"	"YeastLow"	"ASS1"
"M5"	"YeastLow"	"SLC4A4"
"M5"	"VidalHuman_non_core"	"FAM107A"
"M5"	"VidalHuman_non_core"	"AQP1"
"M5"	"VidalHuman_non_core"	"HSPB8"
"M5"	"VidalHuman_non_core"	"GPRIN2"
"M5"	"VidalHuman_non_core"	"CXCL3"
"M5"	"VidalHuman_non_core"	"LMO3"
"M5"	"VidalHuman_non_core"	"CXCL2"
"M5"	"VidalHuman_non_core"	"RORC"
"M5"	"VidalHuman_non_core"	"CCNJL"
"M5"	"VidalHuman_non_core"	"SFTPB"
"M5"	"BCI"	"AQP1"
"M5"	"BCI"	"FOS"
"M5"	"BCI"	"PIGR"
"M5"	"BCI"	"NR3C2"
"M5"	"BCI"	"DES"
"M5"	"BCI"	"ASS1"
"M5"	"BCI"	"IL6"
"M5"	"BCI"	"KRT7"
"M5"	"BCI"	"TF"
"M5"	"BCI"	"CSF3R"
"M5"	"BCI"	"CXCL2"
"M5"	"BCI"	"FOLR1"
"M5"	"BCI"	"NKX2-1"
"M5"	"BCI"	"CEACAM1"
"M5"	"BCI"	"MUC1"
"M5"	"BCI"	"C7"
"M5"	"BCI"	"AGER"
"M5"	"BCI"	"CP"
"M5"	"BCI"	"LPL"
"M5"	"BCI"	"TFPI"
"M5"	"BCI"	"NRGN"
"M5"	"BCI"	"ACKR1"
"M5"	"BCI"	"SELP"
"M5"	"BCI"	"FOSB"
"M5"	"BCI"	"PKIA"
"M5"	"MINT_Rat"	"SORBS2"
"M5"	"MINT_Rat"	"FOS"
"M5"	"MINT_Rat"	"APBA2"
"M5"	"MINT_Rat"	"COBL"
"M5"	"VidalHuman_core"	"FAM107A"
"M5"	"VidalHuman_core"	"AQP1"
"M5"	"VidalHuman_core"	"FAM189A2"
"M5"	"VidalHuman_core"	"EFEMP1"
"M5"	"VidalHuman_core"	"HSPB8"
"M5"	"VidalHuman_core"	"ASS1"
"M5"	"VidalHuman_core"	"GPRIN2"
"M5"	"VidalHuman_core"	"LMO3"
"M5"	"VidalHuman_core"	"ELF5"
"M5"	"VidalHuman_core"	"SELENBP1"
"M5"	"VidalHuman_core"	"CAVIN2"
"M5"	"SOURAV_MAPK_LOW"	"FOS"
"M5"	"BioGrid_Fly"	"ACSS3"
"M5"	"BioGrid_Fly"	"ASS1"
"M5"	"BioGrid_Fly"	"ROS1"
"M5"	"BioGrid_Fly"	"ALPL"
"M5"	"BioGrid_Fly"	"PHYHD1"
"M5"	"BioGrid_Fly"	"CLIC5"
"M5"	"INNATEDB_Mouse"	"AQP1"
"M5"	"INNATEDB_Mouse"	"FOS"
"M5"	"INNATEDB_Mouse"	"HP"
"M5"	"INNATEDB_Mouse"	"KIT"
"M5"	"INNATEDB_Mouse"	"ASS1"
"M5"	"INNATEDB_Mouse"	"CXCL3"
"M5"	"INNATEDB_Mouse"	"IL6"
"M5"	"INNATEDB_Mouse"	"CSF3R"
"M5"	"INNATEDB_Mouse"	"CXCL2"
"M5"	"INNATEDB_Mouse"	"ALPL"
"M5"	"INNATEDB_Mouse"	"AGER"
"M5"	"INNATEDB_Mouse"	"PLA2G4A"
"M5"	"INNATEDB_Mouse"	"IL33"
"M5"	"INNATEDB_Mouse"	"ACKR1"
"M5"	"INNATEDB_Mouse"	"SELP"
"M5"	"INNATEDB_Mouse"	"RORC"
"M5"	"INNATEDB_Mouse"	"STEAP4"
"M5"	"INNATEDB_Mouse"	"NAPSA"
"M5"	"IntAct_Fly"	"ASS1"
"M5"	"IntAct_Fly"	"SELENBP1"
"M5"	"IntAct_Fly"	"IGF2BP1"
"M5"	"IntAct_Fly"	"PHYHD1"
"M5"	"IntAct_Fly"	"SDR16C5"
"M5"	"I2D-c_Fiona_HUMAN"	"MUC1"
"M5"	"DIP_Mouse"	"SYNE4"
"M5"	"DIP_Mouse"	"FOS"
"M5"	"DIP_Mouse"	"SCNN1B"
"M5"	"DIP_Mouse"	"MLPH"
"M5"	"DIP_Mouse"	"SFTPD"
"M5"	"DIP_Mouse"	"PTGS2"
"M5"	"DIP_Mouse"	"IGF2BP1"
"M5"	"DIP_Mouse"	"LINGO1"
"M5"	"DIP_Mouse"	"LRG1"
"M5"	"DIP_Mouse"	"RORC"
"M5"	"DIP_Mouse"	"CLDN18"
"M5"	"YeastHigh"	"ASS1"
"M5"	"StelzlHigh"	"ANXA3"
"M5"	"StelzlHigh"	"SELENBP1"
"M5"	"StelzlHigh"	"AGR2"
"M5"	"StelzlHigh"	"TMPRSS3"
"M5"	"BIND_Mouse"	"CFTR"
"M5"	"BIND_Mouse"	"FOS"
"M5"	"BIND_Mouse"	"MLPH"
"M5"	"BIND_Mouse"	"KIT"
"M5"	"BIND_Mouse"	"PTGS2"
"M5"	"BIND_Mouse"	"RND1"
"M5"	"BIND_Mouse"	"CXCL3"
"M5"	"IntAct_Worm"	"ECHDC3"
"M5"	"MINT_Mouse"	"CFTR"
"M5"	"MINT_Mouse"	"DES"
"M5"	"MINT_Mouse"	"CHL1"
"M5"	"StelzlMedium"	"ANXA3"
"M5"	"StelzlMedium"	"IL6"
"M5"	"StelzlMedium"	"SELENBP1"
"M5"	"StelzlMedium"	"HBB"
"M5"	"StelzlMedium"	"LPL"
"M5"	"StelzlMedium"	"WFDC2"
"M5"	"StelzlMedium"	"PDZK1IP1"
"M5"	"DIP_Rat"	"SFTPD"
"M5"	"DIP_Rat"	"AQP4"
"M5"	"DIP_Fly"	"SDR16C5"
"M5"	"DIP_Fly"	"AQP4"
"M5"	"BioGrid_Yeast"	"SLC4A4"
"M5"	"StelzlLow"	"IL6"
"M5"	"StelzlLow"	"IL33"
"M5"	"StelzlLow"	"PPP1R1B"
"M5"	"BIND_Fly"	"ASS1"
"M5"	"BIND_Fly"	"PHYHD1"
"M5"	"FlyHigh"	"ASS1"
"M5"	"FlyHigh"	"PHYHD1"
"M5"	"SOURAV_MAPK_HIGH"	"FOS"
"M6"	"IntAct_Fly"	"NTN1"
"M6"	"IntAct_Fly"	"GDA"
"M6"	"IntAct_Fly"	"SEMA3A"
"M6"	"IntAct_Fly"	"EPHB1"
"M6"	"BioGrid_Mouse"	"KCNK1"
"M6"	"BioGrid_Mouse"	"NOS2"
"M6"	"BioGrid_Mouse"	"SOX2"
"M6"	"BioGrid_Mouse"	"MAPK10"
"M6"	"BioGrid_Mouse"	"SOX6"
"M6"	"BioGrid_Mouse"	"HLF"
"M6"	"BioGrid_Mouse"	"AMOT"
"M6"	"BioGrid_Mouse"	"NTRK2"
"M6"	"BioGrid_Mouse"	"SNCA"
"M6"	"BioGrid_Mouse"	"HAP1"
"M6"	"BioGrid_Mouse"	"L1CAM"
"M6"	"BioGrid_Mouse"	"ZBTB7C"
"M6"	"BioGrid_Mouse"	"ARTN"
"M6"	"BioGrid_Mouse"	"BCL11A"
"M6"	"BioGrid_Mouse"	"NAP1L2"
"M6"	"BioGrid_Mouse"	"EPHB1"
"M6"	"BioGrid_Mouse"	"DMRT2"
"M6"	"BioGrid_Mouse"	"DLX5"
"M6"	"BioGrid_Mouse"	"HOXA10"
"M6"	"BioGrid_Mouse"	"MYCL"
"M6"	"BioGrid_Mouse"	"SOX21"
"M6"	"IntAct"	"KCNK1"
"M6"	"IntAct"	"RASSF9"
"M6"	"IntAct"	"NOS2"
"M6"	"IntAct"	"KRT19"
"M6"	"IntAct"	"CNTN1"
"M6"	"IntAct"	"WNK2"
"M6"	"IntAct"	"SOX2"
"M6"	"IntAct"	"MAPK10"
"M6"	"IntAct"	"PTN"
"M6"	"IntAct"	"GDA"
"M6"	"IntAct"	"APLP1"
"M6"	"IntAct"	"SOX6"
"M6"	"IntAct"	"AMOT"
"M6"	"IntAct"	"NELL2"
"M6"	"IntAct"	"CDA"
"M6"	"IntAct"	"SHANK2"
"M6"	"IntAct"	"NTRK2"
"M6"	"IntAct"	"SNCA"
"M6"	"IntAct"	"HAP1"
"M6"	"IntAct"	"KRT15"
"M6"	"IntAct"	"CYB5R2"
"M6"	"IntAct"	"FGFR2"
"M6"	"IntAct"	"DUSP4"
"M6"	"IntAct"	"FOXP2"
"M6"	"IntAct"	"TUBB3"
"M6"	"IntAct"	"SYT7"
"M6"	"IntAct"	"SCG5"
"M6"	"IntAct"	"OTX1"
"M6"	"IntAct"	"ZFP28"
"M6"	"IntAct"	"ALDH1A1"
"M6"	"IntAct"	"SNCG"
"M6"	"IntAct"	"ALDH7A1"
"M6"	"IntAct"	"ROBO2"
"M6"	"IntAct"	"MAGEA4"
"M6"	"IntAct"	"BCL11A"
"M6"	"IntAct"	"ABCC5"
"M6"	"IntAct"	"KLHL13"
"M6"	"IntAct"	"BAALC"
"M6"	"IntAct"	"TFPI2"
"M6"	"IntAct"	"ATP12A"
"M6"	"IntAct"	"PTPRZ1"
"M6"	"IntAct"	"IGFBP2"
"M6"	"IntAct"	"KCNE3"
"M6"	"IntAct"	"GSTA1"
"M6"	"IntAct"	"HOXB7"
"M6"	"IntAct"	"MRAP2"
"M6"	"IntAct"	"GNGT1"
"M6"	"IntAct"	"EPHB6"
"M6"	"IntAct"	"DLX6"
"M6"	"IntAct"	"FBXO27"
"M6"	"IntAct"	"EPHB1"
"M6"	"IntAct"	"FOLH1"
"M6"	"IntAct"	"ACKR3"
"M6"	"IntAct"	"AFF2"
"M6"	"IntAct"	"GABRA3"
"M6"	"IntAct"	"HOXA10"
"M6"	"IntAct"	"CTTNBP2"
"M6"	"IntAct"	"CHRM3"
"M6"	"IntAct"	"IGF2BP3"
"M6"	"IntAct"	"PKIB"
"M6"	"IntAct"	"SUSD4"
"M6"	"IntAct"	"C6orf141"
"M6"	"IntAct"	"IGSF11"
"M6"	"IntAct"	"ZNF415"
"M6"	"IntAct"	"CYP2S1"
"M6"	"IntAct"	"LRRC4"
"M6"	"IntAct"	"ABO"
"M6"	"IntAct"	"RGMA"
"M6"	"IntAct"	"SLC16A9"
"M6"	"IntAct"	"MOCOS"
"M6"	"BioGrid"	"NTN1"
"M6"	"BioGrid"	"KCNK1"
"M6"	"BioGrid"	"NOS2"
"M6"	"BioGrid"	"KRT19"
"M6"	"BioGrid"	"CNTN1"
"M6"	"BioGrid"	"WNK2"
"M6"	"BioGrid"	"SOX2"
"M6"	"BioGrid"	"MAPK10"
"M6"	"BioGrid"	"PTN"
"M6"	"BioGrid"	"GDA"
"M6"	"BioGrid"	"APLP1"
"M6"	"BioGrid"	"SOX6"
"M6"	"BioGrid"	"HLF"
"M6"	"BioGrid"	"AMOT"
"M6"	"BioGrid"	"CDA"
"M6"	"BioGrid"	"SHANK2"
"M6"	"BioGrid"	"NTRK2"
"M6"	"BioGrid"	"IGF2BP2"
"M6"	"BioGrid"	"SNCA"
"M6"	"BioGrid"	"HAP1"
"M6"	"BioGrid"	"L1CAM"
"M6"	"BioGrid"	"KRT15"
"M6"	"BioGrid"	"CYB5R2"
"M6"	"BioGrid"	"NRXN3"
"M6"	"BioGrid"	"FGFR2"
"M6"	"BioGrid"	"ZBTB7C"
"M6"	"BioGrid"	"DUSP4"
"M6"	"BioGrid"	"FOXP2"
"M6"	"BioGrid"	"TUBB3"
"M6"	"BioGrid"	"SYT7"
"M6"	"BioGrid"	"SCG5"
"M6"	"BioGrid"	"OTX1"
"M6"	"BioGrid"	"ZFP28"
"M6"	"BioGrid"	"ALDH1A1"
"M6"	"BioGrid"	"SNCG"
"M6"	"BioGrid"	"ARTN"
"M6"	"BioGrid"	"ALDH7A1"
"M6"	"BioGrid"	"MAGEA4"
"M6"	"BioGrid"	"BCL11A"
"M6"	"BioGrid"	"SEMA6A"
"M6"	"BioGrid"	"ABCC5"
"M6"	"BioGrid"	"KLHL13"
"M6"	"BioGrid"	"SLC9A2"
"M6"	"BioGrid"	"NPR3"
"M6"	"BioGrid"	"ATP12A"
"M6"	"BioGrid"	"GPC3"
"M6"	"BioGrid"	"PTPRZ1"
"M6"	"BioGrid"	"ABCA13"
"M6"	"BioGrid"	"IGFBP2"
"M6"	"BioGrid"	"KCNE3"
"M6"	"BioGrid"	"GSTA1"
"M6"	"BioGrid"	"HOXB7"
"M6"	"BioGrid"	"IGSF10"
"M6"	"BioGrid"	"MRAP2"
"M6"	"BioGrid"	"NLRP2"
"M6"	"BioGrid"	"RAPGEFL1"
"M6"	"BioGrid"	"EDN1"
"M6"	"BioGrid"	"NAP1L2"
"M6"	"BioGrid"	"GNGT1"
"M6"	"BioGrid"	"EPHB6"
"M6"	"BioGrid"	"FBXO27"
"M6"	"BioGrid"	"EPHB1"
"M6"	"BioGrid"	"FOLH1"
"M6"	"BioGrid"	"SOSTDC1"
"M6"	"BioGrid"	"CYP39A1"
"M6"	"BioGrid"	"DLX5"
"M6"	"BioGrid"	"GABRA3"
"M6"	"BioGrid"	"HOXA10"
"M6"	"BioGrid"	"CTTNBP2"
"M6"	"BioGrid"	"CHRM3"
"M6"	"BioGrid"	"IGF2BP3"
"M6"	"BioGrid"	"ADH7"
"M6"	"BioGrid"	"CX3CL1"
"M6"	"BioGrid"	"KCNN4"
"M6"	"BioGrid"	"MYCL"
"M6"	"BioGrid"	"SHOX2"
"M6"	"BioGrid"	"IGSF11"
"M6"	"BioGrid"	"ZNF415"
"M6"	"BioGrid"	"CYP2S1"
"M6"	"BioGrid"	"ENTPD3"
"M6"	"BioGrid"	"UPK1B"
"M6"	"BioGrid"	"ABO"
"M6"	"BioGrid"	"MOCOS"
"M6"	"HPRD"	"NTN1"
"M6"	"HPRD"	"KCNK1"
"M6"	"HPRD"	"RASSF9"
"M6"	"HPRD"	"NOS2"
"M6"	"HPRD"	"KRT19"
"M6"	"HPRD"	"CNTN1"
"M6"	"HPRD"	"SOX2"
"M6"	"HPRD"	"MAPK10"
"M6"	"HPRD"	"PTN"
"M6"	"HPRD"	"GDA"
"M6"	"HPRD"	"APLP1"
"M6"	"HPRD"	"SOX6"
"M6"	"HPRD"	"HLF"
"M6"	"HPRD"	"AMOT"
"M6"	"HPRD"	"NELL2"
"M6"	"HPRD"	"CDA"
"M6"	"HPRD"	"SHANK2"
"M6"	"HPRD"	"NTRK2"
"M6"	"HPRD"	"SNCA"
"M6"	"HPRD"	"L1CAM"
"M6"	"HPRD"	"KRT15"
"M6"	"HPRD"	"SEMA3A"
"M6"	"HPRD"	"NRXN3"
"M6"	"HPRD"	"DUSP4"
"M6"	"HPRD"	"TUBB3"
"M6"	"HPRD"	"KCNQ5"
"M6"	"HPRD"	"SYT7"
"M6"	"HPRD"	"SCG5"
"M6"	"HPRD"	"OTX1"
"M6"	"HPRD"	"SNCG"
"M6"	"HPRD"	"ALDH7A1"
"M6"	"HPRD"	"ROBO2"
"M6"	"HPRD"	"MAGEA4"
"M6"	"HPRD"	"BCL11A"
"M6"	"HPRD"	"SEMA6A"
"M6"	"HPRD"	"NTS"
"M6"	"HPRD"	"ADH1C"
"M6"	"HPRD"	"SLC9A2"
"M6"	"HPRD"	"TFPI2"
"M6"	"HPRD"	"SERPINI1"
"M6"	"HPRD"	"NPR3"
"M6"	"HPRD"	"GPC3"
"M6"	"HPRD"	"PTPRZ1"
"M6"	"HPRD"	"GSTA1"
"M6"	"HPRD"	"HOXB7"
"M6"	"HPRD"	"EDN1"
"M6"	"HPRD"	"GNGT1"
"M6"	"HPRD"	"FOXC1"
"M6"	"HPRD"	"EPHB1"
"M6"	"HPRD"	"SOSTDC1"
"M6"	"HPRD"	"SLC6A8"
"M6"	"HPRD"	"DLX5"
"M6"	"HPRD"	"GABRA3"
"M6"	"HPRD"	"HOXA10"
"M6"	"HPRD"	"CTTNBP2"
"M6"	"HPRD"	"CHRM3"
"M6"	"HPRD"	"PKIB"
"M6"	"HPRD"	"ADH7"
"M6"	"HPRD"	"CECR2"
"M6"	"HPRD"	"CX3CL1"
"M6"	"HPRD"	"KCNN4"
"M6"	"HPRD"	"STXBP6"
"M6"	"HPRD"	"MYCL"
"M6"	"HPRD"	"FOXE1"
"M6"	"HPRD"	"CAMK2N1"
"M6"	"HPRD"	"SCUBE3"
"M6"	"HPRD"	"SYT14"
"M6"	"HPRD"	"LRRC4"
"M6"	"HPRD"	"RGMA"
"M6"	"IntAct_Mouse"	"NTN1"
"M6"	"IntAct_Mouse"	"CNTN1"
"M6"	"IntAct_Mouse"	"SOX2"
"M6"	"IntAct_Mouse"	"APLP1"
"M6"	"IntAct_Mouse"	"HLF"
"M6"	"IntAct_Mouse"	"CDA"
"M6"	"IntAct_Mouse"	"NTRK2"
"M6"	"IntAct_Mouse"	"SNCA"
"M6"	"IntAct_Mouse"	"HAP1"
"M6"	"IntAct_Mouse"	"DACT2"
"M6"	"IntAct_Mouse"	"SYT7"
"M6"	"IntAct_Mouse"	"SEMA6A"
"M6"	"IntAct_Mouse"	"FOXC1"
"M6"	"IntAct_Mouse"	"DLX5"
"M6"	"DIP"	"NTN1"
"M6"	"DIP"	"KCNK1"
"M6"	"DIP"	"NOS2"
"M6"	"DIP"	"KRT19"
"M6"	"DIP"	"SOX2"
"M6"	"DIP"	"MAPK10"
"M6"	"DIP"	"PTN"
"M6"	"DIP"	"APLP1"
"M6"	"DIP"	"SHANK2"
"M6"	"DIP"	"NTRK2"
"M6"	"DIP"	"SNCA"
"M6"	"DIP"	"FGFR2"
"M6"	"DIP"	"SPTSSB"
"M6"	"DIP"	"FOXP2"
"M6"	"DIP"	"ARTN"
"M6"	"DIP"	"PTPRZ1"
"M6"	"DIP"	"MRAP2"
"M6"	"DIP"	"GNGT1"
"M6"	"DIP"	"ALOX15"
"M6"	"DIP"	"CX3CL1"
"M6"	"DIP"	"KCNN4"
"M6"	"MGI"	"NOS2"
"M6"	"MGI"	"APLP1"
"M6"	"MGI"	"SOX6"
"M6"	"MGI"	"NTRK2"
"M6"	"MGI"	"OTX1"
"M6"	"MGI"	"DLX5"
"M6"	"BIND_Rat"	"SHANK2"
"M6"	"BIND_Rat"	"SNCA"
"M6"	"BIND_Rat"	"L1CAM"
"M6"	"BIND_Rat"	"GSTA1"
"M6"	"BIND_Rat"	"EPHB1"
"M6"	"BIND_Rat"	"CHRM3"
"M6"	"DIP_Mouse"	"NTRK2"
"M6"	"DIP_Mouse"	"HAP1"
"M6"	"DIP_Mouse"	"SEMA3A"
"M6"	"DIP_Mouse"	"TUBB3"
"M6"	"DIP_Mouse"	"SEMA6A"
"M6"	"MINT"	"KRT19"
"M6"	"MINT"	"WNK2"
"M6"	"MINT"	"MAPK10"
"M6"	"MINT"	"PTN"
"M6"	"MINT"	"APLP1"
"M6"	"MINT"	"SHANK2"
"M6"	"MINT"	"SNCA"
"M6"	"MINT"	"L1CAM"
"M6"	"MINT"	"KRT15"
"M6"	"MINT"	"FGFR2"
"M6"	"MINT"	"DUSP4"
"M6"	"MINT"	"TUBB3"
"M6"	"MINT"	"OTX1"
"M6"	"MINT"	"ALDH1A1"
"M6"	"MINT"	"MAGEA4"
"M6"	"MINT"	"PTPRZ1"
"M6"	"MINT"	"KCNE3"
"M6"	"MINT"	"EDN1"
"M6"	"MINT"	"EPHB6"
"M6"	"MINT"	"EPHB1"
"M6"	"MINT"	"GABRA3"
"M6"	"MINT"	"CHRM3"
"M6"	"MINT"	"CYP2S1"
"M6"	"MINT"	"LRRC4"
"M6"	"MINT"	"MOCOS"
"M6"	"VidalHuman_core"	"KRT19"
"M6"	"VidalHuman_core"	"KRT15"
"M6"	"VidalHuman_core"	"OTX1"
"M6"	"VidalHuman_core"	"ALDH1A1"
"M6"	"VidalHuman_core"	"MAGEA4"
"M6"	"BioGrid_Rat"	"NTRK2"
"M6"	"BioGrid_Rat"	"SNCA"
"M6"	"BioGrid_Rat"	"L1CAM"
"M6"	"BioGrid_Rat"	"DACT2"
"M6"	"BioGrid_Rat"	"EPHB1"
"M6"	"BioGrid_Yeast"	"GDA"
"M6"	"BioGrid_Yeast"	"CDA"
"M6"	"BioGrid_Yeast"	"CYB5R2"
"M6"	"BCI"	"NOS2"
"M6"	"BCI"	"CNTN1"
"M6"	"BCI"	"MAPK10"
"M6"	"BCI"	"APLP1"
"M6"	"BCI"	"HAP1"
"M6"	"BCI"	"L1CAM"
"M6"	"BCI"	"DUSP4"
"M6"	"BCI"	"MAGEA4"
"M6"	"BCI"	"SERPINI1"
"M6"	"BCI"	"IGFBP2"
"M6"	"BCI"	"HOXB7"
"M6"	"BCI"	"EPHB6"
"M6"	"INNATEDB"	"NOS2"
"M6"	"INNATEDB"	"SOX2"
"M6"	"INNATEDB"	"MAPK10"
"M6"	"INNATEDB"	"PTN"
"M6"	"INNATEDB"	"NTRK2"
"M6"	"INNATEDB"	"SNCA"
"M6"	"INNATEDB"	"KRT15"
"M6"	"INNATEDB"	"FGFR2"
"M6"	"INNATEDB"	"DUSP4"
"M6"	"INNATEDB"	"BAALC"
"M6"	"INNATEDB"	"TFPI2"
"M6"	"INNATEDB"	"NLRP2"
"M6"	"INNATEDB"	"DLX6"
"M6"	"INNATEDB"	"FBXO27"
"M6"	"INNATEDB"	"FOLH1"
"M6"	"INNATEDB"	"SOSTDC1"
"M6"	"INNATEDB"	"DLX5"
"M6"	"INNATEDB"	"CACNA2D3"
"M6"	"INNATEDB"	"HOXA10"
"M6"	"INNATEDB"	"ALOX15"
"M6"	"INNATEDB"	"CX3CL1"
"M6"	"VidalHuman_non_core"	"KRT19"
"M6"	"VidalHuman_non_core"	"KRT15"
"M6"	"VidalHuman_non_core"	"MYEOV"
"M6"	"VidalHuman_non_core"	"SLCO4A1"
"M6"	"IntAct_Rat"	"MAPK10"
"M6"	"IntAct_Rat"	"SHANK2"
"M6"	"IntAct_Rat"	"NTRK2"
"M6"	"IntAct_Rat"	"HAP1"
"M6"	"IntAct_Rat"	"SCG5"
"M6"	"IntAct_Rat"	"SLC9A2"
"M6"	"IntAct_Rat"	"CHRM3"
"M6"	"MINT_Rat"	"MAPK10"
"M6"	"MINT_Rat"	"SHANK2"
"M6"	"MINT_Rat"	"NTRK2"
"M6"	"MINT_Rat"	"TUBB3"
"M6"	"YeastMedium"	"CDA"
"M6"	"BIND"	"KCNK1"
"M6"	"BIND"	"NOS2"
"M6"	"BIND"	"SOX2"
"M6"	"BIND"	"MAPK10"
"M6"	"BIND"	"PTN"
"M6"	"BIND"	"APLP1"
"M6"	"BIND"	"HLF"
"M6"	"BIND"	"CDA"
"M6"	"BIND"	"SNCA"
"M6"	"BIND"	"L1CAM"
"M6"	"BIND"	"FGFR2"
"M6"	"BIND"	"SEMA6A"
"M6"	"BIND"	"ADH1C"
"M6"	"BIND"	"NPR3"
"M6"	"BIND"	"GSTA1"
"M6"	"BIND"	"EPHB6"
"M6"	"BIND"	"EPHB1"
"M6"	"BIND"	"HOXA10"
"M6"	"BIND"	"ADH7"
"M6"	"BIND"	"CX3CL1"
"M6"	"INNATEDB_Mouse"	"NOS2"
"M6"	"INNATEDB_Mouse"	"SOX2"
"M6"	"INNATEDB_Mouse"	"GDA"
"M6"	"INNATEDB_Mouse"	"ZBTB7C"
"M6"	"Krogan_NonCore"	"CYB5R2"
"M6"	"IntAct_Yeast"	"CDA"
"M6"	"IntAct_Yeast"	"CYB5R2"
"M6"	"IntAct_Worm"	"ALDH7A1"
"M6"	"BioGrid_Fly"	"NTN1"
"M6"	"BioGrid_Fly"	"HLF"
"M6"	"BioGrid_Fly"	"SEMA3A"
"M6"	"BioGrid_Fly"	"ALDH7A1"
"M6"	"BioGrid_Fly"	"EPHB1"
"M6"	"Pawson2"	"AMOT"
"M6"	"BIND_Mouse"	"NOS2"
"M6"	"BIND_Mouse"	"MAPK10"
"M6"	"BIND_Mouse"	"CDA"
"M6"	"BIND_Mouse"	"SEMA6D"
"M6"	"BIND_Mouse"	"SERPINI1"
"M6"	"BIND_Mouse"	"FRAS1"
"M6"	"DIP_Rat"	"NTRK2"
"M6"	"DIP_Rat"	"EPHB1"
"M6"	"Krogan_Core"	"CYB5R2"
"M6"	"BIND_Fly"	"SEMA3A"
"M6"	"BIND_Fly"	"FGFR2"
"M6"	"DIP_Fly"	"SEMA3A"
"M6"	"DIP_Fly"	"ROBO2"
"M6"	"FlyLow"	"SEMA3A"
"M6"	"StelzlMedium"	"MAPK10"
"M6"	"StelzlMedium"	"APLP1"
"M6"	"StelzlMedium"	"L1CAM"
"M6"	"StelzlMedium"	"SCG5"
"M6"	"StelzlMedium"	"EDN1"
"M6"	"StelzlMedium"	"SUSD4"
"M6"	"SOURAV_MAPK_LOW"	"MAPK10"
"M6"	"MINT_Yeast"	"CDA"
"M6"	"MINT_Yeast"	"CYB5R2"
"M6"	"BIND_Yeast"	"CDA"
"M6"	"DIP_Yeast"	"CDA"
"M6"	"MINT_Mouse"	"NOS2"
"M6"	"MINT_Mouse"	"CDA"
"M6"	"MINT_Mouse"	"NTRK2"
"M6"	"MINT_Mouse"	"SNCA"
"M6"	"MINT_Mouse"	"HAP1"
"M6"	"MINT_Mouse"	"SEMA6A"
"M6"	"MIPS"	"CDA"
"M6"	"Tarassov_PCA"	"CDA"
"M6"	"Tarassov_PCA"	"CYB5R2"
"M6"	"Yu_GoldStd"	"CDA"
"M6"	"StelzlLow"	"SUSD4"
"M6"	"StelzlHigh"	"MAPK10"
"M6"	"StelzlHigh"	"PTN"
"M6"	"Fawcett_polarity"	"AMOT"
"M6"	"SOURAV_MAPK_HIGH"	"MAPK10"
"M6"	"FlyHigh"	"GDA"
"Not.Correlated"	"BioGrid"	"SPATC1L"
"Not.Correlated"	"BioGrid"	"EEF1A2"
"Not.Correlated"	"BioGrid"	"HNF4G"
"Not.Correlated"	"BioGrid"	"CDKN2A"
"Not.Correlated"	"BioGrid"	"LDOC1"
"Not.Correlated"	"BioGrid"	"THNSL2"
"Not.Correlated"	"BioGrid"	"MTAP"
"Not.Correlated"	"BioGrid"	"ZNF829"
"Not.Correlated"	"BioGrid"	"FZD8"
"Not.Correlated"	"BioGrid"	"PAX8"
"Not.Correlated"	"BioGrid"	"GRIN2D"
"Not.Correlated"	"BioGrid"	"MPV17L"
"Not.Correlated"	"BioGrid"	"USP9Y"
"Not.Correlated"	"BioGrid"	"DTNA"
"Not.Correlated"	"BioGrid"	"KDM5D"
"Not.Correlated"	"IntAct"	"SPATC1L"
"Not.Correlated"	"IntAct"	"EEF1A2"
"Not.Correlated"	"IntAct"	"CDKN2A"
"Not.Correlated"	"IntAct"	"LDOC1"
"Not.Correlated"	"IntAct"	"THNSL2"
"Not.Correlated"	"IntAct"	"MTAP"
"Not.Correlated"	"IntAct"	"ZNF829"
"Not.Correlated"	"IntAct"	"GREB1"
"Not.Correlated"	"IntAct"	"FZD8"
"Not.Correlated"	"IntAct"	"PAX8"
"Not.Correlated"	"IntAct"	"GRIN2D"
"Not.Correlated"	"IntAct"	"DTNA"
"Not.Correlated"	"IntAct"	"PRSS21"
"Not.Correlated"	"IntAct"	"WNT5B"
"Not.Correlated"	"IntAct"	"NOMO3"
"Not.Correlated"	"IntAct"	"PCDHB5"
"Not.Correlated"	"BIND"	"HNF4G"
"Not.Correlated"	"BIND"	"CDKN2A"
"Not.Correlated"	"BIND"	"LDOC1"
"Not.Correlated"	"BIND"	"FZD8"
"Not.Correlated"	"BIND"	"IRX2"
"Not.Correlated"	"MINT"	"CDKN2A"
"Not.Correlated"	"MINT"	"LDOC1"
"Not.Correlated"	"MINT"	"THNSL2"
"Not.Correlated"	"MINT"	"MTAP"
"Not.Correlated"	"MINT"	"GRIN2D"
"Not.Correlated"	"MINT"	"DTNA"
"Not.Correlated"	"BCI"	"CDKN2A"
"Not.Correlated"	"BCI"	"PAX8"
"Not.Correlated"	"HPRD"	"SPATC1L"
"Not.Correlated"	"HPRD"	"EEF1A2"
"Not.Correlated"	"HPRD"	"HNF4G"
"Not.Correlated"	"HPRD"	"LDOC1"
"Not.Correlated"	"HPRD"	"DDX3Y"
"Not.Correlated"	"HPRD"	"FZD8"
"Not.Correlated"	"HPRD"	"PAX8"
"Not.Correlated"	"HPRD"	"GRIN2D"
"Not.Correlated"	"HPRD"	"DTNA"
"Not.Correlated"	"HPRD"	"GATM"
"Not.Correlated"	"HPRD"	"ADCY1"
"Not.Correlated"	"HPRD"	"KDM5D"
"Not.Correlated"	"HPRD"	"NOMO3"
"Not.Correlated"	"INNATEDB"	"CDKN2A"
"Not.Correlated"	"INNATEDB"	"LDOC1"
"Not.Correlated"	"INNATEDB"	"DDX3Y"
"Not.Correlated"	"INNATEDB"	"GREB1"
"Not.Correlated"	"INNATEDB"	"PAX8"
"Not.Correlated"	"BioGrid_Yeast"	"THNSL2"
"Not.Correlated"	"BioGrid_Yeast"	"MTAP"
"Not.Correlated"	"BioGrid_Worm"	"DDX3Y"
"Not.Correlated"	"MINT_Worm"	"DDX3Y"
"Not.Correlated"	"Krogan_NonCore"	"THNSL2"
"Not.Correlated"	"YeastLow"	"THNSL2"
"Not.Correlated"	"YeastLow"	"MTAP"
"Not.Correlated"	"BioGrid_Fly"	"EEF1A2"
"Not.Correlated"	"BioGrid_Fly"	"ADCY1"
"Not.Correlated"	"BIND_Fly"	"EEF1A2"
"Not.Correlated"	"IntAct_Fly"	"EEF1A2"
"Not.Correlated"	"IntAct_Fly"	"MTAP"
"Not.Correlated"	"YeastHigh"	"THNSL2"
"Not.Correlated"	"BioGrid_Mouse"	"EEF1A2"
"Not.Correlated"	"BioGrid_Mouse"	"CDKN2A"
"Not.Correlated"	"BioGrid_Mouse"	"FZD8"
"Not.Correlated"	"BioGrid_Mouse"	"PAX8"
"Not.Correlated"	"BioGrid_Mouse"	"KDM5D"
"Not.Correlated"	"DIP"	"CDKN2A"
"Not.Correlated"	"DIP_Mouse"	"FZD8"
"Not.Correlated"	"BIND_Mouse"	"FZD8"
"Not.Correlated"	"BIND_Mouse"	"DTNA"
"Not.Correlated"	"BIND_Mouse"	"IRX2"
"Not.Correlated"	"IntAct_Mouse"	"EEF1A2"
"Not.Correlated"	"IntAct_Mouse"	"FZD8"
"Not.Correlated"	"IntAct_Mouse"	"DTNA"
"Not.Correlated"	"VidalHuman_core"	"LDOC1"
"Not.Correlated"	"IntAct_Worm"	"HNF4G"
"Not.Correlated"	"IntAct_Worm"	"DDX3Y"
"Not.Correlated"	"IntAct_Rat"	"EEF1A2"
"Not.Correlated"	"IntAct_Rat"	"PAX8"
"Not.Correlated"	"DIP_Worm"	"HNF4G"
"Not.Correlated"	"ShawnLi"	"GRIN2D"
"Not.Correlated"	"IntAct_Yeast"	"THNSL2"
"Not.Correlated"	"StelzlMedium"	"THNSL2"
"Not.Correlated"	"DIP_Yeast"	"THNSL2"
"Not.Correlated"	"YeastMedium"	"MTAP"
"Not.Correlated"	"MGI"	"WNT5B"
"Not.Correlated"	"MINT_Mouse"	"FZD8"
