"Module"	"ID"	"Description"	"GeneRatio"	"BgRatio"	"pvalue"	"p.adjust"	"qvalue"	"geneID"	"Count"
"M1"	"Gap junction assembly"	"Gap junction assembly"	"6/125"	"19/7644"	3.86498494217409e-07	0.000143390941354659	0.000131816328554148	"GJA1/GJB2/GJB3/GJB6/GJB5/GJB4"	6
"M1"	"Gap junction trafficking"	"Gap junction trafficking"	"6/125"	"28/7644"	4.75681236374018e-06	0.000840131848521062	0.000772315843157396	"GJA1/GJB2/GJB3/GJB6/GJB5/GJB4"	6
"M1"	"Gap junction trafficking and regulation"	"Gap junction trafficking and regulation"	"6/125"	"30/7644"	7.29903574021189e-06	0.000840131848521062	0.000772315843157396	"GJA1/GJB2/GJB3/GJB6/GJB5/GJB4"	6
"M1"	"Cell junction organization"	"Cell junction organization"	"9/125"	"85/7644"	9.0580253209818e-06	0.000840131848521062	0.000772315843157396	"LAMB3/LAMC2/CLDN1/CDH3/LAMA3/COL17A1/CLDN3/CLDN11/CLDN16"	9
"M1"	"Assembly of collagen fibrils and other multimeric structures"	"Assembly of collagen fibrils and other multimeric structures"	"7/125"	"54/7644"	2.47256895876747e-05	0.00183464616740547	0.00168655230029613	"LAMB3/LAMC2/COL7A1/LAMA3/COL4A5/COL27A1/COL4A6"	7
"M1"	"WNT ligand biogenesis and trafficking"	"WNT ligand biogenesis and trafficking"	"5/125"	"26/7644"	5.39007774123537e-05	0.00285674120285475	0.00262614314009062	"WNT7B/WNT9A/WNT2B/WNT4/WNT3A"	5
"M1"	"WNT ligand secretion is abrogated by the PORCN inhibitor LGK974"	"WNT ligand secretion is abrogated by the PORCN inhibitor LGK974"	"5/125"	"26/7644"	5.39007774123537e-05	0.00285674120285475	0.00262614314009062	"WNT7B/WNT9A/WNT2B/WNT4/WNT3A"	5
"M1"	"Collagen formation"	"Collagen formation"	"8/125"	"86/7644"	7.45527308860747e-05	0.00333530841530335	0.00306608008670247	"LAMB3/LAMC2/COL7A1/LAMA3/COL17A1/COL4A5/COL27A1/COL4A6"	8
"M1"	"negative regulation of TCF-dependent signaling by WNT ligand antagonists"	"negative regulation of TCF-dependent signaling by WNT ligand antagonists"	"4/125"	"15/7644"	8.09104467324262e-05	0.00333530841530335	0.00306608008670247	"WNT9A/WNT4/DKK1/WNT3A"	4
"M1"	"Cell-Cell communication"	"Cell-Cell communication"	"9/125"	"130/7644"	0.000261315942134886	0.00969482145320429	0.0089122489738635	"LAMB3/LAMC2/CLDN1/CDH3/LAMA3/COL17A1/CLDN3/CLDN11/CLDN16"	9
"M1"	"Class B/2 (Secretin family receptors)"	"Class B/2 (Secretin family receptors)"	"7/125"	"87/7644"	0.000522423624123899	0.017619924049997	0.0161976319824061	"PTHLH/WNT7B/ADM/WNT9A/WNT2B/WNT4/WNT3A"	7
"M1"	"Defective ACTH causes Obesity and Pro-opiomelanocortinin deficiency (POMCD)"	"Defective ACTH causes Obesity and Pro-opiomelanocortinin deficiency (POMCD)"	"17/125"	"441/7644"	0.000786558366454374	0.0223439617888264	0.0205403422317485	"PTHLH/WNT7B/CXCL8/ADM/P2RY1/CXCL1/LPAR3/HCAR2/WNT9A/S1PR5/WNT2B/WNT4/P2RY2/CXCL6/WNT3A/NMU/EDN2"	17
"M1"	"GPCR ligand binding"	"GPCR ligand binding"	"17/125"	"441/7644"	0.000786558366454374	0.0223439617888264	0.0205403422317485	"PTHLH/WNT7B/CXCL8/ADM/P2RY1/CXCL1/LPAR3/HCAR2/WNT9A/S1PR5/WNT2B/WNT4/P2RY2/CXCL6/WNT3A/NMU/EDN2"	17
"M1"	"Reversible hydration of carbon dioxide"	"Reversible hydration of carbon dioxide"	"3/125"	"12/7644"	0.000843168369389677	0.0223439617888264	0.0205403422317485	"CA12/CA2/CA9"	3
"M1"	"Tight junction interactions"	"Tight junction interactions"	"4/125"	"30/7644"	0.00134369465620562	0.0332340478301522	0.0305513732358329	"CLDN1/CLDN3/CLDN11/CLDN16"	4
"M1"	"Cell-cell junction organization"	"Cell-cell junction organization"	"5/125"	"60/7644"	0.00287329455371918	0.0666245174643634	0.0612465418029614	"CLDN1/CDH3/CLDN3/CLDN11/CLDN16"	5
"M1"	"Collagen biosynthesis and modifying enzymes"	"Collagen biosynthesis and modifying enzymes"	"5/125"	"64/7644"	0.00380874161155343	0.0756483868777573	0.0695419984349365	"COL7A1/COL17A1/COL4A5/COL27A1/COL4A6"	5
"M1"	"O-linked glycosylation of mucins"	"O-linked glycosylation of mucins"	"5/125"	"64/7644"	0.00380874161155343	0.0756483868777573	0.0695419984349365	"ST6GALNAC2/MUC4/GALNT14/MUC20/GCNT3"	5
"M1"	"Interleukin-1 signaling"	"Interleukin-1 signaling"	"4/125"	"40/7644"	0.0039514917966306	0.0756483868777573	0.0695419984349365	"IL1RN/IL1B/IL1R2/IL1A"	4
"M1"	"Extracellular matrix organization"	"Extracellular matrix organization"	"11/125"	"266/7644"	0.00407808015513517	0.0756483868777573	0.0695419984349365	"LAMB3/LAMC2/COL7A1/LAMA3/COL17A1/ITGB8/COL4A5/BMP7/COL27A1/MMP10/COL4A6"	11
"M1"	"Ion channel transport"	"Ion channel transport"	"8/125"	"167/7644"	0.00592317825222472	0.100390819682397	0.0922872054960888	"FXYD3/CLCA2/RYR1/ATP10B/ATP8B3/CLCA4/TRPV3/GLRB"	8
"M1"	"Laminin interactions"	"Laminin interactions"	"3/125"	"23/7644"	0.00595309442860573	0.100390819682397	0.0922872054960888	"LAMB3/LAMC2/LAMA3"	3
"M1"	"O-linked glycosylation"	"O-linked glycosylation"	"6/125"	"103/7644"	0.00666499044528866	0.107509193704439	0.0988309796006191	"ST6GALNAC2/MUC4/GALNT14/MUC20/ADAMTSL5/GCNT3"	6
"M1"	"Cellular response to hypoxia"	"Cellular response to hypoxia"	"3/125"	"25/7644"	0.00754997137761508	0.112041575243808	0.102997504267254	"EGLN3/CA9/HIF3A"	3
"M1"	"Regulation of Hypoxia-inducible Factor (HIF) by oxygen"	"Regulation of Hypoxia-inducible Factor (HIF) by oxygen"	"3/125"	"25/7644"	0.00754997137761508	0.112041575243808	0.102997504267254	"EGLN3/CA9/HIF3A"	3
"M1"	"Termination of O-glycan biosynthesis"	"Termination of O-glycan biosynthesis"	"3/125"	"26/7644"	0.00843419083463065	0.120349415371076	0.110634729976532	"ST6GALNAC2/MUC4/MUC20"	3
"M1"	"Membrane Trafficking"	"Membrane Trafficking"	"8/125"	"190/7644"	0.0124544955571549	0.166441865468888	0.153006566639012	"SFN/GJA1/GJB2/GJB3/GJB6/GJB5/GJB4/DNAJC6"	8
"M1"	"GRB2 events in ERBB2 signaling"	"GRB2 events in ERBB2 signaling"	"3/125"	"30/7644"	0.0125616502240671	0.166441865468888	0.153006566639012	"EGFR/HBEGF/NRG1"	3
"M1"	"Apoptotic cleavage of cell adhesion  proteins"	"Apoptotic cleavage of cell adhesion  proteins"	"2/125"	"11/7644"	0.0132482176790941	0.169485819273928	0.155804810454682	"PKP1/DSG3"	2
"M1"	"SHC1 events in ERBB2 signaling"	"SHC1 events in ERBB2 signaling"	"3/125"	"32/7644"	0.0149882843008539	0.17981823577079	0.165303187373347	"EGFR/HBEGF/NRG1"	3
"M1"	"Degradation of the extracellular matrix"	"Degradation of the extracellular matrix"	"5/125"	"89/7644"	0.0150252434202008	0.17981823577079	0.165303187373347	"LAMB3/LAMC2/LAMA3/COL17A1/MMP10"	5
"M1"	"P2Y receptors"	"P2Y receptors"	"2/125"	"12/7644"	0.015729227541035	0.182360731803874	0.167640451424189	"P2RY1/P2RY2"	2
"M1"	"Dissolution of Fibrin Clot"	"Dissolution of Fibrin Clot"	"2/125"	"13/7644"	0.0183921639408798	0.200690965354894	0.184491056249073	"SERPINE2/SERPINB2"	2
"M1"	"Signaling by Activin"	"Signaling by Activin"	"2/125"	"13/7644"	0.0183921639408798	0.200690965354894	0.184491056249073	"FST/ACVR1C"	2
"M1"	"Formation of Fibrin Clot (Clotting Cascade)"	"Formation of Fibrin Clot (Clotting Cascade)"	"3/125"	"39/7644"	0.02543442060975	0.262115834617146	0.240957668934474	"F3/SERPINE2/THBD"	3
"M1"	"Nuclear signaling by ERBB4"	"Nuclear signaling by ERBB4"	"3/125"	"39/7644"	0.02543442060975	0.262115834617146	0.240957668934474	"HBEGF/NRG1/GHR"	3
"M1"	"Acyl chain remodelling of PI"	"Acyl chain remodelling of PI"	"2/125"	"16/7644"	0.0274081912315224	0.267590498602495	0.245990414377098	"PLA2G4F/PLA2G4E"	2
"M1"	"Nucleotide-like (purinergic) receptors"	"Nucleotide-like (purinergic) receptors"	"2/125"	"16/7644"	0.0274081912315224	0.267590498602495	0.245990414377098	"P2RY1/P2RY2"	2
"M1"	"Acyl chain remodelling of PS"	"Acyl chain remodelling of PS"	"2/125"	"17/7644"	0.0307352860381605	0.286102225883859	0.263007862636886	"PLA2G4F/PLA2G4E"	2
"M1"	"Non-integrin membrane-ECM interactions"	"Non-integrin membrane-ECM interactions"	"3/125"	"42/7644"	0.0308466011734619	0.286102225883859	0.263007862636886	"LAMB3/LAMC2/LAMA3"	3
"M1"	"Class A/1 (Rhodopsin-like receptors)"	"Class A/1 (Rhodopsin-like receptors)"	"10/125"	"314/7644"	0.032551218002924	0.289509562375758	0.266140156645611	"CXCL8/P2RY1/CXCL1/LPAR3/HCAR2/S1PR5/P2RY2/CXCL6/NMU/EDN2"	10
"M1"	"Ion transport by P-type ATPases"	"Ion transport by P-type ATPases"	"3/125"	"43/7644"	0.0327746674387651	0.289509562375758	0.266140156645611	"FXYD3/ATP10B/ATP8B3"	3
"M1"	"Oxygen-dependent proline hydroxylation of Hypoxia-inducible Factor Alpha"	"Oxygen-dependent proline hydroxylation of Hypoxia-inducible Factor Alpha"	"2/125"	"18/7644"	0.0342133150001805	0.295189299187604	0.271361421298862	"EGLN3/HIF3A"	2
"M1"	"NRAGE signals death through JNK"	"NRAGE signals death through JNK"	"3/125"	"45/7644"	0.0368152774828131	0.310419726048265	0.285362437905059	"ARHGEF4/NGFR/NGEF"	3
"M1"	"Post-translational protein modification"	"Post-translational protein modification"	"9/125"	"278/7644"	0.0380765907913736	0.313920337413324	0.288580477576726	"ST6GALNAC2/MUC4/GALNT14/ARSJ/MUC20/ST6GALNAC1/MGAT3/ADAMTSL5/GCNT3"	9
"M1"	"Common Pathway"	"Common Pathway"	"2/125"	"22/7644"	0.0495220992912658	0.390908485894885	0.359354091161705	"SERPINE2/THBD"	2
"M1"	"The canonical retinoid cycle in rods (twilight vision)"	"The canonical retinoid cycle in rods (twilight vision)"	"2/125"	"22/7644"	0.0495220992912658	0.390908485894885	0.359354091161705	"RBP1/DHRS9"	2
"M1"	"Constitutive PI3K/AKT Signaling in Cancer"	"Constitutive PI3K/AKT Signaling in Cancer"	"4/125"	"86/7644"	0.0519280252114572	0.401360361530221	0.368962284397196	"EGFR/FGFR3/HBEGF/NRG1"	4
"M1"	"Acyl chain remodelling of PE"	"Acyl chain remodelling of PE"	"2/125"	"23/7644"	0.0536715283258049	0.406370143038237	0.373567672987342	"PLA2G4F/PLA2G4E"	2
"M1"	"Chemokine receptors bind chemokines"	"Chemokine receptors bind chemokines"	"3/125"	"55/7644"	0.0606001080713384	0.449652801889331	0.413356526633971	"CXCL8/CXCL1/CXCL6"	3
"M1"	"Acyl chain remodelling of PC"	"Acyl chain remodelling of PC"	"2/125"	"25/7644"	0.0623212562800676	0.45335658980206	0.416761342306334	"PLA2G4F/PLA2G4E"	2
"M1"	"Gastrin-CREB signalling pathway via PKC and MAPK"	"Gastrin-CREB signalling pathway via PKC and MAPK"	"7/125"	"217/7644"	0.064683164748525	0.461489502340438	0.424237760698828	"EGFR/P2RY1/HBEGF/LPAR3/P2RY2/NMU/EDN2"	7
"M1"	"SHC1 events in ERBB4 signaling"	"SHC1 events in ERBB4 signaling"	"2/125"	"28/7644"	0.0761011317777421	0.491784103959382	0.45208696178987	"HBEGF/NRG1"	2
"M1"	"Stimuli-sensing channels"	"Stimuli-sensing channels"	"4/125"	"98/7644"	0.0763178131006092	0.491784103959382	0.45208696178987	"CLCA2/RYR1/CLCA4/TRPV3"	4
"M1"	"Cell death signalling via NRAGE, NRIF and NADE"	"Cell death signalling via NRAGE, NRIF and NADE"	"3/125"	"61/7644"	0.0775733321724152	0.491784103959382	0.45208696178987	"ARHGEF4/NGFR/NGEF"	3
"M1"	"Signaling by PDGF"	"Signaling by PDGF"	"6/125"	"184/7644"	0.0806843917802087	0.491784103959382	0.45208696178987	"EGFR/FGFR3/COL4A5/HBEGF/NRG1/THBS4"	6
"M1"	"PI3K/AKT Signaling in Cancer"	"PI3K/AKT Signaling in Cancer"	"4/125"	"100/7644"	0.0808593809744536	0.491784103959382	0.45208696178987	"EGFR/FGFR3/HBEGF/NRG1"	4
"M1"	"PI-3K cascade"	"PI-3K cascade"	"4/125"	"100/7644"	0.0808593809744536	0.491784103959382	0.45208696178987	"EGFR/FGFR3/HBEGF/NRG1"	4
"M1"	"PI3K events in ERBB2 signaling"	"PI3K events in ERBB2 signaling"	"4/125"	"100/7644"	0.0808593809744536	0.491784103959382	0.45208696178987	"EGFR/FGFR3/HBEGF/NRG1"	4
"M1"	"PI3K events in ERBB4 signaling"	"PI3K events in ERBB4 signaling"	"4/125"	"100/7644"	0.0808593809744536	0.491784103959382	0.45208696178987	"EGFR/FGFR3/HBEGF/NRG1"	4
"M1"	"PIP3 activates AKT signaling"	"PIP3 activates AKT signaling"	"4/125"	"100/7644"	0.0808593809744536	0.491784103959382	0.45208696178987	"EGFR/FGFR3/HBEGF/NRG1"	4
"M1"	"Molecules associated with elastic fibres"	"Molecules associated with elastic fibres"	"2/125"	"30/7644"	0.0857715135641523	0.513245669875814	0.471816135734895	"ITGB8/BMP7"	2
"M1"	"PI3K/AKT activation"	"PI3K/AKT activation"	"4/125"	"103/7644"	0.0879179871797514	0.517739257836314	0.475946998266323	"EGFR/FGFR3/HBEGF/NRG1"	4
"M1"	"GAB1 signalosome"	"GAB1 signalosome"	"4/125"	"104/7644"	0.0903354891221371	0.52257402738057	0.480391501975612	"EGFR/FGFR3/HBEGF/NRG1"	4
"M1"	"G alpha (i) signalling events"	"G alpha (i) signalling events"	"7/125"	"236/7644"	0.0915560964413397	0.52257402738057	0.480391501975612	"CXCL8/CXCL1/LPAR3/HCAR2/S1PR5/CXCL6/NMU"	7
"M1"	"Sphingolipid de novo biosynthesis"	"Sphingolipid de novo biosynthesis"	"2/125"	"32/7644"	0.0957889480184366	0.538449995679393	0.49498595148283	"CERS3/DEGS2"	2
"M1"	"Sialic acid metabolism"	"Sialic acid metabolism"	"2/125"	"33/7644"	0.100917659650164	0.558812712391206	0.51370497606682	"ST6GALNAC2/ST6GALNAC1"	2
"M1"	"Signaling by Interleukins"	"Signaling by Interleukins"	"4/125"	"109/7644"	0.102895018523292	0.561383115766785	0.516067894760784	"IL1RN/IL1B/IL1R2/IL1A"	4
"M1"	"Signaling by ERBB4"	"Signaling by ERBB4"	"5/125"	"154/7644"	0.10756470664069	0.578355161792694	0.531669945867025	"EGFR/FGFR3/HBEGF/NRG1/GHR"	5
"M1"	"Sphingolipid metabolism"	"Sphingolipid metabolism"	"3/125"	"71/7644"	0.109860566770768	0.582261003885068	0.535260505770356	"ARSJ/CERS3/DEGS2"	3
"M1"	"Cellular responses to stress"	"Cellular responses to stress"	"7/125"	"249/7644"	0.113088181314017	0.590925567147893	0.543225659684827	"CXCL8/EGLN3/COL4A6/CA9/HMGA2/IL1A/HIF3A"	7
"M1"	"Orphan transporters"	"Orphan transporters"	"4/125"	"114/7644"	0.116212766705735	0.598818561775383	0.550481526500848	"CLCA2/LCN2/TUBB2B/CLCA4"	4
"M1"	"Apoptotic cleavage of cellular proteins"	"Apoptotic cleavage of cellular proteins"	"2/125"	"38/7644"	0.12760932594044	0.639771080052745	0.588128330081116	"PKP1/DSG3"	2
"M1"	"Collagen degradation"	"Collagen degradation"	"2/125"	"38/7644"	0.12760932594044	0.639771080052745	0.588128330081116	"COL17A1/MMP10"	2
"M1"	"Signaling by WNT in cancer"	"Signaling by WNT in cancer"	"6/125"	"212/7644"	0.133515909449004	0.656094294925001	0.603133924118883	"WNT7B/WNT9A/WNT2B/WNT4/DKK1/WNT3A"	6
"M1"	"Elastic fibre formation"	"Elastic fibre formation"	"2/125"	"41/7644"	0.144336030123013	0.656094294925001	0.603133924118883	"ITGB8/BMP7"	2
"M1"	"Signaling by Retinoic Acid"	"Signaling by Retinoic Acid"	"2/125"	"41/7644"	0.144336030123013	0.656094294925001	0.603133924118883	"FABP5/DHRS9"	2
"M1"	"Transcriptional regulation of pluripotent stem cells"	"Transcriptional regulation of pluripotent stem cells"	"2/125"	"42/7644"	0.150010501570491	0.656094294925001	0.603133924118883	"DKK1/HIF3A"	2
"M1"	"Calcitonin-like ligand receptors"	"Calcitonin-like ligand receptors"	"1/125"	"10/7644"	0.152086548149731	0.656094294925001	0.603133924118883	"ADM"	1
"M1"	"Creatine metabolism"	"Creatine metabolism"	"1/125"	"10/7644"	0.152086548149731	0.656094294925001	0.603133924118883	"CKMT1A"	1
"M1"	"Gap junction degradation"	"Gap junction degradation"	"1/125"	"10/7644"	0.152086548149731	0.656094294925001	0.603133924118883	"GJA1"	1
"M1"	"POU5F1 (OCT4), SOX2, NANOG repress genes related to differentiation"	"POU5F1 (OCT4), SOX2, NANOG repress genes related to differentiation"	"1/125"	"10/7644"	0.152086548149731	0.656094294925001	0.603133924118883	"DKK1"	1
"M1"	"Purine catabolism"	"Purine catabolism"	"1/125"	"10/7644"	0.152086548149731	0.656094294925001	0.603133924118883	"XDH"	1
"M1"	"Regulated proteolysis of p75NTR"	"Regulated proteolysis of p75NTR"	"1/125"	"10/7644"	0.152086548149731	0.656094294925001	0.603133924118883	"NGFR"	1
"M1"	"Regulation of signaling by NODAL"	"Regulation of signaling by NODAL"	"1/125"	"10/7644"	0.152086548149731	0.656094294925001	0.603133924118883	"ACVR1C"	1
"M1"	"Synthesis of pyrophosphates in the cytosol"	"Synthesis of pyrophosphates in the cytosol"	"1/125"	"10/7644"	0.152086548149731	0.656094294925001	0.603133924118883	"NUDT11"	1
"M1"	"p75 NTR receptor-mediated signalling"	"p75 NTR receptor-mediated signalling"	"3/125"	"83/7644"	0.154145955112637	0.657335049963085	0.604274524579485	"ARHGEF4/NGFR/NGEF"	3
"M1"	"Inositol phosphate metabolism"	"Inositol phosphate metabolism"	"2/125"	"44/7644"	0.161489560513354	0.660149195164892	0.606861510096255	"PLCH2/NUDT11"	2
"M1"	"Nicotinate metabolism"	"Nicotinate metabolism"	"1/125"	"11/7644"	0.165970381196794	0.660149195164892	0.606861510096255	"QPRT"	1
"M1"	"FGFR3c ligand binding and activation"	"FGFR3c ligand binding and activation"	"1/125"	"12/7644"	0.179628667892772	0.660149195164892	0.606861510096255	"FGFR3"	1
"M1"	"FGFR3 ligand binding and activation"	"FGFR3 ligand binding and activation"	"1/125"	"12/7644"	0.179628667892772	0.660149195164892	0.606861510096255	"FGFR3"	1
"M1"	"Glutathione synthesis and recycling"	"Glutathione synthesis and recycling"	"1/125"	"12/7644"	0.179628667892772	0.660149195164892	0.606861510096255	"GGT6"	1
"M1"	"Signaling by activated point mutants of FGFR3"	"Signaling by activated point mutants of FGFR3"	"1/125"	"12/7644"	0.179628667892772	0.660149195164892	0.606861510096255	"FGFR3"	1
"M1"	"Signaling by FGFR3 mutants"	"Signaling by FGFR3 mutants"	"1/125"	"12/7644"	0.179628667892772	0.660149195164892	0.606861510096255	"FGFR3"	1
"M1"	"Signalling by NGF"	"Signalling by NGF"	"7/125"	"287/7644"	0.189505806316041	0.660149195164892	0.606861510096255	"EGFR/FGFR3/ARHGEF4/HBEGF/NGFR/NRG1/NGEF"	7
"M1"	"Amino acid and oligopeptide SLC transporters"	"Amino acid and oligopeptide SLC transporters"	"2/125"	"49/7644"	0.190815019310691	0.660149195164892	0.606861510096255	"SLC7A8/SLC15A1"	2
"M1"	"Downregulation of ERBB2:ERBB3 signaling"	"Downregulation of ERBB2:ERBB3 signaling"	"1/125"	"13/7644"	0.193065043222097	0.660149195164892	0.606861510096255	"NRG1"	1
"M1"	"NF-kB is activated and signals survival"	"NF-kB is activated and signals survival"	"1/125"	"13/7644"	0.193065043222097	0.660149195164892	0.606861510096255	"NGFR"	1
"M1"	"p75NTR recruits signalling complexes"	"p75NTR recruits signalling complexes"	"1/125"	"13/7644"	0.193065043222097	0.660149195164892	0.606861510096255	"NGFR"	1
"M1"	"The activation of arylsulfatases"	"The activation of arylsulfatases"	"1/125"	"13/7644"	0.193065043222097	0.660149195164892	0.606861510096255	"ARSJ"	1
"M1"	"Arachidonic acid metabolism"	"Arachidonic acid metabolism"	"2/125"	"50/7644"	0.196766659356949	0.660149195164892	0.606861510096255	"PTGES/ALOX12"	2
"M1"	"G alpha (q) signalling events"	"G alpha (q) signalling events"	"5/125"	"189/7644"	0.1968561059222	0.660149195164892	0.606861510096255	"P2RY1/LPAR3/P2RY2/NMU/EDN2"	5
"M1"	"Role of LAT2/NTAL/LAB on calcium mobilization"	"Role of LAT2/NTAL/LAB on calcium mobilization"	"4/125"	"141/7644"	0.1992774090653	0.660149195164892	0.606861510096255	"EGFR/FGFR3/HBEGF/NRG1"	4
"M1"	"Peptide ligand-binding receptors"	"Peptide ligand-binding receptors"	"5/125"	"190/7644"	0.199722084808731	0.660149195164892	0.606861510096255	"CXCL8/CXCL1/CXCL6/NMU/EDN2"	5
"M1"	"Synthesis of Prostaglandins (PG) and Thromboxanes (TX)"	"Synthesis of Prostaglandins (PG) and Thromboxanes (TX)"	"1/125"	"14/7644"	0.206283084055177	0.660149195164892	0.606861510096255	"PTGES"	1
"M1"	"Apoptotic execution  phase"	"Apoptotic execution  phase"	"2/125"	"52/7644"	0.208736904972547	0.660149195164892	0.606861510096255	"PKP1/DSG3"	2
"M1"	"Synthesis of substrates in N-glycan biosythesis"	"Synthesis of substrates in N-glycan biosythesis"	"2/125"	"52/7644"	0.208736904972547	0.660149195164892	0.606861510096255	"ST6GALNAC2/ST6GALNAC1"	2
"M1"	"Signaling by SCF-KIT"	"Signaling by SCF-KIT"	"4/125"	"144/7644"	0.209454760547584	0.660149195164892	0.606861510096255	"EGFR/FGFR3/HBEGF/NRG1"	4
"M1"	"Activation of BAD and translocation to mitochondria"	"Activation of BAD and translocation to mitochondria"	"1/125"	"15/7644"	0.219286310070001	0.660149195164892	0.606861510096255	"SFN"	1
"M1"	"Constitutive Signaling by EGFRvIII"	"Constitutive Signaling by EGFRvIII"	"1/125"	"15/7644"	0.219286310070001	0.660149195164892	0.606861510096255	"EGFR"	1
"M1"	"NRIF signals cell death from the nucleus"	"NRIF signals cell death from the nucleus"	"1/125"	"15/7644"	0.219286310070001	0.660149195164892	0.606861510096255	"NGFR"	1
"M1"	"Prolactin receptor signaling"	"Prolactin receptor signaling"	"1/125"	"15/7644"	0.219286310070001	0.660149195164892	0.606861510096255	"GHR"	1
"M1"	"Downstream signaling of activated FGFR"	"Downstream signaling of activated FGFR"	"4/125"	"149/7644"	0.226738533447269	0.660149195164892	0.606861510096255	"EGFR/FGFR3/HBEGF/NRG1"	4
"M1"	"Hyaluronan metabolism"	"Hyaluronan metabolism"	"1/125"	"16/7644"	0.232078184659232	0.660149195164892	0.606861510096255	"HAS3"	1
"M1"	"Metabolism of Angiotensinogen to Angiotensins"	"Metabolism of Angiotensinogen to Angiotensins"	"1/125"	"16/7644"	0.232078184659232	0.660149195164892	0.606861510096255	"ACE2"	1
"M1"	"p75NTR signals via NF-kB"	"p75NTR signals via NF-kB"	"1/125"	"16/7644"	0.232078184659232	0.660149195164892	0.606861510096255	"NGFR"	1
"M1"	"Cytokine Signaling in Immune system"	"Cytokine Signaling in Immune system"	"7/125"	"308/7644"	0.238981215141287	0.660149195164892	0.606861510096255	"TRIM29/IL1RN/GBP6/IL1B/IL1R2/GHR/IL1A"	7
"M1"	"ABCA transporters in lipid homeostasis"	"ABCA transporters in lipid homeostasis"	"1/125"	"17/7644"	0.244662115823049	0.660149195164892	0.606861510096255	"ABCA12"	1
"M1"	"Acyl chain remodelling of PG"	"Acyl chain remodelling of PG"	"1/125"	"17/7644"	0.244662115823049	0.660149195164892	0.606861510096255	"PLA2G4F"	1
"M1"	"Cytosolic sulfonation of small molecules"	"Cytosolic sulfonation of small molecules"	"1/125"	"17/7644"	0.244662115823049	0.660149195164892	0.606861510096255	"SULT2B1"	1
"M1"	"Formation of Senescence-Associated Heterochromatin Foci (SAHF)"	"Formation of Senescence-Associated Heterochromatin Foci (SAHF)"	"1/125"	"17/7644"	0.244662115823049	0.660149195164892	0.606861510096255	"HMGA2"	1
"M1"	"Norepinephrine Neurotransmitter Release Cycle"	"Norepinephrine Neurotransmitter Release Cycle"	"1/125"	"18/7644"	0.257041457047924	0.660149195164892	0.606861510096255	"MAOA"	1
"M1"	"Post-chaperonin tubulin folding pathway"	"Post-chaperonin tubulin folding pathway"	"1/125"	"18/7644"	0.257041457047924	0.660149195164892	0.606861510096255	"TUBB2B"	1
"M1"	"Constitutive Signaling by Ligand-Responsive EGFR Cancer Variants"	"Constitutive Signaling by Ligand-Responsive EGFR Cancer Variants"	"1/125"	"19/7644"	0.269219508171581	0.660149195164892	0.606861510096255	"EGFR"	1
"M1"	"Ephrin signaling"	"Ephrin signaling"	"1/125"	"19/7644"	0.269219508171581	0.660149195164892	0.606861510096255	"EPHB3"	1
"M1"	"Signaling by NODAL"	"Signaling by NODAL"	"1/125"	"19/7644"	0.269219508171581	0.660149195164892	0.606861510096255	"ACVR1C"	1
"M1"	"Downstream signal transduction"	"Downstream signal transduction"	"4/125"	"161/7644"	0.269566104275901	0.660149195164892	0.606861510096255	"EGFR/FGFR3/HBEGF/NRG1"	4
"M1"	"Signaling by FGFR"	"Signaling by FGFR"	"4/125"	"162/7644"	0.273204279941686	0.660149195164892	0.606861510096255	"EGFR/FGFR3/HBEGF/NRG1"	4
"M1"	"Signaling by ERBB2"	"Signaling by ERBB2"	"4/125"	"163/7644"	0.276851153187401	0.660149195164892	0.606861510096255	"EGFR/FGFR3/HBEGF/NRG1"	4
"M1"	"DAP12 signaling"	"DAP12 signaling"	"4/125"	"164/7644"	0.280506313673483	0.660149195164892	0.606861510096255	"EGFR/FGFR3/HBEGF/NRG1"	4
"M1"	"Formation of tubulin folding intermediates by CCT/TriC"	"Formation of tubulin folding intermediates by CCT/TriC"	"1/125"	"20/7644"	0.281199516234342	0.660149195164892	0.606861510096255	"TUBB2B"	1
"M1"	"N-glycan antennae elongation in the medial/trans-Golgi"	"N-glycan antennae elongation in the medial/trans-Golgi"	"1/125"	"20/7644"	0.281199516234342	0.660149195164892	0.606861510096255	"MGAT3"	1
"M1"	"Aflatoxin activation and detoxification"	"Aflatoxin activation and detoxification"	"1/125"	"21/7644"	0.292984676317069	0.660149195164892	0.606861510096255	"GGT6"	1
"M1"	"Defective ACY1 causes encephalopathy"	"Defective ACY1 causes encephalopathy"	"1/125"	"21/7644"	0.292984676317069	0.660149195164892	0.606861510096255	"GGT6"	1
"M1"	"GRB2 events in EGFR signaling"	"GRB2 events in EGFR signaling"	"1/125"	"21/7644"	0.292984676317069	0.660149195164892	0.606861510096255	"EGFR"	1
"M1"	"RA biosynthesis pathway"	"RA biosynthesis pathway"	"1/125"	"21/7644"	0.292984676317069	0.660149195164892	0.606861510096255	"DHRS9"	1
"M1"	"regulation of FZD by ubiquitination"	"regulation of FZD by ubiquitination"	"1/125"	"21/7644"	0.292984676317069	0.660149195164892	0.606861510096255	"WNT3A"	1
"M1"	"Signal transduction by L1"	"Signal transduction by L1"	"1/125"	"21/7644"	0.292984676317069	0.660149195164892	0.606861510096255	"EGFR"	1
"M1"	"Biosynthesis of the N-glycan precursor (dolichol lipid-linked oligosaccharide, LLO) and transfer to a nascent protein"	"Biosynthesis of the N-glycan precursor (dolichol lipid-linked oligosaccharide, LLO) and transfer to a nascent protein"	"2/125"	"67/7644"	0.299779996540779	0.660149195164892	0.606861510096255	"ST6GALNAC2/ST6GALNAC1"	2
"M1"	"Downstream signaling events of B Cell Receptor (BCR)"	"Downstream signaling events of B Cell Receptor (BCR)"	"4/125"	"170/7644"	0.302588633508101	0.660149195164892	0.606861510096255	"EGFR/FGFR3/HBEGF/NRG1"	4
"M1"	"Asparagine N-linked glycosylation"	"Asparagine N-linked glycosylation"	"3/125"	"118/7644"	0.303927338204639	0.660149195164892	0.606861510096255	"ST6GALNAC2/ST6GALNAC1/MGAT3"	3
"M1"	"Defective ALG11 causes ALG11-CDG (CDG-1p)"	"Defective ALG11 causes ALG11-CDG (CDG-1p)"	"3/125"	"118/7644"	0.303927338204639	0.660149195164892	0.606861510096255	"ST6GALNAC2/ST6GALNAC1/MGAT3"	3
"M1"	"Defective ALG12 causes ALG12-CDG (CDG-1g)"	"Defective ALG12 causes ALG12-CDG (CDG-1g)"	"3/125"	"118/7644"	0.303927338204639	0.660149195164892	0.606861510096255	"ST6GALNAC2/ST6GALNAC1/MGAT3"	3
"M1"	"Defective ALG14 causes congenital myasthenic syndrome (ALG14-CMS)"	"Defective ALG14 causes congenital myasthenic syndrome (ALG14-CMS)"	"3/125"	"118/7644"	0.303927338204639	0.660149195164892	0.606861510096255	"ST6GALNAC2/ST6GALNAC1/MGAT3"	3
"M1"	"Defective ALG1 causes ALG1-CDG (CDG-1k)"	"Defective ALG1 causes ALG1-CDG (CDG-1k)"	"3/125"	"118/7644"	0.303927338204639	0.660149195164892	0.606861510096255	"ST6GALNAC2/ST6GALNAC1/MGAT3"	3
"M1"	"Defective ALG2 causes ALG2-CDG (CDG-1i)"	"Defective ALG2 causes ALG2-CDG (CDG-1i)"	"3/125"	"118/7644"	0.303927338204639	0.660149195164892	0.606861510096255	"ST6GALNAC2/ST6GALNAC1/MGAT3"	3
"M1"	"Defective ALG3 causes ALG3-CDG (CDG-1d)"	"Defective ALG3 causes ALG3-CDG (CDG-1d)"	"3/125"	"118/7644"	0.303927338204639	0.660149195164892	0.606861510096255	"ST6GALNAC2/ST6GALNAC1/MGAT3"	3
"M1"	"Defective ALG6 causes ALG6-CDG (CDG-1c)"	"Defective ALG6 causes ALG6-CDG (CDG-1c)"	"3/125"	"118/7644"	0.303927338204639	0.660149195164892	0.606861510096255	"ST6GALNAC2/ST6GALNAC1/MGAT3"	3
"M1"	"Defective ALG8 causes ALG8-CDG (CDG-1h)"	"Defective ALG8 causes ALG8-CDG (CDG-1h)"	"3/125"	"118/7644"	0.303927338204639	0.660149195164892	0.606861510096255	"ST6GALNAC2/ST6GALNAC1/MGAT3"	3
"M1"	"Defective ALG9 causes ALG9-CDG (CDG-1l)"	"Defective ALG9 causes ALG9-CDG (CDG-1l)"	"3/125"	"118/7644"	0.303927338204639	0.660149195164892	0.606861510096255	"ST6GALNAC2/ST6GALNAC1/MGAT3"	3
"M1"	"Defective DPAGT1 causes DPAGT1-CDG (CDG-1j) and CMSTA2"	"Defective DPAGT1 causes DPAGT1-CDG (CDG-1j) and CMSTA2"	"3/125"	"118/7644"	0.303927338204639	0.660149195164892	0.606861510096255	"ST6GALNAC2/ST6GALNAC1/MGAT3"	3
"M1"	"Defective MAN1B1 causes MRT15"	"Defective MAN1B1 causes MRT15"	"3/125"	"118/7644"	0.303927338204639	0.660149195164892	0.606861510096255	"ST6GALNAC2/ST6GALNAC1/MGAT3"	3
"M1"	"Defective MGAT2 causes MGAT2-CDG (CDG-2a)"	"Defective MGAT2 causes MGAT2-CDG (CDG-2a)"	"3/125"	"118/7644"	0.303927338204639	0.660149195164892	0.606861510096255	"ST6GALNAC2/ST6GALNAC1/MGAT3"	3
"M1"	"Defective MOGS causes MOGS-CDG (CDG-2b)"	"Defective MOGS causes MOGS-CDG (CDG-2b)"	"3/125"	"118/7644"	0.303927338204639	0.660149195164892	0.606861510096255	"ST6GALNAC2/ST6GALNAC1/MGAT3"	3
"M1"	"Defective MPDU1 causes MPDU1-CDG (CDG-1f)"	"Defective MPDU1 causes MPDU1-CDG (CDG-1f)"	"3/125"	"118/7644"	0.303927338204639	0.660149195164892	0.606861510096255	"ST6GALNAC2/ST6GALNAC1/MGAT3"	3
"M1"	"Defective RFT1 causes RFT1-CDG (CDG-1n)"	"Defective RFT1 causes RFT1-CDG (CDG-1n)"	"3/125"	"118/7644"	0.303927338204639	0.660149195164892	0.606861510096255	"ST6GALNAC2/ST6GALNAC1/MGAT3"	3
"M1"	"Diseases associated with N-glycosylation of proteins"	"Diseases associated with N-glycosylation of proteins"	"3/125"	"118/7644"	0.303927338204639	0.660149195164892	0.606861510096255	"ST6GALNAC2/ST6GALNAC1/MGAT3"	3
"M1"	"Intrinsic Pathway"	"Intrinsic Pathway"	"1/125"	"22/7644"	0.304578132365917	0.660149195164892	0.606861510096255	"SERPINE2"	1
"M1"	"SHC1 events in EGFR signaling"	"SHC1 events in EGFR signaling"	"1/125"	"22/7644"	0.304578132365917	0.660149195164892	0.606861510096255	"EGFR"	1
"M1"	"FGFR ligand binding and activation"	"FGFR ligand binding and activation"	"1/125"	"23/7644"	0.315982978004103	0.660149195164892	0.606861510096255	"FGFR3"	1
"M1"	"Rho GTPase cycle"	"Rho GTPase cycle"	"3/125"	"122/7644"	0.321908029721902	0.660149195164892	0.606861510096255	"RHOV/ARHGEF4/NGEF"	3
"M1"	"Signaling by Rho GTPases"	"Signaling by Rho GTPases"	"3/125"	"122/7644"	0.321908029721902	0.660149195164892	0.606861510096255	"RHOV/ARHGEF4/NGEF"	3
"M1"	"Signaling by Wnt"	"Signaling by Wnt"	"6/125"	"286/7644"	0.32591097730425	0.660149195164892	0.606861510096255	"WNT7B/WNT9A/WNT2B/WNT4/DKK1/WNT3A"	6
"M1"	"Growth hormone receptor signaling"	"Growth hormone receptor signaling"	"1/125"	"24/7644"	0.327202257330896	0.660149195164892	0.606861510096255	"GHR"	1
"M1"	"Lysosome Vesicle Biogenesis"	"Lysosome Vesicle Biogenesis"	"1/125"	"24/7644"	0.327202257330896	0.660149195164892	0.606861510096255	"DNAJC6"	1
"M1"	"Signaling by FGFR in disease"	"Signaling by FGFR in disease"	"4/125"	"177/7644"	0.32859542547013	0.660149195164892	0.606861510096255	"EGFR/FGFR3/HBEGF/NRG1"	4
"M1"	"DAP12 interactions"	"DAP12 interactions"	"4/125"	"179/7644"	0.336056969953348	0.660149195164892	0.606861510096255	"EGFR/FGFR3/HBEGF/NRG1"	4
"M1"	"Signaling by EGFR"	"Signaling by EGFR"	"4/125"	"179/7644"	0.336056969953348	0.660149195164892	0.606861510096255	"EGFR/FGFR3/HBEGF/NRG1"	4
"M1"	"Signaling by Overexpressed Wild-Type EGFR in Cancer"	"Signaling by Overexpressed Wild-Type EGFR in Cancer"	"4/125"	"179/7644"	0.336056969953348	0.660149195164892	0.606861510096255	"EGFR/FGFR3/HBEGF/NRG1"	4
"M1"	"Activation of BH3-only proteins"	"Activation of BH3-only proteins"	"1/125"	"25/7644"	0.338238965708014	0.660149195164892	0.606861510096255	"SFN"	1
"M1"	"Activation of G protein gated Potassium channels"	"Activation of G protein gated Potassium channels"	"1/125"	"25/7644"	0.338238965708014	0.660149195164892	0.606861510096255	"KCNJ15"	1
"M1"	"ADP signalling through P2Y purinoceptor 1"	"ADP signalling through P2Y purinoceptor 1"	"1/125"	"25/7644"	0.338238965708014	0.660149195164892	0.606861510096255	"P2RY1"	1
"M1"	"Basigin interactions"	"Basigin interactions"	"1/125"	"25/7644"	0.338238965708014	0.660149195164892	0.606861510096255	"SLC7A8"	1
"M1"	"G protein gated Potassium channels"	"G protein gated Potassium channels"	"1/125"	"25/7644"	0.338238965708014	0.660149195164892	0.606861510096255	"KCNJ15"	1
"M1"	"Inhibition  of voltage gated Ca2+ channels via Gbeta/gamma subunits"	"Inhibition  of voltage gated Ca2+ channels via Gbeta/gamma subunits"	"1/125"	"25/7644"	0.338238965708014	0.660149195164892	0.606861510096255	"KCNJ15"	1
"M1"	"Synthesis of IP3 and IP4 in the cytosol"	"Synthesis of IP3 and IP4 in the cytosol"	"1/125"	"25/7644"	0.338238965708014	0.660149195164892	0.606861510096255	"PLCH2"	1
"M1"	"TRP channels"	"TRP channels"	"1/125"	"25/7644"	0.338238965708014	0.660149195164892	0.606861510096255	"TRPV3"	1
"M1"	"Signaling by EGFR in Cancer"	"Signaling by EGFR in Cancer"	"4/125"	"181/7644"	0.343526880344642	0.660149195164892	0.606861510096255	"EGFR/FGFR3/HBEGF/NRG1"	4
"M1"	"Signaling by EGFRvIII in Cancer"	"Signaling by EGFRvIII in Cancer"	"4/125"	"181/7644"	0.343526880344642	0.660149195164892	0.606861510096255	"EGFR/FGFR3/HBEGF/NRG1"	4
"M1"	"Signaling by Ligand-Responsive EGFR Variants in Cancer"	"Signaling by Ligand-Responsive EGFR Variants in Cancer"	"4/125"	"181/7644"	0.343526880344642	0.660149195164892	0.606861510096255	"EGFR/FGFR3/HBEGF/NRG1"	4
"M1"	"G alpha (12/13) signalling events"	"G alpha (12/13) signalling events"	"2/125"	"75/7644"	0.34795372878177	0.660149195164892	0.606861510096255	"ARHGEF4/NGEF"	2
"M1"	"ATF4 activates genes"	"ATF4 activates genes"	"1/125"	"26/7644"	0.349096050533647	0.660149195164892	0.606861510096255	"CXCL8"	1
"M1"	"EGFR downregulation"	"EGFR downregulation"	"1/125"	"26/7644"	0.349096050533647	0.660149195164892	0.606861510096255	"EGFR"	1
"M1"	"Ligand-gated ion channel transport"	"Ligand-gated ion channel transport"	"1/125"	"26/7644"	0.349096050533647	0.660149195164892	0.606861510096255	"GLRB"	1
"M1"	"Prefoldin mediated transfer of substrate  to CCT/TriC"	"Prefoldin mediated transfer of substrate  to CCT/TriC"	"1/125"	"26/7644"	0.349096050533647	0.660149195164892	0.606861510096255	"TUBB2B"	1
"M1"	"Senescence-Associated Secretory Phenotype (SASP)"	"Senescence-Associated Secretory Phenotype (SASP)"	"2/125"	"76/7644"	0.353907702051636	0.660149195164892	0.606861510096255	"CXCL8/IL1A"	2
"M1"	"Attenuation phase"	"Attenuation phase"	"1/125"	"27/7644"	0.359776412004282	0.660149195164892	0.606861510096255	"COL4A6"	1
"M1"	"Cooperation of Prefoldin and TriC/CCT  in actin and tubulin folding"	"Cooperation of Prefoldin and TriC/CCT  in actin and tubulin folding"	"1/125"	"27/7644"	0.359776412004282	0.660149195164892	0.606861510096255	"TUBB2B"	1
"M1"	"Kinesins"	"Kinesins"	"1/125"	"27/7644"	0.359776412004282	0.660149195164892	0.606861510096255	"KLC3"	1
"M1"	"misspliced LRP5 mutants have enhanced beta-catenin-dependent signaling"	"misspliced LRP5 mutants have enhanced beta-catenin-dependent signaling"	"4/125"	"190/7644"	0.377169296184618	0.660149195164892	0.606861510096255	"WNT9A/WNT4/DKK1/WNT3A"	4
"M1"	"RNF mutants show enhanced WNT signaling and proliferation"	"RNF mutants show enhanced WNT signaling and proliferation"	"4/125"	"190/7644"	0.377169296184618	0.660149195164892	0.606861510096255	"WNT9A/WNT4/DKK1/WNT3A"	4
"M1"	"TCF dependent signaling in response to WNT"	"TCF dependent signaling in response to WNT"	"4/125"	"190/7644"	0.377169296184618	0.660149195164892	0.606861510096255	"WNT9A/WNT4/DKK1/WNT3A"	4
"M1"	"XAV939 inhibits tankyrase, stabilizing AXIN"	"XAV939 inhibits tankyrase, stabilizing AXIN"	"4/125"	"190/7644"	0.377169296184618	0.660149195164892	0.606861510096255	"WNT9A/WNT4/DKK1/WNT3A"	4
"M1"	"PERK regulates gene expression"	"PERK regulates gene expression"	"1/125"	"29/7644"	0.380618334145109	0.660149195164892	0.606861510096255	"CXCL8"	1
"M1"	"SHC-mediated cascade"	"SHC-mediated cascade"	"1/125"	"29/7644"	0.380618334145109	0.660149195164892	0.606861510096255	"FGFR3"	1
"M1"	"Adherens junctions interactions"	"Adherens junctions interactions"	"1/125"	"30/7644"	0.39078546588928	0.660149195164892	0.606861510096255	"CDH3"	1
"M1"	"Amine compound SLC transporters"	"Amine compound SLC transporters"	"1/125"	"30/7644"	0.39078546588928	0.660149195164892	0.606861510096255	"RHCG"	1
"M1"	"HSF1 activation"	"HSF1 activation"	"1/125"	"30/7644"	0.39078546588928	0.660149195164892	0.606861510096255	"COL4A6"	1
"M1"	"Amino acid transport across the plasma membrane"	"Amino acid transport across the plasma membrane"	"1/125"	"31/7644"	0.400787017867719	0.660149195164892	0.606861510096255	"SLC7A8"	1
"M1"	"disassembly of the destruction complex and recruitment of AXIN to the membrane"	"disassembly of the destruction complex and recruitment of AXIN to the membrane"	"1/125"	"31/7644"	0.400787017867719	0.660149195164892	0.606861510096255	"WNT3A"	1
"M1"	"Inwardly rectifying K+ channels"	"Inwardly rectifying K+ channels"	"1/125"	"31/7644"	0.400787017867719	0.660149195164892	0.606861510096255	"KCNJ15"	1
"M1"	"Activation of Matrix Metalloproteinases"	"Activation of Matrix Metalloproteinases"	"1/125"	"32/7644"	0.410625665282213	0.660149195164892	0.606861510096255	"MMP10"	1
"M1"	"Signal amplification"	"Signal amplification"	"1/125"	"32/7644"	0.410625665282213	0.660149195164892	0.606861510096255	"P2RY1"	1
"M1"	"Defective AMN causes hereditary megaloblastic anemia 1"	"Defective AMN causes hereditary megaloblastic anemia 1"	"2/125"	"87/7644"	0.417971096450042	0.660149195164892	0.606861510096255	"SLC52A3/QPRT"	2
"M1"	"Defective BTD causes biotidinase deficiency"	"Defective BTD causes biotidinase deficiency"	"2/125"	"87/7644"	0.417971096450042	0.660149195164892	0.606861510096255	"SLC52A3/QPRT"	2
"M1"	"Defective CD320 causes methylmalonic aciduria"	"Defective CD320 causes methylmalonic aciduria"	"2/125"	"87/7644"	0.417971096450042	0.660149195164892	0.606861510096255	"SLC52A3/QPRT"	2
"M1"	"Defective CUBN causes hereditary megaloblastic anemia 1"	"Defective CUBN causes hereditary megaloblastic anemia 1"	"2/125"	"87/7644"	0.417971096450042	0.660149195164892	0.606861510096255	"SLC52A3/QPRT"	2
"M1"	"Defective GIF causes intrinsic factor deficiency"	"Defective GIF causes intrinsic factor deficiency"	"2/125"	"87/7644"	0.417971096450042	0.660149195164892	0.606861510096255	"SLC52A3/QPRT"	2
"M1"	"Defective HLCS causes multiple carboxylase deficiency"	"Defective HLCS causes multiple carboxylase deficiency"	"2/125"	"87/7644"	0.417971096450042	0.660149195164892	0.606861510096255	"SLC52A3/QPRT"	2
"M1"	"Defective LMBRD1 causes methylmalonic aciduria and homocystinuria type cblF"	"Defective LMBRD1 causes methylmalonic aciduria and homocystinuria type cblF"	"2/125"	"87/7644"	0.417971096450042	0.660149195164892	0.606861510096255	"SLC52A3/QPRT"	2
"M1"	"Defective MMAA causes methylmalonic aciduria type cblA"	"Defective MMAA causes methylmalonic aciduria type cblA"	"2/125"	"87/7644"	0.417971096450042	0.660149195164892	0.606861510096255	"SLC52A3/QPRT"	2
"M1"	"Defective MMAB causes methylmalonic aciduria type cblB"	"Defective MMAB causes methylmalonic aciduria type cblB"	"2/125"	"87/7644"	0.417971096450042	0.660149195164892	0.606861510096255	"SLC52A3/QPRT"	2
"M1"	"Defective MMACHC causes methylmalonic aciduria and homocystinuria type cblC"	"Defective MMACHC causes methylmalonic aciduria and homocystinuria type cblC"	"2/125"	"87/7644"	0.417971096450042	0.660149195164892	0.606861510096255	"SLC52A3/QPRT"	2
"M1"	"Defective MMADHC causes methylmalonic aciduria and homocystinuria type cblD"	"Defective MMADHC causes methylmalonic aciduria and homocystinuria type cblD"	"2/125"	"87/7644"	0.417971096450042	0.660149195164892	0.606861510096255	"SLC52A3/QPRT"	2
"M1"	"Defective MTR causes methylmalonic aciduria and homocystinuria type cblG"	"Defective MTR causes methylmalonic aciduria and homocystinuria type cblG"	"2/125"	"87/7644"	0.417971096450042	0.660149195164892	0.606861510096255	"SLC52A3/QPRT"	2
"M1"	"Defective MTRR causes methylmalonic aciduria and homocystinuria type cblE"	"Defective MTRR causes methylmalonic aciduria and homocystinuria type cblE"	"2/125"	"87/7644"	0.417971096450042	0.660149195164892	0.606861510096255	"SLC52A3/QPRT"	2
"M1"	"Defective MUT causes methylmalonic aciduria mut type"	"Defective MUT causes methylmalonic aciduria mut type"	"2/125"	"87/7644"	0.417971096450042	0.660149195164892	0.606861510096255	"SLC52A3/QPRT"	2
"M1"	"Defective TCN2 causes hereditary megaloblastic anemia"	"Defective TCN2 causes hereditary megaloblastic anemia"	"2/125"	"87/7644"	0.417971096450042	0.660149195164892	0.606861510096255	"SLC52A3/QPRT"	2
"M1"	"Defects in biotin (Btn) metabolism"	"Defects in biotin (Btn) metabolism"	"2/125"	"87/7644"	0.417971096450042	0.660149195164892	0.606861510096255	"SLC52A3/QPRT"	2
"M1"	"Defects in cobalamin (B12) metabolism"	"Defects in cobalamin (B12) metabolism"	"2/125"	"87/7644"	0.417971096450042	0.660149195164892	0.606861510096255	"SLC52A3/QPRT"	2
"M1"	"Defects in vitamin and cofactor metabolism"	"Defects in vitamin and cofactor metabolism"	"2/125"	"87/7644"	0.417971096450042	0.660149195164892	0.606861510096255	"SLC52A3/QPRT"	2
"M1"	"Metabolism of vitamins and cofactors"	"Metabolism of vitamins and cofactors"	"2/125"	"87/7644"	0.417971096450042	0.660149195164892	0.606861510096255	"SLC52A3/QPRT"	2
"M1"	"Metabolism of water-soluble vitamins and cofactors"	"Metabolism of water-soluble vitamins and cofactors"	"2/125"	"87/7644"	0.417971096450042	0.660149195164892	0.606861510096255	"SLC52A3/QPRT"	2
"M1"	"EGFR interacts with phospholipase C-gamma"	"EGFR interacts with phospholipase C-gamma"	"1/125"	"33/7644"	0.420304040458214	0.660149195164892	0.606861510096255	"EGFR"	1
"M1"	"Glutathione conjugation"	"Glutathione conjugation"	"1/125"	"33/7644"	0.420304040458214	0.660149195164892	0.606861510096255	"GGT6"	1
"M1"	"Purine metabolism"	"Purine metabolism"	"1/125"	"33/7644"	0.420304040458214	0.660149195164892	0.606861510096255	"XDH"	1
"M1"	"Glycerophospholipid biosynthesis"	"Glycerophospholipid biosynthesis"	"2/125"	"88/7644"	0.423643997090465	0.660149195164892	0.606861510096255	"PLA2G4F/PLA2G4E"	2
"M1"	"Defective AHCY causes Hypermethioninemia with S-adenosylhomocysteine hydrolase deficiency (HMAHCHD)"	"Defective AHCY causes Hypermethioninemia with S-adenosylhomocysteine hydrolase deficiency (HMAHCHD)"	"2/125"	"89/7644"	0.429288695983181	0.660149195164892	0.606861510096255	"GGT6/SULT2B1"	2
"M1"	"Defective GCLC causes Hemolytic anemia due to gamma-glutamylcysteine synthetase deficiency (HAGGSD)"	"Defective GCLC causes Hemolytic anemia due to gamma-glutamylcysteine synthetase deficiency (HAGGSD)"	"2/125"	"89/7644"	0.429288695983181	0.660149195164892	0.606861510096255	"GGT6/SULT2B1"	2
"M1"	"Defective GGT1 causes Glutathionuria (GLUTH)"	"Defective GGT1 causes Glutathionuria (GLUTH)"	"2/125"	"89/7644"	0.429288695983181	0.660149195164892	0.606861510096255	"GGT6/SULT2B1"	2
"M1"	"Defective GSS causes Glutathione synthetase deficiency (GSS deficiency)"	"Defective GSS causes Glutathione synthetase deficiency (GSS deficiency)"	"2/125"	"89/7644"	0.429288695983181	0.660149195164892	0.606861510096255	"GGT6/SULT2B1"	2
"M1"	"Defective MAT1A causes Methionine adenosyltransferase deficiency (MATD)"	"Defective MAT1A causes Methionine adenosyltransferase deficiency (MATD)"	"2/125"	"89/7644"	0.429288695983181	0.660149195164892	0.606861510096255	"GGT6/SULT2B1"	2
"M1"	"Defective OPLAH causes 5-oxoprolinase deficiency (OPLAHD)"	"Defective OPLAH causes 5-oxoprolinase deficiency (OPLAHD)"	"2/125"	"89/7644"	0.429288695983181	0.660149195164892	0.606861510096255	"GGT6/SULT2B1"	2
"M1"	"Defective SLC35D1 causes Schneckenbecken dysplasia (SCHBCKD)"	"Defective SLC35D1 causes Schneckenbecken dysplasia (SCHBCKD)"	"2/125"	"89/7644"	0.429288695983181	0.660149195164892	0.606861510096255	"GGT6/SULT2B1"	2
"M1"	"Defective TPMT causes Thiopurine S-methyltransferase deficiency (TPMT deficiency)"	"Defective TPMT causes Thiopurine S-methyltransferase deficiency (TPMT deficiency)"	"2/125"	"89/7644"	0.429288695983181	0.660149195164892	0.606861510096255	"GGT6/SULT2B1"	2
"M1"	"Defective UGT1A1 causes hyperbilirubinemia"	"Defective UGT1A1 causes hyperbilirubinemia"	"2/125"	"89/7644"	0.429288695983181	0.660149195164892	0.606861510096255	"GGT6/SULT2B1"	2
"M1"	"Defective UGT1A4 causes hyperbilirubinemia"	"Defective UGT1A4 causes hyperbilirubinemia"	"2/125"	"89/7644"	0.429288695983181	0.660149195164892	0.606861510096255	"GGT6/SULT2B1"	2
"M1"	"Phase II conjugation"	"Phase II conjugation"	"2/125"	"89/7644"	0.429288695983181	0.660149195164892	0.606861510096255	"GGT6/SULT2B1"	2
"M1"	"EPHA-mediated growth cone collapse"	"EPHA-mediated growth cone collapse"	"1/125"	"34/7644"	0.4298247335265	0.660149195164892	0.606861510096255	"NGEF"	1
"M1"	"PLCG1 events in ERBB2 signaling"	"PLCG1 events in ERBB2 signaling"	"1/125"	"34/7644"	0.4298247335265	0.660149195164892	0.606861510096255	"EGFR"	1
"M1"	"NGF signalling via TRKA from the plasma membrane"	"NGF signalling via TRKA from the plasma membrane"	"4/125"	"206/7644"	0.436502996431721	0.660149195164892	0.606861510096255	"EGFR/FGFR3/HBEGF/NRG1"	4
"M1"	"Apoptosis"	"Apoptosis"	"3/125"	"148/7644"	0.437494892734361	0.660149195164892	0.606861510096255	"SFN/PKP1/DSG3"	3
"M1"	"HSF1-dependent transactivation"	"HSF1-dependent transactivation"	"1/125"	"35/7644"	0.439190293094067	0.660149195164892	0.606861510096255	"COL4A6"	1
"M1"	"Regulation of HSF1-mediated heat shock response"	"Regulation of HSF1-mediated heat shock response"	"1/125"	"35/7644"	0.439190293094067	0.660149195164892	0.606861510096255	"COL4A6"	1
"M1"	"Diseases associated with visual transduction"	"Diseases associated with visual transduction"	"2/125"	"92/7644"	0.446047741132173	0.660149195164892	0.606861510096255	"RBP1/DHRS9"	2
"M1"	"Interferon gamma signaling"	"Interferon gamma signaling"	"2/125"	"92/7644"	0.446047741132173	0.660149195164892	0.606861510096255	"TRIM29/GBP6"	2
"M1"	"Visual phototransduction"	"Visual phototransduction"	"2/125"	"92/7644"	0.446047741132173	0.660149195164892	0.606861510096255	"RBP1/DHRS9"	2
"M1"	"Signaling by the B Cell Receptor (BCR)"	"Signaling by the B Cell Receptor (BCR)"	"4/125"	"209/7644"	0.447481191377053	0.660149195164892	0.606861510096255	"EGFR/FGFR3/HBEGF/NRG1"	4
"M1"	"ABC-family proteins mediated transport"	"ABC-family proteins mediated transport"	"1/125"	"36/7644"	0.448403226904455	0.660149195164892	0.606861510096255	"ABCA12"	1
"M1"	"Beta defensins"	"Beta defensins"	"1/125"	"36/7644"	0.448403226904455	0.660149195164892	0.606861510096255	"DEFB1"	1
"M1"	"Gamma carboxylation, hypusine formation and arylsulfatase activation"	"Gamma carboxylation, hypusine formation and arylsulfatase activation"	"1/125"	"36/7644"	0.448403226904455	0.660149195164892	0.606861510096255	"ARSJ"	1
"M1"	"Transport to the Golgi and subsequent modification"	"Transport to the Golgi and subsequent modification"	"1/125"	"36/7644"	0.448403226904455	0.660149195164892	0.606861510096255	"MGAT3"	1
"M1"	"EPH-Ephrin signaling"	"EPH-Ephrin signaling"	"2/125"	"94/7644"	0.457069175867319	0.664315155377867	0.610691191211318	"EPHB3/NGEF"	2
"M1"	"Transport of inorganic cations/anions and amino acids/oligopeptides"	"Transport of inorganic cations/anions and amino acids/oligopeptides"	"2/125"	"94/7644"	0.457069175867319	0.664315155377867	0.610691191211318	"SLC7A8/SLC15A1"	2
"M1"	"NCAM1 interactions"	"NCAM1 interactions"	"1/125"	"37/7644"	0.457466002487649	0.664315155377867	0.610691191211318	"COL4A5"	1
"M1"	"Fc epsilon receptor (FCERI) signaling"	"Fc epsilon receptor (FCERI) signaling"	"4/125"	"212/7644"	0.458395363279606	0.664315155377867	0.610691191211318	"EGFR/FGFR3/HBEGF/NRG1"	4
"M1"	"Intrinsic Pathway for Apoptosis"	"Intrinsic Pathway for Apoptosis"	"1/125"	"38/7644"	0.466381047799736	0.670648716022101	0.616513502599407	"SFN"	1
"M1"	"Transport of vitamins, nucleosides, and related molecules"	"Transport of vitamins, nucleosides, and related molecules"	"1/125"	"38/7644"	0.466381047799736	0.670648716022101	0.616513502599407	"SLC28A3"	1
"M1"	"Activation of GABAB receptors"	"Activation of GABAB receptors"	"1/125"	"39/7644"	0.475150751852462	0.67282797304299	0.618516848534342	"KCNJ15"	1
"M1"	"GABA B receptor activation"	"GABA B receptor activation"	"1/125"	"39/7644"	0.475150751852462	0.67282797304299	0.618516848534342	"KCNJ15"	1
"M1"	"Glycosphingolipid metabolism"	"Glycosphingolipid metabolism"	"1/125"	"39/7644"	0.475150751852462	0.67282797304299	0.618516848534342	"ARSJ"	1
"M1"	"O-glycosylation of TSR domain-containing proteins"	"O-glycosylation of TSR domain-containing proteins"	"1/125"	"39/7644"	0.475150751852462	0.67282797304299	0.618516848534342	"ADAMTSL5"	1
"M1"	"Negative regulation of FGFR signaling"	"Negative regulation of FGFR signaling"	"1/125"	"40/7644"	0.483777465332862	0.67305960754923	0.618729785348136	"FGFR3"	1
"M1"	"Uptake and actions of bacterial toxins"	"Uptake and actions of bacterial toxins"	"1/125"	"40/7644"	0.483777465332862	0.67305960754923	0.618729785348136	"HBEGF"	1
"M1"	"Cell surface interactions at the vascular wall"	"Cell surface interactions at the vascular wall"	"2/125"	"99/7644"	0.484065843837253	0.67305960754923	0.618729785348136	"SLC7A8/THBD"	2
"M1"	"Potassium Channels"	"Potassium Channels"	"2/125"	"99/7644"	0.484065843837253	0.67305960754923	0.618729785348136	"KCNJ15/KCNH2"	2
"M1"	"Cellular Senescence"	"Cellular Senescence"	"3/125"	"159/7644"	0.484385216214675	0.67305960754923	0.618729785348136	"CXCL8/HMGA2/IL1A"	3
"M1"	"Programmed Cell Death"	"Programmed Cell Death"	"3/125"	"160/7644"	0.488559385210484	0.676326611616005	0.62173307465906	"SFN/PKP1/DSG3"	3
"M1"	"EPHB-mediated forward signaling"	"EPHB-mediated forward signaling"	"1/125"	"41/7644"	0.492263501213108	0.676406514629863	0.621806527848137	"EPHB3"	1
"M1"	"Retinoid metabolism and transport"	"Retinoid metabolism and transport"	"1/125"	"41/7644"	0.492263501213108	0.676406514629863	0.621806527848137	"RBP1"	1
"M1"	"Neurotransmitter Release Cycle"	"Neurotransmitter Release Cycle"	"1/125"	"42/7644"	0.500611135350733	0.685338491568716	0.630017509627646	"MAOA"	1
"M1"	"Iron uptake and transport"	"Iron uptake and transport"	"1/125"	"43/7644"	0.508822607079378	0.69147687628736	0.635660399821548	"LCN2"	1
"M1"	"Voltage gated Potassium channels"	"Voltage gated Potassium channels"	"1/125"	"43/7644"	0.508822607079378	0.69147687628736	0.635660399821548	"KCNH2"	1
"M1"	"Diseases of glycosylation"	"Diseases of glycosylation"	"4/125"	"227/7644"	0.511787750971815	0.692968086169866	0.637031238243826	"HAS3/ST6GALNAC2/ST6GALNAC1/MGAT3"	4
"M1"	"FRS2-mediated cascade"	"FRS2-mediated cascade"	"1/125"	"44/7644"	0.516900119790216	0.697345252516982	0.641055076792459	"FGFR3"	1
"M1"	"Signaling by FGFR mutants"	"Signaling by FGFR mutants"	"1/125"	"45/7644"	0.524845841504192	0.705499301442229	0.648550925428522	"FGFR3"	1
"M1"	"Defensins"	"Defensins"	"1/125"	"46/7644"	0.532661905435233	0.713420819193037	0.655833012962247	"DEFB1"	1
"M1"	"Scavenging of heme from plasma"	"Scavenging of heme from plasma"	"1/125"	"47/7644"	0.54035041054455	0.721115116230317	0.662906221190588	"APOL1"	1
"M1"	"Biological oxidations"	"Biological oxidations"	"3/125"	"174/7644"	0.545196629912257	0.723401706740146	0.665008236583366	"MAOA/GGT6/SULT2B1"	3
"M1"	"Chaperonin-mediated protein folding"	"Chaperonin-mediated protein folding"	"1/125"	"48/7644"	0.547913422086203	0.723401706740146	0.665008236583366	"TUBB2B"	1
"M1"	"EPH-ephrin mediated repulsion of cells"	"EPH-ephrin mediated repulsion of cells"	"1/125"	"48/7644"	0.547913422086203	0.723401706740146	0.665008236583366	"EPHB3"	1
"M1"	"Cellular response to heat stress"	"Cellular response to heat stress"	"1/125"	"51/7644"	0.569869653454793	0.748728356662145	0.688290502364974	"COL4A6"	1
"M1"	"Hemostasis"	"Hemostasis"	"8/125"	"497/7644"	0.571132412224763	0.748728356662145	0.688290502364974	"SLC7A8/F3/SERPINE2/THBD/P2RY1/KLC3/MYB/SERPINB2"	8
"M1"	"Golgi Associated Vesicle Biogenesis"	"Golgi Associated Vesicle Biogenesis"	"1/125"	"54/7644"	0.590767667082811	0.766345470236794	0.704485550735484	"DNAJC6"	1
"M1"	"Phospholipase C-mediated cascade"	"Phospholipase C-mediated cascade"	"1/125"	"54/7644"	0.590767667082811	0.766345470236794	0.704485550735484	"FGFR3"	1
"M1"	"Protein folding"	"Protein folding"	"1/125"	"54/7644"	0.590767667082811	0.766345470236794	0.704485550735484	"TUBB2B"	1
"M1"	"ECM proteoglycans"	"ECM proteoglycans"	"1/125"	"55/7644"	0.597507330009643	0.769705623033255	0.707574469748261	"LAMA3"	1
"M1"	"GABA receptor activation"	"GABA receptor activation"	"1/125"	"55/7644"	0.597507330009643	0.769705623033255	0.707574469748261	"KCNJ15"	1
"M1"	"Factors involved in megakaryocyte development and platelet production"	"Factors involved in megakaryocyte development and platelet production"	"2/125"	"125/7644"	0.610334701015539	0.783509252860779	0.720263861333217	"KLC3/MYB"	2
"M1"	"G alpha (s) signalling events"	"G alpha (s) signalling events"	"2/125"	"126/7644"	0.614696524025295	0.78402044655096	0.720733791126432	"PTHLH/ADM"	2
"M1"	"SLC-mediated transmembrane transport"	"SLC-mediated transmembrane transport"	"4/125"	"259/7644"	0.616862530033553	0.78402044655096	0.720733791126432	"SLC7A8/RHCG/SLC28A3/SLC15A1"	4
"M1"	"DNA Damage/Telomere Stress Induced Senescence"	"DNA Damage/Telomere Stress Induced Senescence"	"1/125"	"58/7644"	0.617072696476766	0.78402044655096	0.720733791126432	"HMGA2"	1
"M1"	"Translocation of GLUT4 to the plasma membrane"	"Translocation of GLUT4 to the plasma membrane"	"1/125"	"60/7644"	0.629589083411331	0.797193003227316	0.732843050207549	"SFN"	1
"M1"	"Clathrin derived vesicle budding"	"Clathrin derived vesicle budding"	"1/125"	"61/7644"	0.635694221145189	0.799466291677509	0.734932837291852	"DNAJC6"	1
"M1"	"trans-Golgi Network Vesicle Budding"	"trans-Golgi Network Vesicle Budding"	"1/125"	"61/7644"	0.635694221145189	0.799466291677509	0.734932837291852	"DNAJC6"	1
"M1"	"Phospholipid metabolism"	"Phospholipid metabolism"	"2/125"	"138/7644"	0.664165216540214	0.830383455887026	0.763354347304289	"PLA2G4F/PLA2G4E"	2
"M1"	"Integrin cell surface interactions"	"Integrin cell surface interactions"	"1/125"	"66/7644"	0.664754410777485	0.830383455887026	0.763354347304289	"ITGB8"	1
"M1"	"PI3K Cascade"	"PI3K Cascade"	"1/125"	"68/7644"	0.675723742699005	0.838451098378388	0.770770764291666	"FGFR3"	1
"M1"	"NCAM signaling for neurite out-growth"	"NCAM signaling for neurite out-growth"	"1/125"	"70/7644"	0.686336932871821	0.838451098378388	0.770770764291666	"COL4A5"	1
"M1"	"Binding and Uptake of Ligands by Scavenger Receptors"	"Binding and Uptake of Ligands by Scavenger Receptors"	"1/125"	"76/7644"	0.716152557487747	0.838451098378388	0.770770764291666	"APOL1"	1
"M1"	"Defective CYP11A1 causes Adrenal insufficiency, congenital, with 46,XY sex reversal (AICSR)"	"Defective CYP11A1 causes Adrenal insufficiency, congenital, with 46,XY sex reversal (AICSR)"	"1/125"	"78/7644"	0.725452298057851	0.838451098378388	0.770770764291666	"MAOA"	1
"M1"	"Defective CYP11B1 causes Adrenal hyperplasia 4 (AH4)"	"Defective CYP11B1 causes Adrenal hyperplasia 4 (AH4)"	"1/125"	"78/7644"	0.725452298057851	0.838451098378388	0.770770764291666	"MAOA"	1
"M1"	"Defective CYP11B2 causes Corticosterone methyloxidase 1 deficiency (CMO-1 deficiency)"	"Defective CYP11B2 causes Corticosterone methyloxidase 1 deficiency (CMO-1 deficiency)"	"1/125"	"78/7644"	0.725452298057851	0.838451098378388	0.770770764291666	"MAOA"	1
"M1"	"Defective CYP17A1 causes Adrenal hyperplasia 5 (AH5)"	"Defective CYP17A1 causes Adrenal hyperplasia 5 (AH5)"	"1/125"	"78/7644"	0.725452298057851	0.838451098378388	0.770770764291666	"MAOA"	1
"M1"	"Defective CYP19A1 causes Aromatase excess syndrome (AEXS)"	"Defective CYP19A1 causes Aromatase excess syndrome (AEXS)"	"1/125"	"78/7644"	0.725452298057851	0.838451098378388	0.770770764291666	"MAOA"	1
"M1"	"Defective CYP1B1 causes Glaucoma"	"Defective CYP1B1 causes Glaucoma"	"1/125"	"78/7644"	0.725452298057851	0.838451098378388	0.770770764291666	"MAOA"	1
"M1"	"Defective CYP21A2 causes Adrenal hyperplasia 3 (AH3)"	"Defective CYP21A2 causes Adrenal hyperplasia 3 (AH3)"	"1/125"	"78/7644"	0.725452298057851	0.838451098378388	0.770770764291666	"MAOA"	1
"M1"	"Defective CYP24A1 causes Hypercalcemia, infantile (HCAI)"	"Defective CYP24A1 causes Hypercalcemia, infantile (HCAI)"	"1/125"	"78/7644"	0.725452298057851	0.838451098378388	0.770770764291666	"MAOA"	1
"M1"	"Defective CYP26B1 causes Radiohumeral fusions with other skeletal and craniofacial anomalies (RHFCA)"	"Defective CYP26B1 causes Radiohumeral fusions with other skeletal and craniofacial anomalies (RHFCA)"	"1/125"	"78/7644"	0.725452298057851	0.838451098378388	0.770770764291666	"MAOA"	1
"M1"	"Defective CYP26C1 causes Focal facial dermal dysplasia 4 (FFDD4)"	"Defective CYP26C1 causes Focal facial dermal dysplasia 4 (FFDD4)"	"1/125"	"78/7644"	0.725452298057851	0.838451098378388	0.770770764291666	"MAOA"	1
"M1"	"Defective CYP27A1 causes Cerebrotendinous xanthomatosis (CTX)"	"Defective CYP27A1 causes Cerebrotendinous xanthomatosis (CTX)"	"1/125"	"78/7644"	0.725452298057851	0.838451098378388	0.770770764291666	"MAOA"	1
"M1"	"Defective CYP27B1 causes Rickets vitamin D-dependent 1A (VDDR1A)"	"Defective CYP27B1 causes Rickets vitamin D-dependent 1A (VDDR1A)"	"1/125"	"78/7644"	0.725452298057851	0.838451098378388	0.770770764291666	"MAOA"	1
"M1"	"Defective CYP2R1 causes Rickets vitamin D-dependent 1B (VDDR1B)"	"Defective CYP2R1 causes Rickets vitamin D-dependent 1B (VDDR1B)"	"1/125"	"78/7644"	0.725452298057851	0.838451098378388	0.770770764291666	"MAOA"	1
"M1"	"Defective CYP2U1 causes Spastic paraplegia 56, autosomal recessive (SPG56)"	"Defective CYP2U1 causes Spastic paraplegia 56, autosomal recessive (SPG56)"	"1/125"	"78/7644"	0.725452298057851	0.838451098378388	0.770770764291666	"MAOA"	1
"M1"	"Defective CYP4F22 causes Ichthyosis, congenital, autosomal recessive 5 (ARCI5)"	"Defective CYP4F22 causes Ichthyosis, congenital, autosomal recessive 5 (ARCI5)"	"1/125"	"78/7644"	0.725452298057851	0.838451098378388	0.770770764291666	"MAOA"	1
"M1"	"Defective CYP7B1 causes Spastic paraplegia 5A, autosomal recessive (SPG5A) and Congenital bile acid synthesis defect 3 (CBAS3)"	"Defective CYP7B1 causes Spastic paraplegia 5A, autosomal recessive (SPG5A) and Congenital bile acid synthesis defect 3 (CBAS3)"	"1/125"	"78/7644"	0.725452298057851	0.838451098378388	0.770770764291666	"MAOA"	1
"M1"	"Defective FMO3 causes Trimethylaminuria (TMAU)"	"Defective FMO3 causes Trimethylaminuria (TMAU)"	"1/125"	"78/7644"	0.725452298057851	0.838451098378388	0.770770764291666	"MAOA"	1
"M1"	"Defective MAOA causes Brunner syndrome (BRUNS)"	"Defective MAOA causes Brunner syndrome (BRUNS)"	"1/125"	"78/7644"	0.725452298057851	0.838451098378388	0.770770764291666	"MAOA"	1
"M1"	"Defective TBXAS1 causes Ghosal hematodiaphyseal dysplasia (GHDD)"	"Defective TBXAS1 causes Ghosal hematodiaphyseal dysplasia (GHDD)"	"1/125"	"78/7644"	0.725452298057851	0.838451098378388	0.770770764291666	"MAOA"	1
"M1"	"Metabolism of nucleotides"	"Metabolism of nucleotides"	"1/125"	"78/7644"	0.725452298057851	0.838451098378388	0.770770764291666	"XDH"	1
"M1"	"Phase 1 - Functionalization of compounds"	"Phase 1 - Functionalization of compounds"	"1/125"	"78/7644"	0.725452298057851	0.838451098378388	0.770770764291666	"MAOA"	1
"M1"	"Unfolded Protein Response (UPR)"	"Unfolded Protein Response (UPR)"	"1/125"	"82/7644"	0.743154538664628	0.856243272809245	0.787126742488851	"CXCL8"	1
"M1"	"Peptide hormone metabolism"	"Peptide hormone metabolism"	"1/125"	"83/7644"	0.747400198895641	0.858468959103043	0.789172769894697	"ACE2"	1
"M1"	"IRS-mediated signalling"	"IRS-mediated signalling"	"1/125"	"85/7644"	0.755683766394448	0.865304559667717	0.795456596204683	"FGFR3"	1
"M1"	"IRS-related events"	"IRS-related events"	"1/125"	"88/7644"	0.767606455424063	0.876252292191777	0.805520620428815	"FGFR3"	1
"M1"	"IRS-related events triggered by IGF1R"	"IRS-related events triggered by IGF1R"	"1/125"	"89/7644"	0.77145097541771	0.877939606993774	0.807071734050171	"FGFR3"	1
"M1"	"PCP/CE pathway"	"PCP/CE pathway"	"1/125"	"91/7644"	0.778951742855627	0.879843395777164	0.808821847728191	"WNT4"	1
"M1"	"IGF1R signaling cascade"	"IGF1R signaling cascade"	"1/125"	"92/7644"	0.782610028588852	0.879843395777164	0.808821847728191	"FGFR3"	1
"M1"	"Insulin receptor signalling cascade"	"Insulin receptor signalling cascade"	"1/125"	"92/7644"	0.782610028588852	0.879843395777164	0.808821847728191	"FGFR3"	1
"M1"	"Signaling by Type 1 Insulin-like Growth Factor 1 Receptor (IGF1R)"	"Signaling by Type 1 Insulin-like Growth Factor 1 Receptor (IGF1R)"	"1/125"	"92/7644"	0.782610028588852	0.879843395777164	0.808821847728191	"FGFR3"	1
"M1"	"Axon guidance"	"Axon guidance"	"4/125"	"327/7644"	0.788916525776015	0.88425387028067	0.812876305776527	"EGFR/EPHB3/COL4A5/NGEF"	4
"M1"	"L1CAM interactions"	"L1CAM interactions"	"1/125"	"97/7644"	0.800019782707058	0.885232717297666	0.813776139606877	"EGFR"	1
"M1"	"Transport of glucose and other sugars, bile salts and organic acids, metal ions and amine compounds"	"Transport of glucose and other sugars, bile salts and organic acids, metal ions and amine compounds"	"1/125"	"97/7644"	0.800019782707058	0.885232717297666	0.813776139606877	"RHCG"	1
"M1"	"MHC class II antigen presentation"	"MHC class II antigen presentation"	"1/125"	"103/7644"	0.819094366423858	0.885232717297666	0.813776139606877	"KLC3"	1
"M1"	"Interferon Signaling"	"Interferon Signaling"	"2/125"	"196/7644"	0.835500807137342	0.885232717297666	0.813776139606877	"TRIM29/GBP6"	2
"M1"	"Neuronal System"	"Neuronal System"	"3/125"	"280/7644"	0.842483001711573	0.885232717297666	0.813776139606877	"MAOA/KCNJ15/KCNH2"	3
"M1"	"Transmission across Chemical Synapses"	"Transmission across Chemical Synapses"	"2/125"	"201/7644"	0.845802667681974	0.885232717297666	0.813776139606877	"MAOA/KCNJ15"	2
"M1"	"Signaling by Insulin receptor"	"Signaling by Insulin receptor"	"1/125"	"116/7644"	0.85445193534902	0.885232717297666	0.813776139606877	"FGFR3"	1
"M1"	"Defective B3GAT3 causes JDSSDHD"	"Defective B3GAT3 causes JDSSDHD"	"1/125"	"121/7644"	0.86614414118343	0.885232717297666	0.813776139606877	"HAS3"	1
"M1"	"Defective B4GALT1 causes B4GALT1-CDG (CDG-2d)"	"Defective B4GALT1 causes B4GALT1-CDG (CDG-2d)"	"1/125"	"121/7644"	0.86614414118343	0.885232717297666	0.813776139606877	"HAS3"	1
"M1"	"Defective B4GALT7 causes EDS, progeroid type"	"Defective B4GALT7 causes EDS, progeroid type"	"1/125"	"121/7644"	0.86614414118343	0.885232717297666	0.813776139606877	"HAS3"	1
"M1"	"Defective CHST14 causes EDS, musculocontractural type"	"Defective CHST14 causes EDS, musculocontractural type"	"1/125"	"121/7644"	0.86614414118343	0.885232717297666	0.813776139606877	"HAS3"	1
"M1"	"Defective CHST3 causes SEDCJD"	"Defective CHST3 causes SEDCJD"	"1/125"	"121/7644"	0.86614414118343	0.885232717297666	0.813776139606877	"HAS3"	1
"M1"	"Defective CHST6 causes MCDC1"	"Defective CHST6 causes MCDC1"	"1/125"	"121/7644"	0.86614414118343	0.885232717297666	0.813776139606877	"HAS3"	1
"M1"	"Defective CHSY1 causes TPBS"	"Defective CHSY1 causes TPBS"	"1/125"	"121/7644"	0.86614414118343	0.885232717297666	0.813776139606877	"HAS3"	1
"M1"	"Defective EXT1 causes exostoses 1, TRPS2 and CHDS"	"Defective EXT1 causes exostoses 1, TRPS2 and CHDS"	"1/125"	"121/7644"	0.86614414118343	0.885232717297666	0.813776139606877	"HAS3"	1
"M1"	"Defective EXT2 causes exostoses 2"	"Defective EXT2 causes exostoses 2"	"1/125"	"121/7644"	0.86614414118343	0.885232717297666	0.813776139606877	"HAS3"	1
"M1"	"Defective PAPSS2 causes SEMD-PA"	"Defective PAPSS2 causes SEMD-PA"	"1/125"	"121/7644"	0.86614414118343	0.885232717297666	0.813776139606877	"HAS3"	1
"M1"	"Defective SLC26A2 causes chondrodysplasias"	"Defective SLC26A2 causes chondrodysplasias"	"1/125"	"121/7644"	0.86614414118343	0.885232717297666	0.813776139606877	"HAS3"	1
"M1"	"Diseases associated with glycosaminoglycan metabolism"	"Diseases associated with glycosaminoglycan metabolism"	"1/125"	"121/7644"	0.86614414118343	0.885232717297666	0.813776139606877	"HAS3"	1
"M1"	"Glycosaminoglycan metabolism"	"Glycosaminoglycan metabolism"	"1/125"	"121/7644"	0.86614414118343	0.885232717297666	0.813776139606877	"HAS3"	1
"M1"	"MPS I - Hurler syndrome"	"MPS I - Hurler syndrome"	"1/125"	"121/7644"	0.86614414118343	0.885232717297666	0.813776139606877	"HAS3"	1
"M1"	"MPS II - Hunter syndrome"	"MPS II - Hunter syndrome"	"1/125"	"121/7644"	0.86614414118343	0.885232717297666	0.813776139606877	"HAS3"	1
"M1"	"MPS IIIA - Sanfilippo syndrome A"	"MPS IIIA - Sanfilippo syndrome A"	"1/125"	"121/7644"	0.86614414118343	0.885232717297666	0.813776139606877	"HAS3"	1
"M1"	"MPS IIIB - Sanfilippo syndrome B"	"MPS IIIB - Sanfilippo syndrome B"	"1/125"	"121/7644"	0.86614414118343	0.885232717297666	0.813776139606877	"HAS3"	1
"M1"	"MPS IIIC - Sanfilippo syndrome C"	"MPS IIIC - Sanfilippo syndrome C"	"1/125"	"121/7644"	0.86614414118343	0.885232717297666	0.813776139606877	"HAS3"	1
"M1"	"MPS IIID - Sanfilippo syndrome D"	"MPS IIID - Sanfilippo syndrome D"	"1/125"	"121/7644"	0.86614414118343	0.885232717297666	0.813776139606877	"HAS3"	1
"M1"	"MPS IV - Morquio syndrome A"	"MPS IV - Morquio syndrome A"	"1/125"	"121/7644"	0.86614414118343	0.885232717297666	0.813776139606877	"HAS3"	1
"M1"	"MPS IV - Morquio syndrome B"	"MPS IV - Morquio syndrome B"	"1/125"	"121/7644"	0.86614414118343	0.885232717297666	0.813776139606877	"HAS3"	1
"M1"	"MPS IX - Natowicz syndrome"	"MPS IX - Natowicz syndrome"	"1/125"	"121/7644"	0.86614414118343	0.885232717297666	0.813776139606877	"HAS3"	1
"M1"	"MPS VII - Sly syndrome"	"MPS VII - Sly syndrome"	"1/125"	"121/7644"	0.86614414118343	0.885232717297666	0.813776139606877	"HAS3"	1
"M1"	"MPS VI - Maroteaux-Lamy syndrome"	"MPS VI - Maroteaux-Lamy syndrome"	"1/125"	"121/7644"	0.86614414118343	0.885232717297666	0.813776139606877	"HAS3"	1
"M1"	"Mucopolysaccharidoses"	"Mucopolysaccharidoses"	"1/125"	"121/7644"	0.86614414118343	0.885232717297666	0.813776139606877	"HAS3"	1
"M1"	"Neurotransmitter Receptor Binding And Downstream Transmission In The  Postsynaptic Cell"	"Neurotransmitter Receptor Binding And Downstream Transmission In The  Postsynaptic Cell"	"1/125"	"140/7644"	0.90267770294741	0.920036889542552	0.845770895763334	"KCNJ15"	1
"M1"	"beta-catenin independent WNT signaling"	"beta-catenin independent WNT signaling"	"1/125"	"144/7644"	0.909003391443004	0.923945912946177	0.849364380180341	"WNT4"	1
"M1"	"Metabolism of amino acids and derivatives"	"Metabolism of amino acids and derivatives"	"1/125"	"188/7644"	0.956656237537946	0.969725311821251	0.891448435324402	"CKMT1A"	1
"M1"	"Platelet activation, signaling and aggregation"	"Platelet activation, signaling and aggregation"	"1/125"	"221/7644"	0.975220517327362	0.985849623783246	0.906271182028009	"P2RY1"	1
"M1"	"Glycogen storage diseases"	"Glycogen storage diseases"	"1/125"	"258/7644"	0.986801476026888	0.989468507043177	0.909597946608	"HAS3"	1
"M1"	"Metabolism of carbohydrates"	"Metabolism of carbohydrates"	"1/125"	"258/7644"	0.986801476026888	0.989468507043177	0.909597946608	"HAS3"	1
"M1"	"Myoclonic epilepsy of Lafora"	"Myoclonic epilepsy of Lafora"	"1/125"	"258/7644"	0.986801476026888	0.989468507043177	0.909597946608	"HAS3"	1
"M1"	"Generic Transcription Pathway"	"Generic Transcription Pathway"	"2/125"	"483/7644"	0.997441781308478	0.997441781308478	0.916927612835712	"ZNF750/ZNF43"	2
"M2"	"Phosphorylation of CD3 and TCR zeta chains"	"Phosphorylation of CD3 and TCR zeta chains"	"12/167"	"25/7644"	3.23563894408378e-14	1.33955452285069e-11	1.23976060594368e-11	"HLA-DRA/HLA-DRB1/HLA-DPA1/HLA-DQB1/HLA-DQA1/HLA-DRB5/PTPRC/HLA-DQA2/HLA-DQB2/CD3E/CD3D/CD3G"	12
"M2"	"PD-1 signaling"	"PD-1 signaling"	"12/167"	"28/7644"	1.78836829074144e-13	3.70192236183479e-11	3.42613714647308e-11	"HLA-DRA/HLA-DRB1/HLA-DPA1/HLA-DQB1/HLA-DQA1/HLA-DRB5/HLA-DQA2/HLA-DQB2/CD3E/CD274/CD3D/CD3G"	12
"M2"	"Chemokine receptors bind chemokines"	"Chemokine receptors bind chemokines"	"15/167"	"55/7644"	3.65820436695897e-13	4.34252135769883e-11	4.01901290160787e-11	"CXCL9/CCL5/CXCL10/CXCL13/CCL21/CXCL12/CCL20/CCL19/CCR5/CCL22/CXCL11/CXCR6/CCR7/CXCL5/CCR2"	15
"M2"	"Translocation of ZAP-70 to Immunological synapse"	"Translocation of ZAP-70 to Immunological synapse"	"11/167"	"23/7644"	4.19567280937085e-13	4.34252135769883e-11	4.01901290160787e-11	"HLA-DRA/HLA-DRB1/HLA-DPA1/HLA-DQB1/HLA-DQA1/HLA-DRB5/HLA-DQA2/HLA-DQB2/CD3E/CD3D/CD3G"	11
"M2"	"Generation of second messenger molecules"	"Generation of second messenger molecules"	"12/167"	"37/7644"	9.18436283263555e-12	7.60465242542223e-10	7.03812225490387e-10	"HLA-DRA/HLA-DRB1/HLA-DPA1/HLA-DQB1/HLA-DQA1/HLA-DRB5/HLA-DQA2/HLA-DQB2/CD3E/CD3D/ITK/CD3G"	12
"M2"	"TCR signaling"	"TCR signaling"	"14/167"	"64/7644"	6.0638393477271e-11	4.1840491499317e-09	3.87234653082924e-09	"HLA-DRA/HLA-DRB1/HLA-DPA1/HLA-DQB1/HLA-DQA1/HLA-DRB5/PTPRC/HLA-DQA2/HLA-DQB2/CD3E/CD3D/ITK/PRKCQ/CD3G"	14
"M2"	"Interferon gamma signaling"	"Interferon gamma signaling"	"16/167"	"92/7644"	9.80987014996593e-11	5.80183748869414e-09	5.36961313471819e-09	"HLA-DRA/HLA-DRB1/HLA-DPA1/HLA-DQB1/HLA-DQA1/ICAM1/HLA-DRB5/VCAM1/GBP5/CIITA/HLA-DQA2/HLA-DQB2/IRF8/OASL/IRF4/TRIM17"	16
"M2"	"Downstream TCR signaling"	"Downstream TCR signaling"	"12/167"	"46/7644"	1.62699081004369e-10	8.41967744197611e-09	7.79242966915663e-09	"HLA-DRA/HLA-DRB1/HLA-DPA1/HLA-DQB1/HLA-DQA1/HLA-DRB5/HLA-DQA2/HLA-DQB2/CD3E/CD3D/PRKCQ/CD3G"	12
"M2"	"Interferon Signaling"	"Interferon Signaling"	"22/167"	"196/7644"	1.9970476594484e-10	9.18641923346262e-09	8.50205085425984e-09	"HLA-DRA/HLA-DRB1/HLA-DPA1/IFI27/HLA-DQB1/HLA-DQA1/IFI6/ICAM1/HLA-DRB5/BST2/ISG15/VCAM1/GBP5/CIITA/IFIT1/HLA-DQA2/HLA-DQB2/IRF8/RSAD2/OASL/IRF4/TRIM17"	22
"M2"	"Cytokine Signaling in Immune system"	"Cytokine Signaling in Immune system"	"26/167"	"308/7644"	2.20116234773207e-09	9.11281211961077e-08	8.43392731131025e-08	"HLA-DRA/HLA-DRB1/HLA-DPA1/IFI27/HLA-DQB1/HLA-DQA1/IFI6/ICAM1/HLA-DRB5/BST2/ISG15/VCAM1/IL7R/GBP5/IL2RG/CIITA/IFIT1/CSF2RB/HLA-DQA2/HLA-DQB2/IRF8/RSAD2/OASL/IRF4/IL2RA/TRIM17"	26
"M2"	"Costimulation by the CD28 family"	"Costimulation by the CD28 family"	"12/167"	"73/7644"	4.6119267043793e-08	1.73576150510275e-06	1.60645102430054e-06	"HLA-DRA/HLA-DRB1/HLA-DPA1/HLA-DQB1/HLA-DQA1/HLA-DRB5/HLA-DQA2/HLA-DQB2/CD3E/CD274/CD3D/CD3G"	12
"M2"	"Peptide ligand-binding receptors"	"Peptide ligand-binding receptors"	"18/167"	"190/7644"	1.41889050319352e-07	4.89517223601764e-06	4.53049248388106e-06	"C3/CXCL9/CCL5/CXCL10/CXCL13/CCL21/CXCL12/CCL20/SAA1/CCL19/FPR1/CCR5/CCL22/CXCL11/CXCR6/CCR7/CXCL5/CCR2"	18
"M2"	"G alpha (i) signalling events"	"G alpha (i) signalling events"	"20/167"	"236/7644"	1.75179461096806e-07	5.57879206877521e-06	5.16318411653744e-06	"C3/CXCL9/CCL5/CXCL10/CXCL13/CCL21/CXCL12/CCL20/SAA1/CCL19/FPR1/GNG4/CCR5/CXCL11/CXCR6/CCR7/P2RY13/SUCNR1/CXCL5/CCR2"	20
"M2"	"Immunoregulatory interactions between a Lymphoid and a non-Lymphoid cell"	"Immunoregulatory interactions between a Lymphoid and a non-Lymphoid cell"	"13/167"	"111/7644"	7.59158943164622e-07	2.24494144621538e-05	2.07769816024002e-05	"C3/ICAM1/FCGR3A/VCAM1/LILRB4/SELL/CD3E/CD8A/CD200/CD3D/CD3G/ULBP1/CD8B"	13
"M2"	"Class A/1 (Rhodopsin-like receptors)"	"Class A/1 (Rhodopsin-like receptors)"	"21/167"	"314/7644"	4.20700407418441e-06	0.00011611331244749	0.000107463121614255	"C3/CXCL9/CCL5/CXCL10/CXCL13/CCL21/CXCL12/CCL20/SAA1/CCL19/FPR1/CCR5/CCL22/CXCL11/CXCR6/CCR7/P2RY13/ADRB2/SUCNR1/CXCL5/CCR2"	21
"M2"	"Interferon alpha/beta signaling"	"Interferon alpha/beta signaling"	"9/167"	"67/7644"	1.31817050299228e-05	0.00033265787722965	0.000307875584316279	"IFI27/IFI6/BST2/ISG15/IFIT1/IRF8/RSAD2/OASL/IRF4"	9
"M2"	"MHC class II antigen presentation"	"MHC class II antigen presentation"	"11/167"	"103/7644"	1.36598645239228e-05	0.00033265787722965	0.000307875584316279	"HLA-DRA/HLA-DRB1/HLA-DPA1/HLA-DQB1/HLA-DQA1/HLA-DRB5/HLA-DMB/CTSV/HLA-DOA/HLA-DQA2/HLA-DQB2"	11
"M2"	"Initial triggering of complement"	"Initial triggering of complement"	"8/167"	"57/7644"	2.91505976112046e-05	0.000670463745057706	0.000620515645057221	"C3/C1QA/C1QB/C1QC/CFB/C4B/C4A/FCN1"	8
"M2"	"Complement cascade"	"Complement cascade"	"9/167"	"75/7644"	3.33420663953316e-05	0.000726506078298279	0.000672382945590067	"C3/C1QA/C1QB/C1QC/CFB/C4B/C4A/FCN1/CR1"	9
"M2"	"Defective ACTH causes Obesity and Pro-opiomelanocortinin deficiency (POMCD)"	"Defective ACTH causes Obesity and Pro-opiomelanocortinin deficiency (POMCD)"	"23/167"	"441/7644"	8.11838489324306e-05	0.00160048159323935	0.001481249173504	"C3/CXCL9/CCL5/CXCL10/CXCL13/CCL21/CXCL12/CCL20/RAMP1/SAA1/CCL19/FPR1/GNG4/CCR5/CCL22/CXCL11/CXCR6/CCR7/P2RY13/ADRB2/SUCNR1/CXCL5/CCR2"	23
"M2"	"GPCR ligand binding"	"GPCR ligand binding"	"23/167"	"441/7644"	8.11838489324306e-05	0.00160048159323935	0.001481249173504	"C3/CXCL9/CCL5/CXCL10/CXCL13/CCL21/CXCL12/CCL20/RAMP1/SAA1/CCL19/FPR1/GNG4/CCR5/CCL22/CXCL11/CXCR6/CCR7/P2RY13/ADRB2/SUCNR1/CXCL5/CCR2"	23
"M2"	"Regulation of Complement cascade"	"Regulation of Complement cascade"	"5/167"	"23/7644"	0.000114652922698777	0.00215755954533153	0.00199682602212224	"C3/CFB/C4B/C4A/CR1"	5
"M2"	"Scavenging by Class A Receptors"	"Scavenging by Class A Receptors"	"4/167"	"19/7644"	0.000659088151411237	0.0118635867254023	0.0109797751539446	"APOE/MSR1/MARCO/COLEC11"	4
"M2"	"Trafficking and processing of endosomal TLR"	"Trafficking and processing of endosomal TLR"	"3/167"	"13/7644"	0.00249300667235709	0.0430043650981599	0.0398006328393852	"CTSV/TLR8/TLR7"	3
"M2"	"G beta:gamma signalling through PI3Kgamma"	"G beta:gamma signalling through PI3Kgamma"	"5/167"	"48/7644"	0.00375799538445724	0.0622324035666119	0.0575962239975762	"IL2RG/CSF2RB/GNG4/IL2RA/PIK3CG"	5
"M2"	"G-protein beta:gamma signalling"	"G-protein beta:gamma signalling"	"5/167"	"51/7644"	0.00489218100140574	0.0778985744069991	0.0720952989680846	"IL2RG/CSF2RB/GNG4/IL2RA/PIK3CG"	5
"M2"	"Cell surface interactions at the vascular wall"	"Cell surface interactions at the vascular wall"	"7/167"	"99/7644"	0.00578820231952413	0.0887524355660366	0.0821405709281396	"OLR1/SELL/CD84/CD48/CD2/TREM1/SELE"	7
"M2"	"Binding and Uptake of Ligands by Scavenger Receptors"	"Binding and Uptake of Ligands by Scavenger Receptors"	"6/167"	"76/7644"	0.0061529170743341	0.090975273884797	0.0841978125961508	"APOE/CD163/MSR1/MARCO/SAA1/COLEC11"	6
"M2"	"RIP-mediated NFkB activation via ZBP1"	"RIP-mediated NFkB activation via ZBP1"	"3/167"	"21/7644"	0.010200119148062	0.145615494044748	0.134767454442634	"SAA1/S100B/ZBP1"	3
"M2"	"ZBP1(DAI) mediated induction of type I IFNs"	"ZBP1(DAI) mediated induction of type I IFNs"	"3/167"	"26/7644"	0.0184170040626893	0.246881023882435	0.228488921162488	"SAA1/S100B/ZBP1"	3
"M2"	"GPVI-mediated activation cascade"	"GPVI-mediated activation cascade"	"4/167"	"49/7644"	0.021715709638261	0.246881023882435	0.228488921162488	"IL2RG/CSF2RB/IL2RA/PIK3CG"	4
"M2"	"Interleukin receptor SHC signaling"	"Interleukin receptor SHC signaling"	"3/167"	"28/7644"	0.0224822671908653	0.246881023882435	0.228488921162488	"IL2RG/CSF2RB/IL2RA"	3
"M2"	"Platelet activation, signaling and aggregation"	"Platelet activation, signaling and aggregation"	"10/167"	"221/7644"	0.0227561388583542	0.246881023882435	0.228488921162488	"IL2RG/PLEK/F13A1/CSF2RB/GNG4/IL2RA/F5/MMRN1/PIK3CG/PRKCQ"	10
"M2"	"Interleukin-7 signaling"	"Interleukin-7 signaling"	"2/167"	"11/7644"	0.0229260895568328	0.246881023882435	0.228488921162488	"IL7R/IL2RG"	2
"M2"	"TRAF6 mediated IRF7 activation in TLR7/8 or 9 signaling"	"TRAF6 mediated IRF7 activation in TLR7/8 or 9 signaling"	"2/167"	"11/7644"	0.0229260895568328	0.246881023882435	0.228488921162488	"TLR8/TLR7"	2
"M2"	"Transport of organic anions"	"Transport of organic anions"	"2/167"	"11/7644"	0.0229260895568328	0.246881023882435	0.228488921162488	"SLCO2B1/SLCO2A1"	2
"M2"	"Tryptophan catabolism"	"Tryptophan catabolism"	"2/167"	"11/7644"	0.0229260895568328	0.246881023882435	0.228488921162488	"KYNU/IDO1"	2
"M2"	"Creation of C4 and C2 activators"	"Creation of C4 and C2 activators"	"4/167"	"50/7644"	0.0232135714503368	0.246881023882435	0.228488921162488	"C1QA/C1QB/C1QC/FCN1"	4
"M2"	"Hemostasis"	"Hemostasis"	"18/167"	"497/7644"	0.0232569080468961	0.246881023882435	0.228488921162488	"IL2RG/PLEK/F13A1/OLR1/CSF2RB/SELL/CD84/CD48/KCNMA1/CD2/TREM1/GNG4/IL2RA/F5/MMRN1/PIK3CG/PRKCQ/SELE"	18
"M2"	"Assembly of collagen fibrils and other multimeric structures"	"Assembly of collagen fibrils and other multimeric structures"	"4/167"	"54/7644"	0.0298236331468953	0.300690895817448	0.278290073932243	"MMP9/CTSV/COL4A4/COL6A6"	4
"M2"	"Advanced glycosylation endproduct receptor signaling"	"Advanced glycosylation endproduct receptor signaling"	"2/167"	"13/7644"	0.0315994677286186	0.300690895817448	0.278290073932243	"SAA1/S100B"	2
"M2"	"DEx/H-box helicases activate type I IFN and inflammatory cytokines production"	"DEx/H-box helicases activate type I IFN and inflammatory cytokines production"	"2/167"	"13/7644"	0.0315994677286186	0.300690895817448	0.278290073932243	"SAA1/S100B"	2
"M2"	"Synthesis, secretion, and inactivation of Glucose-dependent Insulinotropic Polypeptide (GIP)"	"Synthesis, secretion, and inactivation of Glucose-dependent Insulinotropic Polypeptide (GIP)"	"2/167"	"13/7644"	0.0315994677286186	0.300690895817448	0.278290073932243	"DPP4/PAX6"	2
"M2"	"Activation of Matrix Metalloproteinases"	"Activation of Matrix Metalloproteinases"	"3/167"	"32/7644"	0.0319574865119993	0.300690895817448	0.278290073932243	"MMP9/CTSV/TPSAB1"	3
"M2"	"Peptide hormone metabolism"	"Peptide hormone metabolism"	"5/167"	"83/7644"	0.0347526641535687	0.319724510212832	0.29590572519062	"CPA3/INHBB/DPP4/PAX6/GZMH"	5
"M2"	"Synthesis of Prostaglandins (PG) and Thromboxanes (TX)"	"Synthesis of Prostaglandins (PG) and Thromboxanes (TX)"	"2/167"	"14/7644"	0.0363456529871267	0.32711087688414	0.302741823508332	"PTGDS/PTGIS"	2
"M2"	"Collagen formation"	"Collagen formation"	"5/167"	"86/7644"	0.0395970580521577	0.34879110709773	0.322806923426325	"MMP9/CTSV/COL4A4/COL28A1/COL6A6"	5
"M2"	"HDL-mediated lipid transport"	"HDL-mediated lipid transport"	"2/167"	"15/7644"	0.0413463972291539	0.356612676101452	0.330045802443246	"APOE/AMN"	2
"M2"	"Metabolism of Angiotensinogen to Angiotensins"	"Metabolism of Angiotensinogen to Angiotensins"	"2/167"	"16/7644"	0.0465884559649679	0.385752415389934	0.357014694131544	"CPA3/GZMH"	2
"M2"	"Synthesis of very long-chain fatty acyl-CoAs"	"Synthesis of very long-chain fatty acyl-CoAs"	"2/167"	"16/7644"	0.0465884559649679	0.385752415389934	0.357014694131544	"ACSL5/ELOVL4"	2
"M2"	"Acetylcholine Neurotransmitter Release Cycle"	"Acetylcholine Neurotransmitter Release Cycle"	"2/167"	"17/7644"	0.0520590358419658	0.422596879187722	0.391114325004655	"SYT1/PPFIA4"	2
"M2"	"Dopamine Neurotransmitter Release Cycle"	"Dopamine Neurotransmitter Release Cycle"	"2/167"	"18/7644"	0.0577457814473535	0.440011355586019	0.407231460547447	"SYT1/PPFIA4"	2
"M2"	"Norepinephrine Neurotransmitter Release Cycle"	"Norepinephrine Neurotransmitter Release Cycle"	"2/167"	"18/7644"	0.0577457814473535	0.440011355586019	0.407231460547447	"SYT1/PPFIA4"	2
"M2"	"Serotonin Neurotransmitter Release Cycle"	"Serotonin Neurotransmitter Release Cycle"	"2/167"	"18/7644"	0.0577457814473535	0.440011355586019	0.407231460547447	"SYT1/PPFIA4"	2
"M2"	"Extracellular matrix organization"	"Extracellular matrix organization"	"10/167"	"266/7644"	0.0658745184437304	0.440011355586019	0.407231460547447	"MMP9/ICAM1/MMP12/VCAM1/LRP4/CTSV/TPSAB1/COL4A4/COL28A1/COL6A6"	10
"M2"	"Fatty Acyl-CoA Biosynthesis"	"Fatty Acyl-CoA Biosynthesis"	"2/167"	"20/7644"	0.0697204611893741	0.440011355586019	0.407231460547447	"ACSL5/ELOVL4"	2
"M2"	"Synthesis, secretion, and inactivation of Glucagon-like Peptide-1 (GLP-1)"	"Synthesis, secretion, and inactivation of Glucagon-like Peptide-1 (GLP-1)"	"2/167"	"20/7644"	0.0697204611893741	0.440011355586019	0.407231460547447	"DPP4/PAX6"	2
"M2"	"Classical antibody-mediated complement activation"	"Classical antibody-mediated complement activation"	"3/167"	"44/7644"	0.0707393859728692	0.440011355586019	0.407231460547447	"C1QA/C1QB/C1QC"	3
"M2"	"Interleukin-3, 5 and GM-CSF signaling"	"Interleukin-3, 5 and GM-CSF signaling"	"3/167"	"45/7644"	0.0746260083160259	0.440011355586019	0.407231460547447	"IL2RG/CSF2RB/IL2RA"	3
"M2"	"Glutamate Neurotransmitter Release Cycle"	"Glutamate Neurotransmitter Release Cycle"	"2/167"	"21/7644"	0.0759857603516174	0.440011355586019	0.407231460547447	"SYT1/PPFIA4"	2
"M2"	"Common Pathway"	"Common Pathway"	"2/167"	"22/7644"	0.0824219313091948	0.440011355586019	0.407231460547447	"F13A1/F5"	2
"M2"	"Interleukin-2 signaling"	"Interleukin-2 signaling"	"3/167"	"47/7644"	0.0826763245192095	0.440011355586019	0.407231460547447	"IL2RG/CSF2RB/IL2RA"	3
"M2"	"Endogenous sterols"	"Endogenous sterols"	"2/167"	"23/7644"	0.0890186225305613	0.440011355586019	0.407231460547447	"CYP1B1/PTGIS"	2
"M2"	"Incretin synthesis, secretion, and inactivation"	"Incretin synthesis, secretion, and inactivation"	"2/167"	"23/7644"	0.0890186225305613	0.440011355586019	0.407231460547447	"DPP4/PAX6"	2
"M2"	"Defective CYP11A1 causes Adrenal insufficiency, congenital, with 46,XY sex reversal (AICSR)"	"Defective CYP11A1 causes Adrenal insufficiency, congenital, with 46,XY sex reversal (AICSR)"	"4/167"	"78/7644"	0.0906313985967833	0.440011355586019	0.407231460547447	"CYP1B1/FMO2/PTGIS/FMO3"	4
"M2"	"Defective CYP11B1 causes Adrenal hyperplasia 4 (AH4)"	"Defective CYP11B1 causes Adrenal hyperplasia 4 (AH4)"	"4/167"	"78/7644"	0.0906313985967833	0.440011355586019	0.407231460547447	"CYP1B1/FMO2/PTGIS/FMO3"	4
"M2"	"Defective CYP11B2 causes Corticosterone methyloxidase 1 deficiency (CMO-1 deficiency)"	"Defective CYP11B2 causes Corticosterone methyloxidase 1 deficiency (CMO-1 deficiency)"	"4/167"	"78/7644"	0.0906313985967833	0.440011355586019	0.407231460547447	"CYP1B1/FMO2/PTGIS/FMO3"	4
"M2"	"Defective CYP17A1 causes Adrenal hyperplasia 5 (AH5)"	"Defective CYP17A1 causes Adrenal hyperplasia 5 (AH5)"	"4/167"	"78/7644"	0.0906313985967833	0.440011355586019	0.407231460547447	"CYP1B1/FMO2/PTGIS/FMO3"	4
"M2"	"Defective CYP19A1 causes Aromatase excess syndrome (AEXS)"	"Defective CYP19A1 causes Aromatase excess syndrome (AEXS)"	"4/167"	"78/7644"	0.0906313985967833	0.440011355586019	0.407231460547447	"CYP1B1/FMO2/PTGIS/FMO3"	4
"M2"	"Defective CYP1B1 causes Glaucoma"	"Defective CYP1B1 causes Glaucoma"	"4/167"	"78/7644"	0.0906313985967833	0.440011355586019	0.407231460547447	"CYP1B1/FMO2/PTGIS/FMO3"	4
"M2"	"Defective CYP21A2 causes Adrenal hyperplasia 3 (AH3)"	"Defective CYP21A2 causes Adrenal hyperplasia 3 (AH3)"	"4/167"	"78/7644"	0.0906313985967833	0.440011355586019	0.407231460547447	"CYP1B1/FMO2/PTGIS/FMO3"	4
"M2"	"Defective CYP24A1 causes Hypercalcemia, infantile (HCAI)"	"Defective CYP24A1 causes Hypercalcemia, infantile (HCAI)"	"4/167"	"78/7644"	0.0906313985967833	0.440011355586019	0.407231460547447	"CYP1B1/FMO2/PTGIS/FMO3"	4
"M2"	"Defective CYP26B1 causes Radiohumeral fusions with other skeletal and craniofacial anomalies (RHFCA)"	"Defective CYP26B1 causes Radiohumeral fusions with other skeletal and craniofacial anomalies (RHFCA)"	"4/167"	"78/7644"	0.0906313985967833	0.440011355586019	0.407231460547447	"CYP1B1/FMO2/PTGIS/FMO3"	4
"M2"	"Defective CYP26C1 causes Focal facial dermal dysplasia 4 (FFDD4)"	"Defective CYP26C1 causes Focal facial dermal dysplasia 4 (FFDD4)"	"4/167"	"78/7644"	0.0906313985967833	0.440011355586019	0.407231460547447	"CYP1B1/FMO2/PTGIS/FMO3"	4
"M2"	"Defective CYP27A1 causes Cerebrotendinous xanthomatosis (CTX)"	"Defective CYP27A1 causes Cerebrotendinous xanthomatosis (CTX)"	"4/167"	"78/7644"	0.0906313985967833	0.440011355586019	0.407231460547447	"CYP1B1/FMO2/PTGIS/FMO3"	4
"M2"	"Defective CYP27B1 causes Rickets vitamin D-dependent 1A (VDDR1A)"	"Defective CYP27B1 causes Rickets vitamin D-dependent 1A (VDDR1A)"	"4/167"	"78/7644"	0.0906313985967833	0.440011355586019	0.407231460547447	"CYP1B1/FMO2/PTGIS/FMO3"	4
"M2"	"Defective CYP2R1 causes Rickets vitamin D-dependent 1B (VDDR1B)"	"Defective CYP2R1 causes Rickets vitamin D-dependent 1B (VDDR1B)"	"4/167"	"78/7644"	0.0906313985967833	0.440011355586019	0.407231460547447	"CYP1B1/FMO2/PTGIS/FMO3"	4
"M2"	"Defective CYP2U1 causes Spastic paraplegia 56, autosomal recessive (SPG56)"	"Defective CYP2U1 causes Spastic paraplegia 56, autosomal recessive (SPG56)"	"4/167"	"78/7644"	0.0906313985967833	0.440011355586019	0.407231460547447	"CYP1B1/FMO2/PTGIS/FMO3"	4
"M2"	"Defective CYP4F22 causes Ichthyosis, congenital, autosomal recessive 5 (ARCI5)"	"Defective CYP4F22 causes Ichthyosis, congenital, autosomal recessive 5 (ARCI5)"	"4/167"	"78/7644"	0.0906313985967833	0.440011355586019	0.407231460547447	"CYP1B1/FMO2/PTGIS/FMO3"	4
"M2"	"Defective CYP7B1 causes Spastic paraplegia 5A, autosomal recessive (SPG5A) and Congenital bile acid synthesis defect 3 (CBAS3)"	"Defective CYP7B1 causes Spastic paraplegia 5A, autosomal recessive (SPG5A) and Congenital bile acid synthesis defect 3 (CBAS3)"	"4/167"	"78/7644"	0.0906313985967833	0.440011355586019	0.407231460547447	"CYP1B1/FMO2/PTGIS/FMO3"	4
"M2"	"Defective FMO3 causes Trimethylaminuria (TMAU)"	"Defective FMO3 causes Trimethylaminuria (TMAU)"	"4/167"	"78/7644"	0.0906313985967833	0.440011355586019	0.407231460547447	"CYP1B1/FMO2/PTGIS/FMO3"	4
"M2"	"Defective MAOA causes Brunner syndrome (BRUNS)"	"Defective MAOA causes Brunner syndrome (BRUNS)"	"4/167"	"78/7644"	0.0906313985967833	0.440011355586019	0.407231460547447	"CYP1B1/FMO2/PTGIS/FMO3"	4
"M2"	"Defective TBXAS1 causes Ghosal hematodiaphyseal dysplasia (GHDD)"	"Defective TBXAS1 causes Ghosal hematodiaphyseal dysplasia (GHDD)"	"4/167"	"78/7644"	0.0906313985967833	0.440011355586019	0.407231460547447	"CYP1B1/FMO2/PTGIS/FMO3"	4
"M2"	"Phase 1 - Functionalization of compounds"	"Phase 1 - Functionalization of compounds"	"4/167"	"78/7644"	0.0906313985967833	0.440011355586019	0.407231460547447	"CYP1B1/FMO2/PTGIS/FMO3"	4
"M2"	"Platelet degranulation"	"Platelet degranulation"	"4/167"	"79/7644"	0.0939240691557935	0.440011355586019	0.407231460547447	"PLEK/F13A1/F5/MMRN1"	4
"M2"	"Toll-Like Receptors Cascades"	"Toll-Like Receptors Cascades"	"6/167"	"144/7644"	0.0951153306848426	0.440011355586019	0.407231460547447	"BIRC3/CTSV/SAA1/S100B/TLR8/TLR7"	6
"M2"	"Arachidonic acid metabolism"	"Arachidonic acid metabolism"	"3/167"	"50/7644"	0.0954152523373021	0.440011355586019	0.407231460547447	"PTGDS/CYP1B1/PTGIS"	3
"M2"	"TRAF6 mediated NF-kB activation"	"TRAF6 mediated NF-kB activation"	"2/167"	"24/7644"	0.0957658484026714	0.440011355586019	0.407231460547447	"SAA1/S100B"	2
"M2"	"Activation of G protein gated Potassium channels"	"Activation of G protein gated Potassium channels"	"2/167"	"25/7644"	0.102653978341265	0.440011355586019	0.407231460547447	"GNG4/KCNJ5"	2
"M2"	"G protein gated Potassium channels"	"G protein gated Potassium channels"	"2/167"	"25/7644"	0.102653978341265	0.440011355586019	0.407231460547447	"GNG4/KCNJ5"	2
"M2"	"Inhibition  of voltage gated Ca2+ channels via Gbeta/gamma subunits"	"Inhibition  of voltage gated Ca2+ channels via Gbeta/gamma subunits"	"2/167"	"25/7644"	0.102653978341265	0.440011355586019	0.407231460547447	"GNG4/KCNJ5"	2
"M2"	"TAK1 activates NFkB by phosphorylation and activation of IKKs complex"	"TAK1 activates NFkB by phosphorylation and activation of IKKs complex"	"2/167"	"26/7644"	0.109673726197813	0.440011355586019	0.407231460547447	"SAA1/S100B"	2
"M2"	"Response to elevated platelet cytosolic Ca2+"	"Response to elevated platelet cytosolic Ca2+"	"4/167"	"84/7644"	0.11121588038975	0.440011355586019	0.407231460547447	"PLEK/F13A1/F5/MMRN1"	4
"M2"	"Synthesis of bile acids and bile salts"	"Synthesis of bile acids and bile salts"	"2/167"	"27/7644"	0.116816139955472	0.440011355586019	0.407231460547447	"PTGIS/CH25H"	2
"M2"	"TRAF6 mediated induction of NFkB and MAP kinases upon TLR7/8 or 9 activation"	"TRAF6 mediated induction of NFkB and MAP kinases upon TLR7/8 or 9 activation"	"4/167"	"86/7644"	0.118504615422455	0.440011355586019	0.407231460547447	"SAA1/S100B/TLR8/TLR7"	4
"M2"	"Defective AMN causes hereditary megaloblastic anemia 1"	"Defective AMN causes hereditary megaloblastic anemia 1"	"4/167"	"87/7644"	0.122225376551672	0.440011355586019	0.407231460547447	"PTGIS/GSTO2/AMN/AOX1"	4
"M2"	"Defective BTD causes biotidinase deficiency"	"Defective BTD causes biotidinase deficiency"	"4/167"	"87/7644"	0.122225376551672	0.440011355586019	0.407231460547447	"PTGIS/GSTO2/AMN/AOX1"	4
"M2"	"Defective CD320 causes methylmalonic aciduria"	"Defective CD320 causes methylmalonic aciduria"	"4/167"	"87/7644"	0.122225376551672	0.440011355586019	0.407231460547447	"PTGIS/GSTO2/AMN/AOX1"	4
"M2"	"Defective CUBN causes hereditary megaloblastic anemia 1"	"Defective CUBN causes hereditary megaloblastic anemia 1"	"4/167"	"87/7644"	0.122225376551672	0.440011355586019	0.407231460547447	"PTGIS/GSTO2/AMN/AOX1"	4
"M2"	"Defective GIF causes intrinsic factor deficiency"	"Defective GIF causes intrinsic factor deficiency"	"4/167"	"87/7644"	0.122225376551672	0.440011355586019	0.407231460547447	"PTGIS/GSTO2/AMN/AOX1"	4
"M2"	"Defective HLCS causes multiple carboxylase deficiency"	"Defective HLCS causes multiple carboxylase deficiency"	"4/167"	"87/7644"	0.122225376551672	0.440011355586019	0.407231460547447	"PTGIS/GSTO2/AMN/AOX1"	4
"M2"	"Defective LMBRD1 causes methylmalonic aciduria and homocystinuria type cblF"	"Defective LMBRD1 causes methylmalonic aciduria and homocystinuria type cblF"	"4/167"	"87/7644"	0.122225376551672	0.440011355586019	0.407231460547447	"PTGIS/GSTO2/AMN/AOX1"	4
"M2"	"Defective MMAA causes methylmalonic aciduria type cblA"	"Defective MMAA causes methylmalonic aciduria type cblA"	"4/167"	"87/7644"	0.122225376551672	0.440011355586019	0.407231460547447	"PTGIS/GSTO2/AMN/AOX1"	4
"M2"	"Defective MMAB causes methylmalonic aciduria type cblB"	"Defective MMAB causes methylmalonic aciduria type cblB"	"4/167"	"87/7644"	0.122225376551672	0.440011355586019	0.407231460547447	"PTGIS/GSTO2/AMN/AOX1"	4
"M2"	"Defective MMACHC causes methylmalonic aciduria and homocystinuria type cblC"	"Defective MMACHC causes methylmalonic aciduria and homocystinuria type cblC"	"4/167"	"87/7644"	0.122225376551672	0.440011355586019	0.407231460547447	"PTGIS/GSTO2/AMN/AOX1"	4
"M2"	"Defective MMADHC causes methylmalonic aciduria and homocystinuria type cblD"	"Defective MMADHC causes methylmalonic aciduria and homocystinuria type cblD"	"4/167"	"87/7644"	0.122225376551672	0.440011355586019	0.407231460547447	"PTGIS/GSTO2/AMN/AOX1"	4
"M2"	"Defective MTR causes methylmalonic aciduria and homocystinuria type cblG"	"Defective MTR causes methylmalonic aciduria and homocystinuria type cblG"	"4/167"	"87/7644"	0.122225376551672	0.440011355586019	0.407231460547447	"PTGIS/GSTO2/AMN/AOX1"	4
"M2"	"Defective MTRR causes methylmalonic aciduria and homocystinuria type cblE"	"Defective MTRR causes methylmalonic aciduria and homocystinuria type cblE"	"4/167"	"87/7644"	0.122225376551672	0.440011355586019	0.407231460547447	"PTGIS/GSTO2/AMN/AOX1"	4
"M2"	"Defective MUT causes methylmalonic aciduria mut type"	"Defective MUT causes methylmalonic aciduria mut type"	"4/167"	"87/7644"	0.122225376551672	0.440011355586019	0.407231460547447	"PTGIS/GSTO2/AMN/AOX1"	4
"M2"	"Defective TCN2 causes hereditary megaloblastic anemia"	"Defective TCN2 causes hereditary megaloblastic anemia"	"4/167"	"87/7644"	0.122225376551672	0.440011355586019	0.407231460547447	"PTGIS/GSTO2/AMN/AOX1"	4
"M2"	"Defects in biotin (Btn) metabolism"	"Defects in biotin (Btn) metabolism"	"4/167"	"87/7644"	0.122225376551672	0.440011355586019	0.407231460547447	"PTGIS/GSTO2/AMN/AOX1"	4
"M2"	"Defects in cobalamin (B12) metabolism"	"Defects in cobalamin (B12) metabolism"	"4/167"	"87/7644"	0.122225376551672	0.440011355586019	0.407231460547447	"PTGIS/GSTO2/AMN/AOX1"	4
"M2"	"Defects in vitamin and cofactor metabolism"	"Defects in vitamin and cofactor metabolism"	"4/167"	"87/7644"	0.122225376551672	0.440011355586019	0.407231460547447	"PTGIS/GSTO2/AMN/AOX1"	4
"M2"	"Metabolism of vitamins and cofactors"	"Metabolism of vitamins and cofactors"	"4/167"	"87/7644"	0.122225376551672	0.440011355586019	0.407231460547447	"PTGIS/GSTO2/AMN/AOX1"	4
"M2"	"Metabolism of water-soluble vitamins and cofactors"	"Metabolism of water-soluble vitamins and cofactors"	"4/167"	"87/7644"	0.122225376551672	0.440011355586019	0.407231460547447	"PTGIS/GSTO2/AMN/AOX1"	4
"M2"	"MyD88 dependent cascade initiated on endosome"	"MyD88 dependent cascade initiated on endosome"	"4/167"	"88/7644"	0.12599590116411	0.445831650273004	0.412618155859073	"SAA1/S100B/TLR8/TLR7"	4
"M2"	"Toll Like Receptor 7/8 (TLR7/8) Cascade"	"Toll Like Receptor 7/8 (TLR7/8) Cascade"	"4/167"	"88/7644"	0.12599590116411	0.445831650273004	0.412618155859073	"SAA1/S100B/TLR8/TLR7"	4
"M2"	"Degradation of the extracellular matrix"	"Degradation of the extracellular matrix"	"4/167"	"89/7644"	0.129815293597794	0.455453657199041	0.421523344064203	"MMP9/MMP12/CTSV/TPSAB1"	4
"M2"	"Interaction between L1 and Ankyrins"	"Interaction between L1 and Ankyrins"	"2/167"	"29/7644"	0.131434767904529	0.457260453046008	0.423195537525418	"SCN8A/SPTB"	2
"M2"	"Amine compound SLC transporters"	"Amine compound SLC transporters"	"2/167"	"30/7644"	0.138894659882596	0.475226356953676	0.439823020419878	"SLC44A5/SLC6A15"	2
"M2"	"Lipoprotein metabolism"	"Lipoprotein metabolism"	"2/167"	"30/7644"	0.138894659882596	0.475226356953676	0.439823020419878	"APOE/AMN"	2
"M2"	"Toll Like Receptor 9 (TLR9) Cascade"	"Toll Like Receptor 9 (TLR9) Cascade"	"4/167"	"92/7644"	0.141557488417705	0.480367214794506	0.444580895461989	"SAA1/S100B/TLR8/TLR7"	4
"M2"	"Amino acid transport across the plasma membrane"	"Amino acid transport across the plasma membrane"	"2/167"	"31/7644"	0.146444554633367	0.485024364945711	0.448891097991962	"SLC7A2/SLC6A15"	2
"M2"	"Inwardly rectifying K+ channels"	"Inwardly rectifying K+ channels"	"2/167"	"31/7644"	0.146444554633367	0.485024364945711	0.448891097991962	"GNG4/KCNJ5"	2
"M2"	"Striated Muscle Contraction"	"Striated Muscle Contraction"	"2/167"	"31/7644"	0.146444554633367	0.485024364945711	0.448891097991962	"TNNT1/NEB"	2
"M2"	"Synthesis of PIPs at the plasma membrane"	"Synthesis of PIPs at the plasma membrane"	"2/167"	"33/7644"	0.161784925163297	0.531579039822261	0.491977550204177	"PIK3CG/PIP5K1B"	2
"M2"	"Collagen biosynthesis and modifying enzymes"	"Collagen biosynthesis and modifying enzymes"	"3/167"	"64/7644"	0.163807305024225	0.533986017952986	0.494205213666125	"COL4A4/COL28A1/COL6A6"	3
"M2"	"Potassium Channels"	"Potassium Channels"	"4/167"	"99/7644"	0.170489795972118	0.551427933847319	0.510347744521801	"KCNMA1/GNG4/KCNG1/KCNJ5"	4
"M2"	"Cytosolic sensors of pathogen-associated DNA"	"Cytosolic sensors of pathogen-associated DNA"	"3/167"	"66/7644"	0.174559401704046	0.555904556195961	0.514490868180345	"SAA1/S100B/ZBP1"	3
"M2"	"Integrin cell surface interactions"	"Integrin cell surface interactions"	"3/167"	"66/7644"	0.174559401704046	0.555904556195961	0.514490868180345	"ICAM1/VCAM1/COL4A4"	3
"M2"	"Bile acid and bile salt metabolism"	"Bile acid and bile salt metabolism"	"2/167"	"35/7644"	0.17739975398915	0.560637390469529	0.518871116529134	"PTGIS/CH25H"	2
"M2"	"NCAM1 interactions"	"NCAM1 interactions"	"2/167"	"37/7644"	0.193237097379266	0.599329216173555	0.554680484838988	"COL4A4/COL6A6"	2
"M2"	"NCAM signaling for neurite out-growth"	"NCAM signaling for neurite out-growth"	"3/167"	"70/7644"	0.196625449662722	0.599329216173555	0.554680484838988	"COL4A4/SPTB/COL6A6"	3
"M2"	"Calcitonin-like ligand receptors"	"Calcitonin-like ligand receptors"	"1/167"	"10/7644"	0.198303715356499	0.599329216173555	0.554680484838988	"RAMP1"	1
"M2"	"Creatine metabolism"	"Creatine metabolism"	"1/167"	"10/7644"	0.198303715356499	0.599329216173555	0.554680484838988	"CKB"	1
"M2"	"Glycoprotein hormones"	"Glycoprotein hormones"	"1/167"	"10/7644"	0.198303715356499	0.599329216173555	0.554680484838988	"INHBB"	1
"M2"	"Collagen degradation"	"Collagen degradation"	"2/167"	"38/7644"	0.201224060502715	0.599329216173555	0.554680484838988	"MMP9/MMP12"	2
"M2"	"Phagosomal maturation (early endosomal stage)"	"Phagosomal maturation (early endosomal stage)"	"2/167"	"38/7644"	0.201224060502715	0.599329216173555	0.554680484838988	"CYBB/ATP6V1B1"	2
"M2"	"Transport of vitamins, nucleosides, and related molecules"	"Transport of vitamins, nucleosides, and related molecules"	"2/167"	"38/7644"	0.201224060502715	0.599329216173555	0.554680484838988	"SLCO2B1/SLCO2A1"	2
"M2"	"Activation of GABAB receptors"	"Activation of GABAB receptors"	"2/167"	"39/7644"	0.209248940287737	0.605797631322539	0.560667017038913	"GNG4/KCNJ5"	2
"M2"	"Formation of Fibrin Clot (Clotting Cascade)"	"Formation of Fibrin Clot (Clotting Cascade)"	"2/167"	"39/7644"	0.209248940287737	0.605797631322539	0.560667017038913	"F13A1/F5"	2
"M2"	"GABA B receptor activation"	"GABA B receptor activation"	"2/167"	"39/7644"	0.209248940287737	0.605797631322539	0.560667017038913	"GNG4/KCNJ5"	2
"M2"	"Nuclear signaling by ERBB4"	"Nuclear signaling by ERBB4"	"2/167"	"39/7644"	0.209248940287737	0.605797631322539	0.560667017038913	"CXCL12/S100B"	2
"M2"	"Signaling by Interleukins"	"Signaling by Interleukins"	"4/167"	"109/7644"	0.214977436702505	0.612043642915729	0.566447714267291	"IL7R/IL2RG/CSF2RB/IL2RA"	4
"M2"	"Endosomal/Vacuolar pathway"	"Endosomal/Vacuolar pathway"	"1/167"	"11/7644"	0.215841477936465	0.612043642915729	0.566447714267291	"CTSV"	1
"M2"	"Nicotinate metabolism"	"Nicotinate metabolism"	"1/167"	"11/7644"	0.215841477936465	0.612043642915729	0.566447714267291	"PTGIS"	1
"M2"	"Binding and entry of HIV virion"	"Binding and entry of HIV virion"	"1/167"	"12/7644"	0.23299783496314	0.627715085285159	0.580951668049321	"CCR5"	1
"M2"	"Eicosanoids"	"Eicosanoids"	"1/167"	"12/7644"	0.23299783496314	0.627715085285159	0.580951668049321	"PTGIS"	1
"M2"	"NOTCH2 intracellular domain regulates transcription"	"NOTCH2 intracellular domain regulates transcription"	"1/167"	"12/7644"	0.23299783496314	0.627715085285159	0.580951668049321	"GZMB"	1
"M2"	"P2Y receptors"	"P2Y receptors"	"1/167"	"12/7644"	0.23299783496314	0.627715085285159	0.580951668049321	"P2RY13"	1
"M2"	"Passive transport by Aquaporins"	"Passive transport by Aquaporins"	"1/167"	"12/7644"	0.23299783496314	0.627715085285159	0.580951668049321	"AQP9"	1
"M2"	"Peptide hormone biosynthesis"	"Peptide hormone biosynthesis"	"1/167"	"12/7644"	0.23299783496314	0.627715085285159	0.580951668049321	"INHBB"	1
"M2"	"Neurotransmitter Release Cycle"	"Neurotransmitter Release Cycle"	"2/167"	"42/7644"	0.233497881965977	0.627715085285159	0.580951668049321	"SYT1/PPFIA4"	2
"M2"	"Triglyceride Biosynthesis"	"Triglyceride Biosynthesis"	"2/167"	"42/7644"	0.233497881965977	0.627715085285159	0.580951668049321	"ACSL5/ELOVL4"	2
"M2"	"RIG-I/MDA5 mediated induction of IFN-alpha/beta pathways"	"RIG-I/MDA5 mediated induction of IFN-alpha/beta pathways"	"3/167"	"79/7644"	0.248402202238723	0.658658263339687	0.609589646213186	"ISG15/SAA1/S100B"	3
"M2"	"IRF3-mediated induction of type I IFN"	"IRF3-mediated induction of type I IFN"	"1/167"	"13/7644"	0.249781032232683	0.658658263339687	0.609589646213186	"ZBP1"	1
"M2"	"Signaling by Activin"	"Signaling by Activin"	"1/167"	"13/7644"	0.249781032232683	0.658658263339687	0.609589646213186	"INHBB"	1
"M2"	"Antigen activates B Cell Receptor (BCR) leading to generation of second messengers"	"Antigen activates B Cell Receptor (BCR) leading to generation of second messengers"	"2/167"	"45/7644"	0.257905313525568	0.675777213921425	0.625433271974062	"CD79A/CD79B"	2
"M2"	"Antigen processing-Cross presentation"	"Antigen processing-Cross presentation"	"3/167"	"81/7644"	0.260198546214879	0.677498101465158	0.627025957114969	"CYBB/CTSV/MRC1"	3
"M2"	"G alpha (z) signalling events"	"G alpha (z) signalling events"	"2/167"	"46/7644"	0.26605529949817	0.68451206998756	0.633517400141042	"GNG4/PRKCQ"	2
"M2"	"Synthesis of bile acids and bile salts via 24-hydroxycholesterol"	"Synthesis of bile acids and bile salts via 24-hydroxycholesterol"	"1/167"	"14/7644"	0.266199138328496	0.68451206998756	0.633517400141042	"PTGIS"	1
"M2"	"Glycogen synthesis"	"Glycogen synthesis"	"1/167"	"15/7644"	0.28226004840702	0.704179004387532	0.651719190432397	"NHLRC1"	1
"M2"	"negative regulation of TCF-dependent signaling by WNT ligand antagonists"	"negative regulation of TCF-dependent signaling by WNT ligand antagonists"	"1/167"	"15/7644"	0.28226004840702	0.704179004387532	0.651719190432397	"DKK2"	1
"M2"	"Regulation of innate immune responses to cytosolic DNA"	"Regulation of innate immune responses to cytosolic DNA"	"1/167"	"15/7644"	0.28226004840702	0.704179004387532	0.651719190432397	"ZBP1"	1
"M2"	"Synthesis of bile acids and bile salts via 27-hydroxycholesterol"	"Synthesis of bile acids and bile salts via 27-hydroxycholesterol"	"1/167"	"15/7644"	0.28226004840702	0.704179004387532	0.651719190432397	"PTGIS"	1
"M2"	"EPH-ephrin mediated repulsion of cells"	"EPH-ephrin mediated repulsion of cells"	"2/167"	"48/7644"	0.282351967942827	0.704179004387532	0.651719190432397	"MMP9/EFNB3"	2
"M2"	"Amino acid and oligopeptide SLC transporters"	"Amino acid and oligopeptide SLC transporters"	"2/167"	"49/7644"	0.29049106651554	0.708869839830547	0.656060568772742	"SLC7A2/SLC6A15"	2
"M2"	"Muscle contraction"	"Muscle contraction"	"2/167"	"49/7644"	0.29049106651554	0.708869839830547	0.656060568772742	"TNNT1/NEB"	2
"M2"	"Acyl chain remodelling of PI"	"Acyl chain remodelling of PI"	"1/167"	"16/7644"	0.297971487903157	0.708869839830547	0.656060568772742	"PLA2G2D"	1
"M2"	"Nucleotide-like (purinergic) receptors"	"Nucleotide-like (purinergic) receptors"	"1/167"	"16/7644"	0.297971487903157	0.708869839830547	0.656060568772742	"P2RY13"	1
"M2"	"STING mediated induction of host immune responses"	"STING mediated induction of host immune responses"	"1/167"	"16/7644"	0.297971487903157	0.708869839830547	0.656060568772742	"ZBP1"	1
"M2"	"FCGR activation"	"FCGR activation"	"2/167"	"50/7644"	0.298619225439633	0.708869839830547	0.656060568772742	"FCGR3A/CD3G"	2
"M2"	"Lipid digestion, mobilization, and transport"	"Lipid digestion, mobilization, and transport"	"2/167"	"50/7644"	0.298619225439633	0.708869839830547	0.656060568772742	"APOE/AMN"	2
"M2"	"Amyloids"	"Amyloids"	"2/167"	"51/7644"	0.306733054919282	0.708869839830547	0.656060568772742	"LYZ/SAA1"	2
"M2"	"Aquaporin-mediated transport"	"Aquaporin-mediated transport"	"2/167"	"51/7644"	0.306733054919282	0.708869839830547	0.656060568772742	"GNG4/AQP9"	2
"M2"	"Nucleotide-binding domain, leucine rich repeat containing receptor (NLR) signaling pathways"	"Nucleotide-binding domain, leucine rich repeat containing receptor (NLR) signaling pathways"	"2/167"	"51/7644"	0.306733054919282	0.708869839830547	0.656060568772742	"BIRC3/AIM2"	2
"M2"	"PI Metabolism"	"PI Metabolism"	"2/167"	"51/7644"	0.306733054919282	0.708869839830547	0.656060568772742	"PIK3CG/PIP5K1B"	2
"M2"	"Activated point mutants of FGFR2"	"Activated point mutants of FGFR2"	"1/167"	"17/7644"	0.313341016156981	0.708869839830547	0.656060568772742	"FGF7"	1
"M2"	"Acyl chain remodelling of PG"	"Acyl chain remodelling of PG"	"1/167"	"17/7644"	0.313341016156981	0.708869839830547	0.656060568772742	"PLA2G2D"	1
"M2"	"Acyl chain remodelling of PS"	"Acyl chain remodelling of PS"	"1/167"	"17/7644"	0.313341016156981	0.708869839830547	0.656060568772742	"PLA2G2D"	1
"M2"	"Chylomicron-mediated lipid transport"	"Chylomicron-mediated lipid transport"	"1/167"	"17/7644"	0.313341016156981	0.708869839830547	0.656060568772742	"APOE"	1
"M2"	"FGFR2 ligand binding and activation"	"FGFR2 ligand binding and activation"	"1/167"	"17/7644"	0.313341016156981	0.708869839830547	0.656060568772742	"FGF7"	1
"M2"	"Signaling by FGFR2 mutants"	"Signaling by FGFR2 mutants"	"1/167"	"17/7644"	0.313341016156981	0.708869839830547	0.656060568772742	"FGF7"	1
"M2"	"cGMP effects"	"cGMP effects"	"1/167"	"18/7644"	0.32837602996343	0.738846067417717	0.683803632189293	"KCNMA1"	1
"M2"	"Biological oxidations"	"Biological oxidations"	"5/167"	"174/7644"	0.331483966434204	0.739774372694189	0.684662780728922	"CYP1B1/FMO2/PTGIS/GSTO2/FMO3"	5
"M2"	"GABA receptor activation"	"GABA receptor activation"	"2/167"	"55/7644"	0.338982484583064	0.739774372694189	0.684662780728922	"GNG4/KCNJ5"	2
"M2"	"Ephrin signaling"	"Ephrin signaling"	"1/167"	"19/7644"	0.343083767046581	0.739774372694189	0.684662780728922	"EFNB3"	1
"M2"	"GABA synthesis, release, reuptake and degradation"	"GABA synthesis, release, reuptake and degradation"	"1/167"	"19/7644"	0.343083767046581	0.739774372694189	0.684662780728922	"SYT1"	1
"M2"	"Na+/Cl- dependent neurotransmitter transporters"	"Na+/Cl- dependent neurotransmitter transporters"	"1/167"	"19/7644"	0.343083767046581	0.739774372694189	0.684662780728922	"SLC6A15"	1
"M2"	"Other semaphorin interactions"	"Other semaphorin interactions"	"1/167"	"19/7644"	0.343083767046581	0.739774372694189	0.684662780728922	"PTPRC"	1
"M2"	"Prostacyclin signalling through prostacyclin receptor"	"Prostacyclin signalling through prostacyclin receptor"	"1/167"	"19/7644"	0.343083767046581	0.739774372694189	0.684662780728922	"GNG4"	1
"M2"	"Synthesis of PC"	"Synthesis of PC"	"1/167"	"19/7644"	0.343083767046581	0.739774372694189	0.684662780728922	"SLC44A5"	1
"M2"	"Phospholipid metabolism"	"Phospholipid metabolism"	"4/167"	"138/7644"	0.356117061461989	0.751234122418724	0.695268803865791	"SLC44A5/PLA2G2D/PIK3CG/PIP5K1B"	4
"M2"	"Cobalamin (Cbl, vitamin B12) transport and metabolism"	"Cobalamin (Cbl, vitamin B12) transport and metabolism"	"1/167"	"20/7644"	0.357471309460118	0.751234122418724	0.695268803865791	"AMN"	1
"M2"	"G beta:gamma signalling through PLC beta"	"G beta:gamma signalling through PLC beta"	"1/167"	"20/7644"	0.357471309460118	0.751234122418724	0.695268803865791	"GNG4"	1
"M2"	"Neurotoxicity of clostridium toxins"	"Neurotoxicity of clostridium toxins"	"1/167"	"20/7644"	0.357471309460118	0.751234122418724	0.695268803865791	"SYT1"	1
"M2"	"Regulation of gene expression in beta cells"	"Regulation of gene expression in beta cells"	"1/167"	"20/7644"	0.357471309460118	0.751234122418724	0.695268803865791	"PAX6"	1
"M2"	"MyD88-independent cascade"	"MyD88-independent cascade"	"3/167"	"99/7644"	0.368038830099016	0.754018985210954	0.697846200398646	"BIRC3/SAA1/S100B"	3
"M2"	"Toll Like Receptor 3 (TLR3) Cascade"	"Toll Like Receptor 3 (TLR3) Cascade"	"3/167"	"99/7644"	0.368038830099016	0.754018985210954	0.697846200398646	"BIRC3/SAA1/S100B"	3
"M2"	"TRIF-mediated TLR3/TLR4 signaling"	"TRIF-mediated TLR3/TLR4 signaling"	"3/167"	"99/7644"	0.368038830099016	0.754018985210954	0.697846200398646	"BIRC3/SAA1/S100B"	3
"M2"	"Inflammasomes"	"Inflammasomes"	"1/167"	"21/7644"	0.371545586915543	0.754018985210954	0.697846200398646	"AIM2"	1
"M2"	"Presynaptic function of Kainate receptors"	"Presynaptic function of Kainate receptors"	"1/167"	"21/7644"	0.371545586915543	0.754018985210954	0.697846200398646	"GNG4"	1
"M2"	"regulation of FZD by ubiquitination"	"regulation of FZD by ubiquitination"	"1/167"	"21/7644"	0.371545586915543	0.754018985210954	0.697846200398646	"LGR6"	1
"M2"	"Regulation of Insulin-like Growth Factor (IGF) transport and uptake by Insulin-like Growth Factor Binding Proteins (IGFBPs)"	"Regulation of Insulin-like Growth Factor (IGF) transport and uptake by Insulin-like Growth Factor Binding Proteins (IGFBPs)"	"1/167"	"21/7644"	0.371545586915543	0.754018985210954	0.697846200398646	"GZMH"	1
"M2"	"Cytochrome P450 - arranged by substrate type"	"Cytochrome P450 - arranged by substrate type"	"2/167"	"60/7644"	0.378624621768797	0.764637041035522	0.707673234012027	"CYP1B1/PTGIS"	2
"M2"	"ADP signalling through P2Y purinoceptor 12"	"ADP signalling through P2Y purinoceptor 12"	"1/167"	"22/7644"	0.385313380039655	0.766921823732774	0.709787805336206	"GNG4"	1
"M2"	"Early Phase of HIV Life Cycle"	"Early Phase of HIV Life Cycle"	"1/167"	"22/7644"	0.385313380039655	0.766921823732774	0.709787805336206	"CCR5"	1
"M2"	"Nef-mediates down modulation of cell surface receptors by recruiting them to clathrin adapters"	"Nef-mediates down modulation of cell surface receptors by recruiting them to clathrin adapters"	"1/167"	"22/7644"	0.385313380039655	0.766921823732774	0.709787805336206	"CD8B"	1
"M2"	"Role of phospholipids in phagocytosis"	"Role of phospholipids in phagocytosis"	"2/167"	"62/7644"	0.394212200184433	0.778752207334892	0.720736850927793	"FCGR3A/CD3G"	2
"M2"	"Acyl chain remodelling of PE"	"Acyl chain remodelling of PE"	"1/167"	"23/7644"	0.398781323562795	0.778752207334892	0.720736850927793	"PLA2G2D"	1
"M2"	"FGFR ligand binding and activation"	"FGFR ligand binding and activation"	"1/167"	"23/7644"	0.398781323562795	0.778752207334892	0.720736850927793	"FGF7"	1
"M2"	"Thromboxane signalling through TP receptor"	"Thromboxane signalling through TP receptor"	"1/167"	"23/7644"	0.398781323562795	0.778752207334892	0.720736850927793	"GNG4"	1
"M2"	"Antigen Presentation: Folding, assembly and peptide loading of class I MHC"	"Antigen Presentation: Folding, assembly and peptide loading of class I MHC"	"1/167"	"24/7644"	0.411955909439322	0.79325463492037	0.7341588790008	"ERAP2"	1
"M2"	"IKK complex recruitment mediated by RIP1"	"IKK complex recruitment mediated by RIP1"	"1/167"	"24/7644"	0.411955909439322	0.79325463492037	0.7341588790008	"BIRC3"	1
"M2"	"Synthesis of bile acids and bile salts via 7alpha-hydroxycholesterol"	"Synthesis of bile acids and bile salts via 7alpha-hydroxycholesterol"	"1/167"	"24/7644"	0.411955909439322	0.79325463492037	0.7341588790008	"PTGIS"	1
"M2"	"Axon guidance"	"Axon guidance"	"8/167"	"327/7644"	0.423353107104703	0.799478203724186	0.739918805379109	"MMP9/PTPRC/COL4A4/SCN8A/EFNB3/PRKCQ/SPTB/COL6A6"	8
"M2"	"Acyl chain remodelling of PC"	"Acyl chain remodelling of PC"	"1/167"	"25/7644"	0.424843489901741	0.799478203724186	0.739918805379109	"PLA2G2D"	1
"M2"	"ADP signalling through P2Y purinoceptor 1"	"ADP signalling through P2Y purinoceptor 1"	"1/167"	"25/7644"	0.424843489901741	0.799478203724186	0.739918805379109	"GNG4"	1
"M2"	"Effects of PIP2 hydrolysis"	"Effects of PIP2 hydrolysis"	"1/167"	"25/7644"	0.424843489901741	0.799478203724186	0.739918805379109	"PRKCQ"	1
"M2"	"Nitric oxide stimulates guanylate cyclase"	"Nitric oxide stimulates guanylate cyclase"	"1/167"	"25/7644"	0.424843489901741	0.799478203724186	0.739918805379109	"KCNMA1"	1
"M2"	"Insulin receptor recycling"	"Insulin receptor recycling"	"1/167"	"26/7644"	0.437450280449899	0.819476995955919	0.75842773081097	"ATP6V1B1"	1
"M2"	"Latent infection of Homo sapiens with Mycobacterium tuberculosis"	"Latent infection of Homo sapiens with Mycobacterium tuberculosis"	"2/167"	"68/7644"	0.439854035544899	0.820268336556703	0.759160118247241	"CYBB/ATP6V1B1"	2
"M2"	"Glucose metabolism"	"Glucose metabolism"	"2/167"	"69/7644"	0.447281199402106	0.830378549562655	0.768517142234443	"FBP1/NHLRC1"	2
"M2"	"Activated TLR4 signalling"	"Activated TLR4 signalling"	"3/167"	"115/7644"	0.461779673705969	0.842308875239011	0.779558684431732	"BIRC3/SAA1/S100B"	3
"M2"	"Adrenaline,noradrenaline inhibits insulin secretion"	"Adrenaline,noradrenaline inhibits insulin secretion"	"1/167"	"28/7644"	0.461845687631052	0.842308875239011	0.779558684431732	"GNG4"	1
"M2"	"G-protein activation"	"G-protein activation"	"1/167"	"28/7644"	0.461845687631052	0.842308875239011	0.779558684431732	"GNG4"	1
"M2"	"Synthesis of PA"	"Synthesis of PA"	"1/167"	"28/7644"	0.461845687631052	0.842308875239011	0.779558684431732	"PLA2G2D"	1
"M2"	"SHC-mediated cascade"	"SHC-mediated cascade"	"1/167"	"29/7644"	0.473646077621285	0.848233719216479	0.785042140337652	"FGF7"	1
"M2"	"The role of Nef in HIV-1 replication and disease pathogenesis"	"The role of Nef in HIV-1 replication and disease pathogenesis"	"1/167"	"29/7644"	0.473646077621285	0.848233719216479	0.785042140337652	"CD8B"	1
"M2"	"Transferrin endocytosis and recycling"	"Transferrin endocytosis and recycling"	"1/167"	"29/7644"	0.473646077621285	0.848233719216479	0.785042140337652	"ATP6V1B1"	1
"M2"	"Antiviral mechanism by IFN-stimulated genes"	"Antiviral mechanism by IFN-stimulated genes"	"2/167"	"73/7644"	0.476429350191917	0.848233719216479	0.785042140337652	"ISG15/IFIT1"	2
"M2"	"ISG15 antiviral mechanism"	"ISG15 antiviral mechanism"	"2/167"	"73/7644"	0.476429350191917	0.848233719216479	0.785042140337652	"ISG15/IFIT1"	2
"M2"	"Activation of Kainate Receptors upon glutamate binding"	"Activation of Kainate Receptors upon glutamate binding"	"1/167"	"30/7644"	0.485189229957102	0.848233719216479	0.785042140337652	"GNG4"	1
"M2"	"Adherens junctions interactions"	"Adherens junctions interactions"	"1/167"	"30/7644"	0.485189229957102	0.848233719216479	0.785042140337652	"CADM1"	1
"M2"	"Glucagon-type ligand receptors"	"Glucagon-type ligand receptors"	"1/167"	"30/7644"	0.485189229957102	0.848233719216479	0.785042140337652	"GNG4"	1
"M2"	"Inactivation, recovery and regulation of the phototransduction cascade"	"Inactivation, recovery and regulation of the phototransduction cascade"	"1/167"	"30/7644"	0.485189229957102	0.848233719216479	0.785042140337652	"PRKCQ"	1
"M2"	"Class I MHC mediated antigen processing & presentation"	"Class I MHC mediated antigen processing & presentation"	"6/167"	"255/7644"	0.48589141004847	0.848233719216479	0.785042140337652	"CYBB/CTSV/ERAP2/MRC1/FBXO17/ASB2"	6
"M2"	"TRAF6 Mediated Induction of proinflammatory cytokines"	"TRAF6 Mediated Induction of proinflammatory cytokines"	"2/167"	"75/7644"	0.490652798938722	0.848233719216479	0.785042140337652	"SAA1/S100B"	2
"M2"	"Gluconeogenesis"	"Gluconeogenesis"	"1/167"	"31/7644"	0.49648071913456	0.848233719216479	0.785042140337652	"FBP1"	1
"M2"	"HS-GAG biosynthesis"	"HS-GAG biosynthesis"	"1/167"	"31/7644"	0.49648071913456	0.848233719216479	0.785042140337652	"HS3ST2"	1
"M2"	"NOD1/2 Signaling Pathway"	"NOD1/2 Signaling Pathway"	"1/167"	"31/7644"	0.49648071913456	0.848233719216479	0.785042140337652	"BIRC3"	1
"M2"	"The phototransduction cascade"	"The phototransduction cascade"	"1/167"	"31/7644"	0.49648071913456	0.848233719216479	0.785042140337652	"PRKCQ"	1
"M2"	"Regulation of beta-cell development"	"Regulation of beta-cell development"	"1/167"	"32/7644"	0.507525999563369	0.848233719216479	0.785042140337652	"PAX6"	1
"M2"	"Signal amplification"	"Signal amplification"	"1/167"	"32/7644"	0.507525999563369	0.848233719216479	0.785042140337652	"GNG4"	1
"M2"	"Signaling by NOTCH2"	"Signaling by NOTCH2"	"1/167"	"32/7644"	0.507525999563369	0.848233719216479	0.785042140337652	"GZMB"	1
"M2"	"Thrombin signalling through proteinase activated receptors (PARs)"	"Thrombin signalling through proteinase activated receptors (PARs)"	"1/167"	"32/7644"	0.507525999563369	0.848233719216479	0.785042140337652	"GNG4"	1
"M2"	"Toll Like Receptor 4 (TLR4) Cascade"	"Toll Like Receptor 4 (TLR4) Cascade"	"3/167"	"124/7644"	0.511894780431521	0.848233719216479	0.785042140337652	"BIRC3/SAA1/S100B"	3
"M2"	"Glucagon signaling in metabolic regulation"	"Glucagon signaling in metabolic regulation"	"1/167"	"33/7644"	0.518330408138372	0.848233719216479	0.785042140337652	"GNG4"	1
"M2"	"Glutathione conjugation"	"Glutathione conjugation"	"1/167"	"33/7644"	0.518330408138372	0.848233719216479	0.785042140337652	"GSTO2"	1
"M2"	"Metabolism of steroid hormones and vitamin D"	"Metabolism of steroid hormones and vitamin D"	"1/167"	"33/7644"	0.518330408138372	0.848233719216479	0.785042140337652	"HSD11B1"	1
"M2"	"Negative regulators of RIG-I/MDA5 signaling"	"Negative regulators of RIG-I/MDA5 signaling"	"1/167"	"33/7644"	0.518330408138372	0.848233719216479	0.785042140337652	"ISG15"	1
"M2"	"Steroid hormones"	"Steroid hormones"	"1/167"	"33/7644"	0.518330408138372	0.848233719216479	0.785042140337652	"HSD11B1"	1
"M2"	"Platelet homeostasis"	"Platelet homeostasis"	"2/167"	"79/7644"	0.518365050632293	0.848233719216479	0.785042140337652	"KCNMA1/GNG4"	2
"M2"	"G alpha (s) signalling events"	"G alpha (s) signalling events"	"3/167"	"126/7644"	0.52270100498785	0.851961480570748	0.788492191527465	"RAMP1/GNG4/ADRB2"	3
"M2"	"Beta defensins"	"Beta defensins"	"1/167"	"36/7644"	0.549350061443572	0.891885982108387	0.825442403985388	"CCR2"	1
"M2"	"MyD88 cascade initiated on plasma membrane"	"MyD88 cascade initiated on plasma membrane"	"2/167"	"86/7644"	0.564407704526082	0.905286223720212	0.837844356557735	"SAA1/S100B"	2
"M2"	"Toll Like Receptor 10 (TLR10) Cascade"	"Toll Like Receptor 10 (TLR10) Cascade"	"2/167"	"86/7644"	0.564407704526082	0.905286223720212	0.837844356557735	"SAA1/S100B"	2
"M2"	"Toll Like Receptor 5 (TLR5) Cascade"	"Toll Like Receptor 5 (TLR5) Cascade"	"2/167"	"86/7644"	0.564407704526082	0.905286223720212	0.837844356557735	"SAA1/S100B"	2
"M2"	"Apoptotic cleavage of cellular proteins"	"Apoptotic cleavage of cellular proteins"	"1/167"	"38/7644"	0.568918251134499	0.905286223720212	0.837844356557735	"PRKCQ"	1
"M2"	"Intrinsic Pathway for Apoptosis"	"Intrinsic Pathway for Apoptosis"	"1/167"	"38/7644"	0.568918251134499	0.905286223720212	0.837844356557735	"GZMB"	1
"M2"	"Class B/2 (Secretin family receptors)"	"Class B/2 (Secretin family receptors)"	"2/167"	"87/7644"	0.570723923649699	0.905286223720212	0.837844356557735	"RAMP1/GNG4"	2
"M2"	"Glycerophospholipid biosynthesis"	"Glycerophospholipid biosynthesis"	"2/167"	"88/7644"	0.576974074877537	0.907010069930073	0.839439779950538	"SLC44A5/PLA2G2D"	2
"M2"	"Neuronal System"	"Neuronal System"	"6/167"	"280/7644"	0.578163121359075	0.907010069930073	0.839439779950538	"KCNMA1/SYT1/PPFIA4/GNG4/KCNG1/KCNJ5"	6
"M2"	"O-glycosylation of TSR domain-containing proteins"	"O-glycosylation of TSR domain-containing proteins"	"1/167"	"39/7644"	0.578383232998887	0.907010069930073	0.839439779950538	"SBSPON"	1
"M2"	"Negative regulation of FGFR signaling"	"Negative regulation of FGFR signaling"	"1/167"	"40/7644"	0.587641615653612	0.907045401119788	0.839472479042978	"FGF7"	1
"M2"	"Uptake and actions of bacterial toxins"	"Uptake and actions of bacterial toxins"	"1/167"	"40/7644"	0.587641615653612	0.907045401119788	0.839472479042978	"SYT1"	1
"M2"	"EPHB-mediated forward signaling"	"EPHB-mediated forward signaling"	"1/167"	"41/7644"	0.59669788211677	0.907045401119788	0.839472479042978	"EFNB3"	1
"M2"	"Retinoid metabolism and transport"	"Retinoid metabolism and transport"	"1/167"	"41/7644"	0.59669788211677	0.907045401119788	0.839472479042978	"APOE"	1
"M2"	"Diseases associated with visual transduction"	"Diseases associated with visual transduction"	"2/167"	"92/7644"	0.601311669011465	0.907045401119788	0.839472479042978	"APOE/PRKCQ"	2
"M2"	"Visual phototransduction"	"Visual phototransduction"	"2/167"	"92/7644"	0.601311669011465	0.907045401119788	0.839472479042978	"APOE/PRKCQ"	2
"M2"	"Amine ligand-binding receptors"	"Amine ligand-binding receptors"	"1/167"	"42/7644"	0.605556418705813	0.907045401119788	0.839472479042978	"ADRB2"	1
"M2"	"Glucagon-like Peptide-1 (GLP1) regulates insulin secretion"	"Glucagon-like Peptide-1 (GLP1) regulates insulin secretion"	"1/167"	"42/7644"	0.605556418705813	0.907045401119788	0.839472479042978	"GNG4"	1
"M2"	"Netrin-1 signaling"	"Netrin-1 signaling"	"1/167"	"42/7644"	0.605556418705813	0.907045401119788	0.839472479042978	"PRKCQ"	1
"M2"	"Transcriptional regulation of pluripotent stem cells"	"Transcriptional regulation of pluripotent stem cells"	"1/167"	"42/7644"	0.605556418705813	0.907045401119788	0.839472479042978	"SALL4"	1
"M2"	"EPH-Ephrin signaling"	"EPH-Ephrin signaling"	"2/167"	"94/7644"	0.613082019969935	0.907045401119788	0.839472479042978	"MMP9/EFNB3"	2
"M2"	"Transport of inorganic cations/anions and amino acids/oligopeptides"	"Transport of inorganic cations/anions and amino acids/oligopeptides"	"2/167"	"94/7644"	0.613082019969935	0.907045401119788	0.839472479042978	"SLC7A2/SLC6A15"	2
"M2"	"Iron uptake and transport"	"Iron uptake and transport"	"1/167"	"43/7644"	0.614221517110987	0.907045401119788	0.839472479042978	"ATP6V1B1"	1
"M2"	"Vasopressin regulates renal water homeostasis via Aquaporins"	"Vasopressin regulates renal water homeostasis via Aquaporins"	"1/167"	"43/7644"	0.614221517110987	0.907045401119788	0.839472479042978	"GNG4"	1
"M2"	"Voltage gated Potassium channels"	"Voltage gated Potassium channels"	"1/167"	"43/7644"	0.614221517110987	0.907045401119788	0.839472479042978	"KCNG1"	1
"M2"	"Regulation of actin dynamics for phagocytic cup formation"	"Regulation of actin dynamics for phagocytic cup formation"	"2/167"	"95/7644"	0.618867653698375	0.907045401119788	0.839472479042978	"FCGR3A/CD3G"	2
"M2"	"FRS2-mediated cascade"	"FRS2-mediated cascade"	"1/167"	"44/7644"	0.62269737642456	0.907045401119788	0.839472479042978	"FGF7"	1
"M2"	"MyD88:Mal cascade initiated on plasma membrane"	"MyD88:Mal cascade initiated on plasma membrane"	"2/167"	"96/7644"	0.624587033675189	0.907045401119788	0.839472479042978	"SAA1/S100B"	2
"M2"	"Toll Like Receptor 2 (TLR2) Cascade"	"Toll Like Receptor 2 (TLR2) Cascade"	"2/167"	"96/7644"	0.624587033675189	0.907045401119788	0.839472479042978	"SAA1/S100B"	2
"M2"	"Toll Like Receptor TLR1:TLR2 Cascade"	"Toll Like Receptor TLR1:TLR2 Cascade"	"2/167"	"96/7644"	0.624587033675189	0.907045401119788	0.839472479042978	"SAA1/S100B"	2
"M2"	"Toll Like Receptor TLR6:TLR2 Cascade"	"Toll Like Receptor TLR6:TLR2 Cascade"	"2/167"	"96/7644"	0.624587033675189	0.907045401119788	0.839472479042978	"SAA1/S100B"	2
"M2"	"L1CAM interactions"	"L1CAM interactions"	"2/167"	"97/7644"	0.630240275394718	0.907045401119788	0.839472479042978	"SCN8A/SPTB"	2
"M2"	"Transport of glucose and other sugars, bile salts and organic acids, metal ions and amine compounds"	"Transport of glucose and other sugars, bile salts and organic acids, metal ions and amine compounds"	"2/167"	"97/7644"	0.630240275394718	0.907045401119788	0.839472479042978	"SLC44A5/SLC6A15"	2
"M2"	"Signaling by FGFR mutants"	"Signaling by FGFR mutants"	"1/167"	"45/7644"	0.630988105126809	0.907045401119788	0.839472479042978	"FGF7"	1
"M2"	"Defensins"	"Defensins"	"1/167"	"46/7644"	0.639097723029668	0.915524073821047	0.8473195089521	"CCR2"	1
"M2"	"Transmission across Chemical Synapses"	"Transmission across Chemical Synapses"	"4/167"	"201/7644"	0.644942151575784	0.920517139367953	0.851940601906776	"SYT1/PPFIA4/GNG4/KCNJ5"	4
"M2"	"Scavenging of heme from plasma"	"Scavenging of heme from plasma"	"1/167"	"47/7644"	0.647030163178924	0.920517139367953	0.851940601906776	"CD163"	1
"M2"	"Signaling by ERBB4"	"Signaling by ERBB4"	"3/167"	"154/7644"	0.659005597054533	0.934343551988276	0.864736976668529	"CXCL12/FGF7/S100B"	3
"M2"	"Cross-presentation of soluble exogenous antigens (endosomes)"	"Cross-presentation of soluble exogenous antigens (endosomes)"	"1/167"	"49/7644"	0.662378819699202	0.935920926127883	0.866196839843756	"MRC1"	1
"M2"	"SLC-mediated transmembrane transport"	"SLC-mediated transmembrane transport"	"5/167"	"259/7644"	0.673604764732419	0.948545485031366	0.877880896393128	"SLCO2B1/SLCO2A1/SLC44A5/SLC7A2/SLC6A15"	5
"M2"	"Apoptotic execution  phase"	"Apoptotic execution  phase"	"1/167"	"52/7644"	0.684166511855466	0.960152325112416	0.888623051972844	"PRKCQ"	1
"M2"	"Heparan sulfate/heparin (HS-GAG) metabolism"	"Heparan sulfate/heparin (HS-GAG) metabolism"	"1/167"	"54/7644"	0.69790926408872	0.972843216608518	0.900368499480042	"HS3ST2"	1
"M2"	"Phospholipase C-mediated cascade"	"Phospholipase C-mediated cascade"	"1/167"	"54/7644"	0.69790926408872	0.972843216608518	0.900368499480042	"FGF7"	1
"M2"	"ECM proteoglycans"	"ECM proteoglycans"	"1/167"	"55/7644"	0.704556056301787	0.978812776204497	0.905893339787533	"LRP4"	1
"M2"	"FCERI mediated NF-kB activation"	"FCERI mediated NF-kB activation"	"1/167"	"57/7644"	0.717416631115353	0.990034950939187	0.916279486757854	"PRKCQ"	1
"M2"	"Meiotic synapsis"	"Meiotic synapsis"	"1/167"	"57/7644"	0.717416631115353	0.990034950939187	0.916279486757854	"SYCP2"	1
"M2"	"Signaling by Insulin receptor"	"Signaling by Insulin receptor"	"2/167"	"116/7644"	0.725403926010101	0.991379116053931	0.917523514476559	"FGF7/ATP6V1B1"	2
"M2"	"Cell-cell junction organization"	"Cell-cell junction organization"	"1/167"	"60/7644"	0.735671375403196	0.991379116053931	0.917523514476559	"CADM1"	1
"M2"	"Fcgamma receptor (FCGR) dependent phagocytosis"	"Fcgamma receptor (FCGR) dependent phagocytosis"	"2/167"	"119/7644"	0.738389829955435	0.991379116053931	0.917523514476559	"FCGR3A/CD3G"	2
"M2"	"Ca2+ pathway"	"Ca2+ pathway"	"1/167"	"61/7644"	0.741491902869925	0.991379116053931	0.917523514476559	"GNG4"	1
"M2"	"FCERI mediated Ca+2 mobilization"	"FCERI mediated Ca+2 mobilization"	"1/167"	"62/7644"	0.747185012750014	0.991379116053931	0.917523514476559	"ITK"	1
"M2"	"DAP12 interactions"	"DAP12 interactions"	"3/167"	"179/7644"	0.755178952311027	0.991379116053931	0.917523514476559	"TREM1/FGF7/CD300E"	3
"M2"	"Fatty acid, triacylglycerol, and ketone body metabolism"	"Fatty acid, triacylglycerol, and ketone body metabolism"	"3/167"	"181/7644"	0.761844467018364	0.991379116053931	0.917523514476559	"ACSL5/G0S2/ELOVL4"	3
"M2"	"Signaling by PDGF"	"Signaling by PDGF"	"3/167"	"184/7644"	0.771568627298043	0.991379116053931	0.917523514476559	"FGF7/COL4A4/COL6A6"	3
"M2"	"Semaphorin interactions"	"Semaphorin interactions"	"1/167"	"67/7644"	0.773834276208233	0.991379116053931	0.917523514476559	"PTPRC"	1
"M2"	"PI3K Cascade"	"PI3K Cascade"	"1/167"	"68/7644"	0.778819055919626	0.991379116053931	0.917523514476559	"FGF7"	1
"M2"	"Metabolism of amino acids and derivatives"	"Metabolism of amino acids and derivatives"	"3/167"	"188/7644"	0.78403100202565	0.991379116053931	0.917523514476559	"CKB/KYNU/IDO1"	3
"M2"	"G alpha (q) signalling events"	"G alpha (q) signalling events"	"3/167"	"189/7644"	0.787058163590794	0.991379116053931	0.917523514476559	"SAA1/GNG4/PRKCQ"	3
"M2"	"misspliced LRP5 mutants have enhanced beta-catenin-dependent signaling"	"misspliced LRP5 mutants have enhanced beta-catenin-dependent signaling"	"3/167"	"190/7644"	0.790050395491724	0.991379116053931	0.917523514476559	"PIP5K1B/LGR6/DKK2"	3
"M2"	"RNF mutants show enhanced WNT signaling and proliferation"	"RNF mutants show enhanced WNT signaling and proliferation"	"3/167"	"190/7644"	0.790050395491724	0.991379116053931	0.917523514476559	"PIP5K1B/LGR6/DKK2"	3
"M2"	"TCF dependent signaling in response to WNT"	"TCF dependent signaling in response to WNT"	"3/167"	"190/7644"	0.790050395491724	0.991379116053931	0.917523514476559	"PIP5K1B/LGR6/DKK2"	3
"M2"	"XAV939 inhibits tankyrase, stabilizing AXIN"	"XAV939 inhibits tankyrase, stabilizing AXIN"	"3/167"	"190/7644"	0.790050395491724	0.991379116053931	0.917523514476559	"PIP5K1B/LGR6/DKK2"	3
"M2"	"G alpha (12/13) signalling events"	"G alpha (12/13) signalling events"	"1/167"	"75/7644"	0.810783955767933	0.991379116053931	0.917523514476559	"GNG4"	1
"M2"	"Neurotransmitter Receptor Binding And Downstream Transmission In The  Postsynaptic Cell"	"Neurotransmitter Receptor Binding And Downstream Transmission In The  Postsynaptic Cell"	"2/167"	"140/7644"	0.815391200941255	0.991379116053931	0.917523514476559	"GNG4/KCNJ5"	2
"M2"	"Regulation of insulin secretion"	"Regulation of insulin secretion"	"1/167"	"77/7644"	0.819041988533503	0.991379116053931	0.917523514476559	"GNG4"	1
"M2"	"Signaling by SCF-KIT"	"Signaling by SCF-KIT"	"2/167"	"144/7644"	0.82754660467905	0.991379116053931	0.917523514476559	"MMP9/FGF7"	2
"M2"	"Opioid Signalling"	"Opioid Signalling"	"1/167"	"80/7644"	0.830761999380341	0.991379116053931	0.917523514476559	"GNG4"	1
"M2"	"Apoptosis"	"Apoptosis"	"2/167"	"148/7644"	0.838981542439193	0.991379116053931	0.917523514476559	"GZMB/PRKCQ"	2
"M2"	"Signaling by the B Cell Receptor (BCR)"	"Signaling by the B Cell Receptor (BCR)"	"3/167"	"209/7644"	0.840584806829926	0.991379116053931	0.917523514476559	"CD79A/FGF7/CD79B"	3
"M2"	"Fc epsilon receptor (FCERI) signaling"	"Fc epsilon receptor (FCERI) signaling"	"3/167"	"212/7644"	0.847530316952918	0.991379116053931	0.917523514476559	"FGF7/ITK/PRKCQ"	3
"M2"	"Signaling by WNT in cancer"	"Signaling by WNT in cancer"	"3/167"	"212/7644"	0.847530316952918	0.991379116053931	0.917523514476559	"PIP5K1B/LGR6/DKK2"	3
"M2"	"Cell junction organization"	"Cell junction organization"	"1/167"	"85/7644"	0.848641989450798	0.991379116053931	0.917523514476559	"CADM1"	1
"M2"	"IRS-mediated signalling"	"IRS-mediated signalling"	"1/167"	"85/7644"	0.848641989450798	0.991379116053931	0.917523514476559	"FGF7"	1
"M2"	"Meiosis"	"Meiosis"	"1/167"	"85/7644"	0.848641989450798	0.991379116053931	0.917523514476559	"SYCP2"	1
"M2"	"Constitutive PI3K/AKT Signaling in Cancer"	"Constitutive PI3K/AKT Signaling in Cancer"	"1/167"	"86/7644"	0.851985922214618	0.991379116053931	0.917523514476559	"FGF7"	1
"M2"	"IRS-related events"	"IRS-related events"	"1/167"	"88/7644"	0.858455058106719	0.991379116053931	0.917523514476559	"FGF7"	1
"M2"	"Gastrin-CREB signalling pathway via PKC and MAPK"	"Gastrin-CREB signalling pathway via PKC and MAPK"	"3/167"	"217/7644"	0.858526725685039	0.991379116053931	0.917523514476559	"SAA1/GNG4/PRKCQ"	3
"M2"	"Defective AHCY causes Hypermethioninemia with S-adenosylhomocysteine hydrolase deficiency (HMAHCHD)"	"Defective AHCY causes Hypermethioninemia with S-adenosylhomocysteine hydrolase deficiency (HMAHCHD)"	"1/167"	"89/7644"	0.861583433609125	0.991379116053931	0.917523514476559	"GSTO2"	1
"M2"	"Defective GCLC causes Hemolytic anemia due to gamma-glutamylcysteine synthetase deficiency (HAGGSD)"	"Defective GCLC causes Hemolytic anemia due to gamma-glutamylcysteine synthetase deficiency (HAGGSD)"	"1/167"	"89/7644"	0.861583433609125	0.991379116053931	0.917523514476559	"GSTO2"	1
"M2"	"Defective GGT1 causes Glutathionuria (GLUTH)"	"Defective GGT1 causes Glutathionuria (GLUTH)"	"1/167"	"89/7644"	0.861583433609125	0.991379116053931	0.917523514476559	"GSTO2"	1
"M2"	"Defective GSS causes Glutathione synthetase deficiency (GSS deficiency)"	"Defective GSS causes Glutathione synthetase deficiency (GSS deficiency)"	"1/167"	"89/7644"	0.861583433609125	0.991379116053931	0.917523514476559	"GSTO2"	1
"M2"	"Defective MAT1A causes Methionine adenosyltransferase deficiency (MATD)"	"Defective MAT1A causes Methionine adenosyltransferase deficiency (MATD)"	"1/167"	"89/7644"	0.861583433609125	0.991379116053931	0.917523514476559	"GSTO2"	1
"M2"	"Defective OPLAH causes 5-oxoprolinase deficiency (OPLAHD)"	"Defective OPLAH causes 5-oxoprolinase deficiency (OPLAHD)"	"1/167"	"89/7644"	0.861583433609125	0.991379116053931	0.917523514476559	"GSTO2"	1
"M2"	"Defective SLC35D1 causes Schneckenbecken dysplasia (SCHBCKD)"	"Defective SLC35D1 causes Schneckenbecken dysplasia (SCHBCKD)"	"1/167"	"89/7644"	0.861583433609125	0.991379116053931	0.917523514476559	"GSTO2"	1
"M2"	"Defective TPMT causes Thiopurine S-methyltransferase deficiency (TPMT deficiency)"	"Defective TPMT causes Thiopurine S-methyltransferase deficiency (TPMT deficiency)"	"1/167"	"89/7644"	0.861583433609125	0.991379116053931	0.917523514476559	"GSTO2"	1
"M2"	"Defective UGT1A1 causes hyperbilirubinemia"	"Defective UGT1A1 causes hyperbilirubinemia"	"1/167"	"89/7644"	0.861583433609125	0.991379116053931	0.917523514476559	"GSTO2"	1
"M2"	"Defective UGT1A4 causes hyperbilirubinemia"	"Defective UGT1A4 causes hyperbilirubinemia"	"1/167"	"89/7644"	0.861583433609125	0.991379116053931	0.917523514476559	"GSTO2"	1
"M2"	"IRS-related events triggered by IGF1R"	"IRS-related events triggered by IGF1R"	"1/167"	"89/7644"	0.861583433609125	0.991379116053931	0.917523514476559	"FGF7"	1
"M2"	"Phase II conjugation"	"Phase II conjugation"	"1/167"	"89/7644"	0.861583433609125	0.991379116053931	0.917523514476559	"GSTO2"	1
"M2"	"Programmed Cell Death"	"Programmed Cell Death"	"2/167"	"160/7644"	0.869301097073335	0.991379116053931	0.917523514476559	"GZMB/PRKCQ"	2
"M2"	"IGF1R signaling cascade"	"IGF1R signaling cascade"	"1/167"	"92/7644"	0.870562109332689	0.991379116053931	0.917523514476559	"FGF7"	1
"M2"	"Insulin receptor signalling cascade"	"Insulin receptor signalling cascade"	"1/167"	"92/7644"	0.870562109332689	0.991379116053931	0.917523514476559	"FGF7"	1
"M2"	"Signaling by Type 1 Insulin-like Growth Factor 1 Receptor (IGF1R)"	"Signaling by Type 1 Insulin-like Growth Factor 1 Receptor (IGF1R)"	"1/167"	"92/7644"	0.870562109332689	0.991379116053931	0.917523514476559	"FGF7"	1
"M2"	"Signaling by Wnt"	"Signaling by Wnt"	"4/167"	"286/7644"	0.877203384929456	0.991379116053931	0.917523514476559	"GNG4/PIP5K1B/LGR6/DKK2"	4
"M2"	"PI3K/AKT Signaling in Cancer"	"PI3K/AKT Signaling in Cancer"	"1/167"	"100/7644"	0.891773618728312	0.991379116053931	0.917523514476559	"FGF7"	1
"M2"	"PI-3K cascade"	"PI-3K cascade"	"1/167"	"100/7644"	0.891773618728312	0.991379116053931	0.917523514476559	"FGF7"	1
"M2"	"PI3K events in ERBB2 signaling"	"PI3K events in ERBB2 signaling"	"1/167"	"100/7644"	0.891773618728312	0.991379116053931	0.917523514476559	"FGF7"	1
"M2"	"PI3K events in ERBB4 signaling"	"PI3K events in ERBB4 signaling"	"1/167"	"100/7644"	0.891773618728312	0.991379116053931	0.917523514476559	"FGF7"	1
"M2"	"PIP3 activates AKT signaling"	"PIP3 activates AKT signaling"	"1/167"	"100/7644"	0.891773618728312	0.991379116053931	0.917523514476559	"FGF7"	1
"M2"	"O-linked glycosylation"	"O-linked glycosylation"	"1/167"	"103/7644"	0.89880395535507	0.991379116053931	0.917523514476559	"SBSPON"	1
"M2"	"PI3K/AKT activation"	"PI3K/AKT activation"	"1/167"	"103/7644"	0.89880395535507	0.991379116053931	0.917523514476559	"FGF7"	1
"M2"	"GAB1 signalosome"	"GAB1 signalosome"	"1/167"	"104/7644"	0.90104500288931	0.991379116053931	0.917523514476559	"FGF7"	1
"M2"	"Integration of energy metabolism"	"Integration of energy metabolism"	"1/167"	"104/7644"	0.90104500288931	0.991379116053931	0.917523514476559	"GNG4"	1
"M2"	"VEGFA-VEGFR2 Pathway"	"VEGFA-VEGFR2 Pathway"	"1/167"	"105/7644"	0.903236711711257	0.991379116053931	0.917523514476559	"CYBB"	1
"M2"	"PPARA activates gene expression"	"PPARA activates gene expression"	"1/167"	"111/7644"	0.915409706141209	0.991379116053931	0.917523514476559	"G0S2"	1
"M2"	"Signaling by VEGF"	"Signaling by VEGF"	"1/167"	"113/7644"	0.919118961185534	0.991379116053931	0.917523514476559	"CYBB"	1
"M2"	"Regulation of lipid metabolism by Peroxisome proliferator-activated receptor alpha (PPARalpha)"	"Regulation of lipid metabolism by Peroxisome proliferator-activated receptor alpha (PPARalpha)"	"1/167"	"114/7644"	0.920912499026726	0.991379116053931	0.917523514476559	"G0S2"	1
"M2"	"Glycogen storage diseases"	"Glycogen storage diseases"	"3/167"	"258/7644"	0.925399331528137	0.991379116053931	0.917523514476559	"FBP1/HS3ST2/NHLRC1"	3
"M2"	"Metabolism of carbohydrates"	"Metabolism of carbohydrates"	"3/167"	"258/7644"	0.925399331528137	0.991379116053931	0.917523514476559	"FBP1/HS3ST2/NHLRC1"	3
"M2"	"Myoclonic epilepsy of Lafora"	"Myoclonic epilepsy of Lafora"	"3/167"	"258/7644"	0.925399331528137	0.991379116053931	0.917523514476559	"FBP1/HS3ST2/NHLRC1"	3
"M2"	"Defective B3GAT3 causes JDSSDHD"	"Defective B3GAT3 causes JDSSDHD"	"1/167"	"121/7644"	0.932407402524198	0.991379116053931	0.917523514476559	"HS3ST2"	1
"M2"	"Defective B4GALT1 causes B4GALT1-CDG (CDG-2d)"	"Defective B4GALT1 causes B4GALT1-CDG (CDG-2d)"	"1/167"	"121/7644"	0.932407402524198	0.991379116053931	0.917523514476559	"HS3ST2"	1
"M2"	"Defective B4GALT7 causes EDS, progeroid type"	"Defective B4GALT7 causes EDS, progeroid type"	"1/167"	"121/7644"	0.932407402524198	0.991379116053931	0.917523514476559	"HS3ST2"	1
"M2"	"Defective CHST14 causes EDS, musculocontractural type"	"Defective CHST14 causes EDS, musculocontractural type"	"1/167"	"121/7644"	0.932407402524198	0.991379116053931	0.917523514476559	"HS3ST2"	1
"M2"	"Defective CHST3 causes SEDCJD"	"Defective CHST3 causes SEDCJD"	"1/167"	"121/7644"	0.932407402524198	0.991379116053931	0.917523514476559	"HS3ST2"	1
"M2"	"Defective CHST6 causes MCDC1"	"Defective CHST6 causes MCDC1"	"1/167"	"121/7644"	0.932407402524198	0.991379116053931	0.917523514476559	"HS3ST2"	1
"M2"	"Defective CHSY1 causes TPBS"	"Defective CHSY1 causes TPBS"	"1/167"	"121/7644"	0.932407402524198	0.991379116053931	0.917523514476559	"HS3ST2"	1
"M2"	"Defective EXT1 causes exostoses 1, TRPS2 and CHDS"	"Defective EXT1 causes exostoses 1, TRPS2 and CHDS"	"1/167"	"121/7644"	0.932407402524198	0.991379116053931	0.917523514476559	"HS3ST2"	1
"M2"	"Defective EXT2 causes exostoses 2"	"Defective EXT2 causes exostoses 2"	"1/167"	"121/7644"	0.932407402524198	0.991379116053931	0.917523514476559	"HS3ST2"	1
"M2"	"Defective PAPSS2 causes SEMD-PA"	"Defective PAPSS2 causes SEMD-PA"	"1/167"	"121/7644"	0.932407402524198	0.991379116053931	0.917523514476559	"HS3ST2"	1
"M2"	"Defective SLC26A2 causes chondrodysplasias"	"Defective SLC26A2 causes chondrodysplasias"	"1/167"	"121/7644"	0.932407402524198	0.991379116053931	0.917523514476559	"HS3ST2"	1
"M2"	"Diseases associated with glycosaminoglycan metabolism"	"Diseases associated with glycosaminoglycan metabolism"	"1/167"	"121/7644"	0.932407402524198	0.991379116053931	0.917523514476559	"HS3ST2"	1
"M2"	"Glycosaminoglycan metabolism"	"Glycosaminoglycan metabolism"	"1/167"	"121/7644"	0.932407402524198	0.991379116053931	0.917523514476559	"HS3ST2"	1
"M2"	"MPS I - Hurler syndrome"	"MPS I - Hurler syndrome"	"1/167"	"121/7644"	0.932407402524198	0.991379116053931	0.917523514476559	"HS3ST2"	1
"M2"	"MPS II - Hunter syndrome"	"MPS II - Hunter syndrome"	"1/167"	"121/7644"	0.932407402524198	0.991379116053931	0.917523514476559	"HS3ST2"	1
"M2"	"MPS IIIA - Sanfilippo syndrome A"	"MPS IIIA - Sanfilippo syndrome A"	"1/167"	"121/7644"	0.932407402524198	0.991379116053931	0.917523514476559	"HS3ST2"	1
"M2"	"MPS IIIB - Sanfilippo syndrome B"	"MPS IIIB - Sanfilippo syndrome B"	"1/167"	"121/7644"	0.932407402524198	0.991379116053931	0.917523514476559	"HS3ST2"	1
"M2"	"MPS IIIC - Sanfilippo syndrome C"	"MPS IIIC - Sanfilippo syndrome C"	"1/167"	"121/7644"	0.932407402524198	0.991379116053931	0.917523514476559	"HS3ST2"	1
"M2"	"MPS IIID - Sanfilippo syndrome D"	"MPS IIID - Sanfilippo syndrome D"	"1/167"	"121/7644"	0.932407402524198	0.991379116053931	0.917523514476559	"HS3ST2"	1
"M2"	"MPS IV - Morquio syndrome A"	"MPS IV - Morquio syndrome A"	"1/167"	"121/7644"	0.932407402524198	0.991379116053931	0.917523514476559	"HS3ST2"	1
"M2"	"MPS IV - Morquio syndrome B"	"MPS IV - Morquio syndrome B"	"1/167"	"121/7644"	0.932407402524198	0.991379116053931	0.917523514476559	"HS3ST2"	1
"M2"	"MPS IX - Natowicz syndrome"	"MPS IX - Natowicz syndrome"	"1/167"	"121/7644"	0.932407402524198	0.991379116053931	0.917523514476559	"HS3ST2"	1
"M2"	"MPS VII - Sly syndrome"	"MPS VII - Sly syndrome"	"1/167"	"121/7644"	0.932407402524198	0.991379116053931	0.917523514476559	"HS3ST2"	1
"M2"	"MPS VI - Maroteaux-Lamy syndrome"	"MPS VI - Maroteaux-Lamy syndrome"	"1/167"	"121/7644"	0.932407402524198	0.991379116053931	0.917523514476559	"HS3ST2"	1
"M2"	"Mucopolysaccharidoses"	"Mucopolysaccharidoses"	"1/167"	"121/7644"	0.932407402524198	0.991379116053931	0.917523514476559	"HS3ST2"	1
"M2"	"Signaling by NOTCH"	"Signaling by NOTCH"	"1/167"	"122/7644"	0.933907862949355	0.991379116053931	0.917523514476559	"GZMB"	1
"M2"	"Cell-Cell communication"	"Cell-Cell communication"	"1/167"	"130/7644"	0.944778544752056	0.994528597051506	0.920438365946474	"CADM1"	1
"M2"	"Antigen processing: Ubiquitination & Proteasome degradation"	"Antigen processing: Ubiquitination & Proteasome degradation"	"2/167"	"211/7644"	0.948210507837984	0.994528597051506	0.920438365946474	"FBXO17/ASB2"	2
"M2"	"Host Interactions of HIV factors"	"Host Interactions of HIV factors"	"1/167"	"135/7644"	0.95064979626113	0.994528597051506	0.920438365946474	"CD8B"	1
"M2"	"Role of LAT2/NTAL/LAB on calcium mobilization"	"Role of LAT2/NTAL/LAB on calcium mobilization"	"1/167"	"141/7644"	0.956881577652599	0.994528597051506	0.920438365946474	"FGF7"	1
"M2"	"beta-catenin independent WNT signaling"	"beta-catenin independent WNT signaling"	"1/167"	"144/7644"	0.959697495338607	0.994528597051506	0.920438365946474	"GNG4"	1
"M2"	"HIV Life Cycle"	"HIV Life Cycle"	"1/167"	"146/7644"	0.961472435056898	0.994528597051506	0.920438365946474	"CCR5"	1
"M2"	"HIV Infection"	"HIV Infection"	"2/167"	"227/7644"	0.961676793848707	0.994528597051506	0.920438365946474	"CCR5/CD8B"	2
"M2"	"Downstream signaling of activated FGFR"	"Downstream signaling of activated FGFR"	"1/167"	"149/7644"	0.963990179858412	0.994528597051506	0.920438365946474	"FGF7"	1
"M2"	"Downstream signal transduction"	"Downstream signal transduction"	"1/167"	"161/7644"	0.972527410963064	0.994528597051506	0.920438365946474	"FGF7"	1
"M2"	"Signaling by FGFR"	"Signaling by FGFR"	"1/167"	"162/7644"	0.97314052366775	0.994528597051506	0.920438365946474	"FGF7"	1
"M2"	"Signaling by ERBB2"	"Signaling by ERBB2"	"1/167"	"163/7644"	0.973740033497673	0.994528597051506	0.920438365946474	"FGF7"	1
"M2"	"DAP12 signaling"	"DAP12 signaling"	"1/167"	"164/7644"	0.974326240476137	0.994528597051506	0.920438365946474	"FGF7"	1
"M2"	"Downstream signaling events of B Cell Receptor (BCR)"	"Downstream signaling events of B Cell Receptor (BCR)"	"1/167"	"170/7644"	0.97758011274228	0.994528597051506	0.920438365946474	"FGF7"	1
"M2"	"Signaling by FGFR in disease"	"Signaling by FGFR in disease"	"1/167"	"177/7644"	0.980861512355275	0.994528597051506	0.920438365946474	"FGF7"	1
"M2"	"Signaling by EGFR"	"Signaling by EGFR"	"1/167"	"179/7644"	0.981708062745881	0.994528597051506	0.920438365946474	"FGF7"	1
"M2"	"Signaling by Overexpressed Wild-Type EGFR in Cancer"	"Signaling by Overexpressed Wild-Type EGFR in Cancer"	"1/167"	"179/7644"	0.981708062745881	0.994528597051506	0.920438365946474	"FGF7"	1
"M2"	"Signaling by EGFR in Cancer"	"Signaling by EGFR in Cancer"	"1/167"	"181/7644"	0.98251738211127	0.994528597051506	0.920438365946474	"FGF7"	1
"M2"	"Signaling by EGFRvIII in Cancer"	"Signaling by EGFRvIII in Cancer"	"1/167"	"181/7644"	0.98251738211127	0.994528597051506	0.920438365946474	"FGF7"	1
"M2"	"Signaling by Ligand-Responsive EGFR Variants in Cancer"	"Signaling by Ligand-Responsive EGFR Variants in Cancer"	"1/167"	"181/7644"	0.98251738211127	0.994528597051506	0.920438365946474	"FGF7"	1
"M2"	"NGF signalling via TRKA from the plasma membrane"	"NGF signalling via TRKA from the plasma membrane"	"1/167"	"206/7644"	0.990080481933162	0.998721105236672	0.924318541332695	"FGF7"	1
"M2"	"Diseases of glycosylation"	"Diseases of glycosylation"	"1/167"	"227/7644"	0.993846732333857	0.998721105236672	0.924318541332695	"HS3ST2"	1
"M2"	"Post-translational protein modification"	"Post-translational protein modification"	"1/167"	"278/7644"	0.998081444761577	0.998721105236672	0.924318541332695	"SBSPON"	1
"M2"	"Signalling by NGF"	"Signalling by NGF"	"1/167"	"287/7644"	0.998439408766575	0.998721105236672	0.924318541332695	"FGF7"	1
"M2"	"Generic Transcription Pathway"	"Generic Transcription Pathway"	"3/167"	"483/7644"	0.998721105236672	0.998721105236672	0.924318541332695	"ZNF711/ZNF793/ZNF486"	3
"M3"	"Extracellular matrix organization"	"Extracellular matrix organization"	"46/129"	"266/7644"	3.12006168943481e-35	1.11698208481766e-32	9.68861261456072e-33	"COL1A1/COL3A1/COL1A2/FN1/LUM/COL6A3/DCN/TNC/MMP2/COL5A2/COL5A1/SERPINE1/VCAN/COL12A1/MMP11/FBLN2/MMP1/FBN1/COL16A1/ITGB6/CTSK/COL8A1/COL11A1/SDC2/COL15A1/ADAMTS2/COL10A1/MFAP4/MMP7/ELN/COL5A3/ASPN/ITGA11/COL14A1/COL8A2/LOXL4/MMP13/BMP2/COMP/TGFB2/BMP4/MFAP5/MATN3/ADAMTS5/MMP3/COL22A1"	46
"M3"	"Collagen formation"	"Collagen formation"	"21/129"	"86/7644"	2.57586839941043e-19	4.61080443494467e-17	3.99937462013725e-17	"COL1A1/COL3A1/COL1A2/COL6A3/COL5A2/COL5A1/COL12A1/COL16A1/COL8A1/COL11A1/COL15A1/ADAMTS2/COL10A1/MMP7/COL5A3/COL14A1/COL8A2/LOXL4/MMP13/MMP3/COL22A1"	21
"M3"	"Collagen biosynthesis and modifying enzymes"	"Collagen biosynthesis and modifying enzymes"	"17/129"	"64/7644"	1.76464121700854e-16	1.84447649595218e-14	1.59988405264891e-14	"COL1A1/COL3A1/COL1A2/COL6A3/COL5A2/COL5A1/COL12A1/COL16A1/COL8A1/COL11A1/COL15A1/ADAMTS2/COL10A1/COL5A3/COL14A1/COL8A2/COL22A1"	17
"M3"	"Assembly of collagen fibrils and other multimeric structures"	"Assembly of collagen fibrils and other multimeric structures"	"16/129"	"54/7644"	2.06086759324266e-16	1.84447649595218e-14	1.59988405264891e-14	"COL1A1/COL3A1/COL1A2/COL6A3/COL5A2/COL5A1/COL8A1/COL11A1/COL15A1/COL10A1/MMP7/COL5A3/COL8A2/LOXL4/MMP13/MMP3"	16
"M3"	"Collagen degradation"	"Collagen degradation"	"11/129"	"38/7644"	1.68139031041561e-11	1.20387546225758e-09	1.04423187699496e-09	"MMP2/COL12A1/MMP11/MMP1/COL16A1/CTSK/COL15A1/MMP7/COL14A1/MMP13/MMP3"	11
"M3"	"Elastic fibre formation"	"Elastic fibre formation"	"10/129"	"41/7644"	9.4926782458183e-10	5.66396468667159e-08	4.91287733774807e-08	"FBLN2/FBN1/ITGB6/MFAP4/ELN/LOXL4/BMP2/TGFB2/BMP4/MFAP5"	10
"M3"	"Degradation of the extracellular matrix"	"Degradation of the extracellular matrix"	"13/129"	"89/7644"	2.31947746858582e-09	1.18624704821961e-07	1.02894113268093e-07	"DCN/MMP2/COL12A1/MMP11/MMP1/COL16A1/CTSK/COL15A1/MMP7/COL14A1/MMP13/ADAMTS5/MMP3"	13
"M3"	"ECM proteoglycans"	"ECM proteoglycans"	"10/129"	"55/7644"	2.02810370725031e-08	9.07576408994512e-07	7.87224465314264e-07	"LUM/DCN/TNC/SERPINE1/VCAN/ITGB6/ASPN/COMP/TGFB2/MATN3"	10
"M3"	"Molecules associated with elastic fibres"	"Molecules associated with elastic fibres"	"7/129"	"30/7644"	4.8804888863212e-07	1.94135002366999e-05	1.68391137013422e-05	"FBLN2/ITGB6/MFAP4/BMP2/TGFB2/BMP4/MFAP5"	7
"M3"	"Activation of Matrix Metalloproteinases"	"Activation of Matrix Metalloproteinases"	"7/129"	"32/7644"	7.84568116819538e-07	2.80875385821394e-05	2.43629046801856e-05	"MMP2/MMP11/MMP1/CTSK/MMP7/MMP13/MMP3"	7
"M3"	"Regulation of Insulin-like Growth Factor (IGF) transport and uptake by Insulin-like Growth Factor Binding Proteins (IGFBPs)"	"Regulation of Insulin-like Growth Factor (IGF) transport and uptake by Insulin-like Growth Factor Binding Proteins (IGFBPs)"	"6/129"	"21/7644"	9.06390944175493e-07	2.94989052740751e-05	2.55871127781599e-05	"IGFBP5/MMP2/MMP1/IGF2/IGFBP6/PAPPA"	6
"M3"	"Integrin cell surface interactions"	"Integrin cell surface interactions"	"8/129"	"66/7644"	1.33715910048461e-05	0.000398919131644574	0.000346019240914876	"FN1/LUM/TNC/FBN1/COL16A1/ITGB6/ITGA11/COMP"	8
"M3"	"O-glycosylation of TSR domain-containing proteins"	"O-glycosylation of TSR domain-containing proteins"	"6/129"	"39/7644"	4.2481475593265e-05	0.00116987448172222	0.00101473970040593	"THBS2/ADAMTS2/SPON1/ADAMTS12/ADAMTS15/ADAMTS5"	6
"M3"	"A tetrasaccharide linker sequence is required for GAG synthesis"	"A tetrasaccharide linker sequence is required for GAG synthesis"	"5/129"	"26/7644"	6.26745916465014e-05	0.00160267884353196	0.00139015071697127	"DCN/VCAN/SDC2/CSPG4/GPC6"	5
"M3"	"Defective B3GAT3 causes JDSSDHD"	"Defective B3GAT3 causes JDSSDHD"	"9/129"	"121/7644"	0.000192799152311291	0.00176979734685749	0.0015351079603733	"LUM/DCN/VCAN/SDC2/PRELP/CSPG4/GPC6/HAS2/CHST6"	9
"M3"	"Defective B4GALT1 causes B4GALT1-CDG (CDG-2d)"	"Defective B4GALT1 causes B4GALT1-CDG (CDG-2d)"	"9/129"	"121/7644"	0.000192799152311291	0.00176979734685749	0.0015351079603733	"LUM/DCN/VCAN/SDC2/PRELP/CSPG4/GPC6/HAS2/CHST6"	9
"M3"	"Defective B4GALT7 causes EDS, progeroid type"	"Defective B4GALT7 causes EDS, progeroid type"	"9/129"	"121/7644"	0.000192799152311291	0.00176979734685749	0.0015351079603733	"LUM/DCN/VCAN/SDC2/PRELP/CSPG4/GPC6/HAS2/CHST6"	9
"M3"	"Defective CHST14 causes EDS, musculocontractural type"	"Defective CHST14 causes EDS, musculocontractural type"	"9/129"	"121/7644"	0.000192799152311291	0.00176979734685749	0.0015351079603733	"LUM/DCN/VCAN/SDC2/PRELP/CSPG4/GPC6/HAS2/CHST6"	9
"M3"	"Defective CHST3 causes SEDCJD"	"Defective CHST3 causes SEDCJD"	"9/129"	"121/7644"	0.000192799152311291	0.00176979734685749	0.0015351079603733	"LUM/DCN/VCAN/SDC2/PRELP/CSPG4/GPC6/HAS2/CHST6"	9
"M3"	"Defective CHST6 causes MCDC1"	"Defective CHST6 causes MCDC1"	"9/129"	"121/7644"	0.000192799152311291	0.00176979734685749	0.0015351079603733	"LUM/DCN/VCAN/SDC2/PRELP/CSPG4/GPC6/HAS2/CHST6"	9
"M3"	"Defective CHSY1 causes TPBS"	"Defective CHSY1 causes TPBS"	"9/129"	"121/7644"	0.000192799152311291	0.00176979734685749	0.0015351079603733	"LUM/DCN/VCAN/SDC2/PRELP/CSPG4/GPC6/HAS2/CHST6"	9
"M3"	"Defective EXT1 causes exostoses 1, TRPS2 and CHDS"	"Defective EXT1 causes exostoses 1, TRPS2 and CHDS"	"9/129"	"121/7644"	0.000192799152311291	0.00176979734685749	0.0015351079603733	"LUM/DCN/VCAN/SDC2/PRELP/CSPG4/GPC6/HAS2/CHST6"	9
"M3"	"Defective EXT2 causes exostoses 2"	"Defective EXT2 causes exostoses 2"	"9/129"	"121/7644"	0.000192799152311291	0.00176979734685749	0.0015351079603733	"LUM/DCN/VCAN/SDC2/PRELP/CSPG4/GPC6/HAS2/CHST6"	9
"M3"	"Defective PAPSS2 causes SEMD-PA"	"Defective PAPSS2 causes SEMD-PA"	"9/129"	"121/7644"	0.000192799152311291	0.00176979734685749	0.0015351079603733	"LUM/DCN/VCAN/SDC2/PRELP/CSPG4/GPC6/HAS2/CHST6"	9
"M3"	"Defective SLC26A2 causes chondrodysplasias"	"Defective SLC26A2 causes chondrodysplasias"	"9/129"	"121/7644"	0.000192799152311291	0.00176979734685749	0.0015351079603733	"LUM/DCN/VCAN/SDC2/PRELP/CSPG4/GPC6/HAS2/CHST6"	9
"M3"	"Diseases associated with glycosaminoglycan metabolism"	"Diseases associated with glycosaminoglycan metabolism"	"9/129"	"121/7644"	0.000192799152311291	0.00176979734685749	0.0015351079603733	"LUM/DCN/VCAN/SDC2/PRELP/CSPG4/GPC6/HAS2/CHST6"	9
"M3"	"Glycosaminoglycan metabolism"	"Glycosaminoglycan metabolism"	"9/129"	"121/7644"	0.000192799152311291	0.00176979734685749	0.0015351079603733	"LUM/DCN/VCAN/SDC2/PRELP/CSPG4/GPC6/HAS2/CHST6"	9
"M3"	"MPS I - Hurler syndrome"	"MPS I - Hurler syndrome"	"9/129"	"121/7644"	0.000192799152311291	0.00176979734685749	0.0015351079603733	"LUM/DCN/VCAN/SDC2/PRELP/CSPG4/GPC6/HAS2/CHST6"	9
"M3"	"MPS II - Hunter syndrome"	"MPS II - Hunter syndrome"	"9/129"	"121/7644"	0.000192799152311291	0.00176979734685749	0.0015351079603733	"LUM/DCN/VCAN/SDC2/PRELP/CSPG4/GPC6/HAS2/CHST6"	9
"M3"	"MPS IIIA - Sanfilippo syndrome A"	"MPS IIIA - Sanfilippo syndrome A"	"9/129"	"121/7644"	0.000192799152311291	0.00176979734685749	0.0015351079603733	"LUM/DCN/VCAN/SDC2/PRELP/CSPG4/GPC6/HAS2/CHST6"	9
"M3"	"MPS IIIB - Sanfilippo syndrome B"	"MPS IIIB - Sanfilippo syndrome B"	"9/129"	"121/7644"	0.000192799152311291	0.00176979734685749	0.0015351079603733	"LUM/DCN/VCAN/SDC2/PRELP/CSPG4/GPC6/HAS2/CHST6"	9
"M3"	"MPS IIIC - Sanfilippo syndrome C"	"MPS IIIC - Sanfilippo syndrome C"	"9/129"	"121/7644"	0.000192799152311291	0.00176979734685749	0.0015351079603733	"LUM/DCN/VCAN/SDC2/PRELP/CSPG4/GPC6/HAS2/CHST6"	9
"M3"	"MPS IIID - Sanfilippo syndrome D"	"MPS IIID - Sanfilippo syndrome D"	"9/129"	"121/7644"	0.000192799152311291	0.00176979734685749	0.0015351079603733	"LUM/DCN/VCAN/SDC2/PRELP/CSPG4/GPC6/HAS2/CHST6"	9
"M3"	"MPS IV - Morquio syndrome A"	"MPS IV - Morquio syndrome A"	"9/129"	"121/7644"	0.000192799152311291	0.00176979734685749	0.0015351079603733	"LUM/DCN/VCAN/SDC2/PRELP/CSPG4/GPC6/HAS2/CHST6"	9
"M3"	"MPS IV - Morquio syndrome B"	"MPS IV - Morquio syndrome B"	"9/129"	"121/7644"	0.000192799152311291	0.00176979734685749	0.0015351079603733	"LUM/DCN/VCAN/SDC2/PRELP/CSPG4/GPC6/HAS2/CHST6"	9
"M3"	"MPS IX - Natowicz syndrome"	"MPS IX - Natowicz syndrome"	"9/129"	"121/7644"	0.000192799152311291	0.00176979734685749	0.0015351079603733	"LUM/DCN/VCAN/SDC2/PRELP/CSPG4/GPC6/HAS2/CHST6"	9
"M3"	"MPS VII - Sly syndrome"	"MPS VII - Sly syndrome"	"9/129"	"121/7644"	0.000192799152311291	0.00176979734685749	0.0015351079603733	"LUM/DCN/VCAN/SDC2/PRELP/CSPG4/GPC6/HAS2/CHST6"	9
"M3"	"MPS VI - Maroteaux-Lamy syndrome"	"MPS VI - Maroteaux-Lamy syndrome"	"9/129"	"121/7644"	0.000192799152311291	0.00176979734685749	0.0015351079603733	"LUM/DCN/VCAN/SDC2/PRELP/CSPG4/GPC6/HAS2/CHST6"	9
"M3"	"Mucopolysaccharidoses"	"Mucopolysaccharidoses"	"9/129"	"121/7644"	0.000192799152311291	0.00176979734685749	0.0015351079603733	"LUM/DCN/VCAN/SDC2/PRELP/CSPG4/GPC6/HAS2/CHST6"	9
"M3"	"Scavenging by Class A Receptors"	"Scavenging by Class A Receptors"	"4/129"	"19/7644"	0.000246523929250399	0.00220638916679107	0.00191380418760178	"COL1A1/COL3A1/COL1A2/COLEC12"	4
"M3"	"Dermatan sulfate biosynthesis"	"Dermatan sulfate biosynthesis"	"3/129"	"11/7644"	0.000701731317999309	0.00612731248399397	0.00531478148420529	"DCN/VCAN/CSPG4"	3
"M3"	"Dissolution of Fibrin Clot"	"Dissolution of Fibrin Clot"	"3/129"	"13/7644"	0.00118662143688541	0.0101145351048804	0.00877326626268659	"PLAU/SERPINE1/PLAT"	3
"M3"	"Chondroitin sulfate/dermatan sulfate metabolism"	"Chondroitin sulfate/dermatan sulfate metabolism"	"5/129"	"50/7644"	0.00146057682021208	0.0121370645982736	0.0105275920508401	"DCN/VCAN/SDC2/CSPG4/GPC6"	5
"M3"	"CS/DS degradation"	"CS/DS degradation"	"3/129"	"14/7644"	0.00149170626347497	0.0121370645982736	0.0105275920508401	"DCN/VCAN/CSPG4"	3
"M3"	"O-linked glycosylation"	"O-linked glycosylation"	"7/129"	"103/7644"	0.00171362714081074	0.0136328559202277	0.0118250293927291	"THBS2/ADAMTS2/SPON1/ADAMTS12/GALNT5/ADAMTS15/ADAMTS5"	7
"M3"	"Heparan sulfate/heparin (HS-GAG) metabolism"	"Heparan sulfate/heparin (HS-GAG) metabolism"	"5/129"	"54/7644"	0.00206613546613114	0.0160799238451076	0.0139475963960798	"DCN/VCAN/SDC2/CSPG4/GPC6"	5
"M3"	"Chondroitin sulfate biosynthesis"	"Chondroitin sulfate biosynthesis"	"3/129"	"20/7644"	0.00433898838398297	0.0330501668397001	0.0286674484496075	"DCN/VCAN/CSPG4"	3
"M3"	"Keratan sulfate biosynthesis"	"Keratan sulfate biosynthesis"	"3/129"	"28/7644"	0.0113048855345688	0.0820817862324608	0.0711970800899028	"LUM/PRELP/CHST6"	3
"M3"	"Glycogen storage diseases"	"Glycogen storage diseases"	"10/129"	"258/7644"	0.0116932153571383	0.0820817862324608	0.0711970800899028	"LUM/DCN/VCAN/SLC2A3/SDC2/PRELP/CSPG4/GPC6/HAS2/CHST6"	10
"M3"	"Metabolism of carbohydrates"	"Metabolism of carbohydrates"	"10/129"	"258/7644"	0.0116932153571383	0.0820817862324608	0.0711970800899028	"LUM/DCN/VCAN/SLC2A3/SDC2/PRELP/CSPG4/GPC6/HAS2/CHST6"	10
"M3"	"Myoclonic epilepsy of Lafora"	"Myoclonic epilepsy of Lafora"	"10/129"	"258/7644"	0.0116932153571383	0.0820817862324608	0.0711970800899028	"LUM/DCN/VCAN/SLC2A3/SDC2/PRELP/CSPG4/GPC6/HAS2/CHST6"	10
"M3"	"Adherens junctions interactions"	"Adherens junctions interactions"	"3/129"	"30/7644"	0.0136725958284482	0.0941305635881625	0.0816480924978182	"CDH13/CDH6/CDH2"	3
"M3"	"Diseases of glycosylation"	"Diseases of glycosylation"	"9/129"	"227/7644"	0.0143886196077414	0.0971910531994607	0.0843027365299645	"LUM/DCN/VCAN/SDC2/PRELP/CSPG4/GPC6/HAS2/CHST6"	9
"M3"	"Keratan sulfate degradation"	"Keratan sulfate degradation"	"2/129"	"12/7644"	0.016697902738372	0.110700910746985	0.0960210781251411	"LUM/PRELP"	2
"M3"	"Keratan sulfate/keratin metabolism"	"Keratan sulfate/keratin metabolism"	"3/129"	"33/7644"	0.017714791491068	0.115307188250952	0.100016526121819	"LUM/PRELP/CHST6"	3
"M3"	"FGFR4 ligand binding and activation"	"FGFR4 ligand binding and activation"	"2/129"	"13/7644"	0.0195181357022786	0.124776653239567	0.108230263762635	"FGFR4/FGF1"	2
"M3"	"negative regulation of TCF-dependent signaling by WNT ligand antagonists"	"negative regulation of TCF-dependent signaling by WNT ligand antagonists"	"2/129"	"15/7644"	0.0257041990439222	0.161440408030248	0.140032109288219	"SFRP2/SFRP1"	2
"M3"	"Activation of SMO"	"Activation of SMO"	"2/129"	"18/7644"	0.0362461561909843	0.223726274420213	0.194058367991658	"GAS1/BOC"	2
"M3"	"Binding and Uptake of Ligands by Scavenger Receptors"	"Binding and Uptake of Ligands by Scavenger Receptors"	"4/129"	"76/7644"	0.0391254171809827	0.237405073742234	0.205923248320962	"COL1A1/COL3A1/COL1A2/COLEC12"	4
"M3"	"Syndecan interactions"	"Syndecan interactions"	"2/129"	"20/7644"	0.0440413831626116	0.258875395337042	0.22454643229764	"TNC/SDC2"	2
"M3"	"Platelet degranulation"	"Platelet degranulation"	"4/129"	"79/7644"	0.0441100533954177	0.258875395337042	0.22454643229764	"FN1/SERPINE1/IGF2/TGFB2"	4
"M3"	"EPH-ephrin mediated repulsion of cells"	"EPH-ephrin mediated repulsion of cells"	"3/129"	"48/7644"	0.0468483089573366	0.270511203334299	0.234639238411109	"MMP2/EPHB2/EPHA3"	3
"M3"	"HS-GAG degradation"	"HS-GAG degradation"	"2/129"	"21/7644"	0.048150965833062	0.273619774098987	0.237335587648342	"SDC2/GPC6"	2
"M3"	"Response to elevated platelet cytosolic Ca2+"	"Response to elevated platelet cytosolic Ca2+"	"4/129"	"84/7644"	0.0531748265472542	0.297446685998703	0.258002859069737	"FN1/SERPINE1/IGF2/TGFB2"	4
"M3"	"Amyloids"	"Amyloids"	"3/129"	"51/7644"	0.0544144156696653	0.299697858611388	0.25995550805751	"TGFBI/HIST1H2BC/HIST1H2BJ"	3
"M3"	"FGFR ligand binding and activation"	"FGFR ligand binding and activation"	"2/129"	"23/7644"	0.0567652987854391	0.307908741896776	0.267077562068653	"FGFR4/FGF1"	2
"M3"	"Signaling by WNT in cancer"	"Signaling by WNT in cancer"	"7/129"	"212/7644"	0.0670092403315495	0.358049373711861	0.310569142149365	"SFRP2/DACT1/SFRP1/WNT2/HIST1H2BC/LGR5/HIST1H2BJ"	7
"M3"	"EPH-Ephrin signaling"	"EPH-Ephrin signaling"	"4/129"	"94/7644"	0.0741016097501236	0.384788304337034	0.333762275152676	"MMP2/SDC2/EPHB2/EPHA3"	4
"M3"	"DNA Damage/Telomere Stress Induced Senescence"	"DNA Damage/Telomere Stress Induced Senescence"	"3/129"	"58/7644"	0.0741631089364674	0.384788304337034	0.333762275152676	"HIST1H1C/HIST1H2BC/HIST1H2BJ"	3
"M3"	"Cell-cell junction organization"	"Cell-cell junction organization"	"3/129"	"60/7644"	0.0803165783804819	0.404976550143838	0.351273396919824	"CDH13/CDH6/CDH2"	3
"M3"	"HDACs deacetylate histones"	"HDACs deacetylate histones"	"3/129"	"60/7644"	0.0803165783804819	0.404976550143838	0.351273396919824	"HIST3H2A/HIST1H2BC/HIST1H2BJ"	3
"M3"	"CDO in myogenesis"	"CDO in myogenesis"	"2/129"	"29/7644"	0.0853846078685029	0.40756919489232	0.353522236087135	"BOC/CDH2"	2
"M3"	"Myogenesis"	"Myogenesis"	"2/129"	"29/7644"	0.0853846078685029	0.40756919489232	0.353522236087135	"BOC/CDH2"	2
"M3"	"SHC-mediated cascade"	"SHC-mediated cascade"	"2/129"	"29/7644"	0.0853846078685029	0.40756919489232	0.353522236087135	"FGFR4/FGF1"	2
"M3"	"SMAD2/SMAD3:SMAD4 heterotrimer regulates transcription"	"SMAD2/SMAD3:SMAD4 heterotrimer regulates transcription"	"2/129"	"29/7644"	0.0853846078685029	0.40756919489232	0.353522236087135	"SERPINE1/CDKN2B"	2
"M3"	"RNA Polymerase I Promoter Opening"	"RNA Polymerase I Promoter Opening"	"2/129"	"30/7644"	0.0905068944427925	0.412812856300373	0.358070545747163	"HIST1H2BC/HIST1H2BJ"	2
"M3"	"HS-GAG biosynthesis"	"HS-GAG biosynthesis"	"2/129"	"31/7644"	0.0957174267084519	0.412812856300373	0.358070545747163	"SDC2/GPC6"	2
"M3"	"Packaging Of Telomere Ends"	"Packaging Of Telomere Ends"	"2/129"	"31/7644"	0.0957174267084519	0.412812856300373	0.358070545747163	"HIST1H2BC/HIST1H2BJ"	2
"M3"	"Post-translational protein modification"	"Post-translational protein modification"	"8/129"	"278/7644"	0.0974895701156079	0.412812856300373	0.358070545747163	"THBS2/ADAMTS2/SPON1/ADAMTS12/GALNT5/ARSI/ADAMTS15/ADAMTS5"	8
"M3"	"Axon guidance"	"Axon guidance"	"9/129"	"327/7644"	0.100736375917168	0.412812856300373	0.358070545747163	"COL6A3/MMP2/SDC2/EPHB2/SLIT3/SCN4B/ABLIM2/PLXNA4/EPHA3"	9
"M3"	"DNA methylation"	"DNA methylation"	"2/129"	"32/7644"	0.10101182392708	0.412812856300373	0.358070545747163	"HIST1H2BC/HIST1H2BJ"	2
"M3"	"misspliced LRP5 mutants have enhanced beta-catenin-dependent signaling"	"misspliced LRP5 mutants have enhanced beta-catenin-dependent signaling"	"6/129"	"190/7644"	0.101786890444014	0.412812856300373	0.358070545747163	"SFRP2/DACT1/SFRP1/HIST1H2BC/LGR5/HIST1H2BJ"	6
"M3"	"RNF mutants show enhanced WNT signaling and proliferation"	"RNF mutants show enhanced WNT signaling and proliferation"	"6/129"	"190/7644"	0.101786890444014	0.412812856300373	0.358070545747163	"SFRP2/DACT1/SFRP1/HIST1H2BC/LGR5/HIST1H2BJ"	6
"M3"	"TCF dependent signaling in response to WNT"	"TCF dependent signaling in response to WNT"	"6/129"	"190/7644"	0.101786890444014	0.412812856300373	0.358070545747163	"SFRP2/DACT1/SFRP1/HIST1H2BC/LGR5/HIST1H2BJ"	6
"M3"	"XAV939 inhibits tankyrase, stabilizing AXIN"	"XAV939 inhibits tankyrase, stabilizing AXIN"	"6/129"	"190/7644"	0.101786890444014	0.412812856300373	0.358070545747163	"SFRP2/DACT1/SFRP1/HIST1H2BC/LGR5/HIST1H2BJ"	6
"M3"	"Signaling by Wnt"	"Signaling by Wnt"	"8/129"	"286/7644"	0.11003588660367	0.412812856300373	0.358070545747163	"SFRP2/ROR2/DACT1/SFRP1/WNT2/HIST1H2BC/LGR5/HIST1H2BJ"	8
"M3"	"Loss of Function of SMAD2/3 in Cancer"	"Loss of Function of SMAD2/3 in Cancer"	"3/129"	"70/7644"	0.114157745178036	0.412812856300373	0.358070545747163	"SERPINE1/PMEPA1/CDKN2B"	3
"M3"	"Loss of Function of SMAD4 in Cancer"	"Loss of Function of SMAD4 in Cancer"	"3/129"	"70/7644"	0.114157745178036	0.412812856300373	0.358070545747163	"SERPINE1/PMEPA1/CDKN2B"	3
"M3"	"Loss of Function of TGFBR1 in Cancer"	"Loss of Function of TGFBR1 in Cancer"	"3/129"	"70/7644"	0.114157745178036	0.412812856300373	0.358070545747163	"SERPINE1/PMEPA1/CDKN2B"	3
"M3"	"Loss of Function of TGFBR2 in Cancer"	"Loss of Function of TGFBR2 in Cancer"	"3/129"	"70/7644"	0.114157745178036	0.412812856300373	0.358070545747163	"SERPINE1/PMEPA1/CDKN2B"	3
"M3"	"Signaling by TGF-beta Receptor Complex"	"Signaling by TGF-beta Receptor Complex"	"3/129"	"70/7644"	0.114157745178036	0.412812856300373	0.358070545747163	"SERPINE1/PMEPA1/CDKN2B"	3
"M3"	"Signaling by TGF-beta Receptor Complex in Cancer"	"Signaling by TGF-beta Receptor Complex in Cancer"	"3/129"	"70/7644"	0.114157745178036	0.412812856300373	0.358070545747163	"SERPINE1/PMEPA1/CDKN2B"	3
"M3"	"SMAD2/3 MH2 Domain Mutants in Cancer"	"SMAD2/3 MH2 Domain Mutants in Cancer"	"3/129"	"70/7644"	0.114157745178036	0.412812856300373	0.358070545747163	"SERPINE1/PMEPA1/CDKN2B"	3
"M3"	"SMAD2/3 Phosphorylation Motif Mutants in Cancer"	"SMAD2/3 Phosphorylation Motif Mutants in Cancer"	"3/129"	"70/7644"	0.114157745178036	0.412812856300373	0.358070545747163	"SERPINE1/PMEPA1/CDKN2B"	3
"M3"	"SMAD4 MH2 Domain Mutants in Cancer"	"SMAD4 MH2 Domain Mutants in Cancer"	"3/129"	"70/7644"	0.114157745178036	0.412812856300373	0.358070545747163	"SERPINE1/PMEPA1/CDKN2B"	3
"M3"	"TGFBR1 KD Mutants in Cancer"	"TGFBR1 KD Mutants in Cancer"	"3/129"	"70/7644"	0.114157745178036	0.412812856300373	0.358070545747163	"SERPINE1/PMEPA1/CDKN2B"	3
"M3"	"TGFBR1 LBD Mutants in Cancer"	"TGFBR1 LBD Mutants in Cancer"	"3/129"	"70/7644"	0.114157745178036	0.412812856300373	0.358070545747163	"SERPINE1/PMEPA1/CDKN2B"	3
"M3"	"TGFBR2 Kinase Domain Mutants in Cancer"	"TGFBR2 Kinase Domain Mutants in Cancer"	"3/129"	"70/7644"	0.114157745178036	0.412812856300373	0.358070545747163	"SERPINE1/PMEPA1/CDKN2B"	3
"M3"	"TGFBR2 MSI Frameshift Mutants in Cancer"	"TGFBR2 MSI Frameshift Mutants in Cancer"	"3/129"	"70/7644"	0.114157745178036	0.412812856300373	0.358070545747163	"SERPINE1/PMEPA1/CDKN2B"	3
"M3"	"SIRT1 negatively regulates rRNA Expression"	"SIRT1 negatively regulates rRNA Expression"	"2/129"	"35/7644"	0.117356191232225	0.420135164611366	0.364421856984278	"HIST1H2BC/HIST1H2BJ"	2
"M3"	"Orphan transporters"	"Orphan transporters"	"4/129"	"114/7644"	0.126379114732807	0.447957654201436	0.388554860304097	"PLAT/CRABP2/ANO1/APOD"	4
"M3"	"Platelet Aggregation (Plug Formation)"	"Platelet Aggregation (Plug Formation)"	"2/129"	"37/7644"	0.128596750994778	0.451349380942455	0.391496816753967	"FN1/ADRA2A"	2
"M3"	"Cyclin D associated events in G1"	"Cyclin D associated events in G1"	"2/129"	"38/7644"	0.134308908505941	0.46233258889545	0.401023562846686	"CCND2/CDKN2B"	2
"M3"	"G1 Phase"	"G1 Phase"	"2/129"	"38/7644"	0.134308908505941	0.46233258889545	0.401023562846686	"CCND2/CDKN2B"	2
"M3"	"Senescence-Associated Secretory Phenotype (SASP)"	"Senescence-Associated Secretory Phenotype (SASP)"	"3/129"	"76/7644"	0.136646384983174	0.465899103085488	0.404117128521667	"CDKN2B/HIST1H2BC/HIST1H2BJ"	3
"M3"	"Negative regulation of FGFR signaling"	"Negative regulation of FGFR signaling"	"2/129"	"40/7644"	0.145899014596729	0.485122230818346	0.420791114646904	"FGFR4/FGF1"	2
"M3"	"PRC2 methylates histones and DNA"	"PRC2 methylates histones and DNA"	"2/129"	"40/7644"	0.145899014596729	0.485122230818346	0.420791114646904	"HIST1H2BC/HIST1H2BJ"	2
"M3"	"Condensation of Prophase Chromosomes"	"Condensation of Prophase Chromosomes"	"2/129"	"41/7644"	0.151770083384511	0.485122230818346	0.420791114646904	"HIST1H2BC/HIST1H2BJ"	2
"M3"	"EPHB-mediated forward signaling"	"EPHB-mediated forward signaling"	"2/129"	"41/7644"	0.151770083384511	0.485122230818346	0.420791114646904	"SDC2/EPHB2"	2
"M3"	"Retinoid metabolism and transport"	"Retinoid metabolism and transport"	"2/129"	"41/7644"	0.151770083384511	0.485122230818346	0.420791114646904	"SDC2/GPC6"	2
"M3"	"Signaling by Retinoic Acid"	"Signaling by Retinoic Acid"	"2/129"	"41/7644"	0.151770083384511	0.485122230818346	0.420791114646904	"CRABP2/ALDH1A3"	2
"M3"	"Transcriptional activity of SMAD2/SMAD3:SMAD4 heterotrimer"	"Transcriptional activity of SMAD2/SMAD3:SMAD4 heterotrimer"	"2/129"	"41/7644"	0.151770083384511	0.485122230818346	0.420791114646904	"SERPINE1/CDKN2B"	2
"M3"	"Glycoprotein hormones"	"Glycoprotein hormones"	"1/129"	"10/7644"	0.156589231708094	0.486655963618157	0.422121462121012	"INHBA"	1
"M3"	"Purine catabolism"	"Purine catabolism"	"1/129"	"10/7644"	0.156589231708094	0.486655963618157	0.422121462121012	"NT5E"	1
"M3"	"Netrin-1 signaling"	"Netrin-1 signaling"	"2/129"	"42/7644"	0.157687407205883	0.486655963618157	0.422121462121012	"SLIT3/ABLIM2"	2
"M3"	"Non-integrin membrane-ECM interactions"	"Non-integrin membrane-ECM interactions"	"2/129"	"42/7644"	0.157687407205883	0.486655963618157	0.422121462121012	"TNC/SDC2"	2
"M3"	"Ion transport by P-type ATPases"	"Ion transport by P-type ATPases"	"2/129"	"43/7644"	0.163647789305972	0.497167144364686	0.431238775617708	"PLN/ATP8A2"	2
"M3"	"FRS2-mediated cascade"	"FRS2-mediated cascade"	"2/129"	"44/7644"	0.169648126104046	0.497167144364686	0.431238775617708	"FGFR4/FGF1"	2
"M3"	"Facilitative Na+-independent glucose transporters"	"Facilitative Na+-independent glucose transporters"	"1/129"	"11/7644"	0.170841260671895	0.497167144364686	0.431238775617708	"SLC2A3"	1
"M3"	"FGFR1c ligand binding and activation"	"FGFR1c ligand binding and activation"	"1/129"	"11/7644"	0.170841260671895	0.497167144364686	0.431238775617708	"FGF1"	1
"M3"	"Signaling by activated point mutants of FGFR1"	"Signaling by activated point mutants of FGFR1"	"1/129"	"11/7644"	0.170841260671895	0.497167144364686	0.431238775617708	"FGF1"	1
"M3"	"Cell junction organization"	"Cell junction organization"	"3/129"	"85/7644"	0.172891131658609	0.497167144364686	0.431238775617708	"CDH13/CDH6/CDH2"	3
"M3"	"Signaling by FGFR mutants"	"Signaling by FGFR mutants"	"2/129"	"45/7644"	0.175685405000155	0.497167144364686	0.431238775617708	"FGFR4/FGF1"	2
"M3"	"G alpha (z) signalling events"	"G alpha (z) signalling events"	"2/129"	"46/7644"	0.181756702228341	0.497167144364686	0.431238775617708	"RGS4/ADRA2A"	2
"M3"	"FGFR3c ligand binding and activation"	"FGFR3c ligand binding and activation"	"1/129"	"12/7644"	0.184854293211306	0.497167144364686	0.431238775617708	"FGF1"	1
"M3"	"FGFR3 ligand binding and activation"	"FGFR3 ligand binding and activation"	"1/129"	"12/7644"	0.184854293211306	0.497167144364686	0.431238775617708	"FGF1"	1
"M3"	"Peptide hormone biosynthesis"	"Peptide hormone biosynthesis"	"1/129"	"12/7644"	0.184854293211306	0.497167144364686	0.431238775617708	"INHBA"	1
"M3"	"Pyrimidine catabolism"	"Pyrimidine catabolism"	"1/129"	"12/7644"	0.184854293211306	0.497167144364686	0.431238775617708	"NT5E"	1
"M3"	"Signaling by activated point mutants of FGFR3"	"Signaling by activated point mutants of FGFR3"	"1/129"	"12/7644"	0.184854293211306	0.497167144364686	0.431238775617708	"FGF1"	1
"M3"	"Signaling by FGFR3 mutants"	"Signaling by FGFR3 mutants"	"1/129"	"12/7644"	0.184854293211306	0.497167144364686	0.431238775617708	"FGF1"	1
"M3"	"IRS-related events triggered by IGF1R"	"IRS-related events triggered by IGF1R"	"3/129"	"89/7644"	0.18980261354844	0.497167144364686	0.431238775617708	"IGF2/FGFR4/FGF1"	3
"M3"	"Signaling by Hedgehog"	"Signaling by Hedgehog"	"4/129"	"136/7644"	0.197103119516163	0.497167144364686	0.431238775617708	"GAS1/BOC/SCUBE2/NOTUM"	4
"M3"	"Oxidative Stress Induced Senescence"	"Oxidative Stress Induced Senescence"	"3/129"	"91/7644"	0.19841404874339	0.497167144364686	0.431238775617708	"CDKN2B/HIST1H2BC/HIST1H2BJ"	3
"M3"	"Activation of DNA fragmentation factor"	"Activation of DNA fragmentation factor"	"1/129"	"13/7644"	0.198632306337058	0.497167144364686	0.431238775617708	"HIST1H1C"	1
"M3"	"Apoptosis induced DNA fragmentation"	"Apoptosis induced DNA fragmentation"	"1/129"	"13/7644"	0.198632306337058	0.497167144364686	0.431238775617708	"HIST1H1C"	1
"M3"	"FGFR2c ligand binding and activation"	"FGFR2c ligand binding and activation"	"1/129"	"13/7644"	0.198632306337058	0.497167144364686	0.431238775617708	"FGF1"	1
"M3"	"Signaling by Activin"	"Signaling by Activin"	"1/129"	"13/7644"	0.198632306337058	0.497167144364686	0.431238775617708	"INHBA"	1
"M3"	"The activation of arylsulfatases"	"The activation of arylsulfatases"	"1/129"	"13/7644"	0.198632306337058	0.497167144364686	0.431238775617708	"ARSI"	1
"M3"	"Trafficking and processing of endosomal TLR"	"Trafficking and processing of endosomal TLR"	"1/129"	"13/7644"	0.198632306337058	0.497167144364686	0.431238775617708	"CTSK"	1
"M3"	"WNT5A-dependent internalization of FZD2, FZD5 and ROR2"	"WNT5A-dependent internalization of FZD2, FZD5 and ROR2"	"1/129"	"13/7644"	0.198632306337058	0.497167144364686	0.431238775617708	"ROR2"	1
"M3"	"Signaling by PDGF"	"Signaling by PDGF"	"5/129"	"184/7644"	0.199421113280542	0.497167144364686	0.431238775617708	"COL6A3/THBS2/PLAT/FGFR4/FGF1"	5
"M3"	"Amino acid and oligopeptide SLC transporters"	"Amino acid and oligopeptide SLC transporters"	"2/129"	"49/7644"	0.200146754944035	0.497167144364686	0.431238775617708	"SLC1A3/SLC38A5"	2
"M3"	"Diseases associated with visual transduction"	"Diseases associated with visual transduction"	"3/129"	"92/7644"	0.202755315858224	0.497167144364686	0.431238775617708	"SDC2/STRA6/GPC6"	3
"M3"	"IGF1R signaling cascade"	"IGF1R signaling cascade"	"3/129"	"92/7644"	0.202755315858224	0.497167144364686	0.431238775617708	"IGF2/FGFR4/FGF1"	3
"M3"	"Signaling by Type 1 Insulin-like Growth Factor 1 Receptor (IGF1R)"	"Signaling by Type 1 Insulin-like Growth Factor 1 Receptor (IGF1R)"	"3/129"	"92/7644"	0.202755315858224	0.497167144364686	0.431238775617708	"IGF2/FGFR4/FGF1"	3
"M3"	"Visual phototransduction"	"Visual phototransduction"	"3/129"	"92/7644"	0.202755315858224	0.497167144364686	0.431238775617708	"SDC2/STRA6/GPC6"	3
"M3"	"Transport of inorganic cations/anions and amino acids/oligopeptides"	"Transport of inorganic cations/anions and amino acids/oligopeptides"	"3/129"	"94/7644"	0.21150420407773	0.50304740184585	0.436339263582846	"SLC1A3/SLC38A5/SLC24A3"	3
"M3"	"DCC mediated attractive signaling"	"DCC mediated attractive signaling"	"1/129"	"14/7644"	0.212179211393082	0.50304740184585	0.436339263582846	"ABLIM2"	1
"M3"	"FGFR1 ligand binding and activation"	"FGFR1 ligand binding and activation"	"1/129"	"14/7644"	0.212179211393082	0.50304740184585	0.436339263582846	"FGF1"	1
"M3"	"SEMA3A-Plexin repulsion signaling by inhibiting Integrin adhesion"	"SEMA3A-Plexin repulsion signaling by inhibiting Integrin adhesion"	"1/129"	"14/7644"	0.212179211393082	0.50304740184585	0.436339263582846	"PLXNA4"	1
"M3"	"Synthesis of bile acids and bile salts via 24-hydroxycholesterol"	"Synthesis of bile acids and bile salts via 24-hydroxycholesterol"	"1/129"	"14/7644"	0.212179211393082	0.50304740184585	0.436339263582846	"SLC27A2"	1
"M3"	"Deposition of new CENPA-containing nucleosomes at the centromere"	"Deposition of new CENPA-containing nucleosomes at the centromere"	"2/129"	"52/7644"	0.218745812561672	0.511836607170448	0.443962949471573	"HIST1H2BC/HIST1H2BJ"	2
"M3"	"Nucleosome assembly"	"Nucleosome assembly"	"2/129"	"52/7644"	0.218745812561672	0.511836607170448	0.443962949471573	"HIST1H2BC/HIST1H2BJ"	2
"M3"	"GRB2:SOS provides linkage to MAPK signaling for Integrins"	"GRB2:SOS provides linkage to MAPK signaling for Integrins"	"1/129"	"15/7644"	0.225498855132308	0.52082961378946	0.451763410961161	"FN1"	1
"M3"	"p130Cas linkage to MAPK signaling for integrins"	"p130Cas linkage to MAPK signaling for integrins"	"1/129"	"15/7644"	0.225498855132308	0.52082961378946	0.451763410961161	"FN1"	1
"M3"	"Meiotic recombination"	"Meiotic recombination"	"2/129"	"54/7644"	0.231228579846073	0.527260073789134	0.457341140158173	"HIST1H2BC/HIST1H2BJ"	2
"M3"	"Phospholipase C-mediated cascade"	"Phospholipase C-mediated cascade"	"2/129"	"54/7644"	0.231228579846073	0.527260073789134	0.457341140158173	"FGFR4/FGF1"	2
"M3"	"Amine-derived hormones"	"Amine-derived hormones"	"1/129"	"16/7644"	0.238595020774979	0.527265539737299	0.457345881277575	"DIO2"	1
"M3"	"CRMPs in Sema3A signaling"	"CRMPs in Sema3A signaling"	"1/129"	"16/7644"	0.238595020774979	0.527265539737299	0.457345881277575	"PLXNA4"	1
"M3"	"Hyaluronan metabolism"	"Hyaluronan metabolism"	"1/129"	"16/7644"	0.238595020774979	0.527265539737299	0.457345881277575	"HAS2"	1
"M3"	"Metabolism of Angiotensinogen to Angiotensins"	"Metabolism of Angiotensinogen to Angiotensins"	"1/129"	"16/7644"	0.238595020774979	0.527265539737299	0.457345881277575	"MME"	1
"M3"	"Sema3A PAK dependent Axon repulsion"	"Sema3A PAK dependent Axon repulsion"	"1/129"	"16/7644"	0.238595020774979	0.527265539737299	0.457345881277575	"PLXNA4"	1
"M3"	"RNA Polymerase I Chain Elongation"	"RNA Polymerase I Chain Elongation"	"2/129"	"56/7644"	0.24375689541471	0.535367905266664	0.464373807861411	"HIST1H2BC/HIST1H2BJ"	2
"M3"	"Meiotic synapsis"	"Meiotic synapsis"	"2/129"	"57/7644"	0.250032815960261	0.535873640475082	0.464812478506761	"HIST1H2BC/HIST1H2BJ"	2
"M3"	"Activated point mutants of FGFR2"	"Activated point mutants of FGFR2"	"1/129"	"17/7644"	0.251471429049759	0.535873640475082	0.464812478506761	"FGF1"	1
"M3"	"FGFR2 ligand binding and activation"	"FGFR2 ligand binding and activation"	"1/129"	"17/7644"	0.251471429049759	0.535873640475082	0.464812478506761	"FGF1"	1
"M3"	"Formation of Senescence-Associated Heterochromatin Foci (SAHF)"	"Formation of Senescence-Associated Heterochromatin Foci (SAHF)"	"1/129"	"17/7644"	0.251471429049759	0.535873640475082	0.464812478506761	"HIST1H1C"	1
"M3"	"Signaling by FGFR2 mutants"	"Signaling by FGFR2 mutants"	"1/129"	"17/7644"	0.251471429049759	0.535873640475082	0.464812478506761	"FGF1"	1
"M3"	"formation of the beta-catenin:TCF transactivating complex"	"formation of the beta-catenin:TCF transactivating complex"	"2/129"	"58/7644"	0.256313876925397	0.542960757037231	0.47095978631574	"HIST1H2BC/HIST1H2BJ"	2
"M3"	"HATs acetylate histones"	"HATs acetylate histones"	"3/129"	"105/7644"	0.260898450977291	0.549421443822766	0.476563733983287	"HIST3H2A/HIST1H2BC/HIST1H2BJ"	3
"M3"	"cGMP effects"	"cGMP effects"	"1/129"	"18/7644"	0.264131739217923	0.552977559298341	0.47964827989712	"PDE10A"	1
"M3"	"Telomere Maintenance"	"Telomere Maintenance"	"2/129"	"60/7644"	0.268883704475014	0.559653291872413	0.485438756549138	"HIST1H2BC/HIST1H2BJ"	2
"M3"	"Ephrin signaling"	"Ephrin signaling"	"1/129"	"19/7644"	0.276579550080876	0.569054476603182	0.493593268444395	"EPHB2"	1
"M3"	"Other semaphorin interactions"	"Other semaphorin interactions"	"1/129"	"19/7644"	0.276579550080876	0.569054476603182	0.493593268444395	"PLXNA4"	1
"M3"	"Cellular Senescence"	"Cellular Senescence"	"4/129"	"159/7644"	0.280833835335072	0.574505788856891	0.498321692775015	"HIST1H1C/CDKN2B/HIST1H2BC/HIST1H2BJ"	4
"M3"	"PPARA activates gene expression"	"PPARA activates gene expression"	"3/129"	"111/7644"	0.288468714535978	0.586771589794773	0.508960949689674	"CTGF/FHL2/ANGPTL4"	3
"M3"	"Hedgehog ligand biogenesis"	"Hedgehog ligand biogenesis"	"2/129"	"64/7644"	0.294003624795533	0.591310661105622	0.512898103575885	"SCUBE2/NOTUM"	2
"M3"	"Processing-defective Hh variants abrogate ligand secretion"	"Processing-defective Hh variants abrogate ligand secretion"	"2/129"	"64/7644"	0.294003624795533	0.591310661105622	0.512898103575885	"SCUBE2/NOTUM"	2
"M3"	"Peroxisomal lipid metabolism"	"Peroxisomal lipid metabolism"	"1/129"	"21/7644"	0.300851772728224	0.594725419460172	0.515860037461778	"SLC27A2"	1
"M3"	"RA biosynthesis pathway"	"RA biosynthesis pathway"	"1/129"	"21/7644"	0.300851772728224	0.594725419460172	0.515860037461778	"ALDH1A3"	1
"M3"	"regulation of FZD by ubiquitination"	"regulation of FZD by ubiquitination"	"1/129"	"21/7644"	0.300851772728224	0.594725419460172	0.515860037461778	"LGR5"	1
"M3"	"Regulation of lipid metabolism by Peroxisome proliferator-activated receptor alpha (PPARalpha)"	"Regulation of lipid metabolism by Peroxisome proliferator-activated receptor alpha (PPARalpha)"	"3/129"	"114/7644"	0.302346442295395	0.594725419460172	0.515860037461778	"CTGF/FHL2/ANGPTL4"	3
"M3"	"Smooth Muscle Contraction"	"Smooth Muscle Contraction"	"1/129"	"22/7644"	0.312683088656082	0.594893049630306	0.516005438520847	"ACTG2"	1
"M3"	"The canonical retinoid cycle in rods (twilight vision)"	"The canonical retinoid cycle in rods (twilight vision)"	"1/129"	"22/7644"	0.312683088656082	0.594893049630306	0.516005438520847	"STRA6"	1
"M3"	"Platelet activation, signaling and aggregation"	"Platelet activation, signaling and aggregation"	"5/129"	"221/7644"	0.317205917280683	0.594893049630306	0.516005438520847	"FN1/SERPINE1/IGF2/TGFB2/ADRA2A"	5
"M3"	"PI3K Cascade"	"PI3K Cascade"	"2/129"	"68/7644"	0.319009451603224	0.594893049630306	0.516005438520847	"FGFR4/FGF1"	2
"M3"	"Signaling by BMP"	"Signaling by BMP"	"1/129"	"23/7644"	0.324315715468384	0.594893049630306	0.516005438520847	"BMP2"	1
"M3"	"Hemostasis"	"Hemostasis"	"10/129"	"497/7644"	0.328927775214981	0.594893049630306	0.516005438520847	"FN1/PLAU/SERPINE1/PLAT/MMP1/IGF2/TGFB2/KIF26A/PDE10A/ADRA2A"	10
"M3"	"Pyrimidine metabolism"	"Pyrimidine metabolism"	"1/129"	"24/7644"	0.335752964215868	0.594893049630306	0.516005438520847	"NT5E"	1
"M3"	"Synthesis of bile acids and bile salts via 7alpha-hydroxycholesterol"	"Synthesis of bile acids and bile salts via 7alpha-hydroxycholesterol"	"1/129"	"24/7644"	0.335752964215868	0.594893049630306	0.516005438520847	"SLC27A2"	1
"M3"	"Transcriptional regulation by small RNAs"	"Transcriptional regulation by small RNAs"	"2/129"	"71/7644"	0.337632356870451	0.594893049630306	0.516005438520847	"HIST1H2BC/HIST1H2BJ"	2
"M3"	"Basigin interactions"	"Basigin interactions"	"1/129"	"25/7644"	0.346998091199615	0.594893049630306	0.516005438520847	"MMP1"	1
"M3"	"Nitric oxide stimulates guanylate cyclase"	"Nitric oxide stimulates guanylate cyclase"	"1/129"	"25/7644"	0.346998091199615	0.594893049630306	0.516005438520847	"PDE10A"	1
"M3"	"SHC-related events triggered by IGF1R"	"SHC-related events triggered by IGF1R"	"1/129"	"25/7644"	0.346998091199615	0.594893049630306	0.516005438520847	"IGF2"	1
"M3"	"NoRC negatively regulates rRNA expression"	"NoRC negatively regulates rRNA expression"	"2/129"	"74/7644"	0.356103723434079	0.594893049630306	0.516005438520847	"HIST1H2BC/HIST1H2BJ"	2
"M3"	"Downregulation of TGF-beta receptor signaling"	"Downregulation of TGF-beta receptor signaling"	"1/129"	"26/7644"	0.35805429886929	0.594893049630306	0.516005438520847	"PMEPA1"	1
"M3"	"WNT ligand biogenesis and trafficking"	"WNT ligand biogenesis and trafficking"	"1/129"	"26/7644"	0.35805429886929	0.594893049630306	0.516005438520847	"WNT2"	1
"M3"	"WNT ligand secretion is abrogated by the PORCN inhibitor LGK974"	"WNT ligand secretion is abrogated by the PORCN inhibitor LGK974"	"1/129"	"26/7644"	0.35805429886929	0.594893049630306	0.516005438520847	"WNT2"	1
"M3"	"RNA Polymerase I Promoter Clearance"	"RNA Polymerase I Promoter Clearance"	"2/129"	"76/7644"	0.368318349991869	0.594893049630306	0.516005438520847	"HIST1H2BC/HIST1H2BJ"	2
"M3"	"Integrin alphaIIb beta3 signaling"	"Integrin alphaIIb beta3 signaling"	"1/129"	"27/7644"	0.368924736706762	0.594893049630306	0.516005438520847	"FN1"	1
"M3"	"Kinesins"	"Kinesins"	"1/129"	"27/7644"	0.368924736706762	0.594893049630306	0.516005438520847	"KIF26A"	1
"M3"	"Synthesis of bile acids and bile salts"	"Synthesis of bile acids and bile salts"	"1/129"	"27/7644"	0.368924736706762	0.594893049630306	0.516005438520847	"SLC27A2"	1
"M3"	"Negative epigenetic regulation of rRNA expression"	"Negative epigenetic regulation of rRNA expression"	"2/129"	"77/7644"	0.374392596262587	0.594893049630306	0.516005438520847	"HIST1H2BC/HIST1H2BJ"	2
"M3"	"Regulation of insulin secretion"	"Regulation of insulin secretion"	"2/129"	"77/7644"	0.374392596262587	0.594893049630306	0.516005438520847	"KCNJ11/ADRA2A"	2
"M3"	"Cell-Cell communication"	"Cell-Cell communication"	"3/129"	"130/7644"	0.3764894943917	0.594893049630306	0.516005438520847	"CDH13/CDH6/CDH2"	3
"M3"	"Adrenaline,noradrenaline inhibits insulin secretion"	"Adrenaline,noradrenaline inhibits insulin secretion"	"1/129"	"28/7644"	0.379612502095344	0.594893049630306	0.516005438520847	"ADRA2A"	1
"M3"	"Defective CYP11A1 causes Adrenal insufficiency, congenital, with 46,XY sex reversal (AICSR)"	"Defective CYP11A1 causes Adrenal insufficiency, congenital, with 46,XY sex reversal (AICSR)"	"2/129"	"78/7644"	0.380443478910179	0.594893049630306	0.516005438520847	"MAOB/FMO1"	2
"M3"	"Defective CYP11B1 causes Adrenal hyperplasia 4 (AH4)"	"Defective CYP11B1 causes Adrenal hyperplasia 4 (AH4)"	"2/129"	"78/7644"	0.380443478910179	0.594893049630306	0.516005438520847	"MAOB/FMO1"	2
"M3"	"Defective CYP11B2 causes Corticosterone methyloxidase 1 deficiency (CMO-1 deficiency)"	"Defective CYP11B2 causes Corticosterone methyloxidase 1 deficiency (CMO-1 deficiency)"	"2/129"	"78/7644"	0.380443478910179	0.594893049630306	0.516005438520847	"MAOB/FMO1"	2
"M3"	"Defective CYP17A1 causes Adrenal hyperplasia 5 (AH5)"	"Defective CYP17A1 causes Adrenal hyperplasia 5 (AH5)"	"2/129"	"78/7644"	0.380443478910179	0.594893049630306	0.516005438520847	"MAOB/FMO1"	2
"M3"	"Defective CYP19A1 causes Aromatase excess syndrome (AEXS)"	"Defective CYP19A1 causes Aromatase excess syndrome (AEXS)"	"2/129"	"78/7644"	0.380443478910179	0.594893049630306	0.516005438520847	"MAOB/FMO1"	2
"M3"	"Defective CYP1B1 causes Glaucoma"	"Defective CYP1B1 causes Glaucoma"	"2/129"	"78/7644"	0.380443478910179	0.594893049630306	0.516005438520847	"MAOB/FMO1"	2
"M3"	"Defective CYP21A2 causes Adrenal hyperplasia 3 (AH3)"	"Defective CYP21A2 causes Adrenal hyperplasia 3 (AH3)"	"2/129"	"78/7644"	0.380443478910179	0.594893049630306	0.516005438520847	"MAOB/FMO1"	2
"M3"	"Defective CYP24A1 causes Hypercalcemia, infantile (HCAI)"	"Defective CYP24A1 causes Hypercalcemia, infantile (HCAI)"	"2/129"	"78/7644"	0.380443478910179	0.594893049630306	0.516005438520847	"MAOB/FMO1"	2
"M3"	"Defective CYP26B1 causes Radiohumeral fusions with other skeletal and craniofacial anomalies (RHFCA)"	"Defective CYP26B1 causes Radiohumeral fusions with other skeletal and craniofacial anomalies (RHFCA)"	"2/129"	"78/7644"	0.380443478910179	0.594893049630306	0.516005438520847	"MAOB/FMO1"	2
"M3"	"Defective CYP26C1 causes Focal facial dermal dysplasia 4 (FFDD4)"	"Defective CYP26C1 causes Focal facial dermal dysplasia 4 (FFDD4)"	"2/129"	"78/7644"	0.380443478910179	0.594893049630306	0.516005438520847	"MAOB/FMO1"	2
"M3"	"Defective CYP27A1 causes Cerebrotendinous xanthomatosis (CTX)"	"Defective CYP27A1 causes Cerebrotendinous xanthomatosis (CTX)"	"2/129"	"78/7644"	0.380443478910179	0.594893049630306	0.516005438520847	"MAOB/FMO1"	2
"M3"	"Defective CYP27B1 causes Rickets vitamin D-dependent 1A (VDDR1A)"	"Defective CYP27B1 causes Rickets vitamin D-dependent 1A (VDDR1A)"	"2/129"	"78/7644"	0.380443478910179	0.594893049630306	0.516005438520847	"MAOB/FMO1"	2
"M3"	"Defective CYP2R1 causes Rickets vitamin D-dependent 1B (VDDR1B)"	"Defective CYP2R1 causes Rickets vitamin D-dependent 1B (VDDR1B)"	"2/129"	"78/7644"	0.380443478910179	0.594893049630306	0.516005438520847	"MAOB/FMO1"	2
"M3"	"Defective CYP2U1 causes Spastic paraplegia 56, autosomal recessive (SPG56)"	"Defective CYP2U1 causes Spastic paraplegia 56, autosomal recessive (SPG56)"	"2/129"	"78/7644"	0.380443478910179	0.594893049630306	0.516005438520847	"MAOB/FMO1"	2
"M3"	"Defective CYP4F22 causes Ichthyosis, congenital, autosomal recessive 5 (ARCI5)"	"Defective CYP4F22 causes Ichthyosis, congenital, autosomal recessive 5 (ARCI5)"	"2/129"	"78/7644"	0.380443478910179	0.594893049630306	0.516005438520847	"MAOB/FMO1"	2
"M3"	"Defective CYP7B1 causes Spastic paraplegia 5A, autosomal recessive (SPG5A) and Congenital bile acid synthesis defect 3 (CBAS3)"	"Defective CYP7B1 causes Spastic paraplegia 5A, autosomal recessive (SPG5A) and Congenital bile acid synthesis defect 3 (CBAS3)"	"2/129"	"78/7644"	0.380443478910179	0.594893049630306	0.516005438520847	"MAOB/FMO1"	2
"M3"	"Defective FMO3 causes Trimethylaminuria (TMAU)"	"Defective FMO3 causes Trimethylaminuria (TMAU)"	"2/129"	"78/7644"	0.380443478910179	0.594893049630306	0.516005438520847	"MAOB/FMO1"	2
"M3"	"Defective MAOA causes Brunner syndrome (BRUNS)"	"Defective MAOA causes Brunner syndrome (BRUNS)"	"2/129"	"78/7644"	0.380443478910179	0.594893049630306	0.516005438520847	"MAOB/FMO1"	2
"M3"	"Defective TBXAS1 causes Ghosal hematodiaphyseal dysplasia (GHDD)"	"Defective TBXAS1 causes Ghosal hematodiaphyseal dysplasia (GHDD)"	"2/129"	"78/7644"	0.380443478910179	0.594893049630306	0.516005438520847	"MAOB/FMO1"	2
"M3"	"Phase 1 - Functionalization of compounds"	"Phase 1 - Functionalization of compounds"	"2/129"	"78/7644"	0.380443478910179	0.594893049630306	0.516005438520847	"MAOB/FMO1"	2
"M3"	"RNA Polymerase I Transcription"	"RNA Polymerase I Transcription"	"2/129"	"78/7644"	0.380443478910179	0.594893049630306	0.516005438520847	"HIST1H2BC/HIST1H2BJ"	2
"M3"	"Interaction between L1 and Ankyrins"	"Interaction between L1 and Ankyrins"	"1/129"	"29/7644"	0.390120641174874	0.594893049630306	0.516005438520847	"SCN4B"	1
"M3"	"YAP1- and WWTR1 (TAZ)-stimulated gene expression"	"YAP1- and WWTR1 (TAZ)-stimulated gene expression"	"1/129"	"29/7644"	0.390120641174874	0.594893049630306	0.516005438520847	"CTGF"	1
"M3"	"Signaling by FGFR1 mutants"	"Signaling by FGFR1 mutants"	"1/129"	"30/7644"	0.400452149682876	0.594893049630306	0.516005438520847	"FGF1"	1
"M3"	"Peptide hormone metabolism"	"Peptide hormone metabolism"	"2/129"	"83/7644"	0.410315829361225	0.594893049630306	0.516005438520847	"INHBA/MME"	2
"M3"	"Amino acid transport across the plasma membrane"	"Amino acid transport across the plasma membrane"	"1/129"	"31/7644"	0.410609973782024	0.594893049630306	0.516005438520847	"SLC38A5"	1
"M3"	"Inwardly rectifying K+ channels"	"Inwardly rectifying K+ channels"	"1/129"	"31/7644"	0.410609973782024	0.594893049630306	0.516005438520847	"KCNJ11"	1
"M3"	"Oncogene Induced Senescence"	"Oncogene Induced Senescence"	"1/129"	"32/7644"	0.420597010874119	0.594893049630306	0.516005438520847	"CDKN2B"	1
"M3"	"TGF-beta receptor signaling activates SMADs"	"TGF-beta receptor signaling activates SMADs"	"1/129"	"32/7644"	0.420597010874119	0.594893049630306	0.516005438520847	"PMEPA1"	1
"M3"	"Hedgehog 'on' state"	"Hedgehog 'on' state"	"2/129"	"85/7644"	0.422071132176884	0.594893049630306	0.516005438520847	"GAS1/BOC"	2
"M3"	"IRS-mediated signalling"	"IRS-mediated signalling"	"2/129"	"85/7644"	0.422071132176884	0.594893049630306	0.516005438520847	"FGFR4/FGF1"	2
"M3"	"Meiosis"	"Meiosis"	"2/129"	"85/7644"	0.422071132176884	0.594893049630306	0.516005438520847	"HIST1H2BC/HIST1H2BJ"	2
"M3"	"Constitutive PI3K/AKT Signaling in Cancer"	"Constitutive PI3K/AKT Signaling in Cancer"	"2/129"	"86/7644"	0.427904310424989	0.594893049630306	0.516005438520847	"FGFR4/FGF1"	2
"M3"	"Purine metabolism"	"Purine metabolism"	"1/129"	"33/7644"	0.430416110400819	0.594893049630306	0.516005438520847	"NT5E"	1
"M3"	"Chromosome Maintenance"	"Chromosome Maintenance"	"2/129"	"87/7644"	0.433706944004217	0.594893049630306	0.516005438520847	"HIST1H2BC/HIST1H2BJ"	2
"M3"	"Defective AMN causes hereditary megaloblastic anemia 1"	"Defective AMN causes hereditary megaloblastic anemia 1"	"2/129"	"87/7644"	0.433706944004217	0.594893049630306	0.516005438520847	"SLC2A3/ENPP1"	2
"M3"	"Defective BTD causes biotidinase deficiency"	"Defective BTD causes biotidinase deficiency"	"2/129"	"87/7644"	0.433706944004217	0.594893049630306	0.516005438520847	"SLC2A3/ENPP1"	2
"M3"	"Defective CD320 causes methylmalonic aciduria"	"Defective CD320 causes methylmalonic aciduria"	"2/129"	"87/7644"	0.433706944004217	0.594893049630306	0.516005438520847	"SLC2A3/ENPP1"	2
"M3"	"Defective CUBN causes hereditary megaloblastic anemia 1"	"Defective CUBN causes hereditary megaloblastic anemia 1"	"2/129"	"87/7644"	0.433706944004217	0.594893049630306	0.516005438520847	"SLC2A3/ENPP1"	2
"M3"	"Defective GIF causes intrinsic factor deficiency"	"Defective GIF causes intrinsic factor deficiency"	"2/129"	"87/7644"	0.433706944004217	0.594893049630306	0.516005438520847	"SLC2A3/ENPP1"	2
"M3"	"Defective HLCS causes multiple carboxylase deficiency"	"Defective HLCS causes multiple carboxylase deficiency"	"2/129"	"87/7644"	0.433706944004217	0.594893049630306	0.516005438520847	"SLC2A3/ENPP1"	2
"M3"	"Defective LMBRD1 causes methylmalonic aciduria and homocystinuria type cblF"	"Defective LMBRD1 causes methylmalonic aciduria and homocystinuria type cblF"	"2/129"	"87/7644"	0.433706944004217	0.594893049630306	0.516005438520847	"SLC2A3/ENPP1"	2
"M3"	"Defective MMAA causes methylmalonic aciduria type cblA"	"Defective MMAA causes methylmalonic aciduria type cblA"	"2/129"	"87/7644"	0.433706944004217	0.594893049630306	0.516005438520847	"SLC2A3/ENPP1"	2
"M3"	"Defective MMAB causes methylmalonic aciduria type cblB"	"Defective MMAB causes methylmalonic aciduria type cblB"	"2/129"	"87/7644"	0.433706944004217	0.594893049630306	0.516005438520847	"SLC2A3/ENPP1"	2
"M3"	"Defective MMACHC causes methylmalonic aciduria and homocystinuria type cblC"	"Defective MMACHC causes methylmalonic aciduria and homocystinuria type cblC"	"2/129"	"87/7644"	0.433706944004217	0.594893049630306	0.516005438520847	"SLC2A3/ENPP1"	2
"M3"	"Defective MMADHC causes methylmalonic aciduria and homocystinuria type cblD"	"Defective MMADHC causes methylmalonic aciduria and homocystinuria type cblD"	"2/129"	"87/7644"	0.433706944004217	0.594893049630306	0.516005438520847	"SLC2A3/ENPP1"	2
"M3"	"Defective MTR causes methylmalonic aciduria and homocystinuria type cblG"	"Defective MTR causes methylmalonic aciduria and homocystinuria type cblG"	"2/129"	"87/7644"	0.433706944004217	0.594893049630306	0.516005438520847	"SLC2A3/ENPP1"	2
"M3"	"Defective MTRR causes methylmalonic aciduria and homocystinuria type cblE"	"Defective MTRR causes methylmalonic aciduria and homocystinuria type cblE"	"2/129"	"87/7644"	0.433706944004217	0.594893049630306	0.516005438520847	"SLC2A3/ENPP1"	2
"M3"	"Defective MUT causes methylmalonic aciduria mut type"	"Defective MUT causes methylmalonic aciduria mut type"	"2/129"	"87/7644"	0.433706944004217	0.594893049630306	0.516005438520847	"SLC2A3/ENPP1"	2
"M3"	"Defective TCN2 causes hereditary megaloblastic anemia"	"Defective TCN2 causes hereditary megaloblastic anemia"	"2/129"	"87/7644"	0.433706944004217	0.594893049630306	0.516005438520847	"SLC2A3/ENPP1"	2
"M3"	"Defects in biotin (Btn) metabolism"	"Defects in biotin (Btn) metabolism"	"2/129"	"87/7644"	0.433706944004217	0.594893049630306	0.516005438520847	"SLC2A3/ENPP1"	2
"M3"	"Defects in cobalamin (B12) metabolism"	"Defects in cobalamin (B12) metabolism"	"2/129"	"87/7644"	0.433706944004217	0.594893049630306	0.516005438520847	"SLC2A3/ENPP1"	2
"M3"	"Defects in vitamin and cofactor metabolism"	"Defects in vitamin and cofactor metabolism"	"2/129"	"87/7644"	0.433706944004217	0.594893049630306	0.516005438520847	"SLC2A3/ENPP1"	2
"M3"	"Metabolism of vitamins and cofactors"	"Metabolism of vitamins and cofactors"	"2/129"	"87/7644"	0.433706944004217	0.594893049630306	0.516005438520847	"SLC2A3/ENPP1"	2
"M3"	"Metabolism of water-soluble vitamins and cofactors"	"Metabolism of water-soluble vitamins and cofactors"	"2/129"	"87/7644"	0.433706944004217	0.594893049630306	0.516005438520847	"SLC2A3/ENPP1"	2
"M3"	"IRS-related events"	"IRS-related events"	"2/129"	"88/7644"	0.439478399349713	0.599030747977225	0.519594444731789	"FGFR4/FGF1"	2
"M3"	"EPHA-mediated growth cone collapse"	"EPHA-mediated growth cone collapse"	"1/129"	"34/7644"	0.440070074631313	0.599030747977225	0.519594444731789	"EPHA3"	1
"M3"	"SLC-mediated transmembrane transport"	"SLC-mediated transmembrane transport"	"5/129"	"259/7644"	0.445006379279454	0.603455620386532	0.523432543410841	"SLC2A3/SLC1A3/SLC38A5/APOD/SLC24A3"	5
"M3"	"Bile acid and bile salt metabolism"	"Bile acid and bile salt metabolism"	"1/129"	"35/7644"	0.449561659437169	0.607332355013232	0.526795191793306	"SLC27A2"	1
"M3"	"Gamma carboxylation, hypusine formation and arylsulfatase activation"	"Gamma carboxylation, hypusine formation and arylsulfatase activation"	"1/129"	"36/7644"	0.458893575054544	0.61760864612604	0.535708763914089	"ARSI"	1
"M3"	"Insulin receptor signalling cascade"	"Insulin receptor signalling cascade"	"2/129"	"92/7644"	0.462240789411802	0.619783530372378	0.537595240987509	"FGFR4/FGF1"	2
"M3"	"BMAL1:CLOCK,NPAS2 activates circadian gene expression"	"BMAL1:CLOCK,NPAS2 activates circadian gene expression"	"1/129"	"37/7644"	0.468068486833982	0.622931294745596	0.540325586445019	"SERPINE1"	1
"M3"	"NCAM1 interactions"	"NCAM1 interactions"	"1/129"	"37/7644"	0.468068486833982	0.622931294745596	0.540325586445019	"COL6A3"	1
"M3"	"Epigenetic regulation of gene expression"	"Epigenetic regulation of gene expression"	"2/129"	"94/7644"	0.473420549581364	0.62772058055603	0.544479774372329	"HIST1H2BC/HIST1H2BJ"	2
"M3"	"Transport of vitamins, nucleosides, and related molecules"	"Transport of vitamins, nucleosides, and related molecules"	"1/129"	"38/7644"	0.477089015977982	0.630250434391578	0.546674149207632	"APOD"	1
"M3"	"Glycosphingolipid metabolism"	"Glycosphingolipid metabolism"	"1/129"	"39/7644"	0.485957740266549	0.639606143439061	0.554789215861579	"ARSI"	1
"M3"	"L1CAM interactions"	"L1CAM interactions"	"2/129"	"97/7644"	0.489928012325174	0.642469701144367	0.557273042745041	"EPHB2/SCN4B"	2
"M3"	"Glucose transport"	"Glucose transport"	"1/129"	"40/7644"	0.494677194770904	0.64251038827786	0.557308334436838	"SLC2A3"	1
"M3"	"Cell surface interactions at the vascular wall"	"Cell surface interactions at the vascular wall"	"2/129"	"99/7644"	0.50075360194906	0.64251038827786	0.557308334436838	"FN1/MMP1"	2
"M3"	"Potassium Channels"	"Potassium Channels"	"2/129"	"99/7644"	0.50075360194906	0.64251038827786	0.557308334436838	"KCND3/KCNJ11"	2
"M3"	"PI3K/AKT Signaling in Cancer"	"PI3K/AKT Signaling in Cancer"	"2/129"	"100/7644"	0.506111534900437	0.64251038827786	0.557308334436838	"FGFR4/FGF1"	2
"M3"	"PI-3K cascade"	"PI-3K cascade"	"2/129"	"100/7644"	0.506111534900437	0.64251038827786	0.557308334436838	"FGFR4/FGF1"	2
"M3"	"PI3K events in ERBB2 signaling"	"PI3K events in ERBB2 signaling"	"2/129"	"100/7644"	0.506111534900437	0.64251038827786	0.557308334436838	"FGFR4/FGF1"	2
"M3"	"PI3K events in ERBB4 signaling"	"PI3K events in ERBB4 signaling"	"2/129"	"100/7644"	0.506111534900437	0.64251038827786	0.557308334436838	"FGFR4/FGF1"	2
"M3"	"PIP3 activates AKT signaling"	"PIP3 activates AKT signaling"	"2/129"	"100/7644"	0.506111534900437	0.64251038827786	0.557308334436838	"FGFR4/FGF1"	2
"M3"	"Regulatory RNA pathways"	"Regulatory RNA pathways"	"2/129"	"100/7644"	0.506111534900437	0.64251038827786	0.557308334436838	"HIST1H2BC/HIST1H2BJ"	2
"M3"	"Amine ligand-binding receptors"	"Amine ligand-binding receptors"	"1/129"	"42/7644"	0.511678225368971	0.647281995343079	0.561447187962977	"ADRA2A"	1
"M3"	"Voltage gated Potassium channels"	"Voltage gated Potassium channels"	"1/129"	"43/7644"	0.519964664322851	0.653365370326313	0.566723858413003	"KCND3"	1
"M3"	"MHC class II antigen presentation"	"MHC class II antigen presentation"	"2/129"	"103/7644"	0.521962279087502	0.653365370326313	0.566723858413003	"CTSK/KIF26A"	2
"M3"	"PI3K/AKT activation"	"PI3K/AKT activation"	"2/129"	"103/7644"	0.521962279087502	0.653365370326313	0.566723858413003	"FGFR4/FGF1"	2
"M3"	"GAB1 signalosome"	"GAB1 signalosome"	"2/129"	"104/7644"	0.527170624585023	0.655302373616104	0.56840399946119	"FGFR4/FGF1"	2
"M3"	"Integration of energy metabolism"	"Integration of energy metabolism"	"2/129"	"104/7644"	0.527170624585023	0.655302373616104	0.56840399946119	"KCNJ11/ADRA2A"	2
"M3"	"RMTs methylate histone arginines"	"RMTs methylate histone arginines"	"1/129"	"45/7644"	0.536121245914142	0.662687820772284	0.574810076823945	"HIST3H2A"	1
"M3"	"Mitotic Prophase"	"Mitotic Prophase"	"2/129"	"106/7644"	0.537473070714592	0.662687820772284	0.574810076823945	"HIST1H2BC/HIST1H2BJ"	2
"M3"	"Ion channel transport"	"Ion channel transport"	"3/129"	"167/7644"	0.538665239789762	0.662687820772284	0.574810076823945	"ANO1/PLN/ATP8A2"	3
"M3"	"Hexose transport"	"Hexose transport"	"1/129"	"46/7644"	0.543996013551605	0.666954016614639	0.578510540727193	"SLC2A3"	1
"M3"	"Muscle contraction"	"Muscle contraction"	"1/129"	"49/7644"	0.566833175164426	0.692581149177012	0.600739309047982	"ACTG2"	1
"M3"	"RNA Polymerase I, RNA Polymerase III, and Mitochondrial Transcription"	"RNA Polymerase I, RNA Polymerase III, and Mitochondrial Transcription"	"2/129"	"114/7644"	0.577134566579717	0.696813690755591	0.604410581513965	"HIST1H2BC/HIST1H2BJ"	2
"M3"	"Cargo trafficking to the periciliary membrane"	"Cargo trafficking to the periciliary membrane"	"1/129"	"51/7644"	0.581423719643013	0.696813690755591	0.604410581513965	"CYS1"	1
"M3"	"Nuclear Receptor transcription pathway"	"Nuclear Receptor transcription pathway"	"1/129"	"51/7644"	0.581423719643013	0.696813690755591	0.604410581513965	"AR"	1
"M3"	"Signaling by EGFR"	"Signaling by EGFR"	"3/129"	"179/7644"	0.586058155136649	0.696813690755591	0.604410581513965	"ADAM12/FGFR4/FGF1"	3
"M3"	"Signaling by Overexpressed Wild-Type EGFR in Cancer"	"Signaling by Overexpressed Wild-Type EGFR in Cancer"	"3/129"	"179/7644"	0.586058155136649	0.696813690755591	0.604410581513965	"ADAM12/FGFR4/FGF1"	3
"M3"	"Signaling by Insulin receptor"	"Signaling by Insulin receptor"	"2/129"	"116/7644"	0.586658106075168	0.696813690755591	0.604410581513965	"FGFR4/FGF1"	2
"M3"	"Apoptotic execution  phase"	"Apoptotic execution  phase"	"1/129"	"52/7644"	0.588535051154411	0.696813690755591	0.604410581513965	"HIST1H1C"	1
"M3"	"Mitochondrial protein import"	"Mitochondrial protein import"	"1/129"	"52/7644"	0.588535051154411	0.696813690755591	0.604410581513965	"LDHD"	1
"M3"	"Fatty acid, triacylglycerol, and ketone body metabolism"	"Fatty acid, triacylglycerol, and ketone body metabolism"	"3/129"	"181/7644"	0.593654122012445	0.696813690755591	0.604410581513965	"CTGF/FHL2/ANGPTL4"	3
"M3"	"Signaling by EGFR in Cancer"	"Signaling by EGFR in Cancer"	"3/129"	"181/7644"	0.593654122012445	0.696813690755591	0.604410581513965	"ADAM12/FGFR4/FGF1"	3
"M3"	"Signaling by EGFRvIII in Cancer"	"Signaling by EGFRvIII in Cancer"	"3/129"	"181/7644"	0.593654122012445	0.696813690755591	0.604410581513965	"ADAM12/FGFR4/FGF1"	3
"M3"	"Signaling by Ligand-Responsive EGFR Variants in Cancer"	"Signaling by Ligand-Responsive EGFR Variants in Cancer"	"3/129"	"181/7644"	0.593654122012445	0.696813690755591	0.604410581513965	"ADAM12/FGFR4/FGF1"	3
"M3"	"Circadian Clock"	"Circadian Clock"	"1/129"	"55/7644"	0.609157659990618	0.711976477833718	0.617562660867235	"SERPINE1"	1
"M3"	"Cellular responses to stress"	"Cellular responses to stress"	"4/129"	"249/7644"	0.610549661159082	0.711976477833718	0.617562660867235	"HIST1H1C/CDKN2B/HIST1H2BC/HIST1H2BJ"	4
"M3"	"degradation of DVL"	"degradation of DVL"	"1/129"	"56/7644"	0.615801310255635	0.715769055427004	0.620852312116925	"DACT1"	1
"M3"	"O-linked glycosylation of mucins"	"O-linked glycosylation of mucins"	"1/129"	"64/7644"	0.665069710464496	0.770533839308381	0.66835484444567	"GALNT5"	1
"M3"	"Mitotic G1-G1/S phases"	"Mitotic G1-G1/S phases"	"2/129"	"135/7644"	0.669279798201845	0.772910218568583	0.670416096670779	"CCND2/CDKN2B"	2
"M3"	"Semaphorin interactions"	"Semaphorin interactions"	"1/129"	"67/7644"	0.681882528655834	0.784932299867487	0.680843953134104	"PLXNA4"	1
"M3"	"Chromatin modifying enzymes"	"Chromatin modifying enzymes"	"3/129"	"208/7644"	0.687219627177792	0.786021171021245	0.681788431200433	"HIST3H2A/HIST1H2BC/HIST1H2BJ"	3
"M3"	"Chromatin organization"	"Chromatin organization"	"3/129"	"208/7644"	0.687219627177792	0.786021171021245	0.681788431200433	"HIST3H2A/HIST1H2BC/HIST1H2BJ"	3
"M3"	"Role of LAT2/NTAL/LAB on calcium mobilization"	"Role of LAT2/NTAL/LAB on calcium mobilization"	"2/129"	"141/7644"	0.692467188096157	0.789500806810268	0.684806639250306	"FGFR4/FGF1"	2
"M3"	"NCAM signaling for neurite out-growth"	"NCAM signaling for neurite out-growth"	"1/129"	"70/7644"	0.697857592805155	0.793120692775382	0.687946499173001	"COL6A3"	1
"M3"	"Sphingolipid metabolism"	"Sphingolipid metabolism"	"1/129"	"71/7644"	0.703003667604222	0.794550586923935	0.68918677783758	"ARSI"	1
"M3"	"Signaling by SCF-KIT"	"Signaling by SCF-KIT"	"2/129"	"144/7644"	0.703554569985719	0.794550586923935	0.68918677783758	"FGFR4/FGF1"	2
"M3"	"Downstream signaling of activated FGFR"	"Downstream signaling of activated FGFR"	"2/129"	"149/7644"	0.721300109531356	0.812029683057312	0.704348005004137	"FGFR4/FGF1"	2
"M3"	"Metabolism of nucleotides"	"Metabolism of nucleotides"	"1/129"	"78/7644"	0.736670776921938	0.823233125053153	0.714065780331315	"NT5E"	1
"M3"	"Transcriptional regulation of white adipocyte differentiation"	"Transcriptional regulation of white adipocyte differentiation"	"1/129"	"78/7644"	0.736670776921938	0.823233125053153	0.714065780331315	"ANGPTL4"	1
"M3"	"Signaling by ERBB4"	"Signaling by ERBB4"	"2/129"	"154/7644"	0.738150371905201	0.823233125053153	0.714065780331315	"FGFR4/FGF1"	2
"M3"	"Platelet homeostasis"	"Platelet homeostasis"	"1/129"	"79/7644"	0.741160529734133	0.824023197654719	0.71475108294073	"PDE10A"	1
"M3"	"Downstream signal transduction"	"Downstream signal transduction"	"2/129"	"161/7644"	0.760287824406308	0.842671953985939	0.730926863939583	"FGFR4/FGF1"	2
"M3"	"Signaling by FGFR"	"Signaling by FGFR"	"2/129"	"162/7644"	0.763315872823131	0.843416921205805	0.7315730425043	"FGFR4/FGF1"	2
"M3"	"Signaling by ERBB2"	"Signaling by ERBB2"	"2/129"	"163/7644"	0.766311011440805	0.844121052602487	0.73218380040498	"FGFR4/FGF1"	2
"M3"	"DAP12 signaling"	"DAP12 signaling"	"2/129"	"164/7644"	0.769273478209528	0.84478498527304	0.732759690254475	"FGFR4/FGF1"	2
"M3"	"Class B/2 (Secretin family receptors)"	"Class B/2 (Secretin family receptors)"	"1/129"	"87/7644"	0.774448256862928	0.847866898950851	0.735432917349312	"WNT2"	1
"M3"	"Downstream signaling events of B Cell Receptor (BCR)"	"Downstream signaling events of B Cell Receptor (BCR)"	"2/129"	"170/7644"	0.786375656884715	0.858300259648561	0.744482730362615	"FGFR4/FGF1"	2
"M3"	"PCP/CE pathway"	"PCP/CE pathway"	"1/129"	"91/7644"	0.789462195854621	0.859050048984663	0.745133091592107	"ROR2"	1
"M3"	"Biological oxidations"	"Biological oxidations"	"2/129"	"174/7644"	0.797154399804437	0.864791742818146	0.750113390565578	"MAOB/FMO1"	2
"M3"	"Signaling by FGFR in disease"	"Signaling by FGFR in disease"	"2/129"	"177/7644"	0.804922743311078	0.870581093973916	0.755135027116452	"FGFR4/FGF1"	2
"M3"	"DAP12 interactions"	"DAP12 interactions"	"2/129"	"179/7644"	0.809955018221342	0.870964851153334	0.755467895002156	"FGFR4/FGF1"	2
"M3"	"Transport of glucose and other sugars, bile salts and organic acids, metal ions and amine compounds"	"Transport of glucose and other sugars, bile salts and organic acids, metal ions and amine compounds"	"1/129"	"97/7644"	0.810143283335363	0.870964851153334	0.755467895002156	"SLC2A3"	1
"M3"	"Stimuli-sensing channels"	"Stimuli-sensing channels"	"1/129"	"98/7644"	0.81338848228193	0.871835558853087	0.756223139846106	"ANO1"	1
"M3"	"Generic Transcription Pathway"	"Generic Transcription Pathway"	"6/129"	"483/7644"	0.833317059643896	0.890529872694074	0.772438437061899	"SERPINE1/CTGF/CDKN2B/ZNF677/ZIK1/AR"	6
"M3"	"Neuronal System"	"Neuronal System"	"3/129"	"280/7644"	0.857470097862353	0.913613973317626	0.792461399966773	"SLC1A3/KCND3/KCNJ11"	3
"M3"	"Transcription"	"Transcription"	"2/129"	"203/7644"	0.861937398449619	0.915648630993958	0.794226245643098	"HIST1H2BC/HIST1H2BJ"	2
"M3"	"NGF signalling via TRKA from the plasma membrane"	"NGF signalling via TRKA from the plasma membrane"	"2/129"	"206/7644"	0.867439034081901	0.917388288376335	0.795735210441102	"FGFR4/FGF1"	2
"M3"	"Signalling by NGF"	"Signalling by NGF"	"3/129"	"287/7644"	0.868700083127311	0.917388288376335	0.795735210441102	"PCSK5/FGFR4/FGF1"	3
"M3"	"Signaling by the B Cell Receptor (BCR)"	"Signaling by the B Cell Receptor (BCR)"	"2/129"	"209/7644"	0.872740478476292	0.918944386160331	0.79708495712231	"FGFR4/FGF1"	2
"M3"	"Fc epsilon receptor (FCERI) signaling"	"Fc epsilon receptor (FCERI) signaling"	"2/129"	"212/7644"	0.877847835599861	0.921611510688417	0.799398399450406	"FGFR4/FGF1"	2
"M3"	"Factors involved in megakaryocyte development and platelet production"	"Factors involved in megakaryocyte development and platelet production"	"1/129"	"125/7644"	0.882943327046845	0.923652122068864	0.801168409321714	"KIF26A"	1
"M3"	"G alpha (s) signalling events"	"G alpha (s) signalling events"	"1/129"	"126/7644"	0.88495161416095	0.923652122068864	0.801168409321714	"PDE10A"	1
"M3"	"G alpha (i) signalling events"	"G alpha (i) signalling events"	"2/129"	"236/7644"	0.912415172809829	0.94753895694865	0.821887657453254	"RGS4/ADRA2A"	2
"M3"	"beta-catenin independent WNT signaling"	"beta-catenin independent WNT signaling"	"1/129"	"144/7644"	0.915777874592829	0.94753895694865	0.821887657453254	"ROR2"	1
"M3"	"Toll-Like Receptors Cascades"	"Toll-Like Receptors Cascades"	"1/129"	"144/7644"	0.915777874592829	0.94753895694865	0.821887657453254	"CTSK"	1
"M3"	"Apoptosis"	"Apoptosis"	"1/129"	"148/7644"	0.921425666505455	0.950635125674216	0.824573249261669	"HIST1H1C"	1
"M3"	"Programmed Cell Death"	"Programmed Cell Death"	"1/129"	"160/7644"	0.936210854709743	0.963113465477264	0.835396860675663	"HIST1H1C"	1
"M3"	"M Phase"	"M Phase"	"2/129"	"266/7644"	0.942853313111883	0.967167581931388	0.838913368626167	"HIST1H2BC/HIST1H2BJ"	2
"M3"	"Cell Cycle, Mitotic"	"Cell Cycle, Mitotic"	"4/129"	"445/7644"	0.947712443439046	0.969374442146224	0.840827581397048	"CCND2/CDKN2B/HIST1H2BC/HIST1H2BJ"	4
"M3"	"Assembly of the primary cilium"	"Assembly of the primary cilium"	"1/129"	"179/7644"	0.954175100850861	0.973204233916262	0.844149511923838	"CYS1"	1
"M3"	"Metabolism of amino acids and derivatives"	"Metabolism of amino acids and derivatives"	"1/129"	"188/7644"	0.960832102803603	0.977209922737755	0.847624014135953	"DIO2"	1
"M3"	"Transmission across Chemical Synapses"	"Transmission across Chemical Synapses"	"1/129"	"201/7644"	0.968788547915335	0.982510765307904	0.852221922275306	"SLC1A3"	1
"M3"	"Gastrin-CREB signalling pathway via PKC and MAPK"	"Gastrin-CREB signalling pathway via PKC and MAPK"	"1/129"	"217/7644"	0.976411447176552	0.987444344884762	0.856501269453116	"MMP3"	1
"M3"	"Class A/1 (Rhodopsin-like receptors)"	"Class A/1 (Rhodopsin-like receptors)"	"1/129"	"314/7644"	0.995736968493759	0.996430896841265	0.864296132220444	"ADRA2A"	1
"M3"	"Defective ACTH causes Obesity and Pro-opiomelanocortinin deficiency (POMCD)"	"Defective ACTH causes Obesity and Pro-opiomelanocortinin deficiency (POMCD)"	"2/129"	"441/7644"	0.996037057151145	0.996430896841265	0.864296132220444	"WNT2/ADRA2A"	2
"M3"	"GPCR ligand binding"	"GPCR ligand binding"	"2/129"	"441/7644"	0.996037057151145	0.996430896841265	0.864296132220444	"WNT2/ADRA2A"	2
"M3"	"Organelle biogenesis and maintenance"	"Organelle biogenesis and maintenance"	"1/129"	"324/7644"	0.996430896841265	0.996430896841265	0.864296132220444	"CYS1"	1
"M4"	"Arachidonic acid metabolism"	"Arachidonic acid metabolism"	"6/106"	"50/7644"	5.9746778715483e-05	0.0243169389372016	0.0194334259190361	"CBR1/GPX2/AKR1C3/PTGR1/CYP4F11/CYP4F3"	6
"M4"	"Axon guidance"	"Axon guidance"	"14/106"	"327/7644"	0.000154970630108031	0.0315365232269844	0.0252031182649377	"PFN2/CD24/MYH14/MYH11/NRCAM/CRMP1/VAV3/SEMA5A/COL9A2/LAMA1/SCN9A/DPYSL4/COL9A3/RPS6KA6"	14
"M4"	"Synthesis of bile acids and bile salts via 24-hydroxycholesterol"	"Synthesis of bile acids and bile salts via 24-hydroxycholesterol"	"3/106"	"14/7644"	0.000844183694302276	0.0711594776683447	0.0568686889939701	"AKR1C2/AKR1C1/AKR1C3"	3
"M4"	"Synthesis of Prostaglandins (PG) and Thromboxanes (TX)"	"Synthesis of Prostaglandins (PG) and Thromboxanes (TX)"	"3/106"	"14/7644"	0.000844183694302276	0.0711594776683447	0.0568686889939701	"CBR1/AKR1C3/PTGR1"	3
"M4"	"Synthesis of bile acids and bile salts via 27-hydroxycholesterol"	"Synthesis of bile acids and bile salts via 27-hydroxycholesterol"	"3/106"	"15/7644"	0.00104463007375883	0.0711594776683447	0.0568686889939701	"AKR1C2/AKR1C1/AKR1C3"	3
"M4"	"Glutathione conjugation"	"Glutathione conjugation"	"4/106"	"33/7644"	0.00104903406882081	0.0711594776683447	0.0568686889939701	"GCLC/GCLM/GSTM3/GSTM2"	4
"M4"	"Bile acid and bile salt metabolism"	"Bile acid and bile salt metabolism"	"4/106"	"35/7644"	0.00131409283941779	0.0764051122347198	0.0610608552451272	"AKR1C2/AKR1C1/AKR1C3/ABCC3"	4
"M4"	"Semaphorin interactions"	"Semaphorin interactions"	"5/106"	"67/7644"	0.00227789849303189	0.115888085832997	0.0926145571509018	"MYH14/MYH11/CRMP1/SEMA5A/DPYSL4"	5
"M4"	"Biological oxidations"	"Biological oxidations"	"8/106"	"174/7644"	0.00277944103056123	0.116989371356734	0.0934946741218949	"GCLC/GCLM/GSTM3/GSTM2/CYP4F11/CYP4F3/CYP24A1/POMC"	8
"M4"	"Synthesis of Leukotrienes (LT) and Eoxins (EX)"	"Synthesis of Leukotrienes (LT) and Eoxins (EX)"	"3/106"	"21/7644"	0.00287443172866667	0.116989371356734	0.0934946741218949	"PTGR1/CYP4F11/CYP4F3"	3
"M4"	"Synthesis of bile acids and bile salts via 7alpha-hydroxycholesterol"	"Synthesis of bile acids and bile salts via 7alpha-hydroxycholesterol"	"3/106"	"24/7644"	0.00424445372491735	0.139882486207146	0.111790219159468	"AKR1C2/AKR1C1/AKR1C3"	3
"M4"	"WNT ligand biogenesis and trafficking"	"WNT ligand biogenesis and trafficking"	"3/106"	"26/7644"	0.00534407086355915	0.139882486207146	0.111790219159468	"WNT5A/WNT10A/WNT11"	3
"M4"	"WNT ligand secretion is abrogated by the PORCN inhibitor LGK974"	"WNT ligand secretion is abrogated by the PORCN inhibitor LGK974"	"3/106"	"26/7644"	0.00534407086355915	0.139882486207146	0.111790219159468	"WNT5A/WNT10A/WNT11"	3
"M4"	"Synthesis of bile acids and bile salts"	"Synthesis of bile acids and bile salts"	"3/106"	"27/7644"	0.0059521329168735	0.139882486207146	0.111790219159468	"AKR1C2/AKR1C1/AKR1C3"	3
"M4"	"Class B/2 (Secretin family receptors)"	"Class B/2 (Secretin family receptors)"	"5/106"	"87/7644"	0.00700965805145358	0.139882486207146	0.111790219159468	"WNT5A/FZD7/FZD10/WNT10A/WNT11"	5
"M4"	"Cytochrome P450 - arranged by substrate type"	"Cytochrome P450 - arranged by substrate type"	"4/106"	"60/7644"	0.0093971166194241	0.139882486207146	0.111790219159468	"CYP4F11/CYP4F3/CYP24A1/POMC"	4
"M4"	"L1CAM interactions"	"L1CAM interactions"	"5/106"	"97/7644"	0.0109696853823689	0.139882486207146	0.111790219159468	"CD24/NRCAM/LAMA1/SCN9A/RPS6KA6"	5
"M4"	"Depolarization of the Presynaptic Terminal Triggers the Opening of Calcium Channels"	"Depolarization of the Presynaptic Terminal Triggers the Opening of Calcium Channels"	"2/106"	"12/7644"	0.0114831532122632	0.139882486207146	0.111790219159468	"CACNA2D1/CACNA1B"	2
"M4"	"Eicosanoids"	"Eicosanoids"	"2/106"	"12/7644"	0.0114831532122632	0.139882486207146	0.111790219159468	"CYP4F11/CYP4F3"	2
"M4"	"Glutathione synthesis and recycling"	"Glutathione synthesis and recycling"	"2/106"	"12/7644"	0.0114831532122632	0.139882486207146	0.111790219159468	"GCLC/GCLM"	2
"M4"	"Miscellaneous substrates"	"Miscellaneous substrates"	"2/106"	"12/7644"	0.0114831532122632	0.139882486207146	0.111790219159468	"CYP4F11/CYP4F3"	2
"M4"	"Collagen biosynthesis and modifying enzymes"	"Collagen biosynthesis and modifying enzymes"	"4/106"	"64/7644"	0.0117404378659891	0.139882486207146	0.111790219159468	"COL9A2/COLGALT2/COL21A1/COL9A3"	4
"M4"	"O-glycosylation of TSR domain-containing proteins"	"O-glycosylation of TSR domain-containing proteins"	"3/106"	"39/7644"	0.0164982156950908	0.139882486207146	0.111790219159468	"SEMA5A/THSD7A/ADAMTSL1"	3
"M4"	"Fatty acids"	"Fatty acids"	"2/106"	"15/7644"	0.0177816062400678	0.139882486207146	0.111790219159468	"CYP4F11/CYP4F3"	2
"M4"	"negative regulation of TCF-dependent signaling by WNT ligand antagonists"	"negative regulation of TCF-dependent signaling by WNT ligand antagonists"	"2/106"	"15/7644"	0.0177816062400678	0.139882486207146	0.111790219159468	"WNT5A/KREMEN2"	2
"M4"	"Retinoid metabolism and transport"	"Retinoid metabolism and transport"	"3/106"	"41/7644"	0.018865440305065	0.139882486207146	0.111790219159468	"AKR1C1/AKR1C3/AKR1B10"	3
"M4"	"CRMPs in Sema3A signaling"	"CRMPs in Sema3A signaling"	"2/106"	"16/7644"	0.0201400083083313	0.139882486207146	0.111790219159468	"CRMP1/DPYSL4"	2
"M4"	"PLC beta mediated events"	"PLC beta mediated events"	"3/106"	"43/7644"	0.0214112984621019	0.139882486207146	0.111790219159468	"PLCB4/ADCY5/GNAZ"	3
"M4"	"G-protein mediated events"	"G-protein mediated events"	"3/106"	"44/7644"	0.0227513726448416	0.139882486207146	0.111790219159468	"PLCB4/ADCY5/GNAZ"	3
"M4"	"Defective CYP11A1 causes Adrenal insufficiency, congenital, with 46,XY sex reversal (AICSR)"	"Defective CYP11A1 causes Adrenal insufficiency, congenital, with 46,XY sex reversal (AICSR)"	"4/106"	"78/7644"	0.0227662379428929	0.139882486207146	0.111790219159468	"CYP4F11/CYP4F3/CYP24A1/POMC"	4
"M4"	"Defective CYP11B1 causes Adrenal hyperplasia 4 (AH4)"	"Defective CYP11B1 causes Adrenal hyperplasia 4 (AH4)"	"4/106"	"78/7644"	0.0227662379428929	0.139882486207146	0.111790219159468	"CYP4F11/CYP4F3/CYP24A1/POMC"	4
"M4"	"Defective CYP11B2 causes Corticosterone methyloxidase 1 deficiency (CMO-1 deficiency)"	"Defective CYP11B2 causes Corticosterone methyloxidase 1 deficiency (CMO-1 deficiency)"	"4/106"	"78/7644"	0.0227662379428929	0.139882486207146	0.111790219159468	"CYP4F11/CYP4F3/CYP24A1/POMC"	4
"M4"	"Defective CYP17A1 causes Adrenal hyperplasia 5 (AH5)"	"Defective CYP17A1 causes Adrenal hyperplasia 5 (AH5)"	"4/106"	"78/7644"	0.0227662379428929	0.139882486207146	0.111790219159468	"CYP4F11/CYP4F3/CYP24A1/POMC"	4
"M4"	"Defective CYP19A1 causes Aromatase excess syndrome (AEXS)"	"Defective CYP19A1 causes Aromatase excess syndrome (AEXS)"	"4/106"	"78/7644"	0.0227662379428929	0.139882486207146	0.111790219159468	"CYP4F11/CYP4F3/CYP24A1/POMC"	4
"M4"	"Defective CYP1B1 causes Glaucoma"	"Defective CYP1B1 causes Glaucoma"	"4/106"	"78/7644"	0.0227662379428929	0.139882486207146	0.111790219159468	"CYP4F11/CYP4F3/CYP24A1/POMC"	4
"M4"	"Defective CYP21A2 causes Adrenal hyperplasia 3 (AH3)"	"Defective CYP21A2 causes Adrenal hyperplasia 3 (AH3)"	"4/106"	"78/7644"	0.0227662379428929	0.139882486207146	0.111790219159468	"CYP4F11/CYP4F3/CYP24A1/POMC"	4
"M4"	"Defective CYP24A1 causes Hypercalcemia, infantile (HCAI)"	"Defective CYP24A1 causes Hypercalcemia, infantile (HCAI)"	"4/106"	"78/7644"	0.0227662379428929	0.139882486207146	0.111790219159468	"CYP4F11/CYP4F3/CYP24A1/POMC"	4
"M4"	"Defective CYP26B1 causes Radiohumeral fusions with other skeletal and craniofacial anomalies (RHFCA)"	"Defective CYP26B1 causes Radiohumeral fusions with other skeletal and craniofacial anomalies (RHFCA)"	"4/106"	"78/7644"	0.0227662379428929	0.139882486207146	0.111790219159468	"CYP4F11/CYP4F3/CYP24A1/POMC"	4
"M4"	"Defective CYP26C1 causes Focal facial dermal dysplasia 4 (FFDD4)"	"Defective CYP26C1 causes Focal facial dermal dysplasia 4 (FFDD4)"	"4/106"	"78/7644"	0.0227662379428929	0.139882486207146	0.111790219159468	"CYP4F11/CYP4F3/CYP24A1/POMC"	4
"M4"	"Defective CYP27A1 causes Cerebrotendinous xanthomatosis (CTX)"	"Defective CYP27A1 causes Cerebrotendinous xanthomatosis (CTX)"	"4/106"	"78/7644"	0.0227662379428929	0.139882486207146	0.111790219159468	"CYP4F11/CYP4F3/CYP24A1/POMC"	4
"M4"	"Defective CYP27B1 causes Rickets vitamin D-dependent 1A (VDDR1A)"	"Defective CYP27B1 causes Rickets vitamin D-dependent 1A (VDDR1A)"	"4/106"	"78/7644"	0.0227662379428929	0.139882486207146	0.111790219159468	"CYP4F11/CYP4F3/CYP24A1/POMC"	4
"M4"	"Defective CYP2R1 causes Rickets vitamin D-dependent 1B (VDDR1B)"	"Defective CYP2R1 causes Rickets vitamin D-dependent 1B (VDDR1B)"	"4/106"	"78/7644"	0.0227662379428929	0.139882486207146	0.111790219159468	"CYP4F11/CYP4F3/CYP24A1/POMC"	4
"M4"	"Defective CYP2U1 causes Spastic paraplegia 56, autosomal recessive (SPG56)"	"Defective CYP2U1 causes Spastic paraplegia 56, autosomal recessive (SPG56)"	"4/106"	"78/7644"	0.0227662379428929	0.139882486207146	0.111790219159468	"CYP4F11/CYP4F3/CYP24A1/POMC"	4
"M4"	"Defective CYP4F22 causes Ichthyosis, congenital, autosomal recessive 5 (ARCI5)"	"Defective CYP4F22 causes Ichthyosis, congenital, autosomal recessive 5 (ARCI5)"	"4/106"	"78/7644"	0.0227662379428929	0.139882486207146	0.111790219159468	"CYP4F11/CYP4F3/CYP24A1/POMC"	4
"M4"	"Defective CYP7B1 causes Spastic paraplegia 5A, autosomal recessive (SPG5A) and Congenital bile acid synthesis defect 3 (CBAS3)"	"Defective CYP7B1 causes Spastic paraplegia 5A, autosomal recessive (SPG5A) and Congenital bile acid synthesis defect 3 (CBAS3)"	"4/106"	"78/7644"	0.0227662379428929	0.139882486207146	0.111790219159468	"CYP4F11/CYP4F3/CYP24A1/POMC"	4
"M4"	"Defective FMO3 causes Trimethylaminuria (TMAU)"	"Defective FMO3 causes Trimethylaminuria (TMAU)"	"4/106"	"78/7644"	0.0227662379428929	0.139882486207146	0.111790219159468	"CYP4F11/CYP4F3/CYP24A1/POMC"	4
"M4"	"Defective MAOA causes Brunner syndrome (BRUNS)"	"Defective MAOA causes Brunner syndrome (BRUNS)"	"4/106"	"78/7644"	0.0227662379428929	0.139882486207146	0.111790219159468	"CYP4F11/CYP4F3/CYP24A1/POMC"	4
"M4"	"Defective TBXAS1 causes Ghosal hematodiaphyseal dysplasia (GHDD)"	"Defective TBXAS1 causes Ghosal hematodiaphyseal dysplasia (GHDD)"	"4/106"	"78/7644"	0.0227662379428929	0.139882486207146	0.111790219159468	"CYP4F11/CYP4F3/CYP24A1/POMC"	4
"M4"	"Phase 1 - Functionalization of compounds"	"Phase 1 - Functionalization of compounds"	"4/106"	"78/7644"	0.0227662379428929	0.139882486207146	0.111790219159468	"CYP4F11/CYP4F3/CYP24A1/POMC"	4
"M4"	"Opioid Signalling"	"Opioid Signalling"	"4/106"	"80/7644"	0.0247217227361017	0.139882486207146	0.111790219159468	"PLCB4/ADCY5/GNAZ/POMC"	4
"M4"	"G alpha (z) signalling events"	"G alpha (z) signalling events"	"3/106"	"46/7644"	0.0255658624756577	0.139882486207146	0.111790219159468	"ADCY5/GNAZ/ADRA2C"	3
"M4"	"Defective B3GAT3 causes JDSSDHD"	"Defective B3GAT3 causes JDSSDHD"	"5/106"	"121/7644"	0.0261205625349954	0.139882486207146	0.111790219159468	"CHST2/HS6ST2/CHST7/HS3ST1/CHST1"	5
"M4"	"Defective B4GALT1 causes B4GALT1-CDG (CDG-2d)"	"Defective B4GALT1 causes B4GALT1-CDG (CDG-2d)"	"5/106"	"121/7644"	0.0261205625349954	0.139882486207146	0.111790219159468	"CHST2/HS6ST2/CHST7/HS3ST1/CHST1"	5
"M4"	"Defective B4GALT7 causes EDS, progeroid type"	"Defective B4GALT7 causes EDS, progeroid type"	"5/106"	"121/7644"	0.0261205625349954	0.139882486207146	0.111790219159468	"CHST2/HS6ST2/CHST7/HS3ST1/CHST1"	5
"M4"	"Defective CHST14 causes EDS, musculocontractural type"	"Defective CHST14 causes EDS, musculocontractural type"	"5/106"	"121/7644"	0.0261205625349954	0.139882486207146	0.111790219159468	"CHST2/HS6ST2/CHST7/HS3ST1/CHST1"	5
"M4"	"Defective CHST3 causes SEDCJD"	"Defective CHST3 causes SEDCJD"	"5/106"	"121/7644"	0.0261205625349954	0.139882486207146	0.111790219159468	"CHST2/HS6ST2/CHST7/HS3ST1/CHST1"	5
"M4"	"Defective CHST6 causes MCDC1"	"Defective CHST6 causes MCDC1"	"5/106"	"121/7644"	0.0261205625349954	0.139882486207146	0.111790219159468	"CHST2/HS6ST2/CHST7/HS3ST1/CHST1"	5
"M4"	"Defective CHSY1 causes TPBS"	"Defective CHSY1 causes TPBS"	"5/106"	"121/7644"	0.0261205625349954	0.139882486207146	0.111790219159468	"CHST2/HS6ST2/CHST7/HS3ST1/CHST1"	5
"M4"	"Defective EXT1 causes exostoses 1, TRPS2 and CHDS"	"Defective EXT1 causes exostoses 1, TRPS2 and CHDS"	"5/106"	"121/7644"	0.0261205625349954	0.139882486207146	0.111790219159468	"CHST2/HS6ST2/CHST7/HS3ST1/CHST1"	5
"M4"	"Defective EXT2 causes exostoses 2"	"Defective EXT2 causes exostoses 2"	"5/106"	"121/7644"	0.0261205625349954	0.139882486207146	0.111790219159468	"CHST2/HS6ST2/CHST7/HS3ST1/CHST1"	5
"M4"	"Defective PAPSS2 causes SEMD-PA"	"Defective PAPSS2 causes SEMD-PA"	"5/106"	"121/7644"	0.0261205625349954	0.139882486207146	0.111790219159468	"CHST2/HS6ST2/CHST7/HS3ST1/CHST1"	5
"M4"	"Defective SLC26A2 causes chondrodysplasias"	"Defective SLC26A2 causes chondrodysplasias"	"5/106"	"121/7644"	0.0261205625349954	0.139882486207146	0.111790219159468	"CHST2/HS6ST2/CHST7/HS3ST1/CHST1"	5
"M4"	"Diseases associated with glycosaminoglycan metabolism"	"Diseases associated with glycosaminoglycan metabolism"	"5/106"	"121/7644"	0.0261205625349954	0.139882486207146	0.111790219159468	"CHST2/HS6ST2/CHST7/HS3ST1/CHST1"	5
"M4"	"Glycosaminoglycan metabolism"	"Glycosaminoglycan metabolism"	"5/106"	"121/7644"	0.0261205625349954	0.139882486207146	0.111790219159468	"CHST2/HS6ST2/CHST7/HS3ST1/CHST1"	5
"M4"	"MPS I - Hurler syndrome"	"MPS I - Hurler syndrome"	"5/106"	"121/7644"	0.0261205625349954	0.139882486207146	0.111790219159468	"CHST2/HS6ST2/CHST7/HS3ST1/CHST1"	5
"M4"	"MPS II - Hunter syndrome"	"MPS II - Hunter syndrome"	"5/106"	"121/7644"	0.0261205625349954	0.139882486207146	0.111790219159468	"CHST2/HS6ST2/CHST7/HS3ST1/CHST1"	5
"M4"	"MPS IIIA - Sanfilippo syndrome A"	"MPS IIIA - Sanfilippo syndrome A"	"5/106"	"121/7644"	0.0261205625349954	0.139882486207146	0.111790219159468	"CHST2/HS6ST2/CHST7/HS3ST1/CHST1"	5
"M4"	"MPS IIIB - Sanfilippo syndrome B"	"MPS IIIB - Sanfilippo syndrome B"	"5/106"	"121/7644"	0.0261205625349954	0.139882486207146	0.111790219159468	"CHST2/HS6ST2/CHST7/HS3ST1/CHST1"	5
"M4"	"MPS IIIC - Sanfilippo syndrome C"	"MPS IIIC - Sanfilippo syndrome C"	"5/106"	"121/7644"	0.0261205625349954	0.139882486207146	0.111790219159468	"CHST2/HS6ST2/CHST7/HS3ST1/CHST1"	5
"M4"	"MPS IIID - Sanfilippo syndrome D"	"MPS IIID - Sanfilippo syndrome D"	"5/106"	"121/7644"	0.0261205625349954	0.139882486207146	0.111790219159468	"CHST2/HS6ST2/CHST7/HS3ST1/CHST1"	5
"M4"	"MPS IV - Morquio syndrome A"	"MPS IV - Morquio syndrome A"	"5/106"	"121/7644"	0.0261205625349954	0.139882486207146	0.111790219159468	"CHST2/HS6ST2/CHST7/HS3ST1/CHST1"	5
"M4"	"MPS IV - Morquio syndrome B"	"MPS IV - Morquio syndrome B"	"5/106"	"121/7644"	0.0261205625349954	0.139882486207146	0.111790219159468	"CHST2/HS6ST2/CHST7/HS3ST1/CHST1"	5
"M4"	"MPS IX - Natowicz syndrome"	"MPS IX - Natowicz syndrome"	"5/106"	"121/7644"	0.0261205625349954	0.139882486207146	0.111790219159468	"CHST2/HS6ST2/CHST7/HS3ST1/CHST1"	5
"M4"	"MPS VII - Sly syndrome"	"MPS VII - Sly syndrome"	"5/106"	"121/7644"	0.0261205625349954	0.139882486207146	0.111790219159468	"CHST2/HS6ST2/CHST7/HS3ST1/CHST1"	5
"M4"	"MPS VI - Maroteaux-Lamy syndrome"	"MPS VI - Maroteaux-Lamy syndrome"	"5/106"	"121/7644"	0.0261205625349954	0.139882486207146	0.111790219159468	"CHST2/HS6ST2/CHST7/HS3ST1/CHST1"	5
"M4"	"Mucopolysaccharidoses"	"Mucopolysaccharidoses"	"5/106"	"121/7644"	0.0261205625349954	0.139882486207146	0.111790219159468	"CHST2/HS6ST2/CHST7/HS3ST1/CHST1"	5
"M4"	"Synthesis of PC"	"Synthesis of PC"	"2/106"	"19/7644"	0.0279376865253096	0.147670628776636	0.118014287577863	"BCHE/PCYT1B"	2
"M4"	"Extracellular matrix organization"	"Extracellular matrix organization"	"8/106"	"266/7644"	0.0310273400724654	0.157172161164849	0.125607649812332	"SPP1/FBN2/DMD/COL9A2/LAMA1/COLGALT2/COL21A1/COL9A3"	8
"M4"	"Collagen formation"	"Collagen formation"	"4/106"	"86/7644"	0.0311843566773763	0.157172161164849	0.125607649812332	"COL9A2/COLGALT2/COL21A1/COL9A3"	4
"M4"	"Defective AHCY causes Hypermethioninemia with S-adenosylhomocysteine hydrolase deficiency (HMAHCHD)"	"Defective AHCY causes Hypermethioninemia with S-adenosylhomocysteine hydrolase deficiency (HMAHCHD)"	"4/106"	"89/7644"	0.0347555147538978	0.157172161164849	0.125607649812332	"GCLC/GCLM/GSTM3/GSTM2"	4
"M4"	"Defective GCLC causes Hemolytic anemia due to gamma-glutamylcysteine synthetase deficiency (HAGGSD)"	"Defective GCLC causes Hemolytic anemia due to gamma-glutamylcysteine synthetase deficiency (HAGGSD)"	"4/106"	"89/7644"	0.0347555147538978	0.157172161164849	0.125607649812332	"GCLC/GCLM/GSTM3/GSTM2"	4
"M4"	"Defective GGT1 causes Glutathionuria (GLUTH)"	"Defective GGT1 causes Glutathionuria (GLUTH)"	"4/106"	"89/7644"	0.0347555147538978	0.157172161164849	0.125607649812332	"GCLC/GCLM/GSTM3/GSTM2"	4
"M4"	"Defective GSS causes Glutathione synthetase deficiency (GSS deficiency)"	"Defective GSS causes Glutathione synthetase deficiency (GSS deficiency)"	"4/106"	"89/7644"	0.0347555147538978	0.157172161164849	0.125607649812332	"GCLC/GCLM/GSTM3/GSTM2"	4
"M4"	"Defective MAT1A causes Methionine adenosyltransferase deficiency (MATD)"	"Defective MAT1A causes Methionine adenosyltransferase deficiency (MATD)"	"4/106"	"89/7644"	0.0347555147538978	0.157172161164849	0.125607649812332	"GCLC/GCLM/GSTM3/GSTM2"	4
"M4"	"Defective OPLAH causes 5-oxoprolinase deficiency (OPLAHD)"	"Defective OPLAH causes 5-oxoprolinase deficiency (OPLAHD)"	"4/106"	"89/7644"	0.0347555147538978	0.157172161164849	0.125607649812332	"GCLC/GCLM/GSTM3/GSTM2"	4
"M4"	"Defective SLC35D1 causes Schneckenbecken dysplasia (SCHBCKD)"	"Defective SLC35D1 causes Schneckenbecken dysplasia (SCHBCKD)"	"4/106"	"89/7644"	0.0347555147538978	0.157172161164849	0.125607649812332	"GCLC/GCLM/GSTM3/GSTM2"	4
"M4"	"Defective TPMT causes Thiopurine S-methyltransferase deficiency (TPMT deficiency)"	"Defective TPMT causes Thiopurine S-methyltransferase deficiency (TPMT deficiency)"	"4/106"	"89/7644"	0.0347555147538978	0.157172161164849	0.125607649812332	"GCLC/GCLM/GSTM3/GSTM2"	4
"M4"	"Defective UGT1A1 causes hyperbilirubinemia"	"Defective UGT1A1 causes hyperbilirubinemia"	"4/106"	"89/7644"	0.0347555147538978	0.157172161164849	0.125607649812332	"GCLC/GCLM/GSTM3/GSTM2"	4
"M4"	"Defective UGT1A4 causes hyperbilirubinemia"	"Defective UGT1A4 causes hyperbilirubinemia"	"4/106"	"89/7644"	0.0347555147538978	0.157172161164849	0.125607649812332	"GCLC/GCLM/GSTM3/GSTM2"	4
"M4"	"Phase II conjugation"	"Phase II conjugation"	"4/106"	"89/7644"	0.0347555147538978	0.157172161164849	0.125607649812332	"GCLC/GCLM/GSTM3/GSTM2"	4
"M4"	"Diseases associated with visual transduction"	"Diseases associated with visual transduction"	"4/106"	"92/7644"	0.038555434293883	0.170565888669678	0.136311546874254	"AKR1C1/AKR1C3/AKR1B10/ABCA4"	4
"M4"	"Visual phototransduction"	"Visual phototransduction"	"4/106"	"92/7644"	0.038555434293883	0.170565888669678	0.136311546874254	"AKR1C1/AKR1C3/AKR1B10/ABCA4"	4
"M4"	"Sulfur amino acid metabolism"	"Sulfur amino acid metabolism"	"2/106"	"23/7644"	0.039883812327375	0.174545286206899	0.139491771467559	"GCLC/GCLM"	2
"M4"	"ECM proteoglycans"	"ECM proteoglycans"	"3/106"	"55/7644"	0.0404311294541528	0.175058188168513	0.139901668547964	"COL9A2/LAMA1/COL9A3"	3
"M4"	"Sema4D induced cell migration and growth-cone collapse"	"Sema4D induced cell migration and growth-cone collapse"	"2/106"	"24/7644"	0.0431237540185075	0.184751240900343	0.147648088550901	"MYH14/MYH11"	2
"M4"	"Constitutive Signaling by NOTCH1 HD+PEST Domain Mutants"	"Constitutive Signaling by NOTCH1 HD+PEST Domain Mutants"	"3/106"	"57/7644"	0.0442154685336288	0.185522636012236	0.148264566216943	"HEY1/HDAC9/NEURL1"	3
"M4"	"Constitutive Signaling by NOTCH1 PEST Domain Mutants"	"Constitutive Signaling by NOTCH1 PEST Domain Mutants"	"3/106"	"57/7644"	0.0442154685336288	0.185522636012236	0.148264566216943	"HEY1/HDAC9/NEURL1"	3
"M4"	"Synthesis of IP3 and IP4 in the cytosol"	"Synthesis of IP3 and IP4 in the cytosol"	"2/106"	"25/7644"	0.046458420468429	0.192944664598476	0.154196046452681	"PLCB4/PLCH1"	2
"M4"	"Detoxification of Reactive Oxygen Species"	"Detoxification of Reactive Oxygen Species"	"2/106"	"27/7644"	0.0533992149369917	0.217334804793556	0.173687972795057	"TXNRD1/GPX2"	2
"M4"	"Sema4D in semaphorin signaling"	"Sema4D in semaphorin signaling"	"2/106"	"27/7644"	0.0533992149369917	0.217334804793556	0.173687972795057	"MYH14/MYH11"	2
"M4"	"Adrenaline,noradrenaline inhibits insulin secretion"	"Adrenaline,noradrenaline inhibits insulin secretion"	"2/106"	"28/7644"	0.056999157648307	0.225229681192825	0.179997339942022	"ADCY5/ADRA2C"	2
"M4"	"G-protein activation"	"G-protein activation"	"2/106"	"28/7644"	0.056999157648307	0.225229681192825	0.179997339942022	"GNAZ/POMC"	2
"M4"	"Keratan sulfate biosynthesis"	"Keratan sulfate biosynthesis"	"2/106"	"28/7644"	0.056999157648307	0.225229681192825	0.179997339942022	"CHST2/CHST1"	2
"M4"	"Transmission across Chemical Synapses"	"Transmission across Chemical Synapses"	"6/106"	"201/7644"	0.0601403070006553	0.235212866286107	0.18797562571423	"CACNA2D1/GRIP1/BCHE/ADCY5/CACNA1B/RPS6KA6"	6
"M4"	"Interaction between L1 and Ankyrins"	"Interaction between L1 and Ankyrins"	"2/106"	"29/7644"	0.0606814519902733	0.235212866286107	0.18797562571423	"NRCAM/SCN9A"	2
"M4"	"Integrin cell surface interactions"	"Integrin cell surface interactions"	"3/106"	"66/7644"	0.0633181958577851	0.24311797843508	0.194293172989628	"SPP1/COL9A2/COL9A3"	3
"M4"	"HS-GAG biosynthesis"	"HS-GAG biosynthesis"	"2/106"	"31/7644"	0.0682814506471371	0.259724770218549	0.207564862272163	"HS6ST2/HS3ST1"	2
"M4"	"EGFR interacts with phospholipase C-gamma"	"EGFR interacts with phospholipase C-gamma"	"2/106"	"33/7644"	0.076176553813334	0.268488576419923	0.214568654115495	"ADCY5/EGF"	2
"M4"	"Keratan sulfate/keratin metabolism"	"Keratan sulfate/keratin metabolism"	"2/106"	"33/7644"	0.076176553813334	0.268488576419923	0.214568654115495	"CHST2/CHST1"	2
"M4"	"Metabolism of steroid hormones and vitamin D"	"Metabolism of steroid hormones and vitamin D"	"2/106"	"33/7644"	0.076176553813334	0.268488576419923	0.214568654115495	"CYP24A1/POMC"	2
"M4"	"Steroid hormones"	"Steroid hormones"	"2/106"	"33/7644"	0.076176553813334	0.268488576419923	0.214568654115495	"CYP24A1/POMC"	2
"M4"	"FBXW7 Mutants and NOTCH1 in Cancer"	"FBXW7 Mutants and NOTCH1 in Cancer"	"3/106"	"72/7644"	0.0778418968490193	0.268488576419923	0.214568654115495	"HEY1/HDAC9/NEURL1"	3
"M4"	"Signaling by NOTCH1"	"Signaling by NOTCH1"	"3/106"	"72/7644"	0.0778418968490193	0.268488576419923	0.214568654115495	"HEY1/HDAC9/NEURL1"	3
"M4"	"Signaling by NOTCH1 HD Domain Mutants in Cancer"	"Signaling by NOTCH1 HD Domain Mutants in Cancer"	"3/106"	"72/7644"	0.0778418968490193	0.268488576419923	0.214568654115495	"HEY1/HDAC9/NEURL1"	3
"M4"	"Signaling by NOTCH1 HD+PEST Domain Mutants in Cancer"	"Signaling by NOTCH1 HD+PEST Domain Mutants in Cancer"	"3/106"	"72/7644"	0.0778418968490193	0.268488576419923	0.214568654115495	"HEY1/HDAC9/NEURL1"	3
"M4"	"Signaling by NOTCH1 in Cancer"	"Signaling by NOTCH1 in Cancer"	"3/106"	"72/7644"	0.0778418968490193	0.268488576419923	0.214568654115495	"HEY1/HDAC9/NEURL1"	3
"M4"	"Signaling by NOTCH1 PEST Domain Mutants in Cancer"	"Signaling by NOTCH1 PEST Domain Mutants in Cancer"	"3/106"	"72/7644"	0.0778418968490193	0.268488576419923	0.214568654115495	"HEY1/HDAC9/NEURL1"	3
"M4"	"Signaling by NOTCH1 t(7;9)(NOTCH1:M1580_K2555) Translocation Mutant"	"Signaling by NOTCH1 t(7;9)(NOTCH1:M1580_K2555) Translocation Mutant"	"3/106"	"72/7644"	0.0778418968490193	0.268488576419923	0.214568654115495	"HEY1/HDAC9/NEURL1"	3
"M4"	"EPHA-mediated growth cone collapse"	"EPHA-mediated growth cone collapse"	"2/106"	"34/7644"	0.0802279599425214	0.272106497471719	0.217459996686308	"MYH14/MYH11"	2
"M4"	"PLCG1 events in ERBB2 signaling"	"PLCG1 events in ERBB2 signaling"	"2/106"	"34/7644"	0.0802279599425214	0.272106497471719	0.217459996686308	"ADCY5/EGF"	2
"M4"	"ABC-family proteins mediated transport"	"ABC-family proteins mediated transport"	"2/106"	"36/7644"	0.0885253854255145	0.29698481768308	0.237342063013247	"ABCC3/ABCA4"	2
"M4"	"Signaling by NOTCH"	"Signaling by NOTCH"	"4/106"	"122/7644"	0.0890224760622502	0.29698481768308	0.237342063013247	"CCND1/HEY1/HDAC9/NEURL1"	4
"M4"	"NCAM1 interactions"	"NCAM1 interactions"	"2/106"	"37/7644"	0.0927663405684461	0.306815405784205	0.245198397484338	"COL9A2/COL9A3"	2
"M4"	"Neuronal System"	"Neuronal System"	"7/106"	"280/7644"	0.0934769295263918	0.306815405784205	0.245198397484338	"CACNA2D1/PANX2/GRIP1/BCHE/ADCY5/CACNA1B/RPS6KA6"	7
"M4"	"Collagen degradation"	"Collagen degradation"	"2/106"	"38/7644"	0.0970655087256418	0.31604529641069	0.252574671126091	"COL9A2/COL9A3"	2
"M4"	"Uptake and actions of bacterial toxins"	"Uptake and actions of bacterial toxins"	"2/106"	"40/7644"	0.105828968669316	0.341844367050885	0.273192575762895	"TXNRD1/SV2A"	2
"M4"	"Peptide hormone metabolism"	"Peptide hormone metabolism"	"3/106"	"83/7644"	0.107817622662831	0.345525767116316	0.276134649007996	"CPE/BCHE/POMC"	3
"M4"	"Signaling by PDGF"	"Signaling by PDGF"	"5/106"	"184/7644"	0.111955180135759	0.355982486837921	0.284491370575242	"SPP1/COL9A2/ADCY5/COL9A3/EGF"	5
"M4"	"Non-integrin membrane-ECM interactions"	"Non-integrin membrane-ECM interactions"	"2/106"	"42/7644"	0.114797268583567	0.362189831887688	0.289452109280475	"DMD/LAMA1"	2
"M4"	"Vasopressin regulates renal water homeostasis via Aquaporins"	"Vasopressin regulates renal water homeostasis via Aquaporins"	"2/106"	"43/7644"	0.119352681760224	0.3736657036647	0.298623309019507	"AQP3/ADCY5"	2
"M4"	"Glycerophospholipid biosynthesis"	"Glycerophospholipid biosynthesis"	"3/106"	"88/7644"	0.122725848953862	0.381293286444442	0.304719062488898	"PLA2G16/BCHE/PCYT1B"	3
"M4"	"Inositol phosphate metabolism"	"Inositol phosphate metabolism"	"2/106"	"44/7644"	0.123952744099051	0.382187627638742	0.305433795267997	"PLCB4/PLCH1"	2
"M4"	"Degradation of the extracellular matrix"	"Degradation of the extracellular matrix"	"3/106"	"89/7644"	0.125794581542233	0.384950335997661	0.307641675477246	"SPP1/COL9A2/COL9A3"	3
"M4"	"Abacavir transport and metabolism"	"Abacavir transport and metabolism"	"1/106"	"10/7644"	0.130401934309115	0.387398447181093	0.309598138313611	"ABCG2"	1
"M4"	"Activation of PPARGC1A (PGC-1alpha) by phosphorylation"	"Activation of PPARGC1A (PGC-1alpha) by phosphorylation"	"1/106"	"10/7644"	0.130401934309115	0.387398447181093	0.309598138313611	"PRKAA2"	1
"M4"	"Adenylate cyclase activating pathway"	"Adenylate cyclase activating pathway"	"1/106"	"10/7644"	0.130401934309115	0.387398447181093	0.309598138313611	"ADCY5"	1
"M4"	"Regulation of Rheb GTPase activity by AMPK"	"Regulation of Rheb GTPase activity by AMPK"	"1/106"	"10/7644"	0.130401934309115	0.387398447181093	0.309598138313611	"PRKAA2"	1
"M4"	"PCP/CE pathway"	"PCP/CE pathway"	"3/106"	"91/7644"	0.132014734052704	0.389347802604715	0.311156009323308	"WNT5A/FZD7/WNT11"	3
"M4"	"NOTCH1 Intracellular Domain Regulates Transcription"	"NOTCH1 Intracellular Domain Regulates Transcription"	"2/106"	"47/7644"	0.138000235099577	0.404072630831136	0.322923685314422	"HEY1/HDAC9"	2
"M4"	"EPH-Ephrin signaling"	"EPH-Ephrin signaling"	"3/106"	"94/7644"	0.141543376773216	0.405510098292293	0.324072469603824	"MYH14/MYH11/VAV3"	3
"M4"	"Androgen biosynthesis"	"Androgen biosynthesis"	"1/106"	"11/7644"	0.142476521021616	0.405510098292293	0.324072469603824	"POMC"	1
"M4"	"Facilitative Na+-independent glucose transporters"	"Facilitative Na+-independent glucose transporters"	"1/106"	"11/7644"	0.142476521021616	0.405510098292293	0.324072469603824	"SLC2A12"	1
"M4"	"Import of palmitoyl-CoA into the mitochondrial matrix"	"Import of palmitoyl-CoA into the mitochondrial matrix"	"1/106"	"11/7644"	0.142476521021616	0.405510098292293	0.324072469603824	"PRKAA2"	1
"M4"	"Muscle contraction"	"Muscle contraction"	"2/106"	"49/7644"	0.147551552170473	0.417038067592934	0.333285304244708	"MYH11/DMD"	2
"M4"	"Regulation of ornithine decarboxylase (ODC)"	"Regulation of ornithine decarboxylase (ODC)"	"2/106"	"50/7644"	0.152377419264573	0.422842376747602	0.337923947795187	"ODC1/NQO1"	2
"M4"	"Bile salt and organic anion SLC transporters"	"Bile salt and organic anion SLC transporters"	"1/106"	"12/7644"	0.154385009004285	0.422842376747602	0.337923947795187	"SLC47A1"	1
"M4"	"Passive transport by Aquaporins"	"Passive transport by Aquaporins"	"1/106"	"12/7644"	0.154385009004285	0.422842376747602	0.337923947795187	"AQP3"	1
"M4"	"Peptide hormone biosynthesis"	"Peptide hormone biosynthesis"	"1/106"	"12/7644"	0.154385009004285	0.422842376747602	0.337923947795187	"POMC"	1
"M4"	"Aquaporin-mediated transport"	"Aquaporin-mediated transport"	"2/106"	"51/7644"	0.157234334301526	0.422842376747602	0.337923947795187	"AQP3/ADCY5"	2
"M4"	"Defective ACTH causes Obesity and Pro-opiomelanocortinin deficiency (POMCD)"	"Defective ACTH causes Obesity and Pro-opiomelanocortinin deficiency (POMCD)"	"9/106"	"441/7644"	0.157355714897484	0.422842376747602	0.337923947795187	"WNT5A/FZD7/FZD10/WNT10A/CCL28/WNT11/POMC/F2RL2/ADRA2C"	9
"M4"	"GPCR ligand binding"	"GPCR ligand binding"	"9/106"	"441/7644"	0.157355714897484	0.422842376747602	0.337923947795187	"WNT5A/FZD7/FZD10/WNT10A/CCL28/WNT11/POMC/F2RL2/ADRA2C"	9
"M4"	"Hedgehog 'off' state"	"Hedgehog 'off' state"	"3/106"	"99/7644"	0.15791656330623	0.422842376747602	0.337923947795187	"GLI2/ADCY5/GLI1"	3
"M4"	"WNT5A-dependent internalization of FZD2, FZD5 and ROR2"	"WNT5A-dependent internalization of FZD2, FZD5 and ROR2"	"1/106"	"13/7644"	0.166129661657003	0.441926616303271	0.353175544905498	"WNT5A"	1
"M4"	"Signaling by WNT in cancer"	"Signaling by WNT in cancer"	"5/106"	"212/7644"	0.170986752633048	0.448675579797463	0.358569130110995	"WNT5A/PYGO1/KREMEN2/WNT10A/WNT11"	5
"M4"	"O-linked glycosylation"	"O-linked glycosylation"	"3/106"	"103/7644"	0.171418144245928	0.448675579797463	0.358569130110995	"SEMA5A/THSD7A/ADAMTSL1"	3
"M4"	"Heparan sulfate/heparin (HS-GAG) metabolism"	"Heparan sulfate/heparin (HS-GAG) metabolism"	"2/106"	"54/7644"	0.171973932305662	0.448675579797463	0.358569130110995	"HS6ST2/HS3ST1"	2
"M4"	"Integration of energy metabolism"	"Integration of energy metabolism"	"3/106"	"104/7644"	0.174844927581265	0.452056710715635	0.361271236547604	"PRKAA2/ADCY5/ADRA2C"	3
"M4"	"Adenylate cyclase inhibitory pathway"	"Adenylate cyclase inhibitory pathway"	"1/106"	"14/7644"	0.177712711829242	0.452056710715635	0.361271236547604	"ADCY5"	1
"M4"	"Inhibition of adenylate cyclase pathway"	"Inhibition of adenylate cyclase pathway"	"1/106"	"14/7644"	0.177712711829242	0.452056710715635	0.361271236547604	"ADCY5"	1
"M4"	"Regulation of AMPK activity via LKB1"	"Regulation of AMPK activity via LKB1"	"1/106"	"14/7644"	0.177712711829242	0.452056710715635	0.361271236547604	"PRKAA2"	1
"M4"	"Constitutive Signaling by EGFRvIII"	"Constitutive Signaling by EGFRvIII"	"1/106"	"15/7644"	0.189136362228469	0.463725900162573	0.370596930428643	"EGF"	1
"M4"	"Constitutive Signaling by NOTCH1 HD Domain Mutants"	"Constitutive Signaling by NOTCH1 HD Domain Mutants"	"1/106"	"15/7644"	0.189136362228469	0.463725900162573	0.370596930428643	"NEURL1"	1
"M4"	"Metabolism of polyamines"	"Metabolism of polyamines"	"1/106"	"15/7644"	0.189136362228469	0.463725900162573	0.370596930428643	"ODC1"	1
"M4"	"Prolactin receptor signaling"	"Prolactin receptor signaling"	"1/106"	"15/7644"	0.189136362228469	0.463725900162573	0.370596930428643	"PRLR"	1
"M4"	"Recycling of bile acids and salts"	"Recycling of bile acids and salts"	"1/106"	"15/7644"	0.189136362228469	0.463725900162573	0.370596930428643	"ABCC3"	1
"M4"	"WNT5A-dependent internalization of FZD4"	"WNT5A-dependent internalization of FZD4"	"1/106"	"15/7644"	0.189136362228469	0.463725900162573	0.370596930428643	"WNT5A"	1
"M4"	"Platelet activation, signaling and aggregation"	"Platelet activation, signaling and aggregation"	"5/106"	"221/7644"	0.192158372220286	0.46831411672848	0.374263706372948	"VAV3/DGKG/F2RL2/EGF/ADRA2C"	5
"M4"	"PPARA activates gene expression"	"PPARA activates gene expression"	"3/106"	"111/7644"	0.199347122969101	0.475614637457673	0.38009808088561	"TXNRD1/ME1/PPARG"	3
"M4"	"Acyl chain remodelling of PI"	"Acyl chain remodelling of PI"	"1/106"	"16/7644"	0.200402785823145	0.475614637457673	0.38009808088561	"PLA2G16"	1
"M4"	"PKA activation"	"PKA activation"	"1/106"	"16/7644"	0.200402785823145	0.475614637457673	0.38009808088561	"ADCY5"	1
"M4"	"Trafficking of GluR2-containing AMPA receptors"	"Trafficking of GluR2-containing AMPA receptors"	"1/106"	"16/7644"	0.200402785823145	0.475614637457673	0.38009808088561	"GRIP1"	1
"M4"	"Signaling by Wnt"	"Signaling by Wnt"	"6/106"	"286/7644"	0.205298848807323	0.475614637457673	0.38009808088561	"WNT5A/FZD7/PYGO1/KREMEN2/WNT10A/WNT11"	6
"M4"	"Diseases of glycosylation"	"Diseases of glycosylation"	"5/106"	"227/7644"	0.206773438254277	0.475614637457673	0.38009808088561	"CHST2/HS6ST2/CHST7/HS3ST1/CHST1"	5
"M4"	"Ca2+ pathway"	"Ca2+ pathway"	"2/106"	"61/7644"	0.207143156986309	0.475614637457673	0.38009808088561	"WNT5A/WNT11"	2
"M4"	"Regulation of lipid metabolism by Peroxisome proliferator-activated receptor alpha (PPARalpha)"	"Regulation of lipid metabolism by Peroxisome proliferator-activated receptor alpha (PPARalpha)"	"3/106"	"114/7644"	0.210094429705032	0.475614637457673	0.38009808088561	"TXNRD1/ME1/PPARG"	3
"M4"	"Acyl chain remodelling of PS"	"Acyl chain remodelling of PS"	"1/106"	"17/7644"	0.21151412624039	0.475614637457673	0.38009808088561	"PLA2G16"	1
"M4"	"Energy dependent regulation of mTOR by LKB1-AMPK"	"Energy dependent regulation of mTOR by LKB1-AMPK"	"1/106"	"17/7644"	0.21151412624039	0.475614637457673	0.38009808088561	"PRKAA2"	1
"M4"	"G1/S-Specific Transcription"	"G1/S-Specific Transcription"	"1/106"	"17/7644"	0.21151412624039	0.475614637457673	0.38009808088561	"CCNA1"	1
"M4"	"PKA activation in glucagon signalling"	"PKA activation in glucagon signalling"	"1/106"	"17/7644"	0.21151412624039	0.475614637457673	0.38009808088561	"ADCY5"	1
"M4"	"PKA-mediated phosphorylation of CREB"	"PKA-mediated phosphorylation of CREB"	"1/106"	"17/7644"	0.21151412624039	0.475614637457673	0.38009808088561	"ADCY5"	1
"M4"	"Synthesis, secretion, and deacylation of Ghrelin"	"Synthesis, secretion, and deacylation of Ghrelin"	"1/106"	"17/7644"	0.21151412624039	0.475614637457673	0.38009808088561	"BCHE"	1
"M4"	"Asymmetric localization of PCP proteins"	"Asymmetric localization of PCP proteins"	"2/106"	"63/7644"	0.217337363727632	0.486023665039265	0.388416688211905	"WNT5A/FZD7"	2
"M4"	"Synthesis and interconversion of nucleotide di- and triphosphates"	"Synthesis and interconversion of nucleotide di- and triphosphates"	"1/106"	"18/7644"	0.222472498158381	0.49478856147793	0.395421351342766	"TXNRD1"	1
"M4"	"G alpha (i) signalling events"	"G alpha (i) signalling events"	"5/106"	"236/7644"	0.229362411658739	0.507339682310364	0.40545186042649	"CCL28/ADCY5/GNAZ/POMC/ADRA2C"	5
"M4"	"Constitutive Signaling by Ligand-Responsive EGFR Cancer Variants"	"Constitutive Signaling by Ligand-Responsive EGFR Cancer Variants"	"1/106"	"19/7644"	0.233279987693552	0.510456747264924	0.407942932638979	"EGF"	1
"M4"	"Other semaphorin interactions"	"Other semaphorin interactions"	"1/106"	"19/7644"	0.233279987693552	0.510456747264924	0.407942932638979	"SEMA5A"	1
"M4"	"Fatty acid, triacylglycerol, and ketone body metabolism"	"Fatty acid, triacylglycerol, and ketone body metabolism"	"4/106"	"181/7644"	0.24249273847744	0.525307045939389	0.419810881146441	"TXNRD1/ME1/PPARG/PRKAA2"	4
"M4"	"Chondroitin sulfate biosynthesis"	"Chondroitin sulfate biosynthesis"	"1/106"	"20/7644"	0.243938652782665	0.525307045939389	0.419810881146441	"CHST7"	1
"M4"	"Neurotoxicity of clostridium toxins"	"Neurotoxicity of clostridium toxins"	"1/106"	"20/7644"	0.243938652782665	0.525307045939389	0.419810881146441	"SV2A"	1
"M4"	"NCAM signaling for neurite out-growth"	"NCAM signaling for neurite out-growth"	"2/106"	"70/7644"	0.253304375767747	0.531083913276139	0.424427593954033	"COL9A2/COL9A3"	2
"M4"	"G alpha (s) signalling events"	"G alpha (s) signalling events"	"3/106"	"126/7644"	0.254221402881379	0.531083913276139	0.424427593954033	"ADCY5/GNAZ/POMC"	3
"M4"	"GRB2 events in EGFR signaling"	"GRB2 events in EGFR signaling"	"1/106"	"21/7644"	0.254450523559821	0.531083913276139	0.424427593954033	"EGF"	1
"M4"	"NOTCH2 Activation and Transmission of Signal to the Nucleus"	"NOTCH2 Activation and Transmission of Signal to the Nucleus"	"1/106"	"21/7644"	0.254450523559821	0.531083913276139	0.424427593954033	"NEURL1"	1
"M4"	"RA biosynthesis pathway"	"RA biosynthesis pathway"	"1/106"	"21/7644"	0.254450523559821	0.531083913276139	0.424427593954033	"AKR1C3"	1
"M4"	"Regulation of Insulin-like Growth Factor (IGF) transport and uptake by Insulin-like Growth Factor Binding Proteins (IGFBPs)"	"Regulation of Insulin-like Growth Factor (IGF) transport and uptake by Insulin-like Growth Factor Binding Proteins (IGFBPs)"	"1/106"	"21/7644"	0.254450523559821	0.531083913276139	0.424427593954033	"IGFBP3"	1
"M4"	"Cellular responses to stress"	"Cellular responses to stress"	"5/106"	"249/7644"	0.263187701330778	0.536222708012387	0.42853437676407	"TXNRD1/GPX2/CBX2/HSPA2/CCNA1"	5
"M4"	"Metabolism of amino acids and derivatives"	"Metabolism of amino acids and derivatives"	"4/106"	"188/7644"	0.263792137602381	0.536222708012387	0.42853437676407	"ODC1/GCLC/GCLM/NQO1"	4
"M4"	"Cyclin A/B1 associated events during G2/M transition"	"Cyclin A/B1 associated events during G2/M transition"	"1/106"	"22/7644"	0.264817602728476	0.536222708012387	0.42853437676407	"CCNA1"	1
"M4"	"SHC1 events in EGFR signaling"	"SHC1 events in EGFR signaling"	"1/106"	"22/7644"	0.264817602728476	0.536222708012387	0.42853437676407	"EGF"	1
"M4"	"Smooth Muscle Contraction"	"Smooth Muscle Contraction"	"1/106"	"22/7644"	0.264817602728476	0.536222708012387	0.42853437676407	"MYH11"	1
"M4"	"The canonical retinoid cycle in rods (twilight vision)"	"The canonical retinoid cycle in rods (twilight vision)"	"1/106"	"22/7644"	0.264817602728476	0.536222708012387	0.42853437676407	"ABCA4"	1
"M4"	"Acyl chain remodelling of PE"	"Acyl chain remodelling of PE"	"1/106"	"23/7644"	0.275041865928526	0.546058728941024	0.436395053000845	"PLA2G16"	1
"M4"	"Endogenous sterols"	"Endogenous sterols"	"1/106"	"23/7644"	0.275041865928526	0.546058728941024	0.436395053000845	"POMC"	1
"M4"	"Laminin interactions"	"Laminin interactions"	"1/106"	"23/7644"	0.275041865928526	0.546058728941024	0.436395053000845	"LAMA1"	1
"M4"	"Signaling by BMP"	"Signaling by BMP"	"1/106"	"23/7644"	0.275041865928526	0.546058728941024	0.436395053000845	"BMPR1B"	1
"M4"	"Growth hormone receptor signaling"	"Growth hormone receptor signaling"	"1/106"	"24/7644"	0.285125262098527	0.555987840417026	0.444330124631737	"PRLR"	1
"M4"	"Glycogen storage diseases"	"Glycogen storage diseases"	"5/106"	"258/7644"	0.287267292357316	0.555987840417026	0.444330124631737	"CHST2/HS6ST2/CHST7/HS3ST1/CHST1"	5
"M4"	"Metabolism of carbohydrates"	"Metabolism of carbohydrates"	"5/106"	"258/7644"	0.287267292357316	0.555987840417026	0.444330124631737	"CHST2/HS6ST2/CHST7/HS3ST1/CHST1"	5
"M4"	"Myoclonic epilepsy of Lafora"	"Myoclonic epilepsy of Lafora"	"5/106"	"258/7644"	0.287267292357316	0.555987840417026	0.444330124631737	"CHST2/HS6ST2/CHST7/HS3ST1/CHST1"	5
"M4"	"Regulation of insulin secretion"	"Regulation of insulin secretion"	"2/106"	"77/7644"	0.289419182191102	0.555987840417026	0.444330124631737	"ADCY5/ADRA2C"	2
"M4"	"Signaling by Hedgehog"	"Signaling by Hedgehog"	"3/106"	"136/7644"	0.291939889074938	0.555987840417026	0.444330124631737	"GLI2/ADCY5/GLI1"	3
"M4"	"Acyl chain remodelling of PC"	"Acyl chain remodelling of PC"	"1/106"	"25/7644"	0.295069713833115	0.555987840417026	0.444330124631737	"PLA2G16"	1
"M4"	"Basigin interactions"	"Basigin interactions"	"1/106"	"25/7644"	0.295069713833115	0.555987840417026	0.444330124631737	"SLC7A11"	1
"M4"	"Effects of PIP2 hydrolysis"	"Effects of PIP2 hydrolysis"	"1/106"	"25/7644"	0.295069713833115	0.555987840417026	0.444330124631737	"DGKG"	1
"M4"	"G0 and Early G1"	"G0 and Early G1"	"1/106"	"25/7644"	0.295069713833115	0.555987840417026	0.444330124631737	"CCNA1"	1
"M4"	"TRP channels"	"TRP channels"	"1/106"	"25/7644"	0.295069713833115	0.555987840417026	0.444330124631737	"MCOLN3"	1
"M4"	"Phospholipid metabolism"	"Phospholipid metabolism"	"3/106"	"138/7644"	0.299543069849076	0.5564349189167	0.444687417419527	"PLA2G16/BCHE/PCYT1B"	3
"M4"	"Calmodulin induced events"	"Calmodulin induced events"	"1/106"	"26/7644"	0.304877117735686	0.5564349189167	0.444687417419527	"ADCY5"	1
"M4"	"CaM pathway"	"CaM pathway"	"1/106"	"26/7644"	0.304877117735686	0.5564349189167	0.444687417419527	"ADCY5"	1
"M4"	"Downregulation of TGF-beta receptor signaling"	"Downregulation of TGF-beta receptor signaling"	"1/106"	"26/7644"	0.304877117735686	0.5564349189167	0.444687417419527	"BAMBI"	1
"M4"	"EGFR downregulation"	"EGFR downregulation"	"1/106"	"26/7644"	0.304877117735686	0.5564349189167	0.444687417419527	"EGF"	1
"M4"	"Insulin processing"	"Insulin processing"	"1/106"	"26/7644"	0.304877117735686	0.5564349189167	0.444687417419527	"CPE"	1
"M4"	"VEGFR2 mediated vascular permeability"	"VEGFR2 mediated vascular permeability"	"1/106"	"26/7644"	0.304877117735686	0.5564349189167	0.444687417419527	"VAV3"	1
"M4"	"Neurotransmitter Receptor Binding And Downstream Transmission In The  Postsynaptic Cell"	"Neurotransmitter Receptor Binding And Downstream Transmission In The  Postsynaptic Cell"	"3/106"	"140/7644"	0.307158148100549	0.558095385164837	0.446014416179839	"GRIP1/ADCY5/RPS6KA6"	3
"M4"	"Attenuation phase"	"Attenuation phase"	"1/106"	"27/7644"	0.314549344766405	0.561498172455819	0.448733829791408	"HSPA2"	1
"M4"	"CREB phosphorylation through the activation of Ras"	"CREB phosphorylation through the activation of Ras"	"1/106"	"27/7644"	0.314549344766405	0.561498172455819	0.448733829791408	"RPS6KA6"	1
"M4"	"mTOR signalling"	"mTOR signalling"	"1/106"	"27/7644"	0.314549344766405	0.561498172455819	0.448733829791408	"PRKAA2"	1
"M4"	"Recycling pathway of L1"	"Recycling pathway of L1"	"1/106"	"27/7644"	0.314549344766405	0.561498172455819	0.448733829791408	"RPS6KA6"	1
"M4"	"beta-catenin independent WNT signaling"	"beta-catenin independent WNT signaling"	"3/106"	"144/7644"	0.322411110088939	0.571012614365093	0.456337508958525	"WNT5A/FZD7/WNT11"	3
"M4"	"Ca-dependent events"	"Ca-dependent events"	"1/106"	"28/7644"	0.324088240585593	0.571012614365093	0.456337508958525	"ADCY5"	1
"M4"	"PKB-mediated events"	"PKB-mediated events"	"1/106"	"28/7644"	0.324088240585593	0.571012614365093	0.456337508958525	"PRKAA2"	1
"M4"	"Hedgehog 'on' state"	"Hedgehog 'on' state"	"2/106"	"85/7644"	0.330445297221469	0.57970360331525	0.463283107266034	"GLI2/GLI1"	2
"M4"	"Activated NOTCH1 Transmits Signal to the Nucleus"	"Activated NOTCH1 Transmits Signal to the Nucleus"	"1/106"	"30/7644"	0.342773296759987	0.591138693988621	0.472421715873488	"NEURL1"	1
"M4"	"Glutamate Binding, Activation of AMPA Receptors and Synaptic Plasticity"	"Glutamate Binding, Activation of AMPA Receptors and Synaptic Plasticity"	"1/106"	"30/7644"	0.342773296759987	0.591138693988621	0.472421715873488	"GRIP1"	1
"M4"	"GRB2 events in ERBB2 signaling"	"GRB2 events in ERBB2 signaling"	"1/106"	"30/7644"	0.342773296759987	0.591138693988621	0.472421715873488	"EGF"	1
"M4"	"Trafficking of AMPA receptors"	"Trafficking of AMPA receptors"	"1/106"	"30/7644"	0.342773296759987	0.591138693988621	0.472421715873488	"GRIP1"	1
"M4"	"Amino acid transport across the plasma membrane"	"Amino acid transport across the plasma membrane"	"1/106"	"31/7644"	0.351923024963749	0.599299879331572	0.47894390977229	"SLC7A11"	1
"M4"	"DAG and IP3 signaling"	"DAG and IP3 signaling"	"1/106"	"31/7644"	0.351923024963749	0.599299879331572	0.47894390977229	"ADCY5"	1
"M4"	"Striated Muscle Contraction"	"Striated Muscle Contraction"	"1/106"	"31/7644"	0.351923024963749	0.599299879331572	0.47894390977229	"DMD"	1
"M4"	"SHC1 events in ERBB2 signaling"	"SHC1 events in ERBB2 signaling"	"1/106"	"32/7644"	0.360946558308533	0.60207069357202	0.481158267978157	"EGF"	1
"M4"	"Signaling by NOTCH2"	"Signaling by NOTCH2"	"1/106"	"32/7644"	0.360946558308533	0.60207069357202	0.481158267978157	"NEURL1"	1
"M4"	"Signaling by Robo receptor"	"Signaling by Robo receptor"	"1/106"	"32/7644"	0.360946558308533	0.60207069357202	0.481158267978157	"PFN2"	1
"M4"	"TGF-beta receptor signaling activates SMADs"	"TGF-beta receptor signaling activates SMADs"	"1/106"	"32/7644"	0.360946558308533	0.60207069357202	0.481158267978157	"BAMBI"	1
"M4"	"Thrombin signalling through proteinase activated receptors (PARs)"	"Thrombin signalling through proteinase activated receptors (PARs)"	"1/106"	"32/7644"	0.360946558308533	0.60207069357202	0.481158267978157	"F2RL2"	1
"M4"	"deactivation of the beta-catenin transactivating complex"	"deactivation of the beta-catenin transactivating complex"	"1/106"	"33/7644"	0.369845620949008	0.606964385992928	0.48506917178796	"PYGO1"	1
"M4"	"E2F mediated regulation of DNA replication"	"E2F mediated regulation of DNA replication"	"1/106"	"33/7644"	0.369845620949008	0.606964385992928	0.48506917178796	"CCNA1"	1
"M4"	"Glucagon signaling in metabolic regulation"	"Glucagon signaling in metabolic regulation"	"1/106"	"33/7644"	0.369845620949008	0.606964385992928	0.48506917178796	"ADCY5"	1
"M4"	"PLC-gamma1 signalling"	"PLC-gamma1 signalling"	"1/106"	"33/7644"	0.369845620949008	0.606964385992928	0.48506917178796	"ADCY5"	1
"M4"	"Regulation of actin dynamics for phagocytic cup formation"	"Regulation of actin dynamics for phagocytic cup formation"	"2/106"	"95/7644"	0.380772787793856	0.622387649124897	0.497395017663502	"VAV3/WIPF3"	2
"M4"	"HSF1-dependent transactivation"	"HSF1-dependent transactivation"	"1/106"	"35/7644"	0.387277114383138	0.625483276007687	0.499868957161193	"HSPA2"	1
"M4"	"Post NMDA receptor activation events"	"Post NMDA receptor activation events"	"1/106"	"35/7644"	0.387277114383138	0.625483276007687	0.499868957161193	"RPS6KA6"	1
"M4"	"Regulation of HSF1-mediated heat shock response"	"Regulation of HSF1-mediated heat shock response"	"1/106"	"35/7644"	0.387277114383138	0.625483276007687	0.499868957161193	"HSPA2"	1
"M4"	"Transport of glucose and other sugars, bile salts and organic acids, metal ions and amine compounds"	"Transport of glucose and other sugars, bile salts and organic acids, metal ions and amine compounds"	"2/106"	"97/7644"	0.39066026981738	0.628453477532307	0.502242660177118	"SLC2A12/SLC47A1"	2
"M4"	"Stimuli-sensing channels"	"Stimuli-sensing channels"	"2/106"	"98/7644"	0.395578289960453	0.633859700842144	0.506563164516287	"SCNN1A/MCOLN3"	2
"M4"	"DAP12 signaling"	"DAP12 signaling"	"3/106"	"164/7644"	0.398367516234748	0.635825800421735	0.50813441699293	"VAV3/ADCY5/EGF"	3
"M4"	"Platelet Aggregation (Plug Formation)"	"Platelet Aggregation (Plug Formation)"	"1/106"	"37/7644"	0.404230837442619	0.642663870465414	0.513599213691486	"ADRA2C"	1
"M4"	"Cyclin D associated events in G1"	"Cyclin D associated events in G1"	"1/106"	"38/7644"	0.412532603083619	0.648265519131401	0.518075896577274	"CCND1"	1
"M4"	"G1 Phase"	"G1 Phase"	"1/106"	"38/7644"	0.412532603083619	0.648265519131401	0.518075896577274	"CCND1"	1
"M4"	"Transport of vitamins, nucleosides, and related molecules"	"Transport of vitamins, nucleosides, and related molecules"	"1/106"	"38/7644"	0.412532603083619	0.648265519131401	0.518075896577274	"SLC29A4"	1
"M4"	"Activation of GABAB receptors"	"Activation of GABAB receptors"	"1/106"	"39/7644"	0.420719763755869	0.651075832124101	0.520321821094911	"ADCY5"	1
"M4"	"Activation of NMDA receptor upon glutamate binding and postsynaptic events"	"Activation of NMDA receptor upon glutamate binding and postsynaptic events"	"1/106"	"39/7644"	0.420719763755869	0.651075832124101	0.520321821094911	"RPS6KA6"	1
"M4"	"GABA B receptor activation"	"GABA B receptor activation"	"1/106"	"39/7644"	0.420719763755869	0.651075832124101	0.520321821094911	"ADCY5"	1
"M4"	"Nuclear signaling by ERBB4"	"Nuclear signaling by ERBB4"	"1/106"	"39/7644"	0.420719763755869	0.651075832124101	0.520321821094911	"PRLR"	1
"M4"	"Elastic fibre formation"	"Elastic fibre formation"	"1/106"	"41/7644"	0.436756517954712	0.668270311306646	0.534063173913756	"FBN2"	1
"M4"	"Pre-NOTCH Transcription and Translation"	"Pre-NOTCH Transcription and Translation"	"1/106"	"41/7644"	0.436756517954712	0.668270311306646	0.534063173913756	"CCND1"	1
"M4"	"Signaling by Retinoic Acid"	"Signaling by Retinoic Acid"	"1/106"	"41/7644"	0.436756517954712	0.668270311306646	0.534063173913756	"AKR1C3"	1
"M4"	"Amine ligand-binding receptors"	"Amine ligand-binding receptors"	"1/106"	"42/7644"	0.444609182573521	0.675208721296354	0.5396081595256	"ADRA2C"	1
"M4"	"Glucagon-like Peptide-1 (GLP1) regulates insulin secretion"	"Glucagon-like Peptide-1 (GLP1) regulates insulin secretion"	"1/106"	"42/7644"	0.444609182573521	0.675208721296354	0.5396081595256	"ADCY5"	1
"M4"	"Iron uptake and transport"	"Iron uptake and transport"	"1/106"	"43/7644"	0.452353384973837	0.684239201807513	0.546825070111268	"ABCG2"	1
"M4"	"DAP12 interactions"	"DAP12 interactions"	"3/106"	"179/7644"	0.453917898004984	0.684239201807513	0.546825070111268	"VAV3/ADCY5/EGF"	3
"M4"	"NRAGE signals death through JNK"	"NRAGE signals death through JNK"	"1/106"	"45/7644"	0.467522319104819	0.699564646601696	0.559072742273178	"VAV3"	1
"M4"	"RMTs methylate histone arginines"	"RMTs methylate histone arginines"	"1/106"	"45/7644"	0.467522319104819	0.699564646601696	0.559072742273178	"CCND1"	1
"M4"	"Downstream TCR signaling"	"Downstream TCR signaling"	"1/106"	"46/7644"	0.474949958817267	0.708075579628673	0.565874444860364	"CARD11"	1
"M4"	"SLC-mediated transmembrane transport"	"SLC-mediated transmembrane transport"	"4/106"	"259/7644"	0.486003902105006	0.711659419207054	0.568738550459019	"SLC7A11/SLC29A4/SLC2A12/SLC47A1"	4
"M4"	"EPH-ephrin mediated repulsion of cells"	"EPH-ephrin mediated repulsion of cells"	"1/106"	"48/7644"	0.489498706266707	0.711659419207054	0.568738550459019	"VAV3"	1
"M4"	"G alpha (q) signalling events"	"G alpha (q) signalling events"	"3/106"	"189/7644"	0.489794456161937	0.711659419207054	0.568738550459019	"PLCB4/DGKG/F2RL2"	3
"M4"	"misspliced LRP5 mutants have enhanced beta-catenin-dependent signaling"	"misspliced LRP5 mutants have enhanced beta-catenin-dependent signaling"	"3/106"	"190/7644"	0.493321446749941	0.711659419207054	0.568738550459019	"WNT5A/PYGO1/KREMEN2"	3
"M4"	"Peptide ligand-binding receptors"	"Peptide ligand-binding receptors"	"3/106"	"190/7644"	0.493321446749941	0.711659419207054	0.568738550459019	"CCL28/POMC/F2RL2"	3
"M4"	"RNF mutants show enhanced WNT signaling and proliferation"	"RNF mutants show enhanced WNT signaling and proliferation"	"3/106"	"190/7644"	0.493321446749941	0.711659419207054	0.568738550459019	"WNT5A/PYGO1/KREMEN2"	3
"M4"	"TCF dependent signaling in response to WNT"	"TCF dependent signaling in response to WNT"	"3/106"	"190/7644"	0.493321446749941	0.711659419207054	0.568738550459019	"WNT5A/PYGO1/KREMEN2"	3
"M4"	"XAV939 inhibits tankyrase, stabilizing AXIN"	"XAV939 inhibits tankyrase, stabilizing AXIN"	"3/106"	"190/7644"	0.493321446749941	0.711659419207054	0.568738550459019	"WNT5A/PYGO1/KREMEN2"	3
"M4"	"Fcgamma receptor (FCGR) dependent phagocytosis"	"Fcgamma receptor (FCGR) dependent phagocytosis"	"2/106"	"119/7644"	0.494158498604635	0.711659419207054	0.568738550459019	"VAV3/WIPF3"	2
"M4"	"Amino acid and oligopeptide SLC transporters"	"Amino acid and oligopeptide SLC transporters"	"1/106"	"49/7644"	0.496622605310378	0.711659419207054	0.568738550459019	"SLC7A11"	1
"M4"	"GPVI-mediated activation cascade"	"GPVI-mediated activation cascade"	"1/106"	"49/7644"	0.496622605310378	0.711659419207054	0.568738550459019	"VAV3"	1
"M4"	"Chondroitin sulfate/dermatan sulfate metabolism"	"Chondroitin sulfate/dermatan sulfate metabolism"	"1/106"	"50/7644"	0.503648017270497	0.711659419207054	0.568738550459019	"CHST7"	1
"M4"	"Lipid digestion, mobilization, and transport"	"Lipid digestion, mobilization, and transport"	"1/106"	"50/7644"	0.503648017270497	0.711659419207054	0.568738550459019	"CEL"	1
"M4"	"Ubiquitin-dependent degradation of Cyclin D"	"Ubiquitin-dependent degradation of Cyclin D"	"1/106"	"50/7644"	0.503648017270497	0.711659419207054	0.568738550459019	"CCND1"	1
"M4"	"Ubiquitin-dependent degradation of Cyclin D1"	"Ubiquitin-dependent degradation of Cyclin D1"	"1/106"	"50/7644"	0.503648017270497	0.711659419207054	0.568738550459019	"CCND1"	1
"M4"	"Rho GTPase cycle"	"Rho GTPase cycle"	"2/106"	"122/7644"	0.507416780907868	0.711659419207054	0.568738550459019	"VAV3/ARHGAP28"	2
"M4"	"Signaling by Rho GTPases"	"Signaling by Rho GTPases"	"2/106"	"122/7644"	0.507416780907868	0.711659419207054	0.568738550459019	"VAV3/ARHGAP28"	2
"M4"	"Cellular response to heat stress"	"Cellular response to heat stress"	"1/106"	"51/7644"	0.510576290929876	0.711659419207054	0.568738550459019	"HSPA2"	1
"M4"	"Nuclear Receptor transcription pathway"	"Nuclear Receptor transcription pathway"	"1/106"	"51/7644"	0.510576290929876	0.711659419207054	0.568738550459019	"PPARG"	1
"M4"	"S Phase"	"S Phase"	"2/106"	"124/7644"	0.51613121098871	0.716946767482611	0.572964053154343	"CCND1/CCNA1"	2
"M4"	"Mitochondrial biogenesis"	"Mitochondrial biogenesis"	"1/106"	"53/7644"	0.524146727241447	0.725604482949895	0.579883060213416	"PRKAA2"	1
"M4"	"Phospholipase C-mediated cascade"	"Phospholipase C-mediated cascade"	"1/106"	"54/7644"	0.530791496957217	0.732312336479957	0.585243791471115	"ADCY5"	1
"M4"	"Chemokine receptors bind chemokines"	"Chemokine receptors bind chemokines"	"1/106"	"55/7644"	0.537344342981266	0.736360766307661	0.588479184764172	"CCL28"	1
"M4"	"GABA receptor activation"	"GABA receptor activation"	"1/106"	"55/7644"	0.537344342981266	0.736360766307661	0.588479184764172	"ADCY5"	1
"M4"	"Hemostasis"	"Hemostasis"	"7/106"	"497/7644"	0.539519744065111	0.736860858505034	0.588878844634826	"SLC7A11/VAV3/DGKG/GATA3/F2RL2/EGF/ADRA2C"	7
"M4"	"SCF(Skp2)-mediated degradation of p27/p21"	"SCF(Skp2)-mediated degradation of p27/p21"	"1/106"	"56/7644"	0.543806525040033	0.740231624385597	0.591572667619681	"CCNA1"	1
"M4"	"FCERI mediated NF-kB activation"	"FCERI mediated NF-kB activation"	"1/106"	"57/7644"	0.550179285760349	0.741466785776365	0.592559774485702	"CARD11"	1
"M4"	"Meiotic synapsis"	"Meiotic synapsis"	"1/106"	"57/7644"	0.550179285760349	0.741466785776365	0.592559774485702	"HSPA2"	1
"M4"	"Pre-NOTCH Expression and Processing"	"Pre-NOTCH Expression and Processing"	"1/106"	"57/7644"	0.550179285760349	0.741466785776365	0.592559774485702	"CCND1"	1
"M4"	"DNA Damage/Telomere Stress Induced Senescence"	"DNA Damage/Telomere Stress Induced Senescence"	"1/106"	"58/7644"	0.556463850899324	0.745002589855345	0.595385491440067	"CCNA1"	1
"M4"	"formation of the beta-catenin:TCF transactivating complex"	"formation of the beta-catenin:TCF transactivating complex"	"1/106"	"58/7644"	0.556463850899324	0.745002589855345	0.595385491440067	"PYGO1"	1
"M4"	"Mitotic G1-G1/S phases"	"Mitotic G1-G1/S phases"	"2/106"	"135/7644"	0.562229090989463	0.74593876819371	0.596133659309082	"CCND1/CCNA1"	2
"M4"	"Degradation of GLI1 by the proteasome"	"Degradation of GLI1 by the proteasome"	"1/106"	"59/7644"	0.562661429571177	0.74593876819371	0.596133659309082	"GLI1"	1
"M4"	"Degradation of GLI2 by the proteasome"	"Degradation of GLI2 by the proteasome"	"1/106"	"59/7644"	0.562661429571177	0.74593876819371	0.596133659309082	"GLI2"	1
"M4"	"Fc epsilon receptor (FCERI) signaling"	"Fc epsilon receptor (FCERI) signaling"	"3/106"	"212/7644"	0.567692214955897	0.749160835889038	0.59870864681162	"CARD11/VAV3/EGF"	3
"M4"	"Translocation of GLUT4 to the plasma membrane"	"Translocation of GLUT4 to the plasma membrane"	"1/106"	"60/7644"	0.568773214471039	0.749160835889038	0.59870864681162	"PRKAA2"	1
"M4"	"Cell death signalling via NRAGE, NRIF and NADE"	"Cell death signalling via NRAGE, NRIF and NADE"	"1/106"	"61/7644"	0.574800382095784	0.754657275848336	0.603101249805085	"VAV3"	1
"M4"	"FCERI mediated Ca+2 mobilization"	"FCERI mediated Ca+2 mobilization"	"1/106"	"62/7644"	0.580744092961912	0.759842870219121	0.607245433590349	"VAV3"	1
"M4"	"Gastrin-CREB signalling pathway via PKC and MAPK"	"Gastrin-CREB signalling pathway via PKC and MAPK"	"3/106"	"217/7644"	0.583659008762454	0.759842870219121	0.607245433590349	"PLCB4/DGKG/F2RL2"	3
"M4"	"TCR signaling"	"TCR signaling"	"1/106"	"64/7644"	0.592385707869471	0.759842870219121	0.607245433590349	"CARD11"	1
"M4"	"Cyclin E associated events during G1/S transition"	"Cyclin E associated events during G1/S transition"	"1/106"	"65/7644"	0.598085854962589	0.759842870219121	0.607245433590349	"CCNA1"	1
"M4"	"Activation of NF-kappaB in B cells"	"Activation of NF-kappaB in B cells"	"1/106"	"66/7644"	0.603707031816259	0.759842870219121	0.607245433590349	"CARD11"	1
"M4"	"Cyclin A:Cdk2-associated events at S phase entry"	"Cyclin A:Cdk2-associated events at S phase entry"	"1/106"	"66/7644"	0.603707031816259	0.759842870219121	0.607245433590349	"CCNA1"	1
"M4"	"PI3K Cascade"	"PI3K Cascade"	"1/106"	"68/7644"	0.614716795203152	0.759842870219121	0.607245433590349	"PRKAA2"	1
"M4"	"Downstream signaling of activated FGFR"	"Downstream signaling of activated FGFR"	"2/106"	"149/7644"	0.616291885068571	0.759842870219121	0.607245433590349	"ADCY5/EGF"	2
"M4"	"Cdc20:Phospho-APC/C mediated degradation of Cyclin A"	"Cdc20:Phospho-APC/C mediated degradation of Cyclin A"	"1/106"	"69/7644"	0.620107505301947	0.759842870219121	0.607245433590349	"CCNA1"	1
"M4"	"APC:Cdc20 mediated degradation of cell cycle proteins prior to satisfation of the cell cycle checkpoint"	"APC:Cdc20 mediated degradation of cell cycle proteins prior to satisfation of the cell cycle checkpoint"	"1/106"	"70/7644"	0.6254234926865	0.759842870219121	0.607245433590349	"CCNA1"	1
"M4"	"Loss of Function of SMAD2/3 in Cancer"	"Loss of Function of SMAD2/3 in Cancer"	"1/106"	"70/7644"	0.6254234926865	0.759842870219121	0.607245433590349	"BAMBI"	1
"M4"	"Loss of Function of SMAD4 in Cancer"	"Loss of Function of SMAD4 in Cancer"	"1/106"	"70/7644"	0.6254234926865	0.759842870219121	0.607245433590349	"BAMBI"	1
"M4"	"Loss of Function of TGFBR1 in Cancer"	"Loss of Function of TGFBR1 in Cancer"	"1/106"	"70/7644"	0.6254234926865	0.759842870219121	0.607245433590349	"BAMBI"	1
"M4"	"Loss of Function of TGFBR2 in Cancer"	"Loss of Function of TGFBR2 in Cancer"	"1/106"	"70/7644"	0.6254234926865	0.759842870219121	0.607245433590349	"BAMBI"	1
"M4"	"Orc1 removal from chromatin"	"Orc1 removal from chromatin"	"1/106"	"70/7644"	0.6254234926865	0.759842870219121	0.607245433590349	"CCNA1"	1
"M4"	"Signaling by TGF-beta Receptor Complex"	"Signaling by TGF-beta Receptor Complex"	"1/106"	"70/7644"	0.6254234926865	0.759842870219121	0.607245433590349	"BAMBI"	1
"M4"	"Signaling by TGF-beta Receptor Complex in Cancer"	"Signaling by TGF-beta Receptor Complex in Cancer"	"1/106"	"70/7644"	0.6254234926865	0.759842870219121	0.607245433590349	"BAMBI"	1
"M4"	"SMAD2/3 MH2 Domain Mutants in Cancer"	"SMAD2/3 MH2 Domain Mutants in Cancer"	"1/106"	"70/7644"	0.6254234926865	0.759842870219121	0.607245433590349	"BAMBI"	1
"M4"	"SMAD2/3 Phosphorylation Motif Mutants in Cancer"	"SMAD2/3 Phosphorylation Motif Mutants in Cancer"	"1/106"	"70/7644"	0.6254234926865	0.759842870219121	0.607245433590349	"BAMBI"	1
"M4"	"SMAD4 MH2 Domain Mutants in Cancer"	"SMAD4 MH2 Domain Mutants in Cancer"	"1/106"	"70/7644"	0.6254234926865	0.759842870219121	0.607245433590349	"BAMBI"	1
"M4"	"Switching of origins to a post-replicative state"	"Switching of origins to a post-replicative state"	"1/106"	"70/7644"	0.6254234926865	0.759842870219121	0.607245433590349	"CCNA1"	1
"M4"	"TGFBR1 KD Mutants in Cancer"	"TGFBR1 KD Mutants in Cancer"	"1/106"	"70/7644"	0.6254234926865	0.759842870219121	0.607245433590349	"BAMBI"	1
"M4"	"TGFBR1 LBD Mutants in Cancer"	"TGFBR1 LBD Mutants in Cancer"	"1/106"	"70/7644"	0.6254234926865	0.759842870219121	0.607245433590349	"BAMBI"	1
"M4"	"TGFBR2 Kinase Domain Mutants in Cancer"	"TGFBR2 Kinase Domain Mutants in Cancer"	"1/106"	"70/7644"	0.6254234926865	0.759842870219121	0.607245433590349	"BAMBI"	1
"M4"	"TGFBR2 MSI Frameshift Mutants in Cancer"	"TGFBR2 MSI Frameshift Mutants in Cancer"	"1/106"	"70/7644"	0.6254234926865	0.759842870219121	0.607245433590349	"BAMBI"	1
"M4"	"Signaling by ERBB4"	"Signaling by ERBB4"	"2/106"	"154/7644"	0.634336491174525	0.765636105088389	0.611875226877828	"EGF/PRLR"	2
"M4"	"APC/C:Cdc20 mediated degradation of mitotic proteins"	"APC/C:Cdc20 mediated degradation of mitotic proteins"	"1/106"	"72/7644"	0.635835389483723	0.765636105088389	0.611875226877828	"CCNA1"	1
"M4"	"Removal of licensing factors from origins"	"Removal of licensing factors from origins"	"1/106"	"72/7644"	0.635835389483723	0.765636105088389	0.611875226877828	"CCNA1"	1
"M4"	"Class A/1 (Rhodopsin-like receptors)"	"Class A/1 (Rhodopsin-like receptors)"	"4/106"	"314/7644"	0.639204748571413	0.767234873170267	0.613152918167885	"CCL28/POMC/F2RL2/ADRA2C"	4
"M4"	"Activation of APC/C and APC/C:Cdc20 mediated degradation of mitotic proteins"	"Activation of APC/C and APC/C:Cdc20 mediated degradation of mitotic proteins"	"1/106"	"73/7644"	0.640933309282287	0.767234873170267	0.613152918167885	"CCNA1"	1
"M4"	"G alpha (12/13) signalling events"	"G alpha (12/13) signalling events"	"1/106"	"75/7644"	0.650918015501784	0.77153936452549	0.616592948760834	"VAV3"	1
"M4"	"Regulation of DNA replication"	"Regulation of DNA replication"	"1/106"	"75/7644"	0.650918015501784	0.77153936452549	0.616592948760834	"CCNA1"	1
"M4"	"Cellular Senescence"	"Cellular Senescence"	"2/106"	"159/7644"	0.651719907136161	0.77153936452549	0.616592948760834	"CBX2/CCNA1"	2
"M4"	"Senescence-Associated Secretory Phenotype (SASP)"	"Senescence-Associated Secretory Phenotype (SASP)"	"1/106"	"76/7644"	0.655806731363432	0.77153936452549	0.616592948760834	"CCNA1"	1
"M4"	"Downstream signal transduction"	"Downstream signal transduction"	"2/106"	"161/7644"	0.658489460049899	0.77153936452549	0.616592948760834	"ADCY5/EGF"	2
"M4"	"FCERI mediated MAPK activation"	"FCERI mediated MAPK activation"	"1/106"	"77/7644"	0.660627620168331	0.77153936452549	0.616592948760834	"VAV3"	1
"M4"	"Regulation of APC/C activators between G1/S and early anaphase"	"Regulation of APC/C activators between G1/S and early anaphase"	"1/106"	"77/7644"	0.660627620168331	0.77153936452549	0.616592948760834	"CCNA1"	1
"M4"	"Signaling by FGFR"	"Signaling by FGFR"	"2/106"	"162/7644"	0.661835084056978	0.77153936452549	0.616592948760834	"ADCY5/EGF"	2
"M4"	"Signaling by ERBB2"	"Signaling by ERBB2"	"2/106"	"163/7644"	0.665154695227907	0.77153936452549	0.616592948760834	"ADCY5/EGF"	2
"M4"	"Metabolism of nucleotides"	"Metabolism of nucleotides"	"1/106"	"78/7644"	0.665381614123948	0.77153936452549	0.616592948760834	"TXNRD1"	1
"M4"	"Transcriptional regulation of white adipocyte differentiation"	"Transcriptional regulation of white adipocyte differentiation"	"1/106"	"78/7644"	0.665381614123948	0.77153936452549	0.616592948760834	"PPARG"	1
"M4"	"Platelet degranulation"	"Platelet degranulation"	"1/106"	"79/7644"	0.670069632747113	0.774768012863849	0.619173195331513	"EGF"	1
"M4"	"Ion channel transport"	"Ion channel transport"	"2/106"	"167/7644"	0.678174467362789	0.781917870302139	0.624887163903688	"SCNN1A/MCOLN3"	2
"M4"	"Downstream signaling events of B Cell Receptor (BCR)"	"Downstream signaling events of B Cell Receptor (BCR)"	"2/106"	"170/7644"	0.687669910226273	0.784563650437925	0.627001598306786	"CARD11/EGF"	2
"M4"	"APC/C-mediated degradation of cell cycle proteins"	"APC/C-mediated degradation of cell cycle proteins"	"1/106"	"83/7644"	0.688179909597885	0.784563650437925	0.627001598306786	"CCNA1"	1
"M4"	"p75 NTR receptor-mediated signalling"	"p75 NTR receptor-mediated signalling"	"1/106"	"83/7644"	0.688179909597885	0.784563650437925	0.627001598306786	"VAV3"	1
"M4"	"Regulation of mitotic cell cycle"	"Regulation of mitotic cell cycle"	"1/106"	"83/7644"	0.688179909597885	0.784563650437925	0.627001598306786	"CCNA1"	1
"M4"	"Response to elevated platelet cytosolic Ca2+"	"Response to elevated platelet cytosolic Ca2+"	"1/106"	"84/7644"	0.69255141198945	0.787341968379068	0.629221953262982	"EGF"	1
"M4"	"IRS-mediated signalling"	"IRS-mediated signalling"	"1/106"	"85/7644"	0.696862199070021	0.787841430615274	0.629621109686072	"PRKAA2"	1
"M4"	"Meiosis"	"Meiosis"	"1/106"	"85/7644"	0.696862199070021	0.787841430615274	0.629621109686072	"HSPA2"	1
"M4"	"Constitutive PI3K/AKT Signaling in Cancer"	"Constitutive PI3K/AKT Signaling in Cancer"	"1/106"	"86/7644"	0.701113106187177	0.790451618332911	0.631707099611715	"EGF"	1
"M4"	"Signaling by FGFR in disease"	"Signaling by FGFR in disease"	"2/106"	"177/7644"	0.708942530526108	0.791529272399545	0.632568330974937	"ADCY5/EGF"	2
"M4"	"IRS-related events"	"IRS-related events"	"1/106"	"88/7644"	0.709438565154858	0.791529272399545	0.632568330974937	"PRKAA2"	1
"M4"	"IRS-related events triggered by IGF1R"	"IRS-related events triggered by IGF1R"	"1/106"	"89/7644"	0.71351473139276	0.791529272399545	0.632568330974937	"PRKAA2"	1
"M4"	"Signaling by EGFR"	"Signaling by EGFR"	"2/106"	"179/7644"	0.714796796582802	0.791529272399545	0.632568330974937	"ADCY5/EGF"	2
"M4"	"Signaling by Overexpressed Wild-Type EGFR in Cancer"	"Signaling by Overexpressed Wild-Type EGFR in Cancer"	"2/106"	"179/7644"	0.714796796582802	0.791529272399545	0.632568330974937	"ADCY5/EGF"	2
"M4"	"Signaling by EGFR in Cancer"	"Signaling by EGFR in Cancer"	"2/106"	"181/7644"	0.720553219077103	0.791529272399545	0.632568330974937	"ADCY5/EGF"	2
"M4"	"Signaling by EGFRvIII in Cancer"	"Signaling by EGFRvIII in Cancer"	"2/106"	"181/7644"	0.720553219077103	0.791529272399545	0.632568330974937	"ADCY5/EGF"	2
"M4"	"Signaling by Ligand-Responsive EGFR Variants in Cancer"	"Signaling by Ligand-Responsive EGFR Variants in Cancer"	"2/106"	"181/7644"	0.720553219077103	0.791529272399545	0.632568330974937	"ADCY5/EGF"	2
"M4"	"Oxidative Stress Induced Senescence"	"Oxidative Stress Induced Senescence"	"1/106"	"91/7644"	0.721497891149477	0.791529272399545	0.632568330974937	"CBX2"	1
"M4"	"IGF1R signaling cascade"	"IGF1R signaling cascade"	"1/106"	"92/7644"	0.725406433918994	0.791529272399545	0.632568330974937	"PRKAA2"	1
"M4"	"Insulin receptor signalling cascade"	"Insulin receptor signalling cascade"	"1/106"	"92/7644"	0.725406433918994	0.791529272399545	0.632568330974937	"PRKAA2"	1
"M4"	"Signaling by Type 1 Insulin-like Growth Factor 1 Receptor (IGF1R)"	"Signaling by Type 1 Insulin-like Growth Factor 1 Receptor (IGF1R)"	"1/106"	"92/7644"	0.725406433918994	0.791529272399545	0.632568330974937	"PRKAA2"	1
"M4"	"Transport of inorganic cations/anions and amino acids/oligopeptides"	"Transport of inorganic cations/anions and amino acids/oligopeptides"	"1/106"	"94/7644"	0.733061239456641	0.797743113526344	0.6375342611655	"SLC7A11"	1
"M4"	"Synthesis of DNA"	"Synthesis of DNA"	"1/106"	"97/7644"	0.744148822386647	0.804176635372211	0.642675754118746	"CCNA1"	1
"M4"	"Post-translational protein modification"	"Post-translational protein modification"	"3/106"	"278/7644"	0.747290663744844	0.804176635372211	0.642675754118746	"SEMA5A/THSD7A/ADAMTSL1"	3
"M4"	"Cell surface interactions at the vascular wall"	"Cell surface interactions at the vascular wall"	"1/106"	"99/7644"	0.751285841206574	0.804176635372211	0.642675754118746	"SLC7A11"	1
"M4"	"PI3K/AKT Signaling in Cancer"	"PI3K/AKT Signaling in Cancer"	"1/106"	"100/7644"	0.754780036147874	0.804176635372211	0.642675754118746	"EGF"	1
"M4"	"PI-3K cascade"	"PI-3K cascade"	"1/106"	"100/7644"	0.754780036147874	0.804176635372211	0.642675754118746	"EGF"	1
"M4"	"PI3K events in ERBB2 signaling"	"PI3K events in ERBB2 signaling"	"1/106"	"100/7644"	0.754780036147874	0.804176635372211	0.642675754118746	"EGF"	1
"M4"	"PI3K events in ERBB4 signaling"	"PI3K events in ERBB4 signaling"	"1/106"	"100/7644"	0.754780036147874	0.804176635372211	0.642675754118746	"EGF"	1
"M4"	"PIP3 activates AKT signaling"	"PIP3 activates AKT signaling"	"1/106"	"100/7644"	0.754780036147874	0.804176635372211	0.642675754118746	"EGF"	1
"M4"	"MHC class II antigen presentation"	"MHC class II antigen presentation"	"1/106"	"103/7644"	0.764973493491017	0.809316126321313	0.646783093322865	"DYNC1I1"	1
"M4"	"PI3K/AKT activation"	"PI3K/AKT activation"	"1/106"	"103/7644"	0.764973493491017	0.809316126321313	0.646783093322865	"EGF"	1
"M4"	"Signalling by NGF"	"Signalling by NGF"	"3/106"	"287/7644"	0.766543569652632	0.809316126321313	0.646783093322865	"VAV3/ADCY5/EGF"	3
"M4"	"GAB1 signalosome"	"GAB1 signalosome"	"1/106"	"104/7644"	0.768277141507189	0.809316126321313	0.646783093322865	"EGF"	1
"M4"	"DNA Replication"	"DNA Replication"	"1/106"	"105/7644"	0.771534783814913	0.809316126321313	0.646783093322865	"CCNA1"	1
"M4"	"VEGFA-VEGFR2 Pathway"	"VEGFA-VEGFR2 Pathway"	"1/106"	"105/7644"	0.771534783814913	0.809316126321313	0.646783093322865	"VAV3"	1
"M4"	"G1/S Transition"	"G1/S Transition"	"1/106"	"109/7644"	0.784117859499287	0.818843234853888	0.654396895305448	"CCNA1"	1
"M4"	"NGF signalling via TRKA from the plasma membrane"	"NGF signalling via TRKA from the plasma membrane"	"2/106"	"206/7644"	0.784640937574979	0.818843234853888	0.654396895305448	"ADCY5/EGF"	2
"M4"	"Signaling by the B Cell Receptor (BCR)"	"Signaling by the B Cell Receptor (BCR)"	"2/106"	"209/7644"	0.791405891524517	0.823790787341377	0.658350842592747	"CARD11/EGF"	2
"M4"	"Signaling by VEGF"	"Signaling by VEGF"	"1/106"	"113/7644"	0.796014082407795	0.82647380494891	0.660495036154696	"VAV3"	1
"M4"	"G2/M Transition"	"G2/M Transition"	"1/106"	"114/7644"	0.798885216024151	0.827344231353255	0.661190656894235	"CCNA1"	1
"M4"	"Mitotic G2-G2/M phases"	"Mitotic G2-G2/M phases"	"1/106"	"116/7644"	0.80450792909744	0.828948676310527	0.6624728849863	"CCNA1"	1
"M4"	"Signaling by Insulin receptor"	"Signaling by Insulin receptor"	"1/106"	"116/7644"	0.80450792909744	0.828948676310527	0.6624728849863	"PRKAA2"	1
"M4"	"Generic Transcription Pathway"	"Generic Transcription Pathway"	"5/106"	"483/7644"	0.808583276575021	0.83104392314655	0.664147348382992	"ZNF320/PPARG/ZNF347/ZNF334/ZNF702P"	5
"M4"	"Factors involved in megakaryocyte development and platelet production"	"Factors involved in megakaryocyte development and platelet production"	"1/106"	"125/7644"	0.827943327475609	0.848798323129906	0.67833617443978	"GATA3"	1
"M4"	"Role of LAT2/NTAL/LAB on calcium mobilization"	"Role of LAT2/NTAL/LAB on calcium mobilization"	"1/106"	"141/7644"	0.862938677807582	0.882452366501724	0.705231556314581	"EGF"	1
"M4"	"Signaling by SCF-KIT"	"Signaling by SCF-KIT"	"1/106"	"144/7644"	0.868666824610853	0.886083703299792	0.708133620379247	"EGF"	1
"M4"	"Membrane Trafficking"	"Membrane Trafficking"	"1/106"	"190/7644"	0.931899837451357	0.948208084606756	0.757781709927551	"PRKAA2"	1
"M4"	"Chromatin modifying enzymes"	"Chromatin modifying enzymes"	"1/106"	"208/7644"	0.947391609326289	0.959035186254686	0.766434430499671	"CCND1"	1
"M4"	"Chromatin organization"	"Chromatin organization"	"1/106"	"208/7644"	0.947391609326289	0.959035186254686	0.766434430499671	"CCND1"	1
"M4"	"Antigen processing: Ubiquitination & Proteasome degradation"	"Antigen processing: Ubiquitination & Proteasome degradation"	"1/106"	"211/7644"	0.949609779018767	0.959035186254686	0.766434430499671	"FBXO2"	1
"M4"	"Class I MHC mediated antigen processing & presentation"	"Class I MHC mediated antigen processing & presentation"	"1/106"	"255/7644"	0.973265377416891	0.980492595566027	0.783582599327305	"FBXO2"	1
"M4"	"Cell Cycle, Mitotic"	"Cell Cycle, Mitotic"	"2/106"	"445/7644"	0.987330847079344	0.990036117965993	0.791209518819325	"CCND1/CCNA1"	2
"M4"	"Cytokine Signaling in Immune system"	"Cytokine Signaling in Immune system"	"1/106"	"308/7644"	0.987603596791629	0.990036117965993	0.791209518819325	"PRLR"	1
"M4"	"Organelle biogenesis and maintenance"	"Organelle biogenesis and maintenance"	"1/106"	"324/7644"	0.990181277491998	0.990181277491998	0.791325526302929	"PRKAA2"	1
"M5"	"Arachidonic acid metabolism"	"Arachidonic acid metabolism"	"5/81"	"50/7644"	0.000172033335289492	0.0572871006514007	0.0546884918499226	"PTGS2/PLA2G4A/HPGD/ALOX15B/CYP4B1"	5
"M5"	"O-linked glycosylation"	"O-linked glycosylation"	"6/81"	"103/7644"	0.000741365647447906	0.123437380300076	0.117838118699615	"MUC1/B3GNT3/MUC5B/MUC16/ADAMTSL3/SEMA5B"	6
"M5"	"Platelet degranulation"	"Platelet degranulation"	"5/81"	"79/7644"	0.00144035369229001	0.157629327774882	0.150479080094877	"SERPINA1/CD36/SELP/FGG/TF"	5
"M5"	"Response to elevated platelet cytosolic Ca2+"	"Response to elevated platelet cytosolic Ca2+"	"5/81"	"84/7644"	0.00189344537867726	0.157629327774882	0.150479080094877	"SERPINA1/CD36/SELP/FGG/TF"	5
"M5"	"Termination of O-glycan biosynthesis"	"Termination of O-glycan biosynthesis"	"3/81"	"26/7644"	0.00250016742436154	0.166511150462479	0.158958013085723	"MUC1/MUC5B/MUC16"	3
"M5"	"O-linked glycosylation of mucins"	"O-linked glycosylation of mucins"	"4/81"	"64/7644"	0.0045916088191393	0.254834289462231	0.243274712873696	"MUC1/B3GNT3/MUC5B/MUC16"	4
"M5"	"ABC-family proteins mediated transport"	"ABC-family proteins mediated transport"	"3/81"	"36/7644"	0.00636367247241777	0.284419615173746	0.271518014169342	"ABCA3/ABCA8/CFTR"	3
"M5"	"Passive transport by Aquaporins"	"Passive transport by Aquaporins"	"2/81"	"12/7644"	0.00683290366783775	0.284419615173746	0.271518014169342	"AQP1/AQP4"	2
"M5"	"Binding and Uptake of Ligands by Scavenger Receptors"	"Binding and Uptake of Ligands by Scavenger Receptors"	"4/81"	"76/7644"	0.00842694118777353	0.309449197825012	0.2954122261519	"CD36/HBB/SCGB3A2/HP"	4
"M5"	"Synthesis of Prostaglandins (PG) and Thromboxanes (TX)"	"Synthesis of Prostaglandins (PG) and Thromboxanes (TX)"	"2/81"	"14/7644"	0.00929276870345382	0.309449197825012	0.2954122261519	"PTGS2/HPGD"	2
"M5"	"Nuclear Receptor transcription pathway"	"Nuclear Receptor transcription pathway"	"3/81"	"51/7644"	0.0165728428855692	0.360799796790311	0.344433502862886	"NR4A3/NR3C2/RORC"	3
"M5"	"Transport of inorganic cations/anions and amino acids/oligopeptides"	"Transport of inorganic cations/anions and amino acids/oligopeptides"	"4/81"	"94/7644"	0.017367275198574	0.360799796790311	0.344433502862886	"SLC34A2/SLC6A14/SLC4A4/SLC26A9"	4
"M5"	"MyD88:Mal cascade initiated on plasma membrane"	"MyD88:Mal cascade initiated on plasma membrane"	"4/81"	"96/7644"	0.018622375280488	0.360799796790311	0.344433502862886	"FOS/CD36/AGER/IL6"	4
"M5"	"Toll Like Receptor 2 (TLR2) Cascade"	"Toll Like Receptor 2 (TLR2) Cascade"	"4/81"	"96/7644"	0.018622375280488	0.360799796790311	0.344433502862886	"FOS/CD36/AGER/IL6"	4
"M5"	"Toll Like Receptor TLR1:TLR2 Cascade"	"Toll Like Receptor TLR1:TLR2 Cascade"	"4/81"	"96/7644"	0.018622375280488	0.360799796790311	0.344433502862886	"FOS/CD36/AGER/IL6"	4
"M5"	"Toll Like Receptor TLR6:TLR2 Cascade"	"Toll Like Receptor TLR6:TLR2 Cascade"	"4/81"	"96/7644"	0.018622375280488	0.360799796790311	0.344433502862886	"FOS/CD36/AGER/IL6"	4
"M5"	"Transport of glucose and other sugars, bile salts and organic acids, metal ions and amine compounds"	"Transport of glucose and other sugars, bile salts and organic acids, metal ions and amine compounds"	"4/81"	"97/7644"	0.0192705606374474	0.360799796790311	0.344433502862886	"CP/SLC6A14/SLC44A4/SLC22A3"	4
"M5"	"SLC-mediated transmembrane transport"	"SLC-mediated transmembrane transport"	"7/81"	"259/7644"	0.0195026917183952	0.360799796790311	0.344433502862886	"SLC34A2/CP/SLC6A14/SLC44A4/SLC22A3/SLC4A4/SLC26A9"	7
"M5"	"Regulation of Complement cascade"	"Regulation of Complement cascade"	"2/81"	"23/7644"	0.0242958926416588	0.425817486824862	0.406501915666535	"C7/C4BPA"	2
"M5"	"Platelet activation, signaling and aggregation"	"Platelet activation, signaling and aggregation"	"6/81"	"221/7644"	0.0293317536561085	0.482364621079683	0.46048400684705	"SERPINA1/CD36/PLA2G4A/SELP/FGG/TF"	6
"M5"	"Activated TLR4 signalling"	"Activated TLR4 signalling"	"4/81"	"115/7644"	0.0333698685828554	0.482364621079683	0.46048400684705	"FOS/CD36/AGER/IL6"	4
"M5"	"SHC1 events in ERBB4 signaling"	"SHC1 events in ERBB4 signaling"	"2/81"	"28/7644"	0.0350880982947952	0.482364621079683	0.46048400684705	"IL6/BTC"	2
"M5"	"Hemostasis"	"Hemostasis"	"10/81"	"497/7644"	0.0362786094417648	0.482364621079683	0.46048400684705	"SERPINA1/CEACAM6/TFPI/CD36/CEACAM1/PLA2G4A/HBB/SELP/FGG/TF"	10
"M5"	"Interaction between L1 and Ankyrins"	"Interaction between L1 and Ankyrins"	"2/81"	"29/7644"	0.0374328154582015	0.482364621079683	0.46048400684705	"KCNQ3/SCN7A"	2
"M5"	"Amine compound SLC transporters"	"Amine compound SLC transporters"	"2/81"	"30/7644"	0.039836079072119	0.482364621079683	0.46048400684705	"SLC6A14/SLC44A4"	2
"M5"	"GRB2 events in ERBB2 signaling"	"GRB2 events in ERBB2 signaling"	"2/81"	"30/7644"	0.039836079072119	0.482364621079683	0.46048400684705	"IL6/BTC"	2
"M5"	"Tight junction interactions"	"Tight junction interactions"	"2/81"	"30/7644"	0.039836079072119	0.482364621079683	0.46048400684705	"CLDN10/CLDN18"	2
"M5"	"Toll Like Receptor 4 (TLR4) Cascade"	"Toll Like Receptor 4 (TLR4) Cascade"	"4/81"	"124/7644"	0.0421979262966622	0.482364621079683	0.46048400684705	"FOS/CD36/AGER/IL6"	4
"M5"	"SHC1 events in ERBB2 signaling"	"SHC1 events in ERBB2 signaling"	"2/81"	"32/7644"	0.0448123875972995	0.482364621079683	0.46048400684705	"IL6/BTC"	2
"M5"	"Complement cascade"	"Complement cascade"	"3/81"	"75/7644"	0.0449048145749855	0.482364621079683	0.46048400684705	"C7/C4BPA/FCN3"	3
"M5"	"TRAF6 Mediated Induction of proinflammatory cytokines"	"TRAF6 Mediated Induction of proinflammatory cytokines"	"3/81"	"75/7644"	0.0449048145749855	0.482364621079683	0.46048400684705	"FOS/AGER/IL6"	3
"M5"	"MyD88 cascade initiated on plasma membrane"	"MyD88 cascade initiated on plasma membrane"	"3/81"	"86/7644"	0.0627256215720602	0.524024976849847	0.500254600944061	"FOS/AGER/IL6"	3
"M5"	"Toll Like Receptor 10 (TLR10) Cascade"	"Toll Like Receptor 10 (TLR10) Cascade"	"3/81"	"86/7644"	0.0627256215720602	0.524024976849847	0.500254600944061	"FOS/AGER/IL6"	3
"M5"	"Toll Like Receptor 5 (TLR5) Cascade"	"Toll Like Receptor 5 (TLR5) Cascade"	"3/81"	"86/7644"	0.0627256215720602	0.524024976849847	0.500254600944061	"FOS/AGER/IL6"	3
"M5"	"TRAF6 mediated induction of NFkB and MAP kinases upon TLR7/8 or 9 activation"	"TRAF6 mediated induction of NFkB and MAP kinases upon TLR7/8 or 9 activation"	"3/81"	"86/7644"	0.0627256215720602	0.524024976849847	0.500254600944061	"FOS/AGER/IL6"	3
"M5"	"Formation of Fibrin Clot (Clotting Cascade)"	"Formation of Fibrin Clot (Clotting Cascade)"	"2/81"	"39/7644"	0.0638651495648292	0.524024976849847	0.500254600944061	"TFPI/FGG"	2
"M5"	"O-glycosylation of TSR domain-containing proteins"	"O-glycosylation of TSR domain-containing proteins"	"2/81"	"39/7644"	0.0638651495648292	0.524024976849847	0.500254600944061	"ADAMTSL3/SEMA5B"	2
"M5"	"Toll-Like Receptors Cascades"	"Toll-Like Receptors Cascades"	"4/81"	"144/7644"	0.0661124834383544	0.524024976849847	0.500254600944061	"FOS/CD36/AGER/IL6"	4
"M5"	"MyD88 dependent cascade initiated on endosome"	"MyD88 dependent cascade initiated on endosome"	"3/81"	"88/7644"	0.0662718218634589	0.524024976849847	0.500254600944061	"FOS/AGER/IL6"	3
"M5"	"Toll Like Receptor 7/8 (TLR7/8) Cascade"	"Toll Like Receptor 7/8 (TLR7/8) Cascade"	"3/81"	"88/7644"	0.0662718218634589	0.524024976849847	0.500254600944061	"FOS/AGER/IL6"	3
"M5"	"Signaling by Retinoic Acid"	"Signaling by Retinoic Acid"	"2/81"	"41/7644"	0.0697321595164108	0.524024976849847	0.500254600944061	"SDR16C5/PDK4"	2
"M5"	"Toll Like Receptor 9 (TLR9) Cascade"	"Toll Like Receptor 9 (TLR9) Cascade"	"3/81"	"92/7644"	0.0736344608604	0.524024976849847	0.500254600944061	"FOS/AGER/IL6"	3
"M5"	"Post-translational protein modification"	"Post-translational protein modification"	"6/81"	"278/7644"	0.0737895790668437	0.524024976849847	0.500254600944061	"MUC1/B3GNT3/MUC5B/MUC16/ADAMTSL3/SEMA5B"	6
"M5"	"Iron uptake and transport"	"Iron uptake and transport"	"2/81"	"43/7644"	0.0757688206575864	0.524024976849847	0.500254600944061	"CP/TF"	2
"M5"	"Vasopressin regulates renal water homeostasis via Aquaporins"	"Vasopressin regulates renal water homeostasis via Aquaporins"	"2/81"	"43/7644"	0.0757688206575864	0.524024976849847	0.500254600944061	"AQP1/AQP4"	2
"M5"	"L1CAM interactions"	"L1CAM interactions"	"3/81"	"97/7644"	0.0833279294043895	0.524024976849847	0.500254600944061	"CHL1/KCNQ3/SCN7A"	3
"M5"	"Cell surface interactions at the vascular wall"	"Cell surface interactions at the vascular wall"	"3/81"	"99/7644"	0.087352427309101	0.524024976849847	0.500254600944061	"CEACAM6/CEACAM1/SELP"	3
"M5"	"MyD88-independent cascade"	"MyD88-independent cascade"	"3/81"	"99/7644"	0.087352427309101	0.524024976849847	0.500254600944061	"FOS/AGER/IL6"	3
"M5"	"Toll Like Receptor 3 (TLR3) Cascade"	"Toll Like Receptor 3 (TLR3) Cascade"	"3/81"	"99/7644"	0.087352427309101	0.524024976849847	0.500254600944061	"FOS/AGER/IL6"	3
"M5"	"TRIF-mediated TLR3/TLR4 signaling"	"TRIF-mediated TLR3/TLR4 signaling"	"3/81"	"99/7644"	0.087352427309101	0.524024976849847	0.500254600944061	"FOS/AGER/IL6"	3
"M5"	"Scavenging of heme from plasma"	"Scavenging of heme from plasma"	"2/81"	"47/7644"	0.0883131903318878	0.524024976849847	0.500254600944061	"HBB/HP"	2
"M5"	"Abacavir transport and metabolism"	"Abacavir transport and metabolism"	"1/81"	"10/7644"	0.101109449067663	0.524024976849847	0.500254600944061	"SLC22A3"	1
"M5"	"Activation of the AP-1 family of transcription factors"	"Activation of the AP-1 family of transcription factors"	"1/81"	"10/7644"	0.101109449067663	0.524024976849847	0.500254600944061	"FOS"	1
"M5"	"ERK1 activation"	"ERK1 activation"	"1/81"	"10/7644"	0.101109449067663	0.524024976849847	0.500254600944061	"IL6"	1
"M5"	"Ethanol oxidation"	"Ethanol oxidation"	"1/81"	"10/7644"	0.101109449067663	0.524024976849847	0.500254600944061	"ADH1B"	1
"M5"	"Aquaporin-mediated transport"	"Aquaporin-mediated transport"	"2/81"	"51/7644"	0.101425579708039	0.524024976849847	0.500254600944061	"AQP1/AQP4"	2
"M5"	"alpha-linolenic acid (ALA) metabolism"	"alpha-linolenic acid (ALA) metabolism"	"1/81"	"11/7644"	0.110647061672525	0.524024976849847	0.500254600944061	"ELOVL2"	1
"M5"	"alpha-linolenic (omega3) and linoleic (omega6) acid metabolism"	"alpha-linolenic (omega3) and linoleic (omega6) acid metabolism"	"1/81"	"11/7644"	0.110647061672525	0.524024976849847	0.500254600944061	"ELOVL2"	1
"M5"	"Interleukin-6 signaling"	"Interleukin-6 signaling"	"1/81"	"11/7644"	0.110647061672525	0.524024976849847	0.500254600944061	"IL6"	1
"M5"	"Nicotinate metabolism"	"Nicotinate metabolism"	"1/81"	"11/7644"	0.110647061672525	0.524024976849847	0.500254600944061	"PTGS2"	1
"M5"	"Chemokine receptors bind chemokines"	"Chemokine receptors bind chemokines"	"2/81"	"55/7644"	0.115038128765753	0.524024976849847	0.500254600944061	"CXCL2/CXCL3"	2
"M5"	"MAP kinase activation in TLR cascade"	"MAP kinase activation in TLR cascade"	"2/81"	"56/7644"	0.118511900664617	0.524024976849847	0.500254600944061	"FOS/IL6"	2
"M5"	"Depolarization of the Presynaptic Terminal Triggers the Opening of Calcium Channels"	"Depolarization of the Presynaptic Terminal Triggers the Opening of Calcium Channels"	"1/81"	"12/7644"	0.120084712400224	0.524024976849847	0.500254600944061	"CACNA2D2"	1
"M5"	"Eicosanoids"	"Eicosanoids"	"1/81"	"12/7644"	0.120084712400224	0.524024976849847	0.500254600944061	"CYP4B1"	1
"M5"	"ERK activation"	"ERK activation"	"1/81"	"12/7644"	0.120084712400224	0.524024976849847	0.500254600944061	"IL6"	1
"M5"	"Miscellaneous substrates"	"Miscellaneous substrates"	"1/81"	"12/7644"	0.120084712400224	0.524024976849847	0.500254600944061	"CYP4B1"	1
"M5"	"Advanced glycosylation endproduct receptor signaling"	"Advanced glycosylation endproduct receptor signaling"	"1/81"	"13/7644"	0.129423435971449	0.524024976849847	0.500254600944061	"AGER"	1
"M5"	"DEx/H-box helicases activate type I IFN and inflammatory cytokines production"	"DEx/H-box helicases activate type I IFN and inflammatory cytokines production"	"1/81"	"13/7644"	0.129423435971449	0.524024976849847	0.500254600944061	"AGER"	1
"M5"	"Organic cation/anion/zwitterion transport"	"Organic cation/anion/zwitterion transport"	"1/81"	"13/7644"	0.129423435971449	0.524024976849847	0.500254600944061	"SLC22A3"	1
"M5"	"Cell-cell junction organization"	"Cell-cell junction organization"	"2/81"	"60/7644"	0.132661130338944	0.524024976849847	0.500254600944061	"CLDN10/CLDN18"	2
"M5"	"Regulation of pyruvate dehydrogenase (PDH) complex"	"Regulation of pyruvate dehydrogenase (PDH) complex"	"1/81"	"14/7644"	0.138664256530525	0.524024976849847	0.500254600944061	"PDK4"	1
"M5"	"SEMA3A-Plexin repulsion signaling by inhibiting Integrin adhesion"	"SEMA3A-Plexin repulsion signaling by inhibiting Integrin adhesion"	"1/81"	"14/7644"	0.138664256530525	0.524024976849847	0.500254600944061	"RND1"	1
"M5"	"Peptide ligand-binding receptors"	"Peptide ligand-binding receptors"	"4/81"	"190/7644"	0.142030160216187	0.524024976849847	0.500254600944061	"CXCL2/ACKR1/CXCL3/GAL"	4
"M5"	"Fatty acids"	"Fatty acids"	"1/81"	"15/7644"	0.147808187752154	0.524024976849847	0.500254600944061	"CYP4B1"	1
"M5"	"Glycogen synthesis"	"Glycogen synthesis"	"1/81"	"15/7644"	0.147808187752154	0.524024976849847	0.500254600944061	"PPP1R3C"	1
"M5"	"GRB2:SOS provides linkage to MAPK signaling for Integrins"	"GRB2:SOS provides linkage to MAPK signaling for Integrins"	"1/81"	"15/7644"	0.147808187752154	0.524024976849847	0.500254600944061	"FGG"	1
"M5"	"p130Cas linkage to MAPK signaling for integrins"	"p130Cas linkage to MAPK signaling for integrins"	"1/81"	"15/7644"	0.147808187752154	0.524024976849847	0.500254600944061	"FGG"	1
"M5"	"Extracellular matrix organization"	"Extracellular matrix organization"	"5/81"	"266/7644"	0.150897519690603	0.524024976849847	0.500254600944061	"EFEMP1/CEACAM6/CEACAM1/TNXB/FGG"	5
"M5"	"Acyl chain remodelling of PI"	"Acyl chain remodelling of PI"	"1/81"	"16/7644"	0.156856232947077	0.524024976849847	0.500254600944061	"PLA2G4A"	1
"M5"	"Regulation of KIT signaling"	"Regulation of KIT signaling"	"1/81"	"16/7644"	0.156856232947077	0.524024976849847	0.500254600944061	"KIT"	1
"M5"	"Synthesis of very long-chain fatty acyl-CoAs"	"Synthesis of very long-chain fatty acyl-CoAs"	"1/81"	"16/7644"	0.156856232947077	0.524024976849847	0.500254600944061	"ELOVL2"	1
"M5"	"ABCA transporters in lipid homeostasis"	"ABCA transporters in lipid homeostasis"	"1/81"	"17/7644"	0.165809385166701	0.524024976849847	0.500254600944061	"ABCA3"	1
"M5"	"Acyl chain remodelling of PG"	"Acyl chain remodelling of PG"	"1/81"	"17/7644"	0.165809385166701	0.524024976849847	0.500254600944061	"PLA2G4A"	1
"M5"	"Acyl chain remodelling of PS"	"Acyl chain remodelling of PS"	"1/81"	"17/7644"	0.165809385166701	0.524024976849847	0.500254600944061	"PLA2G4A"	1
"M5"	"Chylomicron-mediated lipid transport"	"Chylomicron-mediated lipid transport"	"1/81"	"17/7644"	0.165809385166701	0.524024976849847	0.500254600944061	"LPL"	1
"M5"	"Platelet sensitization by LDL"	"Platelet sensitization by LDL"	"1/81"	"17/7644"	0.165809385166701	0.524024976849847	0.500254600944061	"PLA2G4A"	1
"M5"	"RAF/MAP kinase cascade"	"RAF/MAP kinase cascade"	"1/81"	"17/7644"	0.165809385166701	0.524024976849847	0.500254600944061	"IL6"	1
"M5"	"Na+/Cl- dependent neurotransmitter transporters"	"Na+/Cl- dependent neurotransmitter transporters"	"1/81"	"19/7644"	0.183434932209386	0.524024976849847	0.500254600944061	"SLC6A14"	1
"M5"	"Scavenging by Class A Receptors"	"Scavenging by Class A Receptors"	"1/81"	"19/7644"	0.183434932209386	0.524024976849847	0.500254600944061	"SCGB3A2"	1
"M5"	"Synthesis of PC"	"Synthesis of PC"	"1/81"	"19/7644"	0.183434932209386	0.524024976849847	0.500254600944061	"SLC44A4"	1
"M5"	"Fc epsilon receptor (FCERI) signaling"	"Fc epsilon receptor (FCERI) signaling"	"4/81"	"212/7644"	0.18687162983547	0.524024976849847	0.500254600944061	"FOS/KIT/IL6/BTC"	4
"M5"	"Chondroitin sulfate biosynthesis"	"Chondroitin sulfate biosynthesis"	"1/81"	"20/7644"	0.192109262765588	0.524024976849847	0.500254600944061	"CHST9"	1
"M5"	"Fatty Acyl-CoA Biosynthesis"	"Fatty Acyl-CoA Biosynthesis"	"1/81"	"20/7644"	0.192109262765588	0.524024976849847	0.500254600944061	"ELOVL2"	1
"M5"	"Senescence-Associated Secretory Phenotype (SASP)"	"Senescence-Associated Secretory Phenotype (SASP)"	"2/81"	"76/7644"	0.192374206793232	0.524024976849847	0.500254600944061	"FOS/IL6"	2
"M5"	"Signaling by SCF-KIT"	"Signaling by SCF-KIT"	"3/81"	"144/7644"	0.195853773944241	0.524024976849847	0.500254600944061	"KIT/IL6/BTC"	3
"M5"	"FCERI mediated MAPK activation"	"FCERI mediated MAPK activation"	"2/81"	"77/7644"	0.196226115137723	0.524024976849847	0.500254600944061	"FOS/IL6"	2
"M5"	"Defective CYP11A1 causes Adrenal insufficiency, congenital, with 46,XY sex reversal (AICSR)"	"Defective CYP11A1 causes Adrenal insufficiency, congenital, with 46,XY sex reversal (AICSR)"	"2/81"	"78/7644"	0.200087963164878	0.524024976849847	0.500254600944061	"CYP4B1/ADH1B"	2
"M5"	"Defective CYP11B1 causes Adrenal hyperplasia 4 (AH4)"	"Defective CYP11B1 causes Adrenal hyperplasia 4 (AH4)"	"2/81"	"78/7644"	0.200087963164878	0.524024976849847	0.500254600944061	"CYP4B1/ADH1B"	2
"M5"	"Defective CYP11B2 causes Corticosterone methyloxidase 1 deficiency (CMO-1 deficiency)"	"Defective CYP11B2 causes Corticosterone methyloxidase 1 deficiency (CMO-1 deficiency)"	"2/81"	"78/7644"	0.200087963164878	0.524024976849847	0.500254600944061	"CYP4B1/ADH1B"	2
"M5"	"Defective CYP17A1 causes Adrenal hyperplasia 5 (AH5)"	"Defective CYP17A1 causes Adrenal hyperplasia 5 (AH5)"	"2/81"	"78/7644"	0.200087963164878	0.524024976849847	0.500254600944061	"CYP4B1/ADH1B"	2
"M5"	"Defective CYP19A1 causes Aromatase excess syndrome (AEXS)"	"Defective CYP19A1 causes Aromatase excess syndrome (AEXS)"	"2/81"	"78/7644"	0.200087963164878	0.524024976849847	0.500254600944061	"CYP4B1/ADH1B"	2
"M5"	"Defective CYP1B1 causes Glaucoma"	"Defective CYP1B1 causes Glaucoma"	"2/81"	"78/7644"	0.200087963164878	0.524024976849847	0.500254600944061	"CYP4B1/ADH1B"	2
"M5"	"Defective CYP21A2 causes Adrenal hyperplasia 3 (AH3)"	"Defective CYP21A2 causes Adrenal hyperplasia 3 (AH3)"	"2/81"	"78/7644"	0.200087963164878	0.524024976849847	0.500254600944061	"CYP4B1/ADH1B"	2
"M5"	"Defective CYP24A1 causes Hypercalcemia, infantile (HCAI)"	"Defective CYP24A1 causes Hypercalcemia, infantile (HCAI)"	"2/81"	"78/7644"	0.200087963164878	0.524024976849847	0.500254600944061	"CYP4B1/ADH1B"	2
"M5"	"Defective CYP26B1 causes Radiohumeral fusions with other skeletal and craniofacial anomalies (RHFCA)"	"Defective CYP26B1 causes Radiohumeral fusions with other skeletal and craniofacial anomalies (RHFCA)"	"2/81"	"78/7644"	0.200087963164878	0.524024976849847	0.500254600944061	"CYP4B1/ADH1B"	2
"M5"	"Defective CYP26C1 causes Focal facial dermal dysplasia 4 (FFDD4)"	"Defective CYP26C1 causes Focal facial dermal dysplasia 4 (FFDD4)"	"2/81"	"78/7644"	0.200087963164878	0.524024976849847	0.500254600944061	"CYP4B1/ADH1B"	2
"M5"	"Defective CYP27A1 causes Cerebrotendinous xanthomatosis (CTX)"	"Defective CYP27A1 causes Cerebrotendinous xanthomatosis (CTX)"	"2/81"	"78/7644"	0.200087963164878	0.524024976849847	0.500254600944061	"CYP4B1/ADH1B"	2
"M5"	"Defective CYP27B1 causes Rickets vitamin D-dependent 1A (VDDR1A)"	"Defective CYP27B1 causes Rickets vitamin D-dependent 1A (VDDR1A)"	"2/81"	"78/7644"	0.200087963164878	0.524024976849847	0.500254600944061	"CYP4B1/ADH1B"	2
"M5"	"Defective CYP2R1 causes Rickets vitamin D-dependent 1B (VDDR1B)"	"Defective CYP2R1 causes Rickets vitamin D-dependent 1B (VDDR1B)"	"2/81"	"78/7644"	0.200087963164878	0.524024976849847	0.500254600944061	"CYP4B1/ADH1B"	2
"M5"	"Defective CYP2U1 causes Spastic paraplegia 56, autosomal recessive (SPG56)"	"Defective CYP2U1 causes Spastic paraplegia 56, autosomal recessive (SPG56)"	"2/81"	"78/7644"	0.200087963164878	0.524024976849847	0.500254600944061	"CYP4B1/ADH1B"	2
"M5"	"Defective CYP4F22 causes Ichthyosis, congenital, autosomal recessive 5 (ARCI5)"	"Defective CYP4F22 causes Ichthyosis, congenital, autosomal recessive 5 (ARCI5)"	"2/81"	"78/7644"	0.200087963164878	0.524024976849847	0.500254600944061	"CYP4B1/ADH1B"	2
"M5"	"Defective CYP7B1 causes Spastic paraplegia 5A, autosomal recessive (SPG5A) and Congenital bile acid synthesis defect 3 (CBAS3)"	"Defective CYP7B1 causes Spastic paraplegia 5A, autosomal recessive (SPG5A) and Congenital bile acid synthesis defect 3 (CBAS3)"	"2/81"	"78/7644"	0.200087963164878	0.524024976849847	0.500254600944061	"CYP4B1/ADH1B"	2
"M5"	"Defective FMO3 causes Trimethylaminuria (TMAU)"	"Defective FMO3 causes Trimethylaminuria (TMAU)"	"2/81"	"78/7644"	0.200087963164878	0.524024976849847	0.500254600944061	"CYP4B1/ADH1B"	2
"M5"	"Defective MAOA causes Brunner syndrome (BRUNS)"	"Defective MAOA causes Brunner syndrome (BRUNS)"	"2/81"	"78/7644"	0.200087963164878	0.524024976849847	0.500254600944061	"CYP4B1/ADH1B"	2
"M5"	"Defective TBXAS1 causes Ghosal hematodiaphyseal dysplasia (GHDD)"	"Defective TBXAS1 causes Ghosal hematodiaphyseal dysplasia (GHDD)"	"2/81"	"78/7644"	0.200087963164878	0.524024976849847	0.500254600944061	"CYP4B1/ADH1B"	2
"M5"	"Phase 1 - Functionalization of compounds"	"Phase 1 - Functionalization of compounds"	"2/81"	"78/7644"	0.200087963164878	0.524024976849847	0.500254600944061	"CYP4B1/ADH1B"	2
"M5"	"Transcriptional regulation of white adipocyte differentiation"	"Transcriptional regulation of white adipocyte differentiation"	"2/81"	"78/7644"	0.200087963164878	0.524024976849847	0.500254600944061	"CD36/LPL"	2
"M5"	"Aflatoxin activation and detoxification"	"Aflatoxin activation and detoxification"	"1/81"	"21/7644"	0.200692572014799	0.524024976849847	0.500254600944061	"MGST1"	1
"M5"	"Defective ACY1 causes encephalopathy"	"Defective ACY1 causes encephalopathy"	"1/81"	"21/7644"	0.200692572014799	0.524024976849847	0.500254600944061	"MGST1"	1
"M5"	"GRB2 events in EGFR signaling"	"GRB2 events in EGFR signaling"	"1/81"	"21/7644"	0.200692572014799	0.524024976849847	0.500254600944061	"IL6"	1
"M5"	"RA biosynthesis pathway"	"RA biosynthesis pathway"	"1/81"	"21/7644"	0.200692572014799	0.524024976849847	0.500254600944061	"SDR16C5"	1
"M5"	"RIP-mediated NFkB activation via ZBP1"	"RIP-mediated NFkB activation via ZBP1"	"1/81"	"21/7644"	0.200692572014799	0.524024976849847	0.500254600944061	"AGER"	1
"M5"	"SOS-mediated signalling"	"SOS-mediated signalling"	"1/81"	"21/7644"	0.200692572014799	0.524024976849847	0.500254600944061	"IL6"	1
"M5"	"Synthesis of Leukotrienes (LT) and Eoxins (EX)"	"Synthesis of Leukotrienes (LT) and Eoxins (EX)"	"1/81"	"21/7644"	0.200692572014799	0.524024976849847	0.500254600944061	"CYP4B1"	1
"M5"	"Opioid Signalling"	"Opioid Signalling"	"2/81"	"80/7644"	0.207838959130353	0.524024976849847	0.500254600944061	"PLA2G4A/PPP1R1B"	2
"M5"	"Common Pathway"	"Common Pathway"	"1/81"	"22/7644"	0.209185803244866	0.524024976849847	0.500254600944061	"FGG"	1
"M5"	"Pyruvate metabolism"	"Pyruvate metabolism"	"1/81"	"22/7644"	0.209185803244866	0.524024976849847	0.500254600944061	"PDK4"	1
"M5"	"SHC1 events in EGFR signaling"	"SHC1 events in EGFR signaling"	"1/81"	"22/7644"	0.209185803244866	0.524024976849847	0.500254600944061	"IL6"	1
"M5"	"SHC-mediated signalling"	"SHC-mediated signalling"	"1/81"	"22/7644"	0.209185803244866	0.524024976849847	0.500254600944061	"IL6"	1
"M5"	"Signalling to p38 via RIT and RIN"	"Signalling to p38 via RIT and RIN"	"1/81"	"22/7644"	0.209185803244866	0.524024976849847	0.500254600944061	"IL6"	1
"M5"	"Downstream signaling of activated FGFR"	"Downstream signaling of activated FGFR"	"3/81"	"149/7644"	0.209507266125086	0.524024976849847	0.500254600944061	"KIT/IL6/BTC"	3
"M5"	"Acyl chain remodelling of PE"	"Acyl chain remodelling of PE"	"1/81"	"23/7644"	0.217589890090467	0.524024976849847	0.500254600944061	"PLA2G4A"	1
"M5"	"ARMS-mediated activation"	"ARMS-mediated activation"	"1/81"	"23/7644"	0.217589890090467	0.524024976849847	0.500254600944061	"IL6"	1
"M5"	"Signaling by BMP"	"Signaling by BMP"	"1/81"	"23/7644"	0.217589890090467	0.524024976849847	0.500254600944061	"CHRDL1"	1
"M5"	"Signaling by ERBB4"	"Signaling by ERBB4"	"3/81"	"154/7644"	0.223370857584574	0.524024976849847	0.500254600944061	"KIT/IL6/BTC"	3
"M5"	"DARPP-32 events"	"DARPP-32 events"	"1/81"	"24/7644"	0.225905756630642	0.524024976849847	0.500254600944061	"PPP1R1B"	1
"M5"	"Sema4D induced cell migration and growth-cone collapse"	"Sema4D induced cell migration and growth-cone collapse"	"1/81"	"24/7644"	0.225905756630642	0.524024976849847	0.500254600944061	"RND1"	1
"M5"	"TRAF6 mediated NF-kB activation"	"TRAF6 mediated NF-kB activation"	"1/81"	"24/7644"	0.225905756630642	0.524024976849847	0.500254600944061	"AGER"	1
"M5"	"Cell junction organization"	"Cell junction organization"	"2/81"	"85/7644"	0.227347544186986	0.524024976849847	0.500254600944061	"CLDN10/CLDN18"	2
"M5"	"Constitutive PI3K/AKT Signaling in Cancer"	"Constitutive PI3K/AKT Signaling in Cancer"	"2/81"	"86/7644"	0.231267113773056	0.524024976849847	0.500254600944061	"KIT/BTC"	2
"M5"	"Acyl chain remodelling of PC"	"Acyl chain remodelling of PC"	"1/81"	"25/7644"	0.234134317485355	0.524024976849847	0.500254600944061	"PLA2G4A"	1
"M5"	"ADP signalling through P2Y purinoceptor 1"	"ADP signalling through P2Y purinoceptor 1"	"1/81"	"25/7644"	0.234134317485355	0.524024976849847	0.500254600944061	"PLA2G4A"	1
"M5"	"Frs2-mediated activation"	"Frs2-mediated activation"	"1/81"	"25/7644"	0.234134317485355	0.524024976849847	0.500254600944061	"IL6"	1
"M5"	"Metal ion SLC transporters"	"Metal ion SLC transporters"	"1/81"	"25/7644"	0.234134317485355	0.524024976849847	0.500254600944061	"CP"	1
"M5"	"SHC-related events"	"SHC-related events"	"1/81"	"25/7644"	0.234134317485355	0.524024976849847	0.500254600944061	"IL6"	1
"M5"	"SHC-related events triggered by IGF1R"	"SHC-related events triggered by IGF1R"	"1/81"	"25/7644"	0.234134317485355	0.524024976849847	0.500254600944061	"IL6"	1
"M5"	"Synthesis of IP3 and IP4 in the cytosol"	"Synthesis of IP3 and IP4 in the cytosol"	"1/81"	"25/7644"	0.234134317485355	0.524024976849847	0.500254600944061	"ITPKA"	1
"M5"	"Glycerophospholipid biosynthesis"	"Glycerophospholipid biosynthesis"	"2/81"	"88/7644"	0.239119705641957	0.524024976849847	0.500254600944061	"PLA2G4A/SLC44A4"	2
"M5"	"Signaling by Leptin"	"Signaling by Leptin"	"1/81"	"26/7644"	0.242276477911092	0.524024976849847	0.500254600944061	"IL6"	1
"M5"	"TAK1 activates NFkB by phosphorylation and activation of IKKs complex"	"TAK1 activates NFkB by phosphorylation and activation of IKKs complex"	"1/81"	"26/7644"	0.242276477911092	0.524024976849847	0.500254600944061	"AGER"	1
"M5"	"ZBP1(DAI) mediated induction of type I IFNs"	"ZBP1(DAI) mediated induction of type I IFNs"	"1/81"	"26/7644"	0.242276477911092	0.524024976849847	0.500254600944061	"AGER"	1
"M5"	"Downstream signal transduction"	"Downstream signal transduction"	"3/81"	"161/7644"	0.243079082954583	0.524024976849847	0.500254600944061	"KIT/IL6/BTC"	3
"M5"	"Signaling by FGFR"	"Signaling by FGFR"	"3/81"	"162/7644"	0.245919221709336	0.524024976849847	0.500254600944061	"KIT/IL6/BTC"	3
"M5"	"Signaling by ERBB2"	"Signaling by ERBB2"	"3/81"	"163/7644"	0.248764883588773	0.524024976849847	0.500254600944061	"KIT/IL6/BTC"	3
"M5"	"Integrin alphaIIb beta3 signaling"	"Integrin alphaIIb beta3 signaling"	"1/81"	"27/7644"	0.250333133895497	0.524024976849847	0.500254600944061	"FGG"	1
"M5"	"Prolonged ERK activation events"	"Prolonged ERK activation events"	"1/81"	"27/7644"	0.250333133895497	0.524024976849847	0.500254600944061	"IL6"	1
"M5"	"Sema4D in semaphorin signaling"	"Sema4D in semaphorin signaling"	"1/81"	"27/7644"	0.250333133895497	0.524024976849847	0.500254600944061	"RND1"	1
"M5"	"DAP12 signaling"	"DAP12 signaling"	"3/81"	"164/7644"	0.251615856685534	0.524024976849847	0.500254600944061	"KIT/IL6/BTC"	3
"M5"	"Adrenaline,noradrenaline inhibits insulin secretion"	"Adrenaline,noradrenaline inhibits insulin secretion"	"1/81"	"28/7644"	0.258305172251079	0.524024976849847	0.500254600944061	"CACNA2D2"	1
"M5"	"Ca-dependent events"	"Ca-dependent events"	"1/81"	"28/7644"	0.258305172251079	0.524024976849847	0.500254600944061	"PLA2G4A"	1
"M5"	"Keratan sulfate biosynthesis"	"Keratan sulfate biosynthesis"	"1/81"	"28/7644"	0.258305172251079	0.524024976849847	0.500254600944061	"B3GNT3"	1
"M5"	"Synthesis of PA"	"Synthesis of PA"	"1/81"	"28/7644"	0.258305172251079	0.524024976849847	0.500254600944061	"PLA2G4A"	1
"M5"	"Ion channel transport"	"Ion channel transport"	"3/81"	"167/7644"	0.26019854621488	0.524024976849847	0.500254600944061	"SCNN1B/ATP2C2/SCNN1G"	3
"M5"	"Axon guidance"	"Axon guidance"	"5/81"	"327/7644"	0.265131318258577	0.524024976849847	0.500254600944061	"CHL1/IL6/RND1/KCNQ3/SCN7A"	5
"M5"	"Transferrin endocytosis and recycling"	"Transferrin endocytosis and recycling"	"1/81"	"29/7644"	0.266193470707968	0.524024976849847	0.500254600944061	"TF"	1
"M5"	"Lipoprotein metabolism"	"Lipoprotein metabolism"	"1/81"	"30/7644"	0.273998898005755	0.524024976849847	0.500254600944061	"LPL"	1
"M5"	"MAPK targets/ Nuclear events mediated by MAP kinases"	"MAPK targets/ Nuclear events mediated by MAP kinases"	"1/81"	"30/7644"	0.273998898005755	0.524024976849847	0.500254600944061	"FOS"	1
"M5"	"Molecules associated with elastic fibres"	"Molecules associated with elastic fibres"	"1/81"	"30/7644"	0.273998898005755	0.524024976849847	0.500254600944061	"EFEMP1"	1
"M5"	"Stimuli-sensing channels"	"Stimuli-sensing channels"	"2/81"	"98/7644"	0.278520897828257	0.524024976849847	0.500254600944061	"SCNN1B/SCNN1G"	2
"M5"	"Biological oxidations"	"Biological oxidations"	"3/81"	"174/7644"	0.280372149752553	0.524024976849847	0.500254600944061	"MGST1/CYP4B1/ADH1B"	3
"M5"	"Amino acid transport across the plasma membrane"	"Amino acid transport across the plasma membrane"	"1/81"	"31/7644"	0.281722313984417	0.524024976849847	0.500254600944061	"SLC6A14"	1
"M5"	"Response of Mtb to phagocytosis"	"Response of Mtb to phagocytosis"	"1/81"	"31/7644"	0.281722313984417	0.524024976849847	0.500254600944061	"LTF"	1
"M5"	"Striated Muscle Contraction"	"Striated Muscle Contraction"	"1/81"	"31/7644"	0.281722313984417	0.524024976849847	0.500254600944061	"DES"	1
"M5"	"PI3K/AKT Signaling in Cancer"	"PI3K/AKT Signaling in Cancer"	"2/81"	"100/7644"	0.286402662435934	0.524024976849847	0.500254600944061	"KIT/BTC"	2
"M5"	"PI-3K cascade"	"PI-3K cascade"	"2/81"	"100/7644"	0.286402662435934	0.524024976849847	0.500254600944061	"KIT/BTC"	2
"M5"	"PI3K events in ERBB2 signaling"	"PI3K events in ERBB2 signaling"	"2/81"	"100/7644"	0.286402662435934	0.524024976849847	0.500254600944061	"KIT/BTC"	2
"M5"	"PI3K events in ERBB4 signaling"	"PI3K events in ERBB4 signaling"	"2/81"	"100/7644"	0.286402662435934	0.524024976849847	0.500254600944061	"KIT/BTC"	2
"M5"	"PIP3 activates AKT signaling"	"PIP3 activates AKT signaling"	"2/81"	"100/7644"	0.286402662435934	0.524024976849847	0.500254600944061	"KIT/BTC"	2
"M5"	"Signaling by FGFR in disease"	"Signaling by FGFR in disease"	"3/81"	"177/7644"	0.289068136022391	0.524024976849847	0.500254600944061	"KIT/IL6/BTC"	3
"M5"	"Signal amplification"	"Signal amplification"	"1/81"	"32/7644"	0.289364569674324	0.524024976849847	0.500254600944061	"PLA2G4A"	1
"M5"	"Sphingolipid de novo biosynthesis"	"Sphingolipid de novo biosynthesis"	"1/81"	"32/7644"	0.289364569674324	0.524024976849847	0.500254600944061	"SPTLC3"	1
"M5"	"VEGFR2 mediated cell proliferation"	"VEGFR2 mediated cell proliferation"	"1/81"	"32/7644"	0.289364569674324	0.524024976849847	0.500254600944061	"IL6"	1
"M5"	"DAP12 interactions"	"DAP12 interactions"	"3/81"	"179/7644"	0.294878302806309	0.524024976849847	0.500254600944061	"KIT/IL6/BTC"	3
"M5"	"Signaling by EGFR"	"Signaling by EGFR"	"3/81"	"179/7644"	0.294878302806309	0.524024976849847	0.500254600944061	"KIT/IL6/BTC"	3
"M5"	"Signaling by Overexpressed Wild-Type EGFR in Cancer"	"Signaling by Overexpressed Wild-Type EGFR in Cancer"	"3/81"	"179/7644"	0.294878302806309	0.524024976849847	0.500254600944061	"KIT/IL6/BTC"	3
"M5"	"Glutathione conjugation"	"Glutathione conjugation"	"1/81"	"33/7644"	0.296926507385357	0.524024976849847	0.500254600944061	"MGST1"	1
"M5"	"Keratan sulfate/keratin metabolism"	"Keratan sulfate/keratin metabolism"	"1/81"	"33/7644"	0.296926507385357	0.524024976849847	0.500254600944061	"B3GNT3"	1
"M5"	"PI3K/AKT activation"	"PI3K/AKT activation"	"2/81"	"103/7644"	0.298210249013101	0.524024976849847	0.500254600944061	"KIT/BTC"	2
"M5"	"Signaling by EGFR in Cancer"	"Signaling by EGFR in Cancer"	"3/81"	"181/7644"	0.300696987795124	0.524024976849847	0.500254600944061	"KIT/IL6/BTC"	3
"M5"	"Signaling by EGFRvIII in Cancer"	"Signaling by EGFRvIII in Cancer"	"3/81"	"181/7644"	0.300696987795124	0.524024976849847	0.500254600944061	"KIT/IL6/BTC"	3
"M5"	"Signaling by Ligand-Responsive EGFR Variants in Cancer"	"Signaling by Ligand-Responsive EGFR Variants in Cancer"	"3/81"	"181/7644"	0.300696987795124	0.524024976849847	0.500254600944061	"KIT/IL6/BTC"	3
"M5"	"GAB1 signalosome"	"GAB1 signalosome"	"2/81"	"104/7644"	0.302140527192704	0.524024976849847	0.500254600944061	"KIT/BTC"	2
"M5"	"Signalling to RAS"	"Signalling to RAS"	"1/81"	"34/7644"	0.304408960795131	0.525223751009215	0.501398997328222	"IL6"	1
"M5"	"Signaling by PDGF"	"Signaling by PDGF"	"3/81"	"184/7644"	0.309437766803624	0.531148331678386	0.507054832201273	"KIT/IL6/BTC"	3
"M5"	"Platelet Aggregation (Plug Formation)"	"Platelet Aggregation (Plug Formation)"	"1/81"	"37/7644"	0.326387624337189	0.531438621748939	0.507331954380211	"FGG"	1
"M5"	"Phagosomal maturation (early endosomal stage)"	"Phagosomal maturation (early endosomal stage)"	"1/81"	"38/7644"	0.33356030771154	0.531438621748939	0.507331954380211	"LTF"	1
"M5"	"Nuclear signaling by ERBB4"	"Nuclear signaling by ERBB4"	"1/81"	"39/7644"	0.340657548715401	0.531438621748939	0.507331954380211	"BTC"	1
"M5"	"Elastic fibre formation"	"Elastic fibre formation"	"1/81"	"41/7644"	0.354628830324784	0.531438621748939	0.507331954380211	"EFEMP1"	1
"M5"	"Retinoid metabolism and transport"	"Retinoid metabolism and transport"	"1/81"	"41/7644"	0.354628830324784	0.531438621748939	0.507331954380211	"LPL"	1
"M5"	"Triglyceride Biosynthesis"	"Triglyceride Biosynthesis"	"1/81"	"42/7644"	0.361504414271081	0.531438621748939	0.507331954380211	"ELOVL2"	1
"M5"	"Signalling by NGF"	"Signalling by NGF"	"4/81"	"287/7644"	0.36215357794572	0.531438621748939	0.507331954380211	"KIT/IL6/LINGO1/BTC"	4
"M5"	"Defective B3GAT3 causes JDSSDHD"	"Defective B3GAT3 causes JDSSDHD"	"2/81"	"121/7644"	0.368157007820918	0.531438621748939	0.507331954380211	"B3GNT3/CHST9"	2
"M5"	"Defective B4GALT1 causes B4GALT1-CDG (CDG-2d)"	"Defective B4GALT1 causes B4GALT1-CDG (CDG-2d)"	"2/81"	"121/7644"	0.368157007820918	0.531438621748939	0.507331954380211	"B3GNT3/CHST9"	2
"M5"	"Defective B4GALT7 causes EDS, progeroid type"	"Defective B4GALT7 causes EDS, progeroid type"	"2/81"	"121/7644"	0.368157007820918	0.531438621748939	0.507331954380211	"B3GNT3/CHST9"	2
"M5"	"Defective CHST14 causes EDS, musculocontractural type"	"Defective CHST14 causes EDS, musculocontractural type"	"2/81"	"121/7644"	0.368157007820918	0.531438621748939	0.507331954380211	"B3GNT3/CHST9"	2
"M5"	"Defective CHST3 causes SEDCJD"	"Defective CHST3 causes SEDCJD"	"2/81"	"121/7644"	0.368157007820918	0.531438621748939	0.507331954380211	"B3GNT3/CHST9"	2
"M5"	"Defective CHST6 causes MCDC1"	"Defective CHST6 causes MCDC1"	"2/81"	"121/7644"	0.368157007820918	0.531438621748939	0.507331954380211	"B3GNT3/CHST9"	2
"M5"	"Defective CHSY1 causes TPBS"	"Defective CHSY1 causes TPBS"	"2/81"	"121/7644"	0.368157007820918	0.531438621748939	0.507331954380211	"B3GNT3/CHST9"	2
"M5"	"Defective EXT1 causes exostoses 1, TRPS2 and CHDS"	"Defective EXT1 causes exostoses 1, TRPS2 and CHDS"	"2/81"	"121/7644"	0.368157007820918	0.531438621748939	0.507331954380211	"B3GNT3/CHST9"	2
"M5"	"Defective EXT2 causes exostoses 2"	"Defective EXT2 causes exostoses 2"	"2/81"	"121/7644"	0.368157007820918	0.531438621748939	0.507331954380211	"B3GNT3/CHST9"	2
"M5"	"Defective PAPSS2 causes SEMD-PA"	"Defective PAPSS2 causes SEMD-PA"	"2/81"	"121/7644"	0.368157007820918	0.531438621748939	0.507331954380211	"B3GNT3/CHST9"	2
"M5"	"Defective SLC26A2 causes chondrodysplasias"	"Defective SLC26A2 causes chondrodysplasias"	"2/81"	"121/7644"	0.368157007820918	0.531438621748939	0.507331954380211	"B3GNT3/CHST9"	2
"M5"	"Diseases associated with glycosaminoglycan metabolism"	"Diseases associated with glycosaminoglycan metabolism"	"2/81"	"121/7644"	0.368157007820918	0.531438621748939	0.507331954380211	"B3GNT3/CHST9"	2
"M5"	"Glycosaminoglycan metabolism"	"Glycosaminoglycan metabolism"	"2/81"	"121/7644"	0.368157007820918	0.531438621748939	0.507331954380211	"B3GNT3/CHST9"	2
"M5"	"MPS I - Hurler syndrome"	"MPS I - Hurler syndrome"	"2/81"	"121/7644"	0.368157007820918	0.531438621748939	0.507331954380211	"B3GNT3/CHST9"	2
"M5"	"MPS II - Hunter syndrome"	"MPS II - Hunter syndrome"	"2/81"	"121/7644"	0.368157007820918	0.531438621748939	0.507331954380211	"B3GNT3/CHST9"	2
"M5"	"MPS IIIA - Sanfilippo syndrome A"	"MPS IIIA - Sanfilippo syndrome A"	"2/81"	"121/7644"	0.368157007820918	0.531438621748939	0.507331954380211	"B3GNT3/CHST9"	2
"M5"	"MPS IIIB - Sanfilippo syndrome B"	"MPS IIIB - Sanfilippo syndrome B"	"2/81"	"121/7644"	0.368157007820918	0.531438621748939	0.507331954380211	"B3GNT3/CHST9"	2
"M5"	"MPS IIIC - Sanfilippo syndrome C"	"MPS IIIC - Sanfilippo syndrome C"	"2/81"	"121/7644"	0.368157007820918	0.531438621748939	0.507331954380211	"B3GNT3/CHST9"	2
"M5"	"MPS IIID - Sanfilippo syndrome D"	"MPS IIID - Sanfilippo syndrome D"	"2/81"	"121/7644"	0.368157007820918	0.531438621748939	0.507331954380211	"B3GNT3/CHST9"	2
"M5"	"MPS IV - Morquio syndrome A"	"MPS IV - Morquio syndrome A"	"2/81"	"121/7644"	0.368157007820918	0.531438621748939	0.507331954380211	"B3GNT3/CHST9"	2
"M5"	"MPS IV - Morquio syndrome B"	"MPS IV - Morquio syndrome B"	"2/81"	"121/7644"	0.368157007820918	0.531438621748939	0.507331954380211	"B3GNT3/CHST9"	2
"M5"	"MPS IX - Natowicz syndrome"	"MPS IX - Natowicz syndrome"	"2/81"	"121/7644"	0.368157007820918	0.531438621748939	0.507331954380211	"B3GNT3/CHST9"	2
"M5"	"MPS VII - Sly syndrome"	"MPS VII - Sly syndrome"	"2/81"	"121/7644"	0.368157007820918	0.531438621748939	0.507331954380211	"B3GNT3/CHST9"	2
"M5"	"MPS VI - Maroteaux-Lamy syndrome"	"MPS VI - Maroteaux-Lamy syndrome"	"2/81"	"121/7644"	0.368157007820918	0.531438621748939	0.507331954380211	"B3GNT3/CHST9"	2
"M5"	"Mucopolysaccharidoses"	"Mucopolysaccharidoses"	"2/81"	"121/7644"	0.368157007820918	0.531438621748939	0.507331954380211	"B3GNT3/CHST9"	2
"M5"	"Ion transport by P-type ATPases"	"Ion transport by P-type ATPases"	"1/81"	"43/7644"	0.36830764269045	0.531438621748939	0.507331954380211	"ATP2C2"	1
"M5"	"PLC beta mediated events"	"PLC beta mediated events"	"1/81"	"43/7644"	0.36830764269045	0.531438621748939	0.507331954380211	"PLA2G4A"	1
"M5"	"Pyruvate metabolism and Citric Acid (TCA) cycle"	"Pyruvate metabolism and Citric Acid (TCA) cycle"	"1/81"	"43/7644"	0.36830764269045	0.531438621748939	0.507331954380211	"PDK4"	1
"M5"	"Voltage gated Potassium channels"	"Voltage gated Potassium channels"	"1/81"	"43/7644"	0.36830764269045	0.531438621748939	0.507331954380211	"KCNQ3"	1
"M5"	"NGF signalling via TRKA from the plasma membrane"	"NGF signalling via TRKA from the plasma membrane"	"3/81"	"206/7644"	0.373579103659046	0.531438621748939	0.507331954380211	"KIT/IL6/BTC"	3
"M5"	"FRS2-mediated cascade"	"FRS2-mediated cascade"	"1/81"	"44/7644"	0.375039267600603	0.531438621748939	0.507331954380211	"IL6"	1
"M5"	"G-protein mediated events"	"G-protein mediated events"	"1/81"	"44/7644"	0.375039267600603	0.531438621748939	0.507331954380211	"PLA2G4A"	1
"M5"	"Inositol phosphate metabolism"	"Inositol phosphate metabolism"	"1/81"	"44/7644"	0.375039267600603	0.531438621748939	0.507331954380211	"ITPKA"	1
"M5"	"Signalling to ERKs"	"Signalling to ERKs"	"1/81"	"44/7644"	0.375039267600603	0.531438621748939	0.507331954380211	"IL6"	1
"M5"	"Interleukin-2 signaling"	"Interleukin-2 signaling"	"1/81"	"47/7644"	0.394811926150195	0.557086319525486	0.531816243074749	"IL6"	1
"M5"	"Cell-Cell communication"	"Cell-Cell communication"	"2/81"	"130/7644"	0.402188224704988	0.565099910661439	0.539466328496143	"CLDN10/CLDN18"	2
"M5"	"Amino acid and oligopeptide SLC transporters"	"Amino acid and oligopeptide SLC transporters"	"1/81"	"49/7644"	0.407649124225415	0.567979742121603	0.542215527487669	"SLC6A14"	1
"M5"	"Muscle contraction"	"Muscle contraction"	"1/81"	"49/7644"	0.407649124225415	0.567979742121603	0.542215527487669	"DES"	1
"M5"	"Chondroitin sulfate/dermatan sulfate metabolism"	"Chondroitin sulfate/dermatan sulfate metabolism"	"1/81"	"50/7644"	0.413966493670805	0.569631580133793	0.543792436226982	"CHST9"	1
"M5"	"Creation of C4 and C2 activators"	"Creation of C4 and C2 activators"	"1/81"	"50/7644"	0.413966493670805	0.569631580133793	0.543792436226982	"FCN3"	1
"M5"	"Lipid digestion, mobilization, and transport"	"Lipid digestion, mobilization, and transport"	"1/81"	"50/7644"	0.413966493670805	0.569631580133793	0.543792436226982	"LPL"	1
"M5"	"Amyloids"	"Amyloids"	"1/81"	"51/7644"	0.42021731195006	0.575853353413046	0.549731982711363	"LTF"	1
"M5"	"Class A/1 (Rhodopsin-like receptors)"	"Class A/1 (Rhodopsin-like receptors)"	"4/81"	"314/7644"	0.42752949650613	0.583472632526809	0.557005642557598	"CXCL2/ACKR1/CXCL3/GAL"	4
"M5"	"Phospholipid metabolism"	"Phospholipid metabolism"	"2/81"	"138/7644"	0.431721466996187	0.58678876942747	0.560171355672818	"PLA2G4A/SLC44A4"	2
"M5"	"Role of LAT2/NTAL/LAB on calcium mobilization"	"Role of LAT2/NTAL/LAB on calcium mobilization"	"2/81"	"141/7644"	0.4426021368519	0.599132160860499	0.571954836667839	"KIT/BTC"	2
"M5"	"ECM proteoglycans"	"ECM proteoglycans"	"1/81"	"55/7644"	0.444568815521736	0.59935795776817	0.57217039116797	"TNXB"	1
"M5"	"Initial triggering of complement"	"Initial triggering of complement"	"1/81"	"57/7644"	0.456362928682906	0.612777642142773	0.584981343218327	"FCN3"	1
"M5"	"G alpha (i) signalling events"	"G alpha (i) signalling events"	"3/81"	"236/7644"	0.459051330933648	0.613912020887168	0.586064265237631	"CXCL2/CXCL3/GAL"	3
"M5"	"Cytochrome P450 - arranged by substrate type"	"Cytochrome P450 - arranged by substrate type"	"1/81"	"60/7644"	0.473591808643112	0.630824289112625	0.602209373516715	"CYP4B1"	1
"M5"	"Cellular Senescence"	"Cellular Senescence"	"2/81"	"159/7644"	0.505403013950083	0.666589394444346	0.63635213251839	"FOS/IL6"	2
"M5"	"Cytosolic sensors of pathogen-associated DNA"	"Cytosolic sensors of pathogen-associated DNA"	"1/81"	"66/7644"	0.50644779818144	0.666589394444346	0.63635213251839	"AGER"	1
"M5"	"Integrin cell surface interactions"	"Integrin cell surface interactions"	"1/81"	"66/7644"	0.50644779818144	0.666589394444346	0.63635213251839	"FGG"	1
"M5"	"Semaphorin interactions"	"Semaphorin interactions"	"1/81"	"67/7644"	0.5117232967757	0.669391720406269	0.639027341750256	"RND1"	1
"M5"	"Latent infection of Homo sapiens with Mycobacterium tuberculosis"	"Latent infection of Homo sapiens with Mycobacterium tuberculosis"	"1/81"	"68/7644"	0.516943095239626	0.669391720406269	0.639027341750256	"LTF"	1
"M5"	"Glycogen storage diseases"	"Glycogen storage diseases"	"3/81"	"258/7644"	0.518627819413866	0.669391720406269	0.639027341750256	"B3GNT3/PPP1R3C/CHST9"	3
"M5"	"Metabolism of carbohydrates"	"Metabolism of carbohydrates"	"3/81"	"258/7644"	0.518627819413866	0.669391720406269	0.639027341750256	"B3GNT3/PPP1R3C/CHST9"	3
"M5"	"Myoclonic epilepsy of Lafora"	"Myoclonic epilepsy of Lafora"	"3/81"	"258/7644"	0.518627819413866	0.669391720406269	0.639027341750256	"B3GNT3/PPP1R3C/CHST9"	3
"M5"	"Glucose metabolism"	"Glucose metabolism"	"1/81"	"69/7644"	0.522107774395591	0.671281424222903	0.640831326427428	"PPP1R3C"	1
"M5"	"NCAM signaling for neurite out-growth"	"NCAM signaling for neurite out-growth"	"1/81"	"70/7644"	0.527217909085223	0.675244475866843	0.644614609488815	"IL6"	1
"M5"	"Sphingolipid metabolism"	"Sphingolipid metabolism"	"1/81"	"71/7644"	0.532274068230205	0.675528191197739	0.644885455165851	"SPTLC3"	1
"M5"	"Downstream signaling events of B Cell Receptor (BCR)"	"Downstream signaling events of B Cell Receptor (BCR)"	"2/81"	"170/7644"	0.541513082716096	0.675528191197739	0.644885455165851	"KIT/BTC"	2
"M5"	"Regulation of insulin secretion"	"Regulation of insulin secretion"	"1/81"	"77/7644"	0.561508665406305	0.675528191197739	0.644885455165851	"CACNA2D2"	1
"M5"	"Platelet homeostasis"	"Platelet homeostasis"	"1/81"	"79/7644"	0.570846585922452	0.675528191197739	0.644885455165851	"PLA2G4A"	1
"M5"	"RIG-I/MDA5 mediated induction of IFN-alpha/beta pathways"	"RIG-I/MDA5 mediated induction of IFN-alpha/beta pathways"	"1/81"	"79/7644"	0.570846585922452	0.675528191197739	0.644885455165851	"AGER"	1
"M5"	"Fatty acid, triacylglycerol, and ketone body metabolism"	"Fatty acid, triacylglycerol, and ketone body metabolism"	"2/81"	"181/7644"	0.575795895552834	0.675528191197739	0.644885455165851	"CD36/ELOVL2"	2
"M5"	"Antigen processing-Cross presentation"	"Antigen processing-Cross presentation"	"1/81"	"81/7644"	0.579988053446781	0.675528191197739	0.644885455165851	"CD36"	1
"M5"	"p75 NTR receptor-mediated signalling"	"p75 NTR receptor-mediated signalling"	"1/81"	"83/7644"	0.588937150407951	0.675528191197739	0.644885455165851	"LINGO1"	1
"M5"	"Hedgehog 'on' state"	"Hedgehog 'on' state"	"1/81"	"85/7644"	0.597697875450743	0.675528191197739	0.644885455165851	"HHIP"	1
"M5"	"IRS-mediated signalling"	"IRS-mediated signalling"	"1/81"	"85/7644"	0.597697875450743	0.675528191197739	0.644885455165851	"IL6"	1
"M5"	"Defective AMN causes hereditary megaloblastic anemia 1"	"Defective AMN causes hereditary megaloblastic anemia 1"	"1/81"	"87/7644"	0.606274145133954	0.675528191197739	0.644885455165851	"PTGS2"	1
"M5"	"Defective BTD causes biotidinase deficiency"	"Defective BTD causes biotidinase deficiency"	"1/81"	"87/7644"	0.606274145133954	0.675528191197739	0.644885455165851	"PTGS2"	1
"M5"	"Defective CD320 causes methylmalonic aciduria"	"Defective CD320 causes methylmalonic aciduria"	"1/81"	"87/7644"	0.606274145133954	0.675528191197739	0.644885455165851	"PTGS2"	1
"M5"	"Defective CUBN causes hereditary megaloblastic anemia 1"	"Defective CUBN causes hereditary megaloblastic anemia 1"	"1/81"	"87/7644"	0.606274145133954	0.675528191197739	0.644885455165851	"PTGS2"	1
"M5"	"Defective GIF causes intrinsic factor deficiency"	"Defective GIF causes intrinsic factor deficiency"	"1/81"	"87/7644"	0.606274145133954	0.675528191197739	0.644885455165851	"PTGS2"	1
"M5"	"Defective HLCS causes multiple carboxylase deficiency"	"Defective HLCS causes multiple carboxylase deficiency"	"1/81"	"87/7644"	0.606274145133954	0.675528191197739	0.644885455165851	"PTGS2"	1
"M5"	"Defective LMBRD1 causes methylmalonic aciduria and homocystinuria type cblF"	"Defective LMBRD1 causes methylmalonic aciduria and homocystinuria type cblF"	"1/81"	"87/7644"	0.606274145133954	0.675528191197739	0.644885455165851	"PTGS2"	1
"M5"	"Defective MMAA causes methylmalonic aciduria type cblA"	"Defective MMAA causes methylmalonic aciduria type cblA"	"1/81"	"87/7644"	0.606274145133954	0.675528191197739	0.644885455165851	"PTGS2"	1
"M5"	"Defective MMAB causes methylmalonic aciduria type cblB"	"Defective MMAB causes methylmalonic aciduria type cblB"	"1/81"	"87/7644"	0.606274145133954	0.675528191197739	0.644885455165851	"PTGS2"	1
"M5"	"Defective MMACHC causes methylmalonic aciduria and homocystinuria type cblC"	"Defective MMACHC causes methylmalonic aciduria and homocystinuria type cblC"	"1/81"	"87/7644"	0.606274145133954	0.675528191197739	0.644885455165851	"PTGS2"	1
"M5"	"Defective MMADHC causes methylmalonic aciduria and homocystinuria type cblD"	"Defective MMADHC causes methylmalonic aciduria and homocystinuria type cblD"	"1/81"	"87/7644"	0.606274145133954	0.675528191197739	0.644885455165851	"PTGS2"	1
"M5"	"Defective MTR causes methylmalonic aciduria and homocystinuria type cblG"	"Defective MTR causes methylmalonic aciduria and homocystinuria type cblG"	"1/81"	"87/7644"	0.606274145133954	0.675528191197739	0.644885455165851	"PTGS2"	1
"M5"	"Defective MTRR causes methylmalonic aciduria and homocystinuria type cblE"	"Defective MTRR causes methylmalonic aciduria and homocystinuria type cblE"	"1/81"	"87/7644"	0.606274145133954	0.675528191197739	0.644885455165851	"PTGS2"	1
"M5"	"Defective MUT causes methylmalonic aciduria mut type"	"Defective MUT causes methylmalonic aciduria mut type"	"1/81"	"87/7644"	0.606274145133954	0.675528191197739	0.644885455165851	"PTGS2"	1
"M5"	"Defective TCN2 causes hereditary megaloblastic anemia"	"Defective TCN2 causes hereditary megaloblastic anemia"	"1/81"	"87/7644"	0.606274145133954	0.675528191197739	0.644885455165851	"PTGS2"	1
"M5"	"Defects in biotin (Btn) metabolism"	"Defects in biotin (Btn) metabolism"	"1/81"	"87/7644"	0.606274145133954	0.675528191197739	0.644885455165851	"PTGS2"	1
"M5"	"Defects in cobalamin (B12) metabolism"	"Defects in cobalamin (B12) metabolism"	"1/81"	"87/7644"	0.606274145133954	0.675528191197739	0.644885455165851	"PTGS2"	1
"M5"	"Defects in vitamin and cofactor metabolism"	"Defects in vitamin and cofactor metabolism"	"1/81"	"87/7644"	0.606274145133954	0.675528191197739	0.644885455165851	"PTGS2"	1
"M5"	"Metabolism of vitamins and cofactors"	"Metabolism of vitamins and cofactors"	"1/81"	"87/7644"	0.606274145133954	0.675528191197739	0.644885455165851	"PTGS2"	1
"M5"	"Metabolism of water-soluble vitamins and cofactors"	"Metabolism of water-soluble vitamins and cofactors"	"1/81"	"87/7644"	0.606274145133954	0.675528191197739	0.644885455165851	"PTGS2"	1
"M5"	"IRS-related events"	"IRS-related events"	"1/81"	"88/7644"	0.610494311105127	0.675528191197739	0.644885455165851	"IL6"	1
"M5"	"Defective AHCY causes Hypermethioninemia with S-adenosylhomocysteine hydrolase deficiency (HMAHCHD)"	"Defective AHCY causes Hypermethioninemia with S-adenosylhomocysteine hydrolase deficiency (HMAHCHD)"	"1/81"	"89/7644"	0.614669795594339	0.675528191197739	0.644885455165851	"MGST1"	1
"M5"	"Defective GCLC causes Hemolytic anemia due to gamma-glutamylcysteine synthetase deficiency (HAGGSD)"	"Defective GCLC causes Hemolytic anemia due to gamma-glutamylcysteine synthetase deficiency (HAGGSD)"	"1/81"	"89/7644"	0.614669795594339	0.675528191197739	0.644885455165851	"MGST1"	1
"M5"	"Defective GGT1 causes Glutathionuria (GLUTH)"	"Defective GGT1 causes Glutathionuria (GLUTH)"	"1/81"	"89/7644"	0.614669795594339	0.675528191197739	0.644885455165851	"MGST1"	1
"M5"	"Defective GSS causes Glutathione synthetase deficiency (GSS deficiency)"	"Defective GSS causes Glutathione synthetase deficiency (GSS deficiency)"	"1/81"	"89/7644"	0.614669795594339	0.675528191197739	0.644885455165851	"MGST1"	1
"M5"	"Defective MAT1A causes Methionine adenosyltransferase deficiency (MATD)"	"Defective MAT1A causes Methionine adenosyltransferase deficiency (MATD)"	"1/81"	"89/7644"	0.614669795594339	0.675528191197739	0.644885455165851	"MGST1"	1
"M5"	"Defective OPLAH causes 5-oxoprolinase deficiency (OPLAHD)"	"Defective OPLAH causes 5-oxoprolinase deficiency (OPLAHD)"	"1/81"	"89/7644"	0.614669795594339	0.675528191197739	0.644885455165851	"MGST1"	1
"M5"	"Defective SLC35D1 causes Schneckenbecken dysplasia (SCHBCKD)"	"Defective SLC35D1 causes Schneckenbecken dysplasia (SCHBCKD)"	"1/81"	"89/7644"	0.614669795594339	0.675528191197739	0.644885455165851	"MGST1"	1
"M5"	"Defective TPMT causes Thiopurine S-methyltransferase deficiency (TPMT deficiency)"	"Defective TPMT causes Thiopurine S-methyltransferase deficiency (TPMT deficiency)"	"1/81"	"89/7644"	0.614669795594339	0.675528191197739	0.644885455165851	"MGST1"	1
"M5"	"Defective UGT1A1 causes hyperbilirubinemia"	"Defective UGT1A1 causes hyperbilirubinemia"	"1/81"	"89/7644"	0.614669795594339	0.675528191197739	0.644885455165851	"MGST1"	1
"M5"	"Defective UGT1A4 causes hyperbilirubinemia"	"Defective UGT1A4 causes hyperbilirubinemia"	"1/81"	"89/7644"	0.614669795594339	0.675528191197739	0.644885455165851	"MGST1"	1
"M5"	"IRS-related events triggered by IGF1R"	"IRS-related events triggered by IGF1R"	"1/81"	"89/7644"	0.614669795594339	0.675528191197739	0.644885455165851	"IL6"	1
"M5"	"Phase II conjugation"	"Phase II conjugation"	"1/81"	"89/7644"	0.614669795594339	0.675528191197739	0.644885455165851	"MGST1"	1
"M5"	"Oxidative Stress Induced Senescence"	"Oxidative Stress Induced Senescence"	"1/81"	"91/7644"	0.622888584177234	0.675626618636618	0.64497941782285	"FOS"	1
"M5"	"Diseases associated with visual transduction"	"Diseases associated with visual transduction"	"1/81"	"92/7644"	0.626932808284429	0.675626618636618	0.64497941782285	"LPL"	1
"M5"	"IGF1R signaling cascade"	"IGF1R signaling cascade"	"1/81"	"92/7644"	0.626932808284429	0.675626618636618	0.64497941782285	"IL6"	1
"M5"	"Insulin receptor signalling cascade"	"Insulin receptor signalling cascade"	"1/81"	"92/7644"	0.626932808284429	0.675626618636618	0.64497941782285	"IL6"	1
"M5"	"Signaling by Type 1 Insulin-like Growth Factor 1 Receptor (IGF1R)"	"Signaling by Type 1 Insulin-like Growth Factor 1 Receptor (IGF1R)"	"1/81"	"92/7644"	0.626932808284429	0.675626618636618	0.64497941782285	"IL6"	1
"M5"	"Visual phototransduction"	"Visual phototransduction"	"1/81"	"92/7644"	0.626932808284429	0.675626618636618	0.64497941782285	"LPL"	1
"M5"	"Potassium Channels"	"Potassium Channels"	"1/81"	"99/7644"	0.654067597537852	0.70091687094685	0.669122475188711	"KCNQ3"	1
"M5"	"Signaling by the B Cell Receptor (BCR)"	"Signaling by the B Cell Receptor (BCR)"	"2/81"	"209/7644"	0.654610050644055	0.70091687094685	0.669122475188711	"KIT/BTC"	2
"M5"	"MHC class II antigen presentation"	"MHC class II antigen presentation"	"1/81"	"103/7644"	0.668688095917916	0.713695948527776	0.681321879106649	"CTSE"	1
"M5"	"Integration of energy metabolism"	"Integration of energy metabolism"	"1/81"	"104/7644"	0.672246810177385	0.715201877920348	0.682759497809215	"CACNA2D2"	1
"M5"	"VEGFA-VEGFR2 Pathway"	"VEGFA-VEGFR2 Pathway"	"1/81"	"105/7644"	0.675767766195373	0.716658172430125	0.68414973312438	"IL6"	1
"M5"	"Signaling by Interleukins"	"Signaling by Interleukins"	"1/81"	"109/7644"	0.689481859944794	0.728880823370211	0.695817950554144	"IL6"	1
"M5"	"Defective ACTH causes Obesity and Pro-opiomelanocortinin deficiency (POMCD)"	"Defective ACTH causes Obesity and Pro-opiomelanocortinin deficiency (POMCD)"	"4/81"	"441/7644"	0.695359104991346	0.728958416804351	0.695892024260832	"CXCL2/ACKR1/CXCL3/GAL"	4
"M5"	"GPCR ligand binding"	"GPCR ligand binding"	"4/81"	"441/7644"	0.695359104991346	0.728958416804351	0.695892024260832	"CXCL2/ACKR1/CXCL3/GAL"	4
"M5"	"PPARA activates gene expression"	"PPARA activates gene expression"	"1/81"	"111/7644"	0.696122452083435	0.728958416804351	0.695892024260832	"CD36"	1
"M5"	"Diseases of glycosylation"	"Diseases of glycosylation"	"2/81"	"227/7644"	0.698934295355509	0.729608527753557	0.696512645429347	"B3GNT3/CHST9"	2
"M5"	"Signaling by VEGF"	"Signaling by VEGF"	"1/81"	"113/7644"	0.702622747850858	0.731166796982299	0.698000229772892	"IL6"	1
"M5"	"Regulation of lipid metabolism by Peroxisome proliferator-activated receptor alpha (PPARalpha)"	"Regulation of lipid metabolism by Peroxisome proliferator-activated receptor alpha (PPARalpha)"	"1/81"	"114/7644"	0.705821201897344	0.732207041220609	0.698993287335621	"CD36"	1
"M5"	"Signaling by Insulin receptor"	"Signaling by Insulin receptor"	"1/81"	"116/7644"	0.712116523785538	0.736443485778212	0.703037561893535	"IL6"	1
"M5"	"Factors involved in megakaryocyte development and platelet production"	"Factors involved in megakaryocyte development and platelet production"	"1/81"	"125/7644"	0.738838098402875	0.761712342935471	0.72716019461518	"HBB"	1
"M5"	"Cellular responses to stress"	"Cellular responses to stress"	"2/81"	"249/7644"	0.746697055958161	0.767438640845888	0.732626741063563	"FOS/IL6"	2
"M5"	"Generic Transcription Pathway"	"Generic Transcription Pathway"	"4/81"	"483/7644"	0.761871910939863	0.780625681055306	0.745215601955753	"NR4A3/NR3C2/ZNF597/RORC"	4
"M5"	"Signaling by Hedgehog"	"Signaling by Hedgehog"	"1/81"	"136/7644"	0.768189995320718	0.784684872520857	0.749090663825822	"HHIP"	1
"M5"	"The citric acid (TCA) cycle and respiratory electron transport"	"The citric acid (TCA) cycle and respiratory electron transport"	"1/81"	"147/7644"	0.794279199485467	0.808853129751256	0.772162621099666	"PDK4"	1
"M5"	"Neuronal System"	"Neuronal System"	"2/81"	"280/7644"	0.803020370928485	0.815261535119468	0.778280333826709	"CACNA2D2/KCNQ3"	2
"M5"	"Metabolism of amino acids and derivatives"	"Metabolism of amino acids and derivatives"	"1/81"	"188/7644"	0.868378113829974	0.878935902447967	0.839066358587912	"ASS1"	1
"M5"	"Transmission across Chemical Synapses"	"Transmission across Chemical Synapses"	"1/81"	"201/7644"	0.885815334660368	0.893868201339099	0.853321311219876	"CACNA2D2"	1
"M5"	"Gastrin-CREB signalling pathway via PKC and MAPK"	"Gastrin-CREB signalling pathway via PKC and MAPK"	"1/81"	"217/7644"	0.904171355903586	0.909634626936236	0.868372553610694	"IL6"	1
"M5"	"Class I MHC mediated antigen processing & presentation"	"Class I MHC mediated antigen processing & presentation"	"1/81"	"255/7644"	0.936894743940568	0.939716716060871	0.897090084559453	"CD36"	1
"M5"	"Cytokine Signaling in Immune system"	"Cytokine Signaling in Immune system"	"1/81"	"308/7644"	0.964888793709452	0.964888793709452	0.92112032780229	"IL6"	1
"M6"	"Ethanol oxidation"	"Ethanol oxidation"	"3/66"	"10/7644"	7.06622224330218e-05	0.0073649997573664	0.00674992506403164	"ALDH1A1/ADH7/ADH1C"	3
"M6"	"Axon guidance"	"Axon guidance"	"11/66"	"327/7644"	9.64789924038863e-05	0.0073649997573664	0.00674992506403164	"NTN1/RGMA/EPHB6/SEMA6A/ARTN/CNTN1/SEMA3A/SEMA6D/ROBO2/EPHB1/L1CAM"	11
"M6"	"Transport of organic anions"	"Transport of organic anions"	"3/66"	"11/7644"	9.6561054489417e-05	0.0073649997573664	0.00674992506403164	"SLCO4A1/SLCO4C1/SLCO1A2"	3
"M6"	"Defective CYP11A1 causes Adrenal insufficiency, congenital, with 46,XY sex reversal (AICSR)"	"Defective CYP11A1 causes Adrenal insufficiency, congenital, with 46,XY sex reversal (AICSR)"	"5/66"	"78/7644"	0.000534369067569171	0.0073649997573664	0.00674992506403164	"ALDH1A1/CYP2S1/ADH7/CYP39A1/ADH1C"	5
"M6"	"Defective CYP11B1 causes Adrenal hyperplasia 4 (AH4)"	"Defective CYP11B1 causes Adrenal hyperplasia 4 (AH4)"	"5/66"	"78/7644"	0.000534369067569171	0.0073649997573664	0.00674992506403164	"ALDH1A1/CYP2S1/ADH7/CYP39A1/ADH1C"	5
"M6"	"Defective CYP11B2 causes Corticosterone methyloxidase 1 deficiency (CMO-1 deficiency)"	"Defective CYP11B2 causes Corticosterone methyloxidase 1 deficiency (CMO-1 deficiency)"	"5/66"	"78/7644"	0.000534369067569171	0.0073649997573664	0.00674992506403164	"ALDH1A1/CYP2S1/ADH7/CYP39A1/ADH1C"	5
"M6"	"Defective CYP17A1 causes Adrenal hyperplasia 5 (AH5)"	"Defective CYP17A1 causes Adrenal hyperplasia 5 (AH5)"	"5/66"	"78/7644"	0.000534369067569171	0.0073649997573664	0.00674992506403164	"ALDH1A1/CYP2S1/ADH7/CYP39A1/ADH1C"	5
"M6"	"Defective CYP19A1 causes Aromatase excess syndrome (AEXS)"	"Defective CYP19A1 causes Aromatase excess syndrome (AEXS)"	"5/66"	"78/7644"	0.000534369067569171	0.0073649997573664	0.00674992506403164	"ALDH1A1/CYP2S1/ADH7/CYP39A1/ADH1C"	5
"M6"	"Defective CYP1B1 causes Glaucoma"	"Defective CYP1B1 causes Glaucoma"	"5/66"	"78/7644"	0.000534369067569171	0.0073649997573664	0.00674992506403164	"ALDH1A1/CYP2S1/ADH7/CYP39A1/ADH1C"	5
"M6"	"Defective CYP21A2 causes Adrenal hyperplasia 3 (AH3)"	"Defective CYP21A2 causes Adrenal hyperplasia 3 (AH3)"	"5/66"	"78/7644"	0.000534369067569171	0.0073649997573664	0.00674992506403164	"ALDH1A1/CYP2S1/ADH7/CYP39A1/ADH1C"	5
"M6"	"Defective CYP24A1 causes Hypercalcemia, infantile (HCAI)"	"Defective CYP24A1 causes Hypercalcemia, infantile (HCAI)"	"5/66"	"78/7644"	0.000534369067569171	0.0073649997573664	0.00674992506403164	"ALDH1A1/CYP2S1/ADH7/CYP39A1/ADH1C"	5
"M6"	"Defective CYP26B1 causes Radiohumeral fusions with other skeletal and craniofacial anomalies (RHFCA)"	"Defective CYP26B1 causes Radiohumeral fusions with other skeletal and craniofacial anomalies (RHFCA)"	"5/66"	"78/7644"	0.000534369067569171	0.0073649997573664	0.00674992506403164	"ALDH1A1/CYP2S1/ADH7/CYP39A1/ADH1C"	5
"M6"	"Defective CYP26C1 causes Focal facial dermal dysplasia 4 (FFDD4)"	"Defective CYP26C1 causes Focal facial dermal dysplasia 4 (FFDD4)"	"5/66"	"78/7644"	0.000534369067569171	0.0073649997573664	0.00674992506403164	"ALDH1A1/CYP2S1/ADH7/CYP39A1/ADH1C"	5
"M6"	"Defective CYP27A1 causes Cerebrotendinous xanthomatosis (CTX)"	"Defective CYP27A1 causes Cerebrotendinous xanthomatosis (CTX)"	"5/66"	"78/7644"	0.000534369067569171	0.0073649997573664	0.00674992506403164	"ALDH1A1/CYP2S1/ADH7/CYP39A1/ADH1C"	5
"M6"	"Defective CYP27B1 causes Rickets vitamin D-dependent 1A (VDDR1A)"	"Defective CYP27B1 causes Rickets vitamin D-dependent 1A (VDDR1A)"	"5/66"	"78/7644"	0.000534369067569171	0.0073649997573664	0.00674992506403164	"ALDH1A1/CYP2S1/ADH7/CYP39A1/ADH1C"	5
"M6"	"Defective CYP2R1 causes Rickets vitamin D-dependent 1B (VDDR1B)"	"Defective CYP2R1 causes Rickets vitamin D-dependent 1B (VDDR1B)"	"5/66"	"78/7644"	0.000534369067569171	0.0073649997573664	0.00674992506403164	"ALDH1A1/CYP2S1/ADH7/CYP39A1/ADH1C"	5
"M6"	"Defective CYP2U1 causes Spastic paraplegia 56, autosomal recessive (SPG56)"	"Defective CYP2U1 causes Spastic paraplegia 56, autosomal recessive (SPG56)"	"5/66"	"78/7644"	0.000534369067569171	0.0073649997573664	0.00674992506403164	"ALDH1A1/CYP2S1/ADH7/CYP39A1/ADH1C"	5
"M6"	"Defective CYP4F22 causes Ichthyosis, congenital, autosomal recessive 5 (ARCI5)"	"Defective CYP4F22 causes Ichthyosis, congenital, autosomal recessive 5 (ARCI5)"	"5/66"	"78/7644"	0.000534369067569171	0.0073649997573664	0.00674992506403164	"ALDH1A1/CYP2S1/ADH7/CYP39A1/ADH1C"	5
"M6"	"Defective CYP7B1 causes Spastic paraplegia 5A, autosomal recessive (SPG5A) and Congenital bile acid synthesis defect 3 (CBAS3)"	"Defective CYP7B1 causes Spastic paraplegia 5A, autosomal recessive (SPG5A) and Congenital bile acid synthesis defect 3 (CBAS3)"	"5/66"	"78/7644"	0.000534369067569171	0.0073649997573664	0.00674992506403164	"ALDH1A1/CYP2S1/ADH7/CYP39A1/ADH1C"	5
"M6"	"Defective FMO3 causes Trimethylaminuria (TMAU)"	"Defective FMO3 causes Trimethylaminuria (TMAU)"	"5/66"	"78/7644"	0.000534369067569171	0.0073649997573664	0.00674992506403164	"ALDH1A1/CYP2S1/ADH7/CYP39A1/ADH1C"	5
"M6"	"Defective MAOA causes Brunner syndrome (BRUNS)"	"Defective MAOA causes Brunner syndrome (BRUNS)"	"5/66"	"78/7644"	0.000534369067569171	0.0073649997573664	0.00674992506403164	"ALDH1A1/CYP2S1/ADH7/CYP39A1/ADH1C"	5
"M6"	"Defective TBXAS1 causes Ghosal hematodiaphyseal dysplasia (GHDD)"	"Defective TBXAS1 causes Ghosal hematodiaphyseal dysplasia (GHDD)"	"5/66"	"78/7644"	0.000534369067569171	0.0073649997573664	0.00674992506403164	"ALDH1A1/CYP2S1/ADH7/CYP39A1/ADH1C"	5
"M6"	"Phase 1 - Functionalization of compounds"	"Phase 1 - Functionalization of compounds"	"5/66"	"78/7644"	0.000534369067569171	0.0073649997573664	0.00674992506403164	"ALDH1A1/CYP2S1/ADH7/CYP39A1/ADH1C"	5
"M6"	"Biological oxidations"	"Biological oxidations"	"7/66"	"174/7644"	0.000705123504149812	0.00931350628397877	0.00853570557655036	"ALDH1A1/CYP2S1/ADH7/GSTA1/UGT1A6/CYP39A1/ADH1C"	7
"M6"	"Potassium Channels"	"Potassium Channels"	"5/66"	"99/7644"	0.0015752962206412	0.0199747560777305	0.0183066002903988	"KCNK1/KCNN4/KCNMB4/KCNQ5/GNGT1"	5
"M6"	"Neuronal System"	"Neuronal System"	"8/66"	"280/7644"	0.00266167388893026	0.0324519470304189	0.0297417811070749	"KCNK1/KCNN4/KCNMB4/GABRA3/CACNA2D3/KCNQ5/GABRQ/GNGT1"	8
"M6"	"Transport of vitamins, nucleosides, and related molecules"	"Transport of vitamins, nucleosides, and related molecules"	"3/66"	"38/7644"	0.00418030718335957	0.0490799028564809	0.0449810831425826	"SLCO4A1/SLCO4C1/SLCO1A2"	3
"M6"	"GABA A receptor activation"	"GABA A receptor activation"	"2/66"	"13/7644"	0.00538644044588039	0.0609822007622887	0.0558893820700372	"GABRA3/GABRQ"	2
"M6"	"Ephrin signaling"	"Ephrin signaling"	"2/66"	"19/7644"	0.0114218061255351	0.11981175686059	0.109805893719153	"EPHB6/EPHB1"	2
"M6"	"Other semaphorin interactions"	"Other semaphorin interactions"	"2/66"	"19/7644"	0.0114218061255351	0.11981175686059	0.109805893719153	"SEMA6A/SEMA6D"	2
"M6"	"GABA receptor activation"	"GABA receptor activation"	"3/66"	"55/7644"	0.0117166071377864	0.11981175686059	0.109805893719153	"GABRA3/GABRQ/GNGT1"	3
"M6"	"RA biosynthesis pathway"	"RA biosynthesis pathway"	"2/66"	"21/7644"	0.0138722592773043	0.137422068465795	0.125945511859736	"ALDH1A1/ADH1C"	2
"M6"	"Ion channel transport"	"Ion channel transport"	"5/66"	"167/7644"	0.0143385344538553	0.137736830965822	0.126233987536334	"WNK2/GABRA3/CLCN4/GABRQ/ATP12A"	5
"M6"	"Nitric oxide stimulates guanylate cyclase"	"Nitric oxide stimulates guanylate cyclase"	"2/66"	"25/7644"	0.0193841104941972	0.180129854675483	0.165086634203664	"KCNMB4/NOS2"	2
"M6"	"Semaphorin interactions"	"Semaphorin interactions"	"3/66"	"67/7644"	0.0198881543017095	0.180129854675483	0.165086634203664	"SEMA6A/SEMA3A/SEMA6D"	3
"M6"	"Ligand-gated ion channel transport"	"Ligand-gated ion channel transport"	"2/66"	"26/7644"	0.0208838700694679	0.183894078111703	0.16853649529746	"GABRA3/GABRQ"	2
"M6"	"MAPK targets/ Nuclear events mediated by MAP kinases"	"MAPK targets/ Nuclear events mediated by MAP kinases"	"2/66"	"30/7644"	0.0273428785530339	0.234261959494912	0.214697993759242	"DUSP4/MAPK10"	2
"M6"	"Platelet homeostasis"	"Platelet homeostasis"	"3/66"	"79/7644"	0.030528649896076	0.25467321097516	0.23340463632457	"KCNMB4/NOS2/GNGT1"	3
"M6"	"Bile acid and bile salt metabolism"	"Bile acid and bile salt metabolism"	"2/66"	"35/7644"	0.0363865501905989	0.29575734385692	0.271057701824705	"SLCO1A2/CYP39A1"	2
"M6"	"EPHB-mediated forward signaling"	"EPHB-mediated forward signaling"	"2/66"	"41/7644"	0.0485257080301377	0.375186571842772	0.343853540855405	"EPHB6/EPHB1"	2
"M6"	"Signaling by Retinoic Acid"	"Signaling by Retinoic Acid"	"2/66"	"41/7644"	0.0485257080301377	0.375186571842772	0.343853540855405	"ALDH1A1/ADH1C"	2
"M6"	"Netrin-1 signaling"	"Netrin-1 signaling"	"2/66"	"42/7644"	0.0506744469346898	0.382471420911826	0.350530008871539	"NTN1/RGMA"	2
"M6"	"EPH-ephrin mediated repulsion of cells"	"EPH-ephrin mediated repulsion of cells"	"2/66"	"48/7644"	0.0642532552013711	0.450384270949255	0.412771239521814	"EPHB6/EPHB1"	2
"M6"	"Orphan transporters"	"Orphan transporters"	"3/66"	"114/7644"	0.075241919516091	0.450384270949255	0.412771239521814	"GABRA3/TUBB3/GABRQ"	3
"M6"	"G alpha (q) signalling events"	"G alpha (q) signalling events"	"4/66"	"189/7644"	0.0799794811843095	0.450384270949255	0.412771239521814	"NTS/EDN1/CHRM3/GNGT1"	4
"M6"	"Peptide ligand-binding receptors"	"Peptide ligand-binding receptors"	"4/66"	"190/7644"	0.0811900875375828	0.450384270949255	0.412771239521814	"ACKR3/CX3CL1/NTS/EDN1"	4
"M6"	"Chemokine receptors bind chemokines"	"Chemokine receptors bind chemokines"	"2/66"	"55/7644"	0.081436361931154	0.450384270949255	0.412771239521814	"ACKR3/CX3CL1"	2
"M6"	"Acetylcholine regulates insulin secretion"	"Acetylcholine regulates insulin secretion"	"1/66"	"10/7644"	0.0831106256203693	0.450384270949255	0.412771239521814	"CHRM3"	1
"M6"	"Activation of the AP-1 family of transcription factors"	"Activation of the AP-1 family of transcription factors"	"1/66"	"10/7644"	0.0831106256203693	0.450384270949255	0.412771239521814	"MAPK10"	1
"M6"	"Creatine metabolism"	"Creatine metabolism"	"1/66"	"10/7644"	0.0831106256203693	0.450384270949255	0.412771239521814	"SLC6A8"	1
"M6"	"Netrin mediated repulsion signals"	"Netrin mediated repulsion signals"	"1/66"	"10/7644"	0.0831106256203693	0.450384270949255	0.412771239521814	"NTN1"	1
"M6"	"POU5F1 (OCT4), SOX2, NANOG repress genes related to differentiation"	"POU5F1 (OCT4), SOX2, NANOG repress genes related to differentiation"	"1/66"	"10/7644"	0.0831106256203693	0.450384270949255	0.412771239521814	"SOX2"	1
"M6"	"Purine catabolism"	"Purine catabolism"	"1/66"	"10/7644"	0.0831106256203693	0.450384270949255	0.412771239521814	"GDA"	1
"M6"	"Role of second messengers in netrin-1 signaling"	"Role of second messengers in netrin-1 signaling"	"1/66"	"10/7644"	0.0831106256203693	0.450384270949255	0.412771239521814	"NTN1"	1
"M6"	"MAP kinase activation in TLR cascade"	"MAP kinase activation in TLR cascade"	"2/66"	"56/7644"	0.08399679860031	0.450384270949255	0.412771239521814	"DUSP4/MAPK10"	2
"M6"	"Activation of the phototransduction cascade"	"Activation of the phototransduction cascade"	"1/66"	"11/7644"	0.091037623093392	0.450384270949255	0.412771239521814	"GNGT1"	1
"M6"	"CYP2E1 reactions"	"CYP2E1 reactions"	"1/66"	"11/7644"	0.091037623093392	0.450384270949255	0.412771239521814	"CYP2S1"	1
"M6"	"DSCAM interactions"	"DSCAM interactions"	"1/66"	"11/7644"	0.091037623093392	0.450384270949255	0.412771239521814	"NTN1"	1
"M6"	"Cytochrome P450 - arranged by substrate type"	"Cytochrome P450 - arranged by substrate type"	"2/66"	"60/7644"	0.0944782425844994	0.450384270949255	0.412771239521814	"CYP2S1/CYP39A1"	2
"M6"	"Transmission across Chemical Synapses"	"Transmission across Chemical Synapses"	"4/66"	"201/7644"	0.0951053120965238	0.450384270949255	0.412771239521814	"GABRA3/CACNA2D3/GABRQ/GNGT1"	4
"M6"	"Depolarization of the Presynaptic Terminal Triggers the Opening of Calcium Channels"	"Depolarization of the Presynaptic Terminal Triggers the Opening of Calcium Channels"	"1/66"	"12/7644"	0.0988971169851566	0.450384270949255	0.412771239521814	"CACNA2D3"	1
"M6"	"ERKs are inactivated"	"ERKs are inactivated"	"1/66"	"12/7644"	0.0988971169851566	0.450384270949255	0.412771239521814	"DUSP4"	1
"M6"	"Miscellaneous substrates"	"Miscellaneous substrates"	"1/66"	"12/7644"	0.0988971169851566	0.450384270949255	0.412771239521814	"CYP2S1"	1
"M6"	"Tandem pore domain potassium channels"	"Tandem pore domain potassium channels"	"1/66"	"12/7644"	0.0988971169851566	0.450384270949255	0.412771239521814	"KCNK1"	1
"M6"	"FGFR2c ligand binding and activation"	"FGFR2c ligand binding and activation"	"1/66"	"13/7644"	0.10668967336343	0.450384270949255	0.412771239521814	"FGFR2"	1
"M6"	"DCC mediated attractive signaling"	"DCC mediated attractive signaling"	"1/66"	"14/7644"	0.114415853622637	0.450384270949255	0.412771239521814	"NTN1"	1
"M6"	"SEMA3A-Plexin repulsion signaling by inhibiting Integrin adhesion"	"SEMA3A-Plexin repulsion signaling by inhibiting Integrin adhesion"	"1/66"	"14/7644"	0.114415853622637	0.450384270949255	0.412771239521814	"SEMA3A"	1
"M6"	"Synthesis of bile acids and bile salts via 24-hydroxycholesterol"	"Synthesis of bile acids and bile salts via 24-hydroxycholesterol"	"1/66"	"14/7644"	0.114415853622637	0.450384270949255	0.412771239521814	"CYP39A1"	1
"M6"	"Gastrin-CREB signalling pathway via PKC and MAPK"	"Gastrin-CREB signalling pathway via PKC and MAPK"	"4/66"	"217/7644"	0.117222344025217	0.450384270949255	0.412771239521814	"NTS/EDN1/CHRM3/GNGT1"	4
"M6"	"Neurotransmitter Receptor Binding And Downstream Transmission In The  Postsynaptic Cell"	"Neurotransmitter Receptor Binding And Downstream Transmission In The  Postsynaptic Cell"	"3/66"	"140/7644"	0.120046930372796	0.450384270949255	0.412771239521814	"GABRA3/GABRQ/GNGT1"	3
"M6"	"Recycling of bile acids and salts"	"Recycling of bile acids and salts"	"1/66"	"15/7644"	0.122076214521838	0.450384270949255	0.412771239521814	"SLCO1A2"	1
"M6"	"CRMPs in Sema3A signaling"	"CRMPs in Sema3A signaling"	"1/66"	"16/7644"	0.129671308222396	0.450384270949255	0.412771239521814	"SEMA3A"	1
"M6"	"Hyaluronan metabolism"	"Hyaluronan metabolism"	"1/66"	"16/7644"	0.129671308222396	0.450384270949255	0.412771239521814	"ABCC5"	1
"M6"	"JNK (c-Jun kinases) phosphorylation and  activation mediated by activated human TAK1"	"JNK (c-Jun kinases) phosphorylation and  activation mediated by activated human TAK1"	"1/66"	"16/7644"	0.129671308222396	0.450384270949255	0.412771239521814	"MAPK10"	1
"M6"	"Sema3A PAK dependent Axon repulsion"	"Sema3A PAK dependent Axon repulsion"	"1/66"	"16/7644"	0.129671308222396	0.450384270949255	0.412771239521814	"SEMA3A"	1
"M6"	"Class A/1 (Rhodopsin-like receptors)"	"Class A/1 (Rhodopsin-like receptors)"	"5/66"	"314/7644"	0.133793317754839	0.450384270949255	0.412771239521814	"ACKR3/CX3CL1/NTS/EDN1/CHRM3"	5
"M6"	"TRAF6 Mediated Induction of proinflammatory cytokines"	"TRAF6 Mediated Induction of proinflammatory cytokines"	"2/66"	"75/7644"	0.13666756590421	0.450384270949255	0.412771239521814	"DUSP4/MAPK10"	2
"M6"	"Activated point mutants of FGFR2"	"Activated point mutants of FGFR2"	"1/66"	"17/7644"	0.137201682325349	0.450384270949255	0.412771239521814	"FGFR2"	1
"M6"	"FGFR2 ligand binding and activation"	"FGFR2 ligand binding and activation"	"1/66"	"17/7644"	0.137201682325349	0.450384270949255	0.412771239521814	"FGFR2"	1
"M6"	"Signaling by FGFR2 mutants"	"Signaling by FGFR2 mutants"	"1/66"	"17/7644"	0.137201682325349	0.450384270949255	0.412771239521814	"FGFR2"	1
"M6"	"Regulation of insulin secretion"	"Regulation of insulin secretion"	"2/66"	"77/7644"	0.142575184967488	0.450384270949255	0.412771239521814	"CHRM3/GNGT1"	2
"M6"	"cGMP effects"	"cGMP effects"	"1/66"	"18/7644"	0.144667879908478	0.450384270949255	0.412771239521814	"KCNMB4"	1
"M6"	"Post-chaperonin tubulin folding pathway"	"Post-chaperonin tubulin folding pathway"	"1/66"	"18/7644"	0.144667879908478	0.450384270949255	0.412771239521814	"TUBB3"	1
"M6"	"Metabolism of nucleotides"	"Metabolism of nucleotides"	"2/66"	"78/7644"	0.145549600375787	0.450384270949255	0.412771239521814	"GDA/CDA"	2
"M6"	"Glucuronidation"	"Glucuronidation"	"1/66"	"19/7644"	0.152070439563086	0.450384270949255	0.412771239521814	"UGT1A6"	1
"M6"	"Prostacyclin signalling through prostacyclin receptor"	"Prostacyclin signalling through prostacyclin receptor"	"1/66"	"19/7644"	0.152070439563086	0.450384270949255	0.412771239521814	"GNGT1"	1
"M6"	"Formation of tubulin folding intermediates by CCT/TriC"	"Formation of tubulin folding intermediates by CCT/TriC"	"1/66"	"20/7644"	0.159409895430475	0.450384270949255	0.412771239521814	"TUBB3"	1
"M6"	"G beta:gamma signalling through PLC beta"	"G beta:gamma signalling through PLC beta"	"1/66"	"20/7644"	0.159409895430475	0.450384270949255	0.412771239521814	"GNGT1"	1
"M6"	"Signaling by Hippo"	"Signaling by Hippo"	"1/66"	"20/7644"	0.159409895430475	0.450384270949255	0.412771239521814	"AMOT"	1
"M6"	"Xenobiotics"	"Xenobiotics"	"1/66"	"20/7644"	0.159409895430475	0.450384270949255	0.412771239521814	"CYP2S1"	1
"M6"	"ERK/MAPK targets"	"ERK/MAPK targets"	"1/66"	"21/7644"	0.166686777238133	0.450384270949255	0.412771239521814	"DUSP4"	1
"M6"	"HS-GAG degradation"	"HS-GAG degradation"	"1/66"	"21/7644"	0.166686777238133	0.450384270949255	0.412771239521814	"GPC3"	1
"M6"	"NOTCH2 Activation and Transmission of Signal to the Nucleus"	"NOTCH2 Activation and Transmission of Signal to the Nucleus"	"1/66"	"21/7644"	0.166686777238133	0.450384270949255	0.412771239521814	"CNTN1"	1
"M6"	"Presynaptic function of Kainate receptors"	"Presynaptic function of Kainate receptors"	"1/66"	"21/7644"	0.166686777238133	0.450384270949255	0.412771239521814	"GNGT1"	1
"M6"	"Regulation of Insulin-like Growth Factor (IGF) transport and uptake by Insulin-like Growth Factor Binding Proteins (IGFBPs)"	"Regulation of Insulin-like Growth Factor (IGF) transport and uptake by Insulin-like Growth Factor Binding Proteins (IGFBPs)"	"1/66"	"21/7644"	0.166686777238133	0.450384270949255	0.412771239521814	"IGFBP2"	1
"M6"	"Signal transduction by L1"	"Signal transduction by L1"	"1/66"	"21/7644"	0.166686777238133	0.450384270949255	0.412771239521814	"L1CAM"	1
"M6"	"Synthesis of Leukotrienes (LT) and Eoxins (EX)"	"Synthesis of Leukotrienes (LT) and Eoxins (EX)"	"1/66"	"21/7644"	0.166686777238133	0.450384270949255	0.412771239521814	"ALOX15"	1
"M6"	"MyD88 cascade initiated on plasma membrane"	"MyD88 cascade initiated on plasma membrane"	"2/66"	"86/7644"	0.169781983541022	0.450384270949255	0.412771239521814	"DUSP4/MAPK10"	2
"M6"	"Toll Like Receptor 10 (TLR10) Cascade"	"Toll Like Receptor 10 (TLR10) Cascade"	"2/66"	"86/7644"	0.169781983541022	0.450384270949255	0.412771239521814	"DUSP4/MAPK10"	2
"M6"	"Toll Like Receptor 5 (TLR5) Cascade"	"Toll Like Receptor 5 (TLR5) Cascade"	"2/66"	"86/7644"	0.169781983541022	0.450384270949255	0.412771239521814	"DUSP4/MAPK10"	2
"M6"	"TRAF6 mediated induction of NFkB and MAP kinases upon TLR7/8 or 9 activation"	"TRAF6 mediated induction of NFkB and MAP kinases upon TLR7/8 or 9 activation"	"2/66"	"86/7644"	0.169781983541022	0.450384270949255	0.412771239521814	"DUSP4/MAPK10"	2
"M6"	"ADP signalling through P2Y purinoceptor 12"	"ADP signalling through P2Y purinoceptor 12"	"1/66"	"22/7644"	0.173901610335639	0.450384270949255	0.412771239521814	"GNGT1"	1
"M6"	"POU5F1 (OCT4), SOX2, NANOG activate genes related to proliferation"	"POU5F1 (OCT4), SOX2, NANOG activate genes related to proliferation"	"1/66"	"22/7644"	0.173901610335639	0.450384270949255	0.412771239521814	"SOX2"	1
"M6"	"MyD88 dependent cascade initiated on endosome"	"MyD88 dependent cascade initiated on endosome"	"2/66"	"88/7644"	0.175946262304924	0.450384270949255	0.412771239521814	"DUSP4/MAPK10"	2
"M6"	"Toll Like Receptor 7/8 (TLR7/8) Cascade"	"Toll Like Receptor 7/8 (TLR7/8) Cascade"	"2/66"	"88/7644"	0.175946262304924	0.450384270949255	0.412771239521814	"DUSP4/MAPK10"	2
"M6"	"Defective AHCY causes Hypermethioninemia with S-adenosylhomocysteine hydrolase deficiency (HMAHCHD)"	"Defective AHCY causes Hypermethioninemia with S-adenosylhomocysteine hydrolase deficiency (HMAHCHD)"	"2/66"	"89/7644"	0.179042145470499	0.450384270949255	0.412771239521814	"GSTA1/UGT1A6"	2
"M6"	"Defective GCLC causes Hemolytic anemia due to gamma-glutamylcysteine synthetase deficiency (HAGGSD)"	"Defective GCLC causes Hemolytic anemia due to gamma-glutamylcysteine synthetase deficiency (HAGGSD)"	"2/66"	"89/7644"	0.179042145470499	0.450384270949255	0.412771239521814	"GSTA1/UGT1A6"	2
"M6"	"Defective GGT1 causes Glutathionuria (GLUTH)"	"Defective GGT1 causes Glutathionuria (GLUTH)"	"2/66"	"89/7644"	0.179042145470499	0.450384270949255	0.412771239521814	"GSTA1/UGT1A6"	2
"M6"	"Defective GSS causes Glutathione synthetase deficiency (GSS deficiency)"	"Defective GSS causes Glutathione synthetase deficiency (GSS deficiency)"	"2/66"	"89/7644"	0.179042145470499	0.450384270949255	0.412771239521814	"GSTA1/UGT1A6"	2
"M6"	"Defective MAT1A causes Methionine adenosyltransferase deficiency (MATD)"	"Defective MAT1A causes Methionine adenosyltransferase deficiency (MATD)"	"2/66"	"89/7644"	0.179042145470499	0.450384270949255	0.412771239521814	"GSTA1/UGT1A6"	2
"M6"	"Defective OPLAH causes 5-oxoprolinase deficiency (OPLAHD)"	"Defective OPLAH causes 5-oxoprolinase deficiency (OPLAHD)"	"2/66"	"89/7644"	0.179042145470499	0.450384270949255	0.412771239521814	"GSTA1/UGT1A6"	2
"M6"	"Defective SLC35D1 causes Schneckenbecken dysplasia (SCHBCKD)"	"Defective SLC35D1 causes Schneckenbecken dysplasia (SCHBCKD)"	"2/66"	"89/7644"	0.179042145470499	0.450384270949255	0.412771239521814	"GSTA1/UGT1A6"	2
"M6"	"Defective TPMT causes Thiopurine S-methyltransferase deficiency (TPMT deficiency)"	"Defective TPMT causes Thiopurine S-methyltransferase deficiency (TPMT deficiency)"	"2/66"	"89/7644"	0.179042145470499	0.450384270949255	0.412771239521814	"GSTA1/UGT1A6"	2
"M6"	"Defective UGT1A1 causes hyperbilirubinemia"	"Defective UGT1A1 causes hyperbilirubinemia"	"2/66"	"89/7644"	0.179042145470499	0.450384270949255	0.412771239521814	"GSTA1/UGT1A6"	2
"M6"	"Defective UGT1A4 causes hyperbilirubinemia"	"Defective UGT1A4 causes hyperbilirubinemia"	"2/66"	"89/7644"	0.179042145470499	0.450384270949255	0.412771239521814	"GSTA1/UGT1A6"	2
"M6"	"Phase II conjugation"	"Phase II conjugation"	"2/66"	"89/7644"	0.179042145470499	0.450384270949255	0.412771239521814	"GSTA1/UGT1A6"	2
"M6"	"Defective ACTH causes Obesity and Pro-opiomelanocortinin deficiency (POMCD)"	"Defective ACTH causes Obesity and Pro-opiomelanocortinin deficiency (POMCD)"	"6/66"	"441/7644"	0.179410210736125	0.450384270949255	0.412771239521814	"ACKR3/CX3CL1/NTS/EDN1/CHRM3/GNGT1"	6
"M6"	"GPCR ligand binding"	"GPCR ligand binding"	"6/66"	"441/7644"	0.179410210736125	0.450384270949255	0.412771239521814	"ACKR3/CX3CL1/NTS/EDN1/CHRM3/GNGT1"	6
"M6"	"Endogenous sterols"	"Endogenous sterols"	"1/66"	"23/7644"	0.181054915730266	0.450384270949255	0.412771239521814	"CYP39A1"	1
"M6"	"FGFR ligand binding and activation"	"FGFR ligand binding and activation"	"1/66"	"23/7644"	0.181054915730266	0.450384270949255	0.412771239521814	"FGFR2"	1
"M6"	"Thromboxane signalling through TP receptor"	"Thromboxane signalling through TP receptor"	"1/66"	"23/7644"	0.181054915730266	0.450384270949255	0.412771239521814	"GNGT1"	1
"M6"	"SLC-mediated transmembrane transport"	"SLC-mediated transmembrane transport"	"4/66"	"259/7644"	0.184461075910825	0.450384270949255	0.412771239521814	"SLCO4A1/SLCO4C1/SLCO1A2/SLC9A2"	4
"M6"	"Nuclear Events (kinase and transcription factor activation)"	"Nuclear Events (kinase and transcription factor activation)"	"1/66"	"24/7644"	0.188147210122314	0.450384270949255	0.412771239521814	"DUSP4"	1
"M6"	"Pyrimidine metabolism"	"Pyrimidine metabolism"	"1/66"	"24/7644"	0.188147210122314	0.450384270949255	0.412771239521814	"CDA"	1
"M6"	"Diseases associated with visual transduction"	"Diseases associated with visual transduction"	"2/66"	"92/7644"	0.188380250705947	0.450384270949255	0.412771239521814	"GPC3/GNGT1"	2
"M6"	"Toll Like Receptor 9 (TLR9) Cascade"	"Toll Like Receptor 9 (TLR9) Cascade"	"2/66"	"92/7644"	0.188380250705947	0.450384270949255	0.412771239521814	"DUSP4/MAPK10"	2
"M6"	"Visual phototransduction"	"Visual phototransduction"	"2/66"	"92/7644"	0.188380250705947	0.450384270949255	0.412771239521814	"GPC3/GNGT1"	2
"M6"	"EPH-Ephrin signaling"	"EPH-Ephrin signaling"	"2/66"	"94/7644"	0.194644046753323	0.450384270949255	0.412771239521814	"EPHB6/EPHB1"	2
"M6"	"Activation of G protein gated Potassium channels"	"Activation of G protein gated Potassium channels"	"1/66"	"25/7644"	0.195179005940153	0.450384270949255	0.412771239521814	"GNGT1"	1
"M6"	"ADP signalling through P2Y purinoceptor 1"	"ADP signalling through P2Y purinoceptor 1"	"1/66"	"25/7644"	0.195179005940153	0.450384270949255	0.412771239521814	"GNGT1"	1
"M6"	"Basigin interactions"	"Basigin interactions"	"1/66"	"25/7644"	0.195179005940153	0.450384270949255	0.412771239521814	"L1CAM"	1
"M6"	"G protein gated Potassium channels"	"G protein gated Potassium channels"	"1/66"	"25/7644"	0.195179005940153	0.450384270949255	0.412771239521814	"GNGT1"	1
"M6"	"Inhibition  of voltage gated Ca2+ channels via Gbeta/gamma subunits"	"Inhibition  of voltage gated Ca2+ channels via Gbeta/gamma subunits"	"1/66"	"25/7644"	0.195179005940153	0.450384270949255	0.412771239521814	"GNGT1"	1
"M6"	"MyD88:Mal cascade initiated on plasma membrane"	"MyD88:Mal cascade initiated on plasma membrane"	"2/66"	"96/7644"	0.200935248861679	0.450384270949255	0.412771239521814	"DUSP4/MAPK10"	2
"M6"	"Toll Like Receptor 2 (TLR2) Cascade"	"Toll Like Receptor 2 (TLR2) Cascade"	"2/66"	"96/7644"	0.200935248861679	0.450384270949255	0.412771239521814	"DUSP4/MAPK10"	2
"M6"	"Toll Like Receptor TLR1:TLR2 Cascade"	"Toll Like Receptor TLR1:TLR2 Cascade"	"2/66"	"96/7644"	0.200935248861679	0.450384270949255	0.412771239521814	"DUSP4/MAPK10"	2
"M6"	"Toll Like Receptor TLR6:TLR2 Cascade"	"Toll Like Receptor TLR6:TLR2 Cascade"	"2/66"	"96/7644"	0.200935248861679	0.450384270949255	0.412771239521814	"DUSP4/MAPK10"	2
"M6"	"A tetrasaccharide linker sequence is required for GAG synthesis"	"A tetrasaccharide linker sequence is required for GAG synthesis"	"1/66"	"26/7644"	0.20215081137498	0.450384270949255	0.412771239521814	"GPC3"	1
"M6"	"Prefoldin mediated transfer of substrate  to CCT/TriC"	"Prefoldin mediated transfer of substrate  to CCT/TriC"	"1/66"	"26/7644"	0.20215081137498	0.450384270949255	0.412771239521814	"TUBB3"	1
"M6"	"Termination of O-glycan biosynthesis"	"Termination of O-glycan biosynthesis"	"1/66"	"26/7644"	0.20215081137498	0.450384270949255	0.412771239521814	"MUC15"	1
"M6"	"L1CAM interactions"	"L1CAM interactions"	"2/66"	"97/7644"	0.20409026794258	0.450384270949255	0.412771239521814	"CNTN1/L1CAM"	2
"M6"	"Stimuli-sensing channels"	"Stimuli-sensing channels"	"2/66"	"98/7644"	0.207251117942153	0.450384270949255	0.412771239521814	"WNK2/CLCN4"	2
"M6"	"Cooperation of Prefoldin and TriC/CCT  in actin and tubulin folding"	"Cooperation of Prefoldin and TriC/CCT  in actin and tubulin folding"	"1/66"	"27/7644"	0.209063130415312	0.450384270949255	0.412771239521814	"TUBB3"	1
"M6"	"Recycling pathway of L1"	"Recycling pathway of L1"	"1/66"	"27/7644"	0.209063130415312	0.450384270949255	0.412771239521814	"L1CAM"	1
"M6"	"Synthesis of bile acids and bile salts"	"Synthesis of bile acids and bile salts"	"1/66"	"27/7644"	0.209063130415312	0.450384270949255	0.412771239521814	"CYP39A1"	1
"M6"	"MyD88-independent cascade"	"MyD88-independent cascade"	"2/66"	"99/7644"	0.210417469488117	0.450384270949255	0.412771239521814	"DUSP4/MAPK10"	2
"M6"	"Toll Like Receptor 3 (TLR3) Cascade"	"Toll Like Receptor 3 (TLR3) Cascade"	"2/66"	"99/7644"	0.210417469488117	0.450384270949255	0.412771239521814	"DUSP4/MAPK10"	2
"M6"	"TRIF-mediated TLR3/TLR4 signaling"	"TRIF-mediated TLR3/TLR4 signaling"	"2/66"	"99/7644"	0.210417469488117	0.450384270949255	0.412771239521814	"DUSP4/MAPK10"	2
"M6"	"Adrenaline,noradrenaline inhibits insulin secretion"	"Adrenaline,noradrenaline inhibits insulin secretion"	"1/66"	"28/7644"	0.21591646288119	0.450384270949255	0.412771239521814	"GNGT1"	1
"M6"	"G-protein activation"	"G-protein activation"	"1/66"	"28/7644"	0.21591646288119	0.450384270949255	0.412771239521814	"GNGT1"	1
"M6"	"Metabolism of amino acids and derivatives"	"Metabolism of amino acids and derivatives"	"3/66"	"188/7644"	0.220960676081376	0.450384270949255	0.412771239521814	"SLC6A8/ALDH7A1/PRODH"	3
"M6"	"Interaction between L1 and Ankyrins"	"Interaction between L1 and Ankyrins"	"1/66"	"29/7644"	0.222711304458112	0.450384270949255	0.412771239521814	"L1CAM"	1
"M6"	"SHC-mediated cascade"	"SHC-mediated cascade"	"1/66"	"29/7644"	0.222711304458112	0.450384270949255	0.412771239521814	"FGFR2"	1
"M6"	"O-linked glycosylation"	"O-linked glycosylation"	"2/66"	"103/7644"	0.223131480476446	0.450384270949255	0.412771239521814	"MUC15/ADAMTS17"	2
"M6"	"Integration of energy metabolism"	"Integration of energy metabolism"	"2/66"	"104/7644"	0.226320575111097	0.450384270949255	0.412771239521814	"CHRM3/GNGT1"	2
"M6"	"Activated NOTCH1 Transmits Signal to the Nucleus"	"Activated NOTCH1 Transmits Signal to the Nucleus"	"1/66"	"30/7644"	0.229448146730701	0.450384270949255	0.412771239521814	"CNTN1"	1
"M6"	"Activation of Kainate Receptors upon glutamate binding"	"Activation of Kainate Receptors upon glutamate binding"	"1/66"	"30/7644"	0.229448146730701	0.450384270949255	0.412771239521814	"GNGT1"	1
"M6"	"Glucagon-type ligand receptors"	"Glucagon-type ligand receptors"	"1/66"	"30/7644"	0.229448146730701	0.450384270949255	0.412771239521814	"GNGT1"	1
"M6"	"Inactivation, recovery and regulation of the phototransduction cascade"	"Inactivation, recovery and regulation of the phototransduction cascade"	"1/66"	"30/7644"	0.229448146730701	0.450384270949255	0.412771239521814	"GNGT1"	1
"M6"	"HS-GAG biosynthesis"	"HS-GAG biosynthesis"	"1/66"	"31/7644"	0.236127477216093	0.450384270949255	0.412771239521814	"GPC3"	1
"M6"	"Inwardly rectifying K+ channels"	"Inwardly rectifying K+ channels"	"1/66"	"31/7644"	0.236127477216093	0.450384270949255	0.412771239521814	"GNGT1"	1
"M6"	"The phototransduction cascade"	"The phototransduction cascade"	"1/66"	"31/7644"	0.236127477216093	0.450384270949255	0.412771239521814	"GNGT1"	1
"M6"	"Signal amplification"	"Signal amplification"	"1/66"	"32/7644"	0.242749779397065	0.450384270949255	0.412771239521814	"GNGT1"	1
"M6"	"Signaling by NOTCH2"	"Signaling by NOTCH2"	"1/66"	"32/7644"	0.242749779397065	0.450384270949255	0.412771239521814	"CNTN1"	1
"M6"	"Signaling by Robo receptor"	"Signaling by Robo receptor"	"1/66"	"32/7644"	0.242749779397065	0.450384270949255	0.412771239521814	"ROBO2"	1
"M6"	"Thrombin signalling through proteinase activated receptors (PARs)"	"Thrombin signalling through proteinase activated receptors (PARs)"	"1/66"	"32/7644"	0.242749779397065	0.450384270949255	0.412771239521814	"GNGT1"	1
"M6"	"Glutathione conjugation"	"Glutathione conjugation"	"1/66"	"33/7644"	0.249315532754894	0.450384270949255	0.412771239521814	"GSTA1"	1
"M6"	"Purine metabolism"	"Purine metabolism"	"1/66"	"33/7644"	0.249315532754894	0.450384270949255	0.412771239521814	"GDA"	1
"M6"	"Activated TLR4 signalling"	"Activated TLR4 signalling"	"2/66"	"115/7644"	0.261577563706393	0.450384270949255	0.412771239521814	"DUSP4/MAPK10"	2
"M6"	"NGF signalling via TRKA from the plasma membrane"	"NGF signalling via TRKA from the plasma membrane"	"3/66"	"206/7644"	0.262543473235011	0.450384270949255	0.412771239521814	"NTRK2/FGFR2/DUSP4"	3
"M6"	"ABC-family proteins mediated transport"	"ABC-family proteins mediated transport"	"1/66"	"36/7644"	0.268678235362505	0.450384270949255	0.412771239521814	"ABCC5"	1
"M6"	"NCAM1 interactions"	"NCAM1 interactions"	"1/66"	"37/7644"	0.275022509345953	0.450384270949255	0.412771239521814	"ARTN"	1
"M6"	"Defective B3GAT3 causes JDSSDHD"	"Defective B3GAT3 causes JDSSDHD"	"2/66"	"121/7644"	0.280863672204066	0.450384270949255	0.412771239521814	"ABCC5/GPC3"	2
"M6"	"Defective B4GALT1 causes B4GALT1-CDG (CDG-2d)"	"Defective B4GALT1 causes B4GALT1-CDG (CDG-2d)"	"2/66"	"121/7644"	0.280863672204066	0.450384270949255	0.412771239521814	"ABCC5/GPC3"	2
"M6"	"Defective B4GALT7 causes EDS, progeroid type"	"Defective B4GALT7 causes EDS, progeroid type"	"2/66"	"121/7644"	0.280863672204066	0.450384270949255	0.412771239521814	"ABCC5/GPC3"	2
"M6"	"Defective CHST14 causes EDS, musculocontractural type"	"Defective CHST14 causes EDS, musculocontractural type"	"2/66"	"121/7644"	0.280863672204066	0.450384270949255	0.412771239521814	"ABCC5/GPC3"	2
"M6"	"Defective CHST3 causes SEDCJD"	"Defective CHST3 causes SEDCJD"	"2/66"	"121/7644"	0.280863672204066	0.450384270949255	0.412771239521814	"ABCC5/GPC3"	2
"M6"	"Defective CHST6 causes MCDC1"	"Defective CHST6 causes MCDC1"	"2/66"	"121/7644"	0.280863672204066	0.450384270949255	0.412771239521814	"ABCC5/GPC3"	2
"M6"	"Defective CHSY1 causes TPBS"	"Defective CHSY1 causes TPBS"	"2/66"	"121/7644"	0.280863672204066	0.450384270949255	0.412771239521814	"ABCC5/GPC3"	2
"M6"	"Defective EXT1 causes exostoses 1, TRPS2 and CHDS"	"Defective EXT1 causes exostoses 1, TRPS2 and CHDS"	"2/66"	"121/7644"	0.280863672204066	0.450384270949255	0.412771239521814	"ABCC5/GPC3"	2
"M6"	"Defective EXT2 causes exostoses 2"	"Defective EXT2 causes exostoses 2"	"2/66"	"121/7644"	0.280863672204066	0.450384270949255	0.412771239521814	"ABCC5/GPC3"	2
"M6"	"Defective PAPSS2 causes SEMD-PA"	"Defective PAPSS2 causes SEMD-PA"	"2/66"	"121/7644"	0.280863672204066	0.450384270949255	0.412771239521814	"ABCC5/GPC3"	2
"M6"	"Defective SLC26A2 causes chondrodysplasias"	"Defective SLC26A2 causes chondrodysplasias"	"2/66"	"121/7644"	0.280863672204066	0.450384270949255	0.412771239521814	"ABCC5/GPC3"	2
"M6"	"Diseases associated with glycosaminoglycan metabolism"	"Diseases associated with glycosaminoglycan metabolism"	"2/66"	"121/7644"	0.280863672204066	0.450384270949255	0.412771239521814	"ABCC5/GPC3"	2
"M6"	"Glycosaminoglycan metabolism"	"Glycosaminoglycan metabolism"	"2/66"	"121/7644"	0.280863672204066	0.450384270949255	0.412771239521814	"ABCC5/GPC3"	2
"M6"	"MPS I - Hurler syndrome"	"MPS I - Hurler syndrome"	"2/66"	"121/7644"	0.280863672204066	0.450384270949255	0.412771239521814	"ABCC5/GPC3"	2
"M6"	"MPS II - Hunter syndrome"	"MPS II - Hunter syndrome"	"2/66"	"121/7644"	0.280863672204066	0.450384270949255	0.412771239521814	"ABCC5/GPC3"	2
"M6"	"MPS IIIA - Sanfilippo syndrome A"	"MPS IIIA - Sanfilippo syndrome A"	"2/66"	"121/7644"	0.280863672204066	0.450384270949255	0.412771239521814	"ABCC5/GPC3"	2
"M6"	"MPS IIIB - Sanfilippo syndrome B"	"MPS IIIB - Sanfilippo syndrome B"	"2/66"	"121/7644"	0.280863672204066	0.450384270949255	0.412771239521814	"ABCC5/GPC3"	2
"M6"	"MPS IIIC - Sanfilippo syndrome C"	"MPS IIIC - Sanfilippo syndrome C"	"2/66"	"121/7644"	0.280863672204066	0.450384270949255	0.412771239521814	"ABCC5/GPC3"	2
"M6"	"MPS IIID - Sanfilippo syndrome D"	"MPS IIID - Sanfilippo syndrome D"	"2/66"	"121/7644"	0.280863672204066	0.450384270949255	0.412771239521814	"ABCC5/GPC3"	2
"M6"	"MPS IV - Morquio syndrome A"	"MPS IV - Morquio syndrome A"	"2/66"	"121/7644"	0.280863672204066	0.450384270949255	0.412771239521814	"ABCC5/GPC3"	2
"M6"	"MPS IV - Morquio syndrome B"	"MPS IV - Morquio syndrome B"	"2/66"	"121/7644"	0.280863672204066	0.450384270949255	0.412771239521814	"ABCC5/GPC3"	2
"M6"	"MPS IX - Natowicz syndrome"	"MPS IX - Natowicz syndrome"	"2/66"	"121/7644"	0.280863672204066	0.450384270949255	0.412771239521814	"ABCC5/GPC3"	2
"M6"	"MPS VII - Sly syndrome"	"MPS VII - Sly syndrome"	"2/66"	"121/7644"	0.280863672204066	0.450384270949255	0.412771239521814	"ABCC5/GPC3"	2
"M6"	"MPS VI - Maroteaux-Lamy syndrome"	"MPS VI - Maroteaux-Lamy syndrome"	"2/66"	"121/7644"	0.280863672204066	0.450384270949255	0.412771239521814	"ABCC5/GPC3"	2
"M6"	"Mucopolysaccharidoses"	"Mucopolysaccharidoses"	"2/66"	"121/7644"	0.280863672204066	0.450384270949255	0.412771239521814	"ABCC5/GPC3"	2
"M6"	"Phagosomal maturation (early endosomal stage)"	"Phagosomal maturation (early endosomal stage)"	"1/66"	"38/7644"	0.281312573021932	0.450384270949255	0.412771239521814	"NOS2"	1
"M6"	"Activation of GABAB receptors"	"Activation of GABAB receptors"	"1/66"	"39/7644"	0.287548882538176	0.453497491366178	0.415624464941275	"GNGT1"	1
"M6"	"GABA B receptor activation"	"GABA B receptor activation"	"1/66"	"39/7644"	0.287548882538176	0.453497491366178	0.415624464941275	"GNGT1"	1
"M6"	"O-glycosylation of TSR domain-containing proteins"	"O-glycosylation of TSR domain-containing proteins"	"1/66"	"39/7644"	0.287548882538176	0.453497491366178	0.415624464941275	"ADAMTS17"	1
"M6"	"Toll Like Receptor 4 (TLR4) Cascade"	"Toll Like Receptor 4 (TLR4) Cascade"	"2/66"	"124/7644"	0.290499253651253	0.455882492116076	0.417810286647972	"DUSP4/MAPK10"	2
"M6"	"Negative regulation of FGFR signaling"	"Negative regulation of FGFR signaling"	"1/66"	"40/7644"	0.293731890263683	0.458684774451169	0.420378541419634	"FGFR2"	1
"M6"	"Retinoid metabolism and transport"	"Retinoid metabolism and transport"	"1/66"	"41/7644"	0.299862044819521	0.465962099057785	0.427048113365262	"GPC3"	1
"M6"	"Amine ligand-binding receptors"	"Amine ligand-binding receptors"	"1/66"	"42/7644"	0.305939791109395	0.468516491698929	0.429389180504415	"CHRM3"	1
"M6"	"Glucagon-like Peptide-1 (GLP1) regulates insulin secretion"	"Glucagon-like Peptide-1 (GLP1) regulates insulin secretion"	"1/66"	"42/7644"	0.305939791109395	0.468516491698929	0.429389180504415	"GNGT1"	1
"M6"	"Transcriptional regulation of pluripotent stem cells"	"Transcriptional regulation of pluripotent stem cells"	"1/66"	"42/7644"	0.305939791109395	0.468516491698929	0.429389180504415	"SOX2"	1
"M6"	"Ion transport by P-type ATPases"	"Ion transport by P-type ATPases"	"1/66"	"43/7644"	0.311965570349961	0.470919456194941	0.431591465747314	"ATP12A"	1
"M6"	"Vasopressin regulates renal water homeostasis via Aquaporins"	"Vasopressin regulates renal water homeostasis via Aquaporins"	"1/66"	"43/7644"	0.311965570349961	0.470919456194941	0.431591465747314	"GNGT1"	1
"M6"	"Voltage gated Potassium channels"	"Voltage gated Potassium channels"	"1/66"	"43/7644"	0.311965570349961	0.470919456194941	0.431591465747314	"KCNQ5"	1
"M6"	"FRS2-mediated cascade"	"FRS2-mediated cascade"	"1/66"	"44/7644"	0.317939820100902	0.477663142047327	0.437771964818403	"FGFR2"	1
"M6"	"Signaling by FGFR mutants"	"Signaling by FGFR mutants"	"1/66"	"45/7644"	0.323862974294763	0.484266805903018	0.443824135577728	"FGFR2"	1
"M6"	"G alpha (z) signalling events"	"G alpha (z) signalling events"	"1/66"	"46/7644"	0.329735463266541	0.49073306035443	0.449750372431754	"GNGT1"	1
"M6"	"Chaperonin-mediated protein folding"	"Chaperonin-mediated protein folding"	"1/66"	"48/7644"	0.341330149072018	0.503263522120139	0.46123437524542	"TUBB3"	1
"M6"	"G beta:gamma signalling through PI3Kgamma"	"G beta:gamma signalling through PI3Kgamma"	"1/66"	"48/7644"	0.341330149072018	0.503263522120139	0.46123437524542	"GNGT1"	1
"M6"	"Arachidonic acid metabolism"	"Arachidonic acid metabolism"	"1/66"	"50/7644"	0.352727249356061	0.514017283476547	0.471090055585346	"ALOX15"	1
"M6"	"Chondroitin sulfate/dermatan sulfate metabolism"	"Chondroitin sulfate/dermatan sulfate metabolism"	"1/66"	"50/7644"	0.352727249356061	0.514017283476547	0.471090055585346	"GPC3"	1
"M6"	"Toll-Like Receptors Cascades"	"Toll-Like Receptors Cascades"	"2/66"	"144/7644"	0.354149574074259	0.514017283476547	0.471090055585346	"DUSP4/MAPK10"	2
"M6"	"Amyloids"	"Amyloids"	"1/66"	"51/7644"	0.358352743370085	0.514017283476547	0.471090055585346	"SNCA"	1
"M6"	"Aquaporin-mediated transport"	"Aquaporin-mediated transport"	"1/66"	"51/7644"	0.358352743370085	0.514017283476547	0.471090055585346	"GNGT1"	1
"M6"	"G-protein beta:gamma signalling"	"G-protein beta:gamma signalling"	"1/66"	"51/7644"	0.358352743370085	0.514017283476547	0.471090055585346	"GNGT1"	1
"M6"	"Heparan sulfate/heparin (HS-GAG) metabolism"	"Heparan sulfate/heparin (HS-GAG) metabolism"	"1/66"	"54/7644"	0.374941903089247	0.53060974678255	0.4862968291947	"GPC3"	1
"M6"	"Phospholipase C-mediated cascade"	"Phospholipase C-mediated cascade"	"1/66"	"54/7644"	0.374941903089247	0.53060974678255	0.4862968291947	"FGFR2"	1
"M6"	"Protein folding"	"Protein folding"	"1/66"	"54/7644"	0.374941903089247	0.53060974678255	0.4862968291947	"TUBB3"	1
"M6"	"Ca2+ pathway"	"Ca2+ pathway"	"1/66"	"61/7644"	0.412024925552622	0.58049733955636	0.532018149485491	"GNGT1"	1
"M6"	"O-linked glycosylation of mucins"	"O-linked glycosylation of mucins"	"1/66"	"64/7644"	0.427246318159129	0.59927912768338	0.549231410395527	"MUC15"	1
"M6"	"Latent infection of Homo sapiens with Mycobacterium tuberculosis"	"Latent infection of Homo sapiens with Mycobacterium tuberculosis"	"1/66"	"68/7644"	0.446939286521645	0.621402429067374	0.569507124099603	"NOS2"	1
"M6"	"PI3K Cascade"	"PI3K Cascade"	"1/66"	"68/7644"	0.446939286521645	0.621402429067374	0.569507124099603	"FGFR2"	1
"M6"	"Signalling by NGF"	"Signalling by NGF"	"3/66"	"287/7644"	0.453389329284694	0.623252847841448	0.571203008481619	"NTRK2/FGFR2/DUSP4"	3
"M6"	"NCAM signaling for neurite out-growth"	"NCAM signaling for neurite out-growth"	"1/66"	"70/7644"	0.456534164509562	0.623252847841448	0.571203008481619	"ARTN"	1
"M6"	"FBXW7 Mutants and NOTCH1 in Cancer"	"FBXW7 Mutants and NOTCH1 in Cancer"	"1/66"	"72/7644"	0.465965062897234	0.623252847841448	0.571203008481619	"CNTN1"	1
"M6"	"Signaling by NOTCH1"	"Signaling by NOTCH1"	"1/66"	"72/7644"	0.465965062897234	0.623252847841448	0.571203008481619	"CNTN1"	1
"M6"	"Signaling by NOTCH1 HD Domain Mutants in Cancer"	"Signaling by NOTCH1 HD Domain Mutants in Cancer"	"1/66"	"72/7644"	0.465965062897234	0.623252847841448	0.571203008481619	"CNTN1"	1
"M6"	"Signaling by NOTCH1 HD+PEST Domain Mutants in Cancer"	"Signaling by NOTCH1 HD+PEST Domain Mutants in Cancer"	"1/66"	"72/7644"	0.465965062897234	0.623252847841448	0.571203008481619	"CNTN1"	1
"M6"	"Signaling by NOTCH1 in Cancer"	"Signaling by NOTCH1 in Cancer"	"1/66"	"72/7644"	0.465965062897234	0.623252847841448	0.571203008481619	"CNTN1"	1
"M6"	"Signaling by NOTCH1 PEST Domain Mutants in Cancer"	"Signaling by NOTCH1 PEST Domain Mutants in Cancer"	"1/66"	"72/7644"	0.465965062897234	0.623252847841448	0.571203008481619	"CNTN1"	1
"M6"	"Signaling by NOTCH1 t(7;9)(NOTCH1:M1580_K2555) Translocation Mutant"	"Signaling by NOTCH1 t(7;9)(NOTCH1:M1580_K2555) Translocation Mutant"	"1/66"	"72/7644"	0.465965062897234	0.623252847841448	0.571203008481619	"CNTN1"	1
"M6"	"G alpha (12/13) signalling events"	"G alpha (12/13) signalling events"	"1/66"	"75/7644"	0.479809973867447	0.639074629058743	0.585703462129215	"GNGT1"	1
"M6"	"FCERI mediated MAPK activation"	"FCERI mediated MAPK activation"	"1/66"	"77/7644"	0.488842898730617	0.640919973011363	0.587394695504354	"MAPK10"	1
"M6"	"Opioid Signalling"	"Opioid Signalling"	"1/66"	"80/7644"	0.502103380294	0.640919973011363	0.587394695504354	"GNGT1"	1
"M6"	"IRS-mediated signalling"	"IRS-mediated signalling"	"1/66"	"85/7644"	0.523455236812711	0.640919973011363	0.587394695504354	"FGFR2"	1
"M6"	"Constitutive PI3K/AKT Signaling in Cancer"	"Constitutive PI3K/AKT Signaling in Cancer"	"1/66"	"86/7644"	0.527616098615907	0.640919973011363	0.587394695504354	"FGFR2"	1
"M6"	"Class B/2 (Secretin family receptors)"	"Class B/2 (Secretin family receptors)"	"1/66"	"87/7644"	0.531741176346967	0.640919973011363	0.587394695504354	"GNGT1"	1
"M6"	"Defective AMN causes hereditary megaloblastic anemia 1"	"Defective AMN causes hereditary megaloblastic anemia 1"	"1/66"	"87/7644"	0.531741176346967	0.640919973011363	0.587394695504354	"MOCOS"	1
"M6"	"Defective BTD causes biotidinase deficiency"	"Defective BTD causes biotidinase deficiency"	"1/66"	"87/7644"	0.531741176346967	0.640919973011363	0.587394695504354	"MOCOS"	1
"M6"	"Defective CD320 causes methylmalonic aciduria"	"Defective CD320 causes methylmalonic aciduria"	"1/66"	"87/7644"	0.531741176346967	0.640919973011363	0.587394695504354	"MOCOS"	1
"M6"	"Defective CUBN causes hereditary megaloblastic anemia 1"	"Defective CUBN causes hereditary megaloblastic anemia 1"	"1/66"	"87/7644"	0.531741176346967	0.640919973011363	0.587394695504354	"MOCOS"	1
"M6"	"Defective GIF causes intrinsic factor deficiency"	"Defective GIF causes intrinsic factor deficiency"	"1/66"	"87/7644"	0.531741176346967	0.640919973011363	0.587394695504354	"MOCOS"	1
"M6"	"Defective HLCS causes multiple carboxylase deficiency"	"Defective HLCS causes multiple carboxylase deficiency"	"1/66"	"87/7644"	0.531741176346967	0.640919973011363	0.587394695504354	"MOCOS"	1
"M6"	"Defective LMBRD1 causes methylmalonic aciduria and homocystinuria type cblF"	"Defective LMBRD1 causes methylmalonic aciduria and homocystinuria type cblF"	"1/66"	"87/7644"	0.531741176346967	0.640919973011363	0.587394695504354	"MOCOS"	1
"M6"	"Defective MMAA causes methylmalonic aciduria type cblA"	"Defective MMAA causes methylmalonic aciduria type cblA"	"1/66"	"87/7644"	0.531741176346967	0.640919973011363	0.587394695504354	"MOCOS"	1
"M6"	"Defective MMAB causes methylmalonic aciduria type cblB"	"Defective MMAB causes methylmalonic aciduria type cblB"	"1/66"	"87/7644"	0.531741176346967	0.640919973011363	0.587394695504354	"MOCOS"	1
"M6"	"Defective MMACHC causes methylmalonic aciduria and homocystinuria type cblC"	"Defective MMACHC causes methylmalonic aciduria and homocystinuria type cblC"	"1/66"	"87/7644"	0.531741176346967	0.640919973011363	0.587394695504354	"MOCOS"	1
"M6"	"Defective MMADHC causes methylmalonic aciduria and homocystinuria type cblD"	"Defective MMADHC causes methylmalonic aciduria and homocystinuria type cblD"	"1/66"	"87/7644"	0.531741176346967	0.640919973011363	0.587394695504354	"MOCOS"	1
"M6"	"Defective MTR causes methylmalonic aciduria and homocystinuria type cblG"	"Defective MTR causes methylmalonic aciduria and homocystinuria type cblG"	"1/66"	"87/7644"	0.531741176346967	0.640919973011363	0.587394695504354	"MOCOS"	1
"M6"	"Defective MTRR causes methylmalonic aciduria and homocystinuria type cblE"	"Defective MTRR causes methylmalonic aciduria and homocystinuria type cblE"	"1/66"	"87/7644"	0.531741176346967	0.640919973011363	0.587394695504354	"MOCOS"	1
"M6"	"Defective MUT causes methylmalonic aciduria mut type"	"Defective MUT causes methylmalonic aciduria mut type"	"1/66"	"87/7644"	0.531741176346967	0.640919973011363	0.587394695504354	"MOCOS"	1
"M6"	"Defective TCN2 causes hereditary megaloblastic anemia"	"Defective TCN2 causes hereditary megaloblastic anemia"	"1/66"	"87/7644"	0.531741176346967	0.640919973011363	0.587394695504354	"MOCOS"	1
"M6"	"Defects in biotin (Btn) metabolism"	"Defects in biotin (Btn) metabolism"	"1/66"	"87/7644"	0.531741176346967	0.640919973011363	0.587394695504354	"MOCOS"	1
"M6"	"Defects in cobalamin (B12) metabolism"	"Defects in cobalamin (B12) metabolism"	"1/66"	"87/7644"	0.531741176346967	0.640919973011363	0.587394695504354	"MOCOS"	1
"M6"	"Defects in vitamin and cofactor metabolism"	"Defects in vitamin and cofactor metabolism"	"1/66"	"87/7644"	0.531741176346967	0.640919973011363	0.587394695504354	"MOCOS"	1
"M6"	"Metabolism of vitamins and cofactors"	"Metabolism of vitamins and cofactors"	"1/66"	"87/7644"	0.531741176346967	0.640919973011363	0.587394695504354	"MOCOS"	1
"M6"	"Metabolism of water-soluble vitamins and cofactors"	"Metabolism of water-soluble vitamins and cofactors"	"1/66"	"87/7644"	0.531741176346967	0.640919973011363	0.587394695504354	"MOCOS"	1
"M6"	"IRS-related events"	"IRS-related events"	"1/66"	"88/7644"	0.535830773060094	0.643402860075946	0.589670228726419	"FGFR2"	1
"M6"	"IRS-related events triggered by IGF1R"	"IRS-related events triggered by IGF1R"	"1/66"	"89/7644"	0.539885189282703	0.645510635911614	0.591601977458427	"FGFR2"	1
"M6"	"Oxidative Stress Induced Senescence"	"Oxidative Stress Induced Senescence"	"1/66"	"91/7644"	0.547889669856333	0.645510635911614	0.591601977458427	"MAPK10"	1
"M6"	"Antigen processing: Ubiquitination & Proteasome degradation"	"Antigen processing: Ubiquitination & Proteasome degradation"	"2/66"	"211/7644"	0.548044180986157	0.645510635911614	0.591601977458427	"FBXO27/KLHL13"	2
"M6"	"Fc epsilon receptor (FCERI) signaling"	"Fc epsilon receptor (FCERI) signaling"	"2/66"	"212/7644"	0.550628906009383	0.645510635911614	0.591601977458427	"FGFR2/MAPK10"	2
"M6"	"IGF1R signaling cascade"	"IGF1R signaling cascade"	"1/66"	"92/7644"	0.551840322814029	0.645510635911614	0.591601977458427	"FGFR2"	1
"M6"	"Insulin receptor signalling cascade"	"Insulin receptor signalling cascade"	"1/66"	"92/7644"	0.551840322814029	0.645510635911614	0.591601977458427	"FGFR2"	1
"M6"	"Signaling by Type 1 Insulin-like Growth Factor 1 Receptor (IGF1R)"	"Signaling by Type 1 Insulin-like Growth Factor 1 Receptor (IGF1R)"	"1/66"	"92/7644"	0.551840322814029	0.645510635911614	0.591601977458427	"FGFR2"	1
"M6"	"Transport of inorganic cations/anions and amino acids/oligopeptides"	"Transport of inorganic cations/anions and amino acids/oligopeptides"	"1/66"	"94/7644"	0.559639907221026	0.652227391871563	0.597757795638557	"SLC9A2"	1
"M6"	"Cell surface interactions at the vascular wall"	"Cell surface interactions at the vascular wall"	"1/66"	"99/7644"	0.578558774923013	0.663927238303895	0.608480550462809	"L1CAM"	1
"M6"	"PI3K/AKT Signaling in Cancer"	"PI3K/AKT Signaling in Cancer"	"1/66"	"100/7644"	0.582245338323289	0.663927238303895	0.608480550462809	"FGFR2"	1
"M6"	"PI-3K cascade"	"PI-3K cascade"	"1/66"	"100/7644"	0.582245338323289	0.663927238303895	0.608480550462809	"FGFR2"	1
"M6"	"PI3K events in ERBB2 signaling"	"PI3K events in ERBB2 signaling"	"1/66"	"100/7644"	0.582245338323289	0.663927238303895	0.608480550462809	"FGFR2"	1
"M6"	"PI3K events in ERBB4 signaling"	"PI3K events in ERBB4 signaling"	"1/66"	"100/7644"	0.582245338323289	0.663927238303895	0.608480550462809	"FGFR2"	1
"M6"	"PIP3 activates AKT signaling"	"PIP3 activates AKT signaling"	"1/66"	"100/7644"	0.582245338323289	0.663927238303895	0.608480550462809	"FGFR2"	1
"M6"	"Diseases of glycosylation"	"Diseases of glycosylation"	"2/66"	"227/7644"	0.58817656709554	0.6682866371659	0.612475881978377	"ABCC5/GPC3"	2
"M6"	"PI3K/AKT activation"	"PI3K/AKT activation"	"1/66"	"103/7644"	0.593115521090228	0.671491500662865	0.615413097071064	"FGFR2"	1
"M6"	"GAB1 signalosome"	"GAB1 signalosome"	"1/66"	"104/7644"	0.596676637070608	0.673119195556522	0.6169048579565	"FGFR2"	1
"M6"	"G alpha (i) signalling events"	"G alpha (i) signalling events"	"2/66"	"236/7644"	0.609593957616188	0.685252782143019	0.628025129906935	"ACKR3/GNGT1"	2
"M6"	"Hemostasis"	"Hemostasis"	"4/66"	"497/7644"	0.630096202301932	0.705796806112058	0.646853456705721	"KCNMB4/NOS2/GNGT1/L1CAM"	4
"M6"	"Signaling by Insulin receptor"	"Signaling by Insulin receptor"	"1/66"	"116/7644"	0.637088485822317	0.711116373259417	0.65172876978117	"FGFR2"	1
"M6"	"Class I MHC mediated antigen processing & presentation"	"Class I MHC mediated antigen processing & presentation"	"2/66"	"255/7644"	0.652063832392819	0.722223936009433	0.66190870442837	"FBXO27/KLHL13"	2
"M6"	"Signaling by NOTCH"	"Signaling by NOTCH"	"1/66"	"122/7644"	0.655771443703529	0.722223936009433	0.66190870442837	"CNTN1"	1
"M6"	"Glycogen storage diseases"	"Glycogen storage diseases"	"2/66"	"258/7644"	0.658431285510177	0.722223936009433	0.66190870442837	"ABCC5/GPC3"	2
"M6"	"Metabolism of carbohydrates"	"Metabolism of carbohydrates"	"2/66"	"258/7644"	0.658431285510177	0.722223936009433	0.66190870442837	"ABCC5/GPC3"	2
"M6"	"Myoclonic epilepsy of Lafora"	"Myoclonic epilepsy of Lafora"	"2/66"	"258/7644"	0.658431285510177	0.722223936009433	0.66190870442837	"ABCC5/GPC3"	2
"M6"	"G alpha (s) signalling events"	"G alpha (s) signalling events"	"1/66"	"126/7644"	0.667697117106609	0.729862021113086	0.66890890860771	"GNGT1"	1
"M6"	"Cell-Cell communication"	"Cell-Cell communication"	"1/66"	"130/7644"	0.67921567560265	0.739901612254433	0.678110061372151	"NTN1"	1
"M6"	"Post-translational protein modification"	"Post-translational protein modification"	"2/66"	"278/7644"	0.698567484828891	0.758376344831364	0.695041909923481	"MUC15/ADAMTS17"	2
"M6"	"Role of LAT2/NTAL/LAB on calcium mobilization"	"Role of LAT2/NTAL/LAB on calcium mobilization"	"1/66"	"141/7644"	0.708902690498729	0.76696980507883	0.702917702811745	"FGFR2"	1
"M6"	"beta-catenin independent WNT signaling"	"beta-catenin independent WNT signaling"	"1/66"	"144/7644"	0.716518217323462	0.769953474208601	0.705652196186531	"GNGT1"	1
"M6"	"Signaling by SCF-KIT"	"Signaling by SCF-KIT"	"1/66"	"144/7644"	0.716518217323462	0.769953474208601	0.705652196186531	"FGFR2"	1
"M6"	"Downstream signaling of activated FGFR"	"Downstream signaling of activated FGFR"	"1/66"	"149/7644"	0.728777022744965	0.780480798007277	0.715300349493636	"FGFR2"	1
"M6"	"Signaling by ERBB4"	"Signaling by ERBB4"	"1/66"	"154/7644"	0.740513400442051	0.790379622694041	0.724372491660486	"FGFR2"	1
"M6"	"Cellular Senescence"	"Cellular Senescence"	"1/66"	"159/7644"	0.751749286379162	0.799679610007364	0.732895807278872	"MAPK10"	1
"M6"	"Downstream signal transduction"	"Downstream signal transduction"	"1/66"	"161/7644"	0.756108243120652	0.800378509385009	0.73353633933343	"FGFR2"	1
"M6"	"Signaling by FGFR"	"Signaling by FGFR"	"1/66"	"162/7644"	0.758259366460761	0.800378509385009	0.73353633933343	"FGFR2"	1
"M6"	"Signaling by ERBB2"	"Signaling by ERBB2"	"1/66"	"163/7644"	0.760391801880915	0.800378509385009	0.73353633933343	"FGFR2"	1
"M6"	"DAP12 signaling"	"DAP12 signaling"	"1/66"	"164/7644"	0.762505709256381	0.800378509385009	0.73353633933343	"FGFR2"	1
"M6"	"Downstream signaling events of B Cell Receptor (BCR)"	"Downstream signaling events of B Cell Receptor (BCR)"	"1/66"	"170/7644"	0.77480884932017	0.810608598133644	0.742912080640497	"FGFR2"	1
"M6"	"Signaling by FGFR in disease"	"Signaling by FGFR in disease"	"1/66"	"177/7644"	0.788370793646977	0.811857202820378	0.744056410355054	"FGFR2"	1
"M6"	"DAP12 interactions"	"DAP12 interactions"	"1/66"	"179/7644"	0.792095643260589	0.811857202820378	0.744056410355054	"FGFR2"	1
"M6"	"Signaling by EGFR"	"Signaling by EGFR"	"1/66"	"179/7644"	0.792095643260589	0.811857202820378	0.744056410355054	"FGFR2"	1
"M6"	"Signaling by Overexpressed Wild-Type EGFR in Cancer"	"Signaling by Overexpressed Wild-Type EGFR in Cancer"	"1/66"	"179/7644"	0.792095643260589	0.811857202820378	0.744056410355054	"FGFR2"	1
"M6"	"Signaling by EGFR in Cancer"	"Signaling by EGFR in Cancer"	"1/66"	"181/7644"	0.795755908528129	0.811857202820378	0.744056410355054	"FGFR2"	1
"M6"	"Signaling by EGFRvIII in Cancer"	"Signaling by EGFRvIII in Cancer"	"1/66"	"181/7644"	0.795755908528129	0.811857202820378	0.744056410355054	"FGFR2"	1
"M6"	"Signaling by Ligand-Responsive EGFR Variants in Cancer"	"Signaling by Ligand-Responsive EGFR Variants in Cancer"	"1/66"	"181/7644"	0.795755908528129	0.811857202820378	0.744056410355054	"FGFR2"	1
"M6"	"Generic Transcription Pathway"	"Generic Transcription Pathway"	"3/66"	"483/7644"	0.796490820432611	0.811857202820378	0.744056410355054	"ZFP28/ZNF717/ZNF415"	3
"M6"	"Signaling by PDGF"	"Signaling by PDGF"	"1/66"	"184/7644"	0.801127618252242	0.813966201878079	0.74598928015391	"FGFR2"	1
"M6"	"Signaling by the B Cell Receptor (BCR)"	"Signaling by the B Cell Receptor (BCR)"	"1/66"	"209/7644"	0.840803430212037	0.851548521971935	0.780432980455767	"FGFR2"	1
"M6"	"Platelet activation, signaling and aggregation"	"Platelet activation, signaling and aggregation"	"1/66"	"221/7644"	0.856969009876223	0.86515661188141	0.792904615239147	"GNGT1"	1
"M6"	"Cellular responses to stress"	"Cellular responses to stress"	"1/66"	"249/7644"	0.888666073484075	0.894308397760164	0.819621842210876	"MAPK10"	1
"M6"	"Signaling by Wnt"	"Signaling by Wnt"	"1/66"	"286/7644"	0.920160788851438	0.923072690081981	0.845983936452355	"GNGT1"	1
"M6"	"Olfactory Signaling Pathway"	"Olfactory Signaling Pathway"	"1/66"	"422/7644"	0.976822534181063	0.976822534181063	0.895244959103349	"GNGT1"	1
"Not.Correlated"	"Post NMDA receptor activation events"	"Post NMDA receptor activation events"	"2/13"	"35/7644"	0.00153922655308669	0.107891131069544	0.0824133465086409	"GRIN2D/ADCY1"	2
"Not.Correlated"	"Activation of NMDA receptor upon glutamate binding and postsynaptic events"	"Activation of NMDA receptor upon glutamate binding and postsynaptic events"	"2/13"	"39/7644"	0.00190957754105388	0.107891131069544	0.0824133465086409	"GRIN2D/ADCY1"	2
"Not.Correlated"	"Eukaryotic Translation Elongation"	"Eukaryotic Translation Elongation"	"2/13"	"89/7644"	0.00961932801403685	0.167158643481239	0.127685223711799	"RPS4Y1/EEF1A2"	2
"Not.Correlated"	"PCP/CE pathway"	"PCP/CE pathway"	"2/13"	"91/7644"	0.0100397718360059	0.167158643481239	0.127685223711799	"FZD8/WNT5B"	2
"Not.Correlated"	"Adenylate cyclase activating pathway"	"Adenylate cyclase activating pathway"	"1/13"	"10/7644"	0.0168871049173412	0.167158643481239	0.127685223711799	"ADCY1"	1
"Not.Correlated"	"Creatine metabolism"	"Creatine metabolism"	"1/13"	"10/7644"	0.0168871049173412	0.167158643481239	0.127685223711799	"GATM"	1
"Not.Correlated"	"Neurotransmitter Receptor Binding And Downstream Transmission In The  Postsynaptic Cell"	"Neurotransmitter Receptor Binding And Downstream Transmission In The  Postsynaptic Cell"	"2/13"	"140/7644"	0.0227620146697925	0.167158643481239	0.127685223711799	"GRIN2D/ADCY1"	2
"Not.Correlated"	"Adenylate cyclase inhibitory pathway"	"Adenylate cyclase inhibitory pathway"	"1/13"	"14/7644"	0.0235679317040622	0.167158643481239	0.127685223711799	"ADCY1"	1
"Not.Correlated"	"Inhibition of adenylate cyclase pathway"	"Inhibition of adenylate cyclase pathway"	"1/13"	"14/7644"	0.0235679317040622	0.167158643481239	0.127685223711799	"ADCY1"	1
"Not.Correlated"	"beta-catenin independent WNT signaling"	"beta-catenin independent WNT signaling"	"2/13"	"144/7644"	0.0239941110447552	0.167158643481239	0.127685223711799	"FZD8/WNT5B"	2
"Not.Correlated"	"CREB phosphorylation through the activation of CaMKII"	"CREB phosphorylation through the activation of CaMKII"	"1/13"	"15/7644"	0.0252315774298612	0.167158643481239	0.127685223711799	"GRIN2D"	1
"Not.Correlated"	"Metabolism of polyamines"	"Metabolism of polyamines"	"1/13"	"15/7644"	0.0252315774298612	0.167158643481239	0.127685223711799	"MTAP"	1
"Not.Correlated"	"Translation"	"Translation"	"2/13"	"148/7644"	0.0252536211446089	0.167158643481239	0.127685223711799	"RPS4Y1/EEF1A2"	2
"Not.Correlated"	"PKA activation"	"PKA activation"	"1/13"	"16/7644"	0.026892606331868	0.167158643481239	0.127685223711799	"ADCY1"	1
"Not.Correlated"	"PKA activation in glucagon signalling"	"PKA activation in glucagon signalling"	"1/13"	"17/7644"	0.0285510221836885	0.167158643481239	0.127685223711799	"ADCY1"	1
"Not.Correlated"	"PKA-mediated phosphorylation of CREB"	"PKA-mediated phosphorylation of CREB"	"1/13"	"17/7644"	0.0285510221836885	0.167158643481239	0.127685223711799	"ADCY1"	1
"Not.Correlated"	"Ras activation uopn Ca2+ infux through NMDA receptor"	"Ras activation uopn Ca2+ infux through NMDA receptor"	"1/13"	"17/7644"	0.0285510221836885	0.167158643481239	0.127685223711799	"GRIN2D"	1
"Not.Correlated"	"Unblocking of NMDA receptor, glutamate binding and activation"	"Unblocking of NMDA receptor, glutamate binding and activation"	"1/13"	"17/7644"	0.0285510221836885	0.167158643481239	0.127685223711799	"GRIN2D"	1
"Not.Correlated"	"Regulation of gene expression in beta cells"	"Regulation of gene expression in beta cells"	"1/13"	"20/7644"	0.0335106290999027	0.167158643481239	0.127685223711799	"HNF4G"	1
"Not.Correlated"	"regulation of FZD by ubiquitination"	"regulation of FZD by ubiquitination"	"1/13"	"21/7644"	0.0351586303881638	0.167158643481239	0.127685223711799	"FZD8"	1
"Not.Correlated"	"HDMs demethylate histones"	"HDMs demethylate histones"	"1/13"	"23/7644"	0.0384468539399164	0.167158643481239	0.127685223711799	"KDM5D"	1
"Not.Correlated"	"Sulfur amino acid metabolism"	"Sulfur amino acid metabolism"	"1/13"	"23/7644"	0.0384468539399164	0.167158643481239	0.127685223711799	"MTAP"	1
"Not.Correlated"	"Metabolism of amino acids and derivatives"	"Metabolism of amino acids and derivatives"	"2/13"	"188/7644"	0.0392771903775697	0.167158643481239	0.127685223711799	"MTAP/GATM"	2
"Not.Correlated"	"Calmodulin induced events"	"Calmodulin induced events"	"1/13"	"26/7644"	0.0433597977920668	0.167158643481239	0.127685223711799	"ADCY1"	1
"Not.Correlated"	"CaM pathway"	"CaM pathway"	"1/13"	"26/7644"	0.0433597977920668	0.167158643481239	0.127685223711799	"ADCY1"	1
"Not.Correlated"	"WNT ligand biogenesis and trafficking"	"WNT ligand biogenesis and trafficking"	"1/13"	"26/7644"	0.0433597977920668	0.167158643481239	0.127685223711799	"WNT5B"	1
"Not.Correlated"	"WNT ligand secretion is abrogated by the PORCN inhibitor LGK974"	"WNT ligand secretion is abrogated by the PORCN inhibitor LGK974"	"1/13"	"26/7644"	0.0433597977920668	0.167158643481239	0.127685223711799	"WNT5B"	1
"Not.Correlated"	"Transmission across Chemical Synapses"	"Transmission across Chemical Synapses"	"2/13"	"201/7644"	0.0443583653909913	0.167158643481239	0.127685223711799	"GRIN2D/ADCY1"	2
"Not.Correlated"	"CREB phosphorylation through the activation of Ras"	"CREB phosphorylation through the activation of Ras"	"1/13"	"27/7644"	0.0449922896047079	0.167158643481239	0.127685223711799	"GRIN2D"	1
"Not.Correlated"	"Ca-dependent events"	"Ca-dependent events"	"1/13"	"28/7644"	0.046622209551556	0.167158643481239	0.127685223711799	"ADCY1"	1
"Not.Correlated"	"Signaling by WNT in cancer"	"Signaling by WNT in cancer"	"2/13"	"212/7644"	0.0488435990972098	0.167158643481239	0.127685223711799	"FZD8/WNT5B"	2
"Not.Correlated"	"DAG and IP3 signaling"	"DAG and IP3 signaling"	"1/13"	"31/7644"	0.0514965753191222	0.167158643481239	0.127685223711799	"ADCY1"	1
"Not.Correlated"	"Oncogene Induced Senescence"	"Oncogene Induced Senescence"	"1/13"	"32/7644"	0.0531162449002139	0.167158643481239	0.127685223711799	"CDKN2A"	1
"Not.Correlated"	"Regulation of beta-cell development"	"Regulation of beta-cell development"	"1/13"	"32/7644"	0.0531162449002139	0.167158643481239	0.127685223711799	"HNF4G"	1
"Not.Correlated"	"EGFR interacts with phospholipase C-gamma"	"EGFR interacts with phospholipase C-gamma"	"1/13"	"33/7644"	0.0547333611398748	0.167158643481239	0.127685223711799	"ADCY1"	1
"Not.Correlated"	"Glucagon signaling in metabolic regulation"	"Glucagon signaling in metabolic regulation"	"1/13"	"33/7644"	0.0547333611398748	0.167158643481239	0.127685223711799	"ADCY1"	1
"Not.Correlated"	"PLC-gamma1 signalling"	"PLC-gamma1 signalling"	"1/13"	"33/7644"	0.0547333611398748	0.167158643481239	0.127685223711799	"ADCY1"	1
"Not.Correlated"	"PLCG1 events in ERBB2 signaling"	"PLCG1 events in ERBB2 signaling"	"1/13"	"34/7644"	0.0563479277283893	0.167560942981789	0.127992522817948	"ADCY1"	1
"Not.Correlated"	"Cyclin D associated events in G1"	"Cyclin D associated events in G1"	"1/13"	"38/7644"	0.0627807712070685	0.17321997271141	0.132315209709694	"CDKN2A"	1
"Not.Correlated"	"G1 Phase"	"G1 Phase"	"1/13"	"38/7644"	0.0627807712070685	0.17321997271141	0.132315209709694	"CDKN2A"	1
"Not.Correlated"	"Activation of GABAB receptors"	"Activation of GABAB receptors"	"1/13"	"39/7644"	0.0643826447245949	0.17321997271141	0.132315209709694	"ADCY1"	1
"Not.Correlated"	"GABA B receptor activation"	"GABA B receptor activation"	"1/13"	"39/7644"	0.0643826447245949	0.17321997271141	0.132315209709694	"ADCY1"	1
"Not.Correlated"	"PLC beta mediated events"	"PLC beta mediated events"	"1/13"	"43/7644"	0.0707648992245313	0.181689363243664	0.138784609091573	"ADCY1"	1
"Not.Correlated"	"Vasopressin regulates renal water homeostasis via Aquaporins"	"Vasopressin regulates renal water homeostasis via Aquaporins"	"1/13"	"43/7644"	0.0707648992245313	0.181689363243664	0.138784609091573	"ADCY1"	1
"Not.Correlated"	"G-protein mediated events"	"G-protein mediated events"	"1/13"	"44/7644"	0.0723541712032288	0.181689363243664	0.138784609091573	"ADCY1"	1
"Not.Correlated"	"G alpha (z) signalling events"	"G alpha (z) signalling events"	"1/13"	"46/7644"	0.0755251906626698	0.184090598404164	0.14061880828264	"ADCY1"	1
"Not.Correlated"	"Formation of the ternary complex, and subsequently, the 43S complex"	"Formation of the ternary complex, and subsequently, the 43S complex"	"1/13"	"48/7644"	0.0786862016507432	0.184090598404164	0.14061880828264	"RPS4Y1"	1
"Not.Correlated"	"Neuronal System"	"Neuronal System"	"2/13"	"280/7644"	0.0799469873175032	0.184090598404164	0.14061880828264	"GRIN2D/ADCY1"	2
"Not.Correlated"	"Signaling by Wnt"	"Signaling by Wnt"	"2/13"	"286/7644"	0.08294123563685	0.184090598404164	0.14061880828264	"FZD8/WNT5B"	2
"Not.Correlated"	"Aquaporin-mediated transport"	"Aquaporin-mediated transport"	"1/13"	"51/7644"	0.0834090155874941	0.184090598404164	0.14061880828264	"ADCY1"	1
"Not.Correlated"	"Nuclear Receptor transcription pathway"	"Nuclear Receptor transcription pathway"	"1/13"	"51/7644"	0.0834090155874941	0.184090598404164	0.14061880828264	"HNF4G"	1
"Not.Correlated"	"Phospholipase C-mediated cascade"	"Phospholipase C-mediated cascade"	"1/13"	"54/7644"	0.0881094730483478	0.184090598404164	0.14061880828264	"ADCY1"	1
"Not.Correlated"	"GABA receptor activation"	"GABA receptor activation"	"1/13"	"55/7644"	0.0896713408810712	0.184090598404164	0.14061880828264	"ADCY1"	1
"Not.Correlated"	"Ribosomal scanning and start codon recognition"	"Ribosomal scanning and start codon recognition"	"1/13"	"55/7644"	0.0896713408810712	0.184090598404164	0.14061880828264	"RPS4Y1"	1
"Not.Correlated"	"Translation initiation complex formation"	"Translation initiation complex formation"	"1/13"	"55/7644"	0.0896713408810712	0.184090598404164	0.14061880828264	"RPS4Y1"	1
"Not.Correlated"	"Activation of the mRNA upon binding of the cap-binding complex and eIFs, and subsequent binding to 43S"	"Activation of the mRNA upon binding of the cap-binding complex and eIFs, and subsequent binding to 43S"	"1/13"	"56/7644"	0.091230739032152	0.184090598404164	0.14061880828264	"RPS4Y1"	1
"Not.Correlated"	"Asymmetric localization of PCP proteins"	"Asymmetric localization of PCP proteins"	"1/13"	"63/7644"	0.102077675145964	0.201875365687416	0.154203819155735	"FZD8"	1
"Not.Correlated"	"Collagen biosynthesis and modifying enzymes"	"Collagen biosynthesis and modifying enzymes"	"1/13"	"64/7644"	0.103617444335134	0.201875365687416	0.154203819155735	"PCOLCE2"	1
"Not.Correlated"	"Senescence-Associated Secretory Phenotype (SASP)"	"Senescence-Associated Secretory Phenotype (SASP)"	"1/13"	"76/7644"	0.121905548033127	0.23348011741938	0.178345315588161	"CDKN2A"	1
"Not.Correlated"	"Opioid Signalling"	"Opioid Signalling"	"1/13"	"80/7644"	0.127924628484708	0.240924716979534	0.184031921679756	"ADCY1"	1
"Not.Correlated"	"Eukaryotic Translation Termination"	"Eukaryotic Translation Termination"	"1/13"	"84/7644"	0.13390560356948	0.244053761344376	0.186422062694353	"RPS4Y1"	1
"Not.Correlated"	"Peptide chain elongation"	"Peptide chain elongation"	"1/13"	"84/7644"	0.13390560356948	0.244053761344376	0.186422062694353	"RPS4Y1"	1
"Not.Correlated"	"Collagen formation"	"Collagen formation"	"1/13"	"86/7644"	0.136881870785586	0.244303283366401	0.186612661723753	"PCOLCE2"	1
"Not.Correlated"	"Class B/2 (Secretin family receptors)"	"Class B/2 (Secretin family receptors)"	"1/13"	"87/7644"	0.138366461375661	0.244303283366401	0.186612661723753	"FZD8"	1
"Not.Correlated"	"Nonsense Mediated Decay (NMD) independent of the Exon Junction Complex (EJC)"	"Nonsense Mediated Decay (NMD) independent of the Exon Junction Complex (EJC)"	"1/13"	"89/7644"	0.141328573702285	0.245694289667049	0.187675190989269	"RPS4Y1"	1
"Not.Correlated"	"Oxidative Stress Induced Senescence"	"Oxidative Stress Induced Senescence"	"1/13"	"91/7644"	0.144281283747744	0.245824115313976	0.187774359159255	"CDKN2A"	1
"Not.Correlated"	"Viral mRNA Translation"	"Viral mRNA Translation"	"1/13"	"92/7644"	0.145754121469349	0.245824115313976	0.187774359159255	"RPS4Y1"	1
"Not.Correlated"	"Formation of a pool of free 40S subunits"	"Formation of a pool of free 40S subunits"	"1/13"	"94/7644"	0.148692779379307	0.247092412792083	0.188743156487665	"RPS4Y1"	1
"Not.Correlated"	"Hedgehog 'off' state"	"Hedgehog 'off' state"	"1/13"	"99/7644"	0.155998647327405	0.250302023563218	0.191194838678937	"ADCY1"	1
"Not.Correlated"	"3' -UTR-mediated translational regulation"	"3' -UTR-mediated translational regulation"	"1/13"	"104/7644"	0.163246601454542	0.250302023563218	0.191194838678937	"RPS4Y1"	1
"Not.Correlated"	"Integration of energy metabolism"	"Integration of energy metabolism"	"1/13"	"104/7644"	0.163246601454542	0.250302023563218	0.191194838678937	"ADCY1"	1
"Not.Correlated"	"L13a-mediated translational silencing of Ceruloplasmin expression"	"L13a-mediated translational silencing of Ceruloplasmin expression"	"1/13"	"104/7644"	0.163246601454542	0.250302023563218	0.191194838678937	"RPS4Y1"	1
"Not.Correlated"	"GTP hydrolysis and joining of the 60S ribosomal subunit"	"GTP hydrolysis and joining of the 60S ribosomal subunit"	"1/13"	"105/7644"	0.164689279727896	0.250302023563218	0.191194838678937	"RPS4Y1"	1
"Not.Correlated"	"Nonsense-Mediated Decay (NMD)"	"Nonsense-Mediated Decay (NMD)"	"1/13"	"106/7644"	0.166129661657003	0.250302023563218	0.191194838678937	"RPS4Y1"	1
"Not.Correlated"	"Nonsense Mediated Decay (NMD) enhanced by the Exon Junction Complex (EJC)"	"Nonsense Mediated Decay (NMD) enhanced by the Exon Junction Complex (EJC)"	"1/13"	"106/7644"	0.166129661657003	0.250302023563218	0.191194838678937	"RPS4Y1"	1
"Not.Correlated"	"SRP-dependent cotranslational protein targeting to membrane"	"SRP-dependent cotranslational protein targeting to membrane"	"1/13"	"109/7644"	0.170437062866547	0.253125675131119	0.193351703407096	"RPS4Y1"	1
"Not.Correlated"	"Cap-dependent Translation Initiation"	"Cap-dependent Translation Initiation"	"1/13"	"112/7644"	0.174723917347144	0.253125675131119	0.193351703407096	"RPS4Y1"	1
"Not.Correlated"	"Eukaryotic Translation Initiation"	"Eukaryotic Translation Initiation"	"1/13"	"112/7644"	0.174723917347144	0.253125675131119	0.193351703407096	"RPS4Y1"	1
"Not.Correlated"	"G alpha (s) signalling events"	"G alpha (s) signalling events"	"1/13"	"126/7644"	0.194460196093238	0.27763503154259	0.212073335691592	"ADCY1"	1
"Not.Correlated"	"Generic Transcription Pathway"	"Generic Transcription Pathway"	"2/13"	"483/7644"	0.196555774543427	0.27763503154259	0.212073335691592	"ZNF300/HNF4G"	2
"Not.Correlated"	"Influenza Viral RNA Transcription and Replication"	"Influenza Viral RNA Transcription and Replication"	"1/13"	"135/7644"	0.206916751570828	0.28357524478187	0.21661080644726	"RPS4Y1"	1
"Not.Correlated"	"Mitotic G1-G1/S phases"	"Mitotic G1-G1/S phases"	"1/13"	"135/7644"	0.206916751570828	0.28357524478187	0.21661080644726	"CDKN2A"	1
"Not.Correlated"	"Signaling by Hedgehog"	"Signaling by Hedgehog"	"1/13"	"136/7644"	0.208289781565444	0.28357524478187	0.21661080644726	"ADCY1"	1
"Not.Correlated"	"Influenza Life Cycle"	"Influenza Life Cycle"	"1/13"	"143/7644"	0.217839725101144	0.293046296862253	0.223845331557566	"RPS4Y1"	1
"Not.Correlated"	"Influenza Infection"	"Influenza Infection"	"1/13"	"148/7644"	0.224595886548283	0.296875488867879	0.226770284929353	"RPS4Y1"	1
"Not.Correlated"	"Downstream signaling of activated FGFR"	"Downstream signaling of activated FGFR"	"1/13"	"149/7644"	0.225940637545465	0.296875488867879	0.226770284929353	"ADCY1"	1
"Not.Correlated"	"Cellular Senescence"	"Cellular Senescence"	"1/13"	"159/7644"	0.239270250547444	0.305292845292744	0.233199937717792	"CDKN2A"	1
"Not.Correlated"	"Downstream signal transduction"	"Downstream signal transduction"	"1/13"	"161/7644"	0.24191061347045	0.305292845292744	0.233199937717792	"ADCY1"	1
"Not.Correlated"	"Signaling by FGFR"	"Signaling by FGFR"	"1/13"	"162/7644"	0.243227620289223	0.305292845292744	0.233199937717792	"ADCY1"	1
"Not.Correlated"	"Signaling by ERBB2"	"Signaling by ERBB2"	"1/13"	"163/7644"	0.244542514827614	0.305292845292744	0.233199937717792	"ADCY1"	1
"Not.Correlated"	"DAP12 signaling"	"DAP12 signaling"	"1/13"	"164/7644"	0.245855300191501	0.305292845292744	0.233199937717792	"ADCY1"	1
"Not.Correlated"	"Signaling by FGFR in disease"	"Signaling by FGFR in disease"	"1/13"	"177/7644"	0.262730980682067	0.306369852567195	0.234022616772333	"ADCY1"	1
"Not.Correlated"	"DAP12 interactions"	"DAP12 interactions"	"1/13"	"179/7644"	0.265296079044264	0.306369852567195	0.234022616772333	"ADCY1"	1
"Not.Correlated"	"Signaling by EGFR"	"Signaling by EGFR"	"1/13"	"179/7644"	0.265296079044264	0.306369852567195	0.234022616772333	"ADCY1"	1
"Not.Correlated"	"Signaling by Overexpressed Wild-Type EGFR in Cancer"	"Signaling by Overexpressed Wild-Type EGFR in Cancer"	"1/13"	"179/7644"	0.265296079044264	0.306369852567195	0.234022616772333	"ADCY1"	1
"Not.Correlated"	"Signaling by EGFR in Cancer"	"Signaling by EGFR in Cancer"	"1/13"	"181/7644"	0.267852937235377	0.306369852567195	0.234022616772333	"ADCY1"	1
"Not.Correlated"	"Signaling by EGFRvIII in Cancer"	"Signaling by EGFRvIII in Cancer"	"1/13"	"181/7644"	0.267852937235377	0.306369852567195	0.234022616772333	"ADCY1"	1
"Not.Correlated"	"Signaling by Ligand-Responsive EGFR Variants in Cancer"	"Signaling by Ligand-Responsive EGFR Variants in Cancer"	"1/13"	"181/7644"	0.267852937235377	0.306369852567195	0.234022616772333	"ADCY1"	1
"Not.Correlated"	"Signaling by PDGF"	"Signaling by PDGF"	"1/13"	"184/7644"	0.271672827277339	0.306369852567195	0.234022616772333	"ADCY1"	1
"Not.Correlated"	"misspliced LRP5 mutants have enhanced beta-catenin-dependent signaling"	"misspliced LRP5 mutants have enhanced beta-catenin-dependent signaling"	"1/13"	"190/7644"	0.279257476233815	0.306369852567195	0.234022616772333	"FZD8"	1
"Not.Correlated"	"RNF mutants show enhanced WNT signaling and proliferation"	"RNF mutants show enhanced WNT signaling and proliferation"	"1/13"	"190/7644"	0.279257476233815	0.306369852567195	0.234022616772333	"FZD8"	1
"Not.Correlated"	"TCF dependent signaling in response to WNT"	"TCF dependent signaling in response to WNT"	"1/13"	"190/7644"	0.279257476233815	0.306369852567195	0.234022616772333	"FZD8"	1
"Not.Correlated"	"XAV939 inhibits tankyrase, stabilizing AXIN"	"XAV939 inhibits tankyrase, stabilizing AXIN"	"1/13"	"190/7644"	0.279257476233815	0.306369852567195	0.234022616772333	"FZD8"	1
"Not.Correlated"	"NGF signalling via TRKA from the plasma membrane"	"NGF signalling via TRKA from the plasma membrane"	"1/13"	"206/7644"	0.299128222563276	0.321491596307333	0.245573459685154	"ADCY1"	1
"Not.Correlated"	"Chromatin modifying enzymes"	"Chromatin modifying enzymes"	"1/13"	"208/7644"	0.301576187686524	0.321491596307333	0.245573459685154	"KDM5D"	1
"Not.Correlated"	"Chromatin organization"	"Chromatin organization"	"1/13"	"208/7644"	0.301576187686524	0.321491596307333	0.245573459685154	"KDM5D"	1
"Not.Correlated"	"G alpha (i) signalling events"	"G alpha (i) signalling events"	"1/13"	"236/7644"	0.335029309652797	0.353815999913701	0.270264666911258	"ADCY1"	1
"Not.Correlated"	"Cellular responses to stress"	"Cellular responses to stress"	"1/13"	"249/7644"	0.350052741308918	0.366258886739887	0.279769247439876	"CDKN2A"	1
"Not.Correlated"	"Extracellular matrix organization"	"Extracellular matrix organization"	"1/13"	"266/7644"	0.369226132019471	0.382775714845874	0.292385734675004	"PCOLCE2"	1
"Not.Correlated"	"Signalling by NGF"	"Signalling by NGF"	"1/13"	"287/7644"	0.392189862435197	0.40288594959252	0.307747069087906	"ADCY1"	1
"Not.Correlated"	"Defective ACTH causes Obesity and Pro-opiomelanocortinin deficiency (POMCD)"	"Defective ACTH causes Obesity and Pro-opiomelanocortinin deficiency (POMCD)"	"1/13"	"441/7644"	0.538433854736167	0.54175768004312	0.41382514917127	"FZD8"	1
"Not.Correlated"	"GPCR ligand binding"	"GPCR ligand binding"	"1/13"	"441/7644"	0.538433854736167	0.54175768004312	0.41382514917127	"FZD8"	1
"Not.Correlated"	"Cell Cycle, Mitotic"	"Cell Cycle, Mitotic"	"1/13"	"445/7644"	0.54175768004312	0.54175768004312	0.41382514917127	"CDKN2A"	1
