"Module"	"Gene1"	"Gene2"
"M1"	"BioGrid"	"SMAD9"
"M1"	"BioGrid"	"FN1"
"M1"	"BioGrid"	"SLC2A4"
"M1"	"BioGrid"	"MAPK15"
"M1"	"BioGrid"	"LRRK2"
"M1"	"BioGrid"	"ESRRG"
"M1"	"BioGrid"	"PSAT1"
"M1"	"BioGrid"	"BHLHE40"
"M1"	"BioGrid"	"ROR2"
"M1"	"BioGrid"	"FAM107A"
"M1"	"BioGrid"	"PBX3"
"M1"	"BioGrid"	"OLFM2"
"M1"	"BioGrid"	"TMEM100"
"M1"	"BioGrid"	"SORBS2"
"M1"	"BioGrid"	"CA4"
"M1"	"BioGrid"	"GULP1"
"M1"	"BioGrid"	"ESR1"
"M1"	"BioGrid"	"HIST1H1C"
"M1"	"BioGrid"	"MEOX2"
"M1"	"BioGrid"	"CRYAB"
"M1"	"BioGrid"	"SFN"
"M1"	"BioGrid"	"MDFI"
"M1"	"BioGrid"	"LRRC7"
"M1"	"BioGrid"	"DAPK2"
"M1"	"BioGrid"	"NOD1"
"M1"	"BioGrid"	"ITGB4"
"M1"	"BioGrid"	"KRT19"
"M1"	"BioGrid"	"TRIM54"
"M1"	"BioGrid"	"PPARG"
"M1"	"BioGrid"	"ALDH3B1"
"M1"	"BioGrid"	"PPP2R2B"
"M1"	"BioGrid"	"AR"
"M1"	"BioGrid"	"ICAM1"
"M1"	"BioGrid"	"GABBR2"
"M1"	"BioGrid"	"EPPK1"
"M1"	"BioGrid"	"NUPR1"
"M1"	"BioGrid"	"CLU"
"M1"	"BioGrid"	"NCAM1"
"M1"	"BioGrid"	"RBP1"
"M1"	"BioGrid"	"GADD45G"
"M1"	"BioGrid"	"LTF"
"M1"	"BioGrid"	"SULT2B1"
"M1"	"BioGrid"	"KDR"
"M1"	"BioGrid"	"ANXA3"
"M1"	"BioGrid"	"LGALS3"
"M1"	"BioGrid"	"RAB27B"
"M1"	"BioGrid"	"CAV1"
"M1"	"BioGrid"	"MLPH"
"M1"	"BioGrid"	"CD36"
"M1"	"BioGrid"	"NOX4"
"M1"	"BioGrid"	"ANXA1"
"M1"	"BioGrid"	"APLP1"
"M1"	"BioGrid"	"ZBTB16"
"M1"	"BioGrid"	"BMP4"
"M1"	"BioGrid"	"RUNX2"
"M1"	"BioGrid"	"FHL1"
"M1"	"BioGrid"	"PHYHIP"
"M1"	"BioGrid"	"DMD"
"M1"	"BioGrid"	"CDKN2A"
"M1"	"BioGrid"	"HLF"
"M1"	"BioGrid"	"CIART"
"M1"	"BioGrid"	"MATN2"
"M1"	"BioGrid"	"ITGA2"
"M1"	"BioGrid"	"VIPR1"
"M1"	"BioGrid"	"GATA3"
"M1"	"BioGrid"	"KIT"
"M1"	"BioGrid"	"ERBB3"
"M1"	"BioGrid"	"IRS1"
"M1"	"BioGrid"	"S100A10"
"M1"	"BioGrid"	"ERBB4"
"M1"	"BioGrid"	"NGFR"
"M1"	"BioGrid"	"TNFRSF12A"
"M1"	"BioGrid"	"PROX1"
"M1"	"BioGrid"	"PPARGC1A"
"M1"	"BioGrid"	"AHNAK2"
"M1"	"BioGrid"	"RYR1"
"M1"	"BioGrid"	"FHL2"
"M1"	"BioGrid"	"SYT1"
"M1"	"BioGrid"	"TSC22D1"
"M1"	"BioGrid"	"AMIGO2"
"M1"	"BioGrid"	"TGFA"
"M1"	"BioGrid"	"SDC4"
"M1"	"BioGrid"	"GRIK2"
"M1"	"BioGrid"	"GRB7"
"M1"	"BioGrid"	"ELF3"
"M1"	"BioGrid"	"DPP4"
"M1"	"BioGrid"	"TNS4"
"M1"	"BioGrid"	"DLG2"
"M1"	"BioGrid"	"SHANK2"
"M1"	"BioGrid"	"IGF2BP2"
"M1"	"BioGrid"	"PGR"
"M1"	"BioGrid"	"MET"
"M1"	"BioGrid"	"HSPB8"
"M1"	"BioGrid"	"RAP1GAP"
"M1"	"BioGrid"	"GLRB"
"M1"	"BioGrid"	"TRIM58"
"M1"	"BioGrid"	"RND3"
"M1"	"BioGrid"	"NEGR1"
"M1"	"BioGrid"	"TNC"
"M1"	"BioGrid"	"SNAI1"
"M1"	"BioGrid"	"KRT15"
"M1"	"BioGrid"	"CXXC4"
"M1"	"BioGrid"	"DACT1"
"M1"	"BioGrid"	"DNALI1"
"M1"	"BioGrid"	"CEBPA"
"M1"	"BioGrid"	"SNAP25"
"M1"	"BioGrid"	"ALK"
"M1"	"BioGrid"	"FBXO2"
"M1"	"BioGrid"	"TSPAN33"
"M1"	"BioGrid"	"TRIB3"
"M1"	"BioGrid"	"GRHL3"
"M1"	"BioGrid"	"TRPC5"
"M1"	"BioGrid"	"MAFF"
"M1"	"BioGrid"	"NRP2"
"M1"	"BioGrid"	"TNFRSF11B"
"M1"	"BioGrid"	"SLC27A6"
"M1"	"BioGrid"	"PKP2"
"M1"	"BioGrid"	"APOE"
"M1"	"BioGrid"	"LGALS1"
"M1"	"BioGrid"	"TRIM29"
"M1"	"BioGrid"	"LRP2"
"M1"	"BioGrid"	"LIN7A"
"M1"	"BioGrid"	"PTGS2"
"M1"	"BioGrid"	"ID1"
"M1"	"BioGrid"	"TIAM1"
"M1"	"BioGrid"	"NRXN2"
"M1"	"BioGrid"	"EPHA4"
"M1"	"BioGrid"	"ANGPTL4"
"M1"	"BioGrid"	"PRKG1"
"M1"	"BioGrid"	"PIP5KL1"
"M1"	"BioGrid"	"FRK"
"M1"	"BioGrid"	"RND1"
"M1"	"BioGrid"	"ARNTL"
"M1"	"BioGrid"	"ANK2"
"M1"	"BioGrid"	"PELI1"
"M1"	"BioGrid"	"CXCL8"
"M1"	"BioGrid"	"PYGM"
"M1"	"BioGrid"	"PNP"
"M1"	"BioGrid"	"QPRT"
"M1"	"BioGrid"	"CETP"
"M1"	"BioGrid"	"CDKN2B"
"M1"	"BioGrid"	"GABRD"
"M1"	"BioGrid"	"SLPI"
"M1"	"BioGrid"	"P2RY6"
"M1"	"BioGrid"	"FOSL1"
"M1"	"BioGrid"	"HMGA2"
"M1"	"BioGrid"	"PAPPA"
"M1"	"BioGrid"	"COL7A1"
"M1"	"BioGrid"	"TFAP2C"
"M1"	"BioGrid"	"KCNQ3"
"M1"	"BioGrid"	"MLXIPL"
"M1"	"BioGrid"	"OVOL1"
"M1"	"BioGrid"	"HR"
"M1"	"BioGrid"	"NR1D1"
"M1"	"BioGrid"	"DUSP4"
"M1"	"BioGrid"	"ENTPD2"
"M1"	"BioGrid"	"FOXP2"
"M1"	"BioGrid"	"NFE2L3"
"M1"	"BioGrid"	"PRSS23"
"M1"	"BioGrid"	"CLDN1"
"M1"	"BioGrid"	"CA12"
"M1"	"BioGrid"	"PASK"
"M1"	"BioGrid"	"PRUNE2"
"M1"	"BioGrid"	"PEG10"
"M1"	"BioGrid"	"EDARADD"
"M1"	"BioGrid"	"ITPR1"
"M1"	"BioGrid"	"RUNX1"
"M1"	"BioGrid"	"BRINP1"
"M1"	"BioGrid"	"KLF15"
"M1"	"BioGrid"	"RND2"
"M1"	"BioGrid"	"SCG5"
"M1"	"BioGrid"	"CREB5"
"M1"	"BioGrid"	"NT5E"
"M1"	"BioGrid"	"COL17A1"
"M1"	"BioGrid"	"IPCEF1"
"M1"	"BioGrid"	"REC8"
"M1"	"BioGrid"	"COL8A2"
"M1"	"BioGrid"	"PPP1R3C"
"M1"	"BioGrid"	"NGEF"
"M1"	"BioGrid"	"HSF4"
"M1"	"BioGrid"	"PPL"
"M1"	"BioGrid"	"AQP5"
"M1"	"BioGrid"	"ADTRP"
"M1"	"BioGrid"	"SLC30A2"
"M1"	"BioGrid"	"TREM1"
"M1"	"BioGrid"	"ENO3"
"M1"	"BioGrid"	"CDO1"
"M1"	"BioGrid"	"KIF5C"
"M1"	"BioGrid"	"KIF5A"
"M1"	"BioGrid"	"KLC3"
"M1"	"BioGrid"	"CPEB1"
"M1"	"BioGrid"	"KRT17"
"M1"	"BioGrid"	"ROR1"
"M1"	"BioGrid"	"SFRP1"
"M1"	"BioGrid"	"ALDH1A1"
"M1"	"BioGrid"	"PGF"
"M1"	"BioGrid"	"SRCIN1"
"M1"	"BioGrid"	"KLHL3"
"M1"	"BioGrid"	"SNCG"
"M1"	"BioGrid"	"MDK"
"M1"	"BioGrid"	"WNT4"
"M1"	"BioGrid"	"OSMR"
"M1"	"BioGrid"	"BACH2"
"M1"	"BioGrid"	"CDH3"
"M1"	"BioGrid"	"RASGRF1"
"M1"	"BioGrid"	"ANXA2"
"M1"	"BioGrid"	"MELTF"
"M1"	"BioGrid"	"GPD1"
"M1"	"BioGrid"	"CD22"
"M1"	"BioGrid"	"RAMP1"
"M1"	"BioGrid"	"DLX3"
"M1"	"BioGrid"	"SYNDIG1"
"M1"	"BioGrid"	"CXCL2"
"M1"	"BioGrid"	"STC2"
"M1"	"BioGrid"	"SERPINA1"
"M1"	"BioGrid"	"TCF7"
"M1"	"BioGrid"	"CD55"
"M1"	"BioGrid"	"UHRF1"
"M1"	"BioGrid"	"PTPRD"
"M1"	"BioGrid"	"TGM1"
"M1"	"BioGrid"	"SLC1A5"
"M1"	"BioGrid"	"IL1RAP"
"M1"	"BioGrid"	"CLIP3"
"M1"	"BioGrid"	"LDLR"
"M1"	"BioGrid"	"VLDLR"
"M1"	"BioGrid"	"TNFRSF21"
"M1"	"BioGrid"	"FCN3"
"M1"	"BioGrid"	"PLAUR"
"M1"	"BioGrid"	"BEX1"
"M1"	"BioGrid"	"SLC1A1"
"M1"	"BioGrid"	"CLDN2"
"M1"	"BioGrid"	"FABP4"
"M1"	"BioGrid"	"CTSC"
"M1"	"BioGrid"	"TIMP1"
"M1"	"BioGrid"	"BNIPL"
"M1"	"BioGrid"	"TPPP"
"M1"	"BioGrid"	"SLIT2"
"M1"	"BioGrid"	"SYNE1"
"M1"	"BioGrid"	"APBA2"
"M1"	"BioGrid"	"NOVA1"
"M1"	"BioGrid"	"EDA"
"M1"	"BioGrid"	"AGR2"
"M1"	"BioGrid"	"PAPSS2"
"M1"	"BioGrid"	"TNFSF15"
"M1"	"BioGrid"	"KLK7"
"M1"	"BioGrid"	"HGD"
"M1"	"BioGrid"	"S100A6"
"M1"	"BioGrid"	"CXCL14"
"M1"	"BioGrid"	"IL1RL1"
"M1"	"BioGrid"	"CAVIN2"
"M1"	"BioGrid"	"SSX1"
"M1"	"BioGrid"	"LOX"
"M1"	"BioGrid"	"ADAM22"
"M1"	"BioGrid"	"GNA14"
"M1"	"BioGrid"	"ASGR1"
"M1"	"BioGrid"	"GPAM"
"M1"	"BioGrid"	"VWF"
"M1"	"BioGrid"	"CDON"
"M1"	"BioGrid"	"SLC9A2"
"M1"	"BioGrid"	"RGS16"
"M1"	"BioGrid"	"MUC1"
"M1"	"BioGrid"	"S100A4"
"M1"	"BioGrid"	"DOK6"
"M1"	"BioGrid"	"SHC3"
"M1"	"BioGrid"	"VAV3"
"M1"	"BioGrid"	"F5"
"M1"	"BioGrid"	"IGFBP5"
"M1"	"BioGrid"	"PLAU"
"M1"	"BioGrid"	"CLEC3B"
"M1"	"BioGrid"	"MMP7"
"M1"	"BioGrid"	"LAMA1"
"M1"	"BioGrid"	"ADORA1"
"M1"	"BioGrid"	"MT2A"
"M1"	"BioGrid"	"CFI"
"M1"	"BioGrid"	"CFH"
"M1"	"BioGrid"	"C4A"
"M1"	"BioGrid"	"TGFB2"
"M1"	"BioGrid"	"NPR3"
"M1"	"BioGrid"	"GSTM3"
"M1"	"BioGrid"	"TG"
"M1"	"BioGrid"	"CPE"
"M1"	"BioGrid"	"HLA-G"
"M1"	"BioGrid"	"FCER1A"
"M1"	"BioGrid"	"MAG"
"M1"	"BioGrid"	"CDH16"
"M1"	"BioGrid"	"DST"
"M1"	"BioGrid"	"PKP1"
"M1"	"BioGrid"	"STAC"
"M1"	"BioGrid"	"SPTBN2"
"M1"	"BioGrid"	"TNFRSF10C"
"M1"	"BioGrid"	"APOC1"
"M1"	"BioGrid"	"CA2"
"M1"	"BioGrid"	"AGER"
"M1"	"BioGrid"	"ITGB6"
"M1"	"BioGrid"	"PMAIP1"
"M1"	"BioGrid"	"MYO1G"
"M1"	"BioGrid"	"PROS1"
"M1"	"BioGrid"	"PEBP4"
"M1"	"BioGrid"	"IER3"
"M1"	"BioGrid"	"SEZ6L2"
"M1"	"BioGrid"	"S100B"
"M1"	"BioGrid"	"S100A1"
"M1"	"BioGrid"	"S100A2"
"M1"	"BioGrid"	"MT1F"
"M1"	"BioGrid"	"KCNE3"
"M1"	"BioGrid"	"TCEAL2"
"M1"	"BioGrid"	"NQO1"
"M1"	"BioGrid"	"CITED1"
"M1"	"BioGrid"	"RASSF6"
"M1"	"BioGrid"	"NHS"
"M1"	"BioGrid"	"EYA2"
"M1"	"BioGrid"	"RGS5"
"M1"	"BioGrid"	"RGS4"
"M1"	"BioGrid"	"PTPRU"
"M1"	"BioGrid"	"IGSF1"
"M1"	"BioGrid"	"RXRG"
"M1"	"BioGrid"	"LAD1"
"M1"	"BioGrid"	"FCHO1"
"M1"	"BioGrid"	"SCEL"
"M1"	"BioGrid"	"LPL"
"M1"	"BioGrid"	"ALOX5"
"M1"	"BioGrid"	"BDNF"
"M1"	"BioGrid"	"CEACAM6"
"M1"	"BioGrid"	"ETV4"
"M1"	"BioGrid"	"FGF12"
"M1"	"BioGrid"	"COL14A1"
"M1"	"BioGrid"	"GALE"
"M1"	"BioGrid"	"KCNAB1"
"M1"	"BioGrid"	"NTRK3"
"M1"	"BioGrid"	"PHYHD1"
"M1"	"BioGrid"	"ZCCHC12"
"M1"	"BioGrid"	"LURAP1L"
"M1"	"BioGrid"	"PRR15"
"M1"	"BioGrid"	"SULF1"
"M1"	"BioGrid"	"ARHGAP24"
"M1"	"BioGrid"	"NECAB1"
"M1"	"BioGrid"	"ZSCAN1"
"M1"	"BioGrid"	"DEPTOR"
"M1"	"BioGrid"	"CDKL2"
"M1"	"BioGrid"	"COX4I2"
"M1"	"BioGrid"	"EBF4"
"M1"	"BioGrid"	"SPX"
"M1"	"BioGrid"	"CELF4"
"M1"	"BioGrid"	"NMNAT2"
"M1"	"BioGrid"	"RIMS4"
"M1"	"BioGrid"	"C1orf115"
"M1"	"BioGrid"	"HSPB7"
"M1"	"BioGrid"	"ARMCX3"
"M1"	"BioGrid"	"ST3GAL6"
"M1"	"BioGrid"	"CLDN16"
"M1"	"BioGrid"	"HRASLS"
"M1"	"BioGrid"	"INHBB"
"M1"	"BioGrid"	"EDNRB"
"M1"	"BioGrid"	"PTPRE"
"M1"	"BioGrid"	"EPHB3"
"M1"	"BioGrid"	"HCN4"
"M1"	"BioGrid"	"MST1R"
"M1"	"BioGrid"	"MKX"
"M1"	"BioGrid"	"DTX4"
"M1"	"BioGrid"	"LCN2"
"M1"	"BioGrid"	"ELMO1"
"M1"	"BioGrid"	"UPP1"
"M1"	"BioGrid"	"EPHB1"
"M1"	"BioGrid"	"FAM13C"
"M1"	"BioGrid"	"DGAT2"
"M1"	"BioGrid"	"GPER1"
"M1"	"BioGrid"	"STXBP5L"
"M1"	"BioGrid"	"KLF2"
"M1"	"BioGrid"	"HRK"
"M1"	"BioGrid"	"BASP1"
"M1"	"BioGrid"	"TM4SF1"
"M1"	"BioGrid"	"CDC42EP3"
"M1"	"BioGrid"	"MEX3A"
"M1"	"BioGrid"	"AJAP1"
"M1"	"BioGrid"	"EHF"
"M1"	"BioGrid"	"LIFR"
"M1"	"BioGrid"	"TNNI1"
"M1"	"BioGrid"	"RYR2"
"M1"	"BioGrid"	"DSC2"
"M1"	"BioGrid"	"DPYSL3"
"M1"	"BioGrid"	"CKMT2"
"M1"	"BioGrid"	"MFAP2"
"M1"	"BioGrid"	"ST6GAL1"
"M1"	"BioGrid"	"KCNIP3"
"M1"	"BioGrid"	"RASD2"
"M1"	"BioGrid"	"GABRB3"
"M1"	"BioGrid"	"GPM6A"
"M1"	"BioGrid"	"NEB"
"M1"	"BioGrid"	"CTTNBP2"
"M1"	"BioGrid"	"KCNK3"
"M1"	"BioGrid"	"TBX2"
"M1"	"BioGrid"	"CORO2B"
"M1"	"BioGrid"	"CDH4"
"M1"	"BioGrid"	"TESC"
"M1"	"BioGrid"	"TMPRSS3"
"M1"	"BioGrid"	"UNC5CL"
"M1"	"BioGrid"	"SYTL5"
"M1"	"BioGrid"	"EVA1A"
"M1"	"BioGrid"	"GPX3"
"M1"	"BioGrid"	"MARCO"
"M1"	"BioGrid"	"MAOB"
"M1"	"BioGrid"	"PLEKHA4"
"M1"	"BioGrid"	"CRLF1"
"M1"	"BioGrid"	"DUSP5"
"M1"	"BioGrid"	"DUSP6"
"M1"	"BioGrid"	"CRABP2"
"M1"	"BioGrid"	"CRABP1"
"M1"	"BioGrid"	"FBXL16"
"M1"	"BioGrid"	"PDE4C"
"M1"	"BioGrid"	"SEPT3"
"M1"	"BioGrid"	"WNT5A"
"M1"	"BioGrid"	"PREX2"
"M1"	"BioGrid"	"DGKI"
"M1"	"BioGrid"	"IL22RA1"
"M1"	"BioGrid"	"OGDHL"
"M1"	"BioGrid"	"SCNN1A"
"M1"	"BioGrid"	"RRAGD"
"M1"	"BioGrid"	"SGIP1"
"M1"	"BioGrid"	"AKR1C3"
"M1"	"BioGrid"	"PLPP2"
"M1"	"BioGrid"	"NBL1"
"M1"	"BioGrid"	"MPPED2"
"M1"	"BioGrid"	"SMOC1"
"M1"	"BioGrid"	"FAM124A"
"M1"	"BioGrid"	"PCDH9"
"M1"	"BioGrid"	"KCNN4"
"M1"	"BioGrid"	"KLK10"
"M1"	"BioGrid"	"PLAG1"
"M1"	"BioGrid"	"DIO2"
"M1"	"BioGrid"	"NECTIN4"
"M1"	"BioGrid"	"CDH6"
"M1"	"BioGrid"	"DAAM2"
"M1"	"BioGrid"	"DMRT3"
"M1"	"BioGrid"	"MYCL"
"M1"	"BioGrid"	"PPP1R1B"
"M1"	"BioGrid"	"FNDC4"
"M1"	"BioGrid"	"ABTB2"
"M1"	"BioGrid"	"G0S2"
"M1"	"BioGrid"	"MT1M"
"M1"	"BioGrid"	"MCUB"
"M1"	"BioGrid"	"HPCAL4"
"M1"	"BioGrid"	"RCAN2"
"M1"	"BioGrid"	"INPP5J"
"M1"	"BioGrid"	"ACSM5"
"M1"	"BioGrid"	"PDLIM4"
"M1"	"BioGrid"	"TMC8"
"M1"	"BioGrid"	"HSD11B2"
"M1"	"BioGrid"	"FAM171B"
"M1"	"BioGrid"	"NMU"
"M1"	"BioGrid"	"CRACR2A"
"M1"	"BioGrid"	"LRP4"
"M1"	"BioGrid"	"GDF15"
"M1"	"BioGrid"	"B3GAT1"
"M1"	"BioGrid"	"FAM83A"
"M1"	"BioGrid"	"INMT"
"M1"	"BioGrid"	"FAXC"
"M1"	"BioGrid"	"PLAC9"
"M1"	"BioGrid"	"CYP2S1"
"M1"	"BioGrid"	"PLEKHN1"
"M1"	"BioGrid"	"RANBP17"
"M1"	"BioGrid"	"ENTPD3"
"M1"	"BioGrid"	"TMPRSS4"
"M1"	"BioGrid"	"MYL4"
"M1"	"BioGrid"	"CRTAC1"
"M1"	"BioGrid"	"ARSJ"
"M1"	"BioGrid"	"UBE2QL1"
"M1"	"BioGrid"	"SSPO"
"M1"	"BioGrid"	"ABCC4"
"M1"	"BioGrid"	"SORCS1"
"M1"	"BioGrid"	"SPOCK2"
"M1"	"BioGrid"	"TENM1"
"M1"	"BioGrid"	"RSPO4"
"M1"	"BioGrid"	"DEPDC1B"
"M1"	"BioGrid"	"SULT1A2"
"M1"	"BioGrid"	"LRRN2"
"M1"	"BioGrid"	"ATP11A"
"M1"	"BioGrid"	"MIOX"
"M1"	"BioGrid"	"HPSE"
"M1"	"BioGrid"	"CYSLTR2"
"M1"	"IntAct"	"SMAD9"
"M1"	"IntAct"	"FN1"
"M1"	"IntAct"	"SLC2A4"
"M1"	"IntAct"	"MAPK15"
"M1"	"IntAct"	"TFCP2L1"
"M1"	"IntAct"	"LRRK2"
"M1"	"IntAct"	"ESRRG"
"M1"	"IntAct"	"PSAT1"
"M1"	"IntAct"	"BHLHE40"
"M1"	"IntAct"	"ROR2"
"M1"	"IntAct"	"FAM107A"
"M1"	"IntAct"	"PBX3"
"M1"	"IntAct"	"OLFM2"
"M1"	"IntAct"	"FRMD5"
"M1"	"IntAct"	"TMEM100"
"M1"	"IntAct"	"SORBS2"
"M1"	"IntAct"	"GULP1"
"M1"	"IntAct"	"ESR1"
"M1"	"IntAct"	"HIST1H1C"
"M1"	"IntAct"	"MEOX2"
"M1"	"IntAct"	"RASSF9"
"M1"	"IntAct"	"CRYAB"
"M1"	"IntAct"	"SFN"
"M1"	"IntAct"	"MDFI"
"M1"	"IntAct"	"LRRC7"
"M1"	"IntAct"	"DAPK2"
"M1"	"IntAct"	"NOD1"
"M1"	"IntAct"	"ITGB4"
"M1"	"IntAct"	"KRT19"
"M1"	"IntAct"	"TRIM54"
"M1"	"IntAct"	"PPARG"
"M1"	"IntAct"	"ALDH3B1"
"M1"	"IntAct"	"PPP2R2B"
"M1"	"IntAct"	"AR"
"M1"	"IntAct"	"ICAM1"
"M1"	"IntAct"	"GABBR2"
"M1"	"IntAct"	"EPPK1"
"M1"	"IntAct"	"NUPR1"
"M1"	"IntAct"	"CLU"
"M1"	"IntAct"	"GADD45G"
"M1"	"IntAct"	"LTF"
"M1"	"IntAct"	"SULT2B1"
"M1"	"IntAct"	"KDR"
"M1"	"IntAct"	"ANXA3"
"M1"	"IntAct"	"IQGAP2"
"M1"	"IntAct"	"LGALS3"
"M1"	"IntAct"	"FBN3"
"M1"	"IntAct"	"RAB27B"
"M1"	"IntAct"	"CAV1"
"M1"	"IntAct"	"MLPH"
"M1"	"IntAct"	"CD36"
"M1"	"IntAct"	"ANXA1"
"M1"	"IntAct"	"APLP1"
"M1"	"IntAct"	"ZBTB16"
"M1"	"IntAct"	"BMP4"
"M1"	"IntAct"	"RUNX2"
"M1"	"IntAct"	"FHL1"
"M1"	"IntAct"	"PHYHIP"
"M1"	"IntAct"	"CYP4B1"
"M1"	"IntAct"	"DMD"
"M1"	"IntAct"	"CDKN2A"
"M1"	"IntAct"	"MATN2"
"M1"	"IntAct"	"ITGA2"
"M1"	"IntAct"	"VIPR1"
"M1"	"IntAct"	"GATA3"
"M1"	"IntAct"	"BAIAP3"
"M1"	"IntAct"	"KIT"
"M1"	"IntAct"	"ERBB3"
"M1"	"IntAct"	"IRS1"
"M1"	"IntAct"	"S100A10"
"M1"	"IntAct"	"ERBB4"
"M1"	"IntAct"	"NGFR"
"M1"	"IntAct"	"TNFRSF19"
"M1"	"IntAct"	"PROX1"
"M1"	"IntAct"	"PPARGC1A"
"M1"	"IntAct"	"RYR1"
"M1"	"IntAct"	"FHL2"
"M1"	"IntAct"	"SYT1"
"M1"	"IntAct"	"TSC22D1"
"M1"	"IntAct"	"NELL2"
"M1"	"IntAct"	"TGFA"
"M1"	"IntAct"	"SDC4"
"M1"	"IntAct"	"GRIK2"
"M1"	"IntAct"	"GRB7"
"M1"	"IntAct"	"ELF3"
"M1"	"IntAct"	"DPP4"
"M1"	"IntAct"	"TNS4"
"M1"	"IntAct"	"DLG2"
"M1"	"IntAct"	"SHANK2"
"M1"	"IntAct"	"TACSTD2"
"M1"	"IntAct"	"PGR"
"M1"	"IntAct"	"MET"
"M1"	"IntAct"	"HSPB8"
"M1"	"IntAct"	"RAP1GAP"
"M1"	"IntAct"	"RND3"
"M1"	"IntAct"	"NEGR1"
"M1"	"IntAct"	"SNAI1"
"M1"	"IntAct"	"TUSC3"
"M1"	"IntAct"	"KRT15"
"M1"	"IntAct"	"DACT1"
"M1"	"IntAct"	"PRICKLE1"
"M1"	"IntAct"	"DNALI1"
"M1"	"IntAct"	"CEBPA"
"M1"	"IntAct"	"SNAP25"
"M1"	"IntAct"	"ALK"
"M1"	"IntAct"	"TRIB3"
"M1"	"IntAct"	"GRHL3"
"M1"	"IntAct"	"TRPC5"
"M1"	"IntAct"	"PKP2"
"M1"	"IntAct"	"APOE"
"M1"	"IntAct"	"LGALS1"
"M1"	"IntAct"	"TRIM29"
"M1"	"IntAct"	"LRP2"
"M1"	"IntAct"	"LIN7A"
"M1"	"IntAct"	"ID1"
"M1"	"IntAct"	"KCNJ2"
"M1"	"IntAct"	"TIAM1"
"M1"	"IntAct"	"NRXN2"
"M1"	"IntAct"	"EPHA4"
"M1"	"IntAct"	"ANGPTL4"
"M1"	"IntAct"	"XK"
"M1"	"IntAct"	"PRKG1"
"M1"	"IntAct"	"FRK"
"M1"	"IntAct"	"RND1"
"M1"	"IntAct"	"ARNTL"
"M1"	"IntAct"	"ANK2"
"M1"	"IntAct"	"PELI1"
"M1"	"IntAct"	"CXCL8"
"M1"	"IntAct"	"PYGM"
"M1"	"IntAct"	"PNP"
"M1"	"IntAct"	"CETP"
"M1"	"IntAct"	"CDKN2B"
"M1"	"IntAct"	"DOK7"
"M1"	"IntAct"	"GABRD"
"M1"	"IntAct"	"SLPI"
"M1"	"IntAct"	"P2RY6"
"M1"	"IntAct"	"FOSL1"
"M1"	"IntAct"	"MTMR11"
"M1"	"IntAct"	"HMGA2"
"M1"	"IntAct"	"PAPPA"
"M1"	"IntAct"	"COL7A1"
"M1"	"IntAct"	"TFAP2C"
"M1"	"IntAct"	"DIRAS3"
"M1"	"IntAct"	"MRC2"
"M1"	"IntAct"	"OVOL1"
"M1"	"IntAct"	"DUSP4"
"M1"	"IntAct"	"FOXP2"
"M1"	"IntAct"	"PRSS23"
"M1"	"IntAct"	"CLDN1"
"M1"	"IntAct"	"CA12"
"M1"	"IntAct"	"PASK"
"M1"	"IntAct"	"PRUNE2"
"M1"	"IntAct"	"PEG10"
"M1"	"IntAct"	"EDARADD"
"M1"	"IntAct"	"ITPR1"
"M1"	"IntAct"	"RUNX1"
"M1"	"IntAct"	"BRINP1"
"M1"	"IntAct"	"KLF15"
"M1"	"IntAct"	"GREB1"
"M1"	"IntAct"	"SCG5"
"M1"	"IntAct"	"CREB5"
"M1"	"IntAct"	"RHOV"
"M1"	"IntAct"	"SCARA3"
"M1"	"IntAct"	"REC8"
"M1"	"IntAct"	"PPP1R3C"
"M1"	"IntAct"	"PYCR1"
"M1"	"IntAct"	"NGEF"
"M1"	"IntAct"	"HSF4"
"M1"	"IntAct"	"PPL"
"M1"	"IntAct"	"SLC2A3"
"M1"	"IntAct"	"TSPAN7"
"M1"	"IntAct"	"AQP5"
"M1"	"IntAct"	"ADTRP"
"M1"	"IntAct"	"SLC30A2"
"M1"	"IntAct"	"ENO3"
"M1"	"IntAct"	"DOK5"
"M1"	"IntAct"	"KIF5C"
"M1"	"IntAct"	"KIF5A"
"M1"	"IntAct"	"KLC3"
"M1"	"IntAct"	"CPEB1"
"M1"	"IntAct"	"KRT17"
"M1"	"IntAct"	"ROR1"
"M1"	"IntAct"	"SFRP1"
"M1"	"IntAct"	"ALDH1A1"
"M1"	"IntAct"	"PGF"
"M1"	"IntAct"	"SRCIN1"
"M1"	"IntAct"	"KLHL3"
"M1"	"IntAct"	"SNCG"
"M1"	"IntAct"	"TMOD1"
"M1"	"IntAct"	"MDK"
"M1"	"IntAct"	"WNT4"
"M1"	"IntAct"	"OSMR"
"M1"	"IntAct"	"RASGRF1"
"M1"	"IntAct"	"ANXA2"
"M1"	"IntAct"	"MXRA5"
"M1"	"IntAct"	"MELTF"
"M1"	"IntAct"	"CD22"
"M1"	"IntAct"	"RAMP1"
"M1"	"IntAct"	"DLX3"
"M1"	"IntAct"	"SYNDIG1"
"M1"	"IntAct"	"CXCL2"
"M1"	"IntAct"	"STC2"
"M1"	"IntAct"	"PAPLN"
"M1"	"IntAct"	"WNT3"
"M1"	"IntAct"	"SERPINA1"
"M1"	"IntAct"	"TCF7"
"M1"	"IntAct"	"WNT7B"
"M1"	"IntAct"	"UHRF1"
"M1"	"IntAct"	"PLXNC1"
"M1"	"IntAct"	"PTPRD"
"M1"	"IntAct"	"TGM1"
"M1"	"IntAct"	"SLC1A5"
"M1"	"IntAct"	"SDK1"
"M1"	"IntAct"	"IL1RAP"
"M1"	"IntAct"	"LDLR"
"M1"	"IntAct"	"TNFRSF21"
"M1"	"IntAct"	"CST6"
"M1"	"IntAct"	"BEX1"
"M1"	"IntAct"	"SLC1A1"
"M1"	"IntAct"	"CLDN2"
"M1"	"IntAct"	"FABP4"
"M1"	"IntAct"	"CTSC"
"M1"	"IntAct"	"TIMP1"
"M1"	"IntAct"	"BNIPL"
"M1"	"IntAct"	"TPPP"
"M1"	"IntAct"	"SLIT2"
"M1"	"IntAct"	"SYNE1"
"M1"	"IntAct"	"NOVA1"
"M1"	"IntAct"	"EDA"
"M1"	"IntAct"	"AGR2"
"M1"	"IntAct"	"PAPSS2"
"M1"	"IntAct"	"KLK7"
"M1"	"IntAct"	"HGD"
"M1"	"IntAct"	"S100A6"
"M1"	"IntAct"	"CXCL14"
"M1"	"IntAct"	"RIMS2"
"M1"	"IntAct"	"IL1RL1"
"M1"	"IntAct"	"COL23A1"
"M1"	"IntAct"	"CAVIN2"
"M1"	"IntAct"	"SSX1"
"M1"	"IntAct"	"LOX"
"M1"	"IntAct"	"ADAM22"
"M1"	"IntAct"	"GNA14"
"M1"	"IntAct"	"ASGR1"
"M1"	"IntAct"	"VWF"
"M1"	"IntAct"	"DUSP15"
"M1"	"IntAct"	"MUC1"
"M1"	"IntAct"	"S100A4"
"M1"	"IntAct"	"COL9A3"
"M1"	"IntAct"	"DOK6"
"M1"	"IntAct"	"SHC3"
"M1"	"IntAct"	"VAV3"
"M1"	"IntAct"	"PLAU"
"M1"	"IntAct"	"CLEC3B"
"M1"	"IntAct"	"MMP7"
"M1"	"IntAct"	"SLC4A4"
"M1"	"IntAct"	"MT2A"
"M1"	"IntAct"	"CFH"
"M1"	"IntAct"	"C4A"
"M1"	"IntAct"	"PKNOX2"
"M1"	"IntAct"	"ITGB8"
"M1"	"IntAct"	"GSTM3"
"M1"	"IntAct"	"NPY1R"
"M1"	"IntAct"	"SPOCK1"
"M1"	"IntAct"	"HLA-G"
"M1"	"IntAct"	"FCER1A"
"M1"	"IntAct"	"DST"
"M1"	"IntAct"	"PKP1"
"M1"	"IntAct"	"STAC"
"M1"	"IntAct"	"SPTBN2"
"M1"	"IntAct"	"TNFRSF10C"
"M1"	"IntAct"	"CA2"
"M1"	"IntAct"	"AGER"
"M1"	"IntAct"	"FBN2"
"M1"	"IntAct"	"PMAIP1"
"M1"	"IntAct"	"MYO1G"
"M1"	"IntAct"	"SOX8"
"M1"	"IntAct"	"PROS1"
"M1"	"IntAct"	"PEBP4"
"M1"	"IntAct"	"IER3"
"M1"	"IntAct"	"SEZ6L2"
"M1"	"IntAct"	"S100B"
"M1"	"IntAct"	"S100A1"
"M1"	"IntAct"	"S100A2"
"M1"	"IntAct"	"MT1F"
"M1"	"IntAct"	"MT1G"
"M1"	"IntAct"	"SEL1L3"
"M1"	"IntAct"	"KCNE3"
"M1"	"IntAct"	"TCEAL2"
"M1"	"IntAct"	"NQO1"
"M1"	"IntAct"	"CITED1"
"M1"	"IntAct"	"RASSF6"
"M1"	"IntAct"	"PALM3"
"M1"	"IntAct"	"EYA2"
"M1"	"IntAct"	"PTPRU"
"M1"	"IntAct"	"RXRG"
"M1"	"IntAct"	"MUC20"
"M1"	"IntAct"	"LAD1"
"M1"	"IntAct"	"FCHO1"
"M1"	"IntAct"	"SCEL"
"M1"	"IntAct"	"LPL"
"M1"	"IntAct"	"ALOX5"
"M1"	"IntAct"	"BDNF"
"M1"	"IntAct"	"CEACAM6"
"M1"	"IntAct"	"ETV4"
"M1"	"IntAct"	"FGF12"
"M1"	"IntAct"	"GALE"
"M1"	"IntAct"	"NTRK3"
"M1"	"IntAct"	"ZCCHC12"
"M1"	"IntAct"	"ZSCAN1"
"M1"	"IntAct"	"CDKL2"
"M1"	"IntAct"	"RIMS4"
"M1"	"IntAct"	"HSPB7"
"M1"	"IntAct"	"ARMCX3"
"M1"	"IntAct"	"CLDN16"
"M1"	"IntAct"	"INHBB"
"M1"	"IntAct"	"EDNRB"
"M1"	"IntAct"	"ABCG2"
"M1"	"IntAct"	"PTPRE"
"M1"	"IntAct"	"EPHB3"
"M1"	"IntAct"	"HCN4"
"M1"	"IntAct"	"GPIHBP1"
"M1"	"IntAct"	"MST1R"
"M1"	"IntAct"	"RGS11"
"M1"	"IntAct"	"MKX"
"M1"	"IntAct"	"DTX4"
"M1"	"IntAct"	"ELMO1"
"M1"	"IntAct"	"ANGPT1"
"M1"	"IntAct"	"EPHB1"
"M1"	"IntAct"	"FAM13C"
"M1"	"IntAct"	"KLF2"
"M1"	"IntAct"	"HRK"
"M1"	"IntAct"	"PCSK2"
"M1"	"IntAct"	"BASP1"
"M1"	"IntAct"	"TM4SF1"
"M1"	"IntAct"	"CDC42EP3"
"M1"	"IntAct"	"EHF"
"M1"	"IntAct"	"LAMB3"
"M1"	"IntAct"	"LIFR"
"M1"	"IntAct"	"NACAD"
"M1"	"IntAct"	"TNNI1"
"M1"	"IntAct"	"RYR2"
"M1"	"IntAct"	"DSC2"
"M1"	"IntAct"	"CKMT2"
"M1"	"IntAct"	"S100A5"
"M1"	"IntAct"	"PCSK1N"
"M1"	"IntAct"	"AFF2"
"M1"	"IntAct"	"GPM6A"
"M1"	"IntAct"	"NEB"
"M1"	"IntAct"	"CTTNBP2"
"M1"	"IntAct"	"KCNK3"
"M1"	"IntAct"	"SEMA3B"
"M1"	"IntAct"	"CORO2B"
"M1"	"IntAct"	"TESC"
"M1"	"IntAct"	"TMPRSS3"
"M1"	"IntAct"	"TMEM108"
"M1"	"IntAct"	"EVA1A"
"M1"	"IntAct"	"KATNAL2"
"M1"	"IntAct"	"CGNL1"
"M1"	"IntAct"	"MAOB"
"M1"	"IntAct"	"PLEKHA4"
"M1"	"IntAct"	"DUSP5"
"M1"	"IntAct"	"DUSP6"
"M1"	"IntAct"	"CRABP2"
"M1"	"IntAct"	"ERP27"
"M1"	"IntAct"	"CRABP1"
"M1"	"IntAct"	"FRMD3"
"M1"	"IntAct"	"FBXL16"
"M1"	"IntAct"	"SEPT3"
"M1"	"IntAct"	"SYBU"
"M1"	"IntAct"	"WNT5A"
"M1"	"IntAct"	"SLIT1"
"M1"	"IntAct"	"PDLIM3"
"M1"	"IntAct"	"ADAMTS5"
"M1"	"IntAct"	"PREX2"
"M1"	"IntAct"	"PLEKHG4"
"M1"	"IntAct"	"SUSD4"
"M1"	"IntAct"	"DGKI"
"M1"	"IntAct"	"DZIP1"
"M1"	"IntAct"	"SCNN1A"
"M1"	"IntAct"	"RRAGD"
"M1"	"IntAct"	"PDE10A"
"M1"	"IntAct"	"PALM"
"M1"	"IntAct"	"AKR1C3"
"M1"	"IntAct"	"PLPP2"
"M1"	"IntAct"	"NBL1"
"M1"	"IntAct"	"MPPED2"
"M1"	"IntAct"	"FAM124A"
"M1"	"IntAct"	"KLK10"
"M1"	"IntAct"	"RNF150"
"M1"	"IntAct"	"PLAG1"
"M1"	"IntAct"	"VSTM2L"
"M1"	"IntAct"	"NECTIN4"
"M1"	"IntAct"	"DAAM2"
"M1"	"IntAct"	"DMRT3"
"M1"	"IntAct"	"PPP1R3G"
"M1"	"IntAct"	"CCDC181"
"M1"	"IntAct"	"GRIN2C"
"M1"	"IntAct"	"NAPSA"
"M1"	"IntAct"	"NEXN"
"M1"	"IntAct"	"MCOLN3"
"M1"	"IntAct"	"PDE7B"
"M1"	"IntAct"	"MT1M"
"M1"	"IntAct"	"IYD"
"M1"	"IntAct"	"HPCAL4"
"M1"	"IntAct"	"GJB3"
"M1"	"IntAct"	"RCAN2"
"M1"	"IntAct"	"C16orf74"
"M1"	"IntAct"	"INPP5J"
"M1"	"IntAct"	"ACSM5"
"M1"	"IntAct"	"PDLIM4"
"M1"	"IntAct"	"TIPARP"
"M1"	"IntAct"	"FAM171B"
"M1"	"IntAct"	"NMU"
"M1"	"IntAct"	"TENM3"
"M1"	"IntAct"	"EPN3"
"M1"	"IntAct"	"CRACR2A"
"M1"	"IntAct"	"LRP4"
"M1"	"IntAct"	"TSPAN1"
"M1"	"IntAct"	"GDF15"
"M1"	"IntAct"	"CERS1"
"M1"	"IntAct"	"B3GAT1"
"M1"	"IntAct"	"INMT"
"M1"	"IntAct"	"FAXC"
"M1"	"IntAct"	"PLAC9"
"M1"	"IntAct"	"CYP2S1"
"M1"	"IntAct"	"PLEKHN1"
"M1"	"IntAct"	"C1orf116"
"M1"	"IntAct"	"KLHDC8A"
"M1"	"IntAct"	"MYL4"
"M1"	"IntAct"	"ARSJ"
"M1"	"IntAct"	"LRRC4C"
"M1"	"IntAct"	"FCGBP"
"M1"	"IntAct"	"SNX22"
"M1"	"IntAct"	"ATP2C2"
"M1"	"IntAct"	"FLRT3"
"M1"	"IntAct"	"SPOCK2"
"M1"	"IntAct"	"DEPDC1B"
"M1"	"IntAct"	"RTKN2"
"M1"	"IntAct"	"IGSF9"
"M1"	"IntAct"	"IGFN1"
"M1"	"IntAct"	"TMEM139"
"M1"	"IntAct"	"IGFBP6"
"M1"	"IntAct"	"CYP1B1"
"M1"	"IntAct"	"MIOX"
"M1"	"IntAct"	"CYSLTR2"
"M1"	"IntAct"	"SEMA3E"
"M1"	"IntAct"	"MEDAG"
"M1"	"IntAct"	"NUDT11"
"M1"	"IntAct"	"TMC5"
"M1"	"MINT"	"SMAD9"
"M1"	"MINT"	"FN1"
"M1"	"MINT"	"SLC2A4"
"M1"	"MINT"	"LRRK2"
"M1"	"MINT"	"ESRRG"
"M1"	"MINT"	"BHLHE40"
"M1"	"MINT"	"FAM107A"
"M1"	"MINT"	"OLFM2"
"M1"	"MINT"	"TMEM100"
"M1"	"MINT"	"SORBS2"
"M1"	"MINT"	"ESR1"
"M1"	"MINT"	"MEOX2"
"M1"	"MINT"	"CRYAB"
"M1"	"MINT"	"SFN"
"M1"	"MINT"	"MDFI"
"M1"	"MINT"	"LRRC7"
"M1"	"MINT"	"NOD1"
"M1"	"MINT"	"ITGB4"
"M1"	"MINT"	"KRT19"
"M1"	"MINT"	"AR"
"M1"	"MINT"	"ICAM1"
"M1"	"MINT"	"GABBR2"
"M1"	"MINT"	"NCAM1"
"M1"	"MINT"	"GADD45G"
"M1"	"MINT"	"SULT2B1"
"M1"	"MINT"	"KDR"
"M1"	"MINT"	"ANXA3"
"M1"	"MINT"	"IQGAP2"
"M1"	"MINT"	"CAV1"
"M1"	"MINT"	"MLPH"
"M1"	"MINT"	"ANXA1"
"M1"	"MINT"	"APLP1"
"M1"	"MINT"	"ZBTB16"
"M1"	"MINT"	"BMP4"
"M1"	"MINT"	"FHL1"
"M1"	"MINT"	"DMD"
"M1"	"MINT"	"CDKN2A"
"M1"	"MINT"	"ITGA2"
"M1"	"MINT"	"VIPR1"
"M1"	"MINT"	"KIT"
"M1"	"MINT"	"ERBB3"
"M1"	"MINT"	"IRS1"
"M1"	"MINT"	"S100A10"
"M1"	"MINT"	"ERBB4"
"M1"	"MINT"	"NGFR"
"M1"	"MINT"	"PROX1"
"M1"	"MINT"	"PPARGC1A"
"M1"	"MINT"	"RYR1"
"M1"	"MINT"	"FHL2"
"M1"	"MINT"	"SYT1"
"M1"	"MINT"	"TSC22D1"
"M1"	"MINT"	"SDC4"
"M1"	"MINT"	"GRB7"
"M1"	"MINT"	"DPP4"
"M1"	"MINT"	"TNS4"
"M1"	"MINT"	"SHANK2"
"M1"	"MINT"	"PGR"
"M1"	"MINT"	"MET"
"M1"	"MINT"	"HSPB8"
"M1"	"MINT"	"RAP1GAP"
"M1"	"MINT"	"SNAI1"
"M1"	"MINT"	"KRT15"
"M1"	"MINT"	"DNALI1"
"M1"	"MINT"	"SNAP25"
"M1"	"MINT"	"ALK"
"M1"	"MINT"	"TRIB3"
"M1"	"MINT"	"MAFF"
"M1"	"MINT"	"SLC27A6"
"M1"	"MINT"	"PKP2"
"M1"	"MINT"	"TRIM29"
"M1"	"MINT"	"LRP2"
"M1"	"MINT"	"LIN7A"
"M1"	"MINT"	"PRKG1"
"M1"	"MINT"	"FRK"
"M1"	"MINT"	"RND1"
"M1"	"MINT"	"PNP"
"M1"	"MINT"	"QPRT"
"M1"	"MINT"	"GABRD"
"M1"	"MINT"	"FOSL1"
"M1"	"MINT"	"COL7A1"
"M1"	"MINT"	"DUSP4"
"M1"	"MINT"	"PRSS23"
"M1"	"MINT"	"CLDN1"
"M1"	"MINT"	"PASK"
"M1"	"MINT"	"PEG10"
"M1"	"MINT"	"RUNX1"
"M1"	"MINT"	"CREB5"
"M1"	"MINT"	"PPP1R3C"
"M1"	"MINT"	"PPL"
"M1"	"MINT"	"SLC2A3"
"M1"	"MINT"	"TSPAN7"
"M1"	"MINT"	"AQP5"
"M1"	"MINT"	"ADTRP"
"M1"	"MINT"	"SLC30A2"
"M1"	"MINT"	"DOK5"
"M1"	"MINT"	"KRT17"
"M1"	"MINT"	"ALDH1A1"
"M1"	"MINT"	"RASGRF1"
"M1"	"MINT"	"ANXA2"
"M1"	"MINT"	"GPD1"
"M1"	"MINT"	"CD22"
"M1"	"MINT"	"STC2"
"M1"	"MINT"	"SERPINA1"
"M1"	"MINT"	"TCF7"
"M1"	"MINT"	"UHRF1"
"M1"	"MINT"	"PTPRD"
"M1"	"MINT"	"SLC1A5"
"M1"	"MINT"	"LDLR"
"M1"	"MINT"	"TNFRSF21"
"M1"	"MINT"	"PLAUR"
"M1"	"MINT"	"CLDN2"
"M1"	"MINT"	"FABP4"
"M1"	"MINT"	"TIMP1"
"M1"	"MINT"	"TPPP"
"M1"	"MINT"	"SLIT2"
"M1"	"MINT"	"APBA2"
"M1"	"MINT"	"NOVA1"
"M1"	"MINT"	"AGR2"
"M1"	"MINT"	"S100A6"
"M1"	"MINT"	"RIMS2"
"M1"	"MINT"	"CAVIN2"
"M1"	"MINT"	"VWF"
"M1"	"MINT"	"DUSP15"
"M1"	"MINT"	"MUC1"
"M1"	"MINT"	"S100A4"
"M1"	"MINT"	"DOK6"
"M1"	"MINT"	"SHC3"
"M1"	"MINT"	"VAV3"
"M1"	"MINT"	"IGFBP5"
"M1"	"MINT"	"PLAU"
"M1"	"MINT"	"GSTM3"
"M1"	"MINT"	"CPE"
"M1"	"MINT"	"TNFRSF10C"
"M1"	"MINT"	"APOC1"
"M1"	"MINT"	"CA2"
"M1"	"MINT"	"AGER"
"M1"	"MINT"	"PMAIP1"
"M1"	"MINT"	"MYO1G"
"M1"	"MINT"	"PEBP4"
"M1"	"MINT"	"IER3"
"M1"	"MINT"	"S100B"
"M1"	"MINT"	"S100A1"
"M1"	"MINT"	"S100A2"
"M1"	"MINT"	"KCNE3"
"M1"	"MINT"	"SH2D5"
"M1"	"MINT"	"NQO1"
"M1"	"MINT"	"EYA2"
"M1"	"MINT"	"PTPRU"
"M1"	"MINT"	"RXRG"
"M1"	"MINT"	"SCEL"
"M1"	"MINT"	"LPL"
"M1"	"MINT"	"BDNF"
"M1"	"MINT"	"GALE"
"M1"	"MINT"	"NTRK3"
"M1"	"MINT"	"DEPTOR"
"M1"	"MINT"	"ARMCX3"
"M1"	"MINT"	"ABCG2"
"M1"	"MINT"	"PTPRE"
"M1"	"MINT"	"MST1R"
"M1"	"MINT"	"EPHB1"
"M1"	"MINT"	"TM4SF1"
"M1"	"MINT"	"CDC42EP3"
"M1"	"MINT"	"LIFR"
"M1"	"MINT"	"TNNI1"
"M1"	"MINT"	"CKMT2"
"M1"	"MINT"	"S100A5"
"M1"	"MINT"	"KCNIP3"
"M1"	"MINT"	"NEB"
"M1"	"MINT"	"KCNK3"
"M1"	"MINT"	"TESC"
"M1"	"MINT"	"TMPRSS3"
"M1"	"MINT"	"EVA1A"
"M1"	"MINT"	"PLEKHA4"
"M1"	"MINT"	"DUSP6"
"M1"	"MINT"	"CRABP1"
"M1"	"MINT"	"SEPT3"
"M1"	"MINT"	"DZIP1"
"M1"	"MINT"	"SCNN1A"
"M1"	"MINT"	"AKR1C3"
"M1"	"MINT"	"PLPP2"
"M1"	"MINT"	"FAM124A"
"M1"	"MINT"	"KLK10"
"M1"	"MINT"	"NECTIN4"
"M1"	"MINT"	"PPP1R1B"
"M1"	"MINT"	"MCUB"
"M1"	"MINT"	"HPCAL4"
"M1"	"MINT"	"PDLIM4"
"M1"	"MINT"	"SGCD"
"M1"	"MINT"	"CYP2S1"
"M1"	"MINT"	"LRRC4C"
"M1"	"HPRD"	"SMAD9"
"M1"	"HPRD"	"FN1"
"M1"	"HPRD"	"SLC2A4"
"M1"	"HPRD"	"MAPK15"
"M1"	"HPRD"	"TFCP2L1"
"M1"	"HPRD"	"ESRRG"
"M1"	"HPRD"	"BHLHE40"
"M1"	"HPRD"	"ROR2"
"M1"	"HPRD"	"FAM107A"
"M1"	"HPRD"	"PBX3"
"M1"	"HPRD"	"OLFM2"
"M1"	"HPRD"	"SORBS2"
"M1"	"HPRD"	"CA4"
"M1"	"HPRD"	"GULP1"
"M1"	"HPRD"	"ESR1"
"M1"	"HPRD"	"MEOX2"
"M1"	"HPRD"	"RASSF9"
"M1"	"HPRD"	"CRYAB"
"M1"	"HPRD"	"SFN"
"M1"	"HPRD"	"MDFI"
"M1"	"HPRD"	"LRRC7"
"M1"	"HPRD"	"DAPK2"
"M1"	"HPRD"	"NOD1"
"M1"	"HPRD"	"ITGB4"
"M1"	"HPRD"	"KRT19"
"M1"	"HPRD"	"TRIM54"
"M1"	"HPRD"	"PPARG"
"M1"	"HPRD"	"AR"
"M1"	"HPRD"	"ICAM1"
"M1"	"HPRD"	"GABBR2"
"M1"	"HPRD"	"NUPR1"
"M1"	"HPRD"	"NCAM1"
"M1"	"HPRD"	"RBP1"
"M1"	"HPRD"	"GADD45G"
"M1"	"HPRD"	"LTF"
"M1"	"HPRD"	"SULT2B1"
"M1"	"HPRD"	"KDR"
"M1"	"HPRD"	"ANXA3"
"M1"	"HPRD"	"IQGAP2"
"M1"	"HPRD"	"LGALS3"
"M1"	"HPRD"	"RAB27B"
"M1"	"HPRD"	"CAV1"
"M1"	"HPRD"	"MLPH"
"M1"	"HPRD"	"CD36"
"M1"	"HPRD"	"ANXA1"
"M1"	"HPRD"	"APLP1"
"M1"	"HPRD"	"ZBTB16"
"M1"	"HPRD"	"BMP4"
"M1"	"HPRD"	"F2RL3"
"M1"	"HPRD"	"RUNX2"
"M1"	"HPRD"	"FHL1"
"M1"	"HPRD"	"PHYHIP"
"M1"	"HPRD"	"DMD"
"M1"	"HPRD"	"HLF"
"M1"	"HPRD"	"MATN2"
"M1"	"HPRD"	"ITGA2"
"M1"	"HPRD"	"VIPR1"
"M1"	"HPRD"	"GATA3"
"M1"	"HPRD"	"BAIAP3"
"M1"	"HPRD"	"KIT"
"M1"	"HPRD"	"ERBB3"
"M1"	"HPRD"	"IRS1"
"M1"	"HPRD"	"S100A10"
"M1"	"HPRD"	"ERBB4"
"M1"	"HPRD"	"NGFR"
"M1"	"HPRD"	"TNFRSF12A"
"M1"	"HPRD"	"TNFRSF19"
"M1"	"HPRD"	"PROX1"
"M1"	"HPRD"	"PPARGC1A"
"M1"	"HPRD"	"RYR1"
"M1"	"HPRD"	"FHL2"
"M1"	"HPRD"	"SYT1"
"M1"	"HPRD"	"TSC22D1"
"M1"	"HPRD"	"AMIGO2"
"M1"	"HPRD"	"NELL2"
"M1"	"HPRD"	"TGFA"
"M1"	"HPRD"	"SDC4"
"M1"	"HPRD"	"GRIK2"
"M1"	"HPRD"	"GRM4"
"M1"	"HPRD"	"GRB7"
"M1"	"HPRD"	"ELF3"
"M1"	"HPRD"	"DPP4"
"M1"	"HPRD"	"DLG2"
"M1"	"HPRD"	"SHANK2"
"M1"	"HPRD"	"PGR"
"M1"	"HPRD"	"MET"
"M1"	"HPRD"	"HSPB8"
"M1"	"HPRD"	"RAP1GAP"
"M1"	"HPRD"	"RND3"
"M1"	"HPRD"	"TNC"
"M1"	"HPRD"	"SNAI1"
"M1"	"HPRD"	"TUSC3"
"M1"	"HPRD"	"KRT15"
"M1"	"HPRD"	"PRICKLE1"
"M1"	"HPRD"	"DNALI1"
"M1"	"HPRD"	"CEBPA"
"M1"	"HPRD"	"SNAP25"
"M1"	"HPRD"	"ALK"
"M1"	"HPRD"	"FBXO2"
"M1"	"HPRD"	"TRIB3"
"M1"	"HPRD"	"GRHL3"
"M1"	"HPRD"	"TRPC5"
"M1"	"HPRD"	"MAFF"
"M1"	"HPRD"	"NRP2"
"M1"	"HPRD"	"TNFRSF11B"
"M1"	"HPRD"	"FSTL3"
"M1"	"HPRD"	"SLC27A6"
"M1"	"HPRD"	"PKP2"
"M1"	"HPRD"	"APOE"
"M1"	"HPRD"	"TRIM29"
"M1"	"HPRD"	"LRP2"
"M1"	"HPRD"	"LIN7A"
"M1"	"HPRD"	"PTGS2"
"M1"	"HPRD"	"ID1"
"M1"	"HPRD"	"KCNJ2"
"M1"	"HPRD"	"TIAM1"
"M1"	"HPRD"	"NRXN2"
"M1"	"HPRD"	"EPHA4"
"M1"	"HPRD"	"XK"
"M1"	"HPRD"	"PRKG1"
"M1"	"HPRD"	"PIP5KL1"
"M1"	"HPRD"	"FRK"
"M1"	"HPRD"	"RND1"
"M1"	"HPRD"	"ARNTL"
"M1"	"HPRD"	"ANK2"
"M1"	"HPRD"	"PELI1"
"M1"	"HPRD"	"CXCL8"
"M1"	"HPRD"	"PYGM"
"M1"	"HPRD"	"PNP"
"M1"	"HPRD"	"QPRT"
"M1"	"HPRD"	"CETP"
"M1"	"HPRD"	"CDKN2B"
"M1"	"HPRD"	"DOK7"
"M1"	"HPRD"	"GABRD"
"M1"	"HPRD"	"FOSL1"
"M1"	"HPRD"	"MTMR11"
"M1"	"HPRD"	"HMGA2"
"M1"	"HPRD"	"PAPPA"
"M1"	"HPRD"	"COL7A1"
"M1"	"HPRD"	"SV2A"
"M1"	"HPRD"	"TFAP2C"
"M1"	"HPRD"	"LIF"
"M1"	"HPRD"	"KCNQ3"
"M1"	"HPRD"	"MLXIPL"
"M1"	"HPRD"	"HR"
"M1"	"HPRD"	"NR1D1"
"M1"	"HPRD"	"TMPRSS2"
"M1"	"HPRD"	"DUSP4"
"M1"	"HPRD"	"PLA2R1"
"M1"	"HPRD"	"NFE2L3"
"M1"	"HPRD"	"CLDN1"
"M1"	"HPRD"	"CA12"
"M1"	"HPRD"	"PASK"
"M1"	"HPRD"	"PEG10"
"M1"	"HPRD"	"PPM1L"
"M1"	"HPRD"	"EDARADD"
"M1"	"HPRD"	"RUNX1"
"M1"	"HPRD"	"SCG5"
"M1"	"HPRD"	"CREB5"
"M1"	"HPRD"	"NT5E"
"M1"	"HPRD"	"COL17A1"
"M1"	"HPRD"	"COL8A2"
"M1"	"HPRD"	"NGEF"
"M1"	"HPRD"	"HSF4"
"M1"	"HPRD"	"PPL"
"M1"	"HPRD"	"TSPAN7"
"M1"	"HPRD"	"AQP5"
"M1"	"HPRD"	"TREM1"
"M1"	"HPRD"	"DOK5"
"M1"	"HPRD"	"KIF5C"
"M1"	"HPRD"	"KIF5A"
"M1"	"HPRD"	"KLC3"
"M1"	"HPRD"	"CPEB1"
"M1"	"HPRD"	"KRT17"
"M1"	"HPRD"	"SFRP1"
"M1"	"HPRD"	"PGF"
"M1"	"HPRD"	"SRCIN1"
"M1"	"HPRD"	"KLHL3"
"M1"	"HPRD"	"SNCG"
"M1"	"HPRD"	"TMOD1"
"M1"	"HPRD"	"MDK"
"M1"	"HPRD"	"OSMR"
"M1"	"HPRD"	"BACH2"
"M1"	"HPRD"	"CDH3"
"M1"	"HPRD"	"ANXA2"
"M1"	"HPRD"	"GPD1"
"M1"	"HPRD"	"CD22"
"M1"	"HPRD"	"RAMP1"
"M1"	"HPRD"	"CXCL2"
"M1"	"HPRD"	"STC2"
"M1"	"HPRD"	"SERPINA1"
"M1"	"HPRD"	"CD55"
"M1"	"HPRD"	"UHRF1"
"M1"	"HPRD"	"PTPRD"
"M1"	"HPRD"	"CPNE4"
"M1"	"HPRD"	"TGM1"
"M1"	"HPRD"	"IL1RAP"
"M1"	"HPRD"	"LDLR"
"M1"	"HPRD"	"VLDLR"
"M1"	"HPRD"	"TNFRSF21"
"M1"	"HPRD"	"DKK2"
"M1"	"HPRD"	"FCN3"
"M1"	"HPRD"	"PLAUR"
"M1"	"HPRD"	"BEX1"
"M1"	"HPRD"	"CLDN2"
"M1"	"HPRD"	"FABP4"
"M1"	"HPRD"	"CTSC"
"M1"	"HPRD"	"TIMP1"
"M1"	"HPRD"	"BNIPL"
"M1"	"HPRD"	"TPPP"
"M1"	"HPRD"	"SLIT2"
"M1"	"HPRD"	"APBA2"
"M1"	"HPRD"	"NOVA1"
"M1"	"HPRD"	"EDA"
"M1"	"HPRD"	"AGR2"
"M1"	"HPRD"	"TNFSF15"
"M1"	"HPRD"	"HGD"
"M1"	"HPRD"	"S100A6"
"M1"	"HPRD"	"RIMS2"
"M1"	"HPRD"	"IL1RL1"
"M1"	"HPRD"	"COL23A1"
"M1"	"HPRD"	"CAVIN2"
"M1"	"HPRD"	"ANGPTL1"
"M1"	"HPRD"	"LOX"
"M1"	"HPRD"	"ADAM22"
"M1"	"HPRD"	"GNA14"
"M1"	"HPRD"	"VWF"
"M1"	"HPRD"	"CDON"
"M1"	"HPRD"	"SLC9A2"
"M1"	"HPRD"	"RGS16"
"M1"	"HPRD"	"S100A4"
"M1"	"HPRD"	"COL9A3"
"M1"	"HPRD"	"SHC3"
"M1"	"HPRD"	"VAV3"
"M1"	"HPRD"	"F5"
"M1"	"HPRD"	"IGFBP5"
"M1"	"HPRD"	"PLAU"
"M1"	"HPRD"	"CLEC3B"
"M1"	"HPRD"	"MMP7"
"M1"	"HPRD"	"LAMA1"
"M1"	"HPRD"	"ADORA1"
"M1"	"HPRD"	"SLC4A4"
"M1"	"HPRD"	"MT2A"
"M1"	"HPRD"	"CFI"
"M1"	"HPRD"	"CFH"
"M1"	"HPRD"	"C4A"
"M1"	"HPRD"	"PKNOX2"
"M1"	"HPRD"	"ITGB8"
"M1"	"HPRD"	"TGFB2"
"M1"	"HPRD"	"NPR3"
"M1"	"HPRD"	"AVPR1A"
"M1"	"HPRD"	"GSTM3"
"M1"	"HPRD"	"TG"
"M1"	"HPRD"	"NPY1R"
"M1"	"HPRD"	"CPE"
"M1"	"HPRD"	"SPOCK1"
"M1"	"HPRD"	"HLA-G"
"M1"	"HPRD"	"FCER1A"
"M1"	"HPRD"	"MAG"
"M1"	"HPRD"	"TMPRSS6"
"M1"	"HPRD"	"CDH16"
"M1"	"HPRD"	"DST"
"M1"	"HPRD"	"PKP1"
"M1"	"HPRD"	"SPTBN2"
"M1"	"HPRD"	"TNFRSF10C"
"M1"	"HPRD"	"APOC1"
"M1"	"HPRD"	"CA2"
"M1"	"HPRD"	"AGER"
"M1"	"HPRD"	"LRG1"
"M1"	"HPRD"	"ITGB6"
"M1"	"HPRD"	"FBN2"
"M1"	"HPRD"	"PMAIP1"
"M1"	"HPRD"	"CTSH"
"M1"	"HPRD"	"SOX8"
"M1"	"HPRD"	"PROS1"
"M1"	"HPRD"	"PEBP4"
"M1"	"HPRD"	"S100B"
"M1"	"HPRD"	"S100A1"
"M1"	"HPRD"	"S100A2"
"M1"	"HPRD"	"MT1F"
"M1"	"HPRD"	"MT1G"
"M1"	"HPRD"	"NQO1"
"M1"	"HPRD"	"RGS5"
"M1"	"HPRD"	"RGS4"
"M1"	"HPRD"	"PTPRU"
"M1"	"HPRD"	"IGSF1"
"M1"	"HPRD"	"RXRG"
"M1"	"HPRD"	"LAD1"
"M1"	"HPRD"	"FCHO1"
"M1"	"HPRD"	"SCEL"
"M1"	"HPRD"	"LPL"
"M1"	"HPRD"	"ALOX5"
"M1"	"HPRD"	"BDNF"
"M1"	"HPRD"	"ETV4"
"M1"	"HPRD"	"COL14A1"
"M1"	"HPRD"	"GALE"
"M1"	"HPRD"	"KCNAB1"
"M1"	"HPRD"	"NTRK3"
"M1"	"HPRD"	"CDKL2"
"M1"	"HPRD"	"COX4I2"
"M1"	"HPRD"	"CLDN16"
"M1"	"HPRD"	"INHBB"
"M1"	"HPRD"	"EDNRB"
"M1"	"HPRD"	"ENPP1"
"M1"	"HPRD"	"PTPRE"
"M1"	"HPRD"	"EPHB3"
"M1"	"HPRD"	"HCN4"
"M1"	"HPRD"	"ENPEP"
"M1"	"HPRD"	"CLIC5"
"M1"	"HPRD"	"MST1R"
"M1"	"HPRD"	"LCN2"
"M1"	"HPRD"	"ADM"
"M1"	"HPRD"	"ELMO1"
"M1"	"HPRD"	"ANGPT1"
"M1"	"HPRD"	"UPP1"
"M1"	"HPRD"	"HPN"
"M1"	"HPRD"	"EPHB1"
"M1"	"HPRD"	"KLF2"
"M1"	"HPRD"	"HRK"
"M1"	"HPRD"	"PCSK2"
"M1"	"HPRD"	"TM4SF1"
"M1"	"HPRD"	"CDC42EP3"
"M1"	"HPRD"	"MMRN1"
"M1"	"HPRD"	"RDH5"
"M1"	"HPRD"	"AJAP1"
"M1"	"HPRD"	"LAMB3"
"M1"	"HPRD"	"LIFR"
"M1"	"HPRD"	"TNNI1"
"M1"	"HPRD"	"RYR2"
"M1"	"HPRD"	"DSC2"
"M1"	"HPRD"	"CKMT2"
"M1"	"HPRD"	"MFAP2"
"M1"	"HPRD"	"ST6GAL1"
"M1"	"HPRD"	"KCNIP3"
"M1"	"HPRD"	"RASD2"
"M1"	"HPRD"	"GABRB3"
"M1"	"HPRD"	"CTTNBP2"
"M1"	"HPRD"	"KCNK3"
"M1"	"HPRD"	"TBX2"
"M1"	"HPRD"	"SEMA3B"
"M1"	"HPRD"	"CORO2B"
"M1"	"HPRD"	"CDH4"
"M1"	"HPRD"	"NFKBIZ"
"M1"	"HPRD"	"SYTL5"
"M1"	"HPRD"	"ICAM5"
"M1"	"HPRD"	"LY6E"
"M1"	"HPRD"	"MAOB"
"M1"	"HPRD"	"CRLF1"
"M1"	"HPRD"	"DUSP5"
"M1"	"HPRD"	"DUSP6"
"M1"	"HPRD"	"CPAMD8"
"M1"	"HPRD"	"GJB6"
"M1"	"HPRD"	"CRABP2"
"M1"	"HPRD"	"ERP27"
"M1"	"HPRD"	"CRABP1"
"M1"	"HPRD"	"SYBU"
"M1"	"HPRD"	"SLIT1"
"M1"	"HPRD"	"TCF7L1"
"M1"	"HPRD"	"ADAMTS5"
"M1"	"HPRD"	"CHI3L1"
"M1"	"HPRD"	"PREX2"
"M1"	"HPRD"	"DZIP1"
"M1"	"HPRD"	"IL22RA1"
"M1"	"HPRD"	"SCNN1A"
"M1"	"HPRD"	"RRAGD"
"M1"	"HPRD"	"PDE5A"
"M1"	"HPRD"	"PDE10A"
"M1"	"HPRD"	"AKR1C3"
"M1"	"HPRD"	"PLPP2"
"M1"	"HPRD"	"NBL1"
"M1"	"HPRD"	"SCN4B"
"M1"	"HPRD"	"DIO1"
"M1"	"HPRD"	"GATM"
"M1"	"HPRD"	"KCNN4"
"M1"	"HPRD"	"KLK10"
"M1"	"HPRD"	"PLAG1"
"M1"	"HPRD"	"DIO2"
"M1"	"HPRD"	"NECTIN4"
"M1"	"HPRD"	"CDH6"
"M1"	"HPRD"	"LMOD1"
"M1"	"HPRD"	"STXBP6"
"M1"	"HPRD"	"CDC42EP5"
"M1"	"HPRD"	"MYCL"
"M1"	"HPRD"	"CCDC181"
"M1"	"HPRD"	"PPP1R1B"
"M1"	"HPRD"	"NEXN"
"M1"	"HPRD"	"SOD3"
"M1"	"HPRD"	"HES6"
"M1"	"HPRD"	"GJB3"
"M1"	"HPRD"	"MMP16"
"M1"	"HPRD"	"GABRB2"
"M1"	"HPRD"	"RCAN2"
"M1"	"HPRD"	"ADCY1"
"M1"	"HPRD"	"PDLIM4"
"M1"	"HPRD"	"CAMK2N1"
"M1"	"HPRD"	"TIPARP"
"M1"	"HPRD"	"SGCD"
"M1"	"HPRD"	"TENM3"
"M1"	"HPRD"	"CRACR2A"
"M1"	"HPRD"	"GDF15"
"M1"	"HPRD"	"B3GAT1"
"M1"	"HPRD"	"HIGD1B"
"M1"	"HPRD"	"SCUBE1"
"M1"	"HPRD"	"SCUBE3"
"M1"	"HPRD"	"SYT14"
"M1"	"HPRD"	"LRRC4C"
"M1"	"HPRD"	"SSPO"
"M1"	"HPRD"	"SPOCK2"
"M1"	"HPRD"	"TENM1"
"M1"	"HPRD"	"IGSF9"
"M1"	"HPRD"	"IGFBP6"
"M1"	"HPRD"	"MIOX"
"M1"	"HPRD"	"ESPN"
"M1"	"HPRD"	"HPSE"
"M1"	"HPRD"	"EMILIN2"
"M1"	"IntAct_Mouse"	"FN1"
"M1"	"IntAct_Mouse"	"SLC2A4"
"M1"	"IntAct_Mouse"	"TFCP2L1"
"M1"	"IntAct_Mouse"	"LRRK2"
"M1"	"IntAct_Mouse"	"ESRRG"
"M1"	"IntAct_Mouse"	"CRYAB"
"M1"	"IntAct_Mouse"	"SFN"
"M1"	"IntAct_Mouse"	"PPARG"
"M1"	"IntAct_Mouse"	"CLU"
"M1"	"IntAct_Mouse"	"NCAM1"
"M1"	"IntAct_Mouse"	"DPP6"
"M1"	"IntAct_Mouse"	"SULT2B1"
"M1"	"IntAct_Mouse"	"CAV1"
"M1"	"IntAct_Mouse"	"APLP1"
"M1"	"IntAct_Mouse"	"F2RL3"
"M1"	"IntAct_Mouse"	"RUNX2"
"M1"	"IntAct_Mouse"	"FMO5"
"M1"	"IntAct_Mouse"	"DMD"
"M1"	"IntAct_Mouse"	"HLF"
"M1"	"IntAct_Mouse"	"MATN2"
"M1"	"IntAct_Mouse"	"ERBB3"
"M1"	"IntAct_Mouse"	"IRS1"
"M1"	"IntAct_Mouse"	"S100A10"
"M1"	"IntAct_Mouse"	"TNFRSF19"
"M1"	"IntAct_Mouse"	"PPARGC1A"
"M1"	"IntAct_Mouse"	"RYR1"
"M1"	"IntAct_Mouse"	"FHL2"
"M1"	"IntAct_Mouse"	"SYT1"
"M1"	"IntAct_Mouse"	"TSC22D1"
"M1"	"IntAct_Mouse"	"TGFA"
"M1"	"IntAct_Mouse"	"GRB7"
"M1"	"IntAct_Mouse"	"HSPB8"
"M1"	"IntAct_Mouse"	"GLRB"
"M1"	"IntAct_Mouse"	"RND3"
"M1"	"IntAct_Mouse"	"DACT1"
"M1"	"IntAct_Mouse"	"SNAP25"
"M1"	"IntAct_Mouse"	"TRPC5"
"M1"	"IntAct_Mouse"	"PKP2"
"M1"	"IntAct_Mouse"	"LRP2"
"M1"	"IntAct_Mouse"	"PTGS2"
"M1"	"IntAct_Mouse"	"KCNJ2"
"M1"	"IntAct_Mouse"	"EPHA4"
"M1"	"IntAct_Mouse"	"PRKG1"
"M1"	"IntAct_Mouse"	"ARNTL"
"M1"	"IntAct_Mouse"	"DOK7"
"M1"	"IntAct_Mouse"	"COL7A1"
"M1"	"IntAct_Mouse"	"KCNQ3"
"M1"	"IntAct_Mouse"	"CLDN1"
"M1"	"IntAct_Mouse"	"ITPR1"
"M1"	"IntAct_Mouse"	"REC8"
"M1"	"IntAct_Mouse"	"NGEF"
"M1"	"IntAct_Mouse"	"PPL"
"M1"	"IntAct_Mouse"	"KIF5C"
"M1"	"IntAct_Mouse"	"KIF5A"
"M1"	"IntAct_Mouse"	"SRCIN1"
"M1"	"IntAct_Mouse"	"BACH2"
"M1"	"IntAct_Mouse"	"ANXA2"
"M1"	"IntAct_Mouse"	"CD22"
"M1"	"IntAct_Mouse"	"UHRF1"
"M1"	"IntAct_Mouse"	"LDLR"
"M1"	"IntAct_Mouse"	"VLDLR"
"M1"	"IntAct_Mouse"	"SPAG17"
"M1"	"IntAct_Mouse"	"PLAUR"
"M1"	"IntAct_Mouse"	"SLC1A1"
"M1"	"IntAct_Mouse"	"CLDN2"
"M1"	"IntAct_Mouse"	"CTSC"
"M1"	"IntAct_Mouse"	"S100A6"
"M1"	"IntAct_Mouse"	"IL1RL1"
"M1"	"IntAct_Mouse"	"LOX"
"M1"	"IntAct_Mouse"	"CDON"
"M1"	"IntAct_Mouse"	"S100A4"
"M1"	"IntAct_Mouse"	"LAMA1"
"M1"	"IntAct_Mouse"	"SLC4A4"
"M1"	"IntAct_Mouse"	"S100A1"
"M1"	"IntAct_Mouse"	"EYA2"
"M1"	"IntAct_Mouse"	"BDNF"
"M1"	"IntAct_Mouse"	"KCNK2"
"M1"	"IntAct_Mouse"	"RYR2"
"M1"	"IntAct_Mouse"	"GJC2"
"M1"	"IntAct_Mouse"	"DUSP6"
"M1"	"IntAct_Mouse"	"GJB6"
"M1"	"IntAct_Mouse"	"TCF7L1"
"M1"	"IntAct_Mouse"	"SGIP1"
"M1"	"IntAct_Mouse"	"ARHGEF28"
"M1"	"IntAct_Mouse"	"MCUB"
"M1"	"IntAct_Mouse"	"PDLIM4"
"M1"	"IntAct_Mouse"	"LRP4"
"M1"	"IntAct_Mouse"	"LRRC4C"
"M1"	"MINT_Worm"	"SMAD9"
"M1"	"MINT_Worm"	"GULP1"
"M1"	"MINT_Worm"	"PYGM"
"M1"	"MINT_Worm"	"HGD"
"M1"	"MINT_Worm"	"CPE"
"M1"	"MINT_Worm"	"RASGEF1B"
"M1"	"DIP_Mouse"	"HIST1H1C"
"M1"	"DIP_Mouse"	"AR"
"M1"	"DIP_Mouse"	"ICAM1"
"M1"	"DIP_Mouse"	"RAB27B"
"M1"	"DIP_Mouse"	"CAV1"
"M1"	"DIP_Mouse"	"MLPH"
"M1"	"DIP_Mouse"	"F2RL3"
"M1"	"DIP_Mouse"	"RUNX2"
"M1"	"DIP_Mouse"	"DMD"
"M1"	"DIP_Mouse"	"CIART"
"M1"	"DIP_Mouse"	"IRS1"
"M1"	"DIP_Mouse"	"ERBB4"
"M1"	"DIP_Mouse"	"CEBPA"
"M1"	"DIP_Mouse"	"SNAP25"
"M1"	"DIP_Mouse"	"TNFRSF11B"
"M1"	"DIP_Mouse"	"PTGS2"
"M1"	"DIP_Mouse"	"EPHA4"
"M1"	"DIP_Mouse"	"ARNTL"
"M1"	"DIP_Mouse"	"CDKN2B"
"M1"	"DIP_Mouse"	"ITPR1"
"M1"	"DIP_Mouse"	"REC8"
"M1"	"DIP_Mouse"	"KLC3"
"M1"	"DIP_Mouse"	"KRT17"
"M1"	"DIP_Mouse"	"SYNE1"
"M1"	"DIP_Mouse"	"IL1RL1"
"M1"	"DIP_Mouse"	"CDON"
"M1"	"DIP_Mouse"	"RGS16"
"M1"	"DIP_Mouse"	"LRG1"
"M1"	"DIP_Mouse"	"FCHO1"
"M1"	"DIP_Mouse"	"ENPP1"
"M1"	"DIP_Mouse"	"KCNK2"
"M1"	"DIP_Mouse"	"LIFR"
"M1"	"DIP_Mouse"	"RYR2"
"M1"	"DIP_Mouse"	"TCF7L1"
"M1"	"DIP_Mouse"	"SCNN1A"
"M1"	"DIP_Mouse"	"NECTIN4"
"M1"	"DIP_Mouse"	"EPN3"
"M1"	"DIP_Fly"	"ESRRG"
"M1"	"DIP_Fly"	"PSAT1"
"M1"	"DIP_Fly"	"CRYAB"
"M1"	"DIP_Fly"	"GABBR2"
"M1"	"DIP_Fly"	"NEGR1"
"M1"	"DIP_Fly"	"PRKG1"
"M1"	"DIP_Fly"	"PNP"
"M1"	"DIP_Fly"	"ATP1B2"
"M1"	"DIP_Fly"	"PYCR1"
"M1"	"DIP_Fly"	"SLC2A3"
"M1"	"DIP_Fly"	"KLHL3"
"M1"	"DIP_Fly"	"WNT4"
"M1"	"DIP_Fly"	"MELTF"
"M1"	"DIP_Fly"	"GPD1"
"M1"	"DIP_Fly"	"PAPLN"
"M1"	"DIP_Fly"	"PTPRD"
"M1"	"DIP_Fly"	"TPPP"
"M1"	"DIP_Fly"	"HGD"
"M1"	"DIP_Fly"	"GPAM"
"M1"	"DIP_Fly"	"GALE"
"M1"	"DIP_Fly"	"AQP4"
"M1"	"DIP_Fly"	"IYD"
"M1"	"IntAct_Yeast"	"PSAT1"
"M1"	"IntAct_Yeast"	"ALDH3B1"
"M1"	"IntAct_Yeast"	"FA2H"
"M1"	"IntAct_Yeast"	"ABCC3"
"M1"	"IntAct_Yeast"	"TUSC3"
"M1"	"IntAct_Yeast"	"PNP"
"M1"	"IntAct_Yeast"	"QPRT"
"M1"	"IntAct_Yeast"	"ABCG2"
"M1"	"IntAct_Yeast"	"HACD1"
"M1"	"IntAct_Yeast"	"SLC38A11"
"M1"	"BioGrid_Fly"	"ESRRG"
"M1"	"BioGrid_Fly"	"PSAT1"
"M1"	"BioGrid_Fly"	"CRYAB"
"M1"	"BioGrid_Fly"	"ALDH3B1"
"M1"	"BioGrid_Fly"	"GABBR2"
"M1"	"BioGrid_Fly"	"NCAM1"
"M1"	"BioGrid_Fly"	"FA2H"
"M1"	"BioGrid_Fly"	"DMD"
"M1"	"BioGrid_Fly"	"HLF"
"M1"	"BioGrid_Fly"	"ABCC3"
"M1"	"BioGrid_Fly"	"DPP4"
"M1"	"BioGrid_Fly"	"NEGR1"
"M1"	"BioGrid_Fly"	"TUSC3"
"M1"	"BioGrid_Fly"	"SNAP25"
"M1"	"BioGrid_Fly"	"PRKG1"
"M1"	"BioGrid_Fly"	"FRK"
"M1"	"BioGrid_Fly"	"ARNTL"
"M1"	"BioGrid_Fly"	"PYGM"
"M1"	"BioGrid_Fly"	"PNP"
"M1"	"BioGrid_Fly"	"ITPR1"
"M1"	"BioGrid_Fly"	"PYCR1"
"M1"	"BioGrid_Fly"	"SLC2A3"
"M1"	"BioGrid_Fly"	"KLHL3"
"M1"	"BioGrid_Fly"	"TMOD1"
"M1"	"BioGrid_Fly"	"MELTF"
"M1"	"BioGrid_Fly"	"GPD1"
"M1"	"BioGrid_Fly"	"PAPLN"
"M1"	"BioGrid_Fly"	"PTPRD"
"M1"	"BioGrid_Fly"	"TPPP"
"M1"	"BioGrid_Fly"	"SLIT2"
"M1"	"BioGrid_Fly"	"HGD"
"M1"	"BioGrid_Fly"	"GPAM"
"M1"	"BioGrid_Fly"	"DST"
"M1"	"BioGrid_Fly"	"GALE"
"M1"	"BioGrid_Fly"	"PHYHD1"
"M1"	"BioGrid_Fly"	"ABCG2"
"M1"	"BioGrid_Fly"	"CLIC5"
"M1"	"BioGrid_Fly"	"EPHB1"
"M1"	"BioGrid_Fly"	"ADCY1"
"M1"	"BioGrid_Fly"	"GOLGA7B"
"M1"	"FlyHigh"	"ESRRG"
"M1"	"FlyHigh"	"PSAT1"
"M1"	"FlyHigh"	"CRYAB"
"M1"	"FlyHigh"	"GABBR2"
"M1"	"FlyHigh"	"NEGR1"
"M1"	"FlyHigh"	"PNP"
"M1"	"FlyHigh"	"HGD"
"M1"	"FlyHigh"	"GPAM"
"M1"	"FlyHigh"	"GALE"
"M1"	"FlyHigh"	"PHYHD1"
"M1"	"VidalHuman_core"	"FAM107A"
"M1"	"VidalHuman_core"	"PBX3"
"M1"	"VidalHuman_core"	"MEOX2"
"M1"	"VidalHuman_core"	"SFN"
"M1"	"VidalHuman_core"	"MDFI"
"M1"	"VidalHuman_core"	"KRT19"
"M1"	"VidalHuman_core"	"ZBTB16"
"M1"	"VidalHuman_core"	"HSPB8"
"M1"	"VidalHuman_core"	"KRT15"
"M1"	"VidalHuman_core"	"SNAP25"
"M1"	"VidalHuman_core"	"TRIM29"
"M1"	"VidalHuman_core"	"QPRT"
"M1"	"VidalHuman_core"	"CETP"
"M1"	"VidalHuman_core"	"CDKN2B"
"M1"	"VidalHuman_core"	"GABRD"
"M1"	"VidalHuman_core"	"FOSL1"
"M1"	"VidalHuman_core"	"AQP5"
"M1"	"VidalHuman_core"	"KRT17"
"M1"	"VidalHuman_core"	"ALDH1A1"
"M1"	"VidalHuman_core"	"CLDN2"
"M1"	"VidalHuman_core"	"CAVIN2"
"M1"	"VidalHuman_core"	"GSTM3"
"M1"	"VidalHuman_core"	"S100A1"
"M1"	"VidalHuman_core"	"S100A2"
"M1"	"VidalHuman_core"	"EYA2"
"M1"	"VidalHuman_core"	"GALE"
"M1"	"VidalHuman_core"	"CDC42EP3"
"M1"	"VidalHuman_core"	"TNNI1"
"M1"	"VidalHuman_core"	"KCNIP3"
"M1"	"VidalHuman_core"	"TESC"
"M1"	"VidalHuman_core"	"DUSP6"
"M1"	"VidalHuman_core"	"PDLIM4"
"M1"	"IntAct_Rat"	"SLC2A4"
"M1"	"IntAct_Rat"	"MAPK15"
"M1"	"IntAct_Rat"	"LRRK2"
"M1"	"IntAct_Rat"	"SORBS2"
"M1"	"IntAct_Rat"	"ESR1"
"M1"	"IntAct_Rat"	"LRRC7"
"M1"	"IntAct_Rat"	"GABBR2"
"M1"	"IntAct_Rat"	"CLU"
"M1"	"IntAct_Rat"	"KDR"
"M1"	"IntAct_Rat"	"IRS1"
"M1"	"IntAct_Rat"	"S100A10"
"M1"	"IntAct_Rat"	"NGFR"
"M1"	"IntAct_Rat"	"FHL2"
"M1"	"IntAct_Rat"	"SYT1"
"M1"	"IntAct_Rat"	"SDC4"
"M1"	"IntAct_Rat"	"GRIK2"
"M1"	"IntAct_Rat"	"GRM4"
"M1"	"IntAct_Rat"	"DLG2"
"M1"	"IntAct_Rat"	"SHANK2"
"M1"	"IntAct_Rat"	"SNAP25"
"M1"	"IntAct_Rat"	"ID1"
"M1"	"IntAct_Rat"	"NRXN2"
"M1"	"IntAct_Rat"	"SV2A"
"M1"	"IntAct_Rat"	"SCG5"
"M1"	"IntAct_Rat"	"RHOV"
"M1"	"IntAct_Rat"	"SRCIN1"
"M1"	"IntAct_Rat"	"IL1RAP"
"M1"	"IntAct_Rat"	"APBA2"
"M1"	"IntAct_Rat"	"RIMS2"
"M1"	"IntAct_Rat"	"SLC9A2"
"M1"	"IntAct_Rat"	"ADORA1"
"M1"	"IntAct_Rat"	"RGS4"
"M1"	"IntAct_Rat"	"GABRB3"
"M1"	"IntAct_Rat"	"GRIN2C"
"M1"	"I2D-c_Fiona_HUMAN"	"ESR1"
"M1"	"I2D-c_Fiona_HUMAN"	"AR"
"M1"	"I2D-c_Fiona_HUMAN"	"MET"
"M1"	"I2D-c_Fiona_HUMAN"	"CDH3"
"M1"	"I2D-c_Fiona_HUMAN"	"MUC1"
"M1"	"BIND"	"SMAD9"
"M1"	"BIND"	"SLC2A4"
"M1"	"BIND"	"BHLHE40"
"M1"	"BIND"	"SORBS2"
"M1"	"BIND"	"ESR1"
"M1"	"BIND"	"CRYAB"
"M1"	"BIND"	"SFN"
"M1"	"BIND"	"LRRC7"
"M1"	"BIND"	"NOD1"
"M1"	"BIND"	"PPARG"
"M1"	"BIND"	"AR"
"M1"	"BIND"	"ICAM1"
"M1"	"BIND"	"NUPR1"
"M1"	"BIND"	"CLU"
"M1"	"BIND"	"DPP6"
"M1"	"BIND"	"GADD45G"
"M1"	"BIND"	"KDR"
"M1"	"BIND"	"IQGAP2"
"M1"	"BIND"	"RAB27B"
"M1"	"BIND"	"CAV1"
"M1"	"BIND"	"APLP1"
"M1"	"BIND"	"BMP4"
"M1"	"BIND"	"FHL1"
"M1"	"BIND"	"DMD"
"M1"	"BIND"	"CDKN2A"
"M1"	"BIND"	"HLF"
"M1"	"BIND"	"ITGA2"
"M1"	"BIND"	"KIT"
"M1"	"BIND"	"ERBB3"
"M1"	"BIND"	"IRS1"
"M1"	"BIND"	"S100A10"
"M1"	"BIND"	"ERBB4"
"M1"	"BIND"	"NGFR"
"M1"	"BIND"	"FHL2"
"M1"	"BIND"	"GRIK2"
"M1"	"BIND"	"GRB7"
"M1"	"BIND"	"DPP4"
"M1"	"BIND"	"PGR"
"M1"	"BIND"	"MET"
"M1"	"BIND"	"HSPB8"
"M1"	"BIND"	"RAP1GAP"
"M1"	"BIND"	"SNAI1"
"M1"	"BIND"	"CEBPA"
"M1"	"BIND"	"TRIB3"
"M1"	"BIND"	"NRP2"
"M1"	"BIND"	"APOE"
"M1"	"BIND"	"LGALS1"
"M1"	"BIND"	"PTGS2"
"M1"	"BIND"	"FRK"
"M1"	"BIND"	"CXCL8"
"M1"	"BIND"	"PYGM"
"M1"	"BIND"	"FOSL1"
"M1"	"BIND"	"COL7A1"
"M1"	"BIND"	"LIF"
"M1"	"BIND"	"NR1D1"
"M1"	"BIND"	"CA12"
"M1"	"BIND"	"RUNX1"
"M1"	"BIND"	"TREM1"
"M1"	"BIND"	"PGF"
"M1"	"BIND"	"CD22"
"M1"	"BIND"	"CXCL2"
"M1"	"BIND"	"SERPINA1"
"M1"	"BIND"	"CD55"
"M1"	"BIND"	"TGM1"
"M1"	"BIND"	"PLAUR"
"M1"	"BIND"	"CTSC"
"M1"	"BIND"	"TIMP1"
"M1"	"BIND"	"BNIPL"
"M1"	"BIND"	"EDA"
"M1"	"BIND"	"PAPSS2"
"M1"	"BIND"	"S100A6"
"M1"	"BIND"	"ASGR1"
"M1"	"BIND"	"VWF"
"M1"	"BIND"	"S100A4"
"M1"	"BIND"	"SHC3"
"M1"	"BIND"	"F5"
"M1"	"BIND"	"IGFBP5"
"M1"	"BIND"	"PLAU"
"M1"	"BIND"	"PKNOX2"
"M1"	"BIND"	"TGFB2"
"M1"	"BIND"	"NPR3"
"M1"	"BIND"	"GSTM3"
"M1"	"BIND"	"FCER1A"
"M1"	"BIND"	"PMAIP1"
"M1"	"BIND"	"PEBP4"
"M1"	"BIND"	"S100B"
"M1"	"BIND"	"S100A1"
"M1"	"BIND"	"NQO1"
"M1"	"BIND"	"RXRG"
"M1"	"BIND"	"ALOX5"
"M1"	"BIND"	"GALE"
"M1"	"BIND"	"EPHB3"
"M1"	"BIND"	"ELMO1"
"M1"	"BIND"	"EPHB1"
"M1"	"BIND"	"HRK"
"M1"	"BIND"	"IL1RN"
"M1"	"BIND"	"KCNK3"
"M1"	"BIND"	"MAOB"
"M1"	"BIND"	"CRABP2"
"M1"	"BIND"	"PDE4C"
"M1"	"BIND"	"CHI3L1"
"M1"	"BIND"	"TFF3"
"M1"	"BIND"	"SGCD"
"M1"	"BIND"	"NMU"
"M1"	"BIND"	"LRP4"
"M1"	"BIND"	"B3GAT1"
"M1"	"BIND"	"KY"
"M1"	"INNATEDB"	"SLC2A4"
"M1"	"INNATEDB"	"BHLHE40"
"M1"	"INNATEDB"	"ROR2"
"M1"	"INNATEDB"	"ESR1"
"M1"	"INNATEDB"	"SFN"
"M1"	"INNATEDB"	"MDFI"
"M1"	"INNATEDB"	"NOD1"
"M1"	"INNATEDB"	"ITGB4"
"M1"	"INNATEDB"	"PPARG"
"M1"	"INNATEDB"	"ALDH3B1"
"M1"	"INNATEDB"	"AR"
"M1"	"INNATEDB"	"ICAM1"
"M1"	"INNATEDB"	"CLU"
"M1"	"INNATEDB"	"DPP6"
"M1"	"INNATEDB"	"GADD45G"
"M1"	"INNATEDB"	"LTF"
"M1"	"INNATEDB"	"KDR"
"M1"	"INNATEDB"	"LGALS3"
"M1"	"INNATEDB"	"CAV1"
"M1"	"INNATEDB"	"CD36"
"M1"	"INNATEDB"	"NOX4"
"M1"	"INNATEDB"	"ANXA1"
"M1"	"INNATEDB"	"ZBTB16"
"M1"	"INNATEDB"	"BMP4"
"M1"	"INNATEDB"	"RUNX2"
"M1"	"INNATEDB"	"DMD"
"M1"	"INNATEDB"	"CDKN2A"
"M1"	"INNATEDB"	"GATA3"
"M1"	"INNATEDB"	"KIT"
"M1"	"INNATEDB"	"IRS1"
"M1"	"INNATEDB"	"S100A10"
"M1"	"INNATEDB"	"ERBB4"
"M1"	"INNATEDB"	"PPARGC1A"
"M1"	"INNATEDB"	"FHL2"
"M1"	"INNATEDB"	"AMIGO2"
"M1"	"INNATEDB"	"TGFA"
"M1"	"INNATEDB"	"DPP4"
"M1"	"INNATEDB"	"DLG2"
"M1"	"INNATEDB"	"MET"
"M1"	"INNATEDB"	"SNAI1"
"M1"	"INNATEDB"	"KRT15"
"M1"	"INNATEDB"	"ALK"
"M1"	"INNATEDB"	"TRIB3"
"M1"	"INNATEDB"	"LGALS1"
"M1"	"INNATEDB"	"LRP2"
"M1"	"INNATEDB"	"PTGS2"
"M1"	"INNATEDB"	"ID1"
"M1"	"INNATEDB"	"KCNJ2"
"M1"	"INNATEDB"	"TIAM1"
"M1"	"INNATEDB"	"EPHA4"
"M1"	"INNATEDB"	"RND1"
"M1"	"INNATEDB"	"ANK2"
"M1"	"INNATEDB"	"PELI1"
"M1"	"INNATEDB"	"CXCL8"
"M1"	"INNATEDB"	"CDKN2B"
"M1"	"INNATEDB"	"FOSL1"
"M1"	"INNATEDB"	"HMGA2"
"M1"	"INNATEDB"	"DUSP4"
"M1"	"INNATEDB"	"ATP1B2"
"M1"	"INNATEDB"	"ITPR1"
"M1"	"INNATEDB"	"RUNX1"
"M1"	"INNATEDB"	"GREB1"
"M1"	"INNATEDB"	"HSF4"
"M1"	"INNATEDB"	"SLC2A3"
"M1"	"INNATEDB"	"AQP5"
"M1"	"INNATEDB"	"TREM1"
"M1"	"INNATEDB"	"KRT17"
"M1"	"INNATEDB"	"MDK"
"M1"	"INNATEDB"	"CDH3"
"M1"	"INNATEDB"	"ANXA2"
"M1"	"INNATEDB"	"CD22"
"M1"	"INNATEDB"	"CXCL2"
"M1"	"INNATEDB"	"SERPINA1"
"M1"	"INNATEDB"	"TCF7"
"M1"	"INNATEDB"	"SLC1A5"
"M1"	"INNATEDB"	"IL1RAP"
"M1"	"INNATEDB"	"CLIP3"
"M1"	"INNATEDB"	"LDLR"
"M1"	"INNATEDB"	"PLAUR"
"M1"	"INNATEDB"	"TIMP1"
"M1"	"INNATEDB"	"APBA2"
"M1"	"INNATEDB"	"TNFSF15"
"M1"	"INNATEDB"	"SSX1"
"M1"	"INNATEDB"	"VWF"
"M1"	"INNATEDB"	"MUC1"
"M1"	"INNATEDB"	"S100A4"
"M1"	"INNATEDB"	"PLAU"
"M1"	"INNATEDB"	"CFI"
"M1"	"INNATEDB"	"CFH"
"M1"	"INNATEDB"	"FCER1A"
"M1"	"INNATEDB"	"CDH16"
"M1"	"INNATEDB"	"TNFRSF10C"
"M1"	"INNATEDB"	"CA2"
"M1"	"INNATEDB"	"AGER"
"M1"	"INNATEDB"	"FBN2"
"M1"	"INNATEDB"	"PMAIP1"
"M1"	"INNATEDB"	"S100B"
"M1"	"INNATEDB"	"NQO1"
"M1"	"INNATEDB"	"ALOX5"
"M1"	"INNATEDB"	"COL14A1"
"M1"	"INNATEDB"	"NTRK3"
"M1"	"INNATEDB"	"ARHGAP24"
"M1"	"INNATEDB"	"ABCG2"
"M1"	"INNATEDB"	"PTPRE"
"M1"	"INNATEDB"	"CLIC5"
"M1"	"INNATEDB"	"RARRES2"
"M1"	"INNATEDB"	"MST1R"
"M1"	"INNATEDB"	"RGS11"
"M1"	"INNATEDB"	"KLF2"
"M1"	"INNATEDB"	"FOXQ1"
"M1"	"INNATEDB"	"LGI2"
"M1"	"INNATEDB"	"PCSK1N"
"M1"	"INNATEDB"	"KCNIP3"
"M1"	"INNATEDB"	"KCNK3"
"M1"	"INNATEDB"	"SLC6A12"
"M1"	"INNATEDB"	"STC1"
"M1"	"INNATEDB"	"SEMA3B"
"M1"	"INNATEDB"	"DPY19L2"
"M1"	"INNATEDB"	"METTL7B"
"M1"	"INNATEDB"	"TESC"
"M1"	"INNATEDB"	"UNC5CL"
"M1"	"INNATEDB"	"NFKBIZ"
"M1"	"INNATEDB"	"PDLIM3"
"M1"	"INNATEDB"	"PREX2"
"M1"	"INNATEDB"	"OGDHL"
"M1"	"INNATEDB"	"SCN4B"
"M1"	"INNATEDB"	"ULBP2"
"M1"	"INNATEDB"	"ADAMTS9"
"M1"	"INNATEDB"	"TFF3"
"M1"	"INNATEDB"	"NMU"
"M1"	"DIP"	"FN1"
"M1"	"DIP"	"LRRK2"
"M1"	"DIP"	"ESR1"
"M1"	"DIP"	"CRYAB"
"M1"	"DIP"	"NOD1"
"M1"	"DIP"	"KRT19"
"M1"	"DIP"	"PPARG"
"M1"	"DIP"	"AR"
"M1"	"DIP"	"ICAM1"
"M1"	"DIP"	"GABBR2"
"M1"	"DIP"	"NUPR1"
"M1"	"DIP"	"KDR"
"M1"	"DIP"	"IQGAP2"
"M1"	"DIP"	"LGALS3"
"M1"	"DIP"	"CAV1"
"M1"	"DIP"	"APLP1"
"M1"	"DIP"	"ZBTB16"
"M1"	"DIP"	"BMP4"
"M1"	"DIP"	"RUNX2"
"M1"	"DIP"	"CDKN2A"
"M1"	"DIP"	"ITGA2"
"M1"	"DIP"	"KIT"
"M1"	"DIP"	"ERBB3"
"M1"	"DIP"	"IRS1"
"M1"	"DIP"	"ERBB4"
"M1"	"DIP"	"NGFR"
"M1"	"DIP"	"PPARGC1A"
"M1"	"DIP"	"FHL2"
"M1"	"DIP"	"TGFA"
"M1"	"DIP"	"SDC4"
"M1"	"DIP"	"SHANK2"
"M1"	"DIP"	"PGR"
"M1"	"DIP"	"MET"
"M1"	"DIP"	"SNAP25"
"M1"	"DIP"	"NRP2"
"M1"	"DIP"	"APOE"
"M1"	"DIP"	"PTGS2"
"M1"	"DIP"	"TIAM1"
"M1"	"DIP"	"EPHA4"
"M1"	"DIP"	"ANK2"
"M1"	"DIP"	"CXCL8"
"M1"	"DIP"	"PNP"
"M1"	"DIP"	"FOSL1"
"M1"	"DIP"	"LIF"
"M1"	"DIP"	"NR1D1"
"M1"	"DIP"	"FOXP2"
"M1"	"DIP"	"ITPR1"
"M1"	"DIP"	"RUNX1"
"M1"	"DIP"	"NT5E"
"M1"	"DIP"	"AQP5"
"M1"	"DIP"	"ROR1"
"M1"	"DIP"	"PGF"
"M1"	"DIP"	"SERPINA1"
"M1"	"DIP"	"IL1RAP"
"M1"	"DIP"	"LDLR"
"M1"	"DIP"	"VLDLR"
"M1"	"DIP"	"TNFRSF21"
"M1"	"DIP"	"PLAUR"
"M1"	"DIP"	"SLIT2"
"M1"	"DIP"	"AGR2"
"M1"	"DIP"	"TNFSF15"
"M1"	"DIP"	"CAVIN2"
"M1"	"DIP"	"LOX"
"M1"	"DIP"	"VWF"
"M1"	"DIP"	"S100A4"
"M1"	"DIP"	"SLC4A4"
"M1"	"DIP"	"CFH"
"M1"	"DIP"	"HLA-G"
"M1"	"DIP"	"LRG1"
"M1"	"DIP"	"ITGB6"
"M1"	"DIP"	"RGS4"
"M1"	"DIP"	"ETV4"
"M1"	"DIP"	"FGF12"
"M1"	"DIP"	"NTRK3"
"M1"	"DIP"	"ARHGAP24"
"M1"	"DIP"	"CLDN16"
"M1"	"DIP"	"ABCG2"
"M1"	"DIP"	"HCN4"
"M1"	"DIP"	"ELMO1"
"M1"	"DIP"	"LIFR"
"M1"	"DIP"	"IL1RN"
"M1"	"DIP"	"GABRB3"
"M1"	"DIP"	"CRLF1"
"M1"	"DIP"	"IL22RA1"
"M1"	"DIP"	"KCNN4"
"M1"	"DIP"	"AQP4"
"M1"	"DIP"	"NECTIN4"
"M1"	"DIP"	"SLC14A1"
"M1"	"DIP"	"MYRF"
"M1"	"MGI"	"FN1"
"M1"	"MGI"	"BHLHE40"
"M1"	"MGI"	"HIST1H1C"
"M1"	"MGI"	"AR"
"M1"	"MGI"	"CAV1"
"M1"	"MGI"	"MLPH"
"M1"	"MGI"	"ANXA1"
"M1"	"MGI"	"APLP1"
"M1"	"MGI"	"BMP4"
"M1"	"MGI"	"DMD"
"M1"	"MGI"	"GATA3"
"M1"	"MGI"	"KIT"
"M1"	"MGI"	"PPARGC1A"
"M1"	"MGI"	"DLG2"
"M1"	"MGI"	"CEBPA"
"M1"	"MGI"	"ALK"
"M1"	"MGI"	"TRIM29"
"M1"	"MGI"	"LRP2"
"M1"	"MGI"	"CLDN1"
"M1"	"MGI"	"ITPR1"
"M1"	"MGI"	"REC8"
"M1"	"MGI"	"KIF5C"
"M1"	"MGI"	"KIF5A"
"M1"	"MGI"	"WNT4"
"M1"	"MGI"	"BACH2"
"M1"	"MGI"	"ANXA2"
"M1"	"MGI"	"WNT3"
"M1"	"MGI"	"WNT7B"
"M1"	"MGI"	"LDLR"
"M1"	"MGI"	"APBA2"
"M1"	"MGI"	"S100A6"
"M1"	"MGI"	"RIMS2"
"M1"	"MGI"	"LAMA1"
"M1"	"MGI"	"MAG"
"M1"	"MGI"	"SYTL5"
"M1"	"MGI"	"ICAM5"
"M1"	"MGI"	"GJB6"
"M1"	"MGI"	"WNT5A"
"M1"	"MGI"	"GABRB2"
"M1"	"MGI"	"SGCD"
"M1"	"MGI"	"EBF2"
"M1"	"INNATEDB_Mouse"	"SMAD9"
"M1"	"INNATEDB_Mouse"	"GULP1"
"M1"	"INNATEDB_Mouse"	"ESR1"
"M1"	"INNATEDB_Mouse"	"MDFI"
"M1"	"INNATEDB_Mouse"	"PPARG"
"M1"	"INNATEDB_Mouse"	"AR"
"M1"	"INNATEDB_Mouse"	"ICAM1"
"M1"	"INNATEDB_Mouse"	"NCAM1"
"M1"	"INNATEDB_Mouse"	"LGALS3"
"M1"	"INNATEDB_Mouse"	"CAV1"
"M1"	"INNATEDB_Mouse"	"ZBTB16"
"M1"	"INNATEDB_Mouse"	"F2RL3"
"M1"	"INNATEDB_Mouse"	"RUNX2"
"M1"	"INNATEDB_Mouse"	"GATA3"
"M1"	"INNATEDB_Mouse"	"KIT"
"M1"	"INNATEDB_Mouse"	"IRS1"
"M1"	"INNATEDB_Mouse"	"TNFRSF19"
"M1"	"INNATEDB_Mouse"	"PPARGC1A"
"M1"	"INNATEDB_Mouse"	"FHL2"
"M1"	"INNATEDB_Mouse"	"ELF3"
"M1"	"INNATEDB_Mouse"	"TNC"
"M1"	"INNATEDB_Mouse"	"CEBPA"
"M1"	"INNATEDB_Mouse"	"MAFF"
"M1"	"INNATEDB_Mouse"	"TIAM1"
"M1"	"INNATEDB_Mouse"	"EPHA4"
"M1"	"INNATEDB_Mouse"	"PELI1"
"M1"	"INNATEDB_Mouse"	"CDKN2B"
"M1"	"INNATEDB_Mouse"	"RUNX1"
"M1"	"INNATEDB_Mouse"	"TSPAN7"
"M1"	"INNATEDB_Mouse"	"TREM1"
"M1"	"INNATEDB_Mouse"	"CDO1"
"M1"	"INNATEDB_Mouse"	"CD22"
"M1"	"INNATEDB_Mouse"	"CXCL2"
"M1"	"INNATEDB_Mouse"	"IL1RAP"
"M1"	"INNATEDB_Mouse"	"CLIP3"
"M1"	"INNATEDB_Mouse"	"IL1RL1"
"M1"	"INNATEDB_Mouse"	"ADAM22"
"M1"	"INNATEDB_Mouse"	"CDON"
"M1"	"INNATEDB_Mouse"	"MAG"
"M1"	"INNATEDB_Mouse"	"AGER"
"M1"	"INNATEDB_Mouse"	"LCN2"
"M1"	"INNATEDB_Mouse"	"ELMO1"
"M1"	"INNATEDB_Mouse"	"ANGPT1"
"M1"	"INNATEDB_Mouse"	"KLF2"
"M1"	"INNATEDB_Mouse"	"TMPRSS13"
"M1"	"INNATEDB_Mouse"	"NFKBIZ"
"M1"	"INNATEDB_Mouse"	"MARCO"
"M1"	"INNATEDB_Mouse"	"DZIP1"
"M1"	"INNATEDB_Mouse"	"PAQR6"
"M1"	"INNATEDB_Mouse"	"NAPSA"
"M1"	"INNATEDB_Mouse"	"IRX3"
"M1"	"INNATEDB_Mouse"	"FREM2"
"M1"	"INNATEDB_Mouse"	"MCUB"
"M1"	"INNATEDB_Mouse"	"IL17RD"
"M1"	"BIND_Mouse"	"ESRRG"
"M1"	"BIND_Mouse"	"ESR1"
"M1"	"BIND_Mouse"	"MEOX2"
"M1"	"BIND_Mouse"	"PPARG"
"M1"	"BIND_Mouse"	"CLU"
"M1"	"BIND_Mouse"	"MLPH"
"M1"	"BIND_Mouse"	"BMP4"
"M1"	"BIND_Mouse"	"DMD"
"M1"	"BIND_Mouse"	"ITGA2"
"M1"	"BIND_Mouse"	"GATA3"
"M1"	"BIND_Mouse"	"KIT"
"M1"	"BIND_Mouse"	"IRS1"
"M1"	"BIND_Mouse"	"PPARGC1A"
"M1"	"BIND_Mouse"	"FHL2"
"M1"	"BIND_Mouse"	"CEBPA"
"M1"	"BIND_Mouse"	"SNAP25"
"M1"	"BIND_Mouse"	"PTGS2"
"M1"	"BIND_Mouse"	"ID1"
"M1"	"BIND_Mouse"	"KCNJ2"
"M1"	"BIND_Mouse"	"FRK"
"M1"	"BIND_Mouse"	"RND1"
"M1"	"BIND_Mouse"	"ARNTL"
"M1"	"BIND_Mouse"	"CLDN1"
"M1"	"BIND_Mouse"	"ITPR1"
"M1"	"BIND_Mouse"	"DOK5"
"M1"	"BIND_Mouse"	"WNT4"
"M1"	"BIND_Mouse"	"BACH2"
"M1"	"BIND_Mouse"	"CD22"
"M1"	"BIND_Mouse"	"FABP4"
"M1"	"BIND_Mouse"	"RIMS2"
"M1"	"BIND_Mouse"	"SHC3"
"M1"	"BIND_Mouse"	"CPE"
"M1"	"BIND_Mouse"	"HLA-G"
"M1"	"BIND_Mouse"	"NQO1"
"M1"	"BIND_Mouse"	"CRABP1"
"M1"	"BIND_Mouse"	"FREM2"
"M1"	"BIND_Mouse"	"SGCD"
"M1"	"BIND_Mouse"	"LRRC4C"
"M1"	"BioGrid_Mouse"	"SMAD9"
"M1"	"BioGrid_Mouse"	"SLC2A4"
"M1"	"BioGrid_Mouse"	"TFCP2L1"
"M1"	"BioGrid_Mouse"	"LRRK2"
"M1"	"BioGrid_Mouse"	"ESRRG"
"M1"	"BioGrid_Mouse"	"BHLHE40"
"M1"	"BioGrid_Mouse"	"ROR2"
"M1"	"BioGrid_Mouse"	"PBX3"
"M1"	"BioGrid_Mouse"	"SORBS2"
"M1"	"BioGrid_Mouse"	"ESR1"
"M1"	"BioGrid_Mouse"	"MEOX2"
"M1"	"BioGrid_Mouse"	"SFN"
"M1"	"BioGrid_Mouse"	"NOD1"
"M1"	"BioGrid_Mouse"	"TRIM54"
"M1"	"BioGrid_Mouse"	"PPARG"
"M1"	"BioGrid_Mouse"	"PPP2R2B"
"M1"	"BioGrid_Mouse"	"AR"
"M1"	"BioGrid_Mouse"	"NCAM1"
"M1"	"BioGrid_Mouse"	"DPP6"
"M1"	"BioGrid_Mouse"	"RBP1"
"M1"	"BioGrid_Mouse"	"KDR"
"M1"	"BioGrid_Mouse"	"LGALS3"
"M1"	"BioGrid_Mouse"	"CAV1"
"M1"	"BioGrid_Mouse"	"ANXA1"
"M1"	"BioGrid_Mouse"	"ZBTB16"
"M1"	"BioGrid_Mouse"	"BMP4"
"M1"	"BioGrid_Mouse"	"RUNX2"
"M1"	"BioGrid_Mouse"	"FHL1"
"M1"	"BioGrid_Mouse"	"PHYHIP"
"M1"	"BioGrid_Mouse"	"DMD"
"M1"	"BioGrid_Mouse"	"CDKN2A"
"M1"	"BioGrid_Mouse"	"HLF"
"M1"	"BioGrid_Mouse"	"GATA3"
"M1"	"BioGrid_Mouse"	"KIT"
"M1"	"BioGrid_Mouse"	"IRS1"
"M1"	"BioGrid_Mouse"	"NGFR"
"M1"	"BioGrid_Mouse"	"TNFRSF19"
"M1"	"BioGrid_Mouse"	"PROX1"
"M1"	"BioGrid_Mouse"	"PPARGC1A"
"M1"	"BioGrid_Mouse"	"FHL2"
"M1"	"BioGrid_Mouse"	"PGR"
"M1"	"BioGrid_Mouse"	"MET"
"M1"	"BioGrid_Mouse"	"CEBPA"
"M1"	"BioGrid_Mouse"	"SNAP25"
"M1"	"BioGrid_Mouse"	"ALK"
"M1"	"BioGrid_Mouse"	"FBXO2"
"M1"	"BioGrid_Mouse"	"TRIB3"
"M1"	"BioGrid_Mouse"	"MAFF"
"M1"	"BioGrid_Mouse"	"APOE"
"M1"	"BioGrid_Mouse"	"LIN7A"
"M1"	"BioGrid_Mouse"	"PTGS2"
"M1"	"BioGrid_Mouse"	"ID1"
"M1"	"BioGrid_Mouse"	"TIAM1"
"M1"	"BioGrid_Mouse"	"PRKG1"
"M1"	"BioGrid_Mouse"	"ARNTL"
"M1"	"BioGrid_Mouse"	"PELI1"
"M1"	"BioGrid_Mouse"	"SLPI"
"M1"	"BioGrid_Mouse"	"KCNQ3"
"M1"	"BioGrid_Mouse"	"MLXIPL"
"M1"	"BioGrid_Mouse"	"HR"
"M1"	"BioGrid_Mouse"	"NR1D1"
"M1"	"BioGrid_Mouse"	"CLDN1"
"M1"	"BioGrid_Mouse"	"ITPR1"
"M1"	"BioGrid_Mouse"	"RUNX1"
"M1"	"BioGrid_Mouse"	"PPL"
"M1"	"BioGrid_Mouse"	"KIF5C"
"M1"	"BioGrid_Mouse"	"KIF5A"
"M1"	"BioGrid_Mouse"	"KLC3"
"M1"	"BioGrid_Mouse"	"CPEB1"
"M1"	"BioGrid_Mouse"	"ROR1"
"M1"	"BioGrid_Mouse"	"SFRP1"
"M1"	"BioGrid_Mouse"	"MDK"
"M1"	"BioGrid_Mouse"	"WNT4"
"M1"	"BioGrid_Mouse"	"BACH2"
"M1"	"BioGrid_Mouse"	"RASGRF1"
"M1"	"BioGrid_Mouse"	"ANXA2"
"M1"	"BioGrid_Mouse"	"WNT7B"
"M1"	"BioGrid_Mouse"	"UHRF1"
"M1"	"BioGrid_Mouse"	"SLC1A5"
"M1"	"BioGrid_Mouse"	"IL1RAP"
"M1"	"BioGrid_Mouse"	"CLIP3"
"M1"	"BioGrid_Mouse"	"LDLR"
"M1"	"BioGrid_Mouse"	"VLDLR"
"M1"	"BioGrid_Mouse"	"SLIT2"
"M1"	"BioGrid_Mouse"	"SYNE1"
"M1"	"BioGrid_Mouse"	"NOVA1"
"M1"	"BioGrid_Mouse"	"RIMS2"
"M1"	"BioGrid_Mouse"	"CDON"
"M1"	"BioGrid_Mouse"	"S100A4"
"M1"	"BioGrid_Mouse"	"SHC3"
"M1"	"BioGrid_Mouse"	"LAMA1"
"M1"	"BioGrid_Mouse"	"TGFB2"
"M1"	"BioGrid_Mouse"	"SOX8"
"M1"	"BioGrid_Mouse"	"NQO1"
"M1"	"BioGrid_Mouse"	"CITED1"
"M1"	"BioGrid_Mouse"	"EYA2"
"M1"	"BioGrid_Mouse"	"RXRG"
"M1"	"BioGrid_Mouse"	"ALOX5"
"M1"	"BioGrid_Mouse"	"EPHB3"
"M1"	"BioGrid_Mouse"	"HCN4"
"M1"	"BioGrid_Mouse"	"EPHB1"
"M1"	"BioGrid_Mouse"	"KLF2"
"M1"	"BioGrid_Mouse"	"FOXQ1"
"M1"	"BioGrid_Mouse"	"EHF"
"M1"	"BioGrid_Mouse"	"RYR2"
"M1"	"BioGrid_Mouse"	"KCNIP3"
"M1"	"BioGrid_Mouse"	"SYTL5"
"M1"	"BioGrid_Mouse"	"FBXL16"
"M1"	"BioGrid_Mouse"	"WNT5A"
"M1"	"BioGrid_Mouse"	"MYCL"
"M1"	"BioGrid_Mouse"	"SOD3"
"M1"	"BioGrid_Mouse"	"HES6"
"M1"	"BioGrid_Mouse"	"PDLIM4"
"M1"	"BCI"	"FN1"
"M1"	"BCI"	"ROR2"
"M1"	"BCI"	"CA4"
"M1"	"BCI"	"ESR1"
"M1"	"BCI"	"HIST1H1C"
"M1"	"BCI"	"CRYAB"
"M1"	"BCI"	"SFN"
"M1"	"BCI"	"ICAM1"
"M1"	"BCI"	"CLU"
"M1"	"BCI"	"RBP1"
"M1"	"BCI"	"CAV1"
"M1"	"BCI"	"ANXA1"
"M1"	"BCI"	"APLP1"
"M1"	"BCI"	"RUNX2"
"M1"	"BCI"	"FHL1"
"M1"	"BCI"	"DMD"
"M1"	"BCI"	"CDKN2A"
"M1"	"BCI"	"GATA3"
"M1"	"BCI"	"ERBB3"
"M1"	"BCI"	"IRS1"
"M1"	"BCI"	"NGFR"
"M1"	"BCI"	"FHL2"
"M1"	"BCI"	"TSC22D1"
"M1"	"BCI"	"SDC4"
"M1"	"BCI"	"GRB7"
"M1"	"BCI"	"RND3"
"M1"	"BCI"	"TNC"
"M1"	"BCI"	"CEBPA"
"M1"	"BCI"	"NRP2"
"M1"	"BCI"	"APOE"
"M1"	"BCI"	"LGALS1"
"M1"	"BCI"	"ID1"
"M1"	"BCI"	"TIAM1"
"M1"	"BCI"	"ARNTL"
"M1"	"BCI"	"CXCL8"
"M1"	"BCI"	"PNP"
"M1"	"BCI"	"CETP"
"M1"	"BCI"	"COL7A1"
"M1"	"BCI"	"DUSP4"
"M1"	"BCI"	"ENTPD2"
"M1"	"BCI"	"ITPR1"
"M1"	"BCI"	"RUNX1"
"M1"	"BCI"	"HSF4"
"M1"	"BCI"	"PPL"
"M1"	"BCI"	"KIF5C"
"M1"	"BCI"	"PGF"
"M1"	"BCI"	"MDK"
"M1"	"BCI"	"RASGRF1"
"M1"	"BCI"	"ANXA2"
"M1"	"BCI"	"GPD1"
"M1"	"BCI"	"CXCL2"
"M1"	"BCI"	"CD55"
"M1"	"BCI"	"IL1RAP"
"M1"	"BCI"	"LDLR"
"M1"	"BCI"	"PLAUR"
"M1"	"BCI"	"FABP4"
"M1"	"BCI"	"CTSC"
"M1"	"BCI"	"SYNE1"
"M1"	"BCI"	"EDA"
"M1"	"BCI"	"RIMS2"
"M1"	"BCI"	"IL1RL1"
"M1"	"BCI"	"LOX"
"M1"	"BCI"	"ASGR1"
"M1"	"BCI"	"RGS16"
"M1"	"BCI"	"MUC1"
"M1"	"BCI"	"S100A4"
"M1"	"BCI"	"COL9A3"
"M1"	"BCI"	"IGFBP5"
"M1"	"BCI"	"PLAU"
"M1"	"BCI"	"MMP7"
"M1"	"BCI"	"MT2A"
"M1"	"BCI"	"CFH"
"M1"	"BCI"	"HLA-G"
"M1"	"BCI"	"MAG"
"M1"	"BCI"	"CDH16"
"M1"	"BCI"	"DST"
"M1"	"BCI"	"PKP1"
"M1"	"BCI"	"CA2"
"M1"	"BCI"	"AGER"
"M1"	"BCI"	"CTSH"
"M1"	"BCI"	"S100A2"
"M1"	"BCI"	"MT1F"
"M1"	"BCI"	"MT1G"
"M1"	"BCI"	"NQO1"
"M1"	"BCI"	"LPL"
"M1"	"BCI"	"ALOX5"
"M1"	"BCI"	"INHBB"
"M1"	"BCI"	"PTPRE"
"M1"	"BCI"	"LCN2"
"M1"	"BCI"	"ADM"
"M1"	"BCI"	"ELMO1"
"M1"	"BCI"	"ANGPT1"
"M1"	"BCI"	"UPP1"
"M1"	"BCI"	"CDC42EP3"
"M1"	"BCI"	"TNNI1"
"M1"	"BCI"	"IL1RN"
"M1"	"BCI"	"GPM6A"
"M1"	"BCI"	"NEB"
"M1"	"BCI"	"KCNK3"
"M1"	"BCI"	"LY6E"
"M1"	"BCI"	"DUSP5"
"M1"	"BCI"	"DUSP6"
"M1"	"BCI"	"SPOCK2"
"M1"	"BioGrid_Yeast"	"PSAT1"
"M1"	"BioGrid_Yeast"	"ALDH3B1"
"M1"	"BioGrid_Yeast"	"FA2H"
"M1"	"BioGrid_Yeast"	"ABCC3"
"M1"	"BioGrid_Yeast"	"DPP4"
"M1"	"BioGrid_Yeast"	"TUSC3"
"M1"	"BioGrid_Yeast"	"QPRT"
"M1"	"BioGrid_Yeast"	"SLC4A4"
"M1"	"BioGrid_Yeast"	"ABCG2"
"M1"	"BioGrid_Yeast"	"HACD1"
"M1"	"IntAct_Fly"	"PSAT1"
"M1"	"IntAct_Fly"	"NCAM1"
"M1"	"IntAct_Fly"	"DMD"
"M1"	"IntAct_Fly"	"BAIAP3"
"M1"	"IntAct_Fly"	"NEGR1"
"M1"	"IntAct_Fly"	"SNAP25"
"M1"	"IntAct_Fly"	"PRKG1"
"M1"	"IntAct_Fly"	"SDK2"
"M1"	"IntAct_Fly"	"PYGM"
"M1"	"IntAct_Fly"	"ATP1B2"
"M1"	"IntAct_Fly"	"PYCR1"
"M1"	"IntAct_Fly"	"SLC2A3"
"M1"	"IntAct_Fly"	"MELTF"
"M1"	"IntAct_Fly"	"PAPLN"
"M1"	"IntAct_Fly"	"WNT7B"
"M1"	"IntAct_Fly"	"PTPRD"
"M1"	"IntAct_Fly"	"TPPP"
"M1"	"IntAct_Fly"	"HGD"
"M1"	"IntAct_Fly"	"GPAM"
"M1"	"IntAct_Fly"	"GALE"
"M1"	"IntAct_Fly"	"PHYHD1"
"M1"	"IntAct_Fly"	"ELMO1"
"M1"	"IntAct_Fly"	"EPHB1"
"M1"	"IntAct_Fly"	"PDE5A"
"M1"	"FlyLow"	"DMD"
"M1"	"FlyLow"	"PRKG1"
"M1"	"FlyLow"	"SLC2A3"
"M1"	"FlyLow"	"KLHL3"
"M1"	"FlyLow"	"MELTF"
"M1"	"FlyLow"	"PAPLN"
"M1"	"FlyLow"	"TPPP"
"M1"	"FlyLow"	"GPAM"
"M1"	"MINT_Fly"	"PSAT1"
"M1"	"MINT_Fly"	"DMD"
"M1"	"MINT_Fly"	"PRKG1"
"M1"	"MINT_Fly"	"ARNTL"
"M1"	"MINT_Fly"	"PYCR1"
"M1"	"MINT_Fly"	"KLHL3"
"M1"	"MINT_Fly"	"PAPLN"
"M1"	"MINT_Fly"	"PTPRD"
"M1"	"MINT_Fly"	"TPPP"
"M1"	"MINT_Fly"	"HGD"
"M1"	"MINT_Fly"	"GPAM"
"M1"	"MINT_Fly"	"GALE"
"M1"	"MINT_Fly"	"IYD"
"M1"	"JonesErbB1"	"ERBB3"
"M1"	"JonesErbB1"	"ERBB4"
"M1"	"MINT_Rat"	"SLC2A4"
"M1"	"MINT_Rat"	"SORBS2"
"M1"	"MINT_Rat"	"LRRC7"
"M1"	"MINT_Rat"	"GABBR2"
"M1"	"MINT_Rat"	"IRS1"
"M1"	"MINT_Rat"	"NGFR"
"M1"	"MINT_Rat"	"SYT1"
"M1"	"MINT_Rat"	"GRM4"
"M1"	"MINT_Rat"	"SHANK2"
"M1"	"MINT_Rat"	"SNAP25"
"M1"	"MINT_Rat"	"APBA2"
"M1"	"MINT_Rat"	"RIMS2"
"M1"	"MINT_Rat"	"ADORA1"
"M1"	"MINT_Rat"	"GRIN2C"
"M1"	"Jorgensen_EphR"	"GRB7"
"M1"	"Jorgensen_EphR"	"PKP2"
"M1"	"BioGrid_Rat"	"SORBS2"
"M1"	"BioGrid_Rat"	"ESR1"
"M1"	"BioGrid_Rat"	"LRRC7"
"M1"	"BioGrid_Rat"	"GABBR2"
"M1"	"BioGrid_Rat"	"CAV1"
"M1"	"BioGrid_Rat"	"RUNX2"
"M1"	"BioGrid_Rat"	"IRS1"
"M1"	"BioGrid_Rat"	"NGFR"
"M1"	"BioGrid_Rat"	"GRIK2"
"M1"	"BioGrid_Rat"	"GLRB"
"M1"	"BioGrid_Rat"	"CXXC4"
"M1"	"BioGrid_Rat"	"DACT1"
"M1"	"BioGrid_Rat"	"CEBPA"
"M1"	"BioGrid_Rat"	"SNAP25"
"M1"	"BioGrid_Rat"	"FBXO2"
"M1"	"BioGrid_Rat"	"TRPC5"
"M1"	"BioGrid_Rat"	"NRXN2"
"M1"	"BioGrid_Rat"	"SDK2"
"M1"	"BioGrid_Rat"	"HR"
"M1"	"BioGrid_Rat"	"ITPR1"
"M1"	"BioGrid_Rat"	"SRCIN1"
"M1"	"BioGrid_Rat"	"MDK"
"M1"	"BioGrid_Rat"	"APBA2"
"M1"	"BioGrid_Rat"	"TG"
"M1"	"BioGrid_Rat"	"S100B"
"M1"	"BioGrid_Rat"	"KCNAB1"
"M1"	"BioGrid_Rat"	"NTRK3"
"M1"	"BioGrid_Rat"	"EPHB1"
"M1"	"BioGrid_Rat"	"KCNIP3"
"M1"	"BIND_Rat"	"SORBS2"
"M1"	"BIND_Rat"	"AR"
"M1"	"BIND_Rat"	"NCAM1"
"M1"	"BIND_Rat"	"NOX4"
"M1"	"BIND_Rat"	"ERBB3"
"M1"	"BIND_Rat"	"IRS1"
"M1"	"BIND_Rat"	"ERBB4"
"M1"	"BIND_Rat"	"NGFR"
"M1"	"BIND_Rat"	"SYT1"
"M1"	"BIND_Rat"	"GRIK2"
"M1"	"BIND_Rat"	"SHANK2"
"M1"	"BIND_Rat"	"CEBPA"
"M1"	"BIND_Rat"	"SNAP25"
"M1"	"BIND_Rat"	"KCNJ2"
"M1"	"BIND_Rat"	"NRXN2"
"M1"	"BIND_Rat"	"SV2A"
"M1"	"BIND_Rat"	"APBA2"
"M1"	"BIND_Rat"	"RIMS2"
"M1"	"BIND_Rat"	"ADORA1"
"M1"	"BIND_Rat"	"S100B"
"M1"	"BIND_Rat"	"RGS4"
"M1"	"BIND_Rat"	"KCNAB1"
"M1"	"BIND_Rat"	"EPHB1"
"M1"	"BIND_Rat"	"MAOB"
"M1"	"BIND_Rat"	"DUSP6"
"M1"	"BIND_Rat"	"CACNB2"
"M1"	"BIND_Rat"	"NMU"
"M1"	"BIND_Fly"	"PSAT1"
"M1"	"BIND_Fly"	"CRYAB"
"M1"	"BIND_Fly"	"NEGR1"
"M1"	"BIND_Fly"	"ARNTL"
"M1"	"BIND_Fly"	"PYCR1"
"M1"	"BIND_Fly"	"SLC2A3"
"M1"	"BIND_Fly"	"KLHL3"
"M1"	"BIND_Fly"	"MELTF"
"M1"	"BIND_Fly"	"PAPLN"
"M1"	"BIND_Fly"	"TPPP"
"M1"	"BIND_Fly"	"HGD"
"M1"	"BIND_Fly"	"GALE"
"M1"	"BIND_Fly"	"PHYHD1"
"M1"	"StelzlMedium"	"OLFM2"
"M1"	"StelzlMedium"	"GABBR2"
"M1"	"StelzlMedium"	"ANXA3"
"M1"	"StelzlMedium"	"APLP1"
"M1"	"StelzlMedium"	"PHYHIP"
"M1"	"StelzlMedium"	"TSC22D1"
"M1"	"StelzlMedium"	"RAP1GAP"
"M1"	"StelzlMedium"	"MAFF"
"M1"	"StelzlMedium"	"SLC27A6"
"M1"	"StelzlMedium"	"PNP"
"M1"	"StelzlMedium"	"CDKN2B"
"M1"	"StelzlMedium"	"PRSS23"
"M1"	"StelzlMedium"	"SCG5"
"M1"	"StelzlMedium"	"STC2"
"M1"	"StelzlMedium"	"PLAUR"
"M1"	"StelzlMedium"	"FABP4"
"M1"	"StelzlMedium"	"S100A4"
"M1"	"StelzlMedium"	"IGFBP5"
"M1"	"StelzlMedium"	"CPE"
"M1"	"StelzlMedium"	"TNFRSF10C"
"M1"	"StelzlMedium"	"PMAIP1"
"M1"	"StelzlMedium"	"LPL"
"M1"	"StelzlMedium"	"ARMCX3"
"M1"	"StelzlMedium"	"TM4SF1"
"M1"	"StelzlMedium"	"CKMT2"
"M1"	"StelzlMedium"	"PLEKHA4"
"M1"	"StelzlMedium"	"SUSD4"
"M1"	"StelzlMedium"	"AKR1C3"
"M1"	"StelzlMedium"	"PLPP2"
"M1"	"StelzlMedium"	"KLK10"
"M1"	"StelzlLow"	"OLFM2"
"M1"	"StelzlLow"	"PHYHIP"
"M1"	"StelzlLow"	"COL7A1"
"M1"	"StelzlLow"	"SLC1A5"
"M1"	"StelzlLow"	"PLAUR"
"M1"	"StelzlLow"	"NOVA1"
"M1"	"StelzlLow"	"IGFBP5"
"M1"	"StelzlLow"	"PMAIP1"
"M1"	"StelzlLow"	"RXRG"
"M1"	"StelzlLow"	"SEPT3"
"M1"	"StelzlLow"	"SUSD4"
"M1"	"StelzlLow"	"AKR1C3"
"M1"	"StelzlLow"	"PPP1R1B"
"M1"	"VidalHuman_non_core"	"FAM107A"
"M1"	"VidalHuman_non_core"	"PBX3"
"M1"	"VidalHuman_non_core"	"MEOX2"
"M1"	"VidalHuman_non_core"	"SFN"
"M1"	"VidalHuman_non_core"	"MDFI"
"M1"	"VidalHuman_non_core"	"KRT19"
"M1"	"VidalHuman_non_core"	"ZBTB16"
"M1"	"VidalHuman_non_core"	"TACSTD2"
"M1"	"VidalHuman_non_core"	"HSPB8"
"M1"	"VidalHuman_non_core"	"SNAI1"
"M1"	"VidalHuman_non_core"	"KRT15"
"M1"	"VidalHuman_non_core"	"LGALS1"
"M1"	"VidalHuman_non_core"	"GABRD"
"M1"	"VidalHuman_non_core"	"P2RY6"
"M1"	"VidalHuman_non_core"	"CXCL2"
"M1"	"VidalHuman_non_core"	"S100A1"
"M1"	"VidalHuman_non_core"	"EYA2"
"M1"	"VidalHuman_non_core"	"RXRG"
"M1"	"VidalHuman_non_core"	"FGF12"
"M1"	"VidalHuman_non_core"	"ARMCX3"
"M1"	"VidalHuman_non_core"	"DUSP6"
"M1"	"VidalHuman_non_core"	"CRABP2"
"M1"	"VidalHuman_non_core"	"HPCAL4"
"M1"	"VidalHuman_non_core"	"NMU"
"M1"	"VidalHuman_non_core"	"DNASE1L3"
"M1"	"VidalHuman_non_core"	"SLCO4A1"
"M1"	"VidalHuman_non_core"	"SFTPB"
"M1"	"VidalHuman_non_core"	"MFGE8"
"M1"	"YeastMedium"	"DPP4"
"M1"	"YeastMedium"	"TUSC3"
"M1"	"YeastMedium"	"PNP"
"M1"	"YeastMedium"	"QPRT"
"M1"	"BioGrid_Worm"	"SMAD9"
"M1"	"BioGrid_Worm"	"ROR2"
"M1"	"BioGrid_Worm"	"DLG2"
"M1"	"BioGrid_Worm"	"EPHA4"
"M1"	"BioGrid_Worm"	"PYGM"
"M1"	"BioGrid_Worm"	"HGD"
"M1"	"BioGrid_Worm"	"CPE"
"M1"	"BioGrid_Worm"	"ELMO1"
"M1"	"BioGrid_Worm"	"RASGEF1B"
"M1"	"YeastLow"	"PSAT1"
"M1"	"YeastLow"	"PNP"
"M1"	"YeastLow"	"SLC4A4"
"M1"	"IntAct_Worm"	"ROR2"
"M1"	"IntAct_Worm"	"GULP1"
"M1"	"IntAct_Worm"	"DLG2"
"M1"	"IntAct_Worm"	"EPHA4"
"M1"	"IntAct_Worm"	"FRK"
"M1"	"IntAct_Worm"	"WNT4"
"M1"	"IntAct_Worm"	"GPD1"
"M1"	"IntAct_Worm"	"HGD"
"M1"	"IntAct_Worm"	"VAV3"
"M1"	"IntAct_Worm"	"GALE"
"M1"	"IntAct_Worm"	"ELMO1"
"M1"	"IntAct_Worm"	"LDHD"
"M1"	"DIP_Rat"	"ESR1"
"M1"	"DIP_Rat"	"AR"
"M1"	"DIP_Rat"	"NGFR"
"M1"	"DIP_Rat"	"SYT1"
"M1"	"DIP_Rat"	"GRIK2"
"M1"	"DIP_Rat"	"CEBPA"
"M1"	"DIP_Rat"	"SNAP25"
"M1"	"DIP_Rat"	"FOSL1"
"M1"	"DIP_Rat"	"ITPR1"
"M1"	"DIP_Rat"	"RIMS2"
"M1"	"DIP_Rat"	"RGS4"
"M1"	"DIP_Rat"	"EPHB1"
"M1"	"DIP_Rat"	"GABRB3"
"M1"	"DIP_Rat"	"DUSP6"
"M1"	"DIP_Rat"	"AQP4"
"M1"	"DIP_Rat"	"FNDC1"
"M1"	"DIP_Rat"	"CACNB2"
"M1"	"MINT_Mouse"	"NCAM1"
"M1"	"MINT_Mouse"	"CAV1"
"M1"	"MINT_Mouse"	"IRS1"
"M1"	"MINT_Mouse"	"SYT1"
"M1"	"MINT_Mouse"	"TSC22D1"
"M1"	"MINT_Mouse"	"GLRB"
"M1"	"MINT_Mouse"	"RND3"
"M1"	"MINT_Mouse"	"CEBPA"
"M1"	"MINT_Mouse"	"SNAP25"
"M1"	"MINT_Mouse"	"EPHA4"
"M1"	"MINT_Mouse"	"PRKG1"
"M1"	"MINT_Mouse"	"COL7A1"
"M1"	"MINT_Mouse"	"CLDN1"
"M1"	"MINT_Mouse"	"KIF5C"
"M1"	"MINT_Mouse"	"KIF5A"
"M1"	"MINT_Mouse"	"RASGRF1"
"M1"	"MINT_Mouse"	"ANXA2"
"M1"	"MINT_Mouse"	"CD22"
"M1"	"MINT_Mouse"	"UHRF1"
"M1"	"MINT_Mouse"	"SLC1A1"
"M1"	"MINT_Mouse"	"CLDN2"
"M1"	"MINT_Mouse"	"CTSC"
"M1"	"MINT_Mouse"	"LOX"
"M1"	"MINT_Mouse"	"RGS16"
"M1"	"MINT_Mouse"	"LAMA1"
"M1"	"MINT_Mouse"	"MAG"
"M1"	"MINT_Mouse"	"PTPRE"
"M1"	"MINT_Mouse"	"GJC2"
"M1"	"MINT_Mouse"	"DUSP6"
"M1"	"MINT_Mouse"	"ARHGEF28"
"M1"	"MINT_Mouse"	"GRIN2C"
"M1"	"MINT_Mouse"	"FNDC5"
"M1"	"MINT_Mouse"	"LRRC4C"
"M1"	"StelzlHigh"	"BHLHE40"
"M1"	"StelzlHigh"	"ANXA3"
"M1"	"StelzlHigh"	"TSC22D1"
"M1"	"StelzlHigh"	"SNAP25"
"M1"	"StelzlHigh"	"TRIB3"
"M1"	"StelzlHigh"	"SLC27A6"
"M1"	"StelzlHigh"	"PNP"
"M1"	"StelzlHigh"	"CDKN2B"
"M1"	"StelzlHigh"	"PRSS23"
"M1"	"StelzlHigh"	"GPD1"
"M1"	"StelzlHigh"	"TIMP1"
"M1"	"StelzlHigh"	"AGR2"
"M1"	"StelzlHigh"	"CPE"
"M1"	"StelzlHigh"	"RXRG"
"M1"	"StelzlHigh"	"TM4SF1"
"M1"	"StelzlHigh"	"CKMT2"
"M1"	"StelzlHigh"	"TMPRSS3"
"M1"	"StelzlHigh"	"AKR1C3"
"M1"	"Krogan_NonCore"	"ALDH3B1"
"M1"	"I2D-c"	"SNAI1"
"M1"	"DIP_Yeast"	"PSAT1"
"M1"	"DIP_Yeast"	"TUSC3"
"M1"	"DIP_Yeast"	"QPRT"
"M1"	"DIP_Yeast"	"SLC38A11"
"M1"	"I2D-c_Rat"	"ADORA1"
"M1"	"Nakahira_Septin"	"SEPT3"
"M1"	"BIND_Worm"	"SMAD9"
"M1"	"BIND_Worm"	"HGD"
"M1"	"BIND_Worm"	"CPE"
"M1"	"BIND_Worm"	"RASGEF1B"
"M1"	"I2D-text_mining-c"	"FABP4"
"M1"	"I2D-text_mining-c"	"VWF"
"M1"	"I2D-text_mining-c"	"TIPARP"
"M1"	"BIND_Yeast"	"HACD1"
"M1"	"MINT_Yeast"	"ALDH3B1"
"M1"	"MINT_Yeast"	"FA2H"
"M1"	"MINT_Yeast"	"QPRT"
"M1"	"DIP_Worm"	"SMAD9"
"M1"	"DIP_Worm"	"FRK"
"M1"	"DIP_Worm"	"HGD"
"M1"	"DIP_Worm"	"CPE"
"M1"	"DIP_Worm"	"GALE"
"M1"	"DIP_Worm"	"LDHD"
"M1"	"FlyHead"	"ARNTL"
"M1"	"Krogan_Core"	"ALDH3B1"
"M1"	"ShawnLi"	"RYR1"
"M1"	"Fawcett_polarity_Rat"	"KIF5A"
"M1"	"Fawcett_polarity_Rat"	"SPTBN2"
"M1"	"MIPS"	"QPRT"
"M1"	"CORE_2"	"SMAD9"
"M1"	"CORE_2"	"HGD"
"M1"	"CORE_2"	"CPE"
"M1"	"NON_CORE"	"RASGEF1B"
"M1"	"Tarassov_PCA"	"FA2H"
"M2"	"BioGrid_Mouse"	"FOXP3"
"M2"	"BioGrid_Mouse"	"CD247"
"M2"	"BioGrid_Mouse"	"MYC"
"M2"	"BioGrid_Mouse"	"CORO1A"
"M2"	"BioGrid_Mouse"	"TYROBP"
"M2"	"BioGrid_Mouse"	"BTK"
"M2"	"BioGrid_Mouse"	"LCK"
"M2"	"BioGrid_Mouse"	"IRF8"
"M2"	"BioGrid_Mouse"	"CDH2"
"M2"	"BioGrid_Mouse"	"SPI1"
"M2"	"BioGrid_Mouse"	"BIRC3"
"M2"	"BioGrid_Mouse"	"IRF4"
"M2"	"BioGrid_Mouse"	"MMP9"
"M2"	"BioGrid_Mouse"	"KCNMA1"
"M2"	"BioGrid_Mouse"	"USP2"
"M2"	"BioGrid_Mouse"	"PIK3CG"
"M2"	"BioGrid_Mouse"	"WAS"
"M2"	"BioGrid_Mouse"	"IKZF1"
"M2"	"BioGrid_Mouse"	"RRM2"
"M2"	"BioGrid_Mouse"	"CD3E"
"M2"	"BioGrid_Mouse"	"HCK"
"M2"	"BioGrid_Mouse"	"CARD11"
"M2"	"BioGrid_Mouse"	"CD27"
"M2"	"BioGrid_Mouse"	"JAK3"
"M2"	"BioGrid_Mouse"	"IDO1"
"M2"	"BioGrid_Mouse"	"STAT1"
"M2"	"BioGrid_Mouse"	"LRP8"
"M2"	"BioGrid_Mouse"	"CIITA"
"M2"	"BioGrid_Mouse"	"DCLK1"
"M2"	"BioGrid_Mouse"	"VAV1"
"M2"	"BioGrid_Mouse"	"PTPRC"
"M2"	"BioGrid_Mouse"	"ATP6V1G2"
"M2"	"BioGrid_Mouse"	"FCGR2B"
"M2"	"BioGrid_Mouse"	"BCL11B"
"M2"	"BioGrid_Mouse"	"LCP1"
"M2"	"BioGrid_Mouse"	"DOK2"
"M2"	"BioGrid_Mouse"	"RIPOR2"
"M2"	"BioGrid_Mouse"	"SLC1A3"
"M2"	"BioGrid_Mouse"	"MYH3"
"M2"	"BioGrid_Mouse"	"ZAP70"
"M2"	"BioGrid_Mouse"	"GNAO1"
"M2"	"BioGrid_Mouse"	"CD86"
"M2"	"BioGrid_Mouse"	"MYBL2"
"M2"	"BioGrid_Mouse"	"FCER1G"
"M2"	"BioGrid_Mouse"	"IKZF3"
"M2"	"BioGrid_Mouse"	"ITGB2"
"M2"	"BioGrid_Mouse"	"GTF2H2"
"M2"	"BioGrid_Mouse"	"GBP2"
"M2"	"BioGrid_Mouse"	"IL1B"
"M2"	"BioGrid_Mouse"	"HLA-DQB1"
"M2"	"BioGrid_Mouse"	"CD79A"
"M2"	"BioGrid_Mouse"	"CD3D"
"M2"	"BioGrid_Mouse"	"PLA2G4A"
"M2"	"BioGrid_Mouse"	"HAVCR2"
"M2"	"BioGrid_Mouse"	"OLFM1"
"M2"	"BioGrid_Mouse"	"MYO7A"
"M2"	"BioGrid_Mouse"	"DUSP2"
"M2"	"BioGrid_Mouse"	"SALL1"
"M2"	"BioGrid_Mouse"	"FRZB"
"M2"	"IntAct"	"FOXP3"
"M2"	"IntAct"	"CD247"
"M2"	"IntAct"	"BBOX1"
"M2"	"IntAct"	"FABP3"
"M2"	"IntAct"	"STAT4"
"M2"	"IntAct"	"MYC"
"M2"	"IntAct"	"CORO1A"
"M2"	"IntAct"	"PARVG"
"M2"	"IntAct"	"FKBP5"
"M2"	"IntAct"	"ADAMTSL4"
"M2"	"IntAct"	"VCAM1"
"M2"	"IntAct"	"ITGA4"
"M2"	"IntAct"	"TYROBP"
"M2"	"IntAct"	"IQGAP3"
"M2"	"IntAct"	"BTK"
"M2"	"IntAct"	"LCK"
"M2"	"IntAct"	"CXCR4"
"M2"	"IntAct"	"LYZ"
"M2"	"IntAct"	"SPP1"
"M2"	"IntAct"	"CCDC151"
"M2"	"IntAct"	"SCNN1B"
"M2"	"IntAct"	"NEK6"
"M2"	"IntAct"	"IL7R"
"M2"	"IntAct"	"IRF8"
"M2"	"IntAct"	"C5AR1"
"M2"	"IntAct"	"BIRC5"
"M2"	"IntAct"	"ITGAL"
"M2"	"IntAct"	"C3"
"M2"	"IntAct"	"SERPING1"
"M2"	"IntAct"	"CDH2"
"M2"	"IntAct"	"BCL2A1"
"M2"	"IntAct"	"S100A8"
"M2"	"IntAct"	"SPI1"
"M2"	"IntAct"	"BIRC3"
"M2"	"IntAct"	"IRF4"
"M2"	"IntAct"	"LY96"
"M2"	"IntAct"	"MMP9"
"M2"	"IntAct"	"ADAM19"
"M2"	"IntAct"	"ALOX5AP"
"M2"	"IntAct"	"IL2RG"
"M2"	"IntAct"	"USP2"
"M2"	"IntAct"	"CD37"
"M2"	"IntAct"	"PIK3CG"
"M2"	"IntAct"	"PSTPIP1"
"M2"	"IntAct"	"WAS"
"M2"	"IntAct"	"S100A9"
"M2"	"IntAct"	"IKZF1"
"M2"	"IntAct"	"MNDA"
"M2"	"IntAct"	"RRM2"
"M2"	"IntAct"	"PRKCB"
"M2"	"IntAct"	"CD3E"
"M2"	"IntAct"	"HCK"
"M2"	"IntAct"	"CCR5"
"M2"	"IntAct"	"CARD11"
"M2"	"IntAct"	"BIN2"
"M2"	"IntAct"	"TRAF3IP3"
"M2"	"IntAct"	"CD6"
"M2"	"IntAct"	"CCL3"
"M2"	"IntAct"	"CCL4"
"M2"	"IntAct"	"TGM2"
"M2"	"IntAct"	"JAK3"
"M2"	"IntAct"	"IL2RB"
"M2"	"IntAct"	"IDO1"
"M2"	"IntAct"	"STAT1"
"M2"	"IntAct"	"BUB1"
"M2"	"IntAct"	"CCDC88C"
"M2"	"IntAct"	"THNSL2"
"M2"	"IntAct"	"LRP8"
"M2"	"IntAct"	"ACP5"
"M2"	"IntAct"	"FGFR3"
"M2"	"IntAct"	"NMB"
"M2"	"IntAct"	"CIITA"
"M2"	"IntAct"	"RGS1"
"M2"	"IntAct"	"MPP2"
"M2"	"IntAct"	"CSF2RA"
"M2"	"IntAct"	"CSF2RB"
"M2"	"IntAct"	"ITGB7"
"M2"	"IntAct"	"CASKIN1"
"M2"	"IntAct"	"ALDOC"
"M2"	"IntAct"	"TFEC"
"M2"	"IntAct"	"MOXD1"
"M2"	"IntAct"	"IL16"
"M2"	"IntAct"	"DCLK1"
"M2"	"IntAct"	"VAV1"
"M2"	"IntAct"	"EGLN3"
"M2"	"IntAct"	"PTPRC"
"M2"	"IntAct"	"SKAP1"
"M2"	"IntAct"	"IL32"
"M2"	"IntAct"	"ADCY7"
"M2"	"IntAct"	"DOCK2"
"M2"	"IntAct"	"ARHGAP9"
"M2"	"IntAct"	"FPR1"
"M2"	"IntAct"	"ATP6V1G2"
"M2"	"IntAct"	"FCGR2B"
"M2"	"IntAct"	"LCP1"
"M2"	"IntAct"	"PTGDS"
"M2"	"IntAct"	"BCAT1"
"M2"	"IntAct"	"NR2F1"
"M2"	"IntAct"	"ARNTL2"
"M2"	"IntAct"	"DOK2"
"M2"	"IntAct"	"NLRP3"
"M2"	"IntAct"	"CHGB"
"M2"	"IntAct"	"RIPOR2"
"M2"	"IntAct"	"SLC1A3"
"M2"	"IntAct"	"POU2AF1"
"M2"	"IntAct"	"FYB1"
"M2"	"IntAct"	"MAP4K1"
"M2"	"IntAct"	"MYH3"
"M2"	"IntAct"	"ZAP70"
"M2"	"IntAct"	"LTB"
"M2"	"IntAct"	"CD8A"
"M2"	"IntAct"	"FCGR2A"
"M2"	"IntAct"	"CD2"
"M2"	"IntAct"	"PTPN22"
"M2"	"IntAct"	"HLA-DQA1"
"M2"	"IntAct"	"GNAO1"
"M2"	"IntAct"	"C1QA"
"M2"	"IntAct"	"WARS"
"M2"	"IntAct"	"CCR1"
"M2"	"IntAct"	"CTSW"
"M2"	"IntAct"	"CLEC7A"
"M2"	"IntAct"	"RGS2"
"M2"	"IntAct"	"SEMA7A"
"M2"	"IntAct"	"PIWIL1"
"M2"	"IntAct"	"MYBL2"
"M2"	"IntAct"	"CYBB"
"M2"	"IntAct"	"GAS7"
"M2"	"IntAct"	"PTAFR"
"M2"	"IntAct"	"FCER1G"
"M2"	"IntAct"	"RAC2"
"M2"	"IntAct"	"HPGDS"
"M2"	"IntAct"	"AATK"
"M2"	"IntAct"	"NCKAP1L"
"M2"	"IntAct"	"CD5"
"M2"	"IntAct"	"SLAMF7"
"M2"	"IntAct"	"SPTBN4"
"M2"	"IntAct"	"HK3"
"M2"	"IntAct"	"IKZF3"
"M2"	"IntAct"	"KIF21B"
"M2"	"IntAct"	"GZMA"
"M2"	"IntAct"	"PIM2"
"M2"	"IntAct"	"BATF2"
"M2"	"IntAct"	"RASGRP1"
"M2"	"IntAct"	"SELPLG"
"M2"	"IntAct"	"GRK1"
"M2"	"IntAct"	"DAPP1"
"M2"	"IntAct"	"ITGB2"
"M2"	"IntAct"	"LAPTM5"
"M2"	"IntAct"	"MSR1"
"M2"	"IntAct"	"KIF20A"
"M2"	"IntAct"	"EBI3"
"M2"	"IntAct"	"CD48"
"M2"	"IntAct"	"LSP1"
"M2"	"IntAct"	"CCL5"
"M2"	"IntAct"	"PIK3R5"
"M2"	"IntAct"	"FERMT3"
"M2"	"IntAct"	"SIGLEC10"
"M2"	"IntAct"	"PLEK"
"M2"	"IntAct"	"PILRB"
"M2"	"IntAct"	"F13A1"
"M2"	"IntAct"	"MKI67"
"M2"	"IntAct"	"DNASE1L2"
"M2"	"IntAct"	"CEACAM1"
"M2"	"IntAct"	"NRG1"
"M2"	"IntAct"	"C1R"
"M2"	"IntAct"	"CFB"
"M2"	"IntAct"	"GBP2"
"M2"	"IntAct"	"IL1B"
"M2"	"IntAct"	"CTSE"
"M2"	"IntAct"	"TGFBI"
"M2"	"IntAct"	"ITGAM"
"M2"	"IntAct"	"CTSK"
"M2"	"IntAct"	"SCD"
"M2"	"IntAct"	"CD79A"
"M2"	"IntAct"	"CXCL12"
"M2"	"IntAct"	"CD3D"
"M2"	"IntAct"	"HLA-DRB1"
"M2"	"IntAct"	"LILRB1"
"M2"	"IntAct"	"HLA-DRA"
"M2"	"IntAct"	"CD74"
"M2"	"IntAct"	"HLA-DMA"
"M2"	"IntAct"	"APOL1"
"M2"	"IntAct"	"C1QB"
"M2"	"IntAct"	"C1QC"
"M2"	"IntAct"	"CXCL10"
"M2"	"IntAct"	"BST2"
"M2"	"IntAct"	"CP"
"M2"	"IntAct"	"PSMB9"
"M2"	"IntAct"	"EPSTI1"
"M2"	"IntAct"	"ETV7"
"M2"	"IntAct"	"COL11A2"
"M2"	"IntAct"	"TYMP"
"M2"	"IntAct"	"CCL18"
"M2"	"IntAct"	"GOLGA8A"
"M2"	"IntAct"	"ENPP2"
"M2"	"IntAct"	"NCF2"
"M2"	"IntAct"	"PLA2G4A"
"M2"	"IntAct"	"ANPEP"
"M2"	"IntAct"	"EVI2A"
"M2"	"IntAct"	"GNA15"
"M2"	"IntAct"	"PTPN7"
"M2"	"IntAct"	"LAIR1"
"M2"	"IntAct"	"RAB7B"
"M2"	"IntAct"	"VAT1L"
"M2"	"IntAct"	"CD53"
"M2"	"IntAct"	"RUNX3"
"M2"	"IntAct"	"CST7"
"M2"	"IntAct"	"CD7"
"M2"	"IntAct"	"EPHB6"
"M2"	"IntAct"	"KLHL6"
"M2"	"IntAct"	"ADAMTSL3"
"M2"	"IntAct"	"HLA-DOA"
"M2"	"IntAct"	"IL10RA"
"M2"	"IntAct"	"PRF1"
"M2"	"IntAct"	"NCF4"
"M2"	"IntAct"	"CXCL9"
"M2"	"IntAct"	"ASPM"
"M2"	"IntAct"	"RRAD"
"M2"	"IntAct"	"OLR1"
"M2"	"IntAct"	"APOL4"
"M2"	"IntAct"	"CHRM3"
"M2"	"IntAct"	"TMEM176A"
"M2"	"IntAct"	"PKIB"
"M2"	"IntAct"	"HSD17B14"
"M2"	"IntAct"	"DUSP2"
"M2"	"IntAct"	"ARG2"
"M2"	"IntAct"	"RHOH"
"M2"	"IntAct"	"FAM129A"
"M2"	"IntAct"	"RNASE6"
"M2"	"IntAct"	"SCNN1G"
"M2"	"IntAct"	"NABP1"
"M2"	"IntAct"	"SNX20"
"M2"	"IntAct"	"PCDHA10"
"M2"	"IntAct"	"GPNMB"
"M2"	"IntAct"	"LAMP3"
"M2"	"IntAct"	"IL18R1"
"M2"	"IntAct"	"HLA-DPB1"
"M2"	"IntAct"	"SLC6A13"
"M2"	"IntAct"	"FRZB"
"M2"	"IntAct"	"RIMBP2"
"M2"	"IntAct"	"LRMP"
"M2"	"IntAct"	"SCIN"
"M2"	"IntAct"	"SLC43A3"
"M2"	"IntAct"	"CD69"
"M2"	"IntAct"	"FGD2"
"M2"	"IntAct"	"MPEG1"
"M2"	"IntAct"	"CYTH4"
"M2"	"IntAct"	"NKG7"
"M2"	"IntAct"	"OASL"
"M2"	"IntAct"	"KLHDC7B"
"M2"	"IntAct"	"WNT5B"
"M2"	"IntAct"	"HSPA12A"
"M2"	"IntAct"	"APLN"
"M2"	"IntAct"	"EMID1"
"M2"	"IntAct"	"GBP5"
"M2"	"IntAct"	"LIPG"
"M2"	"BioGrid"	"FOXP3"
"M2"	"BioGrid"	"CD247"
"M2"	"BioGrid"	"BBOX1"
"M2"	"BioGrid"	"FABP3"
"M2"	"BioGrid"	"STAT4"
"M2"	"BioGrid"	"MYC"
"M2"	"BioGrid"	"CORO1A"
"M2"	"BioGrid"	"PARVG"
"M2"	"BioGrid"	"FKBP5"
"M2"	"BioGrid"	"ADAMTSL4"
"M2"	"BioGrid"	"VCAM1"
"M2"	"BioGrid"	"ITGA4"
"M2"	"BioGrid"	"TYROBP"
"M2"	"BioGrid"	"BTK"
"M2"	"BioGrid"	"LCK"
"M2"	"BioGrid"	"SPN"
"M2"	"BioGrid"	"CXCR4"
"M2"	"BioGrid"	"SPP1"
"M2"	"BioGrid"	"CCDC151"
"M2"	"BioGrid"	"SCNN1B"
"M2"	"BioGrid"	"NEK6"
"M2"	"BioGrid"	"IL7R"
"M2"	"BioGrid"	"IRF8"
"M2"	"BioGrid"	"C5AR1"
"M2"	"BioGrid"	"BIRC5"
"M2"	"BioGrid"	"ITGAL"
"M2"	"BioGrid"	"C3"
"M2"	"BioGrid"	"SERPING1"
"M2"	"BioGrid"	"CDH2"
"M2"	"BioGrid"	"BCL2A1"
"M2"	"BioGrid"	"LY86"
"M2"	"BioGrid"	"S100A8"
"M2"	"BioGrid"	"SPI1"
"M2"	"BioGrid"	"BIRC3"
"M2"	"BioGrid"	"IRF4"
"M2"	"BioGrid"	"MMP9"
"M2"	"BioGrid"	"PDPN"
"M2"	"BioGrid"	"KCNMA1"
"M2"	"BioGrid"	"ADAM19"
"M2"	"BioGrid"	"ANLN"
"M2"	"BioGrid"	"ALOX5AP"
"M2"	"BioGrid"	"IL2RG"
"M2"	"BioGrid"	"USP2"
"M2"	"BioGrid"	"PIK3CG"
"M2"	"BioGrid"	"PSTPIP1"
"M2"	"BioGrid"	"WAS"
"M2"	"BioGrid"	"S100A9"
"M2"	"BioGrid"	"IKZF1"
"M2"	"BioGrid"	"MNDA"
"M2"	"BioGrid"	"RRM2"
"M2"	"BioGrid"	"PRKCB"
"M2"	"BioGrid"	"CD3E"
"M2"	"BioGrid"	"HCK"
"M2"	"BioGrid"	"CCR5"
"M2"	"BioGrid"	"CARD11"
"M2"	"BioGrid"	"CD27"
"M2"	"BioGrid"	"TRAF3IP3"
"M2"	"BioGrid"	"CD6"
"M2"	"BioGrid"	"CCL3"
"M2"	"BioGrid"	"CCL4"
"M2"	"BioGrid"	"SELL"
"M2"	"BioGrid"	"FCN1"
"M2"	"BioGrid"	"TGM2"
"M2"	"BioGrid"	"JAK3"
"M2"	"BioGrid"	"IL2RB"
"M2"	"BioGrid"	"IDO1"
"M2"	"BioGrid"	"STAT1"
"M2"	"BioGrid"	"BUB1"
"M2"	"BioGrid"	"CCDC88C"
"M2"	"BioGrid"	"THNSL2"
"M2"	"BioGrid"	"PTGES"
"M2"	"BioGrid"	"LRP8"
"M2"	"BioGrid"	"ACP5"
"M2"	"BioGrid"	"SCN4A"
"M2"	"BioGrid"	"FGFR3"
"M2"	"BioGrid"	"NMB"
"M2"	"BioGrid"	"CIITA"
"M2"	"BioGrid"	"CD84"
"M2"	"BioGrid"	"RGS1"
"M2"	"BioGrid"	"MPP2"
"M2"	"BioGrid"	"CSF2RA"
"M2"	"BioGrid"	"CSF2RB"
"M2"	"BioGrid"	"ALDOC"
"M2"	"BioGrid"	"TFEC"
"M2"	"BioGrid"	"MOXD1"
"M2"	"BioGrid"	"IL16"
"M2"	"BioGrid"	"DCLK1"
"M2"	"BioGrid"	"SASH3"
"M2"	"BioGrid"	"VAV1"
"M2"	"BioGrid"	"EGLN3"
"M2"	"BioGrid"	"PTPRC"
"M2"	"BioGrid"	"SKAP1"
"M2"	"BioGrid"	"IL32"
"M2"	"BioGrid"	"ADCY7"
"M2"	"BioGrid"	"DOCK2"
"M2"	"BioGrid"	"ARHGAP9"
"M2"	"BioGrid"	"FPR1"
"M2"	"BioGrid"	"ATP6V1G2"
"M2"	"BioGrid"	"FCGR2B"
"M2"	"BioGrid"	"BCL11B"
"M2"	"BioGrid"	"LCP1"
"M2"	"BioGrid"	"PTGDS"
"M2"	"BioGrid"	"BCAT1"
"M2"	"BioGrid"	"NR2F1"
"M2"	"BioGrid"	"DOK2"
"M2"	"BioGrid"	"NLRP3"
"M2"	"BioGrid"	"CYTIP"
"M2"	"BioGrid"	"CHGB"
"M2"	"BioGrid"	"RIPOR2"
"M2"	"BioGrid"	"POU2AF1"
"M2"	"BioGrid"	"FYB1"
"M2"	"BioGrid"	"MAP4K1"
"M2"	"BioGrid"	"ZAP70"
"M2"	"BioGrid"	"LTB"
"M2"	"BioGrid"	"CD8A"
"M2"	"BioGrid"	"FCGR2A"
"M2"	"BioGrid"	"CD2"
"M2"	"BioGrid"	"PTPN22"
"M2"	"BioGrid"	"HLA-DQA1"
"M2"	"BioGrid"	"GNAO1"
"M2"	"BioGrid"	"C1QA"
"M2"	"BioGrid"	"CD79B"
"M2"	"BioGrid"	"RARRES3"
"M2"	"BioGrid"	"WARS"
"M2"	"BioGrid"	"HMOX1"
"M2"	"BioGrid"	"CCR1"
"M2"	"BioGrid"	"CLEC7A"
"M2"	"BioGrid"	"RGS2"
"M2"	"BioGrid"	"CD86"
"M2"	"BioGrid"	"PIWIL1"
"M2"	"BioGrid"	"MYBL2"
"M2"	"BioGrid"	"CYBB"
"M2"	"BioGrid"	"GAS7"
"M2"	"BioGrid"	"PTAFR"
"M2"	"BioGrid"	"KCNJ11"
"M2"	"BioGrid"	"RAC2"
"M2"	"BioGrid"	"HPGDS"
"M2"	"BioGrid"	"CD5"
"M2"	"BioGrid"	"SLAMF7"
"M2"	"BioGrid"	"HK3"
"M2"	"BioGrid"	"IKZF3"
"M2"	"BioGrid"	"IGFALS"
"M2"	"BioGrid"	"KIF21B"
"M2"	"BioGrid"	"DERL3"
"M2"	"BioGrid"	"GZMA"
"M2"	"BioGrid"	"PIM2"
"M2"	"BioGrid"	"BATF2"
"M2"	"BioGrid"	"SELPLG"
"M2"	"BioGrid"	"GRK1"
"M2"	"BioGrid"	"STK17B"
"M2"	"BioGrid"	"HLA-DRB5"
"M2"	"BioGrid"	"DAPP1"
"M2"	"BioGrid"	"ITGB2"
"M2"	"BioGrid"	"LAPTM5"
"M2"	"BioGrid"	"MSR1"
"M2"	"BioGrid"	"KIF20A"
"M2"	"BioGrid"	"EBI3"
"M2"	"BioGrid"	"CD48"
"M2"	"BioGrid"	"CCL5"
"M2"	"BioGrid"	"PIK3R5"
"M2"	"BioGrid"	"GTF2H2"
"M2"	"BioGrid"	"FERMT3"
"M2"	"BioGrid"	"IL18"
"M2"	"BioGrid"	"RENBP"
"M2"	"BioGrid"	"F13A1"
"M2"	"BioGrid"	"MKI67"
"M2"	"BioGrid"	"CEACAM1"
"M2"	"BioGrid"	"NRG1"
"M2"	"BioGrid"	"C1R"
"M2"	"BioGrid"	"CFB"
"M2"	"BioGrid"	"GBP2"
"M2"	"BioGrid"	"IL1B"
"M2"	"BioGrid"	"CTSE"
"M2"	"BioGrid"	"TGFBI"
"M2"	"BioGrid"	"ITGAM"
"M2"	"BioGrid"	"VSIG4"
"M2"	"BioGrid"	"SCD"
"M2"	"BioGrid"	"HLA-DQA2"
"M2"	"BioGrid"	"CD79A"
"M2"	"BioGrid"	"CXCL12"
"M2"	"BioGrid"	"CD3D"
"M2"	"BioGrid"	"HLA-DRB1"
"M2"	"BioGrid"	"LILRB1"
"M2"	"BioGrid"	"HLA-DRA"
"M2"	"BioGrid"	"CD74"
"M2"	"BioGrid"	"APOL1"
"M2"	"BioGrid"	"FCGR3A"
"M2"	"BioGrid"	"C1QB"
"M2"	"BioGrid"	"BST2"
"M2"	"BioGrid"	"CP"
"M2"	"BioGrid"	"POU2F2"
"M2"	"BioGrid"	"PSMB9"
"M2"	"BioGrid"	"ETV7"
"M2"	"BioGrid"	"CCL2"
"M2"	"BioGrid"	"HLA-DPA1"
"M2"	"BioGrid"	"TYMP"
"M2"	"BioGrid"	"CCL18"
"M2"	"BioGrid"	"ENPP2"
"M2"	"BioGrid"	"NCF2"
"M2"	"BioGrid"	"PLA2G4A"
"M2"	"BioGrid"	"ANPEP"
"M2"	"BioGrid"	"IGSF6"
"M2"	"BioGrid"	"GNLY"
"M2"	"BioGrid"	"EVI2A"
"M2"	"BioGrid"	"GNA15"
"M2"	"BioGrid"	"PTPN7"
"M2"	"BioGrid"	"ARL4C"
"M2"	"BioGrid"	"FAM3B"
"M2"	"BioGrid"	"PLA1A"
"M2"	"BioGrid"	"XAF1"
"M2"	"BioGrid"	"LAIR1"
"M2"	"BioGrid"	"HAVCR2"
"M2"	"BioGrid"	"RAB7B"
"M2"	"BioGrid"	"OLFM1"
"M2"	"BioGrid"	"BHMT2"
"M2"	"BioGrid"	"VAT1L"
"M2"	"BioGrid"	"NLRP2"
"M2"	"BioGrid"	"TNFSF13B"
"M2"	"BioGrid"	"CD53"
"M2"	"BioGrid"	"RUNX3"
"M2"	"BioGrid"	"KCNJ5"
"M2"	"BioGrid"	"CD7"
"M2"	"BioGrid"	"IL21R"
"M2"	"BioGrid"	"EPHB6"
"M2"	"BioGrid"	"SECTM1"
"M2"	"BioGrid"	"ADAMTSL3"
"M2"	"BioGrid"	"HLA-DOA"
"M2"	"BioGrid"	"HLA-DOB"
"M2"	"BioGrid"	"MRC1"
"M2"	"BioGrid"	"IL10RA"
"M2"	"BioGrid"	"PRF1"
"M2"	"BioGrid"	"NCF4"
"M2"	"BioGrid"	"MYO7A"
"M2"	"BioGrid"	"CXCL9"
"M2"	"BioGrid"	"SELP"
"M2"	"BioGrid"	"RRAD"
"M2"	"BioGrid"	"DSCAML1"
"M2"	"BioGrid"	"APOL4"
"M2"	"BioGrid"	"TNFAIP2"
"M2"	"BioGrid"	"CHRM3"
"M2"	"BioGrid"	"HSD17B14"
"M2"	"BioGrid"	"HCST"
"M2"	"BioGrid"	"LILRB4"
"M2"	"BioGrid"	"RHOH"
"M2"	"BioGrid"	"FAM129A"
"M2"	"BioGrid"	"CD274"
"M2"	"BioGrid"	"SCNN1G"
"M2"	"BioGrid"	"NABP1"
"M2"	"BioGrid"	"SNX20"
"M2"	"BioGrid"	"LAMP3"
"M2"	"BioGrid"	"IL18R1"
"M2"	"BioGrid"	"PLCB4"
"M2"	"BioGrid"	"HLA-DPB1"
"M2"	"BioGrid"	"SALL1"
"M2"	"BioGrid"	"CRHBP"
"M2"	"BioGrid"	"FRZB"
"M2"	"BioGrid"	"PTGER4"
"M2"	"BioGrid"	"SCIN"
"M2"	"BioGrid"	"CD163"
"M2"	"BioGrid"	"CD69"
"M2"	"BioGrid"	"GPR183"
"M2"	"BioGrid"	"CARNS1"
"M2"	"BioGrid"	"FGD2"
"M2"	"BioGrid"	"FCMR"
"M2"	"BioGrid"	"PDZK1IP1"
"M2"	"BioGrid"	"CYTH4"
"M2"	"BioGrid"	"NKG7"
"M2"	"BioGrid"	"OASL"
"M2"	"BioGrid"	"SYT13"
"M2"	"BioGrid"	"APLN"
"M2"	"BioGrid"	"GBP5"
"M2"	"BioGrid"	"LIPG"
"M2"	"INNATEDB_Mouse"	"FOXP3"
"M2"	"INNATEDB_Mouse"	"STAT4"
"M2"	"INNATEDB_Mouse"	"MYC"
"M2"	"INNATEDB_Mouse"	"BTK"
"M2"	"INNATEDB_Mouse"	"LCK"
"M2"	"INNATEDB_Mouse"	"SPP1"
"M2"	"INNATEDB_Mouse"	"IL7R"
"M2"	"INNATEDB_Mouse"	"IRF8"
"M2"	"INNATEDB_Mouse"	"C3"
"M2"	"INNATEDB_Mouse"	"CDH2"
"M2"	"INNATEDB_Mouse"	"LY86"
"M2"	"INNATEDB_Mouse"	"S100A8"
"M2"	"INNATEDB_Mouse"	"SPI1"
"M2"	"INNATEDB_Mouse"	"BIRC3"
"M2"	"INNATEDB_Mouse"	"IRF4"
"M2"	"INNATEDB_Mouse"	"CD180"
"M2"	"INNATEDB_Mouse"	"LY96"
"M2"	"INNATEDB_Mouse"	"IL2RG"
"M2"	"INNATEDB_Mouse"	"PIK3CG"
"M2"	"INNATEDB_Mouse"	"WAS"
"M2"	"INNATEDB_Mouse"	"PRKCB"
"M2"	"INNATEDB_Mouse"	"HCK"
"M2"	"INNATEDB_Mouse"	"CCR5"
"M2"	"INNATEDB_Mouse"	"CARD11"
"M2"	"INNATEDB_Mouse"	"CD27"
"M2"	"INNATEDB_Mouse"	"CD6"
"M2"	"INNATEDB_Mouse"	"CCL4"
"M2"	"INNATEDB_Mouse"	"SELL"
"M2"	"INNATEDB_Mouse"	"JAK3"
"M2"	"INNATEDB_Mouse"	"IL2RB"
"M2"	"INNATEDB_Mouse"	"IDO1"
"M2"	"INNATEDB_Mouse"	"STAT1"
"M2"	"INNATEDB_Mouse"	"CIITA"
"M2"	"INNATEDB_Mouse"	"IL16"
"M2"	"INNATEDB_Mouse"	"EGLN3"
"M2"	"INNATEDB_Mouse"	"BCL11B"
"M2"	"INNATEDB_Mouse"	"PTGDS"
"M2"	"INNATEDB_Mouse"	"NLRP3"
"M2"	"INNATEDB_Mouse"	"FYB1"
"M2"	"INNATEDB_Mouse"	"ZAP70"
"M2"	"INNATEDB_Mouse"	"HMOX1"
"M2"	"INNATEDB_Mouse"	"CCR1"
"M2"	"INNATEDB_Mouse"	"TREM2"
"M2"	"INNATEDB_Mouse"	"RGS2"
"M2"	"INNATEDB_Mouse"	"CD86"
"M2"	"INNATEDB_Mouse"	"SEMA7A"
"M2"	"INNATEDB_Mouse"	"CYBB"
"M2"	"INNATEDB_Mouse"	"FCER1G"
"M2"	"INNATEDB_Mouse"	"RAC2"
"M2"	"INNATEDB_Mouse"	"HK3"
"M2"	"INNATEDB_Mouse"	"DAPP1"
"M2"	"INNATEDB_Mouse"	"MSR1"
"M2"	"INNATEDB_Mouse"	"CCL5"
"M2"	"INNATEDB_Mouse"	"SIGLEC10"
"M2"	"INNATEDB_Mouse"	"PLEK"
"M2"	"INNATEDB_Mouse"	"IL18"
"M2"	"INNATEDB_Mouse"	"IL1B"
"M2"	"INNATEDB_Mouse"	"CD79A"
"M2"	"INNATEDB_Mouse"	"CD74"
"M2"	"INNATEDB_Mouse"	"POU2F2"
"M2"	"INNATEDB_Mouse"	"NCF2"
"M2"	"INNATEDB_Mouse"	"PLA2G4A"
"M2"	"INNATEDB_Mouse"	"HAVCR2"
"M2"	"INNATEDB_Mouse"	"TNFSF13B"
"M2"	"INNATEDB_Mouse"	"CD53"
"M2"	"INNATEDB_Mouse"	"FGL2"
"M2"	"INNATEDB_Mouse"	"MRC1"
"M2"	"INNATEDB_Mouse"	"IL10RA"
"M2"	"INNATEDB_Mouse"	"PRF1"
"M2"	"INNATEDB_Mouse"	"ACKR1"
"M2"	"INNATEDB_Mouse"	"NCF4"
"M2"	"INNATEDB_Mouse"	"SELP"
"M2"	"INNATEDB_Mouse"	"AIF1"
"M2"	"INNATEDB_Mouse"	"SIGLEC1"
"M2"	"INNATEDB_Mouse"	"TNFSF4"
"M2"	"INNATEDB_Mouse"	"ARG2"
"M2"	"INNATEDB_Mouse"	"CD274"
"M2"	"INNATEDB_Mouse"	"NABP1"
"M2"	"INNATEDB_Mouse"	"STEAP4"
"M2"	"INNATEDB_Mouse"	"IL18R1"
"M2"	"INNATEDB_Mouse"	"JAML"
"M2"	"INNATEDB_Mouse"	"GPR68"
"M2"	"KOCH_MYC"	"MYC"
"M2"	"AGRAVAL_MYC"	"MYC"
"M2"	"INNATEDB"	"STAT4"
"M2"	"INNATEDB"	"MYC"
"M2"	"INNATEDB"	"CORO1A"
"M2"	"INNATEDB"	"VCAM1"
"M2"	"INNATEDB"	"ITGA4"
"M2"	"INNATEDB"	"TYROBP"
"M2"	"INNATEDB"	"BTK"
"M2"	"INNATEDB"	"LCK"
"M2"	"INNATEDB"	"SPN"
"M2"	"INNATEDB"	"CXCR4"
"M2"	"INNATEDB"	"LYZ"
"M2"	"INNATEDB"	"IL7R"
"M2"	"INNATEDB"	"IRF8"
"M2"	"INNATEDB"	"BIRC5"
"M2"	"INNATEDB"	"ITGAL"
"M2"	"INNATEDB"	"C3"
"M2"	"INNATEDB"	"SERPING1"
"M2"	"INNATEDB"	"CDH2"
"M2"	"INNATEDB"	"BCL2A1"
"M2"	"INNATEDB"	"LY86"
"M2"	"INNATEDB"	"S100A8"
"M2"	"INNATEDB"	"SPI1"
"M2"	"INNATEDB"	"BIRC3"
"M2"	"INNATEDB"	"IRF4"
"M2"	"INNATEDB"	"CD180"
"M2"	"INNATEDB"	"LY96"
"M2"	"INNATEDB"	"MMP9"
"M2"	"INNATEDB"	"PDPN"
"M2"	"INNATEDB"	"ALOX5AP"
"M2"	"INNATEDB"	"IL2RG"
"M2"	"INNATEDB"	"USP2"
"M2"	"INNATEDB"	"PIK3CG"
"M2"	"INNATEDB"	"WAS"
"M2"	"INNATEDB"	"S100A9"
"M2"	"INNATEDB"	"IKZF1"
"M2"	"INNATEDB"	"PRKCB"
"M2"	"INNATEDB"	"CCR5"
"M2"	"INNATEDB"	"CARD11"
"M2"	"INNATEDB"	"C2"
"M2"	"INNATEDB"	"CCL3"
"M2"	"INNATEDB"	"SELL"
"M2"	"INNATEDB"	"JAK3"
"M2"	"INNATEDB"	"IL2RB"
"M2"	"INNATEDB"	"IDO1"
"M2"	"INNATEDB"	"STAT1"
"M2"	"INNATEDB"	"SCN4A"
"M2"	"INNATEDB"	"CIITA"
"M2"	"INNATEDB"	"CSF2RA"
"M2"	"INNATEDB"	"CSF2RB"
"M2"	"INNATEDB"	"ITGB7"
"M2"	"INNATEDB"	"AQP3"
"M2"	"INNATEDB"	"IL16"
"M2"	"INNATEDB"	"VAV1"
"M2"	"INNATEDB"	"EGLN3"
"M2"	"INNATEDB"	"SKAP1"
"M2"	"INNATEDB"	"IL32"
"M2"	"INNATEDB"	"CCR2"
"M2"	"INNATEDB"	"BCL11B"
"M2"	"INNATEDB"	"LCP1"
"M2"	"INNATEDB"	"NLRP3"
"M2"	"INNATEDB"	"CYTIP"
"M2"	"INNATEDB"	"FYB1"
"M2"	"INNATEDB"	"MAP4K1"
"M2"	"INNATEDB"	"ZAP70"
"M2"	"INNATEDB"	"LTB"
"M2"	"INNATEDB"	"FCGR2A"
"M2"	"INNATEDB"	"C1QA"
"M2"	"INNATEDB"	"RARRES3"
"M2"	"INNATEDB"	"HMOX1"
"M2"	"INNATEDB"	"CCR1"
"M2"	"INNATEDB"	"CLEC7A"
"M2"	"INNATEDB"	"SEMA7A"
"M2"	"INNATEDB"	"MYBL2"
"M2"	"INNATEDB"	"CYBB"
"M2"	"INNATEDB"	"RAC2"
"M2"	"INNATEDB"	"CD5"
"M2"	"INNATEDB"	"IKZF3"
"M2"	"INNATEDB"	"GZMA"
"M2"	"INNATEDB"	"BATF2"
"M2"	"INNATEDB"	"RASGRP1"
"M2"	"INNATEDB"	"SELPLG"
"M2"	"INNATEDB"	"STK17B"
"M2"	"INNATEDB"	"ITGB2"
"M2"	"INNATEDB"	"LAPTM5"
"M2"	"INNATEDB"	"MSR1"
"M2"	"INNATEDB"	"KIF20A"
"M2"	"INNATEDB"	"EBI3"
"M2"	"INNATEDB"	"IL18"
"M2"	"INNATEDB"	"CEACAM1"
"M2"	"INNATEDB"	"IL1B"
"M2"	"INNATEDB"	"ITGAM"
"M2"	"INNATEDB"	"ITGAX"
"M2"	"INNATEDB"	"C3AR1"
"M2"	"INNATEDB"	"LILRB1"
"M2"	"INNATEDB"	"HLA-DRA"
"M2"	"INNATEDB"	"HLA-DMA"
"M2"	"INNATEDB"	"CXCL10"
"M2"	"INNATEDB"	"POU2F2"
"M2"	"INNATEDB"	"EPSTI1"
"M2"	"INNATEDB"	"ETV7"
"M2"	"INNATEDB"	"CCL2"
"M2"	"INNATEDB"	"NCF2"
"M2"	"INNATEDB"	"PLA2G4A"
"M2"	"INNATEDB"	"GNA15"
"M2"	"INNATEDB"	"XAF1"
"M2"	"INNATEDB"	"HAVCR2"
"M2"	"INNATEDB"	"NLRP2"
"M2"	"INNATEDB"	"TNFSF13B"
"M2"	"INNATEDB"	"LST1"
"M2"	"INNATEDB"	"RUNX3"
"M2"	"INNATEDB"	"IL21R"
"M2"	"INNATEDB"	"PDK4"
"M2"	"INNATEDB"	"IL10RA"
"M2"	"INNATEDB"	"PRF1"
"M2"	"INNATEDB"	"ACKR1"
"M2"	"INNATEDB"	"NCF4"
"M2"	"INNATEDB"	"ERAP2"
"M2"	"INNATEDB"	"CXCL9"
"M2"	"INNATEDB"	"LILRB2"
"M2"	"INNATEDB"	"APOL4"
"M2"	"INNATEDB"	"TNFAIP2"
"M2"	"INNATEDB"	"PADI2"
"M2"	"INNATEDB"	"HCST"
"M2"	"INNATEDB"	"RHOH"
"M2"	"INNATEDB"	"IL18R1"
"M2"	"INNATEDB"	"PTGER4"
"M2"	"INNATEDB"	"CX3CR1"
"M2"	"INNATEDB"	"LAG3"
"M2"	"INNATEDB"	"CD69"
"M2"	"INNATEDB"	"DUOX2"
"M2"	"HPRD"	"FOXP3"
"M2"	"HPRD"	"CD247"
"M2"	"HPRD"	"BBOX1"
"M2"	"HPRD"	"FABP3"
"M2"	"HPRD"	"STAT4"
"M2"	"HPRD"	"MYC"
"M2"	"HPRD"	"CORO1A"
"M2"	"HPRD"	"PARVG"
"M2"	"HPRD"	"FKBP5"
"M2"	"HPRD"	"VCAM1"
"M2"	"HPRD"	"ITGA4"
"M2"	"HPRD"	"TYROBP"
"M2"	"HPRD"	"BTK"
"M2"	"HPRD"	"LCK"
"M2"	"HPRD"	"SPN"
"M2"	"HPRD"	"CXCR4"
"M2"	"HPRD"	"LYZ"
"M2"	"HPRD"	"SPP1"
"M2"	"HPRD"	"SCNN1B"
"M2"	"HPRD"	"NEK6"
"M2"	"HPRD"	"IL7R"
"M2"	"HPRD"	"IRF8"
"M2"	"HPRD"	"C5AR1"
"M2"	"HPRD"	"BIRC5"
"M2"	"HPRD"	"ITGAL"
"M2"	"HPRD"	"C3"
"M2"	"HPRD"	"SERPING1"
"M2"	"HPRD"	"CDH2"
"M2"	"HPRD"	"BCL2A1"
"M2"	"HPRD"	"LY86"
"M2"	"HPRD"	"S100A8"
"M2"	"HPRD"	"SPI1"
"M2"	"HPRD"	"BIRC3"
"M2"	"HPRD"	"IRF4"
"M2"	"HPRD"	"MMP9"
"M2"	"HPRD"	"KCNMA1"
"M2"	"HPRD"	"ANLN"
"M2"	"HPRD"	"ALOX5AP"
"M2"	"HPRD"	"IL2RG"
"M2"	"HPRD"	"USP2"
"M2"	"HPRD"	"PIK3CG"
"M2"	"HPRD"	"PSTPIP1"
"M2"	"HPRD"	"WAS"
"M2"	"HPRD"	"S100A9"
"M2"	"HPRD"	"IKZF1"
"M2"	"HPRD"	"MNDA"
"M2"	"HPRD"	"PRKCB"
"M2"	"HPRD"	"CD3E"
"M2"	"HPRD"	"HCK"
"M2"	"HPRD"	"CCR5"
"M2"	"HPRD"	"CARD11"
"M2"	"HPRD"	"C2"
"M2"	"HPRD"	"CD6"
"M2"	"HPRD"	"CCL3"
"M2"	"HPRD"	"CCL4"
"M2"	"HPRD"	"SELL"
"M2"	"HPRD"	"FCN1"
"M2"	"HPRD"	"TGM2"
"M2"	"HPRD"	"JAK3"
"M2"	"HPRD"	"IL2RB"
"M2"	"HPRD"	"IDO1"
"M2"	"HPRD"	"STAT1"
"M2"	"HPRD"	"BUB1"
"M2"	"HPRD"	"CCDC88C"
"M2"	"HPRD"	"LRP8"
"M2"	"HPRD"	"ACP5"
"M2"	"HPRD"	"SCN4A"
"M2"	"HPRD"	"FGFR3"
"M2"	"HPRD"	"NMB"
"M2"	"HPRD"	"CIITA"
"M2"	"HPRD"	"SEMA3A"
"M2"	"HPRD"	"CD84"
"M2"	"HPRD"	"CLDN11"
"M2"	"HPRD"	"RGS1"
"M2"	"HPRD"	"CSF2RA"
"M2"	"HPRD"	"CSF2RB"
"M2"	"HPRD"	"ITGB7"
"M2"	"HPRD"	"CASKIN1"
"M2"	"HPRD"	"AQP3"
"M2"	"HPRD"	"TFEC"
"M2"	"HPRD"	"IL16"
"M2"	"HPRD"	"ACTG2"
"M2"	"HPRD"	"SASH3"
"M2"	"HPRD"	"VAV1"
"M2"	"HPRD"	"EGLN3"
"M2"	"HPRD"	"SKAP1"
"M2"	"HPRD"	"ADCY7"
"M2"	"HPRD"	"DOCK2"
"M2"	"HPRD"	"ARHGAP9"
"M2"	"HPRD"	"FPR1"
"M2"	"HPRD"	"ATP6V1G2"
"M2"	"HPRD"	"FCGR2B"
"M2"	"HPRD"	"BCL11B"
"M2"	"HPRD"	"LCP1"
"M2"	"HPRD"	"PTGDS"
"M2"	"HPRD"	"NR2F1"
"M2"	"HPRD"	"ARNTL2"
"M2"	"HPRD"	"DOK2"
"M2"	"HPRD"	"CYTIP"
"M2"	"HPRD"	"CHGB"
"M2"	"HPRD"	"POU2AF1"
"M2"	"HPRD"	"FYB1"
"M2"	"HPRD"	"MAP4K1"
"M2"	"HPRD"	"ZAP70"
"M2"	"HPRD"	"LTB"
"M2"	"HPRD"	"CD8A"
"M2"	"HPRD"	"FCGR2A"
"M2"	"HPRD"	"CD2"
"M2"	"HPRD"	"PTPN22"
"M2"	"HPRD"	"HLA-DQA1"
"M2"	"HPRD"	"GNAO1"
"M2"	"HPRD"	"C1QA"
"M2"	"HPRD"	"CD79B"
"M2"	"HPRD"	"RARRES3"
"M2"	"HPRD"	"WARS"
"M2"	"HPRD"	"HMOX1"
"M2"	"HPRD"	"CCR1"
"M2"	"HPRD"	"TREM2"
"M2"	"HPRD"	"RGS2"
"M2"	"HPRD"	"SEMA7A"
"M2"	"HPRD"	"PIWIL1"
"M2"	"HPRD"	"MYBL2"
"M2"	"HPRD"	"CYBB"
"M2"	"HPRD"	"GAS7"
"M2"	"HPRD"	"PTAFR"
"M2"	"HPRD"	"FCER1G"
"M2"	"HPRD"	"RAC2"
"M2"	"HPRD"	"HPGDS"
"M2"	"HPRD"	"CD5"
"M2"	"HPRD"	"SLAMF7"
"M2"	"HPRD"	"SPTBN4"
"M2"	"HPRD"	"HK3"
"M2"	"HPRD"	"IKZF3"
"M2"	"HPRD"	"IGFALS"
"M2"	"HPRD"	"DERL3"
"M2"	"HPRD"	"GZMA"
"M2"	"HPRD"	"PIM2"
"M2"	"HPRD"	"RASGRP1"
"M2"	"HPRD"	"GRK1"
"M2"	"HPRD"	"STK17B"
"M2"	"HPRD"	"HLA-DRB5"
"M2"	"HPRD"	"PLXNA4"
"M2"	"HPRD"	"LAPTM5"
"M2"	"HPRD"	"MSR1"
"M2"	"HPRD"	"KIF20A"
"M2"	"HPRD"	"EBI3"
"M2"	"HPRD"	"CD48"
"M2"	"HPRD"	"LSP1"
"M2"	"HPRD"	"CCL5"
"M2"	"HPRD"	"PIK3R5"
"M2"	"HPRD"	"GTF2H2"
"M2"	"HPRD"	"FERMT3"
"M2"	"HPRD"	"SIGLEC10"
"M2"	"HPRD"	"PLEK"
"M2"	"HPRD"	"PILRB"
"M2"	"HPRD"	"RENBP"
"M2"	"HPRD"	"F13A1"
"M2"	"HPRD"	"MKI67"
"M2"	"HPRD"	"CEACAM1"
"M2"	"HPRD"	"NRG1"
"M2"	"HPRD"	"C1R"
"M2"	"HPRD"	"C7"
"M2"	"HPRD"	"CFB"
"M2"	"HPRD"	"GBP2"
"M2"	"HPRD"	"IL1B"
"M2"	"HPRD"	"CTSE"
"M2"	"HPRD"	"TGFBI"
"M2"	"HPRD"	"ITGAM"
"M2"	"HPRD"	"ITGAX"
"M2"	"HPRD"	"C3AR1"
"M2"	"HPRD"	"VSIG4"
"M2"	"HPRD"	"CTSK"
"M2"	"HPRD"	"APBB1IP"
"M2"	"HPRD"	"HLA-DQA2"
"M2"	"HPRD"	"HLA-DQB1"
"M2"	"HPRD"	"CD79A"
"M2"	"HPRD"	"CXCL12"
"M2"	"HPRD"	"CD3D"
"M2"	"HPRD"	"HLA-DRB1"
"M2"	"HPRD"	"JCHAIN"
"M2"	"HPRD"	"HLA-DRA"
"M2"	"HPRD"	"CD74"
"M2"	"HPRD"	"APOL1"
"M2"	"HPRD"	"FCGR3A"
"M2"	"HPRD"	"C1QB"
"M2"	"HPRD"	"C1QC"
"M2"	"HPRD"	"CXCL10"
"M2"	"HPRD"	"POU2F2"
"M2"	"HPRD"	"PSMB9"
"M2"	"HPRD"	"CCL2"
"M2"	"HPRD"	"HLA-DPA1"
"M2"	"HPRD"	"TYMP"
"M2"	"HPRD"	"CCL18"
"M2"	"HPRD"	"NCF2"
"M2"	"HPRD"	"PLA2G4A"
"M2"	"HPRD"	"ANPEP"
"M2"	"HPRD"	"ARL4C"
"M2"	"HPRD"	"PLA1A"
"M2"	"HPRD"	"XAF1"
"M2"	"HPRD"	"HAVCR2"
"M2"	"HPRD"	"TNFSF13B"
"M2"	"HPRD"	"CD53"
"M2"	"HPRD"	"LST1"
"M2"	"HPRD"	"RUNX3"
"M2"	"HPRD"	"KCNJ5"
"M2"	"HPRD"	"CST7"
"M2"	"HPRD"	"CD7"
"M2"	"HPRD"	"IL21R"
"M2"	"HPRD"	"PDK4"
"M2"	"HPRD"	"SECTM1"
"M2"	"HPRD"	"HLA-DOA"
"M2"	"HPRD"	"IL10RA"
"M2"	"HPRD"	"PRF1"
"M2"	"HPRD"	"ACKR1"
"M2"	"HPRD"	"NCF4"
"M2"	"HPRD"	"MYO7A"
"M2"	"HPRD"	"CXCL9"
"M2"	"HPRD"	"ASPM"
"M2"	"HPRD"	"SELP"
"M2"	"HPRD"	"AIF1"
"M2"	"HPRD"	"RRAD"
"M2"	"HPRD"	"DSCAML1"
"M2"	"HPRD"	"CHRM3"
"M2"	"HPRD"	"PKIB"
"M2"	"HPRD"	"TNFSF4"
"M2"	"HPRD"	"HSD17B14"
"M2"	"HPRD"	"HCST"
"M2"	"HPRD"	"DUSP2"
"M2"	"HPRD"	"HLA-F"
"M2"	"HPRD"	"RHOH"
"M2"	"HPRD"	"CD274"
"M2"	"HPRD"	"SCNN1G"
"M2"	"HPRD"	"IL18R1"
"M2"	"HPRD"	"SALL1"
"M2"	"HPRD"	"CRHBP"
"M2"	"HPRD"	"PCP4"
"M2"	"HPRD"	"SCIN"
"M2"	"HPRD"	"CD69"
"M2"	"HPRD"	"GPR183"
"M2"	"HPRD"	"SLC7A11"
"M2"	"HPRD"	"CARNS1"
"M2"	"HPRD"	"PDZK1IP1"
"M2"	"HPRD"	"OASL"
"M2"	"HPRD"	"SYT13"
"M2"	"HPRD"	"EMID1"
"M2"	"HPRD"	"ST6GAL2"
"M2"	"HPRD"	"GBP5"
"M2"	"VidalHuman_non_core"	"BBOX1"
"M2"	"VidalHuman_non_core"	"ADAMTSL4"
"M2"	"VidalHuman_non_core"	"C5AR1"
"M2"	"VidalHuman_non_core"	"IL2RG"
"M2"	"VidalHuman_non_core"	"TGM2"
"M2"	"VidalHuman_non_core"	"STAT1"
"M2"	"VidalHuman_non_core"	"BUB1"
"M2"	"VidalHuman_non_core"	"PTGDS"
"M2"	"VidalHuman_non_core"	"MYBL2"
"M2"	"VidalHuman_non_core"	"EBI3"
"M2"	"VidalHuman_non_core"	"PTPN7"
"M2"	"VidalHuman_non_core"	"FGL2"
"M2"	"BCI"	"CD247"
"M2"	"BCI"	"STAT4"
"M2"	"BCI"	"MYC"
"M2"	"BCI"	"FKBP5"
"M2"	"BCI"	"VCAM1"
"M2"	"BCI"	"ITGA4"
"M2"	"BCI"	"TYROBP"
"M2"	"BCI"	"BTK"
"M2"	"BCI"	"LCK"
"M2"	"BCI"	"SPN"
"M2"	"BCI"	"CXCR4"
"M2"	"BCI"	"IL7R"
"M2"	"BCI"	"IRF8"
"M2"	"BCI"	"BIRC5"
"M2"	"BCI"	"ITGAL"
"M2"	"BCI"	"SERPING1"
"M2"	"BCI"	"CDH2"
"M2"	"BCI"	"BCL2A1"
"M2"	"BCI"	"S100A8"
"M2"	"BCI"	"SPI1"
"M2"	"BCI"	"BIRC3"
"M2"	"BCI"	"IRF4"
"M2"	"BCI"	"CD180"
"M2"	"BCI"	"MMP9"
"M2"	"BCI"	"KCNMA1"
"M2"	"BCI"	"ADAM19"
"M2"	"BCI"	"IL2RG"
"M2"	"BCI"	"PIK3CG"
"M2"	"BCI"	"PSTPIP1"
"M2"	"BCI"	"WAS"
"M2"	"BCI"	"IKZF1"
"M2"	"BCI"	"MNDA"
"M2"	"BCI"	"RRM2"
"M2"	"BCI"	"PRKCB"
"M2"	"BCI"	"CD3E"
"M2"	"BCI"	"HCK"
"M2"	"BCI"	"CD27"
"M2"	"BCI"	"C2"
"M2"	"BCI"	"CD6"
"M2"	"BCI"	"CCL3"
"M2"	"BCI"	"SELL"
"M2"	"BCI"	"FCN1"
"M2"	"BCI"	"TGM2"
"M2"	"BCI"	"JAK3"
"M2"	"BCI"	"IL2RB"
"M2"	"BCI"	"STAT1"
"M2"	"BCI"	"BUB1"
"M2"	"BCI"	"ACP5"
"M2"	"BCI"	"SCN4A"
"M2"	"BCI"	"CIITA"
"M2"	"BCI"	"RGS1"
"M2"	"BCI"	"CSF2RB"
"M2"	"BCI"	"ITGB7"
"M2"	"BCI"	"ALDOC"
"M2"	"BCI"	"AQP3"
"M2"	"BCI"	"IL16"
"M2"	"BCI"	"ACTG2"
"M2"	"BCI"	"VAV1"
"M2"	"BCI"	"PTPRC"
"M2"	"BCI"	"ADCY7"
"M2"	"BCI"	"DOCK2"
"M2"	"BCI"	"FCGR2B"
"M2"	"BCI"	"LCP1"
"M2"	"BCI"	"PTGDS"
"M2"	"BCI"	"NR2F1"
"M2"	"BCI"	"POU2AF1"
"M2"	"BCI"	"FYB1"
"M2"	"BCI"	"MAP4K1"
"M2"	"BCI"	"ZAP70"
"M2"	"BCI"	"LTB"
"M2"	"BCI"	"CD8A"
"M2"	"BCI"	"FCGR2A"
"M2"	"BCI"	"CD2"
"M2"	"BCI"	"CD79B"
"M2"	"BCI"	"HMOX1"
"M2"	"BCI"	"CCR1"
"M2"	"BCI"	"RGS2"
"M2"	"BCI"	"SEMA7A"
"M2"	"BCI"	"MYBL2"
"M2"	"BCI"	"CYBB"
"M2"	"BCI"	"PTAFR"
"M2"	"BCI"	"FCER1G"
"M2"	"BCI"	"RAC2"
"M2"	"BCI"	"CD5"
"M2"	"BCI"	"HK3"
"M2"	"BCI"	"GZMA"
"M2"	"BCI"	"SELPLG"
"M2"	"BCI"	"STK17B"
"M2"	"BCI"	"ITGB2"
"M2"	"BCI"	"CD48"
"M2"	"BCI"	"CCL5"
"M2"	"BCI"	"IL18"
"M2"	"BCI"	"F13A1"
"M2"	"BCI"	"MKI67"
"M2"	"BCI"	"CEACAM1"
"M2"	"BCI"	"C7"
"M2"	"BCI"	"CFB"
"M2"	"BCI"	"IL1B"
"M2"	"BCI"	"ITGAX"
"M2"	"BCI"	"CTSK"
"M2"	"BCI"	"CD79A"
"M2"	"BCI"	"CXCL12"
"M2"	"BCI"	"CD3D"
"M2"	"BCI"	"HLA-DRA"
"M2"	"BCI"	"CD74"
"M2"	"BCI"	"HLA-DMA"
"M2"	"BCI"	"FCGR3A"
"M2"	"BCI"	"C1QB"
"M2"	"BCI"	"CP"
"M2"	"BCI"	"PSMB9"
"M2"	"BCI"	"NCF2"
"M2"	"BCI"	"GNA15"
"M2"	"BCI"	"LAIR1"
"M2"	"BCI"	"RUNX3"
"M2"	"BCI"	"CD7"
"M2"	"BCI"	"EPHB6"
"M2"	"BCI"	"IL10RA"
"M2"	"BCI"	"ACKR1"
"M2"	"BCI"	"NCF4"
"M2"	"BCI"	"MYO7A"
"M2"	"BCI"	"SELP"
"M2"	"BCI"	"AIF1"
"M2"	"BCI"	"TNFSF4"
"M2"	"BCI"	"DUSP2"
"M2"	"BCI"	"KLRB1"
"M2"	"BCI"	"HLA-F"
"M2"	"BCI"	"RHOH"
"M2"	"BCI"	"CX3CR1"
"M2"	"BCI"	"LAG3"
"M2"	"MGI"	"SPN"
"M2"	"MGI"	"CDH2"
"M2"	"MGI"	"PSTPIP1"
"M2"	"MGI"	"PRKCB"
"M2"	"MGI"	"CCL4"
"M2"	"MGI"	"IL16"
"M2"	"MGI"	"EBI3"
"M2"	"MGI"	"WNT5B"
"M2"	"MGI"	"EMID1"
"M2"	"MINT_Mouse"	"BTK"
"M2"	"MINT_Mouse"	"LCK"
"M2"	"MINT_Mouse"	"BIRC3"
"M2"	"MINT_Mouse"	"KCNMA1"
"M2"	"MINT_Mouse"	"PSTPIP1"
"M2"	"MINT_Mouse"	"WAS"
"M2"	"MINT_Mouse"	"JAK3"
"M2"	"MINT_Mouse"	"RGS1"
"M2"	"MINT_Mouse"	"IL16"
"M2"	"MINT_Mouse"	"VAV1"
"M2"	"MINT_Mouse"	"FCGR2B"
"M2"	"MINT_Mouse"	"LCP1"
"M2"	"MINT_Mouse"	"DOK2"
"M2"	"MINT_Mouse"	"FYB1"
"M2"	"MINT_Mouse"	"MAP4K1"
"M2"	"MINT_Mouse"	"CD8A"
"M2"	"MINT_Mouse"	"HLA-DQA1"
"M2"	"MINT_Mouse"	"RGS2"
"M2"	"MINT_Mouse"	"IGFALS"
"M2"	"MINT_Mouse"	"ITGB2"
"M2"	"MINT_Mouse"	"APBB1IP"
"M2"	"BIND_Mouse"	"CD247"
"M2"	"BIND_Mouse"	"STAT4"
"M2"	"BIND_Mouse"	"MYC"
"M2"	"BIND_Mouse"	"LCK"
"M2"	"BIND_Mouse"	"CDH2"
"M2"	"BIND_Mouse"	"LY86"
"M2"	"BIND_Mouse"	"S100A8"
"M2"	"BIND_Mouse"	"SPI1"
"M2"	"BIND_Mouse"	"LY96"
"M2"	"BIND_Mouse"	"IL2RG"
"M2"	"BIND_Mouse"	"PIK3CG"
"M2"	"BIND_Mouse"	"S100A9"
"M2"	"BIND_Mouse"	"CD3E"
"M2"	"BIND_Mouse"	"HCK"
"M2"	"BIND_Mouse"	"CCR5"
"M2"	"BIND_Mouse"	"CLDN11"
"M2"	"BIND_Mouse"	"CCR2"
"M2"	"BIND_Mouse"	"LCP1"
"M2"	"BIND_Mouse"	"DOK2"
"M2"	"BIND_Mouse"	"MAP4K1"
"M2"	"BIND_Mouse"	"HLA-DQA1"
"M2"	"BIND_Mouse"	"GNAO1"
"M2"	"BIND_Mouse"	"IGFALS"
"M2"	"BIND_Mouse"	"SEMA6D"
"M2"	"BIND_Mouse"	"MYO7A"
"M2"	"BIND_Mouse"	"FRZB"
"M2"	"IntAct_Fly"	"ADAM19"
"M2"	"IntAct_Fly"	"SEMA3A"
"M2"	"IntAct_Fly"	"MOXD1"
"M2"	"IntAct_Fly"	"ATP6V1G2"
"M2"	"IntAct_Fly"	"PIWIL1"
"M2"	"IntAct_Fly"	"GTF2H2"
"M2"	"IntAct_Fly"	"SLC17A9"
"M2"	"IntAct_Fly"	"PLCB4"
"M2"	"IntAct_Mouse"	"MYC"
"M2"	"IntAct_Mouse"	"FKBP5"
"M2"	"IntAct_Mouse"	"BTK"
"M2"	"IntAct_Mouse"	"LCK"
"M2"	"IntAct_Mouse"	"CDH2"
"M2"	"IntAct_Mouse"	"LY86"
"M2"	"IntAct_Mouse"	"S100A8"
"M2"	"IntAct_Mouse"	"SPI1"
"M2"	"IntAct_Mouse"	"BIRC3"
"M2"	"IntAct_Mouse"	"KCNMA1"
"M2"	"IntAct_Mouse"	"IL2RG"
"M2"	"IntAct_Mouse"	"PIK3CG"
"M2"	"IntAct_Mouse"	"PSTPIP1"
"M2"	"IntAct_Mouse"	"WAS"
"M2"	"IntAct_Mouse"	"S100A9"
"M2"	"IntAct_Mouse"	"RRM2"
"M2"	"IntAct_Mouse"	"PRKCB"
"M2"	"IntAct_Mouse"	"HCK"
"M2"	"IntAct_Mouse"	"CARD11"
"M2"	"IntAct_Mouse"	"CD27"
"M2"	"IntAct_Mouse"	"IDO1"
"M2"	"IntAct_Mouse"	"CLDN11"
"M2"	"IntAct_Mouse"	"IL16"
"M2"	"IntAct_Mouse"	"VAV1"
"M2"	"IntAct_Mouse"	"LCP1"
"M2"	"IntAct_Mouse"	"DOK2"
"M2"	"IntAct_Mouse"	"FYB1"
"M2"	"IntAct_Mouse"	"ZAP70"
"M2"	"IntAct_Mouse"	"LTB"
"M2"	"IntAct_Mouse"	"CD8A"
"M2"	"IntAct_Mouse"	"PTPN22"
"M2"	"IntAct_Mouse"	"HLA-DQA1"
"M2"	"IntAct_Mouse"	"GNAO1"
"M2"	"IntAct_Mouse"	"HMOX1"
"M2"	"IntAct_Mouse"	"RGS2"
"M2"	"IntAct_Mouse"	"PIWIL1"
"M2"	"IntAct_Mouse"	"CYBB"
"M2"	"IntAct_Mouse"	"FCER1G"
"M2"	"IntAct_Mouse"	"HLA-DRB5"
"M2"	"IntAct_Mouse"	"ITGB2"
"M2"	"IntAct_Mouse"	"MSR1"
"M2"	"IntAct_Mouse"	"EBI3"
"M2"	"IntAct_Mouse"	"PIK3R5"
"M2"	"IntAct_Mouse"	"SIGLEC10"
"M2"	"IntAct_Mouse"	"CTSK"
"M2"	"IntAct_Mouse"	"APBB1IP"
"M2"	"IntAct_Mouse"	"CP"
"M2"	"IntAct_Mouse"	"ANPEP"
"M2"	"IntAct_Mouse"	"MRC1"
"M2"	"IntAct_Mouse"	"NCF4"
"M2"	"IntAct_Mouse"	"MYO7A"
"M2"	"IntAct_Mouse"	"DUSP2"
"M2"	"IntAct_Mouse"	"CD274"
"M2"	"IntAct_Mouse"	"SLC17A9"
"M2"	"IntAct_Mouse"	"GPNMB"
"M2"	"IntAct_Mouse"	"LRMP"
"M2"	"IntAct_Mouse"	"ARHGAP30"
"M2"	"DIP"	"FOXP3"
"M2"	"DIP"	"STAT4"
"M2"	"DIP"	"MYC"
"M2"	"DIP"	"FKBP5"
"M2"	"DIP"	"ITGA4"
"M2"	"DIP"	"BTK"
"M2"	"DIP"	"LCK"
"M2"	"DIP"	"CXCR4"
"M2"	"DIP"	"LY86"
"M2"	"DIP"	"SPI1"
"M2"	"DIP"	"MMP9"
"M2"	"DIP"	"KCNMA1"
"M2"	"DIP"	"IL2RG"
"M2"	"DIP"	"USP2"
"M2"	"DIP"	"PIK3CG"
"M2"	"DIP"	"WAS"
"M2"	"DIP"	"S100A9"
"M2"	"DIP"	"RRM2"
"M2"	"DIP"	"PRKCB"
"M2"	"DIP"	"HCK"
"M2"	"DIP"	"CCR5"
"M2"	"DIP"	"CARD11"
"M2"	"DIP"	"CCL3"
"M2"	"DIP"	"CCL4"
"M2"	"DIP"	"TGM2"
"M2"	"DIP"	"IL2RB"
"M2"	"DIP"	"LRP8"
"M2"	"DIP"	"FGFR3"
"M2"	"DIP"	"CD84"
"M2"	"DIP"	"CSF2RB"
"M2"	"DIP"	"CASKIN1"
"M2"	"DIP"	"VAV1"
"M2"	"DIP"	"PTPRC"
"M2"	"DIP"	"CCR2"
"M2"	"DIP"	"BCL11B"
"M2"	"DIP"	"NLRP3"
"M2"	"DIP"	"ZAP70"
"M2"	"DIP"	"PTPN22"
"M2"	"DIP"	"CD79B"
"M2"	"DIP"	"WARS"
"M2"	"DIP"	"CCR1"
"M2"	"DIP"	"CYBB"
"M2"	"DIP"	"KCNJ11"
"M2"	"DIP"	"RAC2"
"M2"	"DIP"	"CD5"
"M2"	"DIP"	"SELPLG"
"M2"	"DIP"	"ITGB2"
"M2"	"DIP"	"EBI3"
"M2"	"DIP"	"CCL5"
"M2"	"DIP"	"GTF2H2"
"M2"	"DIP"	"F13A1"
"M2"	"DIP"	"MKI67"
"M2"	"DIP"	"NRG1"
"M2"	"DIP"	"CFB"
"M2"	"DIP"	"IL1B"
"M2"	"DIP"	"ITGAX"
"M2"	"DIP"	"CXCL12"
"M2"	"DIP"	"HLA-DRB1"
"M2"	"DIP"	"HLA-DMA"
"M2"	"DIP"	"CXCL10"
"M2"	"DIP"	"BST2"
"M2"	"DIP"	"CCL2"
"M2"	"DIP"	"NCF2"
"M2"	"DIP"	"PLA2G4A"
"M2"	"DIP"	"HLA-DOA"
"M2"	"DIP"	"IL10RA"
"M2"	"DIP"	"PRF1"
"M2"	"DIP"	"NCF4"
"M2"	"DIP"	"CXCL9"
"M2"	"DIP"	"LILRB2"
"M2"	"DIP"	"TNFAIP8L2"
"M2"	"DIP"	"OLR1"
"M2"	"DIP"	"TNFSF4"
"M2"	"DIP"	"IL18R1"
"M2"	"BioGrid_Rat"	"MYC"
"M2"	"BioGrid_Rat"	"SPP1"
"M2"	"BioGrid_Rat"	"USP2"
"M2"	"BioGrid_Rat"	"WAS"
"M2"	"BioGrid_Rat"	"PRKCB"
"M2"	"BioGrid_Rat"	"C2"
"M2"	"BioGrid_Rat"	"CASKIN1"
"M2"	"BioGrid_Rat"	"GNAO1"
"M2"	"BioGrid_Rat"	"HMOX1"
"M2"	"BioGrid_Rat"	"FCER1G"
"M2"	"BioGrid_Rat"	"HK3"
"M2"	"BioGrid_Rat"	"ANPEP"
"M2"	"BioGrid_Rat"	"RUNX3"
"M2"	"BioGrid_Rat"	"MYO7A"
"M2"	"BioGrid_Rat"	"SCNN1G"
"M2"	"MINT"	"CD247"
"M2"	"MINT"	"FABP3"
"M2"	"MINT"	"MYC"
"M2"	"MINT"	"ITGA4"
"M2"	"MINT"	"BTK"
"M2"	"MINT"	"LCK"
"M2"	"MINT"	"LYZ"
"M2"	"MINT"	"SPP1"
"M2"	"MINT"	"NEK6"
"M2"	"MINT"	"BIRC5"
"M2"	"MINT"	"ITGAL"
"M2"	"MINT"	"CDH2"
"M2"	"MINT"	"S100A8"
"M2"	"MINT"	"PDPN"
"M2"	"MINT"	"ADAM19"
"M2"	"MINT"	"USP2"
"M2"	"MINT"	"PIK3CG"
"M2"	"MINT"	"PSTPIP1"
"M2"	"MINT"	"WAS"
"M2"	"MINT"	"IKZF1"
"M2"	"MINT"	"CD3E"
"M2"	"MINT"	"HCK"
"M2"	"MINT"	"CCR5"
"M2"	"MINT"	"CD6"
"M2"	"MINT"	"TGM2"
"M2"	"MINT"	"JAK3"
"M2"	"MINT"	"IL2RB"
"M2"	"MINT"	"STAT1"
"M2"	"MINT"	"BUB1"
"M2"	"MINT"	"THNSL2"
"M2"	"MINT"	"ACP5"
"M2"	"MINT"	"FGFR3"
"M2"	"MINT"	"CD84"
"M2"	"MINT"	"RGS1"
"M2"	"MINT"	"CSF2RA"
"M2"	"MINT"	"CSF2RB"
"M2"	"MINT"	"ITGB7"
"M2"	"MINT"	"IL16"
"M2"	"MINT"	"VAV1"
"M2"	"MINT"	"PTPRC"
"M2"	"MINT"	"SKAP1"
"M2"	"MINT"	"ATP6V1G2"
"M2"	"MINT"	"FCGR2B"
"M2"	"MINT"	"BCL11B"
"M2"	"MINT"	"NR2F1"
"M2"	"MINT"	"DOK2"
"M2"	"MINT"	"FYB1"
"M2"	"MINT"	"MAP4K1"
"M2"	"MINT"	"ZAP70"
"M2"	"MINT"	"FCGR2A"
"M2"	"MINT"	"CD2"
"M2"	"MINT"	"HLA-DQA1"
"M2"	"MINT"	"GNAO1"
"M2"	"MINT"	"WARS"
"M2"	"MINT"	"HMOX1"
"M2"	"MINT"	"CTSW"
"M2"	"MINT"	"ACSL5"
"M2"	"MINT"	"CLEC7A"
"M2"	"MINT"	"RGS2"
"M2"	"MINT"	"MYBL2"
"M2"	"MINT"	"GAS7"
"M2"	"MINT"	"FCER1G"
"M2"	"MINT"	"RAC2"
"M2"	"MINT"	"CD5"
"M2"	"MINT"	"IKZF3"
"M2"	"MINT"	"PIM2"
"M2"	"MINT"	"DAPP1"
"M2"	"MINT"	"ITGB2"
"M2"	"MINT"	"LAPTM5"
"M2"	"MINT"	"CCL5"
"M2"	"MINT"	"SIGLEC10"
"M2"	"MINT"	"PLEK"
"M2"	"MINT"	"RENBP"
"M2"	"MINT"	"MKI67"
"M2"	"MINT"	"DNASE1L2"
"M2"	"MINT"	"CEACAM1"
"M2"	"MINT"	"C1R"
"M2"	"MINT"	"IL1B"
"M2"	"MINT"	"CTSE"
"M2"	"MINT"	"ITGAM"
"M2"	"MINT"	"CD3D"
"M2"	"MINT"	"HLA-DRB1"
"M2"	"MINT"	"LILRB1"
"M2"	"MINT"	"HLA-DRA"
"M2"	"MINT"	"CD74"
"M2"	"MINT"	"PSMB9"
"M2"	"MINT"	"COL11A2"
"M2"	"MINT"	"HLA-DPA1"
"M2"	"MINT"	"CCL18"
"M2"	"MINT"	"NCF2"
"M2"	"MINT"	"ANPEP"
"M2"	"MINT"	"PTPN7"
"M2"	"MINT"	"LAIR1"
"M2"	"MINT"	"CST7"
"M2"	"MINT"	"CD7"
"M2"	"MINT"	"EPHB6"
"M2"	"MINT"	"IL10RA"
"M2"	"MINT"	"NCF4"
"M2"	"MINT"	"OLR1"
"M2"	"MINT"	"CHRM3"
"M2"	"MINT"	"HSD17B14"
"M2"	"MINT"	"DUSP2"
"M2"	"MINT"	"RHOH"
"M2"	"MINT"	"SCNN1G"
"M2"	"MINT"	"LAMP3"
"M2"	"MINT"	"HLA-DPB1"
"M2"	"MINT"	"FRZB"
"M2"	"MINT"	"GPR183"
"M2"	"MINT"	"PDZK1IP1"
"M2"	"BEHRENDS_AUTOPHAGY_LOW"	"PIK3CG"
"M2"	"BIND"	"STAT4"
"M2"	"BIND"	"MYC"
"M2"	"BIND"	"VCAM1"
"M2"	"BIND"	"BTK"
"M2"	"BIND"	"LCK"
"M2"	"BIND"	"CXCR4"
"M2"	"BIND"	"BIRC5"
"M2"	"BIND"	"ITGAL"
"M2"	"BIND"	"C3"
"M2"	"BIND"	"LY86"
"M2"	"BIND"	"S100A8"
"M2"	"BIND"	"SPI1"
"M2"	"BIND"	"BIRC3"
"M2"	"BIND"	"MMP9"
"M2"	"BIND"	"KCNMA1"
"M2"	"BIND"	"PIK3CG"
"M2"	"BIND"	"PSTPIP1"
"M2"	"BIND"	"WAS"
"M2"	"BIND"	"S100A9"
"M2"	"BIND"	"HCK"
"M2"	"BIND"	"CARD11"
"M2"	"BIND"	"CCL4"
"M2"	"BIND"	"SELL"
"M2"	"BIND"	"TGM2"
"M2"	"BIND"	"JAK3"
"M2"	"BIND"	"IL2RB"
"M2"	"BIND"	"STAT1"
"M2"	"BIND"	"BUB1"
"M2"	"BIND"	"SCN4A"
"M2"	"BIND"	"FGFR3"
"M2"	"BIND"	"CSF2RB"
"M2"	"BIND"	"ALDOC"
"M2"	"BIND"	"IL16"
"M2"	"BIND"	"VAV1"
"M2"	"BIND"	"PTPRC"
"M2"	"BIND"	"DOCK2"
"M2"	"BIND"	"CCR2"
"M2"	"BIND"	"ATP6V1G2"
"M2"	"BIND"	"BCL11B"
"M2"	"BIND"	"NR2F1"
"M2"	"BIND"	"ZAP70"
"M2"	"BIND"	"CD8A"
"M2"	"BIND"	"CD2"
"M2"	"BIND"	"WARS"
"M2"	"BIND"	"HMOX1"
"M2"	"BIND"	"CD86"
"M2"	"BIND"	"KCNJ11"
"M2"	"BIND"	"RAC2"
"M2"	"BIND"	"HPGDS"
"M2"	"BIND"	"HK3"
"M2"	"BIND"	"HLA-DRB5"
"M2"	"BIND"	"ITGB2"
"M2"	"BIND"	"LAPTM5"
"M2"	"BIND"	"CCL5"
"M2"	"BIND"	"F13A1"
"M2"	"BIND"	"MKI67"
"M2"	"BIND"	"C1R"
"M2"	"BIND"	"CFB"
"M2"	"BIND"	"CTSK"
"M2"	"BIND"	"APBB1IP"
"M2"	"BIND"	"CXCL12"
"M2"	"BIND"	"CD3D"
"M2"	"BIND"	"HLA-DRB1"
"M2"	"BIND"	"LILRB1"
"M2"	"BIND"	"HLA-DRA"
"M2"	"BIND"	"CD74"
"M2"	"BIND"	"CXCL10"
"M2"	"BIND"	"CCL2"
"M2"	"BIND"	"NCF2"
"M2"	"BIND"	"GNA15"
"M2"	"BIND"	"TNFSF13B"
"M2"	"BIND"	"LST1"
"M2"	"BIND"	"RUNX3"
"M2"	"BIND"	"EPHB6"
"M2"	"BIND"	"IL10RA"
"M2"	"BIND"	"SELP"
"M2"	"BIND"	"DSCAML1"
"M2"	"BIND"	"OLR1"
"M2"	"BIND"	"HSD17B14"
"M2"	"BIND"	"SALL1"
"M2"	"BIND"	"CD69"
"M2"	"DIP_Yeast"	"RRM2"
"M2"	"DIP_Yeast"	"THNSL2"
"M2"	"DIP_Yeast"	"LCP1"
"M2"	"DIP_Yeast"	"GTF2H2"
"M2"	"DIP_Mouse"	"FOXP3"
"M2"	"DIP_Mouse"	"STAT4"
"M2"	"DIP_Mouse"	"VCAM1"
"M2"	"DIP_Mouse"	"TYROBP"
"M2"	"DIP_Mouse"	"SCNN1B"
"M2"	"DIP_Mouse"	"CDH2"
"M2"	"DIP_Mouse"	"LY86"
"M2"	"DIP_Mouse"	"IRF4"
"M2"	"DIP_Mouse"	"PIK3CG"
"M2"	"DIP_Mouse"	"WAS"
"M2"	"DIP_Mouse"	"IDO1"
"M2"	"DIP_Mouse"	"SEMA3A"
"M2"	"DIP_Mouse"	"NLRP3"
"M2"	"DIP_Mouse"	"FYB1"
"M2"	"DIP_Mouse"	"CD79B"
"M2"	"DIP_Mouse"	"CYBB"
"M2"	"DIP_Mouse"	"KCNJ11"
"M2"	"DIP_Mouse"	"EBI3"
"M2"	"DIP_Mouse"	"CD79A"
"M2"	"DIP_Mouse"	"PRF1"
"M2"	"DIP_Mouse"	"TNFSF4"
"M2"	"DIP_Mouse"	"HCST"
"M2"	"DIP_Mouse"	"JAML"
"M2"	"BioGrid_Yeast"	"RRM2"
"M2"	"BioGrid_Yeast"	"IDO1"
"M2"	"BioGrid_Yeast"	"THNSL2"
"M2"	"BioGrid_Yeast"	"LCP1"
"M2"	"BioGrid_Yeast"	"BCAT1"
"M2"	"BioGrid_Yeast"	"GTF2H2"
"M2"	"BioGrid_Yeast"	"GPT"
"M2"	"BioGrid_Worm"	"RRM2"
"M2"	"BioGrid_Worm"	"FGFR3"
"M2"	"BioGrid_Worm"	"ALDOC"
"M2"	"BioGrid_Worm"	"DCLK1"
"M2"	"BioGrid_Worm"	"GNAO1"
"M2"	"BIND_Rat"	"C3"
"M2"	"BIND_Rat"	"CDH2"
"M2"	"BIND_Rat"	"PRKCB"
"M2"	"BIND_Rat"	"CD2"
"M2"	"BIND_Rat"	"HPGDS"
"M2"	"BIND_Rat"	"CD48"
"M2"	"BIND_Rat"	"CEACAM1"
"M2"	"BIND_Rat"	"CHRM3"
"M2"	"YeastLow"	"RRM2"
"M2"	"YeastLow"	"THNSL2"
"M2"	"YeastLow"	"LCP1"
"M2"	"YeastLow"	"WARS"
"M2"	"YeastLow"	"GPT"
"M2"	"DIP_Fly"	"SEMA3A"
"M2"	"DIP_Fly"	"MOXD1"
"M2"	"DIP_Fly"	"ACTG2"
"M2"	"DIP_Fly"	"ATP6V1G2"
"M2"	"DIP_Fly"	"GNAO1"
"M2"	"DIP_Fly"	"PIWIL1"
"M2"	"MINT_Fly"	"MOXD1"
"M2"	"MINT_Fly"	"ACTG2"
"M2"	"SOURAV_MAPK_LOW"	"MYC"
"M2"	"SOURAV_MAPK_LOW"	"PRKCB"
"M2"	"SOURAV_MAPK_LOW"	"STAT1"
"M2"	"SOURAV_MAPK_LOW"	"ITGB2"
"M2"	"Krogan_NonCore"	"THNSL2"
"M2"	"Krogan_NonCore"	"LCP1"
"M2"	"MINT_Yeast"	"RRM2"
"M2"	"MINT_Yeast"	"LCP1"
"M2"	"MINT_Yeast"	"BCAT1"
"M2"	"MINT_Yeast"	"GTF2H2"
"M2"	"IntAct_Worm"	"RRM2"
"M2"	"IntAct_Worm"	"ALDOC"
"M2"	"IntAct_Worm"	"DCLK1"
"M2"	"IntAct_Worm"	"GTF2H2"
"M2"	"MINT_Worm"	"RRM2"
"M2"	"MINT_Worm"	"ALDOC"
"M2"	"MINT_Worm"	"DCLK1"
"M2"	"MINT_Worm"	"GNAO1"
"M2"	"SOURAV_MAPK_HIGH"	"MYC"
"M2"	"SOURAV_MAPK_HIGH"	"S100A9"
"M2"	"SOURAV_MAPK_HIGH"	"STAT1"
"M2"	"BIND_Worm"	"RRM2"
"M2"	"BIND_Worm"	"ALDOC"
"M2"	"BIND_Worm"	"DCLK1"
"M2"	"BIND_Worm"	"GNAO1"
"M2"	"BioGrid_Fly"	"RRM2"
"M2"	"BioGrid_Fly"	"FGFR3"
"M2"	"BioGrid_Fly"	"SEMA3A"
"M2"	"BioGrid_Fly"	"MOXD1"
"M2"	"BioGrid_Fly"	"ACTG2"
"M2"	"BioGrid_Fly"	"LCP1"
"M2"	"BioGrid_Fly"	"BCAT1"
"M2"	"BioGrid_Fly"	"GNAO1"
"M2"	"BioGrid_Fly"	"WARS"
"M2"	"BioGrid_Fly"	"HPGDS"
"M2"	"BioGrid_Fly"	"DSCAML1"
"M2"	"BioGrid_Fly"	"PLCB4"
"M2"	"VidalHuman_core"	"ADAMTSL4"
"M2"	"VidalHuman_core"	"SPP1"
"M2"	"VidalHuman_core"	"NEK6"
"M2"	"VidalHuman_core"	"IRF4"
"M2"	"VidalHuman_core"	"USP2"
"M2"	"VidalHuman_core"	"BUB1"
"M2"	"VidalHuman_core"	"IL16"
"M2"	"VidalHuman_core"	"DOK2"
"M2"	"VidalHuman_core"	"PIM2"
"M2"	"VidalHuman_core"	"RENBP"
"M2"	"VidalHuman_core"	"HSD17B14"
"M2"	"StelzlMedium"	"S100A8"
"M2"	"StelzlMedium"	"PDPN"
"M2"	"StelzlMedium"	"THNSL2"
"M2"	"StelzlMedium"	"FGFR3"
"M2"	"StelzlMedium"	"RGS1"
"M2"	"StelzlMedium"	"HLA-DQA1"
"M2"	"StelzlMedium"	"RGS2"
"M2"	"StelzlMedium"	"CCL18"
"M2"	"StelzlMedium"	"RHOH"
"M2"	"StelzlMedium"	"GPR183"
"M2"	"StelzlMedium"	"PDZK1IP1"
"M2"	"Chen_PiwiScreen"	"PIWIL1"
"M2"	"Pawson1"	"GAS7"
"M2"	"BIND_Fly"	"FGFR3"
"M2"	"BIND_Fly"	"SEMA3A"
"M2"	"BIND_Fly"	"GNAO1"
"M2"	"BIND_Fly"	"HPGDS"
"M2"	"IntAct_Yeast"	"RRM2"
"M2"	"IntAct_Yeast"	"THNSL2"
"M2"	"IntAct_Yeast"	"AQP3"
"M2"	"IntAct_Yeast"	"LCP1"
"M2"	"IntAct_Yeast"	"BCAT1"
"M2"	"IntAct_Yeast"	"WARS"
"M2"	"IntAct_Yeast"	"GTF2H2"
"M2"	"IntAct_Yeast"	"SLC43A3"
"M2"	"ShawnLi"	"IL2RG"
"M2"	"ShawnLi"	"CSF2RA"
"M2"	"ShawnLi"	"FCGR2B"
"M2"	"ShawnLi"	"FYB1"
"M2"	"KIM_MYC"	"MYC"
"M2"	"KIM_MYC"	"ANLN"
"M2"	"KIM_MYC"	"ACTG2"
"M2"	"IntAct_Rat"	"MYC"
"M2"	"IntAct_Rat"	"FKBP5"
"M2"	"IntAct_Rat"	"IQGAP3"
"M2"	"IntAct_Rat"	"SPP1"
"M2"	"IntAct_Rat"	"KCNMA1"
"M2"	"IntAct_Rat"	"PTPRC"
"M2"	"IntAct_Rat"	"CHGB"
"M2"	"IntAct_Rat"	"GNAO1"
"M2"	"IntAct_Rat"	"KCNJ5"
"M2"	"IntAct_Rat"	"CACNA2D2"
"M2"	"IntAct_Rat"	"CHRM3"
"M2"	"YeastHigh"	"THNSL2"
"M2"	"StelzlHigh"	"S100A8"
"M2"	"StelzlHigh"	"FGFR3"
"M2"	"StelzlHigh"	"HLA-DQA1"
"M2"	"StelzlHigh"	"RGS2"
"M2"	"StelzlHigh"	"CCL18"
"M2"	"I2D-c_Fiona_HUMAN"	"FABP3"
"M2"	"I2D-c_Fiona_HUMAN"	"MMP9"
"M2"	"StelzlLow"	"S100A8"
"M2"	"StelzlLow"	"ACP5"
"M2"	"StelzlLow"	"FCGR2B"
"M2"	"StelzlLow"	"RGS2"
"M2"	"StelzlLow"	"RHOH"
"M2"	"DIP_Rat"	"CDH2"
"M2"	"DIP_Rat"	"ALOX5AP"
"M2"	"DIP_Rat"	"ARG2"
"M2"	"CORE_2"	"ALDOC"
"M2"	"CORE_2"	"DCLK1"
"M2"	"DIP_Worm"	"RRM2"
"M2"	"DIP_Worm"	"ALDOC"
"M2"	"DIP_Worm"	"DCLK1"
"M2"	"FlyLow"	"SEMA3A"
"M2"	"FlyLow"	"GNAO1"
"M2"	"YeastMedium"	"LCP1"
"M2"	"YeastMedium"	"WARS"
"M2"	"YeastMedium"	"GPT"
"M2"	"INTEROLOG"	"IQGAP3"
"M2"	"INTEROLOG"	"RRM2"
"M2"	"BIND_Yeast"	"RRM2"
"M2"	"BIND_Yeast"	"LCP1"
"M2"	"NON_CORE"	"RRM2"
"M2"	"NON_CORE"	"GNAO1"
"M2"	"Yu_GoldStd"	"RRM2"
"M2"	"Yu_GoldStd"	"LCP1"
"M2"	"I2D-text_mining-c"	"HCK"
"M2"	"Tarassov_PCA"	"LCP1"
"M2"	"MINT_Rat"	"GNAO1"
"M2"	"LITERATURE"	"GNAO1"
"M2"	"MIPS"	"RRM2"
"M2"	"MIPS"	"LCP1"
"M2"	"FlyHigh"	"GNAO1"
"M2"	"Krogan_Core"	"GTF2H2"
"M2"	"Fawcett_polarity"	"MPP2"
"M3"	"IntAct_Fly"	"NTN1"
"M3"	"IntAct_Fly"	"FBLN2"
"M3"	"IntAct_Fly"	"APOD"
"M3"	"IntAct_Fly"	"MFAP4"
"M3"	"IntAct_Fly"	"FAP"
"M3"	"IntAct_Fly"	"ALDH1L2"
"M3"	"BioGrid"	"NTN1"
"M3"	"BioGrid"	"CREB3L1"
"M3"	"BioGrid"	"VCAN"
"M3"	"BioGrid"	"LUM"
"M3"	"BioGrid"	"PTN"
"M3"	"BioGrid"	"DCN"
"M3"	"BioGrid"	"TSHZ2"
"M3"	"BioGrid"	"GEM"
"M3"	"BioGrid"	"FLNC"
"M3"	"BioGrid"	"FBLN1"
"M3"	"BioGrid"	"EFEMP1"
"M3"	"BioGrid"	"ELN"
"M3"	"BioGrid"	"EMILIN1"
"M3"	"BioGrid"	"COL1A2"
"M3"	"BioGrid"	"EPHA3"
"M3"	"BioGrid"	"PDGFRA"
"M3"	"BioGrid"	"FGF7"
"M3"	"BioGrid"	"MYH11"
"M3"	"BioGrid"	"FBLN2"
"M3"	"BioGrid"	"PLN"
"M3"	"BioGrid"	"COL1A1"
"M3"	"BioGrid"	"COL3A1"
"M3"	"BioGrid"	"COL5A1"
"M3"	"BioGrid"	"COMP"
"M3"	"BioGrid"	"FBN1"
"M3"	"BioGrid"	"SFRP2"
"M3"	"BioGrid"	"APOD"
"M3"	"BioGrid"	"AGT"
"M3"	"BioGrid"	"THRSP"
"M3"	"BioGrid"	"PAK3"
"M3"	"BioGrid"	"ZFPM2"
"M3"	"BioGrid"	"ADAM12"
"M3"	"BioGrid"	"THBS1"
"M3"	"BioGrid"	"PLAT"
"M3"	"BioGrid"	"SERPINE2"
"M3"	"BioGrid"	"IGF2"
"M3"	"BioGrid"	"MMP2"
"M3"	"BioGrid"	"COL6A1"
"M3"	"BioGrid"	"BGN"
"M3"	"BioGrid"	"DPT"
"M3"	"BioGrid"	"LTBP1"
"M3"	"BioGrid"	"FAP"
"M3"	"BioGrid"	"PRELP"
"M3"	"BioGrid"	"ADRA2A"
"M3"	"BioGrid"	"NNMT"
"M3"	"BioGrid"	"PTGIS"
"M3"	"BioGrid"	"COLEC12"
"M3"	"BioGrid"	"NTM"
"M3"	"BioGrid"	"SELE"
"M3"	"BioGrid"	"CNN1"
"M3"	"BioGrid"	"COL10A1"
"M3"	"BioGrid"	"INHBA"
"M3"	"BioGrid"	"PNMA2"
"M3"	"BioGrid"	"OLFML3"
"M3"	"BioGrid"	"GJB2"
"M3"	"BioGrid"	"LAMA3"
"M3"	"BioGrid"	"SERPINF1"
"M3"	"BioGrid"	"LYVE1"
"M3"	"BioGrid"	"PDZRN3"
"M3"	"BioGrid"	"PRRX1"
"M3"	"BioGrid"	"GALNT15"
"M3"	"BioGrid"	"CLMP"
"M3"	"IntAct"	"CREB3L1"
"M3"	"IntAct"	"VCAN"
"M3"	"IntAct"	"SSC5D"
"M3"	"IntAct"	"PTN"
"M3"	"IntAct"	"GEM"
"M3"	"IntAct"	"FLNC"
"M3"	"IntAct"	"FBLN1"
"M3"	"IntAct"	"EFEMP1"
"M3"	"IntAct"	"ELN"
"M3"	"IntAct"	"HSPB6"
"M3"	"IntAct"	"EMILIN1"
"M3"	"IntAct"	"COL1A2"
"M3"	"IntAct"	"EPHA3"
"M3"	"IntAct"	"PDGFRA"
"M3"	"IntAct"	"FGF7"
"M3"	"IntAct"	"MYH11"
"M3"	"IntAct"	"SFRP4"
"M3"	"IntAct"	"FBLN2"
"M3"	"IntAct"	"PLN"
"M3"	"IntAct"	"SVEP1"
"M3"	"IntAct"	"COMP"
"M3"	"IntAct"	"FLRT2"
"M3"	"IntAct"	"FBN1"
"M3"	"IntAct"	"SFRP2"
"M3"	"IntAct"	"APOD"
"M3"	"IntAct"	"CEMIP"
"M3"	"IntAct"	"AGT"
"M3"	"IntAct"	"THRSP"
"M3"	"IntAct"	"PAK3"
"M3"	"IntAct"	"COL12A1"
"M3"	"IntAct"	"ZFPM2"
"M3"	"IntAct"	"LAMA2"
"M3"	"IntAct"	"ADAM12"
"M3"	"IntAct"	"THBS1"
"M3"	"IntAct"	"PLAT"
"M3"	"IntAct"	"C1S"
"M3"	"IntAct"	"PCOLCE"
"M3"	"IntAct"	"IGF2"
"M3"	"IntAct"	"MMP2"
"M3"	"IntAct"	"COL6A1"
"M3"	"IntAct"	"BGN"
"M3"	"IntAct"	"LTBP1"
"M3"	"IntAct"	"FAP"
"M3"	"IntAct"	"ADRA2A"
"M3"	"IntAct"	"NNMT"
"M3"	"IntAct"	"NTM"
"M3"	"IntAct"	"SELE"
"M3"	"IntAct"	"COL10A1"
"M3"	"IntAct"	"INHBA"
"M3"	"IntAct"	"PNMA2"
"M3"	"IntAct"	"OLFML3"
"M3"	"IntAct"	"COL6A3"
"M3"	"IntAct"	"SERPINF1"
"M3"	"IntAct"	"ADAMTS12"
"M3"	"IntAct"	"CLMP"
"M3"	"IntAct"	"POSTN"
"M3"	"BioGrid_Fly"	"NTN1"
"M3"	"BioGrid_Fly"	"SPON1"
"M3"	"BioGrid_Fly"	"FBLN2"
"M3"	"BioGrid_Fly"	"COMP"
"M3"	"BioGrid_Fly"	"MFAP4"
"M3"	"BioGrid_Fly"	"FAP"
"M3"	"HPRD"	"NTN1"
"M3"	"HPRD"	"CREB3L1"
"M3"	"HPRD"	"SPON1"
"M3"	"HPRD"	"VCAN"
"M3"	"HPRD"	"LUM"
"M3"	"HPRD"	"PTN"
"M3"	"HPRD"	"DCN"
"M3"	"HPRD"	"GEM"
"M3"	"HPRD"	"FLNC"
"M3"	"HPRD"	"FBLN1"
"M3"	"HPRD"	"ELN"
"M3"	"HPRD"	"HSPB6"
"M3"	"HPRD"	"EMILIN1"
"M3"	"HPRD"	"COL1A2"
"M3"	"HPRD"	"EPHA3"
"M3"	"HPRD"	"PDGFRA"
"M3"	"HPRD"	"FGF7"
"M3"	"HPRD"	"SEMA3C"
"M3"	"HPRD"	"FBLN2"
"M3"	"HPRD"	"PLN"
"M3"	"HPRD"	"COL1A1"
"M3"	"HPRD"	"SVEP1"
"M3"	"HPRD"	"CPXM2"
"M3"	"HPRD"	"COMP"
"M3"	"HPRD"	"SFRP2"
"M3"	"HPRD"	"APOD"
"M3"	"HPRD"	"CEMIP"
"M3"	"HPRD"	"MMP11"
"M3"	"HPRD"	"MFAP4"
"M3"	"HPRD"	"AGT"
"M3"	"HPRD"	"THRSP"
"M3"	"HPRD"	"PAK3"
"M3"	"HPRD"	"COL12A1"
"M3"	"HPRD"	"ZFPM2"
"M3"	"HPRD"	"LAMA2"
"M3"	"HPRD"	"ADAM12"
"M3"	"HPRD"	"THBS1"
"M3"	"HPRD"	"PLAT"
"M3"	"HPRD"	"SERPINE2"
"M3"	"HPRD"	"C1S"
"M3"	"HPRD"	"PCOLCE"
"M3"	"HPRD"	"IGF2"
"M3"	"HPRD"	"MMP2"
"M3"	"HPRD"	"COL6A1"
"M3"	"HPRD"	"BGN"
"M3"	"HPRD"	"DPT"
"M3"	"HPRD"	"LTBP1"
"M3"	"HPRD"	"FAP"
"M3"	"HPRD"	"PRELP"
"M3"	"HPRD"	"ADRA2A"
"M3"	"HPRD"	"BNC2"
"M3"	"HPRD"	"SELE"
"M3"	"HPRD"	"CNN1"
"M3"	"HPRD"	"COL10A1"
"M3"	"HPRD"	"THBS2"
"M3"	"HPRD"	"INHBA"
"M3"	"HPRD"	"AEBP1"
"M3"	"HPRD"	"CDH11"
"M3"	"HPRD"	"PDZRN3"
"M3"	"HPRD"	"GAS1"
"M3"	"INNATEDB"	"VCAN"
"M3"	"INNATEDB"	"PTN"
"M3"	"INNATEDB"	"DCN"
"M3"	"INNATEDB"	"ELN"
"M3"	"INNATEDB"	"COL1A2"
"M3"	"INNATEDB"	"PDGFRA"
"M3"	"INNATEDB"	"COL1A1"
"M3"	"INNATEDB"	"FBN1"
"M3"	"INNATEDB"	"APOD"
"M3"	"INNATEDB"	"AGT"
"M3"	"INNATEDB"	"PAK3"
"M3"	"INNATEDB"	"THBS1"
"M3"	"INNATEDB"	"C1S"
"M3"	"INNATEDB"	"MMP2"
"M3"	"INNATEDB"	"BGN"
"M3"	"INNATEDB"	"LTBP1"
"M3"	"INNATEDB"	"ADRA2A"
"M3"	"INNATEDB"	"SELE"
"M3"	"INNATEDB"	"INHBA"
"M3"	"YeastLow"	"GFPT2"
"M3"	"DIP_Yeast"	"GFPT2"
"M3"	"YeastHigh"	"GFPT2"
"M3"	"BCI"	"VCAN"
"M3"	"BCI"	"FBLN1"
"M3"	"BCI"	"ELN"
"M3"	"BCI"	"COL1A2"
"M3"	"BCI"	"PDGFRA"
"M3"	"BCI"	"MYH11"
"M3"	"BCI"	"FBLN2"
"M3"	"BCI"	"COL1A1"
"M3"	"BCI"	"COL3A1"
"M3"	"BCI"	"FBN1"
"M3"	"BCI"	"APOD"
"M3"	"BCI"	"THBS1"
"M3"	"BCI"	"PLAT"
"M3"	"BCI"	"IGF2"
"M3"	"BCI"	"COL6A1"
"M3"	"BCI"	"DPT"
"M3"	"BCI"	"LTBP1"
"M3"	"BCI"	"COL10A1"
"M3"	"BCI"	"THBS2"
"M3"	"BCI"	"AEBP1"
"M3"	"BCI"	"CDH11"
"M3"	"BCI"	"GAS1"
"M3"	"BioGrid_Rat"	"CREB3L1"
"M3"	"BioGrid_Rat"	"DCN"
"M3"	"BioGrid_Rat"	"HSPB6"
"M3"	"BioGrid_Rat"	"APOD"
"M3"	"BioGrid_Rat"	"MMP11"
"M3"	"BioGrid_Rat"	"CNN1"
"M3"	"DIP"	"NTN1"
"M3"	"DIP"	"PTN"
"M3"	"DIP"	"FLNC"
"M3"	"DIP"	"EPHA3"
"M3"	"DIP"	"FGF7"
"M3"	"DIP"	"COL1A1"
"M3"	"DIP"	"COL3A1"
"M3"	"DIP"	"FBN1"
"M3"	"DIP"	"IGF2"
"M3"	"DIP"	"MMP2"
"M3"	"DIP"	"LTBP1"
"M3"	"DIP"	"SELE"
"M3"	"DIP"	"INHBA"
"M3"	"DIP"	"GJB2"
"M3"	"BIND_Fly"	"FBLN2"
"M3"	"BIND_Fly"	"FAP"
"M3"	"FlyLow"	"FBLN2"
"M3"	"FlyLow"	"FAP"
"M3"	"MINT_Fly"	"FBLN2"
"M3"	"MINT_Fly"	"MFAP4"
"M3"	"DIP_Worm"	"FBLN1"
"M3"	"IntAct_Worm"	"FBLN1"
"M3"	"IntAct_Worm"	"ADAM12"
"M3"	"BioGrid_Mouse"	"PDGFRA"
"M3"	"BioGrid_Mouse"	"SFRP4"
"M3"	"BioGrid_Mouse"	"COL1A1"
"M3"	"BioGrid_Mouse"	"COL3A1"
"M3"	"BioGrid_Mouse"	"COL5A1"
"M3"	"BioGrid_Mouse"	"SFRP2"
"M3"	"BioGrid_Mouse"	"PAK3"
"M3"	"BioGrid_Mouse"	"THBS1"
"M3"	"BioGrid_Mouse"	"ADRA2A"
"M3"	"BioGrid_Mouse"	"THBS2"
"M3"	"BioGrid_Mouse"	"INHBA"
"M3"	"BioGrid_Mouse"	"AEBP1"
"M3"	"BioGrid_Mouse"	"GAS1"
"M3"	"MINT"	"CREB3L1"
"M3"	"MINT"	"LUM"
"M3"	"MINT"	"PTN"
"M3"	"MINT"	"GEM"
"M3"	"MINT"	"FLNC"
"M3"	"MINT"	"EFEMP1"
"M3"	"MINT"	"HSPB6"
"M3"	"MINT"	"EMILIN1"
"M3"	"MINT"	"PDGFRA"
"M3"	"MINT"	"COL1A1"
"M3"	"MINT"	"FLRT2"
"M3"	"MINT"	"APOD"
"M3"	"MINT"	"PAK3"
"M3"	"MINT"	"ADAM12"
"M3"	"MINT"	"IGF2"
"M3"	"MINT"	"DPT"
"M3"	"MINT"	"FAP"
"M3"	"MINT"	"SELE"
"M3"	"MINT"	"COL10A1"
"M3"	"MINT"	"INHBA"
"M3"	"MINT"	"OLFML3"
"M3"	"MINT"	"LAMA3"
"M3"	"VidalHuman_core"	"GEM"
"M3"	"VidalHuman_core"	"EFEMP1"
"M3"	"VidalHuman_core"	"EMILIN1"
"M3"	"VidalHuman_core"	"AGT"
"M3"	"BIND"	"CREB3L1"
"M3"	"BIND"	"PTN"
"M3"	"BIND"	"FLNC"
"M3"	"BIND"	"ELN"
"M3"	"BIND"	"PLN"
"M3"	"BIND"	"C1S"
"M3"	"BIND"	"IGF2"
"M3"	"BIND"	"MMP2"
"M3"	"BIND"	"FAP"
"M3"	"BIND"	"ADRA2A"
"M3"	"BIND"	"INHBA"
"M3"	"BIND_Mouse"	"GFPT2"
"M3"	"BIND_Mouse"	"EPHA3"
"M3"	"BIND_Mouse"	"MMP11"
"M3"	"BIND_Mouse"	"PAK3"
"M3"	"BIND_Mouse"	"ADAM12"
"M3"	"BIND_Mouse"	"INHBA"
"M3"	"DIP_Rat"	"COL1A2"
"M3"	"BIND_Rat"	"HSPB6"
"M3"	"BIND_Rat"	"ADRA2A"
"M3"	"Krogan_NonCore"	"GFPT2"
"M3"	"YeastMedium"	"GFPT2"
"M3"	"DIP_Mouse"	"THRSP"
"M3"	"DIP_Mouse"	"SELE"
"M3"	"DIP_Mouse"	"CDH11"
"M3"	"INNATEDB_Mouse"	"GEM"
"M3"	"INNATEDB_Mouse"	"FLNC"
"M3"	"INNATEDB_Mouse"	"ITGA11"
"M3"	"INNATEDB_Mouse"	"ADAMTS2"
"M3"	"IntAct_Rat"	"FLNC"
"M3"	"IntAct_Rat"	"PDGFRA"
"M3"	"IntAct_Rat"	"PLAT"
"M3"	"DIP_Fly"	"SPON1"
"M3"	"DIP_Fly"	"FBLN2"
"M3"	"DIP_Fly"	"APOD"
"M3"	"DIP_Fly"	"FAP"
"M3"	"IntAct_Mouse"	"NTN1"
"M3"	"IntAct_Mouse"	"GEM"
"M3"	"IntAct_Mouse"	"COL3A1"
"M3"	"IntAct_Mouse"	"LTBP1"
"M3"	"IntAct_Mouse"	"GJB2"
"M3"	"StelzlMedium"	"DPT"
"M3"	"StelzlMedium"	"OLFML3"
"M3"	"BioGrid_Yeast"	"GFPT2"
"M3"	"VidalHuman_non_core"	"SFRP2"
"M3"	"VidalHuman_non_core"	"AGT"
"M3"	"MINT_Mouse"	"GEM"
"M3"	"MINT_Mouse"	"PDGFRA"
"M3"	"IntAct_Yeast"	"GFPT2"
"M3"	"StelzlHigh"	"PTN"
"M3"	"MGI"	"GAS1"
"M3"	"I2D-c_Fiona_HUMAN"	"MMP2"
"M4"	"BCI"	"STX11"
"M4"	"BCI"	"HSPG2"
"M4"	"BCI"	"PTTG1"
"M4"	"BCI"	"ITPR3"
"M4"	"HPRD"	"STX11"
"M4"	"HPRD"	"HSPG2"
"M4"	"HPRD"	"ITGB3"
"M4"	"HPRD"	"PTTG1"
"M4"	"HPRD"	"MALL"
"M4"	"HPRD"	"BCL11A"
"M4"	"HPRD"	"CCDC158"
"M4"	"HPRD"	"RELL1"
"M4"	"HPRD"	"ASAP2"
"M4"	"HPRD"	"TIMP3"
"M4"	"HPRD"	"SYNC"
"M4"	"HPRD"	"ADRA1B"
"M4"	"HPRD"	"RAPH1"
"M4"	"HPRD"	"NOMO3"
"M4"	"INNATEDB"	"STX11"
"M4"	"INNATEDB"	"PTTG1"
"M4"	"INNATEDB"	"GSDMB"
"M4"	"INNATEDB"	"ASAP2"
"M4"	"INNATEDB"	"MAL"
"M4"	"INNATEDB"	"TIMP3"
"M4"	"VidalHuman_core"	"STX11"
"M4"	"VidalHuman_core"	"MALL"
"M4"	"IntAct"	"STX11"
"M4"	"IntAct"	"HSPG2"
"M4"	"IntAct"	"ITGB3"
"M4"	"IntAct"	"PTTG1"
"M4"	"IntAct"	"TXNDC5"
"M4"	"IntAct"	"MALL"
"M4"	"IntAct"	"CCDC85A"
"M4"	"IntAct"	"ITPR3"
"M4"	"IntAct"	"BCL11A"
"M4"	"IntAct"	"CCDC158"
"M4"	"IntAct"	"GSDMB"
"M4"	"IntAct"	"PRSS50"
"M4"	"IntAct"	"RAB43"
"M4"	"IntAct"	"PCDHGC3"
"M4"	"IntAct"	"ASAP2"
"M4"	"IntAct"	"MAL"
"M4"	"IntAct"	"TIMP3"
"M4"	"IntAct"	"TBC1D14"
"M4"	"IntAct"	"ADRA1B"
"M4"	"IntAct"	"ZNF366"
"M4"	"IntAct"	"RAPH1"
"M4"	"IntAct"	"RAB11FIP1"
"M4"	"IntAct"	"NOMO3"
"M4"	"BioGrid"	"STX11"
"M4"	"BioGrid"	"HSPG2"
"M4"	"BioGrid"	"ITGB3"
"M4"	"BioGrid"	"PTTG1"
"M4"	"BioGrid"	"TXNDC5"
"M4"	"BioGrid"	"MALL"
"M4"	"BioGrid"	"ITPR3"
"M4"	"BioGrid"	"BCL11A"
"M4"	"BioGrid"	"GSDMB"
"M4"	"BioGrid"	"RAB43"
"M4"	"BioGrid"	"PCDHGA12"
"M4"	"BioGrid"	"PCDHGC3"
"M4"	"BioGrid"	"ASAP2"
"M4"	"BioGrid"	"MAL"
"M4"	"BioGrid"	"TIMP3"
"M4"	"BioGrid"	"SYNC"
"M4"	"BioGrid"	"WFDC2"
"M4"	"BioGrid"	"ADRA1B"
"M4"	"BioGrid"	"RAPH1"
"M4"	"BioGrid"	"RAB11FIP1"
"M4"	"MINT"	"STX11"
"M4"	"MINT"	"ITGB3"
"M4"	"MINT"	"TXNDC5"
"M4"	"MINT"	"MALL"
"M4"	"MINT"	"ASAP2"
"M4"	"MINT"	"WFDC2"
"M4"	"MINT"	"ADRA1B"
"M4"	"StelzlLow"	"STX11"
"M4"	"BioGrid_Fly"	"TXNDC5"
"M4"	"IntAct_Fly"	"TXNDC5"
"M4"	"IntAct_Fly"	"ACBD7"
"M4"	"DIP_Mouse"	"ITGB3"
"M4"	"MGI"	"ITGB3"
"M4"	"DIP"	"ITGB3"
"M4"	"DIP"	"ADRA1B"
"M4"	"ShawnLi"	"ASAP2"
"M4"	"BIND"	"ITGB3"
"M4"	"BIND"	"PTTG1"
"M4"	"BIND"	"ASAP2"
"M4"	"BIND"	"ULBP3"
"M4"	"IntAct_Mouse"	"ITGB3"
"M4"	"IntAct_Mouse"	"ITPR3"
"M4"	"IntAct_Mouse"	"SYNC"
"M4"	"BioGrid_Rat"	"ITPR3"
"M4"	"BIND_Mouse"	"HSPG2"
"M4"	"BIND_Mouse"	"FRAS1"
"M4"	"MINT_Mouse"	"HSPG2"
"M4"	"INNATEDB_Mouse"	"ASAP2"
"M4"	"INNATEDB_Mouse"	"TBC1D14"
"M4"	"StelzlMedium"	"STX11"
"M4"	"StelzlMedium"	"WFDC2"
"M4"	"I2D-c_Fiona_HUMAN"	"ITGB3"
"M4"	"DIP_Rat"	"MAL"
"M4"	"VidalHuman_non_core"	"STX11"
"M4"	"BioGrid_Mouse"	"ITPR3"
"M4"	"BioGrid_Mouse"	"BCL11A"
"M5"	"DIP"	"ZFP36"
"M5"	"DIP"	"FOS"
"M5"	"DIP"	"JUN"
"M5"	"DIP"	"KLF4"
"M5"	"DIP"	"NR4A1"
"M5"	"DIP"	"ATF3"
"M5"	"DIP"	"HBB"
"M5"	"DIP"	"ARC"
"M5"	"DIP"	"FOSB"
"M5"	"IntAct"	"ZFP36"
"M5"	"IntAct"	"FOS"
"M5"	"IntAct"	"EGR1"
"M5"	"IntAct"	"ADAMTS4"
"M5"	"IntAct"	"JUN"
"M5"	"IntAct"	"KLF4"
"M5"	"IntAct"	"KLF6"
"M5"	"IntAct"	"SOCS3"
"M5"	"IntAct"	"CTGF"
"M5"	"IntAct"	"GADD45B"
"M5"	"IntAct"	"EGR2"
"M5"	"IntAct"	"DUSP1"
"M5"	"IntAct"	"NR4A1"
"M5"	"IntAct"	"ATF3"
"M5"	"IntAct"	"SERPINE1"
"M5"	"IntAct"	"HBEGF"
"M5"	"IntAct"	"NR4A2"
"M5"	"IntAct"	"HBB"
"M5"	"IntAct"	"AKAP12"
"M5"	"IntAct"	"ARC"
"M5"	"INNATEDB"	"ZFP36"
"M5"	"INNATEDB"	"FOS"
"M5"	"INNATEDB"	"EGR1"
"M5"	"INNATEDB"	"JUN"
"M5"	"INNATEDB"	"KLF4"
"M5"	"INNATEDB"	"KLF6"
"M5"	"INNATEDB"	"SOCS3"
"M5"	"INNATEDB"	"GADD45B"
"M5"	"INNATEDB"	"DUSP1"
"M5"	"INNATEDB"	"NR4A1"
"M5"	"INNATEDB"	"HBEGF"
"M5"	"INNATEDB"	"NR4A2"
"M5"	"INNATEDB"	"EGR3"
"M5"	"INNATEDB"	"NR4A3"
"M5"	"HPRD"	"FOS"
"M5"	"HPRD"	"EGR1"
"M5"	"HPRD"	"ADAMTS4"
"M5"	"HPRD"	"JUN"
"M5"	"HPRD"	"KLF4"
"M5"	"HPRD"	"KLF6"
"M5"	"HPRD"	"SOCS3"
"M5"	"HPRD"	"CTGF"
"M5"	"HPRD"	"GADD45B"
"M5"	"HPRD"	"EGR2"
"M5"	"HPRD"	"DUSP1"
"M5"	"HPRD"	"NR4A1"
"M5"	"HPRD"	"ATF3"
"M5"	"HPRD"	"SERPINE1"
"M5"	"HPRD"	"HBEGF"
"M5"	"HPRD"	"NR4A2"
"M5"	"HPRD"	"HBB"
"M5"	"HPRD"	"EDN1"
"M5"	"HPRD"	"CYR61"
"M5"	"HPRD"	"AKAP12"
"M5"	"HPRD"	"BDKRB2"
"M5"	"HPRD"	"FOSB"
"M5"	"HPRD"	"NR4A3"
"M5"	"BioGrid"	"ZFP36"
"M5"	"BioGrid"	"FOS"
"M5"	"BioGrid"	"EGR1"
"M5"	"BioGrid"	"ADAMTS4"
"M5"	"BioGrid"	"JUN"
"M5"	"BioGrid"	"KLF4"
"M5"	"BioGrid"	"KLF6"
"M5"	"BioGrid"	"SOCS3"
"M5"	"BioGrid"	"CTGF"
"M5"	"BioGrid"	"GADD45B"
"M5"	"BioGrid"	"EGR2"
"M5"	"BioGrid"	"DUSP1"
"M5"	"BioGrid"	"NR4A1"
"M5"	"BioGrid"	"ATF3"
"M5"	"BioGrid"	"SERPINE1"
"M5"	"BioGrid"	"HBEGF"
"M5"	"BioGrid"	"NR4A2"
"M5"	"BioGrid"	"HBB"
"M5"	"BioGrid"	"EDN1"
"M5"	"BioGrid"	"AKAP12"
"M5"	"BioGrid"	"ARC"
"M5"	"BioGrid"	"FOSB"
"M5"	"BioGrid"	"NR4A3"
"M5"	"SOURAV_MAPK_LOW"	"FOS"
"M5"	"SOURAV_MAPK_LOW"	"JUN"
"M5"	"BCI"	"ZFP36"
"M5"	"BCI"	"FOS"
"M5"	"BCI"	"EGR1"
"M5"	"BCI"	"JUN"
"M5"	"BCI"	"KLF6"
"M5"	"BCI"	"CTGF"
"M5"	"BCI"	"GADD45B"
"M5"	"BCI"	"EGR2"
"M5"	"BCI"	"DUSP1"
"M5"	"BCI"	"NR4A1"
"M5"	"BCI"	"ATF3"
"M5"	"BCI"	"SERPINE1"
"M5"	"BCI"	"HBEGF"
"M5"	"BCI"	"NR4A2"
"M5"	"BCI"	"CYR61"
"M5"	"BCI"	"BDKRB2"
"M5"	"BCI"	"FOSB"
"M5"	"INNATEDB_Mouse"	"FOS"
"M5"	"INNATEDB_Mouse"	"EGR1"
"M5"	"INNATEDB_Mouse"	"JUN"
"M5"	"INNATEDB_Mouse"	"KLF4"
"M5"	"INNATEDB_Mouse"	"SOCS3"
"M5"	"INNATEDB_Mouse"	"GADD45B"
"M5"	"INNATEDB_Mouse"	"EGR2"
"M5"	"INNATEDB_Mouse"	"DUSP1"
"M5"	"INNATEDB_Mouse"	"ATF3"
"M5"	"MINT"	"ZFP36"
"M5"	"MINT"	"FOS"
"M5"	"MINT"	"EGR1"
"M5"	"MINT"	"JUN"
"M5"	"MINT"	"KLF4"
"M5"	"MINT"	"KLF6"
"M5"	"MINT"	"SOCS3"
"M5"	"MINT"	"EGR2"
"M5"	"MINT"	"DUSP1"
"M5"	"MINT"	"NR4A1"
"M5"	"MINT"	"ATF3"
"M5"	"MINT"	"SERPINE1"
"M5"	"MINT"	"HBEGF"
"M5"	"MINT"	"EDN1"
"M5"	"MINT"	"AKAP12"
"M5"	"BioGrid_Mouse"	"ZFP36"
"M5"	"BioGrid_Mouse"	"FOS"
"M5"	"BioGrid_Mouse"	"EGR1"
"M5"	"BioGrid_Mouse"	"JUN"
"M5"	"BioGrid_Mouse"	"KLF4"
"M5"	"BioGrid_Mouse"	"SOCS3"
"M5"	"BioGrid_Mouse"	"EGR2"
"M5"	"BioGrid_Mouse"	"DUSP1"
"M5"	"BioGrid_Mouse"	"NR4A1"
"M5"	"BioGrid_Mouse"	"ATF3"
"M5"	"BioGrid_Mouse"	"FOSB"
"M5"	"BioGrid_Mouse"	"NR4A3"
"M5"	"BIND"	"FOS"
"M5"	"BIND"	"EGR1"
"M5"	"BIND"	"JUN"
"M5"	"BIND"	"KLF6"
"M5"	"BIND"	"GADD45B"
"M5"	"BIND"	"ATF3"
"M5"	"BIND"	"SERPINE1"
"M5"	"BIND"	"HBB"
"M5"	"BIND"	"F3"
"M5"	"BIND"	"FOSB"
"M5"	"BIND_Mouse"	"FOS"
"M5"	"BIND_Mouse"	"EGR1"
"M5"	"BIND_Mouse"	"JUN"
"M5"	"BIND_Mouse"	"NR4A1"
"M5"	"StelzlMedium"	"KLF6"
"M5"	"StelzlMedium"	"EGR2"
"M5"	"StelzlMedium"	"NR4A1"
"M5"	"StelzlMedium"	"ATF3"
"M5"	"StelzlMedium"	"HBB"
"M5"	"StelzlMedium"	"EDN1"
"M5"	"DIP_Mouse"	"FOS"
"M5"	"DIP_Mouse"	"JUN"
"M5"	"DIP_Mouse"	"KLF4"
"M5"	"DIP_Mouse"	"ARC"
"M5"	"IntAct_Mouse"	"ZFP36"
"M5"	"IntAct_Mouse"	"FOS"
"M5"	"IntAct_Mouse"	"JUN"
"M5"	"IntAct_Mouse"	"SOCS3"
"M5"	"IntAct_Mouse"	"EGR2"
"M5"	"IntAct_Mouse"	"NR4A2"
"M5"	"IntAct_Mouse"	"ARC"
"M5"	"MINT_Mouse"	"JUN"
"M5"	"MINT_Mouse"	"SOCS3"
"M5"	"MINT_Mouse"	"EGR2"
"M5"	"MINT_Mouse"	"AKAP12"
"M5"	"SOURAV_MAPK_HIGH"	"FOS"
"M5"	"SOURAV_MAPK_HIGH"	"JUN"
"M5"	"StelzlHigh"	"SOCS3"
"M5"	"StelzlHigh"	"EGR2"
"M5"	"StelzlHigh"	"ATF3"
"M5"	"IntAct_Rat"	"FOS"
"M5"	"IntAct_Rat"	"ARC"
"M5"	"MINT_Rat"	"FOS"
"M5"	"MINT_Rat"	"JUN"
"M5"	"BioGrid_Rat"	"KLF4"
"M5"	"BioGrid_Rat"	"SERPINE1"
"M5"	"BioGrid_Rat"	"ARC"
"M5"	"BIND_Rat"	"JUN"
"M5"	"VidalHuman_core"	"ZFP36"
"M5"	"VidalHuman_core"	"KLF6"
"M5"	"KIM_MYC"	"KLF4"
"M5"	"MGI"	"JUN"
"Not.Correlated"	"BioGrid"	"SPATC1L"
"Not.Correlated"	"BioGrid"	"HDAC9"
"Not.Correlated"	"BioGrid"	"TNNC1"
"Not.Correlated"	"BioGrid"	"KCNJ12"
"Not.Correlated"	"BioGrid"	"DGCR6"
"Not.Correlated"	"BioGrid"	"IGFBP3"
"Not.Correlated"	"BioGrid"	"TTN"
"Not.Correlated"	"BioGrid"	"RASD1"
"Not.Correlated"	"BioGrid"	"MYOZ1"
"Not.Correlated"	"BioGrid"	"M1AP"
"Not.Correlated"	"BioGrid"	"LOXL4"
"Not.Correlated"	"BioGrid"	"SYT7"
"Not.Correlated"	"BioGrid"	"CES1"
"Not.Correlated"	"BioGrid"	"PAX9"
"Not.Correlated"	"BioGrid"	"ECM1"
"Not.Correlated"	"BioGrid"	"METTL27"
"Not.Correlated"	"BioGrid"	"ALPL"
"Not.Correlated"	"BioGrid"	"FOLR1"
"Not.Correlated"	"BioGrid"	"ABCA13"
"Not.Correlated"	"BioGrid"	"HAPLN1"
"Not.Correlated"	"BioGrid"	"BRSK1"
"Not.Correlated"	"BioGrid"	"SUSD2"
"Not.Correlated"	"BioGrid"	"GSTM1"
"Not.Correlated"	"BioGrid"	"ADRA2C"
"Not.Correlated"	"BioGrid"	"TRIM36"
"Not.Correlated"	"BioGrid"	"FOLH1"
"Not.Correlated"	"BioGrid"	"ABI3BP"
"Not.Correlated"	"BioGrid"	"CYP4F11"
"Not.Correlated"	"BioGrid"	"GFRA2"
"Not.Correlated"	"BioGrid"	"CLDN8"
"Not.Correlated"	"BioGrid"	"COLGALT2"
"Not.Correlated"	"HPRD"	"SPATC1L"
"Not.Correlated"	"HPRD"	"HDAC9"
"Not.Correlated"	"HPRD"	"TNNC1"
"Not.Correlated"	"HPRD"	"KCNJ12"
"Not.Correlated"	"HPRD"	"IGFBP3"
"Not.Correlated"	"HPRD"	"RASD1"
"Not.Correlated"	"HPRD"	"MYOZ1"
"Not.Correlated"	"HPRD"	"LOXL4"
"Not.Correlated"	"HPRD"	"KCNQ5"
"Not.Correlated"	"HPRD"	"SYT7"
"Not.Correlated"	"HPRD"	"CES1"
"Not.Correlated"	"HPRD"	"PAX9"
"Not.Correlated"	"HPRD"	"ECM1"
"Not.Correlated"	"HPRD"	"ALPL"
"Not.Correlated"	"HPRD"	"FGF13"
"Not.Correlated"	"HPRD"	"BRSK1"
"Not.Correlated"	"HPRD"	"GSTM1"
"Not.Correlated"	"HPRD"	"ADRA2C"
"Not.Correlated"	"HPRD"	"ABI3BP"
"Not.Correlated"	"HPRD"	"GFRA2"
"Not.Correlated"	"HPRD"	"CLDN8"
"Not.Correlated"	"IntAct"	"SPATC1L"
"Not.Correlated"	"IntAct"	"HDAC9"
"Not.Correlated"	"IntAct"	"TNNC1"
"Not.Correlated"	"IntAct"	"IGFBP3"
"Not.Correlated"	"IntAct"	"TTN"
"Not.Correlated"	"IntAct"	"RASD1"
"Not.Correlated"	"IntAct"	"MYOZ1"
"Not.Correlated"	"IntAct"	"ITIH5"
"Not.Correlated"	"IntAct"	"M1AP"
"Not.Correlated"	"IntAct"	"LOXL4"
"Not.Correlated"	"IntAct"	"SYT7"
"Not.Correlated"	"IntAct"	"CES1"
"Not.Correlated"	"IntAct"	"ECM1"
"Not.Correlated"	"IntAct"	"METTL27"
"Not.Correlated"	"IntAct"	"ALPL"
"Not.Correlated"	"IntAct"	"FOLR1"
"Not.Correlated"	"IntAct"	"FGF13"
"Not.Correlated"	"IntAct"	"BRSK1"
"Not.Correlated"	"IntAct"	"TRIM36"
"Not.Correlated"	"IntAct"	"FOLH1"
"Not.Correlated"	"IntAct"	"ABI3BP"
"Not.Correlated"	"IntAct"	"CYP4F11"
"Not.Correlated"	"IntAct"	"ZNF750"
"Not.Correlated"	"IntAct"	"CLDN8"
"Not.Correlated"	"IntAct"	"LIX1"
"Not.Correlated"	"IntAct"	"SLC16A9"
"Not.Correlated"	"IntAct"	"CORO6"
"Not.Correlated"	"IntAct"	"PCDHB5"
"Not.Correlated"	"IntAct_Mouse"	"HDAC9"
"Not.Correlated"	"IntAct_Mouse"	"RASD1"
"Not.Correlated"	"IntAct_Mouse"	"SYT7"
"Not.Correlated"	"IntAct_Mouse"	"PAX9"
"Not.Correlated"	"IntAct_Mouse"	"ECM1"
"Not.Correlated"	"IntAct_Mouse"	"BRSK1"
"Not.Correlated"	"IntAct_Mouse"	"CLDN8"
"Not.Correlated"	"BCI"	"HDAC9"
"Not.Correlated"	"BCI"	"IGFBP3"
"Not.Correlated"	"BCI"	"TTN"
"Not.Correlated"	"BCI"	"PAX9"
"Not.Correlated"	"BCI"	"FOLR1"
"Not.Correlated"	"BCI"	"ADRA2C"
"Not.Correlated"	"DIP"	"HDAC9"
"Not.Correlated"	"DIP"	"IGFBP3"
"Not.Correlated"	"DIP"	"TTN"
"Not.Correlated"	"BIND"	"HDAC9"
"Not.Correlated"	"BIND"	"MYOZ1"
"Not.Correlated"	"BIND"	"CES1"
"Not.Correlated"	"BIND"	"GSTM1"
"Not.Correlated"	"BIND"	"IRX2"
"Not.Correlated"	"MINT"	"IGFBP3"
"Not.Correlated"	"MINT"	"TTN"
"Not.Correlated"	"MINT"	"MYOZ1"
"Not.Correlated"	"MINT"	"CES1"
"Not.Correlated"	"MINT"	"ALPL"
"Not.Correlated"	"BioGrid_Fly"	"ALPL"
"Not.Correlated"	"INNATEDB"	"HDAC9"
"Not.Correlated"	"INNATEDB"	"DGCR6"
"Not.Correlated"	"INNATEDB"	"IGFBP3"
"Not.Correlated"	"INNATEDB"	"TTN"
"Not.Correlated"	"INNATEDB"	"ADRA2C"
"Not.Correlated"	"INNATEDB"	"FOLH1"
"Not.Correlated"	"INNATEDB"	"CYP4F11"
"Not.Correlated"	"INNATEDB"	"CACNA1I"
"Not.Correlated"	"BioGrid_Rat"	"TNNC1"
"Not.Correlated"	"BioGrid_Rat"	"ATP1A2"
"Not.Correlated"	"BIND_Mouse"	"MYOZ1"
"Not.Correlated"	"BIND_Mouse"	"PAX9"
"Not.Correlated"	"BIND_Mouse"	"IRX2"
"Not.Correlated"	"MINT_Mouse"	"LOXL4"
"Not.Correlated"	"MINT_Mouse"	"CLDN8"
"Not.Correlated"	"StelzlMedium"	"IGFBP3"
"Not.Correlated"	"DIP_Mouse"	"ATP1A2"
"Not.Correlated"	"BioGrid_Mouse"	"TTN"
"Not.Correlated"	"BioGrid_Mouse"	"PAX9"
"Not.Correlated"	"VidalHuman_non_core"	"RASD1"
"Not.Correlated"	"VidalHuman_non_core"	"CES1"
"Not.Correlated"	"INNATEDB_Mouse"	"ALPL"
