"Module"	"ID"	"Description"	"GeneRatio"	"BgRatio"	"pvalue"	"p.adjust"	"qvalue"	"geneID"	"Count"
"M1"	"Extracellular matrix organization"	"Extracellular matrix organization"	"36/395"	"266/7644"	8.05104499669445e-08	5.38614910278858e-05	5.15266879788445e-05	"FN1/SDC4/TIMP1/COL14A1/LRP4/DST/ITGB4/LAMB3/KDR/ICAM1/COL8A2/TNC/DMD/ADAMTS9/ITGA2/ITGB6/COL23A1/NCAM1/ITGB8/LAMA1/FBN3/MMP16/MFAP2/LOX/COL13A1/TGFB2/COL17A1/ADAMTS5/COL9A3/FBN2/BMP4/COL7A1/KLK7/MMP7/ADAMTS14/CEACAM6"	36
"M1"	"RA biosynthesis pathway"	"RA biosynthesis pathway"	"7/395"	"21/7644"	5.76935634198005e-05	0.0192984969639233	0.0184619402943362	"DHRS3/ALDH1A1/ALDH1A3/CRABP1/AKR1C3/RDH5/CYP26B1"	7
"M1"	"Signaling by Retinoic Acid"	"Signaling by Retinoic Acid"	"9/395"	"41/7644"	0.000191913094803456	0.0427966201411707	0.0409414602247373	"DHRS3/ALDH1A1/RXRG/CRABP2/ALDH1A3/CRABP1/AKR1C3/RDH5/CYP26B1"	9
"M1"	"Collagen formation"	"Collagen formation"	"13/395"	"86/7644"	0.000427060371732157	0.0714258471722033	0.0683296594771452	"COL14A1/DST/ITGB4/LAMB3/COL8A2/COL23A1/LOX/COL13A1/COL17A1/COL9A3/COL7A1/MMP7/ADAMTS14"	13
"M1"	"Regulation of Complement cascade"	"Regulation of Complement cascade"	"6/395"	"23/7644"	0.000872703534633742	0.097097990253404	0.0928889592857677	"CD55/PROS1/CFI/CFH/C4B/C4A"	6
"M1"	"Elastic fibre formation"	"Elastic fibre formation"	"8/395"	"41/7644"	0.00100481346440773	0.097097990253404	0.0928889592857677	"ITGB6/ITGB8/FBN3/MFAP2/LOX/TGFB2/FBN2/BMP4"	8
"M1"	"Transport of inorganic cations/anions and amino acids/oligopeptides"	"Transport of inorganic cations/anions and amino acids/oligopeptides"	"13/395"	"94/7644"	0.00101597299218808	0.097097990253404	0.0928889592857677	"SLC34A2/SLC26A7/SLC38A5/SLC1A5/SLC1A1/SLC4A5/SLC6A12/SLC15A2/SLC4A4/SLC43A1/SLC5A8/SLC24A3/SLC9A2"	13
"M1"	"Cell junction organization"	"Cell junction organization"	"12/395"	"85/7644"	0.00131034693318365	0.109577762287483	0.104827754654692	"CLDN1/DST/ITGB4/LAMB3/CDH3/CLDN16/CDH6/CLDN9/COL17A1/CDH4/CLDN2/CLDN10"	12
"M1"	"Integrin cell surface interactions"	"Integrin cell surface interactions"	"10/395"	"66/7644"	0.00190188187961787	0.13130980732201	0.125617752894001	"FN1/KDR/ICAM1/TNC/ITGA2/ITGB6/COL23A1/ITGB8/COL13A1/COL9A3"	10
"M1"	"Degradation of the extracellular matrix"	"Degradation of the extracellular matrix"	"12/395"	"89/7644"	0.00196277738896876	0.13130980732201	0.125617752894001	"TIMP1/COL14A1/LAMB3/ADAMTS9/COL23A1/MMP16/COL13A1/COL17A1/ADAMTS5/COL9A3/KLK7/MMP7"	12
"M1"	"Platelet degranulation"	"Platelet degranulation"	"11/395"	"79/7644"	0.00230724662573131	0.132172045189403	0.126442614232015	"FN1/CLU/SERPINA1/TIMP1/VWF/PROS1/CD36/TGFB2/ABCC4/F5/MMRN1"	11
"M1"	"O-linked glycosylation"	"O-linked glycosylation"	"13/395"	"103/7644"	0.00237079901685028	0.132172045189403	0.126442614232015	"MUC15/ST6GAL1/MUC1/ADAMTS9/B3GNT7/ADAMTS5/B3GNT3/MUC20/GALNT16/GCNT4/MUC21/ADAMTS14/SSPO"	13
"M1"	"Axon guidance"	"Axon guidance"	"29/395"	"327/7644"	0.00294990728639038	0.151806767276551	0.14522620486845	"MET/DPYSL3/NRP2/EPHA4/KDR/PLXNC1/ITGA2/TIAM1/SLIT1/NCAM1/SLIT2/NGEF/KCNQ3/LAMA1/EPHB3/VAV3/ARHGEF28/SCN4B/SPTBN2/CNTN6/COL9A3/ANK2/SCN2B/EPHB1/EPHA10/RND1/SEMA3E/TRPC5/CACNB2"	29
"M1"	"Dissolution of Fibrin Clot"	"Dissolution of Fibrin Clot"	"4/395"	"13/7644"	0.00345843837137392	0.165263947889225	0.158100039834237	"ANXA2/S100A10/PLAU/PLAUR"	4
"M1"	"Response to elevated platelet cytosolic Ca2+"	"Response to elevated platelet cytosolic Ca2+"	"11/395"	"84/7644"	0.00376503925598214	0.167920750816803	0.160641674921904	"FN1/CLU/SERPINA1/TIMP1/VWF/PROS1/CD36/TGFB2/ABCC4/F5/MMRN1"	11
"M1"	"Retinoid metabolism and transport"	"Retinoid metabolism and transport"	"7/395"	"41/7644"	0.00456205365062024	0.190750868266559	0.18248214602481	"SDC4/APOE/LRP2/LPL/LDLR/RBP1/AKR1C3"	7
"M1"	"Non-integrin membrane-ECM interactions"	"Non-integrin membrane-ECM interactions"	"7/395"	"42/7644"	0.0052371947250257	0.196263041325314	0.187755375856802	"SDC4/ITGB4/LAMB3/TNC/DMD/ITGA2/LAMA1"	7
"M1"	"O-linked glycosylation of mucins"	"O-linked glycosylation of mucins"	"9/395"	"64/7644"	0.00528061994597256	0.196263041325314	0.187755375856802	"MUC15/ST6GAL1/MUC1/B3GNT7/B3GNT3/MUC20/GALNT16/GCNT4/MUC21"	9
"M1"	"negative regulation of TCF-dependent signaling by WNT ligand antagonists"	"negative regulation of TCF-dependent signaling by WNT ligand antagonists"	"4/395"	"15/7644"	0.00608149374314475	0.214132595482307	0.20485031555856	"WNT5A/SFRP1/WNT4/DKK2"	4
"M1"	"ECM proteoglycans"	"ECM proteoglycans"	"8/395"	"55/7644"	0.00681724235451484	0.228036756758521	0.218151755344475	"LRP4/TNC/ITGA2/ITGB6/NCAM1/LAMA1/TGFB2/COL9A3"	8
"M1"	"Amine-derived hormones"	"Amine-derived hormones"	"4/395"	"16/7644"	0.007783087493041	0.247946930135449	0.237198856930773	"IYD/TPO/DIO2/DIO1"	4
"M1"	"Termination of O-glycan biosynthesis"	"Termination of O-glycan biosynthesis"	"5/395"	"26/7644"	0.0096051158297611	0.267742603754591	0.256136422126963	"MUC15/ST6GAL1/MUC1/MUC20/MUC21"	5
"M1"	"WNT ligand biogenesis and trafficking"	"WNT ligand biogenesis and trafficking"	"5/395"	"26/7644"	0.0096051158297611	0.267742603754591	0.256136422126963	"WNT5A/WNT3/WNT7B/WNT10A/WNT4"	5
"M1"	"WNT ligand secretion is abrogated by the PORCN inhibitor LGK974"	"WNT ligand secretion is abrogated by the PORCN inhibitor LGK974"	"5/395"	"26/7644"	0.0096051158297611	0.267742603754591	0.256136422126963	"WNT5A/WNT3/WNT7B/WNT10A/WNT4"	5
"M1"	"Cell-cell junction organization"	"Cell-cell junction organization"	"8/395"	"60/7644"	0.0114565444844311	0.279157901451353	0.26705688629128	"CLDN1/CDH3/CLDN16/CDH6/CLDN9/CDH4/CLDN2/CLDN10"	8
"M1"	"cGMP effects"	"cGMP effects"	"4/395"	"18/7644"	0.0120590091880255	0.279157901451353	0.26705688629128	"PDE5A/ITPR1/PDE10A/PRKG1"	4
"M1"	"Amino acid and oligopeptide SLC transporters"	"Amino acid and oligopeptide SLC transporters"	"7/395"	"49/7644"	0.0122427773198433	0.279157901451353	0.26705688629128	"SLC38A5/SLC1A5/SLC1A1/SLC6A12/SLC15A2/SLC43A1/SLC5A8"	7
"M1"	"Collagen degradation"	"Collagen degradation"	"6/395"	"38/7644"	0.012409657898421	0.279157901451353	0.26705688629128	"COL14A1/COL23A1/COL13A1/COL17A1/COL9A3/MMP7"	6
"M1"	"Calcitonin-like ligand receptors"	"Calcitonin-like ligand receptors"	"3/395"	"10/7644"	0.0125182915449037	0.279157901451353	0.26705688629128	"ADM/ADM2/RAMP1"	3
"M1"	"Creatine metabolism"	"Creatine metabolism"	"3/395"	"10/7644"	0.0125182915449037	0.279157901451353	0.26705688629128	"GATM/SLC6A12/CKMT2"	3
"M1"	"Nuclear Receptor transcription pathway"	"Nuclear Receptor transcription pathway"	"7/395"	"51/7644"	0.015112008213998	0.318242899025364	0.304447616406925	"RXRG/NR1D1/ESR1/AR/PPARG/ESRRG/PGR"	7
"M1"	"Interaction between L1 and Ankyrins"	"Interaction between L1 and Ankyrins"	"5/395"	"29/7644"	0.0152776813968384	0.318242899025364	0.304447616406925	"KCNQ3/SCN4B/SPTBN2/ANK2/SCN2B"	5
"M1"	"Nicotinate metabolism"	"Nicotinate metabolism"	"3/395"	"11/7644"	0.0165625964784189	0.318242899025364	0.304447616406925	"NMNAT2/PTGS2/QPRT"	3
"M1"	"Collagen biosynthesis and modifying enzymes"	"Collagen biosynthesis and modifying enzymes"	"8/395"	"64/7644"	0.0165845872725689	0.318242899025364	0.304447616406925	"COL14A1/COL8A2/COL23A1/COL13A1/COL17A1/COL9A3/COL7A1/ADAMTS14"	8
"M1"	"Molecules associated with elastic fibres"	"Molecules associated with elastic fibres"	"5/395"	"30/7644"	0.0175776164965555	0.318242899025364	0.304447616406925	"ITGB6/ITGB8/MFAP2/TGFB2/BMP4"	5
"M1"	"Tight junction interactions"	"Tight junction interactions"	"5/395"	"30/7644"	0.0175776164965555	0.318242899025364	0.304447616406925	"CLDN1/CLDN16/CLDN9/CLDN2/CLDN10"	5
"M1"	"Syndecan interactions"	"Syndecan interactions"	"4/395"	"20/7644"	0.0176008778235254	0.318242899025364	0.304447616406925	"SDC4/ITGB4/TNC/ITGA2"	4
"M1"	"Diseases associated with visual transduction"	"Diseases associated with visual transduction"	"10/395"	"92/7644"	0.0198557595302907	0.330638179412558	0.316305582696617	"SDC4/DHRS3/APOE/LRP2/LPL/LDLR/STRA6/RBP1/AKR1C3/RDH5"	10
"M1"	"Visual phototransduction"	"Visual phototransduction"	"10/395"	"92/7644"	0.0198557595302907	0.330638179412558	0.316305582696617	"SDC4/DHRS3/APOE/LRP2/LPL/LDLR/STRA6/RBP1/AKR1C3/RDH5"	10
"M1"	"Striated Muscle Contraction"	"Striated Muscle Contraction"	"5/395"	"31/7644"	0.0200954577950275	0.330638179412558	0.316305582696617	"DMD/MYL4/TMOD1/NEB/TNNI1"	5
"M1"	"Assembly of collagen fibrils and other multimeric structures"	"Assembly of collagen fibrils and other multimeric structures"	"7/395"	"54/7644"	0.0202677381767721	0.330638179412558	0.316305582696617	"DST/ITGB4/LAMB3/COL8A2/LOX/COL7A1/MMP7"	7
"M1"	"Reversible hydration of carbon dioxide"	"Reversible hydration of carbon dioxide"	"3/395"	"12/7644"	0.021251781337429	0.330638179412558	0.316305582696617	"CA12/CA2/CA4"	3
"M1"	"Tandem pore domain potassium channels"	"Tandem pore domain potassium channels"	"3/395"	"12/7644"	0.021251781337429	0.330638179412558	0.316305582696617	"KCNK3/KCNK13/KCNK2"	3
"M1"	"Hemostasis"	"Hemostasis"	"36/395"	"497/7644"	0.0236704412411484	0.359898299780188	0.344297327143977	"FN1/CLU/SERPINA1/ANXA2/TIMP1/CAV1/VWF/PROS1/PDE5A/S100A10/PLAU/ITGA2/ITPR1/GRB7/MAFF/CD36/VAV3/PLAUR/F2RL3/TGFB2/DGKI/PDE10A/ATP1B2/PRKG1/GNA14/GATA3/ANGPT1/ABCC4/F5/TREM1/MAG/MMRN1/KIF5C/KLC3/CEACAM6/KIF5A"	36
"M1"	"Inositol phosphate metabolism"	"Inositol phosphate metabolism"	"6/395"	"44/7644"	0.0245050539783848	0.36430846914532	0.348516323248139	"INPP5J/PLCD3/PLCH2/PLCH1/IP6K3/NUDT11"	6
"M1"	"Ion channel transport"	"Ion channel transport"	"15/395"	"167/7644"	0.0256367543397742	0.370595117667236	0.354530456363275	"ATP11A/SCNN1A/GABRB2/RYR1/TTYH2/ATP1B2/ATP10A/ANO5/GABRB3/GLRB/MCOLN3/CLCNKB/TRPC5/RYR2/ATP2C2"	15
"M1"	"Advanced glycosylation endproduct receptor signaling"	"Advanced glycosylation endproduct receptor signaling"	"3/395"	"13/7644"	0.0265897842272456	0.370595117667236	0.354530456363275	"LGALS3/AGER/S100B"	3
"M1"	"WNT5A-dependent internalization of FZD2, FZD5 and ROR2"	"WNT5A-dependent internalization of FZD2, FZD5 and ROR2"	"3/395"	"13/7644"	0.0265897842272456	0.370595117667236	0.354530456363275	"WNT5A/ROR2/ROR1"	3
"M1"	"L1CAM interactions"	"L1CAM interactions"	"10/395"	"97/7644"	0.0276282887396386	0.377210717690168	0.360859281497321	"NRP2/ITGA2/NCAM1/KCNQ3/LAMA1/SCN4B/SPTBN2/CNTN6/ANK2/SCN2B"	10
"M1"	"Laminin interactions"	"Laminin interactions"	"4/395"	"23/7644"	0.0284888039910276	0.38118019739995	0.364656691085154	"ITGB4/LAMB3/ITGA2/LAMA1"	4
"M1"	"Class B/2 (Secretin family receptors)"	"Class B/2 (Secretin family receptors)"	"9/395"	"87/7644"	0.0349610158372886	0.45491092515019	0.43519131852933	"CD55/ADM/WNT5A/ADM2/WNT3/RAMP1/WNT7B/WNT10A/WNT4"	9
"M1"	"EPH-ephrin mediated repulsion of cells"	"EPH-ephrin mediated repulsion of cells"	"6/395"	"48/7644"	0.0358969135270735	0.45491092515019	0.43519131852933	"EPHA4/TIAM1/EPHB3/VAV3/EPHB1/EPHA10"	6
"M1"	"Cell-Cell communication"	"Cell-Cell communication"	"12/395"	"130/7644"	0.0360392810657101	0.45491092515019	0.43519131852933	"CLDN1/DST/ITGB4/LAMB3/CDH3/CLDN16/CDH6/CLDN9/COL17A1/CDH4/CLDN2/CLDN10"	12
"M1"	"Nitric oxide stimulates guanylate cyclase"	"Nitric oxide stimulates guanylate cyclase"	"4/395"	"25/7644"	0.0375482652577923	0.456723444681146	0.43692526845431	"PDE5A/ITPR1/PDE10A/PRKG1"	4
"M1"	"Synthesis of IP3 and IP4 in the cytosol"	"Synthesis of IP3 and IP4 in the cytosol"	"4/395"	"25/7644"	0.0375482652577923	0.456723444681146	0.43692526845431	"INPP5J/PLCD3/PLCH2/PLCH1"	4
"M1"	"Muscle contraction"	"Muscle contraction"	"6/395"	"49/7644"	0.0391974906722684	0.468270022495492	0.447971321968781	"DMD/LMOD1/MYL4/TMOD1/NEB/TNNI1"	6
"M1"	"Insulin processing"	"Insulin processing"	"4/395"	"26/7644"	0.0426288378810707	0.484003070483409	0.463022369371273	"CPE/PCSK2/KIF5C/KIF5A"	4
"M1"	"Arachidonic acid metabolism"	"Arachidonic acid metabolism"	"6/395"	"50/7644"	0.0426848746764142	0.484003070483409	0.463022369371273	"CYP1B1/ALOX5/CYP4B1/ALOX15B/PTGS2/AKR1C3"	6
"M1"	"Lipid digestion, mobilization, and transport"	"Lipid digestion, mobilization, and transport"	"6/395"	"50/7644"	0.0426848746764142	0.484003070483409	0.463022369371273	"APOE/CAV1/LPL/LDLR/FABP4/CETP"	6
"M1"	"SLC-mediated transmembrane transport"	"SLC-mediated transmembrane transport"	"20/395"	"259/7644"	0.0463596443555764	0.516910034564677	0.494502873126148	"SLC34A2/SLC26A7/SLC38A5/SLC2A3/SLC30A2/SLC1A5/SLC1A1/SLC27A6/SLC4A5/SLC6A12/SLC15A2/SLC4A4/SLC43A1/SLC29A4/SLC5A8/SLC14A1/SLCO4A1/SLC24A3/SLC9A2/SLC2A4"	20
"M1"	"Transcriptional regulation of white adipocyte differentiation"	"Transcriptional regulation of white adipocyte differentiation"	"8/395"	"78/7644"	0.0473258044321857	0.519032183034955	0.496533030108178	"ANGPTL4/LPL/CD36/PPARGC1A/CEBPA/PPARG/FABP4/SLC2A4"	8
"M1"	"Post-translational protein modification"	"Post-translational protein modification"	"21/395"	"278/7644"	0.0509844619050832	0.529482914414005	0.506530740246582	"MUC15/PROS1/MGAT4C/TUSC3/ST6GAL1/MUC1/ADAMTS9/B3GNT7/MGAT3/PLAUR/ADAMTS5/B3GNT3/MUC20/ST3GAL6/GALNT16/GCNT4/ARSJ/ST6GALNAC5/MUC21/ADAMTS14/SSPO"	21
"M1"	"EPH-Ephrin signaling"	"EPH-Ephrin signaling"	"9/395"	"94/7644"	0.0531136965959961	0.529482914414005	0.506530740246582	"EPHA4/KDR/TIAM1/NGEF/EPHB3/VAV3/ARHGEF28/EPHB1/EPHA10"	9
"M1"	"Keratan sulfate biosynthesis"	"Keratan sulfate biosynthesis"	"4/395"	"28/7644"	0.053892210421325	0.529482914414005	0.506530740246582	"CHST2/B3GNT7/B3GNT3/ST3GAL6"	4
"M1"	"Chylomicron-mediated lipid transport"	"Chylomicron-mediated lipid transport"	"3/395"	"17/7644"	0.0543062710124497	0.529482914414005	0.506530740246582	"APOE/LPL/LDLR"	3
"M1"	"Cytosolic sulfonation of small molecules"	"Cytosolic sulfonation of small molecules"	"3/395"	"17/7644"	0.0543062710124497	0.529482914414005	0.506530740246582	"PAPSS2/SULT2B1/SULT1A2"	3
"M1"	"PPARA activates gene expression"	"PPARA activates gene expression"	"10/395"	"111/7644"	0.0604007779028715	0.529482914414005	0.506530740246582	"ARNTL/ANGPTL4/NR1D1/TNFRSF21/CD36/FHL2/PPARGC1A/TRIB3/G0S2/PPARG"	10
"M1"	"Peptide hormone metabolism"	"Peptide hormone metabolism"	"8/395"	"83/7644"	0.0639580699972758	0.529482914414005	0.506530740246582	"CPE/PCSK2/INHBB/DPP4/ENPEP/PLA2G7/KIF5C/KIF5A"	8
"M1"	"Lipoprotein metabolism"	"Lipoprotein metabolism"	"4/395"	"30/7644"	0.0666079071527332	0.529482914414005	0.506530740246582	"APOE/LPL/LDLR/CETP"	4
"M1"	"Cell surface interactions at the vascular wall"	"Cell surface interactions at the vascular wall"	"9/395"	"99/7644"	0.0692895252795917	0.529482914414005	0.506530740246582	"FN1/CAV1/PROS1/GRB7/ATP1B2/ANGPT1/TREM1/MAG/CEACAM6"	9
"M1"	"Potassium Channels"	"Potassium Channels"	"9/395"	"99/7644"	0.0692895252795917	0.529482914414005	0.506530740246582	"GABBR2/KCNJ2/KCNQ3/KCNAB1/KCNN4/KCNK3/KCNK13/KCNK2/HCN4"	9
"M1"	"Orphan transporters"	"Orphan transporters"	"10/395"	"114/7644"	0.0697694252762005	0.529482914414005	0.506530740246582	"ANXA2/S100A10/RXRG/GABRB2/CRABP2/LCN2/TTYH2/ANO5/GABRB3/CETP"	10
"M1"	"Regulation of lipid metabolism by Peroxisome proliferator-activated receptor alpha (PPARalpha)"	"Regulation of lipid metabolism by Peroxisome proliferator-activated receptor alpha (PPARalpha)"	"10/395"	"114/7644"	0.0697694252762005	0.529482914414005	0.506530740246582	"ARNTL/ANGPTL4/NR1D1/TNFRSF21/CD36/FHL2/PPARGC1A/TRIB3/G0S2/PPARG"	10
"M1"	"GABA synthesis, release, reuptake and degradation"	"GABA synthesis, release, reuptake and degradation"	"3/395"	"19/7644"	0.0717727382879723	0.529482914414005	0.506530740246582	"SLC6A12/SYT1/SNAP25"	3
"M1"	"Gap junction assembly"	"Gap junction assembly"	"3/395"	"19/7644"	0.0717727382879723	0.529482914414005	0.506530740246582	"GJB3/GJC2/GJB6"	3
"M1"	"Scavenging by Class A Receptors"	"Scavenging by Class A Receptors"	"3/395"	"19/7644"	0.0717727382879723	0.529482914414005	0.506530740246582	"APOE/MARCO/COLEC11"	3
"M1"	"Amino acid transport across the plasma membrane"	"Amino acid transport across the plasma membrane"	"4/395"	"31/7644"	0.0734986403909119	0.529482914414005	0.506530740246582	"SLC38A5/SLC1A5/SLC6A12/SLC43A1"	4
"M1"	"Neurotoxicity of clostridium toxins"	"Neurotoxicity of clostridium toxins"	"3/395"	"20/7644"	0.0813324783699337	0.529482914414005	0.506530740246582	"SV2A/SYT1/SNAP25"	3
"M1"	"N-glycan antennae elongation in the medial/trans-Golgi"	"N-glycan antennae elongation in the medial/trans-Golgi"	"3/395"	"20/7644"	0.0813324783699337	0.529482914414005	0.506530740246582	"MGAT4C/ST6GAL1/MGAT3"	3
"M1"	"Neuronal System"	"Neuronal System"	"20/395"	"280/7644"	0.0875549035920092	0.529482914414005	0.506530740246582	"GABRB2/GABBR2/SLC1A1/KCNJ2/KCNQ3/KCNAB1/KCNN4/SLC6A12/ADCY1/KCNK3/GRIN2C/GABRB3/KCNK13/RASGRF1/KCNK2/GRIK2/HCN4/SYT1/CACNB2/SNAP25"	20
"M1"	"Keratan sulfate/keratin metabolism"	"Keratan sulfate/keratin metabolism"	"4/395"	"33/7644"	0.0883115177730897	0.529482914414005	0.506530740246582	"CHST2/B3GNT7/B3GNT3/ST3GAL6"	4
"M1"	"Purine catabolism"	"Purine catabolism"	"2/395"	"10/7644"	0.0910786576071297	0.529482914414005	0.506530740246582	"NT5E/PNP"	2
"M1"	"Synthesis of pyrophosphates in the cytosol"	"Synthesis of pyrophosphates in the cytosol"	"2/395"	"10/7644"	0.0910786576071297	0.529482914414005	0.506530740246582	"IP6K3/NUDT11"	2
"M1"	"Glutamate Neurotransmitter Release Cycle"	"Glutamate Neurotransmitter Release Cycle"	"3/395"	"21/7644"	0.0914082683129124	0.529482914414005	0.506530740246582	"SLC1A1/SYT1/SNAP25"	3
"M1"	"Regulation of Insulin-like Growth Factor (IGF) transport and uptake by Insulin-like Growth Factor Binding Proteins (IGFBPs)"	"Regulation of Insulin-like Growth Factor (IGF) transport and uptake by Insulin-like Growth Factor Binding Proteins (IGFBPs)"	"3/395"	"21/7644"	0.0914082683129124	0.529482914414005	0.506530740246582	"IGFBP5/IGFBP6/PAPPA"	3
"M1"	"Complement cascade"	"Complement cascade"	"7/395"	"75/7644"	0.0915549592678193	0.529482914414005	0.506530740246582	"CD55/PROS1/CFI/CFH/C4B/C4A/FCN3"	7
"M1"	"Defective B3GAT3 causes JDSSDHD"	"Defective B3GAT3 causes JDSSDHD"	"10/395"	"121/7644"	0.0950426266656093	0.529482914414005	0.506530740246582	"SDC4/CHST2/B3GAT1/B3GNT7/HAS3/B3GNT3/PAPSS2/ST3GAL6/HPSE/HS6ST2"	10
"M1"	"Defective B4GALT1 causes B4GALT1-CDG (CDG-2d)"	"Defective B4GALT1 causes B4GALT1-CDG (CDG-2d)"	"10/395"	"121/7644"	0.0950426266656093	0.529482914414005	0.506530740246582	"SDC4/CHST2/B3GAT1/B3GNT7/HAS3/B3GNT3/PAPSS2/ST3GAL6/HPSE/HS6ST2"	10
"M1"	"Defective B4GALT7 causes EDS, progeroid type"	"Defective B4GALT7 causes EDS, progeroid type"	"10/395"	"121/7644"	0.0950426266656093	0.529482914414005	0.506530740246582	"SDC4/CHST2/B3GAT1/B3GNT7/HAS3/B3GNT3/PAPSS2/ST3GAL6/HPSE/HS6ST2"	10
"M1"	"Defective CHST14 causes EDS, musculocontractural type"	"Defective CHST14 causes EDS, musculocontractural type"	"10/395"	"121/7644"	0.0950426266656093	0.529482914414005	0.506530740246582	"SDC4/CHST2/B3GAT1/B3GNT7/HAS3/B3GNT3/PAPSS2/ST3GAL6/HPSE/HS6ST2"	10
"M1"	"Defective CHST3 causes SEDCJD"	"Defective CHST3 causes SEDCJD"	"10/395"	"121/7644"	0.0950426266656093	0.529482914414005	0.506530740246582	"SDC4/CHST2/B3GAT1/B3GNT7/HAS3/B3GNT3/PAPSS2/ST3GAL6/HPSE/HS6ST2"	10
"M1"	"Defective CHST6 causes MCDC1"	"Defective CHST6 causes MCDC1"	"10/395"	"121/7644"	0.0950426266656093	0.529482914414005	0.506530740246582	"SDC4/CHST2/B3GAT1/B3GNT7/HAS3/B3GNT3/PAPSS2/ST3GAL6/HPSE/HS6ST2"	10
"M1"	"Defective CHSY1 causes TPBS"	"Defective CHSY1 causes TPBS"	"10/395"	"121/7644"	0.0950426266656093	0.529482914414005	0.506530740246582	"SDC4/CHST2/B3GAT1/B3GNT7/HAS3/B3GNT3/PAPSS2/ST3GAL6/HPSE/HS6ST2"	10
"M1"	"Defective EXT1 causes exostoses 1, TRPS2 and CHDS"	"Defective EXT1 causes exostoses 1, TRPS2 and CHDS"	"10/395"	"121/7644"	0.0950426266656093	0.529482914414005	0.506530740246582	"SDC4/CHST2/B3GAT1/B3GNT7/HAS3/B3GNT3/PAPSS2/ST3GAL6/HPSE/HS6ST2"	10
"M1"	"Defective EXT2 causes exostoses 2"	"Defective EXT2 causes exostoses 2"	"10/395"	"121/7644"	0.0950426266656093	0.529482914414005	0.506530740246582	"SDC4/CHST2/B3GAT1/B3GNT7/HAS3/B3GNT3/PAPSS2/ST3GAL6/HPSE/HS6ST2"	10
"M1"	"Defective PAPSS2 causes SEMD-PA"	"Defective PAPSS2 causes SEMD-PA"	"10/395"	"121/7644"	0.0950426266656093	0.529482914414005	0.506530740246582	"SDC4/CHST2/B3GAT1/B3GNT7/HAS3/B3GNT3/PAPSS2/ST3GAL6/HPSE/HS6ST2"	10
"M1"	"Defective SLC26A2 causes chondrodysplasias"	"Defective SLC26A2 causes chondrodysplasias"	"10/395"	"121/7644"	0.0950426266656093	0.529482914414005	0.506530740246582	"SDC4/CHST2/B3GAT1/B3GNT7/HAS3/B3GNT3/PAPSS2/ST3GAL6/HPSE/HS6ST2"	10
"M1"	"Diseases associated with glycosaminoglycan metabolism"	"Diseases associated with glycosaminoglycan metabolism"	"10/395"	"121/7644"	0.0950426266656093	0.529482914414005	0.506530740246582	"SDC4/CHST2/B3GAT1/B3GNT7/HAS3/B3GNT3/PAPSS2/ST3GAL6/HPSE/HS6ST2"	10
"M1"	"Glycosaminoglycan metabolism"	"Glycosaminoglycan metabolism"	"10/395"	"121/7644"	0.0950426266656093	0.529482914414005	0.506530740246582	"SDC4/CHST2/B3GAT1/B3GNT7/HAS3/B3GNT3/PAPSS2/ST3GAL6/HPSE/HS6ST2"	10
"M1"	"MPS I - Hurler syndrome"	"MPS I - Hurler syndrome"	"10/395"	"121/7644"	0.0950426266656093	0.529482914414005	0.506530740246582	"SDC4/CHST2/B3GAT1/B3GNT7/HAS3/B3GNT3/PAPSS2/ST3GAL6/HPSE/HS6ST2"	10
"M1"	"MPS II - Hunter syndrome"	"MPS II - Hunter syndrome"	"10/395"	"121/7644"	0.0950426266656093	0.529482914414005	0.506530740246582	"SDC4/CHST2/B3GAT1/B3GNT7/HAS3/B3GNT3/PAPSS2/ST3GAL6/HPSE/HS6ST2"	10
"M1"	"MPS IIIA - Sanfilippo syndrome A"	"MPS IIIA - Sanfilippo syndrome A"	"10/395"	"121/7644"	0.0950426266656093	0.529482914414005	0.506530740246582	"SDC4/CHST2/B3GAT1/B3GNT7/HAS3/B3GNT3/PAPSS2/ST3GAL6/HPSE/HS6ST2"	10
"M1"	"MPS IIIB - Sanfilippo syndrome B"	"MPS IIIB - Sanfilippo syndrome B"	"10/395"	"121/7644"	0.0950426266656093	0.529482914414005	0.506530740246582	"SDC4/CHST2/B3GAT1/B3GNT7/HAS3/B3GNT3/PAPSS2/ST3GAL6/HPSE/HS6ST2"	10
"M1"	"MPS IIIC - Sanfilippo syndrome C"	"MPS IIIC - Sanfilippo syndrome C"	"10/395"	"121/7644"	0.0950426266656093	0.529482914414005	0.506530740246582	"SDC4/CHST2/B3GAT1/B3GNT7/HAS3/B3GNT3/PAPSS2/ST3GAL6/HPSE/HS6ST2"	10
"M1"	"MPS IIID - Sanfilippo syndrome D"	"MPS IIID - Sanfilippo syndrome D"	"10/395"	"121/7644"	0.0950426266656093	0.529482914414005	0.506530740246582	"SDC4/CHST2/B3GAT1/B3GNT7/HAS3/B3GNT3/PAPSS2/ST3GAL6/HPSE/HS6ST2"	10
"M1"	"MPS IV - Morquio syndrome A"	"MPS IV - Morquio syndrome A"	"10/395"	"121/7644"	0.0950426266656093	0.529482914414005	0.506530740246582	"SDC4/CHST2/B3GAT1/B3GNT7/HAS3/B3GNT3/PAPSS2/ST3GAL6/HPSE/HS6ST2"	10
"M1"	"MPS IV - Morquio syndrome B"	"MPS IV - Morquio syndrome B"	"10/395"	"121/7644"	0.0950426266656093	0.529482914414005	0.506530740246582	"SDC4/CHST2/B3GAT1/B3GNT7/HAS3/B3GNT3/PAPSS2/ST3GAL6/HPSE/HS6ST2"	10
"M1"	"MPS IX - Natowicz syndrome"	"MPS IX - Natowicz syndrome"	"10/395"	"121/7644"	0.0950426266656093	0.529482914414005	0.506530740246582	"SDC4/CHST2/B3GAT1/B3GNT7/HAS3/B3GNT3/PAPSS2/ST3GAL6/HPSE/HS6ST2"	10
"M1"	"MPS VII - Sly syndrome"	"MPS VII - Sly syndrome"	"10/395"	"121/7644"	0.0950426266656093	0.529482914414005	0.506530740246582	"SDC4/CHST2/B3GAT1/B3GNT7/HAS3/B3GNT3/PAPSS2/ST3GAL6/HPSE/HS6ST2"	10
"M1"	"MPS VI - Maroteaux-Lamy syndrome"	"MPS VI - Maroteaux-Lamy syndrome"	"10/395"	"121/7644"	0.0950426266656093	0.529482914414005	0.506530740246582	"SDC4/CHST2/B3GAT1/B3GNT7/HAS3/B3GNT3/PAPSS2/ST3GAL6/HPSE/HS6ST2"	10
"M1"	"Mucopolysaccharidoses"	"Mucopolysaccharidoses"	"10/395"	"121/7644"	0.0950426266656093	0.529482914414005	0.506530740246582	"SDC4/CHST2/B3GAT1/B3GNT7/HAS3/B3GNT3/PAPSS2/ST3GAL6/HPSE/HS6ST2"	10
"M1"	"EPHA-mediated growth cone collapse"	"EPHA-mediated growth cone collapse"	"4/395"	"34/7644"	0.0962166558623985	0.529482914414005	0.506530740246582	"EPHA4/KDR/NGEF/EPHA10"	4
"M1"	"The canonical retinoid cycle in rods (twilight vision)"	"The canonical retinoid cycle in rods (twilight vision)"	"3/395"	"22/7644"	0.101971997046808	0.529482914414005	0.506530740246582	"STRA6/RBP1/RDH5"	3
"M1"	"Metabolism of amino acids and derivatives"	"Metabolism of amino acids and derivatives"	"14/395"	"188/7644"	0.107090191682388	0.529482914414005	0.506530740246582	"IYD/TPO/DIO2/NQO1/GATM/SLC6A12/DIO1/HGD/SLC25A15/PSAT1/PYCR1/CDO1/CKMT2/PRODH"	14
"M1"	"Defective CYP11A1 causes Adrenal insufficiency, congenital, with 46,XY sex reversal (AICSR)"	"Defective CYP11A1 causes Adrenal insufficiency, congenital, with 46,XY sex reversal (AICSR)"	"7/395"	"78/7644"	0.107228079340495	0.529482914414005	0.506530740246582	"ALDH1A1/CYP1B1/CYP4B1/CYP2S1/MAOB/CYP27B1/CYP26B1"	7
"M1"	"Defective CYP11B1 causes Adrenal hyperplasia 4 (AH4)"	"Defective CYP11B1 causes Adrenal hyperplasia 4 (AH4)"	"7/395"	"78/7644"	0.107228079340495	0.529482914414005	0.506530740246582	"ALDH1A1/CYP1B1/CYP4B1/CYP2S1/MAOB/CYP27B1/CYP26B1"	7
"M1"	"Defective CYP11B2 causes Corticosterone methyloxidase 1 deficiency (CMO-1 deficiency)"	"Defective CYP11B2 causes Corticosterone methyloxidase 1 deficiency (CMO-1 deficiency)"	"7/395"	"78/7644"	0.107228079340495	0.529482914414005	0.506530740246582	"ALDH1A1/CYP1B1/CYP4B1/CYP2S1/MAOB/CYP27B1/CYP26B1"	7
"M1"	"Defective CYP17A1 causes Adrenal hyperplasia 5 (AH5)"	"Defective CYP17A1 causes Adrenal hyperplasia 5 (AH5)"	"7/395"	"78/7644"	0.107228079340495	0.529482914414005	0.506530740246582	"ALDH1A1/CYP1B1/CYP4B1/CYP2S1/MAOB/CYP27B1/CYP26B1"	7
"M1"	"Defective CYP19A1 causes Aromatase excess syndrome (AEXS)"	"Defective CYP19A1 causes Aromatase excess syndrome (AEXS)"	"7/395"	"78/7644"	0.107228079340495	0.529482914414005	0.506530740246582	"ALDH1A1/CYP1B1/CYP4B1/CYP2S1/MAOB/CYP27B1/CYP26B1"	7
"M1"	"Defective CYP1B1 causes Glaucoma"	"Defective CYP1B1 causes Glaucoma"	"7/395"	"78/7644"	0.107228079340495	0.529482914414005	0.506530740246582	"ALDH1A1/CYP1B1/CYP4B1/CYP2S1/MAOB/CYP27B1/CYP26B1"	7
"M1"	"Defective CYP21A2 causes Adrenal hyperplasia 3 (AH3)"	"Defective CYP21A2 causes Adrenal hyperplasia 3 (AH3)"	"7/395"	"78/7644"	0.107228079340495	0.529482914414005	0.506530740246582	"ALDH1A1/CYP1B1/CYP4B1/CYP2S1/MAOB/CYP27B1/CYP26B1"	7
"M1"	"Defective CYP24A1 causes Hypercalcemia, infantile (HCAI)"	"Defective CYP24A1 causes Hypercalcemia, infantile (HCAI)"	"7/395"	"78/7644"	0.107228079340495	0.529482914414005	0.506530740246582	"ALDH1A1/CYP1B1/CYP4B1/CYP2S1/MAOB/CYP27B1/CYP26B1"	7
"M1"	"Defective CYP26B1 causes Radiohumeral fusions with other skeletal and craniofacial anomalies (RHFCA)"	"Defective CYP26B1 causes Radiohumeral fusions with other skeletal and craniofacial anomalies (RHFCA)"	"7/395"	"78/7644"	0.107228079340495	0.529482914414005	0.506530740246582	"ALDH1A1/CYP1B1/CYP4B1/CYP2S1/MAOB/CYP27B1/CYP26B1"	7
"M1"	"Defective CYP26C1 causes Focal facial dermal dysplasia 4 (FFDD4)"	"Defective CYP26C1 causes Focal facial dermal dysplasia 4 (FFDD4)"	"7/395"	"78/7644"	0.107228079340495	0.529482914414005	0.506530740246582	"ALDH1A1/CYP1B1/CYP4B1/CYP2S1/MAOB/CYP27B1/CYP26B1"	7
"M1"	"Defective CYP27A1 causes Cerebrotendinous xanthomatosis (CTX)"	"Defective CYP27A1 causes Cerebrotendinous xanthomatosis (CTX)"	"7/395"	"78/7644"	0.107228079340495	0.529482914414005	0.506530740246582	"ALDH1A1/CYP1B1/CYP4B1/CYP2S1/MAOB/CYP27B1/CYP26B1"	7
"M1"	"Defective CYP27B1 causes Rickets vitamin D-dependent 1A (VDDR1A)"	"Defective CYP27B1 causes Rickets vitamin D-dependent 1A (VDDR1A)"	"7/395"	"78/7644"	0.107228079340495	0.529482914414005	0.506530740246582	"ALDH1A1/CYP1B1/CYP4B1/CYP2S1/MAOB/CYP27B1/CYP26B1"	7
"M1"	"Defective CYP2R1 causes Rickets vitamin D-dependent 1B (VDDR1B)"	"Defective CYP2R1 causes Rickets vitamin D-dependent 1B (VDDR1B)"	"7/395"	"78/7644"	0.107228079340495	0.529482914414005	0.506530740246582	"ALDH1A1/CYP1B1/CYP4B1/CYP2S1/MAOB/CYP27B1/CYP26B1"	7
"M1"	"Defective CYP2U1 causes Spastic paraplegia 56, autosomal recessive (SPG56)"	"Defective CYP2U1 causes Spastic paraplegia 56, autosomal recessive (SPG56)"	"7/395"	"78/7644"	0.107228079340495	0.529482914414005	0.506530740246582	"ALDH1A1/CYP1B1/CYP4B1/CYP2S1/MAOB/CYP27B1/CYP26B1"	7
"M1"	"Defective CYP4F22 causes Ichthyosis, congenital, autosomal recessive 5 (ARCI5)"	"Defective CYP4F22 causes Ichthyosis, congenital, autosomal recessive 5 (ARCI5)"	"7/395"	"78/7644"	0.107228079340495	0.529482914414005	0.506530740246582	"ALDH1A1/CYP1B1/CYP4B1/CYP2S1/MAOB/CYP27B1/CYP26B1"	7
"M1"	"Defective CYP7B1 causes Spastic paraplegia 5A, autosomal recessive (SPG5A) and Congenital bile acid synthesis defect 3 (CBAS3)"	"Defective CYP7B1 causes Spastic paraplegia 5A, autosomal recessive (SPG5A) and Congenital bile acid synthesis defect 3 (CBAS3)"	"7/395"	"78/7644"	0.107228079340495	0.529482914414005	0.506530740246582	"ALDH1A1/CYP1B1/CYP4B1/CYP2S1/MAOB/CYP27B1/CYP26B1"	7
"M1"	"Defective FMO3 causes Trimethylaminuria (TMAU)"	"Defective FMO3 causes Trimethylaminuria (TMAU)"	"7/395"	"78/7644"	0.107228079340495	0.529482914414005	0.506530740246582	"ALDH1A1/CYP1B1/CYP4B1/CYP2S1/MAOB/CYP27B1/CYP26B1"	7
"M1"	"Defective MAOA causes Brunner syndrome (BRUNS)"	"Defective MAOA causes Brunner syndrome (BRUNS)"	"7/395"	"78/7644"	0.107228079340495	0.529482914414005	0.506530740246582	"ALDH1A1/CYP1B1/CYP4B1/CYP2S1/MAOB/CYP27B1/CYP26B1"	7
"M1"	"Defective TBXAS1 causes Ghosal hematodiaphyseal dysplasia (GHDD)"	"Defective TBXAS1 causes Ghosal hematodiaphyseal dysplasia (GHDD)"	"7/395"	"78/7644"	0.107228079340495	0.529482914414005	0.506530740246582	"ALDH1A1/CYP1B1/CYP4B1/CYP2S1/MAOB/CYP27B1/CYP26B1"	7
"M1"	"Phase 1 - Functionalization of compounds"	"Phase 1 - Functionalization of compounds"	"7/395"	"78/7644"	0.107228079340495	0.529482914414005	0.506530740246582	"ALDH1A1/CYP1B1/CYP4B1/CYP2S1/MAOB/CYP27B1/CYP26B1"	7
"M1"	"Platelet activation, signaling and aggregation"	"Platelet activation, signaling and aggregation"	"16/395"	"221/7644"	0.107635917343453	0.529482914414005	0.506530740246582	"FN1/CLU/SERPINA1/TIMP1/VWF/PROS1/ITPR1/CD36/VAV3/F2RL3/TGFB2/DGKI/GNA14/ABCC4/F5/MMRN1"	16
"M1"	"Facilitative Na+-independent glucose transporters"	"Facilitative Na+-independent glucose transporters"	"2/395"	"11/7644"	0.107637782302399	0.529482914414005	0.506530740246582	"SLC2A3/SLC2A4"	2
"M1"	"Biological oxidations"	"Biological oxidations"	"13/395"	"174/7644"	0.115245325640519	0.562767320098593	0.538372324160088	"ALDH1A1/CYP1B1/GSTM3/CYP4B1/CYP2S1/PAPSS2/MAOB/SULT2B1/CYP27B1/CYP26B1/SULT1A2/GGT6/ACSM5"	13
"M1"	"BMAL1:CLOCK,NPAS2 activates circadian gene expression"	"BMAL1:CLOCK,NPAS2 activates circadian gene expression"	"4/395"	"37/7644"	0.12180564518769	0.580334189509845	0.555177699979523	"BHLHE40/ARNTL/NR1D1/PPARGC1A"	4
"M1"	"REV-ERBA represses gene expression"	"REV-ERBA represses gene expression"	"3/395"	"24/7644"	0.124445757295413	0.580334189509845	0.555177699979523	"ARNTL/NR1D1/PPARGC1A"	3
"M1"	"ERKs are inactivated"	"ERKs are inactivated"	"2/395"	"12/7644"	0.124914982495393	0.580334189509845	0.555177699979523	"DUSP6/DUSP4"	2
"M1"	"Hormone-sensitive lipase (HSL)-mediated triacylglycerol hydrolysis"	"Hormone-sensitive lipase (HSL)-mediated triacylglycerol hydrolysis"	"2/395"	"12/7644"	0.124914982495393	0.580334189509845	0.555177699979523	"CAV1/FABP4"	2
"M1"	"Miscellaneous substrates"	"Miscellaneous substrates"	"2/395"	"12/7644"	0.124914982495393	0.580334189509845	0.555177699979523	"CYP4B1/CYP2S1"	2
"M1"	"Passive transport by Aquaporins"	"Passive transport by Aquaporins"	"2/395"	"12/7644"	0.124914982495393	0.580334189509845	0.555177699979523	"AQP5/AQP4"	2
"M1"	"Pyrimidine catabolism"	"Pyrimidine catabolism"	"2/395"	"12/7644"	0.124914982495393	0.580334189509845	0.555177699979523	"NT5E/UPP1"	2
"M1"	"Stimuli-sensing channels"	"Stimuli-sensing channels"	"8/395"	"98/7644"	0.133219633646396	0.614647826961646	0.588003900232367	"SCNN1A/RYR1/TTYH2/ANO5/MCOLN3/CLCNKB/TRPC5/RYR2"	8
"M1"	"Basigin interactions"	"Basigin interactions"	"3/395"	"25/7644"	0.136295415300543	0.620283216571857	0.593395005390117	"CAV1/ATP1B2/MAG"	3
"M1"	"RORA activates circadian gene expression"	"RORA activates circadian gene expression"	"3/395"	"25/7644"	0.136295415300543	0.620283216571857	0.593395005390117	"ARNTL/NR1D1/PPARGC1A"	3
"M1"	"Nuclear signaling by ERBB4"	"Nuclear signaling by ERBB4"	"4/395"	"39/7644"	0.140310343443872	0.621367619211536	0.594432401039436	"ESR1/ERBB4/PGR/S100B"	4
"M1"	"O-glycosylation of TSR domain-containing proteins"	"O-glycosylation of TSR domain-containing proteins"	"4/395"	"39/7644"	0.140310343443872	0.621367619211536	0.594432401039436	"ADAMTS9/ADAMTS5/ADAMTS14/SSPO"	4
"M1"	"DEx/H-box helicases activate type I IFN and inflammatory cytokines production"	"DEx/H-box helicases activate type I IFN and inflammatory cytokines production"	"2/395"	"13/7644"	0.142792291271419	0.621367619211536	0.594432401039436	"AGER/S100B"	2
"M1"	"GABA A receptor activation"	"GABA A receptor activation"	"2/395"	"13/7644"	0.142792291271419	0.621367619211536	0.594432401039436	"GABRB2/GABRB3"	2
"M1"	"Platelet Adhesion to exposed collagen"	"Platelet Adhesion to exposed collagen"	"2/395"	"13/7644"	0.142792291271419	0.621367619211536	0.594432401039436	"VWF/ITGA2"	2
"M1"	"Signaling by Activin"	"Signaling by Activin"	"2/395"	"13/7644"	0.142792291271419	0.621367619211536	0.594432401039436	"INHBB/FSTL3"	2
"M1"	"Fatty acid, triacylglycerol, and ketone body metabolism"	"Fatty acid, triacylglycerol, and ketone body metabolism"	"13/395"	"181/7644"	0.143035296500114	0.621367619211536	0.594432401039436	"ARNTL/ANGPTL4/NR1D1/TNFRSF21/CD36/GPAM/DGAT2/FHL2/PPARGC1A/TRIB3/G0S2/PPARG/GPD1"	13
"M1"	"Ligand-gated ion channel transport"	"Ligand-gated ion channel transport"	"3/395"	"26/7644"	0.148512794963952	0.628829492600531	0.601570815043856	"GABRB2/GABRB3/GLRB"	3
"M1"	"TAK1 activates NFkB by phosphorylation and activation of IKKs complex"	"TAK1 activates NFkB by phosphorylation and activation of IKKs complex"	"3/395"	"26/7644"	0.148512794963952	0.628829492600531	0.601570815043856	"NOD1/AGER/S100B"	3
"M1"	"VEGFR2 mediated vascular permeability"	"VEGFR2 mediated vascular permeability"	"3/395"	"26/7644"	0.148512794963952	0.628829492600531	0.601570815043856	"CAV1/VAV3/TRIB3"	3
"M1"	"ZBP1(DAI) mediated induction of type I IFNs"	"ZBP1(DAI) mediated induction of type I IFNs"	"3/395"	"26/7644"	0.148512794963952	0.628829492600531	0.601570815043856	"DTX4/AGER/S100B"	3
"M1"	"Interleukin-1 signaling"	"Interleukin-1 signaling"	"4/395"	"40/7644"	0.149958441277673	0.630957215187191	0.603606304513904	"NOD1/IL1RAP/PELI1/IL1RN"	4
"M1"	"GABA receptor activation"	"GABA receptor activation"	"5/395"	"55/7644"	0.153279516197714	0.640899977101691	0.613118064790856	"GABRB2/GABBR2/KCNJ2/ADCY1/GABRB3"	5
"M1"	"Signaling by Wnt"	"Signaling by Wnt"	"19/395"	"286/7644"	0.155224987885457	0.645003210530252	0.617043430103679	"CAV1/ITPR1/PRICKLE1/WNT5A/TCF7/TCF7L1/PRKG1/RSPO4/LGR6/DACT1/WNT3/CXXC4/ROR2/SFRP1/WNT7B/WNT10A/WNT4/DKK2/ROR1"	19
"M1"	"EPHB-mediated forward signaling"	"EPHB-mediated forward signaling"	"4/395"	"41/7644"	0.159852484196081	0.649502124140508	0.621347323542489	"TIAM1/EPHB3/ARHGEF28/EPHB1"	4
"M1"	"Kinesins"	"Kinesins"	"3/395"	"27/7644"	0.161067229754594	0.649502124140508	0.621347323542489	"KIF5C/KLC3/KIF5A"	3
"M1"	"repression of WNT target genes"	"repression of WNT target genes"	"2/395"	"14/7644"	0.161161962043833	0.649502124140508	0.621347323542489	"TCF7/TCF7L1"	2
"M1"	"Signal attenuation"	"Signal attenuation"	"2/395"	"14/7644"	0.161161962043833	0.649502124140508	0.621347323542489	"IRS1/SHC3"	2
"M1"	"Synthesis of Prostaglandins (PG) and Thromboxanes (TX)"	"Synthesis of Prostaglandins (PG) and Thromboxanes (TX)"	"2/395"	"14/7644"	0.161161962043833	0.649502124140508	0.621347323542489	"PTGS2/AKR1C3"	2
"M1"	"Neurotransmitter Release Cycle"	"Neurotransmitter Release Cycle"	"4/395"	"42/7644"	0.169978644017446	0.680932412261504	0.651415162701589	"SLC1A1/SLC6A12/SYT1/SNAP25"	4
"M1"	"Gap junction trafficking"	"Gap junction trafficking"	"3/395"	"28/7644"	0.173928232074586	0.6926070670113	0.66258374123652	"GJB3/GJC2/GJB6"	3
"M1"	"G alpha (q) signalling events"	"G alpha (q) signalling events"	"13/395"	"189/7644"	0.178827281889806	0.693310261807611	0.663256453747192	"ANXA1/ITPR1/LPAR5/EDNRB/CYSLTR2/F2RL3/HRH1/DGKI/GNA14/AVPR1A/P2RY6/NMU/EDN3"	13
"M1"	"GRB2:SOS provides linkage to MAPK signaling for Integrins"	"GRB2:SOS provides linkage to MAPK signaling for Integrins"	"2/395"	"15/7644"	0.179925731610517	0.693310261807611	0.663256453747192	"FN1/VWF"	2
"M1"	"HDL-mediated lipid transport"	"HDL-mediated lipid transport"	"2/395"	"15/7644"	0.179925731610517	0.693310261807611	0.663256453747192	"APOE/CETP"	2
"M1"	"N-Glycan antennae elongation"	"N-Glycan antennae elongation"	"2/395"	"15/7644"	0.179925731610517	0.693310261807611	0.663256453747192	"MGAT4C/ST6GAL1"	2
"M1"	"p130Cas linkage to MAPK signaling for integrins"	"p130Cas linkage to MAPK signaling for integrins"	"2/395"	"15/7644"	0.179925731610517	0.693310261807611	0.663256453747192	"FN1/VWF"	2
"M1"	"Ion transport by P-type ATPases"	"Ion transport by P-type ATPases"	"4/395"	"43/7644"	0.180322848362518	0.693310261807611	0.663256453747192	"ATP11A/ATP1B2/ATP10A/ATP2C2"	4
"M1"	"Diseases of glycosylation"	"Diseases of glycosylation"	"15/395"	"227/7644"	0.195801409619579	0.735536918267982	0.703652657236933	"SDC4/MGAT4C/TUSC3/CHST2/ST6GAL1/B3GAT1/B3GNT7/MGAT3/HAS3/B3GNT3/PAPSS2/ST3GAL6/HPSE/HS6ST2/ST6GALNAC5"	15
"M1"	"Cytochrome P450 - arranged by substrate type"	"Cytochrome P450 - arranged by substrate type"	"5/395"	"60/7644"	0.196997063110536	0.735536918267982	0.703652657236933	"CYP1B1/CYP4B1/CYP2S1/CYP27B1/CYP26B1"	5
"M1"	"Amino acid synthesis and interconversion (transamination)"	"Amino acid synthesis and interconversion (transamination)"	"2/395"	"16/7644"	0.198994131782492	0.735536918267982	0.703652657236933	"PSAT1/PYCR1"	2
"M1"	"Nucleotide-like (purinergic) receptors"	"Nucleotide-like (purinergic) receptors"	"2/395"	"16/7644"	0.198994131782492	0.735536918267982	0.703652657236933	"ADORA1/P2RY6"	2
"M1"	"Rap1 signalling"	"Rap1 signalling"	"2/395"	"16/7644"	0.198994131782492	0.735536918267982	0.703652657236933	"RAP1GAP/PRKG1"	2
"M1"	"Adherens junctions interactions"	"Adherens junctions interactions"	"3/395"	"30/7644"	0.200449853263683	0.735536918267982	0.703652657236933	"CDH3/CDH6/CDH4"	3
"M1"	"Gap junction trafficking and regulation"	"Gap junction trafficking and regulation"	"3/395"	"30/7644"	0.200449853263683	0.735536918267982	0.703652657236933	"GJB3/GJC2/GJB6"	3
"M1"	"NRAGE signals death through JNK"	"NRAGE signals death through JNK"	"4/395"	"45/7644"	0.201608277429857	0.735536918267982	0.703652657236933	"TIAM1/NGFR/NGEF/VAV3"	4
"M1"	"Defective ACTH causes Obesity and Pro-opiomelanocortinin deficiency (POMCD)"	"Defective ACTH causes Obesity and Pro-opiomelanocortinin deficiency (POMCD)"	"27/395"	"441/7644"	0.202583093295797	0.735536918267982	0.703652657236933	"ANXA1/CD55/LPAR5/GABBR2/EDNRB/ADORA1/ADM/WNT5A/CYSLTR2/ADM2/GPER1/F2RL3/HRH1/CXCL2/WNT3/NPY1R/AVPR1A/RAMP1/CXCL8/HCAR1/P2RY6/WNT7B/WNT10A/NMU/EDN3/WNT4/GRM4"	27
"M1"	"GPCR ligand binding"	"GPCR ligand binding"	"27/395"	"441/7644"	0.202583093295797	0.735536918267982	0.703652657236933	"ANXA1/CD55/LPAR5/GABBR2/EDNRB/ADORA1/ADM/WNT5A/CYSLTR2/ADM2/GPER1/F2RL3/HRH1/CXCL2/WNT3/NPY1R/AVPR1A/RAMP1/CXCL8/HCAR1/P2RY6/WNT7B/WNT10A/NMU/EDN3/WNT4/GRM4"	27
"M1"	"G alpha (s) signalling events"	"G alpha (s) signalling events"	"9/395"	"126/7644"	0.203399596232551	0.735536918267982	0.703652657236933	"PDE8B/ADM/ADM2/PDE4C/ADCY1/PDE10A/PDE7B/RAMP1/VIPR1"	9
"M1"	"Ca2+ pathway"	"Ca2+ pathway"	"5/395"	"61/7644"	0.206218604632321	0.739658907119265	0.707595964957144	"ITPR1/WNT5A/TCF7/TCF7L1/PRKG1"	5
"M1"	"Signaling by WNT in cancer"	"Signaling by WNT in cancer"	"14/395"	"212/7644"	0.206750696010915	0.739658907119265	0.707595964957144	"CAV1/WNT5A/TCF7/TCF7L1/RSPO4/LGR6/DACT1/WNT3/CXXC4/SFRP1/WNT7B/WNT10A/WNT4/DKK2"	14
"M1"	"DAG and IP3 signaling"	"DAG and IP3 signaling"	"3/395"	"31/7644"	0.214051768928622	0.76170549687898	0.728686872948501	"ITPR1/ADCY1/PDE1C"	3
"M1"	"Acetylcholine Neurotransmitter Release Cycle"	"Acetylcholine Neurotransmitter Release Cycle"	"2/395"	"17/7644"	0.218285846551831	0.764571891849082	0.731429014623936	"SYT1/SNAP25"	2
"M1"	"Formation of Senescence-Associated Heterochromatin Foci (SAHF)"	"Formation of Senescence-Associated Heterochromatin Foci (SAHF)"	"2/395"	"17/7644"	0.218285846551831	0.764571891849082	0.731429014623936	"HIST1H1C/HMGA2"	2
"M1"	"Ras activation uopn Ca2+ infux through NMDA receptor"	"Ras activation uopn Ca2+ infux through NMDA receptor"	"2/395"	"17/7644"	0.218285846551831	0.764571891849082	0.731429014623936	"GRIN2C/RASGRF1"	2
"M1"	"MyD88:Mal cascade initiated on plasma membrane"	"MyD88:Mal cascade initiated on plasma membrane"	"7/395"	"96/7644"	0.226995400520382	0.772949309585482	0.739443285702105	"DUSP6/NOD1/DUSP4/PELI1/CD36/AGER/S100B"	7
"M1"	"Toll Like Receptor 2 (TLR2) Cascade"	"Toll Like Receptor 2 (TLR2) Cascade"	"7/395"	"96/7644"	0.226995400520382	0.772949309585482	0.739443285702105	"DUSP6/NOD1/DUSP4/PELI1/CD36/AGER/S100B"	7
"M1"	"Toll Like Receptor TLR1:TLR2 Cascade"	"Toll Like Receptor TLR1:TLR2 Cascade"	"7/395"	"96/7644"	0.226995400520382	0.772949309585482	0.739443285702105	"DUSP6/NOD1/DUSP4/PELI1/CD36/AGER/S100B"	7
"M1"	"Toll Like Receptor TLR6:TLR2 Cascade"	"Toll Like Receptor TLR6:TLR2 Cascade"	"7/395"	"96/7644"	0.226995400520382	0.772949309585482	0.739443285702105	"DUSP6/NOD1/DUSP4/PELI1/CD36/AGER/S100B"	7
"M1"	"Activation of Matrix Metalloproteinases"	"Activation of Matrix Metalloproteinases"	"3/395"	"32/7644"	0.227843071571164	0.772949309585482	0.739443285702105	"TIMP1/MMP16/MMP7"	3
"M1"	"Oncogene Induced Senescence"	"Oncogene Induced Senescence"	"3/395"	"32/7644"	0.227843071571164	0.772949309585482	0.739443285702105	"ID1/CDKN2B/CDKN2A"	3
"M1"	"Signaling by VEGF"	"Signaling by VEGF"	"8/395"	"113/7644"	0.228765266514089	0.772949309585482	0.739443285702105	"CAV1/NRP2/KDR/PGF/ITPR1/ELMO1/VAV3/TRIB3"	8
"M1"	"Dopamine Neurotransmitter Release Cycle"	"Dopamine Neurotransmitter Release Cycle"	"2/395"	"18/7644"	0.237727111948643	0.785250853544659	0.751211578876804	"SYT1/SNAP25"	2
"M1"	"Norepinephrine Neurotransmitter Release Cycle"	"Norepinephrine Neurotransmitter Release Cycle"	"2/395"	"18/7644"	0.237727111948643	0.785250853544659	0.751211578876804	"SYT1/SNAP25"	2
"M1"	"Serotonin Neurotransmitter Release Cycle"	"Serotonin Neurotransmitter Release Cycle"	"2/395"	"18/7644"	0.237727111948643	0.785250853544659	0.751211578876804	"SYT1/SNAP25"	2
"M1"	"Tie2 Signaling"	"Tie2 Signaling"	"2/395"	"18/7644"	0.237727111948643	0.785250853544659	0.751211578876804	"GRB7/ANGPT1"	2
"M1"	"Transmission across Chemical Synapses"	"Transmission across Chemical Synapses"	"13/395"	"201/7644"	0.239700234817416	0.785250853544659	0.751211578876804	"GABRB2/GABBR2/SLC1A1/KCNJ2/SLC6A12/ADCY1/GRIN2C/GABRB3/RASGRF1/GRIK2/SYT1/CACNB2/SNAP25"	13
"M1"	"EGFR interacts with phospholipase C-gamma"	"EGFR interacts with phospholipase C-gamma"	"3/395"	"33/7644"	0.241796226950971	0.785250853544659	0.751211578876804	"ITPR1/ADCY1/PDE1C"	3
"M1"	"PLC-gamma1 signalling"	"PLC-gamma1 signalling"	"3/395"	"33/7644"	0.241796226950971	0.785250853544659	0.751211578876804	"ITPR1/ADCY1/PDE1C"	3
"M1"	"Sialic acid metabolism"	"Sialic acid metabolism"	"3/395"	"33/7644"	0.241796226950971	0.785250853544659	0.751211578876804	"ST6GAL1/ST3GAL6/ST6GALNAC5"	3
"M1"	"PLCG1 events in ERBB2 signaling"	"PLCG1 events in ERBB2 signaling"	"3/395"	"34/7644"	0.255884572540188	0.818896567001368	0.783398808491593	"ITPR1/ADCY1/PDE1C"	3
"M1"	"Ephrin signaling"	"Ephrin signaling"	"2/395"	"19/7644"	0.257251155908721	0.818896567001368	0.783398808491593	"EPHB3/EPHB1"	2
"M1"	"Other semaphorin interactions"	"Other semaphorin interactions"	"2/395"	"19/7644"	0.257251155908721	0.818896567001368	0.783398808491593	"PLXNC1/SEMA3E"	2
"M1"	"Glycogen storage diseases"	"Glycogen storage diseases"	"16/395"	"258/7644"	0.25950085531284	0.818896567001368	0.783398808491593	"SDC4/CHST2/GALE/SLC2A3/B3GAT1/B3GNT7/HAS3/B3GNT3/PAPSS2/ST3GAL6/ENO3/HPSE/HS6ST2/PYGM/PPP1R3C/SLC2A4"	16
"M1"	"Metabolism of carbohydrates"	"Metabolism of carbohydrates"	"16/395"	"258/7644"	0.25950085531284	0.818896567001368	0.783398808491593	"SDC4/CHST2/GALE/SLC2A3/B3GAT1/B3GNT7/HAS3/B3GNT3/PAPSS2/ST3GAL6/ENO3/HPSE/HS6ST2/PYGM/PPP1R3C/SLC2A4"	16
"M1"	"Myoclonic epilepsy of Lafora"	"Myoclonic epilepsy of Lafora"	"16/395"	"258/7644"	0.25950085531284	0.818896567001368	0.783398808491593	"SDC4/CHST2/GALE/SLC2A3/B3GAT1/B3GNT7/HAS3/B3GNT3/PAPSS2/ST3GAL6/ENO3/HPSE/HS6ST2/PYGM/PPP1R3C/SLC2A4"	16
"M1"	"Semaphorin interactions"	"Semaphorin interactions"	"5/395"	"67/7644"	0.264172652981325	0.829725374856839	0.793758206141072	"MET/DPYSL3/PLXNC1/RND1/SEMA3E"	5
"M1"	"Bile acid and bile salt metabolism"	"Bile acid and bile salt metabolism"	"3/395"	"35/7644"	0.270082375873552	0.840395857950728	0.803966142135225	"ABCC3/AKR1C3/CH25H"	3
"M1"	"Post NMDA receptor activation events"	"Post NMDA receptor activation events"	"3/395"	"35/7644"	0.270082375873552	0.840395857950728	0.803966142135225	"ADCY1/GRIN2C/RASGRF1"	3
"M1"	"misspliced LRP5 mutants have enhanced beta-catenin-dependent signaling"	"misspliced LRP5 mutants have enhanced beta-catenin-dependent signaling"	"12/395"	"190/7644"	0.277394656563469	0.844236635598042	0.807640428673762	"CAV1/WNT5A/TCF7/TCF7L1/RSPO4/LGR6/DACT1/WNT3/CXXC4/SFRP1/WNT4/DKK2"	12
"M1"	"RNF mutants show enhanced WNT signaling and proliferation"	"RNF mutants show enhanced WNT signaling and proliferation"	"12/395"	"190/7644"	0.277394656563469	0.844236635598042	0.807640428673762	"CAV1/WNT5A/TCF7/TCF7L1/RSPO4/LGR6/DACT1/WNT3/CXXC4/SFRP1/WNT4/DKK2"	12
"M1"	"TCF dependent signaling in response to WNT"	"TCF dependent signaling in response to WNT"	"12/395"	"190/7644"	0.277394656563469	0.844236635598042	0.807640428673762	"CAV1/WNT5A/TCF7/TCF7L1/RSPO4/LGR6/DACT1/WNT3/CXXC4/SFRP1/WNT4/DKK2"	12
"M1"	"XAV939 inhibits tankyrase, stabilizing AXIN"	"XAV939 inhibits tankyrase, stabilizing AXIN"	"12/395"	"190/7644"	0.277394656563469	0.844236635598042	0.807640428673762	"CAV1/WNT5A/TCF7/TCF7L1/RSPO4/LGR6/DACT1/WNT3/CXXC4/SFRP1/WNT4/DKK2"	12
"M1"	"MyD88 cascade initiated on plasma membrane"	"MyD88 cascade initiated on plasma membrane"	"6/395"	"86/7644"	0.284355843955596	0.844236635598042	0.807640428673762	"DUSP6/NOD1/DUSP4/PELI1/AGER/S100B"	6
"M1"	"Toll Like Receptor 10 (TLR10) Cascade"	"Toll Like Receptor 10 (TLR10) Cascade"	"6/395"	"86/7644"	0.284355843955596	0.844236635598042	0.807640428673762	"DUSP6/NOD1/DUSP4/PELI1/AGER/S100B"	6
"M1"	"Toll Like Receptor 5 (TLR5) Cascade"	"Toll Like Receptor 5 (TLR5) Cascade"	"6/395"	"86/7644"	0.284355843955596	0.844236635598042	0.807640428673762	"DUSP6/NOD1/DUSP4/PELI1/AGER/S100B"	6
"M1"	"TRAF6 mediated induction of NFkB and MAP kinases upon TLR7/8 or 9 activation"	"TRAF6 mediated induction of NFkB and MAP kinases upon TLR7/8 or 9 activation"	"6/395"	"86/7644"	0.284355843955596	0.844236635598042	0.807640428673762	"DUSP6/NOD1/DUSP4/PELI1/AGER/S100B"	6
"M1"	"ABC-family proteins mediated transport"	"ABC-family proteins mediated transport"	"3/395"	"36/7644"	0.284364880774013	0.844236635598042	0.807640428673762	"ABCC3/ABCA8/ABCC4"	3
"M1"	"Transport to the Golgi and subsequent modification"	"Transport to the Golgi and subsequent modification"	"3/395"	"36/7644"	0.284364880774013	0.844236635598042	0.807640428673762	"MGAT4C/ST6GAL1/MGAT3"	3
"M1"	"Rho GTPase cycle"	"Rho GTPase cycle"	"8/395"	"122/7644"	0.295257712871982	0.844236635598042	0.807640428673762	"TIAM1/NGEF/VAV3/ARHGAP36/ARHGAP24/DEPDC1B/ARHGAP28/RHOV"	8
"M1"	"Signaling by Rho GTPases"	"Signaling by Rho GTPases"	"8/395"	"122/7644"	0.295257712871982	0.844236635598042	0.807640428673762	"TIAM1/NGEF/VAV3/ARHGAP36/ARHGAP24/DEPDC1B/ARHGAP28/RHOV"	8
"M1"	"ERK/MAPK targets"	"ERK/MAPK targets"	"2/395"	"21/7644"	0.296312350090237	0.844236635598042	0.807640428673762	"DUSP6/DUSP4"	2
"M1"	"HS-GAG degradation"	"HS-GAG degradation"	"2/395"	"21/7644"	0.296312350090237	0.844236635598042	0.807640428673762	"SDC4/HPSE"	2
"M1"	"regulation of FZD by ubiquitination"	"regulation of FZD by ubiquitination"	"2/395"	"21/7644"	0.296312350090237	0.844236635598042	0.807640428673762	"RSPO4/LGR6"	2
"M1"	"RIP-mediated NFkB activation via ZBP1"	"RIP-mediated NFkB activation via ZBP1"	"2/395"	"21/7644"	0.296312350090237	0.844236635598042	0.807640428673762	"AGER/S100B"	2
"M1"	"Synthesis of Leukotrienes (LT) and Eoxins (EX)"	"Synthesis of Leukotrienes (LT) and Eoxins (EX)"	"2/395"	"21/7644"	0.296312350090237	0.844236635598042	0.807640428673762	"ALOX5/CYP4B1"	2
"M1"	"NCAM1 interactions"	"NCAM1 interactions"	"3/395"	"37/7644"	0.298708342737513	0.844236635598042	0.807640428673762	"NCAM1/COL9A3/CACNB2"	3
"M1"	"MyD88 dependent cascade initiated on endosome"	"MyD88 dependent cascade initiated on endosome"	"6/395"	"88/7644"	0.30253084179005	0.844236635598042	0.807640428673762	"DUSP6/NOD1/DUSP4/PELI1/AGER/S100B"	6
"M1"	"Toll Like Receptor 7/8 (TLR7/8) Cascade"	"Toll Like Receptor 7/8 (TLR7/8) Cascade"	"6/395"	"88/7644"	0.30253084179005	0.844236635598042	0.807640428673762	"DUSP6/NOD1/DUSP4/PELI1/AGER/S100B"	6
"M1"	"Heparan sulfate/heparin (HS-GAG) metabolism"	"Heparan sulfate/heparin (HS-GAG) metabolism"	"4/395"	"54/7644"	0.304411638857699	0.844236635598042	0.807640428673762	"SDC4/B3GAT1/HPSE/HS6ST2"	4
"M1"	"Defective AHCY causes Hypermethioninemia with S-adenosylhomocysteine hydrolase deficiency (HMAHCHD)"	"Defective AHCY causes Hypermethioninemia with S-adenosylhomocysteine hydrolase deficiency (HMAHCHD)"	"6/395"	"89/7644"	0.31169872794128	0.844236635598042	0.807640428673762	"GSTM3/PAPSS2/SULT2B1/SULT1A2/GGT6/ACSM5"	6
"M1"	"Defective GCLC causes Hemolytic anemia due to gamma-glutamylcysteine synthetase deficiency (HAGGSD)"	"Defective GCLC causes Hemolytic anemia due to gamma-glutamylcysteine synthetase deficiency (HAGGSD)"	"6/395"	"89/7644"	0.31169872794128	0.844236635598042	0.807640428673762	"GSTM3/PAPSS2/SULT2B1/SULT1A2/GGT6/ACSM5"	6
"M1"	"Defective GGT1 causes Glutathionuria (GLUTH)"	"Defective GGT1 causes Glutathionuria (GLUTH)"	"6/395"	"89/7644"	0.31169872794128	0.844236635598042	0.807640428673762	"GSTM3/PAPSS2/SULT2B1/SULT1A2/GGT6/ACSM5"	6
"M1"	"Defective GSS causes Glutathione synthetase deficiency (GSS deficiency)"	"Defective GSS causes Glutathione synthetase deficiency (GSS deficiency)"	"6/395"	"89/7644"	0.31169872794128	0.844236635598042	0.807640428673762	"GSTM3/PAPSS2/SULT2B1/SULT1A2/GGT6/ACSM5"	6
"M1"	"Defective MAT1A causes Methionine adenosyltransferase deficiency (MATD)"	"Defective MAT1A causes Methionine adenosyltransferase deficiency (MATD)"	"6/395"	"89/7644"	0.31169872794128	0.844236635598042	0.807640428673762	"GSTM3/PAPSS2/SULT2B1/SULT1A2/GGT6/ACSM5"	6
"M1"	"Defective OPLAH causes 5-oxoprolinase deficiency (OPLAHD)"	"Defective OPLAH causes 5-oxoprolinase deficiency (OPLAHD)"	"6/395"	"89/7644"	0.31169872794128	0.844236635598042	0.807640428673762	"GSTM3/PAPSS2/SULT2B1/SULT1A2/GGT6/ACSM5"	6
"M1"	"Defective SLC35D1 causes Schneckenbecken dysplasia (SCHBCKD)"	"Defective SLC35D1 causes Schneckenbecken dysplasia (SCHBCKD)"	"6/395"	"89/7644"	0.31169872794128	0.844236635598042	0.807640428673762	"GSTM3/PAPSS2/SULT2B1/SULT1A2/GGT6/ACSM5"	6
"M1"	"Defective TPMT causes Thiopurine S-methyltransferase deficiency (TPMT deficiency)"	"Defective TPMT causes Thiopurine S-methyltransferase deficiency (TPMT deficiency)"	"6/395"	"89/7644"	0.31169872794128	0.844236635598042	0.807640428673762	"GSTM3/PAPSS2/SULT2B1/SULT1A2/GGT6/ACSM5"	6
"M1"	"Defective UGT1A1 causes hyperbilirubinemia"	"Defective UGT1A1 causes hyperbilirubinemia"	"6/395"	"89/7644"	0.31169872794128	0.844236635598042	0.807640428673762	"GSTM3/PAPSS2/SULT2B1/SULT1A2/GGT6/ACSM5"	6
"M1"	"Defective UGT1A4 causes hyperbilirubinemia"	"Defective UGT1A4 causes hyperbilirubinemia"	"6/395"	"89/7644"	0.31169872794128	0.844236635598042	0.807640428673762	"GSTM3/PAPSS2/SULT2B1/SULT1A2/GGT6/ACSM5"	6
"M1"	"Phase II conjugation"	"Phase II conjugation"	"6/395"	"89/7644"	0.31169872794128	0.844236635598042	0.807640428673762	"GSTM3/PAPSS2/SULT2B1/SULT1A2/GGT6/ACSM5"	6
"M1"	"Transport of vitamins, nucleosides, and related molecules"	"Transport of vitamins, nucleosides, and related molecules"	"3/395"	"38/7644"	0.313090054651223	0.84458567161963	0.807974334583802	"SLC27A6/SLC29A4/SLCO4A1"	3
"M1"	"Common Pathway"	"Common Pathway"	"2/395"	"22/7644"	0.31574638539458	0.846325511092075	0.809638755005872	"PROS1/F5"	2
"M1"	"Circadian Clock"	"Circadian Clock"	"4/395"	"55/7644"	0.316265138674169	0.846325511092075	0.809638755005872	"BHLHE40/ARNTL/NR1D1/PPARGC1A"	4
"M1"	"beta-catenin independent WNT signaling"	"beta-catenin independent WNT signaling"	"9/395"	"144/7644"	0.327055650013436	0.859175354750895	0.821931580030752	"ITPR1/PRICKLE1/WNT5A/TCF7/TCF7L1/PRKG1/ROR2/WNT4/ROR1"	9
"M1"	"Activation of GABAB receptors"	"Activation of GABAB receptors"	"3/395"	"39/7644"	0.327488363918503	0.859175354750895	0.821931580030752	"GABBR2/KCNJ2/ADCY1"	3
"M1"	"Activation of NMDA receptor upon glutamate binding and postsynaptic events"	"Activation of NMDA receptor upon glutamate binding and postsynaptic events"	"3/395"	"39/7644"	0.327488363918503	0.859175354750895	0.821931580030752	"ADCY1/GRIN2C/RASGRF1"	3
"M1"	"Formation of Fibrin Clot (Clotting Cascade)"	"Formation of Fibrin Clot (Clotting Cascade)"	"3/395"	"39/7644"	0.327488363918503	0.859175354750895	0.821931580030752	"VWF/PROS1/F5"	3
"M1"	"GABA B receptor activation"	"GABA B receptor activation"	"3/395"	"39/7644"	0.327488363918503	0.859175354750895	0.821931580030752	"GABBR2/KCNJ2/ADCY1"	3
"M1"	"Gastrin-CREB signalling pathway via PKC and MAPK"	"Gastrin-CREB signalling pathway via PKC and MAPK"	"13/395"	"217/7644"	0.33108926175699	0.865229359825883	0.827723154392474	"ANXA1/ITPR1/LPAR5/EDNRB/CYSLTR2/F2RL3/HRH1/DGKI/GNA14/AVPR1A/P2RY6/NMU/EDN3"	13
"M1"	"G alpha (i) signalling events"	"G alpha (i) signalling events"	"14/395"	"236/7644"	0.335391245815723	0.867102322305731	0.829514927168412	"ANXA1/LPAR5/GABBR2/ADORA1/GPER1/ADCY1/CXCL2/NPY1R/CXCL8/HCAR1/RGS4/RGS11/NMU/GRM4"	14
"M1"	"Interferon gamma signaling"	"Interferon gamma signaling"	"6/395"	"92/7644"	0.339451988291173	0.867102322305731	0.829514927168412	"MT2A/ICAM1/GBP3/NCAM1/HLA-G/TRIM29"	6
"M1"	"Toll Like Receptor 9 (TLR9) Cascade"	"Toll Like Receptor 9 (TLR9) Cascade"	"6/395"	"92/7644"	0.339451988291173	0.867102322305731	0.829514927168412	"DUSP6/NOD1/DUSP4/PELI1/AGER/S100B"	6
"M1"	"Uptake and actions of bacterial toxins"	"Uptake and actions of bacterial toxins"	"3/395"	"40/7644"	0.341882681970462	0.867102322305731	0.829514927168412	"SV2A/SYT1/SNAP25"	3
"M1"	"TRAF6 Mediated Induction of proinflammatory cytokines"	"TRAF6 Mediated Induction of proinflammatory cytokines"	"5/395"	"75/7644"	0.345998132801355	0.867102322305731	0.829514927168412	"DUSP6/NOD1/DUSP4/AGER/S100B"	5
"M1"	"DARPP-32 events"	"DARPP-32 events"	"2/395"	"24/7644"	0.354202485028468	0.867102322305731	0.829514927168412	"PDE4C/PPP1R1B"	2
"M1"	"Nuclear Events (kinase and transcription factor activation)"	"Nuclear Events (kinase and transcription factor activation)"	"2/395"	"24/7644"	0.354202485028468	0.867102322305731	0.829514927168412	"DUSP6/DUSP4"	2
"M1"	"Pyrimidine metabolism"	"Pyrimidine metabolism"	"2/395"	"24/7644"	0.354202485028468	0.867102322305731	0.829514927168412	"NT5E/UPP1"	2
"M1"	"TRAF6 mediated NF-kB activation"	"TRAF6 mediated NF-kB activation"	"2/395"	"24/7644"	0.354202485028468	0.867102322305731	0.829514927168412	"AGER/S100B"	2
"M1"	"Netrin-1 signaling"	"Netrin-1 signaling"	"3/395"	"42/7644"	0.370582321137949	0.867102322305731	0.829514927168412	"SLIT1/SLIT2/TRPC5"	3
"M1"	"Triglyceride Biosynthesis"	"Triglyceride Biosynthesis"	"3/395"	"42/7644"	0.370582321137949	0.867102322305731	0.829514927168412	"GPAM/DGAT2/GPD1"	3
"M1"	"Activation of BH3-only proteins"	"Activation of BH3-only proteins"	"2/395"	"25/7644"	0.373150925874374	0.867102322305731	0.829514927168412	"SFN/PMAIP1"	2
"M1"	"Activation of G protein gated Potassium channels"	"Activation of G protein gated Potassium channels"	"2/395"	"25/7644"	0.373150925874374	0.867102322305731	0.829514927168412	"GABBR2/KCNJ2"	2
"M1"	"Effects of PIP2 hydrolysis"	"Effects of PIP2 hydrolysis"	"2/395"	"25/7644"	0.373150925874374	0.867102322305731	0.829514927168412	"ITPR1/DGKI"	2
"M1"	"G protein gated Potassium channels"	"G protein gated Potassium channels"	"2/395"	"25/7644"	0.373150925874374	0.867102322305731	0.829514927168412	"GABBR2/KCNJ2"	2
"M1"	"Inhibition  of voltage gated Ca2+ channels via Gbeta/gamma subunits"	"Inhibition  of voltage gated Ca2+ channels via Gbeta/gamma subunits"	"2/395"	"25/7644"	0.373150925874374	0.867102322305731	0.829514927168412	"GABBR2/KCNJ2"	2
"M1"	"TRP channels"	"TRP channels"	"2/395"	"25/7644"	0.373150925874374	0.867102322305731	0.829514927168412	"MCOLN3/TRPC5"	2
"M1"	"Activated TLR4 signalling"	"Activated TLR4 signalling"	"7/395"	"115/7644"	0.38404770446814	0.867102322305731	0.829514927168412	"DUSP6/NOD1/DUSP4/PELI1/CD36/AGER/S100B"	7
"M1"	"Iron uptake and transport"	"Iron uptake and transport"	"3/395"	"43/7644"	0.384851781596106	0.867102322305731	0.829514927168412	"LCN2/ABCG2/STEAP2"	3
"M1"	"PLC beta mediated events"	"PLC beta mediated events"	"3/395"	"43/7644"	0.384851781596106	0.867102322305731	0.829514927168412	"ITPR1/ADCY1/PDE1C"	3
"M1"	"Cell death signalling via NRAGE, NRIF and NADE"	"Cell death signalling via NRAGE, NRIF and NADE"	"4/395"	"61/7644"	0.387766746514938	0.867102322305731	0.829514927168412	"TIAM1/NGFR/NGEF/VAV3"	4
"M1"	"A tetrasaccharide linker sequence is required for GAG synthesis"	"A tetrasaccharide linker sequence is required for GAG synthesis"	"2/395"	"26/7644"	0.39187077011691	0.867102322305731	0.829514927168412	"SDC4/B3GAT1"	2
"M1"	"Calmodulin induced events"	"Calmodulin induced events"	"2/395"	"26/7644"	0.39187077011691	0.867102322305731	0.829514927168412	"ADCY1/PDE1C"	2
"M1"	"CaM pathway"	"CaM pathway"	"2/395"	"26/7644"	0.39187077011691	0.867102322305731	0.829514927168412	"ADCY1/PDE1C"	2
"M1"	"Opioid Signalling"	"Opioid Signalling"	"5/395"	"80/7644"	0.398058444206782	0.867102322305731	0.829514927168412	"ITPR1/PDE4C/ADCY1/PDE1C/PPP1R1B"	5
"M1"	"G-protein mediated events"	"G-protein mediated events"	"3/395"	"44/7644"	0.399045508477495	0.867102322305731	0.829514927168412	"ITPR1/ADCY1/PDE1C"	3
"M1"	"CREB phosphorylation through the activation of Ras"	"CREB phosphorylation through the activation of Ras"	"2/395"	"27/7644"	0.410335053345895	0.867102322305731	0.829514927168412	"GRIN2C/RASGRF1"	2
"M1"	"Detoxification of Reactive Oxygen Species"	"Detoxification of Reactive Oxygen Species"	"2/395"	"27/7644"	0.410335053345895	0.867102322305731	0.829514927168412	"GPX3/SOD3"	2
"M1"	"Integrin alphaIIb beta3 signaling"	"Integrin alphaIIb beta3 signaling"	"2/395"	"27/7644"	0.410335053345895	0.867102322305731	0.829514927168412	"FN1/VWF"	2
"M1"	"Sema4D in semaphorin signaling"	"Sema4D in semaphorin signaling"	"2/395"	"27/7644"	0.410335053345895	0.867102322305731	0.829514927168412	"MET/RND1"	2
"M1"	"Synthesis of bile acids and bile salts"	"Synthesis of bile acids and bile salts"	"2/395"	"27/7644"	0.410335053345895	0.867102322305731	0.829514927168412	"AKR1C3/CH25H"	2
"M1"	"Abacavir transport and metabolism"	"Abacavir transport and metabolism"	"1/395"	"10/7644"	0.411922205636784	0.867102322305731	0.829514927168412	"ABCG2"	1
"M1"	"Acetylcholine regulates insulin secretion"	"Acetylcholine regulates insulin secretion"	"1/395"	"10/7644"	0.411922205636784	0.867102322305731	0.829514927168412	"GNA14"	1
"M1"	"Activation of Ca-permeable Kainate Receptor"	"Activation of Ca-permeable Kainate Receptor"	"1/395"	"10/7644"	0.411922205636784	0.867102322305731	0.829514927168412	"GRIK2"	1
"M1"	"Activation of PPARGC1A (PGC-1alpha) by phosphorylation"	"Activation of PPARGC1A (PGC-1alpha) by phosphorylation"	"1/395"	"10/7644"	0.411922205636784	0.867102322305731	0.829514927168412	"PPARGC1A"	1
"M1"	"Adenylate cyclase activating pathway"	"Adenylate cyclase activating pathway"	"1/395"	"10/7644"	0.411922205636784	0.867102322305731	0.829514927168412	"ADCY1"	1
"M1"	"Ethanol oxidation"	"Ethanol oxidation"	"1/395"	"10/7644"	0.411922205636784	0.867102322305731	0.829514927168412	"ALDH1A1"	1
"M1"	"Glycoprotein hormones"	"Glycoprotein hormones"	"1/395"	"10/7644"	0.411922205636784	0.867102322305731	0.829514927168412	"INHBB"	1
"M1"	"GP1b-IX-V activation signalling"	"GP1b-IX-V activation signalling"	"1/395"	"10/7644"	0.411922205636784	0.867102322305731	0.829514927168412	"VWF"	1
"M1"	"Ionotropic activity of Kainate Receptors"	"Ionotropic activity of Kainate Receptors"	"1/395"	"10/7644"	0.411922205636784	0.867102322305731	0.829514927168412	"GRIK2"	1
"M1"	"IRAK1 recruits IKK complex"	"IRAK1 recruits IKK complex"	"1/395"	"10/7644"	0.411922205636784	0.867102322305731	0.829514927168412	"PELI1"	1
"M1"	"IRAK1 recruits IKK complex upon TLR7/8 or 9 stimulation"	"IRAK1 recruits IKK complex upon TLR7/8 or 9 stimulation"	"1/395"	"10/7644"	0.411922205636784	0.867102322305731	0.829514927168412	"PELI1"	1
"M1"	"POU5F1 (OCT4), SOX2, NANOG repress genes related to differentiation"	"POU5F1 (OCT4), SOX2, NANOG repress genes related to differentiation"	"1/395"	"10/7644"	0.411922205636784	0.867102322305731	0.829514927168412	"TSC22D1"	1
"M1"	"Regulated proteolysis of p75NTR"	"Regulated proteolysis of p75NTR"	"1/395"	"10/7644"	0.411922205636784	0.867102322305731	0.829514927168412	"NGFR"	1
"M1"	"Role of DCC in regulating apoptosis"	"Role of DCC in regulating apoptosis"	"1/395"	"10/7644"	0.411922205636784	0.867102322305731	0.829514927168412	"DAPK2"	1
"M1"	"Role of second messengers in netrin-1 signaling"	"Role of second messengers in netrin-1 signaling"	"1/395"	"10/7644"	0.411922205636784	0.867102322305731	0.829514927168412	"TRPC5"	1
"M1"	"Signalling by NGF"	"Signalling by NGF"	"16/395"	"287/7644"	0.413611247983835	0.867102322305731	0.829514927168412	"DUSP6/ERBB3/IRS1/ITPR1/DUSP4/TIAM1/NGFR/NGEF/VAV3/KIT/ADCY1/TRIB3/SHC3/PDE1C/MAG/ERBB4"	16
"M1"	"Ca-dependent events"	"Ca-dependent events"	"2/395"	"28/7644"	0.428520193443688	0.867102322305731	0.829514927168412	"ADCY1/PDE1C"	2
"M1"	"Synthesis of PA"	"Synthesis of PA"	"2/395"	"28/7644"	0.428520193443688	0.867102322305731	0.829514927168412	"GPAM/GPD1"	2
"M1"	"p75 NTR receptor-mediated signalling"	"p75 NTR receptor-mediated signalling"	"5/395"	"83/7644"	0.429148351192549	0.867102322305731	0.829514927168412	"TIAM1/NGFR/NGEF/VAV3/MAG"	5
"M1"	"Neurotransmitter Receptor Binding And Downstream Transmission In The  Postsynaptic Cell"	"Neurotransmitter Receptor Binding And Downstream Transmission In The  Postsynaptic Cell"	"8/395"	"140/7644"	0.437328922017282	0.867102322305731	0.829514927168412	"GABRB2/GABBR2/KCNJ2/ADCY1/GRIN2C/GABRB3/RASGRF1/GRIK2"	8
"M1"	"MHC class II antigen presentation"	"MHC class II antigen presentation"	"6/395"	"103/7644"	0.442227603111704	0.867102322305731	0.829514927168412	"CTSC/CTSH/SPTBN2/KIF5C/KLC3/KIF5A"	6
"M1"	"Apoptotic cleavage of cell adhesion  proteins"	"Apoptotic cleavage of cell adhesion  proteins"	"1/395"	"11/7644"	0.442350647970223	0.867102322305731	0.829514927168412	"PKP1"	1
"M1"	"CYP2E1 reactions"	"CYP2E1 reactions"	"1/395"	"11/7644"	0.442350647970223	0.867102322305731	0.829514927168412	"CYP2S1"	1
"M1"	"Endosomal/Vacuolar pathway"	"Endosomal/Vacuolar pathway"	"1/395"	"11/7644"	0.442350647970223	0.867102322305731	0.829514927168412	"HLA-G"	1
"M1"	"Gamma-carboxylation, transport, and amino-terminal cleavage of proteins"	"Gamma-carboxylation, transport, and amino-terminal cleavage of proteins"	"1/395"	"11/7644"	0.442350647970223	0.867102322305731	0.829514927168412	"PROS1"	1
"M1"	"Synthesis of IP2, IP, and Ins in the cytosol"	"Synthesis of IP2, IP, and Ins in the cytosol"	"1/395"	"11/7644"	0.442350647970223	0.867102322305731	0.829514927168412	"INPP5J"	1
"M1"	"Transport of organic anions"	"Transport of organic anions"	"1/395"	"11/7644"	0.442350647970223	0.867102322305731	0.829514927168412	"SLCO4A1"	1
"M1"	"CDO in myogenesis"	"CDO in myogenesis"	"2/395"	"29/7644"	0.446405714539325	0.867102322305731	0.829514927168412	"CDON/CDH4"	2
"M1"	"Myogenesis"	"Myogenesis"	"2/395"	"29/7644"	0.446405714539325	0.867102322305731	0.829514927168412	"CDON/CDH4"	2
"M1"	"PIWI-interacting RNA (piRNA) biogenesis"	"PIWI-interacting RNA (piRNA) biogenesis"	"2/395"	"29/7644"	0.446405714539325	0.867102322305731	0.829514927168412	"TDRD9/TDRD6"	2
"M1"	"DAP12 interactions"	"DAP12 interactions"	"10/395"	"179/7644"	0.446623119968525	0.867102322305731	0.829514927168412	"ERBB3/IRS1/ITPR1/VAV3/KIT/ADCY1/TRIB3/PDE1C/TREM1/ERBB4"	10
"M1"	"Integration of energy metabolism"	"Integration of energy metabolism"	"6/395"	"104/7644"	0.451491026909512	0.867102322305731	0.829514927168412	"ITPR1/ADCY1/GNA14/MLXIPL/CACNB2/SNAP25"	6
"M1"	"Downstream signal transduction"	"Downstream signal transduction"	"9/395"	"161/7644"	0.453535395000796	0.867102322305731	0.829514927168412	"ERBB3/IRS1/ITPR1/GRB7/KIT/ADCY1/TRIB3/PDE1C/ERBB4"	9
"M1"	"VEGFA-VEGFR2 Pathway"	"VEGFA-VEGFR2 Pathway"	"6/395"	"105/7644"	0.460720249281944	0.867102322305731	0.829514927168412	"CAV1/KDR/ITPR1/ELMO1/VAV3/TRIB3"	6
"M1"	"Signaling by FGFR"	"Signaling by FGFR"	"9/395"	"162/7644"	0.460966933282736	0.867102322305731	0.829514927168412	"ERBB3/IRS1/ITPR1/KIT/ADCY1/TRIB3/IL17RD/PDE1C/ERBB4"	9
"M1"	"Toll Like Receptor 4 (TLR4) Cascade"	"Toll Like Receptor 4 (TLR4) Cascade"	"7/395"	"124/7644"	0.46105673085636	0.867102322305731	0.829514927168412	"DUSP6/NOD1/DUSP4/PELI1/CD36/AGER/S100B"	7
"M1"	"Amine compound SLC transporters"	"Amine compound SLC transporters"	"2/395"	"30/7644"	0.463973990344728	0.867102322305731	0.829514927168412	"SLC6A12/SLC14A1"	2
"M1"	"MAPK targets/ Nuclear events mediated by MAP kinases"	"MAPK targets/ Nuclear events mediated by MAP kinases"	"2/395"	"30/7644"	0.463973990344728	0.867102322305731	0.829514927168412	"DUSP6/DUSP4"	2
"M1"	"Signaling by ERBB2"	"Signaling by ERBB2"	"9/395"	"163/7644"	0.468381212136472	0.867102322305731	0.829514927168412	"ERBB3/IRS1/ITPR1/GRB7/KIT/ADCY1/TRIB3/PDE1C/ERBB4"	9
"M1"	"Defective AMN causes hereditary megaloblastic anemia 1"	"Defective AMN causes hereditary megaloblastic anemia 1"	"5/395"	"87/7644"	0.470060604726286	0.867102322305731	0.829514927168412	"ENPP1/SLC2A3/NMNAT2/PTGS2/QPRT"	5
"M1"	"Defective BTD causes biotidinase deficiency"	"Defective BTD causes biotidinase deficiency"	"5/395"	"87/7644"	0.470060604726286	0.867102322305731	0.829514927168412	"ENPP1/SLC2A3/NMNAT2/PTGS2/QPRT"	5
"M1"	"Defective CD320 causes methylmalonic aciduria"	"Defective CD320 causes methylmalonic aciduria"	"5/395"	"87/7644"	0.470060604726286	0.867102322305731	0.829514927168412	"ENPP1/SLC2A3/NMNAT2/PTGS2/QPRT"	5
"M1"	"Defective CUBN causes hereditary megaloblastic anemia 1"	"Defective CUBN causes hereditary megaloblastic anemia 1"	"5/395"	"87/7644"	0.470060604726286	0.867102322305731	0.829514927168412	"ENPP1/SLC2A3/NMNAT2/PTGS2/QPRT"	5
"M1"	"Defective GIF causes intrinsic factor deficiency"	"Defective GIF causes intrinsic factor deficiency"	"5/395"	"87/7644"	0.470060604726286	0.867102322305731	0.829514927168412	"ENPP1/SLC2A3/NMNAT2/PTGS2/QPRT"	5
"M1"	"Defective HLCS causes multiple carboxylase deficiency"	"Defective HLCS causes multiple carboxylase deficiency"	"5/395"	"87/7644"	0.470060604726286	0.867102322305731	0.829514927168412	"ENPP1/SLC2A3/NMNAT2/PTGS2/QPRT"	5
"M1"	"Defective LMBRD1 causes methylmalonic aciduria and homocystinuria type cblF"	"Defective LMBRD1 causes methylmalonic aciduria and homocystinuria type cblF"	"5/395"	"87/7644"	0.470060604726286	0.867102322305731	0.829514927168412	"ENPP1/SLC2A3/NMNAT2/PTGS2/QPRT"	5
"M1"	"Defective MMAA causes methylmalonic aciduria type cblA"	"Defective MMAA causes methylmalonic aciduria type cblA"	"5/395"	"87/7644"	0.470060604726286	0.867102322305731	0.829514927168412	"ENPP1/SLC2A3/NMNAT2/PTGS2/QPRT"	5
"M1"	"Defective MMAB causes methylmalonic aciduria type cblB"	"Defective MMAB causes methylmalonic aciduria type cblB"	"5/395"	"87/7644"	0.470060604726286	0.867102322305731	0.829514927168412	"ENPP1/SLC2A3/NMNAT2/PTGS2/QPRT"	5
"M1"	"Defective MMACHC causes methylmalonic aciduria and homocystinuria type cblC"	"Defective MMACHC causes methylmalonic aciduria and homocystinuria type cblC"	"5/395"	"87/7644"	0.470060604726286	0.867102322305731	0.829514927168412	"ENPP1/SLC2A3/NMNAT2/PTGS2/QPRT"	5
"M1"	"Defective MMADHC causes methylmalonic aciduria and homocystinuria type cblD"	"Defective MMADHC causes methylmalonic aciduria and homocystinuria type cblD"	"5/395"	"87/7644"	0.470060604726286	0.867102322305731	0.829514927168412	"ENPP1/SLC2A3/NMNAT2/PTGS2/QPRT"	5
"M1"	"Defective MTR causes methylmalonic aciduria and homocystinuria type cblG"	"Defective MTR causes methylmalonic aciduria and homocystinuria type cblG"	"5/395"	"87/7644"	0.470060604726286	0.867102322305731	0.829514927168412	"ENPP1/SLC2A3/NMNAT2/PTGS2/QPRT"	5
"M1"	"Defective MTRR causes methylmalonic aciduria and homocystinuria type cblE"	"Defective MTRR causes methylmalonic aciduria and homocystinuria type cblE"	"5/395"	"87/7644"	0.470060604726286	0.867102322305731	0.829514927168412	"ENPP1/SLC2A3/NMNAT2/PTGS2/QPRT"	5
"M1"	"Defective MUT causes methylmalonic aciduria mut type"	"Defective MUT causes methylmalonic aciduria mut type"	"5/395"	"87/7644"	0.470060604726286	0.867102322305731	0.829514927168412	"ENPP1/SLC2A3/NMNAT2/PTGS2/QPRT"	5
"M1"	"Defective TCN2 causes hereditary megaloblastic anemia"	"Defective TCN2 causes hereditary megaloblastic anemia"	"5/395"	"87/7644"	0.470060604726286	0.867102322305731	0.829514927168412	"ENPP1/SLC2A3/NMNAT2/PTGS2/QPRT"	5
"M1"	"Defects in biotin (Btn) metabolism"	"Defects in biotin (Btn) metabolism"	"5/395"	"87/7644"	0.470060604726286	0.867102322305731	0.829514927168412	"ENPP1/SLC2A3/NMNAT2/PTGS2/QPRT"	5
"M1"	"Defects in cobalamin (B12) metabolism"	"Defects in cobalamin (B12) metabolism"	"5/395"	"87/7644"	0.470060604726286	0.867102322305731	0.829514927168412	"ENPP1/SLC2A3/NMNAT2/PTGS2/QPRT"	5
"M1"	"Defects in vitamin and cofactor metabolism"	"Defects in vitamin and cofactor metabolism"	"5/395"	"87/7644"	0.470060604726286	0.867102322305731	0.829514927168412	"ENPP1/SLC2A3/NMNAT2/PTGS2/QPRT"	5
"M1"	"Metabolism of vitamins and cofactors"	"Metabolism of vitamins and cofactors"	"5/395"	"87/7644"	0.470060604726286	0.867102322305731	0.829514927168412	"ENPP1/SLC2A3/NMNAT2/PTGS2/QPRT"	5
"M1"	"Metabolism of water-soluble vitamins and cofactors"	"Metabolism of water-soluble vitamins and cofactors"	"5/395"	"87/7644"	0.470060604726286	0.867102322305731	0.829514927168412	"ENPP1/SLC2A3/NMNAT2/PTGS2/QPRT"	5
"M1"	"Depolarization of the Presynaptic Terminal Triggers the Opening of Calcium Channels"	"Depolarization of the Presynaptic Terminal Triggers the Opening of Calcium Channels"	"1/395"	"12/7644"	0.471208435740662	0.867102322305731	0.829514927168412	"CACNB2"	1
"M1"	"Eicosanoids"	"Eicosanoids"	"1/395"	"12/7644"	0.471208435740662	0.867102322305731	0.829514927168412	"CYP4B1"	1
"M1"	"Glutathione synthesis and recycling"	"Glutathione synthesis and recycling"	"1/395"	"12/7644"	0.471208435740662	0.867102322305731	0.829514927168412	"GGT6"	1
"M1"	"NOTCH2 intracellular domain regulates transcription"	"NOTCH2 intracellular domain regulates transcription"	"1/395"	"12/7644"	0.471208435740662	0.867102322305731	0.829514927168412	"MAMLD1"	1
"M1"	"P2Y receptors"	"P2Y receptors"	"1/395"	"12/7644"	0.471208435740662	0.867102322305731	0.829514927168412	"P2RY6"	1
"M1"	"Peptide hormone biosynthesis"	"Peptide hormone biosynthesis"	"1/395"	"12/7644"	0.471208435740662	0.867102322305731	0.829514927168412	"INHBB"	1
"M1"	"DAP12 signaling"	"DAP12 signaling"	"9/395"	"164/7644"	0.475775861187325	0.867102322305731	0.829514927168412	"ERBB3/IRS1/ITPR1/VAV3/KIT/ADCY1/TRIB3/PDE1C/ERBB4"	9
"M1"	"HS-GAG biosynthesis"	"HS-GAG biosynthesis"	"2/395"	"31/7644"	0.481210005614804	0.867102322305731	0.829514927168412	"SDC4/HS6ST2"	2
"M1"	"Inwardly rectifying K+ channels"	"Inwardly rectifying K+ channels"	"2/395"	"31/7644"	0.481210005614804	0.867102322305731	0.829514927168412	"GABBR2/KCNJ2"	2
"M1"	"Signaling by PDGF"	"Signaling by PDGF"	"10/395"	"184/7644"	0.481714627717722	0.867102322305731	0.829514927168412	"ERBB3/IRS1/ITPR1/GRB7/KIT/ADCY1/TRIB3/COL9A3/PDE1C/ERBB4"	10
"M1"	"NCAM signaling for neurite out-growth"	"NCAM signaling for neurite out-growth"	"4/395"	"70/7644"	0.492469990053369	0.867102322305731	0.829514927168412	"NCAM1/SPTBN2/COL9A3/CACNB2"	4
"M1"	"Aquaporin-mediated transport"	"Aquaporin-mediated transport"	"3/395"	"51/7644"	0.49511670803929	0.867102322305731	0.829514927168412	"ADCY1/AQP5/AQP4"	3
"M1"	"SHC1 events in ERBB2 signaling"	"SHC1 events in ERBB2 signaling"	"2/395"	"32/7644"	0.498101134551047	0.867102322305731	0.829514927168412	"ERBB3/ERBB4"	2
"M1"	"Signaling by NOTCH2"	"Signaling by NOTCH2"	"2/395"	"32/7644"	0.498101134551047	0.867102322305731	0.829514927168412	"MDK/MAMLD1"	2
"M1"	"Sphingolipid de novo biosynthesis"	"Sphingolipid de novo biosynthesis"	"2/395"	"32/7644"	0.498101134551047	0.867102322305731	0.829514927168412	"PPM1L/CERS1"	2
"M1"	"Thrombin signalling through proteinase activated receptors (PARs)"	"Thrombin signalling through proteinase activated receptors (PARs)"	"2/395"	"32/7644"	0.498101134551047	0.867102322305731	0.829514927168412	"F2RL3/GNA14"	2
"M1"	"VEGFR2 mediated cell proliferation"	"VEGFR2 mediated cell proliferation"	"2/395"	"32/7644"	0.498101134551047	0.867102322305731	0.829514927168412	"KDR/ITPR1"	2
"M1"	"Activation of DNA fragmentation factor"	"Activation of DNA fragmentation factor"	"1/395"	"13/7644"	0.498576447779766	0.867102322305731	0.829514927168412	"HIST1H1C"	1
"M1"	"Apoptosis induced DNA fragmentation"	"Apoptosis induced DNA fragmentation"	"1/395"	"13/7644"	0.498576447779766	0.867102322305731	0.829514927168412	"HIST1H1C"	1
"M1"	"Downregulation of ERBB2:ERBB3 signaling"	"Downregulation of ERBB2:ERBB3 signaling"	"1/395"	"13/7644"	0.498576447779766	0.867102322305731	0.829514927168412	"ERBB3"	1
"M1"	"IRF3-mediated induction of type I IFN"	"IRF3-mediated induction of type I IFN"	"1/395"	"13/7644"	0.498576447779766	0.867102322305731	0.829514927168412	"DTX4"	1
"M1"	"NF-kB is activated and signals survival"	"NF-kB is activated and signals survival"	"1/395"	"13/7644"	0.498576447779766	0.867102322305731	0.829514927168412	"NGFR"	1
"M1"	"NICD traffics to nucleus"	"NICD traffics to nucleus"	"1/395"	"13/7644"	0.498576447779766	0.867102322305731	0.829514927168412	"MAMLD1"	1
"M1"	"Notch-HLH transcription pathway"	"Notch-HLH transcription pathway"	"1/395"	"13/7644"	0.498576447779766	0.867102322305731	0.829514927168412	"MAMLD1"	1
"M1"	"p75NTR recruits signalling complexes"	"p75NTR recruits signalling complexes"	"1/395"	"13/7644"	0.498576447779766	0.867102322305731	0.829514927168412	"NGFR"	1
"M1"	"Purine salvage"	"Purine salvage"	"1/395"	"13/7644"	0.498576447779766	0.867102322305731	0.829514927168412	"PNP"	1
"M1"	"Synthesis, secretion, and inactivation of Glucose-dependent Insulinotropic Polypeptide (GIP)"	"Synthesis, secretion, and inactivation of Glucose-dependent Insulinotropic Polypeptide (GIP)"	"1/395"	"13/7644"	0.498576447779766	0.867102322305731	0.829514927168412	"DPP4"	1
"M1"	"The activation of arylsulfatases"	"The activation of arylsulfatases"	"1/395"	"13/7644"	0.498576447779766	0.867102322305731	0.829514927168412	"ARSJ"	1
"M1"	"NGF signalling via TRKA from the plasma membrane"	"NGF signalling via TRKA from the plasma membrane"	"11/395"	"206/7644"	0.500230082578732	0.867102322305731	0.829514927168412	"DUSP6/ERBB3/IRS1/ITPR1/DUSP4/KIT/ADCY1/TRIB3/SHC3/PDE1C/ERBB4"	11
"M1"	"Downstream signaling of activated FGFR"	"Downstream signaling of activated FGFR"	"8/395"	"149/7644"	0.5079911034919	0.867102322305731	0.829514927168412	"ERBB3/IRS1/ITPR1/KIT/ADCY1/TRIB3/PDE1C/ERBB4"	8
"M1"	"Synthesis of substrates in N-glycan biosythesis"	"Synthesis of substrates in N-glycan biosythesis"	"3/395"	"52/7644"	0.508233912533077	0.867102322305731	0.829514927168412	"ST6GAL1/ST3GAL6/ST6GALNAC5"	3
"M1"	"PCP/CE pathway"	"PCP/CE pathway"	"5/395"	"91/7644"	0.510018765176478	0.867102322305731	0.829514927168412	"PRICKLE1/WNT5A/ROR2/WNT4/ROR1"	5
"M1"	"deactivation of the beta-catenin transactivating complex"	"deactivation of the beta-catenin transactivating complex"	"2/395"	"33/7644"	0.514636935041375	0.867102322305731	0.829514927168412	"TCF7/TCF7L1"	2
"M1"	"Glutathione conjugation"	"Glutathione conjugation"	"2/395"	"33/7644"	0.514636935041375	0.867102322305731	0.829514927168412	"GSTM3/GGT6"	2
"M1"	"Metabolism of steroid hormones and vitamin D"	"Metabolism of steroid hormones and vitamin D"	"2/395"	"33/7644"	0.514636935041375	0.867102322305731	0.829514927168412	"LRP2/CYP27B1"	2
"M1"	"Purine metabolism"	"Purine metabolism"	"2/395"	"33/7644"	0.514636935041375	0.867102322305731	0.829514927168412	"NT5E/PNP"	2
"M1"	"Steroid hormones"	"Steroid hormones"	"2/395"	"33/7644"	0.514636935041375	0.867102322305731	0.829514927168412	"LRP2/CYP27B1"	2
"M1"	"Peptide ligand-binding receptors"	"Peptide ligand-binding receptors"	"10/395"	"190/7644"	0.523152812420322	0.867102322305731	0.829514927168412	"ANXA1/EDNRB/GPER1/F2RL3/CXCL2/NPY1R/AVPR1A/CXCL8/NMU/EDN3"	10
"M1"	"Activation of Rac"	"Activation of Rac"	"1/395"	"14/7644"	0.524531408220992	0.867102322305731	0.829514927168412	"SLIT2"	1
"M1"	"Adenylate cyclase inhibitory pathway"	"Adenylate cyclase inhibitory pathway"	"1/395"	"14/7644"	0.524531408220992	0.867102322305731	0.829514927168412	"ADCY1"	1
"M1"	"Glycogen breakdown (glycogenolysis)"	"Glycogen breakdown (glycogenolysis)"	"1/395"	"14/7644"	0.524531408220992	0.867102322305731	0.829514927168412	"PYGM"	1
"M1"	"Inhibition of adenylate cyclase pathway"	"Inhibition of adenylate cyclase pathway"	"1/395"	"14/7644"	0.524531408220992	0.867102322305731	0.829514927168412	"ADCY1"	1
"M1"	"SEMA3A-Plexin repulsion signaling by inhibiting Integrin adhesion"	"SEMA3A-Plexin repulsion signaling by inhibiting Integrin adhesion"	"1/395"	"14/7644"	0.524531408220992	0.867102322305731	0.829514927168412	"RND1"	1
"M1"	"Synthesis of bile acids and bile salts via 24-hydroxycholesterol"	"Synthesis of bile acids and bile salts via 24-hydroxycholesterol"	"1/395"	"14/7644"	0.524531408220992	0.867102322305731	0.829514927168412	"AKR1C3"	1
"M1"	"Phospholipase C-mediated cascade"	"Phospholipase C-mediated cascade"	"3/395"	"54/7644"	0.533922005202095	0.867102322305731	0.829514927168412	"ITPR1/ADCY1/PDE1C"	3
"M1"	"Signaling by ERBB4"	"Signaling by ERBB4"	"8/395"	"154/7644"	0.546051234675789	0.867102322305731	0.829514927168412	"ERBB3/IRS1/KIT/ESR1/TRIB3/ERBB4/PGR/S100B"	8
"M1"	"Activation of BAD and translocation to mitochondria"	"Activation of BAD and translocation to mitochondria"	"1/395"	"15/7644"	0.549146099407454	0.867102322305731	0.829514927168412	"SFN"	1
"M1"	"CREB phosphorylation through the activation of CaMKII"	"CREB phosphorylation through the activation of CaMKII"	"1/395"	"15/7644"	0.549146099407454	0.867102322305731	0.829514927168412	"GRIN2C"	1
"M1"	"Eicosanoid ligand-binding receptors"	"Eicosanoid ligand-binding receptors"	"1/395"	"15/7644"	0.549146099407454	0.867102322305731	0.829514927168412	"CYSLTR2"	1
"M1"	"Fatty acids"	"Fatty acids"	"1/395"	"15/7644"	0.549146099407454	0.867102322305731	0.829514927168412	"CYP4B1"	1
"M1"	"Glycogen synthesis"	"Glycogen synthesis"	"1/395"	"15/7644"	0.549146099407454	0.867102322305731	0.829514927168412	"PPP1R3C"	1
"M1"	"NRIF signals cell death from the nucleus"	"NRIF signals cell death from the nucleus"	"1/395"	"15/7644"	0.549146099407454	0.867102322305731	0.829514927168412	"NGFR"	1
"M1"	"Recycling of bile acids and salts"	"Recycling of bile acids and salts"	"1/395"	"15/7644"	0.549146099407454	0.867102322305731	0.829514927168412	"ABCC3"	1
"M1"	"Regulation of innate immune responses to cytosolic DNA"	"Regulation of innate immune responses to cytosolic DNA"	"1/395"	"15/7644"	0.549146099407454	0.867102322305731	0.829514927168412	"DTX4"	1
"M1"	"Synthesis of bile acids and bile salts via 27-hydroxycholesterol"	"Synthesis of bile acids and bile salts via 27-hydroxycholesterol"	"1/395"	"15/7644"	0.549146099407454	0.867102322305731	0.829514927168412	"AKR1C3"	1
"M1"	"WNT5A-dependent internalization of FZD4"	"WNT5A-dependent internalization of FZD4"	"1/395"	"15/7644"	0.549146099407454	0.867102322305731	0.829514927168412	"WNT5A"	1
"M1"	"Binding and Uptake of Ligands by Scavenger Receptors"	"Binding and Uptake of Ligands by Scavenger Receptors"	"4/395"	"76/7644"	0.557987849840462	0.867102322305731	0.829514927168412	"APOE/CD36/MARCO/COLEC11"	4
"M1"	"MAP kinase activation in TLR cascade"	"MAP kinase activation in TLR cascade"	"3/395"	"56/7644"	0.558837014385763	0.867102322305731	0.829514927168412	"DUSP6/NOD1/DUSP4"	3
"M1"	"Class A/1 (Rhodopsin-like receptors)"	"Class A/1 (Rhodopsin-like receptors)"	"16/395"	"314/7644"	0.561162405806714	0.867102322305731	0.829514927168412	"ANXA1/LPAR5/EDNRB/ADORA1/CYSLTR2/GPER1/F2RL3/HRH1/CXCL2/NPY1R/AVPR1A/CXCL8/HCAR1/P2RY6/NMU/EDN3"	16
"M1"	"Gamma carboxylation, hypusine formation and arylsulfatase activation"	"Gamma carboxylation, hypusine formation and arylsulfatase activation"	"2/395"	"36/7644"	0.562036785655187	0.867102322305731	0.829514927168412	"PROS1/ARSJ"	2
"M1"	"Transport of glucose and other sugars, bile salts and organic acids, metal ions and amine compounds"	"Transport of glucose and other sugars, bile salts and organic acids, metal ions and amine compounds"	"5/395"	"97/7644"	0.567502037456215	0.867102322305731	0.829514927168412	"SLC2A3/SLC30A2/SLC6A12/SLC14A1/SLC2A4"	5
"M1"	"Regulation of insulin secretion"	"Regulation of insulin secretion"	"4/395"	"77/7644"	0.568463019990015	0.867102322305731	0.829514927168412	"ITPR1/GNA14/CACNB2/SNAP25"	4
"M1"	"Signaling by FGFR in disease"	"Signaling by FGFR in disease"	"9/395"	"177/7644"	0.56913451865672	0.867102322305731	0.829514927168412	"ERBB3/IRS1/ITPR1/KIT/ADCY1/TRIB3/IL17RD/PDE1C/ERBB4"	9
"M1"	"Initial triggering of complement"	"Initial triggering of complement"	"3/395"	"57/7644"	0.570990536430975	0.867102322305731	0.829514927168412	"C4B/C4A/FCN3"	3
"M1"	"Acyl chain remodelling of PI"	"Acyl chain remodelling of PI"	"1/395"	"16/7644"	0.572489563915785	0.867102322305731	0.829514927168412	"PLA2G4F"	1
"M1"	"CRMPs in Sema3A signaling"	"CRMPs in Sema3A signaling"	"1/395"	"16/7644"	0.572489563915785	0.867102322305731	0.829514927168412	"DPYSL3"	1
"M1"	"Hyaluronan metabolism"	"Hyaluronan metabolism"	"1/395"	"16/7644"	0.572489563915785	0.867102322305731	0.829514927168412	"HAS3"	1
"M1"	"JNK (c-Jun kinases) phosphorylation and  activation mediated by activated human TAK1"	"JNK (c-Jun kinases) phosphorylation and  activation mediated by activated human TAK1"	"1/395"	"16/7644"	0.572489563915785	0.867102322305731	0.829514927168412	"NOD1"	1
"M1"	"Metabolism of Angiotensinogen to Angiotensins"	"Metabolism of Angiotensinogen to Angiotensins"	"1/395"	"16/7644"	0.572489563915785	0.867102322305731	0.829514927168412	"ENPEP"	1
"M1"	"p75NTR signals via NF-kB"	"p75NTR signals via NF-kB"	"1/395"	"16/7644"	0.572489563915785	0.867102322305731	0.829514927168412	"NGFR"	1
"M1"	"PKA activation"	"PKA activation"	"1/395"	"16/7644"	0.572489563915785	0.867102322305731	0.829514927168412	"ADCY1"	1
"M1"	"Regulation of KIT signaling"	"Regulation of KIT signaling"	"1/395"	"16/7644"	0.572489563915785	0.867102322305731	0.829514927168412	"KIT"	1
"M1"	"STING mediated induction of host immune responses"	"STING mediated induction of host immune responses"	"1/395"	"16/7644"	0.572489563915785	0.867102322305731	0.829514927168412	"DTX4"	1
"M1"	"Asparagine N-linked glycosylation"	"Asparagine N-linked glycosylation"	"6/395"	"118/7644"	0.575799728549307	0.867102322305731	0.829514927168412	"MGAT4C/TUSC3/ST6GAL1/MGAT3/ST3GAL6/ST6GALNAC5"	6
"M1"	"Defective ALG11 causes ALG11-CDG (CDG-1p)"	"Defective ALG11 causes ALG11-CDG (CDG-1p)"	"6/395"	"118/7644"	0.575799728549307	0.867102322305731	0.829514927168412	"MGAT4C/TUSC3/ST6GAL1/MGAT3/ST3GAL6/ST6GALNAC5"	6
"M1"	"Defective ALG12 causes ALG12-CDG (CDG-1g)"	"Defective ALG12 causes ALG12-CDG (CDG-1g)"	"6/395"	"118/7644"	0.575799728549307	0.867102322305731	0.829514927168412	"MGAT4C/TUSC3/ST6GAL1/MGAT3/ST3GAL6/ST6GALNAC5"	6
"M1"	"Defective ALG14 causes congenital myasthenic syndrome (ALG14-CMS)"	"Defective ALG14 causes congenital myasthenic syndrome (ALG14-CMS)"	"6/395"	"118/7644"	0.575799728549307	0.867102322305731	0.829514927168412	"MGAT4C/TUSC3/ST6GAL1/MGAT3/ST3GAL6/ST6GALNAC5"	6
"M1"	"Defective ALG1 causes ALG1-CDG (CDG-1k)"	"Defective ALG1 causes ALG1-CDG (CDG-1k)"	"6/395"	"118/7644"	0.575799728549307	0.867102322305731	0.829514927168412	"MGAT4C/TUSC3/ST6GAL1/MGAT3/ST3GAL6/ST6GALNAC5"	6
"M1"	"Defective ALG2 causes ALG2-CDG (CDG-1i)"	"Defective ALG2 causes ALG2-CDG (CDG-1i)"	"6/395"	"118/7644"	0.575799728549307	0.867102322305731	0.829514927168412	"MGAT4C/TUSC3/ST6GAL1/MGAT3/ST3GAL6/ST6GALNAC5"	6
"M1"	"Defective ALG3 causes ALG3-CDG (CDG-1d)"	"Defective ALG3 causes ALG3-CDG (CDG-1d)"	"6/395"	"118/7644"	0.575799728549307	0.867102322305731	0.829514927168412	"MGAT4C/TUSC3/ST6GAL1/MGAT3/ST3GAL6/ST6GALNAC5"	6
"M1"	"Defective ALG6 causes ALG6-CDG (CDG-1c)"	"Defective ALG6 causes ALG6-CDG (CDG-1c)"	"6/395"	"118/7644"	0.575799728549307	0.867102322305731	0.829514927168412	"MGAT4C/TUSC3/ST6GAL1/MGAT3/ST3GAL6/ST6GALNAC5"	6
"M1"	"Defective ALG8 causes ALG8-CDG (CDG-1h)"	"Defective ALG8 causes ALG8-CDG (CDG-1h)"	"6/395"	"118/7644"	0.575799728549307	0.867102322305731	0.829514927168412	"MGAT4C/TUSC3/ST6GAL1/MGAT3/ST3GAL6/ST6GALNAC5"	6
"M1"	"Defective ALG9 causes ALG9-CDG (CDG-1l)"	"Defective ALG9 causes ALG9-CDG (CDG-1l)"	"6/395"	"118/7644"	0.575799728549307	0.867102322305731	0.829514927168412	"MGAT4C/TUSC3/ST6GAL1/MGAT3/ST3GAL6/ST6GALNAC5"	6
"M1"	"Defective DPAGT1 causes DPAGT1-CDG (CDG-1j) and CMSTA2"	"Defective DPAGT1 causes DPAGT1-CDG (CDG-1j) and CMSTA2"	"6/395"	"118/7644"	0.575799728549307	0.867102322305731	0.829514927168412	"MGAT4C/TUSC3/ST6GAL1/MGAT3/ST3GAL6/ST6GALNAC5"	6
"M1"	"Defective MAN1B1 causes MRT15"	"Defective MAN1B1 causes MRT15"	"6/395"	"118/7644"	0.575799728549307	0.867102322305731	0.829514927168412	"MGAT4C/TUSC3/ST6GAL1/MGAT3/ST3GAL6/ST6GALNAC5"	6
"M1"	"Defective MGAT2 causes MGAT2-CDG (CDG-2a)"	"Defective MGAT2 causes MGAT2-CDG (CDG-2a)"	"6/395"	"118/7644"	0.575799728549307	0.867102322305731	0.829514927168412	"MGAT4C/TUSC3/ST6GAL1/MGAT3/ST3GAL6/ST6GALNAC5"	6
"M1"	"Defective MOGS causes MOGS-CDG (CDG-2b)"	"Defective MOGS causes MOGS-CDG (CDG-2b)"	"6/395"	"118/7644"	0.575799728549307	0.867102322305731	0.829514927168412	"MGAT4C/TUSC3/ST6GAL1/MGAT3/ST3GAL6/ST6GALNAC5"	6
"M1"	"Defective MPDU1 causes MPDU1-CDG (CDG-1f)"	"Defective MPDU1 causes MPDU1-CDG (CDG-1f)"	"6/395"	"118/7644"	0.575799728549307	0.867102322305731	0.829514927168412	"MGAT4C/TUSC3/ST6GAL1/MGAT3/ST3GAL6/ST6GALNAC5"	6
"M1"	"Defective RFT1 causes RFT1-CDG (CDG-1n)"	"Defective RFT1 causes RFT1-CDG (CDG-1n)"	"6/395"	"118/7644"	0.575799728549307	0.867102322305731	0.829514927168412	"MGAT4C/TUSC3/ST6GAL1/MGAT3/ST3GAL6/ST6GALNAC5"	6
"M1"	"Diseases associated with N-glycosylation of proteins"	"Diseases associated with N-glycosylation of proteins"	"6/395"	"118/7644"	0.575799728549307	0.867102322305731	0.829514927168412	"MGAT4C/TUSC3/ST6GAL1/MGAT3/ST3GAL6/ST6GALNAC5"	6
"M1"	"Platelet Aggregation (Plug Formation)"	"Platelet Aggregation (Plug Formation)"	"2/395"	"37/7644"	0.577084125250482	0.867102322305731	0.829514927168412	"FN1/VWF"	2
"M1"	"MyD88-independent cascade"	"MyD88-independent cascade"	"5/395"	"99/7644"	0.585885739654946	0.867102322305731	0.829514927168412	"DUSP6/NOD1/DUSP4/AGER/S100B"	5
"M1"	"Toll Like Receptor 3 (TLR3) Cascade"	"Toll Like Receptor 3 (TLR3) Cascade"	"5/395"	"99/7644"	0.585885739654946	0.867102322305731	0.829514927168412	"DUSP6/NOD1/DUSP4/AGER/S100B"	5
"M1"	"TRIF-mediated TLR3/TLR4 signaling"	"TRIF-mediated TLR3/TLR4 signaling"	"5/395"	"99/7644"	0.585885739654946	0.867102322305731	0.829514927168412	"DUSP6/NOD1/DUSP4/AGER/S100B"	5
"M1"	"Platelet homeostasis"	"Platelet homeostasis"	"4/395"	"79/7644"	0.588994187055841	0.867102322305731	0.829514927168412	"PDE5A/ITPR1/PDE10A/PRKG1"	4
"M1"	"Cyclin D associated events in G1"	"Cyclin D associated events in G1"	"2/395"	"38/7644"	0.591750462505997	0.867102322305731	0.829514927168412	"CDKN2B/CDKN2A"	2
"M1"	"G1 Phase"	"G1 Phase"	"2/395"	"38/7644"	0.591750462505997	0.867102322305731	0.829514927168412	"CDKN2B/CDKN2A"	2
"M1"	"Intrinsic Pathway for Apoptosis"	"Intrinsic Pathway for Apoptosis"	"2/395"	"38/7644"	0.591750462505997	0.867102322305731	0.829514927168412	"SFN/PMAIP1"	2
"M1"	"activated TAK1 mediates p38 MAPK activation"	"activated TAK1 mediates p38 MAPK activation"	"1/395"	"17/7644"	0.594627296251032	0.867102322305731	0.829514927168412	"NOD1"	1
"M1"	"Acyl chain remodelling of PG"	"Acyl chain remodelling of PG"	"1/395"	"17/7644"	0.594627296251032	0.867102322305731	0.829514927168412	"PLA2G4F"	1
"M1"	"Acyl chain remodelling of PS"	"Acyl chain remodelling of PS"	"1/395"	"17/7644"	0.594627296251032	0.867102322305731	0.829514927168412	"PLA2G4F"	1
"M1"	"eNOS activation and regulation"	"eNOS activation and regulation"	"1/395"	"17/7644"	0.594627296251032	0.867102322305731	0.829514927168412	"CAV1"	1
"M1"	"Metabolism of nitric oxide"	"Metabolism of nitric oxide"	"1/395"	"17/7644"	0.594627296251032	0.867102322305731	0.829514927168412	"CAV1"	1
"M1"	"PKA activation in glucagon signalling"	"PKA activation in glucagon signalling"	"1/395"	"17/7644"	0.594627296251032	0.867102322305731	0.829514927168412	"ADCY1"	1
"M1"	"PKA-mediated phosphorylation of CREB"	"PKA-mediated phosphorylation of CREB"	"1/395"	"17/7644"	0.594627296251032	0.867102322305731	0.829514927168412	"ADCY1"	1
"M1"	"Synthesis, secretion, and deacylation of Ghrelin"	"Synthesis, secretion, and deacylation of Ghrelin"	"1/395"	"17/7644"	0.594627296251032	0.867102322305731	0.829514927168412	"PLA2G7"	1
"M1"	"Unblocking of NMDA receptor, glutamate binding and activation"	"Unblocking of NMDA receptor, glutamate binding and activation"	"1/395"	"17/7644"	0.594627296251032	0.867102322305731	0.829514927168412	"GRIN2C"	1
"M1"	"Zinc transporters"	"Zinc transporters"	"1/395"	"17/7644"	0.594627296251032	0.867102322305731	0.829514927168412	"SLC30A2"	1
"M1"	"PI3K/AKT Signaling in Cancer"	"PI3K/AKT Signaling in Cancer"	"5/395"	"100/7644"	0.594917736828596	0.867102322305731	0.829514927168412	"ERBB3/IRS1/KIT/TRIB3/ERBB4"	5
"M1"	"PI-3K cascade"	"PI-3K cascade"	"5/395"	"100/7644"	0.594917736828596	0.867102322305731	0.829514927168412	"ERBB3/IRS1/KIT/TRIB3/ERBB4"	5
"M1"	"PI3K events in ERBB2 signaling"	"PI3K events in ERBB2 signaling"	"5/395"	"100/7644"	0.594917736828596	0.867102322305731	0.829514927168412	"ERBB3/IRS1/KIT/TRIB3/ERBB4"	5
"M1"	"PI3K events in ERBB4 signaling"	"PI3K events in ERBB4 signaling"	"5/395"	"100/7644"	0.594917736828596	0.867102322305731	0.829514927168412	"ERBB3/IRS1/KIT/TRIB3/ERBB4"	5
"M1"	"PIP3 activates AKT signaling"	"PIP3 activates AKT signaling"	"5/395"	"100/7644"	0.594917736828596	0.867102322305731	0.829514927168412	"ERBB3/IRS1/KIT/TRIB3/ERBB4"	5
"M1"	"Activation of SMO"	"Activation of SMO"	"1/395"	"18/7644"	0.615621424739408	0.892015622783807	0.853348278896318	"CDON"	1
"M1"	"Pre-NOTCH Processing in Golgi"	"Pre-NOTCH Processing in Golgi"	"1/395"	"18/7644"	0.615621424739408	0.892015622783807	0.853348278896318	"ST3GAL6"	1
"M1"	"Class C/3 (Metabotropic glutamate/pheromone receptors)"	"Class C/3 (Metabotropic glutamate/pheromone receptors)"	"2/395"	"40/7644"	0.619937648598905	0.892015622783807	0.853348278896318	"GABBR2/GRM4"	2
"M1"	"Glucose transport"	"Glucose transport"	"2/395"	"40/7644"	0.619937648598905	0.892015622783807	0.853348278896318	"SLC2A3/SLC2A4"	2
"M1"	"Signaling by SCF-KIT"	"Signaling by SCF-KIT"	"7/395"	"144/7644"	0.620932446965243	0.892015622783807	0.853348278896318	"ERBB3/IRS1/PTPRU/GRB7/KIT/TRIB3/ERBB4"	7
"M1"	"Toll-Like Receptors Cascades"	"Toll-Like Receptors Cascades"	"7/395"	"144/7644"	0.620932446965243	0.892015622783807	0.853348278896318	"DUSP6/NOD1/DUSP4/PELI1/CD36/AGER/S100B"	7
"M1"	"PI3K/AKT activation"	"PI3K/AKT activation"	"5/395"	"103/7644"	0.621344215571381	0.892015622783807	0.853348278896318	"ERBB3/IRS1/KIT/TRIB3/ERBB4"	5
"M1"	"GAB1 signalosome"	"GAB1 signalosome"	"5/395"	"104/7644"	0.629922659443193	0.902394559245174	0.863277306303305	"ERBB3/IRS1/KIT/TRIB3/ERBB4"	5
"M1"	"Na+/Cl- dependent neurotransmitter transporters"	"Na+/Cl- dependent neurotransmitter transporters"	"1/395"	"19/7644"	0.63553088411889	0.906546186515006	0.867248967667569	"SLC6A12"	1
"M1"	"Platelet calcium homeostasis"	"Platelet calcium homeostasis"	"1/395"	"19/7644"	0.63553088411889	0.906546186515006	0.867248967667569	"ITPR1"	1
"M1"	"Synthesis, secretion, and inactivation of Glucagon-like Peptide-1 (GLP-1)"	"Synthesis, secretion, and inactivation of Glucagon-like Peptide-1 (GLP-1)"	"1/395"	"20/7644"	0.654411579302239	0.929514536206366	0.889221678882024	"DPP4"	1
"M1"	"Xenobiotics"	"Xenobiotics"	"1/395"	"20/7644"	0.654411579302239	0.929514536206366	0.889221678882024	"CYP2S1"	1
"M1"	"Constitutive PI3K/AKT Signaling in Cancer"	"Constitutive PI3K/AKT Signaling in Cancer"	"4/395"	"86/7644"	0.656147328792067	0.930005430004011	0.88969129327738	"ERBB3/IRS1/KIT/ERBB4"	4
"M1"	"Vasopressin regulates renal water homeostasis via Aquaporins"	"Vasopressin regulates renal water homeostasis via Aquaporins"	"2/395"	"43/7644"	0.659372183696448	0.930632892179165	0.890291556045838	"ADCY1/AQP4"	2
"M1"	"Voltage gated Potassium channels"	"Voltage gated Potassium channels"	"2/395"	"43/7644"	0.659372183696448	0.930632892179165	0.890291556045838	"KCNQ3/KCNAB1"	2
"M1"	"Cytosolic sensors of pathogen-associated DNA"	"Cytosolic sensors of pathogen-associated DNA"	"3/395"	"66/7644"	0.67062794302921	0.933153041017302	0.892702460763937	"DTX4/AGER/S100B"	3
"M1"	"Transcriptional activation of mitochondrial biogenesis"	"Transcriptional activation of mitochondrial biogenesis"	"2/395"	"44/7644"	0.671768692040208	0.933153041017302	0.892702460763937	"NR1D1/PPARGC1A"	2
"M1"	"Aflatoxin activation and detoxification"	"Aflatoxin activation and detoxification"	"1/395"	"21/7644"	0.67231654076284	0.933153041017302	0.892702460763937	"GGT6"	1
"M1"	"CD28 dependent PI3K/Akt signaling"	"CD28 dependent PI3K/Akt signaling"	"1/395"	"21/7644"	0.67231654076284	0.933153041017302	0.892702460763937	"TRIB3"	1
"M1"	"Defective ACY1 causes encephalopathy"	"Defective ACY1 causes encephalopathy"	"1/395"	"21/7644"	0.67231654076284	0.933153041017302	0.892702460763937	"GGT6"	1
"M1"	"NOTCH2 Activation and Transmission of Signal to the Nucleus"	"NOTCH2 Activation and Transmission of Signal to the Nucleus"	"1/395"	"21/7644"	0.67231654076284	0.933153041017302	0.892702460763937	"MDK"	1
"M1"	"Signal transduction by L1"	"Signal transduction by L1"	"1/395"	"21/7644"	0.67231654076284	0.933153041017302	0.892702460763937	"NCAM1"	1
"M1"	"SOS-mediated signalling"	"SOS-mediated signalling"	"1/395"	"21/7644"	0.67231654076284	0.933153041017302	0.892702460763937	"IRS1"	1
"M1"	"Glycerophospholipid biosynthesis"	"Glycerophospholipid biosynthesis"	"4/395"	"88/7644"	0.673923106761412	0.933446290731645	0.892982998607254	"GPAM/DGAT2/GPD1/PLA2G4F"	4
"M1"	"Biosynthesis of the N-glycan precursor (dolichol lipid-linked oligosaccharide, LLO) and transfer to a nascent protein"	"Biosynthesis of the N-glycan precursor (dolichol lipid-linked oligosaccharide, LLO) and transfer to a nascent protein"	"3/395"	"67/7644"	0.680583725759509	0.940724199448578	0.899945422491913	"ST6GAL1/ST3GAL6/ST6GALNAC5"	3
"M1"	"Extrinsic Pathway"	"Extrinsic Pathway"	"1/395"	"22/7644"	0.689296071970852	0.944957115058402	0.903994848486363	"DAPK2"	1
"M1"	"Intrinsic Pathway"	"Intrinsic Pathway"	"1/395"	"22/7644"	0.689296071970852	0.944957115058402	0.903994848486363	"VWF"	1
"M1"	"SHC-mediated signalling"	"SHC-mediated signalling"	"1/395"	"22/7644"	0.689296071970852	0.944957115058402	0.903994848486363	"SHC3"	1
"M1"	"Smooth Muscle Contraction"	"Smooth Muscle Contraction"	"1/395"	"22/7644"	0.689296071970852	0.944957115058402	0.903994848486363	"LMOD1"	1
"M1"	"G alpha (z) signalling events"	"G alpha (z) signalling events"	"2/395"	"46/7644"	0.695463559170157	0.949519492820795	0.908359455015409	"ADCY1/RGS4"	2
"M1"	"Hexose transport"	"Hexose transport"	"2/395"	"46/7644"	0.695463559170157	0.949519492820795	0.908359455015409	"SLC2A3/SLC2A4"	2
"M1"	"Glucose metabolism"	"Glucose metabolism"	"3/395"	"69/7644"	0.699822234951244	0.949519492820795	0.908359455015409	"ENO3/PYGM/PPP1R3C"	3
"M1"	"Acyl chain remodelling of PE"	"Acyl chain remodelling of PE"	"1/395"	"23/7644"	0.705397889285404	0.949519492820795	0.908359455015409	"PLA2G4F"	1
"M1"	"Endogenous sterols"	"Endogenous sterols"	"1/395"	"23/7644"	0.705397889285404	0.949519492820795	0.908359455015409	"CYP1B1"	1
"M1"	"Incretin synthesis, secretion, and inactivation"	"Incretin synthesis, secretion, and inactivation"	"1/395"	"23/7644"	0.705397889285404	0.949519492820795	0.908359455015409	"DPP4"	1
"M1"	"Signaling by BMP"	"Signaling by BMP"	"1/395"	"23/7644"	0.705397889285404	0.949519492820795	0.908359455015409	"SMAD9"	1
"M1"	"Sulfur amino acid metabolism"	"Sulfur amino acid metabolism"	"1/395"	"23/7644"	0.705397889285404	0.949519492820795	0.908359455015409	"CDO1"	1
"M1"	"Thromboxane signalling through TP receptor"	"Thromboxane signalling through TP receptor"	"1/395"	"23/7644"	0.705397889285404	0.949519492820795	0.908359455015409	"GNA14"	1
"M1"	"Signaling by EGFR"	"Signaling by EGFR"	"8/395"	"179/7644"	0.714070675614483	0.956599986877363	0.915133021825878	"ERBB3/IRS1/ITPR1/KIT/ADCY1/TRIB3/PDE1C/ERBB4"	8
"M1"	"Signaling by Overexpressed Wild-Type EGFR in Cancer"	"Signaling by Overexpressed Wild-Type EGFR in Cancer"	"8/395"	"179/7644"	0.714070675614483	0.956599986877363	0.915133021825878	"ERBB3/IRS1/ITPR1/KIT/ADCY1/TRIB3/PDE1C/ERBB4"	8
"M1"	"Sphingolipid metabolism"	"Sphingolipid metabolism"	"3/395"	"71/7644"	0.718169506083929	0.956599986877363	0.915133021825878	"PPM1L/ARSJ/CERS1"	3
"M1"	"Antigen Presentation: Folding, assembly and peptide loading of class I MHC"	"Antigen Presentation: Folding, assembly and peptide loading of class I MHC"	"1/395"	"24/7644"	0.720667254687879	0.956599986877363	0.915133021825878	"HLA-G"	1
"M1"	"Growth hormone receptor signaling"	"Growth hormone receptor signaling"	"1/395"	"24/7644"	0.720667254687879	0.956599986877363	0.915133021825878	"IRS1"	1
"M1"	"Sema4D induced cell migration and growth-cone collapse"	"Sema4D induced cell migration and growth-cone collapse"	"1/395"	"24/7644"	0.720667254687879	0.956599986877363	0.915133021825878	"RND1"	1
"M1"	"Synthesis of bile acids and bile salts via 7alpha-hydroxycholesterol"	"Synthesis of bile acids and bile salts via 7alpha-hydroxycholesterol"	"1/395"	"24/7644"	0.720667254687879	0.956599986877363	0.915133021825878	"AKR1C3"	1
"M1"	"Signaling by EGFR in Cancer"	"Signaling by EGFR in Cancer"	"8/395"	"181/7644"	0.725563275740491	0.957400062071772	0.915898415135925	"ERBB3/IRS1/ITPR1/KIT/ADCY1/TRIB3/PDE1C/ERBB4"	8
"M1"	"Signaling by EGFRvIII in Cancer"	"Signaling by EGFRvIII in Cancer"	"8/395"	"181/7644"	0.725563275740491	0.957400062071772	0.915898415135925	"ERBB3/IRS1/ITPR1/KIT/ADCY1/TRIB3/PDE1C/ERBB4"	8
"M1"	"Signaling by Ligand-Responsive EGFR Variants in Cancer"	"Signaling by Ligand-Responsive EGFR Variants in Cancer"	"8/395"	"181/7644"	0.725563275740491	0.957400062071772	0.915898415135925	"ERBB3/IRS1/ITPR1/KIT/ADCY1/TRIB3/PDE1C/ERBB4"	8
"M1"	"Acyl chain remodelling of PC"	"Acyl chain remodelling of PC"	"1/395"	"25/7644"	0.735147101721775	0.958700606338923	0.91714258304471	"PLA2G4F"	1
"M1"	"ADP signalling through P2Y purinoceptor 1"	"ADP signalling through P2Y purinoceptor 1"	"1/395"	"25/7644"	0.735147101721775	0.958700606338923	0.91714258304471	"GNA14"	1
"M1"	"Metal ion SLC transporters"	"Metal ion SLC transporters"	"1/395"	"25/7644"	0.735147101721775	0.958700606338923	0.91714258304471	"SLC30A2"	1
"M1"	"Post-translational modification: synthesis of GPI-anchored proteins"	"Post-translational modification: synthesis of GPI-anchored proteins"	"1/395"	"25/7644"	0.735147101721775	0.958700606338923	0.91714258304471	"PLAUR"	1
"M1"	"SHC-related events"	"SHC-related events"	"1/395"	"25/7644"	0.735147101721775	0.958700606338923	0.91714258304471	"SHC3"	1
"M1"	"SHC-related events triggered by IGF1R"	"SHC-related events triggered by IGF1R"	"1/395"	"25/7644"	0.735147101721775	0.958700606338923	0.91714258304471	"SHC3"	1
"M1"	"Chondroitin sulfate/dermatan sulfate metabolism"	"Chondroitin sulfate/dermatan sulfate metabolism"	"2/395"	"50/7644"	0.7386105838236	0.961343347427993	0.919670765850397	"SDC4/B3GAT1"	2
"M1"	"Amyloids"	"Amyloids"	"2/395"	"51/7644"	0.748549109365817	0.969051229565984	0.927044524547429	"MFGE8/LTF"	2
"M1"	"ATF4 activates genes"	"ATF4 activates genes"	"1/395"	"26/7644"	0.74887815498597	0.969051229565984	0.927044524547429	"CXCL8"	1
"M1"	"Signaling by Leptin"	"Signaling by Leptin"	"1/395"	"26/7644"	0.74887815498597	0.969051229565984	0.927044524547429	"IRS1"	1
"M1"	"G alpha (12/13) signalling events"	"G alpha (12/13) signalling events"	"3/395"	"75/7644"	0.752239810148694	0.971522071408256	0.929408259643174	"TIAM1/NGEF/VAV3"	3
"M1"	"Apoptotic execution  phase"	"Apoptotic execution  phase"	"2/395"	"52/7644"	0.758161717239127	0.976456820131386	0.934129095491909	"HIST1H1C/PKP1"	2
"M1"	"Senescence-Associated Secretory Phenotype (SASP)"	"Senescence-Associated Secretory Phenotype (SASP)"	"3/395"	"76/7644"	0.760222767421635	0.976456820131386	0.934129095491909	"CDKN2B/CXCL8/CDKN2A"	3
"M1"	"Attenuation phase"	"Attenuation phase"	"1/395"	"27/7644"	0.761899043510588	0.976456820131386	0.934129095491909	"TNFRSF21"	1
"M1"	"Glycolysis"	"Glycolysis"	"1/395"	"27/7644"	0.761899043510588	0.976456820131386	0.934129095491909	"ENO3"	1
"M1"	"Mitochondrial biogenesis"	"Mitochondrial biogenesis"	"2/395"	"53/7644"	0.767455454021285	0.981697320727036	0.939142429395072	"NR1D1/PPARGC1A"	2
"M1"	"Adrenaline,noradrenaline inhibits insulin secretion"	"Adrenaline,noradrenaline inhibits insulin secretion"	"1/395"	"28/7644"	0.774246408327881	0.98641213473189	0.943652864317503	"CACNB2"	1
"M1"	"SHC1 events in ERBB4 signaling"	"SHC1 events in ERBB4 signaling"	"1/395"	"28/7644"	0.774246408327881	0.98641213473189	0.943652864317503	"ERBB4"	1
"M1"	"Metabolism of nucleotides"	"Metabolism of nucleotides"	"3/395"	"78/7644"	0.775564697860948	0.98641213473189	0.943652864317503	"NT5E/PNP/UPP1"	3
"M1"	"Factors involved in megakaryocyte development and platelet production"	"Factors involved in megakaryocyte development and platelet production"	"5/395"	"125/7644"	0.781407385561693	0.986498870607237	0.943735840341752	"MAFF/GATA3/KIF5C/KLC3/KIF5A"	5
"M1"	"Chemokine receptors bind chemokines"	"Chemokine receptors bind chemokines"	"2/395"	"55/7644"	0.78511518437257	0.986498870607237	0.943735840341752	"CXCL2/CXCL8"	2
"M1"	"PERK regulates gene expression"	"PERK regulates gene expression"	"1/395"	"29/7644"	0.785955004534615	0.986498870607237	0.943735840341752	"CXCL8"	1
"M1"	"SMAD2/SMAD3:SMAD4 heterotrimer regulates transcription"	"SMAD2/SMAD3:SMAD4 heterotrimer regulates transcription"	"1/395"	"29/7644"	0.785955004534615	0.986498870607237	0.943735840341752	"CDKN2B"	1
"M1"	"The role of Nef in HIV-1 replication and disease pathogenesis"	"The role of Nef in HIV-1 replication and disease pathogenesis"	"1/395"	"29/7644"	0.785955004534615	0.986498870607237	0.943735840341752	"ELMO1"	1
"M1"	"Transferrin endocytosis and recycling"	"Transferrin endocytosis and recycling"	"1/395"	"29/7644"	0.785955004534615	0.986498870607237	0.943735840341752	"STEAP2"	1
"M1"	"YAP1- and WWTR1 (TAZ)-stimulated gene expression"	"YAP1- and WWTR1 (TAZ)-stimulated gene expression"	"1/395"	"29/7644"	0.785955004534615	0.986498870607237	0.943735840341752	"RUNX2"	1
"M1"	"Activated NOTCH1 Transmits Signal to the Nucleus"	"Activated NOTCH1 Transmits Signal to the Nucleus"	"1/395"	"30/7644"	0.79705779812737	0.991140890774219	0.948176636914051	"DTX4"	1
"M1"	"Activation of Kainate Receptors upon glutamate binding"	"Activation of Kainate Receptors upon glutamate binding"	"1/395"	"30/7644"	0.79705779812737	0.991140890774219	0.948176636914051	"GRIK2"	1
"M1"	"GRB2 events in ERBB2 signaling"	"GRB2 events in ERBB2 signaling"	"1/395"	"30/7644"	0.79705779812737	0.991140890774219	0.948176636914051	"ERBB4"	1
"M1"	"HSF1 activation"	"HSF1 activation"	"1/395"	"30/7644"	0.79705779812737	0.991140890774219	0.948176636914051	"TNFRSF21"	1
"M1"	"Antigen processing-Cross presentation"	"Antigen processing-Cross presentation"	"3/395"	"81/7644"	0.797060985405874	0.991140890774219	0.948176636914051	"MRC2/CD36/HLA-G"	3
"M1"	"Meiotic synapsis"	"Meiotic synapsis"	"2/395"	"57/7644"	0.801586959913374	0.991732400577473	0.948742505784129	"SYNE1/REC8"	2
"M1"	"Pre-NOTCH Expression and Processing"	"Pre-NOTCH Expression and Processing"	"2/395"	"57/7644"	0.801586959913374	0.991732400577473	0.948742505784129	"MAMLD1/ST3GAL6"	2
"M1"	"disassembly of the destruction complex and recruitment of AXIN to the membrane"	"disassembly of the destruction complex and recruitment of AXIN to the membrane"	"1/395"	"31/7644"	0.807586057877788	0.991732400577473	0.948742505784129	"CAV1"	1
"M1"	"Gluconeogenesis"	"Gluconeogenesis"	"1/395"	"31/7644"	0.807586057877788	0.991732400577473	0.948742505784129	"ENO3"	1
"M1"	"NOD1/2 Signaling Pathway"	"NOD1/2 Signaling Pathway"	"1/395"	"31/7644"	0.807586057877788	0.991732400577473	0.948742505784129	"NOD1"	1
"M1"	"Response of Mtb to phagocytosis"	"Response of Mtb to phagocytosis"	"1/395"	"31/7644"	0.807586057877788	0.991732400577473	0.948742505784129	"LTF"	1
"M1"	"DNA Damage/Telomere Stress Induced Senescence"	"DNA Damage/Telomere Stress Induced Senescence"	"2/395"	"58/7644"	0.809395950247085	0.991732400577473	0.948742505784129	"HIST1H1C/HMGA2"	2
"M1"	"formation of the beta-catenin:TCF transactivating complex"	"formation of the beta-catenin:TCF transactivating complex"	"2/395"	"58/7644"	0.809395950247085	0.991732400577473	0.948742505784129	"TCF7/TCF7L1"	2
"M1"	"CD28 co-stimulation"	"CD28 co-stimulation"	"1/395"	"32/7644"	0.817569442501232	0.994461740060589	0.951353533092342	"TRIB3"	1
"M1"	"DNA methylation"	"DNA methylation"	"1/395"	"32/7644"	0.817569442501232	0.994461740060589	0.951353533092342	"UHRF1"	1
"M1"	"Signal amplification"	"Signal amplification"	"1/395"	"32/7644"	0.817569442501232	0.994461740060589	0.951353533092342	"GNA14"	1
"M1"	"Signaling by Robo receptor"	"Signaling by Robo receptor"	"1/395"	"32/7644"	0.817569442501232	0.994461740060589	0.951353533092342	"SLIT2"	1
"M1"	"Signaling by Interleukins"	"Signaling by Interleukins"	"4/395"	"109/7644"	0.822247207457342	0.996901400960148	0.953687438885643	"NOD1/IL1RAP/PELI1/IL1RN"	4
"M1"	"Translocation of GLUT4 to the plasma membrane"	"Translocation of GLUT4 to the plasma membrane"	"2/395"	"60/7644"	0.824197427929072	0.996901400960148	0.953687438885643	"SFN/SLC2A4"	2
"M1"	"Glucagon signaling in metabolic regulation"	"Glucagon signaling in metabolic regulation"	"1/395"	"33/7644"	0.827036083359352	0.996901400960148	0.953687438885643	"ADCY1"	1
"M1"	"Synthesis of PIPs at the plasma membrane"	"Synthesis of PIPs at the plasma membrane"	"1/395"	"33/7644"	0.827036083359352	0.996901400960148	0.953687438885643	"INPP5J"	1
"M1"	"Signalling to RAS"	"Signalling to RAS"	"1/395"	"34/7644"	0.836012662924857	0.996901400960148	0.953687438885643	"SHC3"	1
"M1"	"Cellular Senescence"	"Cellular Senescence"	"6/395"	"159/7644"	0.837728536038242	0.996901400960148	0.953687438885643	"ID1/HIST1H1C/HMGA2/CDKN2B/CXCL8/CDKN2A"	6
"M1"	"FCERI mediated Ca+2 mobilization"	"FCERI mediated Ca+2 mobilization"	"2/395"	"62/7644"	0.837959690301145	0.996901400960148	0.953687438885643	"ITPR1/VAV3"	2
"M1"	"Asymmetric localization of PCP proteins"	"Asymmetric localization of PCP proteins"	"2/395"	"63/7644"	0.844469473677384	0.996901400960148	0.953687438885643	"PRICKLE1/WNT5A"	2
"M1"	"HSF1-dependent transactivation"	"HSF1-dependent transactivation"	"1/395"	"35/7644"	0.844524489225078	0.996901400960148	0.953687438885643	"TNFRSF21"	1
"M1"	"Regulation of HSF1-mediated heat shock response"	"Regulation of HSF1-mediated heat shock response"	"1/395"	"35/7644"	0.844524489225078	0.996901400960148	0.953687438885643	"TNFRSF21"	1
"M1"	"Phospholipid metabolism"	"Phospholipid metabolism"	"5/395"	"138/7644"	0.848143919630453	0.996901400960148	0.953687438885643	"INPP5J/GPAM/DGAT2/GPD1/PLA2G4F"	5
"M1"	"Role of LAT2/NTAL/LAB on calcium mobilization"	"Role of LAT2/NTAL/LAB on calcium mobilization"	"5/395"	"141/7644"	0.860897769809442	0.996901400960148	0.953687438885643	"ERBB3/IRS1/KIT/TRIB3/ERBB4"	5
"M1"	"IGF1R signaling cascade"	"IGF1R signaling cascade"	"3/395"	"92/7644"	0.86166262066789	0.996901400960148	0.953687438885643	"IRS1/TRIB3/SHC3"	3
"M1"	"Insulin receptor signalling cascade"	"Insulin receptor signalling cascade"	"3/395"	"92/7644"	0.86166262066789	0.996901400960148	0.953687438885643	"IRS1/TRIB3/SHC3"	3
"M1"	"Signaling by Type 1 Insulin-like Growth Factor 1 Receptor (IGF1R)"	"Signaling by Type 1 Insulin-like Growth Factor 1 Receptor (IGF1R)"	"3/395"	"92/7644"	0.86166262066789	0.996901400960148	0.953687438885643	"IRS1/TRIB3/SHC3"	3
"M1"	"Fc epsilon receptor (FCERI) signaling"	"Fc epsilon receptor (FCERI) signaling"	"8/395"	"212/7644"	0.864281080929127	0.996901400960148	0.953687438885643	"ERBB3/IRS1/ITPR1/VAV3/KIT/TRIB3/ERBB4/FCER1A"	8
"M1"	"Apoptotic cleavage of cellular proteins"	"Apoptotic cleavage of cellular proteins"	"1/395"	"38/7644"	0.867505370155398	0.996901400960148	0.953687438885643	"PKP1"	1
"M1"	"Phagosomal maturation (early endosomal stage)"	"Phagosomal maturation (early endosomal stage)"	"1/395"	"38/7644"	0.867505370155398	0.996901400960148	0.953687438885643	"LTF"	1
"M1"	"PI3K Cascade"	"PI3K Cascade"	"2/395"	"68/7644"	0.873590711010698	0.996901400960148	0.953687438885643	"IRS1/TRIB3"	2
"M1"	"Glycosphingolipid metabolism"	"Glycosphingolipid metabolism"	"1/395"	"39/7644"	0.874386171994553	0.996901400960148	0.953687438885643	"ARSJ"	1
"M1"	"Signaling by NOTCH"	"Signaling by NOTCH"	"4/395"	"122/7644"	0.882535014043939	0.996901400960148	0.953687438885643	"DTX4/MDK/MAMLD1/ST3GAL6"	4
"M1"	"Activation of gene expression by SREBF (SREBP)"	"Activation of gene expression by SREBF (SREBP)"	"1/395"	"41/7644"	0.887096757602611	0.996901400960148	0.953687438885643	"GPAM"	1
"M1"	"Pre-NOTCH Transcription and Translation"	"Pre-NOTCH Transcription and Translation"	"1/395"	"41/7644"	0.887096757602611	0.996901400960148	0.953687438885643	"MAMLD1"	1
"M1"	"Transcriptional activity of SMAD2/SMAD3:SMAD4 heterotrimer"	"Transcriptional activity of SMAD2/SMAD3:SMAD4 heterotrimer"	"1/395"	"41/7644"	0.887096757602611	0.996901400960148	0.953687438885643	"CDKN2B"	1
"M1"	"Amine ligand-binding receptors"	"Amine ligand-binding receptors"	"1/395"	"42/7644"	0.892962439668502	0.996901400960148	0.953687438885643	"HRH1"	1
"M1"	"Glucagon-like Peptide-1 (GLP1) regulates insulin secretion"	"Glucagon-like Peptide-1 (GLP1) regulates insulin secretion"	"1/395"	"42/7644"	0.892962439668502	0.996901400960148	0.953687438885643	"ITPR1"	1
"M1"	"Transcriptional regulation of pluripotent stem cells"	"Transcriptional regulation of pluripotent stem cells"	"1/395"	"42/7644"	0.892962439668502	0.996901400960148	0.953687438885643	"TSC22D1"	1
"M1"	"FBXW7 Mutants and NOTCH1 in Cancer"	"FBXW7 Mutants and NOTCH1 in Cancer"	"2/395"	"72/7644"	0.893183998912964	0.996901400960148	0.953687438885643	"DTX4/MAMLD1"	2
"M1"	"Signaling by NOTCH1"	"Signaling by NOTCH1"	"2/395"	"72/7644"	0.893183998912964	0.996901400960148	0.953687438885643	"DTX4/MAMLD1"	2
"M1"	"Signaling by NOTCH1 HD Domain Mutants in Cancer"	"Signaling by NOTCH1 HD Domain Mutants in Cancer"	"2/395"	"72/7644"	0.893183998912964	0.996901400960148	0.953687438885643	"DTX4/MAMLD1"	2
"M1"	"Signaling by NOTCH1 HD+PEST Domain Mutants in Cancer"	"Signaling by NOTCH1 HD+PEST Domain Mutants in Cancer"	"2/395"	"72/7644"	0.893183998912964	0.996901400960148	0.953687438885643	"DTX4/MAMLD1"	2
"M1"	"Signaling by NOTCH1 in Cancer"	"Signaling by NOTCH1 in Cancer"	"2/395"	"72/7644"	0.893183998912964	0.996901400960148	0.953687438885643	"DTX4/MAMLD1"	2
"M1"	"Signaling by NOTCH1 PEST Domain Mutants in Cancer"	"Signaling by NOTCH1 PEST Domain Mutants in Cancer"	"2/395"	"72/7644"	0.893183998912964	0.996901400960148	0.953687438885643	"DTX4/MAMLD1"	2
"M1"	"Signaling by NOTCH1 t(7;9)(NOTCH1:M1580_K2555) Translocation Mutant"	"Signaling by NOTCH1 t(7;9)(NOTCH1:M1580_K2555) Translocation Mutant"	"2/395"	"72/7644"	0.893183998912964	0.996901400960148	0.953687438885643	"DTX4/MAMLD1"	2
"M1"	"Signalling to ERKs"	"Signalling to ERKs"	"1/395"	"44/7644"	0.903797494299265	0.996901400960148	0.953687438885643	"SHC3"	1
"M1"	"Cellular responses to stress"	"Cellular responses to stress"	"9/395"	"249/7644"	0.90387562840772	0.996901400960148	0.953687438885643	"GPX3/ID1/SOD3/HIST1H1C/TNFRSF21/HMGA2/CDKN2B/CXCL8/CDKN2A"	9
"M1"	"Antigen activates B Cell Receptor (BCR) leading to generation of second messengers"	"Antigen activates B Cell Receptor (BCR) leading to generation of second messengers"	"1/395"	"45/7644"	0.908797492950817	0.996901400960148	0.953687438885643	"ITPR1"	1
"M1"	"NOTCH1 Intracellular Domain Regulates Transcription"	"NOTCH1 Intracellular Domain Regulates Transcription"	"1/395"	"47/7644"	0.918033165753078	0.996901400960148	0.953687438885643	"MAMLD1"	1
"M1"	"RIG-I/MDA5 mediated induction of IFN-alpha/beta pathways"	"RIG-I/MDA5 mediated induction of IFN-alpha/beta pathways"	"2/395"	"79/7644"	0.920839180746515	0.996901400960148	0.953687438885643	"AGER/S100B"	2
"M1"	"Programmed Cell Death"	"Programmed Cell Death"	"5/395"	"160/7644"	0.922429824948928	0.996901400960148	0.953687438885643	"DAPK2/HIST1H1C/SFN/PMAIP1/PKP1"	5
"M1"	"Cross-presentation of soluble exogenous antigens (endosomes)"	"Cross-presentation of soluble exogenous antigens (endosomes)"	"1/395"	"49/7644"	0.926335709986651	0.996901400960148	0.953687438885643	"MRC2"	1
"M1"	"GPVI-mediated activation cascade"	"GPVI-mediated activation cascade"	"1/395"	"49/7644"	0.926335709986651	0.996901400960148	0.953687438885643	"VAV3"	1
"M1"	"Signaling by Hedgehog"	"Signaling by Hedgehog"	"4/395"	"136/7644"	0.926817972436642	0.996901400960148	0.953687438885643	"CDON/ADCY1/SCUBE2/DZIP1"	4
"M1"	"Cytokine Signaling in Immune system"	"Cytokine Signaling in Immune system"	"11/395"	"308/7644"	0.929188823280224	0.996901400960148	0.953687438885643	"MT2A/ICAM1/IRS1/NOD1/GBP3/IL1RAP/PELI1/NCAM1/IL1RN/HLA-G/TRIM29"	11
"M1"	"Creation of C4 and C2 activators"	"Creation of C4 and C2 activators"	"1/395"	"50/7644"	0.930166835010387	0.996901400960148	0.953687438885643	"FCN3"	1
"M1"	"Regulation of ornithine decarboxylase (ODC)"	"Regulation of ornithine decarboxylase (ODC)"	"1/395"	"50/7644"	0.930166835010387	0.996901400960148	0.953687438885643	"NQO1"	1
"M1"	"AMER1 mutants destabilize the destruction complex"	"AMER1 mutants destabilize the destruction complex"	"2/395"	"82/7644"	0.930499519608892	0.996901400960148	0.953687438885643	"TCF7/TCF7L1"	2
"M1"	"APC truncation mutants are not K63 polyubiquitinated"	"APC truncation mutants are not K63 polyubiquitinated"	"2/395"	"82/7644"	0.930499519608892	0.996901400960148	0.953687438885643	"TCF7/TCF7L1"	2
"M1"	"APC truncation mutants have impaired AXIN binding"	"APC truncation mutants have impaired AXIN binding"	"2/395"	"82/7644"	0.930499519608892	0.996901400960148	0.953687438885643	"TCF7/TCF7L1"	2
"M1"	"AXIN missense mutants destabilize the destruction complex"	"AXIN missense mutants destabilize the destruction complex"	"2/395"	"82/7644"	0.930499519608892	0.996901400960148	0.953687438885643	"TCF7/TCF7L1"	2
"M1"	"AXIN mutants destabilize the destruction complex, activating WNT signaling"	"AXIN mutants destabilize the destruction complex, activating WNT signaling"	"2/395"	"82/7644"	0.930499519608892	0.996901400960148	0.953687438885643	"TCF7/TCF7L1"	2
"M1"	"Degradation of beta-catenin by the destruction complex"	"Degradation of beta-catenin by the destruction complex"	"2/395"	"82/7644"	0.930499519608892	0.996901400960148	0.953687438885643	"TCF7/TCF7L1"	2
"M1"	"deletions in the AMER1 gene destabilize the destruction complex"	"deletions in the AMER1 gene destabilize the destruction complex"	"2/395"	"82/7644"	0.930499519608892	0.996901400960148	0.953687438885643	"TCF7/TCF7L1"	2
"M1"	"deletions in the AXIN genes in hepatocellular carcinoma result in elevated WNT signaling"	"deletions in the AXIN genes in hepatocellular carcinoma result in elevated WNT signaling"	"2/395"	"82/7644"	0.930499519608892	0.996901400960148	0.953687438885643	"TCF7/TCF7L1"	2
"M1"	"misspliced GSK3beta mutants stabilize beta-catenin"	"misspliced GSK3beta mutants stabilize beta-catenin"	"2/395"	"82/7644"	0.930499519608892	0.996901400960148	0.953687438885643	"TCF7/TCF7L1"	2
"M1"	"phosphorylation site mutants of CTNNB1 are not targeted to the proteasome by the destruction complex"	"phosphorylation site mutants of CTNNB1 are not targeted to the proteasome by the destruction complex"	"2/395"	"82/7644"	0.930499519608892	0.996901400960148	0.953687438885643	"TCF7/TCF7L1"	2
"M1"	"S33 mutants of beta-catenin aren't phosphorylated"	"S33 mutants of beta-catenin aren't phosphorylated"	"2/395"	"82/7644"	0.930499519608892	0.996901400960148	0.953687438885643	"TCF7/TCF7L1"	2
"M1"	"S37 mutants of beta-catenin aren't phosphorylated"	"S37 mutants of beta-catenin aren't phosphorylated"	"2/395"	"82/7644"	0.930499519608892	0.996901400960148	0.953687438885643	"TCF7/TCF7L1"	2
"M1"	"S45 mutants of beta-catenin aren't phosphorylated"	"S45 mutants of beta-catenin aren't phosphorylated"	"2/395"	"82/7644"	0.930499519608892	0.996901400960148	0.953687438885643	"TCF7/TCF7L1"	2
"M1"	"T41 mutants of beta-catenin aren't phosphorylated"	"T41 mutants of beta-catenin aren't phosphorylated"	"2/395"	"82/7644"	0.930499519608892	0.996901400960148	0.953687438885643	"TCF7/TCF7L1"	2
"M1"	"TCF7L2 mutants don't bind CTBP"	"TCF7L2 mutants don't bind CTBP"	"2/395"	"82/7644"	0.930499519608892	0.996901400960148	0.953687438885643	"TCF7/TCF7L1"	2
"M1"	"truncated APC mutants destabilize the destruction complex"	"truncated APC mutants destabilize the destruction complex"	"2/395"	"82/7644"	0.930499519608892	0.996901400960148	0.953687438885643	"TCF7/TCF7L1"	2
"M1"	"truncations of AMER1 destabilize the destruction complex"	"truncations of AMER1 destabilize the destruction complex"	"2/395"	"82/7644"	0.930499519608892	0.996901400960148	0.953687438885643	"TCF7/TCF7L1"	2
"M1"	"Cellular response to heat stress"	"Cellular response to heat stress"	"1/395"	"51/7644"	0.933799189523278	0.996901400960148	0.953687438885643	"TNFRSF21"	1
"M1"	"Nucleotide-binding domain, leucine rich repeat containing receptor (NLR) signaling pathways"	"Nucleotide-binding domain, leucine rich repeat containing receptor (NLR) signaling pathways"	"1/395"	"51/7644"	0.933799189523278	0.996901400960148	0.953687438885643	"NOD1"	1
"M1"	"PI Metabolism"	"PI Metabolism"	"1/395"	"51/7644"	0.933799189523278	0.996901400960148	0.953687438885643	"INPP5J"	1
"M1"	"Mitochondrial protein import"	"Mitochondrial protein import"	"1/395"	"52/7644"	0.93724306152885	0.996901400960148	0.953687438885643	"LDHD"	1
"M1"	"Hedgehog 'on' state"	"Hedgehog 'on' state"	"2/395"	"85/7644"	0.939039432213414	0.996901400960148	0.953687438885643	"CDON/DZIP1"	2
"M1"	"IRS-mediated signalling"	"IRS-mediated signalling"	"2/395"	"85/7644"	0.939039432213414	0.996901400960148	0.953687438885643	"IRS1/TRIB3"	2
"M1"	"Meiosis"	"Meiosis"	"2/395"	"85/7644"	0.939039432213414	0.996901400960148	0.953687438885643	"SYNE1/REC8"	2
"M1"	"Regulation of cholesterol biosynthesis by SREBP (SREBF)"	"Regulation of cholesterol biosynthesis by SREBP (SREBF)"	"1/395"	"54/7644"	0.943603881375789	0.996901400960148	0.953687438885643	"GPAM"	1
"M1"	"Signaling by Insulin receptor"	"Signaling by Insulin receptor"	"3/395"	"116/7644"	0.94370183227196	0.996901400960148	0.953687438885643	"IRS1/TRIB3/SHC3"	3
"M1"	"Downstream signaling events of B Cell Receptor (BCR)"	"Downstream signaling events of B Cell Receptor (BCR)"	"5/395"	"170/7644"	0.943966988576397	0.996901400960148	0.953687438885643	"ERBB3/IRS1/KIT/TRIB3/ERBB4"	5
"M1"	"Interferon Signaling"	"Interferon Signaling"	"6/395"	"196/7644"	0.944561378545209	0.996901400960148	0.953687438885643	"MT2A/ICAM1/GBP3/NCAM1/HLA-G/TRIM29"	6
"M1"	"IRS-related events"	"IRS-related events"	"2/395"	"88/7644"	0.946578504669278	0.996901400960148	0.953687438885643	"IRS1/TRIB3"	2
"M1"	"IRS-related events triggered by IGF1R"	"IRS-related events triggered by IGF1R"	"2/395"	"89/7644"	0.948888218032224	0.996901400960148	0.953687438885643	"IRS1/TRIB3"	2
"M1"	"degradation of DVL"	"degradation of DVL"	"1/395"	"56/7644"	0.949321457244603	0.996901400960148	0.953687438885643	"DACT1"	1
"M1"	"Fcgamma receptor (FCGR) dependent phagocytosis"	"Fcgamma receptor (FCGR) dependent phagocytosis"	"3/395"	"119/7644"	0.949938464427616	0.996901400960148	0.953687438885643	"ITPR1/ELMO1/VAV3"	3
"M1"	"Constitutive Signaling by NOTCH1 HD+PEST Domain Mutants"	"Constitutive Signaling by NOTCH1 HD+PEST Domain Mutants"	"1/395"	"57/7644"	0.951959573268375	0.996901400960148	0.953687438885643	"MAMLD1"	1
"M1"	"Constitutive Signaling by NOTCH1 PEST Domain Mutants"	"Constitutive Signaling by NOTCH1 PEST Domain Mutants"	"1/395"	"57/7644"	0.951959573268375	0.996901400960148	0.953687438885643	"MAMLD1"	1
"M1"	"Apoptosis"	"Apoptosis"	"4/395"	"148/7644"	0.952148958637825	0.996901400960148	0.953687438885643	"HIST1H1C/SFN/PMAIP1/PKP1"	4
"M1"	"Oxidative Stress Induced Senescence"	"Oxidative Stress Induced Senescence"	"2/395"	"91/7644"	0.953225491254527	0.996901400960148	0.953687438885643	"CDKN2B/CDKN2A"	2
"M1"	"Regulation of actin dynamics for phagocytic cup formation"	"Regulation of actin dynamics for phagocytic cup formation"	"2/395"	"95/7644"	0.960869324678541	0.996901400960148	0.953687438885643	"ELMO1/VAV3"	2
"M1"	"Role of phospholipids in phagocytosis"	"Role of phospholipids in phagocytosis"	"1/395"	"62/7644"	0.963231714561672	0.996901400960148	0.953687438885643	"ITPR1"	1
"M1"	"Signaling by the B Cell Receptor (BCR)"	"Signaling by the B Cell Receptor (BCR)"	"6/395"	"209/7644"	0.963342501950433	0.996901400960148	0.953687438885643	"ERBB3/IRS1/ITPR1/KIT/TRIB3/ERBB4"	6
"M1"	"ER-Phagosome pathway"	"ER-Phagosome pathway"	"1/395"	"64/7644"	0.966963201116299	0.996901400960148	0.953687438885643	"HLA-G"	1
"M1"	"Hedgehog ligand biogenesis"	"Hedgehog ligand biogenesis"	"1/395"	"64/7644"	0.966963201116299	0.996901400960148	0.953687438885643	"SCUBE2"	1
"M1"	"Processing-defective Hh variants abrogate ligand secretion"	"Processing-defective Hh variants abrogate ligand secretion"	"1/395"	"64/7644"	0.966963201116299	0.996901400960148	0.953687438885643	"SCUBE2"	1
"M1"	"Regulatory RNA pathways"	"Regulatory RNA pathways"	"2/395"	"100/7644"	0.968751786181117	0.996901400960148	0.953687438885643	"TDRD9/TDRD6"	2
"M1"	"Membrane Trafficking"	"Membrane Trafficking"	"5/395"	"190/7644"	0.971681829741215	0.996901400960148	0.953687438885643	"SFN/GJB3/GJC2/SLC2A4/GJB6"	5
"M1"	"Interferon alpha/beta signaling"	"Interferon alpha/beta signaling"	"1/395"	"67/7644"	0.971864074300219	0.996901400960148	0.953687438885643	"HLA-G"	1
"M1"	"Latent infection of Homo sapiens with Mycobacterium tuberculosis"	"Latent infection of Homo sapiens with Mycobacterium tuberculosis"	"1/395"	"68/7644"	0.973330840916481	0.996901400960148	0.953687438885643	"LTF"	1
"M1"	"Loss of Function of SMAD2/3 in Cancer"	"Loss of Function of SMAD2/3 in Cancer"	"1/395"	"70/7644"	0.976039488234525	0.996901400960148	0.953687438885643	"CDKN2B"	1
"M1"	"Loss of Function of SMAD4 in Cancer"	"Loss of Function of SMAD4 in Cancer"	"1/395"	"70/7644"	0.976039488234525	0.996901400960148	0.953687438885643	"CDKN2B"	1
"M1"	"Loss of Function of TGFBR1 in Cancer"	"Loss of Function of TGFBR1 in Cancer"	"1/395"	"70/7644"	0.976039488234525	0.996901400960148	0.953687438885643	"CDKN2B"	1
"M1"	"Loss of Function of TGFBR2 in Cancer"	"Loss of Function of TGFBR2 in Cancer"	"1/395"	"70/7644"	0.976039488234525	0.996901400960148	0.953687438885643	"CDKN2B"	1
"M1"	"Signaling by TGF-beta Receptor Complex"	"Signaling by TGF-beta Receptor Complex"	"1/395"	"70/7644"	0.976039488234525	0.996901400960148	0.953687438885643	"CDKN2B"	1
"M1"	"Signaling by TGF-beta Receptor Complex in Cancer"	"Signaling by TGF-beta Receptor Complex in Cancer"	"1/395"	"70/7644"	0.976039488234525	0.996901400960148	0.953687438885643	"CDKN2B"	1
"M1"	"SMAD2/3 MH2 Domain Mutants in Cancer"	"SMAD2/3 MH2 Domain Mutants in Cancer"	"1/395"	"70/7644"	0.976039488234525	0.996901400960148	0.953687438885643	"CDKN2B"	1
"M1"	"SMAD2/3 Phosphorylation Motif Mutants in Cancer"	"SMAD2/3 Phosphorylation Motif Mutants in Cancer"	"1/395"	"70/7644"	0.976039488234525	0.996901400960148	0.953687438885643	"CDKN2B"	1
"M1"	"SMAD4 MH2 Domain Mutants in Cancer"	"SMAD4 MH2 Domain Mutants in Cancer"	"1/395"	"70/7644"	0.976039488234525	0.996901400960148	0.953687438885643	"CDKN2B"	1
"M1"	"TGFBR1 KD Mutants in Cancer"	"TGFBR1 KD Mutants in Cancer"	"1/395"	"70/7644"	0.976039488234525	0.996901400960148	0.953687438885643	"CDKN2B"	1
"M1"	"TGFBR1 LBD Mutants in Cancer"	"TGFBR1 LBD Mutants in Cancer"	"1/395"	"70/7644"	0.976039488234525	0.996901400960148	0.953687438885643	"CDKN2B"	1
"M1"	"TGFBR2 Kinase Domain Mutants in Cancer"	"TGFBR2 Kinase Domain Mutants in Cancer"	"1/395"	"70/7644"	0.976039488234525	0.996901400960148	0.953687438885643	"CDKN2B"	1
"M1"	"TGFBR2 MSI Frameshift Mutants in Cancer"	"TGFBR2 MSI Frameshift Mutants in Cancer"	"1/395"	"70/7644"	0.976039488234525	0.996901400960148	0.953687438885643	"CDKN2B"	1
"M1"	"Costimulation by the CD28 family"	"Costimulation by the CD28 family"	"1/395"	"73/7644"	0.979596598278788	0.998996622523223	0.95569183619561	"TRIB3"	1
"M1"	"Immunoregulatory interactions between a Lymphoid and a non-Lymphoid cell"	"Immunoregulatory interactions between a Lymphoid and a non-Lymphoid cell"	"2/395"	"111/7644"	0.981077400594556	0.998996622523223	0.95569183619561	"ICAM1/HLA-G"	2
"M1"	"FCERI mediated MAPK activation"	"FCERI mediated MAPK activation"	"1/395"	"77/7644"	0.983533535403251	0.999975585387196	0.95662836270225	"VAV3"	1
"M1"	"Unfolded Protein Response (UPR)"	"Unfolded Protein Response (UPR)"	"1/395"	"82/7644"	0.987406354127017	0.999999999282067	0.956651718296746	"CXCL8"	1
"M1"	"Epigenetic regulation of gene expression"	"Epigenetic regulation of gene expression"	"1/395"	"94/7644"	0.993387721605259	0.999999999282067	0.956651718296746	"UHRF1"	1
"M1"	"Mitotic G1-G1/S phases"	"Mitotic G1-G1/S phases"	"2/395"	"135/7644"	0.993833237377538	0.999999999282067	0.956651718296746	"CDKN2B/CDKN2A"	2
"M1"	"Hedgehog 'off' state"	"Hedgehog 'off' state"	"1/395"	"99/7644"	0.994946028440226	0.999999999282067	0.956651718296746	"ADCY1"	1
"M1"	"Class I MHC mediated antigen processing & presentation"	"Class I MHC mediated antigen processing & presentation"	"5/395"	"255/7644"	0.997553820526538	0.999999999282067	0.956651718296746	"MRC2/FBXO2/CD36/ZBTB16/HLA-G"	5
"M1"	"Generic Transcription Pathway"	"Generic Transcription Pathway"	"12/395"	"483/7644"	0.999124617847037	0.999999999282067	0.956651718296746	"ZNF486/RXRG/NR1D1/ZNF714/MAMLD1/RUNX2/ESR1/CDKN2B/AR/PPARG/ESRRG/PGR"	12
"M1"	"Host Interactions of HIV factors"	"Host Interactions of HIV factors"	"1/395"	"135/7644"	0.999274048377584	0.999999999282067	0.956651718296746	"ELMO1"	1
"M1"	"Antigen processing: Ubiquitination & Proteasome degradation"	"Antigen processing: Ubiquitination & Proteasome degradation"	"2/395"	"211/7644"	0.999849794469884	0.999999999282067	0.956651718296746	"FBXO2/ZBTB16"	2
"M1"	"HIV Infection"	"HIV Infection"	"1/395"	"227/7644"	0.999995121645708	0.999999999282067	0.956651718296746	"ELMO1"	1
"M1"	"Organelle biogenesis and maintenance"	"Organelle biogenesis and maintenance"	"2/395"	"324/7644"	0.999999546157479	0.999999999282067	0.956651718296746	"NR1D1/PPARGC1A"	2
"M1"	"Cell Cycle, Mitotic"	"Cell Cycle, Mitotic"	"2/395"	"445/7644"	0.999999999282067	0.999999999282067	0.956651718296746	"CDKN2B/CDKN2A"	2
"M2"	"Translocation of ZAP-70 to Immunological synapse"	"Translocation of ZAP-70 to Immunological synapse"	"14/238"	"23/7644"	3.50918629906226e-16	2.14060364242798e-13	2.06857297628933e-13	"HLA-DRA/HLA-DRB1/HLA-DPA1/HLA-DPB1/HLA-DQB1/HLA-DRB5/HLA-DQA1/HLA-DQB2/HLA-DQA2/CD3E/LCK/ZAP70/CD247/CD3D"	14
"M2"	"Phosphorylation of CD3 and TCR zeta chains"	"Phosphorylation of CD3 and TCR zeta chains"	"14/238"	"25/7644"	1.81064849770778e-15	5.52247791800872e-13	5.33664820377029e-13	"HLA-DRA/HLA-DRB1/HLA-DPA1/HLA-DPB1/HLA-DQB1/HLA-DRB5/HLA-DQA1/PTPRC/HLA-DQB2/HLA-DQA2/CD3E/LCK/CD247/CD3D"	14
"M2"	"PD-1 signaling"	"PD-1 signaling"	"14/238"	"28/7644"	1.49927436122609e-14	3.04852453449304e-12	2.94594260451441e-12	"HLA-DRA/HLA-DRB1/HLA-DPA1/HLA-DPB1/HLA-DQB1/HLA-DRB5/HLA-DQA1/HLA-DQB2/HLA-DQA2/CD274/CD3E/LCK/CD247/CD3D"	14
"M2"	"Generation of second messenger molecules"	"Generation of second messenger molecules"	"15/238"	"37/7644"	8.22543781336704e-14	1.25437926653847e-11	1.21216978302251e-11	"HLA-DRA/HLA-DRB1/HLA-DPA1/HLA-DPB1/HLA-DQB1/HLA-DRB5/HLA-DQA1/HLA-DQB2/HLA-DQA2/CD3E/WAS/LCK/ZAP70/CD247/CD3D"	15
"M2"	"Interferon gamma signaling"	"Interferon gamma signaling"	"20/238"	"92/7644"	3.76589357604836e-12	4.594390162779e-10	4.43979032123596e-10	"HLA-DRA/HLA-DRB1/STAT1/HLA-DPA1/HLA-DPB1/HLA-DQB1/GBP2/HLA-DRB5/HLA-DQA1/HLA-F/GBP4/HLA-DQB2/CIITA/VCAM1/HLA-DQA2/PTAFR/IRF8/GBP5/OASL/IRF4"	20
"M2"	"TCR signaling"	"TCR signaling"	"17/238"	"64/7644"	5.15045569073368e-12	5.23629661891257e-10	5.06009681896642e-10	"HLA-DRA/HLA-DRB1/HLA-DPA1/HLA-DPB1/HLA-DQB1/HLA-DRB5/HLA-DQA1/PTPRC/HLA-DQB2/HLA-DQA2/CARD11/CD3E/WAS/LCK/ZAP70/CD247/CD3D"	17
"M2"	"Downstream TCR signaling"	"Downstream TCR signaling"	"14/238"	"46/7644"	5.43750791820161e-11	4.73839975728997e-09	4.5789540363803e-09	"HLA-DRA/HLA-DRB1/HLA-DPA1/HLA-DPB1/HLA-DQB1/HLA-DRB5/HLA-DQA1/HLA-DQB2/HLA-DQA2/CARD11/CD3E/LCK/CD247/CD3D"	14
"M2"	"Cell surface interactions at the vascular wall"	"Cell surface interactions at the vascular wall"	"19/238"	"99/7644"	1.3436175905562e-10	1.0245084127991e-08	9.90034014094042e-09	"ITGB2/FCER1G/SELPLG/SELL/ITGAX/SLC7A11/SLC7A5/ITGAM/OLR1/SELP/ITGAL/SPN/CD84/CD2/CD48/ITGA4/LCK/DOK2/CEACAM1"	19
"M2"	"Cytokine Signaling in Immune system"	"Cytokine Signaling in Immune system"	"33/238"	"308/7644"	3.16064805157803e-10	2.14221701273622e-08	2.07013205717391e-08	"HLA-DRA/HLA-DRB1/STAT1/HLA-DPA1/HLA-DPB1/HLA-DQB1/GBP2/HLA-DRB5/HLA-DQA1/HLA-F/GBP4/BST2/HLA-DQB2/CIITA/VCAM1/HLA-DQA2/JAK3/IL18/PTAFR/IL2RB/IL2RG/HCK/CSF2RB/IRF8/IL7R/VAV1/XAF1/GBP5/LCK/CSF2RA/OASL/IRF4/IL1B"	33
"M2"	"Costimulation by the CD28 family"	"Costimulation by the CD28 family"	"16/238"	"73/7644"	5.11775518397479e-10	3.12183066222462e-08	3.01678200318514e-08	"HLA-DRA/HLA-DRB1/HLA-DPA1/HLA-DPB1/HLA-DQB1/HLA-DRB5/HLA-DQA1/HLA-DQB2/HLA-DQA2/CD274/CD3E/CD86/VAV1/LCK/CD247/CD3D"	16
"M2"	"Immunoregulatory interactions between a Lymphoid and a non-Lymphoid cell"	"Immunoregulatory interactions between a Lymphoid and a non-Lymphoid cell"	"19/238"	"111/7644"	1.04648860916154e-09	5.80325501444126e-08	5.6079772356982e-08	"C3/HLA-F/ITGB2/TYROBP/FCGR3A/VCAM1/SELL/ITGAL/LILRB4/CD8A/CD3E/ITGB7/ITGA4/FCGR2B/CD247/LILRB1/LILRB2/HCST/CD3D"	19
"M2"	"Chemokine receptors bind chemokines"	"Chemokine receptors bind chemokines"	"13/238"	"55/7644"	8.46340565190756e-09	4.30223120638635e-07	4.15746242549845e-07	"CXCL12/CXCR4/CXCL9/CCL5/CCL2/CX3CR1/CCR1/CXCL10/CCL4/CCR5/CCL3/CXCR6/CCR2"	13
"M2"	"Hemostasis"	"Hemostasis"	"40/238"	"497/7644"	1.85509466666946e-08	8.70467497437208e-07	8.41176529016111e-07	"SERPING1/ITGB2/LRP8/RAC2/F13A1/FCER1G/SELPLG/JAK3/SELL/PLEK/ITGAX/IL2RB/SLC7A11/SLC7A5/IL2RG/ITGAM/OLR1/DOCK2/SELP/ITGAL/SPN/CSF2RB/CD84/APBB1IP/PRKCB/CD2/PIK3R5/CD48/KCNMA1/GNA15/VAV1/ITGA4/LCK/CSF2RA/DOK2/PLA2G4A/CEACAM1/PIK3CG/RASGRP1/KIF20A"	40
"M2"	"MHC class II antigen presentation"	"MHC class II antigen presentation"	"16/238"	"103/7644"	9.46756538184429e-08	4.12515348780358e-06	3.98634331867128e-06	"CD74/HLA-DRA/HLA-DRB1/HLA-DPA1/HLA-DPB1/HLA-DQB1/HLA-DRB5/HLA-DMA/HLA-DQA1/HLA-DOA/HLA-DQB2/CTSK/HLA-DQA2/CTSE/HLA-DOB/KIF20A"	16
"M2"	"Interferon Signaling"	"Interferon Signaling"	"22/238"	"196/7644"	1.54431654659364e-07	6.28022062281412e-06	6.06889309538552e-06	"HLA-DRA/HLA-DRB1/STAT1/HLA-DPA1/HLA-DPB1/HLA-DQB1/GBP2/HLA-DRB5/HLA-DQA1/HLA-F/GBP4/BST2/HLA-DQB2/CIITA/VCAM1/HLA-DQA2/PTAFR/IRF8/XAF1/GBP5/OASL/IRF4"	22
"M2"	"GPVI-mediated activation cascade"	"GPVI-mediated activation cascade"	"11/238"	"49/7644"	2.16817855819733e-07	8.26618075312731e-06	7.98802626704278e-06	"RAC2/FCER1G/JAK3/IL2RB/IL2RG/CSF2RB/PIK3R5/VAV1/LCK/CSF2RA/PIK3CG"	11
"M2"	"Peptide ligand-binding receptors"	"Peptide ligand-binding receptors"	"21/238"	"190/7644"	3.89820644767496e-07	1.3858511077852e-05	1.33921763651374e-05	"C3/CXCL12/NMB/CXCR4/CXCL9/CCL5/CCL2/ACKR1/C3AR1/FPR3/C5AR1/CX3CR1/CCR1/CXCL10/CCL4/CCR5/FPR1/CCL3/APLN/CXCR6/CCR2"	21
"M2"	"Class A/1 (Rhodopsin-like receptors)"	"Class A/1 (Rhodopsin-like receptors)"	"28/238"	"314/7644"	4.08939671149732e-07	1.3858511077852e-05	1.33921763651374e-05	"C3/CXCL12/NMB/CXCR4/CXCL9/CCL5/PTAFR/CCL2/ACKR1/C3AR1/PTGER4/FPR3/C5AR1/CX3CR1/CCR1/CXCL10/P2RY13/GPR132/CHRM3/CCL4/CCR5/FPR1/CCL3/APLN/GPR65/CXCR6/CCR2/GPR68"	28
"M2"	"Platelet activation, signaling and aggregation"	"Platelet activation, signaling and aggregation"	"20/238"	"221/7644"	1.63801201466938e-05	0.000503570644410439	0.000486625644296542	"SERPING1/RAC2/F13A1/FCER1G/JAK3/PLEK/IL2RB/IL2RG/SELP/CSF2RB/APBB1IP/PRKCB/PIK3R5/GNA15/VAV1/LCK/CSF2RA/PLA2G4A/PIK3CG/RASGRP1"	20
"M2"	"Other semaphorin interactions"	"Other semaphorin interactions"	"6/238"	"19/7644"	1.65105129314898e-05	0.000503570644410439	0.000486625644296542	"TYROBP/PTPRC/PLXNA4/SEMA6D/TREM2/SEMA7A"	6
"M2"	"Defective ACTH causes Obesity and Pro-opiomelanocortinin deficiency (POMCD)"	"Defective ACTH causes Obesity and Pro-opiomelanocortinin deficiency (POMCD)"	"29/238"	"441/7644"	9.76670186400357e-05	0.0027080400622919	0.00261691533198182	"C3/CXCL12/NMB/CXCR4/CXCL9/CCL5/PTAFR/CCL2/ACKR1/C3AR1/PTGER4/FPR3/C5AR1/CX3CR1/CCR1/CXCL10/P2RY13/GPR132/CHRM3/CCL4/CCR5/FPR1/CCL3/APLN/GPR65/CXCR6/TAS1R3/CCR2/GPR68"	29
"M2"	"GPCR ligand binding"	"GPCR ligand binding"	"29/238"	"441/7644"	9.76670186400357e-05	0.0027080400622919	0.00261691533198182	"C3/CXCL12/NMB/CXCR4/CXCL9/CCL5/PTAFR/CCL2/ACKR1/C3AR1/PTGER4/FPR3/C5AR1/CX3CR1/CCR1/CXCL10/P2RY13/GPR132/CHRM3/CCL4/CCR5/FPR1/CCL3/APLN/GPR65/CXCR6/TAS1R3/CCR2/GPR68"	29
"M2"	"Signaling by Interleukins"	"Signaling by Interleukins"	"12/238"	"109/7644"	0.000135789055261219	0.00360136190040625	0.00348017716001294	"STAT1/JAK3/IL18/IL2RB/IL2RG/HCK/CSF2RB/IL7R/VAV1/LCK/CSF2RA/IL1B"	12
"M2"	"Initial triggering of complement"	"Initial triggering of complement"	"8/238"	"57/7644"	0.000346877233883339	0.00881646302786819	0.00851979170941534	"C3/C1QA/C1R/C1QB/C1QC/CFB/C2/FCN1"	8
"M2"	"G alpha (i) signalling events"	"G alpha (i) signalling events"	"18/238"	"236/7644"	0.00038666472659014	0.00943461932879943	0.00911714723749384	"C3/RGS1/CXCL12/CXCR4/CXCL9/CCL5/C3AR1/FPR3/C5AR1/CCR1/CXCL10/P2RY13/ADCY7/CCR5/FPR1/APLN/CXCR6/CCR2"	18
"M2"	"Interleukin-3, 5 and GM-CSF signaling"	"Interleukin-3, 5 and GM-CSF signaling"	"7/238"	"45/7644"	0.000428905757722072	0.0100627889311717	0.00972417912244373	"JAK3/IL2RB/IL2RG/HCK/CSF2RB/VAV1/CSF2RA"	7
"M2"	"Complement cascade"	"Complement cascade"	"9/238"	"75/7644"	0.000494786867225309	0.0111785181113866	0.0108023643526773	"C3/C1QA/C1R/C1QB/C1QC/C7/CFB/C2/FCN1"	9
"M2"	"G beta:gamma signalling through PI3Kgamma"	"G beta:gamma signalling through PI3Kgamma"	"7/238"	"48/7644"	0.000642838652173375	0.0140046992080628	0.0135334453089132	"JAK3/IL2RB/IL2RG/CSF2RB/PIK3R5/CSF2RA/PIK3CG"	7
"M2"	"G-protein beta:gamma signalling"	"G-protein beta:gamma signalling"	"7/238"	"51/7644"	0.00093382089920762	0.0192725418848732	0.0186240266704556	"JAK3/IL2RB/IL2RG/CSF2RB/PIK3R5/CSF2RA/PIK3CG"	7
"M2"	"Integrin cell surface interactions"	"Integrin cell surface interactions"	"8/238"	"66/7644"	0.000947829928764257	0.0192725418848732	0.0186240266704556	"ITGB2/SPP1/VCAM1/ITGAX/ITGAM/ITGAL/ITGB7/ITGA4"	8
"M2"	"Interferon alpha/beta signaling"	"Interferon alpha/beta signaling"	"8/238"	"67/7644"	0.00104799919218149	0.0199774846009597	0.0193052482770275	"STAT1/GBP2/HLA-F/BST2/IRF8/XAF1/OASL/IRF4"	8
"M2"	"Semaphorin interactions"	"Semaphorin interactions"	"8/238"	"67/7644"	0.00104799919218149	0.0199774846009597	0.0193052482770275	"TYROBP/PTPRC/RAC2/PLXNA4/SEMA6D/TREM2/SEMA7A/SEMA3A"	8
"M2"	"Interleukin receptor SHC signaling"	"Interleukin receptor SHC signaling"	"5/238"	"28/7644"	0.00153348301033879	0.028346201100202	0.0273923599932927	"JAK3/IL2RB/IL2RG/CSF2RB/CSF2RA"	5
"M2"	"Interleukin-2 signaling"	"Interleukin-2 signaling"	"6/238"	"47/7644"	0.00315207994312719	0.0565520225090467	0.0546490640294498	"JAK3/IL2RB/IL2RG/CSF2RB/LCK/CSF2RA"	6
"M2"	"Interleukin-7 signaling"	"Interleukin-7 signaling"	"3/238"	"11/7644"	0.0040858031684342	0.0712097123641389	0.0688135270473129	"JAK3/IL2RG/IL7R"	3
"M2"	"Regulation of Complement cascade"	"Regulation of Complement cascade"	"4/238"	"23/7644"	0.0050893668894635	0.0862364945159093	0.083334662517531	"C3/C7/CFB/C2"	4
"M2"	"CD28 dependent Vav1 pathway"	"CD28 dependent Vav1 pathway"	"3/238"	"12/7644"	0.00532358761489929	0.0877672552726641	0.0848139136370869	"CD86/VAV1/LCK"	3
"M2"	"Synthesis of Prostaglandins (PG) and Thromboxanes (TX)"	"Synthesis of Prostaglandins (PG) and Thromboxanes (TX)"	"3/238"	"14/7644"	0.00841215138044625	0.135037166896637	0.130493207009692	"PTGDS/HPGDS/PTGES"	3
"M2"	"The role of Nef in HIV-1 replication and disease pathogenesis"	"The role of Nef in HIV-1 replication and disease pathogenesis"	"4/238"	"29/7644"	0.011801167563237	0.18458236445063	0.178371223627874	"DOCK2/HCK/LCK/CD247"	4
"M2"	"Antigen activates B Cell Receptor (BCR) leading to generation of second messengers"	"Antigen activates B Cell Receptor (BCR) leading to generation of second messengers"	"5/238"	"45/7644"	0.0124252723806322	0.189485403804642	0.183109277188265	"VAV1/CD79B/BTK/DAPP1/CD79A"	5
"M2"	"Signaling by the B Cell Receptor (BCR)"	"Signaling by the B Cell Receptor (BCR)"	"13/238"	"209/7644"	0.0133877464281937	0.199183544419467	0.192481078300089	"PSMB9/NRG1/FGFR3/CARD11/PRKCB/CD86/VAV1/CD79B/LCK/BTK/RASGRP1/DAPP1/CD79A"	13
"M2"	"Arachidonic acid metabolism"	"Arachidonic acid metabolism"	"5/238"	"50/7644"	0.0190205412945087	0.269826283480239	0.260746710524476	"ALOX5AP/PTGDS/PLA2G4A/HPGDS/PTGES"	5
"M2"	"Creation of C4 and C2 activators"	"Creation of C4 and C2 activators"	"5/238"	"50/7644"	0.0190205412945087	0.269826283480239	0.260746710524476	"C1QA/C1R/C1QB/C1QC/FCN1"	5
"M2"	"Phagosomal maturation (early endosomal stage)"	"Phagosomal maturation (early endosomal stage)"	"4/238"	"38/7644"	0.029535732169016	0.409472650524995	0.39569401948921	"CYBB/NCF2/NCF4/ATP6V1G2"	4
"M2"	"Acetylcholine regulates insulin secretion"	"Acetylcholine regulates insulin secretion"	"2/238"	"10/7644"	0.036840840964587	0.499398066408846	0.482593472284649	"GNA15/CHRM3"	2
"M2"	"Antigen processing-Cross presentation"	"Antigen processing-Cross presentation"	"6/238"	"81/7644"	0.0399676697254891	0.530006055055399	0.512171511356382	"HLA-F/PSMB9/CYBB/MRC1/NCF2/NCF4"	6
"M2"	"Basigin interactions"	"Basigin interactions"	"3/238"	"25/7644"	0.0413836093463851	0.537106419176487	0.519032950368995	"SLC7A11/SLC7A5/SPN"	3
"M2"	"PLC beta mediated events"	"PLC beta mediated events"	"4/238"	"43/7644"	0.0438273320376877	0.556972344645615	0.538230393445288	"PLCB4/GNAO1/ADCY7/PLA2G4A"	4
"M2"	"Classical antibody-mediated complement activation"	"Classical antibody-mediated complement activation"	"4/238"	"44/7644"	0.0470776201290126	0.574346965573954	0.555020363626254	"C1QA/C1R/C1QB/C1QC"	4
"M2"	"G-protein mediated events"	"G-protein mediated events"	"4/238"	"44/7644"	0.0470776201290126	0.574346965573954	0.555020363626254	"PLCB4/GNAO1/ADCY7/PLA2G4A"	4
"M2"	"Binding and entry of HIV virion"	"Binding and entry of HIV virion"	"2/238"	"12/7644"	0.0518789683801653	0.61686135506687	0.596104156751419	"CXCR4/CCR5"	2
"M2"	"DAP12 interactions"	"DAP12 interactions"	"10/238"	"179/7644"	0.052584902399143	0.61686135506687	0.596104156751419	"TYROBP/NRG1/FGFR3/TREM2/CD86/VAV1/LCK/ADCY7/BTK/CLEC5A"	10
"M2"	"The NLRP3 inflammasome"	"The NLRP3 inflammasome"	"2/238"	"13/7644"	0.0600818365939043	0.67885889892731	0.656015501983251	"PSTPIP1/NLRP3"	2
"M2"	"Interaction between L1 and Ankyrins"	"Interaction between L1 and Ankyrins"	"3/238"	"29/7644"	0.0600957058066799	0.67885889892731	0.656015501983251	"SCN4A/SPTBN4/SCN3B"	3
"M2"	"Amino acid and oligopeptide SLC transporters"	"Amino acid and oligopeptide SLC transporters"	"4/238"	"49/7644"	0.0652729931561619	0.718743879477498	0.69455836498257	"SLC7A11/SLC7A5/SLC16A10/SLC1A3"	4
"M2"	"SEMA3A-Plexin repulsion signaling by inhibiting Integrin adhesion"	"SEMA3A-Plexin repulsion signaling by inhibiting Integrin adhesion"	"2/238"	"14/7644"	0.0686934507961473	0.718743879477498	0.69455836498257	"PLXNA4/SEMA3A"	2
"M2"	"FCGR activation"	"FCGR activation"	"4/238"	"50/7644"	0.0692949454919578	0.718743879477498	0.69455836498257	"FCGR3A/FCGR2A/HCK/CD247"	4
"M2"	"DAP12 signaling"	"DAP12 signaling"	"9/238"	"164/7644"	0.0699171313930957	0.718743879477498	0.69455836498257	"TYROBP/NRG1/FGFR3/TREM2/CD86/VAV1/LCK/ADCY7/BTK"	9
"M2"	"G alpha (q) signalling events"	"G alpha (q) signalling events"	"10/238"	"189/7644"	0.0705168209365785	0.718743879477498	0.69455836498257	"PLCB4/NMB/PTAFR/RGS2/GNA15/GPR132/CHRM3/GPR65/RASGRP1/GPR68"	10
"M2"	"Amino acid transport across the plasma membrane"	"Amino acid transport across the plasma membrane"	"3/238"	"31/7644"	0.0706961192928687	0.718743879477498	0.69455836498257	"SLC7A11/SLC7A5/SLC16A10"	3
"M2"	"Regulation of actin dynamics for phagocytic cup formation"	"Regulation of actin dynamics for phagocytic cup formation"	"6/238"	"95/7644"	0.0753095954126089	0.750030270171279	0.724791978077508	"FCGR3A/FCGR2A/WAS/VAV1/BTK/CD247"	6
"M2"	"CD28 co-stimulation"	"CD28 co-stimulation"	"3/238"	"32/7644"	0.0762902980660912	0.750030270171279	0.724791978077508	"CD86/VAV1/LCK"	3
"M2"	"Fcgamma receptor (FCGR) dependent phagocytosis"	"Fcgamma receptor (FCGR) dependent phagocytosis"	"7/238"	"119/7644"	0.0774621426570337	0.750030270171279	0.724791978077508	"FCGR3A/FCGR2A/HCK/WAS/VAV1/BTK/CD247"	7
"M2"	"Toll-Like Receptors Cascades"	"Toll-Like Receptors Cascades"	"8/238"	"144/7644"	0.0800370695580337	0.762853319225009	0.737183535402942	"ITGB2/BIRC3/CTSK/ITGAM/LY96/BTK/LY86/CD180"	8
"M2"	"Downstream signaling events of B Cell Receptor (BCR)"	"Downstream signaling events of B Cell Receptor (BCR)"	"9/238"	"170/7644"	0.0832887130048896	0.769235721883272	0.743351172139141	"PSMB9/NRG1/FGFR3/CARD11/PRKCB/CD86/VAV1/LCK/RASGRP1"	9
"M2"	"Rho GTPase cycle"	"Rho GTPase cycle"	"7/238"	"122/7644"	0.0858345746438986	0.769235721883272	0.743351172139141	"RAC2/ARHGAP30/ARHGAP9/FGD2/VAV1/TAGAP/RHOH"	7
"M2"	"Signaling by Rho GTPases"	"Signaling by Rho GTPases"	"7/238"	"122/7644"	0.0858345746438986	0.769235721883272	0.743351172139141	"RAC2/ARHGAP30/ARHGAP9/FGD2/VAV1/TAGAP/RHOH"	7
"M2"	"CRMPs in Sema3A signaling"	"CRMPs in Sema3A signaling"	"2/238"	"16/7644"	0.0870119095245012	0.769235721883272	0.743351172139141	"PLXNA4/SEMA3A"	2
"M2"	"Sema3A PAK dependent Axon repulsion"	"Sema3A PAK dependent Axon repulsion"	"2/238"	"16/7644"	0.0870119095245012	0.769235721883272	0.743351172139141	"PLXNA4/SEMA3A"	2
"M2"	"Toll Like Receptor 4 (TLR4) Cascade"	"Toll Like Receptor 4 (TLR4) Cascade"	"7/238"	"124/7644"	0.0916928558213178	0.799037743585769	0.772150364811097	"ITGB2/BIRC3/ITGAM/LY96/BTK/LY86/CD180"	7
"M2"	"Platelet sensitization by LDL"	"Platelet sensitization by LDL"	"2/238"	"17/7644"	0.0966573145507592	0.830436082760044	0.802492159353969	"LRP8/PLA2G4A"	2
"M2"	"Regulation of signaling by CBL"	"Regulation of signaling by CBL"	"2/238"	"18/7644"	0.106588449051007	0.903041026682143	0.872653968838655	"HCK/VAV1"	2
"M2"	"Signaling by PDGF"	"Signaling by PDGF"	"9/238"	"184/7644"	0.120077665505113	0.980038543904664	0.947060542858692	"STAT1/SPP1/THBS4/NRG1/FGFR3/CD86/VAV1/LCK/ADCY7"	9
"M2"	"O-glycosylation of TSR domain-containing proteins"	"O-glycosylation of TSR domain-containing proteins"	"3/238"	"39/7644"	0.120402987690431	0.980038543904664	0.947060542858692	"ADAMTS15/ADAMTSL4/ADAMTSL3"	3
"M2"	"Response to elevated platelet cytosolic Ca2+"	"Response to elevated platelet cytosolic Ca2+"	"5/238"	"84/7644"	0.12049654228336	0.980038543904664	0.947060542858692	"SERPING1/F13A1/PLEK/SELP/PRKCB"	5
"M2"	"Extracellular matrix organization"	"Extracellular matrix organization"	"12/238"	"266/7644"	0.126030233495024	0.988620744486245	0.955353954982394	"ITGB2/SPP1/MMP9/CTSK/VCAM1/ITGAX/ITGAM/ITGAL/ITGB7/ITGA4/COL11A2/CEACAM1"	12
"M2"	"Constitutive PI3K/AKT Signaling in Cancer"	"Constitutive PI3K/AKT Signaling in Cancer"	"5/238"	"86/7644"	0.129548202229372	0.988620744486245	0.955353954982394	"NRG1/FGFR3/CD86/VAV1/LCK"	5
"M2"	"CD28 dependent PI3K/Akt signaling"	"CD28 dependent PI3K/Akt signaling"	"2/238"	"21/7644"	0.137833514520143	0.988620744486245	0.955353954982394	"CD86/LCK"	2
"M2"	"Inflammasomes"	"Inflammasomes"	"2/238"	"21/7644"	0.137833514520143	0.988620744486245	0.955353954982394	"PSTPIP1/NLRP3"	2
"M2"	"Gastrin-CREB signalling pathway via PKC and MAPK"	"Gastrin-CREB signalling pathway via PKC and MAPK"	"10/238"	"217/7644"	0.139237842337357	0.988620744486245	0.955353954982394	"PLCB4/NMB/PTAFR/RGS2/GNA15/GPR132/CHRM3/GPR65/RASGRP1/GPR68"	10
"M2"	"CTLA4 inhibitory signaling"	"CTLA4 inhibitory signaling"	"2/238"	"22/7644"	0.148651561707124	0.988620744486245	0.955353954982394	"CD86/LCK"	2
"M2"	"Early Phase of HIV Life Cycle"	"Early Phase of HIV Life Cycle"	"2/238"	"22/7644"	0.148651561707124	0.988620744486245	0.955353954982394	"CXCR4/CCR5"	2
"M2"	"The canonical retinoid cycle in rods (twilight vision)"	"The canonical retinoid cycle in rods (twilight vision)"	"2/238"	"22/7644"	0.148651561707124	0.988620744486245	0.955353954982394	"HSD17B6/MYO7A"	2
"M2"	"Iron uptake and transport"	"Iron uptake and transport"	"3/238"	"43/7644"	0.148956863025605	0.988620744486245	0.955353954982394	"HMOX1/CP/ATP6V1G2"	3
"M2"	"Latent infection of Homo sapiens with Mycobacterium tuberculosis"	"Latent infection of Homo sapiens with Mycobacterium tuberculosis"	"4/238"	"68/7644"	0.161143479912713	0.988620744486245	0.955353954982394	"CYBB/NCF2/NCF4/ATP6V1G2"	4
"M2"	"Signaling by SCF-KIT"	"Signaling by SCF-KIT"	"7/238"	"144/7644"	0.161870313875352	0.988620744486245	0.955353954982394	"STAT1/MMP9/NRG1/FGFR3/CD86/VAV1/LCK"	7
"M2"	"Antigen Presentation: Folding, assembly and peptide loading of class I MHC"	"Antigen Presentation: Folding, assembly and peptide loading of class I MHC"	"2/238"	"24/7644"	0.170759773996886	0.988620744486245	0.955353954982394	"HLA-F/ERAP2"	2
"M2"	"IKK complex recruitment mediated by RIP1"	"IKK complex recruitment mediated by RIP1"	"2/238"	"24/7644"	0.170759773996886	0.988620744486245	0.955353954982394	"BIRC3/LY96"	2
"M2"	"ADP signalling through P2Y purinoceptor 1"	"ADP signalling through P2Y purinoceptor 1"	"2/238"	"25/7644"	0.182009875270843	0.988620744486245	0.955353954982394	"GNA15/PLA2G4A"	2
"M2"	"PI3K/AKT Signaling in Cancer"	"PI3K/AKT Signaling in Cancer"	"5/238"	"100/7644"	0.200625108332491	0.988620744486245	0.955353954982394	"NRG1/FGFR3/CD86/VAV1/LCK"	5
"M2"	"PI-3K cascade"	"PI-3K cascade"	"5/238"	"100/7644"	0.200625108332491	0.988620744486245	0.955353954982394	"NRG1/FGFR3/CD86/VAV1/LCK"	5
"M2"	"PI3K events in ERBB2 signaling"	"PI3K events in ERBB2 signaling"	"5/238"	"100/7644"	0.200625108332491	0.988620744486245	0.955353954982394	"NRG1/FGFR3/CD86/VAV1/LCK"	5
"M2"	"PI3K events in ERBB4 signaling"	"PI3K events in ERBB4 signaling"	"5/238"	"100/7644"	0.200625108332491	0.988620744486245	0.955353954982394	"NRG1/FGFR3/CD86/VAV1/LCK"	5
"M2"	"PIP3 activates AKT signaling"	"PIP3 activates AKT signaling"	"5/238"	"100/7644"	0.200625108332491	0.988620744486245	0.955353954982394	"NRG1/FGFR3/CD86/VAV1/LCK"	5
"M2"	"Integrin alphaIIb beta3 signaling"	"Integrin alphaIIb beta3 signaling"	"2/238"	"27/7644"	0.20480996505515	0.988620744486245	0.955353954982394	"APBB1IP/RASGRP1"	2
"M2"	"Nucleotide-binding domain, leucine rich repeat containing receptor (NLR) signaling pathways"	"Nucleotide-binding domain, leucine rich repeat containing receptor (NLR) signaling pathways"	"3/238"	"51/7644"	0.211415430267428	0.988620744486245	0.955353954982394	"BIRC3/PSTPIP1/NLRP3"	3
"M2"	"Fc epsilon receptor (FCERI) signaling"	"Fc epsilon receptor (FCERI) signaling"	"9/238"	"212/7644"	0.215329857212886	0.988620744486245	0.955353954982394	"FCER1G/NRG1/FGFR3/CARD11/CD86/VAV1/LCK/BTK/RASGRP1"	9
"M2"	"Ca-dependent events"	"Ca-dependent events"	"2/238"	"28/7644"	0.216326137821558	0.988620744486245	0.955353954982394	"ADCY7/PLA2G4A"	2
"M2"	"PI3K/AKT activation"	"PI3K/AKT activation"	"5/238"	"103/7644"	0.21734406240964	0.988620744486245	0.955353954982394	"NRG1/FGFR3/CD86/VAV1/LCK"	5
"M2"	"Regulation of insulin secretion"	"Regulation of insulin secretion"	"4/238"	"77/7644"	0.218034232234805	0.988620744486245	0.955353954982394	"KCNJ11/CACNA2D2/GNA15/CHRM3"	4
"M2"	"Axon guidance"	"Axon guidance"	"13/238"	"327/7644"	0.219040186564047	0.988620744486245	0.955353954982394	"EPHB6/TYROBP/PTPRC/MMP9/RAC2/PLXNA4/SCN4A/SEMA6D/TREM2/SEMA7A/SEMA3A/SPTBN4/SCN3B"	13
"M2"	"GAB1 signalosome"	"GAB1 signalosome"	"5/238"	"104/7644"	0.223012362695808	0.988620744486245	0.955353954982394	"NRG1/FGFR3/CD86/VAV1/LCK"	5
"M2"	"Integration of energy metabolism"	"Integration of energy metabolism"	"5/238"	"104/7644"	0.223012362695808	0.988620744486245	0.955353954982394	"KCNJ11/CACNA2D2/GNA15/CHRM3/ADCY7"	5
"M2"	"VEGFA-VEGFR2 Pathway"	"VEGFA-VEGFR2 Pathway"	"5/238"	"105/7644"	0.228725227549743	0.988620744486245	0.955353954982394	"CYBB/NCF2/PRKCB/VAV1/NCF4"	5
"M2"	"Platelet degranulation"	"Platelet degranulation"	"4/238"	"79/7644"	0.231360501175462	0.988620744486245	0.955353954982394	"SERPING1/F13A1/PLEK/SELP"	4
"M2"	"Downstream signal transduction"	"Downstream signal transduction"	"7/238"	"161/7644"	0.235756896813231	0.988620744486245	0.955353954982394	"STAT1/NRG1/FGFR3/CD86/VAV1/LCK/ADCY7"	7
"M2"	"Opioid Signalling"	"Opioid Signalling"	"4/238"	"80/7644"	0.238098606369212	0.988620744486245	0.955353954982394	"PLCB4/GNAO1/ADCY7/PLA2G4A"	4
"M2"	"Adherens junctions interactions"	"Adherens junctions interactions"	"2/238"	"30/7644"	0.239513233428428	0.988620744486245	0.955353954982394	"CDH2/CADM3"	2
"M2"	"Inwardly rectifying K+ channels"	"Inwardly rectifying K+ channels"	"2/238"	"31/7644"	0.251155793023984	0.988620744486245	0.955353954982394	"KCNJ11/KCNJ5"	2
"M2"	"Activation of Matrix Metalloproteinases"	"Activation of Matrix Metalloproteinases"	"2/238"	"32/7644"	0.262813492687844	0.988620744486245	0.955353954982394	"MMP9/CTSK"	2
"M2"	"Signal amplification"	"Signal amplification"	"2/238"	"32/7644"	0.262813492687844	0.988620744486245	0.955353954982394	"GNA15/PLA2G4A"	2
"M2"	"Adenylate cyclase activating pathway"	"Adenylate cyclase activating pathway"	"1/238"	"10/7644"	0.271301186520922	0.988620744486245	0.955353954982394	"ADCY7"	1
"M2"	"Nef Mediated CD4 Down-regulation"	"Nef Mediated CD4 Down-regulation"	"1/238"	"10/7644"	0.271301186520922	0.988620744486245	0.955353954982394	"LCK"	1
"M2"	"TRIF-mediated programmed cell death"	"TRIF-mediated programmed cell death"	"1/238"	"10/7644"	0.271301186520922	0.988620744486245	0.955353954982394	"LY96"	1
"M2"	"Sialic acid metabolism"	"Sialic acid metabolism"	"2/238"	"33/7644"	0.274474156525333	0.988620744486245	0.955353954982394	"ST6GAL2/ST8SIA1"	2
"M2"	"Synthesis of PIPs at the plasma membrane"	"Synthesis of PIPs at the plasma membrane"	"2/238"	"33/7644"	0.274474156525333	0.988620744486245	0.955353954982394	"PIK3R5/PIK3CG"	2
"M2"	"Signaling by VEGF"	"Signaling by VEGF"	"5/238"	"113/7644"	0.275807979940132	0.988620744486245	0.955353954982394	"CYBB/NCF2/PRKCB/VAV1/NCF4"	5
"M2"	"Cell-cell junction organization"	"Cell-cell junction organization"	"3/238"	"60/7644"	0.286916313517225	0.988620744486245	0.955353954982394	"CDH2/CLDN11/CADM3"	3
"M2"	"DSCAM interactions"	"DSCAM interactions"	"1/238"	"11/7644"	0.294019331347752	0.988620744486245	0.955353954982394	"DSCAML1"	1
"M2"	"Endosomal/Vacuolar pathway"	"Endosomal/Vacuolar pathway"	"1/238"	"11/7644"	0.294019331347752	0.988620744486245	0.955353954982394	"HLA-F"	1
"M2"	"Interleukin-6 signaling"	"Interleukin-6 signaling"	"1/238"	"11/7644"	0.294019331347752	0.988620744486245	0.955353954982394	"STAT1"	1
"M2"	"Tryptophan catabolism"	"Tryptophan catabolism"	"1/238"	"11/7644"	0.294019331347752	0.988620744486245	0.955353954982394	"IDO1"	1
"M2"	"Role of phospholipids in phagocytosis"	"Role of phospholipids in phagocytosis"	"3/238"	"62/7644"	0.304055852095184	0.988620744486245	0.955353954982394	"FCGR3A/FCGR2A/CD247"	3
"M2"	"Signaling by FGFR in disease"	"Signaling by FGFR in disease"	"7/238"	"177/7644"	0.313466863617527	0.988620744486245	0.955353954982394	"STAT1/NRG1/FGFR3/CD86/VAV1/LCK/ADCY7"	7
"M2"	"PCP/CE pathway"	"PCP/CE pathway"	"4/238"	"91/7644"	0.314603389344319	0.988620744486245	0.955353954982394	"PSMB9/RAC2/PRKCB/WNT5B"	4
"M2"	"Depolarization of the Presynaptic Terminal Triggers the Opening of Calcium Channels"	"Depolarization of the Presynaptic Terminal Triggers the Opening of Calcium Channels"	"1/238"	"12/7644"	0.316032091617532	0.988620744486245	0.955353954982394	"CACNA2D2"	1
"M2"	"FGFR3c ligand binding and activation"	"FGFR3c ligand binding and activation"	"1/238"	"12/7644"	0.316032091617532	0.988620744486245	0.955353954982394	"FGFR3"	1
"M2"	"FGFR3 ligand binding and activation"	"FGFR3 ligand binding and activation"	"1/238"	"12/7644"	0.316032091617532	0.988620744486245	0.955353954982394	"FGFR3"	1
"M2"	"P2Y receptors"	"P2Y receptors"	"1/238"	"12/7644"	0.316032091617532	0.988620744486245	0.955353954982394	"P2RY13"	1
"M2"	"Passive transport by Aquaporins"	"Passive transport by Aquaporins"	"1/238"	"12/7644"	0.316032091617532	0.988620744486245	0.955353954982394	"AQP3"	1
"M2"	"PECAM1 interactions"	"PECAM1 interactions"	"1/238"	"12/7644"	0.316032091617532	0.988620744486245	0.955353954982394	"LCK"	1
"M2"	"Pyrimidine catabolism"	"Pyrimidine catabolism"	"1/238"	"12/7644"	0.316032091617532	0.988620744486245	0.955353954982394	"TYMP"	1
"M2"	"Signaling by activated point mutants of FGFR3"	"Signaling by activated point mutants of FGFR3"	"1/238"	"12/7644"	0.316032091617532	0.988620744486245	0.955353954982394	"FGFR3"	1
"M2"	"Signaling by FGFR3 mutants"	"Signaling by FGFR3 mutants"	"1/238"	"12/7644"	0.316032091617532	0.988620744486245	0.955353954982394	"FGFR3"	1
"M2"	"Downstream signaling of activated FGFR"	"Downstream signaling of activated FGFR"	"6/238"	"149/7644"	0.319316369535577	0.988620744486245	0.955353954982394	"NRG1/FGFR3/CD86/VAV1/LCK/ADCY7"	6
"M2"	"Platelet Aggregation (Plug Formation)"	"Platelet Aggregation (Plug Formation)"	"2/238"	"37/7644"	0.320928044776489	0.988620744486245	0.955353954982394	"APBB1IP/RASGRP1"	2
"M2"	"Diseases associated with visual transduction"	"Diseases associated with visual transduction"	"4/238"	"92/7644"	0.321700925800085	0.988620744486245	0.955353954982394	"LRP8/HSD17B6/MYO7A/GRK1"	4
"M2"	"Visual phototransduction"	"Visual phototransduction"	"4/238"	"92/7644"	0.321700925800085	0.988620744486245	0.955353954982394	"LRP8/HSD17B6/MYO7A/GRK1"	4
"M2"	"Collagen degradation"	"Collagen degradation"	"2/238"	"38/7644"	0.33244554601642	0.988620744486245	0.955353954982394	"MMP9/CTSK"	2
"M2"	"Transport of inorganic cations/anions and amino acids/oligopeptides"	"Transport of inorganic cations/anions and amino acids/oligopeptides"	"4/238"	"94/7644"	0.335929142705578	0.988620744486245	0.955353954982394	"SLC7A11/SLC7A5/SLC16A10/SLC1A3"	4
"M2"	"Downregulation of ERBB2:ERBB3 signaling"	"Downregulation of ERBB2:ERBB3 signaling"	"1/238"	"13/7644"	0.337361279536168	0.988620744486245	0.955353954982394	"NRG1"	1
"M2"	"Platelet Adhesion to exposed collagen"	"Platelet Adhesion to exposed collagen"	"1/238"	"13/7644"	0.337361279536168	0.988620744486245	0.955353954982394	"FCER1G"	1
"M2"	"Signal regulatory protein (SIRP) family interactions"	"Signal regulatory protein (SIRP) family interactions"	"1/238"	"13/7644"	0.337361279536168	0.988620744486245	0.955353954982394	"TYROBP"	1
"M2"	"Trafficking and processing of endosomal TLR"	"Trafficking and processing of endosomal TLR"	"1/238"	"13/7644"	0.337361279536168	0.988620744486245	0.955353954982394	"CTSK"	1
"M2"	"Activation of NF-kappaB in B cells"	"Activation of NF-kappaB in B cells"	"3/238"	"66/7644"	0.338433709931859	0.988620744486245	0.955353954982394	"PSMB9/CARD11/PRKCB"	3
"M2"	"Activation of GABAB receptors"	"Activation of GABAB receptors"	"2/238"	"39/7644"	0.343907305925933	0.988620744486245	0.955353954982394	"KCNJ5/ADCY7"	2
"M2"	"Formation of Fibrin Clot (Clotting Cascade)"	"Formation of Fibrin Clot (Clotting Cascade)"	"2/238"	"39/7644"	0.343907305925933	0.988620744486245	0.955353954982394	"SERPING1/F13A1"	2
"M2"	"GABA B receptor activation"	"GABA B receptor activation"	"2/238"	"39/7644"	0.343907305925933	0.988620744486245	0.955353954982394	"KCNJ5/ADCY7"	2
"M2"	"Nuclear signaling by ERBB4"	"Nuclear signaling by ERBB4"	"2/238"	"39/7644"	0.343907305925933	0.988620744486245	0.955353954982394	"CXCL12/NRG1"	2
"M2"	"Signaling by ERBB4"	"Signaling by ERBB4"	"6/238"	"154/7644"	0.34707647152542	0.988620744486245	0.955353954982394	"CXCL12/NRG1/FGFR3/CD86/VAV1/LCK"	6
"M2"	"Adenylate cyclase inhibitory pathway"	"Adenylate cyclase inhibitory pathway"	"1/238"	"14/7644"	0.358028035593093	0.988620744486245	0.955353954982394	"ADCY7"	1
"M2"	"Inhibition of adenylate cyclase pathway"	"Inhibition of adenylate cyclase pathway"	"1/238"	"14/7644"	0.358028035593093	0.988620744486245	0.955353954982394	"ADCY7"	1
"M2"	"Mitotic Telophase/Cytokinesis"	"Mitotic Telophase/Cytokinesis"	"1/238"	"14/7644"	0.358028035593093	0.988620744486245	0.955353954982394	"KIF20A"	1
"M2"	"Regulation of IFNG signaling"	"Regulation of IFNG signaling"	"1/238"	"14/7644"	0.358028035593093	0.988620744486245	0.955353954982394	"STAT1"	1
"M2"	"Regulation of pyruvate dehydrogenase (PDH) complex"	"Regulation of pyruvate dehydrogenase (PDH) complex"	"1/238"	"14/7644"	0.358028035593093	0.988620744486245	0.955353954982394	"PDK4"	1
"M2"	"Depolymerisation of the Nuclear Lamina"	"Depolymerisation of the Nuclear Lamina"	"1/238"	"15/7644"	0.378052849161749	0.988620744486245	0.955353954982394	"PRKCB"	1
"M2"	"Eicosanoid ligand-binding receptors"	"Eicosanoid ligand-binding receptors"	"1/238"	"15/7644"	0.378052849161749	0.988620744486245	0.955353954982394	"PTGER4"	1
"M2"	"GRB2:SOS provides linkage to MAPK signaling for Integrins"	"GRB2:SOS provides linkage to MAPK signaling for Integrins"	"1/238"	"15/7644"	0.378052849161749	0.988620744486245	0.955353954982394	"APBB1IP"	1
"M2"	"Mitochondrial Fatty Acid Beta-Oxidation"	"Mitochondrial Fatty Acid Beta-Oxidation"	"1/238"	"15/7644"	0.378052849161749	0.988620744486245	0.955353954982394	"ACADL"	1
"M2"	"p130Cas linkage to MAPK signaling for integrins"	"p130Cas linkage to MAPK signaling for integrins"	"1/238"	"15/7644"	0.378052849161749	0.988620744486245	0.955353954982394	"APBB1IP"	1
"M2"	"WNT5A-dependent internalization of FZD4"	"WNT5A-dependent internalization of FZD4"	"1/238"	"15/7644"	0.378052849161749	0.988620744486245	0.955353954982394	"PRKCB"	1
"M2"	"Cell-Cell communication"	"Cell-Cell communication"	"5/238"	"130/7644"	0.380621204746752	0.988620744486245	0.955353954982394	"CDH2/TYROBP/CLDN11/DSCAML1/CADM3"	5
"M2"	"Vasopressin regulates renal water homeostasis via Aquaporins"	"Vasopressin regulates renal water homeostasis via Aquaporins"	"2/238"	"43/7644"	0.389051155684864	0.988620744486245	0.955353954982394	"ADCY7/AQP3"	2
"M2"	"Signaling by FGFR"	"Signaling by FGFR"	"6/238"	"162/7644"	0.391878399859906	0.988620744486245	0.955353954982394	"NRG1/FGFR3/CD86/VAV1/LCK/ADCY7"	6
"M2"	"Acyl chain remodelling of PI"	"Acyl chain remodelling of PI"	"1/238"	"16/7644"	0.397455578470898	0.988620744486245	0.955353954982394	"PLA2G4A"	1
"M2"	"Amino acid synthesis and interconversion (transamination)"	"Amino acid synthesis and interconversion (transamination)"	"1/238"	"16/7644"	0.397455578470898	0.988620744486245	0.955353954982394	"GPT"	1
"M2"	"Metabolism of Angiotensinogen to Angiotensins"	"Metabolism of Angiotensinogen to Angiotensins"	"1/238"	"16/7644"	0.397455578470898	0.988620744486245	0.955353954982394	"ANPEP"	1
"M2"	"Nucleotide-like (purinergic) receptors"	"Nucleotide-like (purinergic) receptors"	"1/238"	"16/7644"	0.397455578470898	0.988620744486245	0.955353954982394	"P2RY13"	1
"M2"	"PKA activation"	"PKA activation"	"1/238"	"16/7644"	0.397455578470898	0.988620744486245	0.955353954982394	"ADCY7"	1
"M2"	"Polo-like kinase mediated events"	"Polo-like kinase mediated events"	"1/238"	"16/7644"	0.397455578470898	0.988620744486245	0.955353954982394	"MYBL2"	1
"M2"	"Rap1 signalling"	"Rap1 signalling"	"1/238"	"16/7644"	0.397455578470898	0.988620744486245	0.955353954982394	"RASGRP1"	1
"M2"	"Regulation of KIT signaling"	"Regulation of KIT signaling"	"1/238"	"16/7644"	0.397455578470898	0.988620744486245	0.955353954982394	"LCK"	1
"M2"	"Synthesis of very long-chain fatty acyl-CoAs"	"Synthesis of very long-chain fatty acyl-CoAs"	"1/238"	"16/7644"	0.397455578470898	0.988620744486245	0.955353954982394	"ACSL5"	1
"M2"	"TRAF6 mediated induction of TAK1 complex"	"TRAF6 mediated induction of TAK1 complex"	"1/238"	"16/7644"	0.397455578470898	0.988620744486245	0.955353954982394	"LY96"	1
"M2"	"Trafficking of GluR2-containing AMPA receptors"	"Trafficking of GluR2-containing AMPA receptors"	"1/238"	"16/7644"	0.397455578470898	0.988620744486245	0.955353954982394	"PRKCB"	1
"M2"	"Signaling by ERBB2"	"Signaling by ERBB2"	"6/238"	"163/7644"	0.397487016592786	0.988620744486245	0.955353954982394	"NRG1/FGFR3/CD86/VAV1/LCK/ADCY7"	6
"M2"	"O-linked glycosylation"	"O-linked glycosylation"	"4/238"	"103/7644"	0.400013517358328	0.988620744486245	0.955353954982394	"ADAMTS15/ADAMTSL4/ADAMTSL3/GALNT9"	4
"M2"	"NRAGE signals death through JNK"	"NRAGE signals death through JNK"	"2/238"	"45/7644"	0.411112945049048	0.988620744486245	0.955353954982394	"FGD2/VAV1"	2
"M2"	"Signaling by FGFR mutants"	"Signaling by FGFR mutants"	"2/238"	"45/7644"	0.411112945049048	0.988620744486245	0.955353954982394	"STAT1/FGFR3"	2
"M2"	"HIV Infection"	"HIV Infection"	"8/238"	"227/7644"	0.411604476831822	0.988620744486245	0.955353954982394	"PSMB9/CXCR4/DOCK2/HCK/LCK/CCR5/CD247/GTF2H2"	8
"M2"	"Host Interactions of HIV factors"	"Host Interactions of HIV factors"	"5/238"	"135/7644"	0.411728073203228	0.988620744486245	0.955353954982394	"PSMB9/DOCK2/HCK/LCK/CD247"	5
"M2"	"G alpha (12/13) signalling events"	"G alpha (12/13) signalling events"	"3/238"	"75/7644"	0.41505605600943	0.988620744486245	0.955353954982394	"RAC2/FGD2/VAV1"	3
"M2"	"Acyl chain remodelling of PG"	"Acyl chain remodelling of PG"	"1/238"	"17/7644"	0.416255469965907	0.988620744486245	0.955353954982394	"PLA2G4A"	1
"M2"	"Acyl chain remodelling of PS"	"Acyl chain remodelling of PS"	"1/238"	"17/7644"	0.416255469965907	0.988620744486245	0.955353954982394	"PLA2G4A"	1
"M2"	"Branched-chain amino acid catabolism"	"Branched-chain amino acid catabolism"	"1/238"	"17/7644"	0.416255469965907	0.988620744486245	0.955353954982394	"BCAT1"	1
"M2"	"G1/S-Specific Transcription"	"G1/S-Specific Transcription"	"1/238"	"17/7644"	0.416255469965907	0.988620744486245	0.955353954982394	"RRM2"	1
"M2"	"Metabolism of porphyrins"	"Metabolism of porphyrins"	"1/238"	"17/7644"	0.416255469965907	0.988620744486245	0.955353954982394	"HMOX1"	1
"M2"	"PKA activation in glucagon signalling"	"PKA activation in glucagon signalling"	"1/238"	"17/7644"	0.416255469965907	0.988620744486245	0.955353954982394	"ADCY7"	1
"M2"	"PKA-mediated phosphorylation of CREB"	"PKA-mediated phosphorylation of CREB"	"1/238"	"17/7644"	0.416255469965907	0.988620744486245	0.955353954982394	"ADCY7"	1
"M2"	"G alpha (z) signalling events"	"G alpha (z) signalling events"	"2/238"	"46/7644"	0.4219974119261	0.988620744486245	0.955353954982394	"PRKCB/ADCY7"	2
"M2"	"Binding and Uptake of Ligands by Scavenger Receptors"	"Binding and Uptake of Ligands by Scavenger Receptors"	"3/238"	"76/7644"	0.423423339993424	0.988620744486245	0.955353954982394	"APOL1/CD163/MSR1"	3
"M2"	"Scavenging of heme from plasma"	"Scavenging of heme from plasma"	"2/238"	"47/7644"	0.432778162640753	0.988620744486245	0.955353954982394	"APOL1/CD163"	2
"M2"	"Activation of IRF3/IRF7 mediated by TBK1/IKK epsilon"	"Activation of IRF3/IRF7 mediated by TBK1/IKK epsilon"	"1/238"	"18/7644"	0.434471177078548	0.988620744486245	0.955353954982394	"LY96"	1
"M2"	"cGMP effects"	"cGMP effects"	"1/238"	"18/7644"	0.434471177078548	0.988620744486245	0.955353954982394	"KCNMA1"	1
"M2"	"Oxygen-dependent proline hydroxylation of Hypoxia-inducible Factor Alpha"	"Oxygen-dependent proline hydroxylation of Hypoxia-inducible Factor Alpha"	"1/238"	"18/7644"	0.434471177078548	0.988620744486245	0.955353954982394	"EGLN3"	1
"M2"	"Synthesis and interconversion of nucleotide di- and triphosphates"	"Synthesis and interconversion of nucleotide di- and triphosphates"	"1/238"	"18/7644"	0.434471177078548	0.988620744486245	0.955353954982394	"RRM2"	1
"M2"	"Tie2 Signaling"	"Tie2 Signaling"	"1/238"	"18/7644"	0.434471177078548	0.988620744486245	0.955353954982394	"DOK2"	1
"M2"	"EPH-ephrin mediated repulsion of cells"	"EPH-ephrin mediated repulsion of cells"	"2/238"	"48/7644"	0.443451094125425	0.988620744486245	0.955353954982394	"EPHB6/MMP9"	2
"M2"	"Platelet homeostasis"	"Platelet homeostasis"	"3/238"	"79/7644"	0.448270142838098	0.988620744486245	0.955353954982394	"LRP8/KCNMA1/PLA2G4A"	3
"M2"	"Role of LAT2/NTAL/LAB on calcium mobilization"	"Role of LAT2/NTAL/LAB on calcium mobilization"	"5/238"	"141/7644"	0.448747402913295	0.988620744486245	0.955353954982394	"NRG1/FGFR3/CD86/VAV1/LCK"	5
"M2"	"Ephrin signaling"	"Ephrin signaling"	"1/238"	"19/7644"	0.45212077842333	0.988620744486245	0.955353954982394	"EPHB6"	1
"M2"	"GABA synthesis, release, reuptake and degradation"	"GABA synthesis, release, reuptake and degradation"	"1/238"	"19/7644"	0.45212077842333	0.988620744486245	0.955353954982394	"SLC6A13"	1
"M2"	"Na+/Cl- dependent neurotransmitter transporters"	"Na+/Cl- dependent neurotransmitter transporters"	"1/238"	"19/7644"	0.45212077842333	0.988620744486245	0.955353954982394	"SLC6A13"	1
"M2"	"Scavenging by Class A Receptors"	"Scavenging by Class A Receptors"	"1/238"	"19/7644"	0.45212077842333	0.988620744486245	0.955353954982394	"MSR1"	1
"M2"	"Signaling by FGFR1 fusion mutants"	"Signaling by FGFR1 fusion mutants"	"1/238"	"19/7644"	0.45212077842333	0.988620744486245	0.955353954982394	"STAT1"	1
"M2"	"Cross-presentation of soluble exogenous antigens (endosomes)"	"Cross-presentation of soluble exogenous antigens (endosomes)"	"2/238"	"49/7644"	0.454012456866468	0.988620744486245	0.955353954982394	"PSMB9/MRC1"	2
"M2"	"Muscle contraction"	"Muscle contraction"	"2/238"	"49/7644"	0.454012456866468	0.988620744486245	0.955353954982394	"ACTG2/MYH3"	2
"M2"	"Nuclear Envelope Breakdown"	"Nuclear Envelope Breakdown"	"2/238"	"50/7644"	0.464458837029281	0.988620744486245	0.955353954982394	"NEK6/PRKCB"	2
"M2"	"beta-catenin independent WNT signaling"	"beta-catenin independent WNT signaling"	"5/238"	"144/7644"	0.467045842099715	0.988620744486245	0.955353954982394	"PSMB9/RAC2/GNAO1/PRKCB/WNT5B"	5
"M2"	"Dual incision reaction in GG-NER"	"Dual incision reaction in GG-NER"	"1/238"	"20/7644"	0.469221795437789	0.988620744486245	0.955353954982394	"GTF2H2"	1
"M2"	"Fatty Acyl-CoA Biosynthesis"	"Fatty Acyl-CoA Biosynthesis"	"1/238"	"20/7644"	0.469221795437789	0.988620744486245	0.955353954982394	"ACSL5"	1
"M2"	"Formation of incision complex in GG-NER"	"Formation of incision complex in GG-NER"	"1/238"	"20/7644"	0.469221795437789	0.988620744486245	0.955353954982394	"GTF2H2"	1
"M2"	"Amyloids"	"Amyloids"	"2/238"	"51/7644"	0.474787139346092	0.988620744486245	0.955353954982394	"TGFBI/LYZ"	2
"M2"	"Aquaporin-mediated transport"	"Aquaporin-mediated transport"	"2/238"	"51/7644"	0.474787139346092	0.988620744486245	0.955353954982394	"ADCY7/AQP3"	2
"M2"	"PI Metabolism"	"PI Metabolism"	"2/238"	"51/7644"	0.474787139346092	0.988620744486245	0.955353954982394	"PIK3R5/PIK3CG"	2
"M2"	"Synthesis of substrates in N-glycan biosythesis"	"Synthesis of substrates in N-glycan biosythesis"	"2/238"	"52/7644"	0.484994570736539	0.988620744486245	0.955353954982394	"ST6GAL2/ST8SIA1"	2
"M2"	"Regulation of Insulin-like Growth Factor (IGF) transport and uptake by Insulin-like Growth Factor Binding Proteins (IGFBPs)"	"Regulation of Insulin-like Growth Factor (IGF) transport and uptake by Insulin-like Growth Factor Binding Proteins (IGFBPs)"	"1/238"	"21/7644"	0.485791209483671	0.988620744486245	0.955353954982394	"IGFALS"	1
"M2"	"Synthesis of Leukotrienes (LT) and Eoxins (EX)"	"Synthesis of Leukotrienes (LT) and Eoxins (EX)"	"1/238"	"21/7644"	0.485791209483671	0.988620744486245	0.955353954982394	"ALOX5AP"	1
"M2"	"Signaling by EGFR"	"Signaling by EGFR"	"6/238"	"179/7644"	0.486246440952332	0.988620744486245	0.955353954982394	"NRG1/FGFR3/CD86/VAV1/LCK/ADCY7"	6
"M2"	"Signaling by Overexpressed Wild-Type EGFR in Cancer"	"Signaling by Overexpressed Wild-Type EGFR in Cancer"	"6/238"	"179/7644"	0.486246440952332	0.988620744486245	0.955353954982394	"NRG1/FGFR3/CD86/VAV1/LCK/ADCY7"	6
"M2"	"Cell junction organization"	"Cell junction organization"	"3/238"	"85/7644"	0.496592832673339	0.988620744486245	0.955353954982394	"CDH2/CLDN11/CADM3"	3
"M2"	"Signaling by EGFR in Cancer"	"Signaling by EGFR in Cancer"	"6/238"	"181/7644"	0.497100431702398	0.988620744486245	0.955353954982394	"NRG1/FGFR3/CD86/VAV1/LCK/ADCY7"	6
"M2"	"Signaling by EGFRvIII in Cancer"	"Signaling by EGFRvIII in Cancer"	"6/238"	"181/7644"	0.497100431702398	0.988620744486245	0.955353954982394	"NRG1/FGFR3/CD86/VAV1/LCK/ADCY7"	6
"M2"	"Signaling by Ligand-Responsive EGFR Variants in Cancer"	"Signaling by Ligand-Responsive EGFR Variants in Cancer"	"6/238"	"181/7644"	0.497100431702398	0.988620744486245	0.955353954982394	"NRG1/FGFR3/CD86/VAV1/LCK/ADCY7"	6
"M2"	"Common Pathway"	"Common Pathway"	"1/238"	"22/7644"	0.501845478425411	0.988620744486245	0.955353954982394	"F13A1"	1
"M2"	"Intrinsic Pathway"	"Intrinsic Pathway"	"1/238"	"22/7644"	0.501845478425411	0.988620744486245	0.955353954982394	"SERPING1"	1
"M2"	"Nef-mediates down modulation of cell surface receptors by recruiting them to clathrin adapters"	"Nef-mediates down modulation of cell surface receptors by recruiting them to clathrin adapters"	"1/238"	"22/7644"	0.501845478425411	0.988620744486245	0.955353954982394	"LCK"	1
"M2"	"Pyruvate metabolism"	"Pyruvate metabolism"	"1/238"	"22/7644"	0.501845478425411	0.988620744486245	0.955353954982394	"PDK4"	1
"M2"	"Smooth Muscle Contraction"	"Smooth Muscle Contraction"	"1/238"	"22/7644"	0.501845478425411	0.988620744486245	0.955353954982394	"ACTG2"	1
"M2"	"Assembly of collagen fibrils and other multimeric structures"	"Assembly of collagen fibrils and other multimeric structures"	"2/238"	"54/7644"	0.505037065978346	0.988620744486245	0.955353954982394	"MMP9/COL11A2"	2
"M2"	"Phospholipase C-mediated cascade"	"Phospholipase C-mediated cascade"	"2/238"	"54/7644"	0.505037065978346	0.988620744486245	0.955353954982394	"FGFR3/ADCY7"	2
"M2"	"GABA receptor activation"	"GABA receptor activation"	"2/238"	"55/7644"	0.514867916883361	0.988620744486245	0.955353954982394	"KCNJ5/ADCY7"	2
"M2"	"Acyl chain remodelling of PE"	"Acyl chain remodelling of PE"	"1/238"	"23/7644"	0.517400552701815	0.988620744486245	0.955353954982394	"PLA2G4A"	1
"M2"	"FGFR ligand binding and activation"	"FGFR ligand binding and activation"	"1/238"	"23/7644"	0.517400552701815	0.988620744486245	0.955353954982394	"FGFR3"	1
"M2"	"Thromboxane signalling through TP receptor"	"Thromboxane signalling through TP receptor"	"1/238"	"23/7644"	0.517400552701815	0.988620744486245	0.955353954982394	"GNA15"	1
"M2"	"Degradation of the extracellular matrix"	"Degradation of the extracellular matrix"	"3/238"	"89/7644"	0.527611514051465	0.988620744486245	0.955353954982394	"SPP1/MMP9/CTSK"	3
"M2"	"Cytosolic tRNA aminoacylation"	"Cytosolic tRNA aminoacylation"	"1/238"	"24/7644"	0.532471890906377	0.988620744486245	0.955353954982394	"WARS"	1
"M2"	"Growth hormone receptor signaling"	"Growth hormone receptor signaling"	"1/238"	"24/7644"	0.532471890906377	0.988620744486245	0.955353954982394	"STAT1"	1
"M2"	"Pyrimidine metabolism"	"Pyrimidine metabolism"	"1/238"	"24/7644"	0.532471890906377	0.988620744486245	0.955353954982394	"TYMP"	1
"M2"	"Sema4D induced cell migration and growth-cone collapse"	"Sema4D induced cell migration and growth-cone collapse"	"1/238"	"24/7644"	0.532471890906377	0.988620744486245	0.955353954982394	"RAC2"	1
"M2"	"FCERI mediated NF-kB activation"	"FCERI mediated NF-kB activation"	"2/238"	"57/7644"	0.534140139874338	0.988620744486245	0.955353954982394	"CARD11/RASGRP1"	2
"M2"	"Metabolism of amino acids and derivatives"	"Metabolism of amino acids and derivatives"	"6/238"	"188/7644"	0.534441413084772	0.988620744486245	0.955353954982394	"PSMB9/ARG2/BCAT1/BBOX1/GPT/IDO1"	6
"M2"	"Activation of G protein gated Potassium channels"	"Activation of G protein gated Potassium channels"	"1/238"	"25/7644"	0.547074474891191	0.988620744486245	0.955353954982394	"KCNJ5"	1
"M2"	"Acyl chain remodelling of PC"	"Acyl chain remodelling of PC"	"1/238"	"25/7644"	0.547074474891191	0.988620744486245	0.955353954982394	"PLA2G4A"	1
"M2"	"Cellular response to hypoxia"	"Cellular response to hypoxia"	"1/238"	"25/7644"	0.547074474891191	0.988620744486245	0.955353954982394	"EGLN3"	1
"M2"	"Effects of PIP2 hydrolysis"	"Effects of PIP2 hydrolysis"	"1/238"	"25/7644"	0.547074474891191	0.988620744486245	0.955353954982394	"RASGRP1"	1
"M2"	"G0 and Early G1"	"G0 and Early G1"	"1/238"	"25/7644"	0.547074474891191	0.988620744486245	0.955353954982394	"MYBL2"	1
"M2"	"G protein gated Potassium channels"	"G protein gated Potassium channels"	"1/238"	"25/7644"	0.547074474891191	0.988620744486245	0.955353954982394	"KCNJ5"	1
"M2"	"Inhibition  of voltage gated Ca2+ channels via Gbeta/gamma subunits"	"Inhibition  of voltage gated Ca2+ channels via Gbeta/gamma subunits"	"1/238"	"25/7644"	0.547074474891191	0.988620744486245	0.955353954982394	"KCNJ5"	1
"M2"	"Metal ion SLC transporters"	"Metal ion SLC transporters"	"1/238"	"25/7644"	0.547074474891191	0.988620744486245	0.955353954982394	"CP"	1
"M2"	"Nitric oxide stimulates guanylate cyclase"	"Nitric oxide stimulates guanylate cyclase"	"1/238"	"25/7644"	0.547074474891191	0.988620744486245	0.955353954982394	"KCNMA1"	1
"M2"	"Regulation of Hypoxia-inducible Factor (HIF) by oxygen"	"Regulation of Hypoxia-inducible Factor (HIF) by oxygen"	"1/238"	"25/7644"	0.547074474891191	0.988620744486245	0.955353954982394	"EGLN3"	1
"M2"	"Regulation of IFNA signaling"	"Regulation of IFNA signaling"	"1/238"	"25/7644"	0.547074474891191	0.988620744486245	0.955353954982394	"STAT1"	1
"M2"	"Synthesis of IP3 and IP4 in the cytosol"	"Synthesis of IP3 and IP4 in the cytosol"	"1/238"	"25/7644"	0.547074474891191	0.988620744486245	0.955353954982394	"PLCB4"	1
"M2"	"ATF4 activates genes"	"ATF4 activates genes"	"1/238"	"26/7644"	0.561222824408962	0.988620744486245	0.955353954982394	"CCL2"	1
"M2"	"Calmodulin induced events"	"Calmodulin induced events"	"1/238"	"26/7644"	0.561222824408962	0.988620744486245	0.955353954982394	"ADCY7"	1
"M2"	"CaM pathway"	"CaM pathway"	"1/238"	"26/7644"	0.561222824408962	0.988620744486245	0.955353954982394	"ADCY7"	1
"M2"	"Insulin receptor recycling"	"Insulin receptor recycling"	"1/238"	"26/7644"	0.561222824408962	0.988620744486245	0.955353954982394	"ATP6V1G2"	1
"M2"	"RNA Pol II CTD phosphorylation and interaction with CE"	"RNA Pol II CTD phosphorylation and interaction with CE"	"1/238"	"26/7644"	0.561222824408962	0.988620744486245	0.955353954982394	"GTF2H2"	1
"M2"	"VEGFR2 mediated vascular permeability"	"VEGFR2 mediated vascular permeability"	"1/238"	"26/7644"	0.561222824408962	0.988620744486245	0.955353954982394	"VAV1"	1
"M2"	"WNT ligand biogenesis and trafficking"	"WNT ligand biogenesis and trafficking"	"1/238"	"26/7644"	0.561222824408962	0.988620744486245	0.955353954982394	"WNT5B"	1
"M2"	"WNT ligand secretion is abrogated by the PORCN inhibitor LGK974"	"WNT ligand secretion is abrogated by the PORCN inhibitor LGK974"	"1/238"	"26/7644"	0.561222824408962	0.988620744486245	0.955353954982394	"WNT5B"	1
"M2"	"Cell death signalling via NRAGE, NRIF and NADE"	"Cell death signalling via NRAGE, NRIF and NADE"	"2/238"	"61/7644"	0.571091928147371	0.988620744486245	0.955353954982394	"FGD2/VAV1"	2
"M2"	"Glycolysis"	"Glycolysis"	"1/238"	"27/7644"	0.574931011307186	0.988620744486245	0.955353954982394	"ALDOC"	1
"M2"	"Kinesins"	"Kinesins"	"1/238"	"27/7644"	0.574931011307186	0.988620744486245	0.955353954982394	"KIF20A"	1
"M2"	"Sema4D in semaphorin signaling"	"Sema4D in semaphorin signaling"	"1/238"	"27/7644"	0.574931011307186	0.988620744486245	0.955353954982394	"RAC2"	1
"M2"	"FCERI mediated Ca+2 mobilization"	"FCERI mediated Ca+2 mobilization"	"2/238"	"62/7644"	0.579993130682444	0.988620744486245	0.955353954982394	"VAV1/BTK"	2
"M2"	"L1CAM interactions"	"L1CAM interactions"	"3/238"	"97/7644"	0.586330004583898	0.988620744486245	0.955353954982394	"SCN4A/SPTBN4/SCN3B"	3
"M2"	"Adrenaline,noradrenaline inhibits insulin secretion"	"Adrenaline,noradrenaline inhibits insulin secretion"	"1/238"	"28/7644"	0.588212673288135	0.988620744486245	0.955353954982394	"CACNA2D2"	1
"M2"	"Dual incision reaction in TC-NER"	"Dual incision reaction in TC-NER"	"1/238"	"28/7644"	0.588212673288135	0.988620744486245	0.955353954982394	"GTF2H2"	1
"M2"	"Formation of transcription-coupled NER (TC-NER) repair complex"	"Formation of transcription-coupled NER (TC-NER) repair complex"	"1/238"	"28/7644"	0.588212673288135	0.988620744486245	0.955353954982394	"GTF2H2"	1
"M2"	"G-protein activation"	"G-protein activation"	"1/238"	"28/7644"	0.588212673288135	0.988620744486245	0.955353954982394	"GNAO1"	1
"M2"	"mRNA Capping"	"mRNA Capping"	"1/238"	"28/7644"	0.588212673288135	0.988620744486245	0.955353954982394	"GTF2H2"	1
"M2"	"SHC1 events in ERBB4 signaling"	"SHC1 events in ERBB4 signaling"	"1/238"	"28/7644"	0.588212673288135	0.988620744486245	0.955353954982394	"NRG1"	1
"M2"	"Synthesis of PA"	"Synthesis of PA"	"1/238"	"28/7644"	0.588212673288135	0.988620744486245	0.955353954982394	"PLA2G4A"	1
"M2"	"ER-Phagosome pathway"	"ER-Phagosome pathway"	"2/238"	"64/7644"	0.597388274037431	0.988620744486245	0.955353954982394	"HLA-F/PSMB9"	2
"M2"	"Potassium Channels"	"Potassium Channels"	"3/238"	"99/7644"	0.600266873389509	0.988620744486245	0.955353954982394	"KCNJ11/KCNJ5/KCNMA1"	3
"M2"	"Transmission across Chemical Synapses"	"Transmission across Chemical Synapses"	"6/238"	"201/7644"	0.600460076319271	0.988620744486245	0.955353954982394	"CACNA2D2/KCNJ5/SLC6A13/PRKCB/SLC1A3/ADCY7"	6
"M2"	"CDO in myogenesis"	"CDO in myogenesis"	"1/238"	"29/7644"	0.601081027247881	0.988620744486245	0.955353954982394	"CDH2"	1
"M2"	"Myogenesis"	"Myogenesis"	"1/238"	"29/7644"	0.601081027247881	0.988620744486245	0.955353954982394	"CDH2"	1
"M2"	"PERK regulates gene expression"	"PERK regulates gene expression"	"1/238"	"29/7644"	0.601081027247881	0.988620744486245	0.955353954982394	"CCL2"	1
"M2"	"PIWI-interacting RNA (piRNA) biogenesis"	"PIWI-interacting RNA (piRNA) biogenesis"	"1/238"	"29/7644"	0.601081027247881	0.988620744486245	0.955353954982394	"PIWIL1"	1
"M2"	"RNA Polymerase I Promoter Escape"	"RNA Polymerase I Promoter Escape"	"1/238"	"29/7644"	0.601081027247881	0.988620744486245	0.955353954982394	"GTF2H2"	1
"M2"	"SHC-mediated cascade"	"SHC-mediated cascade"	"1/238"	"29/7644"	0.601081027247881	0.988620744486245	0.955353954982394	"FGFR3"	1
"M2"	"SMAD2/SMAD3:SMAD4 heterotrimer regulates transcription"	"SMAD2/SMAD3:SMAD4 heterotrimer regulates transcription"	"1/238"	"29/7644"	0.601081027247881	0.988620744486245	0.955353954982394	"MYC"	1
"M2"	"Transferrin endocytosis and recycling"	"Transferrin endocytosis and recycling"	"1/238"	"29/7644"	0.601081027247881	0.988620744486245	0.955353954982394	"ATP6V1G2"	1
"M2"	"Cyclin E associated events during G1/S transition"	"Cyclin E associated events during G1/S transition"	"2/238"	"65/7644"	0.605881931292124	0.988620744486245	0.955353954982394	"PSMB9/MYC"	2
"M2"	"Mitotic G1-G1/S phases"	"Mitotic G1-G1/S phases"	"4/238"	"135/7644"	0.610694252821767	0.988620744486245	0.955353954982394	"PSMB9/MYC/RRM2/MYBL2"	4
"M2"	"Amine compound SLC transporters"	"Amine compound SLC transporters"	"1/238"	"30/7644"	0.613548882207172	0.988620744486245	0.955353954982394	"SLC6A13"	1
"M2"	"Glutamate Binding, Activation of AMPA Receptors and Synaptic Plasticity"	"Glutamate Binding, Activation of AMPA Receptors and Synaptic Plasticity"	"1/238"	"30/7644"	0.613548882207172	0.988620744486245	0.955353954982394	"PRKCB"	1
"M2"	"GRB2 events in ERBB2 signaling"	"GRB2 events in ERBB2 signaling"	"1/238"	"30/7644"	0.613548882207172	0.988620744486245	0.955353954982394	"NRG1"	1
"M2"	"Inactivation, recovery and regulation of the phototransduction cascade"	"Inactivation, recovery and regulation of the phototransduction cascade"	"1/238"	"30/7644"	0.613548882207172	0.988620744486245	0.955353954982394	"GRK1"	1
"M2"	"Signaling by FGFR1 mutants"	"Signaling by FGFR1 mutants"	"1/238"	"30/7644"	0.613548882207172	0.988620744486245	0.955353954982394	"STAT1"	1
"M2"	"Tight junction interactions"	"Tight junction interactions"	"1/238"	"30/7644"	0.613548882207172	0.988620744486245	0.955353954982394	"CLDN11"	1
"M2"	"Trafficking of AMPA receptors"	"Trafficking of AMPA receptors"	"1/238"	"30/7644"	0.613548882207172	0.988620744486245	0.955353954982394	"PRKCB"	1
"M2"	"Cyclin A:Cdk2-associated events at S phase entry"	"Cyclin A:Cdk2-associated events at S phase entry"	"2/238"	"66/7644"	0.614239688209632	0.988620744486245	0.955353954982394	"PSMB9/MYC"	2
"M2"	"Biosynthesis of the N-glycan precursor (dolichol lipid-linked oligosaccharide, LLO) and transfer to a nascent protein"	"Biosynthesis of the N-glycan precursor (dolichol lipid-linked oligosaccharide, LLO) and transfer to a nascent protein"	"2/238"	"67/7644"	0.622461737837159	0.988620744486245	0.955353954982394	"ST6GAL2/ST8SIA1"	2
"M2"	"NGF signalling via TRKA from the plasma membrane"	"NGF signalling via TRKA from the plasma membrane"	"6/238"	"206/7644"	0.624488693480289	0.988620744486245	0.955353954982394	"NRG1/FGFR3/CD86/VAV1/LCK/ADCY7"	6
"M2"	"DAG and IP3 signaling"	"DAG and IP3 signaling"	"1/238"	"31/7644"	0.625628651846612	0.988620744486245	0.955353954982394	"ADCY7"	1
"M2"	"Gluconeogenesis"	"Gluconeogenesis"	"1/238"	"31/7644"	0.625628651846612	0.988620744486245	0.955353954982394	"ALDOC"	1
"M2"	"NOD1/2 Signaling Pathway"	"NOD1/2 Signaling Pathway"	"1/238"	"31/7644"	0.625628651846612	0.988620744486245	0.955353954982394	"BIRC3"	1
"M2"	"RNA Polymerase I Transcription Termination"	"RNA Polymerase I Transcription Termination"	"1/238"	"31/7644"	0.625628651846612	0.988620744486245	0.955353954982394	"GTF2H2"	1
"M2"	"Striated Muscle Contraction"	"Striated Muscle Contraction"	"1/238"	"31/7644"	0.625628651846612	0.988620744486245	0.955353954982394	"MYH3"	1
"M2"	"The phototransduction cascade"	"The phototransduction cascade"	"1/238"	"31/7644"	0.625628651846612	0.988620744486245	0.955353954982394	"GRK1"	1
"M2"	"Formation of the Early Elongation Complex"	"Formation of the Early Elongation Complex"	"1/238"	"32/7644"	0.637332366658185	0.988620744486245	0.955353954982394	"GTF2H2"	1
"M2"	"Formation of the HIV-1 Early Elongation Complex"	"Formation of the HIV-1 Early Elongation Complex"	"1/238"	"32/7644"	0.637332366658185	0.988620744486245	0.955353954982394	"GTF2H2"	1
"M2"	"SHC1 events in ERBB2 signaling"	"SHC1 events in ERBB2 signaling"	"1/238"	"32/7644"	0.637332366658185	0.988620744486245	0.955353954982394	"NRG1"	1
"M2"	"Thrombin signalling through proteinase activated receptors (PARs)"	"Thrombin signalling through proteinase activated receptors (PARs)"	"1/238"	"32/7644"	0.637332366658185	0.988620744486245	0.955353954982394	"GNA15"	1
"M2"	"VEGFR2 mediated cell proliferation"	"VEGFR2 mediated cell proliferation"	"1/238"	"32/7644"	0.637332366658185	0.988620744486245	0.955353954982394	"PRKCB"	1
"M2"	"E2F mediated regulation of DNA replication"	"E2F mediated regulation of DNA replication"	"1/238"	"33/7644"	0.648671685724836	0.988620744486245	0.955353954982394	"RRM2"	1
"M2"	"EGFR interacts with phospholipase C-gamma"	"EGFR interacts with phospholipase C-gamma"	"1/238"	"33/7644"	0.648671685724836	0.988620744486245	0.955353954982394	"ADCY7"	1
"M2"	"Glucagon signaling in metabolic regulation"	"Glucagon signaling in metabolic regulation"	"1/238"	"33/7644"	0.648671685724836	0.988620744486245	0.955353954982394	"ADCY7"	1
"M2"	"Glutathione conjugation"	"Glutathione conjugation"	"1/238"	"33/7644"	0.648671685724836	0.988620744486245	0.955353954982394	"HPGDS"	1
"M2"	"Metabolism of steroid hormones and vitamin D"	"Metabolism of steroid hormones and vitamin D"	"1/238"	"33/7644"	0.648671685724836	0.988620744486245	0.955353954982394	"CYP24A1"	1
"M2"	"Nuclear Pore Complex (NPC) Disassembly"	"Nuclear Pore Complex (NPC) Disassembly"	"1/238"	"33/7644"	0.648671685724836	0.988620744486245	0.955353954982394	"NEK6"	1
"M2"	"PLC-gamma1 signalling"	"PLC-gamma1 signalling"	"1/238"	"33/7644"	0.648671685724836	0.988620744486245	0.955353954982394	"ADCY7"	1
"M2"	"Steroid hormones"	"Steroid hormones"	"1/238"	"33/7644"	0.648671685724836	0.988620744486245	0.955353954982394	"CYP24A1"	1
"M2"	"Neuronal System"	"Neuronal System"	"8/238"	"280/7644"	0.64941202205093	0.988620744486245	0.955353954982394	"KCNJ11/CACNA2D2/KCNJ5/SLC6A13/PRKCB/KCNMA1/SLC1A3/ADCY7"	8
"M2"	"Global Genomic NER (GG-NER)"	"Global Genomic NER (GG-NER)"	"1/238"	"34/7644"	0.659657908139432	0.988620744486245	0.955353954982394	"GTF2H2"	1
"M2"	"PLCG1 events in ERBB2 signaling"	"PLCG1 events in ERBB2 signaling"	"1/238"	"34/7644"	0.659657908139432	0.988620744486245	0.955353954982394	"ADCY7"	1
"M2"	"G1/S Transition"	"G1/S Transition"	"3/238"	"109/7644"	0.66523820607424	0.988620744486245	0.955353954982394	"PSMB9/MYC/RRM2"	3
"M2"	"Beta defensins"	"Beta defensins"	"1/238"	"36/7644"	0.680614525510604	0.988620744486245	0.955353954982394	"CCR2"	1
"M2"	"Class I MHC mediated antigen processing & presentation"	"Class I MHC mediated antigen processing & presentation"	"7/238"	"255/7644"	0.687065927650139	0.988620744486245	0.955353954982394	"HLA-F/ERAP2/PSMB9/CYBB/MRC1/NCF2/NCF4"	7
"M2"	"BMAL1:CLOCK,NPAS2 activates circadian gene expression"	"BMAL1:CLOCK,NPAS2 activates circadian gene expression"	"1/238"	"37/7644"	0.690605816642107	0.988620744486245	0.955353954982394	"ARNTL2"	1
"M2"	"Activated TLR4 signalling"	"Activated TLR4 signalling"	"3/238"	"115/7644"	0.700383566975167	0.988620744486245	0.955353954982394	"BIRC3/LY96/BTK"	3
"M2"	"SLC-mediated transmembrane transport"	"SLC-mediated transmembrane transport"	"7/238"	"259/7644"	0.702584319577668	0.988620744486245	0.955353954982394	"SLC7A11/SLC7A5/SLC6A13/SLC16A10/SLC1A3/CP/HK3"	7
"M2"	"Defective CYP11A1 causes Adrenal insufficiency, congenital, with 46,XY sex reversal (AICSR)"	"Defective CYP11A1 causes Adrenal insufficiency, congenital, with 46,XY sex reversal (AICSR)"	"2/238"	"78/7644"	0.704108107875717	0.988620744486245	0.955353954982394	"CYP24A1/FMO2"	2
"M2"	"Defective CYP11B1 causes Adrenal hyperplasia 4 (AH4)"	"Defective CYP11B1 causes Adrenal hyperplasia 4 (AH4)"	"2/238"	"78/7644"	0.704108107875717	0.988620744486245	0.955353954982394	"CYP24A1/FMO2"	2
"M2"	"Defective CYP11B2 causes Corticosterone methyloxidase 1 deficiency (CMO-1 deficiency)"	"Defective CYP11B2 causes Corticosterone methyloxidase 1 deficiency (CMO-1 deficiency)"	"2/238"	"78/7644"	0.704108107875717	0.988620744486245	0.955353954982394	"CYP24A1/FMO2"	2
"M2"	"Defective CYP17A1 causes Adrenal hyperplasia 5 (AH5)"	"Defective CYP17A1 causes Adrenal hyperplasia 5 (AH5)"	"2/238"	"78/7644"	0.704108107875717	0.988620744486245	0.955353954982394	"CYP24A1/FMO2"	2
"M2"	"Defective CYP19A1 causes Aromatase excess syndrome (AEXS)"	"Defective CYP19A1 causes Aromatase excess syndrome (AEXS)"	"2/238"	"78/7644"	0.704108107875717	0.988620744486245	0.955353954982394	"CYP24A1/FMO2"	2
"M2"	"Defective CYP1B1 causes Glaucoma"	"Defective CYP1B1 causes Glaucoma"	"2/238"	"78/7644"	0.704108107875717	0.988620744486245	0.955353954982394	"CYP24A1/FMO2"	2
"M2"	"Defective CYP21A2 causes Adrenal hyperplasia 3 (AH3)"	"Defective CYP21A2 causes Adrenal hyperplasia 3 (AH3)"	"2/238"	"78/7644"	0.704108107875717	0.988620744486245	0.955353954982394	"CYP24A1/FMO2"	2
"M2"	"Defective CYP24A1 causes Hypercalcemia, infantile (HCAI)"	"Defective CYP24A1 causes Hypercalcemia, infantile (HCAI)"	"2/238"	"78/7644"	0.704108107875717	0.988620744486245	0.955353954982394	"CYP24A1/FMO2"	2
"M2"	"Defective CYP26B1 causes Radiohumeral fusions with other skeletal and craniofacial anomalies (RHFCA)"	"Defective CYP26B1 causes Radiohumeral fusions with other skeletal and craniofacial anomalies (RHFCA)"	"2/238"	"78/7644"	0.704108107875717	0.988620744486245	0.955353954982394	"CYP24A1/FMO2"	2
"M2"	"Defective CYP26C1 causes Focal facial dermal dysplasia 4 (FFDD4)"	"Defective CYP26C1 causes Focal facial dermal dysplasia 4 (FFDD4)"	"2/238"	"78/7644"	0.704108107875717	0.988620744486245	0.955353954982394	"CYP24A1/FMO2"	2
"M2"	"Defective CYP27A1 causes Cerebrotendinous xanthomatosis (CTX)"	"Defective CYP27A1 causes Cerebrotendinous xanthomatosis (CTX)"	"2/238"	"78/7644"	0.704108107875717	0.988620744486245	0.955353954982394	"CYP24A1/FMO2"	2
"M2"	"Defective CYP27B1 causes Rickets vitamin D-dependent 1A (VDDR1A)"	"Defective CYP27B1 causes Rickets vitamin D-dependent 1A (VDDR1A)"	"2/238"	"78/7644"	0.704108107875717	0.988620744486245	0.955353954982394	"CYP24A1/FMO2"	2
"M2"	"Defective CYP2R1 causes Rickets vitamin D-dependent 1B (VDDR1B)"	"Defective CYP2R1 causes Rickets vitamin D-dependent 1B (VDDR1B)"	"2/238"	"78/7644"	0.704108107875717	0.988620744486245	0.955353954982394	"CYP24A1/FMO2"	2
"M2"	"Defective CYP2U1 causes Spastic paraplegia 56, autosomal recessive (SPG56)"	"Defective CYP2U1 causes Spastic paraplegia 56, autosomal recessive (SPG56)"	"2/238"	"78/7644"	0.704108107875717	0.988620744486245	0.955353954982394	"CYP24A1/FMO2"	2
"M2"	"Defective CYP4F22 causes Ichthyosis, congenital, autosomal recessive 5 (ARCI5)"	"Defective CYP4F22 causes Ichthyosis, congenital, autosomal recessive 5 (ARCI5)"	"2/238"	"78/7644"	0.704108107875717	0.988620744486245	0.955353954982394	"CYP24A1/FMO2"	2
"M2"	"Defective CYP7B1 causes Spastic paraplegia 5A, autosomal recessive (SPG5A) and Congenital bile acid synthesis defect 3 (CBAS3)"	"Defective CYP7B1 causes Spastic paraplegia 5A, autosomal recessive (SPG5A) and Congenital bile acid synthesis defect 3 (CBAS3)"	"2/238"	"78/7644"	0.704108107875717	0.988620744486245	0.955353954982394	"CYP24A1/FMO2"	2
"M2"	"Defective FMO3 causes Trimethylaminuria (TMAU)"	"Defective FMO3 causes Trimethylaminuria (TMAU)"	"2/238"	"78/7644"	0.704108107875717	0.988620744486245	0.955353954982394	"CYP24A1/FMO2"	2
"M2"	"Defective MAOA causes Brunner syndrome (BRUNS)"	"Defective MAOA causes Brunner syndrome (BRUNS)"	"2/238"	"78/7644"	0.704108107875717	0.988620744486245	0.955353954982394	"CYP24A1/FMO2"	2
"M2"	"Defective TBXAS1 causes Ghosal hematodiaphyseal dysplasia (GHDD)"	"Defective TBXAS1 causes Ghosal hematodiaphyseal dysplasia (GHDD)"	"2/238"	"78/7644"	0.704108107875717	0.988620744486245	0.955353954982394	"CYP24A1/FMO2"	2
"M2"	"Metabolism of nucleotides"	"Metabolism of nucleotides"	"2/238"	"78/7644"	0.704108107875717	0.988620744486245	0.955353954982394	"TYMP/RRM2"	2
"M2"	"Phase 1 - Functionalization of compounds"	"Phase 1 - Functionalization of compounds"	"2/238"	"78/7644"	0.704108107875717	0.988620744486245	0.955353954982394	"CYP24A1/FMO2"	2
"M2"	"Class C/3 (Metabotropic glutamate/pheromone receptors)"	"Class C/3 (Metabotropic glutamate/pheromone receptors)"	"1/238"	"40/7644"	0.718750322902538	0.988620744486245	0.955353954982394	"TAS1R3"	1
"M2"	"Glucose transport"	"Glucose transport"	"1/238"	"40/7644"	0.718750322902538	0.988620744486245	0.955353954982394	"HK3"	1
"M2"	"Interleukin-1 signaling"	"Interleukin-1 signaling"	"1/238"	"40/7644"	0.718750322902538	0.988620744486245	0.955353954982394	"IL1B"	1
"M2"	"Negative regulation of FGFR signaling"	"Negative regulation of FGFR signaling"	"1/238"	"40/7644"	0.718750322902538	0.988620744486245	0.955353954982394	"FGFR3"	1
"M2"	"EPHB-mediated forward signaling"	"EPHB-mediated forward signaling"	"1/238"	"41/7644"	0.727553245462926	0.988620744486245	0.955353954982394	"EPHB6"	1
"M2"	"Retinoid metabolism and transport"	"Retinoid metabolism and transport"	"1/238"	"41/7644"	0.727553245462926	0.988620744486245	0.955353954982394	"LRP8"	1
"M2"	"Signaling by Retinoic Acid"	"Signaling by Retinoic Acid"	"1/238"	"41/7644"	0.727553245462926	0.988620744486245	0.955353954982394	"PDK4"	1
"M2"	"Transcriptional activity of SMAD2/SMAD3:SMAD4 heterotrimer"	"Transcriptional activity of SMAD2/SMAD3:SMAD4 heterotrimer"	"1/238"	"41/7644"	0.727553245462926	0.988620744486245	0.955353954982394	"MYC"	1
"M2"	"Amine ligand-binding receptors"	"Amine ligand-binding receptors"	"1/238"	"42/7644"	0.736081764150263	0.988620744486245	0.955353954982394	"CHRM3"	1
"M2"	"Formation of HIV-1 elongation complex containing HIV-1 Tat"	"Formation of HIV-1 elongation complex containing HIV-1 Tat"	"1/238"	"42/7644"	0.736081764150263	0.988620744486245	0.955353954982394	"GTF2H2"	1
"M2"	"Formation of HIV elongation complex in the absence of HIV Tat"	"Formation of HIV elongation complex in the absence of HIV Tat"	"1/238"	"42/7644"	0.736081764150263	0.988620744486245	0.955353954982394	"GTF2H2"	1
"M2"	"Formation of RNA Pol II elongation complex"	"Formation of RNA Pol II elongation complex"	"1/238"	"42/7644"	0.736081764150263	0.988620744486245	0.955353954982394	"GTF2H2"	1
"M2"	"HIV Transcription Elongation"	"HIV Transcription Elongation"	"1/238"	"42/7644"	0.736081764150263	0.988620744486245	0.955353954982394	"GTF2H2"	1
"M2"	"Neurotransmitter Release Cycle"	"Neurotransmitter Release Cycle"	"1/238"	"42/7644"	0.736081764150263	0.988620744486245	0.955353954982394	"SLC6A13"	1
"M2"	"RNA Polymerase II Transcription Elongation"	"RNA Polymerase II Transcription Elongation"	"1/238"	"42/7644"	0.736081764150263	0.988620744486245	0.955353954982394	"GTF2H2"	1
"M2"	"Tat-mediated elongation of the HIV-1 transcript"	"Tat-mediated elongation of the HIV-1 transcript"	"1/238"	"42/7644"	0.736081764150263	0.988620744486245	0.955353954982394	"GTF2H2"	1
"M2"	"Triglyceride Biosynthesis"	"Triglyceride Biosynthesis"	"1/238"	"42/7644"	0.736081764150263	0.988620744486245	0.955353954982394	"ACSL5"	1
"M2"	"tRNA Aminoacylation"	"tRNA Aminoacylation"	"1/238"	"42/7644"	0.736081764150263	0.988620744486245	0.955353954982394	"WARS"	1
"M2"	"p75 NTR receptor-mediated signalling"	"p75 NTR receptor-mediated signalling"	"2/238"	"83/7644"	0.736099245476396	0.988620744486245	0.955353954982394	"FGD2/VAV1"	2
"M2"	"HIV Transcription Initiation"	"HIV Transcription Initiation"	"1/238"	"43/7644"	0.744344397685154	0.988620744486245	0.955353954982394	"GTF2H2"	1
"M2"	"Pyruvate metabolism and Citric Acid (TCA) cycle"	"Pyruvate metabolism and Citric Acid (TCA) cycle"	"1/238"	"43/7644"	0.744344397685154	0.988620744486245	0.955353954982394	"PDK4"	1
"M2"	"RNA Polymerase II HIV Promoter Escape"	"RNA Polymerase II HIV Promoter Escape"	"1/238"	"43/7644"	0.744344397685154	0.988620744486245	0.955353954982394	"GTF2H2"	1
"M2"	"RNA Polymerase II Promoter Escape"	"RNA Polymerase II Promoter Escape"	"1/238"	"43/7644"	0.744344397685154	0.988620744486245	0.955353954982394	"GTF2H2"	1
"M2"	"RNA Polymerase II Transcription Initiation"	"RNA Polymerase II Transcription Initiation"	"1/238"	"43/7644"	0.744344397685154	0.988620744486245	0.955353954982394	"GTF2H2"	1
"M2"	"RNA Polymerase II Transcription Initiation And Promoter Clearance"	"RNA Polymerase II Transcription Initiation And Promoter Clearance"	"1/238"	"43/7644"	0.744344397685154	0.988620744486245	0.955353954982394	"GTF2H2"	1
"M2"	"RNA Polymerase II Transcription Pre-Initiation And Promoter Opening"	"RNA Polymerase II Transcription Pre-Initiation And Promoter Opening"	"1/238"	"43/7644"	0.744344397685154	0.988620744486245	0.955353954982394	"GTF2H2"	1
"M2"	"FRS2-mediated cascade"	"FRS2-mediated cascade"	"1/238"	"44/7644"	0.752349401415049	0.988620744486245	0.955353954982394	"FGFR3"	1
"M2"	"Inositol phosphate metabolism"	"Inositol phosphate metabolism"	"1/238"	"44/7644"	0.752349401415049	0.988620744486245	0.955353954982394	"PLCB4"	1
"M2"	"Collagen formation"	"Collagen formation"	"2/238"	"86/7644"	0.753850656282619	0.988620744486245	0.955353954982394	"MMP9/COL11A2"	2
"M2"	"Transcription-coupled NER (TC-NER)"	"Transcription-coupled NER (TC-NER)"	"1/238"	"45/7644"	0.760104775423367	0.988620744486245	0.955353954982394	"GTF2H2"	1
"M2"	"Defensins"	"Defensins"	"1/238"	"46/7644"	0.767618272389973	0.988620744486245	0.955353954982394	"CCR2"	1
"M2"	"Hexose transport"	"Hexose transport"	"1/238"	"46/7644"	0.767618272389973	0.988620744486245	0.955353954982394	"HK3"	1
"M2"	"NOTCH1 Intracellular Domain Regulates Transcription"	"NOTCH1 Intracellular Domain Regulates Transcription"	"1/238"	"47/7644"	0.774897405210608	0.988620744486245	0.955353954982394	"MYC"	1
"M2"	"RNA Polymerase I Transcription Initiation"	"RNA Polymerase I Transcription Initiation"	"1/238"	"47/7644"	0.774897405210608	0.988620744486245	0.955353954982394	"GTF2H2"	1
"M2"	"Regulation of activated PAK-2p34 by proteasome mediated degradation"	"Regulation of activated PAK-2p34 by proteasome mediated degradation"	"1/238"	"49/7644"	0.78878147516422	0.988620744486245	0.955353954982394	"PSMB9"	1
"M2"	"Signaling by Wnt"	"Signaling by Wnt"	"7/238"	"286/7644"	0.793885797491809	0.988620744486245	0.955353954982394	"PSMB9/RAC2/CCDC88C/MYC/GNAO1/PRKCB/WNT5B"	7
"M2"	"CDK-mediated phosphorylation and removal of Cdc6"	"CDK-mediated phosphorylation and removal of Cdc6"	"1/238"	"50/7644"	0.795400304513913	0.988620744486245	0.955353954982394	"PSMB9"	1
"M2"	"Nucleotide Excision Repair"	"Nucleotide Excision Repair"	"1/238"	"50/7644"	0.795400304513913	0.988620744486245	0.955353954982394	"GTF2H2"	1
"M2"	"Regulation of Apoptosis"	"Regulation of Apoptosis"	"1/238"	"50/7644"	0.795400304513913	0.988620744486245	0.955353954982394	"PSMB9"	1
"M2"	"Regulation of ornithine decarboxylase (ODC)"	"Regulation of ornithine decarboxylase (ODC)"	"1/238"	"50/7644"	0.795400304513913	0.988620744486245	0.955353954982394	"PSMB9"	1
"M2"	"Ubiquitin-dependent degradation of Cyclin D"	"Ubiquitin-dependent degradation of Cyclin D"	"1/238"	"50/7644"	0.795400304513913	0.988620744486245	0.955353954982394	"PSMB9"	1
"M2"	"Ubiquitin-dependent degradation of Cyclin D1"	"Ubiquitin-dependent degradation of Cyclin D1"	"1/238"	"50/7644"	0.795400304513913	0.988620744486245	0.955353954982394	"PSMB9"	1
"M2"	"EPH-Ephrin signaling"	"EPH-Ephrin signaling"	"2/238"	"94/7644"	0.796240038105153	0.988620744486245	0.955353954982394	"EPHB6/MMP9"	2
"M2"	"Signalling by NGF"	"Signalling by NGF"	"7/238"	"287/7644"	0.796818450483285	0.988620744486245	0.955353954982394	"NRG1/FGFR3/FGD2/CD86/VAV1/LCK/ADCY7"	7
"M2"	"Autodegradation of the E3 ubiquitin ligase COP1"	"Autodegradation of the E3 ubiquitin ligase COP1"	"1/238"	"51/7644"	0.80181256781727	0.988620744486245	0.955353954982394	"PSMB9"	1
"M2"	"Nuclear Receptor transcription pathway"	"Nuclear Receptor transcription pathway"	"1/238"	"51/7644"	0.80181256781727	0.988620744486245	0.955353954982394	"NR2F1"	1
"M2"	"MyD88:Mal cascade initiated on plasma membrane"	"MyD88:Mal cascade initiated on plasma membrane"	"2/238"	"96/7644"	0.805779926606969	0.988620744486245	0.955353954982394	"LY96/BTK"	2
"M2"	"Toll Like Receptor 2 (TLR2) Cascade"	"Toll Like Receptor 2 (TLR2) Cascade"	"2/238"	"96/7644"	0.805779926606969	0.988620744486245	0.955353954982394	"LY96/BTK"	2
"M2"	"Toll Like Receptor TLR1:TLR2 Cascade"	"Toll Like Receptor TLR1:TLR2 Cascade"	"2/238"	"96/7644"	0.805779926606969	0.988620744486245	0.955353954982394	"LY96/BTK"	2
"M2"	"Toll Like Receptor TLR6:TLR2 Cascade"	"Toll Like Receptor TLR6:TLR2 Cascade"	"2/238"	"96/7644"	0.805779926606969	0.988620744486245	0.955353954982394	"LY96/BTK"	2
"M2"	"p53-Independent DNA Damage Response"	"p53-Independent DNA Damage Response"	"1/238"	"52/7644"	0.808024685407088	0.988620744486245	0.955353954982394	"PSMB9"	1
"M2"	"p53-Independent G1/S DNA damage checkpoint"	"p53-Independent G1/S DNA damage checkpoint"	"1/238"	"52/7644"	0.808024685407088	0.988620744486245	0.955353954982394	"PSMB9"	1
"M2"	"Stabilization of p53"	"Stabilization of p53"	"1/238"	"52/7644"	0.808024685407088	0.988620744486245	0.955353954982394	"PSMB9"	1
"M2"	"Ubiquitin Mediated Degradation of Phosphorylated Cdc25A"	"Ubiquitin Mediated Degradation of Phosphorylated Cdc25A"	"1/238"	"52/7644"	0.808024685407088	0.988620744486245	0.955353954982394	"PSMB9"	1
"M2"	"Vpu mediated degradation of CD4"	"Vpu mediated degradation of CD4"	"1/238"	"52/7644"	0.808024685407088	0.988620744486245	0.955353954982394	"PSMB9"	1
"M2"	"Phospholipid metabolism"	"Phospholipid metabolism"	"3/238"	"138/7644"	0.809375199482581	0.988620744486245	0.955353954982394	"PIK3R5/PLA2G4A/PIK3CG"	3
"M2"	"Transport of glucose and other sugars, bile salts and organic acids, metal ions and amine compounds"	"Transport of glucose and other sugars, bile salts and organic acids, metal ions and amine compounds"	"2/238"	"97/7644"	0.810399924965349	0.988620744486245	0.955353954982394	"SLC6A13/CP"	2
"M2"	"Stimuli-sensing channels"	"Stimuli-sensing channels"	"2/238"	"98/7644"	0.814922072805299	0.988620744486245	0.955353954982394	"SCNN1G/SCNN1B"	2
"M2"	"Neurotransmitter Receptor Binding And Downstream Transmission In The  Postsynaptic Cell"	"Neurotransmitter Receptor Binding And Downstream Transmission In The  Postsynaptic Cell"	"3/238"	"140/7644"	0.817057653446807	0.988620744486245	0.955353954982394	"KCNJ5/PRKCB/ADCY7"	3
"M2"	"Hedgehog 'off' state"	"Hedgehog 'off' state"	"2/238"	"99/7644"	0.819347953205624	0.988620744486245	0.955353954982394	"PSMB9/ADCY7"	2
"M2"	"MyD88-independent cascade"	"MyD88-independent cascade"	"2/238"	"99/7644"	0.819347953205624	0.988620744486245	0.955353954982394	"BIRC3/LY96"	2
"M2"	"Toll Like Receptor 3 (TLR3) Cascade"	"Toll Like Receptor 3 (TLR3) Cascade"	"2/238"	"99/7644"	0.819347953205624	0.988620744486245	0.955353954982394	"BIRC3/LY96"	2
"M2"	"TRIF-mediated TLR3/TLR4 signaling"	"TRIF-mediated TLR3/TLR4 signaling"	"2/238"	"99/7644"	0.819347953205624	0.988620744486245	0.955353954982394	"BIRC3/LY96"	2
"M2"	"AUF1 (hnRNP D0) destabilizes mRNA"	"AUF1 (hnRNP D0) destabilizes mRNA"	"1/238"	"54/7644"	0.819873177240227	0.988620744486245	0.955353954982394	"PSMB9"	1
"M2"	"degradation of AXIN"	"degradation of AXIN"	"1/238"	"54/7644"	0.819873177240227	0.988620744486245	0.955353954982394	"PSMB9"	1
"M2"	"SCF-beta-TrCP mediated degradation of Emi1"	"SCF-beta-TrCP mediated degradation of Emi1"	"1/238"	"54/7644"	0.819873177240227	0.988620744486245	0.955353954982394	"PSMB9"	1
"M2"	"Vif-mediated degradation of APOBEC3G"	"Vif-mediated degradation of APOBEC3G"	"1/238"	"54/7644"	0.819873177240227	0.988620744486245	0.955353954982394	"PSMB9"	1
"M2"	"Resolution of Sister Chromatid Cohesion"	"Resolution of Sister Chromatid Cohesion"	"2/238"	"100/7644"	0.823679145946799	0.988620744486245	0.955353954982394	"BUB1/BIRC5"	2
"M2"	"Circadian Clock"	"Circadian Clock"	"1/238"	"55/7644"	0.825521422802391	0.988620744486245	0.955353954982394	"ARNTL2"	1
"M2"	"ECM proteoglycans"	"ECM proteoglycans"	"1/238"	"55/7644"	0.825521422802391	0.988620744486245	0.955353954982394	"ITGAX"	1
"M2"	"degradation of DVL"	"degradation of DVL"	"1/238"	"56/7644"	0.830993276982524	0.988620744486245	0.955353954982394	"PSMB9"	1
"M2"	"RNA Polymerase I Chain Elongation"	"RNA Polymerase I Chain Elongation"	"1/238"	"56/7644"	0.830993276982524	0.988620744486245	0.955353954982394	"GTF2H2"	1
"M2"	"SCF(Skp2)-mediated degradation of p27/p21"	"SCF(Skp2)-mediated degradation of p27/p21"	"1/238"	"56/7644"	0.830993276982524	0.988620744486245	0.955353954982394	"PSMB9"	1
"M2"	"Constitutive Signaling by NOTCH1 HD+PEST Domain Mutants"	"Constitutive Signaling by NOTCH1 HD+PEST Domain Mutants"	"1/238"	"57/7644"	0.836294225859456	0.988620744486245	0.955353954982394	"MYC"	1
"M2"	"Constitutive Signaling by NOTCH1 PEST Domain Mutants"	"Constitutive Signaling by NOTCH1 PEST Domain Mutants"	"1/238"	"57/7644"	0.836294225859456	0.988620744486245	0.955353954982394	"MYC"	1
"M2"	"p53-Dependent G1 DNA Damage Response"	"p53-Dependent G1 DNA Damage Response"	"1/238"	"57/7644"	0.836294225859456	0.988620744486245	0.955353954982394	"PSMB9"	1
"M2"	"p53-Dependent G1/S DNA damage checkpoint"	"p53-Dependent G1/S DNA damage checkpoint"	"1/238"	"57/7644"	0.836294225859456	0.988620744486245	0.955353954982394	"PSMB9"	1
"M2"	"HIV Life Cycle"	"HIV Life Cycle"	"3/238"	"146/7644"	0.838549979195275	0.988620744486245	0.955353954982394	"CXCR4/CCR5/GTF2H2"	3
"M2"	"CDT1 association with the CDC6:ORC:origin complex"	"CDT1 association with the CDC6:ORC:origin complex"	"1/238"	"58/7644"	0.841429585586021	0.988620744486245	0.955353954982394	"PSMB9"	1
"M2"	"formation of the beta-catenin:TCF transactivating complex"	"formation of the beta-catenin:TCF transactivating complex"	"1/238"	"58/7644"	0.841429585586021	0.988620744486245	0.955353954982394	"MYC"	1
"M2"	"Hh ligand biogenesis disease"	"Hh ligand biogenesis disease"	"1/238"	"58/7644"	0.841429585586021	0.988620744486245	0.955353954982394	"PSMB9"	1
"M2"	"M Phase"	"M Phase"	"6/238"	"266/7644"	0.842214968229772	0.988620744486245	0.955353954982394	"PSMB9/NEK6/PRKCB/BUB1/KIF20A/BIRC5"	6
"M2"	"Degradation of GLI1 by the proteasome"	"Degradation of GLI1 by the proteasome"	"1/238"	"59/7644"	0.846404507630646	0.988620744486245	0.955353954982394	"PSMB9"	1
"M2"	"Degradation of GLI2 by the proteasome"	"Degradation of GLI2 by the proteasome"	"1/238"	"59/7644"	0.846404507630646	0.988620744486245	0.955353954982394	"PSMB9"	1
"M2"	"GLI3 is processed to GLI3R by the proteasome"	"GLI3 is processed to GLI3R by the proteasome"	"1/238"	"59/7644"	0.846404507630646	0.988620744486245	0.955353954982394	"PSMB9"	1
"M2"	"Mitotic Prophase"	"Mitotic Prophase"	"2/238"	"106/7644"	0.847765597200574	0.988620744486245	0.955353954982394	"NEK6/PRKCB"	2
"M2"	"Autodegradation of Cdh1 by Cdh1:APC/C"	"Autodegradation of Cdh1 by Cdh1:APC/C"	"1/238"	"60/7644"	0.851223983857925	0.988620744486245	0.955353954982394	"PSMB9"	1
"M2"	"Cytochrome P450 - arranged by substrate type"	"Cytochrome P450 - arranged by substrate type"	"1/238"	"60/7644"	0.851223983857925	0.988620744486245	0.955353954982394	"CYP24A1"	1
"M2"	"G1/S DNA Damage Checkpoints"	"G1/S DNA Damage Checkpoints"	"1/238"	"60/7644"	0.851223983857925	0.988620744486245	0.955353954982394	"PSMB9"	1
"M2"	"Translocation of GLUT4 to the plasma membrane"	"Translocation of GLUT4 to the plasma membrane"	"1/238"	"60/7644"	0.851223983857925	0.988620744486245	0.955353954982394	"MYH3"	1
"M2"	"Mitotic Prometaphase"	"Mitotic Prometaphase"	"2/238"	"108/7644"	0.855107443591653	0.988620744486245	0.955353954982394	"BUB1/BIRC5"	2
"M2"	"Ca2+ pathway"	"Ca2+ pathway"	"1/238"	"61/7644"	0.8558928514531	0.988620744486245	0.955353954982394	"GNAO1"	1
"M2"	"RNA Polymerase II Pre-transcription Events"	"RNA Polymerase II Pre-transcription Events"	"1/238"	"62/7644"	0.860415797695242	0.988620744486245	0.955353954982394	"GTF2H2"	1
"M2"	"Asymmetric localization of PCP proteins"	"Asymmetric localization of PCP proteins"	"1/238"	"63/7644"	0.864797364583733	0.988620744486245	0.955353954982394	"PSMB9"	1
"M2"	"APC/C:Cdc20 mediated degradation of Securin"	"APC/C:Cdc20 mediated degradation of Securin"	"1/238"	"64/7644"	0.869041953322563	0.988620744486245	0.955353954982394	"PSMB9"	1
"M2"	"Collagen biosynthesis and modifying enzymes"	"Collagen biosynthesis and modifying enzymes"	"1/238"	"64/7644"	0.869041953322563	0.988620744486245	0.955353954982394	"COL11A2"	1
"M2"	"Hedgehog ligand biogenesis"	"Hedgehog ligand biogenesis"	"1/238"	"64/7644"	0.869041953322563	0.988620744486245	0.955353954982394	"PSMB9"	1
"M2"	"O-linked glycosylation of mucins"	"O-linked glycosylation of mucins"	"1/238"	"64/7644"	0.869041953322563	0.988620744486245	0.955353954982394	"GALNT9"	1
"M2"	"Processing-defective Hh variants abrogate ligand secretion"	"Processing-defective Hh variants abrogate ligand secretion"	"1/238"	"64/7644"	0.869041953322563	0.988620744486245	0.955353954982394	"PSMB9"	1
"M2"	"Post-translational protein modification"	"Post-translational protein modification"	"6/238"	"278/7644"	0.870482299801557	0.988620744486245	0.955353954982394	"ST6GAL2/ADAMTS15/ADAMTSL4/ADAMTSL3/GALNT9/ST8SIA1"	6
"M2"	"Transcription of the HIV genome"	"Transcription of the HIV genome"	"1/238"	"65/7644"	0.873153828666788	0.988620744486245	0.955353954982394	"GTF2H2"	1
"M2"	"Assembly of the pre-replicative complex"	"Assembly of the pre-replicative complex"	"1/238"	"67/7644"	0.880995841094424	0.988620744486245	0.955353954982394	"PSMB9"	1
"M2"	"Signaling by Insulin receptor"	"Signaling by Insulin receptor"	"2/238"	"116/7644"	0.881359491523158	0.988620744486245	0.955353954982394	"FGFR3/ATP6V1G2"	2
"M2"	"Separation of Sister Chromatids"	"Separation of Sister Chromatids"	"3/238"	"161/7644"	0.88299856680943	0.988620744486245	0.955353954982394	"PSMB9/BUB1/BIRC5"	3
"M2"	"PI3K Cascade"	"PI3K Cascade"	"1/238"	"68/7644"	0.884733862715055	0.988620744486245	0.955353954982394	"FGFR3"	1
"M2"	"Asparagine N-linked glycosylation"	"Asparagine N-linked glycosylation"	"2/238"	"118/7644"	0.887201062017586	0.988620744486245	0.955353954982394	"ST6GAL2/ST8SIA1"	2
"M2"	"Defective ALG11 causes ALG11-CDG (CDG-1p)"	"Defective ALG11 causes ALG11-CDG (CDG-1p)"	"2/238"	"118/7644"	0.887201062017586	0.988620744486245	0.955353954982394	"ST6GAL2/ST8SIA1"	2
"M2"	"Defective ALG12 causes ALG12-CDG (CDG-1g)"	"Defective ALG12 causes ALG12-CDG (CDG-1g)"	"2/238"	"118/7644"	0.887201062017586	0.988620744486245	0.955353954982394	"ST6GAL2/ST8SIA1"	2
"M2"	"Defective ALG14 causes congenital myasthenic syndrome (ALG14-CMS)"	"Defective ALG14 causes congenital myasthenic syndrome (ALG14-CMS)"	"2/238"	"118/7644"	0.887201062017586	0.988620744486245	0.955353954982394	"ST6GAL2/ST8SIA1"	2
"M2"	"Defective ALG1 causes ALG1-CDG (CDG-1k)"	"Defective ALG1 causes ALG1-CDG (CDG-1k)"	"2/238"	"118/7644"	0.887201062017586	0.988620744486245	0.955353954982394	"ST6GAL2/ST8SIA1"	2
"M2"	"Defective ALG2 causes ALG2-CDG (CDG-1i)"	"Defective ALG2 causes ALG2-CDG (CDG-1i)"	"2/238"	"118/7644"	0.887201062017586	0.988620744486245	0.955353954982394	"ST6GAL2/ST8SIA1"	2
"M2"	"Defective ALG3 causes ALG3-CDG (CDG-1d)"	"Defective ALG3 causes ALG3-CDG (CDG-1d)"	"2/238"	"118/7644"	0.887201062017586	0.988620744486245	0.955353954982394	"ST6GAL2/ST8SIA1"	2
"M2"	"Defective ALG6 causes ALG6-CDG (CDG-1c)"	"Defective ALG6 causes ALG6-CDG (CDG-1c)"	"2/238"	"118/7644"	0.887201062017586	0.988620744486245	0.955353954982394	"ST6GAL2/ST8SIA1"	2
"M2"	"Defective ALG8 causes ALG8-CDG (CDG-1h)"	"Defective ALG8 causes ALG8-CDG (CDG-1h)"	"2/238"	"118/7644"	0.887201062017586	0.988620744486245	0.955353954982394	"ST6GAL2/ST8SIA1"	2
"M2"	"Defective ALG9 causes ALG9-CDG (CDG-1l)"	"Defective ALG9 causes ALG9-CDG (CDG-1l)"	"2/238"	"118/7644"	0.887201062017586	0.988620744486245	0.955353954982394	"ST6GAL2/ST8SIA1"	2
"M2"	"Defective DPAGT1 causes DPAGT1-CDG (CDG-1j) and CMSTA2"	"Defective DPAGT1 causes DPAGT1-CDG (CDG-1j) and CMSTA2"	"2/238"	"118/7644"	0.887201062017586	0.988620744486245	0.955353954982394	"ST6GAL2/ST8SIA1"	2
"M2"	"Defective MAN1B1 causes MRT15"	"Defective MAN1B1 causes MRT15"	"2/238"	"118/7644"	0.887201062017586	0.988620744486245	0.955353954982394	"ST6GAL2/ST8SIA1"	2
"M2"	"Defective MGAT2 causes MGAT2-CDG (CDG-2a)"	"Defective MGAT2 causes MGAT2-CDG (CDG-2a)"	"2/238"	"118/7644"	0.887201062017586	0.988620744486245	0.955353954982394	"ST6GAL2/ST8SIA1"	2
"M2"	"Defective MOGS causes MOGS-CDG (CDG-2b)"	"Defective MOGS causes MOGS-CDG (CDG-2b)"	"2/238"	"118/7644"	0.887201062017586	0.988620744486245	0.955353954982394	"ST6GAL2/ST8SIA1"	2
"M2"	"Defective MPDU1 causes MPDU1-CDG (CDG-1f)"	"Defective MPDU1 causes MPDU1-CDG (CDG-1f)"	"2/238"	"118/7644"	0.887201062017586	0.988620744486245	0.955353954982394	"ST6GAL2/ST8SIA1"	2
"M2"	"Defective RFT1 causes RFT1-CDG (CDG-1n)"	"Defective RFT1 causes RFT1-CDG (CDG-1n)"	"2/238"	"118/7644"	0.887201062017586	0.988620744486245	0.955353954982394	"ST6GAL2/ST8SIA1"	2
"M2"	"Diseases associated with N-glycosylation of proteins"	"Diseases associated with N-glycosylation of proteins"	"2/238"	"118/7644"	0.887201062017586	0.988620744486245	0.955353954982394	"ST6GAL2/ST8SIA1"	2
"M2"	"APC/C:Cdh1 mediated degradation of Cdc20 and other APC/C:Cdh1 targeted proteins in late mitosis/early G1"	"APC/C:Cdh1 mediated degradation of Cdc20 and other APC/C:Cdh1 targeted proteins in late mitosis/early G1"	"1/238"	"69/7644"	0.888354947809276	0.988620744486245	0.955353954982394	"PSMB9"	1
"M2"	"Cdc20:Phospho-APC/C mediated degradation of Cyclin A"	"Cdc20:Phospho-APC/C mediated degradation of Cyclin A"	"1/238"	"69/7644"	0.888354947809276	0.988620744486245	0.955353954982394	"PSMB9"	1
"M2"	"Glucose metabolism"	"Glucose metabolism"	"1/238"	"69/7644"	0.888354947809276	0.988620744486245	0.955353954982394	"ALDOC"	1
"M2"	"APC:Cdc20 mediated degradation of cell cycle proteins prior to satisfation of the cell cycle checkpoint"	"APC:Cdc20 mediated degradation of cell cycle proteins prior to satisfation of the cell cycle checkpoint"	"1/238"	"70/7644"	0.891862739548074	0.988620744486245	0.955353954982394	"PSMB9"	1
"M2"	"Loss of Function of SMAD2/3 in Cancer"	"Loss of Function of SMAD2/3 in Cancer"	"1/238"	"70/7644"	0.891862739548074	0.988620744486245	0.955353954982394	"MYC"	1
"M2"	"Loss of Function of SMAD4 in Cancer"	"Loss of Function of SMAD4 in Cancer"	"1/238"	"70/7644"	0.891862739548074	0.988620744486245	0.955353954982394	"MYC"	1
"M2"	"Loss of Function of TGFBR1 in Cancer"	"Loss of Function of TGFBR1 in Cancer"	"1/238"	"70/7644"	0.891862739548074	0.988620744486245	0.955353954982394	"MYC"	1
"M2"	"Loss of Function of TGFBR2 in Cancer"	"Loss of Function of TGFBR2 in Cancer"	"1/238"	"70/7644"	0.891862739548074	0.988620744486245	0.955353954982394	"MYC"	1
"M2"	"NCAM signaling for neurite out-growth"	"NCAM signaling for neurite out-growth"	"1/238"	"70/7644"	0.891862739548074	0.988620744486245	0.955353954982394	"SPTBN4"	1
"M2"	"Orc1 removal from chromatin"	"Orc1 removal from chromatin"	"1/238"	"70/7644"	0.891862739548074	0.988620744486245	0.955353954982394	"PSMB9"	1
"M2"	"Signaling by TGF-beta Receptor Complex"	"Signaling by TGF-beta Receptor Complex"	"1/238"	"70/7644"	0.891862739548074	0.988620744486245	0.955353954982394	"MYC"	1
"M2"	"Signaling by TGF-beta Receptor Complex in Cancer"	"Signaling by TGF-beta Receptor Complex in Cancer"	"1/238"	"70/7644"	0.891862739548074	0.988620744486245	0.955353954982394	"MYC"	1
"M2"	"SMAD2/3 MH2 Domain Mutants in Cancer"	"SMAD2/3 MH2 Domain Mutants in Cancer"	"1/238"	"70/7644"	0.891862739548074	0.988620744486245	0.955353954982394	"MYC"	1
"M2"	"SMAD2/3 Phosphorylation Motif Mutants in Cancer"	"SMAD2/3 Phosphorylation Motif Mutants in Cancer"	"1/238"	"70/7644"	0.891862739548074	0.988620744486245	0.955353954982394	"MYC"	1
"M2"	"SMAD4 MH2 Domain Mutants in Cancer"	"SMAD4 MH2 Domain Mutants in Cancer"	"1/238"	"70/7644"	0.891862739548074	0.988620744486245	0.955353954982394	"MYC"	1
"M2"	"Switching of origins to a post-replicative state"	"Switching of origins to a post-replicative state"	"1/238"	"70/7644"	0.891862739548074	0.988620744486245	0.955353954982394	"PSMB9"	1
"M2"	"TGFBR1 KD Mutants in Cancer"	"TGFBR1 KD Mutants in Cancer"	"1/238"	"70/7644"	0.891862739548074	0.988620744486245	0.955353954982394	"MYC"	1
"M2"	"TGFBR1 LBD Mutants in Cancer"	"TGFBR1 LBD Mutants in Cancer"	"1/238"	"70/7644"	0.891862739548074	0.988620744486245	0.955353954982394	"MYC"	1
"M2"	"TGFBR2 Kinase Domain Mutants in Cancer"	"TGFBR2 Kinase Domain Mutants in Cancer"	"1/238"	"70/7644"	0.891862739548074	0.988620744486245	0.955353954982394	"MYC"	1
"M2"	"TGFBR2 MSI Frameshift Mutants in Cancer"	"TGFBR2 MSI Frameshift Mutants in Cancer"	"1/238"	"70/7644"	0.891862739548074	0.988620744486245	0.955353954982394	"MYC"	1
"M2"	"APC/C:Cdc20 mediated degradation of mitotic proteins"	"APC/C:Cdc20 mediated degradation of mitotic proteins"	"1/238"	"72/7644"	0.898552453949178	0.988620744486245	0.955353954982394	"PSMB9"	1
"M2"	"FBXW7 Mutants and NOTCH1 in Cancer"	"FBXW7 Mutants and NOTCH1 in Cancer"	"1/238"	"72/7644"	0.898552453949178	0.988620744486245	0.955353954982394	"MYC"	1
"M2"	"Removal of licensing factors from origins"	"Removal of licensing factors from origins"	"1/238"	"72/7644"	0.898552453949178	0.988620744486245	0.955353954982394	"PSMB9"	1
"M2"	"Signaling by NOTCH1"	"Signaling by NOTCH1"	"1/238"	"72/7644"	0.898552453949178	0.988620744486245	0.955353954982394	"MYC"	1
"M2"	"Signaling by NOTCH1 HD Domain Mutants in Cancer"	"Signaling by NOTCH1 HD Domain Mutants in Cancer"	"1/238"	"72/7644"	0.898552453949178	0.988620744486245	0.955353954982394	"MYC"	1
"M2"	"Signaling by NOTCH1 HD+PEST Domain Mutants in Cancer"	"Signaling by NOTCH1 HD+PEST Domain Mutants in Cancer"	"1/238"	"72/7644"	0.898552453949178	0.988620744486245	0.955353954982394	"MYC"	1
"M2"	"Signaling by NOTCH1 in Cancer"	"Signaling by NOTCH1 in Cancer"	"1/238"	"72/7644"	0.898552453949178	0.988620744486245	0.955353954982394	"MYC"	1
"M2"	"Signaling by NOTCH1 PEST Domain Mutants in Cancer"	"Signaling by NOTCH1 PEST Domain Mutants in Cancer"	"1/238"	"72/7644"	0.898552453949178	0.988620744486245	0.955353954982394	"MYC"	1
"M2"	"Signaling by NOTCH1 t(7;9)(NOTCH1:M1580_K2555) Translocation Mutant"	"Signaling by NOTCH1 t(7;9)(NOTCH1:M1580_K2555) Translocation Mutant"	"1/238"	"72/7644"	0.898552453949178	0.988620744486245	0.955353954982394	"MYC"	1
"M2"	"Activation of APC/C and APC/C:Cdc20 mediated degradation of mitotic proteins"	"Activation of APC/C and APC/C:Cdc20 mediated degradation of mitotic proteins"	"1/238"	"73/7644"	0.90174111163012	0.988620744486245	0.955353954982394	"PSMB9"	1
"M2"	"Antiviral mechanism by IFN-stimulated genes"	"Antiviral mechanism by IFN-stimulated genes"	"1/238"	"73/7644"	0.90174111163012	0.988620744486245	0.955353954982394	"STAT1"	1
"M2"	"ISG15 antiviral mechanism"	"ISG15 antiviral mechanism"	"1/238"	"73/7644"	0.90174111163012	0.988620744486245	0.955353954982394	"STAT1"	1
"M2"	"Signaling by WNT in cancer"	"Signaling by WNT in cancer"	"4/238"	"212/7644"	0.901790645467949	0.988620744486245	0.955353954982394	"PSMB9/CCDC88C/MYC/WNT5B"	4
"M2"	"S Phase"	"S Phase"	"2/238"	"124/7644"	0.903168606229416	0.988620744486245	0.955353954982394	"PSMB9/MYC"	2
"M2"	"NoRC negatively regulates rRNA expression"	"NoRC negatively regulates rRNA expression"	"1/238"	"74/7644"	0.904829952659315	0.988620744486245	0.955353954982394	"GTF2H2"	1
"M2"	"Factors involved in megakaryocyte development and platelet production"	"Factors involved in megakaryocyte development and platelet production"	"2/238"	"125/7644"	0.905616296848627	0.988620744486245	0.955353954982394	"DOCK2/KIF20A"	2
"M2"	"Regulation of DNA replication"	"Regulation of DNA replication"	"1/238"	"75/7644"	0.907822088890105	0.988620744486245	0.955353954982394	"PSMB9"	1
"M2"	"G alpha (s) signalling events"	"G alpha (s) signalling events"	"2/238"	"126/7644"	0.908006281304635	0.988620744486245	0.955353954982394	"PTGER4/ADCY7"	2
"M2"	"Mitotic Anaphase"	"Mitotic Anaphase"	"3/238"	"172/7644"	0.908333601069557	0.988620744486245	0.955353954982394	"PSMB9/BUB1/BIRC5"	3
"M2"	"Mitotic Metaphase and Anaphase"	"Mitotic Metaphase and Anaphase"	"3/238"	"173/7644"	0.910372207285467	0.988620744486245	0.955353954982394	"PSMB9/BUB1/BIRC5"	3
"M2"	"RNA Polymerase I Promoter Clearance"	"RNA Polymerase I Promoter Clearance"	"1/238"	"76/7644"	0.910720535559963	0.988620744486245	0.955353954982394	"GTF2H2"	1
"M2"	"Biological oxidations"	"Biological oxidations"	"3/238"	"174/7644"	0.91236978258211	0.988620744486245	0.955353954982394	"CYP24A1/HPGDS/FMO2"	3
"M2"	"FCERI mediated MAPK activation"	"FCERI mediated MAPK activation"	"1/238"	"77/7644"	0.913528214277818	0.988620744486245	0.955353954982394	"VAV1"	1
"M2"	"Negative epigenetic regulation of rRNA expression"	"Negative epigenetic regulation of rRNA expression"	"1/238"	"77/7644"	0.913528214277818	0.988620744486245	0.955353954982394	"GTF2H2"	1
"M2"	"Regulation of APC/C activators between G1/S and early anaphase"	"Regulation of APC/C activators between G1/S and early anaphase"	"1/238"	"77/7644"	0.913528214277818	0.988620744486245	0.955353954982394	"PSMB9"	1
"M2"	"RNA Polymerase I Transcription"	"RNA Polymerase I Transcription"	"1/238"	"78/7644"	0.916247955919404	0.988620744486245	0.955353954982394	"GTF2H2"	1
"M2"	"AMER1 mutants destabilize the destruction complex"	"AMER1 mutants destabilize the destruction complex"	"1/238"	"82/7644"	0.926301148323085	0.988620744486245	0.955353954982394	"PSMB9"	1
"M2"	"APC truncation mutants are not K63 polyubiquitinated"	"APC truncation mutants are not K63 polyubiquitinated"	"1/238"	"82/7644"	0.926301148323085	0.988620744486245	0.955353954982394	"PSMB9"	1
"M2"	"APC truncation mutants have impaired AXIN binding"	"APC truncation mutants have impaired AXIN binding"	"1/238"	"82/7644"	0.926301148323085	0.988620744486245	0.955353954982394	"PSMB9"	1
"M2"	"AXIN missense mutants destabilize the destruction complex"	"AXIN missense mutants destabilize the destruction complex"	"1/238"	"82/7644"	0.926301148323085	0.988620744486245	0.955353954982394	"PSMB9"	1
"M2"	"AXIN mutants destabilize the destruction complex, activating WNT signaling"	"AXIN mutants destabilize the destruction complex, activating WNT signaling"	"1/238"	"82/7644"	0.926301148323085	0.988620744486245	0.955353954982394	"PSMB9"	1
"M2"	"Degradation of beta-catenin by the destruction complex"	"Degradation of beta-catenin by the destruction complex"	"1/238"	"82/7644"	0.926301148323085	0.988620744486245	0.955353954982394	"PSMB9"	1
"M2"	"deletions in the AMER1 gene destabilize the destruction complex"	"deletions in the AMER1 gene destabilize the destruction complex"	"1/238"	"82/7644"	0.926301148323085	0.988620744486245	0.955353954982394	"PSMB9"	1
"M2"	"deletions in the AXIN genes in hepatocellular carcinoma result in elevated WNT signaling"	"deletions in the AXIN genes in hepatocellular carcinoma result in elevated WNT signaling"	"1/238"	"82/7644"	0.926301148323085	0.988620744486245	0.955353954982394	"PSMB9"	1
"M2"	"DNA Replication Pre-Initiation"	"DNA Replication Pre-Initiation"	"1/238"	"82/7644"	0.926301148323085	0.988620744486245	0.955353954982394	"PSMB9"	1
"M2"	"M/G1 Transition"	"M/G1 Transition"	"1/238"	"82/7644"	0.926301148323085	0.988620744486245	0.955353954982394	"PSMB9"	1
"M2"	"misspliced GSK3beta mutants stabilize beta-catenin"	"misspliced GSK3beta mutants stabilize beta-catenin"	"1/238"	"82/7644"	0.926301148323085	0.988620744486245	0.955353954982394	"PSMB9"	1
"M2"	"phosphorylation site mutants of CTNNB1 are not targeted to the proteasome by the destruction complex"	"phosphorylation site mutants of CTNNB1 are not targeted to the proteasome by the destruction complex"	"1/238"	"82/7644"	0.926301148323085	0.988620744486245	0.955353954982394	"PSMB9"	1
"M2"	"S33 mutants of beta-catenin aren't phosphorylated"	"S33 mutants of beta-catenin aren't phosphorylated"	"1/238"	"82/7644"	0.926301148323085	0.988620744486245	0.955353954982394	"PSMB9"	1
"M2"	"S37 mutants of beta-catenin aren't phosphorylated"	"S37 mutants of beta-catenin aren't phosphorylated"	"1/238"	"82/7644"	0.926301148323085	0.988620744486245	0.955353954982394	"PSMB9"	1
"M2"	"S45 mutants of beta-catenin aren't phosphorylated"	"S45 mutants of beta-catenin aren't phosphorylated"	"1/238"	"82/7644"	0.926301148323085	0.988620744486245	0.955353954982394	"PSMB9"	1
"M2"	"T41 mutants of beta-catenin aren't phosphorylated"	"T41 mutants of beta-catenin aren't phosphorylated"	"1/238"	"82/7644"	0.926301148323085	0.988620744486245	0.955353954982394	"PSMB9"	1
"M2"	"TCF7L2 mutants don't bind CTBP"	"TCF7L2 mutants don't bind CTBP"	"1/238"	"82/7644"	0.926301148323085	0.988620744486245	0.955353954982394	"PSMB9"	1
"M2"	"truncated APC mutants destabilize the destruction complex"	"truncated APC mutants destabilize the destruction complex"	"1/238"	"82/7644"	0.926301148323085	0.988620744486245	0.955353954982394	"PSMB9"	1
"M2"	"truncations of AMER1 destabilize the destruction complex"	"truncations of AMER1 destabilize the destruction complex"	"1/238"	"82/7644"	0.926301148323085	0.988620744486245	0.955353954982394	"PSMB9"	1
"M2"	"Unfolded Protein Response (UPR)"	"Unfolded Protein Response (UPR)"	"1/238"	"82/7644"	0.926301148323085	0.988620744486245	0.955353954982394	"CCL2"	1
"M2"	"APC/C-mediated degradation of cell cycle proteins"	"APC/C-mediated degradation of cell cycle proteins"	"1/238"	"83/7644"	0.928620683723655	0.988620744486245	0.955353954982394	"PSMB9"	1
"M2"	"Peptide hormone metabolism"	"Peptide hormone metabolism"	"1/238"	"83/7644"	0.928620683723655	0.988620744486245	0.955353954982394	"ANPEP"	1
"M2"	"Regulation of mitotic cell cycle"	"Regulation of mitotic cell cycle"	"1/238"	"83/7644"	0.928620683723655	0.988620744486245	0.955353954982394	"PSMB9"	1
"M2"	"Signaling by Hedgehog"	"Signaling by Hedgehog"	"2/238"	"136/7644"	0.928987380522275	0.988620744486245	0.955353954982394	"PSMB9/ADCY7"	2
"M2"	"Hedgehog 'on' state"	"Hedgehog 'on' state"	"1/238"	"85/7644"	0.933043906252126	0.988620744486245	0.955353954982394	"PSMB9"	1
"M2"	"IRS-mediated signalling"	"IRS-mediated signalling"	"1/238"	"85/7644"	0.933043906252126	0.988620744486245	0.955353954982394	"FGFR3"	1
"M2"	"Regulation of mRNA stability by proteins that bind AU-rich elements"	"Regulation of mRNA stability by proteins that bind AU-rich elements"	"1/238"	"86/7644"	0.93515206213412	0.988620744486245	0.955353954982394	"PSMB9"	1
"M2"	"Defective AMN causes hereditary megaloblastic anemia 1"	"Defective AMN causes hereditary megaloblastic anemia 1"	"1/238"	"87/7644"	0.93719411151386	0.988620744486245	0.955353954982394	"ACP5"	1
"M2"	"Defective BTD causes biotidinase deficiency"	"Defective BTD causes biotidinase deficiency"	"1/238"	"87/7644"	0.93719411151386	0.988620744486245	0.955353954982394	"ACP5"	1
"M2"	"Defective CD320 causes methylmalonic aciduria"	"Defective CD320 causes methylmalonic aciduria"	"1/238"	"87/7644"	0.93719411151386	0.988620744486245	0.955353954982394	"ACP5"	1
"M2"	"Defective CUBN causes hereditary megaloblastic anemia 1"	"Defective CUBN causes hereditary megaloblastic anemia 1"	"1/238"	"87/7644"	0.93719411151386	0.988620744486245	0.955353954982394	"ACP5"	1
"M2"	"Defective GIF causes intrinsic factor deficiency"	"Defective GIF causes intrinsic factor deficiency"	"1/238"	"87/7644"	0.93719411151386	0.988620744486245	0.955353954982394	"ACP5"	1
"M2"	"Defective HLCS causes multiple carboxylase deficiency"	"Defective HLCS causes multiple carboxylase deficiency"	"1/238"	"87/7644"	0.93719411151386	0.988620744486245	0.955353954982394	"ACP5"	1
"M2"	"Defective LMBRD1 causes methylmalonic aciduria and homocystinuria type cblF"	"Defective LMBRD1 causes methylmalonic aciduria and homocystinuria type cblF"	"1/238"	"87/7644"	0.93719411151386	0.988620744486245	0.955353954982394	"ACP5"	1
"M2"	"Defective MMAA causes methylmalonic aciduria type cblA"	"Defective MMAA causes methylmalonic aciduria type cblA"	"1/238"	"87/7644"	0.93719411151386	0.988620744486245	0.955353954982394	"ACP5"	1
"M2"	"Defective MMAB causes methylmalonic aciduria type cblB"	"Defective MMAB causes methylmalonic aciduria type cblB"	"1/238"	"87/7644"	0.93719411151386	0.988620744486245	0.955353954982394	"ACP5"	1
"M2"	"Defective MMACHC causes methylmalonic aciduria and homocystinuria type cblC"	"Defective MMACHC causes methylmalonic aciduria and homocystinuria type cblC"	"1/238"	"87/7644"	0.93719411151386	0.988620744486245	0.955353954982394	"ACP5"	1
"M2"	"Defective MMADHC causes methylmalonic aciduria and homocystinuria type cblD"	"Defective MMADHC causes methylmalonic aciduria and homocystinuria type cblD"	"1/238"	"87/7644"	0.93719411151386	0.988620744486245	0.955353954982394	"ACP5"	1
"M2"	"Defective MTR causes methylmalonic aciduria and homocystinuria type cblG"	"Defective MTR causes methylmalonic aciduria and homocystinuria type cblG"	"1/238"	"87/7644"	0.93719411151386	0.988620744486245	0.955353954982394	"ACP5"	1
"M2"	"Defective MTRR causes methylmalonic aciduria and homocystinuria type cblE"	"Defective MTRR causes methylmalonic aciduria and homocystinuria type cblE"	"1/238"	"87/7644"	0.93719411151386	0.988620744486245	0.955353954982394	"ACP5"	1
"M2"	"Defective MUT causes methylmalonic aciduria mut type"	"Defective MUT causes methylmalonic aciduria mut type"	"1/238"	"87/7644"	0.93719411151386	0.988620744486245	0.955353954982394	"ACP5"	1
"M2"	"Defective TCN2 causes hereditary megaloblastic anemia"	"Defective TCN2 causes hereditary megaloblastic anemia"	"1/238"	"87/7644"	0.93719411151386	0.988620744486245	0.955353954982394	"ACP5"	1
"M2"	"Defects in biotin (Btn) metabolism"	"Defects in biotin (Btn) metabolism"	"1/238"	"87/7644"	0.93719411151386	0.988620744486245	0.955353954982394	"ACP5"	1
"M2"	"Defects in cobalamin (B12) metabolism"	"Defects in cobalamin (B12) metabolism"	"1/238"	"87/7644"	0.93719411151386	0.988620744486245	0.955353954982394	"ACP5"	1
"M2"	"Defects in vitamin and cofactor metabolism"	"Defects in vitamin and cofactor metabolism"	"1/238"	"87/7644"	0.93719411151386	0.988620744486245	0.955353954982394	"ACP5"	1
"M2"	"Metabolism of vitamins and cofactors"	"Metabolism of vitamins and cofactors"	"1/238"	"87/7644"	0.93719411151386	0.988620744486245	0.955353954982394	"ACP5"	1
"M2"	"Metabolism of water-soluble vitamins and cofactors"	"Metabolism of water-soluble vitamins and cofactors"	"1/238"	"87/7644"	0.93719411151386	0.988620744486245	0.955353954982394	"ACP5"	1
"M2"	"Glycerophospholipid biosynthesis"	"Glycerophospholipid biosynthesis"	"1/238"	"88/7644"	0.939172118852712	0.988620744486245	0.955353954982394	"PLA2G4A"	1
"M2"	"IRS-related events"	"IRS-related events"	"1/238"	"88/7644"	0.939172118852712	0.988620744486245	0.955353954982394	"FGFR3"	1
"M2"	"misspliced LRP5 mutants have enhanced beta-catenin-dependent signaling"	"misspliced LRP5 mutants have enhanced beta-catenin-dependent signaling"	"3/238"	"190/7644"	0.939289103031681	0.988620744486245	0.955353954982394	"PSMB9/CCDC88C/MYC"	3
"M2"	"RNF mutants show enhanced WNT signaling and proliferation"	"RNF mutants show enhanced WNT signaling and proliferation"	"3/238"	"190/7644"	0.939289103031681	0.988620744486245	0.955353954982394	"PSMB9/CCDC88C/MYC"	3
"M2"	"TCF dependent signaling in response to WNT"	"TCF dependent signaling in response to WNT"	"3/238"	"190/7644"	0.939289103031681	0.988620744486245	0.955353954982394	"PSMB9/CCDC88C/MYC"	3
"M2"	"XAV939 inhibits tankyrase, stabilizing AXIN"	"XAV939 inhibits tankyrase, stabilizing AXIN"	"3/238"	"190/7644"	0.939289103031681	0.988620744486245	0.955353954982394	"PSMB9/CCDC88C/MYC"	3
"M2"	"Defective AHCY causes Hypermethioninemia with S-adenosylhomocysteine hydrolase deficiency (HMAHCHD)"	"Defective AHCY causes Hypermethioninemia with S-adenosylhomocysteine hydrolase deficiency (HMAHCHD)"	"1/238"	"89/7644"	0.941088084404995	0.988620744486245	0.955353954982394	"HPGDS"	1
"M2"	"Defective GCLC causes Hemolytic anemia due to gamma-glutamylcysteine synthetase deficiency (HAGGSD)"	"Defective GCLC causes Hemolytic anemia due to gamma-glutamylcysteine synthetase deficiency (HAGGSD)"	"1/238"	"89/7644"	0.941088084404995	0.988620744486245	0.955353954982394	"HPGDS"	1
"M2"	"Defective GGT1 causes Glutathionuria (GLUTH)"	"Defective GGT1 causes Glutathionuria (GLUTH)"	"1/238"	"89/7644"	0.941088084404995	0.988620744486245	0.955353954982394	"HPGDS"	1
"M2"	"Defective GSS causes Glutathione synthetase deficiency (GSS deficiency)"	"Defective GSS causes Glutathione synthetase deficiency (GSS deficiency)"	"1/238"	"89/7644"	0.941088084404995	0.988620744486245	0.955353954982394	"HPGDS"	1
"M2"	"Defective MAT1A causes Methionine adenosyltransferase deficiency (MATD)"	"Defective MAT1A causes Methionine adenosyltransferase deficiency (MATD)"	"1/238"	"89/7644"	0.941088084404995	0.988620744486245	0.955353954982394	"HPGDS"	1
"M2"	"Defective OPLAH causes 5-oxoprolinase deficiency (OPLAHD)"	"Defective OPLAH causes 5-oxoprolinase deficiency (OPLAHD)"	"1/238"	"89/7644"	0.941088084404995	0.988620744486245	0.955353954982394	"HPGDS"	1
"M2"	"Defective SLC35D1 causes Schneckenbecken dysplasia (SCHBCKD)"	"Defective SLC35D1 causes Schneckenbecken dysplasia (SCHBCKD)"	"1/238"	"89/7644"	0.941088084404995	0.988620744486245	0.955353954982394	"HPGDS"	1
"M2"	"Defective TPMT causes Thiopurine S-methyltransferase deficiency (TPMT deficiency)"	"Defective TPMT causes Thiopurine S-methyltransferase deficiency (TPMT deficiency)"	"1/238"	"89/7644"	0.941088084404995	0.988620744486245	0.955353954982394	"HPGDS"	1
"M2"	"Defective UGT1A1 causes hyperbilirubinemia"	"Defective UGT1A1 causes hyperbilirubinemia"	"1/238"	"89/7644"	0.941088084404995	0.988620744486245	0.955353954982394	"HPGDS"	1
"M2"	"Defective UGT1A4 causes hyperbilirubinemia"	"Defective UGT1A4 causes hyperbilirubinemia"	"1/238"	"89/7644"	0.941088084404995	0.988620744486245	0.955353954982394	"HPGDS"	1
"M2"	"IRS-related events triggered by IGF1R"	"IRS-related events triggered by IGF1R"	"1/238"	"89/7644"	0.941088084404995	0.988620744486245	0.955353954982394	"FGFR3"	1
"M2"	"Phase II conjugation"	"Phase II conjugation"	"1/238"	"89/7644"	0.941088084404995	0.988620744486245	0.955353954982394	"HPGDS"	1
"M2"	"Cell Cycle, Mitotic"	"Cell Cycle, Mitotic"	"9/238"	"445/7644"	0.941773507294628	0.988620744486245	0.955353954982394	"PSMB9/MYC/NEK6/PRKCB/BUB1/RRM2/KIF20A/BIRC5/MYBL2"	9
"M2"	"IGF1R signaling cascade"	"IGF1R signaling cascade"	"1/238"	"92/7644"	0.9464828111147	0.988620744486245	0.955353954982394	"FGFR3"	1
"M2"	"Insulin receptor signalling cascade"	"Insulin receptor signalling cascade"	"1/238"	"92/7644"	0.9464828111147	0.988620744486245	0.955353954982394	"FGFR3"	1
"M2"	"Signaling by Type 1 Insulin-like Growth Factor 1 Receptor (IGF1R)"	"Signaling by Type 1 Insulin-like Growth Factor 1 Receptor (IGF1R)"	"1/238"	"92/7644"	0.9464828111147	0.988620744486245	0.955353954982394	"FGFR3"	1
"M2"	"Epigenetic regulation of gene expression"	"Epigenetic regulation of gene expression"	"1/238"	"94/7644"	0.949803045264039	0.990392918993271	0.957066496352428	"GTF2H2"	1
"M2"	"Synthesis of DNA"	"Synthesis of DNA"	"1/238"	"97/7644"	0.954402666518512	0.99349083033497	0.960060163913	"PSMB9"	1
"M2"	"Regulatory RNA pathways"	"Regulatory RNA pathways"	"1/238"	"100/7644"	0.958582425802336	0.996141873491354	0.962622000267745	"PIWIL1"	1
"M2"	"RNA Polymerase II Transcription"	"RNA Polymerase II Transcription"	"1/238"	"104/7644"	0.963567803477557	0.999113495788349	0.96549362837183	"GTF2H2"	1
"M2"	"DNA Replication"	"DNA Replication"	"1/238"	"105/7644"	0.964717785277602	0.999113495788349	0.96549362837183	"PSMB9"	1
"M2"	"Ion channel transport"	"Ion channel transport"	"2/238"	"167/7644"	0.96892089770792	0.999874546449979	0.966229069908522	"SCNN1G/SCNN1B"	2
"M2"	"G2/M Transition"	"G2/M Transition"	"1/238"	"114/7644"	0.973569484730359	0.999874546449979	0.966229069908522	"MYBL2"	1
"M2"	"RNA Polymerase I, RNA Polymerase III, and Mitochondrial Transcription"	"RNA Polymerase I, RNA Polymerase III, and Mitochondrial Transcription"	"1/238"	"114/7644"	0.973569484730359	0.999874546449979	0.966229069908522	"GTF2H2"	1
"M2"	"DNA Repair"	"DNA Repair"	"1/238"	"115/7644"	0.974404871534367	0.999874546449979	0.966229069908522	"GTF2H2"	1
"M2"	"Mitotic G2-G2/M phases"	"Mitotic G2-G2/M phases"	"1/238"	"116/7644"	0.975213961795333	0.999874546449979	0.966229069908522	"MYBL2"	1
"M2"	"Cell Cycle Checkpoints"	"Cell Cycle Checkpoints"	"1/238"	"118/7644"	0.97675652449739	0.999874546449979	0.966229069908522	"PSMB9"	1
"M2"	"Fatty acid, triacylglycerol, and ketone body metabolism"	"Fatty acid, triacylglycerol, and ketone body metabolism"	"2/238"	"181/7644"	0.97881219962015	0.999874546449979	0.966229069908522	"ACSL5/ACADL"	2
"M2"	"Signaling by NOTCH"	"Signaling by NOTCH"	"1/238"	"122/7644"	0.979560684077981	0.999874546449979	0.966229069908522	"MYC"	1
"M2"	"Late Phase of HIV Life Cycle"	"Late Phase of HIV Life Cycle"	"1/238"	"133/7644"	0.985652864869216	0.999874546449979	0.966229069908522	"GTF2H2"	1
"M2"	"The citric acid (TCA) cycle and respiratory electron transport"	"The citric acid (TCA) cycle and respiratory electron transport"	"1/238"	"147/7644"	0.990862774277623	0.999874546449979	0.966229069908522	"PDK4"	1
"M2"	"Apoptosis"	"Apoptosis"	"1/238"	"148/7644"	0.991152844935476	0.999874546449979	0.966229069908522	"PSMB9"	1
"M2"	"Programmed Cell Death"	"Programmed Cell Death"	"1/238"	"160/7644"	0.99399481001309	0.999874546449979	0.966229069908522	"PSMB9"	1
"M2"	"Diseases of glycosylation"	"Diseases of glycosylation"	"2/238"	"227/7644"	0.994184575257257	0.999874546449979	0.966229069908522	"ST6GAL2/ST8SIA1"	2
"M2"	"Glycogen storage diseases"	"Glycogen storage diseases"	"2/238"	"258/7644"	0.99762483503144	0.999874546449979	0.966229069908522	"ALDOC/HK3"	2
"M2"	"Metabolism of carbohydrates"	"Metabolism of carbohydrates"	"2/238"	"258/7644"	0.99762483503144	0.999874546449979	0.966229069908522	"ALDOC/HK3"	2
"M2"	"Myoclonic epilepsy of Lafora"	"Myoclonic epilepsy of Lafora"	"2/238"	"258/7644"	0.99762483503144	0.999874546449979	0.966229069908522	"ALDOC/HK3"	2
"M2"	"Membrane Trafficking"	"Membrane Trafficking"	"1/238"	"190/7644"	0.997726829901312	0.999874546449979	0.966229069908522	"MYH3"	1
"M2"	"Transcription"	"Transcription"	"1/238"	"203/7644"	0.998509696763603	0.999874546449979	0.966229069908522	"GTF2H2"	1
"M2"	"Antigen processing: Ubiquitination & Proteasome degradation"	"Antigen processing: Ubiquitination & Proteasome degradation"	"1/238"	"211/7644"	0.998851112532621	0.999874546449979	0.966229069908522	"PSMB9"	1
"M2"	"Cellular responses to stress"	"Cellular responses to stress"	"1/238"	"249/7644"	0.999667457297041	0.999874546449979	0.966229069908522	"EGLN3"	1
"M2"	"Generic Transcription Pathway"	"Generic Transcription Pathway"	"4/238"	"483/7644"	0.999874546449979	0.999874546449979	0.966229069908522	"MYC/NR2F1/ZNF208/ZNF676"	4
"M3"	"Extracellular matrix organization"	"Extracellular matrix organization"	"31/69"	"266/7644"	1.32636240220663e-27	3.79339647031096e-25	3.08553779881752e-25	"COL1A2/COL1A1/BGN/COL3A1/COL6A1/FBN1/COL6A3/MMP2/THBS1/DCN/COL5A2/EFEMP1/LUM/FBLN2/COL5A1/PCOLCE/LTBP1/FBLN1/ELN/VCAN/COL12A1/COMP/ASPN/MMP11/ADAMTS2/MFAP4/ITGA11/LAMA2/MMP19/COL10A1/LAMA3"	31
"M3"	"Collagen biosynthesis and modifying enzymes"	"Collagen biosynthesis and modifying enzymes"	"11/69"	"64/7644"	7.22580252475101e-12	9.33580820460729e-10	7.59371959226431e-10	"COL1A2/COL1A1/COL3A1/COL6A1/COL6A3/COL5A2/COL5A1/PCOLCE/COL12A1/ADAMTS2/COL10A1"	11
"M3"	"Collagen formation"	"Collagen formation"	"12/69"	"86/7644"	9.79280580902863e-12	9.33580820460729e-10	7.59371959226431e-10	"COL1A2/COL1A1/COL3A1/COL6A1/COL6A3/COL5A2/COL5A1/PCOLCE/COL12A1/ADAMTS2/COL10A1/LAMA3"	12
"M3"	"Assembly of collagen fibrils and other multimeric structures"	"Assembly of collagen fibrils and other multimeric structures"	"10/69"	"54/7644"	3.19655566747257e-11	2.28553730224288e-09	1.85904948029326e-09	"COL1A2/COL1A1/COL3A1/COL6A1/COL6A3/COL5A2/COL5A1/PCOLCE/COL10A1/LAMA3"	10
"M3"	"ECM proteoglycans"	"ECM proteoglycans"	"8/69"	"55/7644"	2.52797940119246e-08	1.44600421748209e-06	1.17617567929165e-06	"BGN/DCN/LUM/VCAN/COMP/ASPN/LAMA2/LAMA3"	8
"M3"	"Elastic fibre formation"	"Elastic fibre formation"	"7/69"	"41/7644"	6.30849882374571e-08	3.00705110598546e-06	2.44592673692597e-06	"FBN1/EFEMP1/FBLN2/LTBP1/FBLN1/ELN/MFAP4"	7
"M3"	"O-glycosylation of TSR domain-containing proteins"	"O-glycosylation of TSR domain-containing proteins"	"6/69"	"39/7644"	1.11928644253899e-06	4.57308460808788e-05	3.71973389174612e-05	"THBS1/THBS2/ADAMTS2/SPON1/ADAMTSL1/ADAMTS12"	6
"M3"	"Molecules associated with elastic fibres"	"Molecules associated with elastic fibres"	"5/69"	"30/7644"	6.19017971327e-06	0.000221298924749402	0.000180003910083246	"EFEMP1/FBLN2/LTBP1/FBLN1/MFAP4"	5
"M3"	"Scavenging by Class A Receptors"	"Scavenging by Class A Receptors"	"4/69"	"19/7644"	2.12806136219384e-05	0.000676250610652708	0.0005500603053156	"COL1A2/COL1A1/COL3A1/COLEC12"	4
"M3"	"O-linked glycosylation"	"O-linked glycosylation"	"7/69"	"103/7644"	3.57393186023835e-05	0.000795921233160947	0.000647400046111775	"THBS1/THBS2/ADAMTS2/GALNT15/SPON1/ADAMTSL1/ADAMTS12"	7
"M3"	"A tetrasaccharide linker sequence is required for GAG synthesis"	"A tetrasaccharide linker sequence is required for GAG synthesis"	"4/69"	"26/7644"	7.82613544960154e-05	0.000795921233160947	0.000647400046111775	"BGN/DCN/VCAN/GPC6"	4
"M3"	"Defective B3GAT3 causes JDSSDHD"	"Defective B3GAT3 causes JDSSDHD"	"7/69"	"121/7644"	0.00010018588948879	0.000795921233160947	0.000647400046111775	"BGN/DCN/LUM/VCAN/PRELP/GPC6/LYVE1"	7
"M3"	"Defective B4GALT1 causes B4GALT1-CDG (CDG-2d)"	"Defective B4GALT1 causes B4GALT1-CDG (CDG-2d)"	"7/69"	"121/7644"	0.00010018588948879	0.000795921233160947	0.000647400046111775	"BGN/DCN/LUM/VCAN/PRELP/GPC6/LYVE1"	7
"M3"	"Defective B4GALT7 causes EDS, progeroid type"	"Defective B4GALT7 causes EDS, progeroid type"	"7/69"	"121/7644"	0.00010018588948879	0.000795921233160947	0.000647400046111775	"BGN/DCN/LUM/VCAN/PRELP/GPC6/LYVE1"	7
"M3"	"Defective CHST14 causes EDS, musculocontractural type"	"Defective CHST14 causes EDS, musculocontractural type"	"7/69"	"121/7644"	0.00010018588948879	0.000795921233160947	0.000647400046111775	"BGN/DCN/LUM/VCAN/PRELP/GPC6/LYVE1"	7
"M3"	"Defective CHST3 causes SEDCJD"	"Defective CHST3 causes SEDCJD"	"7/69"	"121/7644"	0.00010018588948879	0.000795921233160947	0.000647400046111775	"BGN/DCN/LUM/VCAN/PRELP/GPC6/LYVE1"	7
"M3"	"Defective CHST6 causes MCDC1"	"Defective CHST6 causes MCDC1"	"7/69"	"121/7644"	0.00010018588948879	0.000795921233160947	0.000647400046111775	"BGN/DCN/LUM/VCAN/PRELP/GPC6/LYVE1"	7
"M3"	"Defective CHSY1 causes TPBS"	"Defective CHSY1 causes TPBS"	"7/69"	"121/7644"	0.00010018588948879	0.000795921233160947	0.000647400046111775	"BGN/DCN/LUM/VCAN/PRELP/GPC6/LYVE1"	7
"M3"	"Defective EXT1 causes exostoses 1, TRPS2 and CHDS"	"Defective EXT1 causes exostoses 1, TRPS2 and CHDS"	"7/69"	"121/7644"	0.00010018588948879	0.000795921233160947	0.000647400046111775	"BGN/DCN/LUM/VCAN/PRELP/GPC6/LYVE1"	7
"M3"	"Defective EXT2 causes exostoses 2"	"Defective EXT2 causes exostoses 2"	"7/69"	"121/7644"	0.00010018588948879	0.000795921233160947	0.000647400046111775	"BGN/DCN/LUM/VCAN/PRELP/GPC6/LYVE1"	7
"M3"	"Defective PAPSS2 causes SEMD-PA"	"Defective PAPSS2 causes SEMD-PA"	"7/69"	"121/7644"	0.00010018588948879	0.000795921233160947	0.000647400046111775	"BGN/DCN/LUM/VCAN/PRELP/GPC6/LYVE1"	7
"M3"	"Defective SLC26A2 causes chondrodysplasias"	"Defective SLC26A2 causes chondrodysplasias"	"7/69"	"121/7644"	0.00010018588948879	0.000795921233160947	0.000647400046111775	"BGN/DCN/LUM/VCAN/PRELP/GPC6/LYVE1"	7
"M3"	"Diseases associated with glycosaminoglycan metabolism"	"Diseases associated with glycosaminoglycan metabolism"	"7/69"	"121/7644"	0.00010018588948879	0.000795921233160947	0.000647400046111775	"BGN/DCN/LUM/VCAN/PRELP/GPC6/LYVE1"	7
"M3"	"Glycosaminoglycan metabolism"	"Glycosaminoglycan metabolism"	"7/69"	"121/7644"	0.00010018588948879	0.000795921233160947	0.000647400046111775	"BGN/DCN/LUM/VCAN/PRELP/GPC6/LYVE1"	7
"M3"	"MPS I - Hurler syndrome"	"MPS I - Hurler syndrome"	"7/69"	"121/7644"	0.00010018588948879	0.000795921233160947	0.000647400046111775	"BGN/DCN/LUM/VCAN/PRELP/GPC6/LYVE1"	7
"M3"	"MPS II - Hunter syndrome"	"MPS II - Hunter syndrome"	"7/69"	"121/7644"	0.00010018588948879	0.000795921233160947	0.000647400046111775	"BGN/DCN/LUM/VCAN/PRELP/GPC6/LYVE1"	7
"M3"	"MPS IIIA - Sanfilippo syndrome A"	"MPS IIIA - Sanfilippo syndrome A"	"7/69"	"121/7644"	0.00010018588948879	0.000795921233160947	0.000647400046111775	"BGN/DCN/LUM/VCAN/PRELP/GPC6/LYVE1"	7
"M3"	"MPS IIIB - Sanfilippo syndrome B"	"MPS IIIB - Sanfilippo syndrome B"	"7/69"	"121/7644"	0.00010018588948879	0.000795921233160947	0.000647400046111775	"BGN/DCN/LUM/VCAN/PRELP/GPC6/LYVE1"	7
"M3"	"MPS IIIC - Sanfilippo syndrome C"	"MPS IIIC - Sanfilippo syndrome C"	"7/69"	"121/7644"	0.00010018588948879	0.000795921233160947	0.000647400046111775	"BGN/DCN/LUM/VCAN/PRELP/GPC6/LYVE1"	7
"M3"	"MPS IIID - Sanfilippo syndrome D"	"MPS IIID - Sanfilippo syndrome D"	"7/69"	"121/7644"	0.00010018588948879	0.000795921233160947	0.000647400046111775	"BGN/DCN/LUM/VCAN/PRELP/GPC6/LYVE1"	7
"M3"	"MPS IV - Morquio syndrome A"	"MPS IV - Morquio syndrome A"	"7/69"	"121/7644"	0.00010018588948879	0.000795921233160947	0.000647400046111775	"BGN/DCN/LUM/VCAN/PRELP/GPC6/LYVE1"	7
"M3"	"MPS IV - Morquio syndrome B"	"MPS IV - Morquio syndrome B"	"7/69"	"121/7644"	0.00010018588948879	0.000795921233160947	0.000647400046111775	"BGN/DCN/LUM/VCAN/PRELP/GPC6/LYVE1"	7
"M3"	"MPS IX - Natowicz syndrome"	"MPS IX - Natowicz syndrome"	"7/69"	"121/7644"	0.00010018588948879	0.000795921233160947	0.000647400046111775	"BGN/DCN/LUM/VCAN/PRELP/GPC6/LYVE1"	7
"M3"	"MPS VII - Sly syndrome"	"MPS VII - Sly syndrome"	"7/69"	"121/7644"	0.00010018588948879	0.000795921233160947	0.000647400046111775	"BGN/DCN/LUM/VCAN/PRELP/GPC6/LYVE1"	7
"M3"	"MPS VI - Maroteaux-Lamy syndrome"	"MPS VI - Maroteaux-Lamy syndrome"	"7/69"	"121/7644"	0.00010018588948879	0.000795921233160947	0.000647400046111775	"BGN/DCN/LUM/VCAN/PRELP/GPC6/LYVE1"	7
"M3"	"Mucopolysaccharidoses"	"Mucopolysaccharidoses"	"7/69"	"121/7644"	0.00010018588948879	0.000795921233160947	0.000647400046111775	"BGN/DCN/LUM/VCAN/PRELP/GPC6/LYVE1"	7
"M3"	"Dermatan sulfate biosynthesis"	"Dermatan sulfate biosynthesis"	"3/69"	"11/7644"	0.000110298769437792	0.000852579677275909	0.000693485861899065	"BGN/DCN/VCAN"	3
"M3"	"Degradation of the extracellular matrix"	"Degradation of the extracellular matrix"	"6/69"	"89/7644"	0.000139938641199262	0.0010532224048155	0.000856688080471937	"MMP2/DCN/COL12A1/MMP11/MMP19/LAMA3"	6
"M3"	"CS/DS degradation"	"CS/DS degradation"	"3/69"	"14/7644"	0.000238641407383357	0.00175003698747795	0.00142347506158494	"BGN/DCN/VCAN"	3
"M3"	"Integrin cell surface interactions"	"Integrin cell surface interactions"	"5/69"	"66/7644"	0.000301976929952002	0.00215913504915682	0.00175623425051033	"FBN1/THBS1/LUM/COMP/ITGA11"	5
"M3"	"Collagen degradation"	"Collagen degradation"	"4/69"	"38/7644"	0.000356155182357928	0.00248439956474067	0.0020208034737125	"MMP2/COL12A1/MMP11/MMP19"	4
"M3"	"Chondroitin sulfate biosynthesis"	"Chondroitin sulfate biosynthesis"	"3/69"	"20/7644"	0.000718936626961112	0.00489561607883043	0.00398208006412044	"BGN/DCN/VCAN"	3
"M3"	"Diseases of glycosylation"	"Diseases of glycosylation"	"8/69"	"227/7644"	0.000938114236449713	0.00623955050289809	0.00507523246647213	"BGN/DCN/LUM/VCAN/PRELP/GFPT2/GPC6/LYVE1"	8
"M3"	"Chondroitin sulfate/dermatan sulfate metabolism"	"Chondroitin sulfate/dermatan sulfate metabolism"	"4/69"	"50/7644"	0.00102437930419788	0.0066584654772862	0.0054159767040127	"BGN/DCN/VCAN/GPC6"	4
"M3"	"Signaling by PDGF"	"Signaling by PDGF"	"7/69"	"184/7644"	0.00127916417101593	0.00812979895356789	0.00661275512969637	"COL6A1/COL6A3/THBS1/PLAT/THBS2/PDGFRA/FGF7"	7
"M3"	"Heparan sulfate/heparin (HS-GAG) metabolism"	"Heparan sulfate/heparin (HS-GAG) metabolism"	"4/69"	"54/7644"	0.00136912141877419	0.00851236360368302	0.00692393211782829	"BGN/DCN/VCAN/GPC6"	4
"M3"	"Post-translational protein modification"	"Post-translational protein modification"	"8/69"	"278/7644"	0.00337471702146035	0.0205355120880353	0.0167035265787847	"THBS1/THBS2/ADAMTS2/GALNT15/GFPT2/SPON1/ADAMTSL1/ADAMTS12"	8
"M3"	"Binding and Uptake of Ligands by Scavenger Receptors"	"Binding and Uptake of Ligands by Scavenger Receptors"	"4/69"	"76/7644"	0.00478787961990902	0.0285277827352912	0.023204416578945	"COL1A2/COL1A1/COL3A1/COLEC12"	4
"M3"	"Keratan sulfate degradation"	"Keratan sulfate degradation"	"2/69"	"12/7644"	0.00499956754065703	0.0291811493189369	0.0237358630823889	"LUM/PRELP"	2
"M3"	"Dissolution of Fibrin Clot"	"Dissolution of Fibrin Clot"	"2/69"	"13/7644"	0.00587426664558087	0.0336008052127226	0.0273307984983868	"PLAT/SERPINE2"	2
"M3"	"Non-integrin membrane-ECM interactions"	"Non-integrin membrane-ECM interactions"	"3/69"	"42/7644"	0.00628371088745492	0.035238064976708	0.0286625408901452	"THBS1/LAMA2/LAMA3"	3
"M3"	"Glycogen storage diseases"	"Glycogen storage diseases"	"7/69"	"258/7644"	0.00833543805178562	0.0441469496816794	0.0359090021334234	"BGN/DCN/LUM/VCAN/PRELP/GPC6/LYVE1"	7
"M3"	"Metabolism of carbohydrates"	"Metabolism of carbohydrates"	"7/69"	"258/7644"	0.00833543805178562	0.0441469496816794	0.0359090021334234	"BGN/DCN/LUM/VCAN/PRELP/GPC6/LYVE1"	7
"M3"	"Myoclonic epilepsy of Lafora"	"Myoclonic epilepsy of Lafora"	"7/69"	"258/7644"	0.00833543805178562	0.0441469496816794	0.0359090021334234	"BGN/DCN/LUM/VCAN/PRELP/GPC6/LYVE1"	7
"M3"	"EPH-Ephrin signaling"	"EPH-Ephrin signaling"	"4/69"	"94/7644"	0.0100838441134788	0.05243598939009	0.0426512832359584	"MMP2/MYH11/EPHA3/PAK3"	4
"M3"	"Regulation of Insulin-like Growth Factor (IGF) transport and uptake by Insulin-like Growth Factor Binding Proteins (IGFBPs)"	"Regulation of Insulin-like Growth Factor (IGF) transport and uptake by Insulin-like Growth Factor Binding Proteins (IGFBPs)"	"2/69"	"21/7644"	0.0150974162803941	0.0771046617177271	0.0627167104881034	"MMP2/IGF2"	2
"M3"	"Laminin interactions"	"Laminin interactions"	"2/69"	"23/7644"	0.0179794611291221	0.0902127347882267	0.073378779492816	"LAMA2/LAMA3"	2
"M3"	"Keratan sulfate biosynthesis"	"Keratan sulfate biosynthesis"	"2/69"	"28/7644"	0.0260981394495963	0.128690825561802	0.104676748064624	"LUM/PRELP"	2
"M3"	"Axon guidance"	"Axon guidance"	"7/69"	"327/7644"	0.0273620860812579	0.13263655286847	0.107886191328421	"COL6A1/COL6A3/MMP2/MYH11/EPHA3/PAK3/NTN1"	7
"M3"	"Cell-Cell communication"	"Cell-Cell communication"	"4/69"	"130/7644"	0.0295359906302257	0.140788222004076	0.114516735601401	"CDH11/FLNC/LAMA3/NTN1"	4
"M3"	"Activation of Matrix Metalloproteinases"	"Activation of Matrix Metalloproteinases"	"2/69"	"32/7644"	0.0334656527907304	0.156904536035228	0.12762569916741	"MMP2/MMP11"	2
"M3"	"Keratan sulfate/keratin metabolism"	"Keratan sulfate/keratin metabolism"	"2/69"	"33/7644"	0.035420589948849	0.163391753635013	0.132902383339485	"LUM/PRELP"	2
"M3"	"EPHA-mediated growth cone collapse"	"EPHA-mediated growth cone collapse"	"2/69"	"34/7644"	0.0374188716931499	0.169869798480014	0.13817160641915	"MYH11/EPHA3"	2
"M3"	"Cell junction organization"	"Cell junction organization"	"3/69"	"85/7644"	0.0411272902958528	0.183787578509592	0.14949228873986	"CDH11/FLNC/LAMA3"	3
"M3"	"NCAM1 interactions"	"NCAM1 interactions"	"2/69"	"37/7644"	0.0436646772278185	0.192124579802402	0.156273581657456	"COL6A1/COL6A3"	2
"M3"	"EPH-ephrin mediated repulsion of cells"	"EPH-ephrin mediated repulsion of cells"	"2/69"	"48/7644"	0.0694547717506993	0.300970677586363	0.244808685118095	"MMP2/EPHA3"	2
"M3"	"Glycoprotein hormones"	"Glycoprotein hormones"	"1/69"	"10/7644"	0.0867361231332714	0.35437901737308	0.288250875375233	"INHBA"	1
"M3"	"Methylation"	"Methylation"	"1/69"	"10/7644"	0.0867361231332714	0.35437901737308	0.288250875375233	"NNMT"	1
"M3"	"Netrin mediated repulsion signals"	"Netrin mediated repulsion signals"	"1/69"	"10/7644"	0.0867361231332714	0.35437901737308	0.288250875375233	"NTN1"	1
"M3"	"Role of second messengers in netrin-1 signaling"	"Role of second messengers in netrin-1 signaling"	"1/69"	"10/7644"	0.0867361231332714	0.35437901737308	0.288250875375233	"NTN1"	1
"M3"	"DSCAM interactions"	"DSCAM interactions"	"1/69"	"11/7644"	0.0949906695707624	0.377324048572751	0.306914297882142	"NTN1"	1
"M3"	"Nicotinate metabolism"	"Nicotinate metabolism"	"1/69"	"11/7644"	0.0949906695707624	0.377324048572751	0.306914297882142	"PTGIS"	1
"M3"	"CD28 dependent Vav1 pathway"	"CD28 dependent Vav1 pathway"	"1/69"	"12/7644"	0.103171678846226	0.388251317763431	0.31580250727169	"PAK3"	1
"M3"	"Eicosanoids"	"Eicosanoids"	"1/69"	"12/7644"	0.103171678846226	0.388251317763431	0.31580250727169	"PTGIS"	1
"M3"	"Hyaluronan uptake and degradation"	"Hyaluronan uptake and degradation"	"1/69"	"12/7644"	0.103171678846226	0.388251317763431	0.31580250727169	"LYVE1"	1
"M3"	"Peptide hormone biosynthesis"	"Peptide hormone biosynthesis"	"1/69"	"12/7644"	0.103171678846226	0.388251317763431	0.31580250727169	"INHBA"	1
"M3"	"Signaling by Activin"	"Signaling by Activin"	"1/69"	"13/7644"	0.111279796529613	0.413324958538564	0.336197334696439	"INHBA"	1
"M3"	"Activation of Rac"	"Activation of Rac"	"1/69"	"14/7644"	0.119315662607383	0.421287401305081	0.342673962784037	"PAK3"	1
"M3"	"DCC mediated attractive signaling"	"DCC mediated attractive signaling"	"1/69"	"14/7644"	0.119315662607383	0.421287401305081	0.342673962784037	"NTN1"	1
"M3"	"Synthesis of bile acids and bile salts via 24-hydroxycholesterol"	"Synthesis of bile acids and bile salts via 24-hydroxycholesterol"	"1/69"	"14/7644"	0.119315662607383	0.421287401305081	0.342673962784037	"PTGIS"	1
"M3"	"Synthesis of Prostaglandins (PG) and Thromboxanes (TX)"	"Synthesis of Prostaglandins (PG) and Thromboxanes (TX)"	"1/69"	"14/7644"	0.119315662607383	0.421287401305081	0.342673962784037	"PTGIS"	1
"M3"	"Semaphorin interactions"	"Semaphorin interactions"	"2/69"	"67/7644"	0.122290940060145	0.426526937282943	0.3469357863067	"MYH11/PAK3"	2
"M3"	"negative regulation of TCF-dependent signaling by WNT ligand antagonists"	"negative regulation of TCF-dependent signaling by WNT ligand antagonists"	"1/69"	"15/7644"	0.127279911530068	0.433357794019042	0.352491985565728	"SFRP2"	1
"M3"	"Synthesis of bile acids and bile salts via 27-hydroxycholesterol"	"Synthesis of bile acids and bile salts via 27-hydroxycholesterol"	"1/69"	"15/7644"	0.127279911530068	0.433357794019042	0.352491985565728	"PTGIS"	1
"M3"	"NCAM signaling for neurite out-growth"	"NCAM signaling for neurite out-growth"	"2/69"	"70/7644"	0.131348779746496	0.434376710856198	0.35332076959595	"COL6A1/COL6A3"	2
"M3"	"Cell-extracellular matrix interactions"	"Cell-extracellular matrix interactions"	"1/69"	"16/7644"	0.135173172259446	0.434376710856198	0.35332076959595	"FLNC"	1
"M3"	"Hyaluronan metabolism"	"Hyaluronan metabolism"	"1/69"	"16/7644"	0.135173172259446	0.434376710856198	0.35332076959595	"LYVE1"	1
"M3"	"Metabolism of Angiotensinogen to Angiotensins"	"Metabolism of Angiotensinogen to Angiotensins"	"1/69"	"16/7644"	0.135173172259446	0.434376710856198	0.35332076959595	"AGT"	1
"M3"	"Sema3A PAK dependent Axon repulsion"	"Sema3A PAK dependent Axon repulsion"	"1/69"	"16/7644"	0.135173172259446	0.434376710856198	0.35332076959595	"PAK3"	1
"M3"	"ABCA transporters in lipid homeostasis"	"ABCA transporters in lipid homeostasis"	"1/69"	"17/7644"	0.142996068315306	0.439751349872877	0.357692485542531	"ABCA6"	1
"M3"	"Activated point mutants of FGFR2"	"Activated point mutants of FGFR2"	"1/69"	"17/7644"	0.142996068315306	0.439751349872877	0.357692485542531	"FGF7"	1
"M3"	"FGFR2 ligand binding and activation"	"FGFR2 ligand binding and activation"	"1/69"	"17/7644"	0.142996068315306	0.439751349872877	0.357692485542531	"FGF7"	1
"M3"	"Signaling by FGFR2 mutants"	"Signaling by FGFR2 mutants"	"1/69"	"17/7644"	0.142996068315306	0.439751349872877	0.357692485542531	"FGF7"	1
"M3"	"Activation of SMO"	"Activation of SMO"	"1/69"	"18/7644"	0.150749217821828	0.458662513798329	0.373074771989071	"GAS1"	1
"M3"	"Ephrin signaling"	"Ephrin signaling"	"1/69"	"19/7644"	0.158433233553574	0.465937968316127	0.378992605807376	"PAK3"	1
"M3"	"Gap junction assembly"	"Gap junction assembly"	"1/69"	"19/7644"	0.158433233553574	0.465937968316127	0.378992605807376	"GJB2"	1
"M3"	"Platelet degranulation"	"Platelet degranulation"	"2/69"	"79/7644"	0.159370971781529	0.465937968316127	0.378992605807376	"THBS1/IGF2"	2
"M3"	"Hemostasis"	"Hemostasis"	"7/69"	"497/7644"	0.159657066066365	0.465937968316127	0.378992605807376	"THBS1/PLAT/SERPINE2/IGF2/SELE/ZFPM2/ADRA2A"	7
"M3"	"Syndecan interactions"	"Syndecan interactions"	"1/69"	"20/7644"	0.16604872298109	0.479696310834259	0.39018360211399	"THBS1"	1
"M3"	"Peptide hormone metabolism"	"Peptide hormone metabolism"	"2/69"	"83/7644"	0.17216394789556	0.490703685691695	0.399136969222909	"INHBA/AGT"	2
"M3"	"HS-GAG degradation"	"HS-GAG degradation"	"1/69"	"21/7644"	0.173596288316124	0.490703685691695	0.399136969222909	"GPC6"	1
"M3"	"Response to elevated platelet cytosolic Ca2+"	"Response to elevated platelet cytosolic Ca2+"	"2/69"	"84/7644"	0.17538924508795	0.490703685691695	0.399136969222909	"THBS1/IGF2"	2
"M3"	"Common Pathway"	"Common Pathway"	"1/69"	"22/7644"	0.181076526556474	0.490703685691695	0.399136969222909	"SERPINE2"	1
"M3"	"Intrinsic Pathway"	"Intrinsic Pathway"	"1/69"	"22/7644"	0.181076526556474	0.490703685691695	0.399136969222909	"SERPINE2"	1
"M3"	"Smooth Muscle Contraction"	"Smooth Muscle Contraction"	"1/69"	"22/7644"	0.181076526556474	0.490703685691695	0.399136969222909	"MYH11"	1
"M3"	"Constitutive PI3K/AKT Signaling in Cancer"	"Constitutive PI3K/AKT Signaling in Cancer"	"2/69"	"86/7644"	0.181869198193425	0.490703685691695	0.399136969222909	"PDGFRA/FGF7"	2
"M3"	"Endogenous sterols"	"Endogenous sterols"	"1/69"	"23/7644"	0.188490029530444	0.499149522645436	0.406006788754661	"PTGIS"	1
"M3"	"FGFR ligand binding and activation"	"FGFR ligand binding and activation"	"1/69"	"23/7644"	0.188490029530444	0.499149522645436	0.406006788754661	"FGF7"	1
"M3"	"IRS-related events triggered by IGF1R"	"IRS-related events triggered by IGF1R"	"2/69"	"89/7644"	0.191656128384342	0.502877547870842	0.409039153770541	"IGF2/FGF7"	2
"M3"	"Sema4D induced cell migration and growth-cone collapse"	"Sema4D induced cell migration and growth-cone collapse"	"1/69"	"24/7644"	0.195837383940941	0.504590016280263	0.410432070658587	"MYH11"	1
"M3"	"Synthesis of bile acids and bile salts via 7alpha-hydroxycholesterol"	"Synthesis of bile acids and bile salts via 7alpha-hydroxycholesterol"	"1/69"	"24/7644"	0.195837383940941	0.504590016280263	0.410432070658587	"PTGIS"	1
"M3"	"IGF1R signaling cascade"	"IGF1R signaling cascade"	"2/69"	"92/7644"	0.201513584084558	0.505633963635581	0.411281214440425	"IGF2/FGF7"	2
"M3"	"Signaling by Type 1 Insulin-like Growth Factor 1 Receptor (IGF1R)"	"Signaling by Type 1 Insulin-like Growth Factor 1 Receptor (IGF1R)"	"2/69"	"92/7644"	0.201513584084558	0.505633963635581	0.411281214440425	"IGF2/FGF7"	2
"M3"	"SHC-related events triggered by IGF1R"	"SHC-related events triggered by IGF1R"	"1/69"	"25/7644"	0.203119171409193	0.505633963635581	0.411281214440425	"IGF2"	1
"M3"	"VEGFR2 mediated vascular permeability"	"VEGFR2 mediated vascular permeability"	"1/69"	"26/7644"	0.2103359685181	0.505633963635581	0.411281214440425	"PAK3"	1
"M3"	"Sema4D in semaphorin signaling"	"Sema4D in semaphorin signaling"	"1/69"	"27/7644"	0.21748834685523	0.505633963635581	0.411281214440425	"MYH11"	1
"M3"	"Synthesis of bile acids and bile salts"	"Synthesis of bile acids and bile salts"	"1/69"	"27/7644"	0.21748834685523	0.505633963635581	0.411281214440425	"PTGIS"	1
"M3"	"Signaling by EGFR"	"Signaling by EGFR"	"3/69"	"179/7644"	0.219037318464625	0.505633963635581	0.411281214440425	"PDGFRA/ADAM12/FGF7"	3
"M3"	"Signaling by Overexpressed Wild-Type EGFR in Cancer"	"Signaling by Overexpressed Wild-Type EGFR in Cancer"	"3/69"	"179/7644"	0.219037318464625	0.505633963635581	0.411281214440425	"PDGFRA/ADAM12/FGF7"	3
"M3"	"Signaling by EGFR in Cancer"	"Signaling by EGFR in Cancer"	"3/69"	"181/7644"	0.223787592623677	0.505633963635581	0.411281214440425	"PDGFRA/ADAM12/FGF7"	3
"M3"	"Signaling by EGFRvIII in Cancer"	"Signaling by EGFRvIII in Cancer"	"3/69"	"181/7644"	0.223787592623677	0.505633963635581	0.411281214440425	"PDGFRA/ADAM12/FGF7"	3
"M3"	"Signaling by Ligand-Responsive EGFR Variants in Cancer"	"Signaling by Ligand-Responsive EGFR Variants in Cancer"	"3/69"	"181/7644"	0.223787592623677	0.505633963635581	0.411281214440425	"PDGFRA/ADAM12/FGF7"	3
"M3"	"Adrenaline,noradrenaline inhibits insulin secretion"	"Adrenaline,noradrenaline inhibits insulin secretion"	"1/69"	"28/7644"	0.224576873055438	0.505633963635581	0.411281214440425	"ADRA2A"	1
"M3"	"Gap junction trafficking"	"Gap junction trafficking"	"1/69"	"28/7644"	0.224576873055438	0.505633963635581	0.411281214440425	"GJB2"	1
"M3"	"PI3K/AKT Signaling in Cancer"	"PI3K/AKT Signaling in Cancer"	"2/69"	"100/7644"	0.228065668912552	0.505633963635581	0.411281214440425	"PDGFRA/FGF7"	2
"M3"	"PI-3K cascade"	"PI-3K cascade"	"2/69"	"100/7644"	0.228065668912552	0.505633963635581	0.411281214440425	"PDGFRA/FGF7"	2
"M3"	"PI3K events in ERBB2 signaling"	"PI3K events in ERBB2 signaling"	"2/69"	"100/7644"	0.228065668912552	0.505633963635581	0.411281214440425	"PDGFRA/FGF7"	2
"M3"	"PI3K events in ERBB4 signaling"	"PI3K events in ERBB4 signaling"	"2/69"	"100/7644"	0.228065668912552	0.505633963635581	0.411281214440425	"PDGFRA/FGF7"	2
"M3"	"PIP3 activates AKT signaling"	"PIP3 activates AKT signaling"	"2/69"	"100/7644"	0.228065668912552	0.505633963635581	0.411281214440425	"PDGFRA/FGF7"	2
"M3"	"SHC-mediated cascade"	"SHC-mediated cascade"	"1/69"	"29/7644"	0.231602108843145	0.509524639454919	0.41444587898247	"FGF7"	1
"M3"	"PI3K/AKT activation"	"PI3K/AKT activation"	"2/69"	"103/7644"	0.238094543585392	0.513003599753639	0.417275655302003	"PDGFRA/FGF7"	2
"M3"	"Adherens junctions interactions"	"Adherens junctions interactions"	"1/69"	"30/7644"	0.238564611074245	0.513003599753639	0.417275655302003	"CDH11"	1
"M3"	"Gap junction trafficking and regulation"	"Gap junction trafficking and regulation"	"1/69"	"30/7644"	0.238564611074245	0.513003599753639	0.417275655302003	"GJB2"	1
"M3"	"GAB1 signalosome"	"GAB1 signalosome"	"2/69"	"104/7644"	0.241443502712664	0.515319714744939	0.419159576586792	"PDGFRA/FGF7"	2
"M3"	"HS-GAG biosynthesis"	"HS-GAG biosynthesis"	"1/69"	"31/7644"	0.245464931777669	0.520022003617878	0.422984404856647	"GPC6"	1
"M3"	"CD28 co-stimulation"	"CD28 co-stimulation"	"1/69"	"32/7644"	0.252303618196603	0.526706823388529	0.428421818067225	"PAK3"	1
"M3"	"Signaling by Robo receptor"	"Signaling by Robo receptor"	"1/69"	"32/7644"	0.252303618196603	0.526706823388529	0.428421818067225	"PAK3"	1
"M3"	"Bile acid and bile salt metabolism"	"Bile acid and bile salt metabolism"	"1/69"	"35/7644"	0.272455273247836	0.56465368223827	0.459287684117253	"PTGIS"	1
"M3"	"Orphan transporters"	"Orphan transporters"	"2/69"	"114/7644"	0.275018944308293	0.565866317065984	0.460274037804867	"PLAT/APOD"	2
"M3"	"ABC-family proteins mediated transport"	"ABC-family proteins mediated transport"	"1/69"	"36/7644"	0.279052800668772	0.570065007080491	0.463689240209012	"ABCA6"	1
"M3"	"Generation of second messenger molecules"	"Generation of second messenger molecules"	"1/69"	"37/7644"	0.285591359653243	0.575205132822729	0.467870203731406	"PAK3"	1
"M3"	"Platelet Aggregation (Plug Formation)"	"Platelet Aggregation (Plug Formation)"	"1/69"	"37/7644"	0.285591359653243	0.575205132822729	0.467870203731406	"ADRA2A"	1
"M3"	"Transport of vitamins, nucleosides, and related molecules"	"Transport of vitamins, nucleosides, and related molecules"	"1/69"	"38/7644"	0.292071469576199	0.584142939152397	0.475140189741184	"APOD"	1
"M3"	"Formation of Fibrin Clot (Clotting Cascade)"	"Formation of Fibrin Clot (Clotting Cascade)"	"1/69"	"39/7644"	0.298493645305786	0.590689318415248	0.480464995840154	"SERPINE2"	1
"M3"	"Fc epsilon receptor (FCERI) signaling"	"Fc epsilon receptor (FCERI) signaling"	"3/69"	"212/7644"	0.299475353741996	0.590689318415248	0.480464995840154	"PDGFRA/PAK3/FGF7"	3
"M3"	"Negative regulation of FGFR signaling"	"Negative regulation of FGFR signaling"	"1/69"	"40/7644"	0.304858397241868	0.597188367199823	0.485751303463971	"FGF7"	1
"M3"	"Retinoid metabolism and transport"	"Retinoid metabolism and transport"	"1/69"	"41/7644"	0.311166231354218	0.605398246036098	0.492429195340367	"GPC6"	1
"M3"	"Amine ligand-binding receptors"	"Amine ligand-binding receptors"	"1/69"	"42/7644"	0.317417649220397	0.609271460919688	0.495579657207402	"ADRA2A"	1
"M3"	"Netrin-1 signaling"	"Netrin-1 signaling"	"1/69"	"42/7644"	0.317417649220397	0.609271460919688	0.495579657207402	"NTN1"	1
"M3"	"Platelet activation, signaling and aggregation"	"Platelet activation, signaling and aggregation"	"3/69"	"221/7644"	0.32185851788273	0.612936161232486	0.498560513921161	"THBS1/IGF2/ADRA2A"	3
"M3"	"Ion transport by P-type ATPases"	"Ion transport by P-type ATPases"	"1/69"	"43/7644"	0.323613148063306	0.612936161232486	0.498560513921161	"PLN"	1
"M3"	"Classical antibody-mediated complement activation"	"Classical antibody-mediated complement activation"	"1/69"	"44/7644"	0.329753220788425	0.616401445395356	0.501379166111055	"C1S"	1
"M3"	"FRS2-mediated cascade"	"FRS2-mediated cascade"	"1/69"	"44/7644"	0.329753220788425	0.616401445395356	0.501379166111055	"FGF7"	1
"M3"	"Signaling by FGFR mutants"	"Signaling by FGFR mutants"	"1/69"	"45/7644"	0.335838356020741	0.623699804038519	0.507315630079178	"FGF7"	1
"M3"	"G alpha (z) signalling events"	"G alpha (z) signalling events"	"1/69"	"46/7644"	0.341869038141358	0.630803515538247	0.513093768619627	"ADRA2A"	1
"M3"	"G alpha (i) signalling events"	"G alpha (i) signalling events"	"3/69"	"236/7644"	0.359199629052965	0.653253988204151	0.531354918634956	"SUCNR1/AGT/ADRA2A"	3
"M3"	"Muscle contraction"	"Muscle contraction"	"1/69"	"49/7644"	0.359639146746145	0.653253988204151	0.531354918634956	"MYH11"	1
"M3"	"Role of LAT2/NTAL/LAB on calcium mobilization"	"Role of LAT2/NTAL/LAB on calcium mobilization"	"2/69"	"141/7644"	0.364812408172765	0.653253988204151	0.531354918634956	"PDGFRA/FGF7"	2
"M3"	"Arachidonic acid metabolism"	"Arachidonic acid metabolism"	"1/69"	"50/7644"	0.365456776617707	0.653253988204151	0.531354918634956	"PTGIS"	1
"M3"	"Creation of C4 and C2 activators"	"Creation of C4 and C2 activators"	"1/69"	"50/7644"	0.365456776617707	0.653253988204151	0.531354918634956	"C1S"	1
"M3"	"Signaling by SCF-KIT"	"Signaling by SCF-KIT"	"2/69"	"144/7644"	0.374582828652021	0.665230155580217	0.541096298797306	"PDGFRA/FGF7"	2
"M3"	"Synthesis of substrates in N-glycan biosythesis"	"Synthesis of substrates in N-glycan biosythesis"	"1/69"	"52/7644"	0.376936215217476	0.665230155580217	0.541096298797306	"GFPT2"	1
"M3"	"Phospholipase C-mediated cascade"	"Phospholipase C-mediated cascade"	"1/69"	"54/7644"	0.388210936810809	0.665230155580217	0.541096298797306	"FGF7"	1
"M3"	"Downstream signaling of activated FGFR"	"Downstream signaling of activated FGFR"	"2/69"	"149/7644"	0.39073477376009	0.665230155580217	0.541096298797306	"PDGFRA/FGF7"	2
"M3"	"Initial triggering of complement"	"Initial triggering of complement"	"1/69"	"57/7644"	0.404747028479586	0.665230155580217	0.541096298797306	"C1S"	1
"M3"	"Signaling by ERBB4"	"Signaling by ERBB4"	"2/69"	"154/7644"	0.406706504878775	0.665230155580217	0.541096298797306	"PDGFRA/FGF7"	2
"M3"	"Cell-cell junction organization"	"Cell-cell junction organization"	"1/69"	"60/7644"	0.420842469555481	0.665230155580217	0.541096298797306	"CDH11"	1
"M3"	"Cytochrome P450 - arranged by substrate type"	"Cytochrome P450 - arranged by substrate type"	"1/69"	"60/7644"	0.420842469555481	0.665230155580217	0.541096298797306	"PTGIS"	1
"M3"	"Downstream signal transduction"	"Downstream signal transduction"	"2/69"	"161/7644"	0.428734442641724	0.665230155580217	0.541096298797306	"PDGFRA/FGF7"	2
"M3"	"Signaling by FGFR"	"Signaling by FGFR"	"2/69"	"162/7644"	0.431847674043793	0.665230155580217	0.541096298797306	"PDGFRA/FGF7"	2
"M3"	"Signaling by ERBB2"	"Signaling by ERBB2"	"2/69"	"163/7644"	0.434952190686724	0.665230155580217	0.541096298797306	"PDGFRA/FGF7"	2
"M3"	"DAP12 signaling"	"DAP12 signaling"	"2/69"	"164/7644"	0.438047895263159	0.665230155580217	0.541096298797306	"PDGFRA/FGF7"	2
"M3"	"O-linked glycosylation of mucins"	"O-linked glycosylation of mucins"	"1/69"	"64/7644"	0.441637562731127	0.665230155580217	0.541096298797306	"GALNT15"	1
"M3"	"TCR signaling"	"TCR signaling"	"1/69"	"64/7644"	0.441637562731127	0.665230155580217	0.541096298797306	"PAK3"	1
"M3"	"Downstream signaling events of B Cell Receptor (BCR)"	"Downstream signaling events of B Cell Receptor (BCR)"	"2/69"	"170/7644"	0.456431918957156	0.665230155580217	0.541096298797306	"PDGFRA/FGF7"	2
"M3"	"Biosynthesis of the N-glycan precursor (dolichol lipid-linked oligosaccharide, LLO) and transfer to a nascent protein"	"Biosynthesis of the N-glycan precursor (dolichol lipid-linked oligosaccharide, LLO) and transfer to a nascent protein"	"1/69"	"67/7644"	0.456749313296375	0.665230155580217	0.541096298797306	"GFPT2"	1
"M3"	"PI3K Cascade"	"PI3K Cascade"	"1/69"	"68/7644"	0.46169642922386	0.665230155580217	0.541096298797306	"FGF7"	1
"M3"	"Biological oxidations"	"Biological oxidations"	"2/69"	"174/7644"	0.468500546420064	0.665230155580217	0.541096298797306	"NNMT/PTGIS"	2
"M3"	"Signaling by FGFR in disease"	"Signaling by FGFR in disease"	"2/69"	"177/7644"	0.477450113682348	0.665230155580217	0.541096298797306	"PDGFRA/FGF7"	2
"M3"	"DAP12 interactions"	"DAP12 interactions"	"2/69"	"179/7644"	0.483366921951723	0.665230155580217	0.541096298797306	"PDGFRA/FGF7"	2
"M3"	"Costimulation by the CD28 family"	"Costimulation by the CD28 family"	"1/69"	"73/7644"	0.485773754272397	0.665230155580217	0.541096298797306	"PAK3"	1
"M3"	"Complement cascade"	"Complement cascade"	"1/69"	"75/7644"	0.495104687668163	0.665230155580217	0.541096298797306	"C1S"	1
"M3"	"FCERI mediated MAPK activation"	"FCERI mediated MAPK activation"	"1/69"	"77/7644"	0.504268715767313	0.665230155580217	0.541096298797306	"PAK3"	1
"M3"	"Regulation of insulin secretion"	"Regulation of insulin secretion"	"1/69"	"77/7644"	0.504268715767313	0.665230155580217	0.541096298797306	"ADRA2A"	1
"M3"	"Defective CYP11A1 causes Adrenal insufficiency, congenital, with 46,XY sex reversal (AICSR)"	"Defective CYP11A1 causes Adrenal insufficiency, congenital, with 46,XY sex reversal (AICSR)"	"1/69"	"78/7644"	0.508789061824146	0.665230155580217	0.541096298797306	"PTGIS"	1
"M3"	"Defective CYP11B1 causes Adrenal hyperplasia 4 (AH4)"	"Defective CYP11B1 causes Adrenal hyperplasia 4 (AH4)"	"1/69"	"78/7644"	0.508789061824146	0.665230155580217	0.541096298797306	"PTGIS"	1
"M3"	"Defective CYP11B2 causes Corticosterone methyloxidase 1 deficiency (CMO-1 deficiency)"	"Defective CYP11B2 causes Corticosterone methyloxidase 1 deficiency (CMO-1 deficiency)"	"1/69"	"78/7644"	0.508789061824146	0.665230155580217	0.541096298797306	"PTGIS"	1
"M3"	"Defective CYP17A1 causes Adrenal hyperplasia 5 (AH5)"	"Defective CYP17A1 causes Adrenal hyperplasia 5 (AH5)"	"1/69"	"78/7644"	0.508789061824146	0.665230155580217	0.541096298797306	"PTGIS"	1
"M3"	"Defective CYP19A1 causes Aromatase excess syndrome (AEXS)"	"Defective CYP19A1 causes Aromatase excess syndrome (AEXS)"	"1/69"	"78/7644"	0.508789061824146	0.665230155580217	0.541096298797306	"PTGIS"	1
"M3"	"Defective CYP1B1 causes Glaucoma"	"Defective CYP1B1 causes Glaucoma"	"1/69"	"78/7644"	0.508789061824146	0.665230155580217	0.541096298797306	"PTGIS"	1
"M3"	"Defective CYP21A2 causes Adrenal hyperplasia 3 (AH3)"	"Defective CYP21A2 causes Adrenal hyperplasia 3 (AH3)"	"1/69"	"78/7644"	0.508789061824146	0.665230155580217	0.541096298797306	"PTGIS"	1
"M3"	"Defective CYP24A1 causes Hypercalcemia, infantile (HCAI)"	"Defective CYP24A1 causes Hypercalcemia, infantile (HCAI)"	"1/69"	"78/7644"	0.508789061824146	0.665230155580217	0.541096298797306	"PTGIS"	1
"M3"	"Defective CYP26B1 causes Radiohumeral fusions with other skeletal and craniofacial anomalies (RHFCA)"	"Defective CYP26B1 causes Radiohumeral fusions with other skeletal and craniofacial anomalies (RHFCA)"	"1/69"	"78/7644"	0.508789061824146	0.665230155580217	0.541096298797306	"PTGIS"	1
"M3"	"Defective CYP26C1 causes Focal facial dermal dysplasia 4 (FFDD4)"	"Defective CYP26C1 causes Focal facial dermal dysplasia 4 (FFDD4)"	"1/69"	"78/7644"	0.508789061824146	0.665230155580217	0.541096298797306	"PTGIS"	1
"M3"	"Defective CYP27A1 causes Cerebrotendinous xanthomatosis (CTX)"	"Defective CYP27A1 causes Cerebrotendinous xanthomatosis (CTX)"	"1/69"	"78/7644"	0.508789061824146	0.665230155580217	0.541096298797306	"PTGIS"	1
"M3"	"Defective CYP27B1 causes Rickets vitamin D-dependent 1A (VDDR1A)"	"Defective CYP27B1 causes Rickets vitamin D-dependent 1A (VDDR1A)"	"1/69"	"78/7644"	0.508789061824146	0.665230155580217	0.541096298797306	"PTGIS"	1
"M3"	"Defective CYP2R1 causes Rickets vitamin D-dependent 1B (VDDR1B)"	"Defective CYP2R1 causes Rickets vitamin D-dependent 1B (VDDR1B)"	"1/69"	"78/7644"	0.508789061824146	0.665230155580217	0.541096298797306	"PTGIS"	1
"M3"	"Defective CYP2U1 causes Spastic paraplegia 56, autosomal recessive (SPG56)"	"Defective CYP2U1 causes Spastic paraplegia 56, autosomal recessive (SPG56)"	"1/69"	"78/7644"	0.508789061824146	0.665230155580217	0.541096298797306	"PTGIS"	1
"M3"	"Defective CYP4F22 causes Ichthyosis, congenital, autosomal recessive 5 (ARCI5)"	"Defective CYP4F22 causes Ichthyosis, congenital, autosomal recessive 5 (ARCI5)"	"1/69"	"78/7644"	0.508789061824146	0.665230155580217	0.541096298797306	"PTGIS"	1
"M3"	"Defective CYP7B1 causes Spastic paraplegia 5A, autosomal recessive (SPG5A) and Congenital bile acid synthesis defect 3 (CBAS3)"	"Defective CYP7B1 causes Spastic paraplegia 5A, autosomal recessive (SPG5A) and Congenital bile acid synthesis defect 3 (CBAS3)"	"1/69"	"78/7644"	0.508789061824146	0.665230155580217	0.541096298797306	"PTGIS"	1
"M3"	"Defective FMO3 causes Trimethylaminuria (TMAU)"	"Defective FMO3 causes Trimethylaminuria (TMAU)"	"1/69"	"78/7644"	0.508789061824146	0.665230155580217	0.541096298797306	"PTGIS"	1
"M3"	"Defective MAOA causes Brunner syndrome (BRUNS)"	"Defective MAOA causes Brunner syndrome (BRUNS)"	"1/69"	"78/7644"	0.508789061824146	0.665230155580217	0.541096298797306	"PTGIS"	1
"M3"	"Defective TBXAS1 causes Ghosal hematodiaphyseal dysplasia (GHDD)"	"Defective TBXAS1 causes Ghosal hematodiaphyseal dysplasia (GHDD)"	"1/69"	"78/7644"	0.508789061824146	0.665230155580217	0.541096298797306	"PTGIS"	1
"M3"	"Phase 1 - Functionalization of compounds"	"Phase 1 - Functionalization of compounds"	"1/69"	"78/7644"	0.508789061824146	0.665230155580217	0.541096298797306	"PTGIS"	1
"M3"	"Hedgehog 'on' state"	"Hedgehog 'on' state"	"1/69"	"85/7644"	0.539313860931474	0.665230155580217	0.541096298797306	"GAS1"	1
"M3"	"IRS-mediated signalling"	"IRS-mediated signalling"	"1/69"	"85/7644"	0.539313860931474	0.665230155580217	0.541096298797306	"FGF7"	1
"M3"	"Class A/1 (Rhodopsin-like receptors)"	"Class A/1 (Rhodopsin-like receptors)"	"3/69"	"314/7644"	0.543703238555623	0.665230155580217	0.541096298797306	"SUCNR1/AGT/ADRA2A"	3
"M3"	"Defective AMN causes hereditary megaloblastic anemia 1"	"Defective AMN causes hereditary megaloblastic anemia 1"	"1/69"	"87/7644"	0.547686488742881	0.665230155580217	0.541096298797306	"PTGIS"	1
"M3"	"Defective BTD causes biotidinase deficiency"	"Defective BTD causes biotidinase deficiency"	"1/69"	"87/7644"	0.547686488742881	0.665230155580217	0.541096298797306	"PTGIS"	1
"M3"	"Defective CD320 causes methylmalonic aciduria"	"Defective CD320 causes methylmalonic aciduria"	"1/69"	"87/7644"	0.547686488742881	0.665230155580217	0.541096298797306	"PTGIS"	1
"M3"	"Defective CUBN causes hereditary megaloblastic anemia 1"	"Defective CUBN causes hereditary megaloblastic anemia 1"	"1/69"	"87/7644"	0.547686488742881	0.665230155580217	0.541096298797306	"PTGIS"	1
"M3"	"Defective GIF causes intrinsic factor deficiency"	"Defective GIF causes intrinsic factor deficiency"	"1/69"	"87/7644"	0.547686488742881	0.665230155580217	0.541096298797306	"PTGIS"	1
"M3"	"Defective HLCS causes multiple carboxylase deficiency"	"Defective HLCS causes multiple carboxylase deficiency"	"1/69"	"87/7644"	0.547686488742881	0.665230155580217	0.541096298797306	"PTGIS"	1
"M3"	"Defective LMBRD1 causes methylmalonic aciduria and homocystinuria type cblF"	"Defective LMBRD1 causes methylmalonic aciduria and homocystinuria type cblF"	"1/69"	"87/7644"	0.547686488742881	0.665230155580217	0.541096298797306	"PTGIS"	1
"M3"	"Defective MMAA causes methylmalonic aciduria type cblA"	"Defective MMAA causes methylmalonic aciduria type cblA"	"1/69"	"87/7644"	0.547686488742881	0.665230155580217	0.541096298797306	"PTGIS"	1
"M3"	"Defective MMAB causes methylmalonic aciduria type cblB"	"Defective MMAB causes methylmalonic aciduria type cblB"	"1/69"	"87/7644"	0.547686488742881	0.665230155580217	0.541096298797306	"PTGIS"	1
"M3"	"Defective MMACHC causes methylmalonic aciduria and homocystinuria type cblC"	"Defective MMACHC causes methylmalonic aciduria and homocystinuria type cblC"	"1/69"	"87/7644"	0.547686488742881	0.665230155580217	0.541096298797306	"PTGIS"	1
"M3"	"Defective MMADHC causes methylmalonic aciduria and homocystinuria type cblD"	"Defective MMADHC causes methylmalonic aciduria and homocystinuria type cblD"	"1/69"	"87/7644"	0.547686488742881	0.665230155580217	0.541096298797306	"PTGIS"	1
"M3"	"Defective MTR causes methylmalonic aciduria and homocystinuria type cblG"	"Defective MTR causes methylmalonic aciduria and homocystinuria type cblG"	"1/69"	"87/7644"	0.547686488742881	0.665230155580217	0.541096298797306	"PTGIS"	1
"M3"	"Defective MTRR causes methylmalonic aciduria and homocystinuria type cblE"	"Defective MTRR causes methylmalonic aciduria and homocystinuria type cblE"	"1/69"	"87/7644"	0.547686488742881	0.665230155580217	0.541096298797306	"PTGIS"	1
"M3"	"Defective MUT causes methylmalonic aciduria mut type"	"Defective MUT causes methylmalonic aciduria mut type"	"1/69"	"87/7644"	0.547686488742881	0.665230155580217	0.541096298797306	"PTGIS"	1
"M3"	"Defective TCN2 causes hereditary megaloblastic anemia"	"Defective TCN2 causes hereditary megaloblastic anemia"	"1/69"	"87/7644"	0.547686488742881	0.665230155580217	0.541096298797306	"PTGIS"	1
"M3"	"Defects in biotin (Btn) metabolism"	"Defects in biotin (Btn) metabolism"	"1/69"	"87/7644"	0.547686488742881	0.665230155580217	0.541096298797306	"PTGIS"	1
"M3"	"Defects in cobalamin (B12) metabolism"	"Defects in cobalamin (B12) metabolism"	"1/69"	"87/7644"	0.547686488742881	0.665230155580217	0.541096298797306	"PTGIS"	1
"M3"	"Defects in vitamin and cofactor metabolism"	"Defects in vitamin and cofactor metabolism"	"1/69"	"87/7644"	0.547686488742881	0.665230155580217	0.541096298797306	"PTGIS"	1
"M3"	"Metabolism of vitamins and cofactors"	"Metabolism of vitamins and cofactors"	"1/69"	"87/7644"	0.547686488742881	0.665230155580217	0.541096298797306	"PTGIS"	1
"M3"	"Metabolism of water-soluble vitamins and cofactors"	"Metabolism of water-soluble vitamins and cofactors"	"1/69"	"87/7644"	0.547686488742881	0.665230155580217	0.541096298797306	"PTGIS"	1
"M3"	"IRS-related events"	"IRS-related events"	"1/69"	"88/7644"	0.551816385828595	0.665230155580217	0.541096298797306	"FGF7"	1
"M3"	"Defective AHCY causes Hypermethioninemia with S-adenosylhomocysteine hydrolase deficiency (HMAHCHD)"	"Defective AHCY causes Hypermethioninemia with S-adenosylhomocysteine hydrolase deficiency (HMAHCHD)"	"1/69"	"89/7644"	0.555909116026825	0.665230155580217	0.541096298797306	"NNMT"	1
"M3"	"Defective GCLC causes Hemolytic anemia due to gamma-glutamylcysteine synthetase deficiency (HAGGSD)"	"Defective GCLC causes Hemolytic anemia due to gamma-glutamylcysteine synthetase deficiency (HAGGSD)"	"1/69"	"89/7644"	0.555909116026825	0.665230155580217	0.541096298797306	"NNMT"	1
"M3"	"Defective GGT1 causes Glutathionuria (GLUTH)"	"Defective GGT1 causes Glutathionuria (GLUTH)"	"1/69"	"89/7644"	0.555909116026825	0.665230155580217	0.541096298797306	"NNMT"	1
"M3"	"Defective GSS causes Glutathione synthetase deficiency (GSS deficiency)"	"Defective GSS causes Glutathione synthetase deficiency (GSS deficiency)"	"1/69"	"89/7644"	0.555909116026825	0.665230155580217	0.541096298797306	"NNMT"	1
"M3"	"Defective MAT1A causes Methionine adenosyltransferase deficiency (MATD)"	"Defective MAT1A causes Methionine adenosyltransferase deficiency (MATD)"	"1/69"	"89/7644"	0.555909116026825	0.665230155580217	0.541096298797306	"NNMT"	1
"M3"	"Defective OPLAH causes 5-oxoprolinase deficiency (OPLAHD)"	"Defective OPLAH causes 5-oxoprolinase deficiency (OPLAHD)"	"1/69"	"89/7644"	0.555909116026825	0.665230155580217	0.541096298797306	"NNMT"	1
"M3"	"Defective SLC35D1 causes Schneckenbecken dysplasia (SCHBCKD)"	"Defective SLC35D1 causes Schneckenbecken dysplasia (SCHBCKD)"	"1/69"	"89/7644"	0.555909116026825	0.665230155580217	0.541096298797306	"NNMT"	1
"M3"	"Defective TPMT causes Thiopurine S-methyltransferase deficiency (TPMT deficiency)"	"Defective TPMT causes Thiopurine S-methyltransferase deficiency (TPMT deficiency)"	"1/69"	"89/7644"	0.555909116026825	0.665230155580217	0.541096298797306	"NNMT"	1
"M3"	"Defective UGT1A1 causes hyperbilirubinemia"	"Defective UGT1A1 causes hyperbilirubinemia"	"1/69"	"89/7644"	0.555909116026825	0.665230155580217	0.541096298797306	"NNMT"	1
"M3"	"Defective UGT1A4 causes hyperbilirubinemia"	"Defective UGT1A4 causes hyperbilirubinemia"	"1/69"	"89/7644"	0.555909116026825	0.665230155580217	0.541096298797306	"NNMT"	1
"M3"	"Phase II conjugation"	"Phase II conjugation"	"1/69"	"89/7644"	0.555909116026825	0.665230155580217	0.541096298797306	"NNMT"	1
"M3"	"NGF signalling via TRKA from the plasma membrane"	"NGF signalling via TRKA from the plasma membrane"	"2/69"	"206/7644"	0.559141079748621	0.665732499508329	0.541504903906296	"PDGFRA/FGF7"	2
"M3"	"Signaling by the B Cell Receptor (BCR)"	"Signaling by the B Cell Receptor (BCR)"	"2/69"	"209/7644"	0.567070288619655	0.665732499508329	0.541504903906296	"PDGFRA/FGF7"	2
"M3"	"Diseases associated with visual transduction"	"Diseases associated with visual transduction"	"1/69"	"92/7644"	0.56796758699312	0.665732499508329	0.541504903906296	"GPC6"	1
"M3"	"Insulin receptor signalling cascade"	"Insulin receptor signalling cascade"	"1/69"	"92/7644"	0.56796758699312	0.665732499508329	0.541504903906296	"FGF7"	1
"M3"	"Visual phototransduction"	"Visual phototransduction"	"1/69"	"92/7644"	0.56796758699312	0.665732499508329	0.541504903906296	"GPC6"	1
"M3"	"Cell surface interactions at the vascular wall"	"Cell surface interactions at the vascular wall"	"1/69"	"99/7644"	0.594863346685115	0.694411906742624	0.564832651417445	"SELE"	1
"M3"	"Integration of energy metabolism"	"Integration of energy metabolism"	"1/69"	"104/7644"	0.613057472164734	0.704142380493494	0.572747390832029	"ADRA2A"	1
"M3"	"VEGFA-VEGFR2 Pathway"	"VEGFA-VEGFR2 Pathway"	"1/69"	"105/7644"	0.616598458162166	0.704142380493494	0.572747390832029	"PAK3"	1
"M3"	"PPARA activates gene expression"	"PPARA activates gene expression"	"1/69"	"111/7644"	0.63718350745303	0.704142380493494	0.572747390832029	"AGT"	1
"M3"	"Signaling by VEGF"	"Signaling by VEGF"	"1/69"	"113/7644"	0.64380008282788	0.704142380493494	0.572747390832029	"PAK3"	1
"M3"	"Regulation of lipid metabolism by Peroxisome proliferator-activated receptor alpha (PPARalpha)"	"Regulation of lipid metabolism by Peroxisome proliferator-activated receptor alpha (PPARalpha)"	"1/69"	"114/7644"	0.647063632726284	0.704142380493494	0.572747390832029	"AGT"	1
"M3"	"Signaling by Insulin receptor"	"Signaling by Insulin receptor"	"1/69"	"116/7644"	0.653502579891268	0.704142380493494	0.572747390832029	"FGF7"	1
"M3"	"Asparagine N-linked glycosylation"	"Asparagine N-linked glycosylation"	"1/69"	"118/7644"	0.659825727175722	0.704142380493494	0.572747390832029	"GFPT2"	1
"M3"	"Defective ALG11 causes ALG11-CDG (CDG-1p)"	"Defective ALG11 causes ALG11-CDG (CDG-1p)"	"1/69"	"118/7644"	0.659825727175722	0.704142380493494	0.572747390832029	"GFPT2"	1
"M3"	"Defective ALG12 causes ALG12-CDG (CDG-1g)"	"Defective ALG12 causes ALG12-CDG (CDG-1g)"	"1/69"	"118/7644"	0.659825727175722	0.704142380493494	0.572747390832029	"GFPT2"	1
"M3"	"Defective ALG14 causes congenital myasthenic syndrome (ALG14-CMS)"	"Defective ALG14 causes congenital myasthenic syndrome (ALG14-CMS)"	"1/69"	"118/7644"	0.659825727175722	0.704142380493494	0.572747390832029	"GFPT2"	1
"M3"	"Defective ALG1 causes ALG1-CDG (CDG-1k)"	"Defective ALG1 causes ALG1-CDG (CDG-1k)"	"1/69"	"118/7644"	0.659825727175722	0.704142380493494	0.572747390832029	"GFPT2"	1
"M3"	"Defective ALG2 causes ALG2-CDG (CDG-1i)"	"Defective ALG2 causes ALG2-CDG (CDG-1i)"	"1/69"	"118/7644"	0.659825727175722	0.704142380493494	0.572747390832029	"GFPT2"	1
"M3"	"Defective ALG3 causes ALG3-CDG (CDG-1d)"	"Defective ALG3 causes ALG3-CDG (CDG-1d)"	"1/69"	"118/7644"	0.659825727175722	0.704142380493494	0.572747390832029	"GFPT2"	1
"M3"	"Defective ALG6 causes ALG6-CDG (CDG-1c)"	"Defective ALG6 causes ALG6-CDG (CDG-1c)"	"1/69"	"118/7644"	0.659825727175722	0.704142380493494	0.572747390832029	"GFPT2"	1
"M3"	"Defective ALG8 causes ALG8-CDG (CDG-1h)"	"Defective ALG8 causes ALG8-CDG (CDG-1h)"	"1/69"	"118/7644"	0.659825727175722	0.704142380493494	0.572747390832029	"GFPT2"	1
"M3"	"Defective ALG9 causes ALG9-CDG (CDG-1l)"	"Defective ALG9 causes ALG9-CDG (CDG-1l)"	"1/69"	"118/7644"	0.659825727175722	0.704142380493494	0.572747390832029	"GFPT2"	1
"M3"	"Defective DPAGT1 causes DPAGT1-CDG (CDG-1j) and CMSTA2"	"Defective DPAGT1 causes DPAGT1-CDG (CDG-1j) and CMSTA2"	"1/69"	"118/7644"	0.659825727175722	0.704142380493494	0.572747390832029	"GFPT2"	1
"M3"	"Defective MAN1B1 causes MRT15"	"Defective MAN1B1 causes MRT15"	"1/69"	"118/7644"	0.659825727175722	0.704142380493494	0.572747390832029	"GFPT2"	1
"M3"	"Defective MGAT2 causes MGAT2-CDG (CDG-2a)"	"Defective MGAT2 causes MGAT2-CDG (CDG-2a)"	"1/69"	"118/7644"	0.659825727175722	0.704142380493494	0.572747390832029	"GFPT2"	1
"M3"	"Defective MOGS causes MOGS-CDG (CDG-2b)"	"Defective MOGS causes MOGS-CDG (CDG-2b)"	"1/69"	"118/7644"	0.659825727175722	0.704142380493494	0.572747390832029	"GFPT2"	1
"M3"	"Defective MPDU1 causes MPDU1-CDG (CDG-1f)"	"Defective MPDU1 causes MPDU1-CDG (CDG-1f)"	"1/69"	"118/7644"	0.659825727175722	0.704142380493494	0.572747390832029	"GFPT2"	1
"M3"	"Defective RFT1 causes RFT1-CDG (CDG-1n)"	"Defective RFT1 causes RFT1-CDG (CDG-1n)"	"1/69"	"118/7644"	0.659825727175722	0.704142380493494	0.572747390832029	"GFPT2"	1
"M3"	"Diseases associated with N-glycosylation of proteins"	"Diseases associated with N-glycosylation of proteins"	"1/69"	"118/7644"	0.659825727175722	0.704142380493494	0.572747390832029	"GFPT2"	1
"M3"	"Factors involved in megakaryocyte development and platelet production"	"Factors involved in megakaryocyte development and platelet production"	"1/69"	"125/7644"	0.681074129732086	0.724115989231883	0.588993866839331	"ZFPM2"	1
"M3"	"Signaling by Hedgehog"	"Signaling by Hedgehog"	"1/69"	"136/7644"	0.711850170879234	0.754033884709115	0.613328997131816	"GAS1"	1
"M3"	"Signalling by NGF"	"Signalling by NGF"	"2/69"	"287/7644"	0.738081030697772	0.77893422427883	0.633582861853594	"PDGFRA/FGF7"	2
"M3"	"Defective ACTH causes Obesity and Pro-opiomelanocortinin deficiency (POMCD)"	"Defective ACTH causes Obesity and Pro-opiomelanocortinin deficiency (POMCD)"	"3/69"	"441/7644"	0.769037178596651	0.805657996625063	0.655319901561056	"SUCNR1/AGT/ADRA2A"	3
"M3"	"GPCR ligand binding"	"GPCR ligand binding"	"3/69"	"441/7644"	0.769037178596651	0.805657996625063	0.655319901561056	"SUCNR1/AGT/ADRA2A"	3
"M3"	"Ion channel transport"	"Ion channel transport"	"1/69"	"167/7644"	0.783694612633119	0.81801700442727	0.665372683026966	"PLN"	1
"M3"	"Fatty acid, triacylglycerol, and ketone body metabolism"	"Fatty acid, triacylglycerol, and ketone body metabolism"	"1/69"	"181/7644"	0.810046042040951	0.836994176607031	0.680808660398064	"AGT"	1
"M3"	"G alpha (q) signalling events"	"G alpha (q) signalling events"	"1/69"	"189/7644"	0.823655804793575	0.836994176607031	0.680808660398064	"AGT"	1
"M3"	"Membrane Trafficking"	"Membrane Trafficking"	"1/69"	"190/7644"	0.825287964346793	0.836994176607031	0.680808660398064	"GJB2"	1
"M3"	"misspliced LRP5 mutants have enhanced beta-catenin-dependent signaling"	"misspliced LRP5 mutants have enhanced beta-catenin-dependent signaling"	"1/69"	"190/7644"	0.825287964346793	0.836994176607031	0.680808660398064	"SFRP2"	1
"M3"	"Peptide ligand-binding receptors"	"Peptide ligand-binding receptors"	"1/69"	"190/7644"	0.825287964346793	0.836994176607031	0.680808660398064	"AGT"	1
"M3"	"RNF mutants show enhanced WNT signaling and proliferation"	"RNF mutants show enhanced WNT signaling and proliferation"	"1/69"	"190/7644"	0.825287964346793	0.836994176607031	0.680808660398064	"SFRP2"	1
"M3"	"TCF dependent signaling in response to WNT"	"TCF dependent signaling in response to WNT"	"1/69"	"190/7644"	0.825287964346793	0.836994176607031	0.680808660398064	"SFRP2"	1
"M3"	"XAV939 inhibits tankyrase, stabilizing AXIN"	"XAV939 inhibits tankyrase, stabilizing AXIN"	"1/69"	"190/7644"	0.825287964346793	0.836994176607031	0.680808660398064	"SFRP2"	1
"M3"	"Signaling by WNT in cancer"	"Signaling by WNT in cancer"	"1/69"	"212/7644"	0.85765530760825	0.866747059985722	0.705009570323315	"SFRP2"	1
"M3"	"Gastrin-CREB signalling pathway via PKC and MAPK"	"Gastrin-CREB signalling pathway via PKC and MAPK"	"1/69"	"217/7644"	0.864143226137733	0.87022874181476	0.707841560327795	"AGT"	1
"M3"	"SLC-mediated transmembrane transport"	"SLC-mediated transmembrane transport"	"1/69"	"259/7644"	0.908303133866106	0.911490162405987	0.741403481382861	"APOD"	1
"M3"	"Signaling by Wnt"	"Signaling by Wnt"	"1/69"	"286/7644"	0.928864617742293	0.928864617742293	0.755535813474593	"SFRP2"	1
"M4"	"Sphingolipid de novo biosynthesis"	"Sphingolipid de novo biosynthesis"	"2/11"	"32/7644"	0.00091212946935792	0.104469271344871	0.0851629200516161	"SGPP2/ACER2"	2
"M4"	"Non-integrin membrane-ECM interactions"	"Non-integrin membrane-ECM interactions"	"2/11"	"42/7644"	0.00157096648638903	0.104469271344871	0.0851629200516161	"HSPG2/ITGB3"	2
"M4"	"Integrin cell surface interactions"	"Integrin cell surface interactions"	"2/11"	"66/7644"	0.00384065089014225	0.147363583623287	0.120130186887206	"HSPG2/ITGB3"	2
"M4"	"Sphingolipid metabolism"	"Sphingolipid metabolism"	"2/11"	"71/7644"	0.00443198747739208	0.147363583623287	0.120130186887206	"SGPP2/ACER2"	2
"M4"	"VEGFA-VEGFR2 Pathway"	"VEGFA-VEGFR2 Pathway"	"2/11"	"105/7644"	0.00948131963371472	0.212286463151359	0.173055051085002	"ITPR3/ITGB3"	2
"M4"	"Signaling by VEGF"	"Signaling by VEGF"	"2/11"	"113/7644"	0.0109197923438319	0.212286463151359	0.173055051085002	"ITPR3/ITGB3"	2
"M4"	"PECAM1 interactions"	"PECAM1 interactions"	"1/11"	"12/7644"	0.0171446665875223	0.212286463151359	0.173055051085002	"ITGB3"	1
"M4"	"GRB2:SOS provides linkage to MAPK signaling for Integrins"	"GRB2:SOS provides linkage to MAPK signaling for Integrins"	"1/11"	"15/7644"	0.0213888672517754	0.212286463151359	0.173055051085002	"ITGB3"	1
"M4"	"p130Cas linkage to MAPK signaling for integrins"	"p130Cas linkage to MAPK signaling for integrins"	"1/11"	"15/7644"	0.0213888672517754	0.212286463151359	0.173055051085002	"ITGB3"	1
"M4"	"Chylomicron-mediated lipid transport"	"Chylomicron-mediated lipid transport"	"1/11"	"17/7644"	0.0242090707914225	0.212286463151359	0.173055051085002	"HSPG2"	1
"M4"	"Platelet calcium homeostasis"	"Platelet calcium homeostasis"	"1/11"	"19/7644"	0.0270218838640085	0.212286463151359	0.173055051085002	"ITPR3"	1
"M4"	"Syndecan interactions"	"Syndecan interactions"	"1/11"	"20/7644"	0.0284255244249918	0.212286463151359	0.173055051085002	"ITGB3"	1
"M4"	"G alpha (q) signalling events"	"G alpha (q) signalling events"	"2/11"	"189/7644"	0.0288818892076298	0.212286463151359	0.173055051085002	"ITPR3/ADRA1B"	2
"M4"	"HS-GAG degradation"	"HS-GAG degradation"	"1/11"	"21/7644"	0.0298273239044411	0.212286463151359	0.173055051085002	"HSPG2"	1
"M4"	"Signal transduction by L1"	"Signal transduction by L1"	"1/11"	"21/7644"	0.0298273239044411	0.212286463151359	0.173055051085002	"ITGB3"	1
"M4"	"Laminin interactions"	"Laminin interactions"	"1/11"	"23/7644"	0.0326254083110595	0.212286463151359	0.173055051085002	"HSPG2"	1
"M4"	"Lysosome Vesicle Biogenesis"	"Lysosome Vesicle Biogenesis"	"1/11"	"24/7644"	0.0340216975786852	0.212286463151359	0.173055051085002	"TXNDC5"	1
"M4"	"Effects of PIP2 hydrolysis"	"Effects of PIP2 hydrolysis"	"1/11"	"25/7644"	0.0354161544456982	0.212286463151359	0.173055051085002	"ITPR3"	1
"M4"	"A tetrasaccharide linker sequence is required for GAG synthesis"	"A tetrasaccharide linker sequence is required for GAG synthesis"	"1/11"	"26/7644"	0.0368087810766334	0.212286463151359	0.173055051085002	"HSPG2"	1
"M4"	"Gastrin-CREB signalling pathway via PKC and MAPK"	"Gastrin-CREB signalling pathway via PKC and MAPK"	"2/11"	"217/7644"	0.0372714766427346	0.212286463151359	0.173055051085002	"ITPR3/ADRA1B"	2
"M4"	"Integrin alphaIIb beta3 signaling"	"Integrin alphaIIb beta3 signaling"	"1/11"	"27/7644"	0.0381995796337555	0.212286463151359	0.173055051085002	"ITGB3"	1
"M4"	"Platelet activation, signaling and aggregation"	"Platelet activation, signaling and aggregation"	"2/11"	"221/7644"	0.0385402923505379	0.212286463151359	0.173055051085002	"ITPR3/ITGB3"	2
"M4"	"Lipoprotein metabolism"	"Lipoprotein metabolism"	"1/11"	"30/7644"	0.0423610284508275	0.212286463151359	0.173055051085002	"HSPG2"	1
"M4"	"Molecules associated with elastic fibres"	"Molecules associated with elastic fibres"	"1/11"	"30/7644"	0.0423610284508275	0.212286463151359	0.173055051085002	"ITGB3"	1
"M4"	"DAG and IP3 signaling"	"DAG and IP3 signaling"	"1/11"	"31/7644"	0.043744536289945	0.212286463151359	0.173055051085002	"ITPR3"	1
"M4"	"HS-GAG biosynthesis"	"HS-GAG biosynthesis"	"1/11"	"31/7644"	0.043744536289945	0.212286463151359	0.173055051085002	"HSPG2"	1
"M4"	"VEGFR2 mediated cell proliferation"	"VEGFR2 mediated cell proliferation"	"1/11"	"32/7644"	0.0451262268325441	0.212286463151359	0.173055051085002	"ITPR3"	1
"M4"	"EGFR interacts with phospholipase C-gamma"	"EGFR interacts with phospholipase C-gamma"	"1/11"	"33/7644"	0.0465061022272955	0.212286463151359	0.173055051085002	"ITPR3"	1
"M4"	"PLC-gamma1 signalling"	"PLC-gamma1 signalling"	"1/11"	"33/7644"	0.0465061022272955	0.212286463151359	0.173055051085002	"ITPR3"	1
"M4"	"PLCG1 events in ERBB2 signaling"	"PLCG1 events in ERBB2 signaling"	"1/11"	"34/7644"	0.0478841646206073	0.212286463151359	0.173055051085002	"ITPR3"	1
"M4"	"Platelet Aggregation (Plug Formation)"	"Platelet Aggregation (Plug Formation)"	"1/11"	"37/7644"	0.0520074952221858	0.214586307554978	0.174929874777703	"ITGB3"	1
"M4"	"Extracellular matrix organization"	"Extracellular matrix organization"	"2/11"	"266/7644"	0.0539382602235674	0.214586307554978	0.174929874777703	"HSPG2/ITGB3"	2
"M4"	"Elastic fibre formation"	"Elastic fibre formation"	"1/11"	"41/7644"	0.057480017158681	0.214586307554978	0.174929874777703	"ITGB3"	1
"M4"	"Retinoid metabolism and transport"	"Retinoid metabolism and transport"	"1/11"	"41/7644"	0.057480017158681	0.214586307554978	0.174929874777703	"HSPG2"	1
"M4"	"Amine ligand-binding receptors"	"Amine ligand-binding receptors"	"1/11"	"42/7644"	0.0588436525409318	0.214586307554978	0.174929874777703	"ADRA1B"	1
"M4"	"Glucagon-like Peptide-1 (GLP1) regulates insulin secretion"	"Glucagon-like Peptide-1 (GLP1) regulates insulin secretion"	"1/11"	"42/7644"	0.0588436525409318	0.214586307554978	0.174929874777703	"ITPR3"	1
"M4"	"PLC beta mediated events"	"PLC beta mediated events"	"1/11"	"43/7644"	0.0602054941381496	0.214586307554978	0.174929874777703	"ITPR3"	1
"M4"	"G-protein mediated events"	"G-protein mediated events"	"1/11"	"44/7644"	0.0615655440742738	0.214586307554978	0.174929874777703	"ITPR3"	1
"M4"	"Antigen activates B Cell Receptor (BCR) leading to generation of second messengers"	"Antigen activates B Cell Receptor (BCR) leading to generation of second messengers"	"1/11"	"45/7644"	0.0629238044710085	0.214586307554978	0.174929874777703	"ITPR3"	1
"M4"	"Chondroitin sulfate/dermatan sulfate metabolism"	"Chondroitin sulfate/dermatan sulfate metabolism"	"1/11"	"50/7644"	0.0696883374672328	0.218039617918412	0.177744999173695	"HSPG2"	1
"M4"	"Lipid digestion, mobilization, and transport"	"Lipid digestion, mobilization, and transport"	"1/11"	"50/7644"	0.0696883374672328	0.218039617918412	0.177744999173695	"HSPG2"	1
"M4"	"Amyloids"	"Amyloids"	"1/11"	"51/7644"	0.0710359050584706	0.218039617918412	0.177744999173695	"HSPG2"	1
"M4"	"Golgi Associated Vesicle Biogenesis"	"Golgi Associated Vesicle Biogenesis"	"1/11"	"54/7644"	0.0750679677461973	0.218039617918412	0.177744999173695	"TXNDC5"	1
"M4"	"Heparan sulfate/heparin (HS-GAG) metabolism"	"Heparan sulfate/heparin (HS-GAG) metabolism"	"1/11"	"54/7644"	0.0750679677461973	0.218039617918412	0.177744999173695	"HSPG2"	1
"M4"	"Phospholipase C-mediated cascade"	"Phospholipase C-mediated cascade"	"1/11"	"54/7644"	0.0750679677461973	0.218039617918412	0.177744999173695	"ITPR3"	1
"M4"	"ECM proteoglycans"	"ECM proteoglycans"	"1/11"	"55/7644"	0.0764084489523625	0.218039617918412	0.177744999173695	"ITGB3"	1
"M4"	"Ca2+ pathway"	"Ca2+ pathway"	"1/11"	"61/7644"	0.0844143161383691	0.218039617918412	0.177744999173695	"ITPR3"	1
"M4"	"Clathrin derived vesicle budding"	"Clathrin derived vesicle budding"	"1/11"	"61/7644"	0.0844143161383691	0.218039617918412	0.177744999173695	"TXNDC5"	1
"M4"	"trans-Golgi Network Vesicle Budding"	"trans-Golgi Network Vesicle Budding"	"1/11"	"61/7644"	0.0844143161383691	0.218039617918412	0.177744999173695	"TXNDC5"	1
"M4"	"FCERI mediated Ca+2 mobilization"	"FCERI mediated Ca+2 mobilization"	"1/11"	"62/7644"	0.085742476829715	0.218039617918412	0.177744999173695	"ITPR3"	1
"M4"	"Role of phospholipids in phagocytosis"	"Role of phospholipids in phagocytosis"	"1/11"	"62/7644"	0.085742476829715	0.218039617918412	0.177744999173695	"ITPR3"	1
"M4"	"APC/C:Cdc20 mediated degradation of Securin"	"APC/C:Cdc20 mediated degradation of Securin"	"1/11"	"64/7644"	0.0883935451059575	0.218039617918412	0.177744999173695	"PTTG1"	1
"M4"	"APC/C:Cdh1 mediated degradation of Cdc20 and other APC/C:Cdh1 targeted proteins in late mitosis/early G1"	"APC/C:Cdh1 mediated degradation of Cdc20 and other APC/C:Cdh1 targeted proteins in late mitosis/early G1"	"1/11"	"69/7644"	0.0949906695707621	0.218039617918412	0.177744999173695	"PTTG1"	1
"M4"	"APC/C:Cdc20 mediated degradation of mitotic proteins"	"APC/C:Cdc20 mediated degradation of mitotic proteins"	"1/11"	"72/7644"	0.0989280810783737	0.218039617918412	0.177744999173695	"PTTG1"	1
"M4"	"Activation of APC/C and APC/C:Cdc20 mediated degradation of mitotic proteins"	"Activation of APC/C and APC/C:Cdc20 mediated degradation of mitotic proteins"	"1/11"	"73/7644"	0.100237086771472	0.218039617918412	0.177744999173695	"PTTG1"	1
"M4"	"G alpha (12/13) signalling events"	"G alpha (12/13) signalling events"	"1/11"	"75/7644"	0.10284991329332	0.218039617918412	0.177744999173695	"ADRA1B"	1
"M4"	"Regulation of insulin secretion"	"Regulation of insulin secretion"	"1/11"	"77/7644"	0.105455840355727	0.218039617918412	0.177744999173695	"ITPR3"	1
"M4"	"Platelet degranulation"	"Platelet degranulation"	"1/11"	"79/7644"	0.108054884359935	0.218039617918412	0.177744999173695	"ITGB3"	1
"M4"	"Platelet homeostasis"	"Platelet homeostasis"	"1/11"	"79/7644"	0.108054884359935	0.218039617918412	0.177744999173695	"ITPR3"	1
"M4"	"Opioid Signalling"	"Opioid Signalling"	"1/11"	"80/7644"	0.109351830331124	0.218039617918412	0.177744999173695	"ITPR3"	1
"M4"	"APC/C-mediated degradation of cell cycle proteins"	"APC/C-mediated degradation of cell cycle proteins"	"1/11"	"83/7644"	0.113232388625472	0.218039617918412	0.177744999173695	"PTTG1"	1
"M4"	"Regulation of mitotic cell cycle"	"Regulation of mitotic cell cycle"	"1/11"	"83/7644"	0.113232388625472	0.218039617918412	0.177744999173695	"PTTG1"	1
"M4"	"Response to elevated platelet cytosolic Ca2+"	"Response to elevated platelet cytosolic Ca2+"	"1/11"	"84/7644"	0.114522488311376	0.218039617918412	0.177744999173695	"ITGB3"	1
"M4"	"Degradation of the extracellular matrix"	"Degradation of the extracellular matrix"	"1/11"	"89/7644"	0.120947430128534	0.218039617918412	0.177744999173695	"HSPG2"	1
"M4"	"Diseases associated with visual transduction"	"Diseases associated with visual transduction"	"1/11"	"92/7644"	0.124782022880186	0.218039617918412	0.177744999173695	"HSPG2"	1
"M4"	"Visual phototransduction"	"Visual phototransduction"	"1/11"	"92/7644"	0.124782022880186	0.218039617918412	0.177744999173695	"HSPG2"	1
"M4"	"L1CAM interactions"	"L1CAM interactions"	"1/11"	"97/7644"	0.131139231875293	0.218039617918412	0.177744999173695	"ITGB3"	1
"M4"	"Cell surface interactions at the vascular wall"	"Cell surface interactions at the vascular wall"	"1/11"	"99/7644"	0.13367033977113	0.218039617918412	0.177744999173695	"ITGB3"	1
"M4"	"Integration of energy metabolism"	"Integration of energy metabolism"	"1/11"	"104/7644"	0.139968810460411	0.218039617918412	0.177744999173695	"ITPR3"	1
"M4"	"Immunoregulatory interactions between a Lymphoid and a non-Lymphoid cell"	"Immunoregulatory interactions between a Lymphoid and a non-Lymphoid cell"	"1/11"	"111/7644"	0.148716742305772	0.218039617918412	0.177744999173695	"ULBP3"	1
"M4"	"Hemostasis"	"Hemostasis"	"2/11"	"497/7644"	0.157423518031514	0.218039617918412	0.177744999173695	"ITPR3/ITGB3"	2
"M4"	"Fcgamma receptor (FCGR) dependent phagocytosis"	"Fcgamma receptor (FCGR) dependent phagocytosis"	"1/11"	"119/7644"	0.158615275320342	0.218039617918412	0.177744999173695	"ITPR3"	1
"M4"	"Defective B3GAT3 causes JDSSDHD"	"Defective B3GAT3 causes JDSSDHD"	"1/11"	"121/7644"	0.161073502961098	0.218039617918412	0.177744999173695	"HSPG2"	1
"M4"	"Defective B4GALT1 causes B4GALT1-CDG (CDG-2d)"	"Defective B4GALT1 causes B4GALT1-CDG (CDG-2d)"	"1/11"	"121/7644"	0.161073502961098	0.218039617918412	0.177744999173695	"HSPG2"	1
"M4"	"Defective B4GALT7 causes EDS, progeroid type"	"Defective B4GALT7 causes EDS, progeroid type"	"1/11"	"121/7644"	0.161073502961098	0.218039617918412	0.177744999173695	"HSPG2"	1
"M4"	"Defective CHST14 causes EDS, musculocontractural type"	"Defective CHST14 causes EDS, musculocontractural type"	"1/11"	"121/7644"	0.161073502961098	0.218039617918412	0.177744999173695	"HSPG2"	1
"M4"	"Defective CHST3 causes SEDCJD"	"Defective CHST3 causes SEDCJD"	"1/11"	"121/7644"	0.161073502961098	0.218039617918412	0.177744999173695	"HSPG2"	1
"M4"	"Defective CHST6 causes MCDC1"	"Defective CHST6 causes MCDC1"	"1/11"	"121/7644"	0.161073502961098	0.218039617918412	0.177744999173695	"HSPG2"	1
"M4"	"Defective CHSY1 causes TPBS"	"Defective CHSY1 causes TPBS"	"1/11"	"121/7644"	0.161073502961098	0.218039617918412	0.177744999173695	"HSPG2"	1
"M4"	"Defective EXT1 causes exostoses 1, TRPS2 and CHDS"	"Defective EXT1 causes exostoses 1, TRPS2 and CHDS"	"1/11"	"121/7644"	0.161073502961098	0.218039617918412	0.177744999173695	"HSPG2"	1
"M4"	"Defective EXT2 causes exostoses 2"	"Defective EXT2 causes exostoses 2"	"1/11"	"121/7644"	0.161073502961098	0.218039617918412	0.177744999173695	"HSPG2"	1
"M4"	"Defective PAPSS2 causes SEMD-PA"	"Defective PAPSS2 causes SEMD-PA"	"1/11"	"121/7644"	0.161073502961098	0.218039617918412	0.177744999173695	"HSPG2"	1
"M4"	"Defective SLC26A2 causes chondrodysplasias"	"Defective SLC26A2 causes chondrodysplasias"	"1/11"	"121/7644"	0.161073502961098	0.218039617918412	0.177744999173695	"HSPG2"	1
"M4"	"Diseases associated with glycosaminoglycan metabolism"	"Diseases associated with glycosaminoglycan metabolism"	"1/11"	"121/7644"	0.161073502961098	0.218039617918412	0.177744999173695	"HSPG2"	1
"M4"	"Glycosaminoglycan metabolism"	"Glycosaminoglycan metabolism"	"1/11"	"121/7644"	0.161073502961098	0.218039617918412	0.177744999173695	"HSPG2"	1
"M4"	"MPS I - Hurler syndrome"	"MPS I - Hurler syndrome"	"1/11"	"121/7644"	0.161073502961098	0.218039617918412	0.177744999173695	"HSPG2"	1
"M4"	"MPS II - Hunter syndrome"	"MPS II - Hunter syndrome"	"1/11"	"121/7644"	0.161073502961098	0.218039617918412	0.177744999173695	"HSPG2"	1
"M4"	"MPS IIIA - Sanfilippo syndrome A"	"MPS IIIA - Sanfilippo syndrome A"	"1/11"	"121/7644"	0.161073502961098	0.218039617918412	0.177744999173695	"HSPG2"	1
"M4"	"MPS IIIB - Sanfilippo syndrome B"	"MPS IIIB - Sanfilippo syndrome B"	"1/11"	"121/7644"	0.161073502961098	0.218039617918412	0.177744999173695	"HSPG2"	1
"M4"	"MPS IIIC - Sanfilippo syndrome C"	"MPS IIIC - Sanfilippo syndrome C"	"1/11"	"121/7644"	0.161073502961098	0.218039617918412	0.177744999173695	"HSPG2"	1
"M4"	"MPS IIID - Sanfilippo syndrome D"	"MPS IIID - Sanfilippo syndrome D"	"1/11"	"121/7644"	0.161073502961098	0.218039617918412	0.177744999173695	"HSPG2"	1
"M4"	"MPS IV - Morquio syndrome A"	"MPS IV - Morquio syndrome A"	"1/11"	"121/7644"	0.161073502961098	0.218039617918412	0.177744999173695	"HSPG2"	1
"M4"	"MPS IV - Morquio syndrome B"	"MPS IV - Morquio syndrome B"	"1/11"	"121/7644"	0.161073502961098	0.218039617918412	0.177744999173695	"HSPG2"	1
"M4"	"MPS IX - Natowicz syndrome"	"MPS IX - Natowicz syndrome"	"1/11"	"121/7644"	0.161073502961098	0.218039617918412	0.177744999173695	"HSPG2"	1
"M4"	"MPS VII - Sly syndrome"	"MPS VII - Sly syndrome"	"1/11"	"121/7644"	0.161073502961098	0.218039617918412	0.177744999173695	"HSPG2"	1
"M4"	"MPS VI - Maroteaux-Lamy syndrome"	"MPS VI - Maroteaux-Lamy syndrome"	"1/11"	"121/7644"	0.161073502961098	0.218039617918412	0.177744999173695	"HSPG2"	1
"M4"	"Mucopolysaccharidoses"	"Mucopolysaccharidoses"	"1/11"	"121/7644"	0.161073502961098	0.218039617918412	0.177744999173695	"HSPG2"	1
"M4"	"Rho GTPase cycle"	"Rho GTPase cycle"	"1/11"	"122/7644"	0.162300166721224	0.218039617918412	0.177744999173695	"ARHGAP20"	1
"M4"	"Signaling by Rho GTPases"	"Signaling by Rho GTPases"	"1/11"	"122/7644"	0.162300166721224	0.218039617918412	0.177744999173695	"ARHGAP20"	1
"M4"	"beta-catenin independent WNT signaling"	"beta-catenin independent WNT signaling"	"1/11"	"144/7644"	0.188877622829472	0.251207238363198	0.204783106857217	"ITPR3"	1
"M4"	"Downstream signaling of activated FGFR"	"Downstream signaling of activated FGFR"	"1/11"	"149/7644"	0.194810008563268	0.256531991474402	0.209123823679173	"ITPR3"	1
"M4"	"Downstream signal transduction"	"Downstream signal transduction"	"1/11"	"161/7644"	0.208887146192892	0.266465863423836	0.217221875208984	"ITPR3"	1
"M4"	"Separation of Sister Chromatids"	"Separation of Sister Chromatids"	"1/11"	"161/7644"	0.208887146192892	0.266465863423836	0.217221875208984	"PTTG1"	1
"M4"	"Signaling by FGFR"	"Signaling by FGFR"	"1/11"	"162/7644"	0.210050081030774	0.266465863423836	0.217221875208984	"ITPR3"	1
"M4"	"Signaling by ERBB2"	"Signaling by ERBB2"	"1/11"	"163/7644"	0.21121146155853	0.266465863423836	0.217221875208984	"ITPR3"	1
"M4"	"DAP12 signaling"	"DAP12 signaling"	"1/11"	"164/7644"	0.212371289646065	0.266465863423836	0.217221875208984	"ITPR3"	1
"M4"	"Mitotic Anaphase"	"Mitotic Anaphase"	"1/11"	"172/7644"	0.22159425022848	0.268142625445835	0.218588764708516	"PTTG1"	1
"M4"	"Mitotic Metaphase and Anaphase"	"Mitotic Metaphase and Anaphase"	"1/11"	"173/7644"	0.222740190170595	0.268142625445835	0.218588764708516	"PTTG1"	1
"M4"	"Signaling by FGFR in disease"	"Signaling by FGFR in disease"	"1/11"	"177/7644"	0.227308629901166	0.268142625445835	0.218588764708516	"ITPR3"	1
"M4"	"DAP12 interactions"	"DAP12 interactions"	"1/11"	"179/7644"	0.229583683567438	0.268142625445835	0.218588764708516	"ITPR3"	1
"M4"	"Signaling by EGFR"	"Signaling by EGFR"	"1/11"	"179/7644"	0.229583683567438	0.268142625445835	0.218588764708516	"ITPR3"	1
"M4"	"Signaling by Overexpressed Wild-Type EGFR in Cancer"	"Signaling by Overexpressed Wild-Type EGFR in Cancer"	"1/11"	"179/7644"	0.229583683567438	0.268142625445835	0.218588764708516	"ITPR3"	1
"M4"	"Signaling by EGFR in Cancer"	"Signaling by EGFR in Cancer"	"1/11"	"181/7644"	0.231852646062188	0.268142625445835	0.218588764708516	"ITPR3"	1
"M4"	"Signaling by EGFRvIII in Cancer"	"Signaling by EGFRvIII in Cancer"	"1/11"	"181/7644"	0.231852646062188	0.268142625445835	0.218588764708516	"ITPR3"	1
"M4"	"Signaling by Ligand-Responsive EGFR Variants in Cancer"	"Signaling by Ligand-Responsive EGFR Variants in Cancer"	"1/11"	"181/7644"	0.231852646062188	0.268142625445835	0.218588764708516	"ITPR3"	1
"M4"	"Signaling by PDGF"	"Signaling by PDGF"	"1/11"	"184/7644"	0.235244700964765	0.269720217485463	0.219874811246559	"ITPR3"	1
"M4"	"Membrane Trafficking"	"Membrane Trafficking"	"1/11"	"190/7644"	0.241987991949775	0.275080366917266	0.22424438300339	"TXNDC5"	1
"M4"	"NGF signalling via TRKA from the plasma membrane"	"NGF signalling via TRKA from the plasma membrane"	"1/11"	"206/7644"	0.259706685182297	0.292720246858013	0.238624340533244	"ITPR3"	1
"M4"	"Signaling by the B Cell Receptor (BCR)"	"Signaling by the B Cell Receptor (BCR)"	"1/11"	"209/7644"	0.26298671258288	0.293926325827925	0.239607531145835	"ITPR3"	1
"M4"	"Fc epsilon receptor (FCERI) signaling"	"Fc epsilon receptor (FCERI) signaling"	"1/11"	"212/7644"	0.266253522966143	0.295097654620809	0.24056239355713	"ITPR3"	1
"M4"	"Diseases of glycosylation"	"Diseases of glycosylation"	"1/11"	"227/7644"	0.282390992538457	0.310396710806734	0.253034121195834	"HSPG2"	1
"M4"	"Glycogen storage diseases"	"Glycogen storage diseases"	"1/11"	"258/7644"	0.314723846747922	0.337566706592529	0.275182989940882	"HSPG2"	1
"M4"	"Metabolism of carbohydrates"	"Metabolism of carbohydrates"	"1/11"	"258/7644"	0.314723846747922	0.337566706592529	0.275182989940882	"HSPG2"	1
"M4"	"Myoclonic epilepsy of Lafora"	"Myoclonic epilepsy of Lafora"	"1/11"	"258/7644"	0.314723846747922	0.337566706592529	0.275182989940882	"HSPG2"	1
"M4"	"M Phase"	"M Phase"	"1/11"	"266/7644"	0.32284992241376	0.343512317448241	0.280029827440987	"PTTG1"	1
"M4"	"Signaling by Wnt"	"Signaling by Wnt"	"1/11"	"286/7644"	0.342783311326597	0.360006736945053	0.293476010331148	"ITPR3"	1
"M4"	"Signalling by NGF"	"Signalling by NGF"	"1/11"	"287/7644"	0.343765831518961	0.360006736945053	0.293476010331148	"ITPR3"	1
"M4"	"Class A/1 (Rhodopsin-like receptors)"	"Class A/1 (Rhodopsin-like receptors)"	"1/11"	"314/7644"	0.369794378021006	0.384239470912452	0.313230435330293	"ADRA1B"	1
"M4"	"Axon guidance"	"Axon guidance"	"1/11"	"327/7644"	0.381988776488095	0.393833389712532	0.321051358451846	"ITGB3"	1
"M4"	"Defective ACTH causes Obesity and Pro-opiomelanocortinin deficiency (POMCD)"	"Defective ACTH causes Obesity and Pro-opiomelanocortinin deficiency (POMCD)"	"1/11"	"441/7644"	0.480089481985022	0.4869198318741	0.39693504299986	"ADRA1B"	1
"M4"	"GPCR ligand binding"	"GPCR ligand binding"	"1/11"	"441/7644"	0.480089481985022	0.4869198318741	0.39693504299986	"ADRA1B"	1
"M4"	"Cell Cycle, Mitotic"	"Cell Cycle, Mitotic"	"1/11"	"445/7644"	0.483258780506625	0.4869198318741	0.39693504299986	"PTTG1"	1
"M4"	"Generic Transcription Pathway"	"Generic Transcription Pathway"	"1/11"	"483/7644"	0.512502959614194	0.512502959614194	0.417790303444891	"ZNF860"	1
"M5"	"Activation of the AP-1 family of transcription factors"	"Activation of the AP-1 family of transcription factors"	"2/20"	"10/7644"	0.000289037038294714	0.0194350857891776	0.0137936414293206	"FOS/JUN"	2
"M5"	"Nuclear Receptor transcription pathway"	"Nuclear Receptor transcription pathway"	"3/20"	"51/7644"	0.000294470996805721	0.0194350857891776	0.0137936414293206	"NR4A1/NR4A2/NR4A3"	3
"M5"	"Fc epsilon receptor (FCERI) signaling"	"Fc epsilon receptor (FCERI) signaling"	"4/20"	"212/7644"	0.00196470358088787	0.0864469575590662	0.0613539012979019	"FOS/JUN/NR4A1/HBEGF"	4
"M5"	"MAPK targets/ Nuclear events mediated by MAP kinases"	"MAPK targets/ Nuclear events mediated by MAP kinases"	"2/20"	"30/7644"	0.00270772266190677	0.0893548478429235	0.0634177149762375	"FOS/JUN"	2
"M5"	"Generic Transcription Pathway"	"Generic Transcription Pathway"	"5/20"	"483/7644"	0.0069202043798525	0.108907788896476	0.0772950016888864	"CTGF/NR4A1/SERPINE1/NR4A2/NR4A3"	5
"M5"	"MAP kinase activation in TLR cascade"	"MAP kinase activation in TLR cascade"	"2/20"	"56/7644"	0.00920372417142325	0.108907788896476	0.0772950016888864	"FOS/JUN"	2
"M5"	"Interferon alpha/beta signaling"	"Interferon alpha/beta signaling"	"2/20"	"67/7644"	0.0129888162497184	0.108907788896476	0.0772950016888864	"EGR1/SOCS3"	2
"M5"	"TRAF6 Mediated Induction of proinflammatory cytokines"	"TRAF6 Mediated Induction of proinflammatory cytokines"	"2/20"	"75/7644"	0.0160998723506694	0.108907788896476	0.0772950016888864	"FOS/JUN"	2
"M5"	"Senescence-Associated Secretory Phenotype (SASP)"	"Senescence-Associated Secretory Phenotype (SASP)"	"2/20"	"76/7644"	0.0165092355446514	0.108907788896476	0.0772950016888864	"FOS/JUN"	2
"M5"	"FCERI mediated MAPK activation"	"FCERI mediated MAPK activation"	"2/20"	"77/7644"	0.0169230702886733	0.108907788896476	0.0772950016888864	"FOS/JUN"	2
"M5"	"Transcriptional regulation of white adipocyte differentiation"	"Transcriptional regulation of white adipocyte differentiation"	"2/20"	"78/7644"	0.0173413528646122	0.108907788896476	0.0772950016888864	"EGR2/KLF4"	2
"M5"	"Gastrin-CREB signalling pathway via PKC and MAPK"	"Gastrin-CREB signalling pathway via PKC and MAPK"	"3/20"	"217/7644"	0.0180077972592863	0.108907788896476	0.0772950016888864	"HBEGF/BDKRB2/EDN1"	3
"M5"	"Constitutive PI3K/AKT Signaling in Cancer"	"Constitutive PI3K/AKT Signaling in Cancer"	"2/20"	"86/7644"	0.0208449164230798	0.108907788896476	0.0772950016888864	"NR4A1/HBEGF"	2
"M5"	"MyD88 cascade initiated on plasma membrane"	"MyD88 cascade initiated on plasma membrane"	"2/20"	"86/7644"	0.0208449164230798	0.108907788896476	0.0772950016888864	"FOS/JUN"	2
"M5"	"Toll Like Receptor 10 (TLR10) Cascade"	"Toll Like Receptor 10 (TLR10) Cascade"	"2/20"	"86/7644"	0.0208449164230798	0.108907788896476	0.0772950016888864	"FOS/JUN"	2
"M5"	"Toll Like Receptor 5 (TLR5) Cascade"	"Toll Like Receptor 5 (TLR5) Cascade"	"2/20"	"86/7644"	0.0208449164230798	0.108907788896476	0.0772950016888864	"FOS/JUN"	2
"M5"	"TRAF6 mediated induction of NFkB and MAP kinases upon TLR7/8 or 9 activation"	"TRAF6 mediated induction of NFkB and MAP kinases upon TLR7/8 or 9 activation"	"2/20"	"86/7644"	0.0208449164230798	0.108907788896476	0.0772950016888864	"FOS/JUN"	2
"M5"	"MyD88 dependent cascade initiated on endosome"	"MyD88 dependent cascade initiated on endosome"	"2/20"	"88/7644"	0.0217636502078644	0.108907788896476	0.0772950016888864	"FOS/JUN"	2
"M5"	"Toll Like Receptor 7/8 (TLR7/8) Cascade"	"Toll Like Receptor 7/8 (TLR7/8) Cascade"	"2/20"	"88/7644"	0.0217636502078644	0.108907788896476	0.0772950016888864	"FOS/JUN"	2
"M5"	"Oxidative Stress Induced Senescence"	"Oxidative Stress Induced Senescence"	"2/20"	"91/7644"	0.0231731367657508	0.108907788896476	0.0772950016888864	"FOS/JUN"	2
"M5"	"Toll Like Receptor 9 (TLR9) Cascade"	"Toll Like Receptor 9 (TLR9) Cascade"	"2/20"	"92/7644"	0.0236512444601963	0.108907788896476	0.0772950016888864	"FOS/JUN"	2
"M5"	"MyD88:Mal cascade initiated on plasma membrane"	"MyD88:Mal cascade initiated on plasma membrane"	"2/20"	"96/7644"	0.0256044699053633	0.108907788896476	0.0772950016888864	"FOS/JUN"	2
"M5"	"Toll Like Receptor 2 (TLR2) Cascade"	"Toll Like Receptor 2 (TLR2) Cascade"	"2/20"	"96/7644"	0.0256044699053633	0.108907788896476	0.0772950016888864	"FOS/JUN"	2
"M5"	"Toll Like Receptor TLR1:TLR2 Cascade"	"Toll Like Receptor TLR1:TLR2 Cascade"	"2/20"	"96/7644"	0.0256044699053633	0.108907788896476	0.0772950016888864	"FOS/JUN"	2
"M5"	"Toll Like Receptor TLR6:TLR2 Cascade"	"Toll Like Receptor TLR6:TLR2 Cascade"	"2/20"	"96/7644"	0.0256044699053633	0.108907788896476	0.0772950016888864	"FOS/JUN"	2
"M5"	"MyD88-independent cascade"	"MyD88-independent cascade"	"2/20"	"99/7644"	0.0271115999478545	0.108907788896476	0.0772950016888864	"FOS/JUN"	2
"M5"	"Toll Like Receptor 3 (TLR3) Cascade"	"Toll Like Receptor 3 (TLR3) Cascade"	"2/20"	"99/7644"	0.0271115999478545	0.108907788896476	0.0772950016888864	"FOS/JUN"	2
"M5"	"TRIF-mediated TLR3/TLR4 signaling"	"TRIF-mediated TLR3/TLR4 signaling"	"2/20"	"99/7644"	0.0271115999478545	0.108907788896476	0.0772950016888864	"FOS/JUN"	2
"M5"	"PI3K/AKT Signaling in Cancer"	"PI3K/AKT Signaling in Cancer"	"2/20"	"100/7644"	0.0276218990008604	0.108907788896476	0.0772950016888864	"NR4A1/HBEGF"	2
"M5"	"PI-3K cascade"	"PI-3K cascade"	"2/20"	"100/7644"	0.0276218990008604	0.108907788896476	0.0772950016888864	"NR4A1/HBEGF"	2
"M5"	"PI3K events in ERBB2 signaling"	"PI3K events in ERBB2 signaling"	"2/20"	"100/7644"	0.0276218990008604	0.108907788896476	0.0772950016888864	"NR4A1/HBEGF"	2
"M5"	"PI3K events in ERBB4 signaling"	"PI3K events in ERBB4 signaling"	"2/20"	"100/7644"	0.0276218990008604	0.108907788896476	0.0772950016888864	"NR4A1/HBEGF"	2
"M5"	"PIP3 activates AKT signaling"	"PIP3 activates AKT signaling"	"2/20"	"100/7644"	0.0276218990008604	0.108907788896476	0.0772950016888864	"NR4A1/HBEGF"	2
"M5"	"Interleukin-6 signaling"	"Interleukin-6 signaling"	"1/20"	"11/7644"	0.0284255244249915	0.108907788896476	0.0772950016888864	"SOCS3"	1
"M5"	"PI3K/AKT activation"	"PI3K/AKT activation"	"2/20"	"103/7644"	0.0291762570205197	0.108907788896476	0.0772950016888864	"NR4A1/HBEGF"	2
"M5"	"GAB1 signalosome"	"GAB1 signalosome"	"2/20"	"104/7644"	0.0297021242444934	0.108907788896476	0.0772950016888864	"NR4A1/HBEGF"	2
"M5"	"Extracellular matrix organization"	"Extracellular matrix organization"	"3/20"	"266/7644"	0.0306507319954511	0.109348557389177	0.0776078278120951	"SERPINE1/ADAMTS4/COL27A1"	3
"M5"	"Dissolution of Fibrin Clot"	"Dissolution of Fibrin Clot"	"1/20"	"13/7644"	0.0335106290999031	0.116405343189137	0.0826162324069633	"SERPINE1"	1
"M5"	"Activated TLR4 signalling"	"Activated TLR4 signalling"	"2/20"	"115/7644"	0.0357352769153001	0.118944176865667	0.0844181159572917	"FOS/JUN"	2
"M5"	"Regulation of IFNG signaling"	"Regulation of IFNG signaling"	"1/20"	"14/7644"	0.0360436899592931	0.118944176865667	0.0844181159572917	"SOCS3"	1
"M5"	"Toll Like Receptor 4 (TLR4) Cascade"	"Toll Like Receptor 4 (TLR4) Cascade"	"2/20"	"124/7644"	0.0409973040739983	0.131991320433361	0.0936780503873132	"FOS/JUN"	2
"M5"	"Synthesis, secretion, and deacylation of Ghrelin"	"Synthesis, secretion, and deacylation of Ghrelin"	"1/20"	"17/7644"	0.043605085516061	0.133857471816745	0.0950025118954573	"KLF4"	1
"M5"	"Tristetraprolin (TTP) destabilizes mRNA"	"Tristetraprolin (TTP) destabilizes mRNA"	"1/20"	"17/7644"	0.043605085516061	0.133857471816745	0.0950025118954573	"ZFP36"	1
"M5"	"Role of LAT2/NTAL/LAB on calcium mobilization"	"Role of LAT2/NTAL/LAB on calcium mobilization"	"2/20"	"141/7644"	0.0516815036352207	0.149800391782656	0.106317662429477	"NR4A1/HBEGF"	2
"M5"	"Signaling by SCF-KIT"	"Signaling by SCF-KIT"	"2/20"	"144/7644"	0.0536623884842658	0.149800391782656	0.106317662429477	"NR4A1/HBEGF"	2
"M5"	"Toll-Like Receptors Cascades"	"Toll-Like Receptors Cascades"	"2/20"	"144/7644"	0.0536623884842658	0.149800391782656	0.106317662429477	"FOS/JUN"	2
"M5"	"Downstream signaling of activated FGFR"	"Downstream signaling of activated FGFR"	"2/20"	"149/7644"	0.0570243299926505	0.149800391782656	0.106317662429477	"NR4A1/HBEGF"	2
"M5"	"Signaling by ERBB4"	"Signaling by ERBB4"	"2/20"	"154/7644"	0.0604598574933762	0.149800391782656	0.106317662429477	"NR4A1/HBEGF"	2
"M5"	"Growth hormone receptor signaling"	"Growth hormone receptor signaling"	"1/20"	"24/7644"	0.0610298168514469	0.149800391782656	0.106317662429477	"SOCS3"	1
"M5"	"Regulation of IFNA signaling"	"Regulation of IFNA signaling"	"1/20"	"25/7644"	0.0634943055211284	0.149800391782656	0.106317662429477	"SOCS3"	1
"M5"	"Cellular Senescence"	"Cellular Senescence"	"2/20"	"159/7644"	0.06396670390408	0.149800391782656	0.106317662429477	"FOS/JUN"	2
"M5"	"Downstream signal transduction"	"Downstream signal transduction"	"2/20"	"161/7644"	0.0653889118137664	0.149800391782656	0.106317662429477	"NR4A1/HBEGF"	2
"M5"	"ATF4 activates genes"	"ATF4 activates genes"	"1/20"	"26/7644"	0.0659526483337781	0.149800391782656	0.106317662429477	"ATF3"	1
"M5"	"Signaling by Leptin"	"Signaling by Leptin"	"1/20"	"26/7644"	0.0659526483337781	0.149800391782656	0.106317662429477	"SOCS3"	1
"M5"	"Signaling by FGFR"	"Signaling by FGFR"	"2/20"	"162/7644"	0.0661041172012537	0.149800391782656	0.106317662429477	"NR4A1/HBEGF"	2
"M5"	"Signaling by ERBB2"	"Signaling by ERBB2"	"2/20"	"163/7644"	0.0668220335487088	0.149800391782656	0.106317662429477	"NR4A1/HBEGF"	2
"M5"	"DAP12 signaling"	"DAP12 signaling"	"2/20"	"164/7644"	0.0675426434404942	0.149800391782656	0.106317662429477	"NR4A1/HBEGF"	2
"M5"	"SHC1 events in ERBB4 signaling"	"SHC1 events in ERBB4 signaling"	"1/20"	"28/7644"	0.0708509544419085	0.149800391782656	0.106317662429477	"HBEGF"	1
"M5"	"Downstream signaling events of B Cell Receptor (BCR)"	"Downstream signaling events of B Cell Receptor (BCR)"	"2/20"	"170/7644"	0.0719219000289729	0.149800391782656	0.106317662429477	"NR4A1/HBEGF"	2
"M5"	"PERK regulates gene expression"	"PERK regulates gene expression"	"1/20"	"29/7644"	0.0732909466833949	0.149800391782656	0.106317662429477	"ATF3"	1
"M5"	"SMAD2/SMAD3:SMAD4 heterotrimer regulates transcription"	"SMAD2/SMAD3:SMAD4 heterotrimer regulates transcription"	"1/20"	"29/7644"	0.0732909466833949	0.149800391782656	0.106317662429477	"SERPINE1"	1
"M5"	"YAP1- and WWTR1 (TAZ)-stimulated gene expression"	"YAP1- and WWTR1 (TAZ)-stimulated gene expression"	"1/20"	"29/7644"	0.0732909466833949	0.149800391782656	0.106317662429477	"CTGF"	1
"M5"	"GRB2 events in ERBB2 signaling"	"GRB2 events in ERBB2 signaling"	"1/20"	"30/7644"	0.0757248509599979	0.149800391782656	0.106317662429477	"HBEGF"	1
"M5"	"Signaling by FGFR in disease"	"Signaling by FGFR in disease"	"2/20"	"177/7644"	0.0771478767180419	0.149800391782656	0.106317662429477	"NR4A1/HBEGF"	2
"M5"	"DAP12 interactions"	"DAP12 interactions"	"2/20"	"179/7644"	0.0786633697516945	0.149800391782656	0.106317662429477	"NR4A1/HBEGF"	2
"M5"	"Signaling by EGFR"	"Signaling by EGFR"	"2/20"	"179/7644"	0.0786633697516945	0.149800391782656	0.106317662429477	"NR4A1/HBEGF"	2
"M5"	"Signaling by Overexpressed Wild-Type EGFR in Cancer"	"Signaling by Overexpressed Wild-Type EGFR in Cancer"	"2/20"	"179/7644"	0.0786633697516945	0.149800391782656	0.106317662429477	"NR4A1/HBEGF"	2
"M5"	"Signaling by EGFR in Cancer"	"Signaling by EGFR in Cancer"	"2/20"	"181/7644"	0.0801885569089324	0.149800391782656	0.106317662429477	"NR4A1/HBEGF"	2
"M5"	"Signaling by EGFRvIII in Cancer"	"Signaling by EGFRvIII in Cancer"	"2/20"	"181/7644"	0.0801885569089324	0.149800391782656	0.106317662429477	"NR4A1/HBEGF"	2
"M5"	"Signaling by Ligand-Responsive EGFR Variants in Cancer"	"Signaling by Ligand-Responsive EGFR Variants in Cancer"	"2/20"	"181/7644"	0.0801885569089324	0.149800391782656	0.106317662429477	"NR4A1/HBEGF"	2
"M5"	"SHC1 events in ERBB2 signaling"	"SHC1 events in ERBB2 signaling"	"1/20"	"32/7644"	0.0805744531558226	0.149800391782656	0.106317662429477	"HBEGF"	1
"M5"	"Signaling by PDGF"	"Signaling by PDGF"	"2/20"	"184/7644"	0.0824942288466883	0.151239419552262	0.107338981978878	"NR4A1/HBEGF"	2
"M5"	"G alpha (q) signalling events"	"G alpha (q) signalling events"	"2/20"	"189/7644"	0.0863836506608759	0.155489554708925	0.110355425590864	"BDKRB2/EDN1"	2
"M5"	"Peptide ligand-binding receptors"	"Peptide ligand-binding receptors"	"2/20"	"190/7644"	0.0871683867307609	0.155489554708925	0.110355425590864	"BDKRB2/EDN1"	2
"M5"	"Interferon Signaling"	"Interferon Signaling"	"2/20"	"196/7644"	0.0919234438243828	0.16081928696165	0.114138090427328	"EGR1/SOCS3"	2
"M5"	"BMAL1:CLOCK,NPAS2 activates circadian gene expression"	"BMAL1:CLOCK,NPAS2 activates circadian gene expression"	"1/20"	"37/7644"	0.0925929227961017	0.16081928696165	0.114138090427328	"SERPINE1"	1
"M5"	"Formation of Fibrin Clot (Clotting Cascade)"	"Formation of Fibrin Clot (Clotting Cascade)"	"1/20"	"39/7644"	0.0973583951932016	0.161052116821556	0.114303336500147	"F3"	1
"M5"	"Nuclear signaling by ERBB4"	"Nuclear signaling by ERBB4"	"1/20"	"39/7644"	0.0973583951932016	0.161052116821556	0.114303336500147	"HBEGF"	1
"M5"	"O-glycosylation of TSR domain-containing proteins"	"O-glycosylation of TSR domain-containing proteins"	"1/20"	"39/7644"	0.0973583951932016	0.161052116821556	0.114303336500147	"ADAMTS4"	1
"M5"	"Uptake and actions of bacterial toxins"	"Uptake and actions of bacterial toxins"	"1/20"	"40/7644"	0.0997322061197154	0.161052116821556	0.114303336500147	"HBEGF"	1
"M5"	"NGF signalling via TRKA from the plasma membrane"	"NGF signalling via TRKA from the plasma membrane"	"2/20"	"206/7644"	0.100019233730706	0.161052116821556	0.114303336500147	"NR4A1/HBEGF"	2
"M5"	"Pre-NOTCH Transcription and Translation"	"Pre-NOTCH Transcription and Translation"	"1/20"	"41/7644"	0.102100085640705	0.161052116821556	0.114303336500147	"JUN"	1
"M5"	"Transcriptional activity of SMAD2/SMAD3:SMAD4 heterotrimer"	"Transcriptional activity of SMAD2/SMAD3:SMAD4 heterotrimer"	"1/20"	"41/7644"	0.102100085640705	0.161052116821556	0.114303336500147	"SERPINE1"	1
"M5"	"Signaling by the B Cell Receptor (BCR)"	"Signaling by the B Cell Receptor (BCR)"	"2/20"	"209/7644"	0.102487710704626	0.161052116821556	0.114303336500147	"NR4A1/HBEGF"	2
"M5"	"Transcriptional regulation of pluripotent stem cells"	"Transcriptional regulation of pluripotent stem cells"	"1/20"	"42/7644"	0.104462047798693	0.16222341540503	0.115134640917445	"KLF4"	1
"M5"	"Scavenging of heme from plasma"	"Scavenging of heme from plasma"	"1/20"	"47/7644"	0.116183587437421	0.178328296996971	0.126564740292906	"HBB"	1
"M5"	"Assembly of collagen fibrils and other multimeric structures"	"Assembly of collagen fibrils and other multimeric structures"	"1/20"	"54/7644"	0.132349108191932	0.198893376576867	0.141160370935735	"COL27A1"	1
"M5"	"Circadian Clock"	"Circadian Clock"	"1/20"	"55/7644"	0.134635408302099	0.198893376576867	0.141160370935735	"SERPINE1"	1
"M5"	"ECM proteoglycans"	"ECM proteoglycans"	"1/20"	"55/7644"	0.134635408302099	0.198893376576867	0.141160370935735	"SERPINE1"	1
"M5"	"Cellular responses to stress"	"Cellular responses to stress"	"2/20"	"249/7644"	0.136936236878601	0.198893376576867	0.141160370935735	"FOS/JUN"	2
"M5"	"Hemostasis"	"Hemostasis"	"3/20"	"497/7644"	0.137115888397689	0.198893376576867	0.141160370935735	"F3/SERPINE1/HBB"	3
"M5"	"Pre-NOTCH Expression and Processing"	"Pre-NOTCH Expression and Processing"	"1/20"	"57/7644"	0.139190849995606	0.199708610863261	0.141738966242665	"JUN"	1
"M5"	"Collagen biosynthesis and modifying enzymes"	"Collagen biosynthesis and modifying enzymes"	"1/20"	"64/7644"	0.154956150746477	0.209519583386413	0.148702096661809	"COL27A1"	1
"M5"	"Loss of Function of SMAD2/3 in Cancer"	"Loss of Function of SMAD2/3 in Cancer"	"1/20"	"70/7644"	0.168250574537574	0.209519583386413	0.148702096661809	"SERPINE1"	1
"M5"	"Loss of Function of SMAD4 in Cancer"	"Loss of Function of SMAD4 in Cancer"	"1/20"	"70/7644"	0.168250574537574	0.209519583386413	0.148702096661809	"SERPINE1"	1
"M5"	"Loss of Function of TGFBR1 in Cancer"	"Loss of Function of TGFBR1 in Cancer"	"1/20"	"70/7644"	0.168250574537574	0.209519583386413	0.148702096661809	"SERPINE1"	1
"M5"	"Loss of Function of TGFBR2 in Cancer"	"Loss of Function of TGFBR2 in Cancer"	"1/20"	"70/7644"	0.168250574537574	0.209519583386413	0.148702096661809	"SERPINE1"	1
"M5"	"Signaling by TGF-beta Receptor Complex"	"Signaling by TGF-beta Receptor Complex"	"1/20"	"70/7644"	0.168250574537574	0.209519583386413	0.148702096661809	"SERPINE1"	1
"M5"	"Signaling by TGF-beta Receptor Complex in Cancer"	"Signaling by TGF-beta Receptor Complex in Cancer"	"1/20"	"70/7644"	0.168250574537574	0.209519583386413	0.148702096661809	"SERPINE1"	1
"M5"	"SMAD2/3 MH2 Domain Mutants in Cancer"	"SMAD2/3 MH2 Domain Mutants in Cancer"	"1/20"	"70/7644"	0.168250574537574	0.209519583386413	0.148702096661809	"SERPINE1"	1
"M5"	"SMAD2/3 Phosphorylation Motif Mutants in Cancer"	"SMAD2/3 Phosphorylation Motif Mutants in Cancer"	"1/20"	"70/7644"	0.168250574537574	0.209519583386413	0.148702096661809	"SERPINE1"	1
"M5"	"SMAD4 MH2 Domain Mutants in Cancer"	"SMAD4 MH2 Domain Mutants in Cancer"	"1/20"	"70/7644"	0.168250574537574	0.209519583386413	0.148702096661809	"SERPINE1"	1
"M5"	"TGFBR1 KD Mutants in Cancer"	"TGFBR1 KD Mutants in Cancer"	"1/20"	"70/7644"	0.168250574537574	0.209519583386413	0.148702096661809	"SERPINE1"	1
"M5"	"TGFBR1 LBD Mutants in Cancer"	"TGFBR1 LBD Mutants in Cancer"	"1/20"	"70/7644"	0.168250574537574	0.209519583386413	0.148702096661809	"SERPINE1"	1
"M5"	"TGFBR2 Kinase Domain Mutants in Cancer"	"TGFBR2 Kinase Domain Mutants in Cancer"	"1/20"	"70/7644"	0.168250574537574	0.209519583386413	0.148702096661809	"SERPINE1"	1
"M5"	"TGFBR2 MSI Frameshift Mutants in Cancer"	"TGFBR2 MSI Frameshift Mutants in Cancer"	"1/20"	"70/7644"	0.168250574537574	0.209519583386413	0.148702096661809	"SERPINE1"	1
"M5"	"Signalling by NGF"	"Signalling by NGF"	"2/20"	"287/7644"	0.171784537276094	0.211921111406022	0.150406530423732	"NR4A1/HBEGF"	2
"M5"	"Binding and Uptake of Ligands by Scavenger Receptors"	"Binding and Uptake of Ligands by Scavenger Receptors"	"1/20"	"76/7644"	0.181346148321378	0.221645292392795	0.157308062384041	"HBB"	1
"M5"	"Platelet degranulation"	"Platelet degranulation"	"1/20"	"79/7644"	0.187820249180476	0.227452044879109	0.161429282250723	"SERPINE1"	1
"M5"	"Cytokine Signaling in Immune system"	"Cytokine Signaling in Immune system"	"2/20"	"308/7644"	0.191687954222513	0.229844953320559	0.1631275984492	"EGR1/SOCS3"	2
"M5"	"Unfolded Protein Response (UPR)"	"Unfolded Protein Response (UPR)"	"1/20"	"82/7644"	0.194245692058817	0.229844953320559	0.1631275984492	"ATF3"	1
"M5"	"Peptide hormone metabolism"	"Peptide hormone metabolism"	"1/20"	"83/7644"	0.196376753439248	0.229844953320559	0.1631275984492	"KLF4"	1
"M5"	"Class A/1 (Rhodopsin-like receptors)"	"Class A/1 (Rhodopsin-like receptors)"	"2/20"	"314/7644"	0.197440347990386	0.229844953320559	0.1631275984492	"BDKRB2/EDN1"	2
"M5"	"Response to elevated platelet cytosolic Ca2+"	"Response to elevated platelet cytosolic Ca2+"	"1/20"	"84/7644"	0.198502459685937	0.229844953320559	0.1631275984492	"SERPINE1"	1
"M5"	"Collagen formation"	"Collagen formation"	"1/20"	"86/7644"	0.202737857750686	0.230701700199056	0.163735656441116	"COL27A1"	1
"M5"	"Regulation of mRNA stability by proteins that bind AU-rich elements"	"Regulation of mRNA stability by proteins that bind AU-rich elements"	"1/20"	"86/7644"	0.202737857750686	0.230701700199056	0.163735656441116	"ZFP36"	1
"M5"	"Degradation of the extracellular matrix"	"Degradation of the extracellular matrix"	"1/20"	"89/7644"	0.209051109172031	0.235852533424856	0.167391351473781	"ADAMTS4"	1
"M5"	"Interferon gamma signaling"	"Interferon gamma signaling"	"1/20"	"92/7644"	0.215316848876418	0.240862915692264	0.17094736440679	"SOCS3"	1
"M5"	"O-linked glycosylation"	"O-linked glycosylation"	"1/20"	"103/7644"	0.237890190493462	0.263878194496949	0.187281972170881	"ADAMTS4"	1
"M5"	"Signaling by Interleukins"	"Signaling by Interleukins"	"1/20"	"109/7644"	0.249941493684623	0.274935643053085	0.195129762613434	"SOCS3"	1
"M5"	"PPARA activates gene expression"	"PPARA activates gene expression"	"1/20"	"111/7644"	0.253918203544069	0.27700167659353	0.196596086258566	"CTGF"	1
"M5"	"Regulation of lipid metabolism by Peroxisome proliferator-activated receptor alpha (PPARalpha)"	"Regulation of lipid metabolism by Peroxisome proliferator-activated receptor alpha (PPARalpha)"	"1/20"	"114/7644"	0.259845732433457	0.281144562960789	0.199536412308694	"CTGF"	1
"M5"	"Signaling by NOTCH"	"Signaling by NOTCH"	"1/20"	"122/7644"	0.27543453496702	0.295588281428022	0.209787536260717	"JUN"	1
"M5"	"Factors involved in megakaryocyte development and platelet production"	"Factors involved in megakaryocyte development and platelet production"	"1/20"	"125/7644"	0.281199516234342	0.299341420507526	0.212451247409647	"HBB"	1
"M5"	"Defective ACTH causes Obesity and Pro-opiomelanocortinin deficiency (POMCD)"	"Defective ACTH causes Obesity and Pro-opiomelanocortinin deficiency (POMCD)"	"2/20"	"441/7644"	0.322272862307919	0.337619189084487	0.239618084756932	"BDKRB2/EDN1"	2
"M5"	"GPCR ligand binding"	"GPCR ligand binding"	"2/20"	"441/7644"	0.322272862307919	0.337619189084487	0.239618084756932	"BDKRB2/EDN1"	2
"M5"	"Fatty acid, triacylglycerol, and ketone body metabolism"	"Fatty acid, triacylglycerol, and ketone body metabolism"	"1/20"	"181/7644"	0.38113915560648	0.396144634173664	0.281155282627242	"CTGF"	1
"M5"	"Antigen processing: Ubiquitination & Proteasome degradation"	"Antigen processing: Ubiquitination & Proteasome degradation"	"1/20"	"211/7644"	0.429097262047184	0.442506551486159	0.314059673702298	"SOCS3"	1
"M5"	"Platelet activation, signaling and aggregation"	"Platelet activation, signaling and aggregation"	"1/20"	"221/7644"	0.444282978537845	0.454615140829423	0.322653489105412	"SERPINE1"	1
"M5"	"G alpha (i) signalling events"	"G alpha (i) signalling events"	"1/20"	"236/7644"	0.466343979188762	0.473518501945512	0.336069750184614	"BDKRB2"	1
"M5"	"Class I MHC mediated antigen processing & presentation"	"Class I MHC mediated antigen processing & presentation"	"1/20"	"255/7644"	0.493094995653119	0.496859079589402	0.352635231925493	"SOCS3"	1
"M5"	"Post-translational protein modification"	"Post-translational protein modification"	"1/20"	"278/7644"	0.523774543612685	0.523774543612685	0.371737913728302	"ADAMTS4"	1
"Not.Correlated"	"Collagen formation"	"Collagen formation"	"3/22"	"86/7644"	0.00181426510385818	0.167766620963407	0.15473212159031	"LOXL4/COLGALT2/COL21A1"	3
"Not.Correlated"	"Striated Muscle Contraction"	"Striated Muscle Contraction"	"2/22"	"31/7644"	0.0034958637501335	0.167766620963407	0.15473212159031	"TTN/TNNC1"	2
"Not.Correlated"	"NCAM1 interactions"	"NCAM1 interactions"	"2/22"	"37/7644"	0.00495499282446074	0.167766620963407	0.15473212159031	"GFRA2/CACNA1I"	2
"Not.Correlated"	"Extracellular matrix organization"	"Extracellular matrix organization"	"4/22"	"266/7644"	0.00639110937003454	0.167766620963407	0.15473212159031	"LOXL4/COLGALT2/COL21A1/HAPLN1"	4
"Not.Correlated"	"Muscle contraction"	"Muscle contraction"	"2/22"	"49/7644"	0.0085688191106528	0.179945201323709	0.165964496458959	"TTN/TNNC1"	2
"Not.Correlated"	"Collagen biosynthesis and modifying enzymes"	"Collagen biosynthesis and modifying enzymes"	"2/22"	"64/7644"	0.0143121508949973	0.250462640662452	0.231003137252588	"COLGALT2/COL21A1"	2
"Not.Correlated"	"NCAM signaling for neurite out-growth"	"NCAM signaling for neurite out-growth"	"2/22"	"70/7644"	0.0169675057396719	0.254512586095078	0.234738425270648	"GFRA2/CACNA1I"	2
"Not.Correlated"	"Transport of organic anions"	"Transport of organic anions"	"1/22"	"11/7644"	0.0312272844760079	0.274461624628144	0.253137538504153	"SLCO4C1"	1
"Not.Correlated"	"Potassium Channels"	"Potassium Channels"	"2/22"	"99/7644"	0.0324166278783862	0.274461624628144	0.253137538504153	"KCNQ5/KCNJ12"	2
"Not.Correlated"	"Bile salt and organic anion SLC transporters"	"Bile salt and organic anion SLC transporters"	"1/22"	"12/7644"	0.0340195024429313	0.274461624628144	0.253137538504153	"SLC13A3"	1
"Not.Correlated"	"Eicosanoids"	"Eicosanoids"	"1/22"	"12/7644"	0.0340195024429313	0.274461624628144	0.253137538504153	"CYP4F11"	1
"Not.Correlated"	"Miscellaneous substrates"	"Miscellaneous substrates"	"1/22"	"12/7644"	0.0340195024429313	0.274461624628144	0.253137538504153	"CYP4F11"	1
"Not.Correlated"	"Fatty acids"	"Fatty acids"	"1/22"	"15/7644"	0.042350138900463	0.274461624628144	0.253137538504153	"CYP4F11"	1
"Not.Correlated"	"Regulation of Insulin-like Growth Factor (IGF) transport and uptake by Insulin-like Growth Factor Binding Proteins (IGFBPs)"	"Regulation of Insulin-like Growth Factor (IGF) transport and uptake by Insulin-like Growth Factor Binding Proteins (IGFBPs)"	"1/22"	"21/7644"	0.0588061354601344	0.274461624628144	0.253137538504153	"IGFBP3"	1
"Not.Correlated"	"Synthesis of Leukotrienes (LT) and Eoxins (EX)"	"Synthesis of Leukotrienes (LT) and Eoxins (EX)"	"1/22"	"21/7644"	0.0588061354601344	0.274461624628144	0.253137538504153	"CYP4F11"	1
"Not.Correlated"	"Activation of G protein gated Potassium channels"	"Activation of G protein gated Potassium channels"	"1/22"	"25/7644"	0.0696264635927951	0.274461624628144	0.253137538504153	"KCNJ12"	1
"Not.Correlated"	"G protein gated Potassium channels"	"G protein gated Potassium channels"	"1/22"	"25/7644"	0.0696264635927951	0.274461624628144	0.253137538504153	"KCNJ12"	1
"Not.Correlated"	"Inhibition  of voltage gated Ca2+ channels via Gbeta/gamma subunits"	"Inhibition  of voltage gated Ca2+ channels via Gbeta/gamma subunits"	"1/22"	"25/7644"	0.0696264635927951	0.274461624628144	0.253137538504153	"KCNJ12"	1
"Not.Correlated"	"Adrenaline,noradrenaline inhibits insulin secretion"	"Adrenaline,noradrenaline inhibits insulin secretion"	"1/22"	"28/7644"	0.0776636773614346	0.274461624628144	0.253137538504153	"ADRA2C"	1
"Not.Correlated"	"Tight junction interactions"	"Tight junction interactions"	"1/22"	"30/7644"	0.0829849536612903	0.274461624628144	0.253137538504153	"CLDN8"	1
"Not.Correlated"	"Inwardly rectifying K+ channels"	"Inwardly rectifying K+ channels"	"1/22"	"31/7644"	0.0856345899916622	0.274461624628144	0.253137538504153	"KCNJ12"	1
"Not.Correlated"	"Biological oxidations"	"Biological oxidations"	"2/22"	"174/7644"	0.0884350158607988	0.274461624628144	0.253137538504153	"CYP4F11/GSTM1"	2
"Not.Correlated"	"Glutathione conjugation"	"Glutathione conjugation"	"1/22"	"33/7644"	0.0909119552712976	0.274461624628144	0.253137538504153	"GSTM1"	1
"Not.Correlated"	"Platelet Aggregation (Plug Formation)"	"Platelet Aggregation (Plug Formation)"	"1/22"	"37/7644"	0.101379592329328	0.274461624628144	0.253137538504153	"ADRA2C"	1
"Not.Correlated"	"Transport of vitamins, nucleosides, and related molecules"	"Transport of vitamins, nucleosides, and related molecules"	"1/22"	"38/7644"	0.103978468228994	0.274461624628144	0.253137538504153	"SLCO4C1"	1
"Not.Correlated"	"Activation of GABAB receptors"	"Activation of GABAB receptors"	"1/22"	"39/7644"	0.10657016868902	0.274461624628144	0.253137538504153	"KCNJ12"	1
"Not.Correlated"	"GABA B receptor activation"	"GABA B receptor activation"	"1/22"	"39/7644"	0.10657016868902	0.274461624628144	0.253137538504153	"KCNJ12"	1
"Not.Correlated"	"Elastic fibre formation"	"Elastic fibre formation"	"1/22"	"41/7644"	0.111732118724291	0.274461624628144	0.253137538504153	"LOXL4"	1
"Not.Correlated"	"Amine ligand-binding receptors"	"Amine ligand-binding receptors"	"1/22"	"42/7644"	0.114302405898836	0.274461624628144	0.253137538504153	"ADRA2C"	1
"Not.Correlated"	"Ion transport by P-type ATPases"	"Ion transport by P-type ATPases"	"1/22"	"43/7644"	0.116865592832567	0.274461624628144	0.253137538504153	"ATP1A2"	1
"Not.Correlated"	"Voltage gated Potassium channels"	"Voltage gated Potassium channels"	"1/22"	"43/7644"	0.116865592832567	0.274461624628144	0.253137538504153	"KCNQ5"	1
"Not.Correlated"	"G alpha (z) signalling events"	"G alpha (z) signalling events"	"1/22"	"46/7644"	0.12451273877932	0.274461624628144	0.253137538504153	"ADRA2C"	1
"Not.Correlated"	"NOTCH1 Intracellular Domain Regulates Transcription"	"NOTCH1 Intracellular Domain Regulates Transcription"	"1/22"	"47/7644"	0.127047711107151	0.274461624628144	0.253137538504153	"HDAC9"	1
"Not.Correlated"	"Platelet activation, signaling and aggregation"	"Platelet activation, signaling and aggregation"	"2/22"	"221/7644"	0.131869962561156	0.274461624628144	0.253137538504153	"TTN/ADRA2C"	2
"Not.Correlated"	"Arachidonic acid metabolism"	"Arachidonic acid metabolism"	"1/22"	"50/7644"	0.134610658075299	0.274461624628144	0.253137538504153	"CYP4F11"	1
"Not.Correlated"	"Cargo trafficking to the periciliary membrane"	"Cargo trafficking to the periciliary membrane"	"1/22"	"51/7644"	0.137117711739026	0.274461624628144	0.253137538504153	"CYS1"	1
"Not.Correlated"	"Assembly of collagen fibrils and other multimeric structures"	"Assembly of collagen fibrils and other multimeric structures"	"1/22"	"54/7644"	0.144597343119514	0.274461624628144	0.253137538504153	"LOXL4"	1
"Not.Correlated"	"ECM proteoglycans"	"ECM proteoglycans"	"1/22"	"55/7644"	0.147076771110472	0.274461624628144	0.253137538504153	"HAPLN1"	1
"Not.Correlated"	"GABA receptor activation"	"GABA receptor activation"	"1/22"	"55/7644"	0.147076771110472	0.274461624628144	0.253137538504153	"KCNJ12"	1
"Not.Correlated"	"Constitutive Signaling by NOTCH1 HD+PEST Domain Mutants"	"Constitutive Signaling by NOTCH1 HD+PEST Domain Mutants"	"1/22"	"57/7644"	0.152015062231969	0.274461624628144	0.253137538504153	"HDAC9"	1
"Not.Correlated"	"Constitutive Signaling by NOTCH1 PEST Domain Mutants"	"Constitutive Signaling by NOTCH1 PEST Domain Mutants"	"1/22"	"57/7644"	0.152015062231969	0.274461624628144	0.253137538504153	"HDAC9"	1
"Not.Correlated"	"Cell-cell junction organization"	"Cell-cell junction organization"	"1/22"	"60/7644"	0.159371357341021	0.274461624628144	0.253137538504153	"CLDN8"	1
"Not.Correlated"	"Cytochrome P450 - arranged by substrate type"	"Cytochrome P450 - arranged by substrate type"	"1/22"	"60/7644"	0.159371357341021	0.274461624628144	0.253137538504153	"CYP4F11"	1
"Not.Correlated"	"SLC-mediated transmembrane transport"	"SLC-mediated transmembrane transport"	"2/22"	"259/7644"	0.169975705153686	0.274461624628144	0.253137538504153	"SLCO4C1/SLC13A3"	2
"Not.Correlated"	"FBXW7 Mutants and NOTCH1 in Cancer"	"FBXW7 Mutants and NOTCH1 in Cancer"	"1/22"	"72/7644"	0.188191935495914	0.274461624628144	0.253137538504153	"HDAC9"	1
"Not.Correlated"	"Signaling by NOTCH1"	"Signaling by NOTCH1"	"1/22"	"72/7644"	0.188191935495914	0.274461624628144	0.253137538504153	"HDAC9"	1
"Not.Correlated"	"Signaling by NOTCH1 HD Domain Mutants in Cancer"	"Signaling by NOTCH1 HD Domain Mutants in Cancer"	"1/22"	"72/7644"	0.188191935495914	0.274461624628144	0.253137538504153	"HDAC9"	1
"Not.Correlated"	"Signaling by NOTCH1 HD+PEST Domain Mutants in Cancer"	"Signaling by NOTCH1 HD+PEST Domain Mutants in Cancer"	"1/22"	"72/7644"	0.188191935495914	0.274461624628144	0.253137538504153	"HDAC9"	1
"Not.Correlated"	"Signaling by NOTCH1 in Cancer"	"Signaling by NOTCH1 in Cancer"	"1/22"	"72/7644"	0.188191935495914	0.274461624628144	0.253137538504153	"HDAC9"	1
"Not.Correlated"	"Signaling by NOTCH1 PEST Domain Mutants in Cancer"	"Signaling by NOTCH1 PEST Domain Mutants in Cancer"	"1/22"	"72/7644"	0.188191935495914	0.274461624628144	0.253137538504153	"HDAC9"	1
"Not.Correlated"	"Signaling by NOTCH1 t(7;9)(NOTCH1:M1580_K2555) Translocation Mutant"	"Signaling by NOTCH1 t(7;9)(NOTCH1:M1580_K2555) Translocation Mutant"	"1/22"	"72/7644"	0.188191935495914	0.274461624628144	0.253137538504153	"HDAC9"	1
"Not.Correlated"	"Neuronal System"	"Neuronal System"	"2/22"	"280/7644"	0.191825778462442	0.274461624628144	0.253137538504153	"KCNQ5/KCNJ12"	2
"Not.Correlated"	"Regulation of insulin secretion"	"Regulation of insulin secretion"	"1/22"	"77/7644"	0.199919987547027	0.274461624628144	0.253137538504153	"ADRA2C"	1
"Not.Correlated"	"Defective CYP11A1 causes Adrenal insufficiency, congenital, with 46,XY sex reversal (AICSR)"	"Defective CYP11A1 causes Adrenal insufficiency, congenital, with 46,XY sex reversal (AICSR)"	"1/22"	"78/7644"	0.202246108899474	0.274461624628144	0.253137538504153	"CYP4F11"	1
"Not.Correlated"	"Defective CYP11B1 causes Adrenal hyperplasia 4 (AH4)"	"Defective CYP11B1 causes Adrenal hyperplasia 4 (AH4)"	"1/22"	"78/7644"	0.202246108899474	0.274461624628144	0.253137538504153	"CYP4F11"	1
"Not.Correlated"	"Defective CYP11B2 causes Corticosterone methyloxidase 1 deficiency (CMO-1 deficiency)"	"Defective CYP11B2 causes Corticosterone methyloxidase 1 deficiency (CMO-1 deficiency)"	"1/22"	"78/7644"	0.202246108899474	0.274461624628144	0.253137538504153	"CYP4F11"	1
"Not.Correlated"	"Defective CYP17A1 causes Adrenal hyperplasia 5 (AH5)"	"Defective CYP17A1 causes Adrenal hyperplasia 5 (AH5)"	"1/22"	"78/7644"	0.202246108899474	0.274461624628144	0.253137538504153	"CYP4F11"	1
"Not.Correlated"	"Defective CYP19A1 causes Aromatase excess syndrome (AEXS)"	"Defective CYP19A1 causes Aromatase excess syndrome (AEXS)"	"1/22"	"78/7644"	0.202246108899474	0.274461624628144	0.253137538504153	"CYP4F11"	1
"Not.Correlated"	"Defective CYP1B1 causes Glaucoma"	"Defective CYP1B1 causes Glaucoma"	"1/22"	"78/7644"	0.202246108899474	0.274461624628144	0.253137538504153	"CYP4F11"	1
"Not.Correlated"	"Defective CYP21A2 causes Adrenal hyperplasia 3 (AH3)"	"Defective CYP21A2 causes Adrenal hyperplasia 3 (AH3)"	"1/22"	"78/7644"	0.202246108899474	0.274461624628144	0.253137538504153	"CYP4F11"	1
"Not.Correlated"	"Defective CYP24A1 causes Hypercalcemia, infantile (HCAI)"	"Defective CYP24A1 causes Hypercalcemia, infantile (HCAI)"	"1/22"	"78/7644"	0.202246108899474	0.274461624628144	0.253137538504153	"CYP4F11"	1
"Not.Correlated"	"Defective CYP26B1 causes Radiohumeral fusions with other skeletal and craniofacial anomalies (RHFCA)"	"Defective CYP26B1 causes Radiohumeral fusions with other skeletal and craniofacial anomalies (RHFCA)"	"1/22"	"78/7644"	0.202246108899474	0.274461624628144	0.253137538504153	"CYP4F11"	1
"Not.Correlated"	"Defective CYP26C1 causes Focal facial dermal dysplasia 4 (FFDD4)"	"Defective CYP26C1 causes Focal facial dermal dysplasia 4 (FFDD4)"	"1/22"	"78/7644"	0.202246108899474	0.274461624628144	0.253137538504153	"CYP4F11"	1
"Not.Correlated"	"Defective CYP27A1 causes Cerebrotendinous xanthomatosis (CTX)"	"Defective CYP27A1 causes Cerebrotendinous xanthomatosis (CTX)"	"1/22"	"78/7644"	0.202246108899474	0.274461624628144	0.253137538504153	"CYP4F11"	1
"Not.Correlated"	"Defective CYP27B1 causes Rickets vitamin D-dependent 1A (VDDR1A)"	"Defective CYP27B1 causes Rickets vitamin D-dependent 1A (VDDR1A)"	"1/22"	"78/7644"	0.202246108899474	0.274461624628144	0.253137538504153	"CYP4F11"	1
"Not.Correlated"	"Defective CYP2R1 causes Rickets vitamin D-dependent 1B (VDDR1B)"	"Defective CYP2R1 causes Rickets vitamin D-dependent 1B (VDDR1B)"	"1/22"	"78/7644"	0.202246108899474	0.274461624628144	0.253137538504153	"CYP4F11"	1
"Not.Correlated"	"Defective CYP2U1 causes Spastic paraplegia 56, autosomal recessive (SPG56)"	"Defective CYP2U1 causes Spastic paraplegia 56, autosomal recessive (SPG56)"	"1/22"	"78/7644"	0.202246108899474	0.274461624628144	0.253137538504153	"CYP4F11"	1
"Not.Correlated"	"Defective CYP4F22 causes Ichthyosis, congenital, autosomal recessive 5 (ARCI5)"	"Defective CYP4F22 causes Ichthyosis, congenital, autosomal recessive 5 (ARCI5)"	"1/22"	"78/7644"	0.202246108899474	0.274461624628144	0.253137538504153	"CYP4F11"	1
"Not.Correlated"	"Defective CYP7B1 causes Spastic paraplegia 5A, autosomal recessive (SPG5A) and Congenital bile acid synthesis defect 3 (CBAS3)"	"Defective CYP7B1 causes Spastic paraplegia 5A, autosomal recessive (SPG5A) and Congenital bile acid synthesis defect 3 (CBAS3)"	"1/22"	"78/7644"	0.202246108899474	0.274461624628144	0.253137538504153	"CYP4F11"	1
"Not.Correlated"	"Defective FMO3 causes Trimethylaminuria (TMAU)"	"Defective FMO3 causes Trimethylaminuria (TMAU)"	"1/22"	"78/7644"	0.202246108899474	0.274461624628144	0.253137538504153	"CYP4F11"	1
"Not.Correlated"	"Defective MAOA causes Brunner syndrome (BRUNS)"	"Defective MAOA causes Brunner syndrome (BRUNS)"	"1/22"	"78/7644"	0.202246108899474	0.274461624628144	0.253137538504153	"CYP4F11"	1
"Not.Correlated"	"Defective TBXAS1 causes Ghosal hematodiaphyseal dysplasia (GHDD)"	"Defective TBXAS1 causes Ghosal hematodiaphyseal dysplasia (GHDD)"	"1/22"	"78/7644"	0.202246108899474	0.274461624628144	0.253137538504153	"CYP4F11"	1
"Not.Correlated"	"Phase 1 - Functionalization of compounds"	"Phase 1 - Functionalization of compounds"	"1/22"	"78/7644"	0.202246108899474	0.274461624628144	0.253137538504153	"CYP4F11"	1
"Not.Correlated"	"Platelet degranulation"	"Platelet degranulation"	"1/22"	"79/7644"	0.204565773927786	0.274461624628144	0.253137538504153	"TTN"	1
"Not.Correlated"	"Response to elevated platelet cytosolic Ca2+"	"Response to elevated platelet cytosolic Ca2+"	"1/22"	"84/7644"	0.216067850121508	0.274461624628144	0.253137538504153	"TTN"	1
"Not.Correlated"	"Cell junction organization"	"Cell junction organization"	"1/22"	"85/7644"	0.218349134155546	0.274461624628144	0.253137538504153	"CLDN8"	1
"Not.Correlated"	"Defective AHCY causes Hypermethioninemia with S-adenosylhomocysteine hydrolase deficiency (HMAHCHD)"	"Defective AHCY causes Hypermethioninemia with S-adenosylhomocysteine hydrolase deficiency (HMAHCHD)"	"1/22"	"89/7644"	0.227411060406177	0.274461624628144	0.253137538504153	"GSTM1"	1
"Not.Correlated"	"Defective GCLC causes Hemolytic anemia due to gamma-glutamylcysteine synthetase deficiency (HAGGSD)"	"Defective GCLC causes Hemolytic anemia due to gamma-glutamylcysteine synthetase deficiency (HAGGSD)"	"1/22"	"89/7644"	0.227411060406177	0.274461624628144	0.253137538504153	"GSTM1"	1
"Not.Correlated"	"Defective GGT1 causes Glutathionuria (GLUTH)"	"Defective GGT1 causes Glutathionuria (GLUTH)"	"1/22"	"89/7644"	0.227411060406177	0.274461624628144	0.253137538504153	"GSTM1"	1
"Not.Correlated"	"Defective GSS causes Glutathione synthetase deficiency (GSS deficiency)"	"Defective GSS causes Glutathione synthetase deficiency (GSS deficiency)"	"1/22"	"89/7644"	0.227411060406177	0.274461624628144	0.253137538504153	"GSTM1"	1
"Not.Correlated"	"Defective MAT1A causes Methionine adenosyltransferase deficiency (MATD)"	"Defective MAT1A causes Methionine adenosyltransferase deficiency (MATD)"	"1/22"	"89/7644"	0.227411060406177	0.274461624628144	0.253137538504153	"GSTM1"	1
"Not.Correlated"	"Defective OPLAH causes 5-oxoprolinase deficiency (OPLAHD)"	"Defective OPLAH causes 5-oxoprolinase deficiency (OPLAHD)"	"1/22"	"89/7644"	0.227411060406177	0.274461624628144	0.253137538504153	"GSTM1"	1
"Not.Correlated"	"Defective SLC35D1 causes Schneckenbecken dysplasia (SCHBCKD)"	"Defective SLC35D1 causes Schneckenbecken dysplasia (SCHBCKD)"	"1/22"	"89/7644"	0.227411060406177	0.274461624628144	0.253137538504153	"GSTM1"	1
"Not.Correlated"	"Defective TPMT causes Thiopurine S-methyltransferase deficiency (TPMT deficiency)"	"Defective TPMT causes Thiopurine S-methyltransferase deficiency (TPMT deficiency)"	"1/22"	"89/7644"	0.227411060406177	0.274461624628144	0.253137538504153	"GSTM1"	1
"Not.Correlated"	"Defective UGT1A1 causes hyperbilirubinemia"	"Defective UGT1A1 causes hyperbilirubinemia"	"1/22"	"89/7644"	0.227411060406177	0.274461624628144	0.253137538504153	"GSTM1"	1
"Not.Correlated"	"Defective UGT1A4 causes hyperbilirubinemia"	"Defective UGT1A4 causes hyperbilirubinemia"	"1/22"	"89/7644"	0.227411060406177	0.274461624628144	0.253137538504153	"GSTM1"	1
"Not.Correlated"	"Phase II conjugation"	"Phase II conjugation"	"1/22"	"89/7644"	0.227411060406177	0.274461624628144	0.253137538504153	"GSTM1"	1
"Not.Correlated"	"Axon guidance"	"Axon guidance"	"2/22"	"327/7644"	0.242001773445473	0.288752116042894	0.266317741112243	"GFRA2/CACNA1I"	2
"Not.Correlated"	"Transport of glucose and other sugars, bile salts and organic acids, metal ions and amine compounds"	"Transport of glucose and other sugars, bile salts and organic acids, metal ions and amine compounds"	"1/22"	"97/7644"	0.245234965436505	0.289322150234078	0.266843486932684	"SLC13A3"	1
"Not.Correlated"	"Integration of energy metabolism"	"Integration of energy metabolism"	"1/22"	"104/7644"	0.260508276629436	0.303926322734342	0.28031299941413	"ADRA2C"	1
"Not.Correlated"	"Signaling by NOTCH"	"Signaling by NOTCH"	"1/22"	"122/7644"	0.298439630283717	0.344353419558135	0.317599143853117	"HDAC9"	1
"Not.Correlated"	"Cell-Cell communication"	"Cell-Cell communication"	"1/22"	"130/7644"	0.314695194051899	0.359162993211407	0.331258099001999	"CLDN8"	1
"Not.Correlated"	"Neurotransmitter Receptor Binding And Downstream Transmission In The  Postsynaptic Cell"	"Neurotransmitter Receptor Binding And Downstream Transmission In The  Postsynaptic Cell"	"1/22"	"140/7644"	0.334509418675541	0.377671924311094	0.348328992848327	"KCNJ12"	1
"Not.Correlated"	"Ion channel transport"	"Ion channel transport"	"1/22"	"167/7644"	0.385313380039655	0.430403243661316	0.396963392650036	"ATP1A2"	1
"Not.Correlated"	"Assembly of the primary cilium"	"Assembly of the primary cilium"	"1/22"	"179/7644"	0.406684572690288	0.449493475078739	0.414570423130266	"CYS1"	1
"Not.Correlated"	"Hemostasis"	"Hemostasis"	"2/22"	"497/7644"	0.423730311208006	0.463455027883756	0.427447243762462	"TTN/ADRA2C"	2
"Not.Correlated"	"Transmission across Chemical Synapses"	"Transmission across Chemical Synapses"	"1/22"	"201/7644"	0.444036354502077	0.480657909512558	0.443313560653186	"KCNJ12"	1
"Not.Correlated"	"Antigen processing: Ubiquitination & Proteasome degradation"	"Antigen processing: Ubiquitination & Proteasome degradation"	"1/22"	"211/7644"	0.460262330902878	0.493138211681655	0.454824215285336	"TRIM36"	1
"Not.Correlated"	"G alpha (i) signalling events"	"G alpha (i) signalling events"	"1/22"	"236/7644"	0.498873242961762	0.529107984959445	0.487999344523999	"ADRA2C"	1
"Not.Correlated"	"Class I MHC mediated antigen processing & presentation"	"Class I MHC mediated antigen processing & presentation"	"1/22"	"255/7644"	0.526438982451128	0.552760931573684	0.509814593531618	"TRIM36"	1
"Not.Correlated"	"Class A/1 (Rhodopsin-like receptors)"	"Class A/1 (Rhodopsin-like receptors)"	"1/22"	"314/7644"	0.603110851329947	0.62699642960044	0.578282421285618	"ADRA2C"	1
"Not.Correlated"	"Organelle biogenesis and maintenance"	"Organelle biogenesis and maintenance"	"1/22"	"324/7644"	0.614870458908906	0.632954884170932	0.583777938282965	"CYS1"	1
"Not.Correlated"	"Defective ACTH causes Obesity and Pro-opiomelanocortinin deficiency (POMCD)"	"Defective ACTH causes Obesity and Pro-opiomelanocortinin deficiency (POMCD)"	"1/22"	"441/7644"	0.729955636517166	0.736974440714446	0.679715774894527	"ADRA2C"	1
"Not.Correlated"	"GPCR ligand binding"	"GPCR ligand binding"	"1/22"	"441/7644"	0.729955636517166	0.736974440714446	0.679715774894527	"ADRA2C"	1
"Not.Correlated"	"Generic Transcription Pathway"	"Generic Transcription Pathway"	"1/22"	"483/7644"	0.762600957858292	0.762600957858292	0.703351259378074	"ZNF750"	1
