"Module"	"Gene1"	"Gene2"
"M1"	"IntAct"	"PDGFRL"
"M1"	"IntAct"	"MAPK15"
"M1"	"IntAct"	"ESYT3"
"M1"	"IntAct"	"MSX1"
"M1"	"IntAct"	"ESRRG"
"M1"	"IntAct"	"AK8"
"M1"	"IntAct"	"ROR2"
"M1"	"IntAct"	"MORN3"
"M1"	"IntAct"	"CCDC114"
"M1"	"IntAct"	"POU5F1"
"M1"	"IntAct"	"HEY2"
"M1"	"IntAct"	"RASSF9"
"M1"	"IntAct"	"CRYAB"
"M1"	"IntAct"	"MDFI"
"M1"	"IntAct"	"CFTR"
"M1"	"IntAct"	"UBB"
"M1"	"IntAct"	"CKB"
"M1"	"IntAct"	"HSPA6"
"M1"	"IntAct"	"TUBB2B"
"M1"	"IntAct"	"CCDC151"
"M1"	"IntAct"	"GIPC2"
"M1"	"IntAct"	"LTF"
"M1"	"IntAct"	"SCNN1B"
"M1"	"IntAct"	"PLEKHB1"
"M1"	"IntAct"	"STX18"
"M1"	"IntAct"	"MAPK10"
"M1"	"IntAct"	"SEMA5B"
"M1"	"IntAct"	"CD36"
"M1"	"IntAct"	"BMPR1B"
"M1"	"IntAct"	"ANXA1"
"M1"	"IntAct"	"BMP2"
"M1"	"IntAct"	"CYP51A1"
"M1"	"IntAct"	"CEP126"
"M1"	"IntAct"	"SOX6"
"M1"	"IntAct"	"USP2"
"M1"	"IntAct"	"PIK3R1"
"M1"	"IntAct"	"MATN2"
"M1"	"IntAct"	"PTK6"
"M1"	"IntAct"	"S100A9"
"M1"	"IntAct"	"BAIAP3"
"M1"	"IntAct"	"ERBB4"
"M1"	"IntAct"	"TNFRSF19"
"M1"	"IntAct"	"MAPK8IP2"
"M1"	"IntAct"	"TP73"
"M1"	"IntAct"	"GATA6"
"M1"	"IntAct"	"FOXA1"
"M1"	"IntAct"	"NELL2"
"M1"	"IntAct"	"ERICH2"
"M1"	"IntAct"	"NFASC"
"M1"	"IntAct"	"CDA"
"M1"	"IntAct"	"GRIA2"
"M1"	"IntAct"	"GRIK2"
"M1"	"IntAct"	"SHANK2"
"M1"	"IntAct"	"HSPB8"
"M1"	"IntAct"	"DNALI1"
"M1"	"IntAct"	"TRIB3"
"M1"	"IntAct"	"GRHL3"
"M1"	"IntAct"	"SPAG8"
"M1"	"IntAct"	"CAPN6"
"M1"	"IntAct"	"MEIS2"
"M1"	"IntAct"	"GNG7"
"M1"	"IntAct"	"GNG4"
"M1"	"IntAct"	"MMP1"
"M1"	"IntAct"	"MPP2"
"M1"	"IntAct"	"TNIK"
"M1"	"IntAct"	"ID1"
"M1"	"IntAct"	"ALDOC"
"M1"	"IntAct"	"FGFR2"
"M1"	"IntAct"	"FABP5"
"M1"	"IntAct"	"FBLN2"
"M1"	"IntAct"	"ANK2"
"M1"	"IntAct"	"SLC16A1"
"M1"	"IntAct"	"SLPI"
"M1"	"IntAct"	"HOXB6"
"M1"	"IntAct"	"KIF1A"
"M1"	"IntAct"	"FOSL1"
"M1"	"IntAct"	"COMP"
"M1"	"IntAct"	"ETV5"
"M1"	"IntAct"	"ITIH5"
"M1"	"IntAct"	"CTSV"
"M1"	"IntAct"	"GATA2"
"M1"	"IntAct"	"DACH1"
"M1"	"IntAct"	"IRAK2"
"M1"	"IntAct"	"M1AP"
"M1"	"IntAct"	"TUBB3"
"M1"	"IntAct"	"PEG10"
"M1"	"IntAct"	"CCNA1"
"M1"	"IntAct"	"MEIS1"
"M1"	"IntAct"	"OVGP1"
"M1"	"IntAct"	"FOXJ1"
"M1"	"IntAct"	"RHOV"
"M1"	"IntAct"	"TXNDC5"
"M1"	"IntAct"	"REC8"
"M1"	"IntAct"	"STK26"
"M1"	"IntAct"	"FXYD3"
"M1"	"IntAct"	"TUBA4A"
"M1"	"IntAct"	"KIF5C"
"M1"	"IntAct"	"GABBR1"
"M1"	"IntAct"	"METTL27"
"M1"	"IntAct"	"CCDC74B"
"M1"	"IntAct"	"EFS"
"M1"	"IntAct"	"RHOBTB3"
"M1"	"IntAct"	"SLC40A1"
"M1"	"IntAct"	"PTPRM"
"M1"	"IntAct"	"AATK"
"M1"	"IntAct"	"ACAN"
"M1"	"IntAct"	"CHGA"
"M1"	"IntAct"	"HOXD8"
"M1"	"IntAct"	"CXCL2"
"M1"	"IntAct"	"ALPL"
"M1"	"IntAct"	"NDP"
"M1"	"IntAct"	"KCNH2"
"M1"	"IntAct"	"ROBO2"
"M1"	"IntAct"	"LRRC6"
"M1"	"IntAct"	"AGR3"
"M1"	"IntAct"	"RIBC2"
"M1"	"IntAct"	"ROPN1L"
"M1"	"IntAct"	"PHYHIPL"
"M1"	"IntAct"	"TPPP"
"M1"	"IntAct"	"SLIT2"
"M1"	"IntAct"	"TGM3"
"M1"	"IntAct"	"BAHCC1"
"M1"	"IntAct"	"AGR2"
"M1"	"IntAct"	"LYPD3"
"M1"	"IntAct"	"HGD"
"M1"	"IntAct"	"TTC25"
"M1"	"IntAct"	"C2orf88"
"M1"	"IntAct"	"STK33"
"M1"	"IntAct"	"KLHL13"
"M1"	"IntAct"	"MAP1B"
"M1"	"IntAct"	"SPEF1"
"M1"	"IntAct"	"HOXB2"
"M1"	"IntAct"	"GRIN2D"
"M1"	"IntAct"	"AKAP6"
"M1"	"IntAct"	"MUC1"
"M1"	"IntAct"	"BTC"
"M1"	"IntAct"	"COL9A3"
"M1"	"IntAct"	"VAV3"
"M1"	"IntAct"	"SLC4A4"
"M1"	"IntAct"	"OLFM4"
"M1"	"IntAct"	"F12"
"M1"	"IntAct"	"HABP2"
"M1"	"IntAct"	"IL1R2"
"M1"	"IntAct"	"CXCL1"
"M1"	"IntAct"	"CXCL5"
"M1"	"IntAct"	"DST"
"M1"	"IntAct"	"CA2"
"M1"	"IntAct"	"ANK1"
"M1"	"IntAct"	"COL4A5"
"M1"	"IntAct"	"CEL"
"M1"	"IntAct"	"PPP1R14A"
"M1"	"IntAct"	"COL11A2"
"M1"	"IntAct"	"NQO1"
"M1"	"IntAct"	"ADCY9"
"M1"	"IntAct"	"TSNAXIP1"
"M1"	"IntAct"	"BVES"
"M1"	"IntAct"	"WDR66"
"M1"	"IntAct"	"HOXB7"
"M1"	"IntAct"	"MAK"
"M1"	"IntAct"	"SOX5"
"M1"	"IntAct"	"ETV4"
"M1"	"IntAct"	"ANKRD45"
"M1"	"IntAct"	"DMKN"
"M1"	"IntAct"	"DZIP1L"
"M1"	"IntAct"	"SH3RF2"
"M1"	"IntAct"	"UBXN10"
"M1"	"IntAct"	"CFAP53"
"M1"	"IntAct"	"RASL10B"
"M1"	"IntAct"	"INHBB"
"M1"	"IntAct"	"ERO1B"
"M1"	"IntAct"	"AKAP12"
"M1"	"IntAct"	"ADCYAP1R1"
"M1"	"IntAct"	"BRSK1"
"M1"	"IntAct"	"KLHL6"
"M1"	"IntAct"	"STK32B"
"M1"	"IntAct"	"KLHL14"
"M1"	"IntAct"	"IL33"
"M1"	"IntAct"	"ANOS1"
"M1"	"IntAct"	"ADAMTSL3"
"M1"	"IntAct"	"ACY3"
"M1"	"IntAct"	"CCNO"
"M1"	"IntAct"	"LAMC2"
"M1"	"IntAct"	"DSC2"
"M1"	"IntAct"	"RRAD"
"M1"	"IntAct"	"AFF2"
"M1"	"IntAct"	"GLYCTK"
"M1"	"IntAct"	"TMPRSS3"
"M1"	"IntAct"	"LDLRAD1"
"M1"	"IntAct"	"CCDC17"
"M1"	"IntAct"	"MAOB"
"M1"	"IntAct"	"CCL28"
"M1"	"IntAct"	"AKR1C1"
"M1"	"IntAct"	"SPIRE1"
"M1"	"IntAct"	"DUSP5"
"M1"	"IntAct"	"ABCA3"
"M1"	"IntAct"	"TTC30A"
"M1"	"IntAct"	"FBXL16"
"M1"	"IntAct"	"MAATS1"
"M1"	"IntAct"	"SEPT3"
"M1"	"IntAct"	"PDE3B"
"M1"	"IntAct"	"SYBU"
"M1"	"IntAct"	"DMBT1"
"M1"	"IntAct"	"HOXB5"
"M1"	"IntAct"	"PREX2"
"M1"	"IntAct"	"SCNN1G"
"M1"	"IntAct"	"CCDC153"
"M1"	"IntAct"	"PLEKHG4"
"M1"	"IntAct"	"AKR1C3"
"M1"	"IntAct"	"MPPED2"
"M1"	"IntAct"	"ZMYND10"
"M1"	"IntAct"	"GPR39"
"M1"	"IntAct"	"KLK10"
"M1"	"IntAct"	"RNF150"
"M1"	"IntAct"	"DNAH7"
"M1"	"IntAct"	"TMEM45B"
"M1"	"IntAct"	"PROM1"
"M1"	"IntAct"	"SOBP"
"M1"	"IntAct"	"RALGPS2"
"M1"	"IntAct"	"ST6GALNAC2"
"M1"	"IntAct"	"TMEM30B"
"M1"	"IntAct"	"NME5"
"M1"	"IntAct"	"NMU"
"M1"	"IntAct"	"TSPAN1"
"M1"	"IntAct"	"EIF5A2"
"M1"	"IntAct"	"ZNF671"
"M1"	"IntAct"	"EFHC2"
"M1"	"IntAct"	"CDC20B"
"M1"	"IntAct"	"HIST1H2BH"
"M1"	"IntAct"	"VWA5B2"
"M1"	"IntAct"	"KIF6"
"M1"	"IntAct"	"FCGBP"
"M1"	"IntAct"	"APLN"
"M1"	"IntAct"	"LRRC4"
"M1"	"IntAct"	"ELOVL7"
"M1"	"IntAct"	"ABO"
"M1"	"IntAct"	"GSTO2"
"M1"	"IntAct"	"LIPG"
"M1"	"IntAct"	"EPDR1"
"M1"	"IntAct"	"SLC16A9"
"M1"	"IntAct"	"RBM24"
"M1"	"IntAct"	"TCEA3"
"M1"	"IntAct"	"NWD1"
"M1"	"IntAct"	"SEMA3E"
"M1"	"IntAct"	"RIBC1"
"M1"	"BioGrid"	"MAPK15"
"M1"	"BioGrid"	"MSX1"
"M1"	"BioGrid"	"NTN1"
"M1"	"BioGrid"	"ESRRG"
"M1"	"BioGrid"	"AK8"
"M1"	"BioGrid"	"ROR2"
"M1"	"BioGrid"	"CCDC114"
"M1"	"BioGrid"	"POU5F1"
"M1"	"BioGrid"	"HEY2"
"M1"	"BioGrid"	"CRYAB"
"M1"	"BioGrid"	"MDFI"
"M1"	"BioGrid"	"CFTR"
"M1"	"BioGrid"	"UBB"
"M1"	"BioGrid"	"CKB"
"M1"	"BioGrid"	"HSPA6"
"M1"	"BioGrid"	"TUBB2B"
"M1"	"BioGrid"	"RBP1"
"M1"	"BioGrid"	"CCDC151"
"M1"	"BioGrid"	"GIPC2"
"M1"	"BioGrid"	"LTF"
"M1"	"BioGrid"	"SCNN1B"
"M1"	"BioGrid"	"STX18"
"M1"	"BioGrid"	"MAPK10"
"M1"	"BioGrid"	"CD36"
"M1"	"BioGrid"	"BMPR1B"
"M1"	"BioGrid"	"ANXA1"
"M1"	"BioGrid"	"BMP2"
"M1"	"BioGrid"	"CYP51A1"
"M1"	"BioGrid"	"SOX6"
"M1"	"BioGrid"	"USP2"
"M1"	"BioGrid"	"PIK3R1"
"M1"	"BioGrid"	"MATN2"
"M1"	"BioGrid"	"PTK6"
"M1"	"BioGrid"	"S100A9"
"M1"	"BioGrid"	"ERBB4"
"M1"	"BioGrid"	"MAPK8IP2"
"M1"	"BioGrid"	"TP73"
"M1"	"BioGrid"	"GATA6"
"M1"	"BioGrid"	"FOXA1"
"M1"	"BioGrid"	"CDA"
"M1"	"BioGrid"	"GRIA2"
"M1"	"BioGrid"	"GRIK2"
"M1"	"BioGrid"	"RTN1"
"M1"	"BioGrid"	"FZD7"
"M1"	"BioGrid"	"SHANK2"
"M1"	"BioGrid"	"HSPB8"
"M1"	"BioGrid"	"DNALI1"
"M1"	"BioGrid"	"PTGES"
"M1"	"BioGrid"	"TRIB3"
"M1"	"BioGrid"	"GRHL3"
"M1"	"BioGrid"	"SPAG8"
"M1"	"BioGrid"	"MEIS2"
"M1"	"BioGrid"	"GNG7"
"M1"	"BioGrid"	"GNG4"
"M1"	"BioGrid"	"TNFRSF11B"
"M1"	"BioGrid"	"MMP1"
"M1"	"BioGrid"	"SLC27A6"
"M1"	"BioGrid"	"MPP2"
"M1"	"BioGrid"	"TNIK"
"M1"	"BioGrid"	"ID1"
"M1"	"BioGrid"	"ALDOC"
"M1"	"BioGrid"	"FGFR2"
"M1"	"BioGrid"	"FBLN2"
"M1"	"BioGrid"	"ANK2"
"M1"	"BioGrid"	"SLPI"
"M1"	"BioGrid"	"HOXB6"
"M1"	"BioGrid"	"KIF1A"
"M1"	"BioGrid"	"FOSL1"
"M1"	"BioGrid"	"COMP"
"M1"	"BioGrid"	"ETV5"
"M1"	"BioGrid"	"KCNQ3"
"M1"	"BioGrid"	"HR"
"M1"	"BioGrid"	"GATA2"
"M1"	"BioGrid"	"DACH1"
"M1"	"BioGrid"	"ENTPD2"
"M1"	"BioGrid"	"IRAK2"
"M1"	"BioGrid"	"M1AP"
"M1"	"BioGrid"	"TUBB3"
"M1"	"BioGrid"	"PEG10"
"M1"	"BioGrid"	"ALPP"
"M1"	"BioGrid"	"CCNA1"
"M1"	"BioGrid"	"MEIS1"
"M1"	"BioGrid"	"FOXJ1"
"M1"	"BioGrid"	"TXNDC5"
"M1"	"BioGrid"	"REC8"
"M1"	"BioGrid"	"COL8A2"
"M1"	"BioGrid"	"STK26"
"M1"	"BioGrid"	"TUBA4A"
"M1"	"BioGrid"	"KIF5C"
"M1"	"BioGrid"	"GABBR1"
"M1"	"BioGrid"	"METTL27"
"M1"	"BioGrid"	"CCDC74B"
"M1"	"BioGrid"	"EFS"
"M1"	"BioGrid"	"RHOBTB3"
"M1"	"BioGrid"	"PTPRM"
"M1"	"BioGrid"	"ACAN"
"M1"	"BioGrid"	"CXCL2"
"M1"	"BioGrid"	"ALPL"
"M1"	"BioGrid"	"NDP"
"M1"	"BioGrid"	"KCNH2"
"M1"	"BioGrid"	"SLC27A2"
"M1"	"BioGrid"	"LRRC6"
"M1"	"BioGrid"	"AGR3"
"M1"	"BioGrid"	"RIBC2"
"M1"	"BioGrid"	"ROPN1L"
"M1"	"BioGrid"	"TPPP"
"M1"	"BioGrid"	"SLIT2"
"M1"	"BioGrid"	"BAHCC1"
"M1"	"BioGrid"	"AGR2"
"M1"	"BioGrid"	"HGD"
"M1"	"BioGrid"	"TTC25"
"M1"	"BioGrid"	"C2orf88"
"M1"	"BioGrid"	"STK33"
"M1"	"BioGrid"	"KLHL13"
"M1"	"BioGrid"	"MAP1B"
"M1"	"BioGrid"	"SPEF1"
"M1"	"BioGrid"	"GRIN2D"
"M1"	"BioGrid"	"SLC9A2"
"M1"	"BioGrid"	"MUC1"
"M1"	"BioGrid"	"BTC"
"M1"	"BioGrid"	"VAV3"
"M1"	"BioGrid"	"SERPINE2"
"M1"	"BioGrid"	"LAMA1"
"M1"	"BioGrid"	"ADORA1"
"M1"	"BioGrid"	"CFI"
"M1"	"BioGrid"	"OLFM4"
"M1"	"BioGrid"	"F12"
"M1"	"BioGrid"	"NOV"
"M1"	"BioGrid"	"GPC3"
"M1"	"BioGrid"	"IL1R2"
"M1"	"BioGrid"	"CXCL1"
"M1"	"BioGrid"	"RAB3B"
"M1"	"BioGrid"	"CXCL5"
"M1"	"BioGrid"	"DST"
"M1"	"BioGrid"	"CA2"
"M1"	"BioGrid"	"ANK1"
"M1"	"BioGrid"	"CEL"
"M1"	"BioGrid"	"PPP1R14A"
"M1"	"BioGrid"	"NQO1"
"M1"	"BioGrid"	"TSNAXIP1"
"M1"	"BioGrid"	"LPAR3"
"M1"	"BioGrid"	"HOXB7"
"M1"	"BioGrid"	"HAPLN1"
"M1"	"BioGrid"	"MAK"
"M1"	"BioGrid"	"SOX5"
"M1"	"BioGrid"	"ETV4"
"M1"	"BioGrid"	"TMEM35A"
"M1"	"BioGrid"	"COLEC12"
"M1"	"BioGrid"	"ANKRD45"
"M1"	"BioGrid"	"DMKN"
"M1"	"BioGrid"	"TTLL7"
"M1"	"BioGrid"	"PPP1R32"
"M1"	"BioGrid"	"FILIP1"
"M1"	"BioGrid"	"DZIP1L"
"M1"	"BioGrid"	"SH3RF2"
"M1"	"BioGrid"	"CAPSL"
"M1"	"BioGrid"	"UBXN10"
"M1"	"BioGrid"	"CFAP53"
"M1"	"BioGrid"	"PACRG"
"M1"	"BioGrid"	"TOX2"
"M1"	"BioGrid"	"RASL10B"
"M1"	"BioGrid"	"DCDC2"
"M1"	"BioGrid"	"STRIP2"
"M1"	"BioGrid"	"ST3GAL6"
"M1"	"BioGrid"	"PCYT1B"
"M1"	"BioGrid"	"RAI2"
"M1"	"BioGrid"	"INHBB"
"M1"	"BioGrid"	"ERO1B"
"M1"	"BioGrid"	"KCNJ5"
"M1"	"BioGrid"	"AKAP12"
"M1"	"BioGrid"	"ATF7IP2"
"M1"	"BioGrid"	"BRSK1"
"M1"	"BioGrid"	"IL33"
"M1"	"BioGrid"	"LCN2"
"M1"	"BioGrid"	"ANOS1"
"M1"	"BioGrid"	"ADAMTSL3"
"M1"	"BioGrid"	"RNF180"
"M1"	"BioGrid"	"EFCAB6"
"M1"	"BioGrid"	"ACY3"
"M1"	"BioGrid"	"ALDH3A1"
"M1"	"BioGrid"	"CCNO"
"M1"	"BioGrid"	"LAMC2"
"M1"	"BioGrid"	"ME1"
"M1"	"BioGrid"	"HOXB8"
"M1"	"BioGrid"	"DSC2"
"M1"	"BioGrid"	"RRAD"
"M1"	"BioGrid"	"HNF1B"
"M1"	"BioGrid"	"CDH23"
"M1"	"BioGrid"	"GLYCTK"
"M1"	"BioGrid"	"TMPRSS3"
"M1"	"BioGrid"	"WFDC2"
"M1"	"BioGrid"	"HOXB4"
"M1"	"BioGrid"	"MAOB"
"M1"	"BioGrid"	"CCL28"
"M1"	"BioGrid"	"AKR1C1"
"M1"	"BioGrid"	"CRLF1"
"M1"	"BioGrid"	"DUSP5"
"M1"	"BioGrid"	"FBXL16"
"M1"	"BioGrid"	"MAATS1"
"M1"	"BioGrid"	"SEPT3"
"M1"	"BioGrid"	"LAMA3"
"M1"	"BioGrid"	"DMBT1"
"M1"	"BioGrid"	"HOXB5"
"M1"	"BioGrid"	"PREX2"
"M1"	"BioGrid"	"SCNN1G"
"M1"	"BioGrid"	"AKR1C3"
"M1"	"BioGrid"	"MPPED2"
"M1"	"BioGrid"	"ZMYND10"
"M1"	"BioGrid"	"KLK10"
"M1"	"BioGrid"	"CLGN"
"M1"	"BioGrid"	"TMEM45B"
"M1"	"BioGrid"	"PROM1"
"M1"	"BioGrid"	"NR4A3"
"M1"	"BioGrid"	"SOBP"
"M1"	"BioGrid"	"NLGN4X"
"M1"	"BioGrid"	"GALNT14"
"M1"	"BioGrid"	"NME5"
"M1"	"BioGrid"	"NMU"
"M1"	"BioGrid"	"ABCA4"
"M1"	"BioGrid"	"EIF5A2"
"M1"	"BioGrid"	"EFHC2"
"M1"	"BioGrid"	"CDC20B"
"M1"	"BioGrid"	"C8orf34"
"M1"	"BioGrid"	"CCDC146"
"M1"	"BioGrid"	"RSPH1"
"M1"	"BioGrid"	"FAM110C"
"M1"	"BioGrid"	"UPK1B"
"M1"	"BioGrid"	"KIF6"
"M1"	"BioGrid"	"FANK1"
"M1"	"BioGrid"	"APLN"
"M1"	"BioGrid"	"ELOVL7"
"M1"	"BioGrid"	"ABO"
"M1"	"BioGrid"	"PPP1R14C"
"M1"	"BioGrid"	"GSTO2"
"M1"	"BioGrid"	"CSPG5"
"M1"	"BioGrid"	"LIPG"
"M1"	"BioGrid"	"FGF18"
"M1"	"IntAct_Fly"	"NTN1"
"M1"	"IntAct_Fly"	"BAIAP3"
"M1"	"IntAct_Fly"	"FBLN2"
"M1"	"IntAct_Fly"	"SDK2"
"M1"	"IntAct_Fly"	"CTSV"
"M1"	"IntAct_Fly"	"TXNDC5"
"M1"	"IntAct_Fly"	"STK26"
"M1"	"IntAct_Fly"	"LRRC6"
"M1"	"IntAct_Fly"	"TPPP"
"M1"	"IntAct_Fly"	"TEKT2"
"M1"	"IntAct_Fly"	"HGD"
"M1"	"IntAct_Fly"	"CTNNA2"
"M1"	"IntAct_Fly"	"ME1"
"M1"	"IntAct_Fly"	"CNTN3"
"M1"	"IntAct_Fly"	"SCD5"
"M1"	"IntAct_Fly"	"CFAP45"
"M1"	"IntAct_Fly"	"CHST6"
"M1"	"IntAct_Fly"	"DRC1"
"M1"	"IntAct_Fly"	"ALDH1L2"
"M1"	"BioGrid_Mouse"	"MSX1"
"M1"	"BioGrid_Mouse"	"ESRRG"
"M1"	"BioGrid_Mouse"	"ROR2"
"M1"	"BioGrid_Mouse"	"POU5F1"
"M1"	"BioGrid_Mouse"	"HEY2"
"M1"	"BioGrid_Mouse"	"CFTR"
"M1"	"BioGrid_Mouse"	"RBP1"
"M1"	"BioGrid_Mouse"	"PLEKHB1"
"M1"	"BioGrid_Mouse"	"MAPK10"
"M1"	"BioGrid_Mouse"	"ANXA1"
"M1"	"BioGrid_Mouse"	"SOX6"
"M1"	"BioGrid_Mouse"	"USP2"
"M1"	"BioGrid_Mouse"	"PIK3R1"
"M1"	"BioGrid_Mouse"	"TNFRSF19"
"M1"	"BioGrid_Mouse"	"MAPK8IP2"
"M1"	"BioGrid_Mouse"	"TP73"
"M1"	"BioGrid_Mouse"	"GATA6"
"M1"	"BioGrid_Mouse"	"GRIA2"
"M1"	"BioGrid_Mouse"	"FZD7"
"M1"	"BioGrid_Mouse"	"TRIB3"
"M1"	"BioGrid_Mouse"	"MEIS2"
"M1"	"BioGrid_Mouse"	"ID1"
"M1"	"BioGrid_Mouse"	"SLPI"
"M1"	"BioGrid_Mouse"	"HOXB6"
"M1"	"BioGrid_Mouse"	"KCNQ3"
"M1"	"BioGrid_Mouse"	"HR"
"M1"	"BioGrid_Mouse"	"GATA2"
"M1"	"BioGrid_Mouse"	"DACH1"
"M1"	"BioGrid_Mouse"	"CCNA1"
"M1"	"BioGrid_Mouse"	"FOXJ1"
"M1"	"BioGrid_Mouse"	"KIF5C"
"M1"	"BioGrid_Mouse"	"GABBR1"
"M1"	"BioGrid_Mouse"	"RHOBTB3"
"M1"	"BioGrid_Mouse"	"SPAG16"
"M1"	"BioGrid_Mouse"	"SLIT2"
"M1"	"BioGrid_Mouse"	"MAP1B"
"M1"	"BioGrid_Mouse"	"BTC"
"M1"	"BioGrid_Mouse"	"LAMA1"
"M1"	"BioGrid_Mouse"	"NQO1"
"M1"	"BioGrid_Mouse"	"TSNAXIP1"
"M1"	"BioGrid_Mouse"	"SOX5"
"M1"	"BioGrid_Mouse"	"IL33"
"M1"	"BioGrid_Mouse"	"RNF180"
"M1"	"BioGrid_Mouse"	"LAMC2"
"M1"	"BioGrid_Mouse"	"HOXB8"
"M1"	"BioGrid_Mouse"	"HNF1B"
"M1"	"BioGrid_Mouse"	"HOXB4"
"M1"	"BioGrid_Mouse"	"FBXL16"
"M1"	"BioGrid_Mouse"	"WNT9A"
"M1"	"BioGrid_Mouse"	"HOXB5"
"M1"	"BioGrid_Mouse"	"PROM1"
"M1"	"BioGrid_Mouse"	"NR4A3"
"M1"	"BioGrid_Mouse"	"SOD3"
"M1"	"BioGrid_Mouse"	"HES6"
"M1"	"DIP_Fly"	"ESRRG"
"M1"	"DIP_Fly"	"CRYAB"
"M1"	"DIP_Fly"	"BMP2"
"M1"	"DIP_Fly"	"FBLN2"
"M1"	"DIP_Fly"	"CTSV"
"M1"	"DIP_Fly"	"ROBO2"
"M1"	"DIP_Fly"	"LRRC6"
"M1"	"DIP_Fly"	"RIBC2"
"M1"	"DIP_Fly"	"TPPP"
"M1"	"DIP_Fly"	"TEKT2"
"M1"	"DIP_Fly"	"HGD"
"M1"	"DIP_Fly"	"TTC25"
"M1"	"DIP_Fly"	"PACRG"
"M1"	"DIP_Fly"	"CTNNA2"
"M1"	"DIP_Fly"	"SCD5"
"M1"	"DIP_Fly"	"DNAJC22"
"M1"	"DIP_Fly"	"CFAP45"
"M1"	"DIP_Fly"	"ZMYND10"
"M1"	"DIP_Fly"	"DRC1"
"M1"	"HPRD"	"MAPK15"
"M1"	"HPRD"	"MSX1"
"M1"	"HPRD"	"NTN1"
"M1"	"HPRD"	"ESRRG"
"M1"	"HPRD"	"ROR2"
"M1"	"HPRD"	"POU5F1"
"M1"	"HPRD"	"HEY2"
"M1"	"HPRD"	"RASSF9"
"M1"	"HPRD"	"CRYAB"
"M1"	"HPRD"	"MDFI"
"M1"	"HPRD"	"CFTR"
"M1"	"HPRD"	"UBB"
"M1"	"HPRD"	"CKB"
"M1"	"HPRD"	"RBP1"
"M1"	"HPRD"	"GIPC2"
"M1"	"HPRD"	"LTF"
"M1"	"HPRD"	"SCNN1B"
"M1"	"HPRD"	"PLEKHB1"
"M1"	"HPRD"	"MAPK10"
"M1"	"HPRD"	"CD36"
"M1"	"HPRD"	"BMPR1B"
"M1"	"HPRD"	"ANXA1"
"M1"	"HPRD"	"BMP2"
"M1"	"HPRD"	"SOX6"
"M1"	"HPRD"	"USP2"
"M1"	"HPRD"	"PIK3R1"
"M1"	"HPRD"	"MATN2"
"M1"	"HPRD"	"PTK6"
"M1"	"HPRD"	"S100A9"
"M1"	"HPRD"	"BAIAP3"
"M1"	"HPRD"	"ERBB4"
"M1"	"HPRD"	"TNFRSF19"
"M1"	"HPRD"	"MAPK8IP2"
"M1"	"HPRD"	"TP73"
"M1"	"HPRD"	"GATA6"
"M1"	"HPRD"	"FOXA1"
"M1"	"HPRD"	"NELL2"
"M1"	"HPRD"	"NFASC"
"M1"	"HPRD"	"CDA"
"M1"	"HPRD"	"GRIA2"
"M1"	"HPRD"	"GRIK2"
"M1"	"HPRD"	"RTN1"
"M1"	"HPRD"	"FZD7"
"M1"	"HPRD"	"SHANK2"
"M1"	"HPRD"	"HSPB8"
"M1"	"HPRD"	"DNALI1"
"M1"	"HPRD"	"TRIB3"
"M1"	"HPRD"	"GRHL3"
"M1"	"HPRD"	"SPAG8"
"M1"	"HPRD"	"GNG7"
"M1"	"HPRD"	"GNG4"
"M1"	"HPRD"	"TNFRSF11B"
"M1"	"HPRD"	"MMP1"
"M1"	"HPRD"	"SLC27A6"
"M1"	"HPRD"	"TNIK"
"M1"	"HPRD"	"ID1"
"M1"	"HPRD"	"FABP5"
"M1"	"HPRD"	"FBLN2"
"M1"	"HPRD"	"ANK2"
"M1"	"HPRD"	"SLC16A1"
"M1"	"HPRD"	"HOXB6"
"M1"	"HPRD"	"KIF1A"
"M1"	"HPRD"	"FOSL1"
"M1"	"HPRD"	"SV2A"
"M1"	"HPRD"	"COMP"
"M1"	"HPRD"	"ETV5"
"M1"	"HPRD"	"LIF"
"M1"	"HPRD"	"KCNQ3"
"M1"	"HPRD"	"HR"
"M1"	"HPRD"	"GATA2"
"M1"	"HPRD"	"TMPRSS2"
"M1"	"HPRD"	"INA"
"M1"	"HPRD"	"IRAK2"
"M1"	"HPRD"	"TUBB3"
"M1"	"HPRD"	"PEG10"
"M1"	"HPRD"	"CCNA1"
"M1"	"HPRD"	"MEIS1"
"M1"	"HPRD"	"OVGP1"
"M1"	"HPRD"	"COL8A2"
"M1"	"HPRD"	"STK26"
"M1"	"HPRD"	"FXYD3"
"M1"	"HPRD"	"TUBA4A"
"M1"	"HPRD"	"KIF5C"
"M1"	"HPRD"	"GABBR1"
"M1"	"HPRD"	"EFS"
"M1"	"HPRD"	"SLC40A1"
"M1"	"HPRD"	"PTPRM"
"M1"	"HPRD"	"ACAN"
"M1"	"HPRD"	"CHGA"
"M1"	"HPRD"	"CXCL2"
"M1"	"HPRD"	"ALPL"
"M1"	"HPRD"	"NDP"
"M1"	"HPRD"	"KCNH2"
"M1"	"HPRD"	"ROBO2"
"M1"	"HPRD"	"SPAG16"
"M1"	"HPRD"	"AGR3"
"M1"	"HPRD"	"TPPP"
"M1"	"HPRD"	"SLIT2"
"M1"	"HPRD"	"PLXNA4"
"M1"	"HPRD"	"AGR2"
"M1"	"HPRD"	"HGD"
"M1"	"HPRD"	"MAP1B"
"M1"	"HPRD"	"SPEF1"
"M1"	"HPRD"	"ADH1C"
"M1"	"HPRD"	"HOXB2"
"M1"	"HPRD"	"GRIN2D"
"M1"	"HPRD"	"AKAP6"
"M1"	"HPRD"	"SLC9A2"
"M1"	"HPRD"	"BTC"
"M1"	"HPRD"	"COL9A3"
"M1"	"HPRD"	"VAV3"
"M1"	"HPRD"	"SERPINE2"
"M1"	"HPRD"	"LAMA1"
"M1"	"HPRD"	"ADORA1"
"M1"	"HPRD"	"SLC4A4"
"M1"	"HPRD"	"CFI"
"M1"	"HPRD"	"OLFM4"
"M1"	"HPRD"	"F12"
"M1"	"HPRD"	"HABP2"
"M1"	"HPRD"	"CPM"
"M1"	"HPRD"	"NOV"
"M1"	"HPRD"	"GPC3"
"M1"	"HPRD"	"IL1R2"
"M1"	"HPRD"	"CXCL1"
"M1"	"HPRD"	"RAB3B"
"M1"	"HPRD"	"CXCL5"
"M1"	"HPRD"	"DST"
"M1"	"HPRD"	"CA2"
"M1"	"HPRD"	"ANK1"
"M1"	"HPRD"	"LRG1"
"M1"	"HPRD"	"COL4A5"
"M1"	"HPRD"	"CEL"
"M1"	"HPRD"	"PPP1R14A"
"M1"	"HPRD"	"MUC4"
"M1"	"HPRD"	"NQO1"
"M1"	"HPRD"	"TSNAXIP1"
"M1"	"HPRD"	"LPAR3"
"M1"	"HPRD"	"HOXB7"
"M1"	"HPRD"	"SOX5"
"M1"	"HPRD"	"ETV4"
"M1"	"HPRD"	"CFAP53"
"M1"	"HPRD"	"TOX2"
"M1"	"HPRD"	"PCYT1B"
"M1"	"HPRD"	"INHBB"
"M1"	"HPRD"	"CLIC5"
"M1"	"HPRD"	"DUOX1"
"M1"	"HPRD"	"ERO1B"
"M1"	"HPRD"	"KCNJ5"
"M1"	"HPRD"	"AKAP12"
"M1"	"HPRD"	"NRTN"
"M1"	"HPRD"	"ATF7IP2"
"M1"	"HPRD"	"ADCYAP1R1"
"M1"	"HPRD"	"BRSK1"
"M1"	"HPRD"	"CTNNA2"
"M1"	"HPRD"	"LCN2"
"M1"	"HPRD"	"ANOS1"
"M1"	"HPRD"	"MUC16"
"M1"	"HPRD"	"FOXC1"
"M1"	"HPRD"	"SAA2"
"M1"	"HPRD"	"EFCAB6"
"M1"	"HPRD"	"ACY3"
"M1"	"HPRD"	"ALDH3A1"
"M1"	"HPRD"	"CCNO"
"M1"	"HPRD"	"LAMC2"
"M1"	"HPRD"	"DSC2"
"M1"	"HPRD"	"RRAD"
"M1"	"HPRD"	"HNF1B"
"M1"	"HPRD"	"CDH23"
"M1"	"HPRD"	"TNFSF4"
"M1"	"HPRD"	"HUNK"
"M1"	"HPRD"	"MAOB"
"M1"	"HPRD"	"AKR1C1"
"M1"	"HPRD"	"CRLF1"
"M1"	"HPRD"	"DUSP5"
"M1"	"HPRD"	"MAATS1"
"M1"	"HPRD"	"PDE3B"
"M1"	"HPRD"	"SYBU"
"M1"	"HPRD"	"DMBT1"
"M1"	"HPRD"	"PREX2"
"M1"	"HPRD"	"POMK"
"M1"	"HPRD"	"SCNN1G"
"M1"	"HPRD"	"AKR1C3"
"M1"	"HPRD"	"ZMYND10"
"M1"	"HPRD"	"MAP6"
"M1"	"HPRD"	"KLK10"
"M1"	"HPRD"	"CLGN"
"M1"	"HPRD"	"NR4A3"
"M1"	"HPRD"	"RALGPS2"
"M1"	"HPRD"	"GALNT14"
"M1"	"HPRD"	"NME5"
"M1"	"HPRD"	"SOD3"
"M1"	"HPRD"	"HES6"
"M1"	"HPRD"	"HOXB3"
"M1"	"HPRD"	"SGCD"
"M1"	"HPRD"	"VTCN1"
"M1"	"HPRD"	"LRRC4"
"M1"	"HPRD"	"CSPG5"
"M1"	"HPRD"	"ESPN"
"M1"	"IntAct_Mouse"	"MSX1"
"M1"	"IntAct_Mouse"	"NTN1"
"M1"	"IntAct_Mouse"	"ESRRG"
"M1"	"IntAct_Mouse"	"POU5F1"
"M1"	"IntAct_Mouse"	"HEY2"
"M1"	"IntAct_Mouse"	"CRYAB"
"M1"	"IntAct_Mouse"	"CFTR"
"M1"	"IntAct_Mouse"	"GIPC2"
"M1"	"IntAct_Mouse"	"BMPR1B"
"M1"	"IntAct_Mouse"	"PIK3R1"
"M1"	"IntAct_Mouse"	"MATN2"
"M1"	"IntAct_Mouse"	"S100A9"
"M1"	"IntAct_Mouse"	"TNFRSF19"
"M1"	"IntAct_Mouse"	"CDA"
"M1"	"IntAct_Mouse"	"GRIA2"
"M1"	"IntAct_Mouse"	"FZD7"
"M1"	"IntAct_Mouse"	"HSPB8"
"M1"	"IntAct_Mouse"	"DACT2"
"M1"	"IntAct_Mouse"	"TNIK"
"M1"	"IntAct_Mouse"	"KCNQ3"
"M1"	"IntAct_Mouse"	"DACH1"
"M1"	"IntAct_Mouse"	"IRAK2"
"M1"	"IntAct_Mouse"	"REC8"
"M1"	"IntAct_Mouse"	"KIF5C"
"M1"	"IntAct_Mouse"	"SLC40A1"
"M1"	"IntAct_Mouse"	"CHGA"
"M1"	"IntAct_Mouse"	"SPAG17"
"M1"	"IntAct_Mouse"	"MAP1B"
"M1"	"IntAct_Mouse"	"LAMA1"
"M1"	"IntAct_Mouse"	"SLC4A4"
"M1"	"IntAct_Mouse"	"ADCYAP1R1"
"M1"	"IntAct_Mouse"	"BRSK1"
"M1"	"IntAct_Mouse"	"FOXC1"
"M1"	"IntAct_Mouse"	"ACY3"
"M1"	"IntAct_Mouse"	"GJC2"
"M1"	"IntAct_Mouse"	"CLGN"
"M1"	"MINT"	"ESRRG"
"M1"	"MINT"	"CRYAB"
"M1"	"MINT"	"MDFI"
"M1"	"MINT"	"CFTR"
"M1"	"MINT"	"UBB"
"M1"	"MINT"	"CKB"
"M1"	"MINT"	"TUBB2B"
"M1"	"MINT"	"GIPC2"
"M1"	"MINT"	"MAPK10"
"M1"	"MINT"	"BMPR1B"
"M1"	"MINT"	"ANXA1"
"M1"	"MINT"	"BMP2"
"M1"	"MINT"	"CEP126"
"M1"	"MINT"	"USP2"
"M1"	"MINT"	"PIK3R1"
"M1"	"MINT"	"PTK6"
"M1"	"MINT"	"ERBB4"
"M1"	"MINT"	"MAPK8IP2"
"M1"	"MINT"	"TP73"
"M1"	"MINT"	"GRIA2"
"M1"	"MINT"	"RTN1"
"M1"	"MINT"	"FZD7"
"M1"	"MINT"	"SHANK2"
"M1"	"MINT"	"HSPB8"
"M1"	"MINT"	"DNALI1"
"M1"	"MINT"	"TRIB3"
"M1"	"MINT"	"SLC27A6"
"M1"	"MINT"	"FGFR2"
"M1"	"MINT"	"HOXB6"
"M1"	"MINT"	"KIF1A"
"M1"	"MINT"	"FOSL1"
"M1"	"MINT"	"DACH1"
"M1"	"MINT"	"IRAK2"
"M1"	"MINT"	"TUBB3"
"M1"	"MINT"	"PEG10"
"M1"	"MINT"	"ALPP"
"M1"	"MINT"	"TXNDC5"
"M1"	"MINT"	"STK26"
"M1"	"MINT"	"FXYD3"
"M1"	"MINT"	"GABBR1"
"M1"	"MINT"	"EFS"
"M1"	"MINT"	"PTPRM"
"M1"	"MINT"	"ALPL"
"M1"	"MINT"	"KCNH2"
"M1"	"MINT"	"AGR3"
"M1"	"MINT"	"TPPP"
"M1"	"MINT"	"SLIT2"
"M1"	"MINT"	"AGR2"
"M1"	"MINT"	"TTC25"
"M1"	"MINT"	"SPEF1"
"M1"	"MINT"	"GRIN2D"
"M1"	"MINT"	"AKAP6"
"M1"	"MINT"	"MUC1"
"M1"	"MINT"	"VAV3"
"M1"	"MINT"	"CA2"
"M1"	"MINT"	"ANK1"
"M1"	"MINT"	"COL11A2"
"M1"	"MINT"	"NQO1"
"M1"	"MINT"	"RAI2"
"M1"	"MINT"	"ERO1B"
"M1"	"MINT"	"AKAP12"
"M1"	"MINT"	"IL33"
"M1"	"MINT"	"ACY3"
"M1"	"MINT"	"TMPRSS3"
"M1"	"MINT"	"WFDC2"
"M1"	"MINT"	"CCL28"
"M1"	"MINT"	"SEPT3"
"M1"	"MINT"	"LAMA3"
"M1"	"MINT"	"SCNN1G"
"M1"	"MINT"	"AKR1C3"
"M1"	"MINT"	"ZMYND10"
"M1"	"MINT"	"KLK10"
"M1"	"MINT"	"NME5"
"M1"	"MINT"	"SGCD"
"M1"	"MINT"	"LRRC4"
"M1"	"VidalHuman_core"	"MDFI"
"M1"	"VidalHuman_core"	"USP2"
"M1"	"VidalHuman_core"	"RTN1"
"M1"	"VidalHuman_core"	"FZD7"
"M1"	"VidalHuman_core"	"HSPB8"
"M1"	"VidalHuman_core"	"HOXB6"
"M1"	"VidalHuman_core"	"FOSL1"
"M1"	"VidalHuman_core"	"DACH1"
"M1"	"VidalHuman_core"	"RIBC2"
"M1"	"VidalHuman_core"	"SPEF1"
"M1"	"VidalHuman_core"	"RAI2"
"M1"	"VidalHuman_core"	"ZMYND10"
"M1"	"VidalHuman_core"	"NME5"
"M1"	"INNATEDB"	"MSX1"
"M1"	"INNATEDB"	"ROR2"
"M1"	"INNATEDB"	"MDFI"
"M1"	"INNATEDB"	"CFTR"
"M1"	"INNATEDB"	"UBB"
"M1"	"INNATEDB"	"LTF"
"M1"	"INNATEDB"	"MAPK10"
"M1"	"INNATEDB"	"CD36"
"M1"	"INNATEDB"	"BMPR1B"
"M1"	"INNATEDB"	"ANXA1"
"M1"	"INNATEDB"	"BMP2"
"M1"	"INNATEDB"	"CYP51A1"
"M1"	"INNATEDB"	"USP2"
"M1"	"INNATEDB"	"PIK3R1"
"M1"	"INNATEDB"	"PTK6"
"M1"	"INNATEDB"	"S100A9"
"M1"	"INNATEDB"	"ERBB4"
"M1"	"INNATEDB"	"MAPK8IP2"
"M1"	"INNATEDB"	"GATA6"
"M1"	"INNATEDB"	"FOXA1"
"M1"	"INNATEDB"	"TRIB3"
"M1"	"INNATEDB"	"MEIS2"
"M1"	"INNATEDB"	"MMP1"
"M1"	"INNATEDB"	"TNIK"
"M1"	"INNATEDB"	"ID1"
"M1"	"INNATEDB"	"FGFR2"
"M1"	"INNATEDB"	"ANK2"
"M1"	"INNATEDB"	"CXCL3"
"M1"	"INNATEDB"	"FOSL1"
"M1"	"INNATEDB"	"GATA2"
"M1"	"INNATEDB"	"IRAK2"
"M1"	"INNATEDB"	"ALPP"
"M1"	"INNATEDB"	"MEIS1"
"M1"	"INNATEDB"	"FOXJ1"
"M1"	"INNATEDB"	"PTPRM"
"M1"	"INNATEDB"	"ACAN"
"M1"	"INNATEDB"	"CXCL2"
"M1"	"INNATEDB"	"NDP"
"M1"	"INNATEDB"	"KCNH2"
"M1"	"INNATEDB"	"MAP1B"
"M1"	"INNATEDB"	"MUC1"
"M1"	"INNATEDB"	"CFI"
"M1"	"INNATEDB"	"OLFM4"
"M1"	"INNATEDB"	"IL1R2"
"M1"	"INNATEDB"	"CXCL1"
"M1"	"INNATEDB"	"CXCL5"
"M1"	"INNATEDB"	"CA2"
"M1"	"INNATEDB"	"PPP1R14A"
"M1"	"INNATEDB"	"NQO1"
"M1"	"INNATEDB"	"SOX5"
"M1"	"INNATEDB"	"CLIC5"
"M1"	"INNATEDB"	"IL33"
"M1"	"INNATEDB"	"MUC16"
"M1"	"INNATEDB"	"EFCAB6"
"M1"	"INNATEDB"	"LGI2"
"M1"	"INNATEDB"	"DPY19L2"
"M1"	"INNATEDB"	"GLYCTK"
"M1"	"INNATEDB"	"CGREF1"
"M1"	"INNATEDB"	"HOXB4"
"M1"	"INNATEDB"	"PDE3B"
"M1"	"INNATEDB"	"PREX2"
"M1"	"INNATEDB"	"ZMYND10"
"M1"	"INNATEDB"	"NR4A3"
"M1"	"INNATEDB"	"NMU"
"M1"	"INNATEDB"	"ADAMTS6"
"M1"	"BIND"	"MSX1"
"M1"	"BIND"	"CRYAB"
"M1"	"BIND"	"CFTR"
"M1"	"BIND"	"UBB"
"M1"	"BIND"	"MAPK10"
"M1"	"BIND"	"BMPR1B"
"M1"	"BIND"	"BMP2"
"M1"	"BIND"	"PIK3R1"
"M1"	"BIND"	"PTK6"
"M1"	"BIND"	"S100A9"
"M1"	"BIND"	"ERBB4"
"M1"	"BIND"	"TP73"
"M1"	"BIND"	"CDA"
"M1"	"BIND"	"GRIK2"
"M1"	"BIND"	"RTN1"
"M1"	"BIND"	"HSPB8"
"M1"	"BIND"	"TRIB3"
"M1"	"BIND"	"MMP1"
"M1"	"BIND"	"ALDOC"
"M1"	"BIND"	"FGFR2"
"M1"	"BIND"	"FOSL1"
"M1"	"BIND"	"LIF"
"M1"	"BIND"	"CCNA1"
"M1"	"BIND"	"MEIS1"
"M1"	"BIND"	"STK26"
"M1"	"BIND"	"CXCL2"
"M1"	"BIND"	"ADH1C"
"M1"	"BIND"	"CXCL1"
"M1"	"BIND"	"NQO1"
"M1"	"BIND"	"ATF7IP2"
"M1"	"BIND"	"ME1"
"M1"	"BIND"	"MAOB"
"M1"	"BIND"	"AKR1C1"
"M1"	"BIND"	"SGCD"
"M1"	"BIND"	"NMU"
"M1"	"WranaLow"	"BMPR1B"
"M1"	"WranaMedium"	"BMPR1B"
"M1"	"YeastLow"	"GFPT2"
"M1"	"YeastLow"	"SLC4A4"
"M1"	"BIND_Mouse"	"MSX1"
"M1"	"BIND_Mouse"	"ESRRG"
"M1"	"BIND_Mouse"	"POU5F1"
"M1"	"BIND_Mouse"	"HEY2"
"M1"	"BIND_Mouse"	"CFTR"
"M1"	"BIND_Mouse"	"MAPK10"
"M1"	"BIND_Mouse"	"BMPR1B"
"M1"	"BIND_Mouse"	"GFPT2"
"M1"	"BIND_Mouse"	"BMP2"
"M1"	"BIND_Mouse"	"S100A9"
"M1"	"BIND_Mouse"	"ENKUR"
"M1"	"BIND_Mouse"	"GATA6"
"M1"	"BIND_Mouse"	"CDA"
"M1"	"BIND_Mouse"	"GRIA2"
"M1"	"BIND_Mouse"	"MEIS2"
"M1"	"BIND_Mouse"	"ID1"
"M1"	"BIND_Mouse"	"CXCL3"
"M1"	"BIND_Mouse"	"NQO1"
"M1"	"BIND_Mouse"	"CDH23"
"M1"	"BIND_Mouse"	"SGCD"
"M1"	"DIP_Mouse"	"POU5F1"
"M1"	"DIP_Mouse"	"SCNN1B"
"M1"	"DIP_Mouse"	"BMPR1B"
"M1"	"DIP_Mouse"	"PIK3R1"
"M1"	"DIP_Mouse"	"ERBB4"
"M1"	"DIP_Mouse"	"TNFRSF11B"
"M1"	"DIP_Mouse"	"HOXB6"
"M1"	"DIP_Mouse"	"TUBB3"
"M1"	"DIP_Mouse"	"REC8"
"M1"	"DIP_Mouse"	"SLC40A1"
"M1"	"DIP_Mouse"	"SPAG16"
"M1"	"DIP_Mouse"	"LRG1"
"M1"	"DIP_Mouse"	"BVES"
"M1"	"DIP_Mouse"	"PACRG"
"M1"	"DIP_Mouse"	"CTNNA2"
"M1"	"DIP_Mouse"	"ACY3"
"M1"	"DIP_Mouse"	"CDH23"
"M1"	"DIP_Mouse"	"TNFSF4"
"M1"	"DIP_Mouse"	"LYPD1"
"M1"	"BioGrid_Fly"	"NTN1"
"M1"	"BioGrid_Fly"	"ESRRG"
"M1"	"BioGrid_Fly"	"CRYAB"
"M1"	"BioGrid_Fly"	"TUBB2B"
"M1"	"BioGrid_Fly"	"STX18"
"M1"	"BioGrid_Fly"	"BMPR1B"
"M1"	"BioGrid_Fly"	"BMP2"
"M1"	"BioGrid_Fly"	"PXDN"
"M1"	"BioGrid_Fly"	"FBLN2"
"M1"	"BioGrid_Fly"	"COMP"
"M1"	"BioGrid_Fly"	"CTSV"
"M1"	"BioGrid_Fly"	"TXNDC5"
"M1"	"BioGrid_Fly"	"ALPL"
"M1"	"BioGrid_Fly"	"LRRC6"
"M1"	"BioGrid_Fly"	"TPPP"
"M1"	"BioGrid_Fly"	"SLIT2"
"M1"	"BioGrid_Fly"	"TEKT2"
"M1"	"BioGrid_Fly"	"HGD"
"M1"	"BioGrid_Fly"	"TTC25"
"M1"	"BioGrid_Fly"	"DST"
"M1"	"BioGrid_Fly"	"PACRG"
"M1"	"BioGrid_Fly"	"CLIC5"
"M1"	"BioGrid_Fly"	"CTNNA2"
"M1"	"BioGrid_Fly"	"STK32B"
"M1"	"BioGrid_Fly"	"ME1"
"M1"	"BioGrid_Fly"	"SCD5"
"M1"	"BioGrid_Fly"	"CFAP45"
"M1"	"BioGrid_Fly"	"ZMYND10"
"M1"	"BioGrid_Fly"	"EFCAB1"
"M1"	"BioGrid_Fly"	"DRC1"
"M1"	"BioGrid_Fly"	"DRC7"
"M1"	"BioGrid_Yeast"	"GFPT2"
"M1"	"BioGrid_Yeast"	"CYP51A1"
"M1"	"BioGrid_Yeast"	"CDA"
"M1"	"BioGrid_Yeast"	"SLC4A4"
"M1"	"INNATEDB_Mouse"	"POU5F1"
"M1"	"INNATEDB_Mouse"	"MDFI"
"M1"	"INNATEDB_Mouse"	"PIK3R1"
"M1"	"INNATEDB_Mouse"	"TNFRSF19"
"M1"	"INNATEDB_Mouse"	"MAPK8IP2"
"M1"	"INNATEDB_Mouse"	"GATA6"
"M1"	"INNATEDB_Mouse"	"FOXA1"
"M1"	"INNATEDB_Mouse"	"GRIA2"
"M1"	"INNATEDB_Mouse"	"CXCL3"
"M1"	"INNATEDB_Mouse"	"ETV5"
"M1"	"INNATEDB_Mouse"	"GATA2"
"M1"	"INNATEDB_Mouse"	"IRAK2"
"M1"	"INNATEDB_Mouse"	"SLC40A1"
"M1"	"INNATEDB_Mouse"	"CXCL2"
"M1"	"INNATEDB_Mouse"	"ALPL"
"M1"	"INNATEDB_Mouse"	"KCNH2"
"M1"	"INNATEDB_Mouse"	"SOX5"
"M1"	"INNATEDB_Mouse"	"CTNNA2"
"M1"	"INNATEDB_Mouse"	"IL33"
"M1"	"INNATEDB_Mouse"	"LCN2"
"M1"	"INNATEDB_Mouse"	"CDH23"
"M1"	"INNATEDB_Mouse"	"TNFSF4"
"M1"	"INNATEDB_Mouse"	"IRX3"
"M1"	"DIP_Yeast"	"GFPT2"
"M1"	"DIP_Yeast"	"CYP51A1"
"M1"	"DIP_Yeast"	"CDA"
"M1"	"YeastHigh"	"GFPT2"
"M1"	"BIND_Rat"	"CKB"
"M1"	"BIND_Rat"	"PIK3R1"
"M1"	"BIND_Rat"	"ERBB4"
"M1"	"BIND_Rat"	"NFASC"
"M1"	"BIND_Rat"	"GRIA2"
"M1"	"BIND_Rat"	"GRIK2"
"M1"	"BIND_Rat"	"SHANK2"
"M1"	"BIND_Rat"	"SV2A"
"M1"	"BIND_Rat"	"MAP1B"
"M1"	"BIND_Rat"	"ADORA1"
"M1"	"BIND_Rat"	"ALDH3A1"
"M1"	"BIND_Rat"	"MAOB"
"M1"	"BIND_Rat"	"NMU"
"M1"	"BIND_Rat"	"CLIC6"
"M1"	"BioGrid_Rat"	"USP2"
"M1"	"BioGrid_Rat"	"PIK3R1"
"M1"	"BioGrid_Rat"	"GRIA2"
"M1"	"BioGrid_Rat"	"GRIK2"
"M1"	"BioGrid_Rat"	"DACT2"
"M1"	"BioGrid_Rat"	"SDK2"
"M1"	"BioGrid_Rat"	"HR"
"M1"	"BioGrid_Rat"	"CCNA1"
"M1"	"BioGrid_Rat"	"GABBR1"
"M1"	"BioGrid_Rat"	"SLC40A1"
"M1"	"BioGrid_Rat"	"SCNN1G"
"M1"	"MINT_Rat"	"MAPK10"
"M1"	"MINT_Rat"	"GRIA2"
"M1"	"MINT_Rat"	"SHANK2"
"M1"	"MINT_Rat"	"TUBB3"
"M1"	"MINT_Rat"	"GABBR1"
"M1"	"MINT_Rat"	"ADORA1"
"M1"	"MINT_Rat"	"COBL"
"M1"	"MGI"	"ANXA1"
"M1"	"MGI"	"BMP2"
"M1"	"MGI"	"SOX6"
"M1"	"MGI"	"PIK3R1"
"M1"	"MGI"	"GATA6"
"M1"	"MGI"	"GRIA2"
"M1"	"MGI"	"REC8"
"M1"	"MGI"	"KIF5C"
"M1"	"MGI"	"LAMA1"
"M1"	"MGI"	"RAB3B"
"M1"	"MGI"	"TSNAXIP1"
"M1"	"MGI"	"CDH23"
"M1"	"MGI"	"SGCD"
"M1"	"MINT_Yeast"	"CYP51A1"
"M1"	"MINT_Yeast"	"CDA"
"M1"	"Tarassov_PCA"	"CYP51A1"
"M1"	"Tarassov_PCA"	"CDA"
"M1"	"DIP"	"NTN1"
"M1"	"DIP"	"POU5F1"
"M1"	"DIP"	"CRYAB"
"M1"	"DIP"	"CFTR"
"M1"	"DIP"	"MAPK10"
"M1"	"DIP"	"BMP2"
"M1"	"DIP"	"USP2"
"M1"	"DIP"	"PIK3R1"
"M1"	"DIP"	"PTK6"
"M1"	"DIP"	"S100A9"
"M1"	"DIP"	"ERBB4"
"M1"	"DIP"	"TP73"
"M1"	"DIP"	"FOXA1"
"M1"	"DIP"	"GRIA2"
"M1"	"DIP"	"SHANK2"
"M1"	"DIP"	"MMP1"
"M1"	"DIP"	"TNIK"
"M1"	"DIP"	"FGFR2"
"M1"	"DIP"	"ANK2"
"M1"	"DIP"	"KIF1A"
"M1"	"DIP"	"FOSL1"
"M1"	"DIP"	"LIF"
"M1"	"DIP"	"GATA2"
"M1"	"DIP"	"IRAK2"
"M1"	"DIP"	"STK26"
"M1"	"DIP"	"PTPRM"
"M1"	"DIP"	"KCNH2"
"M1"	"DIP"	"SLIT2"
"M1"	"DIP"	"AGR2"
"M1"	"DIP"	"SLC4A4"
"M1"	"DIP"	"CXCL1"
"M1"	"DIP"	"CXCL5"
"M1"	"DIP"	"LRG1"
"M1"	"DIP"	"ETV4"
"M1"	"DIP"	"IL33"
"M1"	"DIP"	"CCNO"
"M1"	"DIP"	"TNFSF4"
"M1"	"DIP"	"HUNK"
"M1"	"DIP"	"CRLF1"
"M1"	"BioGrid_Worm"	"ROR2"
"M1"	"BioGrid_Worm"	"BMPR1B"
"M1"	"BioGrid_Worm"	"PIK3R1"
"M1"	"BioGrid_Worm"	"ALDOC"
"M1"	"BioGrid_Worm"	"KIF1A"
"M1"	"BioGrid_Worm"	"CTSV"
"M1"	"BioGrid_Worm"	"HGD"
"M1"	"BioGrid_Worm"	"CTNNA2"
"M1"	"StelzlMedium"	"MAPK10"
"M1"	"StelzlMedium"	"SLC27A6"
"M1"	"StelzlMedium"	"KCNH2"
"M1"	"StelzlMedium"	"RIBC2"
"M1"	"StelzlMedium"	"WFDC2"
"M1"	"StelzlMedium"	"AKR1C3"
"M1"	"StelzlMedium"	"KLK10"
"M1"	"BCI"	"MSX1"
"M1"	"BCI"	"ROR2"
"M1"	"BCI"	"POU5F1"
"M1"	"BCI"	"CRYAB"
"M1"	"BCI"	"UBB"
"M1"	"BCI"	"RBP1"
"M1"	"BCI"	"MAPK10"
"M1"	"BCI"	"ANXA1"
"M1"	"BCI"	"PIK3R1"
"M1"	"BCI"	"GNG4"
"M1"	"BCI"	"ID1"
"M1"	"BCI"	"ALDOC"
"M1"	"BCI"	"FBLN2"
"M1"	"BCI"	"GATA2"
"M1"	"BCI"	"ENTPD2"
"M1"	"BCI"	"TUBA4A"
"M1"	"BCI"	"KIF5C"
"M1"	"BCI"	"GABBR1"
"M1"	"BCI"	"PTPRM"
"M1"	"BCI"	"CXCL2"
"M1"	"BCI"	"KCNH2"
"M1"	"BCI"	"HOXB2"
"M1"	"BCI"	"MUC1"
"M1"	"BCI"	"COL9A3"
"M1"	"BCI"	"F12"
"M1"	"BCI"	"DST"
"M1"	"BCI"	"CA2"
"M1"	"BCI"	"ANK1"
"M1"	"BCI"	"NQO1"
"M1"	"BCI"	"HOXB7"
"M1"	"BCI"	"INHBB"
"M1"	"BCI"	"LCN2"
"M1"	"BCI"	"TNFSF4"
"M1"	"BCI"	"DUSP5"
"M1"	"BIND_Fly"	"CRYAB"
"M1"	"BIND_Fly"	"FGFR2"
"M1"	"BIND_Fly"	"FBLN2"
"M1"	"BIND_Fly"	"LRRC6"
"M1"	"BIND_Fly"	"TPPP"
"M1"	"BIND_Fly"	"TEKT2"
"M1"	"BIND_Fly"	"HGD"
"M1"	"BIND_Fly"	"CTNNA2"
"M1"	"BIND_Fly"	"CFAP45"
"M1"	"BIND_Fly"	"ZMYND10"
"M1"	"BIND_Fly"	"EFCAB1"
"M1"	"BIND_Fly"	"DRC1"
"M1"	"FlyLow"	"FBLN2"
"M1"	"FlyLow"	"TPPP"
"M1"	"FlyLow"	"TEKT2"
"M1"	"FlyLow"	"TTC25"
"M1"	"FlyLow"	"CTNNA2"
"M1"	"FlyLow"	"CFAP45"
"M1"	"FlyLow"	"DRC1"
"M1"	"MINT_Fly"	"FBLN2"
"M1"	"MINT_Fly"	"RIBC2"
"M1"	"MINT_Fly"	"TPPP"
"M1"	"MINT_Fly"	"TEKT2"
"M1"	"MINT_Fly"	"HGD"
"M1"	"MINT_Fly"	"DNAJC22"
"M1"	"MINT_Fly"	"CFAP45"
"M1"	"MINT_Fly"	"ZMYND10"
"M1"	"MINT_Fly"	"EFCAB1"
"M1"	"YeastMedium"	"GFPT2"
"M1"	"YeastMedium"	"CDA"
"M1"	"VidalHuman_non_core"	"MDFI"
"M1"	"VidalHuman_non_core"	"HSPB8"
"M1"	"VidalHuman_non_core"	"CXCL3"
"M1"	"VidalHuman_non_core"	"CXCL2"
"M1"	"VidalHuman_non_core"	"RIBC2"
"M1"	"VidalHuman_non_core"	"NOV"
"M1"	"VidalHuman_non_core"	"NMU"
"M1"	"VidalHuman_non_core"	"SLCO4A1"
"M1"	"IntAct_Yeast"	"GFPT2"
"M1"	"IntAct_Yeast"	"CYP51A1"
"M1"	"IntAct_Yeast"	"CDA"
"M1"	"IntAct_Worm"	"ROR2"
"M1"	"IntAct_Worm"	"ALDOC"
"M1"	"IntAct_Worm"	"CTSV"
"M1"	"IntAct_Worm"	"HGD"
"M1"	"IntAct_Worm"	"VAV3"
"M1"	"IntAct_Worm"	"STRIP2"
"M1"	"IntAct_Worm"	"ERO1B"
"M1"	"MINT_Mouse"	"POU5F1"
"M1"	"MINT_Mouse"	"CFTR"
"M1"	"MINT_Mouse"	"BMPR1B"
"M1"	"MINT_Mouse"	"PIK3R1"
"M1"	"MINT_Mouse"	"CDA"
"M1"	"MINT_Mouse"	"GRIA2"
"M1"	"MINT_Mouse"	"FZD7"
"M1"	"MINT_Mouse"	"KIF5C"
"M1"	"MINT_Mouse"	"GABBR1"
"M1"	"MINT_Mouse"	"LAMA1"
"M1"	"MINT_Mouse"	"AKAP12"
"M1"	"MINT_Mouse"	"ADCYAP1R1"
"M1"	"MINT_Mouse"	"ACY3"
"M1"	"MINT_Mouse"	"GJC2"
"M1"	"StelzlHigh"	"MAPK10"
"M1"	"StelzlHigh"	"TRIB3"
"M1"	"StelzlHigh"	"SLC27A6"
"M1"	"StelzlHigh"	"AGR2"
"M1"	"StelzlHigh"	"TMPRSS3"
"M1"	"StelzlHigh"	"AKR1C3"
"M1"	"ShawnLi"	"PIK3R1"
"M1"	"ShawnLi"	"EFS"
"M1"	"ShawnLi"	"GRIN2D"
"M1"	"IntAct_Rat"	"MAPK15"
"M1"	"IntAct_Rat"	"MAPK10"
"M1"	"IntAct_Rat"	"PIK3R1"
"M1"	"IntAct_Rat"	"GRIA2"
"M1"	"IntAct_Rat"	"GRIK2"
"M1"	"IntAct_Rat"	"SHANK2"
"M1"	"IntAct_Rat"	"ID1"
"M1"	"IntAct_Rat"	"SV2A"
"M1"	"IntAct_Rat"	"INA"
"M1"	"IntAct_Rat"	"RHOV"
"M1"	"IntAct_Rat"	"GABBR1"
"M1"	"IntAct_Rat"	"SLC9A2"
"M1"	"IntAct_Rat"	"ADORA1"
"M1"	"IntAct_Rat"	"KCNJ5"
"M1"	"IntAct_Rat"	"CACNA2D2"
"M1"	"IntAct_Rat"	"MAP6"
"M1"	"IntAct_Rat"	"COBL"
"M1"	"JonesErbB1"	"ERBB4"
"M1"	"I2D-c_Fiona_HUMAN"	"PIK3R1"
"M1"	"I2D-c_Fiona_HUMAN"	"MUC1"
"M1"	"FlyHigh"	"ESRRG"
"M1"	"FlyHigh"	"CRYAB"
"M1"	"FlyHigh"	"LRRC6"
"M1"	"FlyHigh"	"HGD"
"M1"	"FlyHigh"	"TTC25"
"M1"	"FlyHigh"	"CFAP45"
"M1"	"FlyHigh"	"EFCAB1"
"M1"	"SOURAV_MAPK_HIGH"	"MAPK10"
"M1"	"SOURAV_MAPK_HIGH"	"S100A9"
"M1"	"DIP_Rat"	"PIK3R1"
"M1"	"DIP_Rat"	"GRIA2"
"M1"	"DIP_Rat"	"GRIK2"
"M1"	"DIP_Rat"	"FOSL1"
"M1"	"WangEScmplx"	"POU5F1"
"M1"	"Krogan_NonCore"	"GFPT2"
"M1"	"BIND_Worm"	"ALDOC"
"M1"	"BIND_Worm"	"CTSV"
"M1"	"BIND_Worm"	"HGD"
"M1"	"CORE_2"	"ALDOC"
"M1"	"CORE_2"	"HGD"
"M1"	"DIP_Worm"	"ALDOC"
"M1"	"DIP_Worm"	"HGD"
"M1"	"DIP_Worm"	"STRIP2"
"M1"	"MINT_Worm"	"ALDOC"
"M1"	"MINT_Worm"	"CTSV"
"M1"	"MINT_Worm"	"HGD"
"M1"	"SOURAV_MAPK_LOW"	"MAPK10"
"M1"	"I2D-c_Rat"	"ADORA1"
"M1"	"Nakahira_Septin"	"SEPT3"
"M1"	"BIND_Yeast"	"CDA"
"M1"	"MIPS"	"CDA"
"M1"	"Yu_GoldStd"	"CDA"
"M1"	"WranaHigh"	"BMPR1B"
"M1"	"StelzlLow"	"IL33"
"M1"	"StelzlLow"	"SEPT3"
"M1"	"StelzlLow"	"AKR1C3"
"M1"	"KIM_MYC"	"POU5F1"
"M1"	"KIM_MYC"	"TUBA4A"
"M1"	"Fawcett_polarity"	"MPP2"
"M1"	"NON_CORE"	"CTSV"
"M2"	"BioGrid"	"SMAD9"
"M2"	"BioGrid"	"CCDC8"
"M2"	"BioGrid"	"FABP3"
"M2"	"BioGrid"	"FAM107A"
"M2"	"BioGrid"	"BEX2"
"M2"	"BioGrid"	"OLFM2"
"M2"	"BioGrid"	"CREB3L1"
"M2"	"BioGrid"	"OSGIN1"
"M2"	"BioGrid"	"SORBS2"
"M2"	"BioGrid"	"THRB"
"M2"	"BioGrid"	"HOMER2"
"M2"	"BioGrid"	"ESR1"
"M2"	"BioGrid"	"SFN"
"M2"	"BioGrid"	"MLF1"
"M2"	"BioGrid"	"NKX3-1"
"M2"	"BioGrid"	"PPARG"
"M2"	"BioGrid"	"UCHL1"
"M2"	"BioGrid"	"TNNT1"
"M2"	"BioGrid"	"AR"
"M2"	"BioGrid"	"EPPK1"
"M2"	"BioGrid"	"VIM"
"M2"	"BioGrid"	"SULT2B1"
"M2"	"BioGrid"	"HNF4G"
"M2"	"BioGrid"	"RAB27B"
"M2"	"BioGrid"	"MLPH"
"M2"	"BioGrid"	"IHH"
"M2"	"BioGrid"	"APLP1"
"M2"	"BioGrid"	"MLH1"
"M2"	"BioGrid"	"BMP7"
"M2"	"BioGrid"	"CCNE1"
"M2"	"BioGrid"	"GDF5"
"M2"	"BioGrid"	"PCSK9"
"M2"	"BioGrid"	"MCC"
"M2"	"BioGrid"	"FAM189A2"
"M2"	"BioGrid"	"IRS2"
"M2"	"BioGrid"	"HP"
"M2"	"BioGrid"	"VIPR1"
"M2"	"BioGrid"	"CA9"
"M2"	"BioGrid"	"GLI3"
"M2"	"BioGrid"	"AMOT"
"M2"	"BioGrid"	"NR5A2"
"M2"	"BioGrid"	"PROX1"
"M2"	"BioGrid"	"AHNAK2"
"M2"	"BioGrid"	"RYR1"
"M2"	"BioGrid"	"FBLN1"
"M2"	"BioGrid"	"GPR37"
"M2"	"BioGrid"	"EPHB2"
"M2"	"BioGrid"	"EFNB3"
"M2"	"BioGrid"	"SRPK3"
"M2"	"BioGrid"	"NFIX"
"M2"	"BioGrid"	"AXIN2"
"M2"	"BioGrid"	"TNS4"
"M2"	"BioGrid"	"WIF1"
"M2"	"BioGrid"	"FBP1"
"M2"	"BioGrid"	"IGF2BP2"
"M2"	"BioGrid"	"PGR"
"M2"	"BioGrid"	"RAP1GAP"
"M2"	"BioGrid"	"L1CAM"
"M2"	"BioGrid"	"KRT15"
"M2"	"BioGrid"	"CXXC4"
"M2"	"BioGrid"	"CEBPA"
"M2"	"BioGrid"	"ATP6V1B1"
"M2"	"BioGrid"	"FGFR3"
"M2"	"BioGrid"	"NR6A1"
"M2"	"BioGrid"	"HS3ST1"
"M2"	"BioGrid"	"MAST1"
"M2"	"BioGrid"	"PTGS2"
"M2"	"BioGrid"	"KLF8"
"M2"	"BioGrid"	"PLXNB3"
"M2"	"BioGrid"	"CA8"
"M2"	"BioGrid"	"PHLDA1"
"M2"	"BioGrid"	"RASD1"
"M2"	"BioGrid"	"HMGA2"
"M2"	"BioGrid"	"HEY1"
"M2"	"BioGrid"	"FGFR4"
"M2"	"BioGrid"	"ZBTB7C"
"M2"	"BioGrid"	"OVOL1"
"M2"	"BioGrid"	"LEF1"
"M2"	"BioGrid"	"DUSP4"
"M2"	"BioGrid"	"CLDN1"
"M2"	"BioGrid"	"CA12"
"M2"	"BioGrid"	"GRIK5"
"M2"	"BioGrid"	"WASF1"
"M2"	"BioGrid"	"LMO3"
"M2"	"BioGrid"	"COL2A1"
"M2"	"BioGrid"	"STX19"
"M2"	"BioGrid"	"LOXL4"
"M2"	"BioGrid"	"RND2"
"M2"	"BioGrid"	"PRKAR2B"
"M2"	"BioGrid"	"NT5E"
"M2"	"BioGrid"	"COL17A1"
"M2"	"BioGrid"	"AQP5"
"M2"	"BioGrid"	"FXYD6"
"M2"	"BioGrid"	"NDUFA4L2"
"M2"	"BioGrid"	"KLC3"
"M2"	"BioGrid"	"KRT7"
"M2"	"BioGrid"	"ARHGAP29"
"M2"	"BioGrid"	"NBPF15"
"M2"	"BioGrid"	"ROR1"
"M2"	"BioGrid"	"TMEM37"
"M2"	"BioGrid"	"SNCG"
"M2"	"BioGrid"	"RHOF"
"M2"	"BioGrid"	"PRLR"
"M2"	"BioGrid"	"SHH"
"M2"	"BioGrid"	"RASGRF1"
"M2"	"BioGrid"	"RAB25"
"M2"	"BioGrid"	"SERPINA1"
"M2"	"BioGrid"	"CAND2"
"M2"	"BioGrid"	"TGM1"
"M2"	"BioGrid"	"PELI2"
"M2"	"BioGrid"	"IGF1"
"M2"	"BioGrid"	"SOX9"
"M2"	"BioGrid"	"SELENBP1"
"M2"	"BioGrid"	"BEND7"
"M2"	"BioGrid"	"GCNT3"
"M2"	"BioGrid"	"BCAM"
"M2"	"BioGrid"	"DYNC1I1"
"M2"	"BioGrid"	"EPM2AIP1"
"M2"	"BioGrid"	"ADGRL2"
"M2"	"BioGrid"	"MYCN"
"M2"	"BioGrid"	"ADCY5"
"M2"	"BioGrid"	"CXCL14"
"M2"	"BioGrid"	"PPP2R2C"
"M2"	"BioGrid"	"MARK1"
"M2"	"BioGrid"	"DNAJC12"
"M2"	"BioGrid"	"EFNA5"
"M2"	"BioGrid"	"GAD1"
"M2"	"BioGrid"	"AMH"
"M2"	"BioGrid"	"CEACAM1"
"M2"	"BioGrid"	"S100A4"
"M2"	"BioGrid"	"GRB14"
"M2"	"BioGrid"	"SERPINA5"
"M2"	"BioGrid"	"REN"
"M2"	"BioGrid"	"KLK6"
"M2"	"BioGrid"	"ACE2"
"M2"	"BioGrid"	"TRO"
"M2"	"BioGrid"	"GPX2"
"M2"	"BioGrid"	"FMOD"
"M2"	"BioGrid"	"NPR1"
"M2"	"BioGrid"	"C4BPA"
"M2"	"BioGrid"	"IGFBP2"
"M2"	"BioGrid"	"MUC5B"
"M2"	"BioGrid"	"RXFP1"
"M2"	"BioGrid"	"S100A1"
"M2"	"BioGrid"	"TXK"
"M2"	"BioGrid"	"ANG"
"M2"	"BioGrid"	"RASSF6"
"M2"	"BioGrid"	"PLA2G4A"
"M2"	"BioGrid"	"EYA2"
"M2"	"BioGrid"	"ADRA2A"
"M2"	"BioGrid"	"ANPEP"
"M2"	"BioGrid"	"FCHO1"
"M2"	"BioGrid"	"SCEL"
"M2"	"BioGrid"	"GJB1"
"M2"	"BioGrid"	"HPGD"
"M2"	"BioGrid"	"ADD2"
"M2"	"BioGrid"	"CEACAM6"
"M2"	"BioGrid"	"ARL4D"
"M2"	"BioGrid"	"FAM3B"
"M2"	"BioGrid"	"FGF12"
"M2"	"BioGrid"	"SPEG"
"M2"	"BioGrid"	"MPV17L"
"M2"	"BioGrid"	"PHYHD1"
"M2"	"BioGrid"	"PNMA8A"
"M2"	"BioGrid"	"PRR15"
"M2"	"BioGrid"	"ERMN"
"M2"	"BioGrid"	"RNF183"
"M2"	"BioGrid"	"MRAP2"
"M2"	"BioGrid"	"CITED4"
"M2"	"BioGrid"	"ASCL2"
"M2"	"BioGrid"	"MST1R"
"M2"	"BioGrid"	"MAL"
"M2"	"BioGrid"	"SLC5A1"
"M2"	"BioGrid"	"PTPN13"
"M2"	"BioGrid"	"EPHB6"
"M2"	"BioGrid"	"FBXO27"
"M2"	"BioGrid"	"GPC4"
"M2"	"BioGrid"	"SUSD2"
"M2"	"BioGrid"	"GSTM2"
"M2"	"BioGrid"	"MYH7B"
"M2"	"BioGrid"	"TNNI3"
"M2"	"BioGrid"	"MSX2"
"M2"	"BioGrid"	"RNF39"
"M2"	"BioGrid"	"TRIM36"
"M2"	"BioGrid"	"SPDEF"
"M2"	"BioGrid"	"FOLH1"
"M2"	"BioGrid"	"CCL20"
"M2"	"BioGrid"	"MGST1"
"M2"	"BioGrid"	"CYP2D6"
"M2"	"BioGrid"	"GLDC"
"M2"	"BioGrid"	"BASP1"
"M2"	"BioGrid"	"DTNA"
"M2"	"BioGrid"	"EHF"
"M2"	"BioGrid"	"NECTIN3"
"M2"	"BioGrid"	"S100P"
"M2"	"BioGrid"	"DLX5"
"M2"	"BioGrid"	"MYRIP"
"M2"	"BioGrid"	"KCNIP3"
"M2"	"BioGrid"	"NPAS3"
"M2"	"BioGrid"	"APOL4"
"M2"	"BioGrid"	"GGT1"
"M2"	"BioGrid"	"TESC"
"M2"	"BioGrid"	"FOXA2"
"M2"	"BioGrid"	"GPX3"
"M2"	"BioGrid"	"IGF2BP3"
"M2"	"BioGrid"	"CYP2J2"
"M2"	"BioGrid"	"FAIM2"
"M2"	"BioGrid"	"GJB2"
"M2"	"BioGrid"	"EPHA7"
"M2"	"BioGrid"	"CRABP2"
"M2"	"BioGrid"	"SLC1A2"
"M2"	"BioGrid"	"ALCAM"
"M2"	"BioGrid"	"PDE4C"
"M2"	"BioGrid"	"CHST1"
"M2"	"BioGrid"	"MAGEE1"
"M2"	"BioGrid"	"PLPP2"
"M2"	"BioGrid"	"KCNN4"
"M2"	"BioGrid"	"PLAG1"
"M2"	"BioGrid"	"SALL1"
"M2"	"BioGrid"	"CDH6"
"M2"	"BioGrid"	"ZNF572"
"M2"	"BioGrid"	"SLC6A20"
"M2"	"BioGrid"	"CCNJL"
"M2"	"BioGrid"	"REEP6"
"M2"	"BioGrid"	"DNAJC15"
"M2"	"BioGrid"	"PPP1R1B"
"M2"	"BioGrid"	"PDZRN3"
"M2"	"BioGrid"	"FBXO17"
"M2"	"BioGrid"	"G0S2"
"M2"	"BioGrid"	"ARSE"
"M2"	"BioGrid"	"CPNE7"
"M2"	"BioGrid"	"GDF15"
"M2"	"BioGrid"	"ROBO3"
"M2"	"BioGrid"	"BEX5"
"M2"	"BioGrid"	"SYT13"
"M2"	"BioGrid"	"ENTPD3"
"M2"	"BioGrid"	"ARSJ"
"M2"	"BioGrid"	"ARMCX1"
"M2"	"BioGrid"	"EGFL6"
"M2"	"BioGrid"	"KCTD14"
"M2"	"BioGrid"	"LRRN2"
"M2"	"BioGrid"	"COLGALT2"
"M2"	"BioGrid"	"CPNE8"
"M2"	"IntAct"	"SMAD9"
"M2"	"IntAct"	"FABP3"
"M2"	"IntAct"	"FAM107A"
"M2"	"IntAct"	"BEX2"
"M2"	"IntAct"	"OLFM2"
"M2"	"IntAct"	"CREB3L1"
"M2"	"IntAct"	"BCL2L15"
"M2"	"IntAct"	"OSGIN1"
"M2"	"IntAct"	"SORBS2"
"M2"	"IntAct"	"THRB"
"M2"	"IntAct"	"HOMER2"
"M2"	"IntAct"	"ESR1"
"M2"	"IntAct"	"SFN"
"M2"	"IntAct"	"MLF1"
"M2"	"IntAct"	"PPARG"
"M2"	"IntAct"	"UCHL1"
"M2"	"IntAct"	"TNNT1"
"M2"	"IntAct"	"AR"
"M2"	"IntAct"	"EPPK1"
"M2"	"IntAct"	"PIGR"
"M2"	"IntAct"	"WNT7A"
"M2"	"IntAct"	"VIM"
"M2"	"IntAct"	"SULT2B1"
"M2"	"IntAct"	"FBN3"
"M2"	"IntAct"	"RAB27B"
"M2"	"IntAct"	"MLPH"
"M2"	"IntAct"	"IHH"
"M2"	"IntAct"	"APLP1"
"M2"	"IntAct"	"MLH1"
"M2"	"IntAct"	"BMP7"
"M2"	"IntAct"	"CCNE1"
"M2"	"IntAct"	"GDF5"
"M2"	"IntAct"	"PCSK9"
"M2"	"IntAct"	"MCC"
"M2"	"IntAct"	"PIP5K1B"
"M2"	"IntAct"	"FAM189A2"
"M2"	"IntAct"	"IRS2"
"M2"	"IntAct"	"HP"
"M2"	"IntAct"	"VIPR1"
"M2"	"IntAct"	"GLI3"
"M2"	"IntAct"	"AMOT"
"M2"	"IntAct"	"NR5A2"
"M2"	"IntAct"	"PROX1"
"M2"	"IntAct"	"RYR1"
"M2"	"IntAct"	"FBLN1"
"M2"	"IntAct"	"EPHB2"
"M2"	"IntAct"	"EFNB3"
"M2"	"IntAct"	"SRPK3"
"M2"	"IntAct"	"NFIX"
"M2"	"IntAct"	"AXIN2"
"M2"	"IntAct"	"TNS4"
"M2"	"IntAct"	"FBP1"
"M2"	"IntAct"	"TACSTD2"
"M2"	"IntAct"	"PGR"
"M2"	"IntAct"	"RAP1GAP"
"M2"	"IntAct"	"KRT15"
"M2"	"IntAct"	"BAMBI"
"M2"	"IntAct"	"CEBPA"
"M2"	"IntAct"	"ATP6V1B1"
"M2"	"IntAct"	"FGFR3"
"M2"	"IntAct"	"NR6A1"
"M2"	"IntAct"	"MAST1"
"M2"	"IntAct"	"SCGB3A1"
"M2"	"IntAct"	"PLXNB3"
"M2"	"IntAct"	"CA8"
"M2"	"IntAct"	"PHLDA1"
"M2"	"IntAct"	"RASD1"
"M2"	"IntAct"	"HMGA2"
"M2"	"IntAct"	"HEY1"
"M2"	"IntAct"	"FGFR4"
"M2"	"IntAct"	"OVOL1"
"M2"	"IntAct"	"LEF1"
"M2"	"IntAct"	"DUSP4"
"M2"	"IntAct"	"CLDN1"
"M2"	"IntAct"	"CA12"
"M2"	"IntAct"	"GRIK5"
"M2"	"IntAct"	"WASF1"
"M2"	"IntAct"	"LMO3"
"M2"	"IntAct"	"COL2A1"
"M2"	"IntAct"	"STX19"
"M2"	"IntAct"	"LOXL4"
"M2"	"IntAct"	"GREB1"
"M2"	"IntAct"	"PRKAR2B"
"M2"	"IntAct"	"AQP5"
"M2"	"IntAct"	"FXYD6"
"M2"	"IntAct"	"NDUFA4L2"
"M2"	"IntAct"	"KLC3"
"M2"	"IntAct"	"KRT7"
"M2"	"IntAct"	"ARHGAP29"
"M2"	"IntAct"	"ROR1"
"M2"	"IntAct"	"TMEM37"
"M2"	"IntAct"	"SNCG"
"M2"	"IntAct"	"RHOF"
"M2"	"IntAct"	"PRLR"
"M2"	"IntAct"	"RASGRF1"
"M2"	"IntAct"	"CEMIP"
"M2"	"IntAct"	"PAPLN"
"M2"	"IntAct"	"RAB25"
"M2"	"IntAct"	"SERPINA1"
"M2"	"IntAct"	"TGM1"
"M2"	"IntAct"	"PELI2"
"M2"	"IntAct"	"IGF1"
"M2"	"IntAct"	"SELENBP1"
"M2"	"IntAct"	"BEND7"
"M2"	"IntAct"	"GCNT3"
"M2"	"IntAct"	"DYNC1I1"
"M2"	"IntAct"	"EPM2AIP1"
"M2"	"IntAct"	"CMBL"
"M2"	"IntAct"	"ADGRL2"
"M2"	"IntAct"	"MYCN"
"M2"	"IntAct"	"CXCL14"
"M2"	"IntAct"	"COL23A1"
"M2"	"IntAct"	"PPP2R2C"
"M2"	"IntAct"	"MARK1"
"M2"	"IntAct"	"DNAJC12"
"M2"	"IntAct"	"EFNA5"
"M2"	"IntAct"	"ASRGL1"
"M2"	"IntAct"	"NBEA"
"M2"	"IntAct"	"GAD1"
"M2"	"IntAct"	"AMH"
"M2"	"IntAct"	"CEACAM1"
"M2"	"IntAct"	"S100A4"
"M2"	"IntAct"	"GRB14"
"M2"	"IntAct"	"SERPINA5"
"M2"	"IntAct"	"TFPI2"
"M2"	"IntAct"	"REN"
"M2"	"IntAct"	"KLK6"
"M2"	"IntAct"	"ACE2"
"M2"	"IntAct"	"TRO"
"M2"	"IntAct"	"GPX2"
"M2"	"IntAct"	"UST"
"M2"	"IntAct"	"NPR1"
"M2"	"IntAct"	"C4BPA"
"M2"	"IntAct"	"IGFBP2"
"M2"	"IntAct"	"RXFP1"
"M2"	"IntAct"	"S100A1"
"M2"	"IntAct"	"TXK"
"M2"	"IntAct"	"ANG"
"M2"	"IntAct"	"RASSF6"
"M2"	"IntAct"	"PALM3"
"M2"	"IntAct"	"PLA2G4A"
"M2"	"IntAct"	"EYA2"
"M2"	"IntAct"	"ADRA2A"
"M2"	"IntAct"	"ANPEP"
"M2"	"IntAct"	"FCHO1"
"M2"	"IntAct"	"SCEL"
"M2"	"IntAct"	"CEACAM6"
"M2"	"IntAct"	"ARL4D"
"M2"	"IntAct"	"FGF12"
"M2"	"IntAct"	"SPEG"
"M2"	"IntAct"	"ERMN"
"M2"	"IntAct"	"RNF183"
"M2"	"IntAct"	"MRAP2"
"M2"	"IntAct"	"CHL1"
"M2"	"IntAct"	"CENPV"
"M2"	"IntAct"	"MST1R"
"M2"	"IntAct"	"MAL"
"M2"	"IntAct"	"PTPN13"
"M2"	"IntAct"	"EPHB6"
"M2"	"IntAct"	"DLX6"
"M2"	"IntAct"	"FBXO27"
"M2"	"IntAct"	"KCNG1"
"M2"	"IntAct"	"DEFB1"
"M2"	"IntAct"	"ANKRD35"
"M2"	"IntAct"	"MYH7B"
"M2"	"IntAct"	"TNNI3"
"M2"	"IntAct"	"MSX2"
"M2"	"IntAct"	"TRIM36"
"M2"	"IntAct"	"FOLH1"
"M2"	"IntAct"	"CCL20"
"M2"	"IntAct"	"MGST1"
"M2"	"IntAct"	"BASP1"
"M2"	"IntAct"	"DTNA"
"M2"	"IntAct"	"EHF"
"M2"	"IntAct"	"NACAD"
"M2"	"IntAct"	"NECTIN3"
"M2"	"IntAct"	"S100P"
"M2"	"IntAct"	"MYRIP"
"M2"	"IntAct"	"PCSK1N"
"M2"	"IntAct"	"PKIA"
"M2"	"IntAct"	"DOCK5"
"M2"	"IntAct"	"APOL4"
"M2"	"IntAct"	"TESC"
"M2"	"IntAct"	"ZNF135"
"M2"	"IntAct"	"COL26A1"
"M2"	"IntAct"	"IGF2BP3"
"M2"	"IntAct"	"RORC"
"M2"	"IntAct"	"CYP2J2"
"M2"	"IntAct"	"FAIM2"
"M2"	"IntAct"	"EPHA7"
"M2"	"IntAct"	"CRABP2"
"M2"	"IntAct"	"SLC1A2"
"M2"	"IntAct"	"ALCAM"
"M2"	"IntAct"	"SERTAD4"
"M2"	"IntAct"	"LRFN1"
"M2"	"IntAct"	"CHST1"
"M2"	"IntAct"	"INAVA"
"M2"	"IntAct"	"SOX17"
"M2"	"IntAct"	"SUSD4"
"M2"	"IntAct"	"PALM"
"M2"	"IntAct"	"MAGEE1"
"M2"	"IntAct"	"PLPP2"
"M2"	"IntAct"	"ITM2C"
"M2"	"IntAct"	"PLAG1"
"M2"	"IntAct"	"ZNF750"
"M2"	"IntAct"	"ZNF572"
"M2"	"IntAct"	"CCNJL"
"M2"	"IntAct"	"REEP6"
"M2"	"IntAct"	"DDIT4L"
"M2"	"IntAct"	"SRSF12"
"M2"	"IntAct"	"RPL39L"
"M2"	"IntAct"	"ALKBH3"
"M2"	"IntAct"	"TSPAN12"
"M2"	"IntAct"	"HENMT1"
"M2"	"IntAct"	"CPNE7"
"M2"	"IntAct"	"CPVL"
"M2"	"IntAct"	"GDF15"
"M2"	"IntAct"	"ZNF667"
"M2"	"IntAct"	"BEX5"
"M2"	"IntAct"	"ARSJ"
"M2"	"IntAct"	"PLEKHS1"
"M2"	"IntAct"	"HSPA12A"
"M2"	"IntAct"	"ARMCX1"
"M2"	"IntAct"	"ATP2C2"
"M2"	"IntAct"	"FLRT3"
"M2"	"IntAct"	"EGFL6"
"M2"	"IntAct"	"KCTD14"
"M2"	"IntAct"	"C4orf19"
"M2"	"IntAct"	"RNLS"
"M2"	"IntAct"	"FZD10"
"M2"	"IntAct"	"TMC5"
"M2"	"MINT"	"SMAD9"
"M2"	"MINT"	"FABP3"
"M2"	"MINT"	"FAM107A"
"M2"	"MINT"	"OLFM2"
"M2"	"MINT"	"CREB3L1"
"M2"	"MINT"	"SORBS2"
"M2"	"MINT"	"THRB"
"M2"	"MINT"	"ESR1"
"M2"	"MINT"	"SFN"
"M2"	"MINT"	"MLF1"
"M2"	"MINT"	"TNNT1"
"M2"	"MINT"	"AR"
"M2"	"MINT"	"VIM"
"M2"	"MINT"	"SULT2B1"
"M2"	"MINT"	"MLPH"
"M2"	"MINT"	"APLP1"
"M2"	"MINT"	"MLH1"
"M2"	"MINT"	"BMP7"
"M2"	"MINT"	"CCNE1"
"M2"	"MINT"	"MCC"
"M2"	"MINT"	"FAM189A2"
"M2"	"MINT"	"IRS2"
"M2"	"MINT"	"HP"
"M2"	"MINT"	"VIPR1"
"M2"	"MINT"	"GLI3"
"M2"	"MINT"	"PROX1"
"M2"	"MINT"	"RYR1"
"M2"	"MINT"	"AXIN2"
"M2"	"MINT"	"TNS4"
"M2"	"MINT"	"WIF1"
"M2"	"MINT"	"FBP1"
"M2"	"MINT"	"PGR"
"M2"	"MINT"	"RAP1GAP"
"M2"	"MINT"	"L1CAM"
"M2"	"MINT"	"KRT15"
"M2"	"MINT"	"FGFR3"
"M2"	"MINT"	"CA8"
"M2"	"MINT"	"PHLDA1"
"M2"	"MINT"	"DUSP4"
"M2"	"MINT"	"CLDN1"
"M2"	"MINT"	"WASF1"
"M2"	"MINT"	"COL2A1"
"M2"	"MINT"	"AQP5"
"M2"	"MINT"	"FXYD6"
"M2"	"MINT"	"ACSL5"
"M2"	"MINT"	"NDUFA4L2"
"M2"	"MINT"	"KRT7"
"M2"	"MINT"	"PRLR"
"M2"	"MINT"	"RASGRF1"
"M2"	"MINT"	"SERPINA1"
"M2"	"MINT"	"SELENBP1"
"M2"	"MINT"	"DYNC1I1"
"M2"	"MINT"	"MYCN"
"M2"	"MINT"	"EFNA5"
"M2"	"MINT"	"NBEA"
"M2"	"MINT"	"GAD1"
"M2"	"MINT"	"CEACAM1"
"M2"	"MINT"	"S100A4"
"M2"	"MINT"	"SERPINA5"
"M2"	"MINT"	"RXFP1"
"M2"	"MINT"	"S100A1"
"M2"	"MINT"	"TXK"
"M2"	"MINT"	"EYA2"
"M2"	"MINT"	"ANPEP"
"M2"	"MINT"	"SCEL"
"M2"	"MINT"	"ARL4D"
"M2"	"MINT"	"MST1R"
"M2"	"MINT"	"PTPN13"
"M2"	"MINT"	"EPHB6"
"M2"	"MINT"	"DTNA"
"M2"	"MINT"	"MYRIP"
"M2"	"MINT"	"KCNIP3"
"M2"	"MINT"	"PKIA"
"M2"	"MINT"	"TESC"
"M2"	"MINT"	"PLPP2"
"M2"	"MINT"	"PPP1R1B"
"M2"	"MINT"	"ARSE"
"M2"	"MINT"	"ATP6V1C2"
"M2"	"MINT"	"EGFL6"
"M2"	"BioGrid_Fly"	"SPON1"
"M2"	"BioGrid_Fly"	"HOMER2"
"M2"	"BioGrid_Fly"	"MLH1"
"M2"	"BioGrid_Fly"	"BMP7"
"M2"	"BioGrid_Fly"	"CCNE1"
"M2"	"BioGrid_Fly"	"FA2H"
"M2"	"BioGrid_Fly"	"ABCC3"
"M2"	"BioGrid_Fly"	"FGFR3"
"M2"	"BioGrid_Fly"	"SHH"
"M2"	"BioGrid_Fly"	"PAPLN"
"M2"	"BioGrid_Fly"	"PELI2"
"M2"	"BioGrid_Fly"	"ADCY5"
"M2"	"BioGrid_Fly"	"DNAJC12"
"M2"	"BioGrid_Fly"	"GAD1"
"M2"	"BioGrid_Fly"	"MMP17"
"M2"	"BioGrid_Fly"	"RXFP1"
"M2"	"BioGrid_Fly"	"PHYHD1"
"M2"	"BioGrid_Fly"	"ADCY1"
"M2"	"MINT_Fly"	"HOMER2"
"M2"	"MINT_Fly"	"CCNE1"
"M2"	"MINT_Fly"	"PAPLN"
"M2"	"MINT_Fly"	"PELI2"
"M2"	"MINT_Fly"	"DNAJC12"
"M2"	"MINT_Fly"	"SLCO5A1"
"M2"	"MINT_Fly"	"ANO1"
"M2"	"HPRD"	"SMAD9"
"M2"	"HPRD"	"FABP3"
"M2"	"HPRD"	"FAM107A"
"M2"	"HPRD"	"BEX2"
"M2"	"HPRD"	"OLFM2"
"M2"	"HPRD"	"CREB3L1"
"M2"	"HPRD"	"SORBS2"
"M2"	"HPRD"	"THRB"
"M2"	"HPRD"	"SPON1"
"M2"	"HPRD"	"HOMER2"
"M2"	"HPRD"	"ESR1"
"M2"	"HPRD"	"SFN"
"M2"	"HPRD"	"MLF1"
"M2"	"HPRD"	"NKX3-1"
"M2"	"HPRD"	"PPARG"
"M2"	"HPRD"	"UCHL1"
"M2"	"HPRD"	"TNNT1"
"M2"	"HPRD"	"AR"
"M2"	"HPRD"	"PIGR"
"M2"	"HPRD"	"WNT7A"
"M2"	"HPRD"	"VIM"
"M2"	"HPRD"	"SULT2B1"
"M2"	"HPRD"	"HNF4G"
"M2"	"HPRD"	"RAB27B"
"M2"	"HPRD"	"MLPH"
"M2"	"HPRD"	"IHH"
"M2"	"HPRD"	"APLP1"
"M2"	"HPRD"	"MLH1"
"M2"	"HPRD"	"BMP7"
"M2"	"HPRD"	"CCNE1"
"M2"	"HPRD"	"PCSK9"
"M2"	"HPRD"	"MCC"
"M2"	"HPRD"	"IRS2"
"M2"	"HPRD"	"HP"
"M2"	"HPRD"	"VIPR1"
"M2"	"HPRD"	"CA9"
"M2"	"HPRD"	"AMOT"
"M2"	"HPRD"	"NR5A2"
"M2"	"HPRD"	"PROX1"
"M2"	"HPRD"	"RYR1"
"M2"	"HPRD"	"FBLN1"
"M2"	"HPRD"	"GPR37"
"M2"	"HPRD"	"EPHB2"
"M2"	"HPRD"	"EFNB3"
"M2"	"HPRD"	"NFIX"
"M2"	"HPRD"	"AXIN2"
"M2"	"HPRD"	"FBP1"
"M2"	"HPRD"	"PGR"
"M2"	"HPRD"	"RAP1GAP"
"M2"	"HPRD"	"L1CAM"
"M2"	"HPRD"	"KRT15"
"M2"	"HPRD"	"BAMBI"
"M2"	"HPRD"	"CEBPA"
"M2"	"HPRD"	"FGFR3"
"M2"	"HPRD"	"NR6A1"
"M2"	"HPRD"	"MAST1"
"M2"	"HPRD"	"PTGS2"
"M2"	"HPRD"	"AQP3"
"M2"	"HPRD"	"SCGB3A1"
"M2"	"HPRD"	"PLXNB3"
"M2"	"HPRD"	"CA8"
"M2"	"HPRD"	"PHLDA1"
"M2"	"HPRD"	"RASD1"
"M2"	"HPRD"	"HMGA2"
"M2"	"HPRD"	"CPXM2"
"M2"	"HPRD"	"HEY1"
"M2"	"HPRD"	"FGFR4"
"M2"	"HPRD"	"LEF1"
"M2"	"HPRD"	"DUSP4"
"M2"	"HPRD"	"CLDN1"
"M2"	"HPRD"	"CA12"
"M2"	"HPRD"	"GRIK5"
"M2"	"HPRD"	"WASF1"
"M2"	"HPRD"	"LMO3"
"M2"	"HPRD"	"COL2A1"
"M2"	"HPRD"	"LOXL4"
"M2"	"HPRD"	"PRKAR2B"
"M2"	"HPRD"	"NT5E"
"M2"	"HPRD"	"COL17A1"
"M2"	"HPRD"	"AQP5"
"M2"	"HPRD"	"FXYD6"
"M2"	"HPRD"	"NDUFA4L2"
"M2"	"HPRD"	"KLC3"
"M2"	"HPRD"	"KRT7"
"M2"	"HPRD"	"ARHGAP29"
"M2"	"HPRD"	"SNCG"
"M2"	"HPRD"	"PRLR"
"M2"	"HPRD"	"TUB"
"M2"	"HPRD"	"SHH"
"M2"	"HPRD"	"CEMIP"
"M2"	"HPRD"	"RAB25"
"M2"	"HPRD"	"SERPINA1"
"M2"	"HPRD"	"CAND2"
"M2"	"HPRD"	"TGM1"
"M2"	"HPRD"	"PELI2"
"M2"	"HPRD"	"IGF1"
"M2"	"HPRD"	"SOX9"
"M2"	"HPRD"	"SELENBP1"
"M2"	"HPRD"	"UPK3B"
"M2"	"HPRD"	"BEND7"
"M2"	"HPRD"	"BCAM"
"M2"	"HPRD"	"DYNC1I1"
"M2"	"HPRD"	"EPM2AIP1"
"M2"	"HPRD"	"ADGRL2"
"M2"	"HPRD"	"MYCN"
"M2"	"HPRD"	"ADCY5"
"M2"	"HPRD"	"COL23A1"
"M2"	"HPRD"	"MARK1"
"M2"	"HPRD"	"EFNA5"
"M2"	"HPRD"	"NBEA"
"M2"	"HPRD"	"GAD1"
"M2"	"HPRD"	"AMH"
"M2"	"HPRD"	"CEACAM1"
"M2"	"HPRD"	"S100A4"
"M2"	"HPRD"	"GRB14"
"M2"	"HPRD"	"SERPINA5"
"M2"	"HPRD"	"TFPI2"
"M2"	"HPRD"	"REN"
"M2"	"HPRD"	"KLK6"
"M2"	"HPRD"	"ACE2"
"M2"	"HPRD"	"C5AR2"
"M2"	"HPRD"	"TRO"
"M2"	"HPRD"	"GPX2"
"M2"	"HPRD"	"FMOD"
"M2"	"HPRD"	"NPR1"
"M2"	"HPRD"	"MMP17"
"M2"	"HPRD"	"C4BPA"
"M2"	"HPRD"	"RXFP1"
"M2"	"HPRD"	"MUC6"
"M2"	"HPRD"	"S100A1"
"M2"	"HPRD"	"TXK"
"M2"	"HPRD"	"ANG"
"M2"	"HPRD"	"PLA2G4A"
"M2"	"HPRD"	"ADRA2A"
"M2"	"HPRD"	"ANPEP"
"M2"	"HPRD"	"FCHO1"
"M2"	"HPRD"	"SCEL"
"M2"	"HPRD"	"GJB1"
"M2"	"HPRD"	"ADD2"
"M2"	"HPRD"	"ARL4D"
"M2"	"HPRD"	"CITED4"
"M2"	"HPRD"	"ASCL2"
"M2"	"HPRD"	"SPINK5"
"M2"	"HPRD"	"MST1R"
"M2"	"HPRD"	"SLC5A1"
"M2"	"HPRD"	"PTPN13"
"M2"	"HPRD"	"ADM"
"M2"	"HPRD"	"DEFB1"
"M2"	"HPRD"	"GPC4"
"M2"	"HPRD"	"GSTM2"
"M2"	"HPRD"	"TNNI3"
"M2"	"HPRD"	"MSX2"
"M2"	"HPRD"	"SPDEF"
"M2"	"HPRD"	"CCL20"
"M2"	"HPRD"	"MGST1"
"M2"	"HPRD"	"GLDC"
"M2"	"HPRD"	"DTNA"
"M2"	"HPRD"	"NECTIN3"
"M2"	"HPRD"	"S100P"
"M2"	"HPRD"	"DLX5"
"M2"	"HPRD"	"MYRIP"
"M2"	"HPRD"	"KCNIP3"
"M2"	"HPRD"	"PKIA"
"M2"	"HPRD"	"GGT1"
"M2"	"HPRD"	"COL26A1"
"M2"	"HPRD"	"FOXA2"
"M2"	"HPRD"	"PRIMA1"
"M2"	"HPRD"	"RORC"
"M2"	"HPRD"	"FAIM2"
"M2"	"HPRD"	"CPAMD8"
"M2"	"HPRD"	"EPHA7"
"M2"	"HPRD"	"CRABP2"
"M2"	"HPRD"	"SLC1A2"
"M2"	"HPRD"	"ALCAM"
"M2"	"HPRD"	"LRFN1"
"M2"	"HPRD"	"SOX17"
"M2"	"HPRD"	"PLPP2"
"M2"	"HPRD"	"ITM2C"
"M2"	"HPRD"	"NPTXR"
"M2"	"HPRD"	"GATM"
"M2"	"HPRD"	"KCNN4"
"M2"	"HPRD"	"PLAG1"
"M2"	"HPRD"	"SALL1"
"M2"	"HPRD"	"CDH6"
"M2"	"HPRD"	"STXBP6"
"M2"	"HPRD"	"PPP1R1B"
"M2"	"HPRD"	"PDZRN3"
"M2"	"HPRD"	"FBXO17"
"M2"	"HPRD"	"ARSE"
"M2"	"HPRD"	"ADCY1"
"M2"	"HPRD"	"CPNE7"
"M2"	"HPRD"	"CAMK2N1"
"M2"	"HPRD"	"SCGB1D2"
"M2"	"HPRD"	"SLC7A11"
"M2"	"HPRD"	"GDF15"
"M2"	"HPRD"	"SYT13"
"M2"	"VidalHuman_core"	"FAM107A"
"M2"	"VidalHuman_core"	"SFN"
"M2"	"VidalHuman_core"	"TNNT1"
"M2"	"VidalHuman_core"	"VIM"
"M2"	"VidalHuman_core"	"MLH1"
"M2"	"VidalHuman_core"	"FAM189A2"
"M2"	"VidalHuman_core"	"FBP1"
"M2"	"VidalHuman_core"	"KRT15"
"M2"	"VidalHuman_core"	"PHLDA1"
"M2"	"VidalHuman_core"	"LMO3"
"M2"	"VidalHuman_core"	"AQP5"
"M2"	"VidalHuman_core"	"SELENBP1"
"M2"	"VidalHuman_core"	"DYNC1I1"
"M2"	"VidalHuman_core"	"GAD1"
"M2"	"VidalHuman_core"	"S100A1"
"M2"	"VidalHuman_core"	"EYA2"
"M2"	"VidalHuman_core"	"KCNIP3"
"M2"	"VidalHuman_core"	"TESC"
"M2"	"IntAct_Mouse"	"THRB"
"M2"	"IntAct_Mouse"	"SFN"
"M2"	"IntAct_Mouse"	"MLF1"
"M2"	"IntAct_Mouse"	"PPARG"
"M2"	"IntAct_Mouse"	"UCHL1"
"M2"	"IntAct_Mouse"	"VIM"
"M2"	"IntAct_Mouse"	"SULT2B1"
"M2"	"IntAct_Mouse"	"APLP1"
"M2"	"IntAct_Mouse"	"FMO5"
"M2"	"IntAct_Mouse"	"IRS2"
"M2"	"IntAct_Mouse"	"RYR1"
"M2"	"IntAct_Mouse"	"EFNB3"
"M2"	"IntAct_Mouse"	"AXIN2"
"M2"	"IntAct_Mouse"	"FBP1"
"M2"	"IntAct_Mouse"	"PTGS2"
"M2"	"IntAct_Mouse"	"PLXNB3"
"M2"	"IntAct_Mouse"	"RASD1"
"M2"	"IntAct_Mouse"	"LEF1"
"M2"	"IntAct_Mouse"	"CLDN1"
"M2"	"IntAct_Mouse"	"WASF1"
"M2"	"IntAct_Mouse"	"COL2A1"
"M2"	"IntAct_Mouse"	"PRKAR2B"
"M2"	"IntAct_Mouse"	"KRT7"
"M2"	"IntAct_Mouse"	"PRLR"
"M2"	"IntAct_Mouse"	"RAB25"
"M2"	"IntAct_Mouse"	"DYNC1I1"
"M2"	"IntAct_Mouse"	"EFNA5"
"M2"	"IntAct_Mouse"	"S100A4"
"M2"	"IntAct_Mouse"	"SERPINA5"
"M2"	"IntAct_Mouse"	"C5AR2"
"M2"	"IntAct_Mouse"	"S100A1"
"M2"	"IntAct_Mouse"	"EYA2"
"M2"	"IntAct_Mouse"	"ANPEP"
"M2"	"IntAct_Mouse"	"CHL1"
"M2"	"IntAct_Mouse"	"PTPN13"
"M2"	"IntAct_Mouse"	"TNNI3"
"M2"	"IntAct_Mouse"	"MSX2"
"M2"	"IntAct_Mouse"	"DTNA"
"M2"	"IntAct_Mouse"	"DLX5"
"M2"	"IntAct_Mouse"	"FOXA2"
"M2"	"IntAct_Mouse"	"GJB2"
"M2"	"IntAct_Mouse"	"LRFN1"
"M2"	"IntAct_Mouse"	"SLC17A9"
"M2"	"I2D-c_Fiona_HUMAN"	"FABP3"
"M2"	"I2D-c_Fiona_HUMAN"	"ESR1"
"M2"	"I2D-c_Fiona_HUMAN"	"AR"
"M2"	"I2D-c_Fiona_HUMAN"	"VIM"
"M2"	"BIND"	"SMAD9"
"M2"	"BIND"	"CREB3L1"
"M2"	"BIND"	"SORBS2"
"M2"	"BIND"	"THRB"
"M2"	"BIND"	"ESR1"
"M2"	"BIND"	"SFN"
"M2"	"BIND"	"MLF1"
"M2"	"BIND"	"PPARG"
"M2"	"BIND"	"AR"
"M2"	"BIND"	"PIGR"
"M2"	"BIND"	"VIM"
"M2"	"BIND"	"HNF4G"
"M2"	"BIND"	"RAB27B"
"M2"	"BIND"	"APLP1"
"M2"	"BIND"	"MLH1"
"M2"	"BIND"	"CCNE1"
"M2"	"BIND"	"MCC"
"M2"	"BIND"	"NR5A2"
"M2"	"BIND"	"EPHB2"
"M2"	"BIND"	"FBP1"
"M2"	"BIND"	"PGR"
"M2"	"BIND"	"RAP1GAP"
"M2"	"BIND"	"L1CAM"
"M2"	"BIND"	"CEBPA"
"M2"	"BIND"	"FGFR3"
"M2"	"BIND"	"PTGS2"
"M2"	"BIND"	"PLXNB3"
"M2"	"BIND"	"LEF1"
"M2"	"BIND"	"CA12"
"M2"	"BIND"	"WASF1"
"M2"	"BIND"	"PRLR"
"M2"	"BIND"	"SERPINA1"
"M2"	"BIND"	"TGM1"
"M2"	"BIND"	"EFNA5"
"M2"	"BIND"	"S100A4"
"M2"	"BIND"	"GRB14"
"M2"	"BIND"	"REN"
"M2"	"BIND"	"S100A1"
"M2"	"BIND"	"ANG"
"M2"	"BIND"	"ADRA2A"
"M2"	"BIND"	"EPHB6"
"M2"	"BIND"	"F3"
"M2"	"BIND"	"GSTM2"
"M2"	"BIND"	"TNNI3"
"M2"	"BIND"	"CYP2D6"
"M2"	"BIND"	"S100P"
"M2"	"BIND"	"EPHA7"
"M2"	"BIND"	"CRABP2"
"M2"	"BIND"	"SLC1A2"
"M2"	"BIND"	"PDE4C"
"M2"	"BIND"	"SALL1"
"M2"	"BIND"	"TFF3"
"M2"	"MINT_Mouse"	"THRB"
"M2"	"MINT_Mouse"	"MLF1"
"M2"	"MINT_Mouse"	"CCNE1"
"M2"	"MINT_Mouse"	"PIP5K1B"
"M2"	"MINT_Mouse"	"IRS2"
"M2"	"MINT_Mouse"	"EFNB3"
"M2"	"MINT_Mouse"	"CEBPA"
"M2"	"MINT_Mouse"	"CLDN1"
"M2"	"MINT_Mouse"	"WASF1"
"M2"	"MINT_Mouse"	"LOXL4"
"M2"	"MINT_Mouse"	"PRLR"
"M2"	"MINT_Mouse"	"RASGRF1"
"M2"	"MINT_Mouse"	"IGF1"
"M2"	"MINT_Mouse"	"DYNC1I1"
"M2"	"MINT_Mouse"	"ADD2"
"M2"	"MINT_Mouse"	"CHL1"
"M2"	"MINT_Mouse"	"PTPN13"
"M2"	"MINT_Mouse"	"SLC52A3"
"M2"	"MGI"	"AR"
"M2"	"MGI"	"WNT7A"
"M2"	"MGI"	"MLPH"
"M2"	"MGI"	"IHH"
"M2"	"MGI"	"APLP1"
"M2"	"MGI"	"BMP7"
"M2"	"MGI"	"GDF5"
"M2"	"MGI"	"AXIN2"
"M2"	"MGI"	"CEBPA"
"M2"	"MGI"	"LEF1"
"M2"	"MGI"	"CLDN1"
"M2"	"MGI"	"SHH"
"M2"	"MGI"	"DYNC1I1"
"M2"	"MGI"	"MSX2"
"M2"	"MGI"	"DLX5"
"M2"	"MGI"	"MYRIP"
"M2"	"MGI"	"COL26A1"
"M2"	"BioGrid_Mouse"	"SMAD9"
"M2"	"BioGrid_Mouse"	"SORBS2"
"M2"	"BioGrid_Mouse"	"THRB"
"M2"	"BioGrid_Mouse"	"HOMER2"
"M2"	"BioGrid_Mouse"	"ESR1"
"M2"	"BioGrid_Mouse"	"SFN"
"M2"	"BioGrid_Mouse"	"MLF1"
"M2"	"BioGrid_Mouse"	"NKX3-1"
"M2"	"BioGrid_Mouse"	"PPARG"
"M2"	"BioGrid_Mouse"	"UCHL1"
"M2"	"BioGrid_Mouse"	"AR"
"M2"	"BioGrid_Mouse"	"WNT7A"
"M2"	"BioGrid_Mouse"	"VIM"
"M2"	"BioGrid_Mouse"	"GDF5"
"M2"	"BioGrid_Mouse"	"GLI3"
"M2"	"BioGrid_Mouse"	"AMOT"
"M2"	"BioGrid_Mouse"	"NR5A2"
"M2"	"BioGrid_Mouse"	"PROX1"
"M2"	"BioGrid_Mouse"	"EPHB2"
"M2"	"BioGrid_Mouse"	"AXIN2"
"M2"	"BioGrid_Mouse"	"PGR"
"M2"	"BioGrid_Mouse"	"L1CAM"
"M2"	"BioGrid_Mouse"	"CEBPA"
"M2"	"BioGrid_Mouse"	"NR6A1"
"M2"	"BioGrid_Mouse"	"PTGS2"
"M2"	"BioGrid_Mouse"	"ZBTB7C"
"M2"	"BioGrid_Mouse"	"LEF1"
"M2"	"BioGrid_Mouse"	"CLDN1"
"M2"	"BioGrid_Mouse"	"KLC3"
"M2"	"BioGrid_Mouse"	"ROR1"
"M2"	"BioGrid_Mouse"	"PRLR"
"M2"	"BioGrid_Mouse"	"SHH"
"M2"	"BioGrid_Mouse"	"RASGRF1"
"M2"	"BioGrid_Mouse"	"CAND2"
"M2"	"BioGrid_Mouse"	"PELI2"
"M2"	"BioGrid_Mouse"	"SOX9"
"M2"	"BioGrid_Mouse"	"MYCN"
"M2"	"BioGrid_Mouse"	"ASRGL1"
"M2"	"BioGrid_Mouse"	"S100A4"
"M2"	"BioGrid_Mouse"	"NPR1"
"M2"	"BioGrid_Mouse"	"PLA2G4A"
"M2"	"BioGrid_Mouse"	"EYA2"
"M2"	"BioGrid_Mouse"	"ADRA2A"
"M2"	"BioGrid_Mouse"	"CITED4"
"M2"	"BioGrid_Mouse"	"PTPN13"
"M2"	"BioGrid_Mouse"	"TNNI3"
"M2"	"BioGrid_Mouse"	"MSX2"
"M2"	"BioGrid_Mouse"	"SPDEF"
"M2"	"BioGrid_Mouse"	"EHF"
"M2"	"BioGrid_Mouse"	"DLX5"
"M2"	"BioGrid_Mouse"	"KCNIP3"
"M2"	"BioGrid_Mouse"	"RORC"
"M2"	"BioGrid_Mouse"	"SLC1A2"
"M2"	"BioGrid_Mouse"	"SOX17"
"M2"	"BioGrid_Mouse"	"VAX2"
"M2"	"BioGrid_Mouse"	"SALL1"
"M2"	"BioGrid_Mouse"	"TLE6"
"M2"	"BioGrid_Yeast"	"MLH1"
"M2"	"BioGrid_Yeast"	"FA2H"
"M2"	"BioGrid_Yeast"	"PCSK9"
"M2"	"BioGrid_Yeast"	"ABCC3"
"M2"	"BioGrid_Yeast"	"FBP1"
"M2"	"BioGrid_Yeast"	"GGT1"
"M2"	"BCI"	"HOMER2"
"M2"	"BCI"	"ESR1"
"M2"	"BCI"	"SFN"
"M2"	"BCI"	"UCHL1"
"M2"	"BCI"	"TNNT1"
"M2"	"BCI"	"PIGR"
"M2"	"BCI"	"VIM"
"M2"	"BCI"	"IHH"
"M2"	"BCI"	"APLP1"
"M2"	"BCI"	"MLH1"
"M2"	"BCI"	"BMP7"
"M2"	"BCI"	"CCNE1"
"M2"	"BCI"	"FBLN1"
"M2"	"BCI"	"EPHB2"
"M2"	"BCI"	"SRPK3"
"M2"	"BCI"	"L1CAM"
"M2"	"BCI"	"CEBPA"
"M2"	"BCI"	"ATP6V1B1"
"M2"	"BCI"	"AQP3"
"M2"	"BCI"	"FGFR4"
"M2"	"BCI"	"DUSP4"
"M2"	"BCI"	"WASF1"
"M2"	"BCI"	"COL2A1"
"M2"	"BCI"	"PRKAR2B"
"M2"	"BCI"	"KRT7"
"M2"	"BCI"	"RASGRF1"
"M2"	"BCI"	"IGF1"
"M2"	"BCI"	"SOX9"
"M2"	"BCI"	"DYNC1I1"
"M2"	"BCI"	"MYCN"
"M2"	"BCI"	"CEACAM1"
"M2"	"BCI"	"S100A4"
"M2"	"BCI"	"FMOD"
"M2"	"BCI"	"IGFBP2"
"M2"	"BCI"	"GJB1"
"M2"	"BCI"	"ADD2"
"M2"	"BCI"	"PTPN13"
"M2"	"BCI"	"EPHB6"
"M2"	"BCI"	"ADM"
"M2"	"BCI"	"DEFB1"
"M2"	"BCI"	"PKIA"
"M2"	"BCI"	"ALCAM"
"M2"	"BCI"	"GFRA3"
"M2"	"INNATEDB_Mouse"	"SMAD9"
"M2"	"INNATEDB_Mouse"	"ESR1"
"M2"	"INNATEDB_Mouse"	"PPARG"
"M2"	"INNATEDB_Mouse"	"AR"
"M2"	"INNATEDB_Mouse"	"VIM"
"M2"	"INNATEDB_Mouse"	"CCNE1"
"M2"	"INNATEDB_Mouse"	"IRS2"
"M2"	"INNATEDB_Mouse"	"HP"
"M2"	"INNATEDB_Mouse"	"NFIX"
"M2"	"INNATEDB_Mouse"	"CEBPA"
"M2"	"INNATEDB_Mouse"	"HEY1"
"M2"	"INNATEDB_Mouse"	"ZBTB7C"
"M2"	"INNATEDB_Mouse"	"LEF1"
"M2"	"INNATEDB_Mouse"	"WASF1"
"M2"	"INNATEDB_Mouse"	"SHH"
"M2"	"INNATEDB_Mouse"	"PELI2"
"M2"	"INNATEDB_Mouse"	"SOX9"
"M2"	"INNATEDB_Mouse"	"MYCN"
"M2"	"INNATEDB_Mouse"	"PLA2G4A"
"M2"	"INNATEDB_Mouse"	"ADD2"
"M2"	"INNATEDB_Mouse"	"NPAS3"
"M2"	"INNATEDB_Mouse"	"TMPRSS13"
"M2"	"INNATEDB_Mouse"	"IL20RA"
"M2"	"INNATEDB_Mouse"	"RORC"
"M2"	"INNATEDB_Mouse"	"TLE6"
"M2"	"Miller_WntLumier"	"AXIN2"
"M2"	"BioGrid_Rat"	"CREB3L1"
"M2"	"BioGrid_Rat"	"SORBS2"
"M2"	"BioGrid_Rat"	"HOMER2"
"M2"	"BioGrid_Rat"	"ESR1"
"M2"	"BioGrid_Rat"	"CCNE1"
"M2"	"BioGrid_Rat"	"IRS2"
"M2"	"BioGrid_Rat"	"L1CAM"
"M2"	"BioGrid_Rat"	"CXXC4"
"M2"	"BioGrid_Rat"	"CEBPA"
"M2"	"BioGrid_Rat"	"WASF1"
"M2"	"BioGrid_Rat"	"DYNC1I1"
"M2"	"BioGrid_Rat"	"ANPEP"
"M2"	"BioGrid_Rat"	"TNNI3"
"M2"	"BioGrid_Rat"	"KCNIP3"
"M2"	"BIND_Rat"	"SORBS2"
"M2"	"BIND_Rat"	"AR"
"M2"	"BIND_Rat"	"VIM"
"M2"	"BIND_Rat"	"AXIN2"
"M2"	"BIND_Rat"	"L1CAM"
"M2"	"BIND_Rat"	"CEBPA"
"M2"	"BIND_Rat"	"PRLR"
"M2"	"BIND_Rat"	"DYNC1I1"
"M2"	"BIND_Rat"	"CEACAM1"
"M2"	"BIND_Rat"	"ADRA2A"
"M2"	"BIND_Rat"	"EPHA7"
"M2"	"BioGrid_Worm"	"SMAD9"
"M2"	"BioGrid_Worm"	"SRPK3"
"M2"	"BioGrid_Worm"	"FGFR3"
"M2"	"BioGrid_Worm"	"ADGRL2"
"M2"	"StelzlLow"	"OLFM2"
"M2"	"StelzlLow"	"FXYD6"
"M2"	"StelzlLow"	"NDUFA4L2"
"M2"	"StelzlLow"	"SUSD4"
"M2"	"StelzlLow"	"ITM2C"
"M2"	"StelzlLow"	"PPP1R1B"
"M2"	"VidalHuman_non_core"	"FAM107A"
"M2"	"VidalHuman_non_core"	"HOMER2"
"M2"	"VidalHuman_non_core"	"SFN"
"M2"	"VidalHuman_non_core"	"TNNT1"
"M2"	"VidalHuman_non_core"	"VIM"
"M2"	"VidalHuman_non_core"	"BMP7"
"M2"	"VidalHuman_non_core"	"FBP1"
"M2"	"VidalHuman_non_core"	"TACSTD2"
"M2"	"VidalHuman_non_core"	"KRT15"
"M2"	"VidalHuman_non_core"	"RASD1"
"M2"	"VidalHuman_non_core"	"LMO3"
"M2"	"VidalHuman_non_core"	"GAD1"
"M2"	"VidalHuman_non_core"	"SERPINA5"
"M2"	"VidalHuman_non_core"	"S100A1"
"M2"	"VidalHuman_non_core"	"EYA2"
"M2"	"VidalHuman_non_core"	"ARL4D"
"M2"	"VidalHuman_non_core"	"FGF12"
"M2"	"VidalHuman_non_core"	"RORC"
"M2"	"VidalHuman_non_core"	"CRABP2"
"M2"	"VidalHuman_non_core"	"CCNJL"
"M2"	"BIND_Mouse"	"HOMER2"
"M2"	"BIND_Mouse"	"ESR1"
"M2"	"BIND_Mouse"	"PPARG"
"M2"	"BIND_Mouse"	"VIM"
"M2"	"BIND_Mouse"	"MLPH"
"M2"	"BIND_Mouse"	"BMP7"
"M2"	"BIND_Mouse"	"CCNE1"
"M2"	"BIND_Mouse"	"GDF5"
"M2"	"BIND_Mouse"	"NR5A2"
"M2"	"BIND_Mouse"	"CEBPA"
"M2"	"BIND_Mouse"	"NR6A1"
"M2"	"BIND_Mouse"	"HS3ST1"
"M2"	"BIND_Mouse"	"PTGS2"
"M2"	"BIND_Mouse"	"LEF1"
"M2"	"BIND_Mouse"	"CLDN1"
"M2"	"BIND_Mouse"	"GRIK5"
"M2"	"BIND_Mouse"	"WASF1"
"M2"	"BIND_Mouse"	"RHOF"
"M2"	"BIND_Mouse"	"PRLR"
"M2"	"BIND_Mouse"	"DYNC1I1"
"M2"	"BIND_Mouse"	"MSX2"
"M2"	"BIND_Mouse"	"DTNA"
"M2"	"BIND_Mouse"	"SLC52A3"
"M2"	"IntAct_Yeast"	"MLH1"
"M2"	"IntAct_Yeast"	"FA2H"
"M2"	"IntAct_Yeast"	"PCSK9"
"M2"	"IntAct_Yeast"	"ABCC3"
"M2"	"IntAct_Yeast"	"FBP1"
"M2"	"IntAct_Yeast"	"AQP3"
"M2"	"IntAct_Yeast"	"SLC47A1"
"M2"	"IntAct_Yeast"	"GLDC"
"M2"	"DIP_Worm"	"SMAD9"
"M2"	"DIP_Worm"	"HNF4G"
"M2"	"DIP_Worm"	"FBLN1"
"M2"	"DIP_Worm"	"SRPK3"
"M2"	"DIP_Worm"	"LDHD"
"M2"	"IntAct_Worm"	"HNF4G"
"M2"	"IntAct_Worm"	"FBLN1"
"M2"	"IntAct_Worm"	"SRPK3"
"M2"	"IntAct_Worm"	"FUT3"
"M2"	"IntAct_Worm"	"LDHD"
"M2"	"DIP_Yeast"	"MLH1"
"M2"	"DIP_Yeast"	"FBP1"
"M2"	"YeastMedium"	"FBP1"
"M2"	"INNATEDB"	"THRB"
"M2"	"INNATEDB"	"ESR1"
"M2"	"INNATEDB"	"SFN"
"M2"	"INNATEDB"	"MLF1"
"M2"	"INNATEDB"	"PPARG"
"M2"	"INNATEDB"	"AR"
"M2"	"INNATEDB"	"PIGR"
"M2"	"INNATEDB"	"VIM"
"M2"	"INNATEDB"	"BMP7"
"M2"	"INNATEDB"	"CCNE1"
"M2"	"INNATEDB"	"GDF5"
"M2"	"INNATEDB"	"IRS2"
"M2"	"INNATEDB"	"GLI3"
"M2"	"INNATEDB"	"NFIX"
"M2"	"INNATEDB"	"KRT15"
"M2"	"INNATEDB"	"PTGS2"
"M2"	"INNATEDB"	"AQP3"
"M2"	"INNATEDB"	"HMGA2"
"M2"	"INNATEDB"	"LEF1"
"M2"	"INNATEDB"	"DUSP4"
"M2"	"INNATEDB"	"GREB1"
"M2"	"INNATEDB"	"AQP5"
"M2"	"INNATEDB"	"TMEM37"
"M2"	"INNATEDB"	"PRLR"
"M2"	"INNATEDB"	"SERPINA1"
"M2"	"INNATEDB"	"PELI2"
"M2"	"INNATEDB"	"DYNC1I1"
"M2"	"INNATEDB"	"EPM2AIP1"
"M2"	"INNATEDB"	"CEACAM1"
"M2"	"INNATEDB"	"S100A4"
"M2"	"INNATEDB"	"TFPI2"
"M2"	"INNATEDB"	"REN"
"M2"	"INNATEDB"	"MUC5B"
"M2"	"INNATEDB"	"PLA2G4A"
"M2"	"INNATEDB"	"ADRA2A"
"M2"	"INNATEDB"	"EGR3"
"M2"	"INNATEDB"	"SPINK5"
"M2"	"INNATEDB"	"MST1R"
"M2"	"INNATEDB"	"MAL"
"M2"	"INNATEDB"	"PTPN13"
"M2"	"INNATEDB"	"DLX6"
"M2"	"INNATEDB"	"FBXO27"
"M2"	"INNATEDB"	"DEFB1"
"M2"	"INNATEDB"	"FOLH1"
"M2"	"INNATEDB"	"CCL20"
"M2"	"INNATEDB"	"DLX5"
"M2"	"INNATEDB"	"ZNF677"
"M2"	"INNATEDB"	"MYRIP"
"M2"	"INNATEDB"	"PCSK1N"
"M2"	"INNATEDB"	"KCNIP3"
"M2"	"INNATEDB"	"PDE6B"
"M2"	"INNATEDB"	"SLC6A12"
"M2"	"INNATEDB"	"METTL7B"
"M2"	"INNATEDB"	"APOL4"
"M2"	"INNATEDB"	"TESC"
"M2"	"INNATEDB"	"ALCAM"
"M2"	"INNATEDB"	"SOX17"
"M2"	"INNATEDB"	"ITM2C"
"M2"	"INNATEDB"	"RDH10"
"M2"	"INNATEDB"	"DNAJC15"
"M2"	"INNATEDB"	"TFF3"
"M2"	"INNATEDB"	"KCNJ15"
"M2"	"DIP"	"THRB"
"M2"	"DIP"	"ESR1"
"M2"	"DIP"	"PPARG"
"M2"	"DIP"	"AR"
"M2"	"DIP"	"VIM"
"M2"	"DIP"	"APLP1"
"M2"	"DIP"	"MLH1"
"M2"	"DIP"	"BMP7"
"M2"	"DIP"	"CCNE1"
"M2"	"DIP"	"PCSK9"
"M2"	"DIP"	"MCC"
"M2"	"DIP"	"CA9"
"M2"	"DIP"	"NR5A2"
"M2"	"DIP"	"GPR37"
"M2"	"DIP"	"EPHB2"
"M2"	"DIP"	"EFNB3"
"M2"	"DIP"	"FBP1"
"M2"	"DIP"	"PGR"
"M2"	"DIP"	"FGFR3"
"M2"	"DIP"	"PTGS2"
"M2"	"DIP"	"FGFR4"
"M2"	"DIP"	"LEF1"
"M2"	"DIP"	"WASF1"
"M2"	"DIP"	"LMO3"
"M2"	"DIP"	"PRKAR2B"
"M2"	"DIP"	"NT5E"
"M2"	"DIP"	"AQP5"
"M2"	"DIP"	"ROR1"
"M2"	"DIP"	"PRLR"
"M2"	"DIP"	"SERPINA1"
"M2"	"DIP"	"IGF1"
"M2"	"DIP"	"SMPD3"
"M2"	"DIP"	"MYCN"
"M2"	"DIP"	"MARK1"
"M2"	"DIP"	"EFNA5"
"M2"	"DIP"	"GAD1"
"M2"	"DIP"	"S100A4"
"M2"	"DIP"	"GRB14"
"M2"	"DIP"	"SERPINA5"
"M2"	"DIP"	"REN"
"M2"	"DIP"	"NPR1"
"M2"	"DIP"	"PLA2G4A"
"M2"	"DIP"	"FGF12"
"M2"	"DIP"	"MRAP2"
"M2"	"DIP"	"PTPN13"
"M2"	"DIP"	"GSTM2"
"M2"	"DIP"	"TNNI3"
"M2"	"DIP"	"CCL20"
"M2"	"DIP"	"NECTIN3"
"M2"	"DIP"	"RORC"
"M2"	"DIP"	"GJB2"
"M2"	"DIP"	"KCNN4"
"M2"	"DIP"	"HHIP"
"M2"	"DIP"	"MYRF"
"M2"	"MINT_Rat"	"SORBS2"
"M2"	"MINT_Rat"	"WASF1"
"M2"	"MINT_Rat"	"GAD1"
"M2"	"StelzlMedium"	"OLFM2"
"M2"	"StelzlMedium"	"MLF1"
"M2"	"StelzlMedium"	"VIM"
"M2"	"StelzlMedium"	"APLP1"
"M2"	"StelzlMedium"	"RAP1GAP"
"M2"	"StelzlMedium"	"L1CAM"
"M2"	"StelzlMedium"	"FGFR3"
"M2"	"StelzlMedium"	"CA8"
"M2"	"StelzlMedium"	"FXYD6"
"M2"	"StelzlMedium"	"NDUFA4L2"
"M2"	"StelzlMedium"	"SELENBP1"
"M2"	"StelzlMedium"	"S100A4"
"M2"	"StelzlMedium"	"SERPINA5"
"M2"	"StelzlMedium"	"ARL4D"
"M2"	"StelzlMedium"	"SUSD4"
"M2"	"StelzlMedium"	"PLPP2"
"M2"	"StelzlMedium"	"ARSE"
"M2"	"BIND_Worm"	"SMAD9"
"M2"	"BIND_Worm"	"SRPK3"
"M2"	"DIP_Fly"	"SPON1"
"M2"	"DIP_Fly"	"MLH1"
"M2"	"DIP_Fly"	"CCNE1"
"M2"	"DIP_Fly"	"PAPLN"
"M2"	"DIP_Fly"	"NBEA"
"M2"	"DIP_Fly"	"GAD1"
"M2"	"DIP_Fly"	"ANO1"
"M2"	"Pawson2"	"AMOT"
"M2"	"StelzlHigh"	"VIM"
"M2"	"StelzlHigh"	"FBP1"
"M2"	"StelzlHigh"	"FGFR3"
"M2"	"StelzlHigh"	"FXYD6"
"M2"	"StelzlHigh"	"SELENBP1"
"M2"	"StelzlHigh"	"ARL4D"
"M2"	"BIND_Fly"	"BMP7"
"M2"	"BIND_Fly"	"WIF1"
"M2"	"BIND_Fly"	"FGFR3"
"M2"	"BIND_Fly"	"PAPLN"
"M2"	"BIND_Fly"	"PELI2"
"M2"	"BIND_Fly"	"DNAJC12"
"M2"	"BIND_Fly"	"PHYHD1"
"M2"	"FlyHigh"	"DNAJC12"
"M2"	"FlyHigh"	"PHYHD1"
"M2"	"DIP_Rat"	"ESR1"
"M2"	"DIP_Rat"	"AR"
"M2"	"DIP_Rat"	"CEBPA"
"M2"	"DIP_Rat"	"MAL"
"M2"	"DIP_Mouse"	"AR"
"M2"	"DIP_Mouse"	"VIM"
"M2"	"DIP_Mouse"	"RAB27B"
"M2"	"DIP_Mouse"	"MLPH"
"M2"	"DIP_Mouse"	"CCNE1"
"M2"	"DIP_Mouse"	"CEBPA"
"M2"	"DIP_Mouse"	"PTGS2"
"M2"	"DIP_Mouse"	"FGFR4"
"M2"	"DIP_Mouse"	"LEF1"
"M2"	"DIP_Mouse"	"KLC3"
"M2"	"DIP_Mouse"	"SHH"
"M2"	"DIP_Mouse"	"DYNC1I1"
"M2"	"DIP_Mouse"	"FCHO1"
"M2"	"DIP_Mouse"	"NECTIN3"
"M2"	"DIP_Mouse"	"RORC"
"M2"	"MINT_Worm"	"SMAD9"
"M2"	"MINT_Worm"	"SRPK3"
"M2"	"IntAct_Rat"	"SORBS2"
"M2"	"IntAct_Rat"	"ESR1"
"M2"	"IntAct_Rat"	"MAST1"
"M2"	"IntAct_Rat"	"WASF1"
"M2"	"IntAct_Rat"	"GAD1"
"M2"	"IntAct_Rat"	"GRB14"
"M2"	"BIND_Yeast"	"MLH1"
"M2"	"BIND_Yeast"	"FBP1"
"M2"	"MINT_Yeast"	"MLH1"
"M2"	"MINT_Yeast"	"FA2H"
"M2"	"MINT_Yeast"	"FBP1"
"M2"	"MINT_Yeast"	"GLDC"
"M2"	"MIPS"	"MLH1"
"M2"	"MIPS"	"FBP1"
"M2"	"YeastLow"	"FBP1"
"M2"	"YeastLow"	"GLDC"
"M2"	"YeastLow"	"GGT1"
"M2"	"FlyLow"	"BMP7"
"M2"	"FlyLow"	"PAPLN"
"M2"	"FlyLow"	"PELI2"
"M2"	"FlyLow"	"GAD1"
"M2"	"IntAct_Fly"	"HOMER2"
"M2"	"IntAct_Fly"	"BMP7"
"M2"	"IntAct_Fly"	"CCNE1"
"M2"	"IntAct_Fly"	"SHH"
"M2"	"IntAct_Fly"	"PAPLN"
"M2"	"IntAct_Fly"	"SELENBP1"
"M2"	"IntAct_Fly"	"NBEA"
"M2"	"IntAct_Fly"	"GAD1"
"M2"	"IntAct_Fly"	"PHYHD1"
"M2"	"IntAct_Fly"	"GPC4"
"M2"	"IntAct_Fly"	"GGT1"
"M2"	"IntAct_Fly"	"SLC17A9"
"M2"	"IntAct_Fly"	"SLC52A3"
"M2"	"IntAct_Fly"	"HS3ST3B1"
"M2"	"I2D-text_mining-c"	"BMP7"
"M2"	"YeastHigh"	"GLDC"
"M2"	"Yu_GoldStd"	"MLH1"
"M2"	"Krogan_Core"	"FBP1"
"M2"	"I2D-c_Mouse"	"TLE6"
"M2"	"ShawnLi"	"RYR1"
"M2"	"ShawnLi"	"ENPP3"
"M2"	"Fawcett_polarity"	"AMOT"
"M2"	"Fawcett_polarity"	"CPVL"
"M2"	"KIM_MYC"	"ASRGL1"
"M2"	"CORE_2"	"SMAD9"
"M2"	"Tarassov_PCA"	"FA2H"
"M3"	"IntAct"	"LRRK2"
"M3"	"IntAct"	"CD247"
"M3"	"IntAct"	"VCAM1"
"M3"	"IntAct"	"SIX1"
"M3"	"IntAct"	"CAMK2B"
"M3"	"IntAct"	"TLR4"
"M3"	"IntAct"	"LYZ"
"M3"	"IntAct"	"NUPR1"
"M3"	"IntAct"	"SPP1"
"M3"	"IntAct"	"IL7R"
"M3"	"IntAct"	"C3"
"M3"	"IntAct"	"BCL2A1"
"M3"	"IntAct"	"PACSIN1"
"M3"	"IntAct"	"S100A8"
"M3"	"IntAct"	"BIRC3"
"M3"	"IntAct"	"MMP9"
"M3"	"IntAct"	"GZMB"
"M3"	"IntAct"	"ALOX5AP"
"M3"	"IntAct"	"IL2RG"
"M3"	"IntAct"	"MAP2"
"M3"	"IntAct"	"PRKCB"
"M3"	"IntAct"	"CD3E"
"M3"	"IntAct"	"CCR5"
"M3"	"IntAct"	"CARD11"
"M3"	"IntAct"	"PYGO1"
"M3"	"IntAct"	"KHDRBS3"
"M3"	"IntAct"	"CCR7"
"M3"	"IntAct"	"CCL3"
"M3"	"IntAct"	"CCL4"
"M3"	"IntAct"	"DPP4"
"M3"	"IntAct"	"NTRK2"
"M3"	"IntAct"	"IL2RB"
"M3"	"IntAct"	"IDO1"
"M3"	"IntAct"	"TUSC3"
"M3"	"IntAct"	"PRKCQ"
"M3"	"IntAct"	"APOE"
"M3"	"IntAct"	"CASKIN1"
"M3"	"IntAct"	"TFEC"
"M3"	"IntAct"	"EPHA4"
"M3"	"IntAct"	"DCLK1"
"M3"	"IntAct"	"CXCL8"
"M3"	"IntAct"	"PTPRC"
"M3"	"IntAct"	"SKAP1"
"M3"	"IntAct"	"IL32"
"M3"	"IntAct"	"FPR1"
"M3"	"IntAct"	"DIRAS3"
"M3"	"IntAct"	"POU2AF1"
"M3"	"IntAct"	"KLF15"
"M3"	"IntAct"	"ZAP70"
"M3"	"IntAct"	"TNFSF14"
"M3"	"IntAct"	"LTB"
"M3"	"IntAct"	"CD8A"
"M3"	"IntAct"	"SYT7"
"M3"	"IntAct"	"CD2"
"M3"	"IntAct"	"HLA-DQA1"
"M3"	"IntAct"	"C1QA"
"M3"	"IntAct"	"TSPAN7"
"M3"	"IntAct"	"CTSW"
"M3"	"IntAct"	"TDO2"
"M3"	"IntAct"	"BATF"
"M3"	"IntAct"	"SRCIN1"
"M3"	"IntAct"	"CSF3R"
"M3"	"IntAct"	"CD5"
"M3"	"IntAct"	"SLAMF7"
"M3"	"IntAct"	"PRTFDC1"
"M3"	"IntAct"	"IKZF3"
"M3"	"IntAct"	"SDK1"
"M3"	"IntAct"	"GZMA"
"M3"	"IntAct"	"BATF2"
"M3"	"IntAct"	"BEX1"
"M3"	"IntAct"	"KRT5"
"M3"	"IntAct"	"TRPV6"
"M3"	"IntAct"	"HLA-DMB"
"M3"	"IntAct"	"DAPP1"
"M3"	"IntAct"	"CD48"
"M3"	"IntAct"	"CCL5"
"M3"	"IntAct"	"LINGO1"
"M3"	"IntAct"	"SERPINF2"
"M3"	"IntAct"	"NCKAP5"
"M3"	"IntAct"	"ITGA2B"
"M3"	"IntAct"	"IL1B"
"M3"	"IntAct"	"CFH"
"M3"	"IntAct"	"C4A"
"M3"	"IntAct"	"CSTA"
"M3"	"IntAct"	"CD79A"
"M3"	"IntAct"	"CD3D"
"M3"	"IntAct"	"HLA-G"
"M3"	"IntAct"	"HLA-DRB1"
"M3"	"IntAct"	"HLA-DRA"
"M3"	"IntAct"	"CD74"
"M3"	"IntAct"	"APOL1"
"M3"	"IntAct"	"C1QB"
"M3"	"IntAct"	"FBN2"
"M3"	"IntAct"	"CXCL10"
"M3"	"IntAct"	"PSMB9"
"M3"	"IntAct"	"ETV7"
"M3"	"IntAct"	"CCL18"
"M3"	"IntAct"	"GOLGA8A"
"M3"	"IntAct"	"MSI1"
"M3"	"IntAct"	"CLIC3"
"M3"	"IntAct"	"NNMT"
"M3"	"IntAct"	"RIMS4"
"M3"	"IntAct"	"RUNX3"
"M3"	"IntAct"	"EPHB3"
"M3"	"IntAct"	"CST7"
"M3"	"IntAct"	"CD7"
"M3"	"IntAct"	"STYK1"
"M3"	"IntAct"	"MYO3B"
"M3"	"IntAct"	"ARMCX2"
"M3"	"IntAct"	"ZNF423"
"M3"	"IntAct"	"HLA-DOA"
"M3"	"IntAct"	"PRF1"
"M3"	"IntAct"	"ATP2A3"
"M3"	"IntAct"	"CXCL11"
"M3"	"IntAct"	"CXCL9"
"M3"	"IntAct"	"TIGIT"
"M3"	"IntAct"	"WNT11"
"M3"	"IntAct"	"OLR1"
"M3"	"IntAct"	"TMEM176A"
"M3"	"IntAct"	"KCNN1"
"M3"	"IntAct"	"RHOH"
"M3"	"IntAct"	"FAM129A"
"M3"	"IntAct"	"RCOR2"
"M3"	"IntAct"	"HLA-DPB1"
"M3"	"IntAct"	"MZB1"
"M3"	"IntAct"	"CSRNP3"
"M3"	"IntAct"	"CD69"
"M3"	"IntAct"	"FAXC"
"M3"	"IntAct"	"NKG7"
"M3"	"IntAct"	"NSG1"
"M3"	"IntAct"	"KLHDC8A"
"M3"	"IntAct"	"KLHDC7B"
"M3"	"IntAct"	"JPH1"
"M3"	"IntAct"	"AQP9"
"M3"	"IntAct"	"EMID1"
"M3"	"IntAct"	"GBP5"
"M3"	"IntAct"	"IGSF9"
"M3"	"IntAct"	"PTPRH"
"M3"	"BioGrid"	"LRRK2"
"M3"	"BioGrid"	"CD247"
"M3"	"BioGrid"	"VCAM1"
"M3"	"BioGrid"	"NANOS1"
"M3"	"BioGrid"	"SIX1"
"M3"	"BioGrid"	"CAMK2B"
"M3"	"BioGrid"	"TLR4"
"M3"	"BioGrid"	"NUPR1"
"M3"	"BioGrid"	"SPP1"
"M3"	"BioGrid"	"IL7R"
"M3"	"BioGrid"	"C3"
"M3"	"BioGrid"	"BCL2A1"
"M3"	"BioGrid"	"PACSIN1"
"M3"	"BioGrid"	"S100A8"
"M3"	"BioGrid"	"BIRC3"
"M3"	"BioGrid"	"MMP9"
"M3"	"BioGrid"	"GZMB"
"M3"	"BioGrid"	"ALOX5AP"
"M3"	"BioGrid"	"IL2RG"
"M3"	"BioGrid"	"MAP2"
"M3"	"BioGrid"	"PRKCB"
"M3"	"BioGrid"	"CD3E"
"M3"	"BioGrid"	"CCR5"
"M3"	"BioGrid"	"CARD11"
"M3"	"BioGrid"	"TNFRSF9"
"M3"	"BioGrid"	"TNFRSF11A"
"M3"	"BioGrid"	"EMX2"
"M3"	"BioGrid"	"PYGO1"
"M3"	"BioGrid"	"KHDRBS3"
"M3"	"BioGrid"	"CXCL13"
"M3"	"BioGrid"	"CCR7"
"M3"	"BioGrid"	"CCL3"
"M3"	"BioGrid"	"CCL4"
"M3"	"BioGrid"	"SELL"
"M3"	"BioGrid"	"DPP4"
"M3"	"BioGrid"	"NTRK2"
"M3"	"BioGrid"	"BHLHE41"
"M3"	"BioGrid"	"IL2RB"
"M3"	"BioGrid"	"IDO1"
"M3"	"BioGrid"	"PRKCQ"
"M3"	"BioGrid"	"APOE"
"M3"	"BioGrid"	"TFEC"
"M3"	"BioGrid"	"EPHA4"
"M3"	"BioGrid"	"DCLK1"
"M3"	"BioGrid"	"CXCL8"
"M3"	"BioGrid"	"PTPRC"
"M3"	"BioGrid"	"SKAP1"
"M3"	"BioGrid"	"IL32"
"M3"	"BioGrid"	"FPR1"
"M3"	"BioGrid"	"KYNU"
"M3"	"BioGrid"	"POU2AF1"
"M3"	"BioGrid"	"NRCAM"
"M3"	"BioGrid"	"KLF15"
"M3"	"BioGrid"	"ZAP70"
"M3"	"BioGrid"	"TNFSF14"
"M3"	"BioGrid"	"LTB"
"M3"	"BioGrid"	"CD8A"
"M3"	"BioGrid"	"SYT7"
"M3"	"BioGrid"	"CD2"
"M3"	"BioGrid"	"HLA-DQA1"
"M3"	"BioGrid"	"C1QA"
"M3"	"BioGrid"	"CD79B"
"M3"	"BioGrid"	"RARRES3"
"M3"	"BioGrid"	"TDO2"
"M3"	"BioGrid"	"BATF"
"M3"	"BioGrid"	"SRCIN1"
"M3"	"BioGrid"	"CSF3R"
"M3"	"BioGrid"	"CDH3"
"M3"	"BioGrid"	"CD5"
"M3"	"BioGrid"	"SLAMF7"
"M3"	"BioGrid"	"PRTFDC1"
"M3"	"BioGrid"	"IKZF3"
"M3"	"BioGrid"	"GZMA"
"M3"	"BioGrid"	"BATF2"
"M3"	"BioGrid"	"BEX1"
"M3"	"BioGrid"	"KRT5"
"M3"	"BioGrid"	"TRPV6"
"M3"	"BioGrid"	"HLA-DMB"
"M3"	"BioGrid"	"HLA-DRB5"
"M3"	"BioGrid"	"DAPP1"
"M3"	"BioGrid"	"SEMA6A"
"M3"	"BioGrid"	"CD48"
"M3"	"BioGrid"	"CCL5"
"M3"	"BioGrid"	"LINGO1"
"M3"	"BioGrid"	"SERPINF2"
"M3"	"BioGrid"	"ITGA2B"
"M3"	"BioGrid"	"F5"
"M3"	"BioGrid"	"MMP12"
"M3"	"BioGrid"	"IL1B"
"M3"	"BioGrid"	"CFH"
"M3"	"BioGrid"	"VSIG4"
"M3"	"BioGrid"	"C4A"
"M3"	"BioGrid"	"CSTA"
"M3"	"BioGrid"	"HLA-DQA2"
"M3"	"BioGrid"	"CD79A"
"M3"	"BioGrid"	"CD3D"
"M3"	"BioGrid"	"HLA-G"
"M3"	"BioGrid"	"HLA-DRB1"
"M3"	"BioGrid"	"KLRD1"
"M3"	"BioGrid"	"HLA-DRA"
"M3"	"BioGrid"	"CD74"
"M3"	"BioGrid"	"APOL1"
"M3"	"BioGrid"	"APOC1"
"M3"	"BioGrid"	"C1QB"
"M3"	"BioGrid"	"PSMB9"
"M3"	"BioGrid"	"ETV7"
"M3"	"BioGrid"	"HLA-DPA1"
"M3"	"BioGrid"	"CCL18"
"M3"	"BioGrid"	"VWA5A"
"M3"	"BioGrid"	"MSI1"
"M3"	"BioGrid"	"CLIC3"
"M3"	"BioGrid"	"GNLY"
"M3"	"BioGrid"	"NNMT"
"M3"	"BioGrid"	"SMTNL2"
"M3"	"BioGrid"	"PLA1A"
"M3"	"BioGrid"	"NMNAT2"
"M3"	"BioGrid"	"RIMS4"
"M3"	"BioGrid"	"CD38"
"M3"	"BioGrid"	"RUNX3"
"M3"	"BioGrid"	"EPHB3"
"M3"	"BioGrid"	"CD7"
"M3"	"BioGrid"	"BANK1"
"M3"	"BioGrid"	"ARMCX2"
"M3"	"BioGrid"	"ZNF423"
"M3"	"BioGrid"	"HLA-DOA"
"M3"	"BioGrid"	"HLA-DOB"
"M3"	"BioGrid"	"MRC1"
"M3"	"BioGrid"	"PRF1"
"M3"	"BioGrid"	"ATP2A3"
"M3"	"BioGrid"	"CXCL11"
"M3"	"BioGrid"	"CXCL9"
"M3"	"BioGrid"	"BOC"
"M3"	"BioGrid"	"TIGIT"
"M3"	"BioGrid"	"MFAP2"
"M3"	"BioGrid"	"WNT11"
"M3"	"BioGrid"	"FGF9"
"M3"	"BioGrid"	"LILRB4"
"M3"	"BioGrid"	"RHOH"
"M3"	"BioGrid"	"FAM129A"
"M3"	"BioGrid"	"HLA-DPB1"
"M3"	"BioGrid"	"CD163"
"M3"	"BioGrid"	"CD69"
"M3"	"BioGrid"	"TNFRSF18"
"M3"	"BioGrid"	"PDZK1IP1"
"M3"	"BioGrid"	"FAXC"
"M3"	"BioGrid"	"NKG7"
"M3"	"BioGrid"	"NSG1"
"M3"	"BioGrid"	"AQP9"
"M3"	"BioGrid"	"GBP5"
"M3"	"BioGrid_Fly"	"SIX1"
"M3"	"BioGrid_Fly"	"DPP4"
"M3"	"BioGrid_Fly"	"TUSC3"
"M3"	"BioGrid_Fly"	"NRCAM"
"M3"	"BioGrid_Fly"	"LYPLAL1"
"M3"	"BIND_Fly"	"SIX1"
"M3"	"DIP_Fly"	"SIX1"
"M3"	"DIP_Fly"	"NRCAM"
"M3"	"DIP_Fly"	"SULT1C4"
"M3"	"FlyLow"	"SIX1"
"M3"	"MINT_Fly"	"SIX1"
"M3"	"INNATEDB"	"VCAM1"
"M3"	"INNATEDB"	"SIX1"
"M3"	"INNATEDB"	"CAMK2B"
"M3"	"INNATEDB"	"TLR4"
"M3"	"INNATEDB"	"LYZ"
"M3"	"INNATEDB"	"IL7R"
"M3"	"INNATEDB"	"C3"
"M3"	"INNATEDB"	"BCL2A1"
"M3"	"INNATEDB"	"S100A8"
"M3"	"INNATEDB"	"BIRC3"
"M3"	"INNATEDB"	"MMP9"
"M3"	"INNATEDB"	"GZMB"
"M3"	"INNATEDB"	"ALOX5AP"
"M3"	"INNATEDB"	"IL2RG"
"M3"	"INNATEDB"	"PRKCB"
"M3"	"INNATEDB"	"CCR5"
"M3"	"INNATEDB"	"CARD11"
"M3"	"INNATEDB"	"TNFRSF9"
"M3"	"INNATEDB"	"TNFRSF11A"
"M3"	"INNATEDB"	"C2"
"M3"	"INNATEDB"	"CCR7"
"M3"	"INNATEDB"	"CCL3"
"M3"	"INNATEDB"	"SELL"
"M3"	"INNATEDB"	"DPP4"
"M3"	"INNATEDB"	"NTRK2"
"M3"	"INNATEDB"	"IL2RB"
"M3"	"INNATEDB"	"IDO1"
"M3"	"INNATEDB"	"PRKCQ"
"M3"	"INNATEDB"	"EPHA4"
"M3"	"INNATEDB"	"CXCL8"
"M3"	"INNATEDB"	"SKAP1"
"M3"	"INNATEDB"	"IL32"
"M3"	"INNATEDB"	"ZAP70"
"M3"	"INNATEDB"	"TNFSF14"
"M3"	"INNATEDB"	"LTB"
"M3"	"INNATEDB"	"C1QA"
"M3"	"INNATEDB"	"RARRES3"
"M3"	"INNATEDB"	"BATF"
"M3"	"INNATEDB"	"CSF3R"
"M3"	"INNATEDB"	"CDH3"
"M3"	"INNATEDB"	"CD5"
"M3"	"INNATEDB"	"IKZF3"
"M3"	"INNATEDB"	"GZMA"
"M3"	"INNATEDB"	"BATF2"
"M3"	"INNATEDB"	"IL1B"
"M3"	"INNATEDB"	"CFH"
"M3"	"INNATEDB"	"KLRD1"
"M3"	"INNATEDB"	"HLA-DRA"
"M3"	"INNATEDB"	"FBN2"
"M3"	"INNATEDB"	"CXCL10"
"M3"	"INNATEDB"	"ETV7"
"M3"	"INNATEDB"	"CD38"
"M3"	"INNATEDB"	"RUNX3"
"M3"	"INNATEDB"	"BANK1"
"M3"	"INNATEDB"	"PRF1"
"M3"	"INNATEDB"	"CXCL11"
"M3"	"INNATEDB"	"ERAP2"
"M3"	"INNATEDB"	"CXCL9"
"M3"	"INNATEDB"	"TIGIT"
"M3"	"INNATEDB"	"RHOH"
"M3"	"INNATEDB"	"SLITRK5"
"M3"	"INNATEDB"	"SBSPON"
"M3"	"INNATEDB"	"LAG3"
"M3"	"INNATEDB"	"CD69"
"M3"	"INNATEDB"	"TNFRSF18"
"M3"	"INNATEDB"	"AQP9"
"M3"	"IntAct_Mouse"	"LRRK2"
"M3"	"IntAct_Mouse"	"CAMK2B"
"M3"	"IntAct_Mouse"	"TLR4"
"M3"	"IntAct_Mouse"	"PACSIN1"
"M3"	"IntAct_Mouse"	"S100A8"
"M3"	"IntAct_Mouse"	"BIRC3"
"M3"	"IntAct_Mouse"	"IL2RG"
"M3"	"IntAct_Mouse"	"MAP2"
"M3"	"IntAct_Mouse"	"PRKCB"
"M3"	"IntAct_Mouse"	"CARD11"
"M3"	"IntAct_Mouse"	"TNFRSF9"
"M3"	"IntAct_Mouse"	"TNFRSF11A"
"M3"	"IntAct_Mouse"	"KHDRBS3"
"M3"	"IntAct_Mouse"	"NTRK2"
"M3"	"IntAct_Mouse"	"IDO1"
"M3"	"IntAct_Mouse"	"EPHA4"
"M3"	"IntAct_Mouse"	"NRCAM"
"M3"	"IntAct_Mouse"	"ZAP70"
"M3"	"IntAct_Mouse"	"LTB"
"M3"	"IntAct_Mouse"	"CD8A"
"M3"	"IntAct_Mouse"	"SYT7"
"M3"	"IntAct_Mouse"	"HLA-DQA1"
"M3"	"IntAct_Mouse"	"BATF"
"M3"	"IntAct_Mouse"	"SRCIN1"
"M3"	"IntAct_Mouse"	"HLA-DRB5"
"M3"	"IntAct_Mouse"	"SEMA6A"
"M3"	"IntAct_Mouse"	"BANK1"
"M3"	"IntAct_Mouse"	"MRC1"
"M3"	"IntAct_Mouse"	"TNFRSF18"
"M3"	"DIP"	"LRRK2"
"M3"	"DIP"	"SIX1"
"M3"	"DIP"	"CAMK2B"
"M3"	"DIP"	"TLR4"
"M3"	"DIP"	"NUPR1"
"M3"	"DIP"	"MMP9"
"M3"	"DIP"	"IL2RG"
"M3"	"DIP"	"MAP2"
"M3"	"DIP"	"PRKCB"
"M3"	"DIP"	"CCR5"
"M3"	"DIP"	"CARD11"
"M3"	"DIP"	"TNFRSF9"
"M3"	"DIP"	"CXCL13"
"M3"	"DIP"	"CCR7"
"M3"	"DIP"	"CCL3"
"M3"	"DIP"	"CCL4"
"M3"	"DIP"	"NTRK2"
"M3"	"DIP"	"BHLHE41"
"M3"	"DIP"	"IL2RB"
"M3"	"DIP"	"APOE"
"M3"	"DIP"	"CASKIN1"
"M3"	"DIP"	"EPHA4"
"M3"	"DIP"	"CXCL8"
"M3"	"DIP"	"PTPRC"
"M3"	"DIP"	"ZAP70"
"M3"	"DIP"	"TNFSF14"
"M3"	"DIP"	"CD79B"
"M3"	"DIP"	"BATF"
"M3"	"DIP"	"CSF3R"
"M3"	"DIP"	"CD5"
"M3"	"DIP"	"KRT5"
"M3"	"DIP"	"HLA-DMB"
"M3"	"DIP"	"CCL5"
"M3"	"DIP"	"LINGO1"
"M3"	"DIP"	"IL1B"
"M3"	"DIP"	"CFH"
"M3"	"DIP"	"HLA-G"
"M3"	"DIP"	"HLA-DRB1"
"M3"	"DIP"	"CXCL10"
"M3"	"DIP"	"HLA-DOA"
"M3"	"DIP"	"PRF1"
"M3"	"DIP"	"CXCL11"
"M3"	"DIP"	"CXCL9"
"M3"	"DIP"	"OLR1"
"M3"	"DIP"	"FGF9"
"M3"	"DIP"	"TNFRSF18"
"M3"	"MINT"	"LRRK2"
"M3"	"MINT"	"CD247"
"M3"	"MINT"	"SIX1"
"M3"	"MINT"	"TLR4"
"M3"	"MINT"	"LYZ"
"M3"	"MINT"	"SPP1"
"M3"	"MINT"	"S100A8"
"M3"	"MINT"	"MAP2"
"M3"	"MINT"	"CD3E"
"M3"	"MINT"	"CCR5"
"M3"	"MINT"	"KHDRBS3"
"M3"	"MINT"	"CXCL13"
"M3"	"MINT"	"DPP4"
"M3"	"MINT"	"IL2RB"
"M3"	"MINT"	"PRKCQ"
"M3"	"MINT"	"PTPRC"
"M3"	"MINT"	"SKAP1"
"M3"	"MINT"	"ZAP70"
"M3"	"MINT"	"CD2"
"M3"	"MINT"	"HLA-DQA1"
"M3"	"MINT"	"TSPAN7"
"M3"	"MINT"	"CTSW"
"M3"	"MINT"	"CSF3R"
"M3"	"MINT"	"CD5"
"M3"	"MINT"	"PRTFDC1"
"M3"	"MINT"	"IKZF3"
"M3"	"MINT"	"TRPV6"
"M3"	"MINT"	"HLA-DMB"
"M3"	"MINT"	"DAPP1"
"M3"	"MINT"	"CCL5"
"M3"	"MINT"	"LINGO1"
"M3"	"MINT"	"NCKAP5"
"M3"	"MINT"	"IL1B"
"M3"	"MINT"	"CSTA"
"M3"	"MINT"	"CD3D"
"M3"	"MINT"	"HLA-DRB1"
"M3"	"MINT"	"HLA-DRA"
"M3"	"MINT"	"CD74"
"M3"	"MINT"	"APOC1"
"M3"	"MINT"	"PSMB9"
"M3"	"MINT"	"HLA-DPA1"
"M3"	"MINT"	"CCL18"
"M3"	"MINT"	"CST7"
"M3"	"MINT"	"CD7"
"M3"	"MINT"	"ARMCX2"
"M3"	"MINT"	"BOC"
"M3"	"MINT"	"OLR1"
"M3"	"MINT"	"RHOH"
"M3"	"MINT"	"HLA-DPB1"
"M3"	"MINT"	"PDZK1IP1"
"M3"	"MINT"	"PTPRH"
"M3"	"BCI"	"CD247"
"M3"	"BCI"	"VCAM1"
"M3"	"BCI"	"CAMK2B"
"M3"	"BCI"	"IL7R"
"M3"	"BCI"	"BCL2A1"
"M3"	"BCI"	"S100A8"
"M3"	"BCI"	"BIRC3"
"M3"	"BCI"	"MMP9"
"M3"	"BCI"	"GZMB"
"M3"	"BCI"	"IL2RG"
"M3"	"BCI"	"PRKCB"
"M3"	"BCI"	"CD3E"
"M3"	"BCI"	"TNFRSF9"
"M3"	"BCI"	"C2"
"M3"	"BCI"	"CCR7"
"M3"	"BCI"	"CCL3"
"M3"	"BCI"	"SELL"
"M3"	"BCI"	"IL2RB"
"M3"	"BCI"	"PRKCQ"
"M3"	"BCI"	"APOE"
"M3"	"BCI"	"CXCL8"
"M3"	"BCI"	"PTPRC"
"M3"	"BCI"	"POU2AF1"
"M3"	"BCI"	"ZAP70"
"M3"	"BCI"	"LTB"
"M3"	"BCI"	"CD8A"
"M3"	"BCI"	"CD2"
"M3"	"BCI"	"CD79B"
"M3"	"BCI"	"CSF3R"
"M3"	"BCI"	"CD5"
"M3"	"BCI"	"GZMA"
"M3"	"BCI"	"KRT5"
"M3"	"BCI"	"HLA-DMB"
"M3"	"BCI"	"CD48"
"M3"	"BCI"	"CCL5"
"M3"	"BCI"	"SERPINF2"
"M3"	"BCI"	"ITGA2B"
"M3"	"BCI"	"CFD"
"M3"	"BCI"	"MMP12"
"M3"	"BCI"	"IL1B"
"M3"	"BCI"	"CFH"
"M3"	"BCI"	"CSTA"
"M3"	"BCI"	"CD79A"
"M3"	"BCI"	"CD3D"
"M3"	"BCI"	"HLA-G"
"M3"	"BCI"	"HLA-DRA"
"M3"	"BCI"	"CD74"
"M3"	"BCI"	"C1QB"
"M3"	"BCI"	"PSMB9"
"M3"	"BCI"	"CD38"
"M3"	"BCI"	"RUNX3"
"M3"	"BCI"	"CD7"
"M3"	"BCI"	"EDN2"
"M3"	"BCI"	"ATP2A3"
"M3"	"BCI"	"KLRB1"
"M3"	"BCI"	"HLA-F"
"M3"	"BCI"	"RHOH"
"M3"	"BCI"	"LAG3"
"M3"	"SOURAV_MAPK_LOW"	"PACSIN1"
"M3"	"SOURAV_MAPK_LOW"	"PRKCB"
"M3"	"SOURAV_MAPK_LOW"	"PYGO1"
"M3"	"SOURAV_MAPK_LOW"	"PRKCQ"
"M3"	"BioGrid_Mouse"	"LRRK2"
"M3"	"BioGrid_Mouse"	"CD247"
"M3"	"BioGrid_Mouse"	"SIX1"
"M3"	"BioGrid_Mouse"	"TLR4"
"M3"	"BioGrid_Mouse"	"BIRC3"
"M3"	"BioGrid_Mouse"	"MMP9"
"M3"	"BioGrid_Mouse"	"MAP2"
"M3"	"BioGrid_Mouse"	"CD3E"
"M3"	"BioGrid_Mouse"	"CARD11"
"M3"	"BioGrid_Mouse"	"TNFRSF9"
"M3"	"BioGrid_Mouse"	"TNFRSF11A"
"M3"	"BioGrid_Mouse"	"EMX2"
"M3"	"BioGrid_Mouse"	"PYGO1"
"M3"	"BioGrid_Mouse"	"NTRK2"
"M3"	"BioGrid_Mouse"	"IDO1"
"M3"	"BioGrid_Mouse"	"PRKCQ"
"M3"	"BioGrid_Mouse"	"APOE"
"M3"	"BioGrid_Mouse"	"DCLK1"
"M3"	"BioGrid_Mouse"	"PTPRC"
"M3"	"BioGrid_Mouse"	"NRCAM"
"M3"	"BioGrid_Mouse"	"ZAP70"
"M3"	"BioGrid_Mouse"	"CSF3R"
"M3"	"BioGrid_Mouse"	"IKZF3"
"M3"	"BioGrid_Mouse"	"IL1B"
"M3"	"BioGrid_Mouse"	"HLA-DQB1"
"M3"	"BioGrid_Mouse"	"CD79A"
"M3"	"BioGrid_Mouse"	"CD3D"
"M3"	"BioGrid_Mouse"	"CD38"
"M3"	"BioGrid_Mouse"	"EPHB3"
"M3"	"BioGrid_Mouse"	"WNT11"
"M3"	"BioGrid_Mouse"	"PCLO"
"M3"	"BioGrid_Mouse"	"ANKRD22"
"M3"	"INNATEDB_Mouse"	"TLR4"
"M3"	"INNATEDB_Mouse"	"SPP1"
"M3"	"INNATEDB_Mouse"	"IL7R"
"M3"	"INNATEDB_Mouse"	"C3"
"M3"	"INNATEDB_Mouse"	"S100A8"
"M3"	"INNATEDB_Mouse"	"BIRC3"
"M3"	"INNATEDB_Mouse"	"IL2RG"
"M3"	"INNATEDB_Mouse"	"PRKCB"
"M3"	"INNATEDB_Mouse"	"CCR5"
"M3"	"INNATEDB_Mouse"	"CARD11"
"M3"	"INNATEDB_Mouse"	"TNFRSF11A"
"M3"	"INNATEDB_Mouse"	"CCR7"
"M3"	"INNATEDB_Mouse"	"CCL4"
"M3"	"INNATEDB_Mouse"	"SELL"
"M3"	"INNATEDB_Mouse"	"IL2RB"
"M3"	"INNATEDB_Mouse"	"IDO1"
"M3"	"INNATEDB_Mouse"	"PRKCQ"
"M3"	"INNATEDB_Mouse"	"EPHA4"
"M3"	"INNATEDB_Mouse"	"KYNU"
"M3"	"INNATEDB_Mouse"	"ZAP70"
"M3"	"INNATEDB_Mouse"	"TSPAN7"
"M3"	"INNATEDB_Mouse"	"TREM2"
"M3"	"INNATEDB_Mouse"	"BATF"
"M3"	"INNATEDB_Mouse"	"CSF3R"
"M3"	"INNATEDB_Mouse"	"DAPP1"
"M3"	"INNATEDB_Mouse"	"CCL5"
"M3"	"INNATEDB_Mouse"	"MMP12"
"M3"	"INNATEDB_Mouse"	"IL1B"
"M3"	"INNATEDB_Mouse"	"CD79A"
"M3"	"INNATEDB_Mouse"	"CD74"
"M3"	"INNATEDB_Mouse"	"FGL2"
"M3"	"INNATEDB_Mouse"	"MRC1"
"M3"	"INNATEDB_Mouse"	"PRF1"
"M3"	"INNATEDB_Mouse"	"BOC"
"M3"	"INNATEDB_Mouse"	"SIGLEC1"
"M3"	"INNATEDB_Mouse"	"MZB1"
"M3"	"INNATEDB_Mouse"	"JAML"
"M3"	"INNATEDB_Mouse"	"FREM2"
"M3"	"INNATEDB_Mouse"	"IL17RD"
"M3"	"HPRD"	"CD247"
"M3"	"HPRD"	"VCAM1"
"M3"	"HPRD"	"NANOS1"
"M3"	"HPRD"	"SIX1"
"M3"	"HPRD"	"CAMK2B"
"M3"	"HPRD"	"TLR4"
"M3"	"HPRD"	"LYZ"
"M3"	"HPRD"	"NUPR1"
"M3"	"HPRD"	"SPP1"
"M3"	"HPRD"	"IL7R"
"M3"	"HPRD"	"C3"
"M3"	"HPRD"	"BCL2A1"
"M3"	"HPRD"	"PACSIN1"
"M3"	"HPRD"	"S100A8"
"M3"	"HPRD"	"BIRC3"
"M3"	"HPRD"	"MMP9"
"M3"	"HPRD"	"GZMB"
"M3"	"HPRD"	"ALOX5AP"
"M3"	"HPRD"	"IL2RG"
"M3"	"HPRD"	"PRKCB"
"M3"	"HPRD"	"CD3E"
"M3"	"HPRD"	"CCR5"
"M3"	"HPRD"	"CARD11"
"M3"	"HPRD"	"TNFRSF9"
"M3"	"HPRD"	"TNFRSF11A"
"M3"	"HPRD"	"EMX2"
"M3"	"HPRD"	"C2"
"M3"	"HPRD"	"PYGO1"
"M3"	"HPRD"	"KHDRBS3"
"M3"	"HPRD"	"CXCL13"
"M3"	"HPRD"	"CCR7"
"M3"	"HPRD"	"CCL3"
"M3"	"HPRD"	"CCL4"
"M3"	"HPRD"	"SELL"
"M3"	"HPRD"	"DPP4"
"M3"	"HPRD"	"NTRK2"
"M3"	"HPRD"	"BHLHE41"
"M3"	"HPRD"	"IL2RB"
"M3"	"HPRD"	"IDO1"
"M3"	"HPRD"	"TUSC3"
"M3"	"HPRD"	"PRKCQ"
"M3"	"HPRD"	"APOE"
"M3"	"HPRD"	"CASKIN1"
"M3"	"HPRD"	"TFEC"
"M3"	"HPRD"	"EPHA4"
"M3"	"HPRD"	"CXCL8"
"M3"	"HPRD"	"SKAP1"
"M3"	"HPRD"	"FPR1"
"M3"	"HPRD"	"POU2AF1"
"M3"	"HPRD"	"NRCAM"
"M3"	"HPRD"	"ZAP70"
"M3"	"HPRD"	"TNFSF14"
"M3"	"HPRD"	"LTB"
"M3"	"HPRD"	"CD8A"
"M3"	"HPRD"	"SYT7"
"M3"	"HPRD"	"CD2"
"M3"	"HPRD"	"HLA-DQA1"
"M3"	"HPRD"	"C1QA"
"M3"	"HPRD"	"CD79B"
"M3"	"HPRD"	"RARRES3"
"M3"	"HPRD"	"TSPAN7"
"M3"	"HPRD"	"TREM2"
"M3"	"HPRD"	"TDO2"
"M3"	"HPRD"	"BATF"
"M3"	"HPRD"	"SRCIN1"
"M3"	"HPRD"	"CSF3R"
"M3"	"HPRD"	"CDH3"
"M3"	"HPRD"	"CD5"
"M3"	"HPRD"	"SLAMF7"
"M3"	"HPRD"	"PRTFDC1"
"M3"	"HPRD"	"IKZF3"
"M3"	"HPRD"	"GZMA"
"M3"	"HPRD"	"BEX1"
"M3"	"HPRD"	"KRT5"
"M3"	"HPRD"	"HLA-DRB5"
"M3"	"HPRD"	"SEMA6A"
"M3"	"HPRD"	"CD48"
"M3"	"HPRD"	"CCL5"
"M3"	"HPRD"	"LINGO1"
"M3"	"HPRD"	"SERPINF2"
"M3"	"HPRD"	"NCKAP5"
"M3"	"HPRD"	"ITGA2B"
"M3"	"HPRD"	"F5"
"M3"	"HPRD"	"CFD"
"M3"	"HPRD"	"MMP12"
"M3"	"HPRD"	"IL1B"
"M3"	"HPRD"	"CFH"
"M3"	"HPRD"	"VSIG4"
"M3"	"HPRD"	"C4A"
"M3"	"HPRD"	"CSTA"
"M3"	"HPRD"	"HLA-DQA2"
"M3"	"HPRD"	"HLA-DQB1"
"M3"	"HPRD"	"CD79A"
"M3"	"HPRD"	"CD3D"
"M3"	"HPRD"	"HLA-G"
"M3"	"HPRD"	"HLA-DRB1"
"M3"	"HPRD"	"JCHAIN"
"M3"	"HPRD"	"KLRD1"
"M3"	"HPRD"	"HLA-DRA"
"M3"	"HPRD"	"CD74"
"M3"	"HPRD"	"APOL1"
"M3"	"HPRD"	"APOC1"
"M3"	"HPRD"	"C1QB"
"M3"	"HPRD"	"FBN2"
"M3"	"HPRD"	"CXCL10"
"M3"	"HPRD"	"PSMB9"
"M3"	"HPRD"	"HLA-DPA1"
"M3"	"HPRD"	"CCL18"
"M3"	"HPRD"	"MSI1"
"M3"	"HPRD"	"CLIC3"
"M3"	"HPRD"	"PLA1A"
"M3"	"HPRD"	"CD38"
"M3"	"HPRD"	"RUNX3"
"M3"	"HPRD"	"EPHB3"
"M3"	"HPRD"	"CST7"
"M3"	"HPRD"	"CD7"
"M3"	"HPRD"	"BANK1"
"M3"	"HPRD"	"ARMCX2"
"M3"	"HPRD"	"ZNF423"
"M3"	"HPRD"	"HLA-DOA"
"M3"	"HPRD"	"PRF1"
"M3"	"HPRD"	"CXCL11"
"M3"	"HPRD"	"CXCL9"
"M3"	"HPRD"	"BOC"
"M3"	"HPRD"	"MFAP2"
"M3"	"HPRD"	"FGF9"
"M3"	"HPRD"	"HLA-F"
"M3"	"HPRD"	"RHOH"
"M3"	"HPRD"	"CHI3L1"
"M3"	"HPRD"	"MZB1"
"M3"	"HPRD"	"CD69"
"M3"	"HPRD"	"TNFRSF18"
"M3"	"HPRD"	"PCLO"
"M3"	"HPRD"	"PDZK1IP1"
"M3"	"HPRD"	"NSG1"
"M3"	"HPRD"	"SCUBE3"
"M3"	"HPRD"	"EMID1"
"M3"	"HPRD"	"GBP5"
"M3"	"HPRD"	"IGSF9"
"M3"	"BIND"	"VCAM1"
"M3"	"BIND"	"SIX1"
"M3"	"BIND"	"CAMK2B"
"M3"	"BIND"	"NUPR1"
"M3"	"BIND"	"C3"
"M3"	"BIND"	"S100A8"
"M3"	"BIND"	"BIRC3"
"M3"	"BIND"	"MMP9"
"M3"	"BIND"	"GZMB"
"M3"	"BIND"	"CARD11"
"M3"	"BIND"	"TNFRSF11A"
"M3"	"BIND"	"CCL4"
"M3"	"BIND"	"SELL"
"M3"	"BIND"	"DPP4"
"M3"	"BIND"	"IL2RB"
"M3"	"BIND"	"PRKCQ"
"M3"	"BIND"	"APOE"
"M3"	"BIND"	"CXCL8"
"M3"	"BIND"	"PTPRC"
"M3"	"BIND"	"NRCAM"
"M3"	"BIND"	"ZAP70"
"M3"	"BIND"	"CD8A"
"M3"	"BIND"	"CD2"
"M3"	"BIND"	"BATF"
"M3"	"BIND"	"KRT5"
"M3"	"BIND"	"HLA-DMB"
"M3"	"BIND"	"HLA-DRB5"
"M3"	"BIND"	"SEMA6A"
"M3"	"BIND"	"CCL5"
"M3"	"BIND"	"LINGO1"
"M3"	"BIND"	"ITGA2B"
"M3"	"BIND"	"F5"
"M3"	"BIND"	"MMP12"
"M3"	"BIND"	"CSTA"
"M3"	"BIND"	"CD3D"
"M3"	"BIND"	"HLA-DRB1"
"M3"	"BIND"	"HLA-DRA"
"M3"	"BIND"	"CD74"
"M3"	"BIND"	"CXCL10"
"M3"	"BIND"	"CD38"
"M3"	"BIND"	"RUNX3"
"M3"	"BIND"	"EPHB3"
"M3"	"BIND"	"ARMCX2"
"M3"	"BIND"	"OLR1"
"M3"	"BIND"	"FGF9"
"M3"	"BIND"	"CHI3L1"
"M3"	"BIND"	"CD69"
"M3"	"BIND_Mouse"	"CD247"
"M3"	"BIND_Mouse"	"TLR4"
"M3"	"BIND_Mouse"	"PACSIN1"
"M3"	"BIND_Mouse"	"S100A8"
"M3"	"BIND_Mouse"	"IL2RG"
"M3"	"BIND_Mouse"	"CD3E"
"M3"	"BIND_Mouse"	"CCR5"
"M3"	"BIND_Mouse"	"TNFRSF11A"
"M3"	"BIND_Mouse"	"PRKCQ"
"M3"	"BIND_Mouse"	"HLA-DQA1"
"M3"	"BIND_Mouse"	"SEMA6D"
"M3"	"BIND_Mouse"	"HLA-G"
"M3"	"BIND_Mouse"	"RCOR2"
"M3"	"BIND_Mouse"	"FREM2"
"M3"	"BIND_Mouse"	"FRAS1"
"M3"	"BioGrid_Rat"	"CAMK2B"
"M3"	"BioGrid_Rat"	"SPP1"
"M3"	"BioGrid_Rat"	"PRKCB"
"M3"	"BioGrid_Rat"	"C2"
"M3"	"BioGrid_Rat"	"KHDRBS3"
"M3"	"BioGrid_Rat"	"NTRK2"
"M3"	"BioGrid_Rat"	"CASKIN1"
"M3"	"BioGrid_Rat"	"SRCIN1"
"M3"	"BioGrid_Rat"	"RUNX3"
"M3"	"DIP_Mouse"	"VCAM1"
"M3"	"DIP_Mouse"	"CAMK2B"
"M3"	"DIP_Mouse"	"TLR4"
"M3"	"DIP_Mouse"	"PACSIN1"
"M3"	"DIP_Mouse"	"TNFRSF11A"
"M3"	"DIP_Mouse"	"NTRK2"
"M3"	"DIP_Mouse"	"IDO1"
"M3"	"DIP_Mouse"	"PRKCQ"
"M3"	"DIP_Mouse"	"EPHA4"
"M3"	"DIP_Mouse"	"CD79B"
"M3"	"DIP_Mouse"	"SEMA6A"
"M3"	"DIP_Mouse"	"LINGO1"
"M3"	"DIP_Mouse"	"CD79A"
"M3"	"DIP_Mouse"	"CD38"
"M3"	"DIP_Mouse"	"PRF1"
"M3"	"DIP_Mouse"	"RCOR2"
"M3"	"DIP_Mouse"	"JAML"
"M3"	"DIP_Mouse"	"BAIAP2L2"
"M3"	"BioGrid_Yeast"	"DPP4"
"M3"	"BioGrid_Yeast"	"IDO1"
"M3"	"BioGrid_Yeast"	"TUSC3"
"M3"	"BioGrid_Yeast"	"KYNU"
"M3"	"YeastMedium"	"DPP4"
"M3"	"YeastMedium"	"TUSC3"
"M3"	"YeastMedium"	"KYNU"
"M3"	"IntAct_Rat"	"LRRK2"
"M3"	"IntAct_Rat"	"CAMK2B"
"M3"	"IntAct_Rat"	"SPP1"
"M3"	"IntAct_Rat"	"NTRK2"
"M3"	"IntAct_Rat"	"PTPRC"
"M3"	"IntAct_Rat"	"SRCIN1"
"M3"	"IntAct_Rat"	"KCNN1"
"M3"	"IntAct_Rat"	"PCLO"
"M3"	"MINT_Rat"	"MAP2"
"M3"	"MINT_Rat"	"NTRK2"
"M3"	"BIND_Rat"	"C3"
"M3"	"BIND_Rat"	"PACSIN1"
"M3"	"BIND_Rat"	"PRKCB"
"M3"	"BIND_Rat"	"CD2"
"M3"	"BIND_Rat"	"CD48"
"M3"	"BIND_Rat"	"ZNF423"
"M3"	"BIND_Rat"	"NSG1"
"M3"	"BioGrid_Worm"	"EPHA4"
"M3"	"BioGrid_Worm"	"DCLK1"
"M3"	"BioGrid_Worm"	"TDO2"
"M3"	"VidalHuman_non_core"	"SIX1"
"M3"	"VidalHuman_non_core"	"IL2RG"
"M3"	"VidalHuman_non_core"	"KHDRBS3"
"M3"	"VidalHuman_non_core"	"FGL2"
"M3"	"VidalHuman_non_core"	"MYEOV"
"M3"	"IntAct_Worm"	"EPHA4"
"M3"	"IntAct_Worm"	"DCLK1"
"M3"	"IntAct_Worm"	"TDO2"
"M3"	"MINT_Worm"	"DCLK1"
"M3"	"MINT_Worm"	"TDO2"
"M3"	"IntAct_Fly"	"SIX1"
"M3"	"IntAct_Fly"	"NRCAM"
"M3"	"IntAct_Fly"	"SULT1C4"
"M3"	"BIND_Worm"	"DCLK1"
"M3"	"BIND_Worm"	"TDO2"
"M3"	"StelzlMedium"	"PACSIN1"
"M3"	"StelzlMedium"	"S100A8"
"M3"	"StelzlMedium"	"CXCL13"
"M3"	"StelzlMedium"	"HLA-DQA1"
"M3"	"StelzlMedium"	"CCL18"
"M3"	"StelzlMedium"	"RHOH"
"M3"	"StelzlMedium"	"PDZK1IP1"
"M3"	"SOURAV_MAPK_HIGH"	"PACSIN1"
"M3"	"SOURAV_MAPK_HIGH"	"PYGO1"
"M3"	"VidalHuman_core"	"SIX1"
"M3"	"VidalHuman_core"	"SPP1"
"M3"	"VidalHuman_core"	"KHDRBS3"
"M3"	"VidalHuman_core"	"TDO2"
"M3"	"VidalHuman_core"	"PRTFDC1"
"M3"	"ShawnLi"	"IL2RG"
"M3"	"ShawnLi"	"NCKAP5"
"M3"	"MINT_Mouse"	"CAMK2B"
"M3"	"MINT_Mouse"	"BIRC3"
"M3"	"MINT_Mouse"	"MAP2"
"M3"	"MINT_Mouse"	"NTRK2"
"M3"	"MINT_Mouse"	"EPHA4"
"M3"	"MINT_Mouse"	"NRCAM"
"M3"	"MINT_Mouse"	"CD8A"
"M3"	"MINT_Mouse"	"HLA-DQA1"
"M3"	"MINT_Mouse"	"SEMA6A"
"M3"	"DIP_Rat"	"ALOX5AP"
"M3"	"DIP_Rat"	"NTRK2"
"M3"	"StelzlHigh"	"S100A8"
"M3"	"StelzlHigh"	"HLA-DQA1"
"M3"	"StelzlHigh"	"CCL18"
"M3"	"I2D-c_Fiona_HUMAN"	"MMP9"
"M3"	"I2D-c_Fiona_HUMAN"	"CDH3"
"M3"	"MGI"	"SIX1"
"M3"	"MGI"	"PACSIN1"
"M3"	"MGI"	"PRKCB"
"M3"	"MGI"	"CCL4"
"M3"	"MGI"	"NTRK2"
"M3"	"MGI"	"PRKCQ"
"M3"	"MGI"	"EMID1"
"M3"	"StelzlLow"	"S100A8"
"M3"	"StelzlLow"	"CSTA"
"M3"	"StelzlLow"	"RHOH"
"M3"	"I2D-text_mining-c"	"CSTA"
"M3"	"YeastLow"	"KYNU"
"M3"	"Krogan_NonCore"	"KYNU"
"M3"	"IntAct_Yeast"	"TUSC3"
"M3"	"IntAct_Yeast"	"KYNU"
"M3"	"DIP_Worm"	"DCLK1"
"M3"	"DIP_Worm"	"TDO2"
"M3"	"FlyHigh"	"SIX1"
"M3"	"Fawcett_polarity_Rat"	"MAP2"
"M3"	"Fawcett_polarity_Rat"	"PCLO"
"M3"	"DIP_Yeast"	"TUSC3"
"M3"	"CORE_2"	"DCLK1"
"M4"	"BioGrid"	"VCAN"
"M4"	"BioGrid"	"LUM"
"M4"	"BioGrid"	"CNTN1"
"M4"	"BioGrid"	"WNT2"
"M4"	"BioGrid"	"CDH2"
"M4"	"BioGrid"	"SNCAIP"
"M4"	"BioGrid"	"DCN"
"M4"	"BioGrid"	"TSHZ2"
"M4"	"BioGrid"	"PDPN"
"M4"	"BioGrid"	"BMP4"
"M4"	"BioGrid"	"RUNX2"
"M4"	"BioGrid"	"SATB1"
"M4"	"BioGrid"	"RAB26"
"M4"	"BioGrid"	"ACSS3"
"M4"	"BioGrid"	"HOXA9"
"M4"	"BioGrid"	"MME"
"M4"	"BioGrid"	"NKD2"
"M4"	"BioGrid"	"DACT1"
"M4"	"BioGrid"	"PDGFRA"
"M4"	"BioGrid"	"FGF1"
"M4"	"BioGrid"	"NRXN2"
"M4"	"BioGrid"	"MOXD1"
"M4"	"BioGrid"	"GJA1"
"M4"	"BioGrid"	"COL3A1"
"M4"	"BioGrid"	"SKAP2"
"M4"	"BioGrid"	"HOXA3"
"M4"	"BioGrid"	"RUNX1T1"
"M4"	"BioGrid"	"TWIST1"
"M4"	"BioGrid"	"PTGDS"
"M4"	"BioGrid"	"NR2F1"
"M4"	"BioGrid"	"SCG5"
"M4"	"BioGrid"	"HOXA11"
"M4"	"BioGrid"	"OTX1"
"M4"	"BioGrid"	"CHRD"
"M4"	"BioGrid"	"CCND2"
"M4"	"BioGrid"	"APOD"
"M4"	"BioGrid"	"CCL21"
"M4"	"BioGrid"	"ECM1"
"M4"	"BioGrid"	"SFRP1"
"M4"	"BioGrid"	"ALDH1A1"
"M4"	"BioGrid"	"WNT4"
"M4"	"BioGrid"	"RAMP1"
"M4"	"BioGrid"	"KCND3"
"M4"	"BioGrid"	"PTPRD"
"M4"	"BioGrid"	"HTR2B"
"M4"	"BioGrid"	"HAND2"
"M4"	"BioGrid"	"F13A1"
"M4"	"BioGrid"	"LAMC3"
"M4"	"BioGrid"	"IGF2"
"M4"	"BioGrid"	"HGF"
"M4"	"BioGrid"	"MMP2"
"M4"	"BioGrid"	"NPR3"
"M4"	"BioGrid"	"FAP"
"M4"	"BioGrid"	"FOXL2"
"M4"	"BioGrid"	"COL14A1"
"M4"	"BioGrid"	"RASL11B"
"M4"	"BioGrid"	"PCDHGC3"
"M4"	"BioGrid"	"MMP10"
"M4"	"BioGrid"	"ADRA2C"
"M4"	"BioGrid"	"KIF26B"
"M4"	"BioGrid"	"SELP"
"M4"	"BioGrid"	"ZNF521"
"M4"	"BioGrid"	"ABI3BP"
"M4"	"BioGrid"	"OLFML3"
"M4"	"BioGrid"	"HOXA10"
"M4"	"BioGrid"	"ATOH8"
"M4"	"BioGrid"	"ADAMTSL2"
"M4"	"BioGrid"	"MAT1A"
"M4"	"BioGrid"	"FAT1"
"M4"	"BioGrid"	"TWIST2"
"M4"	"BioGrid"	"HOXA5"
"M4"	"BioGrid"	"DIO2"
"M4"	"BioGrid"	"DPYSL4"
"M4"	"BioGrid"	"TSPYL5"
"M4"	"BioGrid"	"CLMP"
"M4"	"HPRD"	"VCAN"
"M4"	"HPRD"	"LUM"
"M4"	"HPRD"	"CNTN1"
"M4"	"HPRD"	"WNT2"
"M4"	"HPRD"	"CDH2"
"M4"	"HPRD"	"SNCAIP"
"M4"	"HPRD"	"DCN"
"M4"	"HPRD"	"BMP4"
"M4"	"HPRD"	"RUNX2"
"M4"	"HPRD"	"SATB1"
"M4"	"HPRD"	"HOXA9"
"M4"	"HPRD"	"MME"
"M4"	"HPRD"	"PTGER2"
"M4"	"HPRD"	"PDGFRA"
"M4"	"HPRD"	"FGF1"
"M4"	"HPRD"	"SEMA3C"
"M4"	"HPRD"	"NRXN2"
"M4"	"HPRD"	"SKAP2"
"M4"	"HPRD"	"SVEP1"
"M4"	"HPRD"	"RUNX1T1"
"M4"	"HPRD"	"TWIST1"
"M4"	"HPRD"	"PTGDS"
"M4"	"HPRD"	"NR2F1"
"M4"	"HPRD"	"SCG5"
"M4"	"HPRD"	"HOXA11"
"M4"	"HPRD"	"OTX1"
"M4"	"HPRD"	"CCND2"
"M4"	"HPRD"	"APOD"
"M4"	"HPRD"	"CCL21"
"M4"	"HPRD"	"ECM1"
"M4"	"HPRD"	"SFRP1"
"M4"	"HPRD"	"RAMP1"
"M4"	"HPRD"	"KCND3"
"M4"	"HPRD"	"PTPRD"
"M4"	"HPRD"	"COL12A1"
"M4"	"HPRD"	"HTR2B"
"M4"	"HPRD"	"LAMA2"
"M4"	"HPRD"	"HAND2"
"M4"	"HPRD"	"F13A1"
"M4"	"HPRD"	"SHC2"
"M4"	"HPRD"	"IGF2"
"M4"	"HPRD"	"HGF"
"M4"	"HPRD"	"MMP2"
"M4"	"HPRD"	"NPR3"
"M4"	"HPRD"	"FAP"
"M4"	"HPRD"	"SPOCK1"
"M4"	"HPRD"	"FGF13"
"M4"	"HPRD"	"COL14A1"
"M4"	"HPRD"	"MMP10"
"M4"	"HPRD"	"ADRA2C"
"M4"	"HPRD"	"ACKR1"
"M4"	"HPRD"	"ITGA9"
"M4"	"HPRD"	"MMRN1"
"M4"	"HPRD"	"SELP"
"M4"	"HPRD"	"ZNF521"
"M4"	"HPRD"	"ABI3BP"
"M4"	"HPRD"	"HOXA10"
"M4"	"HPRD"	"FAT1"
"M4"	"HPRD"	"TWIST2"
"M4"	"HPRD"	"HOXA5"
"M4"	"HPRD"	"CNTN4"
"M4"	"HPRD"	"DIO2"
"M4"	"HPRD"	"MMP16"
"M4"	"HPRD"	"LRRC4C"
"M4"	"HPRD"	"ST6GAL2"
"M4"	"IntAct_Mouse"	"CNTN1"
"M4"	"IntAct_Mouse"	"CDH2"
"M4"	"IntAct_Mouse"	"SNCAIP"
"M4"	"IntAct_Mouse"	"NKD1"
"M4"	"IntAct_Mouse"	"RUNX2"
"M4"	"IntAct_Mouse"	"NKD2"
"M4"	"IntAct_Mouse"	"DACT1"
"M4"	"IntAct_Mouse"	"GJA1"
"M4"	"IntAct_Mouse"	"COL3A1"
"M4"	"IntAct_Mouse"	"SKAP2"
"M4"	"IntAct_Mouse"	"CCND2"
"M4"	"IntAct_Mouse"	"ECM1"
"M4"	"IntAct_Mouse"	"HAND2"
"M4"	"IntAct_Mouse"	"FOXL2"
"M4"	"IntAct_Mouse"	"LRRC4C"
"M4"	"BioGrid_Mouse"	"WNT2"
"M4"	"BioGrid_Mouse"	"CDH2"
"M4"	"BioGrid_Mouse"	"SNCAIP"
"M4"	"BioGrid_Mouse"	"BMP4"
"M4"	"BioGrid_Mouse"	"RUNX2"
"M4"	"BioGrid_Mouse"	"HOXA9"
"M4"	"BioGrid_Mouse"	"MME"
"M4"	"BioGrid_Mouse"	"NKD2"
"M4"	"BioGrid_Mouse"	"PDGFRA"
"M4"	"BioGrid_Mouse"	"GJA1"
"M4"	"BioGrid_Mouse"	"SFRP4"
"M4"	"BioGrid_Mouse"	"COL3A1"
"M4"	"BioGrid_Mouse"	"RUNX1T1"
"M4"	"BioGrid_Mouse"	"TWIST1"
"M4"	"BioGrid_Mouse"	"HOXA11"
"M4"	"BioGrid_Mouse"	"SFRP1"
"M4"	"BioGrid_Mouse"	"WNT4"
"M4"	"BioGrid_Mouse"	"HAND2"
"M4"	"BioGrid_Mouse"	"SHC2"
"M4"	"BioGrid_Mouse"	"HOXA10"
"M4"	"BioGrid_Mouse"	"HOXA5"
"M4"	"MGI"	"CDH2"
"M4"	"MGI"	"BMP4"
"M4"	"MGI"	"RAB26"
"M4"	"MGI"	"OTX1"
"M4"	"MGI"	"CCND2"
"M4"	"MGI"	"WNT4"
"M4"	"IntAct"	"VCAN"
"M4"	"IntAct"	"CNTN1"
"M4"	"IntAct"	"CDH2"
"M4"	"IntAct"	"SNCAIP"
"M4"	"IntAct"	"NKD1"
"M4"	"IntAct"	"BMP4"
"M4"	"IntAct"	"RUNX2"
"M4"	"IntAct"	"SATB1"
"M4"	"IntAct"	"ACSS3"
"M4"	"IntAct"	"HOXA9"
"M4"	"IntAct"	"MME"
"M4"	"IntAct"	"NKD2"
"M4"	"IntAct"	"DACT1"
"M4"	"IntAct"	"PTGER2"
"M4"	"IntAct"	"PDGFRA"
"M4"	"IntAct"	"FGF1"
"M4"	"IntAct"	"NRXN2"
"M4"	"IntAct"	"MOXD1"
"M4"	"IntAct"	"GJA1"
"M4"	"IntAct"	"SFRP4"
"M4"	"IntAct"	"SKAP2"
"M4"	"IntAct"	"HOXA3"
"M4"	"IntAct"	"SVEP1"
"M4"	"IntAct"	"RUNX1T1"
"M4"	"IntAct"	"TWIST1"
"M4"	"IntAct"	"PTGDS"
"M4"	"IntAct"	"NR2F1"
"M4"	"IntAct"	"FLRT2"
"M4"	"IntAct"	"SCG5"
"M4"	"IntAct"	"HOXA11"
"M4"	"IntAct"	"OTX1"
"M4"	"IntAct"	"CHRD"
"M4"	"IntAct"	"CCND2"
"M4"	"IntAct"	"APOD"
"M4"	"IntAct"	"CCL21"
"M4"	"IntAct"	"ECM1"
"M4"	"IntAct"	"SFRP1"
"M4"	"IntAct"	"ALDH1A1"
"M4"	"IntAct"	"WNT4"
"M4"	"IntAct"	"MXRA5"
"M4"	"IntAct"	"RAMP1"
"M4"	"IntAct"	"PTPRD"
"M4"	"IntAct"	"FAT4"
"M4"	"IntAct"	"COL12A1"
"M4"	"IntAct"	"HTR2B"
"M4"	"IntAct"	"LAMA2"
"M4"	"IntAct"	"F13A1"
"M4"	"IntAct"	"SHC2"
"M4"	"IntAct"	"LAMC3"
"M4"	"IntAct"	"IGF2"
"M4"	"IntAct"	"HGF"
"M4"	"IntAct"	"MMP2"
"M4"	"IntAct"	"FAP"
"M4"	"IntAct"	"SPOCK1"
"M4"	"IntAct"	"FGF13"
"M4"	"IntAct"	"RASL11B"
"M4"	"IntAct"	"PCDHGC3"
"M4"	"IntAct"	"ABI3BP"
"M4"	"IntAct"	"OLFML3"
"M4"	"IntAct"	"HOXA10"
"M4"	"IntAct"	"ATOH8"
"M4"	"IntAct"	"ADAMTSL2"
"M4"	"IntAct"	"MAT1A"
"M4"	"IntAct"	"FAT1"
"M4"	"IntAct"	"TWIST2"
"M4"	"IntAct"	"HOXA5"
"M4"	"IntAct"	"OSR2"
"M4"	"IntAct"	"CNTN4"
"M4"	"IntAct"	"LRRN4CL"
"M4"	"IntAct"	"DPYSL4"
"M4"	"IntAct"	"LRRC4C"
"M4"	"IntAct"	"TSPYL5"
"M4"	"IntAct"	"CLMP"
"M4"	"IntAct"	"CYP1B1"
"M4"	"INNATEDB"	"VCAN"
"M4"	"INNATEDB"	"CDH2"
"M4"	"INNATEDB"	"SNCAIP"
"M4"	"INNATEDB"	"DCN"
"M4"	"INNATEDB"	"PDPN"
"M4"	"INNATEDB"	"BMP4"
"M4"	"INNATEDB"	"RUNX2"
"M4"	"INNATEDB"	"HOXA9"
"M4"	"INNATEDB"	"NKD2"
"M4"	"INNATEDB"	"PDGFRA"
"M4"	"INNATEDB"	"RUNX1T1"
"M4"	"INNATEDB"	"ATP1B2"
"M4"	"INNATEDB"	"CHRD"
"M4"	"INNATEDB"	"CCND2"
"M4"	"INNATEDB"	"APOD"
"M4"	"INNATEDB"	"MMP2"
"M4"	"INNATEDB"	"COL14A1"
"M4"	"INNATEDB"	"RARRES2"
"M4"	"INNATEDB"	"MMP10"
"M4"	"INNATEDB"	"ADRA2C"
"M4"	"INNATEDB"	"ACKR1"
"M4"	"INNATEDB"	"ITGA9"
"M4"	"INNATEDB"	"FREM1"
"M4"	"INNATEDB"	"HOXA10"
"M4"	"Miller_WntLumier"	"NKD1"
"M4"	"Miller_WntLumier"	"NKD2"
"M4"	"BIND"	"SNCAIP"
"M4"	"BIND"	"BMP4"
"M4"	"BIND"	"FGF1"
"M4"	"BIND"	"GJA1"
"M4"	"BIND"	"RUNX1T1"
"M4"	"BIND"	"NR2F1"
"M4"	"BIND"	"CCND2"
"M4"	"BIND"	"KCND3"
"M4"	"BIND"	"F13A1"
"M4"	"BIND"	"SHC2"
"M4"	"BIND"	"IGF2"
"M4"	"BIND"	"HGF"
"M4"	"BIND"	"MMP2"
"M4"	"BIND"	"NPR3"
"M4"	"BIND"	"FAP"
"M4"	"BIND"	"MMP10"
"M4"	"BIND"	"SELP"
"M4"	"BIND"	"HOXA10"
"M4"	"BIND"	"HOXA5"
"M4"	"BIND_Mouse"	"CDH2"
"M4"	"BIND_Mouse"	"BMP4"
"M4"	"BIND_Mouse"	"SKAP2"
"M4"	"BIND_Mouse"	"TWIST1"
"M4"	"BIND_Mouse"	"WNT4"
"M4"	"BIND_Mouse"	"LRRC4C"
"M4"	"BioGrid_Fly"	"RAB26"
"M4"	"BioGrid_Fly"	"ACSS3"
"M4"	"BioGrid_Fly"	"MOXD1"
"M4"	"BioGrid_Fly"	"CHRD"
"M4"	"BioGrid_Fly"	"CCND2"
"M4"	"BioGrid_Fly"	"PTPRD"
"M4"	"BioGrid_Fly"	"FAT4"
"M4"	"BioGrid_Fly"	"FAP"
"M4"	"BioGrid_Fly"	"FAT1"
"M4"	"BIND_Fly"	"RAB26"
"M4"	"BIND_Fly"	"FAP"
"M4"	"BIND_Fly"	"FAT1"
"M4"	"MINT_Fly"	"RAB26"
"M4"	"MINT_Fly"	"MOXD1"
"M4"	"MINT_Fly"	"PTPRD"
"M4"	"BCI"	"VCAN"
"M4"	"BCI"	"CNTN1"
"M4"	"BCI"	"CDH2"
"M4"	"BCI"	"RUNX2"
"M4"	"BCI"	"SATB1"
"M4"	"BCI"	"MME"
"M4"	"BCI"	"PDGFRA"
"M4"	"BCI"	"GJA1"
"M4"	"BCI"	"COL3A1"
"M4"	"BCI"	"RUNX1T1"
"M4"	"BCI"	"PTGDS"
"M4"	"BCI"	"NR2F1"
"M4"	"BCI"	"CCND2"
"M4"	"BCI"	"APOD"
"M4"	"BCI"	"CCL21"
"M4"	"BCI"	"F13A1"
"M4"	"BCI"	"IGF2"
"M4"	"BCI"	"ADRA2C"
"M4"	"BCI"	"ACKR1"
"M4"	"BCI"	"SELP"
"M4"	"DIP_Yeast"	"ALDH1A2"
"M4"	"BioGrid_Rat"	"SNCAIP"
"M4"	"BioGrid_Rat"	"DCN"
"M4"	"BioGrid_Rat"	"RUNX2"
"M4"	"BioGrid_Rat"	"DACT1"
"M4"	"BioGrid_Rat"	"NRXN2"
"M4"	"BioGrid_Rat"	"GJA1"
"M4"	"BioGrid_Rat"	"CCND2"
"M4"	"BioGrid_Rat"	"APOD"
"M4"	"BioGrid_Rat"	"HTR2B"
"M4"	"IntAct_Rat"	"SNCAIP"
"M4"	"IntAct_Rat"	"PDGFRA"
"M4"	"IntAct_Rat"	"NRXN2"
"M4"	"IntAct_Rat"	"GJA1"
"M4"	"IntAct_Rat"	"SCG5"
"M4"	"IntAct_Rat"	"MAT1A"
"M4"	"IntAct_Fly"	"MOXD1"
"M4"	"IntAct_Fly"	"ATP1B2"
"M4"	"IntAct_Fly"	"CHRD"
"M4"	"IntAct_Fly"	"APOD"
"M4"	"IntAct_Fly"	"PTPRD"
"M4"	"IntAct_Fly"	"FAT4"
"M4"	"IntAct_Fly"	"FAP"
"M4"	"IntAct_Fly"	"FAT1"
"M4"	"VidalHuman_core"	"SATB1"
"M4"	"VidalHuman_core"	"HOXA9"
"M4"	"VidalHuman_core"	"RUNX1T1"
"M4"	"VidalHuman_core"	"OTX1"
"M4"	"VidalHuman_core"	"CCND2"
"M4"	"VidalHuman_core"	"ALDH1A1"
"M4"	"DIP"	"SNCAIP"
"M4"	"DIP"	"NKD1"
"M4"	"DIP"	"BMP4"
"M4"	"DIP"	"RUNX2"
"M4"	"DIP"	"NKD2"
"M4"	"DIP"	"FGF1"
"M4"	"DIP"	"COL3A1"
"M4"	"DIP"	"RUNX1T1"
"M4"	"DIP"	"CHRD"
"M4"	"DIP"	"CCL21"
"M4"	"DIP"	"F13A1"
"M4"	"DIP"	"IGF2"
"M4"	"DIP"	"HGF"
"M4"	"DIP"	"MMP2"
"M4"	"DIP"	"APCDD1"
"M4"	"MINT"	"LUM"
"M4"	"MINT"	"CDH2"
"M4"	"MINT"	"SNCAIP"
"M4"	"MINT"	"PDPN"
"M4"	"MINT"	"BMP4"
"M4"	"MINT"	"SATB1"
"M4"	"MINT"	"MME"
"M4"	"MINT"	"PDGFRA"
"M4"	"MINT"	"GJA1"
"M4"	"MINT"	"RUNX1T1"
"M4"	"MINT"	"TWIST1"
"M4"	"MINT"	"NR2F1"
"M4"	"MINT"	"FLRT2"
"M4"	"MINT"	"OTX1"
"M4"	"MINT"	"CCND2"
"M4"	"MINT"	"APOD"
"M4"	"MINT"	"CCL21"
"M4"	"MINT"	"ALDH1A1"
"M4"	"MINT"	"PTPRD"
"M4"	"MINT"	"HTR2B"
"M4"	"MINT"	"SHC2"
"M4"	"MINT"	"IGF2"
"M4"	"MINT"	"FAP"
"M4"	"MINT"	"OLFML3"
"M4"	"MINT"	"DPYSL4"
"M4"	"MINT"	"LRRC4C"
"M4"	"MINT_Mouse"	"SNCAIP"
"M4"	"MINT_Mouse"	"PDGFRA"
"M4"	"MINT_Mouse"	"GJA1"
"M4"	"MINT_Mouse"	"LRRC4C"
"M4"	"IntAct_Worm"	"WNT4"
"M4"	"INNATEDB_Mouse"	"CDH2"
"M4"	"INNATEDB_Mouse"	"RUNX2"
"M4"	"INNATEDB_Mouse"	"GJA1"
"M4"	"INNATEDB_Mouse"	"SKAP2"
"M4"	"INNATEDB_Mouse"	"RUNX1T1"
"M4"	"INNATEDB_Mouse"	"PTGDS"
"M4"	"INNATEDB_Mouse"	"ACKR1"
"M4"	"INNATEDB_Mouse"	"SELP"
"M4"	"StelzlMedium"	"SNCAIP"
"M4"	"StelzlMedium"	"PDPN"
"M4"	"StelzlMedium"	"SCG5"
"M4"	"StelzlMedium"	"OLFML3"
"M4"	"StelzlMedium"	"DPYSL4"
"M4"	"BioGrid_Yeast"	"ALDH1A2"
"M4"	"BioGrid_Yeast"	"GPT"
"M4"	"BIND_Rat"	"CDH2"
"M4"	"BIND_Rat"	"ALDH1A2"
"M4"	"BIND_Rat"	"NRXN2"
"M4"	"BIND_Rat"	"GJA1"
"M4"	"BIND_Rat"	"KCND3"
"M4"	"BIND_Rat"	"MAT1A"
"M4"	"IntAct_Yeast"	"ALDH1A2"
"M4"	"DIP_Mouse"	"CDH2"
"M4"	"DIP_Mouse"	"RUNX2"
"M4"	"DIP_Mouse"	"GJA1"
"M4"	"DIP_Mouse"	"CCND2"
"M4"	"DIP_Mouse"	"HGF"
"M4"	"DIP_Mouse"	"KIF26B"
"M4"	"DIP_Mouse"	"MAT1A"
"M4"	"DIP_Fly"	"RAB26"
"M4"	"DIP_Fly"	"MOXD1"
"M4"	"DIP_Fly"	"ATP1B2"
"M4"	"DIP_Fly"	"CCND2"
"M4"	"DIP_Fly"	"APOD"
"M4"	"DIP_Fly"	"WNT4"
"M4"	"DIP_Fly"	"PTPRD"
"M4"	"DIP_Fly"	"FAT4"
"M4"	"DIP_Fly"	"FAP"
"M4"	"DIP_Rat"	"CDH2"
"M4"	"DIP_Rat"	"GJA1"
"M4"	"DIP_Rat"	"FNDC1"
"M4"	"VidalHuman_non_core"	"RUNX1T1"
"M4"	"VidalHuman_non_core"	"PTGDS"
"M4"	"YeastMedium"	"GPT"
"M4"	"StelzlLow"	"SNCAIP"
"M4"	"StelzlLow"	"PLPPR4"
"M4"	"FlyHigh"	"FAT1"
"M4"	"Krogan_NonCore"	"ALDH1A2"
"M4"	"YeastLow"	"GPT"
"M4"	"I2D-c_Fiona_HUMAN"	"MMP2"
"M4"	"FlyLow"	"FAP"
"M5"	"BioGrid"	"FN1"
"M5"	"BioGrid"	"KCNMB1"
"M5"	"BioGrid"	"NCAM1"
"M5"	"BioGrid"	"CACNA2D1"
"M5"	"BioGrid"	"ACTA2"
"M5"	"BioGrid"	"MASP1"
"M5"	"BioGrid"	"PTN"
"M5"	"BioGrid"	"KCNMA1"
"M5"	"BioGrid"	"FLNC"
"M5"	"BioGrid"	"FHL1"
"M5"	"BioGrid"	"EFHD1"
"M5"	"BioGrid"	"TAGLN"
"M5"	"BioGrid"	"DES"
"M5"	"BioGrid"	"EFEMP1"
"M5"	"BioGrid"	"PCSK5"
"M5"	"BioGrid"	"ELN"
"M5"	"BioGrid"	"TNC"
"M5"	"BioGrid"	"MYH11"
"M5"	"BioGrid"	"WT1"
"M5"	"BioGrid"	"PRUNE2"
"M5"	"BioGrid"	"SFRP2"
"M5"	"BioGrid"	"SERPINE1"
"M5"	"BioGrid"	"CES1"
"M5"	"BioGrid"	"KCNE4"
"M5"	"BioGrid"	"NOVA1"
"M5"	"BioGrid"	"CAVIN2"
"M5"	"BioGrid"	"COL8A1"
"M5"	"BioGrid"	"IGFBP5"
"M5"	"BioGrid"	"TGFBI"
"M5"	"BioGrid"	"TGFB2"
"M5"	"BioGrid"	"CXCL12"
"M5"	"BioGrid"	"PRELP"
"M5"	"BioGrid"	"COL4A6"
"M5"	"BioGrid"	"RGS4"
"M5"	"BioGrid"	"TFPI"
"M5"	"BioGrid"	"PTGIS"
"M5"	"BioGrid"	"NTM"
"M5"	"BioGrid"	"PTHLH"
"M5"	"BioGrid"	"CNN1"
"M5"	"BioGrid"	"INHBA"
"M5"	"BioGrid"	"NID2"
"M5"	"BioGrid"	"PGM5"
"M5"	"BioGrid"	"DPYSL3"
"M5"	"BioGrid"	"TNXB"
"M5"	"BioGrid"	"MSC"
"M5"	"BioGrid"	"FRZB"
"M5"	"BioGrid"	"PID1"
"M5"	"BioGrid"	"PRRX1"
"M5"	"BioGrid"	"PHLDB2"
"M5"	"BioGrid"	"RSPO3"
"M5"	"IntAct"	"FN1"
"M5"	"IntAct"	"KCNMB1"
"M5"	"IntAct"	"SSC5D"
"M5"	"IntAct"	"CSDC2"
"M5"	"IntAct"	"ACTA2"
"M5"	"IntAct"	"MASP1"
"M5"	"IntAct"	"PTN"
"M5"	"IntAct"	"FLNC"
"M5"	"IntAct"	"FHL1"
"M5"	"IntAct"	"EFHD1"
"M5"	"IntAct"	"TAGLN"
"M5"	"IntAct"	"DES"
"M5"	"IntAct"	"EFEMP1"
"M5"	"IntAct"	"PCSK5"
"M5"	"IntAct"	"ELN"
"M5"	"IntAct"	"HSPB6"
"M5"	"IntAct"	"MYH11"
"M5"	"IntAct"	"WT1"
"M5"	"IntAct"	"PRUNE2"
"M5"	"IntAct"	"PLEKHH2"
"M5"	"IntAct"	"SFRP2"
"M5"	"IntAct"	"SERPINE1"
"M5"	"IntAct"	"CES1"
"M5"	"IntAct"	"NOVA1"
"M5"	"IntAct"	"CAVIN2"
"M5"	"IntAct"	"COL8A1"
"M5"	"IntAct"	"TGFBI"
"M5"	"IntAct"	"TSPAN2"
"M5"	"IntAct"	"CXCL12"
"M5"	"IntAct"	"NTM"
"M5"	"IntAct"	"INHBA"
"M5"	"IntAct"	"NID2"
"M5"	"IntAct"	"TNXB"
"M5"	"IntAct"	"MSC"
"M5"	"IntAct"	"PDLIM3"
"M5"	"IntAct"	"GREM1"
"M5"	"IntAct"	"FRZB"
"M5"	"IntAct"	"PID1"
"M5"	"IntAct"	"TENM3"
"M5"	"IntAct"	"RSPO3"
"M5"	"IntAct"	"RGMA"
"M5"	"IntAct"	"ADAM33"
"M5"	"IntAct"	"POSTN"
"M5"	"HPRD"	"FN1"
"M5"	"HPRD"	"KCNMB1"
"M5"	"HPRD"	"NCAM1"
"M5"	"HPRD"	"ACTA2"
"M5"	"HPRD"	"MASP1"
"M5"	"HPRD"	"PTN"
"M5"	"HPRD"	"KCNMA1"
"M5"	"HPRD"	"FLNC"
"M5"	"HPRD"	"FHL1"
"M5"	"HPRD"	"TAGLN"
"M5"	"HPRD"	"DES"
"M5"	"HPRD"	"PCSK5"
"M5"	"HPRD"	"ELN"
"M5"	"HPRD"	"HSPB6"
"M5"	"HPRD"	"TNC"
"M5"	"HPRD"	"ACTG2"
"M5"	"HPRD"	"WT1"
"M5"	"HPRD"	"SFRP2"
"M5"	"HPRD"	"SERPINE1"
"M5"	"HPRD"	"CES1"
"M5"	"HPRD"	"MFAP5"
"M5"	"HPRD"	"MFAP4"
"M5"	"HPRD"	"NOVA1"
"M5"	"HPRD"	"CAVIN2"
"M5"	"HPRD"	"COL8A1"
"M5"	"HPRD"	"IGFBP5"
"M5"	"HPRD"	"TGFBI"
"M5"	"HPRD"	"TGFB2"
"M5"	"HPRD"	"AVPR1A"
"M5"	"HPRD"	"CXCL12"
"M5"	"HPRD"	"PRELP"
"M5"	"HPRD"	"COL4A6"
"M5"	"HPRD"	"RGS4"
"M5"	"HPRD"	"TFPI"
"M5"	"HPRD"	"PTHLH"
"M5"	"HPRD"	"BNC2"
"M5"	"HPRD"	"CNN1"
"M5"	"HPRD"	"THBS2"
"M5"	"HPRD"	"INHBA"
"M5"	"HPRD"	"NID2"
"M5"	"HPRD"	"PGM5"
"M5"	"HPRD"	"MGP"
"M5"	"HPRD"	"TNXB"
"M5"	"HPRD"	"MSC"
"M5"	"HPRD"	"BMP6"
"M5"	"HPRD"	"LMOD1"
"M5"	"HPRD"	"TENM3"
"M5"	"HPRD"	"GAS1"
"M5"	"HPRD"	"PHLDB2"
"M5"	"HPRD"	"RGMA"
"M5"	"IntAct_Mouse"	"FN1"
"M5"	"IntAct_Mouse"	"NCAM1"
"M5"	"IntAct_Mouse"	"CACNA2D1"
"M5"	"IntAct_Mouse"	"ACTA2"
"M5"	"IntAct_Mouse"	"KCNMA1"
"M5"	"IntAct_Mouse"	"DES"
"M5"	"IntAct_Mouse"	"PLEKHH2"
"M5"	"INNATEDB"	"CSDC2"
"M5"	"INNATEDB"	"ACTA2"
"M5"	"INNATEDB"	"MASP1"
"M5"	"INNATEDB"	"PTN"
"M5"	"INNATEDB"	"TAGLN"
"M5"	"INNATEDB"	"ELN"
"M5"	"INNATEDB"	"WT1"
"M5"	"INNATEDB"	"INHBA"
"M5"	"INNATEDB"	"NID2"
"M5"	"INNATEDB"	"BMP6"
"M5"	"INNATEDB"	"PDLIM3"
"M5"	"BioGrid_Mouse"	"NCAM1"
"M5"	"BioGrid_Mouse"	"ACTA2"
"M5"	"BioGrid_Mouse"	"KCNMA1"
"M5"	"BioGrid_Mouse"	"FHL1"
"M5"	"BioGrid_Mouse"	"DES"
"M5"	"BioGrid_Mouse"	"WT1"
"M5"	"BioGrid_Mouse"	"SFRP2"
"M5"	"BioGrid_Mouse"	"NOVA1"
"M5"	"BioGrid_Mouse"	"COL8A1"
"M5"	"BioGrid_Mouse"	"TGFB2"
"M5"	"BioGrid_Mouse"	"THBS2"
"M5"	"BioGrid_Mouse"	"INHBA"
"M5"	"BioGrid_Mouse"	"PGM5"
"M5"	"BioGrid_Mouse"	"FRZB"
"M5"	"BioGrid_Mouse"	"GAS1"
"M5"	"BCI"	"FN1"
"M5"	"BCI"	"ACTA2"
"M5"	"BCI"	"KCNMA1"
"M5"	"BCI"	"FHL1"
"M5"	"BCI"	"DES"
"M5"	"BCI"	"ELN"
"M5"	"BCI"	"TNC"
"M5"	"BCI"	"MYH11"
"M5"	"BCI"	"ACTG2"
"M5"	"BCI"	"WT1"
"M5"	"BCI"	"SERPINE1"
"M5"	"BCI"	"IGFBP5"
"M5"	"BCI"	"CXCL12"
"M5"	"BCI"	"TFPI"
"M5"	"BCI"	"THBS2"
"M5"	"BCI"	"GAS1"
"M5"	"BIND"	"PTN"
"M5"	"BIND"	"KCNMA1"
"M5"	"BIND"	"FLNC"
"M5"	"BIND"	"FHL1"
"M5"	"BIND"	"ELN"
"M5"	"BIND"	"SERPINE1"
"M5"	"BIND"	"CES1"
"M5"	"BIND"	"IGFBP5"
"M5"	"BIND"	"TGFB2"
"M5"	"BIND"	"CXCL12"
"M5"	"BIND"	"TFPI"
"M5"	"BIND"	"INHBA"
"M5"	"IntAct_Fly"	"NCAM1"
"M5"	"IntAct_Fly"	"PCSK5"
"M5"	"IntAct_Fly"	"MFAP4"
"M5"	"BioGrid_Rat"	"HSPB6"
"M5"	"BioGrid_Rat"	"SERPINE1"
"M5"	"BioGrid_Rat"	"CNN1"
"M5"	"DIP_Fly"	"PCSK5"
"M5"	"DIP_Fly"	"ACTG2"
"M5"	"MINT_Fly"	"ACTG2"
"M5"	"MINT_Fly"	"MFAP4"
"M5"	"VidalHuman_non_core"	"KCNMB1"
"M5"	"VidalHuman_non_core"	"PCSK5"
"M5"	"VidalHuman_non_core"	"WT1"
"M5"	"VidalHuman_non_core"	"SFRP2"
"M5"	"VidalHuman_non_core"	"CES1"
"M5"	"MINT"	"FN1"
"M5"	"MINT"	"NCAM1"
"M5"	"MINT"	"PTN"
"M5"	"MINT"	"FLNC"
"M5"	"MINT"	"FHL1"
"M5"	"MINT"	"EFEMP1"
"M5"	"MINT"	"PCSK5"
"M5"	"MINT"	"HSPB6"
"M5"	"MINT"	"WT1"
"M5"	"MINT"	"SERPINE1"
"M5"	"MINT"	"CES1"
"M5"	"MINT"	"NOVA1"
"M5"	"MINT"	"CAVIN2"
"M5"	"MINT"	"IGFBP5"
"M5"	"MINT"	"INHBA"
"M5"	"MINT"	"TNXB"
"M5"	"MINT"	"GREM1"
"M5"	"MINT"	"FRZB"
"M5"	"MINT"	"RSPO3"
"M5"	"VidalHuman_core"	"EFEMP1"
"M5"	"VidalHuman_core"	"PCSK5"
"M5"	"VidalHuman_core"	"CAVIN2"
"M5"	"BioGrid_Fly"	"NCAM1"
"M5"	"BioGrid_Fly"	"PCSK5"
"M5"	"BioGrid_Fly"	"ACTG2"
"M5"	"BioGrid_Fly"	"MFAP4"
"M5"	"BIND_Rat"	"NCAM1"
"M5"	"BIND_Rat"	"HSPB6"
"M5"	"BIND_Rat"	"RGS4"
"M5"	"IntAct_Rat"	"KCNMA1"
"M5"	"IntAct_Rat"	"FLNC"
"M5"	"IntAct_Rat"	"DES"
"M5"	"IntAct_Rat"	"RGS4"
"M5"	"DIP"	"FN1"
"M5"	"DIP"	"PTN"
"M5"	"DIP"	"KCNMA1"
"M5"	"DIP"	"FLNC"
"M5"	"DIP"	"CAVIN2"
"M5"	"DIP"	"CXCL12"
"M5"	"DIP"	"RGS4"
"M5"	"DIP"	"INHBA"
"M5"	"BIND_Mouse"	"MFAP5"
"M5"	"BIND_Mouse"	"INHBA"
"M5"	"BIND_Mouse"	"BMP6"
"M5"	"BIND_Mouse"	"FRZB"
"M5"	"MGI"	"FN1"
"M5"	"MGI"	"NID2"
"M5"	"MGI"	"BMP6"
"M5"	"MGI"	"GAS1"
"M5"	"MINT_Mouse"	"NCAM1"
"M5"	"MINT_Mouse"	"KCNMA1"
"M5"	"MINT_Mouse"	"DES"
"M5"	"INNATEDB_Mouse"	"NCAM1"
"M5"	"INNATEDB_Mouse"	"FLNC"
"M5"	"INNATEDB_Mouse"	"TAGLN"
"M5"	"INNATEDB_Mouse"	"TNC"
"M5"	"INNATEDB_Mouse"	"ITGA11"
"M5"	"StelzlMedium"	"IGFBP5"
"M5"	"DIP_Rat"	"RGS4"
"M5"	"DIP_Mouse"	"KCNMB1"
"M5"	"StelzlHigh"	"PTN"
"M5"	"StelzlLow"	"NOVA1"
"M5"	"StelzlLow"	"IGFBP5"
"M5"	"KIM_MYC"	"ACTG2"
"M5"	"BIND_Fly"	"PCSK5"
"M6"	"BioGrid"	"CACNA1A"
"M6"	"BioGrid"	"ISG15"
"M6"	"BioGrid"	"NFE2"
"M6"	"BioGrid"	"ATP2B2"
"M6"	"BioGrid"	"TNFSF10"
"M6"	"BioGrid"	"CDKN2A"
"M6"	"BioGrid"	"ITGA2"
"M6"	"BioGrid"	"WASF3"
"M6"	"BioGrid"	"OAS1"
"M6"	"BioGrid"	"DLG2"
"M6"	"BioGrid"	"FBXO2"
"M6"	"BioGrid"	"IFIT3"
"M6"	"BioGrid"	"IFIT1"
"M6"	"BioGrid"	"HERC5"
"M6"	"BioGrid"	"S100A14"
"M6"	"BioGrid"	"ASS1"
"M6"	"BioGrid"	"QPRT"
"M6"	"BioGrid"	"MLXIPL"
"M6"	"BioGrid"	"MSLN"
"M6"	"BioGrid"	"TRPC6"
"M6"	"BioGrid"	"FZD8"
"M6"	"BioGrid"	"S100A16"
"M6"	"BioGrid"	"MX1"
"M6"	"BioGrid"	"MX2"
"M6"	"BioGrid"	"SATB2"
"M6"	"BioGrid"	"S100A6"
"M6"	"BioGrid"	"FOLR1"
"M6"	"BioGrid"	"MMP7"
"M6"	"BioGrid"	"CFB"
"M6"	"BioGrid"	"COL9A2"
"M6"	"BioGrid"	"BST2"
"M6"	"BioGrid"	"CP"
"M6"	"BioGrid"	"PI3"
"M6"	"BioGrid"	"IFI6"
"M6"	"BioGrid"	"OAS2"
"M6"	"BioGrid"	"XAF1"
"M6"	"BioGrid"	"TRIM17"
"M6"	"BioGrid"	"IFI27"
"M6"	"BioGrid"	"TNFAIP2"
"M6"	"BioGrid"	"PTGS1"
"M6"	"BioGrid"	"PLA2G16"
"M6"	"BioGrid"	"LAMP3"
"M6"	"BioGrid"	"LRP4"
"M6"	"BioGrid"	"OASL"
"M6"	"BioGrid"	"CYP2S1"
"M6"	"IntAct"	"CACNA1A"
"M6"	"IntAct"	"ISG15"
"M6"	"IntAct"	"NFE2"
"M6"	"IntAct"	"ATP2B2"
"M6"	"IntAct"	"TNFSF10"
"M6"	"IntAct"	"CDKN2A"
"M6"	"IntAct"	"SULT1C2"
"M6"	"IntAct"	"ITGA2"
"M6"	"IntAct"	"OAS1"
"M6"	"IntAct"	"DLG2"
"M6"	"IntAct"	"IFIT3"
"M6"	"IntAct"	"IFIT1"
"M6"	"IntAct"	"HERC5"
"M6"	"IntAct"	"S100A14"
"M6"	"IntAct"	"ASS1"
"M6"	"IntAct"	"SLC1A3"
"M6"	"IntAct"	"TRPC6"
"M6"	"IntAct"	"TMOD1"
"M6"	"IntAct"	"FZD8"
"M6"	"IntAct"	"S100A16"
"M6"	"IntAct"	"MX1"
"M6"	"IntAct"	"MX2"
"M6"	"IntAct"	"SATB2"
"M6"	"IntAct"	"S100A6"
"M6"	"IntAct"	"IFITM1"
"M6"	"IntAct"	"FOLR1"
"M6"	"IntAct"	"MMP7"
"M6"	"IntAct"	"CFB"
"M6"	"IntAct"	"GAMT"
"M6"	"IntAct"	"BST2"
"M6"	"IntAct"	"CP"
"M6"	"IntAct"	"MT1G"
"M6"	"IntAct"	"MUC20"
"M6"	"IntAct"	"OAS2"
"M6"	"IntAct"	"TRIM17"
"M6"	"IntAct"	"IFI27"
"M6"	"IntAct"	"LAMB3"
"M6"	"IntAct"	"ERP27"
"M6"	"IntAct"	"PLA2G16"
"M6"	"IntAct"	"LAMP3"
"M6"	"IntAct"	"GJB3"
"M6"	"IntAct"	"LRP4"
"M6"	"IntAct"	"OASL"
"M6"	"IntAct"	"CYP2S1"
"M6"	"INNATEDB"	"CACNA1A"
"M6"	"INNATEDB"	"ISG15"
"M6"	"INNATEDB"	"NFE2"
"M6"	"INNATEDB"	"ATP2B2"
"M6"	"INNATEDB"	"TNFSF10"
"M6"	"INNATEDB"	"CDKN2A"
"M6"	"INNATEDB"	"WASF3"
"M6"	"INNATEDB"	"OAS1"
"M6"	"INNATEDB"	"DLG2"
"M6"	"INNATEDB"	"IFIT3"
"M6"	"INNATEDB"	"IFIT1"
"M6"	"INNATEDB"	"HERC5"
"M6"	"INNATEDB"	"RSAD2"
"M6"	"INNATEDB"	"MX1"
"M6"	"INNATEDB"	"IFITM1"
"M6"	"INNATEDB"	"IFI6"
"M6"	"INNATEDB"	"OAS2"
"M6"	"INNATEDB"	"XAF1"
"M6"	"INNATEDB"	"TNFAIP2"
"M6"	"INNATEDB"	"RTP4"
"M6"	"BIND_Rat"	"CACNA1A"
"M6"	"BIND_Rat"	"DOC2B"
"M6"	"BioGrid_Mouse"	"CACNA1A"
"M6"	"BioGrid_Mouse"	"ISG15"
"M6"	"BioGrid_Mouse"	"NFE2"
"M6"	"BioGrid_Mouse"	"CDKN2A"
"M6"	"BioGrid_Mouse"	"FBXO2"
"M6"	"BioGrid_Mouse"	"MLXIPL"
"M6"	"BioGrid_Mouse"	"SLC1A3"
"M6"	"BioGrid_Mouse"	"RSAD2"
"M6"	"BioGrid_Mouse"	"TRPC6"
"M6"	"BioGrid_Mouse"	"FZD8"
"M6"	"BioGrid_Mouse"	"SATB2"
"M6"	"BioGrid_Mouse"	"CACNA1D"
"M6"	"BioGrid_Mouse"	"PTGS1"
"M6"	"BioGrid_Yeast"	"ATP2B2"
"M6"	"BioGrid_Yeast"	"QPRT"
"M6"	"HPRD"	"CACNA1A"
"M6"	"HPRD"	"ISG15"
"M6"	"HPRD"	"NFE2"
"M6"	"HPRD"	"TNFSF10"
"M6"	"HPRD"	"SULT1C2"
"M6"	"HPRD"	"ITGA2"
"M6"	"HPRD"	"WASF3"
"M6"	"HPRD"	"DLG2"
"M6"	"HPRD"	"FBXO2"
"M6"	"HPRD"	"IFIT3"
"M6"	"HPRD"	"IFIT1"
"M6"	"HPRD"	"HERC5"
"M6"	"HPRD"	"S100A14"
"M6"	"HPRD"	"ASS1"
"M6"	"HPRD"	"QPRT"
"M6"	"HPRD"	"MLXIPL"
"M6"	"HPRD"	"MSLN"
"M6"	"HPRD"	"TRPC6"
"M6"	"HPRD"	"TMOD1"
"M6"	"HPRD"	"FZD8"
"M6"	"HPRD"	"MX1"
"M6"	"HPRD"	"MX2"
"M6"	"HPRD"	"S100A6"
"M6"	"HPRD"	"IFITM1"
"M6"	"HPRD"	"MMP7"
"M6"	"HPRD"	"CFB"
"M6"	"HPRD"	"COL9A2"
"M6"	"HPRD"	"PI3"
"M6"	"HPRD"	"MT1G"
"M6"	"HPRD"	"IFI6"
"M6"	"HPRD"	"XAF1"
"M6"	"HPRD"	"TRIM17"
"M6"	"HPRD"	"IFI27"
"M6"	"HPRD"	"LAMB3"
"M6"	"HPRD"	"LY6E"
"M6"	"HPRD"	"PTGS1"
"M6"	"HPRD"	"ERP27"
"M6"	"HPRD"	"PLA2G16"
"M6"	"HPRD"	"GJB3"
"M6"	"HPRD"	"OASL"
"M6"	"MINT"	"ISG15"
"M6"	"MINT"	"ATP2B2"
"M6"	"MINT"	"TNFSF10"
"M6"	"MINT"	"CDKN2A"
"M6"	"MINT"	"ITGA2"
"M6"	"MINT"	"IFIT3"
"M6"	"MINT"	"S100A14"
"M6"	"MINT"	"QPRT"
"M6"	"MINT"	"S100A6"
"M6"	"MINT"	"TRIM17"
"M6"	"MINT"	"PLA2G16"
"M6"	"MINT"	"LAMP3"
"M6"	"MINT"	"CYP2S1"
"M6"	"BCI"	"TNFSF10"
"M6"	"BCI"	"CDKN2A"
"M6"	"BCI"	"IFIT1"
"M6"	"BCI"	"ASS1"
"M6"	"BCI"	"MX1"
"M6"	"BCI"	"FOLR1"
"M6"	"BCI"	"MMP7"
"M6"	"BCI"	"CFB"
"M6"	"BCI"	"COL9A2"
"M6"	"BCI"	"CP"
"M6"	"BCI"	"MT1G"
"M6"	"BCI"	"CACNA1D"
"M6"	"BCI"	"IL1RN"
"M6"	"BCI"	"LY6E"
"M6"	"DIP"	"ISG15"
"M6"	"DIP"	"TNFSF10"
"M6"	"DIP"	"CDKN2A"
"M6"	"DIP"	"ITGA2"
"M6"	"DIP"	"IFIT1"
"M6"	"DIP"	"ASS1"
"M6"	"DIP"	"MX1"
"M6"	"DIP"	"SATB2"
"M6"	"DIP"	"CFB"
"M6"	"DIP"	"BST2"
"M6"	"DIP"	"IL1RN"
"M6"	"VidalHuman_core"	"ISG15"
"M6"	"VidalHuman_core"	"IFIT3"
"M6"	"VidalHuman_core"	"IFIT1"
"M6"	"VidalHuman_core"	"ASS1"
"M6"	"VidalHuman_core"	"QPRT"
"M6"	"VidalHuman_core"	"COL9A2"
"M6"	"VidalHuman_core"	"TRIM17"
"M6"	"VidalHuman_core"	"PLA2G16"
"M6"	"MINT_Yeast"	"ATP2B2"
"M6"	"MINT_Yeast"	"QPRT"
"M6"	"Tarassov_PCA"	"ATP2B2"
"M6"	"DIP_Yeast"	"ATP2B2"
"M6"	"DIP_Yeast"	"ASS1"
"M6"	"DIP_Yeast"	"QPRT"
"M6"	"IntAct_Yeast"	"ATP2B2"
"M6"	"IntAct_Yeast"	"ASS1"
"M6"	"IntAct_Yeast"	"QPRT"
"M6"	"YeastLow"	"ATP2B2"
"M6"	"YeastLow"	"ASS1"
"M6"	"YeastMedium"	"QPRT"
"M6"	"INNATEDB_Mouse"	"ISG15"
"M6"	"INNATEDB_Mouse"	"ASS1"
"M6"	"INNATEDB_Mouse"	"RSAD2"
"M6"	"INNATEDB_Mouse"	"RTP4"
"M6"	"BIND"	"NFE2"
"M6"	"BIND"	"TNFSF10"
"M6"	"BIND"	"CDKN2A"
"M6"	"BIND"	"ITGA2"
"M6"	"BIND"	"FZD8"
"M6"	"BIND"	"MX1"
"M6"	"BIND"	"S100A6"
"M6"	"BIND"	"CFB"
"M6"	"BIND"	"PI3"
"M6"	"BIND"	"IL1RN"
"M6"	"BIND"	"PTGS1"
"M6"	"BIND"	"LRP4"
"M6"	"BIND_Mouse"	"ITGA2"
"M6"	"BIND_Mouse"	"TRPC6"
"M6"	"BIND_Mouse"	"FZD8"
"M6"	"BIND_Mouse"	"PTGS1"
"M6"	"BioGrid_Worm"	"DLG2"
"M6"	"IntAct_Worm"	"DLG2"
"M6"	"DIP_Mouse"	"NFE2"
"M6"	"DIP_Mouse"	"FZD8"
"M6"	"DIP_Mouse"	"SATB2"
"M6"	"YeastHigh"	"ASS1"
"M6"	"StelzlMedium"	"TNFSF10"
"M6"	"StelzlMedium"	"COL9A2"
"M6"	"IntAct_Rat"	"CACNA1A"
"M6"	"IntAct_Rat"	"ATP2B2"
"M6"	"IntAct_Rat"	"DLG2"
"M6"	"MGI"	"CACNA1A"
"M6"	"MGI"	"DLG2"
"M6"	"MGI"	"S100A6"
"M6"	"IntAct_Mouse"	"ISG15"
"M6"	"IntAct_Mouse"	"FZD8"
"M6"	"IntAct_Mouse"	"S100A6"
"M6"	"IntAct_Mouse"	"CP"
"M6"	"IntAct_Mouse"	"LRP4"
"M6"	"BioGrid_Rat"	"FBXO2"
"M6"	"BioGrid_Fly"	"ASS1"
"M6"	"BioGrid_Fly"	"TMOD1"
"M6"	"BIND_Fly"	"ASS1"
"M6"	"FlyHigh"	"ASS1"
"M6"	"IntAct_Fly"	"ASS1"
"M6"	"MIPS"	"QPRT"
"M6"	"VidalHuman_non_core"	"IFIT3"
"M6"	"VidalHuman_non_core"	"IFIT1"
"M6"	"MINT_Mouse"	"FZD8"
"M6"	"DIP_Rat"	"CACNA1A"
"Not.Correlated"	"IntAct_Mouse"	"TFCP2L1"
"Not.Correlated"	"IntAct_Mouse"	"FOS"
"Not.Correlated"	"IntAct_Mouse"	"CLU"
"Not.Correlated"	"IntAct_Mouse"	"SSTR2"
"Not.Correlated"	"IntAct_Mouse"	"TGFA"
"Not.Correlated"	"IntAct_Mouse"	"DOK7"
"Not.Correlated"	"IntAct_Mouse"	"CTNND2"
"Not.Correlated"	"IntAct_Mouse"	"HSPA4L"
"Not.Correlated"	"IntAct_Mouse"	"KRT16"
"Not.Correlated"	"BioGrid"	"SPATC1L"
"Not.Correlated"	"BioGrid"	"HIST1H1C"
"Not.Correlated"	"BioGrid"	"SIM2"
"Not.Correlated"	"BioGrid"	"KRT19"
"Not.Correlated"	"BioGrid"	"FOS"
"Not.Correlated"	"BioGrid"	"EGR1"
"Not.Correlated"	"BioGrid"	"CLU"
"Not.Correlated"	"BioGrid"	"GDA"
"Not.Correlated"	"BioGrid"	"KIT"
"Not.Correlated"	"BioGrid"	"SSTR2"
"Not.Correlated"	"BioGrid"	"AMIGO2"
"Not.Correlated"	"BioGrid"	"TGFA"
"Not.Correlated"	"BioGrid"	"ACKR2"
"Not.Correlated"	"BioGrid"	"PAX6"
"Not.Correlated"	"BioGrid"	"TNNC1"
"Not.Correlated"	"BioGrid"	"MET"
"Not.Correlated"	"BioGrid"	"PITX1"
"Not.Correlated"	"BioGrid"	"LDOC1"
"Not.Correlated"	"BioGrid"	"THNSL2"
"Not.Correlated"	"BioGrid"	"P2RY2"
"Not.Correlated"	"BioGrid"	"TFAP2A"
"Not.Correlated"	"BioGrid"	"TRIM29"
"Not.Correlated"	"BioGrid"	"NRXN3"
"Not.Correlated"	"BioGrid"	"KRT6A"
"Not.Correlated"	"BioGrid"	"ANGPTL4"
"Not.Correlated"	"BioGrid"	"NR4A1"
"Not.Correlated"	"BioGrid"	"BCAT1"
"Not.Correlated"	"BioGrid"	"FGFBP1"
"Not.Correlated"	"BioGrid"	"THSD7A"
"Not.Correlated"	"BioGrid"	"HIST1H2BJ"
"Not.Correlated"	"BioGrid"	"HOXB9"
"Not.Correlated"	"BioGrid"	"KRT17"
"Not.Correlated"	"BioGrid"	"HSPA4L"
"Not.Correlated"	"BioGrid"	"AGT"
"Not.Correlated"	"BioGrid"	"BCL11A"
"Not.Correlated"	"BioGrid"	"PAX8"
"Not.Correlated"	"BioGrid"	"ZIC1"
"Not.Correlated"	"BioGrid"	"GTF2H2"
"Not.Correlated"	"BioGrid"	"FAM50B"
"Not.Correlated"	"BioGrid"	"DLGAP1"
"Not.Correlated"	"BioGrid"	"HBB"
"Not.Correlated"	"BioGrid"	"ITGB6"
"Not.Correlated"	"BioGrid"	"SEZ6L2"
"Not.Correlated"	"BioGrid"	"S100A2"
"Not.Correlated"	"BioGrid"	"KCNE3"
"Not.Correlated"	"BioGrid"	"AREG"
"Not.Correlated"	"BioGrid"	"MCTP2"
"Not.Correlated"	"BioGrid"	"L3MBTL4"
"Not.Correlated"	"BioGrid"	"GAL3ST1"
"Not.Correlated"	"BioGrid"	"SGK2"
"Not.Correlated"	"BioGrid"	"NLRP2"
"Not.Correlated"	"BioGrid"	"NFIB"
"Not.Correlated"	"BioGrid"	"NEBL"
"Not.Correlated"	"BioGrid"	"GPRC5A"
"Not.Correlated"	"BioGrid"	"CKMT2"
"Not.Correlated"	"BioGrid"	"ZC4H2"
"Not.Correlated"	"BioGrid"	"FOSB"
"Not.Correlated"	"BioGrid"	"SLC7A8"
"Not.Correlated"	"BioGrid"	"CTTNBP2"
"Not.Correlated"	"BioGrid"	"KRT86"
"Not.Correlated"	"BioGrid"	"CYP4F11"
"Not.Correlated"	"BioGrid"	"RPL39"
"Not.Correlated"	"BioGrid"	"OGDHL"
"Not.Correlated"	"BioGrid"	"HIST1H2BK"
"Not.Correlated"	"BioGrid"	"ZNF626"
"Not.Correlated"	"BioGrid"	"MN1"
"Not.Correlated"	"BioGrid"	"TMPRSS4"
"Not.Correlated"	"BioGrid"	"MTCL1"
"Not.Correlated"	"DIP_Mouse"	"HIST1H1C"
"Not.Correlated"	"DIP_Mouse"	"FOS"
"Not.Correlated"	"DIP_Mouse"	"SEMA3A"
"Not.Correlated"	"DIP_Mouse"	"KRT17"
"Not.Correlated"	"IntAct"	"TFCP2L1"
"Not.Correlated"	"IntAct"	"SPATC1L"
"Not.Correlated"	"IntAct"	"HIST1H1C"
"Not.Correlated"	"IntAct"	"SIM2"
"Not.Correlated"	"IntAct"	"KRT19"
"Not.Correlated"	"IntAct"	"FOS"
"Not.Correlated"	"IntAct"	"EGR1"
"Not.Correlated"	"IntAct"	"CLU"
"Not.Correlated"	"IntAct"	"GDA"
"Not.Correlated"	"IntAct"	"KIT"
"Not.Correlated"	"IntAct"	"SSTR2"
"Not.Correlated"	"IntAct"	"TGFA"
"Not.Correlated"	"IntAct"	"PAX6"
"Not.Correlated"	"IntAct"	"TNNC1"
"Not.Correlated"	"IntAct"	"MET"
"Not.Correlated"	"IntAct"	"PITX1"
"Not.Correlated"	"IntAct"	"LDOC1"
"Not.Correlated"	"IntAct"	"THNSL2"
"Not.Correlated"	"IntAct"	"P2RY2"
"Not.Correlated"	"IntAct"	"TFAP2A"
"Not.Correlated"	"IntAct"	"TRIM29"
"Not.Correlated"	"IntAct"	"KRT6A"
"Not.Correlated"	"IntAct"	"ANGPTL4"
"Not.Correlated"	"IntAct"	"XK"
"Not.Correlated"	"IntAct"	"NR4A1"
"Not.Correlated"	"IntAct"	"DOK7"
"Not.Correlated"	"IntAct"	"HIST1H2BC"
"Not.Correlated"	"IntAct"	"BCAT1"
"Not.Correlated"	"IntAct"	"CTNND2"
"Not.Correlated"	"IntAct"	"HOXB9"
"Not.Correlated"	"IntAct"	"KRT17"
"Not.Correlated"	"IntAct"	"HSPA4L"
"Not.Correlated"	"IntAct"	"WNT7B"
"Not.Correlated"	"IntAct"	"AGT"
"Not.Correlated"	"IntAct"	"BCL11A"
"Not.Correlated"	"IntAct"	"PAX8"
"Not.Correlated"	"IntAct"	"ZNF253"
"Not.Correlated"	"IntAct"	"FAM50B"
"Not.Correlated"	"IntAct"	"DLGAP1"
"Not.Correlated"	"IntAct"	"HBB"
"Not.Correlated"	"IntAct"	"TMCO1"
"Not.Correlated"	"IntAct"	"COCH"
"Not.Correlated"	"IntAct"	"SEZ6L2"
"Not.Correlated"	"IntAct"	"S100A2"
"Not.Correlated"	"IntAct"	"KCNE3"
"Not.Correlated"	"IntAct"	"AREG"
"Not.Correlated"	"IntAct"	"L3MBTL4"
"Not.Correlated"	"IntAct"	"SGK2"
"Not.Correlated"	"IntAct"	"NEBL"
"Not.Correlated"	"IntAct"	"CKMT2"
"Not.Correlated"	"IntAct"	"ZC4H2"
"Not.Correlated"	"IntAct"	"CTTNBP2"
"Not.Correlated"	"IntAct"	"KRT86"
"Not.Correlated"	"IntAct"	"CYP4F11"
"Not.Correlated"	"IntAct"	"HSPA1A"
"Not.Correlated"	"IntAct"	"PCSK6"
"Not.Correlated"	"IntAct"	"GCHFR"
"Not.Correlated"	"IntAct"	"SDR42E1"
"Not.Correlated"	"IntAct"	"ZNF626"
"Not.Correlated"	"IntAct"	"KRT16"
"Not.Correlated"	"IntAct"	"C1orf116"
"Not.Correlated"	"IntAct"	"WNT5B"
"Not.Correlated"	"HPRD"	"TFCP2L1"
"Not.Correlated"	"HPRD"	"SPATC1L"
"Not.Correlated"	"HPRD"	"SIM2"
"Not.Correlated"	"HPRD"	"KRT19"
"Not.Correlated"	"HPRD"	"FOS"
"Not.Correlated"	"HPRD"	"EGR1"
"Not.Correlated"	"HPRD"	"GDA"
"Not.Correlated"	"HPRD"	"KIT"
"Not.Correlated"	"HPRD"	"SSTR2"
"Not.Correlated"	"HPRD"	"AMIGO2"
"Not.Correlated"	"HPRD"	"TGFA"
"Not.Correlated"	"HPRD"	"ACKR2"
"Not.Correlated"	"HPRD"	"PAX6"
"Not.Correlated"	"HPRD"	"TNNC1"
"Not.Correlated"	"HPRD"	"MET"
"Not.Correlated"	"HPRD"	"PITX1"
"Not.Correlated"	"HPRD"	"LDOC1"
"Not.Correlated"	"HPRD"	"SEMA3A"
"Not.Correlated"	"HPRD"	"TFAP2A"
"Not.Correlated"	"HPRD"	"TRIM29"
"Not.Correlated"	"HPRD"	"NRXN3"
"Not.Correlated"	"HPRD"	"KRT6A"
"Not.Correlated"	"HPRD"	"XK"
"Not.Correlated"	"HPRD"	"NR4A1"
"Not.Correlated"	"HPRD"	"DOK7"
"Not.Correlated"	"HPRD"	"HIST1H2BC"
"Not.Correlated"	"HPRD"	"FGFBP1"
"Not.Correlated"	"HPRD"	"HIST1H2BJ"
"Not.Correlated"	"HPRD"	"CTNND2"
"Not.Correlated"	"HPRD"	"HOXB9"
"Not.Correlated"	"HPRD"	"KRT17"
"Not.Correlated"	"HPRD"	"AGT"
"Not.Correlated"	"HPRD"	"BCL11A"
"Not.Correlated"	"HPRD"	"PAX8"
"Not.Correlated"	"HPRD"	"ZIC1"
"Not.Correlated"	"HPRD"	"GTF2H2"
"Not.Correlated"	"HPRD"	"DLGAP1"
"Not.Correlated"	"HPRD"	"HBB"
"Not.Correlated"	"HPRD"	"ITGB6"
"Not.Correlated"	"HPRD"	"S100A2"
"Not.Correlated"	"HPRD"	"AREG"
"Not.Correlated"	"HPRD"	"NFIB"
"Not.Correlated"	"HPRD"	"HPN"
"Not.Correlated"	"HPRD"	"NEBL"
"Not.Correlated"	"HPRD"	"CKMT2"
"Not.Correlated"	"HPRD"	"FOSB"
"Not.Correlated"	"HPRD"	"SLC7A8"
"Not.Correlated"	"HPRD"	"CTTNBP2"
"Not.Correlated"	"HPRD"	"GCHFR"
"Not.Correlated"	"HPRD"	"XDH"
"Not.Correlated"	"INNATEDB"	"FOS"
"Not.Correlated"	"INNATEDB"	"EGR1"
"Not.Correlated"	"INNATEDB"	"CLU"
"Not.Correlated"	"INNATEDB"	"KIT"
"Not.Correlated"	"INNATEDB"	"AMIGO2"
"Not.Correlated"	"INNATEDB"	"TGFA"
"Not.Correlated"	"INNATEDB"	"ACKR2"
"Not.Correlated"	"INNATEDB"	"PAX6"
"Not.Correlated"	"INNATEDB"	"MET"
"Not.Correlated"	"INNATEDB"	"LDOC1"
"Not.Correlated"	"INNATEDB"	"TFAP2A"
"Not.Correlated"	"INNATEDB"	"KRT6A"
"Not.Correlated"	"INNATEDB"	"NR4A1"
"Not.Correlated"	"INNATEDB"	"HIST1H2BC"
"Not.Correlated"	"INNATEDB"	"CTNND2"
"Not.Correlated"	"INNATEDB"	"KRT17"
"Not.Correlated"	"INNATEDB"	"AGT"
"Not.Correlated"	"INNATEDB"	"PAX8"
"Not.Correlated"	"INNATEDB"	"SLC15A1"
"Not.Correlated"	"INNATEDB"	"NLRP2"
"Not.Correlated"	"INNATEDB"	"FOXQ1"
"Not.Correlated"	"INNATEDB"	"KRT86"
"Not.Correlated"	"INNATEDB"	"STC1"
"Not.Correlated"	"INNATEDB"	"CYP4F11"
"Not.Correlated"	"INNATEDB"	"PADI2"
"Not.Correlated"	"INNATEDB"	"OGDHL"
"Not.Correlated"	"INNATEDB"	"PRDM5"
"Not.Correlated"	"BIND"	"FOS"
"Not.Correlated"	"BIND"	"EGR1"
"Not.Correlated"	"BIND"	"CLU"
"Not.Correlated"	"BIND"	"KIT"
"Not.Correlated"	"BIND"	"PAX6"
"Not.Correlated"	"BIND"	"MET"
"Not.Correlated"	"BIND"	"LDOC1"
"Not.Correlated"	"BIND"	"FGFBP1"
"Not.Correlated"	"BIND"	"CTNND2"
"Not.Correlated"	"BIND"	"UNC5C"
"Not.Correlated"	"BIND"	"DLGAP1"
"Not.Correlated"	"BIND"	"HBB"
"Not.Correlated"	"BIND"	"FOSB"
"Not.Correlated"	"BIND"	"HIST1H2BK"
"Not.Correlated"	"BIND"	"NMNAT3"
"Not.Correlated"	"MINT"	"KRT19"
"Not.Correlated"	"MINT"	"FOS"
"Not.Correlated"	"MINT"	"EGR1"
"Not.Correlated"	"MINT"	"KIT"
"Not.Correlated"	"MINT"	"PAX6"
"Not.Correlated"	"MINT"	"MET"
"Not.Correlated"	"MINT"	"PITX1"
"Not.Correlated"	"MINT"	"LDOC1"
"Not.Correlated"	"MINT"	"THNSL2"
"Not.Correlated"	"MINT"	"P2RY2"
"Not.Correlated"	"MINT"	"TFAP2A"
"Not.Correlated"	"MINT"	"TRIM29"
"Not.Correlated"	"MINT"	"NR4A1"
"Not.Correlated"	"MINT"	"HOXB9"
"Not.Correlated"	"MINT"	"KRT17"
"Not.Correlated"	"MINT"	"ZNF253"
"Not.Correlated"	"MINT"	"FAM50B"
"Not.Correlated"	"MINT"	"DLGAP1"
"Not.Correlated"	"MINT"	"S100A2"
"Not.Correlated"	"MINT"	"KCNE3"
"Not.Correlated"	"MINT"	"AREG"
"Not.Correlated"	"MINT"	"NEBL"
"Not.Correlated"	"MINT"	"CKMT2"
"Not.Correlated"	"MINT"	"ZC4H2"
"Not.Correlated"	"DIP_Fly"	"SSTR2"
"Not.Correlated"	"DIP_Fly"	"PAX6"
"Not.Correlated"	"DIP_Fly"	"SEMA3A"
"Not.Correlated"	"DIP_Fly"	"TFAP2A"
"Not.Correlated"	"DIP_Fly"	"EIF5AL1"
"Not.Correlated"	"MINT_Fly"	"SSTR2"
"Not.Correlated"	"MINT_Fly"	"TFAP2A"
"Not.Correlated"	"MINT_Fly"	"MPP7"
"Not.Correlated"	"MINT_Fly"	"ZC4H2"
"Not.Correlated"	"INNATEDB_Mouse"	"FOS"
"Not.Correlated"	"INNATEDB_Mouse"	"EGR1"
"Not.Correlated"	"INNATEDB_Mouse"	"GDA"
"Not.Correlated"	"INNATEDB_Mouse"	"KIT"
"Not.Correlated"	"INNATEDB_Mouse"	"ACKR2"
"Not.Correlated"	"INNATEDB_Mouse"	"PITX1"
"Not.Correlated"	"INNATEDB_Mouse"	"SLC7A8"
"Not.Correlated"	"INNATEDB_Mouse"	"STEAP4"
"Not.Correlated"	"BioGrid_Fly"	"SSTR2"
"Not.Correlated"	"BioGrid_Fly"	"PAX6"
"Not.Correlated"	"BioGrid_Fly"	"SEMA3A"
"Not.Correlated"	"BioGrid_Fly"	"TFAP2A"
"Not.Correlated"	"BioGrid_Fly"	"BCAT1"
"Not.Correlated"	"BioGrid_Fly"	"EIF5AL1"
"Not.Correlated"	"BioGrid_Fly"	"SLC15A1"
"Not.Correlated"	"BioGrid_Fly"	"TMCO1"
"Not.Correlated"	"BioGrid_Fly"	"MPP7"
"Not.Correlated"	"BioGrid_Fly"	"ZC4H2"
"Not.Correlated"	"BIND_Fly"	"SSTR2"
"Not.Correlated"	"BIND_Fly"	"PAX6"
"Not.Correlated"	"BIND_Fly"	"SEMA3A"
"Not.Correlated"	"BIND_Fly"	"SLC15A1"
"Not.Correlated"	"BIND_Fly"	"ZC4H2"
"Not.Correlated"	"BioGrid_Mouse"	"TFCP2L1"
"Not.Correlated"	"BioGrid_Mouse"	"FOS"
"Not.Correlated"	"BioGrid_Mouse"	"EGR1"
"Not.Correlated"	"BioGrid_Mouse"	"KIT"
"Not.Correlated"	"BioGrid_Mouse"	"PAX6"
"Not.Correlated"	"BioGrid_Mouse"	"MET"
"Not.Correlated"	"BioGrid_Mouse"	"PITX1"
"Not.Correlated"	"BioGrid_Mouse"	"TFAP2A"
"Not.Correlated"	"BioGrid_Mouse"	"NR4A1"
"Not.Correlated"	"BioGrid_Mouse"	"FGFBP1"
"Not.Correlated"	"BioGrid_Mouse"	"HIST1H2BJ"
"Not.Correlated"	"BioGrid_Mouse"	"CTNND2"
"Not.Correlated"	"BioGrid_Mouse"	"WNT7B"
"Not.Correlated"	"BioGrid_Mouse"	"BCL11A"
"Not.Correlated"	"BioGrid_Mouse"	"PAX8"
"Not.Correlated"	"BioGrid_Mouse"	"ZIC1"
"Not.Correlated"	"BioGrid_Mouse"	"GTF2H2"
"Not.Correlated"	"BioGrid_Mouse"	"FOXQ1"
"Not.Correlated"	"BioGrid_Mouse"	"FOSB"
"Not.Correlated"	"BioGrid_Yeast"	"GDA"
"Not.Correlated"	"BioGrid_Yeast"	"THNSL2"
"Not.Correlated"	"BioGrid_Yeast"	"BCAT1"
"Not.Correlated"	"BioGrid_Yeast"	"SLC15A1"
"Not.Correlated"	"BioGrid_Yeast"	"GTF2H2"
"Not.Correlated"	"VidalHuman_core"	"KRT19"
"Not.Correlated"	"VidalHuman_core"	"PAX6"
"Not.Correlated"	"VidalHuman_core"	"PITX1"
"Not.Correlated"	"VidalHuman_core"	"LDOC1"
"Not.Correlated"	"VidalHuman_core"	"TRIM29"
"Not.Correlated"	"VidalHuman_core"	"KRT6A"
"Not.Correlated"	"VidalHuman_core"	"HOXB9"
"Not.Correlated"	"VidalHuman_core"	"KRT17"
"Not.Correlated"	"VidalHuman_core"	"AGT"
"Not.Correlated"	"VidalHuman_core"	"S100A2"
"Not.Correlated"	"VidalHuman_core"	"ZC4H2"
"Not.Correlated"	"BioGrid_Worm"	"PAX6"
"Not.Correlated"	"BioGrid_Worm"	"MPP7"
"Not.Correlated"	"VidalHuman_non_core"	"KRT19"
"Not.Correlated"	"VidalHuman_non_core"	"PITX1"
"Not.Correlated"	"VidalHuman_non_core"	"KRT6A"
"Not.Correlated"	"VidalHuman_non_core"	"AGT"
"Not.Correlated"	"IntAct_Fly"	"GDA"
"Not.Correlated"	"IntAct_Fly"	"PAX6"
"Not.Correlated"	"IntAct_Fly"	"SEMA3A"
"Not.Correlated"	"IntAct_Fly"	"EIF5AL1"
"Not.Correlated"	"IntAct_Fly"	"WNT7B"
"Not.Correlated"	"IntAct_Fly"	"GTF2H2"
"Not.Correlated"	"IntAct_Fly"	"MPP7"
"Not.Correlated"	"Krogan_NonCore"	"THNSL2"
"Not.Correlated"	"MINT_Yeast"	"BCAT1"
"Not.Correlated"	"MINT_Yeast"	"GTF2H2"
"Not.Correlated"	"YeastLow"	"THNSL2"
"Not.Correlated"	"BCI"	"HIST1H1C"
"Not.Correlated"	"BCI"	"FOS"
"Not.Correlated"	"BCI"	"EGR1"
"Not.Correlated"	"BCI"	"CLU"
"Not.Correlated"	"BCI"	"ACKR2"
"Not.Correlated"	"BCI"	"PAX6"
"Not.Correlated"	"BCI"	"NR4A1"
"Not.Correlated"	"BCI"	"PAX8"
"Not.Correlated"	"BCI"	"S100A2"
"Not.Correlated"	"BCI"	"NFIB"
"Not.Correlated"	"BCI"	"FOSB"
"Not.Correlated"	"DIP"	"KRT19"
"Not.Correlated"	"DIP"	"FOS"
"Not.Correlated"	"DIP"	"KIT"
"Not.Correlated"	"DIP"	"TGFA"
"Not.Correlated"	"DIP"	"PAX6"
"Not.Correlated"	"DIP"	"MET"
"Not.Correlated"	"DIP"	"NR4A1"
"Not.Correlated"	"DIP"	"HIST1H2BJ"
"Not.Correlated"	"DIP"	"CTNND2"
"Not.Correlated"	"DIP"	"GTF2H2"
"Not.Correlated"	"DIP"	"HBB"
"Not.Correlated"	"DIP"	"ITGB6"
"Not.Correlated"	"DIP"	"FOSB"
"Not.Correlated"	"DIP"	"HIST1H2BK"
"Not.Correlated"	"DIP"	"SLC14A1"
"Not.Correlated"	"SOURAV_MAPK_LOW"	"FOS"
"Not.Correlated"	"BIND_Mouse"	"FOS"
"Not.Correlated"	"BIND_Mouse"	"EGR1"
"Not.Correlated"	"BIND_Mouse"	"CLU"
"Not.Correlated"	"BIND_Mouse"	"KIT"
"Not.Correlated"	"BIND_Mouse"	"PAX6"
"Not.Correlated"	"BIND_Mouse"	"TFAP2A"
"Not.Correlated"	"BIND_Mouse"	"NR4A1"
"Not.Correlated"	"BIND_Mouse"	"CTNND2"
"Not.Correlated"	"MGI"	"HIST1H1C"
"Not.Correlated"	"MGI"	"KIT"
"Not.Correlated"	"MGI"	"ACKR2"
"Not.Correlated"	"MGI"	"TFAP2A"
"Not.Correlated"	"MGI"	"TRIM29"
"Not.Correlated"	"MGI"	"WNT7B"
"Not.Correlated"	"MGI"	"UNC5C"
"Not.Correlated"	"MGI"	"WNT5B"
"Not.Correlated"	"ShawnLi"	"DLGAP1"
"Not.Correlated"	"IntAct_Worm"	"PAX6"
"Not.Correlated"	"IntAct_Worm"	"GTF2H2"
"Not.Correlated"	"IntAct_Worm"	"MPP7"
"Not.Correlated"	"IntAct_Worm"	"ECHDC3"
"Not.Correlated"	"IntAct_Worm"	"XDH"
"Not.Correlated"	"YeastHigh"	"THNSL2"
"Not.Correlated"	"IntAct_Rat"	"FOS"
"Not.Correlated"	"IntAct_Rat"	"CLU"
"Not.Correlated"	"IntAct_Rat"	"SSTR2"
"Not.Correlated"	"IntAct_Rat"	"PAX8"
"Not.Correlated"	"IntAct_Rat"	"DLGAP1"
"Not.Correlated"	"MINT_Rat"	"FOS"
"Not.Correlated"	"MINT_Rat"	"SSTR2"
"Not.Correlated"	"MINT_Rat"	"DLGAP1"
"Not.Correlated"	"I2D-c_Fiona_HUMAN"	"MET"
"Not.Correlated"	"FlyLow"	"SSTR2"
"Not.Correlated"	"FlyLow"	"SEMA3A"
"Not.Correlated"	"FlyLow"	"ZC4H2"
"Not.Correlated"	"FlyHigh"	"GDA"
"Not.Correlated"	"FlyHigh"	"EIF5AL1"
"Not.Correlated"	"FlyHigh"	"SLC15A1"
"Not.Correlated"	"FlyHigh"	"MPP7"
"Not.Correlated"	"BIND_Rat"	"DLGAP1"
"Not.Correlated"	"BIND_Rat"	"GCHFR"
"Not.Correlated"	"BioGrid_Rat"	"SSTR2"
"Not.Correlated"	"BioGrid_Rat"	"TNNC1"
"Not.Correlated"	"BioGrid_Rat"	"DLGAP1"
"Not.Correlated"	"BioGrid_Rat"	"GCHFR"
"Not.Correlated"	"IntAct_Yeast"	"THNSL2"
"Not.Correlated"	"IntAct_Yeast"	"BCAT1"
"Not.Correlated"	"IntAct_Yeast"	"GTF2H2"
"Not.Correlated"	"StelzlMedium"	"THNSL2"
"Not.Correlated"	"StelzlMedium"	"NR4A1"
"Not.Correlated"	"StelzlMedium"	"HBB"
"Not.Correlated"	"StelzlMedium"	"CKMT2"
"Not.Correlated"	"MINT_Mouse"	"SSTR2"
"Not.Correlated"	"StelzlHigh"	"CKMT2"
"Not.Correlated"	"DIP_Yeast"	"THNSL2"
"Not.Correlated"	"DIP_Yeast"	"GTF2H2"
"Not.Correlated"	"Krogan_Core"	"GTF2H2"
"Not.Correlated"	"SOURAV_MAPK_HIGH"	"FOS"
