"Module"	"Gene1"	"Gene2"
"M1"	"BioGrid"	"MAPK15"
"M1"	"BioGrid"	"LRRK2"
"M1"	"BioGrid"	"NTN1"
"M1"	"BioGrid"	"BBOX1"
"M1"	"BioGrid"	"FABP3"
"M1"	"BioGrid"	"ESRRG"
"M1"	"BioGrid"	"RAB6B"
"M1"	"BioGrid"	"AQP1"
"M1"	"BioGrid"	"TMEM100"
"M1"	"BioGrid"	"OXCT1"
"M1"	"BioGrid"	"VCAM1"
"M1"	"BioGrid"	"HOMER2"
"M1"	"BioGrid"	"HIST1H1C"
"M1"	"BioGrid"	"CRYAB"
"M1"	"BioGrid"	"SFN"
"M1"	"BioGrid"	"LRRC7"
"M1"	"BioGrid"	"DAPK2"
"M1"	"BioGrid"	"KRT19"
"M1"	"BioGrid"	"BIRC7"
"M1"	"BioGrid"	"UCHL1"
"M1"	"BioGrid"	"AR"
"M1"	"BioGrid"	"TUBB4A"
"M1"	"BioGrid"	"DSP"
"M1"	"BioGrid"	"EPPK1"
"M1"	"BioGrid"	"TNFAIP6"
"M1"	"BioGrid"	"PRKN"
"M1"	"BioGrid"	"CLU"
"M1"	"BioGrid"	"NCAM1"
"M1"	"BioGrid"	"CACNA2D1"
"M1"	"BioGrid"	"TEX11"
"M1"	"BioGrid"	"GIPC2"
"M1"	"BioGrid"	"DNM1"
"M1"	"BioGrid"	"GADD45G"
"M1"	"BioGrid"	"ANXA3"
"M1"	"BioGrid"	"ABCB1"
"M1"	"BioGrid"	"ABCB4"
"M1"	"BioGrid"	"HNF4G"
"M1"	"BioGrid"	"DPF3"
"M1"	"BioGrid"	"APOB"
"M1"	"BioGrid"	"C3"
"M1"	"BioGrid"	"MASP1"
"M1"	"BioGrid"	"CDH1"
"M1"	"BioGrid"	"CDH2"
"M1"	"BioGrid"	"GDA"
"M1"	"BioGrid"	"RAB27B"
"M1"	"BioGrid"	"MLPH"
"M1"	"BioGrid"	"F2RL1"
"M1"	"BioGrid"	"APLP1"
"M1"	"BioGrid"	"ABCC2"
"M1"	"BioGrid"	"KCNMA1"
"M1"	"BioGrid"	"PCK1"
"M1"	"BioGrid"	"ANLN"
"M1"	"BioGrid"	"FHL1"
"M1"	"BioGrid"	"ATP2B2"
"M1"	"BioGrid"	"FAM189A2"
"M1"	"BioGrid"	"USP2"
"M1"	"BioGrid"	"HLF"
"M1"	"BioGrid"	"IRS2"
"M1"	"BioGrid"	"CA9"
"M1"	"BioGrid"	"MAPK12"
"M1"	"BioGrid"	"GATA3"
"M1"	"BioGrid"	"ANK3"
"M1"	"BioGrid"	"ERBB3"
"M1"	"BioGrid"	"EMX2"
"M1"	"BioGrid"	"HNF1A"
"M1"	"BioGrid"	"PPARGC1A"
"M1"	"BioGrid"	"AHNAK2"
"M1"	"BioGrid"	"FHL2"
"M1"	"BioGrid"	"CLDN3"
"M1"	"BioGrid"	"MAPT"
"M1"	"BioGrid"	"MME"
"M1"	"BioGrid"	"TRPV4"
"M1"	"BioGrid"	"CABP1"
"M1"	"BioGrid"	"TGFA"
"M1"	"BioGrid"	"LGALS2"
"M1"	"BioGrid"	"GRIA4"
"M1"	"BioGrid"	"DPP4"
"M1"	"BioGrid"	"FBP1"
"M1"	"BioGrid"	"UBE2C"
"M1"	"BioGrid"	"PDZK1"
"M1"	"BioGrid"	"IGF2BP2"
"M1"	"BioGrid"	"GHR"
"M1"	"BioGrid"	"GFRA1"
"M1"	"BioGrid"	"SNCA"
"M1"	"BioGrid"	"RAP1GAP"
"M1"	"BioGrid"	"L1CAM"
"M1"	"BioGrid"	"NKD2"
"M1"	"BioGrid"	"SNAP25"
"M1"	"BioGrid"	"STON2"
"M1"	"BioGrid"	"FBXO2"
"M1"	"BioGrid"	"LIPC"
"M1"	"BioGrid"	"CYB5R2"
"M1"	"BioGrid"	"THNSL2"
"M1"	"BioGrid"	"PTGES"
"M1"	"BioGrid"	"CREB3L3"
"M1"	"BioGrid"	"TRIB3"
"M1"	"BioGrid"	"PTH1R"
"M1"	"BioGrid"	"PODXL2"
"M1"	"BioGrid"	"FGFR3"
"M1"	"BioGrid"	"EMX1"
"M1"	"BioGrid"	"NMB"
"M1"	"BioGrid"	"RGS9"
"M1"	"BioGrid"	"A1CF"
"M1"	"BioGrid"	"TNFRSF11B"
"M1"	"BioGrid"	"PTH2R"
"M1"	"BioGrid"	"LRP2"
"M1"	"BioGrid"	"REG1A"
"M1"	"BioGrid"	"LIN7A"
"M1"	"BioGrid"	"EPS8L1"
"M1"	"BioGrid"	"NRXN2"
"M1"	"BioGrid"	"ALDOC"
"M1"	"BioGrid"	"TFEC"
"M1"	"BioGrid"	"CIT"
"M1"	"BioGrid"	"FGFR2"
"M1"	"BioGrid"	"IGFBP3"
"M1"	"BioGrid"	"ANGPTL4"
"M1"	"BioGrid"	"ADSSL1"
"M1"	"BioGrid"	"DCLK1"
"M1"	"BioGrid"	"ANK2"
"M1"	"BioGrid"	"LPAR1"
"M1"	"BioGrid"	"PLXNB3"
"M1"	"BioGrid"	"MYH14"
"M1"	"BioGrid"	"EGLN3"
"M1"	"BioGrid"	"QPRT"
"M1"	"BioGrid"	"LGALS4"
"M1"	"BioGrid"	"TRIM55"
"M1"	"BioGrid"	"GPRIN2"
"M1"	"BioGrid"	"GSTA2"
"M1"	"BioGrid"	"COL7A1"
"M1"	"BioGrid"	"FGFR4"
"M1"	"BioGrid"	"MLXIPL"
"M1"	"BioGrid"	"ZBTB7C"
"M1"	"BioGrid"	"LEF1"
"M1"	"BioGrid"	"ENTPD2"
"M1"	"BioGrid"	"ST14"
"M1"	"BioGrid"	"NLGN1"
"M1"	"BioGrid"	"PRUNE2"
"M1"	"BioGrid"	"SLC6A3"
"M1"	"BioGrid"	"P4HA3"
"M1"	"BioGrid"	"TPD52L1"
"M1"	"BioGrid"	"MAL2"
"M1"	"BioGrid"	"KLF15"
"M1"	"BioGrid"	"AKR7A3"
"M1"	"BioGrid"	"HNF4A"
"M1"	"BioGrid"	"PAH"
"M1"	"BioGrid"	"TBX15"
"M1"	"BioGrid"	"SERPINE1"
"M1"	"BioGrid"	"NGEF"
"M1"	"BioGrid"	"SLC22A2"
"M1"	"BioGrid"	"SLC23A1"
"M1"	"BioGrid"	"SLC29A2"
"M1"	"BioGrid"	"DMRTA1"
"M1"	"BioGrid"	"STEAP3"
"M1"	"BioGrid"	"HOXB9"
"M1"	"BioGrid"	"NDUFA4L2"
"M1"	"BioGrid"	"SPAG5"
"M1"	"BioGrid"	"NEFL"
"M1"	"BioGrid"	"KRT7"
"M1"	"BioGrid"	"PRAME"
"M1"	"BioGrid"	"CCDC74B"
"M1"	"BioGrid"	"ALDH1A1"
"M1"	"BioGrid"	"TMEM37"
"M1"	"BioGrid"	"CUBN"
"M1"	"BioGrid"	"C6"
"M1"	"BioGrid"	"SYT9"
"M1"	"BioGrid"	"MYBL2"
"M1"	"BioGrid"	"SNCG"
"M1"	"BioGrid"	"MDK"
"M1"	"BioGrid"	"RHOBTB3"
"M1"	"BioGrid"	"SHH"
"M1"	"BioGrid"	"MELTF"
"M1"	"BioGrid"	"GPD1"
"M1"	"BioGrid"	"RPS6KA6"
"M1"	"BioGrid"	"ALDOB"
"M1"	"BioGrid"	"ETNK2"
"M1"	"BioGrid"	"STC2"
"M1"	"BioGrid"	"ALPL"
"M1"	"BioGrid"	"SERPINA1"
"M1"	"BioGrid"	"ADH6"
"M1"	"BioGrid"	"KCND3"
"M1"	"BioGrid"	"FKBP10"
"M1"	"BioGrid"	"CXADR"
"M1"	"BioGrid"	"SLC27A2"
"M1"	"BioGrid"	"LDLR"
"M1"	"BioGrid"	"IGF2BP1"
"M1"	"BioGrid"	"IL17RB"
"M1"	"BioGrid"	"KHK"
"M1"	"BioGrid"	"VIL1"
"M1"	"BioGrid"	"AGT"
"M1"	"BioGrid"	"PKLR"
"M1"	"BioGrid"	"SLC1A1"
"M1"	"BioGrid"	"CLDN2"
"M1"	"BioGrid"	"TRIM9"
"M1"	"BioGrid"	"BCL11A"
"M1"	"BioGrid"	"LOXL2"
"M1"	"BioGrid"	"TPPP"
"M1"	"BioGrid"	"SLIT2"
"M1"	"BioGrid"	"GCNT3"
"M1"	"BioGrid"	"NR1H4"
"M1"	"BioGrid"	"HGD"
"M1"	"BioGrid"	"CXCL14"
"M1"	"BioGrid"	"BICDL2"
"M1"	"BioGrid"	"CYP4A11"
"M1"	"BioGrid"	"FOLR1"
"M1"	"BioGrid"	"SERPINF2"
"M1"	"BioGrid"	"EFNA5"
"M1"	"BioGrid"	"MUC1"
"M1"	"BioGrid"	"NRG1"
"M1"	"BioGrid"	"DOK6"
"M1"	"BioGrid"	"SERPINA5"
"M1"	"BioGrid"	"SERPINE2"
"M1"	"BioGrid"	"C1R"
"M1"	"BioGrid"	"MMP7"
"M1"	"BioGrid"	"LAMA1"
"M1"	"BioGrid"	"CFB"
"M1"	"BioGrid"	"REN"
"M1"	"BioGrid"	"MT2A"
"M1"	"BioGrid"	"ACE2"
"M1"	"BioGrid"	"TGFBI"
"M1"	"BioGrid"	"C4A"
"M1"	"BioGrid"	"F12"
"M1"	"BioGrid"	"TRO"
"M1"	"BioGrid"	"NPR3"
"M1"	"BioGrid"	"ARFGEF3"
"M1"	"BioGrid"	"IL1R2"
"M1"	"BioGrid"	"CDH16"
"M1"	"BioGrid"	"SPTBN2"
"M1"	"BioGrid"	"SCARB1"
"M1"	"BioGrid"	"ANK1"
"M1"	"BioGrid"	"ITGB6"
"M1"	"BioGrid"	"PMAIP1"
"M1"	"BioGrid"	"CP"
"M1"	"BioGrid"	"PLIN2"
"M1"	"BioGrid"	"CCL2"
"M1"	"BioGrid"	"SEZ6L2"
"M1"	"BioGrid"	"ABCC6"
"M1"	"BioGrid"	"S100A2"
"M1"	"BioGrid"	"MT1F"
"M1"	"BioGrid"	"FCAMR"
"M1"	"BioGrid"	"ANPEP"
"M1"	"BioGrid"	"AGXT2"
"M1"	"BioGrid"	"GJB1"
"M1"	"BioGrid"	"GSTA1"
"M1"	"BioGrid"	"TFPI"
"M1"	"BioGrid"	"SLC2A2"
"M1"	"BioGrid"	"AK4"
"M1"	"BioGrid"	"ALDH4A1"
"M1"	"BioGrid"	"NNMT"
"M1"	"BioGrid"	"ARL4D"
"M1"	"BioGrid"	"HMGCS2"
"M1"	"BioGrid"	"ARL4C"
"M1"	"BioGrid"	"BDH1"
"M1"	"BioGrid"	"SPEG"
"M1"	"BioGrid"	"MPV17L"
"M1"	"BioGrid"	"SMTNL2"
"M1"	"BioGrid"	"SLC22A6"
"M1"	"BioGrid"	"TMEM255A"
"M1"	"BioGrid"	"COLEC12"
"M1"	"BioGrid"	"PHYHD1"
"M1"	"BioGrid"	"ACAD11"
"M1"	"BioGrid"	"ANKS4B"
"M1"	"BioGrid"	"FAM151A"
"M1"	"BioGrid"	"RNF183"
"M1"	"BioGrid"	"UBXN10"
"M1"	"BioGrid"	"KLHL32"
"M1"	"BioGrid"	"GAL3ST1"
"M1"	"BioGrid"	"SYT17"
"M1"	"BioGrid"	"SPX"
"M1"	"BioGrid"	"CDCA7"
"M1"	"BioGrid"	"ALDH8A1"
"M1"	"BioGrid"	"BHMT2"
"M1"	"BioGrid"	"HSPB7"
"M1"	"BioGrid"	"DCDC2"
"M1"	"BioGrid"	"PTHLH"
"M1"	"BioGrid"	"KCNJ3"
"M1"	"BioGrid"	"HK2"
"M1"	"BioGrid"	"AZGP1"
"M1"	"BioGrid"	"DDC"
"M1"	"BioGrid"	"AKAP12"
"M1"	"BioGrid"	"MAL"
"M1"	"BioGrid"	"KLF5"
"M1"	"BioGrid"	"SLC5A1"
"M1"	"BioGrid"	"CACNA1E"
"M1"	"BioGrid"	"TRIM10"
"M1"	"BioGrid"	"GPC4"
"M1"	"BioGrid"	"SCN8A"
"M1"	"BioGrid"	"SCTR"
"M1"	"BioGrid"	"ADRA2C"
"M1"	"BioGrid"	"TRPA1"
"M1"	"BioGrid"	"KIF26B"
"M1"	"BioGrid"	"NEURL3"
"M1"	"BioGrid"	"GPER1"
"M1"	"BioGrid"	"RNF186"
"M1"	"BioGrid"	"PAIP2B"
"M1"	"BioGrid"	"ACY3"
"M1"	"BioGrid"	"MGST1"
"M1"	"BioGrid"	"GLDC"
"M1"	"BioGrid"	"BASP1"
"M1"	"BioGrid"	"NEBL"
"M1"	"BioGrid"	"AJAP1"
"M1"	"BioGrid"	"LAMC2"
"M1"	"BioGrid"	"GPRC5A"
"M1"	"BioGrid"	"GBA3"
"M1"	"BioGrid"	"HAUS7"
"M1"	"BioGrid"	"CKMT2"
"M1"	"BioGrid"	"MSC"
"M1"	"BioGrid"	"HNF1B"
"M1"	"BioGrid"	"KCNIP3"
"M1"	"BioGrid"	"DSCAML1"
"M1"	"BioGrid"	"PNMA2"
"M1"	"BioGrid"	"DPEP1"
"M1"	"BioGrid"	"ABI3BP"
"M1"	"BioGrid"	"GABRB3"
"M1"	"BioGrid"	"GPM6A"
"M1"	"BioGrid"	"SLC7A8"
"M1"	"BioGrid"	"TRIM7"
"M1"	"BioGrid"	"KCNK3"
"M1"	"BioGrid"	"KISS1R"
"M1"	"BioGrid"	"CDH4"
"M1"	"BioGrid"	"GGT1"
"M1"	"BioGrid"	"UNC5CL"
"M1"	"BioGrid"	"ALS2CL"
"M1"	"BioGrid"	"WFDC2"
"M1"	"BioGrid"	"GLYAT"
"M1"	"BioGrid"	"SLC7A9"
"M1"	"BioGrid"	"GPX3"
"M1"	"BioGrid"	"RTN4RL1"
"M1"	"BioGrid"	"CYP2J2"
"M1"	"BioGrid"	"MAOB"
"M1"	"BioGrid"	"CCL28"
"M1"	"BioGrid"	"CD70"
"M1"	"BioGrid"	"AOX1"
"M1"	"BioGrid"	"GJB2"
"M1"	"BioGrid"	"EPHA7"
"M1"	"BioGrid"	"RNF128"
"M1"	"BioGrid"	"PBLD"
"M1"	"BioGrid"	"FBXL16"
"M1"	"BioGrid"	"CGN"
"M1"	"BioGrid"	"ARHGEF16"
"M1"	"BioGrid"	"WNT5A"
"M1"	"BioGrid"	"ABLIM3"
"M1"	"BioGrid"	"SERPINF1"
"M1"	"BioGrid"	"CXorf57"
"M1"	"BioGrid"	"IL22RA1"
"M1"	"BioGrid"	"OGDHL"
"M1"	"BioGrid"	"SCNN1A"
"M1"	"BioGrid"	"CYP3A5"
"M1"	"BioGrid"	"BAIAP2L1"
"M1"	"BioGrid"	"ASPA"
"M1"	"BioGrid"	"PLPP2"
"M1"	"BioGrid"	"ANXA13"
"M1"	"BioGrid"	"TTBK1"
"M1"	"BioGrid"	"IRF6"
"M1"	"BioGrid"	"SLC9A3"
"M1"	"BioGrid"	"ZMYND10"
"M1"	"BioGrid"	"MAP7"
"M1"	"BioGrid"	"AKR1C2"
"M1"	"BioGrid"	"SALL1"
"M1"	"BioGrid"	"TINAG"
"M1"	"BioGrid"	"CDH6"
"M1"	"BioGrid"	"IQUB"
"M1"	"BioGrid"	"PROM1"
"M1"	"BioGrid"	"FNDC4"
"M1"	"BioGrid"	"PDZRN3"
"M1"	"BioGrid"	"ABTB2"
"M1"	"BioGrid"	"G0S2"
"M1"	"BioGrid"	"CHDH"
"M1"	"BioGrid"	"GPR143"
"M1"	"BioGrid"	"SCIN"
"M1"	"BioGrid"	"DEPDC7"
"M1"	"BioGrid"	"PAX2"
"M1"	"BioGrid"	"GALNT14"
"M1"	"BioGrid"	"NME5"
"M1"	"BioGrid"	"TNFSF9"
"M1"	"BioGrid"	"CLDN7"
"M1"	"BioGrid"	"ARSE"
"M1"	"BioGrid"	"INPP5J"
"M1"	"BioGrid"	"ACSM5"
"M1"	"BioGrid"	"PDLIM4"
"M1"	"BioGrid"	"RNASET2"
"M1"	"BioGrid"	"USH1C"
"M1"	"BioGrid"	"FTCD"
"M1"	"BioGrid"	"STMN3"
"M1"	"BioGrid"	"EFHC2"
"M1"	"BioGrid"	"PDZK1IP1"
"M1"	"BioGrid"	"TRIM15"
"M1"	"BioGrid"	"CCDC146"
"M1"	"BioGrid"	"CDHR2"
"M1"	"BioGrid"	"RSPH1"
"M1"	"BioGrid"	"FAM110C"
"M1"	"BioGrid"	"SYT13"
"M1"	"BioGrid"	"CLEC18A"
"M1"	"BioGrid"	"PLEKHN1"
"M1"	"BioGrid"	"BHMT"
"M1"	"BioGrid"	"GALNT3"
"M1"	"BioGrid"	"AQP9"
"M1"	"BioGrid"	"ELOVL7"
"M1"	"BioGrid"	"ABO"
"M1"	"BioGrid"	"PPP1R14C"
"M1"	"BioGrid"	"TENM1"
"M1"	"BioGrid"	"LRRN2"
"M1"	"BioGrid"	"LIPG"
"M1"	"BioGrid"	"MOCOS"
"M1"	"BioGrid"	"CLEC18C"
"M1"	"BioGrid"	"MIOX"
"M1"	"BioGrid"	"REPS2"
"M1"	"IntAct"	"MAPK15"
"M1"	"IntAct"	"TFCP2L1"
"M1"	"IntAct"	"LRRK2"
"M1"	"IntAct"	"BBOX1"
"M1"	"IntAct"	"FABP3"
"M1"	"IntAct"	"ESRRG"
"M1"	"IntAct"	"RAB6B"
"M1"	"IntAct"	"AQP1"
"M1"	"IntAct"	"TMEM100"
"M1"	"IntAct"	"OXCT1"
"M1"	"IntAct"	"VCAM1"
"M1"	"IntAct"	"HOMER2"
"M1"	"IntAct"	"HIST1H1C"
"M1"	"IntAct"	"CRYAB"
"M1"	"IntAct"	"SFN"
"M1"	"IntAct"	"LRRC7"
"M1"	"IntAct"	"DAPK2"
"M1"	"IntAct"	"MAOA"
"M1"	"IntAct"	"KRT19"
"M1"	"IntAct"	"BIRC7"
"M1"	"IntAct"	"UCHL1"
"M1"	"IntAct"	"AR"
"M1"	"IntAct"	"PLEKHG6"
"M1"	"IntAct"	"TUBB4A"
"M1"	"IntAct"	"DSP"
"M1"	"IntAct"	"EPPK1"
"M1"	"IntAct"	"PRKN"
"M1"	"IntAct"	"CLU"
"M1"	"IntAct"	"TEX11"
"M1"	"IntAct"	"GIPC2"
"M1"	"IntAct"	"DNM1"
"M1"	"IntAct"	"GADD45G"
"M1"	"IntAct"	"PIGR"
"M1"	"IntAct"	"CSDC2"
"M1"	"IntAct"	"PLEKHB1"
"M1"	"IntAct"	"SCGN"
"M1"	"IntAct"	"ANXA3"
"M1"	"IntAct"	"ABCB1"
"M1"	"IntAct"	"ABCB4"
"M1"	"IntAct"	"APOB"
"M1"	"IntAct"	"C3"
"M1"	"IntAct"	"MASP1"
"M1"	"IntAct"	"CDH1"
"M1"	"IntAct"	"CDH2"
"M1"	"IntAct"	"SEMA5B"
"M1"	"IntAct"	"GDA"
"M1"	"IntAct"	"RAB27B"
"M1"	"IntAct"	"MLPH"
"M1"	"IntAct"	"F2RL1"
"M1"	"IntAct"	"APLP1"
"M1"	"IntAct"	"FHL1"
"M1"	"IntAct"	"ATP2B2"
"M1"	"IntAct"	"FAM189A2"
"M1"	"IntAct"	"USP2"
"M1"	"IntAct"	"IRS2"
"M1"	"IntAct"	"MAPK12"
"M1"	"IntAct"	"GATA3"
"M1"	"IntAct"	"ANK3"
"M1"	"IntAct"	"ERBB3"
"M1"	"IntAct"	"TNFRSF19"
"M1"	"IntAct"	"HNF1A"
"M1"	"IntAct"	"PPARGC1A"
"M1"	"IntAct"	"FHL2"
"M1"	"IntAct"	"MAPT"
"M1"	"IntAct"	"MME"
"M1"	"IntAct"	"TRPV4"
"M1"	"IntAct"	"C1QTNF1"
"M1"	"IntAct"	"CABP1"
"M1"	"IntAct"	"TGFA"
"M1"	"IntAct"	"LGALS2"
"M1"	"IntAct"	"GRIA4"
"M1"	"IntAct"	"DPP4"
"M1"	"IntAct"	"FBP1"
"M1"	"IntAct"	"UBE2C"
"M1"	"IntAct"	"TACSTD2"
"M1"	"IntAct"	"GHR"
"M1"	"IntAct"	"GFRA1"
"M1"	"IntAct"	"SNCA"
"M1"	"IntAct"	"RAP1GAP"
"M1"	"IntAct"	"CADM4"
"M1"	"IntAct"	"RUNDC3B"
"M1"	"IntAct"	"NKD2"
"M1"	"IntAct"	"BAMBI"
"M1"	"IntAct"	"SNAP25"
"M1"	"IntAct"	"STON2"
"M1"	"IntAct"	"LIPC"
"M1"	"IntAct"	"CYB5R2"
"M1"	"IntAct"	"THNSL2"
"M1"	"IntAct"	"CREB3L3"
"M1"	"IntAct"	"TRIB3"
"M1"	"IntAct"	"PTH1R"
"M1"	"IntAct"	"FGFR3"
"M1"	"IntAct"	"NMB"
"M1"	"IntAct"	"RGS9"
"M1"	"IntAct"	"PTH2R"
"M1"	"IntAct"	"LRP2"
"M1"	"IntAct"	"LIN7A"
"M1"	"IntAct"	"EPS8L1"
"M1"	"IntAct"	"NRXN2"
"M1"	"IntAct"	"ALDOC"
"M1"	"IntAct"	"TFEC"
"M1"	"IntAct"	"CIT"
"M1"	"IntAct"	"FGFR2"
"M1"	"IntAct"	"IGFBP3"
"M1"	"IntAct"	"ANGPTL4"
"M1"	"IntAct"	"ADSSL1"
"M1"	"IntAct"	"DCLK1"
"M1"	"IntAct"	"ANK2"
"M1"	"IntAct"	"LPAR1"
"M1"	"IntAct"	"PLXNB3"
"M1"	"IntAct"	"MYH14"
"M1"	"IntAct"	"EGLN3"
"M1"	"IntAct"	"LGALS4"
"M1"	"IntAct"	"TRIM55"
"M1"	"IntAct"	"GPRIN2"
"M1"	"IntAct"	"MAN1C1"
"M1"	"IntAct"	"COL7A1"
"M1"	"IntAct"	"FGFR4"
"M1"	"IntAct"	"HIST1H2BC"
"M1"	"IntAct"	"LEF1"
"M1"	"IntAct"	"ST14"
"M1"	"IntAct"	"NLGN1"
"M1"	"IntAct"	"PRUNE2"
"M1"	"IntAct"	"SLC6A3"
"M1"	"IntAct"	"P4HA3"
"M1"	"IntAct"	"TPD52L1"
"M1"	"IntAct"	"MAL2"
"M1"	"IntAct"	"KLF15"
"M1"	"IntAct"	"AKR7A3"
"M1"	"IntAct"	"HNF4A"
"M1"	"IntAct"	"RNF165"
"M1"	"IntAct"	"TBX15"
"M1"	"IntAct"	"SERPINE1"
"M1"	"IntAct"	"PYCR1"
"M1"	"IntAct"	"NGEF"
"M1"	"IntAct"	"SLC22A2"
"M1"	"IntAct"	"SLC23A1"
"M1"	"IntAct"	"SLC29A2"
"M1"	"IntAct"	"DMRTA1"
"M1"	"IntAct"	"STEAP3"
"M1"	"IntAct"	"HOXB9"
"M1"	"IntAct"	"NDUFA4L2"
"M1"	"IntAct"	"SPAG5"
"M1"	"IntAct"	"NEFL"
"M1"	"IntAct"	"KRT7"
"M1"	"IntAct"	"PRAME"
"M1"	"IntAct"	"CCDC74B"
"M1"	"IntAct"	"ALDH1A1"
"M1"	"IntAct"	"TMEM37"
"M1"	"IntAct"	"CUBN"
"M1"	"IntAct"	"MYBL2"
"M1"	"IntAct"	"SNCG"
"M1"	"IntAct"	"CRYM"
"M1"	"IntAct"	"MDK"
"M1"	"IntAct"	"RHOBTB3"
"M1"	"IntAct"	"ACMSD"
"M1"	"IntAct"	"MELTF"
"M1"	"IntAct"	"RPS6KA6"
"M1"	"IntAct"	"ALDOB"
"M1"	"IntAct"	"ETNK2"
"M1"	"IntAct"	"STC2"
"M1"	"IntAct"	"ALPL"
"M1"	"IntAct"	"WNT3"
"M1"	"IntAct"	"SERPINA1"
"M1"	"IntAct"	"ADH6"
"M1"	"IntAct"	"CXADR"
"M1"	"IntAct"	"LDLR"
"M1"	"IntAct"	"IGF2BP1"
"M1"	"IntAct"	"IL17RB"
"M1"	"IntAct"	"KHK"
"M1"	"IntAct"	"VIL1"
"M1"	"IntAct"	"AGT"
"M1"	"IntAct"	"SLC1A1"
"M1"	"IntAct"	"CLDN2"
"M1"	"IntAct"	"TRIM9"
"M1"	"IntAct"	"PHYHIPL"
"M1"	"IntAct"	"BCL11A"
"M1"	"IntAct"	"LOXL2"
"M1"	"IntAct"	"TPPP"
"M1"	"IntAct"	"SLIT2"
"M1"	"IntAct"	"GCNT3"
"M1"	"IntAct"	"CDCA2"
"M1"	"IntAct"	"RDH13"
"M1"	"IntAct"	"RBP5"
"M1"	"IntAct"	"NR1H4"
"M1"	"IntAct"	"HGD"
"M1"	"IntAct"	"CXCL14"
"M1"	"IntAct"	"BICDL2"
"M1"	"IntAct"	"COL23A1"
"M1"	"IntAct"	"BAALC"
"M1"	"IntAct"	"CYP4A11"
"M1"	"IntAct"	"FOLR1"
"M1"	"IntAct"	"SERPINF2"
"M1"	"IntAct"	"EFNA5"
"M1"	"IntAct"	"ASRGL1"
"M1"	"IntAct"	"MUC1"
"M1"	"IntAct"	"NRG1"
"M1"	"IntAct"	"DOK6"
"M1"	"IntAct"	"SERPINA5"
"M1"	"IntAct"	"C1R"
"M1"	"IntAct"	"C1S"
"M1"	"IntAct"	"MMP7"
"M1"	"IntAct"	"TFPI2"
"M1"	"IntAct"	"CDCP1"
"M1"	"IntAct"	"CFB"
"M1"	"IntAct"	"REN"
"M1"	"IntAct"	"SLC4A4"
"M1"	"IntAct"	"MT2A"
"M1"	"IntAct"	"ACE2"
"M1"	"IntAct"	"TGFBI"
"M1"	"IntAct"	"C4A"
"M1"	"IntAct"	"F12"
"M1"	"IntAct"	"TRO"
"M1"	"IntAct"	"UST"
"M1"	"IntAct"	"ITGB8"
"M1"	"IntAct"	"ARFGEF3"
"M1"	"IntAct"	"SPOCK1"
"M1"	"IntAct"	"IL1R2"
"M1"	"IntAct"	"SPTBN2"
"M1"	"IntAct"	"SCARB1"
"M1"	"IntAct"	"ANK1"
"M1"	"IntAct"	"COL4A5"
"M1"	"IntAct"	"RBP4"
"M1"	"IntAct"	"PMAIP1"
"M1"	"IntAct"	"CP"
"M1"	"IntAct"	"SEZ6L2"
"M1"	"IntAct"	"ABCC6"
"M1"	"IntAct"	"S100A2"
"M1"	"IntAct"	"MT1F"
"M1"	"IntAct"	"MT1G"
"M1"	"IntAct"	"PALM3"
"M1"	"IntAct"	"ANPEP"
"M1"	"IntAct"	"MUC20"
"M1"	"IntAct"	"AGXT2"
"M1"	"IntAct"	"GSTA1"
"M1"	"IntAct"	"ALDH4A1"
"M1"	"IntAct"	"NNMT"
"M1"	"IntAct"	"ARL4D"
"M1"	"IntAct"	"SPEG"
"M1"	"IntAct"	"SLC22A6"
"M1"	"IntAct"	"ANKS4B"
"M1"	"IntAct"	"RNF183"
"M1"	"IntAct"	"UBXN10"
"M1"	"IntAct"	"KLHL32"
"M1"	"IntAct"	"SYT17"
"M1"	"IntAct"	"CDCA7"
"M1"	"IntAct"	"HSPB7"
"M1"	"IntAct"	"ANGPTL3"
"M1"	"IntAct"	"CENPV"
"M1"	"IntAct"	"HK2"
"M1"	"IntAct"	"AZGP1"
"M1"	"IntAct"	"DDC"
"M1"	"IntAct"	"AKAP12"
"M1"	"IntAct"	"MAL"
"M1"	"IntAct"	"MYLK4"
"M1"	"IntAct"	"TRIM10"
"M1"	"IntAct"	"DEFB1"
"M1"	"IntAct"	"SLC2A5"
"M1"	"IntAct"	"SCN8A"
"M1"	"IntAct"	"SCTR"
"M1"	"IntAct"	"RNF186"
"M1"	"IntAct"	"COL4A4"
"M1"	"IntAct"	"ACY3"
"M1"	"IntAct"	"MGST1"
"M1"	"IntAct"	"BASP1"
"M1"	"IntAct"	"TSKU"
"M1"	"IntAct"	"NEBL"
"M1"	"IntAct"	"LAMB3"
"M1"	"IntAct"	"LAMC2"
"M1"	"IntAct"	"NACAD"
"M1"	"IntAct"	"WDR17"
"M1"	"IntAct"	"HAUS7"
"M1"	"IntAct"	"CKMT2"
"M1"	"IntAct"	"MSC"
"M1"	"IntAct"	"PCSK1N"
"M1"	"IntAct"	"PNMA2"
"M1"	"IntAct"	"DPEP1"
"M1"	"IntAct"	"ABI3BP"
"M1"	"IntAct"	"GPM6A"
"M1"	"IntAct"	"PANK1"
"M1"	"IntAct"	"TBC1D14"
"M1"	"IntAct"	"PKIA"
"M1"	"IntAct"	"TRIM7"
"M1"	"IntAct"	"KCNK3"
"M1"	"IntAct"	"KISS1R"
"M1"	"IntAct"	"GLYAT"
"M1"	"IntAct"	"SLC7A9"
"M1"	"IntAct"	"TMEM176A"
"M1"	"IntAct"	"CYP2J2"
"M1"	"IntAct"	"CGNL1"
"M1"	"IntAct"	"MAOB"
"M1"	"IntAct"	"CCL28"
"M1"	"IntAct"	"FAM83G"
"M1"	"IntAct"	"PCSK6"
"M1"	"IntAct"	"AOX1"
"M1"	"IntAct"	"EPHA7"
"M1"	"IntAct"	"ERP27"
"M1"	"IntAct"	"RNF128"
"M1"	"IntAct"	"PBLD"
"M1"	"IntAct"	"FBXL16"
"M1"	"IntAct"	"CGN"
"M1"	"IntAct"	"INAVA"
"M1"	"IntAct"	"ARHGEF16"
"M1"	"IntAct"	"ILDR2"
"M1"	"IntAct"	"SYBU"
"M1"	"IntAct"	"WNT5A"
"M1"	"IntAct"	"ABLIM3"
"M1"	"IntAct"	"SERPINF1"
"M1"	"IntAct"	"CXorf57"
"M1"	"IntAct"	"SCNN1A"
"M1"	"IntAct"	"CYP3A5"
"M1"	"IntAct"	"PDE10A"
"M1"	"IntAct"	"BAIAP2L1"
"M1"	"IntAct"	"ASPA"
"M1"	"IntAct"	"PLPP2"
"M1"	"IntAct"	"TTBK1"
"M1"	"IntAct"	"IRF6"
"M1"	"IntAct"	"SLC9A3"
"M1"	"IntAct"	"MYO7B"
"M1"	"IntAct"	"ZMYND10"
"M1"	"IntAct"	"SYTL2"
"M1"	"IntAct"	"RNF150"
"M1"	"IntAct"	"SLC6A13"
"M1"	"IntAct"	"IQUB"
"M1"	"IntAct"	"PROM1"
"M1"	"IntAct"	"PLS1"
"M1"	"IntAct"	"CHDH"
"M1"	"IntAct"	"PRAP1"
"M1"	"IntAct"	"GPR143"
"M1"	"IntAct"	"NAPSA"
"M1"	"IntAct"	"BSPRY"
"M1"	"IntAct"	"SCIN"
"M1"	"IntAct"	"SDR42E1"
"M1"	"IntAct"	"TMEM30B"
"M1"	"IntAct"	"DEPDC7"
"M1"	"IntAct"	"SMIM3"
"M1"	"IntAct"	"PAX2"
"M1"	"IntAct"	"NME5"
"M1"	"IntAct"	"PDZD3"
"M1"	"IntAct"	"C16orf74"
"M1"	"IntAct"	"INPP5J"
"M1"	"IntAct"	"CCDC150"
"M1"	"IntAct"	"ACSM5"
"M1"	"IntAct"	"PDLIM4"
"M1"	"IntAct"	"USH1C"
"M1"	"IntAct"	"TENM3"
"M1"	"IntAct"	"FTCD"
"M1"	"IntAct"	"STMN3"
"M1"	"IntAct"	"TSPAN1"
"M1"	"IntAct"	"EFHC2"
"M1"	"IntAct"	"MYOM3"
"M1"	"IntAct"	"HOGA1"
"M1"	"IntAct"	"TRIM15"
"M1"	"IntAct"	"FABP7"
"M1"	"IntAct"	"PRSS8"
"M1"	"IntAct"	"PLEKHN1"
"M1"	"IntAct"	"CLRN3"
"M1"	"IntAct"	"AQP7"
"M1"	"IntAct"	"B3GNT4"
"M1"	"IntAct"	"BHMT"
"M1"	"IntAct"	"WNT5B"
"M1"	"IntAct"	"AQP9"
"M1"	"IntAct"	"APOM"
"M1"	"IntAct"	"ELOVL7"
"M1"	"IntAct"	"ABO"
"M1"	"IntAct"	"FLRT3"
"M1"	"IntAct"	"MYL3"
"M1"	"IntAct"	"C4orf19"
"M1"	"IntAct"	"CDHR5"
"M1"	"IntAct"	"TMEM139"
"M1"	"IntAct"	"LIPG"
"M1"	"IntAct"	"SLC16A9"
"M1"	"IntAct"	"MOCOS"
"M1"	"IntAct"	"MIOX"
"M1"	"IntAct"	"REPS2"
"M1"	"IntAct"	"PIPOX"
"M1"	"IntAct"	"AIF1L"
"M1"	"IntAct_Mouse"	"TFCP2L1"
"M1"	"IntAct_Mouse"	"LRRK2"
"M1"	"IntAct_Mouse"	"NTN1"
"M1"	"IntAct_Mouse"	"ESRRG"
"M1"	"IntAct_Mouse"	"OXCT1"
"M1"	"IntAct_Mouse"	"CRYAB"
"M1"	"IntAct_Mouse"	"SFN"
"M1"	"IntAct_Mouse"	"UCHL1"
"M1"	"IntAct_Mouse"	"PRKN"
"M1"	"IntAct_Mouse"	"CLU"
"M1"	"IntAct_Mouse"	"NCAM1"
"M1"	"IntAct_Mouse"	"CACNA2D1"
"M1"	"IntAct_Mouse"	"GIPC2"
"M1"	"IntAct_Mouse"	"DNM1"
"M1"	"IntAct_Mouse"	"CDH1"
"M1"	"IntAct_Mouse"	"CDH2"
"M1"	"IntAct_Mouse"	"APLP1"
"M1"	"IntAct_Mouse"	"KCNMA1"
"M1"	"IntAct_Mouse"	"PCK1"
"M1"	"IntAct_Mouse"	"HLF"
"M1"	"IntAct_Mouse"	"IRS2"
"M1"	"IntAct_Mouse"	"MAPK12"
"M1"	"IntAct_Mouse"	"ERBB3"
"M1"	"IntAct_Mouse"	"TNFRSF19"
"M1"	"IntAct_Mouse"	"HNF1A"
"M1"	"IntAct_Mouse"	"PPARGC1A"
"M1"	"IntAct_Mouse"	"FHL2"
"M1"	"IntAct_Mouse"	"CLDN3"
"M1"	"IntAct_Mouse"	"MAPT"
"M1"	"IntAct_Mouse"	"TGFA"
"M1"	"IntAct_Mouse"	"FBP1"
"M1"	"IntAct_Mouse"	"PDZK1"
"M1"	"IntAct_Mouse"	"SNCA"
"M1"	"IntAct_Mouse"	"NKD2"
"M1"	"IntAct_Mouse"	"SNAP25"
"M1"	"IntAct_Mouse"	"SLC17A1"
"M1"	"IntAct_Mouse"	"LRP2"
"M1"	"IntAct_Mouse"	"PLXNB3"
"M1"	"IntAct_Mouse"	"COL7A1"
"M1"	"IntAct_Mouse"	"LEF1"
"M1"	"IntAct_Mouse"	"SLC6A3"
"M1"	"IntAct_Mouse"	"HNF4A"
"M1"	"IntAct_Mouse"	"NGEF"
"M1"	"IntAct_Mouse"	"KRT7"
"M1"	"IntAct_Mouse"	"SYT9"
"M1"	"IntAct_Mouse"	"CRYM"
"M1"	"IntAct_Mouse"	"GRM8"
"M1"	"IntAct_Mouse"	"CXADR"
"M1"	"IntAct_Mouse"	"LDLR"
"M1"	"IntAct_Mouse"	"KHK"
"M1"	"IntAct_Mouse"	"SLC1A1"
"M1"	"IntAct_Mouse"	"CLDN2"
"M1"	"IntAct_Mouse"	"BICDL2"
"M1"	"IntAct_Mouse"	"EFNA5"
"M1"	"IntAct_Mouse"	"SERPINA5"
"M1"	"IntAct_Mouse"	"LAMA1"
"M1"	"IntAct_Mouse"	"SLC4A4"
"M1"	"IntAct_Mouse"	"BARX2"
"M1"	"IntAct_Mouse"	"APBB1IP"
"M1"	"IntAct_Mouse"	"CP"
"M1"	"IntAct_Mouse"	"KL"
"M1"	"IntAct_Mouse"	"ANPEP"
"M1"	"IntAct_Mouse"	"ALDH4A1"
"M1"	"IntAct_Mouse"	"ANKS4B"
"M1"	"IntAct_Mouse"	"FABP6"
"M1"	"IntAct_Mouse"	"KLF5"
"M1"	"IntAct_Mouse"	"DIRAS2"
"M1"	"IntAct_Mouse"	"ACY3"
"M1"	"IntAct_Mouse"	"HAUS7"
"M1"	"IntAct_Mouse"	"GJB2"
"M1"	"IntAct_Mouse"	"SLC17A9"
"M1"	"IntAct_Mouse"	"PDZD3"
"M1"	"IntAct_Mouse"	"CLDN7"
"M1"	"IntAct_Mouse"	"PDLIM4"
"M1"	"IntAct_Mouse"	"USH1C"
"M1"	"IntAct_Fly"	"NTN1"
"M1"	"IntAct_Fly"	"HOMER2"
"M1"	"IntAct_Fly"	"TUBB4A"
"M1"	"IntAct_Fly"	"NCAM1"
"M1"	"IntAct_Fly"	"GDA"
"M1"	"IntAct_Fly"	"SNAP25"
"M1"	"IntAct_Fly"	"ADSSL1"
"M1"	"IntAct_Fly"	"PAH"
"M1"	"IntAct_Fly"	"PYCR1"
"M1"	"IntAct_Fly"	"SHH"
"M1"	"IntAct_Fly"	"MELTF"
"M1"	"IntAct_Fly"	"IGF2BP1"
"M1"	"IntAct_Fly"	"TRIM9"
"M1"	"IntAct_Fly"	"TPPP"
"M1"	"IntAct_Fly"	"HGD"
"M1"	"IntAct_Fly"	"PHYHD1"
"M1"	"IntAct_Fly"	"GPC4"
"M1"	"IntAct_Fly"	"DIRAS2"
"M1"	"IntAct_Fly"	"GGT1"
"M1"	"IntAct_Fly"	"SLC12A8"
"M1"	"IntAct_Fly"	"SLC17A9"
"M1"	"IntAct_Fly"	"SULT1C4"
"M1"	"IntAct_Fly"	"UPB1"
"M1"	"IntAct_Fly"	"FUT6"
"M1"	"IntAct_Fly"	"SPON2"
"M1"	"BioGrid_Yeast"	"RAB6B"
"M1"	"BioGrid_Yeast"	"GDA"
"M1"	"BioGrid_Yeast"	"GFPT2"
"M1"	"BioGrid_Yeast"	"ATP2B2"
"M1"	"BioGrid_Yeast"	"ABCC3"
"M1"	"BioGrid_Yeast"	"DPP4"
"M1"	"BioGrid_Yeast"	"ALDH1A2"
"M1"	"BioGrid_Yeast"	"FBP1"
"M1"	"BioGrid_Yeast"	"UBE2C"
"M1"	"BioGrid_Yeast"	"CYB5R2"
"M1"	"BioGrid_Yeast"	"THNSL2"
"M1"	"BioGrid_Yeast"	"ADSSL1"
"M1"	"BioGrid_Yeast"	"QPRT"
"M1"	"BioGrid_Yeast"	"HAO2"
"M1"	"BioGrid_Yeast"	"SLC25A34"
"M1"	"BioGrid_Yeast"	"KMO"
"M1"	"BioGrid_Yeast"	"PKLR"
"M1"	"BioGrid_Yeast"	"SLC4A4"
"M1"	"BioGrid_Yeast"	"ALDH4A1"
"M1"	"BioGrid_Yeast"	"GPT"
"M1"	"BioGrid_Yeast"	"GGT1"
"M1"	"INNATEDB"	"AQP1"
"M1"	"INNATEDB"	"VCAM1"
"M1"	"INNATEDB"	"SFN"
"M1"	"INNATEDB"	"AR"
"M1"	"INNATEDB"	"DSP"
"M1"	"INNATEDB"	"CLU"
"M1"	"INNATEDB"	"GADD45G"
"M1"	"INNATEDB"	"PIGR"
"M1"	"INNATEDB"	"CSDC2"
"M1"	"INNATEDB"	"ABCB1"
"M1"	"INNATEDB"	"APOB"
"M1"	"INNATEDB"	"C3"
"M1"	"INNATEDB"	"MASP1"
"M1"	"INNATEDB"	"CDH1"
"M1"	"INNATEDB"	"CDH2"
"M1"	"INNATEDB"	"F2RL1"
"M1"	"INNATEDB"	"ABCC2"
"M1"	"INNATEDB"	"ATP2B2"
"M1"	"INNATEDB"	"USP2"
"M1"	"INNATEDB"	"IRS2"
"M1"	"INNATEDB"	"MAPK12"
"M1"	"INNATEDB"	"GATA3"
"M1"	"INNATEDB"	"HNF1A"
"M1"	"INNATEDB"	"PPARGC1A"
"M1"	"INNATEDB"	"FHL2"
"M1"	"INNATEDB"	"CLDN3"
"M1"	"INNATEDB"	"MAPT"
"M1"	"INNATEDB"	"TRPV4"
"M1"	"INNATEDB"	"TGFA"
"M1"	"INNATEDB"	"LGALS2"
"M1"	"INNATEDB"	"DPP4"
"M1"	"INNATEDB"	"GHR"
"M1"	"INNATEDB"	"SNCA"
"M1"	"INNATEDB"	"RUNDC3B"
"M1"	"INNATEDB"	"NKD2"
"M1"	"INNATEDB"	"TRIB3"
"M1"	"INNATEDB"	"RGS9"
"M1"	"INNATEDB"	"PTH2R"
"M1"	"INNATEDB"	"LRP2"
"M1"	"INNATEDB"	"AQP3"
"M1"	"INNATEDB"	"FGFR2"
"M1"	"INNATEDB"	"IGFBP3"
"M1"	"INNATEDB"	"ANK2"
"M1"	"INNATEDB"	"EGLN3"
"M1"	"INNATEDB"	"HIST1H2BC"
"M1"	"INNATEDB"	"LEF1"
"M1"	"INNATEDB"	"NLGN1"
"M1"	"INNATEDB"	"SLC6A3"
"M1"	"INNATEDB"	"TPD52L1"
"M1"	"INNATEDB"	"HNF4A"
"M1"	"INNATEDB"	"NEFL"
"M1"	"INNATEDB"	"TMEM37"
"M1"	"INNATEDB"	"MYBL2"
"M1"	"INNATEDB"	"CRYM"
"M1"	"INNATEDB"	"MDK"
"M1"	"INNATEDB"	"SERPINA1"
"M1"	"INNATEDB"	"ADH6"
"M1"	"INNATEDB"	"LDLR"
"M1"	"INNATEDB"	"IGF2BP1"
"M1"	"INNATEDB"	"IL17RB"
"M1"	"INNATEDB"	"AGT"
"M1"	"INNATEDB"	"CDCA2"
"M1"	"INNATEDB"	"RBP5"
"M1"	"INNATEDB"	"NR1H4"
"M1"	"INNATEDB"	"BAALC"
"M1"	"INNATEDB"	"MUC1"
"M1"	"INNATEDB"	"C1S"
"M1"	"INNATEDB"	"TFPI2"
"M1"	"INNATEDB"	"REN"
"M1"	"INNATEDB"	"IL1R2"
"M1"	"INNATEDB"	"CDH16"
"M1"	"INNATEDB"	"PMAIP1"
"M1"	"INNATEDB"	"CCL2"
"M1"	"INNATEDB"	"ABCC6"
"M1"	"INNATEDB"	"AGXT2"
"M1"	"INNATEDB"	"RARRES2"
"M1"	"INNATEDB"	"MAL"
"M1"	"INNATEDB"	"KLF5"
"M1"	"INNATEDB"	"DEFB1"
"M1"	"INNATEDB"	"ADRA2C"
"M1"	"INNATEDB"	"TRPA1"
"M1"	"INNATEDB"	"TSKU"
"M1"	"INNATEDB"	"FOXQ1"
"M1"	"INNATEDB"	"KBTBD11"
"M1"	"INNATEDB"	"PCSK1N"
"M1"	"INNATEDB"	"KCNIP3"
"M1"	"INNATEDB"	"DPEP1"
"M1"	"INNATEDB"	"KCNK3"
"M1"	"INNATEDB"	"SLC6A12"
"M1"	"INNATEDB"	"METTL7B"
"M1"	"INNATEDB"	"KISS1R"
"M1"	"INNATEDB"	"CGREF1"
"M1"	"INNATEDB"	"UNC5CL"
"M1"	"INNATEDB"	"CD70"
"M1"	"INNATEDB"	"OGDHL"
"M1"	"INNATEDB"	"IRF6"
"M1"	"INNATEDB"	"ZMYND10"
"M1"	"INNATEDB"	"SLITRK5"
"M1"	"INNATEDB"	"IQUB"
"M1"	"INNATEDB"	"SBSPON"
"M1"	"INNATEDB"	"IL20RB"
"M1"	"INNATEDB"	"SLC16A7"
"M1"	"INNATEDB"	"KCNJ15"
"M1"	"INNATEDB"	"AQP9"
"M1"	"BioGrid_Fly"	"NTN1"
"M1"	"BioGrid_Fly"	"ESRRG"
"M1"	"BioGrid_Fly"	"SPON1"
"M1"	"BioGrid_Fly"	"HOMER2"
"M1"	"BioGrid_Fly"	"CRYAB"
"M1"	"BioGrid_Fly"	"PRKN"
"M1"	"BioGrid_Fly"	"NCAM1"
"M1"	"BioGrid_Fly"	"DNM1"
"M1"	"BioGrid_Fly"	"HLF"
"M1"	"BioGrid_Fly"	"ABCC3"
"M1"	"BioGrid_Fly"	"ANK3"
"M1"	"BioGrid_Fly"	"DPP4"
"M1"	"BioGrid_Fly"	"UBE2C"
"M1"	"BioGrid_Fly"	"SNAP25"
"M1"	"BioGrid_Fly"	"FGFR3"
"M1"	"BioGrid_Fly"	"ADSSL1"
"M1"	"BioGrid_Fly"	"PAH"
"M1"	"BioGrid_Fly"	"PYCR1"
"M1"	"BioGrid_Fly"	"CRYM"
"M1"	"BioGrid_Fly"	"SHH"
"M1"	"BioGrid_Fly"	"MELTF"
"M1"	"BioGrid_Fly"	"GPD1"
"M1"	"BioGrid_Fly"	"ALPL"
"M1"	"BioGrid_Fly"	"TMEM132E"
"M1"	"BioGrid_Fly"	"TRIM9"
"M1"	"BioGrid_Fly"	"TPPP"
"M1"	"BioGrid_Fly"	"SLIT2"
"M1"	"BioGrid_Fly"	"HGD"
"M1"	"BioGrid_Fly"	"PHYHD1"
"M1"	"BioGrid_Fly"	"DDC"
"M1"	"BioGrid_Fly"	"DSCAML1"
"M1"	"BioGrid_Fly"	"ZMYND10"
"M1"	"BioGrid_Fly"	"UPB1"
"M1"	"BioGrid_Fly"	"SPON2"
"M1"	"MINT_Fly"	"HOMER2"
"M1"	"MINT_Fly"	"PAH"
"M1"	"MINT_Fly"	"PYCR1"
"M1"	"MINT_Fly"	"TRIM9"
"M1"	"MINT_Fly"	"TPPP"
"M1"	"MINT_Fly"	"HGD"
"M1"	"MINT_Fly"	"ALDH4A1"
"M1"	"MINT_Fly"	"DDC"
"M1"	"MINT_Fly"	"ZMYND10"
"M1"	"MINT_Fly"	"UPB1"
"M1"	"DIP_Mouse"	"VCAM1"
"M1"	"DIP_Mouse"	"HIST1H1C"
"M1"	"DIP_Mouse"	"AR"
"M1"	"DIP_Mouse"	"CDH1"
"M1"	"DIP_Mouse"	"CDH2"
"M1"	"DIP_Mouse"	"RAB27B"
"M1"	"DIP_Mouse"	"MLPH"
"M1"	"DIP_Mouse"	"TRPV4"
"M1"	"DIP_Mouse"	"GHR"
"M1"	"DIP_Mouse"	"SNAP25"
"M1"	"DIP_Mouse"	"TNFRSF11B"
"M1"	"DIP_Mouse"	"LPAR1"
"M1"	"DIP_Mouse"	"FGFR4"
"M1"	"DIP_Mouse"	"LEF1"
"M1"	"DIP_Mouse"	"SLC6A3"
"M1"	"DIP_Mouse"	"SHH"
"M1"	"DIP_Mouse"	"IGF2BP1"
"M1"	"DIP_Mouse"	"LRG1"
"M1"	"DIP_Mouse"	"KCNJ3"
"M1"	"DIP_Mouse"	"KIF26B"
"M1"	"DIP_Mouse"	"ACY3"
"M1"	"DIP_Mouse"	"SCNN1A"
"M1"	"DIP_Mouse"	"BAIAP2L2"
"M1"	"DIP_Mouse"	"SLC6A19"
"M1"	"DIP_Mouse"	"SGSM1"
"M1"	"DIP_Fly"	"ESRRG"
"M1"	"DIP_Fly"	"SPON1"
"M1"	"DIP_Fly"	"CRYAB"
"M1"	"DIP_Fly"	"TUBB4A"
"M1"	"DIP_Fly"	"PRKN"
"M1"	"DIP_Fly"	"ADSSL1"
"M1"	"DIP_Fly"	"PAH"
"M1"	"DIP_Fly"	"PYCR1"
"M1"	"DIP_Fly"	"MELTF"
"M1"	"DIP_Fly"	"GPD1"
"M1"	"DIP_Fly"	"TMEM132E"
"M1"	"DIP_Fly"	"TRIM9"
"M1"	"DIP_Fly"	"TPPP"
"M1"	"DIP_Fly"	"HGD"
"M1"	"DIP_Fly"	"ZMYND10"
"M1"	"DIP_Fly"	"SULT1C4"
"M1"	"DIP_Fly"	"UPB1"
"M1"	"DIP_Fly"	"SPON2"
"M1"	"HPRD"	"MAPK15"
"M1"	"HPRD"	"TFCP2L1"
"M1"	"HPRD"	"NTN1"
"M1"	"HPRD"	"BBOX1"
"M1"	"HPRD"	"FABP3"
"M1"	"HPRD"	"ESRRG"
"M1"	"HPRD"	"RAB6B"
"M1"	"HPRD"	"VCAM1"
"M1"	"HPRD"	"SPON1"
"M1"	"HPRD"	"HOMER2"
"M1"	"HPRD"	"CRYAB"
"M1"	"HPRD"	"SFN"
"M1"	"HPRD"	"LRRC7"
"M1"	"HPRD"	"DAPK2"
"M1"	"HPRD"	"MAOA"
"M1"	"HPRD"	"KRT19"
"M1"	"HPRD"	"BIRC7"
"M1"	"HPRD"	"UCHL1"
"M1"	"HPRD"	"AR"
"M1"	"HPRD"	"TUBB4A"
"M1"	"HPRD"	"DSP"
"M1"	"HPRD"	"TNFAIP6"
"M1"	"HPRD"	"PRKN"
"M1"	"HPRD"	"NCAM1"
"M1"	"HPRD"	"TEX11"
"M1"	"HPRD"	"GIPC2"
"M1"	"HPRD"	"DNM1"
"M1"	"HPRD"	"GADD45G"
"M1"	"HPRD"	"PIGR"
"M1"	"HPRD"	"PLEKHB1"
"M1"	"HPRD"	"ANXA3"
"M1"	"HPRD"	"ABCB1"
"M1"	"HPRD"	"HNF4G"
"M1"	"HPRD"	"C3"
"M1"	"HPRD"	"MASP1"
"M1"	"HPRD"	"CDH2"
"M1"	"HPRD"	"GDA"
"M1"	"HPRD"	"RAB27B"
"M1"	"HPRD"	"MLPH"
"M1"	"HPRD"	"F2RL1"
"M1"	"HPRD"	"APLP1"
"M1"	"HPRD"	"ABCC2"
"M1"	"HPRD"	"KCNMA1"
"M1"	"HPRD"	"ANLN"
"M1"	"HPRD"	"FHL1"
"M1"	"HPRD"	"USP2"
"M1"	"HPRD"	"HLF"
"M1"	"HPRD"	"IRS2"
"M1"	"HPRD"	"CA9"
"M1"	"HPRD"	"MAPK12"
"M1"	"HPRD"	"GATA3"
"M1"	"HPRD"	"ANK3"
"M1"	"HPRD"	"ERBB3"
"M1"	"HPRD"	"TNFRSF19"
"M1"	"HPRD"	"EMX2"
"M1"	"HPRD"	"HNF1A"
"M1"	"HPRD"	"PPARGC1A"
"M1"	"HPRD"	"FHL2"
"M1"	"HPRD"	"CLDN3"
"M1"	"HPRD"	"MME"
"M1"	"HPRD"	"TRPV4"
"M1"	"HPRD"	"C1QTNF1"
"M1"	"HPRD"	"CABP1"
"M1"	"HPRD"	"TGFA"
"M1"	"HPRD"	"LGALS2"
"M1"	"HPRD"	"GRIA4"
"M1"	"HPRD"	"DPP4"
"M1"	"HPRD"	"FBP1"
"M1"	"HPRD"	"UBE2C"
"M1"	"HPRD"	"PDZK1"
"M1"	"HPRD"	"GHR"
"M1"	"HPRD"	"GFRA1"
"M1"	"HPRD"	"SNCA"
"M1"	"HPRD"	"RAP1GAP"
"M1"	"HPRD"	"L1CAM"
"M1"	"HPRD"	"BAMBI"
"M1"	"HPRD"	"SNAP25"
"M1"	"HPRD"	"STON2"
"M1"	"HPRD"	"FBXO2"
"M1"	"HPRD"	"LIPC"
"M1"	"HPRD"	"CREB3L3"
"M1"	"HPRD"	"TRIB3"
"M1"	"HPRD"	"PTH1R"
"M1"	"HPRD"	"SLC22A11"
"M1"	"HPRD"	"PODXL2"
"M1"	"HPRD"	"FGFR3"
"M1"	"HPRD"	"NMB"
"M1"	"HPRD"	"SEMA3C"
"M1"	"HPRD"	"A1CF"
"M1"	"HPRD"	"TNFRSF11B"
"M1"	"HPRD"	"FSTL3"
"M1"	"HPRD"	"PTH2R"
"M1"	"HPRD"	"LRP2"
"M1"	"HPRD"	"LIN7A"
"M1"	"HPRD"	"EPS8L1"
"M1"	"HPRD"	"NRXN2"
"M1"	"HPRD"	"AQP3"
"M1"	"HPRD"	"TFEC"
"M1"	"HPRD"	"CIT"
"M1"	"HPRD"	"IGFBP3"
"M1"	"HPRD"	"ADSSL1"
"M1"	"HPRD"	"ANK2"
"M1"	"HPRD"	"LPAR1"
"M1"	"HPRD"	"PLXNB3"
"M1"	"HPRD"	"EGLN3"
"M1"	"HPRD"	"QPRT"
"M1"	"HPRD"	"LGALS4"
"M1"	"HPRD"	"TRIM55"
"M1"	"HPRD"	"GPRIN2"
"M1"	"HPRD"	"MAN1C1"
"M1"	"HPRD"	"GSTA2"
"M1"	"HPRD"	"COL7A1"
"M1"	"HPRD"	"FGFR4"
"M1"	"HPRD"	"MLXIPL"
"M1"	"HPRD"	"HIST1H2BC"
"M1"	"HPRD"	"LEF1"
"M1"	"HPRD"	"ST14"
"M1"	"HPRD"	"NLGN1"
"M1"	"HPRD"	"SLC6A3"
"M1"	"HPRD"	"P4HA3"
"M1"	"HPRD"	"TPD52L1"
"M1"	"HPRD"	"MAL2"
"M1"	"HPRD"	"AKR7A3"
"M1"	"HPRD"	"HNF4A"
"M1"	"HPRD"	"PAH"
"M1"	"HPRD"	"SERPINE1"
"M1"	"HPRD"	"NGEF"
"M1"	"HPRD"	"STEAP3"
"M1"	"HPRD"	"HOXB9"
"M1"	"HPRD"	"NDUFA4L2"
"M1"	"HPRD"	"SPAG5"
"M1"	"HPRD"	"NEFL"
"M1"	"HPRD"	"KRT7"
"M1"	"HPRD"	"CUBN"
"M1"	"HPRD"	"C6"
"M1"	"HPRD"	"SYT9"
"M1"	"HPRD"	"MYBL2"
"M1"	"HPRD"	"SNCG"
"M1"	"HPRD"	"MDK"
"M1"	"HPRD"	"TUB"
"M1"	"HPRD"	"SHH"
"M1"	"HPRD"	"GPD1"
"M1"	"HPRD"	"ALDOB"
"M1"	"HPRD"	"STC2"
"M1"	"HPRD"	"ALPL"
"M1"	"HPRD"	"GRM8"
"M1"	"HPRD"	"SERPINA1"
"M1"	"HPRD"	"KCND3"
"M1"	"HPRD"	"FKBP10"
"M1"	"HPRD"	"CXADR"
"M1"	"HPRD"	"LDLR"
"M1"	"HPRD"	"IGF2BP1"
"M1"	"HPRD"	"IL17RB"
"M1"	"HPRD"	"KHK"
"M1"	"HPRD"	"VIL1"
"M1"	"HPRD"	"AGT"
"M1"	"HPRD"	"CLDN2"
"M1"	"HPRD"	"TRIM9"
"M1"	"HPRD"	"BCL11A"
"M1"	"HPRD"	"TPPP"
"M1"	"HPRD"	"SLIT2"
"M1"	"HPRD"	"NR1H4"
"M1"	"HPRD"	"HGD"
"M1"	"HPRD"	"PLTP"
"M1"	"HPRD"	"COL23A1"
"M1"	"HPRD"	"SERPINF2"
"M1"	"HPRD"	"EFNA5"
"M1"	"HPRD"	"NRG1"
"M1"	"HPRD"	"SERPINA5"
"M1"	"HPRD"	"SERPINE2"
"M1"	"HPRD"	"C1R"
"M1"	"HPRD"	"C1S"
"M1"	"HPRD"	"MMP7"
"M1"	"HPRD"	"LAMA1"
"M1"	"HPRD"	"TFPI2"
"M1"	"HPRD"	"CDCP1"
"M1"	"HPRD"	"KLKB1"
"M1"	"HPRD"	"CFB"
"M1"	"HPRD"	"REN"
"M1"	"HPRD"	"SLC4A4"
"M1"	"HPRD"	"MT2A"
"M1"	"HPRD"	"ACE2"
"M1"	"HPRD"	"TGFBI"
"M1"	"HPRD"	"C4A"
"M1"	"HPRD"	"F12"
"M1"	"HPRD"	"TRO"
"M1"	"HPRD"	"BARX2"
"M1"	"HPRD"	"APBB1IP"
"M1"	"HPRD"	"ITGB8"
"M1"	"HPRD"	"NPR3"
"M1"	"HPRD"	"SPOCK1"
"M1"	"HPRD"	"IL1R2"
"M1"	"HPRD"	"CDH16"
"M1"	"HPRD"	"SPTBN2"
"M1"	"HPRD"	"SCARB1"
"M1"	"HPRD"	"ANK1"
"M1"	"HPRD"	"LRG1"
"M1"	"HPRD"	"ITGB6"
"M1"	"HPRD"	"COL4A5"
"M1"	"HPRD"	"COL4A3"
"M1"	"HPRD"	"RBP4"
"M1"	"HPRD"	"PMAIP1"
"M1"	"HPRD"	"CCL2"
"M1"	"HPRD"	"S100A2"
"M1"	"HPRD"	"MT1F"
"M1"	"HPRD"	"MT1G"
"M1"	"HPRD"	"MUC4"
"M1"	"HPRD"	"KL"
"M1"	"HPRD"	"ANPEP"
"M1"	"HPRD"	"GJB1"
"M1"	"HPRD"	"GSTA1"
"M1"	"HPRD"	"TFPI"
"M1"	"HPRD"	"ARL4D"
"M1"	"HPRD"	"ARL4C"
"M1"	"HPRD"	"ANKS4B"
"M1"	"HPRD"	"SYT17"
"M1"	"HPRD"	"BACE2"
"M1"	"HPRD"	"ANGPTL3"
"M1"	"HPRD"	"PTHLH"
"M1"	"HPRD"	"KCNJ3"
"M1"	"HPRD"	"ENPEP"
"M1"	"HPRD"	"HK2"
"M1"	"HPRD"	"AZGP1"
"M1"	"HPRD"	"DDC"
"M1"	"HPRD"	"AKAP12"
"M1"	"HPRD"	"KLF5"
"M1"	"HPRD"	"NRTN"
"M1"	"HPRD"	"SLC5A1"
"M1"	"HPRD"	"CACNA1E"
"M1"	"HPRD"	"TRIM10"
"M1"	"HPRD"	"DEFB1"
"M1"	"HPRD"	"HPN"
"M1"	"HPRD"	"GPC4"
"M1"	"HPRD"	"SCN8A"
"M1"	"HPRD"	"SCTR"
"M1"	"HPRD"	"ADRA2C"
"M1"	"HPRD"	"PAIP2B"
"M1"	"HPRD"	"COL4A4"
"M1"	"HPRD"	"ACY3"
"M1"	"HPRD"	"MGST1"
"M1"	"HPRD"	"GLDC"
"M1"	"HPRD"	"BMP8B"
"M1"	"HPRD"	"NEBL"
"M1"	"HPRD"	"BDKRB2"
"M1"	"HPRD"	"AJAP1"
"M1"	"HPRD"	"LAMB3"
"M1"	"HPRD"	"LAMC2"
"M1"	"HPRD"	"HAUS7"
"M1"	"HPRD"	"CKMT2"
"M1"	"HPRD"	"MSC"
"M1"	"HPRD"	"HNF1B"
"M1"	"HPRD"	"KCNIP3"
"M1"	"HPRD"	"DSCAML1"
"M1"	"HPRD"	"DPEP1"
"M1"	"HPRD"	"ABI3BP"
"M1"	"HPRD"	"GABRB3"
"M1"	"HPRD"	"MYO3A"
"M1"	"HPRD"	"SLC7A8"
"M1"	"HPRD"	"PKIA"
"M1"	"HPRD"	"TRIM7"
"M1"	"HPRD"	"KCNK3"
"M1"	"HPRD"	"KISS1R"
"M1"	"HPRD"	"CDH4"
"M1"	"HPRD"	"GGT1"
"M1"	"HPRD"	"ALS2CL"
"M1"	"HPRD"	"LY6E"
"M1"	"HPRD"	"GLYAT"
"M1"	"HPRD"	"PRIMA1"
"M1"	"HPRD"	"CHST9"
"M1"	"HPRD"	"RTN4RL1"
"M1"	"HPRD"	"HUNK"
"M1"	"HPRD"	"MAOB"
"M1"	"HPRD"	"CD70"
"M1"	"HPRD"	"EPHA7"
"M1"	"HPRD"	"ERP27"
"M1"	"HPRD"	"RNF128"
"M1"	"HPRD"	"PBLD"
"M1"	"HPRD"	"CGN"
"M1"	"HPRD"	"SYBU"
"M1"	"HPRD"	"CHI3L1"
"M1"	"HPRD"	"NAT8"
"M1"	"HPRD"	"ABLIM3"
"M1"	"HPRD"	"IL22RA1"
"M1"	"HPRD"	"SCNN1A"
"M1"	"HPRD"	"PDE10A"
"M1"	"HPRD"	"ASPA"
"M1"	"HPRD"	"PLPP2"
"M1"	"HPRD"	"ANXA13"
"M1"	"HPRD"	"TTBK1"
"M1"	"HPRD"	"SLC9A3"
"M1"	"HPRD"	"ZMYND10"
"M1"	"HPRD"	"GATM"
"M1"	"HPRD"	"SALL1"
"M1"	"HPRD"	"TINAG"
"M1"	"HPRD"	"CDH6"
"M1"	"HPRD"	"JPH2"
"M1"	"HPRD"	"PDZRN3"
"M1"	"HPRD"	"BSPRY"
"M1"	"HPRD"	"SHROOM3"
"M1"	"HPRD"	"SCIN"
"M1"	"HPRD"	"PAX2"
"M1"	"HPRD"	"GALNT14"
"M1"	"HPRD"	"NME5"
"M1"	"HPRD"	"TRHDE"
"M1"	"HPRD"	"TNFSF9"
"M1"	"HPRD"	"CLDN7"
"M1"	"HPRD"	"ARSE"
"M1"	"HPRD"	"PDLIM4"
"M1"	"HPRD"	"IL20RB"
"M1"	"HPRD"	"USH1C"
"M1"	"HPRD"	"TENM3"
"M1"	"HPRD"	"CCDC89"
"M1"	"HPRD"	"SLC7A11"
"M1"	"HPRD"	"MMP24"
"M1"	"HPRD"	"PDZK1IP1"
"M1"	"HPRD"	"SLC22A12"
"M1"	"HPRD"	"PRSS8"
"M1"	"HPRD"	"SYT13"
"M1"	"HPRD"	"BHMT"
"M1"	"HPRD"	"TENM1"
"M1"	"HPRD"	"HAVCR1"
"M1"	"HPRD"	"MIOX"
"M1"	"HPRD"	"ESPN"
"M1"	"BioGrid_Mouse"	"TFCP2L1"
"M1"	"BioGrid_Mouse"	"LRRK2"
"M1"	"BioGrid_Mouse"	"ESRRG"
"M1"	"BioGrid_Mouse"	"AQP1"
"M1"	"BioGrid_Mouse"	"HOMER2"
"M1"	"BioGrid_Mouse"	"SFN"
"M1"	"BioGrid_Mouse"	"MAOA"
"M1"	"BioGrid_Mouse"	"BIRC7"
"M1"	"BioGrid_Mouse"	"UCHL1"
"M1"	"BioGrid_Mouse"	"AR"
"M1"	"BioGrid_Mouse"	"TUBB4A"
"M1"	"BioGrid_Mouse"	"PRKN"
"M1"	"BioGrid_Mouse"	"NCAM1"
"M1"	"BioGrid_Mouse"	"TEX11"
"M1"	"BioGrid_Mouse"	"DNM1"
"M1"	"BioGrid_Mouse"	"PLEKHB1"
"M1"	"BioGrid_Mouse"	"CDH1"
"M1"	"BioGrid_Mouse"	"CDH2"
"M1"	"BioGrid_Mouse"	"KCNMA1"
"M1"	"BioGrid_Mouse"	"FHL1"
"M1"	"BioGrid_Mouse"	"USP2"
"M1"	"BioGrid_Mouse"	"HLF"
"M1"	"BioGrid_Mouse"	"GATA3"
"M1"	"BioGrid_Mouse"	"ANK3"
"M1"	"BioGrid_Mouse"	"TNFRSF19"
"M1"	"BioGrid_Mouse"	"EMX2"
"M1"	"BioGrid_Mouse"	"HNF1A"
"M1"	"BioGrid_Mouse"	"PPARGC1A"
"M1"	"BioGrid_Mouse"	"FHL2"
"M1"	"BioGrid_Mouse"	"MAPT"
"M1"	"BioGrid_Mouse"	"MME"
"M1"	"BioGrid_Mouse"	"UBE2C"
"M1"	"BioGrid_Mouse"	"SNCA"
"M1"	"BioGrid_Mouse"	"L1CAM"
"M1"	"BioGrid_Mouse"	"NKD2"
"M1"	"BioGrid_Mouse"	"SNAP25"
"M1"	"BioGrid_Mouse"	"FBXO2"
"M1"	"BioGrid_Mouse"	"LIPC"
"M1"	"BioGrid_Mouse"	"TRIB3"
"M1"	"BioGrid_Mouse"	"EMX1"
"M1"	"BioGrid_Mouse"	"REG1A"
"M1"	"BioGrid_Mouse"	"LIN7A"
"M1"	"BioGrid_Mouse"	"CIT"
"M1"	"BioGrid_Mouse"	"ADSSL1"
"M1"	"BioGrid_Mouse"	"DCLK1"
"M1"	"BioGrid_Mouse"	"MLXIPL"
"M1"	"BioGrid_Mouse"	"ZBTB7C"
"M1"	"BioGrid_Mouse"	"LEF1"
"M1"	"BioGrid_Mouse"	"SLC6A3"
"M1"	"BioGrid_Mouse"	"HNF4A"
"M1"	"BioGrid_Mouse"	"TBX15"
"M1"	"BioGrid_Mouse"	"NEFL"
"M1"	"BioGrid_Mouse"	"MYBL2"
"M1"	"BioGrid_Mouse"	"MDK"
"M1"	"BioGrid_Mouse"	"RHOBTB3"
"M1"	"BioGrid_Mouse"	"SHH"
"M1"	"BioGrid_Mouse"	"CXADR"
"M1"	"BioGrid_Mouse"	"LDLR"
"M1"	"BioGrid_Mouse"	"IL17RB"
"M1"	"BioGrid_Mouse"	"PKLR"
"M1"	"BioGrid_Mouse"	"BCL11A"
"M1"	"BioGrid_Mouse"	"SLIT2"
"M1"	"BioGrid_Mouse"	"NR1H4"
"M1"	"BioGrid_Mouse"	"ASRGL1"
"M1"	"BioGrid_Mouse"	"LAMA1"
"M1"	"BioGrid_Mouse"	"BARX2"
"M1"	"BioGrid_Mouse"	"KL"
"M1"	"BioGrid_Mouse"	"CACNA1D"
"M1"	"BioGrid_Mouse"	"ANKS4B"
"M1"	"BioGrid_Mouse"	"FOXQ1"
"M1"	"BioGrid_Mouse"	"LAMC2"
"M1"	"BioGrid_Mouse"	"HNF1B"
"M1"	"BioGrid_Mouse"	"KCNIP3"
"M1"	"BioGrid_Mouse"	"FBXL16"
"M1"	"BioGrid_Mouse"	"WNT5A"
"M1"	"BioGrid_Mouse"	"WNT9A"
"M1"	"BioGrid_Mouse"	"SALL1"
"M1"	"BioGrid_Mouse"	"PROM1"
"M1"	"BioGrid_Mouse"	"PDZD3"
"M1"	"BioGrid_Mouse"	"PDLIM4"
"M1"	"BioGrid_Mouse"	"USH1C"
"M1"	"BioGrid_Mouse"	"MEI4"
"M1"	"BioGrid_Mouse"	"REPS2"
"M1"	"BCI"	"AQP1"
"M1"	"BCI"	"VCAM1"
"M1"	"BCI"	"HOMER2"
"M1"	"BCI"	"HIST1H1C"
"M1"	"BCI"	"CRYAB"
"M1"	"BCI"	"SFN"
"M1"	"BCI"	"MAOA"
"M1"	"BCI"	"UCHL1"
"M1"	"BCI"	"DSP"
"M1"	"BCI"	"CLU"
"M1"	"BCI"	"DNM1"
"M1"	"BCI"	"PIGR"
"M1"	"BCI"	"ABCB1"
"M1"	"BCI"	"ABCB4"
"M1"	"BCI"	"CDH1"
"M1"	"BCI"	"CDH2"
"M1"	"BCI"	"APLP1"
"M1"	"BCI"	"KCNMA1"
"M1"	"BCI"	"FHL1"
"M1"	"BCI"	"GATA3"
"M1"	"BCI"	"ANK3"
"M1"	"BCI"	"ERBB3"
"M1"	"BCI"	"HNF1A"
"M1"	"BCI"	"FHL2"
"M1"	"BCI"	"MAPT"
"M1"	"BCI"	"MME"
"M1"	"BCI"	"LGALS2"
"M1"	"BCI"	"L1CAM"
"M1"	"BCI"	"RGS9"
"M1"	"BCI"	"ALDOC"
"M1"	"BCI"	"AQP3"
"M1"	"BCI"	"IGFBP3"
"M1"	"BCI"	"COL7A1"
"M1"	"BCI"	"FGFR4"
"M1"	"BCI"	"ENTPD2"
"M1"	"BCI"	"SERPINE1"
"M1"	"BCI"	"KRT7"
"M1"	"BCI"	"MYBL2"
"M1"	"BCI"	"MDK"
"M1"	"BCI"	"GPD1"
"M1"	"BCI"	"LDLR"
"M1"	"BCI"	"FOLR1"
"M1"	"BCI"	"SERPINF2"
"M1"	"BCI"	"MUC1"
"M1"	"BCI"	"MMP7"
"M1"	"BCI"	"CFB"
"M1"	"BCI"	"MT2A"
"M1"	"BCI"	"F12"
"M1"	"BCI"	"CDH16"
"M1"	"BCI"	"SCARB1"
"M1"	"BCI"	"ANK1"
"M1"	"BCI"	"COL4A3"
"M1"	"BCI"	"CP"
"M1"	"BCI"	"S100A2"
"M1"	"BCI"	"MT1F"
"M1"	"BCI"	"MT1G"
"M1"	"BCI"	"CACNA1D"
"M1"	"BCI"	"GJB1"
"M1"	"BCI"	"TFPI"
"M1"	"BCI"	"HK2"
"M1"	"BCI"	"KLF5"
"M1"	"BCI"	"EDN2"
"M1"	"BCI"	"DEFB1"
"M1"	"BCI"	"ADRA2C"
"M1"	"BCI"	"BDKRB2"
"M1"	"BCI"	"GPM6A"
"M1"	"BCI"	"PKIA"
"M1"	"BCI"	"KCNK3"
"M1"	"BCI"	"LY6E"
"M1"	"IntAct_Rat"	"MAPK15"
"M1"	"IntAct_Rat"	"LRRK2"
"M1"	"IntAct_Rat"	"RAB6B"
"M1"	"IntAct_Rat"	"LRRC7"
"M1"	"IntAct_Rat"	"CLU"
"M1"	"IntAct_Rat"	"DNM1"
"M1"	"IntAct_Rat"	"ABCB4"
"M1"	"IntAct_Rat"	"F2RL1"
"M1"	"IntAct_Rat"	"ABCC2"
"M1"	"IntAct_Rat"	"KCNMA1"
"M1"	"IntAct_Rat"	"ATP2B2"
"M1"	"IntAct_Rat"	"ANK3"
"M1"	"IntAct_Rat"	"FHL2"
"M1"	"IntAct_Rat"	"CABP1"
"M1"	"IntAct_Rat"	"GRIA4"
"M1"	"IntAct_Rat"	"PDZK1"
"M1"	"IntAct_Rat"	"SNAP25"
"M1"	"IntAct_Rat"	"STON2"
"M1"	"IntAct_Rat"	"NRXN2"
"M1"	"IntAct_Rat"	"NLGN1"
"M1"	"IntAct_Rat"	"SLC6A3"
"M1"	"IntAct_Rat"	"CUBN"
"M1"	"IntAct_Rat"	"SYT9"
"M1"	"IntAct_Rat"	"RPS6KA6"
"M1"	"IntAct_Rat"	"GRM8"
"M1"	"IntAct_Rat"	"SLC22A6"
"M1"	"IntAct_Rat"	"GABRB3"
"M1"	"IntAct_Rat"	"SLC9A3"
"M1"	"IntAct_Rat"	"COBL"
"M1"	"BIND"	"VCAM1"
"M1"	"BIND"	"CRYAB"
"M1"	"BIND"	"SFN"
"M1"	"BIND"	"LRRC7"
"M1"	"BIND"	"BIRC7"
"M1"	"BIND"	"AR"
"M1"	"BIND"	"DSP"
"M1"	"BIND"	"PRKN"
"M1"	"BIND"	"CLU"
"M1"	"BIND"	"GADD45G"
"M1"	"BIND"	"PIGR"
"M1"	"BIND"	"HNF4G"
"M1"	"BIND"	"C3"
"M1"	"BIND"	"CDH1"
"M1"	"BIND"	"RAB27B"
"M1"	"BIND"	"APLP1"
"M1"	"BIND"	"KCNMA1"
"M1"	"BIND"	"FHL1"
"M1"	"BIND"	"HLF"
"M1"	"BIND"	"ERBB3"
"M1"	"BIND"	"HNF1A"
"M1"	"BIND"	"FHL2"
"M1"	"BIND"	"LGALS2"
"M1"	"BIND"	"DPP4"
"M1"	"BIND"	"FBP1"
"M1"	"BIND"	"UBE2C"
"M1"	"BIND"	"GHR"
"M1"	"BIND"	"SNCA"
"M1"	"BIND"	"RAP1GAP"
"M1"	"BIND"	"L1CAM"
"M1"	"BIND"	"TRIB3"
"M1"	"BIND"	"FGFR3"
"M1"	"BIND"	"ALDOC"
"M1"	"BIND"	"FGFR2"
"M1"	"BIND"	"PLXNB3"
"M1"	"BIND"	"COL7A1"
"M1"	"BIND"	"LEF1"
"M1"	"BIND"	"ST14"
"M1"	"BIND"	"SLC6A3"
"M1"	"BIND"	"TPD52L1"
"M1"	"BIND"	"PAH"
"M1"	"BIND"	"SERPINE1"
"M1"	"BIND"	"NEFL"
"M1"	"BIND"	"ALDOB"
"M1"	"BIND"	"SERPINA1"
"M1"	"BIND"	"KCND3"
"M1"	"BIND"	"CXADR"
"M1"	"BIND"	"NR1H4"
"M1"	"BIND"	"EFNA5"
"M1"	"BIND"	"C1R"
"M1"	"BIND"	"C1S"
"M1"	"BIND"	"CFB"
"M1"	"BIND"	"REN"
"M1"	"BIND"	"APBB1IP"
"M1"	"BIND"	"NPR3"
"M1"	"BIND"	"RBP4"
"M1"	"BIND"	"PMAIP1"
"M1"	"BIND"	"CCL2"
"M1"	"BIND"	"GSTA1"
"M1"	"BIND"	"TFPI"
"M1"	"BIND"	"HK2"
"M1"	"BIND"	"AZGP1"
"M1"	"BIND"	"DIRAS2"
"M1"	"BIND"	"DSCAML1"
"M1"	"BIND"	"DPEP1"
"M1"	"BIND"	"KCNK3"
"M1"	"BIND"	"MAOB"
"M1"	"BIND"	"EPHA7"
"M1"	"BIND"	"CGN"
"M1"	"BIND"	"RNASE4"
"M1"	"BIND"	"CHI3L1"
"M1"	"BIND"	"AKR1C2"
"M1"	"BIND"	"SALL1"
"M1"	"BIND"	"BHMT"
"M1"	"BIND_Worm"	"PRKN"
"M1"	"BIND_Worm"	"DPF3"
"M1"	"BIND_Worm"	"ALDOC"
"M1"	"BIND_Worm"	"DCLK1"
"M1"	"BIND_Worm"	"HGD"
"M1"	"MGI"	"HIST1H1C"
"M1"	"MGI"	"AR"
"M1"	"MGI"	"DNM1"
"M1"	"MGI"	"CDH1"
"M1"	"MGI"	"CDH2"
"M1"	"MGI"	"MLPH"
"M1"	"MGI"	"APLP1"
"M1"	"MGI"	"GATA3"
"M1"	"MGI"	"PPARGC1A"
"M1"	"MGI"	"MAPT"
"M1"	"MGI"	"LRP2"
"M1"	"MGI"	"ADSSL1"
"M1"	"MGI"	"LEF1"
"M1"	"MGI"	"NEFL"
"M1"	"MGI"	"SHH"
"M1"	"MGI"	"WNT3"
"M1"	"MGI"	"LDLR"
"M1"	"MGI"	"LAMA1"
"M1"	"MGI"	"TRIM10"
"M1"	"MGI"	"WNT5A"
"M1"	"MGI"	"SYTL2"
"M1"	"MGI"	"WNT5B"
"M1"	"YeastLow"	"GFPT2"
"M1"	"YeastLow"	"ATP2B2"
"M1"	"YeastLow"	"FBP1"
"M1"	"YeastLow"	"THNSL2"
"M1"	"YeastLow"	"ADSSL1"
"M1"	"YeastLow"	"SLC25A34"
"M1"	"YeastLow"	"KMO"
"M1"	"YeastLow"	"SLC4A4"
"M1"	"YeastLow"	"GLDC"
"M1"	"YeastLow"	"GPT"
"M1"	"YeastLow"	"GGT1"
"M1"	"DIP_Yeast"	"RAB6B"
"M1"	"DIP_Yeast"	"GFPT2"
"M1"	"DIP_Yeast"	"ATP2B2"
"M1"	"DIP_Yeast"	"ALDH1A2"
"M1"	"DIP_Yeast"	"FBP1"
"M1"	"DIP_Yeast"	"THNSL2"
"M1"	"DIP_Yeast"	"QPRT"
"M1"	"DIP_Yeast"	"KMO"
"M1"	"MINT"	"LRRK2"
"M1"	"MINT"	"FABP3"
"M1"	"MINT"	"ESRRG"
"M1"	"MINT"	"AQP1"
"M1"	"MINT"	"TMEM100"
"M1"	"MINT"	"CRYAB"
"M1"	"MINT"	"SFN"
"M1"	"MINT"	"LRRC7"
"M1"	"MINT"	"KRT19"
"M1"	"MINT"	"AR"
"M1"	"MINT"	"PRKN"
"M1"	"MINT"	"NCAM1"
"M1"	"MINT"	"TEX11"
"M1"	"MINT"	"GIPC2"
"M1"	"MINT"	"DNM1"
"M1"	"MINT"	"GADD45G"
"M1"	"MINT"	"ANXA3"
"M1"	"MINT"	"CDH1"
"M1"	"MINT"	"CDH2"
"M1"	"MINT"	"MLPH"
"M1"	"MINT"	"APLP1"
"M1"	"MINT"	"FHL1"
"M1"	"MINT"	"ATP2B2"
"M1"	"MINT"	"FAM189A2"
"M1"	"MINT"	"USP2"
"M1"	"MINT"	"IRS2"
"M1"	"MINT"	"ERBB3"
"M1"	"MINT"	"PPARGC1A"
"M1"	"MINT"	"FHL2"
"M1"	"MINT"	"MAPT"
"M1"	"MINT"	"MME"
"M1"	"MINT"	"LGALS2"
"M1"	"MINT"	"DPP4"
"M1"	"MINT"	"FBP1"
"M1"	"MINT"	"PDZK1"
"M1"	"MINT"	"GHR"
"M1"	"MINT"	"SNCA"
"M1"	"MINT"	"RAP1GAP"
"M1"	"MINT"	"L1CAM"
"M1"	"MINT"	"SNAP25"
"M1"	"MINT"	"STON2"
"M1"	"MINT"	"THNSL2"
"M1"	"MINT"	"TRIB3"
"M1"	"MINT"	"PTH1R"
"M1"	"MINT"	"FGFR3"
"M1"	"MINT"	"LRP2"
"M1"	"MINT"	"LIN7A"
"M1"	"MINT"	"CIT"
"M1"	"MINT"	"FGFR2"
"M1"	"MINT"	"IGFBP3"
"M1"	"MINT"	"QPRT"
"M1"	"MINT"	"LGALS4"
"M1"	"MINT"	"GPRIN2"
"M1"	"MINT"	"COL7A1"
"M1"	"MINT"	"ST14"
"M1"	"MINT"	"NLGN1"
"M1"	"MINT"	"SLC6A3"
"M1"	"MINT"	"TPD52L1"
"M1"	"MINT"	"AKR7A3"
"M1"	"MINT"	"HNF4A"
"M1"	"MINT"	"SERPINE1"
"M1"	"MINT"	"SLC29A2"
"M1"	"MINT"	"HOXB9"
"M1"	"MINT"	"NDUFA4L2"
"M1"	"MINT"	"SPAG5"
"M1"	"MINT"	"NEFL"
"M1"	"MINT"	"KRT7"
"M1"	"MINT"	"ALDH1A1"
"M1"	"MINT"	"MYBL2"
"M1"	"MINT"	"GPD1"
"M1"	"MINT"	"RPS6KA6"
"M1"	"MINT"	"STC2"
"M1"	"MINT"	"ALPL"
"M1"	"MINT"	"SERPINA1"
"M1"	"MINT"	"LDLR"
"M1"	"MINT"	"VIL1"
"M1"	"MINT"	"CLDN2"
"M1"	"MINT"	"LOXL2"
"M1"	"MINT"	"TPPP"
"M1"	"MINT"	"SLIT2"
"M1"	"MINT"	"EFNA5"
"M1"	"MINT"	"MUC1"
"M1"	"MINT"	"DOK6"
"M1"	"MINT"	"SERPINA5"
"M1"	"MINT"	"C1R"
"M1"	"MINT"	"ANK1"
"M1"	"MINT"	"PMAIP1"
"M1"	"MINT"	"S100A2"
"M1"	"MINT"	"SH2D5"
"M1"	"MINT"	"ANPEP"
"M1"	"MINT"	"AK4"
"M1"	"MINT"	"ARL4D"
"M1"	"MINT"	"SLC22A6"
"M1"	"MINT"	"SYT17"
"M1"	"MINT"	"HK2"
"M1"	"MINT"	"AKAP12"
"M1"	"MINT"	"KLF5"
"M1"	"MINT"	"ACY3"
"M1"	"MINT"	"BMP8B"
"M1"	"MINT"	"NEBL"
"M1"	"MINT"	"CKMT2"
"M1"	"MINT"	"KCNIP3"
"M1"	"MINT"	"DPEP1"
"M1"	"MINT"	"PKIA"
"M1"	"MINT"	"KCNK3"
"M1"	"MINT"	"KISS1R"
"M1"	"MINT"	"WFDC2"
"M1"	"MINT"	"GLYAT"
"M1"	"MINT"	"CCL28"
"M1"	"MINT"	"CXorf57"
"M1"	"MINT"	"SCNN1A"
"M1"	"MINT"	"ASPA"
"M1"	"MINT"	"PLPP2"
"M1"	"MINT"	"SLC9A3"
"M1"	"MINT"	"ZMYND10"
"M1"	"MINT"	"CHDH"
"M1"	"MINT"	"NME5"
"M1"	"MINT"	"ADGRB2"
"M1"	"MINT"	"CLDN7"
"M1"	"MINT"	"ARSE"
"M1"	"MINT"	"PDLIM4"
"M1"	"MINT"	"USH1C"
"M1"	"MINT"	"PDZK1IP1"
"M1"	"MINT"	"BHMT"
"M1"	"MINT"	"NAGS"
"M1"	"MINT"	"MOCOS"
"M1"	"MINT"	"REPS2"
"M1"	"VidalHuman_core"	"AQP1"
"M1"	"VidalHuman_core"	"SFN"
"M1"	"VidalHuman_core"	"KRT19"
"M1"	"VidalHuman_core"	"PRKN"
"M1"	"VidalHuman_core"	"FAM189A2"
"M1"	"VidalHuman_core"	"USP2"
"M1"	"VidalHuman_core"	"FBP1"
"M1"	"VidalHuman_core"	"PDZK1"
"M1"	"VidalHuman_core"	"SNAP25"
"M1"	"VidalHuman_core"	"QPRT"
"M1"	"VidalHuman_core"	"GPRIN2"
"M1"	"VidalHuman_core"	"AKR7A3"
"M1"	"VidalHuman_core"	"HOXB9"
"M1"	"VidalHuman_core"	"ALDH1A1"
"M1"	"VidalHuman_core"	"CXADR"
"M1"	"VidalHuman_core"	"AGT"
"M1"	"VidalHuman_core"	"CLDN2"
"M1"	"VidalHuman_core"	"S100A2"
"M1"	"VidalHuman_core"	"SLC22A6"
"M1"	"VidalHuman_core"	"HK2"
"M1"	"VidalHuman_core"	"KCNIP3"
"M1"	"VidalHuman_core"	"DPEP1"
"M1"	"VidalHuman_core"	"ASPA"
"M1"	"VidalHuman_core"	"ZMYND10"
"M1"	"VidalHuman_core"	"NME5"
"M1"	"VidalHuman_core"	"CLDN7"
"M1"	"VidalHuman_core"	"PDLIM4"
"M1"	"VidalHuman_core"	"BHMT"
"M1"	"JonesErbB1"	"ERBB3"
"M1"	"YeastHigh"	"GFPT2"
"M1"	"YeastHigh"	"THNSL2"
"M1"	"YeastHigh"	"GLDC"
"M1"	"MINT_Rat"	"RAB6B"
"M1"	"MINT_Rat"	"LRRC7"
"M1"	"MINT_Rat"	"PRKN"
"M1"	"MINT_Rat"	"DNM1"
"M1"	"MINT_Rat"	"GRIA4"
"M1"	"MINT_Rat"	"PDZK1"
"M1"	"MINT_Rat"	"SNAP25"
"M1"	"MINT_Rat"	"NLGN1"
"M1"	"MINT_Rat"	"GRM8"
"M1"	"MINT_Rat"	"SLC22A6"
"M1"	"MINT_Rat"	"COBL"
"M1"	"BIND_Mouse"	"ESRRG"
"M1"	"BIND_Mouse"	"RAB6B"
"M1"	"BIND_Mouse"	"HOMER2"
"M1"	"BIND_Mouse"	"CLU"
"M1"	"BIND_Mouse"	"CDH1"
"M1"	"BIND_Mouse"	"CDH2"
"M1"	"BIND_Mouse"	"MLPH"
"M1"	"BIND_Mouse"	"ABCC2"
"M1"	"BIND_Mouse"	"GFPT2"
"M1"	"BIND_Mouse"	"MAPK12"
"M1"	"BIND_Mouse"	"GATA3"
"M1"	"BIND_Mouse"	"PPARGC1A"
"M1"	"BIND_Mouse"	"FHL2"
"M1"	"BIND_Mouse"	"SNAP25"
"M1"	"BIND_Mouse"	"SLC17A1"
"M1"	"BIND_Mouse"	"RGS9"
"M1"	"BIND_Mouse"	"EPS8L1"
"M1"	"BIND_Mouse"	"ADSSL1"
"M1"	"BIND_Mouse"	"LEF1"
"M1"	"BIND_Mouse"	"BARX2"
"M1"	"BIND_Mouse"	"KLF5"
"M1"	"BIND_Mouse"	"SYTL2"
"M1"	"BIND_Mouse"	"FREM2"
"M1"	"BIND_Mouse"	"FRAS1"
"M1"	"MINT_Mouse"	"RAB6B"
"M1"	"MINT_Mouse"	"PRKN"
"M1"	"MINT_Mouse"	"NCAM1"
"M1"	"MINT_Mouse"	"CDH1"
"M1"	"MINT_Mouse"	"KCNMA1"
"M1"	"MINT_Mouse"	"IRS2"
"M1"	"MINT_Mouse"	"CLDN3"
"M1"	"MINT_Mouse"	"MAPT"
"M1"	"MINT_Mouse"	"SNCA"
"M1"	"MINT_Mouse"	"SNAP25"
"M1"	"MINT_Mouse"	"SLC17A1"
"M1"	"MINT_Mouse"	"COL7A1"
"M1"	"MINT_Mouse"	"GRM8"
"M1"	"MINT_Mouse"	"SLC1A1"
"M1"	"MINT_Mouse"	"CLDN2"
"M1"	"MINT_Mouse"	"LAMA1"
"M1"	"MINT_Mouse"	"APBB1IP"
"M1"	"MINT_Mouse"	"AKAP12"
"M1"	"MINT_Mouse"	"ACY3"
"M1"	"MINT_Mouse"	"CLDN7"
"M1"	"INNATEDB_Mouse"	"AQP1"
"M1"	"INNATEDB_Mouse"	"AR"
"M1"	"INNATEDB_Mouse"	"PRKN"
"M1"	"INNATEDB_Mouse"	"NCAM1"
"M1"	"INNATEDB_Mouse"	"C3"
"M1"	"INNATEDB_Mouse"	"CDH1"
"M1"	"INNATEDB_Mouse"	"CDH2"
"M1"	"INNATEDB_Mouse"	"GDA"
"M1"	"INNATEDB_Mouse"	"IRS2"
"M1"	"INNATEDB_Mouse"	"GATA3"
"M1"	"INNATEDB_Mouse"	"ANK3"
"M1"	"INNATEDB_Mouse"	"TNFRSF19"
"M1"	"INNATEDB_Mouse"	"HNF1A"
"M1"	"INNATEDB_Mouse"	"PPARGC1A"
"M1"	"INNATEDB_Mouse"	"FHL2"
"M1"	"INNATEDB_Mouse"	"CADM4"
"M1"	"INNATEDB_Mouse"	"PODXL2"
"M1"	"INNATEDB_Mouse"	"EGLN3"
"M1"	"INNATEDB_Mouse"	"ZBTB7C"
"M1"	"INNATEDB_Mouse"	"LEF1"
"M1"	"INNATEDB_Mouse"	"HNF4A"
"M1"	"INNATEDB_Mouse"	"CUBN"
"M1"	"INNATEDB_Mouse"	"SHH"
"M1"	"INNATEDB_Mouse"	"ALPL"
"M1"	"INNATEDB_Mouse"	"TRIM9"
"M1"	"INNATEDB_Mouse"	"CDCA7"
"M1"	"INNATEDB_Mouse"	"NEURL3"
"M1"	"INNATEDB_Mouse"	"MYO3A"
"M1"	"INNATEDB_Mouse"	"PANK1"
"M1"	"INNATEDB_Mouse"	"TBC1D14"
"M1"	"INNATEDB_Mouse"	"SLC7A8"
"M1"	"INNATEDB_Mouse"	"NAPSA"
"M1"	"INNATEDB_Mouse"	"IRX3"
"M1"	"INNATEDB_Mouse"	"SLC5A12"
"M1"	"INNATEDB_Mouse"	"FREM2"
"M1"	"INNATEDB_Mouse"	"IL17RD"
"M1"	"BioGrid_Worm"	"PRKN"
"M1"	"BioGrid_Worm"	"DNM1"
"M1"	"BioGrid_Worm"	"FGFR3"
"M1"	"BioGrid_Worm"	"EPS8L1"
"M1"	"BioGrid_Worm"	"ALDOC"
"M1"	"BioGrid_Worm"	"DCLK1"
"M1"	"BioGrid_Worm"	"TRIM9"
"M1"	"BioGrid_Worm"	"HGD"
"M1"	"DIP"	"LRRK2"
"M1"	"DIP"	"NTN1"
"M1"	"DIP"	"AQP1"
"M1"	"DIP"	"CRYAB"
"M1"	"DIP"	"KRT19"
"M1"	"DIP"	"BIRC7"
"M1"	"DIP"	"AR"
"M1"	"DIP"	"DSP"
"M1"	"DIP"	"PRKN"
"M1"	"DIP"	"DNM1"
"M1"	"DIP"	"CDH1"
"M1"	"DIP"	"APLP1"
"M1"	"DIP"	"KCNMA1"
"M1"	"DIP"	"USP2"
"M1"	"DIP"	"CA9"
"M1"	"DIP"	"ERBB3"
"M1"	"DIP"	"PPARGC1A"
"M1"	"DIP"	"FHL2"
"M1"	"DIP"	"CLDN3"
"M1"	"DIP"	"MAPT"
"M1"	"DIP"	"CABP1"
"M1"	"DIP"	"TGFA"
"M1"	"DIP"	"FBP1"
"M1"	"DIP"	"GHR"
"M1"	"DIP"	"GFRA1"
"M1"	"DIP"	"SNCA"
"M1"	"DIP"	"NKD2"
"M1"	"DIP"	"SNAP25"
"M1"	"DIP"	"FGFR3"
"M1"	"DIP"	"NCR3LG1"
"M1"	"DIP"	"FGFR2"
"M1"	"DIP"	"IGFBP3"
"M1"	"DIP"	"ANK2"
"M1"	"DIP"	"FGFR4"
"M1"	"DIP"	"LEF1"
"M1"	"DIP"	"LARGE2"
"M1"	"DIP"	"RNF165"
"M1"	"DIP"	"SPAG5"
"M1"	"DIP"	"CUBN"
"M1"	"DIP"	"SERPINA1"
"M1"	"DIP"	"LDLR"
"M1"	"DIP"	"IGF2BP1"
"M1"	"DIP"	"SLIT2"
"M1"	"DIP"	"EFNA5"
"M1"	"DIP"	"NRG1"
"M1"	"DIP"	"SERPINA5"
"M1"	"DIP"	"CDCP1"
"M1"	"DIP"	"CFB"
"M1"	"DIP"	"REN"
"M1"	"DIP"	"SLC4A4"
"M1"	"DIP"	"LRG1"
"M1"	"DIP"	"ITGB6"
"M1"	"DIP"	"CCL2"
"M1"	"DIP"	"HK2"
"M1"	"DIP"	"DDC"
"M1"	"DIP"	"GABRB3"
"M1"	"DIP"	"HUNK"
"M1"	"DIP"	"GJB2"
"M1"	"DIP"	"IL22RA1"
"M1"	"DIP"	"BAIAP2L1"
"M1"	"DIP"	"ASPA"
"M1"	"DIP"	"USH1C"
"M1"	"YeastMedium"	"GFPT2"
"M1"	"YeastMedium"	"DPP4"
"M1"	"YeastMedium"	"FBP1"
"M1"	"YeastMedium"	"ADSSL1"
"M1"	"YeastMedium"	"QPRT"
"M1"	"YeastMedium"	"HAO2"
"M1"	"YeastMedium"	"GPT"
"M1"	"IntAct_Worm"	"DNM1"
"M1"	"IntAct_Worm"	"HNF4G"
"M1"	"IntAct_Worm"	"EPS8L1"
"M1"	"IntAct_Worm"	"ALDOC"
"M1"	"IntAct_Worm"	"DCLK1"
"M1"	"IntAct_Worm"	"GPD1"
"M1"	"IntAct_Worm"	"HGD"
"M1"	"IntAct_Worm"	"ANXA13"
"M1"	"IntAct_Worm"	"MYO7B"
"M1"	"IntAct_Worm"	"LDHD"
"M1"	"IntAct_Worm"	"UPB1"
"M1"	"BioGrid_Rat"	"HOMER2"
"M1"	"BioGrid_Rat"	"LRRC7"
"M1"	"BioGrid_Rat"	"PRKN"
"M1"	"BioGrid_Rat"	"CDH1"
"M1"	"BioGrid_Rat"	"F2RL1"
"M1"	"BioGrid_Rat"	"USP2"
"M1"	"BioGrid_Rat"	"IRS2"
"M1"	"BioGrid_Rat"	"MAPT"
"M1"	"BioGrid_Rat"	"TRPV4"
"M1"	"BioGrid_Rat"	"GFRA1"
"M1"	"BioGrid_Rat"	"SNCA"
"M1"	"BioGrid_Rat"	"L1CAM"
"M1"	"BioGrid_Rat"	"SNAP25"
"M1"	"BioGrid_Rat"	"FBXO2"
"M1"	"BioGrid_Rat"	"NRXN2"
"M1"	"BioGrid_Rat"	"NLGN1"
"M1"	"BioGrid_Rat"	"SLC6A3"
"M1"	"BioGrid_Rat"	"SERPINE1"
"M1"	"BioGrid_Rat"	"NEFL"
"M1"	"BioGrid_Rat"	"CUBN"
"M1"	"BioGrid_Rat"	"MDK"
"M1"	"BioGrid_Rat"	"GRM8"
"M1"	"BioGrid_Rat"	"ANPEP"
"M1"	"BioGrid_Rat"	"KCNIP3"
"M1"	"BioGrid_Rat"	"KISS1R"
"M1"	"DIP_Rat"	"AR"
"M1"	"DIP_Rat"	"DNM1"
"M1"	"DIP_Rat"	"CDH2"
"M1"	"DIP_Rat"	"GRIA4"
"M1"	"DIP_Rat"	"SNAP25"
"M1"	"DIP_Rat"	"NEFL"
"M1"	"DIP_Rat"	"HK2"
"M1"	"DIP_Rat"	"MAL"
"M1"	"DIP_Rat"	"GABRB3"
"M1"	"DIP_Rat"	"ASPA"
"M1"	"Miller_WntLumier"	"NKD2"
"M1"	"MINT_Yeast"	"RAB6B"
"M1"	"MINT_Yeast"	"ATP2B2"
"M1"	"MINT_Yeast"	"FBP1"
"M1"	"MINT_Yeast"	"CYB5R2"
"M1"	"MINT_Yeast"	"ADSSL1"
"M1"	"MINT_Yeast"	"QPRT"
"M1"	"MINT_Yeast"	"SLC25A34"
"M1"	"MINT_Yeast"	"ALDH4A1"
"M1"	"MINT_Yeast"	"GLDC"
"M1"	"Tarassov_PCA"	"ATP2B2"
"M1"	"Tarassov_PCA"	"CYB5R2"
"M1"	"Tarassov_PCA"	"SLC25A34"
"M1"	"IntAct_Yeast"	"RAB6B"
"M1"	"IntAct_Yeast"	"GFPT2"
"M1"	"IntAct_Yeast"	"ATP2B2"
"M1"	"IntAct_Yeast"	"ABCC3"
"M1"	"IntAct_Yeast"	"ALDH1A2"
"M1"	"IntAct_Yeast"	"FBP1"
"M1"	"IntAct_Yeast"	"CYB5R2"
"M1"	"IntAct_Yeast"	"THNSL2"
"M1"	"IntAct_Yeast"	"AQP3"
"M1"	"IntAct_Yeast"	"ADSSL1"
"M1"	"IntAct_Yeast"	"QPRT"
"M1"	"IntAct_Yeast"	"HAO2"
"M1"	"IntAct_Yeast"	"SLC25A34"
"M1"	"IntAct_Yeast"	"KMO"
"M1"	"IntAct_Yeast"	"PKLR"
"M1"	"IntAct_Yeast"	"ALDH4A1"
"M1"	"IntAct_Yeast"	"SLC47A1"
"M1"	"IntAct_Yeast"	"GLDC"
"M1"	"StelzlMedium"	"PRKN"
"M1"	"StelzlMedium"	"ANXA3"
"M1"	"StelzlMedium"	"APLP1"
"M1"	"StelzlMedium"	"RAP1GAP"
"M1"	"StelzlMedium"	"L1CAM"
"M1"	"StelzlMedium"	"THNSL2"
"M1"	"StelzlMedium"	"FGFR3"
"M1"	"StelzlMedium"	"IGFBP3"
"M1"	"StelzlMedium"	"LGALS4"
"M1"	"StelzlMedium"	"TPD52L1"
"M1"	"StelzlMedium"	"NDUFA4L2"
"M1"	"StelzlMedium"	"RPS6KA6"
"M1"	"StelzlMedium"	"STC2"
"M1"	"StelzlMedium"	"SERPINA5"
"M1"	"StelzlMedium"	"PMAIP1"
"M1"	"StelzlMedium"	"ARL4D"
"M1"	"StelzlMedium"	"CKMT2"
"M1"	"StelzlMedium"	"WFDC2"
"M1"	"StelzlMedium"	"PLPP2"
"M1"	"StelzlMedium"	"ARSE"
"M1"	"StelzlMedium"	"PDZK1IP1"
"M1"	"VidalHuman_non_core"	"BBOX1"
"M1"	"VidalHuman_non_core"	"AQP1"
"M1"	"VidalHuman_non_core"	"HOMER2"
"M1"	"VidalHuman_non_core"	"SFN"
"M1"	"VidalHuman_non_core"	"KRT19"
"M1"	"VidalHuman_non_core"	"CLDN3"
"M1"	"VidalHuman_non_core"	"FBP1"
"M1"	"VidalHuman_non_core"	"TACSTD2"
"M1"	"VidalHuman_non_core"	"GPRIN2"
"M1"	"VidalHuman_non_core"	"AKR7A3"
"M1"	"VidalHuman_non_core"	"MYBL2"
"M1"	"VidalHuman_non_core"	"ETNK2"
"M1"	"VidalHuman_non_core"	"AGT"
"M1"	"VidalHuman_non_core"	"SERPINA5"
"M1"	"VidalHuman_non_core"	"AK4"
"M1"	"VidalHuman_non_core"	"ARL4D"
"M1"	"VidalHuman_non_core"	"CLDN7"
"M1"	"Krogan_NonCore"	"GFPT2"
"M1"	"Krogan_NonCore"	"ALDH1A2"
"M1"	"Krogan_NonCore"	"CYB5R2"
"M1"	"Krogan_NonCore"	"THNSL2"
"M1"	"Krogan_NonCore"	"ADSSL1"
"M1"	"Krogan_NonCore"	"PKLR"
"M1"	"BIND_Rat"	"AR"
"M1"	"BIND_Rat"	"NCAM1"
"M1"	"BIND_Rat"	"DNM1"
"M1"	"BIND_Rat"	"C3"
"M1"	"BIND_Rat"	"CDH2"
"M1"	"BIND_Rat"	"MAPK12"
"M1"	"BIND_Rat"	"ERBB3"
"M1"	"BIND_Rat"	"ALDH1A2"
"M1"	"BIND_Rat"	"SNCA"
"M1"	"BIND_Rat"	"L1CAM"
"M1"	"BIND_Rat"	"SNAP25"
"M1"	"BIND_Rat"	"NRXN2"
"M1"	"BIND_Rat"	"HAO2"
"M1"	"BIND_Rat"	"NLGN1"
"M1"	"BIND_Rat"	"AKR7A3"
"M1"	"BIND_Rat"	"HNF4A"
"M1"	"BIND_Rat"	"CUBN"
"M1"	"BIND_Rat"	"SYT9"
"M1"	"BIND_Rat"	"KCND3"
"M1"	"BIND_Rat"	"NR1H4"
"M1"	"BIND_Rat"	"GSTA1"
"M1"	"BIND_Rat"	"MAOB"
"M1"	"BIND_Rat"	"EPHA7"
"M1"	"BIND_Rat"	"BHMT"
"M1"	"BIND_Rat"	"CLIC6"
"M1"	"MINT_Worm"	"PRKN"
"M1"	"MINT_Worm"	"ALDOC"
"M1"	"MINT_Worm"	"DCLK1"
"M1"	"MINT_Worm"	"HGD"
"M1"	"BIND_Fly"	"CRYAB"
"M1"	"BIND_Fly"	"PRKN"
"M1"	"BIND_Fly"	"FGFR3"
"M1"	"BIND_Fly"	"FGFR2"
"M1"	"BIND_Fly"	"ADSSL1"
"M1"	"BIND_Fly"	"PAH"
"M1"	"BIND_Fly"	"PYCR1"
"M1"	"BIND_Fly"	"MELTF"
"M1"	"BIND_Fly"	"TPPP"
"M1"	"BIND_Fly"	"HGD"
"M1"	"BIND_Fly"	"PHYHD1"
"M1"	"BIND_Fly"	"ZMYND10"
"M1"	"BIND_Fly"	"UPB1"
"M1"	"FlyLow"	"ADSSL1"
"M1"	"FlyLow"	"PAH"
"M1"	"FlyLow"	"MELTF"
"M1"	"FlyLow"	"TRIM9"
"M1"	"FlyLow"	"TPPP"
"M1"	"StelzlHigh"	"ANXA3"
"M1"	"StelzlHigh"	"FBP1"
"M1"	"StelzlHigh"	"SNAP25"
"M1"	"StelzlHigh"	"TRIB3"
"M1"	"StelzlHigh"	"FGFR3"
"M1"	"StelzlHigh"	"GPD1"
"M1"	"StelzlHigh"	"ARL4D"
"M1"	"StelzlHigh"	"CKMT2"
"M1"	"FlyHigh"	"ESRRG"
"M1"	"FlyHigh"	"CRYAB"
"M1"	"FlyHigh"	"GDA"
"M1"	"FlyHigh"	"PAH"
"M1"	"FlyHigh"	"TMEM132E"
"M1"	"FlyHigh"	"TRIM9"
"M1"	"FlyHigh"	"HGD"
"M1"	"FlyHigh"	"PHYHD1"
"M1"	"FlyHigh"	"UPB1"
"M1"	"I2D-text_mining-c"	"CLDN3"
"M1"	"I2D-c_Fiona_HUMAN"	"FABP3"
"M1"	"I2D-c_Fiona_HUMAN"	"AR"
"M1"	"I2D-c_Fiona_HUMAN"	"MUC1"
"M1"	"StelzlLow"	"COL7A1"
"M1"	"StelzlLow"	"NDUFA4L2"
"M1"	"StelzlLow"	"PMAIP1"
"M1"	"StelzlLow"	"NAGS"
"M1"	"BIND_Yeast"	"RAB6B"
"M1"	"BIND_Yeast"	"FBP1"
"M1"	"BIND_Yeast"	"HAO2"
"M1"	"MIPS"	"FBP1"
"M1"	"MIPS"	"QPRT"
"M1"	"CORE_2"	"PRKN"
"M1"	"CORE_2"	"ALDOC"
"M1"	"CORE_2"	"DCLK1"
"M1"	"CORE_2"	"HGD"
"M1"	"DIP_Worm"	"PRKN"
"M1"	"DIP_Worm"	"HNF4G"
"M1"	"DIP_Worm"	"ALDOC"
"M1"	"DIP_Worm"	"DCLK1"
"M1"	"DIP_Worm"	"HGD"
"M1"	"DIP_Worm"	"LDHD"
"M1"	"Krogan_Core"	"FBP1"
"M1"	"Krogan_Core"	"CYB5R2"
"M1"	"Krogan_Core"	"ADSSL1"
"M1"	"ShawnLi"	"GHR"
"M1"	"ShawnLi"	"ENPP3"
"M1"	"NON_CORE"	"PRKN"
"M1"	"Fawcett_polarity_Rat"	"DNM1"
"M1"	"Fawcett_polarity_Rat"	"SPTBN2"
"M1"	"Fawcett_polarity_Rat"	"BDH1"
"M1"	"KIM_MYC"	"ANLN"
"M1"	"KIM_MYC"	"ASRGL1"
"M1"	"Fawcett_polarity"	"DSP"
"M2"	"BioGrid"	"SLC2A4"
"M2"	"BioGrid"	"UBD"
"M2"	"BioGrid"	"FKBP5"
"M2"	"BioGrid"	"GULP1"
"M2"	"BioGrid"	"CKB"
"M2"	"BioGrid"	"NR3C2"
"M2"	"BioGrid"	"IL7R"
"M2"	"BioGrid"	"SERPING1"
"M2"	"BioGrid"	"BCL2A1"
"M2"	"BioGrid"	"S100A8"
"M2"	"BioGrid"	"BIRC3"
"M2"	"BioGrid"	"IRF4"
"M2"	"BioGrid"	"SIRPB1"
"M2"	"BioGrid"	"GZMB"
"M2"	"BioGrid"	"GZMH"
"M2"	"BioGrid"	"ACSS3"
"M2"	"BioGrid"	"IL2RG"
"M2"	"BioGrid"	"CDKN2A"
"M2"	"BioGrid"	"S100A9"
"M2"	"BioGrid"	"CD3E"
"M2"	"BioGrid"	"KIT"
"M2"	"BioGrid"	"CD28"
"M2"	"BioGrid"	"CCR5"
"M2"	"BioGrid"	"CARD11"
"M2"	"BioGrid"	"CD27"
"M2"	"BioGrid"	"TNFRSF9"
"M2"	"BioGrid"	"EPHB2"
"M2"	"BioGrid"	"CXCL13"
"M2"	"BioGrid"	"CCR7"
"M2"	"BioGrid"	"ACKR4"
"M2"	"BioGrid"	"CCL3"
"M2"	"BioGrid"	"CCL4"
"M2"	"BioGrid"	"WNK4"
"M2"	"BioGrid"	"PGR"
"M2"	"BioGrid"	"IDO1"
"M2"	"BioGrid"	"CXCR3"
"M2"	"BioGrid"	"CEBPA"
"M2"	"BioGrid"	"ACP5"
"M2"	"BioGrid"	"ARNT2"
"M2"	"BioGrid"	"PHGDH"
"M2"	"BioGrid"	"CD84"
"M2"	"BioGrid"	"APOE"
"M2"	"BioGrid"	"RGS1"
"M2"	"BioGrid"	"NRXN3"
"M2"	"BioGrid"	"IL2RA"
"M2"	"BioGrid"	"OCLN"
"M2"	"BioGrid"	"SH2D1A"
"M2"	"BioGrid"	"ADCY7"
"M2"	"BioGrid"	"ASB2"
"M2"	"BioGrid"	"FPR1"
"M2"	"BioGrid"	"FCGR2B"
"M2"	"BioGrid"	"PDCD1"
"M2"	"BioGrid"	"CLDN1"
"M2"	"BioGrid"	"TNFSF14"
"M2"	"BioGrid"	"LTB"
"M2"	"BioGrid"	"CD8A"
"M2"	"BioGrid"	"FCGR1A"
"M2"	"BioGrid"	"CD2"
"M2"	"BioGrid"	"HLA-DQA1"
"M2"	"BioGrid"	"COL8A2"
"M2"	"BioGrid"	"CES1"
"M2"	"BioGrid"	"BATF"
"M2"	"BioGrid"	"CYBB"
"M2"	"BioGrid"	"CD5"
"M2"	"BioGrid"	"SLAMF6"
"M2"	"BioGrid"	"SLAMF7"
"M2"	"BioGrid"	"IKZF3"
"M2"	"BioGrid"	"DERL3"
"M2"	"BioGrid"	"GZMA"
"M2"	"BioGrid"	"HLA-DRB5"
"M2"	"BioGrid"	"NOVA1"
"M2"	"BioGrid"	"CCL5"
"M2"	"BioGrid"	"EPCAM"
"M2"	"BioGrid"	"F13A1"
"M2"	"BioGrid"	"GRB14"
"M2"	"BioGrid"	"SH2D2A"
"M2"	"BioGrid"	"FGB"
"M2"	"BioGrid"	"F5"
"M2"	"BioGrid"	"IL1B"
"M2"	"BioGrid"	"VSIG4"
"M2"	"BioGrid"	"HLA-DQA2"
"M2"	"BioGrid"	"CD79A"
"M2"	"BioGrid"	"CD3D"
"M2"	"BioGrid"	"HLA-G"
"M2"	"BioGrid"	"ACHE"
"M2"	"BioGrid"	"APOL1"
"M2"	"BioGrid"	"APOC1"
"M2"	"BioGrid"	"FCGR3A"
"M2"	"BioGrid"	"C1QB"
"M2"	"BioGrid"	"ETV7"
"M2"	"BioGrid"	"CD3G"
"M2"	"BioGrid"	"SIGLEC8"
"M2"	"BioGrid"	"S100A1"
"M2"	"BioGrid"	"SLA2"
"M2"	"BioGrid"	"CCL18"
"M2"	"BioGrid"	"ALOX5"
"M2"	"BioGrid"	"OSM"
"M2"	"BioGrid"	"DMKN"
"M2"	"BioGrid"	"TTLL6"
"M2"	"BioGrid"	"NECAB1"
"M2"	"BioGrid"	"HAVCR2"
"M2"	"BioGrid"	"GZMK"
"M2"	"BioGrid"	"CD38"
"M2"	"BioGrid"	"SIT1"
"M2"	"BioGrid"	"CD209"
"M2"	"BioGrid"	"KCNJ5"
"M2"	"BioGrid"	"CD7"
"M2"	"BioGrid"	"HLA-DOA"
"M2"	"BioGrid"	"HLA-DOB"
"M2"	"BioGrid"	"MRC1"
"M2"	"BioGrid"	"RNF43"
"M2"	"BioGrid"	"CXCL11"
"M2"	"BioGrid"	"CXCL9"
"M2"	"BioGrid"	"HOXB8"
"M2"	"BioGrid"	"CYP39A1"
"M2"	"BioGrid"	"TIGIT"
"M2"	"BioGrid"	"RRAD"
"M2"	"BioGrid"	"MYRIP"
"M2"	"BioGrid"	"NEB"
"M2"	"BioGrid"	"APOL4"
"M2"	"BioGrid"	"TMPRSS3"
"M2"	"BioGrid"	"THEMIS"
"M2"	"BioGrid"	"PTGS1"
"M2"	"BioGrid"	"DGKI"
"M2"	"BioGrid"	"NBL1"
"M2"	"BioGrid"	"MPPED2"
"M2"	"BioGrid"	"CD163"
"M2"	"BioGrid"	"ACOT1"
"M2"	"BioGrid"	"NLGN4X"
"M2"	"BioGrid"	"ZNF471"
"M2"	"BioGrid"	"RCAN2"
"M2"	"BioGrid"	"HSD11B2"
"M2"	"BioGrid"	"GDF15"
"M2"	"BioGrid"	"BEX5"
"M2"	"BioGrid"	"NKG7"
"M2"	"BioGrid"	"UBE2QL1"
"M2"	"BioGrid"	"GBP5"
"M2"	"BioGrid"	"GSTO2"
"M2"	"BioGrid"	"CYSLTR2"
"M2"	"HPRD"	"SLC2A4"
"M2"	"HPRD"	"UBD"
"M2"	"HPRD"	"FKBP5"
"M2"	"HPRD"	"GULP1"
"M2"	"HPRD"	"LYZ"
"M2"	"HPRD"	"CKB"
"M2"	"HPRD"	"NR3C2"
"M2"	"HPRD"	"IL7R"
"M2"	"HPRD"	"SERPING1"
"M2"	"HPRD"	"BCL2A1"
"M2"	"HPRD"	"S100A8"
"M2"	"HPRD"	"BIRC3"
"M2"	"HPRD"	"IRF4"
"M2"	"HPRD"	"SIRPB1"
"M2"	"HPRD"	"GZMB"
"M2"	"HPRD"	"IL2RG"
"M2"	"HPRD"	"S100A9"
"M2"	"HPRD"	"CD3E"
"M2"	"HPRD"	"KIT"
"M2"	"HPRD"	"CD28"
"M2"	"HPRD"	"CCR5"
"M2"	"HPRD"	"CARD11"
"M2"	"HPRD"	"TNFRSF9"
"M2"	"HPRD"	"C2"
"M2"	"HPRD"	"NELL2"
"M2"	"HPRD"	"EPHB2"
"M2"	"HPRD"	"CXCL13"
"M2"	"HPRD"	"CCR7"
"M2"	"HPRD"	"ACKR4"
"M2"	"HPRD"	"CCL3"
"M2"	"HPRD"	"CCL4"
"M2"	"HPRD"	"WNK4"
"M2"	"HPRD"	"PGR"
"M2"	"HPRD"	"IDO1"
"M2"	"HPRD"	"SIGLEC7"
"M2"	"HPRD"	"CXCR3"
"M2"	"HPRD"	"CEBPA"
"M2"	"HPRD"	"ACP5"
"M2"	"HPRD"	"ARNT2"
"M2"	"HPRD"	"CD84"
"M2"	"HPRD"	"APOE"
"M2"	"HPRD"	"RGS1"
"M2"	"HPRD"	"NRXN3"
"M2"	"HPRD"	"IL2RA"
"M2"	"HPRD"	"OCLN"
"M2"	"HPRD"	"SH2D1A"
"M2"	"HPRD"	"ADCY7"
"M2"	"HPRD"	"ASB2"
"M2"	"HPRD"	"FPR1"
"M2"	"HPRD"	"FCGR2B"
"M2"	"HPRD"	"CLDN1"
"M2"	"HPRD"	"TNFSF14"
"M2"	"HPRD"	"LTB"
"M2"	"HPRD"	"CD8A"
"M2"	"HPRD"	"FCGR1A"
"M2"	"HPRD"	"CD2"
"M2"	"HPRD"	"HLA-DQA1"
"M2"	"HPRD"	"COL8A2"
"M2"	"HPRD"	"CES1"
"M2"	"HPRD"	"SIGLEC14"
"M2"	"HPRD"	"TREM2"
"M2"	"HPRD"	"BATF"
"M2"	"HPRD"	"CYBB"
"M2"	"HPRD"	"CD5"
"M2"	"HPRD"	"SLAMF6"
"M2"	"HPRD"	"SLAMF7"
"M2"	"HPRD"	"SPTBN4"
"M2"	"HPRD"	"IKZF3"
"M2"	"HPRD"	"DERL3"
"M2"	"HPRD"	"GZMA"
"M2"	"HPRD"	"HLA-DRB5"
"M2"	"HPRD"	"NOVA1"
"M2"	"HPRD"	"CCL5"
"M2"	"HPRD"	"EPCAM"
"M2"	"HPRD"	"F13A1"
"M2"	"HPRD"	"GRB14"
"M2"	"HPRD"	"SH2D2A"
"M2"	"HPRD"	"FGB"
"M2"	"HPRD"	"F5"
"M2"	"HPRD"	"IL1B"
"M2"	"HPRD"	"VSIG4"
"M2"	"HPRD"	"AVPR1A"
"M2"	"HPRD"	"HLA-DQA2"
"M2"	"HPRD"	"HLA-DQB1"
"M2"	"HPRD"	"CD79A"
"M2"	"HPRD"	"CD3D"
"M2"	"HPRD"	"HLA-G"
"M2"	"HPRD"	"JCHAIN"
"M2"	"HPRD"	"ACHE"
"M2"	"HPRD"	"APOL1"
"M2"	"HPRD"	"APOC1"
"M2"	"HPRD"	"FCGR3A"
"M2"	"HPRD"	"C1QB"
"M2"	"HPRD"	"CXCL10"
"M2"	"HPRD"	"CD3G"
"M2"	"HPRD"	"S100A1"
"M2"	"HPRD"	"SLA2"
"M2"	"HPRD"	"CCL18"
"M2"	"HPRD"	"ALOX5"
"M2"	"HPRD"	"OSM"
"M2"	"HPRD"	"HAVCR2"
"M2"	"HPRD"	"CD38"
"M2"	"HPRD"	"SIT1"
"M2"	"HPRD"	"CD209"
"M2"	"HPRD"	"KCNJ5"
"M2"	"HPRD"	"CST7"
"M2"	"HPRD"	"CD7"
"M2"	"HPRD"	"TLR8"
"M2"	"HPRD"	"TLR7"
"M2"	"HPRD"	"HLA-DOA"
"M2"	"HPRD"	"CXCL11"
"M2"	"HPRD"	"CXCL9"
"M2"	"HPRD"	"RRAD"
"M2"	"HPRD"	"MYRIP"
"M2"	"HPRD"	"PTGS1"
"M2"	"HPRD"	"DUSP2"
"M2"	"HPRD"	"CD200R1"
"M2"	"HPRD"	"NBL1"
"M2"	"HPRD"	"MZB1"
"M2"	"HPRD"	"STXBP6"
"M2"	"HPRD"	"ZNF471"
"M2"	"HPRD"	"RCAN2"
"M2"	"HPRD"	"ADCY1"
"M2"	"HPRD"	"IL1RL2"
"M2"	"HPRD"	"GDF15"
"M2"	"HPRD"	"LRRC4"
"M2"	"HPRD"	"GBP5"
"M2"	"IntAct"	"SLC2A4"
"M2"	"IntAct"	"UBD"
"M2"	"IntAct"	"FKBP5"
"M2"	"IntAct"	"GULP1"
"M2"	"IntAct"	"LYZ"
"M2"	"IntAct"	"CKB"
"M2"	"IntAct"	"NR3C2"
"M2"	"IntAct"	"IL7R"
"M2"	"IntAct"	"SERPING1"
"M2"	"IntAct"	"BCL2A1"
"M2"	"IntAct"	"S100A8"
"M2"	"IntAct"	"BIRC3"
"M2"	"IntAct"	"IRF4"
"M2"	"IntAct"	"IGSF21"
"M2"	"IntAct"	"SIRPB1"
"M2"	"IntAct"	"PYHIN1"
"M2"	"IntAct"	"GZMB"
"M2"	"IntAct"	"ACSS3"
"M2"	"IntAct"	"PIP5K1B"
"M2"	"IntAct"	"IL2RG"
"M2"	"IntAct"	"CDKN2A"
"M2"	"IntAct"	"S100A9"
"M2"	"IntAct"	"CD3E"
"M2"	"IntAct"	"KIT"
"M2"	"IntAct"	"CD28"
"M2"	"IntAct"	"CCR5"
"M2"	"IntAct"	"CARD11"
"M2"	"IntAct"	"NELL2"
"M2"	"IntAct"	"EPHB2"
"M2"	"IntAct"	"CCR7"
"M2"	"IntAct"	"CCL3"
"M2"	"IntAct"	"CCL4"
"M2"	"IntAct"	"PGR"
"M2"	"IntAct"	"IDO1"
"M2"	"IntAct"	"CEBPA"
"M2"	"IntAct"	"ACP5"
"M2"	"IntAct"	"CAPN6"
"M2"	"IntAct"	"ARNT2"
"M2"	"IntAct"	"PHGDH"
"M2"	"IntAct"	"APOE"
"M2"	"IntAct"	"RGS1"
"M2"	"IntAct"	"IL2RA"
"M2"	"IntAct"	"OCLN"
"M2"	"IntAct"	"SH2D1A"
"M2"	"IntAct"	"ADCY7"
"M2"	"IntAct"	"ASB2"
"M2"	"IntAct"	"FPR1"
"M2"	"IntAct"	"FCGR2B"
"M2"	"IntAct"	"PDCD1"
"M2"	"IntAct"	"CLDN1"
"M2"	"IntAct"	"SLC1A3"
"M2"	"IntAct"	"TNFSF14"
"M2"	"IntAct"	"LTB"
"M2"	"IntAct"	"CD8A"
"M2"	"IntAct"	"FCGR1A"
"M2"	"IntAct"	"CD2"
"M2"	"IntAct"	"HLA-DQA1"
"M2"	"IntAct"	"LILRB5"
"M2"	"IntAct"	"CES1"
"M2"	"IntAct"	"CTSW"
"M2"	"IntAct"	"BATF"
"M2"	"IntAct"	"CYBB"
"M2"	"IntAct"	"CD5"
"M2"	"IntAct"	"SLAMF7"
"M2"	"IntAct"	"SPTBN4"
"M2"	"IntAct"	"IKZF3"
"M2"	"IntAct"	"GZMA"
"M2"	"IntAct"	"NOVA1"
"M2"	"IntAct"	"CCL5"
"M2"	"IntAct"	"F13A1"
"M2"	"IntAct"	"GRB14"
"M2"	"IntAct"	"SH2D2A"
"M2"	"IntAct"	"FGB"
"M2"	"IntAct"	"IL1B"
"M2"	"IntAct"	"CD79A"
"M2"	"IntAct"	"CD3D"
"M2"	"IntAct"	"HLA-G"
"M2"	"IntAct"	"ACHE"
"M2"	"IntAct"	"APOL1"
"M2"	"IntAct"	"C1QB"
"M2"	"IntAct"	"CXCL10"
"M2"	"IntAct"	"ETV7"
"M2"	"IntAct"	"CD3G"
"M2"	"IntAct"	"S100A1"
"M2"	"IntAct"	"CCL18"
"M2"	"IntAct"	"ALOX5"
"M2"	"IntAct"	"OSM"
"M2"	"IntAct"	"DMKN"
"M2"	"IntAct"	"TTLL6"
"M2"	"IntAct"	"SIT1"
"M2"	"IntAct"	"CST7"
"M2"	"IntAct"	"CD7"
"M2"	"IntAct"	"TLR7"
"M2"	"IntAct"	"HLA-DOA"
"M2"	"IntAct"	"RNF43"
"M2"	"IntAct"	"CXCL11"
"M2"	"IntAct"	"CXCL9"
"M2"	"IntAct"	"TIGIT"
"M2"	"IntAct"	"RRAD"
"M2"	"IntAct"	"MYRIP"
"M2"	"IntAct"	"NEB"
"M2"	"IntAct"	"OLR1"
"M2"	"IntAct"	"APOL4"
"M2"	"IntAct"	"TMPRSS3"
"M2"	"IntAct"	"THEMIS"
"M2"	"IntAct"	"DUSP2"
"M2"	"IntAct"	"ARG2"
"M2"	"IntAct"	"DGKI"
"M2"	"IntAct"	"NBL1"
"M2"	"IntAct"	"GPNMB"
"M2"	"IntAct"	"MPPED2"
"M2"	"IntAct"	"MZB1"
"M2"	"IntAct"	"ST6GALNAC2"
"M2"	"IntAct"	"NTNG2"
"M2"	"IntAct"	"RCAN2"
"M2"	"IntAct"	"GDF15"
"M2"	"IntAct"	"ZNF667"
"M2"	"IntAct"	"BEX5"
"M2"	"IntAct"	"NKG7"
"M2"	"IntAct"	"KLHDC7B"
"M2"	"IntAct"	"FCGBP"
"M2"	"IntAct"	"LRRC4"
"M2"	"IntAct"	"GBP5"
"M2"	"IntAct"	"GSTO2"
"M2"	"IntAct"	"CYSLTR2"
"M2"	"MINT_Worm"	"GULP1"
"M2"	"INNATEDB"	"SLC2A4"
"M2"	"INNATEDB"	"LYZ"
"M2"	"INNATEDB"	"NR3C2"
"M2"	"INNATEDB"	"IL7R"
"M2"	"INNATEDB"	"SERPING1"
"M2"	"INNATEDB"	"BCL2A1"
"M2"	"INNATEDB"	"S100A8"
"M2"	"INNATEDB"	"BIRC3"
"M2"	"INNATEDB"	"IRF4"
"M2"	"INNATEDB"	"SIRPB1"
"M2"	"INNATEDB"	"GZMB"
"M2"	"INNATEDB"	"GZMH"
"M2"	"INNATEDB"	"IL2RG"
"M2"	"INNATEDB"	"CDKN2A"
"M2"	"INNATEDB"	"S100A9"
"M2"	"INNATEDB"	"KIT"
"M2"	"INNATEDB"	"CCR5"
"M2"	"INNATEDB"	"CARD11"
"M2"	"INNATEDB"	"TNFRSF9"
"M2"	"INNATEDB"	"C2"
"M2"	"INNATEDB"	"CCR7"
"M2"	"INNATEDB"	"ACKR4"
"M2"	"INNATEDB"	"CCL3"
"M2"	"INNATEDB"	"IDO1"
"M2"	"INNATEDB"	"SIGLEC7"
"M2"	"INNATEDB"	"IL2RA"
"M2"	"INNATEDB"	"OCLN"
"M2"	"INNATEDB"	"SH2D1A"
"M2"	"INNATEDB"	"ASB2"
"M2"	"INNATEDB"	"CCR2"
"M2"	"INNATEDB"	"PDCD1"
"M2"	"INNATEDB"	"TNFSF14"
"M2"	"INNATEDB"	"LTB"
"M2"	"INNATEDB"	"BATF"
"M2"	"INNATEDB"	"CYBB"
"M2"	"INNATEDB"	"CD5"
"M2"	"INNATEDB"	"IKZF3"
"M2"	"INNATEDB"	"GZMA"
"M2"	"INNATEDB"	"IL1B"
"M2"	"INNATEDB"	"ACHE"
"M2"	"INNATEDB"	"CXCL10"
"M2"	"INNATEDB"	"ETV7"
"M2"	"INNATEDB"	"CD3G"
"M2"	"INNATEDB"	"ALOX5"
"M2"	"INNATEDB"	"OSM"
"M2"	"INNATEDB"	"HAVCR2"
"M2"	"INNATEDB"	"GZMK"
"M2"	"INNATEDB"	"CD38"
"M2"	"INNATEDB"	"TLR8"
"M2"	"INNATEDB"	"TLR7"
"M2"	"INNATEDB"	"CXCL11"
"M2"	"INNATEDB"	"ERAP2"
"M2"	"INNATEDB"	"CXCL9"
"M2"	"INNATEDB"	"TIGIT"
"M2"	"INNATEDB"	"MYRIP"
"M2"	"INNATEDB"	"ADGRE1"
"M2"	"INNATEDB"	"APOL4"
"M2"	"INNATEDB"	"PADI2"
"M2"	"INNATEDB"	"CX3CR1"
"M2"	"INNATEDB"	"LAG3"
"M2"	"INNATEDB"	"WNT2B"
"M2"	"IntAct_Rat"	"SLC2A4"
"M2"	"IntAct_Rat"	"FKBP5"
"M2"	"IntAct_Rat"	"GRB14"
"M2"	"IntAct_Rat"	"ACHE"
"M2"	"IntAct_Rat"	"KCNJ5"
"M2"	"BCI"	"FKBP5"
"M2"	"BCI"	"NR3C2"
"M2"	"BCI"	"IL7R"
"M2"	"BCI"	"SERPING1"
"M2"	"BCI"	"BCL2A1"
"M2"	"BCI"	"S100A8"
"M2"	"BCI"	"BIRC3"
"M2"	"BCI"	"IRF4"
"M2"	"BCI"	"GZMB"
"M2"	"BCI"	"IL2RG"
"M2"	"BCI"	"CDKN2A"
"M2"	"BCI"	"CD3E"
"M2"	"BCI"	"CD27"
"M2"	"BCI"	"TNFRSF9"
"M2"	"BCI"	"C2"
"M2"	"BCI"	"EPHB2"
"M2"	"BCI"	"CCR7"
"M2"	"BCI"	"CCL3"
"M2"	"BCI"	"CXCR3"
"M2"	"BCI"	"CEBPA"
"M2"	"BCI"	"ACP5"
"M2"	"BCI"	"APOE"
"M2"	"BCI"	"RGS1"
"M2"	"BCI"	"IL2RA"
"M2"	"BCI"	"SH2D1A"
"M2"	"BCI"	"ADCY7"
"M2"	"BCI"	"FCGR2B"
"M2"	"BCI"	"LTB"
"M2"	"BCI"	"CD8A"
"M2"	"BCI"	"FCGR1A"
"M2"	"BCI"	"CD2"
"M2"	"BCI"	"CYBB"
"M2"	"BCI"	"CD5"
"M2"	"BCI"	"GZMA"
"M2"	"BCI"	"CCL5"
"M2"	"BCI"	"F13A1"
"M2"	"BCI"	"IL1B"
"M2"	"BCI"	"CD79A"
"M2"	"BCI"	"CD3D"
"M2"	"BCI"	"CD8B"
"M2"	"BCI"	"HLA-G"
"M2"	"BCI"	"ACHE"
"M2"	"BCI"	"FCGR3A"
"M2"	"BCI"	"C1QB"
"M2"	"BCI"	"ALOX5"
"M2"	"BCI"	"CD38"
"M2"	"BCI"	"CD7"
"M2"	"BCI"	"NEB"
"M2"	"BCI"	"DUSP2"
"M2"	"BCI"	"CX3CR1"
"M2"	"BCI"	"LAG3"
"M2"	"INNATEDB_Mouse"	"GULP1"
"M2"	"INNATEDB_Mouse"	"IL7R"
"M2"	"INNATEDB_Mouse"	"S100A8"
"M2"	"INNATEDB_Mouse"	"BIRC3"
"M2"	"INNATEDB_Mouse"	"IRF4"
"M2"	"INNATEDB_Mouse"	"IL2RG"
"M2"	"INNATEDB_Mouse"	"KIT"
"M2"	"INNATEDB_Mouse"	"CD28"
"M2"	"INNATEDB_Mouse"	"CCR5"
"M2"	"INNATEDB_Mouse"	"CARD11"
"M2"	"INNATEDB_Mouse"	"CD27"
"M2"	"INNATEDB_Mouse"	"CCR7"
"M2"	"INNATEDB_Mouse"	"CCL4"
"M2"	"INNATEDB_Mouse"	"IDO1"
"M2"	"INNATEDB_Mouse"	"CXCR3"
"M2"	"INNATEDB_Mouse"	"CEBPA"
"M2"	"INNATEDB_Mouse"	"PHGDH"
"M2"	"INNATEDB_Mouse"	"IL2RA"
"M2"	"INNATEDB_Mouse"	"SH2D1A"
"M2"	"INNATEDB_Mouse"	"PDCD1"
"M2"	"INNATEDB_Mouse"	"TREM2"
"M2"	"INNATEDB_Mouse"	"BATF"
"M2"	"INNATEDB_Mouse"	"CYBB"
"M2"	"INNATEDB_Mouse"	"CLEC4E"
"M2"	"INNATEDB_Mouse"	"EOMES"
"M2"	"INNATEDB_Mouse"	"CCL5"
"M2"	"INNATEDB_Mouse"	"FGB"
"M2"	"INNATEDB_Mouse"	"IL1B"
"M2"	"INNATEDB_Mouse"	"CD79A"
"M2"	"INNATEDB_Mouse"	"HAVCR2"
"M2"	"INNATEDB_Mouse"	"TLR7"
"M2"	"INNATEDB_Mouse"	"MRC1"
"M2"	"INNATEDB_Mouse"	"SIGLEC1"
"M2"	"INNATEDB_Mouse"	"ARG2"
"M2"	"INNATEDB_Mouse"	"MZB1"
"M2"	"INNATEDB_Mouse"	"PLD4"
"M2"	"BioGrid_Mouse"	"SLC2A4"
"M2"	"BioGrid_Mouse"	"NR3C2"
"M2"	"BioGrid_Mouse"	"BIRC3"
"M2"	"BioGrid_Mouse"	"IRF4"
"M2"	"BioGrid_Mouse"	"CDKN2A"
"M2"	"BioGrid_Mouse"	"CD3E"
"M2"	"BioGrid_Mouse"	"KIT"
"M2"	"BioGrid_Mouse"	"CARD11"
"M2"	"BioGrid_Mouse"	"CD27"
"M2"	"BioGrid_Mouse"	"TNFRSF9"
"M2"	"BioGrid_Mouse"	"EPHB2"
"M2"	"BioGrid_Mouse"	"PGR"
"M2"	"BioGrid_Mouse"	"IDO1"
"M2"	"BioGrid_Mouse"	"CEBPA"
"M2"	"BioGrid_Mouse"	"APOE"
"M2"	"BioGrid_Mouse"	"OCLN"
"M2"	"BioGrid_Mouse"	"ASB2"
"M2"	"BioGrid_Mouse"	"FCGR2B"
"M2"	"BioGrid_Mouse"	"CLDN1"
"M2"	"BioGrid_Mouse"	"SLC1A3"
"M2"	"BioGrid_Mouse"	"FCGR1A"
"M2"	"BioGrid_Mouse"	"IKZF3"
"M2"	"BioGrid_Mouse"	"NOVA1"
"M2"	"BioGrid_Mouse"	"IL1B"
"M2"	"BioGrid_Mouse"	"HLA-DQB1"
"M2"	"BioGrid_Mouse"	"CD79A"
"M2"	"BioGrid_Mouse"	"CD3D"
"M2"	"BioGrid_Mouse"	"ACHE"
"M2"	"BioGrid_Mouse"	"SLA2"
"M2"	"BioGrid_Mouse"	"ALOX5"
"M2"	"BioGrid_Mouse"	"HAVCR2"
"M2"	"BioGrid_Mouse"	"CD38"
"M2"	"BioGrid_Mouse"	"HOXB8"
"M2"	"BioGrid_Mouse"	"PTGS1"
"M2"	"BioGrid_Mouse"	"DUSP2"
"M2"	"BioGrid_Mouse"	"ANKRD22"
"M2"	"MINT_Mouse"	"BIRC3"
"M2"	"MINT_Mouse"	"PIP5K1B"
"M2"	"MINT_Mouse"	"CEBPA"
"M2"	"MINT_Mouse"	"RGS1"
"M2"	"MINT_Mouse"	"SH2D1A"
"M2"	"MINT_Mouse"	"FCGR2B"
"M2"	"MINT_Mouse"	"CLDN1"
"M2"	"MINT_Mouse"	"CD8A"
"M2"	"MINT_Mouse"	"HLA-DQA1"
"M2"	"MINT_Mouse"	"CD8B"
"M2"	"MINT"	"SLC2A4"
"M2"	"MINT"	"LYZ"
"M2"	"MINT"	"CKB"
"M2"	"MINT"	"S100A8"
"M2"	"MINT"	"CDKN2A"
"M2"	"MINT"	"CD3E"
"M2"	"MINT"	"KIT"
"M2"	"MINT"	"CD28"
"M2"	"MINT"	"CCR5"
"M2"	"MINT"	"CXCL13"
"M2"	"MINT"	"PGR"
"M2"	"MINT"	"ACP5"
"M2"	"MINT"	"CD84"
"M2"	"MINT"	"RGS1"
"M2"	"MINT"	"IL2RA"
"M2"	"MINT"	"OCLN"
"M2"	"MINT"	"SH2D1A"
"M2"	"MINT"	"ASB2"
"M2"	"MINT"	"FCGR2B"
"M2"	"MINT"	"PDCD1"
"M2"	"MINT"	"CLDN1"
"M2"	"MINT"	"FCGR1A"
"M2"	"MINT"	"CD2"
"M2"	"MINT"	"HLA-DQA1"
"M2"	"MINT"	"LILRB5"
"M2"	"MINT"	"CES1"
"M2"	"MINT"	"CTSW"
"M2"	"MINT"	"CD5"
"M2"	"MINT"	"IKZF3"
"M2"	"MINT"	"NOVA1"
"M2"	"MINT"	"CCL5"
"M2"	"MINT"	"SH2D2A"
"M2"	"MINT"	"IL1B"
"M2"	"MINT"	"CD3D"
"M2"	"MINT"	"APOC1"
"M2"	"MINT"	"S100A1"
"M2"	"MINT"	"SLA2"
"M2"	"MINT"	"CCL18"
"M2"	"MINT"	"SIT1"
"M2"	"MINT"	"CST7"
"M2"	"MINT"	"CD7"
"M2"	"MINT"	"MYRIP"
"M2"	"MINT"	"NEB"
"M2"	"MINT"	"OLR1"
"M2"	"MINT"	"TMPRSS3"
"M2"	"MINT"	"DUSP2"
"M2"	"MINT"	"NTNG2"
"M2"	"MINT"	"LRRC4"
"M2"	"BIND"	"SLC2A4"
"M2"	"BIND"	"NR3C2"
"M2"	"BIND"	"S100A8"
"M2"	"BIND"	"BIRC3"
"M2"	"BIND"	"GZMB"
"M2"	"BIND"	"CDKN2A"
"M2"	"BIND"	"S100A9"
"M2"	"BIND"	"KIT"
"M2"	"BIND"	"CD28"
"M2"	"BIND"	"CARD11"
"M2"	"BIND"	"EPHB2"
"M2"	"BIND"	"ACKR4"
"M2"	"BIND"	"CCL4"
"M2"	"BIND"	"PGR"
"M2"	"BIND"	"CEBPA"
"M2"	"BIND"	"ARNT2"
"M2"	"BIND"	"APOE"
"M2"	"BIND"	"SH2D1A"
"M2"	"BIND"	"CCR2"
"M2"	"BIND"	"PDCD1"
"M2"	"BIND"	"CD8A"
"M2"	"BIND"	"CD2"
"M2"	"BIND"	"CES1"
"M2"	"BIND"	"BATF"
"M2"	"BIND"	"HLA-DRB5"
"M2"	"BIND"	"CCL5"
"M2"	"BIND"	"F13A1"
"M2"	"BIND"	"GRB14"
"M2"	"BIND"	"SH2D2A"
"M2"	"BIND"	"FGB"
"M2"	"BIND"	"F5"
"M2"	"BIND"	"CD3D"
"M2"	"BIND"	"CXCL10"
"M2"	"BIND"	"S100A1"
"M2"	"BIND"	"ALOX5"
"M2"	"BIND"	"CD38"
"M2"	"BIND"	"CD209"
"M2"	"BIND"	"OLR1"
"M2"	"BIND"	"PTGS1"
"M2"	"IntAct_Mouse"	"SLC2A4"
"M2"	"IntAct_Mouse"	"FKBP5"
"M2"	"IntAct_Mouse"	"S100A8"
"M2"	"IntAct_Mouse"	"BIRC3"
"M2"	"IntAct_Mouse"	"IL2RG"
"M2"	"IntAct_Mouse"	"S100A9"
"M2"	"IntAct_Mouse"	"CARD11"
"M2"	"IntAct_Mouse"	"CD27"
"M2"	"IntAct_Mouse"	"TNFRSF9"
"M2"	"IntAct_Mouse"	"WNK4"
"M2"	"IntAct_Mouse"	"IDO1"
"M2"	"IntAct_Mouse"	"ARNT2"
"M2"	"IntAct_Mouse"	"SH2D1A"
"M2"	"IntAct_Mouse"	"CLDN1"
"M2"	"IntAct_Mouse"	"LTB"
"M2"	"IntAct_Mouse"	"CD8A"
"M2"	"IntAct_Mouse"	"HLA-DQA1"
"M2"	"IntAct_Mouse"	"BATF"
"M2"	"IntAct_Mouse"	"CYBB"
"M2"	"IntAct_Mouse"	"HLA-DRB5"
"M2"	"IntAct_Mouse"	"CD8B"
"M2"	"IntAct_Mouse"	"ACHE"
"M2"	"IntAct_Mouse"	"S100A1"
"M2"	"IntAct_Mouse"	"MRC1"
"M2"	"IntAct_Mouse"	"THEMIS"
"M2"	"IntAct_Mouse"	"DUSP2"
"M2"	"IntAct_Mouse"	"GPNMB"
"M2"	"BioGrid_Rat"	"C2"
"M2"	"BioGrid_Rat"	"CEBPA"
"M2"	"BioGrid_Rat"	"OCLN"
"M2"	"DIP"	"FKBP5"
"M2"	"DIP"	"IL2RG"
"M2"	"DIP"	"CDKN2A"
"M2"	"DIP"	"S100A9"
"M2"	"DIP"	"KIT"
"M2"	"DIP"	"CD28"
"M2"	"DIP"	"CCR5"
"M2"	"DIP"	"CARD11"
"M2"	"DIP"	"TNFRSF9"
"M2"	"DIP"	"EPHB2"
"M2"	"DIP"	"CXCL13"
"M2"	"DIP"	"CCR7"
"M2"	"DIP"	"ACKR4"
"M2"	"DIP"	"CCL3"
"M2"	"DIP"	"CCL4"
"M2"	"DIP"	"PGR"
"M2"	"DIP"	"CXCR3"
"M2"	"DIP"	"CD84"
"M2"	"DIP"	"APOE"
"M2"	"DIP"	"IL2RA"
"M2"	"DIP"	"OCLN"
"M2"	"DIP"	"CCR2"
"M2"	"DIP"	"TNFSF14"
"M2"	"DIP"	"BATF"
"M2"	"DIP"	"CYBB"
"M2"	"DIP"	"CD5"
"M2"	"DIP"	"CCL5"
"M2"	"DIP"	"F13A1"
"M2"	"DIP"	"GRB14"
"M2"	"DIP"	"FGB"
"M2"	"DIP"	"IL1B"
"M2"	"DIP"	"HLA-G"
"M2"	"DIP"	"CXCL10"
"M2"	"DIP"	"HLA-DOA"
"M2"	"DIP"	"CXCL11"
"M2"	"DIP"	"CXCL9"
"M2"	"DIP"	"OLR1"
"M2"	"DIP_Mouse"	"IRF4"
"M2"	"DIP_Mouse"	"CD28"
"M2"	"DIP_Mouse"	"IDO1"
"M2"	"DIP_Mouse"	"CEBPA"
"M2"	"DIP_Mouse"	"OCLN"
"M2"	"DIP_Mouse"	"PDCD1"
"M2"	"DIP_Mouse"	"CYBB"
"M2"	"DIP_Mouse"	"CD79A"
"M2"	"DIP_Mouse"	"OSM"
"M2"	"DIP_Mouse"	"CD38"
"M2"	"DIP_Mouse"	"RNF43"
"M2"	"DIP_Mouse"	"THEMIS"
"M2"	"BIND_Mouse"	"S100A8"
"M2"	"BIND_Mouse"	"IL2RG"
"M2"	"BIND_Mouse"	"S100A9"
"M2"	"BIND_Mouse"	"CD3E"
"M2"	"BIND_Mouse"	"KIT"
"M2"	"BIND_Mouse"	"CCR5"
"M2"	"BIND_Mouse"	"CEBPA"
"M2"	"BIND_Mouse"	"ARNT2"
"M2"	"BIND_Mouse"	"OCLN"
"M2"	"BIND_Mouse"	"SH2D1A"
"M2"	"BIND_Mouse"	"CCR2"
"M2"	"BIND_Mouse"	"CLDN1"
"M2"	"BIND_Mouse"	"HLA-DQA1"
"M2"	"BIND_Mouse"	"CD8B"
"M2"	"BIND_Mouse"	"HLA-G"
"M2"	"BIND_Mouse"	"CD3G"
"M2"	"BIND_Mouse"	"PTGS1"
"M2"	"VidalHuman_non_core"	"GZMH"
"M2"	"VidalHuman_non_core"	"IL2RG"
"M2"	"VidalHuman_non_core"	"CES1"
"M2"	"VidalHuman_non_core"	"CD8B"
"M2"	"VidalHuman_non_core"	"S100A1"
"M2"	"VidalHuman_non_core"	"MYEOV"
"M2"	"VidalHuman_non_core"	"ZNF471"
"M2"	"MINT_Rat"	"SLC2A4"
"M2"	"StelzlMedium"	"S100A8"
"M2"	"StelzlMedium"	"CXCL13"
"M2"	"StelzlMedium"	"RGS1"
"M2"	"StelzlMedium"	"HLA-DQA1"
"M2"	"StelzlMedium"	"CCL18"
"M2"	"MGI"	"KIT"
"M2"	"MGI"	"CCL4"
"M2"	"MGI"	"CEBPA"
"M2"	"MGI"	"OCLN"
"M2"	"MGI"	"CLDN1"
"M2"	"MGI"	"MYRIP"
"M2"	"BioGrid_Yeast"	"IDO1"
"M2"	"DIP_Rat"	"CEBPA"
"M2"	"DIP_Rat"	"ARG2"
"M2"	"VidalHuman_core"	"IRF4"
"M2"	"VidalHuman_core"	"S100A1"
"M2"	"VidalHuman_core"	"ZNF471"
"M2"	"StelzlHigh"	"S100A8"
"M2"	"StelzlHigh"	"HLA-DQA1"
"M2"	"StelzlHigh"	"CCL18"
"M2"	"StelzlHigh"	"TMPRSS3"
"M2"	"SOURAV_MAPK_HIGH"	"S100A9"
"M2"	"IntAct_Worm"	"GULP1"
"M2"	"BIND_Rat"	"CKB"
"M2"	"BIND_Rat"	"CEBPA"
"M2"	"BIND_Rat"	"CD2"
"M2"	"BIND_Rat"	"SDS"
"M2"	"BioGrid_Fly"	"ACSS3"
"M2"	"BioGrid_Fly"	"PHGDH"
"M2"	"BioGrid_Fly"	"ADCY1"
"M2"	"BioGrid_Fly"	"GOLGA7B"
"M2"	"BioGrid_Fly"	"SLC7A7"
"M2"	"ShawnLi"	"IL2RG"
"M2"	"ShawnLi"	"FCGR2B"
"M2"	"StelzlLow"	"S100A8"
"M2"	"StelzlLow"	"ACP5"
"M2"	"StelzlLow"	"FCGR2B"
"M2"	"StelzlLow"	"NOVA1"
"M2"	"DIP_Fly"	"PHGDH"
"M2"	"DIP_Fly"	"SLC7A7"
"M2"	"BIND_Fly"	"SLC7A7"
"M2"	"IntAct_Fly"	"SLC7A7"
"M3"	"BioGrid"	"FN1"
"M3"	"BioGrid"	"ROR2"
"M3"	"BioGrid"	"NDN"
"M3"	"BioGrid"	"SPATC1L"
"M3"	"BioGrid"	"CREB3L1"
"M3"	"BioGrid"	"MDFI"
"M3"	"BioGrid"	"ADAMTS4"
"M3"	"BioGrid"	"VCAN"
"M3"	"BioGrid"	"LUM"
"M3"	"BioGrid"	"LTF"
"M3"	"BioGrid"	"ACTA2"
"M3"	"BioGrid"	"GRIN2A"
"M3"	"BioGrid"	"PTN"
"M3"	"BioGrid"	"DCN"
"M3"	"BioGrid"	"TSHZ2"
"M3"	"BioGrid"	"MMP9"
"M3"	"BioGrid"	"FLNC"
"M3"	"BioGrid"	"TAGLN"
"M3"	"BioGrid"	"DES"
"M3"	"BioGrid"	"EGF"
"M3"	"BioGrid"	"FBLN1"
"M3"	"BioGrid"	"EFEMP1"
"M3"	"BioGrid"	"ELF3"
"M3"	"BioGrid"	"ELN"
"M3"	"BioGrid"	"EMILIN1"
"M3"	"BioGrid"	"COL1A2"
"M3"	"BioGrid"	"TNC"
"M3"	"BioGrid"	"SNAI1"
"M3"	"BioGrid"	"CTGF"
"M3"	"BioGrid"	"DACT1"
"M3"	"BioGrid"	"EPHA3"
"M3"	"BioGrid"	"PDGFRA"
"M3"	"BioGrid"	"RGS7BP"
"M3"	"BioGrid"	"FGF1"
"M3"	"BioGrid"	"MYH11"
"M3"	"BioGrid"	"MOXD1"
"M3"	"BioGrid"	"AP1M2"
"M3"	"BioGrid"	"FBLN2"
"M3"	"BioGrid"	"PLN"
"M3"	"BioGrid"	"COL1A1"
"M3"	"BioGrid"	"COL3A1"
"M3"	"BioGrid"	"COL5A1"
"M3"	"BioGrid"	"HEYL"
"M3"	"BioGrid"	"PAPPA"
"M3"	"BioGrid"	"PTGDS"
"M3"	"BioGrid"	"SYNPO2"
"M3"	"BioGrid"	"FOXP2"
"M3"	"BioGrid"	"WFDC1"
"M3"	"BioGrid"	"SFRP2"
"M3"	"BioGrid"	"GLI2"
"M3"	"BioGrid"	"APOD"
"M3"	"BioGrid"	"METTL27"
"M3"	"BioGrid"	"SFRP1"
"M3"	"BioGrid"	"MEST"
"M3"	"BioGrid"	"EFS"
"M3"	"BioGrid"	"PRLR"
"M3"	"BioGrid"	"ACAN"
"M3"	"BioGrid"	"SYNDIG1"
"M3"	"BioGrid"	"CPS1"
"M3"	"BioGrid"	"ADAM12"
"M3"	"BioGrid"	"COL8A1"
"M3"	"BioGrid"	"LOX"
"M3"	"BioGrid"	"FBLN5"
"M3"	"BioGrid"	"ADH1B"
"M3"	"BioGrid"	"BTC"
"M3"	"BioGrid"	"IGFBP5"
"M3"	"BioGrid"	"IGF2"
"M3"	"BioGrid"	"HGF"
"M3"	"BioGrid"	"MMP2"
"M3"	"BioGrid"	"CFH"
"M3"	"BioGrid"	"BGN"
"M3"	"BioGrid"	"FMOD"
"M3"	"BioGrid"	"LTBP1"
"M3"	"BioGrid"	"FAP"
"M3"	"BioGrid"	"CPE"
"M3"	"BioGrid"	"NOV"
"M3"	"BioGrid"	"GPC3"
"M3"	"BioGrid"	"SCG2"
"M3"	"BioGrid"	"CXCL12"
"M3"	"BioGrid"	"PRELP"
"M3"	"BioGrid"	"PKP1"
"M3"	"BioGrid"	"IGFBP2"
"M3"	"BioGrid"	"BCAN"
"M3"	"BioGrid"	"RXFP1"
"M3"	"BioGrid"	"PPP1R14A"
"M3"	"BioGrid"	"ADRA2A"
"M3"	"BioGrid"	"RGS4"
"M3"	"BioGrid"	"PDE1A"
"M3"	"BioGrid"	"COL14A1"
"M3"	"BioGrid"	"NTRK3"
"M3"	"BioGrid"	"PTGIS"
"M3"	"BioGrid"	"SULF1"
"M3"	"BioGrid"	"ART4"
"M3"	"BioGrid"	"FAM131C"
"M3"	"BioGrid"	"OLFM1"
"M3"	"BioGrid"	"SGK2"
"M3"	"BioGrid"	"NTM"
"M3"	"BioGrid"	"LDB3"
"M3"	"BioGrid"	"CNN1"
"M3"	"BioGrid"	"MYOCD"
"M3"	"BioGrid"	"INHBA"
"M3"	"BioGrid"	"DPYSL3"
"M3"	"BioGrid"	"MFAP2"
"M3"	"BioGrid"	"TNXB"
"M3"	"BioGrid"	"CORO2B"
"M3"	"BioGrid"	"AKR1C1"
"M3"	"BioGrid"	"PDE4C"
"M3"	"BioGrid"	"CHST1"
"M3"	"BioGrid"	"PREX2"
"M3"	"BioGrid"	"SGIP1"
"M3"	"BioGrid"	"LOXL1"
"M3"	"BioGrid"	"DIO2"
"M3"	"BioGrid"	"PRRX1"
"M3"	"BioGrid"	"B4GALNT1"
"M3"	"BioGrid"	"SLC6A1"
"M3"	"BioGrid"	"INMT"
"M3"	"IntAct"	"FN1"
"M3"	"IntAct"	"ROR2"
"M3"	"IntAct"	"NDN"
"M3"	"IntAct"	"SPATC1L"
"M3"	"IntAct"	"CREB3L1"
"M3"	"IntAct"	"MDFI"
"M3"	"IntAct"	"ADAMTS4"
"M3"	"IntAct"	"VCAN"
"M3"	"IntAct"	"SSC5D"
"M3"	"IntAct"	"LTF"
"M3"	"IntAct"	"ACTA2"
"M3"	"IntAct"	"GRIN2A"
"M3"	"IntAct"	"PTN"
"M3"	"IntAct"	"MMP9"
"M3"	"IntAct"	"FLNC"
"M3"	"IntAct"	"TAGLN"
"M3"	"IntAct"	"SULT1C2"
"M3"	"IntAct"	"DES"
"M3"	"IntAct"	"EGF"
"M3"	"IntAct"	"FBLN1"
"M3"	"IntAct"	"EFEMP1"
"M3"	"IntAct"	"NFASC"
"M3"	"IntAct"	"ELF3"
"M3"	"IntAct"	"ELN"
"M3"	"IntAct"	"HSPB6"
"M3"	"IntAct"	"EMILIN1"
"M3"	"IntAct"	"COL1A2"
"M3"	"IntAct"	"SNAI1"
"M3"	"IntAct"	"CTGF"
"M3"	"IntAct"	"DACT1"
"M3"	"IntAct"	"VANGL2"
"M3"	"IntAct"	"EPHA3"
"M3"	"IntAct"	"PDGFRA"
"M3"	"IntAct"	"FGF1"
"M3"	"IntAct"	"MYH11"
"M3"	"IntAct"	"MOXD1"
"M3"	"IntAct"	"SFRP4"
"M3"	"IntAct"	"AP1M2"
"M3"	"IntAct"	"FBLN2"
"M3"	"IntAct"	"PLN"
"M3"	"IntAct"	"HEYL"
"M3"	"IntAct"	"PAPPA"
"M3"	"IntAct"	"SVEP1"
"M3"	"IntAct"	"PTGDS"
"M3"	"IntAct"	"SYNPO2"
"M3"	"IntAct"	"FOXP2"
"M3"	"IntAct"	"FLRT2"
"M3"	"IntAct"	"WFDC1"
"M3"	"IntAct"	"SFRP2"
"M3"	"IntAct"	"SCARA3"
"M3"	"IntAct"	"APOD"
"M3"	"IntAct"	"DOK5"
"M3"	"IntAct"	"METTL27"
"M3"	"IntAct"	"SFRP1"
"M3"	"IntAct"	"MEST"
"M3"	"IntAct"	"EFS"
"M3"	"IntAct"	"PRLR"
"M3"	"IntAct"	"MXRA5"
"M3"	"IntAct"	"MEGF11"
"M3"	"IntAct"	"ACAN"
"M3"	"IntAct"	"SYNDIG1"
"M3"	"IntAct"	"CEMIP"
"M3"	"IntAct"	"SRPX2"
"M3"	"IntAct"	"CPS1"
"M3"	"IntAct"	"COL12A1"
"M3"	"IntAct"	"LAMA2"
"M3"	"IntAct"	"CMYA5"
"M3"	"IntAct"	"ADAM12"
"M3"	"IntAct"	"COL8A1"
"M3"	"IntAct"	"LOX"
"M3"	"IntAct"	"FBLN5"
"M3"	"IntAct"	"ADH1B"
"M3"	"IntAct"	"BTC"
"M3"	"IntAct"	"IGF2"
"M3"	"IntAct"	"HGF"
"M3"	"IntAct"	"MMP2"
"M3"	"IntAct"	"CFH"
"M3"	"IntAct"	"CTSK"
"M3"	"IntAct"	"HABP2"
"M3"	"IntAct"	"TSPAN2"
"M3"	"IntAct"	"BGN"
"M3"	"IntAct"	"LTBP1"
"M3"	"IntAct"	"SORCS3"
"M3"	"IntAct"	"FAP"
"M3"	"IntAct"	"NPY1R"
"M3"	"IntAct"	"SCG2"
"M3"	"IntAct"	"CXCL12"
"M3"	"IntAct"	"PKP1"
"M3"	"IntAct"	"IGFBP2"
"M3"	"IntAct"	"RXFP1"
"M3"	"IntAct"	"PPP1R14A"
"M3"	"IntAct"	"BICDL1"
"M3"	"IntAct"	"ADRA2A"
"M3"	"IntAct"	"PDE1A"
"M3"	"IntAct"	"NTRK3"
"M3"	"IntAct"	"FAM131C"
"M3"	"IntAct"	"SGK2"
"M3"	"IntAct"	"NTM"
"M3"	"IntAct"	"MYOCD"
"M3"	"IntAct"	"INHBA"
"M3"	"IntAct"	"TNXB"
"M3"	"IntAct"	"CORO2B"
"M3"	"IntAct"	"AKR1C1"
"M3"	"IntAct"	"COL6A3"
"M3"	"IntAct"	"CHST1"
"M3"	"IntAct"	"PREX2"
"M3"	"IntAct"	"CNTN4"
"M3"	"IntAct"	"LOXL1"
"M3"	"IntAct"	"ADAMTS12"
"M3"	"IntAct"	"INMT"
"M3"	"IntAct"	"PCDH10"
"M3"	"IntAct"	"COL15A1"
"M3"	"IntAct"	"CYP1B1"
"M3"	"IntAct"	"POSTN"
"M3"	"IntAct"	"MEDAG"
"M3"	"BioGrid_Mouse"	"ROR2"
"M3"	"BioGrid_Mouse"	"NDN"
"M3"	"BioGrid_Mouse"	"ACTA2"
"M3"	"BioGrid_Mouse"	"GRIN2A"
"M3"	"BioGrid_Mouse"	"MMP9"
"M3"	"BioGrid_Mouse"	"DES"
"M3"	"BioGrid_Mouse"	"VANGL2"
"M3"	"BioGrid_Mouse"	"PDGFRA"
"M3"	"BioGrid_Mouse"	"RGS7BP"
"M3"	"BioGrid_Mouse"	"SFRP4"
"M3"	"BioGrid_Mouse"	"COL1A1"
"M3"	"BioGrid_Mouse"	"COL3A1"
"M3"	"BioGrid_Mouse"	"COL5A1"
"M3"	"BioGrid_Mouse"	"SFRP2"
"M3"	"BioGrid_Mouse"	"GLI2"
"M3"	"BioGrid_Mouse"	"HOXD10"
"M3"	"BioGrid_Mouse"	"SFRP1"
"M3"	"BioGrid_Mouse"	"PRLR"
"M3"	"BioGrid_Mouse"	"COL8A1"
"M3"	"BioGrid_Mouse"	"BTC"
"M3"	"BioGrid_Mouse"	"SCG2"
"M3"	"BioGrid_Mouse"	"ADRA2A"
"M3"	"BioGrid_Mouse"	"OLFM1"
"M3"	"BioGrid_Mouse"	"LDB3"
"M3"	"BioGrid_Mouse"	"MYOCD"
"M3"	"BioGrid_Mouse"	"THBS2"
"M3"	"BioGrid_Mouse"	"INHBA"
"M3"	"BioGrid_Mouse"	"AEBP1"
"M3"	"BioGrid_Mouse"	"SOX11"
"M3"	"BioGrid_Mouse"	"GAS1"
"M3"	"BioGrid_Mouse"	"SLIT3"
"M3"	"HPRD"	"FN1"
"M3"	"HPRD"	"ROR2"
"M3"	"HPRD"	"NDN"
"M3"	"HPRD"	"SPATC1L"
"M3"	"HPRD"	"CREB3L1"
"M3"	"HPRD"	"MDFI"
"M3"	"HPRD"	"ADAMTS4"
"M3"	"HPRD"	"VCAN"
"M3"	"HPRD"	"LUM"
"M3"	"HPRD"	"LTF"
"M3"	"HPRD"	"ACTA2"
"M3"	"HPRD"	"GRIN2A"
"M3"	"HPRD"	"PTN"
"M3"	"HPRD"	"DCN"
"M3"	"HPRD"	"MMP9"
"M3"	"HPRD"	"FLNC"
"M3"	"HPRD"	"TAGLN"
"M3"	"HPRD"	"SULT1C2"
"M3"	"HPRD"	"DES"
"M3"	"HPRD"	"GRID1"
"M3"	"HPRD"	"EGF"
"M3"	"HPRD"	"FBLN1"
"M3"	"HPRD"	"NFASC"
"M3"	"HPRD"	"ELF3"
"M3"	"HPRD"	"ELN"
"M3"	"HPRD"	"HSPB6"
"M3"	"HPRD"	"EMILIN1"
"M3"	"HPRD"	"COL1A2"
"M3"	"HPRD"	"TNC"
"M3"	"HPRD"	"SNAI1"
"M3"	"HPRD"	"CTGF"
"M3"	"HPRD"	"EPHA3"
"M3"	"HPRD"	"PDGFRA"
"M3"	"HPRD"	"FGF1"
"M3"	"HPRD"	"AP1M2"
"M3"	"HPRD"	"FBLN2"
"M3"	"HPRD"	"PLN"
"M3"	"HPRD"	"ACTG2"
"M3"	"HPRD"	"COL1A1"
"M3"	"HPRD"	"HEYL"
"M3"	"HPRD"	"PAPPA"
"M3"	"HPRD"	"SVEP1"
"M3"	"HPRD"	"CPXM2"
"M3"	"HPRD"	"PTGDS"
"M3"	"HPRD"	"SFRP2"
"M3"	"HPRD"	"GLI2"
"M3"	"HPRD"	"APOD"
"M3"	"HPRD"	"DOK5"
"M3"	"HPRD"	"HOXD10"
"M3"	"HPRD"	"SFRP1"
"M3"	"HPRD"	"EFS"
"M3"	"HPRD"	"PRLR"
"M3"	"HPRD"	"ACAN"
"M3"	"HPRD"	"CEMIP"
"M3"	"HPRD"	"SRPX2"
"M3"	"HPRD"	"CPS1"
"M3"	"HPRD"	"MFAP4"
"M3"	"HPRD"	"COL12A1"
"M3"	"HPRD"	"LAMA2"
"M3"	"HPRD"	"CMYA5"
"M3"	"HPRD"	"ADAM12"
"M3"	"HPRD"	"COL8A1"
"M3"	"HPRD"	"LOX"
"M3"	"HPRD"	"FBLN5"
"M3"	"HPRD"	"BTC"
"M3"	"HPRD"	"IGFBP5"
"M3"	"HPRD"	"IGF2"
"M3"	"HPRD"	"C7"
"M3"	"HPRD"	"HGF"
"M3"	"HPRD"	"MMP2"
"M3"	"HPRD"	"CFH"
"M3"	"HPRD"	"CTSK"
"M3"	"HPRD"	"HABP2"
"M3"	"HPRD"	"BGN"
"M3"	"HPRD"	"FMOD"
"M3"	"HPRD"	"LTBP1"
"M3"	"HPRD"	"SORCS3"
"M3"	"HPRD"	"FAP"
"M3"	"HPRD"	"NPY1R"
"M3"	"HPRD"	"CPE"
"M3"	"HPRD"	"NOV"
"M3"	"HPRD"	"GPC3"
"M3"	"HPRD"	"SCG2"
"M3"	"HPRD"	"CXCL12"
"M3"	"HPRD"	"PRELP"
"M3"	"HPRD"	"PKP1"
"M3"	"HPRD"	"BCAN"
"M3"	"HPRD"	"RXFP1"
"M3"	"HPRD"	"PPP1R14A"
"M3"	"HPRD"	"ADRA2A"
"M3"	"HPRD"	"RGS4"
"M3"	"HPRD"	"PDE1A"
"M3"	"HPRD"	"COL14A1"
"M3"	"HPRD"	"NTRK3"
"M3"	"HPRD"	"FAM131C"
"M3"	"HPRD"	"LDB3"
"M3"	"HPRD"	"CNN1"
"M3"	"HPRD"	"MYOCD"
"M3"	"HPRD"	"THBS2"
"M3"	"HPRD"	"INHBA"
"M3"	"HPRD"	"MGP"
"M3"	"HPRD"	"MFAP2"
"M3"	"HPRD"	"TNXB"
"M3"	"HPRD"	"AEBP1"
"M3"	"HPRD"	"SOX11"
"M3"	"HPRD"	"MCHR1"
"M3"	"HPRD"	"CORO2B"
"M3"	"HPRD"	"AKR1C1"
"M3"	"HPRD"	"PREX2"
"M3"	"HPRD"	"MAP6"
"M3"	"HPRD"	"CNTN4"
"M3"	"HPRD"	"LOXL1"
"M3"	"HPRD"	"DIO2"
"M3"	"HPRD"	"LMOD1"
"M3"	"HPRD"	"B4GALNT1"
"M3"	"HPRD"	"MMP16"
"M3"	"HPRD"	"GAS1"
"M3"	"HPRD"	"SCUBE1"
"M3"	"HPRD"	"SCUBE3"
"M3"	"HPRD"	"SLIT3"
"M3"	"MINT"	"FN1"
"M3"	"MINT"	"CREB3L1"
"M3"	"MINT"	"MDFI"
"M3"	"MINT"	"LUM"
"M3"	"MINT"	"GRIN2A"
"M3"	"MINT"	"PTN"
"M3"	"MINT"	"FLNC"
"M3"	"MINT"	"EGF"
"M3"	"MINT"	"EFEMP1"
"M3"	"MINT"	"HSPB6"
"M3"	"MINT"	"EMILIN1"
"M3"	"MINT"	"SNAI1"
"M3"	"MINT"	"PDGFRA"
"M3"	"MINT"	"COL1A1"
"M3"	"MINT"	"HEYL"
"M3"	"MINT"	"FLRT2"
"M3"	"MINT"	"APOD"
"M3"	"MINT"	"DOK5"
"M3"	"MINT"	"MEST"
"M3"	"MINT"	"EFS"
"M3"	"MINT"	"PRLR"
"M3"	"MINT"	"ADAM12"
"M3"	"MINT"	"LTBP2"
"M3"	"MINT"	"IGFBP5"
"M3"	"MINT"	"IGF2"
"M3"	"MINT"	"SORCS3"
"M3"	"MINT"	"FAP"
"M3"	"MINT"	"CPE"
"M3"	"MINT"	"RXFP1"
"M3"	"MINT"	"NTRK3"
"M3"	"MINT"	"INHBA"
"M3"	"MINT"	"COL16A1"
"M3"	"MINT"	"TNXB"
"M3"	"VidalHuman_core"	"MDFI"
"M3"	"VidalHuman_core"	"EFEMP1"
"M3"	"VidalHuman_core"	"EMILIN1"
"M3"	"INNATEDB"	"ROR2"
"M3"	"INNATEDB"	"NDN"
"M3"	"INNATEDB"	"MDFI"
"M3"	"INNATEDB"	"VCAN"
"M3"	"INNATEDB"	"LTF"
"M3"	"INNATEDB"	"ACTA2"
"M3"	"INNATEDB"	"PTN"
"M3"	"INNATEDB"	"DCN"
"M3"	"INNATEDB"	"MMP9"
"M3"	"INNATEDB"	"TAGLN"
"M3"	"INNATEDB"	"ELN"
"M3"	"INNATEDB"	"COL1A2"
"M3"	"INNATEDB"	"SNAI1"
"M3"	"INNATEDB"	"PDGFRA"
"M3"	"INNATEDB"	"COL1A1"
"M3"	"INNATEDB"	"GLI2"
"M3"	"INNATEDB"	"APOD"
"M3"	"INNATEDB"	"PRLR"
"M3"	"INNATEDB"	"ACAN"
"M3"	"INNATEDB"	"MMP2"
"M3"	"INNATEDB"	"CFH"
"M3"	"INNATEDB"	"BGN"
"M3"	"INNATEDB"	"LTBP1"
"M3"	"INNATEDB"	"PPP1R14A"
"M3"	"INNATEDB"	"ADRA2A"
"M3"	"INNATEDB"	"COL14A1"
"M3"	"INNATEDB"	"NTRK3"
"M3"	"INNATEDB"	"ART4"
"M3"	"INNATEDB"	"INHBA"
"M3"	"INNATEDB"	"LGI2"
"M3"	"INNATEDB"	"FADS2"
"M3"	"INNATEDB"	"SOX11"
"M3"	"INNATEDB"	"MCHR1"
"M3"	"INNATEDB"	"PREX2"
"M3"	"BCI"	"FN1"
"M3"	"BCI"	"ROR2"
"M3"	"BCI"	"VCAN"
"M3"	"BCI"	"ACTA2"
"M3"	"BCI"	"GRIN2A"
"M3"	"BCI"	"MMP9"
"M3"	"BCI"	"DES"
"M3"	"BCI"	"EGF"
"M3"	"BCI"	"FBLN1"
"M3"	"BCI"	"ELN"
"M3"	"BCI"	"COL1A2"
"M3"	"BCI"	"TNC"
"M3"	"BCI"	"CTGF"
"M3"	"BCI"	"PDGFRA"
"M3"	"BCI"	"MYH11"
"M3"	"BCI"	"FBLN2"
"M3"	"BCI"	"ACTG2"
"M3"	"BCI"	"COL1A1"
"M3"	"BCI"	"COL3A1"
"M3"	"BCI"	"PTGDS"
"M3"	"BCI"	"APOD"
"M3"	"BCI"	"LOX"
"M3"	"BCI"	"IGFBP5"
"M3"	"BCI"	"IGF2"
"M3"	"BCI"	"C7"
"M3"	"BCI"	"CFH"
"M3"	"BCI"	"CTSK"
"M3"	"BCI"	"FMOD"
"M3"	"BCI"	"LTBP1"
"M3"	"BCI"	"CXCL12"
"M3"	"BCI"	"PKP1"
"M3"	"BCI"	"IGFBP2"
"M3"	"BCI"	"THBS2"
"M3"	"BCI"	"AEBP1"
"M3"	"BCI"	"GAS1"
"M3"	"BIND_Rat"	"NDN"
"M3"	"BIND_Rat"	"GRIN2A"
"M3"	"BIND_Rat"	"NFASC"
"M3"	"BIND_Rat"	"HSPB6"
"M3"	"BIND_Rat"	"PRLR"
"M3"	"BIND_Rat"	"ADRA2A"
"M3"	"BIND_Rat"	"RGS4"
"M3"	"BioGrid_Rat"	"NDN"
"M3"	"BioGrid_Rat"	"CREB3L1"
"M3"	"BioGrid_Rat"	"GRIN2A"
"M3"	"BioGrid_Rat"	"DCN"
"M3"	"BioGrid_Rat"	"HSPB6"
"M3"	"BioGrid_Rat"	"DACT1"
"M3"	"BioGrid_Rat"	"APOD"
"M3"	"BioGrid_Rat"	"NTRK3"
"M3"	"BioGrid_Rat"	"CNN1"
"M3"	"BioGrid_Rat"	"ATP1A2"
"M3"	"IntAct_Mouse"	"FN1"
"M3"	"IntAct_Mouse"	"NDN"
"M3"	"IntAct_Mouse"	"ACTA2"
"M3"	"IntAct_Mouse"	"GRIN2A"
"M3"	"IntAct_Mouse"	"DES"
"M3"	"IntAct_Mouse"	"GRID1"
"M3"	"IntAct_Mouse"	"EGF"
"M3"	"IntAct_Mouse"	"DACT1"
"M3"	"IntAct_Mouse"	"VANGL2"
"M3"	"IntAct_Mouse"	"COL3A1"
"M3"	"IntAct_Mouse"	"PRLR"
"M3"	"IntAct_Mouse"	"CPS1"
"M3"	"IntAct_Mouse"	"LOX"
"M3"	"IntAct_Mouse"	"LTBP2"
"M3"	"IntAct_Mouse"	"CTSK"
"M3"	"IntAct_Mouse"	"LTBP1"
"M3"	"IntAct_Mouse"	"BICDL1"
"M3"	"IntAct_Mouse"	"SGIP1"
"M3"	"DIP"	"FN1"
"M3"	"DIP"	"GRIN2A"
"M3"	"DIP"	"PTN"
"M3"	"DIP"	"MMP9"
"M3"	"DIP"	"FLNC"
"M3"	"DIP"	"EGF"
"M3"	"DIP"	"EPHA3"
"M3"	"DIP"	"FGF1"
"M3"	"DIP"	"COL1A1"
"M3"	"DIP"	"COL3A1"
"M3"	"DIP"	"FOXP2"
"M3"	"DIP"	"PRLR"
"M3"	"DIP"	"LOX"
"M3"	"DIP"	"IGF2"
"M3"	"DIP"	"HGF"
"M3"	"DIP"	"MMP2"
"M3"	"DIP"	"CFH"
"M3"	"DIP"	"LTBP1"
"M3"	"DIP"	"CXCL12"
"M3"	"DIP"	"RGS4"
"M3"	"DIP"	"NTRK3"
"M3"	"DIP"	"INHBA"
"M3"	"IntAct_Fly"	"MOXD1"
"M3"	"IntAct_Fly"	"FBLN2"
"M3"	"IntAct_Fly"	"APOD"
"M3"	"IntAct_Fly"	"MEGF11"
"M3"	"IntAct_Fly"	"MFAP4"
"M3"	"IntAct_Fly"	"FAP"
"M3"	"IntAct_Fly"	"BICDL1"
"M3"	"BioGrid_Fly"	"MOXD1"
"M3"	"BioGrid_Fly"	"FBLN2"
"M3"	"BioGrid_Fly"	"ACTG2"
"M3"	"BioGrid_Fly"	"MEGF11"
"M3"	"BioGrid_Fly"	"MFAP4"
"M3"	"BioGrid_Fly"	"FAP"
"M3"	"BioGrid_Fly"	"RXFP1"
"M3"	"BIND_Fly"	"FBLN2"
"M3"	"BIND_Fly"	"FAP"
"M3"	"FlyLow"	"FBLN2"
"M3"	"FlyLow"	"FAP"
"M3"	"MINT_Fly"	"MOXD1"
"M3"	"MINT_Fly"	"FBLN2"
"M3"	"MINT_Fly"	"ACTG2"
"M3"	"MINT_Fly"	"MEGF11"
"M3"	"MINT_Fly"	"MFAP4"
"M3"	"DIP_Fly"	"MOXD1"
"M3"	"DIP_Fly"	"FBLN2"
"M3"	"DIP_Fly"	"ACTG2"
"M3"	"DIP_Fly"	"APOD"
"M3"	"DIP_Fly"	"FAP"
"M3"	"DIP_Worm"	"FBLN1"
"M3"	"DIP_Worm"	"CPE"
"M3"	"IntAct_Worm"	"ROR2"
"M3"	"IntAct_Worm"	"FBLN1"
"M3"	"IntAct_Worm"	"MEGF11"
"M3"	"IntAct_Worm"	"ADAM12"
"M3"	"BIND"	"CREB3L1"
"M3"	"BIND"	"PTN"
"M3"	"BIND"	"MMP9"
"M3"	"BIND"	"FLNC"
"M3"	"BIND"	"EGF"
"M3"	"BIND"	"ELN"
"M3"	"BIND"	"SNAI1"
"M3"	"BIND"	"FGF1"
"M3"	"BIND"	"PLN"
"M3"	"BIND"	"PRLR"
"M3"	"BIND"	"ADH1B"
"M3"	"BIND"	"IGFBP5"
"M3"	"BIND"	"IGF2"
"M3"	"BIND"	"HGF"
"M3"	"BIND"	"MMP2"
"M3"	"BIND"	"CTSK"
"M3"	"BIND"	"FAP"
"M3"	"BIND"	"CXCL12"
"M3"	"BIND"	"ADRA2A"
"M3"	"BIND"	"LDB3"
"M3"	"BIND"	"INHBA"
"M3"	"BIND"	"F3"
"M3"	"BIND"	"AKR1C1"
"M3"	"BIND"	"PDE4C"
"M3"	"BIND_Mouse"	"NDN"
"M3"	"BIND_Mouse"	"EPHA3"
"M3"	"BIND_Mouse"	"DOK5"
"M3"	"BIND_Mouse"	"PRLR"
"M3"	"BIND_Mouse"	"ADAM12"
"M3"	"BIND_Mouse"	"CPE"
"M3"	"BIND_Mouse"	"LDB3"
"M3"	"BIND_Mouse"	"INHBA"
"M3"	"BioGrid_Worm"	"ROR2"
"M3"	"BioGrid_Worm"	"MEGF11"
"M3"	"BioGrid_Worm"	"CPE"
"M3"	"MINT_Rat"	"GRIN2A"
"M3"	"ShawnLi"	"EFS"
"M3"	"MINT_Mouse"	"NDN"
"M3"	"MINT_Mouse"	"DES"
"M3"	"MINT_Mouse"	"EGF"
"M3"	"MINT_Mouse"	"PDGFRA"
"M3"	"MINT_Mouse"	"PRLR"
"M3"	"MINT_Mouse"	"LOX"
"M3"	"MINT_Mouse"	"FBLN5"
"M3"	"MINT_Mouse"	"LDB3"
"M3"	"MINT_Mouse"	"LOXL1"
"M3"	"DIP_Rat"	"COL1A2"
"M3"	"DIP_Rat"	"RGS4"
"M3"	"DIP_Rat"	"FNDC1"
"M3"	"INNATEDB_Mouse"	"MDFI"
"M3"	"INNATEDB_Mouse"	"GRIN2A"
"M3"	"INNATEDB_Mouse"	"FLNC"
"M3"	"INNATEDB_Mouse"	"TAGLN"
"M3"	"INNATEDB_Mouse"	"ELF3"
"M3"	"INNATEDB_Mouse"	"TNC"
"M3"	"INNATEDB_Mouse"	"PTGDS"
"M3"	"INNATEDB_Mouse"	"LDB3"
"M3"	"INNATEDB_Mouse"	"FADS2"
"M3"	"INNATEDB_Mouse"	"C1QTNF3"
"M3"	"INNATEDB_Mouse"	"ITGA11"
"M3"	"IntAct_Rat"	"GRIN2A"
"M3"	"IntAct_Rat"	"FLNC"
"M3"	"IntAct_Rat"	"DES"
"M3"	"IntAct_Rat"	"VANGL2"
"M3"	"IntAct_Rat"	"PDGFRA"
"M3"	"IntAct_Rat"	"MEST"
"M3"	"IntAct_Rat"	"RGS4"
"M3"	"IntAct_Rat"	"MAP6"
"M3"	"MGI"	"FN1"
"M3"	"MGI"	"NDN"
"M3"	"MGI"	"GRIN2A"
"M3"	"MGI"	"GRID1"
"M3"	"MGI"	"MYOCD"
"M3"	"MGI"	"GAS1"
"M3"	"DIP_Mouse"	"GRIN2A"
"M3"	"DIP_Mouse"	"HGF"
"M3"	"DIP_Mouse"	"MYOCD"
"M3"	"DIP_Mouse"	"ATP1A2"
"M3"	"I2D-c"	"SNAI1"
"M3"	"StelzlHigh"	"PTN"
"M3"	"StelzlHigh"	"CPE"
"M3"	"VidalHuman_non_core"	"MDFI"
"M3"	"VidalHuman_non_core"	"SNAI1"
"M3"	"VidalHuman_non_core"	"PTGDS"
"M3"	"VidalHuman_non_core"	"SFRP2"
"M3"	"VidalHuman_non_core"	"NOV"
"M3"	"FlyHigh"	"MEGF11"
"M3"	"StelzlMedium"	"IGFBP5"
"M3"	"StelzlMedium"	"CPE"
"M3"	"BIND_Worm"	"CPE"
"M3"	"CORE_2"	"CPE"
"M3"	"MINT_Worm"	"CPE"
"M3"	"I2D-c_Fiona_HUMAN"	"MMP9"
"M3"	"I2D-c_Fiona_HUMAN"	"MMP2"
"M3"	"KIM_MYC"	"ACTG2"
"M3"	"StelzlLow"	"IGFBP5"
"M4"	"BioGrid"	"PSAT1"
"M4"	"BioGrid"	"FAM107A"
"M4"	"BioGrid"	"CA4"
"M4"	"BioGrid"	"ZFP36"
"M4"	"BioGrid"	"NOS2"
"M4"	"BioGrid"	"FOS"
"M4"	"BioGrid"	"EGR1"
"M4"	"BioGrid"	"CCL14"
"M4"	"BioGrid"	"KDR"
"M4"	"BioGrid"	"CD36"
"M4"	"BioGrid"	"ZBTB16"
"M4"	"BioGrid"	"BMP4"
"M4"	"BioGrid"	"GDF6"
"M4"	"BioGrid"	"NGFR"
"M4"	"BioGrid"	"HSPG2"
"M4"	"BioGrid"	"GRIK3"
"M4"	"BioGrid"	"SOCS3"
"M4"	"BioGrid"	"NTRK2"
"M4"	"BioGrid"	"NEGR1"
"M4"	"BioGrid"	"SSTR1"
"M4"	"BioGrid"	"SCN4A"
"M4"	"BioGrid"	"ERRFI1"
"M4"	"BioGrid"	"EGR2"
"M4"	"BioGrid"	"VEGFA"
"M4"	"BioGrid"	"FLT1"
"M4"	"BioGrid"	"PTGS2"
"M4"	"BioGrid"	"CASQ2"
"M4"	"BioGrid"	"NR4A1"
"M4"	"BioGrid"	"CXCL8"
"M4"	"BioGrid"	"GABRD"
"M4"	"BioGrid"	"RASD1"
"M4"	"BioGrid"	"FOSL1"
"M4"	"BioGrid"	"ATF3"
"M4"	"BioGrid"	"DACH1"
"M4"	"BioGrid"	"NR2F1"
"M4"	"BioGrid"	"PEG10"
"M4"	"BioGrid"	"PTGER3"
"M4"	"BioGrid"	"NR4A2"
"M4"	"BioGrid"	"PGF"
"M4"	"BioGrid"	"AGTR1"
"M4"	"BioGrid"	"RAMP3"
"M4"	"BioGrid"	"CXCL2"
"M4"	"BioGrid"	"SOX9"
"M4"	"BioGrid"	"FHL5"
"M4"	"BioGrid"	"FCN3"
"M4"	"BioGrid"	"FABP4"
"M4"	"BioGrid"	"ITGA8"
"M4"	"BioGrid"	"KCNB1"
"M4"	"BioGrid"	"ADCY5"
"M4"	"BioGrid"	"IL1RL1"
"M4"	"BioGrid"	"CAVIN2"
"M4"	"BioGrid"	"VWF"
"M4"	"BioGrid"	"HBB"
"M4"	"BioGrid"	"LAMC3"
"M4"	"BioGrid"	"NGF"
"M4"	"BioGrid"	"CLEC3B"
"M4"	"BioGrid"	"ADORA1"
"M4"	"BioGrid"	"PDZD2"
"M4"	"BioGrid"	"CXCL1"
"M4"	"BioGrid"	"CSPG4"
"M4"	"BioGrid"	"RAC3"
"M4"	"BioGrid"	"IER3"
"M4"	"BioGrid"	"ENPP2"
"M4"	"BioGrid"	"RGS5"
"M4"	"BioGrid"	"TLL1"
"M4"	"BioGrid"	"HAPLN1"
"M4"	"BioGrid"	"AREG"
"M4"	"BioGrid"	"BDNF"
"M4"	"BioGrid"	"OLFML2A"
"M4"	"BioGrid"	"PNMA8A"
"M4"	"BioGrid"	"SH3RF2"
"M4"	"BioGrid"	"COX4I2"
"M4"	"BioGrid"	"COL25A1"
"M4"	"BioGrid"	"KCNN3"
"M4"	"BioGrid"	"INHBB"
"M4"	"BioGrid"	"EDN1"
"M4"	"BioGrid"	"EDNRB"
"M4"	"BioGrid"	"ITGA10"
"M4"	"BioGrid"	"SELE"
"M4"	"BioGrid"	"CALCR"
"M4"	"BioGrid"	"TIMP3"
"M4"	"BioGrid"	"TPSAB1"
"M4"	"BioGrid"	"ADRA2B"
"M4"	"BioGrid"	"ARC"
"M4"	"BioGrid"	"ADAMTSL3"
"M4"	"BioGrid"	"TCF21"
"M4"	"BioGrid"	"FOLH1"
"M4"	"BioGrid"	"CCL20"
"M4"	"BioGrid"	"SELP"
"M4"	"BioGrid"	"FOXC2"
"M4"	"BioGrid"	"TPSB2"
"M4"	"BioGrid"	"FOSB"
"M4"	"BioGrid"	"GJA5"
"M4"	"BioGrid"	"CDH23"
"M4"	"BioGrid"	"CYP4F11"
"M4"	"BioGrid"	"TESC"
"M4"	"BioGrid"	"CHRM3"
"M4"	"BioGrid"	"ATOH8"
"M4"	"BioGrid"	"ADRA1B"
"M4"	"BioGrid"	"CCDC113"
"M4"	"BioGrid"	"GFRA2"
"M4"	"BioGrid"	"FRZB"
"M4"	"BioGrid"	"NR4A3"
"M4"	"BioGrid"	"MN1"
"M4"	"BioGrid"	"HRC"
"M4"	"BioGrid"	"THSD7B"
"M4"	"BioGrid"	"APLN"
"M4"	"BioGrid"	"GALNT15"
"M4"	"HPRD"	"FAM107A"
"M4"	"HPRD"	"CA4"
"M4"	"HPRD"	"RASSF9"
"M4"	"HPRD"	"NOS2"
"M4"	"HPRD"	"FOS"
"M4"	"HPRD"	"EGR1"
"M4"	"HPRD"	"SPARCL1"
"M4"	"HPRD"	"CCL14"
"M4"	"HPRD"	"KDR"
"M4"	"HPRD"	"PDE2A"
"M4"	"HPRD"	"CD36"
"M4"	"HPRD"	"ZBTB16"
"M4"	"HPRD"	"BMP4"
"M4"	"HPRD"	"GDF6"
"M4"	"HPRD"	"F2RL3"
"M4"	"HPRD"	"NGFR"
"M4"	"HPRD"	"HSPG2"
"M4"	"HPRD"	"SOCS3"
"M4"	"HPRD"	"NTRK2"
"M4"	"HPRD"	"SSTR1"
"M4"	"HPRD"	"SCN4A"
"M4"	"HPRD"	"ERRFI1"
"M4"	"HPRD"	"EGR2"
"M4"	"HPRD"	"VEGFA"
"M4"	"HPRD"	"FLT1"
"M4"	"HPRD"	"PTGS2"
"M4"	"HPRD"	"NR4A1"
"M4"	"HPRD"	"CXCL8"
"M4"	"HPRD"	"ANGPT2"
"M4"	"HPRD"	"GABRD"
"M4"	"HPRD"	"RASD1"
"M4"	"HPRD"	"FOSL1"
"M4"	"HPRD"	"LIF"
"M4"	"HPRD"	"ATF3"
"M4"	"HPRD"	"NR2F1"
"M4"	"HPRD"	"PEG10"
"M4"	"HPRD"	"TSPAN7"
"M4"	"HPRD"	"NR4A2"
"M4"	"HPRD"	"PGF"
"M4"	"HPRD"	"RAMP3"
"M4"	"HPRD"	"CXCL2"
"M4"	"HPRD"	"SOX9"
"M4"	"HPRD"	"FCN3"
"M4"	"HPRD"	"FABP4"
"M4"	"HPRD"	"KCNB1"
"M4"	"HPRD"	"ADCY5"
"M4"	"HPRD"	"IL1RL1"
"M4"	"HPRD"	"CAVIN2"
"M4"	"HPRD"	"VWF"
"M4"	"HPRD"	"HBB"
"M4"	"HPRD"	"NGF"
"M4"	"HPRD"	"CLEC3B"
"M4"	"HPRD"	"ADORA1"
"M4"	"HPRD"	"PDZD2"
"M4"	"HPRD"	"CXCL1"
"M4"	"HPRD"	"CSPG4"
"M4"	"HPRD"	"RAC3"
"M4"	"HPRD"	"RGS5"
"M4"	"HPRD"	"TLL1"
"M4"	"HPRD"	"AREG"
"M4"	"HPRD"	"BDNF"
"M4"	"HPRD"	"COX4I2"
"M4"	"HPRD"	"COL25A1"
"M4"	"HPRD"	"INHBB"
"M4"	"HPRD"	"EDN1"
"M4"	"HPRD"	"EDNRB"
"M4"	"HPRD"	"ENPP1"
"M4"	"HPRD"	"CLIC5"
"M4"	"HPRD"	"SELE"
"M4"	"HPRD"	"CYR61"
"M4"	"HPRD"	"EDIL3"
"M4"	"HPRD"	"CALCR"
"M4"	"HPRD"	"TIMP3"
"M4"	"HPRD"	"PDK4"
"M4"	"HPRD"	"TPSAB1"
"M4"	"HPRD"	"ACKR1"
"M4"	"HPRD"	"PCDH17"
"M4"	"HPRD"	"TCF21"
"M4"	"HPRD"	"CCL20"
"M4"	"HPRD"	"MMRN1"
"M4"	"HPRD"	"ID4"
"M4"	"HPRD"	"SELP"
"M4"	"HPRD"	"EMCN"
"M4"	"HPRD"	"TPSB2"
"M4"	"HPRD"	"FOSB"
"M4"	"HPRD"	"GJA5"
"M4"	"HPRD"	"CDH23"
"M4"	"HPRD"	"GDF7"
"M4"	"HPRD"	"SEMA3B"
"M4"	"HPRD"	"CHRM3"
"M4"	"HPRD"	"ADRA1B"
"M4"	"HPRD"	"PKIB"
"M4"	"HPRD"	"BMP6"
"M4"	"HPRD"	"HIF3A"
"M4"	"HPRD"	"GFRA2"
"M4"	"HPRD"	"SCN4B"
"M4"	"HPRD"	"NR4A3"
"M4"	"HPRD"	"FOXL1"
"M4"	"HPRD"	"HIGD1B"
"M4"	"HPRD"	"APLNR"
"M4"	"DIP"	"ZFP36"
"M4"	"DIP"	"NOS2"
"M4"	"DIP"	"FOS"
"M4"	"DIP"	"KDR"
"M4"	"DIP"	"PDE2A"
"M4"	"DIP"	"ZBTB16"
"M4"	"DIP"	"BMP4"
"M4"	"DIP"	"NGFR"
"M4"	"DIP"	"NTRK2"
"M4"	"DIP"	"VEGFA"
"M4"	"DIP"	"PTGS2"
"M4"	"DIP"	"NR4A1"
"M4"	"DIP"	"CXCL8"
"M4"	"DIP"	"FOSL1"
"M4"	"DIP"	"LIF"
"M4"	"DIP"	"ATF3"
"M4"	"DIP"	"PGF"
"M4"	"DIP"	"CAVIN2"
"M4"	"DIP"	"VWF"
"M4"	"DIP"	"HBB"
"M4"	"DIP"	"NGF"
"M4"	"DIP"	"CXCL1"
"M4"	"DIP"	"ABCG2"
"M4"	"DIP"	"SELE"
"M4"	"DIP"	"ARC"
"M4"	"DIP"	"CCL20"
"M4"	"DIP"	"FOSB"
"M4"	"DIP"	"ADRA1B"
"M4"	"DIP"	"SLC14A1"
"M4"	"IntAct"	"PSAT1"
"M4"	"IntAct"	"FAM107A"
"M4"	"IntAct"	"ZFP36"
"M4"	"IntAct"	"RASSF9"
"M4"	"IntAct"	"NOS2"
"M4"	"IntAct"	"FOS"
"M4"	"IntAct"	"EGR1"
"M4"	"IntAct"	"SPARCL1"
"M4"	"IntAct"	"CCL14"
"M4"	"IntAct"	"KDR"
"M4"	"IntAct"	"CD36"
"M4"	"IntAct"	"ZBTB16"
"M4"	"IntAct"	"BMP4"
"M4"	"IntAct"	"EBF3"
"M4"	"IntAct"	"NGFR"
"M4"	"IntAct"	"HSPG2"
"M4"	"IntAct"	"SOCS3"
"M4"	"IntAct"	"NTRK2"
"M4"	"IntAct"	"NEGR1"
"M4"	"IntAct"	"ERRFI1"
"M4"	"IntAct"	"EGR2"
"M4"	"IntAct"	"VEGFA"
"M4"	"IntAct"	"FLT1"
"M4"	"IntAct"	"CASQ2"
"M4"	"IntAct"	"NR4A1"
"M4"	"IntAct"	"CXCL8"
"M4"	"IntAct"	"ANGPT2"
"M4"	"IntAct"	"GABRD"
"M4"	"IntAct"	"RASD1"
"M4"	"IntAct"	"FOSL1"
"M4"	"IntAct"	"ITIH5"
"M4"	"IntAct"	"ATF3"
"M4"	"IntAct"	"DACH1"
"M4"	"IntAct"	"NR2F1"
"M4"	"IntAct"	"PEG10"
"M4"	"IntAct"	"TSPAN7"
"M4"	"IntAct"	"SLC19A3"
"M4"	"IntAct"	"NR4A2"
"M4"	"IntAct"	"PGF"
"M4"	"IntAct"	"RAMP3"
"M4"	"IntAct"	"CXCL2"
"M4"	"IntAct"	"FHL5"
"M4"	"IntAct"	"FABP4"
"M4"	"IntAct"	"IL1RL1"
"M4"	"IntAct"	"CAVIN2"
"M4"	"IntAct"	"VWF"
"M4"	"IntAct"	"NXPH3"
"M4"	"IntAct"	"HBB"
"M4"	"IntAct"	"LAMC3"
"M4"	"IntAct"	"NGF"
"M4"	"IntAct"	"CLEC3B"
"M4"	"IntAct"	"PDZD2"
"M4"	"IntAct"	"CXCL1"
"M4"	"IntAct"	"RAC3"
"M4"	"IntAct"	"IER3"
"M4"	"IntAct"	"ENPP2"
"M4"	"IntAct"	"AREG"
"M4"	"IntAct"	"BDNF"
"M4"	"IntAct"	"SH3RF2"
"M4"	"IntAct"	"INHBB"
"M4"	"IntAct"	"EDNRB"
"M4"	"IntAct"	"ABCG2"
"M4"	"IntAct"	"SELE"
"M4"	"IntAct"	"GPIHBP1"
"M4"	"IntAct"	"CALCR"
"M4"	"IntAct"	"TIMP3"
"M4"	"IntAct"	"TPSAB1"
"M4"	"IntAct"	"ADRA2B"
"M4"	"IntAct"	"ARC"
"M4"	"IntAct"	"ADAMTSL3"
"M4"	"IntAct"	"PCDH17"
"M4"	"IntAct"	"TCF21"
"M4"	"IntAct"	"FOLH1"
"M4"	"IntAct"	"CCL20"
"M4"	"IntAct"	"ID4"
"M4"	"IntAct"	"FOXC2"
"M4"	"IntAct"	"TPSB2"
"M4"	"IntAct"	"GJA5"
"M4"	"IntAct"	"SEMA3B"
"M4"	"IntAct"	"CYP4F11"
"M4"	"IntAct"	"TESC"
"M4"	"IntAct"	"CHRM3"
"M4"	"IntAct"	"ATOH8"
"M4"	"IntAct"	"ADRA1B"
"M4"	"IntAct"	"PKIB"
"M4"	"IntAct"	"ZNF366"
"M4"	"IntAct"	"KIF26A"
"M4"	"IntAct"	"FRZB"
"M4"	"IntAct"	"DDIT4L"
"M4"	"IntAct"	"RBP7"
"M4"	"IntAct"	"APLN"
"M4"	"INNATEDB"	"ZFP36"
"M4"	"INNATEDB"	"NOS2"
"M4"	"INNATEDB"	"FOS"
"M4"	"INNATEDB"	"EGR1"
"M4"	"INNATEDB"	"KDR"
"M4"	"INNATEDB"	"CD36"
"M4"	"INNATEDB"	"ZBTB16"
"M4"	"INNATEDB"	"BMP4"
"M4"	"INNATEDB"	"SOCS3"
"M4"	"INNATEDB"	"NTRK2"
"M4"	"INNATEDB"	"SSTR1"
"M4"	"INNATEDB"	"SCN4A"
"M4"	"INNATEDB"	"ERRFI1"
"M4"	"INNATEDB"	"FLT1"
"M4"	"INNATEDB"	"PTGS2"
"M4"	"INNATEDB"	"NR4A1"
"M4"	"INNATEDB"	"CXCL8"
"M4"	"INNATEDB"	"ANGPT2"
"M4"	"INNATEDB"	"FOSL1"
"M4"	"INNATEDB"	"ATP1B2"
"M4"	"INNATEDB"	"NR4A2"
"M4"	"INNATEDB"	"AGTR1"
"M4"	"INNATEDB"	"CXCL2"
"M4"	"INNATEDB"	"VWF"
"M4"	"INNATEDB"	"PDZD2"
"M4"	"INNATEDB"	"CXCL1"
"M4"	"INNATEDB"	"CSPG4"
"M4"	"INNATEDB"	"EGR3"
"M4"	"INNATEDB"	"ABCG2"
"M4"	"INNATEDB"	"CLIC5"
"M4"	"INNATEDB"	"SELE"
"M4"	"INNATEDB"	"TIMP3"
"M4"	"INNATEDB"	"PDK4"
"M4"	"INNATEDB"	"TPSAB1"
"M4"	"INNATEDB"	"ACKR1"
"M4"	"INNATEDB"	"FOLH1"
"M4"	"INNATEDB"	"CCL20"
"M4"	"INNATEDB"	"STC1"
"M4"	"INNATEDB"	"SEMA3B"
"M4"	"INNATEDB"	"CYP4F11"
"M4"	"INNATEDB"	"TESC"
"M4"	"INNATEDB"	"BMP6"
"M4"	"INNATEDB"	"HIF3A"
"M4"	"INNATEDB"	"SCN4B"
"M4"	"INNATEDB"	"NR4A3"
"M4"	"IntAct_Mouse"	"ZFP36"
"M4"	"IntAct_Mouse"	"FOS"
"M4"	"IntAct_Mouse"	"SPARCL1"
"M4"	"IntAct_Mouse"	"F2RL3"
"M4"	"IntAct_Mouse"	"SOCS3"
"M4"	"IntAct_Mouse"	"NTRK2"
"M4"	"IntAct_Mouse"	"SSTR1"
"M4"	"IntAct_Mouse"	"ERRFI1"
"M4"	"IntAct_Mouse"	"EGR2"
"M4"	"IntAct_Mouse"	"FLT1"
"M4"	"IntAct_Mouse"	"PTGS2"
"M4"	"IntAct_Mouse"	"RASD1"
"M4"	"IntAct_Mouse"	"DACH1"
"M4"	"IntAct_Mouse"	"NR4A2"
"M4"	"IntAct_Mouse"	"AGTR1"
"M4"	"IntAct_Mouse"	"KCNB1"
"M4"	"IntAct_Mouse"	"IL1RL1"
"M4"	"IntAct_Mouse"	"NGF"
"M4"	"IntAct_Mouse"	"CSPG4"
"M4"	"IntAct_Mouse"	"BDNF"
"M4"	"IntAct_Mouse"	"ARC"
"M4"	"IntAct_Mouse"	"KNDC1"
"M4"	"IntAct_Mouse"	"EGFLAM"
"M4"	"IntAct_Mouse"	"ID4"
"M4"	"IntAct_Mouse"	"GJC2"
"M4"	"IntAct_Rat"	"FOS"
"M4"	"IntAct_Rat"	"KDR"
"M4"	"IntAct_Rat"	"PDE2A"
"M4"	"IntAct_Rat"	"NGFR"
"M4"	"IntAct_Rat"	"NTRK2"
"M4"	"IntAct_Rat"	"KCNB1"
"M4"	"IntAct_Rat"	"ADORA1"
"M4"	"IntAct_Rat"	"PDZD2"
"M4"	"IntAct_Rat"	"ARC"
"M4"	"IntAct_Rat"	"CHRM3"
"M4"	"BIND"	"NOS2"
"M4"	"BIND"	"FOS"
"M4"	"BIND"	"EGR1"
"M4"	"BIND"	"KDR"
"M4"	"BIND"	"BMP4"
"M4"	"BIND"	"NGFR"
"M4"	"BIND"	"SCN4A"
"M4"	"BIND"	"VEGFA"
"M4"	"BIND"	"FLT1"
"M4"	"BIND"	"PTGS2"
"M4"	"BIND"	"CXCL8"
"M4"	"BIND"	"ANGPT2"
"M4"	"BIND"	"FOSL1"
"M4"	"BIND"	"LIF"
"M4"	"BIND"	"ATF3"
"M4"	"BIND"	"NR2F1"
"M4"	"BIND"	"PGF"
"M4"	"BIND"	"CXCL2"
"M4"	"BIND"	"VWF"
"M4"	"BIND"	"HBB"
"M4"	"BIND"	"NGF"
"M4"	"BIND"	"PDZD2"
"M4"	"BIND"	"CXCL1"
"M4"	"BIND"	"TPSAB1"
"M4"	"BIND"	"TCF21"
"M4"	"BIND"	"SELP"
"M4"	"BIND"	"FOSB"
"M4"	"BIND"	"SCN9A"
"M4"	"BIND_Mouse"	"NOS2"
"M4"	"BIND_Mouse"	"FOS"
"M4"	"BIND_Mouse"	"EGR1"
"M4"	"BIND_Mouse"	"BMP4"
"M4"	"BIND_Mouse"	"HSPG2"
"M4"	"BIND_Mouse"	"VEGFA"
"M4"	"BIND_Mouse"	"PTGS2"
"M4"	"BIND_Mouse"	"NR4A1"
"M4"	"BIND_Mouse"	"FABP4"
"M4"	"BIND_Mouse"	"NGF"
"M4"	"BIND_Mouse"	"CSPG4"
"M4"	"BIND_Mouse"	"TCF21"
"M4"	"BIND_Mouse"	"CDH23"
"M4"	"BIND_Mouse"	"BMP6"
"M4"	"BIND_Mouse"	"FRZB"
"M4"	"BioGrid_Fly"	"PSAT1"
"M4"	"BioGrid_Fly"	"SPARCL1"
"M4"	"BioGrid_Fly"	"EBF3"
"M4"	"BioGrid_Fly"	"NEGR1"
"M4"	"BioGrid_Fly"	"ITGA8"
"M4"	"BioGrid_Fly"	"ADCY5"
"M4"	"BioGrid_Fly"	"ABCG2"
"M4"	"BioGrid_Fly"	"CLIC5"
"M4"	"BioGrid_Fly"	"SCD5"
"M4"	"BIND_Fly"	"PSAT1"
"M4"	"BIND_Fly"	"SPARCL1"
"M4"	"BIND_Fly"	"EBF3"
"M4"	"BIND_Fly"	"NEGR1"
"M4"	"FlyHigh"	"PSAT1"
"M4"	"FlyHigh"	"NEGR1"
"M4"	"IntAct_Fly"	"PSAT1"
"M4"	"IntAct_Fly"	"SPARCL1"
"M4"	"IntAct_Fly"	"NEGR1"
"M4"	"IntAct_Fly"	"ATP1B2"
"M4"	"IntAct_Fly"	"SCD5"
"M4"	"BCI"	"CA4"
"M4"	"BCI"	"ZFP36"
"M4"	"BCI"	"NOS2"
"M4"	"BCI"	"FOS"
"M4"	"BCI"	"EGR1"
"M4"	"BCI"	"NGFR"
"M4"	"BCI"	"HSPG2"
"M4"	"BCI"	"SCN4A"
"M4"	"BCI"	"EGR2"
"M4"	"BCI"	"VEGFA"
"M4"	"BCI"	"FLT1"
"M4"	"BCI"	"NR4A1"
"M4"	"BCI"	"CXCL8"
"M4"	"BCI"	"ATF3"
"M4"	"BCI"	"NR2F1"
"M4"	"BCI"	"NR4A2"
"M4"	"BCI"	"PGF"
"M4"	"BCI"	"CXCL2"
"M4"	"BCI"	"SOX9"
"M4"	"BCI"	"FABP4"
"M4"	"BCI"	"IL1RL1"
"M4"	"BCI"	"CSPG4"
"M4"	"BCI"	"RAC3"
"M4"	"BCI"	"INHBB"
"M4"	"BCI"	"CYR61"
"M4"	"BCI"	"ACKR1"
"M4"	"BCI"	"SELP"
"M4"	"BCI"	"FOSB"
"M4"	"INNATEDB_Mouse"	"NOS2"
"M4"	"INNATEDB_Mouse"	"FOS"
"M4"	"INNATEDB_Mouse"	"EGR1"
"M4"	"INNATEDB_Mouse"	"ZBTB16"
"M4"	"INNATEDB_Mouse"	"F2RL3"
"M4"	"INNATEDB_Mouse"	"SOCS3"
"M4"	"INNATEDB_Mouse"	"EGR2"
"M4"	"INNATEDB_Mouse"	"ATF3"
"M4"	"INNATEDB_Mouse"	"TSPAN7"
"M4"	"INNATEDB_Mouse"	"CXCL2"
"M4"	"INNATEDB_Mouse"	"SOX9"
"M4"	"INNATEDB_Mouse"	"CPA3"
"M4"	"INNATEDB_Mouse"	"IL1RL1"
"M4"	"INNATEDB_Mouse"	"ACKR1"
"M4"	"INNATEDB_Mouse"	"SELP"
"M4"	"INNATEDB_Mouse"	"CDH23"
"M4"	"INNATEDB_Mouse"	"STEAP4"
"M4"	"INNATEDB_Mouse"	"SEMA3G"
"M4"	"BioGrid_Rat"	"NGFR"
"M4"	"BioGrid_Rat"	"NTRK2"
"M4"	"BioGrid_Rat"	"VEGFA"
"M4"	"BioGrid_Rat"	"AGTR1"
"M4"	"BioGrid_Rat"	"KCNB1"
"M4"	"BioGrid_Rat"	"ARC"
"M4"	"MINT"	"FAM107A"
"M4"	"MINT"	"ZFP36"
"M4"	"MINT"	"FOS"
"M4"	"MINT"	"EGR1"
"M4"	"MINT"	"KDR"
"M4"	"MINT"	"ZBTB16"
"M4"	"MINT"	"BMP4"
"M4"	"MINT"	"NGFR"
"M4"	"MINT"	"SOCS3"
"M4"	"MINT"	"EGR2"
"M4"	"MINT"	"VEGFA"
"M4"	"MINT"	"FLT1"
"M4"	"MINT"	"NR4A1"
"M4"	"MINT"	"GABRD"
"M4"	"MINT"	"FOSL1"
"M4"	"MINT"	"ATF3"
"M4"	"MINT"	"DACH1"
"M4"	"MINT"	"NR2F1"
"M4"	"MINT"	"PEG10"
"M4"	"MINT"	"TSPAN7"
"M4"	"MINT"	"SLC19A3"
"M4"	"MINT"	"AGTR1"
"M4"	"MINT"	"FABP4"
"M4"	"MINT"	"CAVIN2"
"M4"	"MINT"	"VWF"
"M4"	"MINT"	"NXPH3"
"M4"	"MINT"	"RAC3"
"M4"	"MINT"	"IER3"
"M4"	"MINT"	"AREG"
"M4"	"MINT"	"BDNF"
"M4"	"MINT"	"EDN1"
"M4"	"MINT"	"ABCG2"
"M4"	"MINT"	"SELE"
"M4"	"MINT"	"TCF21"
"M4"	"MINT"	"ID4"
"M4"	"MINT"	"GJA5"
"M4"	"MINT"	"TESC"
"M4"	"MINT"	"CHRM3"
"M4"	"MINT"	"ADRA1B"
"M4"	"MINT"	"FRZB"
"M4"	"MINT_Rat"	"FOS"
"M4"	"MINT_Rat"	"NGFR"
"M4"	"MINT_Rat"	"NTRK2"
"M4"	"MINT_Rat"	"AGTR1"
"M4"	"MINT_Rat"	"ADORA1"
"M4"	"IntAct_Yeast"	"PSAT1"
"M4"	"IntAct_Yeast"	"CPA3"
"M4"	"IntAct_Yeast"	"ABCG2"
"M4"	"IntAct_Yeast"	"SLC38A11"
"M4"	"YeastLow"	"PSAT1"
"M4"	"YeastLow"	"CPA3"
"M4"	"VidalHuman_non_core"	"FAM107A"
"M4"	"VidalHuman_non_core"	"ZBTB16"
"M4"	"VidalHuman_non_core"	"GABRD"
"M4"	"VidalHuman_non_core"	"RASD1"
"M4"	"VidalHuman_non_core"	"CXCL2"
"M4"	"VidalHuman_non_core"	"DNASE1L3"
"M4"	"BioGrid_Mouse"	"ZFP36"
"M4"	"BioGrid_Mouse"	"NOS2"
"M4"	"BioGrid_Mouse"	"FOS"
"M4"	"BioGrid_Mouse"	"EGR1"
"M4"	"BioGrid_Mouse"	"KDR"
"M4"	"BioGrid_Mouse"	"ZBTB16"
"M4"	"BioGrid_Mouse"	"BMP4"
"M4"	"BioGrid_Mouse"	"EBF3"
"M4"	"BioGrid_Mouse"	"NGFR"
"M4"	"BioGrid_Mouse"	"GRIK3"
"M4"	"BioGrid_Mouse"	"SOCS3"
"M4"	"BioGrid_Mouse"	"NTRK2"
"M4"	"BioGrid_Mouse"	"EGR2"
"M4"	"BioGrid_Mouse"	"VEGFA"
"M4"	"BioGrid_Mouse"	"FLT1"
"M4"	"BioGrid_Mouse"	"PTGS2"
"M4"	"BioGrid_Mouse"	"NR4A1"
"M4"	"BioGrid_Mouse"	"ATF3"
"M4"	"BioGrid_Mouse"	"DACH1"
"M4"	"BioGrid_Mouse"	"AGTR1"
"M4"	"BioGrid_Mouse"	"SOX9"
"M4"	"BioGrid_Mouse"	"KCNB1"
"M4"	"BioGrid_Mouse"	"TCF21"
"M4"	"BioGrid_Mouse"	"FOSB"
"M4"	"BioGrid_Mouse"	"GDF7"
"M4"	"BioGrid_Mouse"	"FRZB"
"M4"	"BioGrid_Mouse"	"NR4A3"
"M4"	"BioGrid_Mouse"	"PCDHGB2"
"M4"	"DIP_Fly"	"PSAT1"
"M4"	"DIP_Fly"	"SPARCL1"
"M4"	"DIP_Fly"	"NEGR1"
"M4"	"DIP_Fly"	"ATP1B2"
"M4"	"DIP_Fly"	"SCD5"
"M4"	"MGI"	"NOS2"
"M4"	"MGI"	"BMP4"
"M4"	"MGI"	"EBF3"
"M4"	"MGI"	"NTRK2"
"M4"	"MGI"	"CDH23"
"M4"	"MGI"	"GDF7"
"M4"	"MGI"	"BMP6"
"M4"	"MGI"	"EBF2"
"M4"	"VidalHuman_core"	"FAM107A"
"M4"	"VidalHuman_core"	"ZFP36"
"M4"	"VidalHuman_core"	"ZBTB16"
"M4"	"VidalHuman_core"	"GABRD"
"M4"	"VidalHuman_core"	"FOSL1"
"M4"	"VidalHuman_core"	"DACH1"
"M4"	"VidalHuman_core"	"FHL5"
"M4"	"VidalHuman_core"	"CAVIN2"
"M4"	"VidalHuman_core"	"GJA5"
"M4"	"VidalHuman_core"	"TESC"
"M4"	"SOURAV_MAPK_LOW"	"FOS"
"M4"	"BioGrid_Yeast"	"PSAT1"
"M4"	"BioGrid_Yeast"	"ABCG2"
"M4"	"ShawnLi"	"NXPH3"
"M4"	"ShawnLi"	"ID4"
"M4"	"I2D-c"	"ERRFI1"
"M4"	"DIP_Mouse"	"FOS"
"M4"	"DIP_Mouse"	"F2RL3"
"M4"	"DIP_Mouse"	"NTRK2"
"M4"	"DIP_Mouse"	"FLT1"
"M4"	"DIP_Mouse"	"PTGS2"
"M4"	"DIP_Mouse"	"ANGPT2"
"M4"	"DIP_Mouse"	"IL1RL1"
"M4"	"DIP_Mouse"	"ENPP1"
"M4"	"DIP_Mouse"	"SELE"
"M4"	"DIP_Mouse"	"ARC"
"M4"	"DIP_Mouse"	"CDH23"
"M4"	"MINT_Mouse"	"NOS2"
"M4"	"MINT_Mouse"	"HSPG2"
"M4"	"MINT_Mouse"	"SOCS3"
"M4"	"MINT_Mouse"	"NTRK2"
"M4"	"MINT_Mouse"	"SSTR1"
"M4"	"MINT_Mouse"	"EGR2"
"M4"	"MINT_Mouse"	"FLT1"
"M4"	"MINT_Mouse"	"AGTR1"
"M4"	"MINT_Mouse"	"KCNB1"
"M4"	"MINT_Mouse"	"CSPG4"
"M4"	"MINT_Mouse"	"TCF21"
"M4"	"MINT_Mouse"	"GJC2"
"M4"	"I2D-c_Fiona_HUMAN"	"RAC3"
"M4"	"DIP_Rat"	"NGFR"
"M4"	"DIP_Rat"	"NTRK2"
"M4"	"DIP_Rat"	"FOSL1"
"M4"	"StelzlHigh"	"SOCS3"
"M4"	"StelzlHigh"	"EGR2"
"M4"	"StelzlHigh"	"ATF3"
"M4"	"BIND_Rat"	"NGFR"
"M4"	"BIND_Rat"	"ADORA1"
"M4"	"BIND_Rat"	"CHRM3"
"M4"	"StelzlMedium"	"EGR2"
"M4"	"StelzlMedium"	"NR4A1"
"M4"	"StelzlMedium"	"ATF3"
"M4"	"StelzlMedium"	"FABP4"
"M4"	"StelzlMedium"	"HBB"
"M4"	"StelzlMedium"	"EDN1"
"M4"	"StelzlMedium"	"TCF21"
"M4"	"StelzlMedium"	"CCDC113"
"M4"	"MINT_Fly"	"PSAT1"
"M4"	"MINT_Fly"	"SPARCL1"
"M4"	"FlyEmbryo"	"EBF3"
"M4"	"DIP_Yeast"	"PSAT1"
"M4"	"DIP_Yeast"	"SLC38A11"
"M4"	"FlyLow"	"SPARCL1"
"M4"	"I2D-c_Rat"	"ADORA1"
"M4"	"I2D-text_mining-c"	"FABP4"
"M4"	"I2D-text_mining-c"	"VWF"
"M4"	"SOURAV_MAPK_HIGH"	"FOS"
"M5"	"BioGrid"	"CCDC8"
"M5"	"BioGrid"	"BEX2"
"M5"	"BioGrid"	"POU5F1"
"M5"	"BioGrid"	"STX1B"
"M5"	"BioGrid"	"DOC2A"
"M5"	"BioGrid"	"CYP51A1"
"M5"	"BioGrid"	"SDC1"
"M5"	"BioGrid"	"CDA"
"M5"	"BioGrid"	"EIF4A1"
"M5"	"BioGrid"	"LENG8"
"M5"	"BioGrid"	"RSRP1"
"M5"	"BioGrid"	"F10"
"M5"	"BioGrid"	"ITGB3"
"M5"	"BioGrid"	"PPFIA4"
"M5"	"BioGrid"	"MSH5"
"M5"	"BioGrid"	"LOXL4"
"M5"	"BioGrid"	"HSF4"
"M5"	"BioGrid"	"MALL"
"M5"	"BioGrid"	"GABBR1"
"M5"	"BioGrid"	"GSDMB"
"M5"	"BioGrid"	"COL9A2"
"M5"	"BioGrid"	"LAD1"
"M5"	"BioGrid"	"HPGD"
"M5"	"BioGrid"	"CTF1"
"M5"	"BioGrid"	"XAF1"
"M5"	"BioGrid"	"EPHB1"
"M5"	"BioGrid"	"SCNN1D"
"M5"	"BioGrid"	"CCNL2"
"M5"	"BioGrid"	"HIST1H2BK"
"M5"	"BioGrid"	"NFKBID"
"M5"	"BioGrid_Mouse"	"POU5F1"
"M5"	"BioGrid_Mouse"	"SDC1"
"M5"	"BioGrid_Mouse"	"GABBR1"
"M5"	"BioGrid_Mouse"	"EPHB1"
"M5"	"BIND_Rat"	"DOC2A"
"M5"	"BIND_Rat"	"EPHB1"
"M5"	"BioGrid_Yeast"	"CYP51A1"
"M5"	"BioGrid_Yeast"	"PABPC1L"
"M5"	"BioGrid_Yeast"	"CDA"
"M5"	"BioGrid_Yeast"	"MSH5"
"M5"	"BioGrid_Yeast"	"SEC31B"
"M5"	"BioGrid_Fly"	"SPTBN5"
"M5"	"BioGrid_Fly"	"F10"
"M5"	"BioGrid_Fly"	"EPHB1"
"M5"	"IntAct_Mouse"	"POU5F1"
"M5"	"IntAct_Mouse"	"CDA"
"M5"	"IntAct_Mouse"	"EIF4A1"
"M5"	"IntAct_Mouse"	"ITGB3"
"M5"	"IntAct_Mouse"	"PLEKHH2"
"M5"	"IntAct_Mouse"	"SPAG17"
"M5"	"DIP_Yeast"	"CYP51A1"
"M5"	"DIP_Yeast"	"PABPC1L"
"M5"	"DIP_Yeast"	"CDA"
"M5"	"DIP_Yeast"	"MSH5"
"M5"	"DIP_Yeast"	"SEC31B"
"M5"	"BCI"	"POU5F1"
"M5"	"BCI"	"SDC1"
"M5"	"BCI"	"EIF4A1"
"M5"	"BCI"	"HSF4"
"M5"	"BCI"	"GABBR1"
"M5"	"BCI"	"COL9A2"
"M5"	"BCI"	"CTF1"
"M5"	"MINT"	"EIF4A1"
"M5"	"MINT"	"F10"
"M5"	"MINT"	"ITGB3"
"M5"	"MINT"	"PPFIA4"
"M5"	"MINT"	"MSH5"
"M5"	"MINT"	"MALL"
"M5"	"MINT"	"GABBR1"
"M5"	"MINT"	"EPHB1"
"M5"	"MINT_Yeast"	"CYP51A1"
"M5"	"MINT_Yeast"	"PABPC1L"
"M5"	"MINT_Yeast"	"CDA"
"M5"	"MINT_Yeast"	"MSH5"
"M5"	"MINT_Yeast"	"SEC31B"
"M5"	"Tarassov_PCA"	"CYP51A1"
"M5"	"Tarassov_PCA"	"CDA"
"M5"	"IntAct"	"BEX2"
"M5"	"IntAct"	"POU5F1"
"M5"	"IntAct"	"CYP51A1"
"M5"	"IntAct"	"CDA"
"M5"	"IntAct"	"EIF4A1"
"M5"	"IntAct"	"LENG8"
"M5"	"IntAct"	"RSRP1"
"M5"	"IntAct"	"ITGB3"
"M5"	"IntAct"	"PPFIA4"
"M5"	"IntAct"	"MSH5"
"M5"	"IntAct"	"PLEKHH2"
"M5"	"IntAct"	"LOXL4"
"M5"	"IntAct"	"HSF4"
"M5"	"IntAct"	"MALL"
"M5"	"IntAct"	"GABBR1"
"M5"	"IntAct"	"SEC31B"
"M5"	"IntAct"	"SDK1"
"M5"	"IntAct"	"ZNF334"
"M5"	"IntAct"	"PILRB"
"M5"	"IntAct"	"GSDMB"
"M5"	"IntAct"	"WFIKKN1"
"M5"	"IntAct"	"CSAD"
"M5"	"IntAct"	"GOLGA8A"
"M5"	"IntAct"	"LAD1"
"M5"	"IntAct"	"CTF1"
"M5"	"IntAct"	"EPHB1"
"M5"	"IntAct"	"SCNN1D"
"M5"	"IntAct"	"CCNL2"
"M5"	"IntAct"	"PRRT2"
"M5"	"IntAct"	"ANO9"
"M5"	"IntAct"	"NFKBID"
"M5"	"IntAct"	"SHISA3"
"M5"	"IntAct"	"KLHL4"
"M5"	"IntAct"	"NOMO3"
"M5"	"IntAct"	"TTLL3"
"M5"	"IntAct"	"PCDHB5"
"M5"	"HPRD"	"BEX2"
"M5"	"HPRD"	"POU5F1"
"M5"	"HPRD"	"DOC2A"
"M5"	"HPRD"	"SDC1"
"M5"	"HPRD"	"CDA"
"M5"	"HPRD"	"EIF4A1"
"M5"	"HPRD"	"F10"
"M5"	"HPRD"	"ITGB3"
"M5"	"HPRD"	"PPFIA4"
"M5"	"HPRD"	"MSH5"
"M5"	"HPRD"	"LOXL4"
"M5"	"HPRD"	"HSF4"
"M5"	"HPRD"	"MALL"
"M5"	"HPRD"	"GABBR1"
"M5"	"HPRD"	"PILRB"
"M5"	"HPRD"	"COL9A2"
"M5"	"HPRD"	"LAD1"
"M5"	"HPRD"	"CTF1"
"M5"	"HPRD"	"XAF1"
"M5"	"HPRD"	"EPHB1"
"M5"	"HPRD"	"NFKBIZ"
"M5"	"HPRD"	"CCNL2"
"M5"	"HPRD"	"NOMO3"
"M5"	"StelzlLow"	"F10"
"M5"	"YeastMedium"	"CDA"
"M5"	"IntAct_Yeast"	"CYP51A1"
"M5"	"IntAct_Yeast"	"PABPC1L"
"M5"	"IntAct_Yeast"	"CDA"
"M5"	"IntAct_Yeast"	"MSH5"
"M5"	"IntAct_Yeast"	"SEC31B"
"M5"	"YeastLow"	"PABPC1L"
"M5"	"YeastLow"	"SEC31B"
"M5"	"VidalHuman_core"	"MALL"
"M5"	"VidalHuman_core"	"COL9A2"
"M5"	"DIP"	"POU5F1"
"M5"	"DIP"	"SDC1"
"M5"	"DIP"	"EIF4A1"
"M5"	"DIP"	"ITGB3"
"M5"	"DIP"	"CTF1"
"M5"	"DIP"	"HIST1H2BK"
"M5"	"BioGrid_Rat"	"STX1B"
"M5"	"BioGrid_Rat"	"GABBR1"
"M5"	"BioGrid_Rat"	"EPHB1"
"M5"	"BIND_Yeast"	"PABPC1L"
"M5"	"BIND_Yeast"	"CDA"
"M5"	"BIND_Yeast"	"MSH5"
"M5"	"BIND_Yeast"	"SEC31B"
"M5"	"MIPS"	"PABPC1L"
"M5"	"MIPS"	"CDA"
"M5"	"MIPS"	"MSH5"
"M5"	"MIPS"	"SEC31B"
"M5"	"DIP_Mouse"	"POU5F1"
"M5"	"DIP_Mouse"	"ITGB3"
"M5"	"BIND"	"CDA"
"M5"	"BIND"	"F10"
"M5"	"BIND"	"ITGB3"
"M5"	"BIND"	"EPHB1"
"M5"	"BIND"	"CRYGS"
"M5"	"BIND"	"HIST1H2BK"
"M5"	"MGI"	"ITGB3"
"M5"	"WangEScmplx"	"POU5F1"
"M5"	"INNATEDB"	"CYP51A1"
"M5"	"INNATEDB"	"EIF4A1"
"M5"	"INNATEDB"	"HSF4"
"M5"	"INNATEDB"	"GSDMB"
"M5"	"INNATEDB"	"XAF1"
"M5"	"INNATEDB"	"DPY19L2"
"M5"	"INNATEDB"	"NFKBIZ"
"M5"	"ShawnLi"	"PPFIA4"
"M5"	"INNATEDB_Mouse"	"POU5F1"
"M5"	"INNATEDB_Mouse"	"SDC1"
"M5"	"INNATEDB_Mouse"	"EIF4A1"
"M5"	"INNATEDB_Mouse"	"NFKBIZ"
"M5"	"I2D-c_Fiona_HUMAN"	"ITGB3"
"M5"	"IntAct_Rat"	"EIF4A1"
"M5"	"IntAct_Rat"	"GABBR1"
"M5"	"BIND_Mouse"	"POU5F1"
"M5"	"BIND_Mouse"	"CDA"
"M5"	"MINT_Mouse"	"POU5F1"
"M5"	"MINT_Mouse"	"CDA"
"M5"	"MINT_Mouse"	"EIF4A1"
"M5"	"MINT_Mouse"	"LOXL4"
"M5"	"MINT_Mouse"	"GABBR1"
"M5"	"Yu_GoldStd"	"CDA"
"M5"	"FlyHigh"	"SPTBN5"
"M5"	"StelzlMedium"	"F10"
"M5"	"StelzlMedium"	"COL9A2"
"M5"	"Krogan_Core"	"SEC31B"
"M5"	"DIP_Rat"	"EPHB1"
"M5"	"YeastHigh"	"SEC31B"
"M5"	"IntAct_Fly"	"EPHB1"
"M5"	"KIM_MYC"	"POU5F1"
"M5"	"VidalHuman_non_core"	"SLCO4A1"
"M5"	"MINT_Rat"	"GABBR1"
"Not.Correlated"	"HPRD"	"HOXA9"
"Not.Correlated"	"HPRD"	"DDX3Y"
"Not.Correlated"	"HPRD"	"MSLN"
"Not.Correlated"	"HPRD"	"NRCAM"
"Not.Correlated"	"HPRD"	"PTPRD"
"Not.Correlated"	"HPRD"	"LRAT"
"Not.Correlated"	"HPRD"	"AHRR"
"Not.Correlated"	"HPRD"	"GSTM1"
"Not.Correlated"	"HPRD"	"HOXA10"
"Not.Correlated"	"HPRD"	"TIPARP"
"Not.Correlated"	"HPRD"	"KDM5D"
"Not.Correlated"	"INNATEDB"	"HOXA9"
"Not.Correlated"	"INNATEDB"	"DDX3Y"
"Not.Correlated"	"INNATEDB"	"HOXA10"
"Not.Correlated"	"BioGrid_Mouse"	"HOXA9"
"Not.Correlated"	"BioGrid_Mouse"	"NRCAM"
"Not.Correlated"	"BioGrid_Mouse"	"HOXA10"
"Not.Correlated"	"BioGrid_Mouse"	"KDM5D"
"Not.Correlated"	"BioGrid_Worm"	"DDX3Y"
"Not.Correlated"	"MINT_Worm"	"DDX3Y"
"Not.Correlated"	"BioGrid"	"HOXA9"
"Not.Correlated"	"BioGrid"	"MSLN"
"Not.Correlated"	"BioGrid"	"NRCAM"
"Not.Correlated"	"BioGrid"	"PTPRD"
"Not.Correlated"	"BioGrid"	"LRAT"
"Not.Correlated"	"BioGrid"	"AHRR"
"Not.Correlated"	"BioGrid"	"GSTM1"
"Not.Correlated"	"BioGrid"	"HOXA10"
"Not.Correlated"	"BioGrid"	"PLCB4"
"Not.Correlated"	"BioGrid"	"KDM5D"
"Not.Correlated"	"VidalHuman_core"	"HOXA9"
"Not.Correlated"	"BIND"	"NRCAM"
"Not.Correlated"	"BIND"	"GSTM1"
"Not.Correlated"	"BIND"	"HOXA10"
"Not.Correlated"	"IntAct_Fly"	"NRCAM"
"Not.Correlated"	"IntAct_Fly"	"PTPRD"
"Not.Correlated"	"IntAct_Fly"	"PLCB4"
"Not.Correlated"	"BioGrid_Fly"	"NRCAM"
"Not.Correlated"	"BioGrid_Fly"	"PTPRD"
"Not.Correlated"	"BioGrid_Fly"	"PLCB4"
"Not.Correlated"	"MINT_Fly"	"PTPRD"
"Not.Correlated"	"IntAct"	"HOXA9"
"Not.Correlated"	"IntAct"	"PTPRD"
"Not.Correlated"	"IntAct"	"MT3"
"Not.Correlated"	"IntAct"	"WDR66"
"Not.Correlated"	"IntAct"	"HOXA10"
"Not.Correlated"	"IntAct"	"TIPARP"
"Not.Correlated"	"IntAct_Worm"	"DDX3Y"
"Not.Correlated"	"DIP_Fly"	"NRCAM"
"Not.Correlated"	"DIP_Fly"	"PTPRD"
"Not.Correlated"	"MINT"	"PTPRD"
"Not.Correlated"	"IntAct_Mouse"	"NRCAM"
"Not.Correlated"	"MINT_Mouse"	"NRCAM"
"Not.Correlated"	"I2D-text_mining-c"	"TIPARP"
