"Module"	"ID"	"Description"	"GeneRatio"	"BgRatio"	"pvalue"	"p.adjust"	"qvalue"	"geneID"	"Count"
"M1"	"SLC-mediated transmembrane transport"	"SLC-mediated transmembrane transport"	"36/354"	"259/7644"	2.17652980129523e-09	1.38209642382247e-06	1.15928850468988e-06	"SLC3A1/CP/SLC47A1/SLC4A4/SLC28A1/SLC22A2/SLC6A13/HK2/SLC2A5/SLCO4C1/SLC6A3/SLC1A1/SLC6A12/SLC7A5/SLC22A11/SLC39A5/SLC2A2/SLC16A7/SLC7A8/SLC5A1/SLC5A9/SLC17A1/SLC22A12/SLC34A2/SLC7A9/SLC13A1/SLC5A8/SLC6A19/SLC9A3/SLC29A2/SLC22A3/SLC16A10/SLC22A6/SLC26A9/SLC38A5/SLC7A11"	36
"M1"	"Biological oxidations"	"Biological oxidations"	"28/354"	"174/7644"	5.60535753230157e-09	1.77970101650575e-06	1.49279521649715e-06	"NNMT/ALDH1A1/MAOB/GGT1/UGT2B7/MGST1/GSTA1/ACSM2B/ACSM2A/MAOA/CYP2J2/GSTA2/NR1H4/FMO2/ACSM5/GLYATL1/GLYAT/FMO1/ACY3/CYP3A5/SULT1C4/UGT1A9/UGT1A6/CYP4A11/AKR7A3/DPEP1/ADH6/CYP8B1"	28
"M1"	"Transport of glucose and other sugars, bile salts and organic acids, metal ions and amine compounds"	"Transport of glucose and other sugars, bile salts and organic acids, metal ions and amine compounds"	"18/354"	"97/7644"	3.65704793807435e-07	7.74075146892405e-05	6.49286405847587e-05	"CP/SLC47A1/SLC22A2/SLC6A13/SLC2A5/SLC6A3/SLC6A12/SLC22A11/SLC39A5/SLC2A2/SLC16A7/SLC5A1/SLC5A9/SLC22A12/SLC13A1/SLC6A19/SLC22A3/SLC22A6"	18
"M1"	"Amino acid and oligopeptide SLC transporters"	"Amino acid and oligopeptide SLC transporters"	"12/354"	"49/7644"	1.57840987150338e-06	0.000250572567101162	0.00021017773552124	"SLC3A1/SLC1A1/SLC6A12/SLC7A5/SLC7A8/SLC17A1/SLC7A9/SLC5A8/SLC6A19/SLC16A10/SLC38A5/SLC7A11"	12
"M1"	"O-linked glycosylation"	"O-linked glycosylation"	"17/354"	"103/7644"	4.2198073852773e-06	0.000535915537930217	0.000449520534094803	"GALNT14/SEMA5B/MUC1/SPON2/SPON1/SBSPON/MUC20/GCNT3/GCNT4/GALNT9/B3GNT4/B3GNT3/ADAMTSL1/GALNT3/ADAMTS14/B3GNT8/MUC4"	17
"M1"	"Transport of inorganic cations/anions and amino acids/oligopeptides"	"Transport of inorganic cations/anions and amino acids/oligopeptides"	"16/354"	"94/7644"	5.36783430103827e-06	0.000568095796859884	0.000476513009881643	"SLC3A1/SLC4A4/SLC1A1/SLC6A12/SLC7A5/SLC7A8/SLC17A1/SLC34A2/SLC7A9/SLC5A8/SLC6A19/SLC9A3/SLC16A10/SLC26A9/SLC38A5/SLC7A11"	16
"M1"	"Amino acid transport across the plasma membrane"	"Amino acid transport across the plasma membrane"	"9/354"	"31/7644"	7.20905074886244e-06	0.000653963889361092	0.000548538297582616	"SLC3A1/SLC6A12/SLC7A5/SLC7A8/SLC7A9/SLC6A19/SLC16A10/SLC38A5/SLC7A11"	9
"M1"	"Metabolism of Angiotensinogen to Angiotensins"	"Metabolism of Angiotensinogen to Angiotensins"	"6/354"	"16/7644"	5.09994265772829e-05	0.00173731846389767	0.00145724515993738	"ENPEP/ANPEP/MME/AGT/ACE2/REN"	6
"M1"	"Defective AHCY causes Hypermethioninemia with S-adenosylhomocysteine hydrolase deficiency (HMAHCHD)"	"Defective AHCY causes Hypermethioninemia with S-adenosylhomocysteine hydrolase deficiency (HMAHCHD)"	"14/354"	"89/7644"	5.19827571874894e-05	0.00173731846389767	0.00145724515993738	"NNMT/GGT1/UGT2B7/MGST1/GSTA1/ACSM2B/ACSM2A/GSTA2/ACSM5/GLYATL1/GLYAT/SULT1C4/UGT1A9/UGT1A6"	14
"M1"	"Defective GCLC causes Hemolytic anemia due to gamma-glutamylcysteine synthetase deficiency (HAGGSD)"	"Defective GCLC causes Hemolytic anemia due to gamma-glutamylcysteine synthetase deficiency (HAGGSD)"	"14/354"	"89/7644"	5.19827571874894e-05	0.00173731846389767	0.00145724515993738	"NNMT/GGT1/UGT2B7/MGST1/GSTA1/ACSM2B/ACSM2A/GSTA2/ACSM5/GLYATL1/GLYAT/SULT1C4/UGT1A9/UGT1A6"	14
"M1"	"Defective GGT1 causes Glutathionuria (GLUTH)"	"Defective GGT1 causes Glutathionuria (GLUTH)"	"14/354"	"89/7644"	5.19827571874894e-05	0.00173731846389767	0.00145724515993738	"NNMT/GGT1/UGT2B7/MGST1/GSTA1/ACSM2B/ACSM2A/GSTA2/ACSM5/GLYATL1/GLYAT/SULT1C4/UGT1A9/UGT1A6"	14
"M1"	"Defective GSS causes Glutathione synthetase deficiency (GSS deficiency)"	"Defective GSS causes Glutathione synthetase deficiency (GSS deficiency)"	"14/354"	"89/7644"	5.19827571874894e-05	0.00173731846389767	0.00145724515993738	"NNMT/GGT1/UGT2B7/MGST1/GSTA1/ACSM2B/ACSM2A/GSTA2/ACSM5/GLYATL1/GLYAT/SULT1C4/UGT1A9/UGT1A6"	14
"M1"	"Defective MAT1A causes Methionine adenosyltransferase deficiency (MATD)"	"Defective MAT1A causes Methionine adenosyltransferase deficiency (MATD)"	"14/354"	"89/7644"	5.19827571874894e-05	0.00173731846389767	0.00145724515993738	"NNMT/GGT1/UGT2B7/MGST1/GSTA1/ACSM2B/ACSM2A/GSTA2/ACSM5/GLYATL1/GLYAT/SULT1C4/UGT1A9/UGT1A6"	14
"M1"	"Defective OPLAH causes 5-oxoprolinase deficiency (OPLAHD)"	"Defective OPLAH causes 5-oxoprolinase deficiency (OPLAHD)"	"14/354"	"89/7644"	5.19827571874894e-05	0.00173731846389767	0.00145724515993738	"NNMT/GGT1/UGT2B7/MGST1/GSTA1/ACSM2B/ACSM2A/GSTA2/ACSM5/GLYATL1/GLYAT/SULT1C4/UGT1A9/UGT1A6"	14
"M1"	"Defective SLC35D1 causes Schneckenbecken dysplasia (SCHBCKD)"	"Defective SLC35D1 causes Schneckenbecken dysplasia (SCHBCKD)"	"14/354"	"89/7644"	5.19827571874894e-05	0.00173731846389767	0.00145724515993738	"NNMT/GGT1/UGT2B7/MGST1/GSTA1/ACSM2B/ACSM2A/GSTA2/ACSM5/GLYATL1/GLYAT/SULT1C4/UGT1A9/UGT1A6"	14
"M1"	"Defective TPMT causes Thiopurine S-methyltransferase deficiency (TPMT deficiency)"	"Defective TPMT causes Thiopurine S-methyltransferase deficiency (TPMT deficiency)"	"14/354"	"89/7644"	5.19827571874894e-05	0.00173731846389767	0.00145724515993738	"NNMT/GGT1/UGT2B7/MGST1/GSTA1/ACSM2B/ACSM2A/GSTA2/ACSM5/GLYATL1/GLYAT/SULT1C4/UGT1A9/UGT1A6"	14
"M1"	"Defective UGT1A1 causes hyperbilirubinemia"	"Defective UGT1A1 causes hyperbilirubinemia"	"14/354"	"89/7644"	5.19827571874894e-05	0.00173731846389767	0.00145724515993738	"NNMT/GGT1/UGT2B7/MGST1/GSTA1/ACSM2B/ACSM2A/GSTA2/ACSM5/GLYATL1/GLYAT/SULT1C4/UGT1A9/UGT1A6"	14
"M1"	"Defective UGT1A4 causes hyperbilirubinemia"	"Defective UGT1A4 causes hyperbilirubinemia"	"14/354"	"89/7644"	5.19827571874894e-05	0.00173731846389767	0.00145724515993738	"NNMT/GGT1/UGT2B7/MGST1/GSTA1/ACSM2B/ACSM2A/GSTA2/ACSM5/GLYATL1/GLYAT/SULT1C4/UGT1A9/UGT1A6"	14
"M1"	"Phase II conjugation"	"Phase II conjugation"	"14/354"	"89/7644"	5.19827571874894e-05	0.00173731846389767	0.00145724515993738	"NNMT/GGT1/UGT2B7/MGST1/GSTA1/ACSM2B/ACSM2A/GSTA2/ACSM5/GLYATL1/GLYAT/SULT1C4/UGT1A9/UGT1A6"	14
"M1"	"O-linked glycosylation of mucins"	"O-linked glycosylation of mucins"	"11/354"	"64/7644"	0.00014659384953201	0.00465435472264133	0.00390402567701038	"GALNT14/MUC1/MUC20/GCNT3/GCNT4/GALNT9/B3GNT4/B3GNT3/GALNT3/B3GNT8/MUC4"	11
"M1"	"Organic cation/anion/zwitterion transport"	"Organic cation/anion/zwitterion transport"	"5/354"	"13/7644"	0.000195829884026003	0.00592152268364344	0.00496691334923097	"SLC22A2/SLC22A11/SLC22A12/SLC22A3/SLC22A6"	5
"M1"	"Aflatoxin activation and detoxification"	"Aflatoxin activation and detoxification"	"6/354"	"21/7644"	0.000283705564832553	0.00783274059429005	0.0065700236066486	"GGT1/MGST1/ACY3/CYP3A5/AKR7A3/DPEP1"	6
"M1"	"Defective ACY1 causes encephalopathy"	"Defective ACY1 causes encephalopathy"	"6/354"	"21/7644"	0.000283705564832553	0.00783274059429005	0.0065700236066486	"GGT1/MGST1/ACY3/CYP3A5/AKR7A3/DPEP1"	6
"M1"	"Lipoprotein metabolism"	"Lipoprotein metabolism"	"7/354"	"30/7644"	0.000347679380773592	0.00919901694963462	0.00771604239787007	"CUBN/SCARB1/PLTP/AMN/LIPC/LDLR/APOB"	7
"M1"	"Abacavir transport and metabolism"	"Abacavir transport and metabolism"	"4/354"	"10/7644"	0.000760295732233184	0.0121133349693154	0.0101605428835037	"SLC22A2/PCK1/ABCB1/SLC22A3"	4
"M1"	"Defective CYP11A1 causes Adrenal insufficiency, congenital, with 46,XY sex reversal (AICSR)"	"Defective CYP11A1 causes Adrenal insufficiency, congenital, with 46,XY sex reversal (AICSR)"	"11/354"	"78/7644"	0.00085842531278613	0.0121133349693154	0.0101605428835037	"ALDH1A1/MAOB/MAOA/CYP2J2/NR1H4/FMO2/FMO1/CYP3A5/CYP4A11/ADH6/CYP8B1"	11
"M1"	"Defective CYP11B1 causes Adrenal hyperplasia 4 (AH4)"	"Defective CYP11B1 causes Adrenal hyperplasia 4 (AH4)"	"11/354"	"78/7644"	0.00085842531278613	0.0121133349693154	0.0101605428835037	"ALDH1A1/MAOB/MAOA/CYP2J2/NR1H4/FMO2/FMO1/CYP3A5/CYP4A11/ADH6/CYP8B1"	11
"M1"	"Defective CYP11B2 causes Corticosterone methyloxidase 1 deficiency (CMO-1 deficiency)"	"Defective CYP11B2 causes Corticosterone methyloxidase 1 deficiency (CMO-1 deficiency)"	"11/354"	"78/7644"	0.00085842531278613	0.0121133349693154	0.0101605428835037	"ALDH1A1/MAOB/MAOA/CYP2J2/NR1H4/FMO2/FMO1/CYP3A5/CYP4A11/ADH6/CYP8B1"	11
"M1"	"Defective CYP17A1 causes Adrenal hyperplasia 5 (AH5)"	"Defective CYP17A1 causes Adrenal hyperplasia 5 (AH5)"	"11/354"	"78/7644"	0.00085842531278613	0.0121133349693154	0.0101605428835037	"ALDH1A1/MAOB/MAOA/CYP2J2/NR1H4/FMO2/FMO1/CYP3A5/CYP4A11/ADH6/CYP8B1"	11
"M1"	"Defective CYP19A1 causes Aromatase excess syndrome (AEXS)"	"Defective CYP19A1 causes Aromatase excess syndrome (AEXS)"	"11/354"	"78/7644"	0.00085842531278613	0.0121133349693154	0.0101605428835037	"ALDH1A1/MAOB/MAOA/CYP2J2/NR1H4/FMO2/FMO1/CYP3A5/CYP4A11/ADH6/CYP8B1"	11
"M1"	"Defective CYP1B1 causes Glaucoma"	"Defective CYP1B1 causes Glaucoma"	"11/354"	"78/7644"	0.00085842531278613	0.0121133349693154	0.0101605428835037	"ALDH1A1/MAOB/MAOA/CYP2J2/NR1H4/FMO2/FMO1/CYP3A5/CYP4A11/ADH6/CYP8B1"	11
"M1"	"Defective CYP21A2 causes Adrenal hyperplasia 3 (AH3)"	"Defective CYP21A2 causes Adrenal hyperplasia 3 (AH3)"	"11/354"	"78/7644"	0.00085842531278613	0.0121133349693154	0.0101605428835037	"ALDH1A1/MAOB/MAOA/CYP2J2/NR1H4/FMO2/FMO1/CYP3A5/CYP4A11/ADH6/CYP8B1"	11
"M1"	"Defective CYP24A1 causes Hypercalcemia, infantile (HCAI)"	"Defective CYP24A1 causes Hypercalcemia, infantile (HCAI)"	"11/354"	"78/7644"	0.00085842531278613	0.0121133349693154	0.0101605428835037	"ALDH1A1/MAOB/MAOA/CYP2J2/NR1H4/FMO2/FMO1/CYP3A5/CYP4A11/ADH6/CYP8B1"	11
"M1"	"Defective CYP26B1 causes Radiohumeral fusions with other skeletal and craniofacial anomalies (RHFCA)"	"Defective CYP26B1 causes Radiohumeral fusions with other skeletal and craniofacial anomalies (RHFCA)"	"11/354"	"78/7644"	0.00085842531278613	0.0121133349693154	0.0101605428835037	"ALDH1A1/MAOB/MAOA/CYP2J2/NR1H4/FMO2/FMO1/CYP3A5/CYP4A11/ADH6/CYP8B1"	11
"M1"	"Defective CYP26C1 causes Focal facial dermal dysplasia 4 (FFDD4)"	"Defective CYP26C1 causes Focal facial dermal dysplasia 4 (FFDD4)"	"11/354"	"78/7644"	0.00085842531278613	0.0121133349693154	0.0101605428835037	"ALDH1A1/MAOB/MAOA/CYP2J2/NR1H4/FMO2/FMO1/CYP3A5/CYP4A11/ADH6/CYP8B1"	11
"M1"	"Defective CYP27A1 causes Cerebrotendinous xanthomatosis (CTX)"	"Defective CYP27A1 causes Cerebrotendinous xanthomatosis (CTX)"	"11/354"	"78/7644"	0.00085842531278613	0.0121133349693154	0.0101605428835037	"ALDH1A1/MAOB/MAOA/CYP2J2/NR1H4/FMO2/FMO1/CYP3A5/CYP4A11/ADH6/CYP8B1"	11
"M1"	"Defective CYP27B1 causes Rickets vitamin D-dependent 1A (VDDR1A)"	"Defective CYP27B1 causes Rickets vitamin D-dependent 1A (VDDR1A)"	"11/354"	"78/7644"	0.00085842531278613	0.0121133349693154	0.0101605428835037	"ALDH1A1/MAOB/MAOA/CYP2J2/NR1H4/FMO2/FMO1/CYP3A5/CYP4A11/ADH6/CYP8B1"	11
"M1"	"Defective CYP2R1 causes Rickets vitamin D-dependent 1B (VDDR1B)"	"Defective CYP2R1 causes Rickets vitamin D-dependent 1B (VDDR1B)"	"11/354"	"78/7644"	0.00085842531278613	0.0121133349693154	0.0101605428835037	"ALDH1A1/MAOB/MAOA/CYP2J2/NR1H4/FMO2/FMO1/CYP3A5/CYP4A11/ADH6/CYP8B1"	11
"M1"	"Defective CYP2U1 causes Spastic paraplegia 56, autosomal recessive (SPG56)"	"Defective CYP2U1 causes Spastic paraplegia 56, autosomal recessive (SPG56)"	"11/354"	"78/7644"	0.00085842531278613	0.0121133349693154	0.0101605428835037	"ALDH1A1/MAOB/MAOA/CYP2J2/NR1H4/FMO2/FMO1/CYP3A5/CYP4A11/ADH6/CYP8B1"	11
"M1"	"Defective CYP4F22 causes Ichthyosis, congenital, autosomal recessive 5 (ARCI5)"	"Defective CYP4F22 causes Ichthyosis, congenital, autosomal recessive 5 (ARCI5)"	"11/354"	"78/7644"	0.00085842531278613	0.0121133349693154	0.0101605428835037	"ALDH1A1/MAOB/MAOA/CYP2J2/NR1H4/FMO2/FMO1/CYP3A5/CYP4A11/ADH6/CYP8B1"	11
"M1"	"Defective CYP7B1 causes Spastic paraplegia 5A, autosomal recessive (SPG5A) and Congenital bile acid synthesis defect 3 (CBAS3)"	"Defective CYP7B1 causes Spastic paraplegia 5A, autosomal recessive (SPG5A) and Congenital bile acid synthesis defect 3 (CBAS3)"	"11/354"	"78/7644"	0.00085842531278613	0.0121133349693154	0.0101605428835037	"ALDH1A1/MAOB/MAOA/CYP2J2/NR1H4/FMO2/FMO1/CYP3A5/CYP4A11/ADH6/CYP8B1"	11
"M1"	"Defective FMO3 causes Trimethylaminuria (TMAU)"	"Defective FMO3 causes Trimethylaminuria (TMAU)"	"11/354"	"78/7644"	0.00085842531278613	0.0121133349693154	0.0101605428835037	"ALDH1A1/MAOB/MAOA/CYP2J2/NR1H4/FMO2/FMO1/CYP3A5/CYP4A11/ADH6/CYP8B1"	11
"M1"	"Defective MAOA causes Brunner syndrome (BRUNS)"	"Defective MAOA causes Brunner syndrome (BRUNS)"	"11/354"	"78/7644"	0.00085842531278613	0.0121133349693154	0.0101605428835037	"ALDH1A1/MAOB/MAOA/CYP2J2/NR1H4/FMO2/FMO1/CYP3A5/CYP4A11/ADH6/CYP8B1"	11
"M1"	"Defective TBXAS1 causes Ghosal hematodiaphyseal dysplasia (GHDD)"	"Defective TBXAS1 causes Ghosal hematodiaphyseal dysplasia (GHDD)"	"11/354"	"78/7644"	0.00085842531278613	0.0121133349693154	0.0101605428835037	"ALDH1A1/MAOB/MAOA/CYP2J2/NR1H4/FMO2/FMO1/CYP3A5/CYP4A11/ADH6/CYP8B1"	11
"M1"	"Phase 1 - Functionalization of compounds"	"Phase 1 - Functionalization of compounds"	"11/354"	"78/7644"	0.00085842531278613	0.0121133349693154	0.0101605428835037	"ALDH1A1/MAOB/MAOA/CYP2J2/NR1H4/FMO2/FMO1/CYP3A5/CYP4A11/ADH6/CYP8B1"	11
"M1"	"Bile acid and bile salt metabolism"	"Bile acid and bile salt metabolism"	"7/354"	"35/7644"	0.000940528067533179	0.0129833765844254	0.0108903249924894	"ABCC3/NR1H4/SLC27A2/FABP6/SLC10A2/AKR1C2/CYP8B1"	7
"M1"	"Metabolism of amino acids and derivatives"	"Metabolism of amino acids and derivatives"	"19/354"	"188/7644"	0.00108402629445824	0.0146458871698081	0.0122848220603778	"GATM/BHMT/BBOX1/HGD/SLC6A12/ALDH4A1/ACMSD/DDC/AGXT2/AGMAT/KMO/GPT/PRODH/PYCR1/FTCD/NAGS/PAH/AMDHD1/CKMT2"	19
"M1"	"NCAM1 interactions"	"NCAM1 interactions"	"7/354"	"37/7644"	0.00132968761583639	0.0175906590845022	0.014754866965202	"COL4A4/GFRA1/COL4A3/CACNA1D/COL4A5/NCAM1/NRTN"	7
"M1"	"Na+/Cl- dependent neurotransmitter transporters"	"Na+/Cl- dependent neurotransmitter transporters"	"5/354"	"19/7644"	0.00140545035094714	0.018213489241866	0.0152772906032063	"SLC22A2/SLC6A13/SLC6A3/SLC6A12/SLC6A19"	5
"M1"	"Cell-cell junction organization"	"Cell-cell junction organization"	"9/354"	"60/7644"	0.00161195227016339	0.0204717938310751	0.0171715336568985	"CDH6/CLDN2/CDH1/CDH2/CLDN7/CLDN3/CLDN10/CDH4/CADM3"	9
"M1"	"Passive transport by Aquaporins"	"Passive transport by Aquaporins"	"4/354"	"12/7644"	0.00166441924593252	0.0207236513954344	0.017382789235126	"AQP1/AQP3/AQP7/AQP9"	4
"M1"	"Cell junction organization"	"Cell junction organization"	"11/354"	"85/7644"	0.00176341070608161	0.021336490017349	0.0178968320742289	"CDH6/CLDN2/CDH1/CDH2/CLDN7/CLDN3/CLDN10/LAMB3/CDH4/LAMC2/CADM3"	11
"M1"	"Regulation of gene expression in beta cells"	"Regulation of gene expression in beta cells"	"5/354"	"20/7644"	0.00180367079466746	0.021336490017349	0.0178968320742289	"HNF4A/HNF4G/SLC2A2/HNF1A/PKLR"	5
"M1"	"Interaction between L1 and Ankyrins"	"Interaction between L1 and Ankyrins"	"6/354"	"29/7644"	0.00181444167076669	0.021336490017349	0.0178968320742289	"ANK3/ANK2/ANK1/SPTBN2/SCN8A/L1CAM"	6
"M1"	"Collagen formation"	"Collagen formation"	"11/354"	"86/7644"	0.00194036121289187	0.0224023521852061	0.0187908664827423	"COL23A1/LOXL2/MMP7/PCOLCE2/COL4A4/COL4A3/LAMB3/LAMC2/COL4A5/COL7A1/ADAMTS14"	11
"M1"	"Cell-Cell communication"	"Cell-Cell communication"	"14/354"	"130/7644"	0.00266812914324878	0.0302546786779103	0.0253773185429301	"CDH6/CLDN2/CDH1/CDH2/CLDN7/CLDN3/MAPK12/CLDN10/DSCAML1/LAMB3/CDH4/LAMC2/CADM3/NTN1"	14
"M1"	"Regulation of beta-cell development"	"Regulation of beta-cell development"	"6/354"	"32/7644"	0.00307883334475754	0.0342992837530007	0.0287698923812985	"HNF1B/HNF4A/HNF4G/SLC2A2/HNF1A/PKLR"	6
"M1"	"Assembly of collagen fibrils and other multimeric structures"	"Assembly of collagen fibrils and other multimeric structures"	"8/354"	"54/7644"	0.00314209944655107	0.0344005715268954	0.0288548515418302	"LOXL2/MMP7/COL4A4/COL4A3/LAMB3/LAMC2/COL4A5/COL7A1"	8
"M1"	"Regulation of Complement cascade"	"Regulation of Complement cascade"	"5/354"	"23/7644"	0.00349152280575094	0.0375782539263025	0.0315202594060655	"C3/C4A/C4B/CFB/C6"	5
"M1"	"HDL-mediated lipid transport"	"HDL-mediated lipid transport"	"4/354"	"15/7644"	0.00410986077171311	0.042782976885866	0.035885928394941	"CUBN/SCARB1/PLTP/AMN"	4
"M1"	"Recycling of bile acids and salts"	"Recycling of bile acids and salts"	"4/354"	"15/7644"	0.00410986077171311	0.042782976885866	0.035885928394941	"ABCC3/NR1H4/FABP6/SLC10A2"	4
"M1"	"Fatty acid, triacylglycerol, and ketone body metabolism"	"Fatty acid, triacylglycerol, and ketone body metabolism"	"17/354"	"181/7644"	0.00422092670414434	0.0432304589859945	0.0362612718556373	"ANGPTL4/PLIN2/AGT/ELOVL7/TRIB3/FHL2/NR1H4/ACADL/GPD1/OXCT1/PPARGC1A/UGT1A9/G0S2/CYP4A11/HMGCS2/BDH1/ABCB4"	17
"M1"	"PPARA activates gene expression"	"PPARA activates gene expression"	"12/354"	"111/7644"	0.00509666827866636	0.0506949058278698	0.0425223743869077	"ANGPTL4/PLIN2/AGT/TRIB3/FHL2/NR1H4/PPARGC1A/UGT1A9/G0S2/CYP4A11/HMGCS2/ABCB4"	12
"M1"	"Basigin interactions"	"Basigin interactions"	"5/354"	"25/7644"	0.00510940783147034	0.0506949058278698	0.0425223743869077	"SLC7A5/SLC7A8/SLC7A9/SLC7A11/L1CAM"	5
"M1"	"Regulation of lipid metabolism by Peroxisome proliferator-activated receptor alpha (PPARalpha)"	"Regulation of lipid metabolism by Peroxisome proliferator-activated receptor alpha (PPARalpha)"	"12/354"	"114/7644"	0.00630699534715501	0.061614493006822	0.0516816136949058	"ANGPTL4/PLIN2/AGT/TRIB3/FHL2/NR1H4/PPARGC1A/UGT1A9/G0S2/CYP4A11/HMGCS2/ABCB4"	12
"M1"	"Lipid digestion, mobilization, and transport"	"Lipid digestion, mobilization, and transport"	"7/354"	"50/7644"	0.00770777216166159	0.0741581109493199	0.0622030735853392	"CUBN/SCARB1/PLTP/AMN/LIPC/LDLR/APOB"	7
"M1"	"O-glycosylation of TSR domain-containing proteins"	"O-glycosylation of TSR domain-containing proteins"	"6/354"	"39/7644"	0.00844542624714054	0.0800424726408096	0.0671388166701196	"SEMA5B/SPON2/SPON1/SBSPON/ADAMTSL1/ADAMTS14"	6
"M1"	"Creatine metabolism"	"Creatine metabolism"	"3/354"	"10/7644"	0.00926568321601912	0.0865251300319432	0.0725764041378587	"GATM/SLC6A12/CKMT2"	3
"M1"	"Scavenging by Class A Receptors"	"Scavenging by Class A Receptors"	"4/354"	"19/7644"	0.0100809671605684	0.0927741180718978	0.0778179921166685	"MASP1/COLEC11/APOB/COLEC12"	4
"M1"	"Retinoid metabolism and transport"	"Retinoid metabolism and transport"	"6/354"	"41/7644"	0.0107727167529243	0.0977239305443844	0.0819698447666117	"LRP2/GPC4/LDLR/RBP4/BCO1/APOB"	6
"M1"	"Adherens junctions interactions"	"Adherens junctions interactions"	"5/354"	"30/7644"	0.0113423025576688	0.10003280727944	0.0839065072248601	"CDH6/CDH1/CDH2/CDH4/CADM3"	5
"M1"	"Amine compound SLC transporters"	"Amine compound SLC transporters"	"5/354"	"30/7644"	0.0113423025576688	0.10003280727944	0.0839065072248601	"SLC22A2/SLC6A13/SLC6A3/SLC6A12/SLC6A19"	5
"M1"	"Neurotransmitter Release Cycle"	"Neurotransmitter Release Cycle"	"6/354"	"42/7644"	0.0120920974783198	0.105184683544288	0.0882278489405884	"SLC22A2/SLC6A13/MAOA/SLC1A1/SLC6A12/SNAP25"	6
"M1"	"DSCAM interactions"	"DSCAM interactions"	"3/354"	"11/7644"	0.0123085541082977	0.105620700794176	0.0885935758008341	"MAPK12/DSCAML1/NTN1"	3
"M1"	"L1CAM interactions"	"L1CAM interactions"	"10/354"	"97/7644"	0.0139501283577941	0.118111086762656	0.0990703852497375	"ANK3/ANK2/DNM1/LAMA1/ANK1/NCAM1/SPTBN2/SCN8A/RPS6KA6/L1CAM"	10
"M1"	"RA biosynthesis pathway"	"RA biosynthesis pathway"	"4/354"	"21/7644"	0.0144730280339384	0.120925957915144	0.101431470708765	"ALDH1A1/RDH13/ALDH1A3/ALDH1A2"	4
"M1"	"NCAM signaling for neurite out-growth"	"NCAM signaling for neurite out-growth"	"8/354"	"70/7644"	0.015047481936433	0.12409287051474	0.104087844973822	"COL4A4/GFRA1/COL4A3/CACNA1D/COL4A5/NCAM1/SPTBN2/NRTN"	8
"M1"	"Initial triggering of complement"	"Initial triggering of complement"	"7/354"	"57/7644"	0.0154954975487107	0.12421163099716	0.104187460065583	"C3/C1S/C1R/C4A/C4B/MASP1/CFB"	7
"M1"	"Bile salt and organic anion SLC transporters"	"Bile salt and organic anion SLC transporters"	"3/354"	"12/7644"	0.0158565990624194	0.12421163099716	0.104187460065583	"SLC47A1/SLC16A7/SLC13A1"	3
"M1"	"Pyrimidine catabolism"	"Pyrimidine catabolism"	"3/354"	"12/7644"	0.0158565990624194	0.12421163099716	0.104187460065583	"DPYS/AGXT2/UPB1"	3
"M1"	"Glycogen storage diseases"	"Glycogen storage diseases"	"20/354"	"258/7644"	0.0162355360201012	0.12421163099716	0.104187460065583	"KHK/HK2/SLC2A5/ALDOC/GPC4/PCK1/MGAM/FBP1/SLC2A2/ALDOB/SLC5A1/SLC5A9/DSEL/CHST9/CHST13/PKLR/B3GNT4/GXYLT2/B3GNT3/UST"	20
"M1"	"Metabolism of carbohydrates"	"Metabolism of carbohydrates"	"20/354"	"258/7644"	0.0162355360201012	0.12421163099716	0.104187460065583	"KHK/HK2/SLC2A5/ALDOC/GPC4/PCK1/MGAM/FBP1/SLC2A2/ALDOB/SLC5A1/SLC5A9/DSEL/CHST9/CHST13/PKLR/B3GNT4/GXYLT2/B3GNT3/UST"	20
"M1"	"Myoclonic epilepsy of Lafora"	"Myoclonic epilepsy of Lafora"	"20/354"	"258/7644"	0.0162355360201012	0.12421163099716	0.104187460065583	"KHK/HK2/SLC2A5/ALDOC/GPC4/PCK1/MGAM/FBP1/SLC2A2/ALDOB/SLC5A1/SLC5A9/DSEL/CHST9/CHST13/PKLR/B3GNT4/GXYLT2/B3GNT3/UST"	20
"M1"	"Axon guidance"	"Axon guidance"	"24/354"	"327/7644"	0.0166790140108169	0.126085403534151	0.105759161522222	"ABLIM3/ANK3/ANK2/EPHA7/DNM1/LAMA1/COL4A4/GFRA1/COL4A3/EFNA5/MYH14/CACNA1D/SLIT2/NGEF/COL4A5/ANK1/NCAM1/NTN1/SPTBN2/PLXNB3/SCN8A/RPS6KA6/L1CAM/NRTN"	24
"M1"	"Intrinsic Pathway"	"Intrinsic Pathway"	"4/354"	"22/7644"	0.017058467981095	0.127436790211709	0.106892691002279	"SERPINE2/F12/KLKB1/SERPINA5"	4
"M1"	"Post-translational protein modification"	"Post-translational protein modification"	"21/354"	"278/7644"	0.0182156338337846	0.134499156795968	0.112816532679254	"GALNT14/SEMA5B/MUC1/ARSE/SPON2/SPON1/SBSPON/MGAT3/MUC20/MAN1C1/GCNT3/GFPT2/GCNT4/GALNT9/B3GNT4/B3GNT3/ADAMTSL1/GALNT3/ADAMTS14/B3GNT8/MUC4"	21
"M1"	"Class B/2 (Secretin family receptors)"	"Class B/2 (Secretin family receptors)"	"9/354"	"87/7644"	0.0188004971647704	0.137222019535968	0.115100442412267	"ADM2/PTH1R/PTH2R/PTHLH/SHH/WNT5A/SCTR/WNT9A/WNT3"	9
"M1"	"FGFR ligand binding and activation"	"FGFR ligand binding and activation"	"4/354"	"23/7644"	0.0199146669653779	0.142114720153959	0.119204390216168	"FGFR4/KL/FGFR3/FGFR2"	4
"M1"	"Dissolution of Fibrin Clot"	"Dissolution of Fibrin Clot"	"3/354"	"13/7644"	0.0199184410924447	0.142114720153959	0.119204390216168	"SERPINF2/SERPINE1/SERPINE2"	3
"M1"	"Extracellular matrix organization"	"Extracellular matrix organization"	"20/354"	"266/7644"	0.0218660026585921	0.153912933660668	0.129100612403312	"VCAM1/SERPINE1/COL23A1/ITGB8/CDH1/LOXL2/MMP7/MMP24/LAMA1/PCOLCE2/COL4A4/COL4A3/LAMB3/ITGB6/LAMC2/COL4A5/NCAM1/COL7A1/KLKB1/ADAMTS14"	20
"M1"	"Complement cascade"	"Complement cascade"	"8/354"	"75/7644"	0.0220568141151508	0.153912933660668	0.129100612403312	"C3/C1S/C1R/C4A/C4B/MASP1/CFB/C6"	8
"M1"	"Synthesis of bile acids and bile salts via 7alpha-hydroxycholesterol"	"Synthesis of bile acids and bile salts via 7alpha-hydroxycholesterol"	"4/354"	"24/7644"	0.0230484468153884	0.159084388345344	0.133438376299617	"NR1H4/SLC27A2/AKR1C2/CYP8B1"	4
"M1"	"Transmission across Chemical Synapses"	"Transmission across Chemical Synapses"	"16/354"	"201/7644"	0.0239089138057766	0.161796811022819	0.135713529013753	"KCNJ16/SLC22A2/SLC6A13/KCNJ15/MAOA/SLC6A3/SLC1A1/SLC6A12/CACNA2D1/NEFL/KCNJ3/GABRB3/SNAP25/GRIA4/CACNA1E/RPS6KA6"	16
"M1"	"ABC-family proteins mediated transport"	"ABC-family proteins mediated transport"	"5/354"	"36/7644"	0.0239510239939292	0.161796811022819	0.135713529013753	"ABCC3/ABCB1/ABCC6/ABCC2/ABCA12"	5
"M1"	"Synthesis of bile acids and bile salts via 24-hydroxycholesterol"	"Synthesis of bile acids and bile salts via 24-hydroxycholesterol"	"3/354"	"14/7644"	0.0244979997076814	0.163749787519765	0.1373516659511	"SLC27A2/AKR1C2/CYP8B1"	3
"M1"	"Arachidonic acid metabolism"	"Arachidonic acid metabolism"	"6/354"	"50/7644"	0.0269352062531551	0.176328412069623	0.147902489029804	"GGT1/CYP2J2/CYP4A11/DPEP1/PTGES/CYP8B1"	6
"M1"	"Chondroitin sulfate/dermatan sulfate metabolism"	"Chondroitin sulfate/dermatan sulfate metabolism"	"6/354"	"50/7644"	0.0269352062531551	0.176328412069623	0.147902489029804	"GPC4/DSEL/CHST9/CHST13/GXYLT2/UST"	6
"M1"	"Collagen biosynthesis and modifying enzymes"	"Collagen biosynthesis and modifying enzymes"	"7/354"	"64/7644"	0.0277002058154325	0.179486027477547	0.150551064904499	"COL23A1/PCOLCE2/COL4A4/COL4A3/COL4A5/COL7A1/ADAMTS14"	7
"M1"	"Synthesis of bile acids and bile salts via 27-hydroxycholesterol"	"Synthesis of bile acids and bile salts via 27-hydroxycholesterol"	"3/354"	"15/7644"	0.0295950344416734	0.189682316483711	0.159103609019076	"NR1H4/AKR1C2/CYP8B1"	3
"M1"	"WNT ligand biogenesis and trafficking"	"WNT ligand biogenesis and trafficking"	"4/354"	"26/7644"	0.0301699432517398	0.189682316483711	0.159103609019076	"WNT5A/WNT9A/WNT3/WNT5B"	4
"M1"	"WNT ligand secretion is abrogated by the PORCN inhibitor LGK974"	"WNT ligand secretion is abrogated by the PORCN inhibitor LGK974"	"4/354"	"26/7644"	0.0301699432517398	0.189682316483711	0.159103609019076	"WNT5A/WNT9A/WNT3/WNT5B"	4
"M1"	"Integrin cell surface interactions"	"Integrin cell surface interactions"	"7/354"	"66/7644"	0.0321277078308581	0.200010730123479	0.167766977940291	"VCAM1/COL23A1/ITGB8/CDH1/COL4A4/COL4A3/ITGB6"	7
"M1"	"Formation of Fibrin Clot (Clotting Cascade)"	"Formation of Fibrin Clot (Clotting Cascade)"	"5/354"	"39/7644"	0.0327038753285314	0.201620978967159	0.169117638387704	"TFPI/SERPINE2/F12/KLKB1/SERPINA5"	5
"M1"	"Synthesis of bile acids and bile salts"	"Synthesis of bile acids and bile salts"	"4/354"	"27/7644"	0.0341652796853422	0.208605313463388	0.174976027538291	"NR1H4/SLC27A2/AKR1C2/CYP8B1"	4
"M1"	"Neuronal System"	"Neuronal System"	"20/354"	"280/7644"	0.0352008420502745	0.21288128287547	0.178562667442997	"KCNJ16/SLC22A2/SLC6A13/KCNJ15/MAOA/SLC6A3/SLC1A1/KCNK3/KCNMA1/SLC6A12/CACNA2D1/NEFL/KCNJ3/KCNC3/GABRB3/SNAP25/GRIA4/KCND3/CACNA1E/RPS6KA6"	20
"M1"	"Chylomicron-mediated lipid transport"	"Chylomicron-mediated lipid transport"	"3/354"	"17/7644"	0.0413227143040479	0.235965747235758	0.197925682720752	"LIPC/LDLR/APOB"	3
"M1"	"SHC-mediated cascade"	"SHC-mediated cascade"	"4/354"	"29/7644"	0.0430355893834518	0.235965747235758	0.197925682720752	"FGFR4/KL/FGFR3/FGFR2"	4
"M1"	"Defective AMN causes hereditary megaloblastic anemia 1"	"Defective AMN causes hereditary megaloblastic anemia 1"	"8/354"	"87/7644"	0.0476281718413316	0.235965747235758	0.197925682720752	"CUBN/AMN/QPRT/AOX1/PANK1/SLC23A1/MOCOS/CYP8B1"	8
"M1"	"Defective BTD causes biotidinase deficiency"	"Defective BTD causes biotidinase deficiency"	"8/354"	"87/7644"	0.0476281718413316	0.235965747235758	0.197925682720752	"CUBN/AMN/QPRT/AOX1/PANK1/SLC23A1/MOCOS/CYP8B1"	8
"M1"	"Defective CD320 causes methylmalonic aciduria"	"Defective CD320 causes methylmalonic aciduria"	"8/354"	"87/7644"	0.0476281718413316	0.235965747235758	0.197925682720752	"CUBN/AMN/QPRT/AOX1/PANK1/SLC23A1/MOCOS/CYP8B1"	8
"M1"	"Defective CUBN causes hereditary megaloblastic anemia 1"	"Defective CUBN causes hereditary megaloblastic anemia 1"	"8/354"	"87/7644"	0.0476281718413316	0.235965747235758	0.197925682720752	"CUBN/AMN/QPRT/AOX1/PANK1/SLC23A1/MOCOS/CYP8B1"	8
"M1"	"Defective GIF causes intrinsic factor deficiency"	"Defective GIF causes intrinsic factor deficiency"	"8/354"	"87/7644"	0.0476281718413316	0.235965747235758	0.197925682720752	"CUBN/AMN/QPRT/AOX1/PANK1/SLC23A1/MOCOS/CYP8B1"	8
"M1"	"Defective HLCS causes multiple carboxylase deficiency"	"Defective HLCS causes multiple carboxylase deficiency"	"8/354"	"87/7644"	0.0476281718413316	0.235965747235758	0.197925682720752	"CUBN/AMN/QPRT/AOX1/PANK1/SLC23A1/MOCOS/CYP8B1"	8
"M1"	"Defective LMBRD1 causes methylmalonic aciduria and homocystinuria type cblF"	"Defective LMBRD1 causes methylmalonic aciduria and homocystinuria type cblF"	"8/354"	"87/7644"	0.0476281718413316	0.235965747235758	0.197925682720752	"CUBN/AMN/QPRT/AOX1/PANK1/SLC23A1/MOCOS/CYP8B1"	8
"M1"	"Defective MMAA causes methylmalonic aciduria type cblA"	"Defective MMAA causes methylmalonic aciduria type cblA"	"8/354"	"87/7644"	0.0476281718413316	0.235965747235758	0.197925682720752	"CUBN/AMN/QPRT/AOX1/PANK1/SLC23A1/MOCOS/CYP8B1"	8
"M1"	"Defective MMAB causes methylmalonic aciduria type cblB"	"Defective MMAB causes methylmalonic aciduria type cblB"	"8/354"	"87/7644"	0.0476281718413316	0.235965747235758	0.197925682720752	"CUBN/AMN/QPRT/AOX1/PANK1/SLC23A1/MOCOS/CYP8B1"	8
"M1"	"Defective MMACHC causes methylmalonic aciduria and homocystinuria type cblC"	"Defective MMACHC causes methylmalonic aciduria and homocystinuria type cblC"	"8/354"	"87/7644"	0.0476281718413316	0.235965747235758	0.197925682720752	"CUBN/AMN/QPRT/AOX1/PANK1/SLC23A1/MOCOS/CYP8B1"	8
"M1"	"Defective MMADHC causes methylmalonic aciduria and homocystinuria type cblD"	"Defective MMADHC causes methylmalonic aciduria and homocystinuria type cblD"	"8/354"	"87/7644"	0.0476281718413316	0.235965747235758	0.197925682720752	"CUBN/AMN/QPRT/AOX1/PANK1/SLC23A1/MOCOS/CYP8B1"	8
"M1"	"Defective MTR causes methylmalonic aciduria and homocystinuria type cblG"	"Defective MTR causes methylmalonic aciduria and homocystinuria type cblG"	"8/354"	"87/7644"	0.0476281718413316	0.235965747235758	0.197925682720752	"CUBN/AMN/QPRT/AOX1/PANK1/SLC23A1/MOCOS/CYP8B1"	8
"M1"	"Defective MTRR causes methylmalonic aciduria and homocystinuria type cblE"	"Defective MTRR causes methylmalonic aciduria and homocystinuria type cblE"	"8/354"	"87/7644"	0.0476281718413316	0.235965747235758	0.197925682720752	"CUBN/AMN/QPRT/AOX1/PANK1/SLC23A1/MOCOS/CYP8B1"	8
"M1"	"Defective MUT causes methylmalonic aciduria mut type"	"Defective MUT causes methylmalonic aciduria mut type"	"8/354"	"87/7644"	0.0476281718413316	0.235965747235758	0.197925682720752	"CUBN/AMN/QPRT/AOX1/PANK1/SLC23A1/MOCOS/CYP8B1"	8
"M1"	"Defective TCN2 causes hereditary megaloblastic anemia"	"Defective TCN2 causes hereditary megaloblastic anemia"	"8/354"	"87/7644"	0.0476281718413316	0.235965747235758	0.197925682720752	"CUBN/AMN/QPRT/AOX1/PANK1/SLC23A1/MOCOS/CYP8B1"	8
"M1"	"Defects in biotin (Btn) metabolism"	"Defects in biotin (Btn) metabolism"	"8/354"	"87/7644"	0.0476281718413316	0.235965747235758	0.197925682720752	"CUBN/AMN/QPRT/AOX1/PANK1/SLC23A1/MOCOS/CYP8B1"	8
"M1"	"Defects in cobalamin (B12) metabolism"	"Defects in cobalamin (B12) metabolism"	"8/354"	"87/7644"	0.0476281718413316	0.235965747235758	0.197925682720752	"CUBN/AMN/QPRT/AOX1/PANK1/SLC23A1/MOCOS/CYP8B1"	8
"M1"	"Defects in vitamin and cofactor metabolism"	"Defects in vitamin and cofactor metabolism"	"8/354"	"87/7644"	0.0476281718413316	0.235965747235758	0.197925682720752	"CUBN/AMN/QPRT/AOX1/PANK1/SLC23A1/MOCOS/CYP8B1"	8
"M1"	"Metabolism of vitamins and cofactors"	"Metabolism of vitamins and cofactors"	"8/354"	"87/7644"	0.0476281718413316	0.235965747235758	0.197925682720752	"CUBN/AMN/QPRT/AOX1/PANK1/SLC23A1/MOCOS/CYP8B1"	8
"M1"	"Metabolism of water-soluble vitamins and cofactors"	"Metabolism of water-soluble vitamins and cofactors"	"8/354"	"87/7644"	0.0476281718413316	0.235965747235758	0.197925682720752	"CUBN/AMN/QPRT/AOX1/PANK1/SLC23A1/MOCOS/CYP8B1"	8
"M1"	"Tight junction interactions"	"Tight junction interactions"	"4/354"	"30/7644"	0.0479114796643415	0.235965747235758	0.197925682720752	"CLDN2/CLDN7/CLDN3/CLDN10"	4
"M1"	"Norepinephrine Neurotransmitter Release Cycle"	"Norepinephrine Neurotransmitter Release Cycle"	"3/354"	"18/7644"	0.0479363486510437	0.235965747235758	0.197925682720752	"SLC22A2/MAOA/SNAP25"	3
"M1"	"Gluconeogenesis"	"Gluconeogenesis"	"4/354"	"31/7644"	0.0530800969775339	0.259275858313339	0.217477968183256	"ALDOC/PCK1/FBP1/ALDOB"	4
"M1"	"GABA synthesis, release, reuptake and degradation"	"GABA synthesis, release, reuptake and degradation"	"3/354"	"19/7644"	0.0550342326805077	0.264748013273655	0.222067956430119	"SLC6A13/SLC6A12/SNAP25"	3
"M1"	"Glucuronidation"	"Glucuronidation"	"3/354"	"19/7644"	0.0550342326805077	0.264748013273655	0.222067956430119	"UGT2B7/UGT1A9/UGT1A6"	3
"M1"	"Hexose transport"	"Hexose transport"	"5/354"	"46/7644"	0.0600723615913849	0.286811651206988	0.240574712823433	"HK2/SLC2A5/SLC2A2/SLC5A1/SLC5A9"	5
"M1"	"Glutathione conjugation"	"Glutathione conjugation"	"4/354"	"33/7644"	0.0642864993059958	0.304641246711249	0.255529997241429	"GGT1/MGST1/GSTA1/GSTA2"	4
"M1"	"EPHA-mediated growth cone collapse"	"EPHA-mediated growth cone collapse"	"4/354"	"34/7644"	0.0703175794580581	0.329749337790137	0.276590410148047	"EPHA7/EFNA5/MYH14/NGEF"	4
"M1"	"Synthesis of Leukotrienes (LT) and Eoxins (EX)"	"Synthesis of Leukotrienes (LT) and Eoxins (EX)"	"3/354"	"21/7644"	0.0706234802196198	0.329749337790137	0.276590410148047	"GGT1/CYP4A11/DPEP1"	3
"M1"	"Activation of PPARGC1A (PGC-1alpha) by phosphorylation"	"Activation of PPARGC1A (PGC-1alpha) by phosphorylation"	"2/354"	"10/7644"	0.0752579456923113	0.346295619671143	0.290469264075588	"PPARGC1A/MAPK12"	2
"M1"	"Ethanol oxidation"	"Ethanol oxidation"	"2/354"	"10/7644"	0.0752579456923113	0.346295619671143	0.290469264075588	"ALDH1A1/ADH6"	2
"M1"	"Orphan transporters"	"Orphan transporters"	"9/354"	"114/7644"	0.0813948661568506	0.371839856184173	0.311895511362108	"NR1H4/SLC5A1/SLC5A9/FABP6/GABRB3/TUBB4A/APOB/SLC10A2/ANO4"	9
"M1"	"Nuclear Receptor transcription pathway"	"Nuclear Receptor transcription pathway"	"5/354"	"51/7644"	0.0856819943658777	0.3818902138699	0.320325649760745	"HNF4A/AR/NR1H4/HNF4G/ESRRG"	5
"M1"	"Laminin interactions"	"Laminin interactions"	"3/354"	"23/7644"	0.0879560807458039	0.3818902138699	0.320325649760745	"LAMA1/LAMB3/LAMC2"	3
"M1"	"Peptide hormone metabolism"	"Peptide hormone metabolism"	"7/354"	"83/7644"	0.0889817898056846	0.3818902138699	0.320325649760745	"ENPEP/ANPEP/DPP4/MME/AGT/ACE2/REN"	7
"M1"	"Apoptotic cleavage of cell adhesion  proteins"	"Apoptotic cleavage of cell adhesion  proteins"	"2/354"	"11/7644"	0.0892466993776476	0.3818902138699	0.320325649760745	"CDH1/DSP"	2
"M1"	"Dermatan sulfate biosynthesis"	"Dermatan sulfate biosynthesis"	"2/354"	"11/7644"	0.0892466993776476	0.3818902138699	0.320325649760745	"DSEL/UST"	2
"M1"	"Facilitative Na+-independent glucose transporters"	"Facilitative Na+-independent glucose transporters"	"2/354"	"11/7644"	0.0892466993776476	0.3818902138699	0.320325649760745	"SLC2A5/SLC2A2"	2
"M1"	"Nicotinate metabolism"	"Nicotinate metabolism"	"2/354"	"11/7644"	0.0892466993776476	0.3818902138699	0.320325649760745	"QPRT/CYP8B1"	2
"M1"	"Tryptophan catabolism"	"Tryptophan catabolism"	"2/354"	"11/7644"	0.0892466993776476	0.3818902138699	0.320325649760745	"ACMSD/KMO"	2
"M1"	"PI3K/AKT Signaling in Cancer"	"PI3K/AKT Signaling in Cancer"	"8/354"	"100/7644"	0.0914130905641337	0.3818902138699	0.320325649760745	"ERBB3/FGFR4/KL/TRIB3/FGFR3/FGFR2/IRS2/NRG1"	8
"M1"	"PI-3K cascade"	"PI-3K cascade"	"8/354"	"100/7644"	0.0914130905641337	0.3818902138699	0.320325649760745	"ERBB3/FGFR4/KL/TRIB3/FGFR3/FGFR2/IRS2/NRG1"	8
"M1"	"PI3K events in ERBB2 signaling"	"PI3K events in ERBB2 signaling"	"8/354"	"100/7644"	0.0914130905641337	0.3818902138699	0.320325649760745	"ERBB3/FGFR4/KL/TRIB3/FGFR3/FGFR2/IRS2/NRG1"	8
"M1"	"PI3K events in ERBB4 signaling"	"PI3K events in ERBB4 signaling"	"8/354"	"100/7644"	0.0914130905641337	0.3818902138699	0.320325649760745	"ERBB3/FGFR4/KL/TRIB3/FGFR3/FGFR2/IRS2/NRG1"	8
"M1"	"PIP3 activates AKT signaling"	"PIP3 activates AKT signaling"	"8/354"	"100/7644"	0.0914130905641337	0.3818902138699	0.320325649760745	"ERBB3/FGFR4/KL/TRIB3/FGFR3/FGFR2/IRS2/NRG1"	8
"M1"	"PI3K Cascade"	"PI3K Cascade"	"6/354"	"68/7644"	0.0938758567197343	0.389615483771446	0.326805528037052	"FGFR4/KL/TRIB3/FGFR3/FGFR2/IRS2"	6
"M1"	"Pyrimidine metabolism"	"Pyrimidine metabolism"	"3/354"	"24/7644"	0.0972285998787205	0.400910135863555	0.33627936800159	"DPYS/AGXT2/UPB1"	3
"M1"	"Constitutive PI3K/AKT Signaling in Cancer"	"Constitutive PI3K/AKT Signaling in Cancer"	"7/354"	"86/7644"	0.102714822500229	0.418003766036577	0.350617332141745	"ERBB3/FGFR4/KL/FGFR3/FGFR2/IRS2/NRG1"	7
"M1"	"Depolarization of the Presynaptic Terminal Triggers the Opening of Calcium Channels"	"Depolarization of the Presynaptic Terminal Triggers the Opening of Calcium Channels"	"2/354"	"12/7644"	0.103924719440693	0.418003766036577	0.350617332141745	"CACNA2D1/CACNA1E"	2
"M1"	"Eicosanoids"	"Eicosanoids"	"2/354"	"12/7644"	0.103924719440693	0.418003766036577	0.350617332141745	"CYP4A11/CYP8B1"	2
"M1"	"PI3K/AKT activation"	"PI3K/AKT activation"	"8/354"	"103/7644"	0.104007236273668	0.418003766036577	0.350617332141745	"ERBB3/FGFR4/KL/TRIB3/FGFR3/FGFR2/IRS2/NRG1"	8
"M1"	"Activation of G protein gated Potassium channels"	"Activation of G protein gated Potassium channels"	"3/354"	"25/7644"	0.10687812623193	0.418935865168369	0.351399167468205	"KCNJ16/KCNJ15/KCNJ3"	3
"M1"	"G protein gated Potassium channels"	"G protein gated Potassium channels"	"3/354"	"25/7644"	0.10687812623193	0.418935865168369	0.351399167468205	"KCNJ16/KCNJ15/KCNJ3"	3
"M1"	"Inhibition  of voltage gated Ca2+ channels via Gbeta/gamma subunits"	"Inhibition  of voltage gated Ca2+ channels via Gbeta/gamma subunits"	"3/354"	"25/7644"	0.10687812623193	0.418935865168369	0.351399167468205	"KCNJ16/KCNJ15/KCNJ3"	3
"M1"	"TRP channels"	"TRP channels"	"3/354"	"25/7644"	0.10687812623193	0.418935865168369	0.351399167468205	"TRPV4/TRPM3/TRPA1"	3
"M1"	"GAB1 signalosome"	"GAB1 signalosome"	"8/354"	"104/7644"	0.108409906684039	0.422333072051319	0.354248710249428	"ERBB3/FGFR4/KL/TRIB3/FGFR3/FGFR2/IRS2/NRG1"	8
"M1"	"Negative regulation of FGFR signaling"	"Negative regulation of FGFR signaling"	"4/354"	"40/7644"	0.112163840977501	0.434292920858006	0.364280510491754	"FGFR4/KL/FGFR3/FGFR2"	4
"M1"	"Termination of O-glycan biosynthesis"	"Termination of O-glycan biosynthesis"	"3/354"	"26/7644"	0.116883541403259	0.449594142995719	0.377115020896533	"MUC1/MUC20/MUC4"	3
"M1"	"Degradation of the extracellular matrix"	"Degradation of the extracellular matrix"	"7/354"	"89/7644"	0.117531697224078	0.449594142995719	0.377115020896533	"COL23A1/CDH1/MMP7/MMP24/LAMB3/LAMC2/KLKB1"	7
"M1"	"Downregulation of ERBB2:ERBB3 signaling"	"Downregulation of ERBB2:ERBB3 signaling"	"2/354"	"13/7644"	0.119198588231284	0.453240140879433	0.380173247053449	"ERBB3/NRG1"	2
"M1"	"Signaling by Retinoic Acid"	"Signaling by Retinoic Acid"	"4/354"	"41/7644"	0.12001770938893	0.453638365845061	0.380507274127809	"ALDH1A1/RDH13/ALDH1A3/ALDH1A2"	4
"M1"	"Glycolysis"	"Glycolysis"	"3/354"	"27/7644"	0.127223324117999	0.475216534205468	0.398606823552369	"ALDOC/ALDOB/PKLR"	3
"M1"	"Recycling pathway of L1"	"Recycling pathway of L1"	"3/354"	"27/7644"	0.127223324117999	0.475216534205468	0.398606823552369	"DNM1/RPS6KA6/L1CAM"	3
"M1"	"Diseases associated with visual transduction"	"Diseases associated with visual transduction"	"7/354"	"92/7644"	0.133396456836683	0.492481105181941	0.413088171109924	"LRP2/GPC4/LDLR/RBP4/BCO1/APOB/RGS9"	7
"M1"	"Visual phototransduction"	"Visual phototransduction"	"7/354"	"92/7644"	0.133396456836683	0.492481105181941	0.413088171109924	"LRP2/GPC4/LDLR/RBP4/BCO1/APOB/RGS9"	7
"M1"	"DCC mediated attractive signaling"	"DCC mediated attractive signaling"	"2/354"	"14/7644"	0.134982019651884	0.492606795856015	0.413193599176367	"ABLIM3/NTN1"	2
"M1"	"Synthesis of Prostaglandins (PG) and Thromboxanes (TX)"	"Synthesis of Prostaglandins (PG) and Thromboxanes (TX)"	"2/354"	"14/7644"	0.134982019651884	0.492606795856015	0.413193599176367	"PTGES/CYP8B1"	2
"M1"	"Gap junction trafficking"	"Gap junction trafficking"	"3/354"	"28/7644"	0.13787570302068	0.50029183667504	0.419639733705048	"DNM1/GJB2/GJB1"	3
"M1"	"Cytochrome P450 - arranged by substrate type"	"Cytochrome P450 - arranged by substrate type"	"5/354"	"60/7644"	0.143700151765055	0.518463615743238	0.434882038236351	"CYP2J2/NR1H4/CYP3A5/CYP4A11/CYP8B1"	5
"M1"	"FRS2-mediated cascade"	"FRS2-mediated cascade"	"4/354"	"44/7644"	0.144922977581928	0.519921416748724	0.436104826978623	"FGFR4/KL/FGFR3/FGFR2"	4
"M1"	"CDO in myogenesis"	"CDO in myogenesis"	"3/354"	"29/7644"	0.148818793055745	0.527932589890492	0.442824518001805	"CDH2/MAPK12/CDH4"	3
"M1"	"Myogenesis"	"Myogenesis"	"3/354"	"29/7644"	0.148818793055745	0.527932589890492	0.442824518001805	"CDH2/MAPK12/CDH4"	3
"M1"	"Fatty acids"	"Fatty acids"	"2/354"	"15/7644"	0.151195401991917	0.530436907540702	0.444925114323407	"CYP2J2/CYP4A11"	2
"M1"	"negative regulation of TCF-dependent signaling by WNT ligand antagonists"	"negative regulation of TCF-dependent signaling by WNT ligand antagonists"	"2/354"	"15/7644"	0.151195401991917	0.530436907540702	0.444925114323407	"WNT5A/WNT9A"	2
"M1"	"Gap junction trafficking and regulation"	"Gap junction trafficking and regulation"	"3/354"	"30/7644"	0.160030716765901	0.558348929375534	0.46833743599506	"DNM1/GJB2/GJB1"	3
"M1"	"Amino acid synthesis and interconversion (transamination)"	"Amino acid synthesis and interconversion (transamination)"	"2/354"	"16/7644"	0.167765367624243	0.582136658149696	0.488290342351838	"GPT/PYCR1"	2
"M1"	"Inwardly rectifying K+ channels"	"Inwardly rectifying K+ channels"	"3/354"	"31/7644"	0.171489711743226	0.589497680721004	0.494464693650772	"KCNJ16/KCNJ15/KCNJ3"	3
"M1"	"Cell surface interactions at the vascular wall"	"Cell surface interactions at the vascular wall"	"7/354"	"99/7644"	0.174211381206786	0.589497680721004	0.494464693650772	"SLC7A5/SLC7A8/CXADR/SLC7A9/APOB/SLC7A11/L1CAM"	7
"M1"	"Potassium Channels"	"Potassium Channels"	"7/354"	"99/7644"	0.174211381206786	0.589497680721004	0.494464693650772	"KCNJ16/KCNJ15/KCNK3/KCNMA1/KCNJ3/KCNC3/KCND3"	7
"M1"	"Activation of Matrix Metalloproteinases"	"Activation of Matrix Metalloproteinases"	"3/354"	"32/7644"	0.18317422538045	0.589497680721004	0.494464693650772	"MMP7/MMP24/KLKB1"	3
"M1"	"Unblocking of NMDA receptor, glutamate binding and activation"	"Unblocking of NMDA receptor, glutamate binding and activation"	"2/354"	"17/7644"	0.184624388066936	0.589497680721004	0.494464693650772	"NEFL/GRIA4"	2
"M1"	"Defective B3GAT3 causes JDSSDHD"	"Defective B3GAT3 causes JDSSDHD"	"8/354"	"121/7644"	0.197737017312715	0.589497680721004	0.494464693650772	"GPC4/DSEL/CHST9/CHST13/B3GNT4/GXYLT2/B3GNT3/UST"	8
"M1"	"Defective B4GALT1 causes B4GALT1-CDG (CDG-2d)"	"Defective B4GALT1 causes B4GALT1-CDG (CDG-2d)"	"8/354"	"121/7644"	0.197737017312715	0.589497680721004	0.494464693650772	"GPC4/DSEL/CHST9/CHST13/B3GNT4/GXYLT2/B3GNT3/UST"	8
"M1"	"Defective B4GALT7 causes EDS, progeroid type"	"Defective B4GALT7 causes EDS, progeroid type"	"8/354"	"121/7644"	0.197737017312715	0.589497680721004	0.494464693650772	"GPC4/DSEL/CHST9/CHST13/B3GNT4/GXYLT2/B3GNT3/UST"	8
"M1"	"Defective CHST14 causes EDS, musculocontractural type"	"Defective CHST14 causes EDS, musculocontractural type"	"8/354"	"121/7644"	0.197737017312715	0.589497680721004	0.494464693650772	"GPC4/DSEL/CHST9/CHST13/B3GNT4/GXYLT2/B3GNT3/UST"	8
"M1"	"Defective CHST3 causes SEDCJD"	"Defective CHST3 causes SEDCJD"	"8/354"	"121/7644"	0.197737017312715	0.589497680721004	0.494464693650772	"GPC4/DSEL/CHST9/CHST13/B3GNT4/GXYLT2/B3GNT3/UST"	8
"M1"	"Defective CHST6 causes MCDC1"	"Defective CHST6 causes MCDC1"	"8/354"	"121/7644"	0.197737017312715	0.589497680721004	0.494464693650772	"GPC4/DSEL/CHST9/CHST13/B3GNT4/GXYLT2/B3GNT3/UST"	8
"M1"	"Defective CHSY1 causes TPBS"	"Defective CHSY1 causes TPBS"	"8/354"	"121/7644"	0.197737017312715	0.589497680721004	0.494464693650772	"GPC4/DSEL/CHST9/CHST13/B3GNT4/GXYLT2/B3GNT3/UST"	8
"M1"	"Defective EXT1 causes exostoses 1, TRPS2 and CHDS"	"Defective EXT1 causes exostoses 1, TRPS2 and CHDS"	"8/354"	"121/7644"	0.197737017312715	0.589497680721004	0.494464693650772	"GPC4/DSEL/CHST9/CHST13/B3GNT4/GXYLT2/B3GNT3/UST"	8
"M1"	"Defective EXT2 causes exostoses 2"	"Defective EXT2 causes exostoses 2"	"8/354"	"121/7644"	0.197737017312715	0.589497680721004	0.494464693650772	"GPC4/DSEL/CHST9/CHST13/B3GNT4/GXYLT2/B3GNT3/UST"	8
"M1"	"Defective PAPSS2 causes SEMD-PA"	"Defective PAPSS2 causes SEMD-PA"	"8/354"	"121/7644"	0.197737017312715	0.589497680721004	0.494464693650772	"GPC4/DSEL/CHST9/CHST13/B3GNT4/GXYLT2/B3GNT3/UST"	8
"M1"	"Defective SLC26A2 causes chondrodysplasias"	"Defective SLC26A2 causes chondrodysplasias"	"8/354"	"121/7644"	0.197737017312715	0.589497680721004	0.494464693650772	"GPC4/DSEL/CHST9/CHST13/B3GNT4/GXYLT2/B3GNT3/UST"	8
"M1"	"Diseases associated with glycosaminoglycan metabolism"	"Diseases associated with glycosaminoglycan metabolism"	"8/354"	"121/7644"	0.197737017312715	0.589497680721004	0.494464693650772	"GPC4/DSEL/CHST9/CHST13/B3GNT4/GXYLT2/B3GNT3/UST"	8
"M1"	"Glycosaminoglycan metabolism"	"Glycosaminoglycan metabolism"	"8/354"	"121/7644"	0.197737017312715	0.589497680721004	0.494464693650772	"GPC4/DSEL/CHST9/CHST13/B3GNT4/GXYLT2/B3GNT3/UST"	8
"M1"	"MPS I - Hurler syndrome"	"MPS I - Hurler syndrome"	"8/354"	"121/7644"	0.197737017312715	0.589497680721004	0.494464693650772	"GPC4/DSEL/CHST9/CHST13/B3GNT4/GXYLT2/B3GNT3/UST"	8
"M1"	"MPS II - Hunter syndrome"	"MPS II - Hunter syndrome"	"8/354"	"121/7644"	0.197737017312715	0.589497680721004	0.494464693650772	"GPC4/DSEL/CHST9/CHST13/B3GNT4/GXYLT2/B3GNT3/UST"	8
"M1"	"MPS IIIA - Sanfilippo syndrome A"	"MPS IIIA - Sanfilippo syndrome A"	"8/354"	"121/7644"	0.197737017312715	0.589497680721004	0.494464693650772	"GPC4/DSEL/CHST9/CHST13/B3GNT4/GXYLT2/B3GNT3/UST"	8
"M1"	"MPS IIIB - Sanfilippo syndrome B"	"MPS IIIB - Sanfilippo syndrome B"	"8/354"	"121/7644"	0.197737017312715	0.589497680721004	0.494464693650772	"GPC4/DSEL/CHST9/CHST13/B3GNT4/GXYLT2/B3GNT3/UST"	8
"M1"	"MPS IIIC - Sanfilippo syndrome C"	"MPS IIIC - Sanfilippo syndrome C"	"8/354"	"121/7644"	0.197737017312715	0.589497680721004	0.494464693650772	"GPC4/DSEL/CHST9/CHST13/B3GNT4/GXYLT2/B3GNT3/UST"	8
"M1"	"MPS IIID - Sanfilippo syndrome D"	"MPS IIID - Sanfilippo syndrome D"	"8/354"	"121/7644"	0.197737017312715	0.589497680721004	0.494464693650772	"GPC4/DSEL/CHST9/CHST13/B3GNT4/GXYLT2/B3GNT3/UST"	8
"M1"	"MPS IV - Morquio syndrome A"	"MPS IV - Morquio syndrome A"	"8/354"	"121/7644"	0.197737017312715	0.589497680721004	0.494464693650772	"GPC4/DSEL/CHST9/CHST13/B3GNT4/GXYLT2/B3GNT3/UST"	8
"M1"	"MPS IV - Morquio syndrome B"	"MPS IV - Morquio syndrome B"	"8/354"	"121/7644"	0.197737017312715	0.589497680721004	0.494464693650772	"GPC4/DSEL/CHST9/CHST13/B3GNT4/GXYLT2/B3GNT3/UST"	8
"M1"	"MPS IX - Natowicz syndrome"	"MPS IX - Natowicz syndrome"	"8/354"	"121/7644"	0.197737017312715	0.589497680721004	0.494464693650772	"GPC4/DSEL/CHST9/CHST13/B3GNT4/GXYLT2/B3GNT3/UST"	8
"M1"	"MPS VII - Sly syndrome"	"MPS VII - Sly syndrome"	"8/354"	"121/7644"	0.197737017312715	0.589497680721004	0.494464693650772	"GPC4/DSEL/CHST9/CHST13/B3GNT4/GXYLT2/B3GNT3/UST"	8
"M1"	"MPS VI - Maroteaux-Lamy syndrome"	"MPS VI - Maroteaux-Lamy syndrome"	"8/354"	"121/7644"	0.197737017312715	0.589497680721004	0.494464693650772	"GPC4/DSEL/CHST9/CHST13/B3GNT4/GXYLT2/B3GNT3/UST"	8
"M1"	"Mucopolysaccharidoses"	"Mucopolysaccharidoses"	"8/354"	"121/7644"	0.197737017312715	0.589497680721004	0.494464693650772	"GPC4/DSEL/CHST9/CHST13/B3GNT4/GXYLT2/B3GNT3/UST"	8
"M1"	"IRS-mediated signalling"	"IRS-mediated signalling"	"6/354"	"85/7644"	0.200095681219811	0.593741857825139	0.498024666489052	"FGFR4/KL/TRIB3/FGFR3/FGFR2/IRS2"	6
"M1"	"cGMP effects"	"cGMP effects"	"2/354"	"18/7644"	0.201710392993922	0.595749300237864	0.4997084888858	"KCNMA1/PDE10A"	2
"M1"	"Integration of energy metabolism"	"Integration of energy metabolism"	"7/354"	"104/7644"	0.206272954812329	0.606404288452911	0.508645785258472	"SLC2A2/MLXIPL/PKLR/CACNA1D/ADRA2C/SNAP25/CACNA1E"	7
"M1"	"Aquaporin-mediated transport"	"Aquaporin-mediated transport"	"4/354"	"51/7644"	0.209646015613059	0.613480276102729	0.514581052147502	"AQP1/AQP3/AQP7/AQP9"	4
"M1"	"Glucose metabolism"	"Glucose metabolism"	"5/354"	"69/7644"	0.214408887687425	0.624539649915205	0.523857543070193	"ALDOC/PCK1/FBP1/ALDOB/PKLR"	5
"M1"	"Gap junction assembly"	"Gap junction assembly"	"2/354"	"19/7644"	0.218966411854324	0.633557317567861	0.531421471511542	"GJB2/GJB1"	2
"M1"	"Apoptotic execution  phase"	"Apoptotic execution  phase"	"4/354"	"52/7644"	0.219500173015637	0.633557317567861	0.531421471511542	"CDH1/DSP/MAPT/HIST1H1C"	4
"M1"	"IRS-related events"	"IRS-related events"	"6/354"	"88/7644"	0.222283601527553	0.638688176334825	0.535725183962572	"FGFR4/KL/TRIB3/FGFR3/FGFR2/IRS2"	6
"M1"	"IRS-related events triggered by IGF1R"	"IRS-related events triggered by IGF1R"	"6/354"	"89/7644"	0.229856028344672	0.65657695567835	0.550730111186481	"FGFR4/KL/TRIB3/FGFR3/FGFR2/IRS2"	6
"M1"	"Defective ACTH causes Obesity and Pro-opiomelanocortinin deficiency (POMCD)"	"Defective ACTH causes Obesity and Pro-opiomelanocortinin deficiency (POMCD)"	"24/354"	"441/7644"	0.231611398538504	0.65657695567835	0.550730111186481	"C3/AGT/CCL2/ADM2/F2RL1/GPER1/CCL28/PTH1R/NMB/PTH2R/PTHLH/BDKRB2/HRH2/QRFPR/SHH/LPAR1/ADRA2C/WNT5A/EDN2/KISS1R/GRM8/SCTR/WNT9A/WNT3"	24
"M1"	"GPCR ligand binding"	"GPCR ligand binding"	"24/354"	"441/7644"	0.231611398538504	0.65657695567835	0.550730111186481	"C3/AGT/CCL2/ADM2/F2RL1/GPER1/CCL28/PTH1R/NMB/PTH2R/PTHLH/BDKRB2/HRH2/QRFPR/SHH/LPAR1/ADRA2C/WNT5A/EDN2/KISS1R/GRM8/SCTR/WNT9A/WNT3"	24
"M1"	"Signaling by PDGF"	"Signaling by PDGF"	"11/354"	"184/7644"	0.232934237774479	0.65739218216353	0.551413914918767	"ERBB3/FGFR4/KL/TRIB3/FGFR3/FGFR2/IRS2/COL4A4/COL4A3/NRG1/COL4A5"	11
"M1"	"Chondroitin sulfate biosynthesis"	"Chondroitin sulfate biosynthesis"	"2/354"	"20/7644"	0.236340236832556	0.658228291178391	0.552115234705786	"CHST9/CHST13"	2
"M1"	"Cobalamin (Cbl, vitamin B12) transport and metabolism"	"Cobalamin (Cbl, vitamin B12) transport and metabolism"	"2/354"	"20/7644"	0.236340236832556	0.658228291178391	0.552115234705786	"CUBN/AMN"	2
"M1"	"Xenobiotics"	"Xenobiotics"	"2/354"	"20/7644"	0.236340236832556	0.658228291178391	0.552115234705786	"CYP2J2/CYP3A5"	2
"M1"	"Phospholipase C-mediated cascade"	"Phospholipase C-mediated cascade"	"4/354"	"54/7644"	0.239561905384682	0.664287379560145	0.557197536771543	"FGFR4/KL/FGFR3/FGFR2"	4
"M1"	"ECM proteoglycans"	"ECM proteoglycans"	"4/354"	"55/7644"	0.249749106383199	0.682851302025695	0.572768767219232	"SERPINE1/LAMA1/ITGB6/NCAM1"	4
"M1"	"GABA receptor activation"	"GABA receptor activation"	"4/354"	"55/7644"	0.249749106383199	0.682851302025695	0.572768767219232	"KCNJ16/KCNJ15/KCNJ3/GABRB3"	4
"M1"	"IGF1R signaling cascade"	"IGF1R signaling cascade"	"6/354"	"92/7644"	0.253043160573491	0.682851302025695	0.572768767219232	"FGFR4/KL/TRIB3/FGFR3/FGFR2/IRS2"	6
"M1"	"Insulin receptor signalling cascade"	"Insulin receptor signalling cascade"	"6/354"	"92/7644"	0.253043160573491	0.682851302025695	0.572768767219232	"FGFR4/KL/TRIB3/FGFR3/FGFR2/IRS2"	6
"M1"	"Signaling by Type 1 Insulin-like Growth Factor 1 Receptor (IGF1R)"	"Signaling by Type 1 Insulin-like Growth Factor 1 Receptor (IGF1R)"	"6/354"	"92/7644"	0.253043160573491	0.682851302025695	0.572768767219232	"FGFR4/KL/TRIB3/FGFR3/FGFR2/IRS2"	6
"M1"	"Glutamate Neurotransmitter Release Cycle"	"Glutamate Neurotransmitter Release Cycle"	"2/354"	"21/7644"	0.253784105949707	0.682851302025695	0.572768767219232	"SLC1A1/SNAP25"	2
"M1"	"Signal transduction by L1"	"Signal transduction by L1"	"2/354"	"21/7644"	0.253784105949707	0.682851302025695	0.572768767219232	"NCAM1/L1CAM"	2
"M1"	"Apoptotic cleavage of cellular proteins"	"Apoptotic cleavage of cellular proteins"	"3/354"	"38/7644"	0.256855504978586	0.685307754879842	0.574829215033899	"CDH1/DSP/MAPT"	3
"M1"	"Transport of vitamins, nucleosides, and related molecules"	"Transport of vitamins, nucleosides, and related molecules"	"3/354"	"38/7644"	0.256855504978586	0.685307754879842	0.574829215033899	"SLC28A1/SLCO4C1/SLC29A2"	3
"M1"	"Peptide ligand-binding receptors"	"Peptide ligand-binding receptors"	"11/354"	"190/7644"	0.265253127134179	0.704752032343948	0.591138878352321	"C3/AGT/CCL2/F2RL1/GPER1/CCL28/NMB/BDKRB2/QRFPR/EDN2/KISS1R"	11
"M1"	"Activation of GABAB receptors"	"Activation of GABAB receptors"	"3/354"	"39/7644"	0.269547756206751	0.707284401616889	0.593263004091414	"KCNJ16/KCNJ15/KCNJ3"	3
"M1"	"Activation of NMDA receptor upon glutamate binding and postsynaptic events"	"Activation of NMDA receptor upon glutamate binding and postsynaptic events"	"3/354"	"39/7644"	0.269547756206751	0.707284401616889	0.593263004091414	"NEFL/GRIA4/RPS6KA6"	3
"M1"	"GABA B receptor activation"	"GABA B receptor activation"	"3/354"	"39/7644"	0.269547756206751	0.707284401616889	0.593263004091414	"KCNJ16/KCNJ15/KCNJ3"	3
"M1"	"Common Pathway"	"Common Pathway"	"2/354"	"22/7644"	0.271254405171581	0.708833527917507	0.594562395567772	"SERPINE2/SERPINA5"	2
"M1"	"Binding and Uptake of Ligands by Scavenger Receptors"	"Binding and Uptake of Ligands by Scavenger Receptors"	"5/354"	"76/7644"	0.275532851212824	0.717062952951406	0.601465154071133	"SCARB1/MASP1/COLEC11/APOB/COLEC12"	5
"M1"	"Signaling by ERBB4"	"Signaling by ERBB4"	"9/354"	"154/7644"	0.284199380156322	0.734539254730468	0.616124099284902	"ERBB3/FGFR4/KL/TRIB3/FGFR3/FGFR2/IRS2/GHR/NRG1"	9
"M1"	"Regulation of insulin secretion"	"Regulation of insulin secretion"	"5/354"	"77/7644"	0.284561664037315	0.734539254730468	0.616124099284902	"SLC2A2/CACNA1D/ADRA2C/SNAP25/CACNA1E"	5
"M1"	"Endogenous sterols"	"Endogenous sterols"	"2/354"	"23/7644"	0.288711388450227	0.742233731440867	0.622578148543852	"NR1H4/CYP8B1"	2
"M1"	"Metabolism of nucleotides"	"Metabolism of nucleotides"	"5/354"	"78/7644"	0.293645968025746	0.751875764904632	0.630665788714039	"ADSSL1/DPYS/AGXT2/GDA/UPB1"	5
"M1"	"Elastic fibre formation"	"Elastic fibre formation"	"3/354"	"41/7644"	0.295121054051685	0.75261794908763	0.631288325301849	"ITGB8/LOXL2/ITGB6"	3
"M1"	"Stimuli-sensing channels"	"Stimuli-sensing channels"	"6/354"	"98/7644"	0.301141362638683	0.764899061102254	0.641589597874414	"SLC17A3/TRPV4/SCNN1A/TRPM3/TRPA1/ANO4"	6
"M1"	"Growth hormone receptor signaling"	"Growth hormone receptor signaling"	"2/354"	"24/7644"	0.306118914684	0.772964943797372	0.648355178717729	"IRS2/GHR"	2
"M1"	"Netrin-1 signaling"	"Netrin-1 signaling"	"3/354"	"42/7644"	0.307968709890921	0.772964943797372	0.648355178717729	"ABLIM3/SLIT2/NTN1"	3
"M1"	"Non-integrin membrane-ECM interactions"	"Non-integrin membrane-ECM interactions"	"3/354"	"42/7644"	0.307968709890921	0.772964943797372	0.648355178717729	"LAMA1/LAMB3/LAMC2"	3
"M1"	"Iron uptake and transport"	"Iron uptake and transport"	"3/354"	"43/7644"	0.320835885649251	0.78995025924648	0.662602289562733	"CP/STEAP3/STEAP2"	3
"M1"	"Activation of BH3-only proteins"	"Activation of BH3-only proteins"	"2/354"	"25/7644"	0.323444200636354	0.78995025924648	0.662602289562733	"SFN/PMAIP1"	2
"M1"	"Cellular response to hypoxia"	"Cellular response to hypoxia"	"2/354"	"25/7644"	0.323444200636354	0.78995025924648	0.662602289562733	"EGLN3/CA9"	2
"M1"	"Metal ion SLC transporters"	"Metal ion SLC transporters"	"2/354"	"25/7644"	0.323444200636354	0.78995025924648	0.662602289562733	"CP/SLC39A5"	2
"M1"	"Nitric oxide stimulates guanylate cyclase"	"Nitric oxide stimulates guanylate cyclase"	"2/354"	"25/7644"	0.323444200636354	0.78995025924648	0.662602289562733	"KCNMA1/PDE10A"	2
"M1"	"Regulation of Hypoxia-inducible Factor (HIF) by oxygen"	"Regulation of Hypoxia-inducible Factor (HIF) by oxygen"	"2/354"	"25/7644"	0.323444200636354	0.78995025924648	0.662602289562733	"EGLN3/CA9"	2
"M1"	"Synthesis of IP3 and IP4 in the cytosol"	"Synthesis of IP3 and IP4 in the cytosol"	"2/354"	"25/7644"	0.323444200636354	0.78995025924648	0.662602289562733	"PLCH2/INPP5J"	2
"M1"	"Role of LAT2/NTAL/LAB on calcium mobilization"	"Role of LAT2/NTAL/LAB on calcium mobilization"	"8/354"	"141/7644"	0.329199219735563	0.800925304720622	0.671808046727948	"ERBB3/FGFR4/KL/TRIB3/FGFR3/FGFR2/IRS2/NRG1"	8
"M1"	"Signaling by FGFR"	"Signaling by FGFR"	"9/354"	"162/7644"	0.335862272930535	0.814017340881258	0.682789514274209	"ERBB3/FGFR4/KL/TRIB3/FGFR3/FGFR2/IRS2/IL17RD/NRG1"	9
"M1"	"A tetrasaccharide linker sequence is required for GAG synthesis"	"A tetrasaccharide linker sequence is required for GAG synthesis"	"2/354"	"26/7644"	0.340657588905778	0.822500262186956	0.689904902887028	"GPC4/GXYLT2"	2
"M1"	"Signaling by FGFR mutants"	"Signaling by FGFR mutants"	"3/354"	"45/7644"	0.346569398798116	0.833604425139408	0.699218962487427	"FGFR4/FGFR3/FGFR2"	3
"M1"	"Signaling by SCF-KIT"	"Signaling by SCF-KIT"	"8/354"	"144/7644"	0.350309160315417	0.83942006339732	0.704097061051047	"ERBB3/FGFR4/KL/TRIB3/FGFR3/FGFR2/IRS2/NRG1"	8
"M1"	"CREB phosphorylation through the activation of Ras"	"CREB phosphorylation through the activation of Ras"	"2/354"	"27/7644"	0.357732330088801	0.853985073708227	0.716314044419997	"NEFL/RPS6KA6"	2
"M1"	"G alpha (s) signalling events"	"G alpha (s) signalling events"	"7/354"	"126/7644"	0.366284019629028	0.859820964128867	0.721209130292924	"ADM2/PTH1R/PTH2R/PDE10A/PTHLH/HRH2/SCTR"	7
"M1"	"Ion channel transport"	"Ion channel transport"	"9/354"	"167/7644"	0.368952953675395	0.859820964128867	0.721209130292924	"FXYD2/SLC17A3/TRPV4/SCNN1A/TRPM3/ATP2B2/GABRB3/TRPA1/ANO4"	9
"M1"	"Adrenaline,noradrenaline inhibits insulin secretion"	"Adrenaline,noradrenaline inhibits insulin secretion"	"2/354"	"28/7644"	0.37464437832481	0.859820964128867	0.721209130292924	"CACNA1D/ADRA2C"	2
"M1"	"Keratan sulfate biosynthesis"	"Keratan sulfate biosynthesis"	"2/354"	"28/7644"	0.37464437832481	0.859820964128867	0.721209130292924	"B3GNT4/B3GNT3"	2
"M1"	"Calcitonin-like ligand receptors"	"Calcitonin-like ligand receptors"	"1/354"	"10/7644"	0.377779604711738	0.859820964128867	0.721209130292924	"ADM2"	1
"M1"	"Gap junction degradation"	"Gap junction degradation"	"1/354"	"10/7644"	0.377779604711738	0.859820964128867	0.721209130292924	"DNM1"	1
"M1"	"Methylation"	"Methylation"	"1/354"	"10/7644"	0.377779604711738	0.859820964128867	0.721209130292924	"NNMT"	1
"M1"	"Netrin mediated repulsion signals"	"Netrin mediated repulsion signals"	"1/354"	"10/7644"	0.377779604711738	0.859820964128867	0.721209130292924	"NTN1"	1
"M1"	"Purine catabolism"	"Purine catabolism"	"1/354"	"10/7644"	0.377779604711738	0.859820964128867	0.721209130292924	"GDA"	1
"M1"	"Reduction of cytosolic Ca++ levels"	"Reduction of cytosolic Ca++ levels"	"1/354"	"10/7644"	0.377779604711738	0.859820964128867	0.721209130292924	"ATP2B2"	1
"M1"	"Role of DCC in regulating apoptosis"	"Role of DCC in regulating apoptosis"	"1/354"	"10/7644"	0.377779604711738	0.859820964128867	0.721209130292924	"DAPK2"	1
"M1"	"Role of second messengers in netrin-1 signaling"	"Role of second messengers in netrin-1 signaling"	"1/354"	"10/7644"	0.377779604711738	0.859820964128867	0.721209130292924	"NTN1"	1
"M1"	"Zinc influx into cells by the SLC39 gene family"	"Zinc influx into cells by the SLC39 gene family"	"1/354"	"10/7644"	0.377779604711738	0.859820964128867	0.721209130292924	"SLC39A5"	1
"M1"	"EPH-ephrin mediated repulsion of cells"	"EPH-ephrin mediated repulsion of cells"	"3/354"	"48/7644"	0.384962654265448	0.871887013397289	0.731330010408667	"EPHA7/DNM1/EFNA5"	3
"M1"	"Downstream signaling of activated FGFR"	"Downstream signaling of activated FGFR"	"8/354"	"149/7644"	0.385827166558485	0.871887013397289	0.731330010408667	"ERBB3/FGFR4/KL/TRIB3/FGFR3/FGFR2/IRS2/NRG1"	8
"M1"	"Transferrin endocytosis and recycling"	"Transferrin endocytosis and recycling"	"2/354"	"29/7644"	0.391372199455852	0.881281371115127	0.739209902667641	"STEAP3/STEAP2"	2
"M1"	"Purine ribonucleoside monophosphate biosynthesis"	"Purine ribonucleoside monophosphate biosynthesis"	"1/354"	"11/7644"	0.406632895245147	0.905644529138522	0.759645473259995	"ADSSL1"	1
"M1"	"Synthesis of IP2, IP, and Ins in the cytosol"	"Synthesis of IP2, IP, and Ins in the cytosol"	"1/354"	"11/7644"	0.406632895245147	0.905644529138522	0.759645473259995	"INPP5J"	1
"M1"	"Transport of organic anions"	"Transport of organic anions"	"1/354"	"11/7644"	0.406632895245147	0.905644529138522	0.759645473259995	"SLCO4C1"	1
"M1"	"Molecules associated with elastic fibres"	"Molecules associated with elastic fibres"	"2/354"	"30/7644"	0.407896591076563	0.905644529138522	0.759645473259995	"ITGB8/ITGB6"	2
"M1"	"Creation of C4 and C2 activators"	"Creation of C4 and C2 activators"	"3/354"	"50/7644"	0.410276462156454	0.907754541705046	0.761415330464573	"C1S/C1R/MASP1"	3
"M1"	"Sphingolipid metabolism"	"Sphingolipid metabolism"	"4/354"	"71/7644"	0.41876943070791	0.910756015887988	0.763932936658636	"ARSE/SGPP2/GBA3/DEGS2"	4
"M1"	"Amyloids"	"Amyloids"	"3/354"	"51/7644"	0.422815865065416	0.910756015887988	0.763932936658636	"TGFBI/SNCA/HIST1H2BC"	3
"M1"	"Interferon gamma signaling"	"Interferon gamma signaling"	"5/354"	"92/7644"	0.423369186404924	0.910756015887988	0.763932936658636	"VCAM1/MT2A/IRF6/NCAM1/TRIM10"	5
"M1"	"Caspase-mediated cleavage of cytoskeletal proteins"	"Caspase-mediated cleavage of cytoskeletal proteins"	"1/354"	"12/7644"	0.434151820318279	0.910756015887988	0.763932936658636	"MAPT"	1
"M1"	"FGFR3c ligand binding and activation"	"FGFR3c ligand binding and activation"	"1/354"	"12/7644"	0.434151820318279	0.910756015887988	0.763932936658636	"FGFR3"	1
"M1"	"FGFR3 ligand binding and activation"	"FGFR3 ligand binding and activation"	"1/354"	"12/7644"	0.434151820318279	0.910756015887988	0.763932936658636	"FGFR3"	1
"M1"	"Glutathione synthesis and recycling"	"Glutathione synthesis and recycling"	"1/354"	"12/7644"	0.434151820318279	0.910756015887988	0.763932936658636	"GGT1"	1
"M1"	"Miscellaneous substrates"	"Miscellaneous substrates"	"1/354"	"12/7644"	0.434151820318279	0.910756015887988	0.763932936658636	"CYP4A11"	1
"M1"	"Reversible hydration of carbon dioxide"	"Reversible hydration of carbon dioxide"	"1/354"	"12/7644"	0.434151820318279	0.910756015887988	0.763932936658636	"CA9"	1
"M1"	"Signaling by activated point mutants of FGFR3"	"Signaling by activated point mutants of FGFR3"	"1/354"	"12/7644"	0.434151820318279	0.910756015887988	0.763932936658636	"FGFR3"	1
"M1"	"Signaling by FGFR3 mutants"	"Signaling by FGFR3 mutants"	"1/354"	"12/7644"	0.434151820318279	0.910756015887988	0.763932936658636	"FGFR3"	1
"M1"	"Synthesis of PE"	"Synthesis of PE"	"1/354"	"12/7644"	0.434151820318279	0.910756015887988	0.763932936658636	"ETNK2"	1
"M1"	"Tandem pore domain potassium channels"	"Tandem pore domain potassium channels"	"1/354"	"12/7644"	0.434151820318279	0.910756015887988	0.763932936658636	"KCNK3"	1
"M1"	"Vitamin B5 (pantothenate) metabolism"	"Vitamin B5 (pantothenate) metabolism"	"1/354"	"12/7644"	0.434151820318279	0.910756015887988	0.763932936658636	"PANK1"	1
"M1"	"Signaling by FGFR in disease"	"Signaling by FGFR in disease"	"9/354"	"177/7644"	0.4358118628511	0.910756015887988	0.763932936658636	"ERBB3/FGFR4/KL/TRIB3/FGFR3/FGFR2/IRS2/IL17RD/NRG1"	9
"M1"	"SHC1 events in ERBB2 signaling"	"SHC1 events in ERBB2 signaling"	"2/354"	"32/7644"	0.440268933016457	0.910756015887988	0.763932936658636	"ERBB3/NRG1"	2
"M1"	"Sphingolipid de novo biosynthesis"	"Sphingolipid de novo biosynthesis"	"2/354"	"32/7644"	0.440268933016457	0.910756015887988	0.763932936658636	"SGPP2/DEGS2"	2
"M1"	"EPH-Ephrin signaling"	"EPH-Ephrin signaling"	"5/354"	"94/7644"	0.441799010120214	0.910756015887988	0.763932936658636	"EPHA7/DNM1/EFNA5/MYH14/NGEF"	5
"M1"	"Signaling by Insulin receptor"	"Signaling by Insulin receptor"	"6/354"	"116/7644"	0.450989257713553	0.910756015887988	0.763932936658636	"FGFR4/KL/TRIB3/FGFR3/FGFR2/IRS2"	6
"M1"	"Keratan sulfate/keratin metabolism"	"Keratan sulfate/keratin metabolism"	"2/354"	"33/7644"	0.456088670760235	0.910756015887988	0.763932936658636	"B3GNT4/B3GNT3"	2
"M1"	"Metabolism of steroid hormones and vitamin D"	"Metabolism of steroid hormones and vitamin D"	"2/354"	"33/7644"	0.456088670760235	0.910756015887988	0.763932936658636	"LRP2/CUBN"	2
"M1"	"Purine metabolism"	"Purine metabolism"	"2/354"	"33/7644"	0.456088670760235	0.910756015887988	0.763932936658636	"ADSSL1/GDA"	2
"M1"	"Steroid hormones"	"Steroid hormones"	"2/354"	"33/7644"	0.456088670760235	0.910756015887988	0.763932936658636	"LRP2/CUBN"	2
"M1"	"Activation of DNA fragmentation factor"	"Activation of DNA fragmentation factor"	"1/354"	"13/7644"	0.460397922992196	0.910756015887988	0.763932936658636	"HIST1H1C"	1
"M1"	"Apoptosis induced DNA fragmentation"	"Apoptosis induced DNA fragmentation"	"1/354"	"13/7644"	0.460397922992196	0.910756015887988	0.763932936658636	"HIST1H1C"	1
"M1"	"FGFR2c ligand binding and activation"	"FGFR2c ligand binding and activation"	"1/354"	"13/7644"	0.460397922992196	0.910756015887988	0.763932936658636	"FGFR2"	1
"M1"	"FGFR4 ligand binding and activation"	"FGFR4 ligand binding and activation"	"1/354"	"13/7644"	0.460397922992196	0.910756015887988	0.763932936658636	"FGFR4"	1
"M1"	"GABA A receptor activation"	"GABA A receptor activation"	"1/354"	"13/7644"	0.460397922992196	0.910756015887988	0.763932936658636	"GABRB3"	1
"M1"	"p38MAPK events"	"p38MAPK events"	"1/354"	"13/7644"	0.460397922992196	0.910756015887988	0.763932936658636	"MAPK12"	1
"M1"	"Retrograde neurotrophin signalling"	"Retrograde neurotrophin signalling"	"1/354"	"13/7644"	0.460397922992196	0.910756015887988	0.763932936658636	"DNM1"	1
"M1"	"Signaling by Activin"	"Signaling by Activin"	"1/354"	"13/7644"	0.460397922992196	0.910756015887988	0.763932936658636	"FSTL3"	1
"M1"	"Synthesis, secretion, and inactivation of Glucose-dependent Insulinotropic Polypeptide (GIP)"	"Synthesis, secretion, and inactivation of Glucose-dependent Insulinotropic Polypeptide (GIP)"	"1/354"	"13/7644"	0.460397922992196	0.910756015887988	0.763932936658636	"DPP4"	1
"M1"	"The activation of arylsulfatases"	"The activation of arylsulfatases"	"1/354"	"13/7644"	0.460397922992196	0.910756015887988	0.763932936658636	"ARSE"	1
"M1"	"WNT5A-dependent internalization of FZD2, FZD5 and ROR2"	"WNT5A-dependent internalization of FZD2, FZD5 and ROR2"	"1/354"	"13/7644"	0.460397922992196	0.910756015887988	0.763932936658636	"WNT5A"	1
"M1"	"Downstream signal transduction"	"Downstream signal transduction"	"8/354"	"161/7644"	0.471148951163167	0.929129142821774	0.779344129743585	"ERBB3/FGFR4/KL/TRIB3/FGFR3/FGFR2/IRS2/NRG1"	8
"M1"	"Neurotransmitter Receptor Binding And Downstream Transmission In The  Postsynaptic Cell"	"Neurotransmitter Receptor Binding And Downstream Transmission In The  Postsynaptic Cell"	"7/354"	"140/7644"	0.473331429013379	0.930543211837447	0.780530236535016	"KCNJ16/KCNJ15/NEFL/KCNJ3/GABRB3/GRIA4/RPS6KA6"	7
"M1"	"Diseases of glycosylation"	"Diseases of glycosylation"	"11/354"	"227/7644"	0.483197766607222	0.936986465640015	0.78593477267111	"GPC4/MGAT3/DSEL/CHST9/CHST13/MAN1C1/GFPT2/B3GNT4/GXYLT2/B3GNT3/UST"	11
"M1"	"Signaling by ERBB2"	"Signaling by ERBB2"	"8/354"	"163/7644"	0.485182421143909	0.936986465640015	0.78593477267111	"ERBB3/FGFR4/KL/TRIB3/FGFR3/FGFR2/IRS2/NRG1"	8
"M1"	"Activation of Rac"	"Activation of Rac"	"1/354"	"14/7644"	0.485429915556835	0.936986465640015	0.78593477267111	"SLIT2"	1
"M1"	"repression of WNT target genes"	"repression of WNT target genes"	"1/354"	"14/7644"	0.485429915556835	0.936986465640015	0.78593477267111	"LEF1"	1
"M1"	"Signal attenuation"	"Signal attenuation"	"1/354"	"14/7644"	0.485429915556835	0.936986465640015	0.78593477267111	"IRS2"	1
"M1"	"NGF signalling via TRKA from the plasma membrane"	"NGF signalling via TRKA from the plasma membrane"	"10/354"	"206/7644"	0.485924465513215	0.936986465640015	0.78593477267111	"ERBB3/FGFR4/KL/TRIB3/FGFR3/FGFR2/IRS2/DNM1/MAPK12/NRG1"	10
"M1"	"Post NMDA receptor activation events"	"Post NMDA receptor activation events"	"2/354"	"35/7644"	0.486937848285362	0.936986465640015	0.78593477267111	"NEFL/RPS6KA6"	2
"M1"	"Transcriptional regulation of white adipocyte differentiation"	"Transcriptional regulation of white adipocyte differentiation"	"4/354"	"78/7644"	0.491089632388341	0.941337415484212	0.78958430540408	"ANGPTL4/PCK1/PPARGC1A/KLF5"	4
"M1"	"DAP12 signaling"	"DAP12 signaling"	"8/354"	"164/7644"	0.492163814079935	0.941337415484212	0.78958430540408	"ERBB3/FGFR4/KL/TRIB3/FGFR3/FGFR2/IRS2/NRG1"	8
"M1"	"Platelet degranulation"	"Platelet degranulation"	"4/354"	"79/7644"	0.501132832543706	0.942880230198665	0.790878402785784	"CLU/SERPINA1/SERPINF2/SERPINE1"	4
"M1"	"Platelet homeostasis"	"Platelet homeostasis"	"4/354"	"79/7644"	0.501132832543706	0.942880230198665	0.790878402785784	"KCNMA1/PDE10A/ATP2B2/APOB"	4
"M1"	"Transport to the Golgi and subsequent modification"	"Transport to the Golgi and subsequent modification"	"2/354"	"36/7644"	0.501949008704861	0.942880230198665	0.790878402785784	"MGAT3/MAN1C1"	2
"M1"	"Activation of BAD and translocation to mitochondria"	"Activation of BAD and translocation to mitochondria"	"1/354"	"15/7644"	0.509303809382901	0.942880230198665	0.790878402785784	"SFN"	1
"M1"	"CREB phosphorylation through the activation of CaMKII"	"CREB phosphorylation through the activation of CaMKII"	"1/354"	"15/7644"	0.509303809382901	0.942880230198665	0.790878402785784	"NEFL"	1
"M1"	"GRB2:SOS provides linkage to MAPK signaling for Integrins"	"GRB2:SOS provides linkage to MAPK signaling for Integrins"	"1/354"	"15/7644"	0.509303809382901	0.942880230198665	0.790878402785784	"APBB1IP"	1
"M1"	"Metabolism of polyamines"	"Metabolism of polyamines"	"1/354"	"15/7644"	0.509303809382901	0.942880230198665	0.790878402785784	"AGMAT"	1
"M1"	"Mitochondrial Fatty Acid Beta-Oxidation"	"Mitochondrial Fatty Acid Beta-Oxidation"	"1/354"	"15/7644"	0.509303809382901	0.942880230198665	0.790878402785784	"ACADL"	1
"M1"	"p130Cas linkage to MAPK signaling for integrins"	"p130Cas linkage to MAPK signaling for integrins"	"1/354"	"15/7644"	0.509303809382901	0.942880230198665	0.790878402785784	"APBB1IP"	1
"M1"	"Prolactin receptor signaling"	"Prolactin receptor signaling"	"1/354"	"15/7644"	0.509303809382901	0.942880230198665	0.790878402785784	"GHR"	1
"M1"	"WNT5A-dependent internalization of FZD4"	"WNT5A-dependent internalization of FZD4"	"1/354"	"15/7644"	0.509303809382901	0.942880230198665	0.790878402785784	"WNT5A"	1
"M1"	"BMAL1:CLOCK,NPAS2 activates circadian gene expression"	"BMAL1:CLOCK,NPAS2 activates circadian gene expression"	"2/354"	"37/7644"	0.516674693247974	0.950980957137576	0.797673210628451	"SERPINE1/PPARGC1A"	2
"M1"	"Platelet Aggregation (Plug Formation)"	"Platelet Aggregation (Plug Formation)"	"2/354"	"37/7644"	0.516674693247974	0.950980957137576	0.797673210628451	"APBB1IP/ADRA2C"	2
"M1"	"Collagen degradation"	"Collagen degradation"	"2/354"	"38/7644"	0.531109092596274	0.952424645348588	0.798884161701427	"COL23A1/MMP7"	2
"M1"	"Intrinsic Pathway for Apoptosis"	"Intrinsic Pathway for Apoptosis"	"2/354"	"38/7644"	0.531109092596274	0.952424645348588	0.798884161701427	"SFN/PMAIP1"	2
"M1"	"Amine-derived hormones"	"Amine-derived hormones"	"1/354"	"16/7644"	0.532073038833478	0.952424645348588	0.798884161701427	"DDC"	1
"M1"	"Polo-like kinase mediated events"	"Polo-like kinase mediated events"	"1/354"	"16/7644"	0.532073038833478	0.952424645348588	0.798884161701427	"MYBL2"	1
"M1"	"Rap1 signalling"	"Rap1 signalling"	"1/354"	"16/7644"	0.532073038833478	0.952424645348588	0.798884161701427	"RAP1GAP"	1
"M1"	"Synthesis of very long-chain fatty acyl-CoAs"	"Synthesis of very long-chain fatty acyl-CoAs"	"1/354"	"16/7644"	0.532073038833478	0.952424645348588	0.798884161701427	"ELOVL7"	1
"M1"	"TGF-beta receptor signaling in EMT (epithelial to mesenchymal transition)"	"TGF-beta receptor signaling in EMT (epithelial to mesenchymal transition)"	"1/354"	"16/7644"	0.532073038833478	0.952424645348588	0.798884161701427	"CGN"	1
"M1"	"Trafficking of GluR2-containing AMPA receptors"	"Trafficking of GluR2-containing AMPA receptors"	"1/354"	"16/7644"	0.532073038833478	0.952424645348588	0.798884161701427	"GRIA4"	1
"M1"	"Downstream signaling events of B Cell Receptor (BCR)"	"Downstream signaling events of B Cell Receptor (BCR)"	"8/354"	"170/7644"	0.53344278840286	0.952424645348588	0.798884161701427	"ERBB3/FGFR4/KL/TRIB3/FGFR3/FGFR2/IRS2/NRG1"	8
"M1"	"Glycosphingolipid metabolism"	"Glycosphingolipid metabolism"	"2/354"	"39/7644"	0.545247543211923	0.952424645348588	0.798884161701427	"ARSE/GBA3"	2
"M1"	"Nuclear signaling by ERBB4"	"Nuclear signaling by ERBB4"	"2/354"	"39/7644"	0.545247543211923	0.952424645348588	0.798884161701427	"GHR/NRG1"	2
"M1"	"Response to elevated platelet cytosolic Ca2+"	"Response to elevated platelet cytosolic Ca2+"	"4/354"	"84/7644"	0.549970515063214	0.952424645348588	0.798884161701427	"CLU/SERPINA1/SERPINF2/SERPINE1"	4
"M1"	"ABCA transporters in lipid homeostasis"	"ABCA transporters in lipid homeostasis"	"1/354"	"17/7644"	0.553788579506387	0.952424645348588	0.798884161701427	"ABCA12"	1
"M1"	"Acetylcholine Neurotransmitter Release Cycle"	"Acetylcholine Neurotransmitter Release Cycle"	"1/354"	"17/7644"	0.553788579506387	0.952424645348588	0.798884161701427	"SNAP25"	1
"M1"	"Activated point mutants of FGFR2"	"Activated point mutants of FGFR2"	"1/354"	"17/7644"	0.553788579506387	0.952424645348588	0.798884161701427	"FGFR2"	1
"M1"	"Conversion from APC/C:Cdc20 to APC/C:Cdh1 in late anaphase"	"Conversion from APC/C:Cdc20 to APC/C:Cdh1 in late anaphase"	"1/354"	"17/7644"	0.553788579506387	0.952424645348588	0.798884161701427	"UBE2C"	1
"M1"	"Cytosolic sulfonation of small molecules"	"Cytosolic sulfonation of small molecules"	"1/354"	"17/7644"	0.553788579506387	0.952424645348588	0.798884161701427	"SULT1C4"	1
"M1"	"FGFR2 ligand binding and activation"	"FGFR2 ligand binding and activation"	"1/354"	"17/7644"	0.553788579506387	0.952424645348588	0.798884161701427	"FGFR2"	1
"M1"	"Formation of Senescence-Associated Heterochromatin Foci (SAHF)"	"Formation of Senescence-Associated Heterochromatin Foci (SAHF)"	"1/354"	"17/7644"	0.553788579506387	0.952424645348588	0.798884161701427	"HIST1H1C"	1
"M1"	"Phosphorylation of the APC/C"	"Phosphorylation of the APC/C"	"1/354"	"17/7644"	0.553788579506387	0.952424645348588	0.798884161701427	"UBE2C"	1
"M1"	"Platelet sensitization by LDL"	"Platelet sensitization by LDL"	"1/354"	"17/7644"	0.553788579506387	0.952424645348588	0.798884161701427	"APOB"	1
"M1"	"Ras activation uopn Ca2+ infux through NMDA receptor"	"Ras activation uopn Ca2+ infux through NMDA receptor"	"1/354"	"17/7644"	0.553788579506387	0.952424645348588	0.798884161701427	"NEFL"	1
"M1"	"Signaling by FGFR2 mutants"	"Signaling by FGFR2 mutants"	"1/354"	"17/7644"	0.553788579506387	0.952424645348588	0.798884161701427	"FGFR2"	1
"M1"	"Zinc transporters"	"Zinc transporters"	"1/354"	"17/7644"	0.553788579506387	0.952424645348588	0.798884161701427	"SLC39A5"	1
"M1"	"Glucose transport"	"Glucose transport"	"2/354"	"40/7644"	0.55908643421264	0.952424645348588	0.798884161701427	"HK2/SLC2A2"	2
"M1"	"Signalling by NGF"	"Signalling by NGF"	"13/354"	"287/7644"	0.574442492603049	0.952424645348588	0.798884161701427	"ERBB3/FGFR4/PCSK6/KL/ARHGEF16/TRIB3/FGFR3/FGFR2/IRS2/DNM1/MAPK12/NRG1/NGEF"	13
"M1"	"Activation of SMO"	"Activation of SMO"	"1/354"	"18/7644"	0.574499061065943	0.952424645348588	0.798884161701427	"SHH"	1
"M1"	"Dopamine Neurotransmitter Release Cycle"	"Dopamine Neurotransmitter Release Cycle"	"1/354"	"18/7644"	0.574499061065943	0.952424645348588	0.798884161701427	"SNAP25"	1
"M1"	"Inactivation of APC/C via direct inhibition of the APC/C complex"	"Inactivation of APC/C via direct inhibition of the APC/C complex"	"1/354"	"18/7644"	0.574499061065943	0.952424645348588	0.798884161701427	"UBE2C"	1
"M1"	"Inhibition of the proteolytic activity of APC/C required for the onset of anaphase by mitotic spindle checkpoint components"	"Inhibition of the proteolytic activity of APC/C required for the onset of anaphase by mitotic spindle checkpoint components"	"1/354"	"18/7644"	0.574499061065943	0.952424645348588	0.798884161701427	"UBE2C"	1
"M1"	"Oxygen-dependent proline hydroxylation of Hypoxia-inducible Factor Alpha"	"Oxygen-dependent proline hydroxylation of Hypoxia-inducible Factor Alpha"	"1/354"	"18/7644"	0.574499061065943	0.952424645348588	0.798884161701427	"EGLN3"	1
"M1"	"Post-chaperonin tubulin folding pathway"	"Post-chaperonin tubulin folding pathway"	"1/354"	"18/7644"	0.574499061065943	0.952424645348588	0.798884161701427	"TUBB4A"	1
"M1"	"Serotonin Neurotransmitter Release Cycle"	"Serotonin Neurotransmitter Release Cycle"	"1/354"	"18/7644"	0.574499061065943	0.952424645348588	0.798884161701427	"SNAP25"	1
"M1"	"Amine ligand-binding receptors"	"Amine ligand-binding receptors"	"2/354"	"42/7644"	0.585855840898931	0.952424645348588	0.798884161701427	"HRH2/ADRA2C"	2
"M1"	"Triglyceride Biosynthesis"	"Triglyceride Biosynthesis"	"2/354"	"42/7644"	0.585855840898931	0.952424645348588	0.798884161701427	"ELOVL7/GPD1"	2
"M1"	"DAP12 interactions"	"DAP12 interactions"	"8/354"	"179/7644"	0.592823218653967	0.952424645348588	0.798884161701427	"ERBB3/FGFR4/KL/TRIB3/FGFR3/FGFR2/IRS2/NRG1"	8
"M1"	"Signaling by EGFR"	"Signaling by EGFR"	"8/354"	"179/7644"	0.592823218653967	0.952424645348588	0.798884161701427	"ERBB3/FGFR4/KL/TRIB3/FGFR3/FGFR2/IRS2/NRG1"	8
"M1"	"Signaling by Overexpressed Wild-Type EGFR in Cancer"	"Signaling by Overexpressed Wild-Type EGFR in Cancer"	"8/354"	"179/7644"	0.592823218653967	0.952424645348588	0.798884161701427	"ERBB3/FGFR4/KL/TRIB3/FGFR3/FGFR2/IRS2/NRG1"	8
"M1"	"Mitotic Spindle Checkpoint"	"Mitotic Spindle Checkpoint"	"1/354"	"19/7644"	0.594250874911033	0.952424645348588	0.798884161701427	"UBE2C"	1
"M1"	"Other semaphorin interactions"	"Other semaphorin interactions"	"1/354"	"19/7644"	0.594250874911033	0.952424645348588	0.798884161701427	"PLXNB3"	1
"M1"	"Platelet calcium homeostasis"	"Platelet calcium homeostasis"	"1/354"	"19/7644"	0.594250874911033	0.952424645348588	0.798884161701427	"ATP2B2"	1
"M1"	"Signaling by NODAL"	"Signaling by NODAL"	"1/354"	"19/7644"	0.594250874911033	0.952424645348588	0.798884161701427	"PCSK6"	1
"M1"	"Class A/1 (Rhodopsin-like receptors)"	"Class A/1 (Rhodopsin-like receptors)"	"14/354"	"314/7644"	0.598647219914983	0.952424645348588	0.798884161701427	"C3/AGT/CCL2/F2RL1/GPER1/CCL28/NMB/BDKRB2/HRH2/QRFPR/LPAR1/ADRA2C/EDN2/KISS1R"	14
"M1"	"Ion transport by P-type ATPases"	"Ion transport by P-type ATPases"	"2/354"	"43/7644"	0.598783643594037	0.952424645348588	0.798884161701427	"FXYD2/ATP2B2"	2
"M1"	"Vasopressin regulates renal water homeostasis via Aquaporins"	"Vasopressin regulates renal water homeostasis via Aquaporins"	"2/354"	"43/7644"	0.598783643594037	0.952424645348588	0.798884161701427	"AQP1/AQP3"	2
"M1"	"Voltage gated Potassium channels"	"Voltage gated Potassium channels"	"2/354"	"43/7644"	0.598783643594037	0.952424645348588	0.798884161701427	"KCNC3/KCND3"	2
"M1"	"Signaling by EGFR in Cancer"	"Signaling by EGFR in Cancer"	"8/354"	"181/7644"	0.605518358947627	0.952424645348588	0.798884161701427	"ERBB3/FGFR4/KL/TRIB3/FGFR3/FGFR2/IRS2/NRG1"	8
"M1"	"Signaling by EGFRvIII in Cancer"	"Signaling by EGFRvIII in Cancer"	"8/354"	"181/7644"	0.605518358947627	0.952424645348588	0.798884161701427	"ERBB3/FGFR4/KL/TRIB3/FGFR3/FGFR2/IRS2/NRG1"	8
"M1"	"Signaling by Ligand-Responsive EGFR Variants in Cancer"	"Signaling by Ligand-Responsive EGFR Variants in Cancer"	"8/354"	"181/7644"	0.605518358947627	0.952424645348588	0.798884161701427	"ERBB3/FGFR4/KL/TRIB3/FGFR3/FGFR2/IRS2/NRG1"	8
"M1"	"Classical antibody-mediated complement activation"	"Classical antibody-mediated complement activation"	"2/354"	"44/7644"	0.611406314153311	0.952424645348588	0.798884161701427	"C1S/C1R"	2
"M1"	"Inositol phosphate metabolism"	"Inositol phosphate metabolism"	"2/354"	"44/7644"	0.611406314153311	0.952424645348588	0.798884161701427	"PLCH2/INPP5J"	2
"M1"	"Fatty Acyl-CoA Biosynthesis"	"Fatty Acyl-CoA Biosynthesis"	"1/354"	"20/7644"	0.613088276915164	0.952424645348588	0.798884161701427	"ELOVL7"	1
"M1"	"Formation of tubulin folding intermediates by CCT/TriC"	"Formation of tubulin folding intermediates by CCT/TriC"	"1/354"	"20/7644"	0.613088276915164	0.952424645348588	0.798884161701427	"TUBB4A"	1
"M1"	"Neurotoxicity of clostridium toxins"	"Neurotoxicity of clostridium toxins"	"1/354"	"20/7644"	0.613088276915164	0.952424645348588	0.798884161701427	"SNAP25"	1
"M1"	"N-glycan antennae elongation in the medial/trans-Golgi"	"N-glycan antennae elongation in the medial/trans-Golgi"	"1/354"	"20/7644"	0.613088276915164	0.952424645348588	0.798884161701427	"MGAT3"	1
"M1"	"Synthesis, secretion, and inactivation of Glucagon-like Peptide-1 (GLP-1)"	"Synthesis, secretion, and inactivation of Glucagon-like Peptide-1 (GLP-1)"	"1/354"	"20/7644"	0.613088276915164	0.952424645348588	0.798884161701427	"DPP4"	1
"M1"	"Programmed Cell Death"	"Programmed Cell Death"	"7/354"	"160/7644"	0.616114703856497	0.952424645348588	0.798884161701427	"CDH1/DSP/MAPT/HIST1H1C/DAPK2/SFN/PMAIP1"	7
"M1"	"Hemostasis"	"Hemostasis"	"22/354"	"497/7644"	0.621135387070648	0.952424645348588	0.798884161701427	"CLU/SERPINA1/SERPINF2/SERPINE1/TFPI/SERPINE2/APBB1IP/KCNMA1/SLC7A5/SLC7A8/CXADR/PDE10A/SLC7A9/ATP2B2/ADRA2C/GATA3/APOB/SLC7A11/F12/KLKB1/L1CAM/SERPINA5"	22
"M1"	"NRAGE signals death through JNK"	"NRAGE signals death through JNK"	"2/354"	"45/7644"	0.623724310216343	0.952424645348588	0.798884161701427	"ARHGEF16/NGEF"	2
"M1"	"APC/C:Cdc20 mediated degradation of Cyclin B"	"APC/C:Cdc20 mediated degradation of Cyclin B"	"1/354"	"21/7644"	0.631053485463437	0.952424645348588	0.798884161701427	"UBE2C"	1
"M1"	"CD28 dependent PI3K/Akt signaling"	"CD28 dependent PI3K/Akt signaling"	"1/354"	"21/7644"	0.631053485463437	0.952424645348588	0.798884161701427	"TRIB3"	1
"M1"	"HS-GAG degradation"	"HS-GAG degradation"	"1/354"	"21/7644"	0.631053485463437	0.952424645348588	0.798884161701427	"GPC4"	1
"M1"	"NOTCH2 Activation and Transmission of Signal to the Nucleus"	"NOTCH2 Activation and Transmission of Signal to the Nucleus"	"1/354"	"21/7644"	0.631053485463437	0.952424645348588	0.798884161701427	"MDK"	1
"M1"	"Peroxisomal lipid metabolism"	"Peroxisomal lipid metabolism"	"1/354"	"21/7644"	0.631053485463437	0.952424645348588	0.798884161701427	"SLC27A2"	1
"M1"	"Regulation of Insulin-like Growth Factor (IGF) transport and uptake by Insulin-like Growth Factor Binding Proteins (IGFBPs)"	"Regulation of Insulin-like Growth Factor (IGF) transport and uptake by Insulin-like Growth Factor Binding Proteins (IGFBPs)"	"1/354"	"21/7644"	0.631053485463437	0.952424645348588	0.798884161701427	"IGFBP3"	1
"M1"	"SOS-mediated signalling"	"SOS-mediated signalling"	"1/354"	"21/7644"	0.631053485463437	0.952424645348588	0.798884161701427	"IRS2"	1
"M1"	"Loss of Function of SMAD2/3 in Cancer"	"Loss of Function of SMAD2/3 in Cancer"	"3/354"	"70/7644"	0.635949684453231	0.952424645348588	0.798884161701427	"SERPINE1/BAMBI/CGN"	3
"M1"	"Loss of Function of SMAD4 in Cancer"	"Loss of Function of SMAD4 in Cancer"	"3/354"	"70/7644"	0.635949684453231	0.952424645348588	0.798884161701427	"SERPINE1/BAMBI/CGN"	3
"M1"	"Loss of Function of TGFBR1 in Cancer"	"Loss of Function of TGFBR1 in Cancer"	"3/354"	"70/7644"	0.635949684453231	0.952424645348588	0.798884161701427	"SERPINE1/BAMBI/CGN"	3
"M1"	"Loss of Function of TGFBR2 in Cancer"	"Loss of Function of TGFBR2 in Cancer"	"3/354"	"70/7644"	0.635949684453231	0.952424645348588	0.798884161701427	"SERPINE1/BAMBI/CGN"	3
"M1"	"Signaling by TGF-beta Receptor Complex"	"Signaling by TGF-beta Receptor Complex"	"3/354"	"70/7644"	0.635949684453231	0.952424645348588	0.798884161701427	"SERPINE1/BAMBI/CGN"	3
"M1"	"Signaling by TGF-beta Receptor Complex in Cancer"	"Signaling by TGF-beta Receptor Complex in Cancer"	"3/354"	"70/7644"	0.635949684453231	0.952424645348588	0.798884161701427	"SERPINE1/BAMBI/CGN"	3
"M1"	"SMAD2/3 MH2 Domain Mutants in Cancer"	"SMAD2/3 MH2 Domain Mutants in Cancer"	"3/354"	"70/7644"	0.635949684453231	0.952424645348588	0.798884161701427	"SERPINE1/BAMBI/CGN"	3
"M1"	"SMAD2/3 Phosphorylation Motif Mutants in Cancer"	"SMAD2/3 Phosphorylation Motif Mutants in Cancer"	"3/354"	"70/7644"	0.635949684453231	0.952424645348588	0.798884161701427	"SERPINE1/BAMBI/CGN"	3
"M1"	"SMAD4 MH2 Domain Mutants in Cancer"	"SMAD4 MH2 Domain Mutants in Cancer"	"3/354"	"70/7644"	0.635949684453231	0.952424645348588	0.798884161701427	"SERPINE1/BAMBI/CGN"	3
"M1"	"TGFBR1 KD Mutants in Cancer"	"TGFBR1 KD Mutants in Cancer"	"3/354"	"70/7644"	0.635949684453231	0.952424645348588	0.798884161701427	"SERPINE1/BAMBI/CGN"	3
"M1"	"TGFBR1 LBD Mutants in Cancer"	"TGFBR1 LBD Mutants in Cancer"	"3/354"	"70/7644"	0.635949684453231	0.952424645348588	0.798884161701427	"SERPINE1/BAMBI/CGN"	3
"M1"	"TGFBR2 Kinase Domain Mutants in Cancer"	"TGFBR2 Kinase Domain Mutants in Cancer"	"3/354"	"70/7644"	0.635949684453231	0.952424645348588	0.798884161701427	"SERPINE1/BAMBI/CGN"	3
"M1"	"TGFBR2 MSI Frameshift Mutants in Cancer"	"TGFBR2 MSI Frameshift Mutants in Cancer"	"3/354"	"70/7644"	0.635949684453231	0.952424645348588	0.798884161701427	"SERPINE1/BAMBI/CGN"	3
"M1"	"Extrinsic Pathway"	"Extrinsic Pathway"	"1/354"	"22/7644"	0.648186775001144	0.966193901703583	0.810433674698737	"DAPK2"	1
"M1"	"The canonical retinoid cycle in rods (twilight vision)"	"The canonical retinoid cycle in rods (twilight vision)"	"1/354"	"22/7644"	0.648186775001144	0.966193901703583	0.810433674698737	"RBP4"	1
"M1"	"G alpha (q) signalling events"	"G alpha (q) signalling events"	"8/354"	"189/7644"	0.654201448806075	0.972875690847442	0.816038291867063	"AGT/F2RL1/NMB/BDKRB2/QRFPR/LPAR1/EDN2/KISS1R"	8
"M1"	"APC-Cdc20 mediated degradation of Nek2A"	"APC-Cdc20 mediated degradation of Nek2A"	"1/354"	"23/7644"	0.664526565298913	0.981335741778627	0.823134497041004	"UBE2C"	1
"M1"	"Incretin synthesis, secretion, and inactivation"	"Incretin synthesis, secretion, and inactivation"	"1/354"	"23/7644"	0.664526565298913	0.981335741778627	0.823134497041004	"DPP4"	1
"M1"	"Sulfur amino acid metabolism"	"Sulfur amino acid metabolism"	"1/354"	"23/7644"	0.664526565298913	0.981335741778627	0.823134497041004	"BHMT"	1
"M1"	"REV-ERBA represses gene expression"	"REV-ERBA represses gene expression"	"1/354"	"24/7644"	0.680109506629996	0.999698001643629	0.838536574938543	"PPARGC1A"	1
"M1"	"Sema4D induced cell migration and growth-cone collapse"	"Sema4D induced cell migration and growth-cone collapse"	"1/354"	"24/7644"	0.680109506629996	0.999698001643629	0.838536574938543	"MYH14"	1
"M1"	"Apoptosis"	"Apoptosis"	"6/354"	"148/7644"	0.688509971618921	0.999999184708237	0.838789204247606	"CDH1/DSP/MAPT/HIST1H1C/SFN/PMAIP1"	6
"M1"	"G0 and Early G1"	"G0 and Early G1"	"1/354"	"25/7644"	0.694970561046398	0.999999184708237	0.838789204247606	"MYBL2"	1
"M1"	"RORA activates circadian gene expression"	"RORA activates circadian gene expression"	"1/354"	"25/7644"	0.694970561046398	0.999999184708237	0.838789204247606	"PPARGC1A"	1
"M1"	"ATF4 activates genes"	"ATF4 activates genes"	"1/354"	"26/7644"	0.709143079932023	0.999999184708237	0.838789204247606	"CCL2"	1
"M1"	"Downregulation of TGF-beta receptor signaling"	"Downregulation of TGF-beta receptor signaling"	"1/354"	"26/7644"	0.709143079932023	0.999999184708237	0.838789204247606	"BAMBI"	1
"M1"	"Ligand-gated ion channel transport"	"Ligand-gated ion channel transport"	"1/354"	"26/7644"	0.709143079932023	0.999999184708237	0.838789204247606	"GABRB3"	1
"M1"	"Prefoldin mediated transfer of substrate  to CCT/TriC"	"Prefoldin mediated transfer of substrate  to CCT/TriC"	"1/354"	"26/7644"	0.709143079932023	0.999999184708237	0.838789204247606	"TUBB4A"	1
"M1"	"Signaling by Leptin"	"Signaling by Leptin"	"1/354"	"26/7644"	0.709143079932023	0.999999184708237	0.838789204247606	"IRS2"	1
"M1"	"VEGFR2 mediated vascular permeability"	"VEGFR2 mediated vascular permeability"	"1/354"	"26/7644"	0.709143079932023	0.999999184708237	0.838789204247606	"TRIB3"	1
"M1"	"Mitochondrial biogenesis"	"Mitochondrial biogenesis"	"2/354"	"53/7644"	0.71153169879663	0.999999184708237	0.838789204247606	"PPARGC1A/MAPK12"	2
"M1"	"Heparan sulfate/heparin (HS-GAG) metabolism"	"Heparan sulfate/heparin (HS-GAG) metabolism"	"2/354"	"54/7644"	0.721211793242045	0.999999184708237	0.838789204247606	"GPC4/GXYLT2"	2
"M1"	"Cooperation of Prefoldin and TriC/CCT  in actin and tubulin folding"	"Cooperation of Prefoldin and TriC/CCT  in actin and tubulin folding"	"1/354"	"27/7644"	0.722658878002916	0.999999184708237	0.838789204247606	"TUBB4A"	1
"M1"	"Detoxification of Reactive Oxygen Species"	"Detoxification of Reactive Oxygen Species"	"1/354"	"27/7644"	0.722658878002916	0.999999184708237	0.838789204247606	"GPX3"	1
"M1"	"Integrin alphaIIb beta3 signaling"	"Integrin alphaIIb beta3 signaling"	"1/354"	"27/7644"	0.722658878002916	0.999999184708237	0.838789204247606	"APBB1IP"	1
"M1"	"Sema4D in semaphorin signaling"	"Sema4D in semaphorin signaling"	"1/354"	"27/7644"	0.722658878002916	0.999999184708237	0.838789204247606	"MYH14"	1
"M1"	"Chemokine receptors bind chemokines"	"Chemokine receptors bind chemokines"	"2/354"	"55/7644"	0.730617128649058	0.999999184708237	0.838789204247606	"CCL2/CCL28"	2
"M1"	"Circadian Clock"	"Circadian Clock"	"2/354"	"55/7644"	0.730617128649058	0.999999184708237	0.838789204247606	"SERPINE1/PPARGC1A"	2
"M1"	"SHC1 events in ERBB4 signaling"	"SHC1 events in ERBB4 signaling"	"1/354"	"28/7644"	0.73554830391692	0.999999184708237	0.838789204247606	"NRG1"	1
"M1"	"Synthesis of PA"	"Synthesis of PA"	"1/354"	"28/7644"	0.73554830391692	0.999999184708237	0.838789204247606	"GPD1"	1
"M1"	"PERK regulates gene expression"	"PERK regulates gene expression"	"1/354"	"29/7644"	0.747840307647672	0.999999184708237	0.838789204247606	"CCL2"	1
"M1"	"SMAD2/SMAD3:SMAD4 heterotrimer regulates transcription"	"SMAD2/SMAD3:SMAD4 heterotrimer regulates transcription"	"1/354"	"29/7644"	0.747840307647672	0.999999184708237	0.838789204247606	"SERPINE1"	1
"M1"	"DNA Damage/Telomere Stress Induced Senescence"	"DNA Damage/Telomere Stress Induced Senescence"	"2/354"	"58/7644"	0.757231435765658	0.999999184708237	0.838789204247606	"HIST1H1C/HIST1H2BC"	2
"M1"	"formation of the beta-catenin:TCF transactivating complex"	"formation of the beta-catenin:TCF transactivating complex"	"2/354"	"58/7644"	0.757231435765658	0.999999184708237	0.838789204247606	"LEF1/HIST1H2BC"	2
"M1"	"Signaling by the B Cell Receptor (BCR)"	"Signaling by the B Cell Receptor (BCR)"	"8/354"	"209/7644"	0.759386218442565	0.999999184708237	0.838789204247606	"ERBB3/FGFR4/KL/TRIB3/FGFR3/FGFR2/IRS2/NRG1"	8
"M1"	"Glucagon-type ligand receptors"	"Glucagon-type ligand receptors"	"1/354"	"30/7644"	0.759562504770814	0.999999184708237	0.838789204247606	"SCTR"	1
"M1"	"Glutamate Binding, Activation of AMPA Receptors and Synaptic Plasticity"	"Glutamate Binding, Activation of AMPA Receptors and Synaptic Plasticity"	"1/354"	"30/7644"	0.759562504770814	0.999999184708237	0.838789204247606	"GRIA4"	1
"M1"	"GRB2 events in ERBB2 signaling"	"GRB2 events in ERBB2 signaling"	"1/354"	"30/7644"	0.759562504770814	0.999999184708237	0.838789204247606	"NRG1"	1
"M1"	"Inactivation, recovery and regulation of the phototransduction cascade"	"Inactivation, recovery and regulation of the phototransduction cascade"	"1/354"	"30/7644"	0.759562504770814	0.999999184708237	0.838789204247606	"RGS9"	1
"M1"	"RNA Polymerase I Promoter Opening"	"RNA Polymerase I Promoter Opening"	"1/354"	"30/7644"	0.759562504770814	0.999999184708237	0.838789204247606	"HIST1H2BC"	1
"M1"	"Trafficking of AMPA receptors"	"Trafficking of AMPA receptors"	"1/354"	"30/7644"	0.759562504770814	0.999999184708237	0.838789204247606	"GRIA4"	1
"M1"	"Immunoregulatory interactions between a Lymphoid and a non-Lymphoid cell"	"Immunoregulatory interactions between a Lymphoid and a non-Lymphoid cell"	"4/354"	"111/7644"	0.762908251119671	0.999999184708237	0.838789204247606	"C3/VCAM1/CDH1/CXADR"	4
"M1"	"HS-GAG biosynthesis"	"HS-GAG biosynthesis"	"1/354"	"31/7644"	0.770741237803534	0.999999184708237	0.838789204247606	"GPC4"	1
"M1"	"NOD1/2 Signaling Pathway"	"NOD1/2 Signaling Pathway"	"1/354"	"31/7644"	0.770741237803534	0.999999184708237	0.838789204247606	"MAPK12"	1
"M1"	"Packaging Of Telomere Ends"	"Packaging Of Telomere Ends"	"1/354"	"31/7644"	0.770741237803534	0.999999184708237	0.838789204247606	"HIST1H2BC"	1
"M1"	"Striated Muscle Contraction"	"Striated Muscle Contraction"	"1/354"	"31/7644"	0.770741237803534	0.999999184708237	0.838789204247606	"MYL3"	1
"M1"	"The phototransduction cascade"	"The phototransduction cascade"	"1/354"	"31/7644"	0.770741237803534	0.999999184708237	0.838789204247606	"RGS9"	1
"M1"	"G alpha (i) signalling events"	"G alpha (i) signalling events"	"9/354"	"236/7644"	0.772099736438985	0.999999184708237	0.838789204247606	"C3/AGT/GPER1/CCL28/BDKRB2/LPAR1/ADRA2C/GRM8/RGS9"	9
"M1"	"Fc epsilon receptor (FCERI) signaling"	"Fc epsilon receptor (FCERI) signaling"	"8/354"	"212/7644"	0.773011279232124	0.999999184708237	0.838789204247606	"ERBB3/FGFR4/KL/TRIB3/FGFR3/FGFR2/IRS2/NRG1"	8
"M1"	"CD28 co-stimulation"	"CD28 co-stimulation"	"1/354"	"32/7644"	0.781401634732149	0.999999184708237	0.838789204247606	"TRIB3"	1
"M1"	"DNA methylation"	"DNA methylation"	"1/354"	"32/7644"	0.781401634732149	0.999999184708237	0.838789204247606	"HIST1H2BC"	1
"M1"	"Signaling by NOTCH2"	"Signaling by NOTCH2"	"1/354"	"32/7644"	0.781401634732149	0.999999184708237	0.838789204247606	"MDK"	1
"M1"	"Signaling by Robo receptor"	"Signaling by Robo receptor"	"1/354"	"32/7644"	0.781401634732149	0.999999184708237	0.838789204247606	"SLIT2"	1
"M1"	"TGF-beta receptor signaling activates SMADs"	"TGF-beta receptor signaling activates SMADs"	"1/354"	"32/7644"	0.781401634732149	0.999999184708237	0.838789204247606	"BAMBI"	1
"M1"	"Ca2+ pathway"	"Ca2+ pathway"	"2/354"	"61/7644"	0.781547249383519	0.999999184708237	0.838789204247606	"LEF1/WNT5A"	2
"M1"	"Cell death signalling via NRAGE, NRIF and NADE"	"Cell death signalling via NRAGE, NRIF and NADE"	"2/354"	"61/7644"	0.781547249383519	0.999999184708237	0.838789204247606	"ARHGEF16/NGEF"	2
"M1"	"deactivation of the beta-catenin transactivating complex"	"deactivation of the beta-catenin transactivating complex"	"1/354"	"33/7644"	0.791567664856272	0.999999184708237	0.838789204247606	"LEF1"	1
"M1"	"Synthesis of PIPs at the plasma membrane"	"Synthesis of PIPs at the plasma membrane"	"1/354"	"33/7644"	0.791567664856272	0.999999184708237	0.838789204247606	"INPP5J"	1
"M1"	"Gastrin-CREB signalling pathway via PKC and MAPK"	"Gastrin-CREB signalling pathway via PKC and MAPK"	"8/354"	"217/7644"	0.794468354220981	0.999999184708237	0.838789204247606	"AGT/F2RL1/NMB/BDKRB2/QRFPR/LPAR1/EDN2/KISS1R"	8
"M1"	"Signalling to RAS"	"Signalling to RAS"	"1/354"	"34/7644"	0.801262192072259	0.999999184708237	0.838789204247606	"MAPK12"	1
"M1"	"SIRT1 negatively regulates rRNA Expression"	"SIRT1 negatively regulates rRNA Expression"	"1/354"	"35/7644"	0.81050702571305	0.999999184708237	0.838789204247606	"HIST1H2BC"	1
"M1"	"Beta defensins"	"Beta defensins"	"1/354"	"36/7644"	0.819322969056141	0.999999184708237	0.838789204247606	"DEFB1"	1
"M1"	"Gamma carboxylation, hypusine formation and arylsulfatase activation"	"Gamma carboxylation, hypusine formation and arylsulfatase activation"	"1/354"	"36/7644"	0.819322969056141	0.999999184708237	0.838789204247606	"ARSE"	1
"M1"	"Semaphorin interactions"	"Semaphorin interactions"	"2/354"	"67/7644"	0.823845747005419	0.999999184708237	0.838789204247606	"MYH14/PLXNB3"	2
"M1"	"Class C/3 (Metabotropic glutamate/pheromone receptors)"	"Class C/3 (Metabotropic glutamate/pheromone receptors)"	"1/354"	"40/7644"	0.850681226214369	0.999999184708237	0.838789204247606	"GRM8"	1
"M1"	"Interleukin-1 signaling"	"Interleukin-1 signaling"	"1/354"	"40/7644"	0.850681226214369	0.999999184708237	0.838789204247606	"IL1R2"	1
"M1"	"PRC2 methylates histones and DNA"	"PRC2 methylates histones and DNA"	"1/354"	"40/7644"	0.850681226214369	0.999999184708237	0.838789204247606	"HIST1H2BC"	1
"M1"	"Uptake and actions of bacterial toxins"	"Uptake and actions of bacterial toxins"	"1/354"	"40/7644"	0.850681226214369	0.999999184708237	0.838789204247606	"SNAP25"	1
"M1"	"Condensation of Prophase Chromosomes"	"Condensation of Prophase Chromosomes"	"1/354"	"41/7644"	0.85763267886036	0.999999184708237	0.838789204247606	"HIST1H2BC"	1
"M1"	"Transcriptional activity of SMAD2/SMAD3:SMAD4 heterotrimer"	"Transcriptional activity of SMAD2/SMAD3:SMAD4 heterotrimer"	"1/354"	"41/7644"	0.85763267886036	0.999999184708237	0.838789204247606	"SERPINE1"	1
"M1"	"G alpha (12/13) signalling events"	"G alpha (12/13) signalling events"	"2/354"	"75/7644"	0.868783184982452	0.999999184708237	0.838789204247606	"ARHGEF16/NGEF"	2
"M1"	"Senescence-Associated Secretory Phenotype (SASP)"	"Senescence-Associated Secretory Phenotype (SASP)"	"2/354"	"76/7644"	0.873595018594482	0.999999184708237	0.838789204247606	"UBE2C/HIST1H2BC"	2
"M1"	"Signalling to ERKs"	"Signalling to ERKs"	"1/354"	"44/7644"	0.876609628824828	0.999999184708237	0.838789204247606	"MAPK12"	1
"M1"	"Transcriptional activation of mitochondrial biogenesis"	"Transcriptional activation of mitochondrial biogenesis"	"1/354"	"44/7644"	0.876609628824828	0.999999184708237	0.838789204247606	"PPARGC1A"	1
"M1"	"Defensins"	"Defensins"	"1/354"	"46/7644"	0.88783742959629	0.999999184708237	0.838789204247606	"DEFB1"	1
"M1"	"G alpha (z) signalling events"	"G alpha (z) signalling events"	"1/354"	"46/7644"	0.88783742959629	0.999999184708237	0.838789204247606	"ADRA2C"	1
"M1"	"Chaperonin-mediated protein folding"	"Chaperonin-mediated protein folding"	"1/354"	"48/7644"	0.898046188910821	0.999999184708237	0.838789204247606	"TUBB4A"	1
"M1"	"XBP1(S) activates chaperone genes"	"XBP1(S) activates chaperone genes"	"1/354"	"48/7644"	0.898046188910821	0.999999184708237	0.838789204247606	"KDELR3"	1
"M1"	"Unfolded Protein Response (UPR)"	"Unfolded Protein Response (UPR)"	"2/354"	"82/7644"	0.899211897750786	0.999999184708237	0.838789204247606	"CCL2/KDELR3"	2
"M1"	"Muscle contraction"	"Muscle contraction"	"1/354"	"49/7644"	0.902797590849417	0.999999184708237	0.838789204247606	"MYL3"	1
"M1"	"p75 NTR receptor-mediated signalling"	"p75 NTR receptor-mediated signalling"	"2/354"	"83/7644"	0.902980776612365	0.999999184708237	0.838789204247606	"ARHGEF16/NGEF"	2
"M1"	"IRE1alpha activates chaperones"	"IRE1alpha activates chaperones"	"1/354"	"50/7644"	0.907328157385204	0.999999184708237	0.838789204247606	"KDELR3"	1
"M1"	"Cargo trafficking to the periciliary membrane"	"Cargo trafficking to the periciliary membrane"	"1/354"	"51/7644"	0.911648124765457	0.999999184708237	0.838789204247606	"CYS1"	1
"M1"	"Nucleotide-binding domain, leucine rich repeat containing receptor (NLR) signaling pathways"	"Nucleotide-binding domain, leucine rich repeat containing receptor (NLR) signaling pathways"	"1/354"	"51/7644"	0.911648124765457	0.999999184708237	0.838789204247606	"MAPK12"	1
"M1"	"PI Metabolism"	"PI Metabolism"	"1/354"	"51/7644"	0.911648124765457	0.999999184708237	0.838789204247606	"INPP5J"	1
"M1"	"Deposition of new CENPA-containing nucleosomes at the centromere"	"Deposition of new CENPA-containing nucleosomes at the centromere"	"1/354"	"52/7644"	0.915767256048616	0.999999184708237	0.838789204247606	"HIST1H2BC"	1
"M1"	"Mitochondrial protein import"	"Mitochondrial protein import"	"1/354"	"52/7644"	0.915767256048616	0.999999184708237	0.838789204247606	"LDHD"	1
"M1"	"Nucleosome assembly"	"Nucleosome assembly"	"1/354"	"52/7644"	0.915767256048616	0.999999184708237	0.838789204247606	"HIST1H2BC"	1
"M1"	"Synthesis of substrates in N-glycan biosythesis"	"Synthesis of substrates in N-glycan biosythesis"	"1/354"	"52/7644"	0.915767256048616	0.999999184708237	0.838789204247606	"GFPT2"	1
"M1"	"Asparagine N-linked glycosylation"	"Asparagine N-linked glycosylation"	"3/354"	"118/7644"	0.916164859731917	0.999999184708237	0.838789204247606	"MGAT3/MAN1C1/GFPT2"	3
"M1"	"Defective ALG11 causes ALG11-CDG (CDG-1p)"	"Defective ALG11 causes ALG11-CDG (CDG-1p)"	"3/354"	"118/7644"	0.916164859731917	0.999999184708237	0.838789204247606	"MGAT3/MAN1C1/GFPT2"	3
"M1"	"Defective ALG12 causes ALG12-CDG (CDG-1g)"	"Defective ALG12 causes ALG12-CDG (CDG-1g)"	"3/354"	"118/7644"	0.916164859731917	0.999999184708237	0.838789204247606	"MGAT3/MAN1C1/GFPT2"	3
"M1"	"Defective ALG14 causes congenital myasthenic syndrome (ALG14-CMS)"	"Defective ALG14 causes congenital myasthenic syndrome (ALG14-CMS)"	"3/354"	"118/7644"	0.916164859731917	0.999999184708237	0.838789204247606	"MGAT3/MAN1C1/GFPT2"	3
"M1"	"Defective ALG1 causes ALG1-CDG (CDG-1k)"	"Defective ALG1 causes ALG1-CDG (CDG-1k)"	"3/354"	"118/7644"	0.916164859731917	0.999999184708237	0.838789204247606	"MGAT3/MAN1C1/GFPT2"	3
"M1"	"Defective ALG2 causes ALG2-CDG (CDG-1i)"	"Defective ALG2 causes ALG2-CDG (CDG-1i)"	"3/354"	"118/7644"	0.916164859731917	0.999999184708237	0.838789204247606	"MGAT3/MAN1C1/GFPT2"	3
"M1"	"Defective ALG3 causes ALG3-CDG (CDG-1d)"	"Defective ALG3 causes ALG3-CDG (CDG-1d)"	"3/354"	"118/7644"	0.916164859731917	0.999999184708237	0.838789204247606	"MGAT3/MAN1C1/GFPT2"	3
"M1"	"Defective ALG6 causes ALG6-CDG (CDG-1c)"	"Defective ALG6 causes ALG6-CDG (CDG-1c)"	"3/354"	"118/7644"	0.916164859731917	0.999999184708237	0.838789204247606	"MGAT3/MAN1C1/GFPT2"	3
"M1"	"Defective ALG8 causes ALG8-CDG (CDG-1h)"	"Defective ALG8 causes ALG8-CDG (CDG-1h)"	"3/354"	"118/7644"	0.916164859731917	0.999999184708237	0.838789204247606	"MGAT3/MAN1C1/GFPT2"	3
"M1"	"Defective ALG9 causes ALG9-CDG (CDG-1l)"	"Defective ALG9 causes ALG9-CDG (CDG-1l)"	"3/354"	"118/7644"	0.916164859731917	0.999999184708237	0.838789204247606	"MGAT3/MAN1C1/GFPT2"	3
"M1"	"Defective DPAGT1 causes DPAGT1-CDG (CDG-1j) and CMSTA2"	"Defective DPAGT1 causes DPAGT1-CDG (CDG-1j) and CMSTA2"	"3/354"	"118/7644"	0.916164859731917	0.999999184708237	0.838789204247606	"MGAT3/MAN1C1/GFPT2"	3
"M1"	"Defective MAN1B1 causes MRT15"	"Defective MAN1B1 causes MRT15"	"3/354"	"118/7644"	0.916164859731917	0.999999184708237	0.838789204247606	"MGAT3/MAN1C1/GFPT2"	3
"M1"	"Defective MGAT2 causes MGAT2-CDG (CDG-2a)"	"Defective MGAT2 causes MGAT2-CDG (CDG-2a)"	"3/354"	"118/7644"	0.916164859731917	0.999999184708237	0.838789204247606	"MGAT3/MAN1C1/GFPT2"	3
"M1"	"Defective MOGS causes MOGS-CDG (CDG-2b)"	"Defective MOGS causes MOGS-CDG (CDG-2b)"	"3/354"	"118/7644"	0.916164859731917	0.999999184708237	0.838789204247606	"MGAT3/MAN1C1/GFPT2"	3
"M1"	"Defective MPDU1 causes MPDU1-CDG (CDG-1f)"	"Defective MPDU1 causes MPDU1-CDG (CDG-1f)"	"3/354"	"118/7644"	0.916164859731917	0.999999184708237	0.838789204247606	"MGAT3/MAN1C1/GFPT2"	3
"M1"	"Defective RFT1 causes RFT1-CDG (CDG-1n)"	"Defective RFT1 causes RFT1-CDG (CDG-1n)"	"3/354"	"118/7644"	0.916164859731917	0.999999184708237	0.838789204247606	"MGAT3/MAN1C1/GFPT2"	3
"M1"	"Diseases associated with N-glycosylation of proteins"	"Diseases associated with N-glycosylation of proteins"	"3/354"	"118/7644"	0.916164859731917	0.999999184708237	0.838789204247606	"MGAT3/MAN1C1/GFPT2"	3
"M1"	"Glycerophospholipid biosynthesis"	"Glycerophospholipid biosynthesis"	"2/354"	"88/7644"	0.919930534408298	0.999999184708237	0.838789204247606	"GPD1/ETNK2"	2
"M1"	"Golgi Associated Vesicle Biogenesis"	"Golgi Associated Vesicle Biogenesis"	"1/354"	"54/7644"	0.923439826497654	0.999999184708237	0.838789204247606	"TPD52L1"	1
"M1"	"Meiotic recombination"	"Meiotic recombination"	"1/354"	"54/7644"	0.923439826497654	0.999999184708237	0.838789204247606	"HIST1H2BC"	1
"M1"	"Protein folding"	"Protein folding"	"1/354"	"54/7644"	0.923439826497654	0.999999184708237	0.838789204247606	"TUBB4A"	1
"M1"	"Rho GTPase cycle"	"Rho GTPase cycle"	"3/354"	"122/7644"	0.926812981084724	0.999999184708237	0.838789204247606	"ARHGEF16/NGEF/DEPDC7"	3
"M1"	"Signaling by Rho GTPases"	"Signaling by Rho GTPases"	"3/354"	"122/7644"	0.926812981084724	0.999999184708237	0.838789204247606	"ARHGEF16/NGEF/DEPDC7"	3
"M1"	"PCP/CE pathway"	"PCP/CE pathway"	"2/354"	"91/7644"	0.928722673868682	0.999999184708237	0.838789204247606	"WNT5A/WNT5B"	2
"M1"	"RNA Polymerase I Chain Elongation"	"RNA Polymerase I Chain Elongation"	"1/354"	"56/7644"	0.93041531366867	0.999999184708237	0.838789204247606	"HIST1H2BC"	1
"M1"	"Signaling by WNT in cancer"	"Signaling by WNT in cancer"	"6/354"	"212/7644"	0.933030364335065	0.999999184708237	0.838789204247606	"LEF1/WNT5A/WNT9A/HIST1H2BC/WNT3/WNT5B"	6
"M1"	"Meiotic synapsis"	"Meiotic synapsis"	"1/354"	"57/7644"	0.933661620859141	0.999999184708237	0.838789204247606	"HIST1H2BC"	1
"M1"	"Hh ligand biogenesis disease"	"Hh ligand biogenesis disease"	"1/354"	"58/7644"	0.93675688726429	0.999999184708237	0.838789204247606	"SHH"	1
"M1"	"Autodegradation of Cdh1 by Cdh1:APC/C"	"Autodegradation of Cdh1 by Cdh1:APC/C"	"1/354"	"60/7644"	0.942522007331551	0.999999184708237	0.838789204247606	"UBE2C"	1
"M1"	"HDACs deacetylate histones"	"HDACs deacetylate histones"	"1/354"	"60/7644"	0.942522007331551	0.999999184708237	0.838789204247606	"HIST1H2BC"	1
"M1"	"Telomere Maintenance"	"Telomere Maintenance"	"1/354"	"60/7644"	0.942522007331551	0.999999184708237	0.838789204247606	"HIST1H2BC"	1
"M1"	"Translocation of GLUT4 to the plasma membrane"	"Translocation of GLUT4 to the plasma membrane"	"1/354"	"60/7644"	0.942522007331551	0.999999184708237	0.838789204247606	"SFN"	1
"M1"	"Membrane Trafficking"	"Membrane Trafficking"	"5/354"	"190/7644"	0.944228738637483	0.999999184708237	0.838789204247606	"DNM1/GJB2/TPD52L1/GJB1/SFN"	5
"M1"	"misspliced LRP5 mutants have enhanced beta-catenin-dependent signaling"	"misspliced LRP5 mutants have enhanced beta-catenin-dependent signaling"	"5/354"	"190/7644"	0.944228738637483	0.999999184708237	0.838789204247606	"LEF1/WNT5A/WNT9A/HIST1H2BC/WNT3"	5
"M1"	"RNF mutants show enhanced WNT signaling and proliferation"	"RNF mutants show enhanced WNT signaling and proliferation"	"5/354"	"190/7644"	0.944228738637483	0.999999184708237	0.838789204247606	"LEF1/WNT5A/WNT9A/HIST1H2BC/WNT3"	5
"M1"	"TCF dependent signaling in response to WNT"	"TCF dependent signaling in response to WNT"	"5/354"	"190/7644"	0.944228738637483	0.999999184708237	0.838789204247606	"LEF1/WNT5A/WNT9A/HIST1H2BC/WNT3"	5
"M1"	"XAV939 inhibits tankyrase, stabilizing AXIN"	"XAV939 inhibits tankyrase, stabilizing AXIN"	"5/354"	"190/7644"	0.944228738637483	0.999999184708237	0.838789204247606	"LEF1/WNT5A/WNT9A/HIST1H2BC/WNT3"	5
"M1"	"Clathrin derived vesicle budding"	"Clathrin derived vesicle budding"	"1/354"	"61/7644"	0.945204919964018	0.999999184708237	0.838789204247606	"TPD52L1"	1
"M1"	"trans-Golgi Network Vesicle Budding"	"trans-Golgi Network Vesicle Budding"	"1/354"	"61/7644"	0.945204919964018	0.999999184708237	0.838789204247606	"TPD52L1"	1
"M1"	"Loss of Nlp from mitotic centrosomes"	"Loss of Nlp from mitotic centrosomes"	"1/354"	"62/7644"	0.947762938997743	0.999999184708237	0.838789204247606	"TUBB4A"	1
"M1"	"Loss of proteins required for interphase microtubule organization from the centrosome"	"Loss of proteins required for interphase microtubule organization from the centrosome"	"1/354"	"62/7644"	0.947762938997743	0.999999184708237	0.838789204247606	"TUBB4A"	1
"M1"	"Platelet activation, signaling and aggregation"	"Platelet activation, signaling and aggregation"	"6/354"	"221/7644"	0.947813005063137	0.999999184708237	0.838789204247606	"CLU/SERPINA1/SERPINF2/SERPINE1/APBB1IP/ADRA2C"	6
"M1"	"Asymmetric localization of PCP proteins"	"Asymmetric localization of PCP proteins"	"1/354"	"63/7644"	0.950201862711116	0.999999184708237	0.838789204247606	"WNT5A"	1
"M1"	"APC/C:Cdc20 mediated degradation of Securin"	"APC/C:Cdc20 mediated degradation of Securin"	"1/354"	"64/7644"	0.952527220922469	0.999999184708237	0.838789204247606	"UBE2C"	1
"M1"	"Hedgehog ligand biogenesis"	"Hedgehog ligand biogenesis"	"1/354"	"64/7644"	0.952527220922469	0.999999184708237	0.838789204247606	"SHH"	1
"M1"	"Processing-defective Hh variants abrogate ligand secretion"	"Processing-defective Hh variants abrogate ligand secretion"	"1/354"	"64/7644"	0.952527220922469	0.999999184708237	0.838789204247606	"SHH"	1
"M1"	"Interferon Signaling"	"Interferon Signaling"	"5/354"	"196/7644"	0.953389433579605	0.999999184708237	0.838789204247606	"VCAM1/MT2A/IRF6/NCAM1/TRIM10"	5
"M1"	"MHC class II antigen presentation"	"MHC class II antigen presentation"	"2/354"	"103/7644"	0.955572178005191	0.999999184708237	0.838789204247606	"DNM1/SPTBN2"	2
"M1"	"Phospholipid metabolism"	"Phospholipid metabolism"	"3/354"	"138/7644"	0.958131322137377	0.999999184708237	0.838789204247606	"GPD1/ETNK2/INPP5J"	3
"M1"	"Biosynthesis of the N-glycan precursor (dolichol lipid-linked oligosaccharide, LLO) and transfer to a nascent protein"	"Biosynthesis of the N-glycan precursor (dolichol lipid-linked oligosaccharide, LLO) and transfer to a nascent protein"	"1/354"	"67/7644"	0.958873430171519	0.999999184708237	0.838789204247606	"GFPT2"	1
"M1"	"Interferon alpha/beta signaling"	"Interferon alpha/beta signaling"	"1/354"	"67/7644"	0.958873430171519	0.999999184708237	0.838789204247606	"IRF6"	1
"M1"	"VEGFA-VEGFR2 Pathway"	"VEGFA-VEGFR2 Pathway"	"2/354"	"105/7644"	0.958981613160754	0.999999184708237	0.838789204247606	"TRIB3/MAPK12"	2
"M1"	"APC/C:Cdh1 mediated degradation of Cdc20 and other APC/C:Cdh1 targeted proteins in late mitosis/early G1"	"APC/C:Cdh1 mediated degradation of Cdc20 and other APC/C:Cdh1 targeted proteins in late mitosis/early G1"	"1/354"	"69/7644"	0.962626795756157	0.999999184708237	0.838789204247606	"UBE2C"	1
"M1"	"Cdc20:Phospho-APC/C mediated degradation of Cyclin A"	"Cdc20:Phospho-APC/C mediated degradation of Cyclin A"	"1/354"	"69/7644"	0.962626795756157	0.999999184708237	0.838789204247606	"UBE2C"	1
"M1"	"APC:Cdc20 mediated degradation of cell cycle proteins prior to satisfation of the cell cycle checkpoint"	"APC:Cdc20 mediated degradation of cell cycle proteins prior to satisfation of the cell cycle checkpoint"	"1/354"	"70/7644"	0.964373345499038	0.999999184708237	0.838789204247606	"UBE2C"	1
"M1"	"Transcriptional regulation by small RNAs"	"Transcriptional regulation by small RNAs"	"1/354"	"71/7644"	0.96603849412504	0.999999184708237	0.838789204247606	"HIST1H2BC"	1
"M1"	"beta-catenin independent WNT signaling"	"beta-catenin independent WNT signaling"	"3/354"	"144/7644"	0.96623391956303	0.999999184708237	0.838789204247606	"LEF1/WNT5A/WNT5B"	3
"M1"	"APC/C:Cdc20 mediated degradation of mitotic proteins"	"APC/C:Cdc20 mediated degradation of mitotic proteins"	"1/354"	"72/7644"	0.967626025232888	0.999999184708237	0.838789204247606	"UBE2C"	1
"M1"	"Centrosome maturation"	"Centrosome maturation"	"1/354"	"72/7644"	0.967626025232888	0.999999184708237	0.838789204247606	"TUBB4A"	1
"M1"	"Recruitment of mitotic centrosome proteins and complexes"	"Recruitment of mitotic centrosome proteins and complexes"	"1/354"	"72/7644"	0.967626025232888	0.999999184708237	0.838789204247606	"TUBB4A"	1
"M1"	"Activation of APC/C and APC/C:Cdc20 mediated degradation of mitotic proteins"	"Activation of APC/C and APC/C:Cdc20 mediated degradation of mitotic proteins"	"1/354"	"73/7644"	0.969139547032619	0.999999184708237	0.838789204247606	"UBE2C"	1
"M1"	"Costimulation by the CD28 family"	"Costimulation by the CD28 family"	"1/354"	"73/7644"	0.969139547032619	0.999999184708237	0.838789204247606	"TRIB3"	1
"M1"	"Signaling by VEGF"	"Signaling by VEGF"	"2/354"	"113/7644"	0.970277002425939	0.999999184708237	0.838789204247606	"TRIB3/MAPK12"	2
"M1"	"NoRC negatively regulates rRNA expression"	"NoRC negatively regulates rRNA expression"	"1/354"	"74/7644"	0.970582500453627	0.999999184708237	0.838789204247606	"HIST1H2BC"	1
"M1"	"G2/M Transition"	"G2/M Transition"	"2/354"	"114/7644"	0.971458243208863	0.999999184708237	0.838789204247606	"TUBB4A/MYBL2"	2
"M1"	"RNA Polymerase I Promoter Clearance"	"RNA Polymerase I Promoter Clearance"	"1/354"	"76/7644"	0.973269675522705	0.999999184708237	0.838789204247606	"HIST1H2BC"	1
"M1"	"Mitotic G2-G2/M phases"	"Mitotic G2-G2/M phases"	"2/354"	"116/7644"	0.973686605609995	0.999999184708237	0.838789204247606	"TUBB4A/MYBL2"	2
"M1"	"Negative epigenetic regulation of rRNA expression"	"Negative epigenetic regulation of rRNA expression"	"1/354"	"77/7644"	0.974520010467864	0.999999184708237	0.838789204247606	"HIST1H2BC"	1
"M1"	"Regulation of APC/C activators between G1/S and early anaphase"	"Regulation of APC/C activators between G1/S and early anaphase"	"1/354"	"77/7644"	0.974520010467864	0.999999184708237	0.838789204247606	"UBE2C"	1
"M1"	"RNA Polymerase I Transcription"	"RNA Polymerase I Transcription"	"1/354"	"78/7644"	0.975712017378711	0.999999184708237	0.838789204247606	"HIST1H2BC"	1
"M1"	"Cellular responses to stress"	"Cellular responses to stress"	"6/354"	"249/7644"	0.97695485546379	0.999999184708237	0.838789204247606	"GPX3/EGLN3/CA9/HIST1H1C/UBE2C/HIST1H2BC"	6
"M1"	"Cytokine Signaling in Immune system"	"Cytokine Signaling in Immune system"	"8/354"	"308/7644"	0.977284360861791	0.999999184708237	0.838789204247606	"VCAM1/MT2A/IRS2/IRF6/GHR/NCAM1/IL1R2/TRIM10"	8
"M1"	"Regulation of PLK1 Activity at G2/M Transition"	"Regulation of PLK1 Activity at G2/M Transition"	"1/354"	"80/7644"	0.977931775785759	0.999999184708237	0.838789204247606	"TUBB4A"	1
"M1"	"AMER1 mutants destabilize the destruction complex"	"AMER1 mutants destabilize the destruction complex"	"1/354"	"82/7644"	0.979949183731694	0.999999184708237	0.838789204247606	"LEF1"	1
"M1"	"APC truncation mutants are not K63 polyubiquitinated"	"APC truncation mutants are not K63 polyubiquitinated"	"1/354"	"82/7644"	0.979949183731694	0.999999184708237	0.838789204247606	"LEF1"	1
"M1"	"APC truncation mutants have impaired AXIN binding"	"APC truncation mutants have impaired AXIN binding"	"1/354"	"82/7644"	0.979949183731694	0.999999184708237	0.838789204247606	"LEF1"	1
"M1"	"AXIN missense mutants destabilize the destruction complex"	"AXIN missense mutants destabilize the destruction complex"	"1/354"	"82/7644"	0.979949183731694	0.999999184708237	0.838789204247606	"LEF1"	1
"M1"	"AXIN mutants destabilize the destruction complex, activating WNT signaling"	"AXIN mutants destabilize the destruction complex, activating WNT signaling"	"1/354"	"82/7644"	0.979949183731694	0.999999184708237	0.838789204247606	"LEF1"	1
"M1"	"Degradation of beta-catenin by the destruction complex"	"Degradation of beta-catenin by the destruction complex"	"1/354"	"82/7644"	0.979949183731694	0.999999184708237	0.838789204247606	"LEF1"	1
"M1"	"deletions in the AMER1 gene destabilize the destruction complex"	"deletions in the AMER1 gene destabilize the destruction complex"	"1/354"	"82/7644"	0.979949183731694	0.999999184708237	0.838789204247606	"LEF1"	1
"M1"	"deletions in the AXIN genes in hepatocellular carcinoma result in elevated WNT signaling"	"deletions in the AXIN genes in hepatocellular carcinoma result in elevated WNT signaling"	"1/354"	"82/7644"	0.979949183731694	0.999999184708237	0.838789204247606	"LEF1"	1
"M1"	"misspliced GSK3beta mutants stabilize beta-catenin"	"misspliced GSK3beta mutants stabilize beta-catenin"	"1/354"	"82/7644"	0.979949183731694	0.999999184708237	0.838789204247606	"LEF1"	1
"M1"	"phosphorylation site mutants of CTNNB1 are not targeted to the proteasome by the destruction complex"	"phosphorylation site mutants of CTNNB1 are not targeted to the proteasome by the destruction complex"	"1/354"	"82/7644"	0.979949183731694	0.999999184708237	0.838789204247606	"LEF1"	1
"M1"	"S33 mutants of beta-catenin aren't phosphorylated"	"S33 mutants of beta-catenin aren't phosphorylated"	"1/354"	"82/7644"	0.979949183731694	0.999999184708237	0.838789204247606	"LEF1"	1
"M1"	"S37 mutants of beta-catenin aren't phosphorylated"	"S37 mutants of beta-catenin aren't phosphorylated"	"1/354"	"82/7644"	0.979949183731694	0.999999184708237	0.838789204247606	"LEF1"	1
"M1"	"S45 mutants of beta-catenin aren't phosphorylated"	"S45 mutants of beta-catenin aren't phosphorylated"	"1/354"	"82/7644"	0.979949183731694	0.999999184708237	0.838789204247606	"LEF1"	1
"M1"	"T41 mutants of beta-catenin aren't phosphorylated"	"T41 mutants of beta-catenin aren't phosphorylated"	"1/354"	"82/7644"	0.979949183731694	0.999999184708237	0.838789204247606	"LEF1"	1
"M1"	"TCF7L2 mutants don't bind CTBP"	"TCF7L2 mutants don't bind CTBP"	"1/354"	"82/7644"	0.979949183731694	0.999999184708237	0.838789204247606	"LEF1"	1
"M1"	"truncated APC mutants destabilize the destruction complex"	"truncated APC mutants destabilize the destruction complex"	"1/354"	"82/7644"	0.979949183731694	0.999999184708237	0.838789204247606	"LEF1"	1
"M1"	"truncations of AMER1 destabilize the destruction complex"	"truncations of AMER1 destabilize the destruction complex"	"1/354"	"82/7644"	0.979949183731694	0.999999184708237	0.838789204247606	"LEF1"	1
"M1"	"Cellular Senescence"	"Cellular Senescence"	"3/354"	"159/7644"	0.98050895783023	0.999999184708237	0.838789204247606	"HIST1H1C/UBE2C/HIST1H2BC"	3
"M1"	"APC/C-mediated degradation of cell cycle proteins"	"APC/C-mediated degradation of cell cycle proteins"	"1/354"	"83/7644"	0.980887822842906	0.999999184708237	0.838789204247606	"UBE2C"	1
"M1"	"Regulation of mitotic cell cycle"	"Regulation of mitotic cell cycle"	"1/354"	"83/7644"	0.980887822842906	0.999999184708237	0.838789204247606	"UBE2C"	1
"M1"	"Hedgehog 'on' state"	"Hedgehog 'on' state"	"1/354"	"85/7644"	0.982635674882786	0.999999184708237	0.838789204247606	"SHH"	1
"M1"	"Meiosis"	"Meiosis"	"1/354"	"85/7644"	0.982635674882786	0.999999184708237	0.838789204247606	"HIST1H2BC"	1
"M1"	"Chromosome Maintenance"	"Chromosome Maintenance"	"1/354"	"87/7644"	0.984224091996441	0.999999184708237	0.838789204247606	"HIST1H2BC"	1
"M1"	"Anchoring of the basal body to the plasma membrane"	"Anchoring of the basal body to the plasma membrane"	"1/354"	"89/7644"	0.985667580031288	0.999999184708237	0.838789204247606	"TUBB4A"	1
"M1"	"Oxidative Stress Induced Senescence"	"Oxidative Stress Induced Senescence"	"1/354"	"91/7644"	0.986979328458276	0.999999184708237	0.838789204247606	"HIST1H2BC"	1
"M1"	"Epigenetic regulation of gene expression"	"Epigenetic regulation of gene expression"	"1/354"	"94/7644"	0.988725871879617	0.999999184708237	0.838789204247606	"HIST1H2BC"	1
"M1"	"Regulatory RNA pathways"	"Regulatory RNA pathways"	"1/354"	"100/7644"	0.991549046411465	0.999999184708237	0.838789204247606	"HIST1H2BC"	1
"M1"	"Signaling by Wnt"	"Signaling by Wnt"	"6/354"	"286/7644"	0.992797344068686	0.999999184708237	0.838789204247606	"LEF1/WNT5A/WNT9A/HIST1H2BC/WNT3/WNT5B"	6
"M1"	"HATs acetylate histones"	"HATs acetylate histones"	"1/354"	"105/7644"	0.993354718012742	0.999999184708237	0.838789204247606	"HIST1H2BC"	1
"M1"	"Mitotic Prophase"	"Mitotic Prophase"	"1/354"	"106/7644"	0.993666752741949	0.999999184708237	0.838789204247606	"HIST1H2BC"	1
"M1"	"Signaling by Interleukins"	"Signaling by Interleukins"	"1/354"	"109/7644"	0.99451788052066	0.999999184708237	0.838789204247606	"IL1R2"	1
"M1"	"RNA Polymerase I, RNA Polymerase III, and Mitochondrial Transcription"	"RNA Polymerase I, RNA Polymerase III, and Mitochondrial Transcription"	"1/354"	"114/7644"	0.995690484747649	0.999999184708237	0.838789204247606	"HIST1H2BC"	1
"M1"	"Cell Cycle Checkpoints"	"Cell Cycle Checkpoints"	"1/354"	"118/7644"	0.996445642061313	0.999999184708237	0.838789204247606	"UBE2C"	1
"M1"	"Signaling by NOTCH"	"Signaling by NOTCH"	"1/354"	"122/7644"	0.997068780552056	0.999999184708237	0.838789204247606	"MDK"	1
"M1"	"Toll Like Receptor 4 (TLR4) Cascade"	"Toll Like Receptor 4 (TLR4) Cascade"	"1/354"	"124/7644"	0.997338203701487	0.999999184708237	0.838789204247606	"DNM1"	1
"M1"	"Antigen processing: Ubiquitination & Proteasome degradation"	"Antigen processing: Ubiquitination & Proteasome degradation"	"3/354"	"211/7644"	0.997386938766514	0.999999184708237	0.838789204247606	"TRIM9/UBE2C/FBXO2"	3
"M1"	"Factors involved in megakaryocyte development and platelet production"	"Factors involved in megakaryocyte development and platelet production"	"1/354"	"125/7644"	0.99746350634639	0.999999184708237	0.838789204247606	"GATA3"	1
"M1"	"Assembly of the primary cilium"	"Assembly of the primary cilium"	"2/354"	"179/7644"	0.998158287198118	0.999999184708237	0.838789204247606	"CYS1/TUBB4A"	2
"M1"	"Mitotic G1-G1/S phases"	"Mitotic G1-G1/S phases"	"1/354"	"135/7644"	0.998434452133101	0.999999184708237	0.838789204247606	"MYBL2"	1
"M1"	"Signaling by Hedgehog"	"Signaling by Hedgehog"	"1/354"	"136/7644"	0.998508257426067	0.999999184708237	0.838789204247606	"SHH"	1
"M1"	"Toll-Like Receptors Cascades"	"Toll-Like Receptors Cascades"	"1/354"	"144/7644"	0.998986529619809	0.999999184708237	0.838789204247606	"DNM1"	1
"M1"	"Separation of Sister Chromatids"	"Separation of Sister Chromatids"	"1/354"	"161/7644"	0.999554907707725	0.999999184708237	0.838789204247606	"UBE2C"	1
"M1"	"Class I MHC mediated antigen processing & presentation"	"Class I MHC mediated antigen processing & presentation"	"3/354"	"255/7644"	0.999565877471472	0.999999184708237	0.838789204247606	"TRIM9/UBE2C/FBXO2"	3
"M1"	"Mitotic Anaphase"	"Mitotic Anaphase"	"1/354"	"172/7644"	0.999738920375253	0.999999184708237	0.838789204247606	"UBE2C"	1
"M1"	"Mitotic Metaphase and Anaphase"	"Mitotic Metaphase and Anaphase"	"1/354"	"173/7644"	0.99975128951165	0.999999184708237	0.838789204247606	"UBE2C"	1
"M1"	"Organelle biogenesis and maintenance"	"Organelle biogenesis and maintenance"	"4/354"	"324/7644"	0.999866711657762	0.999999184708237	0.838789204247606	"CYS1/PPARGC1A/MAPK12/TUBB4A"	4
"M1"	"Transcription"	"Transcription"	"1/354"	"203/7644"	0.999942193082791	0.999999184708237	0.838789204247606	"HIST1H2BC"	1
"M1"	"Chromatin modifying enzymes"	"Chromatin modifying enzymes"	"1/354"	"208/7644"	0.999954699156898	0.999999184708237	0.838789204247606	"HIST1H2BC"	1
"M1"	"Chromatin organization"	"Chromatin organization"	"1/354"	"208/7644"	0.999954699156898	0.999999184708237	0.838789204247606	"HIST1H2BC"	1
"M1"	"M Phase"	"M Phase"	"2/354"	"266/7644"	0.999961884532405	0.999999184708237	0.838789204247606	"UBE2C/HIST1H2BC"	2
"M1"	"Generic Transcription Pathway"	"Generic Transcription Pathway"	"7/354"	"483/7644"	0.999978005070537	0.999999184708237	0.838789204247606	"SERPINE1/HNF4A/AR/NR1H4/HNF4G/ZNF711/ESRRG"	7
"M1"	"Cell Cycle, Mitotic"	"Cell Cycle, Mitotic"	"4/354"	"445/7644"	0.999999184708237	0.999999184708237	0.838789204247606	"TUBB4A/UBE2C/MYBL2/HIST1H2BC"	4
"M2"	"Chemokine receptors bind chemokines"	"Chemokine receptors bind chemokines"	"14/123"	"55/7644"	9.18630954567399e-14	3.45405238917342e-11	3.14268484457268e-11	"CXCL9/CCL5/CXCL10/CX3CR1/CCR5/CCL4/CCR2/CXCL11/CCL3/CXCR6/CXCR3/CCR7/ACKR4/CXCL13"	14
"M2"	"PD-1 signaling"	"PD-1 signaling"	"9/123"	"28/7644"	2.87626293676203e-10	5.40737432111262e-08	4.91992344446137e-08	"HLA-DQB1/HLA-DQA1/HLA-DRB5/HLA-DQA2/CD3E/HLA-DQB2/CD3D/CD3G/PDCD1"	9
"M2"	"Translocation of ZAP-70 to Immunological synapse"	"Translocation of ZAP-70 to Immunological synapse"	"8/123"	"23/7644"	1.43232383449451e-09	1.79517920589979e-07	1.63335174109023e-07	"HLA-DQB1/HLA-DQA1/HLA-DRB5/HLA-DQA2/CD3E/HLA-DQB2/CD3D/CD3G"	8
"M2"	"Phosphorylation of CD3 and TCR zeta chains"	"Phosphorylation of CD3 and TCR zeta chains"	"8/123"	"25/7644"	3.07558280807914e-09	2.89104783959439e-07	2.63043266480453e-07	"HLA-DQB1/HLA-DQA1/HLA-DRB5/HLA-DQA2/CD3E/HLA-DQB2/CD3D/CD3G"	8
"M2"	"Downstream TCR signaling"	"Downstream TCR signaling"	"9/123"	"46/7644"	3.5968469596398e-08	2.70482891364913e-06	2.4610005513325e-06	"HLA-DQB1/HLA-DQA1/HLA-DRB5/HLA-DQA2/CD3E/HLA-DQB2/CARD11/CD3D/CD3G"	9
"M2"	"Peptide ligand-binding receptors"	"Peptide ligand-binding receptors"	"16/123"	"190/7644"	5.20169131142349e-08	3.25972655515872e-06	2.96587662493445e-06	"CXCL9/CCL5/CXCL10/CX3CR1/CCR5/CCL4/AVPR1A/FPR1/CCR2/CXCL11/CCL3/CXCR6/CXCR3/CCR7/ACKR4/CXCL13"	16
"M2"	"Generation of second messenger molecules"	"Generation of second messenger molecules"	"8/123"	"37/7644"	9.34117655951986e-08	5.01754626625638e-06	4.565236664427e-06	"HLA-DQB1/HLA-DQA1/HLA-DRB5/HLA-DQA2/CD3E/HLA-DQB2/CD3D/CD3G"	8
"M2"	"Costimulation by the CD28 family"	"Costimulation by the CD28 family"	"10/123"	"73/7644"	2.12760312659104e-07	9.99973469497787e-06	9.09830284397483e-06	"HLA-DQB1/HLA-DQA1/HLA-DRB5/HLA-DQA2/CD3E/HLA-DQB2/CD3D/CD3G/CD28/PDCD1"	10
"M2"	"TCR signaling"	"TCR signaling"	"9/123"	"64/7644"	7.05005765158434e-07	2.94535741888413e-05	2.67984647574843e-05	"HLA-DQB1/HLA-DQA1/HLA-DRB5/HLA-DQA2/CD3E/HLA-DQB2/CARD11/CD3D/CD3G"	9
"M2"	"Immunoregulatory interactions between a Lymphoid and a non-Lymphoid cell"	"Immunoregulatory interactions between a Lymphoid and a non-Lymphoid cell"	"11/123"	"111/7644"	1.45219073086834e-06	5.46023714806497e-05	4.9680209213917e-05	"FCGR3A/CD8A/CD3E/HLA-G/CD96/FCGR2B/CD3D/LILRB5/CD3G/CD8B/CD200R1"	11
"M2"	"Interferon gamma signaling"	"Interferon gamma signaling"	"10/123"	"92/7644"	1.90891259309936e-06	6.52501031823055e-05	5.93680950006979e-05	"HLA-DQB1/HLA-DQA1/HLA-DRB5/GBP3/HLA-DQA2/HLA-DQB2/HLA-G/GBP5/FCGR1A/IRF4"	10
"M2"	"Class A/1 (Rhodopsin-like receptors)"	"Class A/1 (Rhodopsin-like receptors)"	"17/123"	"314/7644"	9.95330122946812e-06	0.000311870105190001	0.000283756394699749	"CXCL9/CCL5/CXCL10/CX3CR1/CCR5/CCL4/AVPR1A/FPR1/CCR2/CXCL11/CCL3/CXCR6/CYSLTR2/CXCR3/CCR7/ACKR4/CXCL13"	17
"M2"	"G alpha (i) signalling events"	"G alpha (i) signalling events"	"14/123"	"236/7644"	2.35142552752428e-05	0.000680104614114716	0.000618796191453759	"RGS1/CXCL9/CCL5/CXCL10/CCR5/FPR1/ADCY7/ADCY1/CCR2/CXCL11/CXCR6/CXCR3/CCR7/CXCL13"	14
"M2"	"Defective ACTH causes Obesity and Pro-opiomelanocortinin deficiency (POMCD)"	"Defective ACTH causes Obesity and Pro-opiomelanocortinin deficiency (POMCD)"	"18/123"	"441/7644"	0.000222493126955154	0.0055771610490092	0.0050744046498544	"CXCL9/CCL5/CXCL10/CX3CR1/CCR5/CCL4/AVPR1A/FPR1/CCR2/WNT2B/CXCL11/CCL3/CXCR6/CYSLTR2/CXCR3/CCR7/ACKR4/CXCL13"	18
"M2"	"GPCR ligand binding"	"GPCR ligand binding"	"18/123"	"441/7644"	0.000222493126955154	0.0055771610490092	0.0050744046498544	"CXCL9/CCL5/CXCL10/CX3CR1/CCR5/CCL4/AVPR1A/FPR1/CCR2/WNT2B/CXCL11/CCL3/CXCR6/CYSLTR2/CXCR3/CCR7/ACKR4/CXCL13"	18
"M2"	"Cytokine Signaling in Immune system"	"Cytokine Signaling in Immune system"	"14/123"	"308/7644"	0.000403769453544878	0.00948858215830463	0.00863322844750561	"HLA-DQB1/HLA-DQA1/HLA-DRB5/GBP3/IL2RG/HLA-DQA2/HLA-DQB2/HLA-G/GBP5/IL7R/FCGR1A/IL1B/IL2RA/IRF4"	14
"M2"	"DAP12 interactions"	"DAP12 interactions"	"10/123"	"179/7644"	0.000587989015790308	0.0130049335257151	0.0118325962929938	"TREM2/KIT/PDE1C/ADCY7/ADCY1/SIRPB1/CD28/CLEC5A/CD300E/SIGLEC14"	10
"M2"	"Interferon Signaling"	"Interferon Signaling"	"10/123"	"196/7644"	0.00118456697831006	0.0247442879913656	0.0225136998801619	"HLA-DQB1/HLA-DQA1/HLA-DRB5/GBP3/HLA-DQA2/HLA-DQB2/HLA-G/GBP5/FCGR1A/IRF4"	10
"M2"	"MHC class II antigen presentation"	"MHC class II antigen presentation"	"7/123"	"103/7644"	0.00130038100235055	0.0257338556254636	0.0234140623691928	"HLA-DQB1/HLA-DQA1/HLA-DRB5/HLA-DOA/HLA-DQA2/HLA-DQB2/HLA-DOB"	7
"M2"	"Formation of Fibrin Clot (Clotting Cascade)"	"Formation of Fibrin Clot (Clotting Cascade)"	"4/123"	"39/7644"	0.00339824895916591	0.0638870804323191	0.0581279427225748	"SERPING1/F13A1/F5/FGB"	4
"M2"	"Common Pathway"	"Common Pathway"	"3/123"	"22/7644"	0.00500765157563175	0.087025284642039	0.0791803401698283	"F13A1/F5/FGB"	3
"M2"	"Cell surface interactions at the vascular wall"	"Cell surface interactions at the vascular wall"	"6/123"	"99/7644"	0.00509190495245973	0.087025284642039	0.0791803401698283	"SLC7A7/CD84/OLR1/CD2/GRB14/SIRPG"	6
"M2"	"Calmodulin induced events"	"Calmodulin induced events"	"3/123"	"26/7644"	0.008068766815003	0.126410680101714	0.115015316441929	"PDE1C/ADCY7/ADCY1"	3
"M2"	"CaM pathway"	"CaM pathway"	"3/123"	"26/7644"	0.008068766815003	0.126410680101714	0.115015316441929	"PDE1C/ADCY7/ADCY1"	3
"M2"	"Ca-dependent events"	"Ca-dependent events"	"3/123"	"28/7644"	0.00993255599676532	0.14938564219135	0.135919187324157	"PDE1C/ADCY7/ADCY1"	3
"M2"	"Adenylate cyclase activating pathway"	"Adenylate cyclase activating pathway"	"2/123"	"10/7644"	0.0106214775101124	0.153602905530856	0.139756283027795	"ADCY7/ADCY1"	2
"M2"	"Interleukin-7 signaling"	"Interleukin-7 signaling"	"2/123"	"11/7644"	0.0128461416932903	0.170643913773542	0.155261119754763	"IL2RG/IL7R"	2
"M2"	"TRAF6 mediated IRF7 activation in TLR7/8 or 9 signaling"	"TRAF6 mediated IRF7 activation in TLR7/8 or 9 signaling"	"2/123"	"11/7644"	0.0128461416932903	0.170643913773542	0.155261119754763	"TLR7/TLR8"	2
"M2"	"DAG and IP3 signaling"	"DAG and IP3 signaling"	"3/123"	"31/7644"	0.0131613656899807	0.170643913773542	0.155261119754763	"PDE1C/ADCY7/ADCY1"	3
"M2"	"EGFR interacts with phospholipase C-gamma"	"EGFR interacts with phospholipase C-gamma"	"3/123"	"33/7644"	0.0156087444270892	0.189318964664049	0.172252697412699	"PDE1C/ADCY7/ADCY1"	3
"M2"	"PLC-gamma1 signalling"	"PLC-gamma1 signalling"	"3/123"	"33/7644"	0.0156087444270892	0.189318964664049	0.172252697412699	"PDE1C/ADCY7/ADCY1"	3
"M2"	"PLCG1 events in ERBB2 signaling"	"PLCG1 events in ERBB2 signaling"	"3/123"	"34/7644"	0.016922023121022	0.19165369053657	0.174376958074986	"PDE1C/ADCY7/ADCY1"	3
"M2"	"Role of phospholipids in phagocytosis"	"Role of phospholipids in phagocytosis"	"4/123"	"62/7644"	0.0173791152497775	0.19165369053657	0.174376958074986	"FCGR3A/PLD4/FCGR1A/CD3G"	4
"M2"	"Signal regulatory protein (SIRP) family interactions"	"Signal regulatory protein (SIRP) family interactions"	"2/123"	"13/7644"	0.0178401041722871	0.19165369053657	0.174376958074986	"SIRPB1/SIRPG"	2
"M2"	"Trafficking and processing of endosomal TLR"	"Trafficking and processing of endosomal TLR"	"2/123"	"13/7644"	0.0178401041722871	0.19165369053657	0.174376958074986	"TLR7/TLR8"	2
"M2"	"Adenylate cyclase inhibitory pathway"	"Adenylate cyclase inhibitory pathway"	"2/123"	"14/7644"	0.0205967820159767	0.20930783886506	0.190439663021122	"ADCY7/ADCY1"	2
"M2"	"Inhibition of adenylate cyclase pathway"	"Inhibition of adenylate cyclase pathway"	"2/123"	"14/7644"	0.0205967820159767	0.20930783886506	0.190439663021122	"ADCY7/ADCY1"	2
"M2"	"Activation of GABAB receptors"	"Activation of GABAB receptors"	"3/123"	"39/7644"	0.0243923996965074	0.235167750920174	0.213968418390416	"KCNJ5/ADCY7/ADCY1"	3
"M2"	"GABA B receptor activation"	"GABA B receptor activation"	"3/123"	"39/7644"	0.0243923996965074	0.235167750920174	0.213968418390416	"KCNJ5/ADCY7/ADCY1"	3
"M2"	"PKA activation"	"PKA activation"	"2/123"	"16/7644"	0.0265991235213014	0.250031761100233	0.227492503800604	"ADCY7/ADCY1"	2
"M2"	"PKA activation in glucagon signalling"	"PKA activation in glucagon signalling"	"2/123"	"17/7644"	0.0298330682488835	0.260865899106516	0.237349992188179	"ADCY7/ADCY1"	2
"M2"	"PKA-mediated phosphorylation of CREB"	"PKA-mediated phosphorylation of CREB"	"2/123"	"17/7644"	0.0298330682488835	0.260865899106516	0.237349992188179	"ADCY7/ADCY1"	2
"M2"	"Synthesis, secretion, and deacylation of Ghrelin"	"Synthesis, secretion, and deacylation of Ghrelin"	"2/123"	"17/7644"	0.0298330682488835	0.260865899106516	0.237349992188179	"PLA2G7/ACHE"	2
"M2"	"PLC beta mediated events"	"PLC beta mediated events"	"3/123"	"43/7644"	0.0314553658958649	0.268800399473755	0.244569232443926	"PDE1C/ADCY7/ADCY1"	3
"M2"	"G-protein mediated events"	"G-protein mediated events"	"3/123"	"44/7644"	0.0333711261400732	0.278834298414834	0.253698619778334	"PDE1C/ADCY7/ADCY1"	3
"M2"	"Platelet degranulation"	"Platelet degranulation"	"4/123"	"79/7644"	0.0380777297093726	0.31124405153748	0.283186777014784	"SERPING1/F13A1/F5/FGB"	4
"M2"	"Antigen processing-Cross presentation"	"Antigen processing-Cross presentation"	"4/123"	"81/7644"	0.0411576063125307	0.329260850500245	0.299579441244624	"CYBB/HLA-G/MRC1/FCGR1A"	4
"M2"	"Response to elevated platelet cytosolic Ca2+"	"Response to elevated platelet cytosolic Ca2+"	"4/123"	"84/7644"	0.0460357304162706	0.353777119611666	0.321885677138274	"SERPING1/F13A1/F5/FGB"	4
"M2"	"FCGR activation"	"FCGR activation"	"3/123"	"50/7644"	0.046103933140882	0.353777119611666	0.321885677138274	"FCGR3A/FCGR1A/CD3G"	3
"M2"	"Nef-mediates down modulation of cell surface receptors by recruiting them to clathrin adapters"	"Nef-mediates down modulation of cell surface receptors by recruiting them to clathrin adapters"	"2/123"	"22/7644"	0.0481088628922643	0.358062957037629	0.325785165277798	"CD8B/CD28"	2
"M2"	"DAP12 signaling"	"DAP12 signaling"	"6/123"	"164/7644"	0.0485670500237209	0.358062957037629	0.325785165277798	"TREM2/KIT/PDE1C/ADCY7/ADCY1/CD28"	6
"M2"	"Phospholipase C-mediated cascade"	"Phospholipase C-mediated cascade"	"3/123"	"54/7644"	0.0557408626917303	0.392048622632351	0.356707173447687	"PDE1C/ADCY7/ADCY1"	3
"M2"	"Hemostasis"	"Hemostasis"	"13/123"	"497/7644"	0.0557722468813714	0.392048622632351	0.356707173447687	"SERPING1/SLC7A7/F13A1/IL2RG/CD84/OLR1/CD2/GRB14/DGKI/F5/FGB/IL2RA/SIRPG"	13
"M2"	"Antigen Presentation: Folding, assembly and peptide loading of class I MHC"	"Antigen Presentation: Folding, assembly and peptide loading of class I MHC"	"2/123"	"24/7644"	0.0563048553780503	0.392048622632351	0.356707173447687	"ERAP2/HLA-G"	2
"M2"	"GABA receptor activation"	"GABA receptor activation"	"3/123"	"55/7644"	0.0582889284597862	0.398484310925084	0.362562712907761	"KCNJ5/ADCY7/ADCY1"	3
"M2"	"Termination of O-glycan biosynthesis"	"Termination of O-glycan biosynthesis"	"2/123"	"26/7644"	0.0649483263186294	0.43044173043563	0.391639312406439	"MUC3A/ST6GALNAC2"	2
"M2"	"Platelet activation, signaling and aggregation"	"Platelet activation, signaling and aggregation"	"7/123"	"221/7644"	0.0652531346671035	0.43044173043563	0.391639312406439	"SERPING1/F13A1/IL2RG/DGKI/F5/FGB/IL2RA"	7
"M2"	"Interleukin receptor SHC signaling"	"Interleukin receptor SHC signaling"	"2/123"	"28/7644"	0.0740028664040797	0.479742720136792	0.436496035958728	"IL2RG/IL2RA"	2
"M2"	"Signaling by PDGF"	"Signaling by PDGF"	"6/123"	"184/7644"	0.0759466594809377	0.4839990502514	0.440368676740495	"KIT/PDE1C/ADCY7/ADCY1/THBS4/CD28"	6
"M2"	"The role of Nef in HIV-1 replication and disease pathogenesis"	"The role of Nef in HIV-1 replication and disease pathogenesis"	"2/123"	"29/7644"	0.0786734135611645	0.493020058316631	0.448576480831201	"CD8B/CD28"	2
"M2"	"Downstream signaling of activated FGFR"	"Downstream signaling of activated FGFR"	"5/123"	"149/7644"	0.0919412163577651	0.566719628697044	0.51563236093656	"KIT/PDE1C/ADCY7/ADCY1/CD28"	5
"M2"	"Glucagon signaling in metabolic regulation"	"Glucagon signaling in metabolic regulation"	"2/123"	"33/7644"	0.0982150596297565	0.587452385040982	0.534496151003133	"ADCY7/ADCY1"	2
"M2"	"Signaling by Interleukins"	"Signaling by Interleukins"	"4/123"	"109/7644"	0.0984295219616538	0.587452385040982	0.534496151003133	"IL2RG/IL7R/IL1B/IL2RA"	4
"M2"	"Downstream signal transduction"	"Downstream signal transduction"	"5/123"	"161/7644"	0.117501754312246	0.690192783940117	0.627974957392324	"KIT/PDE1C/ADCY7/ADCY1/CD28"	5
"M2"	"Signaling by FGFR"	"Signaling by FGFR"	"5/123"	"162/7644"	0.119771575657562	0.690192783940117	0.627974957392324	"KIT/PDE1C/ADCY7/ADCY1/CD28"	5
"M2"	"Signaling by ERBB2"	"Signaling by ERBB2"	"5/123"	"163/7644"	0.122062156791252	0.690192783940117	0.627974957392324	"KIT/PDE1C/ADCY7/ADCY1/CD28"	5
"M2"	"Binding and Uptake of Ligands by Scavenger Receptors"	"Binding and Uptake of Ligands by Scavenger Receptors"	"3/123"	"76/7644"	0.123245953272749	0.690192783940117	0.627974957392324	"APOE/APOL1/CD163"	3
"M2"	"Fcgamma receptor (FCGR) dependent phagocytosis"	"Fcgamma receptor (FCGR) dependent phagocytosis"	"4/123"	"119/7644"	0.124822099223213	0.690192783940117	0.627974957392324	"FCGR3A/PLD4/FCGR1A/CD3G"	4
"M2"	"Opioid Signalling"	"Opioid Signalling"	"3/123"	"80/7644"	0.137753243357633	0.739484865339542	0.672823575686873	"PDE1C/ADCY7/ADCY1"	3
"M2"	"Peptide hormone metabolism"	"Peptide hormone metabolism"	"3/123"	"83/7644"	0.148998868730965	0.739484865339542	0.672823575686873	"PLA2G7/GZMH/ACHE"	3
"M2"	"Creatine metabolism"	"Creatine metabolism"	"1/123"	"10/7644"	0.149827103529623	0.739484865339542	0.672823575686873	"CKB"	1
"M2"	"POU5F1 (OCT4), SOX2, NANOG repress genes related to differentiation"	"POU5F1 (OCT4), SOX2, NANOG repress genes related to differentiation"	"1/123"	"10/7644"	0.149827103529623	0.739484865339542	0.672823575686873	"EOMES"	1
"M2"	"Vasopressin regulates renal water homeostasis via Aquaporins"	"Vasopressin regulates renal water homeostasis via Aquaporins"	"2/123"	"43/7644"	0.151799941236589	0.739484865339542	0.672823575686873	"ADCY7/ADCY1"	2
"M2"	"Signaling by FGFR in disease"	"Signaling by FGFR in disease"	"5/123"	"177/7644"	0.156206422818423	0.739484865339542	0.672823575686873	"KIT/PDE1C/ADCY7/ADCY1/CD28"	5
"M2"	"Signaling by EGFR"	"Signaling by EGFR"	"5/123"	"179/7644"	0.161382476183446	0.739484865339542	0.672823575686873	"KIT/PDE1C/ADCY7/ADCY1/CD28"	5
"M2"	"Signaling by Overexpressed Wild-Type EGFR in Cancer"	"Signaling by Overexpressed Wild-Type EGFR in Cancer"	"5/123"	"179/7644"	0.161382476183446	0.739484865339542	0.672823575686873	"KIT/PDE1C/ADCY7/ADCY1/CD28"	5
"M2"	"Interleukin-3, 5 and GM-CSF signaling"	"Interleukin-3, 5 and GM-CSF signaling"	"2/123"	"45/7644"	0.163118152102452	0.739484865339542	0.672823575686873	"IL2RG/IL2RA"	2
"M2"	"Apoptotic cleavage of cell adhesion  proteins"	"Apoptotic cleavage of cell adhesion  proteins"	"1/123"	"11/7644"	0.163525199713256	0.739484865339542	0.672823575686873	"OCLN"	1
"M2"	"Endosomal/Vacuolar pathway"	"Endosomal/Vacuolar pathway"	"1/123"	"11/7644"	0.163525199713256	0.739484865339542	0.672823575686873	"HLA-G"	1
"M2"	"Facilitative Na+-independent glucose transporters"	"Facilitative Na+-independent glucose transporters"	"1/123"	"11/7644"	0.163525199713256	0.739484865339542	0.672823575686873	"SLC2A4"	1
"M2"	"Tryptophan catabolism"	"Tryptophan catabolism"	"1/123"	"11/7644"	0.163525199713256	0.739484865339542	0.672823575686873	"IDO1"	1
"M2"	"Signaling by EGFR in Cancer"	"Signaling by EGFR in Cancer"	"5/123"	"181/7644"	0.166628005162649	0.739484865339542	0.672823575686873	"KIT/PDE1C/ADCY7/ADCY1/CD28"	5
"M2"	"Signaling by EGFRvIII in Cancer"	"Signaling by EGFRvIII in Cancer"	"5/123"	"181/7644"	0.166628005162649	0.739484865339542	0.672823575686873	"KIT/PDE1C/ADCY7/ADCY1/CD28"	5
"M2"	"Signaling by Ligand-Responsive EGFR Variants in Cancer"	"Signaling by Ligand-Responsive EGFR Variants in Cancer"	"5/123"	"181/7644"	0.166628005162649	0.739484865339542	0.672823575686873	"KIT/PDE1C/ADCY7/ADCY1/CD28"	5
"M2"	"G alpha (z) signalling events"	"G alpha (z) signalling events"	"2/123"	"46/7644"	0.168833479384034	0.739484865339542	0.672823575686873	"ADCY7/ADCY1"	2
"M2"	"Interleukin-2 signaling"	"Interleukin-2 signaling"	"2/123"	"47/7644"	0.174582773338238	0.739484865339542	0.672823575686873	"IL2RG/IL2RA"	2
"M2"	"Scavenging of heme from plasma"	"Scavenging of heme from plasma"	"2/123"	"47/7644"	0.174582773338238	0.739484865339542	0.672823575686873	"APOL1/CD163"	2
"M2"	"Binding and entry of HIV virion"	"Binding and entry of HIV virion"	"1/123"	"12/7644"	0.177004356065316	0.739484865339542	0.672823575686873	"CCR5"	1
"M2"	"CD28 dependent Vav1 pathway"	"CD28 dependent Vav1 pathway"	"1/123"	"12/7644"	0.177004356065316	0.739484865339542	0.672823575686873	"CD28"	1
"M2"	"NOTCH2 intracellular domain regulates transcription"	"NOTCH2 intracellular domain regulates transcription"	"1/123"	"12/7644"	0.177004356065316	0.739484865339542	0.672823575686873	"GZMB"	1
"M2"	"G beta:gamma signalling through PI3Kgamma"	"G beta:gamma signalling through PI3Kgamma"	"2/123"	"48/7644"	0.180363490312548	0.744692633904139	0.677561886950854	"IL2RG/IL2RA"	2
"M2"	"Amino acid and oligopeptide SLC transporters"	"Amino acid and oligopeptide SLC transporters"	"2/123"	"49/7644"	0.186173158476035	0.744692633904139	0.677561886950854	"SLC7A7/SLC1A3"	2
"M2"	"Cross-presentation of soluble exogenous antigens (endosomes)"	"Cross-presentation of soluble exogenous antigens (endosomes)"	"2/123"	"49/7644"	0.186173158476035	0.744692633904139	0.677561886950854	"MRC1/FCGR1A"	2
"M2"	"GPVI-mediated activation cascade"	"GPVI-mediated activation cascade"	"2/123"	"49/7644"	0.186173158476035	0.744692633904139	0.677561886950854	"IL2RG/IL2RA"	2
"M2"	"Arachidonic acid metabolism"	"Arachidonic acid metabolism"	"2/123"	"50/7644"	0.192009376198333	0.751505542762935	0.683760642211517	"PTGS1/ALOX5"	2
"M2"	"Regulation of actin dynamics for phagocytic cup formation"	"Regulation of actin dynamics for phagocytic cup formation"	"3/123"	"95/7644"	0.196616890897051	0.751505542762935	0.683760642211517	"FCGR3A/FCGR1A/CD3G"	3
"M2"	"Aquaporin-mediated transport"	"Aquaporin-mediated transport"	"2/123"	"51/7644"	0.197869810461517	0.751505542762935	0.683760642211517	"ADCY7/ADCY1"	2
"M2"	"G-protein beta:gamma signalling"	"G-protein beta:gamma signalling"	"2/123"	"51/7644"	0.197869810461517	0.751505542762935	0.683760642211517	"IL2RG/IL2RA"	2
"M2"	"Nuclear Receptor transcription pathway"	"Nuclear Receptor transcription pathway"	"2/123"	"51/7644"	0.197869810461517	0.751505542762935	0.683760642211517	"NR3C2/PGR"	2
"M2"	"Synthesis of bile acids and bile salts via 24-hydroxycholesterol"	"Synthesis of bile acids and bile salts via 24-hydroxycholesterol"	"1/123"	"14/7644"	0.203319679238998	0.756912865285776	0.688680518527092	"CYP39A1"	1
"M2"	"Synthesis of Prostaglandins (PG) and Thromboxanes (TX)"	"Synthesis of Prostaglandins (PG) and Thromboxanes (TX)"	"1/123"	"14/7644"	0.203319679238998	0.756912865285776	0.688680518527092	"PTGS1"	1
"M2"	"Eicosanoid ligand-binding receptors"	"Eicosanoid ligand-binding receptors"	"1/123"	"15/7644"	0.216162625432131	0.762349962651633	0.693627485615288	"CYSLTR2"	1
"M2"	"GRB2:SOS provides linkage to MAPK signaling for Integrins"	"GRB2:SOS provides linkage to MAPK signaling for Integrins"	"1/123"	"15/7644"	0.216162625432131	0.762349962651633	0.693627485615288	"FGB"	1
"M2"	"HDL-mediated lipid transport"	"HDL-mediated lipid transport"	"1/123"	"15/7644"	0.216162625432131	0.762349962651633	0.693627485615288	"APOE"	1
"M2"	"p130Cas linkage to MAPK signaling for integrins"	"p130Cas linkage to MAPK signaling for integrins"	"1/123"	"15/7644"	0.216162625432131	0.762349962651633	0.693627485615288	"FGB"	1
"M2"	"Transmission across Chemical Synapses"	"Transmission across Chemical Synapses"	"5/123"	"201/7644"	0.222494656500735	0.762349962651633	0.693627485615288	"SLC1A3/KCNJ5/ADCY7/ADCY1/ACHE"	5
"M2"	"Class I MHC mediated antigen processing & presentation"	"Class I MHC mediated antigen processing & presentation"	"6/123"	"255/7644"	0.227502038930722	0.762349962651633	0.693627485615288	"CYBB/ERAP2/HLA-G/MRC1/FCGR1A/ASB2"	6
"M2"	"Amino acid synthesis and interconversion (transamination)"	"Amino acid synthesis and interconversion (transamination)"	"1/123"	"16/7644"	0.228800192226187	0.762349962651633	0.693627485615288	"PHGDH"	1
"M2"	"Metabolism of Angiotensinogen to Angiotensins"	"Metabolism of Angiotensinogen to Angiotensins"	"1/123"	"16/7644"	0.228800192226187	0.762349962651633	0.693627485615288	"GZMH"	1
"M2"	"Regulation of KIT signaling"	"Regulation of KIT signaling"	"1/123"	"16/7644"	0.228800192226187	0.762349962651633	0.693627485615288	"KIT"	1
"M2"	"Initial triggering of complement"	"Initial triggering of complement"	"2/123"	"57/7644"	0.233418574060563	0.762349962651633	0.693627485615288	"C1QB/C2"	2
"M2"	"NGF signalling via TRKA from the plasma membrane"	"NGF signalling via TRKA from the plasma membrane"	"5/123"	"206/7644"	0.237293548426672	0.762349962651633	0.693627485615288	"KIT/PDE1C/ADCY7/ADCY1/CD28"	5
"M2"	"Chylomicron-mediated lipid transport"	"Chylomicron-mediated lipid transport"	"1/123"	"17/7644"	0.241235637474768	0.762349962651633	0.693627485615288	"APOE"	1
"M2"	"Tie2 Signaling"	"Tie2 Signaling"	"1/123"	"18/7644"	0.253472167773785	0.762349962651633	0.693627485615288	"GRB14"	1
"M2"	"Ephrin signaling"	"Ephrin signaling"	"1/123"	"19/7644"	0.265512939261305	0.762349962651633	0.693627485615288	"EPHB2"	1
"M2"	"Other semaphorin interactions"	"Other semaphorin interactions"	"1/123"	"19/7644"	0.265512939261305	0.762349962651633	0.693627485615288	"TREM2"	1
"M2"	"Scavenging by Class A Receptors"	"Scavenging by Class A Receptors"	"1/123"	"19/7644"	0.265512939261305	0.762349962651633	0.693627485615288	"APOE"	1
"M2"	"Synthesis of PC"	"Synthesis of PC"	"1/123"	"19/7644"	0.265512939261305	0.762349962651633	0.693627485615288	"ACHE"	1
"M2"	"O-linked glycosylation of mucins"	"O-linked glycosylation of mucins"	"2/123"	"64/7644"	0.275313265166389	0.762349962651633	0.693627485615288	"MUC3A/ST6GALNAC2"	2
"M2"	"CD28 dependent PI3K/Akt signaling"	"CD28 dependent PI3K/Akt signaling"	"1/123"	"21/7644"	0.289019582777556	0.762349962651633	0.693627485615288	"CD28"	1
"M2"	"regulation of FZD by ubiquitination"	"regulation of FZD by ubiquitination"	"1/123"	"21/7644"	0.289019582777556	0.762349962651633	0.693627485615288	"RNF43"	1
"M2"	"Regulation of Insulin-like Growth Factor (IGF) transport and uptake by Insulin-like Growth Factor Binding Proteins (IGFBPs)"	"Regulation of Insulin-like Growth Factor (IGF) transport and uptake by Insulin-like Growth Factor Binding Proteins (IGFBPs)"	"1/123"	"21/7644"	0.289019582777556	0.762349962651633	0.693627485615288	"GZMH"	1
"M2"	"Synthesis of Leukotrienes (LT) and Eoxins (EX)"	"Synthesis of Leukotrienes (LT) and Eoxins (EX)"	"1/123"	"21/7644"	0.289019582777556	0.762349962651633	0.693627485615288	"ALOX5"	1
"M2"	"Interferon alpha/beta signaling"	"Interferon alpha/beta signaling"	"2/123"	"67/7644"	0.293269466751548	0.762349962651633	0.693627485615288	"HLA-G/IRF4"	2
"M2"	"Early Phase of HIV Life Cycle"	"Early Phase of HIV Life Cycle"	"1/123"	"22/7644"	0.300491521819713	0.762349962651633	0.693627485615288	"CCR5"	1
"M2"	"Intrinsic Pathway"	"Intrinsic Pathway"	"1/123"	"22/7644"	0.300491521819713	0.762349962651633	0.693627485615288	"SERPING1"	1
"M2"	"Endogenous sterols"	"Endogenous sterols"	"1/123"	"23/7644"	0.311779837591974	0.762349962651633	0.693627485615288	"CYP39A1"	1
"M2"	"Regulation of Complement cascade"	"Regulation of Complement cascade"	"1/123"	"23/7644"	0.311779837591974	0.762349962651633	0.693627485615288	"C2"	1
"M2"	"IKK complex recruitment mediated by RIP1"	"IKK complex recruitment mediated by RIP1"	"1/123"	"24/7644"	0.322887445514318	0.762349962651633	0.693627485615288	"BIRC3"	1
"M2"	"Activation of G protein gated Potassium channels"	"Activation of G protein gated Potassium channels"	"1/123"	"25/7644"	0.333817215094599	0.762349962651633	0.693627485615288	"KCNJ5"	1
"M2"	"Basigin interactions"	"Basigin interactions"	"1/123"	"25/7644"	0.333817215094599	0.762349962651633	0.693627485615288	"SLC7A7"	1
"M2"	"Effects of PIP2 hydrolysis"	"Effects of PIP2 hydrolysis"	"1/123"	"25/7644"	0.333817215094599	0.762349962651633	0.693627485615288	"DGKI"	1
"M2"	"G protein gated Potassium channels"	"G protein gated Potassium channels"	"1/123"	"25/7644"	0.333817215094599	0.762349962651633	0.693627485615288	"KCNJ5"	1
"M2"	"Inhibition  of voltage gated Ca2+ channels via Gbeta/gamma subunits"	"Inhibition  of voltage gated Ca2+ channels via Gbeta/gamma subunits"	"1/123"	"25/7644"	0.333817215094599	0.762349962651633	0.693627485615288	"KCNJ5"	1
"M2"	"Synthesis of IP3 and IP4 in the cytosol"	"Synthesis of IP3 and IP4 in the cytosol"	"1/123"	"25/7644"	0.333817215094599	0.762349962651633	0.693627485615288	"PLD4"	1
"M2"	"Complement cascade"	"Complement cascade"	"2/123"	"75/7644"	0.34078182982939	0.762349962651633	0.693627485615288	"C1QB/C2"	2
"M2"	"WNT ligand biogenesis and trafficking"	"WNT ligand biogenesis and trafficking"	"1/123"	"26/7644"	0.344571970645638	0.762349962651633	0.693627485615288	"WNT2B"	1
"M2"	"WNT ligand secretion is abrogated by the PORCN inhibitor LGK974"	"WNT ligand secretion is abrogated by the PORCN inhibitor LGK974"	"1/123"	"26/7644"	0.344571970645638	0.762349962651633	0.693627485615288	"WNT2B"	1
"M2"	"Cell-Cell communication"	"Cell-Cell communication"	"3/123"	"130/7644"	0.348531888125506	0.762349962651633	0.693627485615288	"CLDN1/SIRPB1/SIRPG"	3
"M2"	"Integrin alphaIIb beta3 signaling"	"Integrin alphaIIb beta3 signaling"	"1/123"	"27/7644"	0.355154491991212	0.762349962651633	0.693627485615288	"FGB"	1
"M2"	"Synthesis of bile acids and bile salts"	"Synthesis of bile acids and bile salts"	"1/123"	"27/7644"	0.355154491991212	0.762349962651633	0.693627485615288	"CYP39A1"	1
"M2"	"Defective CYP11A1 causes Adrenal insufficiency, congenital, with 46,XY sex reversal (AICSR)"	"Defective CYP11A1 causes Adrenal insufficiency, congenital, with 46,XY sex reversal (AICSR)"	"2/123"	"78/7644"	0.358368307891403	0.762349962651633	0.693627485615288	"PTGS1/CYP39A1"	2
"M2"	"Defective CYP11B1 causes Adrenal hyperplasia 4 (AH4)"	"Defective CYP11B1 causes Adrenal hyperplasia 4 (AH4)"	"2/123"	"78/7644"	0.358368307891403	0.762349962651633	0.693627485615288	"PTGS1/CYP39A1"	2
"M2"	"Defective CYP11B2 causes Corticosterone methyloxidase 1 deficiency (CMO-1 deficiency)"	"Defective CYP11B2 causes Corticosterone methyloxidase 1 deficiency (CMO-1 deficiency)"	"2/123"	"78/7644"	0.358368307891403	0.762349962651633	0.693627485615288	"PTGS1/CYP39A1"	2
"M2"	"Defective CYP17A1 causes Adrenal hyperplasia 5 (AH5)"	"Defective CYP17A1 causes Adrenal hyperplasia 5 (AH5)"	"2/123"	"78/7644"	0.358368307891403	0.762349962651633	0.693627485615288	"PTGS1/CYP39A1"	2
"M2"	"Defective CYP19A1 causes Aromatase excess syndrome (AEXS)"	"Defective CYP19A1 causes Aromatase excess syndrome (AEXS)"	"2/123"	"78/7644"	0.358368307891403	0.762349962651633	0.693627485615288	"PTGS1/CYP39A1"	2
"M2"	"Defective CYP1B1 causes Glaucoma"	"Defective CYP1B1 causes Glaucoma"	"2/123"	"78/7644"	0.358368307891403	0.762349962651633	0.693627485615288	"PTGS1/CYP39A1"	2
"M2"	"Defective CYP21A2 causes Adrenal hyperplasia 3 (AH3)"	"Defective CYP21A2 causes Adrenal hyperplasia 3 (AH3)"	"2/123"	"78/7644"	0.358368307891403	0.762349962651633	0.693627485615288	"PTGS1/CYP39A1"	2
"M2"	"Defective CYP24A1 causes Hypercalcemia, infantile (HCAI)"	"Defective CYP24A1 causes Hypercalcemia, infantile (HCAI)"	"2/123"	"78/7644"	0.358368307891403	0.762349962651633	0.693627485615288	"PTGS1/CYP39A1"	2
"M2"	"Defective CYP26B1 causes Radiohumeral fusions with other skeletal and craniofacial anomalies (RHFCA)"	"Defective CYP26B1 causes Radiohumeral fusions with other skeletal and craniofacial anomalies (RHFCA)"	"2/123"	"78/7644"	0.358368307891403	0.762349962651633	0.693627485615288	"PTGS1/CYP39A1"	2
"M2"	"Defective CYP26C1 causes Focal facial dermal dysplasia 4 (FFDD4)"	"Defective CYP26C1 causes Focal facial dermal dysplasia 4 (FFDD4)"	"2/123"	"78/7644"	0.358368307891403	0.762349962651633	0.693627485615288	"PTGS1/CYP39A1"	2
"M2"	"Defective CYP27A1 causes Cerebrotendinous xanthomatosis (CTX)"	"Defective CYP27A1 causes Cerebrotendinous xanthomatosis (CTX)"	"2/123"	"78/7644"	0.358368307891403	0.762349962651633	0.693627485615288	"PTGS1/CYP39A1"	2
"M2"	"Defective CYP27B1 causes Rickets vitamin D-dependent 1A (VDDR1A)"	"Defective CYP27B1 causes Rickets vitamin D-dependent 1A (VDDR1A)"	"2/123"	"78/7644"	0.358368307891403	0.762349962651633	0.693627485615288	"PTGS1/CYP39A1"	2
"M2"	"Defective CYP2R1 causes Rickets vitamin D-dependent 1B (VDDR1B)"	"Defective CYP2R1 causes Rickets vitamin D-dependent 1B (VDDR1B)"	"2/123"	"78/7644"	0.358368307891403	0.762349962651633	0.693627485615288	"PTGS1/CYP39A1"	2
"M2"	"Defective CYP2U1 causes Spastic paraplegia 56, autosomal recessive (SPG56)"	"Defective CYP2U1 causes Spastic paraplegia 56, autosomal recessive (SPG56)"	"2/123"	"78/7644"	0.358368307891403	0.762349962651633	0.693627485615288	"PTGS1/CYP39A1"	2
"M2"	"Defective CYP4F22 causes Ichthyosis, congenital, autosomal recessive 5 (ARCI5)"	"Defective CYP4F22 causes Ichthyosis, congenital, autosomal recessive 5 (ARCI5)"	"2/123"	"78/7644"	0.358368307891403	0.762349962651633	0.693627485615288	"PTGS1/CYP39A1"	2
"M2"	"Defective CYP7B1 causes Spastic paraplegia 5A, autosomal recessive (SPG5A) and Congenital bile acid synthesis defect 3 (CBAS3)"	"Defective CYP7B1 causes Spastic paraplegia 5A, autosomal recessive (SPG5A) and Congenital bile acid synthesis defect 3 (CBAS3)"	"2/123"	"78/7644"	0.358368307891403	0.762349962651633	0.693627485615288	"PTGS1/CYP39A1"	2
"M2"	"Defective FMO3 causes Trimethylaminuria (TMAU)"	"Defective FMO3 causes Trimethylaminuria (TMAU)"	"2/123"	"78/7644"	0.358368307891403	0.762349962651633	0.693627485615288	"PTGS1/CYP39A1"	2
"M2"	"Defective MAOA causes Brunner syndrome (BRUNS)"	"Defective MAOA causes Brunner syndrome (BRUNS)"	"2/123"	"78/7644"	0.358368307891403	0.762349962651633	0.693627485615288	"PTGS1/CYP39A1"	2
"M2"	"Defective TBXAS1 causes Ghosal hematodiaphyseal dysplasia (GHDD)"	"Defective TBXAS1 causes Ghosal hematodiaphyseal dysplasia (GHDD)"	"2/123"	"78/7644"	0.358368307891403	0.762349962651633	0.693627485615288	"PTGS1/CYP39A1"	2
"M2"	"Phase 1 - Functionalization of compounds"	"Phase 1 - Functionalization of compounds"	"2/123"	"78/7644"	0.358368307891403	0.762349962651633	0.693627485615288	"PTGS1/CYP39A1"	2
"M2"	"Transcriptional regulation of white adipocyte differentiation"	"Transcriptional regulation of white adipocyte differentiation"	"2/123"	"78/7644"	0.358368307891403	0.762349962651633	0.693627485615288	"CEBPA/SLC2A4"	2
"M2"	"Metabolism of amino acids and derivatives"	"Metabolism of amino acids and derivatives"	"4/123"	"188/7644"	0.35845063246939	0.762349962651633	0.693627485615288	"CKB/IDO1/PHGDH/ARG2"	4
"M2"	"Interaction between L1 and Ankyrins"	"Interaction between L1 and Ankyrins"	"1/123"	"29/7644"	0.375813733075389	0.762349962651633	0.693627485615288	"SPTBN4"	1
"M2"	"Phospholipid metabolism"	"Phospholipid metabolism"	"3/123"	"138/7644"	0.38376917228052	0.762349962651633	0.693627485615288	"PLD4/ACHE/PIP5K1B"	3
"M2"	"Lipoprotein metabolism"	"Lipoprotein metabolism"	"1/123"	"30/7644"	0.385895796218098	0.762349962651633	0.693627485615288	"APOE"	1
"M2"	"Tight junction interactions"	"Tight junction interactions"	"1/123"	"30/7644"	0.385895796218098	0.762349962651633	0.693627485615288	"CLDN1"	1
"M2"	"Neurotransmitter Receptor Binding And Downstream Transmission In The  Postsynaptic Cell"	"Neurotransmitter Receptor Binding And Downstream Transmission In The  Postsynaptic Cell"	"3/123"	"140/7644"	0.392521688819619	0.762349962651633	0.693627485615288	"KCNJ5/ADCY7/ADCY1"	3
"M2"	"Amino acid transport across the plasma membrane"	"Amino acid transport across the plasma membrane"	"1/123"	"31/7644"	0.395816313300469	0.762349962651633	0.693627485615288	"SLC7A7"	1
"M2"	"HS-GAG biosynthesis"	"HS-GAG biosynthesis"	"1/123"	"31/7644"	0.395816313300469	0.762349962651633	0.693627485615288	"HS3ST2"	1
"M2"	"Inwardly rectifying K+ channels"	"Inwardly rectifying K+ channels"	"1/123"	"31/7644"	0.395816313300469	0.762349962651633	0.693627485615288	"KCNJ5"	1
"M2"	"NOD1/2 Signaling Pathway"	"NOD1/2 Signaling Pathway"	"1/123"	"31/7644"	0.395816313300469	0.762349962651633	0.693627485615288	"BIRC3"	1
"M2"	"Striated Muscle Contraction"	"Striated Muscle Contraction"	"1/123"	"31/7644"	0.395816313300469	0.762349962651633	0.693627485615288	"NEB"	1
"M2"	"Constitutive PI3K/AKT Signaling in Cancer"	"Constitutive PI3K/AKT Signaling in Cancer"	"2/123"	"86/7644"	0.404377338297715	0.762349962651633	0.693627485615288	"KIT/CD28"	2
"M2"	"TRAF6 mediated induction of NFkB and MAP kinases upon TLR7/8 or 9 activation"	"TRAF6 mediated induction of NFkB and MAP kinases upon TLR7/8 or 9 activation"	"2/123"	"86/7644"	0.404377338297715	0.762349962651633	0.693627485615288	"TLR7/TLR8"	2
"M2"	"CD28 co-stimulation"	"CD28 co-stimulation"	"1/123"	"32/7644"	0.405577851913899	0.762349962651633	0.693627485615288	"CD28"	1
"M2"	"Oncogene Induced Senescence"	"Oncogene Induced Senescence"	"1/123"	"32/7644"	0.405577851913899	0.762349962651633	0.693627485615288	"CDKN2A"	1
"M2"	"Signaling by NOTCH2"	"Signaling by NOTCH2"	"1/123"	"32/7644"	0.405577851913899	0.762349962651633	0.693627485615288	"GZMB"	1
"M2"	"Toll-Like Receptors Cascades"	"Toll-Like Receptors Cascades"	"3/123"	"144/7644"	0.409932427862181	0.762349962651633	0.693627485615288	"BIRC3/TLR7/TLR8"	3
"M2"	"Defective AMN causes hereditary megaloblastic anemia 1"	"Defective AMN causes hereditary megaloblastic anemia 1"	"2/123"	"87/7644"	0.410023035222287	0.762349962651633	0.693627485615288	"ACP5/GSTO2"	2
"M2"	"Defective BTD causes biotidinase deficiency"	"Defective BTD causes biotidinase deficiency"	"2/123"	"87/7644"	0.410023035222287	0.762349962651633	0.693627485615288	"ACP5/GSTO2"	2
"M2"	"Defective CD320 causes methylmalonic aciduria"	"Defective CD320 causes methylmalonic aciduria"	"2/123"	"87/7644"	0.410023035222287	0.762349962651633	0.693627485615288	"ACP5/GSTO2"	2
"M2"	"Defective CUBN causes hereditary megaloblastic anemia 1"	"Defective CUBN causes hereditary megaloblastic anemia 1"	"2/123"	"87/7644"	0.410023035222287	0.762349962651633	0.693627485615288	"ACP5/GSTO2"	2
"M2"	"Defective GIF causes intrinsic factor deficiency"	"Defective GIF causes intrinsic factor deficiency"	"2/123"	"87/7644"	0.410023035222287	0.762349962651633	0.693627485615288	"ACP5/GSTO2"	2
"M2"	"Defective HLCS causes multiple carboxylase deficiency"	"Defective HLCS causes multiple carboxylase deficiency"	"2/123"	"87/7644"	0.410023035222287	0.762349962651633	0.693627485615288	"ACP5/GSTO2"	2
"M2"	"Defective LMBRD1 causes methylmalonic aciduria and homocystinuria type cblF"	"Defective LMBRD1 causes methylmalonic aciduria and homocystinuria type cblF"	"2/123"	"87/7644"	0.410023035222287	0.762349962651633	0.693627485615288	"ACP5/GSTO2"	2
"M2"	"Defective MMAA causes methylmalonic aciduria type cblA"	"Defective MMAA causes methylmalonic aciduria type cblA"	"2/123"	"87/7644"	0.410023035222287	0.762349962651633	0.693627485615288	"ACP5/GSTO2"	2
"M2"	"Defective MMAB causes methylmalonic aciduria type cblB"	"Defective MMAB causes methylmalonic aciduria type cblB"	"2/123"	"87/7644"	0.410023035222287	0.762349962651633	0.693627485615288	"ACP5/GSTO2"	2
"M2"	"Defective MMACHC causes methylmalonic aciduria and homocystinuria type cblC"	"Defective MMACHC causes methylmalonic aciduria and homocystinuria type cblC"	"2/123"	"87/7644"	0.410023035222287	0.762349962651633	0.693627485615288	"ACP5/GSTO2"	2
"M2"	"Defective MMADHC causes methylmalonic aciduria and homocystinuria type cblD"	"Defective MMADHC causes methylmalonic aciduria and homocystinuria type cblD"	"2/123"	"87/7644"	0.410023035222287	0.762349962651633	0.693627485615288	"ACP5/GSTO2"	2
"M2"	"Defective MTR causes methylmalonic aciduria and homocystinuria type cblG"	"Defective MTR causes methylmalonic aciduria and homocystinuria type cblG"	"2/123"	"87/7644"	0.410023035222287	0.762349962651633	0.693627485615288	"ACP5/GSTO2"	2
"M2"	"Defective MTRR causes methylmalonic aciduria and homocystinuria type cblE"	"Defective MTRR causes methylmalonic aciduria and homocystinuria type cblE"	"2/123"	"87/7644"	0.410023035222287	0.762349962651633	0.693627485615288	"ACP5/GSTO2"	2
"M2"	"Defective MUT causes methylmalonic aciduria mut type"	"Defective MUT causes methylmalonic aciduria mut type"	"2/123"	"87/7644"	0.410023035222287	0.762349962651633	0.693627485615288	"ACP5/GSTO2"	2
"M2"	"Defective TCN2 causes hereditary megaloblastic anemia"	"Defective TCN2 causes hereditary megaloblastic anemia"	"2/123"	"87/7644"	0.410023035222287	0.762349962651633	0.693627485615288	"ACP5/GSTO2"	2
"M2"	"Defects in biotin (Btn) metabolism"	"Defects in biotin (Btn) metabolism"	"2/123"	"87/7644"	0.410023035222287	0.762349962651633	0.693627485615288	"ACP5/GSTO2"	2
"M2"	"Defects in cobalamin (B12) metabolism"	"Defects in cobalamin (B12) metabolism"	"2/123"	"87/7644"	0.410023035222287	0.762349962651633	0.693627485615288	"ACP5/GSTO2"	2
"M2"	"Defects in vitamin and cofactor metabolism"	"Defects in vitamin and cofactor metabolism"	"2/123"	"87/7644"	0.410023035222287	0.762349962651633	0.693627485615288	"ACP5/GSTO2"	2
"M2"	"Metabolism of vitamins and cofactors"	"Metabolism of vitamins and cofactors"	"2/123"	"87/7644"	0.410023035222287	0.762349962651633	0.693627485615288	"ACP5/GSTO2"	2
"M2"	"Metabolism of water-soluble vitamins and cofactors"	"Metabolism of water-soluble vitamins and cofactors"	"2/123"	"87/7644"	0.410023035222287	0.762349962651633	0.693627485615288	"ACP5/GSTO2"	2
"M2"	"Glutathione conjugation"	"Glutathione conjugation"	"1/123"	"33/7644"	0.415182939172779	0.762349962651633	0.693627485615288	"GSTO2"	1
"M2"	"Sialic acid metabolism"	"Sialic acid metabolism"	"1/123"	"33/7644"	0.415182939172779	0.762349962651633	0.693627485615288	"ST6GALNAC2"	1
"M2"	"Synthesis of PIPs at the plasma membrane"	"Synthesis of PIPs at the plasma membrane"	"1/123"	"33/7644"	0.415182939172779	0.762349962651633	0.693627485615288	"PIP5K1B"	1
"M2"	"Glycerophospholipid biosynthesis"	"Glycerophospholipid biosynthesis"	"2/123"	"88/7644"	0.415642931764853	0.762349962651633	0.693627485615288	"PLD4/ACHE"	2
"M2"	"MyD88 dependent cascade initiated on endosome"	"MyD88 dependent cascade initiated on endosome"	"2/123"	"88/7644"	0.415642931764853	0.762349962651633	0.693627485615288	"TLR7/TLR8"	2
"M2"	"Toll Like Receptor 7/8 (TLR7/8) Cascade"	"Toll Like Receptor 7/8 (TLR7/8) Cascade"	"2/123"	"88/7644"	0.415642931764853	0.762349962651633	0.693627485615288	"TLR7/TLR8"	2
"M2"	"Bile acid and bile salt metabolism"	"Bile acid and bile salt metabolism"	"1/123"	"35/7644"	0.433933669486819	0.782705275946507	0.712147857454129	"CYP39A1"	1
"M2"	"Post NMDA receptor activation events"	"Post NMDA receptor activation events"	"1/123"	"35/7644"	0.433933669486819	0.782705275946507	0.712147857454129	"ADCY1"	1
"M2"	"Signaling by the B Cell Receptor (BCR)"	"Signaling by the B Cell Receptor (BCR)"	"4/123"	"209/7644"	0.4352475829022	0.782705275946507	0.712147857454129	"CARD11/KIT/CD28/CD79A"	4
"M2"	"Toll Like Receptor 9 (TLR9) Cascade"	"Toll Like Receptor 9 (TLR9) Cascade"	"2/123"	"92/7644"	0.437852245501264	0.782705275946507	0.712147857454129	"TLR7/TLR8"	2
"M2"	"Beta defensins"	"Beta defensins"	"1/123"	"36/7644"	0.443084170032636	0.782705275946507	0.712147857454129	"CCR2"	1
"M2"	"Transport of inorganic cations/anions and amino acids/oligopeptides"	"Transport of inorganic cations/anions and amino acids/oligopeptides"	"2/123"	"94/7644"	0.448786871507911	0.782705275946507	0.712147857454129	"SLC7A7/SLC1A3"	2
"M2"	"Platelet Aggregation (Plug Formation)"	"Platelet Aggregation (Plug Formation)"	"1/123"	"37/7644"	0.452087935422487	0.782705275946507	0.712147857454129	"FGB"	1
"M2"	"Signaling by ERBB4"	"Signaling by ERBB4"	"3/123"	"154/7644"	0.452754770738593	0.782705275946507	0.712147857454129	"KIT/CD28/PGR"	3
"M2"	"Apoptotic cleavage of cellular proteins"	"Apoptotic cleavage of cellular proteins"	"1/123"	"38/7644"	0.46094729968475	0.782705275946507	0.712147857454129	"OCLN"	1
"M2"	"Cyclin D associated events in G1"	"Cyclin D associated events in G1"	"1/123"	"38/7644"	0.46094729968475	0.782705275946507	0.712147857454129	"CDKN2A"	1
"M2"	"G1 Phase"	"G1 Phase"	"1/123"	"38/7644"	0.46094729968475	0.782705275946507	0.712147857454129	"CDKN2A"	1
"M2"	"Intrinsic Pathway for Apoptosis"	"Intrinsic Pathway for Apoptosis"	"1/123"	"38/7644"	0.46094729968475	0.782705275946507	0.712147857454129	"GZMB"	1
"M2"	"Phagosomal maturation (early endosomal stage)"	"Phagosomal maturation (early endosomal stage)"	"1/123"	"38/7644"	0.46094729968475	0.782705275946507	0.712147857454129	"CYBB"	1
"M2"	"Transport of vitamins, nucleosides, and related molecules"	"Transport of vitamins, nucleosides, and related molecules"	"1/123"	"38/7644"	0.46094729968475	0.782705275946507	0.712147857454129	"SLC29A4"	1
"M2"	"L1CAM interactions"	"L1CAM interactions"	"2/123"	"97/7644"	0.464964995060251	0.782705275946507	0.712147857454129	"EPHB2/SPTBN4"	2
"M2"	"Activation of NMDA receptor upon glutamate binding and postsynaptic events"	"Activation of NMDA receptor upon glutamate binding and postsynaptic events"	"1/123"	"39/7644"	0.469664560023795	0.782705275946507	0.712147857454129	"ADCY1"	1
"M2"	"Nuclear signaling by ERBB4"	"Nuclear signaling by ERBB4"	"1/123"	"39/7644"	0.469664560023795	0.782705275946507	0.712147857454129	"PGR"	1
"M2"	"Neuronal System"	"Neuronal System"	"5/123"	"280/7644"	0.47145880216645	0.782705275946507	0.712147857454129	"SLC1A3/KCNJ5/ADCY7/ADCY1/ACHE"	5
"M2"	"Hedgehog 'off' state"	"Hedgehog 'off' state"	"2/123"	"99/7644"	0.475596085185654	0.782705275946507	0.712147857454129	"ADCY7/ADCY1"	2
"M2"	"Glucose transport"	"Glucose transport"	"1/123"	"40/7644"	0.478241977396191	0.782705275946507	0.712147857454129	"SLC2A4"	1
"M2"	"Interleukin-1 signaling"	"Interleukin-1 signaling"	"1/123"	"40/7644"	0.478241977396191	0.782705275946507	0.712147857454129	"IL1B"	1
"M2"	"PI3K/AKT Signaling in Cancer"	"PI3K/AKT Signaling in Cancer"	"2/123"	"100/7644"	0.480864145594795	0.782705275946507	0.712147857454129	"KIT/CD28"	2
"M2"	"PI-3K cascade"	"PI-3K cascade"	"2/123"	"100/7644"	0.480864145594795	0.782705275946507	0.712147857454129	"KIT/CD28"	2
"M2"	"PI3K events in ERBB2 signaling"	"PI3K events in ERBB2 signaling"	"2/123"	"100/7644"	0.480864145594795	0.782705275946507	0.712147857454129	"KIT/CD28"	2
"M2"	"PI3K events in ERBB4 signaling"	"PI3K events in ERBB4 signaling"	"2/123"	"100/7644"	0.480864145594795	0.782705275946507	0.712147857454129	"KIT/CD28"	2
"M2"	"PIP3 activates AKT signaling"	"PIP3 activates AKT signaling"	"2/123"	"100/7644"	0.480864145594795	0.782705275946507	0.712147857454129	"KIT/CD28"	2
"M2"	"EPHB-mediated forward signaling"	"EPHB-mediated forward signaling"	"1/123"	"41/7644"	0.486681777077973	0.78537488489836	0.714576812967433	"EPHB2"	1
"M2"	"Retinoid metabolism and transport"	"Retinoid metabolism and transport"	"1/123"	"41/7644"	0.486681777077973	0.78537488489836	0.714576812967433	"APOE"	1
"M2"	"Signalling by NGF"	"Signalling by NGF"	"5/123"	"287/7644"	0.493272402241177	0.787655246659302	0.716651610202333	"KIT/PDE1C/ADCY7/ADCY1/CD28"	5
"M2"	"Transcriptional regulation of pluripotent stem cells"	"Transcriptional regulation of pluripotent stem cells"	"1/123"	"42/7644"	0.494986149223101	0.787655246659302	0.716651610202333	"EOMES"	1
"M2"	"O-linked glycosylation"	"O-linked glycosylation"	"2/123"	"103/7644"	0.496474184729401	0.787655246659302	0.716651610202333	"MUC3A/ST6GALNAC2"	2
"M2"	"PI3K/AKT activation"	"PI3K/AKT activation"	"2/123"	"103/7644"	0.496474184729401	0.787655246659302	0.716651610202333	"KIT/CD28"	2
"M2"	"GAB1 signalosome"	"GAB1 signalosome"	"2/123"	"104/7644"	0.501611760826393	0.788279690747435	0.717219763418019	"KIT/CD28"	2
"M2"	"Integration of energy metabolism"	"Integration of energy metabolism"	"2/123"	"104/7644"	0.501611760826393	0.788279690747435	0.717219763418019	"ADCY7/ADCY1"	2
"M2"	"Ion transport by P-type ATPases"	"Ion transport by P-type ATPases"	"1/123"	"43/7644"	0.503157249413256	0.788279690747435	0.717219763418019	"ATP8B3"	1
"M2"	"VEGFA-VEGFR2 Pathway"	"VEGFA-VEGFR2 Pathway"	"2/123"	"105/7644"	0.506715969338423	0.790561014403514	0.719295435837464	"CYBB/SH2D2A"	2
"M2"	"Classical antibody-mediated complement activation"	"Classical antibody-mediated complement activation"	"1/123"	"44/7644"	0.511197199199096	0.790988258843046	0.719684166080599	"C1QB"	1
"M2"	"Inositol phosphate metabolism"	"Inositol phosphate metabolism"	"1/123"	"44/7644"	0.511197199199096	0.790988258843046	0.719684166080599	"PLD4"	1
"M2"	"Downstream signaling events of B Cell Receptor (BCR)"	"Downstream signaling events of B Cell Receptor (BCR)"	"3/123"	"170/7644"	0.518455199593778	0.79667200234306	0.724855545244945	"CARD11/KIT/CD28"	3
"M2"	"Antigen activates B Cell Receptor (BCR) leading to generation of second messengers"	"Antigen activates B Cell Receptor (BCR) leading to generation of second messengers"	"1/123"	"45/7644"	0.519108086633111	0.79667200234306	0.724855545244945	"CD79A"	1
"M2"	"Defensins"	"Defensins"	"1/123"	"46/7644"	0.526891966794201	0.802070362407367	0.72976726702798	"CCR2"	1
"M2"	"Hexose transport"	"Hexose transport"	"1/123"	"46/7644"	0.526891966794201	0.802070362407367	0.72976726702798	"SLC2A4"	1
"M2"	"Biological oxidations"	"Biological oxidations"	"3/123"	"174/7644"	0.53422662560219	0.809956496880739	0.736942501361255	"PTGS1/GSTO2/CYP39A1"	3
"M2"	"EPH-ephrin mediated repulsion of cells"	"EPH-ephrin mediated repulsion of cells"	"1/123"	"48/7644"	0.542086763835849	0.818572783944896	0.744782068258934	"EPHB2"	1
"M2"	"Signaling by VEGF"	"Signaling by VEGF"	"2/123"	"113/7644"	0.546320266071106	0.821665680170943	0.747596153570987	"CYBB/SH2D2A"	2
"M2"	"Muscle contraction"	"Muscle contraction"	"1/123"	"49/7644"	0.549501630614178	0.823157821159088	0.748953784649226	"NEB"	1
"M2"	"Creation of C4 and C2 activators"	"Creation of C4 and C2 activators"	"1/123"	"50/7644"	0.556797390908379	0.827493355658303	0.752898489890673	"C1QB"	1
"M2"	"Lipid digestion, mobilization, and transport"	"Lipid digestion, mobilization, and transport"	"1/123"	"50/7644"	0.556797390908379	0.827493355658303	0.752898489890673	"APOE"	1
"M2"	"Amyloids"	"Amyloids"	"1/123"	"51/7644"	0.563975942517317	0.828339665572309	0.753668508709407	"LYZ"	1
"M2"	"Nucleotide-binding domain, leucine rich repeat containing receptor (NLR) signaling pathways"	"Nucleotide-binding domain, leucine rich repeat containing receptor (NLR) signaling pathways"	"1/123"	"51/7644"	0.563975942517317	0.828339665572309	0.753668508709407	"BIRC3"	1
"M2"	"PI Metabolism"	"PI Metabolism"	"1/123"	"51/7644"	0.563975942517317	0.828339665572309	0.753668508709407	"PIP5K1B"	1
"M2"	"Apoptotic execution  phase"	"Apoptotic execution  phase"	"1/123"	"52/7644"	0.571039153246985	0.832212099305683	0.757191859670624	"OCLN"	1
"M2"	"Synthesis of substrates in N-glycan biosythesis"	"Synthesis of substrates in N-glycan biosythesis"	"1/123"	"52/7644"	0.571039153246985	0.832212099305683	0.757191859670624	"ST6GALNAC2"	1
"M2"	"Assembly of collagen fibrils and other multimeric structures"	"Assembly of collagen fibrils and other multimeric structures"	"1/123"	"54/7644"	0.584826876141553	0.845749636266246	0.769509047554675	"COL8A2"	1
"M2"	"Heparan sulfate/heparin (HS-GAG) metabolism"	"Heparan sulfate/heparin (HS-GAG) metabolism"	"1/123"	"54/7644"	0.584826876141553	0.845749636266246	0.769509047554675	"HS3ST2"	1
"M2"	"G alpha (q) signalling events"	"G alpha (q) signalling events"	"3/123"	"189/7644"	0.590705545188945	0.85097810341396	0.774266191516061	"AVPR1A/DGKI/CYSLTR2"	3
"M2"	"SLC-mediated transmembrane transport"	"SLC-mediated transmembrane transport"	"4/123"	"259/7644"	0.604080369757401	0.862899243285997	0.78511269335932	"SLC7A7/SLC29A4/SLC1A3/SLC2A4"	4
"M2"	"FCERI mediated NF-kB activation"	"FCERI mediated NF-kB activation"	"1/123"	"57/7644"	0.604688426040488	0.862899243285997	0.78511269335932	"CARD11"	1
"M2"	"G alpha (s) signalling events"	"G alpha (s) signalling events"	"2/123"	"126/7644"	0.605865426136977	0.862899243285997	0.78511269335932	"ADCY7/ADCY1"	2
"M2"	"Cell-cell junction organization"	"Cell-cell junction organization"	"1/123"	"60/7644"	0.623607172173791	0.878188377293429	0.79902357956429	"CLDN1"	1
"M2"	"Cytochrome P450 - arranged by substrate type"	"Cytochrome P450 - arranged by substrate type"	"1/123"	"60/7644"	0.623607172173791	0.878188377293429	0.79902357956429	"CYP39A1"	1
"M2"	"Translocation of GLUT4 to the plasma membrane"	"Translocation of GLUT4 to the plasma membrane"	"1/123"	"60/7644"	0.623607172173791	0.878188377293429	0.79902357956429	"SLC2A4"	1
"M2"	"Host Interactions of HIV factors"	"Host Interactions of HIV factors"	"2/123"	"135/7644"	0.643543771908728	0.89844858173259	0.817457416190066	"CD8B/CD28"	2
"M2"	"Collagen biosynthesis and modifying enzymes"	"Collagen biosynthesis and modifying enzymes"	"1/123"	"64/7644"	0.647442030763922	0.89844858173259	0.817457416190066	"COL8A2"	1
"M2"	"ER-Phagosome pathway"	"ER-Phagosome pathway"	"1/123"	"64/7644"	0.647442030763922	0.89844858173259	0.817457416190066	"HLA-G"	1
"M2"	"Signaling by Hedgehog"	"Signaling by Hedgehog"	"2/123"	"136/7644"	0.647552036301946	0.89844858173259	0.817457416190066	"ADCY7/ADCY1"	2
"M2"	"Activation of NF-kappaB in B cells"	"Activation of NF-kappaB in B cells"	"1/123"	"66/7644"	0.658791795300919	0.902390901752511	0.821044353498226	"CARD11"	1
"M2"	"Integrin cell surface interactions"	"Integrin cell surface interactions"	"1/123"	"66/7644"	0.658791795300919	0.902390901752511	0.821044353498226	"FGB"	1
"M2"	"Biosynthesis of the N-glycan precursor (dolichol lipid-linked oligosaccharide, LLO) and transfer to a nascent protein"	"Biosynthesis of the N-glycan precursor (dolichol lipid-linked oligosaccharide, LLO) and transfer to a nascent protein"	"1/123"	"67/7644"	0.664330012400152	0.902390901752511	0.821044353498226	"ST6GALNAC2"	1
"M2"	"Semaphorin interactions"	"Semaphorin interactions"	"1/123"	"67/7644"	0.664330012400152	0.902390901752511	0.821044353498226	"TREM2"	1
"M2"	"Role of LAT2/NTAL/LAB on calcium mobilization"	"Role of LAT2/NTAL/LAB on calcium mobilization"	"2/123"	"141/7644"	0.667064486782936	0.902390901752511	0.821044353498226	"KIT/CD28"	2
"M2"	"Fc epsilon receptor (FCERI) signaling"	"Fc epsilon receptor (FCERI) signaling"	"3/123"	"212/7644"	0.668425910867229	0.902390901752511	0.821044353498226	"CARD11/KIT/CD28"	3
"M2"	"Signaling by WNT in cancer"	"Signaling by WNT in cancer"	"3/123"	"212/7644"	0.668425910867229	0.902390901752511	0.821044353498226	"WNT2B/PIP5K1B/RNF43"	3
"M2"	"Latent infection of Homo sapiens with Mycobacterium tuberculosis"	"Latent infection of Homo sapiens with Mycobacterium tuberculosis"	"1/123"	"68/7644"	0.669779056675562	0.902390901752511	0.821044353498226	"CYBB"	1
"M2"	"Signaling by SCF-KIT"	"Signaling by SCF-KIT"	"2/123"	"144/7644"	0.67835266704181	0.902390901752511	0.821044353498226	"KIT/CD28"	2
"M2"	"NCAM signaling for neurite out-growth"	"NCAM signaling for neurite out-growth"	"1/123"	"70/7644"	0.680415301084036	0.902390901752511	0.821044353498226	"SPTBN4"	1
"M2"	"Gastrin-CREB signalling pathway via PKC and MAPK"	"Gastrin-CREB signalling pathway via PKC and MAPK"	"3/123"	"217/7644"	0.683839621382001	0.902390901752511	0.821044353498226	"AVPR1A/DGKI/CYSLTR2"	3
"M2"	"Apoptosis"	"Apoptosis"	"2/123"	"148/7644"	0.692921309814678	0.902390901752511	0.821044353498226	"GZMB/OCLN"	2
"M2"	"Senescence-Associated Secretory Phenotype (SASP)"	"Senescence-Associated Secretory Phenotype (SASP)"	"1/123"	"76/7644"	0.710327446125381	0.902390901752511	0.821044353498226	"CDKN2A"	1
"M2"	"HIV Infection"	"HIV Infection"	"3/123"	"227/7644"	0.713072784266241	0.902390901752511	0.821044353498226	"CCR5/CD8B/CD28"	3
"M2"	"Programmed Cell Death"	"Programmed Cell Death"	"2/123"	"160/7644"	0.733411604699193	0.902390901752511	0.821044353498226	"GZMB/OCLN"	2
"M2"	"Cell junction organization"	"Cell junction organization"	"1/123"	"85/7644"	0.750065965370958	0.902390901752511	0.821044353498226	"CLDN1"	1
"M2"	"Collagen formation"	"Collagen formation"	"1/123"	"86/7644"	0.754132890395349	0.902390901752511	0.821044353498226	"COL8A2"	1
"M2"	"Ion channel transport"	"Ion channel transport"	"2/123"	"167/7644"	0.754891484290775	0.902390901752511	0.821044353498226	"ATP8B3/WNK4"	2
"M2"	"Class B/2 (Secretin family receptors)"	"Class B/2 (Secretin family receptors)"	"1/123"	"87/7644"	0.758134167781082	0.902390901752511	0.821044353498226	"WNT2B"	1
"M2"	"Defective AHCY causes Hypermethioninemia with S-adenosylhomocysteine hydrolase deficiency (HMAHCHD)"	"Defective AHCY causes Hypermethioninemia with S-adenosylhomocysteine hydrolase deficiency (HMAHCHD)"	"1/123"	"89/7644"	0.765943967449889	0.902390901752511	0.821044353498226	"GSTO2"	1
"M2"	"Defective GCLC causes Hemolytic anemia due to gamma-glutamylcysteine synthetase deficiency (HAGGSD)"	"Defective GCLC causes Hemolytic anemia due to gamma-glutamylcysteine synthetase deficiency (HAGGSD)"	"1/123"	"89/7644"	0.765943967449889	0.902390901752511	0.821044353498226	"GSTO2"	1
"M2"	"Defective GGT1 causes Glutathionuria (GLUTH)"	"Defective GGT1 causes Glutathionuria (GLUTH)"	"1/123"	"89/7644"	0.765943967449889	0.902390901752511	0.821044353498226	"GSTO2"	1
"M2"	"Defective GSS causes Glutathione synthetase deficiency (GSS deficiency)"	"Defective GSS causes Glutathione synthetase deficiency (GSS deficiency)"	"1/123"	"89/7644"	0.765943967449889	0.902390901752511	0.821044353498226	"GSTO2"	1
"M2"	"Defective MAT1A causes Methionine adenosyltransferase deficiency (MATD)"	"Defective MAT1A causes Methionine adenosyltransferase deficiency (MATD)"	"1/123"	"89/7644"	0.765943967449889	0.902390901752511	0.821044353498226	"GSTO2"	1
"M2"	"Defective OPLAH causes 5-oxoprolinase deficiency (OPLAHD)"	"Defective OPLAH causes 5-oxoprolinase deficiency (OPLAHD)"	"1/123"	"89/7644"	0.765943967449889	0.902390901752511	0.821044353498226	"GSTO2"	1
"M2"	"Defective SLC35D1 causes Schneckenbecken dysplasia (SCHBCKD)"	"Defective SLC35D1 causes Schneckenbecken dysplasia (SCHBCKD)"	"1/123"	"89/7644"	0.765943967449889	0.902390901752511	0.821044353498226	"GSTO2"	1
"M2"	"Defective TPMT causes Thiopurine S-methyltransferase deficiency (TPMT deficiency)"	"Defective TPMT causes Thiopurine S-methyltransferase deficiency (TPMT deficiency)"	"1/123"	"89/7644"	0.765943967449889	0.902390901752511	0.821044353498226	"GSTO2"	1
"M2"	"Defective UGT1A1 causes hyperbilirubinemia"	"Defective UGT1A1 causes hyperbilirubinemia"	"1/123"	"89/7644"	0.765943967449889	0.902390901752511	0.821044353498226	"GSTO2"	1
"M2"	"Defective UGT1A4 causes hyperbilirubinemia"	"Defective UGT1A4 causes hyperbilirubinemia"	"1/123"	"89/7644"	0.765943967449889	0.902390901752511	0.821044353498226	"GSTO2"	1
"M2"	"Phase II conjugation"	"Phase II conjugation"	"1/123"	"89/7644"	0.765943967449889	0.902390901752511	0.821044353498226	"GSTO2"	1
"M2"	"Oxidative Stress Induced Senescence"	"Oxidative Stress Induced Senescence"	"1/123"	"91/7644"	0.773503574643713	0.902390901752511	0.821044353498226	"CDKN2A"	1
"M2"	"Diseases associated with visual transduction"	"Diseases associated with visual transduction"	"1/123"	"92/7644"	0.777192050788135	0.902390901752511	0.821044353498226	"APOE"	1
"M2"	"Visual phototransduction"	"Visual phototransduction"	"1/123"	"92/7644"	0.777192050788135	0.902390901752511	0.821044353498226	"APOE"	1
"M2"	"EPH-Ephrin signaling"	"EPH-Ephrin signaling"	"1/123"	"94/7644"	0.784391199660914	0.902390901752511	0.821044353498226	"EPHB2"	1
"M2"	"Transport of glucose and other sugars, bile salts and organic acids, metal ions and amine compounds"	"Transport of glucose and other sugars, bile salts and organic acids, metal ions and amine compounds"	"1/123"	"97/7644"	0.794759510659349	0.902390901752511	0.821044353498226	"SLC2A4"	1
"M2"	"Stimuli-sensing channels"	"Stimuli-sensing channels"	"1/123"	"98/7644"	0.798104492796477	0.902390901752511	0.821044353498226	"WNK4"	1
"M2"	"MyD88-independent cascade"	"MyD88-independent cascade"	"1/123"	"99/7644"	0.801395394914954	0.902390901752511	0.821044353498226	"BIRC3"	1
"M2"	"Potassium Channels"	"Potassium Channels"	"1/123"	"99/7644"	0.801395394914954	0.902390901752511	0.821044353498226	"KCNJ5"	1
"M2"	"Toll Like Receptor 3 (TLR3) Cascade"	"Toll Like Receptor 3 (TLR3) Cascade"	"1/123"	"99/7644"	0.801395394914954	0.902390901752511	0.821044353498226	"BIRC3"	1
"M2"	"TRIF-mediated TLR3/TLR4 signaling"	"TRIF-mediated TLR3/TLR4 signaling"	"1/123"	"99/7644"	0.801395394914954	0.902390901752511	0.821044353498226	"BIRC3"	1
"M2"	"misspliced LRP5 mutants have enhanced beta-catenin-dependent signaling"	"misspliced LRP5 mutants have enhanced beta-catenin-dependent signaling"	"2/123"	"190/7644"	0.815323897321382	0.902390901752511	0.821044353498226	"PIP5K1B/RNF43"	2
"M2"	"RNF mutants show enhanced WNT signaling and proliferation"	"RNF mutants show enhanced WNT signaling and proliferation"	"2/123"	"190/7644"	0.815323897321382	0.902390901752511	0.821044353498226	"PIP5K1B/RNF43"	2
"M2"	"TCF dependent signaling in response to WNT"	"TCF dependent signaling in response to WNT"	"2/123"	"190/7644"	0.815323897321382	0.902390901752511	0.821044353498226	"PIP5K1B/RNF43"	2
"M2"	"XAV939 inhibits tankyrase, stabilizing AXIN"	"XAV939 inhibits tankyrase, stabilizing AXIN"	"2/123"	"190/7644"	0.815323897321382	0.902390901752511	0.821044353498226	"PIP5K1B/RNF43"	2
"M2"	"Signaling by Wnt"	"Signaling by Wnt"	"3/123"	"286/7644"	0.84501515995674	0.902390901752511	0.821044353498226	"WNT2B/PIP5K1B/RNF43"	3
"M2"	"Activated TLR4 signalling"	"Activated TLR4 signalling"	"1/123"	"115/7644"	0.847362241142277	0.902390901752511	0.821044353498226	"BIRC3"	1
"M2"	"Asparagine N-linked glycosylation"	"Asparagine N-linked glycosylation"	"1/123"	"118/7644"	0.854722506650784	0.902390901752511	0.821044353498226	"ST6GALNAC2"	1
"M2"	"Defective ALG11 causes ALG11-CDG (CDG-1p)"	"Defective ALG11 causes ALG11-CDG (CDG-1p)"	"1/123"	"118/7644"	0.854722506650784	0.902390901752511	0.821044353498226	"ST6GALNAC2"	1
"M2"	"Defective ALG12 causes ALG12-CDG (CDG-1g)"	"Defective ALG12 causes ALG12-CDG (CDG-1g)"	"1/123"	"118/7644"	0.854722506650784	0.902390901752511	0.821044353498226	"ST6GALNAC2"	1
"M2"	"Defective ALG14 causes congenital myasthenic syndrome (ALG14-CMS)"	"Defective ALG14 causes congenital myasthenic syndrome (ALG14-CMS)"	"1/123"	"118/7644"	0.854722506650784	0.902390901752511	0.821044353498226	"ST6GALNAC2"	1
"M2"	"Defective ALG1 causes ALG1-CDG (CDG-1k)"	"Defective ALG1 causes ALG1-CDG (CDG-1k)"	"1/123"	"118/7644"	0.854722506650784	0.902390901752511	0.821044353498226	"ST6GALNAC2"	1
"M2"	"Defective ALG2 causes ALG2-CDG (CDG-1i)"	"Defective ALG2 causes ALG2-CDG (CDG-1i)"	"1/123"	"118/7644"	0.854722506650784	0.902390901752511	0.821044353498226	"ST6GALNAC2"	1
"M2"	"Defective ALG3 causes ALG3-CDG (CDG-1d)"	"Defective ALG3 causes ALG3-CDG (CDG-1d)"	"1/123"	"118/7644"	0.854722506650784	0.902390901752511	0.821044353498226	"ST6GALNAC2"	1
"M2"	"Defective ALG6 causes ALG6-CDG (CDG-1c)"	"Defective ALG6 causes ALG6-CDG (CDG-1c)"	"1/123"	"118/7644"	0.854722506650784	0.902390901752511	0.821044353498226	"ST6GALNAC2"	1
"M2"	"Defective ALG8 causes ALG8-CDG (CDG-1h)"	"Defective ALG8 causes ALG8-CDG (CDG-1h)"	"1/123"	"118/7644"	0.854722506650784	0.902390901752511	0.821044353498226	"ST6GALNAC2"	1
"M2"	"Defective ALG9 causes ALG9-CDG (CDG-1l)"	"Defective ALG9 causes ALG9-CDG (CDG-1l)"	"1/123"	"118/7644"	0.854722506650784	0.902390901752511	0.821044353498226	"ST6GALNAC2"	1
"M2"	"Defective DPAGT1 causes DPAGT1-CDG (CDG-1j) and CMSTA2"	"Defective DPAGT1 causes DPAGT1-CDG (CDG-1j) and CMSTA2"	"1/123"	"118/7644"	0.854722506650784	0.902390901752511	0.821044353498226	"ST6GALNAC2"	1
"M2"	"Defective MAN1B1 causes MRT15"	"Defective MAN1B1 causes MRT15"	"1/123"	"118/7644"	0.854722506650784	0.902390901752511	0.821044353498226	"ST6GALNAC2"	1
"M2"	"Defective MGAT2 causes MGAT2-CDG (CDG-2a)"	"Defective MGAT2 causes MGAT2-CDG (CDG-2a)"	"1/123"	"118/7644"	0.854722506650784	0.902390901752511	0.821044353498226	"ST6GALNAC2"	1
"M2"	"Defective MOGS causes MOGS-CDG (CDG-2b)"	"Defective MOGS causes MOGS-CDG (CDG-2b)"	"1/123"	"118/7644"	0.854722506650784	0.902390901752511	0.821044353498226	"ST6GALNAC2"	1
"M2"	"Defective MPDU1 causes MPDU1-CDG (CDG-1f)"	"Defective MPDU1 causes MPDU1-CDG (CDG-1f)"	"1/123"	"118/7644"	0.854722506650784	0.902390901752511	0.821044353498226	"ST6GALNAC2"	1
"M2"	"Defective RFT1 causes RFT1-CDG (CDG-1n)"	"Defective RFT1 causes RFT1-CDG (CDG-1n)"	"1/123"	"118/7644"	0.854722506650784	0.902390901752511	0.821044353498226	"ST6GALNAC2"	1
"M2"	"Diseases associated with N-glycosylation of proteins"	"Diseases associated with N-glycosylation of proteins"	"1/123"	"118/7644"	0.854722506650784	0.902390901752511	0.821044353498226	"ST6GALNAC2"	1
"M2"	"Defective B3GAT3 causes JDSSDHD"	"Defective B3GAT3 causes JDSSDHD"	"1/123"	"121/7644"	0.861730603579029	0.902390901752511	0.821044353498226	"HS3ST2"	1
"M2"	"Defective B4GALT1 causes B4GALT1-CDG (CDG-2d)"	"Defective B4GALT1 causes B4GALT1-CDG (CDG-2d)"	"1/123"	"121/7644"	0.861730603579029	0.902390901752511	0.821044353498226	"HS3ST2"	1
"M2"	"Defective B4GALT7 causes EDS, progeroid type"	"Defective B4GALT7 causes EDS, progeroid type"	"1/123"	"121/7644"	0.861730603579029	0.902390901752511	0.821044353498226	"HS3ST2"	1
"M2"	"Defective CHST14 causes EDS, musculocontractural type"	"Defective CHST14 causes EDS, musculocontractural type"	"1/123"	"121/7644"	0.861730603579029	0.902390901752511	0.821044353498226	"HS3ST2"	1
"M2"	"Defective CHST3 causes SEDCJD"	"Defective CHST3 causes SEDCJD"	"1/123"	"121/7644"	0.861730603579029	0.902390901752511	0.821044353498226	"HS3ST2"	1
"M2"	"Defective CHST6 causes MCDC1"	"Defective CHST6 causes MCDC1"	"1/123"	"121/7644"	0.861730603579029	0.902390901752511	0.821044353498226	"HS3ST2"	1
"M2"	"Defective CHSY1 causes TPBS"	"Defective CHSY1 causes TPBS"	"1/123"	"121/7644"	0.861730603579029	0.902390901752511	0.821044353498226	"HS3ST2"	1
"M2"	"Defective EXT1 causes exostoses 1, TRPS2 and CHDS"	"Defective EXT1 causes exostoses 1, TRPS2 and CHDS"	"1/123"	"121/7644"	0.861730603579029	0.902390901752511	0.821044353498226	"HS3ST2"	1
"M2"	"Defective EXT2 causes exostoses 2"	"Defective EXT2 causes exostoses 2"	"1/123"	"121/7644"	0.861730603579029	0.902390901752511	0.821044353498226	"HS3ST2"	1
"M2"	"Defective PAPSS2 causes SEMD-PA"	"Defective PAPSS2 causes SEMD-PA"	"1/123"	"121/7644"	0.861730603579029	0.902390901752511	0.821044353498226	"HS3ST2"	1
"M2"	"Defective SLC26A2 causes chondrodysplasias"	"Defective SLC26A2 causes chondrodysplasias"	"1/123"	"121/7644"	0.861730603579029	0.902390901752511	0.821044353498226	"HS3ST2"	1
"M2"	"Diseases associated with glycosaminoglycan metabolism"	"Diseases associated with glycosaminoglycan metabolism"	"1/123"	"121/7644"	0.861730603579029	0.902390901752511	0.821044353498226	"HS3ST2"	1
"M2"	"Glycosaminoglycan metabolism"	"Glycosaminoglycan metabolism"	"1/123"	"121/7644"	0.861730603579029	0.902390901752511	0.821044353498226	"HS3ST2"	1
"M2"	"MPS I - Hurler syndrome"	"MPS I - Hurler syndrome"	"1/123"	"121/7644"	0.861730603579029	0.902390901752511	0.821044353498226	"HS3ST2"	1
"M2"	"MPS II - Hunter syndrome"	"MPS II - Hunter syndrome"	"1/123"	"121/7644"	0.861730603579029	0.902390901752511	0.821044353498226	"HS3ST2"	1
"M2"	"MPS IIIA - Sanfilippo syndrome A"	"MPS IIIA - Sanfilippo syndrome A"	"1/123"	"121/7644"	0.861730603579029	0.902390901752511	0.821044353498226	"HS3ST2"	1
"M2"	"MPS IIIB - Sanfilippo syndrome B"	"MPS IIIB - Sanfilippo syndrome B"	"1/123"	"121/7644"	0.861730603579029	0.902390901752511	0.821044353498226	"HS3ST2"	1
"M2"	"MPS IIIC - Sanfilippo syndrome C"	"MPS IIIC - Sanfilippo syndrome C"	"1/123"	"121/7644"	0.861730603579029	0.902390901752511	0.821044353498226	"HS3ST2"	1
"M2"	"MPS IIID - Sanfilippo syndrome D"	"MPS IIID - Sanfilippo syndrome D"	"1/123"	"121/7644"	0.861730603579029	0.902390901752511	0.821044353498226	"HS3ST2"	1
"M2"	"MPS IV - Morquio syndrome A"	"MPS IV - Morquio syndrome A"	"1/123"	"121/7644"	0.861730603579029	0.902390901752511	0.821044353498226	"HS3ST2"	1
"M2"	"MPS IV - Morquio syndrome B"	"MPS IV - Morquio syndrome B"	"1/123"	"121/7644"	0.861730603579029	0.902390901752511	0.821044353498226	"HS3ST2"	1
"M2"	"MPS IX - Natowicz syndrome"	"MPS IX - Natowicz syndrome"	"1/123"	"121/7644"	0.861730603579029	0.902390901752511	0.821044353498226	"HS3ST2"	1
"M2"	"MPS VII - Sly syndrome"	"MPS VII - Sly syndrome"	"1/123"	"121/7644"	0.861730603579029	0.902390901752511	0.821044353498226	"HS3ST2"	1
"M2"	"MPS VI - Maroteaux-Lamy syndrome"	"MPS VI - Maroteaux-Lamy syndrome"	"1/123"	"121/7644"	0.861730603579029	0.902390901752511	0.821044353498226	"HS3ST2"	1
"M2"	"Mucopolysaccharidoses"	"Mucopolysaccharidoses"	"1/123"	"121/7644"	0.861730603579029	0.902390901752511	0.821044353498226	"HS3ST2"	1
"M2"	"Signaling by NOTCH"	"Signaling by NOTCH"	"1/123"	"122/7644"	0.863991288911979	0.902390901752511	0.821044353498226	"GZMB"	1
"M2"	"Toll Like Receptor 4 (TLR4) Cascade"	"Toll Like Receptor 4 (TLR4) Cascade"	"1/123"	"124/7644"	0.86840325069401	0.904486488257473	0.822951032149157	"BIRC3"	1
"M2"	"Diseases of glycosylation"	"Diseases of glycosylation"	"2/123"	"227/7644"	0.885142390593	0.919374416748531	0.836496879740405	"ST6GALNAC2/HS3ST2"	2
"M2"	"Mitotic G1-G1/S phases"	"Mitotic G1-G1/S phases"	"1/123"	"135/7644"	0.89024915984869	0.922131361165585	0.839005297813033	"CDKN2A"	1
"M2"	"Generic Transcription Pathway"	"Generic Transcription Pathway"	"5/123"	"483/7644"	0.896186643291053	0.925731257905044	0.842280679784824	"NR3C2/ZNF471/PGR/ZNF662/ZNF667"	5
"M2"	"Axon guidance"	"Axon guidance"	"3/123"	"327/7644"	0.902626697807202	0.929829146234268	0.846009161607327	"TREM2/EPHB2/SPTBN4"	3
"M2"	"HIV Life Cycle"	"HIV Life Cycle"	"1/123"	"146/7644"	0.908493062949942	0.93331527778464	0.849181033818611	"CCR5"	1
"M2"	"Glycogen storage diseases"	"Glycogen storage diseases"	"2/123"	"258/7644"	0.924017600284556	0.941230186856604	0.856382448847694	"SLC2A4/HS3ST2"	2
"M2"	"Metabolism of carbohydrates"	"Metabolism of carbohydrates"	"2/123"	"258/7644"	0.924017600284556	0.941230186856604	0.856382448847694	"SLC2A4/HS3ST2"	2
"M2"	"Myoclonic epilepsy of Lafora"	"Myoclonic epilepsy of Lafora"	"2/123"	"258/7644"	0.924017600284556	0.941230186856604	0.856382448847694	"SLC2A4/HS3ST2"	2
"M2"	"Cellular Senescence"	"Cellular Senescence"	"1/123"	"159/7644"	0.926210556215275	0.941230186856604	0.856382448847694	"CDKN2A"	1
"M2"	"Extracellular matrix organization"	"Extracellular matrix organization"	"2/123"	"266/7644"	0.931836345569941	0.944394786884899	0.859261774181389	"COL8A2/FGB"	2
"M2"	"Post-translational protein modification"	"Post-translational protein modification"	"2/123"	"278/7644"	0.942162151081388	0.952292926899467	0.866447931809426	"MUC3A/ST6GALNAC2"	2
"M2"	"Membrane Trafficking"	"Membrane Trafficking"	"1/123"	"190/7644"	0.955897166802175	0.963585347768412	0.876722390886713	"SLC2A4"	1
"M2"	"Antigen processing: Ubiquitination & Proteasome degradation"	"Antigen processing: Ubiquitination & Proteasome degradation"	"1/123"	"211/7644"	0.968917833838374	0.974099212628954	0.886288477335974	"ASB2"	1
"M2"	"Cellular responses to stress"	"Cellular responses to stress"	"1/123"	"249/7644"	0.983539574137636	0.986162346335337	0.897264172897493	"CDKN2A"	1
"M2"	"Cell Cycle, Mitotic"	"Cell Cycle, Mitotic"	"1/123"	"445/7644"	0.999411983262178	0.999411983262178	0.909319413662396	"CDKN2A"	1
"M3"	"Extracellular matrix organization"	"Extracellular matrix organization"	"40/117"	"266/7644"	7.98360388501566e-30	2.89006460637567e-27	2.28583184918343e-27	"FN1/BGN/COL1A2/COL1A1/COL3A1/VCAN/LOX/COL6A3/COL15A1/TNC/COL8A1/COL5A1/ADAMTS4/MMP2/EFEMP1/COL12A1/LTBP1/LTBP2/FBLN2/FBLN5/COL14A1/LUM/DCN/ELN/ACAN/FBLN1/FMOD/MFAP4/ITGA11/MMP9/CTSK/LOXL1/COL16A1/ASPN/TNXB/MMP19/LAMA2/MMP16/BCAN/MFAP2"	40
"M3"	"Elastic fibre formation"	"Elastic fibre formation"	"11/117"	"41/7644"	1.44116899383991e-11	2.60851587885023e-09	2.06314719118134e-09	"LOX/EFEMP1/LTBP1/LTBP2/FBLN2/FBLN5/ELN/FBLN1/MFAP4/LOXL1/MFAP2"	11
"M3"	"Collagen formation"	"Collagen formation"	"13/117"	"86/7644"	4.38932291906539e-10	4.1276452949594e-08	3.2646685671095e-08	"COL1A2/COL1A1/COL3A1/LOX/COL6A3/COL15A1/COL8A1/COL5A1/COL12A1/COL14A1/MMP9/LOXL1/COL16A1"	13
"M3"	"ECM proteoglycans"	"ECM proteoglycans"	"11/117"	"55/7644"	4.56093402757945e-10	4.1276452949594e-08	3.2646685671095e-08	"BGN/VCAN/TNC/LUM/DCN/ACAN/FMOD/ASPN/TNXB/LAMA2/BCAN"	11
"M3"	"Degradation of the extracellular matrix"	"Degradation of the extracellular matrix"	"13/117"	"89/7644"	6.82378222304564e-10	4.94041832948505e-08	3.90751318877561e-08	"COL15A1/ADAMTS4/MMP2/COL12A1/COL14A1/DCN/ACAN/MMP9/CTSK/COL16A1/MMP19/MMP16/BCAN"	13
"M3"	"Assembly of collagen fibrils and other multimeric structures"	"Assembly of collagen fibrils and other multimeric structures"	"10/117"	"54/7644"	6.50603202633871e-09	3.92530598922435e-07	3.10463282660373e-07	"COL1A2/COL1A1/COL3A1/LOX/COL6A3/COL15A1/COL8A1/COL5A1/MMP9/LOXL1"	10
"M3"	"Molecules associated with elastic fibres"	"Molecules associated with elastic fibres"	"8/117"	"30/7644"	1.04642807578668e-08	5.41152804906828e-07	4.28012686637561e-07	"EFEMP1/LTBP1/LTBP2/FBLN2/FBLN5/FBLN1/MFAP4/MFAP2"	8
"M3"	"Collagen biosynthesis and modifying enzymes"	"Collagen biosynthesis and modifying enzymes"	"10/117"	"64/7644"	3.62230593156143e-08	1.63909343403155e-06	1.29640422813778e-06	"COL1A2/COL1A1/COL3A1/COL6A3/COL15A1/COL8A1/COL5A1/COL12A1/COL14A1/COL16A1"	10
"M3"	"Collagen degradation"	"Collagen degradation"	"8/117"	"38/7644"	7.89523051721137e-08	3.17563716358946e-06	2.51169906512455e-06	"COL15A1/MMP2/COL12A1/COL14A1/MMP9/CTSK/COL16A1/MMP19"	8
"M3"	"Regulation of Insulin-like Growth Factor (IGF) transport and uptake by Insulin-like Growth Factor Binding Proteins (IGFBPs)"	"Regulation of Insulin-like Growth Factor (IGF) transport and uptake by Insulin-like Growth Factor Binding Proteins (IGFBPs)"	"5/117"	"21/7644"	1.28993989947557e-05	0.000150650466340212	0.000119153611062918	"IGFBP5/MMP2/IGF2/IGFBP2/PAPPA"	5
"M3"	"Defective B3GAT3 causes JDSSDHD"	"Defective B3GAT3 causes JDSSDHD"	"10/117"	"121/7644"	1.45656528229487e-05	0.000150650466340212	0.000119153611062918	"BGN/VCAN/LUM/DCN/ACAN/PRELP/FMOD/CHST1/GPC3/BCAN"	10
"M3"	"Defective B4GALT1 causes B4GALT1-CDG (CDG-2d)"	"Defective B4GALT1 causes B4GALT1-CDG (CDG-2d)"	"10/117"	"121/7644"	1.45656528229487e-05	0.000150650466340212	0.000119153611062918	"BGN/VCAN/LUM/DCN/ACAN/PRELP/FMOD/CHST1/GPC3/BCAN"	10
"M3"	"Defective B4GALT7 causes EDS, progeroid type"	"Defective B4GALT7 causes EDS, progeroid type"	"10/117"	"121/7644"	1.45656528229487e-05	0.000150650466340212	0.000119153611062918	"BGN/VCAN/LUM/DCN/ACAN/PRELP/FMOD/CHST1/GPC3/BCAN"	10
"M3"	"Defective CHST14 causes EDS, musculocontractural type"	"Defective CHST14 causes EDS, musculocontractural type"	"10/117"	"121/7644"	1.45656528229487e-05	0.000150650466340212	0.000119153611062918	"BGN/VCAN/LUM/DCN/ACAN/PRELP/FMOD/CHST1/GPC3/BCAN"	10
"M3"	"Defective CHST3 causes SEDCJD"	"Defective CHST3 causes SEDCJD"	"10/117"	"121/7644"	1.45656528229487e-05	0.000150650466340212	0.000119153611062918	"BGN/VCAN/LUM/DCN/ACAN/PRELP/FMOD/CHST1/GPC3/BCAN"	10
"M3"	"Defective CHST6 causes MCDC1"	"Defective CHST6 causes MCDC1"	"10/117"	"121/7644"	1.45656528229487e-05	0.000150650466340212	0.000119153611062918	"BGN/VCAN/LUM/DCN/ACAN/PRELP/FMOD/CHST1/GPC3/BCAN"	10
"M3"	"Defective CHSY1 causes TPBS"	"Defective CHSY1 causes TPBS"	"10/117"	"121/7644"	1.45656528229487e-05	0.000150650466340212	0.000119153611062918	"BGN/VCAN/LUM/DCN/ACAN/PRELP/FMOD/CHST1/GPC3/BCAN"	10
"M3"	"Defective EXT1 causes exostoses 1, TRPS2 and CHDS"	"Defective EXT1 causes exostoses 1, TRPS2 and CHDS"	"10/117"	"121/7644"	1.45656528229487e-05	0.000150650466340212	0.000119153611062918	"BGN/VCAN/LUM/DCN/ACAN/PRELP/FMOD/CHST1/GPC3/BCAN"	10
"M3"	"Defective EXT2 causes exostoses 2"	"Defective EXT2 causes exostoses 2"	"10/117"	"121/7644"	1.45656528229487e-05	0.000150650466340212	0.000119153611062918	"BGN/VCAN/LUM/DCN/ACAN/PRELP/FMOD/CHST1/GPC3/BCAN"	10
"M3"	"Defective PAPSS2 causes SEMD-PA"	"Defective PAPSS2 causes SEMD-PA"	"10/117"	"121/7644"	1.45656528229487e-05	0.000150650466340212	0.000119153611062918	"BGN/VCAN/LUM/DCN/ACAN/PRELP/FMOD/CHST1/GPC3/BCAN"	10
"M3"	"Defective SLC26A2 causes chondrodysplasias"	"Defective SLC26A2 causes chondrodysplasias"	"10/117"	"121/7644"	1.45656528229487e-05	0.000150650466340212	0.000119153611062918	"BGN/VCAN/LUM/DCN/ACAN/PRELP/FMOD/CHST1/GPC3/BCAN"	10
"M3"	"Diseases associated with glycosaminoglycan metabolism"	"Diseases associated with glycosaminoglycan metabolism"	"10/117"	"121/7644"	1.45656528229487e-05	0.000150650466340212	0.000119153611062918	"BGN/VCAN/LUM/DCN/ACAN/PRELP/FMOD/CHST1/GPC3/BCAN"	10
"M3"	"Glycosaminoglycan metabolism"	"Glycosaminoglycan metabolism"	"10/117"	"121/7644"	1.45656528229487e-05	0.000150650466340212	0.000119153611062918	"BGN/VCAN/LUM/DCN/ACAN/PRELP/FMOD/CHST1/GPC3/BCAN"	10
"M3"	"MPS I - Hurler syndrome"	"MPS I - Hurler syndrome"	"10/117"	"121/7644"	1.45656528229487e-05	0.000150650466340212	0.000119153611062918	"BGN/VCAN/LUM/DCN/ACAN/PRELP/FMOD/CHST1/GPC3/BCAN"	10
"M3"	"MPS II - Hunter syndrome"	"MPS II - Hunter syndrome"	"10/117"	"121/7644"	1.45656528229487e-05	0.000150650466340212	0.000119153611062918	"BGN/VCAN/LUM/DCN/ACAN/PRELP/FMOD/CHST1/GPC3/BCAN"	10
"M3"	"MPS IIIA - Sanfilippo syndrome A"	"MPS IIIA - Sanfilippo syndrome A"	"10/117"	"121/7644"	1.45656528229487e-05	0.000150650466340212	0.000119153611062918	"BGN/VCAN/LUM/DCN/ACAN/PRELP/FMOD/CHST1/GPC3/BCAN"	10
"M3"	"MPS IIIB - Sanfilippo syndrome B"	"MPS IIIB - Sanfilippo syndrome B"	"10/117"	"121/7644"	1.45656528229487e-05	0.000150650466340212	0.000119153611062918	"BGN/VCAN/LUM/DCN/ACAN/PRELP/FMOD/CHST1/GPC3/BCAN"	10
"M3"	"MPS IIIC - Sanfilippo syndrome C"	"MPS IIIC - Sanfilippo syndrome C"	"10/117"	"121/7644"	1.45656528229487e-05	0.000150650466340212	0.000119153611062918	"BGN/VCAN/LUM/DCN/ACAN/PRELP/FMOD/CHST1/GPC3/BCAN"	10
"M3"	"MPS IIID - Sanfilippo syndrome D"	"MPS IIID - Sanfilippo syndrome D"	"10/117"	"121/7644"	1.45656528229487e-05	0.000150650466340212	0.000119153611062918	"BGN/VCAN/LUM/DCN/ACAN/PRELP/FMOD/CHST1/GPC3/BCAN"	10
"M3"	"MPS IV - Morquio syndrome A"	"MPS IV - Morquio syndrome A"	"10/117"	"121/7644"	1.45656528229487e-05	0.000150650466340212	0.000119153611062918	"BGN/VCAN/LUM/DCN/ACAN/PRELP/FMOD/CHST1/GPC3/BCAN"	10
"M3"	"MPS IV - Morquio syndrome B"	"MPS IV - Morquio syndrome B"	"10/117"	"121/7644"	1.45656528229487e-05	0.000150650466340212	0.000119153611062918	"BGN/VCAN/LUM/DCN/ACAN/PRELP/FMOD/CHST1/GPC3/BCAN"	10
"M3"	"MPS IX - Natowicz syndrome"	"MPS IX - Natowicz syndrome"	"10/117"	"121/7644"	1.45656528229487e-05	0.000150650466340212	0.000119153611062918	"BGN/VCAN/LUM/DCN/ACAN/PRELP/FMOD/CHST1/GPC3/BCAN"	10
"M3"	"MPS VII - Sly syndrome"	"MPS VII - Sly syndrome"	"10/117"	"121/7644"	1.45656528229487e-05	0.000150650466340212	0.000119153611062918	"BGN/VCAN/LUM/DCN/ACAN/PRELP/FMOD/CHST1/GPC3/BCAN"	10
"M3"	"MPS VI - Maroteaux-Lamy syndrome"	"MPS VI - Maroteaux-Lamy syndrome"	"10/117"	"121/7644"	1.45656528229487e-05	0.000150650466340212	0.000119153611062918	"BGN/VCAN/LUM/DCN/ACAN/PRELP/FMOD/CHST1/GPC3/BCAN"	10
"M3"	"Mucopolysaccharidoses"	"Mucopolysaccharidoses"	"10/117"	"121/7644"	1.45656528229487e-05	0.000150650466340212	0.000119153611062918	"BGN/VCAN/LUM/DCN/ACAN/PRELP/FMOD/CHST1/GPC3/BCAN"	10
"M3"	"Dermatan sulfate biosynthesis"	"Dermatan sulfate biosynthesis"	"4/117"	"11/7644"	1.58371008644398e-05	0.000159250847581312	0.000125955889916013	"BGN/VCAN/DCN/BCAN"	4
"M3"	"Keratan sulfate degradation"	"Keratan sulfate degradation"	"4/117"	"12/7644"	2.34753402436826e-05	0.000229677653194949	0.00018165839391982	"LUM/ACAN/PRELP/FMOD"	4
"M3"	"A tetrasaccharide linker sequence is required for GAG synthesis"	"A tetrasaccharide linker sequence is required for GAG synthesis"	"5/117"	"26/7644"	3.92235562479478e-05	0.000373655983204134	0.000295534828239385	"BGN/VCAN/DCN/GPC3/BCAN"	5
"M3"	"CS/DS degradation"	"CS/DS degradation"	"4/117"	"14/7644"	4.63593079928874e-05	0.000430309474190391	0.000340343637626596	"BGN/VCAN/DCN/BCAN"	4
"M3"	"Keratan sulfate biosynthesis"	"Keratan sulfate biosynthesis"	"5/117"	"28/7644"	5.7187192234083e-05	0.000517544089718451	0.000409339902307121	"LUM/ACAN/PRELP/FMOD/CHST1"	5
"M3"	"Keratan sulfate/keratin metabolism"	"Keratan sulfate/keratin metabolism"	"5/117"	"33/7644"	0.000129919282314786	0.00114709219995006	0.000907266875214936	"LUM/ACAN/PRELP/FMOD/CHST1"	5
"M3"	"Chondroitin sulfate biosynthesis"	"Chondroitin sulfate biosynthesis"	"4/117"	"20/7644"	0.000208994976926706	0.00180133765827304	0.00142472766225725	"BGN/VCAN/DCN/BCAN"	4
"M3"	"Smooth Muscle Contraction"	"Smooth Muscle Contraction"	"4/117"	"22/7644"	0.000308167316957184	0.00259433880787211	0.00205193415452519	"ACTA2/MYH11/LMOD1/ACTG2"	4
"M3"	"Muscle contraction"	"Muscle contraction"	"5/117"	"49/7644"	0.00085902721595325	0.00706745118579719	0.00558984217079626	"ACTA2/MYH11/LMOD1/ACTG2/DES"	5
"M3"	"Chondroitin sulfate/dermatan sulfate metabolism"	"Chondroitin sulfate/dermatan sulfate metabolism"	"5/117"	"50/7644"	0.000942948884896396	0.0075854999184999	0.00599958120916537	"BGN/VCAN/DCN/GPC3/BCAN"	5
"M3"	"Heparan sulfate/heparin (HS-GAG) metabolism"	"Heparan sulfate/heparin (HS-GAG) metabolism"	"5/117"	"54/7644"	0.0013407534153989	0.0103701456472588	0.00820203435898344	"BGN/VCAN/DCN/GPC3/BCAN"	5
"M3"	"Activation of Matrix Metalloproteinases"	"Activation of Matrix Metalloproteinases"	"4/117"	"32/7644"	0.00134640012547283	0.0103701456472588	0.00820203435898344	"MMP2/MMP9/CTSK/MMP16"	4
"M3"	"Diseases of glycosylation"	"Diseases of glycosylation"	"10/117"	"227/7644"	0.00242694781048789	0.0183032314040962	0.0144765307994015	"BGN/VCAN/LUM/DCN/ACAN/PRELP/FMOD/CHST1/GPC3/BCAN"	10
"M3"	"Scavenging by Class A Receptors"	"Scavenging by Class A Receptors"	"3/117"	"19/7644"	0.00283185933859898	0.0209210832769966	0.016547062085906	"COL1A2/COL1A1/COL3A1"	3
"M3"	"Integrin cell surface interactions"	"Integrin cell surface interactions"	"5/117"	"66/7644"	0.00327635554788987	0.0237208141667227	0.0187614465058115	"FN1/TNC/LUM/ITGA11/COL16A1"	5
"M3"	"Glycogen storage diseases"	"Glycogen storage diseases"	"10/117"	"258/7644"	0.0060236310904065	0.0411425368816444	0.0325407677575088	"BGN/VCAN/LUM/DCN/ACAN/PRELP/FMOD/CHST1/GPC3/BCAN"	10
"M3"	"Metabolism of carbohydrates"	"Metabolism of carbohydrates"	"10/117"	"258/7644"	0.0060236310904065	0.0411425368816444	0.0325407677575088	"BGN/VCAN/LUM/DCN/ACAN/PRELP/FMOD/CHST1/GPC3/BCAN"	10
"M3"	"Myoclonic epilepsy of Lafora"	"Myoclonic epilepsy of Lafora"	"10/117"	"258/7644"	0.0060236310904065	0.0411425368816444	0.0325407677575088	"BGN/VCAN/LUM/DCN/ACAN/PRELP/FMOD/CHST1/GPC3/BCAN"	10
"M3"	"Arachidonic acid metabolism"	"Arachidonic acid metabolism"	"4/117"	"50/7644"	0.0069827904300353	0.0468105580680144	0.0370237621241638	"GGT5/CYP1B1/PTGDS/PTGIS"	4
"M3"	"alpha-linolenic acid (ALA) metabolism"	"alpha-linolenic acid (ALA) metabolism"	"2/117"	"11/7644"	0.0116734085428518	0.0754602480805776	0.0596835925499189	"FADS2/ELOVL2"	2
"M3"	"alpha-linolenic (omega3) and linoleic (omega6) acid metabolism"	"alpha-linolenic (omega3) and linoleic (omega6) acid metabolism"	"2/117"	"11/7644"	0.0116734085428518	0.0754602480805776	0.0596835925499189	"FADS2/ELOVL2"	2
"M3"	"Synthesis of bile acids and bile salts via 24-hydroxycholesterol"	"Synthesis of bile acids and bile salts via 24-hydroxycholesterol"	"2/117"	"14/7644"	0.0187454422412949	0.116997415368082	0.0925364843853398	"AKR1C1/PTGIS"	2
"M3"	"Synthesis of Prostaglandins (PG) and Thromboxanes (TX)"	"Synthesis of Prostaglandins (PG) and Thromboxanes (TX)"	"2/117"	"14/7644"	0.0187454422412949	0.116997415368082	0.0925364843853398	"PTGDS/PTGIS"	2
"M3"	"Nuclear signaling by ERBB4"	"Nuclear signaling by ERBB4"	"3/117"	"39/7644"	0.021409652020307	0.125038613140038	0.0988964896018911	"CXCL12/PRLR/BTC"	3
"M3"	"O-glycosylation of TSR domain-containing proteins"	"O-glycosylation of TSR domain-containing proteins"	"3/117"	"39/7644"	0.021409652020307	0.125038613140038	0.0988964896018911	"THBS2/ADAMTS4/ADAMTS12"	3
"M3"	"negative regulation of TCF-dependent signaling by WNT ligand antagonists"	"negative regulation of TCF-dependent signaling by WNT ligand antagonists"	"2/117"	"15/7644"	0.021415453079233	0.125038613140038	0.0988964896018911	"SFRP2/SFRP1"	2
"M3"	"Synthesis of bile acids and bile salts via 27-hydroxycholesterol"	"Synthesis of bile acids and bile salts via 27-hydroxycholesterol"	"2/117"	"15/7644"	0.021415453079233	0.125038613140038	0.0988964896018911	"AKR1C1/PTGIS"	2
"M3"	"Signaling by PDGF"	"Signaling by PDGF"	"7/117"	"184/7644"	0.022519567736728	0.129398151122151	0.102344568494403	"COL6A3/THBS2/PDE1A/FGF1/PDGFRA/EGF/BTC"	7
"M3"	"Signaling by ERBB4"	"Signaling by ERBB4"	"6/117"	"154/7644"	0.0304801374467978	0.134728932754251	0.106560830791382	"CXCL12/PRLR/FGF1/PDGFRA/EGF/BTC"	6
"M3"	"Defective CYP11A1 causes Adrenal insufficiency, congenital, with 46,XY sex reversal (AICSR)"	"Defective CYP11A1 causes Adrenal insufficiency, congenital, with 46,XY sex reversal (AICSR)"	"4/117"	"78/7644"	0.0312630672689423	0.134728932754251	0.106560830791382	"CYP1B1/PTGIS/FMO3/ADH1B"	4
"M3"	"Defective CYP11B1 causes Adrenal hyperplasia 4 (AH4)"	"Defective CYP11B1 causes Adrenal hyperplasia 4 (AH4)"	"4/117"	"78/7644"	0.0312630672689423	0.134728932754251	0.106560830791382	"CYP1B1/PTGIS/FMO3/ADH1B"	4
"M3"	"Defective CYP11B2 causes Corticosterone methyloxidase 1 deficiency (CMO-1 deficiency)"	"Defective CYP11B2 causes Corticosterone methyloxidase 1 deficiency (CMO-1 deficiency)"	"4/117"	"78/7644"	0.0312630672689423	0.134728932754251	0.106560830791382	"CYP1B1/PTGIS/FMO3/ADH1B"	4
"M3"	"Defective CYP17A1 causes Adrenal hyperplasia 5 (AH5)"	"Defective CYP17A1 causes Adrenal hyperplasia 5 (AH5)"	"4/117"	"78/7644"	0.0312630672689423	0.134728932754251	0.106560830791382	"CYP1B1/PTGIS/FMO3/ADH1B"	4
"M3"	"Defective CYP19A1 causes Aromatase excess syndrome (AEXS)"	"Defective CYP19A1 causes Aromatase excess syndrome (AEXS)"	"4/117"	"78/7644"	0.0312630672689423	0.134728932754251	0.106560830791382	"CYP1B1/PTGIS/FMO3/ADH1B"	4
"M3"	"Defective CYP1B1 causes Glaucoma"	"Defective CYP1B1 causes Glaucoma"	"4/117"	"78/7644"	0.0312630672689423	0.134728932754251	0.106560830791382	"CYP1B1/PTGIS/FMO3/ADH1B"	4
"M3"	"Defective CYP21A2 causes Adrenal hyperplasia 3 (AH3)"	"Defective CYP21A2 causes Adrenal hyperplasia 3 (AH3)"	"4/117"	"78/7644"	0.0312630672689423	0.134728932754251	0.106560830791382	"CYP1B1/PTGIS/FMO3/ADH1B"	4
"M3"	"Defective CYP24A1 causes Hypercalcemia, infantile (HCAI)"	"Defective CYP24A1 causes Hypercalcemia, infantile (HCAI)"	"4/117"	"78/7644"	0.0312630672689423	0.134728932754251	0.106560830791382	"CYP1B1/PTGIS/FMO3/ADH1B"	4
"M3"	"Defective CYP26B1 causes Radiohumeral fusions with other skeletal and craniofacial anomalies (RHFCA)"	"Defective CYP26B1 causes Radiohumeral fusions with other skeletal and craniofacial anomalies (RHFCA)"	"4/117"	"78/7644"	0.0312630672689423	0.134728932754251	0.106560830791382	"CYP1B1/PTGIS/FMO3/ADH1B"	4
"M3"	"Defective CYP26C1 causes Focal facial dermal dysplasia 4 (FFDD4)"	"Defective CYP26C1 causes Focal facial dermal dysplasia 4 (FFDD4)"	"4/117"	"78/7644"	0.0312630672689423	0.134728932754251	0.106560830791382	"CYP1B1/PTGIS/FMO3/ADH1B"	4
"M3"	"Defective CYP27A1 causes Cerebrotendinous xanthomatosis (CTX)"	"Defective CYP27A1 causes Cerebrotendinous xanthomatosis (CTX)"	"4/117"	"78/7644"	0.0312630672689423	0.134728932754251	0.106560830791382	"CYP1B1/PTGIS/FMO3/ADH1B"	4
"M3"	"Defective CYP27B1 causes Rickets vitamin D-dependent 1A (VDDR1A)"	"Defective CYP27B1 causes Rickets vitamin D-dependent 1A (VDDR1A)"	"4/117"	"78/7644"	0.0312630672689423	0.134728932754251	0.106560830791382	"CYP1B1/PTGIS/FMO3/ADH1B"	4
"M3"	"Defective CYP2R1 causes Rickets vitamin D-dependent 1B (VDDR1B)"	"Defective CYP2R1 causes Rickets vitamin D-dependent 1B (VDDR1B)"	"4/117"	"78/7644"	0.0312630672689423	0.134728932754251	0.106560830791382	"CYP1B1/PTGIS/FMO3/ADH1B"	4
"M3"	"Defective CYP2U1 causes Spastic paraplegia 56, autosomal recessive (SPG56)"	"Defective CYP2U1 causes Spastic paraplegia 56, autosomal recessive (SPG56)"	"4/117"	"78/7644"	0.0312630672689423	0.134728932754251	0.106560830791382	"CYP1B1/PTGIS/FMO3/ADH1B"	4
"M3"	"Defective CYP4F22 causes Ichthyosis, congenital, autosomal recessive 5 (ARCI5)"	"Defective CYP4F22 causes Ichthyosis, congenital, autosomal recessive 5 (ARCI5)"	"4/117"	"78/7644"	0.0312630672689423	0.134728932754251	0.106560830791382	"CYP1B1/PTGIS/FMO3/ADH1B"	4
"M3"	"Defective CYP7B1 causes Spastic paraplegia 5A, autosomal recessive (SPG5A) and Congenital bile acid synthesis defect 3 (CBAS3)"	"Defective CYP7B1 causes Spastic paraplegia 5A, autosomal recessive (SPG5A) and Congenital bile acid synthesis defect 3 (CBAS3)"	"4/117"	"78/7644"	0.0312630672689423	0.134728932754251	0.106560830791382	"CYP1B1/PTGIS/FMO3/ADH1B"	4
"M3"	"Defective FMO3 causes Trimethylaminuria (TMAU)"	"Defective FMO3 causes Trimethylaminuria (TMAU)"	"4/117"	"78/7644"	0.0312630672689423	0.134728932754251	0.106560830791382	"CYP1B1/PTGIS/FMO3/ADH1B"	4
"M3"	"Defective MAOA causes Brunner syndrome (BRUNS)"	"Defective MAOA causes Brunner syndrome (BRUNS)"	"4/117"	"78/7644"	0.0312630672689423	0.134728932754251	0.106560830791382	"CYP1B1/PTGIS/FMO3/ADH1B"	4
"M3"	"Defective TBXAS1 causes Ghosal hematodiaphyseal dysplasia (GHDD)"	"Defective TBXAS1 causes Ghosal hematodiaphyseal dysplasia (GHDD)"	"4/117"	"78/7644"	0.0312630672689423	0.134728932754251	0.106560830791382	"CYP1B1/PTGIS/FMO3/ADH1B"	4
"M3"	"Phase 1 - Functionalization of compounds"	"Phase 1 - Functionalization of compounds"	"4/117"	"78/7644"	0.0312630672689423	0.134728932754251	0.106560830791382	"CYP1B1/PTGIS/FMO3/ADH1B"	4
"M3"	"Platelet degranulation"	"Platelet degranulation"	"4/117"	"79/7644"	0.0325537231602108	0.138640562164663	0.109654646434394	"FN1/IGF2/HGF/EGF"	4
"M3"	"EPH-ephrin mediated repulsion of cells"	"EPH-ephrin mediated repulsion of cells"	"3/117"	"48/7644"	0.0367200032585928	0.154565595111751	0.122250194447212	"MMP2/MMP9/EPHA3"	3
"M3"	"Response to elevated platelet cytosolic Ca2+"	"Response to elevated platelet cytosolic Ca2+"	"4/117"	"84/7644"	0.0394718281354488	0.164239100977385	0.129901237178973	"FN1/IGF2/HGF/EGF"	4
"M3"	"Constitutive PI3K/AKT Signaling in Cancer"	"Constitutive PI3K/AKT Signaling in Cancer"	"4/117"	"86/7644"	0.0424567895261079	0.174651793277853	0.138136922860064	"FGF1/PDGFRA/EGF/BTC"	4
"M3"	"Endogenous sterols"	"Endogenous sterols"	"2/117"	"23/7644"	0.0476782133942221	0.191772369430093	0.151678058985128	"CYP1B1/PTGIS"	2
"M3"	"Regulation of Complement cascade"	"Regulation of Complement cascade"	"2/117"	"23/7644"	0.0476782133942221	0.191772369430093	0.151678058985128	"CFH/C7"	2
"M3"	"Biological oxidations"	"Biological oxidations"	"6/117"	"174/7644"	0.0503518614041284	0.200300811299939	0.158423439004314	"SULT1C2/GGT5/CYP1B1/PTGIS/FMO3/ADH1B"	6
"M3"	"Synthesis of bile acids and bile salts via 7alpha-hydroxycholesterol"	"Synthesis of bile acids and bile salts via 7alpha-hydroxycholesterol"	"2/117"	"24/7644"	0.0515039372453146	0.202656796552216	0.160286852754297	"AKR1C1/PTGIS"	2
"M3"	"EPH-Ephrin signaling"	"EPH-Ephrin signaling"	"4/117"	"94/7644"	0.0556400703717247	0.214638114802013	0.169763207985308	"MYH11/MMP2/MMP9/EPHA3"	4
"M3"	"Signaling by EGFR"	"Signaling by EGFR"	"6/117"	"179/7644"	0.0563276820613017	0.214638114802013	0.169763207985308	"PDE1A/ADAM12/FGF1/PDGFRA/EGF/BTC"	6
"M3"	"Signaling by Overexpressed Wild-Type EGFR in Cancer"	"Signaling by Overexpressed Wild-Type EGFR in Cancer"	"6/117"	"179/7644"	0.0563276820613017	0.214638114802013	0.169763207985308	"PDE1A/ADAM12/FGF1/PDGFRA/EGF/BTC"	6
"M3"	"Signaling by EGFR in Cancer"	"Signaling by EGFR in Cancer"	"6/117"	"181/7644"	0.0588333737178822	0.217323278427279	0.171886977994242	"PDE1A/ADAM12/FGF1/PDGFRA/EGF/BTC"	6
"M3"	"Signaling by EGFRvIII in Cancer"	"Signaling by EGFRvIII in Cancer"	"6/117"	"181/7644"	0.0588333737178822	0.217323278427279	0.171886977994242	"PDE1A/ADAM12/FGF1/PDGFRA/EGF/BTC"	6
"M3"	"Signaling by Ligand-Responsive EGFR Variants in Cancer"	"Signaling by Ligand-Responsive EGFR Variants in Cancer"	"6/117"	"181/7644"	0.0588333737178822	0.217323278427279	0.171886977994242	"PDE1A/ADAM12/FGF1/PDGFRA/EGF/BTC"	6
"M3"	"Synthesis of bile acids and bile salts"	"Synthesis of bile acids and bile salts"	"2/117"	"27/7644"	0.0636014097408218	0.232562730567449	0.183940281228108	"AKR1C1/PTGIS"	2
"M3"	"PI3K/AKT Signaling in Cancer"	"PI3K/AKT Signaling in Cancer"	"4/117"	"100/7644"	0.0668196589078188	0.232583812736831	0.183956955697639	"FGF1/PDGFRA/EGF/BTC"	4
"M3"	"PI-3K cascade"	"PI-3K cascade"	"4/117"	"100/7644"	0.0668196589078188	0.232583812736831	0.183956955697639	"FGF1/PDGFRA/EGF/BTC"	4
"M3"	"PI3K events in ERBB2 signaling"	"PI3K events in ERBB2 signaling"	"4/117"	"100/7644"	0.0668196589078188	0.232583812736831	0.183956955697639	"FGF1/PDGFRA/EGF/BTC"	4
"M3"	"PI3K events in ERBB4 signaling"	"PI3K events in ERBB4 signaling"	"4/117"	"100/7644"	0.0668196589078188	0.232583812736831	0.183956955697639	"FGF1/PDGFRA/EGF/BTC"	4
"M3"	"PIP3 activates AKT signaling"	"PIP3 activates AKT signaling"	"4/117"	"100/7644"	0.0668196589078188	0.232583812736831	0.183956955697639	"FGF1/PDGFRA/EGF/BTC"	4
"M3"	"Signaling by SCF-KIT"	"Signaling by SCF-KIT"	"5/117"	"144/7644"	0.0695793238098206	0.239883002087191	0.189730085977656	"MMP9/FGF1/PDGFRA/EGF/BTC"	5
"M3"	"O-linked glycosylation"	"O-linked glycosylation"	"4/117"	"103/7644"	0.0728165635916987	0.246351364674719	0.194846092444093	"THBS2/ADAMTS4/GALNT16/ADAMTS12"	4
"M3"	"PI3K/AKT activation"	"PI3K/AKT activation"	"4/117"	"103/7644"	0.0728165635916987	0.246351364674719	0.194846092444093	"FGF1/PDGFRA/EGF/BTC"	4
"M3"	"GAB1 signalosome"	"GAB1 signalosome"	"4/117"	"104/7644"	0.0748748529940612	0.250969414665279	0.198498635617784	"FGF1/PDGFRA/EGF/BTC"	4
"M3"	"GRB2 events in ERBB2 signaling"	"GRB2 events in ERBB2 signaling"	"2/117"	"30/7644"	0.0765466710683187	0.254219219511297	0.201068995949616	"EGF/BTC"	2
"M3"	"Downstream signaling of activated FGFR"	"Downstream signaling of activated FGFR"	"5/117"	"149/7644"	0.0780127729450872	0.256732943692014	0.203057169770945	"PDE1A/FGF1/PDGFRA/EGF/BTC"	5
"M3"	"SHC1 events in ERBB2 signaling"	"SHC1 events in ERBB2 signaling"	"2/117"	"32/7644"	0.0855981706995265	0.279157998137195	0.220793764156199	"EGF/BTC"	2
"M3"	"EGFR interacts with phospholipase C-gamma"	"EGFR interacts with phospholipase C-gamma"	"2/117"	"33/7644"	0.0902397505340511	0.291667765118987	0.23068808407201	"PDE1A/EGF"	2
"M3"	"EPHA-mediated growth cone collapse"	"EPHA-mediated growth cone collapse"	"2/117"	"34/7644"	0.0949540551610167	0.301520771651649	0.238481098834686	"MYH11/EPHA3"	2
"M3"	"PLCG1 events in ERBB2 signaling"	"PLCG1 events in ERBB2 signaling"	"2/117"	"34/7644"	0.0949540551610167	0.301520771651649	0.238481098834686	"PDE1A/EGF"	2
"M3"	"Bile acid and bile salt metabolism"	"Bile acid and bile salt metabolism"	"2/117"	"35/7644"	0.0997378175473887	0.313286431992706	0.247786884274545	"AKR1C1/PTGIS"	2
"M3"	"Downstream signal transduction"	"Downstream signal transduction"	"5/117"	"161/7644"	0.100390127378878	0.313286431992706	0.247786884274545	"PDE1A/FGF1/PDGFRA/EGF/BTC"	5
"M3"	"Signaling by FGFR"	"Signaling by FGFR"	"5/117"	"162/7644"	0.102387610678566	0.31678901765505	0.250557175929554	"PDE1A/FGF1/PDGFRA/EGF/BTC"	5
"M3"	"Signaling by ERBB2"	"Signaling by ERBB2"	"5/117"	"163/7644"	0.1044050053463	0.318158003836109	0.251639944877644	"PDE1A/FGF1/PDGFRA/EGF/BTC"	5
"M3"	"ABC-family proteins mediated transport"	"ABC-family proteins mediated transport"	"2/117"	"36/7644"	0.104587852089771	0.318158003836109	0.251639944877644	"ABCA8/ABCA6"	2
"M3"	"DAP12 signaling"	"DAP12 signaling"	"5/117"	"164/7644"	0.106442189317571	0.32110060444134	0.253967328898065	"PDE1A/FGF1/PDGFRA/EGF/BTC"	5
"M3"	"Platelet Aggregation (Plug Formation)"	"Platelet Aggregation (Plug Formation)"	"2/117"	"37/7644"	0.109501052922498	0.327488972757008	0.259020065687427	"FN1/ADRA2A"	2
"M3"	"Binding and Uptake of Ligands by Scavenger Receptors"	"Binding and Uptake of Ligands by Scavenger Receptors"	"3/117"	"76/7644"	0.110369211813135	0.327488972757008	0.259020065687427	"COL1A2/COL1A1/COL3A1"	3
"M3"	"Axon guidance"	"Axon guidance"	"8/117"	"327/7644"	0.127660959629864	0.375717621024476	0.297165434482866	"MYH11/COL6A3/SLIT3/DPYSL3/MMP2/NFASC/MMP9/EPHA3"	8
"M3"	"Retinoid metabolism and transport"	"Retinoid metabolism and transport"	"2/117"	"41/7644"	0.12972610058603	0.378716519452764	0.299537346005094	"AKR1C1/GPC3"	2
"M3"	"Signaling by FGFR in disease"	"Signaling by FGFR in disease"	"5/117"	"177/7644"	0.134664765252923	0.38760208012427	0.306565181139289	"PDE1A/FGF1/PDGFRA/EGF/BTC"	5
"M3"	"Non-integrin membrane-ECM interactions"	"Non-integrin membrane-ECM interactions"	"2/117"	"42/7644"	0.134911221258724	0.38760208012427	0.306565181139289	"TNC/LAMA2"	2
"M3"	"DAP12 interactions"	"DAP12 interactions"	"5/117"	"179/7644"	0.139281481704403	0.396340385456346	0.313476547961984	"PDE1A/FGF1/PDGFRA/EGF/BTC"	5
"M3"	"Ion transport by P-type ATPases"	"Ion transport by P-type ATPases"	"2/117"	"43/7644"	0.140142456735946	0.396340385456346	0.313476547961984	"PLN/ATP1A2"	2
"M3"	"Ethanol oxidation"	"Ethanol oxidation"	"1/117"	"10/7644"	0.143016219992746	0.398245166441339	0.314983091805886	"ADH1B"	1
"M3"	"Glycoprotein hormones"	"Glycoprotein hormones"	"1/117"	"10/7644"	0.143016219992746	0.398245166441339	0.314983091805886	"INHBA"	1
"M3"	"G alpha (z) signalling events"	"G alpha (z) signalling events"	"2/117"	"46/7644"	0.15608726254732	0.412602054101168	0.326338350437679	"RGS4/ADRA2A"	2
"M3"	"Apoptotic cleavage of cell adhesion  proteins"	"Apoptotic cleavage of cell adhesion  proteins"	"1/117"	"11/7644"	0.156150501137735	0.412602054101168	0.326338350437679	"PKP1"	1
"M3"	"FGFR1c ligand binding and activation"	"FGFR1c ligand binding and activation"	"1/117"	"11/7644"	0.156150501137735	0.412602054101168	0.326338350437679	"FGF1"	1
"M3"	"Interleukin-7 signaling"	"Interleukin-7 signaling"	"1/117"	"11/7644"	0.156150501137735	0.412602054101168	0.326338350437679	"HGF"	1
"M3"	"Nef mediated downregulation of MHC class I complex cell surface expression"	"Nef mediated downregulation of MHC class I complex cell surface expression"	"1/117"	"11/7644"	0.156150501137735	0.412602054101168	0.326338350437679	"AP1M2"	1
"M3"	"Nicotinate metabolism"	"Nicotinate metabolism"	"1/117"	"11/7644"	0.156150501137735	0.412602054101168	0.326338350437679	"PTGIS"	1
"M3"	"Signaling by activated point mutants of FGFR1"	"Signaling by activated point mutants of FGFR1"	"1/117"	"11/7644"	0.156150501137735	0.412602054101168	0.326338350437679	"FGF1"	1
"M3"	"Eicosanoids"	"Eicosanoids"	"1/117"	"12/7644"	0.169085178376944	0.423559529590549	0.335004920176299	"PTGIS"	1
"M3"	"FGFR3c ligand binding and activation"	"FGFR3c ligand binding and activation"	"1/117"	"12/7644"	0.169085178376944	0.423559529590549	0.335004920176299	"FGF1"	1
"M3"	"FGFR3 ligand binding and activation"	"FGFR3 ligand binding and activation"	"1/117"	"12/7644"	0.169085178376944	0.423559529590549	0.335004920176299	"FGF1"	1
"M3"	"Glutathione synthesis and recycling"	"Glutathione synthesis and recycling"	"1/117"	"12/7644"	0.169085178376944	0.423559529590549	0.335004920176299	"GGT5"	1
"M3"	"Peptide hormone biosynthesis"	"Peptide hormone biosynthesis"	"1/117"	"12/7644"	0.169085178376944	0.423559529590549	0.335004920176299	"INHBA"	1
"M3"	"Signaling by activated point mutants of FGFR3"	"Signaling by activated point mutants of FGFR3"	"1/117"	"12/7644"	0.169085178376944	0.423559529590549	0.335004920176299	"FGF1"	1
"M3"	"Signaling by FGFR3 mutants"	"Signaling by FGFR3 mutants"	"1/117"	"12/7644"	0.169085178376944	0.423559529590549	0.335004920176299	"FGF1"	1
"M3"	"Role of LAT2/NTAL/LAB on calcium mobilization"	"Role of LAT2/NTAL/LAB on calcium mobilization"	"4/117"	"141/7644"	0.169657822626049	0.423559529590549	0.335004920176299	"FGF1/PDGFRA/EGF/BTC"	4
"M3"	"FGFR2c ligand binding and activation"	"FGFR2c ligand binding and activation"	"1/117"	"13/7644"	0.181823259368807	0.438800132610055	0.34705913367239	"FGF1"	1
"M3"	"FGFR4 ligand binding and activation"	"FGFR4 ligand binding and activation"	"1/117"	"13/7644"	0.181823259368807	0.438800132610055	0.34705913367239	"FGF1"	1
"M3"	"Signaling by Activin"	"Signaling by Activin"	"1/117"	"13/7644"	0.181823259368807	0.438800132610055	0.34705913367239	"INHBA"	1
"M3"	"Trafficking and processing of endosomal TLR"	"Trafficking and processing of endosomal TLR"	"1/117"	"13/7644"	0.181823259368807	0.438800132610055	0.34705913367239	"CTSK"	1
"M3"	"WNT5A-dependent internalization of FZD2, FZD5 and ROR2"	"WNT5A-dependent internalization of FZD2, FZD5 and ROR2"	"1/117"	"13/7644"	0.181823259368807	0.438800132610055	0.34705913367239	"ROR2"	1
"M3"	"FGFR1 ligand binding and activation"	"FGFR1 ligand binding and activation"	"1/117"	"14/7644"	0.194367706840154	0.465967615073748	0.368546645245884	"FGF1"	1
"M3"	"Phospholipase C-mediated cascade"	"Phospholipase C-mediated cascade"	"2/117"	"54/7644"	0.20003452068608	0.476133024835628	0.376586748343387	"PDE1A/FGF1"	2
"M3"	"Constitutive Signaling by EGFRvIII"	"Constitutive Signaling by EGFRvIII"	"1/117"	"15/7644"	0.206721439251649	0.476133024835628	0.376586748343387	"EGF"	1
"M3"	"CREB phosphorylation through the activation of CaMKII"	"CREB phosphorylation through the activation of CaMKII"	"1/117"	"15/7644"	0.206721439251649	0.476133024835628	0.376586748343387	"GRIN2A"	1
"M3"	"GRB2:SOS provides linkage to MAPK signaling for Integrins"	"GRB2:SOS provides linkage to MAPK signaling for Integrins"	"1/117"	"15/7644"	0.206721439251649	0.476133024835628	0.376586748343387	"FN1"	1
"M3"	"p130Cas linkage to MAPK signaling for integrins"	"p130Cas linkage to MAPK signaling for integrins"	"1/117"	"15/7644"	0.206721439251649	0.476133024835628	0.376586748343387	"FN1"	1
"M3"	"Prolactin receptor signaling"	"Prolactin receptor signaling"	"1/117"	"15/7644"	0.206721439251649	0.476133024835628	0.376586748343387	"PRLR"	1
"M3"	"NGF signalling via TRKA from the plasma membrane"	"NGF signalling via TRKA from the plasma membrane"	"5/117"	"206/7644"	0.207814966640965	0.476133024835628	0.376586748343387	"PDE1A/FGF1/PDGFRA/EGF/BTC"	5
"M3"	"Amine-derived hormones"	"Amine-derived hormones"	"1/117"	"16/7644"	0.218887331453452	0.489118604852776	0.386857401919032	"DIO2"	1
"M3"	"Cell-extracellular matrix interactions"	"Cell-extracellular matrix interactions"	"1/117"	"16/7644"	0.218887331453452	0.489118604852776	0.386857401919032	"FLNC"	1
"M3"	"CRMPs in Sema3A signaling"	"CRMPs in Sema3A signaling"	"1/117"	"16/7644"	0.218887331453452	0.489118604852776	0.386857401919032	"DPYSL3"	1
"M3"	"Synthesis of very long-chain fatty acyl-CoAs"	"Synthesis of very long-chain fatty acyl-CoAs"	"1/117"	"16/7644"	0.218887331453452	0.489118604852776	0.386857401919032	"ELOVL2"	1
"M3"	"ABCA transporters in lipid homeostasis"	"ABCA transporters in lipid homeostasis"	"1/117"	"17/7644"	0.230868215331263	0.494522449407795	0.391131451697936	"ABCA6"	1
"M3"	"Activated point mutants of FGFR2"	"Activated point mutants of FGFR2"	"1/117"	"17/7644"	0.230868215331263	0.494522449407795	0.391131451697936	"FGF1"	1
"M3"	"Cytosolic sulfonation of small molecules"	"Cytosolic sulfonation of small molecules"	"1/117"	"17/7644"	0.230868215331263	0.494522449407795	0.391131451697936	"SULT1C2"	1
"M3"	"FGFR2 ligand binding and activation"	"FGFR2 ligand binding and activation"	"1/117"	"17/7644"	0.230868215331263	0.494522449407795	0.391131451697936	"FGF1"	1
"M3"	"Ras activation uopn Ca2+ infux through NMDA receptor"	"Ras activation uopn Ca2+ infux through NMDA receptor"	"1/117"	"17/7644"	0.230868215331263	0.494522449407795	0.391131451697936	"GRIN2A"	1
"M3"	"Signaling by FGFR2 mutants"	"Signaling by FGFR2 mutants"	"1/117"	"17/7644"	0.230868215331263	0.494522449407795	0.391131451697936	"FGF1"	1
"M3"	"Unblocking of NMDA receptor, glutamate binding and activation"	"Unblocking of NMDA receptor, glutamate binding and activation"	"1/117"	"17/7644"	0.230868215331263	0.494522449407795	0.391131451697936	"GRIN2A"	1
"M3"	"Cytochrome P450 - arranged by substrate type"	"Cytochrome P450 - arranged by substrate type"	"2/117"	"60/7644"	0.233861982767359	0.497988457422258	0.393872813081867	"CYP1B1/PTGIS"	2
"M3"	"Activation of SMO"	"Activation of SMO"	"1/117"	"18/7644"	0.242666880442872	0.510729132094882	0.403949764262309	"GAS1"	1
"M3"	"cGMP effects"	"cGMP effects"	"1/117"	"18/7644"	0.242666880442872	0.510729132094882	0.403949764262309	"PDE1A"	1
"M3"	"Platelet activation, signaling and aggregation"	"Platelet activation, signaling and aggregation"	"5/117"	"221/7644"	0.249954598308099	0.523020221713756	0.413671126217335	"FN1/IGF2/HGF/EGF/ADRA2A"	5
"M3"	"Constitutive Signaling by Ligand-Responsive EGFR Cancer Variants"	"Constitutive Signaling by Ligand-Responsive EGFR Cancer Variants"	"1/117"	"19/7644"	0.254286074645362	0.523020221713756	0.413671126217335	"EGF"	1
"M3"	"GABA synthesis, release, reuptake and degradation"	"GABA synthesis, release, reuptake and degradation"	"1/117"	"19/7644"	0.254286074645362	0.523020221713756	0.413671126217335	"SLC6A1"	1
"M3"	"Na+/Cl- dependent neurotransmitter transporters"	"Na+/Cl- dependent neurotransmitter transporters"	"1/117"	"19/7644"	0.254286074645362	0.523020221713756	0.413671126217335	"SLC6A1"	1
"M3"	"Downstream signaling events of B Cell Receptor (BCR)"	"Downstream signaling events of B Cell Receptor (BCR)"	"4/117"	"170/7644"	0.262733443264865	0.537341844417408	0.424998492822143	"FGF1/PDGFRA/EGF/BTC"	4
"M3"	"Fatty Acyl-CoA Biosynthesis"	"Fatty Acyl-CoA Biosynthesis"	"1/117"	"20/7644"	0.265728504713099	0.537395076570624	0.425040595601075	"ELOVL2"	1
"M3"	"Syndecan interactions"	"Syndecan interactions"	"1/117"	"20/7644"	0.265728504713099	0.537395076570624	0.425040595601075	"TNC"	1
"M3"	"Semaphorin interactions"	"Semaphorin interactions"	"2/117"	"67/7644"	0.273704737160274	0.539101370831645	0.426390150817701	"MYH11/DPYSL3"	2
"M3"	"Signalling by NGF"	"Signalling by NGF"	"6/117"	"287/7644"	0.276026854836839	0.539101370831645	0.426390150817701	"PDE1A/FGF1/PDGFRA/EGF/SORCS3/BTC"	6
"M3"	"Aflatoxin activation and detoxification"	"Aflatoxin activation and detoxification"	"1/117"	"21/7644"	0.276996836946646	0.539101370831645	0.426390150817701	"GGT5"	1
"M3"	"Defective ACY1 causes encephalopathy"	"Defective ACY1 causes encephalopathy"	"1/117"	"21/7644"	0.276996836946646	0.539101370831645	0.426390150817701	"GGT5"	1
"M3"	"GRB2 events in EGFR signaling"	"GRB2 events in EGFR signaling"	"1/117"	"21/7644"	0.276996836946646	0.539101370831645	0.426390150817701	"EGF"	1
"M3"	"HS-GAG degradation"	"HS-GAG degradation"	"1/117"	"21/7644"	0.276996836946646	0.539101370831645	0.426390150817701	"GPC3"	1
"M3"	"Synthesis of Leukotrienes (LT) and Eoxins (EX)"	"Synthesis of Leukotrienes (LT) and Eoxins (EX)"	"1/117"	"21/7644"	0.276996836946646	0.539101370831645	0.426390150817701	"GGT5"	1
"M3"	"Nef-mediates down modulation of cell surface receptors by recruiting them to clathrin adapters"	"Nef-mediates down modulation of cell surface receptors by recruiting them to clathrin adapters"	"1/117"	"22/7644"	0.288093697772731	0.55473360954111	0.438754119788258	"AP1M2"	1
"M3"	"SHC1 events in EGFR signaling"	"SHC1 events in EGFR signaling"	"1/117"	"22/7644"	0.288093697772731	0.55473360954111	0.438754119788258	"EGF"	1
"M3"	"G alpha (i) signalling events"	"G alpha (i) signalling events"	"5/117"	"236/7644"	0.294081076420687	0.563266400340151	0.445502939495554	"CXCL12/NPY1R/RGS4/MCHR1/ADRA2A"	5
"M3"	"BBSome-mediated cargo-targeting to cilium"	"BBSome-mediated cargo-targeting to cilium"	"1/117"	"23/7644"	0.29902167433539	0.563780448486517	0.445909514359793	"MCHR1"	1
"M3"	"FGFR ligand binding and activation"	"FGFR ligand binding and activation"	"1/117"	"23/7644"	0.29902167433539	0.563780448486517	0.445909514359793	"FGF1"	1
"M3"	"Laminin interactions"	"Laminin interactions"	"1/117"	"23/7644"	0.29902167433539	0.563780448486517	0.445909514359793	"LAMA2"	1
"M3"	"G alpha (s) signalling events"	"G alpha (s) signalling events"	"3/117"	"126/7644"	0.303639876256684	0.569246497758346	0.450232763565775	"PDE1A/RXFP1/PDE4C"	3
"M3"	"DARPP-32 events"	"DARPP-32 events"	"1/117"	"24/7644"	0.309783315078437	0.569246497758346	0.450232763565775	"PDE4C"	1
"M3"	"Growth hormone receptor signaling"	"Growth hormone receptor signaling"	"1/117"	"24/7644"	0.309783315078437	0.569246497758346	0.450232763565775	"PRLR"	1
"M3"	"Lysosome Vesicle Biogenesis"	"Lysosome Vesicle Biogenesis"	"1/117"	"24/7644"	0.309783315078437	0.569246497758346	0.450232763565775	"AP1M2"	1
"M3"	"Sema4D induced cell migration and growth-cone collapse"	"Sema4D induced cell migration and growth-cone collapse"	"1/117"	"24/7644"	0.309783315078437	0.569246497758346	0.450232763565775	"MYH11"	1
"M3"	"Complement cascade"	"Complement cascade"	"2/117"	"75/7644"	0.319136844800237	0.57988984587804	0.458650881299293	"CFH/C7"	2
"M3"	"Nitric oxide stimulates guanylate cyclase"	"Nitric oxide stimulates guanylate cyclase"	"1/117"	"25/7644"	0.320381130319359	0.57988984587804	0.458650881299293	"PDE1A"	1
"M3"	"SHC-related events triggered by IGF1R"	"SHC-related events triggered by IGF1R"	"1/117"	"25/7644"	0.320381130319359	0.57988984587804	0.458650881299293	"IGF2"	1
"M3"	"Calmodulin induced events"	"Calmodulin induced events"	"1/117"	"26/7644"	0.330817592814783	0.58577116865627	0.463302581781056	"PDE1A"	1
"M3"	"CaM pathway"	"CaM pathway"	"1/117"	"26/7644"	0.330817592814783	0.58577116865627	0.463302581781056	"PDE1A"	1
"M3"	"EGFR downregulation"	"EGFR downregulation"	"1/117"	"26/7644"	0.330817592814783	0.58577116865627	0.463302581781056	"EGF"	1
"M3"	"Insulin processing"	"Insulin processing"	"1/117"	"26/7644"	0.330817592814783	0.58577116865627	0.463302581781056	"CPE"	1
"M3"	"Peptide ligand-binding receptors"	"Peptide ligand-binding receptors"	"4/117"	"190/7644"	0.331721241918606	0.58577116865627	0.463302581781056	"CXCL12/NPY1R/RXFP1/MCHR1"	4
"M3"	"CREB phosphorylation through the activation of Ras"	"CREB phosphorylation through the activation of Ras"	"1/117"	"27/7644"	0.341095138317627	0.593636731110486	0.469523672178111	"GRIN2A"	1
"M3"	"Integrin alphaIIb beta3 signaling"	"Integrin alphaIIb beta3 signaling"	"1/117"	"27/7644"	0.341095138317627	0.593636731110486	0.469523672178111	"FN1"	1
"M3"	"Sema4D in semaphorin signaling"	"Sema4D in semaphorin signaling"	"1/117"	"27/7644"	0.341095138317627	0.593636731110486	0.469523672178111	"MYH11"	1
"M3"	"Opioid Signalling"	"Opioid Signalling"	"2/117"	"80/7644"	0.347222736485529	0.599718170460538	0.474333650378791	"PDE1A/PDE4C"	2
"M3"	"Adrenaline,noradrenaline inhibits insulin secretion"	"Adrenaline,noradrenaline inhibits insulin secretion"	"1/117"	"28/7644"	0.351216166126061	0.599718170460538	0.474333650378791	"ADRA2A"	1
"M3"	"Ca-dependent events"	"Ca-dependent events"	"1/117"	"28/7644"	0.351216166126061	0.599718170460538	0.474333650378791	"PDE1A"	1
"M3"	"SHC1 events in ERBB4 signaling"	"SHC1 events in ERBB4 signaling"	"1/117"	"28/7644"	0.351216166126061	0.599718170460538	0.474333650378791	"BTC"	1
"M3"	"Interaction between L1 and Ankyrins"	"Interaction between L1 and Ankyrins"	"1/117"	"29/7644"	0.361183039624387	0.602662171521473	0.476662142058275	"NFASC"	1
"M3"	"SHC-mediated cascade"	"SHC-mediated cascade"	"1/117"	"29/7644"	0.361183039624387	0.602662171521473	0.476662142058275	"FGF1"	1
"M3"	"The role of Nef in HIV-1 replication and disease pathogenesis"	"The role of Nef in HIV-1 replication and disease pathogenesis"	"1/117"	"29/7644"	0.361183039624387	0.602662171521473	0.476662142058275	"AP1M2"	1
"M3"	"YAP1- and WWTR1 (TAZ)-stimulated gene expression"	"YAP1- and WWTR1 (TAZ)-stimulated gene expression"	"1/117"	"29/7644"	0.361183039624387	0.602662171521473	0.476662142058275	"CTGF"	1
"M3"	"Peptide hormone metabolism"	"Peptide hormone metabolism"	"2/117"	"83/7644"	0.36389797572917	0.602662171521473	0.476662142058275	"CPE/INHBA"	2
"M3"	"Amine compound SLC transporters"	"Amine compound SLC transporters"	"1/117"	"30/7644"	0.370998086815975	0.602662171521473	0.476662142058275	"SLC6A1"	1
"M3"	"Signaling by FGFR1 mutants"	"Signaling by FGFR1 mutants"	"1/117"	"30/7644"	0.370998086815975	0.602662171521473	0.476662142058275	"FGF1"	1
"M3"	"Hedgehog 'on' state"	"Hedgehog 'on' state"	"2/117"	"85/7644"	0.37492748274394	0.602662171521473	0.476662142058275	"GLI2/GAS1"	2
"M3"	"Amino acid transport across the plasma membrane"	"Amino acid transport across the plasma membrane"	"1/117"	"31/7644"	0.380663600848354	0.602662171521473	0.476662142058275	"SLC7A2"	1
"M3"	"DAG and IP3 signaling"	"DAG and IP3 signaling"	"1/117"	"31/7644"	0.380663600848354	0.602662171521473	0.476662142058275	"PDE1A"	1
"M3"	"HS-GAG biosynthesis"	"HS-GAG biosynthesis"	"1/117"	"31/7644"	0.380663600848354	0.602662171521473	0.476662142058275	"GPC3"	1
"M3"	"Response of Mtb to phagocytosis"	"Response of Mtb to phagocytosis"	"1/117"	"31/7644"	0.380663600848354	0.602662171521473	0.476662142058275	"LTF"	1
"M3"	"Striated Muscle Contraction"	"Striated Muscle Contraction"	"1/117"	"31/7644"	0.380663600848354	0.602662171521473	0.476662142058275	"DES"	1
"M3"	"Defective AHCY causes Hypermethioninemia with S-adenosylhomocysteine hydrolase deficiency (HMAHCHD)"	"Defective AHCY causes Hypermethioninemia with S-adenosylhomocysteine hydrolase deficiency (HMAHCHD)"	"2/117"	"89/7644"	0.396750498647513	0.602662171521473	0.476662142058275	"SULT1C2/GGT5"	2
"M3"	"Defective GCLC causes Hemolytic anemia due to gamma-glutamylcysteine synthetase deficiency (HAGGSD)"	"Defective GCLC causes Hemolytic anemia due to gamma-glutamylcysteine synthetase deficiency (HAGGSD)"	"2/117"	"89/7644"	0.396750498647513	0.602662171521473	0.476662142058275	"SULT1C2/GGT5"	2
"M3"	"Defective GGT1 causes Glutathionuria (GLUTH)"	"Defective GGT1 causes Glutathionuria (GLUTH)"	"2/117"	"89/7644"	0.396750498647513	0.602662171521473	0.476662142058275	"SULT1C2/GGT5"	2
"M3"	"Defective GSS causes Glutathione synthetase deficiency (GSS deficiency)"	"Defective GSS causes Glutathione synthetase deficiency (GSS deficiency)"	"2/117"	"89/7644"	0.396750498647513	0.602662171521473	0.476662142058275	"SULT1C2/GGT5"	2
"M3"	"Defective MAT1A causes Methionine adenosyltransferase deficiency (MATD)"	"Defective MAT1A causes Methionine adenosyltransferase deficiency (MATD)"	"2/117"	"89/7644"	0.396750498647513	0.602662171521473	0.476662142058275	"SULT1C2/GGT5"	2
"M3"	"Defective OPLAH causes 5-oxoprolinase deficiency (OPLAHD)"	"Defective OPLAH causes 5-oxoprolinase deficiency (OPLAHD)"	"2/117"	"89/7644"	0.396750498647513	0.602662171521473	0.476662142058275	"SULT1C2/GGT5"	2
"M3"	"Defective SLC35D1 causes Schneckenbecken dysplasia (SCHBCKD)"	"Defective SLC35D1 causes Schneckenbecken dysplasia (SCHBCKD)"	"2/117"	"89/7644"	0.396750498647513	0.602662171521473	0.476662142058275	"SULT1C2/GGT5"	2
"M3"	"Defective TPMT causes Thiopurine S-methyltransferase deficiency (TPMT deficiency)"	"Defective TPMT causes Thiopurine S-methyltransferase deficiency (TPMT deficiency)"	"2/117"	"89/7644"	0.396750498647513	0.602662171521473	0.476662142058275	"SULT1C2/GGT5"	2
"M3"	"Defective UGT1A1 causes hyperbilirubinemia"	"Defective UGT1A1 causes hyperbilirubinemia"	"2/117"	"89/7644"	0.396750498647513	0.602662171521473	0.476662142058275	"SULT1C2/GGT5"	2
"M3"	"Defective UGT1A4 causes hyperbilirubinemia"	"Defective UGT1A4 causes hyperbilirubinemia"	"2/117"	"89/7644"	0.396750498647513	0.602662171521473	0.476662142058275	"SULT1C2/GGT5"	2
"M3"	"IRS-related events triggered by IGF1R"	"IRS-related events triggered by IGF1R"	"2/117"	"89/7644"	0.396750498647513	0.602662171521473	0.476662142058275	"IGF2/FGF1"	2
"M3"	"Phase II conjugation"	"Phase II conjugation"	"2/117"	"89/7644"	0.396750498647513	0.602662171521473	0.476662142058275	"SULT1C2/GGT5"	2
"M3"	"Signaling by the B Cell Receptor (BCR)"	"Signaling by the B Cell Receptor (BCR)"	"4/117"	"209/7644"	0.398154074525343	0.602662171521473	0.476662142058275	"FGF1/PDGFRA/EGF/BTC"	4
"M3"	"Glutathione conjugation"	"Glutathione conjugation"	"1/117"	"33/7644"	0.399555030842966	0.602662171521473	0.476662142058275	"GGT5"	1
"M3"	"PLC-gamma1 signalling"	"PLC-gamma1 signalling"	"1/117"	"33/7644"	0.399555030842966	0.602662171521473	0.476662142058275	"PDE1A"	1
"M3"	"PCP/CE pathway"	"PCP/CE pathway"	"2/117"	"91/7644"	0.407533395762003	0.607586924794733	0.480557265321801	"VANGL2/ROR2"	2
"M3"	"Fc epsilon receptor (FCERI) signaling"	"Fc epsilon receptor (FCERI) signaling"	"4/117"	"212/7644"	0.408591001189798	0.607586924794733	0.480557265321801	"FGF1/PDGFRA/EGF/BTC"	4
"M3"	"Diseases associated with visual transduction"	"Diseases associated with visual transduction"	"2/117"	"92/7644"	0.412890562153327	0.607586924794733	0.480557265321801	"AKR1C1/GPC3"	2
"M3"	"IGF1R signaling cascade"	"IGF1R signaling cascade"	"2/117"	"92/7644"	0.412890562153327	0.607586924794733	0.480557265321801	"IGF2/FGF1"	2
"M3"	"Signaling by Type 1 Insulin-like Growth Factor 1 Receptor (IGF1R)"	"Signaling by Type 1 Insulin-like Growth Factor 1 Receptor (IGF1R)"	"2/117"	"92/7644"	0.412890562153327	0.607586924794733	0.480557265321801	"IGF2/FGF1"	2
"M3"	"Visual phototransduction"	"Visual phototransduction"	"2/117"	"92/7644"	0.412890562153327	0.607586924794733	0.480557265321801	"AKR1C1/GPC3"	2
"M3"	"Post NMDA receptor activation events"	"Post NMDA receptor activation events"	"1/117"	"35/7644"	0.417874997142094	0.612432182046308	0.484389512988065	"GRIN2A"	1
"M3"	"NCAM1 interactions"	"NCAM1 interactions"	"1/117"	"37/7644"	0.435640641915603	0.635894807957453	0.502946751277777	"COL6A3"	1
"M3"	"Apoptotic cleavage of cellular proteins"	"Apoptotic cleavage of cellular proteins"	"1/117"	"38/7644"	0.444320810825275	0.640813280951194	0.506836907294925	"PKP1"	1
"M3"	"Phagosomal maturation (early endosomal stage)"	"Phagosomal maturation (early endosomal stage)"	"1/117"	"38/7644"	0.444320810825275	0.640813280951194	0.506836907294925	"LTF"	1
"M3"	"Transport of vitamins, nucleosides, and related molecules"	"Transport of vitamins, nucleosides, and related molecules"	"1/117"	"38/7644"	0.444320810825275	0.640813280951194	0.506836907294925	"APOD"	1
"M3"	"Signaling by Wnt"	"Signaling by Wnt"	"5/117"	"286/7644"	0.446394534366691	0.641249291431517	0.507181760015622	"SFRP2/DACT1/VANGL2/SFRP1/ROR2"	5
"M3"	"Activation of NMDA receptor upon glutamate binding and postsynaptic events"	"Activation of NMDA receptor upon glutamate binding and postsynaptic events"	"1/117"	"39/7644"	0.452868597458649	0.64542689874028	0.510485944918162	"GRIN2A"	1
"M3"	"Formation of Fibrin Clot (Clotting Cascade)"	"Formation of Fibrin Clot (Clotting Cascade)"	"1/117"	"39/7644"	0.452868597458649	0.64542689874028	0.510485944918162	"F3"	1
"M3"	"Negative regulation of FGFR signaling"	"Negative regulation of FGFR signaling"	"1/117"	"40/7644"	0.461286003651593	0.654845228713242	0.517935161994771	"FGF1"	1
"M3"	"MHC class II antigen presentation"	"MHC class II antigen presentation"	"2/117"	"103/7644"	0.470154255135067	0.662609144619978	0.524075857332463	"CTSK/AP1M2"	2
"M3"	"Ion channel transport"	"Ion channel transport"	"3/117"	"167/7644"	0.473113271968889	0.662609144619978	0.524075857332463	"PLN/SGK2/ATP1A2"	3
"M3"	"Amine ligand-binding receptors"	"Amine ligand-binding receptors"	"1/117"	"42/7644"	0.477737532447001	0.662609144619978	0.524075857332463	"ADRA2A"	1
"M3"	"Netrin-1 signaling"	"Netrin-1 signaling"	"1/117"	"42/7644"	0.477737532447001	0.662609144619978	0.524075857332463	"SLIT3"	1
"M3"	"Neurotransmitter Release Cycle"	"Neurotransmitter Release Cycle"	"1/117"	"42/7644"	0.477737532447001	0.662609144619978	0.524075857332463	"SLC6A1"	1
"M3"	"Triglyceride Biosynthesis"	"Triglyceride Biosynthesis"	"1/117"	"42/7644"	0.477737532447001	0.662609144619978	0.524075857332463	"ELOVL2"	1
"M3"	"PLC beta mediated events"	"PLC beta mediated events"	"1/117"	"43/7644"	0.485775510440121	0.671186010608106	0.530859537323073	"PDE1A"	1
"M3"	"FRS2-mediated cascade"	"FRS2-mediated cascade"	"1/117"	"44/7644"	0.493690819646608	0.676954836030576	0.535422260541776	"FGF1"	1
"M3"	"G-protein mediated events"	"G-protein mediated events"	"1/117"	"44/7644"	0.493690819646608	0.676954836030576	0.535422260541776	"PDE1A"	1
"M3"	"Signaling by FGFR mutants"	"Signaling by FGFR mutants"	"1/117"	"45/7644"	0.50148531623889	0.685047865956522	0.541823261239238	"FGF1"	1
"M3"	"NOTCH1 Intracellular Domain Regulates Transcription"	"NOTCH1 Intracellular Domain Regulates Transcription"	"1/117"	"47/7644"	0.516719157453446	0.703204266910329	0.556183659783686	"HEYL"	1
"M3"	"Class A/1 (Rhodopsin-like receptors)"	"Class A/1 (Rhodopsin-like receptors)"	"5/117"	"314/7644"	0.529030546222222	0.717262388511028	0.567302616094794	"CXCL12/NPY1R/RXFP1/MCHR1/ADRA2A"	5
"M3"	"Amino acid and oligopeptide SLC transporters"	"Amino acid and oligopeptide SLC transporters"	"1/117"	"49/7644"	0.531491333950064	0.71790993615643	0.567814779396769	"SLC7A2"	1
"M3"	"Amyloids"	"Amyloids"	"1/117"	"51/7644"	0.545815719594606	0.731797372197213	0.578798735788432	"LTF"	1
"M3"	"Cargo trafficking to the periciliary membrane"	"Cargo trafficking to the periciliary membrane"	"1/117"	"51/7644"	0.545815719594606	0.731797372197213	0.578798735788432	"MCHR1"	1
"M3"	"Apoptotic execution  phase"	"Apoptotic execution  phase"	"1/117"	"52/7644"	0.552814213050082	0.737369092598249	0.583205563206525	"PKP1"	1
"M3"	"misspliced LRP5 mutants have enhanced beta-catenin-dependent signaling"	"misspliced LRP5 mutants have enhanced beta-catenin-dependent signaling"	"3/117"	"190/7644"	0.560156078631267	0.737369092598249	0.583205563206525	"SFRP2/DACT1/SFRP1"	3
"M3"	"RNF mutants show enhanced WNT signaling and proliferation"	"RNF mutants show enhanced WNT signaling and proliferation"	"3/117"	"190/7644"	0.560156078631267	0.737369092598249	0.583205563206525	"SFRP2/DACT1/SFRP1"	3
"M3"	"TCF dependent signaling in response to WNT"	"TCF dependent signaling in response to WNT"	"3/117"	"190/7644"	0.560156078631267	0.737369092598249	0.583205563206525	"SFRP2/DACT1/SFRP1"	3
"M3"	"XAV939 inhibits tankyrase, stabilizing AXIN"	"XAV939 inhibits tankyrase, stabilizing AXIN"	"3/117"	"190/7644"	0.560156078631267	0.737369092598249	0.583205563206525	"SFRP2/DACT1/SFRP1"	3
"M3"	"Golgi Associated Vesicle Biogenesis"	"Golgi Associated Vesicle Biogenesis"	"1/117"	"54/7644"	0.566492024913556	0.743007655864882	0.587665258491561	"AP1M2"	1
"M3"	"Chemokine receptors bind chemokines"	"Chemokine receptors bind chemokines"	"1/117"	"55/7644"	0.573174558916865	0.749058448837202	0.5924509976264	"CXCL12"	1
"M3"	"degradation of DVL"	"degradation of DVL"	"1/117"	"56/7644"	0.579754948507948	0.754932702733371	0.597097107134274	"DACT1"	1
"M3"	"Constitutive Signaling by NOTCH1 HD+PEST Domain Mutants"	"Constitutive Signaling by NOTCH1 HD+PEST Domain Mutants"	"1/117"	"57/7644"	0.586234741737332	0.757917773246122	0.59945808177652	"HEYL"	1
"M3"	"Constitutive Signaling by NOTCH1 PEST Domain Mutants"	"Constitutive Signaling by NOTCH1 PEST Domain Mutants"	"1/117"	"57/7644"	0.586234741737332	0.757917773246122	0.59945808177652	"HEYL"	1
"M3"	"Degradation of GLI2 by the proteasome"	"Degradation of GLI2 by the proteasome"	"1/117"	"59/7644"	0.598898615356876	0.771534871029143	0.610228220180072	"GLI2"	1
"M3"	"Clathrin derived vesicle budding"	"Clathrin derived vesicle budding"	"1/117"	"61/7644"	0.611178105169813	0.781789661029937	0.618339016575001	"AP1M2"	1
"M3"	"trans-Golgi Network Vesicle Budding"	"trans-Golgi Network Vesicle Budding"	"1/117"	"61/7644"	0.611178105169813	0.781789661029937	0.618339016575001	"AP1M2"	1
"M3"	"Signaling by Hedgehog"	"Signaling by Hedgehog"	"2/117"	"136/7644"	0.620307707263717	0.78840421050737	0.623570646286725	"GLI2/GAS1"	2
"M3"	"Post-translational protein modification"	"Post-translational protein modification"	"4/117"	"278/7644"	0.620704972360775	0.78840421050737	0.623570646286725	"THBS2/ADAMTS4/GALNT16/ADAMTS12"	4
"M3"	"Asymmetric localization of PCP proteins"	"Asymmetric localization of PCP proteins"	"1/117"	"63/7644"	0.623084780748927	0.78865975745144	0.623772765416666	"VANGL2"	1
"M3"	"O-linked glycosylation of mucins"	"O-linked glycosylation of mucins"	"1/117"	"64/7644"	0.628901833994195	0.793249003156441	0.627402526486048	"GALNT16"	1
"M3"	"Signaling by WNT in cancer"	"Signaling by WNT in cancer"	"3/117"	"212/7644"	0.634932415595871	0.798074772380921	0.631219360533907	"SFRP2/DACT1/SFRP1"	3
"M3"	"Hemostasis"	"Hemostasis"	"7/117"	"497/7644"	0.645231279552528	0.807617924755274	0.638767303092279	"FN1/IGF2/HGF/PDE1A/F3/EGF/ADRA2A"	7
"M3"	"Latent infection of Homo sapiens with Mycobacterium tuberculosis"	"Latent infection of Homo sapiens with Mycobacterium tuberculosis"	"1/117"	"68/7644"	0.651293244587705	0.807617924755274	0.638767303092279	"LTF"	1
"M3"	"PI3K Cascade"	"PI3K Cascade"	"1/117"	"68/7644"	0.651293244587705	0.807617924755274	0.638767303092279	"FGF1"	1
"M3"	"beta-catenin independent WNT signaling"	"beta-catenin independent WNT signaling"	"2/117"	"144/7644"	0.651448712786022	0.807617924755274	0.638767303092279	"VANGL2/ROR2"	2
"M3"	"NCAM signaling for neurite out-growth"	"NCAM signaling for neurite out-growth"	"1/117"	"70/7644"	0.661981286924311	0.811295636228679	0.641676106583893	"COL6A3"	1
"M3"	"FBXW7 Mutants and NOTCH1 in Cancer"	"FBXW7 Mutants and NOTCH1 in Cancer"	"1/117"	"72/7644"	0.67234444991327	0.811295636228679	0.641676106583893	"HEYL"	1
"M3"	"Signaling by NOTCH1"	"Signaling by NOTCH1"	"1/117"	"72/7644"	0.67234444991327	0.811295636228679	0.641676106583893	"HEYL"	1
"M3"	"Signaling by NOTCH1 HD Domain Mutants in Cancer"	"Signaling by NOTCH1 HD Domain Mutants in Cancer"	"1/117"	"72/7644"	0.67234444991327	0.811295636228679	0.641676106583893	"HEYL"	1
"M3"	"Signaling by NOTCH1 HD+PEST Domain Mutants in Cancer"	"Signaling by NOTCH1 HD+PEST Domain Mutants in Cancer"	"1/117"	"72/7644"	0.67234444991327	0.811295636228679	0.641676106583893	"HEYL"	1
"M3"	"Signaling by NOTCH1 in Cancer"	"Signaling by NOTCH1 in Cancer"	"1/117"	"72/7644"	0.67234444991327	0.811295636228679	0.641676106583893	"HEYL"	1
"M3"	"Signaling by NOTCH1 PEST Domain Mutants in Cancer"	"Signaling by NOTCH1 PEST Domain Mutants in Cancer"	"1/117"	"72/7644"	0.67234444991327	0.811295636228679	0.641676106583893	"HEYL"	1
"M3"	"Signaling by NOTCH1 t(7;9)(NOTCH1:M1580_K2555) Translocation Mutant"	"Signaling by NOTCH1 t(7;9)(NOTCH1:M1580_K2555) Translocation Mutant"	"1/117"	"72/7644"	0.67234444991327	0.811295636228679	0.641676106583893	"HEYL"	1
"M3"	"Regulation of insulin secretion"	"Regulation of insulin secretion"	"1/117"	"77/7644"	0.696894556323707	0.824975290832859	0.652495722903569	"ADRA2A"	1
"M3"	"Platelet homeostasis"	"Platelet homeostasis"	"1/117"	"79/7644"	0.706195859204726	0.824975290832859	0.652495722903569	"PDE1A"	1
"M3"	"p75 NTR receptor-mediated signalling"	"p75 NTR receptor-mediated signalling"	"1/117"	"83/7644"	0.723957824044281	0.824975290832859	0.652495722903569	"SORCS3"	1
"M3"	"Cell junction organization"	"Cell junction organization"	"1/117"	"85/7644"	0.732435314818447	0.824975290832859	0.652495722903569	"FLNC"	1
"M3"	"IRS-mediated signalling"	"IRS-mediated signalling"	"1/117"	"85/7644"	0.732435314818447	0.824975290832859	0.652495722903569	"FGF1"	1
"M3"	"Defective AMN causes hereditary megaloblastic anemia 1"	"Defective AMN causes hereditary megaloblastic anemia 1"	"1/117"	"87/7644"	0.740654611935577	0.824975290832859	0.652495722903569	"PTGIS"	1
"M3"	"Defective BTD causes biotidinase deficiency"	"Defective BTD causes biotidinase deficiency"	"1/117"	"87/7644"	0.740654611935577	0.824975290832859	0.652495722903569	"PTGIS"	1
"M3"	"Defective CD320 causes methylmalonic aciduria"	"Defective CD320 causes methylmalonic aciduria"	"1/117"	"87/7644"	0.740654611935577	0.824975290832859	0.652495722903569	"PTGIS"	1
"M3"	"Defective CUBN causes hereditary megaloblastic anemia 1"	"Defective CUBN causes hereditary megaloblastic anemia 1"	"1/117"	"87/7644"	0.740654611935577	0.824975290832859	0.652495722903569	"PTGIS"	1
"M3"	"Defective GIF causes intrinsic factor deficiency"	"Defective GIF causes intrinsic factor deficiency"	"1/117"	"87/7644"	0.740654611935577	0.824975290832859	0.652495722903569	"PTGIS"	1
"M3"	"Defective HLCS causes multiple carboxylase deficiency"	"Defective HLCS causes multiple carboxylase deficiency"	"1/117"	"87/7644"	0.740654611935577	0.824975290832859	0.652495722903569	"PTGIS"	1
"M3"	"Defective LMBRD1 causes methylmalonic aciduria and homocystinuria type cblF"	"Defective LMBRD1 causes methylmalonic aciduria and homocystinuria type cblF"	"1/117"	"87/7644"	0.740654611935577	0.824975290832859	0.652495722903569	"PTGIS"	1
"M3"	"Defective MMAA causes methylmalonic aciduria type cblA"	"Defective MMAA causes methylmalonic aciduria type cblA"	"1/117"	"87/7644"	0.740654611935577	0.824975290832859	0.652495722903569	"PTGIS"	1
"M3"	"Defective MMAB causes methylmalonic aciduria type cblB"	"Defective MMAB causes methylmalonic aciduria type cblB"	"1/117"	"87/7644"	0.740654611935577	0.824975290832859	0.652495722903569	"PTGIS"	1
"M3"	"Defective MMACHC causes methylmalonic aciduria and homocystinuria type cblC"	"Defective MMACHC causes methylmalonic aciduria and homocystinuria type cblC"	"1/117"	"87/7644"	0.740654611935577	0.824975290832859	0.652495722903569	"PTGIS"	1
"M3"	"Defective MMADHC causes methylmalonic aciduria and homocystinuria type cblD"	"Defective MMADHC causes methylmalonic aciduria and homocystinuria type cblD"	"1/117"	"87/7644"	0.740654611935577	0.824975290832859	0.652495722903569	"PTGIS"	1
"M3"	"Defective MTR causes methylmalonic aciduria and homocystinuria type cblG"	"Defective MTR causes methylmalonic aciduria and homocystinuria type cblG"	"1/117"	"87/7644"	0.740654611935577	0.824975290832859	0.652495722903569	"PTGIS"	1
"M3"	"Defective MTRR causes methylmalonic aciduria and homocystinuria type cblE"	"Defective MTRR causes methylmalonic aciduria and homocystinuria type cblE"	"1/117"	"87/7644"	0.740654611935577	0.824975290832859	0.652495722903569	"PTGIS"	1
"M3"	"Defective MUT causes methylmalonic aciduria mut type"	"Defective MUT causes methylmalonic aciduria mut type"	"1/117"	"87/7644"	0.740654611935577	0.824975290832859	0.652495722903569	"PTGIS"	1
"M3"	"Defective TCN2 causes hereditary megaloblastic anemia"	"Defective TCN2 causes hereditary megaloblastic anemia"	"1/117"	"87/7644"	0.740654611935577	0.824975290832859	0.652495722903569	"PTGIS"	1
"M3"	"Defects in biotin (Btn) metabolism"	"Defects in biotin (Btn) metabolism"	"1/117"	"87/7644"	0.740654611935577	0.824975290832859	0.652495722903569	"PTGIS"	1
"M3"	"Defects in cobalamin (B12) metabolism"	"Defects in cobalamin (B12) metabolism"	"1/117"	"87/7644"	0.740654611935577	0.824975290832859	0.652495722903569	"PTGIS"	1
"M3"	"Defects in vitamin and cofactor metabolism"	"Defects in vitamin and cofactor metabolism"	"1/117"	"87/7644"	0.740654611935577	0.824975290832859	0.652495722903569	"PTGIS"	1
"M3"	"Metabolism of vitamins and cofactors"	"Metabolism of vitamins and cofactors"	"1/117"	"87/7644"	0.740654611935577	0.824975290832859	0.652495722903569	"PTGIS"	1
"M3"	"Metabolism of water-soluble vitamins and cofactors"	"Metabolism of water-soluble vitamins and cofactors"	"1/117"	"87/7644"	0.740654611935577	0.824975290832859	0.652495722903569	"PTGIS"	1
"M3"	"IRS-related events"	"IRS-related events"	"1/117"	"88/7644"	0.744669883922284	0.826903368036401	0.654020692369587	"FGF1"	1
"M3"	"Insulin receptor signalling cascade"	"Insulin receptor signalling cascade"	"1/117"	"92/7644"	0.760123858251216	0.841482680999818	0.665551873311865	"FGF1"	1
"M3"	"SLC-mediated transmembrane transport"	"SLC-mediated transmembrane transport"	"3/117"	"259/7644"	0.763890253146819	0.843073998899843	0.66681049055178	"SLC7A2/SLC6A1/APOD"	3
"M3"	"Transport of inorganic cations/anions and amino acids/oligopeptides"	"Transport of inorganic cations/anions and amino acids/oligopeptides"	"1/117"	"94/7644"	0.767499370580389	0.844482590121887	0.667924584219695	"SLC7A2"	1
"M3"	"Fatty acid, triacylglycerol, and ketone body metabolism"	"Fatty acid, triacylglycerol, and ketone body metabolism"	"2/117"	"181/7644"	0.769852780007699	0.844505170796324	0.667942443898227	"CTGF/ELOVL2"	2
"M3"	"L1CAM interactions"	"L1CAM interactions"	"1/117"	"97/7644"	0.778143090177751	0.848235208402761	0.670892633572407	"NFASC"	1
"M3"	"Transport of glucose and other sugars, bile salts and organic acids, metal ions and amine compounds"	"Transport of glucose and other sugars, bile salts and organic acids, metal ions and amine compounds"	"1/117"	"97/7644"	0.778143090177751	0.848235208402761	0.670892633572407	"SLC6A1"	1
"M3"	"Stimuli-sensing channels"	"Stimuli-sensing channels"	"1/117"	"98/7644"	0.781582504309088	0.848235208402761	0.670892633572407	"SGK2"	1
"M3"	"Cell surface interactions at the vascular wall"	"Cell surface interactions at the vascular wall"	"1/117"	"99/7644"	0.784969046450069	0.848235208402761	0.670892633572407	"FN1"	1
"M3"	"Hedgehog 'off' state"	"Hedgehog 'off' state"	"1/117"	"99/7644"	0.784969046450069	0.848235208402761	0.670892633572407	"GLI2"	1
"M3"	"Metabolism of amino acids and derivatives"	"Metabolism of amino acids and derivatives"	"2/117"	"188/7644"	0.7878939364371	0.84886191961378	0.671388316763443	"DIO2/CPS1"	2
"M3"	"Integration of energy metabolism"	"Integration of energy metabolism"	"1/117"	"104/7644"	0.801136460292561	0.860567948444828	0.680646937996491	"ADRA2A"	1
"M3"	"Defective ACTH causes Obesity and Pro-opiomelanocortinin deficiency (POMCD)"	"Defective ACTH causes Obesity and Pro-opiomelanocortinin deficiency (POMCD)"	"5/117"	"441/7644"	0.813297454142129	0.868476927432008	0.686902367727555	"CXCL12/NPY1R/RXFP1/MCHR1/ADRA2A"	5
"M3"	"GPCR ligand binding"	"GPCR ligand binding"	"5/117"	"441/7644"	0.813297454142129	0.868476927432008	0.686902367727555	"CXCL12/NPY1R/RXFP1/MCHR1/ADRA2A"	5
"M3"	"Signaling by Interleukins"	"Signaling by Interleukins"	"1/117"	"109/7644"	0.816097913514093	0.868530256355939	0.686944547045116	"HGF"	1
"M3"	"Transmission across Chemical Synapses"	"Transmission across Chemical Synapses"	"2/117"	"201/7644"	0.818145904467887	0.868530256355939	0.686944547045116	"SLC6A1/GRIN2A"	2
"M3"	"PPARA activates gene expression"	"PPARA activates gene expression"	"1/117"	"111/7644"	0.821765040369848	0.869821475479196	0.68796580788119	"CTGF"	1
"M3"	"Orphan transporters"	"Orphan transporters"	"1/117"	"114/7644"	0.829942643451685	0.873369874795088	0.690772334819028	"APOD"	1
"M3"	"Regulation of lipid metabolism by Peroxisome proliferator-activated receptor alpha (PPARalpha)"	"Regulation of lipid metabolism by Peroxisome proliferator-activated receptor alpha (PPARalpha)"	"1/117"	"114/7644"	0.829942643451685	0.873369874795088	0.690772334819028	"CTGF"	1
"M3"	"Signaling by Insulin receptor"	"Signaling by Insulin receptor"	"1/117"	"116/7644"	0.835186583819329	0.876340705340861	0.693122046678436	"FGF1"	1
"M3"	"Signaling by NOTCH"	"Signaling by NOTCH"	"1/117"	"122/7644"	0.849975526951501	0.889280753631339	0.703356687954999	"HEYL"	1
"M3"	"Cell-Cell communication"	"Cell-Cell communication"	"1/117"	"130/7644"	0.867666310726936	0.905173499951443	0.715926699583578	"FLNC"	1
"M3"	"Host Interactions of HIV factors"	"Host Interactions of HIV factors"	"1/117"	"135/7644"	0.877655791874496	0.912963783501631	0.722088249818097	"AP1M2"	1
"M3"	"Neurotransmitter Receptor Binding And Downstream Transmission In The  Postsynaptic Cell"	"Neurotransmitter Receptor Binding And Downstream Transmission In The  Postsynaptic Cell"	"1/117"	"140/7644"	0.886897155941803	0.919933439687486	0.727600743224764	"GRIN2A"	1
"M3"	"Toll-Like Receptors Cascades"	"Toll-Like Receptors Cascades"	"1/117"	"144/7644"	0.893789092737372	0.924433290202653	0.731159799171624	"CTSK"	1
"M3"	"Apoptosis"	"Apoptosis"	"1/117"	"148/7644"	0.900264439854586	0.928477855348605	0.734358757356268	"PKP1"	1
"M3"	"Programmed Cell Death"	"Programmed Cell Death"	"1/117"	"160/7644"	0.917433375850418	0.943496824027986	0.746237674136703	"PKP1"	1
"M3"	"Neuronal System"	"Neuronal System"	"2/117"	"280/7644"	0.932250145191725	0.956018562491231	0.756141462627551	"SLC6A1/GRIN2A"	2
"M3"	"Assembly of the primary cilium"	"Assembly of the primary cilium"	"1/117"	"179/7644"	0.938817446209532	0.960033659683194	0.75931711379421	"MCHR1"	1
"M3"	"G alpha (q) signalling events"	"G alpha (q) signalling events"	"1/117"	"189/7644"	0.947762878738692	0.964570045559799	0.762905066566634	"MCHR1"	1
"M3"	"Membrane Trafficking"	"Membrane Trafficking"	"1/117"	"190/7644"	0.948582696738366	0.964570045559799	0.762905066566634	"AP1M2"	1
"M3"	"Cytokine Signaling in Immune system"	"Cytokine Signaling in Immune system"	"2/117"	"308/7644"	0.953078321435606	0.966426757310054	0.764373591126301	"HGF/PRLR"	2
"M3"	"Gastrin-CREB signalling pathway via PKC and MAPK"	"Gastrin-CREB signalling pathway via PKC and MAPK"	"1/117"	"217/7644"	0.966482707640237	0.977281397111078	0.772958825281224	"MCHR1"	1
"M3"	"HIV Infection"	"HIV Infection"	"1/117"	"227/7644"	0.971406566714438	0.979524170336007	0.774732696514667	"AP1M2"	1
"M3"	"Olfactory Signaling Pathway"	"Olfactory Signaling Pathway"	"2/117"	"422/7644"	0.990184580898913	0.995685606348352	0.787515222235393	"OR51E1/OR51E2"	2
"M3"	"Organelle biogenesis and maintenance"	"Organelle biogenesis and maintenance"	"1/117"	"324/7644"	0.993946137026153	0.996699450425117	0.788317099492969	"MCHR1"	1
"M3"	"Generic Transcription Pathway"	"Generic Transcription Pathway"	"1/117"	"483/7644"	0.999545933554797	0.999545933554797	0.790568461549592	"CTGF"	1
"M4"	"Class A/1 (Rhodopsin-like receptors)"	"Class A/1 (Rhodopsin-like receptors)"	"18/97"	"314/7644"	5.9901512366051e-08	2.07858247910197e-05	1.96098635219388e-05	"EDNRB/APLN/APLNR/EDN1/F2RL3/PTGER3/ACKR1/SUCNR1/ADRA1B/CCL20/AGTR1/CXCL2/CXCL8/ADRA2B/CHRM3/ADORA1/SSTR1/CXCL1"	18
"M4"	"Defective ACTH causes Obesity and Pro-opiomelanocortinin deficiency (POMCD)"	"Defective ACTH causes Obesity and Pro-opiomelanocortinin deficiency (POMCD)"	"20/97"	"441/7644"	4.71095276073071e-07	5.44900202657852e-05	5.14072388977982e-05	"EDNRB/APLN/RAMP3/APLNR/EDN1/F2RL3/PTGER3/ACKR1/SUCNR1/ADRA1B/CCL20/AGTR1/CXCL2/CXCL8/ADRA2B/CHRM3/ADORA1/CALCR/SSTR1/CXCL1"	20
"M4"	"GPCR ligand binding"	"GPCR ligand binding"	"20/97"	"441/7644"	4.71095276073071e-07	5.44900202657852e-05	5.14072388977982e-05	"EDNRB/APLN/RAMP3/APLNR/EDN1/F2RL3/PTGER3/ACKR1/SUCNR1/ADRA1B/CCL20/AGTR1/CXCL2/CXCL8/ADRA2B/CHRM3/ADORA1/CALCR/SSTR1/CXCL1"	20
"M4"	"Peptide ligand-binding receptors"	"Peptide ligand-binding receptors"	"12/97"	"190/7644"	4.41858178252986e-06	0.000383311969634465	0.00036162603535968	"EDNRB/APLN/APLNR/EDN1/F2RL3/ACKR1/CCL20/AGTR1/CXCL2/CXCL8/SSTR1/CXCL1"	12
"M4"	"G alpha (i) signalling events"	"G alpha (i) signalling events"	"12/97"	"236/7644"	3.95577611143927e-05	0.00274530862133885	0.00258999235927918	"APLN/ADCY5/APLNR/PTGER3/SUCNR1/CCL20/CXCL2/CXCL8/ADRA2B/ADORA1/SSTR1/CXCL1"	12
"M4"	"Interaction between L1 and Ankyrins"	"Interaction between L1 and Ankyrins"	"4/97"	"29/7644"	0.000453712909561369	0.0223471913339639	0.0210828955099735	"SCN4B/SCN9A/SCN4A/SCN3B"	4
"M4"	"Hemostasis"	"Hemostasis"	"16/97"	"497/7644"	0.000466826256061618	0.0223471913339639	0.0210828955099735	"VEGFA/VWF/CD36/ANGPT2/HBB/F2RL3/PDE2A/ATP1B2/KIF26A/MMRN1/SELP/PDE11A/ADRA2B/ITGA10/SELE/NOS2"	16
"M4"	"Extracellular matrix organization"	"Extracellular matrix organization"	"11/97"	"266/7644"	0.000515209022108678	0.0223471913339639	0.0210828955099735	"HSPG2/KDR/ITGA8/LAMC3/HAPLN1/TLL1/COL21A1/BMP4/TPSAB1/ITGA10/COL25A1"	11
"M4"	"Platelet degranulation"	"Platelet degranulation"	"5/97"	"79/7644"	0.00318718342384253	0.120131404724563	0.113334951825691	"VEGFA/VWF/CD36/MMRN1/SELP"	5
"M4"	"Nitric oxide stimulates guanylate cyclase"	"Nitric oxide stimulates guanylate cyclase"	"3/97"	"25/7644"	0.00372075613145741	0.120131404724563	0.113334951825691	"PDE2A/PDE11A/NOS2"	3
"M4"	"Nuclear Receptor transcription pathway"	"Nuclear Receptor transcription pathway"	"4/97"	"51/7644"	0.00385864116146961	0.120131404724563	0.113334951825691	"NR4A1/NR2F1/NR4A2/NR4A3"	4
"M4"	"Response to elevated platelet cytosolic Ca2+"	"Response to elevated platelet cytosolic Ca2+"	"5/97"	"84/7644"	0.00415440016338546	0.120131404724563	0.113334951825691	"VEGFA/VWF/CD36/MMRN1/SELP"	5
"M4"	"Chemokine receptors bind chemokines"	"Chemokine receptors bind chemokines"	"4/97"	"55/7644"	0.00506714756416126	0.13525386190492	0.127601853640012	"CCL20/CXCL2/CXCL8/CXCL1"	4
"M4"	"Calcitonin-like ligand receptors"	"Calcitonin-like ligand receptors"	"2/97"	"10/7644"	0.00671202843059218	0.166362418958249	0.156950439241667	"RAMP3/CALCR"	2
"M4"	"L1CAM interactions"	"L1CAM interactions"	"5/97"	"97/7644"	0.00762454942777812	0.176381243429267	0.166402447160631	"SCN4B/SCN9A/ITGA10/SCN4A/SCN3B"	5
"M4"	"Integrin cell surface interactions"	"Integrin cell surface interactions"	"4/97"	"66/7644"	0.00963446381875624	0.207282536393755	0.195555494671493	"HSPG2/KDR/ITGA8/ITGA10"	4
"M4"	"NF-kB is activated and signals survival"	"NF-kB is activated and signals survival"	"2/97"	"13/7644"	0.0113497642405802	0.207282536393755	0.195555494671493	"NGFR/NGF"	2
"M4"	"p75NTR recruits signalling complexes"	"p75NTR recruits signalling complexes"	"2/97"	"13/7644"	0.0113497642405802	0.207282536393755	0.195555494671493	"NGFR/NGF"	2
"M4"	"Platelet Adhesion to exposed collagen"	"Platelet Adhesion to exposed collagen"	"2/97"	"13/7644"	0.0113497642405802	0.207282536393755	0.195555494671493	"VWF/ITGA10"	2
"M4"	"NRIF signals cell death from the nucleus"	"NRIF signals cell death from the nucleus"	"2/97"	"15/7644"	0.0150291035268261	0.260754946190433	0.24600269457068	"NGFR/NGF"	2
"M4"	"Amine ligand-binding receptors"	"Amine ligand-binding receptors"	"3/97"	"42/7644"	0.0159046305389387	0.262805085571987	0.247936846997992	"ADRA1B/ADRA2B/CHRM3"	3
"M4"	"p75NTR signals via NF-kB"	"p75NTR signals via NF-kB"	"2/97"	"16/7644"	0.0170355470786774	0.268697038013684	0.25349546131429	"NGFR/NGF"	2
"M4"	"cGMP effects"	"cGMP effects"	"2/97"	"18/7644"	0.0213667769913151	0.304106797326531	0.286901907988931	"PDE2A/PDE11A"	2
"M4"	"G alpha (s) signalling events"	"G alpha (s) signalling events"	"5/97"	"126/7644"	0.0217137015549522	0.304106797326531	0.286901907988931	"RAMP3/ADCY5/PDE2A/PDE11A/CALCR"	5
"M4"	"Platelet activation, signaling and aggregation"	"Platelet activation, signaling and aggregation"	"7/97"	"221/7644"	0.0219097116229489	0.304106797326531	0.286901907988931	"VEGFA/VWF/CD36/F2RL3/MMRN1/SELP/ADRA2B"	7
"M4"	"Gap junction assembly"	"Gap junction assembly"	"2/97"	"19/7644"	0.0236856549191411	0.316112394497768	0.29822828663372	"GJA5/GJC2"	2
"M4"	"Degradation of the extracellular matrix"	"Degradation of the extracellular matrix"	"4/97"	"89/7644"	0.0262082495726112	0.336824540803559	0.317768640042187	"HSPG2/TLL1/TPSAB1/COL25A1"	4
"M4"	"G alpha (q) signalling events"	"G alpha (q) signalling events"	"6/97"	"189/7644"	0.032661116786807	0.404764554465073	0.381864936868308	"EDNRB/EDN1/F2RL3/ADRA1B/AGTR1/CHRM3"	6
"M4"	"Laminin interactions"	"Laminin interactions"	"2/97"	"23/7644"	0.0339165996849302	0.405829658298992	0.382869782287234	"HSPG2/LAMC3"	2
"M4"	"Cell surface interactions at the vascular wall"	"Cell surface interactions at the vascular wall"	"4/97"	"99/7644"	0.0367529543564228	0.425109172055957	0.401058554556052	"ANGPT2/ATP1B2/SELP/SELE"	4
"M4"	"Cellular response to hypoxia"	"Cellular response to hypoxia"	"2/97"	"25/7644"	0.0395672448580117	0.429057311429065	0.404783327330317	"VEGFA/HIF3A"	2
"M4"	"Regulation of Hypoxia-inducible Factor (HIF) by oxygen"	"Regulation of Hypoxia-inducible Factor (HIF) by oxygen"	"2/97"	"25/7644"	0.0395672448580117	0.429057311429065	0.404783327330317	"VEGFA/HIF3A"	2
"M4"	"A tetrasaccharide linker sequence is required for GAG synthesis"	"A tetrasaccharide linker sequence is required for GAG synthesis"	"2/97"	"26/7644"	0.0425172052769052	0.433925595031944	0.409376187031502	"HSPG2/CSPG4"	2
"M4"	"ATF4 activates genes"	"ATF4 activates genes"	"2/97"	"26/7644"	0.0425172052769052	0.433925595031944	0.409376187031502	"ATF3/CXCL8"	2
"M4"	"Collagen biosynthesis and modifying enzymes"	"Collagen biosynthesis and modifying enzymes"	"3/97"	"64/7644"	0.0473398362273819	0.452028443938498	0.426454864446755	"TLL1/COL21A1/COL25A1"	3
"M4"	"Gap junction trafficking"	"Gap junction trafficking"	"2/97"	"28/7644"	0.0486538920629771	0.452028443938498	0.426454864446755	"GJA5/GJC2"	2
"M4"	"PERK regulates gene expression"	"PERK regulates gene expression"	"2/97"	"29/7644"	0.0518357613295757	0.452028443938498	0.426454864446755	"ATF3/CXCL8"	2
"M4"	"Signaling by VEGF"	"Signaling by VEGF"	"4/97"	"113/7644"	0.0550898327419873	0.452028443938498	0.426454864446755	"VEGFA/FLT1/KDR/PGF"	4
"M4"	"Amine compound SLC transporters"	"Amine compound SLC transporters"	"2/97"	"30/7644"	0.0550901560845697	0.452028443938498	0.426454864446755	"SLC44A4/SLC14A1"	2
"M4"	"Gap junction trafficking and regulation"	"Gap junction trafficking and regulation"	"2/97"	"30/7644"	0.0550901560845697	0.452028443938498	0.426454864446755	"GJA5/GJC2"	2
"M4"	"Molecules associated with elastic fibres"	"Molecules associated with elastic fibres"	"2/97"	"30/7644"	0.0550901560845697	0.452028443938498	0.426454864446755	"ITGA8/BMP4"	2
"M4"	"Axon guidance"	"Axon guidance"	"8/97"	"327/7644"	0.0552489206735244	0.452028443938498	0.426454864446755	"VEGFA/KDR/SCN4B/SCN9A/ITGA10/SCN4A/GFRA2/SCN3B"	8
"M4"	"Gastrin-CREB signalling pathway via PKC and MAPK"	"Gastrin-CREB signalling pathway via PKC and MAPK"	"6/97"	"217/7644"	0.0572351827249181	0.452028443938498	0.426454864446755	"EDNRB/EDN1/F2RL3/ADRA1B/AGTR1/CHRM3"	6
"M4"	"VEGFR2 mediated cell proliferation"	"VEGFR2 mediated cell proliferation"	"2/97"	"32/7644"	0.0618073267696255	0.452028443938498	0.426454864446755	"VEGFA/KDR"	2
"M4"	"PLC-gamma1 signalling"	"PLC-gamma1 signalling"	"2/97"	"33/7644"	0.065265618978724	0.452028443938498	0.426454864446755	"ADCY5/NGF"	2
"M4"	"EPHA-mediated growth cone collapse"	"EPHA-mediated growth cone collapse"	"2/97"	"34/7644"	0.0687874677011252	0.452028443938498	0.426454864446755	"VEGFA/KDR"	2
"M4"	"Regulation of insulin secretion"	"Regulation of insulin secretion"	"3/97"	"77/7644"	0.0740206472751247	0.452028443938498	0.426454864446755	"ADCY5/CHRM3/KCNB1"	3
"M4"	"Transcriptional regulation of white adipocyte differentiation"	"Transcriptional regulation of white adipocyte differentiation"	"3/97"	"78/7644"	0.0763014260281784	0.452028443938498	0.426454864446755	"CD36/EGR2/FABP4"	3
"M4"	"Platelet homeostasis"	"Platelet homeostasis"	"3/97"	"79/7644"	0.0786131431799442	0.452028443938498	0.426454864446755	"PDE2A/PDE11A/NOS2"	3
"M4"	"Platelet Aggregation (Plug Formation)"	"Platelet Aggregation (Plug Formation)"	"2/97"	"37/7644"	0.0797132528648105	0.452028443938498	0.426454864446755	"VWF/ADRA2B"	2
"M4"	"O-glycosylation of TSR domain-containing proteins"	"O-glycosylation of TSR domain-containing proteins"	"2/97"	"39/7644"	0.0872769461317461	0.452028443938498	0.426454864446755	"ADAMTSL3/THSD7B"	2
"M4"	"Elastic fibre formation"	"Elastic fibre formation"	"2/97"	"41/7644"	0.0950462661703759	0.452028443938498	0.426454864446755	"ITGA8/BMP4"	2
"M4"	"Signaling by Retinoic Acid"	"Signaling by Retinoic Acid"	"2/97"	"41/7644"	0.0950462661703759	0.452028443938498	0.426454864446755	"PDK4/CYP26B1"	2
"M4"	"Collagen formation"	"Collagen formation"	"3/97"	"86/7644"	0.0956301793160596	0.452028443938498	0.426454864446755	"TLL1/COL21A1/COL25A1"	3
"M4"	"Defective AMN causes hereditary megaloblastic anemia 1"	"Defective AMN causes hereditary megaloblastic anemia 1"	"3/97"	"87/7644"	0.0981758659280458	0.452028443938498	0.426454864446755	"ENPP1/PTGS2/SLC19A3"	3
"M4"	"Defective BTD causes biotidinase deficiency"	"Defective BTD causes biotidinase deficiency"	"3/97"	"87/7644"	0.0981758659280458	0.452028443938498	0.426454864446755	"ENPP1/PTGS2/SLC19A3"	3
"M4"	"Defective CD320 causes methylmalonic aciduria"	"Defective CD320 causes methylmalonic aciduria"	"3/97"	"87/7644"	0.0981758659280458	0.452028443938498	0.426454864446755	"ENPP1/PTGS2/SLC19A3"	3
"M4"	"Defective CUBN causes hereditary megaloblastic anemia 1"	"Defective CUBN causes hereditary megaloblastic anemia 1"	"3/97"	"87/7644"	0.0981758659280458	0.452028443938498	0.426454864446755	"ENPP1/PTGS2/SLC19A3"	3
"M4"	"Defective GIF causes intrinsic factor deficiency"	"Defective GIF causes intrinsic factor deficiency"	"3/97"	"87/7644"	0.0981758659280458	0.452028443938498	0.426454864446755	"ENPP1/PTGS2/SLC19A3"	3
"M4"	"Defective HLCS causes multiple carboxylase deficiency"	"Defective HLCS causes multiple carboxylase deficiency"	"3/97"	"87/7644"	0.0981758659280458	0.452028443938498	0.426454864446755	"ENPP1/PTGS2/SLC19A3"	3
"M4"	"Defective LMBRD1 causes methylmalonic aciduria and homocystinuria type cblF"	"Defective LMBRD1 causes methylmalonic aciduria and homocystinuria type cblF"	"3/97"	"87/7644"	0.0981758659280458	0.452028443938498	0.426454864446755	"ENPP1/PTGS2/SLC19A3"	3
"M4"	"Defective MMAA causes methylmalonic aciduria type cblA"	"Defective MMAA causes methylmalonic aciduria type cblA"	"3/97"	"87/7644"	0.0981758659280458	0.452028443938498	0.426454864446755	"ENPP1/PTGS2/SLC19A3"	3
"M4"	"Defective MMAB causes methylmalonic aciduria type cblB"	"Defective MMAB causes methylmalonic aciduria type cblB"	"3/97"	"87/7644"	0.0981758659280458	0.452028443938498	0.426454864446755	"ENPP1/PTGS2/SLC19A3"	3
"M4"	"Defective MMACHC causes methylmalonic aciduria and homocystinuria type cblC"	"Defective MMACHC causes methylmalonic aciduria and homocystinuria type cblC"	"3/97"	"87/7644"	0.0981758659280458	0.452028443938498	0.426454864446755	"ENPP1/PTGS2/SLC19A3"	3
"M4"	"Defective MMADHC causes methylmalonic aciduria and homocystinuria type cblD"	"Defective MMADHC causes methylmalonic aciduria and homocystinuria type cblD"	"3/97"	"87/7644"	0.0981758659280458	0.452028443938498	0.426454864446755	"ENPP1/PTGS2/SLC19A3"	3
"M4"	"Defective MTR causes methylmalonic aciduria and homocystinuria type cblG"	"Defective MTR causes methylmalonic aciduria and homocystinuria type cblG"	"3/97"	"87/7644"	0.0981758659280458	0.452028443938498	0.426454864446755	"ENPP1/PTGS2/SLC19A3"	3
"M4"	"Defective MTRR causes methylmalonic aciduria and homocystinuria type cblE"	"Defective MTRR causes methylmalonic aciduria and homocystinuria type cblE"	"3/97"	"87/7644"	0.0981758659280458	0.452028443938498	0.426454864446755	"ENPP1/PTGS2/SLC19A3"	3
"M4"	"Defective MUT causes methylmalonic aciduria mut type"	"Defective MUT causes methylmalonic aciduria mut type"	"3/97"	"87/7644"	0.0981758659280458	0.452028443938498	0.426454864446755	"ENPP1/PTGS2/SLC19A3"	3
"M4"	"Defective TCN2 causes hereditary megaloblastic anemia"	"Defective TCN2 causes hereditary megaloblastic anemia"	"3/97"	"87/7644"	0.0981758659280458	0.452028443938498	0.426454864446755	"ENPP1/PTGS2/SLC19A3"	3
"M4"	"Defects in biotin (Btn) metabolism"	"Defects in biotin (Btn) metabolism"	"3/97"	"87/7644"	0.0981758659280458	0.452028443938498	0.426454864446755	"ENPP1/PTGS2/SLC19A3"	3
"M4"	"Defects in cobalamin (B12) metabolism"	"Defects in cobalamin (B12) metabolism"	"3/97"	"87/7644"	0.0981758659280458	0.452028443938498	0.426454864446755	"ENPP1/PTGS2/SLC19A3"	3
"M4"	"Defects in vitamin and cofactor metabolism"	"Defects in vitamin and cofactor metabolism"	"3/97"	"87/7644"	0.0981758659280458	0.452028443938498	0.426454864446755	"ENPP1/PTGS2/SLC19A3"	3
"M4"	"Metabolism of vitamins and cofactors"	"Metabolism of vitamins and cofactors"	"3/97"	"87/7644"	0.0981758659280458	0.452028443938498	0.426454864446755	"ENPP1/PTGS2/SLC19A3"	3
"M4"	"Metabolism of water-soluble vitamins and cofactors"	"Metabolism of water-soluble vitamins and cofactors"	"3/97"	"87/7644"	0.0981758659280458	0.452028443938498	0.426454864446755	"ENPP1/PTGS2/SLC19A3"	3
"M4"	"Glucagon-like Peptide-1 (GLP1) regulates insulin secretion"	"Glucagon-like Peptide-1 (GLP1) regulates insulin secretion"	"2/97"	"42/7644"	0.0990033479519477	0.452028443938498	0.426454864446755	"ADCY5/KCNB1"	2
"M4"	"Non-integrin membrane-ECM interactions"	"Non-integrin membrane-ECM interactions"	"2/97"	"42/7644"	0.0990033479519477	0.452028443938498	0.426454864446755	"HSPG2/LAMC3"	2
"M4"	"NRAGE signals death through JNK"	"NRAGE signals death through JNK"	"2/97"	"45/7644"	0.111142692060825	0.473012777810057	0.44625200636714	"NGFR/NGF"	2
"M4"	"G alpha (z) signalling events"	"G alpha (z) signalling events"	"2/97"	"46/7644"	0.115272725294302	0.473012777810057	0.44625200636714	"ADCY5/ADRA2B"	2
"M4"	"Abacavir transport and metabolism"	"Abacavir transport and metabolism"	"1/97"	"10/7644"	0.119957130972003	0.473012777810057	0.44625200636714	"ABCG2"	1
"M4"	"Acetylcholine regulates insulin secretion"	"Acetylcholine regulates insulin secretion"	"1/97"	"10/7644"	0.119957130972003	0.473012777810057	0.44625200636714	"CHRM3"	1
"M4"	"Activation of Ca-permeable Kainate Receptor"	"Activation of Ca-permeable Kainate Receptor"	"1/97"	"10/7644"	0.119957130972003	0.473012777810057	0.44625200636714	"GRIK3"	1
"M4"	"Activation of the AP-1 family of transcription factors"	"Activation of the AP-1 family of transcription factors"	"1/97"	"10/7644"	0.119957130972003	0.473012777810057	0.44625200636714	"FOS"	1
"M4"	"Adenylate cyclase activating pathway"	"Adenylate cyclase activating pathway"	"1/97"	"10/7644"	0.119957130972003	0.473012777810057	0.44625200636714	"ADCY5"	1
"M4"	"Glycoprotein hormones"	"Glycoprotein hormones"	"1/97"	"10/7644"	0.119957130972003	0.473012777810057	0.44625200636714	"INHBB"	1
"M4"	"GP1b-IX-V activation signalling"	"GP1b-IX-V activation signalling"	"1/97"	"10/7644"	0.119957130972003	0.473012777810057	0.44625200636714	"VWF"	1
"M4"	"Ionotropic activity of Kainate Receptors"	"Ionotropic activity of Kainate Receptors"	"1/97"	"10/7644"	0.119957130972003	0.473012777810057	0.44625200636714	"GRIK3"	1
"M4"	"Regulated proteolysis of p75NTR"	"Regulated proteolysis of p75NTR"	"1/97"	"10/7644"	0.119957130972003	0.473012777810057	0.44625200636714	"NGFR"	1
"M4"	"Zinc influx into cells by the SLC39 gene family"	"Zinc influx into cells by the SLC39 gene family"	"1/97"	"10/7644"	0.119957130972003	0.473012777810057	0.44625200636714	"SLC39A4"	1
"M4"	"Transport of glucose and other sugars, bile salts and organic acids, metal ions and amine compounds"	"Transport of glucose and other sugars, bile salts and organic acids, metal ions and amine compounds"	"3/97"	"97/7644"	0.125077265398721	0.477727447798772	0.450699943168263	"SLC39A4/SLC44A4/SLC14A1"	3
"M4"	"Dermatan sulfate biosynthesis"	"Dermatan sulfate biosynthesis"	"1/97"	"11/7644"	0.131139231875293	0.477727447798772	0.450699943168263	"CSPG4"	1
"M4"	"Interleukin-6 signaling"	"Interleukin-6 signaling"	"1/97"	"11/7644"	0.131139231875293	0.477727447798772	0.450699943168263	"SOCS3"	1
"M4"	"Nicotinate metabolism"	"Nicotinate metabolism"	"1/97"	"11/7644"	0.131139231875293	0.477727447798772	0.450699943168263	"PTGS2"	1
"M4"	"Transport of organic anions"	"Transport of organic anions"	"1/97"	"11/7644"	0.131139231875293	0.477727447798772	0.450699943168263	"SLCO2A1"	1
"M4"	"Arachidonic acid metabolism"	"Arachidonic acid metabolism"	"2/97"	"50/7644"	0.132166671437124	0.477727447798772	0.450699943168263	"PTGS2/CYP4F11"	2
"M4"	"Chondroitin sulfate/dermatan sulfate metabolism"	"Chondroitin sulfate/dermatan sulfate metabolism"	"2/97"	"50/7644"	0.132166671437124	0.477727447798772	0.450699943168263	"HSPG2/CSPG4"	2
"M4"	"Lipid digestion, mobilization, and transport"	"Lipid digestion, mobilization, and transport"	"2/97"	"50/7644"	0.132166671437124	0.477727447798772	0.450699943168263	"HSPG2/FABP4"	2
"M4"	"Eicosanoids"	"Eicosanoids"	"1/97"	"12/7644"	0.14218069584858	0.484322862227716	0.456922221000515	"CYP4F11"	1
"M4"	"Hormone-sensitive lipase (HSL)-mediated triacylglycerol hydrolysis"	"Hormone-sensitive lipase (HSL)-mediated triacylglycerol hydrolysis"	"1/97"	"12/7644"	0.14218069584858	0.484322862227716	0.456922221000515	"FABP4"	1
"M4"	"Miscellaneous substrates"	"Miscellaneous substrates"	"1/97"	"12/7644"	0.14218069584858	0.484322862227716	0.456922221000515	"CYP4F11"	1
"M4"	"Peptide hormone biosynthesis"	"Peptide hormone biosynthesis"	"1/97"	"12/7644"	0.14218069584858	0.484322862227716	0.456922221000515	"INHBB"	1
"M4"	"Reversible hydration of carbon dioxide"	"Reversible hydration of carbon dioxide"	"1/97"	"12/7644"	0.14218069584858	0.484322862227716	0.456922221000515	"CA4"	1
"M4"	"O-linked glycosylation"	"O-linked glycosylation"	"3/97"	"103/7644"	0.14236579811881	0.484322862227716	0.456922221000515	"GALNT15/ADAMTSL3/THSD7B"	3
"M4"	"Integration of energy metabolism"	"Integration of energy metabolism"	"3/97"	"104/7644"	0.145322548760426	0.489581790484154	0.461883624573251	"ADCY5/CHRM3/KCNB1"	3
"M4"	"Heparan sulfate/heparin (HS-GAG) metabolism"	"Heparan sulfate/heparin (HS-GAG) metabolism"	"2/97"	"54/7644"	0.149584215466495	0.499093488143016	0.470857196458298	"HSPG2/CSPG4"	2
"M4"	"Retrograde neurotrophin signalling"	"Retrograde neurotrophin signalling"	"1/97"	"13/7644"	0.15308327348258	0.499450986966185	0.471194469729966	"NGF"	1
"M4"	"Signaling by Activin"	"Signaling by Activin"	"1/97"	"13/7644"	0.15308327348258	0.499450986966185	0.471194469729966	"INHBB"	1
"M4"	"ECM proteoglycans"	"ECM proteoglycans"	"2/97"	"55/7644"	0.154009382148074	0.499450986966185	0.471194469729966	"ITGA8/HAPLN1"	2
"M4"	"Adenylate cyclase inhibitory pathway"	"Adenylate cyclase inhibitory pathway"	"1/97"	"14/7644"	0.163848693803925	0.503145988937717	0.474680426390505	"ADCY5"	1
"M4"	"CS/DS degradation"	"CS/DS degradation"	"1/97"	"14/7644"	0.163848693803925	0.503145988937717	0.474680426390505	"CSPG4"	1
"M4"	"Inhibition of adenylate cyclase pathway"	"Inhibition of adenylate cyclase pathway"	"1/97"	"14/7644"	0.163848693803925	0.503145988937717	0.474680426390505	"ADCY5"	1
"M4"	"Regulation of IFNG signaling"	"Regulation of IFNG signaling"	"1/97"	"14/7644"	0.163848693803925	0.503145988937717	0.474680426390505	"SOCS3"	1
"M4"	"Regulation of pyruvate dehydrogenase (PDH) complex"	"Regulation of pyruvate dehydrogenase (PDH) complex"	"1/97"	"14/7644"	0.163848693803925	0.503145988937717	0.474680426390505	"PDK4"	1
"M4"	"Synthesis of Prostaglandins (PG) and Thromboxanes (TX)"	"Synthesis of Prostaglandins (PG) and Thromboxanes (TX)"	"1/97"	"14/7644"	0.163848693803925	0.503145988937717	0.474680426390505	"PTGS2"	1
"M4"	"Eicosanoid ligand-binding receptors"	"Eicosanoid ligand-binding receptors"	"1/97"	"15/7644"	0.174478664538004	0.517470911065705	0.488194913822036	"PTGER3"	1
"M4"	"Fatty acids"	"Fatty acids"	"1/97"	"15/7644"	0.174478664538004	0.517470911065705	0.488194913822036	"CYP4F11"	1
"M4"	"GRB2:SOS provides linkage to MAPK signaling for Integrins"	"GRB2:SOS provides linkage to MAPK signaling for Integrins"	"1/97"	"15/7644"	0.174478664538004	0.517470911065705	0.488194913822036	"VWF"	1
"M4"	"p130Cas linkage to MAPK signaling for integrins"	"p130Cas linkage to MAPK signaling for integrins"	"1/97"	"15/7644"	0.174478664538004	0.517470911065705	0.488194913822036	"VWF"	1
"M4"	"Cytochrome P450 - arranged by substrate type"	"Cytochrome P450 - arranged by substrate type"	"2/97"	"60/7644"	0.176491755034523	0.519005415228641	0.489642603173388	"CYP26B1/CYP4F11"	2
"M4"	"Cell death signalling via NRAGE, NRIF and NADE"	"Cell death signalling via NRAGE, NRIF and NADE"	"2/97"	"61/7644"	0.181050560422069	0.52183968058466	0.492316519526253	"NGFR/NGF"	2
"M4"	"Amino acid synthesis and interconversion (transamination)"	"Amino acid synthesis and interconversion (transamination)"	"1/97"	"16/7644"	0.184974872368626	0.52183968058466	0.492316519526253	"PSAT1"	1
"M4"	"Metabolism of Angiotensinogen to Angiotensins"	"Metabolism of Angiotensinogen to Angiotensins"	"1/97"	"16/7644"	0.184974872368626	0.52183968058466	0.492316519526253	"CPA3"	1
"M4"	"Nucleotide-like (purinergic) receptors"	"Nucleotide-like (purinergic) receptors"	"1/97"	"16/7644"	0.184974872368626	0.52183968058466	0.492316519526253	"ADORA1"	1
"M4"	"PKA activation"	"PKA activation"	"1/97"	"16/7644"	0.184974872368626	0.52183968058466	0.492316519526253	"ADCY5"	1
"M4"	"Chylomicron-mediated lipid transport"	"Chylomicron-mediated lipid transport"	"1/97"	"17/7644"	0.195338983194563	0.529551774754009	0.499592300768988	"HSPG2"	1
"M4"	"PKA activation in glucagon signalling"	"PKA activation in glucagon signalling"	"1/97"	"17/7644"	0.195338983194563	0.529551774754009	0.499592300768988	"ADCY5"	1
"M4"	"PKA-mediated phosphorylation of CREB"	"PKA-mediated phosphorylation of CREB"	"1/97"	"17/7644"	0.195338983194563	0.529551774754009	0.499592300768988	"ADCY5"	1
"M4"	"Tristetraprolin (TTP) destabilizes mRNA"	"Tristetraprolin (TTP) destabilizes mRNA"	"1/97"	"17/7644"	0.195338983194563	0.529551774754009	0.499592300768988	"ZFP36"	1
"M4"	"Zinc transporters"	"Zinc transporters"	"1/97"	"17/7644"	0.195338983194563	0.529551774754009	0.499592300768988	"SLC39A4"	1
"M4"	"Oxygen-dependent proline hydroxylation of Hypoxia-inducible Factor Alpha"	"Oxygen-dependent proline hydroxylation of Hypoxia-inducible Factor Alpha"	"1/97"	"18/7644"	0.205572642382989	0.548720822360747	0.517676856527202	"HIF3A"	1
"M4"	"Tie2 Signaling"	"Tie2 Signaling"	"1/97"	"18/7644"	0.205572642382989	0.548720822360747	0.517676856527202	"ANGPT2"	1
"M4"	"Interferon alpha/beta signaling"	"Interferon alpha/beta signaling"	"2/97"	"67/7644"	0.208739503086601	0.552920668481302	0.521639095700545	"EGR1/SOCS3"	2
"M4"	"Synthesis of PC"	"Synthesis of PC"	"1/97"	"19/7644"	0.215677475019869	0.554372834530135	0.523009105229401	"SLC44A4"	1
"M4"	"Chondroitin sulfate biosynthesis"	"Chondroitin sulfate biosynthesis"	"1/97"	"20/7644"	0.225655086157321	0.554372834530135	0.523009105229401	"CSPG4"	1
"M4"	"HS-GAG degradation"	"HS-GAG degradation"	"1/97"	"21/7644"	0.235507061057995	0.554372834530135	0.523009105229401	"HSPG2"	1
"M4"	"Presynaptic function of Kainate receptors"	"Presynaptic function of Kainate receptors"	"1/97"	"21/7644"	0.235507061057995	0.554372834530135	0.523009105229401	"GRIK3"	1
"M4"	"RA biosynthesis pathway"	"RA biosynthesis pathway"	"1/97"	"21/7644"	0.235507061057995	0.554372834530135	0.523009105229401	"CYP26B1"	1
"M4"	"Synthesis of Leukotrienes (LT) and Eoxins (EX)"	"Synthesis of Leukotrienes (LT) and Eoxins (EX)"	"1/97"	"21/7644"	0.235507061057995	0.554372834530135	0.523009105229401	"CYP4F11"	1
"M4"	"Intrinsic Pathway"	"Intrinsic Pathway"	"1/97"	"22/7644"	0.245234965436504	0.554372834530135	0.523009105229401	"VWF"	1
"M4"	"Pyruvate metabolism"	"Pyruvate metabolism"	"1/97"	"22/7644"	0.245234965436504	0.554372834530135	0.523009105229401	"PDK4"	1
"M4"	"Signalling to p38 via RIT and RIN"	"Signalling to p38 via RIT and RIN"	"1/97"	"22/7644"	0.245234965436504	0.554372834530135	0.523009105229401	"NGF"	1
"M4"	"Binding and Uptake of Ligands by Scavenger Receptors"	"Binding and Uptake of Ligands by Scavenger Receptors"	"2/97"	"76/7644"	0.250971974934293	0.554372834530135	0.523009105229401	"CD36/HBB"	2
"M4"	"Senescence-Associated Secretory Phenotype (SASP)"	"Senescence-Associated Secretory Phenotype (SASP)"	"2/97"	"76/7644"	0.250971974934293	0.554372834530135	0.523009105229401	"FOS/CXCL8"	2
"M4"	"ARMS-mediated activation"	"ARMS-mediated activation"	"1/97"	"23/7644"	0.25484034569794	0.554372834530135	0.523009105229401	"NGF"	1
"M4"	"Defective CYP11A1 causes Adrenal insufficiency, congenital, with 46,XY sex reversal (AICSR)"	"Defective CYP11A1 causes Adrenal insufficiency, congenital, with 46,XY sex reversal (AICSR)"	"2/97"	"78/7644"	0.260411446767758	0.554372834530135	0.523009105229401	"CYP26B1/CYP4F11"	2
"M4"	"Defective CYP11B1 causes Adrenal hyperplasia 4 (AH4)"	"Defective CYP11B1 causes Adrenal hyperplasia 4 (AH4)"	"2/97"	"78/7644"	0.260411446767758	0.554372834530135	0.523009105229401	"CYP26B1/CYP4F11"	2
"M4"	"Defective CYP11B2 causes Corticosterone methyloxidase 1 deficiency (CMO-1 deficiency)"	"Defective CYP11B2 causes Corticosterone methyloxidase 1 deficiency (CMO-1 deficiency)"	"2/97"	"78/7644"	0.260411446767758	0.554372834530135	0.523009105229401	"CYP26B1/CYP4F11"	2
"M4"	"Defective CYP17A1 causes Adrenal hyperplasia 5 (AH5)"	"Defective CYP17A1 causes Adrenal hyperplasia 5 (AH5)"	"2/97"	"78/7644"	0.260411446767758	0.554372834530135	0.523009105229401	"CYP26B1/CYP4F11"	2
"M4"	"Defective CYP19A1 causes Aromatase excess syndrome (AEXS)"	"Defective CYP19A1 causes Aromatase excess syndrome (AEXS)"	"2/97"	"78/7644"	0.260411446767758	0.554372834530135	0.523009105229401	"CYP26B1/CYP4F11"	2
"M4"	"Defective CYP1B1 causes Glaucoma"	"Defective CYP1B1 causes Glaucoma"	"2/97"	"78/7644"	0.260411446767758	0.554372834530135	0.523009105229401	"CYP26B1/CYP4F11"	2
"M4"	"Defective CYP21A2 causes Adrenal hyperplasia 3 (AH3)"	"Defective CYP21A2 causes Adrenal hyperplasia 3 (AH3)"	"2/97"	"78/7644"	0.260411446767758	0.554372834530135	0.523009105229401	"CYP26B1/CYP4F11"	2
"M4"	"Defective CYP24A1 causes Hypercalcemia, infantile (HCAI)"	"Defective CYP24A1 causes Hypercalcemia, infantile (HCAI)"	"2/97"	"78/7644"	0.260411446767758	0.554372834530135	0.523009105229401	"CYP26B1/CYP4F11"	2
"M4"	"Defective CYP26B1 causes Radiohumeral fusions with other skeletal and craniofacial anomalies (RHFCA)"	"Defective CYP26B1 causes Radiohumeral fusions with other skeletal and craniofacial anomalies (RHFCA)"	"2/97"	"78/7644"	0.260411446767758	0.554372834530135	0.523009105229401	"CYP26B1/CYP4F11"	2
"M4"	"Defective CYP26C1 causes Focal facial dermal dysplasia 4 (FFDD4)"	"Defective CYP26C1 causes Focal facial dermal dysplasia 4 (FFDD4)"	"2/97"	"78/7644"	0.260411446767758	0.554372834530135	0.523009105229401	"CYP26B1/CYP4F11"	2
"M4"	"Defective CYP27A1 causes Cerebrotendinous xanthomatosis (CTX)"	"Defective CYP27A1 causes Cerebrotendinous xanthomatosis (CTX)"	"2/97"	"78/7644"	0.260411446767758	0.554372834530135	0.523009105229401	"CYP26B1/CYP4F11"	2
"M4"	"Defective CYP27B1 causes Rickets vitamin D-dependent 1A (VDDR1A)"	"Defective CYP27B1 causes Rickets vitamin D-dependent 1A (VDDR1A)"	"2/97"	"78/7644"	0.260411446767758	0.554372834530135	0.523009105229401	"CYP26B1/CYP4F11"	2
"M4"	"Defective CYP2R1 causes Rickets vitamin D-dependent 1B (VDDR1B)"	"Defective CYP2R1 causes Rickets vitamin D-dependent 1B (VDDR1B)"	"2/97"	"78/7644"	0.260411446767758	0.554372834530135	0.523009105229401	"CYP26B1/CYP4F11"	2
"M4"	"Defective CYP2U1 causes Spastic paraplegia 56, autosomal recessive (SPG56)"	"Defective CYP2U1 causes Spastic paraplegia 56, autosomal recessive (SPG56)"	"2/97"	"78/7644"	0.260411446767758	0.554372834530135	0.523009105229401	"CYP26B1/CYP4F11"	2
"M4"	"Defective CYP4F22 causes Ichthyosis, congenital, autosomal recessive 5 (ARCI5)"	"Defective CYP4F22 causes Ichthyosis, congenital, autosomal recessive 5 (ARCI5)"	"2/97"	"78/7644"	0.260411446767758	0.554372834530135	0.523009105229401	"CYP26B1/CYP4F11"	2
"M4"	"Defective CYP7B1 causes Spastic paraplegia 5A, autosomal recessive (SPG5A) and Congenital bile acid synthesis defect 3 (CBAS3)"	"Defective CYP7B1 causes Spastic paraplegia 5A, autosomal recessive (SPG5A) and Congenital bile acid synthesis defect 3 (CBAS3)"	"2/97"	"78/7644"	0.260411446767758	0.554372834530135	0.523009105229401	"CYP26B1/CYP4F11"	2
"M4"	"Defective FMO3 causes Trimethylaminuria (TMAU)"	"Defective FMO3 causes Trimethylaminuria (TMAU)"	"2/97"	"78/7644"	0.260411446767758	0.554372834530135	0.523009105229401	"CYP26B1/CYP4F11"	2
"M4"	"Defective MAOA causes Brunner syndrome (BRUNS)"	"Defective MAOA causes Brunner syndrome (BRUNS)"	"2/97"	"78/7644"	0.260411446767758	0.554372834530135	0.523009105229401	"CYP26B1/CYP4F11"	2
"M4"	"Defective TBXAS1 causes Ghosal hematodiaphyseal dysplasia (GHDD)"	"Defective TBXAS1 causes Ghosal hematodiaphyseal dysplasia (GHDD)"	"2/97"	"78/7644"	0.260411446767758	0.554372834530135	0.523009105229401	"CYP26B1/CYP4F11"	2
"M4"	"Phase 1 - Functionalization of compounds"	"Phase 1 - Functionalization of compounds"	"2/97"	"78/7644"	0.260411446767758	0.554372834530135	0.523009105229401	"CYP26B1/CYP4F11"	2
"M4"	"Growth hormone receptor signaling"	"Growth hormone receptor signaling"	"1/97"	"24/7644"	0.264324729173507	0.557945226057816	0.526379388151011	"SOCS3"	1
"M4"	"NGF signalling via TRKA from the plasma membrane"	"NGF signalling via TRKA from the plasma membrane"	"4/97"	"206/7644"	0.265305366857463	0.557945226057816	0.526379388151011	"NR4A1/ADCY5/NTRK2/NGF"	4
"M4"	"Basigin interactions"	"Basigin interactions"	"1/97"	"25/7644"	0.273689624353319	0.561954435802378	0.530161776230971	"ATP1B2"	1
"M4"	"Frs2-mediated activation"	"Frs2-mediated activation"	"1/97"	"25/7644"	0.273689624353319	0.561954435802378	0.530161776230971	"NGF"	1
"M4"	"Metal ion SLC transporters"	"Metal ion SLC transporters"	"1/97"	"25/7644"	0.273689624353319	0.561954435802378	0.530161776230971	"SLC39A4"	1
"M4"	"Regulation of IFNA signaling"	"Regulation of IFNA signaling"	"1/97"	"25/7644"	0.273689624353319	0.561954435802378	0.530161776230971	"SOCS3"	1
"M4"	"Unfolded Protein Response (UPR)"	"Unfolded Protein Response (UPR)"	"2/97"	"82/7644"	0.279299423399061	0.563168835732356	0.53130747129611	"ATF3/CXCL8"	2
"M4"	"Calmodulin induced events"	"Calmodulin induced events"	"1/97"	"26/7644"	0.282936521116376	0.563168835732356	0.53130747129611	"ADCY5"	1
"M4"	"CaM pathway"	"CaM pathway"	"1/97"	"26/7644"	0.282936521116376	0.563168835732356	0.53130747129611	"ADCY5"	1
"M4"	"Signaling by Leptin"	"Signaling by Leptin"	"1/97"	"26/7644"	0.282936521116376	0.563168835732356	0.53130747129611	"SOCS3"	1
"M4"	"p75 NTR receptor-mediated signalling"	"p75 NTR receptor-mediated signalling"	"2/97"	"83/7644"	0.284018865282888	0.563168835732356	0.53130747129611	"NGFR/NGF"	2
"M4"	"Peptide hormone metabolism"	"Peptide hormone metabolism"	"2/97"	"83/7644"	0.284018865282888	0.563168835732356	0.53130747129611	"INHBB/CPA3"	2
"M4"	"Integrin alphaIIb beta3 signaling"	"Integrin alphaIIb beta3 signaling"	"1/97"	"27/7644"	0.292066890957766	0.569366354844634	0.537154364801096	"VWF"	1
"M4"	"Kinesins"	"Kinesins"	"1/97"	"27/7644"	0.292066890957766	0.569366354844634	0.537154364801096	"KIF26A"	1
"M4"	"Prolonged ERK activation events"	"Prolonged ERK activation events"	"1/97"	"27/7644"	0.292066890957766	0.569366354844634	0.537154364801096	"NGF"	1
"M4"	"Signalling by NGF"	"Signalling by NGF"	"5/97"	"287/7644"	0.299747906118408	0.577212811950032	0.544556907375883	"NR4A1/ADCY5/NGFR/NTRK2/NGF"	5
"M4"	"Adrenaline,noradrenaline inhibits insulin secretion"	"Adrenaline,noradrenaline inhibits insulin secretion"	"1/97"	"28/7644"	0.301082187213129	0.577212811950032	0.544556907375883	"ADCY5"	1
"M4"	"Ca-dependent events"	"Ca-dependent events"	"1/97"	"28/7644"	0.301082187213129	0.577212811950032	0.544556907375883	"ADCY5"	1
"M4"	"Class B/2 (Secretin family receptors)"	"Class B/2 (Secretin family receptors)"	"2/97"	"87/7644"	0.302865147552462	0.577440693410463	0.544771896407262	"RAMP3/CALCR"	2
"M4"	"Activation of Kainate Receptors upon glutamate binding"	"Activation of Kainate Receptors upon glutamate binding"	"1/97"	"30/7644"	0.318773282838876	0.597915292676161	0.56408814203636	"GRIK3"	1
"M4"	"Lipoprotein metabolism"	"Lipoprotein metabolism"	"1/97"	"30/7644"	0.318773282838876	0.597915292676161	0.56408814203636	"HSPG2"	1
"M4"	"MAPK targets/ Nuclear events mediated by MAP kinases"	"MAPK targets/ Nuclear events mediated by MAP kinases"	"1/97"	"30/7644"	0.318773282838876	0.597915292676161	0.56408814203636	"FOS"	1
"M4"	"DAG and IP3 signaling"	"DAG and IP3 signaling"	"1/97"	"31/7644"	0.327451900065646	0.607536416319756	0.573164949114042	"ADCY5"	1
"M4"	"HS-GAG biosynthesis"	"HS-GAG biosynthesis"	"1/97"	"31/7644"	0.327451900065646	0.607536416319756	0.573164949114042	"HSPG2"	1
"M4"	"EPH-Ephrin signaling"	"EPH-Ephrin signaling"	"2/97"	"94/7644"	0.335626375665721	0.607536416319756	0.573164949114042	"VEGFA/KDR"	2
"M4"	"Activation of Matrix Metalloproteinases"	"Activation of Matrix Metalloproteinases"	"1/97"	"32/7644"	0.336021079849388	0.607536416319756	0.573164949114042	"TPSAB1"	1
"M4"	"Sphingolipid de novo biosynthesis"	"Sphingolipid de novo biosynthesis"	"1/97"	"32/7644"	0.336021079849388	0.607536416319756	0.573164949114042	"ACER2"	1
"M4"	"Thrombin signalling through proteinase activated receptors (PARs)"	"Thrombin signalling through proteinase activated receptors (PARs)"	"1/97"	"32/7644"	0.336021079849388	0.607536416319756	0.573164949114042	"F2RL3"	1
"M4"	"EGFR interacts with phospholipase C-gamma"	"EGFR interacts with phospholipase C-gamma"	"1/97"	"33/7644"	0.344482188001597	0.607536416319756	0.573164949114042	"ADCY5"	1
"M4"	"Glucagon signaling in metabolic regulation"	"Glucagon signaling in metabolic regulation"	"1/97"	"33/7644"	0.344482188001597	0.607536416319756	0.573164949114042	"ADCY5"	1
"M4"	"MyD88:Mal cascade initiated on plasma membrane"	"MyD88:Mal cascade initiated on plasma membrane"	"2/97"	"96/7644"	0.344912605230524	0.607536416319756	0.573164949114042	"FOS/CD36"	2
"M4"	"Toll Like Receptor 2 (TLR2) Cascade"	"Toll Like Receptor 2 (TLR2) Cascade"	"2/97"	"96/7644"	0.344912605230524	0.607536416319756	0.573164949114042	"FOS/CD36"	2
"M4"	"Toll Like Receptor TLR1:TLR2 Cascade"	"Toll Like Receptor TLR1:TLR2 Cascade"	"2/97"	"96/7644"	0.344912605230524	0.607536416319756	0.573164949114042	"FOS/CD36"	2
"M4"	"Toll Like Receptor TLR6:TLR2 Cascade"	"Toll Like Receptor TLR6:TLR2 Cascade"	"2/97"	"96/7644"	0.344912605230524	0.607536416319756	0.573164949114042	"FOS/CD36"	2
"M4"	"PLCG1 events in ERBB2 signaling"	"PLCG1 events in ERBB2 signaling"	"1/97"	"34/7644"	0.352836573465247	0.615247693429351	0.580439959522306	"ADCY5"	1
"M4"	"Signalling to RAS"	"Signalling to RAS"	"1/97"	"34/7644"	0.352836573465247	0.615247693429351	0.580439959522306	"NGF"	1
"M4"	"Potassium Channels"	"Potassium Channels"	"2/97"	"99/7644"	0.358764504545431	0.622456415386323	0.587240846913837	"KCNN3/KCNB1"	2
"M4"	"PI3K/AKT activation"	"PI3K/AKT activation"	"2/97"	"103/7644"	0.377069551681223	0.638715711387126	0.602580270715596	"NR4A1/NGF"	2
"M4"	"NCAM1 interactions"	"NCAM1 interactions"	"1/97"	"37/7644"	0.377272634438522	0.638715711387126	0.602580270715596	"GFRA2"	1
"M4"	"Collagen degradation"	"Collagen degradation"	"1/97"	"38/7644"	0.385213288370356	0.638715711387126	0.602580270715596	"COL25A1"	1
"M4"	"Phagosomal maturation (early endosomal stage)"	"Phagosomal maturation (early endosomal stage)"	"1/97"	"38/7644"	0.385213288370356	0.638715711387126	0.602580270715596	"NOS2"	1
"M4"	"Transport of vitamins, nucleosides, and related molecules"	"Transport of vitamins, nucleosides, and related molecules"	"1/97"	"38/7644"	0.385213288370356	0.638715711387126	0.602580270715596	"SLCO2A1"	1
"M4"	"VEGFA-VEGFR2 Pathway"	"VEGFA-VEGFR2 Pathway"	"2/97"	"105/7644"	0.386143977936319	0.638715711387126	0.602580270715596	"VEGFA/KDR"	2
"M4"	"Cellular responses to stress"	"Cellular responses to stress"	"4/97"	"249/7644"	0.389263395190753	0.638715711387126	0.602580270715596	"VEGFA/FOS/CXCL8/HIF3A"	4
"M4"	"Activation of GABAB receptors"	"Activation of GABAB receptors"	"1/97"	"39/7644"	0.393053718429267	0.638715711387126	0.602580270715596	"ADCY5"	1
"M4"	"Formation of Fibrin Clot (Clotting Cascade)"	"Formation of Fibrin Clot (Clotting Cascade)"	"1/97"	"39/7644"	0.393053718429267	0.638715711387126	0.602580270715596	"VWF"	1
"M4"	"GABA B receptor activation"	"GABA B receptor activation"	"1/97"	"39/7644"	0.393053718429267	0.638715711387126	0.602580270715596	"ADCY5"	1
"M4"	"Retinoid metabolism and transport"	"Retinoid metabolism and transport"	"1/97"	"41/7644"	0.408438899350488	0.638715711387126	0.602580270715596	"HSPG2"	1
"M4"	"Transcriptional regulation of pluripotent stem cells"	"Transcriptional regulation of pluripotent stem cells"	"1/97"	"42/7644"	0.415986107921185	0.638715711387126	0.602580270715596	"HIF3A"	1
"M4"	"SLC-mediated transmembrane transport"	"SLC-mediated transmembrane transport"	"4/97"	"259/7644"	0.418150101723264	0.638715711387126	0.602580270715596	"SLCO2A1/SLC39A4/SLC44A4/SLC14A1"	4
"M4"	"Ion transport by P-type ATPases"	"Ion transport by P-type ATPases"	"1/97"	"43/7644"	0.423438008412061	0.638715711387126	0.602580270715596	"ATP1B2"	1
"M4"	"Iron uptake and transport"	"Iron uptake and transport"	"1/97"	"43/7644"	0.423438008412061	0.638715711387126	0.602580270715596	"ABCG2"	1
"M4"	"PLC beta mediated events"	"PLC beta mediated events"	"1/97"	"43/7644"	0.423438008412061	0.638715711387126	0.602580270715596	"ADCY5"	1
"M4"	"Pyruvate metabolism and Citric Acid (TCA) cycle"	"Pyruvate metabolism and Citric Acid (TCA) cycle"	"1/97"	"43/7644"	0.423438008412061	0.638715711387126	0.602580270715596	"PDK4"	1
"M4"	"Vasopressin regulates renal water homeostasis via Aquaporins"	"Vasopressin regulates renal water homeostasis via Aquaporins"	"1/97"	"43/7644"	0.423438008412061	0.638715711387126	0.602580270715596	"ADCY5"	1
"M4"	"Voltage gated Potassium channels"	"Voltage gated Potassium channels"	"1/97"	"43/7644"	0.423438008412061	0.638715711387126	0.602580270715596	"KCNB1"	1
"M4"	"Activated TLR4 signalling"	"Activated TLR4 signalling"	"2/97"	"115/7644"	0.430615768284046	0.638715711387126	0.602580270715596	"FOS/CD36"	2
"M4"	"G-protein mediated events"	"G-protein mediated events"	"1/97"	"44/7644"	0.43079579201738	0.638715711387126	0.602580270715596	"ADCY5"	1
"M4"	"Signalling to ERKs"	"Signalling to ERKs"	"1/97"	"44/7644"	0.43079579201738	0.638715711387126	0.602580270715596	"NGF"	1
"M4"	"Scavenging of heme from plasma"	"Scavenging of heme from plasma"	"1/97"	"47/7644"	0.45231613354441	0.638715711387126	0.602580270715596	"HBB"	1
"M4"	"Defective B3GAT3 causes JDSSDHD"	"Defective B3GAT3 causes JDSSDHD"	"2/97"	"121/7644"	0.456488462317024	0.638715711387126	0.602580270715596	"HSPG2/CSPG4"	2
"M4"	"Defective B4GALT1 causes B4GALT1-CDG (CDG-2d)"	"Defective B4GALT1 causes B4GALT1-CDG (CDG-2d)"	"2/97"	"121/7644"	0.456488462317024	0.638715711387126	0.602580270715596	"HSPG2/CSPG4"	2
"M4"	"Defective B4GALT7 causes EDS, progeroid type"	"Defective B4GALT7 causes EDS, progeroid type"	"2/97"	"121/7644"	0.456488462317024	0.638715711387126	0.602580270715596	"HSPG2/CSPG4"	2
"M4"	"Defective CHST14 causes EDS, musculocontractural type"	"Defective CHST14 causes EDS, musculocontractural type"	"2/97"	"121/7644"	0.456488462317024	0.638715711387126	0.602580270715596	"HSPG2/CSPG4"	2
"M4"	"Defective CHST3 causes SEDCJD"	"Defective CHST3 causes SEDCJD"	"2/97"	"121/7644"	0.456488462317024	0.638715711387126	0.602580270715596	"HSPG2/CSPG4"	2
"M4"	"Defective CHST6 causes MCDC1"	"Defective CHST6 causes MCDC1"	"2/97"	"121/7644"	0.456488462317024	0.638715711387126	0.602580270715596	"HSPG2/CSPG4"	2
"M4"	"Defective CHSY1 causes TPBS"	"Defective CHSY1 causes TPBS"	"2/97"	"121/7644"	0.456488462317024	0.638715711387126	0.602580270715596	"HSPG2/CSPG4"	2
"M4"	"Defective EXT1 causes exostoses 1, TRPS2 and CHDS"	"Defective EXT1 causes exostoses 1, TRPS2 and CHDS"	"2/97"	"121/7644"	0.456488462317024	0.638715711387126	0.602580270715596	"HSPG2/CSPG4"	2
"M4"	"Defective EXT2 causes exostoses 2"	"Defective EXT2 causes exostoses 2"	"2/97"	"121/7644"	0.456488462317024	0.638715711387126	0.602580270715596	"HSPG2/CSPG4"	2
"M4"	"Defective PAPSS2 causes SEMD-PA"	"Defective PAPSS2 causes SEMD-PA"	"2/97"	"121/7644"	0.456488462317024	0.638715711387126	0.602580270715596	"HSPG2/CSPG4"	2
"M4"	"Defective SLC26A2 causes chondrodysplasias"	"Defective SLC26A2 causes chondrodysplasias"	"2/97"	"121/7644"	0.456488462317024	0.638715711387126	0.602580270715596	"HSPG2/CSPG4"	2
"M4"	"Diseases associated with glycosaminoglycan metabolism"	"Diseases associated with glycosaminoglycan metabolism"	"2/97"	"121/7644"	0.456488462317024	0.638715711387126	0.602580270715596	"HSPG2/CSPG4"	2
"M4"	"Glycosaminoglycan metabolism"	"Glycosaminoglycan metabolism"	"2/97"	"121/7644"	0.456488462317024	0.638715711387126	0.602580270715596	"HSPG2/CSPG4"	2
"M4"	"MPS I - Hurler syndrome"	"MPS I - Hurler syndrome"	"2/97"	"121/7644"	0.456488462317024	0.638715711387126	0.602580270715596	"HSPG2/CSPG4"	2
"M4"	"MPS II - Hunter syndrome"	"MPS II - Hunter syndrome"	"2/97"	"121/7644"	0.456488462317024	0.638715711387126	0.602580270715596	"HSPG2/CSPG4"	2
"M4"	"MPS IIIA - Sanfilippo syndrome A"	"MPS IIIA - Sanfilippo syndrome A"	"2/97"	"121/7644"	0.456488462317024	0.638715711387126	0.602580270715596	"HSPG2/CSPG4"	2
"M4"	"MPS IIIB - Sanfilippo syndrome B"	"MPS IIIB - Sanfilippo syndrome B"	"2/97"	"121/7644"	0.456488462317024	0.638715711387126	0.602580270715596	"HSPG2/CSPG4"	2
"M4"	"MPS IIIC - Sanfilippo syndrome C"	"MPS IIIC - Sanfilippo syndrome C"	"2/97"	"121/7644"	0.456488462317024	0.638715711387126	0.602580270715596	"HSPG2/CSPG4"	2
"M4"	"MPS IIID - Sanfilippo syndrome D"	"MPS IIID - Sanfilippo syndrome D"	"2/97"	"121/7644"	0.456488462317024	0.638715711387126	0.602580270715596	"HSPG2/CSPG4"	2
"M4"	"MPS IV - Morquio syndrome A"	"MPS IV - Morquio syndrome A"	"2/97"	"121/7644"	0.456488462317024	0.638715711387126	0.602580270715596	"HSPG2/CSPG4"	2
"M4"	"MPS IV - Morquio syndrome B"	"MPS IV - Morquio syndrome B"	"2/97"	"121/7644"	0.456488462317024	0.638715711387126	0.602580270715596	"HSPG2/CSPG4"	2
"M4"	"MPS IX - Natowicz syndrome"	"MPS IX - Natowicz syndrome"	"2/97"	"121/7644"	0.456488462317024	0.638715711387126	0.602580270715596	"HSPG2/CSPG4"	2
"M4"	"MPS VII - Sly syndrome"	"MPS VII - Sly syndrome"	"2/97"	"121/7644"	0.456488462317024	0.638715711387126	0.602580270715596	"HSPG2/CSPG4"	2
"M4"	"MPS VI - Maroteaux-Lamy syndrome"	"MPS VI - Maroteaux-Lamy syndrome"	"2/97"	"121/7644"	0.456488462317024	0.638715711387126	0.602580270715596	"HSPG2/CSPG4"	2
"M4"	"Mucopolysaccharidoses"	"Mucopolysaccharidoses"	"2/97"	"121/7644"	0.456488462317024	0.638715711387126	0.602580270715596	"HSPG2/CSPG4"	2
"M4"	"Toll Like Receptor 4 (TLR4) Cascade"	"Toll Like Receptor 4 (TLR4) Cascade"	"2/97"	"124/7644"	0.469174578027611	0.653829632833658	0.616839119706561	"FOS/CD36"	2
"M4"	"Creation of C4 and C2 activators"	"Creation of C4 and C2 activators"	"1/97"	"50/7644"	0.473030912085808	0.654412654749761	0.617389157067119	"FCN3"	1
"M4"	"Factors involved in megakaryocyte development and platelet production"	"Factors involved in megakaryocyte development and platelet production"	"2/97"	"125/7644"	0.473364773320432	0.654412654749761	0.617389157067119	"HBB/KIF26A"	2
"M4"	"Neuronal System"	"Neuronal System"	"4/97"	"280/7644"	0.477710067069667	0.655422911334805	0.618342258228802	"ADCY5/KCNN3/GRIK3/KCNB1"	4
"M4"	"Amyloids"	"Amyloids"	"1/97"	"51/7644"	0.479762015789742	0.655422911334805	0.618342258228802	"HSPG2"	1
"M4"	"Aquaporin-mediated transport"	"Aquaporin-mediated transport"	"1/97"	"51/7644"	0.479762015789742	0.655422911334805	0.618342258228802	"ADCY5"	1
"M4"	"Assembly of collagen fibrils and other multimeric structures"	"Assembly of collagen fibrils and other multimeric structures"	"1/97"	"54/7644"	0.499448956228865	0.676987452388345	0.638686782019643	"TLL1"	1
"M4"	"Phospholipase C-mediated cascade"	"Phospholipase C-mediated cascade"	"1/97"	"54/7644"	0.499448956228865	0.676987452388345	0.638686782019643	"ADCY5"	1
"M4"	"GABA receptor activation"	"GABA receptor activation"	"1/97"	"55/7644"	0.50584598537851	0.68299049387682	0.644350200502627	"ADCY5"	1
"M4"	"MAP kinase activation in TLR cascade"	"MAP kinase activation in TLR cascade"	"1/97"	"56/7644"	0.512162092825905	0.688838163606934	0.649867037408635	"FOS"	1
"M4"	"Initial triggering of complement"	"Initial triggering of complement"	"1/97"	"57/7644"	0.518398291691994	0.694533618598927	0.655240271148995	"FCN3"	1
"M4"	"Neurotransmitter Receptor Binding And Downstream Transmission In The  Postsynaptic Cell"	"Neurotransmitter Receptor Binding And Downstream Transmission In The  Postsynaptic Cell"	"2/97"	"140/7644"	0.533780181451987	0.712391242168614	0.67208759688894	"ADCY5/GRIK3"	2
"M4"	"Toll-Like Receptors Cascades"	"Toll-Like Receptors Cascades"	"2/97"	"144/7644"	0.549086816825216	0.730011974859579	0.688711433888454	"FOS/CD36"	2
"M4"	"O-linked glycosylation of mucins"	"O-linked glycosylation of mucins"	"1/97"	"64/7644"	0.559896748069128	0.741542639618272	0.699589749495776	"GALNT15"	1
"M4"	"Downstream signaling of activated FGFR"	"Downstream signaling of activated FGFR"	"2/97"	"149/7644"	0.567727924310989	0.749055474281039	0.706677544369492	"NR4A1/ADCY5"	2
"M4"	"Latent infection of Homo sapiens with Mycobacterium tuberculosis"	"Latent infection of Homo sapiens with Mycobacterium tuberculosis"	"1/97"	"68/7644"	0.582000003256784	0.76497727700797	0.721698568631818	"NOS2"	1
"M4"	"NCAM signaling for neurite out-growth"	"NCAM signaling for neurite out-growth"	"1/97"	"70/7644"	0.592635978583495	0.776017677616878	0.732114356859849	"GFRA2"	1
"M4"	"Sphingolipid metabolism"	"Sphingolipid metabolism"	"1/97"	"71/7644"	0.597853077880749	0.779906082799322	0.735782774914574	"ACER2"	1
"M4"	"Cellular Senescence"	"Cellular Senescence"	"2/97"	"159/7644"	0.603348232869065	0.78412672960886	0.739764637974687	"FOS/CXCL8"	2
"M4"	"Downstream signal transduction"	"Downstream signal transduction"	"2/97"	"161/7644"	0.610204914481259	0.785591214724481	0.741146269617211	"NR4A1/ADCY5"	2
"M4"	"Signaling by FGFR"	"Signaling by FGFR"	"2/97"	"162/7644"	0.613599807541548	0.785591214724481	0.741146269617211	"NR4A1/ADCY5"	2
"M4"	"Signaling by ERBB2"	"Signaling by ERBB2"	"2/97"	"163/7644"	0.616972413726737	0.785591214724481	0.741146269617211	"NR4A1/ADCY5"	2
"M4"	"Complement cascade"	"Complement cascade"	"1/97"	"75/7644"	0.618068369595639	0.785591214724481	0.741146269617211	"FCN3"	1
"M4"	"G alpha (12/13) signalling events"	"G alpha (12/13) signalling events"	"1/97"	"75/7644"	0.618068369595639	0.785591214724481	0.741146269617211	"ADRA1B"	1
"M4"	"TRAF6 Mediated Induction of proinflammatory cytokines"	"TRAF6 Mediated Induction of proinflammatory cytokines"	"1/97"	"75/7644"	0.618068369595639	0.785591214724481	0.741146269617211	"FOS"	1
"M4"	"DAP12 signaling"	"DAP12 signaling"	"2/97"	"164/7644"	0.620322745920771	0.785591214724481	0.741146269617211	"NR4A1/ADCY5"	2
"M4"	"FCERI mediated MAPK activation"	"FCERI mediated MAPK activation"	"1/97"	"77/7644"	0.627795518601465	0.791411819297189	0.7466375725813	"FOS"	1
"M4"	"Ion channel transport"	"Ion channel transport"	"2/97"	"167/7644"	0.630240275394718	0.791411819297189	0.7466375725813	"ATP1B2/ANO3"	2
"M4"	"Class I MHC mediated antigen processing & presentation"	"Class I MHC mediated antigen processing & presentation"	"3/97"	"255/7644"	0.633457137315441	0.791411819297189	0.7466375725813	"SOCS3/CD36/ZBTB16"	3
"M4"	"Opioid Signalling"	"Opioid Signalling"	"1/97"	"80/7644"	0.64192832728823	0.791411819297189	0.7466375725813	"ADCY5"	1
"M4"	"Antigen processing-Cross presentation"	"Antigen processing-Cross presentation"	"1/97"	"81/7644"	0.646520203577633	0.791411819297189	0.7466375725813	"CD36"	1
"M4"	"Biological oxidations"	"Biological oxidations"	"2/97"	"174/7644"	0.652606040802791	0.791411819297189	0.7466375725813	"CYP26B1/CYP4F11"	2
"M4"	"Signaling by FGFR in disease"	"Signaling by FGFR in disease"	"2/97"	"177/7644"	0.661861529187649	0.791411819297189	0.7466375725813	"NR4A1/ADCY5"	2
"M4"	"DAP12 interactions"	"DAP12 interactions"	"2/97"	"179/7644"	0.667922824966258	0.791411819297189	0.7466375725813	"NR4A1/ADCY5"	2
"M4"	"Signaling by EGFR"	"Signaling by EGFR"	"2/97"	"179/7644"	0.667922824966258	0.791411819297189	0.7466375725813	"NR4A1/ADCY5"	2
"M4"	"Signaling by Overexpressed Wild-Type EGFR in Cancer"	"Signaling by Overexpressed Wild-Type EGFR in Cancer"	"2/97"	"179/7644"	0.667922824966258	0.791411819297189	0.7466375725813	"NR4A1/ADCY5"	2
"M4"	"Constitutive PI3K/AKT Signaling in Cancer"	"Constitutive PI3K/AKT Signaling in Cancer"	"1/97"	"86/7644"	0.668619797811415	0.791411819297189	0.7466375725813	"NR4A1"	1
"M4"	"MyD88 cascade initiated on plasma membrane"	"MyD88 cascade initiated on plasma membrane"	"1/97"	"86/7644"	0.668619797811415	0.791411819297189	0.7466375725813	"FOS"	1
"M4"	"Regulation of mRNA stability by proteins that bind AU-rich elements"	"Regulation of mRNA stability by proteins that bind AU-rich elements"	"1/97"	"86/7644"	0.668619797811415	0.791411819297189	0.7466375725813	"ZFP36"	1
"M4"	"Toll Like Receptor 10 (TLR10) Cascade"	"Toll Like Receptor 10 (TLR10) Cascade"	"1/97"	"86/7644"	0.668619797811415	0.791411819297189	0.7466375725813	"FOS"	1
"M4"	"Toll Like Receptor 5 (TLR5) Cascade"	"Toll Like Receptor 5 (TLR5) Cascade"	"1/97"	"86/7644"	0.668619797811415	0.791411819297189	0.7466375725813	"FOS"	1
"M4"	"TRAF6 mediated induction of NFkB and MAP kinases upon TLR7/8 or 9 activation"	"TRAF6 mediated induction of NFkB and MAP kinases upon TLR7/8 or 9 activation"	"1/97"	"86/7644"	0.668619797811415	0.791411819297189	0.7466375725813	"FOS"	1
"M4"	"Signaling by EGFR in Cancer"	"Signaling by EGFR in Cancer"	"2/97"	"181/7644"	0.6738973999239	0.791411819297189	0.7466375725813	"NR4A1/ADCY5"	2
"M4"	"Signaling by EGFRvIII in Cancer"	"Signaling by EGFRvIII in Cancer"	"2/97"	"181/7644"	0.6738973999239	0.791411819297189	0.7466375725813	"NR4A1/ADCY5"	2
"M4"	"Signaling by Ligand-Responsive EGFR Variants in Cancer"	"Signaling by Ligand-Responsive EGFR Variants in Cancer"	"2/97"	"181/7644"	0.6738973999239	0.791411819297189	0.7466375725813	"NR4A1/ADCY5"	2
"M4"	"Glycerophospholipid biosynthesis"	"Glycerophospholipid biosynthesis"	"1/97"	"88/7644"	0.677071692616461	0.791411819297189	0.7466375725813	"SLC44A4"	1
"M4"	"MyD88 dependent cascade initiated on endosome"	"MyD88 dependent cascade initiated on endosome"	"1/97"	"88/7644"	0.677071692616461	0.791411819297189	0.7466375725813	"FOS"	1
"M4"	"Toll Like Receptor 7/8 (TLR7/8) Cascade"	"Toll Like Receptor 7/8 (TLR7/8) Cascade"	"1/97"	"88/7644"	0.677071692616461	0.791411819297189	0.7466375725813	"FOS"	1
"M4"	"Signaling by PDGF"	"Signaling by PDGF"	"2/97"	"184/7644"	0.68269769525403	0.791411819297189	0.7466375725813	"NR4A1/ADCY5"	2
"M4"	"Oxidative Stress Induced Senescence"	"Oxidative Stress Induced Senescence"	"1/97"	"91/7644"	0.689351080703279	0.791411819297189	0.7466375725813	"FOS"	1
"M4"	"PCP/CE pathway"	"PCP/CE pathway"	"1/97"	"91/7644"	0.689351080703279	0.791411819297189	0.7466375725813	"RAC3"	1
"M4"	"Post-translational protein modification"	"Post-translational protein modification"	"3/97"	"278/7644"	0.69118626692992	0.791411819297189	0.7466375725813	"GALNT15/ADAMTSL3/THSD7B"	3
"M4"	"Diseases associated with visual transduction"	"Diseases associated with visual transduction"	"1/97"	"92/7644"	0.69334061402405	0.791411819297189	0.7466375725813	"HSPG2"	1
"M4"	"Interferon gamma signaling"	"Interferon gamma signaling"	"1/97"	"92/7644"	0.69334061402405	0.791411819297189	0.7466375725813	"SOCS3"	1
"M4"	"Toll Like Receptor 9 (TLR9) Cascade"	"Toll Like Receptor 9 (TLR9) Cascade"	"1/97"	"92/7644"	0.69334061402405	0.791411819297189	0.7466375725813	"FOS"	1
"M4"	"Visual phototransduction"	"Visual phototransduction"	"1/97"	"92/7644"	0.69334061402405	0.791411819297189	0.7466375725813	"HSPG2"	1
"M4"	"Membrane Trafficking"	"Membrane Trafficking"	"2/97"	"190/7644"	0.699723106487883	0.791952264418092	0.747147441935467	"GJA5/GJC2"	2
"M4"	"Regulation of actin dynamics for phagocytic cup formation"	"Regulation of actin dynamics for phagocytic cup formation"	"1/97"	"95/7644"	0.70500747177793	0.791952264418092	0.747147441935467	"WIPF3"	1
"M4"	"Interferon Signaling"	"Interferon Signaling"	"2/97"	"196/7644"	0.715994652060277	0.791952264418092	0.747147441935467	"EGR1/SOCS3"	2
"M4"	"Stimuli-sensing channels"	"Stimuli-sensing channels"	"1/97"	"98/7644"	0.716234866954013	0.791952264418092	0.747147441935467	"ANO3"	1
"M4"	"Hedgehog 'off' state"	"Hedgehog 'off' state"	"1/97"	"99/7644"	0.719882523713284	0.791952264418092	0.747147441935467	"ADCY5"	1
"M4"	"MyD88-independent cascade"	"MyD88-independent cascade"	"1/97"	"99/7644"	0.719882523713284	0.791952264418092	0.747147441935467	"FOS"	1
"M4"	"Toll Like Receptor 3 (TLR3) Cascade"	"Toll Like Receptor 3 (TLR3) Cascade"	"1/97"	"99/7644"	0.719882523713284	0.791952264418092	0.747147441935467	"FOS"	1
"M4"	"TRIF-mediated TLR3/TLR4 signaling"	"TRIF-mediated TLR3/TLR4 signaling"	"1/97"	"99/7644"	0.719882523713284	0.791952264418092	0.747147441935467	"FOS"	1
"M4"	"PI3K/AKT Signaling in Cancer"	"PI3K/AKT Signaling in Cancer"	"1/97"	"100/7644"	0.72348376893526	0.791952264418092	0.747147441935467	"NR4A1"	1
"M4"	"PI-3K cascade"	"PI-3K cascade"	"1/97"	"100/7644"	0.72348376893526	0.791952264418092	0.747147441935467	"NR4A1"	1
"M4"	"PI3K events in ERBB2 signaling"	"PI3K events in ERBB2 signaling"	"1/97"	"100/7644"	0.72348376893526	0.791952264418092	0.747147441935467	"NR4A1"	1
"M4"	"PI3K events in ERBB4 signaling"	"PI3K events in ERBB4 signaling"	"1/97"	"100/7644"	0.72348376893526	0.791952264418092	0.747147441935467	"NR4A1"	1
"M4"	"PIP3 activates AKT signaling"	"PIP3 activates AKT signaling"	"1/97"	"100/7644"	0.72348376893526	0.791952264418092	0.747147441935467	"NR4A1"	1
"M4"	"Transmission across Chemical Synapses"	"Transmission across Chemical Synapses"	"2/97"	"201/7644"	0.728990833681003	0.795471129834302	0.750467226993684	"ADCY5/GRIK3"	2
"M4"	"MHC class II antigen presentation"	"MHC class II antigen presentation"	"1/97"	"103/7644"	0.734014843557393	0.798442478728575	0.753270471362314	"KIF26A"	1
"M4"	"GAB1 signalosome"	"GAB1 signalosome"	"1/97"	"104/7644"	0.737436214751523	0.799657395371183	0.754416653906986	"NR4A1"	1
"M4"	"Antigen processing: Ubiquitination & Proteasome degradation"	"Antigen processing: Ubiquitination & Proteasome degradation"	"2/97"	"211/7644"	0.753492634727457	0.811997443460799	0.76605856185745	"SOCS3/ZBTB16"	2
"M4"	"Signaling by Interleukins"	"Signaling by Interleukins"	"1/97"	"109/7644"	0.753900528602158	0.811997443460799	0.76605856185745	"SOCS3"	1
"M4"	"Fc epsilon receptor (FCERI) signaling"	"Fc epsilon receptor (FCERI) signaling"	"2/97"	"212/7644"	0.755836236996652	0.811997443460799	0.76605856185745	"FOS/NR4A1"	2
"M4"	"PPARA activates gene expression"	"PPARA activates gene expression"	"1/97"	"111/7644"	0.76019636394237	0.814160920641983	0.768099639980757	"CD36"	1
"M4"	"Orphan transporters"	"Orphan transporters"	"1/97"	"114/7644"	0.769342410973685	0.818901277938248	0.772571810826013	"ANO3"	1
"M4"	"Regulation of lipid metabolism by Peroxisome proliferator-activated receptor alpha (PPARalpha)"	"Regulation of lipid metabolism by Peroxisome proliferator-activated receptor alpha (PPARalpha)"	"1/97"	"114/7644"	0.769342410973685	0.818901277938248	0.772571810826013	"CD36"	1
"M4"	"Fcgamma receptor (FCGR) dependent phagocytosis"	"Fcgamma receptor (FCGR) dependent phagocytosis"	"1/97"	"119/7644"	0.783824734204162	0.831765084920013	0.784707845927875	"WIPF3"	1
"M4"	"Diseases of glycosylation"	"Diseases of glycosylation"	"2/97"	"227/7644"	0.788767352518098	0.83288228572404	0.785761840922726	"HSPG2/CSPG4"	2
"M4"	"Rho GTPase cycle"	"Rho GTPase cycle"	"1/97"	"122/7644"	0.792078254434966	0.83288228572404	0.785761840922726	"RAC3"	1
"M4"	"Signaling by Rho GTPases"	"Signaling by Rho GTPases"	"1/97"	"122/7644"	0.792078254434966	0.83288228572404	0.785761840922726	"RAC3"	1
"M4"	"Signaling by Hedgehog"	"Signaling by Hedgehog"	"1/97"	"136/7644"	0.826653532495119	0.866612615636877	0.81758387217676	"ADCY5"	1
"M4"	"Phospholipid metabolism"	"Phospholipid metabolism"	"1/97"	"138/7644"	0.831104010440389	0.867267245977455	0.818201466704045	"SLC44A4"	1
"M4"	"Role of LAT2/NTAL/LAB on calcium mobilization"	"Role of LAT2/NTAL/LAB on calcium mobilization"	"1/97"	"141/7644"	0.837568532334132	0.867267245977455	0.818201466704045	"NR4A1"	1
"M4"	"beta-catenin independent WNT signaling"	"beta-catenin independent WNT signaling"	"1/97"	"144/7644"	0.84378807747398	0.867267245977455	0.818201466704045	"RAC3"	1
"M4"	"Signaling by SCF-KIT"	"Signaling by SCF-KIT"	"1/97"	"144/7644"	0.84378807747398	0.867267245977455	0.818201466704045	"NR4A1"	1
"M4"	"Glycogen storage diseases"	"Glycogen storage diseases"	"2/97"	"258/7644"	0.844773282825302	0.867267245977455	0.818201466704045	"HSPG2/CSPG4"	2
"M4"	"Metabolism of carbohydrates"	"Metabolism of carbohydrates"	"2/97"	"258/7644"	0.844773282825302	0.867267245977455	0.818201466704045	"HSPG2/CSPG4"	2
"M4"	"Myoclonic epilepsy of Lafora"	"Myoclonic epilepsy of Lafora"	"2/97"	"258/7644"	0.844773282825302	0.867267245977455	0.818201466704045	"HSPG2/CSPG4"	2
"M4"	"The citric acid (TCA) cycle and respiratory electron transport"	"The citric acid (TCA) cycle and respiratory electron transport"	"1/97"	"147/7644"	0.849771836328927	0.869825448985657	0.82061493897934	"PDK4"	1
"M4"	"Signaling by ERBB4"	"Signaling by ERBB4"	"1/97"	"154/7644"	0.862866087954907	0.880630978001037	0.830809143510762	"NR4A1"	1
"M4"	"Generic Transcription Pathway"	"Generic Transcription Pathway"	"4/97"	"483/7644"	0.869991256732492	0.885299020780571	0.835213091044313	"NR4A1/NR2F1/NR4A2/NR4A3"	4
"M4"	"Downstream signaling events of B Cell Receptor (BCR)"	"Downstream signaling events of B Cell Receptor (BCR)"	"1/97"	"170/7644"	0.888704997913886	0.901697761041282	0.850684070025296	"NR4A1"	1
"M4"	"Fatty acid, triacylglycerol, and ketone body metabolism"	"Fatty acid, triacylglycerol, and ketone body metabolism"	"1/97"	"181/7644"	0.90361106344244	0.914148801791623	0.862430691209449	"CD36"	1
"M4"	"Cytokine Signaling in Immune system"	"Cytokine Signaling in Immune system"	"2/97"	"308/7644"	0.907515604154377	0.915429984423165	0.863639390734428	"EGR1/SOCS3"	2
"M4"	"Metabolism of amino acids and derivatives"	"Metabolism of amino acids and derivatives"	"1/97"	"188/7644"	0.912049361448063	0.917336604123124	0.865438143128444	"PSAT1"	1
"M4"	"Signaling by the B Cell Receptor (BCR)"	"Signaling by the B Cell Receptor (BCR)"	"1/97"	"209/7644"	0.933219688234271	0.935916854963272	0.882967213388678	"NR4A1"	1
"M4"	"Signaling by Wnt"	"Signaling by Wnt"	"1/97"	"286/7644"	0.975833041686769	0.975833041686769	0.920625135642606	"RAC3"	1
"M5"	"Extracellular matrix organization"	"Extracellular matrix organization"	"5/27"	"266/7644"	0.00211467278372159	0.227198017395579	0.21489362438636	"SDC1/COL27A1/LOXL4/ITGB3/COL9A2"	5
"M5"	"Syndecan interactions"	"Syndecan interactions"	"2/27"	"20/7644"	0.00219514992652734	0.227198017395579	0.21489362438636	"SDC1/ITGB3"	2
"M5"	"Collagen formation"	"Collagen formation"	"3/27"	"86/7644"	0.00330912788925123	0.228329824358335	0.21596413593008	"COL27A1/LOXL4/COL9A2"	3
"M5"	"Transport of vitamins, nucleosides, and related molecules"	"Transport of vitamins, nucleosides, and related molecules"	"2/27"	"38/7644"	0.00781050269056539	0.3271738918523	0.309455092217279	"SLCO4A1/LCN12"	2
"M5"	"Elastic fibre formation"	"Elastic fibre formation"	"2/27"	"41/7644"	0.00905131754471973	0.3271738918523	0.309455092217279	"LOXL4/ITGB3"	2
"M5"	"Non-integrin membrane-ECM interactions"	"Non-integrin membrane-ECM interactions"	"2/27"	"42/7644"	0.00948330121311015	0.3271738918523	0.309455092217279	"SDC1/ITGB3"	2
"M5"	"Assembly of collagen fibrils and other multimeric structures"	"Assembly of collagen fibrils and other multimeric structures"	"2/27"	"54/7644"	0.0153571650385539	0.365751773036104	0.345943705999061	"COL27A1/LOXL4"	2
"M5"	"Meiotic recombination"	"Meiotic recombination"	"2/27"	"54/7644"	0.0153571650385539	0.365751773036104	0.345943705999061	"HIST1H2BK/MSH5"	2
"M5"	"ECM proteoglycans"	"ECM proteoglycans"	"2/27"	"55/7644"	0.0159022510015697	0.365751773036104	0.345943705999061	"ITGB3/COL9A2"	2
"M5"	"Collagen biosynthesis and modifying enzymes"	"Collagen biosynthesis and modifying enzymes"	"2/27"	"64/7644"	0.0211727508458888	0.381549062860729	0.360885459914038	"COL27A1/COL9A2"	2
"M5"	"Integrin cell surface interactions"	"Integrin cell surface interactions"	"2/27"	"66/7644"	0.0224305163263409	0.381549062860729	0.360885459914038	"ITGB3/COL9A2"	2
"M5"	"NCAM signaling for neurite out-growth"	"NCAM signaling for neurite out-growth"	"2/27"	"70/7644"	0.0250369660223967	0.381549062860729	0.360885459914038	"COL9A2/SPTBN5"	2
"M5"	"Axon guidance"	"Axon guidance"	"4/27"	"327/7644"	0.0265066716910239	0.381549062860729	0.360885459914038	"ITGB3/COL9A2/SPTBN5/EPHB1"	4
"M5"	"POU5F1 (OCT4), SOX2, NANOG repress genes related to differentiation"	"POU5F1 (OCT4), SOX2, NANOG repress genes related to differentiation"	"1/27"	"10/7644"	0.0347858013571831	0.381549062860729	0.360885459914038	"POU5F1"	1
"M5"	"Meiosis"	"Meiosis"	"2/27"	"85/7644"	0.0358348730118825	0.381549062860729	0.360885459914038	"HIST1H2BK/MSH5"	2
"M5"	"Gamma-carboxylation, transport, and amino-terminal cleavage of proteins"	"Gamma-carboxylation, transport, and amino-terminal cleavage of proteins"	"1/27"	"11/7644"	0.0381995796337553	0.381549062860729	0.360885459914038	"F10"	1
"M5"	"Transport of organic anions"	"Transport of organic anions"	"1/27"	"11/7644"	0.0381995796337553	0.381549062860729	0.360885459914038	"SLCO4A1"	1
"M5"	"PECAM1 interactions"	"PECAM1 interactions"	"1/27"	"12/7644"	0.0416017296861454	0.381549062860729	0.360885459914038	"ITGB3"	1
"M5"	"L1CAM interactions"	"L1CAM interactions"	"2/27"	"97/7644"	0.0455469052402275	0.381549062860729	0.360885459914038	"ITGB3/SPTBN5"	2
"M5"	"Stimuli-sensing channels"	"Stimuli-sensing channels"	"2/27"	"98/7644"	0.0463961856998348	0.381549062860729	0.360885459914038	"ANO9/SCNN1D"	2
"M5"	"Synthesis of Prostaglandins (PG) and Thromboxanes (TX)"	"Synthesis of Prostaglandins (PG) and Thromboxanes (TX)"	"1/27"	"14/7644"	0.0483712973600053	0.381549062860729	0.360885459914038	"HPGD"	1
"M5"	"GRB2:SOS provides linkage to MAPK signaling for Integrins"	"GRB2:SOS provides linkage to MAPK signaling for Integrins"	"1/27"	"15/7644"	0.0517387908031615	0.381549062860729	0.360885459914038	"ITGB3"	1
"M5"	"p130Cas linkage to MAPK signaling for integrins"	"p130Cas linkage to MAPK signaling for integrins"	"1/27"	"15/7644"	0.0517387908031615	0.381549062860729	0.360885459914038	"ITGB3"	1
"M5"	"Acetylcholine Neurotransmitter Release Cycle"	"Acetylcholine Neurotransmitter Release Cycle"	"1/27"	"17/7644"	0.0584393855625299	0.381549062860729	0.360885459914038	"PPFIA4"	1
"M5"	"Chylomicron-mediated lipid transport"	"Chylomicron-mediated lipid transport"	"1/27"	"17/7644"	0.0584393855625299	0.381549062860729	0.360885459914038	"SDC1"	1
"M5"	"Orphan transporters"	"Orphan transporters"	"2/27"	"114/7644"	0.0607561591572755	0.381549062860729	0.360885459914038	"ANO9/LCN12"	2
"M5"	"Dopamine Neurotransmitter Release Cycle"	"Dopamine Neurotransmitter Release Cycle"	"1/27"	"18/7644"	0.0617725619870497	0.381549062860729	0.360885459914038	"PPFIA4"	1
"M5"	"Norepinephrine Neurotransmitter Release Cycle"	"Norepinephrine Neurotransmitter Release Cycle"	"1/27"	"18/7644"	0.0617725619870497	0.381549062860729	0.360885459914038	"PPFIA4"	1
"M5"	"Serotonin Neurotransmitter Release Cycle"	"Serotonin Neurotransmitter Release Cycle"	"1/27"	"18/7644"	0.0617725619870497	0.381549062860729	0.360885459914038	"PPFIA4"	1
"M5"	"SLC-mediated transmembrane transport"	"SLC-mediated transmembrane transport"	"3/27"	"259/7644"	0.061824450928533	0.381549062860729	0.360885459914038	"SLCO4A1/LCN12/SLC15A2"	3
"M5"	"Ephrin signaling"	"Ephrin signaling"	"1/27"	"19/7644"	0.0650943743167571	0.381549062860729	0.360885459914038	"EPHB1"	1
"M5"	"Neurotoxicity of clostridium toxins"	"Neurotoxicity of clostridium toxins"	"1/27"	"20/7644"	0.0684048598109799	0.381549062860729	0.360885459914038	"STX1B"	1
"M5"	"Glutamate Neurotransmitter Release Cycle"	"Glutamate Neurotransmitter Release Cycle"	"1/27"	"21/7644"	0.0717040556117544	0.381549062860729	0.360885459914038	"PPFIA4"	1
"M5"	"HS-GAG degradation"	"HS-GAG degradation"	"1/27"	"21/7644"	0.0717040556117544	0.381549062860729	0.360885459914038	"SDC1"	1
"M5"	"Signal transduction by L1"	"Signal transduction by L1"	"1/27"	"21/7644"	0.0717040556117544	0.381549062860729	0.360885459914038	"ITGB3"	1
"M5"	"Cholesterol biosynthesis"	"Cholesterol biosynthesis"	"1/27"	"22/7644"	0.0749919987441803	0.381549062860729	0.360885459914038	"CYP51A1"	1
"M5"	"Common Pathway"	"Common Pathway"	"1/27"	"22/7644"	0.0749919987441803	0.381549062860729	0.360885459914038	"F10"	1
"M5"	"Intrinsic Pathway"	"Intrinsic Pathway"	"1/27"	"22/7644"	0.0749919987441803	0.381549062860729	0.360885459914038	"F10"	1
"M5"	"POU5F1 (OCT4), SOX2, NANOG activate genes related to proliferation"	"POU5F1 (OCT4), SOX2, NANOG activate genes related to proliferation"	"1/27"	"22/7644"	0.0749919987441803	0.381549062860729	0.360885459914038	"POU5F1"	1
"M5"	"Deadenylation of mRNA"	"Deadenylation of mRNA"	"1/27"	"23/7644"	0.0782687261167737	0.381549062860729	0.360885459914038	"EIF4A1"	1
"M5"	"Endogenous sterols"	"Endogenous sterols"	"1/27"	"23/7644"	0.0782687261167737	0.381549062860729	0.360885459914038	"CYP51A1"	1
"M5"	"Sulfur amino acid metabolism"	"Sulfur amino acid metabolism"	"1/27"	"23/7644"	0.0782687261167737	0.381549062860729	0.360885459914038	"CSAD"	1
"M5"	"Pyrimidine metabolism"	"Pyrimidine metabolism"	"1/27"	"24/7644"	0.0815342745218184	0.381549062860729	0.360885459914038	"CDA"	1
"M5"	"Activation of G protein gated Potassium channels"	"Activation of G protein gated Potassium channels"	"1/27"	"25/7644"	0.0847886806357175	0.381549062860729	0.360885459914038	"GABBR1"	1
"M5"	"G protein gated Potassium channels"	"G protein gated Potassium channels"	"1/27"	"25/7644"	0.0847886806357175	0.381549062860729	0.360885459914038	"GABBR1"	1
"M5"	"Inhibition  of voltage gated Ca2+ channels via Gbeta/gamma subunits"	"Inhibition  of voltage gated Ca2+ channels via Gbeta/gamma subunits"	"1/27"	"25/7644"	0.0847886806357175	0.381549062860729	0.360885459914038	"GABBR1"	1
"M5"	"A tetrasaccharide linker sequence is required for GAG synthesis"	"A tetrasaccharide linker sequence is required for GAG synthesis"	"1/27"	"26/7644"	0.0880319810193422	0.382789864564215	0.362059063355932	"SDC1"	1
"M5"	"Integrin alphaIIb beta3 signaling"	"Integrin alphaIIb beta3 signaling"	"1/27"	"27/7644"	0.0912642121183809	0.382789864564215	0.362059063355932	"ITGB3"	1
"M5"	"Interaction between L1 and Ankyrins"	"Interaction between L1 and Ankyrins"	"1/27"	"29/7644"	0.0976956116716294	0.382789864564215	0.362059063355932	"SPTBN5"	1
"M5"	"Lipoprotein metabolism"	"Lipoprotein metabolism"	"1/27"	"30/7644"	0.100894852444429	0.382789864564215	0.362059063355932	"SDC1"	1
"M5"	"Molecules associated with elastic fibres"	"Molecules associated with elastic fibres"	"1/27"	"30/7644"	0.100894852444429	0.382789864564215	0.362059063355932	"ITGB3"	1
"M5"	"RNA Polymerase I Promoter Opening"	"RNA Polymerase I Promoter Opening"	"1/27"	"30/7644"	0.100894852444429	0.382789864564215	0.362059063355932	"HIST1H2BK"	1
"M5"	"HS-GAG biosynthesis"	"HS-GAG biosynthesis"	"1/27"	"31/7644"	0.104083168570512	0.382789864564215	0.362059063355932	"SDC1"	1
"M5"	"Inwardly rectifying K+ channels"	"Inwardly rectifying K+ channels"	"1/27"	"31/7644"	0.104083168570512	0.382789864564215	0.362059063355932	"GABBR1"	1
"M5"	"Packaging Of Telomere Ends"	"Packaging Of Telomere Ends"	"1/27"	"31/7644"	0.104083168570512	0.382789864564215	0.362059063355932	"HIST1H2BK"	1
"M5"	"DNA methylation"	"DNA methylation"	"1/27"	"32/7644"	0.107260595924853	0.382789864564215	0.362059063355932	"HIST1H2BK"	1
"M5"	"SIRT1 negatively regulates rRNA Expression"	"SIRT1 negatively regulates rRNA Expression"	"1/27"	"35/7644"	0.116727902412534	0.382789864564215	0.362059063355932	"HIST1H2BK"	1
"M5"	"Ion channel transport"	"Ion channel transport"	"2/27"	"167/7644"	0.116816139955472	0.382789864564215	0.362059063355932	"ANO9/SCNN1D"	2
"M5"	"Gamma carboxylation, hypusine formation and arylsulfatase activation"	"Gamma carboxylation, hypusine formation and arylsulfatase activation"	"1/27"	"36/7644"	0.119862131172537	0.382789864564215	0.362059063355932	"F10"	1
"M5"	"NCAM1 interactions"	"NCAM1 interactions"	"1/27"	"37/7644"	0.122985648845821	0.382789864564215	0.362059063355932	"COL9A2"	1
"M5"	"Platelet Aggregation (Plug Formation)"	"Platelet Aggregation (Plug Formation)"	"1/27"	"37/7644"	0.122985648845821	0.382789864564215	0.362059063355932	"ITGB3"	1
"M5"	"Collagen degradation"	"Collagen degradation"	"1/27"	"38/7644"	0.1260984906338	0.382789864564215	0.362059063355932	"COL9A2"	1
"M5"	"Activation of GABAB receptors"	"Activation of GABAB receptors"	"1/27"	"39/7644"	0.129200691626817	0.382789864564215	0.362059063355932	"GABBR1"	1
"M5"	"Formation of Fibrin Clot (Clotting Cascade)"	"Formation of Fibrin Clot (Clotting Cascade)"	"1/27"	"39/7644"	0.129200691626817	0.382789864564215	0.362059063355932	"F10"	1
"M5"	"GABA B receptor activation"	"GABA B receptor activation"	"1/27"	"39/7644"	0.129200691626817	0.382789864564215	0.362059063355932	"GABBR1"	1
"M5"	"Class C/3 (Metabotropic glutamate/pheromone receptors)"	"Class C/3 (Metabotropic glutamate/pheromone receptors)"	"1/27"	"40/7644"	0.132292286804473	0.382789864564215	0.362059063355932	"GABBR1"	1
"M5"	"PRC2 methylates histones and DNA"	"PRC2 methylates histones and DNA"	"1/27"	"40/7644"	0.132292286804473	0.382789864564215	0.362059063355932	"HIST1H2BK"	1
"M5"	"Uptake and actions of bacterial toxins"	"Uptake and actions of bacterial toxins"	"1/27"	"40/7644"	0.132292286804473	0.382789864564215	0.362059063355932	"STX1B"	1
"M5"	"Activation of gene expression by SREBF (SREBP)"	"Activation of gene expression by SREBF (SREBP)"	"1/27"	"41/7644"	0.135373311035968	0.382789864564215	0.362059063355932	"CYP51A1"	1
"M5"	"Condensation of Prophase Chromosomes"	"Condensation of Prophase Chromosomes"	"1/27"	"41/7644"	0.135373311035968	0.382789864564215	0.362059063355932	"HIST1H2BK"	1
"M5"	"EPHB-mediated forward signaling"	"EPHB-mediated forward signaling"	"1/27"	"41/7644"	0.135373311035968	0.382789864564215	0.362059063355932	"EPHB1"	1
"M5"	"Retinoid metabolism and transport"	"Retinoid metabolism and transport"	"1/27"	"41/7644"	0.135373311035968	0.382789864564215	0.362059063355932	"SDC1"	1
"M5"	"Neurotransmitter Release Cycle"	"Neurotransmitter Release Cycle"	"1/27"	"42/7644"	0.138443799080427	0.382789864564215	0.362059063355932	"PPFIA4"	1
"M5"	"Transcriptional regulation of pluripotent stem cells"	"Transcriptional regulation of pluripotent stem cells"	"1/27"	"42/7644"	0.138443799080427	0.382789864564215	0.362059063355932	"POU5F1"	1
"M5"	"Interferon Signaling"	"Interferon Signaling"	"2/27"	"196/7644"	0.151507609137773	0.382789864564215	0.362059063355932	"XAF1/EIF4A1"	2
"M5"	"EPH-ephrin mediated repulsion of cells"	"EPH-ephrin mediated repulsion of cells"	"1/27"	"48/7644"	0.156647400145594	0.382789864564215	0.362059063355932	"EPHB1"	1
"M5"	"Transmission across Chemical Synapses"	"Transmission across Chemical Synapses"	"2/27"	"201/7644"	0.157693002745396	0.382789864564215	0.362059063355932	"PPFIA4/GABBR1"	2
"M5"	"Amino acid and oligopeptide SLC transporters"	"Amino acid and oligopeptide SLC transporters"	"1/27"	"49/7644"	0.159645098960242	0.382789864564215	0.362059063355932	"SLC15A2"	1
"M5"	"Deadenylation-dependent mRNA decay"	"Deadenylation-dependent mRNA decay"	"1/27"	"49/7644"	0.159645098960242	0.382789864564215	0.362059063355932	"EIF4A1"	1
"M5"	"Arachidonic acid metabolism"	"Arachidonic acid metabolism"	"1/27"	"50/7644"	0.162632535738132	0.382789864564215	0.362059063355932	"HPGD"	1
"M5"	"Chondroitin sulfate/dermatan sulfate metabolism"	"Chondroitin sulfate/dermatan sulfate metabolism"	"1/27"	"50/7644"	0.162632535738132	0.382789864564215	0.362059063355932	"SDC1"	1
"M5"	"Lipid digestion, mobilization, and transport"	"Lipid digestion, mobilization, and transport"	"1/27"	"50/7644"	0.162632535738132	0.382789864564215	0.362059063355932	"SDC1"	1
"M5"	"Amyloids"	"Amyloids"	"1/27"	"51/7644"	0.165609744262634	0.382789864564215	0.362059063355932	"HIST1H2BK"	1
"M5"	"Deposition of new CENPA-containing nucleosomes at the centromere"	"Deposition of new CENPA-containing nucleosomes at the centromere"	"1/27"	"52/7644"	0.168576758210338	0.382789864564215	0.362059063355932	"HIST1H2BK"	1
"M5"	"Nucleosome assembly"	"Nucleosome assembly"	"1/27"	"52/7644"	0.168576758210338	0.382789864564215	0.362059063355932	"HIST1H2BK"	1
"M5"	"Heparan sulfate/heparin (HS-GAG) metabolism"	"Heparan sulfate/heparin (HS-GAG) metabolism"	"1/27"	"54/7644"	0.174480336549726	0.382789864564215	0.362059063355932	"SDC1"	1
"M5"	"Regulation of cholesterol biosynthesis by SREBP (SREBF)"	"Regulation of cholesterol biosynthesis by SREBP (SREBF)"	"1/27"	"54/7644"	0.174480336549726	0.382789864564215	0.362059063355932	"CYP51A1"	1
"M5"	"GABA receptor activation"	"GABA receptor activation"	"1/27"	"55/7644"	0.17741696776358	0.382789864564215	0.362059063355932	"GABBR1"	1
"M5"	"Ribosomal scanning and start codon recognition"	"Ribosomal scanning and start codon recognition"	"1/27"	"55/7644"	0.17741696776358	0.382789864564215	0.362059063355932	"EIF4A1"	1
"M5"	"Translation initiation complex formation"	"Translation initiation complex formation"	"1/27"	"55/7644"	0.17741696776358	0.382789864564215	0.362059063355932	"EIF4A1"	1
"M5"	"Activation of the mRNA upon binding of the cap-binding complex and eIFs, and subsequent binding to 43S"	"Activation of the mRNA upon binding of the cap-binding complex and eIFs, and subsequent binding to 43S"	"1/27"	"56/7644"	0.180343538045618	0.382789864564215	0.362059063355932	"EIF4A1"	1
"M5"	"RNA Polymerase I Chain Elongation"	"RNA Polymerase I Chain Elongation"	"1/27"	"56/7644"	0.180343538045618	0.382789864564215	0.362059063355932	"HIST1H2BK"	1
"M5"	"Meiotic synapsis"	"Meiotic synapsis"	"1/27"	"57/7644"	0.183260080543347	0.382789864564215	0.362059063355932	"HIST1H2BK"	1
"M5"	"DNA Damage/Telomere Stress Induced Senescence"	"DNA Damage/Telomere Stress Induced Senescence"	"1/27"	"58/7644"	0.18616662829942	0.382789864564215	0.362059063355932	"HIST1H2BK"	1
"M5"	"formation of the beta-catenin:TCF transactivating complex"	"formation of the beta-catenin:TCF transactivating complex"	"1/27"	"58/7644"	0.18616662829942	0.382789864564215	0.362059063355932	"HIST1H2BK"	1
"M5"	"Cytochrome P450 - arranged by substrate type"	"Cytochrome P450 - arranged by substrate type"	"1/27"	"60/7644"	0.19194987123484	0.382789864564215	0.362059063355932	"CYP51A1"	1
"M5"	"HDACs deacetylate histones"	"HDACs deacetylate histones"	"1/27"	"60/7644"	0.19194987123484	0.382789864564215	0.362059063355932	"HIST1H2BK"	1
"M5"	"Telomere Maintenance"	"Telomere Maintenance"	"1/27"	"60/7644"	0.19194987123484	0.382789864564215	0.362059063355932	"HIST1H2BK"	1
"M5"	"Interferon alpha/beta signaling"	"Interferon alpha/beta signaling"	"1/27"	"67/7644"	0.211881195271315	0.382789864564215	0.362059063355932	"XAF1"	1
"M5"	"Transcriptional regulation by small RNAs"	"Transcriptional regulation by small RNAs"	"1/27"	"71/7644"	0.223057073163297	0.382789864564215	0.362059063355932	"HIST1H2BK"	1
"M5"	"Antiviral mechanism by IFN-stimulated genes"	"Antiviral mechanism by IFN-stimulated genes"	"1/27"	"73/7644"	0.228587627459184	0.382789864564215	0.362059063355932	"EIF4A1"	1
"M5"	"ISG15 antiviral mechanism"	"ISG15 antiviral mechanism"	"1/27"	"73/7644"	0.228587627459184	0.382789864564215	0.362059063355932	"EIF4A1"	1
"M5"	"Glycogen storage diseases"	"Glycogen storage diseases"	"2/27"	"258/7644"	0.230972682860524	0.382789864564215	0.362059063355932	"SDC1/AMY2B"	2
"M5"	"Metabolism of carbohydrates"	"Metabolism of carbohydrates"	"2/27"	"258/7644"	0.230972682860524	0.382789864564215	0.362059063355932	"SDC1/AMY2B"	2
"M5"	"Myoclonic epilepsy of Lafora"	"Myoclonic epilepsy of Lafora"	"2/27"	"258/7644"	0.230972682860524	0.382789864564215	0.362059063355932	"SDC1/AMY2B"	2
"M5"	"NoRC negatively regulates rRNA expression"	"NoRC negatively regulates rRNA expression"	"1/27"	"74/7644"	0.231338668808887	0.382789864564215	0.362059063355932	"HIST1H2BK"	1
"M5"	"RNA Polymerase I Promoter Clearance"	"RNA Polymerase I Promoter Clearance"	"1/27"	"76/7644"	0.236812436452125	0.382789864564215	0.362059063355932	"HIST1H2BK"	1
"M5"	"Senescence-Associated Secretory Phenotype (SASP)"	"Senescence-Associated Secretory Phenotype (SASP)"	"1/27"	"76/7644"	0.236812436452125	0.382789864564215	0.362059063355932	"HIST1H2BK"	1
"M5"	"Negative epigenetic regulation of rRNA expression"	"Negative epigenetic regulation of rRNA expression"	"1/27"	"77/7644"	0.239535225064147	0.382789864564215	0.362059063355932	"HIST1H2BK"	1
"M5"	"Defective CYP11A1 causes Adrenal insufficiency, congenital, with 46,XY sex reversal (AICSR)"	"Defective CYP11A1 causes Adrenal insufficiency, congenital, with 46,XY sex reversal (AICSR)"	"1/27"	"78/7644"	0.242248658250783	0.382789864564215	0.362059063355932	"CYP51A1"	1
"M5"	"Defective CYP11B1 causes Adrenal hyperplasia 4 (AH4)"	"Defective CYP11B1 causes Adrenal hyperplasia 4 (AH4)"	"1/27"	"78/7644"	0.242248658250783	0.382789864564215	0.362059063355932	"CYP51A1"	1
"M5"	"Defective CYP11B2 causes Corticosterone methyloxidase 1 deficiency (CMO-1 deficiency)"	"Defective CYP11B2 causes Corticosterone methyloxidase 1 deficiency (CMO-1 deficiency)"	"1/27"	"78/7644"	0.242248658250783	0.382789864564215	0.362059063355932	"CYP51A1"	1
"M5"	"Defective CYP17A1 causes Adrenal hyperplasia 5 (AH5)"	"Defective CYP17A1 causes Adrenal hyperplasia 5 (AH5)"	"1/27"	"78/7644"	0.242248658250783	0.382789864564215	0.362059063355932	"CYP51A1"	1
"M5"	"Defective CYP19A1 causes Aromatase excess syndrome (AEXS)"	"Defective CYP19A1 causes Aromatase excess syndrome (AEXS)"	"1/27"	"78/7644"	0.242248658250783	0.382789864564215	0.362059063355932	"CYP51A1"	1
"M5"	"Defective CYP1B1 causes Glaucoma"	"Defective CYP1B1 causes Glaucoma"	"1/27"	"78/7644"	0.242248658250783	0.382789864564215	0.362059063355932	"CYP51A1"	1
"M5"	"Defective CYP21A2 causes Adrenal hyperplasia 3 (AH3)"	"Defective CYP21A2 causes Adrenal hyperplasia 3 (AH3)"	"1/27"	"78/7644"	0.242248658250783	0.382789864564215	0.362059063355932	"CYP51A1"	1
"M5"	"Defective CYP24A1 causes Hypercalcemia, infantile (HCAI)"	"Defective CYP24A1 causes Hypercalcemia, infantile (HCAI)"	"1/27"	"78/7644"	0.242248658250783	0.382789864564215	0.362059063355932	"CYP51A1"	1
"M5"	"Defective CYP26B1 causes Radiohumeral fusions with other skeletal and craniofacial anomalies (RHFCA)"	"Defective CYP26B1 causes Radiohumeral fusions with other skeletal and craniofacial anomalies (RHFCA)"	"1/27"	"78/7644"	0.242248658250783	0.382789864564215	0.362059063355932	"CYP51A1"	1
"M5"	"Defective CYP26C1 causes Focal facial dermal dysplasia 4 (FFDD4)"	"Defective CYP26C1 causes Focal facial dermal dysplasia 4 (FFDD4)"	"1/27"	"78/7644"	0.242248658250783	0.382789864564215	0.362059063355932	"CYP51A1"	1
"M5"	"Defective CYP27A1 causes Cerebrotendinous xanthomatosis (CTX)"	"Defective CYP27A1 causes Cerebrotendinous xanthomatosis (CTX)"	"1/27"	"78/7644"	0.242248658250783	0.382789864564215	0.362059063355932	"CYP51A1"	1
"M5"	"Defective CYP27B1 causes Rickets vitamin D-dependent 1A (VDDR1A)"	"Defective CYP27B1 causes Rickets vitamin D-dependent 1A (VDDR1A)"	"1/27"	"78/7644"	0.242248658250783	0.382789864564215	0.362059063355932	"CYP51A1"	1
"M5"	"Defective CYP2R1 causes Rickets vitamin D-dependent 1B (VDDR1B)"	"Defective CYP2R1 causes Rickets vitamin D-dependent 1B (VDDR1B)"	"1/27"	"78/7644"	0.242248658250783	0.382789864564215	0.362059063355932	"CYP51A1"	1
"M5"	"Defective CYP2U1 causes Spastic paraplegia 56, autosomal recessive (SPG56)"	"Defective CYP2U1 causes Spastic paraplegia 56, autosomal recessive (SPG56)"	"1/27"	"78/7644"	0.242248658250783	0.382789864564215	0.362059063355932	"CYP51A1"	1
"M5"	"Defective CYP4F22 causes Ichthyosis, congenital, autosomal recessive 5 (ARCI5)"	"Defective CYP4F22 causes Ichthyosis, congenital, autosomal recessive 5 (ARCI5)"	"1/27"	"78/7644"	0.242248658250783	0.382789864564215	0.362059063355932	"CYP51A1"	1
"M5"	"Defective CYP7B1 causes Spastic paraplegia 5A, autosomal recessive (SPG5A) and Congenital bile acid synthesis defect 3 (CBAS3)"	"Defective CYP7B1 causes Spastic paraplegia 5A, autosomal recessive (SPG5A) and Congenital bile acid synthesis defect 3 (CBAS3)"	"1/27"	"78/7644"	0.242248658250783	0.382789864564215	0.362059063355932	"CYP51A1"	1
"M5"	"Defective FMO3 causes Trimethylaminuria (TMAU)"	"Defective FMO3 causes Trimethylaminuria (TMAU)"	"1/27"	"78/7644"	0.242248658250783	0.382789864564215	0.362059063355932	"CYP51A1"	1
"M5"	"Defective MAOA causes Brunner syndrome (BRUNS)"	"Defective MAOA causes Brunner syndrome (BRUNS)"	"1/27"	"78/7644"	0.242248658250783	0.382789864564215	0.362059063355932	"CYP51A1"	1
"M5"	"Defective TBXAS1 causes Ghosal hematodiaphyseal dysplasia (GHDD)"	"Defective TBXAS1 causes Ghosal hematodiaphyseal dysplasia (GHDD)"	"1/27"	"78/7644"	0.242248658250783	0.382789864564215	0.362059063355932	"CYP51A1"	1
"M5"	"Metabolism of nucleotides"	"Metabolism of nucleotides"	"1/27"	"78/7644"	0.242248658250783	0.382789864564215	0.362059063355932	"CDA"	1
"M5"	"Phase 1 - Functionalization of compounds"	"Phase 1 - Functionalization of compounds"	"1/27"	"78/7644"	0.242248658250783	0.382789864564215	0.362059063355932	"CYP51A1"	1
"M5"	"RNA Polymerase I Transcription"	"RNA Polymerase I Transcription"	"1/27"	"78/7644"	0.242248658250783	0.382789864564215	0.362059063355932	"HIST1H2BK"	1
"M5"	"Platelet degranulation"	"Platelet degranulation"	"1/27"	"79/7644"	0.244952766924749	0.38413047540472	0.36332707055824	"ITGB3"	1
"M5"	"Response to elevated platelet cytosolic Ca2+"	"Response to elevated platelet cytosolic Ca2+"	"1/27"	"84/7644"	0.258334517701448	0.400848580564508	0.379139771090763	"ITGB3"	1
"M5"	"Neuronal System"	"Neuronal System"	"2/27"	"280/7644"	0.260047304430471	0.400848580564508	0.379139771090763	"PPFIA4/GABBR1"	2
"M5"	"Chromosome Maintenance"	"Chromosome Maintenance"	"1/27"	"87/7644"	0.266253631160746	0.400848580564508	0.379139771090763	"HIST1H2BK"	1
"M5"	"Degradation of the extracellular matrix"	"Degradation of the extracellular matrix"	"1/27"	"89/7644"	0.271487736527602	0.400848580564508	0.379139771090763	"COL9A2"	1
"M5"	"Oxidative Stress Induced Senescence"	"Oxidative Stress Induced Senescence"	"1/27"	"91/7644"	0.276685878278627	0.400848580564508	0.379139771090763	"HIST1H2BK"	1
"M5"	"Diseases associated with visual transduction"	"Diseases associated with visual transduction"	"1/27"	"92/7644"	0.279271537127624	0.400848580564508	0.379139771090763	"SDC1"	1
"M5"	"Visual phototransduction"	"Visual phototransduction"	"1/27"	"92/7644"	0.279271537127624	0.400848580564508	0.379139771090763	"SDC1"	1
"M5"	"EPH-Ephrin signaling"	"EPH-Ephrin signaling"	"1/27"	"94/7644"	0.284416178605636	0.400848580564508	0.379139771090763	"EPHB1"	1
"M5"	"Epigenetic regulation of gene expression"	"Epigenetic regulation of gene expression"	"1/27"	"94/7644"	0.284416178605636	0.400848580564508	0.379139771090763	"HIST1H2BK"	1
"M5"	"Transport of inorganic cations/anions and amino acids/oligopeptides"	"Transport of inorganic cations/anions and amino acids/oligopeptides"	"1/27"	"94/7644"	0.284416178605636	0.400848580564508	0.379139771090763	"SLC15A2"	1
"M5"	"Cell surface interactions at the vascular wall"	"Cell surface interactions at the vascular wall"	"1/27"	"99/7644"	0.29712353986224	0.400848580564508	0.379139771090763	"ITGB3"	1
"M5"	"Potassium Channels"	"Potassium Channels"	"1/27"	"99/7644"	0.29712353986224	0.400848580564508	0.379139771090763	"GABBR1"	1
"M5"	"Cytokine Signaling in Immune system"	"Cytokine Signaling in Immune system"	"2/27"	"308/7644"	0.297195402019442	0.400848580564508	0.379139771090763	"XAF1/EIF4A1"	2
"M5"	"Regulatory RNA pathways"	"Regulatory RNA pathways"	"1/27"	"100/7644"	0.299638803536689	0.400848580564508	0.379139771090763	"HIST1H2BK"	1
"M5"	"3' -UTR-mediated translational regulation"	"3' -UTR-mediated translational regulation"	"1/27"	"104/7644"	0.30961345784563	0.400848580564508	0.379139771090763	"EIF4A1"	1
"M5"	"L13a-mediated translational silencing of Ceruloplasmin expression"	"L13a-mediated translational silencing of Ceruloplasmin expression"	"1/27"	"104/7644"	0.30961345784563	0.400848580564508	0.379139771090763	"EIF4A1"	1
"M5"	"GTP hydrolysis and joining of the 60S ribosomal subunit"	"GTP hydrolysis and joining of the 60S ribosomal subunit"	"1/27"	"105/7644"	0.312085664296316	0.400848580564508	0.379139771090763	"EIF4A1"	1
"M5"	"HATs acetylate histones"	"HATs acetylate histones"	"1/27"	"105/7644"	0.312085664296316	0.400848580564508	0.379139771090763	"HIST1H2BK"	1
"M5"	"VEGFA-VEGFR2 Pathway"	"VEGFA-VEGFR2 Pathway"	"1/27"	"105/7644"	0.312085664296316	0.400848580564508	0.379139771090763	"ITGB3"	1
"M5"	"Mitotic Prophase"	"Mitotic Prophase"	"1/27"	"106/7644"	0.314549344766405	0.400848580564508	0.379139771090763	"HIST1H2BK"	1
"M5"	"Cap-dependent Translation Initiation"	"Cap-dependent Translation Initiation"	"1/27"	"112/7644"	0.329153959200241	0.400848580564508	0.379139771090763	"EIF4A1"	1
"M5"	"Eukaryotic Translation Initiation"	"Eukaryotic Translation Initiation"	"1/27"	"112/7644"	0.329153959200241	0.400848580564508	0.379139771090763	"EIF4A1"	1
"M5"	"Signaling by VEGF"	"Signaling by VEGF"	"1/27"	"113/7644"	0.331558744529715	0.400848580564508	0.379139771090763	"ITGB3"	1
"M5"	"RNA Polymerase I, RNA Polymerase III, and Mitochondrial Transcription"	"RNA Polymerase I, RNA Polymerase III, and Mitochondrial Transcription"	"1/27"	"114/7644"	0.333955227586108	0.400848580564508	0.379139771090763	"HIST1H2BK"	1
"M5"	"Defective B3GAT3 causes JDSSDHD"	"Defective B3GAT3 causes JDSSDHD"	"1/27"	"121/7644"	0.350500449672348	0.400848580564508	0.379139771090763	"SDC1"	1
"M5"	"Defective B4GALT1 causes B4GALT1-CDG (CDG-2d)"	"Defective B4GALT1 causes B4GALT1-CDG (CDG-2d)"	"1/27"	"121/7644"	0.350500449672348	0.400848580564508	0.379139771090763	"SDC1"	1
"M5"	"Defective B4GALT7 causes EDS, progeroid type"	"Defective B4GALT7 causes EDS, progeroid type"	"1/27"	"121/7644"	0.350500449672348	0.400848580564508	0.379139771090763	"SDC1"	1
"M5"	"Defective CHST14 causes EDS, musculocontractural type"	"Defective CHST14 causes EDS, musculocontractural type"	"1/27"	"121/7644"	0.350500449672348	0.400848580564508	0.379139771090763	"SDC1"	1
"M5"	"Defective CHST3 causes SEDCJD"	"Defective CHST3 causes SEDCJD"	"1/27"	"121/7644"	0.350500449672348	0.400848580564508	0.379139771090763	"SDC1"	1
"M5"	"Defective CHST6 causes MCDC1"	"Defective CHST6 causes MCDC1"	"1/27"	"121/7644"	0.350500449672348	0.400848580564508	0.379139771090763	"SDC1"	1
"M5"	"Defective CHSY1 causes TPBS"	"Defective CHSY1 causes TPBS"	"1/27"	"121/7644"	0.350500449672348	0.400848580564508	0.379139771090763	"SDC1"	1
"M5"	"Defective EXT1 causes exostoses 1, TRPS2 and CHDS"	"Defective EXT1 causes exostoses 1, TRPS2 and CHDS"	"1/27"	"121/7644"	0.350500449672348	0.400848580564508	0.379139771090763	"SDC1"	1
"M5"	"Defective EXT2 causes exostoses 2"	"Defective EXT2 causes exostoses 2"	"1/27"	"121/7644"	0.350500449672348	0.400848580564508	0.379139771090763	"SDC1"	1
"M5"	"Defective PAPSS2 causes SEMD-PA"	"Defective PAPSS2 causes SEMD-PA"	"1/27"	"121/7644"	0.350500449672348	0.400848580564508	0.379139771090763	"SDC1"	1
"M5"	"Defective SLC26A2 causes chondrodysplasias"	"Defective SLC26A2 causes chondrodysplasias"	"1/27"	"121/7644"	0.350500449672348	0.400848580564508	0.379139771090763	"SDC1"	1
"M5"	"Diseases associated with glycosaminoglycan metabolism"	"Diseases associated with glycosaminoglycan metabolism"	"1/27"	"121/7644"	0.350500449672348	0.400848580564508	0.379139771090763	"SDC1"	1
"M5"	"Glycosaminoglycan metabolism"	"Glycosaminoglycan metabolism"	"1/27"	"121/7644"	0.350500449672348	0.400848580564508	0.379139771090763	"SDC1"	1
"M5"	"MPS I - Hurler syndrome"	"MPS I - Hurler syndrome"	"1/27"	"121/7644"	0.350500449672348	0.400848580564508	0.379139771090763	"SDC1"	1
"M5"	"MPS II - Hunter syndrome"	"MPS II - Hunter syndrome"	"1/27"	"121/7644"	0.350500449672348	0.400848580564508	0.379139771090763	"SDC1"	1
"M5"	"MPS IIIA - Sanfilippo syndrome A"	"MPS IIIA - Sanfilippo syndrome A"	"1/27"	"121/7644"	0.350500449672348	0.400848580564508	0.379139771090763	"SDC1"	1
"M5"	"MPS IIIB - Sanfilippo syndrome B"	"MPS IIIB - Sanfilippo syndrome B"	"1/27"	"121/7644"	0.350500449672348	0.400848580564508	0.379139771090763	"SDC1"	1
"M5"	"MPS IIIC - Sanfilippo syndrome C"	"MPS IIIC - Sanfilippo syndrome C"	"1/27"	"121/7644"	0.350500449672348	0.400848580564508	0.379139771090763	"SDC1"	1
"M5"	"MPS IIID - Sanfilippo syndrome D"	"MPS IIID - Sanfilippo syndrome D"	"1/27"	"121/7644"	0.350500449672348	0.400848580564508	0.379139771090763	"SDC1"	1
"M5"	"MPS IV - Morquio syndrome A"	"MPS IV - Morquio syndrome A"	"1/27"	"121/7644"	0.350500449672348	0.400848580564508	0.379139771090763	"SDC1"	1
"M5"	"MPS IV - Morquio syndrome B"	"MPS IV - Morquio syndrome B"	"1/27"	"121/7644"	0.350500449672348	0.400848580564508	0.379139771090763	"SDC1"	1
"M5"	"MPS IX - Natowicz syndrome"	"MPS IX - Natowicz syndrome"	"1/27"	"121/7644"	0.350500449672348	0.400848580564508	0.379139771090763	"SDC1"	1
"M5"	"MPS VII - Sly syndrome"	"MPS VII - Sly syndrome"	"1/27"	"121/7644"	0.350500449672348	0.400848580564508	0.379139771090763	"SDC1"	1
"M5"	"MPS VI - Maroteaux-Lamy syndrome"	"MPS VI - Maroteaux-Lamy syndrome"	"1/27"	"121/7644"	0.350500449672348	0.400848580564508	0.379139771090763	"SDC1"	1
"M5"	"Mucopolysaccharidoses"	"Mucopolysaccharidoses"	"1/27"	"121/7644"	0.350500449672348	0.400848580564508	0.379139771090763	"SDC1"	1
"M5"	"Neurotransmitter Receptor Binding And Downstream Transmission In The  Postsynaptic Cell"	"Neurotransmitter Receptor Binding And Downstream Transmission In The  Postsynaptic Cell"	"1/27"	"140/7644"	0.393438215878845	0.447481926851214	0.423247589088868	"GABBR1"	1
"M5"	"Translation"	"Translation"	"1/27"	"148/7644"	0.410687529897376	0.464548189556048	0.439389591952327	"EIF4A1"	1
"M5"	"Cellular Senescence"	"Cellular Senescence"	"1/27"	"159/7644"	0.433635793999649	0.487840268249605	0.461420238466445	"HIST1H2BK"	1
"M5"	"Biological oxidations"	"Biological oxidations"	"1/27"	"174/7644"	0.463546196152612	0.518670608668058	0.490580896070474	"CYP51A1"	1
"M5"	"Signaling by PDGF"	"Signaling by PDGF"	"1/27"	"184/7644"	0.482635051107439	0.53513573381593	0.50615431726297	"COL9A2"	1
"M5"	"Metabolism of amino acids and derivatives"	"Metabolism of amino acids and derivatives"	"1/27"	"188/7644"	0.49008597839885	0.53513573381593	0.50615431726297	"CSAD"	1
"M5"	"misspliced LRP5 mutants have enhanced beta-catenin-dependent signaling"	"misspliced LRP5 mutants have enhanced beta-catenin-dependent signaling"	"1/27"	"190/7644"	0.493772585308419	0.53513573381593	0.50615431726297	"HIST1H2BK"	1
"M5"	"RNF mutants show enhanced WNT signaling and proliferation"	"RNF mutants show enhanced WNT signaling and proliferation"	"1/27"	"190/7644"	0.493772585308419	0.53513573381593	0.50615431726297	"HIST1H2BK"	1
"M5"	"TCF dependent signaling in response to WNT"	"TCF dependent signaling in response to WNT"	"1/27"	"190/7644"	0.493772585308419	0.53513573381593	0.50615431726297	"HIST1H2BK"	1
"M5"	"XAV939 inhibits tankyrase, stabilizing AXIN"	"XAV939 inhibits tankyrase, stabilizing AXIN"	"1/27"	"190/7644"	0.493772585308419	0.53513573381593	0.50615431726297	"HIST1H2BK"	1
"M5"	"Transcription"	"Transcription"	"1/27"	"203/7644"	0.517117371143662	0.557517165764261	0.527323635047813	"HIST1H2BK"	1
"M5"	"Chromatin modifying enzymes"	"Chromatin modifying enzymes"	"1/27"	"208/7644"	0.525817150810195	0.561052320709848	0.530667336140512	"HIST1H2BK"	1
"M5"	"Chromatin organization"	"Chromatin organization"	"1/27"	"208/7644"	0.525817150810195	0.561052320709848	0.530667336140512	"HIST1H2BK"	1
"M5"	"Hemostasis"	"Hemostasis"	"2/27"	"497/7644"	0.531884348688515	0.562562747084793	0.532095962154953	"ITGB3/F10"	2
"M5"	"Signaling by WNT in cancer"	"Signaling by WNT in cancer"	"1/27"	"212/7644"	0.532668108350818	0.562562747084793	0.532095962154953	"HIST1H2BK"	1
"M5"	"Platelet activation, signaling and aggregation"	"Platelet activation, signaling and aggregation"	"1/27"	"221/7644"	0.547736020610032	0.575539879524247	0.544370290320417	"ITGB3"	1
"M5"	"Diseases of glycosylation"	"Diseases of glycosylation"	"1/27"	"227/7644"	0.557520203287745	0.582862030709915	0.551295894798089	"SDC1"	1
"M5"	"G alpha (i) signalling events"	"G alpha (i) signalling events"	"1/27"	"236/7644"	0.571815272377242	0.594802821015523	0.562590006147406	"GABBR1"	1
"M5"	"Cellular responses to stress"	"Cellular responses to stress"	"1/27"	"249/7644"	0.591681141837989	0.612389981802319	0.579224696746663	"HIST1H2BK"	1
"M5"	"M Phase"	"M Phase"	"1/27"	"266/7644"	0.616324041561825	0.634721774145761	0.60034706326525	"HIST1H2BK"	1
"M5"	"Post-translational protein modification"	"Post-translational protein modification"	"1/27"	"278/7644"	0.632849972841279	0.64851457612943	0.613392886651787	"F10"	1
"M5"	"Signaling by Wnt"	"Signaling by Wnt"	"1/27"	"286/7644"	0.643484125372962	0.656163615528094	0.620627676014368	"HIST1H2BK"	1
"M5"	"Defective ACTH causes Obesity and Pro-opiomelanocortinin deficiency (POMCD)"	"Defective ACTH causes Obesity and Pro-opiomelanocortinin deficiency (POMCD)"	"1/27"	"441/7644"	0.799562017783289	0.806446977773329	0.762772122379045	"GABBR1"	1
"M5"	"GPCR ligand binding"	"GPCR ligand binding"	"1/27"	"441/7644"	0.799562017783289	0.806446977773329	0.762772122379045	"GABBR1"	1
"M5"	"Cell Cycle, Mitotic"	"Cell Cycle, Mitotic"	"1/27"	"445/7644"	0.802551098653651	0.806446977773329	0.762772122379045	"HIST1H2BK"	1
"M5"	"Generic Transcription Pathway"	"Generic Transcription Pathway"	"1/27"	"483/7644"	0.82888716601175	0.82888716601175	0.783997014381823	"ZNF334"	1
"Not.Correlated"	"The canonical retinoid cycle in rods (twilight vision)"	"The canonical retinoid cycle in rods (twilight vision)"	"1/6"	"22/7644"	0.0171502415020331	0.104966713352719	0.0828684579100416	"LRAT"	1
"Not.Correlated"	"HDMs demethylate histones"	"HDMs demethylate histones"	"1/6"	"23/7644"	0.0179239358802787	0.104966713352719	0.0828684579100416	"KDM5D"	1
"Not.Correlated"	"Synthesis of IP3 and IP4 in the cytosol"	"Synthesis of IP3 and IP4 in the cytosol"	"1/6"	"25/7644"	0.0194698020826458	0.104966713352719	0.0828684579100416	"PLCB4"	1
"Not.Correlated"	"Interaction between L1 and Ankyrins"	"Interaction between L1 and Ankyrins"	"1/6"	"29/7644"	0.0225554517281003	0.104966713352719	0.0828684579100416	"NRCAM"	1
"Not.Correlated"	"Glutathione conjugation"	"Glutathione conjugation"	"1/6"	"33/7644"	0.025633005216692	0.104966713352719	0.0828684579100416	"GSTM1"	1
"Not.Correlated"	"Retinoid metabolism and transport"	"Retinoid metabolism and transport"	"1/6"	"41/7644"	0.0317638917090668	0.104966713352719	0.0828684579100416	"LRAT"	1
"Not.Correlated"	"PLC beta mediated events"	"PLC beta mediated events"	"1/6"	"43/7644"	0.0332915797690925	0.104966713352719	0.0828684579100416	"PLCB4"	1
"Not.Correlated"	"G-protein mediated events"	"G-protein mediated events"	"1/6"	"44/7644"	0.0340546702205311	0.104966713352719	0.0828684579100416	"PLCB4"	1
"Not.Correlated"	"Inositol phosphate metabolism"	"Inositol phosphate metabolism"	"1/6"	"44/7644"	0.0340546702205311	0.104966713352719	0.0828684579100416	"PLCB4"	1
"Not.Correlated"	"Formation of the ternary complex, and subsequently, the 43S complex"	"Formation of the ternary complex, and subsequently, the 43S complex"	"1/6"	"48/7644"	0.0371020143364745	0.104966713352719	0.0828684579100416	"RPS4Y1"	1
"Not.Correlated"	"Ribosomal scanning and start codon recognition"	"Ribosomal scanning and start codon recognition"	"1/6"	"55/7644"	0.0424155890818836	0.104966713352719	0.0828684579100416	"RPS4Y1"	1
"Not.Correlated"	"Translation initiation complex formation"	"Translation initiation complex formation"	"1/6"	"55/7644"	0.0424155890818836	0.104966713352719	0.0828684579100416	"RPS4Y1"	1
"Not.Correlated"	"Activation of the mRNA upon binding of the cap-binding complex and eIFs, and subsequent binding to 43S"	"Activation of the mRNA upon binding of the cap-binding complex and eIFs, and subsequent binding to 43S"	"1/6"	"56/7644"	0.0431726725534223	0.104966713352719	0.0828684579100416	"RPS4Y1"	1
"Not.Correlated"	"Opioid Signalling"	"Opioid Signalling"	"1/6"	"80/7644"	0.0611936188090448	0.104966713352719	0.0828684579100416	"PLCB4"	1
"Not.Correlated"	"Eukaryotic Translation Termination"	"Eukaryotic Translation Termination"	"1/6"	"84/7644"	0.0641694275558362	0.104966713352719	0.0828684579100416	"RPS4Y1"	1
"Not.Correlated"	"Peptide chain elongation"	"Peptide chain elongation"	"1/6"	"84/7644"	0.0641694275558362	0.104966713352719	0.0828684579100416	"RPS4Y1"	1
"Not.Correlated"	"Defective AHCY causes Hypermethioninemia with S-adenosylhomocysteine hydrolase deficiency (HMAHCHD)"	"Defective AHCY causes Hypermethioninemia with S-adenosylhomocysteine hydrolase deficiency (HMAHCHD)"	"1/6"	"89/7644"	0.0678781307012473	0.104966713352719	0.0828684579100416	"GSTM1"	1
"Not.Correlated"	"Defective GCLC causes Hemolytic anemia due to gamma-glutamylcysteine synthetase deficiency (HAGGSD)"	"Defective GCLC causes Hemolytic anemia due to gamma-glutamylcysteine synthetase deficiency (HAGGSD)"	"1/6"	"89/7644"	0.0678781307012473	0.104966713352719	0.0828684579100416	"GSTM1"	1
"Not.Correlated"	"Defective GGT1 causes Glutathionuria (GLUTH)"	"Defective GGT1 causes Glutathionuria (GLUTH)"	"1/6"	"89/7644"	0.0678781307012473	0.104966713352719	0.0828684579100416	"GSTM1"	1
"Not.Correlated"	"Defective GSS causes Glutathione synthetase deficiency (GSS deficiency)"	"Defective GSS causes Glutathione synthetase deficiency (GSS deficiency)"	"1/6"	"89/7644"	0.0678781307012473	0.104966713352719	0.0828684579100416	"GSTM1"	1
"Not.Correlated"	"Defective MAT1A causes Methionine adenosyltransferase deficiency (MATD)"	"Defective MAT1A causes Methionine adenosyltransferase deficiency (MATD)"	"1/6"	"89/7644"	0.0678781307012473	0.104966713352719	0.0828684579100416	"GSTM1"	1
"Not.Correlated"	"Defective OPLAH causes 5-oxoprolinase deficiency (OPLAHD)"	"Defective OPLAH causes 5-oxoprolinase deficiency (OPLAHD)"	"1/6"	"89/7644"	0.0678781307012473	0.104966713352719	0.0828684579100416	"GSTM1"	1
"Not.Correlated"	"Defective SLC35D1 causes Schneckenbecken dysplasia (SCHBCKD)"	"Defective SLC35D1 causes Schneckenbecken dysplasia (SCHBCKD)"	"1/6"	"89/7644"	0.0678781307012473	0.104966713352719	0.0828684579100416	"GSTM1"	1
"Not.Correlated"	"Defective TPMT causes Thiopurine S-methyltransferase deficiency (TPMT deficiency)"	"Defective TPMT causes Thiopurine S-methyltransferase deficiency (TPMT deficiency)"	"1/6"	"89/7644"	0.0678781307012473	0.104966713352719	0.0828684579100416	"GSTM1"	1
"Not.Correlated"	"Defective UGT1A1 causes hyperbilirubinemia"	"Defective UGT1A1 causes hyperbilirubinemia"	"1/6"	"89/7644"	0.0678781307012473	0.104966713352719	0.0828684579100416	"GSTM1"	1
"Not.Correlated"	"Defective UGT1A4 causes hyperbilirubinemia"	"Defective UGT1A4 causes hyperbilirubinemia"	"1/6"	"89/7644"	0.0678781307012473	0.104966713352719	0.0828684579100416	"GSTM1"	1
"Not.Correlated"	"Eukaryotic Translation Elongation"	"Eukaryotic Translation Elongation"	"1/6"	"89/7644"	0.0678781307012473	0.104966713352719	0.0828684579100416	"RPS4Y1"	1
"Not.Correlated"	"Nonsense Mediated Decay (NMD) independent of the Exon Junction Complex (EJC)"	"Nonsense Mediated Decay (NMD) independent of the Exon Junction Complex (EJC)"	"1/6"	"89/7644"	0.0678781307012473	0.104966713352719	0.0828684579100416	"RPS4Y1"	1
"Not.Correlated"	"Phase II conjugation"	"Phase II conjugation"	"1/6"	"89/7644"	0.0678781307012473	0.104966713352719	0.0828684579100416	"GSTM1"	1
"Not.Correlated"	"Diseases associated with visual transduction"	"Diseases associated with visual transduction"	"1/6"	"92/7644"	0.0700974675781532	0.104966713352719	0.0828684579100416	"LRAT"	1
"Not.Correlated"	"Viral mRNA Translation"	"Viral mRNA Translation"	"1/6"	"92/7644"	0.0700974675781532	0.104966713352719	0.0828684579100416	"RPS4Y1"	1
"Not.Correlated"	"Visual phototransduction"	"Visual phototransduction"	"1/6"	"92/7644"	0.0700974675781532	0.104966713352719	0.0828684579100416	"LRAT"	1
"Not.Correlated"	"Formation of a pool of free 40S subunits"	"Formation of a pool of free 40S subunits"	"1/6"	"94/7644"	0.071574577734595	0.104966713352719	0.0828684579100416	"RPS4Y1"	1
"Not.Correlated"	"L1CAM interactions"	"L1CAM interactions"	"1/6"	"97/7644"	0.0737865765116901	0.104966713352719	0.0828684579100416	"NRCAM"	1
"Not.Correlated"	"3' -UTR-mediated translational regulation"	"3' -UTR-mediated translational regulation"	"1/6"	"104/7644"	0.0789308330949372	0.104966713352719	0.0828684579100416	"RPS4Y1"	1
"Not.Correlated"	"L13a-mediated translational silencing of Ceruloplasmin expression"	"L13a-mediated translational silencing of Ceruloplasmin expression"	"1/6"	"104/7644"	0.0789308330949372	0.104966713352719	0.0828684579100416	"RPS4Y1"	1
"Not.Correlated"	"GTP hydrolysis and joining of the 60S ribosomal subunit"	"GTP hydrolysis and joining of the 60S ribosomal subunit"	"1/6"	"105/7644"	0.0796637793815993	0.104966713352719	0.0828684579100416	"RPS4Y1"	1
"Not.Correlated"	"Nonsense-Mediated Decay (NMD)"	"Nonsense-Mediated Decay (NMD)"	"1/6"	"106/7644"	0.0803962395651396	0.104966713352719	0.0828684579100416	"RPS4Y1"	1
"Not.Correlated"	"Nonsense Mediated Decay (NMD) enhanced by the Exon Junction Complex (EJC)"	"Nonsense Mediated Decay (NMD) enhanced by the Exon Junction Complex (EJC)"	"1/6"	"106/7644"	0.0803962395651396	0.104966713352719	0.0828684579100416	"RPS4Y1"	1
"Not.Correlated"	"SRP-dependent cotranslational protein targeting to membrane"	"SRP-dependent cotranslational protein targeting to membrane"	"1/6"	"109/7644"	0.0825907060759984	0.104966713352719	0.0828684579100416	"RPS4Y1"	1
"Not.Correlated"	"Cap-dependent Translation Initiation"	"Cap-dependent Translation Initiation"	"1/6"	"112/7644"	0.0847808069387349	0.104966713352719	0.0828684579100416	"RPS4Y1"	1
"Not.Correlated"	"Eukaryotic Translation Initiation"	"Eukaryotic Translation Initiation"	"1/6"	"112/7644"	0.0847808069387349	0.104966713352719	0.0828684579100416	"RPS4Y1"	1
"Not.Correlated"	"Influenza Viral RNA Transcription and Replication"	"Influenza Viral RNA Transcription and Replication"	"1/6"	"135/7644"	0.101427286280504	0.122656253176423	0.0968338840866497	"RPS4Y1"	1
"Not.Correlated"	"Influenza Life Cycle"	"Influenza Life Cycle"	"1/6"	"143/7644"	0.107157884819763	0.125166281794871	0.0988154856275301	"RPS4Y1"	1
"Not.Correlated"	"Influenza Infection"	"Influenza Infection"	"1/6"	"148/7644"	0.110724018510848	0.125166281794871	0.0988154856275301	"RPS4Y1"	1
"Not.Correlated"	"Translation"	"Translation"	"1/6"	"148/7644"	0.110724018510848	0.125166281794871	0.0988154856275301	"RPS4Y1"	1
"Not.Correlated"	"Biological oxidations"	"Biological oxidations"	"1/6"	"174/7644"	0.129077160388843	0.142808773196167	0.112743768312764	"GSTM1"	1
"Not.Correlated"	"G alpha (q) signalling events"	"G alpha (q) signalling events"	"1/6"	"189/7644"	0.139521149849363	0.15114791233681	0.119327299213271	"PLCB4"	1
"Not.Correlated"	"Chromatin modifying enzymes"	"Chromatin modifying enzymes"	"1/6"	"208/7644"	0.152600182360869	0.158704189655304	0.125292781306819	"KDM5D"	1
"Not.Correlated"	"Chromatin organization"	"Chromatin organization"	"1/6"	"208/7644"	0.152600182360869	0.158704189655304	0.125292781306819	"KDM5D"	1
"Not.Correlated"	"Gastrin-CREB signalling pathway via PKC and MAPK"	"Gastrin-CREB signalling pathway via PKC and MAPK"	"1/6"	"217/7644"	0.158737440594631	0.161849939429819	0.12777626797091	"PLCB4"	1
"Not.Correlated"	"Axon guidance"	"Axon guidance"	"1/6"	"327/7644"	0.230805527242579	0.230805527242579	0.182214889928352	"NRCAM"	1
