"Module"	"Gene1"	"Gene2"
"M1"	"BioGrid_Mouse"	"E2F8"
"M1"	"BioGrid_Mouse"	"LRRK2"
"M1"	"BioGrid_Mouse"	"SIX1"
"M1"	"BioGrid_Mouse"	"CFTR"
"M1"	"BioGrid_Mouse"	"DLL1"
"M1"	"BioGrid_Mouse"	"UCHL1"
"M1"	"BioGrid_Mouse"	"AR"
"M1"	"BioGrid_Mouse"	"EEF1A2"
"M1"	"BioGrid_Mouse"	"NCAM1"
"M1"	"BioGrid_Mouse"	"RBP1"
"M1"	"BioGrid_Mouse"	"WNT2"
"M1"	"BioGrid_Mouse"	"MAPK10"
"M1"	"BioGrid_Mouse"	"SNCAIP"
"M1"	"BioGrid_Mouse"	"CAV1"
"M1"	"BioGrid_Mouse"	"ZBTB16"
"M1"	"BioGrid_Mouse"	"CRMP1"
"M1"	"BioGrid_Mouse"	"EBF3"
"M1"	"BioGrid_Mouse"	"MAP2"
"M1"	"BioGrid_Mouse"	"KIT"
"M1"	"BioGrid_Mouse"	"TNFRSF19"
"M1"	"BioGrid_Mouse"	"OLIG1"
"M1"	"BioGrid_Mouse"	"MAPT"
"M1"	"BioGrid_Mouse"	"NEURL1"
"M1"	"BioGrid_Mouse"	"FZD7"
"M1"	"BioGrid_Mouse"	"SORBS1"
"M1"	"BioGrid_Mouse"	"SALL4"
"M1"	"BioGrid_Mouse"	"IDO1"
"M1"	"BioGrid_Mouse"	"SNCA"
"M1"	"BioGrid_Mouse"	"HAP1"
"M1"	"BioGrid_Mouse"	"L1CAM"
"M1"	"BioGrid_Mouse"	"VANGL2"
"M1"	"BioGrid_Mouse"	"PRKCQ"
"M1"	"BioGrid_Mouse"	"TRIB3"
"M1"	"BioGrid_Mouse"	"HOXC4"
"M1"	"BioGrid_Mouse"	"FGF2"
"M1"	"BioGrid_Mouse"	"RIMS1"
"M1"	"BioGrid_Mouse"	"LIN7A"
"M1"	"BioGrid_Mouse"	"PTGS2"
"M1"	"BioGrid_Mouse"	"NR4A1"
"M1"	"BioGrid_Mouse"	"VDR"
"M1"	"BioGrid_Mouse"	"MLXIPL"
"M1"	"BioGrid_Mouse"	"GATA2"
"M1"	"BioGrid_Mouse"	"DACH1"
"M1"	"BioGrid_Mouse"	"LEF1"
"M1"	"BioGrid_Mouse"	"ELAVL2"
"M1"	"BioGrid_Mouse"	"HOXA11"
"M1"	"BioGrid_Mouse"	"SFRP2"
"M1"	"BioGrid_Mouse"	"TBX15"
"M1"	"BioGrid_Mouse"	"TRPC6"
"M1"	"BioGrid_Mouse"	"WNT4"
"M1"	"BioGrid_Mouse"	"AGTR1"
"M1"	"BioGrid_Mouse"	"HCN2"
"M1"	"BioGrid_Mouse"	"IL1R1"
"M1"	"BioGrid_Mouse"	"SLC1A5"
"M1"	"BioGrid_Mouse"	"SOX9"
"M1"	"BioGrid_Mouse"	"LDLR"
"M1"	"BioGrid_Mouse"	"ITPR3"
"M1"	"BioGrid_Mouse"	"STAP1"
"M1"	"BioGrid_Mouse"	"SLIT2"
"M1"	"BioGrid_Mouse"	"ACVR1C"
"M1"	"BioGrid_Mouse"	"RIMS2"
"M1"	"BioGrid_Mouse"	"MAP1B"
"M1"	"BioGrid_Mouse"	"LAMA1"
"M1"	"BioGrid_Mouse"	"MLIP"
"M1"	"BioGrid_Mouse"	"KL"
"M1"	"BioGrid_Mouse"	"PLA2G4A"
"M1"	"BioGrid_Mouse"	"PRAG1"
"M1"	"BioGrid_Mouse"	"TMPRSS11E"
"M1"	"BioGrid_Mouse"	"EPHB3"
"M1"	"BioGrid_Mouse"	"PTPN13"
"M1"	"BioGrid_Mouse"	"CHRDL2"
"M1"	"BioGrid_Mouse"	"EPHB1"
"M1"	"BioGrid_Mouse"	"PGM5"
"M1"	"BioGrid_Mouse"	"DMRT2"
"M1"	"BioGrid_Mouse"	"WNT11"
"M1"	"BioGrid_Mouse"	"SYTL5"
"M1"	"BioGrid_Mouse"	"SLC6A4"
"M1"	"BioGrid_Mouse"	"SLC1A2"
"M1"	"BioGrid_Mouse"	"LHX9"
"M1"	"BioGrid_Mouse"	"ASCL4"
"M1"	"IntAct_Mouse"	"E2F8"
"M1"	"IntAct_Mouse"	"LRRK2"
"M1"	"IntAct_Mouse"	"CFTR"
"M1"	"IntAct_Mouse"	"DLL1"
"M1"	"IntAct_Mouse"	"CAMK2B"
"M1"	"IntAct_Mouse"	"UCHL1"
"M1"	"IntAct_Mouse"	"EEF1A2"
"M1"	"IntAct_Mouse"	"NCAM1"
"M1"	"IntAct_Mouse"	"CACNA2D1"
"M1"	"IntAct_Mouse"	"SPARCL1"
"M1"	"IntAct_Mouse"	"GFAP"
"M1"	"IntAct_Mouse"	"PLCG2"
"M1"	"IntAct_Mouse"	"SNCAIP"
"M1"	"IntAct_Mouse"	"CAV1"
"M1"	"IntAct_Mouse"	"BMPR1B"
"M1"	"IntAct_Mouse"	"PACSIN3"
"M1"	"IntAct_Mouse"	"MAP2"
"M1"	"IntAct_Mouse"	"HDAC9"
"M1"	"IntAct_Mouse"	"TNFRSF19"
"M1"	"IntAct_Mouse"	"GRM1"
"M1"	"IntAct_Mouse"	"MAPT"
"M1"	"IntAct_Mouse"	"NEURL1"
"M1"	"IntAct_Mouse"	"TGFA"
"M1"	"IntAct_Mouse"	"CDA"
"M1"	"IntAct_Mouse"	"CLNK"
"M1"	"IntAct_Mouse"	"FZD7"
"M1"	"IntAct_Mouse"	"PDZK1"
"M1"	"IntAct_Mouse"	"WNK4"
"M1"	"IntAct_Mouse"	"SALL4"
"M1"	"IntAct_Mouse"	"IDO1"
"M1"	"IntAct_Mouse"	"SNCA"
"M1"	"IntAct_Mouse"	"GLRB"
"M1"	"IntAct_Mouse"	"HAP1"
"M1"	"IntAct_Mouse"	"DACT1"
"M1"	"IntAct_Mouse"	"VANGL2"
"M1"	"IntAct_Mouse"	"RIMS1"
"M1"	"IntAct_Mouse"	"CLDN11"
"M1"	"IntAct_Mouse"	"ADRB1"
"M1"	"IntAct_Mouse"	"SLC2A1"
"M1"	"IntAct_Mouse"	"TNIK"
"M1"	"IntAct_Mouse"	"ITGB3"
"M1"	"IntAct_Mouse"	"PTGS2"
"M1"	"IntAct_Mouse"	"DAPK1"
"M1"	"IntAct_Mouse"	"RASD1"
"M1"	"IntAct_Mouse"	"VDR"
"M1"	"IntAct_Mouse"	"DACH1"
"M1"	"IntAct_Mouse"	"LEF1"
"M1"	"IntAct_Mouse"	"ACTC1"
"M1"	"IntAct_Mouse"	"PRKAR2B"
"M1"	"IntAct_Mouse"	"NR4A2"
"M1"	"IntAct_Mouse"	"SRCIN1"
"M1"	"IntAct_Mouse"	"AGTR1"
"M1"	"IntAct_Mouse"	"IL1R1"
"M1"	"IntAct_Mouse"	"CD22"
"M1"	"IntAct_Mouse"	"WHRN"
"M1"	"IntAct_Mouse"	"LDLR"
"M1"	"IntAct_Mouse"	"PCDH18"
"M1"	"IntAct_Mouse"	"SPAG17"
"M1"	"IntAct_Mouse"	"SLC1A1"
"M1"	"IntAct_Mouse"	"ITPR3"
"M1"	"IntAct_Mouse"	"MAP1B"
"M1"	"IntAct_Mouse"	"EFNA5"
"M1"	"IntAct_Mouse"	"LTBP2"
"M1"	"IntAct_Mouse"	"LAMA1"
"M1"	"IntAct_Mouse"	"C5AR2"
"M1"	"IntAct_Mouse"	"MLIP"
"M1"	"IntAct_Mouse"	"KL"
"M1"	"IntAct_Mouse"	"C11orf53"
"M1"	"IntAct_Mouse"	"SHCBP1"
"M1"	"IntAct_Mouse"	"BANK1"
"M1"	"IntAct_Mouse"	"PTPN13"
"M1"	"IntAct_Mouse"	"KNDC1"
"M1"	"IntAct_Mouse"	"MYO16"
"M1"	"IntAct_Mouse"	"CD274"
"M1"	"IntAct_Mouse"	"SGIP1"
"M1"	"IntAct_Mouse"	"CLGN"
"M1"	"IntAct_Mouse"	"SYT10"
"M1"	"IntAct_Mouse"	"IL17RE"
"M1"	"BioGrid"	"E2F8"
"M1"	"BioGrid"	"CCDC8"
"M1"	"BioGrid"	"LRRK2"
"M1"	"BioGrid"	"ADRB2"
"M1"	"BioGrid"	"CREB3L1"
"M1"	"BioGrid"	"MTUS2"
"M1"	"BioGrid"	"SIX1"
"M1"	"BioGrid"	"DAPK2"
"M1"	"BioGrid"	"CFTR"
"M1"	"BioGrid"	"KRT19"
"M1"	"BioGrid"	"DLL1"
"M1"	"BioGrid"	"CAMK2B"
"M1"	"BioGrid"	"UCHL1"
"M1"	"BioGrid"	"AR"
"M1"	"BioGrid"	"EEF1A2"
"M1"	"BioGrid"	"TUBB2B"
"M1"	"BioGrid"	"SPP1"
"M1"	"BioGrid"	"NCAM1"
"M1"	"BioGrid"	"CACNA2D1"
"M1"	"BioGrid"	"RBP1"
"M1"	"BioGrid"	"KIFC3"
"M1"	"BioGrid"	"GADD45G"
"M1"	"BioGrid"	"WNT2"
"M1"	"BioGrid"	"GFAP"
"M1"	"BioGrid"	"ABCB1"
"M1"	"BioGrid"	"PLCG2"
"M1"	"BioGrid"	"MAPK10"
"M1"	"BioGrid"	"DOC2A"
"M1"	"BioGrid"	"PTN"
"M1"	"BioGrid"	"GDA"
"M1"	"BioGrid"	"SNCAIP"
"M1"	"BioGrid"	"RAB27B"
"M1"	"BioGrid"	"CAV1"
"M1"	"BioGrid"	"MLPH"
"M1"	"BioGrid"	"CD36"
"M1"	"BioGrid"	"NOX4"
"M1"	"BioGrid"	"BMPR1B"
"M1"	"BioGrid"	"ZBTB16"
"M1"	"BioGrid"	"CRMP1"
"M1"	"BioGrid"	"CPLX1"
"M1"	"BioGrid"	"BMP2"
"M1"	"BioGrid"	"ATP2B2"
"M1"	"BioGrid"	"PACSIN3"
"M1"	"BioGrid"	"MAP2"
"M1"	"BioGrid"	"SPSB4"
"M1"	"BioGrid"	"HDAC9"
"M1"	"BioGrid"	"KIT"
"M1"	"BioGrid"	"OLIG1"
"M1"	"BioGrid"	"GRM1"
"M1"	"BioGrid"	"MAPT"
"M1"	"BioGrid"	"NEURL1"
"M1"	"BioGrid"	"FBLN1"
"M1"	"BioGrid"	"AMIGO2"
"M1"	"BioGrid"	"GPR37"
"M1"	"BioGrid"	"TGFA"
"M1"	"BioGrid"	"CDA"
"M1"	"BioGrid"	"SDC2"
"M1"	"BioGrid"	"RTN1"
"M1"	"BioGrid"	"SDCBP2"
"M1"	"BioGrid"	"CHN2"
"M1"	"BioGrid"	"DPP4"
"M1"	"BioGrid"	"FZD7"
"M1"	"BioGrid"	"DLG2"
"M1"	"BioGrid"	"PDZK1"
"M1"	"BioGrid"	"SORBS1"
"M1"	"BioGrid"	"WNK4"
"M1"	"BioGrid"	"IGF2BP2"
"M1"	"BioGrid"	"SALL4"
"M1"	"BioGrid"	"IDO1"
"M1"	"BioGrid"	"SNCA"
"M1"	"BioGrid"	"GLRB"
"M1"	"BioGrid"	"HAP1"
"M1"	"BioGrid"	"L1CAM"
"M1"	"BioGrid"	"CXXC4"
"M1"	"BioGrid"	"DACT1"
"M1"	"BioGrid"	"STON2"
"M1"	"BioGrid"	"CD9"
"M1"	"BioGrid"	"TSPAN10"
"M1"	"BioGrid"	"PRKCQ"
"M1"	"BioGrid"	"TRIB3"
"M1"	"BioGrid"	"HOXC4"
"M1"	"BioGrid"	"ATP6V1B1"
"M1"	"BioGrid"	"KCNJ1"
"M1"	"BioGrid"	"PTH1R"
"M1"	"BioGrid"	"DGCR6"
"M1"	"BioGrid"	"PHGDH"
"M1"	"BioGrid"	"FGF1"
"M1"	"BioGrid"	"FGF2"
"M1"	"BioGrid"	"FGF7"
"M1"	"BioGrid"	"TNFRSF11B"
"M1"	"BioGrid"	"HS3ST1"
"M1"	"BioGrid"	"ADRB1"
"M1"	"BioGrid"	"SLC2A1"
"M1"	"BioGrid"	"MPP2"
"M1"	"BioGrid"	"TNIK"
"M1"	"BioGrid"	"ITGB3"
"M1"	"BioGrid"	"LIN7A"
"M1"	"BioGrid"	"PTGS2"
"M1"	"BioGrid"	"NRXN3"
"M1"	"BioGrid"	"ALDOC"
"M1"	"BioGrid"	"MYH11"
"M1"	"BioGrid"	"DAPK1"
"M1"	"BioGrid"	"MOXD1"
"M1"	"BioGrid"	"ANGPTL4"
"M1"	"BioGrid"	"NR4A1"
"M1"	"BioGrid"	"ANK2"
"M1"	"BioGrid"	"MYH14"
"M1"	"BioGrid"	"EGLN3"
"M1"	"BioGrid"	"TBX3"
"M1"	"BioGrid"	"CA8"
"M1"	"BioGrid"	"ASS1"
"M1"	"BioGrid"	"QPRT"
"M1"	"BioGrid"	"GABRD"
"M1"	"BioGrid"	"RASD1"
"M1"	"BioGrid"	"CYP11A1"
"M1"	"BioGrid"	"VDR"
"M1"	"BioGrid"	"TFAP2C"
"M1"	"BioGrid"	"SPINK7"
"M1"	"BioGrid"	"MLXIPL"
"M1"	"BioGrid"	"KYNU"
"M1"	"BioGrid"	"PLEK2"
"M1"	"BioGrid"	"GATA2"
"M1"	"BioGrid"	"DACH1"
"M1"	"BioGrid"	"LEF1"
"M1"	"BioGrid"	"DUSP4"
"M1"	"BioGrid"	"ENTPD2"
"M1"	"BioGrid"	"FOXP2"
"M1"	"BioGrid"	"CYTIP"
"M1"	"BioGrid"	"ACTC1"
"M1"	"BioGrid"	"ELAVL2"
"M1"	"BioGrid"	"TUBB3"
"M1"	"BioGrid"	"CCBE1"
"M1"	"BioGrid"	"GP6"
"M1"	"BioGrid"	"EDARADD"
"M1"	"BioGrid"	"MEIS1"
"M1"	"BioGrid"	"PRKAR2B"
"M1"	"BioGrid"	"HOXA11"
"M1"	"BioGrid"	"PAH"
"M1"	"BioGrid"	"SFRP2"
"M1"	"BioGrid"	"DYNLT3"
"M1"	"BioGrid"	"TBX15"
"M1"	"BioGrid"	"CSGALNACT1"
"M1"	"BioGrid"	"RARRES3"
"M1"	"BioGrid"	"ALDH2"
"M1"	"BioGrid"	"STK26"
"M1"	"BioGrid"	"ADTRP"
"M1"	"BioGrid"	"RIMS3"
"M1"	"BioGrid"	"PLLP"
"M1"	"BioGrid"	"NR4A2"
"M1"	"BioGrid"	"CCL21"
"M1"	"BioGrid"	"STEAP3"
"M1"	"BioGrid"	"TMEM37"
"M1"	"BioGrid"	"MEST"
"M1"	"BioGrid"	"TRPC6"
"M1"	"BioGrid"	"C6"
"M1"	"BioGrid"	"SRCIN1"
"M1"	"BioGrid"	"SNCG"
"M1"	"BioGrid"	"WNT4"
"M1"	"BioGrid"	"AGTR1"
"M1"	"BioGrid"	"CDH3"
"M1"	"BioGrid"	"CKMT1A"
"M1"	"BioGrid"	"HCN2"
"M1"	"BioGrid"	"IL1R1"
"M1"	"BioGrid"	"RHOD"
"M1"	"BioGrid"	"CD22"
"M1"	"BioGrid"	"PTPRS"
"M1"	"BioGrid"	"TCF7"
"M1"	"BioGrid"	"SLC1A5"
"M1"	"BioGrid"	"KCNH2"
"M1"	"BioGrid"	"IGF1"
"M1"	"BioGrid"	"SOX9"
"M1"	"BioGrid"	"MAFA"
"M1"	"BioGrid"	"GPSM2"
"M1"	"BioGrid"	"LDLR"
"M1"	"BioGrid"	"THRSP"
"M1"	"BioGrid"	"RPP25"
"M1"	"BioGrid"	"NCS1"
"M1"	"BioGrid"	"SLC1A1"
"M1"	"BioGrid"	"FABP4"
"M1"	"BioGrid"	"ITPR3"
"M1"	"BioGrid"	"STAP1"
"M1"	"BioGrid"	"SLIT2"
"M1"	"BioGrid"	"ATP6V0D2"
"M1"	"BioGrid"	"MAP1B"
"M1"	"BioGrid"	"IL18"
"M1"	"BioGrid"	"GPSM1"
"M1"	"BioGrid"	"ASB9"
"M1"	"BioGrid"	"SERPINF2"
"M1"	"BioGrid"	"NCALD"
"M1"	"BioGrid"	"FAT3"
"M1"	"BioGrid"	"EFNA5"
"M1"	"BioGrid"	"RGS16"
"M1"	"BioGrid"	"CD82"
"M1"	"BioGrid"	"NRG1"
"M1"	"BioGrid"	"F5"
"M1"	"BioGrid"	"LAMC3"
"M1"	"BioGrid"	"IGF2"
"M1"	"BioGrid"	"LAMA1"
"M1"	"BioGrid"	"REN"
"M1"	"BioGrid"	"PDZD2"
"M1"	"BioGrid"	"TRO"
"M1"	"BioGrid"	"SCD"
"M1"	"BioGrid"	"PLCE1"
"M1"	"BioGrid"	"RGL4"
"M1"	"BioGrid"	"GSTM3"
"M1"	"BioGrid"	"TG"
"M1"	"BioGrid"	"GPC3"
"M1"	"BioGrid"	"RAB3B"
"M1"	"BioGrid"	"MARCH1"
"M1"	"BioGrid"	"MAG"
"M1"	"BioGrid"	"ASB5"
"M1"	"BioGrid"	"ADAM2"
"M1"	"BioGrid"	"STAC"
"M1"	"BioGrid"	"ITGA7"
"M1"	"BioGrid"	"SLC4A1"
"M1"	"BioGrid"	"PMAIP1"
"M1"	"BioGrid"	"PPM1E"
"M1"	"BioGrid"	"IER3"
"M1"	"BioGrid"	"S100A2"
"M1"	"BioGrid"	"DHRS2"
"M1"	"BioGrid"	"TXK"
"M1"	"BioGrid"	"PLA2G4A"
"M1"	"BioGrid"	"NHS"
"M1"	"BioGrid"	"RGS4"
"M1"	"BioGrid"	"PRAG1"
"M1"	"BioGrid"	"GAS2"
"M1"	"BioGrid"	"MB"
"M1"	"BioGrid"	"ETV4"
"M1"	"BioGrid"	"FGF12"
"M1"	"BioGrid"	"FOXI1"
"M1"	"BioGrid"	"TAF7L"
"M1"	"BioGrid"	"TMEM255A"
"M1"	"BioGrid"	"COLEC12"
"M1"	"BioGrid"	"PNMA8A"
"M1"	"BioGrid"	"C11orf53"
"M1"	"BioGrid"	"L3MBTL4"
"M1"	"BioGrid"	"MARCH10"
"M1"	"BioGrid"	"FAM184A"
"M1"	"BioGrid"	"SH3RF2"
"M1"	"BioGrid"	"ACSBG1"
"M1"	"BioGrid"	"SUSD3"
"M1"	"BioGrid"	"PACRG"
"M1"	"BioGrid"	"SYT17"
"M1"	"BioGrid"	"SPX"
"M1"	"BioGrid"	"VAT1L"
"M1"	"BioGrid"	"DCDC2"
"M1"	"BioGrid"	"STRIP2"
"M1"	"BioGrid"	"SHCBP1"
"M1"	"BioGrid"	"EPHB3"
"M1"	"BioGrid"	"AZGP1"
"M1"	"BioGrid"	"C9"
"M1"	"BioGrid"	"CELSR1"
"M1"	"BioGrid"	"BANK1"
"M1"	"BioGrid"	"SLC5A1"
"M1"	"BioGrid"	"PTPN13"
"M1"	"BioGrid"	"ADCYAP1"
"M1"	"BioGrid"	"CHRDL2"
"M1"	"BioGrid"	"DNTT"
"M1"	"BioGrid"	"CCDC68"
"M1"	"BioGrid"	"ANOS1"
"M1"	"BioGrid"	"GSTM1"
"M1"	"BioGrid"	"GSTM2"
"M1"	"BioGrid"	"EPHB1"
"M1"	"BioGrid"	"RUNDC3A"
"M1"	"BioGrid"	"FAM13C"
"M1"	"BioGrid"	"STXBP5L"
"M1"	"BioGrid"	"HRK"
"M1"	"BioGrid"	"PGM5"
"M1"	"BioGrid"	"CCNO"
"M1"	"BioGrid"	"NEBL"
"M1"	"BioGrid"	"AKAP2"
"M1"	"BioGrid"	"GPRC5A"
"M1"	"BioGrid"	"CKMT2"
"M1"	"BioGrid"	"WNT11"
"M1"	"BioGrid"	"MYRIP"
"M1"	"BioGrid"	"GNG11"
"M1"	"BioGrid"	"RASD2"
"M1"	"BioGrid"	"ABI3BP"
"M1"	"BioGrid"	"NPAS3"
"M1"	"BioGrid"	"SLC7A8"
"M1"	"BioGrid"	"TRIM7"
"M1"	"BioGrid"	"CTTNBP2"
"M1"	"BioGrid"	"TRPC3"
"M1"	"BioGrid"	"TNNC2"
"M1"	"BioGrid"	"TESC"
"M1"	"BioGrid"	"SYTL5"
"M1"	"BioGrid"	"RYR3"
"M1"	"BioGrid"	"EVA1A"
"M1"	"BioGrid"	"SV2B"
"M1"	"BioGrid"	"MTHFD2"
"M1"	"BioGrid"	"MAOB"
"M1"	"BioGrid"	"AKR1C1"
"M1"	"BioGrid"	"ZFP57"
"M1"	"BioGrid"	"CRLF1"
"M1"	"BioGrid"	"SLC6A4"
"M1"	"BioGrid"	"SLC1A2"
"M1"	"BioGrid"	"ALCAM"
"M1"	"BioGrid"	"SEPT3"
"M1"	"BioGrid"	"ATRNL1"
"M1"	"BioGrid"	"CD274"
"M1"	"BioGrid"	"FAT1"
"M1"	"BioGrid"	"STAC2"
"M1"	"BioGrid"	"PRMT8"
"M1"	"BioGrid"	"DGKI"
"M1"	"BioGrid"	"CYP3A5"
"M1"	"BioGrid"	"SGIP1"
"M1"	"BioGrid"	"PLPP2"
"M1"	"BioGrid"	"CARMIL1"
"M1"	"BioGrid"	"MPPED2"
"M1"	"BioGrid"	"SMOC1"
"M1"	"BioGrid"	"PLCB4"
"M1"	"BioGrid"	"CLGN"
"M1"	"BioGrid"	"PLAG1"
"M1"	"BioGrid"	"AKR1C2"
"M1"	"BioGrid"	"SLC6A20"
"M1"	"BioGrid"	"RNF175"
"M1"	"BioGrid"	"LYVE1"
"M1"	"BioGrid"	"CCNJL"
"M1"	"BioGrid"	"MAB21L3"
"M1"	"BioGrid"	"SARDH"
"M1"	"BioGrid"	"PDZRN3"
"M1"	"BioGrid"	"FBXO17"
"M1"	"BioGrid"	"G0S2"
"M1"	"BioGrid"	"NLGN4X"
"M1"	"BioGrid"	"RELN"
"M1"	"BioGrid"	"RSPO3"
"M1"	"BioGrid"	"EIF5A2"
"M1"	"BioGrid"	"LHX9"
"M1"	"BioGrid"	"UNC80"
"M1"	"BioGrid"	"SYT10"
"M1"	"BioGrid"	"GAREM2"
"M1"	"BioGrid"	"GDPD5"
"M1"	"BioGrid"	"THSD7B"
"M1"	"BioGrid"	"RANBP17"
"M1"	"BioGrid"	"CRTAC1"
"M1"	"BioGrid"	"ARSJ"
"M1"	"BioGrid"	"LBH"
"M1"	"BioGrid"	"NDRG4"
"M1"	"BioGrid"	"ABO"
"M1"	"BioGrid"	"NINJ2"
"M1"	"BioGrid"	"DEPDC1B"
"M1"	"BioGrid"	"LRRN2"
"M1"	"BioGrid"	"LIPG"
"M1"	"BioGrid"	"MOCOS"
"M1"	"BioGrid"	"CYSLTR2"
"M1"	"BioGrid"	"CPNE8"
"M1"	"BioGrid"	"MTCL1"
"M1"	"IntAct"	"E2F8"
"M1"	"IntAct"	"LRRK2"
"M1"	"IntAct"	"ADRB2"
"M1"	"IntAct"	"CREB3L1"
"M1"	"IntAct"	"MTUS2"
"M1"	"IntAct"	"RASSF9"
"M1"	"IntAct"	"SIX1"
"M1"	"IntAct"	"DAPK2"
"M1"	"IntAct"	"CFTR"
"M1"	"IntAct"	"KRT19"
"M1"	"IntAct"	"CAMK2B"
"M1"	"IntAct"	"UCHL1"
"M1"	"IntAct"	"AR"
"M1"	"IntAct"	"EEF1A2"
"M1"	"IntAct"	"TUBB2B"
"M1"	"IntAct"	"SPP1"
"M1"	"IntAct"	"SPARCL1"
"M1"	"IntAct"	"KIFC3"
"M1"	"IntAct"	"GADD45G"
"M1"	"IntAct"	"PIP"
"M1"	"IntAct"	"GFAP"
"M1"	"IntAct"	"ABCB1"
"M1"	"IntAct"	"PLCG2"
"M1"	"IntAct"	"MAPK10"
"M1"	"IntAct"	"PTN"
"M1"	"IntAct"	"FBN3"
"M1"	"IntAct"	"GDA"
"M1"	"IntAct"	"SNCAIP"
"M1"	"IntAct"	"RAB27B"
"M1"	"IntAct"	"CAV1"
"M1"	"IntAct"	"MLPH"
"M1"	"IntAct"	"CD36"
"M1"	"IntAct"	"BMPR1B"
"M1"	"IntAct"	"ZBTB16"
"M1"	"IntAct"	"CRMP1"
"M1"	"IntAct"	"CPLX1"
"M1"	"IntAct"	"BMP2"
"M1"	"IntAct"	"EBF3"
"M1"	"IntAct"	"ATP2B2"
"M1"	"IntAct"	"PACSIN3"
"M1"	"IntAct"	"ATP1A3"
"M1"	"IntAct"	"MAP2"
"M1"	"IntAct"	"SPSB4"
"M1"	"IntAct"	"HDAC9"
"M1"	"IntAct"	"KIT"
"M1"	"IntAct"	"TNFRSF19"
"M1"	"IntAct"	"OLIG1"
"M1"	"IntAct"	"GRM1"
"M1"	"IntAct"	"MAPT"
"M1"	"IntAct"	"NEURL1"
"M1"	"IntAct"	"CNKSR3"
"M1"	"IntAct"	"FBLN1"
"M1"	"IntAct"	"TGFA"
"M1"	"IntAct"	"CDA"
"M1"	"IntAct"	"SDC2"
"M1"	"IntAct"	"SDCBP2"
"M1"	"IntAct"	"CHN2"
"M1"	"IntAct"	"DPP4"
"M1"	"IntAct"	"CLNK"
"M1"	"IntAct"	"DLG2"
"M1"	"IntAct"	"SORBS1"
"M1"	"IntAct"	"IDO1"
"M1"	"IntAct"	"SNCA"
"M1"	"IntAct"	"HAP1"
"M1"	"IntAct"	"TUSC3"
"M1"	"IntAct"	"ARHGEF19"
"M1"	"IntAct"	"DACT1"
"M1"	"IntAct"	"VANGL2"
"M1"	"IntAct"	"BAMBI"
"M1"	"IntAct"	"STON2"
"M1"	"IntAct"	"CD9"
"M1"	"IntAct"	"PRKCQ"
"M1"	"IntAct"	"TRIB3"
"M1"	"IntAct"	"HOXC4"
"M1"	"IntAct"	"ATP6V1B1"
"M1"	"IntAct"	"PTH1R"
"M1"	"IntAct"	"PHGDH"
"M1"	"IntAct"	"FGF1"
"M1"	"IntAct"	"FGF2"
"M1"	"IntAct"	"FGF7"
"M1"	"IntAct"	"RIMS1"
"M1"	"IntAct"	"ADRB1"
"M1"	"IntAct"	"SLC2A1"
"M1"	"IntAct"	"MPP2"
"M1"	"IntAct"	"TNIK"
"M1"	"IntAct"	"ITGB3"
"M1"	"IntAct"	"LIN7A"
"M1"	"IntAct"	"ALDOC"
"M1"	"IntAct"	"MYH11"
"M1"	"IntAct"	"DAPK1"
"M1"	"IntAct"	"MOXD1"
"M1"	"IntAct"	"ANGPTL4"
"M1"	"IntAct"	"NR4A1"
"M1"	"IntAct"	"ANK2"
"M1"	"IntAct"	"MYH14"
"M1"	"IntAct"	"EGLN3"
"M1"	"IntAct"	"TBX3"
"M1"	"IntAct"	"CA8"
"M1"	"IntAct"	"ASS1"
"M1"	"IntAct"	"GABRD"
"M1"	"IntAct"	"RASD1"
"M1"	"IntAct"	"CYP11A1"
"M1"	"IntAct"	"SVEP1"
"M1"	"IntAct"	"EVC2"
"M1"	"IntAct"	"VDR"
"M1"	"IntAct"	"TFAP2C"
"M1"	"IntAct"	"SPINK7"
"M1"	"IntAct"	"ITIH5"
"M1"	"IntAct"	"GATA2"
"M1"	"IntAct"	"DACH1"
"M1"	"IntAct"	"LEF1"
"M1"	"IntAct"	"DUSP4"
"M1"	"IntAct"	"FOXP2"
"M1"	"IntAct"	"ACTC1"
"M1"	"IntAct"	"TUBB3"
"M1"	"IntAct"	"CCBE1"
"M1"	"IntAct"	"GP6"
"M1"	"IntAct"	"EDARADD"
"M1"	"IntAct"	"MEIS1"
"M1"	"IntAct"	"PRKAR2B"
"M1"	"IntAct"	"HOXA11"
"M1"	"IntAct"	"SFRP2"
"M1"	"IntAct"	"DYNLT3"
"M1"	"IntAct"	"TBX15"
"M1"	"IntAct"	"ALDH2"
"M1"	"IntAct"	"STK26"
"M1"	"IntAct"	"TSPAN7"
"M1"	"IntAct"	"ADTRP"
"M1"	"IntAct"	"SLC19A3"
"M1"	"IntAct"	"RIMS3"
"M1"	"IntAct"	"NR4A2"
"M1"	"IntAct"	"CCL21"
"M1"	"IntAct"	"STEAP3"
"M1"	"IntAct"	"TMEM37"
"M1"	"IntAct"	"MEST"
"M1"	"IntAct"	"TRPC6"
"M1"	"IntAct"	"SRCIN1"
"M1"	"IntAct"	"SNCG"
"M1"	"IntAct"	"TMOD1"
"M1"	"IntAct"	"WNT4"
"M1"	"IntAct"	"CKMT1A"
"M1"	"IntAct"	"MXRA5"
"M1"	"IntAct"	"HCN2"
"M1"	"IntAct"	"IL1R1"
"M1"	"IntAct"	"RHOD"
"M1"	"IntAct"	"CD22"
"M1"	"IntAct"	"FAM20C"
"M1"	"IntAct"	"SNTB1"
"M1"	"IntAct"	"PAPLN"
"M1"	"IntAct"	"WHRN"
"M1"	"IntAct"	"PTPRS"
"M1"	"IntAct"	"TCF7"
"M1"	"IntAct"	"SLC1A5"
"M1"	"IntAct"	"KCNH2"
"M1"	"IntAct"	"SDK1"
"M1"	"IntAct"	"IGF1"
"M1"	"IntAct"	"GPSM2"
"M1"	"IntAct"	"LDLR"
"M1"	"IntAct"	"THRSP"
"M1"	"IntAct"	"RPP25"
"M1"	"IntAct"	"NCS1"
"M1"	"IntAct"	"SLC1A1"
"M1"	"IntAct"	"FABP4"
"M1"	"IntAct"	"ITPR3"
"M1"	"IntAct"	"STAP1"
"M1"	"IntAct"	"SLIT2"
"M1"	"IntAct"	"GCNT1"
"M1"	"IntAct"	"ATP6V0D2"
"M1"	"IntAct"	"STARD9"
"M1"	"IntAct"	"ZNF334"
"M1"	"IntAct"	"ACVR1C"
"M1"	"IntAct"	"RIMS2"
"M1"	"IntAct"	"MAP1B"
"M1"	"IntAct"	"GPSM1"
"M1"	"IntAct"	"BAALC"
"M1"	"IntAct"	"ASB9"
"M1"	"IntAct"	"SERPINF2"
"M1"	"IntAct"	"NCALD"
"M1"	"IntAct"	"NCKAP5"
"M1"	"IntAct"	"EFNA5"
"M1"	"IntAct"	"DOCK3"
"M1"	"IntAct"	"DUSP15"
"M1"	"IntAct"	"CD82"
"M1"	"IntAct"	"NRG1"
"M1"	"IntAct"	"LAMC3"
"M1"	"IntAct"	"IGF2"
"M1"	"IntAct"	"REN"
"M1"	"IntAct"	"PDZD2"
"M1"	"IntAct"	"TRO"
"M1"	"IntAct"	"SCD"
"M1"	"IntAct"	"PLCE1"
"M1"	"IntAct"	"GSTM3"
"M1"	"IntAct"	"CALCA"
"M1"	"IntAct"	"COCH"
"M1"	"IntAct"	"MLIP"
"M1"	"IntAct"	"STAC"
"M1"	"IntAct"	"ITGA7"
"M1"	"IntAct"	"SLC4A1"
"M1"	"IntAct"	"COL4A5"
"M1"	"IntAct"	"PMAIP1"
"M1"	"IntAct"	"PPM1E"
"M1"	"IntAct"	"IER3"
"M1"	"IntAct"	"S100A2"
"M1"	"IntAct"	"DHRS2"
"M1"	"IntAct"	"TXK"
"M1"	"IntAct"	"PLA2G4A"
"M1"	"IntAct"	"PRAG1"
"M1"	"IntAct"	"MUC20"
"M1"	"IntAct"	"ETV4"
"M1"	"IntAct"	"FGF12"
"M1"	"IntAct"	"TAF7L"
"M1"	"IntAct"	"L3MBTL4"
"M1"	"IntAct"	"MARCH10"
"M1"	"IntAct"	"FAM184A"
"M1"	"IntAct"	"SH3RF2"
"M1"	"IntAct"	"ACSBG1"
"M1"	"IntAct"	"SYT17"
"M1"	"IntAct"	"VAT1L"
"M1"	"IntAct"	"SHCBP1"
"M1"	"IntAct"	"EPHB3"
"M1"	"IntAct"	"AZGP1"
"M1"	"IntAct"	"MFHAS1"
"M1"	"IntAct"	"PTPN13"
"M1"	"IntAct"	"ADCYAP1"
"M1"	"IntAct"	"ANGPT1"
"M1"	"IntAct"	"DNTT"
"M1"	"IntAct"	"CCDC68"
"M1"	"IntAct"	"ANOS1"
"M1"	"IntAct"	"EPHB1"
"M1"	"IntAct"	"RUNDC3A"
"M1"	"IntAct"	"FAM13C"
"M1"	"IntAct"	"TM7SF2"
"M1"	"IntAct"	"HRK"
"M1"	"IntAct"	"CCNO"
"M1"	"IntAct"	"NEBL"
"M1"	"IntAct"	"AKAP2"
"M1"	"IntAct"	"NACAD"
"M1"	"IntAct"	"FAM171A1"
"M1"	"IntAct"	"CKMT2"
"M1"	"IntAct"	"WNT11"
"M1"	"IntAct"	"MYRIP"
"M1"	"IntAct"	"GNG11"
"M1"	"IntAct"	"ABI3BP"
"M1"	"IntAct"	"PFKFB3"
"M1"	"IntAct"	"TBC1D14"
"M1"	"IntAct"	"SNX10"
"M1"	"IntAct"	"PKIA"
"M1"	"IntAct"	"TRIM7"
"M1"	"IntAct"	"CTTNBP2"
"M1"	"IntAct"	"TESPA1"
"M1"	"IntAct"	"TRPC3"
"M1"	"IntAct"	"TNNC2"
"M1"	"IntAct"	"TESC"
"M1"	"IntAct"	"TMEM108"
"M1"	"IntAct"	"RYR3"
"M1"	"IntAct"	"EVA1A"
"M1"	"IntAct"	"PKIB"
"M1"	"IntAct"	"MTHFD2"
"M1"	"IntAct"	"MAOB"
"M1"	"IntAct"	"AKR1C1"
"M1"	"IntAct"	"MYO16"
"M1"	"IntAct"	"SLC1A2"
"M1"	"IntAct"	"ERP27"
"M1"	"IntAct"	"ALCAM"
"M1"	"IntAct"	"SERTAD4"
"M1"	"IntAct"	"SEPT3"
"M1"	"IntAct"	"PDE3B"
"M1"	"IntAct"	"FAT1"
"M1"	"IntAct"	"RCOR2"
"M1"	"IntAct"	"STAC2"
"M1"	"IntAct"	"PRMT8"
"M1"	"IntAct"	"DGKI"
"M1"	"IntAct"	"CYP3A5"
"M1"	"IntAct"	"PDE10A"
"M1"	"IntAct"	"PLPP2"
"M1"	"IntAct"	"MPPED2"
"M1"	"IntAct"	"SYTL2"
"M1"	"IntAct"	"CNTN4"
"M1"	"IntAct"	"PLAG1"
"M1"	"IntAct"	"RNF175"
"M1"	"IntAct"	"CCNJL"
"M1"	"IntAct"	"MAB21L3"
"M1"	"IntAct"	"CSRNP3"
"M1"	"IntAct"	"PLCL2"
"M1"	"IntAct"	"DDIT4L"
"M1"	"IntAct"	"FGF14"
"M1"	"IntAct"	"LOXHD1"
"M1"	"IntAct"	"IYD"
"M1"	"IntAct"	"C16orf74"
"M1"	"IntAct"	"ITIH3"
"M1"	"IntAct"	"TENM3"
"M1"	"IntAct"	"CPVL"
"M1"	"IntAct"	"RSPO3"
"M1"	"IntAct"	"EIF5A2"
"M1"	"IntAct"	"ATP8B4"
"M1"	"IntAct"	"ASCL4"
"M1"	"IntAct"	"SHISA3"
"M1"	"IntAct"	"ARSJ"
"M1"	"IntAct"	"ST8SIA5"
"M1"	"IntAct"	"LBH"
"M1"	"IntAct"	"LRRC4"
"M1"	"IntAct"	"IL17RE"
"M1"	"IntAct"	"ABO"
"M1"	"IntAct"	"MCF2L2"
"M1"	"IntAct"	"FLRT3"
"M1"	"IntAct"	"NINJ2"
"M1"	"IntAct"	"DEPDC1B"
"M1"	"IntAct"	"LIPG"
"M1"	"IntAct"	"FRMPD4"
"M1"	"IntAct"	"CEND1"
"M1"	"IntAct"	"EPDR1"
"M1"	"IntAct"	"MOCOS"
"M1"	"IntAct"	"CYP1B1"
"M1"	"IntAct"	"LRP3"
"M1"	"IntAct"	"CYSLTR2"
"M1"	"IntAct"	"TMC5"
"M1"	"INNATEDB"	"ADRB2"
"M1"	"INNATEDB"	"SIX1"
"M1"	"INNATEDB"	"CFTR"
"M1"	"INNATEDB"	"CAMK2B"
"M1"	"INNATEDB"	"AR"
"M1"	"INNATEDB"	"GADD45G"
"M1"	"INNATEDB"	"ABCB1"
"M1"	"INNATEDB"	"PLCG2"
"M1"	"INNATEDB"	"MAPK10"
"M1"	"INNATEDB"	"PTN"
"M1"	"INNATEDB"	"SNCAIP"
"M1"	"INNATEDB"	"CAV1"
"M1"	"INNATEDB"	"CD36"
"M1"	"INNATEDB"	"NOX4"
"M1"	"INNATEDB"	"BMPR1B"
"M1"	"INNATEDB"	"ZBTB16"
"M1"	"INNATEDB"	"CRMP1"
"M1"	"INNATEDB"	"BMP2"
"M1"	"INNATEDB"	"ATP2B2"
"M1"	"INNATEDB"	"HDAC9"
"M1"	"INNATEDB"	"KIT"
"M1"	"INNATEDB"	"MAPT"
"M1"	"INNATEDB"	"AMIGO2"
"M1"	"INNATEDB"	"TGFA"
"M1"	"INNATEDB"	"SDC2"
"M1"	"INNATEDB"	"DPP4"
"M1"	"INNATEDB"	"DLG2"
"M1"	"INNATEDB"	"IDO1"
"M1"	"INNATEDB"	"SNCA"
"M1"	"INNATEDB"	"CD9"
"M1"	"INNATEDB"	"PRKCQ"
"M1"	"INNATEDB"	"TRIB3"
"M1"	"INNATEDB"	"DGCR6"
"M1"	"INNATEDB"	"FGF2"
"M1"	"INNATEDB"	"ADRB1"
"M1"	"INNATEDB"	"TNIK"
"M1"	"INNATEDB"	"PTGS2"
"M1"	"INNATEDB"	"AQP3"
"M1"	"INNATEDB"	"NR4A1"
"M1"	"INNATEDB"	"ANK2"
"M1"	"INNATEDB"	"EGLN3"
"M1"	"INNATEDB"	"VDR"
"M1"	"INNATEDB"	"GATA2"
"M1"	"INNATEDB"	"LEF1"
"M1"	"INNATEDB"	"DUSP4"
"M1"	"INNATEDB"	"CYTIP"
"M1"	"INNATEDB"	"MEIS1"
"M1"	"INNATEDB"	"RARRES3"
"M1"	"INNATEDB"	"NR4A2"
"M1"	"INNATEDB"	"TMEM37"
"M1"	"INNATEDB"	"AGTR1"
"M1"	"INNATEDB"	"CDH3"
"M1"	"INNATEDB"	"IL1R1"
"M1"	"INNATEDB"	"CD22"
"M1"	"INNATEDB"	"TCF7"
"M1"	"INNATEDB"	"SLC1A5"
"M1"	"INNATEDB"	"KCNH2"
"M1"	"INNATEDB"	"LDLR"
"M1"	"INNATEDB"	"STAP1"
"M1"	"INNATEDB"	"CYP3A7"
"M1"	"INNATEDB"	"MAP1B"
"M1"	"INNATEDB"	"IL18"
"M1"	"INNATEDB"	"GPSM1"
"M1"	"INNATEDB"	"BAALC"
"M1"	"INNATEDB"	"CD82"
"M1"	"INNATEDB"	"REN"
"M1"	"INNATEDB"	"PDZD2"
"M1"	"INNATEDB"	"PLCE1"
"M1"	"INNATEDB"	"ITGA7"
"M1"	"INNATEDB"	"PMAIP1"
"M1"	"INNATEDB"	"PLA2G4A"
"M1"	"INNATEDB"	"SPINK5"
"M1"	"INNATEDB"	"RARRES2"
"M1"	"INNATEDB"	"BANK1"
"M1"	"INNATEDB"	"PTPN13"
"M1"	"INNATEDB"	"MYRIP"
"M1"	"INNATEDB"	"PFKFB3"
"M1"	"INNATEDB"	"PDE6B"
"M1"	"INNATEDB"	"TESC"
"M1"	"INNATEDB"	"ALCAM"
"M1"	"INNATEDB"	"PDE3B"
"M1"	"INNATEDB"	"CDH12"
"M1"	"INNATEDB"	"CNTNAP5"
"M1"	"INNATEDB"	"RTP4"
"M1"	"INNATEDB"	"RELN"
"M1"	"INNATEDB"	"KCNJ15"
"M1"	"INNATEDB"	"CCRL2"
"M1"	"INNATEDB"	"PRDM5"
"M1"	"BioGrid_Fly"	"SIX1"
"M1"	"BioGrid_Fly"	"DLL1"
"M1"	"BioGrid_Fly"	"EEF1A2"
"M1"	"BioGrid_Fly"	"TUBB2B"
"M1"	"BioGrid_Fly"	"NCAM1"
"M1"	"BioGrid_Fly"	"SPARCL1"
"M1"	"BioGrid_Fly"	"BMPR1B"
"M1"	"BioGrid_Fly"	"BMP2"
"M1"	"BioGrid_Fly"	"EBF3"
"M1"	"BioGrid_Fly"	"ATP1A3"
"M1"	"BioGrid_Fly"	"SPSB4"
"M1"	"BioGrid_Fly"	"DPP4"
"M1"	"BioGrid_Fly"	"TUSC3"
"M1"	"BioGrid_Fly"	"PHGDH"
"M1"	"BioGrid_Fly"	"MOXD1"
"M1"	"BioGrid_Fly"	"ASS1"
"M1"	"BioGrid_Fly"	"PAH"
"M1"	"BioGrid_Fly"	"ALDH2"
"M1"	"BioGrid_Fly"	"TMOD1"
"M1"	"BioGrid_Fly"	"PAPLN"
"M1"	"BioGrid_Fly"	"GPSM2"
"M1"	"BioGrid_Fly"	"SLIT2"
"M1"	"BioGrid_Fly"	"PACRG"
"M1"	"BioGrid_Fly"	"CELSR1"
"M1"	"BioGrid_Fly"	"CTNNA2"
"M1"	"BioGrid_Fly"	"EPHB1"
"M1"	"BioGrid_Fly"	"SCD5"
"M1"	"BioGrid_Fly"	"FAT1"
"M1"	"BioGrid_Fly"	"CARMIL1"
"M1"	"BioGrid_Fly"	"PLCB4"
"M1"	"BIND_Fly"	"SIX1"
"M1"	"BIND_Fly"	"DLL1"
"M1"	"BIND_Fly"	"EEF1A2"
"M1"	"BIND_Fly"	"SPARCL1"
"M1"	"BIND_Fly"	"EBF3"
"M1"	"BIND_Fly"	"ATP1A3"
"M1"	"BIND_Fly"	"ASS1"
"M1"	"BIND_Fly"	"PAH"
"M1"	"BIND_Fly"	"ALDH2"
"M1"	"BIND_Fly"	"PAPLN"
"M1"	"BIND_Fly"	"GPSM2"
"M1"	"BIND_Fly"	"CTNNA2"
"M1"	"BIND_Fly"	"FAT1"
"M1"	"DIP_Fly"	"SIX1"
"M1"	"DIP_Fly"	"SPARCL1"
"M1"	"DIP_Fly"	"BMP2"
"M1"	"DIP_Fly"	"ATP1A3"
"M1"	"DIP_Fly"	"SPSB4"
"M1"	"DIP_Fly"	"PHGDH"
"M1"	"DIP_Fly"	"MOXD1"
"M1"	"DIP_Fly"	"PAH"
"M1"	"DIP_Fly"	"WNT4"
"M1"	"DIP_Fly"	"PAPLN"
"M1"	"DIP_Fly"	"GPSM2"
"M1"	"DIP_Fly"	"PACRG"
"M1"	"DIP_Fly"	"CTNNA2"
"M1"	"DIP_Fly"	"SCD5"
"M1"	"DIP_Fly"	"IYD"
"M1"	"FlyLow"	"SIX1"
"M1"	"FlyLow"	"SPARCL1"
"M1"	"FlyLow"	"ATP1A3"
"M1"	"FlyLow"	"PAH"
"M1"	"FlyLow"	"PAPLN"
"M1"	"FlyLow"	"GPSM2"
"M1"	"FlyLow"	"CTNNA2"
"M1"	"MINT_Fly"	"SIX1"
"M1"	"MINT_Fly"	"SPARCL1"
"M1"	"MINT_Fly"	"MOXD1"
"M1"	"MINT_Fly"	"PAH"
"M1"	"MINT_Fly"	"PAPLN"
"M1"	"MINT_Fly"	"GPSM2"
"M1"	"MINT_Fly"	"IYD"
"M1"	"MINT_Fly"	"AMACR"
"M1"	"HPRD"	"ADRB2"
"M1"	"HPRD"	"CREB3L1"
"M1"	"HPRD"	"MTUS2"
"M1"	"HPRD"	"RASSF9"
"M1"	"HPRD"	"SIX1"
"M1"	"HPRD"	"DAPK2"
"M1"	"HPRD"	"CFTR"
"M1"	"HPRD"	"KRT19"
"M1"	"HPRD"	"DLL1"
"M1"	"HPRD"	"CAMK2B"
"M1"	"HPRD"	"UCHL1"
"M1"	"HPRD"	"AR"
"M1"	"HPRD"	"EEF1A2"
"M1"	"HPRD"	"SPP1"
"M1"	"HPRD"	"NCAM1"
"M1"	"HPRD"	"SPARCL1"
"M1"	"HPRD"	"RBP1"
"M1"	"HPRD"	"KIFC3"
"M1"	"HPRD"	"GADD45G"
"M1"	"HPRD"	"PIP"
"M1"	"HPRD"	"WNT2"
"M1"	"HPRD"	"GFAP"
"M1"	"HPRD"	"ABCB1"
"M1"	"HPRD"	"PLCG2"
"M1"	"HPRD"	"MAPK10"
"M1"	"HPRD"	"DOC2A"
"M1"	"HPRD"	"PTN"
"M1"	"HPRD"	"GDA"
"M1"	"HPRD"	"SNCAIP"
"M1"	"HPRD"	"RAB27B"
"M1"	"HPRD"	"CAV1"
"M1"	"HPRD"	"MLPH"
"M1"	"HPRD"	"CD36"
"M1"	"HPRD"	"BMPR1B"
"M1"	"HPRD"	"ZBTB16"
"M1"	"HPRD"	"CRMP1"
"M1"	"HPRD"	"CPLX1"
"M1"	"HPRD"	"BMP2"
"M1"	"HPRD"	"PACSIN3"
"M1"	"HPRD"	"ATP1A3"
"M1"	"HPRD"	"SCG3"
"M1"	"HPRD"	"HDAC9"
"M1"	"HPRD"	"KIT"
"M1"	"HPRD"	"TNFRSF19"
"M1"	"HPRD"	"CNKSR3"
"M1"	"HPRD"	"FBLN1"
"M1"	"HPRD"	"AMIGO2"
"M1"	"HPRD"	"GPR37"
"M1"	"HPRD"	"TGFA"
"M1"	"HPRD"	"CDA"
"M1"	"HPRD"	"SDC2"
"M1"	"HPRD"	"RTN1"
"M1"	"HPRD"	"SDCBP2"
"M1"	"HPRD"	"CHN2"
"M1"	"HPRD"	"DPP4"
"M1"	"HPRD"	"CLNK"
"M1"	"HPRD"	"FZD7"
"M1"	"HPRD"	"DLG2"
"M1"	"HPRD"	"PDZK1"
"M1"	"HPRD"	"SORBS1"
"M1"	"HPRD"	"WNK4"
"M1"	"HPRD"	"IDO1"
"M1"	"HPRD"	"SNCA"
"M1"	"HPRD"	"L1CAM"
"M1"	"HPRD"	"TUSC3"
"M1"	"HPRD"	"BAMBI"
"M1"	"HPRD"	"STON2"
"M1"	"HPRD"	"CD9"
"M1"	"HPRD"	"PRKCQ"
"M1"	"HPRD"	"TRIB3"
"M1"	"HPRD"	"KCNJ1"
"M1"	"HPRD"	"PTH1R"
"M1"	"HPRD"	"FGF1"
"M1"	"HPRD"	"FGF2"
"M1"	"HPRD"	"FGF7"
"M1"	"HPRD"	"SEMA3C"
"M1"	"HPRD"	"TNFRSF11B"
"M1"	"HPRD"	"RIMS1"
"M1"	"HPRD"	"CLDN11"
"M1"	"HPRD"	"ADRB1"
"M1"	"HPRD"	"SLC2A1"
"M1"	"HPRD"	"TNIK"
"M1"	"HPRD"	"ITGB3"
"M1"	"HPRD"	"LIN7A"
"M1"	"HPRD"	"PTGS2"
"M1"	"HPRD"	"NRXN3"
"M1"	"HPRD"	"AQP3"
"M1"	"HPRD"	"DAPK1"
"M1"	"HPRD"	"NR4A1"
"M1"	"HPRD"	"ANK2"
"M1"	"HPRD"	"EGLN3"
"M1"	"HPRD"	"TBX3"
"M1"	"HPRD"	"CA8"
"M1"	"HPRD"	"ASS1"
"M1"	"HPRD"	"QPRT"
"M1"	"HPRD"	"GABRD"
"M1"	"HPRD"	"RASD1"
"M1"	"HPRD"	"CYP11A1"
"M1"	"HPRD"	"SVEP1"
"M1"	"HPRD"	"EVC2"
"M1"	"HPRD"	"VDR"
"M1"	"HPRD"	"TFAP2C"
"M1"	"HPRD"	"SPINK7"
"M1"	"HPRD"	"MLXIPL"
"M1"	"HPRD"	"CABLES1"
"M1"	"HPRD"	"GATA2"
"M1"	"HPRD"	"LEF1"
"M1"	"HPRD"	"DUSP4"
"M1"	"HPRD"	"PLA2R1"
"M1"	"HPRD"	"CYTIP"
"M1"	"HPRD"	"ACTC1"
"M1"	"HPRD"	"ELAVL2"
"M1"	"HPRD"	"TUBB3"
"M1"	"HPRD"	"GP6"
"M1"	"HPRD"	"EDARADD"
"M1"	"HPRD"	"MEIS1"
"M1"	"HPRD"	"KCNQ5"
"M1"	"HPRD"	"PRKAR2B"
"M1"	"HPRD"	"HOXA11"
"M1"	"HPRD"	"PAH"
"M1"	"HPRD"	"SFRP2"
"M1"	"HPRD"	"DYNLT3"
"M1"	"HPRD"	"RARRES3"
"M1"	"HPRD"	"ALDH2"
"M1"	"HPRD"	"STK26"
"M1"	"HPRD"	"TSPAN7"
"M1"	"HPRD"	"NR4A2"
"M1"	"HPRD"	"CCL21"
"M1"	"HPRD"	"STEAP3"
"M1"	"HPRD"	"TRPC6"
"M1"	"HPRD"	"C6"
"M1"	"HPRD"	"SRCIN1"
"M1"	"HPRD"	"SNCG"
"M1"	"HPRD"	"TMOD1"
"M1"	"HPRD"	"TUB"
"M1"	"HPRD"	"CDH3"
"M1"	"HPRD"	"CKMT1A"
"M1"	"HPRD"	"IL1R1"
"M1"	"HPRD"	"RHOD"
"M1"	"HPRD"	"CD22"
"M1"	"HPRD"	"SNTB1"
"M1"	"HPRD"	"PTPRS"
"M1"	"HPRD"	"KCNH2"
"M1"	"HPRD"	"IGF1"
"M1"	"HPRD"	"SOX9"
"M1"	"HPRD"	"MAFA"
"M1"	"HPRD"	"GPSM2"
"M1"	"HPRD"	"LDLR"
"M1"	"HPRD"	"PCDH18"
"M1"	"HPRD"	"THRSP"
"M1"	"HPRD"	"RPP25"
"M1"	"HPRD"	"NCS1"
"M1"	"HPRD"	"FABP4"
"M1"	"HPRD"	"STAP1"
"M1"	"HPRD"	"SLIT2"
"M1"	"HPRD"	"GCNT1"
"M1"	"HPRD"	"ACVR1C"
"M1"	"HPRD"	"RIMS2"
"M1"	"HPRD"	"MAP1B"
"M1"	"HPRD"	"ADH1C"
"M1"	"HPRD"	"ASB9"
"M1"	"HPRD"	"SERPINF2"
"M1"	"HPRD"	"NCALD"
"M1"	"HPRD"	"NCKAP5"
"M1"	"HPRD"	"EFNA5"
"M1"	"HPRD"	"DOCK3"
"M1"	"HPRD"	"RGS16"
"M1"	"HPRD"	"CD82"
"M1"	"HPRD"	"NRG1"
"M1"	"HPRD"	"F5"
"M1"	"HPRD"	"IGF2"
"M1"	"HPRD"	"LAMA1"
"M1"	"HPRD"	"REN"
"M1"	"HPRD"	"C5AR2"
"M1"	"HPRD"	"PDZD2"
"M1"	"HPRD"	"TRO"
"M1"	"HPRD"	"RGL4"
"M1"	"HPRD"	"CPM"
"M1"	"HPRD"	"AVPR1A"
"M1"	"HPRD"	"GSTM3"
"M1"	"HPRD"	"CALCA"
"M1"	"HPRD"	"TG"
"M1"	"HPRD"	"GPC3"
"M1"	"HPRD"	"RAB3B"
"M1"	"HPRD"	"MAG"
"M1"	"HPRD"	"ADAM2"
"M1"	"HPRD"	"ITGA7"
"M1"	"HPRD"	"SLC4A1"
"M1"	"HPRD"	"COL4A5"
"M1"	"HPRD"	"PMAIP1"
"M1"	"HPRD"	"S100A2"
"M1"	"HPRD"	"TXK"
"M1"	"HPRD"	"MUC4"
"M1"	"HPRD"	"KL"
"M1"	"HPRD"	"PLA2G4A"
"M1"	"HPRD"	"RGS4"
"M1"	"HPRD"	"GAS2"
"M1"	"HPRD"	"ETV4"
"M1"	"HPRD"	"SYT17"
"M1"	"HPRD"	"SHCBP1"
"M1"	"HPRD"	"EPHB3"
"M1"	"HPRD"	"AZGP1"
"M1"	"HPRD"	"C4BPB"
"M1"	"HPRD"	"C9"
"M1"	"HPRD"	"SPINK5"
"M1"	"HPRD"	"BANK1"
"M1"	"HPRD"	"SLC5A1"
"M1"	"HPRD"	"CTNNA2"
"M1"	"HPRD"	"PTPN13"
"M1"	"HPRD"	"ADCYAP1"
"M1"	"HPRD"	"CHRDL2"
"M1"	"HPRD"	"ANGPT1"
"M1"	"HPRD"	"DNTT"
"M1"	"HPRD"	"ANOS1"
"M1"	"HPRD"	"GSTM1"
"M1"	"HPRD"	"GSTM2"
"M1"	"HPRD"	"EPHB1"
"M1"	"HPRD"	"RUNDC3A"
"M1"	"HPRD"	"HRK"
"M1"	"HPRD"	"PGM5"
"M1"	"HPRD"	"CCNO"
"M1"	"HPRD"	"MMRN1"
"M1"	"HPRD"	"NEBL"
"M1"	"HPRD"	"BDKRB2"
"M1"	"HPRD"	"AKAP2"
"M1"	"HPRD"	"SPINK1"
"M1"	"HPRD"	"CKMT2"
"M1"	"HPRD"	"MYRIP"
"M1"	"HPRD"	"GNG11"
"M1"	"HPRD"	"RASD2"
"M1"	"HPRD"	"ABI3BP"
"M1"	"HPRD"	"SLC7A8"
"M1"	"HPRD"	"PKIA"
"M1"	"HPRD"	"TRIM7"
"M1"	"HPRD"	"CTTNBP2"
"M1"	"HPRD"	"TRPC3"
"M1"	"HPRD"	"TNNC2"
"M1"	"HPRD"	"SYTL5"
"M1"	"HPRD"	"ICAM5"
"M1"	"HPRD"	"RYR3"
"M1"	"HPRD"	"SV2B"
"M1"	"HPRD"	"PKIB"
"M1"	"HPRD"	"MAOB"
"M1"	"HPRD"	"AKR1C1"
"M1"	"HPRD"	"CRLF1"
"M1"	"HPRD"	"SLC6A4"
"M1"	"HPRD"	"MYO16"
"M1"	"HPRD"	"SLC1A2"
"M1"	"HPRD"	"ERP27"
"M1"	"HPRD"	"ALCAM"
"M1"	"HPRD"	"SST"
"M1"	"HPRD"	"PDE3B"
"M1"	"HPRD"	"ATRNL1"
"M1"	"HPRD"	"CD274"
"M1"	"HPRD"	"FAT1"
"M1"	"HPRD"	"PRMT8"
"M1"	"HPRD"	"PDE10A"
"M1"	"HPRD"	"PLPP2"
"M1"	"HPRD"	"CDH12"
"M1"	"HPRD"	"GATM"
"M1"	"HPRD"	"MAP6"
"M1"	"HPRD"	"CNTN4"
"M1"	"HPRD"	"CLGN"
"M1"	"HPRD"	"PLAG1"
"M1"	"HPRD"	"JPH2"
"M1"	"HPRD"	"STXBP6"
"M1"	"HPRD"	"PLCL2"
"M1"	"HPRD"	"ITPKA"
"M1"	"HPRD"	"PDZRN3"
"M1"	"HPRD"	"FBXO17"
"M1"	"HPRD"	"RELN"
"M1"	"HPRD"	"SGCD"
"M1"	"HPRD"	"TENM3"
"M1"	"HPRD"	"NRG3"
"M1"	"HPRD"	"LHX9"
"M1"	"HPRD"	"ASCL4"
"M1"	"HPRD"	"LRRC4"
"M1"	"HPRD"	"FRMPD4"
"M1"	"HPRD"	"CEND1"
"M1"	"HPRD"	"SLC24A2"
"M1"	"HPRD"	"CACHD1"
"M1"	"MINT"	"E2F8"
"M1"	"MINT"	"LRRK2"
"M1"	"MINT"	"ADRB2"
"M1"	"MINT"	"CREB3L1"
"M1"	"MINT"	"MTUS2"
"M1"	"MINT"	"SIX1"
"M1"	"MINT"	"CFTR"
"M1"	"MINT"	"KRT19"
"M1"	"MINT"	"AR"
"M1"	"MINT"	"TUBB2B"
"M1"	"MINT"	"SPP1"
"M1"	"MINT"	"NCAM1"
"M1"	"MINT"	"GADD45G"
"M1"	"MINT"	"GFAP"
"M1"	"MINT"	"PLCG2"
"M1"	"MINT"	"MAPK10"
"M1"	"MINT"	"PTN"
"M1"	"MINT"	"SNCAIP"
"M1"	"MINT"	"CAV1"
"M1"	"MINT"	"MLPH"
"M1"	"MINT"	"BMPR1B"
"M1"	"MINT"	"ZBTB16"
"M1"	"MINT"	"CRMP1"
"M1"	"MINT"	"BMP2"
"M1"	"MINT"	"ATP2B2"
"M1"	"MINT"	"MAP2"
"M1"	"MINT"	"KIT"
"M1"	"MINT"	"MAPT"
"M1"	"MINT"	"CNKSR3"
"M1"	"MINT"	"RTN1"
"M1"	"MINT"	"SDCBP2"
"M1"	"MINT"	"CHN2"
"M1"	"MINT"	"DPP4"
"M1"	"MINT"	"CLNK"
"M1"	"MINT"	"FZD7"
"M1"	"MINT"	"PDZK1"
"M1"	"MINT"	"SORBS1"
"M1"	"MINT"	"SNCA"
"M1"	"MINT"	"L1CAM"
"M1"	"MINT"	"ARHGEF19"
"M1"	"MINT"	"STON2"
"M1"	"MINT"	"PRKCQ"
"M1"	"MINT"	"TRIB3"
"M1"	"MINT"	"PTH1R"
"M1"	"MINT"	"RIMS1"
"M1"	"MINT"	"ADRB1"
"M1"	"MINT"	"SLC2A1"
"M1"	"MINT"	"ITGB3"
"M1"	"MINT"	"LIN7A"
"M1"	"MINT"	"DAPK1"
"M1"	"MINT"	"NR4A1"
"M1"	"MINT"	"CA8"
"M1"	"MINT"	"QPRT"
"M1"	"MINT"	"GABRD"
"M1"	"MINT"	"VDR"
"M1"	"MINT"	"CABLES1"
"M1"	"MINT"	"DACH1"
"M1"	"MINT"	"DUSP4"
"M1"	"MINT"	"TUBB3"
"M1"	"MINT"	"GP6"
"M1"	"MINT"	"DYNLT3"
"M1"	"MINT"	"ALDH2"
"M1"	"MINT"	"STK26"
"M1"	"MINT"	"TSPAN7"
"M1"	"MINT"	"ADTRP"
"M1"	"MINT"	"SLC19A3"
"M1"	"MINT"	"RIMS3"
"M1"	"MINT"	"PLLP"
"M1"	"MINT"	"CCL21"
"M1"	"MINT"	"MEST"
"M1"	"MINT"	"AGTR1"
"M1"	"MINT"	"IL1R1"
"M1"	"MINT"	"CD22"
"M1"	"MINT"	"PTPRS"
"M1"	"MINT"	"TCF7"
"M1"	"MINT"	"SLC1A5"
"M1"	"MINT"	"KCNH2"
"M1"	"MINT"	"LDLR"
"M1"	"MINT"	"NCS1"
"M1"	"MINT"	"FABP4"
"M1"	"MINT"	"SLIT2"
"M1"	"MINT"	"RIMS2"
"M1"	"MINT"	"GPSM1"
"M1"	"MINT"	"ASB9"
"M1"	"MINT"	"NCALD"
"M1"	"MINT"	"NCKAP5"
"M1"	"MINT"	"EFNA5"
"M1"	"MINT"	"LTBP2"
"M1"	"MINT"	"DOCK3"
"M1"	"MINT"	"DUSP15"
"M1"	"MINT"	"IGF2"
"M1"	"MINT"	"PLCE1"
"M1"	"MINT"	"GSTM3"
"M1"	"MINT"	"CALCA"
"M1"	"MINT"	"SLC4A1"
"M1"	"MINT"	"PMAIP1"
"M1"	"MINT"	"PPM1E"
"M1"	"MINT"	"IER3"
"M1"	"MINT"	"S100A2"
"M1"	"MINT"	"TXK"
"M1"	"MINT"	"PRAG1"
"M1"	"MINT"	"SYT17"
"M1"	"MINT"	"SHCBP1"
"M1"	"MINT"	"CELSR1"
"M1"	"MINT"	"PTPN13"
"M1"	"MINT"	"EPHB1"
"M1"	"MINT"	"NEBL"
"M1"	"MINT"	"AKAP2"
"M1"	"MINT"	"CKMT2"
"M1"	"MINT"	"MYRIP"
"M1"	"MINT"	"GNG11"
"M1"	"MINT"	"PKIA"
"M1"	"MINT"	"TESC"
"M1"	"MINT"	"EVA1A"
"M1"	"MINT"	"MTHFD2"
"M1"	"MINT"	"SLC6A4"
"M1"	"MINT"	"MYO16"
"M1"	"MINT"	"SEPT3"
"M1"	"MINT"	"PRMT8"
"M1"	"MINT"	"PLPP2"
"M1"	"MINT"	"ATP6V1C2"
"M1"	"MINT"	"SGCD"
"M1"	"MINT"	"RSPO3"
"M1"	"MINT"	"LRRC4"
"M1"	"MINT"	"MOCOS"
"M1"	"MINT"	"LRP3"
"M1"	"VidalHuman_core"	"SIX1"
"M1"	"VidalHuman_core"	"KRT19"
"M1"	"VidalHuman_core"	"SPP1"
"M1"	"VidalHuman_core"	"GFAP"
"M1"	"VidalHuman_core"	"ZBTB16"
"M1"	"VidalHuman_core"	"RTN1"
"M1"	"VidalHuman_core"	"SDCBP2"
"M1"	"VidalHuman_core"	"FZD7"
"M1"	"VidalHuman_core"	"PDZK1"
"M1"	"VidalHuman_core"	"ASS1"
"M1"	"VidalHuman_core"	"QPRT"
"M1"	"VidalHuman_core"	"GABRD"
"M1"	"VidalHuman_core"	"DACH1"
"M1"	"VidalHuman_core"	"DYNLT3"
"M1"	"VidalHuman_core"	"GPSM1"
"M1"	"VidalHuman_core"	"GSTM3"
"M1"	"VidalHuman_core"	"S100A2"
"M1"	"VidalHuman_core"	"GNG11"
"M1"	"VidalHuman_core"	"TESC"
"M1"	"VidalHuman_core"	"PRMT8"
"M1"	"BCI"	"ADRB2"
"M1"	"BCI"	"CAMK2B"
"M1"	"BCI"	"UCHL1"
"M1"	"BCI"	"RBP1"
"M1"	"BCI"	"ABCB1"
"M1"	"BCI"	"PLCG2"
"M1"	"BCI"	"MAPK10"
"M1"	"BCI"	"CAV1"
"M1"	"BCI"	"HDAC9"
"M1"	"BCI"	"GRM1"
"M1"	"BCI"	"MAPT"
"M1"	"BCI"	"FBLN1"
"M1"	"BCI"	"HAP1"
"M1"	"BCI"	"L1CAM"
"M1"	"BCI"	"CD9"
"M1"	"BCI"	"PRKCQ"
"M1"	"BCI"	"HOXC4"
"M1"	"BCI"	"ATP6V1B1"
"M1"	"BCI"	"SLC2A1"
"M1"	"BCI"	"ALDOC"
"M1"	"BCI"	"AQP3"
"M1"	"BCI"	"MYH11"
"M1"	"BCI"	"DAPK1"
"M1"	"BCI"	"NR4A1"
"M1"	"BCI"	"ASS1"
"M1"	"BCI"	"VDR"
"M1"	"BCI"	"GATA2"
"M1"	"BCI"	"DUSP4"
"M1"	"BCI"	"ENTPD2"
"M1"	"BCI"	"PRKAR2B"
"M1"	"BCI"	"DYNLT3"
"M1"	"BCI"	"NR4A2"
"M1"	"BCI"	"CCL21"
"M1"	"BCI"	"IL1R1"
"M1"	"BCI"	"RHOD"
"M1"	"BCI"	"KCNH2"
"M1"	"BCI"	"IGF1"
"M1"	"BCI"	"SOX9"
"M1"	"BCI"	"LDLR"
"M1"	"BCI"	"FABP4"
"M1"	"BCI"	"ITPR3"
"M1"	"BCI"	"RIMS2"
"M1"	"BCI"	"IL18"
"M1"	"BCI"	"SERPINF2"
"M1"	"BCI"	"NCALD"
"M1"	"BCI"	"RGS16"
"M1"	"BCI"	"IGF2"
"M1"	"BCI"	"MAG"
"M1"	"BCI"	"SLC4A1"
"M1"	"BCI"	"S100A2"
"M1"	"BCI"	"C9"
"M1"	"BCI"	"PTPN13"
"M1"	"BCI"	"ADCYAP1"
"M1"	"BCI"	"ANGPT1"
"M1"	"BCI"	"BDKRB2"
"M1"	"BCI"	"SPINK1"
"M1"	"BCI"	"PKIA"
"M1"	"BCI"	"ALCAM"
"M1"	"BCI"	"LRP3"
"M1"	"MINT_Mouse"	"ADRB2"
"M1"	"MINT_Mouse"	"CFTR"
"M1"	"MINT_Mouse"	"DLL1"
"M1"	"MINT_Mouse"	"CAMK2B"
"M1"	"MINT_Mouse"	"NCAM1"
"M1"	"MINT_Mouse"	"GFAP"
"M1"	"MINT_Mouse"	"PLCG2"
"M1"	"MINT_Mouse"	"SNCAIP"
"M1"	"MINT_Mouse"	"CAV1"
"M1"	"MINT_Mouse"	"BMPR1B"
"M1"	"MINT_Mouse"	"MAP2"
"M1"	"MINT_Mouse"	"OLIG1"
"M1"	"MINT_Mouse"	"MAPT"
"M1"	"MINT_Mouse"	"CDA"
"M1"	"MINT_Mouse"	"CLNK"
"M1"	"MINT_Mouse"	"FZD7"
"M1"	"MINT_Mouse"	"SNCA"
"M1"	"MINT_Mouse"	"GLRB"
"M1"	"MINT_Mouse"	"HAP1"
"M1"	"MINT_Mouse"	"ADRB1"
"M1"	"MINT_Mouse"	"ALDH2"
"M1"	"MINT_Mouse"	"AGTR1"
"M1"	"MINT_Mouse"	"CD22"
"M1"	"MINT_Mouse"	"WHRN"
"M1"	"MINT_Mouse"	"IGF1"
"M1"	"MINT_Mouse"	"SLC1A1"
"M1"	"MINT_Mouse"	"RGS16"
"M1"	"MINT_Mouse"	"LAMA1"
"M1"	"MINT_Mouse"	"MAG"
"M1"	"MINT_Mouse"	"PTPN13"
"M1"	"MINT_Mouse"	"MYO16"
"M1"	"MINT_Mouse"	"FNDC5"
"M1"	"DIP"	"LRRK2"
"M1"	"DIP"	"SIX1"
"M1"	"DIP"	"CFTR"
"M1"	"DIP"	"KRT19"
"M1"	"DIP"	"CAMK2B"
"M1"	"DIP"	"AR"
"M1"	"DIP"	"MAPK10"
"M1"	"DIP"	"PTN"
"M1"	"DIP"	"SNCAIP"
"M1"	"DIP"	"CAV1"
"M1"	"DIP"	"ZBTB16"
"M1"	"DIP"	"BMP2"
"M1"	"DIP"	"MAP2"
"M1"	"DIP"	"SCG3"
"M1"	"DIP"	"HDAC9"
"M1"	"DIP"	"KIT"
"M1"	"DIP"	"GRM1"
"M1"	"DIP"	"MAPT"
"M1"	"DIP"	"GPR37"
"M1"	"DIP"	"TGFA"
"M1"	"DIP"	"SDC2"
"M1"	"DIP"	"SNCA"
"M1"	"DIP"	"CD9"
"M1"	"DIP"	"FGF1"
"M1"	"DIP"	"FGF2"
"M1"	"DIP"	"FGF7"
"M1"	"DIP"	"ADRB1"
"M1"	"DIP"	"SLC2A1"
"M1"	"DIP"	"TNIK"
"M1"	"DIP"	"ITGB3"
"M1"	"DIP"	"PTGS2"
"M1"	"DIP"	"NR4A1"
"M1"	"DIP"	"ANK2"
"M1"	"DIP"	"ASS1"
"M1"	"DIP"	"VDR"
"M1"	"DIP"	"SPTLC3"
"M1"	"DIP"	"GATA2"
"M1"	"DIP"	"LEF1"
"M1"	"DIP"	"FOXP2"
"M1"	"DIP"	"GP6"
"M1"	"DIP"	"PRKAR2B"
"M1"	"DIP"	"ALDH2"
"M1"	"DIP"	"STK26"
"M1"	"DIP"	"CCL21"
"M1"	"DIP"	"IL1R1"
"M1"	"DIP"	"SNTB1"
"M1"	"DIP"	"KCNH2"
"M1"	"DIP"	"IGF1"
"M1"	"DIP"	"LDLR"
"M1"	"DIP"	"SLIT2"
"M1"	"DIP"	"EFNA5"
"M1"	"DIP"	"NRG1"
"M1"	"DIP"	"IGF2"
"M1"	"DIP"	"REN"
"M1"	"DIP"	"ITGA7"
"M1"	"DIP"	"PLA2G4A"
"M1"	"DIP"	"RGS4"
"M1"	"DIP"	"ETV4"
"M1"	"DIP"	"FGF12"
"M1"	"DIP"	"C9"
"M1"	"DIP"	"PTPN13"
"M1"	"DIP"	"ADCYAP1"
"M1"	"DIP"	"GSTM2"
"M1"	"DIP"	"CCNO"
"M1"	"DIP"	"ZNF608"
"M1"	"DIP"	"TRPC3"
"M1"	"DIP"	"CRLF1"
"M1"	"DIP"	"SLC14A1"
"M1"	"DIP"	"APCDD1"
"M1"	"DIP"	"MYRF"
"M1"	"BIND_Rat"	"ADRB2"
"M1"	"BIND_Rat"	"AR"
"M1"	"BIND_Rat"	"NCAM1"
"M1"	"BIND_Rat"	"DOC2A"
"M1"	"BIND_Rat"	"NOX4"
"M1"	"BIND_Rat"	"GRM1"
"M1"	"BIND_Rat"	"SDC2"
"M1"	"BIND_Rat"	"SNCA"
"M1"	"BIND_Rat"	"L1CAM"
"M1"	"BIND_Rat"	"RIMS1"
"M1"	"BIND_Rat"	"ADRB1"
"M1"	"BIND_Rat"	"RIMS2"
"M1"	"BIND_Rat"	"MAP1B"
"M1"	"BIND_Rat"	"RGS4"
"M1"	"BIND_Rat"	"EPHB1"
"M1"	"BIND_Rat"	"SLC12A5"
"M1"	"BIND_Rat"	"MAOB"
"M1"	"BIND_Rat"	"CACNB2"
"M1"	"BIND"	"ADRB2"
"M1"	"BIND"	"CREB3L1"
"M1"	"BIND"	"SIX1"
"M1"	"BIND"	"CFTR"
"M1"	"BIND"	"CAMK2B"
"M1"	"BIND"	"AR"
"M1"	"BIND"	"GADD45G"
"M1"	"BIND"	"PLCG2"
"M1"	"BIND"	"MAPK10"
"M1"	"BIND"	"PTN"
"M1"	"BIND"	"SNCAIP"
"M1"	"BIND"	"RAB27B"
"M1"	"BIND"	"CAV1"
"M1"	"BIND"	"BMPR1B"
"M1"	"BIND"	"BMP2"
"M1"	"BIND"	"HDAC9"
"M1"	"BIND"	"KIT"
"M1"	"BIND"	"CDA"
"M1"	"BIND"	"RTN1"
"M1"	"BIND"	"SDCBP2"
"M1"	"BIND"	"DPP4"
"M1"	"BIND"	"SNCA"
"M1"	"BIND"	"L1CAM"
"M1"	"BIND"	"CD9"
"M1"	"BIND"	"PRKCQ"
"M1"	"BIND"	"TRIB3"
"M1"	"BIND"	"KCNJ1"
"M1"	"BIND"	"FGF1"
"M1"	"BIND"	"ADRB1"
"M1"	"BIND"	"SLC2A1"
"M1"	"BIND"	"ITGB3"
"M1"	"BIND"	"PTGS2"
"M1"	"BIND"	"ALDOC"
"M1"	"BIND"	"DAPK1"
"M1"	"BIND"	"VDR"
"M1"	"BIND"	"SPINK7"
"M1"	"BIND"	"LEF1"
"M1"	"BIND"	"MEIS1"
"M1"	"BIND"	"PAH"
"M1"	"BIND"	"ALDH2"
"M1"	"BIND"	"STK26"
"M1"	"BIND"	"CKMT1A"
"M1"	"BIND"	"IL1R1"
"M1"	"BIND"	"CD22"
"M1"	"BIND"	"GPSM2"
"M1"	"BIND"	"GPSM1"
"M1"	"BIND"	"ADH1C"
"M1"	"BIND"	"EFNA5"
"M1"	"BIND"	"F5"
"M1"	"BIND"	"IGF2"
"M1"	"BIND"	"REN"
"M1"	"BIND"	"PDZD2"
"M1"	"BIND"	"GSTM3"
"M1"	"BIND"	"CALCA"
"M1"	"BIND"	"SLC4A1"
"M1"	"BIND"	"PMAIP1"
"M1"	"BIND"	"EPHB3"
"M1"	"BIND"	"AZGP1"
"M1"	"BIND"	"GSTM1"
"M1"	"BIND"	"GSTM2"
"M1"	"BIND"	"EPHB1"
"M1"	"BIND"	"HRK"
"M1"	"BIND"	"TRPC3"
"M1"	"BIND"	"MAOB"
"M1"	"BIND"	"AKR1C1"
"M1"	"BIND"	"SLC1A2"
"M1"	"BIND"	"CARMIL1"
"M1"	"BIND"	"AKR1C2"
"M1"	"BIND"	"SCN9A"
"M1"	"BIND"	"SGCD"
"M1"	"MGI"	"SIX1"
"M1"	"MGI"	"AR"
"M1"	"MGI"	"GFAP"
"M1"	"MGI"	"CAV1"
"M1"	"MGI"	"MLPH"
"M1"	"MGI"	"BMP2"
"M1"	"MGI"	"EBF3"
"M1"	"MGI"	"PACSIN3"
"M1"	"MGI"	"KIT"
"M1"	"MGI"	"GRM1"
"M1"	"MGI"	"MAPT"
"M1"	"MGI"	"DLG2"
"M1"	"MGI"	"PRKCQ"
"M1"	"MGI"	"FGF2"
"M1"	"MGI"	"RIMS1"
"M1"	"MGI"	"ITGB3"
"M1"	"MGI"	"LEF1"
"M1"	"MGI"	"WNT4"
"M1"	"MGI"	"LDLR"
"M1"	"MGI"	"RIMS2"
"M1"	"MGI"	"LAMA1"
"M1"	"MGI"	"RAB3B"
"M1"	"MGI"	"MAG"
"M1"	"MGI"	"MYRIP"
"M1"	"MGI"	"SYTL5"
"M1"	"MGI"	"ICAM5"
"M1"	"MGI"	"SYTL2"
"M1"	"MGI"	"SGCD"
"M1"	"MGI"	"EBF2"
"M1"	"INNATEDB_Mouse"	"AR"
"M1"	"INNATEDB_Mouse"	"SPP1"
"M1"	"INNATEDB_Mouse"	"NCAM1"
"M1"	"INNATEDB_Mouse"	"PLCG2"
"M1"	"INNATEDB_Mouse"	"GDA"
"M1"	"INNATEDB_Mouse"	"CAV1"
"M1"	"INNATEDB_Mouse"	"ZBTB16"
"M1"	"INNATEDB_Mouse"	"KIT"
"M1"	"INNATEDB_Mouse"	"TNFRSF19"
"M1"	"INNATEDB_Mouse"	"SDC2"
"M1"	"INNATEDB_Mouse"	"IDO1"
"M1"	"INNATEDB_Mouse"	"PRKCQ"
"M1"	"INNATEDB_Mouse"	"PHGDH"
"M1"	"INNATEDB_Mouse"	"DAPK1"
"M1"	"INNATEDB_Mouse"	"EGLN3"
"M1"	"INNATEDB_Mouse"	"ASS1"
"M1"	"INNATEDB_Mouse"	"KYNU"
"M1"	"INNATEDB_Mouse"	"GATA2"
"M1"	"INNATEDB_Mouse"	"LEF1"
"M1"	"INNATEDB_Mouse"	"CSGALNACT1"
"M1"	"INNATEDB_Mouse"	"TSPAN7"
"M1"	"INNATEDB_Mouse"	"RIMS3"
"M1"	"INNATEDB_Mouse"	"IL1R1"
"M1"	"INNATEDB_Mouse"	"RHOD"
"M1"	"INNATEDB_Mouse"	"CD22"
"M1"	"INNATEDB_Mouse"	"KCNH2"
"M1"	"INNATEDB_Mouse"	"SOX9"
"M1"	"INNATEDB_Mouse"	"RPP25"
"M1"	"INNATEDB_Mouse"	"IL18"
"M1"	"INNATEDB_Mouse"	"MAG"
"M1"	"INNATEDB_Mouse"	"PLA2G4A"
"M1"	"INNATEDB_Mouse"	"CTNNA2"
"M1"	"INNATEDB_Mouse"	"ANGPT1"
"M1"	"INNATEDB_Mouse"	"CREG2"
"M1"	"INNATEDB_Mouse"	"NPAS3"
"M1"	"INNATEDB_Mouse"	"MDGA1"
"M1"	"INNATEDB_Mouse"	"FHDC1"
"M1"	"INNATEDB_Mouse"	"TBC1D14"
"M1"	"INNATEDB_Mouse"	"SLC7A8"
"M1"	"INNATEDB_Mouse"	"ZNF608"
"M1"	"INNATEDB_Mouse"	"SNX10"
"M1"	"INNATEDB_Mouse"	"CD274"
"M1"	"INNATEDB_Mouse"	"RTP4"
"M1"	"INNATEDB_Mouse"	"BCO2"
"M1"	"INNATEDB_Mouse"	"IL17RE"
"M1"	"INNATEDB_Mouse"	"CCRL2"
"M1"	"WranaLow"	"BMPR1B"
"M1"	"WranaMedium"	"BMPR1B"
"M1"	"BIND_Mouse"	"CFTR"
"M1"	"BIND_Mouse"	"MAPK10"
"M1"	"BIND_Mouse"	"MLPH"
"M1"	"BIND_Mouse"	"BMPR1B"
"M1"	"BIND_Mouse"	"CRMP1"
"M1"	"BIND_Mouse"	"BMP2"
"M1"	"BIND_Mouse"	"PACSIN3"
"M1"	"BIND_Mouse"	"KIT"
"M1"	"BIND_Mouse"	"CDA"
"M1"	"BIND_Mouse"	"SORBS1"
"M1"	"BIND_Mouse"	"PRKCQ"
"M1"	"BIND_Mouse"	"HS3ST1"
"M1"	"BIND_Mouse"	"RIMS1"
"M1"	"BIND_Mouse"	"CLDN11"
"M1"	"BIND_Mouse"	"PTGS2"
"M1"	"BIND_Mouse"	"NR4A1"
"M1"	"BIND_Mouse"	"CABLES1"
"M1"	"BIND_Mouse"	"LEF1"
"M1"	"BIND_Mouse"	"TRPC6"
"M1"	"BIND_Mouse"	"WNT4"
"M1"	"BIND_Mouse"	"HCN2"
"M1"	"BIND_Mouse"	"CD22"
"M1"	"BIND_Mouse"	"WHRN"
"M1"	"BIND_Mouse"	"FABP4"
"M1"	"BIND_Mouse"	"RIMS2"
"M1"	"BIND_Mouse"	"GPSM1"
"M1"	"BIND_Mouse"	"RCOR2"
"M1"	"BIND_Mouse"	"CARMIL1"
"M1"	"BIND_Mouse"	"SYTL2"
"M1"	"BIND_Mouse"	"SGCD"
"M1"	"BIND_Mouse"	"FRAS1"
"M1"	"DIP_Mouse"	"ADRB2"
"M1"	"DIP_Mouse"	"CAMK2B"
"M1"	"DIP_Mouse"	"AR"
"M1"	"DIP_Mouse"	"RAB27B"
"M1"	"DIP_Mouse"	"CAV1"
"M1"	"DIP_Mouse"	"MLPH"
"M1"	"DIP_Mouse"	"BMPR1B"
"M1"	"DIP_Mouse"	"SALL4"
"M1"	"DIP_Mouse"	"IDO1"
"M1"	"DIP_Mouse"	"HAP1"
"M1"	"DIP_Mouse"	"PRKCQ"
"M1"	"DIP_Mouse"	"TNFRSF11B"
"M1"	"DIP_Mouse"	"ITGB3"
"M1"	"DIP_Mouse"	"PTGS2"
"M1"	"DIP_Mouse"	"VDR"
"M1"	"DIP_Mouse"	"LEF1"
"M1"	"DIP_Mouse"	"TUBB3"
"M1"	"DIP_Mouse"	"HCN2"
"M1"	"DIP_Mouse"	"THRSP"
"M1"	"DIP_Mouse"	"RGS16"
"M1"	"DIP_Mouse"	"PACRG"
"M1"	"DIP_Mouse"	"CTNNA2"
"M1"	"DIP_Mouse"	"ATP1A2"
"M1"	"DIP_Mouse"	"SLC6A4"
"M1"	"DIP_Mouse"	"RCOR2"
"M1"	"DIP_Mouse"	"LYPD1"
"M1"	"IntAct_Fly"	"SIX1"
"M1"	"IntAct_Fly"	"EEF1A2"
"M1"	"IntAct_Fly"	"NCAM1"
"M1"	"IntAct_Fly"	"SPARCL1"
"M1"	"IntAct_Fly"	"GDA"
"M1"	"IntAct_Fly"	"ATP1A3"
"M1"	"IntAct_Fly"	"SPSB4"
"M1"	"IntAct_Fly"	"MOXD1"
"M1"	"IntAct_Fly"	"ASS1"
"M1"	"IntAct_Fly"	"PAH"
"M1"	"IntAct_Fly"	"ALDH2"
"M1"	"IntAct_Fly"	"STK26"
"M1"	"IntAct_Fly"	"PAPLN"
"M1"	"IntAct_Fly"	"CD82"
"M1"	"IntAct_Fly"	"CTNNA2"
"M1"	"IntAct_Fly"	"EPHB1"
"M1"	"IntAct_Fly"	"SLC12A8"
"M1"	"IntAct_Fly"	"SCD5"
"M1"	"IntAct_Fly"	"FAT1"
"M1"	"IntAct_Fly"	"PLCB4"
"M1"	"BioGrid_Yeast"	"GDA"
"M1"	"BioGrid_Yeast"	"ATP2B2"
"M1"	"BioGrid_Yeast"	"CDA"
"M1"	"BioGrid_Yeast"	"DPP4"
"M1"	"BioGrid_Yeast"	"IDO1"
"M1"	"BioGrid_Yeast"	"TUSC3"
"M1"	"BioGrid_Yeast"	"QPRT"
"M1"	"BioGrid_Yeast"	"KYNU"
"M1"	"BioGrid_Yeast"	"ALDH2"
"M1"	"BioGrid_Yeast"	"NCS1"
"M1"	"BioGrid_Rat"	"ADRB2"
"M1"	"BioGrid_Rat"	"CREB3L1"
"M1"	"BioGrid_Rat"	"CAMK2B"
"M1"	"BioGrid_Rat"	"SPP1"
"M1"	"BioGrid_Rat"	"SNCAIP"
"M1"	"BioGrid_Rat"	"CAV1"
"M1"	"BioGrid_Rat"	"ATP1A3"
"M1"	"BioGrid_Rat"	"GRM1"
"M1"	"BioGrid_Rat"	"MAPT"
"M1"	"BioGrid_Rat"	"SDC2"
"M1"	"BioGrid_Rat"	"SDCBP2"
"M1"	"BioGrid_Rat"	"SNCA"
"M1"	"BioGrid_Rat"	"GLRB"
"M1"	"BioGrid_Rat"	"L1CAM"
"M1"	"BioGrid_Rat"	"CXXC4"
"M1"	"BioGrid_Rat"	"DACT1"
"M1"	"BioGrid_Rat"	"KCNJ1"
"M1"	"BioGrid_Rat"	"SLC2A1"
"M1"	"BioGrid_Rat"	"SRCIN1"
"M1"	"BioGrid_Rat"	"AGTR1"
"M1"	"BioGrid_Rat"	"MAFA"
"M1"	"BioGrid_Rat"	"ITPR3"
"M1"	"BioGrid_Rat"	"CYP3A7"
"M1"	"BioGrid_Rat"	"GPSM1"
"M1"	"BioGrid_Rat"	"NCALD"
"M1"	"BioGrid_Rat"	"TG"
"M1"	"BioGrid_Rat"	"EPHB1"
"M1"	"BioGrid_Rat"	"SLC14A2"
"M1"	"BioGrid_Rat"	"ATP1A2"
"M1"	"Jorgensen_EphR"	"CHN2"
"M1"	"IntAct_Rat"	"LRRK2"
"M1"	"IntAct_Rat"	"DLL1"
"M1"	"IntAct_Rat"	"CAMK2B"
"M1"	"IntAct_Rat"	"EEF1A2"
"M1"	"IntAct_Rat"	"SPP1"
"M1"	"IntAct_Rat"	"MAPK10"
"M1"	"IntAct_Rat"	"SNCAIP"
"M1"	"IntAct_Rat"	"CRMP1"
"M1"	"IntAct_Rat"	"CPLX1"
"M1"	"IntAct_Rat"	"ATP2B2"
"M1"	"IntAct_Rat"	"ATP1A3"
"M1"	"IntAct_Rat"	"GRM1"
"M1"	"IntAct_Rat"	"SDC2"
"M1"	"IntAct_Rat"	"DLG2"
"M1"	"IntAct_Rat"	"PDZK1"
"M1"	"IntAct_Rat"	"HAP1"
"M1"	"IntAct_Rat"	"VANGL2"
"M1"	"IntAct_Rat"	"STON2"
"M1"	"IntAct_Rat"	"ADRB1"
"M1"	"IntAct_Rat"	"MEST"
"M1"	"IntAct_Rat"	"SRCIN1"
"M1"	"IntAct_Rat"	"RIMS2"
"M1"	"IntAct_Rat"	"PDZD2"
"M1"	"IntAct_Rat"	"PPM1E"
"M1"	"IntAct_Rat"	"RGS4"
"M1"	"IntAct_Rat"	"MAP6"
"M1"	"IntAct_Rat"	"CNGA1"
"M1"	"IntAct_Rat"	"COBL"
"M1"	"MINT_Rat"	"MAPK10"
"M1"	"MINT_Rat"	"MAP2"
"M1"	"MINT_Rat"	"GRM1"
"M1"	"MINT_Rat"	"PDZK1"
"M1"	"MINT_Rat"	"TUBB3"
"M1"	"MINT_Rat"	"AGTR1"
"M1"	"MINT_Rat"	"RIMS2"
"M1"	"MINT_Rat"	"CNGA1"
"M1"	"MINT_Rat"	"COBL"
"M1"	"BioGrid_Worm"	"BMPR1B"
"M1"	"BioGrid_Worm"	"DLG2"
"M1"	"BioGrid_Worm"	"ALDOC"
"M1"	"BioGrid_Worm"	"SNTB1"
"M1"	"BioGrid_Worm"	"CTNNA2"
"M1"	"BioGrid_Worm"	"CNTNAP5"
"M1"	"YeastMedium"	"CDA"
"M1"	"YeastMedium"	"DPP4"
"M1"	"YeastMedium"	"TUSC3"
"M1"	"YeastMedium"	"QPRT"
"M1"	"YeastMedium"	"KYNU"
"M1"	"DIP_Worm"	"FBLN1"
"M1"	"DIP_Worm"	"ALDOC"
"M1"	"DIP_Worm"	"STRIP2"
"M1"	"IntAct_Worm"	"FBLN1"
"M1"	"IntAct_Worm"	"DLG2"
"M1"	"IntAct_Worm"	"ALDOC"
"M1"	"IntAct_Worm"	"WNT4"
"M1"	"IntAct_Worm"	"SNTB1"
"M1"	"IntAct_Worm"	"STRIP2"
"M1"	"IntAct_Worm"	"CELF5"
"M1"	"MINT_Yeast"	"ATP2B2"
"M1"	"MINT_Yeast"	"CDA"
"M1"	"MINT_Yeast"	"QPRT"
"M1"	"MINT_Yeast"	"NCS1"
"M1"	"Tarassov_PCA"	"ATP2B2"
"M1"	"Tarassov_PCA"	"CDA"
"M1"	"DIP_Yeast"	"ATP2B2"
"M1"	"DIP_Yeast"	"CDA"
"M1"	"DIP_Yeast"	"TUSC3"
"M1"	"DIP_Yeast"	"ASS1"
"M1"	"DIP_Yeast"	"QPRT"
"M1"	"DIP_Yeast"	"ALDH2"
"M1"	"IntAct_Yeast"	"ATP2B2"
"M1"	"IntAct_Yeast"	"CDA"
"M1"	"IntAct_Yeast"	"TUSC3"
"M1"	"IntAct_Yeast"	"AQP3"
"M1"	"IntAct_Yeast"	"ASS1"
"M1"	"IntAct_Yeast"	"QPRT"
"M1"	"IntAct_Yeast"	"KYNU"
"M1"	"IntAct_Yeast"	"ALDH2"
"M1"	"IntAct_Yeast"	"NCS1"
"M1"	"YeastLow"	"ATP2B2"
"M1"	"YeastLow"	"ASS1"
"M1"	"YeastLow"	"KYNU"
"M1"	"YeastLow"	"ALDH2"
"M1"	"YeastLow"	"NCS1"
"M1"	"VidalHuman_non_core"	"SIX1"
"M1"	"VidalHuman_non_core"	"KRT19"
"M1"	"VidalHuman_non_core"	"ZBTB16"
"M1"	"VidalHuman_non_core"	"CRMP1"
"M1"	"VidalHuman_non_core"	"CD9"
"M1"	"VidalHuman_non_core"	"GABRD"
"M1"	"VidalHuman_non_core"	"RASD1"
"M1"	"VidalHuman_non_core"	"SFRP2"
"M1"	"VidalHuman_non_core"	"FGF12"
"M1"	"VidalHuman_non_core"	"SHCBP1"
"M1"	"VidalHuman_non_core"	"DNTT"
"M1"	"VidalHuman_non_core"	"CCNJL"
"M1"	"VidalHuman_non_core"	"SLCO4A1"
"M1"	"VidalHuman_non_core"	"SFTPB"
"M1"	"StelzlHigh"	"MAPK10"
"M1"	"StelzlHigh"	"PTN"
"M1"	"StelzlHigh"	"TRIB3"
"M1"	"StelzlHigh"	"ALDH2"
"M1"	"StelzlHigh"	"PTPRS"
"M1"	"StelzlHigh"	"CKMT2"
"M1"	"FlyHigh"	"SIX1"
"M1"	"FlyHigh"	"GDA"
"M1"	"FlyHigh"	"ATP1A3"
"M1"	"FlyHigh"	"ASS1"
"M1"	"FlyHigh"	"PAH"
"M1"	"FlyHigh"	"FAT1"
"M1"	"StelzlMedium"	"MAPK10"
"M1"	"StelzlMedium"	"SNCAIP"
"M1"	"StelzlMedium"	"CHN2"
"M1"	"StelzlMedium"	"L1CAM"
"M1"	"StelzlMedium"	"NR4A1"
"M1"	"StelzlMedium"	"CA8"
"M1"	"StelzlMedium"	"ALDH2"
"M1"	"StelzlMedium"	"PTPRS"
"M1"	"StelzlMedium"	"KCNH2"
"M1"	"StelzlMedium"	"FABP4"
"M1"	"StelzlMedium"	"PMAIP1"
"M1"	"StelzlMedium"	"PRAG1"
"M1"	"StelzlMedium"	"CELSR1"
"M1"	"StelzlMedium"	"CKMT2"
"M1"	"StelzlMedium"	"GNG11"
"M1"	"StelzlMedium"	"PLPP2"
"M1"	"FlyEmbryo"	"DLL1"
"M1"	"FlyEmbryo"	"EBF3"
"M1"	"ShawnLi"	"PLCG2"
"M1"	"ShawnLi"	"NCKAP5"
"M1"	"DIP_Rat"	"AR"
"M1"	"DIP_Rat"	"CPLX1"
"M1"	"DIP_Rat"	"GRM1"
"M1"	"DIP_Rat"	"RIMS1"
"M1"	"DIP_Rat"	"RIMS2"
"M1"	"DIP_Rat"	"RGS4"
"M1"	"DIP_Rat"	"EPHB1"
"M1"	"DIP_Rat"	"CACNB2"
"M1"	"KIM_MYC"	"SALL4"
"M1"	"StelzlLow"	"SNCAIP"
"M1"	"StelzlLow"	"SLC1A5"
"M1"	"StelzlLow"	"PMAIP1"
"M1"	"StelzlLow"	"SEPT3"
"M1"	"YeastHigh"	"ASS1"
"M1"	"I2D-c_Fiona_HUMAN"	"AR"
"M1"	"I2D-c_Fiona_HUMAN"	"ITGB3"
"M1"	"I2D-c_Fiona_HUMAN"	"VDR"
"M1"	"I2D-c_Fiona_HUMAN"	"CDH3"
"M1"	"BIND_Worm"	"ALDOC"
"M1"	"CORE_2"	"ALDOC"
"M1"	"MINT_Worm"	"ALDOC"
"M1"	"SOURAV_MAPK_LOW"	"MAPK10"
"M1"	"SOURAV_MAPK_LOW"	"PRKCQ"
"M1"	"Nakahira_Septin"	"SEPT3"
"M1"	"Krogan_NonCore"	"KYNU"
"M1"	"BIND_Yeast"	"CDA"
"M1"	"BIND_Yeast"	"NCS1"
"M1"	"MIPS"	"CDA"
"M1"	"MIPS"	"QPRT"
"M1"	"MIPS"	"NCS1"
"M1"	"Yu_GoldStd"	"CDA"
"M1"	"WranaHigh"	"BMPR1B"
"M1"	"I2D-text_mining-c"	"FABP4"
"M1"	"Fawcett_polarity_Rat"	"MAP2"
"M1"	"Fawcett_polarity"	"MPP2"
"M1"	"Fawcett_polarity"	"CPVL"
"M1"	"SOURAV_MAPK_HIGH"	"MAPK10"
"M2"	"BioGrid"	"SLC2A4"
"M2"	"BioGrid"	"MSX1"
"M2"	"BioGrid"	"ESRRG"
"M2"	"BioGrid"	"PSAT1"
"M2"	"BioGrid"	"RAB6B"
"M2"	"BioGrid"	"FAM107A"
"M2"	"BioGrid"	"BEX2"
"M2"	"BioGrid"	"SPATC1L"
"M2"	"BioGrid"	"FKBP5"
"M2"	"BioGrid"	"ADAMTSL4"
"M2"	"BioGrid"	"OXCT1"
"M2"	"BioGrid"	"DSP"
"M2"	"BioGrid"	"HSPA6"
"M2"	"BioGrid"	"EPPK1"
"M2"	"BioGrid"	"ANXA3"
"M2"	"BioGrid"	"RET"
"M2"	"BioGrid"	"MMP9"
"M2"	"BioGrid"	"PDPN"
"M2"	"BioGrid"	"KCNMA1"
"M2"	"BioGrid"	"PCK1"
"M2"	"BioGrid"	"FLNC"
"M2"	"BioGrid"	"RUNX2"
"M2"	"BioGrid"	"EFHD1"
"M2"	"BioGrid"	"SOX6"
"M2"	"BioGrid"	"CDKN2A"
"M2"	"BioGrid"	"USP2"
"M2"	"BioGrid"	"HLF"
"M2"	"BioGrid"	"EGF"
"M2"	"BioGrid"	"NGFR"
"M2"	"BioGrid"	"HOXA9"
"M2"	"BioGrid"	"NR0B2"
"M2"	"BioGrid"	"SH3GL2"
"M2"	"BioGrid"	"MME"
"M2"	"BioGrid"	"EPHB2"
"M2"	"BioGrid"	"GRIK3"
"M2"	"BioGrid"	"ELF3"
"M2"	"BioGrid"	"SHANK2"
"M2"	"BioGrid"	"GRIP1"
"M2"	"BioGrid"	"PGR"
"M2"	"BioGrid"	"RAP1GAP"
"M2"	"BioGrid"	"RND3"
"M2"	"BioGrid"	"NKD2"
"M2"	"BioGrid"	"THNSL2"
"M2"	"BioGrid"	"EPHA3"
"M2"	"BioGrid"	"SSTR1"
"M2"	"BioGrid"	"PDGFRA"
"M2"	"BioGrid"	"EMX1"
"M2"	"BioGrid"	"MAPK4"
"M2"	"BioGrid"	"ACSL6"
"M2"	"BioGrid"	"CNTNAP2"
"M2"	"BioGrid"	"FGFR2"
"M2"	"BioGrid"	"PLN"
"M2"	"BioGrid"	"RND1"
"M2"	"BioGrid"	"HOXA3"
"M2"	"BioGrid"	"ABLIM1"
"M2"	"BioGrid"	"MYOT"
"M2"	"BioGrid"	"COL7A1"
"M2"	"BioGrid"	"KCNQ3"
"M2"	"BioGrid"	"ATF3"
"M2"	"BioGrid"	"RUNX1T1"
"M2"	"BioGrid"	"DMTN"
"M2"	"BioGrid"	"PEG10"
"M2"	"BioGrid"	"PEG3"
"M2"	"BioGrid"	"PHLDA3"
"M2"	"BioGrid"	"NRCAM"
"M2"	"BioGrid"	"KLF15"
"M2"	"BioGrid"	"GNAO1"
"M2"	"BioGrid"	"TTR"
"M2"	"BioGrid"	"IPCEF1"
"M2"	"BioGrid"	"EVPL"
"M2"	"BioGrid"	"CCND2"
"M2"	"BioGrid"	"APOD"
"M2"	"BioGrid"	"DMRTA1"
"M2"	"BioGrid"	"KRT7"
"M2"	"BioGrid"	"TDO2"
"M2"	"BioGrid"	"EFS"
"M2"	"BioGrid"	"KCNJ11"
"M2"	"BioGrid"	"GPD1"
"M2"	"BioGrid"	"RPS6KA6"
"M2"	"BioGrid"	"PRTFDC1"
"M2"	"BioGrid"	"SLC27A2"
"M2"	"BioGrid"	"TPPP"
"M2"	"BioGrid"	"CASR"
"M2"	"BioGrid"	"FAM50B"
"M2"	"BioGrid"	"KLHL13"
"M2"	"BioGrid"	"MOB3B"
"M2"	"BioGrid"	"LOX"
"M2"	"BioGrid"	"RAB17"
"M2"	"BioGrid"	"NUP62CL"
"M2"	"BioGrid"	"CYP17A1"
"M2"	"BioGrid"	"CEACAM1"
"M2"	"BioGrid"	"BTC"
"M2"	"BioGrid"	"GRB14"
"M2"	"BioGrid"	"SERPINA5"
"M2"	"BioGrid"	"SERPINE2"
"M2"	"BioGrid"	"CLEC3B"
"M2"	"BioGrid"	"MT2A"
"M2"	"BioGrid"	"MMP2"
"M2"	"BioGrid"	"ARFGEF3"
"M2"	"BioGrid"	"GCGR"
"M2"	"BioGrid"	"CNN2"
"M2"	"BioGrid"	"TNFRSF10C"
"M2"	"BioGrid"	"EDA2R"
"M2"	"BioGrid"	"BST2"
"M2"	"BioGrid"	"PLAGL1"
"M2"	"BioGrid"	"RASSF6"
"M2"	"BioGrid"	"RGS5"
"M2"	"BioGrid"	"ODAM"
"M2"	"BioGrid"	"KCNK5"
"M2"	"BioGrid"	"HPGD"
"M2"	"BioGrid"	"HMGCS2"
"M2"	"BioGrid"	"RAB38"
"M2"	"BioGrid"	"SPEG"
"M2"	"BioGrid"	"MPV17L"
"M2"	"BioGrid"	"TMEM35A"
"M2"	"BioGrid"	"PLA1A"
"M2"	"BioGrid"	"DMKN"
"M2"	"BioGrid"	"ZNF483"
"M2"	"BioGrid"	"BSND"
"M2"	"BioGrid"	"FAM131C"
"M2"	"BioGrid"	"HRASLS5"
"M2"	"BioGrid"	"NBPF3"
"M2"	"BioGrid"	"BHMT2"
"M2"	"BioGrid"	"SGK2"
"M2"	"BioGrid"	"HSPB7"
"M2"	"BioGrid"	"F7"
"M2"	"BioGrid"	"HOXA7"
"M2"	"BioGrid"	"SIM1"
"M2"	"BioGrid"	"NAP1L2"
"M2"	"BioGrid"	"MAL"
"M2"	"BioGrid"	"CD24"
"M2"	"BioGrid"	"ATP6V0A4"
"M2"	"BioGrid"	"MKX"
"M2"	"BioGrid"	"TIMP3"
"M2"	"BioGrid"	"LCN2"
"M2"	"BioGrid"	"ADRA2B"
"M2"	"BioGrid"	"TRIM50"
"M2"	"BioGrid"	"DUSP9"
"M2"	"BioGrid"	"CYP39A1"
"M2"	"BioGrid"	"CACNA1H"
"M2"	"BioGrid"	"DSCAML1"
"M2"	"BioGrid"	"PAPPA2"
"M2"	"BioGrid"	"HOXA10"
"M2"	"BioGrid"	"CORO2B"
"M2"	"BioGrid"	"WFDC2"
"M2"	"BioGrid"	"SCN2A"
"M2"	"BioGrid"	"FGF9"
"M2"	"BioGrid"	"NRG2"
"M2"	"BioGrid"	"CRB3"
"M2"	"BioGrid"	"ASIC2"
"M2"	"BioGrid"	"AOX1"
"M2"	"BioGrid"	"SLC6A2"
"M2"	"BioGrid"	"FBXL16"
"M2"	"BioGrid"	"WNT5A"
"M2"	"BioGrid"	"HOXA5"
"M2"	"BioGrid"	"OGDHL"
"M2"	"BioGrid"	"SCNN1A"
"M2"	"BioGrid"	"SLC38A3"
"M2"	"BioGrid"	"LAMP3"
"M2"	"BioGrid"	"LOXL1"
"M2"	"BioGrid"	"ADAMTSL5"
"M2"	"BioGrid"	"PROM1"
"M2"	"BioGrid"	"ARHGAP44"
"M2"	"BioGrid"	"PPP1R1B"
"M2"	"BioGrid"	"CHDH"
"M2"	"BioGrid"	"SCIN"
"M2"	"BioGrid"	"RSPH14"
"M2"	"BioGrid"	"CLDN8"
"M2"	"BioGrid"	"RIC3"
"M2"	"BioGrid"	"SCN1B"
"M2"	"BioGrid"	"PDLIM4"
"M2"	"BioGrid"	"LRP4"
"M2"	"BioGrid"	"FAM69B"
"M2"	"BioGrid"	"BOK"
"M2"	"BioGrid"	"BEX5"
"M2"	"BioGrid"	"FAXC"
"M2"	"BioGrid"	"FAM110C"
"M2"	"BioGrid"	"GGH"
"M2"	"BioGrid"	"UBE2QL1"
"M2"	"BioGrid"	"ELOVL7"
"M2"	"BioGrid"	"NPM2"
"M2"	"BioGrid"	"RHBG"
"M2"	"BioGrid"	"KCNQ4"
"M2"	"BioGrid"	"EPB41L4B"
"M2"	"HPRD"	"SLC2A4"
"M2"	"HPRD"	"MSX1"
"M2"	"HPRD"	"TFCP2L1"
"M2"	"HPRD"	"ESRRG"
"M2"	"HPRD"	"RAB6B"
"M2"	"HPRD"	"FAM107A"
"M2"	"HPRD"	"BEX2"
"M2"	"HPRD"	"SPATC1L"
"M2"	"HPRD"	"FKBP5"
"M2"	"HPRD"	"DSP"
"M2"	"HPRD"	"PLEKHB1"
"M2"	"HPRD"	"ANXA3"
"M2"	"HPRD"	"RET"
"M2"	"HPRD"	"MMP9"
"M2"	"HPRD"	"KCNMA1"
"M2"	"HPRD"	"FLNC"
"M2"	"HPRD"	"RUNX2"
"M2"	"HPRD"	"SOX6"
"M2"	"HPRD"	"USP2"
"M2"	"HPRD"	"HLF"
"M2"	"HPRD"	"BAIAP3"
"M2"	"HPRD"	"EGF"
"M2"	"HPRD"	"NGFR"
"M2"	"HPRD"	"HOXA9"
"M2"	"HPRD"	"NR0B2"
"M2"	"HPRD"	"SH3GL2"
"M2"	"HPRD"	"MME"
"M2"	"HPRD"	"EPHB2"
"M2"	"HPRD"	"ELF3"
"M2"	"HPRD"	"SHANK2"
"M2"	"HPRD"	"GRIP1"
"M2"	"HPRD"	"PGR"
"M2"	"HPRD"	"RAP1GAP"
"M2"	"HPRD"	"RND3"
"M2"	"HPRD"	"EPHA3"
"M2"	"HPRD"	"SSTR1"
"M2"	"HPRD"	"PDGFRA"
"M2"	"HPRD"	"MAPK4"
"M2"	"HPRD"	"ACSL6"
"M2"	"HPRD"	"ITGB7"
"M2"	"HPRD"	"CNTNAP2"
"M2"	"HPRD"	"XK"
"M2"	"HPRD"	"PLN"
"M2"	"HPRD"	"RND1"
"M2"	"HPRD"	"DOK7"
"M2"	"HPRD"	"ABLIM1"
"M2"	"HPRD"	"MYOT"
"M2"	"HPRD"	"COL7A1"
"M2"	"HPRD"	"KCNQ3"
"M2"	"HPRD"	"ATF3"
"M2"	"HPRD"	"RUNX1T1"
"M2"	"HPRD"	"TMPRSS2"
"M2"	"HPRD"	"DMTN"
"M2"	"HPRD"	"PEG10"
"M2"	"HPRD"	"PEG3"
"M2"	"HPRD"	"NRCAM"
"M2"	"HPRD"	"GNAO1"
"M2"	"HPRD"	"TTR"
"M2"	"HPRD"	"EVPL"
"M2"	"HPRD"	"CCND2"
"M2"	"HPRD"	"APOD"
"M2"	"HPRD"	"NRG4"
"M2"	"HPRD"	"KRT7"
"M2"	"HPRD"	"TDO2"
"M2"	"HPRD"	"EFS"
"M2"	"HPRD"	"GPD1"
"M2"	"HPRD"	"PRTFDC1"
"M2"	"HPRD"	"RASGRP1"
"M2"	"HPRD"	"TPPP"
"M2"	"HPRD"	"LAMA2"
"M2"	"HPRD"	"SGCE"
"M2"	"HPRD"	"CASR"
"M2"	"HPRD"	"LOX"
"M2"	"HPRD"	"RAB17"
"M2"	"HPRD"	"CYP17A1"
"M2"	"HPRD"	"NBEA"
"M2"	"HPRD"	"CEACAM1"
"M2"	"HPRD"	"BTC"
"M2"	"HPRD"	"GRB14"
"M2"	"HPRD"	"SERPINA5"
"M2"	"HPRD"	"SERPINE2"
"M2"	"HPRD"	"CLEC3B"
"M2"	"HPRD"	"TFPI2"
"M2"	"HPRD"	"SLC4A4"
"M2"	"HPRD"	"MT2A"
"M2"	"HPRD"	"MMP2"
"M2"	"HPRD"	"CTSK"
"M2"	"HPRD"	"GCGR"
"M2"	"HPRD"	"NPY1R"
"M2"	"HPRD"	"CNN2"
"M2"	"HPRD"	"TNFRSF10C"
"M2"	"HPRD"	"COL4A3"
"M2"	"HPRD"	"ROBO1"
"M2"	"HPRD"	"PLAGL1"
"M2"	"HPRD"	"RGS5"
"M2"	"HPRD"	"RAB38"
"M2"	"HPRD"	"PLA1A"
"M2"	"HPRD"	"FAM131C"
"M2"	"HPRD"	"NBPF3"
"M2"	"HPRD"	"F7"
"M2"	"HPRD"	"ENPP1"
"M2"	"HPRD"	"SIM1"
"M2"	"HPRD"	"CD24"
"M2"	"HPRD"	"NRTN"
"M2"	"HPRD"	"ATP6V0A4"
"M2"	"HPRD"	"TIMP3"
"M2"	"HPRD"	"LCN2"
"M2"	"HPRD"	"DUSP9"
"M2"	"HPRD"	"CACNA1H"
"M2"	"HPRD"	"DSCAML1"
"M2"	"HPRD"	"PAPPA2"
"M2"	"HPRD"	"HOXA10"
"M2"	"HPRD"	"CORO2B"
"M2"	"HPRD"	"SCN2A"
"M2"	"HPRD"	"FGF9"
"M2"	"HPRD"	"NRG2"
"M2"	"HPRD"	"RORC"
"M2"	"HPRD"	"CRB3"
"M2"	"HPRD"	"BMP6"
"M2"	"HPRD"	"SLC6A2"
"M2"	"HPRD"	"SYBU"
"M2"	"HPRD"	"CHI3L1"
"M2"	"HPRD"	"FLG"
"M2"	"HPRD"	"HOXA5"
"M2"	"HPRD"	"SCNN1A"
"M2"	"HPRD"	"LOXL1"
"M2"	"HPRD"	"FSD1"
"M2"	"HPRD"	"DNASE1"
"M2"	"HPRD"	"ARHGAP44"
"M2"	"HPRD"	"ARHGAP8"
"M2"	"HPRD"	"PPP1R1B"
"M2"	"HPRD"	"PCP4"
"M2"	"HPRD"	"SCIN"
"M2"	"HPRD"	"TRHDE"
"M2"	"HPRD"	"RSPH14"
"M2"	"HPRD"	"CLDN8"
"M2"	"HPRD"	"ADCY1"
"M2"	"HPRD"	"PDLIM4"
"M2"	"HPRD"	"GAS1"
"M2"	"HPRD"	"MMP24"
"M2"	"HPRD"	"BOK"
"M2"	"HPRD"	"SCUBE1"
"M2"	"HPRD"	"GGH"
"M2"	"HPRD"	"NOMO3"
"M2"	"IntAct"	"SLC2A4"
"M2"	"IntAct"	"MSX1"
"M2"	"IntAct"	"TFCP2L1"
"M2"	"IntAct"	"ESRRG"
"M2"	"IntAct"	"PSAT1"
"M2"	"IntAct"	"RAB6B"
"M2"	"IntAct"	"FAM107A"
"M2"	"IntAct"	"BEX2"
"M2"	"IntAct"	"SPATC1L"
"M2"	"IntAct"	"FKBP5"
"M2"	"IntAct"	"ADAMTSL4"
"M2"	"IntAct"	"OXCT1"
"M2"	"IntAct"	"RASSF10"
"M2"	"IntAct"	"CHD5"
"M2"	"IntAct"	"DSP"
"M2"	"IntAct"	"HSPA6"
"M2"	"IntAct"	"EPPK1"
"M2"	"IntAct"	"PLEKHB1"
"M2"	"IntAct"	"ANXA3"
"M2"	"IntAct"	"RET"
"M2"	"IntAct"	"MMP9"
"M2"	"IntAct"	"FLNC"
"M2"	"IntAct"	"RUNX2"
"M2"	"IntAct"	"EFHD1"
"M2"	"IntAct"	"SOX6"
"M2"	"IntAct"	"PIP5K1B"
"M2"	"IntAct"	"CDKN2A"
"M2"	"IntAct"	"USP2"
"M2"	"IntAct"	"BAIAP3"
"M2"	"IntAct"	"EGF"
"M2"	"IntAct"	"NGFR"
"M2"	"IntAct"	"HOXA9"
"M2"	"IntAct"	"NR0B2"
"M2"	"IntAct"	"SH3GL2"
"M2"	"IntAct"	"MME"
"M2"	"IntAct"	"EPHB2"
"M2"	"IntAct"	"ELF3"
"M2"	"IntAct"	"SHANK2"
"M2"	"IntAct"	"GRIP1"
"M2"	"IntAct"	"PGR"
"M2"	"IntAct"	"RAP1GAP"
"M2"	"IntAct"	"RND3"
"M2"	"IntAct"	"NKD2"
"M2"	"IntAct"	"THNSL2"
"M2"	"IntAct"	"EPHA3"
"M2"	"IntAct"	"PDGFRA"
"M2"	"IntAct"	"MAPK4"
"M2"	"IntAct"	"ACSL6"
"M2"	"IntAct"	"ITGB7"
"M2"	"IntAct"	"CNTNAP2"
"M2"	"IntAct"	"FGFR2"
"M2"	"IntAct"	"SFRP4"
"M2"	"IntAct"	"XK"
"M2"	"IntAct"	"PLN"
"M2"	"IntAct"	"RND1"
"M2"	"IntAct"	"HOXA3"
"M2"	"IntAct"	"DOK7"
"M2"	"IntAct"	"ABLIM1"
"M2"	"IntAct"	"MYOT"
"M2"	"IntAct"	"COL7A1"
"M2"	"IntAct"	"DIRAS3"
"M2"	"IntAct"	"ATF3"
"M2"	"IntAct"	"RUNX1T1"
"M2"	"IntAct"	"FLRT2"
"M2"	"IntAct"	"DMTN"
"M2"	"IntAct"	"PEG10"
"M2"	"IntAct"	"PEG3"
"M2"	"IntAct"	"PHLDA3"
"M2"	"IntAct"	"KLF15"
"M2"	"IntAct"	"GNAO1"
"M2"	"IntAct"	"TTR"
"M2"	"IntAct"	"EVPL"
"M2"	"IntAct"	"CCND2"
"M2"	"IntAct"	"APOD"
"M2"	"IntAct"	"NRG4"
"M2"	"IntAct"	"DMRTA1"
"M2"	"IntAct"	"KRT7"
"M2"	"IntAct"	"TDO2"
"M2"	"IntAct"	"EFS"
"M2"	"IntAct"	"CRYM"
"M2"	"IntAct"	"RPS6KA6"
"M2"	"IntAct"	"PRTFDC1"
"M2"	"IntAct"	"RASGRP1"
"M2"	"IntAct"	"TPPP"
"M2"	"IntAct"	"LAMA2"
"M2"	"IntAct"	"SGCE"
"M2"	"IntAct"	"CASR"
"M2"	"IntAct"	"FAM50B"
"M2"	"IntAct"	"KLHL13"
"M2"	"IntAct"	"MOB3B"
"M2"	"IntAct"	"LOX"
"M2"	"IntAct"	"RAB17"
"M2"	"IntAct"	"NUP62CL"
"M2"	"IntAct"	"CYP17A1"
"M2"	"IntAct"	"NBEA"
"M2"	"IntAct"	"CEACAM1"
"M2"	"IntAct"	"BTC"
"M2"	"IntAct"	"GRB14"
"M2"	"IntAct"	"SERPINA5"
"M2"	"IntAct"	"CLEC3B"
"M2"	"IntAct"	"TFPI2"
"M2"	"IntAct"	"SLC4A4"
"M2"	"IntAct"	"MT2A"
"M2"	"IntAct"	"MMP2"
"M2"	"IntAct"	"CTSK"
"M2"	"IntAct"	"ARFGEF3"
"M2"	"IntAct"	"GCGR"
"M2"	"IntAct"	"NPY1R"
"M2"	"IntAct"	"TNFRSF10C"
"M2"	"IntAct"	"EDA2R"
"M2"	"IntAct"	"MT3"
"M2"	"IntAct"	"BST2"
"M2"	"IntAct"	"CAMSAP3"
"M2"	"IntAct"	"ROBO1"
"M2"	"IntAct"	"PLAGL1"
"M2"	"IntAct"	"RASSF6"
"M2"	"IntAct"	"GOLGA8A"
"M2"	"IntAct"	"BICDL1"
"M2"	"IntAct"	"ODAM"
"M2"	"IntAct"	"SPEG"
"M2"	"IntAct"	"DMKN"
"M2"	"IntAct"	"ZNF483"
"M2"	"IntAct"	"BSND"
"M2"	"IntAct"	"FAM131C"
"M2"	"IntAct"	"NBPF3"
"M2"	"IntAct"	"SGK2"
"M2"	"IntAct"	"HSPB7"
"M2"	"IntAct"	"F7"
"M2"	"IntAct"	"HOXA7"
"M2"	"IntAct"	"GPIHBP1"
"M2"	"IntAct"	"MAL"
"M2"	"IntAct"	"MKX"
"M2"	"IntAct"	"STK32B"
"M2"	"IntAct"	"TIMP3"
"M2"	"IntAct"	"ADRA2B"
"M2"	"IntAct"	"TRIM50"
"M2"	"IntAct"	"DUSP9"
"M2"	"IntAct"	"TMEM98"
"M2"	"IntAct"	"PCSK1N"
"M2"	"IntAct"	"CACNA1H"
"M2"	"IntAct"	"PAPPA2"
"M2"	"IntAct"	"HOXA10"
"M2"	"IntAct"	"CORO2B"
"M2"	"IntAct"	"SCN2A"
"M2"	"IntAct"	"RORC"
"M2"	"IntAct"	"CRB3"
"M2"	"IntAct"	"ASIC2"
"M2"	"IntAct"	"AOX1"
"M2"	"IntAct"	"ARG2"
"M2"	"IntAct"	"SLC6A2"
"M2"	"IntAct"	"FBXL16"
"M2"	"IntAct"	"SYBU"
"M2"	"IntAct"	"WNT5A"
"M2"	"IntAct"	"FLG"
"M2"	"IntAct"	"OTUD7A"
"M2"	"IntAct"	"HOXA5"
"M2"	"IntAct"	"SCNN1A"
"M2"	"IntAct"	"PALM"
"M2"	"IntAct"	"PCDHA10"
"M2"	"IntAct"	"STOX1"
"M2"	"IntAct"	"PYY"
"M2"	"IntAct"	"LAMP3"
"M2"	"IntAct"	"LOXL1"
"M2"	"IntAct"	"KIAA1549L"
"M2"	"IntAct"	"FSD1"
"M2"	"IntAct"	"PROM1"
"M2"	"IntAct"	"ARHGAP44"
"M2"	"IntAct"	"CHDH"
"M2"	"IntAct"	"SCIN"
"M2"	"IntAct"	"RSPH14"
"M2"	"IntAct"	"CLDN8"
"M2"	"IntAct"	"TSPAN12"
"M2"	"IntAct"	"PDLIM4"
"M2"	"IntAct"	"EPN3"
"M2"	"IntAct"	"LRP4"
"M2"	"IntAct"	"FAM69B"
"M2"	"IntAct"	"BOK"
"M2"	"IntAct"	"BEX5"
"M2"	"IntAct"	"HOGA1"
"M2"	"IntAct"	"FAXC"
"M2"	"IntAct"	"ZNF385C"
"M2"	"IntAct"	"AQP7"
"M2"	"IntAct"	"FCGBP"
"M2"	"IntAct"	"DDO"
"M2"	"IntAct"	"NOMO3"
"M2"	"IntAct"	"ELOVL7"
"M2"	"IntAct"	"NPM2"
"M2"	"IntAct_Mouse"	"SLC2A4"
"M2"	"IntAct_Mouse"	"MSX1"
"M2"	"IntAct_Mouse"	"TFCP2L1"
"M2"	"IntAct_Mouse"	"ESRRG"
"M2"	"IntAct_Mouse"	"FKBP5"
"M2"	"IntAct_Mouse"	"OXCT1"
"M2"	"IntAct_Mouse"	"RET"
"M2"	"IntAct_Mouse"	"KCNMA1"
"M2"	"IntAct_Mouse"	"PCK1"
"M2"	"IntAct_Mouse"	"RUNX2"
"M2"	"IntAct_Mouse"	"HLF"
"M2"	"IntAct_Mouse"	"EGF"
"M2"	"IntAct_Mouse"	"NR0B2"
"M2"	"IntAct_Mouse"	"SH3GL2"
"M2"	"IntAct_Mouse"	"GRIP1"
"M2"	"IntAct_Mouse"	"RND3"
"M2"	"IntAct_Mouse"	"NKD2"
"M2"	"IntAct_Mouse"	"SSTR1"
"M2"	"IntAct_Mouse"	"DOK7"
"M2"	"IntAct_Mouse"	"COL7A1"
"M2"	"IntAct_Mouse"	"KCNQ3"
"M2"	"IntAct_Mouse"	"NRCAM"
"M2"	"IntAct_Mouse"	"GNAO1"
"M2"	"IntAct_Mouse"	"CCND2"
"M2"	"IntAct_Mouse"	"KRT7"
"M2"	"IntAct_Mouse"	"CRYM"
"M2"	"IntAct_Mouse"	"LOX"
"M2"	"IntAct_Mouse"	"SERPINA5"
"M2"	"IntAct_Mouse"	"SLC4A4"
"M2"	"IntAct_Mouse"	"CTSK"
"M2"	"IntAct_Mouse"	"BICDL1"
"M2"	"IntAct_Mouse"	"DUSP9"
"M2"	"IntAct_Mouse"	"CLDN8"
"M2"	"IntAct_Mouse"	"PDLIM4"
"M2"	"IntAct_Mouse"	"LRP4"
"M2"	"BioGrid_Yeast"	"PSAT1"
"M2"	"BioGrid_Yeast"	"RAB6B"
"M2"	"BioGrid_Yeast"	"THNSL2"
"M2"	"BioGrid_Yeast"	"SLC4A4"
"M2"	"BioGrid_Yeast"	"GPT"
"M2"	"BioGrid_Yeast"	"SEC14L5"
"M2"	"IntAct_Fly"	"PSAT1"
"M2"	"IntAct_Fly"	"CHD5"
"M2"	"IntAct_Fly"	"BAIAP3"
"M2"	"IntAct_Fly"	"CNTNAP2"
"M2"	"IntAct_Fly"	"SDK2"
"M2"	"IntAct_Fly"	"NRCAM"
"M2"	"IntAct_Fly"	"APOD"
"M2"	"IntAct_Fly"	"EIF5AL1"
"M2"	"IntAct_Fly"	"TPPP"
"M2"	"IntAct_Fly"	"NBEA"
"M2"	"IntAct_Fly"	"CNN2"
"M2"	"IntAct_Fly"	"ROBO1"
"M2"	"IntAct_Fly"	"BICDL1"
"M2"	"IntAct_Fly"	"ATP6V0A4"
"M2"	"IntAct_Fly"	"CNTN3"
"M2"	"IntAct_Fly"	"ALDH1L2"
"M2"	"IntAct_Rat"	"SLC2A4"
"M2"	"IntAct_Rat"	"RAB6B"
"M2"	"IntAct_Rat"	"FKBP5"
"M2"	"IntAct_Rat"	"KCNMA1"
"M2"	"IntAct_Rat"	"FLNC"
"M2"	"IntAct_Rat"	"NGFR"
"M2"	"IntAct_Rat"	"SH3GL2"
"M2"	"IntAct_Rat"	"SHANK2"
"M2"	"IntAct_Rat"	"GRIP1"
"M2"	"IntAct_Rat"	"PDGFRA"
"M2"	"IntAct_Rat"	"GNAO1"
"M2"	"IntAct_Rat"	"RPS6KA6"
"M2"	"IntAct_Rat"	"CASR"
"M2"	"IntAct_Rat"	"GRB14"
"M2"	"IntAct_Rat"	"ROBO1"
"M2"	"IntAct_Rat"	"CACNA2D2"
"M2"	"IntAct_Rat"	"DUSP9"
"M2"	"IntAct_Rat"	"SCN2A"
"M2"	"IntAct_Rat"	"ASIC2"
"M2"	"IntAct_Rat"	"SCN1B"
"M2"	"BioGrid_Mouse"	"SLC2A4"
"M2"	"BioGrid_Mouse"	"MSX1"
"M2"	"BioGrid_Mouse"	"TFCP2L1"
"M2"	"BioGrid_Mouse"	"ESRRG"
"M2"	"BioGrid_Mouse"	"CHD5"
"M2"	"BioGrid_Mouse"	"PLEKHB1"
"M2"	"BioGrid_Mouse"	"RET"
"M2"	"BioGrid_Mouse"	"MMP9"
"M2"	"BioGrid_Mouse"	"KCNMA1"
"M2"	"BioGrid_Mouse"	"RUNX2"
"M2"	"BioGrid_Mouse"	"SOX6"
"M2"	"BioGrid_Mouse"	"CDKN2A"
"M2"	"BioGrid_Mouse"	"USP2"
"M2"	"BioGrid_Mouse"	"HLF"
"M2"	"BioGrid_Mouse"	"NGFR"
"M2"	"BioGrid_Mouse"	"HOXA9"
"M2"	"BioGrid_Mouse"	"NR0B2"
"M2"	"BioGrid_Mouse"	"SH3GL2"
"M2"	"BioGrid_Mouse"	"MME"
"M2"	"BioGrid_Mouse"	"EPHB2"
"M2"	"BioGrid_Mouse"	"GRIK3"
"M2"	"BioGrid_Mouse"	"GRIP1"
"M2"	"BioGrid_Mouse"	"PGR"
"M2"	"BioGrid_Mouse"	"NKD2"
"M2"	"BioGrid_Mouse"	"PDGFRA"
"M2"	"BioGrid_Mouse"	"EMX1"
"M2"	"BioGrid_Mouse"	"SFRP4"
"M2"	"BioGrid_Mouse"	"KCNQ3"
"M2"	"BioGrid_Mouse"	"ATF3"
"M2"	"BioGrid_Mouse"	"RUNX1T1"
"M2"	"BioGrid_Mouse"	"NRCAM"
"M2"	"BioGrid_Mouse"	"GNAO1"
"M2"	"BioGrid_Mouse"	"BTC"
"M2"	"BioGrid_Mouse"	"EDA2R"
"M2"	"BioGrid_Mouse"	"ROBO1"
"M2"	"BioGrid_Mouse"	"CACNA1D"
"M2"	"BioGrid_Mouse"	"NAP1L2"
"M2"	"BioGrid_Mouse"	"ATP6V0A4"
"M2"	"BioGrid_Mouse"	"TRIM50"
"M2"	"BioGrid_Mouse"	"HOXA6"
"M2"	"BioGrid_Mouse"	"CACNA1H"
"M2"	"BioGrid_Mouse"	"HOXA10"
"M2"	"BioGrid_Mouse"	"SCN2A"
"M2"	"BioGrid_Mouse"	"RORC"
"M2"	"BioGrid_Mouse"	"FBXL16"
"M2"	"BioGrid_Mouse"	"WNT5A"
"M2"	"BioGrid_Mouse"	"HOXA5"
"M2"	"BioGrid_Mouse"	"SLC38A3"
"M2"	"BioGrid_Mouse"	"PROM1"
"M2"	"BioGrid_Mouse"	"PDLIM4"
"M2"	"BioGrid_Mouse"	"GAS1"
"M2"	"BioGrid_Mouse"	"HOXA4"
"M2"	"BioGrid_Rat"	"RET"
"M2"	"BioGrid_Rat"	"RUNX2"
"M2"	"BioGrid_Rat"	"USP2"
"M2"	"BioGrid_Rat"	"NGFR"
"M2"	"BioGrid_Rat"	"NR0B2"
"M2"	"BioGrid_Rat"	"SH3GL2"
"M2"	"BioGrid_Rat"	"SDK2"
"M2"	"BioGrid_Rat"	"GNAO1"
"M2"	"BioGrid_Rat"	"CCND2"
"M2"	"BioGrid_Rat"	"APOD"
"M2"	"INNATEDB"	"SLC2A4"
"M2"	"INNATEDB"	"MSX1"
"M2"	"INNATEDB"	"DSP"
"M2"	"INNATEDB"	"MMP9"
"M2"	"INNATEDB"	"PDPN"
"M2"	"INNATEDB"	"RUNX2"
"M2"	"INNATEDB"	"CDKN2A"
"M2"	"INNATEDB"	"USP2"
"M2"	"INNATEDB"	"HOXA9"
"M2"	"INNATEDB"	"NR0B2"
"M2"	"INNATEDB"	"GRIP1"
"M2"	"INNATEDB"	"NKD2"
"M2"	"INNATEDB"	"SSTR1"
"M2"	"INNATEDB"	"PDGFRA"
"M2"	"INNATEDB"	"ITGB7"
"M2"	"INNATEDB"	"FGFR2"
"M2"	"INNATEDB"	"RND1"
"M2"	"INNATEDB"	"RUNX1T1"
"M2"	"INNATEDB"	"TTR"
"M2"	"INNATEDB"	"CCND2"
"M2"	"INNATEDB"	"APOD"
"M2"	"INNATEDB"	"CRYM"
"M2"	"INNATEDB"	"RASGRP1"
"M2"	"INNATEDB"	"CEACAM1"
"M2"	"INNATEDB"	"TFPI2"
"M2"	"INNATEDB"	"MMP2"
"M2"	"INNATEDB"	"TNFRSF10C"
"M2"	"INNATEDB"	"MAL"
"M2"	"INNATEDB"	"TIMP3"
"M2"	"INNATEDB"	"TMEM98"
"M2"	"INNATEDB"	"FREM1"
"M2"	"INNATEDB"	"PCSK1N"
"M2"	"INNATEDB"	"CACNA1H"
"M2"	"INNATEDB"	"HOXA10"
"M2"	"INNATEDB"	"SLC6A12"
"M2"	"INNATEDB"	"NRG2"
"M2"	"INNATEDB"	"BMP6"
"M2"	"INNATEDB"	"OGDHL"
"M2"	"MINT_Mouse"	"RAB6B"
"M2"	"MINT_Mouse"	"KCNMA1"
"M2"	"MINT_Mouse"	"PIP5K1B"
"M2"	"MINT_Mouse"	"EGF"
"M2"	"MINT_Mouse"	"SH3GL2"
"M2"	"MINT_Mouse"	"RND3"
"M2"	"MINT_Mouse"	"SSTR1"
"M2"	"MINT_Mouse"	"PDGFRA"
"M2"	"MINT_Mouse"	"COL7A1"
"M2"	"MINT_Mouse"	"NRCAM"
"M2"	"MINT_Mouse"	"LOX"
"M2"	"MINT_Mouse"	"LOXL1"
"M2"	"MINT_Mouse"	"CLDN8"
"M2"	"MINT"	"SLC2A4"
"M2"	"MINT"	"ESRRG"
"M2"	"MINT"	"FAM107A"
"M2"	"MINT"	"ANXA3"
"M2"	"MINT"	"RET"
"M2"	"MINT"	"PDPN"
"M2"	"MINT"	"FLNC"
"M2"	"MINT"	"CDKN2A"
"M2"	"MINT"	"USP2"
"M2"	"MINT"	"EGF"
"M2"	"MINT"	"NGFR"
"M2"	"MINT"	"SH3GL2"
"M2"	"MINT"	"MME"
"M2"	"MINT"	"SHANK2"
"M2"	"MINT"	"GRIP1"
"M2"	"MINT"	"PGR"
"M2"	"MINT"	"RAP1GAP"
"M2"	"MINT"	"THNSL2"
"M2"	"MINT"	"PDGFRA"
"M2"	"MINT"	"ITGB7"
"M2"	"MINT"	"FGFR2"
"M2"	"MINT"	"RND1"
"M2"	"MINT"	"ABLIM1"
"M2"	"MINT"	"COL7A1"
"M2"	"MINT"	"ATF3"
"M2"	"MINT"	"RUNX1T1"
"M2"	"MINT"	"FLRT2"
"M2"	"MINT"	"DMTN"
"M2"	"MINT"	"PEG10"
"M2"	"MINT"	"GNAO1"
"M2"	"MINT"	"TTR"
"M2"	"MINT"	"CCND2"
"M2"	"MINT"	"APOD"
"M2"	"MINT"	"LPCAT2"
"M2"	"MINT"	"NRG4"
"M2"	"MINT"	"KRT7"
"M2"	"MINT"	"EFS"
"M2"	"MINT"	"GPD1"
"M2"	"MINT"	"RPS6KA6"
"M2"	"MINT"	"PRTFDC1"
"M2"	"MINT"	"TPPP"
"M2"	"MINT"	"FAM50B"
"M2"	"MINT"	"MOB3B"
"M2"	"MINT"	"NBEA"
"M2"	"MINT"	"CEACAM1"
"M2"	"MINT"	"SERPINA5"
"M2"	"MINT"	"TNFRSF10C"
"M2"	"MINT"	"ODAM"
"M2"	"MINT"	"BSND"
"M2"	"MINT"	"DUSP9"
"M2"	"MINT"	"COL16A1"
"M2"	"MINT"	"WFDC2"
"M2"	"MINT"	"SLC6A2"
"M2"	"MINT"	"SCNN1A"
"M2"	"MINT"	"SLC38A3"
"M2"	"MINT"	"LAMP3"
"M2"	"MINT"	"PPP1R1B"
"M2"	"MINT"	"CHDH"
"M2"	"MINT"	"PDLIM4"
"M2"	"MINT"	"BOK"
"M2"	"BCI"	"MSX1"
"M2"	"BCI"	"FKBP5"
"M2"	"BCI"	"DSP"
"M2"	"BCI"	"MMP9"
"M2"	"BCI"	"KCNMA1"
"M2"	"BCI"	"RUNX2"
"M2"	"BCI"	"CDKN2A"
"M2"	"BCI"	"EGF"
"M2"	"BCI"	"NGFR"
"M2"	"BCI"	"MME"
"M2"	"BCI"	"EPHB2"
"M2"	"BCI"	"RND3"
"M2"	"BCI"	"PDGFRA"
"M2"	"BCI"	"ITGB7"
"M2"	"BCI"	"COL7A1"
"M2"	"BCI"	"ATF3"
"M2"	"BCI"	"RUNX1T1"
"M2"	"BCI"	"DMTN"
"M2"	"BCI"	"EVPL"
"M2"	"BCI"	"CCND2"
"M2"	"BCI"	"APOD"
"M2"	"BCI"	"KRT7"
"M2"	"BCI"	"GPD1"
"M2"	"BCI"	"LOX"
"M2"	"BCI"	"CYP17A1"
"M2"	"BCI"	"CEACAM1"
"M2"	"BCI"	"MT2A"
"M2"	"BCI"	"CTSK"
"M2"	"BCI"	"COL4A3"
"M2"	"BCI"	"PLAGL1"
"M2"	"BCI"	"CACNA1D"
"M2"	"BCI"	"F7"
"M2"	"BCI"	"LCN2"
"M2"	"BCI"	"ASIC2"
"M2"	"BCI"	"SLC6A2"
"M2"	"BCI"	"GAS1"
"M2"	"DIP"	"FKBP5"
"M2"	"DIP"	"DSP"
"M2"	"DIP"	"RET"
"M2"	"DIP"	"MMP9"
"M2"	"DIP"	"KCNMA1"
"M2"	"DIP"	"FLNC"
"M2"	"DIP"	"RUNX2"
"M2"	"DIP"	"CDKN2A"
"M2"	"DIP"	"USP2"
"M2"	"DIP"	"EGF"
"M2"	"DIP"	"NGFR"
"M2"	"DIP"	"NR0B2"
"M2"	"DIP"	"SH3GL2"
"M2"	"DIP"	"EPHB2"
"M2"	"DIP"	"SHANK2"
"M2"	"DIP"	"PGR"
"M2"	"DIP"	"NKD2"
"M2"	"DIP"	"EPHA3"
"M2"	"DIP"	"FGFR2"
"M2"	"DIP"	"ATF3"
"M2"	"DIP"	"RUNX1T1"
"M2"	"DIP"	"LARGE2"
"M2"	"DIP"	"TTR"
"M2"	"DIP"	"KCNJ11"
"M2"	"DIP"	"CASR"
"M2"	"DIP"	"LOX"
"M2"	"DIP"	"GRB14"
"M2"	"DIP"	"SERPINA5"
"M2"	"DIP"	"SLC4A4"
"M2"	"DIP"	"MMP2"
"M2"	"DIP"	"BST2"
"M2"	"DIP"	"ROBO1"
"M2"	"DIP"	"F7"
"M2"	"DIP"	"FGF9"
"M2"	"DIP"	"RORC"
"M2"	"DIP"	"CLCNKA"
"M2"	"DIP"	"KLRF1"
"M2"	"DIP"	"RHCG"
"M2"	"BIND_Rat"	"NGFR"
"M2"	"BIND_Rat"	"SH3GL2"
"M2"	"BIND_Rat"	"SHANK2"
"M2"	"BIND_Rat"	"GRIP1"
"M2"	"BIND_Rat"	"TTR"
"M2"	"BIND_Rat"	"CEACAM1"
"M2"	"BIND_Rat"	"SCN2A"
"M2"	"BIND_Rat"	"BOK"
"M2"	"IntAct_Yeast"	"PSAT1"
"M2"	"IntAct_Yeast"	"RAB6B"
"M2"	"IntAct_Yeast"	"THNSL2"
"M2"	"IntAct_Yeast"	"SLC38A11"
"M2"	"YeastLow"	"PSAT1"
"M2"	"YeastLow"	"THNSL2"
"M2"	"YeastLow"	"SLC4A4"
"M2"	"YeastLow"	"GPT"
"M2"	"YeastLow"	"SEC14L5"
"M2"	"BioGrid_Fly"	"ESRRG"
"M2"	"BioGrid_Fly"	"PSAT1"
"M2"	"BioGrid_Fly"	"CHD5"
"M2"	"BioGrid_Fly"	"HLF"
"M2"	"BioGrid_Fly"	"CNTNAP2"
"M2"	"BioGrid_Fly"	"CA10"
"M2"	"BioGrid_Fly"	"NRCAM"
"M2"	"BioGrid_Fly"	"GNAO1"
"M2"	"BioGrid_Fly"	"CCND2"
"M2"	"BioGrid_Fly"	"EIF5AL1"
"M2"	"BioGrid_Fly"	"CRYM"
"M2"	"BioGrid_Fly"	"GPD1"
"M2"	"BioGrid_Fly"	"TPPP"
"M2"	"BioGrid_Fly"	"CNN2"
"M2"	"BioGrid_Fly"	"ROBO1"
"M2"	"BioGrid_Fly"	"ATP6V0A4"
"M2"	"BioGrid_Fly"	"STK32B"
"M2"	"BioGrid_Fly"	"DSCAML1"
"M2"	"BioGrid_Fly"	"SCN2A"
"M2"	"BioGrid_Fly"	"ADCY1"
"M2"	"BIND_Fly"	"PSAT1"
"M2"	"BIND_Fly"	"CHD5"
"M2"	"BIND_Fly"	"CNTNAP2"
"M2"	"BIND_Fly"	"FGFR2"
"M2"	"BIND_Fly"	"CA10"
"M2"	"BIND_Fly"	"GNAO1"
"M2"	"BIND_Fly"	"TPPP"
"M2"	"BIND_Fly"	"CNN2"
"M2"	"BIND_Fly"	"ROBO1"
"M2"	"BIND_Fly"	"ATP6V0A4"
"M2"	"DIP_Fly"	"ESRRG"
"M2"	"DIP_Fly"	"PSAT1"
"M2"	"DIP_Fly"	"CA10"
"M2"	"DIP_Fly"	"NRCAM"
"M2"	"DIP_Fly"	"GNAO1"
"M2"	"DIP_Fly"	"CCND2"
"M2"	"DIP_Fly"	"APOD"
"M2"	"DIP_Fly"	"EIF5AL1"
"M2"	"DIP_Fly"	"GPD1"
"M2"	"DIP_Fly"	"TPPP"
"M2"	"DIP_Fly"	"NBEA"
"M2"	"DIP_Fly"	"ROBO1"
"M2"	"DIP_Fly"	"ATP6V0A4"
"M2"	"DIP_Fly"	"DNAJC22"
"M2"	"FlyLow"	"CHD5"
"M2"	"FlyLow"	"CA10"
"M2"	"FlyLow"	"GNAO1"
"M2"	"FlyLow"	"TPPP"
"M2"	"FlyLow"	"ATP6V0A4"
"M2"	"MINT_Fly"	"PSAT1"
"M2"	"MINT_Fly"	"CA10"
"M2"	"MINT_Fly"	"TPPP"
"M2"	"MINT_Fly"	"ATP6V0A4"
"M2"	"MINT_Fly"	"DNAJC22"
"M2"	"Miller_WntLumier"	"NKD2"
"M2"	"VidalHuman_non_core"	"FAM107A"
"M2"	"VidalHuman_non_core"	"ADAMTSL4"
"M2"	"VidalHuman_non_core"	"ABLIM1"
"M2"	"VidalHuman_non_core"	"RUNX1T1"
"M2"	"VidalHuman_non_core"	"SERPINA5"
"M2"	"VidalHuman_non_core"	"RORC"
"M2"	"VidalHuman_core"	"FAM107A"
"M2"	"VidalHuman_core"	"ADAMTSL4"
"M2"	"VidalHuman_core"	"USP2"
"M2"	"VidalHuman_core"	"HOXA9"
"M2"	"VidalHuman_core"	"ABLIM1"
"M2"	"VidalHuman_core"	"RUNX1T1"
"M2"	"VidalHuman_core"	"CCND2"
"M2"	"VidalHuman_core"	"TDO2"
"M2"	"VidalHuman_core"	"PRTFDC1"
"M2"	"VidalHuman_core"	"PDLIM4"
"M2"	"BIND"	"SLC2A4"
"M2"	"BIND"	"MSX1"
"M2"	"BIND"	"DSP"
"M2"	"BIND"	"MMP9"
"M2"	"BIND"	"KCNMA1"
"M2"	"BIND"	"FLNC"
"M2"	"BIND"	"CDKN2A"
"M2"	"BIND"	"HLF"
"M2"	"BIND"	"EGF"
"M2"	"BIND"	"NGFR"
"M2"	"BIND"	"SH3GL2"
"M2"	"BIND"	"EPHB2"
"M2"	"BIND"	"PGR"
"M2"	"BIND"	"RAP1GAP"
"M2"	"BIND"	"FGFR2"
"M2"	"BIND"	"PLN"
"M2"	"BIND"	"COL7A1"
"M2"	"BIND"	"ATF3"
"M2"	"BIND"	"RUNX1T1"
"M2"	"BIND"	"NRCAM"
"M2"	"BIND"	"TTR"
"M2"	"BIND"	"CCND2"
"M2"	"BIND"	"KCNJ11"
"M2"	"BIND"	"GRB14"
"M2"	"BIND"	"MMP2"
"M2"	"BIND"	"CTSK"
"M2"	"BIND"	"F7"
"M2"	"BIND"	"CACNA1H"
"M2"	"BIND"	"DSCAML1"
"M2"	"BIND"	"HOXA10"
"M2"	"BIND"	"FGF9"
"M2"	"BIND"	"CHI3L1"
"M2"	"BIND"	"HOXA5"
"M2"	"BIND"	"DNASE1"
"M2"	"BIND"	"ARHGAP8"
"M2"	"BIND"	"LRP4"
"M2"	"BIND"	"GGH"
"M2"	"Krogan_NonCore"	"THNSL2"
"M2"	"StelzlMedium"	"ANXA3"
"M2"	"StelzlMedium"	"PDPN"
"M2"	"StelzlMedium"	"RAP1GAP"
"M2"	"StelzlMedium"	"THNSL2"
"M2"	"StelzlMedium"	"ATF3"
"M2"	"StelzlMedium"	"DMTN"
"M2"	"StelzlMedium"	"TTR"
"M2"	"StelzlMedium"	"RPS6KA6"
"M2"	"StelzlMedium"	"SERPINA5"
"M2"	"StelzlMedium"	"TNFRSF10C"
"M2"	"StelzlMedium"	"WFDC2"
"M2"	"StelzlMedium"	"SLC38A3"
"M2"	"StelzlMedium"	"FAM69B"
"M2"	"MINT_Rat"	"SLC2A4"
"M2"	"MINT_Rat"	"RAB6B"
"M2"	"MINT_Rat"	"NGFR"
"M2"	"MINT_Rat"	"SH3GL2"
"M2"	"MINT_Rat"	"SHANK2"
"M2"	"MINT_Rat"	"GRIP1"
"M2"	"MINT_Rat"	"GNAO1"
"M2"	"BIND_Mouse"	"MSX1"
"M2"	"BIND_Mouse"	"ESRRG"
"M2"	"BIND_Mouse"	"RAB6B"
"M2"	"BIND_Mouse"	"GRIP1"
"M2"	"BIND_Mouse"	"EPHA3"
"M2"	"BIND_Mouse"	"RND1"
"M2"	"BIND_Mouse"	"GNAO1"
"M2"	"BIND_Mouse"	"SEMA6D"
"M2"	"BIND_Mouse"	"BMP6"
"M2"	"Pawson4"	"RET"
"M2"	"INNATEDB_Mouse"	"RET"
"M2"	"INNATEDB_Mouse"	"FLNC"
"M2"	"INNATEDB_Mouse"	"RUNX2"
"M2"	"INNATEDB_Mouse"	"ELF3"
"M2"	"INNATEDB_Mouse"	"ATF3"
"M2"	"INNATEDB_Mouse"	"RUNX1T1"
"M2"	"INNATEDB_Mouse"	"TTR"
"M2"	"INNATEDB_Mouse"	"HOXA7"
"M2"	"INNATEDB_Mouse"	"LCN2"
"M2"	"INNATEDB_Mouse"	"RORC"
"M2"	"INNATEDB_Mouse"	"ARG2"
"M2"	"INNATEDB_Mouse"	"SLC11A1"
"M2"	"INNATEDB_Mouse"	"IRX3"
"M2"	"INNATEDB_Mouse"	"IL17RD"
"M2"	"StelzlHigh"	"ANXA3"
"M2"	"StelzlHigh"	"ATF3"
"M2"	"StelzlHigh"	"TTR"
"M2"	"StelzlHigh"	"GPD1"
"M2"	"ShawnLi"	"EFS"
"M2"	"YeastHigh"	"THNSL2"
"M2"	"DIP_Rat"	"NGFR"
"M2"	"DIP_Rat"	"MAL"
"M2"	"DIP_Rat"	"ARG2"
"M2"	"DIP_Mouse"	"RUNX2"
"M2"	"DIP_Mouse"	"SH3GL2"
"M2"	"DIP_Mouse"	"CCND2"
"M2"	"DIP_Mouse"	"KCNJ11"
"M2"	"DIP_Mouse"	"ENPP1"
"M2"	"DIP_Mouse"	"RORC"
"M2"	"DIP_Mouse"	"SCNN1A"
"M2"	"DIP_Mouse"	"EPN3"
"M2"	"DIP_Mouse"	"SGSM1"
"M2"	"DIP_Yeast"	"PSAT1"
"M2"	"DIP_Yeast"	"RAB6B"
"M2"	"DIP_Yeast"	"THNSL2"
"M2"	"DIP_Yeast"	"SLC38A11"
"M2"	"StelzlLow"	"COL7A1"
"M2"	"StelzlLow"	"DMTN"
"M2"	"StelzlLow"	"PPP1R1B"
"M2"	"FlyHigh"	"ESRRG"
"M2"	"FlyHigh"	"PSAT1"
"M2"	"FlyHigh"	"GNAO1"
"M2"	"FlyHigh"	"EIF5AL1"
"M2"	"FlyHigh"	"CNN2"
"M2"	"YeastMedium"	"GPT"
"M2"	"I2D-text_mining-c"	"RET"
"M2"	"IntAct_Worm"	"TDO2"
"M2"	"IntAct_Worm"	"GPD1"
"M2"	"IntAct_Worm"	"PLCXD2"
"M2"	"BIND_Yeast"	"RAB6B"
"M2"	"MINT_Yeast"	"RAB6B"
"M2"	"MGI"	"SOX6"
"M2"	"MGI"	"CCND2"
"M2"	"MGI"	"BMP6"
"M2"	"MGI"	"WNT5A"
"M2"	"MGI"	"GAS1"
"M2"	"BioGrid_Worm"	"GNAO1"
"M2"	"BioGrid_Worm"	"TDO2"
"M2"	"BIND_Worm"	"GNAO1"
"M2"	"BIND_Worm"	"TDO2"
"M2"	"DIP_Worm"	"TDO2"
"M2"	"DIP_Worm"	"SLC6A2"
"M2"	"MINT_Worm"	"GNAO1"
"M2"	"MINT_Worm"	"TDO2"
"M2"	"LITERATURE"	"GNAO1"
"M2"	"NON_CORE"	"GNAO1"
"M2"	"FlyEmbryo"	"CNTNAP2"
"M2"	"I2D-c_Fiona_HUMAN"	"MMP9"
"M2"	"I2D-c_Fiona_HUMAN"	"MMP2"
"M2"	"Fawcett_polarity"	"DSP"
"M3"	"BioGrid_Mouse"	"KCNK1"
"M3"	"BioGrid_Mouse"	"ZFP36"
"M3"	"BioGrid_Mouse"	"TYROBP"
"M3"	"BioGrid_Mouse"	"FOS"
"M3"	"BioGrid_Mouse"	"EGR1"
"M3"	"BioGrid_Mouse"	"IRF8"
"M3"	"BioGrid_Mouse"	"CD14"
"M3"	"BioGrid_Mouse"	"ANXA1"
"M3"	"BioGrid_Mouse"	"CD3E"
"M3"	"BioGrid_Mouse"	"TNFRSF14"
"M3"	"BioGrid_Mouse"	"MAPK8IP2"
"M3"	"BioGrid_Mouse"	"ARHGAP22"
"M3"	"BioGrid_Mouse"	"SOCS3"
"M3"	"BioGrid_Mouse"	"LIPC"
"M3"	"BioGrid_Mouse"	"EGR2"
"M3"	"BioGrid_Mouse"	"APOE"
"M3"	"BioGrid_Mouse"	"ZBTB7C"
"M3"	"BioGrid_Mouse"	"SLC1A3"
"M3"	"BioGrid_Mouse"	"FCGR1A"
"M3"	"BioGrid_Mouse"	"CD86"
"M3"	"BioGrid_Mouse"	"CSF3R"
"M3"	"BioGrid_Mouse"	"ITGB2"
"M3"	"BioGrid_Mouse"	"NOVA1"
"M3"	"BioGrid_Mouse"	"IL1B"
"M3"	"BioGrid_Mouse"	"HLA-DQB1"
"M3"	"BioGrid_Mouse"	"KCNAB2"
"M3"	"BioGrid_Mouse"	"ALOX5"
"M3"	"BioGrid_Mouse"	"HAVCR2"
"M3"	"BioGrid_Mouse"	"MYO7A"
"M3"	"BioGrid_Mouse"	"FOSB"
"M3"	"BioGrid_Mouse"	"PTGS1"
"M3"	"BioGrid_Mouse"	"DUSP2"
"M3"	"BioGrid_Mouse"	"TLE6"
"M3"	"BioGrid_Mouse"	"NR4A3"
"M3"	"BioGrid_Mouse"	"ASIC1"
"M3"	"BioGrid_Mouse"	"ANKRD22"
"M3"	"IntAct"	"KCNK1"
"M3"	"IntAct"	"VCAM1"
"M3"	"IntAct"	"ZFP36"
"M3"	"IntAct"	"HIST1H1C"
"M3"	"IntAct"	"CRYAB"
"M3"	"IntAct"	"TYROBP"
"M3"	"IntAct"	"FOS"
"M3"	"IntAct"	"LYZ"
"M3"	"IntAct"	"EGR1"
"M3"	"IntAct"	"ADAMTS4"
"M3"	"IntAct"	"SGK1"
"M3"	"IntAct"	"IL7R"
"M3"	"IntAct"	"IRF8"
"M3"	"IntAct"	"C3"
"M3"	"IntAct"	"EPB41L3"
"M3"	"IntAct"	"S100A8"
"M3"	"IntAct"	"CD14"
"M3"	"IntAct"	"LY96"
"M3"	"IntAct"	"ANXA1"
"M3"	"IntAct"	"TNFRSF10A"
"M3"	"IntAct"	"CD44"
"M3"	"IntAct"	"S100A9"
"M3"	"IntAct"	"PRKCB"
"M3"	"IntAct"	"CD3E"
"M3"	"IntAct"	"CCR5"
"M3"	"IntAct"	"TNFRSF14"
"M3"	"IntAct"	"MAPK8IP2"
"M3"	"IntAct"	"ARHGAP22"
"M3"	"IntAct"	"CCL3"
"M3"	"IntAct"	"SOCS3"
"M3"	"IntAct"	"HSPB8"
"M3"	"IntAct"	"SNAI1"
"M3"	"IntAct"	"LDOC1"
"M3"	"IntAct"	"LIPC"
"M3"	"IntAct"	"ACP5"
"M3"	"IntAct"	"EGR2"
"M3"	"IntAct"	"APOE"
"M3"	"IntAct"	"RGS1"
"M3"	"IntAct"	"CSF2RA"
"M3"	"IntAct"	"CXCL8"
"M3"	"IntAct"	"IL32"
"M3"	"IntAct"	"FOSL1"
"M3"	"IntAct"	"FPR1"
"M3"	"IntAct"	"PTGDS"
"M3"	"IntAct"	"CHGB"
"M3"	"IntAct"	"SLC1A3"
"M3"	"IntAct"	"GRIK5"
"M3"	"IntAct"	"CD8A"
"M3"	"IntAct"	"FCGR1A"
"M3"	"IntAct"	"CREB5"
"M3"	"IntAct"	"PILRA"
"M3"	"IntAct"	"HLA-DQA1"
"M3"	"IntAct"	"GALNT12"
"M3"	"IntAct"	"C1QA"
"M3"	"IntAct"	"LILRB5"
"M3"	"IntAct"	"SLC2A3"
"M3"	"IntAct"	"CCR1"
"M3"	"IntAct"	"CTSW"
"M3"	"IntAct"	"CLEC7A"
"M3"	"IntAct"	"RGS2"
"M3"	"IntAct"	"CYBB"
"M3"	"IntAct"	"GAS7"
"M3"	"IntAct"	"CSF3R"
"M3"	"IntAct"	"SLAMF7"
"M3"	"IntAct"	"SERPINA1"
"M3"	"IntAct"	"HIST1H2AG"
"M3"	"IntAct"	"GZMA"
"M3"	"IntAct"	"CYP27A1"
"M3"	"IntAct"	"ITGB2"
"M3"	"IntAct"	"NOVA1"
"M3"	"IntAct"	"GCNT3"
"M3"	"IntAct"	"MSR1"
"M3"	"IntAct"	"CD48"
"M3"	"IntAct"	"MAP3K15"
"M3"	"IntAct"	"F13A1"
"M3"	"IntAct"	"ANKS1B"
"M3"	"IntAct"	"HBB"
"M3"	"IntAct"	"PLAU"
"M3"	"IntAct"	"MMP7"
"M3"	"IntAct"	"HGF"
"M3"	"IntAct"	"IL1B"
"M3"	"IntAct"	"TGFBI"
"M3"	"IntAct"	"ITGAM"
"M3"	"IntAct"	"CXCL12"
"M3"	"IntAct"	"KCNAB2"
"M3"	"IntAct"	"HLA-DRB1"
"M3"	"IntAct"	"HLA-DRA"
"M3"	"IntAct"	"C1QB"
"M3"	"IntAct"	"C1QC"
"M3"	"IntAct"	"CXCL10"
"M3"	"IntAct"	"EPSTI1"
"M3"	"IntAct"	"TYMP"
"M3"	"IntAct"	"CCL18"
"M3"	"IntAct"	"ANPEP"
"M3"	"IntAct"	"RGS10"
"M3"	"IntAct"	"ALOX5"
"M3"	"IntAct"	"OSM"
"M3"	"IntAct"	"EVI2A"
"M3"	"IntAct"	"LAIR1"
"M3"	"IntAct"	"RAB7B"
"M3"	"IntAct"	"SELE"
"M3"	"IntAct"	"TLR7"
"M3"	"IntAct"	"HLA-DOA"
"M3"	"IntAct"	"PCDH17"
"M3"	"IntAct"	"BASP1"
"M3"	"IntAct"	"CXCL9"
"M3"	"IntAct"	"IFI27"
"M3"	"IntAct"	"PALLD"
"M3"	"IntAct"	"RRAD"
"M3"	"IntAct"	"OLR1"
"M3"	"IntAct"	"APOL4"
"M3"	"IntAct"	"TMEM176A"
"M3"	"IntAct"	"UCP2"
"M3"	"IntAct"	"DUSP2"
"M3"	"IntAct"	"DUSP5"
"M3"	"IntAct"	"RNASE6"
"M3"	"IntAct"	"HLA-DPB1"
"M3"	"IntAct"	"ANKRD24"
"M3"	"IntAct"	"ASIC1"
"M3"	"IntAct"	"CD69"
"M3"	"IntAct"	"MPEG1"
"M3"	"IntAct"	"KLHDC7B"
"M3"	"IntAct"	"JPH1"
"M3"	"IntAct"	"GBP5"
"M3"	"IntAct"	"TMEM54"
"M3"	"DIP"	"KCNK1"
"M3"	"DIP"	"ZFP36"
"M3"	"DIP"	"CRYAB"
"M3"	"DIP"	"FOS"
"M3"	"DIP"	"CD44"
"M3"	"DIP"	"S100A9"
"M3"	"DIP"	"PRKCB"
"M3"	"DIP"	"CCR5"
"M3"	"DIP"	"TNFRSF14"
"M3"	"DIP"	"CCL3"
"M3"	"DIP"	"CD84"
"M3"	"DIP"	"APOE"
"M3"	"DIP"	"CXCL8"
"M3"	"DIP"	"FOSL1"
"M3"	"DIP"	"LIF"
"M3"	"DIP"	"CARD6"
"M3"	"DIP"	"CCR1"
"M3"	"DIP"	"CYBB"
"M3"	"DIP"	"CSF3R"
"M3"	"DIP"	"SERPINA1"
"M3"	"DIP"	"HIST1H2AG"
"M3"	"DIP"	"PLAUR"
"M3"	"DIP"	"ITGB2"
"M3"	"DIP"	"F13A1"
"M3"	"DIP"	"HBB"
"M3"	"DIP"	"HGF"
"M3"	"DIP"	"IL1B"
"M3"	"DIP"	"CXCL12"
"M3"	"DIP"	"HLA-DRB1"
"M3"	"DIP"	"ITGB6"
"M3"	"DIP"	"CXCL10"
"M3"	"DIP"	"CTSS"
"M3"	"DIP"	"CCL2"
"M3"	"DIP"	"SELE"
"M3"	"DIP"	"HLA-DOA"
"M3"	"DIP"	"CXCL9"
"M3"	"DIP"	"FOSB"
"M3"	"DIP"	"OLR1"
"M3"	"DIP_Mouse"	"VCAM1"
"M3"	"DIP_Mouse"	"HIST1H1C"
"M3"	"DIP_Mouse"	"TYROBP"
"M3"	"DIP_Mouse"	"FOS"
"M3"	"DIP_Mouse"	"SGK1"
"M3"	"DIP_Mouse"	"CYBB"
"M3"	"DIP_Mouse"	"HGF"
"M3"	"DIP_Mouse"	"OSM"
"M3"	"DIP_Mouse"	"SELE"
"M3"	"DIP_Fly"	"CRYAB"
"M3"	"DIP_Fly"	"SLC2A3"
"M3"	"DIP_Fly"	"HIST1H2AG"
"M3"	"DIP_Fly"	"CYP27A1"
"M3"	"INNATEDB"	"VCAM1"
"M3"	"INNATEDB"	"ZFP36"
"M3"	"INNATEDB"	"TYROBP"
"M3"	"INNATEDB"	"FOS"
"M3"	"INNATEDB"	"LYZ"
"M3"	"INNATEDB"	"EGR1"
"M3"	"INNATEDB"	"IL7R"
"M3"	"INNATEDB"	"IRF8"
"M3"	"INNATEDB"	"C3"
"M3"	"INNATEDB"	"S100A8"
"M3"	"INNATEDB"	"CD14"
"M3"	"INNATEDB"	"LY96"
"M3"	"INNATEDB"	"ANXA1"
"M3"	"INNATEDB"	"TNFRSF10A"
"M3"	"INNATEDB"	"CD44"
"M3"	"INNATEDB"	"S100A9"
"M3"	"INNATEDB"	"PRKCB"
"M3"	"INNATEDB"	"CCR5"
"M3"	"INNATEDB"	"TNFRSF14"
"M3"	"INNATEDB"	"C2"
"M3"	"INNATEDB"	"MAPK8IP2"
"M3"	"INNATEDB"	"CCL3"
"M3"	"INNATEDB"	"SOCS3"
"M3"	"INNATEDB"	"SNAI1"
"M3"	"INNATEDB"	"LDOC1"
"M3"	"INNATEDB"	"CSF2RA"
"M3"	"INNATEDB"	"CXCL8"
"M3"	"INNATEDB"	"IL32"
"M3"	"INNATEDB"	"FOSL1"
"M3"	"INNATEDB"	"CARD6"
"M3"	"INNATEDB"	"C1QA"
"M3"	"INNATEDB"	"HMOX1"
"M3"	"INNATEDB"	"SLC2A3"
"M3"	"INNATEDB"	"CCR1"
"M3"	"INNATEDB"	"CLEC7A"
"M3"	"INNATEDB"	"CYBB"
"M3"	"INNATEDB"	"CSF3R"
"M3"	"INNATEDB"	"SERPINA1"
"M3"	"INNATEDB"	"GZMA"
"M3"	"INNATEDB"	"PLAUR"
"M3"	"INNATEDB"	"ITGB2"
"M3"	"INNATEDB"	"MSR1"
"M3"	"INNATEDB"	"PLAU"
"M3"	"INNATEDB"	"IL1B"
"M3"	"INNATEDB"	"ITGAM"
"M3"	"INNATEDB"	"C3AR1"
"M3"	"INNATEDB"	"HLA-DRA"
"M3"	"INNATEDB"	"CXCL10"
"M3"	"INNATEDB"	"EPSTI1"
"M3"	"INNATEDB"	"CCL2"
"M3"	"INNATEDB"	"ALOX5"
"M3"	"INNATEDB"	"OSM"
"M3"	"INNATEDB"	"HAVCR2"
"M3"	"INNATEDB"	"EGR3"
"M3"	"INNATEDB"	"SELE"
"M3"	"INNATEDB"	"TLR7"
"M3"	"INNATEDB"	"ISG20"
"M3"	"INNATEDB"	"CXCL9"
"M3"	"INNATEDB"	"SLC6A6"
"M3"	"INNATEDB"	"STC1"
"M3"	"INNATEDB"	"APOL4"
"M3"	"INNATEDB"	"PADI2"
"M3"	"INNATEDB"	"NR4A3"
"M3"	"INNATEDB"	"CX3CR1"
"M3"	"INNATEDB"	"CD69"
"M3"	"INNATEDB"	"PITPNM3"
"M3"	"BioGrid"	"KCNK1"
"M3"	"BioGrid"	"VCAM1"
"M3"	"BioGrid"	"ZFP36"
"M3"	"BioGrid"	"HIST1H1C"
"M3"	"BioGrid"	"CRYAB"
"M3"	"BioGrid"	"TYROBP"
"M3"	"BioGrid"	"FOS"
"M3"	"BioGrid"	"EGR1"
"M3"	"BioGrid"	"ADAMTS4"
"M3"	"BioGrid"	"SGK1"
"M3"	"BioGrid"	"IL7R"
"M3"	"BioGrid"	"IRF8"
"M3"	"BioGrid"	"C3"
"M3"	"BioGrid"	"EPB41L3"
"M3"	"BioGrid"	"S100A8"
"M3"	"BioGrid"	"CD14"
"M3"	"BioGrid"	"ANXA1"
"M3"	"BioGrid"	"TNFRSF10A"
"M3"	"BioGrid"	"CD44"
"M3"	"BioGrid"	"S100A9"
"M3"	"BioGrid"	"PRKCB"
"M3"	"BioGrid"	"CD3E"
"M3"	"BioGrid"	"CCR5"
"M3"	"BioGrid"	"TNFRSF14"
"M3"	"BioGrid"	"MAPK8IP2"
"M3"	"BioGrid"	"CCL3"
"M3"	"BioGrid"	"SOCS3"
"M3"	"BioGrid"	"HSPB8"
"M3"	"BioGrid"	"SNAI1"
"M3"	"BioGrid"	"LDOC1"
"M3"	"BioGrid"	"LIPC"
"M3"	"BioGrid"	"PTGES"
"M3"	"BioGrid"	"ACP5"
"M3"	"BioGrid"	"EGR2"
"M3"	"BioGrid"	"CD84"
"M3"	"BioGrid"	"APOE"
"M3"	"BioGrid"	"RGS1"
"M3"	"BioGrid"	"CSF2RA"
"M3"	"BioGrid"	"BSN"
"M3"	"BioGrid"	"CXCL8"
"M3"	"BioGrid"	"IL32"
"M3"	"BioGrid"	"FOSL1"
"M3"	"BioGrid"	"FPR1"
"M3"	"BioGrid"	"ZBTB7C"
"M3"	"BioGrid"	"PTGDS"
"M3"	"BioGrid"	"CHGB"
"M3"	"BioGrid"	"GRIK5"
"M3"	"BioGrid"	"CARD6"
"M3"	"BioGrid"	"CD8A"
"M3"	"BioGrid"	"FCGR1A"
"M3"	"BioGrid"	"CREB5"
"M3"	"BioGrid"	"PILRA"
"M3"	"BioGrid"	"HLA-DQA1"
"M3"	"BioGrid"	"GALNT12"
"M3"	"BioGrid"	"C1QA"
"M3"	"BioGrid"	"HMOX1"
"M3"	"BioGrid"	"CCR1"
"M3"	"BioGrid"	"CLEC7A"
"M3"	"BioGrid"	"RGS2"
"M3"	"BioGrid"	"CD86"
"M3"	"BioGrid"	"CYBB"
"M3"	"BioGrid"	"GAS7"
"M3"	"BioGrid"	"CSF3R"
"M3"	"BioGrid"	"SLAMF7"
"M3"	"BioGrid"	"SERPINA1"
"M3"	"BioGrid"	"HIST1H2AG"
"M3"	"BioGrid"	"GZMA"
"M3"	"BioGrid"	"CYP27A1"
"M3"	"BioGrid"	"PLAUR"
"M3"	"BioGrid"	"HLA-DRB5"
"M3"	"BioGrid"	"ITGB2"
"M3"	"BioGrid"	"NOVA1"
"M3"	"BioGrid"	"GCNT3"
"M3"	"BioGrid"	"MSR1"
"M3"	"BioGrid"	"CD48"
"M3"	"BioGrid"	"F13A1"
"M3"	"BioGrid"	"ANKS1B"
"M3"	"BioGrid"	"HBB"
"M3"	"BioGrid"	"PLAU"
"M3"	"BioGrid"	"MMP7"
"M3"	"BioGrid"	"HGF"
"M3"	"BioGrid"	"IL1B"
"M3"	"BioGrid"	"TGFBI"
"M3"	"BioGrid"	"ITGAM"
"M3"	"BioGrid"	"VSIG4"
"M3"	"BioGrid"	"HLA-DQA2"
"M3"	"BioGrid"	"CXCL12"
"M3"	"BioGrid"	"KCNAB2"
"M3"	"BioGrid"	"HLA-DRB1"
"M3"	"BioGrid"	"HLA-DRA"
"M3"	"BioGrid"	"APOC1"
"M3"	"BioGrid"	"FCGR3A"
"M3"	"BioGrid"	"C1QB"
"M3"	"BioGrid"	"ITGB6"
"M3"	"BioGrid"	"CCL2"
"M3"	"BioGrid"	"SIGLEC8"
"M3"	"BioGrid"	"HLA-DPA1"
"M3"	"BioGrid"	"TYMP"
"M3"	"BioGrid"	"CCL18"
"M3"	"BioGrid"	"MAP9"
"M3"	"BioGrid"	"ANPEP"
"M3"	"BioGrid"	"RGS10"
"M3"	"BioGrid"	"ALOX5"
"M3"	"BioGrid"	"OSM"
"M3"	"BioGrid"	"GNLY"
"M3"	"BioGrid"	"EVI2A"
"M3"	"BioGrid"	"ARL4C"
"M3"	"BioGrid"	"MCTP2"
"M3"	"BioGrid"	"LAIR1"
"M3"	"BioGrid"	"HAVCR2"
"M3"	"BioGrid"	"RAB7B"
"M3"	"BioGrid"	"EBF4"
"M3"	"BioGrid"	"CELF4"
"M3"	"BioGrid"	"SELE"
"M3"	"BioGrid"	"KCNJ5"
"M3"	"BioGrid"	"SECTM1"
"M3"	"BioGrid"	"HLA-DOA"
"M3"	"BioGrid"	"MRC1"
"M3"	"BioGrid"	"MYO7A"
"M3"	"BioGrid"	"BASP1"
"M3"	"BioGrid"	"CXCL9"
"M3"	"BioGrid"	"IFI27"
"M3"	"BioGrid"	"PALLD"
"M3"	"BioGrid"	"RRAD"
"M3"	"BioGrid"	"FOSB"
"M3"	"BioGrid"	"APOL4"
"M3"	"BioGrid"	"PTGS1"
"M3"	"BioGrid"	"UCP2"
"M3"	"BioGrid"	"DUSP5"
"M3"	"BioGrid"	"LILRB4"
"M3"	"BioGrid"	"MS4A7"
"M3"	"BioGrid"	"HLA-DPB1"
"M3"	"BioGrid"	"NR4A3"
"M3"	"BioGrid"	"CD163"
"M3"	"BioGrid"	"ANKRD24"
"M3"	"BioGrid"	"ASIC1"
"M3"	"BioGrid"	"CD69"
"M3"	"BioGrid"	"GPR183"
"M3"	"BioGrid"	"ROBO3"
"M3"	"BioGrid"	"GBP5"
"M3"	"BioGrid"	"HPSE"
"M3"	"HPRD"	"KCNK1"
"M3"	"HPRD"	"VCAM1"
"M3"	"HPRD"	"CRYAB"
"M3"	"HPRD"	"TYROBP"
"M3"	"HPRD"	"FOS"
"M3"	"HPRD"	"LYZ"
"M3"	"HPRD"	"EGR1"
"M3"	"HPRD"	"ADAMTS4"
"M3"	"HPRD"	"SGK1"
"M3"	"HPRD"	"IL7R"
"M3"	"HPRD"	"IRF8"
"M3"	"HPRD"	"C3"
"M3"	"HPRD"	"EPB41L3"
"M3"	"HPRD"	"S100A8"
"M3"	"HPRD"	"CD14"
"M3"	"HPRD"	"ANXA1"
"M3"	"HPRD"	"TNFRSF10A"
"M3"	"HPRD"	"CD44"
"M3"	"HPRD"	"S100A9"
"M3"	"HPRD"	"PRKCB"
"M3"	"HPRD"	"CD3E"
"M3"	"HPRD"	"CCR5"
"M3"	"HPRD"	"TNFRSF14"
"M3"	"HPRD"	"C2"
"M3"	"HPRD"	"MAPK8IP2"
"M3"	"HPRD"	"CCL3"
"M3"	"HPRD"	"SOCS3"
"M3"	"HPRD"	"HSPB8"
"M3"	"HPRD"	"SNAI1"
"M3"	"HPRD"	"LDOC1"
"M3"	"HPRD"	"LIPC"
"M3"	"HPRD"	"ACP5"
"M3"	"HPRD"	"SLC4A8"
"M3"	"HPRD"	"EGR2"
"M3"	"HPRD"	"CD84"
"M3"	"HPRD"	"APOE"
"M3"	"HPRD"	"RGS1"
"M3"	"HPRD"	"CSF2RA"
"M3"	"HPRD"	"BSN"
"M3"	"HPRD"	"CXCL8"
"M3"	"HPRD"	"FOSL1"
"M3"	"HPRD"	"FPR1"
"M3"	"HPRD"	"LIF"
"M3"	"HPRD"	"PTGDS"
"M3"	"HPRD"	"CHGB"
"M3"	"HPRD"	"GRIK5"
"M3"	"HPRD"	"CARD6"
"M3"	"HPRD"	"CD8A"
"M3"	"HPRD"	"FCGR1A"
"M3"	"HPRD"	"CREB5"
"M3"	"HPRD"	"PILRA"
"M3"	"HPRD"	"HLA-DQA1"
"M3"	"HPRD"	"GALNT12"
"M3"	"HPRD"	"C1QA"
"M3"	"HPRD"	"HMOX1"
"M3"	"HPRD"	"CCR1"
"M3"	"HPRD"	"TREM2"
"M3"	"HPRD"	"RGS2"
"M3"	"HPRD"	"CYBB"
"M3"	"HPRD"	"GAS7"
"M3"	"HPRD"	"CSF3R"
"M3"	"HPRD"	"SLAMF7"
"M3"	"HPRD"	"SERPINA1"
"M3"	"HPRD"	"HIST1H2AG"
"M3"	"HPRD"	"GZMA"
"M3"	"HPRD"	"PLAUR"
"M3"	"HPRD"	"HLA-DRB5"
"M3"	"HPRD"	"NOVA1"
"M3"	"HPRD"	"MSR1"
"M3"	"HPRD"	"CD48"
"M3"	"HPRD"	"F13A1"
"M3"	"HPRD"	"ANKS1B"
"M3"	"HPRD"	"HBB"
"M3"	"HPRD"	"PLAU"
"M3"	"HPRD"	"MMP7"
"M3"	"HPRD"	"HGF"
"M3"	"HPRD"	"IL1B"
"M3"	"HPRD"	"TGFBI"
"M3"	"HPRD"	"ITGAM"
"M3"	"HPRD"	"C3AR1"
"M3"	"HPRD"	"VSIG4"
"M3"	"HPRD"	"HLA-DQA2"
"M3"	"HPRD"	"HLA-DQB1"
"M3"	"HPRD"	"CXCL12"
"M3"	"HPRD"	"KCNAB2"
"M3"	"HPRD"	"HLA-DRB1"
"M3"	"HPRD"	"JCHAIN"
"M3"	"HPRD"	"HLA-DRA"
"M3"	"HPRD"	"APOC1"
"M3"	"HPRD"	"FCGR3A"
"M3"	"HPRD"	"C1QB"
"M3"	"HPRD"	"C1QC"
"M3"	"HPRD"	"ITGB6"
"M3"	"HPRD"	"CXCL10"
"M3"	"HPRD"	"CTSS"
"M3"	"HPRD"	"CCL2"
"M3"	"HPRD"	"HLA-DPA1"
"M3"	"HPRD"	"TYMP"
"M3"	"HPRD"	"CCL18"
"M3"	"HPRD"	"ANPEP"
"M3"	"HPRD"	"RGS10"
"M3"	"HPRD"	"ALOX5"
"M3"	"HPRD"	"OSM"
"M3"	"HPRD"	"ARL4C"
"M3"	"HPRD"	"HAVCR2"
"M3"	"HPRD"	"SELE"
"M3"	"HPRD"	"KCNJ5"
"M3"	"HPRD"	"TLR7"
"M3"	"HPRD"	"SECTM1"
"M3"	"HPRD"	"HIST1H2BD"
"M3"	"HPRD"	"HLA-DOA"
"M3"	"HPRD"	"PCDH17"
"M3"	"HPRD"	"MYO7A"
"M3"	"HPRD"	"CXCL9"
"M3"	"HPRD"	"IFI27"
"M3"	"HPRD"	"PALLD"
"M3"	"HPRD"	"RRAD"
"M3"	"HPRD"	"FOSB"
"M3"	"HPRD"	"PTGS1"
"M3"	"HPRD"	"UCP2"
"M3"	"HPRD"	"DUSP2"
"M3"	"HPRD"	"DUSP5"
"M3"	"HPRD"	"PRPH2"
"M3"	"HPRD"	"AP3B2"
"M3"	"HPRD"	"NR4A3"
"M3"	"HPRD"	"ASIC1"
"M3"	"HPRD"	"CD69"
"M3"	"HPRD"	"GPR183"
"M3"	"HPRD"	"PITPNM3"
"M3"	"HPRD"	"GBP5"
"M3"	"HPRD"	"HPSE"
"M3"	"INNATEDB_Mouse"	"FOS"
"M3"	"INNATEDB_Mouse"	"EGR1"
"M3"	"INNATEDB_Mouse"	"IL7R"
"M3"	"INNATEDB_Mouse"	"IRF8"
"M3"	"INNATEDB_Mouse"	"C3"
"M3"	"INNATEDB_Mouse"	"S100A8"
"M3"	"INNATEDB_Mouse"	"CD14"
"M3"	"INNATEDB_Mouse"	"LY96"
"M3"	"INNATEDB_Mouse"	"PRKCB"
"M3"	"INNATEDB_Mouse"	"CCR5"
"M3"	"INNATEDB_Mouse"	"MAPK8IP2"
"M3"	"INNATEDB_Mouse"	"ARHGAP22"
"M3"	"INNATEDB_Mouse"	"SOCS3"
"M3"	"INNATEDB_Mouse"	"EGR2"
"M3"	"INNATEDB_Mouse"	"ZBTB7C"
"M3"	"INNATEDB_Mouse"	"PTGDS"
"M3"	"INNATEDB_Mouse"	"HMOX1"
"M3"	"INNATEDB_Mouse"	"CCR1"
"M3"	"INNATEDB_Mouse"	"TREM2"
"M3"	"INNATEDB_Mouse"	"RGS2"
"M3"	"INNATEDB_Mouse"	"CD86"
"M3"	"INNATEDB_Mouse"	"CYBB"
"M3"	"INNATEDB_Mouse"	"CSF3R"
"M3"	"INNATEDB_Mouse"	"MSR1"
"M3"	"INNATEDB_Mouse"	"IL1B"
"M3"	"INNATEDB_Mouse"	"CTSS"
"M3"	"INNATEDB_Mouse"	"HAVCR2"
"M3"	"INNATEDB_Mouse"	"TLR7"
"M3"	"INNATEDB_Mouse"	"MRC1"
"M3"	"INNATEDB_Mouse"	"ISG20"
"M3"	"INNATEDB_Mouse"	"SIGLEC1"
"M3"	"INNATEDB_Mouse"	"SLC6A6"
"M3"	"INNATEDB_Mouse"	"TLE6"
"M3"	"INNATEDB_Mouse"	"PLD4"
"M3"	"BIND_Mouse"	"FOS"
"M3"	"BIND_Mouse"	"EGR1"
"M3"	"BIND_Mouse"	"S100A8"
"M3"	"BIND_Mouse"	"LY96"
"M3"	"BIND_Mouse"	"S100A9"
"M3"	"BIND_Mouse"	"CD3E"
"M3"	"BIND_Mouse"	"CCR5"
"M3"	"BIND_Mouse"	"GRIK5"
"M3"	"BIND_Mouse"	"HLA-DQA1"
"M3"	"BIND_Mouse"	"MYO7A"
"M3"	"BIND_Mouse"	"PTGS1"
"M3"	"MINT"	"ZFP36"
"M3"	"MINT"	"CRYAB"
"M3"	"MINT"	"FOS"
"M3"	"MINT"	"LYZ"
"M3"	"MINT"	"EGR1"
"M3"	"MINT"	"SGK1"
"M3"	"MINT"	"EPB41L3"
"M3"	"MINT"	"S100A8"
"M3"	"MINT"	"CD14"
"M3"	"MINT"	"ANXA1"
"M3"	"MINT"	"TNFRSF10A"
"M3"	"MINT"	"CD3E"
"M3"	"MINT"	"CCR5"
"M3"	"MINT"	"TNFRSF14"
"M3"	"MINT"	"MAPK8IP2"
"M3"	"MINT"	"SOCS3"
"M3"	"MINT"	"HSPB8"
"M3"	"MINT"	"SNAI1"
"M3"	"MINT"	"LDOC1"
"M3"	"MINT"	"ACP5"
"M3"	"MINT"	"EGR2"
"M3"	"MINT"	"CD84"
"M3"	"MINT"	"RGS1"
"M3"	"MINT"	"CSF2RA"
"M3"	"MINT"	"FOSL1"
"M3"	"MINT"	"FCGR1A"
"M3"	"MINT"	"CREB5"
"M3"	"MINT"	"PILRA"
"M3"	"MINT"	"HLA-DQA1"
"M3"	"MINT"	"LILRB5"
"M3"	"MINT"	"HMOX1"
"M3"	"MINT"	"SLC2A3"
"M3"	"MINT"	"CTSW"
"M3"	"MINT"	"CLEC7A"
"M3"	"MINT"	"RGS2"
"M3"	"MINT"	"GAS7"
"M3"	"MINT"	"CSF3R"
"M3"	"MINT"	"SERPINA1"
"M3"	"MINT"	"PLAUR"
"M3"	"MINT"	"ITGB2"
"M3"	"MINT"	"NOVA1"
"M3"	"MINT"	"ANKS1B"
"M3"	"MINT"	"PLAU"
"M3"	"MINT"	"IL1B"
"M3"	"MINT"	"ITGAM"
"M3"	"MINT"	"HLA-DRB1"
"M3"	"MINT"	"HLA-DRA"
"M3"	"MINT"	"APOC1"
"M3"	"MINT"	"HLA-DPA1"
"M3"	"MINT"	"CCL18"
"M3"	"MINT"	"ANPEP"
"M3"	"MINT"	"LAIR1"
"M3"	"MINT"	"SELE"
"M3"	"MINT"	"OLR1"
"M3"	"MINT"	"DUSP2"
"M3"	"MINT"	"MS4A7"
"M3"	"MINT"	"HLA-DPB1"
"M3"	"MINT"	"ANKRD24"
"M3"	"MINT"	"GPR183"
"M3"	"BCI"	"VCAM1"
"M3"	"BCI"	"ZFP36"
"M3"	"BCI"	"HIST1H1C"
"M3"	"BCI"	"CRYAB"
"M3"	"BCI"	"TYROBP"
"M3"	"BCI"	"FOS"
"M3"	"BCI"	"EGR1"
"M3"	"BCI"	"SGK1"
"M3"	"BCI"	"IL7R"
"M3"	"BCI"	"IRF8"
"M3"	"BCI"	"EPB41L3"
"M3"	"BCI"	"S100A8"
"M3"	"BCI"	"CD14"
"M3"	"BCI"	"ANXA1"
"M3"	"BCI"	"CD44"
"M3"	"BCI"	"PRKCB"
"M3"	"BCI"	"CD3E"
"M3"	"BCI"	"TNFRSF14"
"M3"	"BCI"	"C2"
"M3"	"BCI"	"CCL3"
"M3"	"BCI"	"ACP5"
"M3"	"BCI"	"EGR2"
"M3"	"BCI"	"APOE"
"M3"	"BCI"	"RGS1"
"M3"	"BCI"	"CXCL8"
"M3"	"BCI"	"PTGDS"
"M3"	"BCI"	"CD8A"
"M3"	"BCI"	"FCGR1A"
"M3"	"BCI"	"HMOX1"
"M3"	"BCI"	"CCR1"
"M3"	"BCI"	"RGS2"
"M3"	"BCI"	"CYBB"
"M3"	"BCI"	"CSF3R"
"M3"	"BCI"	"HIST1H2AG"
"M3"	"BCI"	"GZMA"
"M3"	"BCI"	"PLAUR"
"M3"	"BCI"	"ITGB2"
"M3"	"BCI"	"CD48"
"M3"	"BCI"	"F13A1"
"M3"	"BCI"	"PLAU"
"M3"	"BCI"	"MMP7"
"M3"	"BCI"	"IL1B"
"M3"	"BCI"	"CXCL12"
"M3"	"BCI"	"KCNAB2"
"M3"	"BCI"	"HLA-DRA"
"M3"	"BCI"	"FCGR3A"
"M3"	"BCI"	"C1QB"
"M3"	"BCI"	"CTSS"
"M3"	"BCI"	"ALOX5"
"M3"	"BCI"	"LAIR1"
"M3"	"BCI"	"MYO7A"
"M3"	"BCI"	"FOSB"
"M3"	"BCI"	"UCP2"
"M3"	"BCI"	"DUSP2"
"M3"	"BCI"	"DUSP5"
"M3"	"BCI"	"CX3CR1"
"M3"	"BioGrid_Rat"	"PRKCB"
"M3"	"BioGrid_Rat"	"C2"
"M3"	"BioGrid_Rat"	"HMOX1"
"M3"	"BioGrid_Rat"	"CYP27A1"
"M3"	"BioGrid_Rat"	"KCNAB2"
"M3"	"BioGrid_Rat"	"ANPEP"
"M3"	"BioGrid_Rat"	"MYO7A"
"M3"	"BIND_Rat"	"C3"
"M3"	"BIND_Rat"	"PRKCB"
"M3"	"BIND_Rat"	"CD48"
"M3"	"BIND_Rat"	"KCNAB2"
"M3"	"BIND_Rat"	"SDS"
"M3"	"SOURAV_MAPK_LOW"	"FOS"
"M3"	"SOURAV_MAPK_LOW"	"PRKCB"
"M3"	"SOURAV_MAPK_LOW"	"ITGB2"
"M3"	"BIND"	"KCNK1"
"M3"	"BIND"	"VCAM1"
"M3"	"BIND"	"CRYAB"
"M3"	"BIND"	"FOS"
"M3"	"BIND"	"EGR1"
"M3"	"BIND"	"C3"
"M3"	"BIND"	"EPB41L3"
"M3"	"BIND"	"S100A8"
"M3"	"BIND"	"TNFRSF10A"
"M3"	"BIND"	"S100A9"
"M3"	"BIND"	"TNFRSF14"
"M3"	"BIND"	"HSPB8"
"M3"	"BIND"	"SNAI1"
"M3"	"BIND"	"LDOC1"
"M3"	"BIND"	"APOE"
"M3"	"BIND"	"CXCL8"
"M3"	"BIND"	"FOSL1"
"M3"	"BIND"	"LIF"
"M3"	"BIND"	"CD8A"
"M3"	"BIND"	"HMOX1"
"M3"	"BIND"	"CD86"
"M3"	"BIND"	"SERPINA1"
"M3"	"BIND"	"PLAUR"
"M3"	"BIND"	"HLA-DRB5"
"M3"	"BIND"	"ITGB2"
"M3"	"BIND"	"F13A1"
"M3"	"BIND"	"HBB"
"M3"	"BIND"	"PLAU"
"M3"	"BIND"	"HGF"
"M3"	"BIND"	"CXCL12"
"M3"	"BIND"	"HLA-DRB1"
"M3"	"BIND"	"HLA-DRA"
"M3"	"BIND"	"CXCL10"
"M3"	"BIND"	"CCL2"
"M3"	"BIND"	"ALOX5"
"M3"	"BIND"	"HIST1H2BD"
"M3"	"BIND"	"FOSB"
"M3"	"BIND"	"OLR1"
"M3"	"BIND"	"PTGS1"
"M3"	"BIND"	"UCP2"
"M3"	"BIND"	"AP3B2"
"M3"	"BIND"	"CD69"
"M3"	"IntAct_Worm"	"SGK1"
"M3"	"StelzlMedium"	"S100A8"
"M3"	"StelzlMedium"	"TNFRSF14"
"M3"	"StelzlMedium"	"EGR2"
"M3"	"StelzlMedium"	"RGS1"
"M3"	"StelzlMedium"	"HLA-DQA1"
"M3"	"StelzlMedium"	"RGS2"
"M3"	"StelzlMedium"	"PLAUR"
"M3"	"StelzlMedium"	"HBB"
"M3"	"StelzlMedium"	"CCL18"
"M3"	"StelzlMedium"	"MS4A7"
"M3"	"StelzlMedium"	"GPR183"
"M3"	"Pawson1"	"GAS7"
"M3"	"IntAct_Mouse"	"ZFP36"
"M3"	"IntAct_Mouse"	"CRYAB"
"M3"	"IntAct_Mouse"	"FOS"
"M3"	"IntAct_Mouse"	"S100A8"
"M3"	"IntAct_Mouse"	"TNFRSF10A"
"M3"	"IntAct_Mouse"	"CD44"
"M3"	"IntAct_Mouse"	"S100A9"
"M3"	"IntAct_Mouse"	"PRKCB"
"M3"	"IntAct_Mouse"	"SOCS3"
"M3"	"IntAct_Mouse"	"HSPB8"
"M3"	"IntAct_Mouse"	"EGR2"
"M3"	"IntAct_Mouse"	"BSN"
"M3"	"IntAct_Mouse"	"CD8A"
"M3"	"IntAct_Mouse"	"HLA-DQA1"
"M3"	"IntAct_Mouse"	"HMOX1"
"M3"	"IntAct_Mouse"	"RGS2"
"M3"	"IntAct_Mouse"	"CYBB"
"M3"	"IntAct_Mouse"	"PLAUR"
"M3"	"IntAct_Mouse"	"HLA-DRB5"
"M3"	"IntAct_Mouse"	"ITGB2"
"M3"	"IntAct_Mouse"	"MSR1"
"M3"	"IntAct_Mouse"	"ANPEP"
"M3"	"IntAct_Mouse"	"MRC1"
"M3"	"IntAct_Mouse"	"MYO7A"
"M3"	"IntAct_Mouse"	"DUSP2"
"M3"	"MINT_Mouse"	"CD44"
"M3"	"MINT_Mouse"	"SOCS3"
"M3"	"MINT_Mouse"	"EGR2"
"M3"	"MINT_Mouse"	"RGS1"
"M3"	"MINT_Mouse"	"CD8A"
"M3"	"MINT_Mouse"	"HLA-DQA1"
"M3"	"MINT_Mouse"	"RGS2"
"M3"	"MINT_Mouse"	"ITGB2"
"M3"	"BioGrid_Fly"	"CRYAB"
"M3"	"BioGrid_Fly"	"SLC2A3"
"M3"	"BioGrid_Fly"	"HIST1H2AG"
"M3"	"BioGrid_Fly"	"CYP27A1"
"M3"	"BioGrid_Fly"	"MAP3K15"
"M3"	"FlyLow"	"SLC2A3"
"M3"	"FlyLow"	"CYP27A1"
"M3"	"MGI"	"HIST1H1C"
"M3"	"MGI"	"ANXA1"
"M3"	"MGI"	"PRKCB"
"M3"	"VidalHuman_core"	"ZFP36"
"M3"	"VidalHuman_core"	"EPB41L3"
"M3"	"VidalHuman_core"	"HSPB8"
"M3"	"VidalHuman_core"	"LDOC1"
"M3"	"VidalHuman_core"	"FOSL1"
"M3"	"BIND_Fly"	"CRYAB"
"M3"	"BIND_Fly"	"SLC2A3"
"M3"	"FlyHigh"	"CRYAB"
"M3"	"StelzlHigh"	"S100A8"
"M3"	"StelzlHigh"	"SOCS3"
"M3"	"StelzlHigh"	"EGR2"
"M3"	"StelzlHigh"	"HLA-DQA1"
"M3"	"StelzlHigh"	"RGS2"
"M3"	"StelzlHigh"	"CCL18"
"M3"	"StelzlHigh"	"ANKRD24"
"M3"	"SOURAV_MAPK_HIGH"	"FOS"
"M3"	"SOURAV_MAPK_HIGH"	"S100A9"
"M3"	"IntAct_Rat"	"FOS"
"M3"	"IntAct_Rat"	"CHGB"
"M3"	"IntAct_Rat"	"KCNJ5"
"M3"	"MINT_Rat"	"FOS"
"M3"	"DIP_Rat"	"FOSL1"
"M3"	"StelzlLow"	"EPB41L3"
"M3"	"StelzlLow"	"S100A8"
"M3"	"StelzlLow"	"ACP5"
"M3"	"StelzlLow"	"RGS2"
"M3"	"StelzlLow"	"PLAUR"
"M3"	"StelzlLow"	"NOVA1"
"M3"	"I2D-c"	"SNAI1"
"M3"	"ShawnLi"	"CSF2RA"
"M3"	"I2D-c_Mouse"	"TLE6"
"M3"	"IntAct_Fly"	"SLC2A3"
"M3"	"IntAct_Fly"	"HIST1H2AG"
"M3"	"VidalHuman_non_core"	"HSPB8"
"M3"	"VidalHuman_non_core"	"SNAI1"
"M3"	"VidalHuman_non_core"	"PTGDS"
"M4"	"BioGrid_Mouse"	"ESRRB"
"M4"	"BioGrid_Mouse"	"CBLC"
"M4"	"BioGrid_Mouse"	"DNM1"
"M4"	"BioGrid_Mouse"	"CDH1"
"M4"	"BioGrid_Mouse"	"SYK"
"M4"	"BioGrid_Mouse"	"NTRK2"
"M4"	"BioGrid_Mouse"	"AVPR2"
"M4"	"BioGrid_Mouse"	"DCLK1"
"M4"	"BioGrid_Mouse"	"PRLR"
"M4"	"BioGrid_Mouse"	"BARX2"
"M4"	"BioGrid_Mouse"	"SLC8A1"
"M4"	"BioGrid_Mouse"	"SOX5"
"M4"	"BioGrid_Mouse"	"EHF"
"M4"	"BioGrid_Mouse"	"SOD3"
"M4"	"IntAct"	"SYNE4"
"M4"	"IntAct"	"CBLC"
"M4"	"IntAct"	"PLEKHG6"
"M4"	"IntAct"	"DNM1"
"M4"	"IntAct"	"LTF"
"M4"	"IntAct"	"SIX4"
"M4"	"IntAct"	"CDH1"
"M4"	"IntAct"	"SYK"
"M4"	"IntAct"	"FAM189A2"
"M4"	"IntAct"	"PCBP3"
"M4"	"IntAct"	"ERBB3"
"M4"	"IntAct"	"RIPK4"
"M4"	"IntAct"	"TNS4"
"M4"	"IntAct"	"FBP1"
"M4"	"IntAct"	"NTRK2"
"M4"	"IntAct"	"GHR"
"M4"	"IntAct"	"BIK"
"M4"	"IntAct"	"CNKSR1"
"M4"	"IntAct"	"PKP2"
"M4"	"IntAct"	"EPS8L1"
"M4"	"IntAct"	"AP1M2"
"M4"	"IntAct"	"DCLK1"
"M4"	"IntAct"	"LPAR1"
"M4"	"IntAct"	"EXPH5"
"M4"	"IntAct"	"MATN3"
"M4"	"IntAct"	"OVOL1"
"M4"	"IntAct"	"MAL2"
"M4"	"IntAct"	"AKR7A3"
"M4"	"IntAct"	"SYT7"
"M4"	"IntAct"	"RHOV"
"M4"	"IntAct"	"PRLR"
"M4"	"IntAct"	"CEMIP"
"M4"	"IntAct"	"RAB25"
"M4"	"IntAct"	"PTPRD"
"M4"	"IntAct"	"ROBO2"
"M4"	"IntAct"	"TRPV6"
"M4"	"IntAct"	"BICDL2"
"M4"	"IntAct"	"MUC1"
"M4"	"IntAct"	"KNG1"
"M4"	"IntAct"	"KLK3"
"M4"	"IntAct"	"SPOCK1"
"M4"	"IntAct"	"HLA-G"
"M4"	"IntAct"	"CA2"
"M4"	"IntAct"	"CEL"
"M4"	"IntAct"	"LSAMP"
"M4"	"IntAct"	"SEZ6L2"
"M4"	"IntAct"	"S100A1"
"M4"	"IntAct"	"ACPP"
"M4"	"IntAct"	"LPL"
"M4"	"IntAct"	"SOX5"
"M4"	"IntAct"	"NMRK2"
"M4"	"IntAct"	"HSH2D"
"M4"	"IntAct"	"MYO3B"
"M4"	"IntAct"	"KCNG1"
"M4"	"IntAct"	"DEFB1"
"M4"	"IntAct"	"ANKH"
"M4"	"IntAct"	"ADAMTSL3"
"M4"	"IntAct"	"EHF"
"M4"	"IntAct"	"NECTIN3"
"M4"	"IntAct"	"CCL28"
"M4"	"IntAct"	"CGN"
"M4"	"IntAct"	"CHMP4C"
"M4"	"IntAct"	"ASPA"
"M4"	"IntAct"	"GPNMB"
"M4"	"IntAct"	"TJP3"
"M4"	"IntAct"	"IRF6"
"M4"	"IntAct"	"KIF26A"
"M4"	"IntAct"	"PID1"
"M4"	"IntAct"	"KLK15"
"M4"	"IntAct"	"PLS1"
"M4"	"IntAct"	"GPR143"
"M4"	"IntAct"	"BSPRY"
"M4"	"IntAct"	"PSG9"
"M4"	"IntAct"	"MCOLN3"
"M4"	"IntAct"	"TMEM30B"
"M4"	"IntAct"	"INPP5J"
"M4"	"IntAct"	"ANO9"
"M4"	"IntAct"	"STMN3"
"M4"	"IntAct"	"PRSS8"
"M4"	"IntAct"	"ATP2C2"
"M4"	"IntAct"	"IGSF9"
"M4"	"IntAct"	"ESRP2"
"M4"	"IntAct"	"PCDHB5"
"M4"	"IntAct_Mouse"	"ESRRB"
"M4"	"IntAct_Mouse"	"DNM1"
"M4"	"IntAct_Mouse"	"SIX4"
"M4"	"IntAct_Mouse"	"CDH1"
"M4"	"IntAct_Mouse"	"SYK"
"M4"	"IntAct_Mouse"	"ERBB3"
"M4"	"IntAct_Mouse"	"CACNB4"
"M4"	"IntAct_Mouse"	"FBP1"
"M4"	"IntAct_Mouse"	"NTRK2"
"M4"	"IntAct_Mouse"	"PKP2"
"M4"	"IntAct_Mouse"	"SYT7"
"M4"	"IntAct_Mouse"	"PRLR"
"M4"	"IntAct_Mouse"	"RAB25"
"M4"	"IntAct_Mouse"	"BICDL2"
"M4"	"IntAct_Mouse"	"BARX2"
"M4"	"IntAct_Mouse"	"S100A1"
"M4"	"IntAct_Mouse"	"SLC8A1"
"M4"	"IntAct_Mouse"	"GPNMB"
"M4"	"IntAct_Mouse"	"CLDN7"
"M4"	"MGI"	"DNM1"
"M4"	"MGI"	"CDH1"
"M4"	"MGI"	"SYK"
"M4"	"MGI"	"NTRK2"
"M4"	"HPRD"	"ESRRB"
"M4"	"HPRD"	"CBLC"
"M4"	"HPRD"	"DNM1"
"M4"	"HPRD"	"LTF"
"M4"	"HPRD"	"SYK"
"M4"	"HPRD"	"PCBP3"
"M4"	"HPRD"	"ERBB3"
"M4"	"HPRD"	"CACNB4"
"M4"	"HPRD"	"FBP1"
"M4"	"HPRD"	"NTRK2"
"M4"	"HPRD"	"GHR"
"M4"	"HPRD"	"BIK"
"M4"	"HPRD"	"CNKSR1"
"M4"	"HPRD"	"PKP2"
"M4"	"HPRD"	"EPS8L1"
"M4"	"HPRD"	"AVPR2"
"M4"	"HPRD"	"AP1M2"
"M4"	"HPRD"	"LPAR1"
"M4"	"HPRD"	"EXPH5"
"M4"	"HPRD"	"CPXM2"
"M4"	"HPRD"	"MATN3"
"M4"	"HPRD"	"MAL2"
"M4"	"HPRD"	"AKR7A3"
"M4"	"HPRD"	"SYT7"
"M4"	"HPRD"	"PRLR"
"M4"	"HPRD"	"CEMIP"
"M4"	"HPRD"	"RAB25"
"M4"	"HPRD"	"PTPRD"
"M4"	"HPRD"	"PSG5"
"M4"	"HPRD"	"ROBO2"
"M4"	"HPRD"	"TNFSF15"
"M4"	"HPRD"	"EPCAM"
"M4"	"HPRD"	"SLC9A2"
"M4"	"HPRD"	"KNG1"
"M4"	"HPRD"	"KLK3"
"M4"	"HPRD"	"C7"
"M4"	"HPRD"	"KLK1"
"M4"	"HPRD"	"BARX2"
"M4"	"HPRD"	"SPOCK1"
"M4"	"HPRD"	"HLA-G"
"M4"	"HPRD"	"CA2"
"M4"	"HPRD"	"CEL"
"M4"	"HPRD"	"LSAMP"
"M4"	"HPRD"	"S100A1"
"M4"	"HPRD"	"ACPP"
"M4"	"HPRD"	"SLC8A1"
"M4"	"HPRD"	"LPL"
"M4"	"HPRD"	"SOX5"
"M4"	"HPRD"	"BNC2"
"M4"	"HPRD"	"HSH2D"
"M4"	"HPRD"	"DEFB1"
"M4"	"HPRD"	"HPN"
"M4"	"HPRD"	"NECTIN3"
"M4"	"HPRD"	"CDC42BPG"
"M4"	"HPRD"	"CPAMD8"
"M4"	"HPRD"	"CGN"
"M4"	"HPRD"	"CHMP4C"
"M4"	"HPRD"	"ASPA"
"M4"	"HPRD"	"BSPRY"
"M4"	"HPRD"	"PSG9"
"M4"	"HPRD"	"SOD3"
"M4"	"HPRD"	"SPINT1"
"M4"	"HPRD"	"CLDN7"
"M4"	"HPRD"	"PRSS8"
"M4"	"HPRD"	"SYT13"
"M4"	"HPRD"	"SLC9A4"
"M4"	"HPRD"	"IGSF9"
"M4"	"INNATEDB"	"LTF"
"M4"	"INNATEDB"	"CDH1"
"M4"	"INNATEDB"	"SYK"
"M4"	"INNATEDB"	"RIPK4"
"M4"	"INNATEDB"	"NTRK2"
"M4"	"INNATEDB"	"GHR"
"M4"	"INNATEDB"	"BIK"
"M4"	"INNATEDB"	"PRLR"
"M4"	"INNATEDB"	"TNFSF15"
"M4"	"INNATEDB"	"MUC1"
"M4"	"INNATEDB"	"KLK3"
"M4"	"INNATEDB"	"KLK1"
"M4"	"INNATEDB"	"CA2"
"M4"	"INNATEDB"	"SOX5"
"M4"	"INNATEDB"	"DEFB1"
"M4"	"INNATEDB"	"LGI2"
"M4"	"INNATEDB"	"IRF6"
"M4"	"INNATEDB"	"CHAC1"
"M4"	"YeastLow"	"GFPT2"
"M4"	"YeastLow"	"FBP1"
"M4"	"YeastLow"	"SLC25A34"
"M4"	"BioGrid_Yeast"	"GFPT2"
"M4"	"BioGrid_Yeast"	"FA2H"
"M4"	"BioGrid_Yeast"	"ABCC3"
"M4"	"BioGrid_Yeast"	"FBP1"
"M4"	"BioGrid_Yeast"	"CWH43"
"M4"	"BioGrid_Yeast"	"SLC25A34"
"M4"	"BioGrid"	"ESRRB"
"M4"	"BioGrid"	"SYNE4"
"M4"	"BioGrid"	"CBLC"
"M4"	"BioGrid"	"DNM1"
"M4"	"BioGrid"	"LTF"
"M4"	"BioGrid"	"SIX4"
"M4"	"BioGrid"	"CDH1"
"M4"	"BioGrid"	"SYK"
"M4"	"BioGrid"	"FAM189A2"
"M4"	"BioGrid"	"PCBP3"
"M4"	"BioGrid"	"ERBB3"
"M4"	"BioGrid"	"CACNB4"
"M4"	"BioGrid"	"TNS4"
"M4"	"BioGrid"	"FBP1"
"M4"	"BioGrid"	"NTRK2"
"M4"	"BioGrid"	"GHR"
"M4"	"BioGrid"	"BIK"
"M4"	"BioGrid"	"CNKSR1"
"M4"	"BioGrid"	"PKP2"
"M4"	"BioGrid"	"EPS8L1"
"M4"	"BioGrid"	"AVPR2"
"M4"	"BioGrid"	"AP1M2"
"M4"	"BioGrid"	"DCLK1"
"M4"	"BioGrid"	"LPAR1"
"M4"	"BioGrid"	"MATN3"
"M4"	"BioGrid"	"OVOL1"
"M4"	"BioGrid"	"MAL2"
"M4"	"BioGrid"	"AKR7A3"
"M4"	"BioGrid"	"SYT7"
"M4"	"BioGrid"	"PRLR"
"M4"	"BioGrid"	"RAB25"
"M4"	"BioGrid"	"PTPRD"
"M4"	"BioGrid"	"PSG5"
"M4"	"BioGrid"	"TRPV6"
"M4"	"BioGrid"	"TNFSF15"
"M4"	"BioGrid"	"EPCAM"
"M4"	"BioGrid"	"BICDL2"
"M4"	"BioGrid"	"SLC9A2"
"M4"	"BioGrid"	"MUC1"
"M4"	"BioGrid"	"KNG1"
"M4"	"BioGrid"	"KLK3"
"M4"	"BioGrid"	"KLK1"
"M4"	"BioGrid"	"HLA-G"
"M4"	"BioGrid"	"CA2"
"M4"	"BioGrid"	"CEL"
"M4"	"BioGrid"	"LSAMP"
"M4"	"BioGrid"	"SEZ6L2"
"M4"	"BioGrid"	"S100A1"
"M4"	"BioGrid"	"ACPP"
"M4"	"BioGrid"	"SLC8A1"
"M4"	"BioGrid"	"LPL"
"M4"	"BioGrid"	"SOX5"
"M4"	"BioGrid"	"FAM3B"
"M4"	"BioGrid"	"TSPAN5"
"M4"	"BioGrid"	"GRHL2"
"M4"	"BioGrid"	"PRR15"
"M4"	"BioGrid"	"CCDC28B"
"M4"	"BioGrid"	"NMRK2"
"M4"	"BioGrid"	"HSH2D"
"M4"	"BioGrid"	"ANKH"
"M4"	"BioGrid"	"ADAMTSL3"
"M4"	"BioGrid"	"FGD3"
"M4"	"BioGrid"	"EHF"
"M4"	"BioGrid"	"NECTIN3"
"M4"	"BioGrid"	"CDC42BPG"
"M4"	"BioGrid"	"CCL28"
"M4"	"BioGrid"	"CGN"
"M4"	"BioGrid"	"CHMP4C"
"M4"	"BioGrid"	"ASPA"
"M4"	"BioGrid"	"TJP3"
"M4"	"BioGrid"	"IRF6"
"M4"	"BioGrid"	"PID1"
"M4"	"BioGrid"	"KLK15"
"M4"	"BioGrid"	"GPR143"
"M4"	"BioGrid"	"PSG9"
"M4"	"BioGrid"	"CLDN7"
"M4"	"BioGrid"	"INPP5J"
"M4"	"BioGrid"	"HSD11B2"
"M4"	"BioGrid"	"STMN3"
"M4"	"BioGrid"	"SYT13"
"M4"	"BioGrid"	"TMPRSS4"
"M4"	"BioGrid"	"ELOVL4"
"M4"	"BioGrid"	"GALNT3"
"M4"	"BioGrid"	"CHAC1"
"M4"	"BioGrid"	"SULT1A2"
"M4"	"BioGrid"	"ESRP2"
"M4"	"BioGrid_Fly"	"DNM1"
"M4"	"BioGrid_Fly"	"FA2H"
"M4"	"BioGrid_Fly"	"ABCC3"
"M4"	"BioGrid_Fly"	"PCBP3"
"M4"	"BioGrid_Fly"	"PTPRD"
"M4"	"BioGrid_Fly"	"LSAMP"
"M4"	"BioGrid_Fly"	"ELOVL4"
"M4"	"DIP_Yeast"	"GFPT2"
"M4"	"DIP_Yeast"	"FBP1"
"M4"	"BIND"	"CDH1"
"M4"	"BIND"	"SYK"
"M4"	"BIND"	"ERBB3"
"M4"	"BIND"	"FBP1"
"M4"	"BIND"	"GHR"
"M4"	"BIND"	"BIK"
"M4"	"BIND"	"CNKSR1"
"M4"	"BIND"	"PRLR"
"M4"	"BIND"	"S100A1"
"M4"	"BIND"	"ACPP"
"M4"	"BIND"	"CGN"
"M4"	"BIND"	"CHMP4C"
"M4"	"BIND"	"SPINT1"
"M4"	"JonesErbB1"	"ERBB3"
"M4"	"MINT"	"SYNE4"
"M4"	"MINT"	"CBLC"
"M4"	"MINT"	"DNM1"
"M4"	"MINT"	"SIX4"
"M4"	"MINT"	"CDH1"
"M4"	"MINT"	"SYK"
"M4"	"MINT"	"FAM189A2"
"M4"	"MINT"	"PCBP3"
"M4"	"MINT"	"ERBB3"
"M4"	"MINT"	"CACNB4"
"M4"	"MINT"	"TNS4"
"M4"	"MINT"	"FBP1"
"M4"	"MINT"	"GHR"
"M4"	"MINT"	"BIK"
"M4"	"MINT"	"CNKSR1"
"M4"	"MINT"	"PKP2"
"M4"	"MINT"	"AKR7A3"
"M4"	"MINT"	"PRLR"
"M4"	"MINT"	"PTPRD"
"M4"	"MINT"	"TRPV6"
"M4"	"MINT"	"MUC1"
"M4"	"MINT"	"CA2"
"M4"	"MINT"	"S100A1"
"M4"	"MINT"	"ACPP"
"M4"	"MINT"	"LPL"
"M4"	"MINT"	"CCL28"
"M4"	"MINT"	"ASPA"
"M4"	"MINT"	"TJP3"
"M4"	"MINT"	"CLDN7"
"M4"	"MINT"	"CHAC1"
"M4"	"YeastHigh"	"GFPT2"
"M4"	"BCI"	"DNM1"
"M4"	"BCI"	"CDH1"
"M4"	"BCI"	"SYK"
"M4"	"BCI"	"ERBB3"
"M4"	"BCI"	"BIK"
"M4"	"BCI"	"CNKSR1"
"M4"	"BCI"	"MUC1"
"M4"	"BCI"	"KLK3"
"M4"	"BCI"	"C7"
"M4"	"BCI"	"KLK1"
"M4"	"BCI"	"HLA-G"
"M4"	"BCI"	"CA2"
"M4"	"BCI"	"LSAMP"
"M4"	"BCI"	"LPL"
"M4"	"BCI"	"DEFB1"
"M4"	"BCI"	"SPINT1"
"M4"	"BioGrid_Rat"	"CDH1"
"M4"	"BioGrid_Rat"	"NTRK2"
"M4"	"BioGrid_Rat"	"SLC8A1"
"M4"	"IntAct_Rat"	"DNM1"
"M4"	"IntAct_Rat"	"PCBP3"
"M4"	"IntAct_Rat"	"NTRK2"
"M4"	"IntAct_Rat"	"RHOV"
"M4"	"IntAct_Rat"	"SLC9A2"
"M4"	"IntAct_Rat"	"SLC8A1"
"M4"	"IntAct_Rat"	"SLC9A4"
"M4"	"MINT_Rat"	"DNM1"
"M4"	"MINT_Rat"	"NTRK2"
"M4"	"IntAct_Worm"	"DNM1"
"M4"	"IntAct_Worm"	"CACNB4"
"M4"	"IntAct_Worm"	"EPS8L1"
"M4"	"IntAct_Worm"	"DCLK1"
"M4"	"IntAct_Yeast"	"GFPT2"
"M4"	"IntAct_Yeast"	"FA2H"
"M4"	"IntAct_Yeast"	"ABCC3"
"M4"	"IntAct_Yeast"	"FBP1"
"M4"	"IntAct_Yeast"	"SLC25A34"
"M4"	"Jorgensen_EphR"	"PKP2"
"M4"	"YeastMedium"	"GFPT2"
"M4"	"YeastMedium"	"FBP1"
"M4"	"VidalHuman_non_core"	"FBP1"
"M4"	"VidalHuman_non_core"	"AKR7A3"
"M4"	"VidalHuman_non_core"	"S100A1"
"M4"	"VidalHuman_non_core"	"CLDN7"
"M4"	"BioGrid_Worm"	"DNM1"
"M4"	"BioGrid_Worm"	"EPS8L1"
"M4"	"BioGrid_Worm"	"DCLK1"
"M4"	"MINT_Worm"	"DCLK1"
"M4"	"INNATEDB_Mouse"	"CDH1"
"M4"	"INNATEDB_Mouse"	"SYK"
"M4"	"INNATEDB_Mouse"	"SOX5"
"M4"	"INNATEDB_Mouse"	"GRHL2"
"M4"	"INNATEDB_Mouse"	"ANKH"
"M4"	"BIND_Worm"	"DCLK1"
"M4"	"IntAct_Fly"	"PTPRD"
"M4"	"IntAct_Fly"	"SLC52A3"
"M4"	"IntAct_Fly"	"ELOVL4"
"M4"	"MINT_Fly"	"PTPRD"
"M4"	"MINT_Yeast"	"FA2H"
"M4"	"MINT_Yeast"	"FBP1"
"M4"	"MINT_Yeast"	"SLC25A34"
"M4"	"Tarassov_PCA"	"FA2H"
"M4"	"Tarassov_PCA"	"SLC25A34"
"M4"	"BIND_Rat"	"DNM1"
"M4"	"BIND_Rat"	"ERBB3"
"M4"	"BIND_Rat"	"AKR7A3"
"M4"	"BIND_Rat"	"PRLR"
"M4"	"VidalHuman_core"	"FAM189A2"
"M4"	"VidalHuman_core"	"FBP1"
"M4"	"VidalHuman_core"	"AKR7A3"
"M4"	"VidalHuman_core"	"S100A1"
"M4"	"VidalHuman_core"	"ASPA"
"M4"	"VidalHuman_core"	"CLDN7"
"M4"	"VidalHuman_core"	"CHAC1"
"M4"	"I2D-c_Fiona_HUMAN"	"MUC1"
"M4"	"BIND_Mouse"	"CDH1"
"M4"	"BIND_Mouse"	"GFPT2"
"M4"	"BIND_Mouse"	"EPS8L1"
"M4"	"BIND_Mouse"	"PRLR"
"M4"	"BIND_Mouse"	"BARX2"
"M4"	"BIND_Mouse"	"HLA-G"
"M4"	"BIND_Mouse"	"SLC52A3"
"M4"	"DIP"	"DNM1"
"M4"	"DIP"	"CDH1"
"M4"	"DIP"	"SYK"
"M4"	"DIP"	"ERBB3"
"M4"	"DIP"	"FBP1"
"M4"	"DIP"	"NTRK2"
"M4"	"DIP"	"GHR"
"M4"	"DIP"	"PRLR"
"M4"	"DIP"	"TNFSF15"
"M4"	"DIP"	"HLA-G"
"M4"	"DIP"	"CCDC28B"
"M4"	"DIP"	"NECTIN3"
"M4"	"DIP"	"ASPA"
"M4"	"DIP"	"SPINT1"
"M4"	"DIP_Rat"	"DNM1"
"M4"	"DIP_Rat"	"NTRK2"
"M4"	"DIP_Rat"	"ASPA"
"M4"	"Krogan_NonCore"	"GFPT2"
"M4"	"BIND_Yeast"	"FBP1"
"M4"	"MIPS"	"FBP1"
"M4"	"StelzlHigh"	"FBP1"
"M4"	"StelzlHigh"	"PSG9"
"M4"	"MINT_Mouse"	"CDH1"
"M4"	"MINT_Mouse"	"SYK"
"M4"	"MINT_Mouse"	"CACNB4"
"M4"	"MINT_Mouse"	"NTRK2"
"M4"	"MINT_Mouse"	"PRLR"
"M4"	"MINT_Mouse"	"CLDN7"
"M4"	"MINT_Mouse"	"SLC52A3"
"M4"	"DIP_Mouse"	"ESRRB"
"M4"	"DIP_Mouse"	"SYNE4"
"M4"	"DIP_Mouse"	"CDH1"
"M4"	"DIP_Mouse"	"SYK"
"M4"	"DIP_Mouse"	"NTRK2"
"M4"	"DIP_Mouse"	"GHR"
"M4"	"DIP_Mouse"	"LPAR1"
"M4"	"DIP_Mouse"	"NECTIN3"
"M4"	"ShawnLi"	"GHR"
"M4"	"StelzlMedium"	"CACNB4"
"M4"	"StelzlMedium"	"LPL"
"M4"	"DIP_Fly"	"PTPRD"
"M4"	"DIP_Fly"	"ROBO2"
"M4"	"DIP_Fly"	"ELOVL4"
"M4"	"Krogan_Core"	"FBP1"
"M4"	"Fawcett_polarity_Rat"	"DNM1"
"M4"	"BIND_Fly"	"ELOVL4"
"M4"	"FlyHigh"	"ELOVL4"
"M4"	"CORE_2"	"DCLK1"
"M4"	"DIP_Worm"	"DCLK1"
"M5"	"BioGrid"	"FABP3"
"M5"	"BioGrid"	"PLK1"
"M5"	"BioGrid"	"CA4"
"M5"	"BioGrid"	"PBK"
"M5"	"BioGrid"	"CLU"
"M5"	"BioGrid"	"GIPC2"
"M5"	"BioGrid"	"BIRC5"
"M5"	"BioGrid"	"MASP1"
"M5"	"BioGrid"	"APLP1"
"M5"	"BioGrid"	"ANLN"
"M5"	"BioGrid"	"GATA3"
"M5"	"BioGrid"	"RRM2"
"M5"	"BioGrid"	"ERBB4"
"M5"	"BioGrid"	"EMX2"
"M5"	"BioGrid"	"ENO2"
"M5"	"BioGrid"	"CLDN3"
"M5"	"BioGrid"	"TRPV4"
"M5"	"BioGrid"	"CCNA2"
"M5"	"BioGrid"	"LTK"
"M5"	"BioGrid"	"UBE2C"
"M5"	"BioGrid"	"HAAO"
"M5"	"BioGrid"	"TOP2A"
"M5"	"BioGrid"	"CDC20"
"M5"	"BioGrid"	"BCL2L10"
"M5"	"BioGrid"	"ARNT2"
"M5"	"BioGrid"	"TFAP2A"
"M5"	"BioGrid"	"MPP6"
"M5"	"BioGrid"	"TPX2"
"M5"	"BioGrid"	"HMMR"
"M5"	"BioGrid"	"PTTG1"
"M5"	"BioGrid"	"TBC1D2"
"M5"	"BioGrid"	"DIAPH3"
"M5"	"BioGrid"	"HOXC9"
"M5"	"BioGrid"	"CELSR3"
"M5"	"BioGrid"	"PTGER3"
"M5"	"BioGrid"	"ROR1"
"M5"	"BioGrid"	"SFRP1"
"M5"	"BioGrid"	"ALDH1A1"
"M5"	"BioGrid"	"MYBL2"
"M5"	"BioGrid"	"UHRF1"
"M5"	"BioGrid"	"NCAPG"
"M5"	"BioGrid"	"MELK"
"M5"	"BioGrid"	"HOXD3"
"M5"	"BioGrid"	"HOXD4"
"M5"	"BioGrid"	"HOXC6"
"M5"	"BioGrid"	"KIF20A"
"M5"	"BioGrid"	"RAPGEF3"
"M5"	"BioGrid"	"HGD"
"M5"	"BioGrid"	"ADCY5"
"M5"	"BioGrid"	"FOLR1"
"M5"	"BioGrid"	"MKI67"
"M5"	"BioGrid"	"GRIP2"
"M5"	"BioGrid"	"AMH"
"M5"	"BioGrid"	"CDH16"
"M5"	"BioGrid"	"CENPK"
"M5"	"BioGrid"	"KIF4A"
"M5"	"BioGrid"	"AK4"
"M5"	"BioGrid"	"CRACR2B"
"M5"	"BioGrid"	"TTLL6"
"M5"	"BioGrid"	"NECAB1"
"M5"	"BioGrid"	"MRAP2"
"M5"	"BioGrid"	"GAL3ST1"
"M5"	"BioGrid"	"KCNN3"
"M5"	"BioGrid"	"TROAP"
"M5"	"BioGrid"	"PDE4A"
"M5"	"BioGrid"	"CDKN3"
"M5"	"BioGrid"	"ATF7IP2"
"M5"	"BioGrid"	"KCNS3"
"M5"	"BioGrid"	"GPC4"
"M5"	"BioGrid"	"C16orf45"
"M5"	"BioGrid"	"ETV1"
"M5"	"BioGrid"	"KIF26B"
"M5"	"BioGrid"	"NEURL3"
"M5"	"BioGrid"	"SELP"
"M5"	"BioGrid"	"ZC4H2"
"M5"	"BioGrid"	"CENPF"
"M5"	"BioGrid"	"HNF1B"
"M5"	"BioGrid"	"HOXC10"
"M5"	"BioGrid"	"CX3CL1"
"M5"	"BioGrid"	"SALL1"
"M5"	"BioGrid"	"DIO2"
"M5"	"BioGrid"	"HIST3H2A"
"M5"	"BioGrid"	"PAX2"
"M5"	"BioGrid"	"ARSE"
"M5"	"BioGrid"	"INMT"
"M5"	"BioGrid"	"PAQR5"
"M5"	"BioGrid"	"NRIP3"
"M5"	"BioGrid"	"TSPYL5"
"M5"	"BioGrid"	"ACSM3"
"M5"	"BioGrid"	"GSTO2"
"M5"	"MINT"	"FABP3"
"M5"	"MINT"	"PLK1"
"M5"	"MINT"	"PBK"
"M5"	"MINT"	"GIPC2"
"M5"	"MINT"	"BIRC5"
"M5"	"MINT"	"APLP1"
"M5"	"MINT"	"ERBB4"
"M5"	"MINT"	"ENO2"
"M5"	"MINT"	"CCNA2"
"M5"	"MINT"	"LTK"
"M5"	"MINT"	"HAAO"
"M5"	"MINT"	"CDC20"
"M5"	"MINT"	"TFAP2A"
"M5"	"MINT"	"TPX2"
"M5"	"MINT"	"CELSR3"
"M5"	"MINT"	"PKMYT1"
"M5"	"MINT"	"ALDH1A1"
"M5"	"MINT"	"MYBL2"
"M5"	"MINT"	"UHRF1"
"M5"	"MINT"	"MKI67"
"M5"	"MINT"	"GRIP2"
"M5"	"MINT"	"SHC2"
"M5"	"MINT"	"AK4"
"M5"	"MINT"	"TROAP"
"M5"	"MINT"	"CDKN3"
"M5"	"MINT"	"C16orf45"
"M5"	"MINT"	"ZC4H2"
"M5"	"MINT"	"ADGRB2"
"M5"	"MINT"	"ARSE"
"M5"	"HPRD"	"FABP3"
"M5"	"HPRD"	"PLK1"
"M5"	"HPRD"	"CA4"
"M5"	"HPRD"	"PBK"
"M5"	"HPRD"	"MAOA"
"M5"	"HPRD"	"GIPC2"
"M5"	"HPRD"	"PIGR"
"M5"	"HPRD"	"BIRC5"
"M5"	"HPRD"	"MASP1"
"M5"	"HPRD"	"APLP1"
"M5"	"HPRD"	"ANLN"
"M5"	"HPRD"	"GATA3"
"M5"	"HPRD"	"ERBB4"
"M5"	"HPRD"	"EMX2"
"M5"	"HPRD"	"ENO2"
"M5"	"HPRD"	"CLDN3"
"M5"	"HPRD"	"TRPV4"
"M5"	"HPRD"	"CCNA2"
"M5"	"HPRD"	"UBE2C"
"M5"	"HPRD"	"HAAO"
"M5"	"HPRD"	"TOP2A"
"M5"	"HPRD"	"CDC20"
"M5"	"HPRD"	"BCL2L10"
"M5"	"HPRD"	"ARNT2"
"M5"	"HPRD"	"TFAP2A"
"M5"	"HPRD"	"MPP6"
"M5"	"HPRD"	"TPX2"
"M5"	"HPRD"	"HMMR"
"M5"	"HPRD"	"PTTG1"
"M5"	"HPRD"	"FABP5"
"M5"	"HPRD"	"CORO2A"
"M5"	"HPRD"	"DIAPH3"
"M5"	"HPRD"	"CELSR3"
"M5"	"HPRD"	"PKMYT1"
"M5"	"HPRD"	"HOXD10"
"M5"	"HPRD"	"SFRP1"
"M5"	"HPRD"	"MYBL2"
"M5"	"HPRD"	"UHRF1"
"M5"	"HPRD"	"NCAPG"
"M5"	"HPRD"	"MELK"
"M5"	"HPRD"	"HOXD4"
"M5"	"HPRD"	"KIF20A"
"M5"	"HPRD"	"HGD"
"M5"	"HPRD"	"ADCY5"
"M5"	"HPRD"	"MKI67"
"M5"	"HPRD"	"AMH"
"M5"	"HPRD"	"SHC2"
"M5"	"HPRD"	"CDCP1"
"M5"	"HPRD"	"ITGB8"
"M5"	"HPRD"	"CDH16"
"M5"	"HPRD"	"CENPK"
"M5"	"HPRD"	"KIF4A"
"M5"	"HPRD"	"TROAP"
"M5"	"HPRD"	"PDE4A"
"M5"	"HPRD"	"CDKN3"
"M5"	"HPRD"	"ATF7IP2"
"M5"	"HPRD"	"PDK4"
"M5"	"HPRD"	"GPC4"
"M5"	"HPRD"	"ETV1"
"M5"	"HPRD"	"ASPM"
"M5"	"HPRD"	"SELP"
"M5"	"HPRD"	"CENPF"
"M5"	"HPRD"	"HNF1B"
"M5"	"HPRD"	"NRK"
"M5"	"HPRD"	"HOXC10"
"M5"	"HPRD"	"NPTXR"
"M5"	"HPRD"	"CX3CL1"
"M5"	"HPRD"	"SALL1"
"M5"	"HPRD"	"DIO2"
"M5"	"HPRD"	"PAX2"
"M5"	"HPRD"	"ARSE"
"M5"	"HPRD"	"SLC7A11"
"M5"	"HPRD"	"IL1RL2"
"M5"	"HPRD"	"ESPN"
"M5"	"IntAct"	"FABP3"
"M5"	"IntAct"	"PLK1"
"M5"	"IntAct"	"PBK"
"M5"	"IntAct"	"MAOA"
"M5"	"IntAct"	"IQGAP3"
"M5"	"IntAct"	"CLU"
"M5"	"IntAct"	"GIPC2"
"M5"	"IntAct"	"PIGR"
"M5"	"IntAct"	"BIRC5"
"M5"	"IntAct"	"MASP1"
"M5"	"IntAct"	"APLP1"
"M5"	"IntAct"	"GATA3"
"M5"	"IntAct"	"RRM2"
"M5"	"IntAct"	"ERBB4"
"M5"	"IntAct"	"ENO2"
"M5"	"IntAct"	"TRPV4"
"M5"	"IntAct"	"CCNA2"
"M5"	"IntAct"	"LTK"
"M5"	"IntAct"	"UBE2C"
"M5"	"IntAct"	"HAAO"
"M5"	"IntAct"	"TACSTD2"
"M5"	"IntAct"	"TOP2A"
"M5"	"IntAct"	"CDC20"
"M5"	"IntAct"	"ARNT2"
"M5"	"IntAct"	"TFAP2A"
"M5"	"IntAct"	"MPP6"
"M5"	"IntAct"	"TPX2"
"M5"	"IntAct"	"HMMR"
"M5"	"IntAct"	"PTTG1"
"M5"	"IntAct"	"FABP5"
"M5"	"IntAct"	"CORO2A"
"M5"	"IntAct"	"TBC1D2"
"M5"	"IntAct"	"DIAPH3"
"M5"	"IntAct"	"HOXC9"
"M5"	"IntAct"	"CELSR3"
"M5"	"IntAct"	"PLEKHH2"
"M5"	"IntAct"	"PKMYT1"
"M5"	"IntAct"	"PYCR1"
"M5"	"IntAct"	"ROR1"
"M5"	"IntAct"	"SFRP1"
"M5"	"IntAct"	"ALDH1A1"
"M5"	"IntAct"	"MYBL2"
"M5"	"IntAct"	"HOXD8"
"M5"	"IntAct"	"UHRF1"
"M5"	"IntAct"	"NCAPG"
"M5"	"IntAct"	"MELK"
"M5"	"IntAct"	"HOXC6"
"M5"	"IntAct"	"KIF20A"
"M5"	"IntAct"	"RBP5"
"M5"	"IntAct"	"RAPGEF3"
"M5"	"IntAct"	"HGD"
"M5"	"IntAct"	"FOLR1"
"M5"	"IntAct"	"MKI67"
"M5"	"IntAct"	"GRIP2"
"M5"	"IntAct"	"AMH"
"M5"	"IntAct"	"SHC2"
"M5"	"IntAct"	"CDCP1"
"M5"	"IntAct"	"ITGB8"
"M5"	"IntAct"	"CENPK"
"M5"	"IntAct"	"KIF4A"
"M5"	"IntAct"	"CRACR2B"
"M5"	"IntAct"	"TTLL6"
"M5"	"IntAct"	"MRAP2"
"M5"	"IntAct"	"CHL1"
"M5"	"IntAct"	"TROAP"
"M5"	"IntAct"	"KCNS3"
"M5"	"IntAct"	"C16orf45"
"M5"	"IntAct"	"ETV1"
"M5"	"IntAct"	"ASPM"
"M5"	"IntAct"	"ZC4H2"
"M5"	"IntAct"	"CENPF"
"M5"	"IntAct"	"HSPA1A"
"M5"	"IntAct"	"GTSE1"
"M5"	"IntAct"	"PFKFB4"
"M5"	"IntAct"	"HOXC10"
"M5"	"IntAct"	"SUSD4"
"M5"	"IntAct"	"ST6GALNAC2"
"M5"	"IntAct"	"PAX2"
"M5"	"IntAct"	"INMT"
"M5"	"IntAct"	"C1orf116"
"M5"	"IntAct"	"HSPA12A"
"M5"	"IntAct"	"TSPYL5"
"M5"	"IntAct"	"GSTO2"
"M5"	"IntAct"	"AIF1L"
"M5"	"DIP_Fly"	"PLK1"
"M5"	"DIP_Fly"	"PBK"
"M5"	"DIP_Fly"	"CCNA2"
"M5"	"DIP_Fly"	"CDC20"
"M5"	"DIP_Fly"	"TFAP2A"
"M5"	"DIP_Fly"	"PYCR1"
"M5"	"DIP_Fly"	"HGD"
"M5"	"DIP_Fly"	"SULT1C4"
"M5"	"DIP_Fly"	"SPON2"
"M5"	"MINT_Fly"	"PBK"
"M5"	"MINT_Fly"	"CCNA2"
"M5"	"MINT_Fly"	"TFAP2A"
"M5"	"MINT_Fly"	"PYCR1"
"M5"	"MINT_Fly"	"HGD"
"M5"	"MINT_Fly"	"ZC4H2"
"M5"	"IntAct_Mouse"	"PLK1"
"M5"	"IntAct_Mouse"	"CLU"
"M5"	"IntAct_Mouse"	"GIPC2"
"M5"	"IntAct_Mouse"	"APLP1"
"M5"	"IntAct_Mouse"	"RRM2"
"M5"	"IntAct_Mouse"	"CLDN3"
"M5"	"IntAct_Mouse"	"CCNA2"
"M5"	"IntAct_Mouse"	"TOP2A"
"M5"	"IntAct_Mouse"	"ARNT2"
"M5"	"IntAct_Mouse"	"PLEKHH2"
"M5"	"IntAct_Mouse"	"UHRF1"
"M5"	"IntAct_Mouse"	"CHL1"
"M5"	"MGI"	"APLP1"
"M5"	"MGI"	"GATA3"
"M5"	"MGI"	"TFAP2A"
"M5"	"INNATEDB"	"PLK1"
"M5"	"INNATEDB"	"CLU"
"M5"	"INNATEDB"	"PIGR"
"M5"	"INNATEDB"	"BIRC5"
"M5"	"INNATEDB"	"MASP1"
"M5"	"INNATEDB"	"GATA3"
"M5"	"INNATEDB"	"ERBB4"
"M5"	"INNATEDB"	"ENO2"
"M5"	"INNATEDB"	"CLDN3"
"M5"	"INNATEDB"	"TRPV4"
"M5"	"INNATEDB"	"CCNA2"
"M5"	"INNATEDB"	"LTK"
"M5"	"INNATEDB"	"TOP2A"
"M5"	"INNATEDB"	"TFAP2A"
"M5"	"INNATEDB"	"MPP6"
"M5"	"INNATEDB"	"PTTG1"
"M5"	"INNATEDB"	"CELSR3"
"M5"	"INNATEDB"	"MYBL2"
"M5"	"INNATEDB"	"HOXD3"
"M5"	"INNATEDB"	"HOXD4"
"M5"	"INNATEDB"	"HOXC6"
"M5"	"INNATEDB"	"KIF20A"
"M5"	"INNATEDB"	"RBP5"
"M5"	"INNATEDB"	"CDH16"
"M5"	"INNATEDB"	"PDE4A"
"M5"	"INNATEDB"	"CDKN3"
"M5"	"INNATEDB"	"PDK4"
"M5"	"INNATEDB"	"FADS2"
"M5"	"INNATEDB"	"CX3CL1"
"M5"	"DIP"	"PLK1"
"M5"	"DIP"	"APLP1"
"M5"	"DIP"	"RRM2"
"M5"	"DIP"	"ERBB4"
"M5"	"DIP"	"CLDN3"
"M5"	"DIP"	"CCNA2"
"M5"	"DIP"	"TOP2A"
"M5"	"DIP"	"CDC20"
"M5"	"DIP"	"TPX2"
"M5"	"DIP"	"HMMR"
"M5"	"DIP"	"ROR1"
"M5"	"DIP"	"MKI67"
"M5"	"DIP"	"CDCP1"
"M5"	"DIP"	"MRAP2"
"M5"	"DIP"	"CX3CL1"
"M5"	"DIP"	"HIST3H2A"
"M5"	"BIND"	"PLK1"
"M5"	"BIND"	"PBK"
"M5"	"BIND"	"CLU"
"M5"	"BIND"	"PIGR"
"M5"	"BIND"	"BIRC5"
"M5"	"BIND"	"APLP1"
"M5"	"BIND"	"ERBB4"
"M5"	"BIND"	"ENO2"
"M5"	"BIND"	"CCNA2"
"M5"	"BIND"	"UBE2C"
"M5"	"BIND"	"ARNT2"
"M5"	"BIND"	"PTTG1"
"M5"	"BIND"	"CELSR3"
"M5"	"BIND"	"MKI67"
"M5"	"BIND"	"SHC2"
"M5"	"BIND"	"ATF7IP2"
"M5"	"BIND"	"SELP"
"M5"	"BIND"	"CX3CL1"
"M5"	"BIND"	"SALL1"
"M5"	"BCI"	"PLK1"
"M5"	"BCI"	"CA4"
"M5"	"BCI"	"MAOA"
"M5"	"BCI"	"CLU"
"M5"	"BCI"	"PIGR"
"M5"	"BCI"	"BIRC5"
"M5"	"BCI"	"APLP1"
"M5"	"BCI"	"GATA3"
"M5"	"BCI"	"RRM2"
"M5"	"BCI"	"CCNA2"
"M5"	"BCI"	"LTK"
"M5"	"BCI"	"TOP2A"
"M5"	"BCI"	"CDC20"
"M5"	"BCI"	"HMMR"
"M5"	"BCI"	"PTTG1"
"M5"	"BCI"	"CELSR3"
"M5"	"BCI"	"MYBL2"
"M5"	"BCI"	"MELK"
"M5"	"BCI"	"HOXD4"
"M5"	"BCI"	"FOLR1"
"M5"	"BCI"	"MKI67"
"M5"	"BCI"	"CDH16"
"M5"	"BCI"	"CDKN3"
"M5"	"BCI"	"SELP"
"M5"	"BCI"	"CENPF"
"M5"	"DIP_Yeast"	"PLK1"
"M5"	"DIP_Yeast"	"RRM2"
"M5"	"DIP_Yeast"	"ALDH1A2"
"M5"	"DIP_Yeast"	"CDC20"
"M5"	"BioGrid_Yeast"	"PLK1"
"M5"	"BioGrid_Yeast"	"RRM2"
"M5"	"BioGrid_Yeast"	"ALDH1A2"
"M5"	"BioGrid_Yeast"	"UBE2C"
"M5"	"BioGrid_Yeast"	"HAAO"
"M5"	"BioGrid_Yeast"	"CDC20"
"M5"	"YeastLow"	"PLK1"
"M5"	"YeastLow"	"RRM2"
"M5"	"YeastLow"	"HAAO"
"M5"	"YeastLow"	"CDC20"
"M5"	"StelzlMedium"	"PBK"
"M5"	"StelzlMedium"	"APLP1"
"M5"	"StelzlMedium"	"ENO2"
"M5"	"StelzlMedium"	"C16orf45"
"M5"	"StelzlMedium"	"SUSD4"
"M5"	"StelzlMedium"	"ARSE"
"M5"	"BioGrid_Mouse"	"PLK1"
"M5"	"BioGrid_Mouse"	"MAOA"
"M5"	"BioGrid_Mouse"	"GATA3"
"M5"	"BioGrid_Mouse"	"RRM2"
"M5"	"BioGrid_Mouse"	"EMX2"
"M5"	"BioGrid_Mouse"	"CCNA2"
"M5"	"BioGrid_Mouse"	"UBE2C"
"M5"	"BioGrid_Mouse"	"CDC20"
"M5"	"BioGrid_Mouse"	"TFAP2A"
"M5"	"BioGrid_Mouse"	"TPX2"
"M5"	"BioGrid_Mouse"	"HOXD10"
"M5"	"BioGrid_Mouse"	"ROR1"
"M5"	"BioGrid_Mouse"	"SFRP1"
"M5"	"BioGrid_Mouse"	"MYBL2"
"M5"	"BioGrid_Mouse"	"UHRF1"
"M5"	"BioGrid_Mouse"	"MELK"
"M5"	"BioGrid_Mouse"	"HOXD3"
"M5"	"BioGrid_Mouse"	"HOXD4"
"M5"	"BioGrid_Mouse"	"HOXC6"
"M5"	"BioGrid_Mouse"	"SHC2"
"M5"	"BioGrid_Mouse"	"HNF1B"
"M5"	"BioGrid_Mouse"	"SALL1"
"M5"	"IntAct_Yeast"	"PLK1"
"M5"	"IntAct_Yeast"	"RRM2"
"M5"	"IntAct_Yeast"	"ALDH1A2"
"M5"	"IntAct_Yeast"	"CDC20"
"M5"	"IntAct_Worm"	"RRM2"
"M5"	"IntAct_Worm"	"HAAO"
"M5"	"IntAct_Worm"	"HGD"
"M5"	"IntAct_Worm"	"ECHDC3"
"M5"	"BioGrid_Fly"	"PLK1"
"M5"	"BioGrid_Fly"	"PBK"
"M5"	"BioGrid_Fly"	"RRM2"
"M5"	"BioGrid_Fly"	"CCNA2"
"M5"	"BioGrid_Fly"	"UBE2C"
"M5"	"BioGrid_Fly"	"CDC20"
"M5"	"BioGrid_Fly"	"TFAP2A"
"M5"	"BioGrid_Fly"	"MPP6"
"M5"	"BioGrid_Fly"	"PYCR1"
"M5"	"BioGrid_Fly"	"HGD"
"M5"	"BioGrid_Fly"	"ADCY5"
"M5"	"BioGrid_Fly"	"ZC4H2"
"M5"	"BioGrid_Fly"	"SPON2"
"M5"	"VidalHuman_non_core"	"CLDN3"
"M5"	"VidalHuman_non_core"	"TACSTD2"
"M5"	"VidalHuman_non_core"	"MYBL2"
"M5"	"VidalHuman_non_core"	"AK4"
"M5"	"VidalHuman_non_core"	"DNASE1L3"
"M5"	"BIND_Rat"	"PLK1"
"M5"	"BIND_Rat"	"ERBB4"
"M5"	"BIND_Rat"	"ALDH1A2"
"M5"	"BIND_Rat"	"GRIP2"
"M5"	"BIND_Rat"	"PDE4A"
"M5"	"BIND_Rat"	"PFKFB4"
"M5"	"BIND_Rat"	"CLIC6"
"M5"	"FlyLow"	"PLK1"
"M5"	"FlyLow"	"PBK"
"M5"	"FlyLow"	"ZC4H2"
"M5"	"IntAct_Fly"	"PLK1"
"M5"	"IntAct_Fly"	"CCNA2"
"M5"	"IntAct_Fly"	"TOP2A"
"M5"	"IntAct_Fly"	"CDC20"
"M5"	"IntAct_Fly"	"PYCR1"
"M5"	"IntAct_Fly"	"HGD"
"M5"	"IntAct_Fly"	"GPC4"
"M5"	"IntAct_Fly"	"SULT1C4"
"M5"	"IntAct_Fly"	"SPON2"
"M5"	"I2D-text_mining-c"	"CLDN3"
"M5"	"BioGrid_Worm"	"RRM2"
"M5"	"BioGrid_Worm"	"TOP2A"
"M5"	"BioGrid_Worm"	"HGD"
"M5"	"VidalHuman_core"	"ALDH1A1"
"M5"	"VidalHuman_core"	"ZC4H2"
"M5"	"JonesErbB1"	"ERBB4"
"M5"	"MINT_Mouse"	"CLDN3"
"M5"	"MINT_Mouse"	"UHRF1"
"M5"	"MINT_Mouse"	"CHL1"
"M5"	"INNATEDB_Mouse"	"GATA3"
"M5"	"INNATEDB_Mouse"	"MPP6"
"M5"	"INNATEDB_Mouse"	"CORO2A"
"M5"	"INNATEDB_Mouse"	"PKMYT1"
"M5"	"INNATEDB_Mouse"	"NEURL3"
"M5"	"INNATEDB_Mouse"	"SELP"
"M5"	"INNATEDB_Mouse"	"FADS2"
"M5"	"INNATEDB_Mouse"	"HOXC10"
"M5"	"INNATEDB_Mouse"	"STEAP4"
"M5"	"BIND_Mouse"	"PLK1"
"M5"	"BIND_Mouse"	"CLU"
"M5"	"BIND_Mouse"	"GATA3"
"M5"	"BIND_Mouse"	"CCNA2"
"M5"	"BIND_Mouse"	"ARNT2"
"M5"	"BIND_Mouse"	"TFAP2A"
"M5"	"BIND_Mouse"	"DIAPH3"
"M5"	"I2D-c_Fiona_HUMAN"	"FABP3"
"M5"	"BioGrid_Rat"	"TRPV4"
"M5"	"BioGrid_Rat"	"CDC20"
"M5"	"MINT_Yeast"	"PLK1"
"M5"	"MINT_Yeast"	"RRM2"
"M5"	"MINT_Yeast"	"CDC20"
"M5"	"StelzlHigh"	"PBK"
"M5"	"StelzlHigh"	"ENO2"
"M5"	"BIND_Fly"	"PLK1"
"M5"	"BIND_Fly"	"PBK"
"M5"	"BIND_Fly"	"PYCR1"
"M5"	"BIND_Fly"	"HGD"
"M5"	"BIND_Fly"	"ZC4H2"
"M5"	"FlyEmbryo"	"PLK1"
"M5"	"INTEROLOG"	"IQGAP3"
"M5"	"INTEROLOG"	"RRM2"
"M5"	"INTEROLOG"	"TOP2A"
"M5"	"IntAct_Rat"	"IQGAP3"
"M5"	"IntAct_Rat"	"CLU"
"M5"	"IntAct_Rat"	"PFKFB4"
"M5"	"BIND_Worm"	"RRM2"
"M5"	"BIND_Worm"	"HGD"
"M5"	"BIND_Yeast"	"RRM2"
"M5"	"BIND_Yeast"	"CDC20"
"M5"	"DIP_Worm"	"RRM2"
"M5"	"DIP_Worm"	"HGD"
"M5"	"MINT_Worm"	"RRM2"
"M5"	"MINT_Worm"	"HGD"
"M5"	"NON_CORE"	"RRM2"
"M5"	"Yu_GoldStd"	"RRM2"
"M5"	"Yu_GoldStd"	"CDC20"
"M5"	"DIP_Mouse"	"ERBB4"
"M5"	"DIP_Mouse"	"TRPV4"
"M5"	"DIP_Mouse"	"TOP2A"
"M5"	"DIP_Mouse"	"DIAPH3"
"M5"	"DIP_Mouse"	"KIF26B"
"M5"	"Krogan_NonCore"	"ALDH1A2"
"M5"	"StelzlLow"	"SUSD4"
"M5"	"FlyCellCycle"	"CCNA2"
"M5"	"DIP_Rat"	"CCNA2"
"M5"	"DIP_Rat"	"PFKFB4"
"M5"	"MIPS"	"RRM2"
"M5"	"MIPS"	"CDC20"
"M5"	"KIM_MYC"	"ANLN"
"M5"	"KIM_MYC"	"CCNA2"
"M5"	"KIM_MYC"	"TOP2A"
"M5"	"CORE_2"	"HGD"
"M5"	"FlyHigh"	"HGD"
"M5"	"Fawcett_polarity"	"MPP6"
"M6"	"BioGrid"	"FN1"
"M6"	"BioGrid"	"VCAN"
"M6"	"BioGrid"	"LUM"
"M6"	"BioGrid"	"DCN"
"M6"	"BioGrid"	"AHNAK2"
"M6"	"BioGrid"	"FHL2"
"M6"	"BioGrid"	"EFEMP1"
"M6"	"BioGrid"	"COL1A2"
"M6"	"BioGrid"	"TNC"
"M6"	"BioGrid"	"CTGF"
"M6"	"BioGrid"	"IGFBP3"
"M6"	"BioGrid"	"FBLN2"
"M6"	"BioGrid"	"COL1A1"
"M6"	"BioGrid"	"COL3A1"
"M6"	"BioGrid"	"COL5A1"
"M6"	"BioGrid"	"BCAT1"
"M6"	"BioGrid"	"CLDN1"
"M6"	"BioGrid"	"SERPINE1"
"M6"	"BioGrid"	"MDK"
"M6"	"BioGrid"	"ACAN"
"M6"	"BioGrid"	"AGT"
"M6"	"BioGrid"	"TIMP1"
"M6"	"BioGrid"	"LOXL2"
"M6"	"BioGrid"	"ADAM12"
"M6"	"BioGrid"	"ADH1B"
"M6"	"BioGrid"	"THBS1"
"M6"	"BioGrid"	"C1R"
"M6"	"BioGrid"	"FMOD"
"M6"	"BioGrid"	"LTBP1"
"M6"	"BioGrid"	"PRELP"
"M6"	"BioGrid"	"NNMT"
"M6"	"BioGrid"	"SULF1"
"M6"	"BioGrid"	"SPHK1"
"M6"	"BioGrid"	"HK2"
"M6"	"BioGrid"	"INHBA"
"M6"	"BioGrid"	"LAMC2"
"M6"	"BioGrid"	"MFAP2"
"M6"	"BioGrid"	"MSC"
"M6"	"BioGrid"	"CHST1"
"M6"	"BioGrid"	"SLC16A3"
"M6"	"BioGrid"	"SERPINF1"
"M6"	"BioGrid"	"PRRX1"
"M6"	"IntAct"	"FN1"
"M6"	"IntAct"	"VCAN"
"M6"	"IntAct"	"FHL2"
"M6"	"IntAct"	"EFEMP1"
"M6"	"IntAct"	"HSPB6"
"M6"	"IntAct"	"COL1A2"
"M6"	"IntAct"	"CTGF"
"M6"	"IntAct"	"IGFBP3"
"M6"	"IntAct"	"FBLN2"
"M6"	"IntAct"	"BCAT1"
"M6"	"IntAct"	"ARNTL2"
"M6"	"IntAct"	"CLDN1"
"M6"	"IntAct"	"SERPINE1"
"M6"	"IntAct"	"SEMA7A"
"M6"	"IntAct"	"MDK"
"M6"	"IntAct"	"ACAN"
"M6"	"IntAct"	"AGT"
"M6"	"IntAct"	"TIMP1"
"M6"	"IntAct"	"LOXL2"
"M6"	"IntAct"	"ADAM12"
"M6"	"IntAct"	"ADH1B"
"M6"	"IntAct"	"THBS1"
"M6"	"IntAct"	"C1R"
"M6"	"IntAct"	"C1S"
"M6"	"IntAct"	"LTBP1"
"M6"	"IntAct"	"WFIKKN1"
"M6"	"IntAct"	"NNMT"
"M6"	"IntAct"	"SPHK1"
"M6"	"IntAct"	"HK2"
"M6"	"IntAct"	"INHBA"
"M6"	"IntAct"	"LAMB3"
"M6"	"IntAct"	"LAMC2"
"M6"	"IntAct"	"MSC"
"M6"	"IntAct"	"COL6A3"
"M6"	"IntAct"	"CHST1"
"M6"	"IntAct"	"SLC16A3"
"M6"	"IntAct"	"SERPINF1"
"M6"	"IntAct"	"ADAMTS12"
"M6"	"IntAct"	"COL15A1"
"M6"	"IntAct"	"POSTN"
"M6"	"IntAct"	"MEDAG"
"M6"	"HPRD"	"FN1"
"M6"	"HPRD"	"VCAN"
"M6"	"HPRD"	"LUM"
"M6"	"HPRD"	"DCN"
"M6"	"HPRD"	"FHL2"
"M6"	"HPRD"	"HSPB6"
"M6"	"HPRD"	"COL1A2"
"M6"	"HPRD"	"TNC"
"M6"	"HPRD"	"CTGF"
"M6"	"HPRD"	"IGFBP3"
"M6"	"HPRD"	"FBLN2"
"M6"	"HPRD"	"ACTG2"
"M6"	"HPRD"	"COL1A1"
"M6"	"HPRD"	"ARNTL2"
"M6"	"HPRD"	"CLDN1"
"M6"	"HPRD"	"SERPINE1"
"M6"	"HPRD"	"SEMA7A"
"M6"	"HPRD"	"MDK"
"M6"	"HPRD"	"ACAN"
"M6"	"HPRD"	"MFAP4"
"M6"	"HPRD"	"AGT"
"M6"	"HPRD"	"TIMP1"
"M6"	"HPRD"	"PLTP"
"M6"	"HPRD"	"ADAM12"
"M6"	"HPRD"	"THBS1"
"M6"	"HPRD"	"C1R"
"M6"	"HPRD"	"C1S"
"M6"	"HPRD"	"FMOD"
"M6"	"HPRD"	"LTBP1"
"M6"	"HPRD"	"PRELP"
"M6"	"HPRD"	"SPHK1"
"M6"	"HPRD"	"HK2"
"M6"	"HPRD"	"CYR61"
"M6"	"HPRD"	"THBS2"
"M6"	"HPRD"	"INHBA"
"M6"	"HPRD"	"LAMB3"
"M6"	"HPRD"	"LAMC2"
"M6"	"HPRD"	"MFAP2"
"M6"	"HPRD"	"MSC"
"M6"	"HPRD"	"AEBP1"
"M6"	"HPRD"	"CDH11"
"M6"	"HPRD"	"SLC16A3"
"M6"	"INNATEDB"	"VCAN"
"M6"	"INNATEDB"	"DCN"
"M6"	"INNATEDB"	"FHL2"
"M6"	"INNATEDB"	"COL1A2"
"M6"	"INNATEDB"	"IGFBP3"
"M6"	"INNATEDB"	"COL1A1"
"M6"	"INNATEDB"	"SEMA7A"
"M6"	"INNATEDB"	"MDK"
"M6"	"INNATEDB"	"ACAN"
"M6"	"INNATEDB"	"AGT"
"M6"	"INNATEDB"	"TIMP1"
"M6"	"INNATEDB"	"THBS1"
"M6"	"INNATEDB"	"C1S"
"M6"	"INNATEDB"	"LTBP1"
"M6"	"INNATEDB"	"INHBA"
"M6"	"INNATEDB"	"ERAP2"
"M6"	"BCI"	"FN1"
"M6"	"BCI"	"VCAN"
"M6"	"BCI"	"FHL2"
"M6"	"BCI"	"COL1A2"
"M6"	"BCI"	"TNC"
"M6"	"BCI"	"CTGF"
"M6"	"BCI"	"IGFBP3"
"M6"	"BCI"	"FBLN2"
"M6"	"BCI"	"ACTG2"
"M6"	"BCI"	"COL1A1"
"M6"	"BCI"	"COL3A1"
"M6"	"BCI"	"SERPINE1"
"M6"	"BCI"	"SEMA7A"
"M6"	"BCI"	"MDK"
"M6"	"BCI"	"THBS1"
"M6"	"BCI"	"FMOD"
"M6"	"BCI"	"LTBP1"
"M6"	"BCI"	"HK2"
"M6"	"BCI"	"CYR61"
"M6"	"BCI"	"THBS2"
"M6"	"BCI"	"AEBP1"
"M6"	"BCI"	"CDH11"
"M6"	"BioGrid_Rat"	"DCN"
"M6"	"BioGrid_Rat"	"HSPB6"
"M6"	"BioGrid_Rat"	"SERPINE1"
"M6"	"BioGrid_Rat"	"MDK"
"M6"	"BioGrid_Fly"	"FBLN2"
"M6"	"BioGrid_Fly"	"ACTG2"
"M6"	"BioGrid_Fly"	"BCAT1"
"M6"	"BioGrid_Fly"	"MFAP4"
"M6"	"BioGrid_Fly"	"SPHK1"
"M6"	"BIND_Fly"	"FBLN2"
"M6"	"FlyLow"	"FBLN2"
"M6"	"MINT_Fly"	"FBLN2"
"M6"	"MINT_Fly"	"ACTG2"
"M6"	"MINT_Fly"	"MFAP4"
"M6"	"DIP_Fly"	"FBLN2"
"M6"	"DIP_Fly"	"ACTG2"
"M6"	"BioGrid_Mouse"	"FHL2"
"M6"	"BioGrid_Mouse"	"COL1A1"
"M6"	"BioGrid_Mouse"	"COL3A1"
"M6"	"BioGrid_Mouse"	"COL5A1"
"M6"	"BioGrid_Mouse"	"CLDN1"
"M6"	"BioGrid_Mouse"	"MDK"
"M6"	"BioGrid_Mouse"	"THBS1"
"M6"	"BioGrid_Mouse"	"THBS2"
"M6"	"BioGrid_Mouse"	"INHBA"
"M6"	"BioGrid_Mouse"	"LAMC2"
"M6"	"BioGrid_Mouse"	"AEBP1"
"M6"	"MINT_Yeast"	"BCAT1"
"M6"	"MINT"	"FN1"
"M6"	"MINT"	"LUM"
"M6"	"MINT"	"FHL2"
"M6"	"MINT"	"EFEMP1"
"M6"	"MINT"	"HSPB6"
"M6"	"MINT"	"IGFBP3"
"M6"	"MINT"	"COL1A1"
"M6"	"MINT"	"CLDN1"
"M6"	"MINT"	"SERPINE1"
"M6"	"MINT"	"TIMP1"
"M6"	"MINT"	"LOXL2"
"M6"	"MINT"	"ADAM12"
"M6"	"MINT"	"C1R"
"M6"	"MINT"	"HK2"
"M6"	"MINT"	"INHBA"
"M6"	"VidalHuman_core"	"EFEMP1"
"M6"	"VidalHuman_core"	"AGT"
"M6"	"VidalHuman_core"	"HK2"
"M6"	"IntAct_Fly"	"FBLN2"
"M6"	"IntAct_Fly"	"MFAP4"
"M6"	"BIND_Mouse"	"FHL2"
"M6"	"BIND_Mouse"	"CLDN1"
"M6"	"BIND_Mouse"	"ADAM12"
"M6"	"BIND_Mouse"	"INHBA"
"M6"	"IntAct_Mouse"	"FN1"
"M6"	"IntAct_Mouse"	"FHL2"
"M6"	"IntAct_Mouse"	"COL3A1"
"M6"	"IntAct_Mouse"	"CLDN1"
"M6"	"IntAct_Mouse"	"LTBP1"
"M6"	"MGI"	"FN1"
"M6"	"MGI"	"CLDN1"
"M6"	"MINT_Mouse"	"CLDN1"
"M6"	"StelzlHigh"	"TIMP1"
"M6"	"BIND"	"FHL2"
"M6"	"BIND"	"SERPINE1"
"M6"	"BIND"	"TIMP1"
"M6"	"BIND"	"ADH1B"
"M6"	"BIND"	"C1R"
"M6"	"BIND"	"C1S"
"M6"	"BIND"	"HK2"
"M6"	"BIND"	"INHBA"
"M6"	"BioGrid_Yeast"	"BCAT1"
"M6"	"DIP"	"FN1"
"M6"	"DIP"	"FHL2"
"M6"	"DIP"	"IGFBP3"
"M6"	"DIP"	"COL1A1"
"M6"	"DIP"	"COL3A1"
"M6"	"DIP"	"LTBP1"
"M6"	"DIP"	"HK2"
"M6"	"DIP"	"INHBA"
"M6"	"DIP_Rat"	"COL1A2"
"M6"	"DIP_Rat"	"HK2"
"M6"	"BIND_Rat"	"HSPB6"
"M6"	"INNATEDB_Mouse"	"FHL2"
"M6"	"INNATEDB_Mouse"	"TNC"
"M6"	"INNATEDB_Mouse"	"SEMA7A"
"M6"	"INNATEDB_Mouse"	"ADAMTS2"
"M6"	"IntAct_Yeast"	"BCAT1"
"M6"	"VidalHuman_non_core"	"AGT"
"M6"	"DIP_Mouse"	"CDH11"
"M6"	"StelzlMedium"	"IGFBP3"
"M6"	"IntAct_Worm"	"ADAM12"
"M6"	"KIM_MYC"	"ACTG2"
"M6"	"IntAct_Rat"	"FHL2"
