"Module"	"ID"	"Description"	"GeneRatio"	"BgRatio"	"pvalue"	"p.adjust"	"qvalue"	"geneID"	"Count"
"M1"	"Transport of inorganic cations/anions and amino acids/oligopeptides"	"Transport of inorganic cations/anions and amino acids/oligopeptides"	"13/289"	"94/7644"	4.73214925538718e-05	0.0259505112496971	0.0216616738222413	"SLC26A7/SLC4A1/SLC7A8/SLC1A5/SLC43A1/SLC7A5/SLC24A2/SLC4A9/SLC1A2/SLC38A4/SLC1A1/SLC12A5/SLC6A20"	13
"M1"	"O-glycosylation of TSR domain-containing proteins"	"O-glycosylation of TSR domain-containing proteins"	"8/289"	"39/7644"	8.38135279158843e-05	0.0259505112496971	0.0216616738222413	"THSD4/ADAMTSL1/SEMA5A/THSD7B/ADAMTS17/ADAMTS3/ADAMTS15/ADAMTS16"	8
"M1"	"O-linked glycosylation"	"O-linked glycosylation"	"13/289"	"103/7644"	0.00012396741042849	0.0259505112496971	0.0216616738222413	"MUC20/ST3GAL4/THSD4/ADAMTSL1/GCNT1/SEMA5A/THSD7B/MUC4/ADAMTS17/ADAMTS3/ADAMTS15/ADAMTS16/MUC3A"	13
"M1"	"Platelet homeostasis"	"Platelet homeostasis"	"11/289"	"79/7644"	0.00017029066865268	0.0267356349784707	0.0223170402602722	"GNG11/MRVI1/ATP2B2/ITPR3/PDE11A/PLA2G4A/KCNMB4/PDE3B/PDE10A/TRPC6/TRPC3"	11
"M1"	"Hemostasis"	"Hemostasis"	"35/289"	"497/7644"	0.000239784888090247	0.0272456201493855	0.0227427402520851	"CD9/PLCG2/CAV1/ANGPT1/GATA2/GNG11/SLC7A8/MRVI1/CD36/ATP2B2/ITPR3/DGKI/SCG3/CABLES1/PDE11A/SLC7A5/PLA2G4A/KCNMB4/DOCK3/L1CAM/PDE3B/IGF2/MMRN1/ITGB3/IGF1/PRKAR2B/PDE10A/DAGLA/MAG/SERPINF2/TRPC6/PRKCQ/TRPC3/F5/GP6"	35
"M1"	"Effects of PIP2 hydrolysis"	"Effects of PIP2 hydrolysis"	"6/289"	"25/7644"	0.000267294063225683	0.0272456201493855	0.0227427402520851	"ITPR3/DGKI/DAGLA/TRPC6/PRKCQ/TRPC3"	6
"M1"	"SLC-mediated transmembrane transport"	"SLC-mediated transmembrane transport"	"22/289"	"259/7644"	0.000303693218225634	0.0272456201493855	0.0227427402520851	"SLC26A7/SLC4A1/SLC7A8/SLC29A4/SLC2A1/SLC1A5/SLC43A1/SLC2A13/SLCO4A1/SLC7A5/SLC24A2/SLC4A9/SLC14A1/SLC1A2/SLC38A4/SLC14A2/SLC13A3/SLC44A4/SLC1A1/SLC12A5/SLC5A1/SLC6A20"	22
"M1"	"cGMP effects"	"cGMP effects"	"5/289"	"18/7644"	0.000426028855003086	0.0308705797723067	0.0257686032963606	"MRVI1/PDE11A/KCNMB4/PDE3B/PDE10A"	5
"M1"	"Amino acid and oligopeptide SLC transporters"	"Amino acid and oligopeptide SLC transporters"	"8/289"	"49/7644"	0.000442412767437516	0.0308705797723067	0.0257686032963606	"SLC7A8/SLC1A5/SLC43A1/SLC7A5/SLC1A2/SLC38A4/SLC1A1/SLC6A20"	8
"M1"	"Platelet activation, signaling and aggregation"	"Platelet activation, signaling and aggregation"	"19/289"	"221/7644"	0.000673103001216084	0.0422708684763701	0.0352847678532221	"CD9/PLCG2/GNG11/CD36/ITPR3/DGKI/SCG3/PLA2G4A/IGF2/MMRN1/ITGB3/IGF1/DAGLA/SERPINF2/TRPC6/PRKCQ/TRPC3/F5/GP6"	19
"M1"	"Retinoid metabolism and transport"	"Retinoid metabolism and transport"	"7/289"	"41/7644"	0.000763796725276207	0.043605849406678	0.0363991166686652	"SDC2/LDLR/GPC3/AKR1C1/GPC6/RBP1/BCO2"	7
"M1"	"Amino acid transport across the plasma membrane"	"Amino acid transport across the plasma membrane"	"6/289"	"31/7644"	0.000918019426675662	0.048043016662693	0.0401029539021473	"SLC7A8/SLC1A5/SLC43A1/SLC7A5/SLC38A4/SLC6A20"	6
"M1"	"Basigin interactions"	"Basigin interactions"	"5/289"	"25/7644"	0.00212592570114185	0.0876363649986181	0.0731527150005227	"CAV1/SLC7A8/SLC7A5/L1CAM/MAG"	5
"M1"	"Nitric oxide stimulates guanylate cyclase"	"Nitric oxide stimulates guanylate cyclase"	"5/289"	"25/7644"	0.00212592570114185	0.0876363649986181	0.0731527150005227	"MRVI1/PDE11A/KCNMB4/PDE3B/PDE10A"	5
"M1"	"Synthesis of IP3 and IP4 in the cytosol"	"Synthesis of IP3 and IP4 in the cytosol"	"5/289"	"25/7644"	0.00212592570114185	0.0876363649986181	0.0731527150005227	"PLCG2/PLCB4/PLCE1/ITPKA/PLCH1"	5
"M1"	"Diseases associated with visual transduction"	"Diseases associated with visual transduction"	"10/289"	"92/7644"	0.00237232198244667	0.0876363649986181	0.0731527150005227	"SDC2/LDLR/GPC3/AKR1C1/GPC6/RBP1/BCO2/CNGA1/PDE6B/PRKCQ"	10
"M1"	"Visual phototransduction"	"Visual phototransduction"	"10/289"	"92/7644"	0.00237232198244667	0.0876363649986181	0.0731527150005227	"SDC2/LDLR/GPC3/AKR1C1/GPC6/RBP1/BCO2/CNGA1/PDE6B/PRKCQ"	10
"M1"	"Platelet degranulation"	"Platelet degranulation"	"9/289"	"79/7644"	0.00280923390191692	0.0980110494668793	0.0818127767926683	"CD9/CD36/SCG3/IGF2/MMRN1/ITGB3/IGF1/SERPINF2/F5"	9
"M1"	"Phospholipase C-mediated cascade"	"Phospholipase C-mediated cascade"	"7/289"	"54/7644"	0.00395908195466059	0.127532444762658	0.106455175145498	"PDE1C/FGF7/ITPR3/FGF2/FGF1/PRKAR2B/KL"	7
"M1"	"Transferrin endocytosis and recycling"	"Transferrin endocytosis and recycling"	"5/289"	"29/7644"	0.00419977865553332	0.127532444762658	0.106455175145498	"ATP6V0D2/ATP6V1B1/ATP6V1G3/ATP6V1C2/STEAP3"	5
"M1"	"Response to elevated platelet cytosolic Ca2+"	"Response to elevated platelet cytosolic Ca2+"	"9/289"	"84/7644"	0.00426461996817807	0.127532444762658	0.106455175145498	"CD9/CD36/SCG3/IGF2/MMRN1/ITGB3/IGF1/SERPINF2/F5"	9
"M1"	"Platelet calcium homeostasis"	"Platelet calcium homeostasis"	"4/289"	"19/7644"	0.00494666514328163	0.137795117298139	0.115021737201598	"ATP2B2/ITPR3/TRPC6/TRPC3"	4
"M1"	"G alpha (q) signalling events"	"G alpha (q) signalling events"	"15/289"	"189/7644"	0.00520126760723155	0.137795117298139	0.115021737201598	"AVPR1A/GNG11/BDKRB2/ITPR3/DGKI/PLCB4/GPRC6A/GRM1/BDKRB1/DAGLA/CYSLTR2/TRPC6/PRKCQ/TRPC3/AGTR1"	15
"M1"	"Creatine metabolism"	"Creatine metabolism"	"3/289"	"10/7644"	0.00526605543814545	0.137795117298139	0.115021737201598	"CKMT2/GATM/CKMT1A"	3
"M1"	"HS-GAG biosynthesis"	"HS-GAG biosynthesis"	"5/289"	"31/7644"	0.00565012855802823	0.140934329158639	0.117642131949383	"SDC2/HS6ST3/GPC3/GPC6/HS3ST1"	5
"M1"	"Inositol phosphate metabolism"	"Inositol phosphate metabolism"	"6/289"	"44/7644"	0.00583486076134492	0.140934329158639	0.117642131949383	"PLCG2/NUDT4/PLCB4/PLCE1/ITPKA/PLCH1"	6
"M1"	"Axon guidance"	"Axon guidance"	"22/289"	"327/7644"	0.00607019352622164	0.141188204980266	0.117854049748865	"SDC2/MYH14/ALCAM/SLIT2/EFNA5/MYH11/SEMA5A/CRMP1/LAMA1/CACNB2/L1CAM/ANK2/ITGB3/EPHB3/UNC5D/NCAM1/EPHB1/SCN9A/COL4A5/TRPC6/PRKCQ/TRPC3"	22
"M1"	"DAP12 interactions"	"DAP12 interactions"	"14/289"	"179/7644"	0.00775336446449445	0.173896888703661	0.145156973808956	"PLCG2/KIT/NR4A1/PDE1C/FGF7/TRIB3/ITPR3/SIGLEC15/FGF2/NRG3/FGF1/PRKAR2B/KL/NRG1"	14
"M1"	"DAP12 signaling"	"DAP12 signaling"	"13/289"	"164/7644"	0.00909095129615003	0.192018859763486	0.160283929202508	"PLCG2/KIT/NR4A1/PDE1C/FGF7/TRIB3/ITPR3/FGF2/NRG3/FGF1/PRKAR2B/KL/NRG1"	13
"M1"	"Signaling by PDGF"	"Signaling by PDGF"	"14/289"	"184/7644"	0.00978140627328055	0.192018859763486	0.160283929202508	"SPP1/KIT/NR4A1/PDE1C/FGF7/TRIB3/ITPR3/FGF2/NRG3/FGF1/PRKAR2B/KL/COL4A5/NRG1"	14
"M1"	"FGFR ligand binding and activation"	"FGFR ligand binding and activation"	"4/289"	"23/7644"	0.0100365228126938	0.192018859763486	0.160283929202508	"FGF7/FGF2/FGF1/KL"	4
"M1"	"Downstream signaling of activated FGFR"	"Downstream signaling of activated FGFR"	"12/289"	"149/7644"	0.010631806854104	0.192018859763486	0.160283929202508	"KIT/NR4A1/PDE1C/FGF7/TRIB3/ITPR3/FGF2/NRG3/FGF1/PRKAR2B/KL/NRG1"	12
"M1"	"Signaling by Insulin receptor"	"Signaling by Insulin receptor"	"10/289"	"116/7644"	0.0121627404044895	0.192018859763486	0.160283929202508	"ATP6V0D2/ATP6V1B1/ATP6V1G3/ATP6V1C2/FGF7/TRIB3/FGF2/PDE3B/FGF1/KL"	10
"M1"	"PI3K/AKT Signaling in Cancer"	"PI3K/AKT Signaling in Cancer"	"9/289"	"100/7644"	0.0130673174608529	0.192018859763486	0.160283929202508	"KIT/NR4A1/FGF7/TRIB3/FGF2/NRG3/FGF1/KL/NRG1"	9
"M1"	"PI-3K cascade"	"PI-3K cascade"	"9/289"	"100/7644"	0.0130673174608529	0.192018859763486	0.160283929202508	"KIT/NR4A1/FGF7/TRIB3/FGF2/NRG3/FGF1/KL/NRG1"	9
"M1"	"PI3K events in ERBB2 signaling"	"PI3K events in ERBB2 signaling"	"9/289"	"100/7644"	0.0130673174608529	0.192018859763486	0.160283929202508	"KIT/NR4A1/FGF7/TRIB3/FGF2/NRG3/FGF1/KL/NRG1"	9
"M1"	"PI3K events in ERBB4 signaling"	"PI3K events in ERBB4 signaling"	"9/289"	"100/7644"	0.0130673174608529	0.192018859763486	0.160283929202508	"KIT/NR4A1/FGF7/TRIB3/FGF2/NRG3/FGF1/KL/NRG1"	9
"M1"	"PIP3 activates AKT signaling"	"PIP3 activates AKT signaling"	"9/289"	"100/7644"	0.0130673174608529	0.192018859763486	0.160283929202508	"KIT/NR4A1/FGF7/TRIB3/FGF2/NRG3/FGF1/KL/NRG1"	9
"M1"	"Synthesis of bile acids and bile salts via 24-hydroxycholesterol"	"Synthesis of bile acids and bile salts via 24-hydroxycholesterol"	"3/289"	"14/7644"	0.0142803806412856	0.192018859763486	0.160283929202508	"AKR1C1/AMACR/AKR1C2"	3
"M1"	"Insulin receptor recycling"	"Insulin receptor recycling"	"4/289"	"26/7644"	0.0155086165136619	0.192018859763486	0.160283929202508	"ATP6V0D2/ATP6V1B1/ATP6V1G3/ATP6V1C2"	4
"M1"	"Termination of O-glycan biosynthesis"	"Termination of O-glycan biosynthesis"	"4/289"	"26/7644"	0.0155086165136619	0.192018859763486	0.160283929202508	"MUC20/ST3GAL4/MUC4/MUC3A"	4
"M1"	"Defective ACTH causes Obesity and Pro-opiomelanocortinin deficiency (POMCD)"	"Defective ACTH causes Obesity and Pro-opiomelanocortinin deficiency (POMCD)"	"26/289"	"441/7644"	0.0156372870095286	0.192018859763486	0.160283929202508	"AVPR1A/GNG11/BDKRB2/FZD7/GPR37/CCRL2/OXGR1/GPRC6A/C5AR2/HCAR1/WNT11/ADRB2/CALCA/CCL21/ADCYAP1/GRM1/BDKRB1/ADRB1/CYSLTR2/HCAR2/SST/PTH1R/HRH2/AGTR1/WNT4/WNT2"	26
"M1"	"GPCR ligand binding"	"GPCR ligand binding"	"26/289"	"441/7644"	0.0156372870095286	0.192018859763486	0.160283929202508	"AVPR1A/GNG11/BDKRB2/FZD7/GPR37/CCRL2/OXGR1/GPRC6A/C5AR2/HCAR1/WNT11/ADRB2/CALCA/CCL21/ADCYAP1/GRM1/BDKRB1/ADRB1/CYSLTR2/HCAR2/SST/PTH1R/HRH2/AGTR1/WNT4/WNT2"	26
"M1"	"PI3K/AKT activation"	"PI3K/AKT activation"	"9/289"	"103/7644"	0.0156380050005895	0.192018859763486	0.160283929202508	"KIT/NR4A1/FGF7/TRIB3/FGF2/NRG3/FGF1/KL/NRG1"	9
"M1"	"Constitutive PI3K/AKT Signaling in Cancer"	"Constitutive PI3K/AKT Signaling in Cancer"	"8/289"	"86/7644"	0.0156520227345417	0.192018859763486	0.160283929202508	"KIT/NR4A1/FGF7/FGF2/NRG3/FGF1/KL/NRG1"	8
"M1"	"GAB1 signalosome"	"GAB1 signalosome"	"9/289"	"104/7644"	0.0165723135586709	0.192018859763486	0.160283929202508	"KIT/NR4A1/FGF7/TRIB3/FGF2/NRG3/FGF1/KL/NRG1"	9
"M1"	"Class B/2 (Secretin family receptors)"	"Class B/2 (Secretin family receptors)"	"8/289"	"87/7644"	0.0166916507102122	0.192018859763486	0.160283929202508	"GNG11/FZD7/WNT11/CALCA/ADCYAP1/PTH1R/WNT4/WNT2"	8
"M1"	"Gastrin-CREB signalling pathway via PKC and MAPK"	"Gastrin-CREB signalling pathway via PKC and MAPK"	"15/289"	"217/7644"	0.0173531189410515	0.192018859763486	0.160283929202508	"AVPR1A/GNG11/BDKRB2/ITPR3/DGKI/PLCB4/GPRC6A/GRM1/BDKRB1/DAGLA/CYSLTR2/TRPC6/PRKCQ/TRPC3/AGTR1"	15
"M1"	"Elastic fibre formation"	"Elastic fibre formation"	"5/289"	"41/7644"	0.0183520678024582	0.192018859763486	0.160283929202508	"LTBP2/FBN3/BMP2/FBLN1/ITGB3"	5
"M1"	"Downstream signal transduction"	"Downstream signal transduction"	"12/289"	"161/7644"	0.0187231535569135	0.192018859763486	0.160283929202508	"KIT/NR4A1/PDE1C/FGF7/TRIB3/ITPR3/FGF2/NRG3/FGF1/PRKAR2B/KL/NRG1"	12
"M1"	"IRS-related events triggered by IGF1R"	"IRS-related events triggered by IGF1R"	"8/289"	"89/7644"	0.0189188532244633	0.192018859763486	0.160283929202508	"FGF7/TRIB3/FGF2/PDE3B/IGF2/FGF1/IGF1/KL"	8
"M1"	"Neuronal System"	"Neuronal System"	"18/289"	"280/7644"	0.0191294057263739	0.192018859763486	0.160283929202508	"HCN2/ALDH2/NCALD/GNG11/KCNJ15/CPLX1/CACNB2/CAMK2B/KCNMB4/CACNA2D1/SLC1A2/KCNH2/KCNK13/SLC1A1/KCNJ1/PANX2/RIMS1/KCNQ5"	18
"M1"	"Signaling by FGFR"	"Signaling by FGFR"	"12/289"	"162/7644"	0.0195621527015927	0.192018859763486	0.160283929202508	"KIT/NR4A1/PDE1C/FGF7/TRIB3/ITPR3/FGF2/NRG3/FGF1/PRKAR2B/KL/NRG1"	12
"M1"	"Netrin-1 signaling"	"Netrin-1 signaling"	"5/289"	"42/7644"	0.0202080345113826	0.192018859763486	0.160283929202508	"SLIT2/UNC5D/TRPC6/PRKCQ/TRPC3"	5
"M1"	"Non-integrin membrane-ECM interactions"	"Non-integrin membrane-ECM interactions"	"5/289"	"42/7644"	0.0202080345113826	0.192018859763486	0.160283929202508	"SDC2/LAMA1/FGF2/LAMC3/ITGB3"	5
"M1"	"Signaling by ERBB2"	"Signaling by ERBB2"	"12/289"	"163/7644"	0.0204289466420705	0.192018859763486	0.160283929202508	"KIT/NR4A1/PDE1C/FGF7/TRIB3/ITPR3/FGF2/NRG3/FGF1/PRKAR2B/KL/NRG1"	12
"M1"	"G alpha (s) signalling events"	"G alpha (s) signalling events"	"10/289"	"126/7644"	0.0207021842705033	0.192018859763486	0.160283929202508	"GNG11/PDE11A/ADRB2/CALCA/PDE3B/ADCYAP1/ADRB1/PDE10A/PTH1R/HRH2"	10
"M1"	"Iron uptake and transport"	"Iron uptake and transport"	"5/289"	"43/7644"	0.0221827312801975	0.192018859763486	0.160283929202508	"ATP6V0D2/ATP6V1B1/ATP6V1G3/ATP6V1C2/STEAP3"	5
"M1"	"PLC beta mediated events"	"PLC beta mediated events"	"5/289"	"43/7644"	0.0221827312801975	0.192018859763486	0.160283929202508	"PDE1C/ITPR3/PLCB4/PLA2G4A/PRKAR2B"	5
"M1"	"SHC-mediated cascade"	"SHC-mediated cascade"	"4/289"	"29/7644"	0.0225587820008883	0.192018859763486	0.160283929202508	"FGF7/FGF2/FGF1/KL"	4
"M1"	"IGF1R signaling cascade"	"IGF1R signaling cascade"	"8/289"	"92/7644"	0.0226466668500359	0.192018859763486	0.160283929202508	"FGF7/TRIB3/FGF2/PDE3B/IGF2/FGF1/IGF1/KL"	8
"M1"	"Signaling by Type 1 Insulin-like Growth Factor 1 Receptor (IGF1R)"	"Signaling by Type 1 Insulin-like Growth Factor 1 Receptor (IGF1R)"	"8/289"	"92/7644"	0.0226466668500359	0.192018859763486	0.160283929202508	"FGF7/TRIB3/FGF2/PDE3B/IGF2/FGF1/IGF1/KL"	8
"M1"	"NGF signalling via TRKA from the plasma membrane"	"NGF signalling via TRKA from the plasma membrane"	"14/289"	"206/7644"	0.0240645974396267	0.192018859763486	0.160283929202508	"KIT/NR4A1/PDE1C/FGF7/TRIB3/ITPR3/DUSP4/FGF2/NRG3/ADCYAP1/FGF1/PRKAR2B/KL/NRG1"	14
"M1"	"G-protein mediated events"	"G-protein mediated events"	"5/289"	"44/7644"	0.0242786121159478	0.192018859763486	0.160283929202508	"PDE1C/ITPR3/PLCB4/PLA2G4A/PRKAR2B"	5
"M1"	"Activated point mutants of FGFR2"	"Activated point mutants of FGFR2"	"3/289"	"17/7644"	0.0245416958666086	0.192018859763486	0.160283929202508	"FGF7/FGF2/FGF1"	3
"M1"	"FGFR2 ligand binding and activation"	"FGFR2 ligand binding and activation"	"3/289"	"17/7644"	0.0245416958666086	0.192018859763486	0.160283929202508	"FGF7/FGF2/FGF1"	3
"M1"	"Signaling by FGFR2 mutants"	"Signaling by FGFR2 mutants"	"3/289"	"17/7644"	0.0245416958666086	0.192018859763486	0.160283929202508	"FGF7/FGF2/FGF1"	3
"M1"	"Amine compound SLC transporters"	"Amine compound SLC transporters"	"4/289"	"30/7644"	0.0252775353626027	0.192018859763486	0.160283929202508	"SLC14A1/SLC14A2/SLC44A4/SLC6A20"	4
"M1"	"Molecules associated with elastic fibres"	"Molecules associated with elastic fibres"	"4/289"	"30/7644"	0.0252775353626027	0.192018859763486	0.160283929202508	"LTBP2/BMP2/FBLN1/ITGB3"	4
"M1"	"Ca2+ pathway"	"Ca2+ pathway"	"6/289"	"61/7644"	0.0269832232551799	0.192018859763486	0.160283929202508	"GNG11/ITPR3/TCF7/LEF1/WNT11/PDE6B"	6
"M1"	"Defective CYP11A1 causes Adrenal insufficiency, congenital, with 46,XY sex reversal (AICSR)"	"Defective CYP11A1 causes Adrenal insufficiency, congenital, with 46,XY sex reversal (AICSR)"	"7/289"	"78/7644"	0.0275186263992257	0.192018859763486	0.160283929202508	"ALDH2/CYP11A1/CYP3A7/CYP1B1/ADH1C/MAOB/CYP3A5"	7
"M1"	"Defective CYP11B1 causes Adrenal hyperplasia 4 (AH4)"	"Defective CYP11B1 causes Adrenal hyperplasia 4 (AH4)"	"7/289"	"78/7644"	0.0275186263992257	0.192018859763486	0.160283929202508	"ALDH2/CYP11A1/CYP3A7/CYP1B1/ADH1C/MAOB/CYP3A5"	7
"M1"	"Defective CYP11B2 causes Corticosterone methyloxidase 1 deficiency (CMO-1 deficiency)"	"Defective CYP11B2 causes Corticosterone methyloxidase 1 deficiency (CMO-1 deficiency)"	"7/289"	"78/7644"	0.0275186263992257	0.192018859763486	0.160283929202508	"ALDH2/CYP11A1/CYP3A7/CYP1B1/ADH1C/MAOB/CYP3A5"	7
"M1"	"Defective CYP17A1 causes Adrenal hyperplasia 5 (AH5)"	"Defective CYP17A1 causes Adrenal hyperplasia 5 (AH5)"	"7/289"	"78/7644"	0.0275186263992257	0.192018859763486	0.160283929202508	"ALDH2/CYP11A1/CYP3A7/CYP1B1/ADH1C/MAOB/CYP3A5"	7
"M1"	"Defective CYP19A1 causes Aromatase excess syndrome (AEXS)"	"Defective CYP19A1 causes Aromatase excess syndrome (AEXS)"	"7/289"	"78/7644"	0.0275186263992257	0.192018859763486	0.160283929202508	"ALDH2/CYP11A1/CYP3A7/CYP1B1/ADH1C/MAOB/CYP3A5"	7
"M1"	"Defective CYP1B1 causes Glaucoma"	"Defective CYP1B1 causes Glaucoma"	"7/289"	"78/7644"	0.0275186263992257	0.192018859763486	0.160283929202508	"ALDH2/CYP11A1/CYP3A7/CYP1B1/ADH1C/MAOB/CYP3A5"	7
"M1"	"Defective CYP21A2 causes Adrenal hyperplasia 3 (AH3)"	"Defective CYP21A2 causes Adrenal hyperplasia 3 (AH3)"	"7/289"	"78/7644"	0.0275186263992257	0.192018859763486	0.160283929202508	"ALDH2/CYP11A1/CYP3A7/CYP1B1/ADH1C/MAOB/CYP3A5"	7
"M1"	"Defective CYP24A1 causes Hypercalcemia, infantile (HCAI)"	"Defective CYP24A1 causes Hypercalcemia, infantile (HCAI)"	"7/289"	"78/7644"	0.0275186263992257	0.192018859763486	0.160283929202508	"ALDH2/CYP11A1/CYP3A7/CYP1B1/ADH1C/MAOB/CYP3A5"	7
"M1"	"Defective CYP26B1 causes Radiohumeral fusions with other skeletal and craniofacial anomalies (RHFCA)"	"Defective CYP26B1 causes Radiohumeral fusions with other skeletal and craniofacial anomalies (RHFCA)"	"7/289"	"78/7644"	0.0275186263992257	0.192018859763486	0.160283929202508	"ALDH2/CYP11A1/CYP3A7/CYP1B1/ADH1C/MAOB/CYP3A5"	7
"M1"	"Defective CYP26C1 causes Focal facial dermal dysplasia 4 (FFDD4)"	"Defective CYP26C1 causes Focal facial dermal dysplasia 4 (FFDD4)"	"7/289"	"78/7644"	0.0275186263992257	0.192018859763486	0.160283929202508	"ALDH2/CYP11A1/CYP3A7/CYP1B1/ADH1C/MAOB/CYP3A5"	7
"M1"	"Defective CYP27A1 causes Cerebrotendinous xanthomatosis (CTX)"	"Defective CYP27A1 causes Cerebrotendinous xanthomatosis (CTX)"	"7/289"	"78/7644"	0.0275186263992257	0.192018859763486	0.160283929202508	"ALDH2/CYP11A1/CYP3A7/CYP1B1/ADH1C/MAOB/CYP3A5"	7
"M1"	"Defective CYP27B1 causes Rickets vitamin D-dependent 1A (VDDR1A)"	"Defective CYP27B1 causes Rickets vitamin D-dependent 1A (VDDR1A)"	"7/289"	"78/7644"	0.0275186263992257	0.192018859763486	0.160283929202508	"ALDH2/CYP11A1/CYP3A7/CYP1B1/ADH1C/MAOB/CYP3A5"	7
"M1"	"Defective CYP2R1 causes Rickets vitamin D-dependent 1B (VDDR1B)"	"Defective CYP2R1 causes Rickets vitamin D-dependent 1B (VDDR1B)"	"7/289"	"78/7644"	0.0275186263992257	0.192018859763486	0.160283929202508	"ALDH2/CYP11A1/CYP3A7/CYP1B1/ADH1C/MAOB/CYP3A5"	7
"M1"	"Defective CYP2U1 causes Spastic paraplegia 56, autosomal recessive (SPG56)"	"Defective CYP2U1 causes Spastic paraplegia 56, autosomal recessive (SPG56)"	"7/289"	"78/7644"	0.0275186263992257	0.192018859763486	0.160283929202508	"ALDH2/CYP11A1/CYP3A7/CYP1B1/ADH1C/MAOB/CYP3A5"	7
"M1"	"Defective CYP4F22 causes Ichthyosis, congenital, autosomal recessive 5 (ARCI5)"	"Defective CYP4F22 causes Ichthyosis, congenital, autosomal recessive 5 (ARCI5)"	"7/289"	"78/7644"	0.0275186263992257	0.192018859763486	0.160283929202508	"ALDH2/CYP11A1/CYP3A7/CYP1B1/ADH1C/MAOB/CYP3A5"	7
"M1"	"Defective CYP7B1 causes Spastic paraplegia 5A, autosomal recessive (SPG5A) and Congenital bile acid synthesis defect 3 (CBAS3)"	"Defective CYP7B1 causes Spastic paraplegia 5A, autosomal recessive (SPG5A) and Congenital bile acid synthesis defect 3 (CBAS3)"	"7/289"	"78/7644"	0.0275186263992257	0.192018859763486	0.160283929202508	"ALDH2/CYP11A1/CYP3A7/CYP1B1/ADH1C/MAOB/CYP3A5"	7
"M1"	"Defective FMO3 causes Trimethylaminuria (TMAU)"	"Defective FMO3 causes Trimethylaminuria (TMAU)"	"7/289"	"78/7644"	0.0275186263992257	0.192018859763486	0.160283929202508	"ALDH2/CYP11A1/CYP3A7/CYP1B1/ADH1C/MAOB/CYP3A5"	7
"M1"	"Defective MAOA causes Brunner syndrome (BRUNS)"	"Defective MAOA causes Brunner syndrome (BRUNS)"	"7/289"	"78/7644"	0.0275186263992257	0.192018859763486	0.160283929202508	"ALDH2/CYP11A1/CYP3A7/CYP1B1/ADH1C/MAOB/CYP3A5"	7
"M1"	"Defective TBXAS1 causes Ghosal hematodiaphyseal dysplasia (GHDD)"	"Defective TBXAS1 causes Ghosal hematodiaphyseal dysplasia (GHDD)"	"7/289"	"78/7644"	0.0275186263992257	0.192018859763486	0.160283929202508	"ALDH2/CYP11A1/CYP3A7/CYP1B1/ADH1C/MAOB/CYP3A5"	7
"M1"	"Phase 1 - Functionalization of compounds"	"Phase 1 - Functionalization of compounds"	"7/289"	"78/7644"	0.0275186263992257	0.192018859763486	0.160283929202508	"ALDH2/CYP11A1/CYP3A7/CYP1B1/ADH1C/MAOB/CYP3A5"	7
"M1"	"Fc epsilon receptor (FCERI) signaling"	"Fc epsilon receptor (FCERI) signaling"	"14/289"	"212/7644"	0.0298347138306886	0.202433620981546	0.168977444265521	"PLCG2/KIT/NR4A1/FGF7/TRIB3/ITPR3/FGF2/MAPK10/NRG3/FGF1/TXK/KL/PRKCQ/NRG1"	14
"M1"	"Cell surface interactions at the vascular wall"	"Cell surface interactions at the vascular wall"	"8/289"	"99/7644"	0.0332993727128221	0.202433620981546	0.168977444265521	"CAV1/ANGPT1/SLC7A8/SLC7A5/L1CAM/ITGB3/MAG/GP6"	8
"M1"	"Post-translational protein modification"	"Post-translational protein modification"	"17/289"	"278/7644"	0.0341228088239973	0.202433620981546	0.168977444265521	"MUC20/ST3GAL4/ARSJ/THSD4/ADAMTSL1/ST8SIA5/GCNT1/SEMA5A/TUSC3/EIF5A2/THSD7B/MUC4/ADAMTS17/ADAMTS3/ADAMTS15/ADAMTS16/MUC3A"	17
"M1"	"Signaling by FGFR in disease"	"Signaling by FGFR in disease"	"12/289"	"177/7644"	0.03576253128465	0.202433620981546	0.168977444265521	"KIT/NR4A1/PDE1C/FGF7/TRIB3/ITPR3/FGF2/NRG3/FGF1/PRKAR2B/KL/NRG1"	12
"M1"	"Syndecan interactions"	"Syndecan interactions"	"3/289"	"20/7644"	0.0378688935603709	0.202433620981546	0.168977444265521	"SDC2/FGF2/ITGB3"	3
"M1"	"Signaling by EGFR"	"Signaling by EGFR"	"12/289"	"179/7644"	0.0384832213687699	0.202433620981546	0.168977444265521	"KIT/NR4A1/PDE1C/FGF7/TRIB3/ITPR3/FGF2/NRG3/FGF1/PRKAR2B/KL/NRG1"	12
"M1"	"Signaling by Overexpressed Wild-Type EGFR in Cancer"	"Signaling by Overexpressed Wild-Type EGFR in Cancer"	"12/289"	"179/7644"	0.0384832213687699	0.202433620981546	0.168977444265521	"KIT/NR4A1/PDE1C/FGF7/TRIB3/ITPR3/FGF2/NRG3/FGF1/PRKAR2B/KL/NRG1"	12
"M1"	"Defective B3GAT3 causes JDSSDHD"	"Defective B3GAT3 causes JDSSDHD"	"9/289"	"121/7644"	0.0393262766874978	0.202433620981546	0.168977444265521	"SDC2/ST3GAL4/CHST2/CSGALNACT1/HS6ST3/GPC3/GPC6/HS3ST1/LYVE1"	9
"M1"	"Defective B4GALT1 causes B4GALT1-CDG (CDG-2d)"	"Defective B4GALT1 causes B4GALT1-CDG (CDG-2d)"	"9/289"	"121/7644"	0.0393262766874978	0.202433620981546	0.168977444265521	"SDC2/ST3GAL4/CHST2/CSGALNACT1/HS6ST3/GPC3/GPC6/HS3ST1/LYVE1"	9
"M1"	"Defective B4GALT7 causes EDS, progeroid type"	"Defective B4GALT7 causes EDS, progeroid type"	"9/289"	"121/7644"	0.0393262766874978	0.202433620981546	0.168977444265521	"SDC2/ST3GAL4/CHST2/CSGALNACT1/HS6ST3/GPC3/GPC6/HS3ST1/LYVE1"	9
"M1"	"Defective CHST14 causes EDS, musculocontractural type"	"Defective CHST14 causes EDS, musculocontractural type"	"9/289"	"121/7644"	0.0393262766874978	0.202433620981546	0.168977444265521	"SDC2/ST3GAL4/CHST2/CSGALNACT1/HS6ST3/GPC3/GPC6/HS3ST1/LYVE1"	9
"M1"	"Defective CHST3 causes SEDCJD"	"Defective CHST3 causes SEDCJD"	"9/289"	"121/7644"	0.0393262766874978	0.202433620981546	0.168977444265521	"SDC2/ST3GAL4/CHST2/CSGALNACT1/HS6ST3/GPC3/GPC6/HS3ST1/LYVE1"	9
"M1"	"Defective CHST6 causes MCDC1"	"Defective CHST6 causes MCDC1"	"9/289"	"121/7644"	0.0393262766874978	0.202433620981546	0.168977444265521	"SDC2/ST3GAL4/CHST2/CSGALNACT1/HS6ST3/GPC3/GPC6/HS3ST1/LYVE1"	9
"M1"	"Defective CHSY1 causes TPBS"	"Defective CHSY1 causes TPBS"	"9/289"	"121/7644"	0.0393262766874978	0.202433620981546	0.168977444265521	"SDC2/ST3GAL4/CHST2/CSGALNACT1/HS6ST3/GPC3/GPC6/HS3ST1/LYVE1"	9
"M1"	"Defective EXT1 causes exostoses 1, TRPS2 and CHDS"	"Defective EXT1 causes exostoses 1, TRPS2 and CHDS"	"9/289"	"121/7644"	0.0393262766874978	0.202433620981546	0.168977444265521	"SDC2/ST3GAL4/CHST2/CSGALNACT1/HS6ST3/GPC3/GPC6/HS3ST1/LYVE1"	9
"M1"	"Defective EXT2 causes exostoses 2"	"Defective EXT2 causes exostoses 2"	"9/289"	"121/7644"	0.0393262766874978	0.202433620981546	0.168977444265521	"SDC2/ST3GAL4/CHST2/CSGALNACT1/HS6ST3/GPC3/GPC6/HS3ST1/LYVE1"	9
"M1"	"Defective PAPSS2 causes SEMD-PA"	"Defective PAPSS2 causes SEMD-PA"	"9/289"	"121/7644"	0.0393262766874978	0.202433620981546	0.168977444265521	"SDC2/ST3GAL4/CHST2/CSGALNACT1/HS6ST3/GPC3/GPC6/HS3ST1/LYVE1"	9
"M1"	"Defective SLC26A2 causes chondrodysplasias"	"Defective SLC26A2 causes chondrodysplasias"	"9/289"	"121/7644"	0.0393262766874978	0.202433620981546	0.168977444265521	"SDC2/ST3GAL4/CHST2/CSGALNACT1/HS6ST3/GPC3/GPC6/HS3ST1/LYVE1"	9
"M1"	"Diseases associated with glycosaminoglycan metabolism"	"Diseases associated with glycosaminoglycan metabolism"	"9/289"	"121/7644"	0.0393262766874978	0.202433620981546	0.168977444265521	"SDC2/ST3GAL4/CHST2/CSGALNACT1/HS6ST3/GPC3/GPC6/HS3ST1/LYVE1"	9
"M1"	"Glycosaminoglycan metabolism"	"Glycosaminoglycan metabolism"	"9/289"	"121/7644"	0.0393262766874978	0.202433620981546	0.168977444265521	"SDC2/ST3GAL4/CHST2/CSGALNACT1/HS6ST3/GPC3/GPC6/HS3ST1/LYVE1"	9
"M1"	"MPS I - Hurler syndrome"	"MPS I - Hurler syndrome"	"9/289"	"121/7644"	0.0393262766874978	0.202433620981546	0.168977444265521	"SDC2/ST3GAL4/CHST2/CSGALNACT1/HS6ST3/GPC3/GPC6/HS3ST1/LYVE1"	9
"M1"	"MPS II - Hunter syndrome"	"MPS II - Hunter syndrome"	"9/289"	"121/7644"	0.0393262766874978	0.202433620981546	0.168977444265521	"SDC2/ST3GAL4/CHST2/CSGALNACT1/HS6ST3/GPC3/GPC6/HS3ST1/LYVE1"	9
"M1"	"MPS IIIA - Sanfilippo syndrome A"	"MPS IIIA - Sanfilippo syndrome A"	"9/289"	"121/7644"	0.0393262766874978	0.202433620981546	0.168977444265521	"SDC2/ST3GAL4/CHST2/CSGALNACT1/HS6ST3/GPC3/GPC6/HS3ST1/LYVE1"	9
"M1"	"MPS IIIB - Sanfilippo syndrome B"	"MPS IIIB - Sanfilippo syndrome B"	"9/289"	"121/7644"	0.0393262766874978	0.202433620981546	0.168977444265521	"SDC2/ST3GAL4/CHST2/CSGALNACT1/HS6ST3/GPC3/GPC6/HS3ST1/LYVE1"	9
"M1"	"MPS IIIC - Sanfilippo syndrome C"	"MPS IIIC - Sanfilippo syndrome C"	"9/289"	"121/7644"	0.0393262766874978	0.202433620981546	0.168977444265521	"SDC2/ST3GAL4/CHST2/CSGALNACT1/HS6ST3/GPC3/GPC6/HS3ST1/LYVE1"	9
"M1"	"MPS IIID - Sanfilippo syndrome D"	"MPS IIID - Sanfilippo syndrome D"	"9/289"	"121/7644"	0.0393262766874978	0.202433620981546	0.168977444265521	"SDC2/ST3GAL4/CHST2/CSGALNACT1/HS6ST3/GPC3/GPC6/HS3ST1/LYVE1"	9
"M1"	"MPS IV - Morquio syndrome A"	"MPS IV - Morquio syndrome A"	"9/289"	"121/7644"	0.0393262766874978	0.202433620981546	0.168977444265521	"SDC2/ST3GAL4/CHST2/CSGALNACT1/HS6ST3/GPC3/GPC6/HS3ST1/LYVE1"	9
"M1"	"MPS IV - Morquio syndrome B"	"MPS IV - Morquio syndrome B"	"9/289"	"121/7644"	0.0393262766874978	0.202433620981546	0.168977444265521	"SDC2/ST3GAL4/CHST2/CSGALNACT1/HS6ST3/GPC3/GPC6/HS3ST1/LYVE1"	9
"M1"	"MPS IX - Natowicz syndrome"	"MPS IX - Natowicz syndrome"	"9/289"	"121/7644"	0.0393262766874978	0.202433620981546	0.168977444265521	"SDC2/ST3GAL4/CHST2/CSGALNACT1/HS6ST3/GPC3/GPC6/HS3ST1/LYVE1"	9
"M1"	"MPS VII - Sly syndrome"	"MPS VII - Sly syndrome"	"9/289"	"121/7644"	0.0393262766874978	0.202433620981546	0.168977444265521	"SDC2/ST3GAL4/CHST2/CSGALNACT1/HS6ST3/GPC3/GPC6/HS3ST1/LYVE1"	9
"M1"	"MPS VI - Maroteaux-Lamy syndrome"	"MPS VI - Maroteaux-Lamy syndrome"	"9/289"	"121/7644"	0.0393262766874978	0.202433620981546	0.168977444265521	"SDC2/ST3GAL4/CHST2/CSGALNACT1/HS6ST3/GPC3/GPC6/HS3ST1/LYVE1"	9
"M1"	"Mucopolysaccharidoses"	"Mucopolysaccharidoses"	"9/289"	"121/7644"	0.0393262766874978	0.202433620981546	0.168977444265521	"SDC2/ST3GAL4/CHST2/CSGALNACT1/HS6ST3/GPC3/GPC6/HS3ST1/LYVE1"	9
"M1"	"Signaling by EGFR in Cancer"	"Signaling by EGFR in Cancer"	"12/289"	"181/7644"	0.0413468845671232	0.207726748065227	0.173395776963599	"KIT/NR4A1/PDE1C/FGF7/TRIB3/ITPR3/FGF2/NRG3/FGF1/PRKAR2B/KL/NRG1"	12
"M1"	"Signaling by EGFRvIII in Cancer"	"Signaling by EGFRvIII in Cancer"	"12/289"	"181/7644"	0.0413468845671232	0.207726748065227	0.173395776963599	"KIT/NR4A1/PDE1C/FGF7/TRIB3/ITPR3/FGF2/NRG3/FGF1/PRKAR2B/KL/NRG1"	12
"M1"	"Signaling by Ligand-Responsive EGFR Variants in Cancer"	"Signaling by Ligand-Responsive EGFR Variants in Cancer"	"12/289"	"181/7644"	0.0413468845671232	0.207726748065227	0.173395776963599	"KIT/NR4A1/PDE1C/FGF7/TRIB3/ITPR3/FGF2/NRG3/FGF1/PRKAR2B/KL/NRG1"	12
"M1"	"PI3K Cascade"	"PI3K Cascade"	"6/289"	"68/7644"	0.0428393682126414	0.209239707491809	0.174658689793699	"FGF7/TRIB3/FGF2/PDE3B/FGF1/KL"	6
"M1"	"Glutamate Neurotransmitter Release Cycle"	"Glutamate Neurotransmitter Release Cycle"	"3/289"	"21/7644"	0.0429807679401965	0.209239707491809	0.174658689793699	"CPLX1/SLC1A1/RIMS1"	3
"M1"	"HS-GAG degradation"	"HS-GAG degradation"	"3/289"	"21/7644"	0.0429807679401965	0.209239707491809	0.174658689793699	"SDC2/GPC3/GPC6"	3
"M1"	"Signal transduction by L1"	"Signal transduction by L1"	"3/289"	"21/7644"	0.0429807679401965	0.209239707491809	0.174658689793699	"L1CAM/ITGB3/NCAM1"	3
"M1"	"Extracellular matrix organization"	"Extracellular matrix organization"	"16/289"	"266/7644"	0.0443769903755404	0.214374999660303	0.178945272931329	"SPP1/SDC2/LTBP2/FBN3/ITGA7/LAMA1/FGF2/LAMC3/PTPRS/BMP2/FBLN1/ITGB3/ADAMTS3/NCAM1/COL4A5/ADAMTS16"	16
"M1"	"Ion channel transport"	"Ion channel transport"	"11/289"	"167/7644"	0.0514410955716379	0.244023533404475	0.20369379757866	"ATP2B2/ANO4/ATP8B4/GLRB/RYR3/ATP1A3/UNC80/TRPC6/WNK4/TRPC3/ATP1A2"	11
"M1"	"Heparan sulfate/heparin (HS-GAG) metabolism"	"Heparan sulfate/heparin (HS-GAG) metabolism"	"5/289"	"54/7644"	0.0522951220722634	0.244023533404475	0.20369379757866	"SDC2/HS6ST3/GPC3/GPC6/HS3ST1"	5
"M1"	"Ethanol oxidation"	"Ethanol oxidation"	"2/289"	"10/7644"	0.0524572882318536	0.244023533404475	0.20369379757866	"ALDH2/ADH1C"	2
"M1"	"Role of DCC in regulating apoptosis"	"Role of DCC in regulating apoptosis"	"2/289"	"10/7644"	0.0524572882318536	0.244023533404475	0.20369379757866	"DAPK1/DAPK2"	2
"M1"	"Role of second messengers in netrin-1 signaling"	"Role of second messengers in netrin-1 signaling"	"2/289"	"10/7644"	0.0524572882318536	0.244023533404475	0.20369379757866	"TRPC6/TRPC3"	2
"M1"	"Phagosomal maturation (early endosomal stage)"	"Phagosomal maturation (early endosomal stage)"	"4/289"	"38/7644"	0.0539395778072178	0.246540486158567	0.205794773897027	"ATP6V0D2/ATP6V1B1/ATP6V1G3/ATP6V1C2"	4
"M1"	"Laminin interactions"	"Laminin interactions"	"3/289"	"23/7644"	0.0541760940921691	0.246540486158567	0.205794773897027	"ITGA7/LAMA1/LAMC3"	3
"M1"	"Regulation of Complement cascade"	"Regulation of Complement cascade"	"3/289"	"23/7644"	0.0541760940921691	0.246540486158567	0.205794773897027	"C6/C4BPB/C9"	3
"M1"	"ECM proteoglycans"	"ECM proteoglycans"	"5/289"	"55/7644"	0.0558268494474871	0.252224902539726	0.21053972756417	"ITGA7/LAMA1/PTPRS/ITGB3/NCAM1"	5
"M1"	"Synthesis of bile acids and bile salts via 7alpha-hydroxycholesterol"	"Synthesis of bile acids and bile salts via 7alpha-hydroxycholesterol"	"3/289"	"24/7644"	0.0602451093195474	0.270242347519113	0.22557943188823	"AKR1C1/AMACR/AKR1C2"	3
"M1"	"Activation of the phototransduction cascade"	"Activation of the phototransduction cascade"	"2/289"	"11/7644"	0.0625499726359922	0.27090608838209	0.226133476390012	"CNGA1/PDE6B"	2
"M1"	"FGFR1c ligand binding and activation"	"FGFR1c ligand binding and activation"	"2/289"	"11/7644"	0.0625499726359922	0.27090608838209	0.226133476390012	"FGF2/FGF1"	2
"M1"	"Nicotinate metabolism"	"Nicotinate metabolism"	"2/289"	"11/7644"	0.0625499726359922	0.27090608838209	0.226133476390012	"QPRT/PTGS2"	2
"M1"	"Signaling by activated point mutants of FGFR1"	"Signaling by activated point mutants of FGFR1"	"2/289"	"11/7644"	0.0625499726359922	0.27090608838209	0.226133476390012	"FGF2/FGF1"	2
"M1"	"Tryptophan catabolism"	"Tryptophan catabolism"	"2/289"	"11/7644"	0.0625499726359922	0.27090608838209	0.226133476390012	"KYNU/IDO1"	2
"M1"	"Negative regulation of FGFR signaling"	"Negative regulation of FGFR signaling"	"4/289"	"40/7644"	0.0630336125910102	0.271130881555852	0.226321118026843	"FGF7/FGF2/FGF1/KL"	4
"M1"	"Signaling by ERBB4"	"Signaling by ERBB4"	"10/289"	"154/7644"	0.0664090446596477	0.283706666981352	0.236818505123556	"KIT/NR4A1/FGF7/TRIB3/FGF2/GFAP/NRG3/FGF1/KL/NRG1"	10
"M1"	"Caspase-mediated cleavage of cytoskeletal proteins"	"Caspase-mediated cleavage of cytoskeletal proteins"	"2/289"	"12/7644"	0.0732344932171637	0.289650225484255	0.241779772529599	"MAPT/GAS2"	2
"M1"	"Depolarization of the Presynaptic Terminal Triggers the Opening of Calcium Channels"	"Depolarization of the Presynaptic Terminal Triggers the Opening of Calcium Channels"	"2/289"	"12/7644"	0.0732344932171637	0.289650225484255	0.241779772529599	"CACNB2/CACNA2D1"	2
"M1"	"FGFR3c ligand binding and activation"	"FGFR3c ligand binding and activation"	"2/289"	"12/7644"	0.0732344932171637	0.289650225484255	0.241779772529599	"FGF2/FGF1"	2
"M1"	"FGFR3 ligand binding and activation"	"FGFR3 ligand binding and activation"	"2/289"	"12/7644"	0.0732344932171637	0.289650225484255	0.241779772529599	"FGF2/FGF1"	2
"M1"	"Hormone-sensitive lipase (HSL)-mediated triacylglycerol hydrolysis"	"Hormone-sensitive lipase (HSL)-mediated triacylglycerol hydrolysis"	"2/289"	"12/7644"	0.0732344932171637	0.289650225484255	0.241779772529599	"CAV1/FABP4"	2
"M1"	"Passive transport by Aquaporins"	"Passive transport by Aquaporins"	"2/289"	"12/7644"	0.0732344932171637	0.289650225484255	0.241779772529599	"AQP3/AQP6"	2
"M1"	"Signaling by activated point mutants of FGFR3"	"Signaling by activated point mutants of FGFR3"	"2/289"	"12/7644"	0.0732344932171637	0.289650225484255	0.241779772529599	"FGF2/FGF1"	2
"M1"	"Signaling by FGFR3 mutants"	"Signaling by FGFR3 mutants"	"2/289"	"12/7644"	0.0732344932171637	0.289650225484255	0.241779772529599	"FGF2/FGF1"	2
"M1"	"A tetrasaccharide linker sequence is required for GAG synthesis"	"A tetrasaccharide linker sequence is required for GAG synthesis"	"3/289"	"26/7644"	0.0732837156895001	0.289650225484255	0.241779772529599	"SDC2/GPC3/GPC6"	3
"M1"	"WNT ligand biogenesis and trafficking"	"WNT ligand biogenesis and trafficking"	"3/289"	"26/7644"	0.0732837156895001	0.289650225484255	0.241779772529599	"WNT11/WNT4/WNT2"	3
"M1"	"WNT ligand secretion is abrogated by the PORCN inhibitor LGK974"	"WNT ligand secretion is abrogated by the PORCN inhibitor LGK974"	"3/289"	"26/7644"	0.0732837156895001	0.289650225484255	0.241779772529599	"WNT11/WNT4/WNT2"	3
"M1"	"L1CAM interactions"	"L1CAM interactions"	"7/289"	"97/7644"	0.0737962357921668	0.289650225484255	0.241779772529599	"ALCAM/LAMA1/L1CAM/ANK2/ITGB3/NCAM1/SCN9A"	7
"M1"	"Transport of glucose and other sugars, bile salts and organic acids, metal ions and amine compounds"	"Transport of glucose and other sugars, bile salts and organic acids, metal ions and amine compounds"	"7/289"	"97/7644"	0.0737962357921668	0.289650225484255	0.241779772529599	"SLC2A13/SLC14A1/SLC14A2/SLC13A3/SLC44A4/SLC5A1/SLC6A20"	7
"M1"	"Ion transport by P-type ATPases"	"Ion transport by P-type ATPases"	"4/289"	"43/7644"	0.0780802408680511	0.304561436429417	0.254226609691333	"ATP2B2/ATP8B4/ATP1A3/ATP1A2"	4
"M1"	"Synthesis of bile acids and bile salts"	"Synthesis of bile acids and bile salts"	"3/289"	"27/7644"	0.0802344742080949	0.309647345736867	0.258471971466577	"AKR1C1/AMACR/AKR1C2"	3
"M1"	"Potassium Channels"	"Potassium Channels"	"7/289"	"99/7644"	0.0803702505654608	0.309647345736867	0.258471971466577	"HCN2/KCNJ15/KCNMB4/KCNH2/KCNK13/KCNJ1/KCNQ5"	7
"M1"	"Opioid Signalling"	"Opioid Signalling"	"6/289"	"80/7644"	0.0814346028968265	0.311834942800043	0.260298024663797	"GNG11/PDE1C/ITPR3/PLCB4/PLA2G4A/PRKAR2B"	6
"M1"	"FRS2-mediated cascade"	"FRS2-mediated cascade"	"4/289"	"44/7644"	0.0834604037432613	0.317580043891323	0.26509363368736	"FGF7/FGF2/FGF1/KL"	4
"M1"	"FGFR2c ligand binding and activation"	"FGFR2c ligand binding and activation"	"2/289"	"13/7644"	0.084452018041164	0.317580043891323	0.26509363368736	"FGF2/FGF1"	2
"M1"	"FGFR4 ligand binding and activation"	"FGFR4 ligand binding and activation"	"2/289"	"13/7644"	0.084452018041164	0.317580043891323	0.26509363368736	"FGF2/FGF1"	2
"M1"	"Role of LAT2/NTAL/LAB on calcium mobilization"	"Role of LAT2/NTAL/LAB on calcium mobilization"	"9/289"	"141/7644"	0.0858689464754381	0.32098629992009	0.267936938250427	"KIT/NR4A1/FGF7/TRIB3/FGF2/NRG3/FGF1/KL/NRG1"	9
"M1"	"Ca-dependent events"	"Ca-dependent events"	"3/289"	"28/7644"	0.0874594304317794	0.324997173438802	0.271284935253978	"PDE1C/PLA2G4A/PRKAR2B"	3
"M1"	"O-linked glycosylation of mucins"	"O-linked glycosylation of mucins"	"5/289"	"64/7644"	0.0935976548155022	0.344666607766539	0.287703604873846	"MUC20/ST3GAL4/GCNT1/MUC4/MUC3A"	5
"M1"	"beta-catenin independent WNT signaling"	"beta-catenin independent WNT signaling"	"9/289"	"144/7644"	0.0948734613129106	0.344666607766539	0.287703604873846	"GNG11/ITPR3/FZD7/TCF7/LEF1/WNT11/PDE6B/VANGL2/WNT4"	9
"M1"	"Signaling by SCF-KIT"	"Signaling by SCF-KIT"	"9/289"	"144/7644"	0.0948734613129106	0.344666607766539	0.287703604873846	"KIT/NR4A1/FGF7/TRIB3/FGF2/NRG3/FGF1/KL/NRG1"	9
"M1"	"Interaction between L1 and Ankyrins"	"Interaction between L1 and Ankyrins"	"3/289"	"29/7644"	0.0949479667891899	0.344666607766539	0.287703604873846	"L1CAM/ANK2/SCN9A"	3
"M1"	"FGFR1 ligand binding and activation"	"FGFR1 ligand binding and activation"	"2/289"	"14/7644"	0.0961472909411436	0.345031421205933	0.288008125646253	"FGF2/FGF1"	2
"M1"	"repression of WNT target genes"	"repression of WNT target genes"	"2/289"	"14/7644"	0.0961472909411436	0.345031421205933	0.288008125646253	"TCF7/LEF1"	2
"M1"	"IRS-mediated signalling"	"IRS-mediated signalling"	"6/289"	"85/7644"	0.101825330977038	0.362296466434706	0.30241977922307	"FGF7/TRIB3/FGF2/PDE3B/FGF1/KL"	6
"M1"	"Activated NOTCH1 Transmits Signal to the Nucleus"	"Activated NOTCH1 Transmits Signal to the Nucleus"	"3/289"	"30/7644"	0.102689125836589	0.362296466434706	0.30241977922307	"NEURL1/DLL1/DNER"	3
"M1"	"Inactivation, recovery and regulation of the phototransduction cascade"	"Inactivation, recovery and regulation of the phototransduction cascade"	"3/289"	"30/7644"	0.102689125836589	0.362296466434706	0.30241977922307	"CNGA1/PDE6B/PRKCQ"	3
"M1"	"Constitutive Signaling by NOTCH1 HD Domain Mutants"	"Constitutive Signaling by NOTCH1 HD Domain Mutants"	"2/289"	"15/7644"	0.108268446749831	0.375649638446928	0.313566074332166	"NEURL1/DLL1"	2
"M1"	"negative regulation of TCF-dependent signaling by WNT ligand antagonists"	"negative regulation of TCF-dependent signaling by WNT ligand antagonists"	"2/289"	"15/7644"	0.108268446749831	0.375649638446928	0.313566074332166	"SFRP2/WNT4"	2
"M1"	"Synthesis of bile acids and bile salts via 27-hydroxycholesterol"	"Synthesis of bile acids and bile salts via 27-hydroxycholesterol"	"2/289"	"15/7644"	0.108268446749831	0.375649638446928	0.313566074332166	"AKR1C1/AKR1C2"	2
"M1"	"DAG and IP3 signaling"	"DAG and IP3 signaling"	"3/289"	"31/7644"	0.110671678676189	0.379791334473479	0.317023272825666	"PDE1C/ITPR3/PRKAR2B"	3
"M1"	"The phototransduction cascade"	"The phototransduction cascade"	"3/289"	"31/7644"	0.110671678676189	0.379791334473479	0.317023272825666	"CNGA1/PDE6B/PRKCQ"	3
"M1"	"Muscle contraction"	"Muscle contraction"	"4/289"	"49/7644"	0.112944514981182	0.385484540261859	0.321775563275907	"SORBS1/MYH11/TMOD1/TNNC2"	4
"M1"	"IRS-related events"	"IRS-related events"	"6/289"	"88/7644"	0.115232169398813	0.391166499364621	0.326518465778715	"FGF7/TRIB3/FGF2/PDE3B/FGF1/KL"	6
"M1"	"Chondroitin sulfate/dermatan sulfate metabolism"	"Chondroitin sulfate/dermatan sulfate metabolism"	"4/289"	"50/7644"	0.119330090020569	0.402899443725363	0.336312308037598	"SDC2/CSGALNACT1/GPC3/GPC6"	4
"M1"	"Biological oxidations"	"Biological oxidations"	"10/289"	"174/7644"	0.122809412492739	0.412133299997296	0.344020086152621	"ALDH2/CYP11A1/GSTM3/CYP3A7/CYP1B1/GSTM2/ADH1C/MAOB/CYP3A5/GSTM1"	10
"M1"	"Signaling by Wnt"	"Signaling by Wnt"	"15/289"	"286/7644"	0.12420831721148	0.412133299997296	0.344020086152621	"CAV1/GNG11/DACT1/ITPR3/FZD7/TCF7/LEF1/WNT11/SFRP2/RSPO3/PDE6B/CXXC4/VANGL2/WNT4/WNT2"	15
"M1"	"Aquaporin-mediated transport"	"Aquaporin-mediated transport"	"4/289"	"51/7644"	0.125868309998671	0.412133299997296	0.344020086152621	"GNG11/AQP3/AQP6/PRKAR2B"	4
"M1"	"Nuclear Receptor transcription pathway"	"Nuclear Receptor transcription pathway"	"4/289"	"51/7644"	0.125868309998671	0.412133299997296	0.344020086152621	"NR4A1/VDR/NR4A2/AR"	4
"M1"	"Signalling by NGF"	"Signalling by NGF"	"15/289"	"287/7644"	0.126818249259677	0.412133299997296	0.344020086152621	"KIT/NR4A1/PDE1C/FGF7/TRIB3/ITPR3/DUSP4/FGF2/NRG3/ADCYAP1/FGF1/PRKAR2B/KL/MAG/NRG1"	15
"M1"	"EGFR interacts with phospholipase C-gamma"	"EGFR interacts with phospholipase C-gamma"	"3/289"	"33/7644"	0.127315064011904	0.412133299997296	0.344020086152621	"PDE1C/ITPR3/PRKAR2B"	3
"M1"	"Glutathione conjugation"	"Glutathione conjugation"	"3/289"	"33/7644"	0.127315064011904	0.412133299997296	0.344020086152621	"GSTM3/GSTM2/GSTM1"	3
"M1"	"PLC-gamma1 signalling"	"PLC-gamma1 signalling"	"3/289"	"33/7644"	0.127315064011904	0.412133299997296	0.344020086152621	"PDE1C/ITPR3/PRKAR2B"	3
"M1"	"Acetylcholine Neurotransmitter Release Cycle"	"Acetylcholine Neurotransmitter Release Cycle"	"2/289"	"17/7644"	0.133596853909385	0.430250380795353	0.359142959497295	"CPLX1/RIMS1"	2
"M1"	"Insulin receptor signalling cascade"	"Insulin receptor signalling cascade"	"6/289"	"92/7644"	0.134412808421526	0.430669610656725	0.359492903297098	"FGF7/TRIB3/FGF2/PDE3B/FGF1/KL"	6
"M1"	"EPHA-mediated growth cone collapse"	"EPHA-mediated growth cone collapse"	"3/289"	"34/7644"	0.135952619913407	0.431203259119289	0.359938355751603	"MYH14/EFNA5/MYH11"	3
"M1"	"PLCG1 events in ERBB2 signaling"	"PLCG1 events in ERBB2 signaling"	"3/289"	"34/7644"	0.135952619913407	0.431203259119289	0.359938355751603	"PDE1C/ITPR3/PRKAR2B"	3
"M1"	"Class A/1 (Rhodopsin-like receptors)"	"Class A/1 (Rhodopsin-like receptors)"	"16/289"	"314/7644"	0.137528988413594	0.434011079013753	0.362282127638031	"AVPR1A/BDKRB2/GPR37/CCRL2/OXGR1/C5AR2/HCAR1/ADRB2/CCL21/BDKRB1/ADRB1/CYSLTR2/HCAR2/SST/HRH2/AGTR1"	16
"M1"	"Transmission across Chemical Synapses"	"Transmission across Chemical Synapses"	"11/289"	"201/7644"	0.139410116246368	0.437747765013596	0.36540125205627	"ALDH2/NCALD/GNG11/KCNJ15/CPLX1/CACNB2/CAMK2B/CACNA2D1/SLC1A2/SLC1A1/RIMS1"	11
"M1"	"EPH-Ephrin signaling"	"EPH-Ephrin signaling"	"6/289"	"94/7644"	0.14453696943289	0.445108766343234	0.371545701707895	"SDC2/MYH14/EFNA5/MYH11/EPHB3/EPHB1"	6
"M1"	"Bile acid and bile salt metabolism"	"Bile acid and bile salt metabolism"	"3/289"	"35/7644"	0.144785116711898	0.445108766343234	0.371545701707895	"AKR1C1/AMACR/AKR1C2"	3
"M1"	"Activation of SMO"	"Activation of SMO"	"2/289"	"18/7644"	0.146715787632244	0.445108766343234	0.371545701707895	"EVC/EVC2"	2
"M1"	"Dopamine Neurotransmitter Release Cycle"	"Dopamine Neurotransmitter Release Cycle"	"2/289"	"18/7644"	0.146715787632244	0.445108766343234	0.371545701707895	"CPLX1/RIMS1"	2
"M1"	"Norepinephrine Neurotransmitter Release Cycle"	"Norepinephrine Neurotransmitter Release Cycle"	"2/289"	"18/7644"	0.146715787632244	0.445108766343234	0.371545701707895	"CPLX1/RIMS1"	2
"M1"	"Post-chaperonin tubulin folding pathway"	"Post-chaperonin tubulin folding pathway"	"2/289"	"18/7644"	0.146715787632244	0.445108766343234	0.371545701707895	"TUBB2B/TUBB3"	2
"M1"	"Serotonin Neurotransmitter Release Cycle"	"Serotonin Neurotransmitter Release Cycle"	"2/289"	"18/7644"	0.146715787632244	0.445108766343234	0.371545701707895	"CPLX1/RIMS1"	2
"M1"	"ABC-family proteins mediated transport"	"ABC-family proteins mediated transport"	"3/289"	"36/7644"	0.153800808225287	0.464360132526347	0.38761539724794	"CFTR/ABCA8/ABCB1"	3
"M1"	"Ephrin signaling"	"Ephrin signaling"	"2/289"	"19/7644"	0.160083657478877	0.478726366174928	0.399607325435994	"EPHB3/EPHB1"	2
"M1"	"GABA synthesis, release, reuptake and degradation"	"GABA synthesis, release, reuptake and degradation"	"2/289"	"19/7644"	0.160083657478877	0.478726366174928	0.399607325435994	"CPLX1/RIMS1"	2
"M1"	"NCAM1 interactions"	"NCAM1 interactions"	"3/289"	"37/7644"	0.162987980232296	0.485101666283802	0.404928980572131	"CACNB2/NCAM1/COL4A5"	3
"M1"	"Regulation of insulin secretion"	"Regulation of insulin secretion"	"5/289"	"77/7644"	0.165634860706998	0.48880022261921	0.408016277010336	"GNG11/SLC2A1/ITPR3/CACNB2/PRKAR2B"	5
"M1"	"Stimuli-sensing channels"	"Stimuli-sensing channels"	"6/289"	"98/7644"	0.165787336652694	0.48880022261921	0.408016277010336	"ANO4/RYR3/UNC80/TRPC6/WNK4/TRPC3"	6
"M1"	"Signaling by the B Cell Receptor (BCR)"	"Signaling by the B Cell Receptor (BCR)"	"11/289"	"209/7644"	0.167644285810594	0.49196547424791	0.410658407937411	"PLCG2/KIT/NR4A1/FGF7/TRIB3/ITPR3/FGF2/NRG3/FGF1/KL/NRG1"	11
"M1"	"Apoptotic cleavage of cellular proteins"	"Apoptotic cleavage of cellular proteins"	"3/289"	"38/7644"	0.172334986154446	0.50027711713121	0.417596386743786	"MAPT/GAS2/PRKCQ"	3
"M1"	"Formation of tubulin folding intermediates by CCT/TriC"	"Formation of tubulin folding intermediates by CCT/TriC"	"2/289"	"20/7644"	0.173663075692044	0.50027711713121	0.417596386743786	"TUBB2B/TUBB3"	2
"M1"	"Regulation of gene expression in beta cells"	"Regulation of gene expression in beta cells"	"2/289"	"20/7644"	0.173663075692044	0.50027711713121	0.417596386743786	"NKX6-1/MAFA"	2
"M1"	"Xenobiotics"	"Xenobiotics"	"2/289"	"20/7644"	0.173663075692044	0.50027711713121	0.417596386743786	"CYP3A7/CYP3A5"	2
"M1"	"Glycogen storage diseases"	"Glycogen storage diseases"	"13/289"	"258/7644"	0.178256934124345	0.506540066199495	0.42282425908037	"SDC2/ST3GAL4/CHST2/CSGALNACT1/HS6ST3/GPC3/SLC2A1/PFKFB3/GPC6/HS3ST1/ALDOC/LYVE1/SLC5A1"	13
"M1"	"Metabolism of carbohydrates"	"Metabolism of carbohydrates"	"13/289"	"258/7644"	0.178256934124345	0.506540066199495	0.42282425908037	"SDC2/ST3GAL4/CHST2/CSGALNACT1/HS6ST3/GPC3/SLC2A1/PFKFB3/GPC6/HS3ST1/ALDOC/LYVE1/SLC5A1"	13
"M1"	"Myoclonic epilepsy of Lafora"	"Myoclonic epilepsy of Lafora"	"13/289"	"258/7644"	0.178256934124345	0.506540066199495	0.42282425908037	"SDC2/ST3GAL4/CHST2/CSGALNACT1/HS6ST3/GPC3/SLC2A1/PFKFB3/GPC6/HS3ST1/ALDOC/LYVE1/SLC5A1"	13
"M1"	"Nuclear signaling by ERBB4"	"Nuclear signaling by ERBB4"	"3/289"	"39/7644"	0.181830279224629	0.514366735824625	0.429357416092295	"GFAP/NRG3/NRG1"	3
"M1"	"NOTCH2 Activation and Transmission of Signal to the Nucleus"	"NOTCH2 Activation and Transmission of Signal to the Nucleus"	"2/289"	"21/7644"	0.187419108086976	0.523107555016092	0.436653641297375	"NEURL1/DLL1"	2
"M1"	"RA biosynthesis pathway"	"RA biosynthesis pathway"	"2/289"	"21/7644"	0.187419108086976	0.523107555016092	0.436653641297375	"ALDH1A3/ADH1C"	2
"M1"	"Regulation of Insulin-like Growth Factor (IGF) transport and uptake by Insulin-like Growth Factor Binding Proteins (IGFBPs)"	"Regulation of Insulin-like Growth Factor (IGF) transport and uptake by Insulin-like Growth Factor Binding Proteins (IGFBPs)"	"2/289"	"21/7644"	0.187419108086976	0.523107555016092	0.436653641297375	"IGF2/IGF1"	2
"M1"	"Cytochrome P450 - arranged by substrate type"	"Cytochrome P450 - arranged by substrate type"	"4/289"	"60/7644"	0.190756663583295	0.530067189072164	0.442463057589571	"CYP11A1/CYP3A7/CYP1B1/CYP3A5"	4
"M1"	"Downstream signaling events of B Cell Receptor (BCR)"	"Downstream signaling events of B Cell Receptor (BCR)"	"9/289"	"170/7644"	0.194134399020486	0.53707666336945	0.448314077033165	"KIT/NR4A1/FGF7/TRIB3/FGF2/NRG3/FGF1/KL/NRG1"	9
"M1"	"Integration of energy metabolism"	"Integration of energy metabolism"	"6/289"	"104/7644"	0.199942713570015	0.547309185366352	0.456855471526053	"GNG11/SLC2A1/ITPR3/CACNB2/MLXIPL/PRKAR2B"	6
"M1"	"EPHB-mediated forward signaling"	"EPHB-mediated forward signaling"	"3/289"	"41/7644"	0.201220209135585	0.547309185366352	0.456855471526053	"SDC2/EPHB3/EPHB1"	3
"M1"	"Extrinsic Pathway"	"Extrinsic Pathway"	"2/289"	"22/7644"	0.201319143024884	0.547309185366352	0.456855471526053	"DAPK1/DAPK2"	2
"M1"	"Smooth Muscle Contraction"	"Smooth Muscle Contraction"	"2/289"	"22/7644"	0.201319143024884	0.547309185366352	0.456855471526053	"SORBS1/MYH11"	2
"M1"	"Amine ligand-binding receptors"	"Amine ligand-binding receptors"	"3/289"	"42/7644"	0.211092496566453	0.56500370569861	0.471625620915031	"ADRB2/ADRB1/HRH2"	3
"M1"	"Glucagon-like Peptide-1 (GLP1) regulates insulin secretion"	"Glucagon-like Peptide-1 (GLP1) regulates insulin secretion"	"3/289"	"42/7644"	0.211092496566453	0.56500370569861	0.471625620915031	"GNG11/ITPR3/PRKAR2B"	3
"M1"	"Neurotransmitter Release Cycle"	"Neurotransmitter Release Cycle"	"3/289"	"42/7644"	0.211092496566453	0.56500370569861	0.471625620915031	"CPLX1/SLC1A1/RIMS1"	3
"M1"	"Endogenous sterols"	"Endogenous sterols"	"2/289"	"23/7644"	0.215332766732762	0.56500370569861	0.471625620915031	"CYP11A1/CYP1B1"	2
"M1"	"Signaling by BMP"	"Signaling by BMP"	"2/289"	"23/7644"	0.215332766732762	0.56500370569861	0.471625620915031	"BMPR1B/BMP2"	2
"M1"	"Vasopressin regulates renal water homeostasis via Aquaporins"	"Vasopressin regulates renal water homeostasis via Aquaporins"	"3/289"	"43/7644"	0.221068415743833	0.56500370569861	0.471625620915031	"GNG11/AQP3/PRKAR2B"	3
"M1"	"Sema4D induced cell migration and growth-cone collapse"	"Sema4D induced cell migration and growth-cone collapse"	"2/289"	"24/7644"	0.229431644679418	0.56500370569861	0.471625620915031	"MYH14/MYH11"	2
"M1"	"Defective AMN causes hereditary megaloblastic anemia 1"	"Defective AMN causes hereditary megaloblastic anemia 1"	"5/289"	"87/7644"	0.232119356799747	0.56500370569861	0.471625620915031	"SLC2A1/QPRT/PTGS2/MOCOS/SLC19A3"	5
"M1"	"Defective BTD causes biotidinase deficiency"	"Defective BTD causes biotidinase deficiency"	"5/289"	"87/7644"	0.232119356799747	0.56500370569861	0.471625620915031	"SLC2A1/QPRT/PTGS2/MOCOS/SLC19A3"	5
"M1"	"Defective CD320 causes methylmalonic aciduria"	"Defective CD320 causes methylmalonic aciduria"	"5/289"	"87/7644"	0.232119356799747	0.56500370569861	0.471625620915031	"SLC2A1/QPRT/PTGS2/MOCOS/SLC19A3"	5
"M1"	"Defective CUBN causes hereditary megaloblastic anemia 1"	"Defective CUBN causes hereditary megaloblastic anemia 1"	"5/289"	"87/7644"	0.232119356799747	0.56500370569861	0.471625620915031	"SLC2A1/QPRT/PTGS2/MOCOS/SLC19A3"	5
"M1"	"Defective GIF causes intrinsic factor deficiency"	"Defective GIF causes intrinsic factor deficiency"	"5/289"	"87/7644"	0.232119356799747	0.56500370569861	0.471625620915031	"SLC2A1/QPRT/PTGS2/MOCOS/SLC19A3"	5
"M1"	"Defective HLCS causes multiple carboxylase deficiency"	"Defective HLCS causes multiple carboxylase deficiency"	"5/289"	"87/7644"	0.232119356799747	0.56500370569861	0.471625620915031	"SLC2A1/QPRT/PTGS2/MOCOS/SLC19A3"	5
"M1"	"Defective LMBRD1 causes methylmalonic aciduria and homocystinuria type cblF"	"Defective LMBRD1 causes methylmalonic aciduria and homocystinuria type cblF"	"5/289"	"87/7644"	0.232119356799747	0.56500370569861	0.471625620915031	"SLC2A1/QPRT/PTGS2/MOCOS/SLC19A3"	5
"M1"	"Defective MMAA causes methylmalonic aciduria type cblA"	"Defective MMAA causes methylmalonic aciduria type cblA"	"5/289"	"87/7644"	0.232119356799747	0.56500370569861	0.471625620915031	"SLC2A1/QPRT/PTGS2/MOCOS/SLC19A3"	5
"M1"	"Defective MMAB causes methylmalonic aciduria type cblB"	"Defective MMAB causes methylmalonic aciduria type cblB"	"5/289"	"87/7644"	0.232119356799747	0.56500370569861	0.471625620915031	"SLC2A1/QPRT/PTGS2/MOCOS/SLC19A3"	5
"M1"	"Defective MMACHC causes methylmalonic aciduria and homocystinuria type cblC"	"Defective MMACHC causes methylmalonic aciduria and homocystinuria type cblC"	"5/289"	"87/7644"	0.232119356799747	0.56500370569861	0.471625620915031	"SLC2A1/QPRT/PTGS2/MOCOS/SLC19A3"	5
"M1"	"Defective MMADHC causes methylmalonic aciduria and homocystinuria type cblD"	"Defective MMADHC causes methylmalonic aciduria and homocystinuria type cblD"	"5/289"	"87/7644"	0.232119356799747	0.56500370569861	0.471625620915031	"SLC2A1/QPRT/PTGS2/MOCOS/SLC19A3"	5
"M1"	"Defective MTR causes methylmalonic aciduria and homocystinuria type cblG"	"Defective MTR causes methylmalonic aciduria and homocystinuria type cblG"	"5/289"	"87/7644"	0.232119356799747	0.56500370569861	0.471625620915031	"SLC2A1/QPRT/PTGS2/MOCOS/SLC19A3"	5
"M1"	"Defective MTRR causes methylmalonic aciduria and homocystinuria type cblE"	"Defective MTRR causes methylmalonic aciduria and homocystinuria type cblE"	"5/289"	"87/7644"	0.232119356799747	0.56500370569861	0.471625620915031	"SLC2A1/QPRT/PTGS2/MOCOS/SLC19A3"	5
"M1"	"Defective MUT causes methylmalonic aciduria mut type"	"Defective MUT causes methylmalonic aciduria mut type"	"5/289"	"87/7644"	0.232119356799747	0.56500370569861	0.471625620915031	"SLC2A1/QPRT/PTGS2/MOCOS/SLC19A3"	5
"M1"	"Defective TCN2 causes hereditary megaloblastic anemia"	"Defective TCN2 causes hereditary megaloblastic anemia"	"5/289"	"87/7644"	0.232119356799747	0.56500370569861	0.471625620915031	"SLC2A1/QPRT/PTGS2/MOCOS/SLC19A3"	5
"M1"	"Defects in biotin (Btn) metabolism"	"Defects in biotin (Btn) metabolism"	"5/289"	"87/7644"	0.232119356799747	0.56500370569861	0.471625620915031	"SLC2A1/QPRT/PTGS2/MOCOS/SLC19A3"	5
"M1"	"Defects in cobalamin (B12) metabolism"	"Defects in cobalamin (B12) metabolism"	"5/289"	"87/7644"	0.232119356799747	0.56500370569861	0.471625620915031	"SLC2A1/QPRT/PTGS2/MOCOS/SLC19A3"	5
"M1"	"Defects in vitamin and cofactor metabolism"	"Defects in vitamin and cofactor metabolism"	"5/289"	"87/7644"	0.232119356799747	0.56500370569861	0.471625620915031	"SLC2A1/QPRT/PTGS2/MOCOS/SLC19A3"	5
"M1"	"Metabolism of vitamins and cofactors"	"Metabolism of vitamins and cofactors"	"5/289"	"87/7644"	0.232119356799747	0.56500370569861	0.471625620915031	"SLC2A1/QPRT/PTGS2/MOCOS/SLC19A3"	5
"M1"	"Metabolism of water-soluble vitamins and cofactors"	"Metabolism of water-soluble vitamins and cofactors"	"5/289"	"87/7644"	0.232119356799747	0.56500370569861	0.471625620915031	"SLC2A1/QPRT/PTGS2/MOCOS/SLC19A3"	5
"M1"	"Diseases of glycosylation"	"Diseases of glycosylation"	"11/289"	"227/7644"	0.240179192307542	0.581650755447668	0.485521415040125	"SDC2/ST3GAL4/CHST2/CSGALNACT1/HS6ST3/GPC3/ST8SIA5/GPC6/HS3ST1/TUSC3/LYVE1"	11
"M1"	"Signaling by FGFR mutants"	"Signaling by FGFR mutants"	"3/289"	"45/7644"	0.241288692981262	0.581650755447668	0.485521415040125	"FGF7/FGF2/FGF1"	3
"M1"	"ADP signalling through P2Y purinoceptor 1"	"ADP signalling through P2Y purinoceptor 1"	"2/289"	"25/7644"	0.243589408730473	0.581650755447668	0.485521415040125	"GNG11/PLA2G4A"	2
"M1"	"SHC-related events triggered by IGF1R"	"SHC-related events triggered by IGF1R"	"2/289"	"25/7644"	0.243589408730473	0.581650755447668	0.485521415040125	"IGF2/IGF1"	2
"M1"	"TRP channels"	"TRP channels"	"2/289"	"25/7644"	0.243589408730473	0.581650755447668	0.485521415040125	"TRPC6/TRPC3"	2
"M1"	"Semaphorin interactions"	"Semaphorin interactions"	"4/289"	"67/7644"	0.247049169056178	0.587677568815455	0.490552177790976	"MYH14/MYH11/SEMA5A/CRMP1"	4
"M1"	"G alpha (z) signalling events"	"G alpha (z) signalling events"	"3/289"	"46/7644"	0.251512415542767	0.595172107666229	0.496808095235974	"GNG11/RGS4/PRKCQ"	3
"M1"	"Latent infection of Homo sapiens with Mycobacterium tuberculosis"	"Latent infection of Homo sapiens with Mycobacterium tuberculosis"	"4/289"	"68/7644"	0.255382677001598	0.595172107666229	0.496808095235974	"ATP6V0D2/ATP6V1B1/ATP6V1G3/ATP6V1C2"	4
"M1"	"Calmodulin induced events"	"Calmodulin induced events"	"2/289"	"26/7644"	0.25778154981722	0.595172107666229	0.496808095235974	"PDE1C/PRKAR2B"	2
"M1"	"CaM pathway"	"CaM pathway"	"2/289"	"26/7644"	0.25778154981722	0.595172107666229	0.496808095235974	"PDE1C/PRKAR2B"	2
"M1"	"Fertilization"	"Fertilization"	"2/289"	"26/7644"	0.25778154981722	0.595172107666229	0.496808095235974	"CD9/ADAM2"	2
"M1"	"Prefoldin mediated transfer of substrate  to CCT/TriC"	"Prefoldin mediated transfer of substrate  to CCT/TriC"	"2/289"	"26/7644"	0.25778154981722	0.595172107666229	0.496808095235974	"TUBB2B/TUBB3"	2
"M1"	"Reproduction"	"Reproduction"	"2/289"	"26/7644"	0.25778154981722	0.595172107666229	0.496808095235974	"CD9/ADAM2"	2
"M1"	"VEGFR2 mediated vascular permeability"	"VEGFR2 mediated vascular permeability"	"2/289"	"26/7644"	0.25778154981722	0.595172107666229	0.496808095235974	"CAV1/TRIB3"	2
"M1"	"Cooperation of Prefoldin and TriC/CCT  in actin and tubulin folding"	"Cooperation of Prefoldin and TriC/CCT  in actin and tubulin folding"	"2/289"	"27/7644"	0.271985315865951	0.6169756464884	0.515008166193804	"TUBB2B/TUBB3"	2
"M1"	"Glycolysis"	"Glycolysis"	"2/289"	"27/7644"	0.271985315865951	0.6169756464884	0.515008166193804	"PFKFB3/ALDOC"	2
"M1"	"Sema4D in semaphorin signaling"	"Sema4D in semaphorin signaling"	"2/289"	"27/7644"	0.271985315865951	0.6169756464884	0.515008166193804	"MYH14/MYH11"	2
"M1"	"Chaperonin-mediated protein folding"	"Chaperonin-mediated protein folding"	"3/289"	"48/7644"	0.272137347256826	0.6169756464884	0.515008166193804	"KIFC3/TUBB2B/TUBB3"	3
"M1"	"EPH-ephrin mediated repulsion of cells"	"EPH-ephrin mediated repulsion of cells"	"3/289"	"48/7644"	0.272137347256826	0.6169756464884	0.515008166193804	"EFNA5/EPHB3/EPHB1"	3
"M1"	"Signaling by WNT in cancer"	"Signaling by WNT in cancer"	"10/289"	"212/7644"	0.281029083728145	0.628501018361396	0.52462874144146	"CAV1/DACT1/TCF7/LEF1/WNT11/SFRP2/RSPO3/CXXC4/WNT4/WNT2"	10
"M1"	"Metabolism of amino acids and derivatives"	"Metabolism of amino acids and derivatives"	"9/289"	"188/7644"	0.281183971935223	0.628501018361396	0.52462874144146	"CKMT2/GATM/PHGDH/KYNU/CKMT1A/ASS1/IDO1/PAH/IYD"	9
"M1"	"Adrenaline,noradrenaline inhibits insulin secretion"	"Adrenaline,noradrenaline inhibits insulin secretion"	"2/289"	"28/7644"	0.286179614745502	0.628501018361396	0.52462874144146	"GNG11/CACNB2"	2
"M1"	"Keratan sulfate biosynthesis"	"Keratan sulfate biosynthesis"	"2/289"	"28/7644"	0.286179614745502	0.628501018361396	0.52462874144146	"ST3GAL4/CHST2"	2
"M1"	"SHC1 events in ERBB4 signaling"	"SHC1 events in ERBB4 signaling"	"2/289"	"28/7644"	0.286179614745502	0.628501018361396	0.52462874144146	"NRG3/NRG1"	2
"M1"	"FBXW7 Mutants and NOTCH1 in Cancer"	"FBXW7 Mutants and NOTCH1 in Cancer"	"4/289"	"72/7644"	0.289230564182235	0.628501018361396	0.52462874144146	"NEURL1/DLL1/HDAC9/DNER"	4
"M1"	"Signaling by NOTCH1"	"Signaling by NOTCH1"	"4/289"	"72/7644"	0.289230564182235	0.628501018361396	0.52462874144146	"NEURL1/DLL1/HDAC9/DNER"	4
"M1"	"Signaling by NOTCH1 HD Domain Mutants in Cancer"	"Signaling by NOTCH1 HD Domain Mutants in Cancer"	"4/289"	"72/7644"	0.289230564182235	0.628501018361396	0.52462874144146	"NEURL1/DLL1/HDAC9/DNER"	4
"M1"	"Signaling by NOTCH1 HD+PEST Domain Mutants in Cancer"	"Signaling by NOTCH1 HD+PEST Domain Mutants in Cancer"	"4/289"	"72/7644"	0.289230564182235	0.628501018361396	0.52462874144146	"NEURL1/DLL1/HDAC9/DNER"	4
"M1"	"Signaling by NOTCH1 in Cancer"	"Signaling by NOTCH1 in Cancer"	"4/289"	"72/7644"	0.289230564182235	0.628501018361396	0.52462874144146	"NEURL1/DLL1/HDAC9/DNER"	4
"M1"	"Signaling by NOTCH1 PEST Domain Mutants in Cancer"	"Signaling by NOTCH1 PEST Domain Mutants in Cancer"	"4/289"	"72/7644"	0.289230564182235	0.628501018361396	0.52462874144146	"NEURL1/DLL1/HDAC9/DNER"	4
"M1"	"Signaling by NOTCH1 t(7;9)(NOTCH1:M1580_K2555) Translocation Mutant"	"Signaling by NOTCH1 t(7;9)(NOTCH1:M1580_K2555) Translocation Mutant"	"4/289"	"72/7644"	0.289230564182235	0.628501018361396	0.52462874144146	"NEURL1/DLL1/HDAC9/DNER"	4
"M1"	"Peptide ligand-binding receptors"	"Peptide ligand-binding receptors"	"9/289"	"190/7644"	0.291504390460443	0.630012682093861	0.525890572716632	"AVPR1A/BDKRB2/GPR37/CCRL2/C5AR2/CCL21/BDKRB1/SST/AGTR1"	9
"M1"	"Arachidonic acid metabolism"	"Arachidonic acid metabolism"	"3/289"	"50/7644"	0.292935833075489	0.630012682093861	0.525890572716632	"PTGS2/PLA2G4A/CYP1B1"	3
"M1"	"Lipid digestion, mobilization, and transport"	"Lipid digestion, mobilization, and transport"	"3/289"	"50/7644"	0.292935833075489	0.630012682093861	0.525890572716632	"CAV1/LDLR/FABP4"	3
"M1"	"Apoptotic execution  phase"	"Apoptotic execution  phase"	"3/289"	"52/7644"	0.313836112364118	0.646140341419211	0.539352816001956	"MAPT/GAS2/PRKCQ"	3
"M1"	"Activation of Kainate Receptors upon glutamate binding"	"Activation of Kainate Receptors upon glutamate binding"	"2/289"	"30/7644"	0.314463193156164	0.646140341419211	0.539352816001956	"NCALD/GNG11"	2
"M1"	"Adherens junctions interactions"	"Adherens junctions interactions"	"2/289"	"30/7644"	0.314463193156164	0.646140341419211	0.539352816001956	"CDH12/CDH3"	2
"M1"	"Glucagon-type ligand receptors"	"Glucagon-type ligand receptors"	"2/289"	"30/7644"	0.314463193156164	0.646140341419211	0.539352816001956	"GNG11/ADCYAP1"	2
"M1"	"GRB2 events in ERBB2 signaling"	"GRB2 events in ERBB2 signaling"	"2/289"	"30/7644"	0.314463193156164	0.646140341419211	0.539352816001956	"NRG3/NRG1"	2
"M1"	"MAPK targets/ Nuclear events mediated by MAP kinases"	"MAPK targets/ Nuclear events mediated by MAP kinases"	"2/289"	"30/7644"	0.314463193156164	0.646140341419211	0.539352816001956	"DUSP4/MAPK10"	2
"M1"	"Signaling by FGFR1 mutants"	"Signaling by FGFR1 mutants"	"2/289"	"30/7644"	0.314463193156164	0.646140341419211	0.539352816001956	"FGF2/FGF1"	2
"M1"	"Abacavir transport and metabolism"	"Abacavir transport and metabolism"	"1/289"	"10/7644"	0.319983513027667	0.646140341419211	0.539352816001956	"ABCB1"	1
"M1"	"Activation of Ca-permeable Kainate Receptor"	"Activation of Ca-permeable Kainate Receptor"	"1/289"	"10/7644"	0.319983513027667	0.646140341419211	0.539352816001956	"NCALD"	1
"M1"	"Activation of the AP-1 family of transcription factors"	"Activation of the AP-1 family of transcription factors"	"1/289"	"10/7644"	0.319983513027667	0.646140341419211	0.539352816001956	"MAPK10"	1
"M1"	"Calcitonin-like ligand receptors"	"Calcitonin-like ligand receptors"	"1/289"	"10/7644"	0.319983513027667	0.646140341419211	0.539352816001956	"CALCA"	1
"M1"	"Displacement of DNA glycosylase by  APE1"	"Displacement of DNA glycosylase by  APE1"	"1/289"	"10/7644"	0.319983513027667	0.646140341419211	0.539352816001956	"CCNO"	1
"M1"	"Interaction With The Zona Pellucida"	"Interaction With The Zona Pellucida"	"1/289"	"10/7644"	0.319983513027667	0.646140341419211	0.539352816001956	"ADAM2"	1
"M1"	"Ionotropic activity of Kainate Receptors"	"Ionotropic activity of Kainate Receptors"	"1/289"	"10/7644"	0.319983513027667	0.646140341419211	0.539352816001956	"NCALD"	1
"M1"	"Netrin mediated repulsion signals"	"Netrin mediated repulsion signals"	"1/289"	"10/7644"	0.319983513027667	0.646140341419211	0.539352816001956	"UNC5D"	1
"M1"	"Purine catabolism"	"Purine catabolism"	"1/289"	"10/7644"	0.319983513027667	0.646140341419211	0.539352816001956	"GDA"	1
"M1"	"Reduction of cytosolic Ca++ levels"	"Reduction of cytosolic Ca++ levels"	"1/289"	"10/7644"	0.319983513027667	0.646140341419211	0.539352816001956	"ATP2B2"	1
"M1"	"Regulation of signaling by NODAL"	"Regulation of signaling by NODAL"	"1/289"	"10/7644"	0.319983513027667	0.646140341419211	0.539352816001956	"ACVR1C"	1
"M1"	"Synthesis of pyrophosphates in the cytosol"	"Synthesis of pyrophosphates in the cytosol"	"1/289"	"10/7644"	0.319983513027667	0.646140341419211	0.539352816001956	"NUDT4"	1
"M1"	"Inwardly rectifying K+ channels"	"Inwardly rectifying K+ channels"	"2/289"	"31/7644"	0.328517780361679	0.659134715869439	0.550199611972813	"KCNJ15/KCNJ1"	2
"M1"	"Striated Muscle Contraction"	"Striated Muscle Contraction"	"2/289"	"31/7644"	0.328517780361679	0.659134715869439	0.550199611972813	"TMOD1/TNNC2"	2
"M1"	"Protein folding"	"Protein folding"	"3/289"	"54/7644"	0.334771071598198	0.669542143196395	0.558887005215898	"KIFC3/TUBB2B/TUBB3"	3
"M1"	"Regulation of beta-cell development"	"Regulation of beta-cell development"	"2/289"	"32/7644"	0.342493353205918	0.674274759372584	0.562837462567125	"NKX6-1/MAFA"	2
"M1"	"SHC1 events in ERBB2 signaling"	"SHC1 events in ERBB2 signaling"	"2/289"	"32/7644"	0.342493353205918	0.674274759372584	0.562837462567125	"NRG3/NRG1"	2
"M1"	"Signal amplification"	"Signal amplification"	"2/289"	"32/7644"	0.342493353205918	0.674274759372584	0.562837462567125	"GNG11/PLA2G4A"	2
"M1"	"Signaling by NOTCH2"	"Signaling by NOTCH2"	"2/289"	"32/7644"	0.342493353205918	0.674274759372584	0.562837462567125	"NEURL1/DLL1"	2
"M1"	"Base-free sugar-phosphate removal via the single-nucleotide replacement pathway"	"Base-free sugar-phosphate removal via the single-nucleotide replacement pathway"	"1/289"	"11/7644"	0.345726867066834	0.674274759372584	0.562837462567125	"CCNO"	1
"M1"	"Signaling by NOTCH3"	"Signaling by NOTCH3"	"1/289"	"11/7644"	0.345726867066834	0.674274759372584	0.562837462567125	"DLL1"	1
"M1"	"Signaling by NOTCH4"	"Signaling by NOTCH4"	"1/289"	"11/7644"	0.345726867066834	0.674274759372584	0.562837462567125	"DLL1"	1
"M1"	"Transport of organic anions"	"Transport of organic anions"	"1/289"	"11/7644"	0.345726867066834	0.674274759372584	0.562837462567125	"SLCO4A1"	1
"M1"	"deactivation of the beta-catenin transactivating complex"	"deactivation of the beta-catenin transactivating complex"	"2/289"	"33/7644"	0.3563758234765	0.686515390009944	0.573055085861469	"TCF7/LEF1"	2
"M1"	"Glucagon signaling in metabolic regulation"	"Glucagon signaling in metabolic regulation"	"2/289"	"33/7644"	0.3563758234765	0.686515390009944	0.573055085861469	"GNG11/PRKAR2B"	2
"M1"	"Keratan sulfate/keratin metabolism"	"Keratan sulfate/keratin metabolism"	"2/289"	"33/7644"	0.3563758234765	0.686515390009944	0.573055085861469	"ST3GAL4/CHST2"	2
"M1"	"Sialic acid metabolism"	"Sialic acid metabolism"	"2/289"	"33/7644"	0.3563758234765	0.686515390009944	0.573055085861469	"ST3GAL4/ST8SIA5"	2
"M1"	"Constitutive Signaling by NOTCH1 HD+PEST Domain Mutants"	"Constitutive Signaling by NOTCH1 HD+PEST Domain Mutants"	"3/289"	"57/7644"	0.366103350054482	0.698718648232401	0.583241513274783	"NEURL1/DLL1/HDAC9"	3
"M1"	"Constitutive Signaling by NOTCH1 PEST Domain Mutants"	"Constitutive Signaling by NOTCH1 PEST Domain Mutants"	"3/289"	"57/7644"	0.366103350054482	0.698718648232401	0.583241513274783	"NEURL1/DLL1/HDAC9"	3
"M1"	"Bile salt and organic anion SLC transporters"	"Bile salt and organic anion SLC transporters"	"1/289"	"12/7644"	0.370498901053168	0.698718648232401	0.583241513274783	"SLC13A3"	1
"M1"	"ERKs are inactivated"	"ERKs are inactivated"	"1/289"	"12/7644"	0.370498901053168	0.698718648232401	0.583241513274783	"DUSP4"	1
"M1"	"Hyaluronan uptake and degradation"	"Hyaluronan uptake and degradation"	"1/289"	"12/7644"	0.370498901053168	0.698718648232401	0.583241513274783	"LYVE1"	1
"M1"	"PECAM1 interactions"	"PECAM1 interactions"	"1/289"	"12/7644"	0.370498901053168	0.698718648232401	0.583241513274783	"ITGB3"	1
"M1"	"Tandem pore domain potassium channels"	"Tandem pore domain potassium channels"	"1/289"	"12/7644"	0.370498901053168	0.698718648232401	0.583241513274783	"KCNK13"	1
"M1"	"Dissolution of Fibrin Clot"	"Dissolution of Fibrin Clot"	"1/289"	"13/7644"	0.394336141304168	0.728362049232405	0.607985753465869	"SERPINF2"	1
"M1"	"Downregulation of ERBB2:ERBB3 signaling"	"Downregulation of ERBB2:ERBB3 signaling"	"1/289"	"13/7644"	0.394336141304168	0.728362049232405	0.607985753465869	"NRG1"	1
"M1"	"Platelet Adhesion to exposed collagen"	"Platelet Adhesion to exposed collagen"	"1/289"	"13/7644"	0.394336141304168	0.728362049232405	0.607985753465869	"GP6"	1
"M1"	"Resolution of AP sites via the single-nucleotide replacement pathway"	"Resolution of AP sites via the single-nucleotide replacement pathway"	"1/289"	"13/7644"	0.394336141304168	0.728362049232405	0.607985753465869	"CCNO"	1
"M1"	"Signaling by Activin"	"Signaling by Activin"	"1/289"	"13/7644"	0.394336141304168	0.728362049232405	0.607985753465869	"ACVR1C"	1
"M1"	"Synthesis, secretion, and inactivation of Glucose-dependent Insulinotropic Polypeptide (GIP)"	"Synthesis, secretion, and inactivation of Glucose-dependent Insulinotropic Polypeptide (GIP)"	"1/289"	"13/7644"	0.394336141304168	0.728362049232405	0.607985753465869	"DPP4"	1
"M1"	"The activation of arylsulfatases"	"The activation of arylsulfatases"	"1/289"	"13/7644"	0.394336141304168	0.728362049232405	0.607985753465869	"ARSJ"	1
"M1"	"Cell-cell junction organization"	"Cell-cell junction organization"	"3/289"	"60/7644"	0.39718374864548	0.729620121222886	0.6090359040714	"CDH12/CDH3/CLDN11"	3
"M1"	"Gamma carboxylation, hypusine formation and arylsulfatase activation"	"Gamma carboxylation, hypusine formation and arylsulfatase activation"	"2/289"	"36/7644"	0.397340894041763	0.729620121222886	0.6090359040714	"ARSJ/EIF5A2"	2
"M1"	"Activation of Rac"	"Activation of Rac"	"1/289"	"14/7644"	0.417273745178247	0.758102385863035	0.632810908749231	"SLIT2"	1
"M1"	"Receptor-ligand binding initiates the second proteolytic cleavage of Notch receptor"	"Receptor-ligand binding initiates the second proteolytic cleavage of Notch receptor"	"1/289"	"14/7644"	0.417273745178247	0.758102385863035	0.632810908749231	"DLL1"	1
"M1"	"Synthesis of Prostaglandins (PG) and Thromboxanes (TX)"	"Synthesis of Prostaglandins (PG) and Thromboxanes (TX)"	"1/289"	"14/7644"	0.417273745178247	0.758102385863035	0.632810908749231	"PTGS2"	1
"M1"	"FCERI mediated Ca+2 mobilization"	"FCERI mediated Ca+2 mobilization"	"3/289"	"62/7644"	0.417680613867213	0.758102385863035	0.632810908749231	"PLCG2/ITPR3/TXK"	3
"M1"	"Transport of vitamins, nucleosides, and related molecules"	"Transport of vitamins, nucleosides, and related molecules"	"2/289"	"38/7644"	0.423976794836708	0.767312470194388	0.640498843709027	"SLC29A4/SLCO4A1"	2
"M1"	"misspliced LRP5 mutants have enhanced beta-catenin-dependent signaling"	"misspliced LRP5 mutants have enhanced beta-catenin-dependent signaling"	"8/289"	"190/7644"	0.429378265880349	0.768232338954015	0.641266685885182	"CAV1/DACT1/TCF7/LEF1/SFRP2/RSPO3/CXXC4/WNT4"	8
"M1"	"RNF mutants show enhanced WNT signaling and proliferation"	"RNF mutants show enhanced WNT signaling and proliferation"	"8/289"	"190/7644"	0.429378265880349	0.768232338954015	0.641266685885182	"CAV1/DACT1/TCF7/LEF1/SFRP2/RSPO3/CXXC4/WNT4"	8
"M1"	"TCF dependent signaling in response to WNT"	"TCF dependent signaling in response to WNT"	"8/289"	"190/7644"	0.429378265880349	0.768232338954015	0.641266685885182	"CAV1/DACT1/TCF7/LEF1/SFRP2/RSPO3/CXXC4/WNT4"	8
"M1"	"XAV939 inhibits tankyrase, stabilizing AXIN"	"XAV939 inhibits tankyrase, stabilizing AXIN"	"8/289"	"190/7644"	0.429378265880349	0.768232338954015	0.641266685885182	"CAV1/DACT1/TCF7/LEF1/SFRP2/RSPO3/CXXC4/WNT4"	8
"M1"	"CREB phosphorylation through the activation of CaMKII"	"CREB phosphorylation through the activation of CaMKII"	"1/289"	"15/7644"	0.439345552208848	0.775025299963923	0.646936975162645	"CAMK2B"	1
"M1"	"Eicosanoid ligand-binding receptors"	"Eicosanoid ligand-binding receptors"	"1/289"	"15/7644"	0.439345552208848	0.775025299963923	0.646936975162645	"CYSLTR2"	1
"M1"	"GRB2:SOS provides linkage to MAPK signaling for Integrins"	"GRB2:SOS provides linkage to MAPK signaling for Integrins"	"1/289"	"15/7644"	0.439345552208848	0.775025299963923	0.646936975162645	"ITGB3"	1
"M1"	"N-Glycan antennae elongation"	"N-Glycan antennae elongation"	"1/289"	"15/7644"	0.439345552208848	0.775025299963923	0.646936975162645	"ST3GAL4"	1
"M1"	"p130Cas linkage to MAPK signaling for integrins"	"p130Cas linkage to MAPK signaling for integrins"	"1/289"	"15/7644"	0.439345552208848	0.775025299963923	0.646936975162645	"ITGB3"	1
"M1"	"Class C/3 (Metabotropic glutamate/pheromone receptors)"	"Class C/3 (Metabotropic glutamate/pheromone receptors)"	"2/289"	"40/7644"	0.449992288011999	0.783866763507856	0.654317211241892	"GPRC6A/GRM1"	2
"M1"	"Uptake and actions of bacterial toxins"	"Uptake and actions of bacterial toxins"	"2/289"	"40/7644"	0.449992288011999	0.783866763507856	0.654317211241892	"CD9/SV2B"	2
"M1"	"PCP/CE pathway"	"PCP/CE pathway"	"4/289"	"91/7644"	0.452843978442978	0.783866763507856	0.654317211241892	"FZD7/WNT11/VANGL2/WNT4"	4
"M1"	"Integrin cell surface interactions"	"Integrin cell surface interactions"	"3/289"	"66/7644"	0.457943195825631	0.783866763507856	0.654317211241892	"SPP1/ITGA7/ITGB3"	3
"M1"	"Acyl chain remodelling of PI"	"Acyl chain remodelling of PI"	"1/289"	"16/7644"	0.46058413333503	0.783866763507856	0.654317211241892	"PLA2G4A"	1
"M1"	"Amine-derived hormones"	"Amine-derived hormones"	"1/289"	"16/7644"	0.46058413333503	0.783866763507856	0.654317211241892	"IYD"	1
"M1"	"Amino acid synthesis and interconversion (transamination)"	"Amino acid synthesis and interconversion (transamination)"	"1/289"	"16/7644"	0.46058413333503	0.783866763507856	0.654317211241892	"PHGDH"	1
"M1"	"CRMPs in Sema3A signaling"	"CRMPs in Sema3A signaling"	"1/289"	"16/7644"	0.46058413333503	0.783866763507856	0.654317211241892	"CRMP1"	1
"M1"	"Hyaluronan metabolism"	"Hyaluronan metabolism"	"1/289"	"16/7644"	0.46058413333503	0.783866763507856	0.654317211241892	"LYVE1"	1
"M1"	"JNK (c-Jun kinases) phosphorylation and  activation mediated by activated human TAK1"	"JNK (c-Jun kinases) phosphorylation and  activation mediated by activated human TAK1"	"1/289"	"16/7644"	0.46058413333503	0.783866763507856	0.654317211241892	"MAPK10"	1
"M1"	"Metabolism of Angiotensinogen to Angiotensins"	"Metabolism of Angiotensinogen to Angiotensins"	"1/289"	"16/7644"	0.46058413333503	0.783866763507856	0.654317211241892	"REN"	1
"M1"	"PKA activation"	"PKA activation"	"1/289"	"16/7644"	0.46058413333503	0.783866763507856	0.654317211241892	"PRKAR2B"	1
"M1"	"Regulation of KIT signaling"	"Regulation of KIT signaling"	"1/289"	"16/7644"	0.46058413333503	0.783866763507856	0.654317211241892	"KIT"	1
"M1"	"Signaling by Retinoic Acid"	"Signaling by Retinoic Acid"	"2/289"	"41/7644"	0.462749830518482	0.785424036663801	0.655617114077394	"ALDH1A3/ADH1C"	2
"M1"	"Transcriptional regulation of pluripotent stem cells"	"Transcriptional regulation of pluripotent stem cells"	"2/289"	"42/7644"	0.475332697216083	0.790788184428941	0.660094729878667	"FGF2/SALL4"	2
"M1"	"Acyl chain remodelling of PG"	"Acyl chain remodelling of PG"	"1/289"	"17/7644"	0.481020838299133	0.790788184428941	0.660094729878667	"PLA2G4A"	1
"M1"	"Acyl chain remodelling of PS"	"Acyl chain remodelling of PS"	"1/289"	"17/7644"	0.481020838299133	0.790788184428941	0.660094729878667	"PLA2G4A"	1
"M1"	"Chylomicron-mediated lipid transport"	"Chylomicron-mediated lipid transport"	"1/289"	"17/7644"	0.481020838299133	0.790788184428941	0.660094729878667	"LDLR"	1
"M1"	"eNOS activation and regulation"	"eNOS activation and regulation"	"1/289"	"17/7644"	0.481020838299133	0.790788184428941	0.660094729878667	"CAV1"	1
"M1"	"Metabolism of nitric oxide"	"Metabolism of nitric oxide"	"1/289"	"17/7644"	0.481020838299133	0.790788184428941	0.660094729878667	"CAV1"	1
"M1"	"PKA activation in glucagon signalling"	"PKA activation in glucagon signalling"	"1/289"	"17/7644"	0.481020838299133	0.790788184428941	0.660094729878667	"PRKAR2B"	1
"M1"	"PKA-mediated phosphorylation of CREB"	"PKA-mediated phosphorylation of CREB"	"1/289"	"17/7644"	0.481020838299133	0.790788184428941	0.660094729878667	"PRKAR2B"	1
"M1"	"Platelet sensitization by LDL"	"Platelet sensitization by LDL"	"1/289"	"17/7644"	0.481020838299133	0.790788184428941	0.660094729878667	"PLA2G4A"	1
"M1"	"Ras activation uopn Ca2+ infux through NMDA receptor"	"Ras activation uopn Ca2+ infux through NMDA receptor"	"1/289"	"17/7644"	0.481020838299133	0.790788184428941	0.660094729878667	"CAMK2B"	1
"M1"	"Synthesis, secretion, and deacylation of Ghrelin"	"Synthesis, secretion, and deacylation of Ghrelin"	"1/289"	"17/7644"	0.481020838299133	0.790788184428941	0.660094729878667	"IGF1"	1
"M1"	"Unblocking of NMDA receptor, glutamate binding and activation"	"Unblocking of NMDA receptor, glutamate binding and activation"	"1/289"	"17/7644"	0.481020838299133	0.790788184428941	0.660094729878667	"CAMK2B"	1
"M1"	"Voltage gated Potassium channels"	"Voltage gated Potassium channels"	"2/289"	"43/7644"	0.487735832897656	0.799733950547593	0.667562030460444	"KCNH2/KCNQ5"	2
"M1"	"Rho GTPase cycle"	"Rho GTPase cycle"	"5/289"	"122/7644"	0.492200911708445	0.800782830447937	0.668437562123823	"RHOD/ARHGAP28/TAGAP/CHN2/DEPDC1B"	5
"M1"	"Signaling by NOTCH"	"Signaling by NOTCH"	"5/289"	"122/7644"	0.492200911708445	0.800782830447937	0.668437562123823	"ST3GAL4/NEURL1/DLL1/HDAC9/DNER"	5
"M1"	"Signaling by Rho GTPases"	"Signaling by Rho GTPases"	"5/289"	"122/7644"	0.492200911708445	0.800782830447937	0.668437562123823	"RHOD/ARHGAP28/TAGAP/CHN2/DEPDC1B"	5
"M1"	"NCAM signaling for neurite out-growth"	"NCAM signaling for neurite out-growth"	"3/289"	"70/7644"	0.496988190033869	0.802119153886607	0.669553031571456	"CACNB2/NCAM1/COL4A5"	3
"M1"	"Oxygen-dependent proline hydroxylation of Hypoxia-inducible Factor Alpha"	"Oxygen-dependent proline hydroxylation of Hypoxia-inducible Factor Alpha"	"1/289"	"18/7644"	0.500685841279538	0.802119153886607	0.669553031571456	"EGLN3"	1
"M1"	"Pre-NOTCH Processing in Golgi"	"Pre-NOTCH Processing in Golgi"	"1/289"	"18/7644"	0.500685841279538	0.802119153886607	0.669553031571456	"ST3GAL4"	1
"M1"	"Removal of DNA patch containing abasic residue"	"Removal of DNA patch containing abasic residue"	"1/289"	"18/7644"	0.500685841279538	0.802119153886607	0.669553031571456	"CCNO"	1
"M1"	"Resolution of AP sites via the multiple-nucleotide patch replacement pathway"	"Resolution of AP sites via the multiple-nucleotide patch replacement pathway"	"1/289"	"18/7644"	0.500685841279538	0.802119153886607	0.669553031571456	"CCNO"	1
"M1"	"Tie2 Signaling"	"Tie2 Signaling"	"1/289"	"18/7644"	0.500685841279538	0.802119153886607	0.669553031571456	"ANGPT1"	1
"M1"	"Antigen activates B Cell Receptor (BCR) leading to generation of second messengers"	"Antigen activates B Cell Receptor (BCR) leading to generation of second messengers"	"2/289"	"45/7644"	0.511985793137635	0.817829423733043	0.682666867279677	"PLCG2/ITPR3"	2
"M1"	"Na+/Cl- dependent neurotransmitter transporters"	"Na+/Cl- dependent neurotransmitter transporters"	"1/289"	"19/7644"	0.519608184824019	0.817829423733043	0.682666867279677	"SLC6A20"	1
"M1"	"Other semaphorin interactions"	"Other semaphorin interactions"	"1/289"	"19/7644"	0.519608184824019	0.817829423733043	0.682666867279677	"SEMA5A"	1
"M1"	"Prostacyclin signalling through prostacyclin receptor"	"Prostacyclin signalling through prostacyclin receptor"	"1/289"	"19/7644"	0.519608184824019	0.817829423733043	0.682666867279677	"GNG11"	1
"M1"	"Scavenging by Class A Receptors"	"Scavenging by Class A Receptors"	"1/289"	"19/7644"	0.519608184824019	0.817829423733043	0.682666867279677	"COLEC12"	1
"M1"	"Signaling by NODAL"	"Signaling by NODAL"	"1/289"	"19/7644"	0.519608184824019	0.817829423733043	0.682666867279677	"ACVR1C"	1
"M1"	"Synthesis of PC"	"Synthesis of PC"	"1/289"	"19/7644"	0.519608184824019	0.817829423733043	0.682666867279677	"SLC44A4"	1
"M1"	"Hexose transport"	"Hexose transport"	"2/289"	"46/7644"	0.523825492119221	0.822406022627177	0.68648709230361	"SLC2A1/SLC5A1"	2
"M1"	"Base Excision Repair"	"Base Excision Repair"	"1/289"	"20/7644"	0.537815822146755	0.828637325146833	0.691688548312308	"CCNO"	1
"M1"	"Chondroitin sulfate biosynthesis"	"Chondroitin sulfate biosynthesis"	"1/289"	"20/7644"	0.537815822146755	0.828637325146833	0.691688548312308	"CSGALNACT1"	1
"M1"	"G beta:gamma signalling through PLC beta"	"G beta:gamma signalling through PLC beta"	"1/289"	"20/7644"	0.537815822146755	0.828637325146833	0.691688548312308	"GNG11"	1
"M1"	"Neurotoxicity of clostridium toxins"	"Neurotoxicity of clostridium toxins"	"1/289"	"20/7644"	0.537815822146755	0.828637325146833	0.691688548312308	"SV2B"	1
"M1"	"N-glycan antennae elongation in the medial/trans-Golgi"	"N-glycan antennae elongation in the medial/trans-Golgi"	"1/289"	"20/7644"	0.537815822146755	0.828637325146833	0.691688548312308	"ST3GAL4"	1
"M1"	"Resolution of Abasic Sites (AP sites)"	"Resolution of Abasic Sites (AP sites)"	"1/289"	"20/7644"	0.537815822146755	0.828637325146833	0.691688548312308	"CCNO"	1
"M1"	"Synthesis, secretion, and inactivation of Glucagon-like Peptide-1 (GLP-1)"	"Synthesis, secretion, and inactivation of Glucagon-like Peptide-1 (GLP-1)"	"1/289"	"20/7644"	0.537815822146755	0.828637325146833	0.691688548312308	"DPP4"	1
"M1"	"G alpha (i) signalling events"	"G alpha (i) signalling events"	"9/289"	"236/7644"	0.538350364108134	0.828637325146833	0.691688548312308	"GNG11/BDKRB2/OXGR1/HCAR1/CCL21/BDKRB1/RGS4/HCAR2/SST"	9
"M1"	"Complement cascade"	"Complement cascade"	"3/289"	"75/7644"	0.543728342846666	0.834868946962607	0.696890270847098	"C6/C4BPB/C9"	3
"M1"	"Aflatoxin activation and detoxification"	"Aflatoxin activation and detoxification"	"1/289"	"21/7644"	0.555335657849744	0.838343252715479	0.69979037856572	"CYP3A5"	1
"M1"	"CD28 dependent PI3K/Akt signaling"	"CD28 dependent PI3K/Akt signaling"	"1/289"	"21/7644"	0.555335657849744	0.838343252715479	0.69979037856572	"TRIB3"	1
"M1"	"Defective ACY1 causes encephalopathy"	"Defective ACY1 causes encephalopathy"	"1/289"	"21/7644"	0.555335657849744	0.838343252715479	0.69979037856572	"CYP3A5"	1
"M1"	"ERK/MAPK targets"	"ERK/MAPK targets"	"1/289"	"21/7644"	0.555335657849744	0.838343252715479	0.69979037856572	"DUSP4"	1
"M1"	"Peroxisomal lipid metabolism"	"Peroxisomal lipid metabolism"	"1/289"	"21/7644"	0.555335657849744	0.838343252715479	0.69979037856572	"AMACR"	1
"M1"	"Presynaptic function of Kainate receptors"	"Presynaptic function of Kainate receptors"	"1/289"	"21/7644"	0.555335657849744	0.838343252715479	0.69979037856572	"GNG11"	1
"M1"	"regulation of FZD by ubiquitination"	"regulation of FZD by ubiquitination"	"1/289"	"21/7644"	0.555335657849744	0.838343252715479	0.69979037856572	"RSPO3"	1
"M1"	"GPVI-mediated activation cascade"	"GPVI-mediated activation cascade"	"2/289"	"49/7644"	0.55817153417208	0.840603653381453	0.701677203124311	"PLCG2/GP6"	2
"M1"	"VEGFA-VEGFR2 Pathway"	"VEGFA-VEGFR2 Pathway"	"4/289"	"105/7644"	0.56558228893772	0.845500171096071	0.705764474029238	"CAV1/TRIB3/ITPR3/ITGB3"	4
"M1"	"Programmed Cell Death"	"Programmed Cell Death"	"6/289"	"160/7644"	0.567155482164042	0.845500171096071	0.705764474029238	"MAPT/PMAIP1/GAS2/DAPK1/DAPK2/PRKCQ"	6
"M1"	"Transcriptional regulation of white adipocyte differentiation"	"Transcriptional regulation of white adipocyte differentiation"	"3/289"	"78/7644"	0.570539195869512	0.845500171096071	0.705764474029238	"CD36/ANGPTL4/FABP4"	3
"M1"	"ADP signalling through P2Y purinoceptor 12"	"ADP signalling through P2Y purinoceptor 12"	"1/289"	"22/7644"	0.572193587127118	0.845500171096071	0.705764474029238	"GNG11"	1
"M1"	"Cholesterol biosynthesis"	"Cholesterol biosynthesis"	"1/289"	"22/7644"	0.572193587127118	0.845500171096071	0.705764474029238	"TM7SF2"	1
"M1"	"Common Pathway"	"Common Pathway"	"1/289"	"22/7644"	0.572193587127118	0.845500171096071	0.705764474029238	"F5"	1
"M1"	"POU5F1 (OCT4), SOX2, NANOG activate genes related to proliferation"	"POU5F1 (OCT4), SOX2, NANOG activate genes related to proliferation"	"1/289"	"22/7644"	0.572193587127118	0.845500171096071	0.705764474029238	"FGF2"	1
"M1"	"The canonical retinoid cycle in rods (twilight vision)"	"The canonical retinoid cycle in rods (twilight vision)"	"1/289"	"22/7644"	0.572193587127118	0.845500171096071	0.705764474029238	"RBP1"	1
"M1"	"Amyloids"	"Amyloids"	"2/289"	"51/7644"	0.580073857164709	0.85513235281558	0.713804746399864	"SNCA/CALCA"	2
"M1"	"Acyl chain remodelling of PE"	"Acyl chain remodelling of PE"	"1/289"	"23/7644"	0.58841453350868	0.861362067700352	0.719004877161876	"PLA2G4A"	1
"M1"	"Incretin synthesis, secretion, and inactivation"	"Incretin synthesis, secretion, and inactivation"	"1/289"	"23/7644"	0.58841453350868	0.861362067700352	0.719004877161876	"DPP4"	1
"M1"	"Thromboxane signalling through TP receptor"	"Thromboxane signalling through TP receptor"	"1/289"	"23/7644"	0.58841453350868	0.861362067700352	0.719004877161876	"GNG11"	1
"M1"	"Synthesis of substrates in N-glycan biosythesis"	"Synthesis of substrates in N-glycan biosythesis"	"2/289"	"52/7644"	0.590723366956732	0.862730870811228	0.720147458370753	"ST3GAL4/ST8SIA5"	2
"M1"	"DARPP-32 events"	"DARPP-32 events"	"1/289"	"24/7644"	0.604022485196909	0.876041849200136	0.731258533190861	"PRKAR2B"	1
"M1"	"Nuclear Events (kinase and transcription factor activation)"	"Nuclear Events (kinase and transcription factor activation)"	"1/289"	"24/7644"	0.604022485196909	0.876041849200136	0.731258533190861	"DUSP4"	1
"M1"	"Pyrimidine metabolism"	"Pyrimidine metabolism"	"1/289"	"24/7644"	0.604022485196909	0.876041849200136	0.731258533190861	"CDA"	1
"M1"	"PPARA activates gene expression"	"PPARA activates gene expression"	"4/289"	"111/7644"	0.609852837197277	0.879541748577369	0.734180004679064	"G0S2/CD36/TRIB3/ANGPTL4"	4
"M1"	"Peptide hormone metabolism"	"Peptide hormone metabolism"	"3/289"	"83/7644"	0.613003685210299	0.879541748577369	0.734180004679064	"IGF1/DPP4/REN"	3
"M1"	"Activation of BH3-only proteins"	"Activation of BH3-only proteins"	"1/289"	"25/7644"	0.619040530049677	0.879541748577369	0.734180004679064	"PMAIP1"	1
"M1"	"Activation of G protein gated Potassium channels"	"Activation of G protein gated Potassium channels"	"1/289"	"25/7644"	0.619040530049677	0.879541748577369	0.734180004679064	"KCNJ15"	1
"M1"	"Acyl chain remodelling of PC"	"Acyl chain remodelling of PC"	"1/289"	"25/7644"	0.619040530049677	0.879541748577369	0.734180004679064	"PLA2G4A"	1
"M1"	"Cellular response to hypoxia"	"Cellular response to hypoxia"	"1/289"	"25/7644"	0.619040530049677	0.879541748577369	0.734180004679064	"EGLN3"	1
"M1"	"G protein gated Potassium channels"	"G protein gated Potassium channels"	"1/289"	"25/7644"	0.619040530049677	0.879541748577369	0.734180004679064	"KCNJ15"	1
"M1"	"Inhibition  of voltage gated Ca2+ channels via Gbeta/gamma subunits"	"Inhibition  of voltage gated Ca2+ channels via Gbeta/gamma subunits"	"1/289"	"25/7644"	0.619040530049677	0.879541748577369	0.734180004679064	"KCNJ15"	1
"M1"	"Regulation of Hypoxia-inducible Factor (HIF) by oxygen"	"Regulation of Hypoxia-inducible Factor (HIF) by oxygen"	"1/289"	"25/7644"	0.619040530049677	0.879541748577369	0.734180004679064	"EGLN3"	1
"M1"	"Chemokine receptors bind chemokines"	"Chemokine receptors bind chemokines"	"2/289"	"55/7644"	0.621462109147065	0.880989175043694	0.735388215172243	"CCRL2/CCL21"	2
"M1"	"Signaling by VEGF"	"Signaling by VEGF"	"4/289"	"113/7644"	0.623982781612599	0.882570240659261	0.736707978290835	"CAV1/TRIB3/ITPR3/ITGB3"	4
"M1"	"Cell junction organization"	"Cell junction organization"	"3/289"	"85/7644"	0.629183017487535	0.884071729899192	0.737961316610455	"CDH12/CDH3/CLDN11"	3
"M1"	"Orphan transporters"	"Orphan transporters"	"4/289"	"114/7644"	0.630925899722797	0.884071729899192	0.737961316610455	"ANO4/TUBB2B/SLC5A1/TUBB3"	4
"M1"	"Regulation of lipid metabolism by Peroxisome proliferator-activated receptor alpha (PPARalpha)"	"Regulation of lipid metabolism by Peroxisome proliferator-activated receptor alpha (PPARalpha)"	"4/289"	"114/7644"	0.630925899722797	0.884071729899192	0.737961316610455	"G0S2/CD36/TRIB3/ANGPTL4"	4
"M1"	"MAP kinase activation in TLR cascade"	"MAP kinase activation in TLR cascade"	"2/289"	"56/7644"	0.631305953203123	0.884071729899192	0.737961316610455	"DUSP4/MAPK10"	2
"M1"	"Downregulation of TGF-beta receptor signaling"	"Downregulation of TGF-beta receptor signaling"	"1/289"	"26/7644"	0.633490889258975	0.884071729899192	0.737961316610455	"BAMBI"	1
"M1"	"Ligand-gated ion channel transport"	"Ligand-gated ion channel transport"	"1/289"	"26/7644"	0.633490889258975	0.884071729899192	0.737961316610455	"GLRB"	1
"M1"	"CREB phosphorylation through the activation of Ras"	"CREB phosphorylation through the activation of Ras"	"1/289"	"27/7644"	0.647394949774091	0.88478812278034	0.738559311338601	"CAMK2B"	1
"M1"	"Integrin alphaIIb beta3 signaling"	"Integrin alphaIIb beta3 signaling"	"1/289"	"27/7644"	0.647394949774091	0.88478812278034	0.738559311338601	"ITGB3"	1
"M1"	"Recycling pathway of L1"	"Recycling pathway of L1"	"1/289"	"27/7644"	0.647394949774091	0.88478812278034	0.738559311338601	"L1CAM"	1
"M1"	"formation of the beta-catenin:TCF transactivating complex"	"formation of the beta-catenin:TCF transactivating complex"	"2/289"	"58/7644"	0.650394308675755	0.88478812278034	0.738559311338601	"TCF7/LEF1"	2
"M1"	"Defective AHCY causes Hypermethioninemia with S-adenosylhomocysteine hydrolase deficiency (HMAHCHD)"	"Defective AHCY causes Hypermethioninemia with S-adenosylhomocysteine hydrolase deficiency (HMAHCHD)"	"3/289"	"89/7644"	0.660126578569151	0.88478812278034	0.738559311338601	"GSTM3/GSTM2/GSTM1"	3
"M1"	"Defective GCLC causes Hemolytic anemia due to gamma-glutamylcysteine synthetase deficiency (HAGGSD)"	"Defective GCLC causes Hemolytic anemia due to gamma-glutamylcysteine synthetase deficiency (HAGGSD)"	"3/289"	"89/7644"	0.660126578569151	0.88478812278034	0.738559311338601	"GSTM3/GSTM2/GSTM1"	3
"M1"	"Defective GGT1 causes Glutathionuria (GLUTH)"	"Defective GGT1 causes Glutathionuria (GLUTH)"	"3/289"	"89/7644"	0.660126578569151	0.88478812278034	0.738559311338601	"GSTM3/GSTM2/GSTM1"	3
"M1"	"Defective GSS causes Glutathione synthetase deficiency (GSS deficiency)"	"Defective GSS causes Glutathione synthetase deficiency (GSS deficiency)"	"3/289"	"89/7644"	0.660126578569151	0.88478812278034	0.738559311338601	"GSTM3/GSTM2/GSTM1"	3
"M1"	"Defective MAT1A causes Methionine adenosyltransferase deficiency (MATD)"	"Defective MAT1A causes Methionine adenosyltransferase deficiency (MATD)"	"3/289"	"89/7644"	0.660126578569151	0.88478812278034	0.738559311338601	"GSTM3/GSTM2/GSTM1"	3
"M1"	"Defective OPLAH causes 5-oxoprolinase deficiency (OPLAHD)"	"Defective OPLAH causes 5-oxoprolinase deficiency (OPLAHD)"	"3/289"	"89/7644"	0.660126578569151	0.88478812278034	0.738559311338601	"GSTM3/GSTM2/GSTM1"	3
"M1"	"Defective SLC35D1 causes Schneckenbecken dysplasia (SCHBCKD)"	"Defective SLC35D1 causes Schneckenbecken dysplasia (SCHBCKD)"	"3/289"	"89/7644"	0.660126578569151	0.88478812278034	0.738559311338601	"GSTM3/GSTM2/GSTM1"	3
"M1"	"Defective TPMT causes Thiopurine S-methyltransferase deficiency (TPMT deficiency)"	"Defective TPMT causes Thiopurine S-methyltransferase deficiency (TPMT deficiency)"	"3/289"	"89/7644"	0.660126578569151	0.88478812278034	0.738559311338601	"GSTM3/GSTM2/GSTM1"	3
"M1"	"Defective UGT1A1 causes hyperbilirubinemia"	"Defective UGT1A1 causes hyperbilirubinemia"	"3/289"	"89/7644"	0.660126578569151	0.88478812278034	0.738559311338601	"GSTM3/GSTM2/GSTM1"	3
"M1"	"Defective UGT1A4 causes hyperbilirubinemia"	"Defective UGT1A4 causes hyperbilirubinemia"	"3/289"	"89/7644"	0.660126578569151	0.88478812278034	0.738559311338601	"GSTM3/GSTM2/GSTM1"	3
"M1"	"Phase II conjugation"	"Phase II conjugation"	"3/289"	"89/7644"	0.660126578569151	0.88478812278034	0.738559311338601	"GSTM3/GSTM2/GSTM1"	3
"M1"	"G-protein activation"	"G-protein activation"	"1/289"	"28/7644"	0.660773295515891	0.88478812278034	0.738559311338601	"GNG11"	1
"M1"	"PD-1 signaling"	"PD-1 signaling"	"1/289"	"28/7644"	0.660773295515891	0.88478812278034	0.738559311338601	"CD274"	1
"M1"	"PKB-mediated events"	"PKB-mediated events"	"1/289"	"28/7644"	0.660773295515891	0.88478812278034	0.738559311338601	"PDE3B"	1
"M1"	"Synthesis of PA"	"Synthesis of PA"	"1/289"	"28/7644"	0.660773295515891	0.88478812278034	0.738559311338601	"PLA2G4A"	1
"M1"	"Association of TriC/CCT with target proteins during biosynthesis"	"Association of TriC/CCT with target proteins during biosynthesis"	"1/289"	"29/7644"	0.673645737427118	0.896291362508962	0.748161412218343	"KIFC3"	1
"M1"	"CDO in myogenesis"	"CDO in myogenesis"	"1/289"	"29/7644"	0.673645737427118	0.896291362508962	0.748161412218343	"CTNNA2"	1
"M1"	"Myogenesis"	"Myogenesis"	"1/289"	"29/7644"	0.673645737427118	0.896291362508962	0.748161412218343	"CTNNA2"	1
"M1"	"Glutamate Binding, Activation of AMPA Receptors and Synaptic Plasticity"	"Glutamate Binding, Activation of AMPA Receptors and Synaptic Plasticity"	"1/289"	"30/7644"	0.686031342401979	0.903436387920583	0.754125580262237	"CAMK2B"	1
"M1"	"Lipoprotein metabolism"	"Lipoprotein metabolism"	"1/289"	"30/7644"	0.686031342401979	0.903436387920583	0.754125580262237	"LDLR"	1
"M1"	"Tight junction interactions"	"Tight junction interactions"	"1/289"	"30/7644"	0.686031342401979	0.903436387920583	0.754125580262237	"CLDN11"	1
"M1"	"Trafficking of AMPA receptors"	"Trafficking of AMPA receptors"	"1/289"	"30/7644"	0.686031342401979	0.903436387920583	0.754125580262237	"CAMK2B"	1
"M1"	"Role of phospholipids in phagocytosis"	"Role of phospholipids in phagocytosis"	"2/289"	"62/7644"	0.686208848786813	0.903436387920583	0.754125580262237	"PLCG2/ITPR3"	2
"M1"	"Asymmetric localization of PCP proteins"	"Asymmetric localization of PCP proteins"	"2/289"	"63/7644"	0.694679789339452	0.904048576464944	0.754636592490013	"FZD7/VANGL2"	2
"M1"	"Toll Like Receptor 4 (TLR4) Cascade"	"Toll Like Receptor 4 (TLR4) Cascade"	"4/289"	"124/7644"	0.695749748905136	0.904048576464944	0.754636592490013	"PLCG2/CD36/DUSP4/MAPK10"	4
"M1"	"disassembly of the destruction complex and recruitment of AXIN to the membrane"	"disassembly of the destruction complex and recruitment of AXIN to the membrane"	"1/289"	"31/7644"	0.697948461136655	0.904048576464944	0.754636592490013	"CAV1"	1
"M1"	"Gluconeogenesis"	"Gluconeogenesis"	"1/289"	"31/7644"	0.697948461136655	0.904048576464944	0.754636592490013	"ALDOC"	1
"M1"	"Factors involved in megakaryocyte development and platelet production"	"Factors involved in megakaryocyte development and platelet production"	"4/289"	"125/7644"	0.701763900665971	0.904048576464944	0.754636592490013	"GATA2/CABLES1/DOCK3/PRKAR2B"	4
"M1"	"Collagen biosynthesis and modifying enzymes"	"Collagen biosynthesis and modifying enzymes"	"2/289"	"64/7644"	0.702961494333325	0.904048576464944	0.754636592490013	"ADAMTS3/COL4A5"	2
"M1"	"CD28 co-stimulation"	"CD28 co-stimulation"	"1/289"	"32/7644"	0.709414754940873	0.904048576464944	0.754636592490013	"TRIB3"	1
"M1"	"Signaling by Robo receptor"	"Signaling by Robo receptor"	"1/289"	"32/7644"	0.709414754940873	0.904048576464944	0.754636592490013	"SLIT2"	1
"M1"	"Sphingolipid de novo biosynthesis"	"Sphingolipid de novo biosynthesis"	"1/289"	"32/7644"	0.709414754940873	0.904048576464944	0.754636592490013	"SPTLC3"	1
"M1"	"TGF-beta receptor signaling activates SMADs"	"TGF-beta receptor signaling activates SMADs"	"1/289"	"32/7644"	0.709414754940873	0.904048576464944	0.754636592490013	"BAMBI"	1
"M1"	"Thrombin signalling through proteinase activated receptors (PARs)"	"Thrombin signalling through proteinase activated receptors (PARs)"	"1/289"	"32/7644"	0.709414754940873	0.904048576464944	0.754636592490013	"GNG11"	1
"M1"	"VEGFR2 mediated cell proliferation"	"VEGFR2 mediated cell proliferation"	"1/289"	"32/7644"	0.709414754940873	0.904048576464944	0.754636592490013	"ITPR3"	1
"M1"	"MyD88:Mal cascade initiated on plasma membrane"	"MyD88:Mal cascade initiated on plasma membrane"	"3/289"	"96/7644"	0.709706923880919	0.904048576464944	0.754636592490013	"CD36/DUSP4/MAPK10"	3
"M1"	"Toll Like Receptor 2 (TLR2) Cascade"	"Toll Like Receptor 2 (TLR2) Cascade"	"3/289"	"96/7644"	0.709706923880919	0.904048576464944	0.754636592490013	"CD36/DUSP4/MAPK10"	3
"M1"	"Toll Like Receptor TLR1:TLR2 Cascade"	"Toll Like Receptor TLR1:TLR2 Cascade"	"3/289"	"96/7644"	0.709706923880919	0.904048576464944	0.754636592490013	"CD36/DUSP4/MAPK10"	3
"M1"	"Toll Like Receptor TLR6:TLR2 Cascade"	"Toll Like Receptor TLR6:TLR2 Cascade"	"3/289"	"96/7644"	0.709706923880919	0.904048576464944	0.754636592490013	"CD36/DUSP4/MAPK10"	3
"M1"	"Metabolism of steroid hormones and vitamin D"	"Metabolism of steroid hormones and vitamin D"	"1/289"	"33/7644"	0.720447221549134	0.912179143413017	0.761423421756089	"CYP11A1"	1
"M1"	"Purine metabolism"	"Purine metabolism"	"1/289"	"33/7644"	0.720447221549134	0.912179143413017	0.761423421756089	"GDA"	1
"M1"	"Steroid hormones"	"Steroid hormones"	"1/289"	"33/7644"	0.720447221549134	0.912179143413017	0.761423421756089	"CYP11A1"	1
"M1"	"Biosynthesis of the N-glycan precursor (dolichol lipid-linked oligosaccharide, LLO) and transfer to a nascent protein"	"Biosynthesis of the N-glycan precursor (dolichol lipid-linked oligosaccharide, LLO) and transfer to a nascent protein"	"2/289"	"67/7644"	0.726693181078031	0.918236051744473	0.7664793056801	"ST3GAL4/ST8SIA5"	2
"M1"	"HSF1-dependent transactivation"	"HSF1-dependent transactivation"	"1/289"	"35/7644"	0.741275494401025	0.931462336586855	0.777519684244475	"CAMK2B"	1
"M1"	"Post NMDA receptor activation events"	"Post NMDA receptor activation events"	"1/289"	"35/7644"	0.741275494401025	0.931462336586855	0.777519684244475	"CAMK2B"	1
"M1"	"Glucose metabolism"	"Glucose metabolism"	"2/289"	"69/7644"	0.74161014059463	0.931462336586855	0.777519684244475	"PFKFB3/ALDOC"	2
"M1"	"Transport to the Golgi and subsequent modification"	"Transport to the Golgi and subsequent modification"	"1/289"	"36/7644"	0.751102197268433	0.938679505739776	0.783544072843461	"ST3GAL4"	1
"M1"	"Sphingolipid metabolism"	"Sphingolipid metabolism"	"2/289"	"71/7644"	0.755827358213769	0.938679505739776	0.783544072843461	"ARSJ/SPTLC3"	2
"M1"	"Platelet Aggregation (Plug Formation)"	"Platelet Aggregation (Plug Formation)"	"1/289"	"37/7644"	0.760556911383762	0.938679505739776	0.783544072843461	"ITGB3"	1
"M1"	"Costimulation by the CD28 family"	"Costimulation by the CD28 family"	"2/289"	"73/7644"	0.769366152332102	0.938679505739776	0.783544072843461	"TRIB3/CD274"	2
"M1"	"Intrinsic Pathway for Apoptosis"	"Intrinsic Pathway for Apoptosis"	"1/289"	"38/7644"	0.769653671290439	0.938679505739776	0.783544072843461	"PMAIP1"	1
"M1"	"Activation of GABAB receptors"	"Activation of GABAB receptors"	"1/289"	"39/7644"	0.778405983806487	0.938679505739776	0.783544072843461	"KCNJ15"	1
"M1"	"Activation of NMDA receptor upon glutamate binding and postsynaptic events"	"Activation of NMDA receptor upon glutamate binding and postsynaptic events"	"1/289"	"39/7644"	0.778405983806487	0.938679505739776	0.783544072843461	"CAMK2B"	1
"M1"	"Formation of Fibrin Clot (Clotting Cascade)"	"Formation of Fibrin Clot (Clotting Cascade)"	"1/289"	"39/7644"	0.778405983806487	0.938679505739776	0.783544072843461	"F5"	1
"M1"	"GABA B receptor activation"	"GABA B receptor activation"	"1/289"	"39/7644"	0.778405983806487	0.938679505739776	0.783544072843461	"KCNJ15"	1
"M1"	"Glycosphingolipid metabolism"	"Glycosphingolipid metabolism"	"1/289"	"39/7644"	0.778405983806487	0.938679505739776	0.783544072843461	"ARSJ"	1
"M1"	"Neurotransmitter Receptor Binding And Downstream Transmission In The  Postsynaptic Cell"	"Neurotransmitter Receptor Binding And Downstream Transmission In The  Postsynaptic Cell"	"4/289"	"140/7644"	0.78180747695183	0.938679505739776	0.783544072843461	"NCALD/GNG11/KCNJ15/CAMK2B"	4
"M1"	"TRAF6 Mediated Induction of proinflammatory cytokines"	"TRAF6 Mediated Induction of proinflammatory cytokines"	"2/289"	"75/7644"	0.782248537735153	0.938679505739776	0.783544072843461	"DUSP4/MAPK10"	2
"M1"	"Glucose transport"	"Glucose transport"	"1/289"	"40/7644"	0.786826847801218	0.938679505739776	0.783544072843461	"SLC2A1"	1
"M1"	"Interleukin-1 signaling"	"Interleukin-1 signaling"	"1/289"	"40/7644"	0.786826847801218	0.938679505739776	0.783544072843461	"IL1R1"	1
"M1"	"Binding and Uptake of Ligands by Scavenger Receptors"	"Binding and Uptake of Ligands by Scavenger Receptors"	"2/289"	"76/7644"	0.788450592557554	0.938679505739776	0.783544072843461	"CD36/COLEC12"	2
"M1"	"FCERI mediated MAPK activation"	"FCERI mediated MAPK activation"	"2/289"	"77/7644"	0.794497005961897	0.938679505739776	0.783544072843461	"PLCG2/MAPK10"	2
"M1"	"Activation of gene expression by SREBF (SREBP)"	"Activation of gene expression by SREBF (SREBP)"	"1/289"	"41/7644"	0.794928773233286	0.938679505739776	0.783544072843461	"TM7SF2"	1
"M1"	"Toll-Like Receptors Cascades"	"Toll-Like Receptors Cascades"	"4/289"	"144/7644"	0.800029109500926	0.938679505739776	0.783544072843461	"PLCG2/CD36/DUSP4/MAPK10"	4
"M1"	"Metabolism of nucleotides"	"Metabolism of nucleotides"	"2/289"	"78/7644"	0.800390632543275	0.938679505739776	0.783544072843461	"CDA/GDA"	2
"M1"	"Activated TLR4 signalling"	"Activated TLR4 signalling"	"3/289"	"115/7644"	0.81621850145483	0.938679505739776	0.783544072843461	"CD36/DUSP4/MAPK10"	3
"M1"	"Apoptosis"	"Apoptosis"	"4/289"	"148/7644"	0.817006520745387	0.938679505739776	0.783544072843461	"MAPT/PMAIP1/GAS2/PRKCQ"	4
"M1"	"AMER1 mutants destabilize the destruction complex"	"AMER1 mutants destabilize the destruction complex"	"2/289"	"82/7644"	0.822494524512423	0.938679505739776	0.783544072843461	"TCF7/LEF1"	2
"M1"	"APC truncation mutants are not K63 polyubiquitinated"	"APC truncation mutants are not K63 polyubiquitinated"	"2/289"	"82/7644"	0.822494524512423	0.938679505739776	0.783544072843461	"TCF7/LEF1"	2
"M1"	"APC truncation mutants have impaired AXIN binding"	"APC truncation mutants have impaired AXIN binding"	"2/289"	"82/7644"	0.822494524512423	0.938679505739776	0.783544072843461	"TCF7/LEF1"	2
"M1"	"AXIN missense mutants destabilize the destruction complex"	"AXIN missense mutants destabilize the destruction complex"	"2/289"	"82/7644"	0.822494524512423	0.938679505739776	0.783544072843461	"TCF7/LEF1"	2
"M1"	"AXIN mutants destabilize the destruction complex, activating WNT signaling"	"AXIN mutants destabilize the destruction complex, activating WNT signaling"	"2/289"	"82/7644"	0.822494524512423	0.938679505739776	0.783544072843461	"TCF7/LEF1"	2
"M1"	"Degradation of beta-catenin by the destruction complex"	"Degradation of beta-catenin by the destruction complex"	"2/289"	"82/7644"	0.822494524512423	0.938679505739776	0.783544072843461	"TCF7/LEF1"	2
"M1"	"deletions in the AMER1 gene destabilize the destruction complex"	"deletions in the AMER1 gene destabilize the destruction complex"	"2/289"	"82/7644"	0.822494524512423	0.938679505739776	0.783544072843461	"TCF7/LEF1"	2
"M1"	"deletions in the AXIN genes in hepatocellular carcinoma result in elevated WNT signaling"	"deletions in the AXIN genes in hepatocellular carcinoma result in elevated WNT signaling"	"2/289"	"82/7644"	0.822494524512423	0.938679505739776	0.783544072843461	"TCF7/LEF1"	2
"M1"	"misspliced GSK3beta mutants stabilize beta-catenin"	"misspliced GSK3beta mutants stabilize beta-catenin"	"2/289"	"82/7644"	0.822494524512423	0.938679505739776	0.783544072843461	"TCF7/LEF1"	2
"M1"	"phosphorylation site mutants of CTNNB1 are not targeted to the proteasome by the destruction complex"	"phosphorylation site mutants of CTNNB1 are not targeted to the proteasome by the destruction complex"	"2/289"	"82/7644"	0.822494524512423	0.938679505739776	0.783544072843461	"TCF7/LEF1"	2
"M1"	"S33 mutants of beta-catenin aren't phosphorylated"	"S33 mutants of beta-catenin aren't phosphorylated"	"2/289"	"82/7644"	0.822494524512423	0.938679505739776	0.783544072843461	"TCF7/LEF1"	2
"M1"	"S37 mutants of beta-catenin aren't phosphorylated"	"S37 mutants of beta-catenin aren't phosphorylated"	"2/289"	"82/7644"	0.822494524512423	0.938679505739776	0.783544072843461	"TCF7/LEF1"	2
"M1"	"S45 mutants of beta-catenin aren't phosphorylated"	"S45 mutants of beta-catenin aren't phosphorylated"	"2/289"	"82/7644"	0.822494524512423	0.938679505739776	0.783544072843461	"TCF7/LEF1"	2
"M1"	"T41 mutants of beta-catenin aren't phosphorylated"	"T41 mutants of beta-catenin aren't phosphorylated"	"2/289"	"82/7644"	0.822494524512423	0.938679505739776	0.783544072843461	"TCF7/LEF1"	2
"M1"	"TCF7L2 mutants don't bind CTBP"	"TCF7L2 mutants don't bind CTBP"	"2/289"	"82/7644"	0.822494524512423	0.938679505739776	0.783544072843461	"TCF7/LEF1"	2
"M1"	"truncated APC mutants destabilize the destruction complex"	"truncated APC mutants destabilize the destruction complex"	"2/289"	"82/7644"	0.822494524512423	0.938679505739776	0.783544072843461	"TCF7/LEF1"	2
"M1"	"truncations of AMER1 destabilize the destruction complex"	"truncations of AMER1 destabilize the destruction complex"	"2/289"	"82/7644"	0.822494524512423	0.938679505739776	0.783544072843461	"TCF7/LEF1"	2
"M1"	"Asparagine N-linked glycosylation"	"Asparagine N-linked glycosylation"	"3/289"	"118/7644"	0.829602728818079	0.938679505739776	0.783544072843461	"ST3GAL4/ST8SIA5/TUSC3"	3
"M1"	"Defective ALG11 causes ALG11-CDG (CDG-1p)"	"Defective ALG11 causes ALG11-CDG (CDG-1p)"	"3/289"	"118/7644"	0.829602728818079	0.938679505739776	0.783544072843461	"ST3GAL4/ST8SIA5/TUSC3"	3
"M1"	"Defective ALG12 causes ALG12-CDG (CDG-1g)"	"Defective ALG12 causes ALG12-CDG (CDG-1g)"	"3/289"	"118/7644"	0.829602728818079	0.938679505739776	0.783544072843461	"ST3GAL4/ST8SIA5/TUSC3"	3
"M1"	"Defective ALG14 causes congenital myasthenic syndrome (ALG14-CMS)"	"Defective ALG14 causes congenital myasthenic syndrome (ALG14-CMS)"	"3/289"	"118/7644"	0.829602728818079	0.938679505739776	0.783544072843461	"ST3GAL4/ST8SIA5/TUSC3"	3
"M1"	"Defective ALG1 causes ALG1-CDG (CDG-1k)"	"Defective ALG1 causes ALG1-CDG (CDG-1k)"	"3/289"	"118/7644"	0.829602728818079	0.938679505739776	0.783544072843461	"ST3GAL4/ST8SIA5/TUSC3"	3
"M1"	"Defective ALG2 causes ALG2-CDG (CDG-1i)"	"Defective ALG2 causes ALG2-CDG (CDG-1i)"	"3/289"	"118/7644"	0.829602728818079	0.938679505739776	0.783544072843461	"ST3GAL4/ST8SIA5/TUSC3"	3
"M1"	"Defective ALG3 causes ALG3-CDG (CDG-1d)"	"Defective ALG3 causes ALG3-CDG (CDG-1d)"	"3/289"	"118/7644"	0.829602728818079	0.938679505739776	0.783544072843461	"ST3GAL4/ST8SIA5/TUSC3"	3
"M1"	"Defective ALG6 causes ALG6-CDG (CDG-1c)"	"Defective ALG6 causes ALG6-CDG (CDG-1c)"	"3/289"	"118/7644"	0.829602728818079	0.938679505739776	0.783544072843461	"ST3GAL4/ST8SIA5/TUSC3"	3
"M1"	"Defective ALG8 causes ALG8-CDG (CDG-1h)"	"Defective ALG8 causes ALG8-CDG (CDG-1h)"	"3/289"	"118/7644"	0.829602728818079	0.938679505739776	0.783544072843461	"ST3GAL4/ST8SIA5/TUSC3"	3
"M1"	"Defective ALG9 causes ALG9-CDG (CDG-1l)"	"Defective ALG9 causes ALG9-CDG (CDG-1l)"	"3/289"	"118/7644"	0.829602728818079	0.938679505739776	0.783544072843461	"ST3GAL4/ST8SIA5/TUSC3"	3
"M1"	"Defective DPAGT1 causes DPAGT1-CDG (CDG-1j) and CMSTA2"	"Defective DPAGT1 causes DPAGT1-CDG (CDG-1j) and CMSTA2"	"3/289"	"118/7644"	0.829602728818079	0.938679505739776	0.783544072843461	"ST3GAL4/ST8SIA5/TUSC3"	3
"M1"	"Defective MAN1B1 causes MRT15"	"Defective MAN1B1 causes MRT15"	"3/289"	"118/7644"	0.829602728818079	0.938679505739776	0.783544072843461	"ST3GAL4/ST8SIA5/TUSC3"	3
"M1"	"Defective MGAT2 causes MGAT2-CDG (CDG-2a)"	"Defective MGAT2 causes MGAT2-CDG (CDG-2a)"	"3/289"	"118/7644"	0.829602728818079	0.938679505739776	0.783544072843461	"ST3GAL4/ST8SIA5/TUSC3"	3
"M1"	"Defective MOGS causes MOGS-CDG (CDG-2b)"	"Defective MOGS causes MOGS-CDG (CDG-2b)"	"3/289"	"118/7644"	0.829602728818079	0.938679505739776	0.783544072843461	"ST3GAL4/ST8SIA5/TUSC3"	3
"M1"	"Defective MPDU1 causes MPDU1-CDG (CDG-1f)"	"Defective MPDU1 causes MPDU1-CDG (CDG-1f)"	"3/289"	"118/7644"	0.829602728818079	0.938679505739776	0.783544072843461	"ST3GAL4/ST8SIA5/TUSC3"	3
"M1"	"Defective RFT1 causes RFT1-CDG (CDG-1n)"	"Defective RFT1 causes RFT1-CDG (CDG-1n)"	"3/289"	"118/7644"	0.829602728818079	0.938679505739776	0.783544072843461	"ST3GAL4/ST8SIA5/TUSC3"	3
"M1"	"Diseases associated with N-glycosylation of proteins"	"Diseases associated with N-glycosylation of proteins"	"3/289"	"118/7644"	0.829602728818079	0.938679505739776	0.783544072843461	"ST3GAL4/ST8SIA5/TUSC3"	3
"M1"	"Downstream TCR signaling"	"Downstream TCR signaling"	"1/289"	"46/7644"	0.831060199349228	0.938679505739776	0.783544072843461	"PRKCQ"	1
"M1"	"NOTCH1 Intracellular Domain Regulates Transcription"	"NOTCH1 Intracellular Domain Regulates Transcription"	"1/289"	"47/7644"	0.837486048571139	0.93940370521808	0.784148583973523	"HDAC9"	1
"M1"	"Hedgehog 'on' state"	"Hedgehog 'on' state"	"2/289"	"85/7644"	0.837608217991343	0.93940370521808	0.784148583973523	"EVC/EVC2"	2
"M1"	"Collagen formation"	"Collagen formation"	"2/289"	"86/7644"	0.842382306457516	0.93940370521808	0.784148583973523	"ADAMTS3/COL4A5"	2
"M1"	"MyD88 cascade initiated on plasma membrane"	"MyD88 cascade initiated on plasma membrane"	"2/289"	"86/7644"	0.842382306457516	0.93940370521808	0.784148583973523	"DUSP4/MAPK10"	2
"M1"	"Toll Like Receptor 10 (TLR10) Cascade"	"Toll Like Receptor 10 (TLR10) Cascade"	"2/289"	"86/7644"	0.842382306457516	0.93940370521808	0.784148583973523	"DUSP4/MAPK10"	2
"M1"	"Toll Like Receptor 5 (TLR5) Cascade"	"Toll Like Receptor 5 (TLR5) Cascade"	"2/289"	"86/7644"	0.842382306457516	0.93940370521808	0.784148583973523	"DUSP4/MAPK10"	2
"M1"	"TRAF6 mediated induction of NFkB and MAP kinases upon TLR7/8 or 9 activation"	"TRAF6 mediated induction of NFkB and MAP kinases upon TLR7/8 or 9 activation"	"2/289"	"86/7644"	0.842382306457516	0.93940370521808	0.784148583973523	"DUSP4/MAPK10"	2
"M1"	"G beta:gamma signalling through PI3Kgamma"	"G beta:gamma signalling through PI3Kgamma"	"1/289"	"48/7644"	0.843668295769104	0.93940370521808	0.784148583973523	"GNG11"	1
"M1"	"Glycerophospholipid biosynthesis"	"Glycerophospholipid biosynthesis"	"2/289"	"88/7644"	0.851551479557856	0.943164601697237	0.787287917608488	"PLA2G4A/SLC44A4"	2
"M1"	"MyD88 dependent cascade initiated on endosome"	"MyD88 dependent cascade initiated on endosome"	"2/289"	"88/7644"	0.851551479557856	0.943164601697237	0.787287917608488	"DUSP4/MAPK10"	2
"M1"	"Toll Like Receptor 7/8 (TLR7/8) Cascade"	"Toll Like Receptor 7/8 (TLR7/8) Cascade"	"2/289"	"88/7644"	0.851551479557856	0.943164601697237	0.787287917608488	"DUSP4/MAPK10"	2
"M1"	"Degradation of the extracellular matrix"	"Degradation of the extracellular matrix"	"2/289"	"89/7644"	0.855952051994378	0.946369522275474	0.789963161403262	"SPP1/ADAMTS16"	2
"M1"	"Cargo trafficking to the periciliary membrane"	"Cargo trafficking to the periciliary membrane"	"1/289"	"51/7644"	0.860843745535665	0.946777359363218	0.79030359531157	"CYS1"	1
"M1"	"Cellular response to heat stress"	"Cellular response to heat stress"	"1/289"	"51/7644"	0.860843745535665	0.946777359363218	0.79030359531157	"CAMK2B"	1
"M1"	"G-protein beta:gamma signalling"	"G-protein beta:gamma signalling"	"1/289"	"51/7644"	0.860843745535665	0.946777359363218	0.79030359531157	"GNG11"	1
"M1"	"Oxidative Stress Induced Senescence"	"Oxidative Stress Induced Senescence"	"2/289"	"91/7644"	0.864398683132747	0.949025127635253	0.792179875230232	"TNIK/MAPK10"	2
"M1"	"Interferon gamma signaling"	"Interferon gamma signaling"	"2/289"	"92/7644"	0.868450058030082	0.950150934569497	0.79311962020719	"CAMK2B/NCAM1"	2
"M1"	"Toll Like Receptor 9 (TLR9) Cascade"	"Toll Like Receptor 9 (TLR9) Cascade"	"2/289"	"92/7644"	0.868450058030082	0.950150934569497	0.79311962020719	"DUSP4/MAPK10"	2
"M1"	"Cell-Cell communication"	"Cell-Cell communication"	"3/289"	"130/7644"	0.875099330631795	0.95357829074185	0.795980537696013	"CDH12/CDH3/CLDN11"	3
"M1"	"Assembly of collagen fibrils and other multimeric structures"	"Assembly of collagen fibrils and other multimeric structures"	"1/289"	"54/7644"	0.876138015538292	0.95357829074185	0.795980537696013	"COL4A5"	1
"M1"	"Regulation of cholesterol biosynthesis by SREBP (SREBF)"	"Regulation of cholesterol biosynthesis by SREBP (SREBF)"	"1/289"	"54/7644"	0.876138015538292	0.95357829074185	0.795980537696013	"TM7SF2"	1
"M1"	"GABA receptor activation"	"GABA receptor activation"	"1/289"	"55/7644"	0.880854236027018	0.957052699351155	0.798880731272	"KCNJ15"	1
"M1"	"degradation of DVL"	"degradation of DVL"	"1/289"	"56/7644"	0.885391477532907	0.959540626605282	0.800957479130792	"DACT1"	1
"M1"	"FCERI mediated NF-kB activation"	"FCERI mediated NF-kB activation"	"1/289"	"57/7644"	0.889756509556232	0.959540626605282	0.800957479130792	"PRKCQ"	1
"M1"	"Pre-NOTCH Expression and Processing"	"Pre-NOTCH Expression and Processing"	"1/289"	"57/7644"	0.889756509556232	0.959540626605282	0.800957479130792	"ST3GAL4"	1
"M1"	"Signaling by Hedgehog"	"Signaling by Hedgehog"	"3/289"	"136/7644"	0.893548056702251	0.959540626605282	0.800957479130792	"EVC/EVC2/PRKAR2B"	3
"M1"	"MyD88-independent cascade"	"MyD88-independent cascade"	"2/289"	"99/7644"	0.893839596439634	0.959540626605282	0.800957479130792	"DUSP4/MAPK10"	2
"M1"	"Toll Like Receptor 3 (TLR3) Cascade"	"Toll Like Receptor 3 (TLR3) Cascade"	"2/289"	"99/7644"	0.893839596439634	0.959540626605282	0.800957479130792	"DUSP4/MAPK10"	2
"M1"	"TRIF-mediated TLR3/TLR4 signaling"	"TRIF-mediated TLR3/TLR4 signaling"	"2/289"	"99/7644"	0.893839596439634	0.959540626605282	0.800957479130792	"DUSP4/MAPK10"	2
"M1"	"Antigen processing: Ubiquitination & Proteasome degradation"	"Antigen processing: Ubiquitination & Proteasome degradation"	"5/289"	"211/7644"	0.906582946865089	0.968973586425983	0.808831454978444	"FBXO17/SPSB4/ASB5/ASB9/ZBTB16"	5
"M1"	"Loss of Nlp from mitotic centrosomes"	"Loss of Nlp from mitotic centrosomes"	"1/289"	"62/7644"	0.909218124030264	0.968973586425983	0.808831454978444	"PRKAR2B"	1
"M1"	"Loss of proteins required for interphase microtubule organization from the centrosome"	"Loss of proteins required for interphase microtubule organization from the centrosome"	"1/289"	"62/7644"	0.909218124030264	0.968973586425983	0.808831454978444	"PRKAR2B"	1
"M1"	"TCR signaling"	"TCR signaling"	"1/289"	"64/7644"	0.916007259837079	0.968973586425983	0.808831454978444	"PRKCQ"	1
"M1"	"Fatty acid, triacylglycerol, and ketone body metabolism"	"Fatty acid, triacylglycerol, and ketone body metabolism"	"4/289"	"181/7644"	0.916388330511911	0.968973586425983	0.808831454978444	"G0S2/CD36/TRIB3/ANGPTL4"	4
"M1"	"Signaling by Interleukins"	"Signaling by Interleukins"	"2/289"	"109/7644"	0.922307231533552	0.968973586425983	0.808831454978444	"IL18/IL1R1"	2
"M1"	"Class I MHC mediated antigen processing & presentation"	"Class I MHC mediated antigen processing & presentation"	"6/289"	"255/7644"	0.925453719337203	0.968973586425983	0.808831454978444	"CD36/FBXO17/SPSB4/ASB5/ASB9/ZBTB16"	6
"M1"	"Loss of Function of SMAD2/3 in Cancer"	"Loss of Function of SMAD2/3 in Cancer"	"1/289"	"70/7644"	0.933485700298917	0.968973586425983	0.808831454978444	"BAMBI"	1
"M1"	"Loss of Function of SMAD4 in Cancer"	"Loss of Function of SMAD4 in Cancer"	"1/289"	"70/7644"	0.933485700298917	0.968973586425983	0.808831454978444	"BAMBI"	1
"M1"	"Loss of Function of TGFBR1 in Cancer"	"Loss of Function of TGFBR1 in Cancer"	"1/289"	"70/7644"	0.933485700298917	0.968973586425983	0.808831454978444	"BAMBI"	1
"M1"	"Loss of Function of TGFBR2 in Cancer"	"Loss of Function of TGFBR2 in Cancer"	"1/289"	"70/7644"	0.933485700298917	0.968973586425983	0.808831454978444	"BAMBI"	1
"M1"	"Signaling by TGF-beta Receptor Complex"	"Signaling by TGF-beta Receptor Complex"	"1/289"	"70/7644"	0.933485700298917	0.968973586425983	0.808831454978444	"BAMBI"	1
"M1"	"Signaling by TGF-beta Receptor Complex in Cancer"	"Signaling by TGF-beta Receptor Complex in Cancer"	"1/289"	"70/7644"	0.933485700298917	0.968973586425983	0.808831454978444	"BAMBI"	1
"M1"	"SMAD2/3 MH2 Domain Mutants in Cancer"	"SMAD2/3 MH2 Domain Mutants in Cancer"	"1/289"	"70/7644"	0.933485700298917	0.968973586425983	0.808831454978444	"BAMBI"	1
"M1"	"SMAD2/3 Phosphorylation Motif Mutants in Cancer"	"SMAD2/3 Phosphorylation Motif Mutants in Cancer"	"1/289"	"70/7644"	0.933485700298917	0.968973586425983	0.808831454978444	"BAMBI"	1
"M1"	"SMAD4 MH2 Domain Mutants in Cancer"	"SMAD4 MH2 Domain Mutants in Cancer"	"1/289"	"70/7644"	0.933485700298917	0.968973586425983	0.808831454978444	"BAMBI"	1
"M1"	"TGFBR1 KD Mutants in Cancer"	"TGFBR1 KD Mutants in Cancer"	"1/289"	"70/7644"	0.933485700298917	0.968973586425983	0.808831454978444	"BAMBI"	1
"M1"	"TGFBR1 LBD Mutants in Cancer"	"TGFBR1 LBD Mutants in Cancer"	"1/289"	"70/7644"	0.933485700298917	0.968973586425983	0.808831454978444	"BAMBI"	1
"M1"	"TGFBR2 Kinase Domain Mutants in Cancer"	"TGFBR2 Kinase Domain Mutants in Cancer"	"1/289"	"70/7644"	0.933485700298917	0.968973586425983	0.808831454978444	"BAMBI"	1
"M1"	"TGFBR2 MSI Frameshift Mutants in Cancer"	"TGFBR2 MSI Frameshift Mutants in Cancer"	"1/289"	"70/7644"	0.933485700298917	0.968973586425983	0.808831454978444	"BAMBI"	1
"M1"	"Centrosome maturation"	"Centrosome maturation"	"1/289"	"72/7644"	0.938465134089453	0.970932626372614	0.810466724662356	"PRKAR2B"	1
"M1"	"Recruitment of mitotic centrosome proteins and complexes"	"Recruitment of mitotic centrosome proteins and complexes"	"1/289"	"72/7644"	0.938465134089453	0.970932626372614	0.810466724662356	"PRKAR2B"	1
"M1"	"Fcgamma receptor (FCGR) dependent phagocytosis"	"Fcgamma receptor (FCGR) dependent phagocytosis"	"2/289"	"119/7644"	0.943484999401163	0.974520690170938	0.813461789649895	"PLCG2/ITPR3"	2
"M1"	"G alpha (12/13) signalling events"	"G alpha (12/13) signalling events"	"1/289"	"75/7644"	0.945246291036388	0.974736733613878	0.813642127622714	"GNG11"	1
"M1"	"Regulation of PLK1 Activity at G2/M Transition"	"Regulation of PLK1 Activity at G2/M Transition"	"1/289"	"80/7644"	0.954933365537766	0.983111727143799	0.82063298712305	"PRKAR2B"	1
"M1"	"Antigen processing-Cross presentation"	"Antigen processing-Cross presentation"	"1/289"	"81/7644"	0.956655239858177	0.983272488757668	0.820767179687091	"CD36"	1
"M1"	"p75 NTR receptor-mediated signalling"	"p75 NTR receptor-mediated signalling"	"1/289"	"83/7644"	0.959904769463431	0.985000318991887	0.822209451655983	"MAG"	1
"M1"	"Anchoring of the basal body to the plasma membrane"	"Anchoring of the basal body to the plasma membrane"	"1/289"	"89/7644"	0.9682673566704	0.99005831770698	0.826431515618632	"PRKAR2B"	1
"M1"	"Eukaryotic Translation Elongation"	"Eukaryotic Translation Elongation"	"1/289"	"89/7644"	0.9682673566704	0.99005831770698	0.826431515618632	"EEF1A2"	1
"M1"	"Phospholipid metabolism"	"Phospholipid metabolism"	"2/289"	"138/7644"	0.969563479920052	0.99005831770698	0.826431515618632	"PLA2G4A/SLC44A4"	2
"M1"	"Hedgehog 'off' state"	"Hedgehog 'off' state"	"1/289"	"99/7644"	0.978521075927357	0.997583174809058	0.832712740621708	"PRKAR2B"	1
"M1"	"Cellular Senescence"	"Cellular Senescence"	"2/289"	"159/7644"	0.984914838118694	0.999999979014351	0.834730119928171	"TNIK/MAPK10"	2
"M1"	"Cellular responses to stress"	"Cellular responses to stress"	"4/289"	"249/7644"	0.986648524669598	0.999999979014351	0.834730119928171	"TNIK/CAMK2B/EGLN3/MAPK10"	4
"M1"	"G2/M Transition"	"G2/M Transition"	"1/289"	"114/7644"	0.988050714564553	0.999999979014351	0.834730119928171	"PRKAR2B"	1
"M1"	"DNA Repair"	"DNA Repair"	"1/289"	"115/7644"	0.988509325917918	0.999999979014351	0.834730119928171	"CCNO"	1
"M1"	"Mitotic G2-G2/M phases"	"Mitotic G2-G2/M phases"	"1/289"	"116/7644"	0.988950394427644	0.999999979014351	0.834730119928171	"PRKAR2B"	1
"M1"	"Assembly of the primary cilium"	"Assembly of the primary cilium"	"2/289"	"179/7644"	0.992379396724162	0.999999979014351	0.834730119928171	"PRKAR2B/CYS1"	2
"M1"	"Interferon Signaling"	"Interferon Signaling"	"2/289"	"196/7644"	0.995774595555891	0.999999979014351	0.834730119928171	"CAMK2B/NCAM1"	2
"M1"	"Translation"	"Translation"	"1/289"	"148/7644"	0.996851033310335	0.999999979014351	0.834730119928171	"EEF1A2"	1
"M1"	"Cytokine Signaling in Immune system"	"Cytokine Signaling in Immune system"	"4/289"	"308/7644"	0.997702790489176	0.999999979014351	0.834730119928171	"IL18/IL1R1/CAMK2B/NCAM1"	4
"M1"	"Generic Transcription Pathway"	"Generic Transcription Pathway"	"7/289"	"483/7644"	0.999448817597491	0.999999979014351	0.834730119928171	"NR4A1/VDR/NR4A2/AR/ZNF334/ZNF662/ZNF300"	7
"M1"	"Organelle biogenesis and maintenance"	"Organelle biogenesis and maintenance"	"2/289"	"324/7644"	0.99995903503775	0.999999979014351	0.834730119928171	"PRKAR2B/CYS1"	2
"M1"	"Cell Cycle, Mitotic"	"Cell Cycle, Mitotic"	"1/289"	"445/7644"	0.999999979014351	0.999999979014351	0.834730119928171	"PRKAR2B"	1
"M2"	"Axon guidance"	"Axon guidance"	"19/144"	"327/7644"	1.07393336963016e-05	0.0045964348220171	0.00402442399566672	"CD24/ABLIM1/NRCAM/COL4A3/MMP2/RPS6KA6/CACNA1D/SEMA6D/CACNA1H/SCN1B/ROBO1/SH3GL2/SCN2A/EPHB2/MMP9/KCNQ3/RND1/EPHA3/NRTN"	19
"M2"	"L1CAM interactions"	"L1CAM interactions"	"8/144"	"97/7644"	0.000459088952783419	0.0496900281804101	0.0435062715991785	"CD24/NRCAM/RPS6KA6/SCN1B/SH3GL2/SCN2A/EPHB2/KCNQ3"	8
"M2"	"Transport of glucose and other sugars, bile salts and organic acids, metal ions and amine compounds"	"Transport of glucose and other sugars, bile salts and organic acids, metal ions and amine compounds"	"8/144"	"97/7644"	0.000459088952783419	0.0496900281804101	0.0435062715991785	"RHCG/RHBG/SLC2A4/SLC6A12/SLC2A12/SLC2A10/SLC11A1/SLC6A2"	8
"M2"	"Extracellular matrix organization"	"Extracellular matrix organization"	"14/144"	"266/7644"	0.000464392786732805	0.0496900281804101	0.0435062715991785	"MMP24/COL4A3/MMP2/CEACAM1/LOXL1/ITGB7/TTR/COL16A1/LOX/LAMA2/CTSK/LRP4/MMP9/COL7A1"	14
"M2"	"Facilitative Na+-independent glucose transporters"	"Facilitative Na+-independent glucose transporters"	"3/144"	"11/7644"	0.000966945509965567	0.0697309323378665	0.0610531527601586	"SLC2A4/SLC2A12/SLC2A10"	3
"M2"	"Constitutive PI3K/AKT Signaling in Cancer"	"Constitutive PI3K/AKT Signaling in Cancer"	"7/144"	"86/7644"	0.00112980586367971	0.0697309323378665	0.0610531527601586	"EGF/FGF9/FGFR2/NRG2/BTC/NRG4/PDGFRA"	7
"M2"	"SLC-mediated transmembrane transport"	"SLC-mediated transmembrane transport"	"13/144"	"259/7644"	0.00115379392007565	0.0697309323378665	0.0610531527601586	"RHCG/RHBG/SLC2A4/SLC6A12/SLC2A12/SLC4A4/SLC4A5/LCN12/SLC2A10/SLC38A3/APOD/SLC11A1/SLC6A2"	13
"M2"	"Interaction between L1 and Ankyrins"	"Interaction between L1 and Ankyrins"	"4/144"	"29/7644"	0.00198896811251086	0.0697309323378665	0.0610531527601586	"NRCAM/SCN1B/SCN2A/KCNQ3"	4
"M2"	"Amine compound SLC transporters"	"Amine compound SLC transporters"	"4/144"	"30/7644"	0.00226177331532672	0.0697309323378665	0.0610531527601586	"RHCG/RHBG/SLC6A12/SLC6A2"	4
"M2"	"GRB2 events in ERBB2 signaling"	"GRB2 events in ERBB2 signaling"	"4/144"	"30/7644"	0.00226177331532672	0.0697309323378665	0.0610531527601586	"EGF/NRG2/BTC/NRG4"	4
"M2"	"PI3K/AKT Signaling in Cancer"	"PI3K/AKT Signaling in Cancer"	"7/144"	"100/7644"	0.0027061737502708	0.0697309323378665	0.0610531527601586	"EGF/FGF9/FGFR2/NRG2/BTC/NRG4/PDGFRA"	7
"M2"	"PI-3K cascade"	"PI-3K cascade"	"7/144"	"100/7644"	0.0027061737502708	0.0697309323378665	0.0610531527601586	"EGF/FGF9/FGFR2/NRG2/BTC/NRG4/PDGFRA"	7
"M2"	"PI3K events in ERBB2 signaling"	"PI3K events in ERBB2 signaling"	"7/144"	"100/7644"	0.0027061737502708	0.0697309323378665	0.0610531527601586	"EGF/FGF9/FGFR2/NRG2/BTC/NRG4/PDGFRA"	7
"M2"	"PI3K events in ERBB4 signaling"	"PI3K events in ERBB4 signaling"	"7/144"	"100/7644"	0.0027061737502708	0.0697309323378665	0.0610531527601586	"EGF/FGF9/FGFR2/NRG2/BTC/NRG4/PDGFRA"	7
"M2"	"PIP3 activates AKT signaling"	"PIP3 activates AKT signaling"	"7/144"	"100/7644"	0.0027061737502708	0.0697309323378665	0.0610531527601586	"EGF/FGF9/FGFR2/NRG2/BTC/NRG4/PDGFRA"	7
"M2"	"Activation of Matrix Metalloproteinases"	"Activation of Matrix Metalloproteinases"	"4/144"	"32/7644"	0.00288268186400925	0.0697309323378665	0.0610531527601586	"MMP24/MMP2/CTSK/MMP9"	4
"M2"	"SHC1 events in ERBB2 signaling"	"SHC1 events in ERBB2 signaling"	"4/144"	"32/7644"	0.00288268186400925	0.0697309323378665	0.0610531527601586	"EGF/NRG2/BTC/NRG4"	4
"M2"	"PI3K/AKT activation"	"PI3K/AKT activation"	"7/144"	"103/7644"	0.00319690252990935	0.0697309323378665	0.0610531527601586	"EGF/FGF9/FGFR2/NRG2/BTC/NRG4/PDGFRA"	7
"M2"	"Assembly of collagen fibrils and other multimeric structures"	"Assembly of collagen fibrils and other multimeric structures"	"5/144"	"54/7644"	0.00333393324477712	0.0697309323378665	0.0610531527601586	"COL4A3/LOXL1/LOX/MMP9/COL7A1"	5
"M2"	"GAB1 signalosome"	"GAB1 signalosome"	"7/144"	"104/7644"	0.0033747378328724	0.0697309323378665	0.0610531527601586	"EGF/FGF9/FGFR2/NRG2/BTC/NRG4/PDGFRA"	7
"M2"	"Signaling by FGFR"	"Signaling by FGFR"	"9/144"	"162/7644"	0.00342137752125046	0.0697309323378665	0.0610531527601586	"EGF/FGF9/ADCY1/FGFR2/NRG2/IL17RD/BTC/NRG4/PDGFRA"	9
"M2"	"NCAM1 interactions"	"NCAM1 interactions"	"4/144"	"37/7644"	0.00492353091606484	0.0913408414892591	0.0799737815301925	"COL4A3/CACNA1D/CACNA1H/NRTN"	4
"M2"	"Collagen degradation"	"Collagen degradation"	"4/144"	"38/7644"	0.00542356194730233	0.0913408414892591	0.0799737815301925	"MMP2/COL16A1/CTSK/MMP9"	4
"M2"	"Collagen formation"	"Collagen formation"	"6/144"	"86/7644"	0.00550218360499761	0.0913408414892591	0.0799737815301925	"COL4A3/LOXL1/COL16A1/LOX/MMP9/COL7A1"	6
"M2"	"Signaling by SCF-KIT"	"Signaling by SCF-KIT"	"8/144"	"144/7644"	0.00570410548371093	0.0913408414892591	0.0799737815301925	"EGF/FGF9/FGFR2/NRG2/BTC/NRG4/MMP9/PDGFRA"	8
"M2"	"Nuclear signaling by ERBB4"	"Nuclear signaling by ERBB4"	"4/144"	"39/7644"	0.00595646004959124	0.0913408414892591	0.0799737815301925	"NRG2/PGR/BTC/NRG4"	4
"M2"	"Signaling by FGFR in disease"	"Signaling by FGFR in disease"	"9/144"	"177/7644"	0.00610656099391433	0.0913408414892591	0.0799737815301925	"EGF/FGF9/ADCY1/FGFR2/NRG2/IL17RD/BTC/NRG4/PDGFRA"	9
"M2"	"Signaling by EGFR"	"Signaling by EGFR"	"9/144"	"179/7644"	0.00656174364755219	0.0913408414892591	0.0799737815301925	"EGF/FGF9/ADCY1/FGFR2/NRG2/SH3GL2/BTC/NRG4/PDGFRA"	9
"M2"	"Signaling by Overexpressed Wild-Type EGFR in Cancer"	"Signaling by Overexpressed Wild-Type EGFR in Cancer"	"9/144"	"179/7644"	0.00656174364755219	0.0913408414892591	0.0799737815301925	"EGF/FGF9/ADCY1/FGFR2/NRG2/SH3GL2/BTC/NRG4/PDGFRA"	9
"M2"	"Downstream signaling of activated FGFR"	"Downstream signaling of activated FGFR"	"8/144"	"149/7644"	0.00697750849990192	0.0913408414892591	0.0799737815301925	"EGF/FGF9/ADCY1/FGFR2/NRG2/BTC/NRG4/PDGFRA"	8
"M2"	"Signaling by EGFR in Cancer"	"Signaling by EGFR in Cancer"	"9/144"	"181/7644"	0.00704263497463914	0.0913408414892591	0.0799737815301925	"EGF/FGF9/ADCY1/FGFR2/NRG2/SH3GL2/BTC/NRG4/PDGFRA"	9
"M2"	"Signaling by EGFRvIII in Cancer"	"Signaling by EGFRvIII in Cancer"	"9/144"	"181/7644"	0.00704263497463914	0.0913408414892591	0.0799737815301925	"EGF/FGF9/ADCY1/FGFR2/NRG2/SH3GL2/BTC/NRG4/PDGFRA"	9
"M2"	"Signaling by Ligand-Responsive EGFR Variants in Cancer"	"Signaling by Ligand-Responsive EGFR Variants in Cancer"	"9/144"	"181/7644"	0.00704263497463914	0.0913408414892591	0.0799737815301925	"EGF/FGF9/ADCY1/FGFR2/NRG2/SH3GL2/BTC/NRG4/PDGFRA"	9
"M2"	"Signaling by PDGF"	"Signaling by PDGF"	"9/144"	"184/7644"	0.00781419480340024	0.0983669228192735	0.0861254907123989	"EGF/FGF9/ADCY1/COL4A3/FGFR2/NRG2/BTC/NRG4/PDGFRA"	9
"M2"	"Signaling by ERBB4"	"Signaling by ERBB4"	"8/144"	"154/7644"	0.00845548636854358	0.103398519021047	0.0905309217203463	"EGF/FGF9/FGFR2/NRG2/PGR/BTC/NRG4/PDGFRA"	8
"M2"	"Downstream signal transduction"	"Downstream signal transduction"	"8/144"	"161/7644"	0.0109047374559563	0.129645211976369	0.113511302173112	"EGF/FGF9/ADCY1/FGFR2/NRG2/BTC/NRG4/PDGFRA"	8
"M2"	"Signaling by ERBB2"	"Signaling by ERBB2"	"8/144"	"163/7644"	0.0116924003280959	0.135252630822299	0.11842089663733	"EGF/FGF9/ADCY1/FGFR2/NRG2/BTC/NRG4/PDGFRA"	8
"M2"	"DAP12 signaling"	"DAP12 signaling"	"8/144"	"164/7644"	0.0121016398687562	0.135788208890295	0.118889823819343	"EGF/FGF9/ADCY1/FGFR2/NRG2/BTC/NRG4/PDGFRA"	8
"M2"	"EPH-ephrin mediated repulsion of cells"	"EPH-ephrin mediated repulsion of cells"	"4/144"	"48/7644"	0.0123732246418727	0.135788208890295	0.118889823819343	"MMP2/EPHB2/MMP9/EPHA3"	4
"M2"	"Ion channel transport"	"Ion channel transport"	"8/144"	"167/7644"	0.0133928040257534	0.143303003075561	0.125469427188637	"SCNN1A/FXYD2/BSND/CLCNKA/SGK2/FXYD4/PLN/ASIC2"	8
"M2"	"Synthesis of bile acids and bile salts"	"Synthesis of bile acids and bile salts"	"3/144"	"27/7644"	0.013756262315511	0.143601957830212	0.125731178031371	"SLC27A2/ACOX2/CYP39A1"	3
"M2"	"Adenylate cyclase activating pathway"	"Adenylate cyclase activating pathway"	"2/144"	"10/7644"	0.0143629662547756	0.144754577022294	0.126740357648639	"ADCY1/GNAL"	2
"M2"	"Downstream signaling events of B Cell Receptor (BCR)"	"Downstream signaling events of B Cell Receptor (BCR)"	"8/144"	"170/7644"	0.0147822818557456	0.144754577022294	0.126740357648639	"EGF/FGF9/FGFR2/NRG2/RASGRP1/BTC/NRG4/PDGFRA"	8
"M2"	"SHC1 events in ERBB4 signaling"	"SHC1 events in ERBB4 signaling"	"3/144"	"28/7644"	0.0151982373973022	0.144754577022294	0.126740357648639	"NRG2/BTC/NRG4"	3
"M2"	"Nuclear Receptor transcription pathway"	"Nuclear Receptor transcription pathway"	"4/144"	"51/7644"	0.0152195232850543	0.144754577022294	0.126740357648639	"RORC/ESRRG/NR0B2/PGR"	4
"M2"	"NGF signalling via TRKA from the plasma membrane"	"NGF signalling via TRKA from the plasma membrane"	"9/144"	"206/7644"	0.0156037636518235	0.145182844412619	0.127115328605244	"EGF/FGF9/ADCY1/FGFR2/NRG2/SH3GL2/BTC/NRG4/PDGFRA"	9
"M2"	"Neuronal System"	"Neuronal System"	"11/144"	"280/7644"	0.0164076549817236	0.149414390046334	0.130820272642634	"ADCY1/KCNJ11/SLC6A12/RPS6KA6/GRIP1/KCNMA1/GNAL/CACNA2D2/KCNQ3/GRIK3/KCNQ4"	11
"M2"	"Role of LAT2/NTAL/LAB on calcium mobilization"	"Role of LAT2/NTAL/LAB on calcium mobilization"	"7/144"	"141/7644"	0.0169364653174688	0.15101681574743	0.132223281864449	"EGF/FGF9/FGFR2/NRG2/BTC/NRG4/PDGFRA"	7
"M2"	"DAP12 interactions"	"DAP12 interactions"	"8/144"	"179/7644"	0.0195801878563022	0.171026946989741	0.149743219695888	"EGF/FGF9/ADCY1/FGFR2/NRG2/BTC/NRG4/PDGFRA"	8
"M2"	"FGFR2c ligand binding and activation"	"FGFR2c ligand binding and activation"	"2/144"	"13/7644"	0.0239941110447551	0.205389590543104	0.179829548040691	"FGF9/FGFR2"	2
"M2"	"Degradation of the extracellular matrix"	"Degradation of the extracellular matrix"	"5/144"	"89/7644"	0.0259858106460093	0.215183262427764	0.18840443045815	"MMP24/MMP2/COL16A1/CTSK/MMP9"	5
"M2"	"Bile acid and bile salt metabolism"	"Bile acid and bile salt metabolism"	"3/144"	"35/7644"	0.0276082665740521	0.215183262427764	0.18840443045815	"SLC27A2/ACOX2/CYP39A1"	3
"M2"	"Adenylate cyclase inhibitory pathway"	"Adenylate cyclase inhibitory pathway"	"2/144"	"14/7644"	0.0276520547512314	0.215183262427764	0.18840443045815	"ADCY1/GNAL"	2
"M2"	"Inhibition of adenylate cyclase pathway"	"Inhibition of adenylate cyclase pathway"	"2/144"	"14/7644"	0.0276520547512314	0.215183262427764	0.18840443045815	"ADCY1/GNAL"	2
"M2"	"Synthesis of bile acids and bile salts via 24-hydroxycholesterol"	"Synthesis of bile acids and bile salts via 24-hydroxycholesterol"	"2/144"	"14/7644"	0.0276520547512314	0.215183262427764	0.18840443045815	"SLC27A2/CYP39A1"	2
"M2"	"Amino acid synthesis and interconversion (transamination)"	"Amino acid synthesis and interconversion (transamination)"	"2/144"	"16/7644"	0.0355831201158812	0.262578886372365	0.22990182869789	"PSAT1/GPT"	2
"M2"	"Rap1 signalling"	"Rap1 signalling"	"2/144"	"16/7644"	0.0355831201158812	0.262578886372365	0.22990182869789	"RAP1GAP/RASGRP1"	2
"M2"	"Synthesis of very long-chain fatty acyl-CoAs"	"Synthesis of very long-chain fatty acyl-CoAs"	"2/144"	"16/7644"	0.0355831201158812	0.262578886372365	0.22990182869789	"ELOVL7/ACSL6"	2
"M2"	"Formation of Fibrin Clot (Clotting Cascade)"	"Formation of Fibrin Clot (Clotting Cascade)"	"3/144"	"39/7644"	0.0365209377899143	0.264931548713277	0.231961710137547	"SERPINA5/SERPINE2/F7"	3
"M2"	"Stimuli-sensing channels"	"Stimuli-sensing channels"	"5/144"	"98/7644"	0.0372357119270191	0.265614745079403	0.232559885017874	"SCNN1A/BSND/CLCNKA/SGK2/ASIC2"	5
"M2"	"Activated point mutants of FGFR2"	"Activated point mutants of FGFR2"	"2/144"	"17/7644"	0.0398384604750847	0.270648588624385	0.23696728369474	"FGF9/FGFR2"	2
"M2"	"FGFR2 ligand binding and activation"	"FGFR2 ligand binding and activation"	"2/144"	"17/7644"	0.0398384604750847	0.270648588624385	0.23696728369474	"FGF9/FGFR2"	2
"M2"	"Signaling by FGFR2 mutants"	"Signaling by FGFR2 mutants"	"2/144"	"17/7644"	0.0398384604750847	0.270648588624385	0.23696728369474	"FGF9/FGFR2"	2
"M2"	"NCAM signaling for neurite out-growth"	"NCAM signaling for neurite out-growth"	"4/144"	"70/7644"	0.0425660241115196	0.281966201840429	0.246876458079667	"COL4A3/CACNA1D/CACNA1H/NRTN"	4
"M2"	"Signaling by the B Cell Receptor (BCR)"	"Signaling by the B Cell Receptor (BCR)"	"8/144"	"209/7644"	0.0434761856120342	0.281966201840429	0.246876458079667	"EGF/FGF9/FGFR2/NRG2/RASGRP1/BTC/NRG4/PDGFRA"	8
"M2"	"Triglyceride Biosynthesis"	"Triglyceride Biosynthesis"	"3/144"	"42/7644"	0.0440586479072132	0.281966201840429	0.246876458079667	"ELOVL7/GPD1/ACSL6"	3
"M2"	"Signalling by NGF"	"Signalling by NGF"	"10/144"	"287/7644"	0.0441395689796933	0.281966201840429	0.246876458079667	"EGF/FGF9/ADCY1/NGFR/FGFR2/NRG2/SH3GL2/BTC/NRG4/PDGFRA"	10
"M2"	"Integration of energy metabolism"	"Integration of energy metabolism"	"5/144"	"104/7644"	0.046172924828634	0.285723335739977	0.250166029324722	"GCGR/ADCY1/KCNJ11/CACNA1D/CACNA2D2"	5
"M2"	"Fc epsilon receptor (FCERI) signaling"	"Fc epsilon receptor (FCERI) signaling"	"8/144"	"212/7644"	0.046612721444989	0.285723335739977	0.250166029324722	"EGF/FGF9/FGFR2/NRG2/RASGRP1/BTC/NRG4/PDGFRA"	8
"M2"	"Ion transport by P-type ATPases"	"Ion transport by P-type ATPases"	"3/144"	"43/7644"	0.0467304521070056	0.285723335739977	0.250166029324722	"FXYD2/FXYD4/PLN"	3
"M2"	"Na+/Cl- dependent neurotransmitter transporters"	"Na+/Cl- dependent neurotransmitter transporters"	"2/144"	"19/7644"	0.0488862286272207	0.294134725687373	0.257530650134542	"SLC6A12/SLC6A2"	2
"M2"	"G-protein mediated events"	"G-protein mediated events"	"3/144"	"44/7644"	0.049480608059558	0.294134725687373	0.257530650134542	"ADCY1/GNAL/GNAO1"	3
"M2"	"Fatty Acyl-CoA Biosynthesis"	"Fatty Acyl-CoA Biosynthesis"	"2/144"	"20/7644"	0.0536623884842658	0.314623318784463	0.275469506855063	"ELOVL7/ACSL6"	2
"M2"	"Peroxisomal lipid metabolism"	"Peroxisomal lipid metabolism"	"2/144"	"21/7644"	0.0585962853267039	0.33438946826439	0.292775825632373	"SLC27A2/ACOX2"	2
"M2"	"Regulation of Insulin-like Growth Factor (IGF) transport and uptake by Insulin-like Growth Factor Binding Proteins (IGFBPs)"	"Regulation of Insulin-like Growth Factor (IGF) transport and uptake by Insulin-like Growth Factor Binding Proteins (IGFBPs)"	"2/144"	"21/7644"	0.0585962853267039	0.33438946826439	0.292775825632373	"PAPPA2/MMP2"	2
"M2"	"Common Pathway"	"Common Pathway"	"2/144"	"22/7644"	0.0636803737947865	0.349749095212478	0.306223998759573	"SERPINA5/SERPINE2"	2
"M2"	"Intrinsic Pathway"	"Intrinsic Pathway"	"2/144"	"22/7644"	0.0636803737947865	0.349749095212478	0.306223998759573	"SERPINA5/SERPINE2"	2
"M2"	"Opioid Signalling"	"Opioid Signalling"	"4/144"	"80/7644"	0.0637393210901245	0.349749095212478	0.306223998759573	"ADCY1/GNAL/PPP1R1B/GNAO1"	4
"M2"	"Endogenous sterols"	"Endogenous sterols"	"2/144"	"23/7644"	0.0689073333373866	0.368654233355019	0.322776456159337	"CYP39A1/CYP17A1"	2
"M2"	"FGFR ligand binding and activation"	"FGFR ligand binding and activation"	"2/144"	"23/7644"	0.0689073333373866	0.368654233355019	0.322776456159337	"FGF9/FGFR2"	2
"M2"	"Synthesis of bile acids and bile salts via 7alpha-hydroxycholesterol"	"Synthesis of bile acids and bile salts via 7alpha-hydroxycholesterol"	"2/144"	"24/7644"	0.0742700625165654	0.392439342680123	0.343601588770595	"SLC27A2/ACOX2"	2
"M2"	"Phospholipase C-mediated cascade"	"Phospholipase C-mediated cascade"	"3/144"	"54/7644"	0.0810825373561508	0.423211292541861	0.370544073155195	"FGF9/ADCY1/FGFR2"	3
"M2"	"Transmission across Chemical Synapses"	"Transmission across Chemical Synapses"	"7/144"	"201/7644"	0.0849350741709761	0.435008430452488	0.380873097002178	"ADCY1/SLC6A12/RPS6KA6/GRIP1/GNAL/CACNA2D2/GRIK3"	7
"M2"	"EGFR downregulation"	"EGFR downregulation"	"2/144"	"26/7644"	0.0853754863504882	0.435008430452488	0.380873097002178	"EGF/SH3GL2"	2
"M2"	"Recycling pathway of L1"	"Recycling pathway of L1"	"2/144"	"27/7644"	0.0911050242732864	0.458740592811372	0.401651871718761	"RPS6KA6/SH3GL2"	2
"M2"	"Adrenaline,noradrenaline inhibits insulin secretion"	"Adrenaline,noradrenaline inhibits insulin secretion"	"2/144"	"28/7644"	0.0969440078791313	0.482465527584514	0.422424318298296	"CACNA1D/CACNA2D2"	2
"M2"	"EPH-Ephrin signaling"	"EPH-Ephrin signaling"	"4/144"	"94/7644"	0.10099654232379	0.491210455847523	0.430080969704177	"MMP2/EPHB2/MMP9/EPHA3"	4
"M2"	"Transport of inorganic cations/anions and amino acids/oligopeptides"	"Transport of inorganic cations/anions and amino acids/oligopeptides"	"4/144"	"94/7644"	0.10099654232379	0.491210455847523	0.430080969704177	"SLC6A12/SLC4A4/SLC4A5/SLC38A3"	4
"M2"	"SHC-mediated cascade"	"SHC-mediated cascade"	"2/144"	"29/7644"	0.102886350399568	0.494779303045112	0.433205685892917	"FGF9/FGFR2"	2
"M2"	"Tight junction interactions"	"Tight junction interactions"	"2/144"	"30/7644"	0.10892615268829	0.518004370562092	0.453540472012063	"CLDN8/CRB3"	2
"M2"	"Amino acid transport across the plasma membrane"	"Amino acid transport across the plasma membrane"	"2/144"	"31/7644"	0.115057698393751	0.541011909522491	0.473684800270553	"SLC6A12/SLC38A3"	2
"M2"	"Potassium Channels"	"Potassium Channels"	"4/144"	"99/7644"	0.116292279616984	0.541011909522491	0.473684800270553	"KCNJ11/KCNMA1/KCNQ3/KCNQ4"	4
"M2"	"Collagen biosynthesis and modifying enzymes"	"Collagen biosynthesis and modifying enzymes"	"3/144"	"64/7644"	0.119334526530822	0.546424056346212	0.478423423657775	"COL4A3/COL16A1/COL7A1"	3
"M2"	"Sphingolipid de novo biosynthesis"	"Sphingolipid de novo biosynthesis"	"2/144"	"32/7644"	0.121275449245061	0.546424056346212	0.478423423657775	"SGPP2/DEGS2"	2
"M2"	"Neurotransmitter Receptor Binding And Downstream Transmission In The  Postsynaptic Cell"	"Neurotransmitter Receptor Binding And Downstream Transmission In The  Postsynaptic Cell"	"5/144"	"140/7644"	0.12418655470409	0.546424056346212	0.478423423657775	"ADCY1/RPS6KA6/GRIP1/GNAL/GRIK3"	5
"M2"	"Fatty acid, triacylglycerol, and ketone body metabolism"	"Fatty acid, triacylglycerol, and ketone body metabolism"	"6/144"	"181/7644"	0.126305431660455	0.546424056346212	0.478423423657775	"OXCT1/ELOVL7/ACADL/HMGCS2/GPD1/ACSL6"	6
"M2"	"EGFR interacts with phospholipase C-gamma"	"EGFR interacts with phospholipase C-gamma"	"2/144"	"33/7644"	0.127574040448665	0.546424056346212	0.478423423657775	"EGF/ADCY1"	2
"M2"	"Glucagon signaling in metabolic regulation"	"Glucagon signaling in metabolic regulation"	"2/144"	"33/7644"	0.127574040448665	0.546424056346212	0.478423423657775	"GCGR/ADCY1"	2
"M2"	"Synthesis of PIPs at the plasma membrane"	"Synthesis of PIPs at the plasma membrane"	"2/144"	"33/7644"	0.127574040448665	0.546424056346212	0.478423423657775	"INPP4B/PIP5K1B"	2
"M2"	"Integrin cell surface interactions"	"Integrin cell surface interactions"	"3/144"	"66/7644"	0.127669172043507	0.546424056346212	0.478423423657775	"COL4A3/ITGB7/COL16A1"	3
"M2"	"O-linked glycosylation"	"O-linked glycosylation"	"4/144"	"103/7644"	0.129215971777017	0.547568672480824	0.47942559617111	"GALNT16/ADAMTSL4/ADAMTSL5/GALNTL6"	4
"M2"	"PLCG1 events in ERBB2 signaling"	"PLCG1 events in ERBB2 signaling"	"2/144"	"34/7644"	0.133948276193355	0.562057472654471	0.49211131398178	"EGF/ADCY1"	2
"M2"	"Post NMDA receptor activation events"	"Post NMDA receptor activation events"	"2/144"	"35/7644"	0.140393125261192	0.58338114186204	0.510781324404541	"ADCY1/RPS6KA6"	2
"M2"	"Platelet Aggregation (Plug Formation)"	"Platelet Aggregation (Plug Formation)"	"2/144"	"37/7644"	0.153475335849125	0.617207786985028	0.540398357517634	"RASGRP1/ADRA2B"	2
"M2"	"Cyclin D associated events in G1"	"Cyclin D associated events in G1"	"2/144"	"38/7644"	0.160103419834211	0.617207786985028	0.540398357517634	"CCND2/CDKN2A"	2
"M2"	"G1 Phase"	"G1 Phase"	"2/144"	"38/7644"	0.160103419834211	0.617207786985028	0.540398357517634	"CCND2/CDKN2A"	2
"M2"	"Phagosomal maturation (early endosomal stage)"	"Phagosomal maturation (early endosomal stage)"	"2/144"	"38/7644"	0.160103419834211	0.617207786985028	0.540398357517634	"ATP6V0A4/SLC11A1"	2
"M2"	"Transport of vitamins, nucleosides, and related molecules"	"Transport of vitamins, nucleosides, and related molecules"	"2/144"	"38/7644"	0.160103419834211	0.617207786985028	0.540398357517634	"LCN12/APOD"	2
"M2"	"Activation of GABAB receptors"	"Activation of GABAB receptors"	"2/144"	"39/7644"	0.166783553998767	0.617207786985028	0.540398357517634	"ADCY1/GNAL"	2
"M2"	"Activation of NMDA receptor upon glutamate binding and postsynaptic events"	"Activation of NMDA receptor upon glutamate binding and postsynaptic events"	"2/144"	"39/7644"	0.166783553998767	0.617207786985028	0.540398357517634	"ADCY1/RPS6KA6"	2
"M2"	"GABA B receptor activation"	"GABA B receptor activation"	"2/144"	"39/7644"	0.166783553998767	0.617207786985028	0.540398357517634	"ADCY1/GNAL"	2
"M2"	"O-glycosylation of TSR domain-containing proteins"	"O-glycosylation of TSR domain-containing proteins"	"2/144"	"39/7644"	0.166783553998767	0.617207786985028	0.540398357517634	"ADAMTSL4/ADAMTSL5"	2
"M2"	"Abacavir transport and metabolism"	"Abacavir transport and metabolism"	"1/144"	"10/7644"	0.173283280731668	0.617207786985028	0.540398357517634	"PCK1"	1
"M2"	"Activation of Ca-permeable Kainate Receptor"	"Activation of Ca-permeable Kainate Receptor"	"1/144"	"10/7644"	0.173283280731668	0.617207786985028	0.540398357517634	"GRIK3"	1
"M2"	"Creatine metabolism"	"Creatine metabolism"	"1/144"	"10/7644"	0.173283280731668	0.617207786985028	0.540398357517634	"SLC6A12"	1
"M2"	"Ionotropic activity of Kainate Receptors"	"Ionotropic activity of Kainate Receptors"	"1/144"	"10/7644"	0.173283280731668	0.617207786985028	0.540398357517634	"GRIK3"	1
"M2"	"Regulated proteolysis of p75NTR"	"Regulated proteolysis of p75NTR"	"1/144"	"10/7644"	0.173283280731668	0.617207786985028	0.540398357517634	"NGFR"	1
"M2"	"Negative regulation of FGFR signaling"	"Negative regulation of FGFR signaling"	"2/144"	"40/7644"	0.173511467800398	0.617207786985028	0.540398357517634	"FGF9/FGFR2"	2
"M2"	"Regulation of insulin secretion"	"Regulation of insulin secretion"	"3/144"	"77/7644"	0.176825073283722	0.617207786985028	0.540398357517634	"KCNJ11/CACNA1D/CACNA2D2"	3
"M2"	"Elastic fibre formation"	"Elastic fibre formation"	"2/144"	"41/7644"	0.180283031051558	0.617207786985028	0.540398357517634	"LOXL1/LOX"	2
"M2"	"Netrin-1 signaling"	"Netrin-1 signaling"	"2/144"	"42/7644"	0.187094250208775	0.617207786985028	0.540398357517634	"ABLIM1/ROBO1"	2
"M2"	"Non-integrin membrane-ECM interactions"	"Non-integrin membrane-ECM interactions"	"2/144"	"42/7644"	0.187094250208775	0.617207786985028	0.540398357517634	"TTR/LAMA2"	2
"M2"	"Androgen biosynthesis"	"Androgen biosynthesis"	"1/144"	"11/7644"	0.188877622829473	0.617207786985028	0.540398357517634	"CYP17A1"	1
"M2"	"Apoptotic cleavage of cell adhesion  proteins"	"Apoptotic cleavage of cell adhesion  proteins"	"1/144"	"11/7644"	0.188877622829473	0.617207786985028	0.540398357517634	"DSP"	1
"M2"	"DSCAM interactions"	"DSCAM interactions"	"1/144"	"11/7644"	0.188877622829473	0.617207786985028	0.540398357517634	"DSCAML1"	1
"M2"	"FGFR1c ligand binding and activation"	"FGFR1c ligand binding and activation"	"1/144"	"11/7644"	0.188877622829473	0.617207786985028	0.540398357517634	"FGF9"	1
"M2"	"Gamma-carboxylation, transport, and amino-terminal cleavage of proteins"	"Gamma-carboxylation, transport, and amino-terminal cleavage of proteins"	"1/144"	"11/7644"	0.188877622829473	0.617207786985028	0.540398357517634	"F7"	1
"M2"	"Signaling by activated point mutants of FGFR1"	"Signaling by activated point mutants of FGFR1"	"1/144"	"11/7644"	0.188877622829473	0.617207786985028	0.540398357517634	"FGF9"	1
"M2"	"Synthesis of IP2, IP, and Ins in the cytosol"	"Synthesis of IP2, IP, and Ins in the cytosol"	"1/144"	"11/7644"	0.188877622829473	0.617207786985028	0.540398357517634	"INPP4B"	1
"M2"	"Tryptophan catabolism"	"Tryptophan catabolism"	"1/144"	"11/7644"	0.188877622829473	0.617207786985028	0.540398357517634	"TDO2"	1
"M2"	"Iron uptake and transport"	"Iron uptake and transport"	"2/144"	"43/7644"	0.193941264750325	0.617207786985028	0.540398357517634	"ATP6V0A4/LCN2"	2
"M2"	"PLC beta mediated events"	"PLC beta mediated events"	"2/144"	"43/7644"	0.193941264750325	0.617207786985028	0.540398357517634	"ADCY1/GNAO1"	2
"M2"	"Voltage gated Potassium channels"	"Voltage gated Potassium channels"	"2/144"	"43/7644"	0.193941264750325	0.617207786985028	0.540398357517634	"KCNQ3/KCNQ4"	2
"M2"	"FRS2-mediated cascade"	"FRS2-mediated cascade"	"2/144"	"44/7644"	0.200820343640361	0.617207786985028	0.540398357517634	"FGF9/FGFR2"	2
"M2"	"Depolarization of the Presynaptic Terminal Triggers the Opening of Calcium Channels"	"Depolarization of the Presynaptic Terminal Triggers the Opening of Calcium Channels"	"1/144"	"12/7644"	0.204179813621108	0.617207786985028	0.540398357517634	"CACNA2D2"	1
"M2"	"FGFR3c ligand binding and activation"	"FGFR3c ligand binding and activation"	"1/144"	"12/7644"	0.204179813621108	0.617207786985028	0.540398357517634	"FGF9"	1
"M2"	"FGFR3 ligand binding and activation"	"FGFR3 ligand binding and activation"	"1/144"	"12/7644"	0.204179813621108	0.617207786985028	0.540398357517634	"FGF9"	1
"M2"	"Passive transport by Aquaporins"	"Passive transport by Aquaporins"	"1/144"	"12/7644"	0.204179813621108	0.617207786985028	0.540398357517634	"AQP7"	1
"M2"	"Signaling by activated point mutants of FGFR3"	"Signaling by activated point mutants of FGFR3"	"1/144"	"12/7644"	0.204179813621108	0.617207786985028	0.540398357517634	"FGF9"	1
"M2"	"Signaling by FGFR3 mutants"	"Signaling by FGFR3 mutants"	"1/144"	"12/7644"	0.204179813621108	0.617207786985028	0.540398357517634	"FGF9"	1
"M2"	"Signaling by FGFR mutants"	"Signaling by FGFR mutants"	"2/144"	"45/7644"	0.20772788187758	0.617207786985028	0.540398357517634	"FGF9/FGFR2"	2
"M2"	"G alpha (z) signalling events"	"G alpha (z) signalling events"	"2/144"	"46/7644"	0.214660397126514	0.617207786985028	0.540398357517634	"ADCY1/ADRA2B"	2
"M2"	"Cell junction organization"	"Cell junction organization"	"3/144"	"85/7644"	0.215359448826352	0.617207786985028	0.540398357517634	"CLDN8/CRB3/FLNC"	3
"M2"	"Dissolution of Fibrin Clot"	"Dissolution of Fibrin Clot"	"1/144"	"13/7644"	0.219195288835804	0.617207786985028	0.540398357517634	"SERPINE2"	1
"M2"	"Downregulation of ERBB2:ERBB3 signaling"	"Downregulation of ERBB2:ERBB3 signaling"	"1/144"	"13/7644"	0.219195288835804	0.617207786985028	0.540398357517634	"NRG2"	1
"M2"	"FGFR4 ligand binding and activation"	"FGFR4 ligand binding and activation"	"1/144"	"13/7644"	0.219195288835804	0.617207786985028	0.540398357517634	"FGF9"	1
"M2"	"NF-kB is activated and signals survival"	"NF-kB is activated and signals survival"	"1/144"	"13/7644"	0.219195288835804	0.617207786985028	0.540398357517634	"NGFR"	1
"M2"	"p75NTR recruits signalling complexes"	"p75NTR recruits signalling complexes"	"1/144"	"13/7644"	0.219195288835804	0.617207786985028	0.540398357517634	"NGFR"	1
"M2"	"Retrograde neurotrophin signalling"	"Retrograde neurotrophin signalling"	"1/144"	"13/7644"	0.219195288835804	0.617207786985028	0.540398357517634	"SH3GL2"	1
"M2"	"Synthesis of PIPs at the early endosome membrane"	"Synthesis of PIPs at the early endosome membrane"	"1/144"	"13/7644"	0.219195288835804	0.617207786985028	0.540398357517634	"INPP4B"	1
"M2"	"Trafficking and processing of endosomal TLR"	"Trafficking and processing of endosomal TLR"	"1/144"	"13/7644"	0.219195288835804	0.617207786985028	0.540398357517634	"CTSK"	1
"M2"	"WNT5A-dependent internalization of FZD2, FZD5 and ROR2"	"WNT5A-dependent internalization of FZD2, FZD5 and ROR2"	"1/144"	"13/7644"	0.219195288835804	0.617207786985028	0.540398357517634	"WNT5A"	1
"M2"	"Cell-Cell communication"	"Cell-Cell communication"	"4/144"	"130/7644"	0.229404355776826	0.633682128174591	0.554822522454881	"CLDN8/CRB3/DSCAML1/FLNC"	4
"M2"	"Activation of Rac"	"Activation of Rac"	"1/144"	"14/7644"	0.233929383765387	0.633682128174591	0.554822522454881	"ROBO1"	1
"M2"	"DCC mediated attractive signaling"	"DCC mediated attractive signaling"	"1/144"	"14/7644"	0.233929383765387	0.633682128174591	0.554822522454881	"ABLIM1"	1
"M2"	"FGFR1 ligand binding and activation"	"FGFR1 ligand binding and activation"	"1/144"	"14/7644"	0.233929383765387	0.633682128174591	0.554822522454881	"FGF9"	1
"M2"	"SEMA3A-Plexin repulsion signaling by inhibiting Integrin adhesion"	"SEMA3A-Plexin repulsion signaling by inhibiting Integrin adhesion"	"1/144"	"14/7644"	0.233929383765387	0.633682128174591	0.554822522454881	"RND1"	1
"M2"	"Synthesis of Prostaglandins (PG) and Thromboxanes (TX)"	"Synthesis of Prostaglandins (PG) and Thromboxanes (TX)"	"1/144"	"14/7644"	0.233929383765387	0.633682128174591	0.554822522454881	"HPGD"	1
"M2"	"Amino acid and oligopeptide SLC transporters"	"Amino acid and oligopeptide SLC transporters"	"2/144"	"49/7644"	0.2355747530809	0.634125750431604	0.555210937416751	"SLC6A12/SLC38A3"	2
"M2"	"Constitutive Signaling by EGFRvIII"	"Constitutive Signaling by EGFRvIII"	"1/144"	"15/7644"	0.248387335107167	0.63965221677466	0.560049653644316	"EGF"	1
"M2"	"Mitochondrial Fatty Acid Beta-Oxidation"	"Mitochondrial Fatty Acid Beta-Oxidation"	"1/144"	"15/7644"	0.248387335107167	0.63965221677466	0.560049653644316	"ACADL"	1
"M2"	"negative regulation of TCF-dependent signaling by WNT ligand antagonists"	"negative regulation of TCF-dependent signaling by WNT ligand antagonists"	"1/144"	"15/7644"	0.248387335107167	0.63965221677466	0.560049653644316	"WNT5A"	1
"M2"	"NRIF signals cell death from the nucleus"	"NRIF signals cell death from the nucleus"	"1/144"	"15/7644"	0.248387335107167	0.63965221677466	0.560049653644316	"NGFR"	1
"M2"	"WNT5A-dependent internalization of FZD4"	"WNT5A-dependent internalization of FZD4"	"1/144"	"15/7644"	0.248387335107167	0.63965221677466	0.560049653644316	"WNT5A"	1
"M2"	"Amyloids"	"Amyloids"	"2/144"	"51/7644"	0.249583925704131	0.63965221677466	0.560049653644316	"TTR/ODAM"	2
"M2"	"Aquaporin-mediated transport"	"Aquaporin-mediated transport"	"2/144"	"51/7644"	0.249583925704131	0.63965221677466	0.560049653644316	"ADCY1/AQP7"	2
"M2"	"PI Metabolism"	"PI Metabolism"	"2/144"	"51/7644"	0.249583925704131	0.63965221677466	0.560049653644316	"INPP4B/PIP5K1B"	2
"M2"	"Phospholipid metabolism"	"Phospholipid metabolism"	"4/144"	"138/7644"	0.262243075015071	0.649605740040186	0.568764494476897	"LPCAT2/INPP4B/PIP5K1B/GPD1"	4
"M2"	"Cell-extracellular matrix interactions"	"Cell-extracellular matrix interactions"	"1/144"	"16/7644"	0.262574282773253	0.649605740040186	0.568764494476897	"FLNC"	1
"M2"	"Metabolism of Angiotensinogen to Angiotensins"	"Metabolism of Angiotensinogen to Angiotensins"	"1/144"	"16/7644"	0.262574282773253	0.649605740040186	0.568764494476897	"MME"	1
"M2"	"p75NTR signals via NF-kB"	"p75NTR signals via NF-kB"	"1/144"	"16/7644"	0.262574282773253	0.649605740040186	0.568764494476897	"NGFR"	1
"M2"	"PKA activation"	"PKA activation"	"1/144"	"16/7644"	0.262574282773253	0.649605740040186	0.568764494476897	"ADCY1"	1
"M2"	"Trafficking of GluR2-containing AMPA receptors"	"Trafficking of GluR2-containing AMPA receptors"	"1/144"	"16/7644"	0.262574282773253	0.649605740040186	0.568764494476897	"GRIP1"	1
"M2"	"PKA activation in glucagon signalling"	"PKA activation in glucagon signalling"	"1/144"	"17/7644"	0.276495271666888	0.671401508518372	0.587847853006739	"ADCY1"	1
"M2"	"PKA-mediated phosphorylation of CREB"	"PKA-mediated phosphorylation of CREB"	"1/144"	"17/7644"	0.276495271666888	0.671401508518372	0.587847853006739	"ADCY1"	1
"M2"	"ECM proteoglycans"	"ECM proteoglycans"	"2/144"	"55/7644"	0.277659035064841	0.671401508518372	0.587847853006739	"LAMA2/LRP4"	2
"M2"	"GABA receptor activation"	"GABA receptor activation"	"2/144"	"55/7644"	0.277659035064841	0.671401508518372	0.587847853006739	"ADCY1/GNAL"	2
"M2"	"Metabolism of amino acids and derivatives"	"Metabolism of amino acids and derivatives"	"5/144"	"188/7644"	0.280439820728831	0.674315973437864	0.590399622587014	"SLC6A12/ARG2/PSAT1/GPT/TDO2"	5
"M2"	"G alpha (i) signalling events"	"G alpha (i) signalling events"	"6/144"	"236/7644"	0.285378533363269	0.682343123442357	0.597427820820165	"ADCY1/NPY1R/ADRA2B/PYY/CASR/SSTR1"	6
"M2"	"Activation of SMO"	"Activation of SMO"	"1/144"	"18/7644"	0.290155253426423	0.682343123442357	0.597427820820165	"GAS1"	1
"M2"	"cGMP effects"	"cGMP effects"	"1/144"	"18/7644"	0.290155253426423	0.682343123442357	0.597427820820165	"KCNMA1"	1
"M2"	"Tie2 Signaling"	"Tie2 Signaling"	"1/144"	"18/7644"	0.290155253426423	0.682343123442357	0.597427820820165	"GRB14"	1
"M2"	"Constitutive Signaling by Ligand-Responsive EGFR Cancer Variants"	"Constitutive Signaling by Ligand-Responsive EGFR Cancer Variants"	"1/144"	"19/7644"	0.303559088137489	0.698512310337879	0.611584806887075	"EGF"	1
"M2"	"Ephrin signaling"	"Ephrin signaling"	"1/144"	"19/7644"	0.303559088137489	0.698512310337879	0.611584806887075	"EPHB2"	1
"M2"	"GABA synthesis, release, reuptake and degradation"	"GABA synthesis, release, reuptake and degradation"	"1/144"	"19/7644"	0.303559088137489	0.698512310337879	0.611584806887075	"SLC6A12"	1
"M2"	"Other semaphorin interactions"	"Other semaphorin interactions"	"1/144"	"19/7644"	0.303559088137489	0.698512310337879	0.611584806887075	"SEMA6D"	1
"M2"	"Cell-cell junction organization"	"Cell-cell junction organization"	"2/144"	"60/7644"	0.312653273647551	0.711785112346552	0.623205853407213	"CLDN8/CRB3"	2
"M2"	"Cytochrome P450 - arranged by substrate type"	"Cytochrome P450 - arranged by substrate type"	"2/144"	"60/7644"	0.312653273647551	0.711785112346552	0.623205853407213	"CYP39A1/CYP17A1"	2
"M2"	"Ca2+ pathway"	"Ca2+ pathway"	"2/144"	"61/7644"	0.319616560274946	0.723787766125275	0.633714817364973	"WNT5A/GNAO1"	2
"M2"	"GRB2 events in EGFR signaling"	"GRB2 events in EGFR signaling"	"1/144"	"21/7644"	0.329617309048339	0.73166869357095	0.640614989944068	"EGF"	1
"M2"	"Presynaptic function of Kainate receptors"	"Presynaptic function of Kainate receptors"	"1/144"	"21/7644"	0.329617309048339	0.73166869357095	0.640614989944068	"GRIK3"	1
"M2"	"O-linked glycosylation of mucins"	"O-linked glycosylation of mucins"	"2/144"	"64/7644"	0.34040004937174	0.73166869357095	0.640614989944068	"GALNT16/GALNTL6"	2
"M2"	"SHC1 events in EGFR signaling"	"SHC1 events in EGFR signaling"	"1/144"	"22/7644"	0.342280972631841	0.73166869357095	0.640614989944068	"EGF"	1
"M2"	"The canonical retinoid cycle in rods (twilight vision)"	"The canonical retinoid cycle in rods (twilight vision)"	"1/144"	"22/7644"	0.342280972631841	0.73166869357095	0.640614989944068	"TTR"	1
"M2"	"Laminin interactions"	"Laminin interactions"	"1/144"	"23/7644"	0.354707047145225	0.73166869357095	0.640614989944068	"LAMA2"	1
"M2"	"Semaphorin interactions"	"Semaphorin interactions"	"2/144"	"67/7644"	0.360987620522483	0.73166869357095	0.640614989944068	"SEMA6D/RND1"	2
"M2"	"Orphan transporters"	"Orphan transporters"	"3/144"	"114/7644"	0.363827189606429	0.73166869357095	0.640614989944068	"LCN2/LCN12/APOD"	3
"M2"	"DARPP-32 events"	"DARPP-32 events"	"1/144"	"24/7644"	0.366899959520384	0.73166869357095	0.640614989944068	"PPP1R1B"	1
"M2"	"Lysosome Vesicle Biogenesis"	"Lysosome Vesicle Biogenesis"	"1/144"	"24/7644"	0.366899959520384	0.73166869357095	0.640614989944068	"SH3GL2"	1
"M2"	"Sema4D induced cell migration and growth-cone collapse"	"Sema4D induced cell migration and growth-cone collapse"	"1/144"	"24/7644"	0.366899959520384	0.73166869357095	0.640614989944068	"RND1"	1
"M2"	"Latent infection of Homo sapiens with Mycobacterium tuberculosis"	"Latent infection of Homo sapiens with Mycobacterium tuberculosis"	"2/144"	"68/7644"	0.36779918072251	0.73166869357095	0.640614989944068	"ATP6V0A4/SLC11A1"	2
"M2"	"PI3K Cascade"	"PI3K Cascade"	"2/144"	"68/7644"	0.36779918072251	0.73166869357095	0.640614989944068	"FGF9/FGFR2"	2
"M2"	"Signaling by Insulin receptor"	"Signaling by Insulin receptor"	"3/144"	"116/7644"	0.374136136728031	0.73166869357095	0.640614989944068	"ATP6V0A4/FGF9/FGFR2"	3
"M2"	"Acyl chain remodelling of PC"	"Acyl chain remodelling of PC"	"1/144"	"25/7644"	0.378864054773542	0.73166869357095	0.640614989944068	"LPCAT2"	1
"M2"	"Effects of PIP2 hydrolysis"	"Effects of PIP2 hydrolysis"	"1/144"	"25/7644"	0.378864054773542	0.73166869357095	0.640614989944068	"RASGRP1"	1
"M2"	"Metal ion SLC transporters"	"Metal ion SLC transporters"	"1/144"	"25/7644"	0.378864054773542	0.73166869357095	0.640614989944068	"SLC11A1"	1
"M2"	"Nitric oxide stimulates guanylate cyclase"	"Nitric oxide stimulates guanylate cyclase"	"1/144"	"25/7644"	0.378864054773542	0.73166869357095	0.640614989944068	"KCNMA1"	1
"M2"	"Sphingolipid metabolism"	"Sphingolipid metabolism"	"2/144"	"71/7644"	0.388060993438029	0.73166869357095	0.640614989944068	"SGPP2/DEGS2"	2
"M2"	"A tetrasaccharide linker sequence is required for GAG synthesis"	"A tetrasaccharide linker sequence is required for GAG synthesis"	"1/144"	"26/7644"	0.390603597510464	0.73166869357095	0.640614989944068	"GXYLT2"	1
"M2"	"ATF4 activates genes"	"ATF4 activates genes"	"1/144"	"26/7644"	0.390603597510464	0.73166869357095	0.640614989944068	"ATF3"	1
"M2"	"Calmodulin induced events"	"Calmodulin induced events"	"1/144"	"26/7644"	0.390603597510464	0.73166869357095	0.640614989944068	"ADCY1"	1
"M2"	"CaM pathway"	"CaM pathway"	"1/144"	"26/7644"	0.390603597510464	0.73166869357095	0.640614989944068	"ADCY1"	1
"M2"	"Insulin receptor recycling"	"Insulin receptor recycling"	"1/144"	"26/7644"	0.390603597510464	0.73166869357095	0.640614989944068	"ATP6V0A4"	1
"M2"	"WNT ligand biogenesis and trafficking"	"WNT ligand biogenesis and trafficking"	"1/144"	"26/7644"	0.390603597510464	0.73166869357095	0.640614989944068	"WNT5A"	1
"M2"	"WNT ligand secretion is abrogated by the PORCN inhibitor LGK974"	"WNT ligand secretion is abrogated by the PORCN inhibitor LGK974"	"1/144"	"26/7644"	0.390603597510464	0.73166869357095	0.640614989944068	"WNT5A"	1
"M2"	"Attenuation phase"	"Attenuation phase"	"1/144"	"27/7644"	0.402122773404202	0.73166869357095	0.640614989944068	"HSPA6"	1
"M2"	"CREB phosphorylation through the activation of Ras"	"CREB phosphorylation through the activation of Ras"	"1/144"	"27/7644"	0.402122773404202	0.73166869357095	0.640614989944068	"RPS6KA6"	1
"M2"	"Integrin alphaIIb beta3 signaling"	"Integrin alphaIIb beta3 signaling"	"1/144"	"27/7644"	0.402122773404202	0.73166869357095	0.640614989944068	"RASGRP1"	1
"M2"	"Sema4D in semaphorin signaling"	"Sema4D in semaphorin signaling"	"1/144"	"27/7644"	0.402122773404202	0.73166869357095	0.640614989944068	"RND1"	1
"M2"	"Ca-dependent events"	"Ca-dependent events"	"1/144"	"28/7644"	0.413425690645871	0.73166869357095	0.640614989944068	"ADCY1"	1
"M2"	"G-protein activation"	"G-protein activation"	"1/144"	"28/7644"	0.413425690645871	0.73166869357095	0.640614989944068	"GNAO1"	1
"M2"	"Synthesis of PA"	"Synthesis of PA"	"1/144"	"28/7644"	0.413425690645871	0.73166869357095	0.640614989944068	"GPD1"	1
"M2"	"PERK regulates gene expression"	"PERK regulates gene expression"	"1/144"	"29/7644"	0.424516381368954	0.73166869357095	0.640614989944068	"ATF3"	1
"M2"	"Transferrin endocytosis and recycling"	"Transferrin endocytosis and recycling"	"1/144"	"29/7644"	0.424516381368954	0.73166869357095	0.640614989944068	"ATP6V0A4"	1
"M2"	"YAP1- and WWTR1 (TAZ)-stimulated gene expression"	"YAP1- and WWTR1 (TAZ)-stimulated gene expression"	"1/144"	"29/7644"	0.424516381368954	0.73166869357095	0.640614989944068	"RUNX2"	1
"M2"	"Defective CYP11A1 causes Adrenal insufficiency, congenital, with 46,XY sex reversal (AICSR)"	"Defective CYP11A1 causes Adrenal insufficiency, congenital, with 46,XY sex reversal (AICSR)"	"2/144"	"78/7644"	0.434173771484649	0.73166869357095	0.640614989944068	"CYP39A1/CYP17A1"	2
"M2"	"Defective CYP11B1 causes Adrenal hyperplasia 4 (AH4)"	"Defective CYP11B1 causes Adrenal hyperplasia 4 (AH4)"	"2/144"	"78/7644"	0.434173771484649	0.73166869357095	0.640614989944068	"CYP39A1/CYP17A1"	2
"M2"	"Defective CYP11B2 causes Corticosterone methyloxidase 1 deficiency (CMO-1 deficiency)"	"Defective CYP11B2 causes Corticosterone methyloxidase 1 deficiency (CMO-1 deficiency)"	"2/144"	"78/7644"	0.434173771484649	0.73166869357095	0.640614989944068	"CYP39A1/CYP17A1"	2
"M2"	"Defective CYP17A1 causes Adrenal hyperplasia 5 (AH5)"	"Defective CYP17A1 causes Adrenal hyperplasia 5 (AH5)"	"2/144"	"78/7644"	0.434173771484649	0.73166869357095	0.640614989944068	"CYP39A1/CYP17A1"	2
"M2"	"Defective CYP19A1 causes Aromatase excess syndrome (AEXS)"	"Defective CYP19A1 causes Aromatase excess syndrome (AEXS)"	"2/144"	"78/7644"	0.434173771484649	0.73166869357095	0.640614989944068	"CYP39A1/CYP17A1"	2
"M2"	"Defective CYP1B1 causes Glaucoma"	"Defective CYP1B1 causes Glaucoma"	"2/144"	"78/7644"	0.434173771484649	0.73166869357095	0.640614989944068	"CYP39A1/CYP17A1"	2
"M2"	"Defective CYP21A2 causes Adrenal hyperplasia 3 (AH3)"	"Defective CYP21A2 causes Adrenal hyperplasia 3 (AH3)"	"2/144"	"78/7644"	0.434173771484649	0.73166869357095	0.640614989944068	"CYP39A1/CYP17A1"	2
"M2"	"Defective CYP24A1 causes Hypercalcemia, infantile (HCAI)"	"Defective CYP24A1 causes Hypercalcemia, infantile (HCAI)"	"2/144"	"78/7644"	0.434173771484649	0.73166869357095	0.640614989944068	"CYP39A1/CYP17A1"	2
"M2"	"Defective CYP26B1 causes Radiohumeral fusions with other skeletal and craniofacial anomalies (RHFCA)"	"Defective CYP26B1 causes Radiohumeral fusions with other skeletal and craniofacial anomalies (RHFCA)"	"2/144"	"78/7644"	0.434173771484649	0.73166869357095	0.640614989944068	"CYP39A1/CYP17A1"	2
"M2"	"Defective CYP26C1 causes Focal facial dermal dysplasia 4 (FFDD4)"	"Defective CYP26C1 causes Focal facial dermal dysplasia 4 (FFDD4)"	"2/144"	"78/7644"	0.434173771484649	0.73166869357095	0.640614989944068	"CYP39A1/CYP17A1"	2
"M2"	"Defective CYP27A1 causes Cerebrotendinous xanthomatosis (CTX)"	"Defective CYP27A1 causes Cerebrotendinous xanthomatosis (CTX)"	"2/144"	"78/7644"	0.434173771484649	0.73166869357095	0.640614989944068	"CYP39A1/CYP17A1"	2
"M2"	"Defective CYP27B1 causes Rickets vitamin D-dependent 1A (VDDR1A)"	"Defective CYP27B1 causes Rickets vitamin D-dependent 1A (VDDR1A)"	"2/144"	"78/7644"	0.434173771484649	0.73166869357095	0.640614989944068	"CYP39A1/CYP17A1"	2
"M2"	"Defective CYP2R1 causes Rickets vitamin D-dependent 1B (VDDR1B)"	"Defective CYP2R1 causes Rickets vitamin D-dependent 1B (VDDR1B)"	"2/144"	"78/7644"	0.434173771484649	0.73166869357095	0.640614989944068	"CYP39A1/CYP17A1"	2
"M2"	"Defective CYP2U1 causes Spastic paraplegia 56, autosomal recessive (SPG56)"	"Defective CYP2U1 causes Spastic paraplegia 56, autosomal recessive (SPG56)"	"2/144"	"78/7644"	0.434173771484649	0.73166869357095	0.640614989944068	"CYP39A1/CYP17A1"	2
"M2"	"Defective CYP4F22 causes Ichthyosis, congenital, autosomal recessive 5 (ARCI5)"	"Defective CYP4F22 causes Ichthyosis, congenital, autosomal recessive 5 (ARCI5)"	"2/144"	"78/7644"	0.434173771484649	0.73166869357095	0.640614989944068	"CYP39A1/CYP17A1"	2
"M2"	"Defective CYP7B1 causes Spastic paraplegia 5A, autosomal recessive (SPG5A) and Congenital bile acid synthesis defect 3 (CBAS3)"	"Defective CYP7B1 causes Spastic paraplegia 5A, autosomal recessive (SPG5A) and Congenital bile acid synthesis defect 3 (CBAS3)"	"2/144"	"78/7644"	0.434173771484649	0.73166869357095	0.640614989944068	"CYP39A1/CYP17A1"	2
"M2"	"Defective FMO3 causes Trimethylaminuria (TMAU)"	"Defective FMO3 causes Trimethylaminuria (TMAU)"	"2/144"	"78/7644"	0.434173771484649	0.73166869357095	0.640614989944068	"CYP39A1/CYP17A1"	2
"M2"	"Defective MAOA causes Brunner syndrome (BRUNS)"	"Defective MAOA causes Brunner syndrome (BRUNS)"	"2/144"	"78/7644"	0.434173771484649	0.73166869357095	0.640614989944068	"CYP39A1/CYP17A1"	2
"M2"	"Defective TBXAS1 causes Ghosal hematodiaphyseal dysplasia (GHDD)"	"Defective TBXAS1 causes Ghosal hematodiaphyseal dysplasia (GHDD)"	"2/144"	"78/7644"	0.434173771484649	0.73166869357095	0.640614989944068	"CYP39A1/CYP17A1"	2
"M2"	"Phase 1 - Functionalization of compounds"	"Phase 1 - Functionalization of compounds"	"2/144"	"78/7644"	0.434173771484649	0.73166869357095	0.640614989944068	"CYP39A1/CYP17A1"	2
"M2"	"Transcriptional regulation of white adipocyte differentiation"	"Transcriptional regulation of white adipocyte differentiation"	"2/144"	"78/7644"	0.434173771484649	0.73166869357095	0.640614989944068	"SLC2A4/PCK1"	2
"M2"	"Activation of Kainate Receptors upon glutamate binding"	"Activation of Kainate Receptors upon glutamate binding"	"1/144"	"30/7644"	0.435398803047597	0.73166869357095	0.640614989944068	"GRIK3"	1
"M2"	"Glucagon-type ligand receptors"	"Glucagon-type ligand receptors"	"1/144"	"30/7644"	0.435398803047597	0.73166869357095	0.640614989944068	"GCGR"	1
"M2"	"Glutamate Binding, Activation of AMPA Receptors and Synaptic Plasticity"	"Glutamate Binding, Activation of AMPA Receptors and Synaptic Plasticity"	"1/144"	"30/7644"	0.435398803047597	0.73166869357095	0.640614989944068	"GRIP1"	1
"M2"	"HSF1 activation"	"HSF1 activation"	"1/144"	"30/7644"	0.435398803047597	0.73166869357095	0.640614989944068	"HSPA6"	1
"M2"	"Signaling by FGFR1 mutants"	"Signaling by FGFR1 mutants"	"1/144"	"30/7644"	0.435398803047597	0.73166869357095	0.640614989944068	"FGF9"	1
"M2"	"Trafficking of AMPA receptors"	"Trafficking of AMPA receptors"	"1/144"	"30/7644"	0.435398803047597	0.73166869357095	0.640614989944068	"GRIP1"	1
"M2"	"DAG and IP3 signaling"	"DAG and IP3 signaling"	"1/144"	"31/7644"	0.446076839869392	0.73166869357095	0.640614989944068	"ADCY1"	1
"M2"	"Gluconeogenesis"	"Gluconeogenesis"	"1/144"	"31/7644"	0.446076839869392	0.73166869357095	0.640614989944068	"PCK1"	1
"M2"	"Inwardly rectifying K+ channels"	"Inwardly rectifying K+ channels"	"1/144"	"31/7644"	0.446076839869392	0.73166869357095	0.640614989944068	"KCNJ11"	1
"M2"	"Oncogene Induced Senescence"	"Oncogene Induced Senescence"	"1/144"	"32/7644"	0.45655430408308	0.73166869357095	0.640614989944068	"CDKN2A"	1
"M2"	"Signaling by Robo receptor"	"Signaling by Robo receptor"	"1/144"	"32/7644"	0.45655430408308	0.73166869357095	0.640614989944068	"ROBO1"	1
"M2"	"Unfolded Protein Response (UPR)"	"Unfolded Protein Response (UPR)"	"2/144"	"82/7644"	0.459687262929265	0.73166869357095	0.640614989944068	"ATF3/KDELR3"	2
"M2"	"Metabolism of steroid hormones and vitamin D"	"Metabolism of steroid hormones and vitamin D"	"1/144"	"33/7644"	0.466834937321656	0.73166869357095	0.640614989944068	"CYP17A1"	1
"M2"	"PLC-gamma1 signalling"	"PLC-gamma1 signalling"	"1/144"	"33/7644"	0.466834937321656	0.73166869357095	0.640614989944068	"ADCY1"	1
"M2"	"Steroid hormones"	"Steroid hormones"	"1/144"	"33/7644"	0.466834937321656	0.73166869357095	0.640614989944068	"CYP17A1"	1
"M2"	"Signaling by Hedgehog"	"Signaling by Hedgehog"	"3/144"	"136/7644"	0.474590973937703	0.73166869357095	0.640614989944068	"ADCY1/SCUBE2/GAS1"	3
"M2"	"EPHA-mediated growth cone collapse"	"EPHA-mediated growth cone collapse"	"1/144"	"34/7644"	0.476922411901301	0.73166869357095	0.640614989944068	"EPHA3"	1
"M2"	"IRS-mediated signalling"	"IRS-mediated signalling"	"2/144"	"85/7644"	0.47838317038138	0.73166869357095	0.640614989944068	"FGF9/FGFR2"	2
"M2"	"HSF1-dependent transactivation"	"HSF1-dependent transactivation"	"1/144"	"35/7644"	0.486820332096598	0.73166869357095	0.640614989944068	"HSPA6"	1
"M2"	"Regulation of HSF1-mediated heat shock response"	"Regulation of HSF1-mediated heat shock response"	"1/144"	"35/7644"	0.486820332096598	0.73166869357095	0.640614989944068	"HSPA6"	1
"M2"	"Class B/2 (Secretin family receptors)"	"Class B/2 (Secretin family receptors)"	"2/144"	"87/7644"	0.49062830620295	0.73166869357095	0.640614989944068	"GCGR/WNT5A"	2
"M2"	"Defective AMN causes hereditary megaloblastic anemia 1"	"Defective AMN causes hereditary megaloblastic anemia 1"	"2/144"	"87/7644"	0.49062830620295	0.73166869357095	0.640614989944068	"ENPP1/AOX1"	2
"M2"	"Defective BTD causes biotidinase deficiency"	"Defective BTD causes biotidinase deficiency"	"2/144"	"87/7644"	0.49062830620295	0.73166869357095	0.640614989944068	"ENPP1/AOX1"	2
"M2"	"Defective CD320 causes methylmalonic aciduria"	"Defective CD320 causes methylmalonic aciduria"	"2/144"	"87/7644"	0.49062830620295	0.73166869357095	0.640614989944068	"ENPP1/AOX1"	2
"M2"	"Defective CUBN causes hereditary megaloblastic anemia 1"	"Defective CUBN causes hereditary megaloblastic anemia 1"	"2/144"	"87/7644"	0.49062830620295	0.73166869357095	0.640614989944068	"ENPP1/AOX1"	2
"M2"	"Defective GIF causes intrinsic factor deficiency"	"Defective GIF causes intrinsic factor deficiency"	"2/144"	"87/7644"	0.49062830620295	0.73166869357095	0.640614989944068	"ENPP1/AOX1"	2
"M2"	"Defective HLCS causes multiple carboxylase deficiency"	"Defective HLCS causes multiple carboxylase deficiency"	"2/144"	"87/7644"	0.49062830620295	0.73166869357095	0.640614989944068	"ENPP1/AOX1"	2
"M2"	"Defective LMBRD1 causes methylmalonic aciduria and homocystinuria type cblF"	"Defective LMBRD1 causes methylmalonic aciduria and homocystinuria type cblF"	"2/144"	"87/7644"	0.49062830620295	0.73166869357095	0.640614989944068	"ENPP1/AOX1"	2
"M2"	"Defective MMAA causes methylmalonic aciduria type cblA"	"Defective MMAA causes methylmalonic aciduria type cblA"	"2/144"	"87/7644"	0.49062830620295	0.73166869357095	0.640614989944068	"ENPP1/AOX1"	2
"M2"	"Defective MMAB causes methylmalonic aciduria type cblB"	"Defective MMAB causes methylmalonic aciduria type cblB"	"2/144"	"87/7644"	0.49062830620295	0.73166869357095	0.640614989944068	"ENPP1/AOX1"	2
"M2"	"Defective MMACHC causes methylmalonic aciduria and homocystinuria type cblC"	"Defective MMACHC causes methylmalonic aciduria and homocystinuria type cblC"	"2/144"	"87/7644"	0.49062830620295	0.73166869357095	0.640614989944068	"ENPP1/AOX1"	2
"M2"	"Defective MMADHC causes methylmalonic aciduria and homocystinuria type cblD"	"Defective MMADHC causes methylmalonic aciduria and homocystinuria type cblD"	"2/144"	"87/7644"	0.49062830620295	0.73166869357095	0.640614989944068	"ENPP1/AOX1"	2
"M2"	"Defective MTR causes methylmalonic aciduria and homocystinuria type cblG"	"Defective MTR causes methylmalonic aciduria and homocystinuria type cblG"	"2/144"	"87/7644"	0.49062830620295	0.73166869357095	0.640614989944068	"ENPP1/AOX1"	2
"M2"	"Defective MTRR causes methylmalonic aciduria and homocystinuria type cblE"	"Defective MTRR causes methylmalonic aciduria and homocystinuria type cblE"	"2/144"	"87/7644"	0.49062830620295	0.73166869357095	0.640614989944068	"ENPP1/AOX1"	2
"M2"	"Defective MUT causes methylmalonic aciduria mut type"	"Defective MUT causes methylmalonic aciduria mut type"	"2/144"	"87/7644"	0.49062830620295	0.73166869357095	0.640614989944068	"ENPP1/AOX1"	2
"M2"	"Defective TCN2 causes hereditary megaloblastic anemia"	"Defective TCN2 causes hereditary megaloblastic anemia"	"2/144"	"87/7644"	0.49062830620295	0.73166869357095	0.640614989944068	"ENPP1/AOX1"	2
"M2"	"Defects in biotin (Btn) metabolism"	"Defects in biotin (Btn) metabolism"	"2/144"	"87/7644"	0.49062830620295	0.73166869357095	0.640614989944068	"ENPP1/AOX1"	2
"M2"	"Defects in cobalamin (B12) metabolism"	"Defects in cobalamin (B12) metabolism"	"2/144"	"87/7644"	0.49062830620295	0.73166869357095	0.640614989944068	"ENPP1/AOX1"	2
"M2"	"Defects in vitamin and cofactor metabolism"	"Defects in vitamin and cofactor metabolism"	"2/144"	"87/7644"	0.49062830620295	0.73166869357095	0.640614989944068	"ENPP1/AOX1"	2
"M2"	"Metabolism of vitamins and cofactors"	"Metabolism of vitamins and cofactors"	"2/144"	"87/7644"	0.49062830620295	0.73166869357095	0.640614989944068	"ENPP1/AOX1"	2
"M2"	"Metabolism of water-soluble vitamins and cofactors"	"Metabolism of water-soluble vitamins and cofactors"	"2/144"	"87/7644"	0.49062830620295	0.73166869357095	0.640614989944068	"ENPP1/AOX1"	2
"M2"	"Gamma carboxylation, hypusine formation and arylsulfatase activation"	"Gamma carboxylation, hypusine formation and arylsulfatase activation"	"1/144"	"36/7644"	0.496532235392444	0.733036469789655	0.641812551020947	"F7"	1
"M2"	"Glycerophospholipid biosynthesis"	"Glycerophospholipid biosynthesis"	"2/144"	"88/7644"	0.496683589343458	0.733036469789655	0.641812551020947	"LPCAT2/GPD1"	2
"M2"	"IRS-related events"	"IRS-related events"	"2/144"	"88/7644"	0.496683589343458	0.733036469789655	0.641812551020947	"FGF9/FGFR2"	2
"M2"	"IRS-related events triggered by IGF1R"	"IRS-related events triggered by IGF1R"	"2/144"	"89/7644"	0.50269336841821	0.739356569357367	0.647346135492431	"FGF9/FGFR2"	2
"M2"	"BMAL1:CLOCK,NPAS2 activates circadian gene expression"	"BMAL1:CLOCK,NPAS2 activates circadian gene expression"	"1/144"	"37/7644"	0.506061593713092	0.741761514072614	0.649451792941098	"F7"	1
"M2"	"Apoptotic cleavage of cellular proteins"	"Apoptotic cleavage of cellular proteins"	"1/144"	"38/7644"	0.515411814628737	0.752535929041781	0.658885368270718	"DSP"	1
"M2"	"IGF1R signaling cascade"	"IGF1R signaling cascade"	"2/144"	"92/7644"	0.520445408870017	0.752535929041781	0.658885368270718	"FGF9/FGFR2"	2
"M2"	"Insulin receptor signalling cascade"	"Insulin receptor signalling cascade"	"2/144"	"92/7644"	0.520445408870017	0.752535929041781	0.658885368270718	"FGF9/FGFR2"	2
"M2"	"Signaling by Type 1 Insulin-like Growth Factor 1 Receptor (IGF1R)"	"Signaling by Type 1 Insulin-like Growth Factor 1 Receptor (IGF1R)"	"2/144"	"92/7644"	0.520445408870017	0.752535929041781	0.658885368270718	"FGF9/FGFR2"	2
"M2"	"Class C/3 (Metabotropic glutamate/pheromone receptors)"	"Class C/3 (Metabotropic glutamate/pheromone receptors)"	"1/144"	"40/7644"	0.533588159841069	0.766361518160998	0.670990409408056	"CASR"	1
"M2"	"Glucose transport"	"Glucose transport"	"1/144"	"40/7644"	0.533588159841069	0.766361518160998	0.670990409408056	"SLC2A4"	1
"M2"	"EPHB-mediated forward signaling"	"EPHB-mediated forward signaling"	"1/144"	"41/7644"	0.542420788060807	0.773853657633418	0.677550177367183	"EPHB2"	1
"M2"	"Retinoid metabolism and transport"	"Retinoid metabolism and transport"	"1/144"	"41/7644"	0.542420788060807	0.773853657633418	0.677550177367183	"TTR"	1
"M2"	"Amine ligand-binding receptors"	"Amine ligand-binding receptors"	"1/144"	"42/7644"	0.551087288984027	0.78101112478531	0.683816921848427	"ADRA2B"	1
"M2"	"Neurotransmitter Release Cycle"	"Neurotransmitter Release Cycle"	"1/144"	"42/7644"	0.551087288984027	0.78101112478531	0.683816921848427	"SLC6A12"	1
"M2"	"Vasopressin regulates renal water homeostasis via Aquaporins"	"Vasopressin regulates renal water homeostasis via Aquaporins"	"1/144"	"43/7644"	0.559590765751496	0.788711328203486	0.690558860896313	"ADCY1"	1
"M2"	"Cell surface interactions at the vascular wall"	"Cell surface interactions at the vascular wall"	"2/144"	"99/7644"	0.560206177041728	0.788711328203486	0.690558860896313	"GRB14/CEACAM1"	2
"M2"	"Inositol phosphate metabolism"	"Inositol phosphate metabolism"	"1/144"	"44/7644"	0.567934263940127	0.79697004907008	0.697789811778034	"INPP4B"	1
"M2"	"NRAGE signals death through JNK"	"NRAGE signals death through JNK"	"1/144"	"45/7644"	0.576120772623367	0.805815982623533	0.705534898706291	"NGFR"	1
"M2"	"MHC class II antigen presentation"	"MHC class II antigen presentation"	"2/144"	"103/7644"	0.581858848410614	0.811190837523592	0.710240871024099	"SH3GL2/CTSK"	2
"M2"	"Hexose transport"	"Hexose transport"	"1/144"	"46/7644"	0.584153225412186	0.811745391157193	0.710726412326515	"SLC2A4"	1
"M2"	"Hemostasis"	"Hemostasis"	"9/144"	"497/7644"	0.598476488143822	0.82540340374227	0.722684731264752	"EGF/GRB14/SERPINA5/CEACAM1/RASGRP1/KCNMA1/SERPINE2/ADRA2B/F7"	9
"M2"	"Formation of the ternary complex, and subsequently, the 43S complex"	"Formation of the ternary complex, and subsequently, the 43S complex"	"1/144"	"48/7644"	0.599767426551042	0.82540340374227	0.722684731264752	"RPS4Y1"	1
"M2"	"XBP1(S) activates chaperone genes"	"XBP1(S) activates chaperone genes"	"1/144"	"48/7644"	0.599767426551042	0.82540340374227	0.722684731264752	"KDELR3"	1
"M2"	"Post-translational protein modification"	"Post-translational protein modification"	"5/144"	"278/7644"	0.605835249924276	0.831081688998687	0.727656373053449	"GALNT16/ADAMTSL4/ADAMTSL5/GALNTL6/F7"	5
"M2"	"Arachidonic acid metabolism"	"Arachidonic acid metabolism"	"1/144"	"50/7644"	0.614799265364146	0.835346303415411	0.731390270575225	"HPGD"	1
"M2"	"Chondroitin sulfate/dermatan sulfate metabolism"	"Chondroitin sulfate/dermatan sulfate metabolism"	"1/144"	"50/7644"	0.614799265364146	0.835346303415411	0.731390270575225	"GXYLT2"	1
"M2"	"IRE1alpha activates chaperones"	"IRE1alpha activates chaperones"	"1/144"	"50/7644"	0.614799265364146	0.835346303415411	0.731390270575225	"KDELR3"	1
"M2"	"Cellular response to heat stress"	"Cellular response to heat stress"	"1/144"	"51/7644"	0.622103572157346	0.842595977478937	0.737737747128632	"HSPA6"	1
"M2"	"Apoptotic execution  phase"	"Apoptotic execution  phase"	"1/144"	"52/7644"	0.62927031594891	0.84961418052408	0.743882558451974	"DSP"	1
"M2"	"Golgi Associated Vesicle Biogenesis"	"Golgi Associated Vesicle Biogenesis"	"1/144"	"54/7644"	0.643201358593137	0.862978625322453	0.755583843125414	"SH3GL2"	1
"M2"	"Heparan sulfate/heparin (HS-GAG) metabolism"	"Heparan sulfate/heparin (HS-GAG) metabolism"	"1/144"	"54/7644"	0.643201358593137	0.862978625322453	0.755583843125414	"GXYLT2"	1
"M2"	"Circadian Clock"	"Circadian Clock"	"1/144"	"55/7644"	0.649970660880698	0.863936157940803	0.756422214035726	"F7"	1
"M2"	"Ribosomal scanning and start codon recognition"	"Ribosomal scanning and start codon recognition"	"1/144"	"55/7644"	0.649970660880698	0.863936157940803	0.756422214035726	"RPS4Y1"	1
"M2"	"Translation initiation complex formation"	"Translation initiation complex formation"	"1/144"	"55/7644"	0.649970660880698	0.863936157940803	0.756422214035726	"RPS4Y1"	1
"M2"	"Activation of the mRNA upon binding of the cap-binding complex and eIFs, and subsequent binding to 43S"	"Activation of the mRNA upon binding of the cap-binding complex and eIFs, and subsequent binding to 43S"	"1/144"	"56/7644"	0.656612408783344	0.870062263031799	0.761785945989475	"RPS4Y1"	1
"M2"	"FCERI mediated NF-kB activation"	"FCERI mediated NF-kB activation"	"1/144"	"57/7644"	0.663128989323038	0.875985208118087	0.766971800516574	"RASGRP1"	1
"M2"	"Rho GTPase cycle"	"Rho GTPase cycle"	"2/144"	"122/7644"	0.673988110307182	0.884867825802067	0.774749006358918	"ARHGAP44/ARHGAP8"	2
"M2"	"Signaling by Rho GTPases"	"Signaling by Rho GTPases"	"2/144"	"122/7644"	0.673988110307182	0.884867825802067	0.774749006358918	"ARHGAP44/ARHGAP8"	2
"M2"	"Translocation of GLUT4 to the plasma membrane"	"Translocation of GLUT4 to the plasma membrane"	"1/144"	"60/7644"	0.681950936459886	0.892301977843284	0.781258003227273	"SLC2A4"	1
"M2"	"Cell death signalling via NRAGE, NRIF and NADE"	"Cell death signalling via NRAGE, NRIF and NADE"	"1/144"	"61/7644"	0.687989842729635	0.892301977843284	0.781258003227273	"NGFR"	1
"M2"	"Clathrin derived vesicle budding"	"Clathrin derived vesicle budding"	"1/144"	"61/7644"	0.687989842729635	0.892301977843284	0.781258003227273	"SH3GL2"	1
"M2"	"trans-Golgi Network Vesicle Budding"	"trans-Golgi Network Vesicle Budding"	"1/144"	"61/7644"	0.687989842729635	0.892301977843284	0.781258003227273	"SH3GL2"	1
"M2"	"G alpha (s) signalling events"	"G alpha (s) signalling events"	"2/144"	"126/7644"	0.691163392237535	0.893709763980861	0.78249059512343	"GCGR/ADCY1"	2
"M2"	"G alpha (q) signalling events"	"G alpha (q) signalling events"	"3/144"	"189/7644"	0.696360098022421	0.894049761325767	0.782788280944351	"GCGR/RASGRP1/CASR"	3
"M2"	"Generic Transcription Pathway"	"Generic Transcription Pathway"	"8/144"	"483/7644"	0.69770023080064	0.894049761325767	0.782788280944351	"RORC/ESRRG/NR0B2/PGR/ZNF154/RUNX2/ZNF208/ZNF483"	8
"M2"	"Asymmetric localization of PCP proteins"	"Asymmetric localization of PCP proteins"	"1/144"	"63/7644"	0.699728143534928	0.894049761325767	0.782788280944351	"WNT5A"	1
"M2"	"Peptide ligand-binding receptors"	"Peptide ligand-binding receptors"	"3/144"	"190/7644"	0.699781939355448	0.894049761325767	0.782788280944351	"NPY1R/PYY/SSTR1"	3
"M2"	"Hedgehog ligand biogenesis"	"Hedgehog ligand biogenesis"	"1/144"	"64/7644"	0.705431764077201	0.895919273071342	0.784425138252331	"SCUBE2"	1
"M2"	"Processing-defective Hh variants abrogate ligand secretion"	"Processing-defective Hh variants abrogate ligand secretion"	"1/144"	"64/7644"	0.705431764077201	0.895919273071342	0.784425138252331	"SCUBE2"	1
"M2"	"Interferon alpha/beta signaling"	"Interferon alpha/beta signaling"	"1/144"	"67/7644"	0.721905044547719	0.906390423916864	0.793593189656674	"BST2"	1
"M2"	"Glycogen storage diseases"	"Glycogen storage diseases"	"4/144"	"258/7644"	0.722147510644044	0.906390423916864	0.793593189656674	"SLC2A4/PCK1/MGAM/GXYLT2"	4
"M2"	"Metabolism of carbohydrates"	"Metabolism of carbohydrates"	"4/144"	"258/7644"	0.722147510644044	0.906390423916864	0.793593189656674	"SLC2A4/PCK1/MGAM/GXYLT2"	4
"M2"	"Myoclonic epilepsy of Lafora"	"Myoclonic epilepsy of Lafora"	"4/144"	"258/7644"	0.722147510644044	0.906390423916864	0.793593189656674	"SLC2A4/PCK1/MGAM/GXYLT2"	4
"M2"	"Mitotic G1-G1/S phases"	"Mitotic G1-G1/S phases"	"2/144"	"135/7644"	0.727105922726523	0.909255895774153	0.796102063196258	"CCND2/CDKN2A"	2
"M2"	"Glucose metabolism"	"Glucose metabolism"	"1/144"	"69/7644"	0.732375609312634	0.909255895774153	0.796102063196258	"PCK1"	1
"M2"	"Defective ACTH causes Obesity and Pro-opiomelanocortinin deficiency (POMCD)"	"Defective ACTH causes Obesity and Pro-opiomelanocortinin deficiency (POMCD)"	"7/144"	"441/7644"	0.732928233743184	0.909255895774153	0.796102063196258	"GCGR/NPY1R/ADRA2B/WNT5A/PYY/CASR/SSTR1"	7
"M2"	"GPCR ligand binding"	"GPCR ligand binding"	"7/144"	"441/7644"	0.732928233743184	0.909255895774153	0.796102063196258	"GCGR/NPY1R/ADRA2B/WNT5A/PYY/CASR/SSTR1"	7
"M2"	"beta-catenin independent WNT signaling"	"beta-catenin independent WNT signaling"	"2/144"	"144/7644"	0.759471659038134	0.938984181554328	0.822130763977719	"WNT5A/GNAO1"	2
"M2"	"Senescence-Associated Secretory Phenotype (SASP)"	"Senescence-Associated Secretory Phenotype (SASP)"	"1/144"	"76/7644"	0.766032941077773	0.938984181554328	0.822130763977719	"CDKN2A"	1
"M2"	"Platelet degranulation"	"Platelet degranulation"	"1/144"	"79/7644"	0.779137544999924	0.938984181554328	0.822130763977719	"EGF"	1
"M2"	"Platelet homeostasis"	"Platelet homeostasis"	"1/144"	"79/7644"	0.779137544999924	0.938984181554328	0.822130763977719	"KCNMA1"	1
"M2"	"Gastrin-CREB signalling pathway via PKC and MAPK"	"Gastrin-CREB signalling pathway via PKC and MAPK"	"3/144"	"217/7644"	0.781455760718034	0.938984181554328	0.822130763977719	"GCGR/RASGRP1/CASR"	3
"M2"	"Platelet activation, signaling and aggregation"	"Platelet activation, signaling and aggregation"	"3/144"	"221/7644"	0.791866579687829	0.938984181554328	0.822130763977719	"EGF/RASGRP1/ADRA2B"	3
"M2"	"p75 NTR receptor-mediated signalling"	"p75 NTR receptor-mediated signalling"	"1/144"	"83/7644"	0.795483097626742	0.938984181554328	0.822130763977719	"NGFR"	1
"M2"	"Peptide hormone metabolism"	"Peptide hormone metabolism"	"1/144"	"83/7644"	0.795483097626742	0.938984181554328	0.822130763977719	"MME"	1
"M2"	"Eukaryotic Translation Termination"	"Eukaryotic Translation Termination"	"1/144"	"84/7644"	0.799378142454377	0.938984181554328	0.822130763977719	"RPS4Y1"	1
"M2"	"Peptide chain elongation"	"Peptide chain elongation"	"1/144"	"84/7644"	0.799378142454377	0.938984181554328	0.822130763977719	"RPS4Y1"	1
"M2"	"Response to elevated platelet cytosolic Ca2+"	"Response to elevated platelet cytosolic Ca2+"	"1/144"	"84/7644"	0.799378142454377	0.938984181554328	0.822130763977719	"EGF"	1
"M2"	"Hedgehog 'on' state"	"Hedgehog 'on' state"	"1/144"	"85/7644"	0.803199511169531	0.938984181554328	0.822130763977719	"GAS1"	1
"M2"	"Eukaryotic Translation Elongation"	"Eukaryotic Translation Elongation"	"1/144"	"89/7644"	0.817775521391921	0.938984181554328	0.822130763977719	"RPS4Y1"	1
"M2"	"Nonsense Mediated Decay (NMD) independent of the Exon Junction Complex (EJC)"	"Nonsense Mediated Decay (NMD) independent of the Exon Junction Complex (EJC)"	"1/144"	"89/7644"	0.817775521391921	0.938984181554328	0.822130763977719	"RPS4Y1"	1
"M2"	"Oxidative Stress Induced Senescence"	"Oxidative Stress Induced Senescence"	"1/144"	"91/7644"	0.824656250820315	0.938984181554328	0.822130763977719	"CDKN2A"	1
"M2"	"PCP/CE pathway"	"PCP/CE pathway"	"1/144"	"91/7644"	0.824656250820315	0.938984181554328	0.822130763977719	"WNT5A"	1
"M2"	"Diseases associated with visual transduction"	"Diseases associated with visual transduction"	"1/144"	"92/7644"	0.827999227105483	0.938984181554328	0.822130763977719	"TTR"	1
"M2"	"Interferon gamma signaling"	"Interferon gamma signaling"	"1/144"	"92/7644"	0.827999227105483	0.938984181554328	0.822130763977719	"MT2A"	1
"M2"	"Viral mRNA Translation"	"Viral mRNA Translation"	"1/144"	"92/7644"	0.827999227105483	0.938984181554328	0.822130763977719	"RPS4Y1"	1
"M2"	"Visual phototransduction"	"Visual phototransduction"	"1/144"	"92/7644"	0.827999227105483	0.938984181554328	0.822130763977719	"TTR"	1
"M2"	"Formation of a pool of free 40S subunits"	"Formation of a pool of free 40S subunits"	"1/144"	"94/7644"	0.83449646847871	0.938984181554328	0.822130763977719	"RPS4Y1"	1
"M2"	"Biological oxidations"	"Biological oxidations"	"2/144"	"174/7644"	0.844554165477189	0.938984181554328	0.822130763977719	"CYP39A1/CYP17A1"	2
"M2"	"Class A/1 (Rhodopsin-like receptors)"	"Class A/1 (Rhodopsin-like receptors)"	"4/144"	"314/7644"	0.849253561234673	0.938984181554328	0.822130763977719	"NPY1R/ADRA2B/PYY/SSTR1"	4
"M2"	"Hedgehog 'off' state"	"Hedgehog 'off' state"	"1/144"	"99/7644"	0.849692775069853	0.938984181554328	0.822130763977719	"ADCY1"	1
"M2"	"3' -UTR-mediated translational regulation"	"3' -UTR-mediated translational regulation"	"1/144"	"104/7644"	0.863502576693664	0.938984181554328	0.822130763977719	"RPS4Y1"	1
"M2"	"L13a-mediated translational silencing of Ceruloplasmin expression"	"L13a-mediated translational silencing of Ceruloplasmin expression"	"1/144"	"104/7644"	0.863502576693664	0.938984181554328	0.822130763977719	"RPS4Y1"	1
"M2"	"GTP hydrolysis and joining of the 60S ribosomal subunit"	"GTP hydrolysis and joining of the 60S ribosomal subunit"	"1/144"	"105/7644"	0.866109424035324	0.938984181554328	0.822130763977719	"RPS4Y1"	1
"M2"	"Nonsense-Mediated Decay (NMD)"	"Nonsense-Mediated Decay (NMD)"	"1/144"	"106/7644"	0.868666824610853	0.938984181554328	0.822130763977719	"RPS4Y1"	1
"M2"	"Nonsense Mediated Decay (NMD) enhanced by the Exon Junction Complex (EJC)"	"Nonsense Mediated Decay (NMD) enhanced by the Exon Junction Complex (EJC)"	"1/144"	"106/7644"	0.868666824610853	0.938984181554328	0.822130763977719	"RPS4Y1"	1
"M2"	"SRP-dependent cotranslational protein targeting to membrane"	"SRP-dependent cotranslational protein targeting to membrane"	"1/144"	"109/7644"	0.876051573662229	0.938984181554328	0.822130763977719	"RPS4Y1"	1
"M2"	"Membrane Trafficking"	"Membrane Trafficking"	"2/144"	"190/7644"	0.87788150022603	0.938984181554328	0.822130763977719	"SLC2A4/SH3GL2"	2
"M2"	"misspliced LRP5 mutants have enhanced beta-catenin-dependent signaling"	"misspliced LRP5 mutants have enhanced beta-catenin-dependent signaling"	"2/144"	"190/7644"	0.87788150022603	0.938984181554328	0.822130763977719	"PIP5K1B/WNT5A"	2
"M2"	"RNF mutants show enhanced WNT signaling and proliferation"	"RNF mutants show enhanced WNT signaling and proliferation"	"2/144"	"190/7644"	0.87788150022603	0.938984181554328	0.822130763977719	"PIP5K1B/WNT5A"	2
"M2"	"TCF dependent signaling in response to WNT"	"TCF dependent signaling in response to WNT"	"2/144"	"190/7644"	0.87788150022603	0.938984181554328	0.822130763977719	"PIP5K1B/WNT5A"	2
"M2"	"XAV939 inhibits tankyrase, stabilizing AXIN"	"XAV939 inhibits tankyrase, stabilizing AXIN"	"2/144"	"190/7644"	0.87788150022603	0.938984181554328	0.822130763977719	"PIP5K1B/WNT5A"	2
"M2"	"Immunoregulatory interactions between a Lymphoid and a non-Lymphoid cell"	"Immunoregulatory interactions between a Lymphoid and a non-Lymphoid cell"	"1/144"	"111/7644"	0.880744124395479	0.938984181554328	0.822130763977719	"ITGB7"	1
"M2"	"PPARA activates gene expression"	"PPARA activates gene expression"	"1/144"	"111/7644"	0.880744124395479	0.938984181554328	0.822130763977719	"HMGCS2"	1
"M2"	"Cap-dependent Translation Initiation"	"Cap-dependent Translation Initiation"	"1/144"	"112/7644"	0.883023806605363	0.938984181554328	0.822130763977719	"RPS4Y1"	1
"M2"	"Eukaryotic Translation Initiation"	"Eukaryotic Translation Initiation"	"1/144"	"112/7644"	0.883023806605363	0.938984181554328	0.822130763977719	"RPS4Y1"	1
"M2"	"Regulation of lipid metabolism by Peroxisome proliferator-activated receptor alpha (PPARalpha)"	"Regulation of lipid metabolism by Peroxisome proliferator-activated receptor alpha (PPARalpha)"	"1/144"	"114/7644"	0.887454143288666	0.938984181554328	0.822130763977719	"HMGCS2"	1
"M2"	"Interferon Signaling"	"Interferon Signaling"	"2/144"	"196/7644"	0.888594829738207	0.938984181554328	0.822130763977719	"MT2A/BST2"	2
"M2"	"Defective B3GAT3 causes JDSSDHD"	"Defective B3GAT3 causes JDSSDHD"	"1/144"	"121/7644"	0.901688080885114	0.938984181554328	0.822130763977719	"GXYLT2"	1
"M2"	"Defective B4GALT1 causes B4GALT1-CDG (CDG-2d)"	"Defective B4GALT1 causes B4GALT1-CDG (CDG-2d)"	"1/144"	"121/7644"	0.901688080885114	0.938984181554328	0.822130763977719	"GXYLT2"	1
"M2"	"Defective B4GALT7 causes EDS, progeroid type"	"Defective B4GALT7 causes EDS, progeroid type"	"1/144"	"121/7644"	0.901688080885114	0.938984181554328	0.822130763977719	"GXYLT2"	1
"M2"	"Defective CHST14 causes EDS, musculocontractural type"	"Defective CHST14 causes EDS, musculocontractural type"	"1/144"	"121/7644"	0.901688080885114	0.938984181554328	0.822130763977719	"GXYLT2"	1
"M2"	"Defective CHST3 causes SEDCJD"	"Defective CHST3 causes SEDCJD"	"1/144"	"121/7644"	0.901688080885114	0.938984181554328	0.822130763977719	"GXYLT2"	1
"M2"	"Defective CHST6 causes MCDC1"	"Defective CHST6 causes MCDC1"	"1/144"	"121/7644"	0.901688080885114	0.938984181554328	0.822130763977719	"GXYLT2"	1
"M2"	"Defective CHSY1 causes TPBS"	"Defective CHSY1 causes TPBS"	"1/144"	"121/7644"	0.901688080885114	0.938984181554328	0.822130763977719	"GXYLT2"	1
"M2"	"Defective EXT1 causes exostoses 1, TRPS2 and CHDS"	"Defective EXT1 causes exostoses 1, TRPS2 and CHDS"	"1/144"	"121/7644"	0.901688080885114	0.938984181554328	0.822130763977719	"GXYLT2"	1
"M2"	"Defective EXT2 causes exostoses 2"	"Defective EXT2 causes exostoses 2"	"1/144"	"121/7644"	0.901688080885114	0.938984181554328	0.822130763977719	"GXYLT2"	1
"M2"	"Defective PAPSS2 causes SEMD-PA"	"Defective PAPSS2 causes SEMD-PA"	"1/144"	"121/7644"	0.901688080885114	0.938984181554328	0.822130763977719	"GXYLT2"	1
"M2"	"Defective SLC26A2 causes chondrodysplasias"	"Defective SLC26A2 causes chondrodysplasias"	"1/144"	"121/7644"	0.901688080885114	0.938984181554328	0.822130763977719	"GXYLT2"	1
"M2"	"Diseases associated with glycosaminoglycan metabolism"	"Diseases associated with glycosaminoglycan metabolism"	"1/144"	"121/7644"	0.901688080885114	0.938984181554328	0.822130763977719	"GXYLT2"	1
"M2"	"Glycosaminoglycan metabolism"	"Glycosaminoglycan metabolism"	"1/144"	"121/7644"	0.901688080885114	0.938984181554328	0.822130763977719	"GXYLT2"	1
"M2"	"MPS I - Hurler syndrome"	"MPS I - Hurler syndrome"	"1/144"	"121/7644"	0.901688080885114	0.938984181554328	0.822130763977719	"GXYLT2"	1
"M2"	"MPS II - Hunter syndrome"	"MPS II - Hunter syndrome"	"1/144"	"121/7644"	0.901688080885114	0.938984181554328	0.822130763977719	"GXYLT2"	1
"M2"	"MPS IIIA - Sanfilippo syndrome A"	"MPS IIIA - Sanfilippo syndrome A"	"1/144"	"121/7644"	0.901688080885114	0.938984181554328	0.822130763977719	"GXYLT2"	1
"M2"	"MPS IIIB - Sanfilippo syndrome B"	"MPS IIIB - Sanfilippo syndrome B"	"1/144"	"121/7644"	0.901688080885114	0.938984181554328	0.822130763977719	"GXYLT2"	1
"M2"	"MPS IIIC - Sanfilippo syndrome C"	"MPS IIIC - Sanfilippo syndrome C"	"1/144"	"121/7644"	0.901688080885114	0.938984181554328	0.822130763977719	"GXYLT2"	1
"M2"	"MPS IIID - Sanfilippo syndrome D"	"MPS IIID - Sanfilippo syndrome D"	"1/144"	"121/7644"	0.901688080885114	0.938984181554328	0.822130763977719	"GXYLT2"	1
"M2"	"MPS IV - Morquio syndrome A"	"MPS IV - Morquio syndrome A"	"1/144"	"121/7644"	0.901688080885114	0.938984181554328	0.822130763977719	"GXYLT2"	1
"M2"	"MPS IV - Morquio syndrome B"	"MPS IV - Morquio syndrome B"	"1/144"	"121/7644"	0.901688080885114	0.938984181554328	0.822130763977719	"GXYLT2"	1
"M2"	"MPS IX - Natowicz syndrome"	"MPS IX - Natowicz syndrome"	"1/144"	"121/7644"	0.901688080885114	0.938984181554328	0.822130763977719	"GXYLT2"	1
"M2"	"MPS VII - Sly syndrome"	"MPS VII - Sly syndrome"	"1/144"	"121/7644"	0.901688080885114	0.938984181554328	0.822130763977719	"GXYLT2"	1
"M2"	"MPS VI - Maroteaux-Lamy syndrome"	"MPS VI - Maroteaux-Lamy syndrome"	"1/144"	"121/7644"	0.901688080885114	0.938984181554328	0.822130763977719	"GXYLT2"	1
"M2"	"Mucopolysaccharidoses"	"Mucopolysaccharidoses"	"1/144"	"121/7644"	0.901688080885114	0.938984181554328	0.822130763977719	"GXYLT2"	1
"M2"	"Signaling by Wnt"	"Signaling by Wnt"	"3/144"	"286/7644"	0.910740095777264	0.94610864318609	0.828368610364604	"PIP5K1B/WNT5A/GNAO1"	3
"M2"	"Signaling by WNT in cancer"	"Signaling by WNT in cancer"	"2/144"	"212/7644"	0.913071716174058	0.946234127173116	0.828478478292251	"PIP5K1B/WNT5A"	2
"M2"	"Influenza Viral RNA Transcription and Replication"	"Influenza Viral RNA Transcription and Replication"	"1/144"	"135/7644"	0.925011647646183	0.956292234764653	0.837284888283857	"RPS4Y1"	1
"M2"	"Influenza Life Cycle"	"Influenza Life Cycle"	"1/144"	"143/7644"	0.935777486008794	0.96193905093966	0.842228977212295	"RPS4Y1"	1
"M2"	"Toll-Like Receptors Cascades"	"Toll-Like Receptors Cascades"	"1/144"	"144/7644"	0.937010393889708	0.96193905093966	0.842228977212295	"CTSK"	1
"M2"	"Apoptosis"	"Apoptosis"	"1/144"	"148/7644"	0.941711360616163	0.96193905093966	0.842228977212295	"DSP"	1
"M2"	"Influenza Infection"	"Influenza Infection"	"1/144"	"148/7644"	0.941711360616163	0.96193905093966	0.842228977212295	"RPS4Y1"	1
"M2"	"Translation"	"Translation"	"1/144"	"148/7644"	0.941711360616163	0.96193905093966	0.842228977212295	"RPS4Y1"	1
"M2"	"Cellular responses to stress"	"Cellular responses to stress"	"2/144"	"249/7644"	0.951797554351936	0.967385081678436	0.846997267775512	"CDKN2A/HSPA6"	2
"M2"	"Cellular Senescence"	"Cellular Senescence"	"1/144"	"159/7644"	0.952917819118975	0.967385081678436	0.846997267775512	"CDKN2A"	1
"M2"	"Programmed Cell Death"	"Programmed Cell Death"	"1/144"	"160/7644"	0.953823608570794	0.967385081678436	0.846997267775512	"DSP"	1
"M2"	"Cytokine Signaling in Immune system"	"Cytokine Signaling in Immune system"	"2/144"	"308/7644"	0.981871447639439	0.992186862426459	0.868712550476684	"MT2A/BST2"	2
"M2"	"Antigen processing: Ubiquitination & Proteasome degradation"	"Antigen processing: Ubiquitination & Proteasome degradation"	"1/144"	"211/7644"	0.982914088011259	0.992186862426459	0.868712550476684	"KLHL13"	1
"M2"	"Diseases of glycosylation"	"Diseases of glycosylation"	"1/144"	"227/7644"	0.987510054761311	0.994480713971391	0.870720939925763	"GXYLT2"	1
"M2"	"Class I MHC mediated antigen processing & presentation"	"Class I MHC mediated antigen processing & presentation"	"1/144"	"255/7644"	0.992793741244115	0.997454744724135	0.873324862572041	"KLHL13"	1
"M2"	"Cell Cycle, Mitotic"	"Cell Cycle, Mitotic"	"2/144"	"445/7644"	0.998355955889418	0.999740658470119	0.875326302054506	"CCND2/CDKN2A"	2
"M2"	"Olfactory Signaling Pathway"	"Olfactory Signaling Pathway"	"1/144"	"422/7644"	0.999740658470119	0.999740658470119	0.875326302054506	"GNAL"	1
"M3"	"Translocation of ZAP-70 to Immunological synapse"	"Translocation of ZAP-70 to Immunological synapse"	"10/124"	"23/7644"	8.3763200064629e-13	1.76437262097189e-10	1.63396026446059e-10	"HLA-DRA/HLA-DRB1/HLA-DPA1/HLA-DPB1/HLA-DQB1/HLA-DRB5/HLA-DQA1/HLA-DQB2/HLA-DQA2/CD3E"	10
"M3"	"Interferon gamma signaling"	"Interferon gamma signaling"	"16/124"	"92/7644"	9.64138044246934e-13	1.76437262097189e-10	1.63396026446059e-10	"HLA-DRA/HLA-DRB1/HLA-DPA1/HLA-DPB1/CD44/HLA-DQB1/HLA-DRB5/HLA-DQA1/SOCS3/VCAM1/GBP3/HLA-DQB2/HLA-DQA2/IRF8/GBP5/FCGR1A"	16
"M3"	"Phosphorylation of CD3 and TCR zeta chains"	"Phosphorylation of CD3 and TCR zeta chains"	"10/124"	"25/7644"	2.32869295064615e-12	2.8410053997883e-10	2.63101449160722e-10	"HLA-DRA/HLA-DRB1/HLA-DPA1/HLA-DPB1/HLA-DQB1/HLA-DRB5/HLA-DQA1/HLA-DQB2/HLA-DQA2/CD3E"	10
"M3"	"PD-1 signaling"	"PD-1 signaling"	"10/124"	"28/7644"	8.97338746675587e-12	8.21064953208162e-10	7.60376516919839e-10	"HLA-DRA/HLA-DRB1/HLA-DPA1/HLA-DPB1/HLA-DQB1/HLA-DRB5/HLA-DQA1/HLA-DQB2/HLA-DQA2/CD3E"	10
"M3"	"Generation of second messenger molecules"	"Generation of second messenger molecules"	"10/124"	"37/7644"	2.10611490805531e-10	1.54167611269649e-08	1.42772421135539e-08	"HLA-DRA/HLA-DRB1/HLA-DPA1/HLA-DPB1/HLA-DQB1/HLA-DRB5/HLA-DQA1/HLA-DQB2/HLA-DQA2/CD3E"	10
"M3"	"Interferon Signaling"	"Interferon Signaling"	"19/124"	"196/7644"	2.67049033160377e-10	1.6289991022783e-08	1.50859278381827e-08	"HLA-DRA/HLA-DRB1/HLA-DPA1/HLA-DPB1/CD44/EGR1/HLA-DQB1/IFI27/HLA-DRB5/HLA-DQA1/SOCS3/VCAM1/GBP3/HLA-DQB2/HLA-DQA2/IRF8/ISG20/GBP5/FCGR1A"	19
"M3"	"Cytokine Signaling in Immune system"	"Cytokine Signaling in Immune system"	"23/124"	"308/7644"	5.68457605392268e-10	2.97222119390815e-08	2.75253156295204e-08	"HLA-DRA/HLA-DRB1/HLA-DPA1/HLA-DPB1/CD44/EGR1/HLA-DQB1/IFI27/HLA-DRB5/HLA-DQA1/SOCS3/VCAM1/GBP3/HLA-DQB2/HGF/HLA-DQA2/IRF8/CSF2RA/ISG20/GBP5/IL1B/IL7R/FCGR1A"	23
"M3"	"Costimulation by the CD28 family"	"Costimulation by the CD28 family"	"12/124"	"73/7644"	1.54550983184794e-09	7.07070748070433e-08	6.54808112967154e-08	"HLA-DRA/HLA-DRB1/HLA-DPA1/HLA-DPB1/TNFRSF14/HLA-DQB1/HLA-DRB5/HLA-DQA1/HLA-DQB2/HLA-DQA2/CD86/CD3E"	12
"M3"	"Downstream TCR signaling"	"Downstream TCR signaling"	"10/124"	"46/7644"	2.17938938891909e-09	8.86285018160429e-08	8.20775886820989e-08	"HLA-DRA/HLA-DRB1/HLA-DPA1/HLA-DPB1/HLA-DQB1/HLA-DRB5/HLA-DQA1/HLA-DQB2/HLA-DQA2/CD3E"	10
"M3"	"TCR signaling"	"TCR signaling"	"10/124"	"64/7644"	6.33215793190273e-08	2.3175698030764e-06	2.14626826744492e-06	"HLA-DRA/HLA-DRB1/HLA-DPA1/HLA-DPB1/HLA-DQB1/HLA-DRB5/HLA-DQA1/HLA-DQB2/HLA-DQA2/CD3E"	10
"M3"	"Chemokine receptors bind chemokines"	"Chemokine receptors bind chemokines"	"9/124"	"55/7644"	1.97115853456953e-07	6.55858203320408e-06	6.07380907302765e-06	"CXCL12/CCL2/CXCL10/CXCL9/CX3CR1/CCR1/CXCL8/CCL3/CCR5"	9
"M3"	"MHC class II antigen presentation"	"MHC class II antigen presentation"	"11/124"	"103/7644"	7.40285667433584e-07	2.25787128567243e-05	2.09098232380363e-05	"HLA-DRA/HLA-DRB1/HLA-DPA1/HLA-DPB1/CTSS/HLA-DQB1/HLA-DRB5/HLA-DQA1/HLA-DOA/HLA-DQB2/HLA-DQA2"	11
"M3"	"Peptide ligand-binding receptors"	"Peptide ligand-binding receptors"	"14/124"	"190/7644"	2.10942140062037e-06	5.93883255866965e-05	5.49986794331788e-05	"ANXA1/C3/CXCL12/CCL2/CXCL10/CXCL9/C3AR1/FPR3/CX3CR1/CCR1/FPR1/CXCL8/CCL3/CCR5"	14
"M3"	"G alpha (i) signalling events"	"G alpha (i) signalling events"	"14/124"	"236/7644"	2.57895152782554e-05	0.000674211613702963	0.000624377738315657	"ANXA1/C3/RGS1/CXCL12/CXCL10/CXCL9/C3AR1/RGS10/FPR3/CCR1/P2RY13/FPR1/CXCL8/CCR5"	14
"M3"	"Class A/1 (Rhodopsin-like receptors)"	"Class A/1 (Rhodopsin-like receptors)"	"16/124"	"314/7644"	4.33454639615864e-05	0.00105762932066271	0.00097945539618462	"ANXA1/C3/CXCL12/CCL2/CXCL10/CXCL9/C3AR1/FPR3/CX3CR1/CCR1/P2RY13/GPR132/FPR1/CXCL8/CCL3/CCR5"	16
"M3"	"Immunoregulatory interactions between a Lymphoid and a non-Lymphoid cell"	"Immunoregulatory interactions between a Lymphoid and a non-Lymphoid cell"	"9/124"	"111/7644"	7.30838605778687e-05	0.00167179331071875	0.00154822388855748	"C3/ITGB2/TYROBP/FCGR3A/VCAM1/LILRB4/CD3E/LILRB5/CD8A"	9
"M3"	"Cell surface interactions at the vascular wall"	"Cell surface interactions at the vascular wall"	"7/124"	"99/7644"	0.00108032730879953	0.0232588114718017	0.0215396528441764	"CD44/ITGB2/OLR1/ITGAM/CD84/SELE/CD48"	7
"M3"	"Synthesis of Prostaglandins (PG) and Thromboxanes (TX)"	"Synthesis of Prostaglandins (PG) and Thromboxanes (TX)"	"3/124"	"14/7644"	0.00133082569396419	0.0270601224439385	0.0250599925997935	"PTGES/PTGS1/PTGDS"	3
"M3"	"Defective ACTH causes Obesity and Pro-opiomelanocortinin deficiency (POMCD)"	"Defective ACTH causes Obesity and Pro-opiomelanocortinin deficiency (POMCD)"	"16/124"	"441/7644"	0.00195202985620055	0.03572214636847	0.033081769141925	"ANXA1/C3/CXCL12/CCL2/CXCL10/CXCL9/C3AR1/FPR3/CX3CR1/CCR1/P2RY13/GPR132/FPR1/CXCL8/CCL3/CCR5"	16
"M3"	"GPCR ligand binding"	"GPCR ligand binding"	"16/124"	"441/7644"	0.00195202985620055	0.03572214636847	0.033081769141925	"ANXA1/C3/CXCL12/CCL2/CXCL10/CXCL9/C3AR1/FPR3/CX3CR1/CCR1/P2RY13/GPR132/FPR1/CXCL8/CCL3/CCR5"	16
"M3"	"Initial triggering of complement"	"Initial triggering of complement"	"5/124"	"57/7644"	0.00221104224861261	0.0385353077615341	0.0356869976969053	"C1QA/C3/C1QB/C1QC/C2"	5
"M3"	"Integrin cell surface interactions"	"Integrin cell surface interactions"	"5/124"	"66/7644"	0.00420394011319852	0.0699382764286663	0.0647688381076518	"CD44/ITGB2/ITGB6/VCAM1/ITGAM"	5
"M3"	"Interferon alpha/beta signaling"	"Interferon alpha/beta signaling"	"5/124"	"67/7644"	0.00448507624962104	0.0713712133635348	0.0660958605207311	"EGR1/IFI27/SOCS3/IRF8/ISG20"	5
"M3"	"Complement cascade"	"Complement cascade"	"5/124"	"75/7644"	0.00723496525136497	0.110333220083316	0.102178018023663	"C1QA/C3/C1QB/C1QC/C2"	5
"M3"	"Arachidonic acid metabolism"	"Arachidonic acid metabolism"	"4/124"	"50/7644"	0.00854603688250885	0.123453223784306	0.114328265914715	"PTGES/PTGS1/ALOX5/PTGDS"	4
"M3"	"Toll-Like Receptors Cascades"	"Toll-Like Receptors Cascades"	"7/124"	"144/7644"	0.00876990114314741	0.123453223784306	0.114328265914715	"FOS/CTSS/CD14/ITGB2/ITGAM/LY96/TLR7"	7
"M3"	"TRIF-mediated programmed cell death"	"TRIF-mediated programmed cell death"	"2/124"	"10/7644"	0.0107880578364221	0.146238117338166	0.135429030149237	"CD14/LY96"	2
"M3"	"Interleukin-7 signaling"	"Interleukin-7 signaling"	"2/124"	"11/7644"	0.0130464861395341	0.170536211681053	0.157931148004887	"HGF/IL7R"	2
"M3"	"Hemostasis"	"Hemostasis"	"15/124"	"497/7644"	0.0142342770217156	0.179646392756824	0.166367956478854	"CD44/HBB/ITGB2/SERPINA1/PLAU/PLAUR/OLR1/F13A1/HGF/ITGAM/CD84/CSF2RA/SELE/CD48/PRKCB"	15
"M3"	"Dissolution of Fibrin Clot"	"Dissolution of Fibrin Clot"	"2/124"	"13/7644"	0.0181152185552959	0.213876451330268	0.198067924441606	"PLAU/PLAUR"	2
"M3"	"Trafficking and processing of endosomal TLR"	"Trafficking and processing of endosomal TLR"	"2/124"	"13/7644"	0.0181152185552959	0.213876451330268	0.198067924441606	"CTSS/TLR7"	2
"M3"	"TRAF6 mediated induction of TAK1 complex"	"TRAF6 mediated induction of TAK1 complex"	"2/124"	"16/7644"	0.0270023964943866	0.308839909904546	0.286012226026068	"CD14/LY96"	2
"M3"	"Extracellular matrix organization"	"Extracellular matrix organization"	"9/124"	"266/7644"	0.028590443940419	0.317094014611919	0.293656234411959	"CD44/CTSS/ADAMTS4/ITGB2/ITGB6/VCAM1/MMP7/ITGAM/COL21A1"	9
"M3"	"Chylomicron-mediated lipid transport"	"Chylomicron-mediated lipid transport"	"2/124"	"17/7644"	0.0302828011444578	0.325985447613869	0.301890463421529	"APOE/LIPC"	2
"M3"	"Signaling by Interleukins"	"Signaling by Interleukins"	"5/124"	"109/7644"	0.0317963790711801	0.332499278287197	0.307922828899849	"SOCS3/HGF/CSF2RA/IL1B/IL7R"	5
"M3"	"Activation of IRF3/IRF7 mediated by TBK1/IKK epsilon"	"Activation of IRF3/IRF7 mediated by TBK1/IKK epsilon"	"2/124"	"18/7644"	0.0337124788296496	0.333106948932941	0.30848558399887	"CD14/LY96"	2
"M3"	"Classical antibody-mediated complement activation"	"Classical antibody-mediated complement activation"	"3/124"	"44/7644"	0.0340639685631881	0.333106948932941	0.30848558399887	"C1QA/C1QB/C1QC"	3
"M3"	"Binding and Uptake of Ligands by Scavenger Receptors"	"Binding and Uptake of Ligands by Scavenger Receptors"	"4/124"	"76/7644"	0.0345848744793764	0.333106948932941	0.30848558399887	"APOE/HBB/CD163/MSR1"	4
"M3"	"Other semaphorin interactions"	"Other semaphorin interactions"	"2/124"	"19/7644"	0.0372858071051641	0.341165135012251	0.315948154943759	"TYROBP/TREM2"	2
"M3"	"Scavenging by Class A Receptors"	"Scavenging by Class A Receptors"	"2/124"	"19/7644"	0.0372858071051641	0.341165135012251	0.315948154943759	"APOE/MSR1"	2
"M3"	"Antigen processing-Cross presentation"	"Antigen processing-Cross presentation"	"4/124"	"81/7644"	0.0421979262966623	0.376693683526302	0.348850635879981	"CTSS/CYBB/MRC1/FCGR1A"	4
"M3"	"Creation of C4 and C2 activators"	"Creation of C4 and C2 activators"	"3/124"	"50/7644"	0.0470351206514201	0.401627100988517	0.371941117395175	"C1QA/C1QB/C1QC"	3
"M3"	"Response to elevated platelet cytosolic Ca2+"	"Response to elevated platelet cytosolic Ca2+"	"4/124"	"84/7644"	0.0471856976571208	0.401627100988517	0.371941117395175	"SERPINA1/F13A1/HGF/PRKCB"	4
"M3"	"Amyloids"	"Amyloids"	"3/124"	"51/7644"	0.0494023589563737	0.4109378040462	0.380563626410343	"TGFBI/LYZ/HIST1H2BD"	3
"M3"	"Toll Like Receptor 4 (TLR4) Cascade"	"Toll Like Receptor 4 (TLR4) Cascade"	"5/124"	"124/7644"	0.0507423404263317	0.412704368800831	0.382199616778452	"FOS/CD14/ITGB2/ITGAM/LY96"	5
"M3"	"Regulation of Complement cascade"	"Regulation of Complement cascade"	"2/124"	"23/7644"	0.0529080333834497	0.420963917790056	0.389848667035945	"C3/C2"	2
"M3"	"Degradation of the extracellular matrix"	"Degradation of the extracellular matrix"	"4/124"	"89/7644"	0.0561961906284039	0.435540706507754	0.403348022707785	"CD44/CTSS/ADAMTS4/MMP7"	4
"M3"	"IKK complex recruitment mediated by RIP1"	"IKK complex recruitment mediated by RIP1"	"2/124"	"24/7644"	0.0571200926567546	0.435540706507754	0.403348022707785	"CD14/LY96"	2
"M3"	"ATF4 activates genes"	"ATF4 activates genes"	"2/124"	"26/7644"	0.0658778025994664	0.492066852069484	0.455696078131647	"CCL2/CXCL8"	2
"M3"	"Role of phospholipids in phagocytosis"	"Role of phospholipids in phagocytosis"	"3/124"	"62/7644"	0.0790915147580623	0.572536239904501	0.530217627981735	"FCGR3A/PLD4/FCGR1A"	3
"M3"	"PERK regulates gene expression"	"PERK regulates gene expression"	"2/124"	"29/7644"	0.0797796399866927	0.572536239904501	0.530217627981735	"CCL2/CXCL8"	2
"M3"	"Lipoprotein metabolism"	"Lipoprotein metabolism"	"2/124"	"30/7644"	0.0846001557507109	0.595454942399235	0.551442310763743	"APOE/LIPC"	2
"M3"	"Senescence-Associated Secretory Phenotype (SASP)"	"Senescence-Associated Secretory Phenotype (SASP)"	"3/124"	"76/7644"	0.125444161837874	0.665470708300665	0.616282910764493	"FOS/HIST1H2BD/CXCL8"	3
"M3"	"Defective CYP11A1 causes Adrenal insufficiency, congenital, with 46,XY sex reversal (AICSR)"	"Defective CYP11A1 causes Adrenal insufficiency, congenital, with 46,XY sex reversal (AICSR)"	"3/124"	"78/7644"	0.13273049646434	0.665470708300665	0.616282910764493	"CYP27A1/PTGS1/FMO3"	3
"M3"	"Defective CYP11B1 causes Adrenal hyperplasia 4 (AH4)"	"Defective CYP11B1 causes Adrenal hyperplasia 4 (AH4)"	"3/124"	"78/7644"	0.13273049646434	0.665470708300665	0.616282910764493	"CYP27A1/PTGS1/FMO3"	3
"M3"	"Defective CYP11B2 causes Corticosterone methyloxidase 1 deficiency (CMO-1 deficiency)"	"Defective CYP11B2 causes Corticosterone methyloxidase 1 deficiency (CMO-1 deficiency)"	"3/124"	"78/7644"	0.13273049646434	0.665470708300665	0.616282910764493	"CYP27A1/PTGS1/FMO3"	3
"M3"	"Defective CYP17A1 causes Adrenal hyperplasia 5 (AH5)"	"Defective CYP17A1 causes Adrenal hyperplasia 5 (AH5)"	"3/124"	"78/7644"	0.13273049646434	0.665470708300665	0.616282910764493	"CYP27A1/PTGS1/FMO3"	3
"M3"	"Defective CYP19A1 causes Aromatase excess syndrome (AEXS)"	"Defective CYP19A1 causes Aromatase excess syndrome (AEXS)"	"3/124"	"78/7644"	0.13273049646434	0.665470708300665	0.616282910764493	"CYP27A1/PTGS1/FMO3"	3
"M3"	"Defective CYP1B1 causes Glaucoma"	"Defective CYP1B1 causes Glaucoma"	"3/124"	"78/7644"	0.13273049646434	0.665470708300665	0.616282910764493	"CYP27A1/PTGS1/FMO3"	3
"M3"	"Defective CYP21A2 causes Adrenal hyperplasia 3 (AH3)"	"Defective CYP21A2 causes Adrenal hyperplasia 3 (AH3)"	"3/124"	"78/7644"	0.13273049646434	0.665470708300665	0.616282910764493	"CYP27A1/PTGS1/FMO3"	3
"M3"	"Defective CYP24A1 causes Hypercalcemia, infantile (HCAI)"	"Defective CYP24A1 causes Hypercalcemia, infantile (HCAI)"	"3/124"	"78/7644"	0.13273049646434	0.665470708300665	0.616282910764493	"CYP27A1/PTGS1/FMO3"	3
"M3"	"Defective CYP26B1 causes Radiohumeral fusions with other skeletal and craniofacial anomalies (RHFCA)"	"Defective CYP26B1 causes Radiohumeral fusions with other skeletal and craniofacial anomalies (RHFCA)"	"3/124"	"78/7644"	0.13273049646434	0.665470708300665	0.616282910764493	"CYP27A1/PTGS1/FMO3"	3
"M3"	"Defective CYP26C1 causes Focal facial dermal dysplasia 4 (FFDD4)"	"Defective CYP26C1 causes Focal facial dermal dysplasia 4 (FFDD4)"	"3/124"	"78/7644"	0.13273049646434	0.665470708300665	0.616282910764493	"CYP27A1/PTGS1/FMO3"	3
"M3"	"Defective CYP27A1 causes Cerebrotendinous xanthomatosis (CTX)"	"Defective CYP27A1 causes Cerebrotendinous xanthomatosis (CTX)"	"3/124"	"78/7644"	0.13273049646434	0.665470708300665	0.616282910764493	"CYP27A1/PTGS1/FMO3"	3
"M3"	"Defective CYP27B1 causes Rickets vitamin D-dependent 1A (VDDR1A)"	"Defective CYP27B1 causes Rickets vitamin D-dependent 1A (VDDR1A)"	"3/124"	"78/7644"	0.13273049646434	0.665470708300665	0.616282910764493	"CYP27A1/PTGS1/FMO3"	3
"M3"	"Defective CYP2R1 causes Rickets vitamin D-dependent 1B (VDDR1B)"	"Defective CYP2R1 causes Rickets vitamin D-dependent 1B (VDDR1B)"	"3/124"	"78/7644"	0.13273049646434	0.665470708300665	0.616282910764493	"CYP27A1/PTGS1/FMO3"	3
"M3"	"Defective CYP2U1 causes Spastic paraplegia 56, autosomal recessive (SPG56)"	"Defective CYP2U1 causes Spastic paraplegia 56, autosomal recessive (SPG56)"	"3/124"	"78/7644"	0.13273049646434	0.665470708300665	0.616282910764493	"CYP27A1/PTGS1/FMO3"	3
"M3"	"Defective CYP4F22 causes Ichthyosis, congenital, autosomal recessive 5 (ARCI5)"	"Defective CYP4F22 causes Ichthyosis, congenital, autosomal recessive 5 (ARCI5)"	"3/124"	"78/7644"	0.13273049646434	0.665470708300665	0.616282910764493	"CYP27A1/PTGS1/FMO3"	3
"M3"	"Defective CYP7B1 causes Spastic paraplegia 5A, autosomal recessive (SPG5A) and Congenital bile acid synthesis defect 3 (CBAS3)"	"Defective CYP7B1 causes Spastic paraplegia 5A, autosomal recessive (SPG5A) and Congenital bile acid synthesis defect 3 (CBAS3)"	"3/124"	"78/7644"	0.13273049646434	0.665470708300665	0.616282910764493	"CYP27A1/PTGS1/FMO3"	3
"M3"	"Defective FMO3 causes Trimethylaminuria (TMAU)"	"Defective FMO3 causes Trimethylaminuria (TMAU)"	"3/124"	"78/7644"	0.13273049646434	0.665470708300665	0.616282910764493	"CYP27A1/PTGS1/FMO3"	3
"M3"	"Defective MAOA causes Brunner syndrome (BRUNS)"	"Defective MAOA causes Brunner syndrome (BRUNS)"	"3/124"	"78/7644"	0.13273049646434	0.665470708300665	0.616282910764493	"CYP27A1/PTGS1/FMO3"	3
"M3"	"Defective TBXAS1 causes Ghosal hematodiaphyseal dysplasia (GHDD)"	"Defective TBXAS1 causes Ghosal hematodiaphyseal dysplasia (GHDD)"	"3/124"	"78/7644"	0.13273049646434	0.665470708300665	0.616282910764493	"CYP27A1/PTGS1/FMO3"	3
"M3"	"Phase 1 - Functionalization of compounds"	"Phase 1 - Functionalization of compounds"	"3/124"	"78/7644"	0.13273049646434	0.665470708300665	0.616282910764493	"CYP27A1/PTGS1/FMO3"	3
"M3"	"Platelet degranulation"	"Platelet degranulation"	"3/124"	"79/7644"	0.136428499189288	0.674767982476749	0.624892983484364	"SERPINA1/F13A1/HGF"	3
"M3"	"Activation of Ca-permeable Kainate Receptor"	"Activation of Ca-permeable Kainate Receptor"	"1/124"	"10/7644"	0.150957502275096	0.68838346322959	0.63750208559082	"GRIK5"	1
"M3"	"Activation of the AP-1 family of transcription factors"	"Activation of the AP-1 family of transcription factors"	"1/124"	"10/7644"	0.150957502275096	0.68838346322959	0.63750208559082	"FOS"	1
"M3"	"Ionotropic activity of Kainate Receptors"	"Ionotropic activity of Kainate Receptors"	"1/124"	"10/7644"	0.150957502275096	0.68838346322959	0.63750208559082	"GRIK5"	1
"M3"	"Collagen formation"	"Collagen formation"	"3/124"	"86/7644"	0.163254809694307	0.68838346322959	0.63750208559082	"CTSS/MMP7/COL21A1"	3
"M3"	"Dimerization of procaspase-8"	"Dimerization of procaspase-8"	"1/124"	"11/7644"	0.164748603888653	0.68838346322959	0.63750208559082	"TNFRSF10A"	1
"M3"	"Endosomal/Vacuolar pathway"	"Endosomal/Vacuolar pathway"	"1/124"	"11/7644"	0.164748603888653	0.68838346322959	0.63750208559082	"CTSS"	1
"M3"	"Facilitative Na+-independent glucose transporters"	"Facilitative Na+-independent glucose transporters"	"1/124"	"11/7644"	0.164748603888653	0.68838346322959	0.63750208559082	"SLC2A3"	1
"M3"	"Interleukin-6 signaling"	"Interleukin-6 signaling"	"1/124"	"11/7644"	0.164748603888653	0.68838346322959	0.63750208559082	"SOCS3"	1
"M3"	"Regulation by c-FLIP"	"Regulation by c-FLIP"	"1/124"	"11/7644"	0.164748603888653	0.68838346322959	0.63750208559082	"TNFRSF10A"	1
"M3"	"TRAF6 mediated IRF7 activation in TLR7/8 or 9 signaling"	"TRAF6 mediated IRF7 activation in TLR7/8 or 9 signaling"	"1/124"	"11/7644"	0.164748603888653	0.68838346322959	0.63750208559082	"TLR7"	1
"M3"	"Scavenging of heme from plasma"	"Scavenging of heme from plasma"	"2/124"	"47/7644"	0.176784413026102	0.68838346322959	0.63750208559082	"HBB/CD163"	2
"M3"	"Binding and entry of HIV virion"	"Binding and entry of HIV virion"	"1/124"	"12/7644"	0.178317472369958	0.68838346322959	0.63750208559082	"CCR5"	1
"M3"	"CD28 dependent Vav1 pathway"	"CD28 dependent Vav1 pathway"	"1/124"	"12/7644"	0.178317472369958	0.68838346322959	0.63750208559082	"CD86"	1
"M3"	"Death Receptor Signalling"	"Death Receptor Signalling"	"1/124"	"12/7644"	0.178317472369958	0.68838346322959	0.63750208559082	"TNFRSF10A"	1
"M3"	"Hyaluronan uptake and degradation"	"Hyaluronan uptake and degradation"	"1/124"	"12/7644"	0.178317472369958	0.68838346322959	0.63750208559082	"CD44"	1
"M3"	"P2Y receptors"	"P2Y receptors"	"1/124"	"12/7644"	0.178317472369958	0.68838346322959	0.63750208559082	"P2RY13"	1
"M3"	"Pyrimidine catabolism"	"Pyrimidine catabolism"	"1/124"	"12/7644"	0.178317472369958	0.68838346322959	0.63750208559082	"TYMP"	1
"M3"	"Tandem pore domain potassium channels"	"Tandem pore domain potassium channels"	"1/124"	"12/7644"	0.178317472369958	0.68838346322959	0.63750208559082	"KCNK1"	1
"M3"	"Amino acid and oligopeptide SLC transporters"	"Amino acid and oligopeptide SLC transporters"	"2/124"	"49/7644"	0.188491968030965	0.68838346322959	0.63750208559082	"SLC6A6/SLC1A3"	2
"M3"	"Cross-presentation of soluble exogenous antigens (endosomes)"	"Cross-presentation of soluble exogenous antigens (endosomes)"	"2/124"	"49/7644"	0.188491968030965	0.68838346322959	0.63750208559082	"MRC1/FCGR1A"	2
"M3"	"Activation of DNA fragmentation factor"	"Activation of DNA fragmentation factor"	"1/124"	"13/7644"	0.191667660187847	0.68838346322959	0.63750208559082	"HIST1H1C"	1
"M3"	"Apoptosis induced DNA fragmentation"	"Apoptosis induced DNA fragmentation"	"1/124"	"13/7644"	0.191667660187847	0.68838346322959	0.63750208559082	"HIST1H1C"	1
"M3"	"Caspase-8 activation by cleavage"	"Caspase-8 activation by cleavage"	"1/124"	"13/7644"	0.191667660187847	0.68838346322959	0.63750208559082	"TNFRSF10A"	1
"M3"	"Signal regulatory protein (SIRP) family interactions"	"Signal regulatory protein (SIRP) family interactions"	"1/124"	"13/7644"	0.191667660187847	0.68838346322959	0.63750208559082	"TYROBP"	1
"M3"	"FCGR activation"	"FCGR activation"	"2/124"	"50/7644"	0.194386003338446	0.68838346322959	0.63750208559082	"FCGR3A/FCGR1A"	2
"M3"	"Lipid digestion, mobilization, and transport"	"Lipid digestion, mobilization, and transport"	"2/124"	"50/7644"	0.194386003338446	0.68838346322959	0.63750208559082	"APOE/LIPC"	2
"M3"	"Transport of inorganic cations/anions and amino acids/oligopeptides"	"Transport of inorganic cations/anions and amino acids/oligopeptides"	"3/124"	"94/7644"	0.195644556175908	0.68838346322959	0.63750208559082	"SLC6A6/SLC1A3/SLC4A8"	3
"M3"	"MyD88:Mal cascade initiated on plasma membrane"	"MyD88:Mal cascade initiated on plasma membrane"	"3/124"	"96/7644"	0.203981031383208	0.68838346322959	0.63750208559082	"FOS/CD14/LY96"	3
"M3"	"Toll Like Receptor 2 (TLR2) Cascade"	"Toll Like Receptor 2 (TLR2) Cascade"	"3/124"	"96/7644"	0.203981031383208	0.68838346322959	0.63750208559082	"FOS/CD14/LY96"	3
"M3"	"Toll Like Receptor TLR1:TLR2 Cascade"	"Toll Like Receptor TLR1:TLR2 Cascade"	"3/124"	"96/7644"	0.203981031383208	0.68838346322959	0.63750208559082	"FOS/CD14/LY96"	3
"M3"	"Toll Like Receptor TLR6:TLR2 Cascade"	"Toll Like Receptor TLR6:TLR2 Cascade"	"3/124"	"96/7644"	0.203981031383208	0.68838346322959	0.63750208559082	"FOS/CD14/LY96"	3
"M3"	"Regulation of IFNG signaling"	"Regulation of IFNG signaling"	"1/124"	"14/7644"	0.204802663481872	0.68838346322959	0.63750208559082	"SOCS3"	1
"M3"	"Synthesis of bile acids and bile salts via 24-hydroxycholesterol"	"Synthesis of bile acids and bile salts via 24-hydroxycholesterol"	"1/124"	"14/7644"	0.204802663481872	0.68838346322959	0.63750208559082	"CYP27A1"	1
"M3"	"MyD88-independent cascade"	"MyD88-independent cascade"	"3/124"	"99/7644"	0.216637399696787	0.68838346322959	0.63750208559082	"FOS/CD14/LY96"	3
"M3"	"Potassium Channels"	"Potassium Channels"	"3/124"	"99/7644"	0.216637399696787	0.68838346322959	0.63750208559082	"KCNAB2/KCNK1/KCNJ5"	3
"M3"	"Toll Like Receptor 3 (TLR3) Cascade"	"Toll Like Receptor 3 (TLR3) Cascade"	"3/124"	"99/7644"	0.216637399696787	0.68838346322959	0.63750208559082	"FOS/CD14/LY96"	3
"M3"	"TRIF-mediated TLR3/TLR4 signaling"	"TRIF-mediated TLR3/TLR4 signaling"	"3/124"	"99/7644"	0.216637399696787	0.68838346322959	0.63750208559082	"FOS/CD14/LY96"	3
"M3"	"Depolymerisation of the Nuclear Lamina"	"Depolymerisation of the Nuclear Lamina"	"1/124"	"15/7644"	0.217725922948222	0.68838346322959	0.63750208559082	"PRKCB"	1
"M3"	"HDL-mediated lipid transport"	"HDL-mediated lipid transport"	"1/124"	"15/7644"	0.217725922948222	0.68838346322959	0.63750208559082	"APOE"	1
"M3"	"Synthesis of bile acids and bile salts via 27-hydroxycholesterol"	"Synthesis of bile acids and bile salts via 27-hydroxycholesterol"	"1/124"	"15/7644"	0.217725922948222	0.68838346322959	0.63750208559082	"CYP27A1"	1
"M3"	"WNT5A-dependent internalization of FZD4"	"WNT5A-dependent internalization of FZD4"	"1/124"	"15/7644"	0.217725922948222	0.68838346322959	0.63750208559082	"PRKCB"	1
"M3"	"Assembly of collagen fibrils and other multimeric structures"	"Assembly of collagen fibrils and other multimeric structures"	"2/124"	"54/7644"	0.218176179602821	0.68838346322959	0.63750208559082	"CTSS/MMP7"	2
"M3"	"Hyaluronan metabolism"	"Hyaluronan metabolism"	"1/124"	"16/7644"	0.230440824711811	0.702844515371023	0.650894259273711	"CD44"	1
"M3"	"Metabolism of Angiotensinogen to Angiotensins"	"Metabolism of Angiotensinogen to Angiotensins"	"1/124"	"16/7644"	0.230440824711811	0.702844515371023	0.650894259273711	"ANPEP"	1
"M3"	"Nucleotide-like (purinergic) receptors"	"Nucleotide-like (purinergic) receptors"	"1/124"	"16/7644"	0.230440824711811	0.702844515371023	0.650894259273711	"P2RY13"	1
"M3"	"Trafficking of GluR2-containing AMPA receptors"	"Trafficking of GluR2-containing AMPA receptors"	"1/124"	"16/7644"	0.230440824711811	0.702844515371023	0.650894259273711	"PRKCB"	1
"M3"	"O-linked glycosylation"	"O-linked glycosylation"	"3/124"	"103/7644"	0.233761044359999	0.705713941536713	0.653551593830376	"ADAMTS4/GCNT3/GALNT12"	3
"M3"	"DNA Damage/Telomere Stress Induced Senescence"	"DNA Damage/Telomere Stress Induced Senescence"	"2/124"	"58/7644"	0.242205741280676	0.705713941536713	0.653551593830376	"HIST1H1C/HIST1H2BD"	2
"M3"	"Formation of Senescence-Associated Heterochromatin Foci (SAHF)"	"Formation of Senescence-Associated Heterochromatin Foci (SAHF)"	"1/124"	"17/7644"	0.24295070118477	0.705713941536713	0.653551593830376	"HIST1H1C"	1
"M3"	"Metabolism of porphyrins"	"Metabolism of porphyrins"	"1/124"	"17/7644"	0.24295070118477	0.705713941536713	0.653551593830376	"HMOX1"	1
"M3"	"Synthesis, secretion, and deacylation of Ghrelin"	"Synthesis, secretion, and deacylation of Ghrelin"	"1/124"	"17/7644"	0.24295070118477	0.705713941536713	0.653551593830376	"PLA2G7"	1
"M3"	"Tristetraprolin (TTP) destabilizes mRNA"	"Tristetraprolin (TTP) destabilizes mRNA"	"1/124"	"17/7644"	0.24295070118477	0.705713941536713	0.653551593830376	"ZFP36"	1
"M3"	"HDACs deacetylate histones"	"HDACs deacetylate histones"	"2/124"	"60/7644"	0.254270771514647	0.732780333656384	0.678617392687246	"HIST1H2BD/HIST1H2AG"	2
"M3"	"Cellular Senescence"	"Cellular Senescence"	"4/124"	"159/7644"	0.257726088241461	0.736935533565427	0.682465463928869	"FOS/HIST1H1C/HIST1H2BD/CXCL8"	4
"M3"	"Na+/Cl- dependent neurotransmitter transporters"	"Na+/Cl- dependent neurotransmitter transporters"	"1/124"	"19/7644"	0.267368444400786	0.758580237602229	0.702510314949433	"SLC6A6"	1
"M3"	"O-linked glycosylation of mucins"	"O-linked glycosylation of mucins"	"2/124"	"64/7644"	0.278430418767325	0.76527931538649	0.708714235129278	"GCNT3/GALNT12"	2
"M3"	"Activated TLR4 signalling"	"Activated TLR4 signalling"	"3/124"	"115/7644"	0.286358740002845	0.76527931538649	0.708714235129278	"FOS/CD14/LY96"	3
"M3"	"Platelet activation, signaling and aggregation"	"Platelet activation, signaling and aggregation"	"5/124"	"221/7644"	0.288807593018212	0.76527931538649	0.708714235129278	"SERPINA1/F13A1/HGF/CSF2RA/PRKCB"	5
"M3"	"CD28 dependent PI3K/Akt signaling"	"CD28 dependent PI3K/Akt signaling"	"1/124"	"21/7644"	0.291004769423171	0.76527931538649	0.708714235129278	"CD86"	1
"M3"	"HS-GAG degradation"	"HS-GAG degradation"	"1/124"	"21/7644"	0.291004769423171	0.76527931538649	0.708714235129278	"HPSE"	1
"M3"	"Synthesis of Leukotrienes (LT) and Eoxins (EX)"	"Synthesis of Leukotrienes (LT) and Eoxins (EX)"	"1/124"	"21/7644"	0.291004769423171	0.76527931538649	0.708714235129278	"ALOX5"	1
"M3"	"Semaphorin interactions"	"Semaphorin interactions"	"2/124"	"67/7644"	0.296525682150139	0.76527931538649	0.708714235129278	"TYROBP/TREM2"	2
"M3"	"Neuronal System"	"Neuronal System"	"6/124"	"280/7644"	0.302068689174275	0.76527931538649	0.708714235129278	"KCNAB2/KCNK1/GRIK5/KCNJ5/SLC1A3/PRKCB"	6
"M3"	"Common Pathway"	"Common Pathway"	"1/124"	"22/7644"	0.302537684101319	0.76527931538649	0.708714235129278	"F13A1"	1
"M3"	"CTLA4 inhibitory signaling"	"CTLA4 inhibitory signaling"	"1/124"	"22/7644"	0.302537684101319	0.76527931538649	0.708714235129278	"CD86"	1
"M3"	"Early Phase of HIV Life Cycle"	"Early Phase of HIV Life Cycle"	"1/124"	"22/7644"	0.302537684101319	0.76527931538649	0.708714235129278	"CCR5"	1
"M3"	"Extrinsic Pathway"	"Extrinsic Pathway"	"1/124"	"22/7644"	0.302537684101319	0.76527931538649	0.708714235129278	"TNFRSF10A"	1
"M3"	"The canonical retinoid cycle in rods (twilight vision)"	"The canonical retinoid cycle in rods (twilight vision)"	"1/124"	"22/7644"	0.302537684101319	0.76527931538649	0.708714235129278	"MYO7A"	1
"M3"	"Fcgamma receptor (FCGR) dependent phagocytosis"	"Fcgamma receptor (FCGR) dependent phagocytosis"	"3/124"	"119/7644"	0.304142942105894	0.76527931538649	0.708714235129278	"FCGR3A/PLD4/FCGR1A"	3
"M3"	"Endogenous sterols"	"Endogenous sterols"	"1/124"	"23/7644"	0.313884486406677	0.76527931538649	0.708714235129278	"CYP27A1"	1
"M3"	"HDMs demethylate histones"	"HDMs demethylate histones"	"1/124"	"23/7644"	0.313884486406677	0.76527931538649	0.708714235129278	"ARID5B"	1
"M3"	"Growth hormone receptor signaling"	"Growth hormone receptor signaling"	"1/124"	"24/7644"	0.325048155700152	0.76527931538649	0.708714235129278	"SOCS3"	1
"M3"	"Pyrimidine metabolism"	"Pyrimidine metabolism"	"1/124"	"24/7644"	0.325048155700152	0.76527931538649	0.708714235129278	"TYMP"	1
"M3"	"Synthesis of bile acids and bile salts via 7alpha-hydroxycholesterol"	"Synthesis of bile acids and bile salts via 7alpha-hydroxycholesterol"	"1/124"	"24/7644"	0.325048155700152	0.76527931538649	0.708714235129278	"CYP27A1"	1
"M3"	"Activation of G protein gated Potassium channels"	"Activation of G protein gated Potassium channels"	"1/124"	"25/7644"	0.33603162403259	0.76527931538649	0.708714235129278	"KCNJ5"	1
"M3"	"G protein gated Potassium channels"	"G protein gated Potassium channels"	"1/124"	"25/7644"	0.33603162403259	0.76527931538649	0.708714235129278	"KCNJ5"	1
"M3"	"Inhibition  of voltage gated Ca2+ channels via Gbeta/gamma subunits"	"Inhibition  of voltage gated Ca2+ channels via Gbeta/gamma subunits"	"1/124"	"25/7644"	0.33603162403259	0.76527931538649	0.708714235129278	"KCNJ5"	1
"M3"	"Post-translational modification: synthesis of GPI-anchored proteins"	"Post-translational modification: synthesis of GPI-anchored proteins"	"1/124"	"25/7644"	0.33603162403259	0.76527931538649	0.708714235129278	"PLAUR"	1
"M3"	"Regulation of IFNA signaling"	"Regulation of IFNA signaling"	"1/124"	"25/7644"	0.33603162403259	0.76527931538649	0.708714235129278	"SOCS3"	1
"M3"	"Synthesis of IP3 and IP4 in the cytosol"	"Synthesis of IP3 and IP4 in the cytosol"	"1/124"	"25/7644"	0.33603162403259	0.76527931538649	0.708714235129278	"PLD4"	1
"M3"	"Signaling by Leptin"	"Signaling by Leptin"	"1/124"	"26/7644"	0.346837776889915	0.76527931538649	0.708714235129278	"SOCS3"	1
"M3"	"Synthesis of bile acids and bile salts"	"Synthesis of bile acids and bile salts"	"1/124"	"27/7644"	0.357469453926624	0.76527931538649	0.708714235129278	"CYP27A1"	1
"M3"	"Interleukin receptor SHC signaling"	"Interleukin receptor SHC signaling"	"1/124"	"28/7644"	0.36792944968783	0.76527931538649	0.708714235129278	"CSF2RA"	1
"M3"	"Unfolded Protein Response (UPR)"	"Unfolded Protein Response (UPR)"	"2/124"	"82/7644"	0.385383283840344	0.76527931538649	0.708714235129278	"CCL2/CXCL8"	2
"M3"	"Activation of Kainate Receptors upon glutamate binding"	"Activation of Kainate Receptors upon glutamate binding"	"1/124"	"30/7644"	0.388345354270678	0.76527931538649	0.708714235129278	"GRIK5"	1
"M3"	"Amine compound SLC transporters"	"Amine compound SLC transporters"	"1/124"	"30/7644"	0.388345354270678	0.76527931538649	0.708714235129278	"SLC6A6"	1
"M3"	"Glutamate Binding, Activation of AMPA Receptors and Synaptic Plasticity"	"Glutamate Binding, Activation of AMPA Receptors and Synaptic Plasticity"	"1/124"	"30/7644"	0.388345354270678	0.76527931538649	0.708714235129278	"PRKCB"	1
"M3"	"MAPK targets/ Nuclear events mediated by MAP kinases"	"MAPK targets/ Nuclear events mediated by MAP kinases"	"1/124"	"30/7644"	0.388345354270678	0.76527931538649	0.708714235129278	"FOS"	1
"M3"	"Molecules associated with elastic fibres"	"Molecules associated with elastic fibres"	"1/124"	"30/7644"	0.388345354270678	0.76527931538649	0.708714235129278	"ITGB6"	1
"M3"	"RNA Polymerase I Promoter Opening"	"RNA Polymerase I Promoter Opening"	"1/124"	"30/7644"	0.388345354270678	0.76527931538649	0.708714235129278	"HIST1H2BD"	1
"M3"	"Trafficking of AMPA receptors"	"Trafficking of AMPA receptors"	"1/124"	"30/7644"	0.388345354270678	0.76527931538649	0.708714235129278	"PRKCB"	1
"M3"	"Peptide hormone metabolism"	"Peptide hormone metabolism"	"2/124"	"83/7644"	0.391156568607806	0.76527931538649	0.708714235129278	"ANPEP/PLA2G7"	2
"M3"	"Neurotransmitter Receptor Binding And Downstream Transmission In The  Postsynaptic Cell"	"Neurotransmitter Receptor Binding And Downstream Transmission In The  Postsynaptic Cell"	"3/124"	"140/7644"	0.39748885378623	0.76527931538649	0.708714235129278	"GRIK5/KCNJ5/PRKCB"	3
"M3"	"Amino acid transport across the plasma membrane"	"Amino acid transport across the plasma membrane"	"1/124"	"31/7644"	0.398306632977066	0.76527931538649	0.708714235129278	"SLC6A6"	1
"M3"	"Inwardly rectifying K+ channels"	"Inwardly rectifying K+ channels"	"1/124"	"31/7644"	0.398306632977066	0.76527931538649	0.708714235129278	"KCNJ5"	1
"M3"	"Packaging Of Telomere Ends"	"Packaging Of Telomere Ends"	"1/124"	"31/7644"	0.398306632977066	0.76527931538649	0.708714235129278	"HIST1H2BD"	1
"M3"	"Class I MHC mediated antigen processing & presentation"	"Class I MHC mediated antigen processing & presentation"	"5/124"	"255/7644"	0.398426884415018	0.76527931538649	0.708714235129278	"CTSS/SOCS3/CYBB/MRC1/FCGR1A"	5
"M3"	"Activation of Matrix Metalloproteinases"	"Activation of Matrix Metalloproteinases"	"1/124"	"32/7644"	0.408106971544102	0.76527931538649	0.708714235129278	"MMP7"	1
"M3"	"CD28 co-stimulation"	"CD28 co-stimulation"	"1/124"	"32/7644"	0.408106971544102	0.76527931538649	0.708714235129278	"CD86"	1
"M3"	"DNA methylation"	"DNA methylation"	"1/124"	"32/7644"	0.408106971544102	0.76527931538649	0.708714235129278	"HIST1H2BD"	1
"M3"	"Signaling by Robo receptor"	"Signaling by Robo receptor"	"1/124"	"32/7644"	0.408106971544102	0.76527931538649	0.708714235129278	"ROBO3"	1
"M3"	"VEGFR2 mediated cell proliferation"	"VEGFR2 mediated cell proliferation"	"1/124"	"32/7644"	0.408106971544102	0.76527931538649	0.708714235129278	"PRKCB"	1
"M3"	"TRAF6 mediated induction of NFkB and MAP kinases upon TLR7/8 or 9 activation"	"TRAF6 mediated induction of NFkB and MAP kinases upon TLR7/8 or 9 activation"	"2/124"	"86/7644"	0.408330166635476	0.76527931538649	0.708714235129278	"FOS/TLR7"	2
"M3"	"Transmission across Chemical Synapses"	"Transmission across Chemical Synapses"	"4/124"	"201/7644"	0.412132618656162	0.76527931538649	0.708714235129278	"GRIK5/KCNJ5/SLC1A3/PRKCB"	4
"M3"	"Defective AMN causes hereditary megaloblastic anemia 1"	"Defective AMN causes hereditary megaloblastic anemia 1"	"2/124"	"87/7644"	0.414003564061544	0.76527931538649	0.708714235129278	"SLC2A3/ACP5"	2
"M3"	"Defective BTD causes biotidinase deficiency"	"Defective BTD causes biotidinase deficiency"	"2/124"	"87/7644"	0.414003564061544	0.76527931538649	0.708714235129278	"SLC2A3/ACP5"	2
"M3"	"Defective CD320 causes methylmalonic aciduria"	"Defective CD320 causes methylmalonic aciduria"	"2/124"	"87/7644"	0.414003564061544	0.76527931538649	0.708714235129278	"SLC2A3/ACP5"	2
"M3"	"Defective CUBN causes hereditary megaloblastic anemia 1"	"Defective CUBN causes hereditary megaloblastic anemia 1"	"2/124"	"87/7644"	0.414003564061544	0.76527931538649	0.708714235129278	"SLC2A3/ACP5"	2
"M3"	"Defective GIF causes intrinsic factor deficiency"	"Defective GIF causes intrinsic factor deficiency"	"2/124"	"87/7644"	0.414003564061544	0.76527931538649	0.708714235129278	"SLC2A3/ACP5"	2
"M3"	"Defective HLCS causes multiple carboxylase deficiency"	"Defective HLCS causes multiple carboxylase deficiency"	"2/124"	"87/7644"	0.414003564061544	0.76527931538649	0.708714235129278	"SLC2A3/ACP5"	2
"M3"	"Defective LMBRD1 causes methylmalonic aciduria and homocystinuria type cblF"	"Defective LMBRD1 causes methylmalonic aciduria and homocystinuria type cblF"	"2/124"	"87/7644"	0.414003564061544	0.76527931538649	0.708714235129278	"SLC2A3/ACP5"	2
"M3"	"Defective MMAA causes methylmalonic aciduria type cblA"	"Defective MMAA causes methylmalonic aciduria type cblA"	"2/124"	"87/7644"	0.414003564061544	0.76527931538649	0.708714235129278	"SLC2A3/ACP5"	2
"M3"	"Defective MMAB causes methylmalonic aciduria type cblB"	"Defective MMAB causes methylmalonic aciduria type cblB"	"2/124"	"87/7644"	0.414003564061544	0.76527931538649	0.708714235129278	"SLC2A3/ACP5"	2
"M3"	"Defective MMACHC causes methylmalonic aciduria and homocystinuria type cblC"	"Defective MMACHC causes methylmalonic aciduria and homocystinuria type cblC"	"2/124"	"87/7644"	0.414003564061544	0.76527931538649	0.708714235129278	"SLC2A3/ACP5"	2
"M3"	"Defective MMADHC causes methylmalonic aciduria and homocystinuria type cblD"	"Defective MMADHC causes methylmalonic aciduria and homocystinuria type cblD"	"2/124"	"87/7644"	0.414003564061544	0.76527931538649	0.708714235129278	"SLC2A3/ACP5"	2
"M3"	"Defective MTR causes methylmalonic aciduria and homocystinuria type cblG"	"Defective MTR causes methylmalonic aciduria and homocystinuria type cblG"	"2/124"	"87/7644"	0.414003564061544	0.76527931538649	0.708714235129278	"SLC2A3/ACP5"	2
"M3"	"Defective MTRR causes methylmalonic aciduria and homocystinuria type cblE"	"Defective MTRR causes methylmalonic aciduria and homocystinuria type cblE"	"2/124"	"87/7644"	0.414003564061544	0.76527931538649	0.708714235129278	"SLC2A3/ACP5"	2
"M3"	"Defective MUT causes methylmalonic aciduria mut type"	"Defective MUT causes methylmalonic aciduria mut type"	"2/124"	"87/7644"	0.414003564061544	0.76527931538649	0.708714235129278	"SLC2A3/ACP5"	2
"M3"	"Defective TCN2 causes hereditary megaloblastic anemia"	"Defective TCN2 causes hereditary megaloblastic anemia"	"2/124"	"87/7644"	0.414003564061544	0.76527931538649	0.708714235129278	"SLC2A3/ACP5"	2
"M3"	"Defects in biotin (Btn) metabolism"	"Defects in biotin (Btn) metabolism"	"2/124"	"87/7644"	0.414003564061544	0.76527931538649	0.708714235129278	"SLC2A3/ACP5"	2
"M3"	"Defects in cobalamin (B12) metabolism"	"Defects in cobalamin (B12) metabolism"	"2/124"	"87/7644"	0.414003564061544	0.76527931538649	0.708714235129278	"SLC2A3/ACP5"	2
"M3"	"Defects in vitamin and cofactor metabolism"	"Defects in vitamin and cofactor metabolism"	"2/124"	"87/7644"	0.414003564061544	0.76527931538649	0.708714235129278	"SLC2A3/ACP5"	2
"M3"	"Metabolism of vitamins and cofactors"	"Metabolism of vitamins and cofactors"	"2/124"	"87/7644"	0.414003564061544	0.76527931538649	0.708714235129278	"SLC2A3/ACP5"	2
"M3"	"Metabolism of water-soluble vitamins and cofactors"	"Metabolism of water-soluble vitamins and cofactors"	"2/124"	"87/7644"	0.414003564061544	0.76527931538649	0.708714235129278	"SLC2A3/ACP5"	2
"M3"	"MyD88 dependent cascade initiated on endosome"	"MyD88 dependent cascade initiated on endosome"	"2/124"	"88/7644"	0.419650275039607	0.767960003322481	0.711196781909229	"FOS/TLR7"	2
"M3"	"Toll Like Receptor 7/8 (TLR7/8) Cascade"	"Toll Like Receptor 7/8 (TLR7/8) Cascade"	"2/124"	"88/7644"	0.419650275039607	0.767960003322481	0.711196781909229	"FOS/TLR7"	2
"M3"	"Oxidative Stress Induced Senescence"	"Oxidative Stress Induced Senescence"	"2/124"	"91/7644"	0.436424131881724	0.785226477716617	0.727187017039836	"FOS/HIST1H2BD"	2
"M3"	"Bile acid and bile salt metabolism"	"Bile acid and bile salt metabolism"	"1/124"	"35/7644"	0.436567936415148	0.785226477716617	0.727187017039836	"CYP27A1"	1
"M3"	"SIRT1 negatively regulates rRNA Expression"	"SIRT1 negatively regulates rRNA Expression"	"1/124"	"35/7644"	0.436567936415148	0.785226477716617	0.727187017039836	"HIST1H2BD"	1
"M3"	"Diseases associated with visual transduction"	"Diseases associated with visual transduction"	"2/124"	"92/7644"	0.44195807215744	0.785226477716617	0.727187017039836	"APOE/MYO7A"	2
"M3"	"Toll Like Receptor 9 (TLR9) Cascade"	"Toll Like Receptor 9 (TLR9) Cascade"	"2/124"	"92/7644"	0.44195807215744	0.785226477716617	0.727187017039836	"FOS/TLR7"	2
"M3"	"Visual phototransduction"	"Visual phototransduction"	"2/124"	"92/7644"	0.44195807215744	0.785226477716617	0.727187017039836	"APOE/MYO7A"	2
"M3"	"Regulation of actin dynamics for phagocytic cup formation"	"Regulation of actin dynamics for phagocytic cup formation"	"2/124"	"95/7644"	0.458380500802894	0.788461783921237	0.730183187870688	"FCGR3A/FCGR1A"	2
"M3"	"Collagen degradation"	"Collagen degradation"	"1/124"	"38/7644"	0.463670874024862	0.788461783921237	0.730183187870688	"MMP7"	1
"M3"	"Phagosomal maturation (early endosomal stage)"	"Phagosomal maturation (early endosomal stage)"	"1/124"	"38/7644"	0.463670874024862	0.788461783921237	0.730183187870688	"CYBB"	1
"M3"	"Transport of glucose and other sugars, bile salts and organic acids, metal ions and amine compounds"	"Transport of glucose and other sugars, bile salts and organic acids, metal ions and amine compounds"	"2/124"	"97/7644"	0.469174578027611	0.788461783921237	0.730183187870688	"SLC2A3/SLC6A6"	2
"M3"	"Activation of GABAB receptors"	"Activation of GABAB receptors"	"1/124"	"39/7644"	0.472414604188012	0.788461783921237	0.730183187870688	"KCNJ5"	1
"M3"	"Formation of Fibrin Clot (Clotting Cascade)"	"Formation of Fibrin Clot (Clotting Cascade)"	"1/124"	"39/7644"	0.472414604188012	0.788461783921237	0.730183187870688	"F13A1"	1
"M3"	"GABA B receptor activation"	"GABA B receptor activation"	"1/124"	"39/7644"	0.472414604188012	0.788461783921237	0.730183187870688	"KCNJ5"	1
"M3"	"Nuclear signaling by ERBB4"	"Nuclear signaling by ERBB4"	"1/124"	"39/7644"	0.472414604188012	0.788461783921237	0.730183187870688	"CXCL12"	1
"M3"	"O-glycosylation of TSR domain-containing proteins"	"O-glycosylation of TSR domain-containing proteins"	"1/124"	"39/7644"	0.472414604188012	0.788461783921237	0.730183187870688	"ADAMTS4"	1
"M3"	"Stimuli-sensing channels"	"Stimuli-sensing channels"	"2/124"	"98/7644"	0.474524058834068	0.788461783921237	0.730183187870688	"SGK1/ASIC1"	2
"M3"	"Glucose transport"	"Glucose transport"	"1/124"	"40/7644"	0.481016917019134	0.788461783921237	0.730183187870688	"SLC2A3"	1
"M3"	"Interleukin-1 signaling"	"Interleukin-1 signaling"	"1/124"	"40/7644"	0.481016917019134	0.788461783921237	0.730183187870688	"IL1B"	1
"M3"	"PRC2 methylates histones and DNA"	"PRC2 methylates histones and DNA"	"1/124"	"40/7644"	0.481016917019134	0.788461783921237	0.730183187870688	"HIST1H2BD"	1
"M3"	"Condensation of Prophase Chromosomes"	"Condensation of Prophase Chromosomes"	"1/124"	"41/7644"	0.489480081444387	0.788461783921237	0.730183187870688	"HIST1H2BD"	1
"M3"	"Elastic fibre formation"	"Elastic fibre formation"	"1/124"	"41/7644"	0.489480081444387	0.788461783921237	0.730183187870688	"ITGB6"	1
"M3"	"Retinoid metabolism and transport"	"Retinoid metabolism and transport"	"1/124"	"41/7644"	0.489480081444387	0.788461783921237	0.730183187870688	"APOE"	1
"M3"	"DAP12 signaling"	"DAP12 signaling"	"3/124"	"164/7644"	0.499702610160452	0.788461783921237	0.730183187870688	"TYROBP/TREM2/CD86"	3
"M3"	"Iron uptake and transport"	"Iron uptake and transport"	"1/124"	"43/7644"	0.505997860804724	0.788461783921237	0.730183187870688	"HMOX1"	1
"M3"	"Voltage gated Potassium channels"	"Voltage gated Potassium channels"	"1/124"	"43/7644"	0.505997860804724	0.788461783921237	0.730183187870688	"KCNAB2"	1
"M3"	"HATs acetylate histones"	"HATs acetylate histones"	"2/124"	"105/7644"	0.511048774062174	0.788461783921237	0.730183187870688	"HIST1H2BD/HIST1H2AG"	2
"M3"	"VEGFA-VEGFR2 Pathway"	"VEGFA-VEGFR2 Pathway"	"2/124"	"105/7644"	0.511048774062174	0.788461783921237	0.730183187870688	"CYBB/PRKCB"	2
"M3"	"Inositol phosphate metabolism"	"Inositol phosphate metabolism"	"1/124"	"44/7644"	0.514056835316001	0.788461783921237	0.730183187870688	"PLD4"	1
"M3"	"Mitotic Prophase"	"Mitotic Prophase"	"2/124"	"106/7644"	0.51613121098871	0.788461783921237	0.730183187870688	"HIST1H2BD/PRKCB"	2
"M3"	"Interleukin-3, 5 and GM-CSF signaling"	"Interleukin-3, 5 and GM-CSF signaling"	"1/124"	"45/7644"	0.521985381687161	0.788461783921237	0.730183187870688	"CSF2RA"	1
"M3"	"RMTs methylate histone arginines"	"RMTs methylate histone arginines"	"1/124"	"45/7644"	0.521985381687161	0.788461783921237	0.730183187870688	"HIST1H2AG"	1
"M3"	"G alpha (z) signalling events"	"G alpha (z) signalling events"	"1/124"	"46/7644"	0.52978559390861	0.788461783921237	0.730183187870688	"PRKCB"	1
"M3"	"Hexose transport"	"Hexose transport"	"1/124"	"46/7644"	0.52978559390861	0.788461783921237	0.730183187870688	"SLC2A3"	1
"M3"	"Interleukin-2 signaling"	"Interleukin-2 signaling"	"1/124"	"47/7644"	0.537459532623447	0.788461783921237	0.730183187870688	"CSF2RA"	1
"M3"	"Biological oxidations"	"Biological oxidations"	"3/124"	"174/7644"	0.539730115894957	0.788461783921237	0.730183187870688	"CYP27A1/PTGS1/FMO3"	3
"M3"	"G beta:gamma signalling through PI3Kgamma"	"G beta:gamma signalling through PI3Kgamma"	"1/124"	"48/7644"	0.545009225654208	0.788461783921237	0.730183187870688	"CSF2RA"	1
"M3"	"Signaling by VEGF"	"Signaling by VEGF"	"2/124"	"113/7644"	0.550727160841528	0.788461783921237	0.730183187870688	"CYBB/PRKCB"	2
"M3"	"GPVI-mediated activation cascade"	"GPVI-mediated activation cascade"	"1/124"	"49/7644"	0.552436668521359	0.788461783921237	0.730183187870688	"CSF2RA"	1
"M3"	"DAP12 interactions"	"DAP12 interactions"	"3/124"	"179/7644"	0.559056842950638	0.788461783921237	0.730183187870688	"TYROBP/TREM2/CD86"	3
"M3"	"Nuclear Envelope Breakdown"	"Nuclear Envelope Breakdown"	"1/124"	"50/7644"	0.559743824953663	0.788461783921237	0.730183187870688	"PRKCB"	1
"M3"	"G-protein beta:gamma signalling"	"G-protein beta:gamma signalling"	"1/124"	"51/7644"	0.566932627390554	0.788461783921237	0.730183187870688	"CSF2RA"	1
"M3"	"Nuclear Receptor transcription pathway"	"Nuclear Receptor transcription pathway"	"1/124"	"51/7644"	0.566932627390554	0.788461783921237	0.730183187870688	"NR4A3"	1
"M3"	"Apoptotic execution  phase"	"Apoptotic execution  phase"	"1/124"	"52/7644"	0.574004977476629	0.788461783921237	0.730183187870688	"HIST1H1C"	1
"M3"	"Deposition of new CENPA-containing nucleosomes at the centromere"	"Deposition of new CENPA-containing nucleosomes at the centromere"	"1/124"	"52/7644"	0.574004977476629	0.788461783921237	0.730183187870688	"HIST1H2BD"	1
"M3"	"Nucleosome assembly"	"Nucleosome assembly"	"1/124"	"52/7644"	0.574004977476629	0.788461783921237	0.730183187870688	"HIST1H2BD"	1
"M3"	"Cellular responses to stress"	"Cellular responses to stress"	"4/124"	"249/7644"	0.57911272781231	0.788461783921237	0.730183187870688	"FOS/HIST1H1C/HIST1H2BD/CXCL8"	4
"M3"	"Heparan sulfate/heparin (HS-GAG) metabolism"	"Heparan sulfate/heparin (HS-GAG) metabolism"	"1/124"	"54/7644"	0.587807776113413	0.788461783921237	0.730183187870688	"HPSE"	1
"M3"	"Meiotic recombination"	"Meiotic recombination"	"1/124"	"54/7644"	0.587807776113413	0.788461783921237	0.730183187870688	"HIST1H2BD"	1
"M3"	"Defective B3GAT3 causes JDSSDHD"	"Defective B3GAT3 causes JDSSDHD"	"2/124"	"121/7644"	0.588114937187152	0.788461783921237	0.730183187870688	"CD44/HPSE"	2
"M3"	"Defective B4GALT1 causes B4GALT1-CDG (CDG-2d)"	"Defective B4GALT1 causes B4GALT1-CDG (CDG-2d)"	"2/124"	"121/7644"	0.588114937187152	0.788461783921237	0.730183187870688	"CD44/HPSE"	2
"M3"	"Defective B4GALT7 causes EDS, progeroid type"	"Defective B4GALT7 causes EDS, progeroid type"	"2/124"	"121/7644"	0.588114937187152	0.788461783921237	0.730183187870688	"CD44/HPSE"	2
"M3"	"Defective CHST14 causes EDS, musculocontractural type"	"Defective CHST14 causes EDS, musculocontractural type"	"2/124"	"121/7644"	0.588114937187152	0.788461783921237	0.730183187870688	"CD44/HPSE"	2
"M3"	"Defective CHST3 causes SEDCJD"	"Defective CHST3 causes SEDCJD"	"2/124"	"121/7644"	0.588114937187152	0.788461783921237	0.730183187870688	"CD44/HPSE"	2
"M3"	"Defective CHST6 causes MCDC1"	"Defective CHST6 causes MCDC1"	"2/124"	"121/7644"	0.588114937187152	0.788461783921237	0.730183187870688	"CD44/HPSE"	2
"M3"	"Defective CHSY1 causes TPBS"	"Defective CHSY1 causes TPBS"	"2/124"	"121/7644"	0.588114937187152	0.788461783921237	0.730183187870688	"CD44/HPSE"	2
"M3"	"Defective EXT1 causes exostoses 1, TRPS2 and CHDS"	"Defective EXT1 causes exostoses 1, TRPS2 and CHDS"	"2/124"	"121/7644"	0.588114937187152	0.788461783921237	0.730183187870688	"CD44/HPSE"	2
"M3"	"Defective EXT2 causes exostoses 2"	"Defective EXT2 causes exostoses 2"	"2/124"	"121/7644"	0.588114937187152	0.788461783921237	0.730183187870688	"CD44/HPSE"	2
"M3"	"Defective PAPSS2 causes SEMD-PA"	"Defective PAPSS2 causes SEMD-PA"	"2/124"	"121/7644"	0.588114937187152	0.788461783921237	0.730183187870688	"CD44/HPSE"	2
"M3"	"Defective SLC26A2 causes chondrodysplasias"	"Defective SLC26A2 causes chondrodysplasias"	"2/124"	"121/7644"	0.588114937187152	0.788461783921237	0.730183187870688	"CD44/HPSE"	2
"M3"	"Diseases associated with glycosaminoglycan metabolism"	"Diseases associated with glycosaminoglycan metabolism"	"2/124"	"121/7644"	0.588114937187152	0.788461783921237	0.730183187870688	"CD44/HPSE"	2
"M3"	"Glycosaminoglycan metabolism"	"Glycosaminoglycan metabolism"	"2/124"	"121/7644"	0.588114937187152	0.788461783921237	0.730183187870688	"CD44/HPSE"	2
"M3"	"MPS I - Hurler syndrome"	"MPS I - Hurler syndrome"	"2/124"	"121/7644"	0.588114937187152	0.788461783921237	0.730183187870688	"CD44/HPSE"	2
"M3"	"MPS II - Hunter syndrome"	"MPS II - Hunter syndrome"	"2/124"	"121/7644"	0.588114937187152	0.788461783921237	0.730183187870688	"CD44/HPSE"	2
"M3"	"MPS IIIA - Sanfilippo syndrome A"	"MPS IIIA - Sanfilippo syndrome A"	"2/124"	"121/7644"	0.588114937187152	0.788461783921237	0.730183187870688	"CD44/HPSE"	2
"M3"	"MPS IIIB - Sanfilippo syndrome B"	"MPS IIIB - Sanfilippo syndrome B"	"2/124"	"121/7644"	0.588114937187152	0.788461783921237	0.730183187870688	"CD44/HPSE"	2
"M3"	"MPS IIIC - Sanfilippo syndrome C"	"MPS IIIC - Sanfilippo syndrome C"	"2/124"	"121/7644"	0.588114937187152	0.788461783921237	0.730183187870688	"CD44/HPSE"	2
"M3"	"MPS IIID - Sanfilippo syndrome D"	"MPS IIID - Sanfilippo syndrome D"	"2/124"	"121/7644"	0.588114937187152	0.788461783921237	0.730183187870688	"CD44/HPSE"	2
"M3"	"MPS IV - Morquio syndrome A"	"MPS IV - Morquio syndrome A"	"2/124"	"121/7644"	0.588114937187152	0.788461783921237	0.730183187870688	"CD44/HPSE"	2
"M3"	"MPS IV - Morquio syndrome B"	"MPS IV - Morquio syndrome B"	"2/124"	"121/7644"	0.588114937187152	0.788461783921237	0.730183187870688	"CD44/HPSE"	2
"M3"	"MPS IX - Natowicz syndrome"	"MPS IX - Natowicz syndrome"	"2/124"	"121/7644"	0.588114937187152	0.788461783921237	0.730183187870688	"CD44/HPSE"	2
"M3"	"MPS VII - Sly syndrome"	"MPS VII - Sly syndrome"	"2/124"	"121/7644"	0.588114937187152	0.788461783921237	0.730183187870688	"CD44/HPSE"	2
"M3"	"MPS VI - Maroteaux-Lamy syndrome"	"MPS VI - Maroteaux-Lamy syndrome"	"2/124"	"121/7644"	0.588114937187152	0.788461783921237	0.730183187870688	"CD44/HPSE"	2
"M3"	"Mucopolysaccharidoses"	"Mucopolysaccharidoses"	"2/124"	"121/7644"	0.588114937187152	0.788461783921237	0.730183187870688	"CD44/HPSE"	2
"M3"	"ECM proteoglycans"	"ECM proteoglycans"	"1/124"	"55/7644"	0.594541878321837	0.790656205343217	0.732215410182675	"ITGB6"	1
"M3"	"GABA receptor activation"	"GABA receptor activation"	"1/124"	"55/7644"	0.594541878321837	0.790656205343217	0.732215410182675	"KCNJ5"	1
"M3"	"G alpha (q) signalling events"	"G alpha (q) signalling events"	"3/124"	"189/7644"	0.596232548291607	0.790656205343217	0.732215410182675	"ANXA1/RGS2/GPR132"	3
"M3"	"MAP kinase activation in TLR cascade"	"MAP kinase activation in TLR cascade"	"1/124"	"56/7644"	0.60116683643069	0.791464252279254	0.732963730899971	"FOS"	1
"M3"	"RNA Polymerase I Chain Elongation"	"RNA Polymerase I Chain Elongation"	"1/124"	"56/7644"	0.60116683643069	0.791464252279254	0.732963730899971	"HIST1H2BD"	1
"M3"	"Meiotic synapsis"	"Meiotic synapsis"	"1/124"	"57/7644"	0.607684405260764	0.797177391847453	0.738254587790854	"HIST1H2BD"	1
"M3"	"SLC-mediated transmembrane transport"	"SLC-mediated transmembrane transport"	"4/124"	"259/7644"	0.610503426825888	0.798015193636697	0.739030464052391	"SLC2A3/SLC6A6/SLC1A3/SLC4A8"	4
"M3"	"formation of the beta-catenin:TCF transactivating complex"	"formation of the beta-catenin:TCF transactivating complex"	"1/124"	"58/7644"	0.614096311646379	0.799854982429092	0.740734266155213	"HIST1H2BD"	1
"M3"	"Cytochrome P450 - arranged by substrate type"	"Cytochrome P450 - arranged by substrate type"	"1/124"	"60/7644"	0.6266099071385	0.810385957642017	0.750486851770864	"CYP27A1"	1
"M3"	"Telomere Maintenance"	"Telomere Maintenance"	"1/124"	"60/7644"	0.6266099071385	0.810385957642017	0.750486851770864	"HIST1H2BD"	1
"M3"	"Collagen biosynthesis and modifying enzymes"	"Collagen biosynthesis and modifying enzymes"	"1/124"	"64/7644"	0.650442125170398	0.838245837367485	0.776287488157406	"COL21A1"	1
"M3"	"Chromatin modifying enzymes"	"Chromatin modifying enzymes"	"3/124"	"208/7644"	0.661115472529785	0.843950146202673	0.781570167032674	"ARID5B/HIST1H2BD/HIST1H2AG"	3
"M3"	"Chromatin organization"	"Chromatin organization"	"3/124"	"208/7644"	0.661115472529785	0.843950146202673	0.781570167032674	"ARID5B/HIST1H2BD/HIST1H2AG"	3
"M3"	"Activation of NF-kappaB in B cells"	"Activation of NF-kappaB in B cells"	"1/124"	"66/7644"	0.661786043607014	0.843950146202673	0.781570167032674	"PRKCB"	1
"M3"	"Post-translational protein modification"	"Post-translational protein modification"	"4/124"	"278/7644"	0.666099553834203	0.846501516330967	0.783932954439377	"ADAMTS4/PLAUR/GCNT3/GALNT12"	4
"M3"	"Latent infection of Homo sapiens with Mycobacterium tuberculosis"	"Latent infection of Homo sapiens with Mycobacterium tuberculosis"	"1/124"	"68/7644"	0.672764700093467	0.852013426415948	0.789037455582212	"CYBB"	1
"M3"	"Transcriptional regulation by small RNAs"	"Transcriptional regulation by small RNAs"	"1/124"	"71/7644"	0.688573242038037	0.86674911324387	0.802683964522652	"HIST1H2BD"	1
"M3"	"Gastrin-CREB signalling pathway via PKC and MAPK"	"Gastrin-CREB signalling pathway via PKC and MAPK"	"3/124"	"217/7644"	0.689136590038159	0.86674911324387	0.802683964522652	"ANXA1/RGS2/GPR132"	3
"M3"	"Apoptosis"	"Apoptosis"	"2/124"	"148/7644"	0.697192920550697	0.873878797676558	0.809286663364543	"HIST1H1C/TNFRSF10A"	2
"M3"	"NoRC negatively regulates rRNA expression"	"NoRC negatively regulates rRNA expression"	"1/124"	"74/7644"	0.703623945328462	0.878612485386695	0.813670463889893	"HIST1H2BD"	1
"M3"	"TRAF6 Mediated Induction of proinflammatory cytokines"	"TRAF6 Mediated Induction of proinflammatory cytokines"	"1/124"	"75/7644"	0.708478718218722	0.878612485386695	0.813670463889893	"FOS"	1
"M3"	"RNA Polymerase I Promoter Clearance"	"RNA Polymerase I Promoter Clearance"	"1/124"	"76/7644"	0.713254598644258	0.878612485386695	0.813670463889893	"HIST1H2BD"	1
"M3"	"Signaling by ERBB4"	"Signaling by ERBB4"	"2/124"	"154/7644"	0.717951919216936	0.878612485386695	0.813670463889893	"CXCL12/CD86"	2
"M3"	"FCERI mediated MAPK activation"	"FCERI mediated MAPK activation"	"1/124"	"77/7644"	0.71795285839163	0.878612485386695	0.813670463889893	"FOS"	1
"M3"	"Negative epigenetic regulation of rRNA expression"	"Negative epigenetic regulation of rRNA expression"	"1/124"	"77/7644"	0.71795285839163	0.878612485386695	0.813670463889893	"HIST1H2BD"	1
"M3"	"Metabolism of nucleotides"	"Metabolism of nucleotides"	"1/124"	"78/7644"	0.722574748910916	0.878612485386695	0.813670463889893	"TYMP"	1
"M3"	"RNA Polymerase I Transcription"	"RNA Polymerase I Transcription"	"1/124"	"78/7644"	0.722574748910916	0.878612485386695	0.813670463889893	"HIST1H2BD"	1
"M3"	"Transcriptional regulation of white adipocyte differentiation"	"Transcriptional regulation of white adipocyte differentiation"	"1/124"	"78/7644"	0.722574748910916	0.878612485386695	0.813670463889893	"EGR2"	1
"M3"	"Programmed Cell Death"	"Programmed Cell Death"	"2/124"	"160/7644"	0.737513164630395	0.89380734521432	0.82774220638197	"HIST1H1C/TNFRSF10A"	2
"M3"	"Meiosis"	"Meiosis"	"1/124"	"85/7644"	0.752890642002186	0.89839065738605	0.831986746270659	"HIST1H2BD"	1
"M3"	"Constitutive PI3K/AKT Signaling in Cancer"	"Constitutive PI3K/AKT Signaling in Cancer"	"1/124"	"86/7644"	0.756944294653559	0.89839065738605	0.831986746270659	"CD86"	1
"M3"	"MyD88 cascade initiated on plasma membrane"	"MyD88 cascade initiated on plasma membrane"	"1/124"	"86/7644"	0.756944294653559	0.89839065738605	0.831986746270659	"FOS"	1
"M3"	"Regulation of mRNA stability by proteins that bind AU-rich elements"	"Regulation of mRNA stability by proteins that bind AU-rich elements"	"1/124"	"86/7644"	0.756944294653559	0.89839065738605	0.831986746270659	"ZFP36"	1
"M3"	"Toll Like Receptor 10 (TLR10) Cascade"	"Toll Like Receptor 10 (TLR10) Cascade"	"1/124"	"86/7644"	0.756944294653559	0.89839065738605	0.831986746270659	"FOS"	1
"M3"	"Toll Like Receptor 5 (TLR5) Cascade"	"Toll Like Receptor 5 (TLR5) Cascade"	"1/124"	"86/7644"	0.756944294653559	0.89839065738605	0.831986746270659	"FOS"	1
"M3"	"Ion channel transport"	"Ion channel transport"	"2/124"	"167/7644"	0.758875036813057	0.89839065738605	0.831986746270659	"SGK1/ASIC1"	2
"M3"	"Chromosome Maintenance"	"Chromosome Maintenance"	"1/124"	"87/7644"	0.76093197756742	0.89839065738605	0.831986746270659	"HIST1H2BD"	1
"M3"	"Glycerophospholipid biosynthesis"	"Glycerophospholipid biosynthesis"	"1/124"	"88/7644"	0.764854755757394	0.900118458544072	0.833586838226032	"PLD4"	1
"M3"	"Downstream signaling events of B Cell Receptor (BCR)"	"Downstream signaling events of B Cell Receptor (BCR)"	"2/124"	"170/7644"	0.767565008379544	0.900412798291388	0.833859422058749	"CD86/PRKCB"	2
"M3"	"PCP/CE pathway"	"PCP/CE pathway"	"1/124"	"91/7644"	0.776244057918201	0.90768474504173	0.840593867999531	"PRKCB"	1
"M3"	"Epigenetic regulation of gene expression"	"Epigenetic regulation of gene expression"	"1/124"	"94/7644"	0.787085951320517	0.911871720257171	0.844471365898214	"HIST1H2BD"	1
"M3"	"Glycogen storage diseases"	"Glycogen storage diseases"	"3/124"	"258/7644"	0.795138392546491	0.911871720257171	0.844471365898214	"CD44/SLC2A3/HPSE"	3
"M3"	"Metabolism of carbohydrates"	"Metabolism of carbohydrates"	"3/124"	"258/7644"	0.795138392546491	0.911871720257171	0.844471365898214	"CD44/SLC2A3/HPSE"	3
"M3"	"Myoclonic epilepsy of Lafora"	"Myoclonic epilepsy of Lafora"	"3/124"	"258/7644"	0.795138392546491	0.911871720257171	0.844471365898214	"CD44/SLC2A3/HPSE"	3
"M3"	"Signaling by PDGF"	"Signaling by PDGF"	"2/124"	"184/7644"	0.804629977808216	0.911871720257171	0.844471365898214	"THBS4/CD86"	2
"M3"	"PI3K/AKT Signaling in Cancer"	"PI3K/AKT Signaling in Cancer"	"1/124"	"100/7644"	0.807230703178479	0.911871720257171	0.844471365898214	"CD86"	1
"M3"	"PI-3K cascade"	"PI-3K cascade"	"1/124"	"100/7644"	0.807230703178479	0.911871720257171	0.844471365898214	"CD86"	1
"M3"	"PI3K events in ERBB2 signaling"	"PI3K events in ERBB2 signaling"	"1/124"	"100/7644"	0.807230703178479	0.911871720257171	0.844471365898214	"CD86"	1
"M3"	"PI3K events in ERBB4 signaling"	"PI3K events in ERBB4 signaling"	"1/124"	"100/7644"	0.807230703178479	0.911871720257171	0.844471365898214	"CD86"	1
"M3"	"PIP3 activates AKT signaling"	"PIP3 activates AKT signaling"	"1/124"	"100/7644"	0.807230703178479	0.911871720257171	0.844471365898214	"CD86"	1
"M3"	"Regulatory RNA pathways"	"Regulatory RNA pathways"	"1/124"	"100/7644"	0.807230703178479	0.911871720257171	0.844471365898214	"HIST1H2BD"	1
"M3"	"PI3K/AKT activation"	"PI3K/AKT activation"	"1/124"	"103/7644"	0.816582126939115	0.919597102952972	0.851625732386705	"CD86"	1
"M3"	"GAB1 signalosome"	"GAB1 signalosome"	"1/124"	"104/7644"	0.819598148190879	0.92016233815295	0.85214918862597	"CD86"	1
"M3"	"Respiratory electron transport, ATP synthesis by chemiosmotic coupling, and heat production by uncoupling proteins."	"Respiratory electron transport, ATP synthesis by chemiosmotic coupling, and heat production by uncoupling proteins."	"1/124"	"108/7644"	0.831178127887505	0.930309464241061	0.861546297053844	"UCP2"	1
"M3"	"RNA Polymerase I, RNA Polymerase III, and Mitochondrial Transcription"	"RNA Polymerase I, RNA Polymerase III, and Mitochondrial Transcription"	"1/124"	"114/7644"	0.847179587262511	0.945328441884388	0.875455157569091	"HIST1H2BD"	1
"M3"	"Signaling by the B Cell Receptor (BCR)"	"Signaling by the B Cell Receptor (BCR)"	"2/124"	"209/7644"	0.858018927019543	0.954513456805935	0.883961268597961	"CD86/PRKCB"	2
"M3"	"Fc epsilon receptor (FCERI) signaling"	"Fc epsilon receptor (FCERI) signaling"	"2/124"	"212/7644"	0.863450714302926	0.954904494755032	0.88432340325315	"FOS/CD86"	2
"M3"	"Rho GTPase cycle"	"Rho GTPase cycle"	"1/124"	"122/7644"	0.866197519832433	0.954904494755032	0.88432340325315	"ARHGAP22"	1
"M3"	"Signaling by Rho GTPases"	"Signaling by Rho GTPases"	"1/124"	"122/7644"	0.866197519832433	0.954904494755032	0.88432340325315	"ARHGAP22"	1
"M3"	"Factors involved in megakaryocyte development and platelet production"	"Factors involved in megakaryocyte development and platelet production"	"1/124"	"125/7644"	0.872707078698386	0.959191563974803	0.888293596778506	"HBB"	1
"M3"	"Cell-Cell communication"	"Cell-Cell communication"	"1/124"	"130/7644"	0.882865445028912	0.967451355929886	0.895942872043208	"TYROBP"	1
"M3"	"Diseases of glycosylation"	"Diseases of glycosylation"	"2/124"	"227/7644"	0.887878815701625	0.970040735960582	0.898340859877214	"CD44/HPSE"	2
"M3"	"Phospholipid metabolism"	"Phospholipid metabolism"	"1/124"	"138/7644"	0.897471680268854	0.975736057727641	0.903615215957148	"PLD4"	1
"M3"	"Role of LAT2/NTAL/LAB on calcium mobilization"	"Role of LAT2/NTAL/LAB on calcium mobilization"	"1/124"	"141/7644"	0.902470192719153	0.975736057727641	0.903615215957148	"CD86"	1
"M3"	"Axon guidance"	"Axon guidance"	"3/124"	"327/7644"	0.905576188095175	0.975736057727641	0.903615215957148	"TYROBP/TREM2/ROBO3"	3
"M3"	"beta-catenin independent WNT signaling"	"beta-catenin independent WNT signaling"	"1/124"	"144/7644"	0.907226884985276	0.975736057727641	0.903615215957148	"PRKCB"	1
"M3"	"Signaling by SCF-KIT"	"Signaling by SCF-KIT"	"1/124"	"144/7644"	0.907226884985276	0.975736057727641	0.903615215957148	"CD86"	1
"M3"	"HIV Life Cycle"	"HIV Life Cycle"	"1/124"	"146/7644"	0.91026942417974	0.975736057727641	0.903615215957148	"CCR5"	1
"M3"	"The citric acid (TCA) cycle and respiratory electron transport"	"The citric acid (TCA) cycle and respiratory electron transport"	"1/124"	"147/7644"	0.911753365417632	0.975736057727641	0.903615215957148	"UCP2"	1
"M3"	"Downstream signaling of activated FGFR"	"Downstream signaling of activated FGFR"	"1/124"	"149/7644"	0.914648605014556	0.975980727216699	0.903841800873675	"CD86"	1
"M3"	"Downstream signal transduction"	"Downstream signal transduction"	"1/124"	"161/7644"	0.930144032866745	0.978397046748281	0.906079519853168	"CD86"	1
"M3"	"Signaling by FGFR"	"Signaling by FGFR"	"1/124"	"162/7644"	0.931301608695226	0.978397046748281	0.906079519853168	"CD86"	1
"M3"	"Signaling by ERBB2"	"Signaling by ERBB2"	"1/124"	"163/7644"	0.932440154608323	0.978397046748281	0.906079519853168	"CD86"	1
"M3"	"M Phase"	"M Phase"	"2/124"	"266/7644"	0.933802113706463	0.978397046748281	0.906079519853168	"HIST1H2BD/PRKCB"	2
"M3"	"Signaling by FGFR in disease"	"Signaling by FGFR in disease"	"1/124"	"177/7644"	0.946546651427137	0.978397046748281	0.906079519853168	"CD86"	1
"M3"	"Signaling by EGFR"	"Signaling by EGFR"	"1/124"	"179/7644"	0.948307362915897	0.978397046748281	0.906079519853168	"CD86"	1
"M3"	"Signaling by Overexpressed Wild-Type EGFR in Cancer"	"Signaling by Overexpressed Wild-Type EGFR in Cancer"	"1/124"	"179/7644"	0.948307362915897	0.978397046748281	0.906079519853168	"CD86"	1
"M3"	"Signaling by Wnt"	"Signaling by Wnt"	"2/124"	"286/7644"	0.949835092600001	0.978397046748281	0.906079519853168	"HIST1H2BD/PRKCB"	2
"M3"	"Signaling by EGFR in Cancer"	"Signaling by EGFR in Cancer"	"1/124"	"181/7644"	0.950010530341226	0.978397046748281	0.906079519853168	"CD86"	1
"M3"	"Signaling by EGFRvIII in Cancer"	"Signaling by EGFRvIII in Cancer"	"1/124"	"181/7644"	0.950010530341226	0.978397046748281	0.906079519853168	"CD86"	1
"M3"	"Signaling by Ligand-Responsive EGFR Variants in Cancer"	"Signaling by Ligand-Responsive EGFR Variants in Cancer"	"1/124"	"181/7644"	0.950010530341226	0.978397046748281	0.906079519853168	"CD86"	1
"M3"	"misspliced LRP5 mutants have enhanced beta-catenin-dependent signaling"	"misspliced LRP5 mutants have enhanced beta-catenin-dependent signaling"	"1/124"	"190/7644"	0.957011318950504	0.978397046748281	0.906079519853168	"HIST1H2BD"	1
"M3"	"RNF mutants show enhanced WNT signaling and proliferation"	"RNF mutants show enhanced WNT signaling and proliferation"	"1/124"	"190/7644"	0.957011318950504	0.978397046748281	0.906079519853168	"HIST1H2BD"	1
"M3"	"TCF dependent signaling in response to WNT"	"TCF dependent signaling in response to WNT"	"1/124"	"190/7644"	0.957011318950504	0.978397046748281	0.906079519853168	"HIST1H2BD"	1
"M3"	"XAV939 inhibits tankyrase, stabilizing AXIN"	"XAV939 inhibits tankyrase, stabilizing AXIN"	"1/124"	"190/7644"	0.957011318950504	0.978397046748281	0.906079519853168	"HIST1H2BD"	1
"M3"	"Transcription"	"Transcription"	"1/124"	"203/7644"	0.965440553696228	0.981015292664373	0.908504239971033	"HIST1H2BD"	1
"M3"	"NGF signalling via TRKA from the plasma membrane"	"NGF signalling via TRKA from the plasma membrane"	"1/124"	"206/7644"	0.96713988649056	0.981015292664373	0.908504239971033	"CD86"	1
"M3"	"Antigen processing: Ubiquitination & Proteasome degradation"	"Antigen processing: Ubiquitination & Proteasome degradation"	"1/124"	"211/7644"	0.969789837170392	0.981015292664373	0.908504239971033	"SOCS3"	1
"M3"	"Signaling by WNT in cancer"	"Signaling by WNT in cancer"	"1/124"	"212/7644"	0.970293814056019	0.981015292664373	0.908504239971033	"HIST1H2BD"	1
"M3"	"HIV Infection"	"HIV Infection"	"1/124"	"227/7644"	0.976925345119566	0.984999108302372	0.912193594688996	"CCR5"	1
"M3"	"Signalling by NGF"	"Signalling by NGF"	"1/124"	"287/7644"	0.991643208490992	0.997091797548635	0.923392461347888	"CD86"	1
"M3"	"Cell Cycle, Mitotic"	"Cell Cycle, Mitotic"	"2/124"	"445/7644"	0.995132619328566	0.997286124885044	0.923572425116434	"HIST1H2BD/PRKCB"	2
"M3"	"Generic Transcription Pathway"	"Generic Transcription Pathway"	"2/124"	"483/7644"	0.997286124885044	0.997286124885044	0.923572425116434	"NR4A3/ZNF556"	2
"M4"	"Prolactin receptor signaling"	"Prolactin receptor signaling"	"2/62"	"15/7644"	0.00635034794211341	0.603210759134754	0.603210759134754	"PRLR/GHR"	2
"M4"	"Stimuli-sensing channels"	"Stimuli-sensing channels"	"4/62"	"98/7644"	0.00803026030639262	0.603210759134754	0.603210759134754	"CLCNKB/MCOLN3/ANO9/TRPV6"	4
"M4"	"Ion channel transport"	"Ion channel transport"	"5/62"	"167/7644"	0.0111277855034251	0.603210759134754	0.603210759134754	"CLCNKB/MCOLN3/ANO9/TRPV6/ATP2C2"	5
"M4"	"Aflatoxin activation and detoxification"	"Aflatoxin activation and detoxification"	"2/62"	"21/7644"	0.0123104236558113	0.603210759134754	0.603210759134754	"GGT6/AKR7A3"	2
"M4"	"Defective ACY1 causes encephalopathy"	"Defective ACY1 causes encephalopathy"	"2/62"	"21/7644"	0.0123104236558113	0.603210759134754	0.603210759134754	"GGT6/AKR7A3"	2
"M4"	"Regulation of Insulin-like Growth Factor (IGF) transport and uptake by Insulin-like Growth Factor Binding Proteins (IGFBPs)"	"Regulation of Insulin-like Growth Factor (IGF) transport and uptake by Insulin-like Growth Factor Binding Proteins (IGFBPs)"	"2/62"	"21/7644"	0.0123104236558113	0.603210759134754	0.603210759134754	"KLK1/KLK3"	2
"M4"	"Growth hormone receptor signaling"	"Growth hormone receptor signaling"	"2/62"	"24/7644"	0.0159295426093184	0.633027111097711	0.633027111097711	"PRLR/GHR"	2
"M4"	"TRP channels"	"TRP channels"	"2/62"	"25/7644"	0.0172252275128629	0.633027111097711	0.633027111097711	"MCOLN3/TRPV6"	2
"M4"	"Synthesis of PIPs at the plasma membrane"	"Synthesis of PIPs at the plasma membrane"	"2/62"	"33/7644"	0.0290885133880223	0.6779473318285	0.6779473318285	"INPP5J/PIK3C2G"	2
"M4"	"Nuclear signaling by ERBB4"	"Nuclear signaling by ERBB4"	"2/62"	"39/7644"	0.0395817662531763	0.6779473318285	0.6779473318285	"PRLR/GHR"	2
"M4"	"Transport of inorganic cations/anions and amino acids/oligopeptides"	"Transport of inorganic cations/anions and amino acids/oligopeptides"	"3/62"	"94/7644"	0.0404525938098676	0.6779473318285	0.6779473318285	"SLC9A2/SLC8A1/SLC9A4"	3
"M4"	"MHC class II antigen presentation"	"MHC class II antigen presentation"	"3/62"	"103/7644"	0.0507329341639173	0.6779473318285	0.6779473318285	"AP1M2/KIF26A/DNM1"	3
"M4"	"O-linked glycosylation"	"O-linked glycosylation"	"3/62"	"103/7644"	0.0507329341639173	0.6779473318285	0.6779473318285	"MUC1/GALNT3/ADAMTSL3"	3
"M4"	"Biological oxidations"	"Biological oxidations"	"4/62"	"174/7644"	0.0521802144213767	0.6779473318285	0.6779473318285	"GGT6/AKR7A3/CYP26B1/SULT1A2"	4
"M4"	"Lipid digestion, mobilization, and transport"	"Lipid digestion, mobilization, and transport"	"2/62"	"50/7644"	0.0618520633034468	0.6779473318285	0.6779473318285	"CEL/LPL"	2
"M4"	"PI Metabolism"	"PI Metabolism"	"2/62"	"51/7644"	0.0640490956444038	0.6779473318285	0.6779473318285	"INPP5J/PIK3C2G"	2
"M4"	"Calcitonin-like ligand receptors"	"Calcitonin-like ligand receptors"	"1/62"	"10/7644"	0.0782564802057641	0.6779473318285	0.6779473318285	"ADM2"	1
"M4"	"Gap junction degradation"	"Gap junction degradation"	"1/62"	"10/7644"	0.0782564802057641	0.6779473318285	0.6779473318285	"DNM1"	1
"M4"	"Reduction of cytosolic Ca++ levels"	"Reduction of cytosolic Ca++ levels"	"1/62"	"10/7644"	0.0782564802057641	0.6779473318285	0.6779473318285	"SLC8A1"	1
"M4"	"Zinc influx into cells by the SLC39 gene family"	"Zinc influx into cells by the SLC39 gene family"	"1/62"	"10/7644"	0.0782564802057641	0.6779473318285	0.6779473318285	"SLC39A4"	1
"M4"	"Cell-cell junction organization"	"Cell-cell junction organization"	"2/62"	"60/7644"	0.0849378037517271	0.6779473318285	0.6779473318285	"CDH1/CLDN7"	2
"M4"	"Apoptotic cleavage of cell adhesion  proteins"	"Apoptotic cleavage of cell adhesion  proteins"	"1/62"	"11/7644"	0.0857424768297153	0.6779473318285	0.6779473318285	"CDH1"	1
"M4"	"Endosomal/Vacuolar pathway"	"Endosomal/Vacuolar pathway"	"1/62"	"11/7644"	0.0857424768297153	0.6779473318285	0.6779473318285	"HLA-G"	1
"M4"	"Nef mediated downregulation of MHC class I complex cell surface expression"	"Nef mediated downregulation of MHC class I complex cell surface expression"	"1/62"	"11/7644"	0.0857424768297153	0.6779473318285	0.6779473318285	"AP1M2"	1
"M4"	"Synthesis of IP2, IP, and Ins in the cytosol"	"Synthesis of IP2, IP, and Ins in the cytosol"	"1/62"	"11/7644"	0.0857424768297153	0.6779473318285	0.6779473318285	"INPP5J"	1
"M4"	"Depolarization of the Presynaptic Terminal Triggers the Opening of Calcium Channels"	"Depolarization of the Presynaptic Terminal Triggers the Opening of Calcium Channels"	"1/62"	"12/7644"	0.0931686482481034	0.6779473318285	0.6779473318285	"CACNB4"	1
"M4"	"Glutathione synthesis and recycling"	"Glutathione synthesis and recycling"	"1/62"	"12/7644"	0.0931686482481034	0.6779473318285	0.6779473318285	"GGT6"	1
"M4"	"Reversible hydration of carbon dioxide"	"Reversible hydration of carbon dioxide"	"1/62"	"12/7644"	0.0931686482481034	0.6779473318285	0.6779473318285	"CA2"	1
"M4"	"O-linked glycosylation of mucins"	"O-linked glycosylation of mucins"	"2/62"	"64/7644"	0.0948028303424421	0.6779473318285	0.6779473318285	"MUC1/GALNT3"	2
"M4"	"Downregulation of ERBB2:ERBB3 signaling"	"Downregulation of ERBB2:ERBB3 signaling"	"1/62"	"13/7644"	0.100535464784872	0.6779473318285	0.6779473318285	"ERBB3"	1
"M4"	"Retrograde neurotrophin signalling"	"Retrograde neurotrophin signalling"	"1/62"	"13/7644"	0.100535464784872	0.6779473318285	0.6779473318285	"DNM1"	1
"M4"	"Phospholipid metabolism"	"Phospholipid metabolism"	"3/62"	"138/7644"	0.101099871739757	0.6779473318285	0.6779473318285	"INPP5J/PLA2G4F/PIK3C2G"	3
"M4"	"Interferon alpha/beta signaling"	"Interferon alpha/beta signaling"	"2/62"	"67/7644"	0.102408636652481	0.6779473318285	0.6779473318285	"IRF6/HLA-G"	2
"M4"	"Cytokine Signaling in Immune system"	"Cytokine Signaling in Immune system"	"5/62"	"308/7644"	0.103583884482925	0.6779473318285	0.6779473318285	"IRF6/SYK/PRLR/GHR/HLA-G"	5
"M4"	"Class A/1 (Rhodopsin-like receptors)"	"Class A/1 (Rhodopsin-like receptors)"	"5/62"	"314/7644"	0.11010534333051	0.6779473318285	0.6779473318285	"SUCNR1/KNG1/LPAR1/AVPR2/CCL28"	5
"M4"	"Recycling of bile acids and salts"	"Recycling of bile acids and salts"	"1/62"	"15/7644"	0.115092896355132	0.6779473318285	0.6779473318285	"ABCC3"	1
"M4"	"Acyl chain remodelling of PI"	"Acyl chain remodelling of PI"	"1/62"	"16/7644"	0.12228443396504	0.6779473318285	0.6779473318285	"PLA2G4F"	1
"M4"	"Synthesis of very long-chain fatty acyl-CoAs"	"Synthesis of very long-chain fatty acyl-CoAs"	"1/62"	"16/7644"	0.12228443396504	0.6779473318285	0.6779473318285	"ELOVL4"	1
"M4"	"TGF-beta receptor signaling in EMT (epithelial to mesenchymal transition)"	"TGF-beta receptor signaling in EMT (epithelial to mesenchymal transition)"	"1/62"	"16/7644"	0.12228443396504	0.6779473318285	0.6779473318285	"CGN"	1
"M4"	"G alpha (i) signalling events"	"G alpha (i) signalling events"	"4/62"	"236/7644"	0.123978891952372	0.6779473318285	0.6779473318285	"SUCNR1/KNG1/LPAR1/CCL28"	4
"M4"	"Signaling by ERBB4"	"Signaling by ERBB4"	"3/62"	"154/7644"	0.12889430361056	0.6779473318285	0.6779473318285	"PRLR/ERBB3/GHR"	3
"M4"	"Acyl chain remodelling of PG"	"Acyl chain remodelling of PG"	"1/62"	"17/7644"	0.129418461900824	0.6779473318285	0.6779473318285	"PLA2G4F"	1
"M4"	"Acyl chain remodelling of PS"	"Acyl chain remodelling of PS"	"1/62"	"17/7644"	0.129418461900824	0.6779473318285	0.6779473318285	"PLA2G4F"	1
"M4"	"Chylomicron-mediated lipid transport"	"Chylomicron-mediated lipid transport"	"1/62"	"17/7644"	0.129418461900824	0.6779473318285	0.6779473318285	"LPL"	1
"M4"	"Cytosolic sulfonation of small molecules"	"Cytosolic sulfonation of small molecules"	"1/62"	"17/7644"	0.129418461900824	0.6779473318285	0.6779473318285	"SULT1A2"	1
"M4"	"Zinc transporters"	"Zinc transporters"	"1/62"	"17/7644"	0.129418461900824	0.6779473318285	0.6779473318285	"SLC39A4"	1
"M4"	"Regulation of signaling by CBL"	"Regulation of signaling by CBL"	"1/62"	"18/7644"	0.136495432578961	0.6779473318285	0.6779473318285	"SYK"	1
"M4"	"Synthesis of PIPs at the Golgi membrane"	"Synthesis of PIPs at the Golgi membrane"	"1/62"	"18/7644"	0.136495432578961	0.6779473318285	0.6779473318285	"PIK3C2G"	1
"M4"	"Platelet calcium homeostasis"	"Platelet calcium homeostasis"	"1/62"	"19/7644"	0.143515794915717	0.6779473318285	0.6779473318285	"SLC8A1"	1
"M4"	"Defective ACTH causes Obesity and Pro-opiomelanocortinin deficiency (POMCD)"	"Defective ACTH causes Obesity and Pro-opiomelanocortinin deficiency (POMCD)"	"6/62"	"441/7644"	0.146021599575595	0.6779473318285	0.6779473318285	"ADM2/SUCNR1/KNG1/LPAR1/AVPR2/CCL28"	6
"M4"	"GPCR ligand binding"	"GPCR ligand binding"	"6/62"	"441/7644"	0.146021599575595	0.6779473318285	0.6779473318285	"ADM2/SUCNR1/KNG1/LPAR1/AVPR2/CCL28"	6
"M4"	"Fatty Acyl-CoA Biosynthesis"	"Fatty Acyl-CoA Biosynthesis"	"1/62"	"20/7644"	0.15047999435378	0.6779473318285	0.6779473318285	"ELOVL4"	1
"M4"	"Cell junction organization"	"Cell junction organization"	"2/62"	"85/7644"	0.151073454284625	0.6779473318285	0.6779473318285	"CDH1/CLDN7"	2
"M4"	"RA biosynthesis pathway"	"RA biosynthesis pathway"	"1/62"	"21/7644"	0.157388472888679	0.6779473318285	0.6779473318285	"CYP26B1"	1
"M4"	"SLC-mediated transmembrane transport"	"SLC-mediated transmembrane transport"	"4/62"	"259/7644"	0.157796451402812	0.6779473318285	0.6779473318285	"SLC9A2/SLC39A4/SLC8A1/SLC9A4"	4
"M4"	"Defective AHCY causes Hypermethioninemia with S-adenosylhomocysteine hydrolase deficiency (HMAHCHD)"	"Defective AHCY causes Hypermethioninemia with S-adenosylhomocysteine hydrolase deficiency (HMAHCHD)"	"2/62"	"89/7644"	0.162445932109877	0.6779473318285	0.6779473318285	"GGT6/SULT1A2"	2
"M4"	"Defective GCLC causes Hemolytic anemia due to gamma-glutamylcysteine synthetase deficiency (HAGGSD)"	"Defective GCLC causes Hemolytic anemia due to gamma-glutamylcysteine synthetase deficiency (HAGGSD)"	"2/62"	"89/7644"	0.162445932109877	0.6779473318285	0.6779473318285	"GGT6/SULT1A2"	2
"M4"	"Defective GGT1 causes Glutathionuria (GLUTH)"	"Defective GGT1 causes Glutathionuria (GLUTH)"	"2/62"	"89/7644"	0.162445932109877	0.6779473318285	0.6779473318285	"GGT6/SULT1A2"	2
"M4"	"Defective GSS causes Glutathione synthetase deficiency (GSS deficiency)"	"Defective GSS causes Glutathione synthetase deficiency (GSS deficiency)"	"2/62"	"89/7644"	0.162445932109877	0.6779473318285	0.6779473318285	"GGT6/SULT1A2"	2
"M4"	"Defective MAT1A causes Methionine adenosyltransferase deficiency (MATD)"	"Defective MAT1A causes Methionine adenosyltransferase deficiency (MATD)"	"2/62"	"89/7644"	0.162445932109877	0.6779473318285	0.6779473318285	"GGT6/SULT1A2"	2
"M4"	"Defective OPLAH causes 5-oxoprolinase deficiency (OPLAHD)"	"Defective OPLAH causes 5-oxoprolinase deficiency (OPLAHD)"	"2/62"	"89/7644"	0.162445932109877	0.6779473318285	0.6779473318285	"GGT6/SULT1A2"	2
"M4"	"Defective SLC35D1 causes Schneckenbecken dysplasia (SCHBCKD)"	"Defective SLC35D1 causes Schneckenbecken dysplasia (SCHBCKD)"	"2/62"	"89/7644"	0.162445932109877	0.6779473318285	0.6779473318285	"GGT6/SULT1A2"	2
"M4"	"Defective TPMT causes Thiopurine S-methyltransferase deficiency (TPMT deficiency)"	"Defective TPMT causes Thiopurine S-methyltransferase deficiency (TPMT deficiency)"	"2/62"	"89/7644"	0.162445932109877	0.6779473318285	0.6779473318285	"GGT6/SULT1A2"	2
"M4"	"Defective UGT1A1 causes hyperbilirubinemia"	"Defective UGT1A1 causes hyperbilirubinemia"	"2/62"	"89/7644"	0.162445932109877	0.6779473318285	0.6779473318285	"GGT6/SULT1A2"	2
"M4"	"Defective UGT1A4 causes hyperbilirubinemia"	"Defective UGT1A4 causes hyperbilirubinemia"	"2/62"	"89/7644"	0.162445932109877	0.6779473318285	0.6779473318285	"GGT6/SULT1A2"	2
"M4"	"Phase II conjugation"	"Phase II conjugation"	"2/62"	"89/7644"	0.162445932109877	0.6779473318285	0.6779473318285	"GGT6/SULT1A2"	2
"M4"	"Intrinsic Pathway"	"Intrinsic Pathway"	"1/62"	"22/7644"	0.164241669095015	0.6779473318285	0.6779473318285	"KNG1"	1
"M4"	"Nef-mediates down modulation of cell surface receptors by recruiting them to clathrin adapters"	"Nef-mediates down modulation of cell surface receptors by recruiting them to clathrin adapters"	"1/62"	"22/7644"	0.164241669095015	0.6779473318285	0.6779473318285	"AP1M2"	1
"M4"	"Acyl chain remodelling of PE"	"Acyl chain remodelling of PE"	"1/62"	"23/7644"	0.171040018152494	0.6779473318285	0.6779473318285	"PLA2G4F"	1
"M4"	"Regulation of Complement cascade"	"Regulation of Complement cascade"	"1/62"	"23/7644"	0.171040018152494	0.6779473318285	0.6779473318285	"C7"	1
"M4"	"Interferon gamma signaling"	"Interferon gamma signaling"	"2/62"	"92/7644"	0.17107650696164	0.6779473318285	0.6779473318285	"IRF6/HLA-G"	2
"M4"	"Antigen Presentation: Folding, assembly and peptide loading of class I MHC"	"Antigen Presentation: Folding, assembly and peptide loading of class I MHC"	"1/62"	"24/7644"	0.177783951871763	0.6779473318285	0.6779473318285	"HLA-G"	1
"M4"	"Lysosome Vesicle Biogenesis"	"Lysosome Vesicle Biogenesis"	"1/62"	"24/7644"	0.177783951871763	0.6779473318285	0.6779473318285	"AP1M2"	1
"M4"	"Acyl chain remodelling of PC"	"Acyl chain remodelling of PC"	"1/62"	"25/7644"	0.18447389872005	0.6779473318285	0.6779473318285	"PLA2G4F"	1
"M4"	"Metal ion SLC transporters"	"Metal ion SLC transporters"	"1/62"	"25/7644"	0.18447389872005	0.6779473318285	0.6779473318285	"SLC39A4"	1
"M4"	"Synthesis of IP3 and IP4 in the cytosol"	"Synthesis of IP3 and IP4 in the cytosol"	"1/62"	"25/7644"	0.18447389872005	0.6779473318285	0.6779473318285	"INPP5J"	1
"M4"	"Post-translational protein modification"	"Post-translational protein modification"	"4/62"	"278/7644"	0.188072111208769	0.6779473318285	0.6779473318285	"MUC1/GALNT3/GFPT2/ADAMTSL3"	4
"M4"	"Termination of O-glycan biosynthesis"	"Termination of O-glycan biosynthesis"	"1/62"	"26/7644"	0.191110283846623	0.6779473318285	0.6779473318285	"MUC1"	1
"M4"	"Detoxification of Reactive Oxygen Species"	"Detoxification of Reactive Oxygen Species"	"1/62"	"27/7644"	0.197693529108045	0.6779473318285	0.6779473318285	"SOD3"	1
"M4"	"Integrin alphaIIb beta3 signaling"	"Integrin alphaIIb beta3 signaling"	"1/62"	"27/7644"	0.197693529108045	0.6779473318285	0.6779473318285	"SYK"	1
"M4"	"Kinesins"	"Kinesins"	"1/62"	"27/7644"	0.197693529108045	0.6779473318285	0.6779473318285	"KIF26A"	1
"M4"	"Recycling pathway of L1"	"Recycling pathway of L1"	"1/62"	"27/7644"	0.197693529108045	0.6779473318285	0.6779473318285	"DNM1"	1
"M4"	"Membrane Trafficking"	"Membrane Trafficking"	"3/62"	"190/7644"	0.199530720705991	0.6779473318285	0.6779473318285	"AP1M2/CHMP4C/DNM1"	3
"M4"	"Peptide ligand-binding receptors"	"Peptide ligand-binding receptors"	"3/62"	"190/7644"	0.199530720705991	0.6779473318285	0.6779473318285	"KNG1/AVPR2/CCL28"	3
"M4"	"Signalling by NGF"	"Signalling by NGF"	"4/62"	"287/7644"	0.203044223680905	0.6779473318285	0.6779473318285	"ERBB3/FGD3/DNM1/NTRK2"	4
"M4"	"Endosomal Sorting Complex Required For Transport (ESCRT)"	"Endosomal Sorting Complex Required For Transport (ESCRT)"	"1/62"	"28/7644"	0.204224053093249	0.6779473318285	0.6779473318285	"CHMP4C"	1
"M4"	"Gap junction trafficking"	"Gap junction trafficking"	"1/62"	"28/7644"	0.204224053093249	0.6779473318285	0.6779473318285	"DNM1"	1
"M4"	"The role of Nef in HIV-1 replication and disease pathogenesis"	"The role of Nef in HIV-1 replication and disease pathogenesis"	"1/62"	"29/7644"	0.210702271148424	0.6779473318285	0.6779473318285	"AP1M2"	1
"M4"	"Transferrin endocytosis and recycling"	"Transferrin endocytosis and recycling"	"1/62"	"29/7644"	0.210702271148424	0.6779473318285	0.6779473318285	"STEAP2"	1
"M4"	"Adherens junctions interactions"	"Adherens junctions interactions"	"1/62"	"30/7644"	0.217128595401714	0.6779473318285	0.6779473318285	"CDH1"	1
"M4"	"Gap junction trafficking and regulation"	"Gap junction trafficking and regulation"	"1/62"	"30/7644"	0.217128595401714	0.6779473318285	0.6779473318285	"DNM1"	1
"M4"	"Lipoprotein metabolism"	"Lipoprotein metabolism"	"1/62"	"30/7644"	0.217128595401714	0.6779473318285	0.6779473318285	"LPL"	1
"M4"	"Tight junction interactions"	"Tight junction interactions"	"1/62"	"30/7644"	0.217128595401714	0.6779473318285	0.6779473318285	"CLDN7"	1
"M4"	"Gluconeogenesis"	"Gluconeogenesis"	"1/62"	"31/7644"	0.223503434787726	0.6779473318285	0.6779473318285	"FBP1"	1
"M4"	"Response of Mtb to phagocytosis"	"Response of Mtb to phagocytosis"	"1/62"	"31/7644"	0.223503434787726	0.6779473318285	0.6779473318285	"LTF"	1
"M4"	"Immunoregulatory interactions between a Lymphoid and a non-Lymphoid cell"	"Immunoregulatory interactions between a Lymphoid and a non-Lymphoid cell"	"2/62"	"111/7644"	0.227183676125606	0.6779473318285	0.6779473318285	"CDH1/HLA-G"	2
"M4"	"SHC1 events in ERBB2 signaling"	"SHC1 events in ERBB2 signaling"	"1/62"	"32/7644"	0.229827195071866	0.6779473318285	0.6779473318285	"ERBB3"	1
"M4"	"Signaling by Robo receptor"	"Signaling by Robo receptor"	"1/62"	"32/7644"	0.229827195071866	0.6779473318285	0.6779473318285	"ROBO2"	1
"M4"	"NGF signalling via TRKA from the plasma membrane"	"NGF signalling via TRKA from the plasma membrane"	"3/62"	"206/7644"	0.233508109539969	0.6779473318285	0.6779473318285	"ERBB3/DNM1/NTRK2"	3
"M4"	"Budding and maturation of HIV virion"	"Budding and maturation of HIV virion"	"1/62"	"33/7644"	0.236100278874486	0.6779473318285	0.6779473318285	"CHMP4C"	1
"M4"	"Glutathione conjugation"	"Glutathione conjugation"	"1/62"	"33/7644"	0.236100278874486	0.6779473318285	0.6779473318285	"GGT6"	1
"M4"	"Bile acid and bile salt metabolism"	"Bile acid and bile salt metabolism"	"1/62"	"35/7644"	0.248496011934917	0.6779473318285	0.6779473318285	"ABCC3"	1
"M4"	"ABC-family proteins mediated transport"	"ABC-family proteins mediated transport"	"1/62"	"36/7644"	0.254619450922962	0.6779473318285	0.6779473318285	"ABCC3"	1
"M4"	"Beta defensins"	"Beta defensins"	"1/62"	"36/7644"	0.254619450922962	0.6779473318285	0.6779473318285	"DEFB1"	1
"M4"	"Rho GTPase cycle"	"Rho GTPase cycle"	"2/62"	"122/7644"	0.260309963636879	0.6779473318285	0.6779473318285	"FGD3/RHOV"	2
"M4"	"Signaling by Rho GTPases"	"Signaling by Rho GTPases"	"2/62"	"122/7644"	0.260309963636879	0.6779473318285	0.6779473318285	"FGD3/RHOV"	2
"M4"	"NCAM1 interactions"	"NCAM1 interactions"	"1/62"	"37/7644"	0.260693792936997	0.6779473318285	0.6779473318285	"CACNB4"	1
"M4"	"Platelet Aggregation (Plug Formation)"	"Platelet Aggregation (Plug Formation)"	"1/62"	"37/7644"	0.260693792936997	0.6779473318285	0.6779473318285	"SYK"	1
"M4"	"Apoptotic cleavage of cellular proteins"	"Apoptotic cleavage of cellular proteins"	"1/62"	"38/7644"	0.266719425228032	0.6779473318285	0.6779473318285	"CDH1"	1
"M4"	"Phagosomal maturation (early endosomal stage)"	"Phagosomal maturation (early endosomal stage)"	"1/62"	"38/7644"	0.266719425228032	0.6779473318285	0.6779473318285	"LTF"	1
"M4"	"G alpha (s) signalling events"	"G alpha (s) signalling events"	"2/62"	"126/7644"	0.272391282580191	0.6779473318285	0.6779473318285	"ADM2/AVPR2"	2
"M4"	"Formation of Fibrin Clot (Clotting Cascade)"	"Formation of Fibrin Clot (Clotting Cascade)"	"1/62"	"39/7644"	0.27269673204316	0.6779473318285	0.6779473318285	"KNG1"	1
"M4"	"O-glycosylation of TSR domain-containing proteins"	"O-glycosylation of TSR domain-containing proteins"	"1/62"	"39/7644"	0.27269673204316	0.6779473318285	0.6779473318285	"ADAMTSL3"	1
"M4"	"Cell-Cell communication"	"Cell-Cell communication"	"2/62"	"130/7644"	0.28447050316029	0.6779473318285	0.6779473318285	"CDH1/CLDN7"	2
"M4"	"Retinoid metabolism and transport"	"Retinoid metabolism and transport"	"1/62"	"41/7644"	0.28450789135175	0.6779473318285	0.6779473318285	"LPL"	1
"M4"	"Signaling by Retinoic Acid"	"Signaling by Retinoic Acid"	"1/62"	"41/7644"	0.28450789135175	0.6779473318285	0.6779473318285	"CYP26B1"	1
"M4"	"Triglyceride Biosynthesis"	"Triglyceride Biosynthesis"	"1/62"	"42/7644"	0.290342497525128	0.6779473318285	0.6779473318285	"ELOVL4"	1
"M4"	"Ion transport by P-type ATPases"	"Ion transport by P-type ATPases"	"1/62"	"43/7644"	0.296130285627395	0.6779473318285	0.6779473318285	"ATP2C2"	1
"M4"	"Iron uptake and transport"	"Iron uptake and transport"	"1/62"	"43/7644"	0.296130285627395	0.6779473318285	0.6779473318285	"STEAP2"	1
"M4"	"Vasopressin regulates renal water homeostasis via Aquaporins"	"Vasopressin regulates renal water homeostasis via Aquaporins"	"1/62"	"43/7644"	0.296130285627395	0.6779473318285	0.6779473318285	"AVPR2"	1
"M4"	"Voltage gated Potassium channels"	"Voltage gated Potassium channels"	"1/62"	"43/7644"	0.296130285627395	0.6779473318285	0.6779473318285	"KCNG1"	1
"M4"	"Inositol phosphate metabolism"	"Inositol phosphate metabolism"	"1/62"	"44/7644"	0.301871625226277	0.6779473318285	0.6779473318285	"INPP5J"	1
"M4"	"Antigen activates B Cell Receptor (BCR) leading to generation of second messengers"	"Antigen activates B Cell Receptor (BCR) leading to generation of second messengers"	"1/62"	"45/7644"	0.307566883020484	0.6779473318285	0.6779473318285	"SYK"	1
"M4"	"Interleukin-3, 5 and GM-CSF signaling"	"Interleukin-3, 5 and GM-CSF signaling"	"1/62"	"45/7644"	0.307566883020484	0.6779473318285	0.6779473318285	"SYK"	1
"M4"	"NRAGE signals death through JNK"	"NRAGE signals death through JNK"	"1/62"	"45/7644"	0.307566883020484	0.6779473318285	0.6779473318285	"FGD3"	1
"M4"	"Defensins"	"Defensins"	"1/62"	"46/7644"	0.313216422861612	0.6779473318285	0.6779473318285	"DEFB1"	1
"M4"	"Role of LAT2/NTAL/LAB on calcium mobilization"	"Role of LAT2/NTAL/LAB on calcium mobilization"	"2/62"	"141/7644"	0.317581468064937	0.6779473318285	0.6779473318285	"SYK/ERBB3"	2
"M4"	"Interleukin-2 signaling"	"Interleukin-2 signaling"	"1/62"	"47/7644"	0.318820605775876	0.6779473318285	0.6779473318285	"SYK"	1
"M4"	"EPH-ephrin mediated repulsion of cells"	"EPH-ephrin mediated repulsion of cells"	"1/62"	"48/7644"	0.324379789985682	0.6779473318285	0.6779473318285	"DNM1"	1
"M4"	"GPVI-mediated activation cascade"	"GPVI-mediated activation cascade"	"1/62"	"49/7644"	0.329894330931033	0.6779473318285	0.6779473318285	"SYK"	1
"M4"	"FCGR activation"	"FCGR activation"	"1/62"	"50/7644"	0.33536458129078	0.6779473318285	0.6779473318285	"SYK"	1
"M4"	"Amyloids"	"Amyloids"	"1/62"	"51/7644"	0.340790891003707	0.6779473318285	0.6779473318285	"LTF"	1
"M4"	"Aquaporin-mediated transport"	"Aquaporin-mediated transport"	"1/62"	"51/7644"	0.340790891003707	0.6779473318285	0.6779473318285	"AVPR2"	1
"M4"	"Nuclear Receptor transcription pathway"	"Nuclear Receptor transcription pathway"	"1/62"	"51/7644"	0.340790891003707	0.6779473318285	0.6779473318285	"ESRRB"	1
"M4"	"Apoptotic execution  phase"	"Apoptotic execution  phase"	"1/62"	"52/7644"	0.346173607289467	0.6779473318285	0.6779473318285	"CDH1"	1
"M4"	"Synthesis of substrates in N-glycan biosythesis"	"Synthesis of substrates in N-glycan biosythesis"	"1/62"	"52/7644"	0.346173607289467	0.6779473318285	0.6779473318285	"GFPT2"	1
"M4"	"Golgi Associated Vesicle Biogenesis"	"Golgi Associated Vesicle Biogenesis"	"1/62"	"54/7644"	0.356809634986894	0.6779473318285	0.6779473318285	"AP1M2"	1
"M4"	"Chemokine receptors bind chemokines"	"Chemokine receptors bind chemokines"	"1/62"	"55/7644"	0.362063627428372	0.6779473318285	0.6779473318285	"CCL28"	1
"M4"	"ECM proteoglycans"	"ECM proteoglycans"	"1/62"	"55/7644"	0.362063627428372	0.6779473318285	0.6779473318285	"MATN3"	1
"M4"	"DAP12 signaling"	"DAP12 signaling"	"2/62"	"164/7644"	0.385538083238092	0.6779473318285	0.6779473318285	"SYK/ERBB3"	2
"M4"	"Cytochrome P450 - arranged by substrate type"	"Cytochrome P450 - arranged by substrate type"	"1/62"	"60/7644"	0.387706759550319	0.6779473318285	0.6779473318285	"CYP26B1"	1
"M4"	"Cell death signalling via NRAGE, NRIF and NADE"	"Cell death signalling via NRAGE, NRIF and NADE"	"1/62"	"61/7644"	0.39271232137889	0.6779473318285	0.6779473318285	"FGD3"	1
"M4"	"Clathrin derived vesicle budding"	"Clathrin derived vesicle budding"	"1/62"	"61/7644"	0.39271232137889	0.6779473318285	0.6779473318285	"AP1M2"	1
"M4"	"trans-Golgi Network Vesicle Budding"	"trans-Golgi Network Vesicle Budding"	"1/62"	"61/7644"	0.39271232137889	0.6779473318285	0.6779473318285	"AP1M2"	1
"M4"	"FCERI mediated Ca+2 mobilization"	"FCERI mediated Ca+2 mobilization"	"1/62"	"62/7644"	0.39767761691819	0.6779473318285	0.6779473318285	"SYK"	1
"M4"	"Role of phospholipids in phagocytosis"	"Role of phospholipids in phagocytosis"	"1/62"	"62/7644"	0.39767761691819	0.6779473318285	0.6779473318285	"SYK"	1
"M4"	"ER-Phagosome pathway"	"ER-Phagosome pathway"	"1/62"	"64/7644"	0.407488681234859	0.6779473318285	0.6779473318285	"HLA-G"	1
"M4"	"Integrin cell surface interactions"	"Integrin cell surface interactions"	"1/62"	"66/7644"	0.417142472026778	0.6779473318285	0.6779473318285	"CDH1"	1
"M4"	"Biosynthesis of the N-glycan precursor (dolichol lipid-linked oligosaccharide, LLO) and transfer to a nascent protein"	"Biosynthesis of the N-glycan precursor (dolichol lipid-linked oligosaccharide, LLO) and transfer to a nascent protein"	"1/62"	"67/7644"	0.421911166502146	0.6779473318285	0.6779473318285	"GFPT2"	1
"M4"	"Latent infection of Homo sapiens with Mycobacterium tuberculosis"	"Latent infection of Homo sapiens with Mycobacterium tuberculosis"	"1/62"	"68/7644"	0.42664146974576	0.6779473318285	0.6779473318285	"LTF"	1
"M4"	"DAP12 interactions"	"DAP12 interactions"	"2/62"	"179/7644"	0.4283525215232	0.6779473318285	0.6779473318285	"SYK/ERBB3"	2
"M4"	"Glucose metabolism"	"Glucose metabolism"	"1/62"	"69/7644"	0.431333685806447	0.6779473318285	0.6779473318285	"FBP1"	1
"M4"	"Loss of Function of SMAD2/3 in Cancer"	"Loss of Function of SMAD2/3 in Cancer"	"1/62"	"70/7644"	0.435988116364863	0.6779473318285	0.6779473318285	"CGN"	1
"M4"	"Loss of Function of SMAD4 in Cancer"	"Loss of Function of SMAD4 in Cancer"	"1/62"	"70/7644"	0.435988116364863	0.6779473318285	0.6779473318285	"CGN"	1
"M4"	"Loss of Function of TGFBR1 in Cancer"	"Loss of Function of TGFBR1 in Cancer"	"1/62"	"70/7644"	0.435988116364863	0.6779473318285	0.6779473318285	"CGN"	1
"M4"	"Loss of Function of TGFBR2 in Cancer"	"Loss of Function of TGFBR2 in Cancer"	"1/62"	"70/7644"	0.435988116364863	0.6779473318285	0.6779473318285	"CGN"	1
"M4"	"NCAM signaling for neurite out-growth"	"NCAM signaling for neurite out-growth"	"1/62"	"70/7644"	0.435988116364863	0.6779473318285	0.6779473318285	"CACNB4"	1
"M4"	"Signaling by TGF-beta Receptor Complex"	"Signaling by TGF-beta Receptor Complex"	"1/62"	"70/7644"	0.435988116364863	0.6779473318285	0.6779473318285	"CGN"	1
"M4"	"Signaling by TGF-beta Receptor Complex in Cancer"	"Signaling by TGF-beta Receptor Complex in Cancer"	"1/62"	"70/7644"	0.435988116364863	0.6779473318285	0.6779473318285	"CGN"	1
"M4"	"SMAD2/3 MH2 Domain Mutants in Cancer"	"SMAD2/3 MH2 Domain Mutants in Cancer"	"1/62"	"70/7644"	0.435988116364863	0.6779473318285	0.6779473318285	"CGN"	1
"M4"	"SMAD2/3 Phosphorylation Motif Mutants in Cancer"	"SMAD2/3 Phosphorylation Motif Mutants in Cancer"	"1/62"	"70/7644"	0.435988116364863	0.6779473318285	0.6779473318285	"CGN"	1
"M4"	"SMAD4 MH2 Domain Mutants in Cancer"	"SMAD4 MH2 Domain Mutants in Cancer"	"1/62"	"70/7644"	0.435988116364863	0.6779473318285	0.6779473318285	"CGN"	1
"M4"	"TGFBR1 KD Mutants in Cancer"	"TGFBR1 KD Mutants in Cancer"	"1/62"	"70/7644"	0.435988116364863	0.6779473318285	0.6779473318285	"CGN"	1
"M4"	"TGFBR1 LBD Mutants in Cancer"	"TGFBR1 LBD Mutants in Cancer"	"1/62"	"70/7644"	0.435988116364863	0.6779473318285	0.6779473318285	"CGN"	1
"M4"	"TGFBR2 Kinase Domain Mutants in Cancer"	"TGFBR2 Kinase Domain Mutants in Cancer"	"1/62"	"70/7644"	0.435988116364863	0.6779473318285	0.6779473318285	"CGN"	1
"M4"	"TGFBR2 MSI Frameshift Mutants in Cancer"	"TGFBR2 MSI Frameshift Mutants in Cancer"	"1/62"	"70/7644"	0.435988116364863	0.6779473318285	0.6779473318285	"CGN"	1
"M4"	"G alpha (q) signalling events"	"G alpha (q) signalling events"	"2/62"	"189/7644"	0.456048542117508	0.6779473318285	0.6779473318285	"KNG1/LPAR1"	2
"M4"	"Complement cascade"	"Complement cascade"	"1/62"	"75/7644"	0.458703881947603	0.6779473318285	0.6779473318285	"C7"	1
"M4"	"G alpha (12/13) signalling events"	"G alpha (12/13) signalling events"	"1/62"	"75/7644"	0.458703881947603	0.6779473318285	0.6779473318285	"FGD3"	1
"M4"	"FCERI mediated MAPK activation"	"FCERI mediated MAPK activation"	"1/62"	"77/7644"	0.467535988385459	0.6779473318285	0.6779473318285	"SYK"	1
"M4"	"Defective CYP11A1 causes Adrenal insufficiency, congenital, with 46,XY sex reversal (AICSR)"	"Defective CYP11A1 causes Adrenal insufficiency, congenital, with 46,XY sex reversal (AICSR)"	"1/62"	"78/7644"	0.471898717170988	0.6779473318285	0.6779473318285	"CYP26B1"	1
"M4"	"Defective CYP11B1 causes Adrenal hyperplasia 4 (AH4)"	"Defective CYP11B1 causes Adrenal hyperplasia 4 (AH4)"	"1/62"	"78/7644"	0.471898717170988	0.6779473318285	0.6779473318285	"CYP26B1"	1
"M4"	"Defective CYP11B2 causes Corticosterone methyloxidase 1 deficiency (CMO-1 deficiency)"	"Defective CYP11B2 causes Corticosterone methyloxidase 1 deficiency (CMO-1 deficiency)"	"1/62"	"78/7644"	0.471898717170988	0.6779473318285	0.6779473318285	"CYP26B1"	1
"M4"	"Defective CYP17A1 causes Adrenal hyperplasia 5 (AH5)"	"Defective CYP17A1 causes Adrenal hyperplasia 5 (AH5)"	"1/62"	"78/7644"	0.471898717170988	0.6779473318285	0.6779473318285	"CYP26B1"	1
"M4"	"Defective CYP19A1 causes Aromatase excess syndrome (AEXS)"	"Defective CYP19A1 causes Aromatase excess syndrome (AEXS)"	"1/62"	"78/7644"	0.471898717170988	0.6779473318285	0.6779473318285	"CYP26B1"	1
"M4"	"Defective CYP1B1 causes Glaucoma"	"Defective CYP1B1 causes Glaucoma"	"1/62"	"78/7644"	0.471898717170988	0.6779473318285	0.6779473318285	"CYP26B1"	1
"M4"	"Defective CYP21A2 causes Adrenal hyperplasia 3 (AH3)"	"Defective CYP21A2 causes Adrenal hyperplasia 3 (AH3)"	"1/62"	"78/7644"	0.471898717170988	0.6779473318285	0.6779473318285	"CYP26B1"	1
"M4"	"Defective CYP24A1 causes Hypercalcemia, infantile (HCAI)"	"Defective CYP24A1 causes Hypercalcemia, infantile (HCAI)"	"1/62"	"78/7644"	0.471898717170988	0.6779473318285	0.6779473318285	"CYP26B1"	1
"M4"	"Defective CYP26B1 causes Radiohumeral fusions with other skeletal and craniofacial anomalies (RHFCA)"	"Defective CYP26B1 causes Radiohumeral fusions with other skeletal and craniofacial anomalies (RHFCA)"	"1/62"	"78/7644"	0.471898717170988	0.6779473318285	0.6779473318285	"CYP26B1"	1
"M4"	"Defective CYP26C1 causes Focal facial dermal dysplasia 4 (FFDD4)"	"Defective CYP26C1 causes Focal facial dermal dysplasia 4 (FFDD4)"	"1/62"	"78/7644"	0.471898717170988	0.6779473318285	0.6779473318285	"CYP26B1"	1
"M4"	"Defective CYP27A1 causes Cerebrotendinous xanthomatosis (CTX)"	"Defective CYP27A1 causes Cerebrotendinous xanthomatosis (CTX)"	"1/62"	"78/7644"	0.471898717170988	0.6779473318285	0.6779473318285	"CYP26B1"	1
"M4"	"Defective CYP27B1 causes Rickets vitamin D-dependent 1A (VDDR1A)"	"Defective CYP27B1 causes Rickets vitamin D-dependent 1A (VDDR1A)"	"1/62"	"78/7644"	0.471898717170988	0.6779473318285	0.6779473318285	"CYP26B1"	1
"M4"	"Defective CYP2R1 causes Rickets vitamin D-dependent 1B (VDDR1B)"	"Defective CYP2R1 causes Rickets vitamin D-dependent 1B (VDDR1B)"	"1/62"	"78/7644"	0.471898717170988	0.6779473318285	0.6779473318285	"CYP26B1"	1
"M4"	"Defective CYP2U1 causes Spastic paraplegia 56, autosomal recessive (SPG56)"	"Defective CYP2U1 causes Spastic paraplegia 56, autosomal recessive (SPG56)"	"1/62"	"78/7644"	0.471898717170988	0.6779473318285	0.6779473318285	"CYP26B1"	1
"M4"	"Defective CYP4F22 causes Ichthyosis, congenital, autosomal recessive 5 (ARCI5)"	"Defective CYP4F22 causes Ichthyosis, congenital, autosomal recessive 5 (ARCI5)"	"1/62"	"78/7644"	0.471898717170988	0.6779473318285	0.6779473318285	"CYP26B1"	1
"M4"	"Defective CYP7B1 causes Spastic paraplegia 5A, autosomal recessive (SPG5A) and Congenital bile acid synthesis defect 3 (CBAS3)"	"Defective CYP7B1 causes Spastic paraplegia 5A, autosomal recessive (SPG5A) and Congenital bile acid synthesis defect 3 (CBAS3)"	"1/62"	"78/7644"	0.471898717170988	0.6779473318285	0.6779473318285	"CYP26B1"	1
"M4"	"Defective FMO3 causes Trimethylaminuria (TMAU)"	"Defective FMO3 causes Trimethylaminuria (TMAU)"	"1/62"	"78/7644"	0.471898717170988	0.6779473318285	0.6779473318285	"CYP26B1"	1
"M4"	"Defective MAOA causes Brunner syndrome (BRUNS)"	"Defective MAOA causes Brunner syndrome (BRUNS)"	"1/62"	"78/7644"	0.471898717170988	0.6779473318285	0.6779473318285	"CYP26B1"	1
"M4"	"Defective TBXAS1 causes Ghosal hematodiaphyseal dysplasia (GHDD)"	"Defective TBXAS1 causes Ghosal hematodiaphyseal dysplasia (GHDD)"	"1/62"	"78/7644"	0.471898717170988	0.6779473318285	0.6779473318285	"CYP26B1"	1
"M4"	"Phase 1 - Functionalization of compounds"	"Phase 1 - Functionalization of compounds"	"1/62"	"78/7644"	0.471898717170988	0.6779473318285	0.6779473318285	"CYP26B1"	1
"M4"	"Transcriptional regulation of white adipocyte differentiation"	"Transcriptional regulation of white adipocyte differentiation"	"1/62"	"78/7644"	0.471898717170988	0.6779473318285	0.6779473318285	"LPL"	1
"M4"	"Interferon Signaling"	"Interferon Signaling"	"2/62"	"196/7644"	0.474988481413847	0.6779473318285	0.6779473318285	"IRF6/HLA-G"	2
"M4"	"Platelet degranulation"	"Platelet degranulation"	"1/62"	"79/7644"	0.476226271960229	0.6779473318285	0.6779473318285	"KNG1"	1
"M4"	"Platelet homeostasis"	"Platelet homeostasis"	"1/62"	"79/7644"	0.476226271960229	0.6779473318285	0.6779473318285	"SLC8A1"	1
"M4"	"Antigen processing-Cross presentation"	"Antigen processing-Cross presentation"	"1/62"	"81/7644"	0.484776973270595	0.6779473318285	0.6779473318285	"HLA-G"	1
"M4"	"p75 NTR receptor-mediated signalling"	"p75 NTR receptor-mediated signalling"	"1/62"	"83/7644"	0.493190298097768	0.6779473318285	0.6779473318285	"FGD3"	1
"M4"	"Response to elevated platelet cytosolic Ca2+"	"Response to elevated platelet cytosolic Ca2+"	"1/62"	"84/7644"	0.497346124247475	0.6779473318285	0.6779473318285	"KNG1"	1
"M4"	"Axon guidance"	"Axon guidance"	"3/62"	"327/7644"	0.498778712091978	0.6779473318285	0.6779473318285	"CACNB4/DNM1/ROBO2"	3
"M4"	"Constitutive PI3K/AKT Signaling in Cancer"	"Constitutive PI3K/AKT Signaling in Cancer"	"1/62"	"86/7644"	0.505557445333709	0.6779473318285	0.6779473318285	"ERBB3"	1
"M4"	"Signaling by the B Cell Receptor (BCR)"	"Signaling by the B Cell Receptor (BCR)"	"2/62"	"209/7644"	0.509116309018664	0.6779473318285	0.6779473318285	"SYK/ERBB3"	2
"M4"	"Class B/2 (Secretin family receptors)"	"Class B/2 (Secretin family receptors)"	"1/62"	"87/7644"	0.509613470524145	0.6779473318285	0.6779473318285	"ADM2"	1
"M4"	"Defective AMN causes hereditary megaloblastic anemia 1"	"Defective AMN causes hereditary megaloblastic anemia 1"	"1/62"	"87/7644"	0.509613470524145	0.6779473318285	0.6779473318285	"SLC52A3"	1
"M4"	"Defective BTD causes biotidinase deficiency"	"Defective BTD causes biotidinase deficiency"	"1/62"	"87/7644"	0.509613470524145	0.6779473318285	0.6779473318285	"SLC52A3"	1
"M4"	"Defective CD320 causes methylmalonic aciduria"	"Defective CD320 causes methylmalonic aciduria"	"1/62"	"87/7644"	0.509613470524145	0.6779473318285	0.6779473318285	"SLC52A3"	1
"M4"	"Defective CUBN causes hereditary megaloblastic anemia 1"	"Defective CUBN causes hereditary megaloblastic anemia 1"	"1/62"	"87/7644"	0.509613470524145	0.6779473318285	0.6779473318285	"SLC52A3"	1
"M4"	"Defective GIF causes intrinsic factor deficiency"	"Defective GIF causes intrinsic factor deficiency"	"1/62"	"87/7644"	0.509613470524145	0.6779473318285	0.6779473318285	"SLC52A3"	1
"M4"	"Defective HLCS causes multiple carboxylase deficiency"	"Defective HLCS causes multiple carboxylase deficiency"	"1/62"	"87/7644"	0.509613470524145	0.6779473318285	0.6779473318285	"SLC52A3"	1
"M4"	"Defective LMBRD1 causes methylmalonic aciduria and homocystinuria type cblF"	"Defective LMBRD1 causes methylmalonic aciduria and homocystinuria type cblF"	"1/62"	"87/7644"	0.509613470524145	0.6779473318285	0.6779473318285	"SLC52A3"	1
"M4"	"Defective MMAA causes methylmalonic aciduria type cblA"	"Defective MMAA causes methylmalonic aciduria type cblA"	"1/62"	"87/7644"	0.509613470524145	0.6779473318285	0.6779473318285	"SLC52A3"	1
"M4"	"Defective MMAB causes methylmalonic aciduria type cblB"	"Defective MMAB causes methylmalonic aciduria type cblB"	"1/62"	"87/7644"	0.509613470524145	0.6779473318285	0.6779473318285	"SLC52A3"	1
"M4"	"Defective MMACHC causes methylmalonic aciduria and homocystinuria type cblC"	"Defective MMACHC causes methylmalonic aciduria and homocystinuria type cblC"	"1/62"	"87/7644"	0.509613470524145	0.6779473318285	0.6779473318285	"SLC52A3"	1
"M4"	"Defective MMADHC causes methylmalonic aciduria and homocystinuria type cblD"	"Defective MMADHC causes methylmalonic aciduria and homocystinuria type cblD"	"1/62"	"87/7644"	0.509613470524145	0.6779473318285	0.6779473318285	"SLC52A3"	1
"M4"	"Defective MTR causes methylmalonic aciduria and homocystinuria type cblG"	"Defective MTR causes methylmalonic aciduria and homocystinuria type cblG"	"1/62"	"87/7644"	0.509613470524145	0.6779473318285	0.6779473318285	"SLC52A3"	1
"M4"	"Defective MTRR causes methylmalonic aciduria and homocystinuria type cblE"	"Defective MTRR causes methylmalonic aciduria and homocystinuria type cblE"	"1/62"	"87/7644"	0.509613470524145	0.6779473318285	0.6779473318285	"SLC52A3"	1
"M4"	"Defective MUT causes methylmalonic aciduria mut type"	"Defective MUT causes methylmalonic aciduria mut type"	"1/62"	"87/7644"	0.509613470524145	0.6779473318285	0.6779473318285	"SLC52A3"	1
"M4"	"Defective TCN2 causes hereditary megaloblastic anemia"	"Defective TCN2 causes hereditary megaloblastic anemia"	"1/62"	"87/7644"	0.509613470524145	0.6779473318285	0.6779473318285	"SLC52A3"	1
"M4"	"Defects in biotin (Btn) metabolism"	"Defects in biotin (Btn) metabolism"	"1/62"	"87/7644"	0.509613470524145	0.6779473318285	0.6779473318285	"SLC52A3"	1
"M4"	"Defects in cobalamin (B12) metabolism"	"Defects in cobalamin (B12) metabolism"	"1/62"	"87/7644"	0.509613470524145	0.6779473318285	0.6779473318285	"SLC52A3"	1
"M4"	"Defects in vitamin and cofactor metabolism"	"Defects in vitamin and cofactor metabolism"	"1/62"	"87/7644"	0.509613470524145	0.6779473318285	0.6779473318285	"SLC52A3"	1
"M4"	"Metabolism of vitamins and cofactors"	"Metabolism of vitamins and cofactors"	"1/62"	"87/7644"	0.509613470524145	0.6779473318285	0.6779473318285	"SLC52A3"	1
"M4"	"Metabolism of water-soluble vitamins and cofactors"	"Metabolism of water-soluble vitamins and cofactors"	"1/62"	"87/7644"	0.509613470524145	0.6779473318285	0.6779473318285	"SLC52A3"	1
"M4"	"Glycerophospholipid biosynthesis"	"Glycerophospholipid biosynthesis"	"1/62"	"88/7644"	0.513636755535062	0.679386172955059	0.679386172955059	"PLA2G4F"	1
"M4"	"Fc epsilon receptor (FCERI) signaling"	"Fc epsilon receptor (FCERI) signaling"	"2/62"	"212/7644"	0.516790955084238	0.679386172955059	0.679386172955059	"SYK/ERBB3"	2
"M4"	"Degradation of the extracellular matrix"	"Degradation of the extracellular matrix"	"1/62"	"89/7644"	0.517627560346712	0.679386172955059	0.679386172955059	"CDH1"	1
"M4"	"Diseases associated with visual transduction"	"Diseases associated with visual transduction"	"1/62"	"92/7644"	0.529407663027635	0.685667187208524	0.685667187208524	"LPL"	1
"M4"	"Visual phototransduction"	"Visual phototransduction"	"1/62"	"92/7644"	0.529407663027635	0.685667187208524	0.685667187208524	"LPL"	1
"M4"	"Gastrin-CREB signalling pathway via PKC and MAPK"	"Gastrin-CREB signalling pathway via PKC and MAPK"	"2/62"	"217/7644"	0.529409698967126	0.685667187208524	0.685667187208524	"KNG1/LPAR1"	2
"M4"	"EPH-Ephrin signaling"	"EPH-Ephrin signaling"	"1/62"	"94/7644"	0.537103339474142	0.688199964292766	0.688199964292766	"DNM1"	1
"M4"	"Platelet activation, signaling and aggregation"	"Platelet activation, signaling and aggregation"	"2/62"	"221/7644"	0.539347588572293	0.688199964292766	0.688199964292766	"SYK/KNG1"	2
"M4"	"Regulation of actin dynamics for phagocytic cup formation"	"Regulation of actin dynamics for phagocytic cup formation"	"1/62"	"95/7644"	0.540904610063891	0.688199964292766	0.688199964292766	"SYK"	1
"M4"	"L1CAM interactions"	"L1CAM interactions"	"1/62"	"97/7644"	0.548415246448779	0.688199964292766	0.688199964292766	"DNM1"	1
"M4"	"Transport of glucose and other sugars, bile salts and organic acids, metal ions and amine compounds"	"Transport of glucose and other sugars, bile salts and organic acids, metal ions and amine compounds"	"1/62"	"97/7644"	0.548415246448779	0.688199964292766	0.688199964292766	"SLC39A4"	1
"M4"	"HIV Infection"	"HIV Infection"	"2/62"	"227/7644"	0.553989057351558	0.688199964292766	0.688199964292766	"AP1M2/CHMP4C"	2
"M4"	"Potassium Channels"	"Potassium Channels"	"1/62"	"99/7644"	0.555804961364013	0.688199964292766	0.688199964292766	"KCNG1"	1
"M4"	"PI3K/AKT Signaling in Cancer"	"PI3K/AKT Signaling in Cancer"	"1/62"	"100/7644"	0.559455073013507	0.688199964292766	0.688199964292766	"ERBB3"	1
"M4"	"PI-3K cascade"	"PI-3K cascade"	"1/62"	"100/7644"	0.559455073013507	0.688199964292766	0.688199964292766	"ERBB3"	1
"M4"	"PI3K events in ERBB2 signaling"	"PI3K events in ERBB2 signaling"	"1/62"	"100/7644"	0.559455073013507	0.688199964292766	0.688199964292766	"ERBB3"	1
"M4"	"PI3K events in ERBB4 signaling"	"PI3K events in ERBB4 signaling"	"1/62"	"100/7644"	0.559455073013507	0.688199964292766	0.688199964292766	"ERBB3"	1
"M4"	"PIP3 activates AKT signaling"	"PIP3 activates AKT signaling"	"1/62"	"100/7644"	0.559455073013507	0.688199964292766	0.688199964292766	"ERBB3"	1
"M4"	"PI3K/AKT activation"	"PI3K/AKT activation"	"1/62"	"103/7644"	0.570229258662138	0.69853084186112	0.69853084186112	"ERBB3"	1
"M4"	"GAB1 signalosome"	"GAB1 signalosome"	"1/62"	"104/7644"	0.573762713901887	0.698763261681029	0.698763261681029	"ERBB3"	1
"M4"	"Hemostasis"	"Hemostasis"	"4/62"	"497/7644"	0.58011578033423	0.698763261681029	0.698763261681029	"SYK/SLC8A1/KNG1/KIF26A"	4
"M4"	"Signaling by Interleukins"	"Signaling by Interleukins"	"1/62"	"109/7644"	0.591005718986334	0.698763261681029	0.698763261681029	"SYK"	1
"M4"	"Orphan transporters"	"Orphan transporters"	"1/62"	"114/7644"	0.607561976683826	0.698763261681029	0.698763261681029	"ANO9"	1
"M4"	"Asparagine N-linked glycosylation"	"Asparagine N-linked glycosylation"	"1/62"	"118/7644"	0.620330650676015	0.698763261681029	0.698763261681029	"GFPT2"	1
"M4"	"Defective ALG11 causes ALG11-CDG (CDG-1p)"	"Defective ALG11 causes ALG11-CDG (CDG-1p)"	"1/62"	"118/7644"	0.620330650676015	0.698763261681029	0.698763261681029	"GFPT2"	1
"M4"	"Defective ALG12 causes ALG12-CDG (CDG-1g)"	"Defective ALG12 causes ALG12-CDG (CDG-1g)"	"1/62"	"118/7644"	0.620330650676015	0.698763261681029	0.698763261681029	"GFPT2"	1
"M4"	"Defective ALG14 causes congenital myasthenic syndrome (ALG14-CMS)"	"Defective ALG14 causes congenital myasthenic syndrome (ALG14-CMS)"	"1/62"	"118/7644"	0.620330650676015	0.698763261681029	0.698763261681029	"GFPT2"	1
"M4"	"Defective ALG1 causes ALG1-CDG (CDG-1k)"	"Defective ALG1 causes ALG1-CDG (CDG-1k)"	"1/62"	"118/7644"	0.620330650676015	0.698763261681029	0.698763261681029	"GFPT2"	1
"M4"	"Defective ALG2 causes ALG2-CDG (CDG-1i)"	"Defective ALG2 causes ALG2-CDG (CDG-1i)"	"1/62"	"118/7644"	0.620330650676015	0.698763261681029	0.698763261681029	"GFPT2"	1
"M4"	"Defective ALG3 causes ALG3-CDG (CDG-1d)"	"Defective ALG3 causes ALG3-CDG (CDG-1d)"	"1/62"	"118/7644"	0.620330650676015	0.698763261681029	0.698763261681029	"GFPT2"	1
"M4"	"Defective ALG6 causes ALG6-CDG (CDG-1c)"	"Defective ALG6 causes ALG6-CDG (CDG-1c)"	"1/62"	"118/7644"	0.620330650676015	0.698763261681029	0.698763261681029	"GFPT2"	1
"M4"	"Defective ALG8 causes ALG8-CDG (CDG-1h)"	"Defective ALG8 causes ALG8-CDG (CDG-1h)"	"1/62"	"118/7644"	0.620330650676015	0.698763261681029	0.698763261681029	"GFPT2"	1
"M4"	"Defective ALG9 causes ALG9-CDG (CDG-1l)"	"Defective ALG9 causes ALG9-CDG (CDG-1l)"	"1/62"	"118/7644"	0.620330650676015	0.698763261681029	0.698763261681029	"GFPT2"	1
"M4"	"Defective DPAGT1 causes DPAGT1-CDG (CDG-1j) and CMSTA2"	"Defective DPAGT1 causes DPAGT1-CDG (CDG-1j) and CMSTA2"	"1/62"	"118/7644"	0.620330650676015	0.698763261681029	0.698763261681029	"GFPT2"	1
"M4"	"Defective MAN1B1 causes MRT15"	"Defective MAN1B1 causes MRT15"	"1/62"	"118/7644"	0.620330650676015	0.698763261681029	0.698763261681029	"GFPT2"	1
"M4"	"Defective MGAT2 causes MGAT2-CDG (CDG-2a)"	"Defective MGAT2 causes MGAT2-CDG (CDG-2a)"	"1/62"	"118/7644"	0.620330650676015	0.698763261681029	0.698763261681029	"GFPT2"	1
"M4"	"Defective MOGS causes MOGS-CDG (CDG-2b)"	"Defective MOGS causes MOGS-CDG (CDG-2b)"	"1/62"	"118/7644"	0.620330650676015	0.698763261681029	0.698763261681029	"GFPT2"	1
"M4"	"Defective MPDU1 causes MPDU1-CDG (CDG-1f)"	"Defective MPDU1 causes MPDU1-CDG (CDG-1f)"	"1/62"	"118/7644"	0.620330650676015	0.698763261681029	0.698763261681029	"GFPT2"	1
"M4"	"Defective RFT1 causes RFT1-CDG (CDG-1n)"	"Defective RFT1 causes RFT1-CDG (CDG-1n)"	"1/62"	"118/7644"	0.620330650676015	0.698763261681029	0.698763261681029	"GFPT2"	1
"M4"	"Diseases associated with N-glycosylation of proteins"	"Diseases associated with N-glycosylation of proteins"	"1/62"	"118/7644"	0.620330650676015	0.698763261681029	0.698763261681029	"GFPT2"	1
"M4"	"Fcgamma receptor (FCGR) dependent phagocytosis"	"Fcgamma receptor (FCGR) dependent phagocytosis"	"1/62"	"119/7644"	0.623458407739274	0.699605999524224	0.699605999524224	"SYK"	1
"M4"	"Toll Like Receptor 4 (TLR4) Cascade"	"Toll Like Receptor 4 (TLR4) Cascade"	"1/62"	"124/7644"	0.638720894502416	0.711923247075729	0.711923247075729	"DNM1"	1
"M4"	"Extracellular matrix organization"	"Extracellular matrix organization"	"2/62"	"266/7644"	0.641220465159366	0.711923247075729	0.711923247075729	"CDH1/MATN3"	2
"M4"	"Factors involved in megakaryocyte development and platelet production"	"Factors involved in megakaryocyte development and platelet production"	"1/62"	"125/7644"	0.641699525425402	0.711923247075729	0.711923247075729	"KIF26A"	1
"M4"	"Late Phase of HIV Life Cycle"	"Late Phase of HIV Life Cycle"	"1/62"	"133/7644"	0.664674644244846	0.73464039627062	0.73464039627062	"CHMP4C"	1
"M4"	"Neuronal System"	"Neuronal System"	"2/62"	"280/7644"	0.669166593181392	0.735206335318008	0.735206335318008	"CACNB4/KCNG1"	2
"M4"	"Host Interactions of HIV factors"	"Host Interactions of HIV factors"	"1/62"	"135/7644"	0.670188087976959	0.735206335318008	0.735206335318008	"AP1M2"	1
"M4"	"Signaling by SCF-KIT"	"Signaling by SCF-KIT"	"1/62"	"144/7644"	0.693914867475373	0.75559618902874	0.75559618902874	"ERBB3"	1
"M4"	"Toll-Like Receptors Cascades"	"Toll-Like Receptors Cascades"	"1/62"	"144/7644"	0.693914867475373	0.75559618902874	0.75559618902874	"DNM1"	1
"M4"	"HIV Life Cycle"	"HIV Life Cycle"	"1/62"	"146/7644"	0.698954892451508	0.758275787382817	0.758275787382817	"CHMP4C"	1
"M4"	"Apoptosis"	"Apoptosis"	"1/62"	"148/7644"	0.70391324475559	0.760697755327793	0.760697755327793	"CDH1"	1
"M4"	"Downstream signaling of activated FGFR"	"Downstream signaling of activated FGFR"	"1/62"	"149/7644"	0.706362201375808	0.760697755327793	0.760697755327793	"ERBB3"	1
"M4"	"Programmed Cell Death"	"Programmed Cell Death"	"1/62"	"160/7644"	0.732019740423331	0.783956532096961	0.783956532096961	"CDH1"	1
"M4"	"Downstream signal transduction"	"Downstream signal transduction"	"1/62"	"161/7644"	0.7342397799869	0.783956532096961	0.783956532096961	"ERBB3"	1
"M4"	"Signaling by FGFR"	"Signaling by FGFR"	"1/62"	"162/7644"	0.736441722208043	0.783956532096961	0.783956532096961	"ERBB3"	1
"M4"	"Signaling by ERBB2"	"Signaling by ERBB2"	"1/62"	"163/7644"	0.738625712213804	0.783956532096961	0.783956532096961	"ERBB3"	1
"M4"	"Downstream signaling events of B Cell Receptor (BCR)"	"Downstream signaling events of B Cell Receptor (BCR)"	"1/62"	"170/7644"	0.753422932758713	0.796785403708855	0.796785403708855	"ERBB3"	1
"M4"	"Signaling by FGFR in disease"	"Signaling by FGFR in disease"	"1/62"	"177/7644"	0.767395190848895	0.799500995342468	0.799500995342468	"ERBB3"	1
"M4"	"Signaling by EGFR"	"Signaling by EGFR"	"1/62"	"179/7644"	0.771242139733963	0.799500995342468	0.799500995342468	"ERBB3"	1
"M4"	"Signaling by Overexpressed Wild-Type EGFR in Cancer"	"Signaling by Overexpressed Wild-Type EGFR in Cancer"	"1/62"	"179/7644"	0.771242139733963	0.799500995342468	0.799500995342468	"ERBB3"	1
"M4"	"Fatty acid, triacylglycerol, and ketone body metabolism"	"Fatty acid, triacylglycerol, and ketone body metabolism"	"1/62"	"181/7644"	0.775026475076882	0.799500995342468	0.799500995342468	"ELOVL4"	1
"M4"	"Signaling by EGFR in Cancer"	"Signaling by EGFR in Cancer"	"1/62"	"181/7644"	0.775026475076882	0.799500995342468	0.799500995342468	"ERBB3"	1
"M4"	"Signaling by EGFRvIII in Cancer"	"Signaling by EGFRvIII in Cancer"	"1/62"	"181/7644"	0.775026475076882	0.799500995342468	0.799500995342468	"ERBB3"	1
"M4"	"Signaling by Ligand-Responsive EGFR Variants in Cancer"	"Signaling by Ligand-Responsive EGFR Variants in Cancer"	"1/62"	"181/7644"	0.775026475076882	0.799500995342468	0.799500995342468	"ERBB3"	1
"M4"	"Signaling by PDGF"	"Signaling by PDGF"	"1/62"	"184/7644"	0.780587766712943	0.80242238955806	0.80242238955806	"ERBB3"	1
"M4"	"Transmission across Chemical Synapses"	"Transmission across Chemical Synapses"	"1/62"	"201/7644"	0.809639043665948	0.829386337413898	0.829386337413898	"CACNB4"	1
"M4"	"Diseases of glycosylation"	"Diseases of glycosylation"	"1/62"	"227/7644"	0.846903570036307	0.864547394412063	0.864547394412064	"GFPT2"	1
"M4"	"Cellular responses to stress"	"Cellular responses to stress"	"1/62"	"249/7644"	0.872752991831902	0.885054058257443	0.885054058257443	"SOD3"	1
"M4"	"Class I MHC mediated antigen processing & presentation"	"Class I MHC mediated antigen processing & presentation"	"1/62"	"255/7644"	0.879023457532788	0.885054058257443	0.885054058257443	"HLA-G"	1
"M4"	"Glycogen storage diseases"	"Glycogen storage diseases"	"1/62"	"258/7644"	0.882043670304186	0.885054058257443	0.885054058257443	"FBP1"	1
"M4"	"Metabolism of carbohydrates"	"Metabolism of carbohydrates"	"1/62"	"258/7644"	0.882043670304186	0.885054058257443	0.885054058257443	"FBP1"	1
"M4"	"Myoclonic epilepsy of Lafora"	"Myoclonic epilepsy of Lafora"	"1/62"	"258/7644"	0.882043670304186	0.885054058257443	0.885054058257443	"FBP1"	1
"M4"	"Generic Transcription Pathway"	"Generic Transcription Pathway"	"1/62"	"483/7644"	0.982813051533379	0.982813051533379	0.982813051533379	"ESRRB"	1
"M5"	"Polo-like kinase mediated events"	"Polo-like kinase mediated events"	"4/65"	"16/7644"	8.02767309126028e-06	0.00303446042849639	0.00268715794002186	"CENPF/PLK1/PKMYT1/MYBL2"	4
"M5"	"Cell Cycle, Mitotic"	"Cell Cycle, Mitotic"	"14/65"	"445/7644"	1.64604602335221e-05	0.00311102698413567	0.00275496123908422	"TOP2A/CENPF/UBE2C/CCNA2/PTTG1/BIRC5/NCAPG/CDC20/PLK1/KIF20A/RRM2/PKMYT1/CENPK/MYBL2"	14
"M5"	"Mitotic Prometaphase"	"Mitotic Prometaphase"	"6/65"	"108/7644"	0.000290593234079205	0.0217497131201216	0.0192603975833992	"CENPF/BIRC5/NCAPG/CDC20/PLK1/CENPK"	6
"M5"	"Activation of APC/C and APC/C:Cdc20 mediated degradation of mitotic proteins"	"Activation of APC/C and APC/C:Cdc20 mediated degradation of mitotic proteins"	"5/65"	"73/7644"	0.000365942139320382	0.0217497131201216	0.0192603975833992	"UBE2C/CCNA2/PTTG1/CDC20/PLK1"	5
"M5"	"M Phase"	"M Phase"	"9/65"	"266/7644"	0.00037843163878006	0.0217497131201216	0.0192603975833992	"CENPF/UBE2C/PTTG1/BIRC5/NCAPG/CDC20/PLK1/KIF20A/CENPK"	9
"M5"	"Signaling by Retinoic Acid"	"Signaling by Retinoic Acid"	"4/65"	"41/7644"	0.000380805114777734	0.0217497131201216	0.0192603975833992	"ALDH1A1/PDK4/ALDH1A2/FABP5"	4
"M5"	"Separation of Sister Chromatids"	"Separation of Sister Chromatids"	"7/65"	"161/7644"	0.000402772465187437	0.0217497131201216	0.0192603975833992	"CENPF/UBE2C/PTTG1/BIRC5/CDC20/PLK1/CENPK"	7
"M5"	"Mitotic Anaphase"	"Mitotic Anaphase"	"7/65"	"172/7644"	0.000599606382958926	0.0227724089523054	0.0201660430154083	"CENPF/UBE2C/PTTG1/BIRC5/CDC20/PLK1/CENPK"	7
"M5"	"Mitotic Metaphase and Anaphase"	"Mitotic Metaphase and Anaphase"	"7/65"	"173/7644"	0.000620741583243043	0.0227724089523054	0.0201660430154083	"CENPF/UBE2C/PTTG1/BIRC5/CDC20/PLK1/CENPK"	7
"M5"	"APC/C-mediated degradation of cell cycle proteins"	"APC/C-mediated degradation of cell cycle proteins"	"5/65"	"83/7644"	0.000662689149405713	0.0227724089523054	0.0201660430154083	"UBE2C/CCNA2/PTTG1/CDC20/PLK1"	5
"M5"	"Regulation of mitotic cell cycle"	"Regulation of mitotic cell cycle"	"5/65"	"83/7644"	0.000662689149405713	0.0227724089523054	0.0201660430154083	"UBE2C/CCNA2/PTTG1/CDC20/PLK1"	5
"M5"	"Cyclin A/B1 associated events during G2/M transition"	"Cyclin A/B1 associated events during G2/M transition"	"3/65"	"22/7644"	0.000805255674768695	0.0253655537552139	0.0224623951382847	"CCNA2/PLK1/PKMYT1"	3
"M5"	"G0 and Early G1"	"G0 and Early G1"	"3/65"	"25/7644"	0.00118096617441429	0.0343388626098925	0.0304086836812749	"TOP2A/CCNA2/MYBL2"	3
"M5"	"Resolution of Sister Chromatid Cohesion"	"Resolution of Sister Chromatid Cohesion"	"5/65"	"100/7644"	0.00153821785759719	0.0415318821551241	0.0367784420087148	"CENPF/BIRC5/CDC20/PLK1/CENPK"	5
"M5"	"APC/C:Cdh1 mediated degradation of Cdc20 and other APC/C:Cdh1 targeted proteins in late mitosis/early G1"	"APC/C:Cdh1 mediated degradation of Cdc20 and other APC/C:Cdh1 targeted proteins in late mitosis/early G1"	"4/65"	"69/7644"	0.00272109565468916	0.0646929503336582	0.0572886611141835	"UBE2C/PTTG1/CDC20/PLK1"	4
"M5"	"G2/M Transition"	"G2/M Transition"	"5/65"	"114/7644"	0.00273832594004902	0.0646929503336582	0.0572886611141835	"CENPF/CCNA2/PLK1/PKMYT1/MYBL2"	5
"M5"	"Mitotic G2-G2/M phases"	"Mitotic G2-G2/M phases"	"5/65"	"116/7644"	0.00295312055337028	0.0656635040690569	0.0581481322583127	"CENPF/CCNA2/PLK1/PKMYT1/MYBL2"	5
"M5"	"APC/C:Cdc20 mediated degradation of mitotic proteins"	"APC/C:Cdc20 mediated degradation of mitotic proteins"	"4/65"	"72/7644"	0.00317726390078872	0.066722541916563	0.0590859602602814	"UBE2C/CCNA2/PTTG1/CDC20"	4
"M5"	"Transport of organic anions"	"Transport of organic anions"	"2/65"	"11/7644"	0.0037271936223952	0.0741515362771256	0.0656646854250235	"SLCO2A1/SLCO4C1"	2
"M5"	"Regulation of APC/C activators between G1/S and early anaphase"	"Regulation of APC/C activators between G1/S and early anaphase"	"4/65"	"77/7644"	0.00404921206352381	0.0765301080006	0.0677710229579248	"UBE2C/CCNA2/CDC20/PLK1"	4
"M5"	"Glucagon-like Peptide-1 (GLP1) regulates insulin secretion"	"Glucagon-like Peptide-1 (GLP1) regulates insulin secretion"	"3/65"	"42/7644"	0.00531877109737733	0.0957378797527919	0.084780411476992	"RAPGEF3/ADCY5/KCNS3"	3
"M5"	"Mitotic G1-G1/S phases"	"Mitotic G1-G1/S phases"	"5/65"	"135/7644"	0.00564297311742792	0.0969565381085343	0.0858595909733053	"TOP2A/CCNA2/RRM2/PKMYT1/MYBL2"	5
"M5"	"Mitotic Telophase/Cytokinesis"	"Mitotic Telophase/Cytokinesis"	"2/65"	"14/7644"	0.00606629281691345	0.0996982036866645	0.0882874652530195	"PLK1/KIF20A"	2
"M5"	"Conversion from APC/C:Cdc20 to APC/C:Cdh1 in late anaphase"	"Conversion from APC/C:Cdc20 to APC/C:Cdh1 in late anaphase"	"2/65"	"17/7644"	0.00891859938502391	0.134849222701562	0.119415351765794	"UBE2C/CDC20"	2
"M5"	"Phosphorylation of the APC/C"	"Phosphorylation of the APC/C"	"2/65"	"17/7644"	0.00891859938502391	0.134849222701562	0.119415351765794	"UBE2C/PLK1"	2
"M5"	"Inactivation of APC/C via direct inhibition of the APC/C complex"	"Inactivation of APC/C via direct inhibition of the APC/C complex"	"2/65"	"18/7644"	0.00997877772933485	0.139702888210688	0.123713501673625	"UBE2C/CDC20"	2
"M5"	"Inhibition of the proteolytic activity of APC/C required for the onset of anaphase by mitotic spindle checkpoint components"	"Inhibition of the proteolytic activity of APC/C required for the onset of anaphase by mitotic spindle checkpoint components"	"2/65"	"18/7644"	0.00997877772933485	0.139702888210688	0.123713501673625	"UBE2C/CDC20"	2
"M5"	"Mitotic Spindle Checkpoint"	"Mitotic Spindle Checkpoint"	"2/65"	"19/7644"	0.0110920459504701	0.149742620331347	0.132604158355245	"UBE2C/CDC20"	2
"M5"	"APC/C:Cdc20 mediated degradation of Cyclin B"	"APC/C:Cdc20 mediated degradation of Cyclin B"	"2/65"	"21/7644"	0.0134740607153872	0.169773165013878	0.150342151140109	"UBE2C/CDC20"	2
"M5"	"RA biosynthesis pathway"	"RA biosynthesis pathway"	"2/65"	"21/7644"	0.0134740607153872	0.169773165013878	0.150342151140109	"ALDH1A1/ALDH1A2"	2
"M5"	"Biological oxidations"	"Biological oxidations"	"5/65"	"174/7644"	0.0158646526625902	0.182003714126282	0.16117287967741	"ALDH1A1/MAOA/GSTO2/CYP7B1/SULT1C4"	5
"M5"	"APC-Cdc20 mediated degradation of Nek2A"	"APC-Cdc20 mediated degradation of Nek2A"	"2/65"	"23/7644"	0.0160571792651093	0.182003714126282	0.16117287967741	"UBE2C/CDC20"	2
"M5"	"APC/C:Cdc20 mediated degradation of Securin"	"APC/C:Cdc20 mediated degradation of Securin"	"3/65"	"64/7644"	0.0169138058412139	0.182003714126282	0.16117287967741	"UBE2C/PTTG1/CDC20"	3
"M5"	"Cdc20:Phospho-APC/C mediated degradation of Cyclin A"	"Cdc20:Phospho-APC/C mediated degradation of Cyclin A"	"3/65"	"69/7644"	0.0206433838411827	0.182003714126282	0.16117287967741	"UBE2C/CCNA2/CDC20"	3
"M5"	"APC:Cdc20 mediated degradation of cell cycle proteins prior to satisfation of the cell cycle checkpoint"	"APC:Cdc20 mediated degradation of cell cycle proteins prior to satisfation of the cell cycle checkpoint"	"3/65"	"70/7644"	0.0214393061177905	0.182003714126282	0.16117287967741	"UBE2C/CCNA2/CDC20"	3
"M5"	"Glycolysis"	"Glycolysis"	"2/65"	"27/7644"	0.0217977974030746	0.182003714126282	0.16117287967741	"ENO2/PFKFB4"	2
"M5"	"Kinesins"	"Kinesins"	"2/65"	"27/7644"	0.0217977974030746	0.182003714126282	0.16117287967741	"KIF4A/KIF20A"	2
"M5"	"Regulation of insulin secretion"	"Regulation of insulin secretion"	"3/65"	"77/7644"	0.0274784945139772	0.182003714126282	0.16117287967741	"RAPGEF3/ADCY5/KCNS3"	3
"M5"	"Amino acid transport across the plasma membrane"	"Amino acid transport across the plasma membrane"	"2/65"	"31/7644"	0.0282578388038959	0.182003714126282	0.16117287967741	"SLC3A1/SLC7A11"	2
"M5"	"Defective CYP11A1 causes Adrenal insufficiency, congenital, with 46,XY sex reversal (AICSR)"	"Defective CYP11A1 causes Adrenal insufficiency, congenital, with 46,XY sex reversal (AICSR)"	"3/65"	"78/7644"	0.0284079871255309	0.182003714126282	0.16117287967741	"ALDH1A1/MAOA/CYP7B1"	3
"M5"	"Defective CYP11B1 causes Adrenal hyperplasia 4 (AH4)"	"Defective CYP11B1 causes Adrenal hyperplasia 4 (AH4)"	"3/65"	"78/7644"	0.0284079871255309	0.182003714126282	0.16117287967741	"ALDH1A1/MAOA/CYP7B1"	3
"M5"	"Defective CYP11B2 causes Corticosterone methyloxidase 1 deficiency (CMO-1 deficiency)"	"Defective CYP11B2 causes Corticosterone methyloxidase 1 deficiency (CMO-1 deficiency)"	"3/65"	"78/7644"	0.0284079871255309	0.182003714126282	0.16117287967741	"ALDH1A1/MAOA/CYP7B1"	3
"M5"	"Defective CYP17A1 causes Adrenal hyperplasia 5 (AH5)"	"Defective CYP17A1 causes Adrenal hyperplasia 5 (AH5)"	"3/65"	"78/7644"	0.0284079871255309	0.182003714126282	0.16117287967741	"ALDH1A1/MAOA/CYP7B1"	3
"M5"	"Defective CYP19A1 causes Aromatase excess syndrome (AEXS)"	"Defective CYP19A1 causes Aromatase excess syndrome (AEXS)"	"3/65"	"78/7644"	0.0284079871255309	0.182003714126282	0.16117287967741	"ALDH1A1/MAOA/CYP7B1"	3
"M5"	"Defective CYP1B1 causes Glaucoma"	"Defective CYP1B1 causes Glaucoma"	"3/65"	"78/7644"	0.0284079871255309	0.182003714126282	0.16117287967741	"ALDH1A1/MAOA/CYP7B1"	3
"M5"	"Defective CYP21A2 causes Adrenal hyperplasia 3 (AH3)"	"Defective CYP21A2 causes Adrenal hyperplasia 3 (AH3)"	"3/65"	"78/7644"	0.0284079871255309	0.182003714126282	0.16117287967741	"ALDH1A1/MAOA/CYP7B1"	3
"M5"	"Defective CYP24A1 causes Hypercalcemia, infantile (HCAI)"	"Defective CYP24A1 causes Hypercalcemia, infantile (HCAI)"	"3/65"	"78/7644"	0.0284079871255309	0.182003714126282	0.16117287967741	"ALDH1A1/MAOA/CYP7B1"	3
"M5"	"Defective CYP26B1 causes Radiohumeral fusions with other skeletal and craniofacial anomalies (RHFCA)"	"Defective CYP26B1 causes Radiohumeral fusions with other skeletal and craniofacial anomalies (RHFCA)"	"3/65"	"78/7644"	0.0284079871255309	0.182003714126282	0.16117287967741	"ALDH1A1/MAOA/CYP7B1"	3
"M5"	"Defective CYP26C1 causes Focal facial dermal dysplasia 4 (FFDD4)"	"Defective CYP26C1 causes Focal facial dermal dysplasia 4 (FFDD4)"	"3/65"	"78/7644"	0.0284079871255309	0.182003714126282	0.16117287967741	"ALDH1A1/MAOA/CYP7B1"	3
"M5"	"Defective CYP27A1 causes Cerebrotendinous xanthomatosis (CTX)"	"Defective CYP27A1 causes Cerebrotendinous xanthomatosis (CTX)"	"3/65"	"78/7644"	0.0284079871255309	0.182003714126282	0.16117287967741	"ALDH1A1/MAOA/CYP7B1"	3
"M5"	"Defective CYP27B1 causes Rickets vitamin D-dependent 1A (VDDR1A)"	"Defective CYP27B1 causes Rickets vitamin D-dependent 1A (VDDR1A)"	"3/65"	"78/7644"	0.0284079871255309	0.182003714126282	0.16117287967741	"ALDH1A1/MAOA/CYP7B1"	3
"M5"	"Defective CYP2R1 causes Rickets vitamin D-dependent 1B (VDDR1B)"	"Defective CYP2R1 causes Rickets vitamin D-dependent 1B (VDDR1B)"	"3/65"	"78/7644"	0.0284079871255309	0.182003714126282	0.16117287967741	"ALDH1A1/MAOA/CYP7B1"	3
"M5"	"Defective CYP2U1 causes Spastic paraplegia 56, autosomal recessive (SPG56)"	"Defective CYP2U1 causes Spastic paraplegia 56, autosomal recessive (SPG56)"	"3/65"	"78/7644"	0.0284079871255309	0.182003714126282	0.16117287967741	"ALDH1A1/MAOA/CYP7B1"	3
"M5"	"Defective CYP4F22 causes Ichthyosis, congenital, autosomal recessive 5 (ARCI5)"	"Defective CYP4F22 causes Ichthyosis, congenital, autosomal recessive 5 (ARCI5)"	"3/65"	"78/7644"	0.0284079871255309	0.182003714126282	0.16117287967741	"ALDH1A1/MAOA/CYP7B1"	3
"M5"	"Defective CYP7B1 causes Spastic paraplegia 5A, autosomal recessive (SPG5A) and Congenital bile acid synthesis defect 3 (CBAS3)"	"Defective CYP7B1 causes Spastic paraplegia 5A, autosomal recessive (SPG5A) and Congenital bile acid synthesis defect 3 (CBAS3)"	"3/65"	"78/7644"	0.0284079871255309	0.182003714126282	0.16117287967741	"ALDH1A1/MAOA/CYP7B1"	3
"M5"	"Defective FMO3 causes Trimethylaminuria (TMAU)"	"Defective FMO3 causes Trimethylaminuria (TMAU)"	"3/65"	"78/7644"	0.0284079871255309	0.182003714126282	0.16117287967741	"ALDH1A1/MAOA/CYP7B1"	3
"M5"	"Defective MAOA causes Brunner syndrome (BRUNS)"	"Defective MAOA causes Brunner syndrome (BRUNS)"	"3/65"	"78/7644"	0.0284079871255309	0.182003714126282	0.16117287967741	"ALDH1A1/MAOA/CYP7B1"	3
"M5"	"Defective TBXAS1 causes Ghosal hematodiaphyseal dysplasia (GHDD)"	"Defective TBXAS1 causes Ghosal hematodiaphyseal dysplasia (GHDD)"	"3/65"	"78/7644"	0.0284079871255309	0.182003714126282	0.16117287967741	"ALDH1A1/MAOA/CYP7B1"	3
"M5"	"Phase 1 - Functionalization of compounds"	"Phase 1 - Functionalization of compounds"	"3/65"	"78/7644"	0.0284079871255309	0.182003714126282	0.16117287967741	"ALDH1A1/MAOA/CYP7B1"	3
"M5"	"Transport of vitamins, nucleosides, and related molecules"	"Transport of vitamins, nucleosides, and related molecules"	"2/65"	"38/7644"	0.0411353095119861	0.259152449925512	0.22949172675108	"SLCO2A1/SLCO4C1"	2
"M5"	"Integration of energy metabolism"	"Integration of energy metabolism"	"3/65"	"104/7644"	0.0582939422650951	0.361231314364032	0.319887379470237	"RAPGEF3/ADCY5/KCNS3"	3
"M5"	"Amino acid and oligopeptide SLC transporters"	"Amino acid and oligopeptide SLC transporters"	"2/65"	"49/7644"	0.0648639633247196	0.39151825656146	0.346707896370215	"SLC3A1/SLC7A11"	2
"M5"	"G1/S Transition"	"G1/S Transition"	"3/65"	"109/7644"	0.0652530427602433	0.39151825656146	0.346707896370215	"CCNA2/RRM2/PKMYT1"	3
"M5"	"Metabolism of amino acids and derivatives"	"Metabolism of amino acids and derivatives"	"4/65"	"188/7644"	0.0753823528197874	0.445227021341869	0.394269542708756	"HGD/PYCR1/HAAO/DIO2"	4
"M5"	"Cell Cycle Checkpoints"	"Cell Cycle Checkpoints"	"3/65"	"118/7644"	0.0786941505467708	0.457636752410452	0.40525894532588	"UBE2C/CDC20/PKMYT1"	3
"M5"	"Adenylate cyclase activating pathway"	"Adenylate cyclase activating pathway"	"1/65"	"10/7644"	0.0818992511001165	0.462058461430508	0.409174577373717	"ADCY5"	1
"M5"	"Ethanol oxidation"	"Ethanol oxidation"	"1/65"	"10/7644"	0.0818992511001165	0.462058461430508	0.409174577373717	"ALDH1A1"	1
"M5"	"Neuronal System"	"Neuronal System"	"5/65"	"280/7644"	0.0888640213267863	0.465618735953524	0.412327368513563	"MAOA/ADCY5/KCNN3/GRIP2/KCNS3"	5
"M5"	"alpha-linolenic acid (ALA) metabolism"	"alpha-linolenic acid (ALA) metabolism"	"1/65"	"11/7644"	0.0897164568478883	0.465618735953524	0.412327368513563	"FADS2"	1
"M5"	"alpha-linolenic (omega3) and linoleic (omega6) acid metabolism"	"alpha-linolenic (omega3) and linoleic (omega6) acid metabolism"	"1/65"	"11/7644"	0.0897164568478883	0.465618735953524	0.412327368513563	"FADS2"	1
"M5"	"Condensation of Prometaphase Chromosomes"	"Condensation of Prometaphase Chromosomes"	"1/65"	"11/7644"	0.0897164568478883	0.465618735953524	0.412327368513563	"NCAPG"	1
"M5"	"Tryptophan catabolism"	"Tryptophan catabolism"	"1/65"	"11/7644"	0.0897164568478883	0.465618735953524	0.412327368513563	"HAAO"	1
"M5"	"Factors involved in megakaryocyte development and platelet production"	"Factors involved in megakaryocyte development and platelet production"	"3/65"	"125/7644"	0.0899210786365271	0.465618735953524	0.412327368513563	"GATA3/KIF4A/KIF20A"	3
"M5"	"Hyaluronan uptake and degradation"	"Hyaluronan uptake and degradation"	"1/65"	"12/7644"	0.0974681180957451	0.491239315202555	0.435015600764168	"HMMR"	1
"M5"	"Reversible hydration of carbon dioxide"	"Reversible hydration of carbon dioxide"	"1/65"	"12/7644"	0.0974681180957451	0.491239315202555	0.435015600764168	"CA4"	1
"M5"	"The activation of arylsulfatases"	"The activation of arylsulfatases"	"1/65"	"13/7644"	0.105154775894982	0.510576881014409	0.452139928049518	"ARSE"	1
"M5"	"WNT5A-dependent internalization of FZD2, FZD5 and ROR2"	"WNT5A-dependent internalization of FZD2, FZD5 and ROR2"	"1/65"	"13/7644"	0.105154775894982	0.510576881014409	0.452139928049518	"ROR1"	1
"M5"	"Cyclin E associated events during G1/S transition"	"Cyclin E associated events during G1/S transition"	"2/65"	"65/7644"	0.105357134177576	0.510576881014409	0.452139928049518	"CCNA2/PKMYT1"	2
"M5"	"Adenylate cyclase inhibitory pathway"	"Adenylate cyclase inhibitory pathway"	"1/65"	"14/7644"	0.112776966900987	0.513610764922568	0.454826575453569	"ADCY5"	1
"M5"	"Golgi Cisternae Pericentriolar Stack Reorganization"	"Golgi Cisternae Pericentriolar Stack Reorganization"	"1/65"	"14/7644"	0.112776966900987	0.513610764922568	0.454826575453569	"PLK1"	1
"M5"	"Inhibition of adenylate cyclase pathway"	"Inhibition of adenylate cyclase pathway"	"1/65"	"14/7644"	0.112776966900987	0.513610764922568	0.454826575453569	"ADCY5"	1
"M5"	"Regulation of pyruvate dehydrogenase (PDH) complex"	"Regulation of pyruvate dehydrogenase (PDH) complex"	"1/65"	"14/7644"	0.112776966900987	0.513610764922568	0.454826575453569	"PDK4"	1
"M5"	"Signal attenuation"	"Signal attenuation"	"1/65"	"14/7644"	0.112776966900987	0.513610764922568	0.454826575453569	"SHC2"	1
"M5"	"Glucose metabolism"	"Glucose metabolism"	"2/65"	"69/7644"	0.116343562338074	0.514040082339036	0.455206756290208	"ENO2/PFKFB4"	2
"M5"	"Eicosanoid ligand-binding receptors"	"Eicosanoid ligand-binding receptors"	"1/65"	"15/7644"	0.120335223408384	0.514040082339036	0.455206756290208	"PTGER3"	1
"M5"	"negative regulation of TCF-dependent signaling by WNT ligand antagonists"	"negative regulation of TCF-dependent signaling by WNT ligand antagonists"	"1/65"	"15/7644"	0.120335223408384	0.514040082339036	0.455206756290208	"SFRP1"	1
"M5"	"Synthesis of bile acids and bile salts via 27-hydroxycholesterol"	"Synthesis of bile acids and bile salts via 27-hydroxycholesterol"	"1/65"	"15/7644"	0.120335223408384	0.514040082339036	0.455206756290208	"CYP7B1"	1
"M5"	"Hemostasis"	"Hemostasis"	"7/65"	"497/7644"	0.127646579642923	0.514040082339036	0.455206756290208	"CLU/RAPGEF3/GATA3/SLC7A11/KIF4A/SELP/KIF20A"	7
"M5"	"Amine-derived hormones"	"Amine-derived hormones"	"1/65"	"16/7644"	0.127830073385898	0.514040082339036	0.455206756290208	"DIO2"	1
"M5"	"Amino acid synthesis and interconversion (transamination)"	"Amino acid synthesis and interconversion (transamination)"	"1/65"	"16/7644"	0.127830073385898	0.514040082339036	0.455206756290208	"PYCR1"	1
"M5"	"Hyaluronan metabolism"	"Hyaluronan metabolism"	"1/65"	"16/7644"	0.127830073385898	0.514040082339036	0.455206756290208	"HMMR"	1
"M5"	"PKA activation"	"PKA activation"	"1/65"	"16/7644"	0.127830073385898	0.514040082339036	0.455206756290208	"ADCY5"	1
"M5"	"Rap1 signalling"	"Rap1 signalling"	"1/65"	"16/7644"	0.127830073385898	0.514040082339036	0.455206756290208	"RAPGEF3"	1
"M5"	"Trafficking of GluR2-containing AMPA receptors"	"Trafficking of GluR2-containing AMPA receptors"	"1/65"	"16/7644"	0.127830073385898	0.514040082339036	0.455206756290208	"GRIP2"	1
"M5"	"Cytosolic sulfonation of small molecules"	"Cytosolic sulfonation of small molecules"	"1/65"	"17/7644"	0.135262040510952	0.519696766546871	0.460216017159301	"SULT1C4"	1
"M5"	"G1/S-Specific Transcription"	"G1/S-Specific Transcription"	"1/65"	"17/7644"	0.135262040510952	0.519696766546871	0.460216017159301	"RRM2"	1
"M5"	"PKA activation in glucagon signalling"	"PKA activation in glucagon signalling"	"1/65"	"17/7644"	0.135262040510952	0.519696766546871	0.460216017159301	"ADCY5"	1
"M5"	"PKA-mediated phosphorylation of CREB"	"PKA-mediated phosphorylation of CREB"	"1/65"	"17/7644"	0.135262040510952	0.519696766546871	0.460216017159301	"ADCY5"	1
"M5"	"Senescence-Associated Secretory Phenotype (SASP)"	"Senescence-Associated Secretory Phenotype (SASP)"	"2/65"	"76/7644"	0.136221082510671	0.519696766546871	0.460216017159301	"UBE2C/CCNA2"	2
"M5"	"Norepinephrine Neurotransmitter Release Cycle"	"Norepinephrine Neurotransmitter Release Cycle"	"1/65"	"18/7644"	0.142631644203989	0.519696766546871	0.460216017159301	"MAOA"	1
"M5"	"Synthesis and interconversion of nucleotide di- and triphosphates"	"Synthesis and interconversion of nucleotide di- and triphosphates"	"1/65"	"18/7644"	0.142631644203989	0.519696766546871	0.460216017159301	"RRM2"	1
"M5"	"Platelet degranulation"	"Platelet degranulation"	"2/65"	"79/7644"	0.144961142148225	0.519696766546871	0.460216017159301	"CLU/SELP"	2
"M5"	"Opioid Signalling"	"Opioid Signalling"	"2/65"	"80/7644"	0.147900738666533	0.519696766546871	0.460216017159301	"PDE4A/ADCY5"	2
"M5"	"Scavenging by Class A Receptors"	"Scavenging by Class A Receptors"	"1/65"	"19/7644"	0.149939399662518	0.519696766546871	0.460216017159301	"MASP1"	1
"M5"	"Response to elevated platelet cytosolic Ca2+"	"Response to elevated platelet cytosolic Ca2+"	"2/65"	"84/7644"	0.159779178706978	0.519696766546871	0.460216017159301	"CLU/SELP"	2
"M5"	"HS-GAG degradation"	"HS-GAG degradation"	"1/65"	"21/7644"	0.164371405753878	0.519696766546871	0.460216017159301	"GPC4"	1
"M5"	"Pyruvate metabolism"	"Pyruvate metabolism"	"1/65"	"22/7644"	0.171496665969804	0.519696766546871	0.460216017159301	"PDK4"	1
"M5"	"SHC-mediated signalling"	"SHC-mediated signalling"	"1/65"	"22/7644"	0.171496665969804	0.519696766546871	0.460216017159301	"SHC2"	1
"M5"	"Defective AHCY causes Hypermethioninemia with S-adenosylhomocysteine hydrolase deficiency (HMAHCHD)"	"Defective AHCY causes Hypermethioninemia with S-adenosylhomocysteine hydrolase deficiency (HMAHCHD)"	"2/65"	"89/7644"	0.174867393929042	0.519696766546871	0.460216017159301	"GSTO2/SULT1C4"	2
"M5"	"Defective GCLC causes Hemolytic anemia due to gamma-glutamylcysteine synthetase deficiency (HAGGSD)"	"Defective GCLC causes Hemolytic anemia due to gamma-glutamylcysteine synthetase deficiency (HAGGSD)"	"2/65"	"89/7644"	0.174867393929042	0.519696766546871	0.460216017159301	"GSTO2/SULT1C4"	2
"M5"	"Defective GGT1 causes Glutathionuria (GLUTH)"	"Defective GGT1 causes Glutathionuria (GLUTH)"	"2/65"	"89/7644"	0.174867393929042	0.519696766546871	0.460216017159301	"GSTO2/SULT1C4"	2
"M5"	"Defective GSS causes Glutathione synthetase deficiency (GSS deficiency)"	"Defective GSS causes Glutathione synthetase deficiency (GSS deficiency)"	"2/65"	"89/7644"	0.174867393929042	0.519696766546871	0.460216017159301	"GSTO2/SULT1C4"	2
"M5"	"Defective MAT1A causes Methionine adenosyltransferase deficiency (MATD)"	"Defective MAT1A causes Methionine adenosyltransferase deficiency (MATD)"	"2/65"	"89/7644"	0.174867393929042	0.519696766546871	0.460216017159301	"GSTO2/SULT1C4"	2
"M5"	"Defective OPLAH causes 5-oxoprolinase deficiency (OPLAHD)"	"Defective OPLAH causes 5-oxoprolinase deficiency (OPLAHD)"	"2/65"	"89/7644"	0.174867393929042	0.519696766546871	0.460216017159301	"GSTO2/SULT1C4"	2
"M5"	"Defective SLC35D1 causes Schneckenbecken dysplasia (SCHBCKD)"	"Defective SLC35D1 causes Schneckenbecken dysplasia (SCHBCKD)"	"2/65"	"89/7644"	0.174867393929042	0.519696766546871	0.460216017159301	"GSTO2/SULT1C4"	2
"M5"	"Defective TPMT causes Thiopurine S-methyltransferase deficiency (TPMT deficiency)"	"Defective TPMT causes Thiopurine S-methyltransferase deficiency (TPMT deficiency)"	"2/65"	"89/7644"	0.174867393929042	0.519696766546871	0.460216017159301	"GSTO2/SULT1C4"	2
"M5"	"Defective UGT1A1 causes hyperbilirubinemia"	"Defective UGT1A1 causes hyperbilirubinemia"	"2/65"	"89/7644"	0.174867393929042	0.519696766546871	0.460216017159301	"GSTO2/SULT1C4"	2
"M5"	"Defective UGT1A4 causes hyperbilirubinemia"	"Defective UGT1A4 causes hyperbilirubinemia"	"2/65"	"89/7644"	0.174867393929042	0.519696766546871	0.460216017159301	"GSTO2/SULT1C4"	2
"M5"	"Phase II conjugation"	"Phase II conjugation"	"2/65"	"89/7644"	0.174867393929042	0.519696766546871	0.460216017159301	"GSTO2/SULT1C4"	2
"M5"	"Glycogen storage diseases"	"Glycogen storage diseases"	"4/65"	"258/7644"	0.175973960424852	0.519696766546871	0.460216017159301	"GPC4/ENO2/PFKFB4/HMMR"	4
"M5"	"Metabolism of carbohydrates"	"Metabolism of carbohydrates"	"4/65"	"258/7644"	0.175973960424852	0.519696766546871	0.460216017159301	"GPC4/ENO2/PFKFB4/HMMR"	4
"M5"	"Myoclonic epilepsy of Lafora"	"Myoclonic epilepsy of Lafora"	"4/65"	"258/7644"	0.175973960424852	0.519696766546871	0.460216017159301	"GPC4/ENO2/PFKFB4/HMMR"	4
"M5"	"SLC-mediated transmembrane transport"	"SLC-mediated transmembrane transport"	"4/65"	"259/7644"	0.177658959158436	0.519696766546871	0.460216017159301	"SLCO2A1/SLC3A1/SLC7A11/SLCO4C1"	4
"M5"	"Endogenous sterols"	"Endogenous sterols"	"1/65"	"23/7644"	0.178562097183653	0.519696766546871	0.460216017159301	"CYP7B1"	1
"M5"	"DARPP-32 events"	"DARPP-32 events"	"1/65"	"24/7644"	0.185568193979751	0.519696766546871	0.460216017159301	"PDE4A"	1
"M5"	"Synthesis of bile acids and bile salts via 7alpha-hydroxycholesterol"	"Synthesis of bile acids and bile salts via 7alpha-hydroxycholesterol"	"1/65"	"24/7644"	0.185568193979751	0.519696766546871	0.460216017159301	"CYP7B1"	1
"M5"	"Transport of inorganic cations/anions and amino acids/oligopeptides"	"Transport of inorganic cations/anions and amino acids/oligopeptides"	"2/65"	"94/7644"	0.190178337071964	0.519696766546871	0.460216017159301	"SLC3A1/SLC7A11"	2
"M5"	"Basigin interactions"	"Basigin interactions"	"1/65"	"25/7644"	0.192515446918244	0.519696766546871	0.460216017159301	"SLC7A11"	1
"M5"	"SHC-related events"	"SHC-related events"	"1/65"	"25/7644"	0.192515446918244	0.519696766546871	0.460216017159301	"SHC2"	1
"M5"	"SHC-related events triggered by IGF1R"	"SHC-related events triggered by IGF1R"	"1/65"	"25/7644"	0.192515446918244	0.519696766546871	0.460216017159301	"SHC2"	1
"M5"	"TRP channels"	"TRP channels"	"1/65"	"25/7644"	0.192515446918244	0.519696766546871	0.460216017159301	"TRPV4"	1
"M5"	"A tetrasaccharide linker sequence is required for GAG synthesis"	"A tetrasaccharide linker sequence is required for GAG synthesis"	"1/65"	"26/7644"	0.199404342567321	0.519696766546871	0.460216017159301	"GPC4"	1
"M5"	"Calmodulin induced events"	"Calmodulin induced events"	"1/65"	"26/7644"	0.199404342567321	0.519696766546871	0.460216017159301	"ADCY5"	1
"M5"	"CaM pathway"	"CaM pathway"	"1/65"	"26/7644"	0.199404342567321	0.519696766546871	0.460216017159301	"ADCY5"	1
"M5"	"Termination of O-glycan biosynthesis"	"Termination of O-glycan biosynthesis"	"1/65"	"26/7644"	0.199404342567321	0.519696766546871	0.460216017159301	"ST6GALNAC2"	1
"M5"	"L1CAM interactions"	"L1CAM interactions"	"2/65"	"97/7644"	0.199453345960044	0.519696766546871	0.460216017159301	"CHL1/KIF4A"	2
"M5"	"Cell surface interactions at the vascular wall"	"Cell surface interactions at the vascular wall"	"2/65"	"99/7644"	0.205667942169171	0.519696766546871	0.460216017159301	"SLC7A11/SELP"	2
"M5"	"Potassium Channels"	"Potassium Channels"	"2/65"	"99/7644"	0.205667942169171	0.519696766546871	0.460216017159301	"KCNN3/KCNS3"	2
"M5"	"Attenuation phase"	"Attenuation phase"	"1/65"	"27/7644"	0.206235363535176	0.519696766546871	0.460216017159301	"HSPA1A"	1
"M5"	"Integrin alphaIIb beta3 signaling"	"Integrin alphaIIb beta3 signaling"	"1/65"	"27/7644"	0.206235363535176	0.519696766546871	0.460216017159301	"RAPGEF3"	1
"M5"	"Recycling pathway of L1"	"Recycling pathway of L1"	"1/65"	"27/7644"	0.206235363535176	0.519696766546871	0.460216017159301	"KIF4A"	1
"M5"	"Synthesis of bile acids and bile salts"	"Synthesis of bile acids and bile salts"	"1/65"	"27/7644"	0.206235363535176	0.519696766546871	0.460216017159301	"CYP7B1"	1
"M5"	"Adrenaline,noradrenaline inhibits insulin secretion"	"Adrenaline,noradrenaline inhibits insulin secretion"	"1/65"	"28/7644"	0.213008988501726	0.519696766546871	0.460216017159301	"ADCY5"	1
"M5"	"Ca-dependent events"	"Ca-dependent events"	"1/65"	"28/7644"	0.213008988501726	0.519696766546871	0.460216017159301	"ADCY5"	1
"M5"	"SHC1 events in ERBB4 signaling"	"SHC1 events in ERBB4 signaling"	"1/65"	"28/7644"	0.213008988501726	0.519696766546871	0.460216017159301	"ERBB4"	1
"M5"	"MHC class II antigen presentation"	"MHC class II antigen presentation"	"2/65"	"103/7644"	0.218160692911207	0.519696766546871	0.460216017159301	"KIF4A/KIF20A"	2
"M5"	"O-linked glycosylation"	"O-linked glycosylation"	"2/65"	"103/7644"	0.218160692911207	0.519696766546871	0.460216017159301	"SPON2/ST6GALNAC2"	2
"M5"	"Glutamate Binding, Activation of AMPA Receptors and Synaptic Plasticity"	"Glutamate Binding, Activation of AMPA Receptors and Synaptic Plasticity"	"1/65"	"30/7644"	0.226385945697706	0.519696766546871	0.460216017159301	"GRIP2"	1
"M5"	"GRB2 events in ERBB2 signaling"	"GRB2 events in ERBB2 signaling"	"1/65"	"30/7644"	0.226385945697706	0.519696766546871	0.460216017159301	"ERBB4"	1
"M5"	"HSF1 activation"	"HSF1 activation"	"1/65"	"30/7644"	0.226385945697706	0.519696766546871	0.460216017159301	"HSPA1A"	1
"M5"	"Molecules associated with elastic fibres"	"Molecules associated with elastic fibres"	"1/65"	"30/7644"	0.226385945697706	0.519696766546871	0.460216017159301	"ITGB8"	1
"M5"	"Tight junction interactions"	"Tight junction interactions"	"1/65"	"30/7644"	0.226385945697706	0.519696766546871	0.460216017159301	"CLDN3"	1
"M5"	"Trafficking of AMPA receptors"	"Trafficking of AMPA receptors"	"1/65"	"30/7644"	0.226385945697706	0.519696766546871	0.460216017159301	"GRIP2"	1
"M5"	"DAG and IP3 signaling"	"DAG and IP3 signaling"	"1/65"	"31/7644"	0.2329902159275	0.519696766546871	0.460216017159301	"ADCY5"	1
"M5"	"Gluconeogenesis"	"Gluconeogenesis"	"1/65"	"31/7644"	0.2329902159275	0.519696766546871	0.460216017159301	"ENO2"	1
"M5"	"HS-GAG biosynthesis"	"HS-GAG biosynthesis"	"1/65"	"31/7644"	0.2329902159275	0.519696766546871	0.460216017159301	"GPC4"	1
"M5"	"DNA methylation"	"DNA methylation"	"1/65"	"32/7644"	0.239538966218412	0.519696766546871	0.460216017159301	"UHRF1"	1
"M5"	"Regulation of beta-cell development"	"Regulation of beta-cell development"	"1/65"	"32/7644"	0.239538966218412	0.519696766546871	0.460216017159301	"HNF1B"	1
"M5"	"SHC1 events in ERBB2 signaling"	"SHC1 events in ERBB2 signaling"	"1/65"	"32/7644"	0.239538966218412	0.519696766546871	0.460216017159301	"ERBB4"	1
"M5"	"Transmission across Chemical Synapses"	"Transmission across Chemical Synapses"	"3/65"	"201/7644"	0.24378904394727	0.519696766546871	0.460216017159301	"MAOA/ADCY5/GRIP2"	3
"M5"	"E2F mediated regulation of DNA replication"	"E2F mediated regulation of DNA replication"	"1/65"	"33/7644"	0.246032656075979	0.519696766546871	0.460216017159301	"RRM2"	1
"M5"	"EGFR interacts with phospholipase C-gamma"	"EGFR interacts with phospholipase C-gamma"	"1/65"	"33/7644"	0.246032656075979	0.519696766546871	0.460216017159301	"ADCY5"	1
"M5"	"Glucagon signaling in metabolic regulation"	"Glucagon signaling in metabolic regulation"	"1/65"	"33/7644"	0.246032656075979	0.519696766546871	0.460216017159301	"ADCY5"	1
"M5"	"Glutathione conjugation"	"Glutathione conjugation"	"1/65"	"33/7644"	0.246032656075979	0.519696766546871	0.460216017159301	"GSTO2"	1
"M5"	"PLC-gamma1 signalling"	"PLC-gamma1 signalling"	"1/65"	"33/7644"	0.246032656075979	0.519696766546871	0.460216017159301	"ADCY5"	1
"M5"	"Sialic acid metabolism"	"Sialic acid metabolism"	"1/65"	"33/7644"	0.246032656075979	0.519696766546871	0.460216017159301	"ST6GALNAC2"	1
"M5"	"PLCG1 events in ERBB2 signaling"	"PLCG1 events in ERBB2 signaling"	"1/65"	"34/7644"	0.252471741262559	0.519696766546871	0.460216017159301	"ADCY5"	1
"M5"	"Signalling to RAS"	"Signalling to RAS"	"1/65"	"34/7644"	0.252471741262559	0.519696766546871	0.460216017159301	"SHC2"	1
"M5"	"NGF signalling via TRKA from the plasma membrane"	"NGF signalling via TRKA from the plasma membrane"	"3/65"	"206/7644"	0.255236239340379	0.519696766546871	0.460216017159301	"ADCY5/ERBB4/SHC2"	3
"M5"	"Bile acid and bile salt metabolism"	"Bile acid and bile salt metabolism"	"1/65"	"35/7644"	0.258856673827334	0.519696766546871	0.460216017159301	"CYP7B1"	1
"M5"	"HSF1-dependent transactivation"	"HSF1-dependent transactivation"	"1/65"	"35/7644"	0.258856673827334	0.519696766546871	0.460216017159301	"HSPA1A"	1
"M5"	"Regulation of HSF1-mediated heat shock response"	"Regulation of HSF1-mediated heat shock response"	"1/65"	"35/7644"	0.258856673827334	0.519696766546871	0.460216017159301	"HSPA1A"	1
"M5"	"Export of Viral Ribonucleoproteins from Nucleus"	"Export of Viral Ribonucleoproteins from Nucleus"	"1/65"	"36/7644"	0.265187902136077	0.519696766546871	0.460216017159301	"HSPA1A"	1
"M5"	"Gamma carboxylation, hypusine formation and arylsulfatase activation"	"Gamma carboxylation, hypusine formation and arylsulfatase activation"	"1/65"	"36/7644"	0.265187902136077	0.519696766546871	0.460216017159301	"ARSE"	1
"M5"	"Platelet Aggregation (Plug Formation)"	"Platelet Aggregation (Plug Formation)"	"1/65"	"37/7644"	0.271465870900687	0.519696766546871	0.460216017159301	"RAPGEF3"	1
"M5"	"Defective B3GAT3 causes JDSSDHD"	"Defective B3GAT3 causes JDSSDHD"	"2/65"	"121/7644"	0.274971834151784	0.519696766546871	0.460216017159301	"GPC4/HMMR"	2
"M5"	"Defective B4GALT1 causes B4GALT1-CDG (CDG-2d)"	"Defective B4GALT1 causes B4GALT1-CDG (CDG-2d)"	"2/65"	"121/7644"	0.274971834151784	0.519696766546871	0.460216017159301	"GPC4/HMMR"	2
"M5"	"Defective B4GALT7 causes EDS, progeroid type"	"Defective B4GALT7 causes EDS, progeroid type"	"2/65"	"121/7644"	0.274971834151784	0.519696766546871	0.460216017159301	"GPC4/HMMR"	2
"M5"	"Defective CHST14 causes EDS, musculocontractural type"	"Defective CHST14 causes EDS, musculocontractural type"	"2/65"	"121/7644"	0.274971834151784	0.519696766546871	0.460216017159301	"GPC4/HMMR"	2
"M5"	"Defective CHST3 causes SEDCJD"	"Defective CHST3 causes SEDCJD"	"2/65"	"121/7644"	0.274971834151784	0.519696766546871	0.460216017159301	"GPC4/HMMR"	2
"M5"	"Defective CHST6 causes MCDC1"	"Defective CHST6 causes MCDC1"	"2/65"	"121/7644"	0.274971834151784	0.519696766546871	0.460216017159301	"GPC4/HMMR"	2
"M5"	"Defective CHSY1 causes TPBS"	"Defective CHSY1 causes TPBS"	"2/65"	"121/7644"	0.274971834151784	0.519696766546871	0.460216017159301	"GPC4/HMMR"	2
"M5"	"Defective EXT1 causes exostoses 1, TRPS2 and CHDS"	"Defective EXT1 causes exostoses 1, TRPS2 and CHDS"	"2/65"	"121/7644"	0.274971834151784	0.519696766546871	0.460216017159301	"GPC4/HMMR"	2
"M5"	"Defective EXT2 causes exostoses 2"	"Defective EXT2 causes exostoses 2"	"2/65"	"121/7644"	0.274971834151784	0.519696766546871	0.460216017159301	"GPC4/HMMR"	2
"M5"	"Defective PAPSS2 causes SEMD-PA"	"Defective PAPSS2 causes SEMD-PA"	"2/65"	"121/7644"	0.274971834151784	0.519696766546871	0.460216017159301	"GPC4/HMMR"	2
"M5"	"Defective SLC26A2 causes chondrodysplasias"	"Defective SLC26A2 causes chondrodysplasias"	"2/65"	"121/7644"	0.274971834151784	0.519696766546871	0.460216017159301	"GPC4/HMMR"	2
"M5"	"Diseases associated with glycosaminoglycan metabolism"	"Diseases associated with glycosaminoglycan metabolism"	"2/65"	"121/7644"	0.274971834151784	0.519696766546871	0.460216017159301	"GPC4/HMMR"	2
"M5"	"Glycosaminoglycan metabolism"	"Glycosaminoglycan metabolism"	"2/65"	"121/7644"	0.274971834151784	0.519696766546871	0.460216017159301	"GPC4/HMMR"	2
"M5"	"MPS I - Hurler syndrome"	"MPS I - Hurler syndrome"	"2/65"	"121/7644"	0.274971834151784	0.519696766546871	0.460216017159301	"GPC4/HMMR"	2
"M5"	"MPS II - Hunter syndrome"	"MPS II - Hunter syndrome"	"2/65"	"121/7644"	0.274971834151784	0.519696766546871	0.460216017159301	"GPC4/HMMR"	2
"M5"	"MPS IIIA - Sanfilippo syndrome A"	"MPS IIIA - Sanfilippo syndrome A"	"2/65"	"121/7644"	0.274971834151784	0.519696766546871	0.460216017159301	"GPC4/HMMR"	2
"M5"	"MPS IIIB - Sanfilippo syndrome B"	"MPS IIIB - Sanfilippo syndrome B"	"2/65"	"121/7644"	0.274971834151784	0.519696766546871	0.460216017159301	"GPC4/HMMR"	2
"M5"	"MPS IIIC - Sanfilippo syndrome C"	"MPS IIIC - Sanfilippo syndrome C"	"2/65"	"121/7644"	0.274971834151784	0.519696766546871	0.460216017159301	"GPC4/HMMR"	2
"M5"	"MPS IIID - Sanfilippo syndrome D"	"MPS IIID - Sanfilippo syndrome D"	"2/65"	"121/7644"	0.274971834151784	0.519696766546871	0.460216017159301	"GPC4/HMMR"	2
"M5"	"MPS IV - Morquio syndrome A"	"MPS IV - Morquio syndrome A"	"2/65"	"121/7644"	0.274971834151784	0.519696766546871	0.460216017159301	"GPC4/HMMR"	2
"M5"	"MPS IV - Morquio syndrome B"	"MPS IV - Morquio syndrome B"	"2/65"	"121/7644"	0.274971834151784	0.519696766546871	0.460216017159301	"GPC4/HMMR"	2
"M5"	"MPS IX - Natowicz syndrome"	"MPS IX - Natowicz syndrome"	"2/65"	"121/7644"	0.274971834151784	0.519696766546871	0.460216017159301	"GPC4/HMMR"	2
"M5"	"MPS VII - Sly syndrome"	"MPS VII - Sly syndrome"	"2/65"	"121/7644"	0.274971834151784	0.519696766546871	0.460216017159301	"GPC4/HMMR"	2
"M5"	"MPS VI - Maroteaux-Lamy syndrome"	"MPS VI - Maroteaux-Lamy syndrome"	"2/65"	"121/7644"	0.274971834151784	0.519696766546871	0.460216017159301	"GPC4/HMMR"	2
"M5"	"Mucopolysaccharidoses"	"Mucopolysaccharidoses"	"2/65"	"121/7644"	0.274971834151784	0.519696766546871	0.460216017159301	"GPC4/HMMR"	2
"M5"	"Activation of GABAB receptors"	"Activation of GABAB receptors"	"1/65"	"39/7644"	0.283863790551304	0.523417135748258	0.463510579693529	"ADCY5"	1
"M5"	"GABA B receptor activation"	"GABA B receptor activation"	"1/65"	"39/7644"	0.283863790551304	0.523417135748258	0.463510579693529	"ADCY5"	1
"M5"	"Glycosphingolipid metabolism"	"Glycosphingolipid metabolism"	"1/65"	"39/7644"	0.283863790551304	0.523417135748258	0.463510579693529	"ARSE"	1
"M5"	"Nuclear signaling by ERBB4"	"Nuclear signaling by ERBB4"	"1/65"	"39/7644"	0.283863790551304	0.523417135748258	0.463510579693529	"ERBB4"	1
"M5"	"O-glycosylation of TSR domain-containing proteins"	"O-glycosylation of TSR domain-containing proteins"	"1/65"	"39/7644"	0.283863790551304	0.523417135748258	0.463510579693529	"SPON2"	1
"M5"	"Platelet activation, signaling and aggregation"	"Platelet activation, signaling and aggregation"	"3/65"	"221/7644"	0.290003008761981	0.531012409145731	0.470236552794047	"CLU/RAPGEF3/SELP"	3
"M5"	"G alpha (s) signalling events"	"G alpha (s) signalling events"	"2/65"	"126/7644"	0.290792509770281	0.531012409145731	0.470236552794047	"PDE4A/ADCY5"	2
"M5"	"Condensation of Prophase Chromosomes"	"Condensation of Prophase Chromosomes"	"1/65"	"41/7644"	0.296053918504531	0.532897053308155	0.471905494157598	"PLK1"	1
"M5"	"Elastic fibre formation"	"Elastic fibre formation"	"1/65"	"41/7644"	0.296053918504531	0.532897053308155	0.471905494157598	"ITGB8"	1
"M5"	"Retinoid metabolism and transport"	"Retinoid metabolism and transport"	"1/65"	"41/7644"	0.296053918504531	0.532897053308155	0.471905494157598	"GPC4"	1
"M5"	"Neurotransmitter Release Cycle"	"Neurotransmitter Release Cycle"	"1/65"	"42/7644"	0.302072134379475	0.539069446781332	0.477371439923318	"MAOA"	1
"M5"	"Diseases of glycosylation"	"Diseases of glycosylation"	"3/65"	"227/7644"	0.304032248095195	0.539069446781332	0.477371439923318	"GPC4/ST6GALNAC2/HMMR"	3
"M5"	"PLC beta mediated events"	"PLC beta mediated events"	"1/65"	"43/7644"	0.308039683875047	0.539069446781332	0.477371439923318	"ADCY5"	1
"M5"	"Pyruvate metabolism and Citric Acid (TCA) cycle"	"Pyruvate metabolism and Citric Acid (TCA) cycle"	"1/65"	"43/7644"	0.308039683875047	0.539069446781332	0.477371439923318	"PDK4"	1
"M5"	"Vasopressin regulates renal water homeostasis via Aquaporins"	"Vasopressin regulates renal water homeostasis via Aquaporins"	"1/65"	"43/7644"	0.308039683875047	0.539069446781332	0.477371439923318	"ADCY5"	1
"M5"	"Voltage gated Potassium channels"	"Voltage gated Potassium channels"	"1/65"	"43/7644"	0.308039683875047	0.539069446781332	0.477371439923318	"KCNS3"	1
"M5"	"G2/M Checkpoints"	"G2/M Checkpoints"	"1/65"	"44/7644"	0.313956986933608	0.541898361008694	0.47987657700018	"PKMYT1"	1
"M5"	"G-protein mediated events"	"G-protein mediated events"	"1/65"	"44/7644"	0.313956986933608	0.541898361008694	0.47987657700018	"ADCY5"	1
"M5"	"Signalling to ERKs"	"Signalling to ERKs"	"1/65"	"44/7644"	0.313956986933608	0.541898361008694	0.47987657700018	"SHC2"	1
"M5"	"RMTs methylate histone arginines"	"RMTs methylate histone arginines"	"1/65"	"45/7644"	0.319824460071676	0.54951657230497	0.486622862692789	"HIST3H2A"	1
"M5"	"G alpha (z) signalling events"	"G alpha (z) signalling events"	"1/65"	"46/7644"	0.325642516407423	0.556981317656135	0.493233247047204	"ADCY5"	1
"M5"	"Neurotransmitter Receptor Binding And Downstream Transmission In The  Postsynaptic Cell"	"Neurotransmitter Receptor Binding And Downstream Transmission In The  Postsynaptic Cell"	"2/65"	"140/7644"	0.334826772804392	0.570110450991262	0.504859714328102	"ADCY5/GRIP2"	2
"M5"	"Chondroitin sulfate/dermatan sulfate metabolism"	"Chondroitin sulfate/dermatan sulfate metabolism"	"1/65"	"50/7644"	0.348428718670419	0.585360247366303	0.518364128828974	"GPC4"	1
"M5"	"Creation of C4 and C2 activators"	"Creation of C4 and C2 activators"	"1/65"	"50/7644"	0.348428718670419	0.585360247366303	0.518364128828974	"MASP1"	1
"M5"	"Nuclear Envelope Breakdown"	"Nuclear Envelope Breakdown"	"1/65"	"50/7644"	0.348428718670419	0.585360247366303	0.518364128828974	"PLK1"	1
"M5"	"Aquaporin-mediated transport"	"Aquaporin-mediated transport"	"1/65"	"51/7644"	0.354005770722885	0.588331333357683	0.520995165713571	"ADCY5"	1
"M5"	"Cellular response to heat stress"	"Cellular response to heat stress"	"1/65"	"51/7644"	0.354005770722885	0.588331333357683	0.520995165713571	"HSPA1A"	1
"M5"	"Cellular responses to stress"	"Cellular responses to stress"	"3/65"	"249/7644"	0.355653838565709	0.588331333357683	0.520995165713571	"HSPA1A/UBE2C/CCNA2"	3
"M5"	"Deposition of new CENPA-containing nucleosomes at the centromere"	"Deposition of new CENPA-containing nucleosomes at the centromere"	"1/65"	"52/7644"	0.359535814829695	0.588331333357683	0.520995165713571	"CENPK"	1
"M5"	"Nucleosome assembly"	"Nucleosome assembly"	"1/65"	"52/7644"	0.359535814829695	0.588331333357683	0.520995165713571	"CENPK"	1
"M5"	"Synthesis of substrates in N-glycan biosythesis"	"Synthesis of substrates in N-glycan biosythesis"	"1/65"	"52/7644"	0.359535814829695	0.588331333357683	0.520995165713571	"ST6GALNAC2"	1
"M5"	"Downstream signaling of activated FGFR"	"Downstream signaling of activated FGFR"	"2/65"	"149/7644"	0.36275771125678	0.591044891616651	0.523398149635463	"ADCY5/ERBB4"	2
"M5"	"AUF1 (hnRNP D0) destabilizes mRNA"	"AUF1 (hnRNP D0) destabilizes mRNA"	"1/65"	"54/7644"	0.370456436347296	0.593358190420669	0.525446684917217	"HSPA1A"	1
"M5"	"Heparan sulfate/heparin (HS-GAG) metabolism"	"Heparan sulfate/heparin (HS-GAG) metabolism"	"1/65"	"54/7644"	0.370456436347296	0.593358190420669	0.525446684917217	"GPC4"	1
"M5"	"Phospholipase C-mediated cascade"	"Phospholipase C-mediated cascade"	"1/65"	"54/7644"	0.370456436347296	0.593358190420669	0.525446684917217	"ADCY5"	1
"M5"	"SCF-beta-TrCP mediated degradation of Emi1"	"SCF-beta-TrCP mediated degradation of Emi1"	"1/65"	"54/7644"	0.370456436347296	0.593358190420669	0.525446684917217	"CDC20"	1
"M5"	"Chemokine receptors bind chemokines"	"Chemokine receptors bind chemokines"	"1/65"	"55/7644"	0.375847784389117	0.596934716382716	0.528613867473416	"CX3CL1"	1
"M5"	"GABA receptor activation"	"GABA receptor activation"	"1/65"	"55/7644"	0.375847784389117	0.596934716382716	0.528613867473416	"ADCY5"	1
"M5"	"SCF(Skp2)-mediated degradation of p27/p21"	"SCF(Skp2)-mediated degradation of p27/p21"	"1/65"	"56/7644"	0.381193665798355	0.602892073940495	0.533889388786069	"CCNA2"	1
"M5"	"Initial triggering of complement"	"Initial triggering of complement"	"1/65"	"57/7644"	0.386494458065502	0.608728771453165	0.539058059933463	"MASP1"	1
"M5"	"DNA Damage/Telomere Stress Induced Senescence"	"DNA Damage/Telomere Stress Induced Senescence"	"1/65"	"58/7644"	0.391750535596244	0.613226569269557	0.543041072201947	"CCNA2"	1
"M5"	"Cellular Senescence"	"Cellular Senescence"	"2/65"	"159/7644"	0.393289917646468	0.613226569269557	0.543041072201947	"UBE2C/CCNA2"	2
"M5"	"Downstream signal transduction"	"Downstream signal transduction"	"2/65"	"161/7644"	0.399322326048994	0.613226569269557	0.543041072201947	"ADCY5/ERBB4"	2
"M5"	"Autodegradation of Cdh1 by Cdh1:APC/C"	"Autodegradation of Cdh1 by Cdh1:APC/C"	"1/65"	"60/7644"	0.402130028795881	0.613226569269557	0.543041072201947	"UBE2C"	1
"M5"	"Cell-cell junction organization"	"Cell-cell junction organization"	"1/65"	"60/7644"	0.402130028795881	0.613226569269557	0.543041072201947	"CLDN3"	1
"M5"	"Cytochrome P450 - arranged by substrate type"	"Cytochrome P450 - arranged by substrate type"	"1/65"	"60/7644"	0.402130028795881	0.613226569269557	0.543041072201947	"CYP7B1"	1
"M5"	"HDACs deacetylate histones"	"HDACs deacetylate histones"	"1/65"	"60/7644"	0.402130028795881	0.613226569269557	0.543041072201947	"HIST3H2A"	1
"M5"	"Signaling by FGFR"	"Signaling by FGFR"	"2/65"	"162/7644"	0.402328542801191	0.613226569269557	0.543041072201947	"ADCY5/ERBB4"	2
"M5"	"Signaling by ERBB2"	"Signaling by ERBB2"	"2/65"	"163/7644"	0.40532796151185	0.615317146391483	0.544892376921447	"ADCY5/ERBB4"	2
"M5"	"DAP12 signaling"	"DAP12 signaling"	"2/65"	"164/7644"	0.408320480125501	0.617380565949758	0.54671963233646	"ADCY5/ERBB4"	2
"M5"	"Loss of Nlp from mitotic centrosomes"	"Loss of Nlp from mitotic centrosomes"	"1/65"	"62/7644"	0.412335079884389	0.618502619826583	0.547713264006832	"PLK1"	1
"M5"	"Loss of proteins required for interphase microtubule organization from the centrosome"	"Loss of proteins required for interphase microtubule organization from the centrosome"	"1/65"	"62/7644"	0.412335079884389	0.618502619826583	0.547713264006832	"PLK1"	1
"M5"	"O-linked glycosylation of mucins"	"O-linked glycosylation of mucins"	"1/65"	"64/7644"	0.422368575559287	0.629472957583875	0.55742801590552	"ST6GALNAC2"	1
"M5"	"Post-translational protein modification"	"Post-translational protein modification"	"3/65"	"278/7644"	0.422979183138371	0.629472957583875	0.55742801590552	"SPON2/ARSE/ST6GALNAC2"	3
"M5"	"Cyclin A:Cdk2-associated events at S phase entry"	"Cyclin A:Cdk2-associated events at S phase entry"	"1/65"	"66/7644"	0.432233355494419	0.638219563972229	0.56517354871392	"CCNA2"	1
"M5"	"Integrin cell surface interactions"	"Integrin cell surface interactions"	"1/65"	"66/7644"	0.432233355494419	0.638219563972229	0.56517354871392	"ITGB8"	1
"M5"	"Biosynthesis of the N-glycan precursor (dolichol lipid-linked oligosaccharide, LLO) and transfer to a nascent protein"	"Biosynthesis of the N-glycan precursor (dolichol lipid-linked oligosaccharide, LLO) and transfer to a nascent protein"	"1/65"	"67/7644"	0.437103351785375	0.642799611885928	0.569229397325884	"ST6GALNAC2"	1
"M5"	"Signalling by NGF"	"Signalling by NGF"	"3/65"	"287/7644"	0.44346409867957	0.642799611885928	0.569229397325884	"ADCY5/ERBB4/SHC2"	3
"M5"	"Signaling by FGFR in disease"	"Signaling by FGFR in disease"	"2/65"	"177/7644"	0.446552699054647	0.642799611885928	0.569229397325884	"ADCY5/ERBB4"	2
"M5"	"Orc1 removal from chromatin"	"Orc1 removal from chromatin"	"1/65"	"70/7644"	0.451467896233582	0.642799611885928	0.569229397325884	"CCNA2"	1
"M5"	"Switching of origins to a post-replicative state"	"Switching of origins to a post-replicative state"	"1/65"	"70/7644"	0.451467896233582	0.642799611885928	0.569229397325884	"CCNA2"	1
"M5"	"DAP12 interactions"	"DAP12 interactions"	"2/65"	"179/7644"	0.452317241075127	0.642799611885928	0.569229397325884	"ADCY5/ERBB4"	2
"M5"	"Signaling by EGFR"	"Signaling by EGFR"	"2/65"	"179/7644"	0.452317241075127	0.642799611885928	0.569229397325884	"ADCY5/ERBB4"	2
"M5"	"Signaling by Overexpressed Wild-Type EGFR in Cancer"	"Signaling by Overexpressed Wild-Type EGFR in Cancer"	"2/65"	"179/7644"	0.452317241075127	0.642799611885928	0.569229397325884	"ADCY5/ERBB4"	2
"M5"	"Sphingolipid metabolism"	"Sphingolipid metabolism"	"1/65"	"71/7644"	0.456175393823339	0.642799611885928	0.569229397325884	"ARSE"	1
"M5"	"Signaling by EGFR in Cancer"	"Signaling by EGFR in Cancer"	"2/65"	"181/7644"	0.458048756963233	0.642799611885928	0.569229397325884	"ADCY5/ERBB4"	2
"M5"	"Signaling by EGFRvIII in Cancer"	"Signaling by EGFRvIII in Cancer"	"2/65"	"181/7644"	0.458048756963233	0.642799611885928	0.569229397325884	"ADCY5/ERBB4"	2
"M5"	"Signaling by Ligand-Responsive EGFR Variants in Cancer"	"Signaling by Ligand-Responsive EGFR Variants in Cancer"	"2/65"	"181/7644"	0.458048756963233	0.642799611885928	0.569229397325884	"ADCY5/ERBB4"	2
"M5"	"Centrosome maturation"	"Centrosome maturation"	"1/65"	"72/7644"	0.460843107992292	0.642799611885928	0.569229397325884	"PLK1"	1
"M5"	"Recruitment of mitotic centrosome proteins and complexes"	"Recruitment of mitotic centrosome proteins and complexes"	"1/65"	"72/7644"	0.460843107992292	0.642799611885928	0.569229397325884	"PLK1"	1
"M5"	"Removal of licensing factors from origins"	"Removal of licensing factors from origins"	"1/65"	"72/7644"	0.460843107992292	0.642799611885928	0.569229397325884	"CCNA2"	1
"M5"	"Signaling by PDGF"	"Signaling by PDGF"	"2/65"	"184/7644"	0.466582923682782	0.648413033647395	0.574200347256674	"ADCY5/ERBB4"	2
"M5"	"Complement cascade"	"Complement cascade"	"1/65"	"75/7644"	0.474610846474065	0.654755109369331	0.579816554662899	"MASP1"	1
"M5"	"Regulation of DNA replication"	"Regulation of DNA replication"	"1/65"	"75/7644"	0.474610846474065	0.654755109369331	0.579816554662899	"CCNA2"	1
"M5"	"Binding and Uptake of Ligands by Scavenger Receptors"	"Binding and Uptake of Ligands by Scavenger Receptors"	"1/65"	"76/7644"	0.479122709993577	0.658575943191171	0.583200083360603	"MASP1"	1
"M5"	"Metabolism of nucleotides"	"Metabolism of nucleotides"	"1/65"	"78/7644"	0.488032288817147	0.660939371853443	0.585293010998036	"RRM2"	1
"M5"	"Regulation of PLK1 Activity at G2/M Transition"	"Regulation of PLK1 Activity at G2/M Transition"	"1/65"	"80/7644"	0.49679177480307	0.660939371853443	0.585293010998036	"PLK1"	1
"M5"	"Cell junction organization"	"Cell junction organization"	"1/65"	"85/7644"	0.51805007203143	0.660939371853443	0.585293010998036	"CLDN3"	1
"M5"	"Constitutive PI3K/AKT Signaling in Cancer"	"Constitutive PI3K/AKT Signaling in Cancer"	"1/65"	"86/7644"	0.522194369599621	0.660939371853443	0.585293010998036	"ERBB4"	1
"M5"	"Regulation of mRNA stability by proteins that bind AU-rich elements"	"Regulation of mRNA stability by proteins that bind AU-rich elements"	"1/65"	"86/7644"	0.522194369599621	0.660939371853443	0.585293010998036	"HSPA1A"	1
"M5"	"Chromosome Maintenance"	"Chromosome Maintenance"	"1/65"	"87/7644"	0.526303573883297	0.660939371853443	0.585293010998036	"CENPK"	1
"M5"	"Defective AMN causes hereditary megaloblastic anemia 1"	"Defective AMN causes hereditary megaloblastic anemia 1"	"1/65"	"87/7644"	0.526303573883297	0.660939371853443	0.585293010998036	"GSTO2"	1
"M5"	"Defective BTD causes biotidinase deficiency"	"Defective BTD causes biotidinase deficiency"	"1/65"	"87/7644"	0.526303573883297	0.660939371853443	0.585293010998036	"GSTO2"	1
"M5"	"Defective CD320 causes methylmalonic aciduria"	"Defective CD320 causes methylmalonic aciduria"	"1/65"	"87/7644"	0.526303573883297	0.660939371853443	0.585293010998036	"GSTO2"	1
"M5"	"Defective CUBN causes hereditary megaloblastic anemia 1"	"Defective CUBN causes hereditary megaloblastic anemia 1"	"1/65"	"87/7644"	0.526303573883297	0.660939371853443	0.585293010998036	"GSTO2"	1
"M5"	"Defective GIF causes intrinsic factor deficiency"	"Defective GIF causes intrinsic factor deficiency"	"1/65"	"87/7644"	0.526303573883297	0.660939371853443	0.585293010998036	"GSTO2"	1
"M5"	"Defective HLCS causes multiple carboxylase deficiency"	"Defective HLCS causes multiple carboxylase deficiency"	"1/65"	"87/7644"	0.526303573883297	0.660939371853443	0.585293010998036	"GSTO2"	1
"M5"	"Defective LMBRD1 causes methylmalonic aciduria and homocystinuria type cblF"	"Defective LMBRD1 causes methylmalonic aciduria and homocystinuria type cblF"	"1/65"	"87/7644"	0.526303573883297	0.660939371853443	0.585293010998036	"GSTO2"	1
"M5"	"Defective MMAA causes methylmalonic aciduria type cblA"	"Defective MMAA causes methylmalonic aciduria type cblA"	"1/65"	"87/7644"	0.526303573883297	0.660939371853443	0.585293010998036	"GSTO2"	1
"M5"	"Defective MMAB causes methylmalonic aciduria type cblB"	"Defective MMAB causes methylmalonic aciduria type cblB"	"1/65"	"87/7644"	0.526303573883297	0.660939371853443	0.585293010998036	"GSTO2"	1
"M5"	"Defective MMACHC causes methylmalonic aciduria and homocystinuria type cblC"	"Defective MMACHC causes methylmalonic aciduria and homocystinuria type cblC"	"1/65"	"87/7644"	0.526303573883297	0.660939371853443	0.585293010998036	"GSTO2"	1
"M5"	"Defective MMADHC causes methylmalonic aciduria and homocystinuria type cblD"	"Defective MMADHC causes methylmalonic aciduria and homocystinuria type cblD"	"1/65"	"87/7644"	0.526303573883297	0.660939371853443	0.585293010998036	"GSTO2"	1
"M5"	"Defective MTR causes methylmalonic aciduria and homocystinuria type cblG"	"Defective MTR causes methylmalonic aciduria and homocystinuria type cblG"	"1/65"	"87/7644"	0.526303573883297	0.660939371853443	0.585293010998036	"GSTO2"	1
"M5"	"Defective MTRR causes methylmalonic aciduria and homocystinuria type cblE"	"Defective MTRR causes methylmalonic aciduria and homocystinuria type cblE"	"1/65"	"87/7644"	0.526303573883297	0.660939371853443	0.585293010998036	"GSTO2"	1
"M5"	"Defective MUT causes methylmalonic aciduria mut type"	"Defective MUT causes methylmalonic aciduria mut type"	"1/65"	"87/7644"	0.526303573883297	0.660939371853443	0.585293010998036	"GSTO2"	1
"M5"	"Defective TCN2 causes hereditary megaloblastic anemia"	"Defective TCN2 causes hereditary megaloblastic anemia"	"1/65"	"87/7644"	0.526303573883297	0.660939371853443	0.585293010998036	"GSTO2"	1
"M5"	"Defects in biotin (Btn) metabolism"	"Defects in biotin (Btn) metabolism"	"1/65"	"87/7644"	0.526303573883297	0.660939371853443	0.585293010998036	"GSTO2"	1
"M5"	"Defects in cobalamin (B12) metabolism"	"Defects in cobalamin (B12) metabolism"	"1/65"	"87/7644"	0.526303573883297	0.660939371853443	0.585293010998036	"GSTO2"	1
"M5"	"Defects in vitamin and cofactor metabolism"	"Defects in vitamin and cofactor metabolism"	"1/65"	"87/7644"	0.526303573883297	0.660939371853443	0.585293010998036	"GSTO2"	1
"M5"	"Metabolism of vitamins and cofactors"	"Metabolism of vitamins and cofactors"	"1/65"	"87/7644"	0.526303573883297	0.660939371853443	0.585293010998036	"GSTO2"	1
"M5"	"Metabolism of water-soluble vitamins and cofactors"	"Metabolism of water-soluble vitamins and cofactors"	"1/65"	"87/7644"	0.526303573883297	0.660939371853443	0.585293010998036	"GSTO2"	1
"M5"	"Anchoring of the basal body to the plasma membrane"	"Anchoring of the basal body to the plasma membrane"	"1/65"	"89/7644"	0.534417870437063	0.668330119952317	0.591837867292778	"PLK1"	1
"M5"	"Antigen processing: Ubiquitination & Proteasome degradation"	"Antigen processing: Ubiquitination & Proteasome degradation"	"2/65"	"211/7644"	0.539748629123719	0.668330119952317	0.591837867292778	"UBE2C/CDC20"	2
"M5"	"PCP/CE pathway"	"PCP/CE pathway"	"1/65"	"91/7644"	0.542395273483059	0.668330119952317	0.591837867292778	"ROR1"	1
"M5"	"Diseases associated with visual transduction"	"Diseases associated with visual transduction"	"1/65"	"92/7644"	0.546333352024513	0.668330119952317	0.591837867292778	"GPC4"	1
"M5"	"IGF1R signaling cascade"	"IGF1R signaling cascade"	"1/65"	"92/7644"	0.546333352024513	0.668330119952317	0.591837867292778	"SHC2"	1
"M5"	"Insulin receptor signalling cascade"	"Insulin receptor signalling cascade"	"1/65"	"92/7644"	0.546333352024513	0.668330119952317	0.591837867292778	"SHC2"	1
"M5"	"Signaling by Type 1 Insulin-like Growth Factor 1 Receptor (IGF1R)"	"Signaling by Type 1 Insulin-like Growth Factor 1 Receptor (IGF1R)"	"1/65"	"92/7644"	0.546333352024513	0.668330119952317	0.591837867292778	"SHC2"	1
"M5"	"Visual phototransduction"	"Visual phototransduction"	"1/65"	"92/7644"	0.546333352024513	0.668330119952317	0.591837867292778	"GPC4"	1
"M5"	"Epigenetic regulation of gene expression"	"Epigenetic regulation of gene expression"	"1/65"	"94/7644"	0.554109666910909	0.675656303523625	0.598325548650829	"UHRF1"	1
"M5"	"Regulation of actin dynamics for phagocytic cup formation"	"Regulation of actin dynamics for phagocytic cup formation"	"1/65"	"95/7644"	0.557948457858034	0.67814957257343	0.600533456080063	"WIPF3"	1
"M5"	"Synthesis of DNA"	"Synthesis of DNA"	"1/65"	"97/7644"	0.565528676227082	0.683314553242091	0.605107290256155	"CCNA2"	1
"M5"	"Stimuli-sensing channels"	"Stimuli-sensing channels"	"1/65"	"98/7644"	0.569270644697367	0.683314553242091	0.605107290256155	"TRPV4"	1
"M5"	"Hedgehog 'off' state"	"Hedgehog 'off' state"	"1/65"	"99/7644"	0.572980876355818	0.683314553242091	0.605107290256155	"ADCY5"	1
"M5"	"PI3K/AKT Signaling in Cancer"	"PI3K/AKT Signaling in Cancer"	"1/65"	"100/7644"	0.576659636201659	0.683314553242091	0.605107290256155	"ERBB4"	1
"M5"	"PI-3K cascade"	"PI-3K cascade"	"1/65"	"100/7644"	0.576659636201659	0.683314553242091	0.605107290256155	"ERBB4"	1
"M5"	"PI3K events in ERBB2 signaling"	"PI3K events in ERBB2 signaling"	"1/65"	"100/7644"	0.576659636201659	0.683314553242091	0.605107290256155	"ERBB4"	1
"M5"	"PI3K events in ERBB4 signaling"	"PI3K events in ERBB4 signaling"	"1/65"	"100/7644"	0.576659636201659	0.683314553242091	0.605107290256155	"ERBB4"	1
"M5"	"PIP3 activates AKT signaling"	"PIP3 activates AKT signaling"	"1/65"	"100/7644"	0.576659636201659	0.683314553242091	0.605107290256155	"ERBB4"	1
"M5"	"PI3K/AKT activation"	"PI3K/AKT activation"	"1/65"	"103/7644"	0.58750970229305	0.693688895369296	0.61429425989261	"ERBB4"	1
"M5"	"GAB1 signalosome"	"GAB1 signalosome"	"1/65"	"104/7644"	0.591065181586373	0.693688895369296	0.61429425989261	"ERBB4"	1
"M5"	"DNA Replication"	"DNA Replication"	"1/65"	"105/7644"	0.594590481745111	0.693688895369296	0.61429425989261	"CCNA2"	1
"M5"	"HATs acetylate histones"	"HATs acetylate histones"	"1/65"	"105/7644"	0.594590481745111	0.693688895369296	0.61429425989261	"HIST3H2A"	1
"M5"	"VEGFA-VEGFR2 Pathway"	"VEGFA-VEGFR2 Pathway"	"1/65"	"105/7644"	0.594590481745111	0.693688895369296	0.61429425989261	"SHC2"	1
"M5"	"Mitotic Prophase"	"Mitotic Prophase"	"1/65"	"106/7644"	0.598085854962589	0.695619855925719	0.616004216609242	"PLK1"	1
"M5"	"G alpha (i) signalling events"	"G alpha (i) signalling events"	"2/65"	"236/7644"	0.601232511030087	0.696770949346764	0.617023564166725	"PTGER3/ADCY5"	2
"M5"	"Signaling by VEGF"	"Signaling by VEGF"	"1/65"	"113/7644"	0.621736265971052	0.696770949346764	0.617023564166725	"SHC2"	1
"M5"	"Orphan transporters"	"Orphan transporters"	"1/65"	"114/7644"	0.625001057195574	0.696770949346764	0.617023564166725	"CYP7B1"	1
"M5"	"Signaling by Insulin receptor"	"Signaling by Insulin receptor"	"1/65"	"116/7644"	0.631447626162045	0.696770949346764	0.617023564166725	"SHC2"	1
"M5"	"Asparagine N-linked glycosylation"	"Asparagine N-linked glycosylation"	"1/65"	"118/7644"	0.637785048872964	0.696770949346764	0.617023564166725	"ST6GALNAC2"	1
"M5"	"Defective ALG11 causes ALG11-CDG (CDG-1p)"	"Defective ALG11 causes ALG11-CDG (CDG-1p)"	"1/65"	"118/7644"	0.637785048872964	0.696770949346764	0.617023564166725	"ST6GALNAC2"	1
"M5"	"Defective ALG12 causes ALG12-CDG (CDG-1g)"	"Defective ALG12 causes ALG12-CDG (CDG-1g)"	"1/65"	"118/7644"	0.637785048872964	0.696770949346764	0.617023564166725	"ST6GALNAC2"	1
"M5"	"Defective ALG14 causes congenital myasthenic syndrome (ALG14-CMS)"	"Defective ALG14 causes congenital myasthenic syndrome (ALG14-CMS)"	"1/65"	"118/7644"	0.637785048872964	0.696770949346764	0.617023564166725	"ST6GALNAC2"	1
"M5"	"Defective ALG1 causes ALG1-CDG (CDG-1k)"	"Defective ALG1 causes ALG1-CDG (CDG-1k)"	"1/65"	"118/7644"	0.637785048872964	0.696770949346764	0.617023564166725	"ST6GALNAC2"	1
"M5"	"Defective ALG2 causes ALG2-CDG (CDG-1i)"	"Defective ALG2 causes ALG2-CDG (CDG-1i)"	"1/65"	"118/7644"	0.637785048872964	0.696770949346764	0.617023564166725	"ST6GALNAC2"	1
"M5"	"Defective ALG3 causes ALG3-CDG (CDG-1d)"	"Defective ALG3 causes ALG3-CDG (CDG-1d)"	"1/65"	"118/7644"	0.637785048872964	0.696770949346764	0.617023564166725	"ST6GALNAC2"	1
"M5"	"Defective ALG6 causes ALG6-CDG (CDG-1c)"	"Defective ALG6 causes ALG6-CDG (CDG-1c)"	"1/65"	"118/7644"	0.637785048872964	0.696770949346764	0.617023564166725	"ST6GALNAC2"	1
"M5"	"Defective ALG8 causes ALG8-CDG (CDG-1h)"	"Defective ALG8 causes ALG8-CDG (CDG-1h)"	"1/65"	"118/7644"	0.637785048872964	0.696770949346764	0.617023564166725	"ST6GALNAC2"	1
"M5"	"Defective ALG9 causes ALG9-CDG (CDG-1l)"	"Defective ALG9 causes ALG9-CDG (CDG-1l)"	"1/65"	"118/7644"	0.637785048872964	0.696770949346764	0.617023564166725	"ST6GALNAC2"	1
"M5"	"Defective DPAGT1 causes DPAGT1-CDG (CDG-1j) and CMSTA2"	"Defective DPAGT1 causes DPAGT1-CDG (CDG-1j) and CMSTA2"	"1/65"	"118/7644"	0.637785048872964	0.696770949346764	0.617023564166725	"ST6GALNAC2"	1
"M5"	"Defective MAN1B1 causes MRT15"	"Defective MAN1B1 causes MRT15"	"1/65"	"118/7644"	0.637785048872964	0.696770949346764	0.617023564166725	"ST6GALNAC2"	1
"M5"	"Defective MGAT2 causes MGAT2-CDG (CDG-2a)"	"Defective MGAT2 causes MGAT2-CDG (CDG-2a)"	"1/65"	"118/7644"	0.637785048872964	0.696770949346764	0.617023564166725	"ST6GALNAC2"	1
"M5"	"Defective MOGS causes MOGS-CDG (CDG-2b)"	"Defective MOGS causes MOGS-CDG (CDG-2b)"	"1/65"	"118/7644"	0.637785048872964	0.696770949346764	0.617023564166725	"ST6GALNAC2"	1
"M5"	"Defective MPDU1 causes MPDU1-CDG (CDG-1f)"	"Defective MPDU1 causes MPDU1-CDG (CDG-1f)"	"1/65"	"118/7644"	0.637785048872964	0.696770949346764	0.617023564166725	"ST6GALNAC2"	1
"M5"	"Defective RFT1 causes RFT1-CDG (CDG-1n)"	"Defective RFT1 causes RFT1-CDG (CDG-1n)"	"1/65"	"118/7644"	0.637785048872964	0.696770949346764	0.617023564166725	"ST6GALNAC2"	1
"M5"	"Diseases associated with N-glycosylation of proteins"	"Diseases associated with N-glycosylation of proteins"	"1/65"	"118/7644"	0.637785048872964	0.696770949346764	0.617023564166725	"ST6GALNAC2"	1
"M5"	"Fcgamma receptor (FCGR) dependent phagocytosis"	"Fcgamma receptor (FCGR) dependent phagocytosis"	"1/65"	"119/7644"	0.640913400164919	0.698170793263226	0.618263192029256	"WIPF3"	1
"M5"	"Class I MHC mediated antigen processing & presentation"	"Class I MHC mediated antigen processing & presentation"	"2/65"	"255/7644"	0.643784598758386	0.699283271065144	0.619248343633293	"UBE2C/CDC20"	2
"M5"	"S Phase"	"S Phase"	"1/65"	"124/7644"	0.656160486183442	0.710683850364874	0.629344094725786	"CCNA2"	1
"M5"	"Cell-Cell communication"	"Cell-Cell communication"	"1/65"	"130/7644"	0.673617345333935	0.72750673296065	0.644241551326891	"CLDN3"	1
"M5"	"Signaling by Hedgehog"	"Signaling by Hedgehog"	"1/65"	"136/7644"	0.69020086354309	0.743293237661789	0.658221246383873	"ADCY5"	1
"M5"	"Role of LAT2/NTAL/LAB on calcium mobilization"	"Role of LAT2/NTAL/LAB on calcium mobilization"	"1/65"	"141/7644"	0.703384443572179	0.754967702529687	0.668559536074743	"ERBB4"	1
"M5"	"Signaling by Wnt"	"Signaling by Wnt"	"2/65"	"286/7644"	0.70556626856192	0.754967702529687	0.668559536074743	"ROR1/SFRP1"	2
"M5"	"Influenza Life Cycle"	"Influenza Life Cycle"	"1/65"	"143/7644"	0.708501802419932	0.754967702529687	0.668559536074743	"HSPA1A"	1
"M5"	"beta-catenin independent WNT signaling"	"beta-catenin independent WNT signaling"	"1/65"	"144/7644"	0.711027783334837	0.754967702529687	0.668559536074743	"ROR1"	1
"M5"	"Signaling by SCF-KIT"	"Signaling by SCF-KIT"	"1/65"	"144/7644"	0.711027783334837	0.754967702529687	0.668559536074743	"ERBB4"	1
"M5"	"The citric acid (TCA) cycle and respiratory electron transport"	"The citric acid (TCA) cycle and respiratory electron transport"	"1/65"	"147/7644"	0.718477118705157	0.760740478628989	0.673671601793424	"PDK4"	1
"M5"	"Influenza Infection"	"Influenza Infection"	"1/65"	"148/7644"	0.720917960012902	0.761192706382337	0.674072070814768	"HSPA1A"	1
"M5"	"Signaling by ERBB4"	"Signaling by ERBB4"	"1/65"	"154/7644"	0.735131456154923	0.774038134892927	0.685447304082292	"ERBB4"	1
"M5"	"Class A/1 (Rhodopsin-like receptors)"	"Class A/1 (Rhodopsin-like receptors)"	"2/65"	"314/7644"	0.753605758904748	0.791286046849985	0.700721144244766	"PTGER3/CX3CL1"	2
"M5"	"Ion channel transport"	"Ion channel transport"	"1/65"	"167/7644"	0.763527266934383	0.799482844601653	0.707979795553678	"TRPV4"	1
"M5"	"Downstream signaling events of B Cell Receptor (BCR)"	"Downstream signaling events of B Cell Receptor (BCR)"	"1/65"	"170/7644"	0.769641823322658	0.803659141480565	0.71167810356675	"ERBB4"	1
"M5"	"Axon guidance"	"Axon guidance"	"2/65"	"327/7644"	0.773565981487976	0.805531517913099	0.713336181276429	"CHL1/KIF4A"	2
"M5"	"Assembly of the primary cilium"	"Assembly of the primary cilium"	"1/65"	"179/7644"	0.787066605442163	0.817338397959169	0.723791730857744	"PLK1"	1
"M5"	"misspliced LRP5 mutants have enhanced beta-catenin-dependent signaling"	"misspliced LRP5 mutants have enhanced beta-catenin-dependent signaling"	"1/65"	"190/7644"	0.806608835054674	0.826282221275519	0.731711908564787	"SFRP1"	1
"M5"	"Peptide ligand-binding receptors"	"Peptide ligand-binding receptors"	"1/65"	"190/7644"	0.806608835054674	0.826282221275519	0.731711908564787	"CX3CL1"	1
"M5"	"RNF mutants show enhanced WNT signaling and proliferation"	"RNF mutants show enhanced WNT signaling and proliferation"	"1/65"	"190/7644"	0.806608835054674	0.826282221275519	0.731711908564787	"SFRP1"	1
"M5"	"TCF dependent signaling in response to WNT"	"TCF dependent signaling in response to WNT"	"1/65"	"190/7644"	0.806608835054674	0.826282221275519	0.731711908564787	"SFRP1"	1
"M5"	"XAV939 inhibits tankyrase, stabilizing AXIN"	"XAV939 inhibits tankyrase, stabilizing AXIN"	"1/65"	"190/7644"	0.806608835054674	0.826282221275519	0.731711908564787	"SFRP1"	1
"M5"	"Chromatin modifying enzymes"	"Chromatin modifying enzymes"	"1/65"	"208/7644"	0.834845240132684	0.84953553486174	0.752303815332869	"HIST3H2A"	1
"M5"	"Chromatin organization"	"Chromatin organization"	"1/65"	"208/7644"	0.834845240132684	0.84953553486174	0.752303815332869	"HIST3H2A"	1
"M5"	"Signaling by the B Cell Receptor (BCR)"	"Signaling by the B Cell Receptor (BCR)"	"1/65"	"209/7644"	0.836288900621035	0.84953553486174	0.752303815332869	"ERBB4"	1
"M5"	"Fc epsilon receptor (FCERI) signaling"	"Fc epsilon receptor (FCERI) signaling"	"1/65"	"212/7644"	0.840545740842039	0.84953553486174	0.752303815332869	"ERBB4"	1
"M5"	"Signaling by WNT in cancer"	"Signaling by WNT in cancer"	"1/65"	"212/7644"	0.840545740842039	0.84953553486174	0.752303815332869	"SFRP1"	1
"M5"	"Defective ACTH causes Obesity and Pro-opiomelanocortinin deficiency (POMCD)"	"Defective ACTH causes Obesity and Pro-opiomelanocortinin deficiency (POMCD)"	"2/65"	"441/7644"	0.89635590030686	0.901123750840407	0.79798761561473	"PTGER3/CX3CL1"	2
"M5"	"GPCR ligand binding"	"GPCR ligand binding"	"2/65"	"441/7644"	0.89635590030686	0.901123750840407	0.79798761561473	"PTGER3/CX3CL1"	2
"M5"	"Extracellular matrix organization"	"Extracellular matrix organization"	"1/65"	"266/7644"	0.900943480713348	0.903333251219218	0.799944232491539	"ITGB8"	1
"M5"	"Organelle biogenesis and maintenance"	"Organelle biogenesis and maintenance"	"1/65"	"324/7644"	0.940828144331602	0.940828144331602	0.833147730151627	"PLK1"	1
"M6"	"Extracellular matrix organization"	"Extracellular matrix organization"	"26/52"	"266/7644"	7.90332093640968e-25	1.46211437323579e-22	1.02327207913515e-22	"FN1/COL1A2/COL3A1/COL1A1/THBS1/COL6A3/COL15A1/TIMP1/COL5A2/EFEMP1/COL5A1/TNC/LTBP1/LOXL2/SERPINE1/VCAN/FBLN2/DCN/LAMB3/LUM/ADAMTS2/ACAN/LAMC2/MFAP4/FMOD/MFAP2"	26
"M6"	"Assembly of collagen fibrils and other multimeric structures"	"Assembly of collagen fibrils and other multimeric structures"	"10/52"	"54/7644"	1.62667969872776e-12	1.50467872132318e-10	1.05306106812376e-10	"COL1A2/COL3A1/COL1A1/COL6A3/COL15A1/COL5A2/COL5A1/LOXL2/LAMB3/LAMC2"	10
"M6"	"Collagen formation"	"Collagen formation"	"11/52"	"86/7644"	7.8716474330722e-12	4.85418258372786e-10	3.39723731322064e-10	"COL1A2/COL3A1/COL1A1/COL6A3/COL15A1/COL5A2/COL5A1/LOXL2/LAMB3/ADAMTS2/LAMC2"	11
"M6"	"Collagen biosynthesis and modifying enzymes"	"Collagen biosynthesis and modifying enzymes"	"8/52"	"64/7644"	8.67031015115554e-09	4.01001844490944e-07	2.80644249629508e-07	"COL1A2/COL3A1/COL1A1/COL6A3/COL15A1/COL5A2/COL5A1/ADAMTS2"	8
"M6"	"ECM proteoglycans"	"ECM proteoglycans"	"7/52"	"55/7644"	7.01919118987759e-08	2.59710074025471e-06	1.81760108706304e-06	"TNC/SERPINE1/VCAN/DCN/LUM/ACAN/FMOD"	7
"M6"	"Elastic fibre formation"	"Elastic fibre formation"	"6/52"	"41/7644"	2.76181643561692e-07	8.51560067648552e-06	5.95970915054178e-06	"EFEMP1/LTBP1/LOXL2/FBLN2/MFAP4/MFAP2"	6
"M6"	"Keratan sulfate degradation"	"Keratan sulfate degradation"	"4/52"	"12/7644"	9.0552937749802e-07	2.39318478338762e-05	1.67488892379333e-05	"LUM/PRELP/ACAN/FMOD"	4
"M6"	"Keratan sulfate biosynthesis"	"Keratan sulfate biosynthesis"	"5/52"	"28/7644"	1.04492578632469e-06	2.41639088087585e-05	1.69112989102549e-05	"LUM/PRELP/ACAN/CHST1/FMOD"	5
"M6"	"Molecules associated with elastic fibres"	"Molecules associated with elastic fibres"	"5/52"	"30/7644"	1.49965899504248e-06	3.08263237869844e-05	2.15740416830673e-05	"EFEMP1/LTBP1/FBLN2/MFAP4/MFAP2"	5
"M6"	"Keratan sulfate/keratin metabolism"	"Keratan sulfate/keratin metabolism"	"5/52"	"33/7644"	2.45941753768491e-06	4.54992244471709e-05	3.18429849616046e-05	"LUM/PRELP/ACAN/CHST1/FMOD"	5
"M6"	"Defective B3GAT3 causes JDSSDHD"	"Defective B3GAT3 causes JDSSDHD"	"7/52"	"121/7644"	1.5514255225896e-05	8.20039204797362e-05	5.7391079482262e-05	"VCAN/DCN/LUM/PRELP/ACAN/CHST1/FMOD"	7
"M6"	"Defective B4GALT1 causes B4GALT1-CDG (CDG-2d)"	"Defective B4GALT1 causes B4GALT1-CDG (CDG-2d)"	"7/52"	"121/7644"	1.5514255225896e-05	8.20039204797362e-05	5.7391079482262e-05	"VCAN/DCN/LUM/PRELP/ACAN/CHST1/FMOD"	7
"M6"	"Defective B4GALT7 causes EDS, progeroid type"	"Defective B4GALT7 causes EDS, progeroid type"	"7/52"	"121/7644"	1.5514255225896e-05	8.20039204797362e-05	5.7391079482262e-05	"VCAN/DCN/LUM/PRELP/ACAN/CHST1/FMOD"	7
"M6"	"Defective CHST14 causes EDS, musculocontractural type"	"Defective CHST14 causes EDS, musculocontractural type"	"7/52"	"121/7644"	1.5514255225896e-05	8.20039204797362e-05	5.7391079482262e-05	"VCAN/DCN/LUM/PRELP/ACAN/CHST1/FMOD"	7
"M6"	"Defective CHST3 causes SEDCJD"	"Defective CHST3 causes SEDCJD"	"7/52"	"121/7644"	1.5514255225896e-05	8.20039204797362e-05	5.7391079482262e-05	"VCAN/DCN/LUM/PRELP/ACAN/CHST1/FMOD"	7
"M6"	"Defective CHST6 causes MCDC1"	"Defective CHST6 causes MCDC1"	"7/52"	"121/7644"	1.5514255225896e-05	8.20039204797362e-05	5.7391079482262e-05	"VCAN/DCN/LUM/PRELP/ACAN/CHST1/FMOD"	7
"M6"	"Defective CHSY1 causes TPBS"	"Defective CHSY1 causes TPBS"	"7/52"	"121/7644"	1.5514255225896e-05	8.20039204797362e-05	5.7391079482262e-05	"VCAN/DCN/LUM/PRELP/ACAN/CHST1/FMOD"	7
"M6"	"Defective EXT1 causes exostoses 1, TRPS2 and CHDS"	"Defective EXT1 causes exostoses 1, TRPS2 and CHDS"	"7/52"	"121/7644"	1.5514255225896e-05	8.20039204797362e-05	5.7391079482262e-05	"VCAN/DCN/LUM/PRELP/ACAN/CHST1/FMOD"	7
"M6"	"Defective EXT2 causes exostoses 2"	"Defective EXT2 causes exostoses 2"	"7/52"	"121/7644"	1.5514255225896e-05	8.20039204797362e-05	5.7391079482262e-05	"VCAN/DCN/LUM/PRELP/ACAN/CHST1/FMOD"	7
"M6"	"Defective PAPSS2 causes SEMD-PA"	"Defective PAPSS2 causes SEMD-PA"	"7/52"	"121/7644"	1.5514255225896e-05	8.20039204797362e-05	5.7391079482262e-05	"VCAN/DCN/LUM/PRELP/ACAN/CHST1/FMOD"	7
"M6"	"Defective SLC26A2 causes chondrodysplasias"	"Defective SLC26A2 causes chondrodysplasias"	"7/52"	"121/7644"	1.5514255225896e-05	8.20039204797362e-05	5.7391079482262e-05	"VCAN/DCN/LUM/PRELP/ACAN/CHST1/FMOD"	7
"M6"	"Diseases associated with glycosaminoglycan metabolism"	"Diseases associated with glycosaminoglycan metabolism"	"7/52"	"121/7644"	1.5514255225896e-05	8.20039204797362e-05	5.7391079482262e-05	"VCAN/DCN/LUM/PRELP/ACAN/CHST1/FMOD"	7
"M6"	"Glycosaminoglycan metabolism"	"Glycosaminoglycan metabolism"	"7/52"	"121/7644"	1.5514255225896e-05	8.20039204797362e-05	5.7391079482262e-05	"VCAN/DCN/LUM/PRELP/ACAN/CHST1/FMOD"	7
"M6"	"MPS I - Hurler syndrome"	"MPS I - Hurler syndrome"	"7/52"	"121/7644"	1.5514255225896e-05	8.20039204797362e-05	5.7391079482262e-05	"VCAN/DCN/LUM/PRELP/ACAN/CHST1/FMOD"	7
"M6"	"MPS II - Hunter syndrome"	"MPS II - Hunter syndrome"	"7/52"	"121/7644"	1.5514255225896e-05	8.20039204797362e-05	5.7391079482262e-05	"VCAN/DCN/LUM/PRELP/ACAN/CHST1/FMOD"	7
"M6"	"MPS IIIA - Sanfilippo syndrome A"	"MPS IIIA - Sanfilippo syndrome A"	"7/52"	"121/7644"	1.5514255225896e-05	8.20039204797362e-05	5.7391079482262e-05	"VCAN/DCN/LUM/PRELP/ACAN/CHST1/FMOD"	7
"M6"	"MPS IIIB - Sanfilippo syndrome B"	"MPS IIIB - Sanfilippo syndrome B"	"7/52"	"121/7644"	1.5514255225896e-05	8.20039204797362e-05	5.7391079482262e-05	"VCAN/DCN/LUM/PRELP/ACAN/CHST1/FMOD"	7
"M6"	"MPS IIIC - Sanfilippo syndrome C"	"MPS IIIC - Sanfilippo syndrome C"	"7/52"	"121/7644"	1.5514255225896e-05	8.20039204797362e-05	5.7391079482262e-05	"VCAN/DCN/LUM/PRELP/ACAN/CHST1/FMOD"	7
"M6"	"MPS IIID - Sanfilippo syndrome D"	"MPS IIID - Sanfilippo syndrome D"	"7/52"	"121/7644"	1.5514255225896e-05	8.20039204797362e-05	5.7391079482262e-05	"VCAN/DCN/LUM/PRELP/ACAN/CHST1/FMOD"	7
"M6"	"MPS IV - Morquio syndrome A"	"MPS IV - Morquio syndrome A"	"7/52"	"121/7644"	1.5514255225896e-05	8.20039204797362e-05	5.7391079482262e-05	"VCAN/DCN/LUM/PRELP/ACAN/CHST1/FMOD"	7
"M6"	"MPS IV - Morquio syndrome B"	"MPS IV - Morquio syndrome B"	"7/52"	"121/7644"	1.5514255225896e-05	8.20039204797362e-05	5.7391079482262e-05	"VCAN/DCN/LUM/PRELP/ACAN/CHST1/FMOD"	7
"M6"	"MPS IX - Natowicz syndrome"	"MPS IX - Natowicz syndrome"	"7/52"	"121/7644"	1.5514255225896e-05	8.20039204797362e-05	5.7391079482262e-05	"VCAN/DCN/LUM/PRELP/ACAN/CHST1/FMOD"	7
"M6"	"MPS VII - Sly syndrome"	"MPS VII - Sly syndrome"	"7/52"	"121/7644"	1.5514255225896e-05	8.20039204797362e-05	5.7391079482262e-05	"VCAN/DCN/LUM/PRELP/ACAN/CHST1/FMOD"	7
"M6"	"MPS VI - Maroteaux-Lamy syndrome"	"MPS VI - Maroteaux-Lamy syndrome"	"7/52"	"121/7644"	1.5514255225896e-05	8.20039204797362e-05	5.7391079482262e-05	"VCAN/DCN/LUM/PRELP/ACAN/CHST1/FMOD"	7
"M6"	"Mucopolysaccharidoses"	"Mucopolysaccharidoses"	"7/52"	"121/7644"	1.5514255225896e-05	8.20039204797362e-05	5.7391079482262e-05	"VCAN/DCN/LUM/PRELP/ACAN/CHST1/FMOD"	7
"M6"	"Degradation of the extracellular matrix"	"Degradation of the extracellular matrix"	"6/52"	"89/7644"	2.78410492540523e-05	0.000143072058666658	0.000100130089422469	"COL15A1/TIMP1/DCN/LAMB3/ACAN/LAMC2"	6
"M6"	"O-glycosylation of TSR domain-containing proteins"	"O-glycosylation of TSR domain-containing proteins"	"4/52"	"39/7644"	0.000131366346987998	0.000656831734939992	0.000459688781778771	"THBS1/THBS2/ADAMTS2/ADAMTS12"	4
"M6"	"Non-integrin membrane-ECM interactions"	"Non-integrin membrane-ECM interactions"	"4/52"	"42/7644"	0.000176096130641985	0.000857310109704403	0.000599995126564105	"THBS1/TNC/LAMB3/LAMC2"	4
"M6"	"Scavenging by Class A Receptors"	"Scavenging by Class A Receptors"	"3/52"	"19/7644"	0.000266458828230576	0.0012639713646835	0.000884600158498268	"COL1A2/COL3A1/COL1A1"	3
"M6"	"Glycogen storage diseases"	"Glycogen storage diseases"	"8/52"	"258/7644"	0.000313392914050398	0.00138042116903152	0.000966098456847092	"VCAN/DCN/LUM/PRELP/HK2/ACAN/CHST1/FMOD"	8
"M6"	"Metabolism of carbohydrates"	"Metabolism of carbohydrates"	"8/52"	"258/7644"	0.000313392914050398	0.00138042116903152	0.000966098456847092	"VCAN/DCN/LUM/PRELP/HK2/ACAN/CHST1/FMOD"	8
"M6"	"Myoclonic epilepsy of Lafora"	"Myoclonic epilepsy of Lafora"	"8/52"	"258/7644"	0.000313392914050398	0.00138042116903152	0.000966098456847092	"VCAN/DCN/LUM/PRELP/HK2/ACAN/CHST1/FMOD"	8
"M6"	"Diseases of glycosylation"	"Diseases of glycosylation"	"7/52"	"227/7644"	0.000795537658375288	0.00342266201859135	0.00239537654786194	"VCAN/DCN/LUM/PRELP/ACAN/CHST1/FMOD"	7
"M6"	"Integrin cell surface interactions"	"Integrin cell surface interactions"	"4/52"	"66/7644"	0.00100539189005568	0.00422721590137047	0.0029584498200203	"FN1/THBS1/TNC/LUM"	4
"M6"	"Platelet degranulation"	"Platelet degranulation"	"4/52"	"79/7644"	0.00196405452650862	0.00807444638675766	0.00565096390083182	"FN1/THBS1/TIMP1/SERPINE1"	4
"M6"	"Dermatan sulfate biosynthesis"	"Dermatan sulfate biosynthesis"	"2/52"	"11/7644"	0.00240047014971308	0.00965406473254174	0.00675647204610318	"VCAN/DCN"	2
"M6"	"Response to elevated platelet cytosolic Ca2+"	"Response to elevated platelet cytosolic Ca2+"	"4/52"	"84/7644"	0.00246001902160872	0.00968305359569389	0.00677676012671607	"FN1/THBS1/TIMP1/SERPINE1"	4
"M6"	"Cell junction organization"	"Cell junction organization"	"4/52"	"85/7644"	0.0025686453749879	0.00989998738276586	0.00692858291937525	"LAMB3/CLDN1/CDH11/LAMC2"	4
"M6"	"CS/DS degradation"	"CS/DS degradation"	"2/52"	"14/7644"	0.00392017485842226	0.0148006601797575	0.0103583567687634	"VCAN/DCN"	2
"M6"	"O-linked glycosylation"	"O-linked glycosylation"	"4/52"	"103/7644"	0.00512735938580982	0.0189712297274964	0.0132771621990444	"THBS1/THBS2/ADAMTS2/ADAMTS12"	4
"M6"	"Chondroitin sulfate biosynthesis"	"Chondroitin sulfate biosynthesis"	"2/52"	"20/7644"	0.00797447388115823	0.0283707243848899	0.0198554714045033	"VCAN/DCN"	2
"M6"	"Syndecan interactions"	"Syndecan interactions"	"2/52"	"20/7644"	0.00797447388115823	0.0283707243848899	0.0198554714045033	"THBS1/TNC"	2
"M6"	"Laminin interactions"	"Laminin interactions"	"2/52"	"23/7644"	0.010481489383316	0.0365863308662916	0.0256052272919139	"LAMB3/LAMC2"	2
"M6"	"Cell-Cell communication"	"Cell-Cell communication"	"4/52"	"130/7644"	0.0115184662547539	0.0394614121690643	0.0276173752306965	"LAMB3/CLDN1/CDH11/LAMC2"	4
"M6"	"A tetrasaccharide linker sequence is required for GAG synthesis"	"A tetrasaccharide linker sequence is required for GAG synthesis"	"2/52"	"26/7644"	0.0132906989419395	0.044705078259251	0.0312871955953791	"VCAN/DCN"	2
"M6"	"Binding and Uptake of Ligands by Scavenger Receptors"	"Binding and Uptake of Ligands by Scavenger Receptors"	"3/52"	"76/7644"	0.0147273425182401	0.0486528279620434	0.0340500588297658	"COL1A2/COL3A1/COL1A1"	3
"M6"	"BMAL1:CLOCK,NPAS2 activates circadian gene expression"	"BMAL1:CLOCK,NPAS2 activates circadian gene expression"	"2/52"	"37/7644"	0.0259737406677679	0.0843007372550361	0.0589985245085032	"SERPINE1/ARNTL2"	2
"M6"	"Classical antibody-mediated complement activation"	"Classical antibody-mediated complement activation"	"2/52"	"44/7644"	0.0358010957872738	0.114193150355959	0.079918961557798	"C1R/C1S"	2
"M6"	"PPARA activates gene expression"	"PPARA activates gene expression"	"3/52"	"111/7644"	0.0393971739126337	0.12353351142097	0.0864558856601954	"CTGF/FHL2/AGT"	3
"M6"	"Regulation of lipid metabolism by Peroxisome proliferator-activated receptor alpha (PPARalpha)"	"Regulation of lipid metabolism by Peroxisome proliferator-activated receptor alpha (PPARalpha)"	"3/52"	"114/7644"	0.0421124820175273	0.129846819554042	0.0908743033009799	"CTGF/FHL2/AGT"	3
"M6"	"Chondroitin sulfate/dermatan sulfate metabolism"	"Chondroitin sulfate/dermatan sulfate metabolism"	"2/52"	"50/7644"	0.0451842096812883	0.13482385146836	0.094357517670602	"VCAN/DCN"	2
"M6"	"Creation of C4 and C2 activators"	"Creation of C4 and C2 activators"	"2/52"	"50/7644"	0.0451842096812883	0.13482385146836	0.094357517670602	"C1R/C1S"	2
"M6"	"Heparan sulfate/heparin (HS-GAG) metabolism"	"Heparan sulfate/heparin (HS-GAG) metabolism"	"2/52"	"54/7644"	0.0518886293432968	0.15237137188111	0.106638285868429	"VCAN/DCN"	2
"M6"	"Circadian Clock"	"Circadian Clock"	"2/52"	"55/7644"	0.0536175314745085	0.154988176918501	0.108469677160601	"SERPINE1/ARNTL2"	2
"M6"	"Initial triggering of complement"	"Initial triggering of complement"	"2/52"	"57/7644"	0.0571362349004817	0.162618514716756	0.113809828222822	"C1R/C1S"	2
"M6"	"Cell-cell junction organization"	"Cell-cell junction organization"	"2/52"	"60/7644"	0.0625614076651559	0.172987369276493	0.121066551470888	"CLDN1/CDH11"	2
"M6"	"Platelet activation, signaling and aggregation"	"Platelet activation, signaling and aggregation"	"4/52"	"221/7644"	0.062649479683919	0.172987369276493	0.121066551470888	"FN1/THBS1/TIMP1/SERPINE1"	4
"M6"	"Ethanol oxidation"	"Ethanol oxidation"	"1/52"	"10/7644"	0.0660197681043547	0.174480815704366	0.122111751531363	"ADH1B"	1
"M6"	"Glycoprotein hormones"	"Glycoprotein hormones"	"1/52"	"10/7644"	0.0660197681043547	0.174480815704366	0.122111751531363	"INHBA"	1
"M6"	"Methylation"	"Methylation"	"1/52"	"10/7644"	0.0660197681043547	0.174480815704366	0.122111751531363	"NNMT"	1
"M6"	"Bile salt and organic anion SLC transporters"	"Bile salt and organic anion SLC transporters"	"1/52"	"12/7644"	0.0787011203692554	0.202218156504337	0.141523944523661	"SLC16A3"	1
"M6"	"Peptide hormone biosynthesis"	"Peptide hormone biosynthesis"	"1/52"	"12/7644"	0.0787011203692554	0.202218156504337	0.141523944523661	"INHBA"	1
"M6"	"Dissolution of Fibrin Clot"	"Dissolution of Fibrin Clot"	"1/52"	"13/7644"	0.0849783139935739	0.212445784983935	0.148681829604688	"SERPINE1"	1
"M6"	"Signaling by Activin"	"Signaling by Activin"	"1/52"	"13/7644"	0.0849783139935739	0.212445784983935	0.148681829604688	"INHBA"	1
"M6"	"Complement cascade"	"Complement cascade"	"2/52"	"75/7644"	0.0920439500681671	0.227041743501479	0.158896924328204	"C1R/C1S"	2
"M6"	"GRB2:SOS provides linkage to MAPK signaling for Integrins"	"GRB2:SOS provides linkage to MAPK signaling for Integrins"	"1/52"	"15/7644"	0.0974071197008683	0.231029706982829	0.161687931487271	"FN1"	1
"M6"	"HDL-mediated lipid transport"	"HDL-mediated lipid transport"	"1/52"	"15/7644"	0.0974071197008683	0.231029706982829	0.161687931487271	"PLTP"	1
"M6"	"p130Cas linkage to MAPK signaling for integrins"	"p130Cas linkage to MAPK signaling for integrins"	"1/52"	"15/7644"	0.0974071197008683	0.231029706982829	0.161687931487271	"FN1"	1
"M6"	"Metabolism of Angiotensinogen to Angiotensins"	"Metabolism of Angiotensinogen to Angiotensins"	"1/52"	"16/7644"	0.103559279849715	0.242512237622751	0.169724069573817	"AGT"	1
"M6"	"Peptide hormone metabolism"	"Peptide hormone metabolism"	"2/52"	"83/7644"	0.109134201650061	0.250481566072636	0.175301465871603	"INHBA/AGT"	2
"M6"	"Branched-chain amino acid catabolism"	"Branched-chain amino acid catabolism"	"1/52"	"17/7644"	0.109670307307478	0.250481566072636	0.175301465871603	"BCAT1"	1
"M6"	"Post-translational protein modification"	"Post-translational protein modification"	"4/52"	"278/7644"	0.119584484954441	0.269794264836239	0.188817607822802	"THBS1/THBS2/ADAMTS2/ADAMTS12"	4
"M6"	"Other semaphorin interactions"	"Other semaphorin interactions"	"1/52"	"19/7644"	0.121770041024478	0.271415151681065	0.189951998047061	"SEMA7A"	1
"M6"	"Fatty acid, triacylglycerol, and ketone body metabolism"	"Fatty acid, triacylglycerol, and ketone body metabolism"	"3/52"	"181/7644"	0.124704960724216	0.274647830166428	0.192214413146348	"CTGF/FHL2/AGT"	3
"M6"	"Signaling by PDGF"	"Signaling by PDGF"	"3/52"	"184/7644"	0.129251309720629	0.281311674097839	0.196878155983125	"THBS1/COL6A3/THBS2"	3
"M6"	"NOTCH2 Activation and Transmission of Signal to the Nucleus"	"NOTCH2 Activation and Transmission of Signal to the Nucleus"	"1/52"	"21/7644"	0.133708457340523	0.284322581701113	0.198985363011305	"MDK"	1
"M6"	"Regulation of Insulin-like Growth Factor (IGF) transport and uptake by Insulin-like Growth Factor Binding Proteins (IGFBPs)"	"Regulation of Insulin-like Growth Factor (IGF) transport and uptake by Insulin-like Growth Factor Binding Proteins (IGFBPs)"	"1/52"	"21/7644"	0.133708457340523	0.284322581701113	0.198985363011305	"IGFBP3"	1
"M6"	"Pyruvate metabolism"	"Pyruvate metabolism"	"1/52"	"22/7644"	0.139617831631261	0.290216841031272	0.2031105060987	"SLC16A3"	1
"M6"	"Smooth Muscle Contraction"	"Smooth Muscle Contraction"	"1/52"	"22/7644"	0.139617831631261	0.290216841031272	0.2031105060987	"ACTG2"	1
"M6"	"Cell surface interactions at the vascular wall"	"Cell surface interactions at the vascular wall"	"2/52"	"99/7644"	0.145495196216342	0.299073458889148	0.20930887876737	"FN1/SLC16A3"	2
"M6"	"Antigen Presentation: Folding, assembly and peptide loading of class I MHC"	"Antigen Presentation: Folding, assembly and peptide loading of class I MHC"	"1/52"	"24/7644"	0.15131821797455	0.30762494862958	0.215293705157544	"ERAP2"	1
"M6"	"Basigin interactions"	"Basigin interactions"	"1/52"	"25/7644"	0.157109747195721	0.315927209034874	0.221104106465374	"SLC16A3"	1
"M6"	"Integrin alphaIIb beta3 signaling"	"Integrin alphaIIb beta3 signaling"	"1/52"	"27/7644"	0.168576758210337	0.335340863106585	0.234690902771607	"FN1"	1
"M6"	"Association of TriC/CCT with target proteins during biosynthesis"	"Association of TriC/CCT with target proteins during biosynthesis"	"1/52"	"29/7644"	0.179890727449652	0.34662449944596	0.242587843139989	"SPHK1"	1
"M6"	"SMAD2/SMAD3:SMAD4 heterotrimer regulates transcription"	"SMAD2/SMAD3:SMAD4 heterotrimer regulates transcription"	"1/52"	"29/7644"	0.179890727449652	0.34662449944596	0.242587843139989	"SERPINE1"	1
"M6"	"YAP1- and WWTR1 (TAZ)-stimulated gene expression"	"YAP1- and WWTR1 (TAZ)-stimulated gene expression"	"1/52"	"29/7644"	0.179890727449652	0.34662449944596	0.242587843139989	"CTGF"	1
"M6"	"Adherens junctions interactions"	"Adherens junctions interactions"	"1/52"	"30/7644"	0.185490948352163	0.34662449944596	0.242587843139989	"CDH11"	1
"M6"	"Lipoprotein metabolism"	"Lipoprotein metabolism"	"1/52"	"30/7644"	0.185490948352163	0.34662449944596	0.242587843139989	"PLTP"	1
"M6"	"Tight junction interactions"	"Tight junction interactions"	"1/52"	"30/7644"	0.185490948352163	0.34662449944596	0.242587843139989	"CLDN1"	1
"M6"	"Activation of Matrix Metalloproteinases"	"Activation of Matrix Metalloproteinases"	"1/52"	"32/7644"	0.196579102531071	0.353078970565515	0.247105054791228	"TIMP1"	1
"M6"	"Signaling by NOTCH2"	"Signaling by NOTCH2"	"1/52"	"32/7644"	0.196579102531071	0.353078970565515	0.247105054791228	"MDK"	1
"M6"	"Sphingolipid de novo biosynthesis"	"Sphingolipid de novo biosynthesis"	"1/52"	"32/7644"	0.196579102531071	0.353078970565515	0.247105054791228	"SPHK1"	1
"M6"	"VEGFR2 mediated cell proliferation"	"VEGFR2 mediated cell proliferation"	"1/52"	"32/7644"	0.196579102531071	0.353078970565515	0.247105054791228	"SPHK1"	1
"M6"	"NCAM1 interactions"	"NCAM1 interactions"	"1/52"	"37/7644"	0.223655863342368	0.394060330650839	0.275786177354499	"COL6A3"	1
"M6"	"Platelet Aggregation (Plug Formation)"	"Platelet Aggregation (Plug Formation)"	"1/52"	"37/7644"	0.223655863342368	0.394060330650839	0.275786177354499	"FN1"	1
"M6"	"Collagen degradation"	"Collagen degradation"	"1/52"	"38/7644"	0.228962803674457	0.399604893205419	0.279666582442484	"COL15A1"	1
"M6"	"Glucose transport"	"Glucose transport"	"1/52"	"40/7644"	0.239470165482026	0.414037202001633	0.289767145639834	"HK2"	1
"M6"	"Transcriptional activity of SMAD2/SMAD3:SMAD4 heterotrimer"	"Transcriptional activity of SMAD2/SMAD3:SMAD4 heterotrimer"	"1/52"	"41/7644"	0.244671053356162	0.419112452508241	0.293319099052709	"SERPINE1"	1
"M6"	"Hemostasis"	"Hemostasis"	"5/52"	"497/7644"	0.247842615470756	0.420650310661376	0.294395381003409	"FN1/THBS1/TIMP1/SLC16A3/SERPINE1"	5
"M6"	"Pyruvate metabolism and Citric Acid (TCA) cycle"	"Pyruvate metabolism and Citric Acid (TCA) cycle"	"1/52"	"43/7644"	0.254968397791915	0.428810487195493	0.300106343812493	"SLC16A3"	1
"M6"	"Hexose transport"	"Hexose transport"	"1/52"	"46/7644"	0.270156755914845	0.450261259858076	0.315118833357288	"HK2"	1
"M6"	"Chaperonin-mediated protein folding"	"Chaperonin-mediated protein folding"	"1/52"	"48/7644"	0.280113181281445	0.462686951223816	0.32381504978964	"SPHK1"	1
"M6"	"Muscle contraction"	"Muscle contraction"	"1/52"	"49/7644"	0.285041316428017	0.466660562293657	0.326596012302246	"ACTG2"	1
"M6"	"Lipid digestion, mobilization, and transport"	"Lipid digestion, mobilization, and transport"	"1/52"	"50/7644"	0.289936359422849	0.470510758712518	0.329290602114593	"PLTP"	1
"M6"	"Protein folding"	"Protein folding"	"1/52"	"54/7644"	0.309189946517746	0.497392522658982	0.348104013013114	"SPHK1"	1
"M6"	"Biological oxidations"	"Biological oxidations"	"2/52"	"174/7644"	0.332421586364689	0.504379932809764	0.352994206176962	"NNMT/ADH1B"	2
"M6"	"Semaphorin interactions"	"Semaphorin interactions"	"1/52"	"67/7644"	0.368294772231433	0.504379932809764	0.352994206176962	"SEMA7A"	1
"M6"	"Loss of Function of SMAD2/3 in Cancer"	"Loss of Function of SMAD2/3 in Cancer"	"1/52"	"70/7644"	0.381213352749976	0.504379932809764	0.352994206176962	"SERPINE1"	1
"M6"	"Loss of Function of SMAD4 in Cancer"	"Loss of Function of SMAD4 in Cancer"	"1/52"	"70/7644"	0.381213352749976	0.504379932809764	0.352994206176962	"SERPINE1"	1
"M6"	"Loss of Function of TGFBR1 in Cancer"	"Loss of Function of TGFBR1 in Cancer"	"1/52"	"70/7644"	0.381213352749976	0.504379932809764	0.352994206176962	"SERPINE1"	1
"M6"	"Loss of Function of TGFBR2 in Cancer"	"Loss of Function of TGFBR2 in Cancer"	"1/52"	"70/7644"	0.381213352749976	0.504379932809764	0.352994206176962	"SERPINE1"	1
"M6"	"NCAM signaling for neurite out-growth"	"NCAM signaling for neurite out-growth"	"1/52"	"70/7644"	0.381213352749976	0.504379932809764	0.352994206176962	"COL6A3"	1
"M6"	"Signaling by TGF-beta Receptor Complex"	"Signaling by TGF-beta Receptor Complex"	"1/52"	"70/7644"	0.381213352749976	0.504379932809764	0.352994206176962	"SERPINE1"	1
"M6"	"Signaling by TGF-beta Receptor Complex in Cancer"	"Signaling by TGF-beta Receptor Complex in Cancer"	"1/52"	"70/7644"	0.381213352749976	0.504379932809764	0.352994206176962	"SERPINE1"	1
"M6"	"SMAD2/3 MH2 Domain Mutants in Cancer"	"SMAD2/3 MH2 Domain Mutants in Cancer"	"1/52"	"70/7644"	0.381213352749976	0.504379932809764	0.352994206176962	"SERPINE1"	1
"M6"	"SMAD2/3 Phosphorylation Motif Mutants in Cancer"	"SMAD2/3 Phosphorylation Motif Mutants in Cancer"	"1/52"	"70/7644"	0.381213352749976	0.504379932809764	0.352994206176962	"SERPINE1"	1
"M6"	"SMAD4 MH2 Domain Mutants in Cancer"	"SMAD4 MH2 Domain Mutants in Cancer"	"1/52"	"70/7644"	0.381213352749976	0.504379932809764	0.352994206176962	"SERPINE1"	1
"M6"	"TGFBR1 KD Mutants in Cancer"	"TGFBR1 KD Mutants in Cancer"	"1/52"	"70/7644"	0.381213352749976	0.504379932809764	0.352994206176962	"SERPINE1"	1
"M6"	"TGFBR1 LBD Mutants in Cancer"	"TGFBR1 LBD Mutants in Cancer"	"1/52"	"70/7644"	0.381213352749976	0.504379932809764	0.352994206176962	"SERPINE1"	1
"M6"	"TGFBR2 Kinase Domain Mutants in Cancer"	"TGFBR2 Kinase Domain Mutants in Cancer"	"1/52"	"70/7644"	0.381213352749976	0.504379932809764	0.352994206176962	"SERPINE1"	1
"M6"	"TGFBR2 MSI Frameshift Mutants in Cancer"	"TGFBR2 MSI Frameshift Mutants in Cancer"	"1/52"	"70/7644"	0.381213352749976	0.504379932809764	0.352994206176962	"SERPINE1"	1
"M6"	"Sphingolipid metabolism"	"Sphingolipid metabolism"	"1/52"	"71/7644"	0.385461689910922	0.504379932809764	0.352994206176962	"SPHK1"	1
"M6"	"Defective CYP11A1 causes Adrenal insufficiency, congenital, with 46,XY sex reversal (AICSR)"	"Defective CYP11A1 causes Adrenal insufficiency, congenital, with 46,XY sex reversal (AICSR)"	"1/52"	"78/7644"	0.414409458308563	0.504379932809764	0.352994206176962	"ADH1B"	1
"M6"	"Defective CYP11B1 causes Adrenal hyperplasia 4 (AH4)"	"Defective CYP11B1 causes Adrenal hyperplasia 4 (AH4)"	"1/52"	"78/7644"	0.414409458308563	0.504379932809764	0.352994206176962	"ADH1B"	1
"M6"	"Defective CYP11B2 causes Corticosterone methyloxidase 1 deficiency (CMO-1 deficiency)"	"Defective CYP11B2 causes Corticosterone methyloxidase 1 deficiency (CMO-1 deficiency)"	"1/52"	"78/7644"	0.414409458308563	0.504379932809764	0.352994206176962	"ADH1B"	1
"M6"	"Defective CYP17A1 causes Adrenal hyperplasia 5 (AH5)"	"Defective CYP17A1 causes Adrenal hyperplasia 5 (AH5)"	"1/52"	"78/7644"	0.414409458308563	0.504379932809764	0.352994206176962	"ADH1B"	1
"M6"	"Defective CYP19A1 causes Aromatase excess syndrome (AEXS)"	"Defective CYP19A1 causes Aromatase excess syndrome (AEXS)"	"1/52"	"78/7644"	0.414409458308563	0.504379932809764	0.352994206176962	"ADH1B"	1
"M6"	"Defective CYP1B1 causes Glaucoma"	"Defective CYP1B1 causes Glaucoma"	"1/52"	"78/7644"	0.414409458308563	0.504379932809764	0.352994206176962	"ADH1B"	1
"M6"	"Defective CYP21A2 causes Adrenal hyperplasia 3 (AH3)"	"Defective CYP21A2 causes Adrenal hyperplasia 3 (AH3)"	"1/52"	"78/7644"	0.414409458308563	0.504379932809764	0.352994206176962	"ADH1B"	1
"M6"	"Defective CYP24A1 causes Hypercalcemia, infantile (HCAI)"	"Defective CYP24A1 causes Hypercalcemia, infantile (HCAI)"	"1/52"	"78/7644"	0.414409458308563	0.504379932809764	0.352994206176962	"ADH1B"	1
"M6"	"Defective CYP26B1 causes Radiohumeral fusions with other skeletal and craniofacial anomalies (RHFCA)"	"Defective CYP26B1 causes Radiohumeral fusions with other skeletal and craniofacial anomalies (RHFCA)"	"1/52"	"78/7644"	0.414409458308563	0.504379932809764	0.352994206176962	"ADH1B"	1
"M6"	"Defective CYP26C1 causes Focal facial dermal dysplasia 4 (FFDD4)"	"Defective CYP26C1 causes Focal facial dermal dysplasia 4 (FFDD4)"	"1/52"	"78/7644"	0.414409458308563	0.504379932809764	0.352994206176962	"ADH1B"	1
"M6"	"Defective CYP27A1 causes Cerebrotendinous xanthomatosis (CTX)"	"Defective CYP27A1 causes Cerebrotendinous xanthomatosis (CTX)"	"1/52"	"78/7644"	0.414409458308563	0.504379932809764	0.352994206176962	"ADH1B"	1
"M6"	"Defective CYP27B1 causes Rickets vitamin D-dependent 1A (VDDR1A)"	"Defective CYP27B1 causes Rickets vitamin D-dependent 1A (VDDR1A)"	"1/52"	"78/7644"	0.414409458308563	0.504379932809764	0.352994206176962	"ADH1B"	1
"M6"	"Defective CYP2R1 causes Rickets vitamin D-dependent 1B (VDDR1B)"	"Defective CYP2R1 causes Rickets vitamin D-dependent 1B (VDDR1B)"	"1/52"	"78/7644"	0.414409458308563	0.504379932809764	0.352994206176962	"ADH1B"	1
"M6"	"Defective CYP2U1 causes Spastic paraplegia 56, autosomal recessive (SPG56)"	"Defective CYP2U1 causes Spastic paraplegia 56, autosomal recessive (SPG56)"	"1/52"	"78/7644"	0.414409458308563	0.504379932809764	0.352994206176962	"ADH1B"	1
"M6"	"Defective CYP4F22 causes Ichthyosis, congenital, autosomal recessive 5 (ARCI5)"	"Defective CYP4F22 causes Ichthyosis, congenital, autosomal recessive 5 (ARCI5)"	"1/52"	"78/7644"	0.414409458308563	0.504379932809764	0.352994206176962	"ADH1B"	1
"M6"	"Defective CYP7B1 causes Spastic paraplegia 5A, autosomal recessive (SPG5A) and Congenital bile acid synthesis defect 3 (CBAS3)"	"Defective CYP7B1 causes Spastic paraplegia 5A, autosomal recessive (SPG5A) and Congenital bile acid synthesis defect 3 (CBAS3)"	"1/52"	"78/7644"	0.414409458308563	0.504379932809764	0.352994206176962	"ADH1B"	1
"M6"	"Defective FMO3 causes Trimethylaminuria (TMAU)"	"Defective FMO3 causes Trimethylaminuria (TMAU)"	"1/52"	"78/7644"	0.414409458308563	0.504379932809764	0.352994206176962	"ADH1B"	1
"M6"	"Defective MAOA causes Brunner syndrome (BRUNS)"	"Defective MAOA causes Brunner syndrome (BRUNS)"	"1/52"	"78/7644"	0.414409458308563	0.504379932809764	0.352994206176962	"ADH1B"	1
"M6"	"Defective TBXAS1 causes Ghosal hematodiaphyseal dysplasia (GHDD)"	"Defective TBXAS1 causes Ghosal hematodiaphyseal dysplasia (GHDD)"	"1/52"	"78/7644"	0.414409458308563	0.504379932809764	0.352994206176962	"ADH1B"	1
"M6"	"Phase 1 - Functionalization of compounds"	"Phase 1 - Functionalization of compounds"	"1/52"	"78/7644"	0.414409458308563	0.504379932809764	0.352994206176962	"ADH1B"	1
"M6"	"Defective AHCY causes Hypermethioninemia with S-adenosylhomocysteine hydrolase deficiency (HMAHCHD)"	"Defective AHCY causes Hypermethioninemia with S-adenosylhomocysteine hydrolase deficiency (HMAHCHD)"	"1/52"	"89/7644"	0.457217825444003	0.518928206792274	0.36317592850896	"NNMT"	1
"M6"	"Defective GCLC causes Hemolytic anemia due to gamma-glutamylcysteine synthetase deficiency (HAGGSD)"	"Defective GCLC causes Hemolytic anemia due to gamma-glutamylcysteine synthetase deficiency (HAGGSD)"	"1/52"	"89/7644"	0.457217825444003	0.518928206792274	0.36317592850896	"NNMT"	1
"M6"	"Defective GGT1 causes Glutathionuria (GLUTH)"	"Defective GGT1 causes Glutathionuria (GLUTH)"	"1/52"	"89/7644"	0.457217825444003	0.518928206792274	0.36317592850896	"NNMT"	1
"M6"	"Defective GSS causes Glutathione synthetase deficiency (GSS deficiency)"	"Defective GSS causes Glutathione synthetase deficiency (GSS deficiency)"	"1/52"	"89/7644"	0.457217825444003	0.518928206792274	0.36317592850896	"NNMT"	1
"M6"	"Defective MAT1A causes Methionine adenosyltransferase deficiency (MATD)"	"Defective MAT1A causes Methionine adenosyltransferase deficiency (MATD)"	"1/52"	"89/7644"	0.457217825444003	0.518928206792274	0.36317592850896	"NNMT"	1
"M6"	"Defective OPLAH causes 5-oxoprolinase deficiency (OPLAHD)"	"Defective OPLAH causes 5-oxoprolinase deficiency (OPLAHD)"	"1/52"	"89/7644"	0.457217825444003	0.518928206792274	0.36317592850896	"NNMT"	1
"M6"	"Defective SLC35D1 causes Schneckenbecken dysplasia (SCHBCKD)"	"Defective SLC35D1 causes Schneckenbecken dysplasia (SCHBCKD)"	"1/52"	"89/7644"	0.457217825444003	0.518928206792274	0.36317592850896	"NNMT"	1
"M6"	"Defective TPMT causes Thiopurine S-methyltransferase deficiency (TPMT deficiency)"	"Defective TPMT causes Thiopurine S-methyltransferase deficiency (TPMT deficiency)"	"1/52"	"89/7644"	0.457217825444003	0.518928206792274	0.36317592850896	"NNMT"	1
"M6"	"Defective UGT1A1 causes hyperbilirubinemia"	"Defective UGT1A1 causes hyperbilirubinemia"	"1/52"	"89/7644"	0.457217825444003	0.518928206792274	0.36317592850896	"NNMT"	1
"M6"	"Defective UGT1A4 causes hyperbilirubinemia"	"Defective UGT1A4 causes hyperbilirubinemia"	"1/52"	"89/7644"	0.457217825444003	0.518928206792274	0.36317592850896	"NNMT"	1
"M6"	"Phase II conjugation"	"Phase II conjugation"	"1/52"	"89/7644"	0.457217825444003	0.518928206792274	0.36317592850896	"NNMT"	1
"M6"	"Transport of glucose and other sugars, bile salts and organic acids, metal ions and amine compounds"	"Transport of glucose and other sugars, bile salts and organic acids, metal ions and amine compounds"	"1/52"	"97/7644"	0.486408016641631	0.548691969992084	0.384006328927604	"SLC16A3"	1
"M6"	"VEGFA-VEGFR2 Pathway"	"VEGFA-VEGFR2 Pathway"	"1/52"	"105/7644"	0.514056981077353	0.576366918177638	0.403374855965004	"SPHK1"	1
"M6"	"SLC-mediated transmembrane transport"	"SLC-mediated transmembrane transport"	"2/52"	"259/7644"	0.530472957334547	0.591189741607778	0.413748723856368	"SLC16A3/HK2"	2
"M6"	"Signaling by VEGF"	"Signaling by VEGF"	"1/52"	"113/7644"	0.540244582161174	0.598474537124654	0.418847044474153	"SPHK1"	1
"M6"	"Signaling by NOTCH"	"Signaling by NOTCH"	"1/52"	"122/7644"	0.568053080418182	0.625534642127165	0.437785268743336	"MDK"	1
"M6"	"The citric acid (TCA) cycle and respiratory electron transport"	"The citric acid (TCA) cycle and respiratory electron transport"	"1/52"	"147/7644"	0.636929166949343	0.6972301531694	0.487961927964928	"SLC16A3"	1
"M6"	"Axon guidance"	"Axon guidance"	"2/52"	"327/7644"	0.658779124486402	0.716906694294026	0.501732707813173	"COL6A3/SEMA7A"	2
"M6"	"Signaling by EGFR"	"Signaling by EGFR"	"1/52"	"179/7644"	0.709557457737326	0.754366557349604	0.527949283379809	"ADAM12"	1
"M6"	"Signaling by Overexpressed Wild-Type EGFR in Cancer"	"Signaling by Overexpressed Wild-Type EGFR in Cancer"	"1/52"	"179/7644"	0.709557457737326	0.754366557349604	0.527949283379809	"ADAM12"	1
"M6"	"Signaling by EGFR in Cancer"	"Signaling by EGFR in Cancer"	"1/52"	"181/7644"	0.713589986682058	0.754366557349604	0.527949283379809	"ADAM12"	1
"M6"	"Signaling by EGFRvIII in Cancer"	"Signaling by EGFRvIII in Cancer"	"1/52"	"181/7644"	0.713589986682058	0.754366557349604	0.527949283379809	"ADAM12"	1
"M6"	"Signaling by Ligand-Responsive EGFR Variants in Cancer"	"Signaling by Ligand-Responsive EGFR Variants in Cancer"	"1/52"	"181/7644"	0.713589986682058	0.754366557349604	0.527949283379809	"ADAM12"	1
"M6"	"Metabolism of amino acids and derivatives"	"Metabolism of amino acids and derivatives"	"1/52"	"188/7644"	0.727276087066818	0.759816996299377	0.531763815333277	"BCAT1"	1
"M6"	"G alpha (q) signalling events"	"G alpha (q) signalling events"	"1/52"	"189/7644"	0.72917813152397	0.759816996299377	0.531763815333277	"AGT"	1
"M6"	"Peptide ligand-binding receptors"	"Peptide ligand-binding receptors"	"1/52"	"190/7644"	0.731067164006968	0.759816996299377	0.531763815333277	"AGT"	1
"M6"	"Gastrin-CREB signalling pathway via PKC and MAPK"	"Gastrin-CREB signalling pathway via PKC and MAPK"	"1/52"	"217/7644"	0.777458241478916	0.803518294265919	0.562348507509007	"AGT"	1
"M6"	"G alpha (i) signalling events"	"G alpha (i) signalling events"	"1/52"	"236/7644"	0.805300736522463	0.827670201425865	0.579251406972298	"AGT"	1
"M6"	"Class I MHC mediated antigen processing & presentation"	"Class I MHC mediated antigen processing & presentation"	"1/52"	"255/7644"	0.829718481470306	0.848054801502799	0.593517727367535	"ERAP2"	1
"M6"	"Generic Transcription Pathway"	"Generic Transcription Pathway"	"2/52"	"483/7644"	0.849620902019183	0.863625642162356	0.604415100915902	"CTGF/SERPINE1"	2
"M6"	"Class A/1 (Rhodopsin-like receptors)"	"Class A/1 (Rhodopsin-like receptors)"	"1/52"	"314/7644"	0.887930026011	0.897634179300738	0.62821623928302	"AGT"	1
"M6"	"Defective ACTH causes Obesity and Pro-opiomelanocortinin deficiency (POMCD)"	"Defective ACTH causes Obesity and Pro-opiomelanocortinin deficiency (POMCD)"	"1/52"	"441/7644"	0.954981774485604	0.954981774485604	0.668351398359769	"AGT"	1
"M6"	"GPCR ligand binding"	"GPCR ligand binding"	"1/52"	"441/7644"	0.954981774485604	0.954981774485604	0.668351398359769	"AGT"	1
