"Module"	"Gene1"	"Gene2"
"M1"	"BioGrid"	"MAPK15"
"M1"	"BioGrid"	"LRRK2"
"M1"	"BioGrid"	"CD247"
"M1"	"BioGrid"	"BEX2"
"M1"	"BioGrid"	"SPATC1L"
"M1"	"BioGrid"	"UBD"
"M1"	"BioGrid"	"VCAM1"
"M1"	"BioGrid"	"ESR1"
"M1"	"BioGrid"	"TYROBP"
"M1"	"BioGrid"	"SYNE4"
"M1"	"BioGrid"	"BTK"
"M1"	"BioGrid"	"SPN"
"M1"	"BioGrid"	"ICAM1"
"M1"	"BioGrid"	"CKB"
"M1"	"BioGrid"	"HSPA6"
"M1"	"BioGrid"	"EEF1A2"
"M1"	"BioGrid"	"SPP1"
"M1"	"BioGrid"	"LTF"
"M1"	"BioGrid"	"WNK2"
"M1"	"BioGrid"	"AIM2"
"M1"	"BioGrid"	"IL7R"
"M1"	"BioGrid"	"IRF8"
"M1"	"BioGrid"	"ANXA3"
"M1"	"BioGrid"	"HCLS1"
"M1"	"BioGrid"	"ITGAL"
"M1"	"BioGrid"	"C3"
"M1"	"BioGrid"	"SERPING1"
"M1"	"BioGrid"	"CAV1"
"M1"	"BioGrid"	"BCL2A1"
"M1"	"BioGrid"	"EPB41L3"
"M1"	"BioGrid"	"LY86"
"M1"	"BioGrid"	"CD14"
"M1"	"BioGrid"	"SPI1"
"M1"	"BioGrid"	"BIRC3"
"M1"	"BioGrid"	"IRF4"
"M1"	"BioGrid"	"MMP9"
"M1"	"BioGrid"	"BMP7"
"M1"	"BioGrid"	"GZMB"
"M1"	"BioGrid"	"ALOX5AP"
"M1"	"BioGrid"	"TNFSF10"
"M1"	"BioGrid"	"IL2RG"
"M1"	"BioGrid"	"SCN5A"
"M1"	"BioGrid"	"IKZF1"
"M1"	"BioGrid"	"MNDA"
"M1"	"BioGrid"	"HDAC9"
"M1"	"BioGrid"	"PRKCB"
"M1"	"BioGrid"	"CD3E"
"M1"	"BioGrid"	"HCK"
"M1"	"BioGrid"	"KIT"
"M1"	"BioGrid"	"CCR5"
"M1"	"BioGrid"	"CD27"
"M1"	"BioGrid"	"MAPT"
"M1"	"BioGrid"	"CD6"
"M1"	"BioGrid"	"EFNB3"
"M1"	"BioGrid"	"CXCL13"
"M1"	"BioGrid"	"CCL3"
"M1"	"BioGrid"	"CCL4"
"M1"	"BioGrid"	"SELL"
"M1"	"BioGrid"	"DPP4"
"M1"	"BioGrid"	"TGM2"
"M1"	"BioGrid"	"DKK1"
"M1"	"BioGrid"	"SALL4"
"M1"	"BioGrid"	"IL2RB"
"M1"	"BioGrid"	"IDO1"
"M1"	"BioGrid"	"TFR2"
"M1"	"BioGrid"	"FBXO2"
"M1"	"BioGrid"	"PODXL2"
"M1"	"BioGrid"	"ARNT2"
"M1"	"BioGrid"	"CIITA"
"M1"	"BioGrid"	"MMP1"
"M1"	"BioGrid"	"CD84"
"M1"	"BioGrid"	"IFIT3"
"M1"	"BioGrid"	"APOE"
"M1"	"BioGrid"	"IFIT2"
"M1"	"BioGrid"	"IFIT1"
"M1"	"BioGrid"	"MAST1"
"M1"	"BioGrid"	"RGS1"
"M1"	"BioGrid"	"CSF2RA"
"M1"	"BioGrid"	"CSF2RB"
"M1"	"BioGrid"	"HERC5"
"M1"	"BioGrid"	"NRXN3"
"M1"	"BioGrid"	"TFEC"
"M1"	"BioGrid"	"IL2RA"
"M1"	"BioGrid"	"ANGPTL4"
"M1"	"BioGrid"	"CBX2"
"M1"	"BioGrid"	"PPFIA4"
"M1"	"BioGrid"	"SASH3"
"M1"	"BioGrid"	"CXCL8"
"M1"	"BioGrid"	"PTPRC"
"M1"	"BioGrid"	"IL32"
"M1"	"BioGrid"	"P2RY6"
"M1"	"BioGrid"	"DOCK2"
"M1"	"BioGrid"	"ASB2"
"M1"	"BioGrid"	"ARHGAP9"
"M1"	"BioGrid"	"FPR1"
"M1"	"BioGrid"	"IL6"
"M1"	"BioGrid"	"KYNU"
"M1"	"BioGrid"	"CSF1R"
"M1"	"BioGrid"	"FCGR2B"
"M1"	"BioGrid"	"LCP1"
"M1"	"BioGrid"	"ENTPD2"
"M1"	"BioGrid"	"DOK2"
"M1"	"BioGrid"	"CYTIP"
"M1"	"BioGrid"	"ITK"
"M1"	"BioGrid"	"POU2AF1"
"M1"	"BioGrid"	"MSLN"
"M1"	"BioGrid"	"FYB1"
"M1"	"BioGrid"	"CASP1"
"M1"	"BioGrid"	"FOXJ1"
"M1"	"BioGrid"	"ZAP70"
"M1"	"BioGrid"	"LTB"
"M1"	"BioGrid"	"CD8A"
"M1"	"BioGrid"	"FCGR1A"
"M1"	"BioGrid"	"FCGR2A"
"M1"	"BioGrid"	"SLA"
"M1"	"BioGrid"	"SYT7"
"M1"	"BioGrid"	"CD2"
"M1"	"BioGrid"	"PTPN22"
"M1"	"BioGrid"	"HLA-DQA1"
"M1"	"BioGrid"	"NT5E"
"M1"	"BioGrid"	"C1QA"
"M1"	"BioGrid"	"SRGN"
"M1"	"BioGrid"	"CD79B"
"M1"	"BioGrid"	"RARRES3"
"M1"	"BioGrid"	"ALDH2"
"M1"	"BioGrid"	"NGEF"
"M1"	"BioGrid"	"CCR1"
"M1"	"BioGrid"	"ADTRP"
"M1"	"BioGrid"	"CLEC7A"
"M1"	"BioGrid"	"NDUFA4L2"
"M1"	"BioGrid"	"TDO2"
"M1"	"BioGrid"	"ALDH1A1"
"M1"	"BioGrid"	"MEST"
"M1"	"BioGrid"	"SRCIN1"
"M1"	"BioGrid"	"HIC2"
"M1"	"BioGrid"	"CYBB"
"M1"	"BioGrid"	"CSF3R"
"M1"	"BioGrid"	"OSMR"
"M1"	"BioGrid"	"RPS6KA6"
"M1"	"BioGrid"	"CD5"
"M1"	"BioGrid"	"SLAMF7"
"M1"	"BioGrid"	"CXCL2"
"M1"	"BioGrid"	"HK3"
"M1"	"BioGrid"	"SERPINA1"
"M1"	"BioGrid"	"GZMA"
"M1"	"BioGrid"	"BATF2"
"M1"	"BioGrid"	"SELPLG"
"M1"	"BioGrid"	"TRIM9"
"M1"	"BioGrid"	"HLA-DMB"
"M1"	"BioGrid"	"HLA-DRB5"
"M1"	"BioGrid"	"TPPP"
"M1"	"BioGrid"	"SEMA6A"
"M1"	"BioGrid"	"ITGB2"
"M1"	"BioGrid"	"PAX8"
"M1"	"BioGrid"	"LAPTM5"
"M1"	"BioGrid"	"MSR1"
"M1"	"BioGrid"	"EDA"
"M1"	"BioGrid"	"CD48"
"M1"	"BioGrid"	"CCL5"
"M1"	"BioGrid"	"FAM50B"
"M1"	"BioGrid"	"IL24"
"M1"	"BioGrid"	"F13A1"
"M1"	"BioGrid"	"GRIN2D"
"M1"	"BioGrid"	"EREG"
"M1"	"BioGrid"	"PLAU"
"M1"	"BioGrid"	"MMP7"
"M1"	"BioGrid"	"MMP12"
"M1"	"BioGrid"	"CFB"
"M1"	"BioGrid"	"MT2A"
"M1"	"BioGrid"	"IL1B"
"M1"	"BioGrid"	"CFI"
"M1"	"BioGrid"	"CFH"
"M1"	"BioGrid"	"ITGAM"
"M1"	"BioGrid"	"VSIG4"
"M1"	"BioGrid"	"C4A"
"M1"	"BioGrid"	"GSTM3"
"M1"	"BioGrid"	"HLA-DQA2"
"M1"	"BioGrid"	"GPC3"
"M1"	"BioGrid"	"IL1R2"
"M1"	"BioGrid"	"CD79A"
"M1"	"BioGrid"	"CD3D"
"M1"	"BioGrid"	"HLA-G"
"M1"	"BioGrid"	"HLA-DRB1"
"M1"	"BioGrid"	"CXCL1"
"M1"	"BioGrid"	"KLRD1"
"M1"	"BioGrid"	"LILRB1"
"M1"	"BioGrid"	"HLA-DRA"
"M1"	"BioGrid"	"CD74"
"M1"	"BioGrid"	"CCL22"
"M1"	"BioGrid"	"FCGR3A"
"M1"	"BioGrid"	"C1QB"
"M1"	"BioGrid"	"MYO1G"
"M1"	"BioGrid"	"BST2"
"M1"	"BioGrid"	"IGFBP2"
"M1"	"BioGrid"	"CP"
"M1"	"BioGrid"	"CEL"
"M1"	"BioGrid"	"PSMB9"
"M1"	"BioGrid"	"CCL2"
"M1"	"BioGrid"	"SEZ6L2"
"M1"	"BioGrid"	"HLA-DPA1"
"M1"	"BioGrid"	"S100B"
"M1"	"BioGrid"	"TYMP"
"M1"	"BioGrid"	"GBP1"
"M1"	"BioGrid"	"CCL18"
"M1"	"BioGrid"	"IFI16"
"M1"	"BioGrid"	"MAP9"
"M1"	"BioGrid"	"ENPP2"
"M1"	"BioGrid"	"NCF2"
"M1"	"BioGrid"	"ANPEP"
"M1"	"BioGrid"	"SLCO2B1"
"M1"	"BioGrid"	"IFI6"
"M1"	"BioGrid"	"OSM"
"M1"	"BioGrid"	"AREG"
"M1"	"BioGrid"	"GNLY"
"M1"	"BioGrid"	"EVI2A"
"M1"	"BioGrid"	"OAS2"
"M1"	"BioGrid"	"PTPN7"
"M1"	"BioGrid"	"FGF12"
"M1"	"BioGrid"	"MPV17L"
"M1"	"BioGrid"	"PLA1A"
"M1"	"BioGrid"	"XAF1"
"M1"	"BioGrid"	"LAIR1"
"M1"	"BioGrid"	"VASH2"
"M1"	"BioGrid"	"HAVCR2"
"M1"	"BioGrid"	"CLEC2B"
"M1"	"BioGrid"	"RAB7B"
"M1"	"BioGrid"	"SUSD3"
"M1"	"BioGrid"	"AIFM3"
"M1"	"BioGrid"	"RASL11B"
"M1"	"BioGrid"	"TNFSF13B"
"M1"	"BioGrid"	"CD53"
"M1"	"BioGrid"	"EDN1"
"M1"	"BioGrid"	"CD38"
"M1"	"BioGrid"	"RUNX3"
"M1"	"BioGrid"	"CD209"
"M1"	"BioGrid"	"CD7"
"M1"	"BioGrid"	"FBXO27"
"M1"	"BioGrid"	"GSTM2"
"M1"	"BioGrid"	"SECTM1"
"M1"	"BioGrid"	"HLA-DOA"
"M1"	"BioGrid"	"HLA-DOB"
"M1"	"BioGrid"	"MRC1"
"M1"	"BioGrid"	"IL10RA"
"M1"	"BioGrid"	"PRF1"
"M1"	"BioGrid"	"CCL20"
"M1"	"BioGrid"	"CXCL11"
"M1"	"BioGrid"	"IL12RB1"
"M1"	"BioGrid"	"CXCL9"
"M1"	"BioGrid"	"IFI27"
"M1"	"BioGrid"	"MEX3A"
"M1"	"BioGrid"	"LIFR"
"M1"	"BioGrid"	"TNNI1"
"M1"	"BioGrid"	"TIGIT"
"M1"	"BioGrid"	"RRAD"
"M1"	"BioGrid"	"DLX5"
"M1"	"BioGrid"	"GABRA3"
"M1"	"BioGrid"	"POU3F1"
"M1"	"BioGrid"	"NEB"
"M1"	"BioGrid"	"KRT86"
"M1"	"BioGrid"	"TMPRSS3"
"M1"	"BioGrid"	"HCST"
"M1"	"BioGrid"	"LILRB4"
"M1"	"BioGrid"	"RHOH"
"M1"	"BioGrid"	"SEPT3"
"M1"	"BioGrid"	"CD274"
"M1"	"BioGrid"	"EPHX2"
"M1"	"BioGrid"	"MS4A7"
"M1"	"BioGrid"	"CYP3A5"
"M1"	"BioGrid"	"SNX20"
"M1"	"BioGrid"	"MPPED2"
"M1"	"BioGrid"	"CX3CL1"
"M1"	"BioGrid"	"HLA-DPB1"
"M1"	"BioGrid"	"PPP1R1B"
"M1"	"BioGrid"	"G0S2"
"M1"	"BioGrid"	"CHDH"
"M1"	"BioGrid"	"CD163"
"M1"	"BioGrid"	"DPYD"
"M1"	"BioGrid"	"NLGN4X"
"M1"	"BioGrid"	"CD69"
"M1"	"BioGrid"	"FKBP1B"
"M1"	"BioGrid"	"TNFRSF18"
"M1"	"BioGrid"	"GPR183"
"M1"	"BioGrid"	"CYTH4"
"M1"	"BioGrid"	"NKG7"
"M1"	"BioGrid"	"OASL"
"M1"	"BioGrid"	"SLC41A2"
"M1"	"BioGrid"	"CRTAC1"
"M1"	"BioGrid"	"TSPYL5"
"M1"	"BioGrid"	"AQP9"
"M1"	"BioGrid"	"NDRG4"
"M1"	"BioGrid"	"ABO"
"M1"	"BioGrid"	"GBP5"
"M1"	"BioGrid"	"CPNE8"
"M1"	"IntAct"	"MAPK15"
"M1"	"IntAct"	"LRRK2"
"M1"	"IntAct"	"CD247"
"M1"	"IntAct"	"BEX2"
"M1"	"IntAct"	"SPATC1L"
"M1"	"IntAct"	"UBD"
"M1"	"IntAct"	"VCAM1"
"M1"	"IntAct"	"ESR1"
"M1"	"IntAct"	"TYROBP"
"M1"	"IntAct"	"SYNE4"
"M1"	"IntAct"	"BTK"
"M1"	"IntAct"	"ICAM1"
"M1"	"IntAct"	"LYZ"
"M1"	"IntAct"	"CKB"
"M1"	"IntAct"	"HSPA6"
"M1"	"IntAct"	"EEF1A2"
"M1"	"IntAct"	"SPP1"
"M1"	"IntAct"	"LTF"
"M1"	"IntAct"	"WNK2"
"M1"	"IntAct"	"AIM2"
"M1"	"IntAct"	"IL7R"
"M1"	"IntAct"	"IRF8"
"M1"	"IntAct"	"ANXA3"
"M1"	"IntAct"	"HCLS1"
"M1"	"IntAct"	"ITGAL"
"M1"	"IntAct"	"C3"
"M1"	"IntAct"	"SERPING1"
"M1"	"IntAct"	"CAV1"
"M1"	"IntAct"	"BCL2A1"
"M1"	"IntAct"	"EPB41L3"
"M1"	"IntAct"	"CD14"
"M1"	"IntAct"	"SPI1"
"M1"	"IntAct"	"BIRC3"
"M1"	"IntAct"	"IRF4"
"M1"	"IntAct"	"LY96"
"M1"	"IntAct"	"MMP9"
"M1"	"IntAct"	"BMP7"
"M1"	"IntAct"	"GZMB"
"M1"	"IntAct"	"ALOX5AP"
"M1"	"IntAct"	"TNFSF10"
"M1"	"IntAct"	"IL2RG"
"M1"	"IntAct"	"SCN5A"
"M1"	"IntAct"	"CD37"
"M1"	"IntAct"	"IKZF1"
"M1"	"IntAct"	"MNDA"
"M1"	"IntAct"	"HDAC9"
"M1"	"IntAct"	"PRKCB"
"M1"	"IntAct"	"CD3E"
"M1"	"IntAct"	"HCK"
"M1"	"IntAct"	"KIT"
"M1"	"IntAct"	"CCR5"
"M1"	"IntAct"	"MAPT"
"M1"	"IntAct"	"NELL2"
"M1"	"IntAct"	"CD6"
"M1"	"IntAct"	"EFNB3"
"M1"	"IntAct"	"CCL3"
"M1"	"IntAct"	"CCL4"
"M1"	"IntAct"	"DPP4"
"M1"	"IntAct"	"TGM2"
"M1"	"IntAct"	"DKK1"
"M1"	"IntAct"	"IL2RB"
"M1"	"IntAct"	"IDO1"
"M1"	"IntAct"	"TFR2"
"M1"	"IntAct"	"ARNT2"
"M1"	"IntAct"	"CIITA"
"M1"	"IntAct"	"MMP1"
"M1"	"IntAct"	"IFIT3"
"M1"	"IntAct"	"APOE"
"M1"	"IntAct"	"IFIT2"
"M1"	"IntAct"	"IFIT1"
"M1"	"IntAct"	"MAST1"
"M1"	"IntAct"	"RGS1"
"M1"	"IntAct"	"CSF2RA"
"M1"	"IntAct"	"CSF2RB"
"M1"	"IntAct"	"HERC5"
"M1"	"IntAct"	"TFEC"
"M1"	"IntAct"	"IL2RA"
"M1"	"IntAct"	"ANGPTL4"
"M1"	"IntAct"	"CBX2"
"M1"	"IntAct"	"PPFIA4"
"M1"	"IntAct"	"CXCL8"
"M1"	"IntAct"	"PTPRC"
"M1"	"IntAct"	"IL32"
"M1"	"IntAct"	"P2RY6"
"M1"	"IntAct"	"DOCK2"
"M1"	"IntAct"	"ASB2"
"M1"	"IntAct"	"ARHGAP9"
"M1"	"IntAct"	"FPR1"
"M1"	"IntAct"	"IL6"
"M1"	"IntAct"	"FCGR2B"
"M1"	"IntAct"	"LCP1"
"M1"	"IntAct"	"DOK2"
"M1"	"IntAct"	"ITK"
"M1"	"IntAct"	"SLC1A3"
"M1"	"IntAct"	"POU2AF1"
"M1"	"IntAct"	"FYB1"
"M1"	"IntAct"	"CASP1"
"M1"	"IntAct"	"FOXJ1"
"M1"	"IntAct"	"ZAP70"
"M1"	"IntAct"	"LTB"
"M1"	"IntAct"	"CD8A"
"M1"	"IntAct"	"FCGR1A"
"M1"	"IntAct"	"FCGR2A"
"M1"	"IntAct"	"SLA"
"M1"	"IntAct"	"SYT7"
"M1"	"IntAct"	"CD2"
"M1"	"IntAct"	"PTPN22"
"M1"	"IntAct"	"HLA-DQA1"
"M1"	"IntAct"	"C1QA"
"M1"	"IntAct"	"SRGN"
"M1"	"IntAct"	"ALDH2"
"M1"	"IntAct"	"NGEF"
"M1"	"IntAct"	"CCR1"
"M1"	"IntAct"	"CTSW"
"M1"	"IntAct"	"ADTRP"
"M1"	"IntAct"	"CLEC7A"
"M1"	"IntAct"	"NDUFA4L2"
"M1"	"IntAct"	"TDO2"
"M1"	"IntAct"	"ALDH1A1"
"M1"	"IntAct"	"MEST"
"M1"	"IntAct"	"SRCIN1"
"M1"	"IntAct"	"HIC2"
"M1"	"IntAct"	"CYBB"
"M1"	"IntAct"	"FCER1G"
"M1"	"IntAct"	"CSF3R"
"M1"	"IntAct"	"OSMR"
"M1"	"IntAct"	"RPS6KA6"
"M1"	"IntAct"	"NCKAP1L"
"M1"	"IntAct"	"CD5"
"M1"	"IntAct"	"SLAMF7"
"M1"	"IntAct"	"CXCL2"
"M1"	"IntAct"	"HK3"
"M1"	"IntAct"	"SERPINA1"
"M1"	"IntAct"	"GZMA"
"M1"	"IntAct"	"BATF2"
"M1"	"IntAct"	"RASGRP1"
"M1"	"IntAct"	"SELPLG"
"M1"	"IntAct"	"TRIM9"
"M1"	"IntAct"	"HLA-DMB"
"M1"	"IntAct"	"TPPP"
"M1"	"IntAct"	"GCNT1"
"M1"	"IntAct"	"ITGB2"
"M1"	"IntAct"	"PAX8"
"M1"	"IntAct"	"LAPTM5"
"M1"	"IntAct"	"MSR1"
"M1"	"IntAct"	"EDA"
"M1"	"IntAct"	"CD48"
"M1"	"IntAct"	"ZNF334"
"M1"	"IntAct"	"LSP1"
"M1"	"IntAct"	"CCL5"
"M1"	"IntAct"	"FAM50B"
"M1"	"IntAct"	"SIGLEC10"
"M1"	"IntAct"	"PLEK"
"M1"	"IntAct"	"IFITM1"
"M1"	"IntAct"	"IL24"
"M1"	"IntAct"	"F13A1"
"M1"	"IntAct"	"GRIN2D"
"M1"	"IntAct"	"COL9A3"
"M1"	"IntAct"	"PLAU"
"M1"	"IntAct"	"MMP7"
"M1"	"IntAct"	"TFPI2"
"M1"	"IntAct"	"CFB"
"M1"	"IntAct"	"MT2A"
"M1"	"IntAct"	"IL1B"
"M1"	"IntAct"	"CFH"
"M1"	"IntAct"	"ITGAM"
"M1"	"IntAct"	"C4A"
"M1"	"IntAct"	"GSTM3"
"M1"	"IntAct"	"IL1R2"
"M1"	"IntAct"	"CD79A"
"M1"	"IntAct"	"CD3D"
"M1"	"IntAct"	"HLA-G"
"M1"	"IntAct"	"HLA-DRB1"
"M1"	"IntAct"	"CXCL1"
"M1"	"IntAct"	"LILRB1"
"M1"	"IntAct"	"HLA-DRA"
"M1"	"IntAct"	"CD74"
"M1"	"IntAct"	"CCL22"
"M1"	"IntAct"	"C1QB"
"M1"	"IntAct"	"C1QC"
"M1"	"IntAct"	"CXCL10"
"M1"	"IntAct"	"MYO1G"
"M1"	"IntAct"	"BST2"
"M1"	"IntAct"	"IGFBP2"
"M1"	"IntAct"	"CP"
"M1"	"IntAct"	"CEL"
"M1"	"IntAct"	"PSMB9"
"M1"	"IntAct"	"EPSTI1"
"M1"	"IntAct"	"SEZ6L2"
"M1"	"IntAct"	"S100B"
"M1"	"IntAct"	"MT1G"
"M1"	"IntAct"	"TYMP"
"M1"	"IntAct"	"GBP1"
"M1"	"IntAct"	"CCL18"
"M1"	"IntAct"	"IFI16"
"M1"	"IntAct"	"ENPP2"
"M1"	"IntAct"	"NCF2"
"M1"	"IntAct"	"ANPEP"
"M1"	"IntAct"	"OSM"
"M1"	"IntAct"	"AREG"
"M1"	"IntAct"	"EVI2A"
"M1"	"IntAct"	"OAS2"
"M1"	"IntAct"	"PTPN7"
"M1"	"IntAct"	"FGF12"
"M1"	"IntAct"	"LAIR1"
"M1"	"IntAct"	"RAB7B"
"M1"	"IntAct"	"RASL11B"
"M1"	"IntAct"	"CD53"
"M1"	"IntAct"	"RUNX3"
"M1"	"IntAct"	"CST7"
"M1"	"IntAct"	"CD7"
"M1"	"IntAct"	"FBXO27"
"M1"	"IntAct"	"SLC2A5"
"M1"	"IntAct"	"HLA-DOA"
"M1"	"IntAct"	"IL10RA"
"M1"	"IntAct"	"PRF1"
"M1"	"IntAct"	"CCL20"
"M1"	"IntAct"	"CXCL11"
"M1"	"IntAct"	"IL12RB1"
"M1"	"IntAct"	"CXCL9"
"M1"	"IntAct"	"IFI27"
"M1"	"IntAct"	"ID4"
"M1"	"IntAct"	"LIFR"
"M1"	"IntAct"	"TNNI1"
"M1"	"IntAct"	"TIGIT"
"M1"	"IntAct"	"RRAD"
"M1"	"IntAct"	"GABRA3"
"M1"	"IntAct"	"NEB"
"M1"	"IntAct"	"OLR1"
"M1"	"IntAct"	"KRT86"
"M1"	"IntAct"	"TMPRSS3"
"M1"	"IntAct"	"TMEM176A"
"M1"	"IntAct"	"PIK3AP1"
"M1"	"IntAct"	"RHOH"
"M1"	"IntAct"	"SEPT3"
"M1"	"IntAct"	"EPHX2"
"M1"	"IntAct"	"RCOR2"
"M1"	"IntAct"	"RNASE6"
"M1"	"IntAct"	"PLEKHG4"
"M1"	"IntAct"	"CYP3A5"
"M1"	"IntAct"	"SNX20"
"M1"	"IntAct"	"MPPED2"
"M1"	"IntAct"	"STOX1"
"M1"	"IntAct"	"HLA-DPB1"
"M1"	"IntAct"	"MZB1"
"M1"	"IntAct"	"CHDH"
"M1"	"IntAct"	"DPYD"
"M1"	"IntAct"	"RPL39L"
"M1"	"IntAct"	"CD69"
"M1"	"IntAct"	"FKBP1B"
"M1"	"IntAct"	"SP140"
"M1"	"IntAct"	"CPVL"
"M1"	"IntAct"	"SAMD9L"
"M1"	"IntAct"	"ZNF610"
"M1"	"IntAct"	"MPEG1"
"M1"	"IntAct"	"CYTH4"
"M1"	"IntAct"	"NKG7"
"M1"	"IntAct"	"OASL"
"M1"	"IntAct"	"KLHDC7B"
"M1"	"IntAct"	"TSPYL5"
"M1"	"IntAct"	"AQP9"
"M1"	"IntAct"	"ABO"
"M1"	"IntAct"	"GBP5"
"M1"	"IntAct"	"IGSF9"
"M1"	"IntAct"	"SLC16A9"
"M1"	"INNATEDB"	"VCAM1"
"M1"	"INNATEDB"	"ESR1"
"M1"	"INNATEDB"	"TYROBP"
"M1"	"INNATEDB"	"BTK"
"M1"	"INNATEDB"	"SPN"
"M1"	"INNATEDB"	"ICAM1"
"M1"	"INNATEDB"	"LYZ"
"M1"	"INNATEDB"	"LTF"
"M1"	"INNATEDB"	"AIM2"
"M1"	"INNATEDB"	"IL7R"
"M1"	"INNATEDB"	"IRF8"
"M1"	"INNATEDB"	"HCLS1"
"M1"	"INNATEDB"	"ITGAL"
"M1"	"INNATEDB"	"C3"
"M1"	"INNATEDB"	"SERPING1"
"M1"	"INNATEDB"	"CAV1"
"M1"	"INNATEDB"	"BCL2A1"
"M1"	"INNATEDB"	"LY86"
"M1"	"INNATEDB"	"CD14"
"M1"	"INNATEDB"	"SPI1"
"M1"	"INNATEDB"	"BIRC3"
"M1"	"INNATEDB"	"IRF4"
"M1"	"INNATEDB"	"TLR1"
"M1"	"INNATEDB"	"CD180"
"M1"	"INNATEDB"	"LY96"
"M1"	"INNATEDB"	"MMP9"
"M1"	"INNATEDB"	"BMP7"
"M1"	"INNATEDB"	"GZMB"
"M1"	"INNATEDB"	"ALOX5AP"
"M1"	"INNATEDB"	"TNFSF10"
"M1"	"INNATEDB"	"IL2RG"
"M1"	"INNATEDB"	"IKZF1"
"M1"	"INNATEDB"	"HDAC9"
"M1"	"INNATEDB"	"PRKCB"
"M1"	"INNATEDB"	"KIT"
"M1"	"INNATEDB"	"CCR5"
"M1"	"INNATEDB"	"C2"
"M1"	"INNATEDB"	"MAPT"
"M1"	"INNATEDB"	"CCL3"
"M1"	"INNATEDB"	"SELL"
"M1"	"INNATEDB"	"DPP4"
"M1"	"INNATEDB"	"IL2RB"
"M1"	"INNATEDB"	"IDO1"
"M1"	"INNATEDB"	"TFR2"
"M1"	"INNATEDB"	"CIITA"
"M1"	"INNATEDB"	"MMP1"
"M1"	"INNATEDB"	"IFIT3"
"M1"	"INNATEDB"	"IFIT2"
"M1"	"INNATEDB"	"IFIT1"
"M1"	"INNATEDB"	"CSF2RA"
"M1"	"INNATEDB"	"CSF2RB"
"M1"	"INNATEDB"	"HERC5"
"M1"	"INNATEDB"	"IL2RA"
"M1"	"INNATEDB"	"CXCL8"
"M1"	"INNATEDB"	"IL32"
"M1"	"INNATEDB"	"ASB2"
"M1"	"INNATEDB"	"IL6"
"M1"	"INNATEDB"	"CSF1R"
"M1"	"INNATEDB"	"LCP1"
"M1"	"INNATEDB"	"CYTIP"
"M1"	"INNATEDB"	"ITK"
"M1"	"INNATEDB"	"FYB1"
"M1"	"INNATEDB"	"CASP1"
"M1"	"INNATEDB"	"FOXJ1"
"M1"	"INNATEDB"	"ZAP70"
"M1"	"INNATEDB"	"RSAD2"
"M1"	"INNATEDB"	"LTB"
"M1"	"INNATEDB"	"FCGR2A"
"M1"	"INNATEDB"	"C1QA"
"M1"	"INNATEDB"	"RARRES3"
"M1"	"INNATEDB"	"CCR1"
"M1"	"INNATEDB"	"CLEC7A"
"M1"	"INNATEDB"	"CYBB"
"M1"	"INNATEDB"	"TLR6"
"M1"	"INNATEDB"	"CSF3R"
"M1"	"INNATEDB"	"CD5"
"M1"	"INNATEDB"	"CXCL2"
"M1"	"INNATEDB"	"SERPINA1"
"M1"	"INNATEDB"	"GZMA"
"M1"	"INNATEDB"	"BATF2"
"M1"	"INNATEDB"	"RASGRP1"
"M1"	"INNATEDB"	"SELPLG"
"M1"	"INNATEDB"	"ITGB2"
"M1"	"INNATEDB"	"PAX8"
"M1"	"INNATEDB"	"LAPTM5"
"M1"	"INNATEDB"	"MSR1"
"M1"	"INNATEDB"	"IFITM1"
"M1"	"INNATEDB"	"PLAU"
"M1"	"INNATEDB"	"TFPI2"
"M1"	"INNATEDB"	"IL1B"
"M1"	"INNATEDB"	"CFI"
"M1"	"INNATEDB"	"CFH"
"M1"	"INNATEDB"	"ITGAM"
"M1"	"INNATEDB"	"C3AR1"
"M1"	"INNATEDB"	"IL1R2"
"M1"	"INNATEDB"	"CXCL1"
"M1"	"INNATEDB"	"KLRD1"
"M1"	"INNATEDB"	"LILRB1"
"M1"	"INNATEDB"	"HLA-DRA"
"M1"	"INNATEDB"	"CCL22"
"M1"	"INNATEDB"	"CXCL10"
"M1"	"INNATEDB"	"EPSTI1"
"M1"	"INNATEDB"	"CCL2"
"M1"	"INNATEDB"	"S100B"
"M1"	"INNATEDB"	"GBP1"
"M1"	"INNATEDB"	"IFI16"
"M1"	"INNATEDB"	"NCF2"
"M1"	"INNATEDB"	"IFI6"
"M1"	"INNATEDB"	"OSM"
"M1"	"INNATEDB"	"OAS2"
"M1"	"INNATEDB"	"XAF1"
"M1"	"INNATEDB"	"HAVCR2"
"M1"	"INNATEDB"	"TNFSF13B"
"M1"	"INNATEDB"	"EGR3"
"M1"	"INNATEDB"	"CD38"
"M1"	"INNATEDB"	"RUNX3"
"M1"	"INNATEDB"	"CLIC5"
"M1"	"INNATEDB"	"FBXO27"
"M1"	"INNATEDB"	"IL10RA"
"M1"	"INNATEDB"	"PRF1"
"M1"	"INNATEDB"	"CCL20"
"M1"	"INNATEDB"	"CXCL11"
"M1"	"INNATEDB"	"IL12RB1"
"M1"	"INNATEDB"	"ERAP2"
"M1"	"INNATEDB"	"CXCL9"
"M1"	"INNATEDB"	"LILRB2"
"M1"	"INNATEDB"	"TIGIT"
"M1"	"INNATEDB"	"DLX5"
"M1"	"INNATEDB"	"KRT86"
"M1"	"INNATEDB"	"HSD17B2"
"M1"	"INNATEDB"	"TMEM74B"
"M1"	"INNATEDB"	"PADI2"
"M1"	"INNATEDB"	"HCST"
"M1"	"INNATEDB"	"PIK3AP1"
"M1"	"INNATEDB"	"RHOH"
"M1"	"INNATEDB"	"CX3CL1"
"M1"	"INNATEDB"	"RTP4"
"M1"	"INNATEDB"	"LAG3"
"M1"	"INNATEDB"	"CD69"
"M1"	"INNATEDB"	"TNFRSF18"
"M1"	"INNATEDB"	"AQP9"
"M1"	"HPRD"	"MAPK15"
"M1"	"HPRD"	"CD247"
"M1"	"HPRD"	"BEX2"
"M1"	"HPRD"	"SPATC1L"
"M1"	"HPRD"	"UBD"
"M1"	"HPRD"	"VCAM1"
"M1"	"HPRD"	"ESR1"
"M1"	"HPRD"	"TYROBP"
"M1"	"HPRD"	"BTK"
"M1"	"HPRD"	"SPN"
"M1"	"HPRD"	"ICAM1"
"M1"	"HPRD"	"LYZ"
"M1"	"HPRD"	"CKB"
"M1"	"HPRD"	"EEF1A2"
"M1"	"HPRD"	"SPP1"
"M1"	"HPRD"	"LTF"
"M1"	"HPRD"	"IL7R"
"M1"	"HPRD"	"IRF8"
"M1"	"HPRD"	"ANXA3"
"M1"	"HPRD"	"HCLS1"
"M1"	"HPRD"	"ITGAL"
"M1"	"HPRD"	"C3"
"M1"	"HPRD"	"SERPING1"
"M1"	"HPRD"	"CAV1"
"M1"	"HPRD"	"BCL2A1"
"M1"	"HPRD"	"EPB41L3"
"M1"	"HPRD"	"LY86"
"M1"	"HPRD"	"CD14"
"M1"	"HPRD"	"SPI1"
"M1"	"HPRD"	"BIRC3"
"M1"	"HPRD"	"IRF4"
"M1"	"HPRD"	"TLR1"
"M1"	"HPRD"	"MMP9"
"M1"	"HPRD"	"BMP7"
"M1"	"HPRD"	"GZMB"
"M1"	"HPRD"	"ALOX5AP"
"M1"	"HPRD"	"TNFSF10"
"M1"	"HPRD"	"IL2RG"
"M1"	"HPRD"	"SCN5A"
"M1"	"HPRD"	"IKZF1"
"M1"	"HPRD"	"MNDA"
"M1"	"HPRD"	"HDAC9"
"M1"	"HPRD"	"PRKCB"
"M1"	"HPRD"	"CD3E"
"M1"	"HPRD"	"HCK"
"M1"	"HPRD"	"KIT"
"M1"	"HPRD"	"CCR5"
"M1"	"HPRD"	"C2"
"M1"	"HPRD"	"NELL2"
"M1"	"HPRD"	"CD6"
"M1"	"HPRD"	"EFNB3"
"M1"	"HPRD"	"CXCL13"
"M1"	"HPRD"	"CCL3"
"M1"	"HPRD"	"CCL4"
"M1"	"HPRD"	"SELL"
"M1"	"HPRD"	"DPP4"
"M1"	"HPRD"	"TGM2"
"M1"	"HPRD"	"DKK1"
"M1"	"HPRD"	"IL2RB"
"M1"	"HPRD"	"IDO1"
"M1"	"HPRD"	"TFR2"
"M1"	"HPRD"	"FBXO2"
"M1"	"HPRD"	"PODXL2"
"M1"	"HPRD"	"ARNT2"
"M1"	"HPRD"	"CIITA"
"M1"	"HPRD"	"MMP1"
"M1"	"HPRD"	"CD84"
"M1"	"HPRD"	"IFIT3"
"M1"	"HPRD"	"APOE"
"M1"	"HPRD"	"IFIT2"
"M1"	"HPRD"	"IFIT1"
"M1"	"HPRD"	"MAST1"
"M1"	"HPRD"	"RGS1"
"M1"	"HPRD"	"CSF2RA"
"M1"	"HPRD"	"CSF2RB"
"M1"	"HPRD"	"HERC5"
"M1"	"HPRD"	"NRXN3"
"M1"	"HPRD"	"TFEC"
"M1"	"HPRD"	"IL2RA"
"M1"	"HPRD"	"CBX2"
"M1"	"HPRD"	"PPFIA4"
"M1"	"HPRD"	"SASH3"
"M1"	"HPRD"	"CXCL8"
"M1"	"HPRD"	"DOCK2"
"M1"	"HPRD"	"ASB2"
"M1"	"HPRD"	"ARHGAP9"
"M1"	"HPRD"	"FPR1"
"M1"	"HPRD"	"IL6"
"M1"	"HPRD"	"CSF1R"
"M1"	"HPRD"	"FCGR2B"
"M1"	"HPRD"	"LCP1"
"M1"	"HPRD"	"DOK2"
"M1"	"HPRD"	"CYTIP"
"M1"	"HPRD"	"ITK"
"M1"	"HPRD"	"POU2AF1"
"M1"	"HPRD"	"MSLN"
"M1"	"HPRD"	"FYB1"
"M1"	"HPRD"	"CASP1"
"M1"	"HPRD"	"ZAP70"
"M1"	"HPRD"	"LTB"
"M1"	"HPRD"	"CD8A"
"M1"	"HPRD"	"FCGR1A"
"M1"	"HPRD"	"FCGR2A"
"M1"	"HPRD"	"SLA"
"M1"	"HPRD"	"SYT7"
"M1"	"HPRD"	"CD2"
"M1"	"HPRD"	"PTPN22"
"M1"	"HPRD"	"HLA-DQA1"
"M1"	"HPRD"	"NT5E"
"M1"	"HPRD"	"C1QA"
"M1"	"HPRD"	"SRGN"
"M1"	"HPRD"	"CD79B"
"M1"	"HPRD"	"RARRES3"
"M1"	"HPRD"	"ALDH2"
"M1"	"HPRD"	"NGEF"
"M1"	"HPRD"	"CCR1"
"M1"	"HPRD"	"TREM2"
"M1"	"HPRD"	"NDUFA4L2"
"M1"	"HPRD"	"TDO2"
"M1"	"HPRD"	"SRCIN1"
"M1"	"HPRD"	"HIC2"
"M1"	"HPRD"	"CYBB"
"M1"	"HPRD"	"TLR6"
"M1"	"HPRD"	"FCER1G"
"M1"	"HPRD"	"CSF3R"
"M1"	"HPRD"	"OSMR"
"M1"	"HPRD"	"CD5"
"M1"	"HPRD"	"SLAMF7"
"M1"	"HPRD"	"CXCL2"
"M1"	"HPRD"	"HK3"
"M1"	"HPRD"	"SERPINA1"
"M1"	"HPRD"	"GZMA"
"M1"	"HPRD"	"RASGRP1"
"M1"	"HPRD"	"TRIM9"
"M1"	"HPRD"	"HLA-DRB5"
"M1"	"HPRD"	"TPPP"
"M1"	"HPRD"	"GCNT1"
"M1"	"HPRD"	"SEMA6A"
"M1"	"HPRD"	"PAX8"
"M1"	"HPRD"	"LAPTM5"
"M1"	"HPRD"	"MSR1"
"M1"	"HPRD"	"EDA"
"M1"	"HPRD"	"CD48"
"M1"	"HPRD"	"LSP1"
"M1"	"HPRD"	"CCL5"
"M1"	"HPRD"	"SIGLEC10"
"M1"	"HPRD"	"PLEK"
"M1"	"HPRD"	"IFITM1"
"M1"	"HPRD"	"F13A1"
"M1"	"HPRD"	"GRIN2D"
"M1"	"HPRD"	"EREG"
"M1"	"HPRD"	"COL9A3"
"M1"	"HPRD"	"PLAU"
"M1"	"HPRD"	"MMP7"
"M1"	"HPRD"	"TFPI2"
"M1"	"HPRD"	"MMP12"
"M1"	"HPRD"	"CFB"
"M1"	"HPRD"	"MT2A"
"M1"	"HPRD"	"IL1B"
"M1"	"HPRD"	"CFI"
"M1"	"HPRD"	"CFH"
"M1"	"HPRD"	"ITGAM"
"M1"	"HPRD"	"C3AR1"
"M1"	"HPRD"	"VSIG4"
"M1"	"HPRD"	"C4A"
"M1"	"HPRD"	"APBB1IP"
"M1"	"HPRD"	"GSTM3"
"M1"	"HPRD"	"HLA-DQA2"
"M1"	"HPRD"	"HLA-DQB1"
"M1"	"HPRD"	"GPC3"
"M1"	"HPRD"	"IL1R2"
"M1"	"HPRD"	"CD79A"
"M1"	"HPRD"	"CD3D"
"M1"	"HPRD"	"HLA-G"
"M1"	"HPRD"	"HLA-DRB1"
"M1"	"HPRD"	"CXCL1"
"M1"	"HPRD"	"JCHAIN"
"M1"	"HPRD"	"KLRD1"
"M1"	"HPRD"	"HLA-DRA"
"M1"	"HPRD"	"CD74"
"M1"	"HPRD"	"CCL22"
"M1"	"HPRD"	"FCGR3A"
"M1"	"HPRD"	"C1QB"
"M1"	"HPRD"	"C1QC"
"M1"	"HPRD"	"CXCL10"
"M1"	"HPRD"	"CEL"
"M1"	"HPRD"	"PSMB9"
"M1"	"HPRD"	"CCL2"
"M1"	"HPRD"	"HLA-DPA1"
"M1"	"HPRD"	"S100B"
"M1"	"HPRD"	"MT1G"
"M1"	"HPRD"	"TYMP"
"M1"	"HPRD"	"GBP1"
"M1"	"HPRD"	"CCL18"
"M1"	"HPRD"	"IFI16"
"M1"	"HPRD"	"NCF2"
"M1"	"HPRD"	"ANPEP"
"M1"	"HPRD"	"IFI6"
"M1"	"HPRD"	"OSM"
"M1"	"HPRD"	"AREG"
"M1"	"HPRD"	"PLA1A"
"M1"	"HPRD"	"XAF1"
"M1"	"HPRD"	"HAVCR2"
"M1"	"HPRD"	"TNFSF13B"
"M1"	"HPRD"	"CD53"
"M1"	"HPRD"	"EDN1"
"M1"	"HPRD"	"CD38"
"M1"	"HPRD"	"RUNX3"
"M1"	"HPRD"	"CLIC5"
"M1"	"HPRD"	"CD209"
"M1"	"HPRD"	"CST7"
"M1"	"HPRD"	"CD7"
"M1"	"HPRD"	"GSTM2"
"M1"	"HPRD"	"SECTM1"
"M1"	"HPRD"	"HLA-DOA"
"M1"	"HPRD"	"IL10RA"
"M1"	"HPRD"	"PRF1"
"M1"	"HPRD"	"CCL20"
"M1"	"HPRD"	"CXCL11"
"M1"	"HPRD"	"IL12RB1"
"M1"	"HPRD"	"CXCL9"
"M1"	"HPRD"	"IFI27"
"M1"	"HPRD"	"ID4"
"M1"	"HPRD"	"LIFR"
"M1"	"HPRD"	"AIF1"
"M1"	"HPRD"	"TNNI1"
"M1"	"HPRD"	"SLC6A8"
"M1"	"HPRD"	"RRAD"
"M1"	"HPRD"	"DLX5"
"M1"	"HPRD"	"GABRA3"
"M1"	"HPRD"	"POU3F1"
"M1"	"HPRD"	"LY6E"
"M1"	"HPRD"	"HCST"
"M1"	"HPRD"	"PIK3AP1"
"M1"	"HPRD"	"HLA-F"
"M1"	"HPRD"	"RHOH"
"M1"	"HPRD"	"CD274"
"M1"	"HPRD"	"EPHX2"
"M1"	"HPRD"	"CHI3L1"
"M1"	"HPRD"	"CECR2"
"M1"	"HPRD"	"NFAM1"
"M1"	"HPRD"	"CX3CL1"
"M1"	"HPRD"	"MZB1"
"M1"	"HPRD"	"PPP1R1B"
"M1"	"HPRD"	"KLHDC9"
"M1"	"HPRD"	"CD69"
"M1"	"HPRD"	"FKBP1B"
"M1"	"HPRD"	"ADCY1"
"M1"	"HPRD"	"TNFRSF18"
"M1"	"HPRD"	"GPR183"
"M1"	"HPRD"	"OASL"
"M1"	"HPRD"	"GBP5"
"M1"	"HPRD"	"IGSF9"
"M1"	"INNATEDB_Mouse"	"ESR1"
"M1"	"INNATEDB_Mouse"	"BTK"
"M1"	"INNATEDB_Mouse"	"ICAM1"
"M1"	"INNATEDB_Mouse"	"SPP1"
"M1"	"INNATEDB_Mouse"	"IL7R"
"M1"	"INNATEDB_Mouse"	"IRF8"
"M1"	"INNATEDB_Mouse"	"C3"
"M1"	"INNATEDB_Mouse"	"CAV1"
"M1"	"INNATEDB_Mouse"	"LY86"
"M1"	"INNATEDB_Mouse"	"CD14"
"M1"	"INNATEDB_Mouse"	"SPI1"
"M1"	"INNATEDB_Mouse"	"BIRC3"
"M1"	"INNATEDB_Mouse"	"IRF4"
"M1"	"INNATEDB_Mouse"	"TLR1"
"M1"	"INNATEDB_Mouse"	"CD180"
"M1"	"INNATEDB_Mouse"	"LY96"
"M1"	"INNATEDB_Mouse"	"IL2RG"
"M1"	"INNATEDB_Mouse"	"PRKCB"
"M1"	"INNATEDB_Mouse"	"HCK"
"M1"	"INNATEDB_Mouse"	"KIT"
"M1"	"INNATEDB_Mouse"	"CCR5"
"M1"	"INNATEDB_Mouse"	"CD27"
"M1"	"INNATEDB_Mouse"	"CD6"
"M1"	"INNATEDB_Mouse"	"CCL4"
"M1"	"INNATEDB_Mouse"	"SELL"
"M1"	"INNATEDB_Mouse"	"IL2RB"
"M1"	"INNATEDB_Mouse"	"IDO1"
"M1"	"INNATEDB_Mouse"	"PODXL2"
"M1"	"INNATEDB_Mouse"	"CIITA"
"M1"	"INNATEDB_Mouse"	"IL2RA"
"M1"	"INNATEDB_Mouse"	"IL6"
"M1"	"INNATEDB_Mouse"	"KYNU"
"M1"	"INNATEDB_Mouse"	"CSF1R"
"M1"	"INNATEDB_Mouse"	"ITK"
"M1"	"INNATEDB_Mouse"	"FYB1"
"M1"	"INNATEDB_Mouse"	"CASP1"
"M1"	"INNATEDB_Mouse"	"ZAP70"
"M1"	"INNATEDB_Mouse"	"RSAD2"
"M1"	"INNATEDB_Mouse"	"CCR1"
"M1"	"INNATEDB_Mouse"	"TREM2"
"M1"	"INNATEDB_Mouse"	"CYBB"
"M1"	"INNATEDB_Mouse"	"FCER1G"
"M1"	"INNATEDB_Mouse"	"CSF3R"
"M1"	"INNATEDB_Mouse"	"CXCL2"
"M1"	"INNATEDB_Mouse"	"HK3"
"M1"	"INNATEDB_Mouse"	"TRIM9"
"M1"	"INNATEDB_Mouse"	"MSR1"
"M1"	"INNATEDB_Mouse"	"CCL5"
"M1"	"INNATEDB_Mouse"	"SIGLEC10"
"M1"	"INNATEDB_Mouse"	"PLEK"
"M1"	"INNATEDB_Mouse"	"IL24"
"M1"	"INNATEDB_Mouse"	"MMP12"
"M1"	"INNATEDB_Mouse"	"IL1B"
"M1"	"INNATEDB_Mouse"	"CD79A"
"M1"	"INNATEDB_Mouse"	"CD74"
"M1"	"INNATEDB_Mouse"	"NCF2"
"M1"	"INNATEDB_Mouse"	"HAVCR2"
"M1"	"INNATEDB_Mouse"	"TNFSF13B"
"M1"	"INNATEDB_Mouse"	"CD53"
"M1"	"INNATEDB_Mouse"	"FGL2"
"M1"	"INNATEDB_Mouse"	"MRC1"
"M1"	"INNATEDB_Mouse"	"IL10RA"
"M1"	"INNATEDB_Mouse"	"PRF1"
"M1"	"INNATEDB_Mouse"	"IL12RB1"
"M1"	"INNATEDB_Mouse"	"AIF1"
"M1"	"INNATEDB_Mouse"	"SIGLEC1"
"M1"	"INNATEDB_Mouse"	"GCNT2"
"M1"	"INNATEDB_Mouse"	"PIK3AP1"
"M1"	"INNATEDB_Mouse"	"CD274"
"M1"	"INNATEDB_Mouse"	"MZB1"
"M1"	"INNATEDB_Mouse"	"RTP4"
"M1"	"INNATEDB_Mouse"	"JAML"
"M1"	"INNATEDB_Mouse"	"GPR68"
"M1"	"IntAct_Mouse"	"LRRK2"
"M1"	"IntAct_Mouse"	"BTK"
"M1"	"IntAct_Mouse"	"EEF1A2"
"M1"	"IntAct_Mouse"	"AIM2"
"M1"	"IntAct_Mouse"	"CAV1"
"M1"	"IntAct_Mouse"	"LY86"
"M1"	"IntAct_Mouse"	"SPI1"
"M1"	"IntAct_Mouse"	"BIRC3"
"M1"	"IntAct_Mouse"	"IL2RG"
"M1"	"IntAct_Mouse"	"HDAC9"
"M1"	"IntAct_Mouse"	"PRKCB"
"M1"	"IntAct_Mouse"	"HCK"
"M1"	"IntAct_Mouse"	"CD27"
"M1"	"IntAct_Mouse"	"MAPT"
"M1"	"IntAct_Mouse"	"EFNB3"
"M1"	"IntAct_Mouse"	"SALL4"
"M1"	"IntAct_Mouse"	"IDO1"
"M1"	"IntAct_Mouse"	"TFR2"
"M1"	"IntAct_Mouse"	"ARNT2"
"M1"	"IntAct_Mouse"	"CBX2"
"M1"	"IntAct_Mouse"	"LCP1"
"M1"	"IntAct_Mouse"	"DOK2"
"M1"	"IntAct_Mouse"	"FYB1"
"M1"	"IntAct_Mouse"	"ZAP70"
"M1"	"IntAct_Mouse"	"LTB"
"M1"	"IntAct_Mouse"	"CD8A"
"M1"	"IntAct_Mouse"	"SLA"
"M1"	"IntAct_Mouse"	"SYT7"
"M1"	"IntAct_Mouse"	"PTPN22"
"M1"	"IntAct_Mouse"	"HLA-DQA1"
"M1"	"IntAct_Mouse"	"NGEF"
"M1"	"IntAct_Mouse"	"SRCIN1"
"M1"	"IntAct_Mouse"	"CYBB"
"M1"	"IntAct_Mouse"	"FCER1G"
"M1"	"IntAct_Mouse"	"HLA-DRB5"
"M1"	"IntAct_Mouse"	"SEMA6A"
"M1"	"IntAct_Mouse"	"ITGB2"
"M1"	"IntAct_Mouse"	"MSR1"
"M1"	"IntAct_Mouse"	"SIGLEC10"
"M1"	"IntAct_Mouse"	"APBB1IP"
"M1"	"IntAct_Mouse"	"CP"
"M1"	"IntAct_Mouse"	"ANPEP"
"M1"	"IntAct_Mouse"	"MRC1"
"M1"	"IntAct_Mouse"	"ID4"
"M1"	"IntAct_Mouse"	"DLX5"
"M1"	"IntAct_Mouse"	"PIK3AP1"
"M1"	"IntAct_Mouse"	"CD274"
"M1"	"IntAct_Mouse"	"TNFRSF18"
"M1"	"I2D-c_Fiona_HUMAN"	"ESR1"
"M1"	"I2D-c_Fiona_HUMAN"	"MMP9"
"M1"	"BCI"	"CD247"
"M1"	"BCI"	"VCAM1"
"M1"	"BCI"	"ESR1"
"M1"	"BCI"	"TYROBP"
"M1"	"BCI"	"BTK"
"M1"	"BCI"	"SPN"
"M1"	"BCI"	"ICAM1"
"M1"	"BCI"	"IL7R"
"M1"	"BCI"	"IRF8"
"M1"	"BCI"	"HCLS1"
"M1"	"BCI"	"ITGAL"
"M1"	"BCI"	"SERPING1"
"M1"	"BCI"	"CAV1"
"M1"	"BCI"	"BCL2A1"
"M1"	"BCI"	"EPB41L3"
"M1"	"BCI"	"CD14"
"M1"	"BCI"	"SPI1"
"M1"	"BCI"	"BIRC3"
"M1"	"BCI"	"IRF4"
"M1"	"BCI"	"TLR1"
"M1"	"BCI"	"CD180"
"M1"	"BCI"	"MMP9"
"M1"	"BCI"	"BMP7"
"M1"	"BCI"	"GZMB"
"M1"	"BCI"	"TNFSF10"
"M1"	"BCI"	"IL2RG"
"M1"	"BCI"	"IKZF1"
"M1"	"BCI"	"MNDA"
"M1"	"BCI"	"HDAC9"
"M1"	"BCI"	"PRKCB"
"M1"	"BCI"	"CD3E"
"M1"	"BCI"	"HCK"
"M1"	"BCI"	"CD27"
"M1"	"BCI"	"C2"
"M1"	"BCI"	"MAPT"
"M1"	"BCI"	"CD6"
"M1"	"BCI"	"CCL3"
"M1"	"BCI"	"SELL"
"M1"	"BCI"	"TGM2"
"M1"	"BCI"	"IL2RB"
"M1"	"BCI"	"CIITA"
"M1"	"BCI"	"APOE"
"M1"	"BCI"	"IFIT1"
"M1"	"BCI"	"RGS1"
"M1"	"BCI"	"CSF2RB"
"M1"	"BCI"	"IL2RA"
"M1"	"BCI"	"CXCL8"
"M1"	"BCI"	"PTPRC"
"M1"	"BCI"	"DOCK2"
"M1"	"BCI"	"IL6"
"M1"	"BCI"	"FCGR2B"
"M1"	"BCI"	"LCP1"
"M1"	"BCI"	"ENTPD2"
"M1"	"BCI"	"ITK"
"M1"	"BCI"	"POU2AF1"
"M1"	"BCI"	"FYB1"
"M1"	"BCI"	"CASP1"
"M1"	"BCI"	"ZAP70"
"M1"	"BCI"	"LTB"
"M1"	"BCI"	"CD8A"
"M1"	"BCI"	"FCGR1A"
"M1"	"BCI"	"FCGR2A"
"M1"	"BCI"	"SLA"
"M1"	"BCI"	"CD2"
"M1"	"BCI"	"SRGN"
"M1"	"BCI"	"CD79B"
"M1"	"BCI"	"CCR1"
"M1"	"BCI"	"CYBB"
"M1"	"BCI"	"FCER1G"
"M1"	"BCI"	"CSF3R"
"M1"	"BCI"	"CD5"
"M1"	"BCI"	"CXCL2"
"M1"	"BCI"	"HK3"
"M1"	"BCI"	"GZMA"
"M1"	"BCI"	"SELPLG"
"M1"	"BCI"	"HLA-DMB"
"M1"	"BCI"	"ITGB2"
"M1"	"BCI"	"PAX8"
"M1"	"BCI"	"EDA"
"M1"	"BCI"	"CD48"
"M1"	"BCI"	"CCL5"
"M1"	"BCI"	"F13A1"
"M1"	"BCI"	"COL9A3"
"M1"	"BCI"	"PLAU"
"M1"	"BCI"	"MMP7"
"M1"	"BCI"	"MMP12"
"M1"	"BCI"	"CFB"
"M1"	"BCI"	"MT2A"
"M1"	"BCI"	"IL1B"
"M1"	"BCI"	"CFH"
"M1"	"BCI"	"CD79A"
"M1"	"BCI"	"CD3D"
"M1"	"BCI"	"HLA-G"
"M1"	"BCI"	"HLA-DRA"
"M1"	"BCI"	"CD74"
"M1"	"BCI"	"CCL22"
"M1"	"BCI"	"FCGR3A"
"M1"	"BCI"	"C1QB"
"M1"	"BCI"	"IGFBP2"
"M1"	"BCI"	"CP"
"M1"	"BCI"	"PSMB9"
"M1"	"BCI"	"MT1G"
"M1"	"BCI"	"IFI16"
"M1"	"BCI"	"NCF2"
"M1"	"BCI"	"LAIR1"
"M1"	"BCI"	"CD38"
"M1"	"BCI"	"RUNX3"
"M1"	"BCI"	"CD7"
"M1"	"BCI"	"IL10RA"
"M1"	"BCI"	"AIF1"
"M1"	"BCI"	"TNNI1"
"M1"	"BCI"	"NEB"
"M1"	"BCI"	"LY6E"
"M1"	"BCI"	"HLA-F"
"M1"	"BCI"	"RHOH"
"M1"	"BCI"	"LAG3"
"M1"	"BIND"	"VCAM1"
"M1"	"BIND"	"ESR1"
"M1"	"BIND"	"BTK"
"M1"	"BIND"	"ICAM1"
"M1"	"BIND"	"HCLS1"
"M1"	"BIND"	"ITGAL"
"M1"	"BIND"	"C3"
"M1"	"BIND"	"CAV1"
"M1"	"BIND"	"EPB41L3"
"M1"	"BIND"	"LY86"
"M1"	"BIND"	"SPI1"
"M1"	"BIND"	"BIRC3"
"M1"	"BIND"	"MMP9"
"M1"	"BIND"	"GZMB"
"M1"	"BIND"	"TNFSF10"
"M1"	"BIND"	"HDAC9"
"M1"	"BIND"	"HCK"
"M1"	"BIND"	"KIT"
"M1"	"BIND"	"CCL4"
"M1"	"BIND"	"SELL"
"M1"	"BIND"	"DPP4"
"M1"	"BIND"	"TGM2"
"M1"	"BIND"	"IL2RB"
"M1"	"BIND"	"ARNT2"
"M1"	"BIND"	"MMP1"
"M1"	"BIND"	"APOE"
"M1"	"BIND"	"CSF2RB"
"M1"	"BIND"	"CXCL8"
"M1"	"BIND"	"PTPRC"
"M1"	"BIND"	"DOCK2"
"M1"	"BIND"	"IL6"
"M1"	"BIND"	"CSF1R"
"M1"	"BIND"	"ITK"
"M1"	"BIND"	"CASP1"
"M1"	"BIND"	"ZAP70"
"M1"	"BIND"	"CD8A"
"M1"	"BIND"	"CD2"
"M1"	"BIND"	"ALDH2"
"M1"	"BIND"	"CXCL2"
"M1"	"BIND"	"HK3"
"M1"	"BIND"	"SERPINA1"
"M1"	"BIND"	"HLA-DMB"
"M1"	"BIND"	"HLA-DRB5"
"M1"	"BIND"	"SEMA6A"
"M1"	"BIND"	"ITGB2"
"M1"	"BIND"	"LAPTM5"
"M1"	"BIND"	"EDA"
"M1"	"BIND"	"CCL5"
"M1"	"BIND"	"F13A1"
"M1"	"BIND"	"PLAU"
"M1"	"BIND"	"MMP12"
"M1"	"BIND"	"CFB"
"M1"	"BIND"	"APBB1IP"
"M1"	"BIND"	"GSTM3"
"M1"	"BIND"	"CD3D"
"M1"	"BIND"	"HLA-DRB1"
"M1"	"BIND"	"CXCL1"
"M1"	"BIND"	"LILRB1"
"M1"	"BIND"	"HLA-DRA"
"M1"	"BIND"	"CD74"
"M1"	"BIND"	"CXCL10"
"M1"	"BIND"	"CCL2"
"M1"	"BIND"	"S100B"
"M1"	"BIND"	"NCF2"
"M1"	"BIND"	"TNFSF13B"
"M1"	"BIND"	"CD38"
"M1"	"BIND"	"RUNX3"
"M1"	"BIND"	"CD209"
"M1"	"BIND"	"GSTM2"
"M1"	"BIND"	"IL10RA"
"M1"	"BIND"	"OLR1"
"M1"	"BIND"	"CHI3L1"
"M1"	"BIND"	"CX3CL1"
"M1"	"BIND"	"CD69"
"M1"	"BIND_Rat"	"CKB"
"M1"	"BIND_Rat"	"DOC2B"
"M1"	"BIND_Rat"	"C3"
"M1"	"BIND_Rat"	"PRKCB"
"M1"	"BIND_Rat"	"CD2"
"M1"	"BIND_Rat"	"CD48"
"M1"	"BIND_Rat"	"S100B"
"M1"	"BIND_Rat"	"SDS"
"M1"	"DIP"	"LRRK2"
"M1"	"DIP"	"ESR1"
"M1"	"DIP"	"BTK"
"M1"	"DIP"	"ICAM1"
"M1"	"DIP"	"AIM2"
"M1"	"DIP"	"CAV1"
"M1"	"DIP"	"LY86"
"M1"	"DIP"	"SPI1"
"M1"	"DIP"	"MMP9"
"M1"	"DIP"	"BMP7"
"M1"	"DIP"	"TNFSF10"
"M1"	"DIP"	"IL2RG"
"M1"	"DIP"	"SCN5A"
"M1"	"DIP"	"HDAC9"
"M1"	"DIP"	"PRKCB"
"M1"	"DIP"	"HCK"
"M1"	"DIP"	"KIT"
"M1"	"DIP"	"CCR5"
"M1"	"DIP"	"MAPT"
"M1"	"DIP"	"EFNB3"
"M1"	"DIP"	"CXCL13"
"M1"	"DIP"	"CCL3"
"M1"	"DIP"	"CCL4"
"M1"	"DIP"	"TGM2"
"M1"	"DIP"	"IL2RB"
"M1"	"DIP"	"MMP1"
"M1"	"DIP"	"CD84"
"M1"	"DIP"	"APOE"
"M1"	"DIP"	"IFIT2"
"M1"	"DIP"	"IFIT1"
"M1"	"DIP"	"CSF2RB"
"M1"	"DIP"	"IL2RA"
"M1"	"DIP"	"CBX2"
"M1"	"DIP"	"CXCL8"
"M1"	"DIP"	"PTPRC"
"M1"	"DIP"	"IL6"
"M1"	"DIP"	"CSF1R"
"M1"	"DIP"	"ITK"
"M1"	"DIP"	"CASP1"
"M1"	"DIP"	"ZAP70"
"M1"	"DIP"	"PTPN22"
"M1"	"DIP"	"NT5E"
"M1"	"DIP"	"CD79B"
"M1"	"DIP"	"ALDH2"
"M1"	"DIP"	"CCR1"
"M1"	"DIP"	"CYBB"
"M1"	"DIP"	"CSF3R"
"M1"	"DIP"	"CD5"
"M1"	"DIP"	"SERPINA1"
"M1"	"DIP"	"SELPLG"
"M1"	"DIP"	"HLA-DMB"
"M1"	"DIP"	"ITGB2"
"M1"	"DIP"	"CCL5"
"M1"	"DIP"	"F13A1"
"M1"	"DIP"	"CFB"
"M1"	"DIP"	"IL1B"
"M1"	"DIP"	"CFH"
"M1"	"DIP"	"HLA-G"
"M1"	"DIP"	"HLA-DRB1"
"M1"	"DIP"	"CXCL1"
"M1"	"DIP"	"CCL22"
"M1"	"DIP"	"CXCL10"
"M1"	"DIP"	"BST2"
"M1"	"DIP"	"CCL2"
"M1"	"DIP"	"GBP1"
"M1"	"DIP"	"IFI16"
"M1"	"DIP"	"NCF2"
"M1"	"DIP"	"FGF12"
"M1"	"DIP"	"CLEC2B"
"M1"	"DIP"	"GSTM2"
"M1"	"DIP"	"HLA-DOA"
"M1"	"DIP"	"IL10RA"
"M1"	"DIP"	"PRF1"
"M1"	"DIP"	"CCL20"
"M1"	"DIP"	"CXCL11"
"M1"	"DIP"	"CXCL9"
"M1"	"DIP"	"LIFR"
"M1"	"DIP"	"LILRB2"
"M1"	"DIP"	"OLR1"
"M1"	"DIP"	"CX3CL1"
"M1"	"DIP"	"TNFRSF18"
"M1"	"MINT_Mouse"	"BTK"
"M1"	"MINT_Mouse"	"CAV1"
"M1"	"MINT_Mouse"	"BIRC3"
"M1"	"MINT_Mouse"	"MAPT"
"M1"	"MINT_Mouse"	"EFNB3"
"M1"	"MINT_Mouse"	"RGS1"
"M1"	"MINT_Mouse"	"CSF1R"
"M1"	"MINT_Mouse"	"FCGR2B"
"M1"	"MINT_Mouse"	"LCP1"
"M1"	"MINT_Mouse"	"DOK2"
"M1"	"MINT_Mouse"	"ITK"
"M1"	"MINT_Mouse"	"FYB1"
"M1"	"MINT_Mouse"	"CD8A"
"M1"	"MINT_Mouse"	"HLA-DQA1"
"M1"	"MINT_Mouse"	"ALDH2"
"M1"	"MINT_Mouse"	"SEMA6A"
"M1"	"MINT_Mouse"	"ITGB2"
"M1"	"MINT_Mouse"	"APBB1IP"
"M1"	"MINT_Mouse"	"PIK3AP1"
"M1"	"MINT_Mouse"	"NFAM1"
"M1"	"BioGrid_Mouse"	"LRRK2"
"M1"	"BioGrid_Mouse"	"CD247"
"M1"	"BioGrid_Mouse"	"ESR1"
"M1"	"BioGrid_Mouse"	"TYROBP"
"M1"	"BioGrid_Mouse"	"BTK"
"M1"	"BioGrid_Mouse"	"EEF1A2"
"M1"	"BioGrid_Mouse"	"IRF8"
"M1"	"BioGrid_Mouse"	"HCLS1"
"M1"	"BioGrid_Mouse"	"CAV1"
"M1"	"BioGrid_Mouse"	"CD14"
"M1"	"BioGrid_Mouse"	"SPI1"
"M1"	"BioGrid_Mouse"	"BIRC3"
"M1"	"BioGrid_Mouse"	"IRF4"
"M1"	"BioGrid_Mouse"	"MMP9"
"M1"	"BioGrid_Mouse"	"IKZF1"
"M1"	"BioGrid_Mouse"	"CD3E"
"M1"	"BioGrid_Mouse"	"HCK"
"M1"	"BioGrid_Mouse"	"KIT"
"M1"	"BioGrid_Mouse"	"CD27"
"M1"	"BioGrid_Mouse"	"MAPT"
"M1"	"BioGrid_Mouse"	"DKK1"
"M1"	"BioGrid_Mouse"	"SALL4"
"M1"	"BioGrid_Mouse"	"IDO1"
"M1"	"BioGrid_Mouse"	"FBXO2"
"M1"	"BioGrid_Mouse"	"CIITA"
"M1"	"BioGrid_Mouse"	"FMN1"
"M1"	"BioGrid_Mouse"	"APOE"
"M1"	"BioGrid_Mouse"	"CBX2"
"M1"	"BioGrid_Mouse"	"PTPRC"
"M1"	"BioGrid_Mouse"	"ASB2"
"M1"	"BioGrid_Mouse"	"CSF1R"
"M1"	"BioGrid_Mouse"	"FCGR2B"
"M1"	"BioGrid_Mouse"	"LCP1"
"M1"	"BioGrid_Mouse"	"DOK2"
"M1"	"BioGrid_Mouse"	"SLC1A3"
"M1"	"BioGrid_Mouse"	"FOXJ1"
"M1"	"BioGrid_Mouse"	"ZAP70"
"M1"	"BioGrid_Mouse"	"RSAD2"
"M1"	"BioGrid_Mouse"	"FCGR1A"
"M1"	"BioGrid_Mouse"	"SLA"
"M1"	"BioGrid_Mouse"	"FCER1G"
"M1"	"BioGrid_Mouse"	"CSF3R"
"M1"	"BioGrid_Mouse"	"ITGB2"
"M1"	"BioGrid_Mouse"	"PAX8"
"M1"	"BioGrid_Mouse"	"IL1B"
"M1"	"BioGrid_Mouse"	"HLA-DQB1"
"M1"	"BioGrid_Mouse"	"CD79A"
"M1"	"BioGrid_Mouse"	"CD3D"
"M1"	"BioGrid_Mouse"	"HAVCR2"
"M1"	"BioGrid_Mouse"	"CD38"
"M1"	"BioGrid_Mouse"	"IL12RB1"
"M1"	"BioGrid_Mouse"	"DLX5"
"M1"	"BioGrid_Mouse"	"TBX1"
"M1"	"BIND_Mouse"	"CD247"
"M1"	"BIND_Mouse"	"ESR1"
"M1"	"BIND_Mouse"	"LY86"
"M1"	"BIND_Mouse"	"SPI1"
"M1"	"BIND_Mouse"	"LY96"
"M1"	"BIND_Mouse"	"BMP7"
"M1"	"BIND_Mouse"	"IL2RG"
"M1"	"BIND_Mouse"	"CD3E"
"M1"	"BIND_Mouse"	"HCK"
"M1"	"BIND_Mouse"	"KIT"
"M1"	"BIND_Mouse"	"CCR5"
"M1"	"BIND_Mouse"	"ARNT2"
"M1"	"BIND_Mouse"	"CSF1R"
"M1"	"BIND_Mouse"	"LCP1"
"M1"	"BIND_Mouse"	"DOK2"
"M1"	"BIND_Mouse"	"HLA-DQA1"
"M1"	"BIND_Mouse"	"HLA-G"
"M1"	"BIND_Mouse"	"EPHX2"
"M1"	"BIND_Mouse"	"RCOR2"
"M1"	"BIND_Mouse"	"FRAS1"
"M1"	"BioGrid_Fly"	"EEF1A2"
"M1"	"BioGrid_Fly"	"BMP7"
"M1"	"BioGrid_Fly"	"DPP4"
"M1"	"BioGrid_Fly"	"LCP1"
"M1"	"BioGrid_Fly"	"ALDH2"
"M1"	"BioGrid_Fly"	"TRIM9"
"M1"	"BioGrid_Fly"	"TPPP"
"M1"	"BioGrid_Fly"	"CLIC5"
"M1"	"BioGrid_Fly"	"CFAP45"
"M1"	"BioGrid_Fly"	"DPYD"
"M1"	"BioGrid_Fly"	"ADCY1"
"M1"	"MINT"	"LRRK2"
"M1"	"MINT"	"CD247"
"M1"	"MINT"	"ESR1"
"M1"	"MINT"	"SYNE4"
"M1"	"MINT"	"BTK"
"M1"	"MINT"	"ICAM1"
"M1"	"MINT"	"LYZ"
"M1"	"MINT"	"CKB"
"M1"	"MINT"	"SPP1"
"M1"	"MINT"	"WNK2"
"M1"	"MINT"	"ANXA3"
"M1"	"MINT"	"HCLS1"
"M1"	"MINT"	"ITGAL"
"M1"	"MINT"	"CAV1"
"M1"	"MINT"	"EPB41L3"
"M1"	"MINT"	"CD14"
"M1"	"MINT"	"BMP7"
"M1"	"MINT"	"TNFSF10"
"M1"	"MINT"	"SCN5A"
"M1"	"MINT"	"IKZF1"
"M1"	"MINT"	"CD3E"
"M1"	"MINT"	"HCK"
"M1"	"MINT"	"KIT"
"M1"	"MINT"	"CCR5"
"M1"	"MINT"	"MAPT"
"M1"	"MINT"	"CD6"
"M1"	"MINT"	"CXCL13"
"M1"	"MINT"	"DPP4"
"M1"	"MINT"	"TGM2"
"M1"	"MINT"	"IL2RB"
"M1"	"MINT"	"CD84"
"M1"	"MINT"	"IFIT3"
"M1"	"MINT"	"IFIT2"
"M1"	"MINT"	"RGS1"
"M1"	"MINT"	"CSF2RA"
"M1"	"MINT"	"CSF2RB"
"M1"	"MINT"	"IL2RA"
"M1"	"MINT"	"CBX2"
"M1"	"MINT"	"PPFIA4"
"M1"	"MINT"	"PTPRC"
"M1"	"MINT"	"ASB2"
"M1"	"MINT"	"IL6"
"M1"	"MINT"	"CSF1R"
"M1"	"MINT"	"FCGR2B"
"M1"	"MINT"	"DOK2"
"M1"	"MINT"	"ITK"
"M1"	"MINT"	"FYB1"
"M1"	"MINT"	"ZAP70"
"M1"	"MINT"	"FCGR1A"
"M1"	"MINT"	"FCGR2A"
"M1"	"MINT"	"SLA"
"M1"	"MINT"	"CD2"
"M1"	"MINT"	"HLA-DQA1"
"M1"	"MINT"	"SRGN"
"M1"	"MINT"	"ALDH2"
"M1"	"MINT"	"CTSW"
"M1"	"MINT"	"ADTRP"
"M1"	"MINT"	"CLEC7A"
"M1"	"MINT"	"NDUFA4L2"
"M1"	"MINT"	"ALDH1A1"
"M1"	"MINT"	"MEST"
"M1"	"MINT"	"FCER1G"
"M1"	"MINT"	"CSF3R"
"M1"	"MINT"	"RPS6KA6"
"M1"	"MINT"	"CD5"
"M1"	"MINT"	"SERPINA1"
"M1"	"MINT"	"HLA-DMB"
"M1"	"MINT"	"TPPP"
"M1"	"MINT"	"ITGB2"
"M1"	"MINT"	"LAPTM5"
"M1"	"MINT"	"CCL5"
"M1"	"MINT"	"FAM50B"
"M1"	"MINT"	"SIGLEC10"
"M1"	"MINT"	"PLEK"
"M1"	"MINT"	"GRIN2D"
"M1"	"MINT"	"PLAU"
"M1"	"MINT"	"IL1B"
"M1"	"MINT"	"ITGAM"
"M1"	"MINT"	"GSTM3"
"M1"	"MINT"	"CD3D"
"M1"	"MINT"	"HLA-DRB1"
"M1"	"MINT"	"LILRB1"
"M1"	"MINT"	"HLA-DRA"
"M1"	"MINT"	"CD74"
"M1"	"MINT"	"MYO1G"
"M1"	"MINT"	"PSMB9"
"M1"	"MINT"	"HLA-DPA1"
"M1"	"MINT"	"S100B"
"M1"	"MINT"	"GBP1"
"M1"	"MINT"	"CCL18"
"M1"	"MINT"	"NCF2"
"M1"	"MINT"	"ANPEP"
"M1"	"MINT"	"AREG"
"M1"	"MINT"	"PTPN7"
"M1"	"MINT"	"LAIR1"
"M1"	"MINT"	"EDN1"
"M1"	"MINT"	"CST7"
"M1"	"MINT"	"CD7"
"M1"	"MINT"	"IL10RA"
"M1"	"MINT"	"ID4"
"M1"	"MINT"	"LIFR"
"M1"	"MINT"	"TNNI1"
"M1"	"MINT"	"GABRA3"
"M1"	"MINT"	"NEB"
"M1"	"MINT"	"OLR1"
"M1"	"MINT"	"TMPRSS3"
"M1"	"MINT"	"RHOH"
"M1"	"MINT"	"SEPT3"
"M1"	"MINT"	"EPHX2"
"M1"	"MINT"	"MS4A7"
"M1"	"MINT"	"HLA-DPB1"
"M1"	"MINT"	"PPP1R1B"
"M1"	"MINT"	"CHDH"
"M1"	"MINT"	"GPR183"
"M1"	"BioGrid_Rat"	"ESR1"
"M1"	"BioGrid_Rat"	"SPP1"
"M1"	"BioGrid_Rat"	"CAV1"
"M1"	"BioGrid_Rat"	"PRKCB"
"M1"	"BioGrid_Rat"	"C2"
"M1"	"BioGrid_Rat"	"MAPT"
"M1"	"BioGrid_Rat"	"FBXO2"
"M1"	"BioGrid_Rat"	"SRCIN1"
"M1"	"BioGrid_Rat"	"FCER1G"
"M1"	"BioGrid_Rat"	"HK3"
"M1"	"BioGrid_Rat"	"S100B"
"M1"	"BioGrid_Rat"	"ANPEP"
"M1"	"BioGrid_Rat"	"RUNX3"
"M1"	"DIP_Mouse"	"VCAM1"
"M1"	"DIP_Mouse"	"TYROBP"
"M1"	"DIP_Mouse"	"SYNE4"
"M1"	"DIP_Mouse"	"ICAM1"
"M1"	"DIP_Mouse"	"CAV1"
"M1"	"DIP_Mouse"	"LY86"
"M1"	"DIP_Mouse"	"IRF4"
"M1"	"DIP_Mouse"	"SALL4"
"M1"	"DIP_Mouse"	"IDO1"
"M1"	"DIP_Mouse"	"CBX2"
"M1"	"DIP_Mouse"	"CSF1R"
"M1"	"DIP_Mouse"	"FYB1"
"M1"	"DIP_Mouse"	"CD79B"
"M1"	"DIP_Mouse"	"CYBB"
"M1"	"DIP_Mouse"	"SEMA6A"
"M1"	"DIP_Mouse"	"CD79A"
"M1"	"DIP_Mouse"	"OSM"
"M1"	"DIP_Mouse"	"CD38"
"M1"	"DIP_Mouse"	"PRF1"
"M1"	"DIP_Mouse"	"LIFR"
"M1"	"DIP_Mouse"	"HCST"
"M1"	"DIP_Mouse"	"RCOR2"
"M1"	"DIP_Mouse"	"JAML"
"M1"	"YeastMedium"	"DPP4"
"M1"	"YeastMedium"	"KYNU"
"M1"	"YeastMedium"	"LCP1"
"M1"	"VidalHuman_core"	"SPP1"
"M1"	"VidalHuman_core"	"EPB41L3"
"M1"	"VidalHuman_core"	"IRF4"
"M1"	"VidalHuman_core"	"IFIT3"
"M1"	"VidalHuman_core"	"IFIT2"
"M1"	"VidalHuman_core"	"IFIT1"
"M1"	"VidalHuman_core"	"DOK2"
"M1"	"VidalHuman_core"	"SRGN"
"M1"	"VidalHuman_core"	"TDO2"
"M1"	"VidalHuman_core"	"ALDH1A1"
"M1"	"VidalHuman_core"	"GSTM3"
"M1"	"VidalHuman_core"	"TNNI1"
"M1"	"SOURAV_MAPK_LOW"	"PRKCB"
"M1"	"SOURAV_MAPK_LOW"	"ITGB2"
"M1"	"VidalHuman_non_core"	"BMP7"
"M1"	"VidalHuman_non_core"	"IL2RG"
"M1"	"VidalHuman_non_core"	"TGM2"
"M1"	"VidalHuman_non_core"	"IFIT3"
"M1"	"VidalHuman_non_core"	"IFIT1"
"M1"	"VidalHuman_non_core"	"P2RY6"
"M1"	"VidalHuman_non_core"	"CXCL2"
"M1"	"VidalHuman_non_core"	"PTPN7"
"M1"	"VidalHuman_non_core"	"FGF12"
"M1"	"VidalHuman_non_core"	"FGL2"
"M1"	"VidalHuman_non_core"	"SLCO4A1"
"M1"	"YeastLow"	"KYNU"
"M1"	"YeastLow"	"LCP1"
"M1"	"YeastLow"	"ALDH2"
"M1"	"BioGrid_Yeast"	"DPP4"
"M1"	"BioGrid_Yeast"	"IDO1"
"M1"	"BioGrid_Yeast"	"KYNU"
"M1"	"BioGrid_Yeast"	"LCP1"
"M1"	"BioGrid_Yeast"	"ALDH2"
"M1"	"MGI"	"SPN"
"M1"	"MGI"	"CAV1"
"M1"	"MGI"	"BMP7"
"M1"	"MGI"	"PRKCB"
"M1"	"MGI"	"KIT"
"M1"	"MGI"	"MAPT"
"M1"	"MGI"	"CCL4"
"M1"	"MGI"	"FMN1"
"M1"	"MGI"	"CSF1R"
"M1"	"MGI"	"DLX5"
"M1"	"BIND_Fly"	"EEF1A2"
"M1"	"BIND_Fly"	"BMP7"
"M1"	"BIND_Fly"	"ALDH2"
"M1"	"BIND_Fly"	"TPPP"
"M1"	"BIND_Fly"	"CFAP45"
"M1"	"BIND_Fly"	"DPYD"
"M1"	"IntAct_Fly"	"EEF1A2"
"M1"	"IntAct_Fly"	"BMP7"
"M1"	"IntAct_Fly"	"ALDH2"
"M1"	"IntAct_Fly"	"TRIM9"
"M1"	"IntAct_Fly"	"TPPP"
"M1"	"IntAct_Fly"	"CFAP45"
"M1"	"IntAct_Fly"	"DPYD"
"M1"	"IntAct_Fly"	"HS3ST3B1"
"M1"	"IntAct_Yeast"	"KYNU"
"M1"	"IntAct_Yeast"	"LCP1"
"M1"	"IntAct_Yeast"	"ALDH2"
"M1"	"BioGrid_Worm"	"TDO2"
"M1"	"BioGrid_Worm"	"TRIM9"
"M1"	"StelzlMedium"	"ANXA3"
"M1"	"StelzlMedium"	"TNFSF10"
"M1"	"StelzlMedium"	"CXCL13"
"M1"	"StelzlMedium"	"RGS1"
"M1"	"StelzlMedium"	"IL6"
"M1"	"StelzlMedium"	"HLA-DQA1"
"M1"	"StelzlMedium"	"ALDH2"
"M1"	"StelzlMedium"	"NDUFA4L2"
"M1"	"StelzlMedium"	"RPS6KA6"
"M1"	"StelzlMedium"	"CCL18"
"M1"	"StelzlMedium"	"EDN1"
"M1"	"StelzlMedium"	"RHOH"
"M1"	"StelzlMedium"	"MS4A7"
"M1"	"StelzlMedium"	"GPR183"
"M1"	"DIP_Fly"	"TRIM9"
"M1"	"DIP_Fly"	"TPPP"
"M1"	"DIP_Fly"	"CFAP45"
"M1"	"FlyLow"	"BMP7"
"M1"	"FlyLow"	"TRIM9"
"M1"	"FlyLow"	"TPPP"
"M1"	"FlyLow"	"CFAP45"
"M1"	"MINT_Fly"	"TRIM9"
"M1"	"MINT_Fly"	"TPPP"
"M1"	"MINT_Fly"	"CFAP45"
"M1"	"MINT_Fly"	"DPYD"
"M1"	"ShawnLi"	"IL2RG"
"M1"	"ShawnLi"	"CSF2RA"
"M1"	"ShawnLi"	"PPFIA4"
"M1"	"ShawnLi"	"FCGR2B"
"M1"	"ShawnLi"	"FYB1"
"M1"	"ShawnLi"	"GRIN2D"
"M1"	"ShawnLi"	"ID4"
"M1"	"KIM_MYC"	"SALL4"
"M1"	"StelzlHigh"	"ANXA3"
"M1"	"StelzlHigh"	"HLA-DQA1"
"M1"	"StelzlHigh"	"ALDH2"
"M1"	"StelzlHigh"	"CCL18"
"M1"	"StelzlHigh"	"TMPRSS3"
"M1"	"IntAct_Rat"	"MAPK15"
"M1"	"IntAct_Rat"	"LRRK2"
"M1"	"IntAct_Rat"	"ESR1"
"M1"	"IntAct_Rat"	"EEF1A2"
"M1"	"IntAct_Rat"	"SPP1"
"M1"	"IntAct_Rat"	"MAST1"
"M1"	"IntAct_Rat"	"PTPRC"
"M1"	"IntAct_Rat"	"MEST"
"M1"	"IntAct_Rat"	"SRCIN1"
"M1"	"IntAct_Rat"	"RPS6KA6"
"M1"	"IntAct_Rat"	"PAX8"
"M1"	"DIP_Rat"	"ESR1"
"M1"	"DIP_Rat"	"ALOX5AP"
"M1"	"DIP_Rat"	"SCN5A"
"M1"	"I2D-text_mining-c"	"BMP7"
"M1"	"I2D-text_mining-c"	"HCK"
"M1"	"Nakahira_Septin"	"SEPT3"
"M1"	"Krogan_NonCore"	"KYNU"
"M1"	"Krogan_NonCore"	"LCP1"
"M1"	"MINT_Yeast"	"LCP1"
"M1"	"Tarassov_PCA"	"LCP1"
"M1"	"BIND_Worm"	"TDO2"
"M1"	"DIP_Worm"	"TDO2"
"M1"	"IntAct_Worm"	"TDO2"
"M1"	"MINT_Worm"	"TDO2"
"M1"	"FlyHigh"	"TRIM9"
"M1"	"FlyHigh"	"CFAP45"
"M1"	"BIND_Yeast"	"LCP1"
"M1"	"DIP_Yeast"	"LCP1"
"M1"	"DIP_Yeast"	"ALDH2"
"M1"	"MIPS"	"LCP1"
"M1"	"Yu_GoldStd"	"LCP1"
"M1"	"StelzlLow"	"EPB41L3"
"M1"	"StelzlLow"	"IL6"
"M1"	"StelzlLow"	"FCGR2B"
"M1"	"StelzlLow"	"NDUFA4L2"
"M1"	"StelzlLow"	"RHOH"
"M1"	"StelzlLow"	"SEPT3"
"M1"	"StelzlLow"	"EPHX2"
"M1"	"StelzlLow"	"PPP1R1B"
"M1"	"Fawcett_polarity"	"CPVL"
"M2"	"IntAct"	"PDGFRL"
"M2"	"IntAct"	"FN1"
"M2"	"IntAct"	"TFCP2L1"
"M2"	"IntAct"	"ROR2"
"M2"	"IntAct"	"OLFM2"
"M2"	"IntAct"	"CREB3L1"
"M2"	"IntAct"	"MMP3"
"M2"	"IntAct"	"ADAMTSL4"
"M2"	"IntAct"	"POU5F1"
"M2"	"IntAct"	"CRYAB"
"M2"	"IntAct"	"SIM2"
"M2"	"IntAct"	"FOS"
"M2"	"IntAct"	"UCHL1"
"M2"	"IntAct"	"ADAMTS4"
"M2"	"IntAct"	"VCAN"
"M2"	"IntAct"	"NUPR1"
"M2"	"IntAct"	"ADAM23"
"M2"	"IntAct"	"CNTN1"
"M2"	"IntAct"	"SSC5D"
"M2"	"IntAct"	"MYB"
"M2"	"IntAct"	"SOX2"
"M2"	"IntAct"	"CDH2"
"M2"	"IntAct"	"PTN"
"M2"	"IntAct"	"SNCAIP"
"M2"	"IntAct"	"CD36"
"M2"	"IntAct"	"F2RL1"
"M2"	"IntAct"	"NKD1"
"M2"	"IntAct"	"ANXA1"
"M2"	"IntAct"	"GEM"
"M2"	"IntAct"	"OAT"
"M2"	"IntAct"	"ADAM19"
"M2"	"IntAct"	"BMP4"
"M2"	"IntAct"	"EFHD1"
"M2"	"IntAct"	"CDKN2A"
"M2"	"IntAct"	"FGFR1"
"M2"	"IntAct"	"S100A10"
"M2"	"IntAct"	"NGFR"
"M2"	"IntAct"	"TNFRSF19"
"M2"	"IntAct"	"GATA6"
"M2"	"IntAct"	"PYGO1"
"M2"	"IntAct"	"MME"
"M2"	"IntAct"	"KHDRBS3"
"M2"	"IntAct"	"SYT1"
"M2"	"IntAct"	"EFEMP1"
"M2"	"IntAct"	"C1QTNF1"
"M2"	"IntAct"	"CDA"
"M2"	"IntAct"	"DTX1"
"M2"	"IntAct"	"NTRK2"
"M2"	"IntAct"	"SNCA"
"M2"	"IntAct"	"EMILIN1"
"M2"	"IntAct"	"COL1A2"
"M2"	"IntAct"	"NEGR1"
"M2"	"IntAct"	"CTGF"
"M2"	"IntAct"	"LDOC1"
"M2"	"IntAct"	"NKD2"
"M2"	"IntAct"	"DACT1"
"M2"	"IntAct"	"VANGL2"
"M2"	"IntAct"	"PRICKLE1"
"M2"	"IntAct"	"PDGFRA"
"M2"	"IntAct"	"P2RY1"
"M2"	"IntAct"	"EGR2"
"M2"	"IntAct"	"FGF2"
"M2"	"IntAct"	"ID1"
"M2"	"IntAct"	"MOXD1"
"M2"	"IntAct"	"SMO"
"M2"	"IntAct"	"SFRP4"
"M2"	"IntAct"	"ADSSL1"
"M2"	"IntAct"	"FBLN2"
"M2"	"IntAct"	"NR4A1"
"M2"	"IntAct"	"DCLK1"
"M2"	"IntAct"	"ANK2"
"M2"	"IntAct"	"PLXNB3"
"M2"	"IntAct"	"CDKN2B"
"M2"	"IntAct"	"LGALS4"
"M2"	"IntAct"	"DOK7"
"M2"	"IntAct"	"HOXB6"
"M2"	"IntAct"	"RASD1"
"M2"	"IntAct"	"PAPPA"
"M2"	"IntAct"	"EVC2"
"M2"	"IntAct"	"COMP"
"M2"	"IntAct"	"FGFR4"
"M2"	"IntAct"	"ATF3"
"M2"	"IntAct"	"TWIST1"
"M2"	"IntAct"	"PTGDS"
"M2"	"IntAct"	"BCAT1"
"M2"	"IntAct"	"CELSR3"
"M2"	"IntAct"	"FLRT2"
"M2"	"IntAct"	"TUBB3"
"M2"	"IntAct"	"MTAP"
"M2"	"IntAct"	"P4HA3"
"M2"	"IntAct"	"LOXL4"
"M2"	"IntAct"	"GREB1"
"M2"	"IntAct"	"FBN1"
"M2"	"IntAct"	"SFRP2"
"M2"	"IntAct"	"SCARA3"
"M2"	"IntAct"	"CST1"
"M2"	"IntAct"	"SERPINE1"
"M2"	"IntAct"	"SLC2A3"
"M2"	"IntAct"	"CES1"
"M2"	"IntAct"	"NRG4"
"M2"	"IntAct"	"RGS2"
"M2"	"IntAct"	"METTL27"
"M2"	"IntAct"	"SFRP1"
"M2"	"IntAct"	"GAS7"
"M2"	"IntAct"	"CKMT1A"
"M2"	"IntAct"	"MXRA5"
"M2"	"IntAct"	"ACAN"
"M2"	"IntAct"	"RAMP1"
"M2"	"IntAct"	"DLX3"
"M2"	"IntAct"	"FAM20C"
"M2"	"IntAct"	"CEMIP"
"M2"	"IntAct"	"PTPRD"
"M2"	"IntAct"	"CST6"
"M2"	"IntAct"	"COL12A1"
"M2"	"IntAct"	"ARID3A"
"M2"	"IntAct"	"TEAD2"
"M2"	"IntAct"	"ZFPM2"
"M2"	"IntAct"	"SLIT2"
"M2"	"IntAct"	"SGCE"
"M2"	"IntAct"	"ADAM12"
"M2"	"IntAct"	"MAP1B"
"M2"	"IntAct"	"COL8A1"
"M2"	"IntAct"	"LOX"
"M2"	"IntAct"	"CCL11"
"M2"	"IntAct"	"KLHL29"
"M2"	"IntAct"	"THBS1"
"M2"	"IntAct"	"EFNA5"
"M2"	"IntAct"	"GAD1"
"M2"	"IntAct"	"BTC"
"M2"	"IntAct"	"PLAT"
"M2"	"IntAct"	"C1R"
"M2"	"IntAct"	"C1S"
"M2"	"IntAct"	"HBB"
"M2"	"IntAct"	"HGF"
"M2"	"IntAct"	"PRSS3"
"M2"	"IntAct"	"MMP2"
"M2"	"IntAct"	"TGFBI"
"M2"	"IntAct"	"CTSK"
"M2"	"IntAct"	"TSPAN2"
"M2"	"IntAct"	"COL6A1"
"M2"	"IntAct"	"BGN"
"M2"	"IntAct"	"FAP"
"M2"	"IntAct"	"SPOCK1"
"M2"	"IntAct"	"CXCL12"
"M2"	"IntAct"	"ALOX12"
"M2"	"IntAct"	"COL6A2"
"M2"	"IntAct"	"FBN2"
"M2"	"IntAct"	"LSAMP"
"M2"	"IntAct"	"FST"
"M2"	"IntAct"	"ROBO1"
"M2"	"IntAct"	"NQO1"
"M2"	"IntAct"	"RASSF6"
"M2"	"IntAct"	"BVES"
"M2"	"IntAct"	"CLIC3"
"M2"	"IntAct"	"LPL"
"M2"	"IntAct"	"NNMT"
"M2"	"IntAct"	"ETV4"
"M2"	"IntAct"	"SPEG"
"M2"	"IntAct"	"NTM"
"M2"	"IntAct"	"PCDHGC3"
"M2"	"IntAct"	"SPHK1"
"M2"	"IntAct"	"COL10A1"
"M2"	"IntAct"	"AKAP12"
"M2"	"IntAct"	"EPHB6"
"M2"	"IntAct"	"PRKY"
"M2"	"IntAct"	"MYLK4"
"M2"	"IntAct"	"TIMP3"
"M2"	"IntAct"	"INHBA"
"M2"	"IntAct"	"ANGPT1"
"M2"	"IntAct"	"ANOS1"
"M2"	"IntAct"	"TPSAB1"
"M2"	"IntAct"	"RNF43"
"M2"	"IntAct"	"BASP1"
"M2"	"IntAct"	"NID2"
"M2"	"IntAct"	"TM4SF1"
"M2"	"IntAct"	"TRIM31"
"M2"	"IntAct"	"MSC"
"M2"	"IntAct"	"TPSB2"
"M2"	"IntAct"	"GJA5"
"M2"	"IntAct"	"OLFML3"
"M2"	"IntAct"	"CYP4F11"
"M2"	"IntAct"	"BST1"
"M2"	"IntAct"	"ATOH8"
"M2"	"IntAct"	"EVA1A"
"M2"	"IntAct"	"HSPA1A"
"M2"	"IntAct"	"PKIB"
"M2"	"IntAct"	"RORC"
"M2"	"IntAct"	"MAOB"
"M2"	"IntAct"	"AKR1C1"
"M2"	"IntAct"	"DUSP2"
"M2"	"IntAct"	"COL6A3"
"M2"	"IntAct"	"PLA2G16"
"M2"	"IntAct"	"ALCAM"
"M2"	"IntAct"	"WNT5A"
"M2"	"IntAct"	"GREM1"
"M2"	"IntAct"	"HOXB5"
"M2"	"IntAct"	"SUSD4"
"M2"	"IntAct"	"SERPINF1"
"M2"	"IntAct"	"GPNMB"
"M2"	"IntAct"	"OSR2"
"M2"	"IntAct"	"GPR39"
"M2"	"IntAct"	"RGS17"
"M2"	"IntAct"	"PLAG1"
"M2"	"IntAct"	"KIAA1549L"
"M2"	"IntAct"	"PID1"
"M2"	"IntAct"	"ADAMTS12"
"M2"	"IntAct"	"SPOCD1"
"M2"	"IntAct"	"GPR143"
"M2"	"IntAct"	"TRPS1"
"M2"	"IntAct"	"DEPDC7"
"M2"	"IntAct"	"PDE1B"
"M2"	"IntAct"	"INPP5J"
"M2"	"IntAct"	"PDLIM4"
"M2"	"IntAct"	"TENM3"
"M2"	"IntAct"	"EIF5A2"
"M2"	"IntAct"	"TRPV3"
"M2"	"IntAct"	"ARSI"
"M2"	"IntAct"	"CYP2S1"
"M2"	"IntAct"	"NSG1"
"M2"	"IntAct"	"JPH1"
"M2"	"IntAct"	"WNT5B"
"M2"	"IntAct"	"FCGBP"
"M2"	"IntAct"	"RGMA"
"M2"	"IntAct"	"CLMP"
"M2"	"IntAct"	"LIPG"
"M2"	"IntAct"	"IGFBP6"
"M2"	"IntAct"	"EPDR1"
"M2"	"IntAct"	"CYP1B1"
"M2"	"IntAct"	"POSTN"
"M2"	"IntAct"	"CORO6"
"M2"	"IntAct"	"MEDAG"
"M2"	"BioGrid"	"CCDC8"
"M2"	"BioGrid"	"FN1"
"M2"	"BioGrid"	"NTN1"
"M2"	"BioGrid"	"ROR2"
"M2"	"BioGrid"	"OLFM2"
"M2"	"BioGrid"	"CREB3L1"
"M2"	"BioGrid"	"MMP3"
"M2"	"BioGrid"	"ADAMTSL4"
"M2"	"BioGrid"	"POU5F1"
"M2"	"BioGrid"	"CRYAB"
"M2"	"BioGrid"	"SIM2"
"M2"	"BioGrid"	"FOS"
"M2"	"BioGrid"	"UCHL1"
"M2"	"BioGrid"	"ADAMTS4"
"M2"	"BioGrid"	"VCAN"
"M2"	"BioGrid"	"LUM"
"M2"	"BioGrid"	"TNFAIP6"
"M2"	"BioGrid"	"NUPR1"
"M2"	"BioGrid"	"CACNA2D1"
"M2"	"BioGrid"	"CNTN1"
"M2"	"BioGrid"	"RBP1"
"M2"	"BioGrid"	"MYB"
"M2"	"BioGrid"	"WNT2"
"M2"	"BioGrid"	"SOX2"
"M2"	"BioGrid"	"CDH2"
"M2"	"BioGrid"	"PTN"
"M2"	"BioGrid"	"SNCAIP"
"M2"	"BioGrid"	"DCN"
"M2"	"BioGrid"	"CD36"
"M2"	"BioGrid"	"F2RL1"
"M2"	"BioGrid"	"ANXA1"
"M2"	"BioGrid"	"PDPN"
"M2"	"BioGrid"	"GEM"
"M2"	"BioGrid"	"HAS2"
"M2"	"BioGrid"	"KCNMA1"
"M2"	"BioGrid"	"OAT"
"M2"	"BioGrid"	"ADAM19"
"M2"	"BioGrid"	"BMP4"
"M2"	"BioGrid"	"EFHD1"
"M2"	"BioGrid"	"CDKN2A"
"M2"	"BioGrid"	"FGFR1"
"M2"	"BioGrid"	"S100A10"
"M2"	"BioGrid"	"NGFR"
"M2"	"BioGrid"	"GATA6"
"M2"	"BioGrid"	"PYGO1"
"M2"	"BioGrid"	"MME"
"M2"	"BioGrid"	"KHDRBS3"
"M2"	"BioGrid"	"SYT1"
"M2"	"BioGrid"	"EFEMP1"
"M2"	"BioGrid"	"CDA"
"M2"	"BioGrid"	"DTX1"
"M2"	"BioGrid"	"NTRK2"
"M2"	"BioGrid"	"SNCA"
"M2"	"BioGrid"	"EMILIN1"
"M2"	"BioGrid"	"COL1A2"
"M2"	"BioGrid"	"NEGR1"
"M2"	"BioGrid"	"TNC"
"M2"	"BioGrid"	"CTGF"
"M2"	"BioGrid"	"LDOC1"
"M2"	"BioGrid"	"NKD2"
"M2"	"BioGrid"	"DACT1"
"M2"	"BioGrid"	"PDGFRA"
"M2"	"BioGrid"	"P2RY1"
"M2"	"BioGrid"	"EGR2"
"M2"	"BioGrid"	"NRP2"
"M2"	"BioGrid"	"FGF2"
"M2"	"BioGrid"	"TNFRSF11B"
"M2"	"BioGrid"	"TIMP2"
"M2"	"BioGrid"	"PTGS2"
"M2"	"BioGrid"	"ID1"
"M2"	"BioGrid"	"MOXD1"
"M2"	"BioGrid"	"SMO"
"M2"	"BioGrid"	"ADSSL1"
"M2"	"BioGrid"	"FBLN2"
"M2"	"BioGrid"	"NR4A1"
"M2"	"BioGrid"	"DCLK1"
"M2"	"BioGrid"	"ANK2"
"M2"	"BioGrid"	"PLXNB3"
"M2"	"BioGrid"	"COL1A1"
"M2"	"BioGrid"	"COL3A1"
"M2"	"BioGrid"	"COL5A1"
"M2"	"BioGrid"	"CDKN2B"
"M2"	"BioGrid"	"LGALS4"
"M2"	"BioGrid"	"HOXB6"
"M2"	"BioGrid"	"RASD1"
"M2"	"BioGrid"	"PAPPA"
"M2"	"BioGrid"	"COMP"
"M2"	"BioGrid"	"FGFR4"
"M2"	"BioGrid"	"ATF3"
"M2"	"BioGrid"	"TWIST1"
"M2"	"BioGrid"	"PTGDS"
"M2"	"BioGrid"	"BCAT1"
"M2"	"BioGrid"	"CELSR3"
"M2"	"BioGrid"	"TUBB3"
"M2"	"BioGrid"	"MTAP"
"M2"	"BioGrid"	"P4HA3"
"M2"	"BioGrid"	"LOXL4"
"M2"	"BioGrid"	"FBN1"
"M2"	"BioGrid"	"SFRP2"
"M2"	"BioGrid"	"CST1"
"M2"	"BioGrid"	"SERPINE1"
"M2"	"BioGrid"	"COL8A2"
"M2"	"BioGrid"	"CES1"
"M2"	"BioGrid"	"TREM1"
"M2"	"BioGrid"	"PAX9"
"M2"	"BioGrid"	"RGS2"
"M2"	"BioGrid"	"METTL27"
"M2"	"BioGrid"	"SFRP1"
"M2"	"BioGrid"	"ARTN"
"M2"	"BioGrid"	"GAS7"
"M2"	"BioGrid"	"CKMT1A"
"M2"	"BioGrid"	"ACAN"
"M2"	"BioGrid"	"RAMP1"
"M2"	"BioGrid"	"DLX3"
"M2"	"BioGrid"	"KCNE4"
"M2"	"BioGrid"	"FKBP10"
"M2"	"BioGrid"	"PTPRD"
"M2"	"BioGrid"	"ARID3A"
"M2"	"BioGrid"	"TEAD2"
"M2"	"BioGrid"	"ZFPM2"
"M2"	"BioGrid"	"SLIT2"
"M2"	"BioGrid"	"APBA2"
"M2"	"BioGrid"	"TSPOAP1"
"M2"	"BioGrid"	"ADAM12"
"M2"	"BioGrid"	"MAP1B"
"M2"	"BioGrid"	"COL8A1"
"M2"	"BioGrid"	"LOX"
"M2"	"BioGrid"	"CCL11"
"M2"	"BioGrid"	"KLHL29"
"M2"	"BioGrid"	"THBS1"
"M2"	"BioGrid"	"EFNA5"
"M2"	"BioGrid"	"GAD1"
"M2"	"BioGrid"	"BTC"
"M2"	"BioGrid"	"LRIG1"
"M2"	"BioGrid"	"PLAT"
"M2"	"BioGrid"	"SERPINE2"
"M2"	"BioGrid"	"IGFBP5"
"M2"	"BioGrid"	"C1R"
"M2"	"BioGrid"	"HBB"
"M2"	"BioGrid"	"LAMA1"
"M2"	"BioGrid"	"HGF"
"M2"	"BioGrid"	"PRSS3"
"M2"	"BioGrid"	"MMP2"
"M2"	"BioGrid"	"TGFBI"
"M2"	"BioGrid"	"COL6A1"
"M2"	"BioGrid"	"BGN"
"M2"	"BioGrid"	"TGFB2"
"M2"	"BioGrid"	"FMOD"
"M2"	"BioGrid"	"DPT"
"M2"	"BioGrid"	"FAP"
"M2"	"BioGrid"	"CXCL12"
"M2"	"BioGrid"	"RAB3B"
"M2"	"BioGrid"	"ALOX12"
"M2"	"BioGrid"	"COL6A2"
"M2"	"BioGrid"	"LSAMP"
"M2"	"BioGrid"	"FST"
"M2"	"BioGrid"	"NQO1"
"M2"	"BioGrid"	"RASSF6"
"M2"	"BioGrid"	"RGS4"
"M2"	"BioGrid"	"CLIC3"
"M2"	"BioGrid"	"LPL"
"M2"	"BioGrid"	"HAPLN1"
"M2"	"BioGrid"	"NNMT"
"M2"	"BioGrid"	"ETV4"
"M2"	"BioGrid"	"COL14A1"
"M2"	"BioGrid"	"SPEG"
"M2"	"BioGrid"	"PTGIS"
"M2"	"BioGrid"	"COLEC12"
"M2"	"BioGrid"	"PHYHD1"
"M2"	"BioGrid"	"SULF1"
"M2"	"BioGrid"	"SIX2"
"M2"	"BioGrid"	"NLRP2"
"M2"	"BioGrid"	"NTM"
"M2"	"BioGrid"	"PCDHGC3"
"M2"	"BioGrid"	"IL11"
"M2"	"BioGrid"	"SPHK1"
"M2"	"BioGrid"	"COL10A1"
"M2"	"BioGrid"	"ASCL2"
"M2"	"BioGrid"	"AKAP12"
"M2"	"BioGrid"	"WISP1"
"M2"	"BioGrid"	"CHST15"
"M2"	"BioGrid"	"COL11A1"
"M2"	"BioGrid"	"EPHB6"
"M2"	"BioGrid"	"TIMP3"
"M2"	"BioGrid"	"INHBA"
"M2"	"BioGrid"	"ANOS1"
"M2"	"BioGrid"	"TPSAB1"
"M2"	"BioGrid"	"KIF26B"
"M2"	"BioGrid"	"RNF43"
"M2"	"BioGrid"	"BCL2L14"
"M2"	"BioGrid"	"BASP1"
"M2"	"BioGrid"	"NID2"
"M2"	"BioGrid"	"TM4SF1"
"M2"	"BioGrid"	"ADHFE1"
"M2"	"BioGrid"	"ALDH3A1"
"M2"	"BioGrid"	"TRIM31"
"M2"	"BioGrid"	"HOXB8"
"M2"	"BioGrid"	"DPYSL3"
"M2"	"BioGrid"	"CYP39A1"
"M2"	"BioGrid"	"MFAP2"
"M2"	"BioGrid"	"MSC"
"M2"	"BioGrid"	"TPSB2"
"M2"	"BioGrid"	"FOSB"
"M2"	"BioGrid"	"GJA5"
"M2"	"BioGrid"	"OLFML3"
"M2"	"BioGrid"	"CYP4F11"
"M2"	"BioGrid"	"BST1"
"M2"	"BioGrid"	"FOXF2"
"M2"	"BioGrid"	"ATOH8"
"M2"	"BioGrid"	"EVA1A"
"M2"	"BioGrid"	"GPX3"
"M2"	"BioGrid"	"PTGS1"
"M2"	"BioGrid"	"MAOB"
"M2"	"BioGrid"	"AKR1C1"
"M2"	"BioGrid"	"PLA2G16"
"M2"	"BioGrid"	"ALCAM"
"M2"	"BioGrid"	"WNT5A"
"M2"	"BioGrid"	"HOXB5"
"M2"	"BioGrid"	"SERPINF1"
"M2"	"BioGrid"	"RGS17"
"M2"	"BioGrid"	"PLAG1"
"M2"	"BioGrid"	"DIO2"
"M2"	"BioGrid"	"PID1"
"M2"	"BioGrid"	"LYVE1"
"M2"	"BioGrid"	"NR4A3"
"M2"	"BioGrid"	"DNAJC15"
"M2"	"BioGrid"	"PDZRN3"
"M2"	"BioGrid"	"FBXO17"
"M2"	"BioGrid"	"GPR143"
"M2"	"BioGrid"	"TRPS1"
"M2"	"BioGrid"	"PRRX1"
"M2"	"BioGrid"	"DEPDC7"
"M2"	"BioGrid"	"GALNT14"
"M2"	"BioGrid"	"LMTK3"
"M2"	"BioGrid"	"INPP5J"
"M2"	"BioGrid"	"MN1"
"M2"	"BioGrid"	"PDLIM4"
"M2"	"BioGrid"	"EIF5A2"
"M2"	"BioGrid"	"KDM5D"
"M2"	"BioGrid"	"CYP2S1"
"M2"	"BioGrid"	"NSG1"
"M2"	"BioGrid"	"RANBP17"
"M2"	"BioGrid"	"ZFY"
"M2"	"BioGrid"	"GALNT15"
"M2"	"BioGrid"	"CLMP"
"M2"	"BioGrid"	"LIPG"
"M2"	"IntAct_Mouse"	"FN1"
"M2"	"IntAct_Mouse"	"TFCP2L1"
"M2"	"IntAct_Mouse"	"NTN1"
"M2"	"IntAct_Mouse"	"POU5F1"
"M2"	"IntAct_Mouse"	"CRYAB"
"M2"	"IntAct_Mouse"	"FOS"
"M2"	"IntAct_Mouse"	"UCHL1"
"M2"	"IntAct_Mouse"	"ADAM23"
"M2"	"IntAct_Mouse"	"CACNA2D1"
"M2"	"IntAct_Mouse"	"CNTN1"
"M2"	"IntAct_Mouse"	"MYB"
"M2"	"IntAct_Mouse"	"SOX2"
"M2"	"IntAct_Mouse"	"CDH2"
"M2"	"IntAct_Mouse"	"SNCAIP"
"M2"	"IntAct_Mouse"	"NKD1"
"M2"	"IntAct_Mouse"	"GEM"
"M2"	"IntAct_Mouse"	"KCNMA1"
"M2"	"IntAct_Mouse"	"S100A10"
"M2"	"IntAct_Mouse"	"TNFRSF19"
"M2"	"IntAct_Mouse"	"KHDRBS3"
"M2"	"IntAct_Mouse"	"SYT1"
"M2"	"IntAct_Mouse"	"CDA"
"M2"	"IntAct_Mouse"	"NTRK2"
"M2"	"IntAct_Mouse"	"SNCA"
"M2"	"IntAct_Mouse"	"NKD2"
"M2"	"IntAct_Mouse"	"DACT1"
"M2"	"IntAct_Mouse"	"VANGL2"
"M2"	"IntAct_Mouse"	"EGR2"
"M2"	"IntAct_Mouse"	"PTGS2"
"M2"	"IntAct_Mouse"	"PLXNB3"
"M2"	"IntAct_Mouse"	"COL3A1"
"M2"	"IntAct_Mouse"	"DOK7"
"M2"	"IntAct_Mouse"	"RASD1"
"M2"	"IntAct_Mouse"	"PAX9"
"M2"	"IntAct_Mouse"	"RGS2"
"M2"	"IntAct_Mouse"	"SPAG17"
"M2"	"IntAct_Mouse"	"MAP1B"
"M2"	"IntAct_Mouse"	"LOX"
"M2"	"IntAct_Mouse"	"EFNA5"
"M2"	"IntAct_Mouse"	"LAMA1"
"M2"	"IntAct_Mouse"	"CTSK"
"M2"	"IntAct_Mouse"	"FABP6"
"M2"	"IntAct_Mouse"	"BCL2L14"
"M2"	"IntAct_Mouse"	"DUSP2"
"M2"	"IntAct_Mouse"	"GPNMB"
"M2"	"IntAct_Mouse"	"PDLIM4"
"M2"	"IntAct_Fly"	"NTN1"
"M2"	"IntAct_Fly"	"ADAM19"
"M2"	"IntAct_Fly"	"NEGR1"
"M2"	"IntAct_Fly"	"SEMA3A"
"M2"	"IntAct_Fly"	"MOXD1"
"M2"	"IntAct_Fly"	"SMO"
"M2"	"IntAct_Fly"	"ADSSL1"
"M2"	"IntAct_Fly"	"FBLN2"
"M2"	"IntAct_Fly"	"LANCL3"
"M2"	"IntAct_Fly"	"MTAP"
"M2"	"IntAct_Fly"	"SLC2A3"
"M2"	"IntAct_Fly"	"PTPRD"
"M2"	"IntAct_Fly"	"GAD1"
"M2"	"IntAct_Fly"	"FAP"
"M2"	"IntAct_Fly"	"ROBO1"
"M2"	"IntAct_Fly"	"PHYHD1"
"M2"	"IntAct_Fly"	"SCD5"
"M2"	"IntAct_Fly"	"CHST6"
"M2"	"IntAct_Fly"	"ALDH1L2"
"M2"	"IntAct_Fly"	"SPON2"
"M2"	"IntAct_Fly"	"CHST11"
"M2"	"MINT"	"FN1"
"M2"	"MINT"	"OLFM2"
"M2"	"MINT"	"CREB3L1"
"M2"	"MINT"	"CRYAB"
"M2"	"MINT"	"FOS"
"M2"	"MINT"	"LUM"
"M2"	"MINT"	"ADAM23"
"M2"	"MINT"	"MYB"
"M2"	"MINT"	"CDH2"
"M2"	"MINT"	"PTN"
"M2"	"MINT"	"SNCAIP"
"M2"	"MINT"	"ANXA1"
"M2"	"MINT"	"PDPN"
"M2"	"MINT"	"GEM"
"M2"	"MINT"	"OAT"
"M2"	"MINT"	"ADAM19"
"M2"	"MINT"	"BMP4"
"M2"	"MINT"	"CDKN2A"
"M2"	"MINT"	"FGFR1"
"M2"	"MINT"	"S100A10"
"M2"	"MINT"	"NGFR"
"M2"	"MINT"	"MME"
"M2"	"MINT"	"KHDRBS3"
"M2"	"MINT"	"SYT1"
"M2"	"MINT"	"EFEMP1"
"M2"	"MINT"	"DTX1"
"M2"	"MINT"	"SNCA"
"M2"	"MINT"	"EMILIN1"
"M2"	"MINT"	"LDOC1"
"M2"	"MINT"	"PDGFRA"
"M2"	"MINT"	"P2RY1"
"M2"	"MINT"	"EGR2"
"M2"	"MINT"	"NR4A1"
"M2"	"MINT"	"COL1A1"
"M2"	"MINT"	"LGALS4"
"M2"	"MINT"	"HOXB6"
"M2"	"MINT"	"ATF3"
"M2"	"MINT"	"TWIST1"
"M2"	"MINT"	"CELSR3"
"M2"	"MINT"	"FLRT2"
"M2"	"MINT"	"TUBB3"
"M2"	"MINT"	"MTAP"
"M2"	"MINT"	"SERPINE1"
"M2"	"MINT"	"SLC2A3"
"M2"	"MINT"	"CES1"
"M2"	"MINT"	"NRG4"
"M2"	"MINT"	"RGS2"
"M2"	"MINT"	"GAS7"
"M2"	"MINT"	"PTPRD"
"M2"	"MINT"	"ARID3A"
"M2"	"MINT"	"SLIT2"
"M2"	"MINT"	"APBA2"
"M2"	"MINT"	"ADAM12"
"M2"	"MINT"	"EFNA5"
"M2"	"MINT"	"GAD1"
"M2"	"MINT"	"IGFBP5"
"M2"	"MINT"	"C1R"
"M2"	"MINT"	"DPT"
"M2"	"MINT"	"FAP"
"M2"	"MINT"	"FST"
"M2"	"MINT"	"NQO1"
"M2"	"MINT"	"LPL"
"M2"	"MINT"	"IL11"
"M2"	"MINT"	"COL10A1"
"M2"	"MINT"	"AKAP12"
"M2"	"MINT"	"EPHB6"
"M2"	"MINT"	"INHBA"
"M2"	"MINT"	"TM4SF1"
"M2"	"MINT"	"COL16A1"
"M2"	"MINT"	"GJA5"
"M2"	"MINT"	"OLFML3"
"M2"	"MINT"	"EVA1A"
"M2"	"MINT"	"DUSP2"
"M2"	"MINT"	"PLA2G16"
"M2"	"MINT"	"GREM1"
"M2"	"MINT"	"TRPS1"
"M2"	"MINT"	"LMTK3"
"M2"	"MINT"	"PDLIM4"
"M2"	"MINT"	"SGCD"
"M2"	"MINT"	"CYP2S1"
"M2"	"BioGrid_Mouse"	"TFCP2L1"
"M2"	"BioGrid_Mouse"	"ROR2"
"M2"	"BioGrid_Mouse"	"POU5F1"
"M2"	"BioGrid_Mouse"	"FOS"
"M2"	"BioGrid_Mouse"	"UCHL1"
"M2"	"BioGrid_Mouse"	"RBP1"
"M2"	"BioGrid_Mouse"	"MYB"
"M2"	"BioGrid_Mouse"	"WNT2"
"M2"	"BioGrid_Mouse"	"SOX2"
"M2"	"BioGrid_Mouse"	"CDH2"
"M2"	"BioGrid_Mouse"	"SNCAIP"
"M2"	"BioGrid_Mouse"	"ANXA1"
"M2"	"BioGrid_Mouse"	"KCNMA1"
"M2"	"BioGrid_Mouse"	"BMP4"
"M2"	"BioGrid_Mouse"	"CDKN2A"
"M2"	"BioGrid_Mouse"	"FGFR1"
"M2"	"BioGrid_Mouse"	"NGFR"
"M2"	"BioGrid_Mouse"	"TNFRSF19"
"M2"	"BioGrid_Mouse"	"GATA6"
"M2"	"BioGrid_Mouse"	"PYGO1"
"M2"	"BioGrid_Mouse"	"MME"
"M2"	"BioGrid_Mouse"	"DTX1"
"M2"	"BioGrid_Mouse"	"NTRK2"
"M2"	"BioGrid_Mouse"	"SNCA"
"M2"	"BioGrid_Mouse"	"NKD2"
"M2"	"BioGrid_Mouse"	"VANGL2"
"M2"	"BioGrid_Mouse"	"PDGFRA"
"M2"	"BioGrid_Mouse"	"EGR2"
"M2"	"BioGrid_Mouse"	"FGF2"
"M2"	"BioGrid_Mouse"	"PTGS2"
"M2"	"BioGrid_Mouse"	"ID1"
"M2"	"BioGrid_Mouse"	"SFRP4"
"M2"	"BioGrid_Mouse"	"ADSSL1"
"M2"	"BioGrid_Mouse"	"NR4A1"
"M2"	"BioGrid_Mouse"	"DCLK1"
"M2"	"BioGrid_Mouse"	"COL1A1"
"M2"	"BioGrid_Mouse"	"COL3A1"
"M2"	"BioGrid_Mouse"	"COL5A1"
"M2"	"BioGrid_Mouse"	"HOXB6"
"M2"	"BioGrid_Mouse"	"ATF3"
"M2"	"BioGrid_Mouse"	"TWIST1"
"M2"	"BioGrid_Mouse"	"SFRP2"
"M2"	"BioGrid_Mouse"	"PAX9"
"M2"	"BioGrid_Mouse"	"SFRP1"
"M2"	"BioGrid_Mouse"	"ARTN"
"M2"	"BioGrid_Mouse"	"ARID3A"
"M2"	"BioGrid_Mouse"	"TEAD2"
"M2"	"BioGrid_Mouse"	"SLIT2"
"M2"	"BioGrid_Mouse"	"PRDM8"
"M2"	"BioGrid_Mouse"	"MAP1B"
"M2"	"BioGrid_Mouse"	"COL8A1"
"M2"	"BioGrid_Mouse"	"THBS1"
"M2"	"BioGrid_Mouse"	"BTC"
"M2"	"BioGrid_Mouse"	"LAMA1"
"M2"	"BioGrid_Mouse"	"TGFB2"
"M2"	"BioGrid_Mouse"	"ROBO1"
"M2"	"BioGrid_Mouse"	"NQO1"
"M2"	"BioGrid_Mouse"	"THBS2"
"M2"	"BioGrid_Mouse"	"INHBA"
"M2"	"BioGrid_Mouse"	"HOXB8"
"M2"	"BioGrid_Mouse"	"AEBP1"
"M2"	"BioGrid_Mouse"	"FOSB"
"M2"	"BioGrid_Mouse"	"RORC"
"M2"	"BioGrid_Mouse"	"PTGS1"
"M2"	"BioGrid_Mouse"	"DUSP2"
"M2"	"BioGrid_Mouse"	"WNT5A"
"M2"	"BioGrid_Mouse"	"HOXB5"
"M2"	"BioGrid_Mouse"	"NR4A3"
"M2"	"BioGrid_Mouse"	"TRPS1"
"M2"	"BioGrid_Mouse"	"SOD3"
"M2"	"BioGrid_Mouse"	"PDLIM4"
"M2"	"BioGrid_Mouse"	"GAS1"
"M2"	"BioGrid_Mouse"	"PCLO"
"M2"	"BioGrid_Mouse"	"KDM5D"
"M2"	"BioGrid_Fly"	"NTN1"
"M2"	"BioGrid_Fly"	"SPON1"
"M2"	"BioGrid_Fly"	"CRYAB"
"M2"	"BioGrid_Fly"	"ABCC3"
"M2"	"BioGrid_Fly"	"NEGR1"
"M2"	"BioGrid_Fly"	"SEMA3A"
"M2"	"BioGrid_Fly"	"MOXD1"
"M2"	"BioGrid_Fly"	"SMO"
"M2"	"BioGrid_Fly"	"ADSSL1"
"M2"	"BioGrid_Fly"	"FBLN2"
"M2"	"BioGrid_Fly"	"COMP"
"M2"	"BioGrid_Fly"	"LANCL3"
"M2"	"BioGrid_Fly"	"BCAT1"
"M2"	"BioGrid_Fly"	"SLC2A3"
"M2"	"BioGrid_Fly"	"PTPRD"
"M2"	"BioGrid_Fly"	"SLIT2"
"M2"	"BioGrid_Fly"	"GAD1"
"M2"	"BioGrid_Fly"	"FAP"
"M2"	"BioGrid_Fly"	"MMP17"
"M2"	"BioGrid_Fly"	"LSAMP"
"M2"	"BioGrid_Fly"	"ROBO1"
"M2"	"BioGrid_Fly"	"PHYHD1"
"M2"	"BioGrid_Fly"	"SPHK1"
"M2"	"BioGrid_Fly"	"SCD5"
"M2"	"BioGrid_Fly"	"GOLGA7B"
"M2"	"BioGrid_Fly"	"SPON2"
"M2"	"BioGrid_Fly"	"CHST11"
"M2"	"DIP_Fly"	"SPON1"
"M2"	"DIP_Fly"	"CRYAB"
"M2"	"DIP_Fly"	"NEGR1"
"M2"	"DIP_Fly"	"SEMA3A"
"M2"	"DIP_Fly"	"MOXD1"
"M2"	"DIP_Fly"	"SMO"
"M2"	"DIP_Fly"	"ADSSL1"
"M2"	"DIP_Fly"	"FBLN2"
"M2"	"DIP_Fly"	"LANCL3"
"M2"	"DIP_Fly"	"SLC2A3"
"M2"	"DIP_Fly"	"PTPRD"
"M2"	"DIP_Fly"	"GAD1"
"M2"	"DIP_Fly"	"FAP"
"M2"	"DIP_Fly"	"ROBO1"
"M2"	"DIP_Fly"	"SCD5"
"M2"	"DIP_Fly"	"SPON2"
"M2"	"DIP_Fly"	"ANO1"
"M2"	"DIP_Fly"	"CHST11"
"M2"	"HPRD"	"FN1"
"M2"	"HPRD"	"TFCP2L1"
"M2"	"HPRD"	"NTN1"
"M2"	"HPRD"	"ROR2"
"M2"	"HPRD"	"OLFM2"
"M2"	"HPRD"	"CREB3L1"
"M2"	"HPRD"	"MMP3"
"M2"	"HPRD"	"POU5F1"
"M2"	"HPRD"	"SPON1"
"M2"	"HPRD"	"CRYAB"
"M2"	"HPRD"	"SIM2"
"M2"	"HPRD"	"FOS"
"M2"	"HPRD"	"UCHL1"
"M2"	"HPRD"	"ADAMTS4"
"M2"	"HPRD"	"VCAN"
"M2"	"HPRD"	"LUM"
"M2"	"HPRD"	"TNFAIP6"
"M2"	"HPRD"	"NUPR1"
"M2"	"HPRD"	"ADAM23"
"M2"	"HPRD"	"CNTN1"
"M2"	"HPRD"	"RBP1"
"M2"	"HPRD"	"MYB"
"M2"	"HPRD"	"WNT2"
"M2"	"HPRD"	"SOX2"
"M2"	"HPRD"	"CDH2"
"M2"	"HPRD"	"PTN"
"M2"	"HPRD"	"SNCAIP"
"M2"	"HPRD"	"DCN"
"M2"	"HPRD"	"CD36"
"M2"	"HPRD"	"F2RL1"
"M2"	"HPRD"	"ANXA1"
"M2"	"HPRD"	"GEM"
"M2"	"HPRD"	"KCNMA1"
"M2"	"HPRD"	"OAT"
"M2"	"HPRD"	"BMP4"
"M2"	"HPRD"	"S100A10"
"M2"	"HPRD"	"NGFR"
"M2"	"HPRD"	"TNFRSF19"
"M2"	"HPRD"	"GATA6"
"M2"	"HPRD"	"PYGO1"
"M2"	"HPRD"	"MME"
"M2"	"HPRD"	"KHDRBS3"
"M2"	"HPRD"	"SYT1"
"M2"	"HPRD"	"C1QTNF1"
"M2"	"HPRD"	"CDA"
"M2"	"HPRD"	"DTX1"
"M2"	"HPRD"	"NTRK2"
"M2"	"HPRD"	"SNCA"
"M2"	"HPRD"	"EMILIN1"
"M2"	"HPRD"	"COL1A2"
"M2"	"HPRD"	"TNC"
"M2"	"HPRD"	"CTGF"
"M2"	"HPRD"	"LDOC1"
"M2"	"HPRD"	"PRICKLE1"
"M2"	"HPRD"	"PDGFRA"
"M2"	"HPRD"	"P2RY1"
"M2"	"HPRD"	"EGR2"
"M2"	"HPRD"	"NRP2"
"M2"	"HPRD"	"FGF2"
"M2"	"HPRD"	"SEMA3A"
"M2"	"HPRD"	"TNFRSF11B"
"M2"	"HPRD"	"FSTL3"
"M2"	"HPRD"	"TIMP2"
"M2"	"HPRD"	"PTGS2"
"M2"	"HPRD"	"ID1"
"M2"	"HPRD"	"SMO"
"M2"	"HPRD"	"ADSSL1"
"M2"	"HPRD"	"FBLN2"
"M2"	"HPRD"	"NR4A1"
"M2"	"HPRD"	"ANK2"
"M2"	"HPRD"	"PLXNB3"
"M2"	"HPRD"	"COL1A1"
"M2"	"HPRD"	"CDKN2B"
"M2"	"HPRD"	"LGALS4"
"M2"	"HPRD"	"DOK7"
"M2"	"HPRD"	"HOXB6"
"M2"	"HPRD"	"RASD1"
"M2"	"HPRD"	"PAPPA"
"M2"	"HPRD"	"EVC2"
"M2"	"HPRD"	"COMP"
"M2"	"HPRD"	"FGFR4"
"M2"	"HPRD"	"LIF"
"M2"	"HPRD"	"ATF3"
"M2"	"HPRD"	"TWIST1"
"M2"	"HPRD"	"PTGDS"
"M2"	"HPRD"	"CELSR3"
"M2"	"HPRD"	"TUBB3"
"M2"	"HPRD"	"P4HA3"
"M2"	"HPRD"	"LOXL4"
"M2"	"HPRD"	"SFRP2"
"M2"	"HPRD"	"SERPINE1"
"M2"	"HPRD"	"COL8A2"
"M2"	"HPRD"	"CES1"
"M2"	"HPRD"	"NRG4"
"M2"	"HPRD"	"TREM1"
"M2"	"HPRD"	"PAX9"
"M2"	"HPRD"	"RGS2"
"M2"	"HPRD"	"SFRP1"
"M2"	"HPRD"	"GAS7"
"M2"	"HPRD"	"TUB"
"M2"	"HPRD"	"CKMT1A"
"M2"	"HPRD"	"ACAN"
"M2"	"HPRD"	"RAMP1"
"M2"	"HPRD"	"CEMIP"
"M2"	"HPRD"	"MFAP5"
"M2"	"HPRD"	"FKBP10"
"M2"	"HPRD"	"PTPRD"
"M2"	"HPRD"	"MMP11"
"M2"	"HPRD"	"DKK2"
"M2"	"HPRD"	"COL12A1"
"M2"	"HPRD"	"ARID3A"
"M2"	"HPRD"	"ZFPM2"
"M2"	"HPRD"	"SLIT2"
"M2"	"HPRD"	"APBA2"
"M2"	"HPRD"	"SGCE"
"M2"	"HPRD"	"ADAM12"
"M2"	"HPRD"	"MAP1B"
"M2"	"HPRD"	"COL8A1"
"M2"	"HPRD"	"LOX"
"M2"	"HPRD"	"CCL11"
"M2"	"HPRD"	"THBS1"
"M2"	"HPRD"	"EFNA5"
"M2"	"HPRD"	"GAD1"
"M2"	"HPRD"	"BTC"
"M2"	"HPRD"	"PLAT"
"M2"	"HPRD"	"SERPINE2"
"M2"	"HPRD"	"IGFBP5"
"M2"	"HPRD"	"C1R"
"M2"	"HPRD"	"C1S"
"M2"	"HPRD"	"HBB"
"M2"	"HPRD"	"LAMA1"
"M2"	"HPRD"	"HGF"
"M2"	"HPRD"	"PRSS3"
"M2"	"HPRD"	"MMP2"
"M2"	"HPRD"	"TGFBI"
"M2"	"HPRD"	"CTSK"
"M2"	"HPRD"	"COL6A1"
"M2"	"HPRD"	"CPM"
"M2"	"HPRD"	"BGN"
"M2"	"HPRD"	"TGFB2"
"M2"	"HPRD"	"FMOD"
"M2"	"HPRD"	"DPT"
"M2"	"HPRD"	"AVPR1A"
"M2"	"HPRD"	"FAP"
"M2"	"HPRD"	"SPOCK1"
"M2"	"HPRD"	"MMP17"
"M2"	"HPRD"	"CXCL12"
"M2"	"HPRD"	"RAB3B"
"M2"	"HPRD"	"ALOX12"
"M2"	"HPRD"	"COL6A2"
"M2"	"HPRD"	"FBN2"
"M2"	"HPRD"	"LSAMP"
"M2"	"HPRD"	"FST"
"M2"	"HPRD"	"ROBO1"
"M2"	"HPRD"	"NQO1"
"M2"	"HPRD"	"RGS4"
"M2"	"HPRD"	"CLIC3"
"M2"	"HPRD"	"LPL"
"M2"	"HPRD"	"ETV4"
"M2"	"HPRD"	"COL14A1"
"M2"	"HPRD"	"SIX2"
"M2"	"HPRD"	"IL11"
"M2"	"HPRD"	"ENPP1"
"M2"	"HPRD"	"SPHK1"
"M2"	"HPRD"	"BNC2"
"M2"	"HPRD"	"CYR61"
"M2"	"HPRD"	"COL10A1"
"M2"	"HPRD"	"ASCL2"
"M2"	"HPRD"	"AKAP12"
"M2"	"HPRD"	"WISP1"
"M2"	"HPRD"	"CHST15"
"M2"	"HPRD"	"THBS2"
"M2"	"HPRD"	"TIMP3"
"M2"	"HPRD"	"INHBA"
"M2"	"HPRD"	"ANGPT1"
"M2"	"HPRD"	"ANOS1"
"M2"	"HPRD"	"TPSAB1"
"M2"	"HPRD"	"BCL2L14"
"M2"	"HPRD"	"NID2"
"M2"	"HPRD"	"TM4SF1"
"M2"	"HPRD"	"ALDH3A1"
"M2"	"HPRD"	"MGP"
"M2"	"HPRD"	"TRIM31"
"M2"	"HPRD"	"MFAP2"
"M2"	"HPRD"	"MSC"
"M2"	"HPRD"	"AEBP1"
"M2"	"HPRD"	"TPSB2"
"M2"	"HPRD"	"FOSB"
"M2"	"HPRD"	"GJA5"
"M2"	"HPRD"	"BST1"
"M2"	"HPRD"	"CDH11"
"M2"	"HPRD"	"FOXF2"
"M2"	"HPRD"	"PKIB"
"M2"	"HPRD"	"RORC"
"M2"	"HPRD"	"PTGS1"
"M2"	"HPRD"	"TNFSF4"
"M2"	"HPRD"	"MAOB"
"M2"	"HPRD"	"AKR1C1"
"M2"	"HPRD"	"DUSP2"
"M2"	"HPRD"	"PLA2G16"
"M2"	"HPRD"	"ALCAM"
"M2"	"HPRD"	"PMEPA1"
"M2"	"HPRD"	"PLAG1"
"M2"	"HPRD"	"DIO2"
"M2"	"HPRD"	"JPH2"
"M2"	"HPRD"	"NR4A3"
"M2"	"HPRD"	"PDZRN3"
"M2"	"HPRD"	"FBXO17"
"M2"	"HPRD"	"TRPS1"
"M2"	"HPRD"	"GALNT14"
"M2"	"HPRD"	"SOD3"
"M2"	"HPRD"	"MMP16"
"M2"	"HPRD"	"HOXB3"
"M2"	"HPRD"	"PDLIM4"
"M2"	"HPRD"	"SGCD"
"M2"	"HPRD"	"TENM3"
"M2"	"HPRD"	"GAS1"
"M2"	"HPRD"	"FOXL1"
"M2"	"HPRD"	"PCLO"
"M2"	"HPRD"	"KDM5D"
"M2"	"HPRD"	"NSG1"
"M2"	"HPRD"	"RGMA"
"M2"	"HPRD"	"IGFBP6"
"M2"	"INNATEDB_Mouse"	"POU5F1"
"M2"	"INNATEDB_Mouse"	"FOS"
"M2"	"INNATEDB_Mouse"	"ADAM23"
"M2"	"INNATEDB_Mouse"	"MYB"
"M2"	"INNATEDB_Mouse"	"SOX2"
"M2"	"INNATEDB_Mouse"	"CDH2"
"M2"	"INNATEDB_Mouse"	"GEM"
"M2"	"INNATEDB_Mouse"	"FGFR1"
"M2"	"INNATEDB_Mouse"	"TNFRSF19"
"M2"	"INNATEDB_Mouse"	"GATA6"
"M2"	"INNATEDB_Mouse"	"TNC"
"M2"	"INNATEDB_Mouse"	"P2RY1"
"M2"	"INNATEDB_Mouse"	"EGR2"
"M2"	"INNATEDB_Mouse"	"CDKN2B"
"M2"	"INNATEDB_Mouse"	"ATF3"
"M2"	"INNATEDB_Mouse"	"PTGDS"
"M2"	"INNATEDB_Mouse"	"TREM1"
"M2"	"INNATEDB_Mouse"	"RGS2"
"M2"	"INNATEDB_Mouse"	"CPA3"
"M2"	"INNATEDB_Mouse"	"ANGPT1"
"M2"	"INNATEDB_Mouse"	"FADS2"
"M2"	"INNATEDB_Mouse"	"MDGA1"
"M2"	"INNATEDB_Mouse"	"RORC"
"M2"	"INNATEDB_Mouse"	"TNFSF4"
"M2"	"INNATEDB_Mouse"	"STEAP4"
"M2"	"INNATEDB_Mouse"	"ITGA11"
"M2"	"INNATEDB_Mouse"	"ADAMTS2"
"M2"	"INNATEDB_Mouse"	"ZFHX4"
"M2"	"MGI"	"FN1"
"M2"	"MGI"	"CDH2"
"M2"	"MGI"	"ANXA1"
"M2"	"MGI"	"BMP4"
"M2"	"MGI"	"GATA6"
"M2"	"MGI"	"NTRK2"
"M2"	"MGI"	"FGF2"
"M2"	"MGI"	"ADSSL1"
"M2"	"MGI"	"APBA2"
"M2"	"MGI"	"LAMA1"
"M2"	"MGI"	"RAB3B"
"M2"	"MGI"	"NID2"
"M2"	"MGI"	"WNT5A"
"M2"	"MGI"	"SGCD"
"M2"	"MGI"	"GAS1"
"M2"	"MGI"	"WNT5B"
"M2"	"INNATEDB"	"ROR2"
"M2"	"INNATEDB"	"MMP3"
"M2"	"INNATEDB"	"FOS"
"M2"	"INNATEDB"	"VCAN"
"M2"	"INNATEDB"	"ADAM23"
"M2"	"INNATEDB"	"MYB"
"M2"	"INNATEDB"	"SOX2"
"M2"	"INNATEDB"	"CDH2"
"M2"	"INNATEDB"	"PTN"
"M2"	"INNATEDB"	"SNCAIP"
"M2"	"INNATEDB"	"DCN"
"M2"	"INNATEDB"	"CD36"
"M2"	"INNATEDB"	"F2RL1"
"M2"	"INNATEDB"	"ANXA1"
"M2"	"INNATEDB"	"PDPN"
"M2"	"INNATEDB"	"BMP4"
"M2"	"INNATEDB"	"CDKN2A"
"M2"	"INNATEDB"	"S100A10"
"M2"	"INNATEDB"	"GATA6"
"M2"	"INNATEDB"	"NTRK2"
"M2"	"INNATEDB"	"SNCA"
"M2"	"INNATEDB"	"COL1A2"
"M2"	"INNATEDB"	"LDOC1"
"M2"	"INNATEDB"	"NKD2"
"M2"	"INNATEDB"	"PDGFRA"
"M2"	"INNATEDB"	"FGF2"
"M2"	"INNATEDB"	"PTGS2"
"M2"	"INNATEDB"	"ID1"
"M2"	"INNATEDB"	"NR4A1"
"M2"	"INNATEDB"	"ANK2"
"M2"	"INNATEDB"	"COL1A1"
"M2"	"INNATEDB"	"CDKN2B"
"M2"	"INNATEDB"	"CELSR3"
"M2"	"INNATEDB"	"GREB1"
"M2"	"INNATEDB"	"FBN1"
"M2"	"INNATEDB"	"SLC2A3"
"M2"	"INNATEDB"	"TREM1"
"M2"	"INNATEDB"	"ACAN"
"M2"	"INNATEDB"	"APBA2"
"M2"	"INNATEDB"	"PRDM8"
"M2"	"INNATEDB"	"MAP1B"
"M2"	"INNATEDB"	"CCL11"
"M2"	"INNATEDB"	"THBS1"
"M2"	"INNATEDB"	"C1S"
"M2"	"INNATEDB"	"MMP2"
"M2"	"INNATEDB"	"BGN"
"M2"	"INNATEDB"	"ALOX12"
"M2"	"INNATEDB"	"FBN2"
"M2"	"INNATEDB"	"FST"
"M2"	"INNATEDB"	"NQO1"
"M2"	"INNATEDB"	"COL14A1"
"M2"	"INNATEDB"	"NLRP2"
"M2"	"INNATEDB"	"IL11"
"M2"	"INNATEDB"	"RARRES2"
"M2"	"INNATEDB"	"TIMP3"
"M2"	"INNATEDB"	"INHBA"
"M2"	"INNATEDB"	"TPSAB1"
"M2"	"INNATEDB"	"BCL2L14"
"M2"	"INNATEDB"	"NID2"
"M2"	"INNATEDB"	"LGI2"
"M2"	"INNATEDB"	"FADS2"
"M2"	"INNATEDB"	"METTL7B"
"M2"	"INNATEDB"	"CGREF1"
"M2"	"INNATEDB"	"CYP4F11"
"M2"	"INNATEDB"	"ALCAM"
"M2"	"INNATEDB"	"NR4A3"
"M2"	"INNATEDB"	"DNAJC15"
"M2"	"INNATEDB"	"PRDM5"
"M2"	"Miller_WntLumier"	"NKD1"
"M2"	"Miller_WntLumier"	"NKD2"
"M2"	"YeastLow"	"GFPT2"
"M2"	"YeastLow"	"OAT"
"M2"	"YeastLow"	"ADSSL1"
"M2"	"YeastLow"	"MTAP"
"M2"	"YeastLow"	"CPA3"
"M2"	"BIND"	"CREB3L1"
"M2"	"BIND"	"MMP3"
"M2"	"BIND"	"CRYAB"
"M2"	"BIND"	"FOS"
"M2"	"BIND"	"NUPR1"
"M2"	"BIND"	"SOX2"
"M2"	"BIND"	"PTN"
"M2"	"BIND"	"SNCAIP"
"M2"	"BIND"	"KCNMA1"
"M2"	"BIND"	"OAT"
"M2"	"BIND"	"BMP4"
"M2"	"BIND"	"CDKN2A"
"M2"	"BIND"	"FGFR1"
"M2"	"BIND"	"S100A10"
"M2"	"BIND"	"NGFR"
"M2"	"BIND"	"CDA"
"M2"	"BIND"	"SNCA"
"M2"	"BIND"	"LDOC1"
"M2"	"BIND"	"NRP2"
"M2"	"BIND"	"TIMP2"
"M2"	"BIND"	"PTGS2"
"M2"	"BIND"	"PLXNB3"
"M2"	"BIND"	"LIF"
"M2"	"BIND"	"ATF3"
"M2"	"BIND"	"CELSR3"
"M2"	"BIND"	"SERPINE1"
"M2"	"BIND"	"CES1"
"M2"	"BIND"	"TREM1"
"M2"	"BIND"	"CKMT1A"
"M2"	"BIND"	"EFNA5"
"M2"	"BIND"	"IGFBP5"
"M2"	"BIND"	"C1R"
"M2"	"BIND"	"C1S"
"M2"	"BIND"	"HBB"
"M2"	"BIND"	"HGF"
"M2"	"BIND"	"PRSS3"
"M2"	"BIND"	"MMP2"
"M2"	"BIND"	"CTSK"
"M2"	"BIND"	"TGFB2"
"M2"	"BIND"	"FAP"
"M2"	"BIND"	"CXCL12"
"M2"	"BIND"	"ALOX12"
"M2"	"BIND"	"FST"
"M2"	"BIND"	"NQO1"
"M2"	"BIND"	"SIX2"
"M2"	"BIND"	"EPHB6"
"M2"	"BIND"	"INHBA"
"M2"	"BIND"	"TPSAB1"
"M2"	"BIND"	"FOSB"
"M2"	"BIND"	"BST1"
"M2"	"BIND"	"PTGS1"
"M2"	"BIND"	"MAOB"
"M2"	"BIND"	"AKR1C1"
"M2"	"BIND"	"SGCD"
"M2"	"BIND"	"NMNAT3"
"M2"	"BIND_Mouse"	"MMP3"
"M2"	"BIND_Mouse"	"POU5F1"
"M2"	"BIND_Mouse"	"FOS"
"M2"	"BIND_Mouse"	"CDH2"
"M2"	"BIND_Mouse"	"GFPT2"
"M2"	"BIND_Mouse"	"BMP4"
"M2"	"BIND_Mouse"	"FGFR1"
"M2"	"BIND_Mouse"	"GATA6"
"M2"	"BIND_Mouse"	"CDA"
"M2"	"BIND_Mouse"	"PTGS2"
"M2"	"BIND_Mouse"	"ID1"
"M2"	"BIND_Mouse"	"ADSSL1"
"M2"	"BIND_Mouse"	"NR4A1"
"M2"	"BIND_Mouse"	"TWIST1"
"M2"	"BIND_Mouse"	"PAX9"
"M2"	"BIND_Mouse"	"MFAP5"
"M2"	"BIND_Mouse"	"MMP11"
"M2"	"BIND_Mouse"	"ADAM12"
"M2"	"BIND_Mouse"	"FST"
"M2"	"BIND_Mouse"	"NQO1"
"M2"	"BIND_Mouse"	"INHBA"
"M2"	"BIND_Mouse"	"PTGS1"
"M2"	"BIND_Mouse"	"SGCD"
"M2"	"BCI"	"FN1"
"M2"	"BCI"	"ROR2"
"M2"	"BCI"	"POU5F1"
"M2"	"BCI"	"CRYAB"
"M2"	"BCI"	"FOS"
"M2"	"BCI"	"UCHL1"
"M2"	"BCI"	"VCAN"
"M2"	"BCI"	"CNTN1"
"M2"	"BCI"	"RBP1"
"M2"	"BCI"	"MYB"
"M2"	"BCI"	"CDH2"
"M2"	"BCI"	"ANXA1"
"M2"	"BCI"	"KCNMA1"
"M2"	"BCI"	"ADAM19"
"M2"	"BCI"	"CDKN2A"
"M2"	"BCI"	"FGFR1"
"M2"	"BCI"	"NGFR"
"M2"	"BCI"	"MME"
"M2"	"BCI"	"COL1A2"
"M2"	"BCI"	"TNC"
"M2"	"BCI"	"CTGF"
"M2"	"BCI"	"PDGFRA"
"M2"	"BCI"	"EGR2"
"M2"	"BCI"	"NRP2"
"M2"	"BCI"	"ID1"
"M2"	"BCI"	"FBLN2"
"M2"	"BCI"	"NR4A1"
"M2"	"BCI"	"COL1A1"
"M2"	"BCI"	"COL3A1"
"M2"	"BCI"	"FGFR4"
"M2"	"BCI"	"ATF3"
"M2"	"BCI"	"PTGDS"
"M2"	"BCI"	"CELSR3"
"M2"	"BCI"	"FBN1"
"M2"	"BCI"	"SERPINE1"
"M2"	"BCI"	"PAX9"
"M2"	"BCI"	"RGS2"
"M2"	"BCI"	"ARID3A"
"M2"	"BCI"	"LOX"
"M2"	"BCI"	"THBS1"
"M2"	"BCI"	"PLAT"
"M2"	"BCI"	"IGFBP5"
"M2"	"BCI"	"CTSK"
"M2"	"BCI"	"COL6A1"
"M2"	"BCI"	"FMOD"
"M2"	"BCI"	"DPT"
"M2"	"BCI"	"CXCL12"
"M2"	"BCI"	"ALOX12"
"M2"	"BCI"	"COL6A2"
"M2"	"BCI"	"LSAMP"
"M2"	"BCI"	"NQO1"
"M2"	"BCI"	"LPL"
"M2"	"BCI"	"CYR61"
"M2"	"BCI"	"COL10A1"
"M2"	"BCI"	"CHST15"
"M2"	"BCI"	"THBS2"
"M2"	"BCI"	"EPHB6"
"M2"	"BCI"	"ANGPT1"
"M2"	"BCI"	"AEBP1"
"M2"	"BCI"	"FOSB"
"M2"	"BCI"	"CDH11"
"M2"	"BCI"	"TNFSF4"
"M2"	"BCI"	"DUSP2"
"M2"	"BCI"	"ALCAM"
"M2"	"BCI"	"GAS1"
"M2"	"DIP_Yeast"	"GFPT2"
"M2"	"DIP_Yeast"	"OAT"
"M2"	"DIP_Yeast"	"CDA"
"M2"	"YeastHigh"	"GFPT2"
"M2"	"YeastHigh"	"OAT"
"M2"	"SOURAV_MAPK_LOW"	"FOS"
"M2"	"SOURAV_MAPK_LOW"	"PYGO1"
"M2"	"BIND_Fly"	"CRYAB"
"M2"	"BIND_Fly"	"NEGR1"
"M2"	"BIND_Fly"	"SEMA3A"
"M2"	"BIND_Fly"	"SMO"
"M2"	"BIND_Fly"	"ADSSL1"
"M2"	"BIND_Fly"	"FBLN2"
"M2"	"BIND_Fly"	"LANCL3"
"M2"	"BIND_Fly"	"SLC2A3"
"M2"	"BIND_Fly"	"FAP"
"M2"	"BIND_Fly"	"ROBO1"
"M2"	"BIND_Fly"	"PHYHD1"
"M2"	"BIND_Fly"	"CHST11"
"M2"	"FlyHigh"	"CRYAB"
"M2"	"FlyHigh"	"NEGR1"
"M2"	"FlyHigh"	"PHYHD1"
"M2"	"BioGrid_Rat"	"CREB3L1"
"M2"	"BioGrid_Rat"	"SNCAIP"
"M2"	"BioGrid_Rat"	"DCN"
"M2"	"BioGrid_Rat"	"F2RL1"
"M2"	"BioGrid_Rat"	"NGFR"
"M2"	"BioGrid_Rat"	"KHDRBS3"
"M2"	"BioGrid_Rat"	"NTRK2"
"M2"	"BioGrid_Rat"	"SNCA"
"M2"	"BioGrid_Rat"	"DACT1"
"M2"	"BioGrid_Rat"	"SERPINE1"
"M2"	"BioGrid_Rat"	"MMP11"
"M2"	"BioGrid_Rat"	"APBA2"
"M2"	"StelzlLow"	"OLFM2"
"M2"	"StelzlLow"	"SNCAIP"
"M2"	"StelzlLow"	"RGS2"
"M2"	"StelzlLow"	"IGFBP5"
"M2"	"StelzlLow"	"SUSD4"
"M2"	"DIP_Mouse"	"POU5F1"
"M2"	"DIP_Mouse"	"FOS"
"M2"	"DIP_Mouse"	"CDH2"
"M2"	"DIP_Mouse"	"FGFR1"
"M2"	"DIP_Mouse"	"NTRK2"
"M2"	"DIP_Mouse"	"SEMA3A"
"M2"	"DIP_Mouse"	"TNFRSF11B"
"M2"	"DIP_Mouse"	"PTGS2"
"M2"	"DIP_Mouse"	"CDKN2B"
"M2"	"DIP_Mouse"	"HOXB6"
"M2"	"DIP_Mouse"	"FGFR4"
"M2"	"DIP_Mouse"	"TUBB3"
"M2"	"DIP_Mouse"	"HGF"
"M2"	"DIP_Mouse"	"BVES"
"M2"	"DIP_Mouse"	"ENPP1"
"M2"	"DIP_Mouse"	"KIF26B"
"M2"	"DIP_Mouse"	"RNF43"
"M2"	"DIP_Mouse"	"CDH11"
"M2"	"DIP_Mouse"	"RORC"
"M2"	"DIP_Mouse"	"TNFSF4"
"M2"	"DIP_Mouse"	"BAIAP2L2"
"M2"	"IntAct_Rat"	"FOS"
"M2"	"IntAct_Rat"	"SNCAIP"
"M2"	"IntAct_Rat"	"F2RL1"
"M2"	"IntAct_Rat"	"KCNMA1"
"M2"	"IntAct_Rat"	"FGFR1"
"M2"	"IntAct_Rat"	"S100A10"
"M2"	"IntAct_Rat"	"NGFR"
"M2"	"IntAct_Rat"	"SYT1"
"M2"	"IntAct_Rat"	"NTRK2"
"M2"	"IntAct_Rat"	"VANGL2"
"M2"	"IntAct_Rat"	"PDGFRA"
"M2"	"IntAct_Rat"	"P2RY1"
"M2"	"IntAct_Rat"	"ID1"
"M2"	"IntAct_Rat"	"APBA2"
"M2"	"IntAct_Rat"	"GAD1"
"M2"	"IntAct_Rat"	"PLAT"
"M2"	"IntAct_Rat"	"ROBO1"
"M2"	"IntAct_Rat"	"RGS4"
"M2"	"IntAct_Rat"	"COL11A1"
"M2"	"IntAct_Rat"	"PCLO"
"M2"	"MINT_Rat"	"FOS"
"M2"	"MINT_Rat"	"NGFR"
"M2"	"MINT_Rat"	"SYT1"
"M2"	"MINT_Rat"	"NTRK2"
"M2"	"MINT_Rat"	"TUBB3"
"M2"	"MINT_Rat"	"APBA2"
"M2"	"MINT_Rat"	"GAD1"
"M2"	"FlyLow"	"SEMA3A"
"M2"	"FlyLow"	"SMO"
"M2"	"FlyLow"	"ADSSL1"
"M2"	"FlyLow"	"FBLN2"
"M2"	"FlyLow"	"LANCL3"
"M2"	"FlyLow"	"SLC2A3"
"M2"	"FlyLow"	"GAD1"
"M2"	"FlyLow"	"FAP"
"M2"	"FlyLow"	"CHST11"
"M2"	"MINT_Fly"	"MOXD1"
"M2"	"MINT_Fly"	"SMO"
"M2"	"MINT_Fly"	"FBLN2"
"M2"	"MINT_Fly"	"PTPRD"
"M2"	"MINT_Fly"	"ANO1"
"M2"	"DIP"	"FN1"
"M2"	"DIP"	"NTN1"
"M2"	"DIP"	"POU5F1"
"M2"	"DIP"	"CRYAB"
"M2"	"DIP"	"FOS"
"M2"	"DIP"	"NUPR1"
"M2"	"DIP"	"MYB"
"M2"	"DIP"	"SOX2"
"M2"	"DIP"	"PTN"
"M2"	"DIP"	"SNCAIP"
"M2"	"DIP"	"NKD1"
"M2"	"DIP"	"KCNMA1"
"M2"	"DIP"	"BMP4"
"M2"	"DIP"	"CDKN2A"
"M2"	"DIP"	"FGFR1"
"M2"	"DIP"	"NGFR"
"M2"	"DIP"	"NTRK2"
"M2"	"DIP"	"SNCA"
"M2"	"DIP"	"NKD2"
"M2"	"DIP"	"NRP2"
"M2"	"DIP"	"FGF2"
"M2"	"DIP"	"PTGS2"
"M2"	"DIP"	"NR4A1"
"M2"	"DIP"	"ANK2"
"M2"	"DIP"	"COL1A1"
"M2"	"DIP"	"COL3A1"
"M2"	"DIP"	"FGFR4"
"M2"	"DIP"	"LIF"
"M2"	"DIP"	"ATF3"
"M2"	"DIP"	"FBN1"
"M2"	"DIP"	"ARTN"
"M2"	"DIP"	"TEAD2"
"M2"	"DIP"	"SLIT2"
"M2"	"DIP"	"LOX"
"M2"	"DIP"	"CCL11"
"M2"	"DIP"	"EFNA5"
"M2"	"DIP"	"GAD1"
"M2"	"DIP"	"HBB"
"M2"	"DIP"	"HGF"
"M2"	"DIP"	"MMP2"
"M2"	"DIP"	"CXCL12"
"M2"	"DIP"	"ROBO1"
"M2"	"DIP"	"RGS4"
"M2"	"DIP"	"ETV4"
"M2"	"DIP"	"INHBA"
"M2"	"DIP"	"FOSB"
"M2"	"DIP"	"RORC"
"M2"	"DIP"	"TNFSF4"
"M2"	"DIP"	"MYRF"
"M2"	"YeastMedium"	"GFPT2"
"M2"	"YeastMedium"	"OAT"
"M2"	"YeastMedium"	"CDA"
"M2"	"YeastMedium"	"ADSSL1"
"M2"	"YeastMedium"	"MTAP"
"M2"	"StelzlMedium"	"OLFM2"
"M2"	"StelzlMedium"	"SNCAIP"
"M2"	"StelzlMedium"	"PDPN"
"M2"	"StelzlMedium"	"EGR2"
"M2"	"StelzlMedium"	"NR4A1"
"M2"	"StelzlMedium"	"CDKN2B"
"M2"	"StelzlMedium"	"LGALS4"
"M2"	"StelzlMedium"	"ATF3"
"M2"	"StelzlMedium"	"RGS2"
"M2"	"StelzlMedium"	"IGFBP5"
"M2"	"StelzlMedium"	"HBB"
"M2"	"StelzlMedium"	"DPT"
"M2"	"StelzlMedium"	"LPL"
"M2"	"StelzlMedium"	"TM4SF1"
"M2"	"StelzlMedium"	"OLFML3"
"M2"	"StelzlMedium"	"SUSD4"
"M2"	"StelzlMedium"	"LMTK3"
"M2"	"VidalHuman_core"	"ADAMTSL4"
"M2"	"VidalHuman_core"	"GEM"
"M2"	"VidalHuman_core"	"KHDRBS3"
"M2"	"VidalHuman_core"	"EFEMP1"
"M2"	"VidalHuman_core"	"EMILIN1"
"M2"	"VidalHuman_core"	"LDOC1"
"M2"	"VidalHuman_core"	"CDKN2B"
"M2"	"VidalHuman_core"	"HOXB6"
"M2"	"VidalHuman_core"	"GAD1"
"M2"	"VidalHuman_core"	"IL11"
"M2"	"VidalHuman_core"	"GJA5"
"M2"	"VidalHuman_core"	"PLA2G16"
"M2"	"VidalHuman_core"	"PDLIM4"
"M2"	"Krogan_NonCore"	"GFPT2"
"M2"	"Krogan_NonCore"	"ADSSL1"
"M2"	"MINT_Yeast"	"OAT"
"M2"	"MINT_Yeast"	"CDA"
"M2"	"MINT_Yeast"	"ADSSL1"
"M2"	"MINT_Yeast"	"BCAT1"
"M2"	"BioGrid_Yeast"	"GFPT2"
"M2"	"BioGrid_Yeast"	"ABCC3"
"M2"	"BioGrid_Yeast"	"CDA"
"M2"	"BioGrid_Yeast"	"ADSSL1"
"M2"	"BioGrid_Yeast"	"BCAT1"
"M2"	"BioGrid_Yeast"	"MTAP"
"M2"	"BioGrid_Yeast"	"HACD1"
"M2"	"BioGrid_Worm"	"ROR2"
"M2"	"BioGrid_Worm"	"DCLK1"
"M2"	"IntAct_Worm"	"ROR2"
"M2"	"IntAct_Worm"	"OAT"
"M2"	"IntAct_Worm"	"DCLK1"
"M2"	"IntAct_Worm"	"ADAM12"
"M2"	"IntAct_Worm"	"PLCXD2"
"M2"	"MINT_Worm"	"DCLK1"
"M2"	"BIND_Worm"	"DCLK1"
"M2"	"MINT_Mouse"	"POU5F1"
"M2"	"MINT_Mouse"	"SNCAIP"
"M2"	"MINT_Mouse"	"GEM"
"M2"	"MINT_Mouse"	"KCNMA1"
"M2"	"MINT_Mouse"	"FGFR1"
"M2"	"MINT_Mouse"	"SYT1"
"M2"	"MINT_Mouse"	"CDA"
"M2"	"MINT_Mouse"	"NTRK2"
"M2"	"MINT_Mouse"	"SNCA"
"M2"	"MINT_Mouse"	"PDGFRA"
"M2"	"MINT_Mouse"	"EGR2"
"M2"	"MINT_Mouse"	"LOXL4"
"M2"	"MINT_Mouse"	"RGS2"
"M2"	"MINT_Mouse"	"LOX"
"M2"	"MINT_Mouse"	"LAMA1"
"M2"	"MINT_Mouse"	"AKAP12"
"M2"	"MINT_Mouse"	"BCL2L14"
"M2"	"Pawson1"	"GAS7"
"M2"	"DIP_Rat"	"CDH2"
"M2"	"DIP_Rat"	"NGFR"
"M2"	"DIP_Rat"	"SYT1"
"M2"	"DIP_Rat"	"NTRK2"
"M2"	"DIP_Rat"	"COL1A2"
"M2"	"DIP_Rat"	"RGS4"
"M2"	"DIP_Rat"	"FNDC1"
"M2"	"IntAct_Yeast"	"GFPT2"
"M2"	"IntAct_Yeast"	"OAT"
"M2"	"IntAct_Yeast"	"ABCC3"
"M2"	"IntAct_Yeast"	"CDA"
"M2"	"IntAct_Yeast"	"ADSSL1"
"M2"	"IntAct_Yeast"	"BCAT1"
"M2"	"IntAct_Yeast"	"CPA3"
"M2"	"IntAct_Yeast"	"HACD1"
"M2"	"StelzlHigh"	"PTN"
"M2"	"StelzlHigh"	"EGR2"
"M2"	"StelzlHigh"	"CDKN2B"
"M2"	"StelzlHigh"	"ATF3"
"M2"	"StelzlHigh"	"RGS2"
"M2"	"StelzlHigh"	"TM4SF1"
"M2"	"WangEScmplx"	"POU5F1"
"M2"	"BIND_Rat"	"CDH2"
"M2"	"BIND_Rat"	"NGFR"
"M2"	"BIND_Rat"	"SYT1"
"M2"	"BIND_Rat"	"SNCA"
"M2"	"BIND_Rat"	"APBA2"
"M2"	"BIND_Rat"	"MAP1B"
"M2"	"BIND_Rat"	"RGS4"
"M2"	"BIND_Rat"	"ALDH3A1"
"M2"	"BIND_Rat"	"MAOB"
"M2"	"BIND_Rat"	"NSG1"
"M2"	"I2D-c_Fiona_HUMAN"	"MYB"
"M2"	"I2D-c_Fiona_HUMAN"	"MMP2"
"M2"	"BIND_Yeast"	"CDA"
"M2"	"BIND_Yeast"	"HACD1"
"M2"	"MIPS"	"CDA"
"M2"	"Tarassov_PCA"	"CDA"
"M2"	"Yu_GoldStd"	"CDA"
"M2"	"VidalHuman_non_core"	"ADAMTSL4"
"M2"	"VidalHuman_non_core"	"KHDRBS3"
"M2"	"VidalHuman_non_core"	"RASD1"
"M2"	"VidalHuman_non_core"	"PTGDS"
"M2"	"VidalHuman_non_core"	"SFRP2"
"M2"	"VidalHuman_non_core"	"CES1"
"M2"	"VidalHuman_non_core"	"GAD1"
"M2"	"VidalHuman_non_core"	"RORC"
"M2"	"VidalHuman_non_core"	"PDE1B"
"M2"	"Krogan_Core"	"ADSSL1"
"M2"	"SOURAV_MAPK_HIGH"	"FOS"
"M2"	"SOURAV_MAPK_HIGH"	"PYGO1"
"M2"	"Fawcett_polarity_Rat"	"PCLO"
"M2"	"CORE_2"	"DCLK1"
"M2"	"DIP_Worm"	"DCLK1"
"M2"	"KIM_MYC"	"POU5F1"
"M3"	"BioGrid"	"MYC"
"M3"	"BioGrid"	"OXCT1"
"M3"	"BioGrid"	"THRB"
"M3"	"BioGrid"	"PPARG"
"M3"	"BioGrid"	"PPP2R2B"
"M3"	"BioGrid"	"AR"
"M3"	"BioGrid"	"GABBR2"
"M3"	"BioGrid"	"GIPC2"
"M3"	"BioGrid"	"SCNN1B"
"M3"	"BioGrid"	"MAPK10"
"M3"	"BioGrid"	"MLPH"
"M3"	"BioGrid"	"APLP1"
"M3"	"BioGrid"	"BMP2"
"M3"	"BioGrid"	"FAM189A2"
"M3"	"BioGrid"	"UPK2"
"M3"	"BioGrid"	"VIPR1"
"M3"	"BioGrid"	"GATA3"
"M3"	"BioGrid"	"MAP2"
"M3"	"BioGrid"	"CDK6"
"M3"	"BioGrid"	"CARD11"
"M3"	"BioGrid"	"HOXA9"
"M3"	"BioGrid"	"AHNAK2"
"M3"	"BioGrid"	"MAPK8IP2"
"M3"	"BioGrid"	"RYR1"
"M3"	"BioGrid"	"CLDN3"
"M3"	"BioGrid"	"FOXA1"
"M3"	"BioGrid"	"FBLN1"
"M3"	"BioGrid"	"CCR7"
"M3"	"BioGrid"	"FBP1"
"M3"	"BioGrid"	"TNNC1"
"M3"	"BioGrid"	"IGF2BP2"
"M3"	"BioGrid"	"BHLHE41"
"M3"	"BioGrid"	"RAP1GAP"
"M3"	"BioGrid"	"TLE2"
"M3"	"BioGrid"	"PITX1"
"M3"	"BioGrid"	"CEBPA"
"M3"	"BioGrid"	"LIPC"
"M3"	"BioGrid"	"TGFBR3"
"M3"	"BioGrid"	"MPP6"
"M3"	"BioGrid"	"DAPK1"
"M3"	"BioGrid"	"IGFBP3"
"M3"	"BioGrid"	"TBX3"
"M3"	"BioGrid"	"ADCY7"
"M3"	"BioGrid"	"FOSL1"
"M3"	"BioGrid"	"ZBTB7C"
"M3"	"BioGrid"	"GATA2"
"M3"	"BioGrid"	"EDARADD"
"M3"	"BioGrid"	"TPD52L1"
"M3"	"BioGrid"	"CDCA7L"
"M3"	"BioGrid"	"KCNQ1"
"M3"	"BioGrid"	"KRT20"
"M3"	"BioGrid"	"HIST1H2BJ"
"M3"	"BioGrid"	"PPP1R3C"
"M3"	"BioGrid"	"SORL1"
"M3"	"BioGrid"	"SLC30A2"
"M3"	"BioGrid"	"KIF5C"
"M3"	"BioGrid"	"KRT7"
"M3"	"BioGrid"	"BMP3"
"M3"	"BioGrid"	"ZFP28"
"M3"	"BioGrid"	"KRT8"
"M3"	"BioGrid"	"HSPA4L"
"M3"	"BioGrid"	"SNCG"
"M3"	"BioGrid"	"MELTF"
"M3"	"BioGrid"	"CABP4"
"M3"	"BioGrid"	"PPFIBP2"
"M3"	"BioGrid"	"PRTFDC1"
"M3"	"BioGrid"	"ELF5"
"M3"	"BioGrid"	"BCAS1"
"M3"	"BioGrid"	"SLC27A2"
"M3"	"BioGrid"	"SOX9"
"M3"	"BioGrid"	"SELENBP1"
"M3"	"BioGrid"	"BEND5"
"M3"	"BioGrid"	"UPK3A"
"M3"	"BioGrid"	"FABP4"
"M3"	"BioGrid"	"PDE9A"
"M3"	"BioGrid"	"TRPV6"
"M3"	"BioGrid"	"BCL11A"
"M3"	"BioGrid"	"RETREG1"
"M3"	"BioGrid"	"TNFSF15"
"M3"	"BioGrid"	"KLHL13"
"M3"	"BioGrid"	"RAB17"
"M3"	"BioGrid"	"GNA14"
"M3"	"BioGrid"	"SLC9A2"
"M3"	"BioGrid"	"S100A4"
"M3"	"BioGrid"	"SHC3"
"M3"	"BioGrid"	"F5"
"M3"	"BioGrid"	"IGF2"
"M3"	"BioGrid"	"CTSE"
"M3"	"BioGrid"	"GPX2"
"M3"	"BioGrid"	"ARFGEF3"
"M3"	"BioGrid"	"COL9A2"
"M3"	"BioGrid"	"CYP4F12"
"M3"	"BioGrid"	"DHRS2"
"M3"	"BioGrid"	"GSTM4"
"M3"	"BioGrid"	"ANXA9"
"M3"	"BioGrid"	"ALOX5"
"M3"	"BioGrid"	"HPGD"
"M3"	"BioGrid"	"AK4"
"M3"	"BioGrid"	"HMGCS2"
"M3"	"BioGrid"	"FAM3B"
"M3"	"BioGrid"	"NAALADL2"
"M3"	"BioGrid"	"TMEM97"
"M3"	"BioGrid"	"PRR15"
"M3"	"BioGrid"	"CRACR2B"
"M3"	"BioGrid"	"ZSCAN18"
"M3"	"BioGrid"	"UBXN10"
"M3"	"BioGrid"	"NMNAT2"
"M3"	"BioGrid"	"UGT1A10"
"M3"	"BioGrid"	"SGK2"
"M3"	"BioGrid"	"LIMCH1"
"M3"	"BioGrid"	"MAL"
"M3"	"BioGrid"	"GSTM1"
"M3"	"BioGrid"	"USP9Y"
"M3"	"BioGrid"	"TRPA1"
"M3"	"BioGrid"	"MSX2"
"M3"	"BioGrid"	"DGAT2"
"M3"	"BioGrid"	"MMRN2"
"M3"	"BioGrid"	"PTPRR"
"M3"	"BioGrid"	"ZC4H2"
"M3"	"BioGrid"	"HNF1B"
"M3"	"BioGrid"	"TUBB6"
"M3"	"BioGrid"	"CDH23"
"M3"	"BioGrid"	"TBX2"
"M3"	"BioGrid"	"APOL4"
"M3"	"BioGrid"	"TESC"
"M3"	"BioGrid"	"TNFAIP2"
"M3"	"BioGrid"	"SYTL5"
"M3"	"BioGrid"	"CYP2J2"
"M3"	"BioGrid"	"CCL28"
"M3"	"BioGrid"	"VGLL1"
"M3"	"BioGrid"	"RNF128"
"M3"	"BioGrid"	"CGN"
"M3"	"BioGrid"	"UTY"
"M3"	"BioGrid"	"OSR1"
"M3"	"BioGrid"	"SCNN1G"
"M3"	"BioGrid"	"CXorf57"
"M3"	"BioGrid"	"AKR1C3"
"M3"	"BioGrid"	"TJP3"
"M3"	"BioGrid"	"KCNN4"
"M3"	"BioGrid"	"PLCB4"
"M3"	"BioGrid"	"AKR1C2"
"M3"	"BioGrid"	"ZNF418"
"M3"	"BioGrid"	"CCNJL"
"M3"	"BioGrid"	"TMEM45B"
"M3"	"BioGrid"	"REEP6"
"M3"	"BioGrid"	"MYCL"
"M3"	"BioGrid"	"SCIN"
"M3"	"BioGrid"	"ASIC1"
"M3"	"BioGrid"	"ZNF471"
"M3"	"BioGrid"	"B4GALNT1"
"M3"	"BioGrid"	"ZNF626"
"M3"	"BioGrid"	"MECOM"
"M3"	"BioGrid"	"GDF15"
"M3"	"BioGrid"	"FAXC"
"M3"	"BioGrid"	"FUT9"
"M3"	"BioGrid"	"ENTPD3"
"M3"	"BioGrid"	"PAQR5"
"M3"	"BioGrid"	"ELOVL4"
"M3"	"BioGrid"	"UPK1B"
"M3"	"BioGrid"	"ARSJ"
"M3"	"BioGrid"	"BHMT"
"M3"	"BioGrid"	"APLN"
"M3"	"BioGrid"	"ACSM3"
"M3"	"BioGrid"	"RHBG"
"M3"	"BioGrid"	"HPSE"
"M3"	"IntAct"	"MYC"
"M3"	"IntAct"	"FRMD5"
"M3"	"IntAct"	"OXCT1"
"M3"	"IntAct"	"THRB"
"M3"	"IntAct"	"MAOA"
"M3"	"IntAct"	"PPARG"
"M3"	"IntAct"	"PPP2R2B"
"M3"	"IntAct"	"AR"
"M3"	"IntAct"	"GABBR2"
"M3"	"IntAct"	"PLEKHG6"
"M3"	"IntAct"	"GIPC2"
"M3"	"IntAct"	"SCNN1B"
"M3"	"IntAct"	"MAPK10"
"M3"	"IntAct"	"MLPH"
"M3"	"IntAct"	"APLP1"
"M3"	"IntAct"	"BMP2"
"M3"	"IntAct"	"CYP4B1"
"M3"	"IntAct"	"FAM189A2"
"M3"	"IntAct"	"UPK2"
"M3"	"IntAct"	"VIPR1"
"M3"	"IntAct"	"GATA3"
"M3"	"IntAct"	"HID1"
"M3"	"IntAct"	"MAP2"
"M3"	"IntAct"	"BAIAP3"
"M3"	"IntAct"	"CDK6"
"M3"	"IntAct"	"CARD11"
"M3"	"IntAct"	"HOXA9"
"M3"	"IntAct"	"MAPK8IP2"
"M3"	"IntAct"	"RYR1"
"M3"	"IntAct"	"FOXA1"
"M3"	"IntAct"	"FBLN1"
"M3"	"IntAct"	"CCR7"
"M3"	"IntAct"	"FBP1"
"M3"	"IntAct"	"TNNC1"
"M3"	"IntAct"	"RAP1GAP"
"M3"	"IntAct"	"TLE2"
"M3"	"IntAct"	"PITX1"
"M3"	"IntAct"	"BAMBI"
"M3"	"IntAct"	"CEBPA"
"M3"	"IntAct"	"LIPC"
"M3"	"IntAct"	"CAB39L"
"M3"	"IntAct"	"TGFBR3"
"M3"	"IntAct"	"MPP6"
"M3"	"IntAct"	"DAPK1"
"M3"	"IntAct"	"IGFBP3"
"M3"	"IntAct"	"TBX3"
"M3"	"IntAct"	"SLC16A1"
"M3"	"IntAct"	"ADCY7"
"M3"	"IntAct"	"FOSL1"
"M3"	"IntAct"	"MAN1C1"
"M3"	"IntAct"	"HIST1H2BC"
"M3"	"IntAct"	"GATA2"
"M3"	"IntAct"	"VILL"
"M3"	"IntAct"	"EDARADD"
"M3"	"IntAct"	"OVGP1"
"M3"	"IntAct"	"TPD52L1"
"M3"	"IntAct"	"CDCA7L"
"M3"	"IntAct"	"KCNQ1"
"M3"	"IntAct"	"KRT20"
"M3"	"IntAct"	"PPP1R3C"
"M3"	"IntAct"	"SORL1"
"M3"	"IntAct"	"SLC30A2"
"M3"	"IntAct"	"KIF5C"
"M3"	"IntAct"	"KRT7"
"M3"	"IntAct"	"BMP3"
"M3"	"IntAct"	"ZFP28"
"M3"	"IntAct"	"KRT8"
"M3"	"IntAct"	"HSPA4L"
"M3"	"IntAct"	"SNCG"
"M3"	"IntAct"	"MELTF"
"M3"	"IntAct"	"PPFIBP2"
"M3"	"IntAct"	"PRTFDC1"
"M3"	"IntAct"	"ELF5"
"M3"	"IntAct"	"SELENBP1"
"M3"	"IntAct"	"BEND5"
"M3"	"IntAct"	"SNX31"
"M3"	"IntAct"	"FABP4"
"M3"	"IntAct"	"PDE9A"
"M3"	"IntAct"	"TRPV6"
"M3"	"IntAct"	"BCL11A"
"M3"	"IntAct"	"CMYA5"
"M3"	"IntAct"	"RETREG1"
"M3"	"IntAct"	"ABAT"
"M3"	"IntAct"	"KLHL13"
"M3"	"IntAct"	"RAB17"
"M3"	"IntAct"	"GNA14"
"M3"	"IntAct"	"HOXB2"
"M3"	"IntAct"	"DOCK3"
"M3"	"IntAct"	"S100A4"
"M3"	"IntAct"	"SHC3"
"M3"	"IntAct"	"IGF2"
"M3"	"IntAct"	"CTSE"
"M3"	"IntAct"	"GPX2"
"M3"	"IntAct"	"ARFGEF3"
"M3"	"IntAct"	"DHRS2"
"M3"	"IntAct"	"GSTM4"
"M3"	"IntAct"	"PALM3"
"M3"	"IntAct"	"WDR66"
"M3"	"IntAct"	"SRMS"
"M3"	"IntAct"	"MUC20"
"M3"	"IntAct"	"ANXA9"
"M3"	"IntAct"	"ALOX5"
"M3"	"IntAct"	"NAALADL2"
"M3"	"IntAct"	"CRACR2B"
"M3"	"IntAct"	"ZSCAN18"
"M3"	"IntAct"	"UBXN10"
"M3"	"IntAct"	"SGK2"
"M3"	"IntAct"	"MAL"
"M3"	"IntAct"	"KCNG1"
"M3"	"IntAct"	"MSX2"
"M3"	"IntAct"	"PTPRR"
"M3"	"IntAct"	"ZC4H2"
"M3"	"IntAct"	"TUBB6"
"M3"	"IntAct"	"PKIA"
"M3"	"IntAct"	"SEMA3B"
"M3"	"IntAct"	"APOL4"
"M3"	"IntAct"	"RHOU"
"M3"	"IntAct"	"TESC"
"M3"	"IntAct"	"CYP2J2"
"M3"	"IntAct"	"CCL28"
"M3"	"IntAct"	"ERP27"
"M3"	"IntAct"	"RNF128"
"M3"	"IntAct"	"CGN"
"M3"	"IntAct"	"UTY"
"M3"	"IntAct"	"SCNN1G"
"M3"	"IntAct"	"CAPN5"
"M3"	"IntAct"	"CXorf57"
"M3"	"IntAct"	"PDE10A"
"M3"	"IntAct"	"AKR1C3"
"M3"	"IntAct"	"TJP3"
"M3"	"IntAct"	"CCNJL"
"M3"	"IntAct"	"TMEM45B"
"M3"	"IntAct"	"REEP6"
"M3"	"IntAct"	"FRY"
"M3"	"IntAct"	"LRMP"
"M3"	"IntAct"	"SCIN"
"M3"	"IntAct"	"ASIC1"
"M3"	"IntAct"	"ZNF626"
"M3"	"IntAct"	"MECOM"
"M3"	"IntAct"	"TSPAN12"
"M3"	"IntAct"	"GDF15"
"M3"	"IntAct"	"ZNF667"
"M3"	"IntAct"	"FAXC"
"M3"	"IntAct"	"FUT9"
"M3"	"IntAct"	"ARSJ"
"M3"	"IntAct"	"BHMT"
"M3"	"IntAct"	"APLN"
"M3"	"IntAct"	"NOMO3"
"M3"	"IntAct"	"FLRT3"
"M3"	"IntAct"	"C4orf19"
"M3"	"IntAct"	"TMEM139"
"M3"	"IntAct"	"CYP4F8"
"M3"	"KOCH_MYC"	"MYC"
"M3"	"AGRAVAL_MYC"	"MYC"
"M3"	"HPRD"	"MYC"
"M3"	"HPRD"	"THRB"
"M3"	"HPRD"	"MAOA"
"M3"	"HPRD"	"PPARG"
"M3"	"HPRD"	"AR"
"M3"	"HPRD"	"GABBR2"
"M3"	"HPRD"	"GIPC2"
"M3"	"HPRD"	"SCNN1B"
"M3"	"HPRD"	"MAPK10"
"M3"	"HPRD"	"MLPH"
"M3"	"HPRD"	"APLP1"
"M3"	"HPRD"	"BMP2"
"M3"	"HPRD"	"UPK1A"
"M3"	"HPRD"	"VIPR1"
"M3"	"HPRD"	"GATA3"
"M3"	"HPRD"	"HID1"
"M3"	"HPRD"	"BAIAP3"
"M3"	"HPRD"	"CDK6"
"M3"	"HPRD"	"CARD11"
"M3"	"HPRD"	"HOXA9"
"M3"	"HPRD"	"MAPK8IP2"
"M3"	"HPRD"	"RYR1"
"M3"	"HPRD"	"CLDN3"
"M3"	"HPRD"	"FOXA1"
"M3"	"HPRD"	"FBLN1"
"M3"	"HPRD"	"CCR7"
"M3"	"HPRD"	"FBP1"
"M3"	"HPRD"	"TNNC1"
"M3"	"HPRD"	"BHLHE41"
"M3"	"HPRD"	"RAP1GAP"
"M3"	"HPRD"	"TLE2"
"M3"	"HPRD"	"PITX1"
"M3"	"HPRD"	"BAMBI"
"M3"	"HPRD"	"CEBPA"
"M3"	"HPRD"	"LIPC"
"M3"	"HPRD"	"HOXA13"
"M3"	"HPRD"	"TGFBR3"
"M3"	"HPRD"	"MPP6"
"M3"	"HPRD"	"DAPK1"
"M3"	"HPRD"	"DDX3Y"
"M3"	"HPRD"	"IGFBP3"
"M3"	"HPRD"	"TBX3"
"M3"	"HPRD"	"SLC16A1"
"M3"	"HPRD"	"ADCY7"
"M3"	"HPRD"	"FOSL1"
"M3"	"HPRD"	"MAN1C1"
"M3"	"HPRD"	"HIST1H2BC"
"M3"	"HPRD"	"GATA2"
"M3"	"HPRD"	"TMPRSS2"
"M3"	"HPRD"	"INA"
"M3"	"HPRD"	"EDARADD"
"M3"	"HPRD"	"OVGP1"
"M3"	"HPRD"	"TPD52L1"
"M3"	"HPRD"	"KCNQ1"
"M3"	"HPRD"	"KRT20"
"M3"	"HPRD"	"HIST1H2BJ"
"M3"	"HPRD"	"SORL1"
"M3"	"HPRD"	"KIF5C"
"M3"	"HPRD"	"KRT7"
"M3"	"HPRD"	"BMP3"
"M3"	"HPRD"	"KRT8"
"M3"	"HPRD"	"SNCG"
"M3"	"HPRD"	"CABP4"
"M3"	"HPRD"	"PPFIBP2"
"M3"	"HPRD"	"PRTFDC1"
"M3"	"HPRD"	"ELF5"
"M3"	"HPRD"	"BCAS1"
"M3"	"HPRD"	"SOX9"
"M3"	"HPRD"	"SELENBP1"
"M3"	"HPRD"	"BEND5"
"M3"	"HPRD"	"UPK3A"
"M3"	"HPRD"	"UPK3B"
"M3"	"HPRD"	"FABP4"
"M3"	"HPRD"	"PDE9A"
"M3"	"HPRD"	"BCL11A"
"M3"	"HPRD"	"CMYA5"
"M3"	"HPRD"	"TNFSF15"
"M3"	"HPRD"	"ABAT"
"M3"	"HPRD"	"GPRC5C"
"M3"	"HPRD"	"RAB17"
"M3"	"HPRD"	"GNA14"
"M3"	"HPRD"	"HOXB2"
"M3"	"HPRD"	"DOCK3"
"M3"	"HPRD"	"SLC9A2"
"M3"	"HPRD"	"S100A4"
"M3"	"HPRD"	"SHC3"
"M3"	"HPRD"	"F5"
"M3"	"HPRD"	"IGF2"
"M3"	"HPRD"	"CTSE"
"M3"	"HPRD"	"GPX2"
"M3"	"HPRD"	"COL9A2"
"M3"	"HPRD"	"GSTM4"
"M3"	"HPRD"	"ANXA9"
"M3"	"HPRD"	"ALOX5"
"M3"	"HPRD"	"GSTM1"
"M3"	"HPRD"	"MSX2"
"M3"	"HPRD"	"SPINK1"
"M3"	"HPRD"	"HNF1B"
"M3"	"HPRD"	"CDH23"
"M3"	"HPRD"	"PKIA"
"M3"	"HPRD"	"GDF7"
"M3"	"HPRD"	"TBX2"
"M3"	"HPRD"	"SEMA3B"
"M3"	"HPRD"	"SYTL5"
"M3"	"HPRD"	"CPAMD8"
"M3"	"HPRD"	"VGLL1"
"M3"	"HPRD"	"ERP27"
"M3"	"HPRD"	"RNF128"
"M3"	"HPRD"	"CGN"
"M3"	"HPRD"	"ZIK1"
"M3"	"HPRD"	"OSR1"
"M3"	"HPRD"	"SCNN1G"
"M3"	"HPRD"	"PDE10A"
"M3"	"HPRD"	"AKR1C3"
"M3"	"HPRD"	"NPTXR"
"M3"	"HPRD"	"GATM"
"M3"	"HPRD"	"KCNN4"
"M3"	"HPRD"	"MYCL"
"M3"	"HPRD"	"SCIN"
"M3"	"HPRD"	"ASIC1"
"M3"	"HPRD"	"ZNF471"
"M3"	"HPRD"	"B4GALNT1"
"M3"	"HPRD"	"MECOM"
"M3"	"HPRD"	"TRHDE"
"M3"	"HPRD"	"CAMK2N1"
"M3"	"HPRD"	"SLC7A11"
"M3"	"HPRD"	"GDF15"
"M3"	"HPRD"	"NDRG2"
"M3"	"HPRD"	"BHMT"
"M3"	"HPRD"	"NOMO3"
"M3"	"HPRD"	"HPSE"
"M3"	"BioGrid_Fly"	"GABBR2"
"M3"	"BioGrid_Fly"	"BMP2"
"M3"	"BioGrid_Fly"	"CDK6"
"M3"	"BioGrid_Fly"	"MPP6"
"M3"	"BioGrid_Fly"	"EIF5AL1"
"M3"	"BioGrid_Fly"	"MELTF"
"M3"	"BioGrid_Fly"	"ZC4H2"
"M3"	"BioGrid_Fly"	"FAR2"
"M3"	"BioGrid_Fly"	"PLCB4"
"M3"	"BioGrid_Fly"	"ELOVL4"
"M3"	"BioGrid_Fly"	"DPEP2"
"M3"	"DIP_Fly"	"GABBR2"
"M3"	"DIP_Fly"	"BMP2"
"M3"	"DIP_Fly"	"HID1"
"M3"	"DIP_Fly"	"EIF5AL1"
"M3"	"DIP_Fly"	"MELTF"
"M3"	"DIP_Fly"	"FAR2"
"M3"	"DIP_Fly"	"ELOVL4"
"M3"	"FlyHigh"	"GABBR2"
"M3"	"FlyHigh"	"EIF5AL1"
"M3"	"FlyHigh"	"ELOVL4"
"M3"	"IntAct_Mouse"	"MYC"
"M3"	"IntAct_Mouse"	"OXCT1"
"M3"	"IntAct_Mouse"	"THRB"
"M3"	"IntAct_Mouse"	"PPARG"
"M3"	"IntAct_Mouse"	"GIPC2"
"M3"	"IntAct_Mouse"	"APLP1"
"M3"	"IntAct_Mouse"	"MAP2"
"M3"	"IntAct_Mouse"	"CARD11"
"M3"	"IntAct_Mouse"	"RYR1"
"M3"	"IntAct_Mouse"	"CLDN3"
"M3"	"IntAct_Mouse"	"FBP1"
"M3"	"IntAct_Mouse"	"DAPK1"
"M3"	"IntAct_Mouse"	"SORL1"
"M3"	"IntAct_Mouse"	"KIF5C"
"M3"	"IntAct_Mouse"	"KRT7"
"M3"	"IntAct_Mouse"	"KRT8"
"M3"	"IntAct_Mouse"	"HSPA4L"
"M3"	"IntAct_Mouse"	"SNX31"
"M3"	"IntAct_Mouse"	"UPK3A"
"M3"	"IntAct_Mouse"	"S100A4"
"M3"	"IntAct_Mouse"	"MSX2"
"M3"	"IntAct_Mouse"	"PTPRR"
"M3"	"IntAct_Mouse"	"LRMP"
"M3"	"MINT_Mouse"	"THRB"
"M3"	"MINT_Mouse"	"MAP2"
"M3"	"MINT_Mouse"	"CLDN3"
"M3"	"MINT_Mouse"	"CEBPA"
"M3"	"MINT_Mouse"	"KIF5C"
"M3"	"MGI"	"AR"
"M3"	"MGI"	"MLPH"
"M3"	"MGI"	"APLP1"
"M3"	"MGI"	"BMP2"
"M3"	"MGI"	"GATA3"
"M3"	"MGI"	"CEBPA"
"M3"	"MGI"	"KIF5C"
"M3"	"MGI"	"RGL3"
"M3"	"MGI"	"MSX2"
"M3"	"MGI"	"CDH23"
"M3"	"MGI"	"GDF7"
"M3"	"MGI"	"SYTL5"
"M3"	"BioGrid_Mouse"	"MYC"
"M3"	"BioGrid_Mouse"	"THRB"
"M3"	"BioGrid_Mouse"	"MAOA"
"M3"	"BioGrid_Mouse"	"PPARG"
"M3"	"BioGrid_Mouse"	"PPP2R2B"
"M3"	"BioGrid_Mouse"	"AR"
"M3"	"BioGrid_Mouse"	"MAPK10"
"M3"	"BioGrid_Mouse"	"GATA3"
"M3"	"BioGrid_Mouse"	"MAP2"
"M3"	"BioGrid_Mouse"	"CDK6"
"M3"	"BioGrid_Mouse"	"CARD11"
"M3"	"BioGrid_Mouse"	"HOXA9"
"M3"	"BioGrid_Mouse"	"MAPK8IP2"
"M3"	"BioGrid_Mouse"	"PITX1"
"M3"	"BioGrid_Mouse"	"CEBPA"
"M3"	"BioGrid_Mouse"	"LIPC"
"M3"	"BioGrid_Mouse"	"HOXA13"
"M3"	"BioGrid_Mouse"	"ZBTB7C"
"M3"	"BioGrid_Mouse"	"GATA2"
"M3"	"BioGrid_Mouse"	"HIST1H2BJ"
"M3"	"BioGrid_Mouse"	"KIF5C"
"M3"	"BioGrid_Mouse"	"KRT8"
"M3"	"BioGrid_Mouse"	"SOX9"
"M3"	"BioGrid_Mouse"	"BCL11A"
"M3"	"BioGrid_Mouse"	"S100A4"
"M3"	"BioGrid_Mouse"	"SHC3"
"M3"	"BioGrid_Mouse"	"RGL3"
"M3"	"BioGrid_Mouse"	"CACNA1D"
"M3"	"BioGrid_Mouse"	"ALOX5"
"M3"	"BioGrid_Mouse"	"MSX2"
"M3"	"BioGrid_Mouse"	"HIST2H2BF"
"M3"	"BioGrid_Mouse"	"FOXQ1"
"M3"	"BioGrid_Mouse"	"HNF1B"
"M3"	"BioGrid_Mouse"	"GDF7"
"M3"	"BioGrid_Mouse"	"SYTL5"
"M3"	"BioGrid_Mouse"	"TLE6"
"M3"	"BioGrid_Mouse"	"MYCL"
"M3"	"BioGrid_Mouse"	"ASIC1"
"M3"	"INNATEDB"	"MYC"
"M3"	"INNATEDB"	"THRB"
"M3"	"INNATEDB"	"PPARG"
"M3"	"INNATEDB"	"AR"
"M3"	"INNATEDB"	"MAPK10"
"M3"	"INNATEDB"	"BMP2"
"M3"	"INNATEDB"	"GATA3"
"M3"	"INNATEDB"	"CDK6"
"M3"	"INNATEDB"	"CARD11"
"M3"	"INNATEDB"	"HOXA9"
"M3"	"INNATEDB"	"MAPK8IP2"
"M3"	"INNATEDB"	"CLDN3"
"M3"	"INNATEDB"	"FOXA1"
"M3"	"INNATEDB"	"CCR7"
"M3"	"INNATEDB"	"MPP6"
"M3"	"INNATEDB"	"DDX3Y"
"M3"	"INNATEDB"	"IGFBP3"
"M3"	"INNATEDB"	"FOSL1"
"M3"	"INNATEDB"	"HIST1H2BC"
"M3"	"INNATEDB"	"GATA2"
"M3"	"INNATEDB"	"TPD52L1"
"M3"	"INNATEDB"	"KCNQ1"
"M3"	"INNATEDB"	"SORL1"
"M3"	"INNATEDB"	"KRT8"
"M3"	"INNATEDB"	"TNFSF15"
"M3"	"INNATEDB"	"S100A4"
"M3"	"INNATEDB"	"ALOX5"
"M3"	"INNATEDB"	"TMEM97"
"M3"	"INNATEDB"	"MAL"
"M3"	"INNATEDB"	"TRPA1"
"M3"	"INNATEDB"	"FOXQ1"
"M3"	"INNATEDB"	"ZNF677"
"M3"	"INNATEDB"	"TUBB6"
"M3"	"INNATEDB"	"SEMA3B"
"M3"	"INNATEDB"	"APOL4"
"M3"	"INNATEDB"	"TESC"
"M3"	"INNATEDB"	"TNFAIP2"
"M3"	"INNATEDB"	"KCNJ15"
"M3"	"INNATEDB"	"NDRG2"
"M3"	"IntAct_Fly"	"HID1"
"M3"	"IntAct_Fly"	"BAIAP3"
"M3"	"IntAct_Fly"	"CDK6"
"M3"	"IntAct_Fly"	"EIF5AL1"
"M3"	"IntAct_Fly"	"MELTF"
"M3"	"IntAct_Fly"	"SELENBP1"
"M3"	"IntAct_Fly"	"FAR2"
"M3"	"IntAct_Fly"	"PLCB4"
"M3"	"IntAct_Fly"	"ELOVL4"
"M3"	"MINT"	"MYC"
"M3"	"MINT"	"THRB"
"M3"	"MINT"	"AR"
"M3"	"MINT"	"GABBR2"
"M3"	"MINT"	"GIPC2"
"M3"	"MINT"	"MAPK10"
"M3"	"MINT"	"MLPH"
"M3"	"MINT"	"APLP1"
"M3"	"MINT"	"BMP2"
"M3"	"MINT"	"FAM189A2"
"M3"	"MINT"	"VIPR1"
"M3"	"MINT"	"MAP2"
"M3"	"MINT"	"CDK6"
"M3"	"MINT"	"MAPK8IP2"
"M3"	"MINT"	"RYR1"
"M3"	"MINT"	"FBP1"
"M3"	"MINT"	"RAP1GAP"
"M3"	"MINT"	"PITX1"
"M3"	"MINT"	"TGFBR3"
"M3"	"MINT"	"DAPK1"
"M3"	"MINT"	"IGFBP3"
"M3"	"MINT"	"FOSL1"
"M3"	"MINT"	"TPD52L1"
"M3"	"MINT"	"KRT20"
"M3"	"MINT"	"PPP1R3C"
"M3"	"MINT"	"SORL1"
"M3"	"MINT"	"SLC30A2"
"M3"	"MINT"	"ACSL5"
"M3"	"MINT"	"KRT7"
"M3"	"MINT"	"BMP3"
"M3"	"MINT"	"KRT8"
"M3"	"MINT"	"PRTFDC1"
"M3"	"MINT"	"ELF5"
"M3"	"MINT"	"SELENBP1"
"M3"	"MINT"	"FABP4"
"M3"	"MINT"	"PDE9A"
"M3"	"MINT"	"TRPV6"
"M3"	"MINT"	"DOCK3"
"M3"	"MINT"	"S100A4"
"M3"	"MINT"	"SHC3"
"M3"	"MINT"	"IGF2"
"M3"	"MINT"	"CTSE"
"M3"	"MINT"	"GSTM4"
"M3"	"MINT"	"AK4"
"M3"	"MINT"	"PTPRR"
"M3"	"MINT"	"ZC4H2"
"M3"	"MINT"	"PKIA"
"M3"	"MINT"	"TESC"
"M3"	"MINT"	"CCL28"
"M3"	"MINT"	"SCNN1G"
"M3"	"MINT"	"CXorf57"
"M3"	"MINT"	"AKR1C3"
"M3"	"MINT"	"TJP3"
"M3"	"MINT"	"BHMT"
"M3"	"BCI"	"MYC"
"M3"	"BCI"	"MAOA"
"M3"	"BCI"	"MAPK10"
"M3"	"BCI"	"APLP1"
"M3"	"BCI"	"GATA3"
"M3"	"BCI"	"CDK6"
"M3"	"BCI"	"FBLN1"
"M3"	"BCI"	"CCR7"
"M3"	"BCI"	"TLE2"
"M3"	"BCI"	"CEBPA"
"M3"	"BCI"	"DAPK1"
"M3"	"BCI"	"IGFBP3"
"M3"	"BCI"	"ADCY7"
"M3"	"BCI"	"GATA2"
"M3"	"BCI"	"KCNQ1"
"M3"	"BCI"	"SORL1"
"M3"	"BCI"	"KIF5C"
"M3"	"BCI"	"KRT7"
"M3"	"BCI"	"KRT8"
"M3"	"BCI"	"PPFIBP2"
"M3"	"BCI"	"SOX9"
"M3"	"BCI"	"FABP4"
"M3"	"BCI"	"HOXB2"
"M3"	"BCI"	"S100A4"
"M3"	"BCI"	"IGF2"
"M3"	"BCI"	"COL9A2"
"M3"	"BCI"	"CACNA1D"
"M3"	"BCI"	"ALOX5"
"M3"	"BCI"	"SPINK1"
"M3"	"BCI"	"PKIA"
"M3"	"DIP"	"MYC"
"M3"	"DIP"	"THRB"
"M3"	"DIP"	"PPARG"
"M3"	"DIP"	"AR"
"M3"	"DIP"	"GABBR2"
"M3"	"DIP"	"MAPK10"
"M3"	"DIP"	"APLP1"
"M3"	"DIP"	"BMP2"
"M3"	"DIP"	"MAP2"
"M3"	"DIP"	"CDK6"
"M3"	"DIP"	"CARD11"
"M3"	"DIP"	"CLDN3"
"M3"	"DIP"	"FOXA1"
"M3"	"DIP"	"CCR7"
"M3"	"DIP"	"FBP1"
"M3"	"DIP"	"BHLHE41"
"M3"	"DIP"	"TGFBR3"
"M3"	"DIP"	"IGFBP3"
"M3"	"DIP"	"FOSL1"
"M3"	"DIP"	"SPTSSB"
"M3"	"DIP"	"SPTLC3"
"M3"	"DIP"	"GATA2"
"M3"	"DIP"	"KCNQ1"
"M3"	"DIP"	"HIST1H2BJ"
"M3"	"DIP"	"KRT8"
"M3"	"DIP"	"TNFSF15"
"M3"	"DIP"	"S100A4"
"M3"	"DIP"	"IGF2"
"M3"	"DIP"	"PTPRR"
"M3"	"DIP"	"ZNF608"
"M3"	"DIP"	"KCNN4"
"M3"	"DIP"	"SLC14A1"
"M3"	"INNATEDB_Mouse"	"MYC"
"M3"	"INNATEDB_Mouse"	"PPARG"
"M3"	"INNATEDB_Mouse"	"AR"
"M3"	"INNATEDB_Mouse"	"GATA3"
"M3"	"INNATEDB_Mouse"	"CDK6"
"M3"	"INNATEDB_Mouse"	"CARD11"
"M3"	"INNATEDB_Mouse"	"MAPK8IP2"
"M3"	"INNATEDB_Mouse"	"FOXA1"
"M3"	"INNATEDB_Mouse"	"CCR7"
"M3"	"INNATEDB_Mouse"	"PITX1"
"M3"	"INNATEDB_Mouse"	"CEBPA"
"M3"	"INNATEDB_Mouse"	"HOXA13"
"M3"	"INNATEDB_Mouse"	"CAB39L"
"M3"	"INNATEDB_Mouse"	"MPP6"
"M3"	"INNATEDB_Mouse"	"DAPK1"
"M3"	"INNATEDB_Mouse"	"ZBTB7C"
"M3"	"INNATEDB_Mouse"	"GATA2"
"M3"	"INNATEDB_Mouse"	"SOX9"
"M3"	"INNATEDB_Mouse"	"CDH23"
"M3"	"INNATEDB_Mouse"	"ZNF608"
"M3"	"INNATEDB_Mouse"	"TLE6"
"M3"	"DIP_Yeast"	"ALDH1A2"
"M3"	"DIP_Yeast"	"FBP1"
"M3"	"DIP_Yeast"	"PM20D1"
"M3"	"BIND_Mouse"	"MYC"
"M3"	"BIND_Mouse"	"PPARG"
"M3"	"BIND_Mouse"	"MAPK10"
"M3"	"BIND_Mouse"	"MLPH"
"M3"	"BIND_Mouse"	"BMP2"
"M3"	"BIND_Mouse"	"GATA3"
"M3"	"BIND_Mouse"	"CDK6"
"M3"	"BIND_Mouse"	"CEBPA"
"M3"	"BIND_Mouse"	"HOXA13"
"M3"	"BIND_Mouse"	"CABP4"
"M3"	"BIND_Mouse"	"FABP4"
"M3"	"BIND_Mouse"	"SHC3"
"M3"	"BIND_Mouse"	"MSX2"
"M3"	"BIND_Mouse"	"PTPRR"
"M3"	"BIND_Mouse"	"CDH23"
"M3"	"BioGrid_Worm"	"DDX3Y"
"M3"	"MINT_Worm"	"DDX3Y"
"M3"	"DIP_Worm"	"FBLN1"
"M3"	"DIP_Worm"	"LDHD"
"M3"	"IntAct_Worm"	"HID1"
"M3"	"IntAct_Worm"	"FBLN1"
"M3"	"IntAct_Worm"	"DDX3Y"
"M3"	"IntAct_Worm"	"LDHD"
"M3"	"IntAct_Yeast"	"ALDH1A2"
"M3"	"IntAct_Yeast"	"FBP1"
"M3"	"IntAct_Yeast"	"ABAT"
"M3"	"IntAct_Yeast"	"PM20D1"
"M3"	"YeastMedium"	"FBP1"
"M3"	"YeastMedium"	"ABAT"
"M3"	"YeastMedium"	"PM20D1"
"M3"	"VidalHuman_non_core"	"CLDN3"
"M3"	"VidalHuman_non_core"	"FBP1"
"M3"	"VidalHuman_non_core"	"PITX1"
"M3"	"VidalHuman_non_core"	"KRT20"
"M3"	"VidalHuman_non_core"	"AK4"
"M3"	"VidalHuman_non_core"	"CCNJL"
"M3"	"VidalHuman_non_core"	"ZNF471"
"M3"	"VidalHuman_core"	"FAM189A2"
"M3"	"VidalHuman_core"	"HOXA9"
"M3"	"VidalHuman_core"	"FBP1"
"M3"	"VidalHuman_core"	"PITX1"
"M3"	"VidalHuman_core"	"FOSL1"
"M3"	"VidalHuman_core"	"KRT20"
"M3"	"VidalHuman_core"	"PRTFDC1"
"M3"	"VidalHuman_core"	"ELF5"
"M3"	"VidalHuman_core"	"SELENBP1"
"M3"	"VidalHuman_core"	"PDE9A"
"M3"	"VidalHuman_core"	"COL9A2"
"M3"	"VidalHuman_core"	"ZC4H2"
"M3"	"VidalHuman_core"	"TESC"
"M3"	"VidalHuman_core"	"ZNF471"
"M3"	"VidalHuman_core"	"BHMT"
"M3"	"BioGrid_Rat"	"MYC"
"M3"	"BioGrid_Rat"	"GABBR2"
"M3"	"BioGrid_Rat"	"TNNC1"
"M3"	"BioGrid_Rat"	"CEBPA"
"M3"	"BioGrid_Rat"	"KCNQ1"
"M3"	"BioGrid_Rat"	"PTPRR"
"M3"	"BioGrid_Rat"	"SCNN1G"
"M3"	"BIND"	"MYC"
"M3"	"BIND"	"THRB"
"M3"	"BIND"	"PPARG"
"M3"	"BIND"	"AR"
"M3"	"BIND"	"MAPK10"
"M3"	"BIND"	"APLP1"
"M3"	"BIND"	"BMP2"
"M3"	"BIND"	"CDK6"
"M3"	"BIND"	"CARD11"
"M3"	"BIND"	"FBP1"
"M3"	"BIND"	"RAP1GAP"
"M3"	"BIND"	"CEBPA"
"M3"	"BIND"	"DAPK1"
"M3"	"BIND"	"FOSL1"
"M3"	"BIND"	"TPD52L1"
"M3"	"BIND"	"S100A4"
"M3"	"BIND"	"SHC3"
"M3"	"BIND"	"F5"
"M3"	"BIND"	"IGF2"
"M3"	"BIND"	"GSTM4"
"M3"	"BIND"	"ALOX5"
"M3"	"BIND"	"GSTM1"
"M3"	"BIND"	"CGN"
"M3"	"BIND"	"AKR1C2"
"M3"	"BIND"	"MECOM"
"M3"	"BIND"	"BHMT"
"M3"	"SOURAV_MAPK_LOW"	"MYC"
"M3"	"SOURAV_MAPK_LOW"	"MAPK10"
"M3"	"SOURAV_MAPK_HIGH"	"MYC"
"M3"	"SOURAV_MAPK_HIGH"	"MAPK10"
"M3"	"StelzlMedium"	"GABBR2"
"M3"	"StelzlMedium"	"MAPK10"
"M3"	"StelzlMedium"	"APLP1"
"M3"	"StelzlMedium"	"RAP1GAP"
"M3"	"StelzlMedium"	"IGFBP3"
"M3"	"StelzlMedium"	"TPD52L1"
"M3"	"StelzlMedium"	"SELENBP1"
"M3"	"StelzlMedium"	"FABP4"
"M3"	"StelzlMedium"	"S100A4"
"M3"	"StelzlMedium"	"COL9A2"
"M3"	"StelzlMedium"	"GSTM4"
"M3"	"StelzlMedium"	"AKR1C3"
"M3"	"BioGrid_Yeast"	"ALDH1A2"
"M3"	"BioGrid_Yeast"	"FBP1"
"M3"	"BioGrid_Yeast"	"ABAT"
"M3"	"BioGrid_Yeast"	"PM20D1"
"M3"	"BIND_Rat"	"AR"
"M3"	"BIND_Rat"	"ALDH1A2"
"M3"	"BIND_Rat"	"CEBPA"
"M3"	"BIND_Rat"	"BHMT"
"M3"	"BIND_Rat"	"CLIC6"
"M3"	"I2D-text_mining-c"	"CLDN3"
"M3"	"I2D-text_mining-c"	"FABP4"
"M3"	"YeastLow"	"FBP1"
"M3"	"YeastLow"	"ABAT"
"M3"	"DIP_Rat"	"AR"
"M3"	"DIP_Rat"	"CEBPA"
"M3"	"DIP_Rat"	"FOSL1"
"M3"	"DIP_Rat"	"MAL"
"M3"	"KIM_MYC"	"MYC"
"M3"	"DIP_Mouse"	"AR"
"M3"	"DIP_Mouse"	"SCNN1B"
"M3"	"DIP_Mouse"	"MLPH"
"M3"	"DIP_Mouse"	"CDK6"
"M3"	"DIP_Mouse"	"CEBPA"
"M3"	"DIP_Mouse"	"CDH23"
"M3"	"DIP_Mouse"	"VGLL1"
"M3"	"StelzlHigh"	"MAPK10"
"M3"	"StelzlHigh"	"FBP1"
"M3"	"StelzlHigh"	"SELENBP1"
"M3"	"StelzlHigh"	"GSTM4"
"M3"	"StelzlHigh"	"AKR1C3"
"M3"	"BIND_Yeast"	"FBP1"
"M3"	"MINT_Yeast"	"FBP1"
"M3"	"MIPS"	"FBP1"
"M3"	"IntAct_Rat"	"MYC"
"M3"	"IntAct_Rat"	"GABBR2"
"M3"	"IntAct_Rat"	"MAPK10"
"M3"	"IntAct_Rat"	"INA"
"M3"	"IntAct_Rat"	"SLC9A2"
"M3"	"IntAct_Rat"	"PTPRR"
"M3"	"IntAct_Rat"	"CNGA1"
"M3"	"MINT_Rat"	"GABBR2"
"M3"	"MINT_Rat"	"MAPK10"
"M3"	"MINT_Rat"	"MAP2"
"M3"	"MINT_Rat"	"PTPRR"
"M3"	"MINT_Rat"	"CNGA1"
"M3"	"Krogan_NonCore"	"ALDH1A2"
"M3"	"Krogan_Core"	"FBP1"
"M3"	"I2D-c_Mouse"	"TLE6"
"M3"	"ShawnLi"	"RYR1"
"M3"	"I2D-c_Fiona_HUMAN"	"AR"
"M3"	"Fawcett_polarity_Rat"	"MAP2"
"M3"	"BIND_Fly"	"MELTF"
"M3"	"BIND_Fly"	"ZC4H2"
"M3"	"BIND_Fly"	"ELOVL4"
"M3"	"FlyLow"	"MELTF"
"M3"	"FlyLow"	"ZC4H2"
"M3"	"MINT_Fly"	"ZC4H2"
"M3"	"Fawcett_polarity"	"MPP6"
"M3"	"StelzlLow"	"AKR1C3"
"M4"	"BEHRENDS_AUTOPHAGY_LOW"	"PRKAA2"
"M4"	"BioGrid"	"PRKAA2"
"M4"	"BioGrid"	"KRT19"
"M4"	"BioGrid"	"CBLC"
"M4"	"BioGrid"	"EPPK1"
"M4"	"BioGrid"	"IL1A"
"M4"	"BioGrid"	"CDH1"
"M4"	"BioGrid"	"RAB27B"
"M4"	"BioGrid"	"PTK6"
"M4"	"BioGrid"	"ERBB3"
"M4"	"BioGrid"	"GRB7"
"M4"	"BioGrid"	"ELF3"
"M4"	"BioGrid"	"ACKR2"
"M4"	"BioGrid"	"SHANK2"
"M4"	"BioGrid"	"GRHL3"
"M4"	"BioGrid"	"EPS8L1"
"M4"	"BioGrid"	"FGFR2"
"M4"	"BioGrid"	"OCLN"
"M4"	"BioGrid"	"AP1M2"
"M4"	"BioGrid"	"KLF8"
"M4"	"BioGrid"	"NINL"
"M4"	"BioGrid"	"MYH14"
"M4"	"BioGrid"	"ASS1"
"M4"	"BioGrid"	"GPRIN2"
"M4"	"BioGrid"	"TINAGL1"
"M4"	"BioGrid"	"OVOL1"
"M4"	"BioGrid"	"NRCAM"
"M4"	"BioGrid"	"MAL2"
"M4"	"BioGrid"	"EVPL"
"M4"	"BioGrid"	"GSPT2"
"M4"	"BioGrid"	"RAB25"
"M4"	"BioGrid"	"CXADR"
"M4"	"BioGrid"	"BNIPL"
"M4"	"BioGrid"	"AGR2"
"M4"	"BioGrid"	"EPCAM"
"M4"	"BioGrid"	"BICDL2"
"M4"	"BioGrid"	"CEACAM1"
"M4"	"BioGrid"	"CLDN4"
"M4"	"BioGrid"	"ACPP"
"M4"	"BioGrid"	"GRHL2"
"M4"	"BioGrid"	"GPR78"
"M4"	"BioGrid"	"RAPGEFL1"
"M4"	"BioGrid"	"CD24"
"M4"	"BioGrid"	"TRIM17"
"M4"	"BioGrid"	"EHF"
"M4"	"BioGrid"	"GPRC5A"
"M4"	"BioGrid"	"NECTIN3"
"M4"	"BioGrid"	"S100P"
"M4"	"BioGrid"	"WFDC2"
"M4"	"BioGrid"	"CRB3"
"M4"	"BioGrid"	"CRABP2"
"M4"	"BioGrid"	"SCNN1A"
"M4"	"BioGrid"	"KCND2"
"M4"	"BioGrid"	"NECTIN4"
"M4"	"BioGrid"	"ARL14"
"M4"	"BioGrid"	"PADI3"
"M4"	"BioGrid"	"ESRP2"
"M4"	"HPRD"	"PRKAA2"
"M4"	"HPRD"	"KRT19"
"M4"	"HPRD"	"CBLC"
"M4"	"HPRD"	"PIGR"
"M4"	"HPRD"	"IL1A"
"M4"	"HPRD"	"RAB27B"
"M4"	"HPRD"	"PTK6"
"M4"	"HPRD"	"ERBB3"
"M4"	"HPRD"	"GRB7"
"M4"	"HPRD"	"ELF3"
"M4"	"HPRD"	"ACKR2"
"M4"	"HPRD"	"SHANK2"
"M4"	"HPRD"	"GRHL3"
"M4"	"HPRD"	"EPS8L1"
"M4"	"HPRD"	"OCLN"
"M4"	"HPRD"	"XK"
"M4"	"HPRD"	"AP1M2"
"M4"	"HPRD"	"NINL"
"M4"	"HPRD"	"ASS1"
"M4"	"HPRD"	"GPRIN2"
"M4"	"HPRD"	"TINAGL1"
"M4"	"HPRD"	"NRCAM"
"M4"	"HPRD"	"MAL2"
"M4"	"HPRD"	"EVPL"
"M4"	"HPRD"	"FXYD3"
"M4"	"HPRD"	"SPRR3"
"M4"	"HPRD"	"SYT8"
"M4"	"HPRD"	"GSPT2"
"M4"	"HPRD"	"RAB25"
"M4"	"HPRD"	"CXADR"
"M4"	"HPRD"	"BNIPL"
"M4"	"HPRD"	"AGR2"
"M4"	"HPRD"	"EPCAM"
"M4"	"HPRD"	"CEACAM1"
"M4"	"HPRD"	"LRG1"
"M4"	"HPRD"	"CLDN4"
"M4"	"HPRD"	"ACPP"
"M4"	"HPRD"	"CD24"
"M4"	"HPRD"	"TRIM17"
"M4"	"HPRD"	"TNNI2"
"M4"	"HPRD"	"NECTIN3"
"M4"	"HPRD"	"S100P"
"M4"	"HPRD"	"CRB3"
"M4"	"HPRD"	"CRABP2"
"M4"	"HPRD"	"SYBU"
"M4"	"HPRD"	"SCNN1A"
"M4"	"HPRD"	"KCND2"
"M4"	"HPRD"	"NECTIN4"
"M4"	"HPRD"	"ARL14"
"M4"	"HPRD"	"CDC42EP5"
"M4"	"HPRD"	"BSPRY"
"M4"	"HPRD"	"SPRR1A"
"M4"	"HPRD"	"PRSS8"
"M4"	"HPRD"	"VTCN1"
"M4"	"IntAct"	"PRKAA2"
"M4"	"IntAct"	"KRT19"
"M4"	"IntAct"	"CBLC"
"M4"	"IntAct"	"EPPK1"
"M4"	"IntAct"	"PIGR"
"M4"	"IntAct"	"IL1A"
"M4"	"IntAct"	"CDH1"
"M4"	"IntAct"	"RAB27B"
"M4"	"IntAct"	"PTK6"
"M4"	"IntAct"	"ERBB3"
"M4"	"IntAct"	"GRB7"
"M4"	"IntAct"	"ELF3"
"M4"	"IntAct"	"SHANK2"
"M4"	"IntAct"	"TACSTD2"
"M4"	"IntAct"	"GRHL3"
"M4"	"IntAct"	"EPS8L1"
"M4"	"IntAct"	"FGFR2"
"M4"	"IntAct"	"OCLN"
"M4"	"IntAct"	"XK"
"M4"	"IntAct"	"AP1M2"
"M4"	"IntAct"	"NINL"
"M4"	"IntAct"	"MYH14"
"M4"	"IntAct"	"ASS1"
"M4"	"IntAct"	"GPRIN2"
"M4"	"IntAct"	"TINAGL1"
"M4"	"IntAct"	"OVOL1"
"M4"	"IntAct"	"MAL2"
"M4"	"IntAct"	"RHOV"
"M4"	"IntAct"	"EVPL"
"M4"	"IntAct"	"FXYD3"
"M4"	"IntAct"	"SPRR3"
"M4"	"IntAct"	"GSPT2"
"M4"	"IntAct"	"RAB25"
"M4"	"IntAct"	"WNT7B"
"M4"	"IntAct"	"CXADR"
"M4"	"IntAct"	"BNIPL"
"M4"	"IntAct"	"AGR2"
"M4"	"IntAct"	"BICDL2"
"M4"	"IntAct"	"CEACAM1"
"M4"	"IntAct"	"ACPP"
"M4"	"IntAct"	"ZNF215"
"M4"	"IntAct"	"TRIM17"
"M4"	"IntAct"	"EHF"
"M4"	"IntAct"	"TNNI2"
"M4"	"IntAct"	"NECTIN3"
"M4"	"IntAct"	"S100P"
"M4"	"IntAct"	"CRB3"
"M4"	"IntAct"	"PCSK6"
"M4"	"IntAct"	"CRABP2"
"M4"	"IntAct"	"SYBU"
"M4"	"IntAct"	"SCNN1A"
"M4"	"IntAct"	"NECTIN4"
"M4"	"IntAct"	"ZNF750"
"M4"	"IntAct"	"ARL14"
"M4"	"IntAct"	"BSPRY"
"M4"	"IntAct"	"EPN3"
"M4"	"IntAct"	"PADI3"
"M4"	"IntAct"	"NIPAL4"
"M4"	"IntAct"	"IGFL1"
"M4"	"IntAct"	"PRSS8"
"M4"	"IntAct"	"C1orf116"
"M4"	"IntAct"	"ATP2C2"
"M4"	"IntAct"	"TMC5"
"M4"	"IntAct"	"ESRP2"
"M4"	"BCI"	"PIGR"
"M4"	"BCI"	"IL1A"
"M4"	"BCI"	"CDH1"
"M4"	"BCI"	"ERBB3"
"M4"	"BCI"	"GRB7"
"M4"	"BCI"	"ACKR2"
"M4"	"BCI"	"ASS1"
"M4"	"BCI"	"EVPL"
"M4"	"BCI"	"CEACAM1"
"M4"	"BCI"	"IL1RN"
"M4"	"BIND"	"PIGR"
"M4"	"BIND"	"IL1A"
"M4"	"BIND"	"CDH1"
"M4"	"BIND"	"RAB27B"
"M4"	"BIND"	"PTK6"
"M4"	"BIND"	"ERBB3"
"M4"	"BIND"	"GRB7"
"M4"	"BIND"	"FGFR2"
"M4"	"BIND"	"NRCAM"
"M4"	"BIND"	"CXADR"
"M4"	"BIND"	"BNIPL"
"M4"	"BIND"	"ACPP"
"M4"	"BIND"	"IL1RN"
"M4"	"BIND"	"S100P"
"M4"	"BIND"	"CRABP2"
"M4"	"INNATEDB"	"PIGR"
"M4"	"INNATEDB"	"IL1A"
"M4"	"INNATEDB"	"CDH1"
"M4"	"INNATEDB"	"PTK6"
"M4"	"INNATEDB"	"ACKR2"
"M4"	"INNATEDB"	"FGFR2"
"M4"	"INNATEDB"	"OCLN"
"M4"	"INNATEDB"	"SLC15A1"
"M4"	"INNATEDB"	"CEACAM1"
"M4"	"INNATEDB"	"KBTBD11"
"M4"	"INNATEDB"	"PADI1"
"M4"	"INNATEDB"	"PADI3"
"M4"	"BioGrid_Mouse"	"CBLC"
"M4"	"BioGrid_Mouse"	"CDH1"
"M4"	"BioGrid_Mouse"	"OCLN"
"M4"	"BioGrid_Mouse"	"NRCAM"
"M4"	"BioGrid_Mouse"	"WNT7B"
"M4"	"BioGrid_Mouse"	"CXADR"
"M4"	"BioGrid_Mouse"	"EHF"
"M4"	"MGI"	"CDH1"
"M4"	"MGI"	"ACKR2"
"M4"	"MGI"	"OCLN"
"M4"	"MGI"	"WNT7B"
"M4"	"BioGrid_Yeast"	"PRKAA2"
"M4"	"BioGrid_Yeast"	"FA2H"
"M4"	"BioGrid_Yeast"	"SLC15A1"
"M4"	"JonesErbB1"	"ERBB3"
"M4"	"Jorgensen_EphR"	"GRB7"
"M4"	"INNATEDB_Mouse"	"CDH1"
"M4"	"INNATEDB_Mouse"	"ELF3"
"M4"	"INNATEDB_Mouse"	"ACKR2"
"M4"	"INNATEDB_Mouse"	"ASS1"
"M4"	"INNATEDB_Mouse"	"GRHL2"
"M4"	"INNATEDB_Mouse"	"IL20RA"
"M4"	"BIND_Rat"	"ERBB3"
"M4"	"BIND_Rat"	"SHANK2"
"M4"	"BIND_Rat"	"CEACAM1"
"M4"	"MINT"	"PRKAA2"
"M4"	"MINT"	"KRT19"
"M4"	"MINT"	"CBLC"
"M4"	"MINT"	"CDH1"
"M4"	"MINT"	"PTK6"
"M4"	"MINT"	"ERBB3"
"M4"	"MINT"	"GRB7"
"M4"	"MINT"	"SHANK2"
"M4"	"MINT"	"FGFR2"
"M4"	"MINT"	"OCLN"
"M4"	"MINT"	"NINL"
"M4"	"MINT"	"GPRIN2"
"M4"	"MINT"	"TINAGL1"
"M4"	"MINT"	"FXYD3"
"M4"	"MINT"	"AGR2"
"M4"	"MINT"	"CEACAM1"
"M4"	"MINT"	"ACPP"
"M4"	"MINT"	"TRIM17"
"M4"	"MINT"	"WFDC2"
"M4"	"MINT"	"SCNN1A"
"M4"	"MINT"	"NECTIN4"
"M4"	"IntAct_Worm"	"EPS8L1"
"M4"	"IntAct_Worm"	"GSPT2"
"M4"	"IntAct_Worm"	"FUT3"
"M4"	"VidalHuman_core"	"KRT19"
"M4"	"VidalHuman_core"	"ASS1"
"M4"	"VidalHuman_core"	"GPRIN2"
"M4"	"VidalHuman_core"	"CXADR"
"M4"	"VidalHuman_core"	"TRIM17"
"M4"	"IntAct_Yeast"	"PRKAA2"
"M4"	"IntAct_Yeast"	"FA2H"
"M4"	"IntAct_Yeast"	"ASS1"
"M4"	"DIP_Yeast"	"PRKAA2"
"M4"	"DIP_Yeast"	"ASS1"
"M4"	"YeastLow"	"PRKAA2"
"M4"	"YeastLow"	"ASS1"
"M4"	"DIP"	"KRT19"
"M4"	"DIP"	"CDH1"
"M4"	"DIP"	"PTK6"
"M4"	"DIP"	"ERBB3"
"M4"	"DIP"	"SHANK2"
"M4"	"DIP"	"FGFR2"
"M4"	"DIP"	"OCLN"
"M4"	"DIP"	"ASS1"
"M4"	"DIP"	"LARGE2"
"M4"	"DIP"	"AGR2"
"M4"	"DIP"	"LRG1"
"M4"	"DIP"	"IL1RN"
"M4"	"DIP"	"NECTIN3"
"M4"	"DIP"	"NECTIN4"
"M4"	"IntAct_Fly"	"ASS1"
"M4"	"IntAct_Fly"	"NRCAM"
"M4"	"IntAct_Fly"	"WNT7B"
"M4"	"IntAct_Fly"	"MKRN2OS"
"M4"	"BIND_Yeast"	"PRKAA2"
"M4"	"Krogan_Core"	"PRKAA2"
"M4"	"MINT_Yeast"	"PRKAA2"
"M4"	"MINT_Yeast"	"FA2H"
"M4"	"MIPS"	"PRKAA2"
"M4"	"Yeast_Kinome"	"PRKAA2"
"M4"	"IntAct_Rat"	"SHANK2"
"M4"	"IntAct_Rat"	"RHOV"
"M4"	"MINT_Rat"	"SHANK2"
"M4"	"IntAct_Mouse"	"CDH1"
"M4"	"IntAct_Mouse"	"ERBB3"
"M4"	"IntAct_Mouse"	"GRB7"
"M4"	"IntAct_Mouse"	"NRCAM"
"M4"	"IntAct_Mouse"	"SYT8"
"M4"	"IntAct_Mouse"	"RAB25"
"M4"	"IntAct_Mouse"	"CXADR"
"M4"	"IntAct_Mouse"	"BICDL2"
"M4"	"IntAct_Mouse"	"CLDN4"
"M4"	"IntAct_Mouse"	"KCND2"
"M4"	"YeastHigh"	"ASS1"
"M4"	"BIND_Mouse"	"PRKAA2"
"M4"	"BIND_Mouse"	"CDH1"
"M4"	"BIND_Mouse"	"EPS8L1"
"M4"	"BIND_Mouse"	"OCLN"
"M4"	"BIND_Mouse"	"KCND2"
"M4"	"BioGrid_Rat"	"PRKAA2"
"M4"	"BioGrid_Rat"	"CDH1"
"M4"	"BioGrid_Rat"	"OCLN"
"M4"	"BioGrid_Rat"	"KCND2"
"M4"	"DIP_Mouse"	"CDH1"
"M4"	"DIP_Mouse"	"RAB27B"
"M4"	"DIP_Mouse"	"OCLN"
"M4"	"DIP_Mouse"	"LRG1"
"M4"	"DIP_Mouse"	"NECTIN3"
"M4"	"DIP_Mouse"	"SCNN1A"
"M4"	"DIP_Mouse"	"NECTIN4"
"M4"	"DIP_Mouse"	"EPN3"
"M4"	"BIND_Fly"	"FGFR2"
"M4"	"BIND_Fly"	"ASS1"
"M4"	"BIND_Fly"	"SLC15A1"
"M4"	"StelzlMedium"	"TINAGL1"
"M4"	"StelzlMedium"	"WFDC2"
"M4"	"BioGrid_Fly"	"FA2H"
"M4"	"BioGrid_Fly"	"ASS1"
"M4"	"BioGrid_Fly"	"NRCAM"
"M4"	"BioGrid_Fly"	"SLC15A1"
"M4"	"DIP_Fly"	"NRCAM"
"M4"	"DIP_Fly"	"KCND2"
"M4"	"DIP_Fly"	"MKRN2OS"
"M4"	"Krogan_NonCore"	"PRKAA2"
"M4"	"Yu_GoldStd"	"PRKAA2"
"M4"	"MINT_Mouse"	"CDH1"
"M4"	"MINT_Mouse"	"NRCAM"
"M4"	"MINT_Mouse"	"CLDN4"
"M4"	"FlyHigh"	"ASS1"
"M4"	"FlyHigh"	"SLC15A1"
"M4"	"StelzlHigh"	"AGR2"
"M4"	"VidalHuman_non_core"	"KRT19"
"M4"	"VidalHuman_non_core"	"TACSTD2"
"M4"	"VidalHuman_non_core"	"GPRIN2"
"M4"	"VidalHuman_non_core"	"CRABP2"
"M4"	"MINT_Fly"	"KCND2"
"M4"	"MINT_Fly"	"MKRN2OS"
"M4"	"BioGrid_Worm"	"PRKAA2"
"M4"	"BioGrid_Worm"	"EPS8L1"
"M4"	"BIND_Worm"	"PRKAA2"
"M4"	"MINT_Worm"	"PRKAA2"
"M4"	"Fawcett_polarity"	"ZG16B"
"M4"	"Tarassov_PCA"	"FA2H"
"M5"	"BioGrid"	"FAM107A"
"M5"	"BioGrid"	"SORBS2"
"M5"	"BioGrid"	"KCNMB1"
"M5"	"BioGrid"	"CLU"
"M5"	"BioGrid"	"NCAM1"
"M5"	"BioGrid"	"NR3C2"
"M5"	"BioGrid"	"ACTA2"
"M5"	"BioGrid"	"FLNC"
"M5"	"BioGrid"	"FHL1"
"M5"	"BioGrid"	"ACSS3"
"M5"	"BioGrid"	"DMD"
"M5"	"BioGrid"	"TAGLN"
"M5"	"BioGrid"	"MATN2"
"M5"	"BioGrid"	"CA9"
"M5"	"BioGrid"	"DES"
"M5"	"BioGrid"	"NEURL1"
"M5"	"BioGrid"	"CADM1"
"M5"	"BioGrid"	"ELN"
"M5"	"BioGrid"	"AXIN2"
"M5"	"BioGrid"	"SORBS1"
"M5"	"BioGrid"	"HSPB8"
"M5"	"BioGrid"	"FGF7"
"M5"	"BioGrid"	"MYH11"
"M5"	"BioGrid"	"PLN"
"M5"	"BioGrid"	"SYNM"
"M5"	"BioGrid"	"PRDM6"
"M5"	"BioGrid"	"SYNPO2"
"M5"	"BioGrid"	"FOXP2"
"M5"	"BioGrid"	"THSD7A"
"M5"	"BioGrid"	"PRUNE2"
"M5"	"BioGrid"	"LMO3"
"M5"	"BioGrid"	"APOD"
"M5"	"BioGrid"	"FXYD6"
"M5"	"BioGrid"	"HOXB9"
"M5"	"BioGrid"	"KCND3"
"M5"	"BioGrid"	"ALDH7A1"
"M5"	"BioGrid"	"PITX2"
"M5"	"BioGrid"	"AGT"
"M5"	"BioGrid"	"DYNC1I1"
"M5"	"BioGrid"	"ADCY5"
"M5"	"BioGrid"	"CXCL14"
"M5"	"BioGrid"	"CAVIN2"
"M5"	"BioGrid"	"NUP62CL"
"M5"	"BioGrid"	"ACHE"
"M5"	"BioGrid"	"PRELP"
"M5"	"BioGrid"	"DDR2"
"M5"	"BioGrid"	"CA2"
"M5"	"BioGrid"	"PLA2G2A"
"M5"	"BioGrid"	"MYLK"
"M5"	"BioGrid"	"ADRA2A"
"M5"	"BioGrid"	"GYG2"
"M5"	"BioGrid"	"NECAB1"
"M5"	"BioGrid"	"HSPB7"
"M5"	"BioGrid"	"TPM2"
"M5"	"BioGrid"	"SELE"
"M5"	"BioGrid"	"CNN1"
"M5"	"BioGrid"	"IL33"
"M5"	"BioGrid"	"CCDC68"
"M5"	"BioGrid"	"TCF21"
"M5"	"BioGrid"	"GLDC"
"M5"	"BioGrid"	"PGM5"
"M5"	"BioGrid"	"DTNA"
"M5"	"BioGrid"	"HOPX"
"M5"	"BioGrid"	"BOC"
"M5"	"BioGrid"	"SELP"
"M5"	"BioGrid"	"AOC3"
"M5"	"BioGrid"	"TNXB"
"M5"	"BioGrid"	"ABI3BP"
"M5"	"BioGrid"	"CHRM3"
"M5"	"BioGrid"	"CPNE7"
"M5"	"HPRD"	"FAM107A"
"M5"	"HPRD"	"SORBS2"
"M5"	"HPRD"	"KCNMB1"
"M5"	"HPRD"	"NCAM1"
"M5"	"HPRD"	"NR3C2"
"M5"	"HPRD"	"ACTA2"
"M5"	"HPRD"	"FLNC"
"M5"	"HPRD"	"FHL1"
"M5"	"HPRD"	"DMD"
"M5"	"HPRD"	"TAGLN"
"M5"	"HPRD"	"MATN2"
"M5"	"HPRD"	"CA9"
"M5"	"HPRD"	"DES"
"M5"	"HPRD"	"CADM1"
"M5"	"HPRD"	"ELN"
"M5"	"HPRD"	"AXIN2"
"M5"	"HPRD"	"SORBS1"
"M5"	"HPRD"	"HSPB6"
"M5"	"HPRD"	"HSPB8"
"M5"	"HPRD"	"FGF7"
"M5"	"HPRD"	"PLN"
"M5"	"HPRD"	"ACTG2"
"M5"	"HPRD"	"SYNM"
"M5"	"HPRD"	"CPXM2"
"M5"	"HPRD"	"LMO3"
"M5"	"HPRD"	"APOD"
"M5"	"HPRD"	"TSPAN7"
"M5"	"HPRD"	"FXYD6"
"M5"	"HPRD"	"HOXB9"
"M5"	"HPRD"	"KCND3"
"M5"	"HPRD"	"ALDH7A1"
"M5"	"HPRD"	"PITX2"
"M5"	"HPRD"	"MFAP4"
"M5"	"HPRD"	"AGT"
"M5"	"HPRD"	"DYNC1I1"
"M5"	"HPRD"	"ADCY5"
"M5"	"HPRD"	"CAVIN2"
"M5"	"HPRD"	"NBEA"
"M5"	"HPRD"	"C7"
"M5"	"HPRD"	"ACHE"
"M5"	"HPRD"	"PRELP"
"M5"	"HPRD"	"DDR2"
"M5"	"HPRD"	"CA2"
"M5"	"HPRD"	"PLA2G2A"
"M5"	"HPRD"	"MYLK"
"M5"	"HPRD"	"ADRA2A"
"M5"	"HPRD"	"GYG2"
"M5"	"HPRD"	"TPM2"
"M5"	"HPRD"	"SELE"
"M5"	"HPRD"	"CNN1"
"M5"	"HPRD"	"PDK4"
"M5"	"HPRD"	"COL4A4"
"M5"	"HPRD"	"ACKR1"
"M5"	"HPRD"	"TCF21"
"M5"	"HPRD"	"GLDC"
"M5"	"HPRD"	"PGM5"
"M5"	"HPRD"	"DTNA"
"M5"	"HPRD"	"HOPX"
"M5"	"HPRD"	"BOC"
"M5"	"HPRD"	"SELP"
"M5"	"HPRD"	"AOC3"
"M5"	"HPRD"	"TNXB"
"M5"	"HPRD"	"ABI3BP"
"M5"	"HPRD"	"TNS1"
"M5"	"HPRD"	"CHRM3"
"M5"	"HPRD"	"HUNK"
"M5"	"HPRD"	"MAP6"
"M5"	"HPRD"	"LMOD1"
"M5"	"HPRD"	"CPNE7"
"M5"	"HPRD"	"SCUBE3"
"M5"	"HPRD"	"SLIT3"
"M5"	"IntAct_Mouse"	"CLU"
"M5"	"IntAct_Mouse"	"NCAM1"
"M5"	"IntAct_Mouse"	"ACTA2"
"M5"	"IntAct_Mouse"	"DMD"
"M5"	"IntAct_Mouse"	"MATN2"
"M5"	"IntAct_Mouse"	"DES"
"M5"	"IntAct_Mouse"	"NEURL1"
"M5"	"IntAct_Mouse"	"CADM1"
"M5"	"IntAct_Mouse"	"AXIN2"
"M5"	"IntAct_Mouse"	"HSPB8"
"M5"	"IntAct_Mouse"	"DACT3"
"M5"	"IntAct_Mouse"	"DYNC1I1"
"M5"	"IntAct_Mouse"	"ACHE"
"M5"	"IntAct_Mouse"	"DTNA"
"M5"	"INNATEDB"	"CLU"
"M5"	"INNATEDB"	"NR3C2"
"M5"	"INNATEDB"	"ACTA2"
"M5"	"INNATEDB"	"DMD"
"M5"	"INNATEDB"	"TAGLN"
"M5"	"INNATEDB"	"ELN"
"M5"	"INNATEDB"	"APOD"
"M5"	"INNATEDB"	"AGT"
"M5"	"INNATEDB"	"DYNC1I1"
"M5"	"INNATEDB"	"ACHE"
"M5"	"INNATEDB"	"CA2"
"M5"	"INNATEDB"	"MYLK"
"M5"	"INNATEDB"	"ADRA2A"
"M5"	"INNATEDB"	"SELE"
"M5"	"INNATEDB"	"IL33"
"M5"	"INNATEDB"	"PDK4"
"M5"	"INNATEDB"	"ACKR1"
"M5"	"INNATEDB"	"HOPX"
"M5"	"INNATEDB"	"MSRB3"
"M5"	"INNATEDB"	"PDLIM3"
"M5"	"INNATEDB"	"SBSPON"
"M5"	"BCI"	"CLU"
"M5"	"BCI"	"NR3C2"
"M5"	"BCI"	"ACTA2"
"M5"	"BCI"	"FHL1"
"M5"	"BCI"	"DMD"
"M5"	"BCI"	"DES"
"M5"	"BCI"	"ELN"
"M5"	"BCI"	"MYH11"
"M5"	"BCI"	"ACTG2"
"M5"	"BCI"	"APOD"
"M5"	"BCI"	"DYNC1I1"
"M5"	"BCI"	"C7"
"M5"	"BCI"	"ACHE"
"M5"	"BCI"	"CA2"
"M5"	"BCI"	"PLA2G2A"
"M5"	"BCI"	"MYLK"
"M5"	"BCI"	"TPM2"
"M5"	"BCI"	"ACKR1"
"M5"	"BCI"	"SELP"
"M5"	"BIND"	"SORBS2"
"M5"	"BIND"	"CLU"
"M5"	"BIND"	"NR3C2"
"M5"	"BIND"	"FLNC"
"M5"	"BIND"	"FHL1"
"M5"	"BIND"	"DMD"
"M5"	"BIND"	"ELN"
"M5"	"BIND"	"HSPB8"
"M5"	"BIND"	"PLN"
"M5"	"BIND"	"KCND3"
"M5"	"BIND"	"PLA2G2A"
"M5"	"BIND"	"ADRA2A"
"M5"	"BIND"	"TCF21"
"M5"	"BIND"	"SELP"
"M5"	"BIND"	"AOC3"
"M5"	"IntAct_Fly"	"NCAM1"
"M5"	"IntAct_Fly"	"DMD"
"M5"	"IntAct_Fly"	"APOD"
"M5"	"IntAct_Fly"	"MFAP4"
"M5"	"IntAct_Fly"	"NBEA"
"M5"	"IntAct"	"FAM107A"
"M5"	"IntAct"	"SORBS2"
"M5"	"IntAct"	"KCNMB1"
"M5"	"IntAct"	"CLU"
"M5"	"IntAct"	"NR3C2"
"M5"	"IntAct"	"ACTA2"
"M5"	"IntAct"	"FLNC"
"M5"	"IntAct"	"FHL1"
"M5"	"IntAct"	"ACSS3"
"M5"	"IntAct"	"DMD"
"M5"	"IntAct"	"TAGLN"
"M5"	"IntAct"	"MATN2"
"M5"	"IntAct"	"DES"
"M5"	"IntAct"	"NEURL1"
"M5"	"IntAct"	"CADM1"
"M5"	"IntAct"	"ELN"
"M5"	"IntAct"	"AXIN2"
"M5"	"IntAct"	"SORBS1"
"M5"	"IntAct"	"HSPB6"
"M5"	"IntAct"	"HSPB8"
"M5"	"IntAct"	"FGF7"
"M5"	"IntAct"	"MYH11"
"M5"	"IntAct"	"PLN"
"M5"	"IntAct"	"SYNM"
"M5"	"IntAct"	"ITIH5"
"M5"	"IntAct"	"SYNPO2"
"M5"	"IntAct"	"FOXP2"
"M5"	"IntAct"	"PRUNE2"
"M5"	"IntAct"	"LMO3"
"M5"	"IntAct"	"APOD"
"M5"	"IntAct"	"TSPAN7"
"M5"	"IntAct"	"FXYD6"
"M5"	"IntAct"	"HOXB9"
"M5"	"IntAct"	"ALDH7A1"
"M5"	"IntAct"	"PITX2"
"M5"	"IntAct"	"AGT"
"M5"	"IntAct"	"DYNC1I1"
"M5"	"IntAct"	"CXCL14"
"M5"	"IntAct"	"CAVIN2"
"M5"	"IntAct"	"NUP62CL"
"M5"	"IntAct"	"NXPH3"
"M5"	"IntAct"	"NBEA"
"M5"	"IntAct"	"ACHE"
"M5"	"IntAct"	"DDR2"
"M5"	"IntAct"	"CA2"
"M5"	"IntAct"	"PLA2G2A"
"M5"	"IntAct"	"MYLK"
"M5"	"IntAct"	"ADRA2A"
"M5"	"IntAct"	"GYG2"
"M5"	"IntAct"	"HSPB7"
"M5"	"IntAct"	"TPM2"
"M5"	"IntAct"	"SELE"
"M5"	"IntAct"	"IL33"
"M5"	"IntAct"	"ANKRD35"
"M5"	"IntAct"	"CCDC68"
"M5"	"IntAct"	"COL4A4"
"M5"	"IntAct"	"TCF21"
"M5"	"IntAct"	"DTNA"
"M5"	"IntAct"	"AOC3"
"M5"	"IntAct"	"TNXB"
"M5"	"IntAct"	"MSRB3"
"M5"	"IntAct"	"ABI3BP"
"M5"	"IntAct"	"TNS1"
"M5"	"IntAct"	"CHRM3"
"M5"	"IntAct"	"MYL9"
"M5"	"IntAct"	"PDLIM3"
"M5"	"IntAct"	"PALM"
"M5"	"IntAct"	"RNF150"
"M5"	"IntAct"	"CPNE7"
"M5"	"IntAct"	"ADAM33"
"M5"	"IntAct"	"SEMA3E"
"M5"	"BioGrid_Fly"	"NCAM1"
"M5"	"BioGrid_Fly"	"ACSS3"
"M5"	"BioGrid_Fly"	"DMD"
"M5"	"BioGrid_Fly"	"ACTG2"
"M5"	"BioGrid_Fly"	"ALDH7A1"
"M5"	"BioGrid_Fly"	"MFAP4"
"M5"	"BioGrid_Fly"	"ADCY5"
"M5"	"FlyLow"	"DMD"
"M5"	"MINT_Fly"	"DMD"
"M5"	"MINT_Fly"	"ACTG2"
"M5"	"MINT_Fly"	"MFAP4"
"M5"	"BioGrid_Mouse"	"SORBS2"
"M5"	"BioGrid_Mouse"	"NCAM1"
"M5"	"BioGrid_Mouse"	"NR3C2"
"M5"	"BioGrid_Mouse"	"ACTA2"
"M5"	"BioGrid_Mouse"	"FHL1"
"M5"	"BioGrid_Mouse"	"DMD"
"M5"	"BioGrid_Mouse"	"DES"
"M5"	"BioGrid_Mouse"	"NEURL1"
"M5"	"BioGrid_Mouse"	"AXIN2"
"M5"	"BioGrid_Mouse"	"SORBS1"
"M5"	"BioGrid_Mouse"	"PITX2"
"M5"	"BioGrid_Mouse"	"ACHE"
"M5"	"BioGrid_Mouse"	"ADRA2A"
"M5"	"BioGrid_Mouse"	"IL33"
"M5"	"BioGrid_Mouse"	"TCF21"
"M5"	"BioGrid_Mouse"	"PGM5"
"M5"	"BioGrid_Mouse"	"SLIT3"
"M5"	"Miller_WntLumier"	"AXIN2"
"M5"	"BioGrid_Rat"	"SORBS2"
"M5"	"BioGrid_Rat"	"HSPB6"
"M5"	"BioGrid_Rat"	"APOD"
"M5"	"BioGrid_Rat"	"DYNC1I1"
"M5"	"BioGrid_Rat"	"CNN1"
"M5"	"BIND_Rat"	"SORBS2"
"M5"	"BIND_Rat"	"NCAM1"
"M5"	"BIND_Rat"	"AXIN2"
"M5"	"BIND_Rat"	"HSPB6"
"M5"	"BIND_Rat"	"KCND3"
"M5"	"BIND_Rat"	"DYNC1I1"
"M5"	"BIND_Rat"	"ADRA2A"
"M5"	"BIND_Rat"	"CHRM3"
"M5"	"DIP_Fly"	"ACTG2"
"M5"	"DIP_Fly"	"APOD"
"M5"	"DIP_Fly"	"NBEA"
"M5"	"DIP"	"FLNC"
"M5"	"DIP"	"CA9"
"M5"	"DIP"	"CADM1"
"M5"	"DIP"	"FGF7"
"M5"	"DIP"	"FOXP2"
"M5"	"DIP"	"LMO3"
"M5"	"DIP"	"CAVIN2"
"M5"	"DIP"	"SELE"
"M5"	"DIP"	"IL33"
"M5"	"DIP"	"HUNK"
"M5"	"MINT_Rat"	"SORBS2"
"M5"	"MINT"	"FAM107A"
"M5"	"MINT"	"SORBS2"
"M5"	"MINT"	"NCAM1"
"M5"	"MINT"	"FLNC"
"M5"	"MINT"	"FHL1"
"M5"	"MINT"	"DMD"
"M5"	"MINT"	"AXIN2"
"M5"	"MINT"	"SORBS1"
"M5"	"MINT"	"HSPB6"
"M5"	"MINT"	"HSPB8"
"M5"	"MINT"	"SYNM"
"M5"	"MINT"	"APOD"
"M5"	"MINT"	"TSPAN7"
"M5"	"MINT"	"FXYD6"
"M5"	"MINT"	"HOXB9"
"M5"	"MINT"	"DYNC1I1"
"M5"	"MINT"	"CAVIN2"
"M5"	"MINT"	"NXPH3"
"M5"	"MINT"	"NBEA"
"M5"	"MINT"	"DDR2"
"M5"	"MINT"	"CA2"
"M5"	"MINT"	"PLA2G2A"
"M5"	"MINT"	"MYLK"
"M5"	"MINT"	"SELE"
"M5"	"MINT"	"IL33"
"M5"	"MINT"	"TCF21"
"M5"	"MINT"	"DTNA"
"M5"	"MINT"	"BOC"
"M5"	"MINT"	"TNXB"
"M5"	"MINT"	"MSRB3"
"M5"	"MINT"	"CHRM3"
"M5"	"StelzlMedium"	"FXYD6"
"M5"	"StelzlMedium"	"TCF21"
"M5"	"IntAct_Worm"	"ALDH7A1"
"M5"	"VidalHuman_core"	"FAM107A"
"M5"	"VidalHuman_core"	"HSPB8"
"M5"	"VidalHuman_core"	"LMO3"
"M5"	"VidalHuman_core"	"HOXB9"
"M5"	"VidalHuman_core"	"AGT"
"M5"	"VidalHuman_core"	"DYNC1I1"
"M5"	"VidalHuman_core"	"CAVIN2"
"M5"	"ShawnLi"	"NXPH3"
"M5"	"INNATEDB_Mouse"	"NCAM1"
"M5"	"INNATEDB_Mouse"	"FLNC"
"M5"	"INNATEDB_Mouse"	"TAGLN"
"M5"	"INNATEDB_Mouse"	"TSPAN7"
"M5"	"INNATEDB_Mouse"	"PITX2"
"M5"	"INNATEDB_Mouse"	"IL33"
"M5"	"INNATEDB_Mouse"	"ACKR1"
"M5"	"INNATEDB_Mouse"	"BOC"
"M5"	"INNATEDB_Mouse"	"SELP"
"M5"	"StelzlHigh"	"FXYD6"
"M5"	"IntAct_Rat"	"SORBS2"
"M5"	"IntAct_Rat"	"CLU"
"M5"	"IntAct_Rat"	"FLNC"
"M5"	"IntAct_Rat"	"DES"
"M5"	"IntAct_Rat"	"ACHE"
"M5"	"IntAct_Rat"	"CHRM3"
"M5"	"IntAct_Rat"	"MAP6"
"M5"	"BIND_Mouse"	"CLU"
"M5"	"BIND_Mouse"	"DMD"
"M5"	"BIND_Mouse"	"SORBS1"
"M5"	"BIND_Mouse"	"DYNC1I1"
"M5"	"BIND_Mouse"	"TCF21"
"M5"	"BIND_Mouse"	"DTNA"
"M5"	"MINT_Mouse"	"NCAM1"
"M5"	"MINT_Mouse"	"DES"
"M5"	"MINT_Mouse"	"CADM1"
"M5"	"MINT_Mouse"	"DYNC1I1"
"M5"	"MINT_Mouse"	"TCF21"
"M5"	"IntAct_Yeast"	"GLDC"
"M5"	"YeastLow"	"GLDC"
"M5"	"DIP_Mouse"	"KCNMB1"
"M5"	"DIP_Mouse"	"DMD"
"M5"	"DIP_Mouse"	"DYNC1I1"
"M5"	"DIP_Mouse"	"SELE"
"M5"	"MINT_Yeast"	"GLDC"
"M5"	"YeastHigh"	"GLDC"
"M5"	"MGI"	"DMD"
"M5"	"MGI"	"AXIN2"
"M5"	"MGI"	"PITX2"
"M5"	"MGI"	"DYNC1I1"
"M5"	"BioGrid_Worm"	"DDR2"
"M5"	"BIND_Worm"	"DDR2"
"M5"	"MINT_Worm"	"DDR2"
"M5"	"VidalHuman_non_core"	"FAM107A"
"M5"	"VidalHuman_non_core"	"KCNMB1"
"M5"	"VidalHuman_non_core"	"HSPB8"
"M5"	"VidalHuman_non_core"	"LMO3"
"M5"	"VidalHuman_non_core"	"AGT"
"M5"	"StelzlLow"	"FXYD6"
"M5"	"StelzlLow"	"PLA2G2A"
"M5"	"StelzlLow"	"IL33"
"M5"	"KIM_MYC"	"ACTG2"
"M6"	"BioGrid"	"FABP3"
"M6"	"BioGrid"	"EGFR"
"M6"	"BioGrid"	"ADRB2"
"M6"	"BioGrid"	"SFN"
"M6"	"BioGrid"	"TNNT1"
"M6"	"BioGrid"	"DSP"
"M6"	"BioGrid"	"SULT2B1"
"M6"	"BioGrid"	"S100A8"
"M6"	"BioGrid"	"CD44"
"M6"	"BioGrid"	"S100A9"
"M6"	"BioGrid"	"AMOT"
"M6"	"BioGrid"	"TP73"
"M6"	"BioGrid"	"CALML3"
"M6"	"BioGrid"	"DNALI1"
"M6"	"BioGrid"	"TFAP2A"
"M6"	"BioGrid"	"LIN7A"
"M6"	"BioGrid"	"KRT6A"
"M6"	"BioGrid"	"SOX7"
"M6"	"BioGrid"	"QPRT"
"M6"	"BioGrid"	"SLPI"
"M6"	"BioGrid"	"COL7A1"
"M6"	"BioGrid"	"BCL11B"
"M6"	"BioGrid"	"FGFBP1"
"M6"	"BioGrid"	"AKR1B10"
"M6"	"BioGrid"	"SNAI2"
"M6"	"BioGrid"	"NOD2"
"M6"	"BioGrid"	"ADORA2B"
"M6"	"BioGrid"	"KLF15"
"M6"	"BioGrid"	"COL17A1"
"M6"	"BioGrid"	"MALL"
"M6"	"BioGrid"	"TUBA4A"
"M6"	"BioGrid"	"KLC3"
"M6"	"BioGrid"	"CDH3"
"M6"	"BioGrid"	"TGM1"
"M6"	"BioGrid"	"BEND7"
"M6"	"BioGrid"	"KRT5"
"M6"	"BioGrid"	"MMP13"
"M6"	"BioGrid"	"F12"
"M6"	"BioGrid"	"ARHGEF4"
"M6"	"BioGrid"	"KRT14"
"M6"	"BioGrid"	"PKP1"
"M6"	"BioGrid"	"PI3"
"M6"	"BioGrid"	"S100A2"
"M6"	"BioGrid"	"SCEL"
"M6"	"BioGrid"	"ARL4D"
"M6"	"BioGrid"	"RAB38"
"M6"	"BioGrid"	"ZNF365"
"M6"	"BioGrid"	"SH3RF2"
"M6"	"BioGrid"	"PTHLH"
"M6"	"BioGrid"	"CELSR1"
"M6"	"BioGrid"	"SERPINB3"
"M6"	"BioGrid"	"MMP10"
"M6"	"BioGrid"	"LAMC2"
"M6"	"BioGrid"	"DSG3"
"M6"	"BioGrid"	"DSC2"
"M6"	"BioGrid"	"DSC3"
"M6"	"BioGrid"	"TRIM7"
"M6"	"BioGrid"	"CASP14"
"M6"	"BioGrid"	"GJB2"
"M6"	"BioGrid"	"S100A3"
"M6"	"BioGrid"	"LAMA3"
"M6"	"BioGrid"	"IL22RA1"
"M6"	"BioGrid"	"MYEF2"
"M6"	"BioGrid"	"NMU"
"M6"	"BioGrid"	"FAM83A"
"M6"	"BioGrid"	"PPP1R14C"
"M6"	"BioGrid"	"CPA4"
"M6"	"IntAct"	"FABP3"
"M6"	"IntAct"	"EGFR"
"M6"	"IntAct"	"ADRB2"
"M6"	"IntAct"	"SFN"
"M6"	"IntAct"	"TNNT1"
"M6"	"IntAct"	"DSP"
"M6"	"IntAct"	"SULT2B1"
"M6"	"IntAct"	"PLEKHB1"
"M6"	"IntAct"	"S100A8"
"M6"	"IntAct"	"CD44"
"M6"	"IntAct"	"S100A9"
"M6"	"IntAct"	"AMOT"
"M6"	"IntAct"	"TP73"
"M6"	"IntAct"	"CALML3"
"M6"	"IntAct"	"DNALI1"
"M6"	"IntAct"	"TFAP2A"
"M6"	"IntAct"	"LIN7A"
"M6"	"IntAct"	"KRT6A"
"M6"	"IntAct"	"SOX7"
"M6"	"IntAct"	"SLPI"
"M6"	"IntAct"	"COL7A1"
"M6"	"IntAct"	"CTSV"
"M6"	"IntAct"	"AKR1B10"
"M6"	"IntAct"	"SNAI2"
"M6"	"IntAct"	"NOD2"
"M6"	"IntAct"	"KLF15"
"M6"	"IntAct"	"MALL"
"M6"	"IntAct"	"TUBA4A"
"M6"	"IntAct"	"KLC3"
"M6"	"IntAct"	"TGM1"
"M6"	"IntAct"	"SDK1"
"M6"	"IntAct"	"BEND7"
"M6"	"IntAct"	"KRT5"
"M6"	"IntAct"	"F12"
"M6"	"IntAct"	"ITGB8"
"M6"	"IntAct"	"ARHGEF4"
"M6"	"IntAct"	"KRT14"
"M6"	"IntAct"	"PKP1"
"M6"	"IntAct"	"S100A2"
"M6"	"IntAct"	"SCEL"
"M6"	"IntAct"	"ARL4D"
"M6"	"IntAct"	"ZNF365"
"M6"	"IntAct"	"SH3RF2"
"M6"	"IntAct"	"SERPINB3"
"M6"	"IntAct"	"LAMB3"
"M6"	"IntAct"	"LAMC2"
"M6"	"IntAct"	"DSC2"
"M6"	"IntAct"	"TRIM7"
"M6"	"IntAct"	"ABCA3"
"M6"	"IntAct"	"SERTAD4"
"M6"	"IntAct"	"S100A3"
"M6"	"IntAct"	"ST6GALNAC2"
"M6"	"IntAct"	"NMU"
"M6"	"IntAct"	"KRT4"
"M6"	"IntAct"	"KRT16"
"M6"	"IntAct"	"SPRR1B"
"M6"	"IntAct"	"ZMAT1"
"M6"	"IntAct"	"NRARP"
"M6"	"INNATEDB"	"EGFR"
"M6"	"INNATEDB"	"ADRB2"
"M6"	"INNATEDB"	"SFN"
"M6"	"INNATEDB"	"DSP"
"M6"	"INNATEDB"	"S100A8"
"M6"	"INNATEDB"	"CD44"
"M6"	"INNATEDB"	"S100A9"
"M6"	"INNATEDB"	"TFAP2A"
"M6"	"INNATEDB"	"KRT6A"
"M6"	"INNATEDB"	"BCL11B"
"M6"	"INNATEDB"	"SNAI2"
"M6"	"INNATEDB"	"NOD2"
"M6"	"INNATEDB"	"CDH3"
"M6"	"INNATEDB"	"MMP13"
"M6"	"INNATEDB"	"SERPINB3"
"M6"	"INNATEDB"	"MMP10"
"M6"	"INNATEDB"	"CASP14"
"M6"	"INNATEDB"	"ULBP2"
"M6"	"INNATEDB"	"IL20RB"
"M6"	"INNATEDB"	"NMU"
"M6"	"INNATEDB"	"PITPNM3"
"M6"	"Moran_EGFR"	"EGFR"
"M6"	"IntAct_Mouse"	"EGFR"
"M6"	"IntAct_Mouse"	"SFN"
"M6"	"IntAct_Mouse"	"SULT2B1"
"M6"	"IntAct_Mouse"	"S100A8"
"M6"	"IntAct_Mouse"	"CD44"
"M6"	"IntAct_Mouse"	"S100A9"
"M6"	"IntAct_Mouse"	"CLDN11"
"M6"	"IntAct_Mouse"	"COL7A1"
"M6"	"IntAct_Mouse"	"BARX2"
"M6"	"IntAct_Mouse"	"KRT14"
"M6"	"IntAct_Mouse"	"GJB2"
"M6"	"IntAct_Mouse"	"KRT16"
"M6"	"BioGrid_Mouse"	"EGFR"
"M6"	"BioGrid_Mouse"	"SFN"
"M6"	"BioGrid_Mouse"	"PLEKHB1"
"M6"	"BioGrid_Mouse"	"AMOT"
"M6"	"BioGrid_Mouse"	"TP73"
"M6"	"BioGrid_Mouse"	"TFAP2A"
"M6"	"BioGrid_Mouse"	"LIN7A"
"M6"	"BioGrid_Mouse"	"SLPI"
"M6"	"BioGrid_Mouse"	"BCL11B"
"M6"	"BioGrid_Mouse"	"FGFBP1"
"M6"	"BioGrid_Mouse"	"HOXD10"
"M6"	"BioGrid_Mouse"	"KLC3"
"M6"	"BioGrid_Mouse"	"BARX2"
"M6"	"BioGrid_Mouse"	"LAMC2"
"M6"	"MYTH_EGFR"	"EGFR"
"M6"	"INNATEDB_Mouse"	"EGFR"
"M6"	"INNATEDB_Mouse"	"S100A8"
"M6"	"INNATEDB_Mouse"	"BCL11B"
"M6"	"INNATEDB_Mouse"	"SNAI2"
"M6"	"INNATEDB_Mouse"	"MMP13"
"M6"	"INNATEDB_Mouse"	"TMPRSS13"
"M6"	"INNATEDB_Mouse"	"IRX3"
"M6"	"JonesErbB1"	"EGFR"
"M6"	"HPRD"	"FABP3"
"M6"	"HPRD"	"EGFR"
"M6"	"HPRD"	"ADRB2"
"M6"	"HPRD"	"SFN"
"M6"	"HPRD"	"TNNT1"
"M6"	"HPRD"	"DSP"
"M6"	"HPRD"	"SULT2B1"
"M6"	"HPRD"	"PLEKHB1"
"M6"	"HPRD"	"S100A8"
"M6"	"HPRD"	"CD44"
"M6"	"HPRD"	"S100A9"
"M6"	"HPRD"	"AMOT"
"M6"	"HPRD"	"TP73"
"M6"	"HPRD"	"CALML3"
"M6"	"HPRD"	"DNALI1"
"M6"	"HPRD"	"CLDN11"
"M6"	"HPRD"	"TFAP2A"
"M6"	"HPRD"	"LIN7A"
"M6"	"HPRD"	"KRT6A"
"M6"	"HPRD"	"SOX7"
"M6"	"HPRD"	"QPRT"
"M6"	"HPRD"	"COL7A1"
"M6"	"HPRD"	"BCL11B"
"M6"	"HPRD"	"FGFBP1"
"M6"	"HPRD"	"NOD2"
"M6"	"HPRD"	"ADORA2B"
"M6"	"HPRD"	"COL17A1"
"M6"	"HPRD"	"MALL"
"M6"	"HPRD"	"TUBA4A"
"M6"	"HPRD"	"HOXD10"
"M6"	"HPRD"	"KLC3"
"M6"	"HPRD"	"CDH3"
"M6"	"HPRD"	"TGM1"
"M6"	"HPRD"	"BEND7"
"M6"	"HPRD"	"KRT5"
"M6"	"HPRD"	"THBD"
"M6"	"HPRD"	"MMP13"
"M6"	"HPRD"	"F12"
"M6"	"HPRD"	"BARX2"
"M6"	"HPRD"	"ITGB8"
"M6"	"HPRD"	"ARHGEF4"
"M6"	"HPRD"	"KRT14"
"M6"	"HPRD"	"PKP1"
"M6"	"HPRD"	"PI3"
"M6"	"HPRD"	"S100A2"
"M6"	"HPRD"	"SCEL"
"M6"	"HPRD"	"ARL4D"
"M6"	"HPRD"	"RAB38"
"M6"	"HPRD"	"ZNF365"
"M6"	"HPRD"	"PTHLH"
"M6"	"HPRD"	"SERPINB3"
"M6"	"HPRD"	"MMP10"
"M6"	"HPRD"	"LAMB3"
"M6"	"HPRD"	"LAMC2"
"M6"	"HPRD"	"DSG3"
"M6"	"HPRD"	"DSC2"
"M6"	"HPRD"	"DSC3"
"M6"	"HPRD"	"TRIM7"
"M6"	"HPRD"	"CASP14"
"M6"	"HPRD"	"PPP1R9A"
"M6"	"HPRD"	"S100A3"
"M6"	"HPRD"	"IL22RA1"
"M6"	"HPRD"	"IL20RB"
"M6"	"HPRD"	"PITPNM3"
"M6"	"HPRD"	"ESPN"
"M6"	"MINT"	"FABP3"
"M6"	"MINT"	"EGFR"
"M6"	"MINT"	"ADRB2"
"M6"	"MINT"	"SFN"
"M6"	"MINT"	"TNNT1"
"M6"	"MINT"	"SULT2B1"
"M6"	"MINT"	"S100A8"
"M6"	"MINT"	"TP73"
"M6"	"MINT"	"CALML3"
"M6"	"MINT"	"DNALI1"
"M6"	"MINT"	"TFAP2A"
"M6"	"MINT"	"LIN7A"
"M6"	"MINT"	"QPRT"
"M6"	"MINT"	"COL7A1"
"M6"	"MINT"	"BCL11B"
"M6"	"MINT"	"NOD2"
"M6"	"MINT"	"MALL"
"M6"	"MINT"	"S100A2"
"M6"	"MINT"	"SCEL"
"M6"	"MINT"	"ARL4D"
"M6"	"MINT"	"CELSR1"
"M6"	"MINT"	"PPP1R9A"
"M6"	"MINT"	"LAMA3"
"M6"	"VidalHuman_core"	"SFN"
"M6"	"VidalHuman_core"	"TNNT1"
"M6"	"VidalHuman_core"	"CALML3"
"M6"	"VidalHuman_core"	"KRT6A"
"M6"	"VidalHuman_core"	"QPRT"
"M6"	"VidalHuman_core"	"MALL"
"M6"	"VidalHuman_core"	"S100A2"
"M6"	"BIND"	"EGFR"
"M6"	"BIND"	"ADRB2"
"M6"	"BIND"	"SFN"
"M6"	"BIND"	"DSP"
"M6"	"BIND"	"S100A8"
"M6"	"BIND"	"S100A9"
"M6"	"BIND"	"TP73"
"M6"	"BIND"	"COL7A1"
"M6"	"BIND"	"BCL11B"
"M6"	"BIND"	"FGFBP1"
"M6"	"BIND"	"NOD2"
"M6"	"BIND"	"TGM1"
"M6"	"BIND"	"KRT5"
"M6"	"BIND"	"THBD"
"M6"	"BIND"	"MMP13"
"M6"	"BIND"	"KRT14"
"M6"	"BIND"	"PI3"
"M6"	"BIND"	"F3"
"M6"	"BIND"	"MMP10"
"M6"	"BIND"	"S100A3"
"M6"	"BIND"	"NMU"
"M6"	"BIND"	"CPA4"
"M6"	"Blagoev"	"EGFR"
"M6"	"BCI"	"ADRB2"
"M6"	"BCI"	"SFN"
"M6"	"BCI"	"TNNT1"
"M6"	"BCI"	"DSP"
"M6"	"BCI"	"S100A8"
"M6"	"BCI"	"CD44"
"M6"	"BCI"	"COL7A1"
"M6"	"BCI"	"TUBA4A"
"M6"	"BCI"	"KRT5"
"M6"	"BCI"	"F12"
"M6"	"BCI"	"KRT14"
"M6"	"BCI"	"PKP1"
"M6"	"BCI"	"S100A2"
"M6"	"DIP"	"EGFR"
"M6"	"DIP"	"DSP"
"M6"	"DIP"	"CD44"
"M6"	"DIP"	"S100A9"
"M6"	"DIP"	"TP73"
"M6"	"DIP"	"BCL11B"
"M6"	"DIP"	"NOD2"
"M6"	"DIP"	"KRT5"
"M6"	"DIP"	"KRT14"
"M6"	"DIP"	"ZNF365"
"M6"	"DIP"	"GJB2"
"M6"	"DIP"	"IL22RA1"
"M6"	"DIP"	"RHCG"
"M6"	"IntAct_Yeast"	"QPRT"
"M6"	"IntAct_Yeast"	"AKR1B10"
"M6"	"YeastMedium"	"QPRT"
"M6"	"IntAct_Worm"	"CTSV"
"M6"	"BioGrid_Yeast"	"QPRT"
"M6"	"BioGrid_Yeast"	"AKR1B10"
"M6"	"MINT_Yeast"	"QPRT"
"M6"	"MINT_Yeast"	"AKR1B10"
"M6"	"Tarassov_PCA"	"AKR1B10"
"M6"	"StelzlMedium"	"S100A8"
"M6"	"StelzlMedium"	"ARL4D"
"M6"	"StelzlMedium"	"CELSR1"
"M6"	"BIND_Mouse"	"S100A8"
"M6"	"BIND_Mouse"	"S100A9"
"M6"	"BIND_Mouse"	"CLDN11"
"M6"	"BIND_Mouse"	"TFAP2A"
"M6"	"BIND_Mouse"	"MMP13"
"M6"	"BIND_Mouse"	"BARX2"
"M6"	"BioGrid_Fly"	"TFAP2A"
"M6"	"BioGrid_Fly"	"CTSV"
"M6"	"BioGrid_Fly"	"AKR1B10"
"M6"	"BioGrid_Fly"	"CELSR1"
"M6"	"MINT_Mouse"	"EGFR"
"M6"	"MINT_Mouse"	"ADRB2"
"M6"	"MINT_Mouse"	"CD44"
"M6"	"MINT_Mouse"	"COL7A1"
"M6"	"Pawson2"	"AMOT"
"M6"	"DIP_Fly"	"TFAP2A"
"M6"	"DIP_Fly"	"CTSV"
"M6"	"MINT_Fly"	"TFAP2A"
"M6"	"I2D-c_Fiona_HUMAN"	"FABP3"
"M6"	"I2D-c_Fiona_HUMAN"	"EGFR"
"M6"	"I2D-c_Fiona_HUMAN"	"CDH3"
"M6"	"DIP_Mouse"	"EGFR"
"M6"	"DIP_Mouse"	"ADRB2"
"M6"	"DIP_Mouse"	"KLC3"
"M6"	"SOURAV_MAPK_HIGH"	"S100A9"
"M6"	"SOURAV_MAPK_HIGH"	"ARHGEF4"
"M6"	"BioGrid_Rat"	"EGFR"
"M6"	"BioGrid_Rat"	"ADRB2"
"M6"	"VidalHuman_non_core"	"SFN"
"M6"	"VidalHuman_non_core"	"TNNT1"
"M6"	"VidalHuman_non_core"	"KRT6A"
"M6"	"VidalHuman_non_core"	"ARL4D"
"M6"	"VidalHuman_non_core"	"S100A3"
"M6"	"VidalHuman_non_core"	"MYEOV"
"M6"	"VidalHuman_non_core"	"NMU"
"M6"	"BIND_Rat"	"ADRB2"
"M6"	"BIND_Rat"	"PPP1R9A"
"M6"	"BIND_Rat"	"NMU"
"M6"	"StelzlLow"	"S100A8"
"M6"	"StelzlLow"	"COL7A1"
"M6"	"BioGrid_Worm"	"CTSV"
"M6"	"IntAct_Rat"	"PPP1R9A"
"M6"	"MINT_Rat"	"EGFR"
"M6"	"MINT_Rat"	"PPP1R9A"
"M6"	"Krogan_Core"	"AKR1B10"
"M6"	"StelzlHigh"	"S100A8"
"M6"	"StelzlHigh"	"ARL4D"
"M6"	"DIP_Yeast"	"QPRT"
"M6"	"MIPS"	"QPRT"
"M6"	"MGI"	"TFAP2A"
"M6"	"Fawcett_polarity"	"DSP"
"M6"	"Fawcett_polarity"	"AMOT"
"M6"	"YeastLow"	"AKR1B10"
"M6"	"KIM_MYC"	"TUBA4A"
"M6"	"IntAct_Fly"	"CTSV"
"M6"	"BIND_Worm"	"CTSV"
"M6"	"MINT_Worm"	"CTSV"
"M6"	"NON_CORE"	"CTSV"
"M7"	"IntAct"	"KRT13"
"M7"	"IntAct"	"KCNK1"
"M7"	"IntAct"	"RASSF10"
"M7"	"IntAct"	"TP63"
"M7"	"IntAct"	"SDCBP2"
"M7"	"IntAct"	"TNS4"
"M7"	"IntAct"	"SOX15"
"M7"	"IntAct"	"BIK"
"M7"	"IntAct"	"KRT15"
"M7"	"IntAct"	"CCND1"
"M7"	"IntAct"	"P2RY2"
"M7"	"IntAct"	"FGFR3"
"M7"	"IntAct"	"SERPINB5"
"M7"	"IntAct"	"TRIM29"
"M7"	"IntAct"	"FABP5"
"M7"	"IntAct"	"S100A14"
"M7"	"IntAct"	"EGLN3"
"M7"	"IntAct"	"CLDN1"
"M7"	"IntAct"	"CA12"
"M7"	"IntAct"	"PEG10"
"M7"	"IntAct"	"TNNT2"
"M7"	"IntAct"	"KRT17"
"M7"	"IntAct"	"WNT4"
"M7"	"IntAct"	"TNNT3"
"M7"	"IntAct"	"LY6D"
"M7"	"IntAct"	"LYPD3"
"M7"	"IntAct"	"ASRGL1"
"M7"	"IntAct"	"MUC1"
"M7"	"IntAct"	"VAV3"
"M7"	"IntAct"	"ACE2"
"M7"	"IntAct"	"CSTA"
"M7"	"IntAct"	"COCH"
"M7"	"IntAct"	"APOL1"
"M7"	"IntAct"	"COL4A5"
"M7"	"IntAct"	"EYA2"
"M7"	"IntAct"	"LAD1"
"M7"	"IntAct"	"ANXA8"
"M7"	"IntAct"	"CEACAM6"
"M7"	"IntAct"	"DMKN"
"M7"	"IntAct"	"CEACAM5"
"M7"	"IntAct"	"MST1R"
"M7"	"IntAct"	"DEFB1"
"M7"	"IntAct"	"GJB5"
"M7"	"IntAct"	"DUSP9"
"M7"	"IntAct"	"NEBL"
"M7"	"IntAct"	"IRF6"
"M7"	"IntAct"	"ZNF488"
"M7"	"IntAct"	"SDR42E1"
"M7"	"IntAct"	"GJB3"
"M7"	"IntAct"	"C16orf74"
"M7"	"IntAct"	"TSPAN1"
"M7"	"IntAct"	"PLEKHN1"
"M7"	"IntAct"	"PTPRH"
"M7"	"IntAct"	"AIF1L"
"M7"	"IntAct"	"FZD10"
"M7"	"BioGrid_Mouse"	"KCNK1"
"M7"	"BioGrid_Mouse"	"TP63"
"M7"	"BioGrid_Mouse"	"CCND1"
"M7"	"BioGrid_Mouse"	"HR"
"M7"	"BioGrid_Mouse"	"CLDN1"
"M7"	"BioGrid_Mouse"	"WNT4"
"M7"	"BioGrid_Mouse"	"CAND2"
"M7"	"BioGrid_Mouse"	"ASRGL1"
"M7"	"BioGrid_Mouse"	"EYA2"
"M7"	"BioGrid_Mouse"	"TMPRSS11E"
"M7"	"BioGrid_Mouse"	"ANKRD22"
"M7"	"HPRD"	"KRT13"
"M7"	"HPRD"	"KCNK1"
"M7"	"HPRD"	"TP63"
"M7"	"HPRD"	"SDCBP2"
"M7"	"HPRD"	"BIK"
"M7"	"HPRD"	"KRT15"
"M7"	"HPRD"	"CCND1"
"M7"	"HPRD"	"FGFR3"
"M7"	"HPRD"	"TRIM29"
"M7"	"HPRD"	"AQP3"
"M7"	"HPRD"	"FABP5"
"M7"	"HPRD"	"S100A14"
"M7"	"HPRD"	"EGLN3"
"M7"	"HPRD"	"HR"
"M7"	"HPRD"	"CLDN1"
"M7"	"HPRD"	"CA12"
"M7"	"HPRD"	"PEG10"
"M7"	"HPRD"	"TNNT2"
"M7"	"HPRD"	"KRT17"
"M7"	"HPRD"	"CAND2"
"M7"	"HPRD"	"TNNT3"
"M7"	"HPRD"	"VAV3"
"M7"	"HPRD"	"ACE2"
"M7"	"HPRD"	"CSTA"
"M7"	"HPRD"	"APOL1"
"M7"	"HPRD"	"ITGB6"
"M7"	"HPRD"	"COL4A5"
"M7"	"HPRD"	"COL4A6"
"M7"	"HPRD"	"MUC4"
"M7"	"HPRD"	"LPAR3"
"M7"	"HPRD"	"LAD1"
"M7"	"HPRD"	"CAPNS2"
"M7"	"HPRD"	"DUOX1"
"M7"	"HPRD"	"SPINK5"
"M7"	"HPRD"	"MST1R"
"M7"	"HPRD"	"NTF4"
"M7"	"HPRD"	"LCN2"
"M7"	"HPRD"	"DEFB1"
"M7"	"HPRD"	"S1PR5"
"M7"	"HPRD"	"DUSP9"
"M7"	"HPRD"	"NEBL"
"M7"	"HPRD"	"GJB6"
"M7"	"HPRD"	"XDH"
"M7"	"HPRD"	"GJB3"
"M7"	"HPRD"	"IL1RL2"
"M7"	"HPRD"	"PDZK1IP1"
"M7"	"HPRD"	"RAET1E"
"M7"	"HPRD"	"RAET1G"
"M7"	"BioGrid"	"KRT13"
"M7"	"BioGrid"	"KCNK1"
"M7"	"BioGrid"	"TP63"
"M7"	"BioGrid"	"SDCBP2"
"M7"	"BioGrid"	"TNS4"
"M7"	"BioGrid"	"SOX15"
"M7"	"BioGrid"	"BIK"
"M7"	"BioGrid"	"KRT15"
"M7"	"BioGrid"	"PTGES"
"M7"	"BioGrid"	"CCND1"
"M7"	"BioGrid"	"P2RY2"
"M7"	"BioGrid"	"FGFR3"
"M7"	"BioGrid"	"SERPINB5"
"M7"	"BioGrid"	"TRIM29"
"M7"	"BioGrid"	"S100A14"
"M7"	"BioGrid"	"EGLN3"
"M7"	"BioGrid"	"HR"
"M7"	"BioGrid"	"CLDN1"
"M7"	"BioGrid"	"CA12"
"M7"	"BioGrid"	"PEG10"
"M7"	"BioGrid"	"TNNT2"
"M7"	"BioGrid"	"KRT17"
"M7"	"BioGrid"	"WNT4"
"M7"	"BioGrid"	"CAND2"
"M7"	"BioGrid"	"TNNT3"
"M7"	"BioGrid"	"LY6D"
"M7"	"BioGrid"	"MUC1"
"M7"	"BioGrid"	"VAV3"
"M7"	"BioGrid"	"ACE2"
"M7"	"BioGrid"	"CSTA"
"M7"	"BioGrid"	"APOL1"
"M7"	"BioGrid"	"ITGB6"
"M7"	"BioGrid"	"COL4A6"
"M7"	"BioGrid"	"IVL"
"M7"	"BioGrid"	"EYA2"
"M7"	"BioGrid"	"LPAR3"
"M7"	"BioGrid"	"LAD1"
"M7"	"BioGrid"	"ANXA8"
"M7"	"BioGrid"	"CEACAM6"
"M7"	"BioGrid"	"DMKN"
"M7"	"BioGrid"	"CAPNS2"
"M7"	"BioGrid"	"CEACAM5"
"M7"	"BioGrid"	"MST1R"
"M7"	"BioGrid"	"NTF4"
"M7"	"BioGrid"	"LCN2"
"M7"	"BioGrid"	"GJB5"
"M7"	"BioGrid"	"DUSP9"
"M7"	"BioGrid"	"NEBL"
"M7"	"BioGrid"	"IRF6"
"M7"	"BioGrid"	"ZNF488"
"M7"	"BioGrid"	"ADAMTSL5"
"M7"	"BioGrid"	"CYSRT1"
"M7"	"BioGrid"	"PDZK1IP1"
"M7"	"BioGrid"	"FAM110C"
"M7"	"BioGrid"	"PLEKHN1"
"M7"	"BioGrid"	"TMPRSS4"
"M7"	"DIP"	"KCNK1"
"M7"	"DIP"	"TP63"
"M7"	"DIP"	"CCND1"
"M7"	"DIP"	"FGFR3"
"M7"	"DIP"	"ITGB6"
"M7"	"BioGrid_Rat"	"SDCBP2"
"M7"	"BioGrid_Rat"	"HR"
"M7"	"BioGrid_Rat"	"TNNT2"
"M7"	"MINT"	"TP63"
"M7"	"MINT"	"SDCBP2"
"M7"	"MINT"	"TNS4"
"M7"	"MINT"	"BIK"
"M7"	"MINT"	"KRT15"
"M7"	"MINT"	"CCND1"
"M7"	"MINT"	"P2RY2"
"M7"	"MINT"	"FGFR3"
"M7"	"MINT"	"SERPINB5"
"M7"	"MINT"	"TRIM29"
"M7"	"MINT"	"S100A14"
"M7"	"MINT"	"CLDN1"
"M7"	"MINT"	"PEG10"
"M7"	"MINT"	"KRT17"
"M7"	"MINT"	"TNNT3"
"M7"	"MINT"	"MUC1"
"M7"	"MINT"	"VAV3"
"M7"	"MINT"	"CSTA"
"M7"	"MINT"	"EYA2"
"M7"	"MINT"	"MST1R"
"M7"	"MINT"	"DUSP9"
"M7"	"MINT"	"NEBL"
"M7"	"MINT"	"PDZK1IP1"
"M7"	"MINT"	"PTPRH"
"M7"	"VidalHuman_core"	"SDCBP2"
"M7"	"VidalHuman_core"	"KRT15"
"M7"	"VidalHuman_core"	"TRIM29"
"M7"	"VidalHuman_core"	"KRT17"
"M7"	"VidalHuman_core"	"EYA2"
"M7"	"VidalHuman_core"	"CEACAM5"
"M7"	"IntAct_Mouse"	"KRT13"
"M7"	"IntAct_Mouse"	"TP63"
"M7"	"IntAct_Mouse"	"SOX15"
"M7"	"IntAct_Mouse"	"CCND1"
"M7"	"IntAct_Mouse"	"CLDN1"
"M7"	"IntAct_Mouse"	"EYA2"
"M7"	"IntAct_Mouse"	"DUSP9"
"M7"	"IntAct_Mouse"	"GJB6"
"M7"	"BioGrid_Worm"	"FGFR3"
"M7"	"VidalHuman_non_core"	"KRT15"
"M7"	"VidalHuman_non_core"	"EYA2"
"M7"	"INNATEDB"	"TP63"
"M7"	"INNATEDB"	"BIK"
"M7"	"INNATEDB"	"KRT15"
"M7"	"INNATEDB"	"CCND1"
"M7"	"INNATEDB"	"SERPINB5"
"M7"	"INNATEDB"	"AQP3"
"M7"	"INNATEDB"	"EGLN3"
"M7"	"INNATEDB"	"KRT17"
"M7"	"INNATEDB"	"MUC1"
"M7"	"INNATEDB"	"SPINK5"
"M7"	"INNATEDB"	"MST1R"
"M7"	"INNATEDB"	"DEFB1"
"M7"	"INNATEDB"	"IRF6"
"M7"	"INNATEDB"	"DUOX2"
"M7"	"INNATEDB_Mouse"	"TP63"
"M7"	"INNATEDB_Mouse"	"EGLN3"
"M7"	"INNATEDB_Mouse"	"LCN2"
"M7"	"BCI"	"TP63"
"M7"	"BCI"	"BIK"
"M7"	"BCI"	"CCND1"
"M7"	"BCI"	"AQP3"
"M7"	"BCI"	"MUC1"
"M7"	"BCI"	"CSTA"
"M7"	"BCI"	"LCN2"
"M7"	"BCI"	"DEFB1"
"M7"	"I2D-c_Fiona_HUMAN"	"CCND1"
"M7"	"I2D-c_Fiona_HUMAN"	"MUC1"
"M7"	"BIND"	"KCNK1"
"M7"	"BIND"	"SDCBP2"
"M7"	"BIND"	"BIK"
"M7"	"BIND"	"CCND1"
"M7"	"BIND"	"FGFR3"
"M7"	"BIND"	"CA12"
"M7"	"BIND"	"TNNT2"
"M7"	"BIND"	"CSTA"
"M7"	"BIND"	"NTF4"
"M7"	"I2D-c_Fiona_MOUSE"	"CCND1"
"M7"	"IntAct_Worm"	"WNT4"
"M7"	"IntAct_Worm"	"VAV3"
"M7"	"IntAct_Worm"	"XDH"
"M7"	"StelzlMedium"	"FGFR3"
"M7"	"StelzlMedium"	"PDZK1IP1"
"M7"	"BIND_Mouse"	"CCND1"
"M7"	"BIND_Mouse"	"CLDN1"
"M7"	"BIND_Mouse"	"WNT4"
"M7"	"MGI"	"CCND1"
"M7"	"MGI"	"TRIM29"
"M7"	"MGI"	"CLDN1"
"M7"	"MGI"	"WNT4"
"M7"	"MGI"	"GJB6"
"M7"	"MINT_Mouse"	"TP63"
"M7"	"MINT_Mouse"	"SOX15"
"M7"	"MINT_Mouse"	"CCND1"
"M7"	"MINT_Mouse"	"CLDN1"
"M7"	"DIP_Mouse"	"CCND1"
"M7"	"DIP_Mouse"	"KRT17"
"M7"	"I2D-c_Fiona_RAT"	"CCND1"
"M7"	"IntAct_Rat"	"CCND1"
"M7"	"IntAct_Rat"	"DUSP9"
"M7"	"DIP_Fly"	"WNT4"
"M7"	"StelzlHigh"	"FGFR3"
"M7"	"StelzlHigh"	"TNNT3"
"M7"	"BIND_Fly"	"FGFR3"
"M7"	"StelzlLow"	"CSTA"
"M7"	"I2D-text_mining-c"	"CSTA"
"M7"	"BioGrid_Fly"	"FGFR3"
"M7"	"KIM_MYC"	"ASRGL1"
"M7"	"IntAct_Yeast"	"AQP3"
"Not.Correlated"	"BioGrid_Yeast"	"THNSL2"
"Not.Correlated"	"IntAct"	"THNSL2"
"Not.Correlated"	"IntAct"	"EIF1AY"
"Not.Correlated"	"Krogan_NonCore"	"THNSL2"
"Not.Correlated"	"YeastLow"	"THNSL2"
"Not.Correlated"	"BCI"	"EIF1AY"
"Not.Correlated"	"IntAct_Fly"	"EIF1AY"
"Not.Correlated"	"YeastHigh"	"THNSL2"
"Not.Correlated"	"BioGrid_Fly"	"EIF1AY"
"Not.Correlated"	"MINT_Worm"	"EIF1AY"
"Not.Correlated"	"IntAct_Yeast"	"THNSL2"
"Not.Correlated"	"BioGrid"	"THNSL2"
"Not.Correlated"	"MINT"	"THNSL2"
"Not.Correlated"	"StelzlMedium"	"THNSL2"
"Not.Correlated"	"DIP_Yeast"	"THNSL2"
