"Module"	"Gene1"	"Gene2"
"M1"	"BioGrid"	"SLC2A4"
"M1"	"BioGrid"	"NTN1"
"M1"	"BioGrid"	"BBOX1"
"M1"	"BioGrid"	"EHHADH"
"M1"	"BioGrid"	"RAB3D"
"M1"	"BioGrid"	"ADRB2"
"M1"	"BioGrid"	"PRKAA2"
"M1"	"BioGrid"	"DAB1"
"M1"	"BioGrid"	"TAT"
"M1"	"BioGrid"	"NECAB2"
"M1"	"BioGrid"	"BEX3"
"M1"	"BioGrid"	"BEX2"
"M1"	"BioGrid"	"SPATC1L"
"M1"	"BioGrid"	"ASNS"
"M1"	"BioGrid"	"OLFM2"
"M1"	"BioGrid"	"OSGIN1"
"M1"	"BioGrid"	"ESR1"
"M1"	"BioGrid"	"HPD"
"M1"	"BioGrid"	"KRT19"
"M1"	"BioGrid"	"NKX3-1"
"M1"	"BioGrid"	"AR"
"M1"	"BioGrid"	"CKB"
"M1"	"BioGrid"	"RBP1"
"M1"	"BioGrid"	"GIPC2"
"M1"	"BioGrid"	"GADD45G"
"M1"	"BioGrid"	"WNK2"
"M1"	"BioGrid"	"ABCB11"
"M1"	"BioGrid"	"ABCB1"
"M1"	"BioGrid"	"ABCB4"
"M1"	"BioGrid"	"RAB27B"
"M1"	"BioGrid"	"SULT1E1"
"M1"	"BioGrid"	"CD36"
"M1"	"BioGrid"	"ZBTB16"
"M1"	"BioGrid"	"PCK1"
"M1"	"BioGrid"	"MAPK13"
"M1"	"BioGrid"	"INSIG1"
"M1"	"BioGrid"	"CYP3A4"
"M1"	"BioGrid"	"CYP2C8"
"M1"	"BioGrid"	"EFHD1"
"M1"	"BioGrid"	"RAB26"
"M1"	"BioGrid"	"ACSS3"
"M1"	"BioGrid"	"SNRPN"
"M1"	"BioGrid"	"ARRDC4"
"M1"	"BioGrid"	"HLF"
"M1"	"BioGrid"	"ITGA2"
"M1"	"BioGrid"	"VIPR1"
"M1"	"BioGrid"	"MAP2"
"M1"	"BioGrid"	"TLX1"
"M1"	"BioGrid"	"PPARGC1A"
"M1"	"BioGrid"	"MME"
"M1"	"BioGrid"	"SSTR2"
"M1"	"BioGrid"	"TGFA"
"M1"	"BioGrid"	"CDA"
"M1"	"BioGrid"	"ACKR2"
"M1"	"BioGrid"	"AXIN2"
"M1"	"BioGrid"	"DLG3"
"M1"	"BioGrid"	"WNK4"
"M1"	"BioGrid"	"IGF2BP2"
"M1"	"BioGrid"	"GHR"
"M1"	"BioGrid"	"LEPR"
"M1"	"BioGrid"	"GFRA1"
"M1"	"BioGrid"	"KCNJ4"
"M1"	"BioGrid"	"GPT2"
"M1"	"BioGrid"	"APBA1"
"M1"	"BioGrid"	"SNAP25"
"M1"	"BioGrid"	"FBXO2"
"M1"	"BioGrid"	"CDS1"
"M1"	"BioGrid"	"SSTR1"
"M1"	"BioGrid"	"SCN4A"
"M1"	"BioGrid"	"PODXL2"
"M1"	"BioGrid"	"ARNT2"
"M1"	"BioGrid"	"FGF2"
"M1"	"BioGrid"	"ACSL6"
"M1"	"BioGrid"	"MAST1"
"M1"	"BioGrid"	"TNIK"
"M1"	"BioGrid"	"EPS8L1"
"M1"	"BioGrid"	"NRXN2"
"M1"	"BioGrid"	"GLS2"
"M1"	"BioGrid"	"FGFR2"
"M1"	"BioGrid"	"NAT2"
"M1"	"BioGrid"	"ANGPTL4"
"M1"	"BioGrid"	"S100A14"
"M1"	"BioGrid"	"SEPT4"
"M1"	"BioGrid"	"EGLN3"
"M1"	"BioGrid"	"TBX3"
"M1"	"BioGrid"	"CYP11A1"
"M1"	"BioGrid"	"GSTA2"
"M1"	"BioGrid"	"VDR"
"M1"	"BioGrid"	"SLC22A1"
"M1"	"BioGrid"	"CTH"
"M1"	"BioGrid"	"LEF1"
"M1"	"BioGrid"	"ST14"
"M1"	"BioGrid"	"CYP2E1"
"M1"	"BioGrid"	"CA12"
"M1"	"BioGrid"	"SNAI2"
"M1"	"BioGrid"	"PEG10"
"M1"	"BioGrid"	"NRCAM"
"M1"	"BioGrid"	"MPZ"
"M1"	"BioGrid"	"MAL2"
"M1"	"BioGrid"	"HOMER1"
"M1"	"BioGrid"	"AKR7A3"
"M1"	"BioGrid"	"SLC38A1"
"M1"	"BioGrid"	"DDR1"
"M1"	"BioGrid"	"GNAO1"
"M1"	"BioGrid"	"ETNPPL"
"M1"	"BioGrid"	"GPX7"
"M1"	"BioGrid"	"SYNGR1"
"M1"	"BioGrid"	"CES1"
"M1"	"BioGrid"	"DMRTA1"
"M1"	"BioGrid"	"VEGFD"
"M1"	"BioGrid"	"DSG1"
"M1"	"BioGrid"	"RGS2"
"M1"	"BioGrid"	"TDO2"
"M1"	"BioGrid"	"MNS1"
"M1"	"BioGrid"	"C6"
"M1"	"BioGrid"	"DSG2"
"M1"	"BioGrid"	"KCNJ11"
"M1"	"BioGrid"	"GSPT2"
"M1"	"BioGrid"	"MELTF"
"M1"	"BioGrid"	"GPD1"
"M1"	"BioGrid"	"RAMP1"
"M1"	"BioGrid"	"ETNK2"
"M1"	"BioGrid"	"STK39"
"M1"	"BioGrid"	"NR1I3"
"M1"	"BioGrid"	"SLC27A2"
"M1"	"BioGrid"	"CPS1"
"M1"	"BioGrid"	"IGF1"
"M1"	"BioGrid"	"SOX9"
"M1"	"BioGrid"	"NR1I2"
"M1"	"BioGrid"	"ADAP1"
"M1"	"BioGrid"	"THRSP"
"M1"	"BioGrid"	"GOLM1"
"M1"	"BioGrid"	"OTC"
"M1"	"BioGrid"	"GLUL"
"M1"	"BioGrid"	"CLDN2"
"M1"	"BioGrid"	"OBSCN"
"M1"	"BioGrid"	"FABP4"
"M1"	"BioGrid"	"PDE9A"
"M1"	"BioGrid"	"TPPP"
"M1"	"BioGrid"	"FAM124B"
"M1"	"BioGrid"	"UPP2"
"M1"	"BioGrid"	"NOVA1"
"M1"	"BioGrid"	"GCNT3"
"M1"	"BioGrid"	"EDA"
"M1"	"BioGrid"	"LRAT"
"M1"	"BioGrid"	"KCNB1"
"M1"	"BioGrid"	"TNFSF15"
"M1"	"BioGrid"	"ZIC1"
"M1"	"BioGrid"	"EPCAM"
"M1"	"BioGrid"	"CYP2C9"
"M1"	"BioGrid"	"B3GNT5"
"M1"	"BioGrid"	"LINGO1"
"M1"	"BioGrid"	"CYP17A1"
"M1"	"BioGrid"	"CDKN1C"
"M1"	"BioGrid"	"CYP4F2"
"M1"	"BioGrid"	"ADH1B"
"M1"	"BioGrid"	"DNAJC12"
"M1"	"BioGrid"	"SHD"
"M1"	"BioGrid"	"MUC1"
"M1"	"BioGrid"	"HBB"
"M1"	"BioGrid"	"IGF2"
"M1"	"BioGrid"	"MT2A"
"M1"	"BioGrid"	"ACE2"
"M1"	"BioGrid"	"LCAT"
"M1"	"BioGrid"	"TRO"
"M1"	"BioGrid"	"TRIM6"
"M1"	"BioGrid"	"NPR2"
"M1"	"BioGrid"	"ARFGEF3"
"M1"	"BioGrid"	"GCGR"
"M1"	"BioGrid"	"COL9A2"
"M1"	"BioGrid"	"SPTBN2"
"M1"	"BioGrid"	"GPLD1"
"M1"	"BioGrid"	"APOF"
"M1"	"BioGrid"	"SLC25A47"
"M1"	"BioGrid"	"IGFBP2"
"M1"	"BioGrid"	"SEZ6L2"
"M1"	"BioGrid"	"CLDN4"
"M1"	"BioGrid"	"SOX4"
"M1"	"BioGrid"	"FCAMR"
"M1"	"BioGrid"	"CYBA"
"M1"	"BioGrid"	"AGXT2"
"M1"	"BioGrid"	"FITM1"
"M1"	"BioGrid"	"LAD1"
"M1"	"BioGrid"	"SPINT2"
"M1"	"BioGrid"	"ACSL4"
"M1"	"BioGrid"	"ADH4"
"M1"	"BioGrid"	"PFKFB1"
"M1"	"BioGrid"	"SLC7A1"
"M1"	"BioGrid"	"ETV4"
"M1"	"BioGrid"	"TTPA"
"M1"	"BioGrid"	"FAM3B"
"M1"	"BioGrid"	"PHYHD1"
"M1"	"BioGrid"	"ANKS6"
"M1"	"BioGrid"	"PLBD1"
"M1"	"BioGrid"	"CPLX2"
"M1"	"BioGrid"	"DCXR"
"M1"	"BioGrid"	"FAM184A"
"M1"	"BioGrid"	"SH3RF2"
"M1"	"BioGrid"	"ART4"
"M1"	"BioGrid"	"SUSD3"
"M1"	"BioGrid"	"UBXN10"
"M1"	"BioGrid"	"GAL3ST1"
"M1"	"BioGrid"	"LARP6"
"M1"	"BioGrid"	"SPX"
"M1"	"BioGrid"	"LRRC1"
"M1"	"BioGrid"	"CDCA7"
"M1"	"BioGrid"	"BHMT2"
"M1"	"BioGrid"	"EPB41L1"
"M1"	"BioGrid"	"DCDC2"
"M1"	"BioGrid"	"TYRO3"
"M1"	"BioGrid"	"SPHK1"
"M1"	"BioGrid"	"BCHE"
"M1"	"BioGrid"	"SELE"
"M1"	"BioGrid"	"HK2"
"M1"	"BioGrid"	"EPS8L3"
"M1"	"BioGrid"	"CYP1A1"
"M1"	"BioGrid"	"CD24"
"M1"	"BioGrid"	"KLF5"
"M1"	"BioGrid"	"GSTM1"
"M1"	"BioGrid"	"ADRA2C"
"M1"	"BioGrid"	"ADAMTSL3"
"M1"	"BioGrid"	"MYH7B"
"M1"	"BioGrid"	"NEURL3"
"M1"	"BioGrid"	"ACY3"
"M1"	"BioGrid"	"CCL20"
"M1"	"BioGrid"	"CNKSR2"
"M1"	"BioGrid"	"ALDH3A1"
"M1"	"BioGrid"	"NEBL"
"M1"	"BioGrid"	"EHF"
"M1"	"BioGrid"	"GBA3"
"M1"	"BioGrid"	"CYP39A1"
"M1"	"BioGrid"	"S100P"
"M1"	"BioGrid"	"HNF1B"
"M1"	"BioGrid"	"MYRIP"
"M1"	"BioGrid"	"KCNIP3"
"M1"	"BioGrid"	"CYP1A2"
"M1"	"BioGrid"	"CYP2A6"
"M1"	"BioGrid"	"CDC42BPG"
"M1"	"BioGrid"	"CHRNA4"
"M1"	"BioGrid"	"PAPPA2"
"M1"	"BioGrid"	"CYP4F11"
"M1"	"BioGrid"	"GGT1"
"M1"	"BioGrid"	"GYS2"
"M1"	"BioGrid"	"TESC"
"M1"	"BioGrid"	"TMPRSS3"
"M1"	"BioGrid"	"CHRM3"
"M1"	"BioGrid"	"GLYAT"
"M1"	"BioGrid"	"EVA1A"
"M1"	"BioGrid"	"ADRA1B"
"M1"	"BioGrid"	"CYP2J2"
"M1"	"BioGrid"	"HSD17B14"
"M1"	"BioGrid"	"AKR1C1"
"M1"	"BioGrid"	"AOX1"
"M1"	"BioGrid"	"SLC1A2"
"M1"	"BioGrid"	"MAATS1"
"M1"	"BioGrid"	"LAMA3"
"M1"	"BioGrid"	"PTGR1"
"M1"	"BioGrid"	"GFRA2"
"M1"	"BioGrid"	"TRPM8"
"M1"	"BioGrid"	"OGDHL"
"M1"	"BioGrid"	"SCNN1A"
"M1"	"BioGrid"	"ASPA"
"M1"	"BioGrid"	"PLPP2"
"M1"	"BioGrid"	"ANXA13"
"M1"	"BioGrid"	"TTBK1"
"M1"	"BioGrid"	"IRF6"
"M1"	"BioGrid"	"ABHD1"
"M1"	"BioGrid"	"AKR1C2"
"M1"	"BioGrid"	"MYEF2"
"M1"	"BioGrid"	"ADAMTSL5"
"M1"	"BioGrid"	"ZNF320"
"M1"	"BioGrid"	"SOBP"
"M1"	"BioGrid"	"FNDC4"
"M1"	"BioGrid"	"QSOX1"
"M1"	"BioGrid"	"G0S2"
"M1"	"BioGrid"	"NLGN4X"
"M1"	"BioGrid"	"ZNF382"
"M1"	"BioGrid"	"MT1M"
"M1"	"BioGrid"	"ZNF331"
"M1"	"BioGrid"	"ACSM5"
"M1"	"BioGrid"	"CPNE7"
"M1"	"BioGrid"	"JAKMIP2"
"M1"	"BioGrid"	"CA14"
"M1"	"BioGrid"	"EIF5A2"
"M1"	"BioGrid"	"GDF15"
"M1"	"BioGrid"	"PDZK1IP1"
"M1"	"BioGrid"	"GAREM2"
"M1"	"BioGrid"	"CDHR2"
"M1"	"BioGrid"	"OASL"
"M1"	"BioGrid"	"CYP2S1"
"M1"	"BioGrid"	"PAQR5"
"M1"	"BioGrid"	"BHMT"
"M1"	"BioGrid"	"AQP9"
"M1"	"BioGrid"	"ELOVL7"
"M1"	"BioGrid"	"ANXA10"
"M1"	"BioGrid"	"ACSM3"
"M1"	"BioGrid"	"ABCC4"
"M1"	"BioGrid"	"WNK3"
"M1"	"BioGrid"	"KCTD14"
"M1"	"BioGrid"	"TENM1"
"M1"	"BioGrid"	"SULT1A2"
"M1"	"BioGrid"	"NPM2"
"M1"	"BioGrid"	"LIPG"
"M1"	"BioGrid"	"RHBG"
"M1"	"BioGrid"	"MTCL1"
"M1"	"HPRD"	"SLC2A4"
"M1"	"HPRD"	"NTN1"
"M1"	"HPRD"	"BBOX1"
"M1"	"HPRD"	"EHHADH"
"M1"	"HPRD"	"RAB3D"
"M1"	"HPRD"	"ADRB2"
"M1"	"HPRD"	"PRKAA2"
"M1"	"HPRD"	"DAB1"
"M1"	"HPRD"	"NECAB2"
"M1"	"HPRD"	"BEX3"
"M1"	"HPRD"	"BEX2"
"M1"	"HPRD"	"SPATC1L"
"M1"	"HPRD"	"ASNS"
"M1"	"HPRD"	"OLFM2"
"M1"	"HPRD"	"ESR1"
"M1"	"HPRD"	"RASSF9"
"M1"	"HPRD"	"KRT19"
"M1"	"HPRD"	"NKX3-1"
"M1"	"HPRD"	"ABCC9"
"M1"	"HPRD"	"AR"
"M1"	"HPRD"	"LYZ"
"M1"	"HPRD"	"CKB"
"M1"	"HPRD"	"SPARCL1"
"M1"	"HPRD"	"RBP1"
"M1"	"HPRD"	"GIPC2"
"M1"	"HPRD"	"GADD45G"
"M1"	"HPRD"	"PIGR"
"M1"	"HPRD"	"ABCB1"
"M1"	"HPRD"	"RAB27B"
"M1"	"HPRD"	"SULT1E1"
"M1"	"HPRD"	"CD36"
"M1"	"HPRD"	"ZBTB16"
"M1"	"HPRD"	"MAPK13"
"M1"	"HPRD"	"INSIG1"
"M1"	"HPRD"	"CYP3A4"
"M1"	"HPRD"	"SNRPN"
"M1"	"HPRD"	"HLF"
"M1"	"HPRD"	"SULT1C2"
"M1"	"HPRD"	"ITGA2"
"M1"	"HPRD"	"VIPR1"
"M1"	"HPRD"	"TLX1"
"M1"	"HPRD"	"PPARGC1A"
"M1"	"HPRD"	"MME"
"M1"	"HPRD"	"SSTR2"
"M1"	"HPRD"	"TGFA"
"M1"	"HPRD"	"CDA"
"M1"	"HPRD"	"ACKR2"
"M1"	"HPRD"	"SEC14L2"
"M1"	"HPRD"	"AXIN2"
"M1"	"HPRD"	"DLG3"
"M1"	"HPRD"	"WNK4"
"M1"	"HPRD"	"GHR"
"M1"	"HPRD"	"LEPR"
"M1"	"HPRD"	"GFRA1"
"M1"	"HPRD"	"KCNJ4"
"M1"	"HPRD"	"APBA1"
"M1"	"HPRD"	"BAMBI"
"M1"	"HPRD"	"SNAP25"
"M1"	"HPRD"	"FBXO2"
"M1"	"HPRD"	"SSTR1"
"M1"	"HPRD"	"SCN4A"
"M1"	"HPRD"	"SLC22A11"
"M1"	"HPRD"	"PODXL2"
"M1"	"HPRD"	"ARNT2"
"M1"	"HPRD"	"FGF2"
"M1"	"HPRD"	"ACSL6"
"M1"	"HPRD"	"MAST1"
"M1"	"HPRD"	"TNIK"
"M1"	"HPRD"	"EPS8L1"
"M1"	"HPRD"	"NRXN2"
"M1"	"HPRD"	"GLS2"
"M1"	"HPRD"	"S100A14"
"M1"	"HPRD"	"XK"
"M1"	"HPRD"	"SEPT4"
"M1"	"HPRD"	"EGLN3"
"M1"	"HPRD"	"TBX3"
"M1"	"HPRD"	"CYP11A1"
"M1"	"HPRD"	"ZNF83"
"M1"	"HPRD"	"GSTA2"
"M1"	"HPRD"	"VDR"
"M1"	"HPRD"	"CTH"
"M1"	"HPRD"	"LEF1"
"M1"	"HPRD"	"ST14"
"M1"	"HPRD"	"ARNTL2"
"M1"	"HPRD"	"CYP2E1"
"M1"	"HPRD"	"CA12"
"M1"	"HPRD"	"PEG10"
"M1"	"HPRD"	"NRCAM"
"M1"	"HPRD"	"MAL2"
"M1"	"HPRD"	"HOMER1"
"M1"	"HPRD"	"AKR7A3"
"M1"	"HPRD"	"DDR1"
"M1"	"HPRD"	"GNAO1"
"M1"	"HPRD"	"GPX7"
"M1"	"HPRD"	"CES1"
"M1"	"HPRD"	"VEGFD"
"M1"	"HPRD"	"DSG1"
"M1"	"HPRD"	"RGS2"
"M1"	"HPRD"	"TDO2"
"M1"	"HPRD"	"C6"
"M1"	"HPRD"	"DSG2"
"M1"	"HPRD"	"GSPT2"
"M1"	"HPRD"	"GPD1"
"M1"	"HPRD"	"RAMP1"
"M1"	"HPRD"	"SPTBN4"
"M1"	"HPRD"	"STK39"
"M1"	"HPRD"	"NR1I3"
"M1"	"HPRD"	"CPS1"
"M1"	"HPRD"	"MMP11"
"M1"	"HPRD"	"IGF1"
"M1"	"HPRD"	"SOX9"
"M1"	"HPRD"	"NR1I2"
"M1"	"HPRD"	"ADAP1"
"M1"	"HPRD"	"THRSP"
"M1"	"HPRD"	"GOLM1"
"M1"	"HPRD"	"OTC"
"M1"	"HPRD"	"GLUL"
"M1"	"HPRD"	"CLDN2"
"M1"	"HPRD"	"FABP4"
"M1"	"HPRD"	"PDE9A"
"M1"	"HPRD"	"TPPP"
"M1"	"HPRD"	"CCDC158"
"M1"	"HPRD"	"FAM124B"
"M1"	"HPRD"	"UPP2"
"M1"	"HPRD"	"NOVA1"
"M1"	"HPRD"	"EDA"
"M1"	"HPRD"	"LRAT"
"M1"	"HPRD"	"KCNB1"
"M1"	"HPRD"	"SGCE"
"M1"	"HPRD"	"TNFSF15"
"M1"	"HPRD"	"ZIC1"
"M1"	"HPRD"	"ABAT"
"M1"	"HPRD"	"EPCAM"
"M1"	"HPRD"	"CYP2C9"
"M1"	"HPRD"	"IFNLR1"
"M1"	"HPRD"	"LINGO1"
"M1"	"HPRD"	"CYP17A1"
"M1"	"HPRD"	"CDKN1C"
"M1"	"HPRD"	"ADH1C"
"M1"	"HPRD"	"SHD"
"M1"	"HPRD"	"HBB"
"M1"	"HPRD"	"IGF2"
"M1"	"HPRD"	"CDCP1"
"M1"	"HPRD"	"MT2A"
"M1"	"HPRD"	"ACE2"
"M1"	"HPRD"	"LCAT"
"M1"	"HPRD"	"TRO"
"M1"	"HPRD"	"TRIM6"
"M1"	"HPRD"	"NPR2"
"M1"	"HPRD"	"AVPR1A"
"M1"	"HPRD"	"GCGR"
"M1"	"HPRD"	"COL9A2"
"M1"	"HPRD"	"SPTBN2"
"M1"	"HPRD"	"GPLD1"
"M1"	"HPRD"	"APOF"
"M1"	"HPRD"	"MTTP"
"M1"	"HPRD"	"CLDN4"
"M1"	"HPRD"	"MT1G"
"M1"	"HPRD"	"ROBO1"
"M1"	"HPRD"	"SOX4"
"M1"	"HPRD"	"CYBA"
"M1"	"HPRD"	"LAD1"
"M1"	"HPRD"	"SPINT2"
"M1"	"HPRD"	"ETV4"
"M1"	"HPRD"	"CPLX2"
"M1"	"HPRD"	"DCXR"
"M1"	"HPRD"	"LRRC1"
"M1"	"HPRD"	"EPB41L1"
"M1"	"HPRD"	"USH2A"
"M1"	"HPRD"	"TYRO3"
"M1"	"HPRD"	"SPHK1"
"M1"	"HPRD"	"BCHE"
"M1"	"HPRD"	"SELE"
"M1"	"HPRD"	"HK2"
"M1"	"HPRD"	"CD24"
"M1"	"HPRD"	"KLF5"
"M1"	"HPRD"	"COL5A3"
"M1"	"HPRD"	"PDK4"
"M1"	"HPRD"	"DBH"
"M1"	"HPRD"	"GSTM1"
"M1"	"HPRD"	"ADRA2C"
"M1"	"HPRD"	"SAA2"
"M1"	"HPRD"	"ACY3"
"M1"	"HPRD"	"CCL20"
"M1"	"HPRD"	"IL27"
"M1"	"HPRD"	"CNKSR2"
"M1"	"HPRD"	"ALDH3A1"
"M1"	"HPRD"	"RDH5"
"M1"	"HPRD"	"GREM2"
"M1"	"HPRD"	"BMP8B"
"M1"	"HPRD"	"NEBL"
"M1"	"HPRD"	"ADRA1A"
"M1"	"HPRD"	"LAMB3"
"M1"	"HPRD"	"SLC6A8"
"M1"	"HPRD"	"S100P"
"M1"	"HPRD"	"SPINK1"
"M1"	"HPRD"	"HNF1B"
"M1"	"HPRD"	"MYRIP"
"M1"	"HPRD"	"KCNIP3"
"M1"	"HPRD"	"CYP1A2"
"M1"	"HPRD"	"CDC42BPG"
"M1"	"HPRD"	"CHRNA4"
"M1"	"HPRD"	"PAPPA2"
"M1"	"HPRD"	"MCHR1"
"M1"	"HPRD"	"GGT1"
"M1"	"HPRD"	"COL26A1"
"M1"	"HPRD"	"CHRM3"
"M1"	"HPRD"	"GLYAT"
"M1"	"HPRD"	"ADRA1B"
"M1"	"HPRD"	"PKIB"
"M1"	"HPRD"	"CHST9"
"M1"	"HPRD"	"PPP1R9A"
"M1"	"HPRD"	"HSD17B14"
"M1"	"HPRD"	"AKR1C1"
"M1"	"HPRD"	"MYO16"
"M1"	"HPRD"	"SLC1A2"
"M1"	"HPRD"	"CD5L"
"M1"	"HPRD"	"MAATS1"
"M1"	"HPRD"	"CCL16"
"M1"	"HPRD"	"SYBU"
"M1"	"HPRD"	"PTK7"
"M1"	"HPRD"	"CHI3L1"
"M1"	"HPRD"	"GFRA2"
"M1"	"HPRD"	"SCNN1A"
"M1"	"HPRD"	"ASPA"
"M1"	"HPRD"	"PLPP2"
"M1"	"HPRD"	"ANXA13"
"M1"	"HPRD"	"TTBK1"
"M1"	"HPRD"	"DIO1"
"M1"	"HPRD"	"QSOX1"
"M1"	"HPRD"	"BSPRY"
"M1"	"HPRD"	"KCNJ8"
"M1"	"HPRD"	"KLHDC9"
"M1"	"HPRD"	"ZNF382"
"M1"	"HPRD"	"SPINT1"
"M1"	"HPRD"	"ADCY1"
"M1"	"HPRD"	"CPNE7"
"M1"	"HPRD"	"GDF15"
"M1"	"HPRD"	"PDZK1IP1"
"M1"	"HPRD"	"OASL"
"M1"	"HPRD"	"SCUBE1"
"M1"	"HPRD"	"BHMT"
"M1"	"HPRD"	"TENM1"
"M1"	"IntAct_Fly"	"NTN1"
"M1"	"IntAct_Fly"	"HPD"
"M1"	"IntAct_Fly"	"SPARCL1"
"M1"	"IntAct_Fly"	"SNRPN"
"M1"	"IntAct_Fly"	"SNAP25"
"M1"	"IntAct_Fly"	"CDS1"
"M1"	"IntAct_Fly"	"CTH"
"M1"	"IntAct_Fly"	"NRCAM"
"M1"	"IntAct_Fly"	"PYCR1"
"M1"	"IntAct_Fly"	"MELTF"
"M1"	"IntAct_Fly"	"PAPLN"
"M1"	"IntAct_Fly"	"NR1I2"
"M1"	"IntAct_Fly"	"GLUL"
"M1"	"IntAct_Fly"	"TPPP"
"M1"	"IntAct_Fly"	"ROBO1"
"M1"	"IntAct_Fly"	"BICDL1"
"M1"	"IntAct_Fly"	"PHYHD1"
"M1"	"IntAct_Fly"	"GGT1"
"M1"	"IntAct_Fly"	"TTC36"
"M1"	"IntAct_Fly"	"PTK7"
"M1"	"IntAct_Fly"	"ASAH2"
"M1"	"IntAct"	"SLC2A4"
"M1"	"IntAct"	"BBOX1"
"M1"	"IntAct"	"EHHADH"
"M1"	"IntAct"	"RAB3D"
"M1"	"IntAct"	"ADRB2"
"M1"	"IntAct"	"PRKAA2"
"M1"	"IntAct"	"DAB1"
"M1"	"IntAct"	"TAT"
"M1"	"IntAct"	"NECAB2"
"M1"	"IntAct"	"BEX3"
"M1"	"IntAct"	"BEX2"
"M1"	"IntAct"	"SPATC1L"
"M1"	"IntAct"	"ASNS"
"M1"	"IntAct"	"OLFM2"
"M1"	"IntAct"	"OSGIN1"
"M1"	"IntAct"	"ESR1"
"M1"	"IntAct"	"RASSF9"
"M1"	"IntAct"	"HPD"
"M1"	"IntAct"	"KRT19"
"M1"	"IntAct"	"ABCC9"
"M1"	"IntAct"	"AR"
"M1"	"IntAct"	"LYZ"
"M1"	"IntAct"	"CKB"
"M1"	"IntAct"	"SPARCL1"
"M1"	"IntAct"	"GIPC2"
"M1"	"IntAct"	"GADD45G"
"M1"	"IntAct"	"PIGR"
"M1"	"IntAct"	"WNK2"
"M1"	"IntAct"	"ABCB11"
"M1"	"IntAct"	"ABCB1"
"M1"	"IntAct"	"ABCB4"
"M1"	"IntAct"	"RAB27B"
"M1"	"IntAct"	"CD36"
"M1"	"IntAct"	"NKD1"
"M1"	"IntAct"	"ZBTB16"
"M1"	"IntAct"	"MAPK13"
"M1"	"IntAct"	"CYP3A4"
"M1"	"IntAct"	"CYP2C8"
"M1"	"IntAct"	"HSD11B1"
"M1"	"IntAct"	"EFHD1"
"M1"	"IntAct"	"ACSS3"
"M1"	"IntAct"	"SNRPN"
"M1"	"IntAct"	"SULT1C2"
"M1"	"IntAct"	"ITGA2"
"M1"	"IntAct"	"VIPR1"
"M1"	"IntAct"	"MAP2"
"M1"	"IntAct"	"TLX1"
"M1"	"IntAct"	"PPARGC1A"
"M1"	"IntAct"	"MME"
"M1"	"IntAct"	"SSTR2"
"M1"	"IntAct"	"TGFA"
"M1"	"IntAct"	"CDA"
"M1"	"IntAct"	"AXIN2"
"M1"	"IntAct"	"DLG3"
"M1"	"IntAct"	"GHR"
"M1"	"IntAct"	"LEPR"
"M1"	"IntAct"	"GFRA1"
"M1"	"IntAct"	"RUNDC3B"
"M1"	"IntAct"	"KCNJ4"
"M1"	"IntAct"	"APBA1"
"M1"	"IntAct"	"BAMBI"
"M1"	"IntAct"	"SNAP25"
"M1"	"IntAct"	"ARNT2"
"M1"	"IntAct"	"FGF2"
"M1"	"IntAct"	"ACSL6"
"M1"	"IntAct"	"MAST1"
"M1"	"IntAct"	"TNIK"
"M1"	"IntAct"	"EPS8L1"
"M1"	"IntAct"	"NRXN2"
"M1"	"IntAct"	"GLS2"
"M1"	"IntAct"	"FGFR2"
"M1"	"IntAct"	"NAT2"
"M1"	"IntAct"	"ANGPTL4"
"M1"	"IntAct"	"S100A14"
"M1"	"IntAct"	"XK"
"M1"	"IntAct"	"SEPT4"
"M1"	"IntAct"	"EGLN3"
"M1"	"IntAct"	"TBX3"
"M1"	"IntAct"	"CYP11A1"
"M1"	"IntAct"	"ZNF83"
"M1"	"IntAct"	"VDR"
"M1"	"IntAct"	"SLC22A1"
"M1"	"IntAct"	"CTH"
"M1"	"IntAct"	"LEF1"
"M1"	"IntAct"	"ST14"
"M1"	"IntAct"	"ARNTL2"
"M1"	"IntAct"	"CYP2E1"
"M1"	"IntAct"	"CA12"
"M1"	"IntAct"	"SNAI2"
"M1"	"IntAct"	"PEG10"
"M1"	"IntAct"	"PLEKHH2"
"M1"	"IntAct"	"MPZ"
"M1"	"IntAct"	"MAL2"
"M1"	"IntAct"	"HOMER1"
"M1"	"IntAct"	"AKR7A3"
"M1"	"IntAct"	"MYH3"
"M1"	"IntAct"	"GREB1"
"M1"	"IntAct"	"SLC38A1"
"M1"	"IntAct"	"DDR1"
"M1"	"IntAct"	"GNAO1"
"M1"	"IntAct"	"GPX7"
"M1"	"IntAct"	"PYCR1"
"M1"	"IntAct"	"SYNGR1"
"M1"	"IntAct"	"CES1"
"M1"	"IntAct"	"SLC19A3"
"M1"	"IntAct"	"DMRTA1"
"M1"	"IntAct"	"DSG1"
"M1"	"IntAct"	"RGS2"
"M1"	"IntAct"	"TDO2"
"M1"	"IntAct"	"MNS1"
"M1"	"IntAct"	"CRYM"
"M1"	"IntAct"	"UGT1A1"
"M1"	"IntAct"	"GSPT2"
"M1"	"IntAct"	"MELTF"
"M1"	"IntAct"	"RAMP1"
"M1"	"IntAct"	"SPTBN4"
"M1"	"IntAct"	"ETNK2"
"M1"	"IntAct"	"STK39"
"M1"	"IntAct"	"PAPLN"
"M1"	"IntAct"	"NR1I3"
"M1"	"IntAct"	"CPS1"
"M1"	"IntAct"	"IGF1"
"M1"	"IntAct"	"NR1I2"
"M1"	"IntAct"	"ADAP1"
"M1"	"IntAct"	"THRSP"
"M1"	"IntAct"	"GOLM1"
"M1"	"IntAct"	"GLUL"
"M1"	"IntAct"	"CLDN2"
"M1"	"IntAct"	"OBSCN"
"M1"	"IntAct"	"FABP4"
"M1"	"IntAct"	"PDE9A"
"M1"	"IntAct"	"TPPP"
"M1"	"IntAct"	"CCDC158"
"M1"	"IntAct"	"FAM124B"
"M1"	"IntAct"	"UPP2"
"M1"	"IntAct"	"NOVA1"
"M1"	"IntAct"	"GCNT3"
"M1"	"IntAct"	"EDA"
"M1"	"IntAct"	"RBP5"
"M1"	"IntAct"	"SGCE"
"M1"	"IntAct"	"CMBL"
"M1"	"IntAct"	"ABAT"
"M1"	"IntAct"	"CYP2C9"
"M1"	"IntAct"	"IFNLR1"
"M1"	"IntAct"	"LINGO1"
"M1"	"IntAct"	"CYP17A1"
"M1"	"IntAct"	"CDKN1C"
"M1"	"IntAct"	"UGT1A4"
"M1"	"IntAct"	"CYP4F2"
"M1"	"IntAct"	"ADH1B"
"M1"	"IntAct"	"DNAJC12"
"M1"	"IntAct"	"SHD"
"M1"	"IntAct"	"MUC1"
"M1"	"IntAct"	"HBB"
"M1"	"IntAct"	"IGF2"
"M1"	"IntAct"	"CDCP1"
"M1"	"IntAct"	"MT2A"
"M1"	"IntAct"	"ACE2"
"M1"	"IntAct"	"LCAT"
"M1"	"IntAct"	"TRO"
"M1"	"IntAct"	"NPR2"
"M1"	"IntAct"	"ARFGEF3"
"M1"	"IntAct"	"GCGR"
"M1"	"IntAct"	"MLIP"
"M1"	"IntAct"	"SPTBN2"
"M1"	"IntAct"	"SLC25A47"
"M1"	"IntAct"	"IGFBP2"
"M1"	"IntAct"	"SEZ6L2"
"M1"	"IntAct"	"MT1G"
"M1"	"IntAct"	"ROBO1"
"M1"	"IntAct"	"MT1A"
"M1"	"IntAct"	"BICDL1"
"M1"	"IntAct"	"CYBA"
"M1"	"IntAct"	"AGXT2"
"M1"	"IntAct"	"LAD1"
"M1"	"IntAct"	"ACSL4"
"M1"	"IntAct"	"PFKFB1"
"M1"	"IntAct"	"ETV4"
"M1"	"IntAct"	"ANKS6"
"M1"	"IntAct"	"CPLX2"
"M1"	"IntAct"	"DCXR"
"M1"	"IntAct"	"FAM184A"
"M1"	"IntAct"	"SH3RF2"
"M1"	"IntAct"	"UBXN10"
"M1"	"IntAct"	"CDCA7"
"M1"	"IntAct"	"ABCG2"
"M1"	"IntAct"	"TYRO3"
"M1"	"IntAct"	"SPHK1"
"M1"	"IntAct"	"BCHE"
"M1"	"IntAct"	"SELE"
"M1"	"IntAct"	"HK2"
"M1"	"IntAct"	"EPS8L3"
"M1"	"IntAct"	"CYP1A1"
"M1"	"IntAct"	"ANKRD35"
"M1"	"IntAct"	"DBH"
"M1"	"IntAct"	"ADAMTSL3"
"M1"	"IntAct"	"MYH7B"
"M1"	"IntAct"	"ACY3"
"M1"	"IntAct"	"CCL20"
"M1"	"IntAct"	"TSKU"
"M1"	"IntAct"	"NEBL"
"M1"	"IntAct"	"EHF"
"M1"	"IntAct"	"ADRA1A"
"M1"	"IntAct"	"LAMB3"
"M1"	"IntAct"	"FAM171A1"
"M1"	"IntAct"	"S100P"
"M1"	"IntAct"	"MYRIP"
"M1"	"IntAct"	"GPR158"
"M1"	"IntAct"	"CHRNA4"
"M1"	"IntAct"	"PAPPA2"
"M1"	"IntAct"	"CYP4F11"
"M1"	"IntAct"	"TESC"
"M1"	"IntAct"	"TMPRSS3"
"M1"	"IntAct"	"COL26A1"
"M1"	"IntAct"	"CHRM3"
"M1"	"IntAct"	"GLYAT"
"M1"	"IntAct"	"EVA1A"
"M1"	"IntAct"	"ADRA1B"
"M1"	"IntAct"	"PKIB"
"M1"	"IntAct"	"CYP2J2"
"M1"	"IntAct"	"HSD17B14"
"M1"	"IntAct"	"AKR1C1"
"M1"	"IntAct"	"MYO16"
"M1"	"IntAct"	"AOX1"
"M1"	"IntAct"	"ARG2"
"M1"	"IntAct"	"SLC1A2"
"M1"	"IntAct"	"MAATS1"
"M1"	"IntAct"	"INAVA"
"M1"	"IntAct"	"ILDR2"
"M1"	"IntAct"	"SYBU"
"M1"	"IntAct"	"PLEKHG4"
"M1"	"IntAct"	"SUSD4"
"M1"	"IntAct"	"SCNN1A"
"M1"	"IntAct"	"ASPA"
"M1"	"IntAct"	"PLPP2"
"M1"	"IntAct"	"TTBK1"
"M1"	"IntAct"	"IRF6"
"M1"	"IntAct"	"TMEM25"
"M1"	"IntAct"	"SLC6A13"
"M1"	"IntAct"	"ZNF320"
"M1"	"IntAct"	"SOBP"
"M1"	"IntAct"	"PPP1R3G"
"M1"	"IntAct"	"BSPRY"
"M1"	"IntAct"	"RPL39L"
"M1"	"IntAct"	"ST6GALNAC2"
"M1"	"IntAct"	"TMEM30B"
"M1"	"IntAct"	"MT1M"
"M1"	"IntAct"	"IYD"
"M1"	"IntAct"	"ZNF331"
"M1"	"IntAct"	"ACSM5"
"M1"	"IntAct"	"ANO9"
"M1"	"IntAct"	"CPNE7"
"M1"	"IntAct"	"JAKMIP2"
"M1"	"IntAct"	"TCP10L"
"M1"	"IntAct"	"TMED3"
"M1"	"IntAct"	"EIF5A2"
"M1"	"IntAct"	"UGT2B10"
"M1"	"IntAct"	"GDF15"
"M1"	"IntAct"	"HOGA1"
"M1"	"IntAct"	"OASL"
"M1"	"IntAct"	"CYP2S1"
"M1"	"IntAct"	"C1orf116"
"M1"	"IntAct"	"NRSN2"
"M1"	"IntAct"	"BHMT"
"M1"	"IntAct"	"WNT5B"
"M1"	"IntAct"	"AQP9"
"M1"	"IntAct"	"ELOVL7"
"M1"	"IntAct"	"ANXA10"
"M1"	"IntAct"	"KCTD14"
"M1"	"IntAct"	"NPM2"
"M1"	"IntAct"	"RAP1GAP2"
"M1"	"IntAct"	"TMEM139"
"M1"	"IntAct"	"LIPG"
"M1"	"IntAct"	"RBM24"
"M1"	"IntAct"	"ZNF468"
"M1"	"IntAct"	"TMC5"
"M1"	"MINT_Mouse"	"RAB3D"
"M1"	"MINT_Mouse"	"ADRB2"
"M1"	"MINT_Mouse"	"DAB1"
"M1"	"MINT_Mouse"	"MAP2"
"M1"	"MINT_Mouse"	"SSTR2"
"M1"	"MINT_Mouse"	"CDA"
"M1"	"MINT_Mouse"	"LEPR"
"M1"	"MINT_Mouse"	"SNAP25"
"M1"	"MINT_Mouse"	"SSTR1"
"M1"	"MINT_Mouse"	"NRCAM"
"M1"	"MINT_Mouse"	"DDR1"
"M1"	"MINT_Mouse"	"RGS2"
"M1"	"MINT_Mouse"	"IGF1"
"M1"	"MINT_Mouse"	"CLDN2"
"M1"	"MINT_Mouse"	"KCNB1"
"M1"	"MINT_Mouse"	"CLDN4"
"M1"	"MINT_Mouse"	"ACY3"
"M1"	"MINT_Mouse"	"MYO16"
"M1"	"MINT_Mouse"	"CD5L"
"M1"	"MINT_Mouse"	"FNDC5"
"M1"	"INNATEDB"	"SLC2A4"
"M1"	"INNATEDB"	"EHHADH"
"M1"	"INNATEDB"	"ADRB2"
"M1"	"INNATEDB"	"NECAB2"
"M1"	"INNATEDB"	"BEX3"
"M1"	"INNATEDB"	"ASNS"
"M1"	"INNATEDB"	"ESR1"
"M1"	"INNATEDB"	"AR"
"M1"	"INNATEDB"	"LYZ"
"M1"	"INNATEDB"	"GADD45G"
"M1"	"INNATEDB"	"PIGR"
"M1"	"INNATEDB"	"ABCB1"
"M1"	"INNATEDB"	"SULT1E1"
"M1"	"INNATEDB"	"CD36"
"M1"	"INNATEDB"	"ZBTB16"
"M1"	"INNATEDB"	"CYP3A4"
"M1"	"INNATEDB"	"PPARGC1A"
"M1"	"INNATEDB"	"TGFA"
"M1"	"INNATEDB"	"ACKR2"
"M1"	"INNATEDB"	"GHR"
"M1"	"INNATEDB"	"RUNDC3B"
"M1"	"INNATEDB"	"KCNJ4"
"M1"	"INNATEDB"	"SSTR1"
"M1"	"INNATEDB"	"SCN4A"
"M1"	"INNATEDB"	"FGF2"
"M1"	"INNATEDB"	"TNIK"
"M1"	"INNATEDB"	"FGFR2"
"M1"	"INNATEDB"	"SEPT4"
"M1"	"INNATEDB"	"EGLN3"
"M1"	"INNATEDB"	"VDR"
"M1"	"INNATEDB"	"LEF1"
"M1"	"INNATEDB"	"SNAI2"
"M1"	"INNATEDB"	"GREB1"
"M1"	"INNATEDB"	"DDR1"
"M1"	"INNATEDB"	"CRYM"
"M1"	"INNATEDB"	"STK39"
"M1"	"INNATEDB"	"NR1I2"
"M1"	"INNATEDB"	"ADAP1"
"M1"	"INNATEDB"	"RBP5"
"M1"	"INNATEDB"	"TNFSF15"
"M1"	"INNATEDB"	"CDKN1C"
"M1"	"INNATEDB"	"MUC1"
"M1"	"INNATEDB"	"CYBA"
"M1"	"INNATEDB"	"AGXT2"
"M1"	"INNATEDB"	"SLC7A1"
"M1"	"INNATEDB"	"ART4"
"M1"	"INNATEDB"	"ABCG2"
"M1"	"INNATEDB"	"TYRO3"
"M1"	"INNATEDB"	"SELE"
"M1"	"INNATEDB"	"CYP1A1"
"M1"	"INNATEDB"	"KLF5"
"M1"	"INNATEDB"	"PDK4"
"M1"	"INNATEDB"	"ADRA2C"
"M1"	"INNATEDB"	"CCL20"
"M1"	"INNATEDB"	"IL27"
"M1"	"INNATEDB"	"TSKU"
"M1"	"INNATEDB"	"FOXQ1"
"M1"	"INNATEDB"	"MYRIP"
"M1"	"INNATEDB"	"KCNIP3"
"M1"	"INNATEDB"	"SLC6A12"
"M1"	"INNATEDB"	"MCHR1"
"M1"	"INNATEDB"	"CYP4F11"
"M1"	"INNATEDB"	"TESC"
"M1"	"INNATEDB"	"OGDHL"
"M1"	"INNATEDB"	"IRF6"
"M1"	"INNATEDB"	"ZNF28"
"M1"	"INNATEDB"	"ASAH2"
"M1"	"INNATEDB"	"TFF3"
"M1"	"INNATEDB"	"CUX2"
"M1"	"INNATEDB"	"AQP9"
"M1"	"BEHRENDS_AUTOPHAGY_LOW"	"PRKAA2"
"M1"	"MINT"	"SLC2A4"
"M1"	"MINT"	"ADRB2"
"M1"	"MINT"	"PRKAA2"
"M1"	"MINT"	"DAB1"
"M1"	"MINT"	"NECAB2"
"M1"	"MINT"	"OLFM2"
"M1"	"MINT"	"ESR1"
"M1"	"MINT"	"KRT19"
"M1"	"MINT"	"AR"
"M1"	"MINT"	"LYZ"
"M1"	"MINT"	"CKB"
"M1"	"MINT"	"GIPC2"
"M1"	"MINT"	"GADD45G"
"M1"	"MINT"	"WNK2"
"M1"	"MINT"	"SULT1E1"
"M1"	"MINT"	"ZBTB16"
"M1"	"MINT"	"ITGA2"
"M1"	"MINT"	"VIPR1"
"M1"	"MINT"	"MAP2"
"M1"	"MINT"	"PPARGC1A"
"M1"	"MINT"	"MME"
"M1"	"MINT"	"AXIN2"
"M1"	"MINT"	"DLG3"
"M1"	"MINT"	"GHR"
"M1"	"MINT"	"LEPR"
"M1"	"MINT"	"KCNJ4"
"M1"	"MINT"	"APBA1"
"M1"	"MINT"	"SNAP25"
"M1"	"MINT"	"FGFR2"
"M1"	"MINT"	"S100A14"
"M1"	"MINT"	"VDR"
"M1"	"MINT"	"CTH"
"M1"	"MINT"	"ST14"
"M1"	"MINT"	"PEG10"
"M1"	"MINT"	"MPZ"
"M1"	"MINT"	"HOMER1"
"M1"	"MINT"	"AKR7A3"
"M1"	"MINT"	"DDR1"
"M1"	"MINT"	"GNAO1"
"M1"	"MINT"	"GPX7"
"M1"	"MINT"	"SYNGR1"
"M1"	"MINT"	"CES1"
"M1"	"MINT"	"SLC19A3"
"M1"	"MINT"	"ACSL5"
"M1"	"MINT"	"RGS2"
"M1"	"MINT"	"GPD1"
"M1"	"MINT"	"STK39"
"M1"	"MINT"	"GOLM1"
"M1"	"MINT"	"GLUL"
"M1"	"MINT"	"CLDN2"
"M1"	"MINT"	"OBSCN"
"M1"	"MINT"	"FABP4"
"M1"	"MINT"	"PDE9A"
"M1"	"MINT"	"TPPP"
"M1"	"MINT"	"NOVA1"
"M1"	"MINT"	"LINGO1"
"M1"	"MINT"	"CDKN1C"
"M1"	"MINT"	"MUC1"
"M1"	"MINT"	"IGF2"
"M1"	"MINT"	"MT1A"
"M1"	"MINT"	"CYBA"
"M1"	"MINT"	"LRRC1"
"M1"	"MINT"	"ABCG2"
"M1"	"MINT"	"TYRO3"
"M1"	"MINT"	"SELE"
"M1"	"MINT"	"HK2"
"M1"	"MINT"	"KLF5"
"M1"	"MINT"	"ACY3"
"M1"	"MINT"	"BMP8B"
"M1"	"MINT"	"NEBL"
"M1"	"MINT"	"MYRIP"
"M1"	"MINT"	"KCNIP3"
"M1"	"MINT"	"TESC"
"M1"	"MINT"	"TMPRSS3"
"M1"	"MINT"	"CHRM3"
"M1"	"MINT"	"GLYAT"
"M1"	"MINT"	"EVA1A"
"M1"	"MINT"	"ADRA1B"
"M1"	"MINT"	"PPP1R9A"
"M1"	"MINT"	"HSD17B14"
"M1"	"MINT"	"MYO16"
"M1"	"MINT"	"LAMA3"
"M1"	"MINT"	"PTK7"
"M1"	"MINT"	"SCNN1A"
"M1"	"MINT"	"ASPA"
"M1"	"MINT"	"PLPP2"
"M1"	"MINT"	"JAKMIP2"
"M1"	"MINT"	"PDZK1IP1"
"M1"	"MINT"	"CYP2S1"
"M1"	"MINT"	"BHMT"
"M1"	"MINT"	"NAGS"
"M1"	"BioGrid_Fly"	"NTN1"
"M1"	"BioGrid_Fly"	"TAT"
"M1"	"BioGrid_Fly"	"HPD"
"M1"	"BioGrid_Fly"	"SPARCL1"
"M1"	"BioGrid_Fly"	"CYP3A4"
"M1"	"BioGrid_Fly"	"RAB26"
"M1"	"BioGrid_Fly"	"ACSS3"
"M1"	"BioGrid_Fly"	"SNRPN"
"M1"	"BioGrid_Fly"	"HLF"
"M1"	"BioGrid_Fly"	"SSTR2"
"M1"	"BioGrid_Fly"	"TREH"
"M1"	"BioGrid_Fly"	"SNAP25"
"M1"	"BioGrid_Fly"	"CDS1"
"M1"	"BioGrid_Fly"	"NRCAM"
"M1"	"BioGrid_Fly"	"GNAO1"
"M1"	"BioGrid_Fly"	"ETNPPL"
"M1"	"BioGrid_Fly"	"PYCR1"
"M1"	"BioGrid_Fly"	"CRYM"
"M1"	"BioGrid_Fly"	"MELTF"
"M1"	"BioGrid_Fly"	"GPD1"
"M1"	"BioGrid_Fly"	"PAPLN"
"M1"	"BioGrid_Fly"	"NR1I2"
"M1"	"BioGrid_Fly"	"GLUL"
"M1"	"BioGrid_Fly"	"TPPP"
"M1"	"BioGrid_Fly"	"DNAJC12"
"M1"	"BioGrid_Fly"	"ROBO1"
"M1"	"BioGrid_Fly"	"PHYHD1"
"M1"	"BioGrid_Fly"	"ABCG2"
"M1"	"BioGrid_Fly"	"SPHK1"
"M1"	"BioGrid_Fly"	"AASS"
"M1"	"BioGrid_Fly"	"ASAH2"
"M1"	"BioGrid_Fly"	"ADCY1"
"M1"	"BIND_Fly"	"TAT"
"M1"	"BIND_Fly"	"HPD"
"M1"	"BIND_Fly"	"SPARCL1"
"M1"	"BIND_Fly"	"CYP3A4"
"M1"	"BIND_Fly"	"RAB26"
"M1"	"BIND_Fly"	"SNRPN"
"M1"	"BIND_Fly"	"SSTR2"
"M1"	"BIND_Fly"	"FGFR2"
"M1"	"BIND_Fly"	"GNAO1"
"M1"	"BIND_Fly"	"PYCR1"
"M1"	"BIND_Fly"	"MELTF"
"M1"	"BIND_Fly"	"PAPLN"
"M1"	"BIND_Fly"	"NR1I2"
"M1"	"BIND_Fly"	"TPPP"
"M1"	"BIND_Fly"	"DNAJC12"
"M1"	"BIND_Fly"	"ROBO1"
"M1"	"BIND_Fly"	"PHYHD1"
"M1"	"BIND_Fly"	"ASAH2"
"M1"	"FlyHigh"	"HPD"
"M1"	"FlyHigh"	"SNRPN"
"M1"	"FlyHigh"	"GNAO1"
"M1"	"FlyHigh"	"DNAJC12"
"M1"	"FlyHigh"	"PHYHD1"
"M1"	"IntAct_Mouse"	"SLC2A4"
"M1"	"IntAct_Mouse"	"NTN1"
"M1"	"IntAct_Mouse"	"DAB1"
"M1"	"IntAct_Mouse"	"SPARCL1"
"M1"	"IntAct_Mouse"	"GIPC2"
"M1"	"IntAct_Mouse"	"NKD1"
"M1"	"IntAct_Mouse"	"PCK1"
"M1"	"IntAct_Mouse"	"HSD11B1"
"M1"	"IntAct_Mouse"	"HLF"
"M1"	"IntAct_Mouse"	"MAP2"
"M1"	"IntAct_Mouse"	"PPARGC1A"
"M1"	"IntAct_Mouse"	"SSTR2"
"M1"	"IntAct_Mouse"	"TGFA"
"M1"	"IntAct_Mouse"	"CDA"
"M1"	"IntAct_Mouse"	"AXIN2"
"M1"	"IntAct_Mouse"	"DLG3"
"M1"	"IntAct_Mouse"	"WNK4"
"M1"	"IntAct_Mouse"	"LEPR"
"M1"	"IntAct_Mouse"	"APBA1"
"M1"	"IntAct_Mouse"	"SNAP25"
"M1"	"IntAct_Mouse"	"SSTR1"
"M1"	"IntAct_Mouse"	"ARNT2"
"M1"	"IntAct_Mouse"	"TNIK"
"M1"	"IntAct_Mouse"	"VDR"
"M1"	"IntAct_Mouse"	"LEF1"
"M1"	"IntAct_Mouse"	"PLEKHH2"
"M1"	"IntAct_Mouse"	"NRCAM"
"M1"	"IntAct_Mouse"	"MPZ"
"M1"	"IntAct_Mouse"	"DDR1"
"M1"	"IntAct_Mouse"	"GNAO1"
"M1"	"IntAct_Mouse"	"RGS2"
"M1"	"IntAct_Mouse"	"CRYM"
"M1"	"IntAct_Mouse"	"CPS1"
"M1"	"IntAct_Mouse"	"GLUL"
"M1"	"IntAct_Mouse"	"CLDN2"
"M1"	"IntAct_Mouse"	"KCNB1"
"M1"	"IntAct_Mouse"	"MLIP"
"M1"	"IntAct_Mouse"	"MTTP"
"M1"	"IntAct_Mouse"	"CLDN4"
"M1"	"IntAct_Mouse"	"SOX4"
"M1"	"IntAct_Mouse"	"BICDL1"
"M1"	"IntAct_Mouse"	"KLF5"
"M1"	"IntAct_Mouse"	"ACY3"
"M1"	"IntAct_Mouse"	"MYO16"
"M1"	"IntAct_Mouse"	"CD5L"
"M1"	"IntAct_Mouse"	"ELMO3"
"M1"	"IntAct_Rat"	"SLC2A4"
"M1"	"IntAct_Rat"	"EHHADH"
"M1"	"IntAct_Rat"	"ESR1"
"M1"	"IntAct_Rat"	"ABCB11"
"M1"	"IntAct_Rat"	"ABCB4"
"M1"	"IntAct_Rat"	"SSTR2"
"M1"	"IntAct_Rat"	"DLG3"
"M1"	"IntAct_Rat"	"APBA1"
"M1"	"IntAct_Rat"	"SNAP25"
"M1"	"IntAct_Rat"	"MAST1"
"M1"	"IntAct_Rat"	"NRXN2"
"M1"	"IntAct_Rat"	"SLC22A1"
"M1"	"IntAct_Rat"	"HOMER1"
"M1"	"IntAct_Rat"	"GNAO1"
"M1"	"IntAct_Rat"	"KCNB1"
"M1"	"IntAct_Rat"	"ROBO1"
"M1"	"IntAct_Rat"	"PFKFB1"
"M1"	"IntAct_Rat"	"CNKSR2"
"M1"	"IntAct_Rat"	"CHRM3"
"M1"	"IntAct_Rat"	"PPP1R9A"
"M1"	"IntAct_Rat"	"TTC39A"
"M1"	"I2D-c_Fiona_HUMAN"	"ESR1"
"M1"	"I2D-c_Fiona_HUMAN"	"AR"
"M1"	"I2D-c_Fiona_HUMAN"	"VDR"
"M1"	"I2D-c_Fiona_HUMAN"	"MUC1"
"M1"	"BCI"	"ADRB2"
"M1"	"BCI"	"ESR1"
"M1"	"BCI"	"RBP1"
"M1"	"BCI"	"PIGR"
"M1"	"BCI"	"ABCB1"
"M1"	"BCI"	"ABCB4"
"M1"	"BCI"	"MAPK13"
"M1"	"BCI"	"INSIG1"
"M1"	"BCI"	"TLX1"
"M1"	"BCI"	"MME"
"M1"	"BCI"	"ACKR2"
"M1"	"BCI"	"LEPR"
"M1"	"BCI"	"KCNJ4"
"M1"	"BCI"	"SCN4A"
"M1"	"BCI"	"VDR"
"M1"	"BCI"	"CYP2E1"
"M1"	"BCI"	"MPZ"
"M1"	"BCI"	"HOMER1"
"M1"	"BCI"	"DDR1"
"M1"	"BCI"	"RGS2"
"M1"	"BCI"	"GPD1"
"M1"	"BCI"	"IGF1"
"M1"	"BCI"	"SOX9"
"M1"	"BCI"	"NR1I2"
"M1"	"BCI"	"GLUL"
"M1"	"BCI"	"FABP4"
"M1"	"BCI"	"EDA"
"M1"	"BCI"	"CYP17A1"
"M1"	"BCI"	"CDKN1C"
"M1"	"BCI"	"MUC1"
"M1"	"BCI"	"IGF2"
"M1"	"BCI"	"MT2A"
"M1"	"BCI"	"COL9A2"
"M1"	"BCI"	"IGFBP2"
"M1"	"BCI"	"MT1G"
"M1"	"BCI"	"SOX4"
"M1"	"BCI"	"CYBA"
"M1"	"BCI"	"CACNA1D"
"M1"	"BCI"	"EPB41L1"
"M1"	"BCI"	"TYRO3"
"M1"	"BCI"	"HK2"
"M1"	"BCI"	"KLF5"
"M1"	"BCI"	"ADRA2C"
"M1"	"BCI"	"SPINK1"
"M1"	"BCI"	"SPINT1"
"M1"	"BIND"	"SLC2A4"
"M1"	"BIND"	"ADRB2"
"M1"	"BIND"	"ESR1"
"M1"	"BIND"	"AR"
"M1"	"BIND"	"GADD45G"
"M1"	"BIND"	"PIGR"
"M1"	"BIND"	"RAB27B"
"M1"	"BIND"	"HSD11B1"
"M1"	"BIND"	"HLF"
"M1"	"BIND"	"ITGA2"
"M1"	"BIND"	"TLX1"
"M1"	"BIND"	"CDA"
"M1"	"BIND"	"GHR"
"M1"	"BIND"	"APBA1"
"M1"	"BIND"	"SCN4A"
"M1"	"BIND"	"ARNT2"
"M1"	"BIND"	"FGFR2"
"M1"	"BIND"	"SEPT4"
"M1"	"BIND"	"VDR"
"M1"	"BIND"	"LEF1"
"M1"	"BIND"	"ST14"
"M1"	"BIND"	"CA12"
"M1"	"BIND"	"NRCAM"
"M1"	"BIND"	"DDR1"
"M1"	"BIND"	"CES1"
"M1"	"BIND"	"KCNJ11"
"M1"	"BIND"	"NR1I3"
"M1"	"BIND"	"NR1I2"
"M1"	"BIND"	"EDA"
"M1"	"BIND"	"LINGO1"
"M1"	"BIND"	"ADH1B"
"M1"	"BIND"	"ADH1C"
"M1"	"BIND"	"HBB"
"M1"	"BIND"	"IGF2"
"M1"	"BIND"	"DCXR"
"M1"	"BIND"	"HK2"
"M1"	"BIND"	"GSTM1"
"M1"	"BIND"	"ADRA1A"
"M1"	"BIND"	"S100P"
"M1"	"BIND"	"CHRNA4"
"M1"	"BIND"	"HSD17B14"
"M1"	"BIND"	"AKR1C1"
"M1"	"BIND"	"SLC1A2"
"M1"	"BIND"	"CHI3L1"
"M1"	"BIND"	"AKR1C2"
"M1"	"BIND"	"SCN9A"
"M1"	"BIND"	"TFF3"
"M1"	"BIND"	"SPINT1"
"M1"	"BIND"	"TCP10L"
"M1"	"BIND"	"BHMT"
"M1"	"VidalHuman_core"	"NECAB2"
"M1"	"VidalHuman_core"	"KRT19"
"M1"	"VidalHuman_core"	"SULT1E1"
"M1"	"VidalHuman_core"	"ZBTB16"
"M1"	"VidalHuman_core"	"SNAP25"
"M1"	"VidalHuman_core"	"CTH"
"M1"	"VidalHuman_core"	"HOMER1"
"M1"	"VidalHuman_core"	"AKR7A3"
"M1"	"VidalHuman_core"	"GPX7"
"M1"	"VidalHuman_core"	"TDO2"
"M1"	"VidalHuman_core"	"GLUL"
"M1"	"VidalHuman_core"	"CLDN2"
"M1"	"VidalHuman_core"	"PDE9A"
"M1"	"VidalHuman_core"	"COL9A2"
"M1"	"VidalHuman_core"	"HK2"
"M1"	"VidalHuman_core"	"KCNIP3"
"M1"	"VidalHuman_core"	"TESC"
"M1"	"VidalHuman_core"	"HSD17B14"
"M1"	"VidalHuman_core"	"ASPA"
"M1"	"VidalHuman_core"	"JAKMIP2"
"M1"	"VidalHuman_core"	"BHMT"
"M1"	"Miller_WntLumier"	"NKD1"
"M1"	"Miller_WntLumier"	"AXIN2"
"M1"	"SOURAV_MAPK_LOW"	"MAPK13"
"M1"	"SOURAV_MAPK_LOW"	"GLUL"
"M1"	"MINT_Fly"	"TAT"
"M1"	"MINT_Fly"	"SPARCL1"
"M1"	"MINT_Fly"	"CYP3A4"
"M1"	"MINT_Fly"	"RAB26"
"M1"	"MINT_Fly"	"SNRPN"
"M1"	"MINT_Fly"	"SSTR2"
"M1"	"MINT_Fly"	"ETNPPL"
"M1"	"MINT_Fly"	"PYCR1"
"M1"	"MINT_Fly"	"PAPLN"
"M1"	"MINT_Fly"	"TPPP"
"M1"	"MINT_Fly"	"DNAJC12"
"M1"	"MINT_Fly"	"PTK7"
"M1"	"MINT_Fly"	"ASAH2"
"M1"	"MINT_Fly"	"IYD"
"M1"	"MINT_Fly"	"AMACR"
"M1"	"MINT_Fly"	"ANO1"
"M1"	"VidalHuman_non_core"	"BBOX1"
"M1"	"VidalHuman_non_core"	"NECAB2"
"M1"	"VidalHuman_non_core"	"KRT19"
"M1"	"VidalHuman_non_core"	"SULT1E1"
"M1"	"VidalHuman_non_core"	"ZBTB16"
"M1"	"VidalHuman_non_core"	"SNRPN"
"M1"	"VidalHuman_non_core"	"AKR7A3"
"M1"	"VidalHuman_non_core"	"CES1"
"M1"	"VidalHuman_non_core"	"ETNK2"
"M1"	"INNATEDB_Mouse"	"ESR1"
"M1"	"INNATEDB_Mouse"	"AR"
"M1"	"INNATEDB_Mouse"	"ZBTB16"
"M1"	"INNATEDB_Mouse"	"PPARGC1A"
"M1"	"INNATEDB_Mouse"	"ACKR2"
"M1"	"INNATEDB_Mouse"	"LEPR"
"M1"	"INNATEDB_Mouse"	"KCNJ4"
"M1"	"INNATEDB_Mouse"	"PODXL2"
"M1"	"INNATEDB_Mouse"	"EGLN3"
"M1"	"INNATEDB_Mouse"	"LEF1"
"M1"	"INNATEDB_Mouse"	"SNAI2"
"M1"	"INNATEDB_Mouse"	"RGS2"
"M1"	"INNATEDB_Mouse"	"SOX9"
"M1"	"INNATEDB_Mouse"	"NR1I2"
"M1"	"INNATEDB_Mouse"	"IFNLR1"
"M1"	"INNATEDB_Mouse"	"CYP4F2"
"M1"	"INNATEDB_Mouse"	"GBP7"
"M1"	"INNATEDB_Mouse"	"CDCA7"
"M1"	"INNATEDB_Mouse"	"TYRO3"
"M1"	"INNATEDB_Mouse"	"NEURL3"
"M1"	"INNATEDB_Mouse"	"GPR158"
"M1"	"INNATEDB_Mouse"	"C1QTNF3"
"M1"	"INNATEDB_Mouse"	"ARG2"
"M1"	"INNATEDB_Mouse"	"GPR88"
"M1"	"DIP_Fly"	"TAT"
"M1"	"DIP_Fly"	"HPD"
"M1"	"DIP_Fly"	"SPARCL1"
"M1"	"DIP_Fly"	"CYP3A4"
"M1"	"DIP_Fly"	"RAB26"
"M1"	"DIP_Fly"	"SNRPN"
"M1"	"DIP_Fly"	"SSTR2"
"M1"	"DIP_Fly"	"TREH"
"M1"	"DIP_Fly"	"CDS1"
"M1"	"DIP_Fly"	"CTH"
"M1"	"DIP_Fly"	"NRCAM"
"M1"	"DIP_Fly"	"GNAO1"
"M1"	"DIP_Fly"	"PYCR1"
"M1"	"DIP_Fly"	"MELTF"
"M1"	"DIP_Fly"	"GPD1"
"M1"	"DIP_Fly"	"PAPLN"
"M1"	"DIP_Fly"	"NR1I2"
"M1"	"DIP_Fly"	"GLUL"
"M1"	"DIP_Fly"	"TPPP"
"M1"	"DIP_Fly"	"ROBO1"
"M1"	"DIP_Fly"	"TTC36"
"M1"	"DIP_Fly"	"IYD"
"M1"	"DIP_Fly"	"ANO1"
"M1"	"BioGrid_Yeast"	"PRKAA2"
"M1"	"BioGrid_Yeast"	"CDA"
"M1"	"BioGrid_Yeast"	"SEC14L2"
"M1"	"BioGrid_Yeast"	"GPT2"
"M1"	"BioGrid_Yeast"	"SEPT4"
"M1"	"BioGrid_Yeast"	"HAO2"
"M1"	"BioGrid_Yeast"	"CTH"
"M1"	"BioGrid_Yeast"	"SLC25A34"
"M1"	"BioGrid_Yeast"	"GPX7"
"M1"	"BioGrid_Yeast"	"GLUL"
"M1"	"BioGrid_Yeast"	"ABAT"
"M1"	"BioGrid_Yeast"	"ABCG2"
"M1"	"BioGrid_Yeast"	"AASS"
"M1"	"BioGrid_Yeast"	"GPT"
"M1"	"BioGrid_Yeast"	"GGT1"
"M1"	"BioGrid_Yeast"	"ABHD1"
"M1"	"BioGrid_Mouse"	"SLC2A4"
"M1"	"BioGrid_Mouse"	"DAB1"
"M1"	"BioGrid_Mouse"	"ESR1"
"M1"	"BioGrid_Mouse"	"NKX3-1"
"M1"	"BioGrid_Mouse"	"AR"
"M1"	"BioGrid_Mouse"	"RBP1"
"M1"	"BioGrid_Mouse"	"ZBTB16"
"M1"	"BioGrid_Mouse"	"HLF"
"M1"	"BioGrid_Mouse"	"MAP2"
"M1"	"BioGrid_Mouse"	"PPARGC1A"
"M1"	"BioGrid_Mouse"	"MME"
"M1"	"BioGrid_Mouse"	"AXIN2"
"M1"	"BioGrid_Mouse"	"DLG3"
"M1"	"BioGrid_Mouse"	"LEPR"
"M1"	"BioGrid_Mouse"	"APBA1"
"M1"	"BioGrid_Mouse"	"SNAP25"
"M1"	"BioGrid_Mouse"	"FBXO2"
"M1"	"BioGrid_Mouse"	"FGF2"
"M1"	"BioGrid_Mouse"	"SEPT4"
"M1"	"BioGrid_Mouse"	"VDR"
"M1"	"BioGrid_Mouse"	"LEF1"
"M1"	"BioGrid_Mouse"	"NRCAM"
"M1"	"BioGrid_Mouse"	"HOMER1"
"M1"	"BioGrid_Mouse"	"MYH3"
"M1"	"BioGrid_Mouse"	"GNAO1"
"M1"	"BioGrid_Mouse"	"NR1I3"
"M1"	"BioGrid_Mouse"	"SOX9"
"M1"	"BioGrid_Mouse"	"NR1I2"
"M1"	"BioGrid_Mouse"	"NOVA1"
"M1"	"BioGrid_Mouse"	"KCNB1"
"M1"	"BioGrid_Mouse"	"ZIC1"
"M1"	"BioGrid_Mouse"	"NPR2"
"M1"	"BioGrid_Mouse"	"MLIP"
"M1"	"BioGrid_Mouse"	"ROBO1"
"M1"	"BioGrid_Mouse"	"CACNA1D"
"M1"	"BioGrid_Mouse"	"EPB41L1"
"M1"	"BioGrid_Mouse"	"USH2A"
"M1"	"BioGrid_Mouse"	"FOXQ1"
"M1"	"BioGrid_Mouse"	"EHF"
"M1"	"BioGrid_Mouse"	"HNF1B"
"M1"	"BioGrid_Mouse"	"KCNIP3"
"M1"	"BioGrid_Mouse"	"CHRNA4"
"M1"	"BioGrid_Mouse"	"SLC1A2"
"M1"	"BioGrid_Mouse"	"TRPM8"
"M1"	"YeastMedium"	"CDA"
"M1"	"YeastMedium"	"GPT2"
"M1"	"YeastMedium"	"CDS1"
"M1"	"YeastMedium"	"HAO2"
"M1"	"YeastMedium"	"OTC"
"M1"	"YeastMedium"	"ABAT"
"M1"	"YeastMedium"	"GPT"
"M1"	"YeastMedium"	"FGGY"
"M1"	"StelzlLow"	"OLFM2"
"M1"	"StelzlLow"	"MPZ"
"M1"	"StelzlLow"	"DDR1"
"M1"	"StelzlLow"	"RGS2"
"M1"	"StelzlLow"	"GOLM1"
"M1"	"StelzlLow"	"NOVA1"
"M1"	"StelzlLow"	"SUSD4"
"M1"	"StelzlLow"	"NAGS"
"M1"	"DIP"	"NTN1"
"M1"	"DIP"	"ESR1"
"M1"	"DIP"	"KRT19"
"M1"	"DIP"	"AR"
"M1"	"DIP"	"NKD1"
"M1"	"DIP"	"ZBTB16"
"M1"	"DIP"	"INSIG1"
"M1"	"DIP"	"HSD11B1"
"M1"	"DIP"	"ITGA2"
"M1"	"DIP"	"MAP2"
"M1"	"DIP"	"PPARGC1A"
"M1"	"DIP"	"TGFA"
"M1"	"DIP"	"GHR"
"M1"	"DIP"	"LEPR"
"M1"	"DIP"	"GFRA1"
"M1"	"DIP"	"SNAP25"
"M1"	"DIP"	"FGF2"
"M1"	"DIP"	"TNIK"
"M1"	"DIP"	"FGFR2"
"M1"	"DIP"	"VDR"
"M1"	"DIP"	"LEF1"
"M1"	"DIP"	"DDR1"
"M1"	"DIP"	"DSG2"
"M1"	"DIP"	"KCNJ11"
"M1"	"DIP"	"IGF1"
"M1"	"DIP"	"ADAP1"
"M1"	"DIP"	"GLUL"
"M1"	"DIP"	"TNFSF15"
"M1"	"DIP"	"LINGO1"
"M1"	"DIP"	"HBB"
"M1"	"DIP"	"IGF2"
"M1"	"DIP"	"CDCP1"
"M1"	"DIP"	"ROBO1"
"M1"	"DIP"	"SOX4"
"M1"	"DIP"	"ETV4"
"M1"	"DIP"	"ABCG2"
"M1"	"DIP"	"BCHE"
"M1"	"DIP"	"SELE"
"M1"	"DIP"	"HK2"
"M1"	"DIP"	"CCL20"
"M1"	"DIP"	"ADRA1B"
"M1"	"DIP"	"CCL16"
"M1"	"DIP"	"ASPA"
"M1"	"DIP"	"SPINT1"
"M1"	"BIND_Rat"	"ADRB2"
"M1"	"BIND_Rat"	"HPD"
"M1"	"BIND_Rat"	"AR"
"M1"	"BIND_Rat"	"CKB"
"M1"	"BIND_Rat"	"AXIN2"
"M1"	"BIND_Rat"	"DLG3"
"M1"	"BIND_Rat"	"KCNJ4"
"M1"	"BIND_Rat"	"APBA1"
"M1"	"BIND_Rat"	"SNAP25"
"M1"	"BIND_Rat"	"NRXN2"
"M1"	"BIND_Rat"	"HAO2"
"M1"	"BIND_Rat"	"MPZ"
"M1"	"BIND_Rat"	"HOMER1"
"M1"	"BIND_Rat"	"AKR7A3"
"M1"	"BIND_Rat"	"PFKFB1"
"M1"	"BIND_Rat"	"CNKSR2"
"M1"	"BIND_Rat"	"ALDH3A1"
"M1"	"BIND_Rat"	"SDS"
"M1"	"BIND_Rat"	"CHRM3"
"M1"	"BIND_Rat"	"PPP1R9A"
"M1"	"BIND_Rat"	"BHMT"
"M1"	"BioGrid_Rat"	"ADRB2"
"M1"	"BioGrid_Rat"	"PRKAA2"
"M1"	"BioGrid_Rat"	"DAB1"
"M1"	"BioGrid_Rat"	"ESR1"
"M1"	"BioGrid_Rat"	"ABCB11"
"M1"	"BioGrid_Rat"	"SSTR2"
"M1"	"BioGrid_Rat"	"GFRA1"
"M1"	"BioGrid_Rat"	"APBA1"
"M1"	"BioGrid_Rat"	"SNAP25"
"M1"	"BioGrid_Rat"	"FBXO2"
"M1"	"BioGrid_Rat"	"NRXN2"
"M1"	"BioGrid_Rat"	"CYP2E1"
"M1"	"BioGrid_Rat"	"HOMER1"
"M1"	"BioGrid_Rat"	"GNAO1"
"M1"	"BioGrid_Rat"	"MMP11"
"M1"	"BioGrid_Rat"	"KCNB1"
"M1"	"BioGrid_Rat"	"CYP1A1"
"M1"	"BioGrid_Rat"	"KCNIP3"
"M1"	"IntAct_Worm"	"TAT"
"M1"	"IntAct_Worm"	"SNRPN"
"M1"	"IntAct_Worm"	"EPS8L1"
"M1"	"IntAct_Worm"	"TDO2"
"M1"	"IntAct_Worm"	"GSPT2"
"M1"	"IntAct_Worm"	"GPD1"
"M1"	"IntAct_Worm"	"ECHDC3"
"M1"	"IntAct_Worm"	"ANXA13"
"M1"	"IntAct_Worm"	"LDHD"
"M1"	"DIP_Mouse"	"ADRB2"
"M1"	"DIP_Mouse"	"DAB1"
"M1"	"DIP_Mouse"	"AR"
"M1"	"DIP_Mouse"	"RAB27B"
"M1"	"DIP_Mouse"	"DLG3"
"M1"	"DIP_Mouse"	"GHR"
"M1"	"DIP_Mouse"	"LEPR"
"M1"	"DIP_Mouse"	"SNAP25"
"M1"	"DIP_Mouse"	"VDR"
"M1"	"DIP_Mouse"	"LEF1"
"M1"	"DIP_Mouse"	"KCNJ11"
"M1"	"DIP_Mouse"	"THRSP"
"M1"	"DIP_Mouse"	"LINGO1"
"M1"	"DIP_Mouse"	"SELE"
"M1"	"DIP_Mouse"	"ACY3"
"M1"	"DIP_Mouse"	"GREM2"
"M1"	"DIP_Mouse"	"CHRNA4"
"M1"	"DIP_Mouse"	"SCNN1A"
"M1"	"DIP_Mouse"	"LYPD1"
"M1"	"DIP_Mouse"	"BAIAP2L2"
"M1"	"DIP_Rat"	"ESR1"
"M1"	"DIP_Rat"	"AR"
"M1"	"DIP_Rat"	"SNAP25"
"M1"	"DIP_Rat"	"CPLX2"
"M1"	"DIP_Rat"	"HK2"
"M1"	"DIP_Rat"	"ARG2"
"M1"	"DIP_Rat"	"ASPA"
"M1"	"Nakahira_Septin"	"SEPT4"
"M1"	"MINT_Rat"	"SLC2A4"
"M1"	"MINT_Rat"	"MAP2"
"M1"	"MINT_Rat"	"SSTR2"
"M1"	"MINT_Rat"	"DLG3"
"M1"	"MINT_Rat"	"SNAP25"
"M1"	"MINT_Rat"	"SLC22A1"
"M1"	"MINT_Rat"	"HOMER1"
"M1"	"MINT_Rat"	"GNAO1"
"M1"	"MINT_Rat"	"PFKFB1"
"M1"	"MINT_Rat"	"CNKSR2"
"M1"	"MINT_Rat"	"PPP1R9A"
"M1"	"IntAct_Yeast"	"PRKAA2"
"M1"	"IntAct_Yeast"	"CDA"
"M1"	"IntAct_Yeast"	"SEC14L2"
"M1"	"IntAct_Yeast"	"SEPT4"
"M1"	"IntAct_Yeast"	"HAO2"
"M1"	"IntAct_Yeast"	"CTH"
"M1"	"IntAct_Yeast"	"SLC25A34"
"M1"	"IntAct_Yeast"	"GPX7"
"M1"	"IntAct_Yeast"	"OTC"
"M1"	"IntAct_Yeast"	"GLUL"
"M1"	"IntAct_Yeast"	"ABAT"
"M1"	"IntAct_Yeast"	"ABCG2"
"M1"	"IntAct_Yeast"	"SLC47A1"
"M1"	"IntAct_Yeast"	"AASS"
"M1"	"IntAct_Yeast"	"ABHD1"
"M1"	"IntAct_Yeast"	"SLC38A11"
"M1"	"YeastLow"	"PRKAA2"
"M1"	"YeastLow"	"SEPT4"
"M1"	"YeastLow"	"CTH"
"M1"	"YeastLow"	"SLC25A34"
"M1"	"YeastLow"	"OTC"
"M1"	"YeastLow"	"GLUL"
"M1"	"YeastLow"	"ABAT"
"M1"	"YeastLow"	"AASS"
"M1"	"YeastLow"	"GPT"
"M1"	"YeastLow"	"GGT1"
"M1"	"BIND_Yeast"	"PRKAA2"
"M1"	"BIND_Yeast"	"CDA"
"M1"	"BIND_Yeast"	"SEPT4"
"M1"	"BIND_Yeast"	"HAO2"
"M1"	"BIND_Yeast"	"CTH"
"M1"	"DIP_Yeast"	"PRKAA2"
"M1"	"DIP_Yeast"	"CDA"
"M1"	"DIP_Yeast"	"SEPT4"
"M1"	"DIP_Yeast"	"GPX7"
"M1"	"DIP_Yeast"	"OTC"
"M1"	"DIP_Yeast"	"AASS"
"M1"	"DIP_Yeast"	"SLC38A11"
"M1"	"MINT_Yeast"	"PRKAA2"
"M1"	"MINT_Yeast"	"CDA"
"M1"	"MINT_Yeast"	"SEC14L2"
"M1"	"MINT_Yeast"	"GPT2"
"M1"	"MINT_Yeast"	"SEPT4"
"M1"	"MINT_Yeast"	"CTH"
"M1"	"MINT_Yeast"	"SLC25A34"
"M1"	"MINT_Yeast"	"GPX7"
"M1"	"MINT_Yeast"	"AASS"
"M1"	"MIPS"	"PRKAA2"
"M1"	"MIPS"	"CDA"
"M1"	"MIPS"	"SEPT4"
"M1"	"MIPS"	"GPX7"
"M1"	"Krogan_Core"	"PRKAA2"
"M1"	"Krogan_Core"	"SEC14L2"
"M1"	"Krogan_Core"	"GPT2"
"M1"	"Yeast_Kinome"	"PRKAA2"
"M1"	"BioGrid_Worm"	"PRKAA2"
"M1"	"BioGrid_Worm"	"SNRPN"
"M1"	"BioGrid_Worm"	"EPS8L1"
"M1"	"BioGrid_Worm"	"GNAO1"
"M1"	"BioGrid_Worm"	"ETNPPL"
"M1"	"BioGrid_Worm"	"TDO2"
"M1"	"BIND_Worm"	"PRKAA2"
"M1"	"BIND_Worm"	"GNAO1"
"M1"	"BIND_Worm"	"ETNPPL"
"M1"	"BIND_Worm"	"TDO2"
"M1"	"DIP_Worm"	"TAT"
"M1"	"DIP_Worm"	"ETNPPL"
"M1"	"DIP_Worm"	"TDO2"
"M1"	"DIP_Worm"	"LDHD"
"M1"	"MINT_Worm"	"PRKAA2"
"M1"	"MINT_Worm"	"SNRPN"
"M1"	"MINT_Worm"	"GNAO1"
"M1"	"MINT_Worm"	"ETNPPL"
"M1"	"MINT_Worm"	"TDO2"
"M1"	"MGI"	"RAB3D"
"M1"	"MGI"	"DAB1"
"M1"	"MGI"	"AR"
"M1"	"MGI"	"RAB26"
"M1"	"MGI"	"PPARGC1A"
"M1"	"MGI"	"ACKR2"
"M1"	"MGI"	"AXIN2"
"M1"	"MGI"	"DLG3"
"M1"	"MGI"	"FGF2"
"M1"	"MGI"	"LEF1"
"M1"	"MGI"	"VEGFD"
"M1"	"MGI"	"NR1I3"
"M1"	"MGI"	"TRIM6"
"M1"	"MGI"	"MYRIP"
"M1"	"MGI"	"COL26A1"
"M1"	"MGI"	"WNT5B"
"M1"	"StelzlMedium"	"OLFM2"
"M1"	"StelzlMedium"	"SULT1E1"
"M1"	"StelzlMedium"	"LEPR"
"M1"	"StelzlMedium"	"DDR1"
"M1"	"StelzlMedium"	"RGS2"
"M1"	"StelzlMedium"	"GOLM1"
"M1"	"StelzlMedium"	"FABP4"
"M1"	"StelzlMedium"	"HBB"
"M1"	"StelzlMedium"	"COL9A2"
"M1"	"StelzlMedium"	"SUSD4"
"M1"	"StelzlMedium"	"PLPP2"
"M1"	"StelzlMedium"	"PDZK1IP1"
"M1"	"Jorgensen_EphR"	"DLG3"
"M1"	"StelzlHigh"	"SULT1E1"
"M1"	"StelzlHigh"	"SNAP25"
"M1"	"StelzlHigh"	"DDR1"
"M1"	"StelzlHigh"	"RGS2"
"M1"	"StelzlHigh"	"GPD1"
"M1"	"StelzlHigh"	"GOLM1"
"M1"	"StelzlHigh"	"LRRC1"
"M1"	"StelzlHigh"	"TMPRSS3"
"M1"	"SOURAV_MAPK_HIGH"	"GLUL"
"M1"	"Tarassov_PCA"	"CDA"
"M1"	"Tarassov_PCA"	"SLC25A34"
"M1"	"Tarassov_PCA"	"GPX7"
"M1"	"FlyLow"	"TAT"
"M1"	"FlyLow"	"SPARCL1"
"M1"	"FlyLow"	"CYP3A4"
"M1"	"FlyLow"	"SNRPN"
"M1"	"FlyLow"	"SSTR2"
"M1"	"FlyLow"	"GNAO1"
"M1"	"FlyLow"	"MELTF"
"M1"	"FlyLow"	"PAPLN"
"M1"	"FlyLow"	"NR1I2"
"M1"	"FlyLow"	"TPPP"
"M1"	"YeastHigh"	"SEPT4"
"M1"	"YeastHigh"	"CTH"
"M1"	"YeastHigh"	"OTC"
"M1"	"BIND_Mouse"	"PRKAA2"
"M1"	"BIND_Mouse"	"DAB1"
"M1"	"BIND_Mouse"	"ESR1"
"M1"	"BIND_Mouse"	"SULT1E1"
"M1"	"BIND_Mouse"	"ITGA2"
"M1"	"BIND_Mouse"	"PPARGC1A"
"M1"	"BIND_Mouse"	"CDA"
"M1"	"BIND_Mouse"	"DLG3"
"M1"	"BIND_Mouse"	"SNAP25"
"M1"	"BIND_Mouse"	"ARNT2"
"M1"	"BIND_Mouse"	"EPS8L1"
"M1"	"BIND_Mouse"	"LEF1"
"M1"	"BIND_Mouse"	"GNAO1"
"M1"	"BIND_Mouse"	"MMP11"
"M1"	"BIND_Mouse"	"FABP4"
"M1"	"BIND_Mouse"	"ADH4"
"M1"	"BIND_Mouse"	"EPS8L3"
"M1"	"BIND_Mouse"	"KLF5"
"M1"	"BIND_Mouse"	"CHRNA4"
"M1"	"BIND_Mouse"	"FRAS1"
"M1"	"ShawnLi"	"GHR"
"M1"	"I2D-c_Rat"	"NECAB2"
"M1"	"Krogan_NonCore"	"PRKAA2"
"M1"	"Yu_GoldStd"	"PRKAA2"
"M1"	"Yu_GoldStd"	"CDA"
"M1"	"I2D-text_mining-c"	"FABP4"
"M1"	"LITERATURE"	"GNAO1"
"M1"	"NON_CORE"	"GNAO1"
"M1"	"Fawcett_polarity_Rat"	"MAP2"
"M1"	"Fawcett_polarity_Rat"	"SPTBN2"
"M1"	"Fawcett_polarity"	"DSG1"
"M2"	"BioGrid"	"OXCT1"
"M2"	"BioGrid"	"ALB"
"M2"	"BioGrid"	"GULP1"
"M2"	"BioGrid"	"SYNE4"
"M2"	"BioGrid"	"CBLC"
"M2"	"BioGrid"	"UCHL1"
"M2"	"BioGrid"	"SPP1"
"M2"	"BioGrid"	"DNM1"
"M2"	"BioGrid"	"APOB"
"M2"	"BioGrid"	"MASP2"
"M2"	"BioGrid"	"MBL2"
"M2"	"BioGrid"	"GDA"
"M2"	"BioGrid"	"AHSG"
"M2"	"BioGrid"	"IHH"
"M2"	"BioGrid"	"APLP1"
"M2"	"BioGrid"	"APOA1"
"M2"	"BioGrid"	"HPX"
"M2"	"BioGrid"	"ITIH4"
"M2"	"BioGrid"	"ABCC2"
"M2"	"BioGrid"	"PFKP"
"M2"	"BioGrid"	"FLNC"
"M2"	"BioGrid"	"F2"
"M2"	"BioGrid"	"CBS"
"M2"	"BioGrid"	"PCSK9"
"M2"	"BioGrid"	"ATP2B2"
"M2"	"BioGrid"	"SHBG"
"M2"	"BioGrid"	"HP"
"M2"	"BioGrid"	"CDK6"
"M2"	"BioGrid"	"NR0B2"
"M2"	"BioGrid"	"CLDN3"
"M2"	"BioGrid"	"GPR37"
"M2"	"BioGrid"	"EPHB2"
"M2"	"BioGrid"	"FBP1"
"M2"	"BioGrid"	"BHLHE41"
"M2"	"BioGrid"	"TFR2"
"M2"	"BioGrid"	"LIPC"
"M2"	"BioGrid"	"EFNA2"
"M2"	"BioGrid"	"BCL2L10"
"M2"	"BioGrid"	"CREB3L3"
"M2"	"BioGrid"	"LBP"
"M2"	"BioGrid"	"SLC2A1"
"M2"	"BioGrid"	"ALDOC"
"M2"	"BioGrid"	"ABCG8"
"M2"	"BioGrid"	"LGALS4"
"M2"	"BioGrid"	"TRIM55"
"M2"	"BioGrid"	"HRG"
"M2"	"BioGrid"	"RASD1"
"M2"	"BioGrid"	"KYNU"
"M2"	"BioGrid"	"AKR1B10"
"M2"	"BioGrid"	"ITIH2"
"M2"	"BioGrid"	"KLF15"
"M2"	"BioGrid"	"TNFSF14"
"M2"	"BioGrid"	"SYT7"
"M2"	"BioGrid"	"PAH"
"M2"	"BioGrid"	"TTR"
"M2"	"BioGrid"	"SULT2A1"
"M2"	"BioGrid"	"TBX15"
"M2"	"BioGrid"	"PFN2"
"M2"	"BioGrid"	"SLC23A1"
"M2"	"BioGrid"	"APOA2"
"M2"	"BioGrid"	"TM4SF4"
"M2"	"BioGrid"	"ENO3"
"M2"	"BioGrid"	"PLIN1"
"M2"	"BioGrid"	"CDO1"
"M2"	"BioGrid"	"TDGF1"
"M2"	"BioGrid"	"GC"
"M2"	"BioGrid"	"TF"
"M2"	"BioGrid"	"NRAP"
"M2"	"BioGrid"	"PKM"
"M2"	"BioGrid"	"AGTR1"
"M2"	"BioGrid"	"SHH"
"M2"	"BioGrid"	"ALDOB"
"M2"	"BioGrid"	"CXCL2"
"M2"	"BioGrid"	"APCS"
"M2"	"BioGrid"	"SERPINA3"
"M2"	"BioGrid"	"ADH6"
"M2"	"BioGrid"	"G6PC"
"M2"	"BioGrid"	"IGFALS"
"M2"	"BioGrid"	"VLDLR"
"M2"	"BioGrid"	"PKLR"
"M2"	"BioGrid"	"A1BG"
"M2"	"BioGrid"	"HGD"
"M2"	"BioGrid"	"S100A6"
"M2"	"BioGrid"	"CYP4A11"
"M2"	"BioGrid"	"ORM1"
"M2"	"BioGrid"	"GPAM"
"M2"	"BioGrid"	"PLG"
"M2"	"BioGrid"	"PROC"
"M2"	"BioGrid"	"F9"
"M2"	"BioGrid"	"FGA"
"M2"	"BioGrid"	"FGG"
"M2"	"BioGrid"	"F13B"
"M2"	"BioGrid"	"SERPINF2"
"M2"	"BioGrid"	"KNG1"
"M2"	"BioGrid"	"FGB"
"M2"	"BioGrid"	"SERPINA5"
"M2"	"BioGrid"	"SERPIND1"
"M2"	"BioGrid"	"APOH"
"M2"	"BioGrid"	"SERPINA10"
"M2"	"BioGrid"	"MST1"
"M2"	"BioGrid"	"AMBP"
"M2"	"BioGrid"	"CPB2"
"M2"	"BioGrid"	"CPN1"
"M2"	"BioGrid"	"CFHR3"
"M2"	"BioGrid"	"CFHR4"
"M2"	"BioGrid"	"C4A"
"M2"	"BioGrid"	"F12"
"M2"	"BioGrid"	"SCD"
"M2"	"BioGrid"	"GPX2"
"M2"	"BioGrid"	"GSTM3"
"M2"	"BioGrid"	"C4BPA"
"M2"	"BioGrid"	"C8A"
"M2"	"BioGrid"	"CP"
"M2"	"BioGrid"	"PLA2G2A"
"M2"	"BioGrid"	"ONECUT1"
"M2"	"BioGrid"	"KIAA1549"
"M2"	"BioGrid"	"CYP4F12"
"M2"	"BioGrid"	"FST"
"M2"	"BioGrid"	"DHRS2"
"M2"	"BioGrid"	"ANG"
"M2"	"BioGrid"	"RASSF6"
"M2"	"BioGrid"	"GYG2"
"M2"	"BioGrid"	"KCNK5"
"M2"	"BioGrid"	"GSTA1"
"M2"	"BioGrid"	"SLC2A2"
"M2"	"BioGrid"	"HPGD"
"M2"	"BioGrid"	"CFHR2"
"M2"	"BioGrid"	"HMGCS2"
"M2"	"BioGrid"	"TSPAN5"
"M2"	"BioGrid"	"BDH1"
"M2"	"BioGrid"	"MPV17L"
"M2"	"BioGrid"	"COLEC12"
"M2"	"BioGrid"	"MOGAT3"
"M2"	"BioGrid"	"CLIP4"
"M2"	"BioGrid"	"ANKS4B"
"M2"	"BioGrid"	"SYT17"
"M2"	"BioGrid"	"ALDH8A1"
"M2"	"BioGrid"	"F7"
"M2"	"BioGrid"	"KCNJ3"
"M2"	"BioGrid"	"AZGP1"
"M2"	"BioGrid"	"APOA5"
"M2"	"BioGrid"	"DDC"
"M2"	"BioGrid"	"ADH1A"
"M2"	"BioGrid"	"C9"
"M2"	"BioGrid"	"EPHB6"
"M2"	"BioGrid"	"RHOBTB1"
"M2"	"BioGrid"	"FBXO27"
"M2"	"BioGrid"	"TRIM10"
"M2"	"BioGrid"	"CHRDL2"
"M2"	"BioGrid"	"CFHR1"
"M2"	"BioGrid"	"GNMT"
"M2"	"BioGrid"	"FOXA3"
"M2"	"BioGrid"	"ETV1"
"M2"	"BioGrid"	"GCKR"
"M2"	"BioGrid"	"RNF43"
"M2"	"BioGrid"	"SH3RF3"
"M2"	"BioGrid"	"DGAT2"
"M2"	"BioGrid"	"GPER1"
"M2"	"BioGrid"	"PAIP2B"
"M2"	"BioGrid"	"ATF5"
"M2"	"BioGrid"	"CYP2D6"
"M2"	"BioGrid"	"GLDC"
"M2"	"BioGrid"	"FGF21"
"M2"	"BioGrid"	"TNNI1"
"M2"	"BioGrid"	"ABCG5"
"M2"	"BioGrid"	"INHBE"
"M2"	"BioGrid"	"DAO"
"M2"	"BioGrid"	"FABP1"
"M2"	"BioGrid"	"SLC7A9"
"M2"	"BioGrid"	"ORM2"
"M2"	"BioGrid"	"MAT1A"
"M2"	"BioGrid"	"CGN"
"M2"	"BioGrid"	"CYP2C18"
"M2"	"BioGrid"	"IL22RA1"
"M2"	"BioGrid"	"CYP3A5"
"M2"	"BioGrid"	"VSNL1"
"M2"	"BioGrid"	"SLC38A3"
"M2"	"BioGrid"	"CLDN15"
"M2"	"BioGrid"	"TMEM45B"
"M2"	"BioGrid"	"REEP6"
"M2"	"BioGrid"	"GPR143"
"M2"	"BioGrid"	"CLDN7"
"M2"	"BioGrid"	"SEC14L4"
"M2"	"BioGrid"	"C5orf30"
"M2"	"BioGrid"	"FTCD"
"M2"	"BioGrid"	"PCDHB14"
"M2"	"BioGrid"	"SLC6A1"
"M2"	"BioGrid"	"ADGRG7"
"M2"	"BioGrid"	"TRIM15"
"M2"	"BioGrid"	"APOC3"
"M2"	"BioGrid"	"ARSJ"
"M2"	"BioGrid"	"NEU4"
"M2"	"BioGrid"	"ANGPTL8"
"M2"	"BioGrid"	"FADS6"
"M2"	"BioGrid"	"GSTO2"
"M2"	"IntAct"	"OXCT1"
"M2"	"IntAct"	"ALB"
"M2"	"IntAct"	"GULP1"
"M2"	"IntAct"	"SYNE4"
"M2"	"IntAct"	"CBLC"
"M2"	"IntAct"	"UCHL1"
"M2"	"IntAct"	"PLEKHG6"
"M2"	"IntAct"	"SPP1"
"M2"	"IntAct"	"DNM1"
"M2"	"IntAct"	"SCGN"
"M2"	"IntAct"	"APOB"
"M2"	"IntAct"	"MBL2"
"M2"	"IntAct"	"GDA"
"M2"	"IntAct"	"IHH"
"M2"	"IntAct"	"APLP1"
"M2"	"IntAct"	"APOA1"
"M2"	"IntAct"	"ITIH4"
"M2"	"IntAct"	"PFKP"
"M2"	"IntAct"	"FLNC"
"M2"	"IntAct"	"F2"
"M2"	"IntAct"	"CBS"
"M2"	"IntAct"	"PCSK9"
"M2"	"IntAct"	"ATP2B2"
"M2"	"IntAct"	"SHBG"
"M2"	"IntAct"	"HP"
"M2"	"IntAct"	"CDK6"
"M2"	"IntAct"	"TNFRSF19"
"M2"	"IntAct"	"NR0B2"
"M2"	"IntAct"	"EPHB2"
"M2"	"IntAct"	"FBP1"
"M2"	"IntAct"	"TFR2"
"M2"	"IntAct"	"LIPC"
"M2"	"IntAct"	"CREB3L3"
"M2"	"IntAct"	"LBP"
"M2"	"IntAct"	"SLC2A1"
"M2"	"IntAct"	"ALDOC"
"M2"	"IntAct"	"LECT2"
"M2"	"IntAct"	"BAAT"
"M2"	"IntAct"	"MBNL3"
"M2"	"IntAct"	"ABCG8"
"M2"	"IntAct"	"ARG1"
"M2"	"IntAct"	"LGALS4"
"M2"	"IntAct"	"TRIM55"
"M2"	"IntAct"	"HRG"
"M2"	"IntAct"	"RASD1"
"M2"	"IntAct"	"AKR1B10"
"M2"	"IntAct"	"HGFAC"
"M2"	"IntAct"	"ITIH2"
"M2"	"IntAct"	"KLF15"
"M2"	"IntAct"	"FGL1"
"M2"	"IntAct"	"TNFSF14"
"M2"	"IntAct"	"SYT7"
"M2"	"IntAct"	"TTR"
"M2"	"IntAct"	"RDH12"
"M2"	"IntAct"	"SULT2A1"
"M2"	"IntAct"	"TBX15"
"M2"	"IntAct"	"ZG16"
"M2"	"IntAct"	"PFN2"
"M2"	"IntAct"	"SLC23A1"
"M2"	"IntAct"	"APOA2"
"M2"	"IntAct"	"TM4SF4"
"M2"	"IntAct"	"ENO3"
"M2"	"IntAct"	"GC"
"M2"	"IntAct"	"TF"
"M2"	"IntAct"	"NRAP"
"M2"	"IntAct"	"PKM"
"M2"	"IntAct"	"ACMSD"
"M2"	"IntAct"	"ALDOB"
"M2"	"IntAct"	"CXCL2"
"M2"	"IntAct"	"APCS"
"M2"	"IntAct"	"SERPINA3"
"M2"	"IntAct"	"ADH6"
"M2"	"IntAct"	"MYOM1"
"M2"	"IntAct"	"G6PC"
"M2"	"IntAct"	"TGM3"
"M2"	"IntAct"	"A1BG"
"M2"	"IntAct"	"SERPINA4"
"M2"	"IntAct"	"CMYA5"
"M2"	"IntAct"	"AGXT"
"M2"	"IntAct"	"HGD"
"M2"	"IntAct"	"S100A6"
"M2"	"IntAct"	"CYP4A11"
"M2"	"IntAct"	"ORM1"
"M2"	"IntAct"	"PLG"
"M2"	"IntAct"	"PROC"
"M2"	"IntAct"	"FGA"
"M2"	"IntAct"	"FGG"
"M2"	"IntAct"	"SERPINF2"
"M2"	"IntAct"	"SERPINC1"
"M2"	"IntAct"	"KNG1"
"M2"	"IntAct"	"FGB"
"M2"	"IntAct"	"SERPINA5"
"M2"	"IntAct"	"APOH"
"M2"	"IntAct"	"SERPINA10"
"M2"	"IntAct"	"AMBP"
"M2"	"IntAct"	"CPB2"
"M2"	"IntAct"	"CFHR3"
"M2"	"IntAct"	"CFHR4"
"M2"	"IntAct"	"C4A"
"M2"	"IntAct"	"F12"
"M2"	"IntAct"	"HABP2"
"M2"	"IntAct"	"SCD"
"M2"	"IntAct"	"GPX2"
"M2"	"IntAct"	"GSTM3"
"M2"	"IntAct"	"C4BPA"
"M2"	"IntAct"	"COL4A5"
"M2"	"IntAct"	"RBP4"
"M2"	"IntAct"	"CP"
"M2"	"IntAct"	"PLA2G2A"
"M2"	"IntAct"	"MPPED1"
"M2"	"IntAct"	"FST"
"M2"	"IntAct"	"DHRS2"
"M2"	"IntAct"	"ANG"
"M2"	"IntAct"	"RASSF6"
"M2"	"IntAct"	"PALM3"
"M2"	"IntAct"	"GYG2"
"M2"	"IntAct"	"GSTA1"
"M2"	"IntAct"	"CLIP4"
"M2"	"IntAct"	"ANKS4B"
"M2"	"IntAct"	"SYT17"
"M2"	"IntAct"	"ANGPTL3"
"M2"	"IntAct"	"F7"
"M2"	"IntAct"	"SHROOM2"
"M2"	"IntAct"	"APOA4"
"M2"	"IntAct"	"AZGP1"
"M2"	"IntAct"	"APOA5"
"M2"	"IntAct"	"DDC"
"M2"	"IntAct"	"ADH1A"
"M2"	"IntAct"	"EPHB6"
"M2"	"IntAct"	"RHOBTB1"
"M2"	"IntAct"	"FBXO27"
"M2"	"IntAct"	"TRIM10"
"M2"	"IntAct"	"CFHR1"
"M2"	"IntAct"	"GNMT"
"M2"	"IntAct"	"ETV1"
"M2"	"IntAct"	"GCKR"
"M2"	"IntAct"	"RNF43"
"M2"	"IntAct"	"SH3RF3"
"M2"	"IntAct"	"ATF5"
"M2"	"IntAct"	"KLB"
"M2"	"IntAct"	"FGF21"
"M2"	"IntAct"	"TNNI1"
"M2"	"IntAct"	"ABCG5"
"M2"	"IntAct"	"WLS"
"M2"	"IntAct"	"SLC7A9"
"M2"	"IntAct"	"EPHA1"
"M2"	"IntAct"	"RORC"
"M2"	"IntAct"	"ORM2"
"M2"	"IntAct"	"MAT1A"
"M2"	"IntAct"	"SOAT2"
"M2"	"IntAct"	"CGN"
"M2"	"IntAct"	"THPO"
"M2"	"IntAct"	"CYP3A5"
"M2"	"IntAct"	"VSNL1"
"M2"	"IntAct"	"MYO7B"
"M2"	"IntAct"	"CLDN15"
"M2"	"IntAct"	"TMEM45B"
"M2"	"IntAct"	"REEP6"
"M2"	"IntAct"	"PRG4"
"M2"	"IntAct"	"PRAP1"
"M2"	"IntAct"	"GPR143"
"M2"	"IntAct"	"ITIH3"
"M2"	"IntAct"	"C5orf30"
"M2"	"IntAct"	"FTCD"
"M2"	"IntAct"	"TRIM15"
"M2"	"IntAct"	"ARSJ"
"M2"	"IntAct"	"FCGBP"
"M2"	"IntAct"	"NEU4"
"M2"	"IntAct"	"APOM"
"M2"	"IntAct"	"ANGPTL8"
"M2"	"IntAct"	"CDHR5"
"M2"	"IntAct"	"IGSF9"
"M2"	"IntAct"	"GSTO2"
"M2"	"IntAct"	"SLC25A18"
"M2"	"IntAct"	"PTPRH"
"M2"	"IntAct"	"PIPOX"
"M2"	"MINT_Worm"	"GULP1"
"M2"	"MINT_Worm"	"ALDOC"
"M2"	"MINT_Worm"	"HGD"
"M2"	"MINT_Worm"	"MPPED1"
"M2"	"MINT_Worm"	"WLS"
"M2"	"BioGrid_Mouse"	"CBLC"
"M2"	"BioGrid_Mouse"	"UCHL1"
"M2"	"BioGrid_Mouse"	"DNM1"
"M2"	"BioGrid_Mouse"	"APOA1"
"M2"	"BioGrid_Mouse"	"CDK6"
"M2"	"BioGrid_Mouse"	"TNFRSF19"
"M2"	"BioGrid_Mouse"	"NR0B2"
"M2"	"BioGrid_Mouse"	"EPHB2"
"M2"	"BioGrid_Mouse"	"LIPC"
"M2"	"BioGrid_Mouse"	"HOXA13"
"M2"	"BioGrid_Mouse"	"TBX15"
"M2"	"BioGrid_Mouse"	"PFN2"
"M2"	"BioGrid_Mouse"	"NRAP"
"M2"	"BioGrid_Mouse"	"AGTR1"
"M2"	"BioGrid_Mouse"	"SHH"
"M2"	"BioGrid_Mouse"	"VLDLR"
"M2"	"BioGrid_Mouse"	"PKLR"
"M2"	"BioGrid_Mouse"	"ANKS4B"
"M2"	"BioGrid_Mouse"	"CHRDL2"
"M2"	"BioGrid_Mouse"	"GDF7"
"M2"	"BioGrid_Mouse"	"FABP1"
"M2"	"BioGrid_Mouse"	"RORC"
"M2"	"BioGrid_Mouse"	"SLC38A3"
"M2"	"BioGrid_Mouse"	"TLE6"
"M2"	"INNATEDB"	"ALB"
"M2"	"INNATEDB"	"APOB"
"M2"	"INNATEDB"	"MASP2"
"M2"	"INNATEDB"	"MBL2"
"M2"	"INNATEDB"	"AHSG"
"M2"	"INNATEDB"	"APOA1"
"M2"	"INNATEDB"	"HPX"
"M2"	"INNATEDB"	"ITIH4"
"M2"	"INNATEDB"	"ABCC2"
"M2"	"INNATEDB"	"F2"
"M2"	"INNATEDB"	"CBS"
"M2"	"INNATEDB"	"ATP2B2"
"M2"	"INNATEDB"	"CDK6"
"M2"	"INNATEDB"	"NR0B2"
"M2"	"INNATEDB"	"CLDN3"
"M2"	"INNATEDB"	"TFR2"
"M2"	"INNATEDB"	"EFNA2"
"M2"	"INNATEDB"	"LBP"
"M2"	"INNATEDB"	"HRG"
"M2"	"INNATEDB"	"IGFBP1"
"M2"	"INNATEDB"	"TNFSF14"
"M2"	"INNATEDB"	"TTR"
"M2"	"INNATEDB"	"PFN2"
"M2"	"INNATEDB"	"APOA2"
"M2"	"INNATEDB"	"TM4SF4"
"M2"	"INNATEDB"	"TF"
"M2"	"INNATEDB"	"PKM"
"M2"	"INNATEDB"	"AGTR1"
"M2"	"INNATEDB"	"CXCL2"
"M2"	"INNATEDB"	"SERPINA3"
"M2"	"INNATEDB"	"ADH6"
"M2"	"INNATEDB"	"CYP3A7"
"M2"	"INNATEDB"	"SLC15A1"
"M2"	"INNATEDB"	"FGA"
"M2"	"INNATEDB"	"FGG"
"M2"	"INNATEDB"	"SERPINC1"
"M2"	"INNATEDB"	"AMBP"
"M2"	"INNATEDB"	"FST"
"M2"	"INNATEDB"	"FBXO27"
"M2"	"INNATEDB"	"GCKR"
"M2"	"INNATEDB"	"GREB1L"
"M2"	"INNATEDB"	"FADS2"
"M2"	"INNATEDB"	"INHBE"
"M2"	"INNATEDB"	"HSD17B2"
"M2"	"INNATEDB"	"CGREF1"
"M2"	"INNATEDB"	"NPC1L1"
"M2"	"INNATEDB"	"FABP1"
"M2"	"INNATEDB"	"HAL"
"M2"	"INNATEDB"	"SLC16A7"
"M2"	"INNATEDB"	"ANGPTL8"
"M2"	"BIND"	"MASP2"
"M2"	"BIND"	"APLP1"
"M2"	"BIND"	"APOA1"
"M2"	"BIND"	"FLNC"
"M2"	"BIND"	"F2"
"M2"	"BIND"	"CBS"
"M2"	"BIND"	"SHBG"
"M2"	"BIND"	"CDK6"
"M2"	"BIND"	"EPHB2"
"M2"	"BIND"	"FBP1"
"M2"	"BIND"	"LBP"
"M2"	"BIND"	"SLC2A1"
"M2"	"BIND"	"ALDOC"
"M2"	"BIND"	"PAH"
"M2"	"BIND"	"TTR"
"M2"	"BIND"	"SULT2A1"
"M2"	"BIND"	"PFN2"
"M2"	"BIND"	"APOA2"
"M2"	"BIND"	"GC"
"M2"	"BIND"	"TF"
"M2"	"BIND"	"PKM"
"M2"	"BIND"	"ALDOB"
"M2"	"BIND"	"CXCL2"
"M2"	"BIND"	"APCS"
"M2"	"BIND"	"S100A6"
"M2"	"BIND"	"PLG"
"M2"	"BIND"	"PROC"
"M2"	"BIND"	"F9"
"M2"	"BIND"	"FGA"
"M2"	"BIND"	"FGG"
"M2"	"BIND"	"SERPINC1"
"M2"	"BIND"	"FGB"
"M2"	"BIND"	"SERPIND1"
"M2"	"BIND"	"APOH"
"M2"	"BIND"	"GSTM3"
"M2"	"BIND"	"RBP4"
"M2"	"BIND"	"PLA2G2A"
"M2"	"BIND"	"KIAA1549"
"M2"	"BIND"	"FST"
"M2"	"BIND"	"ANG"
"M2"	"BIND"	"GSTA1"
"M2"	"BIND"	"F7"
"M2"	"BIND"	"AZGP1"
"M2"	"BIND"	"ADH1A"
"M2"	"BIND"	"EPHB6"
"M2"	"BIND"	"GNMT"
"M2"	"BIND"	"ATF5"
"M2"	"BIND"	"CYP2D6"
"M2"	"BIND"	"IL1RN"
"M2"	"BIND"	"CGN"
"M2"	"HPRD"	"ALB"
"M2"	"HPRD"	"GULP1"
"M2"	"HPRD"	"CBLC"
"M2"	"HPRD"	"UCHL1"
"M2"	"HPRD"	"SPP1"
"M2"	"HPRD"	"DNM1"
"M2"	"HPRD"	"MASP2"
"M2"	"HPRD"	"MBL2"
"M2"	"HPRD"	"GDA"
"M2"	"HPRD"	"AHSG"
"M2"	"HPRD"	"IHH"
"M2"	"HPRD"	"APLP1"
"M2"	"HPRD"	"APOA1"
"M2"	"HPRD"	"ABCC2"
"M2"	"HPRD"	"FLNC"
"M2"	"HPRD"	"F2"
"M2"	"HPRD"	"CBS"
"M2"	"HPRD"	"PCSK9"
"M2"	"HPRD"	"SHBG"
"M2"	"HPRD"	"HP"
"M2"	"HPRD"	"CDK6"
"M2"	"HPRD"	"TNFRSF19"
"M2"	"HPRD"	"NR0B2"
"M2"	"HPRD"	"CLDN3"
"M2"	"HPRD"	"GPR37"
"M2"	"HPRD"	"EPHB2"
"M2"	"HPRD"	"FBP1"
"M2"	"HPRD"	"FXYD1"
"M2"	"HPRD"	"BHLHE41"
"M2"	"HPRD"	"TFR2"
"M2"	"HPRD"	"LIPC"
"M2"	"HPRD"	"EFNA2"
"M2"	"HPRD"	"BCL2L10"
"M2"	"HPRD"	"CREB3L3"
"M2"	"HPRD"	"HOXA13"
"M2"	"HPRD"	"LBP"
"M2"	"HPRD"	"SLC2A1"
"M2"	"HPRD"	"ABCG8"
"M2"	"HPRD"	"ARG1"
"M2"	"HPRD"	"LGALS4"
"M2"	"HPRD"	"TRIM55"
"M2"	"HPRD"	"HRG"
"M2"	"HPRD"	"RASD1"
"M2"	"HPRD"	"TMPRSS2"
"M2"	"HPRD"	"HGFAC"
"M2"	"HPRD"	"ITIH2"
"M2"	"HPRD"	"FGL1"
"M2"	"HPRD"	"TNFSF14"
"M2"	"HPRD"	"SYT7"
"M2"	"HPRD"	"PAH"
"M2"	"HPRD"	"TTR"
"M2"	"HPRD"	"SULT2A1"
"M2"	"HPRD"	"PFN2"
"M2"	"HPRD"	"APOA2"
"M2"	"HPRD"	"TDGF1"
"M2"	"HPRD"	"GC"
"M2"	"HPRD"	"TF"
"M2"	"HPRD"	"NRAP"
"M2"	"HPRD"	"PKM"
"M2"	"HPRD"	"SHH"
"M2"	"HPRD"	"ALDOB"
"M2"	"HPRD"	"CXCL2"
"M2"	"HPRD"	"APCS"
"M2"	"HPRD"	"SERPINA3"
"M2"	"HPRD"	"MYOM1"
"M2"	"HPRD"	"IGFALS"
"M2"	"HPRD"	"VLDLR"
"M2"	"HPRD"	"SERPINA4"
"M2"	"HPRD"	"CMYA5"
"M2"	"HPRD"	"AGXT"
"M2"	"HPRD"	"HGD"
"M2"	"HPRD"	"S100A6"
"M2"	"HPRD"	"ORM1"
"M2"	"HPRD"	"PLG"
"M2"	"HPRD"	"PROC"
"M2"	"HPRD"	"F9"
"M2"	"HPRD"	"FGA"
"M2"	"HPRD"	"FGG"
"M2"	"HPRD"	"F13B"
"M2"	"HPRD"	"SERPINF2"
"M2"	"HPRD"	"SERPINC1"
"M2"	"HPRD"	"KNG1"
"M2"	"HPRD"	"FGB"
"M2"	"HPRD"	"F11"
"M2"	"HPRD"	"SERPINA5"
"M2"	"HPRD"	"SERPIND1"
"M2"	"HPRD"	"APOH"
"M2"	"HPRD"	"SERPINA10"
"M2"	"HPRD"	"KLKB1"
"M2"	"HPRD"	"MST1"
"M2"	"HPRD"	"AMBP"
"M2"	"HPRD"	"CPN1"
"M2"	"HPRD"	"CFHR4"
"M2"	"HPRD"	"CFHR5"
"M2"	"HPRD"	"C4A"
"M2"	"HPRD"	"F12"
"M2"	"HPRD"	"HABP2"
"M2"	"HPRD"	"GPX2"
"M2"	"HPRD"	"GSTM3"
"M2"	"HPRD"	"TMPRSS6"
"M2"	"HPRD"	"CHAD"
"M2"	"HPRD"	"PON1"
"M2"	"HPRD"	"C4BPA"
"M2"	"HPRD"	"C8A"
"M2"	"HPRD"	"LRG1"
"M2"	"HPRD"	"COL4A5"
"M2"	"HPRD"	"RBP4"
"M2"	"HPRD"	"PLA2G2A"
"M2"	"HPRD"	"ONECUT1"
"M2"	"HPRD"	"KIAA1549"
"M2"	"HPRD"	"FST"
"M2"	"HPRD"	"ANG"
"M2"	"HPRD"	"GYG2"
"M2"	"HPRD"	"GSTA1"
"M2"	"HPRD"	"ANKS4B"
"M2"	"HPRD"	"SYT17"
"M2"	"HPRD"	"ANGPTL3"
"M2"	"HPRD"	"F7"
"M2"	"HPRD"	"KCNJ3"
"M2"	"HPRD"	"AZGP1"
"M2"	"HPRD"	"DDC"
"M2"	"HPRD"	"C4BPB"
"M2"	"HPRD"	"ADH1A"
"M2"	"HPRD"	"C9"
"M2"	"HPRD"	"TRIM10"
"M2"	"HPRD"	"INHBC"
"M2"	"HPRD"	"CHRDL2"
"M2"	"HPRD"	"CFHR1"
"M2"	"HPRD"	"GNMT"
"M2"	"HPRD"	"FOXA3"
"M2"	"HPRD"	"ETV1"
"M2"	"HPRD"	"GCKR"
"M2"	"HPRD"	"PAIP2B"
"M2"	"HPRD"	"ATF5"
"M2"	"HPRD"	"GLDC"
"M2"	"HPRD"	"FGF21"
"M2"	"HPRD"	"TNNI1"
"M2"	"HPRD"	"INHBE"
"M2"	"HPRD"	"GDF7"
"M2"	"HPRD"	"DAO"
"M2"	"HPRD"	"EPHA1"
"M2"	"HPRD"	"RORC"
"M2"	"HPRD"	"CGN"
"M2"	"HPRD"	"ADCY10"
"M2"	"HPRD"	"NAT8"
"M2"	"HPRD"	"XDH"
"M2"	"HPRD"	"THPO"
"M2"	"HPRD"	"IL22RA1"
"M2"	"HPRD"	"CECR2"
"M2"	"HPRD"	"VSNL1"
"M2"	"HPRD"	"NPW"
"M2"	"HPRD"	"CLDN7"
"M2"	"HPRD"	"SLC7A11"
"M2"	"HPRD"	"IGSF9"
"M2"	"HPRD"	"ESPN"
"M2"	"INNATEDB_Mouse"	"GULP1"
"M2"	"INNATEDB_Mouse"	"SPP1"
"M2"	"INNATEDB_Mouse"	"GDA"
"M2"	"INNATEDB_Mouse"	"AHSG"
"M2"	"INNATEDB_Mouse"	"PFKP"
"M2"	"INNATEDB_Mouse"	"FLNC"
"M2"	"INNATEDB_Mouse"	"HP"
"M2"	"INNATEDB_Mouse"	"CDK6"
"M2"	"INNATEDB_Mouse"	"TNFRSF19"
"M2"	"INNATEDB_Mouse"	"HOXA13"
"M2"	"INNATEDB_Mouse"	"ARG1"
"M2"	"INNATEDB_Mouse"	"KYNU"
"M2"	"INNATEDB_Mouse"	"TTR"
"M2"	"INNATEDB_Mouse"	"CDO1"
"M2"	"INNATEDB_Mouse"	"SHH"
"M2"	"INNATEDB_Mouse"	"CXCL2"
"M2"	"INNATEDB_Mouse"	"FGA"
"M2"	"INNATEDB_Mouse"	"FGB"
"M2"	"INNATEDB_Mouse"	"FADS2"
"M2"	"INNATEDB_Mouse"	"TMEM86B"
"M2"	"INNATEDB_Mouse"	"MDGA1"
"M2"	"INNATEDB_Mouse"	"RORC"
"M2"	"INNATEDB_Mouse"	"TLE6"
"M2"	"MGI"	"DNM1"
"M2"	"MGI"	"IHH"
"M2"	"MGI"	"APLP1"
"M2"	"MGI"	"SHBG"
"M2"	"MGI"	"SHH"
"M2"	"MGI"	"S100A6"
"M2"	"MGI"	"TRIM10"
"M2"	"MGI"	"GDF7"
"M2"	"YeastLow"	"PFKP"
"M2"	"YeastLow"	"ATP2B2"
"M2"	"YeastLow"	"FBP1"
"M2"	"YeastLow"	"ARG1"
"M2"	"YeastLow"	"KYNU"
"M2"	"YeastLow"	"AKR1B10"
"M2"	"YeastLow"	"KMO"
"M2"	"YeastLow"	"AGXT"
"M2"	"YeastLow"	"GLDC"
"M2"	"YeastLow"	"RGN"
"M2"	"DIP_Mouse"	"SYNE4"
"M2"	"DIP_Mouse"	"F2"
"M2"	"DIP_Mouse"	"CDK6"
"M2"	"DIP_Mouse"	"SHH"
"M2"	"DIP_Mouse"	"MST1"
"M2"	"DIP_Mouse"	"LRG1"
"M2"	"DIP_Mouse"	"KCNJ3"
"M2"	"DIP_Mouse"	"RNF43"
"M2"	"DIP_Mouse"	"FGF21"
"M2"	"DIP_Mouse"	"WLS"
"M2"	"DIP_Mouse"	"RORC"
"M2"	"DIP_Mouse"	"MAT1A"
"M2"	"IntAct_Mouse"	"OXCT1"
"M2"	"IntAct_Mouse"	"UCHL1"
"M2"	"IntAct_Mouse"	"DNM1"
"M2"	"IntAct_Mouse"	"APLP1"
"M2"	"IntAct_Mouse"	"APOA1"
"M2"	"IntAct_Mouse"	"PFKP"
"M2"	"IntAct_Mouse"	"FMO5"
"M2"	"IntAct_Mouse"	"TNFRSF19"
"M2"	"IntAct_Mouse"	"NR0B2"
"M2"	"IntAct_Mouse"	"CLDN3"
"M2"	"IntAct_Mouse"	"FBP1"
"M2"	"IntAct_Mouse"	"TFR2"
"M2"	"IntAct_Mouse"	"SLC17A1"
"M2"	"IntAct_Mouse"	"SLC2A1"
"M2"	"IntAct_Mouse"	"LECT2"
"M2"	"IntAct_Mouse"	"RASD1"
"M2"	"IntAct_Mouse"	"SYT7"
"M2"	"IntAct_Mouse"	"PFN2"
"M2"	"IntAct_Mouse"	"PKM"
"M2"	"IntAct_Mouse"	"AGTR1"
"M2"	"IntAct_Mouse"	"VLDLR"
"M2"	"IntAct_Mouse"	"S100A6"
"M2"	"IntAct_Mouse"	"CLDN14"
"M2"	"IntAct_Mouse"	"PLG"
"M2"	"IntAct_Mouse"	"SERPINA5"
"M2"	"IntAct_Mouse"	"CP"
"M2"	"IntAct_Mouse"	"ANKS4B"
"M2"	"IntAct_Mouse"	"EPHA1"
"M2"	"IntAct_Mouse"	"CLDN7"
"M2"	"BioGrid_Yeast"	"GDA"
"M2"	"BioGrid_Yeast"	"PFKP"
"M2"	"BioGrid_Yeast"	"PCSK9"
"M2"	"BioGrid_Yeast"	"ATP2B2"
"M2"	"BioGrid_Yeast"	"FBP1"
"M2"	"BioGrid_Yeast"	"ABCG8"
"M2"	"BioGrid_Yeast"	"ARG1"
"M2"	"BioGrid_Yeast"	"KYNU"
"M2"	"BioGrid_Yeast"	"AKR1B10"
"M2"	"BioGrid_Yeast"	"RDH12"
"M2"	"BioGrid_Yeast"	"PKM"
"M2"	"BioGrid_Yeast"	"KMO"
"M2"	"BioGrid_Yeast"	"PKLR"
"M2"	"BioGrid_Yeast"	"AGXT"
"M2"	"BioGrid_Yeast"	"SLC15A1"
"M2"	"BCI"	"UCHL1"
"M2"	"BCI"	"DNM1"
"M2"	"BCI"	"IHH"
"M2"	"BCI"	"APLP1"
"M2"	"BCI"	"PFKP"
"M2"	"BCI"	"SHBG"
"M2"	"BCI"	"CDK6"
"M2"	"BCI"	"EPHB2"
"M2"	"BCI"	"FXYD1"
"M2"	"BCI"	"EFNA2"
"M2"	"BCI"	"LBP"
"M2"	"BCI"	"SLC2A1"
"M2"	"BCI"	"ALDOC"
"M2"	"BCI"	"HRG"
"M2"	"BCI"	"PFN2"
"M2"	"BCI"	"PLIN1"
"M2"	"BCI"	"TF"
"M2"	"BCI"	"PKM"
"M2"	"BCI"	"CXCL2"
"M2"	"BCI"	"SERPINA3"
"M2"	"BCI"	"AGXT"
"M2"	"BCI"	"SERPINF2"
"M2"	"BCI"	"F12"
"M2"	"BCI"	"CP"
"M2"	"BCI"	"PLA2G2A"
"M2"	"BCI"	"F7"
"M2"	"BCI"	"C9"
"M2"	"BCI"	"EPHB6"
"M2"	"BCI"	"ATF5"
"M2"	"BCI"	"TNNI1"
"M2"	"BCI"	"IL1RN"
"M2"	"IntAct_Fly"	"GDA"
"M2"	"IntAct_Fly"	"CDK6"
"M2"	"IntAct_Fly"	"MBNL3"
"M2"	"IntAct_Fly"	"PAH"
"M2"	"IntAct_Fly"	"SHH"
"M2"	"IntAct_Fly"	"HGD"
"M2"	"IntAct_Fly"	"GPAM"
"M2"	"IntAct_Fly"	"MPPED1"
"M2"	"IntAct_Fly"	"UPB1"
"M2"	"IntAct_Fly"	"HS3ST3B1"
"M2"	"IntAct_Fly"	"FUT6"
"M2"	"DIP"	"DNM1"
"M2"	"DIP"	"APLP1"
"M2"	"DIP"	"APOA1"
"M2"	"DIP"	"FLNC"
"M2"	"DIP"	"F2"
"M2"	"DIP"	"PCSK9"
"M2"	"DIP"	"CDK6"
"M2"	"DIP"	"NR0B2"
"M2"	"DIP"	"CLDN3"
"M2"	"DIP"	"GPR37"
"M2"	"DIP"	"EPHB2"
"M2"	"DIP"	"FBP1"
"M2"	"DIP"	"BHLHE41"
"M2"	"DIP"	"LBP"
"M2"	"DIP"	"SLC2A1"
"M2"	"DIP"	"HGFAC"
"M2"	"DIP"	"IGFBP1"
"M2"	"DIP"	"TNFSF14"
"M2"	"DIP"	"TTR"
"M2"	"DIP"	"PKM"
"M2"	"DIP"	"APCS"
"M2"	"DIP"	"MYOM1"
"M2"	"DIP"	"VLDLR"
"M2"	"DIP"	"AGXT"
"M2"	"DIP"	"SERPINC1"
"M2"	"DIP"	"FGB"
"M2"	"DIP"	"F11"
"M2"	"DIP"	"SERPINA5"
"M2"	"DIP"	"APOH"
"M2"	"DIP"	"MST1"
"M2"	"DIP"	"LRG1"
"M2"	"DIP"	"F7"
"M2"	"DIP"	"APOA4"
"M2"	"DIP"	"DDC"
"M2"	"DIP"	"C9"
"M2"	"DIP"	"IL1RN"
"M2"	"DIP"	"RORC"
"M2"	"DIP"	"IL22RA1"
"M2"	"DIP"	"APCDD1"
"M2"	"DIP_Yeast"	"PFKP"
"M2"	"DIP_Yeast"	"ATP2B2"
"M2"	"DIP_Yeast"	"FBP1"
"M2"	"DIP_Yeast"	"ABCG8"
"M2"	"DIP_Yeast"	"ARG1"
"M2"	"DIP_Yeast"	"PKM"
"M2"	"DIP_Yeast"	"KMO"
"M2"	"DIP_Yeast"	"AGXT"
"M2"	"BIND_Mouse"	"ABCC2"
"M2"	"BIND_Mouse"	"CDK6"
"M2"	"BIND_Mouse"	"EFNA2"
"M2"	"BIND_Mouse"	"SLC17A1"
"M2"	"BIND_Mouse"	"HOXA13"
"M2"	"BIND_Mouse"	"IGFALS"
"M2"	"BIND_Mouse"	"PLG"
"M2"	"BIND_Mouse"	"FST"
"M2"	"BIND_Mouse"	"GNMT"
"M2"	"MINT_Mouse"	"CLDN3"
"M2"	"MINT_Mouse"	"SLC17A1"
"M2"	"MINT_Mouse"	"LECT2"
"M2"	"MINT_Mouse"	"PFN2"
"M2"	"MINT_Mouse"	"AGTR1"
"M2"	"MINT_Mouse"	"IGFALS"
"M2"	"MINT_Mouse"	"CLDN14"
"M2"	"MINT_Mouse"	"CLDN7"
"M2"	"BioGrid_Fly"	"DNM1"
"M2"	"BioGrid_Fly"	"CDK6"
"M2"	"BioGrid_Fly"	"MBNL3"
"M2"	"BioGrid_Fly"	"AKR1B10"
"M2"	"BioGrid_Fly"	"PAH"
"M2"	"BioGrid_Fly"	"PKM"
"M2"	"BioGrid_Fly"	"SHH"
"M2"	"BioGrid_Fly"	"HGD"
"M2"	"BioGrid_Fly"	"SLC15A1"
"M2"	"BioGrid_Fly"	"GPAM"
"M2"	"BioGrid_Fly"	"MPPED1"
"M2"	"BioGrid_Fly"	"DDC"
"M2"	"BioGrid_Fly"	"WLS"
"M2"	"BioGrid_Fly"	"UPB1"
"M2"	"BioGrid_Fly"	"PGLYRP2"
"M2"	"MINT"	"ALB"
"M2"	"MINT"	"SYNE4"
"M2"	"MINT"	"CBLC"
"M2"	"MINT"	"SPP1"
"M2"	"MINT"	"DNM1"
"M2"	"MINT"	"MBL2"
"M2"	"MINT"	"AHSG"
"M2"	"MINT"	"APLP1"
"M2"	"MINT"	"APOA1"
"M2"	"MINT"	"FLNC"
"M2"	"MINT"	"CBS"
"M2"	"MINT"	"ATP2B2"
"M2"	"MINT"	"HP"
"M2"	"MINT"	"CDK6"
"M2"	"MINT"	"FBP1"
"M2"	"MINT"	"SLC2A1"
"M2"	"MINT"	"ABCG8"
"M2"	"MINT"	"ARG1"
"M2"	"MINT"	"LGALS4"
"M2"	"MINT"	"TTR"
"M2"	"MINT"	"RDH12"
"M2"	"MINT"	"PFN2"
"M2"	"MINT"	"APOA2"
"M2"	"MINT"	"TM4SF4"
"M2"	"MINT"	"TDGF1"
"M2"	"MINT"	"GC"
"M2"	"MINT"	"TF"
"M2"	"MINT"	"AGTR1"
"M2"	"MINT"	"APCS"
"M2"	"MINT"	"S100A6"
"M2"	"MINT"	"FGA"
"M2"	"MINT"	"SERPINA5"
"M2"	"MINT"	"APOH"
"M2"	"MINT"	"MST1"
"M2"	"MINT"	"GSTM3"
"M2"	"MINT"	"PLA2G2A"
"M2"	"MINT"	"FST"
"M2"	"MINT"	"SYT17"
"M2"	"MINT"	"EPHB6"
"M2"	"MINT"	"GNMT"
"M2"	"MINT"	"SH3RF3"
"M2"	"MINT"	"FGF21"
"M2"	"MINT"	"TNNI1"
"M2"	"MINT"	"ABCG5"
"M2"	"MINT"	"VSNL1"
"M2"	"MINT"	"SLC38A3"
"M2"	"MINT"	"CLDN7"
"M2"	"MINT"	"NEU4"
"M2"	"MINT"	"PTPRH"
"M2"	"MINT_Yeast"	"PFKP"
"M2"	"MINT_Yeast"	"ATP2B2"
"M2"	"MINT_Yeast"	"FBP1"
"M2"	"MINT_Yeast"	"ABCG8"
"M2"	"MINT_Yeast"	"ARG1"
"M2"	"MINT_Yeast"	"AKR1B10"
"M2"	"MINT_Yeast"	"GLDC"
"M2"	"Tarassov_PCA"	"ATP2B2"
"M2"	"Tarassov_PCA"	"AKR1B10"
"M2"	"IntAct_Yeast"	"PFKP"
"M2"	"IntAct_Yeast"	"PCSK9"
"M2"	"IntAct_Yeast"	"ATP2B2"
"M2"	"IntAct_Yeast"	"FBP1"
"M2"	"IntAct_Yeast"	"ABCG8"
"M2"	"IntAct_Yeast"	"ARG1"
"M2"	"IntAct_Yeast"	"KYNU"
"M2"	"IntAct_Yeast"	"AKR1B10"
"M2"	"IntAct_Yeast"	"PKM"
"M2"	"IntAct_Yeast"	"KMO"
"M2"	"IntAct_Yeast"	"PKLR"
"M2"	"IntAct_Yeast"	"GLDC"
"M2"	"YeastMedium"	"PFKP"
"M2"	"YeastMedium"	"FBP1"
"M2"	"YeastMedium"	"ARG1"
"M2"	"YeastMedium"	"KYNU"
"M2"	"YeastMedium"	"PKM"
"M2"	"YeastMedium"	"AGXT"
"M2"	"StelzlMedium"	"ALB"
"M2"	"StelzlMedium"	"APLP1"
"M2"	"StelzlMedium"	"LGALS4"
"M2"	"StelzlMedium"	"TTR"
"M2"	"StelzlMedium"	"GC"
"M2"	"StelzlMedium"	"SERPINA5"
"M2"	"StelzlMedium"	"SLC38A3"
"M2"	"VidalHuman_non_core"	"PFKP"
"M2"	"VidalHuman_non_core"	"CBS"
"M2"	"VidalHuman_non_core"	"CLDN3"
"M2"	"VidalHuman_non_core"	"FBP1"
"M2"	"VidalHuman_non_core"	"RASD1"
"M2"	"VidalHuman_non_core"	"CXCL2"
"M2"	"VidalHuman_non_core"	"SAA4"
"M2"	"VidalHuman_non_core"	"SERPINA5"
"M2"	"VidalHuman_non_core"	"GNMT"
"M2"	"VidalHuman_non_core"	"RORC"
"M2"	"VidalHuman_non_core"	"CLDN7"
"M2"	"DIP_Fly"	"MBNL3"
"M2"	"DIP_Fly"	"PAH"
"M2"	"DIP_Fly"	"PKM"
"M2"	"DIP_Fly"	"HGD"
"M2"	"DIP_Fly"	"GPAM"
"M2"	"DIP_Fly"	"MPPED1"
"M2"	"DIP_Fly"	"UPB1"
"M2"	"DIP_Fly"	"PGLYRP2"
"M2"	"BIND_Fly"	"PAH"
"M2"	"BIND_Fly"	"HGD"
"M2"	"BIND_Fly"	"SLC15A1"
"M2"	"BIND_Fly"	"MPPED1"
"M2"	"BIND_Fly"	"UPB1"
"M2"	"BIND_Fly"	"PGLYRP2"
"M2"	"FlyLow"	"MBNL3"
"M2"	"FlyLow"	"PAH"
"M2"	"FlyLow"	"GPAM"
"M2"	"BIND_Rat"	"ALB"
"M2"	"BIND_Rat"	"DNM1"
"M2"	"BIND_Rat"	"ARG1"
"M2"	"BIND_Rat"	"TTR"
"M2"	"BIND_Rat"	"GSTA1"
"M2"	"BIND_Rat"	"MAT1A"
"M2"	"MINT_Rat"	"DNM1"
"M2"	"MINT_Rat"	"AGTR1"
"M2"	"MINT_Rat"	"CNGA1"
"M2"	"StelzlHigh"	"FBP1"
"M2"	"StelzlHigh"	"TTR"
"M2"	"I2D-text_mining-c"	"CLDN3"
"M2"	"DIP_Rat"	"DNM1"
"M2"	"DIP_Rat"	"APOA1"
"M2"	"DIP_Rat"	"HAL"
"M2"	"StelzlLow"	"PLA2G2A"
"M2"	"StelzlLow"	"KIAA1549"
"M2"	"BioGrid_Rat"	"SPP1"
"M2"	"BioGrid_Rat"	"APOA1"
"M2"	"BioGrid_Rat"	"NR0B2"
"M2"	"BioGrid_Rat"	"SLC2A1"
"M2"	"BioGrid_Rat"	"AGTR1"
"M2"	"BioGrid_Rat"	"CYP3A7"
"M2"	"BIND_Yeast"	"PFKP"
"M2"	"BIND_Yeast"	"FBP1"
"M2"	"BIND_Yeast"	"ABCG8"
"M2"	"BIND_Yeast"	"ARG1"
"M2"	"MIPS"	"PFKP"
"M2"	"MIPS"	"FBP1"
"M2"	"MIPS"	"ABCG8"
"M2"	"MIPS"	"ARG1"
"M2"	"IntAct_Worm"	"GULP1"
"M2"	"IntAct_Worm"	"DNM1"
"M2"	"IntAct_Worm"	"ALDOC"
"M2"	"IntAct_Worm"	"HGD"
"M2"	"IntAct_Worm"	"WLS"
"M2"	"IntAct_Worm"	"HAL"
"M2"	"IntAct_Worm"	"XDH"
"M2"	"IntAct_Worm"	"MYO7B"
"M2"	"IntAct_Worm"	"UPB1"
"M2"	"VidalHuman_core"	"SPP1"
"M2"	"VidalHuman_core"	"CBS"
"M2"	"VidalHuman_core"	"FBP1"
"M2"	"VidalHuman_core"	"GSTM3"
"M2"	"VidalHuman_core"	"GNMT"
"M2"	"VidalHuman_core"	"TNNI1"
"M2"	"VidalHuman_core"	"CLDN7"
"M2"	"BioGrid_Worm"	"DNM1"
"M2"	"BioGrid_Worm"	"ALDOC"
"M2"	"BioGrid_Worm"	"HGD"
"M2"	"BioGrid_Worm"	"MPPED1"
"M2"	"BIND_Worm"	"ALDOC"
"M2"	"BIND_Worm"	"HGD"
"M2"	"CORE_2"	"ALDOC"
"M2"	"CORE_2"	"HGD"
"M2"	"DIP_Worm"	"ALDOC"
"M2"	"DIP_Worm"	"HGD"
"M2"	"DIP_Worm"	"MPPED1"
"M2"	"IntAct_Rat"	"SPP1"
"M2"	"IntAct_Rat"	"DNM1"
"M2"	"IntAct_Rat"	"ABCC2"
"M2"	"IntAct_Rat"	"FLNC"
"M2"	"IntAct_Rat"	"ATP2B2"
"M2"	"IntAct_Rat"	"FABP1"
"M2"	"IntAct_Rat"	"MAT1A"
"M2"	"IntAct_Rat"	"CNGA1"
"M2"	"Krogan_Core"	"PFKP"
"M2"	"Krogan_Core"	"FBP1"
"M2"	"Krogan_Core"	"AKR1B10"
"M2"	"Yu_GoldStd"	"PFKP"
"M2"	"Yu_GoldStd"	"PKM"
"M2"	"ShawnLi"	"SERPINC1"
"M2"	"YeastHigh"	"GLDC"
"M2"	"FlyHigh"	"GDA"
"M2"	"FlyHigh"	"PAH"
"M2"	"FlyHigh"	"HGD"
"M2"	"FlyHigh"	"SLC15A1"
"M2"	"FlyHigh"	"GPAM"
"M2"	"FlyHigh"	"MPPED1"
"M2"	"FlyHigh"	"UPB1"
"M2"	"CORE_1"	"MPPED1"
"M2"	"Krogan_NonCore"	"PFKP"
"M2"	"Krogan_NonCore"	"KYNU"
"M2"	"Krogan_NonCore"	"PKLR"
"M2"	"MINT_Fly"	"PAH"
"M2"	"MINT_Fly"	"HGD"
"M2"	"MINT_Fly"	"GPAM"
"M2"	"MINT_Fly"	"MPPED1"
"M2"	"MINT_Fly"	"DDC"
"M2"	"MINT_Fly"	"UPB1"
"M2"	"MINT_Fly"	"PGLYRP2"
"M2"	"I2D-c_Mouse"	"TLE6"
"M2"	"Fawcett_polarity_Rat"	"DNM1"
"M2"	"Fawcett_polarity_Rat"	"BDH1"
"M3"	"BioGrid"	"AQP1"
"M3"	"BioGrid"	"NDN"
"M3"	"BioGrid"	"CREB3L1"
"M3"	"BioGrid"	"OBSL1"
"M3"	"BioGrid"	"CRYAB"
"M3"	"BioGrid"	"MDFI"
"M3"	"BioGrid"	"FOS"
"M3"	"BioGrid"	"EGR1"
"M3"	"BioGrid"	"LGALS3BP"
"M3"	"BioGrid"	"VCAN"
"M3"	"BioGrid"	"LUM"
"M3"	"BioGrid"	"LTF"
"M3"	"BioGrid"	"MAPK10"
"M3"	"BioGrid"	"A2M"
"M3"	"BioGrid"	"LGALS3"
"M3"	"BioGrid"	"CDH1"
"M3"	"BioGrid"	"PTN"
"M3"	"BioGrid"	"DCN"
"M3"	"BioGrid"	"F2RL1"
"M3"	"BioGrid"	"ITGA3"
"M3"	"BioGrid"	"GEM"
"M3"	"BioGrid"	"CRMP1"
"M3"	"BioGrid"	"ANK3"
"M3"	"BioGrid"	"NGFR"
"M3"	"BioGrid"	"PBX1"
"M3"	"BioGrid"	"TRPV4"
"M3"	"BioGrid"	"FBLN1"
"M3"	"BioGrid"	"HSPG2"
"M3"	"BioGrid"	"EFEMP1"
"M3"	"BioGrid"	"SDCBP2"
"M3"	"BioGrid"	"ELN"
"M3"	"BioGrid"	"FZD7"
"M3"	"BioGrid"	"HSPB8"
"M3"	"BioGrid"	"EMILIN1"
"M3"	"BioGrid"	"COL1A2"
"M3"	"BioGrid"	"TNC"
"M3"	"BioGrid"	"LDOC1"
"M3"	"BioGrid"	"NKD2"
"M3"	"BioGrid"	"DACT1"
"M3"	"BioGrid"	"EPHA3"
"M3"	"BioGrid"	"ACP5"
"M3"	"BioGrid"	"PDGFRA"
"M3"	"BioGrid"	"PTH1R"
"M3"	"BioGrid"	"EGR2"
"M3"	"BioGrid"	"CCNK"
"M3"	"BioGrid"	"TNFRSF11B"
"M3"	"BioGrid"	"TCAP"
"M3"	"BioGrid"	"MYH11"
"M3"	"BioGrid"	"MOXD1"
"M3"	"BioGrid"	"FBLN2"
"M3"	"BioGrid"	"NR4A1"
"M3"	"BioGrid"	"COL1A1"
"M3"	"BioGrid"	"COL3A1"
"M3"	"BioGrid"	"COL5A1"
"M3"	"BioGrid"	"HEYL"
"M3"	"BioGrid"	"CXCL8"
"M3"	"BioGrid"	"TEK"
"M3"	"BioGrid"	"SLPI"
"M3"	"BioGrid"	"CNTFR"
"M3"	"BioGrid"	"COL7A1"
"M3"	"BioGrid"	"FCGR2B"
"M3"	"BioGrid"	"PTGDS"
"M3"	"BioGrid"	"CELSR3"
"M3"	"BioGrid"	"PHLDA3"
"M3"	"BioGrid"	"LOXL4"
"M3"	"BioGrid"	"TXNDC5"
"M3"	"BioGrid"	"SERPINE1"
"M3"	"BioGrid"	"APOD"
"M3"	"BioGrid"	"CCL21"
"M3"	"BioGrid"	"KRT7"
"M3"	"BioGrid"	"KLHL3"
"M3"	"BioGrid"	"SNCG"
"M3"	"BioGrid"	"WNT4"
"M3"	"BioGrid"	"PTPRS"
"M3"	"BioGrid"	"KCNE4"
"M3"	"BioGrid"	"FKBP10"
"M3"	"BioGrid"	"HIST1H2AG"
"M3"	"BioGrid"	"FCN3"
"M3"	"BioGrid"	"ITPR3"
"M3"	"BioGrid"	"TIMP1"
"M3"	"BioGrid"	"SLIT2"
"M3"	"BioGrid"	"SEMA6A"
"M3"	"BioGrid"	"ADCY5"
"M3"	"BioGrid"	"ADAM12"
"M3"	"BioGrid"	"COL8A1"
"M3"	"BioGrid"	"FBLN5"
"M3"	"BioGrid"	"CRP"
"M3"	"BioGrid"	"KLHL29"
"M3"	"BioGrid"	"THBS1"
"M3"	"BioGrid"	"SERPINE2"
"M3"	"BioGrid"	"IGFBP5"
"M3"	"BioGrid"	"LAMC3"
"M3"	"BioGrid"	"MMP7"
"M3"	"BioGrid"	"HGF"
"M3"	"BioGrid"	"MMP2"
"M3"	"BioGrid"	"BGN"
"M3"	"BioGrid"	"TGFB2"
"M3"	"BioGrid"	"FMOD"
"M3"	"BioGrid"	"DPT"
"M3"	"BioGrid"	"FAP"
"M3"	"BioGrid"	"CXCL12"
"M3"	"BioGrid"	"CXCL1"
"M3"	"BioGrid"	"PRELP"
"M3"	"BioGrid"	"CCL2"
"M3"	"BioGrid"	"S100A1"
"M3"	"BioGrid"	"RGS4"
"M3"	"BioGrid"	"ALOX5"
"M3"	"BioGrid"	"PDE1A"
"M3"	"BioGrid"	"COL14A1"
"M3"	"BioGrid"	"KISS1"
"M3"	"BioGrid"	"PTGIS"
"M3"	"BioGrid"	"MCTP2"
"M3"	"BioGrid"	"XAF1"
"M3"	"BioGrid"	"PRICKLE2"
"M3"	"BioGrid"	"IQCH"
"M3"	"BioGrid"	"SULF1"
"M3"	"BioGrid"	"RASL10B"
"M3"	"BioGrid"	"OLFM1"
"M3"	"BioGrid"	"EBF4"
"M3"	"BioGrid"	"ARMCX3"
"M3"	"BioGrid"	"PCDHGC3"
"M3"	"BioGrid"	"ASAP2"
"M3"	"BioGrid"	"EPHB3"
"M3"	"BioGrid"	"KCNS3"
"M3"	"BioGrid"	"TIMP3"
"M3"	"BioGrid"	"GPC4"
"M3"	"BioGrid"	"SUSD2"
"M3"	"BioGrid"	"KIF26B"
"M3"	"BioGrid"	"BASP1"
"M3"	"BioGrid"	"NID2"
"M3"	"BioGrid"	"MFAP2"
"M3"	"BioGrid"	"RRAD"
"M3"	"BioGrid"	"TNXB"
"M3"	"BioGrid"	"MSC"
"M3"	"BioGrid"	"CACNA1H"
"M3"	"BioGrid"	"ABI3BP"
"M3"	"BioGrid"	"FOSB"
"M3"	"BioGrid"	"ADAMTSL2"
"M3"	"BioGrid"	"RTN4RL1"
"M3"	"BioGrid"	"ARHGEF16"
"M3"	"BioGrid"	"PTGFR"
"M3"	"BioGrid"	"SGIP1"
"M3"	"BioGrid"	"PLAG1"
"M3"	"BioGrid"	"LOXL1"
"M3"	"BioGrid"	"CDH6"
"M3"	"BioGrid"	"NR4A3"
"M3"	"BioGrid"	"RAB11FIP1"
"M3"	"BioGrid"	"PRRX1"
"M3"	"BioGrid"	"FKBP1B"
"M3"	"BioGrid"	"MN1"
"M3"	"BioGrid"	"INMT"
"M3"	"BioGrid"	"FAM110C"
"M3"	"BioGrid"	"AMOTL1"
"M3"	"BioGrid"	"PTGDR2"
"M3"	"BioGrid"	"SLC1A7"
"M3"	"BioGrid"	"APLN"
"M3"	"BioGrid"	"LRRN2"
"M3"	"INNATEDB"	"AQP1"
"M3"	"INNATEDB"	"NDN"
"M3"	"INNATEDB"	"MDFI"
"M3"	"INNATEDB"	"FOS"
"M3"	"INNATEDB"	"EGR1"
"M3"	"INNATEDB"	"LGALS3BP"
"M3"	"INNATEDB"	"VCAN"
"M3"	"INNATEDB"	"LTF"
"M3"	"INNATEDB"	"MAPK10"
"M3"	"INNATEDB"	"A2M"
"M3"	"INNATEDB"	"LGALS3"
"M3"	"INNATEDB"	"CDH1"
"M3"	"INNATEDB"	"PTN"
"M3"	"INNATEDB"	"DCN"
"M3"	"INNATEDB"	"F2RL1"
"M3"	"INNATEDB"	"ITGA3"
"M3"	"INNATEDB"	"CRMP1"
"M3"	"INNATEDB"	"PBX1"
"M3"	"INNATEDB"	"TRPV4"
"M3"	"INNATEDB"	"ELN"
"M3"	"INNATEDB"	"CCL19"
"M3"	"INNATEDB"	"COL1A2"
"M3"	"INNATEDB"	"LDOC1"
"M3"	"INNATEDB"	"NKD2"
"M3"	"INNATEDB"	"PDGFRA"
"M3"	"INNATEDB"	"CCNK"
"M3"	"INNATEDB"	"NR4A1"
"M3"	"INNATEDB"	"COL1A1"
"M3"	"INNATEDB"	"CXCL8"
"M3"	"INNATEDB"	"TEK"
"M3"	"INNATEDB"	"HIST1H2BC"
"M3"	"INNATEDB"	"ATP1B2"
"M3"	"INNATEDB"	"CELSR3"
"M3"	"INNATEDB"	"APOD"
"M3"	"INNATEDB"	"TIMP1"
"M3"	"INNATEDB"	"CRP"
"M3"	"INNATEDB"	"THBS1"
"M3"	"INNATEDB"	"MMP2"
"M3"	"INNATEDB"	"BGN"
"M3"	"INNATEDB"	"CXCL1"
"M3"	"INNATEDB"	"CCL2"
"M3"	"INNATEDB"	"ALOX5"
"M3"	"INNATEDB"	"COL14A1"
"M3"	"INNATEDB"	"XAF1"
"M3"	"INNATEDB"	"ASAP2"
"M3"	"INNATEDB"	"TIMP3"
"M3"	"INNATEDB"	"DEFB1"
"M3"	"INNATEDB"	"NID2"
"M3"	"INNATEDB"	"CACNA1H"
"M3"	"INNATEDB"	"PFKFB3"
"M3"	"INNATEDB"	"SLC6A6"
"M3"	"INNATEDB"	"SBSPON"
"M3"	"INNATEDB"	"NR4A3"
"M3"	"INNATEDB"	"SLC22A17"
"M3"	"IntAct"	"AQP1"
"M3"	"IntAct"	"NDN"
"M3"	"IntAct"	"CREB3L1"
"M3"	"IntAct"	"OBSL1"
"M3"	"IntAct"	"CRYAB"
"M3"	"IntAct"	"MDFI"
"M3"	"IntAct"	"FOS"
"M3"	"IntAct"	"EGR1"
"M3"	"IntAct"	"LGALS3BP"
"M3"	"IntAct"	"VCAN"
"M3"	"IntAct"	"SSC5D"
"M3"	"IntAct"	"LTF"
"M3"	"IntAct"	"MAPK10"
"M3"	"IntAct"	"A2M"
"M3"	"IntAct"	"LGALS3"
"M3"	"IntAct"	"CDH1"
"M3"	"IntAct"	"PTN"
"M3"	"IntAct"	"F2RL1"
"M3"	"IntAct"	"GEM"
"M3"	"IntAct"	"CRMP1"
"M3"	"IntAct"	"ANK3"
"M3"	"IntAct"	"NGFR"
"M3"	"IntAct"	"PBX1"
"M3"	"IntAct"	"TRPV4"
"M3"	"IntAct"	"ADGRL1"
"M3"	"IntAct"	"FBLN1"
"M3"	"IntAct"	"HSPG2"
"M3"	"IntAct"	"EFEMP1"
"M3"	"IntAct"	"C1QTNF1"
"M3"	"IntAct"	"ERICH2"
"M3"	"IntAct"	"SDCBP2"
"M3"	"IntAct"	"ELN"
"M3"	"IntAct"	"HSPB6"
"M3"	"IntAct"	"HSPB8"
"M3"	"IntAct"	"EMILIN1"
"M3"	"IntAct"	"COL1A2"
"M3"	"IntAct"	"TUSC3"
"M3"	"IntAct"	"LDOC1"
"M3"	"IntAct"	"NKD2"
"M3"	"IntAct"	"DACT1"
"M3"	"IntAct"	"EPHA3"
"M3"	"IntAct"	"ACP5"
"M3"	"IntAct"	"PDGFRA"
"M3"	"IntAct"	"PTH1R"
"M3"	"IntAct"	"EGR2"
"M3"	"IntAct"	"CCNK"
"M3"	"IntAct"	"TCAP"
"M3"	"IntAct"	"MYH11"
"M3"	"IntAct"	"MOXD1"
"M3"	"IntAct"	"SFRP4"
"M3"	"IntAct"	"DKK3"
"M3"	"IntAct"	"FBLN2"
"M3"	"IntAct"	"NR4A1"
"M3"	"IntAct"	"HEYL"
"M3"	"IntAct"	"CXCL8"
"M3"	"IntAct"	"TEK"
"M3"	"IntAct"	"SLPI"
"M3"	"IntAct"	"CNTFR"
"M3"	"IntAct"	"SVEP1"
"M3"	"IntAct"	"COL7A1"
"M3"	"IntAct"	"ITIH5"
"M3"	"IntAct"	"HIST1H2BC"
"M3"	"IntAct"	"FCGR2B"
"M3"	"IntAct"	"PTGDS"
"M3"	"IntAct"	"CELSR3"
"M3"	"IntAct"	"FLRT2"
"M3"	"IntAct"	"PHLDA3"
"M3"	"IntAct"	"OVGP1"
"M3"	"IntAct"	"LOXL4"
"M3"	"IntAct"	"TXNDC5"
"M3"	"IntAct"	"SERPINE1"
"M3"	"IntAct"	"APOD"
"M3"	"IntAct"	"CCL21"
"M3"	"IntAct"	"KRT7"
"M3"	"IntAct"	"KLHL3"
"M3"	"IntAct"	"SNCG"
"M3"	"IntAct"	"WNT4"
"M3"	"IntAct"	"MXRA5"
"M3"	"IntAct"	"CEMIP"
"M3"	"IntAct"	"PTPRS"
"M3"	"IntAct"	"SDK1"
"M3"	"IntAct"	"FAT4"
"M3"	"IntAct"	"HIST1H2AG"
"M3"	"IntAct"	"ANTXR1"
"M3"	"IntAct"	"PHYHIPL"
"M3"	"IntAct"	"ITPR3"
"M3"	"IntAct"	"TIMP1"
"M3"	"IntAct"	"SLIT2"
"M3"	"IntAct"	"GPC1"
"M3"	"IntAct"	"LAMA2"
"M3"	"IntAct"	"ADAM12"
"M3"	"IntAct"	"COL8A1"
"M3"	"IntAct"	"FBLN5"
"M3"	"IntAct"	"CRP"
"M3"	"IntAct"	"KLHL29"
"M3"	"IntAct"	"THBS1"
"M3"	"IntAct"	"LAMC3"
"M3"	"IntAct"	"PCOLCE"
"M3"	"IntAct"	"MMP7"
"M3"	"IntAct"	"HGF"
"M3"	"IntAct"	"MMP2"
"M3"	"IntAct"	"BGN"
"M3"	"IntAct"	"FAP"
"M3"	"IntAct"	"CXCL12"
"M3"	"IntAct"	"CXCL1"
"M3"	"IntAct"	"S100A1"
"M3"	"IntAct"	"SEL1L3"
"M3"	"IntAct"	"HSD17B3"
"M3"	"IntAct"	"ALOX5"
"M3"	"IntAct"	"PDE1A"
"M3"	"IntAct"	"PRICKLE2"
"M3"	"IntAct"	"RASL10B"
"M3"	"IntAct"	"ARMCX3"
"M3"	"IntAct"	"PCDHGC3"
"M3"	"IntAct"	"ASAP2"
"M3"	"IntAct"	"EPHB3"
"M3"	"IntAct"	"KCNS3"
"M3"	"IntAct"	"TIMP3"
"M3"	"IntAct"	"DEFB1"
"M3"	"IntAct"	"COL4A4"
"M3"	"IntAct"	"BASP1"
"M3"	"IntAct"	"NID2"
"M3"	"IntAct"	"ID4"
"M3"	"IntAct"	"RRAD"
"M3"	"IntAct"	"TNXB"
"M3"	"IntAct"	"MSC"
"M3"	"IntAct"	"CACNA1H"
"M3"	"IntAct"	"ABI3BP"
"M3"	"IntAct"	"PFKFB3"
"M3"	"IntAct"	"ADAMTSL2"
"M3"	"IntAct"	"SPIRE1"
"M3"	"IntAct"	"COL6A3"
"M3"	"IntAct"	"ARHGEF16"
"M3"	"IntAct"	"GREM1"
"M3"	"IntAct"	"MEGF6"
"M3"	"IntAct"	"PLAG1"
"M3"	"IntAct"	"LOXL1"
"M3"	"IntAct"	"RAB11FIP1"
"M3"	"IntAct"	"MYO1A"
"M3"	"IntAct"	"FKBP1B"
"M3"	"IntAct"	"HENMT1"
"M3"	"IntAct"	"INMT"
"M3"	"IntAct"	"PRSS8"
"M3"	"IntAct"	"AMOTL1"
"M3"	"IntAct"	"APLN"
"M3"	"IntAct"	"NOMO3"
"M3"	"IntAct"	"CYP1B1"
"M3"	"IntAct"	"POSTN"
"M3"	"BioGrid_Fly"	"SPON1"
"M3"	"BioGrid_Fly"	"CRYAB"
"M3"	"BioGrid_Fly"	"ANK3"
"M3"	"BioGrid_Fly"	"TUSC3"
"M3"	"BioGrid_Fly"	"MOXD1"
"M3"	"BioGrid_Fly"	"FBLN2"
"M3"	"BioGrid_Fly"	"TXNDC5"
"M3"	"BioGrid_Fly"	"KLHL3"
"M3"	"BioGrid_Fly"	"FAT4"
"M3"	"BioGrid_Fly"	"HIST1H2AG"
"M3"	"BioGrid_Fly"	"MFAP4"
"M3"	"BioGrid_Fly"	"SLIT2"
"M3"	"BioGrid_Fly"	"ADCY5"
"M3"	"BioGrid_Fly"	"FAP"
"M3"	"BioGrid_Fly"	"SCD5"
"M3"	"DIP_Fly"	"SPON1"
"M3"	"DIP_Fly"	"CRYAB"
"M3"	"DIP_Fly"	"PBX1"
"M3"	"DIP_Fly"	"MOXD1"
"M3"	"DIP_Fly"	"FBLN2"
"M3"	"DIP_Fly"	"ATP1B2"
"M3"	"DIP_Fly"	"APOD"
"M3"	"DIP_Fly"	"KLHL3"
"M3"	"DIP_Fly"	"WNT4"
"M3"	"DIP_Fly"	"FAT4"
"M3"	"DIP_Fly"	"HIST1H2AG"
"M3"	"DIP_Fly"	"FAP"
"M3"	"DIP_Fly"	"SCD5"
"M3"	"BioGrid_Mouse"	"AQP1"
"M3"	"BioGrid_Mouse"	"NDN"
"M3"	"BioGrid_Mouse"	"FOS"
"M3"	"BioGrid_Mouse"	"EGR1"
"M3"	"BioGrid_Mouse"	"MAPK10"
"M3"	"BioGrid_Mouse"	"LGALS3"
"M3"	"BioGrid_Mouse"	"CDH1"
"M3"	"BioGrid_Mouse"	"CRMP1"
"M3"	"BioGrid_Mouse"	"ANK3"
"M3"	"BioGrid_Mouse"	"NGFR"
"M3"	"BioGrid_Mouse"	"PBX1"
"M3"	"BioGrid_Mouse"	"FZD7"
"M3"	"BioGrid_Mouse"	"NKD2"
"M3"	"BioGrid_Mouse"	"PDGFRA"
"M3"	"BioGrid_Mouse"	"EGR2"
"M3"	"BioGrid_Mouse"	"SFRP4"
"M3"	"BioGrid_Mouse"	"NR4A1"
"M3"	"BioGrid_Mouse"	"COL1A1"
"M3"	"BioGrid_Mouse"	"COL3A1"
"M3"	"BioGrid_Mouse"	"COL5A1"
"M3"	"BioGrid_Mouse"	"TEK"
"M3"	"BioGrid_Mouse"	"SLPI"
"M3"	"BioGrid_Mouse"	"FCGR2B"
"M3"	"BioGrid_Mouse"	"WNT4"
"M3"	"BioGrid_Mouse"	"ITPR3"
"M3"	"BioGrid_Mouse"	"SLIT2"
"M3"	"BioGrid_Mouse"	"COL8A1"
"M3"	"BioGrid_Mouse"	"THBS1"
"M3"	"BioGrid_Mouse"	"TGFB2"
"M3"	"BioGrid_Mouse"	"ALOX5"
"M3"	"BioGrid_Mouse"	"OLFM1"
"M3"	"BioGrid_Mouse"	"EPHB3"
"M3"	"BioGrid_Mouse"	"THBS2"
"M3"	"BioGrid_Mouse"	"AEBP1"
"M3"	"BioGrid_Mouse"	"CACNA1H"
"M3"	"BioGrid_Mouse"	"FOSB"
"M3"	"BioGrid_Mouse"	"NR4A3"
"M3"	"BioGrid_Mouse"	"SOD3"
"M3"	"HPRD"	"NDN"
"M3"	"HPRD"	"CREB3L1"
"M3"	"HPRD"	"SPON1"
"M3"	"HPRD"	"CRYAB"
"M3"	"HPRD"	"MDFI"
"M3"	"HPRD"	"FOS"
"M3"	"HPRD"	"EGR1"
"M3"	"HPRD"	"LGALS3BP"
"M3"	"HPRD"	"VCAN"
"M3"	"HPRD"	"LUM"
"M3"	"HPRD"	"LTF"
"M3"	"HPRD"	"MAPK10"
"M3"	"HPRD"	"A2M"
"M3"	"HPRD"	"LGALS3"
"M3"	"HPRD"	"PTN"
"M3"	"HPRD"	"DCN"
"M3"	"HPRD"	"F2RL1"
"M3"	"HPRD"	"ITGA3"
"M3"	"HPRD"	"GEM"
"M3"	"HPRD"	"CRMP1"
"M3"	"HPRD"	"F2RL3"
"M3"	"HPRD"	"ANK3"
"M3"	"HPRD"	"NGFR"
"M3"	"HPRD"	"PBX1"
"M3"	"HPRD"	"TRPV4"
"M3"	"HPRD"	"ADGRL1"
"M3"	"HPRD"	"FBLN1"
"M3"	"HPRD"	"HSPG2"
"M3"	"HPRD"	"C1QTNF1"
"M3"	"HPRD"	"SDCBP2"
"M3"	"HPRD"	"ELN"
"M3"	"HPRD"	"CCL19"
"M3"	"HPRD"	"FZD7"
"M3"	"HPRD"	"HSPB6"
"M3"	"HPRD"	"HSPB8"
"M3"	"HPRD"	"EMILIN1"
"M3"	"HPRD"	"COL1A2"
"M3"	"HPRD"	"TNC"
"M3"	"HPRD"	"TUSC3"
"M3"	"HPRD"	"LDOC1"
"M3"	"HPRD"	"EPHA3"
"M3"	"HPRD"	"ACP5"
"M3"	"HPRD"	"PDGFRA"
"M3"	"HPRD"	"PTH1R"
"M3"	"HPRD"	"EGR2"
"M3"	"HPRD"	"CCNK"
"M3"	"HPRD"	"TNFRSF11B"
"M3"	"HPRD"	"TCAP"
"M3"	"HPRD"	"FSTL3"
"M3"	"HPRD"	"CLDN11"
"M3"	"HPRD"	"DKK3"
"M3"	"HPRD"	"FBLN2"
"M3"	"HPRD"	"NR4A1"
"M3"	"HPRD"	"COL1A1"
"M3"	"HPRD"	"HEYL"
"M3"	"HPRD"	"CXCL8"
"M3"	"HPRD"	"TEK"
"M3"	"HPRD"	"CNTFR"
"M3"	"HPRD"	"SVEP1"
"M3"	"HPRD"	"CPXM2"
"M3"	"HPRD"	"COL7A1"
"M3"	"HPRD"	"LIF"
"M3"	"HPRD"	"HIST1H2BC"
"M3"	"HPRD"	"FCGR2B"
"M3"	"HPRD"	"PTGDS"
"M3"	"HPRD"	"CELSR3"
"M3"	"HPRD"	"OVGP1"
"M3"	"HPRD"	"LOXL4"
"M3"	"HPRD"	"SERPINE1"
"M3"	"HPRD"	"APOD"
"M3"	"HPRD"	"CCL21"
"M3"	"HPRD"	"KRT7"
"M3"	"HPRD"	"KLHL3"
"M3"	"HPRD"	"SNCG"
"M3"	"HPRD"	"CEMIP"
"M3"	"HPRD"	"PTPRS"
"M3"	"HPRD"	"FKBP10"
"M3"	"HPRD"	"HIST1H2AG"
"M3"	"HPRD"	"ANTXR1"
"M3"	"HPRD"	"FCN3"
"M3"	"HPRD"	"MFAP4"
"M3"	"HPRD"	"TIMP1"
"M3"	"HPRD"	"SLIT2"
"M3"	"HPRD"	"GPC1"
"M3"	"HPRD"	"SEMA6A"
"M3"	"HPRD"	"LAMA2"
"M3"	"HPRD"	"ADCY5"
"M3"	"HPRD"	"ADAM12"
"M3"	"HPRD"	"COL8A1"
"M3"	"HPRD"	"FBLN5"
"M3"	"HPRD"	"CRP"
"M3"	"HPRD"	"THBS1"
"M3"	"HPRD"	"SERPINE2"
"M3"	"HPRD"	"IGFBP5"
"M3"	"HPRD"	"PCOLCE"
"M3"	"HPRD"	"MMP7"
"M3"	"HPRD"	"C7"
"M3"	"HPRD"	"HGF"
"M3"	"HPRD"	"MMP2"
"M3"	"HPRD"	"BGN"
"M3"	"HPRD"	"TGFB2"
"M3"	"HPRD"	"FMOD"
"M3"	"HPRD"	"DPT"
"M3"	"HPRD"	"FAP"
"M3"	"HPRD"	"CXCL12"
"M3"	"HPRD"	"CXCL1"
"M3"	"HPRD"	"PRELP"
"M3"	"HPRD"	"CCL2"
"M3"	"HPRD"	"S100A1"
"M3"	"HPRD"	"RGS4"
"M3"	"HPRD"	"ALOX5"
"M3"	"HPRD"	"PDE1A"
"M3"	"HPRD"	"COL14A1"
"M3"	"HPRD"	"XAF1"
"M3"	"HPRD"	"BACE2"
"M3"	"HPRD"	"ASAP2"
"M3"	"HPRD"	"EPHB3"
"M3"	"HPRD"	"THBS2"
"M3"	"HPRD"	"TIMP3"
"M3"	"HPRD"	"DEFB1"
"M3"	"HPRD"	"GPC4"
"M3"	"HPRD"	"FOXC1"
"M3"	"HPRD"	"COL4A4"
"M3"	"HPRD"	"NID2"
"M3"	"HPRD"	"MGP"
"M3"	"HPRD"	"BDKRB2"
"M3"	"HPRD"	"ID4"
"M3"	"HPRD"	"MFAP2"
"M3"	"HPRD"	"RRAD"
"M3"	"HPRD"	"TNXB"
"M3"	"HPRD"	"MSC"
"M3"	"HPRD"	"AEBP1"
"M3"	"HPRD"	"CACNA1H"
"M3"	"HPRD"	"ABI3BP"
"M3"	"HPRD"	"FOSB"
"M3"	"HPRD"	"CDH11"
"M3"	"HPRD"	"LY6E"
"M3"	"HPRD"	"RTN4RL1"
"M3"	"HPRD"	"HUNK"
"M3"	"HPRD"	"PTGFR"
"M3"	"HPRD"	"MEGF6"
"M3"	"HPRD"	"PMEPA1"
"M3"	"HPRD"	"NPTXR"
"M3"	"HPRD"	"MAP6"
"M3"	"HPRD"	"PLAG1"
"M3"	"HPRD"	"LOXL1"
"M3"	"HPRD"	"CDH6"
"M3"	"HPRD"	"NR4A3"
"M3"	"HPRD"	"MYO1A"
"M3"	"HPRD"	"SOD3"
"M3"	"HPRD"	"FKBP1B"
"M3"	"HPRD"	"PRSS8"
"M3"	"HPRD"	"NOMO3"
"M3"	"HPRD"	"HAMP"
"M3"	"HPRD"	"APLNR"
"M3"	"MINT"	"AQP1"
"M3"	"MINT"	"CREB3L1"
"M3"	"MINT"	"OBSL1"
"M3"	"MINT"	"CRYAB"
"M3"	"MINT"	"MDFI"
"M3"	"MINT"	"FOS"
"M3"	"MINT"	"EGR1"
"M3"	"MINT"	"LUM"
"M3"	"MINT"	"MAPK10"
"M3"	"MINT"	"CDH1"
"M3"	"MINT"	"PTN"
"M3"	"MINT"	"GEM"
"M3"	"MINT"	"CRMP1"
"M3"	"MINT"	"NGFR"
"M3"	"MINT"	"PBX1"
"M3"	"MINT"	"EFEMP1"
"M3"	"MINT"	"SDCBP2"
"M3"	"MINT"	"FZD7"
"M3"	"MINT"	"HSPB6"
"M3"	"MINT"	"HSPB8"
"M3"	"MINT"	"EMILIN1"
"M3"	"MINT"	"LDOC1"
"M3"	"MINT"	"ACP5"
"M3"	"MINT"	"PDGFRA"
"M3"	"MINT"	"PTH1R"
"M3"	"MINT"	"EGR2"
"M3"	"MINT"	"CCNK"
"M3"	"MINT"	"TCAP"
"M3"	"MINT"	"NR4A1"
"M3"	"MINT"	"COL1A1"
"M3"	"MINT"	"HEYL"
"M3"	"MINT"	"TEK"
"M3"	"MINT"	"CNTFR"
"M3"	"MINT"	"COL7A1"
"M3"	"MINT"	"FCGR2B"
"M3"	"MINT"	"CELSR3"
"M3"	"MINT"	"FLRT2"
"M3"	"MINT"	"TXNDC5"
"M3"	"MINT"	"SERPINE1"
"M3"	"MINT"	"APOD"
"M3"	"MINT"	"CCL21"
"M3"	"MINT"	"KRT7"
"M3"	"MINT"	"PTPRS"
"M3"	"MINT"	"TIMP1"
"M3"	"MINT"	"SLIT2"
"M3"	"MINT"	"GPC1"
"M3"	"MINT"	"ADAM12"
"M3"	"MINT"	"CRP"
"M3"	"MINT"	"LTBP2"
"M3"	"MINT"	"IGFBP5"
"M3"	"MINT"	"DPT"
"M3"	"MINT"	"FAP"
"M3"	"MINT"	"S100A1"
"M3"	"MINT"	"ARMCX3"
"M3"	"MINT"	"ASAP2"
"M3"	"MINT"	"ID4"
"M3"	"MINT"	"COL16A1"
"M3"	"MINT"	"TNXB"
"M3"	"MINT"	"GREM1"
"M3"	"MINT"	"MYO1A"
"M3"	"VidalHuman_core"	"AQP1"
"M3"	"VidalHuman_core"	"MDFI"
"M3"	"VidalHuman_core"	"GEM"
"M3"	"VidalHuman_core"	"EFEMP1"
"M3"	"VidalHuman_core"	"SDCBP2"
"M3"	"VidalHuman_core"	"FZD7"
"M3"	"VidalHuman_core"	"HSPB8"
"M3"	"VidalHuman_core"	"EMILIN1"
"M3"	"VidalHuman_core"	"LDOC1"
"M3"	"VidalHuman_core"	"CCNK"
"M3"	"VidalHuman_core"	"CNTFR"
"M3"	"VidalHuman_core"	"S100A1"
"M3"	"VidalHuman_non_core"	"AQP1"
"M3"	"VidalHuman_non_core"	"MDFI"
"M3"	"VidalHuman_non_core"	"LGALS3BP"
"M3"	"VidalHuman_non_core"	"CRMP1"
"M3"	"VidalHuman_non_core"	"HSPB8"
"M3"	"VidalHuman_non_core"	"CNTFR"
"M3"	"VidalHuman_non_core"	"PTGDS"
"M3"	"VidalHuman_non_core"	"S100A1"
"M3"	"VidalHuman_non_core"	"ARMCX3"
"M3"	"MGI"	"NDN"
"M3"	"MGI"	"CDH1"
"M3"	"MGI"	"TCAP"
"M3"	"MGI"	"WNT4"
"M3"	"MGI"	"NID2"
"M3"	"BCI"	"AQP1"
"M3"	"BCI"	"CRYAB"
"M3"	"BCI"	"FOS"
"M3"	"BCI"	"EGR1"
"M3"	"BCI"	"VCAN"
"M3"	"BCI"	"MAPK10"
"M3"	"BCI"	"CDH1"
"M3"	"BCI"	"ITGA3"
"M3"	"BCI"	"ANK3"
"M3"	"BCI"	"NGFR"
"M3"	"BCI"	"FBLN1"
"M3"	"BCI"	"HSPG2"
"M3"	"BCI"	"ELN"
"M3"	"BCI"	"CCL19"
"M3"	"BCI"	"COL1A2"
"M3"	"BCI"	"TNC"
"M3"	"BCI"	"ACP5"
"M3"	"BCI"	"PDGFRA"
"M3"	"BCI"	"EGR2"
"M3"	"BCI"	"TCAP"
"M3"	"BCI"	"MYH11"
"M3"	"BCI"	"FBLN2"
"M3"	"BCI"	"NR4A1"
"M3"	"BCI"	"COL1A1"
"M3"	"BCI"	"COL3A1"
"M3"	"BCI"	"CXCL8"
"M3"	"BCI"	"TEK"
"M3"	"BCI"	"COL7A1"
"M3"	"BCI"	"FCGR2B"
"M3"	"BCI"	"PTGDS"
"M3"	"BCI"	"CELSR3"
"M3"	"BCI"	"SERPINE1"
"M3"	"BCI"	"APOD"
"M3"	"BCI"	"CCL21"
"M3"	"BCI"	"KRT7"
"M3"	"BCI"	"HIST1H2AG"
"M3"	"BCI"	"ITPR3"
"M3"	"BCI"	"GPC1"
"M3"	"BCI"	"THBS1"
"M3"	"BCI"	"IGFBP5"
"M3"	"BCI"	"MMP7"
"M3"	"BCI"	"C7"
"M3"	"BCI"	"FMOD"
"M3"	"BCI"	"DPT"
"M3"	"BCI"	"CXCL12"
"M3"	"BCI"	"ALOX5"
"M3"	"BCI"	"THBS2"
"M3"	"BCI"	"DEFB1"
"M3"	"BCI"	"BDKRB2"
"M3"	"BCI"	"AEBP1"
"M3"	"BCI"	"FOSB"
"M3"	"BCI"	"CDH11"
"M3"	"BCI"	"LY6E"
"M3"	"BioGrid_Rat"	"NDN"
"M3"	"BioGrid_Rat"	"CREB3L1"
"M3"	"BioGrid_Rat"	"CDH1"
"M3"	"BioGrid_Rat"	"DCN"
"M3"	"BioGrid_Rat"	"F2RL1"
"M3"	"BioGrid_Rat"	"NGFR"
"M3"	"BioGrid_Rat"	"TRPV4"
"M3"	"BioGrid_Rat"	"SDCBP2"
"M3"	"BioGrid_Rat"	"HSPB6"
"M3"	"BioGrid_Rat"	"DACT1"
"M3"	"BioGrid_Rat"	"SERPINE1"
"M3"	"BioGrid_Rat"	"APOD"
"M3"	"BioGrid_Rat"	"ITPR3"
"M3"	"BioGrid_Yeast"	"TUSC3"
"M3"	"INNATEDB_Mouse"	"AQP1"
"M3"	"INNATEDB_Mouse"	"MDFI"
"M3"	"INNATEDB_Mouse"	"FOS"
"M3"	"INNATEDB_Mouse"	"EGR1"
"M3"	"INNATEDB_Mouse"	"LGALS3"
"M3"	"INNATEDB_Mouse"	"CDH1"
"M3"	"INNATEDB_Mouse"	"GEM"
"M3"	"INNATEDB_Mouse"	"F2RL3"
"M3"	"INNATEDB_Mouse"	"ANK3"
"M3"	"INNATEDB_Mouse"	"TNC"
"M3"	"INNATEDB_Mouse"	"NXN"
"M3"	"INNATEDB_Mouse"	"EGR2"
"M3"	"INNATEDB_Mouse"	"TEK"
"M3"	"INNATEDB_Mouse"	"PTGDS"
"M3"	"INNATEDB_Mouse"	"ASAP2"
"M3"	"INNATEDB_Mouse"	"SLC6A6"
"M3"	"INNATEDB_Mouse"	"ADAMTS2"
"M3"	"IntAct_Mouse"	"NDN"
"M3"	"IntAct_Mouse"	"CRYAB"
"M3"	"IntAct_Mouse"	"FOS"
"M3"	"IntAct_Mouse"	"CDH1"
"M3"	"IntAct_Mouse"	"GEM"
"M3"	"IntAct_Mouse"	"F2RL3"
"M3"	"IntAct_Mouse"	"PBX1"
"M3"	"IntAct_Mouse"	"FZD7"
"M3"	"IntAct_Mouse"	"HSPB8"
"M3"	"IntAct_Mouse"	"NKD2"
"M3"	"IntAct_Mouse"	"DACT1"
"M3"	"IntAct_Mouse"	"EGR2"
"M3"	"IntAct_Mouse"	"CLDN11"
"M3"	"IntAct_Mouse"	"COL3A1"
"M3"	"IntAct_Mouse"	"TEK"
"M3"	"IntAct_Mouse"	"COL7A1"
"M3"	"IntAct_Mouse"	"KRT7"
"M3"	"IntAct_Mouse"	"ITPR3"
"M3"	"IntAct_Mouse"	"SEMA6A"
"M3"	"IntAct_Mouse"	"LTBP2"
"M3"	"IntAct_Mouse"	"S100A1"
"M3"	"IntAct_Mouse"	"FOXC1"
"M3"	"IntAct_Mouse"	"KNDC1"
"M3"	"IntAct_Mouse"	"ID4"
"M3"	"IntAct_Mouse"	"SGIP1"
"M3"	"DIP"	"AQP1"
"M3"	"DIP"	"OBSL1"
"M3"	"DIP"	"CRYAB"
"M3"	"DIP"	"FOS"
"M3"	"DIP"	"MAPK10"
"M3"	"DIP"	"LGALS3"
"M3"	"DIP"	"CDH1"
"M3"	"DIP"	"PTN"
"M3"	"DIP"	"NGFR"
"M3"	"DIP"	"CCL19"
"M3"	"DIP"	"NKD2"
"M3"	"DIP"	"EPHA3"
"M3"	"DIP"	"NR4A1"
"M3"	"DIP"	"COL1A1"
"M3"	"DIP"	"COL3A1"
"M3"	"DIP"	"CXCL8"
"M3"	"DIP"	"TEK"
"M3"	"DIP"	"LIF"
"M3"	"DIP"	"CCL21"
"M3"	"DIP"	"HIST1H2AG"
"M3"	"DIP"	"SLIT2"
"M3"	"DIP"	"CRP"
"M3"	"DIP"	"HGF"
"M3"	"DIP"	"MMP2"
"M3"	"DIP"	"CXCL12"
"M3"	"DIP"	"CXCL1"
"M3"	"DIP"	"CCL2"
"M3"	"DIP"	"RGS4"
"M3"	"DIP"	"FOSB"
"M3"	"DIP"	"HUNK"
"M3"	"DIP_Mouse"	"FOS"
"M3"	"DIP_Mouse"	"CDH1"
"M3"	"DIP_Mouse"	"F2RL3"
"M3"	"DIP_Mouse"	"PBX1"
"M3"	"DIP_Mouse"	"TRPV4"
"M3"	"DIP_Mouse"	"TNFRSF11B"
"M3"	"DIP_Mouse"	"TEK"
"M3"	"DIP_Mouse"	"SEMA6A"
"M3"	"DIP_Mouse"	"HGF"
"M3"	"DIP_Mouse"	"KIF26B"
"M3"	"DIP_Mouse"	"CDH11"
"M3"	"IntAct_Fly"	"PBX1"
"M3"	"IntAct_Fly"	"MOXD1"
"M3"	"IntAct_Fly"	"FBLN2"
"M3"	"IntAct_Fly"	"ATP1B2"
"M3"	"IntAct_Fly"	"TXNDC5"
"M3"	"IntAct_Fly"	"APOD"
"M3"	"IntAct_Fly"	"FAT4"
"M3"	"IntAct_Fly"	"HIST1H2AG"
"M3"	"IntAct_Fly"	"MFAP4"
"M3"	"IntAct_Fly"	"FAP"
"M3"	"IntAct_Fly"	"GPC4"
"M3"	"IntAct_Fly"	"SCD5"
"M3"	"BIND_Fly"	"CRYAB"
"M3"	"BIND_Fly"	"FBLN2"
"M3"	"BIND_Fly"	"KLHL3"
"M3"	"BIND_Fly"	"FAP"
"M3"	"FlyLow"	"FBLN2"
"M3"	"FlyLow"	"KLHL3"
"M3"	"FlyLow"	"FAP"
"M3"	"MINT_Fly"	"PBX1"
"M3"	"MINT_Fly"	"MOXD1"
"M3"	"MINT_Fly"	"FBLN2"
"M3"	"MINT_Fly"	"KLHL3"
"M3"	"MINT_Fly"	"MFAP4"
"M3"	"DIP_Worm"	"FBLN1"
"M3"	"IntAct_Worm"	"FBLN1"
"M3"	"IntAct_Worm"	"WNT4"
"M3"	"IntAct_Worm"	"ADAM12"
"M3"	"Miller_WntLumier"	"NKD2"
"M3"	"BIND"	"CREB3L1"
"M3"	"BIND"	"CRYAB"
"M3"	"BIND"	"FOS"
"M3"	"BIND"	"EGR1"
"M3"	"BIND"	"MAPK10"
"M3"	"BIND"	"CDH1"
"M3"	"BIND"	"PTN"
"M3"	"BIND"	"NGFR"
"M3"	"BIND"	"PBX1"
"M3"	"BIND"	"ADGRL1"
"M3"	"BIND"	"SDCBP2"
"M3"	"BIND"	"ELN"
"M3"	"BIND"	"HSPB8"
"M3"	"BIND"	"LDOC1"
"M3"	"BIND"	"CXCL8"
"M3"	"BIND"	"TEK"
"M3"	"BIND"	"COL7A1"
"M3"	"BIND"	"LIF"
"M3"	"BIND"	"CELSR3"
"M3"	"BIND"	"SERPINE1"
"M3"	"BIND"	"TIMP1"
"M3"	"BIND"	"SEMA6A"
"M3"	"BIND"	"CRP"
"M3"	"BIND"	"IGFBP5"
"M3"	"BIND"	"HGF"
"M3"	"BIND"	"MMP2"
"M3"	"BIND"	"TGFB2"
"M3"	"BIND"	"FAP"
"M3"	"BIND"	"CXCL12"
"M3"	"BIND"	"CXCL1"
"M3"	"BIND"	"CCL2"
"M3"	"BIND"	"S100A1"
"M3"	"BIND"	"ALOX5"
"M3"	"BIND"	"ASAP2"
"M3"	"BIND"	"EPHB3"
"M3"	"BIND"	"F3"
"M3"	"BIND"	"CACNA1H"
"M3"	"BIND"	"FOSB"
"M3"	"BIND"	"HAMP"
"M3"	"BIND_Mouse"	"NDN"
"M3"	"BIND_Mouse"	"FOS"
"M3"	"BIND_Mouse"	"EGR1"
"M3"	"BIND_Mouse"	"MAPK10"
"M3"	"BIND_Mouse"	"CDH1"
"M3"	"BIND_Mouse"	"CRMP1"
"M3"	"BIND_Mouse"	"PBX1"
"M3"	"BIND_Mouse"	"HSPG2"
"M3"	"BIND_Mouse"	"EPHA3"
"M3"	"BIND_Mouse"	"CLDN11"
"M3"	"BIND_Mouse"	"NR4A1"
"M3"	"BIND_Mouse"	"TEK"
"M3"	"BIND_Mouse"	"WNT4"
"M3"	"BIND_Mouse"	"ADAM12"
"M3"	"SOURAV_MAPK_LOW"	"FOS"
"M3"	"SOURAV_MAPK_LOW"	"MAPK10"
"M3"	"StelzlHigh"	"MAPK10"
"M3"	"StelzlHigh"	"PTN"
"M3"	"StelzlHigh"	"EGR2"
"M3"	"StelzlHigh"	"PTPRS"
"M3"	"StelzlHigh"	"TIMP1"
"M3"	"DIP_Rat"	"NGFR"
"M3"	"DIP_Rat"	"COL1A2"
"M3"	"DIP_Rat"	"RGS4"
"M3"	"DIP_Rat"	"FNDC1"
"M3"	"BIND_Rat"	"NDN"
"M3"	"BIND_Rat"	"NGFR"
"M3"	"BIND_Rat"	"ADGRL1"
"M3"	"BIND_Rat"	"HSPB6"
"M3"	"BIND_Rat"	"RGS4"
"M3"	"FlyHigh"	"CRYAB"
"M3"	"IntAct_Rat"	"FOS"
"M3"	"IntAct_Rat"	"MAPK10"
"M3"	"IntAct_Rat"	"F2RL1"
"M3"	"IntAct_Rat"	"CRMP1"
"M3"	"IntAct_Rat"	"ANK3"
"M3"	"IntAct_Rat"	"NGFR"
"M3"	"IntAct_Rat"	"ADGRL1"
"M3"	"IntAct_Rat"	"PDGFRA"
"M3"	"IntAct_Rat"	"RGS4"
"M3"	"IntAct_Rat"	"MAP6"
"M3"	"MINT_Rat"	"FOS"
"M3"	"MINT_Rat"	"MAPK10"
"M3"	"MINT_Rat"	"NGFR"
"M3"	"ShawnLi"	"CNTFR"
"M3"	"ShawnLi"	"FCGR2B"
"M3"	"ShawnLi"	"ASAP2"
"M3"	"ShawnLi"	"ID4"
"M3"	"ShawnLi"	"ENPP3"
"M3"	"StelzlLow"	"ACP5"
"M3"	"StelzlLow"	"COL7A1"
"M3"	"StelzlLow"	"FCGR2B"
"M3"	"StelzlLow"	"IGFBP5"
"M3"	"StelzlMedium"	"MAPK10"
"M3"	"StelzlMedium"	"EGR2"
"M3"	"StelzlMedium"	"NR4A1"
"M3"	"StelzlMedium"	"PTPRS"
"M3"	"StelzlMedium"	"IGFBP5"
"M3"	"StelzlMedium"	"DPT"
"M3"	"StelzlMedium"	"ARMCX3"
"M3"	"MINT_Mouse"	"NDN"
"M3"	"MINT_Mouse"	"CDH1"
"M3"	"MINT_Mouse"	"GEM"
"M3"	"MINT_Mouse"	"PBX1"
"M3"	"MINT_Mouse"	"HSPG2"
"M3"	"MINT_Mouse"	"FZD7"
"M3"	"MINT_Mouse"	"PDGFRA"
"M3"	"MINT_Mouse"	"EGR2"
"M3"	"MINT_Mouse"	"TEK"
"M3"	"MINT_Mouse"	"COL7A1"
"M3"	"MINT_Mouse"	"FCGR2B"
"M3"	"MINT_Mouse"	"LOXL4"
"M3"	"MINT_Mouse"	"SEMA6A"
"M3"	"MINT_Mouse"	"FBLN5"
"M3"	"MINT_Mouse"	"LOXL1"
"M3"	"IntAct_Yeast"	"TUSC3"
"M3"	"I2D-c_Fiona_HUMAN"	"MMP2"
"M3"	"DIP_Yeast"	"TUSC3"
"M3"	"SOURAV_MAPK_HIGH"	"FOS"
"M3"	"SOURAV_MAPK_HIGH"	"MAPK10"
"M3"	"YeastMedium"	"TUSC3"
"M4"	"BioGrid_Mouse"	"E2F8"
"M4"	"BioGrid_Mouse"	"SFN"
"M4"	"BioGrid_Mouse"	"CDKN2A"
"M4"	"BioGrid_Mouse"	"TP73"
"M4"	"BioGrid_Mouse"	"UBE2C"
"M4"	"BioGrid_Mouse"	"CDC20"
"M4"	"BioGrid_Mouse"	"MYBL2"
"M4"	"BioGrid_Mouse"	"MDK"
"M4"	"BioGrid_Mouse"	"BACH2"
"M4"	"BioGrid_Mouse"	"ARID3A"
"M4"	"BioGrid_Mouse"	"ZIC2"
"M4"	"BioGrid_Mouse"	"PGM5"
"M4"	"IntAct_Mouse"	"E2F8"
"M4"	"IntAct_Mouse"	"SFN"
"M4"	"IntAct_Mouse"	"TOP2A"
"M4"	"IntAct_Mouse"	"BACH2"
"M4"	"IntAct_Mouse"	"SLC1A1"
"M4"	"IntAct_Mouse"	"SLC4A4"
"M4"	"IntAct_Mouse"	"MRC1"
"M4"	"IntAct_Mouse"	"DUSP9"
"M4"	"IntAct_Mouse"	"CLGN"
"M4"	"IntAct"	"E2F8"
"M4"	"IntAct"	"E2F7"
"M4"	"IntAct"	"TMEM100"
"M4"	"IntAct"	"SFN"
"M4"	"IntAct"	"GNAZ"
"M4"	"IntAct"	"EPPK1"
"M4"	"IntAct"	"BIRC5"
"M4"	"IntAct"	"CCNE1"
"M4"	"IntAct"	"CDKN2A"
"M4"	"IntAct"	"CLSPN"
"M4"	"IntAct"	"TP73"
"M4"	"IntAct"	"CENPA"
"M4"	"IntAct"	"UBE2C"
"M4"	"IntAct"	"TOP2A"
"M4"	"IntAct"	"RAD54L"
"M4"	"IntAct"	"CDC20"
"M4"	"IntAct"	"CDC25C"
"M4"	"IntAct"	"NEK2"
"M4"	"IntAct"	"SKA1"
"M4"	"IntAct"	"PTTG1"
"M4"	"IntAct"	"CAMK1D"
"M4"	"IntAct"	"EXPH5"
"M4"	"IntAct"	"AFP"
"M4"	"IntAct"	"MYBL2"
"M4"	"IntAct"	"TMOD1"
"M4"	"IntAct"	"MDK"
"M4"	"IntAct"	"ALPL"
"M4"	"IntAct"	"IGF2BP1"
"M4"	"IntAct"	"VIL1"
"M4"	"IntAct"	"SLC1A1"
"M4"	"IntAct"	"ARID3A"
"M4"	"IntAct"	"HTR2B"
"M4"	"IntAct"	"TTK"
"M4"	"IntAct"	"RETREG1"
"M4"	"IntAct"	"BAALC"
"M4"	"IntAct"	"CLEC3B"
"M4"	"IntAct"	"SLC4A4"
"M4"	"IntAct"	"UST"
"M4"	"IntAct"	"NPY1R"
"M4"	"IntAct"	"MSI1"
"M4"	"IntAct"	"NAALADL2"
"M4"	"IntAct"	"NUF2"
"M4"	"IntAct"	"AKAP12"
"M4"	"IntAct"	"ZIC2"
"M4"	"IntAct"	"DUSP9"
"M4"	"IntAct"	"TRIM31"
"M4"	"IntAct"	"NEB"
"M4"	"IntAct"	"ATOH8"
"M4"	"IntAct"	"SALL2"
"M4"	"IntAct"	"VSTM2L"
"M4"	"IntAct"	"DEPDC1B"
"M4"	"IntAct"	"RTKN2"
"M4"	"BioGrid"	"E2F8"
"M4"	"BioGrid"	"E2F7"
"M4"	"BioGrid"	"TMEM100"
"M4"	"BioGrid"	"SFN"
"M4"	"BioGrid"	"GNAZ"
"M4"	"BioGrid"	"EPPK1"
"M4"	"BioGrid"	"BIRC5"
"M4"	"BioGrid"	"CCNE1"
"M4"	"BioGrid"	"CDKN2A"
"M4"	"BioGrid"	"CLSPN"
"M4"	"BioGrid"	"TP73"
"M4"	"BioGrid"	"CENPA"
"M4"	"BioGrid"	"UBE2C"
"M4"	"BioGrid"	"TOP2A"
"M4"	"BioGrid"	"RAD54L"
"M4"	"BioGrid"	"CDC20"
"M4"	"BioGrid"	"CDC25C"
"M4"	"BioGrid"	"NEK2"
"M4"	"BioGrid"	"SKA1"
"M4"	"BioGrid"	"PTTG1"
"M4"	"BioGrid"	"CAMK1D"
"M4"	"BioGrid"	"AFP"
"M4"	"BioGrid"	"MYBL2"
"M4"	"BioGrid"	"MDK"
"M4"	"BioGrid"	"BACH2"
"M4"	"BioGrid"	"ALPL"
"M4"	"BioGrid"	"KCND3"
"M4"	"BioGrid"	"IGF2BP1"
"M4"	"BioGrid"	"VIL1"
"M4"	"BioGrid"	"SLC1A1"
"M4"	"BioGrid"	"ARID3A"
"M4"	"BioGrid"	"HTR2B"
"M4"	"BioGrid"	"TTK"
"M4"	"BioGrid"	"RETREG1"
"M4"	"BioGrid"	"CLEC3B"
"M4"	"BioGrid"	"NPR3"
"M4"	"BioGrid"	"GPC3"
"M4"	"BioGrid"	"IGSF1"
"M4"	"BioGrid"	"MSI1"
"M4"	"BioGrid"	"NAALADL2"
"M4"	"BioGrid"	"NUF2"
"M4"	"BioGrid"	"AKAP12"
"M4"	"BioGrid"	"ZIC2"
"M4"	"BioGrid"	"KIF15"
"M4"	"BioGrid"	"MRC1"
"M4"	"BioGrid"	"PGM5"
"M4"	"BioGrid"	"DUSP9"
"M4"	"BioGrid"	"TRIM31"
"M4"	"BioGrid"	"NEB"
"M4"	"BioGrid"	"ATOH8"
"M4"	"BioGrid"	"CCDC113"
"M4"	"BioGrid"	"SALL2"
"M4"	"BioGrid"	"CLGN"
"M4"	"BioGrid"	"LYVE1"
"M4"	"BioGrid"	"H2AFY2"
"M4"	"BioGrid"	"UBE2QL1"
"M4"	"BioGrid"	"MTMR7"
"M4"	"BioGrid"	"GALNT15"
"M4"	"BioGrid"	"FADS1"
"M4"	"BioGrid"	"DEPDC1B"
"M4"	"BioGrid_Fly"	"CCNE1"
"M4"	"BioGrid_Fly"	"UBE2C"
"M4"	"BioGrid_Fly"	"RAD54L"
"M4"	"BioGrid_Fly"	"CDC20"
"M4"	"BioGrid_Fly"	"TMOD1"
"M4"	"BioGrid_Fly"	"ALPL"
"M4"	"MINT"	"E2F8"
"M4"	"MINT"	"TMEM100"
"M4"	"MINT"	"SFN"
"M4"	"MINT"	"BIRC5"
"M4"	"MINT"	"CCNE1"
"M4"	"MINT"	"CDKN2A"
"M4"	"MINT"	"CLSPN"
"M4"	"MINT"	"TP73"
"M4"	"MINT"	"CENPA"
"M4"	"MINT"	"CDC20"
"M4"	"MINT"	"CDC25C"
"M4"	"MINT"	"NEK2"
"M4"	"MINT"	"SKA1"
"M4"	"MINT"	"MYBL2"
"M4"	"MINT"	"ALPL"
"M4"	"MINT"	"VIL1"
"M4"	"MINT"	"ARID3A"
"M4"	"MINT"	"HTR2B"
"M4"	"MINT"	"TTK"
"M4"	"MINT"	"AKAP12"
"M4"	"MINT"	"KIF15"
"M4"	"MINT"	"DUSP9"
"M4"	"MINT"	"NEB"
"M4"	"BCI"	"SFN"
"M4"	"BCI"	"GNAZ"
"M4"	"BCI"	"BIRC5"
"M4"	"BCI"	"CCNE1"
"M4"	"BCI"	"CDKN2A"
"M4"	"BCI"	"CENPA"
"M4"	"BCI"	"TOP2A"
"M4"	"BCI"	"CDC20"
"M4"	"BCI"	"CDC25C"
"M4"	"BCI"	"PTTG1"
"M4"	"BCI"	"MYBL2"
"M4"	"BCI"	"MDK"
"M4"	"BCI"	"ARID3A"
"M4"	"BCI"	"TTK"
"M4"	"BCI"	"NEB"
"M4"	"HPRD"	"E2F7"
"M4"	"HPRD"	"SFN"
"M4"	"HPRD"	"GNAZ"
"M4"	"HPRD"	"BIRC5"
"M4"	"HPRD"	"CCNE1"
"M4"	"HPRD"	"CLSPN"
"M4"	"HPRD"	"TP73"
"M4"	"HPRD"	"CENPA"
"M4"	"HPRD"	"UBE2C"
"M4"	"HPRD"	"TOP2A"
"M4"	"HPRD"	"RAD54L"
"M4"	"HPRD"	"CDC20"
"M4"	"HPRD"	"CDC25C"
"M4"	"HPRD"	"NEK2"
"M4"	"HPRD"	"SKA1"
"M4"	"HPRD"	"PTTG1"
"M4"	"HPRD"	"EXPH5"
"M4"	"HPRD"	"AFP"
"M4"	"HPRD"	"MYBL2"
"M4"	"HPRD"	"TMOD1"
"M4"	"HPRD"	"MDK"
"M4"	"HPRD"	"BACH2"
"M4"	"HPRD"	"ALPL"
"M4"	"HPRD"	"KCND3"
"M4"	"HPRD"	"IGF2BP1"
"M4"	"HPRD"	"VIL1"
"M4"	"HPRD"	"ARID3A"
"M4"	"HPRD"	"HTR2B"
"M4"	"HPRD"	"TTK"
"M4"	"HPRD"	"ANGPTL1"
"M4"	"HPRD"	"CLEC3B"
"M4"	"HPRD"	"SLC4A4"
"M4"	"HPRD"	"NPR3"
"M4"	"HPRD"	"NPY1R"
"M4"	"HPRD"	"GPC3"
"M4"	"HPRD"	"IGSF1"
"M4"	"HPRD"	"MSI1"
"M4"	"HPRD"	"AKAP12"
"M4"	"HPRD"	"ZIC2"
"M4"	"HPRD"	"KIF15"
"M4"	"HPRD"	"PGM5"
"M4"	"HPRD"	"DUSP9"
"M4"	"HPRD"	"TRIM31"
"M4"	"HPRD"	"CLGN"
"M4"	"HPRD"	"LMOD1"
"M4"	"HPRD"	"ITPKA"
"M4"	"HPRD"	"MMP24"
"M4"	"HPRD"	"MTMR7"
"M4"	"VidalHuman_core"	"SFN"
"M4"	"VidalHuman_core"	"SALL2"
"M4"	"DIP"	"CCNE1"
"M4"	"DIP"	"CDKN2A"
"M4"	"DIP"	"TP73"
"M4"	"DIP"	"CENPA"
"M4"	"DIP"	"TOP2A"
"M4"	"DIP"	"CDC20"
"M4"	"DIP"	"CDC25C"
"M4"	"DIP"	"IGF2BP1"
"M4"	"DIP"	"SLC4A4"
"M4"	"DIP"	"H2AFY2"
"M4"	"BioGrid_Yeast"	"UBE2C"
"M4"	"BioGrid_Yeast"	"RAD54L"
"M4"	"BioGrid_Yeast"	"CDC20"
"M4"	"BioGrid_Yeast"	"CAMK1D"
"M4"	"BioGrid_Yeast"	"SLC4A4"
"M4"	"BIND"	"SFN"
"M4"	"BIND"	"BIRC5"
"M4"	"BIND"	"CCNE1"
"M4"	"BIND"	"CDKN2A"
"M4"	"BIND"	"TP73"
"M4"	"BIND"	"UBE2C"
"M4"	"BIND"	"NEK2"
"M4"	"BIND"	"PTTG1"
"M4"	"BIND"	"KCND3"
"M4"	"BIND"	"NPR3"
"M4"	"INNATEDB_Mouse"	"CCNE1"
"M4"	"INNATEDB_Mouse"	"CLSPN"
"M4"	"INNATEDB_Mouse"	"ALPL"
"M4"	"INNATEDB_Mouse"	"MRC1"
"M4"	"INNATEDB_Mouse"	"STEAP4"
"M4"	"INNATEDB_Mouse"	"BCO2"
"M4"	"Yeast_Kinome"	"CAMK1D"
"M4"	"IntAct_Yeast"	"RAD54L"
"M4"	"IntAct_Yeast"	"CDC20"
"M4"	"IntAct_Yeast"	"CAMK1D"
"M4"	"MGI"	"CDC25C"
"M4"	"MGI"	"BACH2"
"M4"	"MGI"	"MTMR7"
"M4"	"BIND_Fly"	"RAD54L"
"M4"	"INNATEDB"	"SFN"
"M4"	"INNATEDB"	"BIRC5"
"M4"	"INNATEDB"	"CCNE1"
"M4"	"INNATEDB"	"CDKN2A"
"M4"	"INNATEDB"	"TOP2A"
"M4"	"INNATEDB"	"NEK2"
"M4"	"INNATEDB"	"PTTG1"
"M4"	"INNATEDB"	"AFP"
"M4"	"INNATEDB"	"MYBL2"
"M4"	"INNATEDB"	"MDK"
"M4"	"INNATEDB"	"IGF2BP1"
"M4"	"INNATEDB"	"BAALC"
"M4"	"INNATEDB"	"KIF15"
"M4"	"INNATEDB"	"KBTBD11"
"M4"	"INNATEDB"	"FADS1"
"M4"	"DIP_Yeast"	"RAD54L"
"M4"	"DIP_Yeast"	"CDC20"
"M4"	"IntAct_Fly"	"CCNE1"
"M4"	"IntAct_Fly"	"TOP2A"
"M4"	"IntAct_Fly"	"RAD54L"
"M4"	"IntAct_Fly"	"CDC20"
"M4"	"IntAct_Fly"	"IGF2BP1"
"M4"	"BioGrid_Worm"	"TOP2A"
"M4"	"BioGrid_Worm"	"RAD54L"
"M4"	"BioGrid_Rat"	"CCNE1"
"M4"	"BioGrid_Rat"	"CDC20"
"M4"	"BioGrid_Rat"	"MDK"
"M4"	"BioGrid_Rat"	"HTR2B"
"M4"	"BIND_Mouse"	"GNAZ"
"M4"	"BIND_Mouse"	"CCNE1"
"M4"	"BIND_Mouse"	"BACH2"
"M4"	"DIP_Mouse"	"CCNE1"
"M4"	"DIP_Mouse"	"TOP2A"
"M4"	"DIP_Mouse"	"IGF2BP1"
"M4"	"StelzlHigh"	"KIF15"
"M4"	"MINT_Yeast"	"RAD54L"
"M4"	"MINT_Yeast"	"CDC20"
"M4"	"YeastLow"	"CDC20"
"M4"	"YeastLow"	"SLC4A4"
"M4"	"MINT_Fly"	"CCNE1"
"M4"	"DIP_Fly"	"CCNE1"
"M4"	"DIP_Fly"	"RAD54L"
"M4"	"DIP_Fly"	"CDC20"
"M4"	"MINT_Mouse"	"CCNE1"
"M4"	"MINT_Mouse"	"SLC1A1"
"M4"	"MINT_Mouse"	"AKAP12"
"M4"	"IntAct_Rat"	"DUSP9"
"M4"	"VidalHuman_non_core"	"SFN"
"M4"	"VidalHuman_non_core"	"MYBL2"
"M4"	"VidalHuman_non_core"	"DNASE1L3"
"M4"	"StelzlMedium"	"KIF15"
"M4"	"StelzlMedium"	"CCDC113"
"M4"	"INTEROLOG"	"TOP2A"
"M4"	"BIND_Yeast"	"CDC20"
"M4"	"MIPS"	"CDC20"
"M4"	"Yu_GoldStd"	"CDC20"
"M4"	"KIM_MYC"	"TOP2A"
"M4"	"BIND_Rat"	"KCND3"
"M5"	"BioGrid_Mouse"	"FOXP3"
"M5"	"BioGrid_Mouse"	"BIRC3"
"M5"	"BioGrid_Mouse"	"MMP9"
"M5"	"BioGrid_Mouse"	"IDO1"
"M5"	"BioGrid_Mouse"	"HLA-DQB1"
"M5"	"BioGrid_Mouse"	"CD3D"
"M5"	"BioGrid_Mouse"	"CD38"
"M5"	"BioGrid"	"FOXP3"
"M5"	"BioGrid"	"UBD"
"M5"	"BioGrid"	"VCAM1"
"M5"	"BioGrid"	"IL7R"
"M5"	"BioGrid"	"BCL2A1"
"M5"	"BioGrid"	"S100A8"
"M5"	"BioGrid"	"BIRC3"
"M5"	"BioGrid"	"MMP9"
"M5"	"BioGrid"	"IL2RG"
"M5"	"BioGrid"	"CD44"
"M5"	"BioGrid"	"S100A9"
"M5"	"BioGrid"	"LGALS2"
"M5"	"BioGrid"	"IDO1"
"M5"	"BioGrid"	"RGS1"
"M5"	"BioGrid"	"SKAP1"
"M5"	"BioGrid"	"FPR1"
"M5"	"BioGrid"	"LTB"
"M5"	"BioGrid"	"CD8A"
"M5"	"BioGrid"	"CD2"
"M5"	"BioGrid"	"BATF"
"M5"	"BioGrid"	"SLAMF7"
"M5"	"BioGrid"	"HLA-DRB5"
"M5"	"BioGrid"	"CCL5"
"M5"	"BioGrid"	"F13A1"
"M5"	"BioGrid"	"HLA-DQA2"
"M5"	"BioGrid"	"CD3D"
"M5"	"BioGrid"	"BST2"
"M5"	"BioGrid"	"ETV7"
"M5"	"BioGrid"	"CCL18"
"M5"	"BioGrid"	"IFI6"
"M5"	"BioGrid"	"NNMT"
"M5"	"BioGrid"	"GZMK"
"M5"	"BioGrid"	"CD38"
"M5"	"BioGrid"	"HSH2D"
"M5"	"BioGrid"	"CD7"
"M5"	"BioGrid"	"HLA-DOB"
"M5"	"BioGrid"	"CXCL11"
"M5"	"BioGrid"	"CXCL9"
"M5"	"BioGrid"	"IFI27"
"M5"	"BioGrid"	"TIGIT"
"M5"	"BioGrid"	"LAMP3"
"M5"	"BioGrid"	"SSPO"
"M5"	"BioGrid"	"GBP5"
"M5"	"IntAct"	"FOXP3"
"M5"	"IntAct"	"UBD"
"M5"	"IntAct"	"VCAM1"
"M5"	"IntAct"	"IL7R"
"M5"	"IntAct"	"BCL2A1"
"M5"	"IntAct"	"S100A8"
"M5"	"IntAct"	"BIRC3"
"M5"	"IntAct"	"LY96"
"M5"	"IntAct"	"MMP9"
"M5"	"IntAct"	"IL2RG"
"M5"	"IntAct"	"CD44"
"M5"	"IntAct"	"S100A9"
"M5"	"IntAct"	"NELL2"
"M5"	"IntAct"	"LGALS2"
"M5"	"IntAct"	"IDO1"
"M5"	"IntAct"	"RGS1"
"M5"	"IntAct"	"SKAP1"
"M5"	"IntAct"	"FPR1"
"M5"	"IntAct"	"LTB"
"M5"	"IntAct"	"CD8A"
"M5"	"IntAct"	"CD2"
"M5"	"IntAct"	"BATF"
"M5"	"IntAct"	"SLAMF7"
"M5"	"IntAct"	"CCL5"
"M5"	"IntAct"	"F13A1"
"M5"	"IntAct"	"CD3D"
"M5"	"IntAct"	"CXCL10"
"M5"	"IntAct"	"BST2"
"M5"	"IntAct"	"ETV7"
"M5"	"IntAct"	"CCL18"
"M5"	"IntAct"	"NNMT"
"M5"	"IntAct"	"HSH2D"
"M5"	"IntAct"	"CD7"
"M5"	"IntAct"	"CXCL11"
"M5"	"IntAct"	"CXCL9"
"M5"	"IntAct"	"IFI27"
"M5"	"IntAct"	"TIGIT"
"M5"	"IntAct"	"LAMP3"
"M5"	"IntAct"	"GBP5"
"M5"	"INNATEDB"	"VCAM1"
"M5"	"INNATEDB"	"IL7R"
"M5"	"INNATEDB"	"BCL2A1"
"M5"	"INNATEDB"	"S100A8"
"M5"	"INNATEDB"	"BIRC3"
"M5"	"INNATEDB"	"LY96"
"M5"	"INNATEDB"	"MMP9"
"M5"	"INNATEDB"	"IL2RG"
"M5"	"INNATEDB"	"CD44"
"M5"	"INNATEDB"	"S100A9"
"M5"	"INNATEDB"	"LGALS2"
"M5"	"INNATEDB"	"IDO1"
"M5"	"INNATEDB"	"SKAP1"
"M5"	"INNATEDB"	"CCR2"
"M5"	"INNATEDB"	"LTB"
"M5"	"INNATEDB"	"BATF"
"M5"	"INNATEDB"	"CXCL10"
"M5"	"INNATEDB"	"ETV7"
"M5"	"INNATEDB"	"IFI6"
"M5"	"INNATEDB"	"GZMK"
"M5"	"INNATEDB"	"CD38"
"M5"	"INNATEDB"	"CXCL11"
"M5"	"INNATEDB"	"CXCL9"
"M5"	"INNATEDB"	"TIGIT"
"M5"	"BCI"	"VCAM1"
"M5"	"BCI"	"IL7R"
"M5"	"BCI"	"BCL2A1"
"M5"	"BCI"	"S100A8"
"M5"	"BCI"	"BIRC3"
"M5"	"BCI"	"MMP9"
"M5"	"BCI"	"IL2RG"
"M5"	"BCI"	"CD44"
"M5"	"BCI"	"LGALS2"
"M5"	"BCI"	"RGS1"
"M5"	"BCI"	"LTB"
"M5"	"BCI"	"CD8A"
"M5"	"BCI"	"CD2"
"M5"	"BCI"	"CCL5"
"M5"	"BCI"	"F13A1"
"M5"	"BCI"	"CD3D"
"M5"	"BCI"	"CD38"
"M5"	"BCI"	"CD7"
"M5"	"INNATEDB_Mouse"	"FOXP3"
"M5"	"INNATEDB_Mouse"	"IL7R"
"M5"	"INNATEDB_Mouse"	"S100A8"
"M5"	"INNATEDB_Mouse"	"BIRC3"
"M5"	"INNATEDB_Mouse"	"LY96"
"M5"	"INNATEDB_Mouse"	"IL2RG"
"M5"	"INNATEDB_Mouse"	"IDO1"
"M5"	"INNATEDB_Mouse"	"TREM2"
"M5"	"INNATEDB_Mouse"	"BATF"
"M5"	"INNATEDB_Mouse"	"CCL5"
"M5"	"BIND_Mouse"	"S100A8"
"M5"	"BIND_Mouse"	"LY96"
"M5"	"BIND_Mouse"	"IL2RG"
"M5"	"BIND_Mouse"	"S100A9"
"M5"	"BIND_Mouse"	"CCR2"
"M5"	"DIP_Mouse"	"FOXP3"
"M5"	"DIP_Mouse"	"VCAM1"
"M5"	"DIP_Mouse"	"IDO1"
"M5"	"DIP_Mouse"	"CD38"
"M5"	"HPRD"	"FOXP3"
"M5"	"HPRD"	"UBD"
"M5"	"HPRD"	"VCAM1"
"M5"	"HPRD"	"IL7R"
"M5"	"HPRD"	"BCL2A1"
"M5"	"HPRD"	"S100A8"
"M5"	"HPRD"	"BIRC3"
"M5"	"HPRD"	"MMP9"
"M5"	"HPRD"	"IL2RG"
"M5"	"HPRD"	"CD44"
"M5"	"HPRD"	"S100A9"
"M5"	"HPRD"	"NELL2"
"M5"	"HPRD"	"LGALS2"
"M5"	"HPRD"	"IDO1"
"M5"	"HPRD"	"RGS1"
"M5"	"HPRD"	"SKAP1"
"M5"	"HPRD"	"FPR1"
"M5"	"HPRD"	"LTB"
"M5"	"HPRD"	"CD8A"
"M5"	"HPRD"	"CD2"
"M5"	"HPRD"	"TREM2"
"M5"	"HPRD"	"BATF"
"M5"	"HPRD"	"SLAMF7"
"M5"	"HPRD"	"HLA-DRB5"
"M5"	"HPRD"	"CCL5"
"M5"	"HPRD"	"PLTP"
"M5"	"HPRD"	"F13A1"
"M5"	"HPRD"	"HLA-DQA2"
"M5"	"HPRD"	"HLA-DQB1"
"M5"	"HPRD"	"CD3D"
"M5"	"HPRD"	"JCHAIN"
"M5"	"HPRD"	"CXCL10"
"M5"	"HPRD"	"CCL18"
"M5"	"HPRD"	"IFI6"
"M5"	"HPRD"	"CD38"
"M5"	"HPRD"	"HSH2D"
"M5"	"HPRD"	"CD7"
"M5"	"HPRD"	"CXCL11"
"M5"	"HPRD"	"CXCL9"
"M5"	"HPRD"	"IFI27"
"M5"	"HPRD"	"SSPO"
"M5"	"HPRD"	"GBP5"
"M5"	"VidalHuman_non_core"	"IL2RG"
"M5"	"IntAct_Mouse"	"S100A8"
"M5"	"IntAct_Mouse"	"BIRC3"
"M5"	"IntAct_Mouse"	"IL2RG"
"M5"	"IntAct_Mouse"	"CD44"
"M5"	"IntAct_Mouse"	"S100A9"
"M5"	"IntAct_Mouse"	"IDO1"
"M5"	"IntAct_Mouse"	"LTB"
"M5"	"IntAct_Mouse"	"CD8A"
"M5"	"IntAct_Mouse"	"BATF"
"M5"	"IntAct_Mouse"	"HLA-DRB5"
"M5"	"MINT"	"S100A8"
"M5"	"MINT"	"LGALS2"
"M5"	"MINT"	"RGS1"
"M5"	"MINT"	"SKAP1"
"M5"	"MINT"	"CD2"
"M5"	"MINT"	"CCL5"
"M5"	"MINT"	"CD3D"
"M5"	"MINT"	"CCL18"
"M5"	"MINT"	"CD7"
"M5"	"MINT"	"LAMP3"
"M5"	"StelzlMedium"	"S100A8"
"M5"	"StelzlMedium"	"RGS1"
"M5"	"StelzlMedium"	"CCL18"
"M5"	"MINT_Mouse"	"BIRC3"
"M5"	"MINT_Mouse"	"CD44"
"M5"	"MINT_Mouse"	"RGS1"
"M5"	"MINT_Mouse"	"CD8A"
"M5"	"BioGrid_Yeast"	"IDO1"
"M5"	"BIND"	"VCAM1"
"M5"	"BIND"	"S100A8"
"M5"	"BIND"	"BIRC3"
"M5"	"BIND"	"MMP9"
"M5"	"BIND"	"S100A9"
"M5"	"BIND"	"LGALS2"
"M5"	"BIND"	"CCR2"
"M5"	"BIND"	"CD8A"
"M5"	"BIND"	"CD2"
"M5"	"BIND"	"BATF"
"M5"	"BIND"	"HLA-DRB5"
"M5"	"BIND"	"CCL5"
"M5"	"BIND"	"F13A1"
"M5"	"BIND"	"CD3D"
"M5"	"BIND"	"CXCL10"
"M5"	"BIND"	"CD38"
"M5"	"StelzlHigh"	"S100A8"
"M5"	"StelzlHigh"	"CCL18"
"M5"	"DIP"	"FOXP3"
"M5"	"DIP"	"MMP9"
"M5"	"DIP"	"IL2RG"
"M5"	"DIP"	"CD44"
"M5"	"DIP"	"S100A9"
"M5"	"DIP"	"CCR2"
"M5"	"DIP"	"BATF"
"M5"	"DIP"	"CCL5"
"M5"	"DIP"	"F13A1"
"M5"	"DIP"	"CXCL10"
"M5"	"DIP"	"BST2"
"M5"	"DIP"	"CXCL11"
"M5"	"DIP"	"CXCL9"
"M5"	"SOURAV_MAPK_HIGH"	"S100A9"
"M5"	"BIND_Rat"	"CD2"
"M5"	"ShawnLi"	"IL2RG"
"M5"	"I2D-c_Fiona_HUMAN"	"MMP9"
"M5"	"StelzlLow"	"S100A8"
"Not.Correlated"	"BioGrid"	"MYC"
"Not.Correlated"	"BioGrid"	"KCNK1"
"Not.Correlated"	"BioGrid"	"TUBB4A"
"Not.Correlated"	"BioGrid"	"EEF1A2"
"Not.Correlated"	"BioGrid"	"SNCAIP"
"Not.Correlated"	"BioGrid"	"MLPH"
"Not.Correlated"	"BioGrid"	"OAT"
"Not.Correlated"	"BioGrid"	"CPLX1"
"Not.Correlated"	"BioGrid"	"BMP4"
"Not.Correlated"	"BioGrid"	"SOX6"
"Not.Correlated"	"BioGrid"	"PTK6"
"Not.Correlated"	"BioGrid"	"AMOT"
"Not.Correlated"	"BioGrid"	"WASF3"
"Not.Correlated"	"BioGrid"	"MAPK8IP2"
"Not.Correlated"	"BioGrid"	"MAPT"
"Not.Correlated"	"BioGrid"	"DTX1"
"Not.Correlated"	"BioGrid"	"CXXC4"
"Not.Correlated"	"BioGrid"	"DNALI1"
"Not.Correlated"	"BioGrid"	"THNSL2"
"Not.Correlated"	"BioGrid"	"RGS9"
"Not.Correlated"	"BioGrid"	"PHGDH"
"Not.Correlated"	"BioGrid"	"CNTNAP2"
"Not.Correlated"	"BioGrid"	"AP1M2"
"Not.Correlated"	"BioGrid"	"PLEK2"
"Not.Correlated"	"BioGrid"	"ENTPD2"
"Not.Correlated"	"BioGrid"	"NR2F1"
"Not.Correlated"	"BioGrid"	"PEG3"
"Not.Correlated"	"BioGrid"	"ZNF829"
"Not.Correlated"	"BioGrid"	"RND2"
"Not.Correlated"	"BioGrid"	"PHKA1"
"Not.Correlated"	"BioGrid"	"CYFIP2"
"Not.Correlated"	"BioGrid"	"TRIM16"
"Not.Correlated"	"BioGrid"	"PTPRD"
"Not.Correlated"	"BioGrid"	"DERL3"
"Not.Correlated"	"BioGrid"	"TSPAN13"
"Not.Correlated"	"BioGrid"	"ICA1"
"Not.Correlated"	"BioGrid"	"CDK18"
"Not.Correlated"	"BioGrid"	"DYNC1I1"
"Not.Correlated"	"BioGrid"	"RGS16"
"Not.Correlated"	"BioGrid"	"CSTA"
"Not.Correlated"	"BioGrid"	"RAB3B"
"Not.Correlated"	"BioGrid"	"ACHE"
"Not.Correlated"	"BioGrid"	"BCAN"
"Not.Correlated"	"BioGrid"	"MT1F"
"Not.Correlated"	"BioGrid"	"NQO1"
"Not.Correlated"	"BioGrid"	"ENPP2"
"Not.Correlated"	"BioGrid"	"FGF12"
"Not.Correlated"	"BioGrid"	"TTLL7"
"Not.Correlated"	"BioGrid"	"VASH2"
"Not.Correlated"	"BioGrid"	"ZSCAN18"
"Not.Correlated"	"BioGrid"	"MRAP2"
"Not.Correlated"	"BioGrid"	"LCN2"
"Not.Correlated"	"BioGrid"	"DTNA"
"Not.Correlated"	"BioGrid"	"ME1"
"Not.Correlated"	"BioGrid"	"WNT11"
"Not.Correlated"	"BioGrid"	"SNX7"
"Not.Correlated"	"BioGrid"	"CCL28"
"Not.Correlated"	"BioGrid"	"USP43"
"Not.Correlated"	"BioGrid"	"UTY"
"Not.Correlated"	"BioGrid"	"WNT5A"
"Not.Correlated"	"BioGrid"	"GMPR"
"Not.Correlated"	"BioGrid"	"PRRG2"
"Not.Correlated"	"BioGrid"	"TJP3"
"Not.Correlated"	"BioGrid"	"ZNF418"
"Not.Correlated"	"BioGrid"	"ZNF844"
"Not.Correlated"	"BioGrid"	"ARHGAP44"
"Not.Correlated"	"BioGrid"	"RELN"
"Not.Correlated"	"BioGrid"	"ZNF471"
"Not.Correlated"	"BioGrid"	"B4GALNT1"
"Not.Correlated"	"BioGrid"	"ARSE"
"Not.Correlated"	"BioGrid"	"LRP4"
"Not.Correlated"	"BioGrid"	"KDM5D"
"Not.Correlated"	"BioGrid"	"RANBP17"
"Not.Correlated"	"BioGrid"	"CHAC1"
"Not.Correlated"	"IntAct"	"MYC"
"Not.Correlated"	"IntAct"	"KCNK1"
"Not.Correlated"	"IntAct"	"TUBB4A"
"Not.Correlated"	"IntAct"	"EEF1A2"
"Not.Correlated"	"IntAct"	"SNCAIP"
"Not.Correlated"	"IntAct"	"MLPH"
"Not.Correlated"	"IntAct"	"OAT"
"Not.Correlated"	"IntAct"	"CPLX1"
"Not.Correlated"	"IntAct"	"BMP4"
"Not.Correlated"	"IntAct"	"SOX6"
"Not.Correlated"	"IntAct"	"PTK6"
"Not.Correlated"	"IntAct"	"AMOT"
"Not.Correlated"	"IntAct"	"MAPK8IP2"
"Not.Correlated"	"IntAct"	"MAPT"
"Not.Correlated"	"IntAct"	"DTX1"
"Not.Correlated"	"IntAct"	"DNALI1"
"Not.Correlated"	"IntAct"	"THNSL2"
"Not.Correlated"	"IntAct"	"RGS9"
"Not.Correlated"	"IntAct"	"PHGDH"
"Not.Correlated"	"IntAct"	"CNTNAP2"
"Not.Correlated"	"IntAct"	"AP1M2"
"Not.Correlated"	"IntAct"	"DOK7"
"Not.Correlated"	"IntAct"	"MTMR11"
"Not.Correlated"	"IntAct"	"NR2F1"
"Not.Correlated"	"IntAct"	"PEG3"
"Not.Correlated"	"IntAct"	"ZNF829"
"Not.Correlated"	"IntAct"	"SCARA3"
"Not.Correlated"	"IntAct"	"EIF1AY"
"Not.Correlated"	"IntAct"	"CYFIP2"
"Not.Correlated"	"IntAct"	"TRIM16"
"Not.Correlated"	"IntAct"	"PTPRD"
"Not.Correlated"	"IntAct"	"ICA1"
"Not.Correlated"	"IntAct"	"CDK18"
"Not.Correlated"	"IntAct"	"DYNC1I1"
"Not.Correlated"	"IntAct"	"NCKAP5"
"Not.Correlated"	"IntAct"	"COL9A3"
"Not.Correlated"	"IntAct"	"CSTA"
"Not.Correlated"	"IntAct"	"COCH"
"Not.Correlated"	"IntAct"	"ACHE"
"Not.Correlated"	"IntAct"	"FGF13"
"Not.Correlated"	"IntAct"	"MT1F"
"Not.Correlated"	"IntAct"	"NQO1"
"Not.Correlated"	"IntAct"	"ENPP2"
"Not.Correlated"	"IntAct"	"MUC20"
"Not.Correlated"	"IntAct"	"FGF12"
"Not.Correlated"	"IntAct"	"ZSCAN18"
"Not.Correlated"	"IntAct"	"MRAP2"
"Not.Correlated"	"IntAct"	"SLC2A5"
"Not.Correlated"	"IntAct"	"DTNA"
"Not.Correlated"	"IntAct"	"TMEM98"
"Not.Correlated"	"IntAct"	"WNT11"
"Not.Correlated"	"IntAct"	"SNX7"
"Not.Correlated"	"IntAct"	"SEMA3B"
"Not.Correlated"	"IntAct"	"CCL28"
"Not.Correlated"	"IntAct"	"USP43"
"Not.Correlated"	"IntAct"	"UTY"
"Not.Correlated"	"IntAct"	"WNT5A"
"Not.Correlated"	"IntAct"	"GMPR"
"Not.Correlated"	"IntAct"	"PRRG2"
"Not.Correlated"	"IntAct"	"TJP3"
"Not.Correlated"	"IntAct"	"ZNF844"
"Not.Correlated"	"IntAct"	"ARHGAP44"
"Not.Correlated"	"IntAct"	"SDR42E1"
"Not.Correlated"	"IntAct"	"LRP4"
"Not.Correlated"	"IntAct"	"CLRN3"
"Not.Correlated"	"IntAct"	"EMID1"
"Not.Correlated"	"IntAct"	"FLRT3"
"Not.Correlated"	"KOCH_MYC"	"MYC"
"Not.Correlated"	"AGRAVAL_MYC"	"MYC"
"Not.Correlated"	"BioGrid_Mouse"	"MYC"
"Not.Correlated"	"BioGrid_Mouse"	"KCNK1"
"Not.Correlated"	"BioGrid_Mouse"	"TUBB4A"
"Not.Correlated"	"BioGrid_Mouse"	"EEF1A2"
"Not.Correlated"	"BioGrid_Mouse"	"SNCAIP"
"Not.Correlated"	"BioGrid_Mouse"	"BMP4"
"Not.Correlated"	"BioGrid_Mouse"	"SOX6"
"Not.Correlated"	"BioGrid_Mouse"	"AMOT"
"Not.Correlated"	"BioGrid_Mouse"	"MAPK8IP2"
"Not.Correlated"	"BioGrid_Mouse"	"MAPT"
"Not.Correlated"	"BioGrid_Mouse"	"DTX1"
"Not.Correlated"	"BioGrid_Mouse"	"CABYR"
"Not.Correlated"	"BioGrid_Mouse"	"EPOP"
"Not.Correlated"	"BioGrid_Mouse"	"ACHE"
"Not.Correlated"	"BioGrid_Mouse"	"NQO1"
"Not.Correlated"	"BioGrid_Mouse"	"WNT11"
"Not.Correlated"	"BioGrid_Mouse"	"WNT5A"
"Not.Correlated"	"BioGrid_Mouse"	"KDM5D"
"Not.Correlated"	"HPRD"	"MYC"
"Not.Correlated"	"HPRD"	"KCNK1"
"Not.Correlated"	"HPRD"	"CAMK2N2"
"Not.Correlated"	"HPRD"	"TUBB4A"
"Not.Correlated"	"HPRD"	"EEF1A2"
"Not.Correlated"	"HPRD"	"SNCAIP"
"Not.Correlated"	"HPRD"	"MLPH"
"Not.Correlated"	"HPRD"	"OAT"
"Not.Correlated"	"HPRD"	"CPLX1"
"Not.Correlated"	"HPRD"	"BMP4"
"Not.Correlated"	"HPRD"	"SOX6"
"Not.Correlated"	"HPRD"	"PTK6"
"Not.Correlated"	"HPRD"	"AMOT"
"Not.Correlated"	"HPRD"	"WASF3"
"Not.Correlated"	"HPRD"	"MAPK8IP2"
"Not.Correlated"	"HPRD"	"DTX1"
"Not.Correlated"	"HPRD"	"DNALI1"
"Not.Correlated"	"HPRD"	"FZD3"
"Not.Correlated"	"HPRD"	"CNTNAP2"
"Not.Correlated"	"HPRD"	"DDX3Y"
"Not.Correlated"	"HPRD"	"AP1M2"
"Not.Correlated"	"HPRD"	"ACTG2"
"Not.Correlated"	"HPRD"	"DOK7"
"Not.Correlated"	"HPRD"	"MTMR11"
"Not.Correlated"	"HPRD"	"NR2F1"
"Not.Correlated"	"HPRD"	"PEG3"
"Not.Correlated"	"HPRD"	"PHKA1"
"Not.Correlated"	"HPRD"	"CYFIP2"
"Not.Correlated"	"HPRD"	"PTPRD"
"Not.Correlated"	"HPRD"	"DERL3"
"Not.Correlated"	"HPRD"	"CDK18"
"Not.Correlated"	"HPRD"	"DYNC1I1"
"Not.Correlated"	"HPRD"	"NCKAP5"
"Not.Correlated"	"HPRD"	"RGS16"
"Not.Correlated"	"HPRD"	"COL9A3"
"Not.Correlated"	"HPRD"	"C5AR2"
"Not.Correlated"	"HPRD"	"CSTA"
"Not.Correlated"	"HPRD"	"RAB3B"
"Not.Correlated"	"HPRD"	"ACHE"
"Not.Correlated"	"HPRD"	"BCAN"
"Not.Correlated"	"HPRD"	"FGF13"
"Not.Correlated"	"HPRD"	"MT1F"
"Not.Correlated"	"HPRD"	"NQO1"
"Not.Correlated"	"HPRD"	"LCN2"
"Not.Correlated"	"HPRD"	"DTNA"
"Not.Correlated"	"HPRD"	"SEMA3B"
"Not.Correlated"	"HPRD"	"GMPR"
"Not.Correlated"	"HPRD"	"PRRG2"
"Not.Correlated"	"HPRD"	"ARHGAP44"
"Not.Correlated"	"HPRD"	"RELN"
"Not.Correlated"	"HPRD"	"ZNF471"
"Not.Correlated"	"HPRD"	"B4GALNT1"
"Not.Correlated"	"HPRD"	"ARSE"
"Not.Correlated"	"HPRD"	"IL1RL2"
"Not.Correlated"	"HPRD"	"KDM5D"
"Not.Correlated"	"HPRD"	"EMID1"
"Not.Correlated"	"DIP"	"MYC"
"Not.Correlated"	"DIP"	"KCNK1"
"Not.Correlated"	"DIP"	"SNCAIP"
"Not.Correlated"	"DIP"	"BMP4"
"Not.Correlated"	"DIP"	"PTK6"
"Not.Correlated"	"DIP"	"MAPT"
"Not.Correlated"	"DIP"	"LARGE2"
"Not.Correlated"	"DIP"	"FGF12"
"Not.Correlated"	"DIP"	"MRAP2"
"Not.Correlated"	"DIP"	"PRRG2"
"Not.Correlated"	"MGI"	"MLPH"
"Not.Correlated"	"MGI"	"BMP4"
"Not.Correlated"	"MGI"	"SOX6"
"Not.Correlated"	"MGI"	"MAPT"
"Not.Correlated"	"MGI"	"DYNC1I1"
"Not.Correlated"	"MGI"	"RAB3B"
"Not.Correlated"	"MGI"	"WNT5A"
"Not.Correlated"	"MGI"	"EMID1"
"Not.Correlated"	"YeastLow"	"OAT"
"Not.Correlated"	"YeastLow"	"THNSL2"
"Not.Correlated"	"BIND"	"MYC"
"Not.Correlated"	"BIND"	"KCNK1"
"Not.Correlated"	"BIND"	"SNCAIP"
"Not.Correlated"	"BIND"	"OAT"
"Not.Correlated"	"BIND"	"BMP4"
"Not.Correlated"	"BIND"	"PTK6"
"Not.Correlated"	"BIND"	"NR2F1"
"Not.Correlated"	"BIND"	"CSTA"
"Not.Correlated"	"BIND"	"NQO1"
"Not.Correlated"	"BIND"	"ME1"
"Not.Correlated"	"BIND"	"GMPR"
"Not.Correlated"	"BIND"	"LRP4"
"Not.Correlated"	"BIND_Mouse"	"MYC"
"Not.Correlated"	"BIND_Mouse"	"MLPH"
"Not.Correlated"	"BIND_Mouse"	"BMP4"
"Not.Correlated"	"BIND_Mouse"	"RGS9"
"Not.Correlated"	"BIND_Mouse"	"FZD3"
"Not.Correlated"	"BIND_Mouse"	"DYNC1I1"
"Not.Correlated"	"BIND_Mouse"	"NQO1"
"Not.Correlated"	"BIND_Mouse"	"DTNA"
"Not.Correlated"	"DIP_Fly"	"TUBB4A"
"Not.Correlated"	"DIP_Fly"	"PHGDH"
"Not.Correlated"	"DIP_Fly"	"ACTG2"
"Not.Correlated"	"DIP_Fly"	"EIF5AL1"
"Not.Correlated"	"DIP_Fly"	"PTPRD"
"Not.Correlated"	"DIP_Fly"	"SLC16A14"
"Not.Correlated"	"IntAct_Fly"	"TUBB4A"
"Not.Correlated"	"IntAct_Fly"	"EEF1A2"
"Not.Correlated"	"IntAct_Fly"	"CNTNAP2"
"Not.Correlated"	"IntAct_Fly"	"EIF5AL1"
"Not.Correlated"	"IntAct_Fly"	"EIF1AY"
"Not.Correlated"	"IntAct_Fly"	"CYFIP2"
"Not.Correlated"	"IntAct_Fly"	"PTPRD"
"Not.Correlated"	"IntAct_Fly"	"TSPAN13"
"Not.Correlated"	"IntAct_Fly"	"ME1"
"Not.Correlated"	"MINT"	"MYC"
"Not.Correlated"	"MINT"	"SNCAIP"
"Not.Correlated"	"MINT"	"MLPH"
"Not.Correlated"	"MINT"	"OAT"
"Not.Correlated"	"MINT"	"BMP4"
"Not.Correlated"	"MINT"	"PTK6"
"Not.Correlated"	"MINT"	"MAPK8IP2"
"Not.Correlated"	"MINT"	"MAPT"
"Not.Correlated"	"MINT"	"DTX1"
"Not.Correlated"	"MINT"	"DNALI1"
"Not.Correlated"	"MINT"	"THNSL2"
"Not.Correlated"	"MINT"	"NR2F1"
"Not.Correlated"	"MINT"	"CYFIP2"
"Not.Correlated"	"MINT"	"TRIM16"
"Not.Correlated"	"MINT"	"PTPRD"
"Not.Correlated"	"MINT"	"DYNC1I1"
"Not.Correlated"	"MINT"	"NCKAP5"
"Not.Correlated"	"MINT"	"CSTA"
"Not.Correlated"	"MINT"	"NQO1"
"Not.Correlated"	"MINT"	"DTNA"
"Not.Correlated"	"MINT"	"SNX7"
"Not.Correlated"	"MINT"	"CCL28"
"Not.Correlated"	"MINT"	"TJP3"
"Not.Correlated"	"MINT"	"ARSE"
"Not.Correlated"	"MINT"	"CHAC1"
"Not.Correlated"	"BCI"	"MYC"
"Not.Correlated"	"BCI"	"MAPT"
"Not.Correlated"	"BCI"	"RGS9"
"Not.Correlated"	"BCI"	"ACTG2"
"Not.Correlated"	"BCI"	"ENTPD2"
"Not.Correlated"	"BCI"	"NR2F1"
"Not.Correlated"	"BCI"	"EIF1AY"
"Not.Correlated"	"BCI"	"CDK18"
"Not.Correlated"	"BCI"	"DYNC1I1"
"Not.Correlated"	"BCI"	"RGS16"
"Not.Correlated"	"BCI"	"COL9A3"
"Not.Correlated"	"BCI"	"CSTA"
"Not.Correlated"	"BCI"	"ACHE"
"Not.Correlated"	"BCI"	"MT1F"
"Not.Correlated"	"BCI"	"NQO1"
"Not.Correlated"	"BCI"	"LCN2"
"Not.Correlated"	"BioGrid_Rat"	"MYC"
"Not.Correlated"	"BioGrid_Rat"	"SNCAIP"
"Not.Correlated"	"BioGrid_Rat"	"MAPT"
"Not.Correlated"	"BioGrid_Rat"	"CXXC4"
"Not.Correlated"	"BioGrid_Rat"	"DACT2"
"Not.Correlated"	"BioGrid_Rat"	"DYNC1I1"
"Not.Correlated"	"IntAct_Mouse"	"MYC"
"Not.Correlated"	"IntAct_Mouse"	"EEF1A2"
"Not.Correlated"	"IntAct_Mouse"	"SNCAIP"
"Not.Correlated"	"IntAct_Mouse"	"MAPT"
"Not.Correlated"	"IntAct_Mouse"	"DACT2"
"Not.Correlated"	"IntAct_Mouse"	"DOK7"
"Not.Correlated"	"IntAct_Mouse"	"DYNC1I1"
"Not.Correlated"	"IntAct_Mouse"	"C5AR2"
"Not.Correlated"	"IntAct_Mouse"	"ACHE"
"Not.Correlated"	"IntAct_Mouse"	"DTNA"
"Not.Correlated"	"IntAct_Mouse"	"LRP4"
"Not.Correlated"	"BioGrid_Yeast"	"THNSL2"
"Not.Correlated"	"INNATEDB"	"MYC"
"Not.Correlated"	"INNATEDB"	"SNCAIP"
"Not.Correlated"	"INNATEDB"	"BMP4"
"Not.Correlated"	"INNATEDB"	"PTK6"
"Not.Correlated"	"INNATEDB"	"WASF3"
"Not.Correlated"	"INNATEDB"	"MAPK8IP2"
"Not.Correlated"	"INNATEDB"	"MAPT"
"Not.Correlated"	"INNATEDB"	"RGS9"
"Not.Correlated"	"INNATEDB"	"DDX3Y"
"Not.Correlated"	"INNATEDB"	"DYNC1I1"
"Not.Correlated"	"INNATEDB"	"TRIM16L"
"Not.Correlated"	"INNATEDB"	"ACHE"
"Not.Correlated"	"INNATEDB"	"NQO1"
"Not.Correlated"	"INNATEDB"	"ERAP2"
"Not.Correlated"	"INNATEDB"	"TMEM98"
"Not.Correlated"	"INNATEDB"	"SEMA3B"
"Not.Correlated"	"INNATEDB"	"RELN"
"Not.Correlated"	"INNATEDB"	"CHAC1"
"Not.Correlated"	"INNATEDB_Mouse"	"MYC"
"Not.Correlated"	"INNATEDB_Mouse"	"MAPK8IP2"
"Not.Correlated"	"INNATEDB_Mouse"	"PHGDH"
"Not.Correlated"	"INNATEDB_Mouse"	"LCN2"
"Not.Correlated"	"INNATEDB_Mouse"	"IRX3"
"Not.Correlated"	"BioGrid_Worm"	"DDX3Y"
"Not.Correlated"	"MINT_Worm"	"DDX3Y"
"Not.Correlated"	"MINT_Worm"	"EIF1AY"
"Not.Correlated"	"MINT_Fly"	"ACTG2"
"Not.Correlated"	"MINT_Fly"	"PTPRD"
"Not.Correlated"	"MINT_Fly"	"SLC16A14"
"Not.Correlated"	"Krogan_NonCore"	"THNSL2"
"Not.Correlated"	"BioGrid_Fly"	"EEF1A2"
"Not.Correlated"	"BioGrid_Fly"	"PHGDH"
"Not.Correlated"	"BioGrid_Fly"	"CNTNAP2"
"Not.Correlated"	"BioGrid_Fly"	"ACTG2"
"Not.Correlated"	"BioGrid_Fly"	"EIF5AL1"
"Not.Correlated"	"BioGrid_Fly"	"EIF1AY"
"Not.Correlated"	"BioGrid_Fly"	"PTPRD"
"Not.Correlated"	"BioGrid_Fly"	"ME1"
"Not.Correlated"	"BioGrid_Fly"	"SLC16A14"
"Not.Correlated"	"MINT_Mouse"	"SNCAIP"
"Not.Correlated"	"MINT_Mouse"	"MAPT"
"Not.Correlated"	"MINT_Mouse"	"DYNC1I1"
"Not.Correlated"	"MINT_Mouse"	"RGS16"
"Not.Correlated"	"IntAct_Worm"	"OAT"
"Not.Correlated"	"IntAct_Worm"	"DDX3Y"
"Not.Correlated"	"SOURAV_MAPK_LOW"	"MYC"
"Not.Correlated"	"BIND_Fly"	"EEF1A2"
"Not.Correlated"	"BIND_Fly"	"CNTNAP2"
"Not.Correlated"	"BIND_Fly"	"SLC16A14"
"Not.Correlated"	"DIP_Mouse"	"MLPH"
"Not.Correlated"	"DIP_Mouse"	"EPOP"
"Not.Correlated"	"DIP_Mouse"	"DYNC1I1"
"Not.Correlated"	"DIP_Mouse"	"RGS16"
"Not.Correlated"	"SOURAV_MAPK_HIGH"	"MYC"
"Not.Correlated"	"VidalHuman_core"	"CDK18"
"Not.Correlated"	"VidalHuman_core"	"DYNC1I1"
"Not.Correlated"	"VidalHuman_core"	"ZNF471"
"Not.Correlated"	"VidalHuman_core"	"CHAC1"
"Not.Correlated"	"Pawson2"	"AMOT"
"Not.Correlated"	"YeastMedium"	"OAT"
"Not.Correlated"	"ShawnLi"	"NCKAP5"
"Not.Correlated"	"KIM_MYC"	"MYC"
"Not.Correlated"	"KIM_MYC"	"ACTG2"
"Not.Correlated"	"IntAct_Yeast"	"OAT"
"Not.Correlated"	"IntAct_Yeast"	"THNSL2"
"Not.Correlated"	"MINT_Yeast"	"OAT"
"Not.Correlated"	"YeastHigh"	"OAT"
"Not.Correlated"	"YeastHigh"	"THNSL2"
"Not.Correlated"	"BIND_Rat"	"DYNC1I1"
"Not.Correlated"	"FlyHigh"	"EIF5AL1"
"Not.Correlated"	"StelzlLow"	"SNCAIP"
"Not.Correlated"	"StelzlLow"	"TRIM16"
"Not.Correlated"	"StelzlLow"	"CSTA"
"Not.Correlated"	"StelzlMedium"	"SNCAIP"
"Not.Correlated"	"StelzlMedium"	"THNSL2"
"Not.Correlated"	"StelzlMedium"	"ARSE"
"Not.Correlated"	"IntAct_Rat"	"MYC"
"Not.Correlated"	"IntAct_Rat"	"EEF1A2"
"Not.Correlated"	"IntAct_Rat"	"SNCAIP"
"Not.Correlated"	"IntAct_Rat"	"CPLX1"
"Not.Correlated"	"IntAct_Rat"	"ACHE"
"Not.Correlated"	"I2D-text_mining-c"	"CSTA"
"Not.Correlated"	"DIP_Yeast"	"OAT"
"Not.Correlated"	"DIP_Yeast"	"THNSL2"
"Not.Correlated"	"DIP_Rat"	"CPLX1"
"Not.Correlated"	"FlyLow"	"SLC16A14"
"Not.Correlated"	"I2D-c_Fiona_HUMAN"	"TRIM16"
"Not.Correlated"	"FlyEmbryo"	"CNTNAP2"
"Not.Correlated"	"Fawcett_polarity"	"AMOT"
"Not.Correlated"	"VidalHuman_non_core"	"CDK18"
"Not.Correlated"	"VidalHuman_non_core"	"FGF12"
"Not.Correlated"	"VidalHuman_non_core"	"ZNF471"
