"Module"	"Gene1"	"Gene2"
"M1"	"IntAct"	"LRRK2"
"M1"	"IntAct"	"CD247"
"M1"	"IntAct"	"STAT4"
"M1"	"IntAct"	"FAM107A"
"M1"	"IntAct"	"CORO1A"
"M1"	"IntAct"	"SORBS2"
"M1"	"IntAct"	"VCAM1"
"M1"	"IntAct"	"GULP1"
"M1"	"IntAct"	"BTK"
"M1"	"IntAct"	"LCK"
"M1"	"IntAct"	"LTF"
"M1"	"IntAct"	"IL7R"
"M1"	"IntAct"	"IRF8"
"M1"	"IntAct"	"ABCB1"
"M1"	"IntAct"	"ITGAL"
"M1"	"IntAct"	"GDA"
"M1"	"IntAct"	"BCL2A1"
"M1"	"IntAct"	"MMP9"
"M1"	"IntAct"	"ALOX5AP"
"M1"	"IntAct"	"IL2RG"
"M1"	"IntAct"	"CLSPN"
"M1"	"IntAct"	"CD37"
"M1"	"IntAct"	"CBFA2T3"
"M1"	"IntAct"	"BEGAIN"
"M1"	"IntAct"	"CD44"
"M1"	"IntAct"	"DES"
"M1"	"IntAct"	"IKZF1"
"M1"	"IntAct"	"MAP2"
"M1"	"IntAct"	"PRKCB"
"M1"	"IntAct"	"SOCS1"
"M1"	"IntAct"	"CD3E"
"M1"	"IntAct"	"CCR5"
"M1"	"IntAct"	"CARD11"
"M1"	"IntAct"	"PDE4D"
"M1"	"IntAct"	"TRAF3IP3"
"M1"	"IntAct"	"MAPT"
"M1"	"IntAct"	"LGALS2"
"M1"	"IntAct"	"CD6"
"M1"	"IntAct"	"CCL4"
"M1"	"IntAct"	"IL2RB"
"M1"	"IntAct"	"IDO1"
"M1"	"IntAct"	"HSPB8"
"M1"	"IntAct"	"RAP1GAP"
"M1"	"IntAct"	"BAMBI"
"M1"	"IntAct"	"PRKCQ"
"M1"	"IntAct"	"CCND1"
"M1"	"IntAct"	"P2RY2"
"M1"	"IntAct"	"RGS1"
"M1"	"IntAct"	"CSF2RA"
"M1"	"IntAct"	"CSF2RB"
"M1"	"IntAct"	"TFEC"
"M1"	"IntAct"	"VPS37D"
"M1"	"IntAct"	"IL16"
"M1"	"IntAct"	"ADSSL1"
"M1"	"IntAct"	"ANK2"
"M1"	"IntAct"	"LPAR1"
"M1"	"IntAct"	"PLXNB3"
"M1"	"IntAct"	"PTPRC"
"M1"	"IntAct"	"SKAP1"
"M1"	"IntAct"	"GABRD"
"M1"	"IntAct"	"HOXB6"
"M1"	"IntAct"	"DOCK2"
"M1"	"IntAct"	"ARHGAP9"
"M1"	"IntAct"	"FPR1"
"M1"	"IntAct"	"FCGR2B"
"M1"	"IntAct"	"LCP1"
"M1"	"IntAct"	"PTGDS"
"M1"	"IntAct"	"FOXP2"
"M1"	"IntAct"	"NLRP3"
"M1"	"IntAct"	"ITK"
"M1"	"IntAct"	"RIPOR2"
"M1"	"IntAct"	"PRUNE2"
"M1"	"IntAct"	"FYB1"
"M1"	"IntAct"	"MAP4K1"
"M1"	"IntAct"	"ZAP70"
"M1"	"IntAct"	"LTB"
"M1"	"IntAct"	"CD8A"
"M1"	"IntAct"	"SYT7"
"M1"	"IntAct"	"SCG5"
"M1"	"IntAct"	"CD2"
"M1"	"IntAct"	"PTPN22"
"M1"	"IntAct"	"HLA-DQA1"
"M1"	"IntAct"	"CCND2"
"M1"	"IntAct"	"CTSW"
"M1"	"IntAct"	"DGKA"
"M1"	"IntAct"	"CCL21"
"M1"	"IntAct"	"NDUFA4L2"
"M1"	"IntAct"	"CYBB"
"M1"	"IntAct"	"AATK"
"M1"	"IntAct"	"RPS6KA6"
"M1"	"IntAct"	"NCKAP1L"
"M1"	"IntAct"	"CD5"
"M1"	"IntAct"	"CD22"
"M1"	"IntAct"	"SLAMF7"
"M1"	"IntAct"	"PAPLN"
"M1"	"IntAct"	"IKZF3"
"M1"	"IntAct"	"GZMA"
"M1"	"IntAct"	"SELENBP1"
"M1"	"IntAct"	"FZD5"
"M1"	"IntAct"	"SLFN11"
"M1"	"IntAct"	"DAPP1"
"M1"	"IntAct"	"ITGB2"
"M1"	"IntAct"	"CD48"
"M1"	"IntAct"	"LSP1"
"M1"	"IntAct"	"CCL5"
"M1"	"IntAct"	"CXCL14"
"M1"	"IntAct"	"PLEK"
"M1"	"IntAct"	"LINGO1"
"M1"	"IntAct"	"ADAM22"
"M1"	"IntAct"	"VWF"
"M1"	"IntAct"	"TFPI2"
"M1"	"IntAct"	"IL1B"
"M1"	"IntAct"	"CSTA"
"M1"	"IntAct"	"UST"
"M1"	"IntAct"	"CD3D"
"M1"	"IntAct"	"LILRB1"
"M1"	"IntAct"	"ARHGEF4"
"M1"	"IntAct"	"HLA-DRA"
"M1"	"IntAct"	"CD74"
"M1"	"IntAct"	"SPTBN2"
"M1"	"IntAct"	"COL4A5"
"M1"	"IntAct"	"CXCL10"
"M1"	"IntAct"	"BST2"
"M1"	"IntAct"	"ACAP1"
"M1"	"IntAct"	"LSAMP"
"M1"	"IntAct"	"CCL18"
"M1"	"IntAct"	"ADRA2A"
"M1"	"IntAct"	"FCHO1"
"M1"	"IntAct"	"GYG2"
"M1"	"IntAct"	"CELF2"
"M1"	"IntAct"	"ALOX5"
"M1"	"IntAct"	"PTPN7"
"M1"	"IntAct"	"NNMT"
"M1"	"IntAct"	"CD53"
"M1"	"IntAct"	"SPIB"
"M1"	"IntAct"	"RUNX3"
"M1"	"IntAct"	"CENPV"
"M1"	"IntAct"	"IL34"
"M1"	"IntAct"	"CST7"
"M1"	"IntAct"	"CD7"
"M1"	"IntAct"	"EPHB6"
"M1"	"IntAct"	"KLHL6"
"M1"	"IntAct"	"INHA"
"M1"	"IntAct"	"SCN8A"
"M1"	"IntAct"	"ZNF433"
"M1"	"IntAct"	"RUNDC3A"
"M1"	"IntAct"	"HLA-DOA"
"M1"	"IntAct"	"PRF1"
"M1"	"IntAct"	"CXCL11"
"M1"	"IntAct"	"IL12RB1"
"M1"	"IntAct"	"CXCL9"
"M1"	"IntAct"	"IFI27"
"M1"	"IntAct"	"RRAD"
"M1"	"IntAct"	"ABI3BP"
"M1"	"IntAct"	"APOL4"
"M1"	"IntAct"	"ZNF135"
"M1"	"IntAct"	"TMEM176A"
"M1"	"IntAct"	"RORC"
"M1"	"IntAct"	"CGNL1"
"M1"	"IntAct"	"DUSP2"
"M1"	"IntAct"	"RHOH"
"M1"	"IntAct"	"SEPT3"
"M1"	"IntAct"	"ILDR2"
"M1"	"IntAct"	"HOXB5"
"M1"	"IntAct"	"SNX20"
"M1"	"IntAct"	"IRF6"
"M1"	"IntAct"	"MYO7B"
"M1"	"IntAct"	"MZB1"
"M1"	"IntAct"	"CCNJL"
"M1"	"IntAct"	"TMEM45B"
"M1"	"IntAct"	"CD69"
"M1"	"IntAct"	"SP140"
"M1"	"IntAct"	"NKG7"
"M1"	"IntAct"	"AQP7"
"M1"	"IntAct"	"FCGBP"
"M1"	"IntAct"	"GBP5"
"M1"	"IntAct"	"SPOCK2"
"M1"	"IntAct"	"NPM2"
"M1"	"IntAct"	"GSTO2"
"M1"	"IntAct"	"PCDHB10"
"M1"	"IntAct"	"PCDHB5"
"M1"	"INNATEDB_Mouse"	"STAT4"
"M1"	"INNATEDB_Mouse"	"GULP1"
"M1"	"INNATEDB_Mouse"	"BTK"
"M1"	"INNATEDB_Mouse"	"LCK"
"M1"	"INNATEDB_Mouse"	"IL7R"
"M1"	"INNATEDB_Mouse"	"IRF8"
"M1"	"INNATEDB_Mouse"	"GDA"
"M1"	"INNATEDB_Mouse"	"LY86"
"M1"	"INNATEDB_Mouse"	"CD180"
"M1"	"INNATEDB_Mouse"	"IL2RG"
"M1"	"INNATEDB_Mouse"	"CLSPN"
"M1"	"INNATEDB_Mouse"	"PRKCB"
"M1"	"INNATEDB_Mouse"	"SOCS1"
"M1"	"INNATEDB_Mouse"	"CCR5"
"M1"	"INNATEDB_Mouse"	"CARD11"
"M1"	"INNATEDB_Mouse"	"CD6"
"M1"	"INNATEDB_Mouse"	"CCL4"
"M1"	"INNATEDB_Mouse"	"SELL"
"M1"	"INNATEDB_Mouse"	"IL2RB"
"M1"	"INNATEDB_Mouse"	"IDO1"
"M1"	"INNATEDB_Mouse"	"PRKCQ"
"M1"	"INNATEDB_Mouse"	"IL16"
"M1"	"INNATEDB_Mouse"	"BCL11B"
"M1"	"INNATEDB_Mouse"	"PTGDS"
"M1"	"INNATEDB_Mouse"	"NLRP3"
"M1"	"INNATEDB_Mouse"	"ITK"
"M1"	"INNATEDB_Mouse"	"FYB1"
"M1"	"INNATEDB_Mouse"	"ZAP70"
"M1"	"INNATEDB_Mouse"	"CYBB"
"M1"	"INNATEDB_Mouse"	"CD22"
"M1"	"INNATEDB_Mouse"	"DAPP1"
"M1"	"INNATEDB_Mouse"	"CCL5"
"M1"	"INNATEDB_Mouse"	"PLEK"
"M1"	"INNATEDB_Mouse"	"ADAM22"
"M1"	"INNATEDB_Mouse"	"IL1B"
"M1"	"INNATEDB_Mouse"	"CD74"
"M1"	"INNATEDB_Mouse"	"CD53"
"M1"	"INNATEDB_Mouse"	"PRF1"
"M1"	"INNATEDB_Mouse"	"IL12RB1"
"M1"	"INNATEDB_Mouse"	"SELP"
"M1"	"INNATEDB_Mouse"	"RORC"
"M1"	"INNATEDB_Mouse"	"STEAP4"
"M1"	"INNATEDB_Mouse"	"MZB1"
"M1"	"INNATEDB_Mouse"	"PLD4"
"M1"	"BioGrid"	"LRRK2"
"M1"	"BioGrid"	"CD247"
"M1"	"BioGrid"	"STAT4"
"M1"	"BioGrid"	"FAM107A"
"M1"	"BioGrid"	"CORO1A"
"M1"	"BioGrid"	"SORBS2"
"M1"	"BioGrid"	"VCAM1"
"M1"	"BioGrid"	"GULP1"
"M1"	"BioGrid"	"BTK"
"M1"	"BioGrid"	"LCK"
"M1"	"BioGrid"	"SPN"
"M1"	"BioGrid"	"LTF"
"M1"	"BioGrid"	"IL7R"
"M1"	"BioGrid"	"IRF8"
"M1"	"BioGrid"	"ABCB1"
"M1"	"BioGrid"	"ITGAL"
"M1"	"BioGrid"	"GDA"
"M1"	"BioGrid"	"BCL2A1"
"M1"	"BioGrid"	"LY86"
"M1"	"BioGrid"	"TSHZ2"
"M1"	"BioGrid"	"MMP9"
"M1"	"BioGrid"	"ATP7B"
"M1"	"BioGrid"	"ALOX5AP"
"M1"	"BioGrid"	"IL2RG"
"M1"	"BioGrid"	"CLSPN"
"M1"	"BioGrid"	"CBFA2T3"
"M1"	"BioGrid"	"BEGAIN"
"M1"	"BioGrid"	"CD44"
"M1"	"BioGrid"	"CA9"
"M1"	"BioGrid"	"DES"
"M1"	"BioGrid"	"IKZF1"
"M1"	"BioGrid"	"MAP2"
"M1"	"BioGrid"	"PRKCB"
"M1"	"BioGrid"	"SOCS1"
"M1"	"BioGrid"	"CD3E"
"M1"	"BioGrid"	"CCR5"
"M1"	"BioGrid"	"CARD11"
"M1"	"BioGrid"	"WASF3"
"M1"	"BioGrid"	"PDE4D"
"M1"	"BioGrid"	"TRAF3IP3"
"M1"	"BioGrid"	"MAPT"
"M1"	"BioGrid"	"GPR37"
"M1"	"BioGrid"	"LGALS2"
"M1"	"BioGrid"	"CD6"
"M1"	"BioGrid"	"CCL4"
"M1"	"BioGrid"	"SELL"
"M1"	"BioGrid"	"BHLHE41"
"M1"	"BioGrid"	"IL2RB"
"M1"	"BioGrid"	"IDO1"
"M1"	"BioGrid"	"HSPB8"
"M1"	"BioGrid"	"RAP1GAP"
"M1"	"BioGrid"	"PRKCQ"
"M1"	"BioGrid"	"CCND1"
"M1"	"BioGrid"	"SSTR1"
"M1"	"BioGrid"	"P2RY2"
"M1"	"BioGrid"	"RGS1"
"M1"	"BioGrid"	"CSF2RA"
"M1"	"BioGrid"	"CSF2RB"
"M1"	"BioGrid"	"TFEC"
"M1"	"BioGrid"	"VPS37D"
"M1"	"BioGrid"	"IL16"
"M1"	"BioGrid"	"ADSSL1"
"M1"	"BioGrid"	"ANK2"
"M1"	"BioGrid"	"LPAR1"
"M1"	"BioGrid"	"PLXNB3"
"M1"	"BioGrid"	"SASH3"
"M1"	"BioGrid"	"PTPRC"
"M1"	"BioGrid"	"SKAP1"
"M1"	"BioGrid"	"GABRD"
"M1"	"BioGrid"	"HOXB6"
"M1"	"BioGrid"	"DOCK2"
"M1"	"BioGrid"	"ARHGAP9"
"M1"	"BioGrid"	"FPR1"
"M1"	"BioGrid"	"FCGR2B"
"M1"	"BioGrid"	"BCL11B"
"M1"	"BioGrid"	"LCP1"
"M1"	"BioGrid"	"PTGDS"
"M1"	"BioGrid"	"ENTPD2"
"M1"	"BioGrid"	"FOXP2"
"M1"	"BioGrid"	"NLRP3"
"M1"	"BioGrid"	"CYTIP"
"M1"	"BioGrid"	"ITK"
"M1"	"BioGrid"	"RIPOR2"
"M1"	"BioGrid"	"PRUNE2"
"M1"	"BioGrid"	"FYB1"
"M1"	"BioGrid"	"MAP4K1"
"M1"	"BioGrid"	"ZAP70"
"M1"	"BioGrid"	"LTB"
"M1"	"BioGrid"	"CD8A"
"M1"	"BioGrid"	"SYT7"
"M1"	"BioGrid"	"SCG5"
"M1"	"BioGrid"	"CD2"
"M1"	"BioGrid"	"PTPN22"
"M1"	"BioGrid"	"HLA-DQA1"
"M1"	"BioGrid"	"CD79B"
"M1"	"BioGrid"	"CCND2"
"M1"	"BioGrid"	"DGKA"
"M1"	"BioGrid"	"CCL21"
"M1"	"BioGrid"	"NDUFA4L2"
"M1"	"BioGrid"	"CYBB"
"M1"	"BioGrid"	"RPS6KA6"
"M1"	"BioGrid"	"CD5"
"M1"	"BioGrid"	"CD22"
"M1"	"BioGrid"	"SLAMF7"
"M1"	"BioGrid"	"IKZF3"
"M1"	"BioGrid"	"DERL3"
"M1"	"BioGrid"	"GZMA"
"M1"	"BioGrid"	"SELENBP1"
"M1"	"BioGrid"	"FZD5"
"M1"	"BioGrid"	"HLA-DRB5"
"M1"	"BioGrid"	"DAPP1"
"M1"	"BioGrid"	"ITGB2"
"M1"	"BioGrid"	"PDE4B"
"M1"	"BioGrid"	"CD48"
"M1"	"BioGrid"	"CCL5"
"M1"	"BioGrid"	"CXCL14"
"M1"	"BioGrid"	"LINGO1"
"M1"	"BioGrid"	"ADAM22"
"M1"	"BioGrid"	"VWF"
"M1"	"BioGrid"	"LAMA1"
"M1"	"BioGrid"	"IL1B"
"M1"	"BioGrid"	"CSTA"
"M1"	"BioGrid"	"DPT"
"M1"	"BioGrid"	"HLA-DQA2"
"M1"	"BioGrid"	"CD3D"
"M1"	"BioGrid"	"RAB3B"
"M1"	"BioGrid"	"KLRD1"
"M1"	"BioGrid"	"LILRB1"
"M1"	"BioGrid"	"ARHGEF4"
"M1"	"BioGrid"	"HLA-DRA"
"M1"	"BioGrid"	"CD74"
"M1"	"BioGrid"	"SPTBN2"
"M1"	"BioGrid"	"BST2"
"M1"	"BioGrid"	"ACAP1"
"M1"	"BioGrid"	"BCAN"
"M1"	"BioGrid"	"CCL2"
"M1"	"BioGrid"	"LSAMP"
"M1"	"BioGrid"	"HLA-DPA1"
"M1"	"BioGrid"	"CCL18"
"M1"	"BioGrid"	"ADRA2A"
"M1"	"BioGrid"	"FCHO1"
"M1"	"BioGrid"	"GYG2"
"M1"	"BioGrid"	"CELF2"
"M1"	"BioGrid"	"ALOX5"
"M1"	"BioGrid"	"GNLY"
"M1"	"BioGrid"	"PTPN7"
"M1"	"BioGrid"	"NNMT"
"M1"	"BioGrid"	"RASGRP2"
"M1"	"BioGrid"	"TBC1D10C"
"M1"	"BioGrid"	"NLRP2"
"M1"	"BioGrid"	"CD53"
"M1"	"BioGrid"	"SPIB"
"M1"	"BioGrid"	"CD38"
"M1"	"BioGrid"	"RUNX3"
"M1"	"BioGrid"	"CD7"
"M1"	"BioGrid"	"EPHB6"
"M1"	"BioGrid"	"INHA"
"M1"	"BioGrid"	"FOXA3"
"M1"	"BioGrid"	"SCN8A"
"M1"	"BioGrid"	"ZNF433"
"M1"	"BioGrid"	"RUNDC3A"
"M1"	"BioGrid"	"HLA-DOA"
"M1"	"BioGrid"	"HLA-DOB"
"M1"	"BioGrid"	"PRF1"
"M1"	"BioGrid"	"CXCL11"
"M1"	"BioGrid"	"IL12RB1"
"M1"	"BioGrid"	"CXCL9"
"M1"	"BioGrid"	"IFI27"
"M1"	"BioGrid"	"MEX3A"
"M1"	"BioGrid"	"SELP"
"M1"	"BioGrid"	"DSC3"
"M1"	"BioGrid"	"RRAD"
"M1"	"BioGrid"	"SLC4A3"
"M1"	"BioGrid"	"ABI3BP"
"M1"	"BioGrid"	"APOL4"
"M1"	"BioGrid"	"TAF4B"
"M1"	"BioGrid"	"RHOH"
"M1"	"BioGrid"	"SEPT3"
"M1"	"BioGrid"	"HOXB5"
"M1"	"BioGrid"	"SNX20"
"M1"	"BioGrid"	"IRF6"
"M1"	"BioGrid"	"CCNJL"
"M1"	"BioGrid"	"TMEM45B"
"M1"	"BioGrid"	"NR4A3"
"M1"	"BioGrid"	"GALNT14"
"M1"	"BioGrid"	"CD69"
"M1"	"BioGrid"	"TMC8"
"M1"	"BioGrid"	"TNFRSF18"
"M1"	"BioGrid"	"GPR183"
"M1"	"BioGrid"	"CARNS1"
"M1"	"BioGrid"	"PCDHB14"
"M1"	"BioGrid"	"FCMR"
"M1"	"BioGrid"	"NKG7"
"M1"	"BioGrid"	"GBP5"
"M1"	"BioGrid"	"SPOCK2"
"M1"	"BioGrid"	"NPM2"
"M1"	"BioGrid"	"GSTO2"
"M1"	"MINT_Worm"	"GULP1"
"M1"	"HPRD"	"CD247"
"M1"	"HPRD"	"STAT4"
"M1"	"HPRD"	"FAM107A"
"M1"	"HPRD"	"CORO1A"
"M1"	"HPRD"	"SORBS2"
"M1"	"HPRD"	"VCAM1"
"M1"	"HPRD"	"GULP1"
"M1"	"HPRD"	"BTK"
"M1"	"HPRD"	"LCK"
"M1"	"HPRD"	"SPN"
"M1"	"HPRD"	"LTF"
"M1"	"HPRD"	"IL7R"
"M1"	"HPRD"	"IRF8"
"M1"	"HPRD"	"ABCB1"
"M1"	"HPRD"	"ITGAL"
"M1"	"HPRD"	"GDA"
"M1"	"HPRD"	"BCL2A1"
"M1"	"HPRD"	"LY86"
"M1"	"HPRD"	"MMP9"
"M1"	"HPRD"	"ATP7B"
"M1"	"HPRD"	"ALOX5AP"
"M1"	"HPRD"	"IL2RG"
"M1"	"HPRD"	"CLSPN"
"M1"	"HPRD"	"CBFA2T3"
"M1"	"HPRD"	"BEGAIN"
"M1"	"HPRD"	"CD44"
"M1"	"HPRD"	"CA9"
"M1"	"HPRD"	"DES"
"M1"	"HPRD"	"IKZF1"
"M1"	"HPRD"	"PRKCB"
"M1"	"HPRD"	"SOCS1"
"M1"	"HPRD"	"CD3E"
"M1"	"HPRD"	"CCR5"
"M1"	"HPRD"	"CARD11"
"M1"	"HPRD"	"WASF3"
"M1"	"HPRD"	"PDE4D"
"M1"	"HPRD"	"GPR37"
"M1"	"HPRD"	"LGALS2"
"M1"	"HPRD"	"CD6"
"M1"	"HPRD"	"CCL4"
"M1"	"HPRD"	"SELL"
"M1"	"HPRD"	"CCL19"
"M1"	"HPRD"	"BHLHE41"
"M1"	"HPRD"	"IL2RB"
"M1"	"HPRD"	"IDO1"
"M1"	"HPRD"	"HSPB8"
"M1"	"HPRD"	"RAP1GAP"
"M1"	"HPRD"	"BAMBI"
"M1"	"HPRD"	"PRKCQ"
"M1"	"HPRD"	"CCND1"
"M1"	"HPRD"	"SSTR1"
"M1"	"HPRD"	"RGS1"
"M1"	"HPRD"	"CSF2RA"
"M1"	"HPRD"	"CSF2RB"
"M1"	"HPRD"	"AQP3"
"M1"	"HPRD"	"TFEC"
"M1"	"HPRD"	"VPS37D"
"M1"	"HPRD"	"IL16"
"M1"	"HPRD"	"ADSSL1"
"M1"	"HPRD"	"ANK2"
"M1"	"HPRD"	"LPAR1"
"M1"	"HPRD"	"PLXNB3"
"M1"	"HPRD"	"SASH3"
"M1"	"HPRD"	"SKAP1"
"M1"	"HPRD"	"GABRD"
"M1"	"HPRD"	"HOXB6"
"M1"	"HPRD"	"DOCK2"
"M1"	"HPRD"	"ARHGAP9"
"M1"	"HPRD"	"FPR1"
"M1"	"HPRD"	"FCGR2B"
"M1"	"HPRD"	"BCL11B"
"M1"	"HPRD"	"LCP1"
"M1"	"HPRD"	"PTGDS"
"M1"	"HPRD"	"CYTIP"
"M1"	"HPRD"	"ITK"
"M1"	"HPRD"	"FYB1"
"M1"	"HPRD"	"MAP4K1"
"M1"	"HPRD"	"ZAP70"
"M1"	"HPRD"	"LTB"
"M1"	"HPRD"	"CD8A"
"M1"	"HPRD"	"SYT7"
"M1"	"HPRD"	"SCG5"
"M1"	"HPRD"	"CD2"
"M1"	"HPRD"	"PTPN22"
"M1"	"HPRD"	"HLA-DQA1"
"M1"	"HPRD"	"CD79B"
"M1"	"HPRD"	"CCND2"
"M1"	"HPRD"	"DGKA"
"M1"	"HPRD"	"CCL21"
"M1"	"HPRD"	"NDUFA4L2"
"M1"	"HPRD"	"CYBB"
"M1"	"HPRD"	"CD5"
"M1"	"HPRD"	"CD22"
"M1"	"HPRD"	"SLAMF7"
"M1"	"HPRD"	"IKZF3"
"M1"	"HPRD"	"DERL3"
"M1"	"HPRD"	"GZMA"
"M1"	"HPRD"	"SELENBP1"
"M1"	"HPRD"	"FZD5"
"M1"	"HPRD"	"HLA-DRB5"
"M1"	"HPRD"	"CD48"
"M1"	"HPRD"	"LSP1"
"M1"	"HPRD"	"CCL5"
"M1"	"HPRD"	"PLEK"
"M1"	"HPRD"	"LINGO1"
"M1"	"HPRD"	"ADAM22"
"M1"	"HPRD"	"VWF"
"M1"	"HPRD"	"LAMA1"
"M1"	"HPRD"	"TFPI2"
"M1"	"HPRD"	"IL1B"
"M1"	"HPRD"	"CSTA"
"M1"	"HPRD"	"APBB1IP"
"M1"	"HPRD"	"DPT"
"M1"	"HPRD"	"HLA-DQA2"
"M1"	"HPRD"	"CD3D"
"M1"	"HPRD"	"RAB3B"
"M1"	"HPRD"	"JCHAIN"
"M1"	"HPRD"	"KLRD1"
"M1"	"HPRD"	"ARHGEF4"
"M1"	"HPRD"	"HLA-DRA"
"M1"	"HPRD"	"CD74"
"M1"	"HPRD"	"SPTBN2"
"M1"	"HPRD"	"COL4A5"
"M1"	"HPRD"	"CXCL10"
"M1"	"HPRD"	"ACAP1"
"M1"	"HPRD"	"BCAN"
"M1"	"HPRD"	"CCL2"
"M1"	"HPRD"	"LSAMP"
"M1"	"HPRD"	"HLA-DPA1"
"M1"	"HPRD"	"CCL18"
"M1"	"HPRD"	"ADRA2A"
"M1"	"HPRD"	"FCHO1"
"M1"	"HPRD"	"GYG2"
"M1"	"HPRD"	"CELF2"
"M1"	"HPRD"	"ALOX5"
"M1"	"HPRD"	"TBC1D10C"
"M1"	"HPRD"	"CD53"
"M1"	"HPRD"	"CD38"
"M1"	"HPRD"	"RUNX3"
"M1"	"HPRD"	"DUOX1"
"M1"	"HPRD"	"CST7"
"M1"	"HPRD"	"CD7"
"M1"	"HPRD"	"INHA"
"M1"	"HPRD"	"PDK4"
"M1"	"HPRD"	"FOXA3"
"M1"	"HPRD"	"SCN8A"
"M1"	"HPRD"	"RUNDC3A"
"M1"	"HPRD"	"HLA-DOA"
"M1"	"HPRD"	"PRF1"
"M1"	"HPRD"	"CXCL11"
"M1"	"HPRD"	"IL12RB1"
"M1"	"HPRD"	"CXCL9"
"M1"	"HPRD"	"IFI27"
"M1"	"HPRD"	"MMRN1"
"M1"	"HPRD"	"SELP"
"M1"	"HPRD"	"DSC3"
"M1"	"HPRD"	"RRAD"
"M1"	"HPRD"	"ABI3BP"
"M1"	"HPRD"	"TAF4B"
"M1"	"HPRD"	"RORC"
"M1"	"HPRD"	"DUSP2"
"M1"	"HPRD"	"RHOH"
"M1"	"HPRD"	"CHI3L1"
"M1"	"HPRD"	"MZB1"
"M1"	"HPRD"	"NR4A3"
"M1"	"HPRD"	"GALNT14"
"M1"	"HPRD"	"CD69"
"M1"	"HPRD"	"TNFRSF18"
"M1"	"HPRD"	"GPR183"
"M1"	"HPRD"	"CARNS1"
"M1"	"HPRD"	"GBP5"
"M1"	"HPRD"	"SPOCK2"
"M1"	"INNATEDB"	"STAT4"
"M1"	"INNATEDB"	"CORO1A"
"M1"	"INNATEDB"	"VCAM1"
"M1"	"INNATEDB"	"BTK"
"M1"	"INNATEDB"	"LCK"
"M1"	"INNATEDB"	"SPN"
"M1"	"INNATEDB"	"LTF"
"M1"	"INNATEDB"	"IL7R"
"M1"	"INNATEDB"	"IRF8"
"M1"	"INNATEDB"	"ABCB1"
"M1"	"INNATEDB"	"ITGAL"
"M1"	"INNATEDB"	"BCL2A1"
"M1"	"INNATEDB"	"LY86"
"M1"	"INNATEDB"	"CD180"
"M1"	"INNATEDB"	"MMP9"
"M1"	"INNATEDB"	"ALOX5AP"
"M1"	"INNATEDB"	"IL2RG"
"M1"	"INNATEDB"	"BEGAIN"
"M1"	"INNATEDB"	"CD44"
"M1"	"INNATEDB"	"IKZF1"
"M1"	"INNATEDB"	"PRKCB"
"M1"	"INNATEDB"	"SOCS1"
"M1"	"INNATEDB"	"CCR5"
"M1"	"INNATEDB"	"CARD11"
"M1"	"INNATEDB"	"WASF3"
"M1"	"INNATEDB"	"MAPT"
"M1"	"INNATEDB"	"LGALS2"
"M1"	"INNATEDB"	"SELL"
"M1"	"INNATEDB"	"CCL19"
"M1"	"INNATEDB"	"IL2RB"
"M1"	"INNATEDB"	"IDO1"
"M1"	"INNATEDB"	"PRKCQ"
"M1"	"INNATEDB"	"CCND1"
"M1"	"INNATEDB"	"SSTR1"
"M1"	"INNATEDB"	"CSF2RA"
"M1"	"INNATEDB"	"CSF2RB"
"M1"	"INNATEDB"	"AQP3"
"M1"	"INNATEDB"	"IL16"
"M1"	"INNATEDB"	"ANK2"
"M1"	"INNATEDB"	"SKAP1"
"M1"	"INNATEDB"	"BCL11B"
"M1"	"INNATEDB"	"LCP1"
"M1"	"INNATEDB"	"NLRP3"
"M1"	"INNATEDB"	"CYTIP"
"M1"	"INNATEDB"	"ITK"
"M1"	"INNATEDB"	"FYB1"
"M1"	"INNATEDB"	"MAP4K1"
"M1"	"INNATEDB"	"ZAP70"
"M1"	"INNATEDB"	"LTB"
"M1"	"INNATEDB"	"CCND2"
"M1"	"INNATEDB"	"CYBB"
"M1"	"INNATEDB"	"CD5"
"M1"	"INNATEDB"	"CD22"
"M1"	"INNATEDB"	"IKZF3"
"M1"	"INNATEDB"	"GZMA"
"M1"	"INNATEDB"	"ITGB2"
"M1"	"INNATEDB"	"VWF"
"M1"	"INNATEDB"	"TFPI2"
"M1"	"INNATEDB"	"IL1B"
"M1"	"INNATEDB"	"KLRD1"
"M1"	"INNATEDB"	"LILRB1"
"M1"	"INNATEDB"	"HLA-DRA"
"M1"	"INNATEDB"	"CXCL10"
"M1"	"INNATEDB"	"ACAP1"
"M1"	"INNATEDB"	"CCL2"
"M1"	"INNATEDB"	"ADRA2A"
"M1"	"INNATEDB"	"ALOX5"
"M1"	"INNATEDB"	"NLRP2"
"M1"	"INNATEDB"	"SPIB"
"M1"	"INNATEDB"	"CD38"
"M1"	"INNATEDB"	"RUNX3"
"M1"	"INNATEDB"	"PDK4"
"M1"	"INNATEDB"	"ZNF433"
"M1"	"INNATEDB"	"PRF1"
"M1"	"INNATEDB"	"CXCL11"
"M1"	"INNATEDB"	"IL12RB1"
"M1"	"INNATEDB"	"CXCL9"
"M1"	"INNATEDB"	"FOXQ1"
"M1"	"INNATEDB"	"PDE6B"
"M1"	"INNATEDB"	"CGREF1"
"M1"	"INNATEDB"	"APOL4"
"M1"	"INNATEDB"	"RHOH"
"M1"	"INNATEDB"	"IRF6"
"M1"	"INNATEDB"	"NR4A3"
"M1"	"INNATEDB"	"LAG3"
"M1"	"INNATEDB"	"CD69"
"M1"	"INNATEDB"	"TNFRSF18"
"M1"	"IntAct_Mouse"	"LRRK2"
"M1"	"IntAct_Mouse"	"BTK"
"M1"	"IntAct_Mouse"	"LCK"
"M1"	"IntAct_Mouse"	"LY86"
"M1"	"IntAct_Mouse"	"IL2RG"
"M1"	"IntAct_Mouse"	"CBFA2T3"
"M1"	"IntAct_Mouse"	"CD44"
"M1"	"IntAct_Mouse"	"DES"
"M1"	"IntAct_Mouse"	"MAP2"
"M1"	"IntAct_Mouse"	"PRKCB"
"M1"	"IntAct_Mouse"	"SOCS1"
"M1"	"IntAct_Mouse"	"CARD11"
"M1"	"IntAct_Mouse"	"MAPT"
"M1"	"IntAct_Mouse"	"IDO1"
"M1"	"IntAct_Mouse"	"HSPB8"
"M1"	"IntAct_Mouse"	"CCND1"
"M1"	"IntAct_Mouse"	"SSTR1"
"M1"	"IntAct_Mouse"	"IL16"
"M1"	"IntAct_Mouse"	"PLXNB3"
"M1"	"IntAct_Mouse"	"LCP1"
"M1"	"IntAct_Mouse"	"FYB1"
"M1"	"IntAct_Mouse"	"ZAP70"
"M1"	"IntAct_Mouse"	"LTB"
"M1"	"IntAct_Mouse"	"CD8A"
"M1"	"IntAct_Mouse"	"SYT7"
"M1"	"IntAct_Mouse"	"PTPN22"
"M1"	"IntAct_Mouse"	"HLA-DQA1"
"M1"	"IntAct_Mouse"	"CCND2"
"M1"	"IntAct_Mouse"	"CYBB"
"M1"	"IntAct_Mouse"	"CD22"
"M1"	"IntAct_Mouse"	"FZD5"
"M1"	"IntAct_Mouse"	"HLA-DRB5"
"M1"	"IntAct_Mouse"	"ITGB2"
"M1"	"IntAct_Mouse"	"LAMA1"
"M1"	"IntAct_Mouse"	"APBB1IP"
"M1"	"IntAct_Mouse"	"DUSP2"
"M1"	"IntAct_Mouse"	"TNFRSF18"
"M1"	"BCI"	"CD247"
"M1"	"BCI"	"STAT4"
"M1"	"BCI"	"VCAM1"
"M1"	"BCI"	"BTK"
"M1"	"BCI"	"LCK"
"M1"	"BCI"	"SPN"
"M1"	"BCI"	"IL7R"
"M1"	"BCI"	"IRF8"
"M1"	"BCI"	"ABCB1"
"M1"	"BCI"	"ITGAL"
"M1"	"BCI"	"BCL2A1"
"M1"	"BCI"	"CD180"
"M1"	"BCI"	"MMP9"
"M1"	"BCI"	"IL2RG"
"M1"	"BCI"	"CBFA2T3"
"M1"	"BCI"	"CD44"
"M1"	"BCI"	"DES"
"M1"	"BCI"	"IKZF1"
"M1"	"BCI"	"PRKCB"
"M1"	"BCI"	"SOCS1"
"M1"	"BCI"	"CD3E"
"M1"	"BCI"	"MAPT"
"M1"	"BCI"	"LGALS2"
"M1"	"BCI"	"CD6"
"M1"	"BCI"	"SELL"
"M1"	"BCI"	"CCL19"
"M1"	"BCI"	"IL2RB"
"M1"	"BCI"	"PRKCQ"
"M1"	"BCI"	"CCND1"
"M1"	"BCI"	"RGS1"
"M1"	"BCI"	"CSF2RB"
"M1"	"BCI"	"AQP3"
"M1"	"BCI"	"IL16"
"M1"	"BCI"	"PTPRC"
"M1"	"BCI"	"DOCK2"
"M1"	"BCI"	"FCGR2B"
"M1"	"BCI"	"LCP1"
"M1"	"BCI"	"PTGDS"
"M1"	"BCI"	"ENTPD2"
"M1"	"BCI"	"ITK"
"M1"	"BCI"	"FYB1"
"M1"	"BCI"	"MAP4K1"
"M1"	"BCI"	"ZAP70"
"M1"	"BCI"	"LTB"
"M1"	"BCI"	"CD8A"
"M1"	"BCI"	"CD2"
"M1"	"BCI"	"CD79B"
"M1"	"BCI"	"CCND2"
"M1"	"BCI"	"DGKA"
"M1"	"BCI"	"CCL21"
"M1"	"BCI"	"CYBB"
"M1"	"BCI"	"CD5"
"M1"	"BCI"	"GZMA"
"M1"	"BCI"	"ITGB2"
"M1"	"BCI"	"PDE4B"
"M1"	"BCI"	"CD48"
"M1"	"BCI"	"CCL5"
"M1"	"BCI"	"IL1B"
"M1"	"BCI"	"CSTA"
"M1"	"BCI"	"DPT"
"M1"	"BCI"	"CD3D"
"M1"	"BCI"	"HLA-DRA"
"M1"	"BCI"	"CD74"
"M1"	"BCI"	"LSAMP"
"M1"	"BCI"	"ALOX5"
"M1"	"BCI"	"CD38"
"M1"	"BCI"	"RUNX3"
"M1"	"BCI"	"CD7"
"M1"	"BCI"	"EPHB6"
"M1"	"BCI"	"SELP"
"M1"	"BCI"	"TAF4B"
"M1"	"BCI"	"DUSP2"
"M1"	"BCI"	"KLRB1"
"M1"	"BCI"	"RHOH"
"M1"	"BCI"	"LAG3"
"M1"	"BCI"	"SPOCK2"
"M1"	"MINT_Mouse"	"BTK"
"M1"	"MINT_Mouse"	"LCK"
"M1"	"MINT_Mouse"	"CBFA2T3"
"M1"	"MINT_Mouse"	"CD44"
"M1"	"MINT_Mouse"	"DES"
"M1"	"MINT_Mouse"	"MAP2"
"M1"	"MINT_Mouse"	"MAPT"
"M1"	"MINT_Mouse"	"CCND1"
"M1"	"MINT_Mouse"	"SSTR1"
"M1"	"MINT_Mouse"	"RGS1"
"M1"	"MINT_Mouse"	"IL16"
"M1"	"MINT_Mouse"	"FCGR2B"
"M1"	"MINT_Mouse"	"LCP1"
"M1"	"MINT_Mouse"	"ITK"
"M1"	"MINT_Mouse"	"FYB1"
"M1"	"MINT_Mouse"	"MAP4K1"
"M1"	"MINT_Mouse"	"CD8A"
"M1"	"MINT_Mouse"	"HLA-DQA1"
"M1"	"MINT_Mouse"	"CD22"
"M1"	"MINT_Mouse"	"FZD5"
"M1"	"MINT_Mouse"	"ITGB2"
"M1"	"MINT_Mouse"	"LAMA1"
"M1"	"MINT_Mouse"	"APBB1IP"
"M1"	"BioGrid_Mouse"	"LRRK2"
"M1"	"BioGrid_Mouse"	"CD247"
"M1"	"BioGrid_Mouse"	"CORO1A"
"M1"	"BioGrid_Mouse"	"SORBS2"
"M1"	"BioGrid_Mouse"	"BTK"
"M1"	"BioGrid_Mouse"	"LCK"
"M1"	"BioGrid_Mouse"	"IRF8"
"M1"	"BioGrid_Mouse"	"MMP9"
"M1"	"BioGrid_Mouse"	"ATP7B"
"M1"	"BioGrid_Mouse"	"DES"
"M1"	"BioGrid_Mouse"	"IKZF1"
"M1"	"BioGrid_Mouse"	"MAP2"
"M1"	"BioGrid_Mouse"	"SOCS1"
"M1"	"BioGrid_Mouse"	"CD3E"
"M1"	"BioGrid_Mouse"	"CARD11"
"M1"	"BioGrid_Mouse"	"MAPT"
"M1"	"BioGrid_Mouse"	"IDO1"
"M1"	"BioGrid_Mouse"	"PRKCQ"
"M1"	"BioGrid_Mouse"	"CCND1"
"M1"	"BioGrid_Mouse"	"ADSSL1"
"M1"	"BioGrid_Mouse"	"PTPRC"
"M1"	"BioGrid_Mouse"	"HOXB6"
"M1"	"BioGrid_Mouse"	"FCGR2B"
"M1"	"BioGrid_Mouse"	"BCL11B"
"M1"	"BioGrid_Mouse"	"LCP1"
"M1"	"BioGrid_Mouse"	"RIPOR2"
"M1"	"BioGrid_Mouse"	"ZAP70"
"M1"	"BioGrid_Mouse"	"IKZF3"
"M1"	"BioGrid_Mouse"	"FZD5"
"M1"	"BioGrid_Mouse"	"ITGB2"
"M1"	"BioGrid_Mouse"	"LAMA1"
"M1"	"BioGrid_Mouse"	"IL1B"
"M1"	"BioGrid_Mouse"	"CD3D"
"M1"	"BioGrid_Mouse"	"ADRA2A"
"M1"	"BioGrid_Mouse"	"ALOX5"
"M1"	"BioGrid_Mouse"	"CD38"
"M1"	"BioGrid_Mouse"	"INHA"
"M1"	"BioGrid_Mouse"	"HIST2H2BF"
"M1"	"BioGrid_Mouse"	"IL12RB1"
"M1"	"BioGrid_Mouse"	"FOXQ1"
"M1"	"BioGrid_Mouse"	"RORC"
"M1"	"BioGrid_Mouse"	"DUSP2"
"M1"	"BioGrid_Mouse"	"HOXB5"
"M1"	"BioGrid_Mouse"	"NR4A3"
"M1"	"BioGrid_Mouse"	"ANKRD22"
"M1"	"BIND"	"STAT4"
"M1"	"BIND"	"SORBS2"
"M1"	"BIND"	"VCAM1"
"M1"	"BIND"	"BTK"
"M1"	"BIND"	"LCK"
"M1"	"BIND"	"ITGAL"
"M1"	"BIND"	"LY86"
"M1"	"BIND"	"MMP9"
"M1"	"BIND"	"SOCS1"
"M1"	"BIND"	"CARD11"
"M1"	"BIND"	"PDE4D"
"M1"	"BIND"	"LGALS2"
"M1"	"BIND"	"CCL4"
"M1"	"BIND"	"SELL"
"M1"	"BIND"	"IL2RB"
"M1"	"BIND"	"HSPB8"
"M1"	"BIND"	"RAP1GAP"
"M1"	"BIND"	"PRKCQ"
"M1"	"BIND"	"CCND1"
"M1"	"BIND"	"CSF2RB"
"M1"	"BIND"	"IL16"
"M1"	"BIND"	"PLXNB3"
"M1"	"BIND"	"PTPRC"
"M1"	"BIND"	"DOCK2"
"M1"	"BIND"	"BCL11B"
"M1"	"BIND"	"ITK"
"M1"	"BIND"	"ZAP70"
"M1"	"BIND"	"CD8A"
"M1"	"BIND"	"CD2"
"M1"	"BIND"	"CCND2"
"M1"	"BIND"	"CD22"
"M1"	"BIND"	"HLA-DRB5"
"M1"	"BIND"	"ITGB2"
"M1"	"BIND"	"PDE4B"
"M1"	"BIND"	"CCL5"
"M1"	"BIND"	"LINGO1"
"M1"	"BIND"	"VWF"
"M1"	"BIND"	"CSTA"
"M1"	"BIND"	"APBB1IP"
"M1"	"BIND"	"CD3D"
"M1"	"BIND"	"LILRB1"
"M1"	"BIND"	"HLA-DRA"
"M1"	"BIND"	"CD74"
"M1"	"BIND"	"CXCL10"
"M1"	"BIND"	"ACAP1"
"M1"	"BIND"	"CCL2"
"M1"	"BIND"	"ADRA2A"
"M1"	"BIND"	"ALOX5"
"M1"	"BIND"	"CD38"
"M1"	"BIND"	"RUNX3"
"M1"	"BIND"	"EPHB6"
"M1"	"BIND"	"SELP"
"M1"	"BIND"	"TAF4B"
"M1"	"BIND"	"CHI3L1"
"M1"	"BIND"	"CD69"
"M1"	"MINT"	"LRRK2"
"M1"	"MINT"	"CD247"
"M1"	"MINT"	"FAM107A"
"M1"	"MINT"	"SORBS2"
"M1"	"MINT"	"BTK"
"M1"	"MINT"	"LCK"
"M1"	"MINT"	"ITGAL"
"M1"	"MINT"	"CLSPN"
"M1"	"MINT"	"CBFA2T3"
"M1"	"MINT"	"BEGAIN"
"M1"	"MINT"	"IKZF1"
"M1"	"MINT"	"MAP2"
"M1"	"MINT"	"SOCS1"
"M1"	"MINT"	"CD3E"
"M1"	"MINT"	"CCR5"
"M1"	"MINT"	"PDE4D"
"M1"	"MINT"	"MAPT"
"M1"	"MINT"	"LGALS2"
"M1"	"MINT"	"CD6"
"M1"	"MINT"	"IL2RB"
"M1"	"MINT"	"HSPB8"
"M1"	"MINT"	"RAP1GAP"
"M1"	"MINT"	"PRKCQ"
"M1"	"MINT"	"CCND1"
"M1"	"MINT"	"P2RY2"
"M1"	"MINT"	"RGS1"
"M1"	"MINT"	"CSF2RA"
"M1"	"MINT"	"CSF2RB"
"M1"	"MINT"	"VPS37D"
"M1"	"MINT"	"IL16"
"M1"	"MINT"	"PTPRC"
"M1"	"MINT"	"SKAP1"
"M1"	"MINT"	"GABRD"
"M1"	"MINT"	"HOXB6"
"M1"	"MINT"	"FCGR2B"
"M1"	"MINT"	"BCL11B"
"M1"	"MINT"	"ITK"
"M1"	"MINT"	"FYB1"
"M1"	"MINT"	"MAP4K1"
"M1"	"MINT"	"ZAP70"
"M1"	"MINT"	"CD2"
"M1"	"MINT"	"HLA-DQA1"
"M1"	"MINT"	"CCND2"
"M1"	"MINT"	"CTSW"
"M1"	"MINT"	"DGKA"
"M1"	"MINT"	"CCL21"
"M1"	"MINT"	"NDUFA4L2"
"M1"	"MINT"	"RPS6KA6"
"M1"	"MINT"	"CD5"
"M1"	"MINT"	"CD22"
"M1"	"MINT"	"IKZF3"
"M1"	"MINT"	"SELENBP1"
"M1"	"MINT"	"DAPP1"
"M1"	"MINT"	"ITGB2"
"M1"	"MINT"	"CCL5"
"M1"	"MINT"	"PLEK"
"M1"	"MINT"	"LINGO1"
"M1"	"MINT"	"VWF"
"M1"	"MINT"	"IL1B"
"M1"	"MINT"	"CSTA"
"M1"	"MINT"	"DPT"
"M1"	"MINT"	"CD3D"
"M1"	"MINT"	"LILRB1"
"M1"	"MINT"	"HLA-DRA"
"M1"	"MINT"	"CD74"
"M1"	"MINT"	"ACAP1"
"M1"	"MINT"	"HLA-DPA1"
"M1"	"MINT"	"CCL18"
"M1"	"MINT"	"PTPN7"
"M1"	"MINT"	"RASGRP2"
"M1"	"MINT"	"CST7"
"M1"	"MINT"	"CD7"
"M1"	"MINT"	"EPHB6"
"M1"	"MINT"	"DUSP2"
"M1"	"MINT"	"RHOH"
"M1"	"MINT"	"SEPT3"
"M1"	"MINT"	"GPR183"
"M1"	"BioGrid_Rat"	"SORBS2"
"M1"	"BioGrid_Rat"	"PRKCB"
"M1"	"BioGrid_Rat"	"SOCS1"
"M1"	"BioGrid_Rat"	"PDE4D"
"M1"	"BioGrid_Rat"	"MAPT"
"M1"	"BioGrid_Rat"	"CCND2"
"M1"	"BioGrid_Rat"	"RUNX3"
"M1"	"BIND_Rat"	"SORBS2"
"M1"	"BIND_Rat"	"PRKCB"
"M1"	"BIND_Rat"	"PDE4D"
"M1"	"BIND_Rat"	"CD2"
"M1"	"BIND_Rat"	"CD48"
"M1"	"BIND_Rat"	"ADRA2A"
"M1"	"DIP_Mouse"	"STAT4"
"M1"	"DIP_Mouse"	"VCAM1"
"M1"	"DIP_Mouse"	"LY86"
"M1"	"DIP_Mouse"	"IDO1"
"M1"	"DIP_Mouse"	"PRKCQ"
"M1"	"DIP_Mouse"	"CCND1"
"M1"	"DIP_Mouse"	"LPAR1"
"M1"	"DIP_Mouse"	"HOXB6"
"M1"	"DIP_Mouse"	"NLRP3"
"M1"	"DIP_Mouse"	"FYB1"
"M1"	"DIP_Mouse"	"CD79B"
"M1"	"DIP_Mouse"	"CCND2"
"M1"	"DIP_Mouse"	"CYBB"
"M1"	"DIP_Mouse"	"LINGO1"
"M1"	"DIP_Mouse"	"FCHO1"
"M1"	"DIP_Mouse"	"CD38"
"M1"	"DIP_Mouse"	"PRF1"
"M1"	"DIP_Mouse"	"RORC"
"M1"	"SOURAV_MAPK_LOW"	"PRKCB"
"M1"	"SOURAV_MAPK_LOW"	"PRKCQ"
"M1"	"SOURAV_MAPK_LOW"	"ITGB2"
"M1"	"VidalHuman_non_core"	"FAM107A"
"M1"	"VidalHuman_non_core"	"IL2RG"
"M1"	"VidalHuman_non_core"	"BEGAIN"
"M1"	"VidalHuman_non_core"	"HSPB8"
"M1"	"VidalHuman_non_core"	"GABRD"
"M1"	"VidalHuman_non_core"	"PTGDS"
"M1"	"VidalHuman_non_core"	"PTPN7"
"M1"	"VidalHuman_non_core"	"RORC"
"M1"	"VidalHuman_non_core"	"CCNJL"
"M1"	"VidalHuman_core"	"FAM107A"
"M1"	"VidalHuman_core"	"BEGAIN"
"M1"	"VidalHuman_core"	"HSPB8"
"M1"	"VidalHuman_core"	"IL16"
"M1"	"VidalHuman_core"	"GABRD"
"M1"	"VidalHuman_core"	"HOXB6"
"M1"	"VidalHuman_core"	"CCND2"
"M1"	"VidalHuman_core"	"SELENBP1"
"M1"	"Krogan_NonCore"	"ADSSL1"
"M1"	"Krogan_NonCore"	"LCP1"
"M1"	"I2D-c_Fiona_HUMAN"	"MMP9"
"M1"	"I2D-c_Fiona_HUMAN"	"CCND1"
"M1"	"YeastLow"	"ADSSL1"
"M1"	"YeastLow"	"LCP1"
"M1"	"DIP"	"LRRK2"
"M1"	"DIP"	"STAT4"
"M1"	"DIP"	"BTK"
"M1"	"DIP"	"LCK"
"M1"	"DIP"	"LY86"
"M1"	"DIP"	"MMP9"
"M1"	"DIP"	"IL2RG"
"M1"	"DIP"	"CD44"
"M1"	"DIP"	"CA9"
"M1"	"DIP"	"MAP2"
"M1"	"DIP"	"PRKCB"
"M1"	"DIP"	"CCR5"
"M1"	"DIP"	"CARD11"
"M1"	"DIP"	"PDE4D"
"M1"	"DIP"	"MAPT"
"M1"	"DIP"	"GPR37"
"M1"	"DIP"	"CCL4"
"M1"	"DIP"	"CCL19"
"M1"	"DIP"	"BHLHE41"
"M1"	"DIP"	"IL2RB"
"M1"	"DIP"	"CCND1"
"M1"	"DIP"	"CSF2RB"
"M1"	"DIP"	"ANK2"
"M1"	"DIP"	"PTPRC"
"M1"	"DIP"	"BCL11B"
"M1"	"DIP"	"FOXP2"
"M1"	"DIP"	"NLRP3"
"M1"	"DIP"	"ITK"
"M1"	"DIP"	"ZAP70"
"M1"	"DIP"	"PTPN22"
"M1"	"DIP"	"CD79B"
"M1"	"DIP"	"CCL21"
"M1"	"DIP"	"CYBB"
"M1"	"DIP"	"CD5"
"M1"	"DIP"	"ITGB2"
"M1"	"DIP"	"CCL5"
"M1"	"DIP"	"LINGO1"
"M1"	"DIP"	"VWF"
"M1"	"DIP"	"IL1B"
"M1"	"DIP"	"CXCL10"
"M1"	"DIP"	"BST2"
"M1"	"DIP"	"CCL2"
"M1"	"DIP"	"TBC1D10C"
"M1"	"DIP"	"IL34"
"M1"	"DIP"	"HLA-DOA"
"M1"	"DIP"	"PRF1"
"M1"	"DIP"	"CXCL11"
"M1"	"DIP"	"CXCL9"
"M1"	"DIP"	"RORC"
"M1"	"DIP"	"TNFRSF18"
"M1"	"MINT_Rat"	"SORBS2"
"M1"	"MINT_Rat"	"MAP2"
"M1"	"BioGrid_Fly"	"ADSSL1"
"M1"	"BioGrid_Fly"	"LCP1"
"M1"	"BioGrid_Fly"	"CCND2"
"M1"	"BioGrid_Fly"	"PAPLN"
"M1"	"BioGrid_Fly"	"LSAMP"
"M1"	"I2D-c_Fiona_MOUSE"	"CCND1"
"M1"	"BIND_Mouse"	"CD247"
"M1"	"BIND_Mouse"	"STAT4"
"M1"	"BIND_Mouse"	"LCK"
"M1"	"BIND_Mouse"	"LY86"
"M1"	"BIND_Mouse"	"IL2RG"
"M1"	"BIND_Mouse"	"SOCS1"
"M1"	"BIND_Mouse"	"CD3E"
"M1"	"BIND_Mouse"	"CCR5"
"M1"	"BIND_Mouse"	"PRKCQ"
"M1"	"BIND_Mouse"	"CCND1"
"M1"	"BIND_Mouse"	"ADSSL1"
"M1"	"BIND_Mouse"	"LCP1"
"M1"	"BIND_Mouse"	"MAP4K1"
"M1"	"BIND_Mouse"	"HLA-DQA1"
"M1"	"BIND_Mouse"	"CD22"
"M1"	"MGI"	"SPN"
"M1"	"MGI"	"PRKCB"
"M1"	"MGI"	"SOCS1"
"M1"	"MGI"	"MAPT"
"M1"	"MGI"	"CCL4"
"M1"	"MGI"	"PRKCQ"
"M1"	"MGI"	"CCND1"
"M1"	"MGI"	"IL16"
"M1"	"MGI"	"ADSSL1"
"M1"	"MGI"	"CCND2"
"M1"	"MGI"	"LAMA1"
"M1"	"MGI"	"RAB3B"
"M1"	"StelzlMedium"	"RAP1GAP"
"M1"	"StelzlMedium"	"RGS1"
"M1"	"StelzlMedium"	"SCG5"
"M1"	"StelzlMedium"	"HLA-DQA1"
"M1"	"StelzlMedium"	"NDUFA4L2"
"M1"	"StelzlMedium"	"RPS6KA6"
"M1"	"StelzlMedium"	"SELENBP1"
"M1"	"StelzlMedium"	"DPT"
"M1"	"StelzlMedium"	"CCL18"
"M1"	"StelzlMedium"	"RHOH"
"M1"	"StelzlMedium"	"GPR183"
"M1"	"IntAct_Fly"	"GDA"
"M1"	"IntAct_Fly"	"ADSSL1"
"M1"	"IntAct_Fly"	"PAPLN"
"M1"	"IntAct_Fly"	"SELENBP1"
"M1"	"IntAct_Fly"	"FZD5"
"M1"	"BioGrid_Yeast"	"GDA"
"M1"	"BioGrid_Yeast"	"IDO1"
"M1"	"BioGrid_Yeast"	"ADSSL1"
"M1"	"BioGrid_Yeast"	"LCP1"
"M1"	"ShawnLi"	"IL2RG"
"M1"	"ShawnLi"	"CSF2RA"
"M1"	"ShawnLi"	"FCGR2B"
"M1"	"ShawnLi"	"FYB1"
"M1"	"SOURAV_MAPK_HIGH"	"ARHGEF4"
"M1"	"StelzlHigh"	"HLA-DQA1"
"M1"	"StelzlHigh"	"SELENBP1"
"M1"	"StelzlHigh"	"CCL18"
"M1"	"IntAct_Worm"	"GULP1"
"M1"	"IntAct_Worm"	"MYO7B"
"M1"	"IntAct_Rat"	"LRRK2"
"M1"	"IntAct_Rat"	"SORBS2"
"M1"	"IntAct_Rat"	"DES"
"M1"	"IntAct_Rat"	"PDE4D"
"M1"	"IntAct_Rat"	"CCND1"
"M1"	"IntAct_Rat"	"PTPRC"
"M1"	"IntAct_Rat"	"SCG5"
"M1"	"IntAct_Rat"	"RPS6KA6"
"M1"	"DIP_Rat"	"ALOX5AP"
"M1"	"BIND_Fly"	"CBFA2T3"
"M1"	"BIND_Fly"	"ADSSL1"
"M1"	"BIND_Fly"	"PAPLN"
"M1"	"DIP_Fly"	"ADSSL1"
"M1"	"DIP_Fly"	"CCND2"
"M1"	"DIP_Fly"	"PAPLN"
"M1"	"DIP_Fly"	"FZD5"
"M1"	"FlyLow"	"ADSSL1"
"M1"	"FlyLow"	"PAPLN"
"M1"	"MINT_Fly"	"PAPLN"
"M1"	"I2D-c_Fiona_RAT"	"CCND1"
"M1"	"StelzlLow"	"FCGR2B"
"M1"	"StelzlLow"	"NDUFA4L2"
"M1"	"StelzlLow"	"CSTA"
"M1"	"StelzlLow"	"RHOH"
"M1"	"StelzlLow"	"SEPT3"
"M1"	"I2D-text_mining-c"	"VWF"
"M1"	"I2D-text_mining-c"	"CSTA"
"M1"	"IntAct_Yeast"	"AQP3"
"M1"	"IntAct_Yeast"	"ADSSL1"
"M1"	"IntAct_Yeast"	"LCP1"
"M1"	"IntAct_Yeast"	"SLC38A11"
"M1"	"Nakahira_Septin"	"SEPT3"
"M1"	"YeastMedium"	"ADSSL1"
"M1"	"YeastMedium"	"LCP1"
"M1"	"MINT_Yeast"	"ADSSL1"
"M1"	"MINT_Yeast"	"LCP1"
"M1"	"Tarassov_PCA"	"LCP1"
"M1"	"Krogan_Core"	"ADSSL1"
"M1"	"BIND_Yeast"	"LCP1"
"M1"	"DIP_Yeast"	"LCP1"
"M1"	"DIP_Yeast"	"SLC38A11"
"M1"	"MIPS"	"LCP1"
"M1"	"Yu_GoldStd"	"LCP1"
"M1"	"Fawcett_polarity_Rat"	"MAP2"
"M1"	"Fawcett_polarity_Rat"	"SPTBN2"
"M1"	"FlyHigh"	"GDA"
"M2"	"IntAct"	"ESYT3"
"M2"	"IntAct"	"KCNK1"
"M2"	"IntAct"	"HIST1H1C"
"M2"	"IntAct"	"MAOA"
"M2"	"IntAct"	"KRT19"
"M2"	"IntAct"	"CBLC"
"M2"	"IntAct"	"TNNT1"
"M2"	"IntAct"	"PLEKHG6"
"M2"	"IntAct"	"HSPA6"
"M2"	"IntAct"	"EEF1A2"
"M2"	"IntAct"	"PIGR"
"M2"	"IntAct"	"SULT2B1"
"M2"	"IntAct"	"SCGN"
"M2"	"IntAct"	"GRIN2A"
"M2"	"IntAct"	"CDH2"
"M2"	"IntAct"	"CD36"
"M2"	"IntAct"	"BMP2"
"M2"	"IntAct"	"PCSK9"
"M2"	"IntAct"	"NPAS2"
"M2"	"IntAct"	"ERBB3"
"M2"	"IntAct"	"RIPK4"
"M2"	"IntAct"	"NR5A2"
"M2"	"IntAct"	"HNF1A"
"M2"	"IntAct"	"PPARGC1A"
"M2"	"IntAct"	"MAPK8IP2"
"M2"	"IntAct"	"FOXA1"
"M2"	"IntAct"	"GRB7"
"M2"	"IntAct"	"ELF3"
"M2"	"IntAct"	"DTX1"
"M2"	"IntAct"	"SHANK2"
"M2"	"IntAct"	"SORBS1"
"M2"	"IntAct"	"P2RY1"
"M2"	"IntAct"	"FGFR3"
"M2"	"IntAct"	"FGFR2"
"M2"	"IntAct"	"OCLN"
"M2"	"IntAct"	"MYH14"
"M2"	"IntAct"	"LGALS4"
"M2"	"IntAct"	"TRIM46"
"M2"	"IntAct"	"SLPI"
"M2"	"IntAct"	"CTSV"
"M2"	"IntAct"	"AKR1B10"
"M2"	"IntAct"	"CLDN1"
"M2"	"IntAct"	"HNF4A"
"M2"	"IntAct"	"OTX1"
"M2"	"IntAct"	"RDH12"
"M2"	"IntAct"	"PPP1R3C"
"M2"	"IntAct"	"NGEF"
"M2"	"IntAct"	"PPL"
"M2"	"IntAct"	"TSPAN7"
"M2"	"IntAct"	"TM4SF4"
"M2"	"IntAct"	"SLC19A3"
"M2"	"IntAct"	"STEAP3"
"M2"	"IntAct"	"KRT7"
"M2"	"IntAct"	"BATF"
"M2"	"IntAct"	"GC"
"M2"	"IntAct"	"NRAP"
"M2"	"IntAct"	"SERPINA1"
"M2"	"IntAct"	"TCF7"
"M2"	"IntAct"	"CXADR"
"M2"	"IntAct"	"ZNF793"
"M2"	"IntAct"	"SDK1"
"M2"	"IntAct"	"VIL1"
"M2"	"IntAct"	"AGT"
"M2"	"IntAct"	"GATA4"
"M2"	"IntAct"	"CLDN2"
"M2"	"IntAct"	"PHYHIPL"
"M2"	"IntAct"	"BCL11A"
"M2"	"IntAct"	"GCNT3"
"M2"	"IntAct"	"SERPINA4"
"M2"	"IntAct"	"ZNF334"
"M2"	"IntAct"	"CMBL"
"M2"	"IntAct"	"BICDL2"
"M2"	"IntAct"	"RAB17"
"M2"	"IntAct"	"FGA"
"M2"	"IntAct"	"FGG"
"M2"	"IntAct"	"COL9A3"
"M2"	"IntAct"	"CFB"
"M2"	"IntAct"	"SLC4A4"
"M2"	"IntAct"	"ACE2"
"M2"	"IntAct"	"C4A"
"M2"	"IntAct"	"HABP2"
"M2"	"IntAct"	"GPX2"
"M2"	"IntAct"	"TNFRSF10C"
"M2"	"IntAct"	"CA2"
"M2"	"IntAct"	"SEZ6L2"
"M2"	"IntAct"	"RASSF6"
"M2"	"IntAct"	"PALM3"
"M2"	"IntAct"	"FGF12"
"M2"	"IntAct"	"ANKS4B"
"M2"	"IntAct"	"SH3RF2"
"M2"	"IntAct"	"EPS8L3"
"M2"	"IntAct"	"MST1R"
"M2"	"IntAct"	"TRIM10"
"M2"	"IntAct"	"ETV1"
"M2"	"IntAct"	"GCKR"
"M2"	"IntAct"	"MGST1"
"M2"	"IntAct"	"CCNO"
"M2"	"IntAct"	"EHF"
"M2"	"IntAct"	"TRIM31"
"M2"	"IntAct"	"CACNA1H"
"M2"	"IntAct"	"NEB"
"M2"	"IntAct"	"AKR1C1"
"M2"	"IntAct"	"RNF128"
"M2"	"IntAct"	"CGN"
"M2"	"IntAct"	"CYP3A5"
"M2"	"IntAct"	"AKR1C3"
"M2"	"IntAct"	"GPR39"
"M2"	"IntAct"	"REEP6"
"M2"	"IntAct"	"GPR143"
"M2"	"IntAct"	"MCOLN3"
"M2"	"IntAct"	"IYD"
"M2"	"IntAct"	"GJB3"
"M2"	"IntAct"	"TSPAN12"
"M2"	"IntAct"	"USH1C"
"M2"	"IntAct"	"HOGA1"
"M2"	"IntAct"	"TRIM15"
"M2"	"IntAct"	"PRSS8"
"M2"	"IntAct"	"C1orf116"
"M2"	"IntAct"	"CLRN3"
"M2"	"IntAct"	"ARSJ"
"M2"	"IntAct"	"WNT5B"
"M2"	"IntAct"	"TSPYL5"
"M2"	"IntAct"	"APLN"
"M2"	"IntAct"	"NOMO3"
"M2"	"IntAct"	"ELOVL7"
"M2"	"IntAct"	"B3GALT2"
"M2"	"IntAct"	"C4orf19"
"M2"	"IntAct"	"RTKN2"
"M2"	"IntAct"	"CDHR5"
"M2"	"IntAct"	"TMEM139"
"M2"	"IntAct"	"PTPRH"
"M2"	"IntAct"	"MOCOS"
"M2"	"IntAct"	"ESRP2"
"M2"	"BioGrid_Mouse"	"KCNK1"
"M2"	"BioGrid_Mouse"	"MAOA"
"M2"	"BioGrid_Mouse"	"CBLC"
"M2"	"BioGrid_Mouse"	"EEF1A2"
"M2"	"BioGrid_Mouse"	"GRIN2A"
"M2"	"BioGrid_Mouse"	"CDH2"
"M2"	"BioGrid_Mouse"	"KCNMA1"
"M2"	"BioGrid_Mouse"	"NR5A2"
"M2"	"BioGrid_Mouse"	"HNF1A"
"M2"	"BioGrid_Mouse"	"PPARGC1A"
"M2"	"BioGrid_Mouse"	"MAPK8IP2"
"M2"	"BioGrid_Mouse"	"DTX1"
"M2"	"BioGrid_Mouse"	"SORBS1"
"M2"	"BioGrid_Mouse"	"OCLN"
"M2"	"BioGrid_Mouse"	"SLPI"
"M2"	"BioGrid_Mouse"	"CLDN1"
"M2"	"BioGrid_Mouse"	"HNF4A"
"M2"	"BioGrid_Mouse"	"PPL"
"M2"	"BioGrid_Mouse"	"NRAP"
"M2"	"BioGrid_Mouse"	"SHH"
"M2"	"BioGrid_Mouse"	"CXADR"
"M2"	"BioGrid_Mouse"	"GATA4"
"M2"	"BioGrid_Mouse"	"BCL11A"
"M2"	"BioGrid_Mouse"	"CACNA1D"
"M2"	"BioGrid_Mouse"	"ANKS4B"
"M2"	"BioGrid_Mouse"	"EHF"
"M2"	"BioGrid_Mouse"	"HNF1B"
"M2"	"BioGrid_Mouse"	"CACNA1H"
"M2"	"BioGrid_Mouse"	"SALL1"
"M2"	"BioGrid_Mouse"	"USH1C"
"M2"	"DIP_Mouse"	"HIST1H1C"
"M2"	"DIP_Mouse"	"GRIN2A"
"M2"	"DIP_Mouse"	"CDH2"
"M2"	"DIP_Mouse"	"OCLN"
"M2"	"DIP_Mouse"	"SHH"
"M2"	"DIP_Mouse"	"GATA4"
"M2"	"DIP_Mouse"	"SLC6A19"
"M2"	"BioGrid"	"KCNK1"
"M2"	"BioGrid"	"HIST1H1C"
"M2"	"BioGrid"	"KRT19"
"M2"	"BioGrid"	"CBLC"
"M2"	"BioGrid"	"TNNT1"
"M2"	"BioGrid"	"HSPA6"
"M2"	"BioGrid"	"EEF1A2"
"M2"	"BioGrid"	"SULT2B1"
"M2"	"BioGrid"	"HNF4G"
"M2"	"BioGrid"	"GRIN2A"
"M2"	"BioGrid"	"CDH2"
"M2"	"BioGrid"	"CD36"
"M2"	"BioGrid"	"KCNMA1"
"M2"	"BioGrid"	"BMP2"
"M2"	"BioGrid"	"PCSK9"
"M2"	"BioGrid"	"NPAS2"
"M2"	"BioGrid"	"ERBB3"
"M2"	"BioGrid"	"NR5A2"
"M2"	"BioGrid"	"HNF1A"
"M2"	"BioGrid"	"PPARGC1A"
"M2"	"BioGrid"	"MAPK8IP2"
"M2"	"BioGrid"	"FOXA1"
"M2"	"BioGrid"	"GRB7"
"M2"	"BioGrid"	"ELF3"
"M2"	"BioGrid"	"DTX1"
"M2"	"BioGrid"	"SHANK2"
"M2"	"BioGrid"	"SORBS1"
"M2"	"BioGrid"	"P2RY1"
"M2"	"BioGrid"	"FGFR3"
"M2"	"BioGrid"	"A1CF"
"M2"	"BioGrid"	"FGFR2"
"M2"	"BioGrid"	"OCLN"
"M2"	"BioGrid"	"MYH14"
"M2"	"BioGrid"	"LGALS4"
"M2"	"BioGrid"	"TRIM46"
"M2"	"BioGrid"	"SLPI"
"M2"	"BioGrid"	"AKR1B10"
"M2"	"BioGrid"	"CLDN1"
"M2"	"BioGrid"	"HNF4A"
"M2"	"BioGrid"	"OTX1"
"M2"	"BioGrid"	"PPP1R3C"
"M2"	"BioGrid"	"NGEF"
"M2"	"BioGrid"	"PPL"
"M2"	"BioGrid"	"TM4SF4"
"M2"	"BioGrid"	"STEAP3"
"M2"	"BioGrid"	"KRT7"
"M2"	"BioGrid"	"BATF"
"M2"	"BioGrid"	"GC"
"M2"	"BioGrid"	"NRAP"
"M2"	"BioGrid"	"SHH"
"M2"	"BioGrid"	"SERPINA1"
"M2"	"BioGrid"	"TCF7"
"M2"	"BioGrid"	"CXADR"
"M2"	"BioGrid"	"VIL1"
"M2"	"BioGrid"	"AGT"
"M2"	"BioGrid"	"GATA4"
"M2"	"BioGrid"	"CLDN2"
"M2"	"BioGrid"	"BCL11A"
"M2"	"BioGrid"	"GCNT3"
"M2"	"BioGrid"	"LRAT"
"M2"	"BioGrid"	"EPCAM"
"M2"	"BioGrid"	"BICDL2"
"M2"	"BioGrid"	"RAB17"
"M2"	"BioGrid"	"FGA"
"M2"	"BioGrid"	"FGG"
"M2"	"BioGrid"	"CFB"
"M2"	"BioGrid"	"ACE2"
"M2"	"BioGrid"	"C4A"
"M2"	"BioGrid"	"GPX2"
"M2"	"BioGrid"	"TRIM6"
"M2"	"BioGrid"	"TNFRSF10C"
"M2"	"BioGrid"	"CA2"
"M2"	"BioGrid"	"ONECUT1"
"M2"	"BioGrid"	"SEZ6L2"
"M2"	"BioGrid"	"RASSF6"
"M2"	"BioGrid"	"RGS4"
"M2"	"BioGrid"	"MGLL"
"M2"	"BioGrid"	"PCDHGA12"
"M2"	"BioGrid"	"GJB1"
"M2"	"BioGrid"	"AK4"
"M2"	"BioGrid"	"FGF12"
"M2"	"BioGrid"	"MPV17L"
"M2"	"BioGrid"	"ANKS4B"
"M2"	"BioGrid"	"SH3RF2"
"M2"	"BioGrid"	"GAL3ST1"
"M2"	"BioGrid"	"EPS8L3"
"M2"	"BioGrid"	"MST1R"
"M2"	"BioGrid"	"TRIM10"
"M2"	"BioGrid"	"LCN2"
"M2"	"BioGrid"	"ETV1"
"M2"	"BioGrid"	"GCKR"
"M2"	"BioGrid"	"MGST1"
"M2"	"BioGrid"	"CCNO"
"M2"	"BioGrid"	"EHF"
"M2"	"BioGrid"	"TRIM31"
"M2"	"BioGrid"	"SYTL1"
"M2"	"BioGrid"	"HNF1B"
"M2"	"BioGrid"	"CACNA1H"
"M2"	"BioGrid"	"NEB"
"M2"	"BioGrid"	"FOXA2"
"M2"	"BioGrid"	"RTN4RL1"
"M2"	"BioGrid"	"AKR1C1"
"M2"	"BioGrid"	"GJB2"
"M2"	"BioGrid"	"RNF128"
"M2"	"BioGrid"	"CGN"
"M2"	"BioGrid"	"CYP2C18"
"M2"	"BioGrid"	"IL22RA1"
"M2"	"BioGrid"	"CYP3A5"
"M2"	"BioGrid"	"AKR1C3"
"M2"	"BioGrid"	"ANXA13"
"M2"	"BioGrid"	"SALL1"
"M2"	"BioGrid"	"CDH6"
"M2"	"BioGrid"	"REEP6"
"M2"	"BioGrid"	"GPR143"
"M2"	"BioGrid"	"ARSE"
"M2"	"BioGrid"	"SEC14L4"
"M2"	"BioGrid"	"USH1C"
"M2"	"BioGrid"	"PDZK1IP1"
"M2"	"BioGrid"	"TRIM15"
"M2"	"BioGrid"	"CDHR2"
"M2"	"BioGrid"	"SYT13"
"M2"	"BioGrid"	"ARSJ"
"M2"	"BioGrid"	"SLC1A7"
"M2"	"BioGrid"	"TSPYL5"
"M2"	"BioGrid"	"APLN"
"M2"	"BioGrid"	"ELOVL7"
"M2"	"BioGrid"	"ACSM3"
"M2"	"BioGrid"	"B3GALT2"
"M2"	"BioGrid"	"MOCOS"
"M2"	"BioGrid"	"ESRP2"
"M2"	"HPRD"	"KCNK1"
"M2"	"HPRD"	"MAOA"
"M2"	"HPRD"	"KRT19"
"M2"	"HPRD"	"CBLC"
"M2"	"HPRD"	"TNNT1"
"M2"	"HPRD"	"EEF1A2"
"M2"	"HPRD"	"PIGR"
"M2"	"HPRD"	"SULT2B1"
"M2"	"HPRD"	"HNF4G"
"M2"	"HPRD"	"GRIN2A"
"M2"	"HPRD"	"CDH2"
"M2"	"HPRD"	"CD36"
"M2"	"HPRD"	"KCNMA1"
"M2"	"HPRD"	"BMP2"
"M2"	"HPRD"	"PCSK9"
"M2"	"HPRD"	"NPAS2"
"M2"	"HPRD"	"GRID1"
"M2"	"HPRD"	"ERBB3"
"M2"	"HPRD"	"NR5A2"
"M2"	"HPRD"	"HNF1A"
"M2"	"HPRD"	"PPARGC1A"
"M2"	"HPRD"	"MAPK8IP2"
"M2"	"HPRD"	"FOXA1"
"M2"	"HPRD"	"GRB7"
"M2"	"HPRD"	"ELF3"
"M2"	"HPRD"	"DTX1"
"M2"	"HPRD"	"SHANK2"
"M2"	"HPRD"	"SORBS1"
"M2"	"HPRD"	"P2RY1"
"M2"	"HPRD"	"FGFR3"
"M2"	"HPRD"	"A1CF"
"M2"	"HPRD"	"OCLN"
"M2"	"HPRD"	"LGALS4"
"M2"	"HPRD"	"TMPRSS2"
"M2"	"HPRD"	"CLDN1"
"M2"	"HPRD"	"HNF4A"
"M2"	"HPRD"	"OTX1"
"M2"	"HPRD"	"NGEF"
"M2"	"HPRD"	"PPL"
"M2"	"HPRD"	"TSPAN7"
"M2"	"HPRD"	"STEAP3"
"M2"	"HPRD"	"KRT7"
"M2"	"HPRD"	"BATF"
"M2"	"HPRD"	"GC"
"M2"	"HPRD"	"SYT8"
"M2"	"HPRD"	"NRAP"
"M2"	"HPRD"	"SHH"
"M2"	"HPRD"	"SERPINA1"
"M2"	"HPRD"	"CXADR"
"M2"	"HPRD"	"VIL1"
"M2"	"HPRD"	"AGT"
"M2"	"HPRD"	"GATA4"
"M2"	"HPRD"	"CLDN2"
"M2"	"HPRD"	"BCL11A"
"M2"	"HPRD"	"LRAT"
"M2"	"HPRD"	"SERPINA4"
"M2"	"HPRD"	"EPCAM"
"M2"	"HPRD"	"RAB17"
"M2"	"HPRD"	"FGA"
"M2"	"HPRD"	"FGG"
"M2"	"HPRD"	"COL9A3"
"M2"	"HPRD"	"CFB"
"M2"	"HPRD"	"SLC4A4"
"M2"	"HPRD"	"ACE2"
"M2"	"HPRD"	"C4A"
"M2"	"HPRD"	"HABP2"
"M2"	"HPRD"	"GPX2"
"M2"	"HPRD"	"TRIM6"
"M2"	"HPRD"	"TNFRSF10C"
"M2"	"HPRD"	"CA2"
"M2"	"HPRD"	"COL4A3"
"M2"	"HPRD"	"ONECUT1"
"M2"	"HPRD"	"RGS4"
"M2"	"HPRD"	"GJB1"
"M2"	"HPRD"	"ANKS4B"
"M2"	"HPRD"	"MST1R"
"M2"	"HPRD"	"TRIM10"
"M2"	"HPRD"	"LCN2"
"M2"	"HPRD"	"ETV1"
"M2"	"HPRD"	"GCKR"
"M2"	"HPRD"	"MGST1"
"M2"	"HPRD"	"CCNO"
"M2"	"HPRD"	"TRIM31"
"M2"	"HPRD"	"SYTL1"
"M2"	"HPRD"	"SPINK1"
"M2"	"HPRD"	"HNF1B"
"M2"	"HPRD"	"CACNA1H"
"M2"	"HPRD"	"FOXA2"
"M2"	"HPRD"	"RTN4RL1"
"M2"	"HPRD"	"AKR1C1"
"M2"	"HPRD"	"RNF128"
"M2"	"HPRD"	"CGN"
"M2"	"HPRD"	"XDH"
"M2"	"HPRD"	"IL22RA1"
"M2"	"HPRD"	"AKR1C3"
"M2"	"HPRD"	"ANXA13"
"M2"	"HPRD"	"SALL1"
"M2"	"HPRD"	"CDH6"
"M2"	"HPRD"	"SHROOM3"
"M2"	"HPRD"	"GJB3"
"M2"	"HPRD"	"ARSE"
"M2"	"HPRD"	"USH1C"
"M2"	"HPRD"	"MMP24"
"M2"	"HPRD"	"PDZK1IP1"
"M2"	"HPRD"	"PRSS8"
"M2"	"HPRD"	"SYT13"
"M2"	"HPRD"	"NOMO3"
"M2"	"HPRD"	"ESPN"
"M2"	"IntAct_Mouse"	"EEF1A2"
"M2"	"IntAct_Mouse"	"SULT2B1"
"M2"	"IntAct_Mouse"	"GRIN2A"
"M2"	"IntAct_Mouse"	"CDH2"
"M2"	"IntAct_Mouse"	"KCNMA1"
"M2"	"IntAct_Mouse"	"NPAS2"
"M2"	"IntAct_Mouse"	"GRID1"
"M2"	"IntAct_Mouse"	"ERBB3"
"M2"	"IntAct_Mouse"	"HNF1A"
"M2"	"IntAct_Mouse"	"PPARGC1A"
"M2"	"IntAct_Mouse"	"GRB7"
"M2"	"IntAct_Mouse"	"SLC17A1"
"M2"	"IntAct_Mouse"	"CLDN1"
"M2"	"IntAct_Mouse"	"HNF4A"
"M2"	"IntAct_Mouse"	"NGEF"
"M2"	"IntAct_Mouse"	"PPL"
"M2"	"IntAct_Mouse"	"KRT7"
"M2"	"IntAct_Mouse"	"BATF"
"M2"	"IntAct_Mouse"	"SYT8"
"M2"	"IntAct_Mouse"	"CXADR"
"M2"	"IntAct_Mouse"	"GATA4"
"M2"	"IntAct_Mouse"	"CLDN2"
"M2"	"IntAct_Mouse"	"CLDN14"
"M2"	"IntAct_Mouse"	"BICDL2"
"M2"	"IntAct_Mouse"	"SLC4A4"
"M2"	"IntAct_Mouse"	"ANKS4B"
"M2"	"IntAct_Mouse"	"KNDC1"
"M2"	"IntAct_Mouse"	"FOXA2"
"M2"	"IntAct_Mouse"	"GJB2"
"M2"	"IntAct_Mouse"	"USH1C"
"M2"	"BIND"	"KCNK1"
"M2"	"BIND"	"PIGR"
"M2"	"BIND"	"HNF4G"
"M2"	"BIND"	"KCNMA1"
"M2"	"BIND"	"BMP2"
"M2"	"BIND"	"ERBB3"
"M2"	"BIND"	"NR5A2"
"M2"	"BIND"	"HNF1A"
"M2"	"BIND"	"GRB7"
"M2"	"BIND"	"FGFR3"
"M2"	"BIND"	"FGFR2"
"M2"	"BIND"	"BATF"
"M2"	"BIND"	"GC"
"M2"	"BIND"	"SERPINA1"
"M2"	"BIND"	"CXADR"
"M2"	"BIND"	"FGA"
"M2"	"BIND"	"FGG"
"M2"	"BIND"	"CFB"
"M2"	"BIND"	"CACNA1H"
"M2"	"BIND"	"AKR1C1"
"M2"	"BIND"	"CGN"
"M2"	"BIND"	"SALL1"
"M2"	"DIP"	"KCNK1"
"M2"	"DIP"	"KRT19"
"M2"	"DIP"	"GRIN2A"
"M2"	"DIP"	"KCNMA1"
"M2"	"DIP"	"BMP2"
"M2"	"DIP"	"PCSK9"
"M2"	"DIP"	"ERBB3"
"M2"	"DIP"	"NR5A2"
"M2"	"DIP"	"PPARGC1A"
"M2"	"DIP"	"FOXA1"
"M2"	"DIP"	"SHANK2"
"M2"	"DIP"	"FGFR3"
"M2"	"DIP"	"NCR3LG1"
"M2"	"DIP"	"FGFR2"
"M2"	"DIP"	"OCLN"
"M2"	"DIP"	"SPTLC3"
"M2"	"DIP"	"IGFBP1"
"M2"	"DIP"	"BATF"
"M2"	"DIP"	"SERPINA1"
"M2"	"DIP"	"CFB"
"M2"	"DIP"	"SLC4A4"
"M2"	"DIP"	"RGS4"
"M2"	"DIP"	"FGF12"
"M2"	"DIP"	"CCNO"
"M2"	"DIP"	"GJB2"
"M2"	"DIP"	"IL22RA1"
"M2"	"DIP"	"USH1C"
"M2"	"DIP"	"MYRF"
"M2"	"BIND_Rat"	"DOC2B"
"M2"	"BIND_Rat"	"GRIN2A"
"M2"	"BIND_Rat"	"CDH2"
"M2"	"BIND_Rat"	"ERBB3"
"M2"	"BIND_Rat"	"SHANK2"
"M2"	"BIND_Rat"	"HNF4A"
"M2"	"BIND_Rat"	"RGS4"
"M2"	"MGI"	"HIST1H1C"
"M2"	"MGI"	"GRIN2A"
"M2"	"MGI"	"CDH2"
"M2"	"MGI"	"BMP2"
"M2"	"MGI"	"GRID1"
"M2"	"MGI"	"PPARGC1A"
"M2"	"MGI"	"OCLN"
"M2"	"MGI"	"CLDN1"
"M2"	"MGI"	"OTX1"
"M2"	"MGI"	"SHH"
"M2"	"MGI"	"GATA4"
"M2"	"MGI"	"TRIM6"
"M2"	"MGI"	"TRIM10"
"M2"	"MGI"	"WNT5B"
"M2"	"INNATEDB"	"PIGR"
"M2"	"INNATEDB"	"CDH2"
"M2"	"INNATEDB"	"CD36"
"M2"	"INNATEDB"	"BMP2"
"M2"	"INNATEDB"	"NPAS2"
"M2"	"INNATEDB"	"RIPK4"
"M2"	"INNATEDB"	"HNF1A"
"M2"	"INNATEDB"	"PPARGC1A"
"M2"	"INNATEDB"	"MAPK8IP2"
"M2"	"INNATEDB"	"FOXA1"
"M2"	"INNATEDB"	"FGFR2"
"M2"	"INNATEDB"	"OCLN"
"M2"	"INNATEDB"	"HNF4A"
"M2"	"INNATEDB"	"IGFBP1"
"M2"	"INNATEDB"	"TM4SF4"
"M2"	"INNATEDB"	"BATF"
"M2"	"INNATEDB"	"SERPINA1"
"M2"	"INNATEDB"	"TCF7"
"M2"	"INNATEDB"	"AGT"
"M2"	"INNATEDB"	"GATA4"
"M2"	"INNATEDB"	"SLC15A1"
"M2"	"INNATEDB"	"FGA"
"M2"	"INNATEDB"	"FGG"
"M2"	"INNATEDB"	"TNFRSF10C"
"M2"	"INNATEDB"	"CA2"
"M2"	"INNATEDB"	"MST1R"
"M2"	"INNATEDB"	"GCKR"
"M2"	"INNATEDB"	"SYTL1"
"M2"	"INNATEDB"	"GREB1L"
"M2"	"INNATEDB"	"CACNA1H"
"M2"	"INNATEDB"	"HSD17B2"
"M2"	"INNATEDB"	"METTL7B"
"M2"	"INNATEDB"	"NPC1L1"
"M2"	"INNATEDB"	"DUOX2"
"M2"	"INNATEDB"	"KCNJ15"
"M2"	"BioGrid_Fly"	"EEF1A2"
"M2"	"BioGrid_Fly"	"BMP2"
"M2"	"BioGrid_Fly"	"FGFR3"
"M2"	"BioGrid_Fly"	"CTSV"
"M2"	"BioGrid_Fly"	"AKR1B10"
"M2"	"BioGrid_Fly"	"SHH"
"M2"	"BioGrid_Fly"	"SLC15A1"
"M2"	"JonesErbB1"	"ERBB3"
"M2"	"MINT"	"KRT19"
"M2"	"MINT"	"CBLC"
"M2"	"MINT"	"TNNT1"
"M2"	"MINT"	"SULT2B1"
"M2"	"MINT"	"GRIN2A"
"M2"	"MINT"	"CDH2"
"M2"	"MINT"	"BMP2"
"M2"	"MINT"	"ERBB3"
"M2"	"MINT"	"PPARGC1A"
"M2"	"MINT"	"MAPK8IP2"
"M2"	"MINT"	"GRB7"
"M2"	"MINT"	"DTX1"
"M2"	"MINT"	"SHANK2"
"M2"	"MINT"	"SORBS1"
"M2"	"MINT"	"P2RY1"
"M2"	"MINT"	"FGFR3"
"M2"	"MINT"	"FGFR2"
"M2"	"MINT"	"OCLN"
"M2"	"MINT"	"LGALS4"
"M2"	"MINT"	"TRIM46"
"M2"	"MINT"	"CLDN1"
"M2"	"MINT"	"HNF4A"
"M2"	"MINT"	"OTX1"
"M2"	"MINT"	"RDH12"
"M2"	"MINT"	"PPP1R3C"
"M2"	"MINT"	"PPL"
"M2"	"MINT"	"TSPAN7"
"M2"	"MINT"	"TM4SF4"
"M2"	"MINT"	"SLC19A3"
"M2"	"MINT"	"KRT7"
"M2"	"MINT"	"GC"
"M2"	"MINT"	"SERPINA1"
"M2"	"MINT"	"TCF7"
"M2"	"MINT"	"VIL1"
"M2"	"MINT"	"GATA4"
"M2"	"MINT"	"CLDN2"
"M2"	"MINT"	"FGA"
"M2"	"MINT"	"TNFRSF10C"
"M2"	"MINT"	"CA2"
"M2"	"MINT"	"AK4"
"M2"	"MINT"	"MST1R"
"M2"	"MINT"	"NEB"
"M2"	"MINT"	"AKR1C3"
"M2"	"MINT"	"ARSE"
"M2"	"MINT"	"USH1C"
"M2"	"MINT"	"PDZK1IP1"
"M2"	"MINT"	"PTPRH"
"M2"	"MINT"	"MOCOS"
"M2"	"Jorgensen_EphR"	"GRB7"
"M2"	"INNATEDB_Mouse"	"GRIN2A"
"M2"	"INNATEDB_Mouse"	"CDH2"
"M2"	"INNATEDB_Mouse"	"HNF1A"
"M2"	"INNATEDB_Mouse"	"PPARGC1A"
"M2"	"INNATEDB_Mouse"	"MAPK8IP2"
"M2"	"INNATEDB_Mouse"	"FOXA1"
"M2"	"INNATEDB_Mouse"	"ELF3"
"M2"	"INNATEDB_Mouse"	"P2RY1"
"M2"	"INNATEDB_Mouse"	"HNF4A"
"M2"	"INNATEDB_Mouse"	"TSPAN7"
"M2"	"INNATEDB_Mouse"	"BATF"
"M2"	"INNATEDB_Mouse"	"SHH"
"M2"	"INNATEDB_Mouse"	"GATA4"
"M2"	"INNATEDB_Mouse"	"FGA"
"M2"	"INNATEDB_Mouse"	"LCN2"
"M2"	"INNATEDB_Mouse"	"MDGA1"
"M2"	"INNATEDB_Mouse"	"BCO2"
"M2"	"BCI"	"HIST1H1C"
"M2"	"BCI"	"MAOA"
"M2"	"BCI"	"TNNT1"
"M2"	"BCI"	"PIGR"
"M2"	"BCI"	"GRIN2A"
"M2"	"BCI"	"CDH2"
"M2"	"BCI"	"KCNMA1"
"M2"	"BCI"	"ERBB3"
"M2"	"BCI"	"HNF1A"
"M2"	"BCI"	"GRB7"
"M2"	"BCI"	"PPL"
"M2"	"BCI"	"KRT7"
"M2"	"BCI"	"GATA4"
"M2"	"BCI"	"COL9A3"
"M2"	"BCI"	"CFB"
"M2"	"BCI"	"CA2"
"M2"	"BCI"	"COL4A3"
"M2"	"BCI"	"CACNA1D"
"M2"	"BCI"	"GJB1"
"M2"	"BCI"	"LCN2"
"M2"	"BCI"	"SPINK1"
"M2"	"BCI"	"NEB"
"M2"	"BIND_Mouse"	"CDH2"
"M2"	"BIND_Mouse"	"BMP2"
"M2"	"BIND_Mouse"	"NR5A2"
"M2"	"BIND_Mouse"	"PPARGC1A"
"M2"	"BIND_Mouse"	"SORBS1"
"M2"	"BIND_Mouse"	"SLC17A1"
"M2"	"BIND_Mouse"	"OCLN"
"M2"	"BIND_Mouse"	"CLDN1"
"M2"	"BIND_Mouse"	"GATA4"
"M2"	"BIND_Mouse"	"SEMA6D"
"M2"	"BIND_Mouse"	"EPS8L3"
"M2"	"BIND_Mouse"	"SLC52A3"
"M2"	"MINT_Mouse"	"KCNMA1"
"M2"	"MINT_Mouse"	"SLC17A1"
"M2"	"MINT_Mouse"	"CLDN1"
"M2"	"MINT_Mouse"	"CLDN2"
"M2"	"MINT_Mouse"	"CLDN14"
"M2"	"MINT_Mouse"	"SLC52A3"
"M2"	"BioGrid_Worm"	"FGFR3"
"M2"	"BioGrid_Worm"	"CTSV"
"M2"	"VidalHuman_core"	"KRT19"
"M2"	"VidalHuman_core"	"TNNT1"
"M2"	"VidalHuman_core"	"OTX1"
"M2"	"VidalHuman_core"	"CXADR"
"M2"	"VidalHuman_core"	"AGT"
"M2"	"VidalHuman_core"	"CLDN2"
"M2"	"StelzlMedium"	"FGFR3"
"M2"	"StelzlMedium"	"LGALS4"
"M2"	"StelzlMedium"	"GC"
"M2"	"StelzlMedium"	"TNFRSF10C"
"M2"	"StelzlMedium"	"MGLL"
"M2"	"StelzlMedium"	"AKR1C3"
"M2"	"StelzlMedium"	"ARSE"
"M2"	"StelzlMedium"	"PDZK1IP1"
"M2"	"IntAct_Worm"	"HNF4G"
"M2"	"IntAct_Worm"	"CTSV"
"M2"	"IntAct_Worm"	"PLCXD2"
"M2"	"IntAct_Worm"	"XDH"
"M2"	"IntAct_Worm"	"ANXA13"
"M2"	"BioGrid_Yeast"	"PCSK9"
"M2"	"BioGrid_Yeast"	"AKR1B10"
"M2"	"BioGrid_Yeast"	"RDH12"
"M2"	"BioGrid_Yeast"	"SLC15A1"
"M2"	"BioGrid_Yeast"	"SLC4A4"
"M2"	"BioGrid_Yeast"	"TLDC2"
"M2"	"IntAct_Yeast"	"PCSK9"
"M2"	"IntAct_Yeast"	"AKR1B10"
"M2"	"IntAct_Yeast"	"TLDC2"
"M2"	"MINT_Yeast"	"AKR1B10"
"M2"	"Tarassov_PCA"	"AKR1B10"
"M2"	"BIND_Fly"	"EEF1A2"
"M2"	"BIND_Fly"	"FGFR3"
"M2"	"BIND_Fly"	"FGFR2"
"M2"	"BIND_Fly"	"SLC15A1"
"M2"	"IntAct_Fly"	"EEF1A2"
"M2"	"IntAct_Fly"	"CTSV"
"M2"	"IntAct_Fly"	"SHH"
"M2"	"IntAct_Fly"	"SULT1C4"
"M2"	"IntAct_Fly"	"SLC52A3"
"M2"	"IntAct_Fly"	"FUT6"
"M2"	"MINT_Rat"	"GRIN2A"
"M2"	"MINT_Rat"	"SHANK2"
"M2"	"MINT_Rat"	"COBL"
"M2"	"IntAct_Rat"	"EEF1A2"
"M2"	"IntAct_Rat"	"GRIN2A"
"M2"	"IntAct_Rat"	"KCNMA1"
"M2"	"IntAct_Rat"	"SHANK2"
"M2"	"IntAct_Rat"	"P2RY1"
"M2"	"IntAct_Rat"	"RGS4"
"M2"	"IntAct_Rat"	"TTC39A"
"M2"	"IntAct_Rat"	"COBL"
"M2"	"BioGrid_Rat"	"GRIN2A"
"M2"	"BioGrid_Rat"	"OCLN"
"M2"	"StelzlHigh"	"FGFR3"
"M2"	"StelzlHigh"	"AKR1C3"
"M2"	"DIP_Fly"	"BMP2"
"M2"	"DIP_Fly"	"CTSV"
"M2"	"DIP_Fly"	"DNAJC22"
"M2"	"DIP_Fly"	"IYD"
"M2"	"DIP_Fly"	"SULT1C4"
"M2"	"DIP_Worm"	"HNF4G"
"M2"	"DIP_Rat"	"CDH2"
"M2"	"DIP_Rat"	"RGS4"
"M2"	"YeastLow"	"AKR1B10"
"M2"	"YeastLow"	"SLC4A4"
"M2"	"VidalHuman_non_core"	"KRT19"
"M2"	"VidalHuman_non_core"	"TNNT1"
"M2"	"VidalHuman_non_core"	"AGT"
"M2"	"VidalHuman_non_core"	"AK4"
"M2"	"VidalHuman_non_core"	"FGF12"
"M2"	"MINT_Fly"	"DNAJC22"
"M2"	"MINT_Fly"	"IYD"
"M2"	"Krogan_Core"	"AKR1B10"
"M2"	"FlyHigh"	"SLC15A1"
"M2"	"StelzlLow"	"AKR1C3"
"M2"	"BIND_Worm"	"CTSV"
"M2"	"MINT_Worm"	"CTSV"
"M2"	"NON_CORE"	"CTSV"
"M3"	"BioGrid"	"CCDC8"
"M3"	"BioGrid"	"MAPK15"
"M3"	"BioGrid"	"NTN1"
"M3"	"BioGrid"	"BBOX1"
"M3"	"BioGrid"	"AQP1"
"M3"	"BioGrid"	"UBD"
"M3"	"BioGrid"	"NANOS1"
"M3"	"BioGrid"	"SIM2"
"M3"	"BioGrid"	"CFTR"
"M3"	"BioGrid"	"UBASH3B"
"M3"	"BioGrid"	"TNFAIP6"
"M3"	"BioGrid"	"SPP1"
"M3"	"BioGrid"	"SYN1"
"M3"	"BioGrid"	"DNM1"
"M3"	"BioGrid"	"TSC22D3"
"M3"	"BioGrid"	"WNK2"
"M3"	"BioGrid"	"ANXA3"
"M3"	"BioGrid"	"UNC13D"
"M3"	"BioGrid"	"SOX6"
"M3"	"BioGrid"	"VIPR1"
"M3"	"BioGrid"	"MITF"
"M3"	"BioGrid"	"CLDN3"
"M3"	"BioGrid"	"TRPV4"
"M3"	"BioGrid"	"CDA"
"M3"	"BioGrid"	"EFNB1"
"M3"	"BioGrid"	"PITX1"
"M3"	"BioGrid"	"LDOC1"
"M3"	"BioGrid"	"SNAP25"
"M3"	"BioGrid"	"FBXO2"
"M3"	"BioGrid"	"PODXL2"
"M3"	"BioGrid"	"ARNT2"
"M3"	"BioGrid"	"TFAP2A"
"M3"	"BioGrid"	"ANKRD1"
"M3"	"BioGrid"	"CXCL8"
"M3"	"BioGrid"	"QPRT"
"M3"	"BioGrid"	"GPRIN2"
"M3"	"BioGrid"	"FGFR4"
"M3"	"BioGrid"	"CELSR3"
"M3"	"BioGrid"	"TPD52L1"
"M3"	"BioGrid"	"ITPR1"
"M3"	"BioGrid"	"LOXL4"
"M3"	"BioGrid"	"FOXJ1"
"M3"	"BioGrid"	"GNAO1"
"M3"	"BioGrid"	"CSGALNACT1"
"M3"	"BioGrid"	"SLC23A1"
"M3"	"BioGrid"	"KLC3"
"M3"	"BioGrid"	"CCDC74B"
"M3"	"BioGrid"	"SNCG"
"M3"	"BioGrid"	"WNT4"
"M3"	"BioGrid"	"DNAJA4"
"M3"	"BioGrid"	"CXCL2"
"M3"	"BioGrid"	"APCS"
"M3"	"BioGrid"	"ALPL"
"M3"	"BioGrid"	"RAB25"
"M3"	"BioGrid"	"PTPRD"
"M3"	"BioGrid"	"BCAS1"
"M3"	"BioGrid"	"TSPAN13"
"M3"	"BioGrid"	"SLC1A1"
"M3"	"BioGrid"	"STMN2"
"M3"	"BioGrid"	"SEMA6A"
"M3"	"BioGrid"	"PAX8"
"M3"	"BioGrid"	"KCNF1"
"M3"	"BioGrid"	"TNFSF15"
"M3"	"BioGrid"	"ADCY5"
"M3"	"BioGrid"	"SLC12A2"
"M3"	"BioGrid"	"NUAK2"
"M3"	"BioGrid"	"IL18"
"M3"	"BioGrid"	"CRP"
"M3"	"BioGrid"	"DNAJC12"
"M3"	"BioGrid"	"AMH"
"M3"	"BioGrid"	"NRG1"
"M3"	"BioGrid"	"VAV3"
"M3"	"BioGrid"	"SERPINE2"
"M3"	"BioGrid"	"ADORA1"
"M3"	"BioGrid"	"NPR3"
"M3"	"BioGrid"	"GIPR"
"M3"	"BioGrid"	"CPE"
"M3"	"BioGrid"	"IL1R2"
"M3"	"BioGrid"	"CXCL1"
"M3"	"BioGrid"	"EDA2R"
"M3"	"BioGrid"	"CYP4F12"
"M3"	"BioGrid"	"S100A1"
"M3"	"BioGrid"	"ENPP2"
"M3"	"BioGrid"	"ANXA9"
"M3"	"BioGrid"	"KCNK5"
"M3"	"BioGrid"	"TFPI"
"M3"	"BioGrid"	"HPGD"
"M3"	"BioGrid"	"ETV4"
"M3"	"BioGrid"	"ARL4C"
"M3"	"BioGrid"	"DMKN"
"M3"	"BioGrid"	"ART4"
"M3"	"BioGrid"	"SUSD3"
"M3"	"BioGrid"	"TOX2"
"M3"	"BioGrid"	"SYT17"
"M3"	"BioGrid"	"DCDC2"
"M3"	"BioGrid"	"MAB21L2"
"M3"	"BioGrid"	"PTHLH"
"M3"	"BioGrid"	"PTPN13"
"M3"	"BioGrid"	"SCTR"
"M3"	"BioGrid"	"ADRA2C"
"M3"	"BioGrid"	"ADAMTSL3"
"M3"	"BioGrid"	"MRC1"
"M3"	"BioGrid"	"NEURL3"
"M3"	"BioGrid"	"CCL20"
"M3"	"BioGrid"	"AKAP7"
"M3"	"BioGrid"	"TMEM132A"
"M3"	"BioGrid"	"DSCAML1"
"M3"	"BioGrid"	"CTTNBP2"
"M3"	"BioGrid"	"CORO2B"
"M3"	"BioGrid"	"PTPRN2"
"M3"	"BioGrid"	"GGT1"
"M3"	"BioGrid"	"ATOH8"
"M3"	"BioGrid"	"FBXL16"
"M3"	"BioGrid"	"ALCAM"
"M3"	"BioGrid"	"PTGFR"
"M3"	"BioGrid"	"CXorf57"
"M3"	"BioGrid"	"ADAMTSL5"
"M3"	"BioGrid"	"ARL14"
"M3"	"BioGrid"	"PROM1"
"M3"	"BioGrid"	"G0S2"
"M3"	"BioGrid"	"NME5"
"M3"	"BioGrid"	"CPNE7"
"M3"	"BioGrid"	"H2AFY2"
"M3"	"BioGrid"	"GDF15"
"M3"	"BioGrid"	"FAXC"
"M3"	"BioGrid"	"PAQR5"
"M3"	"BioGrid"	"CHST4"
"M3"	"BioGrid"	"NDRG4"
"M3"	"BioGrid"	"PPP1R14C"
"M3"	"BioGrid"	"LRRN2"
"M3"	"BioGrid"	"LIPG"
"M3"	"BioGrid"	"KIAA0319"
"M3"	"BioGrid"	"COLGALT2"
"M3"	"BioGrid"	"MTCL1"
"M3"	"IntAct"	"MAPK15"
"M3"	"IntAct"	"BBOX1"
"M3"	"IntAct"	"AQP1"
"M3"	"IntAct"	"MORN3"
"M3"	"IntAct"	"UBD"
"M3"	"IntAct"	"SIM2"
"M3"	"IntAct"	"CFTR"
"M3"	"IntAct"	"UBASH3B"
"M3"	"IntAct"	"SPP1"
"M3"	"IntAct"	"SYN1"
"M3"	"IntAct"	"DNM1"
"M3"	"IntAct"	"TSC22D3"
"M3"	"IntAct"	"WNK2"
"M3"	"IntAct"	"ANXA3"
"M3"	"IntAct"	"SOX6"
"M3"	"IntAct"	"VIPR1"
"M3"	"IntAct"	"TNFRSF19"
"M3"	"IntAct"	"MITF"
"M3"	"IntAct"	"TRPV4"
"M3"	"IntAct"	"CDA"
"M3"	"IntAct"	"EFNB1"
"M3"	"IntAct"	"TUSC3"
"M3"	"IntAct"	"PITX1"
"M3"	"IntAct"	"LDOC1"
"M3"	"IntAct"	"PRICKLE1"
"M3"	"IntAct"	"SNAP25"
"M3"	"IntAct"	"ARNT2"
"M3"	"IntAct"	"TFAP2A"
"M3"	"IntAct"	"ANKRD1"
"M3"	"IntAct"	"BAAT"
"M3"	"IntAct"	"CXCL8"
"M3"	"IntAct"	"GPRIN2"
"M3"	"IntAct"	"FGFR4"
"M3"	"IntAct"	"ITIH5"
"M3"	"IntAct"	"CELSR3"
"M3"	"IntAct"	"PLEKHH2"
"M3"	"IntAct"	"TPD52L1"
"M3"	"IntAct"	"ITPR1"
"M3"	"IntAct"	"LOXL4"
"M3"	"IntAct"	"FOXJ1"
"M3"	"IntAct"	"GNAO1"
"M3"	"IntAct"	"CTNND2"
"M3"	"IntAct"	"SLC23A1"
"M3"	"IntAct"	"KLC3"
"M3"	"IntAct"	"CCDC74B"
"M3"	"IntAct"	"SNCG"
"M3"	"IntAct"	"TMOD1"
"M3"	"IntAct"	"WNT4"
"M3"	"IntAct"	"VEPH1"
"M3"	"IntAct"	"DNAJA4"
"M3"	"IntAct"	"CXCL2"
"M3"	"IntAct"	"APCS"
"M3"	"IntAct"	"ALPL"
"M3"	"IntAct"	"RAB25"
"M3"	"IntAct"	"SRPX2"
"M3"	"IntAct"	"MYOM1"
"M3"	"IntAct"	"WNT7B"
"M3"	"IntAct"	"PTPRD"
"M3"	"IntAct"	"SLC1A1"
"M3"	"IntAct"	"STMN2"
"M3"	"IntAct"	"PAX8"
"M3"	"IntAct"	"SLC12A2"
"M3"	"IntAct"	"NUAK2"
"M3"	"IntAct"	"CRP"
"M3"	"IntAct"	"DNAJC12"
"M3"	"IntAct"	"ASRGL1"
"M3"	"IntAct"	"CSMD2"
"M3"	"IntAct"	"AMH"
"M3"	"IntAct"	"NRG1"
"M3"	"IntAct"	"VAV3"
"M3"	"IntAct"	"ITGB8"
"M3"	"IntAct"	"IL1R2"
"M3"	"IntAct"	"CXCL1"
"M3"	"IntAct"	"EDA2R"
"M3"	"IntAct"	"S100A1"
"M3"	"IntAct"	"ENPP2"
"M3"	"IntAct"	"ANXA9"
"M3"	"IntAct"	"ETV4"
"M3"	"IntAct"	"DMKN"
"M3"	"IntAct"	"SYT17"
"M3"	"IntAct"	"MAB21L2"
"M3"	"IntAct"	"PTPN13"
"M3"	"IntAct"	"DEFB1"
"M3"	"IntAct"	"SCTR"
"M3"	"IntAct"	"ADAMTSL3"
"M3"	"IntAct"	"CCL20"
"M3"	"IntAct"	"TMEM132A"
"M3"	"IntAct"	"ID4"
"M3"	"IntAct"	"CEACAM7"
"M3"	"IntAct"	"FAM171A1"
"M3"	"IntAct"	"SNX10"
"M3"	"IntAct"	"CTTNBP2"
"M3"	"IntAct"	"CORO2B"
"M3"	"IntAct"	"PTPRN2"
"M3"	"IntAct"	"ATOH8"
"M3"	"IntAct"	"FBXL16"
"M3"	"IntAct"	"ALCAM"
"M3"	"IntAct"	"CXorf57"
"M3"	"IntAct"	"DZIP1"
"M3"	"IntAct"	"RNF150"
"M3"	"IntAct"	"ARL14"
"M3"	"IntAct"	"PROM1"
"M3"	"IntAct"	"NME5"
"M3"	"IntAct"	"C6orf141"
"M3"	"IntAct"	"HENMT1"
"M3"	"IntAct"	"CPNE7"
"M3"	"IntAct"	"GDF15"
"M3"	"IntAct"	"FAXC"
"M3"	"IntAct"	"ARSI"
"M3"	"IntAct"	"CHST4"
"M3"	"IntAct"	"LIPG"
"M3"	"IntAct"	"SEMA3E"
"M3"	"IntAct_Fly"	"NTN1"
"M3"	"IntAct_Fly"	"SNAP25"
"M3"	"IntAct_Fly"	"DNAJA4"
"M3"	"IntAct_Fly"	"WNT7B"
"M3"	"IntAct_Fly"	"PTPRD"
"M3"	"IntAct_Fly"	"TSPAN13"
"M3"	"IntAct_Fly"	"GGT1"
"M3"	"IntAct_Fly"	"SCD5"
"M3"	"INNATEDB"	"AQP1"
"M3"	"INNATEDB"	"CFTR"
"M3"	"INNATEDB"	"MITF"
"M3"	"INNATEDB"	"CLDN3"
"M3"	"INNATEDB"	"TRPV4"
"M3"	"INNATEDB"	"LDOC1"
"M3"	"INNATEDB"	"TFAP2A"
"M3"	"INNATEDB"	"CXCL8"
"M3"	"INNATEDB"	"CXCL3"
"M3"	"INNATEDB"	"CELSR3"
"M3"	"INNATEDB"	"TPD52L1"
"M3"	"INNATEDB"	"ITPR1"
"M3"	"INNATEDB"	"FOXJ1"
"M3"	"INNATEDB"	"CTNND2"
"M3"	"INNATEDB"	"CXCL2"
"M3"	"INNATEDB"	"STMN2"
"M3"	"INNATEDB"	"PAX8"
"M3"	"INNATEDB"	"TNFSF15"
"M3"	"INNATEDB"	"IL18"
"M3"	"INNATEDB"	"CRP"
"M3"	"INNATEDB"	"IL1R2"
"M3"	"INNATEDB"	"CXCL1"
"M3"	"INNATEDB"	"CXCL6"
"M3"	"INNATEDB"	"ART4"
"M3"	"INNATEDB"	"PTPN13"
"M3"	"INNATEDB"	"DEFB1"
"M3"	"INNATEDB"	"ADRA2C"
"M3"	"INNATEDB"	"CCL20"
"M3"	"INNATEDB"	"TMEM132A"
"M3"	"INNATEDB"	"ALCAM"
"M3"	"INNATEDB"	"OXTR"
"M3"	"INNATEDB"	"PITPNM3"
"M3"	"INNATEDB"	"WNT2B"
"M3"	"HPRD"	"MAPK15"
"M3"	"HPRD"	"NTN1"
"M3"	"HPRD"	"BBOX1"
"M3"	"HPRD"	"UBD"
"M3"	"HPRD"	"NANOS1"
"M3"	"HPRD"	"SIM2"
"M3"	"HPRD"	"CFTR"
"M3"	"HPRD"	"UBASH3B"
"M3"	"HPRD"	"TNFAIP6"
"M3"	"HPRD"	"SPP1"
"M3"	"HPRD"	"SYN1"
"M3"	"HPRD"	"DNM1"
"M3"	"HPRD"	"TSC22D3"
"M3"	"HPRD"	"ANXA3"
"M3"	"HPRD"	"UNC13D"
"M3"	"HPRD"	"SOX6"
"M3"	"HPRD"	"VIPR1"
"M3"	"HPRD"	"TNFRSF19"
"M3"	"HPRD"	"MITF"
"M3"	"HPRD"	"CLDN3"
"M3"	"HPRD"	"TRPV4"
"M3"	"HPRD"	"CDA"
"M3"	"HPRD"	"EFNB1"
"M3"	"HPRD"	"TUSC3"
"M3"	"HPRD"	"PITX1"
"M3"	"HPRD"	"LDOC1"
"M3"	"HPRD"	"PRICKLE1"
"M3"	"HPRD"	"SNAP25"
"M3"	"HPRD"	"FBXO2"
"M3"	"HPRD"	"PODXL2"
"M3"	"HPRD"	"ARNT2"
"M3"	"HPRD"	"TFAP2A"
"M3"	"HPRD"	"ANKRD1"
"M3"	"HPRD"	"CXCL8"
"M3"	"HPRD"	"QPRT"
"M3"	"HPRD"	"GPRIN2"
"M3"	"HPRD"	"FGFR4"
"M3"	"HPRD"	"LIF"
"M3"	"HPRD"	"CELSR3"
"M3"	"HPRD"	"TPD52L1"
"M3"	"HPRD"	"LOXL4"
"M3"	"HPRD"	"GNAO1"
"M3"	"HPRD"	"CTNND2"
"M3"	"HPRD"	"KLC3"
"M3"	"HPRD"	"SNCG"
"M3"	"HPRD"	"TMOD1"
"M3"	"HPRD"	"CXCL2"
"M3"	"HPRD"	"APCS"
"M3"	"HPRD"	"ALPL"
"M3"	"HPRD"	"RAB25"
"M3"	"HPRD"	"SRPX2"
"M3"	"HPRD"	"MYOM1"
"M3"	"HPRD"	"PTPRD"
"M3"	"HPRD"	"BCAS1"
"M3"	"HPRD"	"UPK3B"
"M3"	"HPRD"	"STMN2"
"M3"	"HPRD"	"SEMA6A"
"M3"	"HPRD"	"PAX8"
"M3"	"HPRD"	"KCNF1"
"M3"	"HPRD"	"TNFSF15"
"M3"	"HPRD"	"ADCY5"
"M3"	"HPRD"	"SLC12A2"
"M3"	"HPRD"	"CRP"
"M3"	"HPRD"	"AMH"
"M3"	"HPRD"	"NRG1"
"M3"	"HPRD"	"VAV3"
"M3"	"HPRD"	"SERPINE2"
"M3"	"HPRD"	"ADORA1"
"M3"	"HPRD"	"ITGB8"
"M3"	"HPRD"	"NPR3"
"M3"	"HPRD"	"CPE"
"M3"	"HPRD"	"IL1R2"
"M3"	"HPRD"	"CXCL1"
"M3"	"HPRD"	"S100A1"
"M3"	"HPRD"	"ANXA9"
"M3"	"HPRD"	"TFPI"
"M3"	"HPRD"	"ETV4"
"M3"	"HPRD"	"ARL4C"
"M3"	"HPRD"	"TOX2"
"M3"	"HPRD"	"SYT17"
"M3"	"HPRD"	"PTHLH"
"M3"	"HPRD"	"PTPN13"
"M3"	"HPRD"	"DEFB1"
"M3"	"HPRD"	"PDGFD"
"M3"	"HPRD"	"SCTR"
"M3"	"HPRD"	"ADRA2C"
"M3"	"HPRD"	"CCL20"
"M3"	"HPRD"	"TMEM132A"
"M3"	"HPRD"	"ID4"
"M3"	"HPRD"	"DSCAML1"
"M3"	"HPRD"	"MYO3A"
"M3"	"HPRD"	"CTTNBP2"
"M3"	"HPRD"	"CORO2B"
"M3"	"HPRD"	"PTPRN2"
"M3"	"HPRD"	"GGT1"
"M3"	"HPRD"	"CHST9"
"M3"	"HPRD"	"HUNK"
"M3"	"HPRD"	"ALCAM"
"M3"	"HPRD"	"OXTR"
"M3"	"HPRD"	"PTGFR"
"M3"	"HPRD"	"DZIP1"
"M3"	"HPRD"	"ARL14"
"M3"	"HPRD"	"NME5"
"M3"	"HPRD"	"CPNE7"
"M3"	"HPRD"	"PITPNM3"
"M3"	"HPRD"	"NRG3"
"M3"	"HPRD"	"GDF15"
"M3"	"HPRD"	"VTCN1"
"M3"	"HPRD"	"ST6GAL2"
"M3"	"BioGrid_Mouse"	"AQP1"
"M3"	"BioGrid_Mouse"	"CFTR"
"M3"	"BioGrid_Mouse"	"SYN1"
"M3"	"BioGrid_Mouse"	"DNM1"
"M3"	"BioGrid_Mouse"	"TSC22D3"
"M3"	"BioGrid_Mouse"	"SOX6"
"M3"	"BioGrid_Mouse"	"TNFRSF19"
"M3"	"BioGrid_Mouse"	"MITF"
"M3"	"BioGrid_Mouse"	"EFNB1"
"M3"	"BioGrid_Mouse"	"PITX1"
"M3"	"BioGrid_Mouse"	"SNAP25"
"M3"	"BioGrid_Mouse"	"FBXO2"
"M3"	"BioGrid_Mouse"	"TFAP2A"
"M3"	"BioGrid_Mouse"	"ITPR1"
"M3"	"BioGrid_Mouse"	"FOXJ1"
"M3"	"BioGrid_Mouse"	"GNAO1"
"M3"	"BioGrid_Mouse"	"CTNND2"
"M3"	"BioGrid_Mouse"	"KLC3"
"M3"	"BioGrid_Mouse"	"WNT4"
"M3"	"BioGrid_Mouse"	"WNT7B"
"M3"	"BioGrid_Mouse"	"STMN2"
"M3"	"BioGrid_Mouse"	"PAX8"
"M3"	"BioGrid_Mouse"	"SLC12A2"
"M3"	"BioGrid_Mouse"	"ASRGL1"
"M3"	"BioGrid_Mouse"	"EDA2R"
"M3"	"BioGrid_Mouse"	"PTPN13"
"M3"	"BioGrid_Mouse"	"FBXL16"
"M3"	"BioGrid_Mouse"	"WNT9A"
"M3"	"BioGrid_Mouse"	"PROM1"
"M3"	"DIP_Mouse"	"TSC22D3"
"M3"	"DIP_Mouse"	"TRPV4"
"M3"	"DIP_Mouse"	"EFNB1"
"M3"	"DIP_Mouse"	"SNAP25"
"M3"	"DIP_Mouse"	"FGFR4"
"M3"	"DIP_Mouse"	"ITPR1"
"M3"	"DIP_Mouse"	"KLC3"
"M3"	"DIP_Mouse"	"SEMA6A"
"M3"	"DIP_Mouse"	"LYPD1"
"M3"	"BioGrid_Fly"	"NTN1"
"M3"	"BioGrid_Fly"	"UBASH3B"
"M3"	"BioGrid_Fly"	"DNM1"
"M3"	"BioGrid_Fly"	"SPTBN5"
"M3"	"BioGrid_Fly"	"TUSC3"
"M3"	"BioGrid_Fly"	"SNAP25"
"M3"	"BioGrid_Fly"	"TFAP2A"
"M3"	"BioGrid_Fly"	"ITPR1"
"M3"	"BioGrid_Fly"	"GNAO1"
"M3"	"BioGrid_Fly"	"TMOD1"
"M3"	"BioGrid_Fly"	"DNAJA4"
"M3"	"BioGrid_Fly"	"ALPL"
"M3"	"BioGrid_Fly"	"PTPRD"
"M3"	"BioGrid_Fly"	"ADCY5"
"M3"	"BioGrid_Fly"	"DNAJC12"
"M3"	"BioGrid_Fly"	"DSCAML1"
"M3"	"BioGrid_Fly"	"SCD5"
"M3"	"BCI"	"AQP1"
"M3"	"BCI"	"SYN1"
"M3"	"BCI"	"DNM1"
"M3"	"BCI"	"TSC22D3"
"M3"	"BCI"	"EFNB1"
"M3"	"BCI"	"CXCL8"
"M3"	"BCI"	"FGFR4"
"M3"	"BCI"	"CELSR3"
"M3"	"BCI"	"ITPR1"
"M3"	"BCI"	"CXCL2"
"M3"	"BCI"	"PAX8"
"M3"	"BCI"	"SLC12A2"
"M3"	"BCI"	"IL18"
"M3"	"BCI"	"TFPI"
"M3"	"BCI"	"PTPN13"
"M3"	"BCI"	"DEFB1"
"M3"	"BCI"	"ADRA2C"
"M3"	"BCI"	"IL1RN"
"M3"	"BCI"	"ALCAM"
"M3"	"IntAct_Mouse"	"NTN1"
"M3"	"IntAct_Mouse"	"CFTR"
"M3"	"IntAct_Mouse"	"SYN1"
"M3"	"IntAct_Mouse"	"DNM1"
"M3"	"IntAct_Mouse"	"TNFRSF19"
"M3"	"IntAct_Mouse"	"CLDN3"
"M3"	"IntAct_Mouse"	"CDA"
"M3"	"IntAct_Mouse"	"EFNB1"
"M3"	"IntAct_Mouse"	"SNAP25"
"M3"	"IntAct_Mouse"	"ARNT2"
"M3"	"IntAct_Mouse"	"PLEKHH2"
"M3"	"IntAct_Mouse"	"ITPR1"
"M3"	"IntAct_Mouse"	"GNAO1"
"M3"	"IntAct_Mouse"	"CTNND2"
"M3"	"IntAct_Mouse"	"RAB25"
"M3"	"IntAct_Mouse"	"SLC1A1"
"M3"	"IntAct_Mouse"	"SEMA6A"
"M3"	"IntAct_Mouse"	"SLC12A2"
"M3"	"IntAct_Mouse"	"S100A1"
"M3"	"IntAct_Mouse"	"PTPN13"
"M3"	"IntAct_Mouse"	"MRC1"
"M3"	"IntAct_Mouse"	"ID4"
"M3"	"IntAct_Mouse"	"PTPRN2"
"M3"	"BioGrid_Yeast"	"CDA"
"M3"	"BioGrid_Yeast"	"TUSC3"
"M3"	"BioGrid_Yeast"	"QPRT"
"M3"	"BioGrid_Yeast"	"GGT1"
"M3"	"DIP"	"NTN1"
"M3"	"DIP"	"AQP1"
"M3"	"DIP"	"CFTR"
"M3"	"DIP"	"DNM1"
"M3"	"DIP"	"CLDN3"
"M3"	"DIP"	"SNAP25"
"M3"	"DIP"	"CXCL8"
"M3"	"DIP"	"FGFR4"
"M3"	"DIP"	"LIF"
"M3"	"DIP"	"ITPR1"
"M3"	"DIP"	"CTNND2"
"M3"	"DIP"	"APCS"
"M3"	"DIP"	"MYOM1"
"M3"	"DIP"	"SMPD3"
"M3"	"DIP"	"TNFSF15"
"M3"	"DIP"	"SLC12A2"
"M3"	"DIP"	"CRP"
"M3"	"DIP"	"NRG1"
"M3"	"DIP"	"GIPR"
"M3"	"DIP"	"CXCL1"
"M3"	"DIP"	"ETV4"
"M3"	"DIP"	"PTPN13"
"M3"	"DIP"	"CCL20"
"M3"	"DIP"	"IL1RN"
"M3"	"DIP"	"HUNK"
"M3"	"DIP"	"H2AFY2"
"M3"	"DIP"	"APCDD1"
"M3"	"INNATEDB_Mouse"	"AQP1"
"M3"	"INNATEDB_Mouse"	"SPP1"
"M3"	"INNATEDB_Mouse"	"TSC22D3"
"M3"	"INNATEDB_Mouse"	"TNFRSF19"
"M3"	"INNATEDB_Mouse"	"MITF"
"M3"	"INNATEDB_Mouse"	"PITX1"
"M3"	"INNATEDB_Mouse"	"PODXL2"
"M3"	"INNATEDB_Mouse"	"CXCL3"
"M3"	"INNATEDB_Mouse"	"CSGALNACT1"
"M3"	"INNATEDB_Mouse"	"CXCL2"
"M3"	"INNATEDB_Mouse"	"ALPL"
"M3"	"INNATEDB_Mouse"	"IL18"
"M3"	"INNATEDB_Mouse"	"CXCL6"
"M3"	"INNATEDB_Mouse"	"MRC1"
"M3"	"INNATEDB_Mouse"	"NEURL3"
"M3"	"INNATEDB_Mouse"	"MYO3A"
"M3"	"INNATEDB_Mouse"	"SNX10"
"M3"	"INNATEDB_Mouse"	"DZIP1"
"M3"	"BioGrid_Rat"	"SPP1"
"M3"	"BioGrid_Rat"	"TRPV4"
"M3"	"BioGrid_Rat"	"SNAP25"
"M3"	"BioGrid_Rat"	"FBXO2"
"M3"	"BioGrid_Rat"	"ITPR1"
"M3"	"BioGrid_Rat"	"GNAO1"
"M3"	"DIP_Rat"	"DNM1"
"M3"	"DIP_Rat"	"SNAP25"
"M3"	"DIP_Rat"	"ITPR1"
"M3"	"YeastMedium"	"CDA"
"M3"	"YeastMedium"	"TUSC3"
"M3"	"YeastMedium"	"QPRT"
"M3"	"IntAct_Yeast"	"CDA"
"M3"	"IntAct_Yeast"	"TUSC3"
"M3"	"IntAct_Yeast"	"QPRT"
"M3"	"VidalHuman_non_core"	"BBOX1"
"M3"	"VidalHuman_non_core"	"AQP1"
"M3"	"VidalHuman_non_core"	"CLDN3"
"M3"	"VidalHuman_non_core"	"PITX1"
"M3"	"VidalHuman_non_core"	"GPRIN2"
"M3"	"VidalHuman_non_core"	"CXCL3"
"M3"	"VidalHuman_non_core"	"CXCL2"
"M3"	"VidalHuman_non_core"	"S100A1"
"M3"	"BIND"	"CFTR"
"M3"	"BIND"	"CDA"
"M3"	"BIND"	"EFNB1"
"M3"	"BIND"	"LDOC1"
"M3"	"BIND"	"ARNT2"
"M3"	"BIND"	"CXCL8"
"M3"	"BIND"	"LIF"
"M3"	"BIND"	"CELSR3"
"M3"	"BIND"	"TPD52L1"
"M3"	"BIND"	"CTNND2"
"M3"	"BIND"	"CXCL2"
"M3"	"BIND"	"APCS"
"M3"	"BIND"	"SEMA6A"
"M3"	"BIND"	"CRP"
"M3"	"BIND"	"NPR3"
"M3"	"BIND"	"CXCL1"
"M3"	"BIND"	"S100A1"
"M3"	"BIND"	"TFPI"
"M3"	"BIND"	"IL1RN"
"M3"	"BIND"	"DSCAML1"
"M3"	"BIND"	"PTPRN2"
"M3"	"BIND"	"KIAA0319"
"M3"	"VidalHuman_core"	"AQP1"
"M3"	"VidalHuman_core"	"SPP1"
"M3"	"VidalHuman_core"	"TSC22D3"
"M3"	"VidalHuman_core"	"PITX1"
"M3"	"VidalHuman_core"	"LDOC1"
"M3"	"VidalHuman_core"	"SNAP25"
"M3"	"VidalHuman_core"	"QPRT"
"M3"	"VidalHuman_core"	"GPRIN2"
"M3"	"VidalHuman_core"	"S100A1"
"M3"	"VidalHuman_core"	"NME5"
"M3"	"MINT_Mouse"	"CFTR"
"M3"	"MINT_Mouse"	"SYN1"
"M3"	"MINT_Mouse"	"CLDN3"
"M3"	"MINT_Mouse"	"CDA"
"M3"	"MINT_Mouse"	"EFNB1"
"M3"	"MINT_Mouse"	"SNAP25"
"M3"	"MINT_Mouse"	"LOXL4"
"M3"	"MINT_Mouse"	"SLC1A1"
"M3"	"MINT_Mouse"	"SEMA6A"
"M3"	"MINT_Mouse"	"PTPN13"
"M3"	"MINT_Mouse"	"PTPRN2"
"M3"	"IntAct_Rat"	"MAPK15"
"M3"	"IntAct_Rat"	"SPP1"
"M3"	"IntAct_Rat"	"SYN1"
"M3"	"IntAct_Rat"	"DNM1"
"M3"	"IntAct_Rat"	"SNAP25"
"M3"	"IntAct_Rat"	"GNAO1"
"M3"	"IntAct_Rat"	"PAX8"
"M3"	"IntAct_Rat"	"ADORA1"
"M3"	"MINT"	"AQP1"
"M3"	"MINT"	"CFTR"
"M3"	"MINT"	"UBASH3B"
"M3"	"MINT"	"SPP1"
"M3"	"MINT"	"SYN1"
"M3"	"MINT"	"DNM1"
"M3"	"MINT"	"TSC22D3"
"M3"	"MINT"	"WNK2"
"M3"	"MINT"	"ANXA3"
"M3"	"MINT"	"VIPR1"
"M3"	"MINT"	"MITF"
"M3"	"MINT"	"PITX1"
"M3"	"MINT"	"LDOC1"
"M3"	"MINT"	"SNAP25"
"M3"	"MINT"	"TFAP2A"
"M3"	"MINT"	"QPRT"
"M3"	"MINT"	"GPRIN2"
"M3"	"MINT"	"CELSR3"
"M3"	"MINT"	"TPD52L1"
"M3"	"MINT"	"GNAO1"
"M3"	"MINT"	"ACSL5"
"M3"	"MINT"	"APCS"
"M3"	"MINT"	"ALPL"
"M3"	"MINT"	"PTPRD"
"M3"	"MINT"	"STMN2"
"M3"	"MINT"	"CRP"
"M3"	"MINT"	"CSMD2"
"M3"	"MINT"	"VAV3"
"M3"	"MINT"	"CPE"
"M3"	"MINT"	"S100A1"
"M3"	"MINT"	"SYT17"
"M3"	"MINT"	"PTPN13"
"M3"	"MINT"	"AKAP7"
"M3"	"MINT"	"ID4"
"M3"	"MINT"	"PTPRN2"
"M3"	"MINT"	"CXorf57"
"M3"	"MINT"	"DZIP1"
"M3"	"MINT"	"NME5"
"M3"	"MINT"	"NAGS"
"M3"	"MGI"	"DNM1"
"M3"	"MGI"	"SOX6"
"M3"	"MGI"	"EFNB1"
"M3"	"MGI"	"TFAP2A"
"M3"	"MGI"	"ITPR1"
"M3"	"MGI"	"WNT4"
"M3"	"MGI"	"WNT7B"
"M3"	"MGI"	"AKAP7"
"M3"	"IntAct_Worm"	"DNM1"
"M3"	"IntAct_Worm"	"WNT4"
"M3"	"IntAct_Worm"	"VAV3"
"M3"	"MINT_Fly"	"UBASH3B"
"M3"	"MINT_Fly"	"TFAP2A"
"M3"	"MINT_Fly"	"DNAJA4"
"M3"	"MINT_Fly"	"PTPRD"
"M3"	"MINT_Fly"	"DNAJC12"
"M3"	"StelzlHigh"	"ANXA3"
"M3"	"StelzlHigh"	"SNAP25"
"M3"	"StelzlHigh"	"STMN2"
"M3"	"StelzlHigh"	"CPE"
"M3"	"StelzlMedium"	"SYN1"
"M3"	"StelzlMedium"	"ANXA3"
"M3"	"StelzlMedium"	"TPD52L1"
"M3"	"StelzlMedium"	"STMN2"
"M3"	"StelzlMedium"	"CPE"
"M3"	"BIND_Rat"	"SYN1"
"M3"	"BIND_Rat"	"DNM1"
"M3"	"BIND_Rat"	"SNAP25"
"M3"	"BIND_Rat"	"ADORA1"
"M3"	"I2D-text_mining-c"	"CLDN3"
"M3"	"DIP_Fly"	"UBASH3B"
"M3"	"DIP_Fly"	"TFAP2A"
"M3"	"DIP_Fly"	"GNAO1"
"M3"	"DIP_Fly"	"WNT4"
"M3"	"DIP_Fly"	"DNAJA4"
"M3"	"DIP_Fly"	"PTPRD"
"M3"	"DIP_Fly"	"SCD5"
"M3"	"BIND_Fly"	"GNAO1"
"M3"	"BIND_Fly"	"DNAJC12"
"M3"	"FlyHigh"	"SPTBN5"
"M3"	"FlyHigh"	"GNAO1"
"M3"	"FlyHigh"	"DNAJC12"
"M3"	"BIND_Mouse"	"CFTR"
"M3"	"BIND_Mouse"	"MITF"
"M3"	"BIND_Mouse"	"CDA"
"M3"	"BIND_Mouse"	"EFNB1"
"M3"	"BIND_Mouse"	"SNAP25"
"M3"	"BIND_Mouse"	"ARNT2"
"M3"	"BIND_Mouse"	"TFAP2A"
"M3"	"BIND_Mouse"	"CXCL3"
"M3"	"BIND_Mouse"	"ITPR1"
"M3"	"BIND_Mouse"	"GNAO1"
"M3"	"BIND_Mouse"	"CTNND2"
"M3"	"BIND_Mouse"	"WNT4"
"M3"	"BIND_Mouse"	"CPE"
"M3"	"BIND_Mouse"	"FRAS1"
"M3"	"FlyLow"	"UBASH3B"
"M3"	"FlyLow"	"GNAO1"
"M3"	"MINT_Rat"	"SYN1"
"M3"	"MINT_Rat"	"DNM1"
"M3"	"MINT_Rat"	"SNAP25"
"M3"	"MINT_Rat"	"GNAO1"
"M3"	"MINT_Rat"	"ADORA1"
"M3"	"I2D-c_Rat"	"ADORA1"
"M3"	"BIND_Yeast"	"CDA"
"M3"	"DIP_Yeast"	"CDA"
"M3"	"DIP_Yeast"	"TUSC3"
"M3"	"DIP_Yeast"	"QPRT"
"M3"	"MINT_Yeast"	"CDA"
"M3"	"MINT_Yeast"	"QPRT"
"M3"	"MIPS"	"CDA"
"M3"	"MIPS"	"QPRT"
"M3"	"Tarassov_PCA"	"CDA"
"M3"	"Yu_GoldStd"	"CDA"
"M3"	"LITERATURE"	"GNAO1"
"M3"	"ShawnLi"	"ID4"
"M3"	"BioGrid_Worm"	"DNM1"
"M3"	"BioGrid_Worm"	"GNAO1"
"M3"	"BioGrid_Worm"	"CPE"
"M3"	"BIND_Worm"	"GNAO1"
"M3"	"BIND_Worm"	"CPE"
"M3"	"MINT_Worm"	"GNAO1"
"M3"	"MINT_Worm"	"CPE"
"M3"	"NON_CORE"	"GNAO1"
"M3"	"Fawcett_polarity_Rat"	"DNM1"
"M3"	"CORE_2"	"CPE"
"M3"	"DIP_Worm"	"CPE"
"M3"	"KIM_MYC"	"ASRGL1"
"M3"	"YeastLow"	"GGT1"
"M3"	"StelzlLow"	"NAGS"
"M4"	"BioGrid"	"PSAT1"
"M4"	"BioGrid"	"RAB6B"
"M4"	"BioGrid"	"TAT"
"M4"	"BioGrid"	"OXCT1"
"M4"	"BioGrid"	"HPD"
"M4"	"BioGrid"	"AR"
"M4"	"BioGrid"	"RIPK3"
"M4"	"BioGrid"	"ABCB4"
"M4"	"BioGrid"	"MASP1"
"M4"	"BioGrid"	"AHSG"
"M4"	"BioGrid"	"APOA1"
"M4"	"BioGrid"	"HPX"
"M4"	"BioGrid"	"ABCC2"
"M4"	"BioGrid"	"PYGL"
"M4"	"BioGrid"	"PCK1"
"M4"	"BioGrid"	"F2"
"M4"	"BioGrid"	"CYP2C8"
"M4"	"BioGrid"	"RAB26"
"M4"	"BioGrid"	"ACSS3"
"M4"	"BioGrid"	"HP"
"M4"	"BioGrid"	"NGFR"
"M4"	"BioGrid"	"ENO2"
"M4"	"BioGrid"	"AHNAK2"
"M4"	"BioGrid"	"DPP4"
"M4"	"BioGrid"	"HAAO"
"M4"	"BioGrid"	"BIK"
"M4"	"BioGrid"	"CEBPA"
"M4"	"BioGrid"	"CREB3L3"
"M4"	"BioGrid"	"CNKSR1"
"M4"	"BioGrid"	"PTH1R"
"M4"	"BioGrid"	"MMP1"
"M4"	"BioGrid"	"APOE"
"M4"	"BioGrid"	"LBP"
"M4"	"BioGrid"	"ANGPTL4"
"M4"	"BioGrid"	"HRG"
"M4"	"BioGrid"	"HR"
"M4"	"BioGrid"	"CYP2E1"
"M4"	"BioGrid"	"KLF15"
"M4"	"BioGrid"	"AKR7A3"
"M4"	"BioGrid"	"TTR"
"M4"	"BioGrid"	"REC8"
"M4"	"BioGrid"	"APOA2"
"M4"	"BioGrid"	"CES1"
"M4"	"BioGrid"	"DMRTA1"
"M4"	"BioGrid"	"TDO2"
"M4"	"BioGrid"	"ALDH1A1"
"M4"	"BioGrid"	"TF"
"M4"	"BioGrid"	"C6"
"M4"	"BioGrid"	"AGTR1"
"M4"	"BioGrid"	"GPD1"
"M4"	"BioGrid"	"ALDOB"
"M4"	"BioGrid"	"ADH6"
"M4"	"BioGrid"	"G6PC"
"M4"	"BioGrid"	"SLC27A2"
"M4"	"BioGrid"	"CPS1"
"M4"	"BioGrid"	"FCN3"
"M4"	"BioGrid"	"APBA2"
"M4"	"BioGrid"	"ZNF439"
"M4"	"BioGrid"	"PC"
"M4"	"BioGrid"	"CYP2C9"
"M4"	"BioGrid"	"STK33"
"M4"	"BioGrid"	"PPP2R2C"
"M4"	"BioGrid"	"MARK1"
"M4"	"BioGrid"	"CYP4A11"
"M4"	"BioGrid"	"ADH1B"
"M4"	"BioGrid"	"ORM1"
"M4"	"BioGrid"	"ASGR1"
"M4"	"BioGrid"	"GPAM"
"M4"	"BioGrid"	"SERPINF2"
"M4"	"BioGrid"	"KNG1"
"M4"	"BioGrid"	"FGB"
"M4"	"BioGrid"	"SERPIND1"
"M4"	"BioGrid"	"F5"
"M4"	"BioGrid"	"HBB"
"M4"	"BioGrid"	"APOH"
"M4"	"BioGrid"	"SERPINA10"
"M4"	"BioGrid"	"IGF2"
"M4"	"BioGrid"	"MT2A"
"M4"	"BioGrid"	"CFH"
"M4"	"BioGrid"	"F12"
"M4"	"BioGrid"	"GPC3"
"M4"	"BioGrid"	"APOC1"
"M4"	"BioGrid"	"C8A"
"M4"	"BioGrid"	"IGFBP2"
"M4"	"BioGrid"	"CP"
"M4"	"BioGrid"	"S100A2"
"M4"	"BioGrid"	"ANG"
"M4"	"BioGrid"	"GSTA1"
"M4"	"BioGrid"	"HOXB7"
"M4"	"BioGrid"	"SLC2A2"
"M4"	"BioGrid"	"HMGCS2"
"M4"	"BioGrid"	"BDH1"
"M4"	"BioGrid"	"PLA1A"
"M4"	"BioGrid"	"ALDH8A1"
"M4"	"BioGrid"	"BHMT2"
"M4"	"BioGrid"	"VAT1L"
"M4"	"BioGrid"	"F7"
"M4"	"BioGrid"	"BCHE"
"M4"	"BioGrid"	"ADH1A"
"M4"	"BioGrid"	"IL33"
"M4"	"BioGrid"	"DGAT2"
"M4"	"BioGrid"	"CYP2D6"
"M4"	"BioGrid"	"MYRIP"
"M4"	"BioGrid"	"EVA1A"
"M4"	"BioGrid"	"FABP1"
"M4"	"BioGrid"	"GPX3"
"M4"	"BioGrid"	"AOX1"
"M4"	"BioGrid"	"ORM2"
"M4"	"BioGrid"	"MAT1A"
"M4"	"BioGrid"	"PTGR1"
"M4"	"BioGrid"	"SERPINF1"
"M4"	"BioGrid"	"RGS17"
"M4"	"BioGrid"	"RHBDL2"
"M4"	"BioGrid"	"AKR1C2"
"M4"	"BioGrid"	"ZNF418"
"M4"	"BioGrid"	"SCIN"
"M4"	"BioGrid"	"DEPDC7"
"M4"	"BioGrid"	"MT1M"
"M4"	"BioGrid"	"ACSM5"
"M4"	"BioGrid"	"EDAR"
"M4"	"BioGrid"	"FTCD"
"M4"	"BioGrid"	"APOC3"
"M4"	"BioGrid"	"AQP9"
"M4"	"BioGrid"	"DEPDC1B"
"M4"	"BioGrid_Yeast"	"PSAT1"
"M4"	"BioGrid_Yeast"	"RAB6B"
"M4"	"BioGrid_Yeast"	"PYGL"
"M4"	"BioGrid_Yeast"	"DPP4"
"M4"	"BioGrid_Yeast"	"HAAO"
"M4"	"IntAct"	"PSAT1"
"M4"	"IntAct"	"RAB6B"
"M4"	"IntAct"	"TAT"
"M4"	"IntAct"	"OXCT1"
"M4"	"IntAct"	"HPD"
"M4"	"IntAct"	"AR"
"M4"	"IntAct"	"RIPK3"
"M4"	"IntAct"	"ABCB4"
"M4"	"IntAct"	"MASP1"
"M4"	"IntAct"	"APOA1"
"M4"	"IntAct"	"PYGL"
"M4"	"IntAct"	"F2"
"M4"	"IntAct"	"CYP2C8"
"M4"	"IntAct"	"ACSS3"
"M4"	"IntAct"	"HP"
"M4"	"IntAct"	"NGFR"
"M4"	"IntAct"	"ENO2"
"M4"	"IntAct"	"DPP4"
"M4"	"IntAct"	"HAAO"
"M4"	"IntAct"	"BIK"
"M4"	"IntAct"	"VANGL2"
"M4"	"IntAct"	"CEBPA"
"M4"	"IntAct"	"CREB3L3"
"M4"	"IntAct"	"CNKSR1"
"M4"	"IntAct"	"PTH1R"
"M4"	"IntAct"	"MMP1"
"M4"	"IntAct"	"APOE"
"M4"	"IntAct"	"LBP"
"M4"	"IntAct"	"ANGPTL4"
"M4"	"IntAct"	"HRG"
"M4"	"IntAct"	"CYP2E1"
"M4"	"IntAct"	"HGFAC"
"M4"	"IntAct"	"KLF15"
"M4"	"IntAct"	"AKR7A3"
"M4"	"IntAct"	"FGL1"
"M4"	"IntAct"	"TTR"
"M4"	"IntAct"	"REC8"
"M4"	"IntAct"	"APOA2"
"M4"	"IntAct"	"CES1"
"M4"	"IntAct"	"DMRTA1"
"M4"	"IntAct"	"TDO2"
"M4"	"IntAct"	"ALDH1A1"
"M4"	"IntAct"	"TF"
"M4"	"IntAct"	"ALDOB"
"M4"	"IntAct"	"ADH6"
"M4"	"IntAct"	"G6PC"
"M4"	"IntAct"	"CPS1"
"M4"	"IntAct"	"RBP5"
"M4"	"IntAct"	"ZNF439"
"M4"	"IntAct"	"CYP2C9"
"M4"	"IntAct"	"STK33"
"M4"	"IntAct"	"PPP2R2C"
"M4"	"IntAct"	"MARK1"
"M4"	"IntAct"	"BAALC"
"M4"	"IntAct"	"CYP4A11"
"M4"	"IntAct"	"ADH1B"
"M4"	"IntAct"	"ORM1"
"M4"	"IntAct"	"ASGR1"
"M4"	"IntAct"	"SERPINF2"
"M4"	"IntAct"	"SERPINC1"
"M4"	"IntAct"	"KNG1"
"M4"	"IntAct"	"FGB"
"M4"	"IntAct"	"HBB"
"M4"	"IntAct"	"APOH"
"M4"	"IntAct"	"SERPINA10"
"M4"	"IntAct"	"IGF2"
"M4"	"IntAct"	"MT2A"
"M4"	"IntAct"	"CFH"
"M4"	"IntAct"	"F12"
"M4"	"IntAct"	"GAMT"
"M4"	"IntAct"	"RBP4"
"M4"	"IntAct"	"IGFBP2"
"M4"	"IntAct"	"CP"
"M4"	"IntAct"	"S100A2"
"M4"	"IntAct"	"MT1G"
"M4"	"IntAct"	"ANG"
"M4"	"IntAct"	"GSTA1"
"M4"	"IntAct"	"HOXB7"
"M4"	"IntAct"	"VAT1L"
"M4"	"IntAct"	"ANGPTL3"
"M4"	"IntAct"	"F7"
"M4"	"IntAct"	"BCHE"
"M4"	"IntAct"	"ADH1A"
"M4"	"IntAct"	"RGS11"
"M4"	"IntAct"	"IL33"
"M4"	"IntAct"	"TNNI2"
"M4"	"IntAct"	"MYRIP"
"M4"	"IntAct"	"PCSK1N"
"M4"	"IntAct"	"EVA1A"
"M4"	"IntAct"	"AOX1"
"M4"	"IntAct"	"ORM2"
"M4"	"IntAct"	"MAT1A"
"M4"	"IntAct"	"SYBU"
"M4"	"IntAct"	"SERPINF1"
"M4"	"IntAct"	"RGS17"
"M4"	"IntAct"	"KIAA1549L"
"M4"	"IntAct"	"PRG4"
"M4"	"IntAct"	"PRAP1"
"M4"	"IntAct"	"SCIN"
"M4"	"IntAct"	"DEPDC7"
"M4"	"IntAct"	"MT1M"
"M4"	"IntAct"	"ITIH3"
"M4"	"IntAct"	"ACSM5"
"M4"	"IntAct"	"EDAR"
"M4"	"IntAct"	"FTCD"
"M4"	"IntAct"	"AQP9"
"M4"	"IntAct"	"APOM"
"M4"	"IntAct"	"DEPDC1B"
"M4"	"IntAct"	"PIPOX"
"M4"	"BioGrid_Fly"	"PSAT1"
"M4"	"BioGrid_Fly"	"TAT"
"M4"	"BioGrid_Fly"	"HPD"
"M4"	"BioGrid_Fly"	"RAB26"
"M4"	"BioGrid_Fly"	"ACSS3"
"M4"	"BioGrid_Fly"	"DPP4"
"M4"	"BioGrid_Fly"	"GPD1"
"M4"	"BioGrid_Fly"	"PC"
"M4"	"BioGrid_Fly"	"GPAM"
"M4"	"BioGrid_Fly"	"PGLYRP2"
"M4"	"BIND_Fly"	"PSAT1"
"M4"	"BIND_Fly"	"TAT"
"M4"	"BIND_Fly"	"HPD"
"M4"	"BIND_Fly"	"RAB26"
"M4"	"BIND_Fly"	"PGLYRP2"
"M4"	"FlyHigh"	"PSAT1"
"M4"	"FlyHigh"	"HPD"
"M4"	"FlyHigh"	"GPAM"
"M4"	"HPRD"	"RAB6B"
"M4"	"HPRD"	"AR"
"M4"	"HPRD"	"RIPK3"
"M4"	"HPRD"	"MASP1"
"M4"	"HPRD"	"AHSG"
"M4"	"HPRD"	"APOA1"
"M4"	"HPRD"	"ABCC2"
"M4"	"HPRD"	"PYGL"
"M4"	"HPRD"	"F2"
"M4"	"HPRD"	"HP"
"M4"	"HPRD"	"NGFR"
"M4"	"HPRD"	"ENO2"
"M4"	"HPRD"	"C2"
"M4"	"HPRD"	"DPP4"
"M4"	"HPRD"	"HAAO"
"M4"	"HPRD"	"BIK"
"M4"	"HPRD"	"CEBPA"
"M4"	"HPRD"	"CREB3L3"
"M4"	"HPRD"	"CNKSR1"
"M4"	"HPRD"	"PTH1R"
"M4"	"HPRD"	"MMP1"
"M4"	"HPRD"	"APOE"
"M4"	"HPRD"	"LBP"
"M4"	"HPRD"	"HRG"
"M4"	"HPRD"	"HR"
"M4"	"HPRD"	"CYP2E1"
"M4"	"HPRD"	"HGFAC"
"M4"	"HPRD"	"AKR7A3"
"M4"	"HPRD"	"FGL1"
"M4"	"HPRD"	"TTR"
"M4"	"HPRD"	"APOA2"
"M4"	"HPRD"	"CES1"
"M4"	"HPRD"	"TDO2"
"M4"	"HPRD"	"TF"
"M4"	"HPRD"	"C6"
"M4"	"HPRD"	"GPD1"
"M4"	"HPRD"	"ALDOB"
"M4"	"HPRD"	"CPS1"
"M4"	"HPRD"	"FCN3"
"M4"	"HPRD"	"APBA2"
"M4"	"HPRD"	"ZNF439"
"M4"	"HPRD"	"PC"
"M4"	"HPRD"	"CYP2C9"
"M4"	"HPRD"	"MARK1"
"M4"	"HPRD"	"ANGPTL1"
"M4"	"HPRD"	"ADH1C"
"M4"	"HPRD"	"ORM1"
"M4"	"HPRD"	"SERPINF2"
"M4"	"HPRD"	"SERPINC1"
"M4"	"HPRD"	"KNG1"
"M4"	"HPRD"	"FGB"
"M4"	"HPRD"	"SERPIND1"
"M4"	"HPRD"	"F5"
"M4"	"HPRD"	"HBB"
"M4"	"HPRD"	"APOH"
"M4"	"HPRD"	"SERPINA10"
"M4"	"HPRD"	"IGF2"
"M4"	"HPRD"	"KLKB1"
"M4"	"HPRD"	"MT2A"
"M4"	"HPRD"	"CFH"
"M4"	"HPRD"	"F12"
"M4"	"HPRD"	"BARX2"
"M4"	"HPRD"	"GPC3"
"M4"	"HPRD"	"PON1"
"M4"	"HPRD"	"APOC1"
"M4"	"HPRD"	"C8A"
"M4"	"HPRD"	"RBP4"
"M4"	"HPRD"	"S100A2"
"M4"	"HPRD"	"MT1G"
"M4"	"HPRD"	"ANG"
"M4"	"HPRD"	"GSTA1"
"M4"	"HPRD"	"HOXB7"
"M4"	"HPRD"	"PLA1A"
"M4"	"HPRD"	"ANGPTL3"
"M4"	"HPRD"	"F7"
"M4"	"HPRD"	"BCHE"
"M4"	"HPRD"	"C4BPB"
"M4"	"HPRD"	"ADH1A"
"M4"	"HPRD"	"FOXC1"
"M4"	"HPRD"	"SAA2"
"M4"	"HPRD"	"TNNI2"
"M4"	"HPRD"	"MYRIP"
"M4"	"HPRD"	"SYBU"
"M4"	"HPRD"	"GATM"
"M4"	"HPRD"	"RHBDL2"
"M4"	"HPRD"	"ITPKA"
"M4"	"HPRD"	"SCIN"
"M4"	"HPRD"	"EDAR"
"M4"	"HPRD"	"SLIT3"
"M4"	"HPRD"	"HAMP"
"M4"	"MINT"	"AR"
"M4"	"MINT"	"RIPK3"
"M4"	"MINT"	"AHSG"
"M4"	"MINT"	"APOA1"
"M4"	"MINT"	"HP"
"M4"	"MINT"	"NGFR"
"M4"	"MINT"	"ENO2"
"M4"	"MINT"	"DPP4"
"M4"	"MINT"	"HAAO"
"M4"	"MINT"	"BIK"
"M4"	"MINT"	"CNKSR1"
"M4"	"MINT"	"PTH1R"
"M4"	"MINT"	"AKR7A3"
"M4"	"MINT"	"TTR"
"M4"	"MINT"	"APOA2"
"M4"	"MINT"	"CES1"
"M4"	"MINT"	"ALDH1A1"
"M4"	"MINT"	"TF"
"M4"	"MINT"	"AGTR1"
"M4"	"MINT"	"GPD1"
"M4"	"MINT"	"APBA2"
"M4"	"MINT"	"ZNF439"
"M4"	"MINT"	"APOH"
"M4"	"MINT"	"IGF2"
"M4"	"MINT"	"APOC1"
"M4"	"MINT"	"S100A2"
"M4"	"MINT"	"IL33"
"M4"	"MINT"	"MYRIP"
"M4"	"MINT"	"EVA1A"
"M4"	"BCI"	"ABCB4"
"M4"	"BCI"	"NGFR"
"M4"	"BCI"	"C2"
"M4"	"BCI"	"BIK"
"M4"	"BCI"	"CEBPA"
"M4"	"BCI"	"CNKSR1"
"M4"	"BCI"	"APOE"
"M4"	"BCI"	"LBP"
"M4"	"BCI"	"HRG"
"M4"	"BCI"	"CYP2E1"
"M4"	"BCI"	"TF"
"M4"	"BCI"	"GPD1"
"M4"	"BCI"	"ASGR1"
"M4"	"BCI"	"SERPINF2"
"M4"	"BCI"	"IGF2"
"M4"	"BCI"	"MT2A"
"M4"	"BCI"	"CFH"
"M4"	"BCI"	"F12"
"M4"	"BCI"	"IGFBP2"
"M4"	"BCI"	"CP"
"M4"	"BCI"	"S100A2"
"M4"	"BCI"	"MT1G"
"M4"	"BCI"	"HOXB7"
"M4"	"BCI"	"F7"
"M4"	"IntAct_Rat"	"RAB6B"
"M4"	"IntAct_Rat"	"ABCB4"
"M4"	"IntAct_Rat"	"ABCC2"
"M4"	"IntAct_Rat"	"NGFR"
"M4"	"IntAct_Rat"	"VANGL2"
"M4"	"IntAct_Rat"	"APBA2"
"M4"	"IntAct_Rat"	"PC"
"M4"	"IntAct_Rat"	"FABP1"
"M4"	"IntAct_Rat"	"MAT1A"
"M4"	"INNATEDB"	"AR"
"M4"	"INNATEDB"	"RIPK3"
"M4"	"INNATEDB"	"MASP1"
"M4"	"INNATEDB"	"AHSG"
"M4"	"INNATEDB"	"APOA1"
"M4"	"INNATEDB"	"HPX"
"M4"	"INNATEDB"	"ABCC2"
"M4"	"INNATEDB"	"F2"
"M4"	"INNATEDB"	"ENO2"
"M4"	"INNATEDB"	"C2"
"M4"	"INNATEDB"	"DPP4"
"M4"	"INNATEDB"	"BIK"
"M4"	"INNATEDB"	"MMP1"
"M4"	"INNATEDB"	"LBP"
"M4"	"INNATEDB"	"HRG"
"M4"	"INNATEDB"	"TTR"
"M4"	"INNATEDB"	"APOA2"
"M4"	"INNATEDB"	"TF"
"M4"	"INNATEDB"	"AGTR1"
"M4"	"INNATEDB"	"ADH6"
"M4"	"INNATEDB"	"CYP3A7"
"M4"	"INNATEDB"	"APBA2"
"M4"	"INNATEDB"	"RBP5"
"M4"	"INNATEDB"	"BAALC"
"M4"	"INNATEDB"	"SERPINC1"
"M4"	"INNATEDB"	"CFH"
"M4"	"INNATEDB"	"RGS11"
"M4"	"INNATEDB"	"IL33"
"M4"	"INNATEDB"	"ERAP2"
"M4"	"INNATEDB"	"MYRIP"
"M4"	"INNATEDB"	"PCSK1N"
"M4"	"INNATEDB"	"FABP1"
"M4"	"INNATEDB"	"AQP9"
"M4"	"INNATEDB_Mouse"	"AR"
"M4"	"INNATEDB_Mouse"	"RIPK3"
"M4"	"INNATEDB_Mouse"	"AHSG"
"M4"	"INNATEDB_Mouse"	"HP"
"M4"	"INNATEDB_Mouse"	"CEBPA"
"M4"	"INNATEDB_Mouse"	"TTR"
"M4"	"INNATEDB_Mouse"	"FGB"
"M4"	"INNATEDB_Mouse"	"IL33"
"M4"	"YeastLow"	"PSAT1"
"M4"	"YeastLow"	"PYGL"
"M4"	"YeastLow"	"HAAO"
"M4"	"YeastLow"	"RGN"
"M4"	"DIP_Mouse"	"AR"
"M4"	"DIP_Mouse"	"F2"
"M4"	"DIP_Mouse"	"CEBPA"
"M4"	"DIP_Mouse"	"REC8"
"M4"	"DIP_Mouse"	"MAT1A"
"M4"	"IntAct_Mouse"	"OXCT1"
"M4"	"IntAct_Mouse"	"APOA1"
"M4"	"IntAct_Mouse"	"PCK1"
"M4"	"IntAct_Mouse"	"FMO5"
"M4"	"IntAct_Mouse"	"VANGL2"
"M4"	"IntAct_Mouse"	"REC8"
"M4"	"IntAct_Mouse"	"AGTR1"
"M4"	"IntAct_Mouse"	"CPS1"
"M4"	"IntAct_Mouse"	"BARX2"
"M4"	"IntAct_Mouse"	"CP"
"M4"	"IntAct_Mouse"	"FOXC1"
"M4"	"IntAct_Mouse"	"GJC2"
"M4"	"MINT_Fly"	"PSAT1"
"M4"	"MINT_Fly"	"TAT"
"M4"	"MINT_Fly"	"RAB26"
"M4"	"MINT_Fly"	"GPAM"
"M4"	"MINT_Fly"	"PGLYRP2"
"M4"	"BioGrid_Rat"	"APOA1"
"M4"	"BioGrid_Rat"	"NGFR"
"M4"	"BioGrid_Rat"	"C2"
"M4"	"BioGrid_Rat"	"CEBPA"
"M4"	"BioGrid_Rat"	"HR"
"M4"	"BioGrid_Rat"	"CYP2E1"
"M4"	"BioGrid_Rat"	"AGTR1"
"M4"	"BioGrid_Rat"	"CYP3A7"
"M4"	"BioGrid_Rat"	"APBA2"
"M4"	"StelzlMedium"	"ENO2"
"M4"	"StelzlMedium"	"TTR"
"M4"	"StelzlMedium"	"HBB"
"M4"	"BioGrid_Mouse"	"AR"
"M4"	"BioGrid_Mouse"	"APOA1"
"M4"	"BioGrid_Mouse"	"NGFR"
"M4"	"BioGrid_Mouse"	"VANGL2"
"M4"	"BioGrid_Mouse"	"CEBPA"
"M4"	"BioGrid_Mouse"	"APOE"
"M4"	"BioGrid_Mouse"	"HR"
"M4"	"BioGrid_Mouse"	"AGTR1"
"M4"	"BioGrid_Mouse"	"BARX2"
"M4"	"BioGrid_Mouse"	"IL33"
"M4"	"BioGrid_Mouse"	"FABP1"
"M4"	"BioGrid_Mouse"	"SLIT3"
"M4"	"BIND"	"AR"
"M4"	"BIND"	"APOA1"
"M4"	"BIND"	"PYGL"
"M4"	"BIND"	"F2"
"M4"	"BIND"	"NGFR"
"M4"	"BIND"	"ENO2"
"M4"	"BIND"	"DPP4"
"M4"	"BIND"	"BIK"
"M4"	"BIND"	"CEBPA"
"M4"	"BIND"	"CNKSR1"
"M4"	"BIND"	"MMP1"
"M4"	"BIND"	"APOE"
"M4"	"BIND"	"LBP"
"M4"	"BIND"	"TTR"
"M4"	"BIND"	"APOA2"
"M4"	"BIND"	"CES1"
"M4"	"BIND"	"TF"
"M4"	"BIND"	"ALDOB"
"M4"	"BIND"	"ADH1B"
"M4"	"BIND"	"ADH1C"
"M4"	"BIND"	"ASGR1"
"M4"	"BIND"	"SERPINC1"
"M4"	"BIND"	"FGB"
"M4"	"BIND"	"SERPIND1"
"M4"	"BIND"	"F5"
"M4"	"BIND"	"HBB"
"M4"	"BIND"	"APOH"
"M4"	"BIND"	"IGF2"
"M4"	"BIND"	"RBP4"
"M4"	"BIND"	"ANG"
"M4"	"BIND"	"GSTA1"
"M4"	"BIND"	"F7"
"M4"	"BIND"	"ADH1A"
"M4"	"BIND"	"CYP2D6"
"M4"	"BIND"	"AKR1C2"
"M4"	"BIND"	"HAMP"
"M4"	"YeastMedium"	"DPP4"
"M4"	"BIND_Mouse"	"RAB6B"
"M4"	"BIND_Mouse"	"ABCC2"
"M4"	"BIND_Mouse"	"CEBPA"
"M4"	"BIND_Mouse"	"BARX2"
"M4"	"IntAct_Yeast"	"PSAT1"
"M4"	"IntAct_Yeast"	"RAB6B"
"M4"	"IntAct_Yeast"	"PYGL"
"M4"	"IntAct_Yeast"	"SLC47A1"
"M4"	"DIP"	"AR"
"M4"	"DIP"	"RIPK3"
"M4"	"DIP"	"APOA1"
"M4"	"DIP"	"F2"
"M4"	"DIP"	"NGFR"
"M4"	"DIP"	"MMP1"
"M4"	"DIP"	"APOE"
"M4"	"DIP"	"LBP"
"M4"	"DIP"	"HGFAC"
"M4"	"DIP"	"TTR"
"M4"	"DIP"	"PC"
"M4"	"DIP"	"MARK1"
"M4"	"DIP"	"SERPINC1"
"M4"	"DIP"	"FGB"
"M4"	"DIP"	"HBB"
"M4"	"DIP"	"APOH"
"M4"	"DIP"	"IGF2"
"M4"	"DIP"	"CFH"
"M4"	"DIP"	"F7"
"M4"	"DIP"	"BCHE"
"M4"	"DIP"	"IL33"
"M4"	"DIP"	"SLC14A1"
"M4"	"IntAct_Worm"	"TAT"
"M4"	"IntAct_Worm"	"HAAO"
"M4"	"IntAct_Worm"	"TDO2"
"M4"	"IntAct_Worm"	"GPD1"
"M4"	"IntAct_Worm"	"PC"
"M4"	"IntAct_Worm"	"ECHDC3"
"M4"	"IntAct_Worm"	"LDHD"
"M4"	"MINT_Rat"	"RAB6B"
"M4"	"MINT_Rat"	"NGFR"
"M4"	"MINT_Rat"	"AGTR1"
"M4"	"MINT_Rat"	"APBA2"
"M4"	"BIND_Rat"	"HPD"
"M4"	"BIND_Rat"	"AR"
"M4"	"BIND_Rat"	"NGFR"
"M4"	"BIND_Rat"	"CEBPA"
"M4"	"BIND_Rat"	"AKR7A3"
"M4"	"BIND_Rat"	"TTR"
"M4"	"BIND_Rat"	"APBA2"
"M4"	"BIND_Rat"	"GSTA1"
"M4"	"BIND_Rat"	"SDS"
"M4"	"BIND_Rat"	"MAT1A"
"M4"	"VidalHuman_core"	"AKR7A3"
"M4"	"VidalHuman_core"	"TDO2"
"M4"	"VidalHuman_core"	"ALDH1A1"
"M4"	"VidalHuman_core"	"S100A2"
"M4"	"StelzlHigh"	"ENO2"
"M4"	"StelzlHigh"	"TTR"
"M4"	"StelzlHigh"	"GPD1"
"M4"	"VidalHuman_non_core"	"AKR7A3"
"M4"	"VidalHuman_non_core"	"CES1"
"M4"	"DIP_Fly"	"PSAT1"
"M4"	"DIP_Fly"	"TAT"
"M4"	"DIP_Fly"	"HPD"
"M4"	"DIP_Fly"	"RAB26"
"M4"	"DIP_Fly"	"GPD1"
"M4"	"DIP_Fly"	"GPAM"
"M4"	"DIP_Fly"	"PGLYRP2"
"M4"	"FlyLow"	"TAT"
"M4"	"FlyLow"	"GPAM"
"M4"	"IntAct_Fly"	"PSAT1"
"M4"	"IntAct_Fly"	"HPD"
"M4"	"IntAct_Fly"	"GPAM"
"M4"	"DIP_Rat"	"AR"
"M4"	"DIP_Rat"	"APOA1"
"M4"	"DIP_Rat"	"NGFR"
"M4"	"DIP_Rat"	"CEBPA"
"M4"	"DIP_Yeast"	"PSAT1"
"M4"	"DIP_Yeast"	"RAB6B"
"M4"	"DIP_Yeast"	"PYGL"
"M4"	"BIND_Yeast"	"RAB6B"
"M4"	"BIND_Yeast"	"PYGL"
"M4"	"MINT_Mouse"	"RAB6B"
"M4"	"MINT_Mouse"	"CEBPA"
"M4"	"MINT_Mouse"	"AGTR1"
"M4"	"MINT_Mouse"	"GJC2"
"M4"	"ShawnLi"	"SERPINC1"
"M4"	"MGI"	"AR"
"M4"	"MGI"	"RAB26"
"M4"	"MGI"	"CEBPA"
"M4"	"MGI"	"REC8"
"M4"	"MGI"	"APBA2"
"M4"	"MGI"	"MYRIP"
"M4"	"MINT_Yeast"	"RAB6B"
"M4"	"BioGrid_Worm"	"TDO2"
"M4"	"BIND_Worm"	"TDO2"
"M4"	"DIP_Worm"	"TAT"
"M4"	"DIP_Worm"	"TDO2"
"M4"	"DIP_Worm"	"PC"
"M4"	"DIP_Worm"	"LDHD"
"M4"	"MINT_Worm"	"TDO2"
"M4"	"I2D-c_Fiona_HUMAN"	"AR"
"M4"	"Fawcett_polarity_Rat"	"BDH1"
"M4"	"StelzlLow"	"IL33"
"M5"	"BioGrid"	"CREB3L1"
"M5"	"BioGrid"	"ADAMTSL4"
"M5"	"BioGrid"	"ALB"
"M5"	"BioGrid"	"MLF1"
"M5"	"BioGrid"	"SYNE4"
"M5"	"BioGrid"	"ALDH3B1"
"M5"	"BioGrid"	"UCHL1"
"M5"	"BioGrid"	"CKB"
"M5"	"BioGrid"	"APOB"
"M5"	"BioGrid"	"C3"
"M5"	"BioGrid"	"APLP1"
"M5"	"BioGrid"	"ITIH4"
"M5"	"BioGrid"	"FLNC"
"M5"	"BioGrid"	"BMP4"
"M5"	"BioGrid"	"SATB1"
"M5"	"BioGrid"	"ATP2B2"
"M5"	"BioGrid"	"USP2"
"M5"	"BioGrid"	"HLF"
"M5"	"BioGrid"	"S100A9"
"M5"	"BioGrid"	"CDK6"
"M5"	"BioGrid"	"KIT"
"M5"	"BioGrid"	"NR0B2"
"M5"	"BioGrid"	"PROX1"
"M5"	"BioGrid"	"NEURL1"
"M5"	"BioGrid"	"EPHB2"
"M5"	"BioGrid"	"AXIN2"
"M5"	"BioGrid"	"DKK1"
"M5"	"BioGrid"	"PDZK1"
"M5"	"BioGrid"	"GHR"
"M5"	"BioGrid"	"TFR2"
"M5"	"BioGrid"	"LDHB"
"M5"	"BioGrid"	"TNC"
"M5"	"BioGrid"	"LIPC"
"M5"	"BioGrid"	"PTGES"
"M5"	"BioGrid"	"LRP8"
"M5"	"BioGrid"	"FGF2"
"M5"	"BioGrid"	"F10"
"M5"	"BioGrid"	"TRIM29"
"M5"	"BioGrid"	"SLC2A1"
"M5"	"BioGrid"	"REG1A"
"M5"	"BioGrid"	"PTGS2"
"M5"	"BioGrid"	"GJA1"
"M5"	"BioGrid"	"RND1"
"M5"	"BioGrid"	"EGLN3"
"M5"	"BioGrid"	"RASD1"
"M5"	"BioGrid"	"PAPPA"
"M5"	"BioGrid"	"MLXIPL"
"M5"	"BioGrid"	"MID1"
"M5"	"BioGrid"	"PEG10"
"M5"	"BioGrid"	"ITIH2"
"M5"	"BioGrid"	"MSLN"
"M5"	"BioGrid"	"NRCAM"
"M5"	"BioGrid"	"TNFSF14"
"M5"	"BioGrid"	"PAH"
"M5"	"BioGrid"	"GALNT12"
"M5"	"BioGrid"	"PFN2"
"M5"	"BioGrid"	"TNNT2"
"M5"	"BioGrid"	"MLLT3"
"M5"	"BioGrid"	"MDK"
"M5"	"BioGrid"	"PRLR"
"M5"	"BioGrid"	"CDH3"
"M5"	"BioGrid"	"RAMP1"
"M5"	"BioGrid"	"KCND3"
"M5"	"BioGrid"	"IGFALS"
"M5"	"BioGrid"	"MX2"
"M5"	"BioGrid"	"DNAJC6"
"M5"	"BioGrid"	"AGR2"
"M5"	"BioGrid"	"RETREG1"
"M5"	"BioGrid"	"NR1H4"
"M5"	"BioGrid"	"HGD"
"M5"	"BioGrid"	"UNC5A"
"M5"	"BioGrid"	"ADAM12"
"M5"	"BioGrid"	"CYP4F2"
"M5"	"BioGrid"	"VTN"
"M5"	"BioGrid"	"ASGR2"
"M5"	"BioGrid"	"PROC"
"M5"	"BioGrid"	"S100A4"
"M5"	"BioGrid"	"GRB14"
"M5"	"BioGrid"	"IGFBP5"
"M5"	"BioGrid"	"AMBP"
"M5"	"BioGrid"	"CPB2"
"M5"	"BioGrid"	"C5"
"M5"	"BioGrid"	"CXCL5"
"M5"	"BioGrid"	"ACHE"
"M5"	"BioGrid"	"C4BPA"
"M5"	"BioGrid"	"MUC5B"
"M5"	"BioGrid"	"FST"
"M5"	"BioGrid"	"ABCC6"
"M5"	"BioGrid"	"ANPEP"
"M5"	"BioGrid"	"AREG"
"M5"	"BioGrid"	"ALDH4A1"
"M5"	"BioGrid"	"PLBD1"
"M5"	"BioGrid"	"CDCA7"
"M5"	"BioGrid"	"SGK2"
"M5"	"BioGrid"	"PLA2G4C"
"M5"	"BioGrid"	"HK2"
"M5"	"BioGrid"	"AZGP1"
"M5"	"BioGrid"	"FBXO27"
"M5"	"BioGrid"	"GLDC"
"M5"	"BioGrid"	"DTNA"
"M5"	"BioGrid"	"CKMT2"
"M5"	"BioGrid"	"GABRB3"
"M5"	"BioGrid"	"INHBE"
"M5"	"BioGrid"	"CRABP2"
"M5"	"BioGrid"	"TRPM8"
"M5"	"BioGrid"	"OGDHL"
"M5"	"BioGrid"	"SLC38A3"
"M5"	"BioGrid"	"DPP10"
"M5"	"BioGrid"	"KCNN4"
"M5"	"BioGrid"	"PLCB4"
"M5"	"BioGrid"	"HIST1H2BK"
"M5"	"BioGrid"	"FNDC4"
"M5"	"BioGrid"	"MECOM"
"M5"	"BioGrid"	"PDLIM4"
"M5"	"BioGrid"	"SLC6A1"
"M5"	"BioGrid"	"GALNT7"
"M5"	"BioGrid"	"B3GAT1"
"M5"	"BioGrid"	"CYP2S1"
"M5"	"BioGrid"	"SSPO"
"M5"	"BioGrid"	"PNPLA3"
"M5"	"IntAct"	"CREB3L1"
"M5"	"IntAct"	"ADAMTSL4"
"M5"	"IntAct"	"ALB"
"M5"	"IntAct"	"MLF1"
"M5"	"IntAct"	"SYNE4"
"M5"	"IntAct"	"ALDH3B1"
"M5"	"IntAct"	"UCHL1"
"M5"	"IntAct"	"LYZ"
"M5"	"IntAct"	"CKB"
"M5"	"IntAct"	"APOB"
"M5"	"IntAct"	"C3"
"M5"	"IntAct"	"NKD1"
"M5"	"IntAct"	"APLP1"
"M5"	"IntAct"	"ITIH4"
"M5"	"IntAct"	"FLNC"
"M5"	"IntAct"	"BMP4"
"M5"	"IntAct"	"SATB1"
"M5"	"IntAct"	"ATP2B2"
"M5"	"IntAct"	"USP2"
"M5"	"IntAct"	"S100A9"
"M5"	"IntAct"	"CDK6"
"M5"	"IntAct"	"KIT"
"M5"	"IntAct"	"NR0B2"
"M5"	"IntAct"	"PROX1"
"M5"	"IntAct"	"NEURL1"
"M5"	"IntAct"	"EPHB2"
"M5"	"IntAct"	"AXIN2"
"M5"	"IntAct"	"DKK1"
"M5"	"IntAct"	"GHR"
"M5"	"IntAct"	"TFR2"
"M5"	"IntAct"	"LDHB"
"M5"	"IntAct"	"LIPC"
"M5"	"IntAct"	"LRP8"
"M5"	"IntAct"	"FGF2"
"M5"	"IntAct"	"TRIM29"
"M5"	"IntAct"	"SLC2A1"
"M5"	"IntAct"	"GJA1"
"M5"	"IntAct"	"RND1"
"M5"	"IntAct"	"EGLN3"
"M5"	"IntAct"	"DOK7"
"M5"	"IntAct"	"RASD1"
"M5"	"IntAct"	"PAPPA"
"M5"	"IntAct"	"MID1"
"M5"	"IntAct"	"VILL"
"M5"	"IntAct"	"PEG10"
"M5"	"IntAct"	"ITIH2"
"M5"	"IntAct"	"TNFSF14"
"M5"	"IntAct"	"GALNT12"
"M5"	"IntAct"	"PFN2"
"M5"	"IntAct"	"TNNT2"
"M5"	"IntAct"	"SEMA7A"
"M5"	"IntAct"	"MLLT3"
"M5"	"IntAct"	"CRYM"
"M5"	"IntAct"	"MDK"
"M5"	"IntAct"	"ACMSD"
"M5"	"IntAct"	"PRLR"
"M5"	"IntAct"	"RAMP1"
"M5"	"IntAct"	"MX2"
"M5"	"IntAct"	"ZNF827"
"M5"	"IntAct"	"GCNT1"
"M5"	"IntAct"	"DNAJC6"
"M5"	"IntAct"	"AGR2"
"M5"	"IntAct"	"CMYA5"
"M5"	"IntAct"	"RETREG1"
"M5"	"IntAct"	"NR1H4"
"M5"	"IntAct"	"HGD"
"M5"	"IntAct"	"ADAM12"
"M5"	"IntAct"	"CYP4F2"
"M5"	"IntAct"	"VTN"
"M5"	"IntAct"	"ASGR2"
"M5"	"IntAct"	"PROC"
"M5"	"IntAct"	"NCKAP5"
"M5"	"IntAct"	"S100A4"
"M5"	"IntAct"	"GRB14"
"M5"	"IntAct"	"AMBP"
"M5"	"IntAct"	"CPB2"
"M5"	"IntAct"	"C5"
"M5"	"IntAct"	"CXCL5"
"M5"	"IntAct"	"ACHE"
"M5"	"IntAct"	"C4BPA"
"M5"	"IntAct"	"FST"
"M5"	"IntAct"	"ABCC6"
"M5"	"IntAct"	"ANPEP"
"M5"	"IntAct"	"AREG"
"M5"	"IntAct"	"ALDH4A1"
"M5"	"IntAct"	"CDCA7"
"M5"	"IntAct"	"SGK2"
"M5"	"IntAct"	"HK2"
"M5"	"IntAct"	"AZGP1"
"M5"	"IntAct"	"FBXO27"
"M5"	"IntAct"	"DTNA"
"M5"	"IntAct"	"CKMT2"
"M5"	"IntAct"	"PKIB"
"M5"	"IntAct"	"PCSK6"
"M5"	"IntAct"	"CRABP2"
"M5"	"IntAct"	"ERP27"
"M5"	"IntAct"	"SUSD4"
"M5"	"IntAct"	"PDE10A"
"M5"	"IntAct"	"MECOM"
"M5"	"IntAct"	"PDLIM4"
"M5"	"IntAct"	"GALNT7"
"M5"	"IntAct"	"B3GAT1"
"M5"	"IntAct"	"CYP2S1"
"M5"	"IntAct"	"PNPLA3"
"M5"	"BioGrid_Fly"	"SPON1"
"M5"	"BioGrid_Fly"	"ALDH3B1"
"M5"	"BioGrid_Fly"	"HLF"
"M5"	"BioGrid_Fly"	"CDK6"
"M5"	"BioGrid_Fly"	"F10"
"M5"	"BioGrid_Fly"	"NRCAM"
"M5"	"BioGrid_Fly"	"PAH"
"M5"	"BioGrid_Fly"	"CRYM"
"M5"	"BioGrid_Fly"	"HGD"
"M5"	"BioGrid_Fly"	"PLCB4"
"M5"	"BioGrid_Fly"	"ADCY1"
"M5"	"IntAct_Yeast"	"ALDH3B1"
"M5"	"IntAct_Yeast"	"ATP2B2"
"M5"	"IntAct_Yeast"	"ALDH4A1"
"M5"	"IntAct_Yeast"	"GLDC"
"M5"	"INNATEDB"	"ALB"
"M5"	"INNATEDB"	"MLF1"
"M5"	"INNATEDB"	"ALDH3B1"
"M5"	"INNATEDB"	"LYZ"
"M5"	"INNATEDB"	"APOB"
"M5"	"INNATEDB"	"C3"
"M5"	"INNATEDB"	"ITIH4"
"M5"	"INNATEDB"	"BMP4"
"M5"	"INNATEDB"	"ATP2B2"
"M5"	"INNATEDB"	"USP2"
"M5"	"INNATEDB"	"S100A9"
"M5"	"INNATEDB"	"CDK6"
"M5"	"INNATEDB"	"KIT"
"M5"	"INNATEDB"	"NR0B2"
"M5"	"INNATEDB"	"GHR"
"M5"	"INNATEDB"	"TFR2"
"M5"	"INNATEDB"	"LDHB"
"M5"	"INNATEDB"	"FGF2"
"M5"	"INNATEDB"	"PTGS2"
"M5"	"INNATEDB"	"RND1"
"M5"	"INNATEDB"	"EGLN3"
"M5"	"INNATEDB"	"TNFSF14"
"M5"	"INNATEDB"	"PFN2"
"M5"	"INNATEDB"	"SEMA7A"
"M5"	"INNATEDB"	"CRYM"
"M5"	"INNATEDB"	"MDK"
"M5"	"INNATEDB"	"PRLR"
"M5"	"INNATEDB"	"CDH3"
"M5"	"INNATEDB"	"ZNF827"
"M5"	"INNATEDB"	"NR1H4"
"M5"	"INNATEDB"	"S100A4"
"M5"	"INNATEDB"	"AMBP"
"M5"	"INNATEDB"	"CXCL5"
"M5"	"INNATEDB"	"ACHE"
"M5"	"INNATEDB"	"MUC5B"
"M5"	"INNATEDB"	"FST"
"M5"	"INNATEDB"	"ABCC6"
"M5"	"INNATEDB"	"PLA2G4C"
"M5"	"INNATEDB"	"FBXO27"
"M5"	"INNATEDB"	"INHBE"
"M5"	"INNATEDB"	"OGDHL"
"M5"	"INNATEDB"	"DPP10"
"M5"	"INNATEDB"	"TFF3"
"M5"	"Miller_WntLumier"	"NKD1"
"M5"	"Miller_WntLumier"	"AXIN2"
"M5"	"MGI"	"APLP1"
"M5"	"MGI"	"BMP4"
"M5"	"MGI"	"KIT"
"M5"	"MGI"	"AXIN2"
"M5"	"MGI"	"FGF2"
"M5"	"MGI"	"TRIM29"
"M5"	"MGI"	"GDF7"
"M5"	"BIND"	"CREB3L1"
"M5"	"BIND"	"MLF1"
"M5"	"BIND"	"C3"
"M5"	"BIND"	"APLP1"
"M5"	"BIND"	"FLNC"
"M5"	"BIND"	"BMP4"
"M5"	"BIND"	"HLF"
"M5"	"BIND"	"S100A9"
"M5"	"BIND"	"CDK6"
"M5"	"BIND"	"KIT"
"M5"	"BIND"	"EPHB2"
"M5"	"BIND"	"GHR"
"M5"	"BIND"	"LDHB"
"M5"	"BIND"	"F10"
"M5"	"BIND"	"SLC2A1"
"M5"	"BIND"	"PTGS2"
"M5"	"BIND"	"GJA1"
"M5"	"BIND"	"NRCAM"
"M5"	"BIND"	"PAH"
"M5"	"BIND"	"PFN2"
"M5"	"BIND"	"TNNT2"
"M5"	"BIND"	"PRLR"
"M5"	"BIND"	"KCND3"
"M5"	"BIND"	"NR1H4"
"M5"	"BIND"	"PROC"
"M5"	"BIND"	"S100A4"
"M5"	"BIND"	"GRB14"
"M5"	"BIND"	"IGFBP5"
"M5"	"BIND"	"C5"
"M5"	"BIND"	"FST"
"M5"	"BIND"	"HK2"
"M5"	"BIND"	"AZGP1"
"M5"	"BIND"	"F3"
"M5"	"BIND"	"CRABP2"
"M5"	"BIND"	"HIST1H2BK"
"M5"	"BIND"	"TFF3"
"M5"	"BIND"	"MECOM"
"M5"	"BIND"	"B3GAT1"
"M5"	"BIND_Mouse"	"BMP4"
"M5"	"BIND_Mouse"	"S100A9"
"M5"	"BIND_Mouse"	"CDK6"
"M5"	"BIND_Mouse"	"KIT"
"M5"	"BIND_Mouse"	"PTGS2"
"M5"	"BIND_Mouse"	"RND1"
"M5"	"BIND_Mouse"	"PRLR"
"M5"	"BIND_Mouse"	"IGFALS"
"M5"	"BIND_Mouse"	"ADAM12"
"M5"	"BIND_Mouse"	"FST"
"M5"	"BIND_Mouse"	"DTNA"
"M5"	"BioGrid_Yeast"	"ALDH3B1"
"M5"	"BioGrid_Yeast"	"ATP2B2"
"M5"	"BioGrid_Yeast"	"ALDH4A1"
"M5"	"BioGrid_Yeast"	"GPT"
"M5"	"BioGrid_Mouse"	"MLF1"
"M5"	"BioGrid_Mouse"	"UCHL1"
"M5"	"BioGrid_Mouse"	"BMP4"
"M5"	"BioGrid_Mouse"	"USP2"
"M5"	"BioGrid_Mouse"	"HLF"
"M5"	"BioGrid_Mouse"	"CDK6"
"M5"	"BioGrid_Mouse"	"KIT"
"M5"	"BioGrid_Mouse"	"NR0B2"
"M5"	"BioGrid_Mouse"	"PROX1"
"M5"	"BioGrid_Mouse"	"NEURL1"
"M5"	"BioGrid_Mouse"	"EPHB2"
"M5"	"BioGrid_Mouse"	"AXIN2"
"M5"	"BioGrid_Mouse"	"DKK1"
"M5"	"BioGrid_Mouse"	"LIPC"
"M5"	"BioGrid_Mouse"	"LRP8"
"M5"	"BioGrid_Mouse"	"FGF2"
"M5"	"BioGrid_Mouse"	"REG1A"
"M5"	"BioGrid_Mouse"	"PTGS2"
"M5"	"BioGrid_Mouse"	"GJA1"
"M5"	"BioGrid_Mouse"	"MLXIPL"
"M5"	"BioGrid_Mouse"	"MID1"
"M5"	"BioGrid_Mouse"	"NRCAM"
"M5"	"BioGrid_Mouse"	"PFN2"
"M5"	"BioGrid_Mouse"	"MLLT3"
"M5"	"BioGrid_Mouse"	"MDK"
"M5"	"BioGrid_Mouse"	"PRLR"
"M5"	"BioGrid_Mouse"	"NR1H4"
"M5"	"BioGrid_Mouse"	"S100A4"
"M5"	"BioGrid_Mouse"	"ACHE"
"M5"	"BioGrid_Mouse"	"GDF7"
"M5"	"BioGrid_Mouse"	"TRPM8"
"M5"	"BioGrid_Mouse"	"SLC38A3"
"M5"	"BioGrid_Mouse"	"PDLIM4"
"M5"	"IntAct_Mouse"	"MLF1"
"M5"	"IntAct_Mouse"	"UCHL1"
"M5"	"IntAct_Mouse"	"NKD1"
"M5"	"IntAct_Mouse"	"APLP1"
"M5"	"IntAct_Mouse"	"HLF"
"M5"	"IntAct_Mouse"	"S100A9"
"M5"	"IntAct_Mouse"	"NR0B2"
"M5"	"IntAct_Mouse"	"NEURL1"
"M5"	"IntAct_Mouse"	"AXIN2"
"M5"	"IntAct_Mouse"	"PDZK1"
"M5"	"IntAct_Mouse"	"TFR2"
"M5"	"IntAct_Mouse"	"SLC2A1"
"M5"	"IntAct_Mouse"	"PTGS2"
"M5"	"IntAct_Mouse"	"GJA1"
"M5"	"IntAct_Mouse"	"DOK7"
"M5"	"IntAct_Mouse"	"RASD1"
"M5"	"IntAct_Mouse"	"MID1"
"M5"	"IntAct_Mouse"	"NRCAM"
"M5"	"IntAct_Mouse"	"PFN2"
"M5"	"IntAct_Mouse"	"CRYM"
"M5"	"IntAct_Mouse"	"PRLR"
"M5"	"IntAct_Mouse"	"S100A4"
"M5"	"IntAct_Mouse"	"C5"
"M5"	"IntAct_Mouse"	"ACHE"
"M5"	"IntAct_Mouse"	"ANPEP"
"M5"	"IntAct_Mouse"	"ALDH4A1"
"M5"	"IntAct_Mouse"	"DTNA"
"M5"	"IntAct_Mouse"	"PDLIM4"
"M5"	"IntAct_Fly"	"CDK6"
"M5"	"IntAct_Fly"	"NRCAM"
"M5"	"IntAct_Fly"	"PAH"
"M5"	"IntAct_Fly"	"HGD"
"M5"	"IntAct_Fly"	"CNTN3"
"M5"	"IntAct_Fly"	"PLCB4"
"M5"	"MINT"	"CREB3L1"
"M5"	"MINT"	"ALB"
"M5"	"MINT"	"MLF1"
"M5"	"MINT"	"SYNE4"
"M5"	"MINT"	"LYZ"
"M5"	"MINT"	"CKB"
"M5"	"MINT"	"APLP1"
"M5"	"MINT"	"FLNC"
"M5"	"MINT"	"BMP4"
"M5"	"MINT"	"SATB1"
"M5"	"MINT"	"ATP2B2"
"M5"	"MINT"	"USP2"
"M5"	"MINT"	"CDK6"
"M5"	"MINT"	"KIT"
"M5"	"MINT"	"PROX1"
"M5"	"MINT"	"AXIN2"
"M5"	"MINT"	"PDZK1"
"M5"	"MINT"	"GHR"
"M5"	"MINT"	"F10"
"M5"	"MINT"	"TRIM29"
"M5"	"MINT"	"SLC2A1"
"M5"	"MINT"	"GJA1"
"M5"	"MINT"	"RND1"
"M5"	"MINT"	"PEG10"
"M5"	"MINT"	"PFN2"
"M5"	"MINT"	"MLLT3"
"M5"	"MINT"	"PRLR"
"M5"	"MINT"	"DNAJC6"
"M5"	"MINT"	"AGR2"
"M5"	"MINT"	"ADAM12"
"M5"	"MINT"	"VTN"
"M5"	"MINT"	"NCKAP5"
"M5"	"MINT"	"S100A4"
"M5"	"MINT"	"IGFBP5"
"M5"	"MINT"	"FST"
"M5"	"MINT"	"ANPEP"
"M5"	"MINT"	"AREG"
"M5"	"MINT"	"HK2"
"M5"	"MINT"	"DTNA"
"M5"	"MINT"	"CKMT2"
"M5"	"MINT"	"SLC38A3"
"M5"	"MINT"	"PDLIM4"
"M5"	"MINT"	"CYP2S1"
"M5"	"DIP"	"NKD1"
"M5"	"DIP"	"APLP1"
"M5"	"DIP"	"FLNC"
"M5"	"DIP"	"BMP4"
"M5"	"DIP"	"USP2"
"M5"	"DIP"	"S100A9"
"M5"	"DIP"	"CDK6"
"M5"	"DIP"	"KIT"
"M5"	"DIP"	"NR0B2"
"M5"	"DIP"	"EPHB2"
"M5"	"DIP"	"GHR"
"M5"	"DIP"	"LRP8"
"M5"	"DIP"	"FGF2"
"M5"	"DIP"	"SLC2A1"
"M5"	"DIP"	"PTGS2"
"M5"	"DIP"	"TNFSF14"
"M5"	"DIP"	"MLLT3"
"M5"	"DIP"	"PRLR"
"M5"	"DIP"	"ZNF827"
"M5"	"DIP"	"AGR2"
"M5"	"DIP"	"S100A4"
"M5"	"DIP"	"GRB14"
"M5"	"DIP"	"F11"
"M5"	"DIP"	"CXCL5"
"M5"	"DIP"	"LRG1"
"M5"	"DIP"	"HK2"
"M5"	"DIP"	"GABRB3"
"M5"	"DIP"	"KCNN4"
"M5"	"DIP"	"HIST1H2BK"
"M5"	"HPRD"	"CREB3L1"
"M5"	"HPRD"	"ALB"
"M5"	"HPRD"	"SPON1"
"M5"	"HPRD"	"MLF1"
"M5"	"HPRD"	"UCHL1"
"M5"	"HPRD"	"LYZ"
"M5"	"HPRD"	"CKB"
"M5"	"HPRD"	"C3"
"M5"	"HPRD"	"APLP1"
"M5"	"HPRD"	"FLNC"
"M5"	"HPRD"	"BMP4"
"M5"	"HPRD"	"SATB1"
"M5"	"HPRD"	"USP2"
"M5"	"HPRD"	"HLF"
"M5"	"HPRD"	"S100A9"
"M5"	"HPRD"	"CDK6"
"M5"	"HPRD"	"KIT"
"M5"	"HPRD"	"NR0B2"
"M5"	"HPRD"	"PROX1"
"M5"	"HPRD"	"EPHB2"
"M5"	"HPRD"	"AXIN2"
"M5"	"HPRD"	"DKK1"
"M5"	"HPRD"	"PDZK1"
"M5"	"HPRD"	"GHR"
"M5"	"HPRD"	"TFR2"
"M5"	"HPRD"	"LDHB"
"M5"	"HPRD"	"TNC"
"M5"	"HPRD"	"LIPC"
"M5"	"HPRD"	"LRP8"
"M5"	"HPRD"	"FGF2"
"M5"	"HPRD"	"F10"
"M5"	"HPRD"	"TRIM29"
"M5"	"HPRD"	"SLC2A1"
"M5"	"HPRD"	"PTGS2"
"M5"	"HPRD"	"RND1"
"M5"	"HPRD"	"EGLN3"
"M5"	"HPRD"	"DOK7"
"M5"	"HPRD"	"RASD1"
"M5"	"HPRD"	"PAPPA"
"M5"	"HPRD"	"MLXIPL"
"M5"	"HPRD"	"MID1"
"M5"	"HPRD"	"PEG10"
"M5"	"HPRD"	"ITIH2"
"M5"	"HPRD"	"MSLN"
"M5"	"HPRD"	"NRCAM"
"M5"	"HPRD"	"TNFSF14"
"M5"	"HPRD"	"PAH"
"M5"	"HPRD"	"GALNT12"
"M5"	"HPRD"	"PFN2"
"M5"	"HPRD"	"TNNT2"
"M5"	"HPRD"	"SEMA7A"
"M5"	"HPRD"	"MLLT3"
"M5"	"HPRD"	"MDK"
"M5"	"HPRD"	"PRLR"
"M5"	"HPRD"	"CDH3"
"M5"	"HPRD"	"RAMP1"
"M5"	"HPRD"	"KCND3"
"M5"	"HPRD"	"IGFALS"
"M5"	"HPRD"	"MX2"
"M5"	"HPRD"	"GCNT1"
"M5"	"HPRD"	"DNAJC6"
"M5"	"HPRD"	"AGR2"
"M5"	"HPRD"	"CMYA5"
"M5"	"HPRD"	"NR1H4"
"M5"	"HPRD"	"HGD"
"M5"	"HPRD"	"UNC5A"
"M5"	"HPRD"	"ADAM12"
"M5"	"HPRD"	"VTN"
"M5"	"HPRD"	"ASGR2"
"M5"	"HPRD"	"PROC"
"M5"	"HPRD"	"NCKAP5"
"M5"	"HPRD"	"S100A4"
"M5"	"HPRD"	"GRB14"
"M5"	"HPRD"	"F11"
"M5"	"HPRD"	"IGFBP5"
"M5"	"HPRD"	"AMBP"
"M5"	"HPRD"	"C5"
"M5"	"HPRD"	"CXCL5"
"M5"	"HPRD"	"ACHE"
"M5"	"HPRD"	"TMPRSS6"
"M5"	"HPRD"	"C4BPA"
"M5"	"HPRD"	"LRG1"
"M5"	"HPRD"	"FST"
"M5"	"HPRD"	"MUC4"
"M5"	"HPRD"	"ANPEP"
"M5"	"HPRD"	"AREG"
"M5"	"HPRD"	"PLA2G4C"
"M5"	"HPRD"	"HK2"
"M5"	"HPRD"	"AZGP1"
"M5"	"HPRD"	"HPN"
"M5"	"HPRD"	"GLDC"
"M5"	"HPRD"	"DTNA"
"M5"	"HPRD"	"CKMT2"
"M5"	"HPRD"	"GABRB3"
"M5"	"HPRD"	"INHBE"
"M5"	"HPRD"	"GDF7"
"M5"	"HPRD"	"PKIB"
"M5"	"HPRD"	"CRABP2"
"M5"	"HPRD"	"ERP27"
"M5"	"HPRD"	"ZIK1"
"M5"	"HPRD"	"NAT8"
"M5"	"HPRD"	"PDE10A"
"M5"	"HPRD"	"KCNN4"
"M5"	"HPRD"	"MECOM"
"M5"	"HPRD"	"ADCY1"
"M5"	"HPRD"	"HOXB3"
"M5"	"HPRD"	"PDLIM4"
"M5"	"HPRD"	"SLC7A11"
"M5"	"HPRD"	"B3GAT1"
"M5"	"HPRD"	"SSPO"
"M5"	"BCI"	"UCHL1"
"M5"	"BCI"	"APLP1"
"M5"	"BCI"	"SATB1"
"M5"	"BCI"	"CDK6"
"M5"	"BCI"	"EPHB2"
"M5"	"BCI"	"TNC"
"M5"	"BCI"	"SLC2A1"
"M5"	"BCI"	"GJA1"
"M5"	"BCI"	"PFN2"
"M5"	"BCI"	"SEMA7A"
"M5"	"BCI"	"MDK"
"M5"	"BCI"	"S100A4"
"M5"	"BCI"	"IGFBP5"
"M5"	"BCI"	"ACHE"
"M5"	"BCI"	"HK2"
"M5"	"IntAct_Rat"	"FLNC"
"M5"	"IntAct_Rat"	"ATP2B2"
"M5"	"IntAct_Rat"	"PDZK1"
"M5"	"IntAct_Rat"	"GJA1"
"M5"	"IntAct_Rat"	"GRB14"
"M5"	"IntAct_Rat"	"ACHE"
"M5"	"IntAct_Rat"	"GABRB3"
"M5"	"MINT_Rat"	"PDZK1"
"M5"	"StelzlLow"	"F10"
"M5"	"StelzlLow"	"IGFBP5"
"M5"	"StelzlLow"	"SUSD4"
"M5"	"MINT_Yeast"	"ALDH3B1"
"M5"	"MINT_Yeast"	"ATP2B2"
"M5"	"MINT_Yeast"	"ALDH4A1"
"M5"	"MINT_Yeast"	"GLDC"
"M5"	"Tarassov_PCA"	"ATP2B2"
"M5"	"BioGrid_Rat"	"CREB3L1"
"M5"	"BioGrid_Rat"	"USP2"
"M5"	"BioGrid_Rat"	"NR0B2"
"M5"	"BioGrid_Rat"	"SLC2A1"
"M5"	"BioGrid_Rat"	"GJA1"
"M5"	"BioGrid_Rat"	"TNNT2"
"M5"	"BioGrid_Rat"	"MDK"
"M5"	"BioGrid_Rat"	"ANPEP"
"M5"	"BIND_Fly"	"PAH"
"M5"	"BIND_Fly"	"HGD"
"M5"	"FlyLow"	"PAH"
"M5"	"BIND_Rat"	"ALB"
"M5"	"BIND_Rat"	"CKB"
"M5"	"BIND_Rat"	"C3"
"M5"	"BIND_Rat"	"AXIN2"
"M5"	"BIND_Rat"	"GJA1"
"M5"	"BIND_Rat"	"PRLR"
"M5"	"BIND_Rat"	"KCND3"
"M5"	"BIND_Rat"	"NR1H4"
"M5"	"BIND_Rat"	"CLIC6"
"M5"	"MINT_Mouse"	"MLF1"
"M5"	"MINT_Mouse"	"GJA1"
"M5"	"MINT_Mouse"	"NRCAM"
"M5"	"MINT_Mouse"	"PFN2"
"M5"	"MINT_Mouse"	"PRLR"
"M5"	"MINT_Mouse"	"IGFALS"
"M5"	"Krogan_NonCore"	"ALDH3B1"
"M5"	"ShawnLi"	"GHR"
"M5"	"ShawnLi"	"NCKAP5"
"M5"	"SOURAV_MAPK_HIGH"	"S100A9"
"M5"	"VidalHuman_core"	"ADAMTSL4"
"M5"	"VidalHuman_core"	"SATB1"
"M5"	"VidalHuman_core"	"USP2"
"M5"	"VidalHuman_core"	"PDZK1"
"M5"	"VidalHuman_core"	"TRIM29"
"M5"	"VidalHuman_core"	"MLLT3"
"M5"	"VidalHuman_core"	"HK2"
"M5"	"VidalHuman_core"	"PDLIM4"
"M5"	"INNATEDB_Mouse"	"C3"
"M5"	"INNATEDB_Mouse"	"FLNC"
"M5"	"INNATEDB_Mouse"	"CDK6"
"M5"	"INNATEDB_Mouse"	"KIT"
"M5"	"INNATEDB_Mouse"	"TNC"
"M5"	"INNATEDB_Mouse"	"GJA1"
"M5"	"INNATEDB_Mouse"	"EGLN3"
"M5"	"INNATEDB_Mouse"	"SEMA7A"
"M5"	"INNATEDB_Mouse"	"CYP4F2"
"M5"	"INNATEDB_Mouse"	"ASGR2"
"M5"	"INNATEDB_Mouse"	"CDCA7"
"M5"	"INNATEDB_Mouse"	"IRX3"
"M5"	"I2D-c_Fiona_HUMAN"	"CDH3"
"M5"	"YeastLow"	"ATP2B2"
"M5"	"YeastLow"	"GLDC"
"M5"	"YeastLow"	"GPT"
"M5"	"DIP_Rat"	"GJA1"
"M5"	"DIP_Rat"	"HK2"
"M5"	"DIP_Rat"	"GABRB3"
"M5"	"YeastMedium"	"GPT"
"M5"	"StelzlMedium"	"ALB"
"M5"	"StelzlMedium"	"MLF1"
"M5"	"StelzlMedium"	"APLP1"
"M5"	"StelzlMedium"	"F10"
"M5"	"StelzlMedium"	"MLLT3"
"M5"	"StelzlMedium"	"S100A4"
"M5"	"StelzlMedium"	"IGFBP5"
"M5"	"StelzlMedium"	"CKMT2"
"M5"	"StelzlMedium"	"SUSD4"
"M5"	"StelzlMedium"	"SLC38A3"
"M5"	"YeastHigh"	"GLDC"
"M5"	"FlyHigh"	"PAH"
"M5"	"FlyHigh"	"HGD"
"M5"	"DIP_Fly"	"SPON1"
"M5"	"DIP_Fly"	"NRCAM"
"M5"	"DIP_Fly"	"PAH"
"M5"	"DIP_Fly"	"HGD"
"M5"	"DIP_Mouse"	"SYNE4"
"M5"	"DIP_Mouse"	"CDK6"
"M5"	"DIP_Mouse"	"GHR"
"M5"	"DIP_Mouse"	"PTGS2"
"M5"	"DIP_Mouse"	"GJA1"
"M5"	"DIP_Mouse"	"LRG1"
"M5"	"MINT_Fly"	"PAH"
"M5"	"MINT_Fly"	"HGD"
"M5"	"MINT_Fly"	"ALDH4A1"
"M5"	"Krogan_Core"	"ALDH3B1"
"M5"	"IntAct_Worm"	"HGD"
"M5"	"IntAct_Worm"	"ADAM12"
"M5"	"StelzlHigh"	"AGR2"
"M5"	"StelzlHigh"	"CKMT2"
"M5"	"VidalHuman_non_core"	"ADAMTSL4"
"M5"	"VidalHuman_non_core"	"RASD1"
"M5"	"VidalHuman_non_core"	"CRABP2"
"M5"	"VidalHuman_non_core"	"SLCO4A1"
"M5"	"BioGrid_Worm"	"HGD"
"M5"	"BIND_Worm"	"HGD"
"M5"	"CORE_2"	"HGD"
"M5"	"DIP_Worm"	"HGD"
"M5"	"MINT_Worm"	"HGD"
"M5"	"DIP_Yeast"	"ATP2B2"
"M6"	"BioGrid"	"FN1"
"M6"	"BioGrid"	"IGF1R"
"M6"	"BioGrid"	"FOS"
"M6"	"BioGrid"	"ICAM1"
"M6"	"BioGrid"	"EGR1"
"M6"	"BioGrid"	"VCAN"
"M6"	"BioGrid"	"ITGA3"
"M6"	"BioGrid"	"CPLX1"
"M6"	"BioGrid"	"CDKN2A"
"M6"	"BioGrid"	"ITGA2"
"M6"	"BioGrid"	"RTN1"
"M6"	"BioGrid"	"TGM2"
"M6"	"BioGrid"	"GLRB"
"M6"	"BioGrid"	"CTGF"
"M6"	"BioGrid"	"FGF1"
"M6"	"BioGrid"	"NR4A1"
"M6"	"BioGrid"	"COL7A1"
"M6"	"BioGrid"	"MATN3"
"M6"	"BioGrid"	"COMP"
"M6"	"BioGrid"	"KYNU"
"M6"	"BioGrid"	"ADORA2B"
"M6"	"BioGrid"	"SERPINE1"
"M6"	"BioGrid"	"PHKA1"
"M6"	"BioGrid"	"GLI2"
"M6"	"BioGrid"	"NPTX1"
"M6"	"BioGrid"	"ROR1"
"M6"	"BioGrid"	"SFRP1"
"M6"	"BioGrid"	"GAS7"
"M6"	"BioGrid"	"MELTF"
"M6"	"BioGrid"	"ACAN"
"M6"	"BioGrid"	"SERPINA3"
"M6"	"BioGrid"	"VLDLR"
"M6"	"BioGrid"	"COL8A1"
"M6"	"BioGrid"	"THBS1"
"M6"	"BioGrid"	"FOLR1"
"M6"	"BioGrid"	"SERPINA5"
"M6"	"BioGrid"	"MMP7"
"M6"	"BioGrid"	"ACE"
"M6"	"BioGrid"	"CTSE"
"M6"	"BioGrid"	"TGFB2"
"M6"	"BioGrid"	"NOV"
"M6"	"BioGrid"	"COL9A2"
"M6"	"BioGrid"	"GALNT6"
"M6"	"BioGrid"	"CEACAM6"
"M6"	"BioGrid"	"SPEG"
"M6"	"BioGrid"	"SULF1"
"M6"	"BioGrid"	"RAB7B"
"M6"	"BioGrid"	"OLFM1"
"M6"	"BioGrid"	"PCDHGC3"
"M6"	"BioGrid"	"RAI2"
"M6"	"BioGrid"	"SPHK1"
"M6"	"BioGrid"	"COL10A1"
"M6"	"BioGrid"	"AKAP12"
"M6"	"BioGrid"	"COL11A1"
"M6"	"BioGrid"	"TIMP3"
"M6"	"BioGrid"	"INHBA"
"M6"	"BioGrid"	"CHRDL2"
"M6"	"BioGrid"	"ANOS1"
"M6"	"BioGrid"	"KIF26B"
"M6"	"BioGrid"	"LAMC2"
"M6"	"BioGrid"	"FOSB"
"M6"	"BioGrid"	"TESC"
"M6"	"BioGrid"	"FOXF2"
"M6"	"BioGrid"	"WFDC2"
"M6"	"BioGrid"	"SV2B"
"M6"	"BioGrid"	"LAMA3"
"M6"	"BioGrid"	"LCA5"
"M6"	"BioGrid"	"FZD2"
"M6"	"BioGrid"	"SMOC1"
"M6"	"BioGrid"	"QSOX1"
"M6"	"BioGrid"	"RELN"
"M6"	"IntAct"	"FN1"
"M6"	"IntAct"	"NALCN"
"M6"	"IntAct"	"IGF1R"
"M6"	"IntAct"	"FOS"
"M6"	"IntAct"	"ICAM1"
"M6"	"IntAct"	"TLR5"
"M6"	"IntAct"	"EGR1"
"M6"	"IntAct"	"VCAN"
"M6"	"IntAct"	"PLEKHB1"
"M6"	"IntAct"	"CPLX1"
"M6"	"IntAct"	"HSD11B1"
"M6"	"IntAct"	"CDKN2A"
"M6"	"IntAct"	"ITGA2"
"M6"	"IntAct"	"TGM2"
"M6"	"IntAct"	"TACSTD2"
"M6"	"IntAct"	"CTGF"
"M6"	"IntAct"	"FGF1"
"M6"	"IntAct"	"NR4A1"
"M6"	"IntAct"	"COL7A1"
"M6"	"IntAct"	"MATN3"
"M6"	"IntAct"	"COMP"
"M6"	"IntAct"	"FLRT2"
"M6"	"IntAct"	"RHOV"
"M6"	"IntAct"	"SERPINE1"
"M6"	"IntAct"	"ROR1"
"M6"	"IntAct"	"SFRP1"
"M6"	"IntAct"	"GAS7"
"M6"	"IntAct"	"MELTF"
"M6"	"IntAct"	"ACAN"
"M6"	"IntAct"	"CEMIP"
"M6"	"IntAct"	"SERPINA3"
"M6"	"IntAct"	"COL8A1"
"M6"	"IntAct"	"THBS1"
"M6"	"IntAct"	"FOLR1"
"M6"	"IntAct"	"SERPINA5"
"M6"	"IntAct"	"C1S"
"M6"	"IntAct"	"MMP7"
"M6"	"IntAct"	"CTSE"
"M6"	"IntAct"	"SPOCK1"
"M6"	"IntAct"	"GALNT6"
"M6"	"IntAct"	"MUC20"
"M6"	"IntAct"	"CEACAM6"
"M6"	"IntAct"	"SPEG"
"M6"	"IntAct"	"RAB7B"
"M6"	"IntAct"	"PCDHGC3"
"M6"	"IntAct"	"SPHK1"
"M6"	"IntAct"	"COL10A1"
"M6"	"IntAct"	"AKAP12"
"M6"	"IntAct"	"TIMP3"
"M6"	"IntAct"	"INHBA"
"M6"	"IntAct"	"ANOS1"
"M6"	"IntAct"	"LAMC2"
"M6"	"IntAct"	"OLR1"
"M6"	"IntAct"	"TESC"
"M6"	"IntAct"	"LCA5"
"M6"	"IntAct"	"POSTN"
"M6"	"IntAct"	"MEDAG"
"M6"	"BioGrid_Worm"	"IGF1R"
"M6"	"INNATEDB"	"IGF1R"
"M6"	"INNATEDB"	"FOS"
"M6"	"INNATEDB"	"ICAM1"
"M6"	"INNATEDB"	"TLR5"
"M6"	"INNATEDB"	"EGR1"
"M6"	"INNATEDB"	"VCAN"
"M6"	"INNATEDB"	"ITGA3"
"M6"	"INNATEDB"	"CDKN2A"
"M6"	"INNATEDB"	"NR4A1"
"M6"	"INNATEDB"	"GLI2"
"M6"	"INNATEDB"	"ACAN"
"M6"	"INNATEDB"	"SERPINA3"
"M6"	"INNATEDB"	"THBS1"
"M6"	"INNATEDB"	"C1S"
"M6"	"INNATEDB"	"EGR3"
"M6"	"INNATEDB"	"TIMP3"
"M6"	"INNATEDB"	"INHBA"
"M6"	"INNATEDB"	"STC1"
"M6"	"INNATEDB"	"TMEM74B"
"M6"	"INNATEDB"	"TESC"
"M6"	"INNATEDB"	"BMP6"
"M6"	"INNATEDB"	"RELN"
"M6"	"BioGrid_Mouse"	"IGF1R"
"M6"	"BioGrid_Mouse"	"FOS"
"M6"	"BioGrid_Mouse"	"EGR1"
"M6"	"BioGrid_Mouse"	"PLEKHB1"
"M6"	"BioGrid_Mouse"	"CDKN2A"
"M6"	"BioGrid_Mouse"	"NR4A1"
"M6"	"BioGrid_Mouse"	"GLI2"
"M6"	"BioGrid_Mouse"	"ROR1"
"M6"	"BioGrid_Mouse"	"SFRP1"
"M6"	"BioGrid_Mouse"	"VLDLR"
"M6"	"BioGrid_Mouse"	"COL8A1"
"M6"	"BioGrid_Mouse"	"THBS1"
"M6"	"BioGrid_Mouse"	"ACE"
"M6"	"BioGrid_Mouse"	"TGFB2"
"M6"	"BioGrid_Mouse"	"OLFM1"
"M6"	"BioGrid_Mouse"	"INHBA"
"M6"	"BioGrid_Mouse"	"CHRDL2"
"M6"	"BioGrid_Mouse"	"LAMC2"
"M6"	"BioGrid_Mouse"	"FOSB"
"M6"	"BCI"	"FN1"
"M6"	"BCI"	"IGF1R"
"M6"	"BCI"	"FOS"
"M6"	"BCI"	"ICAM1"
"M6"	"BCI"	"EGR1"
"M6"	"BCI"	"VCAN"
"M6"	"BCI"	"ITGA3"
"M6"	"BCI"	"CDKN2A"
"M6"	"BCI"	"TGM2"
"M6"	"BCI"	"CTGF"
"M6"	"BCI"	"KIF3C"
"M6"	"BCI"	"NR4A1"
"M6"	"BCI"	"COL7A1"
"M6"	"BCI"	"SERPINE1"
"M6"	"BCI"	"SERPINA3"
"M6"	"BCI"	"THBS1"
"M6"	"BCI"	"FOLR1"
"M6"	"BCI"	"MMP7"
"M6"	"BCI"	"COL9A2"
"M6"	"BCI"	"CALB2"
"M6"	"BCI"	"CYR61"
"M6"	"BCI"	"COL10A1"
"M6"	"BCI"	"FOSB"
"M6"	"BCI"	"FZD2"
"M6"	"IntAct_Mouse"	"FN1"
"M6"	"IntAct_Mouse"	"IGF1R"
"M6"	"IntAct_Mouse"	"FOS"
"M6"	"IntAct_Mouse"	"HSD11B1"
"M6"	"IntAct_Mouse"	"GLRB"
"M6"	"IntAct_Mouse"	"COL7A1"
"M6"	"IntAct_Mouse"	"VLDLR"
"M6"	"IntAct_Mouse"	"SERPINA5"
"M6"	"IntAct_Mouse"	"FZD2"
"M6"	"MINT"	"FN1"
"M6"	"MINT"	"IGF1R"
"M6"	"MINT"	"FOS"
"M6"	"MINT"	"ICAM1"
"M6"	"MINT"	"TLR5"
"M6"	"MINT"	"EGR1"
"M6"	"MINT"	"CDKN2A"
"M6"	"MINT"	"ITGA2"
"M6"	"MINT"	"RTN1"
"M6"	"MINT"	"TGM2"
"M6"	"MINT"	"NR4A1"
"M6"	"MINT"	"COL7A1"
"M6"	"MINT"	"FLRT2"
"M6"	"MINT"	"SERPINE1"
"M6"	"MINT"	"GAS7"
"M6"	"MINT"	"SERPINA5"
"M6"	"MINT"	"CTSE"
"M6"	"MINT"	"RAI2"
"M6"	"MINT"	"COL10A1"
"M6"	"MINT"	"AKAP12"
"M6"	"MINT"	"INHBA"
"M6"	"MINT"	"OLR1"
"M6"	"MINT"	"TESC"
"M6"	"MINT"	"WFDC2"
"M6"	"MINT"	"LAMA3"
"M6"	"MINT"	"PTK7"
"M6"	"BIND"	"IGF1R"
"M6"	"BIND"	"FOS"
"M6"	"BIND"	"ICAM1"
"M6"	"BIND"	"EGR1"
"M6"	"BIND"	"HSD11B1"
"M6"	"BIND"	"CDKN2A"
"M6"	"BIND"	"ITGA2"
"M6"	"BIND"	"RTN1"
"M6"	"BIND"	"TGM2"
"M6"	"BIND"	"FGF1"
"M6"	"BIND"	"COL7A1"
"M6"	"BIND"	"SERPINE1"
"M6"	"BIND"	"C1S"
"M6"	"BIND"	"TGFB2"
"M6"	"BIND"	"INHBA"
"M6"	"BIND"	"FOSB"
"M6"	"BIND"	"OLR1"
"M6"	"BIND"	"SCN9A"
"M6"	"HPRD"	"FN1"
"M6"	"HPRD"	"IGF1R"
"M6"	"HPRD"	"FOS"
"M6"	"HPRD"	"ICAM1"
"M6"	"HPRD"	"EGR1"
"M6"	"HPRD"	"VCAN"
"M6"	"HPRD"	"PLEKHB1"
"M6"	"HPRD"	"ITGA3"
"M6"	"HPRD"	"CPLX1"
"M6"	"HPRD"	"ITGA2"
"M6"	"HPRD"	"RTN1"
"M6"	"HPRD"	"TGM2"
"M6"	"HPRD"	"CTGF"
"M6"	"HPRD"	"KIF3C"
"M6"	"HPRD"	"FGF1"
"M6"	"HPRD"	"SEMA3C"
"M6"	"HPRD"	"FSTL3"
"M6"	"HPRD"	"NR4A1"
"M6"	"HPRD"	"COL7A1"
"M6"	"HPRD"	"MATN3"
"M6"	"HPRD"	"COMP"
"M6"	"HPRD"	"ADORA2B"
"M6"	"HPRD"	"SERPINE1"
"M6"	"HPRD"	"PHKA1"
"M6"	"HPRD"	"GLI2"
"M6"	"HPRD"	"NPTX1"
"M6"	"HPRD"	"SFRP1"
"M6"	"HPRD"	"GAS7"
"M6"	"HPRD"	"ACAN"
"M6"	"HPRD"	"CEMIP"
"M6"	"HPRD"	"SERPINA3"
"M6"	"HPRD"	"MMP11"
"M6"	"HPRD"	"VLDLR"
"M6"	"HPRD"	"COL8A1"
"M6"	"HPRD"	"THBS1"
"M6"	"HPRD"	"SERPINA5"
"M6"	"HPRD"	"C1S"
"M6"	"HPRD"	"MMP7"
"M6"	"HPRD"	"CTSE"
"M6"	"HPRD"	"TGFB2"
"M6"	"HPRD"	"NOV"
"M6"	"HPRD"	"SPOCK1"
"M6"	"HPRD"	"COL9A2"
"M6"	"HPRD"	"GALNT6"
"M6"	"HPRD"	"SPHK1"
"M6"	"HPRD"	"CYR61"
"M6"	"HPRD"	"COL10A1"
"M6"	"HPRD"	"AKAP12"
"M6"	"HPRD"	"TIMP3"
"M6"	"HPRD"	"INHBA"
"M6"	"HPRD"	"CHRDL2"
"M6"	"HPRD"	"ANOS1"
"M6"	"HPRD"	"LAMC2"
"M6"	"HPRD"	"FOSB"
"M6"	"HPRD"	"FOXF2"
"M6"	"HPRD"	"SV2B"
"M6"	"HPRD"	"BMP6"
"M6"	"HPRD"	"PTK7"
"M6"	"HPRD"	"FZD2"
"M6"	"HPRD"	"PMEPA1"
"M6"	"HPRD"	"STXBP6"
"M6"	"HPRD"	"QSOX1"
"M6"	"HPRD"	"RELN"
"M6"	"BioGrid_Rat"	"IGF1R"
"M6"	"BioGrid_Rat"	"GLRB"
"M6"	"BioGrid_Rat"	"SERPINE1"
"M6"	"BioGrid_Rat"	"MMP11"
"M6"	"INNATEDB_Mouse"	"FOS"
"M6"	"INNATEDB_Mouse"	"ICAM1"
"M6"	"INNATEDB_Mouse"	"EGR1"
"M6"	"INNATEDB_Mouse"	"NXN"
"M6"	"INNATEDB_Mouse"	"KYNU"
"M6"	"INNATEDB_Mouse"	"TMEM86B"
"M6"	"BioGrid_Fly"	"IGF1R"
"M6"	"BioGrid_Fly"	"COMP"
"M6"	"BioGrid_Fly"	"MELTF"
"M6"	"BioGrid_Fly"	"SPHK1"
"M6"	"DIP"	"FN1"
"M6"	"DIP"	"IGF1R"
"M6"	"DIP"	"FOS"
"M6"	"DIP"	"ICAM1"
"M6"	"DIP"	"HSD11B1"
"M6"	"DIP"	"CDKN2A"
"M6"	"DIP"	"ITGA2"
"M6"	"DIP"	"TGM2"
"M6"	"DIP"	"FGF1"
"M6"	"DIP"	"NR4A1"
"M6"	"DIP"	"ROR1"
"M6"	"DIP"	"VLDLR"
"M6"	"DIP"	"SERPINA5"
"M6"	"DIP"	"INHBA"
"M6"	"DIP"	"FOSB"
"M6"	"DIP"	"OLR1"
"M6"	"SOURAV_MAPK_LOW"	"FOS"
"M6"	"Pawson1"	"GAS7"
"M6"	"IntAct_Rat"	"FOS"
"M6"	"IntAct_Rat"	"CPLX1"
"M6"	"IntAct_Rat"	"RHOV"
"M6"	"IntAct_Rat"	"COL11A1"
"M6"	"IntAct_Rat"	"FZD2"
"M6"	"BIND_Mouse"	"IGF1R"
"M6"	"BIND_Mouse"	"FOS"
"M6"	"BIND_Mouse"	"EGR1"
"M6"	"BIND_Mouse"	"ITGA2"
"M6"	"BIND_Mouse"	"NR4A1"
"M6"	"BIND_Mouse"	"MMP11"
"M6"	"BIND_Mouse"	"INHBA"
"M6"	"BIND_Mouse"	"BMP6"
"M6"	"MINT_Rat"	"FOS"
"M6"	"IntAct_Fly"	"IGF1R"
"M6"	"IntAct_Fly"	"MELTF"
"M6"	"IntAct_Fly"	"PTK7"
"M6"	"MGI"	"FN1"
"M6"	"MGI"	"IGF1R"
"M6"	"MGI"	"BMP6"
"M6"	"StelzlLow"	"COL7A1"
"M6"	"BioGrid_Yeast"	"KYNU"
"M6"	"YeastMedium"	"KYNU"
"M6"	"DIP_Mouse"	"FOS"
"M6"	"DIP_Mouse"	"ICAM1"
"M6"	"DIP_Mouse"	"KIF26B"
"M6"	"StelzlMedium"	"NR4A1"
"M6"	"StelzlMedium"	"SERPINA5"
"M6"	"StelzlMedium"	"COL9A2"
"M6"	"StelzlMedium"	"WFDC2"
"M6"	"YeastLow"	"KYNU"
"M6"	"Krogan_NonCore"	"KYNU"
"M6"	"IntAct_Yeast"	"KYNU"
"M6"	"VidalHuman_non_core"	"TGM2"
"M6"	"VidalHuman_non_core"	"TACSTD2"
"M6"	"VidalHuman_non_core"	"SERPINA5"
"M6"	"VidalHuman_non_core"	"NOV"
"M6"	"VidalHuman_non_core"	"MYEOV"
"M6"	"DIP_Rat"	"CPLX1"
"M6"	"DIP_Rat"	"FNDC1"
"M6"	"MINT_Mouse"	"IGF1R"
"M6"	"MINT_Mouse"	"GLRB"
"M6"	"MINT_Mouse"	"COL7A1"
"M6"	"MINT_Mouse"	"AKAP12"
"M6"	"MINT_Mouse"	"FZD2"
"M6"	"VidalHuman_core"	"RTN1"
"M6"	"VidalHuman_core"	"COL9A2"
"M6"	"VidalHuman_core"	"RAI2"
"M6"	"VidalHuman_core"	"TESC"
"M6"	"MINT_Fly"	"PTK7"
"M6"	"MINT_Fly"	"ANO1"
"M6"	"Fawcett_polarity"	"ZG16B"
"M6"	"BIND_Fly"	"MELTF"
"M6"	"DIP_Fly"	"MELTF"
"M6"	"DIP_Fly"	"ANO1"
"M6"	"FlyLow"	"MELTF"
"M6"	"SOURAV_MAPK_HIGH"	"FOS"
"M7"	"IntAct_Mouse"	"TFCP2L1"
"M7"	"IntAct_Mouse"	"SFN"
"M7"	"IntAct_Mouse"	"GIPC2"
"M7"	"IntAct_Mouse"	"PDX1"
"M7"	"IntAct_Mouse"	"NTRK2"
"M7"	"IntAct_Mouse"	"DACT2"
"M7"	"IntAct_Mouse"	"S100A6"
"M7"	"IntAct_Mouse"	"CLDN4"
"M7"	"IntAct_Mouse"	"KLF5"
"M7"	"BioGrid"	"SFN"
"M7"	"BioGrid"	"EPPK1"
"M7"	"BioGrid"	"RBP1"
"M7"	"BioGrid"	"GIPC2"
"M7"	"BioGrid"	"RAB27B"
"M7"	"BioGrid"	"MLPH"
"M7"	"BioGrid"	"PDX1"
"M7"	"BioGrid"	"PTK6"
"M7"	"BioGrid"	"NTRK2"
"M7"	"BioGrid"	"ATP8A2"
"M7"	"BioGrid"	"KRT15"
"M7"	"BioGrid"	"TNFRSF11B"
"M7"	"BioGrid"	"S100A14"
"M7"	"BioGrid"	"AP1M2"
"M7"	"BioGrid"	"PKP3"
"M7"	"BioGrid"	"PLEK2"
"M7"	"BioGrid"	"CA12"
"M7"	"BioGrid"	"EVPL"
"M7"	"BioGrid"	"KRT17"
"M7"	"BioGrid"	"KRT81"
"M7"	"BioGrid"	"TRPV6"
"M7"	"BioGrid"	"NOVA1"
"M7"	"BioGrid"	"S100A6"
"M7"	"BioGrid"	"MUC1"
"M7"	"BioGrid"	"GSTM3"
"M7"	"BioGrid"	"PI3"
"M7"	"BioGrid"	"CLDN4"
"M7"	"BioGrid"	"NQO1"
"M7"	"BioGrid"	"RAB38"
"M7"	"BioGrid"	"FAM3B"
"M7"	"BioGrid"	"GRHL2"
"M7"	"BioGrid"	"EPHB3"
"M7"	"BioGrid"	"KLF5"
"M7"	"BioGrid"	"SLC5A1"
"M7"	"BioGrid"	"GSTP1"
"M7"	"BioGrid"	"MMP10"
"M7"	"BioGrid"	"GPRC5A"
"M7"	"BioGrid"	"PRDM16"
"M7"	"BioGrid"	"TMPRSS3"
"M7"	"BioGrid"	"SCNN1A"
"M7"	"BioGrid"	"NECTIN4"
"M7"	"BioGrid"	"ZNF626"
"M7"	"BioGrid"	"ACOT11"
"M7"	"BioGrid"	"GALNT3"
"M7"	"IntAct"	"TFCP2L1"
"M7"	"IntAct"	"SFN"
"M7"	"IntAct"	"EPPK1"
"M7"	"IntAct"	"GIPC2"
"M7"	"IntAct"	"RAB27B"
"M7"	"IntAct"	"MLPH"
"M7"	"IntAct"	"SULT1C2"
"M7"	"IntAct"	"PTK6"
"M7"	"IntAct"	"NTRK2"
"M7"	"IntAct"	"ATP8A2"
"M7"	"IntAct"	"KRT15"
"M7"	"IntAct"	"CAPN6"
"M7"	"IntAct"	"S100A14"
"M7"	"IntAct"	"AP1M2"
"M7"	"IntAct"	"PKP3"
"M7"	"IntAct"	"CA12"
"M7"	"IntAct"	"EVPL"
"M7"	"IntAct"	"FXYD3"
"M7"	"IntAct"	"KRT17"
"M7"	"IntAct"	"KRT81"
"M7"	"IntAct"	"TRPV6"
"M7"	"IntAct"	"NOVA1"
"M7"	"IntAct"	"S100A6"
"M7"	"IntAct"	"MUC1"
"M7"	"IntAct"	"GSTM3"
"M7"	"IntAct"	"NQO1"
"M7"	"IntAct"	"EPHB3"
"M7"	"IntAct"	"GSTP1"
"M7"	"IntAct"	"LAMB3"
"M7"	"IntAct"	"SEMA3B"
"M7"	"IntAct"	"TMPRSS3"
"M7"	"IntAct"	"INAVA"
"M7"	"IntAct"	"SCNN1A"
"M7"	"IntAct"	"NECTIN4"
"M7"	"IntAct"	"PCDH1"
"M7"	"IntAct"	"ST6GALNAC2"
"M7"	"IntAct"	"ZNF626"
"M7"	"IntAct"	"EPN3"
"M7"	"IntAct"	"TSPAN1"
"M7"	"IntAct"	"ATP2C2"
"M7"	"IntAct"	"FLRT3"
"M7"	"IntAct"	"IGSF9"
"M7"	"IntAct"	"TMC5"
"M7"	"HPRD"	"TFCP2L1"
"M7"	"HPRD"	"SFN"
"M7"	"HPRD"	"RBP1"
"M7"	"HPRD"	"GIPC2"
"M7"	"HPRD"	"RAB27B"
"M7"	"HPRD"	"MLPH"
"M7"	"HPRD"	"PDX1"
"M7"	"HPRD"	"SULT1C2"
"M7"	"HPRD"	"PTK6"
"M7"	"HPRD"	"NTRK2"
"M7"	"HPRD"	"KRT15"
"M7"	"HPRD"	"TNFRSF11B"
"M7"	"HPRD"	"S100A14"
"M7"	"HPRD"	"AP1M2"
"M7"	"HPRD"	"PKP3"
"M7"	"HPRD"	"CA12"
"M7"	"HPRD"	"EVPL"
"M7"	"HPRD"	"FXYD3"
"M7"	"HPRD"	"KRT17"
"M7"	"HPRD"	"TUB"
"M7"	"HPRD"	"NOVA1"
"M7"	"HPRD"	"S100A6"
"M7"	"HPRD"	"GSTM3"
"M7"	"HPRD"	"PI3"
"M7"	"HPRD"	"CLDN4"
"M7"	"HPRD"	"NQO1"
"M7"	"HPRD"	"RAB38"
"M7"	"HPRD"	"EPHB3"
"M7"	"HPRD"	"KLF5"
"M7"	"HPRD"	"SLC5A1"
"M7"	"HPRD"	"GSTP1"
"M7"	"HPRD"	"MMP10"
"M7"	"HPRD"	"LAMB3"
"M7"	"HPRD"	"SEMA3B"
"M7"	"HPRD"	"SCNN1A"
"M7"	"HPRD"	"NECTIN4"
"M7"	"HPRD"	"PCDH1"
"M7"	"HPRD"	"IGSF9"
"M7"	"BIND"	"SFN"
"M7"	"BIND"	"RAB27B"
"M7"	"BIND"	"PTK6"
"M7"	"BIND"	"PKP3"
"M7"	"BIND"	"CA12"
"M7"	"BIND"	"S100A6"
"M7"	"BIND"	"GSTM3"
"M7"	"BIND"	"PI3"
"M7"	"BIND"	"NQO1"
"M7"	"BIND"	"EPHB3"
"M7"	"BIND"	"GSTP1"
"M7"	"BIND"	"MMP10"
"M7"	"MGI"	"MLPH"
"M7"	"MGI"	"NTRK2"
"M7"	"MGI"	"S100A6"
"M7"	"IntAct_Rat"	"PDX1"
"M7"	"IntAct_Rat"	"NTRK2"
"M7"	"MINT_Rat"	"PDX1"
"M7"	"MINT_Rat"	"NTRK2"
"M7"	"MINT"	"SFN"
"M7"	"MINT"	"GIPC2"
"M7"	"MINT"	"MLPH"
"M7"	"MINT"	"PTK6"
"M7"	"MINT"	"KRT15"
"M7"	"MINT"	"S100A14"
"M7"	"MINT"	"FXYD3"
"M7"	"MINT"	"KRT17"
"M7"	"MINT"	"KRT81"
"M7"	"MINT"	"TRPV6"
"M7"	"MINT"	"NOVA1"
"M7"	"MINT"	"S100A6"
"M7"	"MINT"	"MUC1"
"M7"	"MINT"	"GSTM3"
"M7"	"MINT"	"NQO1"
"M7"	"MINT"	"KLF5"
"M7"	"MINT"	"GSTP1"
"M7"	"MINT"	"TMPRSS3"
"M7"	"MINT"	"SCNN1A"
"M7"	"MINT"	"NECTIN4"
"M7"	"VidalHuman_core"	"SFN"
"M7"	"VidalHuman_core"	"KRT15"
"M7"	"VidalHuman_core"	"KRT17"
"M7"	"VidalHuman_core"	"KRT81"
"M7"	"VidalHuman_core"	"GSTM3"
"M7"	"BioGrid_Mouse"	"TFCP2L1"
"M7"	"BioGrid_Mouse"	"SFN"
"M7"	"BioGrid_Mouse"	"RBP1"
"M7"	"BioGrid_Mouse"	"PDX1"
"M7"	"BioGrid_Mouse"	"NTRK2"
"M7"	"BioGrid_Mouse"	"NOVA1"
"M7"	"BioGrid_Mouse"	"NQO1"
"M7"	"BioGrid_Mouse"	"EPHB3"
"M7"	"BioGrid_Yeast"	"ATP8A2"
"M7"	"BioGrid_Yeast"	"HACD1"
"M7"	"BioGrid_Rat"	"NTRK2"
"M7"	"BioGrid_Rat"	"DACT2"
"M7"	"VidalHuman_non_core"	"SFN"
"M7"	"VidalHuman_non_core"	"KRT15"
"M7"	"VidalHuman_non_core"	"KRT81"
"M7"	"DIP_Mouse"	"RAB27B"
"M7"	"DIP_Mouse"	"MLPH"
"M7"	"DIP_Mouse"	"NTRK2"
"M7"	"DIP_Mouse"	"TNFRSF11B"
"M7"	"DIP_Mouse"	"KRT17"
"M7"	"DIP_Mouse"	"PRDM16"
"M7"	"DIP_Mouse"	"SCNN1A"
"M7"	"DIP_Mouse"	"NECTIN4"
"M7"	"DIP_Mouse"	"EPN3"
"M7"	"Jorgensen_EphR"	"PKP3"
"M7"	"IntAct_Yeast"	"ATP8A2"
"M7"	"IntAct_Yeast"	"HACD1"
"M7"	"BIND_Mouse"	"MLPH"
"M7"	"BIND_Mouse"	"PDX1"
"M7"	"BIND_Mouse"	"NQO1"
"M7"	"BIND_Mouse"	"KLF5"
"M7"	"BIND_Mouse"	"FREM2"
"M7"	"MINT_Mouse"	"PDX1"
"M7"	"MINT_Mouse"	"NTRK2"
"M7"	"MINT_Mouse"	"CLDN4"
"M7"	"BCI"	"SFN"
"M7"	"BCI"	"RBP1"
"M7"	"BCI"	"EVPL"
"M7"	"BCI"	"MUC1"
"M7"	"BCI"	"NQO1"
"M7"	"BCI"	"KLF5"
"M7"	"BCI"	"GSTP1"
"M7"	"IntAct_Worm"	"FUT3"
"M7"	"INNATEDB"	"SFN"
"M7"	"INNATEDB"	"PTK6"
"M7"	"INNATEDB"	"NTRK2"
"M7"	"INNATEDB"	"KRT15"
"M7"	"INNATEDB"	"KRT17"
"M7"	"INNATEDB"	"KRT81"
"M7"	"INNATEDB"	"MUC1"
"M7"	"INNATEDB"	"NQO1"
"M7"	"INNATEDB"	"KLF5"
"M7"	"INNATEDB"	"MMP10"
"M7"	"INNATEDB"	"SEMA3B"
"M7"	"I2D-c_Fiona_HUMAN"	"MUC1"
"M7"	"DIP"	"PTK6"
"M7"	"DIP"	"NTRK2"
"M7"	"DIP"	"NECTIN4"
"M7"	"DIP_Rat"	"NTRK2"
"M7"	"INNATEDB_Mouse"	"GRHL2"
"M7"	"INNATEDB_Mouse"	"TMPRSS13"
"M7"	"INNATEDB_Mouse"	"IL20RA"
"M7"	"INNATEDB_Mouse"	"PRDM16"
"M7"	"INNATEDB_Mouse"	"FREM2"
"M7"	"StelzlHigh"	"GSTP1"
"M7"	"StelzlHigh"	"TMPRSS3"
"M7"	"BIND_Yeast"	"ATP8A2"
"M7"	"BIND_Yeast"	"HACD1"
"M7"	"StelzlLow"	"NOVA1"
"M7"	"IntAct_Fly"	"HS3ST3B1"
"M7"	"StelzlMedium"	"GSTP1"
"M7"	"MINT_Yeast"	"ATP8A2"
"M7"	"MIPS"	"ATP8A2"
"M7"	"YeastLow"	"ATP8A2"
"M8"	"BioGrid"	"NDN"
"M8"	"BioGrid"	"CRYAB"
"M8"	"BioGrid"	"LUM"
"M8"	"BioGrid"	"NCAM1"
"M8"	"BioGrid"	"ANXA1"
"M8"	"BioGrid"	"PDPN"
"M8"	"BioGrid"	"HAS2"
"M8"	"BioGrid"	"PLOD2"
"M8"	"BioGrid"	"KLF4"
"M8"	"BioGrid"	"FBLN1"
"M8"	"BioGrid"	"EFEMP1"
"M8"	"BioGrid"	"FZD7"
"M8"	"BioGrid"	"PDGFRA"
"M8"	"BioGrid"	"RGS9"
"M8"	"BioGrid"	"CNTNAP2"
"M8"	"BioGrid"	"MYH11"
"M8"	"BioGrid"	"MOXD1"
"M8"	"BioGrid"	"FBLN2"
"M8"	"BioGrid"	"FOSL1"
"M8"	"BioGrid"	"SFRP2"
"M8"	"BioGrid"	"COL8A2"
"M8"	"BioGrid"	"APOD"
"M8"	"BioGrid"	"F13A1"
"M8"	"BioGrid"	"EFNA5"
"M8"	"BioGrid"	"PLAT"
"M8"	"BioGrid"	"PLAU"
"M8"	"BioGrid"	"FMOD"
"M8"	"BioGrid"	"PRELP"
"M8"	"BioGrid"	"ITGB6"
"M8"	"BioGrid"	"PROCR"
"M8"	"BioGrid"	"COL14A1"
"M8"	"BioGrid"	"PTGIS"
"M8"	"BioGrid"	"NECAB1"
"M8"	"BioGrid"	"EDN1"
"M8"	"BioGrid"	"BOC"
"M8"	"BioGrid"	"CCL28"
"M8"	"BioGrid"	"PRRX1"
"M8"	"IntAct"	"NDN"
"M8"	"IntAct"	"RASSF9"
"M8"	"IntAct"	"CRYAB"
"M8"	"IntAct"	"ANXA1"
"M8"	"IntAct"	"PLOD2"
"M8"	"IntAct"	"KLF4"
"M8"	"IntAct"	"FBLN1"
"M8"	"IntAct"	"EFEMP1"
"M8"	"IntAct"	"PDGFRA"
"M8"	"IntAct"	"RGS9"
"M8"	"IntAct"	"CNTNAP2"
"M8"	"IntAct"	"MYH11"
"M8"	"IntAct"	"MOXD1"
"M8"	"IntAct"	"SFRP4"
"M8"	"IntAct"	"FBLN2"
"M8"	"IntAct"	"FOSL1"
"M8"	"IntAct"	"SFRP2"
"M8"	"IntAct"	"APOD"
"M8"	"IntAct"	"F13A1"
"M8"	"IntAct"	"EFNA5"
"M8"	"IntAct"	"PLAT"
"M8"	"IntAct"	"PLAU"
"M8"	"IntAct"	"TSPAN2"
"M8"	"IntAct"	"PROCR"
"M8"	"IntAct"	"CCL28"
"M8"	"IntAct"	"GREM1"
"M8"	"IntAct"	"CYP1B1"
"M8"	"DIP_Fly"	"CRYAB"
"M8"	"DIP_Fly"	"SEMA3A"
"M8"	"DIP_Fly"	"MOXD1"
"M8"	"DIP_Fly"	"FBLN2"
"M8"	"DIP_Fly"	"APOD"
"M8"	"DIP_Fly"	"EIF5AL1"
"M8"	"BioGrid_Mouse"	"NDN"
"M8"	"BioGrid_Mouse"	"NCAM1"
"M8"	"BioGrid_Mouse"	"ANXA1"
"M8"	"BioGrid_Mouse"	"KLF4"
"M8"	"BioGrid_Mouse"	"FZD7"
"M8"	"BioGrid_Mouse"	"PDGFRA"
"M8"	"BioGrid_Mouse"	"SFRP4"
"M8"	"BioGrid_Mouse"	"SFRP2"
"M8"	"BioGrid_Mouse"	"CDH17"
"M8"	"HPRD"	"NDN"
"M8"	"HPRD"	"RASSF9"
"M8"	"HPRD"	"CRYAB"
"M8"	"HPRD"	"LUM"
"M8"	"HPRD"	"NCAM1"
"M8"	"HPRD"	"ANXA1"
"M8"	"HPRD"	"PLOD2"
"M8"	"HPRD"	"KLF4"
"M8"	"HPRD"	"FBLN1"
"M8"	"HPRD"	"FZD7"
"M8"	"HPRD"	"PDGFRA"
"M8"	"HPRD"	"SEMA3A"
"M8"	"HPRD"	"CNTNAP2"
"M8"	"HPRD"	"FBLN2"
"M8"	"HPRD"	"FOSL1"
"M8"	"HPRD"	"CPXM2"
"M8"	"HPRD"	"SFRP2"
"M8"	"HPRD"	"COL8A2"
"M8"	"HPRD"	"APOD"
"M8"	"HPRD"	"MFAP4"
"M8"	"HPRD"	"F13A1"
"M8"	"HPRD"	"EFNA5"
"M8"	"HPRD"	"PLAT"
"M8"	"HPRD"	"PLAU"
"M8"	"HPRD"	"C7"
"M8"	"HPRD"	"FMOD"
"M8"	"HPRD"	"PRELP"
"M8"	"HPRD"	"ITGB6"
"M8"	"HPRD"	"PROCR"
"M8"	"HPRD"	"MUC6"
"M8"	"HPRD"	"COL14A1"
"M8"	"HPRD"	"EDN1"
"M8"	"HPRD"	"BOC"
"M8"	"HPRD"	"CDH11"
"M8"	"IntAct_Mouse"	"NDN"
"M8"	"IntAct_Mouse"	"CRYAB"
"M8"	"IntAct_Mouse"	"NCAM1"
"M8"	"IntAct_Mouse"	"FZD7"
"M8"	"IntAct_Mouse"	"EFNA5"
"M8"	"MINT"	"CRYAB"
"M8"	"MINT"	"LUM"
"M8"	"MINT"	"NCAM1"
"M8"	"MINT"	"ANXA1"
"M8"	"MINT"	"PDPN"
"M8"	"MINT"	"KLF4"
"M8"	"MINT"	"EFEMP1"
"M8"	"MINT"	"FZD7"
"M8"	"MINT"	"PDGFRA"
"M8"	"MINT"	"FOSL1"
"M8"	"MINT"	"APOD"
"M8"	"MINT"	"EFNA5"
"M8"	"MINT"	"PLAU"
"M8"	"MINT"	"EDN1"
"M8"	"MINT"	"BOC"
"M8"	"MINT"	"CCL28"
"M8"	"MINT"	"GREM1"
"M8"	"INNATEDB"	"NDN"
"M8"	"INNATEDB"	"ANXA1"
"M8"	"INNATEDB"	"PDPN"
"M8"	"INNATEDB"	"KLF4"
"M8"	"INNATEDB"	"PDGFRA"
"M8"	"INNATEDB"	"RGS9"
"M8"	"INNATEDB"	"FOSL1"
"M8"	"INNATEDB"	"APOD"
"M8"	"INNATEDB"	"PLAU"
"M8"	"INNATEDB"	"COL14A1"
"M8"	"YeastLow"	"GFPT2"
"M8"	"IntAct_Fly"	"NCAM1"
"M8"	"IntAct_Fly"	"SEMA3A"
"M8"	"IntAct_Fly"	"CNTNAP2"
"M8"	"IntAct_Fly"	"MOXD1"
"M8"	"IntAct_Fly"	"FBLN2"
"M8"	"IntAct_Fly"	"APOD"
"M8"	"IntAct_Fly"	"EIF5AL1"
"M8"	"IntAct_Fly"	"MFAP4"
"M8"	"DIP_Yeast"	"GFPT2"
"M8"	"YeastHigh"	"GFPT2"
"M8"	"BCI"	"CRYAB"
"M8"	"BCI"	"ANXA1"
"M8"	"BCI"	"FBLN1"
"M8"	"BCI"	"PDGFRA"
"M8"	"BCI"	"RGS9"
"M8"	"BCI"	"MYH11"
"M8"	"BCI"	"FBLN2"
"M8"	"BCI"	"APOD"
"M8"	"BCI"	"F13A1"
"M8"	"BCI"	"PLAT"
"M8"	"BCI"	"PLAU"
"M8"	"BCI"	"C7"
"M8"	"BCI"	"FMOD"
"M8"	"BCI"	"CDH11"
"M8"	"BioGrid_Fly"	"CRYAB"
"M8"	"BioGrid_Fly"	"NCAM1"
"M8"	"BioGrid_Fly"	"SEMA3A"
"M8"	"BioGrid_Fly"	"CNTNAP2"
"M8"	"BioGrid_Fly"	"MOXD1"
"M8"	"BioGrid_Fly"	"FBLN2"
"M8"	"BioGrid_Fly"	"EIF5AL1"
"M8"	"BioGrid_Fly"	"MFAP4"
"M8"	"BIND_Fly"	"CRYAB"
"M8"	"BIND_Fly"	"SEMA3A"
"M8"	"BIND_Fly"	"CNTNAP2"
"M8"	"BIND_Fly"	"FBLN2"
"M8"	"FlyLow"	"SEMA3A"
"M8"	"FlyLow"	"FBLN2"
"M8"	"MINT_Fly"	"MOXD1"
"M8"	"MINT_Fly"	"FBLN2"
"M8"	"MINT_Fly"	"MFAP4"
"M8"	"DIP_Worm"	"FBLN1"
"M8"	"IntAct_Worm"	"FBLN1"
"M8"	"VidalHuman_core"	"EFEMP1"
"M8"	"VidalHuman_core"	"FZD7"
"M8"	"VidalHuman_core"	"FOSL1"
"M8"	"StelzlMedium"	"PDPN"
"M8"	"StelzlMedium"	"EDN1"
"M8"	"MGI"	"NDN"
"M8"	"MGI"	"ANXA1"
"M8"	"DIP"	"CRYAB"
"M8"	"DIP"	"KLF4"
"M8"	"DIP"	"FOSL1"
"M8"	"DIP"	"F13A1"
"M8"	"DIP"	"EFNA5"
"M8"	"DIP"	"ITGB6"
"M8"	"DIP"	"PROCR"
"M8"	"BIND"	"CRYAB"
"M8"	"BIND"	"FOSL1"
"M8"	"BIND"	"F13A1"
"M8"	"BIND"	"EFNA5"
"M8"	"BIND"	"PLAU"
"M8"	"FlyHigh"	"CRYAB"
"M8"	"FlyHigh"	"EIF5AL1"
"M8"	"DIP_Rat"	"FOSL1"
"M8"	"Krogan_NonCore"	"GFPT2"
"M8"	"MINT_Mouse"	"NDN"
"M8"	"MINT_Mouse"	"NCAM1"
"M8"	"MINT_Mouse"	"FZD7"
"M8"	"MINT_Mouse"	"PDGFRA"
"M8"	"YeastMedium"	"GFPT2"
"M8"	"BIND_Mouse"	"NDN"
"M8"	"BIND_Mouse"	"GFPT2"
"M8"	"BIND_Mouse"	"RGS9"
"M8"	"BIND_Rat"	"NDN"
"M8"	"BIND_Rat"	"NCAM1"
"M8"	"INNATEDB_Mouse"	"NCAM1"
"M8"	"INNATEDB_Mouse"	"KLF4"
"M8"	"INNATEDB_Mouse"	"CDH17"
"M8"	"INNATEDB_Mouse"	"BOC"
"M8"	"INNATEDB_Mouse"	"ZFHX4"
"M8"	"IntAct_Rat"	"PDGFRA"
"M8"	"IntAct_Rat"	"PLAT"
"M8"	"DIP_Mouse"	"KLF4"
"M8"	"DIP_Mouse"	"SEMA3A"
"M8"	"DIP_Mouse"	"CDH11"
"M8"	"BioGrid_Yeast"	"GFPT2"
"M8"	"BioGrid_Rat"	"NDN"
"M8"	"BioGrid_Rat"	"KLF4"
"M8"	"BioGrid_Rat"	"APOD"
"M8"	"IntAct_Yeast"	"GFPT2"
"M8"	"FlyEmbryo"	"CNTNAP2"
"M8"	"KIM_MYC"	"KLF4"
"M8"	"VidalHuman_non_core"	"SFRP2"
"Not.Correlated"	"IntAct"	"TUBB2B"
"Not.Correlated"	"IntAct"	"NPY1R"
"Not.Correlated"	"IntAct"	"FGF13"
"Not.Correlated"	"IntAct"	"NEBL"
"Not.Correlated"	"IntAct"	"ZNF844"
"Not.Correlated"	"IntAct"	"ZNF415"
"Not.Correlated"	"IntAct"	"AIF1L"
"Not.Correlated"	"DIP_Yeast"	"ALDH1A2"
"Not.Correlated"	"DIP"	"LARGE2"
"Not.Correlated"	"BioGrid_Fly"	"TUBB2B"
"Not.Correlated"	"BioGrid_Yeast"	"ALDH1A2"
"Not.Correlated"	"BIND_Rat"	"ALDH1A2"
"Not.Correlated"	"IntAct_Yeast"	"ALDH1A2"
"Not.Correlated"	"HPRD"	"NPY1R"
"Not.Correlated"	"HPRD"	"FGF13"
"Not.Correlated"	"HPRD"	"NEBL"
"Not.Correlated"	"BioGrid"	"TUBB2B"
"Not.Correlated"	"BioGrid"	"PNMA8A"
"Not.Correlated"	"BioGrid"	"NEBL"
"Not.Correlated"	"BioGrid"	"ZNF844"
"Not.Correlated"	"BioGrid"	"ZNF415"
"Not.Correlated"	"BioGrid"	"RANBP17"
"Not.Correlated"	"Krogan_NonCore"	"ALDH1A2"
"Not.Correlated"	"MINT"	"TUBB2B"
"Not.Correlated"	"MINT"	"NEBL"
