"Module"	"Gene1"	"Gene2"
"M1"	"INNATEDB"	"CDX2"
"M1"	"INNATEDB"	"EGFR"
"M1"	"INNATEDB"	"BEX3"
"M1"	"INNATEDB"	"KRT18"
"M1"	"INNATEDB"	"NOS2"
"M1"	"INNATEDB"	"ERBB2"
"M1"	"INNATEDB"	"MLF1"
"M1"	"INNATEDB"	"CFTR"
"M1"	"INNATEDB"	"PPARG"
"M1"	"INNATEDB"	"ALDH3B1"
"M1"	"INNATEDB"	"LYZ"
"M1"	"INNATEDB"	"MYB"
"M1"	"INNATEDB"	"PIGR"
"M1"	"INNATEDB"	"NR3C2"
"M1"	"INNATEDB"	"FSCN1"
"M1"	"INNATEDB"	"IRF8"
"M1"	"INNATEDB"	"MAPK10"
"M1"	"INNATEDB"	"SNCAIP"
"M1"	"INNATEDB"	"CAV1"
"M1"	"INNATEDB"	"BIRC3"
"M1"	"INNATEDB"	"BMP4"
"M1"	"INNATEDB"	"IL2RG"
"M1"	"INNATEDB"	"PTK6"
"M1"	"INNATEDB"	"GLI3"
"M1"	"INNATEDB"	"TNFRSF11A"
"M1"	"INNATEDB"	"CLDN3"
"M1"	"INNATEDB"	"GATA6"
"M1"	"INNATEDB"	"TRPV4"
"M1"	"INNATEDB"	"LGALS2"
"M1"	"INNATEDB"	"DPP4"
"M1"	"INNATEDB"	"GHR"
"M1"	"INNATEDB"	"MAF"
"M1"	"INNATEDB"	"MAFB"
"M1"	"INNATEDB"	"TNIK"
"M1"	"INNATEDB"	"OCLN"
"M1"	"INNATEDB"	"RND1"
"M1"	"INNATEDB"	"SKAP1"
"M1"	"INNATEDB"	"CXCL3"
"M1"	"INNATEDB"	"DUSP4"
"M1"	"INNATEDB"	"CELSR3"
"M1"	"INNATEDB"	"SNAI2"
"M1"	"INNATEDB"	"HNF4A"
"M1"	"INNATEDB"	"KCNQ1"
"M1"	"INNATEDB"	"TFF1"
"M1"	"INNATEDB"	"PFN2"
"M1"	"INNATEDB"	"KRT8"
"M1"	"INNATEDB"	"CXCL2"
"M1"	"INNATEDB"	"SERPINA1"
"M1"	"INNATEDB"	"IL17RB"
"M1"	"INNATEDB"	"ADAP1"
"M1"	"INNATEDB"	"AGT"
"M1"	"INNATEDB"	"GATA4"
"M1"	"INNATEDB"	"DYNC1I1"
"M1"	"INNATEDB"	"TNFSF15"
"M1"	"INNATEDB"	"CEACAM1"
"M1"	"INNATEDB"	"MUC1"
"M1"	"INNATEDB"	"MMP13"
"M1"	"INNATEDB"	"GSDMB"
"M1"	"INNATEDB"	"OLFM4"
"M1"	"INNATEDB"	"ACHE"
"M1"	"INNATEDB"	"MUC5B"
"M1"	"INNATEDB"	"FST"
"M1"	"INNATEDB"	"PLA2G4A"
"M1"	"INNATEDB"	"ADRA2A"
"M1"	"INNATEDB"	"CLIC5"
"M1"	"INNATEDB"	"MST1R"
"M1"	"INNATEDB"	"FBXO27"
"M1"	"INNATEDB"	"PDK4"
"M1"	"INNATEDB"	"BCL2L14"
"M1"	"INNATEDB"	"KBTBD11"
"M1"	"INNATEDB"	"HSD17B2"
"M1"	"INNATEDB"	"SEMA3B"
"M1"	"INNATEDB"	"METTL7B"
"M1"	"INNATEDB"	"TMEM74B"
"M1"	"INNATEDB"	"TESC"
"M1"	"INNATEDB"	"UNC5CL"
"M1"	"INNATEDB"	"NPC1L1"
"M1"	"INNATEDB"	"LLGL2"
"M1"	"INNATEDB"	"TFF3"
"M1"	"INNATEDB"	"DUOX2"
"M1"	"INNATEDB"	"TNFRSF18"
"M1"	"INNATEDB"	"KCNJ15"
"M1"	"INNATEDB"	"CCRL2"
"M1"	"BioGrid"	"CDX2"
"M1"	"BioGrid"	"EGFR"
"M1"	"BioGrid"	"BEX3"
"M1"	"BioGrid"	"OLFM2"
"M1"	"BioGrid"	"CREB3L1"
"M1"	"BioGrid"	"UBD"
"M1"	"BioGrid"	"KRT18"
"M1"	"BioGrid"	"POU5F1"
"M1"	"BioGrid"	"NOS2"
"M1"	"BioGrid"	"ERBB2"
"M1"	"BioGrid"	"SIM2"
"M1"	"BioGrid"	"MLF1"
"M1"	"BioGrid"	"CFTR"
"M1"	"BioGrid"	"PPARG"
"M1"	"BioGrid"	"ALDH3B1"
"M1"	"BioGrid"	"UCHL1"
"M1"	"BioGrid"	"TNNT1"
"M1"	"BioGrid"	"SEPT5"
"M1"	"BioGrid"	"CNTN1"
"M1"	"BioGrid"	"RBP1"
"M1"	"BioGrid"	"GIPC2"
"M1"	"BioGrid"	"MYB"
"M1"	"BioGrid"	"NR3C2"
"M1"	"BioGrid"	"FSCN1"
"M1"	"BioGrid"	"IRF8"
"M1"	"BioGrid"	"MAPK10"
"M1"	"BioGrid"	"HNF4G"
"M1"	"BioGrid"	"SIX4"
"M1"	"BioGrid"	"GDA"
"M1"	"BioGrid"	"SNCAIP"
"M1"	"BioGrid"	"CAV1"
"M1"	"BioGrid"	"MLPH"
"M1"	"BioGrid"	"BIRC3"
"M1"	"BioGrid"	"BMP4"
"M1"	"BioGrid"	"ATP7B"
"M1"	"BioGrid"	"IL2RG"
"M1"	"BioGrid"	"PTK6"
"M1"	"BioGrid"	"GLI3"
"M1"	"BioGrid"	"NGFR"
"M1"	"BioGrid"	"TNFRSF11A"
"M1"	"BioGrid"	"NR5A2"
"M1"	"BioGrid"	"TP73"
"M1"	"BioGrid"	"RYR1"
"M1"	"BioGrid"	"CLDN3"
"M1"	"BioGrid"	"GATA6"
"M1"	"BioGrid"	"TRPV4"
"M1"	"BioGrid"	"LGALS2"
"M1"	"BioGrid"	"CADM1"
"M1"	"BioGrid"	"SDCBP2"
"M1"	"BioGrid"	"CHN2"
"M1"	"BioGrid"	"ELF3"
"M1"	"BioGrid"	"DPP4"
"M1"	"BioGrid"	"HSPA2"
"M1"	"BioGrid"	"FBP1"
"M1"	"BioGrid"	"WNK4"
"M1"	"BioGrid"	"GHR"
"M1"	"BioGrid"	"HAP1"
"M1"	"BioGrid"	"TNC"
"M1"	"BioGrid"	"ENC1"
"M1"	"BioGrid"	"TNFRSF11B"
"M1"	"BioGrid"	"PKP2"
"M1"	"BioGrid"	"MAF"
"M1"	"BioGrid"	"MAFB"
"M1"	"BioGrid"	"REG1A"
"M1"	"BioGrid"	"TNIK"
"M1"	"BioGrid"	"CNTNAP2"
"M1"	"BioGrid"	"EPS8L1"
"M1"	"BioGrid"	"CYSTM1"
"M1"	"BioGrid"	"DAPK1"
"M1"	"BioGrid"	"GJA1"
"M1"	"BioGrid"	"OCLN"
"M1"	"BioGrid"	"SMO"
"M1"	"BioGrid"	"RND1"
"M1"	"BioGrid"	"CBX2"
"M1"	"BioGrid"	"PLXNB3"
"M1"	"BioGrid"	"MYH14"
"M1"	"BioGrid"	"SKAP1"
"M1"	"BioGrid"	"ASS1"
"M1"	"BioGrid"	"LGALS4"
"M1"	"BioGrid"	"HOXB6"
"M1"	"BioGrid"	"HEY1"
"M1"	"BioGrid"	"COL7A1"
"M1"	"BioGrid"	"MLXIPL"
"M1"	"BioGrid"	"DACH1"
"M1"	"BioGrid"	"DUSP4"
"M1"	"BioGrid"	"CYP2E1"
"M1"	"BioGrid"	"CELSR3"
"M1"	"BioGrid"	"SNAI2"
"M1"	"BioGrid"	"PEG10"
"M1"	"BioGrid"	"MSLN"
"M1"	"BioGrid"	"EDARADD"
"M1"	"BioGrid"	"HPDL"
"M1"	"BioGrid"	"AKR7A3"
"M1"	"BioGrid"	"HNF4A"
"M1"	"BioGrid"	"KCNQ1"
"M1"	"BioGrid"	"TFF1"
"M1"	"BioGrid"	"BLNK"
"M1"	"BioGrid"	"PFN2"
"M1"	"BioGrid"	"BNIP3"
"M1"	"BioGrid"	"HOXB9"
"M1"	"BioGrid"	"KRT7"
"M1"	"BioGrid"	"NOSTRIN"
"M1"	"BioGrid"	"KRT8"
"M1"	"BioGrid"	"ARTN"
"M1"	"BioGrid"	"ETNK2"
"M1"	"BioGrid"	"CXCL2"
"M1"	"BioGrid"	"TMCC2"
"M1"	"BioGrid"	"PTPRS"
"M1"	"BioGrid"	"SERPINA1"
"M1"	"BioGrid"	"CD55"
"M1"	"BioGrid"	"PITX2"
"M1"	"BioGrid"	"BCAS1"
"M1"	"BioGrid"	"SLC27A2"
"M1"	"BioGrid"	"SELENBP1"
"M1"	"BioGrid"	"IL17RB"
"M1"	"BioGrid"	"VIL1"
"M1"	"BioGrid"	"ADAP1"
"M1"	"BioGrid"	"ICA1"
"M1"	"BioGrid"	"AGT"
"M1"	"BioGrid"	"AGR3"
"M1"	"BioGrid"	"BEND7"
"M1"	"BioGrid"	"SLC1A1"
"M1"	"BioGrid"	"GATA4"
"M1"	"BioGrid"	"CLDN2"
"M1"	"BioGrid"	"BCL11A"
"M1"	"BioGrid"	"GCNT3"
"M1"	"BioGrid"	"DYNC1I1"
"M1"	"BioGrid"	"AGR2"
"M1"	"BioGrid"	"RETREG1"
"M1"	"BioGrid"	"TNFSF15"
"M1"	"BioGrid"	"EPCAM"
"M1"	"BioGrid"	"SLC12A2"
"M1"	"BioGrid"	"KLHL13"
"M1"	"BioGrid"	"MARK1"
"M1"	"BioGrid"	"RAB17"
"M1"	"BioGrid"	"CYP2W1"
"M1"	"BioGrid"	"CEACAM1"
"M1"	"BioGrid"	"MUC1"
"M1"	"BioGrid"	"F5"
"M1"	"BioGrid"	"LAMA1"
"M1"	"BioGrid"	"MMP13"
"M1"	"BioGrid"	"CFB"
"M1"	"BioGrid"	"PRSS3"
"M1"	"BioGrid"	"GSDMB"
"M1"	"BioGrid"	"ACE2"
"M1"	"BioGrid"	"CTSE"
"M1"	"BioGrid"	"OLFM4"
"M1"	"BioGrid"	"NPR3"
"M1"	"BioGrid"	"ARFGEF3"
"M1"	"BioGrid"	"RAB3B"
"M1"	"BioGrid"	"ACHE"
"M1"	"BioGrid"	"COL4A6"
"M1"	"BioGrid"	"SVIP"
"M1"	"BioGrid"	"MUC5B"
"M1"	"BioGrid"	"PLA2G2A"
"M1"	"BioGrid"	"FST"
"M1"	"BioGrid"	"CLDN4"
"M1"	"BioGrid"	"KCNE3"
"M1"	"BioGrid"	"ANG"
"M1"	"BioGrid"	"RASSF6"
"M1"	"BioGrid"	"PLA2G4A"
"M1"	"BioGrid"	"DPF1"
"M1"	"BioGrid"	"ADRA2A"
"M1"	"BioGrid"	"MSI1"
"M1"	"BioGrid"	"ANXA9"
"M1"	"BioGrid"	"KCNK5"
"M1"	"BioGrid"	"HPGD"
"M1"	"BioGrid"	"ADD2"
"M1"	"BioGrid"	"CEACAM6"
"M1"	"BioGrid"	"FAM3B"
"M1"	"BioGrid"	"PRR15"
"M1"	"BioGrid"	"CRACR2B"
"M1"	"BioGrid"	"DEPTOR"
"M1"	"BioGrid"	"CLEC2B"
"M1"	"BioGrid"	"UBXN10"
"M1"	"BioGrid"	"SGK2"
"M1"	"BioGrid"	"INHBB"
"M1"	"BioGrid"	"DCBLD2"
"M1"	"BioGrid"	"CEACAM5"
"M1"	"BioGrid"	"LONRF3"
"M1"	"BioGrid"	"AZGP1"
"M1"	"BioGrid"	"DDC"
"M1"	"BioGrid"	"HSH2D"
"M1"	"BioGrid"	"EPS8L3"
"M1"	"BioGrid"	"MST1R"
"M1"	"BioGrid"	"SLC5A1"
"M1"	"BioGrid"	"FBXO27"
"M1"	"BioGrid"	"LCN2"
"M1"	"BioGrid"	"CCDC68"
"M1"	"BioGrid"	"FOXA3"
"M1"	"BioGrid"	"SCN8A"
"M1"	"BioGrid"	"BRSK2"
"M1"	"BioGrid"	"TRIM36"
"M1"	"BioGrid"	"SPDEF"
"M1"	"BioGrid"	"ACY3"
"M1"	"BioGrid"	"ATP2A3"
"M1"	"BioGrid"	"BCL2L14"
"M1"	"BioGrid"	"BASP1"
"M1"	"BioGrid"	"GUCY2C"
"M1"	"BioGrid"	"GPRC5A"
"M1"	"BioGrid"	"TRIM31"
"M1"	"BioGrid"	"NECTIN3"
"M1"	"BioGrid"	"S100P"
"M1"	"BioGrid"	"SLC4A3"
"M1"	"BioGrid"	"SLC7A8"
"M1"	"BioGrid"	"PRDM16"
"M1"	"BioGrid"	"PTPRN2"
"M1"	"BioGrid"	"GGT1"
"M1"	"BioGrid"	"TESC"
"M1"	"BioGrid"	"TMPRSS3"
"M1"	"BioGrid"	"UNC5CL"
"M1"	"BioGrid"	"FOXA2"
"M1"	"BioGrid"	"CYP2J2"
"M1"	"BioGrid"	"CCL28"
"M1"	"BioGrid"	"CRLF1"
"M1"	"BioGrid"	"CDX1"
"M1"	"BioGrid"	"RNF128"
"M1"	"BioGrid"	"PLA2G16"
"M1"	"BioGrid"	"CGN"
"M1"	"BioGrid"	"CYP2C18"
"M1"	"BioGrid"	"DMBT1"
"M1"	"BioGrid"	"HOXB5"
"M1"	"BioGrid"	"SCNN1A"
"M1"	"BioGrid"	"CYP3A5"
"M1"	"BioGrid"	"LLGL2"
"M1"	"BioGrid"	"TJP3"
"M1"	"BioGrid"	"COPZ2"
"M1"	"BioGrid"	"KCNN4"
"M1"	"BioGrid"	"SH3BGRL2"
"M1"	"BioGrid"	"CLDN15"
"M1"	"BioGrid"	"SLC6A20"
"M1"	"BioGrid"	"ARL14"
"M1"	"BioGrid"	"TMEM45B"
"M1"	"BioGrid"	"PROM1"
"M1"	"BioGrid"	"MYO5C"
"M1"	"BioGrid"	"PPP1R1B"
"M1"	"BioGrid"	"FBXO17"
"M1"	"BioGrid"	"B4GALNT1"
"M1"	"BioGrid"	"CNTNAP3"
"M1"	"BioGrid"	"GALNT14"
"M1"	"BioGrid"	"MECOM"
"M1"	"BioGrid"	"ARSE"
"M1"	"BioGrid"	"MN1"
"M1"	"BioGrid"	"PDLIM4"
"M1"	"BioGrid"	"EDAR"
"M1"	"BioGrid"	"TNFRSF18"
"M1"	"BioGrid"	"USH1C"
"M1"	"BioGrid"	"PHLDB2"
"M1"	"BioGrid"	"H2AFY2"
"M1"	"BioGrid"	"GDF15"
"M1"	"BioGrid"	"FAXC"
"M1"	"BioGrid"	"CDHR2"
"M1"	"BioGrid"	"SYT13"
"M1"	"BioGrid"	"TMPRSS4"
"M1"	"BioGrid"	"ABO"
"M1"	"BioGrid"	"ACSM3"
"M1"	"BioGrid"	"KCTD14"
"M1"	"BioGrid"	"REPS2"
"M1"	"IntAct"	"EGFR"
"M1"	"IntAct"	"BEX3"
"M1"	"IntAct"	"OLFM2"
"M1"	"IntAct"	"CREB3L1"
"M1"	"IntAct"	"FRMD5"
"M1"	"IntAct"	"BCL2L15"
"M1"	"IntAct"	"UBD"
"M1"	"IntAct"	"KRT18"
"M1"	"IntAct"	"POU5F1"
"M1"	"IntAct"	"NOS2"
"M1"	"IntAct"	"ERBB2"
"M1"	"IntAct"	"SIM2"
"M1"	"IntAct"	"MLF1"
"M1"	"IntAct"	"CFTR"
"M1"	"IntAct"	"PPARG"
"M1"	"IntAct"	"ALDH3B1"
"M1"	"IntAct"	"UCHL1"
"M1"	"IntAct"	"TNNT1"
"M1"	"IntAct"	"SEPT5"
"M1"	"IntAct"	"LYZ"
"M1"	"IntAct"	"CNTN1"
"M1"	"IntAct"	"GIPC2"
"M1"	"IntAct"	"MYB"
"M1"	"IntAct"	"PIGR"
"M1"	"IntAct"	"NR3C2"
"M1"	"IntAct"	"FSCN1"
"M1"	"IntAct"	"IRF8"
"M1"	"IntAct"	"PLEKHB1"
"M1"	"IntAct"	"MAPK10"
"M1"	"IntAct"	"IQGAP2"
"M1"	"IntAct"	"SIX4"
"M1"	"IntAct"	"GDA"
"M1"	"IntAct"	"SNCAIP"
"M1"	"IntAct"	"CAV1"
"M1"	"IntAct"	"MLPH"
"M1"	"IntAct"	"BIRC3"
"M1"	"IntAct"	"NKD1"
"M1"	"IntAct"	"BMP4"
"M1"	"IntAct"	"PIP5K1B"
"M1"	"IntAct"	"IL2RG"
"M1"	"IntAct"	"SULT1C2"
"M1"	"IntAct"	"PTK6"
"M1"	"IntAct"	"GLI3"
"M1"	"IntAct"	"HID1"
"M1"	"IntAct"	"NGFR"
"M1"	"IntAct"	"TNFRSF19"
"M1"	"IntAct"	"NR5A2"
"M1"	"IntAct"	"TP73"
"M1"	"IntAct"	"RYR1"
"M1"	"IntAct"	"GATA6"
"M1"	"IntAct"	"TRPV4"
"M1"	"IntAct"	"NELL2"
"M1"	"IntAct"	"LGALS2"
"M1"	"IntAct"	"CADM1"
"M1"	"IntAct"	"SDCBP2"
"M1"	"IntAct"	"CHN2"
"M1"	"IntAct"	"ELF3"
"M1"	"IntAct"	"DPP4"
"M1"	"IntAct"	"HSPA2"
"M1"	"IntAct"	"FBP1"
"M1"	"IntAct"	"GHR"
"M1"	"IntAct"	"HAP1"
"M1"	"IntAct"	"TUSC3"
"M1"	"IntAct"	"VANGL2"
"M1"	"IntAct"	"PRICKLE1"
"M1"	"IntAct"	"ENC1"
"M1"	"IntAct"	"PTGER2"
"M1"	"IntAct"	"PKP2"
"M1"	"IntAct"	"MAFB"
"M1"	"IntAct"	"TNIK"
"M1"	"IntAct"	"CNTNAP2"
"M1"	"IntAct"	"EPS8L1"
"M1"	"IntAct"	"DAPK1"
"M1"	"IntAct"	"GJA1"
"M1"	"IntAct"	"OCLN"
"M1"	"IntAct"	"SMO"
"M1"	"IntAct"	"XK"
"M1"	"IntAct"	"RND1"
"M1"	"IntAct"	"CBX2"
"M1"	"IntAct"	"PLXNB3"
"M1"	"IntAct"	"MYH14"
"M1"	"IntAct"	"SKAP1"
"M1"	"IntAct"	"ASS1"
"M1"	"IntAct"	"LGALS4"
"M1"	"IntAct"	"HOXB6"
"M1"	"IntAct"	"EVC2"
"M1"	"IntAct"	"HEY1"
"M1"	"IntAct"	"COL7A1"
"M1"	"IntAct"	"DACH1"
"M1"	"IntAct"	"DUSP4"
"M1"	"IntAct"	"CYP2E1"
"M1"	"IntAct"	"CELSR3"
"M1"	"IntAct"	"VILL"
"M1"	"IntAct"	"FLRT2"
"M1"	"IntAct"	"SNAI2"
"M1"	"IntAct"	"PEG10"
"M1"	"IntAct"	"EDARADD"
"M1"	"IntAct"	"AKR7A3"
"M1"	"IntAct"	"HNF4A"
"M1"	"IntAct"	"KCNQ1"
"M1"	"IntAct"	"TFF1"
"M1"	"IntAct"	"BLNK"
"M1"	"IntAct"	"PFN2"
"M1"	"IntAct"	"BNIP3"
"M1"	"IntAct"	"HOXB9"
"M1"	"IntAct"	"KRT7"
"M1"	"IntAct"	"NOSTRIN"
"M1"	"IntAct"	"KRT8"
"M1"	"IntAct"	"SLC40A1"
"M1"	"IntAct"	"AATK"
"M1"	"IntAct"	"ETNK2"
"M1"	"IntAct"	"CXCL2"
"M1"	"IntAct"	"CEMIP"
"M1"	"IntAct"	"TMCC2"
"M1"	"IntAct"	"PTPRS"
"M1"	"IntAct"	"SERPINA1"
"M1"	"IntAct"	"PIWIL4"
"M1"	"IntAct"	"PITX2"
"M1"	"IntAct"	"SELENBP1"
"M1"	"IntAct"	"IL17RB"
"M1"	"IntAct"	"VIL1"
"M1"	"IntAct"	"ADAP1"
"M1"	"IntAct"	"ICA1"
"M1"	"IntAct"	"AGT"
"M1"	"IntAct"	"AGR3"
"M1"	"IntAct"	"BEND7"
"M1"	"IntAct"	"SLC1A1"
"M1"	"IntAct"	"GATA4"
"M1"	"IntAct"	"CLDN2"
"M1"	"IntAct"	"BCL11A"
"M1"	"IntAct"	"GCNT1"
"M1"	"IntAct"	"GCNT3"
"M1"	"IntAct"	"DYNC1I1"
"M1"	"IntAct"	"AGR2"
"M1"	"IntAct"	"RETREG1"
"M1"	"IntAct"	"LRP12"
"M1"	"IntAct"	"SLC12A2"
"M1"	"IntAct"	"KLHL13"
"M1"	"IntAct"	"MARK1"
"M1"	"IntAct"	"RAB17"
"M1"	"IntAct"	"CYP2W1"
"M1"	"IntAct"	"ASRGL1"
"M1"	"IntAct"	"CEACAM1"
"M1"	"IntAct"	"MUC1"
"M1"	"IntAct"	"CFB"
"M1"	"IntAct"	"SLC4A4"
"M1"	"IntAct"	"PRSS3"
"M1"	"IntAct"	"GSDMB"
"M1"	"IntAct"	"ACE2"
"M1"	"IntAct"	"CTSE"
"M1"	"IntAct"	"OLFM4"
"M1"	"IntAct"	"GAMT"
"M1"	"IntAct"	"ARFGEF3"
"M1"	"IntAct"	"ACHE"
"M1"	"IntAct"	"COL4A5"
"M1"	"IntAct"	"PLA2G2A"
"M1"	"IntAct"	"FST"
"M1"	"IntAct"	"KCNE3"
"M1"	"IntAct"	"ANG"
"M1"	"IntAct"	"RASSF6"
"M1"	"IntAct"	"WDR66"
"M1"	"IntAct"	"PLA2G4A"
"M1"	"IntAct"	"DPF1"
"M1"	"IntAct"	"ADRA2A"
"M1"	"IntAct"	"MSI1"
"M1"	"IntAct"	"ANXA9"
"M1"	"IntAct"	"CEACAM6"
"M1"	"IntAct"	"CRACR2B"
"M1"	"IntAct"	"UBXN10"
"M1"	"IntAct"	"SGK2"
"M1"	"IntAct"	"INHBB"
"M1"	"IntAct"	"RHPN2"
"M1"	"IntAct"	"DCBLD2"
"M1"	"IntAct"	"CEACAM5"
"M1"	"IntAct"	"LONRF3"
"M1"	"IntAct"	"AZGP1"
"M1"	"IntAct"	"DDC"
"M1"	"IntAct"	"HSH2D"
"M1"	"IntAct"	"EPS8L3"
"M1"	"IntAct"	"MST1R"
"M1"	"IntAct"	"FBXO27"
"M1"	"IntAct"	"CCDC68"
"M1"	"IntAct"	"SCN8A"
"M1"	"IntAct"	"TRIM36"
"M1"	"IntAct"	"ACY3"
"M1"	"IntAct"	"ATP2A3"
"M1"	"IntAct"	"BASP1"
"M1"	"IntAct"	"GUCY2C"
"M1"	"IntAct"	"CEACAM7"
"M1"	"IntAct"	"TRIM31"
"M1"	"IntAct"	"FAM171A1"
"M1"	"IntAct"	"NECTIN3"
"M1"	"IntAct"	"S100P"
"M1"	"IntAct"	"ACKR3"
"M1"	"IntAct"	"SEMA3B"
"M1"	"IntAct"	"PTPRN2"
"M1"	"IntAct"	"TESC"
"M1"	"IntAct"	"TMPRSS3"
"M1"	"IntAct"	"TMEM176A"
"M1"	"IntAct"	"PKIB"
"M1"	"IntAct"	"RORC"
"M1"	"IntAct"	"CYP2J2"
"M1"	"IntAct"	"CCL28"
"M1"	"IntAct"	"CDX1"
"M1"	"IntAct"	"RNF128"
"M1"	"IntAct"	"PLA2G16"
"M1"	"IntAct"	"LRFN1"
"M1"	"IntAct"	"CGN"
"M1"	"IntAct"	"SYBU"
"M1"	"IntAct"	"DMBT1"
"M1"	"IntAct"	"HOXB5"
"M1"	"IntAct"	"CAPN5"
"M1"	"IntAct"	"SCNN1A"
"M1"	"IntAct"	"CYP3A5"
"M1"	"IntAct"	"LLGL2"
"M1"	"IntAct"	"GPNMB"
"M1"	"IntAct"	"TJP3"
"M1"	"IntAct"	"MYO7B"
"M1"	"IntAct"	"SYTL2"
"M1"	"IntAct"	"SEMA4G"
"M1"	"IntAct"	"CLDN15"
"M1"	"IntAct"	"ARL14"
"M1"	"IntAct"	"TMEM45B"
"M1"	"IntAct"	"PROM1"
"M1"	"IntAct"	"MUC12"
"M1"	"IntAct"	"PLS1"
"M1"	"IntAct"	"MCOLN3"
"M1"	"IntAct"	"RPL39L"
"M1"	"IntAct"	"PCDH1"
"M1"	"IntAct"	"MECOM"
"M1"	"IntAct"	"TSPAN12"
"M1"	"IntAct"	"PDLIM4"
"M1"	"IntAct"	"C6orf141"
"M1"	"IntAct"	"EDAR"
"M1"	"IntAct"	"USH1C"
"M1"	"IntAct"	"TENM3"
"M1"	"IntAct"	"TSPAN1"
"M1"	"IntAct"	"GDF15"
"M1"	"IntAct"	"FAXC"
"M1"	"IntAct"	"ARSI"
"M1"	"IntAct"	"C1orf116"
"M1"	"IntAct"	"JPH1"
"M1"	"IntAct"	"PLEKHS1"
"M1"	"IntAct"	"FCGBP"
"M1"	"IntAct"	"ABO"
"M1"	"IntAct"	"RGMA"
"M1"	"IntAct"	"KCTD14"
"M1"	"IntAct"	"C4orf19"
"M1"	"IntAct"	"CDHR5"
"M1"	"IntAct"	"PTPRH"
"M1"	"IntAct"	"REPS2"
"M1"	"IntAct"	"CORO6"
"M1"	"IntAct"	"RNLS"
"M1"	"IntAct"	"TMC5"
"M1"	"MINT"	"EGFR"
"M1"	"MINT"	"OLFM2"
"M1"	"MINT"	"CREB3L1"
"M1"	"MINT"	"KRT18"
"M1"	"MINT"	"ERBB2"
"M1"	"MINT"	"MLF1"
"M1"	"MINT"	"CFTR"
"M1"	"MINT"	"TNNT1"
"M1"	"MINT"	"LYZ"
"M1"	"MINT"	"GIPC2"
"M1"	"MINT"	"MYB"
"M1"	"MINT"	"MAPK10"
"M1"	"MINT"	"IQGAP2"
"M1"	"MINT"	"SIX4"
"M1"	"MINT"	"SNCAIP"
"M1"	"MINT"	"CAV1"
"M1"	"MINT"	"MLPH"
"M1"	"MINT"	"BMP4"
"M1"	"MINT"	"PTK6"
"M1"	"MINT"	"GLI3"
"M1"	"MINT"	"NGFR"
"M1"	"MINT"	"TP73"
"M1"	"MINT"	"RYR1"
"M1"	"MINT"	"LGALS2"
"M1"	"MINT"	"SDCBP2"
"M1"	"MINT"	"CHN2"
"M1"	"MINT"	"DPP4"
"M1"	"MINT"	"HSPA2"
"M1"	"MINT"	"FBP1"
"M1"	"MINT"	"GHR"
"M1"	"MINT"	"PKP2"
"M1"	"MINT"	"DAPK1"
"M1"	"MINT"	"GJA1"
"M1"	"MINT"	"OCLN"
"M1"	"MINT"	"RND1"
"M1"	"MINT"	"CBX2"
"M1"	"MINT"	"SKAP1"
"M1"	"MINT"	"LGALS4"
"M1"	"MINT"	"HOXB6"
"M1"	"MINT"	"COL7A1"
"M1"	"MINT"	"DACH1"
"M1"	"MINT"	"DUSP4"
"M1"	"MINT"	"CELSR3"
"M1"	"MINT"	"FLRT2"
"M1"	"MINT"	"PEG10"
"M1"	"MINT"	"AKR7A3"
"M1"	"MINT"	"HNF4A"
"M1"	"MINT"	"TFF1"
"M1"	"MINT"	"BLNK"
"M1"	"MINT"	"PFN2"
"M1"	"MINT"	"BNIP3"
"M1"	"MINT"	"ACSL5"
"M1"	"MINT"	"HOXB9"
"M1"	"MINT"	"KRT7"
"M1"	"MINT"	"NOSTRIN"
"M1"	"MINT"	"KRT8"
"M1"	"MINT"	"PTPRS"
"M1"	"MINT"	"SERPINA1"
"M1"	"MINT"	"SELENBP1"
"M1"	"MINT"	"VIL1"
"M1"	"MINT"	"AGR3"
"M1"	"MINT"	"GATA4"
"M1"	"MINT"	"CLDN2"
"M1"	"MINT"	"DYNC1I1"
"M1"	"MINT"	"AGR2"
"M1"	"MINT"	"CEACAM1"
"M1"	"MINT"	"MUC1"
"M1"	"MINT"	"CTSE"
"M1"	"MINT"	"PLA2G2A"
"M1"	"MINT"	"FST"
"M1"	"MINT"	"KCNE3"
"M1"	"MINT"	"DEPTOR"
"M1"	"MINT"	"MST1R"
"M1"	"MINT"	"ACY3"
"M1"	"MINT"	"GUCY2C"
"M1"	"MINT"	"PTPRN2"
"M1"	"MINT"	"TESC"
"M1"	"MINT"	"TMPRSS3"
"M1"	"MINT"	"CCL28"
"M1"	"MINT"	"CDX1"
"M1"	"MINT"	"PLA2G16"
"M1"	"MINT"	"SCNN1A"
"M1"	"MINT"	"TJP3"
"M1"	"MINT"	"PPP1R1B"
"M1"	"MINT"	"ARSE"
"M1"	"MINT"	"PDLIM4"
"M1"	"MINT"	"USH1C"
"M1"	"MINT"	"MYO15B"
"M1"	"MINT"	"PTPRH"
"M1"	"MINT"	"REPS2"
"M1"	"BioGrid_Mouse"	"CDX2"
"M1"	"BioGrid_Mouse"	"EGFR"
"M1"	"BioGrid_Mouse"	"POU5F1"
"M1"	"BioGrid_Mouse"	"NOS2"
"M1"	"BioGrid_Mouse"	"ERBB2"
"M1"	"BioGrid_Mouse"	"MLF1"
"M1"	"BioGrid_Mouse"	"CFTR"
"M1"	"BioGrid_Mouse"	"PPARG"
"M1"	"BioGrid_Mouse"	"UCHL1"
"M1"	"BioGrid_Mouse"	"RBP1"
"M1"	"BioGrid_Mouse"	"MYB"
"M1"	"BioGrid_Mouse"	"NR3C2"
"M1"	"BioGrid_Mouse"	"IRF8"
"M1"	"BioGrid_Mouse"	"PLEKHB1"
"M1"	"BioGrid_Mouse"	"MAPK10"
"M1"	"BioGrid_Mouse"	"SNCAIP"
"M1"	"BioGrid_Mouse"	"CAV1"
"M1"	"BioGrid_Mouse"	"BIRC3"
"M1"	"BioGrid_Mouse"	"BMP4"
"M1"	"BioGrid_Mouse"	"ATP7B"
"M1"	"BioGrid_Mouse"	"GLI3"
"M1"	"BioGrid_Mouse"	"NGFR"
"M1"	"BioGrid_Mouse"	"TNFRSF19"
"M1"	"BioGrid_Mouse"	"TNFRSF11A"
"M1"	"BioGrid_Mouse"	"NR5A2"
"M1"	"BioGrid_Mouse"	"TP73"
"M1"	"BioGrid_Mouse"	"GATA6"
"M1"	"BioGrid_Mouse"	"HSPA2"
"M1"	"BioGrid_Mouse"	"HAP1"
"M1"	"BioGrid_Mouse"	"VANGL2"
"M1"	"BioGrid_Mouse"	"HOXA13"
"M1"	"BioGrid_Mouse"	"MAF"
"M1"	"BioGrid_Mouse"	"MAFB"
"M1"	"BioGrid_Mouse"	"REG1A"
"M1"	"BioGrid_Mouse"	"GJA1"
"M1"	"BioGrid_Mouse"	"OCLN"
"M1"	"BioGrid_Mouse"	"CBX2"
"M1"	"BioGrid_Mouse"	"HOXB6"
"M1"	"BioGrid_Mouse"	"MLXIPL"
"M1"	"BioGrid_Mouse"	"DACH1"
"M1"	"BioGrid_Mouse"	"HNF4A"
"M1"	"BioGrid_Mouse"	"BLNK"
"M1"	"BioGrid_Mouse"	"PFN2"
"M1"	"BioGrid_Mouse"	"HOXD10"
"M1"	"BioGrid_Mouse"	"KRT8"
"M1"	"BioGrid_Mouse"	"ARTN"
"M1"	"BioGrid_Mouse"	"PITX2"
"M1"	"BioGrid_Mouse"	"IL17RB"
"M1"	"BioGrid_Mouse"	"GATA4"
"M1"	"BioGrid_Mouse"	"BCL11A"
"M1"	"BioGrid_Mouse"	"SLC12A2"
"M1"	"BioGrid_Mouse"	"ASRGL1"
"M1"	"BioGrid_Mouse"	"LAMA1"
"M1"	"BioGrid_Mouse"	"ACHE"
"M1"	"BioGrid_Mouse"	"PLA2G4A"
"M1"	"BioGrid_Mouse"	"ADRA2A"
"M1"	"BioGrid_Mouse"	"CACNA1D"
"M1"	"BioGrid_Mouse"	"CDH17"
"M1"	"BioGrid_Mouse"	"SPDEF"
"M1"	"BioGrid_Mouse"	"RORC"
"M1"	"BioGrid_Mouse"	"CDX1"
"M1"	"BioGrid_Mouse"	"WNT9A"
"M1"	"BioGrid_Mouse"	"HOXB5"
"M1"	"BioGrid_Mouse"	"TBX1"
"M1"	"BioGrid_Mouse"	"PROM1"
"M1"	"BioGrid_Mouse"	"PDLIM4"
"M1"	"BioGrid_Mouse"	"USH1C"
"M1"	"BioGrid_Mouse"	"REPS2"
"M1"	"IntAct_Yeast"	"ALDH3B1"
"M1"	"IntAct_Yeast"	"FA2H"
"M1"	"IntAct_Yeast"	"ABCC3"
"M1"	"IntAct_Yeast"	"FBP1"
"M1"	"IntAct_Yeast"	"TUSC3"
"M1"	"IntAct_Yeast"	"ASS1"
"M1"	"IntAct_Yeast"	"SLC47A1"
"M1"	"IntAct_Yeast"	"TLDC2"
"M1"	"Moran_EGFR"	"EGFR"
"M1"	"IntAct_Mouse"	"EGFR"
"M1"	"IntAct_Mouse"	"KRT18"
"M1"	"IntAct_Mouse"	"POU5F1"
"M1"	"IntAct_Mouse"	"MLF1"
"M1"	"IntAct_Mouse"	"CFTR"
"M1"	"IntAct_Mouse"	"PPARG"
"M1"	"IntAct_Mouse"	"UCHL1"
"M1"	"IntAct_Mouse"	"CNTN1"
"M1"	"IntAct_Mouse"	"GIPC2"
"M1"	"IntAct_Mouse"	"MYB"
"M1"	"IntAct_Mouse"	"FSCN1"
"M1"	"IntAct_Mouse"	"SIX4"
"M1"	"IntAct_Mouse"	"SNCAIP"
"M1"	"IntAct_Mouse"	"CAV1"
"M1"	"IntAct_Mouse"	"BIRC3"
"M1"	"IntAct_Mouse"	"NKD1"
"M1"	"IntAct_Mouse"	"FMO5"
"M1"	"IntAct_Mouse"	"IL2RG"
"M1"	"IntAct_Mouse"	"TNFRSF19"
"M1"	"IntAct_Mouse"	"TNFRSF11A"
"M1"	"IntAct_Mouse"	"RYR1"
"M1"	"IntAct_Mouse"	"CLDN3"
"M1"	"IntAct_Mouse"	"CADM1"
"M1"	"IntAct_Mouse"	"HSPA2"
"M1"	"IntAct_Mouse"	"FBP1"
"M1"	"IntAct_Mouse"	"WNK4"
"M1"	"IntAct_Mouse"	"HAP1"
"M1"	"IntAct_Mouse"	"VANGL2"
"M1"	"IntAct_Mouse"	"PKP2"
"M1"	"IntAct_Mouse"	"MAF"
"M1"	"IntAct_Mouse"	"TNIK"
"M1"	"IntAct_Mouse"	"DAPK1"
"M1"	"IntAct_Mouse"	"GJA1"
"M1"	"IntAct_Mouse"	"CBX2"
"M1"	"IntAct_Mouse"	"PLXNB3"
"M1"	"IntAct_Mouse"	"COL7A1"
"M1"	"IntAct_Mouse"	"DACH1"
"M1"	"IntAct_Mouse"	"HNF4A"
"M1"	"IntAct_Mouse"	"BLNK"
"M1"	"IntAct_Mouse"	"PFN2"
"M1"	"IntAct_Mouse"	"KRT7"
"M1"	"IntAct_Mouse"	"NOSTRIN"
"M1"	"IntAct_Mouse"	"KRT8"
"M1"	"IntAct_Mouse"	"SYT8"
"M1"	"IntAct_Mouse"	"SLC40A1"
"M1"	"IntAct_Mouse"	"TMCC2"
"M1"	"IntAct_Mouse"	"SLC1A1"
"M1"	"IntAct_Mouse"	"GATA4"
"M1"	"IntAct_Mouse"	"CLDN2"
"M1"	"IntAct_Mouse"	"DYNC1I1"
"M1"	"IntAct_Mouse"	"SLC12A2"
"M1"	"IntAct_Mouse"	"LAMA1"
"M1"	"IntAct_Mouse"	"SLC4A4"
"M1"	"IntAct_Mouse"	"ACHE"
"M1"	"IntAct_Mouse"	"CLDN4"
"M1"	"IntAct_Mouse"	"ACY3"
"M1"	"IntAct_Mouse"	"BCL2L14"
"M1"	"IntAct_Mouse"	"PTPRN2"
"M1"	"IntAct_Mouse"	"FOXA2"
"M1"	"IntAct_Mouse"	"LRFN1"
"M1"	"IntAct_Mouse"	"SLC17A9"
"M1"	"IntAct_Mouse"	"GPNMB"
"M1"	"IntAct_Mouse"	"SEMA4G"
"M1"	"IntAct_Mouse"	"PDLIM4"
"M1"	"IntAct_Mouse"	"TNFRSF18"
"M1"	"IntAct_Mouse"	"USH1C"
"M1"	"HPRD"	"EGFR"
"M1"	"HPRD"	"BEX3"
"M1"	"HPRD"	"OLFM2"
"M1"	"HPRD"	"CREB3L1"
"M1"	"HPRD"	"UBD"
"M1"	"HPRD"	"KRT18"
"M1"	"HPRD"	"POU5F1"
"M1"	"HPRD"	"NOS2"
"M1"	"HPRD"	"ERBB2"
"M1"	"HPRD"	"SIM2"
"M1"	"HPRD"	"MLF1"
"M1"	"HPRD"	"CFTR"
"M1"	"HPRD"	"PPARG"
"M1"	"HPRD"	"UCHL1"
"M1"	"HPRD"	"TNNT1"
"M1"	"HPRD"	"SEPT5"
"M1"	"HPRD"	"LYZ"
"M1"	"HPRD"	"CNTN1"
"M1"	"HPRD"	"RBP1"
"M1"	"HPRD"	"GIPC2"
"M1"	"HPRD"	"MYB"
"M1"	"HPRD"	"PIGR"
"M1"	"HPRD"	"NR3C2"
"M1"	"HPRD"	"FSCN1"
"M1"	"HPRD"	"IRF8"
"M1"	"HPRD"	"PLEKHB1"
"M1"	"HPRD"	"MAPK10"
"M1"	"HPRD"	"IQGAP2"
"M1"	"HPRD"	"HNF4G"
"M1"	"HPRD"	"GDA"
"M1"	"HPRD"	"SNCAIP"
"M1"	"HPRD"	"CAV1"
"M1"	"HPRD"	"MLPH"
"M1"	"HPRD"	"BIRC3"
"M1"	"HPRD"	"BMP4"
"M1"	"HPRD"	"ATP7B"
"M1"	"HPRD"	"IL2RG"
"M1"	"HPRD"	"SULT1C2"
"M1"	"HPRD"	"PTK6"
"M1"	"HPRD"	"HID1"
"M1"	"HPRD"	"NGFR"
"M1"	"HPRD"	"TNFRSF19"
"M1"	"HPRD"	"TNFRSF11A"
"M1"	"HPRD"	"NR5A2"
"M1"	"HPRD"	"TP73"
"M1"	"HPRD"	"RYR1"
"M1"	"HPRD"	"CLDN3"
"M1"	"HPRD"	"GATA6"
"M1"	"HPRD"	"TRPV4"
"M1"	"HPRD"	"NELL2"
"M1"	"HPRD"	"LGALS2"
"M1"	"HPRD"	"CADM1"
"M1"	"HPRD"	"SDCBP2"
"M1"	"HPRD"	"CHN2"
"M1"	"HPRD"	"ELF3"
"M1"	"HPRD"	"DPP4"
"M1"	"HPRD"	"HSPA2"
"M1"	"HPRD"	"FBP1"
"M1"	"HPRD"	"WNK4"
"M1"	"HPRD"	"GHR"
"M1"	"HPRD"	"TNC"
"M1"	"HPRD"	"TUSC3"
"M1"	"HPRD"	"PRICKLE1"
"M1"	"HPRD"	"ENC1"
"M1"	"HPRD"	"PTGER2"
"M1"	"HPRD"	"HOXA13"
"M1"	"HPRD"	"TNFRSF11B"
"M1"	"HPRD"	"PKP2"
"M1"	"HPRD"	"MAF"
"M1"	"HPRD"	"MAFB"
"M1"	"HPRD"	"TNIK"
"M1"	"HPRD"	"CNTNAP2"
"M1"	"HPRD"	"EPS8L1"
"M1"	"HPRD"	"DAPK1"
"M1"	"HPRD"	"OCLN"
"M1"	"HPRD"	"SMO"
"M1"	"HPRD"	"XK"
"M1"	"HPRD"	"RND1"
"M1"	"HPRD"	"CBX2"
"M1"	"HPRD"	"PLXNB3"
"M1"	"HPRD"	"SKAP1"
"M1"	"HPRD"	"ASS1"
"M1"	"HPRD"	"LGALS4"
"M1"	"HPRD"	"HOXB6"
"M1"	"HPRD"	"EVC2"
"M1"	"HPRD"	"HEY1"
"M1"	"HPRD"	"COL7A1"
"M1"	"HPRD"	"LIF"
"M1"	"HPRD"	"MLXIPL"
"M1"	"HPRD"	"TMPRSS2"
"M1"	"HPRD"	"DUSP4"
"M1"	"HPRD"	"CYP2E1"
"M1"	"HPRD"	"CELSR3"
"M1"	"HPRD"	"PEG10"
"M1"	"HPRD"	"MSLN"
"M1"	"HPRD"	"EDARADD"
"M1"	"HPRD"	"AKR7A3"
"M1"	"HPRD"	"HNF4A"
"M1"	"HPRD"	"KCNQ1"
"M1"	"HPRD"	"TFF1"
"M1"	"HPRD"	"BLNK"
"M1"	"HPRD"	"PFN2"
"M1"	"HPRD"	"HOXB9"
"M1"	"HPRD"	"HOXD10"
"M1"	"HPRD"	"KRT7"
"M1"	"HPRD"	"KRT8"
"M1"	"HPRD"	"SYT8"
"M1"	"HPRD"	"TUB"
"M1"	"HPRD"	"SLC40A1"
"M1"	"HPRD"	"CXCL2"
"M1"	"HPRD"	"CEMIP"
"M1"	"HPRD"	"TMCC2"
"M1"	"HPRD"	"PTPRS"
"M1"	"HPRD"	"SERPINA1"
"M1"	"HPRD"	"CD55"
"M1"	"HPRD"	"PIWIL4"
"M1"	"HPRD"	"PITX2"
"M1"	"HPRD"	"BCAS1"
"M1"	"HPRD"	"SELENBP1"
"M1"	"HPRD"	"IL17RB"
"M1"	"HPRD"	"VIL1"
"M1"	"HPRD"	"ADAP1"
"M1"	"HPRD"	"AGT"
"M1"	"HPRD"	"AGR3"
"M1"	"HPRD"	"BEND7"
"M1"	"HPRD"	"GATA4"
"M1"	"HPRD"	"CLDN2"
"M1"	"HPRD"	"BCL11A"
"M1"	"HPRD"	"GCNT1"
"M1"	"HPRD"	"DYNC1I1"
"M1"	"HPRD"	"AGR2"
"M1"	"HPRD"	"LRP12"
"M1"	"HPRD"	"TNFSF15"
"M1"	"HPRD"	"EPCAM"
"M1"	"HPRD"	"SLC12A2"
"M1"	"HPRD"	"MARK1"
"M1"	"HPRD"	"GPRC5C"
"M1"	"HPRD"	"RAB17"
"M1"	"HPRD"	"CEACAM1"
"M1"	"HPRD"	"F5"
"M1"	"HPRD"	"LAMA1"
"M1"	"HPRD"	"MMP13"
"M1"	"HPRD"	"CFB"
"M1"	"HPRD"	"SLC4A4"
"M1"	"HPRD"	"PRSS3"
"M1"	"HPRD"	"ACE2"
"M1"	"HPRD"	"CTSE"
"M1"	"HPRD"	"OLFM4"
"M1"	"HPRD"	"NPR3"
"M1"	"HPRD"	"MMP17"
"M1"	"HPRD"	"RAB3B"
"M1"	"HPRD"	"ACHE"
"M1"	"HPRD"	"LRG1"
"M1"	"HPRD"	"COL4A5"
"M1"	"HPRD"	"COL4A6"
"M1"	"HPRD"	"PLA2G2A"
"M1"	"HPRD"	"MUC6"
"M1"	"HPRD"	"FST"
"M1"	"HPRD"	"CLDN4"
"M1"	"HPRD"	"MUC4"
"M1"	"HPRD"	"ANG"
"M1"	"HPRD"	"PLA2G4A"
"M1"	"HPRD"	"ADRA2A"
"M1"	"HPRD"	"MSI1"
"M1"	"HPRD"	"ANXA9"
"M1"	"HPRD"	"ADD2"
"M1"	"HPRD"	"INHBB"
"M1"	"HPRD"	"RHPN2"
"M1"	"HPRD"	"CLIC5"
"M1"	"HPRD"	"LONRF3"
"M1"	"HPRD"	"AZGP1"
"M1"	"HPRD"	"DDC"
"M1"	"HPRD"	"HSH2D"
"M1"	"HPRD"	"MST1R"
"M1"	"HPRD"	"SLC5A1"
"M1"	"HPRD"	"LCN2"
"M1"	"HPRD"	"PDK4"
"M1"	"HPRD"	"FOXA3"
"M1"	"HPRD"	"SCN8A"
"M1"	"HPRD"	"BRSK2"
"M1"	"HPRD"	"SPDEF"
"M1"	"HPRD"	"ACY3"
"M1"	"HPRD"	"BCL2L14"
"M1"	"HPRD"	"GUCY2C"
"M1"	"HPRD"	"TRIM31"
"M1"	"HPRD"	"NECTIN3"
"M1"	"HPRD"	"S100P"
"M1"	"HPRD"	"SPINK1"
"M1"	"HPRD"	"SLC7A8"
"M1"	"HPRD"	"SEMA3B"
"M1"	"HPRD"	"PTPRN2"
"M1"	"HPRD"	"GGT1"
"M1"	"HPRD"	"FOXA2"
"M1"	"HPRD"	"PRIMA1"
"M1"	"HPRD"	"PKIB"
"M1"	"HPRD"	"RORC"
"M1"	"HPRD"	"CRLF1"
"M1"	"HPRD"	"CDX1"
"M1"	"HPRD"	"RNF128"
"M1"	"HPRD"	"PLA2G16"
"M1"	"HPRD"	"LRFN1"
"M1"	"HPRD"	"CGN"
"M1"	"HPRD"	"SYBU"
"M1"	"HPRD"	"DMBT1"
"M1"	"HPRD"	"SCNN1A"
"M1"	"HPRD"	"COPZ2"
"M1"	"HPRD"	"GATM"
"M1"	"HPRD"	"KCNN4"
"M1"	"HPRD"	"ARL14"
"M1"	"HPRD"	"STXBP6"
"M1"	"HPRD"	"CDC42EP5"
"M1"	"HPRD"	"PPP1R1B"
"M1"	"HPRD"	"ITPKA"
"M1"	"HPRD"	"FBXO17"
"M1"	"HPRD"	"SHROOM3"
"M1"	"HPRD"	"PCDH1"
"M1"	"HPRD"	"B4GALNT1"
"M1"	"HPRD"	"CNTNAP3"
"M1"	"HPRD"	"GALNT14"
"M1"	"HPRD"	"MECOM"
"M1"	"HPRD"	"ARSE"
"M1"	"HPRD"	"PDLIM4"
"M1"	"HPRD"	"EDAR"
"M1"	"HPRD"	"TNFRSF18"
"M1"	"HPRD"	"CAMK2N1"
"M1"	"HPRD"	"USH1C"
"M1"	"HPRD"	"TENM3"
"M1"	"HPRD"	"PHLDB2"
"M1"	"HPRD"	"GDF15"
"M1"	"HPRD"	"SYT13"
"M1"	"HPRD"	"VTCN1"
"M1"	"HPRD"	"RGMA"
"M1"	"INNATEDB_Mouse"	"CDX2"
"M1"	"INNATEDB_Mouse"	"EGFR"
"M1"	"INNATEDB_Mouse"	"POU5F1"
"M1"	"INNATEDB_Mouse"	"NOS2"
"M1"	"INNATEDB_Mouse"	"PPARG"
"M1"	"INNATEDB_Mouse"	"MYB"
"M1"	"INNATEDB_Mouse"	"IRF8"
"M1"	"INNATEDB_Mouse"	"GDA"
"M1"	"INNATEDB_Mouse"	"CAV1"
"M1"	"INNATEDB_Mouse"	"BIRC3"
"M1"	"INNATEDB_Mouse"	"IL2RG"
"M1"	"INNATEDB_Mouse"	"TNFRSF19"
"M1"	"INNATEDB_Mouse"	"TNFRSF11A"
"M1"	"INNATEDB_Mouse"	"GATA6"
"M1"	"INNATEDB_Mouse"	"ELF3"
"M1"	"INNATEDB_Mouse"	"TNC"
"M1"	"INNATEDB_Mouse"	"HOXA13"
"M1"	"INNATEDB_Mouse"	"MAF"
"M1"	"INNATEDB_Mouse"	"DAPK1"
"M1"	"INNATEDB_Mouse"	"GJA1"
"M1"	"INNATEDB_Mouse"	"ASS1"
"M1"	"INNATEDB_Mouse"	"CXCL3"
"M1"	"INNATEDB_Mouse"	"HEY1"
"M1"	"INNATEDB_Mouse"	"SNAI2"
"M1"	"INNATEDB_Mouse"	"HNF4A"
"M1"	"INNATEDB_Mouse"	"BLNK"
"M1"	"INNATEDB_Mouse"	"SLC40A1"
"M1"	"INNATEDB_Mouse"	"CXCL2"
"M1"	"INNATEDB_Mouse"	"PITX2"
"M1"	"INNATEDB_Mouse"	"GATA4"
"M1"	"INNATEDB_Mouse"	"MMP13"
"M1"	"INNATEDB_Mouse"	"PLA2G4A"
"M1"	"INNATEDB_Mouse"	"ADD2"
"M1"	"INNATEDB_Mouse"	"CDH17"
"M1"	"INNATEDB_Mouse"	"RHPN2"
"M1"	"INNATEDB_Mouse"	"LCN2"
"M1"	"INNATEDB_Mouse"	"SLC7A8"
"M1"	"INNATEDB_Mouse"	"PRDM16"
"M1"	"INNATEDB_Mouse"	"RORC"
"M1"	"INNATEDB_Mouse"	"CDX1"
"M1"	"INNATEDB_Mouse"	"LLGL2"
"M1"	"INNATEDB_Mouse"	"ZFHX4"
"M1"	"INNATEDB_Mouse"	"CCRL2"
"M1"	"BIND"	"EGFR"
"M1"	"BIND"	"CREB3L1"
"M1"	"BIND"	"KRT18"
"M1"	"BIND"	"NOS2"
"M1"	"BIND"	"ERBB2"
"M1"	"BIND"	"MLF1"
"M1"	"BIND"	"CFTR"
"M1"	"BIND"	"PPARG"
"M1"	"BIND"	"SEPT5"
"M1"	"BIND"	"PIGR"
"M1"	"BIND"	"NR3C2"
"M1"	"BIND"	"MAPK10"
"M1"	"BIND"	"IQGAP2"
"M1"	"BIND"	"HNF4G"
"M1"	"BIND"	"SNCAIP"
"M1"	"BIND"	"CAV1"
"M1"	"BIND"	"BIRC3"
"M1"	"BIND"	"BMP4"
"M1"	"BIND"	"PTK6"
"M1"	"BIND"	"NGFR"
"M1"	"BIND"	"TNFRSF11A"
"M1"	"BIND"	"NR5A2"
"M1"	"BIND"	"TP73"
"M1"	"BIND"	"LGALS2"
"M1"	"BIND"	"SDCBP2"
"M1"	"BIND"	"DPP4"
"M1"	"BIND"	"FBP1"
"M1"	"BIND"	"GHR"
"M1"	"BIND"	"MAF"
"M1"	"BIND"	"MAFB"
"M1"	"BIND"	"DAPK1"
"M1"	"BIND"	"GJA1"
"M1"	"BIND"	"PLXNB3"
"M1"	"BIND"	"COL7A1"
"M1"	"BIND"	"LIF"
"M1"	"BIND"	"CELSR3"
"M1"	"BIND"	"TFF1"
"M1"	"BIND"	"PFN2"
"M1"	"BIND"	"CXCL2"
"M1"	"BIND"	"SERPINA1"
"M1"	"BIND"	"CD55"
"M1"	"BIND"	"F5"
"M1"	"BIND"	"MMP13"
"M1"	"BIND"	"CFB"
"M1"	"BIND"	"PRSS3"
"M1"	"BIND"	"NPR3"
"M1"	"BIND"	"PLA2G2A"
"M1"	"BIND"	"FST"
"M1"	"BIND"	"ANG"
"M1"	"BIND"	"ADRA2A"
"M1"	"BIND"	"AZGP1"
"M1"	"BIND"	"S100P"
"M1"	"BIND"	"PTPRN2"
"M1"	"BIND"	"CGN"
"M1"	"BIND"	"TFF3"
"M1"	"BIND"	"MECOM"
"M1"	"BIND"	"HS3ST3A1"
"M1"	"MYTH_EGFR"	"EGFR"
"M1"	"DIP"	"EGFR"
"M1"	"DIP"	"KRT18"
"M1"	"DIP"	"POU5F1"
"M1"	"DIP"	"NOS2"
"M1"	"DIP"	"ERBB2"
"M1"	"DIP"	"CFTR"
"M1"	"DIP"	"PPARG"
"M1"	"DIP"	"SEPT5"
"M1"	"DIP"	"MYB"
"M1"	"DIP"	"MAPK10"
"M1"	"DIP"	"IQGAP2"
"M1"	"DIP"	"SNCAIP"
"M1"	"DIP"	"CAV1"
"M1"	"DIP"	"NKD1"
"M1"	"DIP"	"BMP4"
"M1"	"DIP"	"IL2RG"
"M1"	"DIP"	"PTK6"
"M1"	"DIP"	"NGFR"
"M1"	"DIP"	"NR5A2"
"M1"	"DIP"	"TP73"
"M1"	"DIP"	"CLDN3"
"M1"	"DIP"	"CADM1"
"M1"	"DIP"	"FBP1"
"M1"	"DIP"	"GHR"
"M1"	"DIP"	"TNIK"
"M1"	"DIP"	"NCR3LG1"
"M1"	"DIP"	"OCLN"
"M1"	"DIP"	"CBX2"
"M1"	"DIP"	"ASS1"
"M1"	"DIP"	"SPTSSB"
"M1"	"DIP"	"LIF"
"M1"	"DIP"	"KCNQ1"
"M1"	"DIP"	"KRT8"
"M1"	"DIP"	"ARTN"
"M1"	"DIP"	"SERPINA1"
"M1"	"DIP"	"SMPD3"
"M1"	"DIP"	"ADAP1"
"M1"	"DIP"	"AGR2"
"M1"	"DIP"	"TNFSF15"
"M1"	"DIP"	"SLC12A2"
"M1"	"DIP"	"MARK1"
"M1"	"DIP"	"CFB"
"M1"	"DIP"	"SLC4A4"
"M1"	"DIP"	"LRG1"
"M1"	"DIP"	"PLA2G4A"
"M1"	"DIP"	"CLEC2B"
"M1"	"DIP"	"DDC"
"M1"	"DIP"	"NECTIN3"
"M1"	"DIP"	"RORC"
"M1"	"DIP"	"CRLF1"
"M1"	"DIP"	"KCNN4"
"M1"	"DIP"	"CLDN18"
"M1"	"DIP"	"TNFRSF18"
"M1"	"DIP"	"USH1C"
"M1"	"DIP"	"H2AFY2"
"M1"	"DIP"	"MYRF"
"M1"	"MGI"	"NOS2"
"M1"	"MGI"	"ERBB2"
"M1"	"MGI"	"CAV1"
"M1"	"MGI"	"MLPH"
"M1"	"MGI"	"BMP4"
"M1"	"MGI"	"GATA6"
"M1"	"MGI"	"MAF"
"M1"	"MGI"	"OCLN"
"M1"	"MGI"	"PITX2"
"M1"	"MGI"	"GATA4"
"M1"	"MGI"	"DYNC1I1"
"M1"	"MGI"	"LAMA1"
"M1"	"MGI"	"RAB3B"
"M1"	"MGI"	"SYTL2"
"M1"	"Miller_WntLumier"	"NKD1"
"M1"	"BIND_Mouse"	"POU5F1"
"M1"	"BIND_Mouse"	"NOS2"
"M1"	"BIND_Mouse"	"CFTR"
"M1"	"BIND_Mouse"	"PPARG"
"M1"	"BIND_Mouse"	"MAPK10"
"M1"	"BIND_Mouse"	"MLPH"
"M1"	"BIND_Mouse"	"BMP4"
"M1"	"BIND_Mouse"	"IL2RG"
"M1"	"BIND_Mouse"	"TNFRSF11A"
"M1"	"BIND_Mouse"	"NR5A2"
"M1"	"BIND_Mouse"	"GATA6"
"M1"	"BIND_Mouse"	"HOXA13"
"M1"	"BIND_Mouse"	"EPS8L1"
"M1"	"BIND_Mouse"	"OCLN"
"M1"	"BIND_Mouse"	"RND1"
"M1"	"BIND_Mouse"	"CXCL3"
"M1"	"BIND_Mouse"	"BLNK"
"M1"	"BIND_Mouse"	"GATA4"
"M1"	"BIND_Mouse"	"DYNC1I1"
"M1"	"BIND_Mouse"	"MMP13"
"M1"	"BIND_Mouse"	"FST"
"M1"	"BIND_Mouse"	"EPS8L3"
"M1"	"BIND_Mouse"	"SYTL2"
"M1"	"BioGrid_Yeast"	"ALDH3B1"
"M1"	"BioGrid_Yeast"	"GDA"
"M1"	"BioGrid_Yeast"	"FA2H"
"M1"	"BioGrid_Yeast"	"ABCC3"
"M1"	"BioGrid_Yeast"	"DPP4"
"M1"	"BioGrid_Yeast"	"FBP1"
"M1"	"BioGrid_Yeast"	"TUSC3"
"M1"	"BioGrid_Yeast"	"SLC4A4"
"M1"	"BioGrid_Yeast"	"GGT1"
"M1"	"BioGrid_Yeast"	"TLDC2"
"M1"	"MINT_Mouse"	"EGFR"
"M1"	"MINT_Mouse"	"KRT18"
"M1"	"MINT_Mouse"	"POU5F1"
"M1"	"MINT_Mouse"	"NOS2"
"M1"	"MINT_Mouse"	"ERBB2"
"M1"	"MINT_Mouse"	"MLF1"
"M1"	"MINT_Mouse"	"CFTR"
"M1"	"MINT_Mouse"	"SNCAIP"
"M1"	"MINT_Mouse"	"CAV1"
"M1"	"MINT_Mouse"	"BIRC3"
"M1"	"MINT_Mouse"	"PIP5K1B"
"M1"	"MINT_Mouse"	"CLDN3"
"M1"	"MINT_Mouse"	"CADM1"
"M1"	"MINT_Mouse"	"HSPA2"
"M1"	"MINT_Mouse"	"HAP1"
"M1"	"MINT_Mouse"	"MAF"
"M1"	"MINT_Mouse"	"GJA1"
"M1"	"MINT_Mouse"	"COL7A1"
"M1"	"MINT_Mouse"	"BLNK"
"M1"	"MINT_Mouse"	"PFN2"
"M1"	"MINT_Mouse"	"SLC1A1"
"M1"	"MINT_Mouse"	"CLDN2"
"M1"	"MINT_Mouse"	"DYNC1I1"
"M1"	"MINT_Mouse"	"LAMA1"
"M1"	"MINT_Mouse"	"CLDN4"
"M1"	"MINT_Mouse"	"ADD2"
"M1"	"MINT_Mouse"	"ACY3"
"M1"	"MINT_Mouse"	"BCL2L14"
"M1"	"MINT_Mouse"	"PTPRN2"
"M1"	"BCI"	"CDX2"
"M1"	"BCI"	"POU5F1"
"M1"	"BCI"	"NOS2"
"M1"	"BCI"	"ERBB2"
"M1"	"BCI"	"UCHL1"
"M1"	"BCI"	"TNNT1"
"M1"	"BCI"	"CNTN1"
"M1"	"BCI"	"RBP1"
"M1"	"BCI"	"MYB"
"M1"	"BCI"	"PIGR"
"M1"	"BCI"	"NR3C2"
"M1"	"BCI"	"IRF8"
"M1"	"BCI"	"MAPK10"
"M1"	"BCI"	"CAV1"
"M1"	"BCI"	"BIRC3"
"M1"	"BCI"	"IL2RG"
"M1"	"BCI"	"NGFR"
"M1"	"BCI"	"LGALS2"
"M1"	"BCI"	"HAP1"
"M1"	"BCI"	"TNC"
"M1"	"BCI"	"MAF"
"M1"	"BCI"	"DAPK1"
"M1"	"BCI"	"GJA1"
"M1"	"BCI"	"ASS1"
"M1"	"BCI"	"COL7A1"
"M1"	"BCI"	"DUSP4"
"M1"	"BCI"	"CYP2E1"
"M1"	"BCI"	"CELSR3"
"M1"	"BCI"	"KCNQ1"
"M1"	"BCI"	"PFN2"
"M1"	"BCI"	"BNIP3"
"M1"	"BCI"	"KRT7"
"M1"	"BCI"	"KRT8"
"M1"	"BCI"	"CXCL2"
"M1"	"BCI"	"CD55"
"M1"	"BCI"	"GATA4"
"M1"	"BCI"	"DYNC1I1"
"M1"	"BCI"	"SLC12A2"
"M1"	"BCI"	"CEACAM1"
"M1"	"BCI"	"MUC1"
"M1"	"BCI"	"CFB"
"M1"	"BCI"	"ACHE"
"M1"	"BCI"	"PLA2G2A"
"M1"	"BCI"	"CACNA1D"
"M1"	"BCI"	"ADD2"
"M1"	"BCI"	"FUT4"
"M1"	"BCI"	"INHBB"
"M1"	"BCI"	"LCN2"
"M1"	"BCI"	"ATP2A3"
"M1"	"BCI"	"SPINK1"
"M1"	"BioGrid_Fly"	"ALDH3B1"
"M1"	"BioGrid_Fly"	"FA2H"
"M1"	"BioGrid_Fly"	"ABCC3"
"M1"	"BioGrid_Fly"	"DPP4"
"M1"	"BioGrid_Fly"	"TUSC3"
"M1"	"BioGrid_Fly"	"CNTNAP2"
"M1"	"BioGrid_Fly"	"SMO"
"M1"	"BioGrid_Fly"	"ASS1"
"M1"	"BioGrid_Fly"	"NOSTRIN"
"M1"	"BioGrid_Fly"	"SESN3"
"M1"	"BioGrid_Fly"	"MMP17"
"M1"	"BioGrid_Fly"	"RHPN2"
"M1"	"BioGrid_Fly"	"CLIC5"
"M1"	"BioGrid_Fly"	"DDC"
"M1"	"DIP_Fly"	"HID1"
"M1"	"DIP_Fly"	"SMO"
"M1"	"JonesErbB1"	"EGFR"
"M1"	"JonesErbB1"	"ERBB2"
"M1"	"Blagoev"	"EGFR"
"M1"	"BioGrid_Rat"	"EGFR"
"M1"	"BioGrid_Rat"	"CREB3L1"
"M1"	"BioGrid_Rat"	"SNCAIP"
"M1"	"BioGrid_Rat"	"CAV1"
"M1"	"BioGrid_Rat"	"NGFR"
"M1"	"BioGrid_Rat"	"TRPV4"
"M1"	"BioGrid_Rat"	"SDCBP2"
"M1"	"BioGrid_Rat"	"GJA1"
"M1"	"BioGrid_Rat"	"OCLN"
"M1"	"BioGrid_Rat"	"CYP2E1"
"M1"	"BioGrid_Rat"	"KCNQ1"
"M1"	"BioGrid_Rat"	"SLC40A1"
"M1"	"BioGrid_Rat"	"DYNC1I1"
"M1"	"Jorgensen_EphR"	"CHN2"
"M1"	"Jorgensen_EphR"	"PKP2"
"M1"	"I2D-c_Mouse"	"CDX2"
"M1"	"DIP_Mouse"	"EGFR"
"M1"	"DIP_Mouse"	"POU5F1"
"M1"	"DIP_Mouse"	"CAV1"
"M1"	"DIP_Mouse"	"MLPH"
"M1"	"DIP_Mouse"	"TNFRSF11A"
"M1"	"DIP_Mouse"	"TRPV4"
"M1"	"DIP_Mouse"	"GHR"
"M1"	"DIP_Mouse"	"HAP1"
"M1"	"DIP_Mouse"	"TNFRSF11B"
"M1"	"DIP_Mouse"	"MAFB"
"M1"	"DIP_Mouse"	"GJA1"
"M1"	"DIP_Mouse"	"OCLN"
"M1"	"DIP_Mouse"	"CBX2"
"M1"	"DIP_Mouse"	"HOXB6"
"M1"	"DIP_Mouse"	"SLC40A1"
"M1"	"DIP_Mouse"	"GATA4"
"M1"	"DIP_Mouse"	"DYNC1I1"
"M1"	"DIP_Mouse"	"LRG1"
"M1"	"DIP_Mouse"	"ACY3"
"M1"	"DIP_Mouse"	"NECTIN3"
"M1"	"DIP_Mouse"	"PRDM16"
"M1"	"DIP_Mouse"	"RORC"
"M1"	"DIP_Mouse"	"SCNN1A"
"M1"	"DIP_Mouse"	"CLDN18"
"M1"	"DIP_Mouse"	"BAIAP2L2"
"M1"	"DIP_Mouse"	"SGSM1"
"M1"	"StelzlLow"	"OLFM2"
"M1"	"StelzlLow"	"SNCAIP"
"M1"	"StelzlLow"	"COL7A1"
"M1"	"StelzlLow"	"PLA2G2A"
"M1"	"StelzlLow"	"PPP1R1B"
"M1"	"YeastMedium"	"DPP4"
"M1"	"YeastMedium"	"FBP1"
"M1"	"YeastMedium"	"TUSC3"
"M1"	"IntAct_Fly"	"GDA"
"M1"	"IntAct_Fly"	"HID1"
"M1"	"IntAct_Fly"	"CNTNAP2"
"M1"	"IntAct_Fly"	"SMO"
"M1"	"IntAct_Fly"	"ASS1"
"M1"	"IntAct_Fly"	"SELENBP1"
"M1"	"IntAct_Fly"	"GGT1"
"M1"	"IntAct_Fly"	"SLC17A9"
"M1"	"IntAct_Fly"	"FUT6"
"M1"	"IntAct_Worm"	"HNF4G"
"M1"	"IntAct_Worm"	"HID1"
"M1"	"IntAct_Worm"	"EPS8L1"
"M1"	"IntAct_Worm"	"FUT3"
"M1"	"IntAct_Worm"	"MYO7B"
"M1"	"IntAct_Worm"	"LDHD"
"M1"	"VidalHuman_core"	"KRT18"
"M1"	"VidalHuman_core"	"TNNT1"
"M1"	"VidalHuman_core"	"SDCBP2"
"M1"	"VidalHuman_core"	"HSPA2"
"M1"	"VidalHuman_core"	"FBP1"
"M1"	"VidalHuman_core"	"ASS1"
"M1"	"VidalHuman_core"	"HOXB6"
"M1"	"VidalHuman_core"	"DACH1"
"M1"	"VidalHuman_core"	"AKR7A3"
"M1"	"VidalHuman_core"	"TFF1"
"M1"	"VidalHuman_core"	"BNIP3"
"M1"	"VidalHuman_core"	"HOXB9"
"M1"	"VidalHuman_core"	"SELENBP1"
"M1"	"VidalHuman_core"	"AGT"
"M1"	"VidalHuman_core"	"CLDN2"
"M1"	"VidalHuman_core"	"DYNC1I1"
"M1"	"VidalHuman_core"	"CEACAM5"
"M1"	"VidalHuman_core"	"TESC"
"M1"	"VidalHuman_core"	"PLA2G16"
"M1"	"VidalHuman_core"	"PDLIM4"
"M1"	"DIP_Yeast"	"FBP1"
"M1"	"DIP_Yeast"	"TUSC3"
"M1"	"DIP_Yeast"	"ASS1"
"M1"	"YeastLow"	"FBP1"
"M1"	"YeastLow"	"ASS1"
"M1"	"YeastLow"	"SLC4A4"
"M1"	"YeastLow"	"GGT1"
"M1"	"StelzlMedium"	"OLFM2"
"M1"	"StelzlMedium"	"MLF1"
"M1"	"StelzlMedium"	"SEPT5"
"M1"	"StelzlMedium"	"MAPK10"
"M1"	"StelzlMedium"	"SNCAIP"
"M1"	"StelzlMedium"	"CHN2"
"M1"	"StelzlMedium"	"LGALS4"
"M1"	"StelzlMedium"	"PTPRS"
"M1"	"StelzlMedium"	"SELENBP1"
"M1"	"StelzlMedium"	"ARSE"
"M1"	"VidalHuman_non_core"	"KRT18"
"M1"	"VidalHuman_non_core"	"TNNT1"
"M1"	"VidalHuman_non_core"	"IL2RG"
"M1"	"VidalHuman_non_core"	"CLDN3"
"M1"	"VidalHuman_non_core"	"FBP1"
"M1"	"VidalHuman_non_core"	"CXCL3"
"M1"	"VidalHuman_non_core"	"AKR7A3"
"M1"	"VidalHuman_non_core"	"ETNK2"
"M1"	"VidalHuman_non_core"	"CXCL2"
"M1"	"VidalHuman_non_core"	"AGT"
"M1"	"VidalHuman_non_core"	"RORC"
"M1"	"VidalHuman_non_core"	"SLCO4A1"
"M1"	"Pawson4"	"ERBB2"
"M1"	"BIND_Fly"	"CNTNAP2"
"M1"	"BIND_Fly"	"SMO"
"M1"	"BIND_Fly"	"ASS1"
"M1"	"BIND_Fly"	"SESN3"
"M1"	"FlyHigh"	"GDA"
"M1"	"FlyHigh"	"ASS1"
"M1"	"FlyHigh"	"SESN3"
"M1"	"BIND_Rat"	"NGFR"
"M1"	"BIND_Rat"	"GJA1"
"M1"	"BIND_Rat"	"AKR7A3"
"M1"	"BIND_Rat"	"HNF4A"
"M1"	"BIND_Rat"	"DYNC1I1"
"M1"	"BIND_Rat"	"CEACAM1"
"M1"	"BIND_Rat"	"ADRA2A"
"M1"	"Krogan_NonCore"	"ALDH3B1"
"M1"	"I2D-text_mining-c"	"CLDN3"
"M1"	"I2D-c_Fiona_HUMAN"	"EGFR"
"M1"	"I2D-c_Fiona_HUMAN"	"ERBB2"
"M1"	"I2D-c_Fiona_HUMAN"	"MYB"
"M1"	"I2D-c_Fiona_HUMAN"	"MUC1"
"M1"	"YeastHigh"	"ASS1"
"M1"	"DIP_Rat"	"NGFR"
"M1"	"DIP_Rat"	"GJA1"
"M1"	"WangEScmplx"	"POU5F1"
"M1"	"IntAct_Rat"	"SEPT5"
"M1"	"IntAct_Rat"	"MAPK10"
"M1"	"IntAct_Rat"	"SNCAIP"
"M1"	"IntAct_Rat"	"NGFR"
"M1"	"IntAct_Rat"	"HSPA2"
"M1"	"IntAct_Rat"	"HAP1"
"M1"	"IntAct_Rat"	"VANGL2"
"M1"	"IntAct_Rat"	"GJA1"
"M1"	"IntAct_Rat"	"ACHE"
"M1"	"IntAct_Rat"	"TTC39A"
"M1"	"IntAct_Rat"	"COBL"
"M1"	"BIND_Yeast"	"FBP1"
"M1"	"MINT_Yeast"	"ALDH3B1"
"M1"	"MINT_Yeast"	"FA2H"
"M1"	"MINT_Yeast"	"FBP1"
"M1"	"MIPS"	"FBP1"
"M1"	"StelzlHigh"	"SEPT5"
"M1"	"StelzlHigh"	"MAPK10"
"M1"	"StelzlHigh"	"FBP1"
"M1"	"StelzlHigh"	"PTPRS"
"M1"	"StelzlHigh"	"SELENBP1"
"M1"	"StelzlHigh"	"AGR2"
"M1"	"StelzlHigh"	"TMPRSS3"
"M1"	"ShawnLi"	"IL2RG"
"M1"	"ShawnLi"	"RYR1"
"M1"	"ShawnLi"	"GHR"
"M1"	"SOURAV_MAPK_LOW"	"MAPK10"
"M1"	"DIP_Worm"	"HNF4G"
"M1"	"DIP_Worm"	"LDHD"
"M1"	"MINT_Fly"	"SMO"
"M1"	"MINT_Fly"	"DDC"
"M1"	"Krogan_Core"	"ALDH3B1"
"M1"	"Krogan_Core"	"FBP1"
"M1"	"MINT_Rat"	"EGFR"
"M1"	"MINT_Rat"	"MAPK10"
"M1"	"MINT_Rat"	"NGFR"
"M1"	"MINT_Rat"	"COBL"
"M1"	"FlyLow"	"SMO"
"M1"	"Nakahira_Septin"	"SEPT5"
"M1"	"Fawcett_polarity"	"HSPA2"
"M1"	"Fawcett_polarity"	"LLGL2"
"M1"	"Fawcett_polarity"	"ZG16B"
"M1"	"FlyEmbryo"	"CNTNAP2"
"M1"	"SOURAV_MAPK_HIGH"	"MAPK10"
"M1"	"KIM_MYC"	"POU5F1"
"M1"	"KIM_MYC"	"ASRGL1"
"M1"	"BioGrid_Worm"	"EPS8L1"
"M1"	"Tarassov_PCA"	"FA2H"
"M2"	"BioGrid"	"CCDC8"
"M2"	"BioGrid"	"ADRB2"
"M2"	"BioGrid"	"PRKAA2"
"M2"	"BioGrid"	"ROR2"
"M2"	"BioGrid"	"SPATC1L"
"M2"	"BioGrid"	"MMP3"
"M2"	"BioGrid"	"OSGIN1"
"M2"	"BioGrid"	"SETBP1"
"M2"	"BioGrid"	"SORBS2"
"M2"	"BioGrid"	"HOMER2"
"M2"	"BioGrid"	"CRYAB"
"M2"	"BioGrid"	"SIX1"
"M2"	"BioGrid"	"KRT19"
"M2"	"BioGrid"	"NKX3-1"
"M2"	"BioGrid"	"HSPA6"
"M2"	"BioGrid"	"SPP1"
"M2"	"BioGrid"	"CBR3"
"M2"	"BioGrid"	"LTF"
"M2"	"BioGrid"	"WNK2"
"M2"	"BioGrid"	"AIM2"
"M2"	"BioGrid"	"SOX2"
"M2"	"BioGrid"	"C3"
"M2"	"BioGrid"	"PTN"
"M2"	"BioGrid"	"CD36"
"M2"	"BioGrid"	"ABCC2"
"M2"	"BioGrid"	"PYGL"
"M2"	"BioGrid"	"BMP7"
"M2"	"BioGrid"	"MCC"
"M2"	"BioGrid"	"CDKN2A"
"M2"	"BioGrid"	"HLF"
"M2"	"BioGrid"	"IRS2"
"M2"	"BioGrid"	"CA9"
"M2"	"BioGrid"	"GATA3"
"M2"	"BioGrid"	"GLI1"
"M2"	"BioGrid"	"MAP2"
"M2"	"BioGrid"	"AMOT"
"M2"	"BioGrid"	"HDAC9"
"M2"	"BioGrid"	"CARD11"
"M2"	"BioGrid"	"WASF3"
"M2"	"BioGrid"	"HOXC11"
"M2"	"BioGrid"	"PROX1"
"M2"	"BioGrid"	"PPARGC1A"
"M2"	"BioGrid"	"AHNAK2"
"M2"	"BioGrid"	"MAPK8IP2"
"M2"	"BioGrid"	"FOXA1"
"M2"	"BioGrid"	"NEURL1"
"M2"	"BioGrid"	"SYT1"
"M2"	"BioGrid"	"EPHB2"
"M2"	"BioGrid"	"GRB7"
"M2"	"BioGrid"	"TGM2"
"M2"	"BioGrid"	"AXIN2"
"M2"	"BioGrid"	"TNS4"
"M2"	"BioGrid"	"DKK1"
"M2"	"BioGrid"	"SHANK2"
"M2"	"BioGrid"	"GRIP1"
"M2"	"BioGrid"	"NTRK2"
"M2"	"BioGrid"	"IL12RB2"
"M2"	"BioGrid"	"TFR2"
"M2"	"BioGrid"	"HSPB8"
"M2"	"BioGrid"	"LDOC1"
"M2"	"BioGrid"	"KRT15"
"M2"	"BioGrid"	"NKD2"
"M2"	"BioGrid"	"DNALI1"
"M2"	"BioGrid"	"STON2"
"M2"	"BioGrid"	"FBXO2"
"M2"	"BioGrid"	"THNSL2"
"M2"	"BioGrid"	"PTGES"
"M2"	"BioGrid"	"P2RY1"
"M2"	"BioGrid"	"PODXL2"
"M2"	"BioGrid"	"FGFR3"
"M2"	"BioGrid"	"EGR2"
"M2"	"BioGrid"	"GNG4"
"M2"	"BioGrid"	"PHGDH"
"M2"	"BioGrid"	"TFAP2A"
"M2"	"BioGrid"	"SLC2A1"
"M2"	"BioGrid"	"PTGS2"
"M2"	"BioGrid"	"TIAM1"
"M2"	"BioGrid"	"NRXN3"
"M2"	"BioGrid"	"EPHA4"
"M2"	"BioGrid"	"ZNF239"
"M2"	"BioGrid"	"ANGPTL4"
"M2"	"BioGrid"	"KLF8"
"M2"	"BioGrid"	"NR4A1"
"M2"	"BioGrid"	"DCLK1"
"M2"	"BioGrid"	"QPRT"
"M2"	"BioGrid"	"GPRIN2"
"M2"	"BioGrid"	"RASD1"
"M2"	"BioGrid"	"FOSL1"
"M2"	"BioGrid"	"HMGA2"
"M2"	"BioGrid"	"ASB2"
"M2"	"BioGrid"	"TFAP2C"
"M2"	"BioGrid"	"FGFR4"
"M2"	"BioGrid"	"KYNU"
"M2"	"BioGrid"	"ZBTB7C"
"M2"	"BioGrid"	"HR"
"M2"	"BioGrid"	"BCAT1"
"M2"	"BioGrid"	"ENTPD2"
"M2"	"BioGrid"	"FOXP2"
"M2"	"BioGrid"	"AKR1B10"
"M2"	"BioGrid"	"CLDN1"
"M2"	"BioGrid"	"CA12"
"M2"	"BioGrid"	"NRCAM"
"M2"	"BioGrid"	"MTSS1"
"M2"	"BioGrid"	"ADORA2B"
"M2"	"BioGrid"	"TPD52L1"
"M2"	"BioGrid"	"LOXL4"
"M2"	"BioGrid"	"FRMD6"
"M2"	"BioGrid"	"SYT7"
"M2"	"BioGrid"	"NT5E"
"M2"	"BioGrid"	"COL17A1"
"M2"	"BioGrid"	"SERPINE1"
"M2"	"BioGrid"	"GLI2"
"M2"	"BioGrid"	"CCND2"
"M2"	"BioGrid"	"SYNGR1"
"M2"	"BioGrid"	"CES1"
"M2"	"BioGrid"	"ADTRP"
"M2"	"BioGrid"	"TREM1"
"M2"	"BioGrid"	"CCL21"
"M2"	"BioGrid"	"NDUFA4L2"
"M2"	"BioGrid"	"KLC3"
"M2"	"BioGrid"	"PRAME"
"M2"	"BioGrid"	"KRT17"
"M2"	"BioGrid"	"ZBP1"
"M2"	"BioGrid"	"SFRP1"
"M2"	"BioGrid"	"ALDH1A1"
"M2"	"BioGrid"	"PARD6G"
"M2"	"BioGrid"	"EFS"
"M2"	"BioGrid"	"SNCG"
"M2"	"BioGrid"	"WNT4"
"M2"	"BioGrid"	"PRLR"
"M2"	"BioGrid"	"CDH3"
"M2"	"BioGrid"	"PAX5"
"M2"	"BioGrid"	"ACAN"
"M2"	"BioGrid"	"RAMP1"
"M2"	"BioGrid"	"STC2"
"M2"	"BioGrid"	"PTPRD"
"M2"	"BioGrid"	"KCNH2"
"M2"	"BioGrid"	"CPS1"
"M2"	"BioGrid"	"BATF2"
"M2"	"BioGrid"	"GOLM1"
"M2"	"BioGrid"	"SEMA6A"
"M2"	"BioGrid"	"DNAJC6"
"M2"	"BioGrid"	"PAX8"
"M2"	"BioGrid"	"EDA"
"M2"	"BioGrid"	"CXCL14"
"M2"	"BioGrid"	"PPP2R2C"
"M2"	"BioGrid"	"ADAM22"
"M2"	"BioGrid"	"IL24"
"M2"	"BioGrid"	"GRIN2D"
"M2"	"BioGrid"	"GAD1"
"M2"	"BioGrid"	"SLC9A2"
"M2"	"BioGrid"	"AMH"
"M2"	"BioGrid"	"NRG1"
"M2"	"BioGrid"	"VAV3"
"M2"	"BioGrid"	"SERPINE2"
"M2"	"BioGrid"	"HBB"
"M2"	"BioGrid"	"LAMC3"
"M2"	"BioGrid"	"MMP7"
"M2"	"BioGrid"	"MMP12"
"M2"	"BioGrid"	"HGF"
"M2"	"BioGrid"	"TGFBI"
"M2"	"BioGrid"	"KLK1"
"M2"	"BioGrid"	"GPX2"
"M2"	"BioGrid"	"GSTM3"
"M2"	"BioGrid"	"CPE"
"M2"	"BioGrid"	"PTPRZ1"
"M2"	"BioGrid"	"CXCL1"
"M2"	"BioGrid"	"CXCL5"
"M2"	"BioGrid"	"ARHGEF4"
"M2"	"BioGrid"	"COL9A2"
"M2"	"BioGrid"	"ABCA13"
"M2"	"BioGrid"	"CA2"
"M2"	"BioGrid"	"ANK1"
"M2"	"BioGrid"	"CSPG4"
"M2"	"BioGrid"	"ITGB6"
"M2"	"BioGrid"	"IGFBP2"
"M2"	"BioGrid"	"CP"
"M2"	"BioGrid"	"CEL"
"M2"	"BioGrid"	"CYP4F12"
"M2"	"BioGrid"	"SEZ6L2"
"M2"	"BioGrid"	"RGS5"
"M2"	"BioGrid"	"LTB4R"
"M2"	"BioGrid"	"LPAR3"
"M2"	"BioGrid"	"ANPEP"
"M2"	"BioGrid"	"GYG2"
"M2"	"BioGrid"	"HAPLN1"
"M2"	"BioGrid"	"ARL4D"
"M2"	"BioGrid"	"RAB38"
"M2"	"BioGrid"	"FGF12"
"M2"	"BioGrid"	"DNAH14"
"M2"	"BioGrid"	"SPEG"
"M2"	"BioGrid"	"MPV17L"
"M2"	"BioGrid"	"PHYHD1"
"M2"	"BioGrid"	"IGSF10"
"M2"	"BioGrid"	"DZIP1L"
"M2"	"BioGrid"	"RAB7B"
"M2"	"BioGrid"	"MRAP2"
"M2"	"BioGrid"	"OLFM1"
"M2"	"BioGrid"	"PTHLH"
"M2"	"BioGrid"	"IL11"
"M2"	"BioGrid"	"CD38"
"M2"	"BioGrid"	"ASCL2"
"M2"	"BioGrid"	"CD24"
"M2"	"BioGrid"	"PTPN13"
"M2"	"BioGrid"	"ZIC2"
"M2"	"BioGrid"	"EPHB6"
"M2"	"BioGrid"	"RAG1"
"M2"	"BioGrid"	"KCNS3"
"M2"	"BioGrid"	"ANOS1"
"M2"	"BioGrid"	"MMP10"
"M2"	"BioGrid"	"GSTM2"
"M2"	"BioGrid"	"EPHB1"
"M2"	"BioGrid"	"ADRA2C"
"M2"	"BioGrid"	"TRPA1"
"M2"	"BioGrid"	"PAIP2B"
"M2"	"BioGrid"	"FOLH1"
"M2"	"BioGrid"	"CCL20"
"M2"	"BioGrid"	"DTNA"
"M2"	"BioGrid"	"ALDH3A1"
"M2"	"BioGrid"	"SOSTDC1"
"M2"	"BioGrid"	"LAMC2"
"M2"	"BioGrid"	"FOXC2"
"M2"	"BioGrid"	"CYP39A1"
"M2"	"BioGrid"	"MFAP2"
"M2"	"BioGrid"	"MSC"
"M2"	"BioGrid"	"ST6GAL1"
"M2"	"BioGrid"	"DLX5"
"M2"	"BioGrid"	"PNMA2"
"M2"	"BioGrid"	"FOSB"
"M2"	"BioGrid"	"NEB"
"M2"	"BioGrid"	"TRIM7"
"M2"	"BioGrid"	"CTTNBP2"
"M2"	"BioGrid"	"CYP4F11"
"M2"	"BioGrid"	"CHRM3"
"M2"	"BioGrid"	"WFDC2"
"M2"	"BioGrid"	"EVA1A"
"M2"	"BioGrid"	"AKR1C1"
"M2"	"BioGrid"	"HOXC10"
"M2"	"BioGrid"	"SEPT3"
"M2"	"BioGrid"	"CHST1"
"M2"	"BioGrid"	"HOXC13"
"M2"	"BioGrid"	"LAMA3"
"M2"	"BioGrid"	"WNT5A"
"M2"	"BioGrid"	"TWIST2"
"M2"	"BioGrid"	"CXorf57"
"M2"	"BioGrid"	"AKR1C3"
"M2"	"BioGrid"	"VSNL1"
"M2"	"BioGrid"	"SALL2"
"M2"	"BioGrid"	"SLC9A3"
"M2"	"BioGrid"	"PLCB4"
"M2"	"BioGrid"	"PLAG1"
"M2"	"BioGrid"	"AKR1C2"
"M2"	"BioGrid"	"ZNF488"
"M2"	"BioGrid"	"NR4A3"
"M2"	"BioGrid"	"MYCL"
"M2"	"BioGrid"	"G0S2"
"M2"	"BioGrid"	"CHDH"
"M2"	"BioGrid"	"SCIN"
"M2"	"BioGrid"	"CPNE7"
"M2"	"BioGrid"	"PADI3"
"M2"	"BioGrid"	"PDZK1IP1"
"M2"	"BioGrid"	"CYP2S1"
"M2"	"BioGrid"	"FAM110C"
"M2"	"BioGrid"	"RANBP17"
"M2"	"BioGrid"	"ENTPD3"
"M2"	"BioGrid"	"ELOVL4"
"M2"	"BioGrid"	"SLC41A2"
"M2"	"BioGrid"	"TSPYL5"
"M2"	"BioGrid"	"APLN"
"M2"	"BioGrid"	"NDRG4"
"M2"	"BioGrid"	"ANXA10"
"M2"	"BioGrid"	"PPP1R14C"
"M2"	"BioGrid"	"FADS1"
"M2"	"BioGrid"	"ZNF69"
"M2"	"BioGrid"	"LIPG"
"M2"	"IntAct"	"ESYT3"
"M2"	"IntAct"	"ADRB2"
"M2"	"IntAct"	"PRKAA2"
"M2"	"IntAct"	"ROR2"
"M2"	"IntAct"	"SPATC1L"
"M2"	"IntAct"	"MMP3"
"M2"	"IntAct"	"OSGIN1"
"M2"	"IntAct"	"SETBP1"
"M2"	"IntAct"	"SORBS2"
"M2"	"IntAct"	"HOMER2"
"M2"	"IntAct"	"RASSF9"
"M2"	"IntAct"	"CRYAB"
"M2"	"IntAct"	"SIX1"
"M2"	"IntAct"	"KRT19"
"M2"	"IntAct"	"HSPA6"
"M2"	"IntAct"	"SPP1"
"M2"	"IntAct"	"ADAM23"
"M2"	"IntAct"	"CBR3"
"M2"	"IntAct"	"LTF"
"M2"	"IntAct"	"WNK2"
"M2"	"IntAct"	"AIM2"
"M2"	"IntAct"	"SOX2"
"M2"	"IntAct"	"C3"
"M2"	"IntAct"	"PTN"
"M2"	"IntAct"	"CD36"
"M2"	"IntAct"	"PYGL"
"M2"	"IntAct"	"BMP7"
"M2"	"IntAct"	"MCC"
"M2"	"IntAct"	"CDKN2A"
"M2"	"IntAct"	"IRS2"
"M2"	"IntAct"	"GATA3"
"M2"	"IntAct"	"GLI1"
"M2"	"IntAct"	"MAP2"
"M2"	"IntAct"	"AMOT"
"M2"	"IntAct"	"HDAC9"
"M2"	"IntAct"	"CARD11"
"M2"	"IntAct"	"PROX1"
"M2"	"IntAct"	"PPARGC1A"
"M2"	"IntAct"	"MAPK8IP2"
"M2"	"IntAct"	"FOXA1"
"M2"	"IntAct"	"NEURL1"
"M2"	"IntAct"	"SYT1"
"M2"	"IntAct"	"EPHB2"
"M2"	"IntAct"	"GRB7"
"M2"	"IntAct"	"TGM2"
"M2"	"IntAct"	"AXIN2"
"M2"	"IntAct"	"TNS4"
"M2"	"IntAct"	"DKK1"
"M2"	"IntAct"	"SHANK2"
"M2"	"IntAct"	"GRIP1"
"M2"	"IntAct"	"NTRK2"
"M2"	"IntAct"	"IL12RB2"
"M2"	"IntAct"	"TFR2"
"M2"	"IntAct"	"HSPB8"
"M2"	"IntAct"	"LDOC1"
"M2"	"IntAct"	"KRT15"
"M2"	"IntAct"	"NKD2"
"M2"	"IntAct"	"BAMBI"
"M2"	"IntAct"	"DNALI1"
"M2"	"IntAct"	"STON2"
"M2"	"IntAct"	"THNSL2"
"M2"	"IntAct"	"P2RY1"
"M2"	"IntAct"	"FGFR3"
"M2"	"IntAct"	"EGR2"
"M2"	"IntAct"	"GNG4"
"M2"	"IntAct"	"PHGDH"
"M2"	"IntAct"	"TFAP2A"
"M2"	"IntAct"	"SLC2A1"
"M2"	"IntAct"	"TIAM1"
"M2"	"IntAct"	"EPHA4"
"M2"	"IntAct"	"ZNF239"
"M2"	"IntAct"	"ANGPTL4"
"M2"	"IntAct"	"NR4A1"
"M2"	"IntAct"	"DCLK1"
"M2"	"IntAct"	"GPRIN2"
"M2"	"IntAct"	"RASD1"
"M2"	"IntAct"	"FOSL1"
"M2"	"IntAct"	"HMGA2"
"M2"	"IntAct"	"ASB2"
"M2"	"IntAct"	"TFAP2C"
"M2"	"IntAct"	"FGFR4"
"M2"	"IntAct"	"CTSV"
"M2"	"IntAct"	"BCAT1"
"M2"	"IntAct"	"FOXP2"
"M2"	"IntAct"	"AKR1B10"
"M2"	"IntAct"	"CLDN1"
"M2"	"IntAct"	"CA12"
"M2"	"IntAct"	"SLC1A3"
"M2"	"IntAct"	"MTSS1"
"M2"	"IntAct"	"TPD52L1"
"M2"	"IntAct"	"LOXL4"
"M2"	"IntAct"	"FRMD6"
"M2"	"IntAct"	"SYT7"
"M2"	"IntAct"	"SCARA3"
"M2"	"IntAct"	"SERPINE1"
"M2"	"IntAct"	"CCND2"
"M2"	"IntAct"	"SYNGR1"
"M2"	"IntAct"	"CES1"
"M2"	"IntAct"	"TSPAN7"
"M2"	"IntAct"	"ADTRP"
"M2"	"IntAct"	"CCL21"
"M2"	"IntAct"	"NDUFA4L2"
"M2"	"IntAct"	"KLC3"
"M2"	"IntAct"	"PRAME"
"M2"	"IntAct"	"KRT17"
"M2"	"IntAct"	"ZBP1"
"M2"	"IntAct"	"SFRP1"
"M2"	"IntAct"	"ALDH1A1"
"M2"	"IntAct"	"PARD6G"
"M2"	"IntAct"	"EFS"
"M2"	"IntAct"	"SNCG"
"M2"	"IntAct"	"WNT4"
"M2"	"IntAct"	"PRLR"
"M2"	"IntAct"	"PAX5"
"M2"	"IntAct"	"ACAN"
"M2"	"IntAct"	"RAMP1"
"M2"	"IntAct"	"STC2"
"M2"	"IntAct"	"MYOM1"
"M2"	"IntAct"	"WNT7B"
"M2"	"IntAct"	"PTPRD"
"M2"	"IntAct"	"KCNH2"
"M2"	"IntAct"	"CPS1"
"M2"	"IntAct"	"SDK1"
"M2"	"IntAct"	"BATF2"
"M2"	"IntAct"	"GOLM1"
"M2"	"IntAct"	"GPC1"
"M2"	"IntAct"	"DNAJC6"
"M2"	"IntAct"	"PAX8"
"M2"	"IntAct"	"EDA"
"M2"	"IntAct"	"CMBL"
"M2"	"IntAct"	"CXCL14"
"M2"	"IntAct"	"PPP2R2C"
"M2"	"IntAct"	"ADAM22"
"M2"	"IntAct"	"IL24"
"M2"	"IntAct"	"GRIN2D"
"M2"	"IntAct"	"GAD1"
"M2"	"IntAct"	"AMH"
"M2"	"IntAct"	"NRG1"
"M2"	"IntAct"	"COL9A3"
"M2"	"IntAct"	"VAV3"
"M2"	"IntAct"	"HBB"
"M2"	"IntAct"	"LAMC3"
"M2"	"IntAct"	"MMP7"
"M2"	"IntAct"	"HGF"
"M2"	"IntAct"	"TGFBI"
"M2"	"IntAct"	"GPX2"
"M2"	"IntAct"	"GSTM3"
"M2"	"IntAct"	"PTPRZ1"
"M2"	"IntAct"	"CXCL1"
"M2"	"IntAct"	"CXCL5"
"M2"	"IntAct"	"ARHGEF4"
"M2"	"IntAct"	"COCH"
"M2"	"IntAct"	"CA2"
"M2"	"IntAct"	"ANK1"
"M2"	"IntAct"	"FBN2"
"M2"	"IntAct"	"IGFBP2"
"M2"	"IntAct"	"CP"
"M2"	"IntAct"	"CEL"
"M2"	"IntAct"	"SEZ6L2"
"M2"	"IntAct"	"MT1G"
"M2"	"IntAct"	"ZNF385A"
"M2"	"IntAct"	"BVES"
"M2"	"IntAct"	"ANPEP"
"M2"	"IntAct"	"MUC20"
"M2"	"IntAct"	"GYG2"
"M2"	"IntAct"	"ARL4D"
"M2"	"IntAct"	"FGF12"
"M2"	"IntAct"	"SPEG"
"M2"	"IntAct"	"DZIP1L"
"M2"	"IntAct"	"RAB7B"
"M2"	"IntAct"	"MRAP2"
"M2"	"IntAct"	"CHL1"
"M2"	"IntAct"	"SHROOM2"
"M2"	"IntAct"	"PTPN13"
"M2"	"IntAct"	"ZIC2"
"M2"	"IntAct"	"EPHB6"
"M2"	"IntAct"	"RAG1"
"M2"	"IntAct"	"KCNS3"
"M2"	"IntAct"	"ANOS1"
"M2"	"IntAct"	"EPHB1"
"M2"	"IntAct"	"COL4A4"
"M2"	"IntAct"	"FOLH1"
"M2"	"IntAct"	"CCL20"
"M2"	"IntAct"	"DTNA"
"M2"	"IntAct"	"LAMC2"
"M2"	"IntAct"	"FOXC2"
"M2"	"IntAct"	"MSC"
"M2"	"IntAct"	"PNMA2"
"M2"	"IntAct"	"GPR158"
"M2"	"IntAct"	"NEB"
"M2"	"IntAct"	"TRIM7"
"M2"	"IntAct"	"CTTNBP2"
"M2"	"IntAct"	"CYP4F11"
"M2"	"IntAct"	"CHRM3"
"M2"	"IntAct"	"EVA1A"
"M2"	"IntAct"	"AKR1C1"
"M2"	"IntAct"	"ABCA3"
"M2"	"IntAct"	"HOXC10"
"M2"	"IntAct"	"SERTAD4"
"M2"	"IntAct"	"SEPT3"
"M2"	"IntAct"	"CHST1"
"M2"	"IntAct"	"HOXC13"
"M2"	"IntAct"	"WNT5A"
"M2"	"IntAct"	"PRSS21"
"M2"	"IntAct"	"TWIST2"
"M2"	"IntAct"	"SUSD4"
"M2"	"IntAct"	"CXorf57"
"M2"	"IntAct"	"AKR1C3"
"M2"	"IntAct"	"VSNL1"
"M2"	"IntAct"	"SALL2"
"M2"	"IntAct"	"STOX1"
"M2"	"IntAct"	"SLC9A3"
"M2"	"IntAct"	"GPR39"
"M2"	"IntAct"	"PLAG1"
"M2"	"IntAct"	"KIAA1549L"
"M2"	"IntAct"	"ZNF488"
"M2"	"IntAct"	"CHDH"
"M2"	"IntAct"	"SCIN"
"M2"	"IntAct"	"ST6GALNAC2"
"M2"	"IntAct"	"C16orf74"
"M2"	"IntAct"	"CPNE7"
"M2"	"IntAct"	"TRPV3"
"M2"	"IntAct"	"MYOM3"
"M2"	"IntAct"	"PADI3"
"M2"	"IntAct"	"CYP2S1"
"M2"	"IntAct"	"KLHDC7B"
"M2"	"IntAct"	"ZMAT1"
"M2"	"IntAct"	"TSPYL5"
"M2"	"IntAct"	"APLN"
"M2"	"IntAct"	"LRRC4"
"M2"	"IntAct"	"ATP2C2"
"M2"	"IntAct"	"ANXA10"
"M2"	"IntAct"	"FLRT3"
"M2"	"IntAct"	"LIPG"
"M2"	"IntAct"	"IGFBP6"
"M2"	"IntAct"	"FZD10"
"M2"	"INNATEDB"	"ADRB2"
"M2"	"INNATEDB"	"ROR2"
"M2"	"INNATEDB"	"MMP3"
"M2"	"INNATEDB"	"SIX1"
"M2"	"INNATEDB"	"ADAM23"
"M2"	"INNATEDB"	"LTF"
"M2"	"INNATEDB"	"AIM2"
"M2"	"INNATEDB"	"SOX2"
"M2"	"INNATEDB"	"C3"
"M2"	"INNATEDB"	"PTN"
"M2"	"INNATEDB"	"CD36"
"M2"	"INNATEDB"	"ABCC2"
"M2"	"INNATEDB"	"BMP7"
"M2"	"INNATEDB"	"CDKN2A"
"M2"	"INNATEDB"	"IRS2"
"M2"	"INNATEDB"	"GATA3"
"M2"	"INNATEDB"	"HDAC9"
"M2"	"INNATEDB"	"CARD11"
"M2"	"INNATEDB"	"WASF3"
"M2"	"INNATEDB"	"PPARGC1A"
"M2"	"INNATEDB"	"MAPK8IP2"
"M2"	"INNATEDB"	"FOXA1"
"M2"	"INNATEDB"	"GRIP1"
"M2"	"INNATEDB"	"NTRK2"
"M2"	"INNATEDB"	"TFR2"
"M2"	"INNATEDB"	"LDOC1"
"M2"	"INNATEDB"	"KRT15"
"M2"	"INNATEDB"	"NKD2"
"M2"	"INNATEDB"	"TFAP2A"
"M2"	"INNATEDB"	"PTGS2"
"M2"	"INNATEDB"	"TIAM1"
"M2"	"INNATEDB"	"EPHA4"
"M2"	"INNATEDB"	"ZNF239"
"M2"	"INNATEDB"	"NR4A1"
"M2"	"INNATEDB"	"FOSL1"
"M2"	"INNATEDB"	"HMGA2"
"M2"	"INNATEDB"	"ASB2"
"M2"	"INNATEDB"	"TPD52L1"
"M2"	"INNATEDB"	"GLI2"
"M2"	"INNATEDB"	"CCND2"
"M2"	"INNATEDB"	"TREM1"
"M2"	"INNATEDB"	"KRT17"
"M2"	"INNATEDB"	"ZBP1"
"M2"	"INNATEDB"	"PARD6G"
"M2"	"INNATEDB"	"PRLR"
"M2"	"INNATEDB"	"CDH3"
"M2"	"INNATEDB"	"PAX5"
"M2"	"INNATEDB"	"ACAN"
"M2"	"INNATEDB"	"KCNH2"
"M2"	"INNATEDB"	"BATF2"
"M2"	"INNATEDB"	"PAX8"
"M2"	"INNATEDB"	"KLK1"
"M2"	"INNATEDB"	"TRIM16L"
"M2"	"INNATEDB"	"CXCL1"
"M2"	"INNATEDB"	"CXCL5"
"M2"	"INNATEDB"	"CA2"
"M2"	"INNATEDB"	"CSPG4"
"M2"	"INNATEDB"	"FBN2"
"M2"	"INNATEDB"	"CXCL6"
"M2"	"INNATEDB"	"EGR3"
"M2"	"INNATEDB"	"IL11"
"M2"	"INNATEDB"	"CD38"
"M2"	"INNATEDB"	"PTPN13"
"M2"	"INNATEDB"	"MMP10"
"M2"	"INNATEDB"	"MUC16"
"M2"	"INNATEDB"	"ADRA2C"
"M2"	"INNATEDB"	"TRPA1"
"M2"	"INNATEDB"	"FOLH1"
"M2"	"INNATEDB"	"CCL20"
"M2"	"INNATEDB"	"ERAP2"
"M2"	"INNATEDB"	"SOSTDC1"
"M2"	"INNATEDB"	"FOXQ1"
"M2"	"INNATEDB"	"DLX5"
"M2"	"INNATEDB"	"FADS2"
"M2"	"INNATEDB"	"CGREF1"
"M2"	"INNATEDB"	"CYP4F11"
"M2"	"INNATEDB"	"PADI2"
"M2"	"INNATEDB"	"HIF3A"
"M2"	"INNATEDB"	"ULBP2"
"M2"	"INNATEDB"	"NR4A3"
"M2"	"INNATEDB"	"PADI3"
"M2"	"INNATEDB"	"FADS1"
"M2"	"BEHRENDS_AUTOPHAGY_LOW"	"PRKAA2"
"M2"	"BioGrid_Fly"	"HOMER2"
"M2"	"BioGrid_Fly"	"CRYAB"
"M2"	"BioGrid_Fly"	"SIX1"
"M2"	"BioGrid_Fly"	"BMP7"
"M2"	"BioGrid_Fly"	"HLF"
"M2"	"BioGrid_Fly"	"FGFR3"
"M2"	"BioGrid_Fly"	"PHGDH"
"M2"	"BioGrid_Fly"	"TFAP2A"
"M2"	"BioGrid_Fly"	"CTSV"
"M2"	"BioGrid_Fly"	"BCAT1"
"M2"	"BioGrid_Fly"	"AKR1B10"
"M2"	"BioGrid_Fly"	"NRCAM"
"M2"	"BioGrid_Fly"	"CCND2"
"M2"	"BioGrid_Fly"	"PTPRD"
"M2"	"BioGrid_Fly"	"GAD1"
"M2"	"BioGrid_Fly"	"PHYHD1"
"M2"	"BioGrid_Fly"	"EPHB1"
"M2"	"BioGrid_Fly"	"PLCB4"
"M2"	"BioGrid_Fly"	"GOLGA7B"
"M2"	"BioGrid_Fly"	"SLC37A2"
"M2"	"BioGrid_Fly"	"ELOVL4"
"M2"	"MINT_Fly"	"HOMER2"
"M2"	"MINT_Fly"	"SIX1"
"M2"	"MINT_Fly"	"TFAP2A"
"M2"	"MINT_Fly"	"PARD6G"
"M2"	"MINT_Fly"	"PTPRD"
"M2"	"MINT_Fly"	"DNAJC22"
"M2"	"MINT_Fly"	"ANO1"
"M2"	"DIP_Fly"	"CRYAB"
"M2"	"DIP_Fly"	"SIX1"
"M2"	"DIP_Fly"	"PHGDH"
"M2"	"DIP_Fly"	"TFAP2A"
"M2"	"DIP_Fly"	"CTSV"
"M2"	"DIP_Fly"	"NRCAM"
"M2"	"DIP_Fly"	"CCND2"
"M2"	"DIP_Fly"	"PARD6G"
"M2"	"DIP_Fly"	"WNT4"
"M2"	"DIP_Fly"	"PTPRD"
"M2"	"DIP_Fly"	"GAD1"
"M2"	"DIP_Fly"	"DNAJC22"
"M2"	"DIP_Fly"	"ELOVL4"
"M2"	"DIP_Fly"	"ANO1"
"M2"	"BIND_Fly"	"CRYAB"
"M2"	"BIND_Fly"	"SIX1"
"M2"	"BIND_Fly"	"BMP7"
"M2"	"BIND_Fly"	"FGFR3"
"M2"	"BIND_Fly"	"PARD6G"
"M2"	"BIND_Fly"	"PHYHD1"
"M2"	"BIND_Fly"	"ELOVL4"
"M2"	"FlyLow"	"SIX1"
"M2"	"FlyLow"	"BMP7"
"M2"	"FlyLow"	"GAD1"
"M2"	"HPRD"	"ADRB2"
"M2"	"HPRD"	"PRKAA2"
"M2"	"HPRD"	"ROR2"
"M2"	"HPRD"	"SPATC1L"
"M2"	"HPRD"	"MMP3"
"M2"	"HPRD"	"SETBP1"
"M2"	"HPRD"	"SORBS2"
"M2"	"HPRD"	"HOMER2"
"M2"	"HPRD"	"RASSF9"
"M2"	"HPRD"	"CRYAB"
"M2"	"HPRD"	"SIX1"
"M2"	"HPRD"	"KRT19"
"M2"	"HPRD"	"NKX3-1"
"M2"	"HPRD"	"SPP1"
"M2"	"HPRD"	"ADAM23"
"M2"	"HPRD"	"CBR3"
"M2"	"HPRD"	"LTF"
"M2"	"HPRD"	"SOX2"
"M2"	"HPRD"	"C3"
"M2"	"HPRD"	"PTN"
"M2"	"HPRD"	"CD36"
"M2"	"HPRD"	"ABCC2"
"M2"	"HPRD"	"PYGL"
"M2"	"HPRD"	"BMP7"
"M2"	"HPRD"	"MCC"
"M2"	"HPRD"	"HLF"
"M2"	"HPRD"	"IRS2"
"M2"	"HPRD"	"CA9"
"M2"	"HPRD"	"GATA3"
"M2"	"HPRD"	"GLI1"
"M2"	"HPRD"	"AMOT"
"M2"	"HPRD"	"HDAC9"
"M2"	"HPRD"	"CARD11"
"M2"	"HPRD"	"WASF3"
"M2"	"HPRD"	"PROX1"
"M2"	"HPRD"	"PPARGC1A"
"M2"	"HPRD"	"MAPK8IP2"
"M2"	"HPRD"	"FOXA1"
"M2"	"HPRD"	"SYT1"
"M2"	"HPRD"	"EPHB2"
"M2"	"HPRD"	"GRB7"
"M2"	"HPRD"	"TGM2"
"M2"	"HPRD"	"AXIN2"
"M2"	"HPRD"	"DKK1"
"M2"	"HPRD"	"SHANK2"
"M2"	"HPRD"	"GRIP1"
"M2"	"HPRD"	"NTRK2"
"M2"	"HPRD"	"IL12RB2"
"M2"	"HPRD"	"TFR2"
"M2"	"HPRD"	"HSPB8"
"M2"	"HPRD"	"LDOC1"
"M2"	"HPRD"	"KRT15"
"M2"	"HPRD"	"BAMBI"
"M2"	"HPRD"	"DNALI1"
"M2"	"HPRD"	"STON2"
"M2"	"HPRD"	"FBXO2"
"M2"	"HPRD"	"P2RY1"
"M2"	"HPRD"	"PODXL2"
"M2"	"HPRD"	"FGFR3"
"M2"	"HPRD"	"EGR2"
"M2"	"HPRD"	"GNG4"
"M2"	"HPRD"	"TFAP2A"
"M2"	"HPRD"	"SLC2A1"
"M2"	"HPRD"	"PTGS2"
"M2"	"HPRD"	"TIAM1"
"M2"	"HPRD"	"NRXN3"
"M2"	"HPRD"	"EPHA4"
"M2"	"HPRD"	"ZNF239"
"M2"	"HPRD"	"NR4A1"
"M2"	"HPRD"	"QPRT"
"M2"	"HPRD"	"GPRIN2"
"M2"	"HPRD"	"RASD1"
"M2"	"HPRD"	"FOSL1"
"M2"	"HPRD"	"HMGA2"
"M2"	"HPRD"	"ASB2"
"M2"	"HPRD"	"TFAP2C"
"M2"	"HPRD"	"FGFR4"
"M2"	"HPRD"	"HR"
"M2"	"HPRD"	"CLDN1"
"M2"	"HPRD"	"CA12"
"M2"	"HPRD"	"NRCAM"
"M2"	"HPRD"	"MTSS1"
"M2"	"HPRD"	"ADORA2B"
"M2"	"HPRD"	"TPD52L1"
"M2"	"HPRD"	"LOXL4"
"M2"	"HPRD"	"FRMD6"
"M2"	"HPRD"	"SYT7"
"M2"	"HPRD"	"NT5E"
"M2"	"HPRD"	"COL17A1"
"M2"	"HPRD"	"SERPINE1"
"M2"	"HPRD"	"GLI2"
"M2"	"HPRD"	"CCND2"
"M2"	"HPRD"	"CES1"
"M2"	"HPRD"	"TSPAN7"
"M2"	"HPRD"	"TREM1"
"M2"	"HPRD"	"CCL21"
"M2"	"HPRD"	"NDUFA4L2"
"M2"	"HPRD"	"KLC3"
"M2"	"HPRD"	"KRT17"
"M2"	"HPRD"	"SFRP1"
"M2"	"HPRD"	"PARD6G"
"M2"	"HPRD"	"EFS"
"M2"	"HPRD"	"SNCG"
"M2"	"HPRD"	"PRLR"
"M2"	"HPRD"	"CDH3"
"M2"	"HPRD"	"PAX5"
"M2"	"HPRD"	"ACAN"
"M2"	"HPRD"	"RAMP1"
"M2"	"HPRD"	"STC2"
"M2"	"HPRD"	"MYOM1"
"M2"	"HPRD"	"PTPRD"
"M2"	"HPRD"	"KCNH2"
"M2"	"HPRD"	"CPS1"
"M2"	"HPRD"	"GOLM1"
"M2"	"HPRD"	"GPC1"
"M2"	"HPRD"	"SEMA6A"
"M2"	"HPRD"	"DNAJC6"
"M2"	"HPRD"	"PAX8"
"M2"	"HPRD"	"EDA"
"M2"	"HPRD"	"ADAM22"
"M2"	"HPRD"	"ADH1C"
"M2"	"HPRD"	"GRIN2D"
"M2"	"HPRD"	"GAD1"
"M2"	"HPRD"	"SLC9A2"
"M2"	"HPRD"	"AMH"
"M2"	"HPRD"	"NRG1"
"M2"	"HPRD"	"COL9A3"
"M2"	"HPRD"	"VAV3"
"M2"	"HPRD"	"SERPINE2"
"M2"	"HPRD"	"THBD"
"M2"	"HPRD"	"HBB"
"M2"	"HPRD"	"MMP7"
"M2"	"HPRD"	"MMP12"
"M2"	"HPRD"	"HGF"
"M2"	"HPRD"	"TGFBI"
"M2"	"HPRD"	"KLK1"
"M2"	"HPRD"	"GPX2"
"M2"	"HPRD"	"GSTM3"
"M2"	"HPRD"	"CPE"
"M2"	"HPRD"	"PTPRZ1"
"M2"	"HPRD"	"CXCL1"
"M2"	"HPRD"	"CXCL5"
"M2"	"HPRD"	"ARHGEF4"
"M2"	"HPRD"	"COL9A2"
"M2"	"HPRD"	"CA2"
"M2"	"HPRD"	"ANK1"
"M2"	"HPRD"	"CSPG4"
"M2"	"HPRD"	"ITGB6"
"M2"	"HPRD"	"FBN2"
"M2"	"HPRD"	"CEL"
"M2"	"HPRD"	"MT1G"
"M2"	"HPRD"	"RGS5"
"M2"	"HPRD"	"LPAR3"
"M2"	"HPRD"	"ANPEP"
"M2"	"HPRD"	"GYG2"
"M2"	"HPRD"	"ARL4D"
"M2"	"HPRD"	"RAB38"
"M2"	"HPRD"	"GJA3"
"M2"	"HPRD"	"PTHLH"
"M2"	"HPRD"	"IL11"
"M2"	"HPRD"	"CD38"
"M2"	"HPRD"	"ASCL2"
"M2"	"HPRD"	"CD24"
"M2"	"HPRD"	"PTPN13"
"M2"	"HPRD"	"ZIC2"
"M2"	"HPRD"	"RAG1"
"M2"	"HPRD"	"ANOS1"
"M2"	"HPRD"	"MMP10"
"M2"	"HPRD"	"MUC16"
"M2"	"HPRD"	"S1PR5"
"M2"	"HPRD"	"GSTM2"
"M2"	"HPRD"	"EPHB1"
"M2"	"HPRD"	"ADRA2C"
"M2"	"HPRD"	"PAIP2B"
"M2"	"HPRD"	"COL4A4"
"M2"	"HPRD"	"SAA2"
"M2"	"HPRD"	"IRX4"
"M2"	"HPRD"	"CCL20"
"M2"	"HPRD"	"DTNA"
"M2"	"HPRD"	"ALDH3A1"
"M2"	"HPRD"	"SOSTDC1"
"M2"	"HPRD"	"LAMC2"
"M2"	"HPRD"	"MFAP2"
"M2"	"HPRD"	"MSC"
"M2"	"HPRD"	"ST6GAL1"
"M2"	"HPRD"	"DLX5"
"M2"	"HPRD"	"FOSB"
"M2"	"HPRD"	"TRIM7"
"M2"	"HPRD"	"CTTNBP2"
"M2"	"HPRD"	"CHRM3"
"M2"	"HPRD"	"PPP1R9A"
"M2"	"HPRD"	"HUNK"
"M2"	"HPRD"	"AKR1C1"
"M2"	"HPRD"	"HIF3A"
"M2"	"HPRD"	"HOXC10"
"M2"	"HPRD"	"CHI3L1"
"M2"	"HPRD"	"TWIST2"
"M2"	"HPRD"	"AKR1C3"
"M2"	"HPRD"	"VSNL1"
"M2"	"HPRD"	"NPTXR"
"M2"	"HPRD"	"NPW"
"M2"	"HPRD"	"SLC9A3"
"M2"	"HPRD"	"PLAG1"
"M2"	"HPRD"	"NR4A3"
"M2"	"HPRD"	"MYCL"
"M2"	"HPRD"	"SCIN"
"M2"	"HPRD"	"CPNE7"
"M2"	"HPRD"	"FOXL1"
"M2"	"HPRD"	"SLC7A11"
"M2"	"HPRD"	"PCLO"
"M2"	"HPRD"	"PDZK1IP1"
"M2"	"HPRD"	"SCUBE1"
"M2"	"HPRD"	"LRRC4"
"M2"	"HPRD"	"IGFBP6"
"M2"	"IntAct_Mouse"	"CRYAB"
"M2"	"IntAct_Mouse"	"ADAM23"
"M2"	"IntAct_Mouse"	"AIM2"
"M2"	"IntAct_Mouse"	"SOX2"
"M2"	"IntAct_Mouse"	"HLF"
"M2"	"IntAct_Mouse"	"IRS2"
"M2"	"IntAct_Mouse"	"MAP2"
"M2"	"IntAct_Mouse"	"HDAC9"
"M2"	"IntAct_Mouse"	"CARD11"
"M2"	"IntAct_Mouse"	"PPARGC1A"
"M2"	"IntAct_Mouse"	"NEURL1"
"M2"	"IntAct_Mouse"	"SYT1"
"M2"	"IntAct_Mouse"	"GRB7"
"M2"	"IntAct_Mouse"	"AXIN2"
"M2"	"IntAct_Mouse"	"GRIP1"
"M2"	"IntAct_Mouse"	"NTRK2"
"M2"	"IntAct_Mouse"	"IL12RB2"
"M2"	"IntAct_Mouse"	"TFR2"
"M2"	"IntAct_Mouse"	"HSPB8"
"M2"	"IntAct_Mouse"	"NKD2"
"M2"	"IntAct_Mouse"	"EGR2"
"M2"	"IntAct_Mouse"	"SLC2A1"
"M2"	"IntAct_Mouse"	"PTGS2"
"M2"	"IntAct_Mouse"	"EPHA4"
"M2"	"IntAct_Mouse"	"RASD1"
"M2"	"IntAct_Mouse"	"CLDN1"
"M2"	"IntAct_Mouse"	"NRCAM"
"M2"	"IntAct_Mouse"	"SYT7"
"M2"	"IntAct_Mouse"	"CCND2"
"M2"	"IntAct_Mouse"	"PRLR"
"M2"	"IntAct_Mouse"	"PAX5"
"M2"	"IntAct_Mouse"	"CPS1"
"M2"	"IntAct_Mouse"	"SEMA6A"
"M2"	"IntAct_Mouse"	"CSPG4"
"M2"	"IntAct_Mouse"	"CP"
"M2"	"IntAct_Mouse"	"ANPEP"
"M2"	"IntAct_Mouse"	"CHL1"
"M2"	"IntAct_Mouse"	"PTPN13"
"M2"	"IntAct_Mouse"	"RAG1"
"M2"	"IntAct_Mouse"	"DTNA"
"M2"	"IntAct_Mouse"	"DLX5"
"M2"	"INNATEDB_Mouse"	"SPP1"
"M2"	"INNATEDB_Mouse"	"ADAM23"
"M2"	"INNATEDB_Mouse"	"SOX2"
"M2"	"INNATEDB_Mouse"	"C3"
"M2"	"INNATEDB_Mouse"	"IRS2"
"M2"	"INNATEDB_Mouse"	"GATA3"
"M2"	"INNATEDB_Mouse"	"CARD11"
"M2"	"INNATEDB_Mouse"	"PPARGC1A"
"M2"	"INNATEDB_Mouse"	"MAPK8IP2"
"M2"	"INNATEDB_Mouse"	"FOXA1"
"M2"	"INNATEDB_Mouse"	"P2RY1"
"M2"	"INNATEDB_Mouse"	"PODXL2"
"M2"	"INNATEDB_Mouse"	"EGR2"
"M2"	"INNATEDB_Mouse"	"PHGDH"
"M2"	"INNATEDB_Mouse"	"TIAM1"
"M2"	"INNATEDB_Mouse"	"EPHA4"
"M2"	"INNATEDB_Mouse"	"KYNU"
"M2"	"INNATEDB_Mouse"	"ZBTB7C"
"M2"	"INNATEDB_Mouse"	"TSPAN7"
"M2"	"INNATEDB_Mouse"	"TREM1"
"M2"	"INNATEDB_Mouse"	"ZBP1"
"M2"	"INNATEDB_Mouse"	"PAX5"
"M2"	"INNATEDB_Mouse"	"KCNH2"
"M2"	"INNATEDB_Mouse"	"ADAM22"
"M2"	"INNATEDB_Mouse"	"IL24"
"M2"	"INNATEDB_Mouse"	"MMP12"
"M2"	"INNATEDB_Mouse"	"CXCL6"
"M2"	"INNATEDB_Mouse"	"RAG1"
"M2"	"INNATEDB_Mouse"	"FADS2"
"M2"	"INNATEDB_Mouse"	"GPR158"
"M2"	"INNATEDB_Mouse"	"MDGA1"
"M2"	"INNATEDB_Mouse"	"TMPRSS13"
"M2"	"INNATEDB_Mouse"	"HOXC10"
"M2"	"INNATEDB_Mouse"	"IRX3"
"M2"	"INNATEDB_Mouse"	"SLC5A12"
"M2"	"INNATEDB_Mouse"	"FREM2"
"M2"	"INNATEDB_Mouse"	"TMEM229B"
"M2"	"DIP"	"CRYAB"
"M2"	"DIP"	"SIX1"
"M2"	"DIP"	"KRT19"
"M2"	"DIP"	"AIM2"
"M2"	"DIP"	"SOX2"
"M2"	"DIP"	"PTN"
"M2"	"DIP"	"BMP7"
"M2"	"DIP"	"MCC"
"M2"	"DIP"	"CDKN2A"
"M2"	"DIP"	"CA9"
"M2"	"DIP"	"GLI1"
"M2"	"DIP"	"MAP2"
"M2"	"DIP"	"HDAC9"
"M2"	"DIP"	"CARD11"
"M2"	"DIP"	"PPARGC1A"
"M2"	"DIP"	"FOXA1"
"M2"	"DIP"	"EPHB2"
"M2"	"DIP"	"TGM2"
"M2"	"DIP"	"SHANK2"
"M2"	"DIP"	"NTRK2"
"M2"	"DIP"	"NKD2"
"M2"	"DIP"	"FGFR3"
"M2"	"DIP"	"SLC2A1"
"M2"	"DIP"	"PTGS2"
"M2"	"DIP"	"TIAM1"
"M2"	"DIP"	"EPHA4"
"M2"	"DIP"	"NR4A1"
"M2"	"DIP"	"FOSL1"
"M2"	"DIP"	"FGFR4"
"M2"	"DIP"	"SPTLC3"
"M2"	"DIP"	"FOXP2"
"M2"	"DIP"	"MTSS1"
"M2"	"DIP"	"NT5E"
"M2"	"DIP"	"CCL21"
"M2"	"DIP"	"ZBP1"
"M2"	"DIP"	"PRLR"
"M2"	"DIP"	"MYOM1"
"M2"	"DIP"	"KCNH2"
"M2"	"DIP"	"GAD1"
"M2"	"DIP"	"NRG1"
"M2"	"DIP"	"HBB"
"M2"	"DIP"	"HGF"
"M2"	"DIP"	"PTPRZ1"
"M2"	"DIP"	"CXCL1"
"M2"	"DIP"	"CXCL5"
"M2"	"DIP"	"ITGB6"
"M2"	"DIP"	"FGF12"
"M2"	"DIP"	"MRAP2"
"M2"	"DIP"	"PTPN13"
"M2"	"DIP"	"GSTM2"
"M2"	"DIP"	"CCL20"
"M2"	"DIP"	"FOSB"
"M2"	"DIP"	"HUNK"
"M2"	"DIP"	"APCDD1"
"M2"	"MINT"	"ADRB2"
"M2"	"MINT"	"PRKAA2"
"M2"	"MINT"	"SORBS2"
"M2"	"MINT"	"CRYAB"
"M2"	"MINT"	"SIX1"
"M2"	"MINT"	"KRT19"
"M2"	"MINT"	"SPP1"
"M2"	"MINT"	"ADAM23"
"M2"	"MINT"	"WNK2"
"M2"	"MINT"	"PTN"
"M2"	"MINT"	"BMP7"
"M2"	"MINT"	"MCC"
"M2"	"MINT"	"CDKN2A"
"M2"	"MINT"	"IRS2"
"M2"	"MINT"	"GLI1"
"M2"	"MINT"	"MAP2"
"M2"	"MINT"	"PROX1"
"M2"	"MINT"	"PPARGC1A"
"M2"	"MINT"	"MAPK8IP2"
"M2"	"MINT"	"SYT1"
"M2"	"MINT"	"GRB7"
"M2"	"MINT"	"TGM2"
"M2"	"MINT"	"AXIN2"
"M2"	"MINT"	"TNS4"
"M2"	"MINT"	"SHANK2"
"M2"	"MINT"	"GRIP1"
"M2"	"MINT"	"IL12RB2"
"M2"	"MINT"	"HSPB8"
"M2"	"MINT"	"LDOC1"
"M2"	"MINT"	"KRT15"
"M2"	"MINT"	"DNALI1"
"M2"	"MINT"	"STON2"
"M2"	"MINT"	"THNSL2"
"M2"	"MINT"	"P2RY1"
"M2"	"MINT"	"FGFR3"
"M2"	"MINT"	"EGR2"
"M2"	"MINT"	"TFAP2A"
"M2"	"MINT"	"SLC2A1"
"M2"	"MINT"	"NR4A1"
"M2"	"MINT"	"QPRT"
"M2"	"MINT"	"GPRIN2"
"M2"	"MINT"	"FOSL1"
"M2"	"MINT"	"ASB2"
"M2"	"MINT"	"CLDN1"
"M2"	"MINT"	"TPD52L1"
"M2"	"MINT"	"SERPINE1"
"M2"	"MINT"	"CCND2"
"M2"	"MINT"	"SYNGR1"
"M2"	"MINT"	"CES1"
"M2"	"MINT"	"TSPAN7"
"M2"	"MINT"	"ADTRP"
"M2"	"MINT"	"CCL21"
"M2"	"MINT"	"NDUFA4L2"
"M2"	"MINT"	"KRT17"
"M2"	"MINT"	"ZBP1"
"M2"	"MINT"	"ALDH1A1"
"M2"	"MINT"	"PARD6G"
"M2"	"MINT"	"EFS"
"M2"	"MINT"	"PRLR"
"M2"	"MINT"	"STC2"
"M2"	"MINT"	"PTPRD"
"M2"	"MINT"	"KCNH2"
"M2"	"MINT"	"GOLM1"
"M2"	"MINT"	"GPC1"
"M2"	"MINT"	"DNAJC6"
"M2"	"MINT"	"GRIN2D"
"M2"	"MINT"	"GAD1"
"M2"	"MINT"	"VAV3"
"M2"	"MINT"	"GSTM3"
"M2"	"MINT"	"CPE"
"M2"	"MINT"	"PTPRZ1"
"M2"	"MINT"	"CA2"
"M2"	"MINT"	"ANK1"
"M2"	"MINT"	"ANPEP"
"M2"	"MINT"	"ARL4D"
"M2"	"MINT"	"IL11"
"M2"	"MINT"	"PTPN13"
"M2"	"MINT"	"EPHB6"
"M2"	"MINT"	"RAG1"
"M2"	"MINT"	"EPHB1"
"M2"	"MINT"	"DTNA"
"M2"	"MINT"	"NEB"
"M2"	"MINT"	"CHRM3"
"M2"	"MINT"	"WFDC2"
"M2"	"MINT"	"EVA1A"
"M2"	"MINT"	"PPP1R9A"
"M2"	"MINT"	"SEPT3"
"M2"	"MINT"	"LAMA3"
"M2"	"MINT"	"CXorf57"
"M2"	"MINT"	"AKR1C3"
"M2"	"MINT"	"VSNL1"
"M2"	"MINT"	"SLC9A3"
"M2"	"MINT"	"CHDH"
"M2"	"MINT"	"PDZK1IP1"
"M2"	"MINT"	"CYP2S1"
"M2"	"MINT"	"LRRC4"
"M2"	"BioGrid_Yeast"	"PRKAA2"
"M2"	"BioGrid_Yeast"	"SLC9A9"
"M2"	"BioGrid_Yeast"	"PYGL"
"M2"	"BioGrid_Yeast"	"THNSL2"
"M2"	"BioGrid_Yeast"	"QPRT"
"M2"	"BioGrid_Yeast"	"KYNU"
"M2"	"BioGrid_Yeast"	"BCAT1"
"M2"	"BioGrid_Yeast"	"AKR1B10"
"M2"	"BioGrid_Yeast"	"GPT"
"M2"	"YeastLow"	"PRKAA2"
"M2"	"YeastLow"	"PYGL"
"M2"	"YeastLow"	"THNSL2"
"M2"	"YeastLow"	"KYNU"
"M2"	"YeastLow"	"AKR1B10"
"M2"	"YeastLow"	"GPT"
"M2"	"BCI"	"ADRB2"
"M2"	"BCI"	"ROR2"
"M2"	"BCI"	"HOMER2"
"M2"	"BCI"	"CRYAB"
"M2"	"BCI"	"BMP7"
"M2"	"BCI"	"CDKN2A"
"M2"	"BCI"	"GATA3"
"M2"	"BCI"	"GLI1"
"M2"	"BCI"	"HDAC9"
"M2"	"BCI"	"EPHB2"
"M2"	"BCI"	"GRB7"
"M2"	"BCI"	"TGM2"
"M2"	"BCI"	"EGR2"
"M2"	"BCI"	"GNG4"
"M2"	"BCI"	"SLC2A1"
"M2"	"BCI"	"TIAM1"
"M2"	"BCI"	"NR4A1"
"M2"	"BCI"	"FGFR4"
"M2"	"BCI"	"ENTPD2"
"M2"	"BCI"	"SERPINE1"
"M2"	"BCI"	"CCND2"
"M2"	"BCI"	"CCL21"
"M2"	"BCI"	"PAX5"
"M2"	"BCI"	"KCNH2"
"M2"	"BCI"	"GPC1"
"M2"	"BCI"	"PAX8"
"M2"	"BCI"	"EDA"
"M2"	"BCI"	"COL9A3"
"M2"	"BCI"	"MMP7"
"M2"	"BCI"	"MMP12"
"M2"	"BCI"	"KLK1"
"M2"	"BCI"	"COL9A2"
"M2"	"BCI"	"CA2"
"M2"	"BCI"	"ANK1"
"M2"	"BCI"	"CSPG4"
"M2"	"BCI"	"IGFBP2"
"M2"	"BCI"	"CP"
"M2"	"BCI"	"MT1G"
"M2"	"BCI"	"LTB4R"
"M2"	"BCI"	"CD38"
"M2"	"BCI"	"PTPN13"
"M2"	"BCI"	"EPHB6"
"M2"	"BCI"	"ADRA2C"
"M2"	"BCI"	"FOSB"
"M2"	"BCI"	"NEB"
"M2"	"BioGrid_Mouse"	"ROR2"
"M2"	"BioGrid_Mouse"	"SORBS2"
"M2"	"BioGrid_Mouse"	"HOMER2"
"M2"	"BioGrid_Mouse"	"SIX1"
"M2"	"BioGrid_Mouse"	"NKX3-1"
"M2"	"BioGrid_Mouse"	"SOX2"
"M2"	"BioGrid_Mouse"	"CDKN2A"
"M2"	"BioGrid_Mouse"	"HLF"
"M2"	"BioGrid_Mouse"	"GATA3"
"M2"	"BioGrid_Mouse"	"GLI1"
"M2"	"BioGrid_Mouse"	"MAP2"
"M2"	"BioGrid_Mouse"	"AMOT"
"M2"	"BioGrid_Mouse"	"CARD11"
"M2"	"BioGrid_Mouse"	"PROX1"
"M2"	"BioGrid_Mouse"	"PPARGC1A"
"M2"	"BioGrid_Mouse"	"MAPK8IP2"
"M2"	"BioGrid_Mouse"	"NEURL1"
"M2"	"BioGrid_Mouse"	"EPHB2"
"M2"	"BioGrid_Mouse"	"AXIN2"
"M2"	"BioGrid_Mouse"	"DKK1"
"M2"	"BioGrid_Mouse"	"GRIP1"
"M2"	"BioGrid_Mouse"	"NTRK2"
"M2"	"BioGrid_Mouse"	"IL12RB2"
"M2"	"BioGrid_Mouse"	"NKD2"
"M2"	"BioGrid_Mouse"	"FBXO2"
"M2"	"BioGrid_Mouse"	"EGR2"
"M2"	"BioGrid_Mouse"	"TFAP2A"
"M2"	"BioGrid_Mouse"	"PTGS2"
"M2"	"BioGrid_Mouse"	"TIAM1"
"M2"	"BioGrid_Mouse"	"NR4A1"
"M2"	"BioGrid_Mouse"	"DCLK1"
"M2"	"BioGrid_Mouse"	"ASB2"
"M2"	"BioGrid_Mouse"	"ZBTB7C"
"M2"	"BioGrid_Mouse"	"HR"
"M2"	"BioGrid_Mouse"	"CLDN1"
"M2"	"BioGrid_Mouse"	"SLC1A3"
"M2"	"BioGrid_Mouse"	"NRCAM"
"M2"	"BioGrid_Mouse"	"GLI2"
"M2"	"BioGrid_Mouse"	"KLC3"
"M2"	"BioGrid_Mouse"	"SFRP1"
"M2"	"BioGrid_Mouse"	"WNT4"
"M2"	"BioGrid_Mouse"	"PRLR"
"M2"	"BioGrid_Mouse"	"WNT7B"
"M2"	"BioGrid_Mouse"	"CABYR"
"M2"	"BioGrid_Mouse"	"PAX8"
"M2"	"BioGrid_Mouse"	"RGL3"
"M2"	"BioGrid_Mouse"	"OLFM1"
"M2"	"BioGrid_Mouse"	"CD38"
"M2"	"BioGrid_Mouse"	"PTPN13"
"M2"	"BioGrid_Mouse"	"ZIC2"
"M2"	"BioGrid_Mouse"	"RAG1"
"M2"	"BioGrid_Mouse"	"EPHB1"
"M2"	"BioGrid_Mouse"	"FOXQ1"
"M2"	"BioGrid_Mouse"	"LAMC2"
"M2"	"BioGrid_Mouse"	"DLX5"
"M2"	"BioGrid_Mouse"	"FOSB"
"M2"	"BioGrid_Mouse"	"WNT5A"
"M2"	"BioGrid_Mouse"	"NR4A3"
"M2"	"BioGrid_Mouse"	"MYCL"
"M2"	"BioGrid_Mouse"	"SOX21"
"M2"	"BioGrid_Mouse"	"PCLO"
"M2"	"BioGrid_Mouse"	"PCDHGB2"
"M2"	"Jorgensen_EphR"	"GRB7"
"M2"	"BIND"	"ADRB2"
"M2"	"BIND"	"MMP3"
"M2"	"BIND"	"SORBS2"
"M2"	"BIND"	"CRYAB"
"M2"	"BIND"	"SIX1"
"M2"	"BIND"	"SOX2"
"M2"	"BIND"	"C3"
"M2"	"BIND"	"PTN"
"M2"	"BIND"	"PYGL"
"M2"	"BIND"	"MCC"
"M2"	"BIND"	"CDKN2A"
"M2"	"BIND"	"HLF"
"M2"	"BIND"	"HDAC9"
"M2"	"BIND"	"CARD11"
"M2"	"BIND"	"EPHB2"
"M2"	"BIND"	"GRB7"
"M2"	"BIND"	"TGM2"
"M2"	"BIND"	"IL12RB2"
"M2"	"BIND"	"HSPB8"
"M2"	"BIND"	"LDOC1"
"M2"	"BIND"	"FGFR3"
"M2"	"BIND"	"SLC2A1"
"M2"	"BIND"	"PTGS2"
"M2"	"BIND"	"FOSL1"
"M2"	"BIND"	"CA12"
"M2"	"BIND"	"NRCAM"
"M2"	"BIND"	"TPD52L1"
"M2"	"BIND"	"SERPINE1"
"M2"	"BIND"	"CCND2"
"M2"	"BIND"	"CES1"
"M2"	"BIND"	"TREM1"
"M2"	"BIND"	"PARD6G"
"M2"	"BIND"	"PRLR"
"M2"	"BIND"	"PAX5"
"M2"	"BIND"	"SEMA6A"
"M2"	"BIND"	"EDA"
"M2"	"BIND"	"ADH1C"
"M2"	"BIND"	"THBD"
"M2"	"BIND"	"HBB"
"M2"	"BIND"	"MMP12"
"M2"	"BIND"	"HGF"
"M2"	"BIND"	"GSTM3"
"M2"	"BIND"	"CXCL1"
"M2"	"BIND"	"CD38"
"M2"	"BIND"	"EPHB6"
"M2"	"BIND"	"MMP10"
"M2"	"BIND"	"GSTM2"
"M2"	"BIND"	"EPHB1"
"M2"	"BIND"	"FOSB"
"M2"	"BIND"	"AKR1C1"
"M2"	"BIND"	"IRX2"
"M2"	"BIND"	"CHI3L1"
"M2"	"BIND"	"AKR1C2"
"M2"	"BIND"	"SCN9A"
"M2"	"Miller_WntLumier"	"AXIN2"
"M2"	"Miller_WntLumier"	"NKD2"
"M2"	"BioGrid_Rat"	"ADRB2"
"M2"	"BioGrid_Rat"	"PRKAA2"
"M2"	"BioGrid_Rat"	"SORBS2"
"M2"	"BioGrid_Rat"	"HOMER2"
"M2"	"BioGrid_Rat"	"SPP1"
"M2"	"BioGrid_Rat"	"IRS2"
"M2"	"BioGrid_Rat"	"NTRK2"
"M2"	"BioGrid_Rat"	"FBXO2"
"M2"	"BioGrid_Rat"	"SLC2A1"
"M2"	"BioGrid_Rat"	"SDK2"
"M2"	"BioGrid_Rat"	"HR"
"M2"	"BioGrid_Rat"	"SERPINE1"
"M2"	"BioGrid_Rat"	"CCND2"
"M2"	"BioGrid_Rat"	"ANPEP"
"M2"	"BioGrid_Rat"	"EPHB1"
"M2"	"BIND_Rat"	"ADRB2"
"M2"	"BIND_Rat"	"SORBS2"
"M2"	"BIND_Rat"	"C3"
"M2"	"BIND_Rat"	"SYT1"
"M2"	"BIND_Rat"	"AXIN2"
"M2"	"BIND_Rat"	"SHANK2"
"M2"	"BIND_Rat"	"GRIP1"
"M2"	"BIND_Rat"	"PRLR"
"M2"	"BIND_Rat"	"EPHB1"
"M2"	"BIND_Rat"	"ALDH3A1"
"M2"	"BIND_Rat"	"CHRM3"
"M2"	"BIND_Rat"	"PPP1R9A"
"M2"	"BIND_Rat"	"CLIC6"
"M2"	"IntAct_Rat"	"SORBS2"
"M2"	"IntAct_Rat"	"SPP1"
"M2"	"IntAct_Rat"	"ABCC2"
"M2"	"IntAct_Rat"	"SYT1"
"M2"	"IntAct_Rat"	"SHANK2"
"M2"	"IntAct_Rat"	"GRIP1"
"M2"	"IntAct_Rat"	"NTRK2"
"M2"	"IntAct_Rat"	"STON2"
"M2"	"IntAct_Rat"	"P2RY1"
"M2"	"IntAct_Rat"	"PAX8"
"M2"	"IntAct_Rat"	"GAD1"
"M2"	"IntAct_Rat"	"SLC9A2"
"M2"	"IntAct_Rat"	"CHRM3"
"M2"	"IntAct_Rat"	"PPP1R9A"
"M2"	"IntAct_Rat"	"SLC9A3"
"M2"	"IntAct_Rat"	"PCLO"
"M2"	"VidalHuman_core"	"SIX1"
"M2"	"VidalHuman_core"	"KRT19"
"M2"	"VidalHuman_core"	"SPP1"
"M2"	"VidalHuman_core"	"HSPB8"
"M2"	"VidalHuman_core"	"LDOC1"
"M2"	"VidalHuman_core"	"KRT15"
"M2"	"VidalHuman_core"	"QPRT"
"M2"	"VidalHuman_core"	"GPRIN2"
"M2"	"VidalHuman_core"	"FOSL1"
"M2"	"VidalHuman_core"	"CCND2"
"M2"	"VidalHuman_core"	"KRT17"
"M2"	"VidalHuman_core"	"ALDH1A1"
"M2"	"VidalHuman_core"	"GAD1"
"M2"	"VidalHuman_core"	"GSTM3"
"M2"	"VidalHuman_core"	"COL9A2"
"M2"	"VidalHuman_core"	"IL11"
"M2"	"VidalHuman_core"	"SALL2"
"M2"	"BioGrid_Worm"	"PRKAA2"
"M2"	"BioGrid_Worm"	"ROR2"
"M2"	"BioGrid_Worm"	"FGFR3"
"M2"	"BioGrid_Worm"	"EPHA4"
"M2"	"BioGrid_Worm"	"DCLK1"
"M2"	"BioGrid_Worm"	"CTSV"
"M2"	"BioGrid_Worm"	"PARD6G"
"M2"	"BioGrid_Worm"	"CPE"
"M2"	"VidalHuman_non_core"	"HOMER2"
"M2"	"VidalHuman_non_core"	"SIX1"
"M2"	"VidalHuman_non_core"	"KRT19"
"M2"	"VidalHuman_non_core"	"BMP7"
"M2"	"VidalHuman_non_core"	"TGM2"
"M2"	"VidalHuman_non_core"	"HSPB8"
"M2"	"VidalHuman_non_core"	"KRT15"
"M2"	"VidalHuman_non_core"	"GPRIN2"
"M2"	"VidalHuman_non_core"	"RASD1"
"M2"	"VidalHuman_non_core"	"CES1"
"M2"	"VidalHuman_non_core"	"GAD1"
"M2"	"VidalHuman_non_core"	"ARL4D"
"M2"	"VidalHuman_non_core"	"FGF12"
"M2"	"VidalHuman_non_core"	"MYEOV"
"M2"	"BIND_Mouse"	"PRKAA2"
"M2"	"BIND_Mouse"	"MMP3"
"M2"	"BIND_Mouse"	"HOMER2"
"M2"	"BIND_Mouse"	"ABCC2"
"M2"	"BIND_Mouse"	"BMP7"
"M2"	"BIND_Mouse"	"GATA3"
"M2"	"BIND_Mouse"	"PPARGC1A"
"M2"	"BIND_Mouse"	"GRIP1"
"M2"	"BIND_Mouse"	"TFAP2A"
"M2"	"BIND_Mouse"	"PTGS2"
"M2"	"BIND_Mouse"	"NR4A1"
"M2"	"BIND_Mouse"	"CLDN1"
"M2"	"BIND_Mouse"	"MTSS1"
"M2"	"BIND_Mouse"	"WNT4"
"M2"	"BIND_Mouse"	"PRLR"
"M2"	"BIND_Mouse"	"SEMA6D"
"M2"	"BIND_Mouse"	"CPE"
"M2"	"BIND_Mouse"	"CSPG4"
"M2"	"BIND_Mouse"	"RAG1"
"M2"	"BIND_Mouse"	"DTNA"
"M2"	"BIND_Mouse"	"IRX2"
"M2"	"BIND_Mouse"	"FREM2"
"M2"	"BIND_Mouse"	"FRAS1"
"M2"	"MINT_Rat"	"SORBS2"
"M2"	"MINT_Rat"	"MAP2"
"M2"	"MINT_Rat"	"SYT1"
"M2"	"MINT_Rat"	"SHANK2"
"M2"	"MINT_Rat"	"GRIP1"
"M2"	"MINT_Rat"	"NTRK2"
"M2"	"MINT_Rat"	"GAD1"
"M2"	"MINT_Rat"	"PPP1R9A"
"M2"	"MINT_Mouse"	"ADRB2"
"M2"	"MINT_Mouse"	"IRS2"
"M2"	"MINT_Mouse"	"MAP2"
"M2"	"MINT_Mouse"	"SYT1"
"M2"	"MINT_Mouse"	"NTRK2"
"M2"	"MINT_Mouse"	"IL12RB2"
"M2"	"MINT_Mouse"	"EGR2"
"M2"	"MINT_Mouse"	"EPHA4"
"M2"	"MINT_Mouse"	"CLDN1"
"M2"	"MINT_Mouse"	"NRCAM"
"M2"	"MINT_Mouse"	"LOXL4"
"M2"	"MINT_Mouse"	"PRLR"
"M2"	"MINT_Mouse"	"SEMA6A"
"M2"	"MINT_Mouse"	"CSPG4"
"M2"	"MINT_Mouse"	"CHL1"
"M2"	"MINT_Mouse"	"PTPN13"
"M2"	"IntAct_Fly"	"HOMER2"
"M2"	"IntAct_Fly"	"SIX1"
"M2"	"IntAct_Fly"	"BMP7"
"M2"	"IntAct_Fly"	"SDK2"
"M2"	"IntAct_Fly"	"CTSV"
"M2"	"IntAct_Fly"	"NRCAM"
"M2"	"IntAct_Fly"	"PARD6G"
"M2"	"IntAct_Fly"	"WNT7B"
"M2"	"IntAct_Fly"	"PTPRD"
"M2"	"IntAct_Fly"	"GAD1"
"M2"	"IntAct_Fly"	"PHYHD1"
"M2"	"IntAct_Fly"	"EPHB1"
"M2"	"IntAct_Fly"	"PLCB4"
"M2"	"IntAct_Fly"	"ELOVL4"
"M2"	"IntAct_Yeast"	"PRKAA2"
"M2"	"IntAct_Yeast"	"SLC9A9"
"M2"	"IntAct_Yeast"	"PYGL"
"M2"	"IntAct_Yeast"	"THNSL2"
"M2"	"IntAct_Yeast"	"QPRT"
"M2"	"IntAct_Yeast"	"KYNU"
"M2"	"IntAct_Yeast"	"BCAT1"
"M2"	"IntAct_Yeast"	"AKR1B10"
"M2"	"IntAct_Yeast"	"SLC38A11"
"M2"	"YeastMedium"	"QPRT"
"M2"	"YeastMedium"	"KYNU"
"M2"	"YeastMedium"	"GPT"
"M2"	"IntAct_Worm"	"ROR2"
"M2"	"IntAct_Worm"	"EPHA4"
"M2"	"IntAct_Worm"	"DCLK1"
"M2"	"IntAct_Worm"	"CTSV"
"M2"	"IntAct_Worm"	"PARD6G"
"M2"	"IntAct_Worm"	"WNT4"
"M2"	"IntAct_Worm"	"VAV3"
"M2"	"IntAct_Worm"	"ECHDC3"
"M2"	"Krogan_NonCore"	"PRKAA2"
"M2"	"Krogan_NonCore"	"THNSL2"
"M2"	"Krogan_NonCore"	"KYNU"
"M2"	"MINT_Yeast"	"PRKAA2"
"M2"	"MINT_Yeast"	"SLC9A9"
"M2"	"MINT_Yeast"	"QPRT"
"M2"	"MINT_Yeast"	"BCAT1"
"M2"	"MINT_Yeast"	"AKR1B10"
"M2"	"MINT_Worm"	"PRKAA2"
"M2"	"MINT_Worm"	"DCLK1"
"M2"	"MINT_Worm"	"CTSV"
"M2"	"MINT_Worm"	"CPE"
"M2"	"DIP_Mouse"	"ADRB2"
"M2"	"DIP_Mouse"	"NTRK2"
"M2"	"DIP_Mouse"	"PTGS2"
"M2"	"DIP_Mouse"	"EPHA4"
"M2"	"DIP_Mouse"	"FGFR4"
"M2"	"DIP_Mouse"	"MTSS1"
"M2"	"DIP_Mouse"	"CCND2"
"M2"	"DIP_Mouse"	"KLC3"
"M2"	"DIP_Mouse"	"KRT17"
"M2"	"DIP_Mouse"	"ZBP1"
"M2"	"DIP_Mouse"	"SEMA6A"
"M2"	"DIP_Mouse"	"HGF"
"M2"	"DIP_Mouse"	"BVES"
"M2"	"DIP_Mouse"	"CD38"
"M2"	"DIP_Mouse"	"RAG1"
"M2"	"BIND_Yeast"	"PRKAA2"
"M2"	"BIND_Yeast"	"PYGL"
"M2"	"Krogan_Core"	"PRKAA2"
"M2"	"Krogan_Core"	"AKR1B10"
"M2"	"MIPS"	"PRKAA2"
"M2"	"MIPS"	"QPRT"
"M2"	"Yeast_Kinome"	"PRKAA2"
"M2"	"BIND_Worm"	"PRKAA2"
"M2"	"BIND_Worm"	"DCLK1"
"M2"	"BIND_Worm"	"CTSV"
"M2"	"BIND_Worm"	"CPE"
"M2"	"Tarassov_PCA"	"AKR1B10"
"M2"	"StelzlMedium"	"THNSL2"
"M2"	"StelzlMedium"	"FGFR3"
"M2"	"StelzlMedium"	"EGR2"
"M2"	"StelzlMedium"	"NR4A1"
"M2"	"StelzlMedium"	"TPD52L1"
"M2"	"StelzlMedium"	"NDUFA4L2"
"M2"	"StelzlMedium"	"STC2"
"M2"	"StelzlMedium"	"KCNH2"
"M2"	"StelzlMedium"	"GOLM1"
"M2"	"StelzlMedium"	"HBB"
"M2"	"StelzlMedium"	"CPE"
"M2"	"StelzlMedium"	"COL9A2"
"M2"	"StelzlMedium"	"ARL4D"
"M2"	"StelzlMedium"	"WFDC2"
"M2"	"StelzlMedium"	"SUSD4"
"M2"	"StelzlMedium"	"AKR1C3"
"M2"	"StelzlMedium"	"PDZK1IP1"
"M2"	"StelzlLow"	"NDUFA4L2"
"M2"	"StelzlLow"	"GOLM1"
"M2"	"StelzlLow"	"SEPT3"
"M2"	"StelzlLow"	"SUSD4"
"M2"	"StelzlLow"	"AKR1C3"
"M2"	"MGI"	"SIX1"
"M2"	"MGI"	"BMP7"
"M2"	"MGI"	"GATA3"
"M2"	"MGI"	"PPARGC1A"
"M2"	"MGI"	"AXIN2"
"M2"	"MGI"	"NTRK2"
"M2"	"MGI"	"TFAP2A"
"M2"	"MGI"	"CLDN1"
"M2"	"MGI"	"CCND2"
"M2"	"MGI"	"WNT4"
"M2"	"MGI"	"WNT7B"
"M2"	"MGI"	"RGL3"
"M2"	"MGI"	"DLX5"
"M2"	"MGI"	"WNT5A"
"M2"	"Pawson2"	"AMOT"
"M2"	"ShawnLi"	"EFS"
"M2"	"ShawnLi"	"GRIN2D"
"M2"	"ShawnLi"	"RAG1"
"M2"	"SOURAV_MAPK_HIGH"	"ARHGEF4"
"M2"	"FlyHigh"	"CRYAB"
"M2"	"FlyHigh"	"SIX1"
"M2"	"FlyHigh"	"PHYHD1"
"M2"	"FlyHigh"	"ELOVL4"
"M2"	"StelzlHigh"	"PTN"
"M2"	"StelzlHigh"	"FGFR3"
"M2"	"StelzlHigh"	"EGR2"
"M2"	"StelzlHigh"	"GOLM1"
"M2"	"StelzlHigh"	"CPE"
"M2"	"StelzlHigh"	"ARL4D"
"M2"	"StelzlHigh"	"AKR1C3"
"M2"	"DIP_Rat"	"SYT1"
"M2"	"DIP_Rat"	"NTRK2"
"M2"	"DIP_Rat"	"FOSL1"
"M2"	"DIP_Rat"	"EPHB1"
"M2"	"YeastHigh"	"THNSL2"
"M2"	"I2D-c_Fiona_HUMAN"	"CDH3"
"M2"	"I2D-text_mining-c"	"BMP7"
"M2"	"DIP_Yeast"	"PRKAA2"
"M2"	"DIP_Yeast"	"SLC9A9"
"M2"	"DIP_Yeast"	"PYGL"
"M2"	"DIP_Yeast"	"THNSL2"
"M2"	"DIP_Yeast"	"QPRT"
"M2"	"DIP_Yeast"	"SLC38A11"
"M2"	"Nakahira_Septin"	"SEPT3"
"M2"	"DIP_Worm"	"DCLK1"
"M2"	"DIP_Worm"	"PARD6G"
"M2"	"DIP_Worm"	"CPE"
"M2"	"Yu_GoldStd"	"PRKAA2"
"M2"	"Fawcett_polarity_Rat"	"MAP2"
"M2"	"Fawcett_polarity_Rat"	"PCLO"
"M2"	"CORE_2"	"DCLK1"
"M2"	"CORE_2"	"CPE"
"M2"	"Fawcett_polarity"	"AMOT"
"M2"	"I2D-c_Fiona_MOUSE"	"GLI1"
"M2"	"NON_CORE"	"CTSV"
"M3"	"IntAct_Mouse"	"TFCP2L1"
"M3"	"IntAct_Mouse"	"KRT13"
"M3"	"IntAct_Mouse"	"SFN"
"M3"	"IntAct_Mouse"	"TP63"
"M3"	"IntAct_Mouse"	"CLU"
"M3"	"IntAct_Mouse"	"SULT2B1"
"M3"	"IntAct_Mouse"	"S100A8"
"M3"	"IntAct_Mouse"	"APLP1"
"M3"	"IntAct_Mouse"	"F2RL2"
"M3"	"IntAct_Mouse"	"S100A9"
"M3"	"IntAct_Mouse"	"CDA"
"M3"	"IntAct_Mouse"	"SALL4"
"M3"	"IntAct_Mouse"	"SOX15"
"M3"	"IntAct_Mouse"	"PPL"
"M3"	"IntAct_Mouse"	"PAX9"
"M3"	"IntAct_Mouse"	"ECM1"
"M3"	"IntAct_Mouse"	"SPAG17"
"M3"	"IntAct_Mouse"	"BARX2"
"M3"	"IntAct_Mouse"	"KRT14"
"M3"	"IntAct_Mouse"	"EYA2"
"M3"	"IntAct_Mouse"	"GJB6"
"M3"	"IntAct_Mouse"	"GJB2"
"M3"	"IntAct_Mouse"	"KRT16"
"M3"	"IntAct"	"TFCP2L1"
"M3"	"IntAct"	"KRT6B"
"M3"	"IntAct"	"KRT13"
"M3"	"IntAct"	"RASSF10"
"M3"	"IntAct"	"SFN"
"M3"	"IntAct"	"TMEM79"
"M3"	"IntAct"	"TP63"
"M3"	"IntAct"	"CLU"
"M3"	"IntAct"	"SCNN1B"
"M3"	"IntAct"	"SULT2B1"
"M3"	"IntAct"	"IL1A"
"M3"	"IntAct"	"S100A8"
"M3"	"IntAct"	"ANXA1"
"M3"	"IntAct"	"APLP1"
"M3"	"IntAct"	"F2RL2"
"M3"	"IntAct"	"S100A9"
"M3"	"IntAct"	"CDA"
"M3"	"IntAct"	"SOX15"
"M3"	"IntAct"	"CALML3"
"M3"	"IntAct"	"GRHL3"
"M3"	"IntAct"	"P2RY2"
"M3"	"IntAct"	"SERPINB5"
"M3"	"IntAct"	"TRIM29"
"M3"	"IntAct"	"KRT6A"
"M3"	"IntAct"	"FABP5"
"M3"	"IntAct"	"S100A14"
"M3"	"IntAct"	"CDKN2B"
"M3"	"IntAct"	"SLPI"
"M3"	"IntAct"	"NOD2"
"M3"	"IntAct"	"RHOV"
"M3"	"IntAct"	"PPP1R3C"
"M3"	"IntAct"	"PPL"
"M3"	"IntAct"	"MALL"
"M3"	"IntAct"	"DSG1"
"M3"	"IntAct"	"ECM1"
"M3"	"IntAct"	"SPRR3"
"M3"	"IntAct"	"TGM1"
"M3"	"IntAct"	"KRT5"
"M3"	"IntAct"	"BNIPL"
"M3"	"IntAct"	"TGM3"
"M3"	"IntAct"	"LY6D"
"M3"	"IntAct"	"LYPD3"
"M3"	"IntAct"	"KLK7"
"M3"	"IntAct"	"NCKAP5"
"M3"	"IntAct"	"KLK6"
"M3"	"IntAct"	"CSTA"
"M3"	"IntAct"	"IL1R2"
"M3"	"IntAct"	"KRT14"
"M3"	"IntAct"	"PKP1"
"M3"	"IntAct"	"ALOX12B"
"M3"	"IntAct"	"ALOX12"
"M3"	"IntAct"	"S100A2"
"M3"	"IntAct"	"ACPP"
"M3"	"IntAct"	"CD177"
"M3"	"IntAct"	"EYA2"
"M3"	"IntAct"	"SCEL"
"M3"	"IntAct"	"CLIC3"
"M3"	"IntAct"	"ANXA8"
"M3"	"IntAct"	"AREG"
"M3"	"IntAct"	"GNA15"
"M3"	"IntAct"	"DMKN"
"M3"	"IntAct"	"SERPINB3"
"M3"	"IntAct"	"MAL"
"M3"	"IntAct"	"SPRR2A"
"M3"	"IntAct"	"DEFB1"
"M3"	"IntAct"	"ANKRD35"
"M3"	"IntAct"	"GJB5"
"M3"	"IntAct"	"NEBL"
"M3"	"IntAct"	"DSC2"
"M3"	"IntAct"	"RRAD"
"M3"	"IntAct"	"WNT11"
"M3"	"IntAct"	"S100A7"
"M3"	"IntAct"	"SERPINB4"
"M3"	"IntAct"	"TMPRSS11D"
"M3"	"IntAct"	"DUSP5"
"M3"	"IntAct"	"CRABP2"
"M3"	"IntAct"	"FLG"
"M3"	"IntAct"	"KLK10"
"M3"	"IntAct"	"SDR16C5"
"M3"	"IntAct"	"NECTIN4"
"M3"	"IntAct"	"ZNF750"
"M3"	"IntAct"	"SDR42E1"
"M3"	"IntAct"	"GJB3"
"M3"	"IntAct"	"KRT6C"
"M3"	"IntAct"	"NMU"
"M3"	"IntAct"	"KRT4"
"M3"	"IntAct"	"KRT16"
"M3"	"IntAct"	"SPRR1B"
"M3"	"IntAct"	"SPRR2D"
"M3"	"IntAct"	"NIPAL4"
"M3"	"IntAct"	"NSG1"
"M3"	"IntAct"	"EMID1"
"M3"	"IntAct"	"SLC16A9"
"M3"	"IntAct"	"AIF1L"
"M3"	"BioGrid"	"KRT6B"
"M3"	"BioGrid"	"KRT13"
"M3"	"BioGrid"	"SFN"
"M3"	"BioGrid"	"TMEM79"
"M3"	"BioGrid"	"TP63"
"M3"	"BioGrid"	"CLU"
"M3"	"BioGrid"	"SCNN1B"
"M3"	"BioGrid"	"SULT2B1"
"M3"	"BioGrid"	"IL1A"
"M3"	"BioGrid"	"S100A8"
"M3"	"BioGrid"	"ANXA1"
"M3"	"BioGrid"	"APLP1"
"M3"	"BioGrid"	"S100A9"
"M3"	"BioGrid"	"CDA"
"M3"	"BioGrid"	"SALL4"
"M3"	"BioGrid"	"SOX15"
"M3"	"BioGrid"	"CALML3"
"M3"	"BioGrid"	"GRHL3"
"M3"	"BioGrid"	"P2RY2"
"M3"	"BioGrid"	"SERPINB5"
"M3"	"BioGrid"	"TRIM29"
"M3"	"BioGrid"	"KRT6A"
"M3"	"BioGrid"	"S100A14"
"M3"	"BioGrid"	"CDKN2B"
"M3"	"BioGrid"	"SLPI"
"M3"	"BioGrid"	"FGFBP1"
"M3"	"BioGrid"	"NOD2"
"M3"	"BioGrid"	"PPP1R3C"
"M3"	"BioGrid"	"PPL"
"M3"	"BioGrid"	"MALL"
"M3"	"BioGrid"	"PAX9"
"M3"	"BioGrid"	"DSG1"
"M3"	"BioGrid"	"ECM1"
"M3"	"BioGrid"	"FKBP10"
"M3"	"BioGrid"	"TGM1"
"M3"	"BioGrid"	"KRT5"
"M3"	"BioGrid"	"BNIPL"
"M3"	"BioGrid"	"LY6D"
"M3"	"BioGrid"	"KLK7"
"M3"	"BioGrid"	"EREG"
"M3"	"BioGrid"	"KLK6"
"M3"	"BioGrid"	"KLK13"
"M3"	"BioGrid"	"CSTA"
"M3"	"BioGrid"	"GPC3"
"M3"	"BioGrid"	"IL1R2"
"M3"	"BioGrid"	"KRT14"
"M3"	"BioGrid"	"PKP1"
"M3"	"BioGrid"	"ALOX12"
"M3"	"BioGrid"	"IVL"
"M3"	"BioGrid"	"PI3"
"M3"	"BioGrid"	"S100A2"
"M3"	"BioGrid"	"ACPP"
"M3"	"BioGrid"	"EYA2"
"M3"	"BioGrid"	"SCEL"
"M3"	"BioGrid"	"CLIC3"
"M3"	"BioGrid"	"SERPINB2"
"M3"	"BioGrid"	"ANXA8"
"M3"	"BioGrid"	"AREG"
"M3"	"BioGrid"	"GNA15"
"M3"	"BioGrid"	"DMKN"
"M3"	"BioGrid"	"SERPINB3"
"M3"	"BioGrid"	"MAL"
"M3"	"BioGrid"	"KLK8"
"M3"	"BioGrid"	"GJB5"
"M3"	"BioGrid"	"HOPX"
"M3"	"BioGrid"	"NEBL"
"M3"	"BioGrid"	"DSG3"
"M3"	"BioGrid"	"DSC2"
"M3"	"BioGrid"	"DSC3"
"M3"	"BioGrid"	"RRAD"
"M3"	"BioGrid"	"WNT11"
"M3"	"BioGrid"	"S100A7"
"M3"	"BioGrid"	"GPX3"
"M3"	"BioGrid"	"SERPINB4"
"M3"	"BioGrid"	"DUSP5"
"M3"	"BioGrid"	"GJB2"
"M3"	"BioGrid"	"CRABP2"
"M3"	"BioGrid"	"ADH7"
"M3"	"BioGrid"	"KLK10"
"M3"	"BioGrid"	"NECTIN4"
"M3"	"BioGrid"	"CYSRT1"
"M3"	"BioGrid"	"S100A12"
"M3"	"BioGrid"	"TNFSF9"
"M3"	"BioGrid"	"TMPRSS11A"
"M3"	"BioGrid"	"NMU"
"M3"	"BioGrid"	"FAM83A"
"M3"	"BioGrid"	"NSG1"
"M3"	"BioGrid"	"PAQR5"
"M3"	"HPRD"	"TFCP2L1"
"M3"	"HPRD"	"KRT13"
"M3"	"HPRD"	"SFN"
"M3"	"HPRD"	"TP63"
"M3"	"HPRD"	"SCNN1B"
"M3"	"HPRD"	"SULT2B1"
"M3"	"HPRD"	"IL1A"
"M3"	"HPRD"	"S100A8"
"M3"	"HPRD"	"ANXA1"
"M3"	"HPRD"	"APLP1"
"M3"	"HPRD"	"F2RL2"
"M3"	"HPRD"	"S100A9"
"M3"	"HPRD"	"CDA"
"M3"	"HPRD"	"CALML3"
"M3"	"HPRD"	"GRHL3"
"M3"	"HPRD"	"TRIM29"
"M3"	"HPRD"	"AQP3"
"M3"	"HPRD"	"KRT6A"
"M3"	"HPRD"	"FABP5"
"M3"	"HPRD"	"S100A14"
"M3"	"HPRD"	"CDKN2B"
"M3"	"HPRD"	"FGFBP1"
"M3"	"HPRD"	"NOD2"
"M3"	"HPRD"	"PPL"
"M3"	"HPRD"	"MALL"
"M3"	"HPRD"	"PAX9"
"M3"	"HPRD"	"DSG1"
"M3"	"HPRD"	"ECM1"
"M3"	"HPRD"	"SPRR3"
"M3"	"HPRD"	"FKBP10"
"M3"	"HPRD"	"TGM1"
"M3"	"HPRD"	"UPK3B"
"M3"	"HPRD"	"KRT5"
"M3"	"HPRD"	"BNIPL"
"M3"	"HPRD"	"NCKAP5"
"M3"	"HPRD"	"EREG"
"M3"	"HPRD"	"SERPINB13"
"M3"	"HPRD"	"KLK6"
"M3"	"HPRD"	"KLK13"
"M3"	"HPRD"	"CSTA"
"M3"	"HPRD"	"BARX2"
"M3"	"HPRD"	"GPC3"
"M3"	"HPRD"	"IL1R2"
"M3"	"HPRD"	"KRT14"
"M3"	"HPRD"	"PKP1"
"M3"	"HPRD"	"ALOX12B"
"M3"	"HPRD"	"ALOX12"
"M3"	"HPRD"	"PI3"
"M3"	"HPRD"	"S100A2"
"M3"	"HPRD"	"ACPP"
"M3"	"HPRD"	"CD177"
"M3"	"HPRD"	"SCEL"
"M3"	"HPRD"	"CLIC3"
"M3"	"HPRD"	"SERPINB2"
"M3"	"HPRD"	"AREG"
"M3"	"HPRD"	"DUOX1"
"M3"	"HPRD"	"SPINK5"
"M3"	"HPRD"	"SERPINB3"
"M3"	"HPRD"	"DEFB1"
"M3"	"HPRD"	"HOPX"
"M3"	"HPRD"	"NEBL"
"M3"	"HPRD"	"DSG3"
"M3"	"HPRD"	"DSC2"
"M3"	"HPRD"	"DSC3"
"M3"	"HPRD"	"RRAD"
"M3"	"HPRD"	"S100A7"
"M3"	"HPRD"	"SERPINB4"
"M3"	"HPRD"	"DUSP5"
"M3"	"HPRD"	"GJB6"
"M3"	"HPRD"	"CRABP2"
"M3"	"HPRD"	"XDH"
"M3"	"HPRD"	"FLG"
"M3"	"HPRD"	"ADH7"
"M3"	"HPRD"	"KLK10"
"M3"	"HPRD"	"NECTIN4"
"M3"	"HPRD"	"SPRR1A"
"M3"	"HPRD"	"S100A12"
"M3"	"HPRD"	"FOXE1"
"M3"	"HPRD"	"TNFSF9"
"M3"	"HPRD"	"GJB3"
"M3"	"HPRD"	"IL20RB"
"M3"	"HPRD"	"TMPRSS11A"
"M3"	"HPRD"	"NSG1"
"M3"	"HPRD"	"EMID1"
"M3"	"HPRD"	"PGLYRP3"
"M3"	"BCI"	"SFN"
"M3"	"BCI"	"TP63"
"M3"	"BCI"	"CLU"
"M3"	"BCI"	"IL1A"
"M3"	"BCI"	"S100A8"
"M3"	"BCI"	"ANXA1"
"M3"	"BCI"	"APLP1"
"M3"	"BCI"	"AQP3"
"M3"	"BCI"	"PPL"
"M3"	"BCI"	"PAX9"
"M3"	"BCI"	"KRT5"
"M3"	"BCI"	"CSTA"
"M3"	"BCI"	"KRT14"
"M3"	"BCI"	"PKP1"
"M3"	"BCI"	"ALOX12B"
"M3"	"BCI"	"ALOX12"
"M3"	"BCI"	"S100A2"
"M3"	"BCI"	"GNA15"
"M3"	"BCI"	"DEFB1"
"M3"	"BCI"	"IL1RN"
"M3"	"BCI"	"S100A7"
"M3"	"BCI"	"DUSP5"
"M3"	"BCI"	"S100A12"
"M3"	"BIND"	"SFN"
"M3"	"BIND"	"CLU"
"M3"	"BIND"	"IL1A"
"M3"	"BIND"	"S100A8"
"M3"	"BIND"	"APLP1"
"M3"	"BIND"	"S100A9"
"M3"	"BIND"	"CDA"
"M3"	"BIND"	"FGFBP1"
"M3"	"BIND"	"NOD2"
"M3"	"BIND"	"TGM1"
"M3"	"BIND"	"KRT5"
"M3"	"BIND"	"BNIPL"
"M3"	"BIND"	"CSTA"
"M3"	"BIND"	"KRT14"
"M3"	"BIND"	"ALOX12"
"M3"	"BIND"	"PI3"
"M3"	"BIND"	"ACPP"
"M3"	"BIND"	"GNA15"
"M3"	"BIND"	"IL1RN"
"M3"	"BIND"	"S100A7"
"M3"	"BIND"	"CRABP2"
"M3"	"BIND"	"ADH7"
"M3"	"BIND"	"S100A12"
"M3"	"BIND"	"NMU"
"M3"	"BIND"	"PGLYRP3"
"M3"	"INNATEDB"	"SFN"
"M3"	"INNATEDB"	"TMEM79"
"M3"	"INNATEDB"	"TP63"
"M3"	"INNATEDB"	"CLU"
"M3"	"INNATEDB"	"IL1A"
"M3"	"INNATEDB"	"S100A8"
"M3"	"INNATEDB"	"ANXA1"
"M3"	"INNATEDB"	"S100A9"
"M3"	"INNATEDB"	"SERPINB5"
"M3"	"INNATEDB"	"AQP3"
"M3"	"INNATEDB"	"KRT6A"
"M3"	"INNATEDB"	"CDKN2B"
"M3"	"INNATEDB"	"NOD2"
"M3"	"INNATEDB"	"SLC15A1"
"M3"	"INNATEDB"	"SERPINB13"
"M3"	"INNATEDB"	"KLK13"
"M3"	"INNATEDB"	"IL1R2"
"M3"	"INNATEDB"	"ALOX12"
"M3"	"INNATEDB"	"GNA15"
"M3"	"INNATEDB"	"SPINK5"
"M3"	"INNATEDB"	"SERPINB3"
"M3"	"INNATEDB"	"MAL"
"M3"	"INNATEDB"	"DEFB1"
"M3"	"INNATEDB"	"HOPX"
"M3"	"INNATEDB"	"PADI1"
"M3"	"INNATEDB"	"SERPINB4"
"M3"	"INNATEDB"	"S100A12"
"M3"	"INNATEDB"	"IL20RB"
"M3"	"INNATEDB"	"NMU"
"M3"	"INNATEDB"	"PGLYRP3"
"M3"	"BIND_Rat"	"DOC2B"
"M3"	"BIND_Rat"	"NMU"
"M3"	"BIND_Rat"	"NSG1"
"M3"	"INNATEDB_Mouse"	"TP63"
"M3"	"INNATEDB_Mouse"	"S100A8"
"M3"	"INNATEDB_Mouse"	"CDKN2B"
"M3"	"INNATEDB_Mouse"	"CREG2"
"M3"	"INNATEDB_Mouse"	"STEAP4"
"M3"	"MINT"	"KRT6B"
"M3"	"MINT"	"SFN"
"M3"	"MINT"	"TMEM79"
"M3"	"MINT"	"TP63"
"M3"	"MINT"	"SULT2B1"
"M3"	"MINT"	"S100A8"
"M3"	"MINT"	"ANXA1"
"M3"	"MINT"	"APLP1"
"M3"	"MINT"	"F2RL2"
"M3"	"MINT"	"CALML3"
"M3"	"MINT"	"P2RY2"
"M3"	"MINT"	"SERPINB5"
"M3"	"MINT"	"TRIM29"
"M3"	"MINT"	"S100A14"
"M3"	"MINT"	"NOD2"
"M3"	"MINT"	"PPP1R3C"
"M3"	"MINT"	"PPL"
"M3"	"MINT"	"MALL"
"M3"	"MINT"	"NCKAP5"
"M3"	"MINT"	"CSTA"
"M3"	"MINT"	"S100A2"
"M3"	"MINT"	"ACPP"
"M3"	"MINT"	"EYA2"
"M3"	"MINT"	"SCEL"
"M3"	"MINT"	"AREG"
"M3"	"MINT"	"NEBL"
"M3"	"MINT"	"TMPRSS11D"
"M3"	"MINT"	"KLK10"
"M3"	"MINT"	"NECTIN4"
"M3"	"MGI"	"ANXA1"
"M3"	"MGI"	"APLP1"
"M3"	"MGI"	"TRIM29"
"M3"	"MGI"	"GJB6"
"M3"	"MGI"	"EMID1"
"M3"	"DIP"	"TP63"
"M3"	"DIP"	"APLP1"
"M3"	"DIP"	"F2RL2"
"M3"	"DIP"	"S100A9"
"M3"	"DIP"	"NOD2"
"M3"	"DIP"	"KRT5"
"M3"	"DIP"	"KRT14"
"M3"	"DIP"	"IL1RN"
"M3"	"DIP"	"GJB2"
"M3"	"DIP"	"NECTIN4"
"M3"	"DIP"	"RHCG"
"M3"	"VidalHuman_core"	"KRT6B"
"M3"	"VidalHuman_core"	"SFN"
"M3"	"VidalHuman_core"	"CALML3"
"M3"	"VidalHuman_core"	"TRIM29"
"M3"	"VidalHuman_core"	"KRT6A"
"M3"	"VidalHuman_core"	"CDKN2B"
"M3"	"VidalHuman_core"	"MALL"
"M3"	"VidalHuman_core"	"S100A2"
"M3"	"VidalHuman_core"	"EYA2"
"M3"	"BioGrid_Mouse"	"TFCP2L1"
"M3"	"BioGrid_Mouse"	"SFN"
"M3"	"BioGrid_Mouse"	"TP63"
"M3"	"BioGrid_Mouse"	"ANXA1"
"M3"	"BioGrid_Mouse"	"SALL4"
"M3"	"BioGrid_Mouse"	"SLPI"
"M3"	"BioGrid_Mouse"	"FGFBP1"
"M3"	"BioGrid_Mouse"	"PPL"
"M3"	"BioGrid_Mouse"	"PAX9"
"M3"	"BioGrid_Mouse"	"BARX2"
"M3"	"BioGrid_Mouse"	"EYA2"
"M3"	"BioGrid_Mouse"	"TMPRSS11E"
"M3"	"BioGrid_Mouse"	"KLK8"
"M3"	"BioGrid_Mouse"	"WNT11"
"M3"	"YeastMedium"	"CDA"
"M3"	"StelzlMedium"	"S100A8"
"M3"	"StelzlMedium"	"APLP1"
"M3"	"StelzlMedium"	"CDKN2B"
"M3"	"StelzlMedium"	"KLK10"
"M3"	"IntAct_Rat"	"CLU"
"M3"	"IntAct_Rat"	"RHOV"
"M3"	"BioGrid_Yeast"	"CDA"
"M3"	"BioGrid_Yeast"	"SLC15A1"
"M3"	"DIP_Mouse"	"SCNN1B"
"M3"	"DIP_Mouse"	"SALL4"
"M3"	"DIP_Mouse"	"CDKN2B"
"M3"	"DIP_Mouse"	"NECTIN4"
"M3"	"ShawnLi"	"F2RL2"
"M3"	"ShawnLi"	"NCKAP5"
"M3"	"BIND_Mouse"	"CLU"
"M3"	"BIND_Mouse"	"S100A8"
"M3"	"BIND_Mouse"	"S100A9"
"M3"	"BIND_Mouse"	"CDA"
"M3"	"BIND_Mouse"	"PAX9"
"M3"	"BIND_Mouse"	"BARX2"
"M3"	"KIM_MYC"	"SALL4"
"M3"	"SOURAV_MAPK_HIGH"	"S100A9"
"M3"	"VidalHuman_non_core"	"KRT6B"
"M3"	"VidalHuman_non_core"	"SFN"
"M3"	"VidalHuman_non_core"	"KRT6A"
"M3"	"VidalHuman_non_core"	"EYA2"
"M3"	"VidalHuman_non_core"	"CRABP2"
"M3"	"VidalHuman_non_core"	"NMU"
"M3"	"StelzlLow"	"S100A8"
"M3"	"StelzlLow"	"CSTA"
"M3"	"I2D-text_mining-c"	"CSTA"
"M3"	"BIND_Yeast"	"CDA"
"M3"	"DIP_Yeast"	"CDA"
"M3"	"IntAct_Yeast"	"CDA"
"M3"	"IntAct_Yeast"	"AQP3"
"M3"	"MINT_Mouse"	"TP63"
"M3"	"MINT_Mouse"	"CDA"
"M3"	"MINT_Mouse"	"SOX15"
"M3"	"MINT_Yeast"	"CDA"
"M3"	"MIPS"	"CDA"
"M3"	"Tarassov_PCA"	"CDA"
"M3"	"Yu_GoldStd"	"CDA"
"M3"	"IntAct_Worm"	"XDH"
"M3"	"DIP_Rat"	"MAL"
"M3"	"DIP_Fly"	"SDR16C5"
"M3"	"IntAct_Fly"	"SDR16C5"
"M3"	"BioGrid_Fly"	"SLC15A1"
"M3"	"BIND_Fly"	"SLC15A1"
"M3"	"FlyHigh"	"SLC15A1"
"M3"	"StelzlHigh"	"S100A8"
"M3"	"StelzlHigh"	"CDKN2B"
"M3"	"Fawcett_polarity"	"DSG1"
"M4"	"IntAct_Fly"	"NTN1"
"M4"	"IntAct_Fly"	"MOXD1"
"M4"	"IntAct_Fly"	"APOD"
"M4"	"IntAct_Fly"	"MFAP4"
"M4"	"IntAct_Fly"	"NBEA"
"M4"	"BioGrid"	"NTN1"
"M4"	"BioGrid"	"FAM107A"
"M4"	"BioGrid"	"KCNMA1"
"M4"	"BioGrid"	"FLNC"
"M4"	"BioGrid"	"FHL1"
"M4"	"BioGrid"	"PCSK9"
"M4"	"BioGrid"	"TAGLN"
"M4"	"BioGrid"	"DES"
"M4"	"BioGrid"	"HOXA9"
"M4"	"BioGrid"	"FBLN1"
"M4"	"BioGrid"	"ELN"
"M4"	"BioGrid"	"SORBS1"
"M4"	"BioGrid"	"GFRA1"
"M4"	"BioGrid"	"FGF7"
"M4"	"BioGrid"	"MYH11"
"M4"	"BioGrid"	"MOXD1"
"M4"	"BioGrid"	"PLN"
"M4"	"BioGrid"	"SYNM"
"M4"	"BioGrid"	"ANK2"
"M4"	"BioGrid"	"CXCL8"
"M4"	"BioGrid"	"COMP"
"M4"	"BioGrid"	"PTGDS"
"M4"	"BioGrid"	"SYNPO2"
"M4"	"BioGrid"	"PRUNE2"
"M4"	"BioGrid"	"APOD"
"M4"	"BioGrid"	"KCND3"
"M4"	"BioGrid"	"SLIT2"
"M4"	"BioGrid"	"ITGA8"
"M4"	"BioGrid"	"ADCY5"
"M4"	"BioGrid"	"IGFBP5"
"M4"	"BioGrid"	"IL1B"
"M4"	"BioGrid"	"C4A"
"M4"	"BioGrid"	"DPT"
"M4"	"BioGrid"	"PRELP"
"M4"	"BioGrid"	"PTGIS"
"M4"	"BioGrid"	"HSPB7"
"M4"	"BioGrid"	"SELE"
"M4"	"BioGrid"	"CNN1"
"M4"	"BioGrid"	"MYOCD"
"M4"	"BioGrid"	"IL33"
"M4"	"BioGrid"	"CHRDL2"
"M4"	"BioGrid"	"TPSAB1"
"M4"	"BioGrid"	"ADAMTSL3"
"M4"	"BioGrid"	"PGM5"
"M4"	"BioGrid"	"BOC"
"M4"	"BioGrid"	"SELP"
"M4"	"BioGrid"	"LIFR"
"M4"	"BioGrid"	"RYR2"
"M4"	"BioGrid"	"DPYSL3"
"M4"	"BioGrid"	"TNXB"
"M4"	"BioGrid"	"CACNA1H"
"M4"	"BioGrid"	"TPSB2"
"M4"	"BioGrid"	"ABI3BP"
"M4"	"BioGrid"	"MAOB"
"M4"	"BioGrid"	"CX3CL1"
"M4"	"BioGrid"	"MYEF2"
"M4"	"BioGrid"	"RSPO3"
"M4"	"BioGrid"	"LRRN2"
"M4"	"BioGrid_Mouse"	"KCNMA1"
"M4"	"BioGrid_Mouse"	"FHL1"
"M4"	"BioGrid_Mouse"	"DES"
"M4"	"BioGrid_Mouse"	"HOXA9"
"M4"	"BioGrid_Mouse"	"SORBS1"
"M4"	"BioGrid_Mouse"	"SLIT2"
"M4"	"BioGrid_Mouse"	"IL1B"
"M4"	"BioGrid_Mouse"	"MYOCD"
"M4"	"BioGrid_Mouse"	"IL33"
"M4"	"BioGrid_Mouse"	"CHRDL2"
"M4"	"BioGrid_Mouse"	"PGM5"
"M4"	"BioGrid_Mouse"	"RYR2"
"M4"	"BioGrid_Mouse"	"CACNA1H"
"M4"	"BioGrid_Mouse"	"SOD3"
"M4"	"BCI"	"KCNMA1"
"M4"	"BCI"	"FHL1"
"M4"	"BCI"	"DES"
"M4"	"BCI"	"FBLN1"
"M4"	"BCI"	"ELN"
"M4"	"BCI"	"MYH11"
"M4"	"BCI"	"ACTG2"
"M4"	"BCI"	"CXCL8"
"M4"	"BCI"	"PTGDS"
"M4"	"BCI"	"APOD"
"M4"	"BCI"	"IGFBP5"
"M4"	"BCI"	"CFD"
"M4"	"BCI"	"IL1B"
"M4"	"BCI"	"DPT"
"M4"	"BCI"	"ACKR1"
"M4"	"BCI"	"SELP"
"M4"	"BIND"	"KCNMA1"
"M4"	"BIND"	"FLNC"
"M4"	"BIND"	"FHL1"
"M4"	"BIND"	"ELN"
"M4"	"BIND"	"PLN"
"M4"	"BIND"	"CXCL8"
"M4"	"BIND"	"KCND3"
"M4"	"BIND"	"IGFBP5"
"M4"	"BIND"	"TPSAB1"
"M4"	"BIND"	"SELP"
"M4"	"BIND"	"CACNA1H"
"M4"	"BIND"	"MAOB"
"M4"	"BIND"	"CX3CL1"
"M4"	"IntAct_Mouse"	"NTN1"
"M4"	"IntAct_Mouse"	"KCNMA1"
"M4"	"IntAct_Mouse"	"DES"
"M4"	"IntAct_Mouse"	"RYR2"
"M4"	"IntAct"	"FAM107A"
"M4"	"IntAct"	"FLNC"
"M4"	"IntAct"	"FHL1"
"M4"	"IntAct"	"PCSK9"
"M4"	"IntAct"	"TAGLN"
"M4"	"IntAct"	"DES"
"M4"	"IntAct"	"HOXA9"
"M4"	"IntAct"	"FBLN1"
"M4"	"IntAct"	"ELN"
"M4"	"IntAct"	"SORBS1"
"M4"	"IntAct"	"GFRA1"
"M4"	"IntAct"	"HSPB6"
"M4"	"IntAct"	"FGF7"
"M4"	"IntAct"	"MYH11"
"M4"	"IntAct"	"MOXD1"
"M4"	"IntAct"	"PLN"
"M4"	"IntAct"	"SYNM"
"M4"	"IntAct"	"ANK2"
"M4"	"IntAct"	"CXCL8"
"M4"	"IntAct"	"COMP"
"M4"	"IntAct"	"PTGDS"
"M4"	"IntAct"	"SYNPO2"
"M4"	"IntAct"	"PRUNE2"
"M4"	"IntAct"	"APOD"
"M4"	"IntAct"	"TMOD1"
"M4"	"IntAct"	"ROBO2"
"M4"	"IntAct"	"SLIT2"
"M4"	"IntAct"	"NBEA"
"M4"	"IntAct"	"IL1B"
"M4"	"IntAct"	"C4A"
"M4"	"IntAct"	"NUP210"
"M4"	"IntAct"	"HSPB7"
"M4"	"IntAct"	"SELE"
"M4"	"IntAct"	"MYOCD"
"M4"	"IntAct"	"IL33"
"M4"	"IntAct"	"TPSAB1"
"M4"	"IntAct"	"ADAMTSL3"
"M4"	"IntAct"	"OGN"
"M4"	"IntAct"	"LIFR"
"M4"	"IntAct"	"RYR2"
"M4"	"IntAct"	"TNXB"
"M4"	"IntAct"	"CACNA1H"
"M4"	"IntAct"	"TPSB2"
"M4"	"IntAct"	"ABI3BP"
"M4"	"IntAct"	"MAOB"
"M4"	"IntAct"	"MYL9"
"M4"	"IntAct"	"PDLIM3"
"M4"	"IntAct"	"RNF150"
"M4"	"IntAct"	"RSPO3"
"M4"	"IntAct"	"ADAM33"
"M4"	"IntAct"	"CYP1B1"
"M4"	"HPRD"	"NTN1"
"M4"	"HPRD"	"FAM107A"
"M4"	"HPRD"	"KCNMA1"
"M4"	"HPRD"	"FLNC"
"M4"	"HPRD"	"FHL1"
"M4"	"HPRD"	"PCSK9"
"M4"	"HPRD"	"TAGLN"
"M4"	"HPRD"	"DES"
"M4"	"HPRD"	"HOXA9"
"M4"	"HPRD"	"FBLN1"
"M4"	"HPRD"	"ELN"
"M4"	"HPRD"	"SORBS1"
"M4"	"HPRD"	"GFRA1"
"M4"	"HPRD"	"HSPB6"
"M4"	"HPRD"	"FGF7"
"M4"	"HPRD"	"PLN"
"M4"	"HPRD"	"ACTG2"
"M4"	"HPRD"	"SYNM"
"M4"	"HPRD"	"ANK2"
"M4"	"HPRD"	"CXCL8"
"M4"	"HPRD"	"COMP"
"M4"	"HPRD"	"PTGDS"
"M4"	"HPRD"	"APOD"
"M4"	"HPRD"	"TMOD1"
"M4"	"HPRD"	"KCND3"
"M4"	"HPRD"	"ROBO2"
"M4"	"HPRD"	"MFAP4"
"M4"	"HPRD"	"SLIT2"
"M4"	"HPRD"	"PLXNA4"
"M4"	"HPRD"	"ADCY5"
"M4"	"HPRD"	"NBEA"
"M4"	"HPRD"	"IGFBP5"
"M4"	"HPRD"	"CFD"
"M4"	"HPRD"	"IL1B"
"M4"	"HPRD"	"C4A"
"M4"	"HPRD"	"DPT"
"M4"	"HPRD"	"PRELP"
"M4"	"HPRD"	"NUP210"
"M4"	"HPRD"	"SELE"
"M4"	"HPRD"	"CNN1"
"M4"	"HPRD"	"MYOCD"
"M4"	"HPRD"	"CHRDL2"
"M4"	"HPRD"	"TPSAB1"
"M4"	"HPRD"	"ACKR1"
"M4"	"HPRD"	"PGM5"
"M4"	"HPRD"	"MMRN1"
"M4"	"HPRD"	"MGP"
"M4"	"HPRD"	"BOC"
"M4"	"HPRD"	"SELP"
"M4"	"HPRD"	"LIFR"
"M4"	"HPRD"	"RYR2"
"M4"	"HPRD"	"TNXB"
"M4"	"HPRD"	"CACNA1H"
"M4"	"HPRD"	"TPSB2"
"M4"	"HPRD"	"ABI3BP"
"M4"	"HPRD"	"MAOB"
"M4"	"HPRD"	"CX3CL1"
"M4"	"HPRD"	"JPH2"
"M4"	"HPRD"	"LMOD1"
"M4"	"HPRD"	"SOD3"
"M4"	"INNATEDB"	"TAGLN"
"M4"	"INNATEDB"	"HOXA9"
"M4"	"INNATEDB"	"ELN"
"M4"	"INNATEDB"	"ANK2"
"M4"	"INNATEDB"	"CXCL8"
"M4"	"INNATEDB"	"APOD"
"M4"	"INNATEDB"	"IL1B"
"M4"	"INNATEDB"	"SELE"
"M4"	"INNATEDB"	"IL33"
"M4"	"INNATEDB"	"TPSAB1"
"M4"	"INNATEDB"	"ACKR1"
"M4"	"INNATEDB"	"OGN"
"M4"	"INNATEDB"	"LGI2"
"M4"	"INNATEDB"	"CACNA1H"
"M4"	"INNATEDB"	"PDLIM3"
"M4"	"INNATEDB"	"CX3CL1"
"M4"	"BioGrid_Rat"	"GFRA1"
"M4"	"BioGrid_Rat"	"HSPB6"
"M4"	"BioGrid_Rat"	"APOD"
"M4"	"BioGrid_Rat"	"CNN1"
"M4"	"DIP_Fly"	"MOXD1"
"M4"	"DIP_Fly"	"ACTG2"
"M4"	"DIP_Fly"	"APOD"
"M4"	"DIP_Fly"	"ROBO2"
"M4"	"DIP_Fly"	"NBEA"
"M4"	"MINT_Fly"	"MOXD1"
"M4"	"MINT_Fly"	"ACTG2"
"M4"	"MINT_Fly"	"MFAP4"
"M4"	"DIP_Worm"	"FBLN1"
"M4"	"IntAct_Worm"	"FBLN1"
"M4"	"VidalHuman_core"	"FAM107A"
"M4"	"VidalHuman_core"	"HOXA9"
"M4"	"MINT"	"FAM107A"
"M4"	"MINT"	"FLNC"
"M4"	"MINT"	"FHL1"
"M4"	"MINT"	"SORBS1"
"M4"	"MINT"	"HSPB6"
"M4"	"MINT"	"SYNM"
"M4"	"MINT"	"APOD"
"M4"	"MINT"	"SLIT2"
"M4"	"MINT"	"NBEA"
"M4"	"MINT"	"IGFBP5"
"M4"	"MINT"	"IL1B"
"M4"	"MINT"	"DPT"
"M4"	"MINT"	"SELE"
"M4"	"MINT"	"IL33"
"M4"	"MINT"	"BOC"
"M4"	"MINT"	"LIFR"
"M4"	"MINT"	"TNXB"
"M4"	"MINT"	"RSPO3"
"M4"	"BioGrid_Fly"	"NTN1"
"M4"	"BioGrid_Fly"	"MOXD1"
"M4"	"BioGrid_Fly"	"ACTG2"
"M4"	"BioGrid_Fly"	"COMP"
"M4"	"BioGrid_Fly"	"TMOD1"
"M4"	"BioGrid_Fly"	"MFAP4"
"M4"	"BioGrid_Fly"	"SLIT2"
"M4"	"BioGrid_Fly"	"ITGA8"
"M4"	"BioGrid_Fly"	"ADCY5"
"M4"	"BioGrid_Fly"	"NUP210"
"M4"	"INNATEDB_Mouse"	"FLNC"
"M4"	"INNATEDB_Mouse"	"TAGLN"
"M4"	"INNATEDB_Mouse"	"PTGDS"
"M4"	"INNATEDB_Mouse"	"CPA3"
"M4"	"INNATEDB_Mouse"	"IL1B"
"M4"	"INNATEDB_Mouse"	"FGL2"
"M4"	"INNATEDB_Mouse"	"IL33"
"M4"	"INNATEDB_Mouse"	"ACKR1"
"M4"	"INNATEDB_Mouse"	"BOC"
"M4"	"INNATEDB_Mouse"	"SELP"
"M4"	"DIP"	"NTN1"
"M4"	"DIP"	"KCNMA1"
"M4"	"DIP"	"FLNC"
"M4"	"DIP"	"PCSK9"
"M4"	"DIP"	"GFRA1"
"M4"	"DIP"	"FGF7"
"M4"	"DIP"	"ANK2"
"M4"	"DIP"	"CXCL8"
"M4"	"DIP"	"SLIT2"
"M4"	"DIP"	"IL1B"
"M4"	"DIP"	"SELE"
"M4"	"DIP"	"IL33"
"M4"	"DIP"	"LIFR"
"M4"	"DIP"	"CX3CL1"
"M4"	"BIND_Rat"	"HSPB6"
"M4"	"BIND_Rat"	"KCND3"
"M4"	"BIND_Rat"	"MAOB"
"M4"	"IntAct_Rat"	"KCNMA1"
"M4"	"IntAct_Rat"	"FLNC"
"M4"	"IntAct_Rat"	"DES"
"M4"	"DIP_Mouse"	"SELE"
"M4"	"DIP_Mouse"	"MYOCD"
"M4"	"DIP_Mouse"	"LIFR"
"M4"	"DIP_Mouse"	"RYR2"
"M4"	"MGI"	"MYOCD"
"M4"	"BIND_Mouse"	"SORBS1"
"M4"	"IntAct_Yeast"	"PCSK9"
"M4"	"IntAct_Yeast"	"CPA3"
"M4"	"YeastLow"	"CPA3"
"M4"	"StelzlMedium"	"IGFBP5"
"M4"	"StelzlMedium"	"DPT"
"M4"	"StelzlLow"	"IGFBP5"
"M4"	"StelzlLow"	"IL33"
"M4"	"MINT_Mouse"	"KCNMA1"
"M4"	"MINT_Mouse"	"DES"
"M4"	"BioGrid_Yeast"	"PCSK9"
"M4"	"VidalHuman_non_core"	"FAM107A"
"M4"	"VidalHuman_non_core"	"PTGDS"
"M4"	"VidalHuman_non_core"	"FGL2"
"M4"	"KIM_MYC"	"ACTG2"
"M5"	"BioGrid"	"FN1"
"M5"	"BioGrid"	"VCAN"
"M5"	"BioGrid"	"TNFAIP6"
"M5"	"BioGrid"	"CACNA2D1"
"M5"	"BioGrid"	"WNT2"
"M5"	"BioGrid"	"MMP9"
"M5"	"BioGrid"	"PDPN"
"M5"	"BioGrid"	"MME"
"M5"	"BioGrid"	"EFEMP1"
"M5"	"BioGrid"	"COL1A2"
"M5"	"BioGrid"	"L1CAM"
"M5"	"BioGrid"	"ARNT2"
"M5"	"BioGrid"	"MMP1"
"M5"	"BioGrid"	"FBLN2"
"M5"	"BioGrid"	"COL1A1"
"M5"	"BioGrid"	"COL3A1"
"M5"	"BioGrid"	"COL5A1"
"M5"	"BioGrid"	"IL6"
"M5"	"BioGrid"	"STX19"
"M5"	"BioGrid"	"FBN1"
"M5"	"BioGrid"	"PTGER3"
"M5"	"BioGrid"	"SFRP2"
"M5"	"BioGrid"	"CST1"
"M5"	"BioGrid"	"COL8A2"
"M5"	"BioGrid"	"ADAM12"
"M5"	"BioGrid"	"COL8A1"
"M5"	"BioGrid"	"CCL11"
"M5"	"BioGrid"	"F13A1"
"M5"	"BioGrid"	"IGF2"
"M5"	"BioGrid"	"FAP"
"M5"	"BioGrid"	"CCL2"
"M5"	"BioGrid"	"RGS4"
"M5"	"BioGrid"	"NNMT"
"M5"	"BioGrid"	"COLEC12"
"M5"	"BioGrid"	"SULF1"
"M5"	"BioGrid"	"NLRP2"
"M5"	"BioGrid"	"COL10A1"
"M5"	"BioGrid"	"WISP1"
"M5"	"BioGrid"	"COL11A1"
"M5"	"BioGrid"	"TIMP3"
"M5"	"BioGrid"	"INHBA"
"M5"	"BioGrid"	"MGST1"
"M5"	"BioGrid"	"PRRX1"
"M5"	"BioGrid"	"GALNT15"
"M5"	"BioGrid"	"CLMP"
"M5"	"IntAct"	"FN1"
"M5"	"IntAct"	"VCAN"
"M5"	"IntAct"	"MMP9"
"M5"	"IntAct"	"MME"
"M5"	"IntAct"	"EFEMP1"
"M5"	"IntAct"	"COL1A2"
"M5"	"IntAct"	"ARNT2"
"M5"	"IntAct"	"MMP1"
"M5"	"IntAct"	"SFRP4"
"M5"	"IntAct"	"FBLN2"
"M5"	"IntAct"	"IL6"
"M5"	"IntAct"	"STX19"
"M5"	"IntAct"	"FBN1"
"M5"	"IntAct"	"SFRP2"
"M5"	"IntAct"	"CST1"
"M5"	"IntAct"	"MXRA5"
"M5"	"IntAct"	"ADAM12"
"M5"	"IntAct"	"COL8A1"
"M5"	"IntAct"	"CCL11"
"M5"	"IntAct"	"F13A1"
"M5"	"IntAct"	"C1S"
"M5"	"IntAct"	"IGF2"
"M5"	"IntAct"	"FAP"
"M5"	"IntAct"	"SPOCK1"
"M5"	"IntAct"	"NNMT"
"M5"	"IntAct"	"COL10A1"
"M5"	"IntAct"	"TIMP3"
"M5"	"IntAct"	"INHBA"
"M5"	"IntAct"	"MGST1"
"M5"	"IntAct"	"OLR1"
"M5"	"IntAct"	"COL6A3"
"M5"	"IntAct"	"GREM1"
"M5"	"IntAct"	"ADAMTS12"
"M5"	"IntAct"	"CLMP"
"M5"	"IntAct"	"EPDR1"
"M5"	"IntAct"	"POSTN"
"M5"	"IntAct"	"MEDAG"
"M5"	"BioGrid_Fly"	"SPON1"
"M5"	"BioGrid_Fly"	"FBLN2"
"M5"	"BioGrid_Fly"	"FAP"
"M5"	"HPRD"	"FN1"
"M5"	"HPRD"	"SPON1"
"M5"	"HPRD"	"VCAN"
"M5"	"HPRD"	"TNFAIP6"
"M5"	"HPRD"	"WNT2"
"M5"	"HPRD"	"MMP9"
"M5"	"HPRD"	"MME"
"M5"	"HPRD"	"COL1A2"
"M5"	"HPRD"	"L1CAM"
"M5"	"HPRD"	"ARNT2"
"M5"	"HPRD"	"MMP1"
"M5"	"HPRD"	"FBLN2"
"M5"	"HPRD"	"COL1A1"
"M5"	"HPRD"	"IL6"
"M5"	"HPRD"	"SFRP2"
"M5"	"HPRD"	"COL8A2"
"M5"	"HPRD"	"MFAP5"
"M5"	"HPRD"	"MMP11"
"M5"	"HPRD"	"ADAM12"
"M5"	"HPRD"	"COL8A1"
"M5"	"HPRD"	"CCL11"
"M5"	"HPRD"	"F13A1"
"M5"	"HPRD"	"C1S"
"M5"	"HPRD"	"IGF2"
"M5"	"HPRD"	"FAP"
"M5"	"HPRD"	"SPOCK1"
"M5"	"HPRD"	"CCL2"
"M5"	"HPRD"	"RGS4"
"M5"	"HPRD"	"BNC2"
"M5"	"HPRD"	"COL10A1"
"M5"	"HPRD"	"WISP1"
"M5"	"HPRD"	"THBS2"
"M5"	"HPRD"	"TIMP3"
"M5"	"HPRD"	"INHBA"
"M5"	"HPRD"	"MGST1"
"M5"	"HPRD"	"AEBP1"
"M5"	"HPRD"	"CDH11"
"M5"	"HPRD"	"SGCD"
"M5"	"HPRD"	"GAS1"
"M5"	"IntAct_Mouse"	"FN1"
"M5"	"IntAct_Mouse"	"CACNA2D1"
"M5"	"IntAct_Mouse"	"ARNT2"
"M5"	"IntAct_Mouse"	"COL3A1"
"M5"	"INNATEDB"	"VCAN"
"M5"	"INNATEDB"	"MMP9"
"M5"	"INNATEDB"	"PDPN"
"M5"	"INNATEDB"	"COL1A2"
"M5"	"INNATEDB"	"MMP1"
"M5"	"INNATEDB"	"COL1A1"
"M5"	"INNATEDB"	"IL6"
"M5"	"INNATEDB"	"FBN1"
"M5"	"INNATEDB"	"CCL11"
"M5"	"INNATEDB"	"C1S"
"M5"	"INNATEDB"	"CCL2"
"M5"	"INNATEDB"	"NLRP2"
"M5"	"INNATEDB"	"TIMP3"
"M5"	"INNATEDB"	"INHBA"
"M5"	"YeastLow"	"GFPT2"
"M5"	"DIP_Yeast"	"GFPT2"
"M5"	"YeastHigh"	"GFPT2"
"M5"	"BCI"	"FN1"
"M5"	"BCI"	"VCAN"
"M5"	"BCI"	"MMP9"
"M5"	"BCI"	"MME"
"M5"	"BCI"	"COL1A2"
"M5"	"BCI"	"L1CAM"
"M5"	"BCI"	"FBLN2"
"M5"	"BCI"	"COL1A1"
"M5"	"BCI"	"COL3A1"
"M5"	"BCI"	"IL6"
"M5"	"BCI"	"FBN1"
"M5"	"BCI"	"F13A1"
"M5"	"BCI"	"IGF2"
"M5"	"BCI"	"COL10A1"
"M5"	"BCI"	"THBS2"
"M5"	"BCI"	"AEBP1"
"M5"	"BCI"	"CDH11"
"M5"	"BCI"	"GAS1"
"M5"	"BioGrid_Mouse"	"WNT2"
"M5"	"BioGrid_Mouse"	"MMP9"
"M5"	"BioGrid_Mouse"	"MME"
"M5"	"BioGrid_Mouse"	"L1CAM"
"M5"	"BioGrid_Mouse"	"SFRP4"
"M5"	"BioGrid_Mouse"	"COL1A1"
"M5"	"BioGrid_Mouse"	"COL3A1"
"M5"	"BioGrid_Mouse"	"COL5A1"
"M5"	"BioGrid_Mouse"	"SFRP2"
"M5"	"BioGrid_Mouse"	"COL8A1"
"M5"	"BioGrid_Mouse"	"THBS2"
"M5"	"BioGrid_Mouse"	"INHBA"
"M5"	"BioGrid_Mouse"	"AEBP1"
"M5"	"BioGrid_Mouse"	"GAS1"
"M5"	"BIND_Fly"	"FBLN2"
"M5"	"BIND_Fly"	"FAP"
"M5"	"FlyLow"	"FBLN2"
"M5"	"FlyLow"	"FAP"
"M5"	"MINT_Fly"	"FBLN2"
"M5"	"BIND"	"MMP9"
"M5"	"BIND"	"L1CAM"
"M5"	"BIND"	"ARNT2"
"M5"	"BIND"	"MMP1"
"M5"	"BIND"	"IL6"
"M5"	"BIND"	"F13A1"
"M5"	"BIND"	"C1S"
"M5"	"BIND"	"IGF2"
"M5"	"BIND"	"FAP"
"M5"	"BIND"	"CCL2"
"M5"	"BIND"	"INHBA"
"M5"	"BIND"	"OLR1"
"M5"	"BIND"	"SGCD"
"M5"	"MINT"	"FN1"
"M5"	"MINT"	"PDPN"
"M5"	"MINT"	"MME"
"M5"	"MINT"	"EFEMP1"
"M5"	"MINT"	"L1CAM"
"M5"	"MINT"	"COL1A1"
"M5"	"MINT"	"IL6"
"M5"	"MINT"	"ADAM12"
"M5"	"MINT"	"IGF2"
"M5"	"MINT"	"FAP"
"M5"	"MINT"	"COL10A1"
"M5"	"MINT"	"INHBA"
"M5"	"MINT"	"OLR1"
"M5"	"MINT"	"GREM1"
"M5"	"MINT"	"SGCD"
"M5"	"VidalHuman_core"	"EFEMP1"
"M5"	"StelzlMedium"	"PDPN"
"M5"	"StelzlMedium"	"L1CAM"
"M5"	"StelzlMedium"	"IL6"
"M5"	"DIP"	"FN1"
"M5"	"DIP"	"MMP9"
"M5"	"DIP"	"MMP1"
"M5"	"DIP"	"COL1A1"
"M5"	"DIP"	"COL3A1"
"M5"	"DIP"	"IL6"
"M5"	"DIP"	"FBN1"
"M5"	"DIP"	"CCL11"
"M5"	"DIP"	"F13A1"
"M5"	"DIP"	"IGF2"
"M5"	"DIP"	"CCL2"
"M5"	"DIP"	"RGS4"
"M5"	"DIP"	"INHBA"
"M5"	"DIP"	"OLR1"
"M5"	"DIP_Rat"	"COL1A2"
"M5"	"DIP_Rat"	"RGS4"
"M5"	"DIP_Rat"	"FNDC1"
"M5"	"BIND_Mouse"	"GFPT2"
"M5"	"BIND_Mouse"	"ARNT2"
"M5"	"BIND_Mouse"	"MFAP5"
"M5"	"BIND_Mouse"	"MMP11"
"M5"	"BIND_Mouse"	"ADAM12"
"M5"	"BIND_Mouse"	"INHBA"
"M5"	"BIND_Mouse"	"SGCD"
"M5"	"Krogan_NonCore"	"GFPT2"
"M5"	"IntAct_Rat"	"RGS4"
"M5"	"IntAct_Rat"	"COL11A1"
"M5"	"MGI"	"FN1"
"M5"	"MGI"	"SGCD"
"M5"	"MGI"	"GAS1"
"M5"	"YeastMedium"	"GFPT2"
"M5"	"BIND_Rat"	"L1CAM"
"M5"	"BIND_Rat"	"RGS4"
"M5"	"INNATEDB_Mouse"	"IL6"
"M5"	"INNATEDB_Mouse"	"IL20RA"
"M5"	"INNATEDB_Mouse"	"ITGA11"
"M5"	"INNATEDB_Mouse"	"ADAMTS2"
"M5"	"IntAct_Fly"	"FBLN2"
"M5"	"IntAct_Fly"	"FAP"
"M5"	"DIP_Fly"	"SPON1"
"M5"	"DIP_Fly"	"FBLN2"
"M5"	"DIP_Fly"	"FAP"
"M5"	"BioGrid_Yeast"	"GFPT2"
"M5"	"DIP_Mouse"	"CDH11"
"M5"	"IntAct_Yeast"	"GFPT2"
"M5"	"StelzlLow"	"IL6"
"M5"	"IntAct_Worm"	"ADAM12"
"M5"	"BioGrid_Rat"	"L1CAM"
"M5"	"BioGrid_Rat"	"MMP11"
"M5"	"I2D-c_Fiona_HUMAN"	"MMP9"
"M5"	"VidalHuman_non_core"	"SFRP2"
"M6"	"IntAct"	"TUBB2B"
"M6"	"IntAct"	"IRF4"
"M6"	"IntAct"	"CCR7"
"M6"	"IntAct"	"IDO1"
"M6"	"IntAct"	"CIITA"
"M6"	"IntAct"	"APOE"
"M6"	"IntAct"	"IFIT1"
"M6"	"IntAct"	"FCGR2B"
"M6"	"IntAct"	"POU2AF1"
"M6"	"IntAct"	"CD8A"
"M6"	"IntAct"	"HLA-DQA1"
"M6"	"IntAct"	"SLAMF7"
"M6"	"IntAct"	"IKZF3"
"M6"	"IntAct"	"GZMA"
"M6"	"IntAct"	"CCL5"
"M6"	"IntAct"	"CD79A"
"M6"	"IntAct"	"HLA-DRB1"
"M6"	"IntAct"	"HLA-DRA"
"M6"	"IntAct"	"C1QB"
"M6"	"IntAct"	"CXCL10"
"M6"	"IntAct"	"BST2"
"M6"	"IntAct"	"CCL18"
"M6"	"IntAct"	"HLA-DOA"
"M6"	"IntAct"	"CXCL11"
"M6"	"IntAct"	"CXCL9"
"M6"	"IntAct"	"MZB1"
"M6"	"IntAct"	"NKG7"
"M6"	"IntAct"	"OASL"
"M6"	"IntAct"	"GBP5"
"M6"	"INNATEDB"	"IRF4"
"M6"	"INNATEDB"	"CCR7"
"M6"	"INNATEDB"	"IDO1"
"M6"	"INNATEDB"	"CIITA"
"M6"	"INNATEDB"	"IFIT1"
"M6"	"INNATEDB"	"RSAD2"
"M6"	"INNATEDB"	"RARRES3"
"M6"	"INNATEDB"	"IKZF3"
"M6"	"INNATEDB"	"GZMA"
"M6"	"INNATEDB"	"HLA-DRA"
"M6"	"INNATEDB"	"CXCL10"
"M6"	"INNATEDB"	"IFI6"
"M6"	"INNATEDB"	"CXCL11"
"M6"	"INNATEDB"	"CXCL9"
"M6"	"INNATEDB_Mouse"	"IRF4"
"M6"	"INNATEDB_Mouse"	"CCR7"
"M6"	"INNATEDB_Mouse"	"IDO1"
"M6"	"INNATEDB_Mouse"	"CIITA"
"M6"	"INNATEDB_Mouse"	"RSAD2"
"M6"	"INNATEDB_Mouse"	"TREM2"
"M6"	"INNATEDB_Mouse"	"CCL5"
"M6"	"INNATEDB_Mouse"	"CD79A"
"M6"	"INNATEDB_Mouse"	"MRC1"
"M6"	"INNATEDB_Mouse"	"SIGLEC1"
"M6"	"INNATEDB_Mouse"	"MZB1"
"M6"	"HPRD"	"IRF4"
"M6"	"HPRD"	"CXCL13"
"M6"	"HPRD"	"CCR7"
"M6"	"HPRD"	"IDO1"
"M6"	"HPRD"	"CIITA"
"M6"	"HPRD"	"APOE"
"M6"	"HPRD"	"IFIT1"
"M6"	"HPRD"	"FCGR2B"
"M6"	"HPRD"	"POU2AF1"
"M6"	"HPRD"	"CD8A"
"M6"	"HPRD"	"HLA-DQA1"
"M6"	"HPRD"	"RARRES3"
"M6"	"HPRD"	"TREM2"
"M6"	"HPRD"	"SLAMF6"
"M6"	"HPRD"	"SLAMF7"
"M6"	"HPRD"	"IKZF3"
"M6"	"HPRD"	"GZMA"
"M6"	"HPRD"	"HLA-DRB5"
"M6"	"HPRD"	"CCL5"
"M6"	"HPRD"	"VSIG4"
"M6"	"HPRD"	"HLA-DQA2"
"M6"	"HPRD"	"HLA-DQB1"
"M6"	"HPRD"	"CD79A"
"M6"	"HPRD"	"HLA-DRB1"
"M6"	"HPRD"	"JCHAIN"
"M6"	"HPRD"	"HLA-DRA"
"M6"	"HPRD"	"APOC1"
"M6"	"HPRD"	"FCGR3A"
"M6"	"HPRD"	"C1QB"
"M6"	"HPRD"	"CXCL10"
"M6"	"HPRD"	"HLA-DPA1"
"M6"	"HPRD"	"CCL18"
"M6"	"HPRD"	"IFI6"
"M6"	"HPRD"	"HLA-DOA"
"M6"	"HPRD"	"CXCL11"
"M6"	"HPRD"	"CXCL9"
"M6"	"HPRD"	"MZB1"
"M6"	"HPRD"	"OASL"
"M6"	"HPRD"	"GBP5"
"M6"	"BCI"	"IRF4"
"M6"	"BCI"	"CCR7"
"M6"	"BCI"	"CIITA"
"M6"	"BCI"	"APOE"
"M6"	"BCI"	"IFIT1"
"M6"	"BCI"	"FCGR2B"
"M6"	"BCI"	"POU2AF1"
"M6"	"BCI"	"CD8A"
"M6"	"BCI"	"GZMA"
"M6"	"BCI"	"CCL5"
"M6"	"BCI"	"CD79A"
"M6"	"BCI"	"HLA-DRA"
"M6"	"BCI"	"FCGR3A"
"M6"	"BCI"	"C1QB"
"M6"	"DIP"	"CXCL13"
"M6"	"DIP"	"CCR7"
"M6"	"DIP"	"APOE"
"M6"	"DIP"	"IFIT1"
"M6"	"DIP"	"CCL5"
"M6"	"DIP"	"HLA-DRB1"
"M6"	"DIP"	"CXCL10"
"M6"	"DIP"	"BST2"
"M6"	"DIP"	"HLA-DOA"
"M6"	"DIP"	"CXCL11"
"M6"	"DIP"	"CXCL9"
"M6"	"BioGrid_Mouse"	"IRF4"
"M6"	"BioGrid_Mouse"	"IDO1"
"M6"	"BioGrid_Mouse"	"CIITA"
"M6"	"BioGrid_Mouse"	"APOE"
"M6"	"BioGrid_Mouse"	"FCGR2B"
"M6"	"BioGrid_Mouse"	"RSAD2"
"M6"	"BioGrid_Mouse"	"IKZF3"
"M6"	"BioGrid_Mouse"	"HLA-DQB1"
"M6"	"BioGrid_Mouse"	"CD79A"
"M6"	"DIP_Mouse"	"IRF4"
"M6"	"DIP_Mouse"	"IDO1"
"M6"	"DIP_Mouse"	"CD79A"
"M6"	"VidalHuman_core"	"IRF4"
"M6"	"VidalHuman_core"	"IFIT1"
"M6"	"BioGrid"	"TUBB2B"
"M6"	"BioGrid"	"IRF4"
"M6"	"BioGrid"	"CXCL13"
"M6"	"BioGrid"	"CCR7"
"M6"	"BioGrid"	"IDO1"
"M6"	"BioGrid"	"CIITA"
"M6"	"BioGrid"	"APOE"
"M6"	"BioGrid"	"IFIT1"
"M6"	"BioGrid"	"FCGR2B"
"M6"	"BioGrid"	"POU2AF1"
"M6"	"BioGrid"	"CD8A"
"M6"	"BioGrid"	"HLA-DQA1"
"M6"	"BioGrid"	"RARRES3"
"M6"	"BioGrid"	"SLAMF6"
"M6"	"BioGrid"	"SLAMF7"
"M6"	"BioGrid"	"IKZF3"
"M6"	"BioGrid"	"GZMA"
"M6"	"BioGrid"	"HLA-DRB5"
"M6"	"BioGrid"	"CCL5"
"M6"	"BioGrid"	"VSIG4"
"M6"	"BioGrid"	"HLA-DQA2"
"M6"	"BioGrid"	"CD79A"
"M6"	"BioGrid"	"HLA-DRB1"
"M6"	"BioGrid"	"HLA-DRA"
"M6"	"BioGrid"	"APOC1"
"M6"	"BioGrid"	"FCGR3A"
"M6"	"BioGrid"	"C1QB"
"M6"	"BioGrid"	"BST2"
"M6"	"BioGrid"	"HLA-DPA1"
"M6"	"BioGrid"	"CCL18"
"M6"	"BioGrid"	"IFI6"
"M6"	"BioGrid"	"GNLY"
"M6"	"BioGrid"	"HLA-DOA"
"M6"	"BioGrid"	"MRC1"
"M6"	"BioGrid"	"CXCL11"
"M6"	"BioGrid"	"CXCL9"
"M6"	"BioGrid"	"CD163"
"M6"	"BioGrid"	"NKG7"
"M6"	"BioGrid"	"OASL"
"M6"	"BioGrid"	"GBP5"
"M6"	"BioGrid_Fly"	"TUBB2B"
"M6"	"IntAct_Mouse"	"IDO1"
"M6"	"IntAct_Mouse"	"CD8A"
"M6"	"IntAct_Mouse"	"HLA-DQA1"
"M6"	"IntAct_Mouse"	"HLA-DRB5"
"M6"	"IntAct_Mouse"	"MRC1"
"M6"	"BioGrid_Yeast"	"IDO1"
"M6"	"MINT"	"TUBB2B"
"M6"	"MINT"	"CXCL13"
"M6"	"MINT"	"FCGR2B"
"M6"	"MINT"	"HLA-DQA1"
"M6"	"MINT"	"IKZF3"
"M6"	"MINT"	"CCL5"
"M6"	"MINT"	"HLA-DRB1"
"M6"	"MINT"	"HLA-DRA"
"M6"	"MINT"	"APOC1"
"M6"	"MINT"	"HLA-DPA1"
"M6"	"MINT"	"CCL18"
"M6"	"BIND"	"APOE"
"M6"	"BIND"	"CD8A"
"M6"	"BIND"	"HLA-DRB5"
"M6"	"BIND"	"CCL5"
"M6"	"BIND"	"HLA-DRB1"
"M6"	"BIND"	"HLA-DRA"
"M6"	"BIND"	"CXCL10"
"M6"	"MINT_Mouse"	"FCGR2B"
"M6"	"MINT_Mouse"	"CD8A"
"M6"	"MINT_Mouse"	"HLA-DQA1"
"M6"	"BIND_Mouse"	"HLA-DQA1"
"M6"	"StelzlHigh"	"HLA-DQA1"
"M6"	"StelzlHigh"	"CCL18"
"M6"	"StelzlMedium"	"CXCL13"
"M6"	"StelzlMedium"	"HLA-DQA1"
"M6"	"StelzlMedium"	"CCL18"
"M6"	"ShawnLi"	"FCGR2B"
"M6"	"VidalHuman_non_core"	"IFIT1"
"M6"	"StelzlLow"	"FCGR2B"
"Not.Correlated"	"BioGrid_Worm"	"DDX3Y"
"Not.Correlated"	"MINT_Worm"	"DDX3Y"
"Not.Correlated"	"MINT_Worm"	"EIF1AY"
"Not.Correlated"	"BCI"	"EIF1AY"
"Not.Correlated"	"IntAct_Fly"	"EIF1AY"
"Not.Correlated"	"HPRD"	"DDX3Y"
"Not.Correlated"	"HPRD"	"CSF3"
"Not.Correlated"	"HPRD"	"KDM5D"
"Not.Correlated"	"IntAct"	"EIF1AY"
"Not.Correlated"	"IntAct"	"PRKY"
"Not.Correlated"	"IntAct"	"IGF2BP3"
"Not.Correlated"	"IntAct"	"UTY"
"Not.Correlated"	"BioGrid"	"USP9Y"
"Not.Correlated"	"BioGrid"	"IGF2BP3"
"Not.Correlated"	"BioGrid"	"UTY"
"Not.Correlated"	"BioGrid"	"KDM5D"
"Not.Correlated"	"BioGrid"	"ZFY"
"Not.Correlated"	"INNATEDB_Mouse"	"CSF3"
"Not.Correlated"	"INNATEDB"	"DDX3Y"
"Not.Correlated"	"INNATEDB"	"CSF3"
"Not.Correlated"	"IntAct_Worm"	"DDX3Y"
"Not.Correlated"	"BioGrid_Fly"	"EIF1AY"
"Not.Correlated"	"BIND"	"CSF3"
"Not.Correlated"	"BioGrid_Mouse"	"KDM5D"
