"Module"	"Gene1"	"Gene2"
"M1"	"IntAct"	"DAB1"
"M1"	"IntAct"	"NECAB2"
"M1"	"IntAct"	"BEX2"
"M1"	"IntAct"	"SH2D4A"
"M1"	"IntAct"	"FRMD5"
"M1"	"IntAct"	"TMEM100"
"M1"	"IntAct"	"MEOX2"
"M1"	"IntAct"	"CACNA1A"
"M1"	"IntAct"	"CRYAB"
"M1"	"IntAct"	"DCC"
"M1"	"IntAct"	"CELF3"
"M1"	"IntAct"	"DNM3"
"M1"	"IntAct"	"PRKCZ"
"M1"	"IntAct"	"UCHL1"
"M1"	"IntAct"	"GABBR2"
"M1"	"IntAct"	"EEF1A2"
"M1"	"IntAct"	"TNR"
"M1"	"IntAct"	"NCAM2"
"M1"	"IntAct"	"CNTN1"
"M1"	"IntAct"	"GADD45G"
"M1"	"IntAct"	"WNK2"
"M1"	"IntAct"	"CSDC2"
"M1"	"IntAct"	"LGALS3"
"M1"	"IntAct"	"FBN3"
"M1"	"IntAct"	"RAB27B"
"M1"	"IntAct"	"RPH3A"
"M1"	"IntAct"	"IGSF21"
"M1"	"IntAct"	"CDK4"
"M1"	"IntAct"	"ACSS3"
"M1"	"IntAct"	"ATP1A3"
"M1"	"IntAct"	"SOCS1"
"M1"	"IntAct"	"EGF"
"M1"	"IntAct"	"KIT"
"M1"	"IntAct"	"ERBB3"
"M1"	"IntAct"	"OS9"
"M1"	"IntAct"	"AMPH"
"M1"	"IntAct"	"SH3GL2"
"M1"	"IntAct"	"SSTR2"
"M1"	"IntAct"	"GRIA2"
"M1"	"IntAct"	"GRIK2"
"M1"	"IntAct"	"EFNB3"
"M1"	"IntAct"	"ACTL6B"
"M1"	"IntAct"	"DLGAP3"
"M1"	"IntAct"	"SHANK2"
"M1"	"IntAct"	"SHANK1"
"M1"	"IntAct"	"PTPRT"
"M1"	"IntAct"	"GFRA1"
"M1"	"IntAct"	"BAMBI"
"M1"	"IntAct"	"GNG4"
"M1"	"IntAct"	"MAST1"
"M1"	"IntAct"	"CASKIN1"
"M1"	"IntAct"	"MOXD1"
"M1"	"IntAct"	"CDH13"
"M1"	"IntAct"	"DCX"
"M1"	"IntAct"	"KIF1A"
"M1"	"IntAct"	"NTN4"
"M1"	"IntAct"	"EVC2"
"M1"	"IntAct"	"DIRAS3"
"M1"	"IntAct"	"CHGB"
"M1"	"IntAct"	"CELSR3"
"M1"	"IntAct"	"CDK5R1"
"M1"	"IntAct"	"PEG3"
"M1"	"IntAct"	"RNF165"
"M1"	"IntAct"	"SLC38A1"
"M1"	"IntAct"	"NSG2"
"M1"	"IntAct"	"RPRM"
"M1"	"IntAct"	"RIMS3"
"M1"	"IntAct"	"KIF5A"
"M1"	"IntAct"	"JAKMIP1"
"M1"	"IntAct"	"MEGF11"
"M1"	"IntAct"	"ACAN"
"M1"	"IntAct"	"SRPX2"
"M1"	"IntAct"	"KIF21B"
"M1"	"IntAct"	"OPCML"
"M1"	"IntAct"	"BEX1"
"M1"	"IntAct"	"RIN1"
"M1"	"IntAct"	"PAK3"
"M1"	"IntAct"	"SLC1A1"
"M1"	"IntAct"	"TEAD2"
"M1"	"IntAct"	"NOL4"
"M1"	"IntAct"	"STMN2"
"M1"	"IntAct"	"ZFPM2"
"M1"	"IntAct"	"BCL11A"
"M1"	"IntAct"	"PLP2"
"M1"	"IntAct"	"RAB33A"
"M1"	"IntAct"	"LAMA2"
"M1"	"IntAct"	"CMYA5"
"M1"	"IntAct"	"MOB3B"
"M1"	"IntAct"	"GAD1"
"M1"	"IntAct"	"NRSN1"
"M1"	"IntAct"	"LTBP1"
"M1"	"IntAct"	"SORCS3"
"M1"	"IntAct"	"ARFGEF3"
"M1"	"IntAct"	"S100A13"
"M1"	"IntAct"	"SPTBN2"
"M1"	"IntAct"	"SEZ6L2"
"M1"	"IntAct"	"CAMSAP3"
"M1"	"IntAct"	"TTC9B"
"M1"	"IntAct"	"TCEAL2"
"M1"	"IntAct"	"EYA2"
"M1"	"IntAct"	"VIPR2"
"M1"	"IntAct"	"FGF12"
"M1"	"IntAct"	"ZCCHC12"
"M1"	"IntAct"	"LIMS2"
"M1"	"IntAct"	"ATCAY"
"M1"	"IntAct"	"CAMKV"
"M1"	"IntAct"	"RAB7B"
"M1"	"IntAct"	"RASL11B"
"M1"	"IntAct"	"VAT1L"
"M1"	"IntAct"	"AGAP2"
"M1"	"IntAct"	"MYT1"
"M1"	"IntAct"	"MARCH9"
"M1"	"IntAct"	"ZIC2"
"M1"	"IntAct"	"MAP3K9"
"M1"	"IntAct"	"KCNS3"
"M1"	"IntAct"	"ANGPT1"
"M1"	"IntAct"	"SIX5"
"M1"	"IntAct"	"EPHB1"
"M1"	"IntAct"	"RUNDC3A"
"M1"	"IntAct"	"HRK"
"M1"	"IntAct"	"PCSK2"
"M1"	"IntAct"	"BASP1"
"M1"	"IntAct"	"LAMB3"
"M1"	"IntAct"	"PCSK1N"
"M1"	"IntAct"	"GABRA3"
"M1"	"IntAct"	"TUBB6"
"M1"	"IntAct"	"RCAN3"
"M1"	"IntAct"	"PHACTR3"
"M1"	"IntAct"	"KCNN1"
"M1"	"IntAct"	"FBXL16"
"M1"	"IntAct"	"SEPT3"
"M1"	"IntAct"	"SLITRK1"
"M1"	"IntAct"	"SUSD4"
"M1"	"IntAct"	"DGKI"
"M1"	"IntAct"	"PDE10A"
"M1"	"IntAct"	"DRP2"
"M1"	"IntAct"	"DTX3"
"M1"	"IntAct"	"UNC13A"
"M1"	"IntAct"	"KCNK10"
"M1"	"IntAct"	"FGF14"
"M1"	"IntAct"	"LRRN4CL"
"M1"	"IntAct"	"JPH3"
"M1"	"IntAct"	"ELAVL3"
"M1"	"IntAct"	"MAP3K7CL"
"M1"	"IntAct"	"GDF15"
"M1"	"IntAct"	"SYT16"
"M1"	"IntAct"	"ARSI"
"M1"	"IntAct"	"KCNIP2"
"M1"	"IntAct"	"NSG1"
"M1"	"IntAct"	"FUT9"
"M1"	"IntAct"	"ARSJ"
"M1"	"IntAct"	"LRRC4C"
"M1"	"IntAct"	"EMP3"
"M1"	"IntAct"	"SNX22"
"M1"	"IntAct"	"MCF2L2"
"M1"	"IntAct"	"B3GALT2"
"M1"	"IntAct"	"NUDT10"
"M1"	"IntAct"	"PIPOX"
"M1"	"BioGrid"	"DAB1"
"M1"	"BioGrid"	"NECAB2"
"M1"	"BioGrid"	"BEX2"
"M1"	"BioGrid"	"SH2D4A"
"M1"	"BioGrid"	"TMEM100"
"M1"	"BioGrid"	"GRID2"
"M1"	"BioGrid"	"MEOX2"
"M1"	"BioGrid"	"CACNA1A"
"M1"	"BioGrid"	"CRYAB"
"M1"	"BioGrid"	"DCC"
"M1"	"BioGrid"	"CELF3"
"M1"	"BioGrid"	"PRKCZ"
"M1"	"BioGrid"	"DLL1"
"M1"	"BioGrid"	"ELAVL4"
"M1"	"BioGrid"	"UCHL1"
"M1"	"BioGrid"	"GABBR2"
"M1"	"BioGrid"	"EEF1A2"
"M1"	"BioGrid"	"TNR"
"M1"	"BioGrid"	"CACNA2D1"
"M1"	"BioGrid"	"CNTN1"
"M1"	"BioGrid"	"GADD45G"
"M1"	"BioGrid"	"WNK2"
"M1"	"BioGrid"	"STX1B"
"M1"	"BioGrid"	"LGALS3"
"M1"	"BioGrid"	"RAB27B"
"M1"	"BioGrid"	"RPH3A"
"M1"	"BioGrid"	"CDK4"
"M1"	"BioGrid"	"ACSS3"
"M1"	"BioGrid"	"SYT3"
"M1"	"BioGrid"	"NRXN1"
"M1"	"BioGrid"	"SOCS1"
"M1"	"BioGrid"	"EGF"
"M1"	"BioGrid"	"KIT"
"M1"	"BioGrid"	"ERBB3"
"M1"	"BioGrid"	"TNFRSF12A"
"M1"	"BioGrid"	"OS9"
"M1"	"BioGrid"	"AMPH"
"M1"	"BioGrid"	"SH3GL2"
"M1"	"BioGrid"	"SSTR2"
"M1"	"BioGrid"	"GRIA2"
"M1"	"BioGrid"	"GRIK2"
"M1"	"BioGrid"	"EFNB3"
"M1"	"BioGrid"	"NR2E1"
"M1"	"BioGrid"	"ACTL6B"
"M1"	"BioGrid"	"FZD7"
"M1"	"BioGrid"	"SHANK2"
"M1"	"BioGrid"	"SHANK1"
"M1"	"BioGrid"	"GFRA1"
"M1"	"BioGrid"	"L1CAM"
"M1"	"BioGrid"	"GNG4"
"M1"	"BioGrid"	"TNFRSF11B"
"M1"	"BioGrid"	"MAST1"
"M1"	"BioGrid"	"MOXD1"
"M1"	"BioGrid"	"DCX"
"M1"	"BioGrid"	"PPFIA2"
"M1"	"BioGrid"	"BSN"
"M1"	"BioGrid"	"KIF1A"
"M1"	"BioGrid"	"SNAP91"
"M1"	"BioGrid"	"HR"
"M1"	"BioGrid"	"CHGB"
"M1"	"BioGrid"	"CELSR3"
"M1"	"BioGrid"	"CDK5R1"
"M1"	"BioGrid"	"ELAVL2"
"M1"	"BioGrid"	"PEG3"
"M1"	"BioGrid"	"SLC38A1"
"M1"	"BioGrid"	"NSG2"
"M1"	"BioGrid"	"SYT4"
"M1"	"BioGrid"	"GLI2"
"M1"	"BioGrid"	"RPRM"
"M1"	"BioGrid"	"RIMS3"
"M1"	"BioGrid"	"KIF5A"
"M1"	"BioGrid"	"EYA1"
"M1"	"BioGrid"	"ACAN"
"M1"	"BioGrid"	"KIF21B"
"M1"	"BioGrid"	"OPCML"
"M1"	"BioGrid"	"BEX1"
"M1"	"BioGrid"	"RIN1"
"M1"	"BioGrid"	"PAK3"
"M1"	"BioGrid"	"SLC1A1"
"M1"	"BioGrid"	"TEAD2"
"M1"	"BioGrid"	"NOL4"
"M1"	"BioGrid"	"STMN2"
"M1"	"BioGrid"	"ZFPM2"
"M1"	"BioGrid"	"BCL11A"
"M1"	"BioGrid"	"TSPOAP1"
"M1"	"BioGrid"	"PLP2"
"M1"	"BioGrid"	"RAB33A"
"M1"	"BioGrid"	"KCNC1"
"M1"	"BioGrid"	"ADCY5"
"M1"	"BioGrid"	"UNC5A"
"M1"	"BioGrid"	"MOB3B"
"M1"	"BioGrid"	"GAD1"
"M1"	"BioGrid"	"FMOD"
"M1"	"BioGrid"	"LTBP1"
"M1"	"BioGrid"	"VASN"
"M1"	"BioGrid"	"ARFGEF3"
"M1"	"BioGrid"	"S100A13"
"M1"	"BioGrid"	"RAB3B"
"M1"	"BioGrid"	"SPTBN2"
"M1"	"BioGrid"	"SEZ6L2"
"M1"	"BioGrid"	"TCEAL2"
"M1"	"BioGrid"	"EYA2"
"M1"	"BioGrid"	"VIPR2"
"M1"	"BioGrid"	"FGF12"
"M1"	"BioGrid"	"TMEM35A"
"M1"	"BioGrid"	"SYT6"
"M1"	"BioGrid"	"ZCCHC12"
"M1"	"BioGrid"	"LIMS2"
"M1"	"BioGrid"	"ATCAY"
"M1"	"BioGrid"	"AFAP1L2"
"M1"	"BioGrid"	"CAMKV"
"M1"	"BioGrid"	"RAB7B"
"M1"	"BioGrid"	"OLFM1"
"M1"	"BioGrid"	"RASL11B"
"M1"	"BioGrid"	"NMNAT2"
"M1"	"BioGrid"	"VAT1L"
"M1"	"BioGrid"	"HRASLS"
"M1"	"BioGrid"	"AGAP2"
"M1"	"BioGrid"	"MYT1"
"M1"	"BioGrid"	"CD24"
"M1"	"BioGrid"	"COL11A1"
"M1"	"BioGrid"	"CACNA1E"
"M1"	"BioGrid"	"ZIC2"
"M1"	"BioGrid"	"KCNS3"
"M1"	"BioGrid"	"SIX5"
"M1"	"BioGrid"	"EPHB1"
"M1"	"BioGrid"	"RUNDC3A"
"M1"	"BioGrid"	"BRSK2"
"M1"	"BioGrid"	"STXBP5L"
"M1"	"BioGrid"	"HRK"
"M1"	"BioGrid"	"BASP1"
"M1"	"BioGrid"	"KCNIP3"
"M1"	"BioGrid"	"DSCAML1"
"M1"	"BioGrid"	"GABRA3"
"M1"	"BioGrid"	"TUBB6"
"M1"	"BioGrid"	"GABRB3"
"M1"	"BioGrid"	"RCAN3"
"M1"	"BioGrid"	"PHACTR3"
"M1"	"BioGrid"	"FBXL16"
"M1"	"BioGrid"	"SEPT3"
"M1"	"BioGrid"	"ATRNL1"
"M1"	"BioGrid"	"CD274"
"M1"	"BioGrid"	"DGKI"
"M1"	"BioGrid"	"DRP2"
"M1"	"BioGrid"	"RAB3C"
"M1"	"BioGrid"	"CARMIL1"
"M1"	"BioGrid"	"COPZ2"
"M1"	"BioGrid"	"DPP10"
"M1"	"BioGrid"	"SMOC1"
"M1"	"BioGrid"	"PLCB4"
"M1"	"BioGrid"	"MGAT5B"
"M1"	"BioGrid"	"MYO5C"
"M1"	"BioGrid"	"MYCL"
"M1"	"BioGrid"	"B4GALNT1"
"M1"	"BioGrid"	"ABCC8"
"M1"	"BioGrid"	"ELAVL3"
"M1"	"BioGrid"	"MAP3K7CL"
"M1"	"BioGrid"	"GDF15"
"M1"	"BioGrid"	"SLC6A1"
"M1"	"BioGrid"	"STMN4"
"M1"	"BioGrid"	"SYT16"
"M1"	"BioGrid"	"KCNIP2"
"M1"	"BioGrid"	"COL20A1"
"M1"	"BioGrid"	"NSG1"
"M1"	"BioGrid"	"FUT9"
"M1"	"BioGrid"	"EXTL1"
"M1"	"BioGrid"	"CRTAC1"
"M1"	"BioGrid"	"ARSJ"
"M1"	"BioGrid"	"TTC12"
"M1"	"BioGrid"	"UBE2QL1"
"M1"	"BioGrid"	"B3GALT2"
"M1"	"BioGrid"	"EPB41L4B"
"M1"	"HPRD"	"DAB1"
"M1"	"HPRD"	"NECAB2"
"M1"	"HPRD"	"BEX2"
"M1"	"HPRD"	"GRID2"
"M1"	"HPRD"	"MEOX2"
"M1"	"HPRD"	"CACNA1A"
"M1"	"HPRD"	"CRYAB"
"M1"	"HPRD"	"CELF3"
"M1"	"HPRD"	"CDK5R2"
"M1"	"HPRD"	"DNM3"
"M1"	"HPRD"	"PRKCZ"
"M1"	"HPRD"	"DLL1"
"M1"	"HPRD"	"UCHL1"
"M1"	"HPRD"	"GABBR2"
"M1"	"HPRD"	"EEF1A2"
"M1"	"HPRD"	"TNR"
"M1"	"HPRD"	"NCAM2"
"M1"	"HPRD"	"CNTN1"
"M1"	"HPRD"	"GADD45G"
"M1"	"HPRD"	"PDE2A"
"M1"	"HPRD"	"LGALS3"
"M1"	"HPRD"	"RAB27B"
"M1"	"HPRD"	"RPH3A"
"M1"	"HPRD"	"CDK4"
"M1"	"HPRD"	"ATP1A3"
"M1"	"HPRD"	"SYT3"
"M1"	"HPRD"	"NRXN1"
"M1"	"HPRD"	"SOCS1"
"M1"	"HPRD"	"EGF"
"M1"	"HPRD"	"KIT"
"M1"	"HPRD"	"ERBB3"
"M1"	"HPRD"	"TNFRSF12A"
"M1"	"HPRD"	"OS9"
"M1"	"HPRD"	"AMPH"
"M1"	"HPRD"	"SH3GL2"
"M1"	"HPRD"	"SSTR2"
"M1"	"HPRD"	"GRIA2"
"M1"	"HPRD"	"GRIK2"
"M1"	"HPRD"	"EFNB3"
"M1"	"HPRD"	"ACTL6B"
"M1"	"HPRD"	"FZD7"
"M1"	"HPRD"	"DLGAP3"
"M1"	"HPRD"	"SHANK2"
"M1"	"HPRD"	"SHANK1"
"M1"	"HPRD"	"GFRA1"
"M1"	"HPRD"	"L1CAM"
"M1"	"HPRD"	"BAMBI"
"M1"	"HPRD"	"GNG4"
"M1"	"HPRD"	"TNFRSF11B"
"M1"	"HPRD"	"MAST1"
"M1"	"HPRD"	"CASKIN1"
"M1"	"HPRD"	"CDH13"
"M1"	"HPRD"	"DCX"
"M1"	"HPRD"	"PPFIA2"
"M1"	"HPRD"	"BSN"
"M1"	"HPRD"	"KIF1A"
"M1"	"HPRD"	"NTN4"
"M1"	"HPRD"	"EVC2"
"M1"	"HPRD"	"SNAP91"
"M1"	"HPRD"	"HR"
"M1"	"HPRD"	"INA"
"M1"	"HPRD"	"CHGB"
"M1"	"HPRD"	"CELSR3"
"M1"	"HPRD"	"CDK5R1"
"M1"	"HPRD"	"ELAVL2"
"M1"	"HPRD"	"PEG3"
"M1"	"HPRD"	"KCNQ5"
"M1"	"HPRD"	"NSG2"
"M1"	"HPRD"	"SYT4"
"M1"	"HPRD"	"GLI2"
"M1"	"HPRD"	"KIF5A"
"M1"	"HPRD"	"JAKMIP1"
"M1"	"HPRD"	"EYA1"
"M1"	"HPRD"	"ACAN"
"M1"	"HPRD"	"SRPX2"
"M1"	"HPRD"	"OPCML"
"M1"	"HPRD"	"BEX1"
"M1"	"HPRD"	"RIN1"
"M1"	"HPRD"	"PAK3"
"M1"	"HPRD"	"NOL4"
"M1"	"HPRD"	"STMN2"
"M1"	"HPRD"	"ZFPM2"
"M1"	"HPRD"	"BCL11A"
"M1"	"HPRD"	"PLP2"
"M1"	"HPRD"	"RAB33A"
"M1"	"HPRD"	"KCNC1"
"M1"	"HPRD"	"LAMA2"
"M1"	"HPRD"	"CMYA5"
"M1"	"HPRD"	"ADCY5"
"M1"	"HPRD"	"UNC5A"
"M1"	"HPRD"	"GAD1"
"M1"	"HPRD"	"NRSN1"
"M1"	"HPRD"	"FMOD"
"M1"	"HPRD"	"LTBP1"
"M1"	"HPRD"	"VASN"
"M1"	"HPRD"	"SORCS3"
"M1"	"HPRD"	"MMP17"
"M1"	"HPRD"	"S100A13"
"M1"	"HPRD"	"RAB3B"
"M1"	"HPRD"	"SPTBN2"
"M1"	"HPRD"	"VIPR2"
"M1"	"HPRD"	"LIMS2"
"M1"	"HPRD"	"AFAP1L2"
"M1"	"HPRD"	"AGAP2"
"M1"	"HPRD"	"MYT1"
"M1"	"HPRD"	"MARCH9"
"M1"	"HPRD"	"KCNJ9"
"M1"	"HPRD"	"CD24"
"M1"	"HPRD"	"CACNA1E"
"M1"	"HPRD"	"ZIC2"
"M1"	"HPRD"	"MAP3K9"
"M1"	"HPRD"	"ANGPT1"
"M1"	"HPRD"	"SIX5"
"M1"	"HPRD"	"EPHB1"
"M1"	"HPRD"	"PDGFD"
"M1"	"HPRD"	"RUNDC3A"
"M1"	"HPRD"	"BRSK2"
"M1"	"HPRD"	"ACKR1"
"M1"	"HPRD"	"HRK"
"M1"	"HPRD"	"PCSK2"
"M1"	"HPRD"	"RDH5"
"M1"	"HPRD"	"BMPER"
"M1"	"HPRD"	"BMP8B"
"M1"	"HPRD"	"LAMB3"
"M1"	"HPRD"	"ST8SIA3"
"M1"	"HPRD"	"KCNIP3"
"M1"	"HPRD"	"DSCAML1"
"M1"	"HPRD"	"GABRA3"
"M1"	"HPRD"	"GABRB3"
"M1"	"HPRD"	"SLC8A3"
"M1"	"HPRD"	"ATRNL1"
"M1"	"HPRD"	"CD274"
"M1"	"HPRD"	"PDE10A"
"M1"	"HPRD"	"DRP2"
"M1"	"HPRD"	"RAB3C"
"M1"	"HPRD"	"COPZ2"
"M1"	"HPRD"	"DTX3"
"M1"	"HPRD"	"MYCL"
"M1"	"HPRD"	"PCP4"
"M1"	"HPRD"	"SHROOM3"
"M1"	"HPRD"	"JPH3"
"M1"	"HPRD"	"B4GALNT1"
"M1"	"HPRD"	"SCN3A"
"M1"	"HPRD"	"ADCY1"
"M1"	"HPRD"	"MAP3K7CL"
"M1"	"HPRD"	"MMP24"
"M1"	"HPRD"	"CHRNB2"
"M1"	"HPRD"	"GDF15"
"M1"	"HPRD"	"SYT16"
"M1"	"HPRD"	"KCNIP2"
"M1"	"HPRD"	"NSG1"
"M1"	"HPRD"	"SYT14"
"M1"	"HPRD"	"LRRC4C"
"M1"	"MINT"	"DAB1"
"M1"	"MINT"	"NECAB2"
"M1"	"MINT"	"TMEM100"
"M1"	"MINT"	"MEOX2"
"M1"	"MINT"	"CRYAB"
"M1"	"MINT"	"DCC"
"M1"	"MINT"	"CELF3"
"M1"	"MINT"	"DNM3"
"M1"	"MINT"	"PRKCZ"
"M1"	"MINT"	"GABBR2"
"M1"	"MINT"	"GADD45G"
"M1"	"MINT"	"WNK2"
"M1"	"MINT"	"CDK4"
"M1"	"MINT"	"SOCS1"
"M1"	"MINT"	"EGF"
"M1"	"MINT"	"KIT"
"M1"	"MINT"	"ERBB3"
"M1"	"MINT"	"AMPH"
"M1"	"MINT"	"SH3GL2"
"M1"	"MINT"	"GRIA2"
"M1"	"MINT"	"FZD7"
"M1"	"MINT"	"DLGAP3"
"M1"	"MINT"	"SHANK2"
"M1"	"MINT"	"SHANK1"
"M1"	"MINT"	"PTPRT"
"M1"	"MINT"	"L1CAM"
"M1"	"MINT"	"DCX"
"M1"	"MINT"	"KIF1A"
"M1"	"MINT"	"NTN4"
"M1"	"MINT"	"CELSR3"
"M1"	"MINT"	"CDK5R1"
"M1"	"MINT"	"NSG2"
"M1"	"MINT"	"RPRM"
"M1"	"MINT"	"RIMS3"
"M1"	"MINT"	"RIN1"
"M1"	"MINT"	"PAK3"
"M1"	"MINT"	"NOL4"
"M1"	"MINT"	"STMN2"
"M1"	"MINT"	"RAB33A"
"M1"	"MINT"	"MOB3B"
"M1"	"MINT"	"GAD1"
"M1"	"MINT"	"SORCS3"
"M1"	"MINT"	"EYA2"
"M1"	"MINT"	"MARCH9"
"M1"	"MINT"	"EPHB1"
"M1"	"MINT"	"BMP8B"
"M1"	"MINT"	"KCNIP3"
"M1"	"MINT"	"GABRA3"
"M1"	"MINT"	"PHACTR3"
"M1"	"MINT"	"SEPT3"
"M1"	"MINT"	"SLITRK1"
"M1"	"MINT"	"MGAT5B"
"M1"	"MINT"	"MAP3K7CL"
"M1"	"MINT"	"STMN4"
"M1"	"MINT"	"LRRC4C"
"M1"	"DIP_Fly"	"CRYAB"
"M1"	"DIP_Fly"	"ELAVL4"
"M1"	"DIP_Fly"	"GABBR2"
"M1"	"DIP_Fly"	"ATP1A3"
"M1"	"DIP_Fly"	"SSTR2"
"M1"	"DIP_Fly"	"NR2E1"
"M1"	"DIP_Fly"	"MOXD1"
"M1"	"DIP_Fly"	"CA10"
"M1"	"DIP_Fly"	"PPFIA2"
"M1"	"DIP_Fly"	"GAD1"
"M1"	"DIP_Fly"	"FAM57B"
"M1"	"BioGrid_Mouse"	"DAB1"
"M1"	"BioGrid_Mouse"	"MEOX2"
"M1"	"BioGrid_Mouse"	"CACNA1A"
"M1"	"BioGrid_Mouse"	"DCC"
"M1"	"BioGrid_Mouse"	"PRKCZ"
"M1"	"BioGrid_Mouse"	"DLL1"
"M1"	"BioGrid_Mouse"	"UCHL1"
"M1"	"BioGrid_Mouse"	"EEF1A2"
"M1"	"BioGrid_Mouse"	"LGALS3"
"M1"	"BioGrid_Mouse"	"CDK4"
"M1"	"BioGrid_Mouse"	"SOCS1"
"M1"	"BioGrid_Mouse"	"KIT"
"M1"	"BioGrid_Mouse"	"OS9"
"M1"	"BioGrid_Mouse"	"AMPH"
"M1"	"BioGrid_Mouse"	"SH3GL2"
"M1"	"BioGrid_Mouse"	"GRIA2"
"M1"	"BioGrid_Mouse"	"NR2E1"
"M1"	"BioGrid_Mouse"	"ACTL6B"
"M1"	"BioGrid_Mouse"	"FZD7"
"M1"	"BioGrid_Mouse"	"L1CAM"
"M1"	"BioGrid_Mouse"	"DCX"
"M1"	"BioGrid_Mouse"	"NTN4"
"M1"	"BioGrid_Mouse"	"HR"
"M1"	"BioGrid_Mouse"	"CDK5R1"
"M1"	"BioGrid_Mouse"	"ELAVL2"
"M1"	"BioGrid_Mouse"	"GLI2"
"M1"	"BioGrid_Mouse"	"KIF5A"
"M1"	"BioGrid_Mouse"	"JAKMIP1"
"M1"	"BioGrid_Mouse"	"EYA1"
"M1"	"BioGrid_Mouse"	"PAK3"
"M1"	"BioGrid_Mouse"	"TEAD2"
"M1"	"BioGrid_Mouse"	"STMN2"
"M1"	"BioGrid_Mouse"	"BCL11A"
"M1"	"BioGrid_Mouse"	"KCNC1"
"M1"	"BioGrid_Mouse"	"EYA2"
"M1"	"BioGrid_Mouse"	"OLFM1"
"M1"	"BioGrid_Mouse"	"ZIC2"
"M1"	"BioGrid_Mouse"	"EPHB1"
"M1"	"BioGrid_Mouse"	"BMPER"
"M1"	"BioGrid_Mouse"	"KCNIP3"
"M1"	"BioGrid_Mouse"	"FBXL16"
"M1"	"BioGrid_Mouse"	"MYCL"
"M1"	"BioGrid_Mouse"	"SCN1A"
"M1"	"BioGrid_Mouse"	"SCN3A"
"M1"	"BIND_Rat"	"GRID2"
"M1"	"BIND_Rat"	"CACNA1A"
"M1"	"BIND_Rat"	"PRKCZ"
"M1"	"BIND_Rat"	"RPH3A"
"M1"	"BIND_Rat"	"SYT3"
"M1"	"BIND_Rat"	"ERBB3"
"M1"	"BIND_Rat"	"SH3GL2"
"M1"	"BIND_Rat"	"GRIA2"
"M1"	"BIND_Rat"	"GRIK2"
"M1"	"BIND_Rat"	"SHANK2"
"M1"	"BIND_Rat"	"SHANK1"
"M1"	"BIND_Rat"	"L1CAM"
"M1"	"BIND_Rat"	"CDK5R1"
"M1"	"BIND_Rat"	"SYT6"
"M1"	"BIND_Rat"	"EPHB1"
"M1"	"BIND_Rat"	"RAB3C"
"M1"	"BIND_Rat"	"UNC13A"
"M1"	"BIND_Rat"	"NSG1"
"M1"	"BioGrid_Fly"	"CRYAB"
"M1"	"BioGrid_Fly"	"DLL1"
"M1"	"BioGrid_Fly"	"ELAVL4"
"M1"	"BioGrid_Fly"	"GABBR2"
"M1"	"BioGrid_Fly"	"EEF1A2"
"M1"	"BioGrid_Fly"	"ACSS3"
"M1"	"BioGrid_Fly"	"ATP1A3"
"M1"	"BioGrid_Fly"	"SSTR2"
"M1"	"BioGrid_Fly"	"NR2E1"
"M1"	"BioGrid_Fly"	"MOXD1"
"M1"	"BioGrid_Fly"	"CA10"
"M1"	"BioGrid_Fly"	"MEGF11"
"M1"	"BioGrid_Fly"	"OPCML"
"M1"	"BioGrid_Fly"	"ADCY5"
"M1"	"BioGrid_Fly"	"GAD1"
"M1"	"BioGrid_Fly"	"MMP17"
"M1"	"BioGrid_Fly"	"EPHB1"
"M1"	"BioGrid_Fly"	"DSCAML1"
"M1"	"BioGrid_Fly"	"FAM57B"
"M1"	"BioGrid_Fly"	"RAB3C"
"M1"	"BioGrid_Fly"	"CARMIL1"
"M1"	"BioGrid_Fly"	"PLCB4"
"M1"	"BioGrid_Fly"	"ADCY1"
"M1"	"FlyHigh"	"CRYAB"
"M1"	"FlyHigh"	"ELAVL4"
"M1"	"FlyHigh"	"GABBR2"
"M1"	"FlyHigh"	"ATP1A3"
"M1"	"FlyHigh"	"MEGF11"
"M1"	"FlyHigh"	"FAM57B"
"M1"	"IntAct_Mouse"	"DAB1"
"M1"	"IntAct_Mouse"	"GRID2"
"M1"	"IntAct_Mouse"	"CRYAB"
"M1"	"IntAct_Mouse"	"DCC"
"M1"	"IntAct_Mouse"	"PRKCZ"
"M1"	"IntAct_Mouse"	"DLL1"
"M1"	"IntAct_Mouse"	"UCHL1"
"M1"	"IntAct_Mouse"	"EEF1A2"
"M1"	"IntAct_Mouse"	"NCAM2"
"M1"	"IntAct_Mouse"	"CACNA2D1"
"M1"	"IntAct_Mouse"	"CNTN1"
"M1"	"IntAct_Mouse"	"RPH3A"
"M1"	"IntAct_Mouse"	"CDK4"
"M1"	"IntAct_Mouse"	"SYT3"
"M1"	"IntAct_Mouse"	"NRXN1"
"M1"	"IntAct_Mouse"	"SOCS1"
"M1"	"IntAct_Mouse"	"EGF"
"M1"	"IntAct_Mouse"	"ERBB3"
"M1"	"IntAct_Mouse"	"AMPH"
"M1"	"IntAct_Mouse"	"SH3GL2"
"M1"	"IntAct_Mouse"	"SSTR2"
"M1"	"IntAct_Mouse"	"GRIA2"
"M1"	"IntAct_Mouse"	"EFNB3"
"M1"	"IntAct_Mouse"	"FZD7"
"M1"	"IntAct_Mouse"	"BSN"
"M1"	"IntAct_Mouse"	"SNAP91"
"M1"	"IntAct_Mouse"	"CDK5R1"
"M1"	"IntAct_Mouse"	"SYT4"
"M1"	"IntAct_Mouse"	"KIF5A"
"M1"	"IntAct_Mouse"	"EYA1"
"M1"	"IntAct_Mouse"	"SLC1A1"
"M1"	"IntAct_Mouse"	"PLP2"
"M1"	"IntAct_Mouse"	"LTBP1"
"M1"	"IntAct_Mouse"	"EYA2"
"M1"	"IntAct_Mouse"	"SYT6"
"M1"	"IntAct_Mouse"	"AGAP2"
"M1"	"IntAct_Mouse"	"SIX5"
"M1"	"IntAct_Mouse"	"DIRAS2"
"M1"	"IntAct_Mouse"	"CD274"
"M1"	"IntAct_Mouse"	"LRRC4C"
"M1"	"INNATEDB"	"NECAB2"
"M1"	"INNATEDB"	"SH2D4A"
"M1"	"INNATEDB"	"CACNA1A"
"M1"	"INNATEDB"	"DCC"
"M1"	"INNATEDB"	"PRKCZ"
"M1"	"INNATEDB"	"GADD45G"
"M1"	"INNATEDB"	"CSDC2"
"M1"	"INNATEDB"	"LGALS3"
"M1"	"INNATEDB"	"CDK4"
"M1"	"INNATEDB"	"SOCS1"
"M1"	"INNATEDB"	"KIT"
"M1"	"INNATEDB"	"AMPH"
"M1"	"INNATEDB"	"CELSR3"
"M1"	"INNATEDB"	"CDK5R1"
"M1"	"INNATEDB"	"GLI2"
"M1"	"INNATEDB"	"ACAN"
"M1"	"INNATEDB"	"RIN1"
"M1"	"INNATEDB"	"PAK3"
"M1"	"INNATEDB"	"STMN2"
"M1"	"INNATEDB"	"PLP2"
"M1"	"INNATEDB"	"LTBP1"
"M1"	"INNATEDB"	"ACKR1"
"M1"	"INNATEDB"	"ZIC5"
"M1"	"INNATEDB"	"PCSK1N"
"M1"	"INNATEDB"	"KCNIP3"
"M1"	"INNATEDB"	"TUBB6"
"M1"	"INNATEDB"	"METTL7B"
"M1"	"INNATEDB"	"DUSP26"
"M1"	"INNATEDB"	"DPP10"
"M1"	"INNATEDB"	"SLITRK5"
"M1"	"INNATEDB"	"MAP3K7CL"
"M1"	"VidalHuman_non_core"	"NECAB2"
"M1"	"VidalHuman_non_core"	"MEOX2"
"M1"	"VidalHuman_non_core"	"PRKCZ"
"M1"	"VidalHuman_non_core"	"CDK5R1"
"M1"	"VidalHuman_non_core"	"GAD1"
"M1"	"VidalHuman_non_core"	"S100A13"
"M1"	"VidalHuman_non_core"	"EYA2"
"M1"	"VidalHuman_non_core"	"FGF12"
"M1"	"VidalHuman_non_core"	"COL20A1"
"M1"	"IntAct_Rat"	"GRID2"
"M1"	"IntAct_Rat"	"CACNA1A"
"M1"	"IntAct_Rat"	"DCC"
"M1"	"IntAct_Rat"	"DLL1"
"M1"	"IntAct_Rat"	"GABBR2"
"M1"	"IntAct_Rat"	"EEF1A2"
"M1"	"IntAct_Rat"	"PDE2A"
"M1"	"IntAct_Rat"	"RPH3A"
"M1"	"IntAct_Rat"	"ATP1A3"
"M1"	"IntAct_Rat"	"SYT3"
"M1"	"IntAct_Rat"	"SH3GL2"
"M1"	"IntAct_Rat"	"SSTR2"
"M1"	"IntAct_Rat"	"GRIA2"
"M1"	"IntAct_Rat"	"GRIK2"
"M1"	"IntAct_Rat"	"SHANK2"
"M1"	"IntAct_Rat"	"SHANK1"
"M1"	"IntAct_Rat"	"MAST1"
"M1"	"IntAct_Rat"	"INA"
"M1"	"IntAct_Rat"	"CHGB"
"M1"	"IntAct_Rat"	"GAD1"
"M1"	"IntAct_Rat"	"AGAP2"
"M1"	"IntAct_Rat"	"COL11A1"
"M1"	"IntAct_Rat"	"GABRB3"
"M1"	"IntAct_Rat"	"VGF"
"M1"	"IntAct_Rat"	"KCNN1"
"M1"	"BIND_Mouse"	"DAB1"
"M1"	"BIND_Mouse"	"GRID2"
"M1"	"BIND_Mouse"	"MEOX2"
"M1"	"BIND_Mouse"	"PRKCZ"
"M1"	"BIND_Mouse"	"RPH3A"
"M1"	"BIND_Mouse"	"CDK4"
"M1"	"BIND_Mouse"	"SOCS1"
"M1"	"BIND_Mouse"	"KIT"
"M1"	"BIND_Mouse"	"GRIA2"
"M1"	"BIND_Mouse"	"EYA1"
"M1"	"BIND_Mouse"	"PAK3"
"M1"	"BIND_Mouse"	"CARMIL1"
"M1"	"BIND_Mouse"	"DTX3"
"M1"	"BIND_Mouse"	"LRRC4C"
"M1"	"BIND"	"CRYAB"
"M1"	"BIND"	"PRKCZ"
"M1"	"BIND"	"GADD45G"
"M1"	"BIND"	"RAB27B"
"M1"	"BIND"	"CDK4"
"M1"	"BIND"	"NRXN1"
"M1"	"BIND"	"SOCS1"
"M1"	"BIND"	"EGF"
"M1"	"BIND"	"KIT"
"M1"	"BIND"	"ERBB3"
"M1"	"BIND"	"OS9"
"M1"	"BIND"	"AMPH"
"M1"	"BIND"	"SH3GL2"
"M1"	"BIND"	"GRIK2"
"M1"	"BIND"	"L1CAM"
"M1"	"BIND"	"PPFIA2"
"M1"	"BIND"	"CELSR3"
"M1"	"BIND"	"JAKMIP1"
"M1"	"BIND"	"PLP2"
"M1"	"BIND"	"S100A13"
"M1"	"BIND"	"DIRAS2"
"M1"	"BIND"	"EPHB1"
"M1"	"BIND"	"HRK"
"M1"	"BIND"	"DSCAML1"
"M1"	"BIND"	"CARMIL1"
"M1"	"MGI"	"DAB1"
"M1"	"MGI"	"GRID2"
"M1"	"MGI"	"CACNA1A"
"M1"	"MGI"	"RPH3A"
"M1"	"MGI"	"CDK4"
"M1"	"MGI"	"SOCS1"
"M1"	"MGI"	"KIT"
"M1"	"MGI"	"AMPH"
"M1"	"MGI"	"GRIA2"
"M1"	"MGI"	"DCX"
"M1"	"MGI"	"KIF5A"
"M1"	"MGI"	"RAB3B"
"M1"	"MGI"	"RAB3C"
"M1"	"MGI"	"DTX3"
"M1"	"MGI"	"SYT16"
"M1"	"VidalHuman_core"	"NECAB2"
"M1"	"VidalHuman_core"	"MEOX2"
"M1"	"VidalHuman_core"	"PRKCZ"
"M1"	"VidalHuman_core"	"ELAVL4"
"M1"	"VidalHuman_core"	"CDK4"
"M1"	"VidalHuman_core"	"FZD7"
"M1"	"VidalHuman_core"	"CDK5R1"
"M1"	"VidalHuman_core"	"NOL4"
"M1"	"VidalHuman_core"	"RAB33A"
"M1"	"VidalHuman_core"	"GAD1"
"M1"	"VidalHuman_core"	"EYA2"
"M1"	"VidalHuman_core"	"KCNIP3"
"M1"	"VidalHuman_core"	"ELAVL3"
"M1"	"BCI"	"CRYAB"
"M1"	"BCI"	"PRKCZ"
"M1"	"BCI"	"UCHL1"
"M1"	"BCI"	"CNTN1"
"M1"	"BCI"	"CDK4"
"M1"	"BCI"	"SOCS1"
"M1"	"BCI"	"EGF"
"M1"	"BCI"	"ERBB3"
"M1"	"BCI"	"L1CAM"
"M1"	"BCI"	"GNG4"
"M1"	"BCI"	"CELSR3"
"M1"	"BCI"	"CDK5R1"
"M1"	"BCI"	"PLP2"
"M1"	"BCI"	"FMOD"
"M1"	"BCI"	"LTBP1"
"M1"	"BCI"	"MYT1"
"M1"	"BCI"	"ANGPT1"
"M1"	"BCI"	"ACKR1"
"M1"	"BCI"	"GPR17"
"M1"	"DIP"	"CRYAB"
"M1"	"DIP"	"DCC"
"M1"	"DIP"	"GABBR2"
"M1"	"DIP"	"NCAM2"
"M1"	"DIP"	"PDE2A"
"M1"	"DIP"	"LGALS3"
"M1"	"DIP"	"CDK4"
"M1"	"DIP"	"EGF"
"M1"	"DIP"	"KIT"
"M1"	"DIP"	"ERBB3"
"M1"	"DIP"	"OS9"
"M1"	"DIP"	"AMPH"
"M1"	"DIP"	"SH3GL2"
"M1"	"DIP"	"GRIA2"
"M1"	"DIP"	"EFNB3"
"M1"	"DIP"	"SHANK2"
"M1"	"DIP"	"SHANK1"
"M1"	"DIP"	"PTPRT"
"M1"	"DIP"	"GFRA1"
"M1"	"DIP"	"CASKIN1"
"M1"	"DIP"	"KIF1A"
"M1"	"DIP"	"CDK5R1"
"M1"	"DIP"	"RNF165"
"M1"	"DIP"	"SMPD3"
"M1"	"DIP"	"RIN1"
"M1"	"DIP"	"TEAD2"
"M1"	"DIP"	"GAD1"
"M1"	"DIP"	"LTBP1"
"M1"	"DIP"	"VASN"
"M1"	"DIP"	"FGF12"
"M1"	"DIP"	"GABRB3"
"M1"	"DIP"	"SCN1A"
"M1"	"DIP"	"ABCC8"
"M1"	"DIP"	"CHRNA9"
"M1"	"JonesErbB1"	"ERBB3"
"M1"	"MINT_Fly"	"ELAVL4"
"M1"	"MINT_Fly"	"SSTR2"
"M1"	"MINT_Fly"	"NR2E1"
"M1"	"MINT_Fly"	"MOXD1"
"M1"	"MINT_Fly"	"CA10"
"M1"	"MINT_Fly"	"MEGF11"
"M1"	"BioGrid_Rat"	"DAB1"
"M1"	"BioGrid_Rat"	"PRKCZ"
"M1"	"BioGrid_Rat"	"GABBR2"
"M1"	"BioGrid_Rat"	"TNR"
"M1"	"BioGrid_Rat"	"STX1B"
"M1"	"BioGrid_Rat"	"CDK4"
"M1"	"BioGrid_Rat"	"ATP1A3"
"M1"	"BioGrid_Rat"	"NRXN1"
"M1"	"BioGrid_Rat"	"SOCS1"
"M1"	"BioGrid_Rat"	"SH3GL2"
"M1"	"BioGrid_Rat"	"SSTR2"
"M1"	"BioGrid_Rat"	"GRIA2"
"M1"	"BioGrid_Rat"	"GRIK2"
"M1"	"BioGrid_Rat"	"DLGAP3"
"M1"	"BioGrid_Rat"	"SHANK1"
"M1"	"BioGrid_Rat"	"GFRA1"
"M1"	"BioGrid_Rat"	"L1CAM"
"M1"	"BioGrid_Rat"	"CASKIN1"
"M1"	"BioGrid_Rat"	"DCX"
"M1"	"BioGrid_Rat"	"HR"
"M1"	"BioGrid_Rat"	"CDK5R1"
"M1"	"BioGrid_Rat"	"KCNC1"
"M1"	"BioGrid_Rat"	"AGAP2"
"M1"	"BioGrid_Rat"	"EPHB1"
"M1"	"BioGrid_Rat"	"KCNIP3"
"M1"	"MINT_Rat"	"GRID2"
"M1"	"MINT_Rat"	"GABBR2"
"M1"	"MINT_Rat"	"RPH3A"
"M1"	"MINT_Rat"	"SH3GL2"
"M1"	"MINT_Rat"	"SSTR2"
"M1"	"MINT_Rat"	"GRIA2"
"M1"	"MINT_Rat"	"SHANK2"
"M1"	"MINT_Rat"	"SHANK1"
"M1"	"MINT_Rat"	"CDK5R1"
"M1"	"MINT_Rat"	"GAD1"
"M1"	"MINT_Mouse"	"DAB1"
"M1"	"MINT_Mouse"	"GRID2"
"M1"	"MINT_Mouse"	"DLL1"
"M1"	"MINT_Mouse"	"EGF"
"M1"	"MINT_Mouse"	"SH3GL2"
"M1"	"MINT_Mouse"	"SSTR2"
"M1"	"MINT_Mouse"	"GRIA2"
"M1"	"MINT_Mouse"	"EFNB3"
"M1"	"MINT_Mouse"	"FZD7"
"M1"	"MINT_Mouse"	"KIF5A"
"M1"	"MINT_Mouse"	"SLC1A1"
"M1"	"MINT_Mouse"	"AGAP2"
"M1"	"MINT_Mouse"	"LRRC4C"
"M1"	"MINT_Mouse"	"PCDH15"
"M1"	"SOURAV_MAPK_LOW"	"PRKCZ"
"M1"	"BIND_Fly"	"CRYAB"
"M1"	"BIND_Fly"	"DLL1"
"M1"	"BIND_Fly"	"EEF1A2"
"M1"	"BIND_Fly"	"ATP1A3"
"M1"	"BIND_Fly"	"SSTR2"
"M1"	"BIND_Fly"	"NR2E1"
"M1"	"BIND_Fly"	"CA10"
"M1"	"BIND_Fly"	"PPFIA2"
"M1"	"BIND_Fly"	"FAM57B"
"M1"	"YeastLow"	"ACTL6B"
"M1"	"INNATEDB_Mouse"	"ELAVL4"
"M1"	"INNATEDB_Mouse"	"LGALS3"
"M1"	"INNATEDB_Mouse"	"SOCS1"
"M1"	"INNATEDB_Mouse"	"KIT"
"M1"	"INNATEDB_Mouse"	"GRIA2"
"M1"	"INNATEDB_Mouse"	"RIMS3"
"M1"	"INNATEDB_Mouse"	"RAB33A"
"M1"	"INNATEDB_Mouse"	"ANGPT1"
"M1"	"INNATEDB_Mouse"	"ACKR1"
"M1"	"INNATEDB_Mouse"	"SLITRK1"
"M1"	"INNATEDB_Mouse"	"CD274"
"M1"	"BioGrid_Yeast"	"ACTL6B"
"M1"	"DIP_Mouse"	"DAB1"
"M1"	"DIP_Mouse"	"DCC"
"M1"	"DIP_Mouse"	"RAB27B"
"M1"	"DIP_Mouse"	"CDK4"
"M1"	"DIP_Mouse"	"SH3GL2"
"M1"	"DIP_Mouse"	"TNFRSF11B"
"M1"	"DIP_Mouse"	"CDK5R1"
"M1"	"DIP_Mouse"	"PCDH15"
"M1"	"DIP_Mouse"	"SGSM1"
"M1"	"IntAct_Fly"	"EEF1A2"
"M1"	"IntAct_Fly"	"ATP1A3"
"M1"	"IntAct_Fly"	"MOXD1"
"M1"	"IntAct_Fly"	"PPFIA2"
"M1"	"IntAct_Fly"	"MEGF11"
"M1"	"IntAct_Fly"	"OPCML"
"M1"	"IntAct_Fly"	"GAD1"
"M1"	"IntAct_Fly"	"DIRAS2"
"M1"	"IntAct_Fly"	"EPHB1"
"M1"	"IntAct_Fly"	"SLC8A3"
"M1"	"IntAct_Fly"	"FAM57B"
"M1"	"IntAct_Fly"	"PLCB4"
"M1"	"IntAct_Fly"	"HS3ST3B1"
"M1"	"FlyLow"	"ELAVL4"
"M1"	"FlyLow"	"ATP1A3"
"M1"	"FlyLow"	"SSTR2"
"M1"	"FlyLow"	"CA10"
"M1"	"FlyLow"	"GAD1"
"M1"	"DIP_Rat"	"GRID2"
"M1"	"DIP_Rat"	"CACNA1A"
"M1"	"DIP_Rat"	"GRIA2"
"M1"	"DIP_Rat"	"GRIK2"
"M1"	"DIP_Rat"	"CDK5R1"
"M1"	"DIP_Rat"	"EPHB1"
"M1"	"DIP_Rat"	"GABRB3"
"M1"	"DIP_Rat"	"UNC13A"
"M1"	"BioGrid_Worm"	"DCC"
"M1"	"BioGrid_Worm"	"ELAVL4"
"M1"	"BioGrid_Worm"	"NR2E1"
"M1"	"BioGrid_Worm"	"PPFIA2"
"M1"	"BioGrid_Worm"	"KIF1A"
"M1"	"BioGrid_Worm"	"MEGF11"
"M1"	"BioGrid_Worm"	"EYA1"
"M1"	"BioGrid_Worm"	"RCAN3"
"M1"	"StelzlMedium"	"GABBR2"
"M1"	"StelzlMedium"	"L1CAM"
"M1"	"StelzlMedium"	"OPCML"
"M1"	"StelzlMedium"	"STMN2"
"M1"	"StelzlMedium"	"PLP2"
"M1"	"StelzlMedium"	"PHACTR3"
"M1"	"StelzlMedium"	"SUSD4"
"M1"	"StelzlMedium"	"STMN4"
"M1"	"IntAct_Yeast"	"ACTL6B"
"M1"	"FlyEmbryo"	"DLL1"
"M1"	"DIP_Yeast"	"ACTL6B"
"M1"	"MINT_Yeast"	"ACTL6B"
"M1"	"ShawnLi"	"DLGAP3"
"M1"	"StelzlHigh"	"CDK4"
"M1"	"StelzlHigh"	"OPCML"
"M1"	"StelzlHigh"	"STMN2"
"M1"	"SOURAV_MAPK_HIGH"	"PRKCZ"
"M1"	"BIND_Worm"	"ELAVL4"
"M1"	"BIND_Worm"	"NR2E1"
"M1"	"BIND_Worm"	"EYA1"
"M1"	"BIND_Worm"	"RCAN3"
"M1"	"CORE_2"	"NR2E1"
"M1"	"DIP_Worm"	"NR2E1"
"M1"	"DIP_Worm"	"PPFIA2"
"M1"	"DIP_Worm"	"RCAN3"
"M1"	"MINT_Worm"	"ELAVL4"
"M1"	"MINT_Worm"	"NR2E1"
"M1"	"MINT_Worm"	"RCAN3"
"M1"	"StelzlLow"	"NSG2"
"M1"	"StelzlLow"	"OPCML"
"M1"	"StelzlLow"	"SEPT3"
"M1"	"StelzlLow"	"SUSD4"
"M1"	"IntAct_Worm"	"ELAVL4"
"M1"	"IntAct_Worm"	"RPH3A"
"M1"	"IntAct_Worm"	"MEGF11"
"M1"	"IntAct_Worm"	"CELF5"
"M1"	"I2D-c_Rat"	"NECAB2"
"M1"	"Nakahira_Septin"	"SEPT3"
"M1"	"NON_CORE"	"NR2E1"
"M1"	"NON_CORE"	"RCAN3"
"M1"	"Fawcett_polarity_Rat"	"KIF5A"
"M1"	"Fawcett_polarity_Rat"	"SPTBN2"
"M1"	"YeastHigh"	"ACTL6B"
"M1"	"Yu_GoldStd"	"ACTL6B"
"M1"	"Krogan_NonCore"	"ACTL6B"
"M1"	"Krogan_Core"	"ACTL6B"
"M2"	"IntAct"	"FKBP5"
"M2"	"IntAct"	"ZFP36"
"M2"	"IntAct"	"HIST1H1C"
"M2"	"IntAct"	"FOS"
"M2"	"IntAct"	"ICAM1"
"M2"	"IntAct"	"LYZ"
"M2"	"IntAct"	"EGR1"
"M2"	"IntAct"	"HSPA6"
"M2"	"IntAct"	"SPP1"
"M2"	"IntAct"	"FBXO32"
"M2"	"IntAct"	"IL7R"
"M2"	"IntAct"	"NDRG1"
"M2"	"IntAct"	"VAMP8"
"M2"	"IntAct"	"C5AR1"
"M2"	"IntAct"	"AHR"
"M2"	"IntAct"	"C3"
"M2"	"IntAct"	"SERPING1"
"M2"	"IntAct"	"CAV1"
"M2"	"IntAct"	"BCL2A1"
"M2"	"IntAct"	"S100A8"
"M2"	"IntAct"	"CD14"
"M2"	"IntAct"	"BIRC3"
"M2"	"IntAct"	"LY96"
"M2"	"IntAct"	"CBS"
"M2"	"IntAct"	"ALOX5AP"
"M2"	"IntAct"	"HP"
"M2"	"IntAct"	"CD44"
"M2"	"IntAct"	"S100A9"
"M2"	"IntAct"	"CCR5"
"M2"	"IntAct"	"S100A10"
"M2"	"IntAct"	"STAB1"
"M2"	"IntAct"	"EFEMP1"
"M2"	"IntAct"	"CCL3"
"M2"	"IntAct"	"CCL4"
"M2"	"IntAct"	"SOCS3"
"M2"	"IntAct"	"JAK3"
"M2"	"IntAct"	"PTCH1"
"M2"	"IntAct"	"ACP5"
"M2"	"IntAct"	"EGR2"
"M2"	"IntAct"	"VEGFA"
"M2"	"IntAct"	"MAFB"
"M2"	"IntAct"	"RGS1"
"M2"	"IntAct"	"DUSP1"
"M2"	"IntAct"	"NAMPT"
"M2"	"IntAct"	"IGFBP3"
"M2"	"IntAct"	"FABP5"
"M2"	"IntAct"	"ANGPTL4"
"M2"	"IntAct"	"NINL"
"M2"	"IntAct"	"NR4A1"
"M2"	"IntAct"	"CXCL8"
"M2"	"IntAct"	"TBX3"
"M2"	"IntAct"	"ASS1"
"M2"	"IntAct"	"IL32"
"M2"	"IntAct"	"SLPI"
"M2"	"IntAct"	"RASD1"
"M2"	"IntAct"	"FOSL1"
"M2"	"IntAct"	"MAN1C1"
"M2"	"IntAct"	"FPR1"
"M2"	"IntAct"	"FCGR2B"
"M2"	"IntAct"	"SOD2"
"M2"	"IntAct"	"MSH5"
"M2"	"IntAct"	"ST14"
"M2"	"IntAct"	"CA12"
"M2"	"IntAct"	"PLEKHH2"
"M2"	"IntAct"	"FCGR1A"
"M2"	"IntAct"	"HLA-DQA1"
"M2"	"IntAct"	"SYNPO"
"M2"	"IntAct"	"C1QA"
"M2"	"IntAct"	"SERPINE1"
"M2"	"IntAct"	"SRGN"
"M2"	"IntAct"	"CCND2"
"M2"	"IntAct"	"SLC2A3"
"M2"	"IntAct"	"STEAP3"
"M2"	"IntAct"	"RGS2"
"M2"	"IntAct"	"TDO2"
"M2"	"IntAct"	"OSMR"
"M2"	"IntAct"	"HPGDS"
"M2"	"IntAct"	"IL1R1"
"M2"	"IntAct"	"CXCL2"
"M2"	"IntAct"	"HK3"
"M2"	"IntAct"	"CEMIP"
"M2"	"IntAct"	"STC2"
"M2"	"IntAct"	"SERPINA1"
"M2"	"IntAct"	"SERPINA3"
"M2"	"IntAct"	"TIMP1"
"M2"	"IntAct"	"HLA-DMB"
"M2"	"IntAct"	"MSR1"
"M2"	"IntAct"	"CD48"
"M2"	"IntAct"	"CCL5"
"M2"	"IntAct"	"ADAM8"
"M2"	"IntAct"	"SIGLEC10"
"M2"	"IntAct"	"PILRB"
"M2"	"IntAct"	"LOX"
"M2"	"IntAct"	"FBLN5"
"M2"	"IntAct"	"THBS1"
"M2"	"IntAct"	"F13A1"
"M2"	"IntAct"	"AMH"
"M2"	"IntAct"	"S100A4"
"M2"	"IntAct"	"SERPINA5"
"M2"	"IntAct"	"C1R"
"M2"	"IntAct"	"C1S"
"M2"	"IntAct"	"PLAU"
"M2"	"IntAct"	"CDCP1"
"M2"	"IntAct"	"MT2A"
"M2"	"IntAct"	"IL1B"
"M2"	"IntAct"	"TGFBI"
"M2"	"IntAct"	"CSTA"
"M2"	"IntAct"	"HLA-DRB1"
"M2"	"IntAct"	"HLA-DRA"
"M2"	"IntAct"	"C1QB"
"M2"	"IntAct"	"MYO1G"
"M2"	"IntAct"	"CP"
"M2"	"IntAct"	"PLA2G2A"
"M2"	"IntAct"	"IER3"
"M2"	"IntAct"	"COL11A2"
"M2"	"IntAct"	"MT1G"
"M2"	"IntAct"	"SEL1L3"
"M2"	"IntAct"	"PTPRU"
"M2"	"IntAct"	"OSM"
"M2"	"IntAct"	"EVI2A"
"M2"	"IntAct"	"GNA15"
"M2"	"IntAct"	"NNMT"
"M2"	"IntAct"	"CD300LF"
"M2"	"IntAct"	"AZGP1"
"M2"	"IntAct"	"AKAP12"
"M2"	"IntAct"	"RNASE1"
"M2"	"IntAct"	"SLC2A5"
"M2"	"IntAct"	"HLA-DOA"
"M2"	"IntAct"	"PRF1"
"M2"	"IntAct"	"MGST1"
"M2"	"IntAct"	"CAV2"
"M2"	"IntAct"	"DSC2"
"M2"	"IntAct"	"PRRG4"
"M2"	"IntAct"	"SNX10"
"M2"	"IntAct"	"OLR1"
"M2"	"IntAct"	"HSPA1A"
"M2"	"IntAct"	"TMEM176A"
"M2"	"IntAct"	"AOX1"
"M2"	"IntAct"	"S100A3"
"M2"	"IntAct"	"SNX20"
"M2"	"IntAct"	"MEGF6"
"M2"	"IntAct"	"GPNMB"
"M2"	"IntAct"	"GAP43"
"M2"	"IntAct"	"SPOCD1"
"M2"	"IntAct"	"SCIN"
"M2"	"IntAct"	"DPYD"
"M2"	"IntAct"	"SMIM3"
"M2"	"IntAct"	"CD69"
"M2"	"IntAct"	"ACSM5"
"M2"	"IntAct"	"CPVL"
"M2"	"IntAct"	"CD300C"
"M2"	"IntAct"	"FCGBP"
"M2"	"IntAct"	"AQP9"
"M2"	"IntAct"	"ELMOD1"
"M2"	"DIP"	"FKBP5"
"M2"	"DIP"	"ZFP36"
"M2"	"DIP"	"FOS"
"M2"	"DIP"	"ICAM1"
"M2"	"DIP"	"AHR"
"M2"	"DIP"	"CAV1"
"M2"	"DIP"	"LY86"
"M2"	"DIP"	"CD44"
"M2"	"DIP"	"CA9"
"M2"	"DIP"	"S100A9"
"M2"	"DIP"	"CCR5"
"M2"	"DIP"	"CCL3"
"M2"	"DIP"	"CCL4"
"M2"	"DIP"	"VEGFA"
"M2"	"DIP"	"NAMPT"
"M2"	"DIP"	"PTGS2"
"M2"	"DIP"	"IGFBP3"
"M2"	"DIP"	"NR4A1"
"M2"	"DIP"	"CXCL8"
"M2"	"DIP"	"ASS1"
"M2"	"DIP"	"FOSL1"
"M2"	"DIP"	"SPTSSB"
"M2"	"DIP"	"LIF"
"M2"	"DIP"	"IL1R1"
"M2"	"DIP"	"SERPINA1"
"M2"	"DIP"	"HLA-DMB"
"M2"	"DIP"	"CCL5"
"M2"	"DIP"	"LOX"
"M2"	"DIP"	"F13A1"
"M2"	"DIP"	"S100A4"
"M2"	"DIP"	"SERPINA5"
"M2"	"DIP"	"CDCP1"
"M2"	"DIP"	"IL1B"
"M2"	"DIP"	"HLA-DRB1"
"M2"	"DIP"	"CCL2"
"M2"	"DIP"	"CLEC2B"
"M2"	"DIP"	"HLA-DOA"
"M2"	"DIP"	"PRF1"
"M2"	"DIP"	"LILRB2"
"M2"	"DIP"	"FOSB"
"M2"	"DIP"	"OLR1"
"M2"	"DIP"	"GJB2"
"M2"	"DIP_Mouse"	"HIST1H1C"
"M2"	"DIP_Mouse"	"FOS"
"M2"	"DIP_Mouse"	"ICAM1"
"M2"	"DIP_Mouse"	"AHR"
"M2"	"DIP_Mouse"	"CAV1"
"M2"	"DIP_Mouse"	"LY86"
"M2"	"DIP_Mouse"	"MAFB"
"M2"	"DIP_Mouse"	"NAMPT"
"M2"	"DIP_Mouse"	"PTGS2"
"M2"	"DIP_Mouse"	"CCND2"
"M2"	"DIP_Mouse"	"PCSK1"
"M2"	"DIP_Mouse"	"OSM"
"M2"	"DIP_Mouse"	"PRF1"
"M2"	"BioGrid"	"FKBP5"
"M2"	"BioGrid"	"ZFP36"
"M2"	"BioGrid"	"HIST1H1C"
"M2"	"BioGrid"	"FOS"
"M2"	"BioGrid"	"ICAM1"
"M2"	"BioGrid"	"EGR1"
"M2"	"BioGrid"	"HSPA6"
"M2"	"BioGrid"	"SPP1"
"M2"	"BioGrid"	"FBXO32"
"M2"	"BioGrid"	"IL7R"
"M2"	"BioGrid"	"NDRG1"
"M2"	"BioGrid"	"VAMP8"
"M2"	"BioGrid"	"C5AR1"
"M2"	"BioGrid"	"AHR"
"M2"	"BioGrid"	"C3"
"M2"	"BioGrid"	"SERPING1"
"M2"	"BioGrid"	"CAV1"
"M2"	"BioGrid"	"BCL2A1"
"M2"	"BioGrid"	"SULT1A1"
"M2"	"BioGrid"	"LY86"
"M2"	"BioGrid"	"S100A8"
"M2"	"BioGrid"	"CD14"
"M2"	"BioGrid"	"BIRC3"
"M2"	"BioGrid"	"ITGA3"
"M2"	"BioGrid"	"PDPN"
"M2"	"BioGrid"	"CBS"
"M2"	"BioGrid"	"ALOX5AP"
"M2"	"BioGrid"	"HP"
"M2"	"BioGrid"	"CD44"
"M2"	"BioGrid"	"CA9"
"M2"	"BioGrid"	"S100A9"
"M2"	"BioGrid"	"CCR5"
"M2"	"BioGrid"	"S100A10"
"M2"	"BioGrid"	"STAB1"
"M2"	"BioGrid"	"EFEMP1"
"M2"	"BioGrid"	"CCL3"
"M2"	"BioGrid"	"CCL4"
"M2"	"BioGrid"	"SELL"
"M2"	"BioGrid"	"SOCS3"
"M2"	"BioGrid"	"JAK3"
"M2"	"BioGrid"	"PTCH1"
"M2"	"BioGrid"	"ACP5"
"M2"	"BioGrid"	"EGR2"
"M2"	"BioGrid"	"VEGFA"
"M2"	"BioGrid"	"MAFB"
"M2"	"BioGrid"	"RGS1"
"M2"	"BioGrid"	"DUSP1"
"M2"	"BioGrid"	"NAMPT"
"M2"	"BioGrid"	"PTGS2"
"M2"	"BioGrid"	"IGFBP3"
"M2"	"BioGrid"	"ANGPTL4"
"M2"	"BioGrid"	"NINL"
"M2"	"BioGrid"	"NR4A1"
"M2"	"BioGrid"	"CXCL8"
"M2"	"BioGrid"	"TBX3"
"M2"	"BioGrid"	"ASS1"
"M2"	"BioGrid"	"IL32"
"M2"	"BioGrid"	"SLPI"
"M2"	"BioGrid"	"RASD1"
"M2"	"BioGrid"	"FOSL1"
"M2"	"BioGrid"	"FPR1"
"M2"	"BioGrid"	"MLXIPL"
"M2"	"BioGrid"	"FCGR2B"
"M2"	"BioGrid"	"SOD2"
"M2"	"BioGrid"	"MSH5"
"M2"	"BioGrid"	"ST14"
"M2"	"BioGrid"	"CA12"
"M2"	"BioGrid"	"FCGR1A"
"M2"	"BioGrid"	"HLA-DQA1"
"M2"	"BioGrid"	"SYNPO"
"M2"	"BioGrid"	"C1QA"
"M2"	"BioGrid"	"SERPINE1"
"M2"	"BioGrid"	"SRGN"
"M2"	"BioGrid"	"CCND2"
"M2"	"BioGrid"	"HMOX1"
"M2"	"BioGrid"	"TREM1"
"M2"	"BioGrid"	"STEAP3"
"M2"	"BioGrid"	"RGS2"
"M2"	"BioGrid"	"TDO2"
"M2"	"BioGrid"	"OSMR"
"M2"	"BioGrid"	"HPGDS"
"M2"	"BioGrid"	"IL1R1"
"M2"	"BioGrid"	"CXCL2"
"M2"	"BioGrid"	"HK3"
"M2"	"BioGrid"	"STC2"
"M2"	"BioGrid"	"SERPINA1"
"M2"	"BioGrid"	"SERPINA3"
"M2"	"BioGrid"	"TIMP1"
"M2"	"BioGrid"	"HLA-DMB"
"M2"	"BioGrid"	"HLA-DRB5"
"M2"	"BioGrid"	"MSR1"
"M2"	"BioGrid"	"CD48"
"M2"	"BioGrid"	"CCL5"
"M2"	"BioGrid"	"LOX"
"M2"	"BioGrid"	"FBLN5"
"M2"	"BioGrid"	"THBS1"
"M2"	"BioGrid"	"F13A1"
"M2"	"BioGrid"	"AMH"
"M2"	"BioGrid"	"S100A4"
"M2"	"BioGrid"	"SERPINA5"
"M2"	"BioGrid"	"IGFBP5"
"M2"	"BioGrid"	"C1R"
"M2"	"BioGrid"	"PLAU"
"M2"	"BioGrid"	"PCSK1"
"M2"	"BioGrid"	"MT2A"
"M2"	"BioGrid"	"IL1B"
"M2"	"BioGrid"	"TGFBI"
"M2"	"BioGrid"	"CFI"
"M2"	"BioGrid"	"VSIG4"
"M2"	"BioGrid"	"CSTA"
"M2"	"BioGrid"	"HLA-DQA2"
"M2"	"BioGrid"	"HLA-DRB1"
"M2"	"BioGrid"	"HLA-DRA"
"M2"	"BioGrid"	"APOC1"
"M2"	"BioGrid"	"FCGR3A"
"M2"	"BioGrid"	"C1QB"
"M2"	"BioGrid"	"MYO1G"
"M2"	"BioGrid"	"CP"
"M2"	"BioGrid"	"PLA2G2A"
"M2"	"BioGrid"	"PLIN2"
"M2"	"BioGrid"	"CCL2"
"M2"	"BioGrid"	"SIGLEC8"
"M2"	"BioGrid"	"IER3"
"M2"	"BioGrid"	"HLA-DPA1"
"M2"	"BioGrid"	"PTPRU"
"M2"	"BioGrid"	"RGS18"
"M2"	"BioGrid"	"OSM"
"M2"	"BioGrid"	"EVI2A"
"M2"	"BioGrid"	"GNA15"
"M2"	"BioGrid"	"NNMT"
"M2"	"BioGrid"	"RCAN1"
"M2"	"BioGrid"	"OCIAD2"
"M2"	"BioGrid"	"CD300LF"
"M2"	"BioGrid"	"CLEC2B"
"M2"	"BioGrid"	"AZGP1"
"M2"	"BioGrid"	"KCNJ5"
"M2"	"BioGrid"	"AKAP12"
"M2"	"BioGrid"	"SECTM1"
"M2"	"BioGrid"	"HLA-DOA"
"M2"	"BioGrid"	"MRC1"
"M2"	"BioGrid"	"PRF1"
"M2"	"BioGrid"	"MGST1"
"M2"	"BioGrid"	"CAV2"
"M2"	"BioGrid"	"GPRC5A"
"M2"	"BioGrid"	"HTATIP2"
"M2"	"BioGrid"	"DSC2"
"M2"	"BioGrid"	"PRRG4"
"M2"	"BioGrid"	"FOSB"
"M2"	"BioGrid"	"TNFAIP2"
"M2"	"BioGrid"	"GPX3"
"M2"	"BioGrid"	"PTGS1"
"M2"	"BioGrid"	"AOX1"
"M2"	"BioGrid"	"GJB2"
"M2"	"BioGrid"	"S100A3"
"M2"	"BioGrid"	"MS4A7"
"M2"	"BioGrid"	"SNX20"
"M2"	"BioGrid"	"GAP43"
"M2"	"BioGrid"	"LYVE1"
"M2"	"BioGrid"	"G0S2"
"M2"	"BioGrid"	"SCIN"
"M2"	"BioGrid"	"CD163"
"M2"	"BioGrid"	"DPYD"
"M2"	"BioGrid"	"CD69"
"M2"	"BioGrid"	"ACSM5"
"M2"	"BioGrid"	"GPR183"
"M2"	"BioGrid"	"CA14"
"M2"	"BioGrid"	"SPAG4"
"M2"	"BioGrid"	"CD300C"
"M2"	"BioGrid"	"AQP9"
"M2"	"INNATEDB"	"ZFP36"
"M2"	"INNATEDB"	"FOS"
"M2"	"INNATEDB"	"ICAM1"
"M2"	"INNATEDB"	"LYZ"
"M2"	"INNATEDB"	"EGR1"
"M2"	"INNATEDB"	"IL7R"
"M2"	"INNATEDB"	"NDRG1"
"M2"	"INNATEDB"	"AHR"
"M2"	"INNATEDB"	"C3"
"M2"	"INNATEDB"	"SERPING1"
"M2"	"INNATEDB"	"CAV1"
"M2"	"INNATEDB"	"BCL2A1"
"M2"	"INNATEDB"	"LY86"
"M2"	"INNATEDB"	"S100A8"
"M2"	"INNATEDB"	"CD14"
"M2"	"INNATEDB"	"BIRC3"
"M2"	"INNATEDB"	"LY96"
"M2"	"INNATEDB"	"ITGA3"
"M2"	"INNATEDB"	"PDPN"
"M2"	"INNATEDB"	"CBS"
"M2"	"INNATEDB"	"ALOX5AP"
"M2"	"INNATEDB"	"CD44"
"M2"	"INNATEDB"	"S100A9"
"M2"	"INNATEDB"	"CCR5"
"M2"	"INNATEDB"	"S100A10"
"M2"	"INNATEDB"	"STAB1"
"M2"	"INNATEDB"	"C2"
"M2"	"INNATEDB"	"CCL3"
"M2"	"INNATEDB"	"SELL"
"M2"	"INNATEDB"	"PTX3"
"M2"	"INNATEDB"	"SOCS3"
"M2"	"INNATEDB"	"JAK3"
"M2"	"INNATEDB"	"SIGLEC7"
"M2"	"INNATEDB"	"PTCH1"
"M2"	"INNATEDB"	"MAFB"
"M2"	"INNATEDB"	"DUSP1"
"M2"	"INNATEDB"	"PTGS2"
"M2"	"INNATEDB"	"IGFBP3"
"M2"	"INNATEDB"	"NR4A1"
"M2"	"INNATEDB"	"CXCL8"
"M2"	"INNATEDB"	"IL32"
"M2"	"INNATEDB"	"FOSL1"
"M2"	"INNATEDB"	"CYP19A1"
"M2"	"INNATEDB"	"C1QA"
"M2"	"INNATEDB"	"CCND2"
"M2"	"INNATEDB"	"HMOX1"
"M2"	"INNATEDB"	"SLC2A3"
"M2"	"INNATEDB"	"TREM1"
"M2"	"INNATEDB"	"IL1R1"
"M2"	"INNATEDB"	"CXCL2"
"M2"	"INNATEDB"	"SERPINA1"
"M2"	"INNATEDB"	"SERPINA3"
"M2"	"INNATEDB"	"TIMP1"
"M2"	"INNATEDB"	"MSR1"
"M2"	"INNATEDB"	"TLR10"
"M2"	"INNATEDB"	"ADAM8"
"M2"	"INNATEDB"	"THBS1"
"M2"	"INNATEDB"	"S100A4"
"M2"	"INNATEDB"	"C1S"
"M2"	"INNATEDB"	"PLAU"
"M2"	"INNATEDB"	"IL1B"
"M2"	"INNATEDB"	"CFI"
"M2"	"INNATEDB"	"HLA-DRA"
"M2"	"INNATEDB"	"CCL2"
"M2"	"INNATEDB"	"OSM"
"M2"	"INNATEDB"	"GNA15"
"M2"	"INNATEDB"	"RCAN1"
"M2"	"INNATEDB"	"EGR3"
"M2"	"INNATEDB"	"LST1"
"M2"	"INNATEDB"	"PDK4"
"M2"	"INNATEDB"	"PRF1"
"M2"	"INNATEDB"	"LILRB2"
"M2"	"INNATEDB"	"FREM1"
"M2"	"INNATEDB"	"STC1"
"M2"	"INNATEDB"	"DPY19L2"
"M2"	"INNATEDB"	"TNFAIP2"
"M2"	"INNATEDB"	"NFKBIZ"
"M2"	"INNATEDB"	"HIF3A"
"M2"	"INNATEDB"	"RDH10"
"M2"	"INNATEDB"	"CCDC71L"
"M2"	"INNATEDB"	"CX3CR1"
"M2"	"INNATEDB"	"CD69"
"M2"	"INNATEDB"	"AQP9"
"M2"	"BioGrid_Mouse"	"ZFP36"
"M2"	"BioGrid_Mouse"	"FOS"
"M2"	"BioGrid_Mouse"	"EGR1"
"M2"	"BioGrid_Mouse"	"FBXO32"
"M2"	"BioGrid_Mouse"	"AHR"
"M2"	"BioGrid_Mouse"	"CAV1"
"M2"	"BioGrid_Mouse"	"CD14"
"M2"	"BioGrid_Mouse"	"BIRC3"
"M2"	"BioGrid_Mouse"	"SOCS3"
"M2"	"BioGrid_Mouse"	"JAK3"
"M2"	"BioGrid_Mouse"	"EGR2"
"M2"	"BioGrid_Mouse"	"VEGFA"
"M2"	"BioGrid_Mouse"	"MAFB"
"M2"	"BioGrid_Mouse"	"DUSP1"
"M2"	"BioGrid_Mouse"	"PTGS2"
"M2"	"BioGrid_Mouse"	"NR4A1"
"M2"	"BioGrid_Mouse"	"SLPI"
"M2"	"BioGrid_Mouse"	"MLXIPL"
"M2"	"BioGrid_Mouse"	"FCGR2B"
"M2"	"BioGrid_Mouse"	"FCGR1A"
"M2"	"BioGrid_Mouse"	"IL1R1"
"M2"	"BioGrid_Mouse"	"THBS1"
"M2"	"BioGrid_Mouse"	"S100A4"
"M2"	"BioGrid_Mouse"	"IL1B"
"M2"	"BioGrid_Mouse"	"HLA-DQB1"
"M2"	"BioGrid_Mouse"	"RGS18"
"M2"	"BioGrid_Mouse"	"CD300LF"
"M2"	"BioGrid_Mouse"	"FOSB"
"M2"	"BioGrid_Mouse"	"PTGS1"
"M2"	"BioGrid_Mouse"	"ANKRD22"
"M2"	"BCI"	"FKBP5"
"M2"	"BCI"	"ZFP36"
"M2"	"BCI"	"HIST1H1C"
"M2"	"BCI"	"FOS"
"M2"	"BCI"	"ICAM1"
"M2"	"BCI"	"EGR1"
"M2"	"BCI"	"IL7R"
"M2"	"BCI"	"NDRG1"
"M2"	"BCI"	"VAMP8"
"M2"	"BCI"	"AHR"
"M2"	"BCI"	"SERPING1"
"M2"	"BCI"	"CAV1"
"M2"	"BCI"	"BCL2A1"
"M2"	"BCI"	"S100A8"
"M2"	"BCI"	"CD14"
"M2"	"BCI"	"BIRC3"
"M2"	"BCI"	"ITGA3"
"M2"	"BCI"	"CD44"
"M2"	"BCI"	"C2"
"M2"	"BCI"	"CCL3"
"M2"	"BCI"	"SELL"
"M2"	"BCI"	"JAK3"
"M2"	"BCI"	"PTCH1"
"M2"	"BCI"	"ACP5"
"M2"	"BCI"	"EGR2"
"M2"	"BCI"	"VEGFA"
"M2"	"BCI"	"RGS1"
"M2"	"BCI"	"DUSP1"
"M2"	"BCI"	"IGFBP3"
"M2"	"BCI"	"NR4A1"
"M2"	"BCI"	"CXCL8"
"M2"	"BCI"	"ASS1"
"M2"	"BCI"	"CYP19A1"
"M2"	"BCI"	"FCGR2B"
"M2"	"BCI"	"FCGR1A"
"M2"	"BCI"	"SERPINE1"
"M2"	"BCI"	"SRGN"
"M2"	"BCI"	"CCND2"
"M2"	"BCI"	"HMOX1"
"M2"	"BCI"	"RGS2"
"M2"	"BCI"	"IL1R1"
"M2"	"BCI"	"CXCL2"
"M2"	"BCI"	"HK3"
"M2"	"BCI"	"SERPINA3"
"M2"	"BCI"	"HLA-DMB"
"M2"	"BCI"	"CD48"
"M2"	"BCI"	"CCL5"
"M2"	"BCI"	"LOX"
"M2"	"BCI"	"THBS1"
"M2"	"BCI"	"F13A1"
"M2"	"BCI"	"S100A4"
"M2"	"BCI"	"IGFBP5"
"M2"	"BCI"	"CFD"
"M2"	"BCI"	"PLAU"
"M2"	"BCI"	"MT2A"
"M2"	"BCI"	"IL1B"
"M2"	"BCI"	"CSTA"
"M2"	"BCI"	"HLA-DRA"
"M2"	"BCI"	"FCGR3A"
"M2"	"BCI"	"C1QB"
"M2"	"BCI"	"CP"
"M2"	"BCI"	"PLA2G2A"
"M2"	"BCI"	"MT1G"
"M2"	"BCI"	"GNA15"
"M2"	"BCI"	"CYR61"
"M2"	"BCI"	"RNASE1"
"M2"	"BCI"	"ADM"
"M2"	"BCI"	"BDKRB2"
"M2"	"BCI"	"RNASE2"
"M2"	"BCI"	"AIF1"
"M2"	"BCI"	"FOSB"
"M2"	"BCI"	"CX3CR1"
"M2"	"BIND_Mouse"	"FOS"
"M2"	"BIND_Mouse"	"EGR1"
"M2"	"BIND_Mouse"	"VAMP8"
"M2"	"BIND_Mouse"	"AHR"
"M2"	"BIND_Mouse"	"LY86"
"M2"	"BIND_Mouse"	"S100A8"
"M2"	"BIND_Mouse"	"LY96"
"M2"	"BIND_Mouse"	"S100A9"
"M2"	"BIND_Mouse"	"CCR5"
"M2"	"BIND_Mouse"	"VEGFA"
"M2"	"BIND_Mouse"	"PTGS2"
"M2"	"BIND_Mouse"	"NR4A1"
"M2"	"BIND_Mouse"	"HLA-DQA1"
"M2"	"BIND_Mouse"	"PTGS1"
"M2"	"BIND_Mouse"	"GAP43"
"M2"	"HPRD"	"FKBP5"
"M2"	"HPRD"	"FOS"
"M2"	"HPRD"	"ICAM1"
"M2"	"HPRD"	"LYZ"
"M2"	"HPRD"	"EGR1"
"M2"	"HPRD"	"SPP1"
"M2"	"HPRD"	"FBXO32"
"M2"	"HPRD"	"IL7R"
"M2"	"HPRD"	"NDRG1"
"M2"	"HPRD"	"VAMP8"
"M2"	"HPRD"	"C5AR1"
"M2"	"HPRD"	"AHR"
"M2"	"HPRD"	"C3"
"M2"	"HPRD"	"SERPING1"
"M2"	"HPRD"	"CAV1"
"M2"	"HPRD"	"BCL2A1"
"M2"	"HPRD"	"LY86"
"M2"	"HPRD"	"S100A8"
"M2"	"HPRD"	"CD14"
"M2"	"HPRD"	"BIRC3"
"M2"	"HPRD"	"ITGA3"
"M2"	"HPRD"	"CBS"
"M2"	"HPRD"	"ALOX5AP"
"M2"	"HPRD"	"HP"
"M2"	"HPRD"	"CD44"
"M2"	"HPRD"	"CA9"
"M2"	"HPRD"	"S100A9"
"M2"	"HPRD"	"CCR5"
"M2"	"HPRD"	"S100A10"
"M2"	"HPRD"	"C2"
"M2"	"HPRD"	"CCL3"
"M2"	"HPRD"	"CCL4"
"M2"	"HPRD"	"SELL"
"M2"	"HPRD"	"PTX3"
"M2"	"HPRD"	"SOCS3"
"M2"	"HPRD"	"JAK3"
"M2"	"HPRD"	"SIGLEC7"
"M2"	"HPRD"	"PTCH1"
"M2"	"HPRD"	"ACP5"
"M2"	"HPRD"	"EGR2"
"M2"	"HPRD"	"VEGFA"
"M2"	"HPRD"	"MAFB"
"M2"	"HPRD"	"RGS1"
"M2"	"HPRD"	"DUSP1"
"M2"	"HPRD"	"PTGS2"
"M2"	"HPRD"	"IGFBP3"
"M2"	"HPRD"	"FABP5"
"M2"	"HPRD"	"NINL"
"M2"	"HPRD"	"NR4A1"
"M2"	"HPRD"	"CXCL8"
"M2"	"HPRD"	"TBX3"
"M2"	"HPRD"	"ASS1"
"M2"	"HPRD"	"RASD1"
"M2"	"HPRD"	"FOSL1"
"M2"	"HPRD"	"MAN1C1"
"M2"	"HPRD"	"FPR1"
"M2"	"HPRD"	"LIF"
"M2"	"HPRD"	"MLXIPL"
"M2"	"HPRD"	"FCGR2B"
"M2"	"HPRD"	"SOD2"
"M2"	"HPRD"	"MSH5"
"M2"	"HPRD"	"ST14"
"M2"	"HPRD"	"CA12"
"M2"	"HPRD"	"FCGR1A"
"M2"	"HPRD"	"HLA-DQA1"
"M2"	"HPRD"	"SYNPO"
"M2"	"HPRD"	"C1QA"
"M2"	"HPRD"	"SERPINE1"
"M2"	"HPRD"	"SRGN"
"M2"	"HPRD"	"CCND2"
"M2"	"HPRD"	"HMOX1"
"M2"	"HPRD"	"SIGLEC14"
"M2"	"HPRD"	"TREM1"
"M2"	"HPRD"	"STEAP3"
"M2"	"HPRD"	"RGS2"
"M2"	"HPRD"	"TDO2"
"M2"	"HPRD"	"OSMR"
"M2"	"HPRD"	"HPGDS"
"M2"	"HPRD"	"IL1R1"
"M2"	"HPRD"	"CXCL2"
"M2"	"HPRD"	"HK3"
"M2"	"HPRD"	"CEMIP"
"M2"	"HPRD"	"STC2"
"M2"	"HPRD"	"SERPINA1"
"M2"	"HPRD"	"SERPINA3"
"M2"	"HPRD"	"CLCF1"
"M2"	"HPRD"	"TIMP1"
"M2"	"HPRD"	"HLA-DRB5"
"M2"	"HPRD"	"MSR1"
"M2"	"HPRD"	"TLR10"
"M2"	"HPRD"	"CD48"
"M2"	"HPRD"	"CCL5"
"M2"	"HPRD"	"SIGLEC10"
"M2"	"HPRD"	"PILRB"
"M2"	"HPRD"	"LOX"
"M2"	"HPRD"	"FBLN5"
"M2"	"HPRD"	"THBS1"
"M2"	"HPRD"	"F13A1"
"M2"	"HPRD"	"AMH"
"M2"	"HPRD"	"S100A4"
"M2"	"HPRD"	"SERPINA5"
"M2"	"HPRD"	"THBD"
"M2"	"HPRD"	"IGFBP5"
"M2"	"HPRD"	"C1R"
"M2"	"HPRD"	"C1S"
"M2"	"HPRD"	"CFD"
"M2"	"HPRD"	"PLAU"
"M2"	"HPRD"	"CDCP1"
"M2"	"HPRD"	"PCSK1"
"M2"	"HPRD"	"MT2A"
"M2"	"HPRD"	"IL1B"
"M2"	"HPRD"	"TGFBI"
"M2"	"HPRD"	"CFI"
"M2"	"HPRD"	"VSIG4"
"M2"	"HPRD"	"CSTA"
"M2"	"HPRD"	"CPM"
"M2"	"HPRD"	"HLA-DQA2"
"M2"	"HPRD"	"HLA-DQB1"
"M2"	"HPRD"	"HLA-DRB1"
"M2"	"HPRD"	"HLA-DRA"
"M2"	"HPRD"	"APOC1"
"M2"	"HPRD"	"FCGR3A"
"M2"	"HPRD"	"C1QB"
"M2"	"HPRD"	"IGDCC3"
"M2"	"HPRD"	"PLA2G2A"
"M2"	"HPRD"	"CCL2"
"M2"	"HPRD"	"HLA-DPA1"
"M2"	"HPRD"	"MT1G"
"M2"	"HPRD"	"PTPRU"
"M2"	"HPRD"	"P2RY12"
"M2"	"HPRD"	"RGS18"
"M2"	"HPRD"	"OSM"
"M2"	"HPRD"	"RCAN1"
"M2"	"HPRD"	"CD300LF"
"M2"	"HPRD"	"LST1"
"M2"	"HPRD"	"CYR61"
"M2"	"HPRD"	"AZGP1"
"M2"	"HPRD"	"KCNJ5"
"M2"	"HPRD"	"AKAP12"
"M2"	"HPRD"	"RNASE1"
"M2"	"HPRD"	"ADM"
"M2"	"HPRD"	"PDK4"
"M2"	"HPRD"	"SECTM1"
"M2"	"HPRD"	"HLA-DOA"
"M2"	"HPRD"	"PRF1"
"M2"	"HPRD"	"MGST1"
"M2"	"HPRD"	"MGP"
"M2"	"HPRD"	"BDKRB2"
"M2"	"HPRD"	"CAV2"
"M2"	"HPRD"	"AIF1"
"M2"	"HPRD"	"HTATIP2"
"M2"	"HPRD"	"DSC2"
"M2"	"HPRD"	"FOSB"
"M2"	"HPRD"	"NFKBIZ"
"M2"	"HPRD"	"PTGS1"
"M2"	"HPRD"	"HIF3A"
"M2"	"HPRD"	"S100A3"
"M2"	"HPRD"	"CHI3L1"
"M2"	"HPRD"	"MEGF6"
"M2"	"HPRD"	"GAP43"
"M2"	"HPRD"	"SCIN"
"M2"	"HPRD"	"CD69"
"M2"	"HPRD"	"GPR183"
"M2"	"HPRD"	"SPAG4"
"M2"	"HPRD"	"ST6GAL2"
"M2"	"HPRD"	"HAMP"
"M2"	"HPRD"	"ELMOD1"
"M2"	"HPRD"	"APLNR"
"M2"	"VidalHuman_non_core"	"C5AR1"
"M2"	"VidalHuman_non_core"	"CBS"
"M2"	"VidalHuman_non_core"	"RASD1"
"M2"	"VidalHuman_non_core"	"CXCL2"
"M2"	"VidalHuman_non_core"	"SERPINA5"
"M2"	"VidalHuman_non_core"	"S100A3"
"M2"	"BioGrid_Rat"	"SPP1"
"M2"	"BioGrid_Rat"	"AHR"
"M2"	"BioGrid_Rat"	"CAV1"
"M2"	"BioGrid_Rat"	"C2"
"M2"	"BioGrid_Rat"	"VEGFA"
"M2"	"BioGrid_Rat"	"SDK2"
"M2"	"BioGrid_Rat"	"SERPINE1"
"M2"	"BioGrid_Rat"	"CCND2"
"M2"	"BioGrid_Rat"	"HMOX1"
"M2"	"BioGrid_Rat"	"HK3"
"M2"	"INNATEDB_Mouse"	"FOS"
"M2"	"INNATEDB_Mouse"	"ICAM1"
"M2"	"INNATEDB_Mouse"	"EGR1"
"M2"	"INNATEDB_Mouse"	"SPP1"
"M2"	"INNATEDB_Mouse"	"IL7R"
"M2"	"INNATEDB_Mouse"	"VAMP8"
"M2"	"INNATEDB_Mouse"	"AHR"
"M2"	"INNATEDB_Mouse"	"C3"
"M2"	"INNATEDB_Mouse"	"CAV1"
"M2"	"INNATEDB_Mouse"	"LY86"
"M2"	"INNATEDB_Mouse"	"S100A8"
"M2"	"INNATEDB_Mouse"	"CD14"
"M2"	"INNATEDB_Mouse"	"BIRC3"
"M2"	"INNATEDB_Mouse"	"LY96"
"M2"	"INNATEDB_Mouse"	"HP"
"M2"	"INNATEDB_Mouse"	"CCR5"
"M2"	"INNATEDB_Mouse"	"STAB1"
"M2"	"INNATEDB_Mouse"	"CCL4"
"M2"	"INNATEDB_Mouse"	"SELL"
"M2"	"INNATEDB_Mouse"	"PTX3"
"M2"	"INNATEDB_Mouse"	"SOCS3"
"M2"	"INNATEDB_Mouse"	"JAK3"
"M2"	"INNATEDB_Mouse"	"EGR2"
"M2"	"INNATEDB_Mouse"	"DUSP1"
"M2"	"INNATEDB_Mouse"	"ASS1"
"M2"	"INNATEDB_Mouse"	"HMOX1"
"M2"	"INNATEDB_Mouse"	"TREM1"
"M2"	"INNATEDB_Mouse"	"RGS2"
"M2"	"INNATEDB_Mouse"	"IL1R1"
"M2"	"INNATEDB_Mouse"	"CXCL2"
"M2"	"INNATEDB_Mouse"	"HK3"
"M2"	"INNATEDB_Mouse"	"MSR1"
"M2"	"INNATEDB_Mouse"	"CCL5"
"M2"	"INNATEDB_Mouse"	"SIGLEC10"
"M2"	"INNATEDB_Mouse"	"IL1B"
"M2"	"INNATEDB_Mouse"	"MRC1"
"M2"	"INNATEDB_Mouse"	"PRF1"
"M2"	"INNATEDB_Mouse"	"AIF1"
"M2"	"INNATEDB_Mouse"	"HTATIP2"
"M2"	"INNATEDB_Mouse"	"SNX10"
"M2"	"INNATEDB_Mouse"	"NFKBIZ"
"M2"	"INNATEDB_Mouse"	"SEMA3G"
"M2"	"INNATEDB_Mouse"	"SLC11A1"
"M2"	"INNATEDB_Mouse"	"PLD4"
"M2"	"BIND"	"FOS"
"M2"	"BIND"	"ICAM1"
"M2"	"BIND"	"EGR1"
"M2"	"BIND"	"AHR"
"M2"	"BIND"	"C3"
"M2"	"BIND"	"CAV1"
"M2"	"BIND"	"LY86"
"M2"	"BIND"	"S100A8"
"M2"	"BIND"	"BIRC3"
"M2"	"BIND"	"CBS"
"M2"	"BIND"	"S100A9"
"M2"	"BIND"	"S100A10"
"M2"	"BIND"	"CCL4"
"M2"	"BIND"	"SELL"
"M2"	"BIND"	"JAK3"
"M2"	"BIND"	"PTCH1"
"M2"	"BIND"	"VEGFA"
"M2"	"BIND"	"MAFB"
"M2"	"BIND"	"PTGS2"
"M2"	"BIND"	"CXCL8"
"M2"	"BIND"	"FOSL1"
"M2"	"BIND"	"LIF"
"M2"	"BIND"	"SOD2"
"M2"	"BIND"	"ST14"
"M2"	"BIND"	"CA12"
"M2"	"BIND"	"SERPINE1"
"M2"	"BIND"	"CCND2"
"M2"	"BIND"	"HMOX1"
"M2"	"BIND"	"TREM1"
"M2"	"BIND"	"HPGDS"
"M2"	"BIND"	"IL1R1"
"M2"	"BIND"	"CXCL2"
"M2"	"BIND"	"HK3"
"M2"	"BIND"	"SERPINA1"
"M2"	"BIND"	"TIMP1"
"M2"	"BIND"	"HLA-DMB"
"M2"	"BIND"	"HLA-DRB5"
"M2"	"BIND"	"CCL5"
"M2"	"BIND"	"F13A1"
"M2"	"BIND"	"S100A4"
"M2"	"BIND"	"THBD"
"M2"	"BIND"	"IGFBP5"
"M2"	"BIND"	"C1R"
"M2"	"BIND"	"C1S"
"M2"	"BIND"	"PLAU"
"M2"	"BIND"	"CSTA"
"M2"	"BIND"	"HLA-DRB1"
"M2"	"BIND"	"HLA-DRA"
"M2"	"BIND"	"PLA2G2A"
"M2"	"BIND"	"CCL2"
"M2"	"BIND"	"GNA15"
"M2"	"BIND"	"LST1"
"M2"	"BIND"	"AZGP1"
"M2"	"BIND"	"RNASE1"
"M2"	"BIND"	"RNASE2"
"M2"	"BIND"	"FOSB"
"M2"	"BIND"	"OLR1"
"M2"	"BIND"	"PTGS1"
"M2"	"BIND"	"S100A3"
"M2"	"BIND"	"CHI3L1"
"M2"	"BIND"	"GAP43"
"M2"	"BIND"	"CD69"
"M2"	"BIND"	"HAMP"
"M2"	"IntAct_Mouse"	"FKBP5"
"M2"	"IntAct_Mouse"	"ZFP36"
"M2"	"IntAct_Mouse"	"FOS"
"M2"	"IntAct_Mouse"	"FBXO32"
"M2"	"IntAct_Mouse"	"CAV1"
"M2"	"IntAct_Mouse"	"LY86"
"M2"	"IntAct_Mouse"	"S100A8"
"M2"	"IntAct_Mouse"	"BIRC3"
"M2"	"IntAct_Mouse"	"CD44"
"M2"	"IntAct_Mouse"	"S100A9"
"M2"	"IntAct_Mouse"	"S100A10"
"M2"	"IntAct_Mouse"	"SOCS3"
"M2"	"IntAct_Mouse"	"EGR2"
"M2"	"IntAct_Mouse"	"PTGS2"
"M2"	"IntAct_Mouse"	"RASD1"
"M2"	"IntAct_Mouse"	"SOD2"
"M2"	"IntAct_Mouse"	"PLEKHH2"
"M2"	"IntAct_Mouse"	"HLA-DQA1"
"M2"	"IntAct_Mouse"	"CCND2"
"M2"	"IntAct_Mouse"	"HMOX1"
"M2"	"IntAct_Mouse"	"RGS2"
"M2"	"IntAct_Mouse"	"IL1R1"
"M2"	"IntAct_Mouse"	"HLA-DRB5"
"M2"	"IntAct_Mouse"	"MSR1"
"M2"	"IntAct_Mouse"	"SIGLEC10"
"M2"	"IntAct_Mouse"	"LOX"
"M2"	"IntAct_Mouse"	"S100A4"
"M2"	"IntAct_Mouse"	"SERPINA5"
"M2"	"IntAct_Mouse"	"CP"
"M2"	"IntAct_Mouse"	"MRC1"
"M2"	"IntAct_Mouse"	"GJB2"
"M2"	"IntAct_Mouse"	"GPNMB"
"M2"	"MINT_Mouse"	"FBXO32"
"M2"	"MINT_Mouse"	"CAV1"
"M2"	"MINT_Mouse"	"BIRC3"
"M2"	"MINT_Mouse"	"CD44"
"M2"	"MINT_Mouse"	"SOCS3"
"M2"	"MINT_Mouse"	"JAK3"
"M2"	"MINT_Mouse"	"EGR2"
"M2"	"MINT_Mouse"	"RGS1"
"M2"	"MINT_Mouse"	"FCGR2B"
"M2"	"MINT_Mouse"	"HLA-DQA1"
"M2"	"MINT_Mouse"	"RGS2"
"M2"	"MINT_Mouse"	"LOX"
"M2"	"MINT_Mouse"	"FBLN5"
"M2"	"MINT_Mouse"	"RCAN1"
"M2"	"MINT_Mouse"	"AKAP12"
"M2"	"BioGrid_Fly"	"ABCC3"
"M2"	"BioGrid_Fly"	"PTCH1"
"M2"	"BioGrid_Fly"	"ASS1"
"M2"	"BioGrid_Fly"	"SOD2"
"M2"	"BioGrid_Fly"	"CCND2"
"M2"	"BioGrid_Fly"	"SLC2A3"
"M2"	"BioGrid_Fly"	"HPGDS"
"M2"	"BioGrid_Fly"	"TMEM132E"
"M2"	"BioGrid_Fly"	"DPYD"
"M2"	"BIND_Fly"	"PTCH1"
"M2"	"BIND_Fly"	"ASS1"
"M2"	"BIND_Fly"	"SLC2A3"
"M2"	"BIND_Fly"	"HPGDS"
"M2"	"BIND_Fly"	"DPYD"
"M2"	"MINT"	"ZFP36"
"M2"	"MINT"	"FOS"
"M2"	"MINT"	"ICAM1"
"M2"	"MINT"	"LYZ"
"M2"	"MINT"	"EGR1"
"M2"	"MINT"	"SPP1"
"M2"	"MINT"	"CAV1"
"M2"	"MINT"	"S100A8"
"M2"	"MINT"	"CD14"
"M2"	"MINT"	"PDPN"
"M2"	"MINT"	"CBS"
"M2"	"MINT"	"HP"
"M2"	"MINT"	"CCR5"
"M2"	"MINT"	"S100A10"
"M2"	"MINT"	"EFEMP1"
"M2"	"MINT"	"SOCS3"
"M2"	"MINT"	"JAK3"
"M2"	"MINT"	"ACP5"
"M2"	"MINT"	"EGR2"
"M2"	"MINT"	"VEGFA"
"M2"	"MINT"	"RGS1"
"M2"	"MINT"	"DUSP1"
"M2"	"MINT"	"NAMPT"
"M2"	"MINT"	"IGFBP3"
"M2"	"MINT"	"NINL"
"M2"	"MINT"	"NR4A1"
"M2"	"MINT"	"FOSL1"
"M2"	"MINT"	"FCGR2B"
"M2"	"MINT"	"MSH5"
"M2"	"MINT"	"ST14"
"M2"	"MINT"	"FCGR1A"
"M2"	"MINT"	"HLA-DQA1"
"M2"	"MINT"	"SERPINE1"
"M2"	"MINT"	"SRGN"
"M2"	"MINT"	"CCND2"
"M2"	"MINT"	"HMOX1"
"M2"	"MINT"	"SLC2A3"
"M2"	"MINT"	"RGS2"
"M2"	"MINT"	"IL1R1"
"M2"	"MINT"	"STC2"
"M2"	"MINT"	"SERPINA1"
"M2"	"MINT"	"TIMP1"
"M2"	"MINT"	"HLA-DMB"
"M2"	"MINT"	"CCL5"
"M2"	"MINT"	"SIGLEC10"
"M2"	"MINT"	"S100A4"
"M2"	"MINT"	"SERPINA5"
"M2"	"MINT"	"IGFBP5"
"M2"	"MINT"	"C1R"
"M2"	"MINT"	"PLAU"
"M2"	"MINT"	"IL1B"
"M2"	"MINT"	"CSTA"
"M2"	"MINT"	"HLA-DRB1"
"M2"	"MINT"	"HLA-DRA"
"M2"	"MINT"	"APOC1"
"M2"	"MINT"	"MYO1G"
"M2"	"MINT"	"PLA2G2A"
"M2"	"MINT"	"IER3"
"M2"	"MINT"	"COL11A2"
"M2"	"MINT"	"HLA-DPA1"
"M2"	"MINT"	"PTPRU"
"M2"	"MINT"	"CD300LF"
"M2"	"MINT"	"AKAP12"
"M2"	"MINT"	"CAV2"
"M2"	"MINT"	"OLR1"
"M2"	"MINT"	"MS4A7"
"M2"	"MINT"	"GPR183"
"M2"	"MINT"	"HIST1H2AC"
"M2"	"IntAct_Fly"	"PTCH1"
"M2"	"IntAct_Fly"	"SDK2"
"M2"	"IntAct_Fly"	"ASS1"
"M2"	"IntAct_Fly"	"SOD2"
"M2"	"IntAct_Fly"	"SLC2A3"
"M2"	"IntAct_Fly"	"DPYD"
"M2"	"DIP_Yeast"	"ASS1"
"M2"	"DIP_Yeast"	"SOD2"
"M2"	"DIP_Yeast"	"MSH5"
"M2"	"IntAct_Yeast"	"ABCC3"
"M2"	"IntAct_Yeast"	"ASS1"
"M2"	"IntAct_Yeast"	"SOD2"
"M2"	"IntAct_Yeast"	"MSH5"
"M2"	"YeastLow"	"ASS1"
"M2"	"YeastLow"	"SOD2"
"M2"	"DIP_Fly"	"PTCH1"
"M2"	"DIP_Fly"	"SOD2"
"M2"	"DIP_Fly"	"CCND2"
"M2"	"DIP_Fly"	"SLC2A3"
"M2"	"DIP_Fly"	"TMEM132E"
"M2"	"FlyEmbryo"	"PTCH1"
"M2"	"BioGrid_Yeast"	"ABCC3"
"M2"	"BioGrid_Yeast"	"SOD2"
"M2"	"BioGrid_Yeast"	"MSH5"
"M2"	"IntAct_Rat"	"FKBP5"
"M2"	"IntAct_Rat"	"FOS"
"M2"	"IntAct_Rat"	"SPP1"
"M2"	"IntAct_Rat"	"VAMP8"
"M2"	"IntAct_Rat"	"AHR"
"M2"	"IntAct_Rat"	"S100A10"
"M2"	"IntAct_Rat"	"KCNJ5"
"M2"	"VidalHuman_core"	"ZFP36"
"M2"	"VidalHuman_core"	"SPP1"
"M2"	"VidalHuman_core"	"CBS"
"M2"	"VidalHuman_core"	"EFEMP1"
"M2"	"VidalHuman_core"	"ASS1"
"M2"	"VidalHuman_core"	"FOSL1"
"M2"	"VidalHuman_core"	"SRGN"
"M2"	"VidalHuman_core"	"CCND2"
"M2"	"VidalHuman_core"	"TDO2"
"M2"	"StelzlMedium"	"S100A8"
"M2"	"StelzlMedium"	"PDPN"
"M2"	"StelzlMedium"	"EGR2"
"M2"	"StelzlMedium"	"RGS1"
"M2"	"StelzlMedium"	"IGFBP3"
"M2"	"StelzlMedium"	"NR4A1"
"M2"	"StelzlMedium"	"HLA-DQA1"
"M2"	"StelzlMedium"	"RGS2"
"M2"	"StelzlMedium"	"STC2"
"M2"	"StelzlMedium"	"S100A4"
"M2"	"StelzlMedium"	"SERPINA5"
"M2"	"StelzlMedium"	"IGFBP5"
"M2"	"StelzlMedium"	"MS4A7"
"M2"	"StelzlMedium"	"GPR183"
"M2"	"SOURAV_MAPK_LOW"	"FOS"
"M2"	"BIND_Rat"	"C3"
"M2"	"BIND_Rat"	"HPGDS"
"M2"	"BIND_Rat"	"CD48"
"M2"	"BIND_Rat"	"SDS"
"M2"	"FlyHigh"	"ASS1"
"M2"	"FlyHigh"	"TMEM132E"
"M2"	"StelzlHigh"	"S100A8"
"M2"	"StelzlHigh"	"SOCS3"
"M2"	"StelzlHigh"	"EGR2"
"M2"	"StelzlHigh"	"HLA-DQA1"
"M2"	"StelzlHigh"	"RGS2"
"M2"	"StelzlHigh"	"TIMP1"
"M2"	"YeastHigh"	"ASS1"
"M2"	"SOURAV_MAPK_HIGH"	"FOS"
"M2"	"SOURAV_MAPK_HIGH"	"S100A9"
"M2"	"MINT_Rat"	"FOS"
"M2"	"DIP_Rat"	"ALOX5AP"
"M2"	"DIP_Rat"	"FOSL1"
"M2"	"StelzlLow"	"S100A8"
"M2"	"StelzlLow"	"ACP5"
"M2"	"StelzlLow"	"FCGR2B"
"M2"	"StelzlLow"	"RGS2"
"M2"	"StelzlLow"	"IGFBP5"
"M2"	"StelzlLow"	"CSTA"
"M2"	"StelzlLow"	"PLA2G2A"
"M2"	"I2D-text_mining-c"	"CSTA"
"M2"	"MGI"	"HIST1H1C"
"M2"	"MGI"	"CAV1"
"M2"	"MGI"	"CCL4"
"M2"	"MGI"	"PTCH1"
"M2"	"MGI"	"CCND2"
"M2"	"ShawnLi"	"FCGR2B"
"M2"	"BioGrid_Worm"	"TDO2"
"M2"	"BIND_Worm"	"TDO2"
"M2"	"DIP_Worm"	"TDO2"
"M2"	"IntAct_Worm"	"TDO2"
"M2"	"MINT_Worm"	"TDO2"
"M2"	"BIND_Yeast"	"MSH5"
"M2"	"MINT_Yeast"	"MSH5"
"M2"	"MIPS"	"MSH5"
"M2"	"FlyCellCycle"	"PTCH1"
"M2"	"MINT_Fly"	"DPYD"
"M2"	"Fawcett_polarity"	"CPVL"
"M2"	"FlyLow"	"SLC2A3"
"M3"	"BioGrid"	"FAM107A"
"M3"	"BioGrid"	"AQP1"
"M3"	"BioGrid"	"ITGA4"
"M3"	"BioGrid"	"ADAMTS4"
"M3"	"BioGrid"	"LUM"
"M3"	"BioGrid"	"ADAMTS1"
"M3"	"BioGrid"	"ACTA2"
"M3"	"BioGrid"	"MASP1"
"M3"	"BioGrid"	"DCN"
"M3"	"BioGrid"	"CD36"
"M3"	"BioGrid"	"MMP9"
"M3"	"BioGrid"	"HAS2"
"M3"	"BioGrid"	"ATP2B2"
"M3"	"BioGrid"	"FAM189A2"
"M3"	"BioGrid"	"TAGLN"
"M3"	"BioGrid"	"ERBB4"
"M3"	"BioGrid"	"SDC1"
"M3"	"BioGrid"	"FHL2"
"M3"	"BioGrid"	"SPRY1"
"M3"	"BioGrid"	"LAMB1"
"M3"	"BioGrid"	"HSPG2"
"M3"	"BioGrid"	"DPP4"
"M3"	"BioGrid"	"NTRK2"
"M3"	"BioGrid"	"IGF2BP2"
"M3"	"BioGrid"	"HSPB8"
"M3"	"BioGrid"	"COL1A2"
"M3"	"BioGrid"	"RGS9"
"M3"	"BioGrid"	"MSTN"
"M3"	"BioGrid"	"ACSL6"
"M3"	"BioGrid"	"ALDOC"
"M3"	"BioGrid"	"FBLN2"
"M3"	"BioGrid"	"COL1A1"
"M3"	"BioGrid"	"COL3A1"
"M3"	"BioGrid"	"COL5A1"
"M3"	"BioGrid"	"COL7A1"
"M3"	"BioGrid"	"TWIST1"
"M3"	"BioGrid"	"BCAT1"
"M3"	"BioGrid"	"DUSP4"
"M3"	"BioGrid"	"SNAI2"
"M3"	"BioGrid"	"SPRY4"
"M3"	"BioGrid"	"COL4A1"
"M3"	"BioGrid"	"SFRP2"
"M3"	"BioGrid"	"ETNPPL"
"M3"	"BioGrid"	"TRPC6"
"M3"	"BioGrid"	"COL4A2"
"M3"	"BioGrid"	"CACNA1C"
"M3"	"BioGrid"	"KCNE4"
"M3"	"BioGrid"	"FZD8"
"M3"	"BioGrid"	"FBLIM1"
"M3"	"BioGrid"	"IL1RAP"
"M3"	"BioGrid"	"ITPR3"
"M3"	"BioGrid"	"LOXL2"
"M3"	"BioGrid"	"ITGA8"
"M3"	"BioGrid"	"KCNB1"
"M3"	"BioGrid"	"C2orf88"
"M3"	"BioGrid"	"ADCY2"
"M3"	"BioGrid"	"ADAM12"
"M3"	"BioGrid"	"CAVIN3"
"M3"	"BioGrid"	"COL6A1"
"M3"	"BioGrid"	"NPR1"
"M3"	"BioGrid"	"CXCL12"
"M3"	"BioGrid"	"CNN2"
"M3"	"BioGrid"	"COL6A2"
"M3"	"BioGrid"	"IGFBP2"
"M3"	"BioGrid"	"RFX4"
"M3"	"BioGrid"	"ANPEP"
"M3"	"BioGrid"	"KCNJ10"
"M3"	"BioGrid"	"PTGIS"
"M3"	"BioGrid"	"RASL12"
"M3"	"BioGrid"	"CD38"
"M3"	"BioGrid"	"LZTS1"
"M3"	"BioGrid"	"WISP1"
"M3"	"BioGrid"	"INHBA"
"M3"	"BioGrid"	"ANOS1"
"M3"	"BioGrid"	"SPRED3"
"M3"	"BioGrid"	"NID2"
"M3"	"BioGrid"	"MFAP2"
"M3"	"BioGrid"	"MYRIP"
"M3"	"BioGrid"	"DUSP5"
"M3"	"BioGrid"	"CRABP2"
"M3"	"BioGrid"	"KCNN2"
"M3"	"BioGrid"	"LOXL1"
"M3"	"BioGrid"	"DAAM2"
"M3"	"BioGrid"	"PPP1R1B"
"M3"	"BioGrid"	"CYGB"
"M3"	"BioGrid"	"FAM135B"
"M3"	"BioGrid"	"CLMP"
"M3"	"INNATEDB"	"AQP1"
"M3"	"INNATEDB"	"ITGA4"
"M3"	"INNATEDB"	"ACTA2"
"M3"	"INNATEDB"	"MASP1"
"M3"	"INNATEDB"	"DCN"
"M3"	"INNATEDB"	"CD36"
"M3"	"INNATEDB"	"MMP9"
"M3"	"INNATEDB"	"ATP2B2"
"M3"	"INNATEDB"	"TAGLN"
"M3"	"INNATEDB"	"ERBB4"
"M3"	"INNATEDB"	"FHL2"
"M3"	"INNATEDB"	"DPP4"
"M3"	"INNATEDB"	"NTRK2"
"M3"	"INNATEDB"	"COL1A2"
"M3"	"INNATEDB"	"RGS9"
"M3"	"INNATEDB"	"COL1A1"
"M3"	"INNATEDB"	"DUSP4"
"M3"	"INNATEDB"	"SNAI2"
"M3"	"INNATEDB"	"IL1RAP"
"M3"	"INNATEDB"	"CD38"
"M3"	"INNATEDB"	"INHBA"
"M3"	"INNATEDB"	"NID2"
"M3"	"INNATEDB"	"MYRIP"
"M3"	"INNATEDB"	"NDRG2"
"M3"	"HPRD"	"FAM107A"
"M3"	"HPRD"	"ITGA4"
"M3"	"HPRD"	"ADAMTS4"
"M3"	"HPRD"	"LUM"
"M3"	"HPRD"	"ADAMTS1"
"M3"	"HPRD"	"ACTA2"
"M3"	"HPRD"	"MASP1"
"M3"	"HPRD"	"DCN"
"M3"	"HPRD"	"CD36"
"M3"	"HPRD"	"MMP9"
"M3"	"HPRD"	"TAGLN"
"M3"	"HPRD"	"ERBB4"
"M3"	"HPRD"	"SDC1"
"M3"	"HPRD"	"FHL2"
"M3"	"HPRD"	"SPRY1"
"M3"	"HPRD"	"LAMB1"
"M3"	"HPRD"	"HSPG2"
"M3"	"HPRD"	"NFASC"
"M3"	"HPRD"	"DPP4"
"M3"	"HPRD"	"NTRK2"
"M3"	"HPRD"	"HSPB8"
"M3"	"HPRD"	"COL1A2"
"M3"	"HPRD"	"SEMA3C"
"M3"	"HPRD"	"MSTN"
"M3"	"HPRD"	"ACSL6"
"M3"	"HPRD"	"FBLN2"
"M3"	"HPRD"	"ACTG2"
"M3"	"HPRD"	"COL1A1"
"M3"	"HPRD"	"SVEP1"
"M3"	"HPRD"	"COL7A1"
"M3"	"HPRD"	"TWIST1"
"M3"	"HPRD"	"DUSP4"
"M3"	"HPRD"	"SPRY4"
"M3"	"HPRD"	"SFRP2"
"M3"	"HPRD"	"SEMA3F"
"M3"	"HPRD"	"TRPC6"
"M3"	"HPRD"	"COL4A2"
"M3"	"HPRD"	"FZD8"
"M3"	"HPRD"	"FBLIM1"
"M3"	"HPRD"	"MMP11"
"M3"	"HPRD"	"IL1RAP"
"M3"	"HPRD"	"COL12A1"
"M3"	"HPRD"	"KCNB1"
"M3"	"HPRD"	"ADAM12"
"M3"	"HPRD"	"DOCK3"
"M3"	"HPRD"	"PCOLCE"
"M3"	"HPRD"	"C7"
"M3"	"HPRD"	"CTSK"
"M3"	"HPRD"	"COL6A1"
"M3"	"HPRD"	"NPR1"
"M3"	"HPRD"	"CXCL12"
"M3"	"HPRD"	"CNN2"
"M3"	"HPRD"	"COL6A2"
"M3"	"HPRD"	"RFX4"
"M3"	"HPRD"	"ANPEP"
"M3"	"HPRD"	"KCNJ10"
"M3"	"HPRD"	"RASL12"
"M3"	"HPRD"	"CD38"
"M3"	"HPRD"	"LZTS1"
"M3"	"HPRD"	"WISP1"
"M3"	"HPRD"	"ADCYAP1R1"
"M3"	"HPRD"	"CTNNA2"
"M3"	"HPRD"	"INHBA"
"M3"	"HPRD"	"ANOS1"
"M3"	"HPRD"	"NID2"
"M3"	"HPRD"	"MFAP2"
"M3"	"HPRD"	"MYRIP"
"M3"	"HPRD"	"CHST9"
"M3"	"HPRD"	"DUSP5"
"M3"	"HPRD"	"CRABP2"
"M3"	"HPRD"	"KCNN2"
"M3"	"HPRD"	"LOXL1"
"M3"	"HPRD"	"PPP1R1B"
"M3"	"HPRD"	"NDRG2"
"M3"	"HPRD"	"SLIT3"
"M3"	"HPRD"	"EMILIN2"
"M3"	"BCI"	"AQP1"
"M3"	"BCI"	"ITGA4"
"M3"	"BCI"	"ACTA2"
"M3"	"BCI"	"MMP9"
"M3"	"BCI"	"SDC1"
"M3"	"BCI"	"FHL2"
"M3"	"BCI"	"HSPG2"
"M3"	"BCI"	"COL1A2"
"M3"	"BCI"	"RGS9"
"M3"	"BCI"	"ALDOC"
"M3"	"BCI"	"FBLN2"
"M3"	"BCI"	"ACTG2"
"M3"	"BCI"	"COL1A1"
"M3"	"BCI"	"COL3A1"
"M3"	"BCI"	"COL7A1"
"M3"	"BCI"	"DUSP4"
"M3"	"BCI"	"COL4A1"
"M3"	"BCI"	"SEMA3F"
"M3"	"BCI"	"COL4A2"
"M3"	"BCI"	"CACNA1C"
"M3"	"BCI"	"IL1RAP"
"M3"	"BCI"	"ITPR3"
"M3"	"BCI"	"C7"
"M3"	"BCI"	"CTSK"
"M3"	"BCI"	"COL6A1"
"M3"	"BCI"	"CXCL12"
"M3"	"BCI"	"COL6A2"
"M3"	"BCI"	"IGFBP2"
"M3"	"BCI"	"CD38"
"M3"	"BCI"	"DUSP5"
"M3"	"BioGrid_Yeast"	"ATP2B2"
"M3"	"BioGrid_Yeast"	"DPP4"
"M3"	"BioGrid_Yeast"	"BCAT1"
"M3"	"BioGrid_Fly"	"PXDN"
"M3"	"BioGrid_Fly"	"DPP4"
"M3"	"BioGrid_Fly"	"FBLN2"
"M3"	"BioGrid_Fly"	"ACTG2"
"M3"	"BioGrid_Fly"	"BCAT1"
"M3"	"BioGrid_Fly"	"ETNPPL"
"M3"	"BioGrid_Fly"	"COL4A2"
"M3"	"BioGrid_Fly"	"ITGA8"
"M3"	"BioGrid_Fly"	"CNN2"
"M3"	"BioGrid_Fly"	"CTNNA2"
"M3"	"BioGrid_Fly"	"SPON2"
"M3"	"BIND"	"ADAMTS1"
"M3"	"BIND"	"MMP9"
"M3"	"BIND"	"ERBB4"
"M3"	"BIND"	"FHL2"
"M3"	"BIND"	"DPP4"
"M3"	"BIND"	"HSPB8"
"M3"	"BIND"	"ALDOC"
"M3"	"BIND"	"COL7A1"
"M3"	"BIND"	"SEMA3F"
"M3"	"BIND"	"CACNA1C"
"M3"	"BIND"	"FZD8"
"M3"	"BIND"	"CTSK"
"M3"	"BIND"	"CXCL12"
"M3"	"BIND"	"CD38"
"M3"	"BIND"	"INHBA"
"M3"	"BIND"	"CRABP2"
"M3"	"BIND"	"CYGB"
"M3"	"MINT"	"FAM107A"
"M3"	"MINT"	"AQP1"
"M3"	"MINT"	"ITGA4"
"M3"	"MINT"	"LUM"
"M3"	"MINT"	"ATP2B2"
"M3"	"MINT"	"FAM189A2"
"M3"	"MINT"	"ERBB4"
"M3"	"MINT"	"FHL2"
"M3"	"MINT"	"SPRY1"
"M3"	"MINT"	"DPP4"
"M3"	"MINT"	"HSPB8"
"M3"	"MINT"	"COL1A1"
"M3"	"MINT"	"COL7A1"
"M3"	"MINT"	"TWIST1"
"M3"	"MINT"	"DUSP4"
"M3"	"MINT"	"COL4A1"
"M3"	"MINT"	"LOXL2"
"M3"	"MINT"	"ADAM12"
"M3"	"MINT"	"CAVIN3"
"M3"	"MINT"	"LTBP2"
"M3"	"MINT"	"DOCK3"
"M3"	"MINT"	"ANPEP"
"M3"	"MINT"	"INHBA"
"M3"	"MINT"	"MYRIP"
"M3"	"MINT"	"PPP1R1B"
"M3"	"MINT"	"FAM135B"
"M3"	"IntAct"	"FAM107A"
"M3"	"IntAct"	"AQP1"
"M3"	"IntAct"	"ITGA4"
"M3"	"IntAct"	"ADAMTS4"
"M3"	"IntAct"	"ACTA2"
"M3"	"IntAct"	"MASP1"
"M3"	"IntAct"	"CD36"
"M3"	"IntAct"	"MMP9"
"M3"	"IntAct"	"ATP2B2"
"M3"	"IntAct"	"FAM189A2"
"M3"	"IntAct"	"TAGLN"
"M3"	"IntAct"	"ERBB4"
"M3"	"IntAct"	"FHL2"
"M3"	"IntAct"	"SPRY1"
"M3"	"IntAct"	"LAMB1"
"M3"	"IntAct"	"HSPG2"
"M3"	"IntAct"	"NFASC"
"M3"	"IntAct"	"DPP4"
"M3"	"IntAct"	"NTRK2"
"M3"	"IntAct"	"HSPB8"
"M3"	"IntAct"	"COL1A2"
"M3"	"IntAct"	"RGS9"
"M3"	"IntAct"	"MSTN"
"M3"	"IntAct"	"ACSL6"
"M3"	"IntAct"	"ALDOC"
"M3"	"IntAct"	"FBLN2"
"M3"	"IntAct"	"SVEP1"
"M3"	"IntAct"	"COL7A1"
"M3"	"IntAct"	"TWIST1"
"M3"	"IntAct"	"BCAT1"
"M3"	"IntAct"	"DUSP4"
"M3"	"IntAct"	"SNAI2"
"M3"	"IntAct"	"SPRY4"
"M3"	"IntAct"	"COL4A1"
"M3"	"IntAct"	"SFRP2"
"M3"	"IntAct"	"SEMA3F"
"M3"	"IntAct"	"TRPC6"
"M3"	"IntAct"	"COL4A2"
"M3"	"IntAct"	"MXRA5"
"M3"	"IntAct"	"CACNA1C"
"M3"	"IntAct"	"FZD8"
"M3"	"IntAct"	"FBLIM1"
"M3"	"IntAct"	"IL1RAP"
"M3"	"IntAct"	"COL12A1"
"M3"	"IntAct"	"PHYHIPL"
"M3"	"IntAct"	"ITPR3"
"M3"	"IntAct"	"LOXL2"
"M3"	"IntAct"	"C2orf88"
"M3"	"IntAct"	"ADCY2"
"M3"	"IntAct"	"ADAM12"
"M3"	"IntAct"	"CAVIN3"
"M3"	"IntAct"	"DOCK3"
"M3"	"IntAct"	"PCOLCE"
"M3"	"IntAct"	"ADAMTS7"
"M3"	"IntAct"	"CTSK"
"M3"	"IntAct"	"COL6A1"
"M3"	"IntAct"	"NPR1"
"M3"	"IntAct"	"CXCL12"
"M3"	"IntAct"	"COL6A2"
"M3"	"IntAct"	"IGFBP2"
"M3"	"IntAct"	"ANPEP"
"M3"	"IntAct"	"KCNJ10"
"M3"	"IntAct"	"ADCYAP1R1"
"M3"	"IntAct"	"INHBA"
"M3"	"IntAct"	"ANOS1"
"M3"	"IntAct"	"NID2"
"M3"	"IntAct"	"MYRIP"
"M3"	"IntAct"	"DUSP5"
"M3"	"IntAct"	"CRABP2"
"M3"	"IntAct"	"COL6A3"
"M3"	"IntAct"	"KCNN2"
"M3"	"IntAct"	"STOX1"
"M3"	"IntAct"	"LOXL1"
"M3"	"IntAct"	"DAAM2"
"M3"	"IntAct"	"ADAMTS12"
"M3"	"IntAct"	"GRIN2C"
"M3"	"IntAct"	"MPZL2"
"M3"	"IntAct"	"LIX1"
"M3"	"IntAct"	"COL15A1"
"M3"	"IntAct"	"CLMP"
"M3"	"IntAct"	"CYP1B1"
"M3"	"IntAct"	"POSTN"
"M3"	"BIND_Rat"	"ERBB4"
"M3"	"BIND_Rat"	"NFASC"
"M3"	"BIND_Rat"	"CACNA1C"
"M3"	"BIND_Rat"	"ADCY2"
"M3"	"YeastMedium"	"DPP4"
"M3"	"BioGrid_Rat"	"DCN"
"M3"	"BioGrid_Rat"	"NTRK2"
"M3"	"BioGrid_Rat"	"CACNA1C"
"M3"	"BioGrid_Rat"	"MMP11"
"M3"	"BioGrid_Rat"	"ITPR3"
"M3"	"BioGrid_Rat"	"KCNB1"
"M3"	"BioGrid_Rat"	"ANPEP"
"M3"	"BioGrid_Rat"	"ATP1A2"
"M3"	"IntAct_Rat"	"ATP2B2"
"M3"	"IntAct_Rat"	"FHL2"
"M3"	"IntAct_Rat"	"NTRK2"
"M3"	"IntAct_Rat"	"CACNA1C"
"M3"	"IntAct_Rat"	"IL1RAP"
"M3"	"IntAct_Rat"	"KCNB1"
"M3"	"IntAct_Rat"	"GRIN2C"
"M3"	"MINT_Rat"	"NTRK2"
"M3"	"MINT_Rat"	"GRIN2C"
"M3"	"BIND_Fly"	"FBLN2"
"M3"	"BIND_Fly"	"CNN2"
"M3"	"BIND_Fly"	"CTNNA2"
"M3"	"FlyLow"	"FBLN2"
"M3"	"FlyLow"	"CTNNA2"
"M3"	"MINT_Fly"	"FBLN2"
"M3"	"MINT_Fly"	"ACTG2"
"M3"	"MINT_Fly"	"ETNPPL"
"M3"	"DIP_Fly"	"FBLN2"
"M3"	"DIP_Fly"	"ACTG2"
"M3"	"DIP_Fly"	"CTNNA2"
"M3"	"DIP_Fly"	"SPON2"
"M3"	"BioGrid_Mouse"	"AQP1"
"M3"	"BioGrid_Mouse"	"ACTA2"
"M3"	"BioGrid_Mouse"	"MMP9"
"M3"	"BioGrid_Mouse"	"SDC1"
"M3"	"BioGrid_Mouse"	"FHL2"
"M3"	"BioGrid_Mouse"	"SPRY1"
"M3"	"BioGrid_Mouse"	"NTRK2"
"M3"	"BioGrid_Mouse"	"COL1A1"
"M3"	"BioGrid_Mouse"	"COL3A1"
"M3"	"BioGrid_Mouse"	"COL5A1"
"M3"	"BioGrid_Mouse"	"TWIST1"
"M3"	"BioGrid_Mouse"	"SPRY4"
"M3"	"BioGrid_Mouse"	"SFRP2"
"M3"	"BioGrid_Mouse"	"TRPC6"
"M3"	"BioGrid_Mouse"	"CACNA1C"
"M3"	"BioGrid_Mouse"	"FZD8"
"M3"	"BioGrid_Mouse"	"IL1RAP"
"M3"	"BioGrid_Mouse"	"ITPR3"
"M3"	"BioGrid_Mouse"	"KCNB1"
"M3"	"BioGrid_Mouse"	"NPR1"
"M3"	"BioGrid_Mouse"	"RFX4"
"M3"	"BioGrid_Mouse"	"CD38"
"M3"	"BioGrid_Mouse"	"INHBA"
"M3"	"BioGrid_Mouse"	"SLIT3"
"M3"	"MINT_Yeast"	"ATP2B2"
"M3"	"MINT_Yeast"	"BCAT1"
"M3"	"Tarassov_PCA"	"ATP2B2"
"M3"	"IntAct_Mouse"	"ACTA2"
"M3"	"IntAct_Mouse"	"FHL2"
"M3"	"IntAct_Mouse"	"LAMB1"
"M3"	"IntAct_Mouse"	"NTRK2"
"M3"	"IntAct_Mouse"	"HSPB8"
"M3"	"IntAct_Mouse"	"COL3A1"
"M3"	"IntAct_Mouse"	"COL7A1"
"M3"	"IntAct_Mouse"	"COL4A1"
"M3"	"IntAct_Mouse"	"FZD8"
"M3"	"IntAct_Mouse"	"FBLIM1"
"M3"	"IntAct_Mouse"	"ITPR3"
"M3"	"IntAct_Mouse"	"KCNB1"
"M3"	"IntAct_Mouse"	"LTBP2"
"M3"	"IntAct_Mouse"	"CTSK"
"M3"	"IntAct_Mouse"	"ANPEP"
"M3"	"IntAct_Mouse"	"ADCYAP1R1"
"M3"	"IntAct_Mouse"	"EGFLAM"
"M3"	"MGI"	"LAMB1"
"M3"	"MGI"	"NTRK2"
"M3"	"MGI"	"NID2"
"M3"	"MGI"	"MYRIP"
"M3"	"INNATEDB_Mouse"	"AQP1"
"M3"	"INNATEDB_Mouse"	"TAGLN"
"M3"	"INNATEDB_Mouse"	"SDC1"
"M3"	"INNATEDB_Mouse"	"FHL2"
"M3"	"INNATEDB_Mouse"	"SPRY1"
"M3"	"INNATEDB_Mouse"	"SNAI2"
"M3"	"INNATEDB_Mouse"	"SPRY4"
"M3"	"INNATEDB_Mouse"	"CACNA1C"
"M3"	"INNATEDB_Mouse"	"IL1RAP"
"M3"	"INNATEDB_Mouse"	"RFX4"
"M3"	"INNATEDB_Mouse"	"CTNNA2"
"M3"	"INNATEDB_Mouse"	"HEPACAM"
"M3"	"INNATEDB_Mouse"	"ADAMTS2"
"M3"	"BioGrid_Worm"	"ALDOC"
"M3"	"BioGrid_Worm"	"ETNPPL"
"M3"	"BioGrid_Worm"	"CTNNA2"
"M3"	"BIND_Worm"	"ALDOC"
"M3"	"BIND_Worm"	"ETNPPL"
"M3"	"DIP_Worm"	"ALDOC"
"M3"	"DIP_Worm"	"ETNPPL"
"M3"	"MINT_Worm"	"ALDOC"
"M3"	"MINT_Worm"	"ETNPPL"
"M3"	"IntAct_Yeast"	"ATP2B2"
"M3"	"IntAct_Yeast"	"BCAT1"
"M3"	"BIND_Mouse"	"FHL2"
"M3"	"BIND_Mouse"	"HSPG2"
"M3"	"BIND_Mouse"	"RGS9"
"M3"	"BIND_Mouse"	"TWIST1"
"M3"	"BIND_Mouse"	"TRPC6"
"M3"	"BIND_Mouse"	"CACNA1C"
"M3"	"BIND_Mouse"	"FZD8"
"M3"	"BIND_Mouse"	"MMP11"
"M3"	"BIND_Mouse"	"ADAM12"
"M3"	"BIND_Mouse"	"INHBA"
"M3"	"DIP"	"AQP1"
"M3"	"DIP"	"ITGA4"
"M3"	"DIP"	"MMP9"
"M3"	"DIP"	"ERBB4"
"M3"	"DIP"	"SDC1"
"M3"	"DIP"	"FHL2"
"M3"	"DIP"	"NTRK2"
"M3"	"DIP"	"COL1A1"
"M3"	"DIP"	"COL3A1"
"M3"	"DIP"	"CACNA1C"
"M3"	"DIP"	"IL1RAP"
"M3"	"DIP"	"CAVIN3"
"M3"	"DIP"	"NPR1"
"M3"	"DIP"	"CXCL12"
"M3"	"DIP"	"INHBA"
"M3"	"DIP"	"KCNN2"
"M3"	"DIP"	"SLC14A1"
"M3"	"VidalHuman_core"	"FAM107A"
"M3"	"VidalHuman_core"	"AQP1"
"M3"	"VidalHuman_core"	"FAM189A2"
"M3"	"VidalHuman_core"	"HSPB8"
"M3"	"JonesErbB1"	"ERBB4"
"M3"	"DIP_Rat"	"NTRK2"
"M3"	"DIP_Rat"	"COL1A2"
"M3"	"IntAct_Fly"	"FBLN2"
"M3"	"IntAct_Fly"	"CNN2"
"M3"	"IntAct_Fly"	"CTNNA2"
"M3"	"IntAct_Fly"	"SPON2"
"M3"	"MINT_Mouse"	"LAMB1"
"M3"	"MINT_Mouse"	"HSPG2"
"M3"	"MINT_Mouse"	"NTRK2"
"M3"	"MINT_Mouse"	"COL7A1"
"M3"	"MINT_Mouse"	"FZD8"
"M3"	"MINT_Mouse"	"KCNB1"
"M3"	"MINT_Mouse"	"ADCYAP1R1"
"M3"	"MINT_Mouse"	"LOXL1"
"M3"	"MINT_Mouse"	"GRIN2C"
"M3"	"DIP_Mouse"	"ERBB4"
"M3"	"DIP_Mouse"	"NTRK2"
"M3"	"DIP_Mouse"	"FZD8"
"M3"	"DIP_Mouse"	"CD38"
"M3"	"DIP_Mouse"	"CTNNA2"
"M3"	"DIP_Mouse"	"ATP1A2"
"M3"	"CORE_2"	"ALDOC"
"M3"	"IntAct_Worm"	"ALDOC"
"M3"	"IntAct_Worm"	"ADAM12"
"M3"	"StelzlLow"	"COL7A1"
"M3"	"StelzlLow"	"PPP1R1B"
"M3"	"I2D-c_Fiona_HUMAN"	"MMP9"
"M3"	"VidalHuman_non_core"	"FAM107A"
"M3"	"VidalHuman_non_core"	"AQP1"
"M3"	"VidalHuman_non_core"	"HSPB8"
"M3"	"VidalHuman_non_core"	"SFRP2"
"M3"	"VidalHuman_non_core"	"CRABP2"
"M3"	"KIM_MYC"	"ACTG2"
"M3"	"FlyHigh"	"CNN2"
"M3"	"DIP_Yeast"	"ATP2B2"
"M3"	"YeastLow"	"ATP2B2"
"M4"	"IntAct"	"PDGFRL"
"M4"	"IntAct"	"LMO1"
"M4"	"IntAct"	"CKB"
"M4"	"IntAct"	"SSC5D"
"M4"	"IntAct"	"WNT7A"
"M4"	"IntAct"	"SEMA5B"
"M4"	"IntAct"	"NKD1"
"M4"	"IntAct"	"SOX6"
"M4"	"IntAct"	"MAP2"
"M4"	"IntAct"	"SPSB4"
"M4"	"IntAct"	"OLIG1"
"M4"	"IntAct"	"MAPT"
"M4"	"IntAct"	"FBLN1"
"M4"	"IntAct"	"GRIA4"
"M4"	"IntAct"	"MET"
"M4"	"IntAct"	"DPYSL5"
"M4"	"IntAct"	"CNTFR"
"M4"	"IntAct"	"FXYD6"
"M4"	"IntAct"	"MYH7"
"M4"	"IntAct"	"SELENBP1"
"M4"	"IntAct"	"ROBO2"
"M4"	"IntAct"	"GCNT1"
"M4"	"IntAct"	"PMP2"
"M4"	"IntAct"	"KCNQ2"
"M4"	"IntAct"	"CRB1"
"M4"	"IntAct"	"COL8A1"
"M4"	"IntAct"	"LINGO1"
"M4"	"IntAct"	"NXPH3"
"M4"	"IntAct"	"CSMD2"
"M4"	"IntAct"	"SHD"
"M4"	"IntAct"	"COL9A3"
"M4"	"IntAct"	"HGF"
"M4"	"IntAct"	"DISP3"
"M4"	"IntAct"	"FAP"
"M4"	"IntAct"	"PTPRZ1"
"M4"	"IntAct"	"PMAIP1"
"M4"	"IntAct"	"SOX8"
"M4"	"IntAct"	"PLAGL1"
"M4"	"IntAct"	"ACSBG1"
"M4"	"IntAct"	"RIMS4"
"M4"	"IntAct"	"EDNRB"
"M4"	"IntAct"	"DTX4"
"M4"	"IntAct"	"ARC"
"M4"	"IntAct"	"CSMD1"
"M4"	"IntAct"	"ABI3BP"
"M4"	"IntAct"	"MYO16"
"M4"	"IntAct"	"KCNIP1"
"M4"	"IntAct"	"ILDR2"
"M4"	"IntAct"	"SLIT1"
"M4"	"IntAct"	"MPPED2"
"M4"	"IntAct"	"TSPAN12"
"M4"	"IntAct"	"ST8SIA5"
"M4"	"IntAct"	"NEU4"
"M4"	"IntAct"	"IGFBP6"
"M4"	"HPRD"	"LMO1"
"M4"	"HPRD"	"CKB"
"M4"	"HPRD"	"WNT7A"
"M4"	"HPRD"	"SNTG1"
"M4"	"HPRD"	"SOX6"
"M4"	"HPRD"	"SCG3"
"M4"	"HPRD"	"FBLN1"
"M4"	"HPRD"	"AMIGO2"
"M4"	"HPRD"	"GRIA4"
"M4"	"HPRD"	"MET"
"M4"	"HPRD"	"DPYSL5"
"M4"	"HPRD"	"RLBP1"
"M4"	"HPRD"	"CNTFR"
"M4"	"HPRD"	"COL8A2"
"M4"	"HPRD"	"FXYD6"
"M4"	"HPRD"	"DSCAM"
"M4"	"HPRD"	"MYH7"
"M4"	"HPRD"	"SELENBP1"
"M4"	"HPRD"	"ROBO2"
"M4"	"HPRD"	"MFAP4"
"M4"	"HPRD"	"GCNT1"
"M4"	"HPRD"	"OLIG2"
"M4"	"HPRD"	"KCNQ2"
"M4"	"HPRD"	"COL8A1"
"M4"	"HPRD"	"LINGO1"
"M4"	"HPRD"	"ASCL1"
"M4"	"HPRD"	"SHD"
"M4"	"HPRD"	"COL9A3"
"M4"	"HPRD"	"HGF"
"M4"	"HPRD"	"FAP"
"M4"	"HPRD"	"PTPRZ1"
"M4"	"HPRD"	"COL9A1"
"M4"	"HPRD"	"PMAIP1"
"M4"	"HPRD"	"SOX8"
"M4"	"HPRD"	"BCAN"
"M4"	"HPRD"	"PLAGL1"
"M4"	"HPRD"	"COL14A1"
"M4"	"HPRD"	"EDNRB"
"M4"	"HPRD"	"BNC2"
"M4"	"HPRD"	"NCAN"
"M4"	"HPRD"	"GLDC"
"M4"	"HPRD"	"CDH10"
"M4"	"HPRD"	"ABI3BP"
"M4"	"HPRD"	"MYO16"
"M4"	"HPRD"	"KCNIP1"
"M4"	"HPRD"	"NLGN3"
"M4"	"HPRD"	"SLIT1"
"M4"	"HPRD"	"KCND2"
"M4"	"HPRD"	"HES6"
"M4"	"HPRD"	"CSPG5"
"M4"	"HPRD"	"IGFBP6"
"M4"	"BioGrid"	"LMO1"
"M4"	"BioGrid"	"CKB"
"M4"	"BioGrid"	"SNTG1"
"M4"	"BioGrid"	"SOX6"
"M4"	"BioGrid"	"MAP2"
"M4"	"BioGrid"	"SPSB4"
"M4"	"BioGrid"	"AHNAK2"
"M4"	"BioGrid"	"OLIG1"
"M4"	"BioGrid"	"MAPT"
"M4"	"BioGrid"	"FBLN1"
"M4"	"BioGrid"	"AMIGO2"
"M4"	"BioGrid"	"GRIA4"
"M4"	"BioGrid"	"GRIK3"
"M4"	"BioGrid"	"MET"
"M4"	"BioGrid"	"CXXC4"
"M4"	"BioGrid"	"RLBP1"
"M4"	"BioGrid"	"CNTFR"
"M4"	"BioGrid"	"NKX2-2"
"M4"	"BioGrid"	"COL8A2"
"M4"	"BioGrid"	"FXYD6"
"M4"	"BioGrid"	"MYH7"
"M4"	"BioGrid"	"KCNJ11"
"M4"	"BioGrid"	"SELENBP1"
"M4"	"BioGrid"	"PMP2"
"M4"	"BioGrid"	"KCNQ2"
"M4"	"BioGrid"	"COL8A1"
"M4"	"BioGrid"	"LINGO1"
"M4"	"BioGrid"	"ASCL1"
"M4"	"BioGrid"	"SHD"
"M4"	"BioGrid"	"HGF"
"M4"	"BioGrid"	"FAP"
"M4"	"BioGrid"	"PTPRZ1"
"M4"	"BioGrid"	"COL9A1"
"M4"	"BioGrid"	"PMAIP1"
"M4"	"BioGrid"	"BCAN"
"M4"	"BioGrid"	"PLAGL1"
"M4"	"BioGrid"	"NHS"
"M4"	"BioGrid"	"COL14A1"
"M4"	"BioGrid"	"COLEC12"
"M4"	"BioGrid"	"ACSBG1"
"M4"	"BioGrid"	"RIMS4"
"M4"	"BioGrid"	"EDNRB"
"M4"	"BioGrid"	"DTX4"
"M4"	"BioGrid"	"ARC"
"M4"	"BioGrid"	"RNF180"
"M4"	"BioGrid"	"GLDC"
"M4"	"BioGrid"	"CDH10"
"M4"	"BioGrid"	"ABI3BP"
"M4"	"BioGrid"	"KCNIP1"
"M4"	"BioGrid"	"NLGN3"
"M4"	"BioGrid"	"KCND2"
"M4"	"BioGrid"	"MPPED2"
"M4"	"BioGrid"	"DGKB"
"M4"	"BioGrid"	"ZDHHC22"
"M4"	"BioGrid"	"NEU4"
"M4"	"BioGrid"	"CSPG5"
"M4"	"BioGrid"	"SALL3"
"M4"	"Miller_WntLumier"	"NKD1"
"M4"	"YeastLow"	"GFPT2"
"M4"	"YeastLow"	"MYH7"
"M4"	"YeastLow"	"GLDC"
"M4"	"DIP_Yeast"	"GFPT2"
"M4"	"DIP_Yeast"	"MYH7"
"M4"	"DIP"	"NKD1"
"M4"	"DIP"	"MAP2"
"M4"	"DIP"	"SCG3"
"M4"	"DIP"	"MAPT"
"M4"	"DIP"	"MET"
"M4"	"DIP"	"KCNJ11"
"M4"	"DIP"	"LINGO1"
"M4"	"DIP"	"HGF"
"M4"	"DIP"	"PTPRZ1"
"M4"	"DIP"	"ARC"
"M4"	"IntAct_Fly"	"SPSB4"
"M4"	"IntAct_Fly"	"ATP1B2"
"M4"	"IntAct_Fly"	"DSCAM"
"M4"	"IntAct_Fly"	"MYH7"
"M4"	"IntAct_Fly"	"SELENBP1"
"M4"	"IntAct_Fly"	"MFAP4"
"M4"	"IntAct_Fly"	"FAP"
"M4"	"IntAct_Fly"	"BTBD17"
"M4"	"IntAct_Fly"	"KCNIP1"
"M4"	"YeastHigh"	"GFPT2"
"M4"	"YeastHigh"	"MYH7"
"M4"	"YeastHigh"	"GLDC"
"M4"	"BCI"	"LMO1"
"M4"	"BCI"	"MAPT"
"M4"	"BCI"	"FBLN1"
"M4"	"BCI"	"ASCL1"
"M4"	"BCI"	"COL9A3"
"M4"	"BCI"	"COL9A1"
"M4"	"BCI"	"PLAGL1"
"M4"	"INNATEDB"	"LMO1"
"M4"	"INNATEDB"	"MAPT"
"M4"	"INNATEDB"	"AMIGO2"
"M4"	"INNATEDB"	"MET"
"M4"	"INNATEDB"	"ATP1B2"
"M4"	"INNATEDB"	"PMAIP1"
"M4"	"INNATEDB"	"COL14A1"
"M4"	"INNATEDB"	"CGREF1"
"M4"	"IntAct_Rat"	"GRIA4"
"M4"	"IntAct_Rat"	"DSCAM"
"M4"	"IntAct_Rat"	"ASCL1"
"M4"	"IntAct_Rat"	"ARC"
"M4"	"IntAct_Rat"	"KCNIP1"
"M4"	"IntAct_Rat"	"NLGN3"
"M4"	"IntAct_Rat"	"CACNG8"
"M4"	"MINT_Rat"	"MAP2"
"M4"	"MINT_Rat"	"GRIA4"
"M4"	"MINT_Rat"	"NLGN3"
"M4"	"BioGrid_Mouse"	"WNT7A"
"M4"	"BioGrid_Mouse"	"SOX6"
"M4"	"BioGrid_Mouse"	"MAP2"
"M4"	"BioGrid_Mouse"	"OLIG1"
"M4"	"BioGrid_Mouse"	"MAPT"
"M4"	"BioGrid_Mouse"	"GRIK3"
"M4"	"BioGrid_Mouse"	"MET"
"M4"	"BioGrid_Mouse"	"DPYSL5"
"M4"	"BioGrid_Mouse"	"NKX2-2"
"M4"	"BioGrid_Mouse"	"OLIG2"
"M4"	"BioGrid_Mouse"	"KCNQ2"
"M4"	"BioGrid_Mouse"	"COL8A1"
"M4"	"BioGrid_Mouse"	"ASCL1"
"M4"	"BioGrid_Mouse"	"SOX8"
"M4"	"BioGrid_Mouse"	"RNF180"
"M4"	"BioGrid_Mouse"	"HES6"
"M4"	"BioGrid_Rat"	"MAPT"
"M4"	"BioGrid_Rat"	"CXXC4"
"M4"	"BioGrid_Rat"	"KCNQ2"
"M4"	"BioGrid_Rat"	"ARC"
"M4"	"BioGrid_Rat"	"KCND2"
"M4"	"IntAct_Mouse"	"NKD1"
"M4"	"IntAct_Mouse"	"MAP2"
"M4"	"IntAct_Mouse"	"MAPT"
"M4"	"IntAct_Mouse"	"DSCAM"
"M4"	"IntAct_Mouse"	"OLIG2"
"M4"	"IntAct_Mouse"	"KCNQ2"
"M4"	"IntAct_Mouse"	"ARC"
"M4"	"IntAct_Mouse"	"MYO16"
"M4"	"IntAct_Mouse"	"KCND2"
"M4"	"DIP_Worm"	"FBLN1"
"M4"	"IntAct_Worm"	"FBLN1"
"M4"	"VidalHuman_core"	"CNTFR"
"M4"	"VidalHuman_core"	"SELENBP1"
"M4"	"MINT"	"LMO1"
"M4"	"MINT"	"CKB"
"M4"	"MINT"	"MAP2"
"M4"	"MINT"	"MAPT"
"M4"	"MINT"	"MET"
"M4"	"MINT"	"DPYSL5"
"M4"	"MINT"	"CNTFR"
"M4"	"MINT"	"FXYD6"
"M4"	"MINT"	"SELENBP1"
"M4"	"MINT"	"CRB1"
"M4"	"MINT"	"LINGO1"
"M4"	"MINT"	"NXPH3"
"M4"	"MINT"	"CSMD2"
"M4"	"MINT"	"FAP"
"M4"	"MINT"	"PTPRZ1"
"M4"	"MINT"	"PMAIP1"
"M4"	"MINT"	"CDH10"
"M4"	"MINT"	"MYO16"
"M4"	"MINT"	"NEU4"
"M4"	"BIND"	"MET"
"M4"	"BIND"	"KCNJ11"
"M4"	"BIND"	"LINGO1"
"M4"	"BIND"	"HGF"
"M4"	"BIND"	"FAP"
"M4"	"BIND"	"PMAIP1"
"M4"	"BIND"	"KCNIP1"
"M4"	"StelzlMedium"	"FXYD6"
"M4"	"StelzlMedium"	"SELENBP1"
"M4"	"StelzlMedium"	"PMAIP1"
"M4"	"StelzlMedium"	"CDH10"
"M4"	"BioGrid_Fly"	"SPSB4"
"M4"	"BioGrid_Fly"	"MYH7"
"M4"	"BioGrid_Fly"	"MFAP4"
"M4"	"BioGrid_Fly"	"FAP"
"M4"	"BioGrid_Fly"	"BTBD17"
"M4"	"BioGrid_Fly"	"KCNIP1"
"M4"	"DIP_Fly"	"SPSB4"
"M4"	"DIP_Fly"	"ATP1B2"
"M4"	"DIP_Fly"	"MYH7"
"M4"	"DIP_Fly"	"ROBO2"
"M4"	"DIP_Fly"	"FAP"
"M4"	"DIP_Fly"	"BTBD17"
"M4"	"DIP_Fly"	"KCNIP1"
"M4"	"DIP_Fly"	"KCND2"
"M4"	"MINT_Mouse"	"MAP2"
"M4"	"MINT_Mouse"	"OLIG1"
"M4"	"MINT_Mouse"	"MAPT"
"M4"	"MINT_Mouse"	"MYO16"
"M4"	"ShawnLi"	"CNTFR"
"M4"	"ShawnLi"	"NXPH3"
"M4"	"DIP_Mouse"	"KCNJ11"
"M4"	"DIP_Mouse"	"LINGO1"
"M4"	"DIP_Mouse"	"HGF"
"M4"	"DIP_Mouse"	"ARC"
"M4"	"StelzlLow"	"DPYSL5"
"M4"	"StelzlLow"	"FXYD6"
"M4"	"StelzlLow"	"DISP3"
"M4"	"StelzlLow"	"PMAIP1"
"M4"	"StelzlHigh"	"FXYD6"
"M4"	"StelzlHigh"	"SELENBP1"
"M4"	"BioGrid_Yeast"	"GFPT2"
"M4"	"BioGrid_Yeast"	"MYH7"
"M4"	"IntAct_Yeast"	"GFPT2"
"M4"	"IntAct_Yeast"	"MYH7"
"M4"	"IntAct_Yeast"	"GLDC"
"M4"	"Krogan_NonCore"	"GFPT2"
"M4"	"Krogan_NonCore"	"MYH7"
"M4"	"MINT_Yeast"	"MYH7"
"M4"	"MINT_Yeast"	"GLDC"
"M4"	"MGI"	"WNT7A"
"M4"	"MGI"	"SOX6"
"M4"	"MGI"	"MAPT"
"M4"	"MGI"	"NKX2-2"
"M4"	"I2D-c_Fiona_HUMAN"	"MET"
"M4"	"YeastMedium"	"GFPT2"
"M4"	"BIND_Mouse"	"GFPT2"
"M4"	"BIND_Mouse"	"KCND2"
"M4"	"BIND_Mouse"	"FREM2"
"M4"	"MINT_Fly"	"MFAP4"
"M4"	"MINT_Fly"	"KCNIP1"
"M4"	"MINT_Fly"	"KCND2"
"M4"	"DIP_Rat"	"GRIA4"
"M4"	"INNATEDB_Mouse"	"FREM2"
"M4"	"Fawcett_polarity_Rat"	"MAP2"
"M4"	"VidalHuman_non_core"	"CNTFR"
"M4"	"BIND_Fly"	"FAP"
"M4"	"BIND_Fly"	"KCNIP1"
"M4"	"FlyLow"	"FAP"
"M4"	"FlyLow"	"KCNIP1"
"M4"	"FlyHigh"	"KCNIP1"
"M4"	"BIND_Rat"	"CKB"
"M5"	"BioGrid"	"BBOX1"
"M5"	"BioGrid"	"ITGB4"
"M5"	"BioGrid"	"RBP1"
"M5"	"BioGrid"	"LTF"
"M5"	"BioGrid"	"ANXA1"
"M5"	"BioGrid"	"SDC4"
"M5"	"BioGrid"	"TLE2"
"M5"	"BioGrid"	"SPAG8"
"M5"	"BioGrid"	"TOM1L1"
"M5"	"BioGrid"	"MAPK4"
"M5"	"BioGrid"	"GJA1"
"M5"	"BioGrid"	"PIR"
"M5"	"BioGrid"	"ZBTB7C"
"M5"	"BioGrid"	"RUNX1T1"
"M5"	"BioGrid"	"ENTPD2"
"M5"	"BioGrid"	"FOXJ1"
"M5"	"BioGrid"	"PPL"
"M5"	"BioGrid"	"AQP5"
"M5"	"BioGrid"	"MLC1"
"M5"	"BioGrid"	"PGF"
"M5"	"BioGrid"	"RAMP3"
"M5"	"BioGrid"	"MDFIC"
"M5"	"BioGrid"	"AGT"
"M5"	"BioGrid"	"LRAT"
"M5"	"BioGrid"	"ECHDC2"
"M5"	"BioGrid"	"SPEF1"
"M5"	"BioGrid"	"DLGAP1"
"M5"	"BioGrid"	"CLEC3B"
"M5"	"BioGrid"	"ADORA1"
"M5"	"BioGrid"	"LTBP4"
"M5"	"BioGrid"	"S100B"
"M5"	"BioGrid"	"GYG2"
"M5"	"BioGrid"	"ANKRD45"
"M5"	"BioGrid"	"HRASLS5"
"M5"	"BioGrid"	"HSPB7"
"M5"	"BioGrid"	"ABCA5"
"M5"	"BioGrid"	"ARSF"
"M5"	"BioGrid"	"SYNC"
"M5"	"BioGrid"	"MAOB"
"M5"	"BioGrid"	"MAATS1"
"M5"	"BioGrid"	"GMPR"
"M5"	"BioGrid"	"ZMYND10"
"M5"	"BioGrid"	"CRB2"
"M5"	"BioGrid"	"FBXO17"
"M5"	"BioGrid"	"MT1M"
"M5"	"BioGrid"	"MN1"
"M5"	"BioGrid"	"TXLNB"
"M5"	"BioGrid"	"PDLIM4"
"M5"	"BioGrid"	"H2AFY2"
"M5"	"BioGrid"	"EFHC2"
"M5"	"BioGrid"	"C8orf34"
"M5"	"BioGrid"	"RSPH1"
"M5"	"BioGrid"	"FAM110C"
"M5"	"BioGrid"	"KIAA0319"
"M5"	"BioGrid"	"KCNQ4"
"M5"	"IntAct"	"BBOX1"
"M5"	"IntAct"	"MORN3"
"M5"	"IntAct"	"ITGB4"
"M5"	"IntAct"	"LTF"
"M5"	"IntAct"	"ANXA1"
"M5"	"IntAct"	"CEP126"
"M5"	"IntAct"	"BAIAP3"
"M5"	"IntAct"	"SDC4"
"M5"	"IntAct"	"TLE2"
"M5"	"IntAct"	"SPAG8"
"M5"	"IntAct"	"TOM1L1"
"M5"	"IntAct"	"MAPK4"
"M5"	"IntAct"	"GJA1"
"M5"	"IntAct"	"PIR"
"M5"	"IntAct"	"RUNX1T1"
"M5"	"IntAct"	"CST3"
"M5"	"IntAct"	"GDPD2"
"M5"	"IntAct"	"FOXJ1"
"M5"	"IntAct"	"PPL"
"M5"	"IntAct"	"AQP5"
"M5"	"IntAct"	"MLC1"
"M5"	"IntAct"	"PGF"
"M5"	"IntAct"	"RAMP3"
"M5"	"IntAct"	"MDFIC"
"M5"	"IntAct"	"AGT"
"M5"	"IntAct"	"ECHDC2"
"M5"	"IntAct"	"SPEF1"
"M5"	"IntAct"	"DLGAP1"
"M5"	"IntAct"	"CLEC3B"
"M5"	"IntAct"	"LTBP4"
"M5"	"IntAct"	"MT3"
"M5"	"IntAct"	"S100B"
"M5"	"IntAct"	"IL13RA2"
"M5"	"IntAct"	"GYG2"
"M5"	"IntAct"	"ANKRD45"
"M5"	"IntAct"	"HSPB7"
"M5"	"IntAct"	"ABCA5"
"M5"	"IntAct"	"CHL1"
"M5"	"IntAct"	"ARSF"
"M5"	"IntAct"	"ANKRD35"
"M5"	"IntAct"	"MAOB"
"M5"	"IntAct"	"MAATS1"
"M5"	"IntAct"	"GMPR"
"M5"	"IntAct"	"GPR37L1"
"M5"	"IntAct"	"ZMYND10"
"M5"	"IntAct"	"RGS22"
"M5"	"IntAct"	"DNAH7"
"M5"	"IntAct"	"DDIT4L"
"M5"	"IntAct"	"MT1M"
"M5"	"IntAct"	"PDLIM4"
"M5"	"IntAct"	"EFHC2"
"M5"	"IntAct"	"TCEA3"
"M5"	"IntAct"	"RIBC1"
"M5"	"HPRD"	"BBOX1"
"M5"	"HPRD"	"ITGB4"
"M5"	"HPRD"	"RBP1"
"M5"	"HPRD"	"LTF"
"M5"	"HPRD"	"ANXA1"
"M5"	"HPRD"	"BAIAP3"
"M5"	"HPRD"	"SDC4"
"M5"	"HPRD"	"TLE2"
"M5"	"HPRD"	"SPAG8"
"M5"	"HPRD"	"TOM1L1"
"M5"	"HPRD"	"MAPK4"
"M5"	"HPRD"	"PIR"
"M5"	"HPRD"	"RUNX1T1"
"M5"	"HPRD"	"CST3"
"M5"	"HPRD"	"GDPD2"
"M5"	"HPRD"	"PPL"
"M5"	"HPRD"	"AQP5"
"M5"	"HPRD"	"MLC1"
"M5"	"HPRD"	"PGF"
"M5"	"HPRD"	"RAMP3"
"M5"	"HPRD"	"AGT"
"M5"	"HPRD"	"LRAT"
"M5"	"HPRD"	"SPEF1"
"M5"	"HPRD"	"DLGAP1"
"M5"	"HPRD"	"CLEC3B"
"M5"	"HPRD"	"ADORA1"
"M5"	"HPRD"	"LTBP4"
"M5"	"HPRD"	"MTTP"
"M5"	"HPRD"	"S100B"
"M5"	"HPRD"	"IL13RA2"
"M5"	"HPRD"	"GYG2"
"M5"	"HPRD"	"CA3"
"M5"	"HPRD"	"ARSF"
"M5"	"HPRD"	"PHKG1"
"M5"	"HPRD"	"AEBP1"
"M5"	"HPRD"	"SYNC"
"M5"	"HPRD"	"MAOB"
"M5"	"HPRD"	"MAATS1"
"M5"	"HPRD"	"GMPR"
"M5"	"HPRD"	"ZMYND10"
"M5"	"HPRD"	"SCN4B"
"M5"	"HPRD"	"GATM"
"M5"	"HPRD"	"FBXO17"
"M5"	"HPRD"	"KLHDC9"
"M5"	"HPRD"	"TXLNB"
"M5"	"HPRD"	"PDLIM4"
"M5"	"MINT"	"ITGB4"
"M5"	"MINT"	"ANXA1"
"M5"	"MINT"	"CEP126"
"M5"	"MINT"	"SDC4"
"M5"	"MINT"	"TOM1L1"
"M5"	"MINT"	"GJA1"
"M5"	"MINT"	"RUNX1T1"
"M5"	"MINT"	"PPL"
"M5"	"MINT"	"AQP5"
"M5"	"MINT"	"SPEF1"
"M5"	"MINT"	"DLGAP1"
"M5"	"MINT"	"S100B"
"M5"	"MINT"	"ZMYND10"
"M5"	"MINT"	"PDLIM4"
"M5"	"IntAct_Fly"	"BAIAP3"
"M5"	"IntAct_Fly"	"RAB36"
"M5"	"BCI"	"RBP1"
"M5"	"BCI"	"ANXA1"
"M5"	"BCI"	"SDC4"
"M5"	"BCI"	"TLE2"
"M5"	"BCI"	"GJA1"
"M5"	"BCI"	"RUNX1T1"
"M5"	"BCI"	"ENTPD2"
"M5"	"BCI"	"CST3"
"M5"	"BCI"	"PPL"
"M5"	"BCI"	"PGF"
"M5"	"BCI"	"PHKG1"
"M5"	"BCI"	"AEBP1"
"M5"	"INNATEDB"	"ITGB4"
"M5"	"INNATEDB"	"LTF"
"M5"	"INNATEDB"	"ANXA1"
"M5"	"INNATEDB"	"RUNX1T1"
"M5"	"INNATEDB"	"FOXJ1"
"M5"	"INNATEDB"	"AQP5"
"M5"	"INNATEDB"	"AGT"
"M5"	"INNATEDB"	"S100B"
"M5"	"INNATEDB"	"RARRES2"
"M5"	"INNATEDB"	"ZMYND10"
"M5"	"INNATEDB"	"SCN4B"
"M5"	"BioGrid_Mouse"	"RBP1"
"M5"	"BioGrid_Mouse"	"ANXA1"
"M5"	"BioGrid_Mouse"	"TOM1L1"
"M5"	"BioGrid_Mouse"	"GJA1"
"M5"	"BioGrid_Mouse"	"ZBTB7C"
"M5"	"BioGrid_Mouse"	"RUNX1T1"
"M5"	"BioGrid_Mouse"	"FOXJ1"
"M5"	"BioGrid_Mouse"	"PPL"
"M5"	"BioGrid_Mouse"	"AEBP1"
"M5"	"BioGrid_Mouse"	"PDLIM4"
"M5"	"BIND"	"GJA1"
"M5"	"BIND"	"RUNX1T1"
"M5"	"BIND"	"CST3"
"M5"	"BIND"	"PGF"
"M5"	"BIND"	"DLGAP1"
"M5"	"BIND"	"S100B"
"M5"	"BIND"	"F3"
"M5"	"BIND"	"MAOB"
"M5"	"BIND"	"GMPR"
"M5"	"BIND"	"NMNAT3"
"M5"	"BIND"	"KIAA0319"
"M5"	"BioGrid_Rat"	"GJA1"
"M5"	"BioGrid_Rat"	"DLGAP1"
"M5"	"BioGrid_Rat"	"S100B"
"M5"	"IntAct_Mouse"	"GJA1"
"M5"	"IntAct_Mouse"	"CST3"
"M5"	"IntAct_Mouse"	"PPL"
"M5"	"IntAct_Mouse"	"MTTP"
"M5"	"IntAct_Mouse"	"CHL1"
"M5"	"IntAct_Mouse"	"SYNC"
"M5"	"IntAct_Mouse"	"PDLIM4"
"M5"	"DIP"	"SDC4"
"M5"	"DIP"	"RUNX1T1"
"M5"	"DIP"	"AQP5"
"M5"	"DIP"	"PGF"
"M5"	"DIP"	"IL13RA2"
"M5"	"DIP"	"AQP4"
"M5"	"DIP"	"H2AFY2"
"M5"	"MGI"	"ANXA1"
"M5"	"VidalHuman_non_core"	"BBOX1"
"M5"	"VidalHuman_non_core"	"RUNX1T1"
"M5"	"VidalHuman_non_core"	"AGT"
"M5"	"ShawnLi"	"DLGAP1"
"M5"	"IntAct_Yeast"	"TVP23A"
"M5"	"BIND_Rat"	"GJA1"
"M5"	"BIND_Rat"	"DLGAP1"
"M5"	"BIND_Rat"	"ADORA1"
"M5"	"BIND_Rat"	"S100B"
"M5"	"BIND_Rat"	"MAOB"
"M5"	"INNATEDB_Mouse"	"GJA1"
"M5"	"INNATEDB_Mouse"	"ZBTB7C"
"M5"	"INNATEDB_Mouse"	"RUNX1T1"
"M5"	"INNATEDB_Mouse"	"CNGA3"
"M5"	"DIP_Rat"	"GJA1"
"M5"	"DIP_Rat"	"AQP4"
"M5"	"MINT_Mouse"	"GJA1"
"M5"	"MINT_Mouse"	"CHL1"
"M5"	"IntAct_Rat"	"SDC4"
"M5"	"IntAct_Rat"	"GJA1"
"M5"	"IntAct_Rat"	"DLGAP1"
"M5"	"IntAct_Rat"	"ADORA1"
"M5"	"I2D-c_Rat"	"ADORA1"
"M5"	"MINT_Rat"	"DLGAP1"
"M5"	"MINT_Rat"	"ADORA1"
"M5"	"VidalHuman_core"	"RUNX1T1"
"M5"	"VidalHuman_core"	"AQP5"
"M5"	"VidalHuman_core"	"AGT"
"M5"	"VidalHuman_core"	"SPEF1"
"M5"	"VidalHuman_core"	"ZMYND10"
"M5"	"VidalHuman_core"	"PDLIM4"
"M5"	"DIP_Mouse"	"GJA1"
"M5"	"BioGrid_Fly"	"ZMYND10"
"M5"	"BIND_Fly"	"ZMYND10"
"M5"	"DIP_Fly"	"ZMYND10"
"M5"	"DIP_Fly"	"AQP4"
"M5"	"MINT_Fly"	"ZMYND10"
"M5"	"YeastLow"	"RGN"
"M5"	"BioGrid_Yeast"	"TVP23A"
"M6"	"BioGrid"	"LNX1"
"M6"	"BioGrid"	"SIX1"
"M6"	"BioGrid"	"PBK"
"M6"	"BioGrid"	"MDFI"
"M6"	"BioGrid"	"SIM2"
"M6"	"BioGrid"	"BIRC5"
"M6"	"BioGrid"	"MCM10"
"M6"	"BioGrid"	"CLSPN"
"M6"	"BioGrid"	"AURKB"
"M6"	"BioGrid"	"EMX2"
"M6"	"BioGrid"	"TP73"
"M6"	"BioGrid"	"GPR37"
"M6"	"BioGrid"	"UBE2C"
"M6"	"BioGrid"	"TOP2A"
"M6"	"BioGrid"	"FAM83D"
"M6"	"BioGrid"	"E2F2"
"M6"	"BioGrid"	"CDS1"
"M6"	"BioGrid"	"PDGFRA"
"M6"	"BioGrid"	"CDC45"
"M6"	"BioGrid"	"CDC25C"
"M6"	"BioGrid"	"NEK2"
"M6"	"BioGrid"	"SKA1"
"M6"	"BioGrid"	"FGF1"
"M6"	"BioGrid"	"TFAP2A"
"M6"	"BioGrid"	"DLGAP5"
"M6"	"BioGrid"	"CBX2"
"M6"	"BioGrid"	"PYGM"
"M6"	"BioGrid"	"INSM1"
"M6"	"BioGrid"	"THSD7A"
"M6"	"BioGrid"	"PCLAF"
"M6"	"BioGrid"	"LMO3"
"M6"	"BioGrid"	"CADPS2"
"M6"	"BioGrid"	"CDKN2C"
"M6"	"BioGrid"	"SGO1"
"M6"	"BioGrid"	"MYBL2"
"M6"	"BioGrid"	"SKA3"
"M6"	"BioGrid"	"UHRF1"
"M6"	"BioGrid"	"MELK"
"M6"	"BioGrid"	"MEX3B"
"M6"	"BioGrid"	"TTK"
"M6"	"BioGrid"	"MYCN"
"M6"	"BioGrid"	"CXCL14"
"M6"	"BioGrid"	"MKI67"
"M6"	"BioGrid"	"CDON"
"M6"	"BioGrid"	"CFH"
"M6"	"BioGrid"	"PRELP"
"M6"	"BioGrid"	"DDR2"
"M6"	"BioGrid"	"STAC"
"M6"	"BioGrid"	"COL4A6"
"M6"	"BioGrid"	"SOX4"
"M6"	"BioGrid"	"VASH2"
"M6"	"BioGrid"	"SPC24"
"M6"	"BioGrid"	"AIFM3"
"M6"	"BioGrid"	"PIMREG"
"M6"	"BioGrid"	"KIFC1"
"M6"	"BioGrid"	"EPS8L2"
"M6"	"BioGrid"	"TROAP"
"M6"	"BioGrid"	"MYBPC1"
"M6"	"BioGrid"	"MEX3A"
"M6"	"BioGrid"	"NEBL"
"M6"	"BioGrid"	"CENPF"
"M6"	"BioGrid"	"CYP4F11"
"M6"	"BioGrid"	"RYR3"
"M6"	"BioGrid"	"IGF2BP3"
"M6"	"BioGrid"	"GALNT15"
"M6"	"BioGrid"	"SPOCK2"
"M6"	"BioGrid"	"DEPDC1B"
"M6"	"BioGrid"	"ESCO2"
"M6"	"BioGrid_Fly"	"SIX1"
"M6"	"BioGrid_Fly"	"PBK"
"M6"	"BioGrid_Fly"	"GPC5"
"M6"	"BioGrid_Fly"	"UBE2C"
"M6"	"BioGrid_Fly"	"CDS1"
"M6"	"BioGrid_Fly"	"CDC45"
"M6"	"BioGrid_Fly"	"TFAP2A"
"M6"	"BioGrid_Fly"	"PYGM"
"M6"	"BioGrid_Fly"	"PAPLN"
"M6"	"BioGrid_Fly"	"KIFC1"
"M6"	"BioGrid_Fly"	"STK32B"
"M6"	"BIND_Fly"	"SIX1"
"M6"	"BIND_Fly"	"PBK"
"M6"	"BIND_Fly"	"CDC45"
"M6"	"BIND_Fly"	"PAPLN"
"M6"	"BIND_Fly"	"KIFC1"
"M6"	"DIP_Fly"	"SIX1"
"M6"	"DIP_Fly"	"PBK"
"M6"	"DIP_Fly"	"CDS1"
"M6"	"DIP_Fly"	"TFAP2A"
"M6"	"DIP_Fly"	"PAPLN"
"M6"	"DIP_Fly"	"KIFC1"
"M6"	"FlyLow"	"SIX1"
"M6"	"FlyLow"	"PBK"
"M6"	"FlyLow"	"PAPLN"
"M6"	"MINT_Fly"	"SIX1"
"M6"	"MINT_Fly"	"PBK"
"M6"	"MINT_Fly"	"TFAP2A"
"M6"	"MINT_Fly"	"PAPLN"
"M6"	"IntAct"	"LNX1"
"M6"	"IntAct"	"SIX1"
"M6"	"IntAct"	"PBK"
"M6"	"IntAct"	"MDFI"
"M6"	"IntAct"	"SIM2"
"M6"	"IntAct"	"GPC5"
"M6"	"IntAct"	"BIRC5"
"M6"	"IntAct"	"MCM10"
"M6"	"IntAct"	"CLSPN"
"M6"	"IntAct"	"AURKB"
"M6"	"IntAct"	"TP73"
"M6"	"IntAct"	"UBE2C"
"M6"	"IntAct"	"TOP2A"
"M6"	"IntAct"	"FAM83D"
"M6"	"IntAct"	"E2F2"
"M6"	"IntAct"	"PDGFRA"
"M6"	"IntAct"	"CDC45"
"M6"	"IntAct"	"CDC25C"
"M6"	"IntAct"	"NEK2"
"M6"	"IntAct"	"SKA1"
"M6"	"IntAct"	"FGF1"
"M6"	"IntAct"	"TFAP2A"
"M6"	"IntAct"	"DLGAP5"
"M6"	"IntAct"	"SFRP4"
"M6"	"IntAct"	"CBX2"
"M6"	"IntAct"	"PYGM"
"M6"	"IntAct"	"INSM1"
"M6"	"IntAct"	"LMO3"
"M6"	"IntAct"	"CADPS2"
"M6"	"IntAct"	"CDKN2C"
"M6"	"IntAct"	"SGO1"
"M6"	"IntAct"	"MYBL2"
"M6"	"IntAct"	"OPLAH"
"M6"	"IntAct"	"PAPLN"
"M6"	"IntAct"	"SKA3"
"M6"	"IntAct"	"UHRF1"
"M6"	"IntAct"	"MELK"
"M6"	"IntAct"	"MEX3B"
"M6"	"IntAct"	"TTK"
"M6"	"IntAct"	"CDCA2"
"M6"	"IntAct"	"MYCN"
"M6"	"IntAct"	"CXCL14"
"M6"	"IntAct"	"MKI67"
"M6"	"IntAct"	"SLC4A4"
"M6"	"IntAct"	"CFH"
"M6"	"IntAct"	"DDR2"
"M6"	"IntAct"	"STAC"
"M6"	"IntAct"	"COL4A5"
"M6"	"IntAct"	"SPC24"
"M6"	"IntAct"	"PIMREG"
"M6"	"IntAct"	"EPS8L2"
"M6"	"IntAct"	"TROAP"
"M6"	"IntAct"	"CENPV"
"M6"	"IntAct"	"KLHL26"
"M6"	"IntAct"	"STK32B"
"M6"	"IntAct"	"MYBPC1"
"M6"	"IntAct"	"ASPM"
"M6"	"IntAct"	"NEBL"
"M6"	"IntAct"	"CENPF"
"M6"	"IntAct"	"CYP4F11"
"M6"	"IntAct"	"RYR3"
"M6"	"IntAct"	"IGF2BP3"
"M6"	"IntAct"	"INAVA"
"M6"	"IntAct"	"RCOR2"
"M6"	"IntAct"	"KIF26A"
"M6"	"IntAct"	"HOGA1"
"M6"	"IntAct"	"SPOCK2"
"M6"	"IntAct"	"DEPDC1B"
"M6"	"IntAct"	"RTKN2"
"M6"	"IntAct"	"NWD1"
"M6"	"HPRD"	"LNX1"
"M6"	"HPRD"	"SIX1"
"M6"	"HPRD"	"PBK"
"M6"	"HPRD"	"MDFI"
"M6"	"HPRD"	"SIM2"
"M6"	"HPRD"	"BIRC5"
"M6"	"HPRD"	"MCM10"
"M6"	"HPRD"	"CLSPN"
"M6"	"HPRD"	"AURKB"
"M6"	"HPRD"	"EMX2"
"M6"	"HPRD"	"TP73"
"M6"	"HPRD"	"GPR37"
"M6"	"HPRD"	"UBE2C"
"M6"	"HPRD"	"TOP2A"
"M6"	"HPRD"	"E2F2"
"M6"	"HPRD"	"PDGFRA"
"M6"	"HPRD"	"CDC45"
"M6"	"HPRD"	"CDC25C"
"M6"	"HPRD"	"NEK2"
"M6"	"HPRD"	"SKA1"
"M6"	"HPRD"	"FGF1"
"M6"	"HPRD"	"TFAP2A"
"M6"	"HPRD"	"DLGAP5"
"M6"	"HPRD"	"CBX2"
"M6"	"HPRD"	"PYGM"
"M6"	"HPRD"	"INSM1"
"M6"	"HPRD"	"LMO3"
"M6"	"HPRD"	"CADPS2"
"M6"	"HPRD"	"CDKN2C"
"M6"	"HPRD"	"SGO1"
"M6"	"HPRD"	"MYBL2"
"M6"	"HPRD"	"UHRF1"
"M6"	"HPRD"	"MELK"
"M6"	"HPRD"	"MEX3B"
"M6"	"HPRD"	"TTK"
"M6"	"HPRD"	"MYCN"
"M6"	"HPRD"	"MKI67"
"M6"	"HPRD"	"CDON"
"M6"	"HPRD"	"SLC4A4"
"M6"	"HPRD"	"CFH"
"M6"	"HPRD"	"PRELP"
"M6"	"HPRD"	"DDR2"
"M6"	"HPRD"	"COL4A5"
"M6"	"HPRD"	"COL4A6"
"M6"	"HPRD"	"SOX4"
"M6"	"HPRD"	"TROAP"
"M6"	"HPRD"	"KLHL26"
"M6"	"HPRD"	"ASPM"
"M6"	"HPRD"	"NEBL"
"M6"	"HPRD"	"CENPF"
"M6"	"HPRD"	"SOX11"
"M6"	"HPRD"	"RYR3"
"M6"	"HPRD"	"HUNK"
"M6"	"HPRD"	"DLX1"
"M6"	"HPRD"	"SOD3"
"M6"	"HPRD"	"MMP16"
"M6"	"HPRD"	"SPOCK2"
"M6"	"MINT"	"LNX1"
"M6"	"MINT"	"SIX1"
"M6"	"MINT"	"PBK"
"M6"	"MINT"	"MDFI"
"M6"	"MINT"	"BIRC5"
"M6"	"MINT"	"MCM10"
"M6"	"MINT"	"CLSPN"
"M6"	"MINT"	"AURKB"
"M6"	"MINT"	"TP73"
"M6"	"MINT"	"E2F2"
"M6"	"MINT"	"PDGFRA"
"M6"	"MINT"	"CDC25C"
"M6"	"MINT"	"NEK2"
"M6"	"MINT"	"SKA1"
"M6"	"MINT"	"TFAP2A"
"M6"	"MINT"	"CBX2"
"M6"	"MINT"	"CDKN2C"
"M6"	"MINT"	"MYBL2"
"M6"	"MINT"	"UHRF1"
"M6"	"MINT"	"TTK"
"M6"	"MINT"	"MYCN"
"M6"	"MINT"	"MKI67"
"M6"	"MINT"	"DDR2"
"M6"	"MINT"	"TROAP"
"M6"	"MINT"	"KLHL26"
"M6"	"MINT"	"NEBL"
"M6"	"VidalHuman_core"	"LNX1"
"M6"	"VidalHuman_core"	"SIX1"
"M6"	"VidalHuman_core"	"MDFI"
"M6"	"VidalHuman_core"	"LMO3"
"M6"	"IntAct_Fly"	"SIX1"
"M6"	"IntAct_Fly"	"GPC5"
"M6"	"IntAct_Fly"	"MCM10"
"M6"	"IntAct_Fly"	"TOP2A"
"M6"	"IntAct_Fly"	"CDS1"
"M6"	"IntAct_Fly"	"CDC45"
"M6"	"IntAct_Fly"	"PYGM"
"M6"	"IntAct_Fly"	"PAPLN"
"M6"	"IntAct_Fly"	"KIFC1"
"M6"	"DIP"	"SIX1"
"M6"	"DIP"	"AURKB"
"M6"	"DIP"	"TP73"
"M6"	"DIP"	"GPR37"
"M6"	"DIP"	"TOP2A"
"M6"	"DIP"	"E2F2"
"M6"	"DIP"	"CDC45"
"M6"	"DIP"	"CDC25C"
"M6"	"DIP"	"FGF1"
"M6"	"DIP"	"CBX2"
"M6"	"DIP"	"LMO3"
"M6"	"DIP"	"SGO1"
"M6"	"DIP"	"MYCN"
"M6"	"DIP"	"MKI67"
"M6"	"DIP"	"SLC4A4"
"M6"	"DIP"	"CFH"
"M6"	"DIP"	"SOX4"
"M6"	"DIP"	"PIMREG"
"M6"	"DIP"	"HUNK"
"M6"	"BioGrid_Yeast"	"AURKB"
"M6"	"BioGrid_Yeast"	"UBE2C"
"M6"	"BioGrid_Yeast"	"CDC45"
"M6"	"BioGrid_Yeast"	"SLC4A4"
"M6"	"IntAct_Yeast"	"AURKB"
"M6"	"IntAct_Yeast"	"CDC45"
"M6"	"IntAct_Yeast"	"OPLAH"
"M6"	"MINT_Yeast"	"AURKB"
"M6"	"MINT_Yeast"	"CDC45"
"M6"	"BIND"	"SIX1"
"M6"	"BIND"	"PBK"
"M6"	"BIND"	"BIRC5"
"M6"	"BIND"	"TP73"
"M6"	"BIND"	"UBE2C"
"M6"	"BIND"	"E2F2"
"M6"	"BIND"	"CDC45"
"M6"	"BIND"	"NEK2"
"M6"	"BIND"	"FGF1"
"M6"	"BIND"	"PYGM"
"M6"	"BIND"	"CDKN2C"
"M6"	"BIND"	"MKI67"
"M6"	"YeastMedium"	"CDS1"
"M6"	"YeastMedium"	"CDC45"
"M6"	"BCI"	"BIRC5"
"M6"	"BCI"	"TOP2A"
"M6"	"BCI"	"PDGFRA"
"M6"	"BCI"	"CDC45"
"M6"	"BCI"	"CDC25C"
"M6"	"BCI"	"MYBL2"
"M6"	"BCI"	"MELK"
"M6"	"BCI"	"TTK"
"M6"	"BCI"	"MYCN"
"M6"	"BCI"	"MKI67"
"M6"	"BCI"	"CFH"
"M6"	"BCI"	"SOX4"
"M6"	"BCI"	"MYBPC1"
"M6"	"BCI"	"CENPF"
"M6"	"BCI"	"SPOCK2"
"M6"	"INNATEDB_Mouse"	"MDFI"
"M6"	"INNATEDB_Mouse"	"CLSPN"
"M6"	"INNATEDB_Mouse"	"MYCN"
"M6"	"INNATEDB_Mouse"	"CDON"
"M6"	"INNATEDB"	"LNX1"
"M6"	"INNATEDB"	"SIX1"
"M6"	"INNATEDB"	"MDFI"
"M6"	"INNATEDB"	"BIRC5"
"M6"	"INNATEDB"	"TOP2A"
"M6"	"INNATEDB"	"PDGFRA"
"M6"	"INNATEDB"	"NEK2"
"M6"	"INNATEDB"	"TFAP2A"
"M6"	"INNATEDB"	"MYBL2"
"M6"	"INNATEDB"	"MEX3B"
"M6"	"INNATEDB"	"CDCA2"
"M6"	"INNATEDB"	"CFH"
"M6"	"INNATEDB"	"SOX11"
"M6"	"INNATEDB"	"CYP4F11"
"M6"	"BioGrid_Mouse"	"LNX1"
"M6"	"BioGrid_Mouse"	"SIX1"
"M6"	"BioGrid_Mouse"	"AURKB"
"M6"	"BioGrid_Mouse"	"EMX2"
"M6"	"BioGrid_Mouse"	"TP73"
"M6"	"BioGrid_Mouse"	"UBE2C"
"M6"	"BioGrid_Mouse"	"E2F2"
"M6"	"BioGrid_Mouse"	"PDGFRA"
"M6"	"BioGrid_Mouse"	"TFAP2A"
"M6"	"BioGrid_Mouse"	"SFRP4"
"M6"	"BioGrid_Mouse"	"CBX2"
"M6"	"BioGrid_Mouse"	"MYBL2"
"M6"	"BioGrid_Mouse"	"UHRF1"
"M6"	"BioGrid_Mouse"	"MELK"
"M6"	"BioGrid_Mouse"	"MYCN"
"M6"	"BioGrid_Mouse"	"CDON"
"M6"	"BioGrid_Mouse"	"RGL3"
"M6"	"BioGrid_Mouse"	"SOX11"
"M6"	"BioGrid_Mouse"	"VAX2"
"M6"	"BioGrid_Mouse"	"DLX1"
"M6"	"BioGrid_Mouse"	"SOD3"
"M6"	"IntAct_Mouse"	"LNX1"
"M6"	"IntAct_Mouse"	"TOP2A"
"M6"	"IntAct_Mouse"	"CBX2"
"M6"	"IntAct_Mouse"	"CADPS2"
"M6"	"IntAct_Mouse"	"UHRF1"
"M6"	"IntAct_Mouse"	"CDON"
"M6"	"IntAct_Mouse"	"SLC4A4"
"M6"	"IntAct_Mouse"	"SOX4"
"M6"	"IntAct_Mouse"	"KNDC1"
"M6"	"MINT_Mouse"	"LNX1"
"M6"	"MINT_Mouse"	"PDGFRA"
"M6"	"MINT_Mouse"	"CADPS2"
"M6"	"MINT_Mouse"	"UHRF1"
"M6"	"StelzlMedium"	"PBK"
"M6"	"StelzlMedium"	"CDKN2C"
"M6"	"Krogan_Core"	"AURKB"
"M6"	"Yeast_Kinome"	"AURKB"
"M6"	"MGI"	"LNX1"
"M6"	"MGI"	"SIX1"
"M6"	"MGI"	"CDC25C"
"M6"	"MGI"	"TFAP2A"
"M6"	"MGI"	"RGL3"
"M6"	"StelzlHigh"	"PBK"
"M6"	"StelzlHigh"	"CDKN2C"
"M6"	"BIND_Mouse"	"LNX1"
"M6"	"BIND_Mouse"	"CDC45"
"M6"	"BIND_Mouse"	"TFAP2A"
"M6"	"BIND_Mouse"	"EPS8L2"
"M6"	"BIND_Mouse"	"RCOR2"
"M6"	"BioGrid_Worm"	"TOP2A"
"M6"	"BioGrid_Worm"	"PYGM"
"M6"	"BioGrid_Worm"	"DDR2"
"M6"	"DIP_Yeast"	"CDC45"
"M6"	"DIP_Yeast"	"OPLAH"
"M6"	"DIP_Mouse"	"TOP2A"
"M6"	"DIP_Mouse"	"CBX2"
"M6"	"DIP_Mouse"	"CDON"
"M6"	"DIP_Mouse"	"RCOR2"
"M6"	"IntAct_Rat"	"PDGFRA"
"M6"	"VidalHuman_non_core"	"SIX1"
"M6"	"VidalHuman_non_core"	"MDFI"
"M6"	"VidalHuman_non_core"	"LMO3"
"M6"	"VidalHuman_non_core"	"MYBL2"
"M6"	"BIND_Yeast"	"AURKB"
"M6"	"BIND_Yeast"	"CDC45"
"M6"	"MIPS"	"CDC45"
"M6"	"YeastLow"	"SLC4A4"
"M6"	"BIND_Worm"	"DDR2"
"M6"	"MINT_Worm"	"PYGM"
"M6"	"MINT_Worm"	"DDR2"
"M6"	"FlyHigh"	"SIX1"
"M6"	"INTEROLOG"	"TOP2A"
"M6"	"KIM_MYC"	"TOP2A"
"M6"	"BioGrid_Rat"	"LNX1"
"M6"	"FlyCellCycle"	"CDC45"
"M7"	"BioGrid"	"NDN"
"M7"	"BioGrid"	"KCNK1"
"M7"	"BioGrid"	"TUBB4A"
"M7"	"BioGrid"	"EPB41L3"
"M7"	"BioGrid"	"ADAM19"
"M7"	"BioGrid"	"EFHD1"
"M7"	"BioGrid"	"CADPS"
"M7"	"BioGrid"	"GRM3"
"M7"	"BioGrid"	"HSPA2"
"M7"	"BioGrid"	"CNTN2"
"M7"	"BioGrid"	"FBXO2"
"M7"	"BioGrid"	"CNTNAP4"
"M7"	"BioGrid"	"PTGDS"
"M7"	"BioGrid"	"GNAI1"
"M7"	"BioGrid"	"APOD"
"M7"	"BioGrid"	"CMTM5"
"M7"	"BioGrid"	"SPOCK3"
"M7"	"BioGrid"	"PLLP"
"M7"	"BioGrid"	"ROR1"
"M7"	"BioGrid"	"TF"
"M7"	"BioGrid"	"SRCIN1"
"M7"	"BioGrid"	"RASGRF1"
"M7"	"BioGrid"	"HCN2"
"M7"	"BioGrid"	"GPD1"
"M7"	"BioGrid"	"SYNDIG1"
"M7"	"BioGrid"	"RAB11FIP4"
"M7"	"BioGrid"	"BCAS1"
"M7"	"BioGrid"	"PPP1R16B"
"M7"	"BioGrid"	"CDK18"
"M7"	"BioGrid"	"TPPP"
"M7"	"BioGrid"	"DYNC1I1"
"M7"	"BioGrid"	"ANKS1B"
"M7"	"BioGrid"	"VAV3"
"M7"	"BioGrid"	"KLK6"
"M7"	"BioGrid"	"MBP"
"M7"	"BioGrid"	"MAG"
"M7"	"BioGrid"	"PLP1"
"M7"	"BioGrid"	"PPP1R14A"
"M7"	"BioGrid"	"S100A1"
"M7"	"BioGrid"	"ENPP2"
"M7"	"BioGrid"	"MYLK"
"M7"	"BioGrid"	"GJB1"
"M7"	"BioGrid"	"HOXB7"
"M7"	"BioGrid"	"ETV4"
"M7"	"BioGrid"	"PDE1A"
"M7"	"BioGrid"	"MOBP"
"M7"	"BioGrid"	"MTURN"
"M7"	"BioGrid"	"ERMN"
"M7"	"BioGrid"	"CNDP1"
"M7"	"BioGrid"	"KLHL32"
"M7"	"BioGrid"	"GAL3ST1"
"M7"	"BioGrid"	"MAL"
"M7"	"BioGrid"	"PAIP2B"
"M7"	"BioGrid"	"FOLH1"
"M7"	"BioGrid"	"CTNNA3"
"M7"	"BioGrid"	"ASPA"
"M7"	"BioGrid"	"PLPP2"
"M7"	"BioGrid"	"ZNF488"
"M7"	"BioGrid"	"RCAN2"
"M7"	"BioGrid"	"CARNS1"
"M7"	"BioGrid"	"BOK"
"M7"	"BioGrid"	"PLPP4"
"M7"	"BioGrid"	"NINJ2"
"M7"	"BioGrid"	"REPS2"
"M7"	"BioGrid_Mouse"	"NDN"
"M7"	"BioGrid_Mouse"	"KCNK1"
"M7"	"BioGrid_Mouse"	"TUBB4A"
"M7"	"BioGrid_Mouse"	"HSPA2"
"M7"	"BioGrid_Mouse"	"CNTN2"
"M7"	"BioGrid_Mouse"	"FBXO2"
"M7"	"BioGrid_Mouse"	"NKX6-2"
"M7"	"BioGrid_Mouse"	"ROR1"
"M7"	"BioGrid_Mouse"	"RASGRF1"
"M7"	"BioGrid_Mouse"	"HCN2"
"M7"	"BioGrid_Mouse"	"MAEL"
"M7"	"BioGrid_Mouse"	"WNT7B"
"M7"	"BioGrid_Mouse"	"GAS1"
"M7"	"BioGrid_Mouse"	"REPS2"
"M7"	"IntAct"	"NDN"
"M7"	"IntAct"	"KCNK1"
"M7"	"IntAct"	"TUBB4A"
"M7"	"IntAct"	"EPB41L3"
"M7"	"IntAct"	"ADAM19"
"M7"	"IntAct"	"EFHD1"
"M7"	"IntAct"	"CADPS"
"M7"	"IntAct"	"HSPA2"
"M7"	"IntAct"	"CNTNAP4"
"M7"	"IntAct"	"PTGDS"
"M7"	"IntAct"	"GNAI1"
"M7"	"IntAct"	"APOD"
"M7"	"IntAct"	"CMTM5"
"M7"	"IntAct"	"SPOCK3"
"M7"	"IntAct"	"ROR1"
"M7"	"IntAct"	"TF"
"M7"	"IntAct"	"SRCIN1"
"M7"	"IntAct"	"RASGRF1"
"M7"	"IntAct"	"HCN2"
"M7"	"IntAct"	"AATK"
"M7"	"IntAct"	"SYNDIG1"
"M7"	"IntAct"	"RAB11FIP4"
"M7"	"IntAct"	"WNT7B"
"M7"	"IntAct"	"PPP1R16B"
"M7"	"IntAct"	"CDK18"
"M7"	"IntAct"	"TPPP"
"M7"	"IntAct"	"DYNC1I1"
"M7"	"IntAct"	"ANKS1B"
"M7"	"IntAct"	"VAV3"
"M7"	"IntAct"	"KLK6"
"M7"	"IntAct"	"SPOCK1"
"M7"	"IntAct"	"MBP"
"M7"	"IntAct"	"PLP1"
"M7"	"IntAct"	"PPP1R14A"
"M7"	"IntAct"	"S100A1"
"M7"	"IntAct"	"ENPP2"
"M7"	"IntAct"	"MYLK"
"M7"	"IntAct"	"HOXB7"
"M7"	"IntAct"	"ETV4"
"M7"	"IntAct"	"PDE1A"
"M7"	"IntAct"	"ERMN"
"M7"	"IntAct"	"KLHL32"
"M7"	"IntAct"	"GPIHBP1"
"M7"	"IntAct"	"MAL"
"M7"	"IntAct"	"FOLH1"
"M7"	"IntAct"	"CTNNA3"
"M7"	"IntAct"	"DOCK5"
"M7"	"IntAct"	"PKIB"
"M7"	"IntAct"	"AMER2"
"M7"	"IntAct"	"PCSK6"
"M7"	"IntAct"	"ASPA"
"M7"	"IntAct"	"PLPP2"
"M7"	"IntAct"	"ZNF488"
"M7"	"IntAct"	"SLC7A14"
"M7"	"IntAct"	"RCAN2"
"M7"	"IntAct"	"BOK"
"M7"	"IntAct"	"PLPP4"
"M7"	"IntAct"	"NINJ2"
"M7"	"IntAct"	"REPS2"
"M7"	"DIP"	"KCNK1"
"M7"	"DIP"	"CNTNAP4"
"M7"	"DIP"	"ROR1"
"M7"	"DIP"	"ETV4"
"M7"	"DIP"	"ASPA"
"M7"	"DIP"	"HHIP"
"M7"	"DIP"	"MYRF"
"M7"	"HPRD"	"NDN"
"M7"	"HPRD"	"KCNK1"
"M7"	"HPRD"	"TUBB4A"
"M7"	"HPRD"	"EPB41L3"
"M7"	"HPRD"	"CADPS"
"M7"	"HPRD"	"HSPA2"
"M7"	"HPRD"	"CNTN2"
"M7"	"HPRD"	"FBXO2"
"M7"	"HPRD"	"CLDN11"
"M7"	"HPRD"	"CNTNAP4"
"M7"	"HPRD"	"PTGDS"
"M7"	"HPRD"	"GNAI1"
"M7"	"HPRD"	"APOD"
"M7"	"HPRD"	"SPOCK3"
"M7"	"HPRD"	"TF"
"M7"	"HPRD"	"SRCIN1"
"M7"	"HPRD"	"GPD1"
"M7"	"HPRD"	"RAB11FIP4"
"M7"	"HPRD"	"BCAS1"
"M7"	"HPRD"	"CDK18"
"M7"	"HPRD"	"TPPP"
"M7"	"HPRD"	"DYNC1I1"
"M7"	"HPRD"	"ANKS1B"
"M7"	"HPRD"	"VAV3"
"M7"	"HPRD"	"KLK6"
"M7"	"HPRD"	"SPOCK1"
"M7"	"HPRD"	"MBP"
"M7"	"HPRD"	"MAG"
"M7"	"HPRD"	"PLP1"
"M7"	"HPRD"	"PEX5L"
"M7"	"HPRD"	"MOG"
"M7"	"HPRD"	"PPP1R14A"
"M7"	"HPRD"	"S100A1"
"M7"	"HPRD"	"MYLK"
"M7"	"HPRD"	"GJB1"
"M7"	"HPRD"	"HOXB7"
"M7"	"HPRD"	"ETV4"
"M7"	"HPRD"	"PDE1A"
"M7"	"HPRD"	"CNDP1"
"M7"	"HPRD"	"EDIL3"
"M7"	"HPRD"	"PAIP2B"
"M7"	"HPRD"	"CTNNA3"
"M7"	"HPRD"	"PRIMA1"
"M7"	"HPRD"	"PKIB"
"M7"	"HPRD"	"ASPA"
"M7"	"HPRD"	"PLPP2"
"M7"	"HPRD"	"STXBP6"
"M7"	"HPRD"	"RCAN2"
"M7"	"HPRD"	"HOXB3"
"M7"	"HPRD"	"GAS1"
"M7"	"HPRD"	"CARNS1"
"M7"	"HPRD"	"GALNT13"
"M7"	"HPRD"	"BOK"
"M7"	"HPRD"	"SLC24A2"
"M7"	"IntAct_Fly"	"TUBB4A"
"M7"	"IntAct_Fly"	"ADAM19"
"M7"	"IntAct_Fly"	"APOD"
"M7"	"IntAct_Fly"	"MAEL"
"M7"	"IntAct_Fly"	"WNT7B"
"M7"	"IntAct_Fly"	"TPPP"
"M7"	"BioGrid_Yeast"	"FA2H"
"M7"	"DIP_Fly"	"TUBB4A"
"M7"	"DIP_Fly"	"APOD"
"M7"	"DIP_Fly"	"GPD1"
"M7"	"DIP_Fly"	"MAEL"
"M7"	"DIP_Fly"	"TPPP"
"M7"	"MINT_Rat"	"GRM3"
"M7"	"IntAct_Mouse"	"NDN"
"M7"	"IntAct_Mouse"	"HSPA2"
"M7"	"IntAct_Mouse"	"CNTN2"
"M7"	"IntAct_Mouse"	"CLDN11"
"M7"	"IntAct_Mouse"	"SRCIN1"
"M7"	"IntAct_Mouse"	"DYNC1I1"
"M7"	"IntAct_Mouse"	"S100A1"
"M7"	"IntAct_Mouse"	"GJC2"
"M7"	"IntAct_Yeast"	"FA2H"
"M7"	"MINT"	"EPB41L3"
"M7"	"MINT"	"ADAM19"
"M7"	"MINT"	"CADPS"
"M7"	"MINT"	"HSPA2"
"M7"	"MINT"	"APOD"
"M7"	"MINT"	"CMTM5"
"M7"	"MINT"	"SPOCK3"
"M7"	"MINT"	"PLLP"
"M7"	"MINT"	"TF"
"M7"	"MINT"	"RASGRF1"
"M7"	"MINT"	"GPD1"
"M7"	"MINT"	"TPPP"
"M7"	"MINT"	"DYNC1I1"
"M7"	"MINT"	"ANKS1B"
"M7"	"MINT"	"VAV3"
"M7"	"MINT"	"PLP1"
"M7"	"MINT"	"S100A1"
"M7"	"MINT"	"MYLK"
"M7"	"MINT"	"ASPA"
"M7"	"MINT"	"PLPP2"
"M7"	"MINT"	"BOK"
"M7"	"MINT"	"REPS2"
"M7"	"BIND"	"KCNK1"
"M7"	"BIND"	"EPB41L3"
"M7"	"BIND"	"GNAI1"
"M7"	"BIND"	"TF"
"M7"	"BIND"	"S100A1"
"M7"	"BioGrid_Rat"	"NDN"
"M7"	"BioGrid_Rat"	"CADPS"
"M7"	"BioGrid_Rat"	"GRM3"
"M7"	"BioGrid_Rat"	"FBXO2"
"M7"	"BioGrid_Rat"	"APOD"
"M7"	"BioGrid_Rat"	"SRCIN1"
"M7"	"BioGrid_Rat"	"DYNC1I1"
"M7"	"BIND_Mouse"	"NDN"
"M7"	"BIND_Mouse"	"CLDN11"
"M7"	"BIND_Mouse"	"HCN2"
"M7"	"BIND_Mouse"	"DYNC1I1"
"M7"	"BioGrid_Fly"	"FA2H"
"M7"	"BioGrid_Fly"	"GNAI1"
"M7"	"BioGrid_Fly"	"GPD1"
"M7"	"BioGrid_Fly"	"MAEL"
"M7"	"BioGrid_Fly"	"TPPP"
"M7"	"VidalHuman_core"	"EPB41L3"
"M7"	"VidalHuman_core"	"HSPA2"
"M7"	"VidalHuman_core"	"CDK18"
"M7"	"VidalHuman_core"	"DYNC1I1"
"M7"	"VidalHuman_core"	"S100A1"
"M7"	"VidalHuman_core"	"ASPA"
"M7"	"BIND_Fly"	"TPPP"
"M7"	"FlyLow"	"TPPP"
"M7"	"MINT_Fly"	"MAEL"
"M7"	"MINT_Fly"	"TPPP"
"M7"	"BCI"	"EPB41L3"
"M7"	"BCI"	"ADAM19"
"M7"	"BCI"	"CNTN2"
"M7"	"BCI"	"PTGDS"
"M7"	"BCI"	"APOD"
"M7"	"BCI"	"TF"
"M7"	"BCI"	"RASGRF1"
"M7"	"BCI"	"GPD1"
"M7"	"BCI"	"CDK18"
"M7"	"BCI"	"DYNC1I1"
"M7"	"BCI"	"MAG"
"M7"	"BCI"	"MOG"
"M7"	"BCI"	"MYLK"
"M7"	"BCI"	"GJB1"
"M7"	"BCI"	"HOXB7"
"M7"	"BCI"	"GAS1"
"M7"	"INNATEDB"	"NDN"
"M7"	"INNATEDB"	"APOD"
"M7"	"INNATEDB"	"TF"
"M7"	"INNATEDB"	"DYNC1I1"
"M7"	"INNATEDB"	"MBP"
"M7"	"INNATEDB"	"PPP1R14A"
"M7"	"INNATEDB"	"MYLK"
"M7"	"INNATEDB"	"MAL"
"M7"	"INNATEDB"	"FOLH1"
"M7"	"INNATEDB"	"ZNF536"
"M7"	"INNATEDB"	"PADI2"
"M7"	"INNATEDB"	"ADAMTS9"
"M7"	"MINT_Mouse"	"NDN"
"M7"	"MINT_Mouse"	"HSPA2"
"M7"	"MINT_Mouse"	"RASGRF1"
"M7"	"MINT_Mouse"	"DYNC1I1"
"M7"	"MINT_Mouse"	"MAG"
"M7"	"MINT_Mouse"	"GJC2"
"M7"	"VidalHuman_non_core"	"PTGDS"
"M7"	"VidalHuman_non_core"	"CDK18"
"M7"	"VidalHuman_non_core"	"S100A1"
"M7"	"INNATEDB_Mouse"	"PTGDS"
"M7"	"INNATEDB_Mouse"	"MAG"
"M7"	"INNATEDB_Mouse"	"CTNNA3"
"M7"	"IntAct_Rat"	"GRM3"
"M7"	"IntAct_Rat"	"HSPA2"
"M7"	"IntAct_Rat"	"SRCIN1"
"M7"	"BIND_Rat"	"NDN"
"M7"	"BIND_Rat"	"DYNC1I1"
"M7"	"BIND_Rat"	"BOK"
"M7"	"StelzlHigh"	"GPD1"
"M7"	"DIP_Rat"	"CADPS"
"M7"	"DIP_Rat"	"MAL"
"M7"	"DIP_Rat"	"ASPA"
"M7"	"StelzlMedium"	"PLPP2"
"M7"	"IntAct_Worm"	"GPD1"
"M7"	"IntAct_Worm"	"VAV3"
"M7"	"MGI"	"NDN"
"M7"	"MGI"	"WNT7B"
"M7"	"MGI"	"DYNC1I1"
"M7"	"MGI"	"MAG"
"M7"	"MGI"	"GAS1"
"M7"	"Fawcett_polarity"	"HSPA2"
"M7"	"DIP_Mouse"	"HCN2"
"M7"	"DIP_Mouse"	"DYNC1I1"
"M7"	"StelzlLow"	"EPB41L3"
"M7"	"StelzlLow"	"CADPS"
"M7"	"MINT_Yeast"	"FA2H"
"M7"	"Tarassov_PCA"	"FA2H"
"M8"	"MINT_Mouse"	"RAB3A"
"M8"	"MINT_Mouse"	"CAMK2A"
"M8"	"MINT_Mouse"	"GRIN1"
"M8"	"MINT_Mouse"	"CAMK2B"
"M8"	"MINT_Mouse"	"SYN1"
"M8"	"MINT_Mouse"	"SYT1"
"M8"	"MINT_Mouse"	"SNCA"
"M8"	"MINT_Mouse"	"SNAP25"
"M8"	"MINT_Mouse"	"SYP"
"M8"	"BioGrid_Mouse"	"RAB3A"
"M8"	"BioGrid_Mouse"	"CAMK2A"
"M8"	"BioGrid_Mouse"	"GRIN1"
"M8"	"BioGrid_Mouse"	"CHD5"
"M8"	"BioGrid_Mouse"	"SYN1"
"M8"	"BioGrid_Mouse"	"DNM1"
"M8"	"BioGrid_Mouse"	"GRIN2A"
"M8"	"BioGrid_Mouse"	"PHYHIP"
"M8"	"BioGrid_Mouse"	"HLF"
"M8"	"BioGrid_Mouse"	"NEURL1"
"M8"	"BioGrid_Mouse"	"SNCA"
"M8"	"BioGrid_Mouse"	"SNAP25"
"M8"	"BioGrid_Mouse"	"SYP"
"M8"	"BioGrid_Mouse"	"NEFL"
"M8"	"BioGrid_Mouse"	"PRDM8"
"M8"	"BioGrid_Mouse"	"NEFH"
"M8"	"BioGrid_Mouse"	"NAP1L2"
"M8"	"BioGrid_Mouse"	"SLC1A2"
"M8"	"BioGrid_Mouse"	"PCLO"
"M8"	"HPRD"	"RAB3A"
"M8"	"HPRD"	"CAMK2A"
"M8"	"HPRD"	"GRIN1"
"M8"	"HPRD"	"LRRC7"
"M8"	"HPRD"	"CAMK2B"
"M8"	"HPRD"	"SYN1"
"M8"	"HPRD"	"DNM1"
"M8"	"HPRD"	"DOC2A"
"M8"	"HPRD"	"GRIN2A"
"M8"	"HPRD"	"GDA"
"M8"	"HPRD"	"PACSIN1"
"M8"	"HPRD"	"CPLX1"
"M8"	"HPRD"	"PHYHIP"
"M8"	"HPRD"	"HLF"
"M8"	"HPRD"	"SYT5"
"M8"	"HPRD"	"PRKCB"
"M8"	"HPRD"	"SYT1"
"M8"	"HPRD"	"NELL2"
"M8"	"HPRD"	"RTN1"
"M8"	"HPRD"	"PTPRN"
"M8"	"HPRD"	"SNCA"
"M8"	"HPRD"	"KCNJ4"
"M8"	"HPRD"	"SNAP25"
"M8"	"HPRD"	"PSD"
"M8"	"HPRD"	"GNG3"
"M8"	"HPRD"	"CNTNAP2"
"M8"	"HPRD"	"NRXN3"
"M8"	"HPRD"	"SYP"
"M8"	"HPRD"	"PTPN5"
"M8"	"HPRD"	"GABRD"
"M8"	"HPRD"	"TPD52L1"
"M8"	"HPRD"	"SYT7"
"M8"	"HPRD"	"NGEF"
"M8"	"HPRD"	"TUBA4A"
"M8"	"HPRD"	"NPTX1"
"M8"	"HPRD"	"NEFL"
"M8"	"HPRD"	"SNCG"
"M8"	"HPRD"	"AK5"
"M8"	"HPRD"	"CHGA"
"M8"	"HPRD"	"SERPINI1"
"M8"	"HPRD"	"FGF13"
"M8"	"HPRD"	"CAMK4"
"M8"	"HPRD"	"RGS4"
"M8"	"HPRD"	"SNCB"
"M8"	"HPRD"	"CPLX2"
"M8"	"HPRD"	"NRGN"
"M8"	"HPRD"	"RTN4R"
"M8"	"HPRD"	"DDN"
"M8"	"HPRD"	"ICAM5"
"M8"	"HPRD"	"SV2B"
"M8"	"HPRD"	"LY6H"
"M8"	"HPRD"	"SLC1A2"
"M8"	"HPRD"	"VSNL1"
"M8"	"HPRD"	"ARHGAP44"
"M8"	"HPRD"	"ARHGDIG"
"M8"	"HPRD"	"PCLO"
"M8"	"HPRD"	"NRG3"
"M8"	"HPRD"	"SYT13"
"M8"	"HPRD"	"SLC17A7"
"M8"	"HPRD"	"KIRREL3"
"M8"	"BioGrid"	"RAB3A"
"M8"	"BioGrid"	"CAMK2A"
"M8"	"BioGrid"	"GRIN1"
"M8"	"BioGrid"	"LRRC7"
"M8"	"BioGrid"	"CAMK2B"
"M8"	"BioGrid"	"SYN1"
"M8"	"BioGrid"	"DNM1"
"M8"	"BioGrid"	"DOC2A"
"M8"	"BioGrid"	"GRIN2A"
"M8"	"BioGrid"	"GDA"
"M8"	"BioGrid"	"PACSIN1"
"M8"	"BioGrid"	"CPLX1"
"M8"	"BioGrid"	"PHYHIP"
"M8"	"BioGrid"	"HLF"
"M8"	"BioGrid"	"SYT5"
"M8"	"BioGrid"	"PRKCB"
"M8"	"BioGrid"	"NEURL1"
"M8"	"BioGrid"	"SYT1"
"M8"	"BioGrid"	"RTN1"
"M8"	"BioGrid"	"PTPRN"
"M8"	"BioGrid"	"SNCA"
"M8"	"BioGrid"	"NEGR1"
"M8"	"BioGrid"	"KCNJ4"
"M8"	"BioGrid"	"SNAP25"
"M8"	"BioGrid"	"PSD"
"M8"	"BioGrid"	"GNG3"
"M8"	"BioGrid"	"CNTNAP2"
"M8"	"BioGrid"	"NRXN3"
"M8"	"BioGrid"	"SYP"
"M8"	"BioGrid"	"SYN2"
"M8"	"BioGrid"	"PTPN5"
"M8"	"BioGrid"	"GABRD"
"M8"	"BioGrid"	"TPD52L1"
"M8"	"BioGrid"	"BRINP1"
"M8"	"BioGrid"	"SYT7"
"M8"	"BioGrid"	"NGEF"
"M8"	"BioGrid"	"TUBA4A"
"M8"	"BioGrid"	"NPTX1"
"M8"	"BioGrid"	"NEFL"
"M8"	"BioGrid"	"SNCG"
"M8"	"BioGrid"	"PPP2R2C"
"M8"	"BioGrid"	"DOK6"
"M8"	"BioGrid"	"CAMK4"
"M8"	"BioGrid"	"RGS4"
"M8"	"BioGrid"	"SNCB"
"M8"	"BioGrid"	"CPLX2"
"M8"	"BioGrid"	"CELF4"
"M8"	"BioGrid"	"NRGN"
"M8"	"BioGrid"	"NEFH"
"M8"	"BioGrid"	"NAP1L2"
"M8"	"BioGrid"	"RTN4R"
"M8"	"BioGrid"	"EPHB6"
"M8"	"BioGrid"	"DDN"
"M8"	"BioGrid"	"SV2B"
"M8"	"BioGrid"	"SLC1A2"
"M8"	"BioGrid"	"OGDHL"
"M8"	"BioGrid"	"MAGEE1"
"M8"	"BioGrid"	"VSNL1"
"M8"	"BioGrid"	"ARHGAP44"
"M8"	"BioGrid"	"ARHGDIG"
"M8"	"BioGrid"	"HPCA"
"M8"	"BioGrid"	"HPCAL4"
"M8"	"BioGrid"	"BEX5"
"M8"	"BioGrid"	"SYT13"
"M8"	"BioGrid"	"NRIP3"
"M8"	"IntAct_Fly"	"CHD5"
"M8"	"IntAct_Fly"	"GDA"
"M8"	"IntAct_Fly"	"NEGR1"
"M8"	"IntAct_Fly"	"SNAP25"
"M8"	"IntAct_Fly"	"CNTNAP2"
"M8"	"BIND_Rat"	"CAMK2A"
"M8"	"BIND_Rat"	"GRIN1"
"M8"	"BIND_Rat"	"SYN1"
"M8"	"BIND_Rat"	"DNM1"
"M8"	"BIND_Rat"	"DOC2A"
"M8"	"BIND_Rat"	"DOC2B"
"M8"	"BIND_Rat"	"GRIN2A"
"M8"	"BIND_Rat"	"PACSIN1"
"M8"	"BIND_Rat"	"PRKCB"
"M8"	"BIND_Rat"	"SYT1"
"M8"	"BIND_Rat"	"SNCA"
"M8"	"BIND_Rat"	"KCNJ4"
"M8"	"BIND_Rat"	"SNAP25"
"M8"	"BIND_Rat"	"SYP"
"M8"	"BIND_Rat"	"SYN2"
"M8"	"BIND_Rat"	"PTPN5"
"M8"	"BIND_Rat"	"RGS4"
"M8"	"BIND_Rat"	"SLC12A5"
"M8"	"BIND_Rat"	"HPCA"
"M8"	"SOURAV_MAPK_LOW"	"PACSIN1"
"M8"	"SOURAV_MAPK_LOW"	"PRKCB"
"M8"	"IntAct"	"RAB3A"
"M8"	"IntAct"	"CAMK2A"
"M8"	"IntAct"	"GRIN1"
"M8"	"IntAct"	"LRRC7"
"M8"	"IntAct"	"CAMK2B"
"M8"	"IntAct"	"CHD5"
"M8"	"IntAct"	"SYN1"
"M8"	"IntAct"	"DNM1"
"M8"	"IntAct"	"GRIN2A"
"M8"	"IntAct"	"GDA"
"M8"	"IntAct"	"PACSIN1"
"M8"	"IntAct"	"CPLX1"
"M8"	"IntAct"	"PHYHIP"
"M8"	"IntAct"	"SYT5"
"M8"	"IntAct"	"PRKCB"
"M8"	"IntAct"	"NEURL1"
"M8"	"IntAct"	"SYT1"
"M8"	"IntAct"	"NELL2"
"M8"	"IntAct"	"PTPRN"
"M8"	"IntAct"	"SNCA"
"M8"	"IntAct"	"NEGR1"
"M8"	"IntAct"	"KCNJ4"
"M8"	"IntAct"	"SNAP25"
"M8"	"IntAct"	"PSD"
"M8"	"IntAct"	"CNTNAP2"
"M8"	"IntAct"	"PTPN5"
"M8"	"IntAct"	"GABRD"
"M8"	"IntAct"	"TPD52L1"
"M8"	"IntAct"	"BRINP1"
"M8"	"IntAct"	"SYT7"
"M8"	"IntAct"	"NGEF"
"M8"	"IntAct"	"TUBA4A"
"M8"	"IntAct"	"NEFL"
"M8"	"IntAct"	"SNCG"
"M8"	"IntAct"	"AK5"
"M8"	"IntAct"	"CHGA"
"M8"	"IntAct"	"PPP2R2C"
"M8"	"IntAct"	"DOK6"
"M8"	"IntAct"	"SLC4A10"
"M8"	"IntAct"	"FGF13"
"M8"	"IntAct"	"CAMK4"
"M8"	"IntAct"	"SNCB"
"M8"	"IntAct"	"CPLX2"
"M8"	"IntAct"	"EPHB6"
"M8"	"IntAct"	"DDN"
"M8"	"IntAct"	"LY6H"
"M8"	"IntAct"	"SLC1A2"
"M8"	"IntAct"	"MAGEE1"
"M8"	"IntAct"	"VSNL1"
"M8"	"IntAct"	"VSTM2L"
"M8"	"IntAct"	"ARHGAP44"
"M8"	"IntAct"	"HPCAL4"
"M8"	"IntAct"	"BEX5"
"M8"	"IntAct"	"SULT4A1"
"M8"	"IntAct"	"RAP1GAP2"
"M8"	"IntAct_Mouse"	"CAMK2A"
"M8"	"IntAct_Mouse"	"GRIN1"
"M8"	"IntAct_Mouse"	"CAMK2B"
"M8"	"IntAct_Mouse"	"SYN1"
"M8"	"IntAct_Mouse"	"DNM1"
"M8"	"IntAct_Mouse"	"GRIN2A"
"M8"	"IntAct_Mouse"	"PACSIN1"
"M8"	"IntAct_Mouse"	"HLF"
"M8"	"IntAct_Mouse"	"SYT5"
"M8"	"IntAct_Mouse"	"PRKCB"
"M8"	"IntAct_Mouse"	"NEURL1"
"M8"	"IntAct_Mouse"	"SYT1"
"M8"	"IntAct_Mouse"	"SNCA"
"M8"	"IntAct_Mouse"	"SNAP25"
"M8"	"IntAct_Mouse"	"SYP"
"M8"	"IntAct_Mouse"	"SYT7"
"M8"	"IntAct_Mouse"	"NGEF"
"M8"	"IntAct_Mouse"	"CHGA"
"M8"	"IntAct_Mouse"	"RTN4R"
"M8"	"BCI"	"GRIN1"
"M8"	"BCI"	"CAMK2B"
"M8"	"BCI"	"SYN1"
"M8"	"BCI"	"DNM1"
"M8"	"BCI"	"GRIN2A"
"M8"	"BCI"	"PRKCB"
"M8"	"BCI"	"PTPRN"
"M8"	"BCI"	"KCNJ4"
"M8"	"BCI"	"TUBA4A"
"M8"	"BCI"	"SERPINI1"
"M8"	"BCI"	"CAMK4"
"M8"	"BCI"	"NRGN"
"M8"	"BCI"	"EPHB6"
"M8"	"BioGrid_Fly"	"CHD5"
"M8"	"BioGrid_Fly"	"DNM1"
"M8"	"BioGrid_Fly"	"HLF"
"M8"	"BioGrid_Fly"	"NEGR1"
"M8"	"BioGrid_Fly"	"SNAP25"
"M8"	"BioGrid_Fly"	"CNTNAP2"
"M8"	"BioGrid_Fly"	"GOLGA7B"
"M8"	"BIND_Fly"	"CHD5"
"M8"	"BIND_Fly"	"NEGR1"
"M8"	"BIND_Fly"	"CNTNAP2"
"M8"	"FlyHigh"	"GDA"
"M8"	"FlyHigh"	"NEGR1"
"M8"	"StelzlMedium"	"SYN1"
"M8"	"StelzlMedium"	"PACSIN1"
"M8"	"StelzlMedium"	"PHYHIP"
"M8"	"StelzlMedium"	"TPD52L1"
"M8"	"DIP"	"CAMK2A"
"M8"	"DIP"	"CAMK2B"
"M8"	"DIP"	"DNM1"
"M8"	"DIP"	"GRIN2A"
"M8"	"DIP"	"PRKCB"
"M8"	"DIP"	"SNCA"
"M8"	"DIP"	"SNAP25"
"M8"	"DIP"	"RGS4"
"M8"	"BioGrid_Rat"	"CAMK2A"
"M8"	"BioGrid_Rat"	"GRIN1"
"M8"	"BioGrid_Rat"	"LRRC7"
"M8"	"BioGrid_Rat"	"CAMK2B"
"M8"	"BioGrid_Rat"	"GRIN2A"
"M8"	"BioGrid_Rat"	"PRKCB"
"M8"	"BioGrid_Rat"	"SNCA"
"M8"	"BioGrid_Rat"	"SNAP25"
"M8"	"BioGrid_Rat"	"SYP"
"M8"	"BioGrid_Rat"	"PTPN5"
"M8"	"BioGrid_Rat"	"NEFL"
"M8"	"DIP_Mouse"	"RAB3A"
"M8"	"DIP_Mouse"	"GRIN1"
"M8"	"DIP_Mouse"	"CAMK2B"
"M8"	"DIP_Mouse"	"GRIN2A"
"M8"	"DIP_Mouse"	"PACSIN1"
"M8"	"DIP_Mouse"	"SNAP25"
"M8"	"DIP_Rat"	"CAMK2A"
"M8"	"DIP_Rat"	"GRIN1"
"M8"	"DIP_Rat"	"DNM1"
"M8"	"DIP_Rat"	"CPLX1"
"M8"	"DIP_Rat"	"SYT1"
"M8"	"DIP_Rat"	"SNAP25"
"M8"	"DIP_Rat"	"NEFL"
"M8"	"DIP_Rat"	"RGS4"
"M8"	"DIP_Rat"	"CPLX2"
"M8"	"VidalHuman_non_core"	"GABRD"
"M8"	"VidalHuman_non_core"	"LY6H"
"M8"	"VidalHuman_non_core"	"HPCAL4"
"M8"	"DIP_Fly"	"NEGR1"
"M8"	"INNATEDB"	"CAMK2A"
"M8"	"INNATEDB"	"CAMK2B"
"M8"	"INNATEDB"	"PRKCB"
"M8"	"INNATEDB"	"SNCA"
"M8"	"INNATEDB"	"KCNJ4"
"M8"	"INNATEDB"	"TPD52L1"
"M8"	"INNATEDB"	"NEFL"
"M8"	"INNATEDB"	"PRDM8"
"M8"	"INNATEDB"	"SNCB"
"M8"	"INNATEDB"	"OGDHL"
"M8"	"BIND"	"CAMK2A"
"M8"	"BIND"	"GRIN1"
"M8"	"BIND"	"LRRC7"
"M8"	"BIND"	"CAMK2B"
"M8"	"BIND"	"HLF"
"M8"	"BIND"	"RTN1"
"M8"	"BIND"	"SNCA"
"M8"	"BIND"	"TPD52L1"
"M8"	"BIND"	"NEFL"
"M8"	"BIND"	"CAMK4"
"M8"	"BIND"	"EPHB6"
"M8"	"BIND"	"SLC1A2"
"M8"	"IntAct_Rat"	"RAB3A"
"M8"	"IntAct_Rat"	"CAMK2A"
"M8"	"IntAct_Rat"	"GRIN1"
"M8"	"IntAct_Rat"	"LRRC7"
"M8"	"IntAct_Rat"	"CAMK2B"
"M8"	"IntAct_Rat"	"SYN1"
"M8"	"IntAct_Rat"	"DNM1"
"M8"	"IntAct_Rat"	"GRIN2A"
"M8"	"IntAct_Rat"	"CPLX1"
"M8"	"IntAct_Rat"	"SYT1"
"M8"	"IntAct_Rat"	"SNAP25"
"M8"	"IntAct_Rat"	"SYP"
"M8"	"IntAct_Rat"	"PTPN5"
"M8"	"IntAct_Rat"	"RGS4"
"M8"	"IntAct_Rat"	"RTN4R"
"M8"	"IntAct_Rat"	"DDN"
"M8"	"IntAct_Rat"	"PCLO"
"M8"	"INNATEDB_Mouse"	"CAMK2A"
"M8"	"INNATEDB_Mouse"	"GRIN1"
"M8"	"INNATEDB_Mouse"	"GRIN2A"
"M8"	"INNATEDB_Mouse"	"GDA"
"M8"	"INNATEDB_Mouse"	"PRKCB"
"M8"	"INNATEDB_Mouse"	"KCNJ4"
"M8"	"INNATEDB_Mouse"	"SYP"
"M8"	"INNATEDB_Mouse"	"CAMK4"
"M8"	"INNATEDB_Mouse"	"RTN4R"
"M8"	"INNATEDB_Mouse"	"CREG2"
"M8"	"SOURAV_MAPK_HIGH"	"PACSIN1"
"M8"	"MINT"	"RAB3A"
"M8"	"MINT"	"CAMK2A"
"M8"	"MINT"	"LRRC7"
"M8"	"MINT"	"SYN1"
"M8"	"MINT"	"DNM1"
"M8"	"MINT"	"GRIN2A"
"M8"	"MINT"	"SYT1"
"M8"	"MINT"	"RTN1"
"M8"	"MINT"	"PTPRN"
"M8"	"MINT"	"SNCA"
"M8"	"MINT"	"KCNJ4"
"M8"	"MINT"	"SNAP25"
"M8"	"MINT"	"PSD"
"M8"	"MINT"	"GABRD"
"M8"	"MINT"	"TPD52L1"
"M8"	"MINT"	"NEFL"
"M8"	"MINT"	"DOK6"
"M8"	"MINT"	"SNCB"
"M8"	"MINT"	"EPHB6"
"M8"	"MINT"	"DDN"
"M8"	"MINT"	"VSNL1"
"M8"	"MINT"	"HPCAL4"
"M8"	"StelzlHigh"	"SNAP25"
"M8"	"VidalHuman_core"	"RTN1"
"M8"	"VidalHuman_core"	"SNAP25"
"M8"	"VidalHuman_core"	"GABRD"
"M8"	"MINT_Rat"	"CAMK2A"
"M8"	"MINT_Rat"	"GRIN1"
"M8"	"MINT_Rat"	"LRRC7"
"M8"	"MINT_Rat"	"SYN1"
"M8"	"MINT_Rat"	"DNM1"
"M8"	"MINT_Rat"	"GRIN2A"
"M8"	"MINT_Rat"	"SYT1"
"M8"	"MINT_Rat"	"SNAP25"
"M8"	"MINT_Rat"	"SYP"
"M8"	"MINT_Rat"	"PTPN5"
"M8"	"MINT_Rat"	"DDN"
"M8"	"BioGrid_Yeast"	"GDA"
"M8"	"StelzlLow"	"PHYHIP"
"M8"	"BIND_Mouse"	"CAMK2A"
"M8"	"BIND_Mouse"	"PACSIN1"
"M8"	"BIND_Mouse"	"SNAP25"
"M8"	"BIND_Mouse"	"GNG3"
"M8"	"BIND_Mouse"	"SERPINI1"
"M8"	"MGI"	"RAB3A"
"M8"	"MGI"	"DNM1"
"M8"	"MGI"	"GRIN2A"
"M8"	"MGI"	"PACSIN1"
"M8"	"MGI"	"PRKCB"
"M8"	"MGI"	"NEFL"
"M8"	"MGI"	"ICAM5"
"M8"	"IntAct_Worm"	"DNM1"
"M8"	"BioGrid_Worm"	"DNM1"
"M8"	"Fawcett_polarity_Rat"	"DNM1"
"M8"	"Fawcett_polarity_Rat"	"PCLO"
"M8"	"FlyEmbryo"	"CNTNAP2"
"M8"	"KIM_MYC"	"TUBA4A"
"M8"	"FlyLow"	"CHD5"
"M9"	"IntAct"	"VCAM1"
"M9"	"IntAct"	"ISG15"
"M9"	"IntAct"	"OAS1"
"M9"	"IntAct"	"IFIT3"
"M9"	"IntAct"	"IFIT1"
"M9"	"IntAct"	"OAS3"
"M9"	"IntAct"	"BATF2"
"M9"	"IntAct"	"MX1"
"M9"	"IntAct"	"MX2"
"M9"	"IntAct"	"IFITM1"
"M9"	"IntAct"	"APOL1"
"M9"	"IntAct"	"CXCL10"
"M9"	"IntAct"	"BST2"
"M9"	"IntAct"	"EPSTI1"
"M9"	"IntAct"	"GBP1"
"M9"	"IntAct"	"OAS2"
"M9"	"IntAct"	"HERC6"
"M9"	"IntAct"	"CXCL11"
"M9"	"IntAct"	"CXCL9"
"M9"	"IntAct"	"IFI27"
"M9"	"IntAct"	"MAGEL2"
"M9"	"IntAct"	"SAMD9L"
"M9"	"IntAct"	"OASL"
"M9"	"IntAct"	"GBP5"
"M9"	"BioGrid"	"VCAM1"
"M9"	"BioGrid"	"ISG15"
"M9"	"BioGrid"	"OAS1"
"M9"	"BioGrid"	"IFIT3"
"M9"	"BioGrid"	"IFIT1"
"M9"	"BioGrid"	"OAS3"
"M9"	"BioGrid"	"RARRES3"
"M9"	"BioGrid"	"BATF2"
"M9"	"BioGrid"	"MX1"
"M9"	"BioGrid"	"MX2"
"M9"	"BioGrid"	"APOL1"
"M9"	"BioGrid"	"BST2"
"M9"	"BioGrid"	"GBP1"
"M9"	"BioGrid"	"IFI6"
"M9"	"BioGrid"	"OAS2"
"M9"	"BioGrid"	"XAF1"
"M9"	"BioGrid"	"HERC6"
"M9"	"BioGrid"	"CXCL11"
"M9"	"BioGrid"	"CXCL9"
"M9"	"BioGrid"	"IFI27"
"M9"	"BioGrid"	"OASL"
"M9"	"BioGrid"	"GBP5"
"M9"	"INNATEDB"	"VCAM1"
"M9"	"INNATEDB"	"ISG15"
"M9"	"INNATEDB"	"OAS1"
"M9"	"INNATEDB"	"IFIT3"
"M9"	"INNATEDB"	"IFIT1"
"M9"	"INNATEDB"	"OAS3"
"M9"	"INNATEDB"	"CARD16"
"M9"	"INNATEDB"	"RSAD2"
"M9"	"INNATEDB"	"RARRES3"
"M9"	"INNATEDB"	"BATF2"
"M9"	"INNATEDB"	"MX1"
"M9"	"INNATEDB"	"IFITM1"
"M9"	"INNATEDB"	"CXCL10"
"M9"	"INNATEDB"	"EPSTI1"
"M9"	"INNATEDB"	"GBP1"
"M9"	"INNATEDB"	"IFI6"
"M9"	"INNATEDB"	"OAS2"
"M9"	"INNATEDB"	"XAF1"
"M9"	"INNATEDB"	"HERC6"
"M9"	"INNATEDB"	"CXCL11"
"M9"	"INNATEDB"	"PDCD1LG2"
"M9"	"INNATEDB"	"CXCL9"
"M9"	"INNATEDB"	"RTP4"
"M9"	"HPRD"	"VCAM1"
"M9"	"HPRD"	"ISG15"
"M9"	"HPRD"	"IFIT3"
"M9"	"HPRD"	"IFIT1"
"M9"	"HPRD"	"CARD16"
"M9"	"HPRD"	"RARRES3"
"M9"	"HPRD"	"MX1"
"M9"	"HPRD"	"MX2"
"M9"	"HPRD"	"IFITM1"
"M9"	"HPRD"	"APOL1"
"M9"	"HPRD"	"CXCL10"
"M9"	"HPRD"	"GBP1"
"M9"	"HPRD"	"IFI6"
"M9"	"HPRD"	"XAF1"
"M9"	"HPRD"	"HERC6"
"M9"	"HPRD"	"CXCL11"
"M9"	"HPRD"	"CXCL9"
"M9"	"HPRD"	"IFI27"
"M9"	"HPRD"	"OASL"
"M9"	"HPRD"	"GBP5"
"M9"	"MINT"	"ISG15"
"M9"	"MINT"	"IFIT3"
"M9"	"MINT"	"GBP1"
"M9"	"VidalHuman_core"	"ISG15"
"M9"	"VidalHuman_core"	"IFIT3"
"M9"	"VidalHuman_core"	"IFIT1"
"M9"	"INNATEDB_Mouse"	"ISG15"
"M9"	"INNATEDB_Mouse"	"CMPK2"
"M9"	"INNATEDB_Mouse"	"RSAD2"
"M9"	"INNATEDB_Mouse"	"PDCD1LG2"
"M9"	"INNATEDB_Mouse"	"SIGLEC1"
"M9"	"INNATEDB_Mouse"	"RTP4"
"M9"	"BioGrid_Mouse"	"ISG15"
"M9"	"BioGrid_Mouse"	"RSAD2"
"M9"	"BIND"	"VCAM1"
"M9"	"BIND"	"MX1"
"M9"	"BIND"	"CXCL10"
"M9"	"BCI"	"VCAM1"
"M9"	"BCI"	"IFIT1"
"M9"	"BCI"	"MX1"
"M9"	"DIP"	"ISG15"
"M9"	"DIP"	"IFIT1"
"M9"	"DIP"	"MX1"
"M9"	"DIP"	"CXCL10"
"M9"	"DIP"	"BST2"
"M9"	"DIP"	"GBP1"
"M9"	"DIP"	"CXCL11"
"M9"	"DIP"	"CXCL9"
"M9"	"DIP_Mouse"	"VCAM1"
"M9"	"VidalHuman_non_core"	"IFIT3"
"M9"	"VidalHuman_non_core"	"IFIT1"
"M9"	"IntAct_Mouse"	"ISG15"
"Not.Correlated"	"BioGrid"	"CCDC8"
"Not.Correlated"	"BioGrid"	"MEGF10"
"Not.Correlated"	"BioGrid"	"EGFR"
"Not.Correlated"	"BioGrid"	"NIPSNAP2"
"Not.Correlated"	"BioGrid"	"CREB3L1"
"Not.Correlated"	"BioGrid"	"DDIT3"
"Not.Correlated"	"BioGrid"	"GULP1"
"Not.Correlated"	"BioGrid"	"PLEKHA5"
"Not.Correlated"	"BioGrid"	"NOS2"
"Not.Correlated"	"BioGrid"	"AR"
"Not.Correlated"	"BioGrid"	"TNFAIP6"
"Not.Correlated"	"BioGrid"	"MDM2"
"Not.Correlated"	"BioGrid"	"RET"
"Not.Correlated"	"BioGrid"	"F2RL1"
"Not.Correlated"	"BioGrid"	"TSHZ2"
"Not.Correlated"	"BioGrid"	"ZBTB16"
"Not.Correlated"	"BioGrid"	"FLNC"
"Not.Correlated"	"BioGrid"	"BMP2"
"Not.Correlated"	"BioGrid"	"CDKN2A"
"Not.Correlated"	"BioGrid"	"BEGAIN"
"Not.Correlated"	"BioGrid"	"GLI3"
"Not.Correlated"	"BioGrid"	"DES"
"Not.Correlated"	"BioGrid"	"CDK6"
"Not.Correlated"	"BioGrid"	"NGFR"
"Not.Correlated"	"BioGrid"	"CCT6A"
"Not.Correlated"	"BioGrid"	"TGFA"
"Not.Correlated"	"BioGrid"	"GRIK1"
"Not.Correlated"	"BioGrid"	"GRIA1"
"Not.Correlated"	"BioGrid"	"EEF1AKMT3"
"Not.Correlated"	"BioGrid"	"RORB"
"Not.Correlated"	"BioGrid"	"SOCS2"
"Not.Correlated"	"BioGrid"	"TFR2"
"Not.Correlated"	"BioGrid"	"HAP1"
"Not.Correlated"	"BioGrid"	"PITX1"
"Not.Correlated"	"BioGrid"	"ALK"
"Not.Correlated"	"BioGrid"	"CYB5R2"
"Not.Correlated"	"BioGrid"	"THNSL2"
"Not.Correlated"	"BioGrid"	"EPHA3"
"Not.Correlated"	"BioGrid"	"TRIB3"
"Not.Correlated"	"BioGrid"	"FGFR3"
"Not.Correlated"	"BioGrid"	"MEIS2"
"Not.Correlated"	"BioGrid"	"NMB"
"Not.Correlated"	"BioGrid"	"RGS6"
"Not.Correlated"	"BioGrid"	"HS3ST1"
"Not.Correlated"	"BioGrid"	"MYH11"
"Not.Correlated"	"BioGrid"	"SLN"
"Not.Correlated"	"BioGrid"	"LPAR1"
"Not.Correlated"	"BioGrid"	"MYH14"
"Not.Correlated"	"BioGrid"	"CA8"
"Not.Correlated"	"BioGrid"	"METTL1"
"Not.Correlated"	"BioGrid"	"HOXA3"
"Not.Correlated"	"BioGrid"	"CDKN2B"
"Not.Correlated"	"BioGrid"	"MYO5B"
"Not.Correlated"	"BioGrid"	"RGS20"
"Not.Correlated"	"BioGrid"	"PAWR"
"Not.Correlated"	"BioGrid"	"DACH1"
"Not.Correlated"	"BioGrid"	"BATF3"
"Not.Correlated"	"BioGrid"	"PEG10"
"Not.Correlated"	"BioGrid"	"MTAP"
"Not.Correlated"	"BioGrid"	"NKX2-5"
"Not.Correlated"	"BioGrid"	"FOXG1"
"Not.Correlated"	"BioGrid"	"OTX1"
"Not.Correlated"	"BioGrid"	"TBX15"
"Not.Correlated"	"BioGrid"	"REC8"
"Not.Correlated"	"BioGrid"	"HSF4"
"Not.Correlated"	"BioGrid"	"HOXD9"
"Not.Correlated"	"BioGrid"	"SFRP1"
"Not.Correlated"	"BioGrid"	"ALDH1A1"
"Not.Correlated"	"BioGrid"	"MEST"
"Not.Correlated"	"BioGrid"	"GAS7"
"Not.Correlated"	"BioGrid"	"GCK"
"Not.Correlated"	"BioGrid"	"CALCRL"
"Not.Correlated"	"BioGrid"	"ETNK2"
"Not.Correlated"	"BioGrid"	"PSPH"
"Not.Correlated"	"BioGrid"	"CPS1"
"Not.Correlated"	"BioGrid"	"LDLR"
"Not.Correlated"	"BioGrid"	"SLIT2"
"Not.Correlated"	"BioGrid"	"KCNF1"
"Not.Correlated"	"BioGrid"	"GTF2H2"
"Not.Correlated"	"BioGrid"	"FAM50B"
"Not.Correlated"	"BioGrid"	"CHRNA1"
"Not.Correlated"	"BioGrid"	"CAVIN2"
"Not.Correlated"	"BioGrid"	"FBXL2"
"Not.Correlated"	"BioGrid"	"EFNA5"
"Not.Correlated"	"BioGrid"	"HBB"
"Not.Correlated"	"BioGrid"	"IGF2"
"Not.Correlated"	"BioGrid"	"LAMA1"
"Not.Correlated"	"BioGrid"	"PDGFA"
"Not.Correlated"	"BioGrid"	"PDZD2"
"Not.Correlated"	"BioGrid"	"C4A"
"Not.Correlated"	"BioGrid"	"F12"
"Not.Correlated"	"BioGrid"	"TGFB2"
"Not.Correlated"	"BioGrid"	"NOV"
"Not.Correlated"	"BioGrid"	"SCG2"
"Not.Correlated"	"BioGrid"	"ANK1"
"Not.Correlated"	"BioGrid"	"EDA2R"
"Not.Correlated"	"BioGrid"	"RPE65"
"Not.Correlated"	"BioGrid"	"SVIP"
"Not.Correlated"	"BioGrid"	"FST"
"Not.Correlated"	"BioGrid"	"DHCR24"
"Not.Correlated"	"BioGrid"	"CITED1"
"Not.Correlated"	"BioGrid"	"CNR1"
"Not.Correlated"	"BioGrid"	"IGSF1"
"Not.Correlated"	"BioGrid"	"P2RX6"
"Not.Correlated"	"BioGrid"	"LPL"
"Not.Correlated"	"BioGrid"	"TFPI"
"Not.Correlated"	"BioGrid"	"HAPLN1"
"Not.Correlated"	"BioGrid"	"NNAT"
"Not.Correlated"	"BioGrid"	"PHYHD1"
"Not.Correlated"	"BioGrid"	"KCNIP4"
"Not.Correlated"	"BioGrid"	"SULF1"
"Not.Correlated"	"BioGrid"	"ZDHHC23"
"Not.Correlated"	"BioGrid"	"MRAP2"
"Not.Correlated"	"BioGrid"	"TOX2"
"Not.Correlated"	"BioGrid"	"LANCL2"
"Not.Correlated"	"BioGrid"	"KCNE5"
"Not.Correlated"	"BioGrid"	"PCDHGC5"
"Not.Correlated"	"BioGrid"	"EN1"
"Not.Correlated"	"BioGrid"	"CELSR1"
"Not.Correlated"	"BioGrid"	"FBXO27"
"Not.Correlated"	"BioGrid"	"GSTM1"
"Not.Correlated"	"BioGrid"	"ZNF423"
"Not.Correlated"	"BioGrid"	"USP9Y"
"Not.Correlated"	"BioGrid"	"EPHA5"
"Not.Correlated"	"BioGrid"	"DGAT2"
"Not.Correlated"	"BioGrid"	"CHCHD2"
"Not.Correlated"	"BioGrid"	"HOPX"
"Not.Correlated"	"BioGrid"	"ME1"
"Not.Correlated"	"BioGrid"	"NECTIN3"
"Not.Correlated"	"BioGrid"	"RRAD"
"Not.Correlated"	"BioGrid"	"TNXB"
"Not.Correlated"	"BioGrid"	"DPEP1"
"Not.Correlated"	"BioGrid"	"PRDM16"
"Not.Correlated"	"BioGrid"	"HOXA10"
"Not.Correlated"	"BioGrid"	"APOL4"
"Not.Correlated"	"BioGrid"	"PRPH"
"Not.Correlated"	"BioGrid"	"CCDC120"
"Not.Correlated"	"BioGrid"	"CDH4"
"Not.Correlated"	"BioGrid"	"POU3F4"
"Not.Correlated"	"BioGrid"	"CHRM3"
"Not.Correlated"	"BioGrid"	"TSFM"
"Not.Correlated"	"BioGrid"	"CRLF1"
"Not.Correlated"	"BioGrid"	"HOXC10"
"Not.Correlated"	"BioGrid"	"THEM4"
"Not.Correlated"	"BioGrid"	"UTY"
"Not.Correlated"	"BioGrid"	"STAC2"
"Not.Correlated"	"BioGrid"	"GFRA2"
"Not.Correlated"	"BioGrid"	"TRPM8"
"Not.Correlated"	"BioGrid"	"HOXA5"
"Not.Correlated"	"BioGrid"	"CXorf57"
"Not.Correlated"	"BioGrid"	"AKR1C3"
"Not.Correlated"	"BioGrid"	"GSTM5"
"Not.Correlated"	"BioGrid"	"KLHL9"
"Not.Correlated"	"BioGrid"	"SIMC1"
"Not.Correlated"	"BioGrid"	"DIO2"
"Not.Correlated"	"BioGrid"	"FRZB"
"Not.Correlated"	"BioGrid"	"FZD6"
"Not.Correlated"	"BioGrid"	"HIST3H2A"
"Not.Correlated"	"BioGrid"	"RNF175"
"Not.Correlated"	"BioGrid"	"PROM1"
"Not.Correlated"	"BioGrid"	"EN2"
"Not.Correlated"	"BioGrid"	"SHOX2"
"Not.Correlated"	"BioGrid"	"LRRC61"
"Not.Correlated"	"BioGrid"	"KDM5D"
"Not.Correlated"	"BioGrid"	"EMP2"
"Not.Correlated"	"BioGrid"	"TSPYL5"
"Not.Correlated"	"BioGrid"	"SSPO"
"Not.Correlated"	"BioGrid"	"ZFY"
"Not.Correlated"	"BioGrid"	"CACNA1G"
"Not.Correlated"	"BioGrid"	"SORCS1"
"Not.Correlated"	"BioGrid"	"TENM1"
"Not.Correlated"	"BioGrid"	"EXO5"
"Not.Correlated"	"BioGrid"	"NTNG1"
"Not.Correlated"	"BioGrid"	"LRRN2"
"Not.Correlated"	"BioGrid"	"LIPG"
"Not.Correlated"	"BioGrid"	"CPNE8"
"Not.Correlated"	"IntAct_Mouse"	"TFCP2L1"
"Not.Correlated"	"IntAct_Mouse"	"EGFR"
"Not.Correlated"	"IntAct_Mouse"	"MDM2"
"Not.Correlated"	"IntAct_Mouse"	"RET"
"Not.Correlated"	"IntAct_Mouse"	"DES"
"Not.Correlated"	"IntAct_Mouse"	"TGFA"
"Not.Correlated"	"IntAct_Mouse"	"GRIA1"
"Not.Correlated"	"IntAct_Mouse"	"TFR2"
"Not.Correlated"	"IntAct_Mouse"	"HAP1"
"Not.Correlated"	"IntAct_Mouse"	"DACH1"
"Not.Correlated"	"IntAct_Mouse"	"NKX2-5"
"Not.Correlated"	"IntAct_Mouse"	"REC8"
"Not.Correlated"	"IntAct_Mouse"	"CPS1"
"Not.Correlated"	"IntAct_Mouse"	"LDLR"
"Not.Correlated"	"IntAct_Mouse"	"EFNA5"
"Not.Correlated"	"IntAct_Mouse"	"LAMA1"
"Not.Correlated"	"IntAct_Mouse"	"LANCL2"
"Not.Correlated"	"IntAct_Mouse"	"KCNK2"
"Not.Correlated"	"HPRD"	"TFCP2L1"
"Not.Correlated"	"HPRD"	"MEGF10"
"Not.Correlated"	"HPRD"	"EGFR"
"Not.Correlated"	"HPRD"	"CREB3L1"
"Not.Correlated"	"HPRD"	"DDIT3"
"Not.Correlated"	"HPRD"	"SPON1"
"Not.Correlated"	"HPRD"	"GULP1"
"Not.Correlated"	"HPRD"	"PLEKHA5"
"Not.Correlated"	"HPRD"	"NOS2"
"Not.Correlated"	"HPRD"	"AR"
"Not.Correlated"	"HPRD"	"TNFAIP6"
"Not.Correlated"	"HPRD"	"MDM2"
"Not.Correlated"	"HPRD"	"RET"
"Not.Correlated"	"HPRD"	"F2RL1"
"Not.Correlated"	"HPRD"	"ZBTB16"
"Not.Correlated"	"HPRD"	"FLNC"
"Not.Correlated"	"HPRD"	"BMP2"
"Not.Correlated"	"HPRD"	"BEGAIN"
"Not.Correlated"	"HPRD"	"DES"
"Not.Correlated"	"HPRD"	"CDK6"
"Not.Correlated"	"HPRD"	"NGFR"
"Not.Correlated"	"HPRD"	"C1QTNF1"
"Not.Correlated"	"HPRD"	"TGFA"
"Not.Correlated"	"HPRD"	"GRIK1"
"Not.Correlated"	"HPRD"	"GRIA1"
"Not.Correlated"	"HPRD"	"RORB"
"Not.Correlated"	"HPRD"	"SOCS2"
"Not.Correlated"	"HPRD"	"TFR2"
"Not.Correlated"	"HPRD"	"TUSC3"
"Not.Correlated"	"HPRD"	"PITX1"
"Not.Correlated"	"HPRD"	"PRICKLE1"
"Not.Correlated"	"HPRD"	"ALK"
"Not.Correlated"	"HPRD"	"EPHA3"
"Not.Correlated"	"HPRD"	"TRIB3"
"Not.Correlated"	"HPRD"	"FGFR3"
"Not.Correlated"	"HPRD"	"NMB"
"Not.Correlated"	"HPRD"	"SEMA3A"
"Not.Correlated"	"HPRD"	"DDX3Y"
"Not.Correlated"	"HPRD"	"SLN"
"Not.Correlated"	"HPRD"	"LPAR1"
"Not.Correlated"	"HPRD"	"CA8"
"Not.Correlated"	"HPRD"	"METTL1"
"Not.Correlated"	"HPRD"	"CDKN2B"
"Not.Correlated"	"HPRD"	"MYO5B"
"Not.Correlated"	"HPRD"	"RGS20"
"Not.Correlated"	"HPRD"	"PAWR"
"Not.Correlated"	"HPRD"	"BATF3"
"Not.Correlated"	"HPRD"	"PEG10"
"Not.Correlated"	"HPRD"	"FOXG1"
"Not.Correlated"	"HPRD"	"OTX1"
"Not.Correlated"	"HPRD"	"HSF4"
"Not.Correlated"	"HPRD"	"HOXD10"
"Not.Correlated"	"HPRD"	"SFRP1"
"Not.Correlated"	"HPRD"	"TMOD1"
"Not.Correlated"	"HPRD"	"GAS7"
"Not.Correlated"	"HPRD"	"GCK"
"Not.Correlated"	"HPRD"	"CALCRL"
"Not.Correlated"	"HPRD"	"CPNE4"
"Not.Correlated"	"HPRD"	"PSPH"
"Not.Correlated"	"HPRD"	"CPS1"
"Not.Correlated"	"HPRD"	"LDLR"
"Not.Correlated"	"HPRD"	"RASGRP1"
"Not.Correlated"	"HPRD"	"SLIT2"
"Not.Correlated"	"HPRD"	"PCDH8"
"Not.Correlated"	"HPRD"	"KCNF1"
"Not.Correlated"	"HPRD"	"GTF2H2"
"Not.Correlated"	"HPRD"	"CAVIN2"
"Not.Correlated"	"HPRD"	"ANGPTL1"
"Not.Correlated"	"HPRD"	"HOXB2"
"Not.Correlated"	"HPRD"	"EFNA5"
"Not.Correlated"	"HPRD"	"HBB"
"Not.Correlated"	"HPRD"	"IGF2"
"Not.Correlated"	"HPRD"	"LAMA1"
"Not.Correlated"	"HPRD"	"PDGFA"
"Not.Correlated"	"HPRD"	"PDZD2"
"Not.Correlated"	"HPRD"	"C4A"
"Not.Correlated"	"HPRD"	"F12"
"Not.Correlated"	"HPRD"	"TGFB2"
"Not.Correlated"	"HPRD"	"NOV"
"Not.Correlated"	"HPRD"	"SCG2"
"Not.Correlated"	"HPRD"	"ANK1"
"Not.Correlated"	"HPRD"	"FBN2"
"Not.Correlated"	"HPRD"	"RPE65"
"Not.Correlated"	"HPRD"	"FST"
"Not.Correlated"	"HPRD"	"DHCR24"
"Not.Correlated"	"HPRD"	"IGSF1"
"Not.Correlated"	"HPRD"	"P2RX6"
"Not.Correlated"	"HPRD"	"LPL"
"Not.Correlated"	"HPRD"	"TFPI"
"Not.Correlated"	"HPRD"	"KCNIP4"
"Not.Correlated"	"HPRD"	"ZDHHC23"
"Not.Correlated"	"HPRD"	"TOX2"
"Not.Correlated"	"HPRD"	"EN1"
"Not.Correlated"	"HPRD"	"TIMP4"
"Not.Correlated"	"HPRD"	"GSTM1"
"Not.Correlated"	"HPRD"	"ZNF423"
"Not.Correlated"	"HPRD"	"HIST1H2BD"
"Not.Correlated"	"HPRD"	"EPHA5"
"Not.Correlated"	"HPRD"	"HOPX"
"Not.Correlated"	"HPRD"	"CHRDL1"
"Not.Correlated"	"HPRD"	"ATP23"
"Not.Correlated"	"HPRD"	"NECTIN3"
"Not.Correlated"	"HPRD"	"RRAD"
"Not.Correlated"	"HPRD"	"TNXB"
"Not.Correlated"	"HPRD"	"DPEP1"
"Not.Correlated"	"HPRD"	"HOXA10"
"Not.Correlated"	"HPRD"	"MCHR1"
"Not.Correlated"	"HPRD"	"PRPH"
"Not.Correlated"	"HPRD"	"CCDC120"
"Not.Correlated"	"HPRD"	"CDH4"
"Not.Correlated"	"HPRD"	"CHRM3"
"Not.Correlated"	"HPRD"	"GALR1"
"Not.Correlated"	"HPRD"	"PPP1R9A"
"Not.Correlated"	"HPRD"	"CRLF1"
"Not.Correlated"	"HPRD"	"ADCY8"
"Not.Correlated"	"HPRD"	"HOXC10"
"Not.Correlated"	"HPRD"	"OXTR"
"Not.Correlated"	"HPRD"	"THEM4"
"Not.Correlated"	"HPRD"	"ADAMTS5"
"Not.Correlated"	"HPRD"	"GFRA2"
"Not.Correlated"	"HPRD"	"HOXA5"
"Not.Correlated"	"HPRD"	"AKR1C3"
"Not.Correlated"	"HPRD"	"DIO2"
"Not.Correlated"	"HPRD"	"JPH2"
"Not.Correlated"	"HPRD"	"FZD6"
"Not.Correlated"	"HPRD"	"EN2"
"Not.Correlated"	"HPRD"	"TENM3"
"Not.Correlated"	"HPRD"	"EYA4"
"Not.Correlated"	"HPRD"	"KDM5D"
"Not.Correlated"	"HPRD"	"NOMO3"
"Not.Correlated"	"HPRD"	"SSPO"
"Not.Correlated"	"HPRD"	"CACNA1G"
"Not.Correlated"	"HPRD"	"TENM1"
"Not.Correlated"	"HPRD"	"NTNG1"
"Not.Correlated"	"IntAct"	"TFCP2L1"
"Not.Correlated"	"IntAct"	"EGFR"
"Not.Correlated"	"IntAct"	"NIPSNAP2"
"Not.Correlated"	"IntAct"	"CREB3L1"
"Not.Correlated"	"IntAct"	"DDIT3"
"Not.Correlated"	"IntAct"	"GULP1"
"Not.Correlated"	"IntAct"	"PLEKHA5"
"Not.Correlated"	"IntAct"	"NOS2"
"Not.Correlated"	"IntAct"	"AR"
"Not.Correlated"	"IntAct"	"MDM2"
"Not.Correlated"	"IntAct"	"RET"
"Not.Correlated"	"IntAct"	"F2RL1"
"Not.Correlated"	"IntAct"	"ZBTB16"
"Not.Correlated"	"IntAct"	"FLNC"
"Not.Correlated"	"IntAct"	"BMP2"
"Not.Correlated"	"IntAct"	"CDKN2A"
"Not.Correlated"	"IntAct"	"BEGAIN"
"Not.Correlated"	"IntAct"	"GLI3"
"Not.Correlated"	"IntAct"	"DES"
"Not.Correlated"	"IntAct"	"CDK6"
"Not.Correlated"	"IntAct"	"NGFR"
"Not.Correlated"	"IntAct"	"CCT6A"
"Not.Correlated"	"IntAct"	"C1QTNF1"
"Not.Correlated"	"IntAct"	"TGFA"
"Not.Correlated"	"IntAct"	"GRIA1"
"Not.Correlated"	"IntAct"	"RORB"
"Not.Correlated"	"IntAct"	"SOCS2"
"Not.Correlated"	"IntAct"	"TFR2"
"Not.Correlated"	"IntAct"	"HAP1"
"Not.Correlated"	"IntAct"	"TUSC3"
"Not.Correlated"	"IntAct"	"PITX1"
"Not.Correlated"	"IntAct"	"PRICKLE1"
"Not.Correlated"	"IntAct"	"ALK"
"Not.Correlated"	"IntAct"	"CYB5R2"
"Not.Correlated"	"IntAct"	"THNSL2"
"Not.Correlated"	"IntAct"	"EPHA3"
"Not.Correlated"	"IntAct"	"TRIB3"
"Not.Correlated"	"IntAct"	"FGFR3"
"Not.Correlated"	"IntAct"	"MEIS2"
"Not.Correlated"	"IntAct"	"NMB"
"Not.Correlated"	"IntAct"	"RGS6"
"Not.Correlated"	"IntAct"	"MYH11"
"Not.Correlated"	"IntAct"	"SLN"
"Not.Correlated"	"IntAct"	"LPAR1"
"Not.Correlated"	"IntAct"	"MYH14"
"Not.Correlated"	"IntAct"	"CA8"
"Not.Correlated"	"IntAct"	"HOXA3"
"Not.Correlated"	"IntAct"	"CDKN2B"
"Not.Correlated"	"IntAct"	"MYO5B"
"Not.Correlated"	"IntAct"	"RGS20"
"Not.Correlated"	"IntAct"	"PAWR"
"Not.Correlated"	"IntAct"	"DACH1"
"Not.Correlated"	"IntAct"	"BATF3"
"Not.Correlated"	"IntAct"	"FLRT2"
"Not.Correlated"	"IntAct"	"PEG10"
"Not.Correlated"	"IntAct"	"MTAP"
"Not.Correlated"	"IntAct"	"VOPP1"
"Not.Correlated"	"IntAct"	"OTX1"
"Not.Correlated"	"IntAct"	"TBX15"
"Not.Correlated"	"IntAct"	"REC8"
"Not.Correlated"	"IntAct"	"HSF4"
"Not.Correlated"	"IntAct"	"HOXD9"
"Not.Correlated"	"IntAct"	"SFRP1"
"Not.Correlated"	"IntAct"	"ALDH1A1"
"Not.Correlated"	"IntAct"	"MEST"
"Not.Correlated"	"IntAct"	"TMOD1"
"Not.Correlated"	"IntAct"	"GAS7"
"Not.Correlated"	"IntAct"	"VEPH1"
"Not.Correlated"	"IntAct"	"GCK"
"Not.Correlated"	"IntAct"	"EIF1AY"
"Not.Correlated"	"IntAct"	"CALCRL"
"Not.Correlated"	"IntAct"	"ETNK2"
"Not.Correlated"	"IntAct"	"PSPH"
"Not.Correlated"	"IntAct"	"CPS1"
"Not.Correlated"	"IntAct"	"SDK1"
"Not.Correlated"	"IntAct"	"FAT4"
"Not.Correlated"	"IntAct"	"LDLR"
"Not.Correlated"	"IntAct"	"RASGRP1"
"Not.Correlated"	"IntAct"	"SLFN11"
"Not.Correlated"	"IntAct"	"SLIT2"
"Not.Correlated"	"IntAct"	"PCDH8"
"Not.Correlated"	"IntAct"	"FAM50B"
"Not.Correlated"	"IntAct"	"CAVIN2"
"Not.Correlated"	"IntAct"	"FBXL2"
"Not.Correlated"	"IntAct"	"HOXB2"
"Not.Correlated"	"IntAct"	"EFNA5"
"Not.Correlated"	"IntAct"	"HBB"
"Not.Correlated"	"IntAct"	"IGF2"
"Not.Correlated"	"IntAct"	"PDGFA"
"Not.Correlated"	"IntAct"	"PDZD2"
"Not.Correlated"	"IntAct"	"C4A"
"Not.Correlated"	"IntAct"	"F12"
"Not.Correlated"	"IntAct"	"SCG2"
"Not.Correlated"	"IntAct"	"ANK1"
"Not.Correlated"	"IntAct"	"EDA2R"
"Not.Correlated"	"IntAct"	"FBN2"
"Not.Correlated"	"IntAct"	"FST"
"Not.Correlated"	"IntAct"	"CITED1"
"Not.Correlated"	"IntAct"	"GOLGA8A"
"Not.Correlated"	"IntAct"	"BVES"
"Not.Correlated"	"IntAct"	"LPL"
"Not.Correlated"	"IntAct"	"MRAP2"
"Not.Correlated"	"IntAct"	"RGS11"
"Not.Correlated"	"IntAct"	"FBXO27"
"Not.Correlated"	"IntAct"	"ZNF423"
"Not.Correlated"	"IntAct"	"CHRDL1"
"Not.Correlated"	"IntAct"	"TMEM98"
"Not.Correlated"	"IntAct"	"NECTIN3"
"Not.Correlated"	"IntAct"	"RRAD"
"Not.Correlated"	"IntAct"	"TNXB"
"Not.Correlated"	"IntAct"	"DPEP1"
"Not.Correlated"	"IntAct"	"GPR158"
"Not.Correlated"	"IntAct"	"HOXA10"
"Not.Correlated"	"IntAct"	"APOL4"
"Not.Correlated"	"IntAct"	"PRPH"
"Not.Correlated"	"IntAct"	"CCDC120"
"Not.Correlated"	"IntAct"	"ZNF135"
"Not.Correlated"	"IntAct"	"CHRM3"
"Not.Correlated"	"IntAct"	"TSFM"
"Not.Correlated"	"IntAct"	"HOXC10"
"Not.Correlated"	"IntAct"	"THEM4"
"Not.Correlated"	"IntAct"	"UTY"
"Not.Correlated"	"IntAct"	"ADAMTS5"
"Not.Correlated"	"IntAct"	"STAC2"
"Not.Correlated"	"IntAct"	"PLEKHG4"
"Not.Correlated"	"IntAct"	"HOXA5"
"Not.Correlated"	"IntAct"	"CXorf57"
"Not.Correlated"	"IntAct"	"AKR1C3"
"Not.Correlated"	"IntAct"	"GSTM5"
"Not.Correlated"	"IntAct"	"SIMC1"
"Not.Correlated"	"IntAct"	"FRZB"
"Not.Correlated"	"IntAct"	"FZD6"
"Not.Correlated"	"IntAct"	"RNF175"
"Not.Correlated"	"IntAct"	"PROM1"
"Not.Correlated"	"IntAct"	"RPL39L"
"Not.Correlated"	"IntAct"	"LEFTY2"
"Not.Correlated"	"IntAct"	"TENM3"
"Not.Correlated"	"IntAct"	"FABP7"
"Not.Correlated"	"IntAct"	"KLHDC8A"
"Not.Correlated"	"IntAct"	"KLHL4"
"Not.Correlated"	"IntAct"	"TSPYL5"
"Not.Correlated"	"IntAct"	"NOMO3"
"Not.Correlated"	"IntAct"	"MRPS17"
"Not.Correlated"	"IntAct"	"CCDC184"
"Not.Correlated"	"IntAct"	"CACNA1G"
"Not.Correlated"	"IntAct"	"FLRT3"
"Not.Correlated"	"IntAct"	"C4orf19"
"Not.Correlated"	"IntAct"	"NTNG1"
"Not.Correlated"	"IntAct"	"LIPG"
"Not.Correlated"	"IntAct"	"ADAM33"
"Not.Correlated"	"IntAct"	"SEMA3E"
"Not.Correlated"	"IntAct"	"PCDHB5"
"Not.Correlated"	"BEHRENDS_AUTOPHAGY_LOW"	"NIPSNAP2"
"Not.Correlated"	"BEHRENDS_AUTOPHAGY_LOW"	"DDIT3"
"Not.Correlated"	"BioGrid_Fly"	"NIPSNAP2"
"Not.Correlated"	"BioGrid_Fly"	"SPON1"
"Not.Correlated"	"BioGrid_Fly"	"BMP2"
"Not.Correlated"	"BioGrid_Fly"	"CDK6"
"Not.Correlated"	"BioGrid_Fly"	"CCT6A"
"Not.Correlated"	"BioGrid_Fly"	"RORB"
"Not.Correlated"	"BioGrid_Fly"	"TUSC3"
"Not.Correlated"	"BioGrid_Fly"	"FGFR3"
"Not.Correlated"	"BioGrid_Fly"	"SEMA3A"
"Not.Correlated"	"BioGrid_Fly"	"METTL1"
"Not.Correlated"	"BioGrid_Fly"	"TMOD1"
"Not.Correlated"	"BioGrid_Fly"	"EIF1AY"
"Not.Correlated"	"BioGrid_Fly"	"FAT4"
"Not.Correlated"	"BioGrid_Fly"	"SLIT2"
"Not.Correlated"	"BioGrid_Fly"	"PHYHD1"
"Not.Correlated"	"BioGrid_Fly"	"CELSR1"
"Not.Correlated"	"BioGrid_Fly"	"ME1"
"Not.Correlated"	"BioGrid_Fly"	"TSFM"
"Not.Correlated"	"MINT_Worm"	"GULP1"
"Not.Correlated"	"MINT_Worm"	"DDX3Y"
"Not.Correlated"	"MINT_Worm"	"EIF1AY"
"Not.Correlated"	"SOURAV_MAPK_HIGH"	"PLEKHA5"
"Not.Correlated"	"Moran_EGFR"	"EGFR"
"Not.Correlated"	"MYTH_EGFR"	"EGFR"
"Not.Correlated"	"BioGrid_Rat"	"EGFR"
"Not.Correlated"	"BioGrid_Rat"	"CREB3L1"
"Not.Correlated"	"BioGrid_Rat"	"MDM2"
"Not.Correlated"	"BioGrid_Rat"	"RET"
"Not.Correlated"	"BioGrid_Rat"	"F2RL1"
"Not.Correlated"	"BioGrid_Rat"	"NGFR"
"Not.Correlated"	"BioGrid_Rat"	"GRIK1"
"Not.Correlated"	"BioGrid_Rat"	"GRIA1"
"Not.Correlated"	"BioGrid_Rat"	"SOCS2"
"Not.Correlated"	"BioGrid_Rat"	"PAWR"
"Not.Correlated"	"BioGrid_Rat"	"CNR1"
"Not.Correlated"	"INNATEDB"	"EGFR"
"Not.Correlated"	"INNATEDB"	"DDIT3"
"Not.Correlated"	"INNATEDB"	"NOS2"
"Not.Correlated"	"INNATEDB"	"AR"
"Not.Correlated"	"INNATEDB"	"MDM2"
"Not.Correlated"	"INNATEDB"	"F2RL1"
"Not.Correlated"	"INNATEDB"	"ZBTB16"
"Not.Correlated"	"INNATEDB"	"BMP2"
"Not.Correlated"	"INNATEDB"	"CDKN2A"
"Not.Correlated"	"INNATEDB"	"BEGAIN"
"Not.Correlated"	"INNATEDB"	"GLI3"
"Not.Correlated"	"INNATEDB"	"CDK6"
"Not.Correlated"	"INNATEDB"	"TGFA"
"Not.Correlated"	"INNATEDB"	"SOCS2"
"Not.Correlated"	"INNATEDB"	"TFR2"
"Not.Correlated"	"INNATEDB"	"ALK"
"Not.Correlated"	"INNATEDB"	"TRIB3"
"Not.Correlated"	"INNATEDB"	"MEIS2"
"Not.Correlated"	"INNATEDB"	"DDX3Y"
"Not.Correlated"	"INNATEDB"	"CDKN2B"
"Not.Correlated"	"INNATEDB"	"MYO5B"
"Not.Correlated"	"INNATEDB"	"PAWR"
"Not.Correlated"	"INNATEDB"	"FOXG1"
"Not.Correlated"	"INNATEDB"	"HSF4"
"Not.Correlated"	"INNATEDB"	"LDLR"
"Not.Correlated"	"INNATEDB"	"RASGRP1"
"Not.Correlated"	"INNATEDB"	"FBXL2"
"Not.Correlated"	"INNATEDB"	"PDGFA"
"Not.Correlated"	"INNATEDB"	"PDZD2"
"Not.Correlated"	"INNATEDB"	"FBN2"
"Not.Correlated"	"INNATEDB"	"FST"
"Not.Correlated"	"INNATEDB"	"RGS11"
"Not.Correlated"	"INNATEDB"	"FBXO27"
"Not.Correlated"	"INNATEDB"	"ERAP2"
"Not.Correlated"	"INNATEDB"	"HOPX"
"Not.Correlated"	"INNATEDB"	"TMEM98"
"Not.Correlated"	"INNATEDB"	"DPEP1"
"Not.Correlated"	"INNATEDB"	"HOXA10"
"Not.Correlated"	"INNATEDB"	"MCHR1"
"Not.Correlated"	"INNATEDB"	"APOL4"
"Not.Correlated"	"INNATEDB"	"OXTR"
"Not.Correlated"	"INNATEDB"	"THEM4"
"Not.Correlated"	"INNATEDB"	"SLC16A7"
"Not.Correlated"	"MINT"	"EGFR"
"Not.Correlated"	"MINT"	"CREB3L1"
"Not.Correlated"	"MINT"	"DDIT3"
"Not.Correlated"	"MINT"	"AR"
"Not.Correlated"	"MINT"	"MDM2"
"Not.Correlated"	"MINT"	"RET"
"Not.Correlated"	"MINT"	"ZBTB16"
"Not.Correlated"	"MINT"	"FLNC"
"Not.Correlated"	"MINT"	"BMP2"
"Not.Correlated"	"MINT"	"CDKN2A"
"Not.Correlated"	"MINT"	"BEGAIN"
"Not.Correlated"	"MINT"	"GLI3"
"Not.Correlated"	"MINT"	"CDK6"
"Not.Correlated"	"MINT"	"NGFR"
"Not.Correlated"	"MINT"	"SOCS2"
"Not.Correlated"	"MINT"	"PITX1"
"Not.Correlated"	"MINT"	"ALK"
"Not.Correlated"	"MINT"	"THNSL2"
"Not.Correlated"	"MINT"	"TRIB3"
"Not.Correlated"	"MINT"	"FGFR3"
"Not.Correlated"	"MINT"	"CA8"
"Not.Correlated"	"MINT"	"RGS20"
"Not.Correlated"	"MINT"	"DACH1"
"Not.Correlated"	"MINT"	"FLRT2"
"Not.Correlated"	"MINT"	"PEG10"
"Not.Correlated"	"MINT"	"MTAP"
"Not.Correlated"	"MINT"	"OTX1"
"Not.Correlated"	"MINT"	"SEC61G"
"Not.Correlated"	"MINT"	"ALDH1A1"
"Not.Correlated"	"MINT"	"MEST"
"Not.Correlated"	"MINT"	"GAS7"
"Not.Correlated"	"MINT"	"LDLR"
"Not.Correlated"	"MINT"	"SLIT2"
"Not.Correlated"	"MINT"	"FAM50B"
"Not.Correlated"	"MINT"	"CAVIN2"
"Not.Correlated"	"MINT"	"EFNA5"
"Not.Correlated"	"MINT"	"IGF2"
"Not.Correlated"	"MINT"	"ANK1"
"Not.Correlated"	"MINT"	"FST"
"Not.Correlated"	"MINT"	"LPL"
"Not.Correlated"	"MINT"	"CELSR1"
"Not.Correlated"	"MINT"	"TNXB"
"Not.Correlated"	"MINT"	"DPEP1"
"Not.Correlated"	"MINT"	"CHRM3"
"Not.Correlated"	"MINT"	"PPP1R9A"
"Not.Correlated"	"MINT"	"CXorf57"
"Not.Correlated"	"MINT"	"AKR1C3"
"Not.Correlated"	"MINT"	"SIMC1"
"Not.Correlated"	"MINT"	"FRZB"
"Not.Correlated"	"BCI"	"DDIT3"
"Not.Correlated"	"BCI"	"NOS2"
"Not.Correlated"	"BCI"	"CDKN2A"
"Not.Correlated"	"BCI"	"DES"
"Not.Correlated"	"BCI"	"CDK6"
"Not.Correlated"	"BCI"	"NGFR"
"Not.Correlated"	"BCI"	"CCT6A"
"Not.Correlated"	"BCI"	"HAP1"
"Not.Correlated"	"BCI"	"MYH11"
"Not.Correlated"	"BCI"	"METTL1"
"Not.Correlated"	"BCI"	"PAWR"
"Not.Correlated"	"BCI"	"HSF4"
"Not.Correlated"	"BCI"	"EIF1AY"
"Not.Correlated"	"BCI"	"LDLR"
"Not.Correlated"	"BCI"	"HOXB2"
"Not.Correlated"	"BCI"	"IGF2"
"Not.Correlated"	"BCI"	"PDGFA"
"Not.Correlated"	"BCI"	"F12"
"Not.Correlated"	"BCI"	"ANK1"
"Not.Correlated"	"BCI"	"DHCR24"
"Not.Correlated"	"BCI"	"CNR1"
"Not.Correlated"	"BCI"	"LPL"
"Not.Correlated"	"BCI"	"TFPI"
"Not.Correlated"	"BCI"	"FZD6"
"Not.Correlated"	"JonesErbB1"	"EGFR"
"Not.Correlated"	"IntAct_Fly"	"NIPSNAP2"
"Not.Correlated"	"IntAct_Fly"	"CDK6"
"Not.Correlated"	"IntAct_Fly"	"SEMA3A"
"Not.Correlated"	"IntAct_Fly"	"METTL1"
"Not.Correlated"	"IntAct_Fly"	"MTAP"
"Not.Correlated"	"IntAct_Fly"	"EIF1AY"
"Not.Correlated"	"IntAct_Fly"	"FAT4"
"Not.Correlated"	"IntAct_Fly"	"GTF2H2"
"Not.Correlated"	"IntAct_Fly"	"PHYHD1"
"Not.Correlated"	"IntAct_Fly"	"CHCHD2"
"Not.Correlated"	"IntAct_Fly"	"ME1"
"Not.Correlated"	"IntAct_Fly"	"TSFM"
"Not.Correlated"	"BIND"	"MEGF10"
"Not.Correlated"	"BIND"	"EGFR"
"Not.Correlated"	"BIND"	"CREB3L1"
"Not.Correlated"	"BIND"	"DDIT3"
"Not.Correlated"	"BIND"	"NOS2"
"Not.Correlated"	"BIND"	"AR"
"Not.Correlated"	"BIND"	"MDM2"
"Not.Correlated"	"BIND"	"FLNC"
"Not.Correlated"	"BIND"	"BMP2"
"Not.Correlated"	"BIND"	"CDKN2A"
"Not.Correlated"	"BIND"	"CDK6"
"Not.Correlated"	"BIND"	"NGFR"
"Not.Correlated"	"BIND"	"GRIA1"
"Not.Correlated"	"BIND"	"RORB"
"Not.Correlated"	"BIND"	"TRIB3"
"Not.Correlated"	"BIND"	"FGFR3"
"Not.Correlated"	"BIND"	"RGS6"
"Not.Correlated"	"BIND"	"METTL1"
"Not.Correlated"	"BIND"	"BATF3"
"Not.Correlated"	"BIND"	"NKX2-5"
"Not.Correlated"	"BIND"	"UNC5C"
"Not.Correlated"	"BIND"	"EFNA5"
"Not.Correlated"	"BIND"	"HBB"
"Not.Correlated"	"BIND"	"IGF2"
"Not.Correlated"	"BIND"	"PDZD2"
"Not.Correlated"	"BIND"	"TGFB2"
"Not.Correlated"	"BIND"	"FST"
"Not.Correlated"	"BIND"	"DHCR24"
"Not.Correlated"	"BIND"	"TFPI"
"Not.Correlated"	"BIND"	"GSTM1"
"Not.Correlated"	"BIND"	"HIST1H2BD"
"Not.Correlated"	"BIND"	"ME1"
"Not.Correlated"	"BIND"	"DPEP1"
"Not.Correlated"	"BIND"	"HOXA10"
"Not.Correlated"	"BIND"	"HOXA5"
"Not.Correlated"	"YeastLow"	"CCT6A"
"Not.Correlated"	"YeastLow"	"PABPC1L"
"Not.Correlated"	"YeastLow"	"THNSL2"
"Not.Correlated"	"YeastLow"	"MTAP"
"Not.Correlated"	"DIP_Yeast"	"CCT6A"
"Not.Correlated"	"DIP_Yeast"	"PABPC1L"
"Not.Correlated"	"DIP_Yeast"	"TUSC3"
"Not.Correlated"	"DIP_Yeast"	"THNSL2"
"Not.Correlated"	"DIP_Yeast"	"GTF2H2"
"Not.Correlated"	"Blagoev"	"EGFR"
"Not.Correlated"	"BIND_Rat"	"AR"
"Not.Correlated"	"BIND_Rat"	"NGFR"
"Not.Correlated"	"BIND_Rat"	"GRIK1"
"Not.Correlated"	"BIND_Rat"	"GRIA1"
"Not.Correlated"	"BIND_Rat"	"ZNF423"
"Not.Correlated"	"BIND_Rat"	"POU3F4"
"Not.Correlated"	"BIND_Rat"	"CHRM3"
"Not.Correlated"	"BIND_Rat"	"PPP1R9A"
"Not.Correlated"	"BIND_Rat"	"GSTM5"
"Not.Correlated"	"BIND_Rat"	"CACNB2"
"Not.Correlated"	"MINT_Rat"	"EGFR"
"Not.Correlated"	"MINT_Rat"	"NGFR"
"Not.Correlated"	"MINT_Rat"	"GRIA1"
"Not.Correlated"	"MINT_Rat"	"GCK"
"Not.Correlated"	"MINT_Rat"	"CNR1"
"Not.Correlated"	"MINT_Rat"	"PPP1R9A"
"Not.Correlated"	"IntAct_Yeast"	"CCT6A"
"Not.Correlated"	"IntAct_Yeast"	"PABPC1L"
"Not.Correlated"	"IntAct_Yeast"	"TUSC3"
"Not.Correlated"	"IntAct_Yeast"	"CYB5R2"
"Not.Correlated"	"IntAct_Yeast"	"THNSL2"
"Not.Correlated"	"IntAct_Yeast"	"GTF2H2"
"Not.Correlated"	"IntAct_Yeast"	"SLC47A1"
"Not.Correlated"	"IntAct_Rat"	"F2RL1"
"Not.Correlated"	"IntAct_Rat"	"FLNC"
"Not.Correlated"	"IntAct_Rat"	"DES"
"Not.Correlated"	"IntAct_Rat"	"NGFR"
"Not.Correlated"	"IntAct_Rat"	"CCT6A"
"Not.Correlated"	"IntAct_Rat"	"GRIA1"
"Not.Correlated"	"IntAct_Rat"	"HAP1"
"Not.Correlated"	"IntAct_Rat"	"MYO5B"
"Not.Correlated"	"IntAct_Rat"	"PAWR"
"Not.Correlated"	"IntAct_Rat"	"MEST"
"Not.Correlated"	"IntAct_Rat"	"GCK"
"Not.Correlated"	"IntAct_Rat"	"PDZD2"
"Not.Correlated"	"IntAct_Rat"	"CHRM3"
"Not.Correlated"	"IntAct_Rat"	"PPP1R9A"
"Not.Correlated"	"BioGrid_Mouse"	"TFCP2L1"
"Not.Correlated"	"BioGrid_Mouse"	"EGFR"
"Not.Correlated"	"BioGrid_Mouse"	"DDIT3"
"Not.Correlated"	"BioGrid_Mouse"	"NOS2"
"Not.Correlated"	"BioGrid_Mouse"	"AR"
"Not.Correlated"	"BioGrid_Mouse"	"MDM2"
"Not.Correlated"	"BioGrid_Mouse"	"RET"
"Not.Correlated"	"BioGrid_Mouse"	"ZBTB16"
"Not.Correlated"	"BioGrid_Mouse"	"CDKN2A"
"Not.Correlated"	"BioGrid_Mouse"	"GLI3"
"Not.Correlated"	"BioGrid_Mouse"	"DES"
"Not.Correlated"	"BioGrid_Mouse"	"CDK6"
"Not.Correlated"	"BioGrid_Mouse"	"NGFR"
"Not.Correlated"	"BioGrid_Mouse"	"CCT6A"
"Not.Correlated"	"BioGrid_Mouse"	"GRIK1"
"Not.Correlated"	"BioGrid_Mouse"	"GRIA1"
"Not.Correlated"	"BioGrid_Mouse"	"SOCS2"
"Not.Correlated"	"BioGrid_Mouse"	"HAP1"
"Not.Correlated"	"BioGrid_Mouse"	"PITX1"
"Not.Correlated"	"BioGrid_Mouse"	"ALK"
"Not.Correlated"	"BioGrid_Mouse"	"TRIB3"
"Not.Correlated"	"BioGrid_Mouse"	"MEIS2"
"Not.Correlated"	"BioGrid_Mouse"	"PAWR"
"Not.Correlated"	"BioGrid_Mouse"	"DACH1"
"Not.Correlated"	"BioGrid_Mouse"	"NKX2-5"
"Not.Correlated"	"BioGrid_Mouse"	"TBX15"
"Not.Correlated"	"BioGrid_Mouse"	"HOXD9"
"Not.Correlated"	"BioGrid_Mouse"	"HOXD10"
"Not.Correlated"	"BioGrid_Mouse"	"SFRP1"
"Not.Correlated"	"BioGrid_Mouse"	"GCK"
"Not.Correlated"	"BioGrid_Mouse"	"LDLR"
"Not.Correlated"	"BioGrid_Mouse"	"SLIT2"
"Not.Correlated"	"BioGrid_Mouse"	"GTF2H2"
"Not.Correlated"	"BioGrid_Mouse"	"CHRNA1"
"Not.Correlated"	"BioGrid_Mouse"	"FBXL2"
"Not.Correlated"	"BioGrid_Mouse"	"LAMA1"
"Not.Correlated"	"BioGrid_Mouse"	"TGFB2"
"Not.Correlated"	"BioGrid_Mouse"	"SCG2"
"Not.Correlated"	"BioGrid_Mouse"	"EDA2R"
"Not.Correlated"	"BioGrid_Mouse"	"CITED1"
"Not.Correlated"	"BioGrid_Mouse"	"HOXA10"
"Not.Correlated"	"BioGrid_Mouse"	"ADCY8"
"Not.Correlated"	"BioGrid_Mouse"	"TRPM8"
"Not.Correlated"	"BioGrid_Mouse"	"HOXA5"
"Not.Correlated"	"BioGrid_Mouse"	"FRZB"
"Not.Correlated"	"BioGrid_Mouse"	"TLE6"
"Not.Correlated"	"BioGrid_Mouse"	"PROM1"
"Not.Correlated"	"BioGrid_Mouse"	"EYA4"
"Not.Correlated"	"BioGrid_Mouse"	"KDM5D"
"Not.Correlated"	"BioGrid_Mouse"	"PCDHGB2"
"Not.Correlated"	"INNATEDB_Mouse"	"EGFR"
"Not.Correlated"	"INNATEDB_Mouse"	"GULP1"
"Not.Correlated"	"INNATEDB_Mouse"	"NOS2"
"Not.Correlated"	"INNATEDB_Mouse"	"AR"
"Not.Correlated"	"INNATEDB_Mouse"	"MDM2"
"Not.Correlated"	"INNATEDB_Mouse"	"RET"
"Not.Correlated"	"INNATEDB_Mouse"	"ZBTB16"
"Not.Correlated"	"INNATEDB_Mouse"	"FLNC"
"Not.Correlated"	"INNATEDB_Mouse"	"CDK6"
"Not.Correlated"	"INNATEDB_Mouse"	"SOCS2"
"Not.Correlated"	"INNATEDB_Mouse"	"PITX1"
"Not.Correlated"	"INNATEDB_Mouse"	"CDKN2B"
"Not.Correlated"	"INNATEDB_Mouse"	"GPR158"
"Not.Correlated"	"INNATEDB_Mouse"	"C1QTNF3"
"Not.Correlated"	"INNATEDB_Mouse"	"PRDM16"
"Not.Correlated"	"INNATEDB_Mouse"	"POU3F4"
"Not.Correlated"	"INNATEDB_Mouse"	"HOXC10"
"Not.Correlated"	"INNATEDB_Mouse"	"TLE6"
"Not.Correlated"	"INNATEDB_Mouse"	"EN2"
"Not.Correlated"	"INNATEDB_Mouse"	"EYA4"
"Not.Correlated"	"DIP_Mouse"	"EGFR"
"Not.Correlated"	"DIP_Mouse"	"AR"
"Not.Correlated"	"DIP_Mouse"	"MDM2"
"Not.Correlated"	"DIP_Mouse"	"CDK6"
"Not.Correlated"	"DIP_Mouse"	"GRIA1"
"Not.Correlated"	"DIP_Mouse"	"HAP1"
"Not.Correlated"	"DIP_Mouse"	"SEMA3A"
"Not.Correlated"	"DIP_Mouse"	"LPAR1"
"Not.Correlated"	"DIP_Mouse"	"CDKN2B"
"Not.Correlated"	"DIP_Mouse"	"NKX2-5"
"Not.Correlated"	"DIP_Mouse"	"REC8"
"Not.Correlated"	"DIP_Mouse"	"BVES"
"Not.Correlated"	"DIP_Mouse"	"KCNK2"
"Not.Correlated"	"DIP_Mouse"	"NECTIN3"
"Not.Correlated"	"DIP_Mouse"	"PRDM16"
"Not.Correlated"	"DIP_Mouse"	"LYPD1"
"Not.Correlated"	"BioGrid_Yeast"	"CCT6A"
"Not.Correlated"	"BioGrid_Yeast"	"PABPC1L"
"Not.Correlated"	"BioGrid_Yeast"	"TUSC3"
"Not.Correlated"	"BioGrid_Yeast"	"CYB5R2"
"Not.Correlated"	"BioGrid_Yeast"	"THNSL2"
"Not.Correlated"	"BioGrid_Yeast"	"METTL1"
"Not.Correlated"	"BioGrid_Yeast"	"MTAP"
"Not.Correlated"	"BioGrid_Yeast"	"GTF2H2"
"Not.Correlated"	"DIP"	"EGFR"
"Not.Correlated"	"DIP"	"NOS2"
"Not.Correlated"	"DIP"	"AR"
"Not.Correlated"	"DIP"	"MDM2"
"Not.Correlated"	"DIP"	"RET"
"Not.Correlated"	"DIP"	"ZBTB16"
"Not.Correlated"	"DIP"	"FLNC"
"Not.Correlated"	"DIP"	"BMP2"
"Not.Correlated"	"DIP"	"CDKN2A"
"Not.Correlated"	"DIP"	"CDK6"
"Not.Correlated"	"DIP"	"NGFR"
"Not.Correlated"	"DIP"	"TGFA"
"Not.Correlated"	"DIP"	"EPHA3"
"Not.Correlated"	"DIP"	"FGFR3"
"Not.Correlated"	"DIP"	"CALCRL"
"Not.Correlated"	"DIP"	"LDLR"
"Not.Correlated"	"DIP"	"SLIT2"
"Not.Correlated"	"DIP"	"GTF2H2"
"Not.Correlated"	"DIP"	"CAVIN2"
"Not.Correlated"	"DIP"	"EFNA5"
"Not.Correlated"	"DIP"	"HBB"
"Not.Correlated"	"DIP"	"IGF2"
"Not.Correlated"	"DIP"	"PDGFA"
"Not.Correlated"	"DIP"	"MRAP2"
"Not.Correlated"	"DIP"	"NECTIN3"
"Not.Correlated"	"DIP"	"CRLF1"
"Not.Correlated"	"DIP"	"HIST3H2A"
"Not.Correlated"	"BioGrid_Worm"	"FGFR3"
"Not.Correlated"	"BioGrid_Worm"	"DDX3Y"
"Not.Correlated"	"BIND_Worm"	"RGS6"
"Not.Correlated"	"BIND_Mouse"	"NOS2"
"Not.Correlated"	"BIND_Mouse"	"MDM2"
"Not.Correlated"	"BIND_Mouse"	"BMP2"
"Not.Correlated"	"BIND_Mouse"	"CDK6"
"Not.Correlated"	"BIND_Mouse"	"EPHA3"
"Not.Correlated"	"BIND_Mouse"	"MEIS2"
"Not.Correlated"	"BIND_Mouse"	"HS3ST1"
"Not.Correlated"	"BIND_Mouse"	"FST"
"Not.Correlated"	"BIND_Mouse"	"FRZB"
"Not.Correlated"	"VidalHuman_non_core"	"ZBTB16"
"Not.Correlated"	"VidalHuman_non_core"	"BEGAIN"
"Not.Correlated"	"VidalHuman_non_core"	"PITX1"
"Not.Correlated"	"VidalHuman_non_core"	"METTL1"
"Not.Correlated"	"VidalHuman_non_core"	"ETNK2"
"Not.Correlated"	"VidalHuman_non_core"	"NOV"
"Not.Correlated"	"Krogan_NonCore"	"CYB5R2"
"Not.Correlated"	"Krogan_NonCore"	"THNSL2"
"Not.Correlated"	"MGI"	"NOS2"
"Not.Correlated"	"MGI"	"AR"
"Not.Correlated"	"MGI"	"MDM2"
"Not.Correlated"	"MGI"	"BMP2"
"Not.Correlated"	"MGI"	"GRIA1"
"Not.Correlated"	"MGI"	"RORB"
"Not.Correlated"	"MGI"	"ALK"
"Not.Correlated"	"MGI"	"PAWR"
"Not.Correlated"	"MGI"	"NKX2-5"
"Not.Correlated"	"MGI"	"OTX1"
"Not.Correlated"	"MGI"	"REC8"
"Not.Correlated"	"MGI"	"GCK"
"Not.Correlated"	"MGI"	"LDLR"
"Not.Correlated"	"MGI"	"UNC5C"
"Not.Correlated"	"MGI"	"LAMA1"
"Not.Correlated"	"VidalHuman_core"	"DDIT3"
"Not.Correlated"	"VidalHuman_core"	"ZBTB16"
"Not.Correlated"	"VidalHuman_core"	"BEGAIN"
"Not.Correlated"	"VidalHuman_core"	"PITX1"
"Not.Correlated"	"VidalHuman_core"	"METTL1"
"Not.Correlated"	"VidalHuman_core"	"CDKN2B"
"Not.Correlated"	"VidalHuman_core"	"DACH1"
"Not.Correlated"	"VidalHuman_core"	"OTX1"
"Not.Correlated"	"VidalHuman_core"	"ALDH1A1"
"Not.Correlated"	"VidalHuman_core"	"CAVIN2"
"Not.Correlated"	"VidalHuman_core"	"DPEP1"
"Not.Correlated"	"StelzlHigh"	"TRIB3"
"Not.Correlated"	"StelzlHigh"	"FGFR3"
"Not.Correlated"	"StelzlHigh"	"CDKN2B"
"Not.Correlated"	"StelzlHigh"	"AKR1C3"
"Not.Correlated"	"Pawson4"	"RET"
"Not.Correlated"	"Pawson1"	"GAS7"
"Not.Correlated"	"MINT_Mouse"	"EGFR"
"Not.Correlated"	"MINT_Mouse"	"NOS2"
"Not.Correlated"	"MINT_Mouse"	"MDM2"
"Not.Correlated"	"MINT_Mouse"	"DES"
"Not.Correlated"	"MINT_Mouse"	"HAP1"
"Not.Correlated"	"MINT_Mouse"	"CHRNA1"
"Not.Correlated"	"MINT_Mouse"	"LAMA1"
"Not.Correlated"	"MINT_Mouse"	"FNDC5"
"Not.Correlated"	"BIND_Fly"	"NIPSNAP2"
"Not.Correlated"	"BIND_Fly"	"FGFR3"
"Not.Correlated"	"BIND_Fly"	"SEMA3A"
"Not.Correlated"	"BIND_Fly"	"PHYHD1"
"Not.Correlated"	"BIND_Fly"	"TSFM"
"Not.Correlated"	"DIP_Fly"	"NIPSNAP2"
"Not.Correlated"	"DIP_Fly"	"SPON1"
"Not.Correlated"	"DIP_Fly"	"BMP2"
"Not.Correlated"	"DIP_Fly"	"SEMA3A"
"Not.Correlated"	"DIP_Fly"	"FAT4"
"Not.Correlated"	"DIP_Fly"	"CHCHD2"
"Not.Correlated"	"DIP_Fly"	"TSFM"
"Not.Correlated"	"FlyHigh"	"NIPSNAP2"
"Not.Correlated"	"FlyHigh"	"METTL1"
"Not.Correlated"	"FlyHigh"	"PHYHD1"
"Not.Correlated"	"FlyHigh"	"TSFM"
"Not.Correlated"	"MINT_Fly"	"NIPSNAP2"
"Not.Correlated"	"MINT_Fly"	"TSFM"
"Not.Correlated"	"StelzlMedium"	"THNSL2"
"Not.Correlated"	"StelzlMedium"	"FGFR3"
"Not.Correlated"	"StelzlMedium"	"CA8"
"Not.Correlated"	"StelzlMedium"	"CDKN2B"
"Not.Correlated"	"StelzlMedium"	"HBB"
"Not.Correlated"	"StelzlMedium"	"LPL"
"Not.Correlated"	"StelzlMedium"	"CELSR1"
"Not.Correlated"	"StelzlMedium"	"AKR1C3"
"Not.Correlated"	"SOURAV_MAPK_LOW"	"PLEKHA5"
"Not.Correlated"	"ShawnLi"	"RGS20"
"Not.Correlated"	"I2D-c_Fiona_HUMAN"	"EGFR"
"Not.Correlated"	"I2D-c_Fiona_HUMAN"	"AR"
"Not.Correlated"	"I2D-c_Fiona_HUMAN"	"MDM2"
"Not.Correlated"	"DIP_Rat"	"AR"
"Not.Correlated"	"DIP_Rat"	"NGFR"
"Not.Correlated"	"DIP_Rat"	"GRIK1"
"Not.Correlated"	"DIP_Rat"	"GRIA1"
"Not.Correlated"	"DIP_Rat"	"CACNB2"
"Not.Correlated"	"YeastHigh"	"THNSL2"
"Not.Correlated"	"IntAct_Worm"	"GULP1"
"Not.Correlated"	"IntAct_Worm"	"DDX3Y"
"Not.Correlated"	"IntAct_Worm"	"GTF2H2"
"Not.Correlated"	"IntAct_Worm"	"PLPPR5"
"Not.Correlated"	"Krogan_Core"	"CYB5R2"
"Not.Correlated"	"Krogan_Core"	"GTF2H2"
"Not.Correlated"	"FlyLow"	"SEMA3A"
"Not.Correlated"	"FlyLow"	"TSFM"
"Not.Correlated"	"BIND_Yeast"	"PABPC1L"
"Not.Correlated"	"I2D-text_mining-c"	"RET"
"Not.Correlated"	"MINT_Yeast"	"PABPC1L"
"Not.Correlated"	"MINT_Yeast"	"CYB5R2"
"Not.Correlated"	"MINT_Yeast"	"GTF2H2"
"Not.Correlated"	"Tarassov_PCA"	"CYB5R2"
"Not.Correlated"	"I2D-c_Mouse"	"TLE6"
"Not.Correlated"	"MIPS"	"PABPC1L"
"Not.Correlated"	"KIM_MYC"	"CCT6A"
"Not.Correlated"	"YeastMedium"	"TUSC3"
"Not.Correlated"	"YeastMedium"	"MTAP"
"Not.Correlated"	"StelzlLow"	"AKR1C3"
