"Module"	"ID"	"Description"	"GeneRatio"	"BgRatio"	"pvalue"	"p.adjust"	"qvalue"	"geneID"	"Count"
"M1"	"Neuronal System"	"Neuronal System"	"27/117"	"280/7644"	6.22169191845209e-15	2.63177568150523e-12	2.29875143513335e-12	"SLC6A1/SLC38A1/GRIA2/GNG4/GRIK2/GABBR2/ADCY1/CACNA2D1/GAD1/CACNA1A/SLC1A1/ADCY5/KCNC1/KCNN1/CHRNB2/GABRB3/KCNJ9/PPFIA2/CACNA1E/GABRQ/CHRNA9/ABCC8/KCNK10/GNAL/KCNQ5/GABRA3/KCNS3"	27
"M1"	"Transmission across Chemical Synapses"	"Transmission across Chemical Synapses"	"21/117"	"201/7644"	1.99303529369965e-12	4.21526964617476e-10	3.68187046362409e-10	"SLC6A1/SLC38A1/GRIA2/GNG4/GRIK2/GABBR2/ADCY1/CACNA2D1/GAD1/CACNA1A/SLC1A1/ADCY5/CHRNB2/GABRB3/KCNJ9/PPFIA2/CACNA1E/GABRQ/CHRNA9/GNAL/GABRA3"	21
"M1"	"GABA receptor activation"	"GABA receptor activation"	"9/117"	"55/7644"	1.19212524156938e-07	1.68089659061282e-05	1.46819635014334e-05	"GNG4/GABBR2/ADCY1/ADCY5/GABRB3/KCNJ9/GABRQ/GNAL/GABRA3"	9
"M1"	"Neurotransmitter Receptor Binding And Downstream Transmission In The  Postsynaptic Cell"	"Neurotransmitter Receptor Binding And Downstream Transmission In The  Postsynaptic Cell"	"13/117"	"140/7644"	1.81297928458627e-07	1.91722559344998e-05	1.67462033918364e-05	"GRIA2/GNG4/GRIK2/GABBR2/ADCY1/ADCY5/CHRNB2/GABRB3/KCNJ9/GABRQ/CHRNA9/GNAL/GABRA3"	13
"M1"	"Axon guidance"	"Axon guidance"	"19/117"	"327/7644"	4.41156636806247e-07	3.73218514738085e-05	3.25991535829458e-05	"CNTN1/AGAP2/CD24/EFNB3/SCN3A/CDK5R1/DNM3/EPHB1/SPTBN2/DCX/SCN1A/SCN3B/SH3GL2/L1CAM/PAK3/UNC5A/DCC/NTN4/GFRA1"	19
"M1"	"L1CAM interactions"	"L1CAM interactions"	"10/117"	"97/7644"	1.96958016478669e-06	0.000138855401617462	0.000121284673305286	"CNTN1/CD24/SCN3A/DNM3/SPTBN2/DCX/SCN1A/SCN3B/SH3GL2/L1CAM"	10
"M1"	"Potassium Channels"	"Potassium Channels"	"9/117"	"99/7644"	1.84850333980296e-05	0.00111702416105236	0.000975676198903518	"GNG4/GABBR2/KCNC1/KCNN1/KCNJ9/ABCC8/KCNK10/KCNQ5/KCNS3"	9
"M1"	"Activation of GABAB receptors"	"Activation of GABAB receptors"	"6/117"	"39/7644"	2.44256424433196e-05	0.00114800519483602	0.0010027369003047	"GNG4/GABBR2/ADCY1/ADCY5/KCNJ9/GNAL"	6
"M1"	"GABA B receptor activation"	"GABA B receptor activation"	"6/117"	"39/7644"	2.44256424433196e-05	0.00114800519483602	0.0010027369003047	"GNG4/GABBR2/ADCY1/ADCY5/KCNJ9/GNAL"	6
"M1"	"Interaction between L1 and Ankyrins"	"Interaction between L1 and Ankyrins"	"5/117"	"29/7644"	6.82618304033602e-05	0.00288747542606213	0.00252209499700836	"SCN3A/SPTBN2/SCN1A/SCN3B/L1CAM"	5
"M1"	"Extracellular matrix organization"	"Extracellular matrix organization"	"13/117"	"266/7644"	0.000199373955984993	0.00766683485287748	0.00669667545940026	"TNR/NRXN1/FMOD/LTBP1/LAMA2/COL20A1/COL11A1/MMP24/MMP17/LAMB3/NTN4/FBN3/ACAN"	13
"M1"	"Adenylate cyclase activating pathway"	"Adenylate cyclase activating pathway"	"3/117"	"10/7644"	0.000387784030253659	0.0136693870664415	0.0119396661946521	"ADCY1/ADCY5/GNAL"	3
"M1"	"Depolarization of the Presynaptic Terminal Triggers the Opening of Calcium Channels"	"Depolarization of the Presynaptic Terminal Triggers the Opening of Calcium Channels"	"3/117"	"12/7644"	0.000695193724951593	0.0226205342811172	0.0197581374459927	"CACNA2D1/CACNA1A/CACNA1E"	3
"M1"	"GABA A receptor activation"	"GABA A receptor activation"	"3/117"	"13/7644"	0.00089369918156457	0.026432609047386	0.0230878332104827	"GABRB3/GABRQ/GABRA3"	3
"M1"	"Integration of energy metabolism"	"Integration of energy metabolism"	"7/117"	"104/7644"	0.00102669991098233	0.026432609047386	0.0230878332104827	"GNG4/ADCY1/CACNA1A/ADCY5/CACNA1E/ABCC8/KCNS3"	7
"M1"	"Regulation of insulin secretion"	"Regulation of insulin secretion"	"6/117"	"77/7644"	0.00110700640468168	0.026432609047386	0.0230878332104827	"GNG4/CACNA1A/ADCY5/CACNA1E/ABCC8/KCNS3"	6
"M1"	"Adenylate cyclase inhibitory pathway"	"Adenylate cyclase inhibitory pathway"	"3/117"	"14/7644"	0.00112479187435685	0.026432609047386	0.0230878332104827	"ADCY1/ADCY5/GNAL"	3
"M1"	"Inhibition of adenylate cyclase pathway"	"Inhibition of adenylate cyclase pathway"	"3/117"	"14/7644"	0.00112479187435685	0.026432609047386	0.0230878332104827	"ADCY1/ADCY5/GNAL"	3
"M1"	"Inwardly rectifying K+ channels"	"Inwardly rectifying K+ channels"	"4/117"	"31/7644"	0.00119204867564421	0.0265387678840789	0.0231805587341339	"GNG4/GABBR2/KCNJ9/ABCC8"	4
"M1"	"Ephrin signaling"	"Ephrin signaling"	"3/117"	"19/7644"	0.00283185933859898	0.0598938250113685	0.0523148751499075	"EFNB3/EPHB1/PAK3"	3
"M1"	"Netrin-1 signaling"	"Netrin-1 signaling"	"4/117"	"42/7644"	0.00372656030778803	0.0685363047910581	0.0598637376674416	"AGAP2/UNC5A/DCC/NTN4"	4
"M1"	"Neurotransmitter Release Cycle"	"Neurotransmitter Release Cycle"	"4/117"	"42/7644"	0.00372656030778803	0.0685363047910581	0.0598637376674416	"SLC6A1/GAD1/SLC1A1/PPFIA2"	4
"M1"	"Non-integrin membrane-ECM interactions"	"Non-integrin membrane-ECM interactions"	"4/117"	"42/7644"	0.00372656030778803	0.0685363047910581	0.0598637376674416	"NRXN1/LAMA2/LAMB3/NTN4"	4
"M1"	"Ion channel transport"	"Ion channel transport"	"8/117"	"167/7644"	0.00397616112388371	0.0700798398084504	0.0612119541439993	"ATP1A3/TRPM3/UNC79/WNK2/GABRB3/ANO5/GABRQ/GABRA3"	8
"M1"	"G-protein mediated events"	"G-protein mediated events"	"4/117"	"44/7644"	0.00441503209721085	0.0747023430848075	0.0652495269945687	"ADCY1/ADCY5/GNAL/PLCB4"	4
"M1"	"Activation of G protein gated Potassium channels"	"Activation of G protein gated Potassium channels"	"3/117"	"25/7644"	0.0062880986587811	0.0949952047380144	0.08297453493354	"GNG4/GABBR2/KCNJ9"	3
"M1"	"G protein gated Potassium channels"	"G protein gated Potassium channels"	"3/117"	"25/7644"	0.0062880986587811	0.0949952047380144	0.08297453493354	"GNG4/GABBR2/KCNJ9"	3
"M1"	"Inhibition  of voltage gated Ca2+ channels via Gbeta/gamma subunits"	"Inhibition  of voltage gated Ca2+ channels via Gbeta/gamma subunits"	"3/117"	"25/7644"	0.0062880986587811	0.0949952047380144	0.08297453493354	"GNG4/GABBR2/KCNJ9"	3
"M1"	"Ligand-gated ion channel transport"	"Ligand-gated ion channel transport"	"3/117"	"26/7644"	0.0070299256470101	0.102539949954665	0.089564569949203	"GABRB3/GABRQ/GABRA3"	3
"M1"	"Opioid Signalling"	"Opioid Signalling"	"5/117"	"80/7644"	0.00744402559124412	0.104960760836542	0.0916790520184802	"GNG4/ADCY1/ADCY5/GNAL/PLCB4"	5
"M1"	"Recycling pathway of L1"	"Recycling pathway of L1"	"3/117"	"27/7644"	0.00782154534548426	0.106726247778705	0.0932211346779279	"DNM3/SH3GL2/L1CAM"	3
"M1"	"Netrin mediated repulsion signals"	"Netrin mediated repulsion signals"	"2/117"	"10/7644"	0.00964683683120138	0.121368825872881	0.106010844547422	"UNC5A/DCC"	2
"M1"	"Role of DCC in regulating apoptosis"	"Role of DCC in regulating apoptosis"	"2/117"	"10/7644"	0.00964683683120138	0.121368825872881	0.106010844547422	"UNC5A/DCC"	2
"M1"	"ECM proteoglycans"	"ECM proteoglycans"	"4/117"	"55/7644"	0.00975541389994791	0.121368825872881	0.106010844547422	"TNR/FMOD/LAMA2/ACAN"	4
"M1"	"Activated NOTCH1 Transmits Signal to the Nucleus"	"Activated NOTCH1 Transmits Signal to the Nucleus"	"3/117"	"30/7644"	0.0105022276375202	0.126926922590601	0.110865621075777	"DNER/CNTN1/DLL1"	3
"M1"	"DSCAM interactions"	"DSCAM interactions"	"2/117"	"11/7644"	0.0116734085428518	0.133455454422332	0.116568034097894	"DSCAML1/DCC"	2
"M1"	"Highly calcium permeable postsynaptic nicotinic acetylcholine receptors"	"Highly calcium permeable postsynaptic nicotinic acetylcholine receptors"	"2/117"	"11/7644"	0.0116734085428518	0.133455454422332	0.116568034097894	"CHRNB2/CHRNA9"	2
"M1"	"G alpha (s) signalling events"	"G alpha (s) signalling events"	"6/117"	"126/7644"	0.0125803853007368	0.140039552163464	0.122318981732925	"GNG4/ADCY1/PDE2A/ADCY5/PDE10A/VIPR2"	6
"M1"	"EGFR interacts with phospholipase C-gamma"	"EGFR interacts with phospholipase C-gamma"	"3/117"	"33/7644"	0.0136536832643947	0.143088019200504	0.12498169650212	"ADCY1/ADCY5/EGF"	3
"M1"	"Glucagon signaling in metabolic regulation"	"Glucagon signaling in metabolic regulation"	"3/117"	"33/7644"	0.0136536832643947	0.143088019200504	0.12498169650212	"GNG4/ADCY1/ADCY5"	3
"M1"	"Keratan sulfate degradation"	"Keratan sulfate degradation"	"2/117"	"12/7644"	0.0138690515064318	0.143088019200504	0.12498169650212	"FMOD/ACAN"	2
"M1"	"Cell-Cell communication"	"Cell-Cell communication"	"6/117"	"130/7644"	0.0145051719269043	0.145697692107011	0.127261142041958	"CADM3/LIMS2/CDH13/LAMB3/DSCAML1/DCC"	6
"M1"	"PLCG1 events in ERBB2 signaling"	"PLCG1 events in ERBB2 signaling"	"3/117"	"34/7644"	0.014810876502604	0.145697692107011	0.127261142041958	"ADCY1/ADCY5/EGF"	3
"M1"	"Retrograde neurotrophin signalling"	"Retrograde neurotrophin signalling"	"2/117"	"13/7644"	0.0162282064745895	0.152545140861141	0.133242116317682	"DNM3/SH3GL2"	2
"M1"	"The activation of arylsulfatases"	"The activation of arylsulfatases"	"2/117"	"13/7644"	0.0162282064745895	0.152545140861141	0.133242116317682	"ARSJ/ARSI"	2
"M1"	"Signaling by Hedgehog"	"Signaling by Hedgehog"	"6/117"	"136/7644"	0.0177641143030824	0.161822899348322	0.141345869531569	"OS9/ADCY1/ADCY5/EVC/GLI2/EVC2"	6
"M1"	"Acetylcholine Binding And Downstream Events"	"Acetylcholine Binding And Downstream Events"	"2/117"	"14/7644"	0.0187454422412949	0.161822899348322	0.141345869531569	"CHRNB2/CHRNA9"	2
"M1"	"Activation of Nicotinic Acetylcholine Receptors"	"Activation of Nicotinic Acetylcholine Receptors"	"2/117"	"14/7644"	0.0187454422412949	0.161822899348322	0.141345869531569	"CHRNB2/CHRNA9"	2
"M1"	"Postsynaptic nicotinic acetylcholine receptors"	"Postsynaptic nicotinic acetylcholine receptors"	"2/117"	"14/7644"	0.0187454422412949	0.161822899348322	0.141345869531569	"CHRNB2/CHRNA9"	2
"M1"	"Glycosphingolipid metabolism"	"Glycosphingolipid metabolism"	"3/117"	"39/7644"	0.021409652020307	0.181125656091797	0.158206060192163	"ARSJ/SMPD3/ARSI"	3
"M1"	"PKA activation"	"PKA activation"	"2/117"	"16/7644"	0.0242330562245994	0.197126591980876	0.172182241595838	"ADCY1/ADCY5"	2
"M1"	"Regulation of KIT signaling"	"Regulation of KIT signaling"	"2/117"	"16/7644"	0.0242330562245994	0.197126591980876	0.172182241595838	"KIT/SOCS1"	2
"M1"	"Glucagon-like Peptide-1 (GLP1) regulates insulin secretion"	"Glucagon-like Peptide-1 (GLP1) regulates insulin secretion"	"3/117"	"42/7644"	0.0260236871321416	0.201806692270886	0.176270123148143	"GNG4/ADCY5/KCNS3"	3
"M1"	"PKA activation in glucagon signalling"	"PKA activation in glucagon signalling"	"2/117"	"17/7644"	0.0271931894084677	0.201806692270886	0.176270123148143	"ADCY1/ADCY5"	2
"M1"	"PKA-mediated phosphorylation of CREB"	"PKA-mediated phosphorylation of CREB"	"2/117"	"17/7644"	0.0271931894084677	0.201806692270886	0.176270123148143	"ADCY1/ADCY5"	2
"M1"	"PLC beta mediated events"	"PLC beta mediated events"	"3/117"	"43/7644"	0.0276708939756771	0.201806692270886	0.176270123148143	"ADCY1/ADCY5/PLCB4"	3
"M1"	"Vasopressin regulates renal water homeostasis via Aquaporins"	"Vasopressin regulates renal water homeostasis via Aquaporins"	"3/117"	"43/7644"	0.0276708939756771	0.201806692270886	0.176270123148143	"GNG4/ADCY1/ADCY5"	3
"M1"	"Voltage gated Potassium channels"	"Voltage gated Potassium channels"	"3/117"	"43/7644"	0.0276708939756771	0.201806692270886	0.176270123148143	"KCNC1/KCNQ5/KCNS3"	3
"M1"	"Orphan transporters"	"Orphan transporters"	"5/117"	"114/7644"	0.030268693389575	0.210050069959733	0.183470385855086	"TUBB6/GABRB3/ANO5/GABRQ/GABRA3"	5
"M1"	"Activation of SMO"	"Activation of SMO"	"2/117"	"18/7644"	0.0302909084339094	0.210050069959733	0.183470385855086	"EVC/EVC2"	2
"M1"	"cGMP effects"	"cGMP effects"	"2/117"	"18/7644"	0.0302909084339094	0.210050069959733	0.183470385855086	"PDE2A/PDE10A"	2
"M1"	"Platelet homeostasis"	"Platelet homeostasis"	"4/117"	"79/7644"	0.0325537231602108	0.221158664104289	0.19317330123331	"GNG4/PDE2A/SLC8A3/PDE10A"	4
"M1"	"G alpha (z) signalling events"	"G alpha (z) signalling events"	"3/117"	"46/7644"	0.0329385244410644	0.221158664104289	0.19317330123331	"GNG4/ADCY1/ADCY5"	3
"M1"	"GABA synthesis, release, reuptake and degradation"	"GABA synthesis, release, reuptake and degradation"	"2/117"	"19/7644"	0.0335213847980636	0.221555402649701	0.193519836580926	"SLC6A1/GAD1"	2
"M1"	"NGF signalling via TRKA from the plasma membrane"	"NGF signalling via TRKA from the plasma membrane"	"7/117"	"206/7644"	0.038327000961675	0.249420329335208	0.217858742308469	"DNM3/ADCY1/ERBB3/ADCY5/SH3GL2/KIT/EGF"	7
"M1"	"Glutamate Neurotransmitter Release Cycle"	"Glutamate Neurotransmitter Release Cycle"	"2/117"	"21/7644"	0.0403618600421448	0.254725221066719	0.22249235434719	"SLC1A1/PPFIA2"	2
"M1"	"NOTCH2 Activation and Transmission of Signal to the Nucleus"	"NOTCH2 Activation and Transmission of Signal to the Nucleus"	"2/117"	"21/7644"	0.0403618600421448	0.254725221066719	0.22249235434719	"CNTN1/DLL1"	2
"M1"	"Cell junction organization"	"Cell junction organization"	"4/117"	"85/7644"	0.0409487353015056	0.254725221066719	0.22249235434719	"CADM3/LIMS2/CDH13/LAMB3"	4
"M1"	"Aquaporin-mediated transport"	"Aquaporin-mediated transport"	"3/117"	"51/7644"	0.0427914238692874	0.262330033285631	0.229134855501447	"GNG4/ADCY1/ADCY5"	3
"M1"	"Extrinsic Pathway"	"Extrinsic Pathway"	"2/117"	"22/7644"	0.0439627595988708	0.265660675861748	0.232044039386521	"UNC5A/DCC"	2
"M1"	"Degradation of the extracellular matrix"	"Degradation of the extracellular matrix"	"4/117"	"89/7644"	0.0471677681837882	0.280109503691055	0.244664516101929	"MMP24/MMP17/LAMB3/ACAN"	4
"M1"	"Laminin interactions"	"Laminin interactions"	"2/117"	"23/7644"	0.0476782133942221	0.280109503691055	0.244664516101929	"LAMA2/LAMB3"	2
"M1"	"Nitric oxide stimulates guanylate cyclase"	"Nitric oxide stimulates guanylate cyclase"	"2/117"	"25/7644"	0.0554357492963175	0.3067759419022	0.267956589791395	"PDE2A/PDE10A"	2
"M1"	"Signaling by EGFR"	"Signaling by EGFR"	"6/117"	"179/7644"	0.0563276820613017	0.3067759419022	0.267956589791395	"ADCY1/ERBB3/ADCY5/SH3GL2/KIT/EGF"	6
"M1"	"Signaling by Overexpressed Wild-Type EGFR in Cancer"	"Signaling by Overexpressed Wild-Type EGFR in Cancer"	"6/117"	"179/7644"	0.0563276820613017	0.3067759419022	0.267956589791395	"ADCY1/ERBB3/ADCY5/SH3GL2/KIT/EGF"	6
"M1"	"Signaling by EGFR in Cancer"	"Signaling by EGFR in Cancer"	"6/117"	"181/7644"	0.0588333737178822	0.3067759419022	0.267956589791395	"ADCY1/ERBB3/ADCY5/SH3GL2/KIT/EGF"	6
"M1"	"Signaling by EGFRvIII in Cancer"	"Signaling by EGFRvIII in Cancer"	"6/117"	"181/7644"	0.0588333737178822	0.3067759419022	0.267956589791395	"ADCY1/ERBB3/ADCY5/SH3GL2/KIT/EGF"	6
"M1"	"Signaling by Ligand-Responsive EGFR Variants in Cancer"	"Signaling by Ligand-Responsive EGFR Variants in Cancer"	"6/117"	"181/7644"	0.0588333737178822	0.3067759419022	0.267956589791395	"ADCY1/ERBB3/ADCY5/SH3GL2/KIT/EGF"	6
"M1"	"Calmodulin induced events"	"Calmodulin induced events"	"2/117"	"26/7644"	0.0594695679337598	0.3067759419022	0.267956589791395	"ADCY1/ADCY5"	2
"M1"	"CaM pathway"	"CaM pathway"	"2/117"	"26/7644"	0.0594695679337598	0.3067759419022	0.267956589791395	"ADCY1/ADCY5"	2
"M1"	"EGFR downregulation"	"EGFR downregulation"	"2/117"	"26/7644"	0.0594695679337598	0.3067759419022	0.267956589791395	"SH3GL2/EGF"	2
"M1"	"Insulin processing"	"Insulin processing"	"2/117"	"26/7644"	0.0594695679337598	0.3067759419022	0.267956589791395	"KIF5A/PCSK2"	2
"M1"	"Signaling by PDGF"	"Signaling by PDGF"	"6/117"	"184/7644"	0.0627159630132077	0.317106984626702	0.276980344914701	"ADCY1/ERBB3/ADCY5/PDGFD/KIT/EGF"	6
"M1"	"Stimuli-sensing channels"	"Stimuli-sensing channels"	"4/117"	"98/7644"	0.062971599784026	0.317106984626702	0.276980344914701	"TRPM3/UNC79/WNK2/ANO5"	4
"M1"	"Adrenaline,noradrenaline inhibits insulin secretion"	"Adrenaline,noradrenaline inhibits insulin secretion"	"2/117"	"28/7644"	0.0678273874899237	0.32978143572687	0.288050974095139	"GNG4/ADCY5"	2
"M1"	"Ca-dependent events"	"Ca-dependent events"	"2/117"	"28/7644"	0.0678273874899237	0.32978143572687	0.288050974095139	"ADCY1/ADCY5"	2
"M1"	"Keratan sulfate biosynthesis"	"Keratan sulfate biosynthesis"	"2/117"	"28/7644"	0.0678273874899237	0.32978143572687	0.288050974095139	"FMOD/ACAN"	2
"M1"	"Signalling by NGF"	"Signalling by NGF"	"8/117"	"287/7644"	0.0726173747215821	0.346083217969534	0.302289932828932	"DNM3/ADCY1/ERBB3/ADCY5/SH3GL2/KIT/SORCS3/EGF"	8
"M1"	"MHC class II antigen presentation"	"MHC class II antigen presentation"	"4/117"	"103/7644"	0.0728165635916987	0.346083217969534	0.302289932828932	"KIF5A/DNM3/SPTBN2/SH3GL2"	4
"M1"	"Activation of Kainate Receptors upon glutamate binding"	"Activation of Kainate Receptors upon glutamate binding"	"2/117"	"30/7644"	0.0765466710683187	0.351948281107596	0.307412832322424	"GNG4/GRIK2"	2
"M1"	"Adherens junctions interactions"	"Adherens junctions interactions"	"2/117"	"30/7644"	0.0765466710683187	0.351948281107596	0.307412832322424	"CADM3/CDH13"	2
"M1"	"Amine compound SLC transporters"	"Amine compound SLC transporters"	"2/117"	"30/7644"	0.0765466710683187	0.351948281107596	0.307412832322424	"SLC6A1/SLC44A5"	2
"M1"	"Downstream signaling of activated FGFR"	"Downstream signaling of activated FGFR"	"5/117"	"149/7644"	0.0780127729450872	0.352566008761486	0.307952392871175	"ADCY1/ERBB3/ADCY5/KIT/EGF"	5
"M1"	"DAG and IP3 signaling"	"DAG and IP3 signaling"	"2/117"	"31/7644"	0.081032665844616	0.352566008761486	0.307952392871175	"ADCY1/ADCY5"	2
"M1"	"Activation of Matrix Metalloproteinases"	"Activation of Matrix Metalloproteinases"	"2/117"	"32/7644"	0.0855981706995265	0.352566008761486	0.307952392871175	"MMP24/MMP17"	2
"M1"	"SHC1 events in ERBB2 signaling"	"SHC1 events in ERBB2 signaling"	"2/117"	"32/7644"	0.0855981706995265	0.352566008761486	0.307952392871175	"ERBB3/EGF"	2
"M1"	"Signaling by NOTCH2"	"Signaling by NOTCH2"	"2/117"	"32/7644"	0.0855981706995265	0.352566008761486	0.307952392871175	"CNTN1/DLL1"	2
"M1"	"Keratan sulfate/keratin metabolism"	"Keratan sulfate/keratin metabolism"	"2/117"	"33/7644"	0.0902397505340511	0.352566008761486	0.307952392871175	"FMOD/ACAN"	2
"M1"	"PLC-gamma1 signalling"	"PLC-gamma1 signalling"	"2/117"	"33/7644"	0.0902397505340511	0.352566008761486	0.307952392871175	"ADCY1/ADCY5"	2
"M1"	"Sphingolipid metabolism"	"Sphingolipid metabolism"	"3/117"	"71/7644"	0.0946516335456012	0.352566008761486	0.307952392871175	"ARSJ/SMPD3/ARSI"	3
"M1"	"FBXW7 Mutants and NOTCH1 in Cancer"	"FBXW7 Mutants and NOTCH1 in Cancer"	"3/117"	"72/7644"	0.09771637040573	0.352566008761486	0.307952392871175	"DNER/CNTN1/DLL1"	3
"M1"	"Signaling by NOTCH1"	"Signaling by NOTCH1"	"3/117"	"72/7644"	0.09771637040573	0.352566008761486	0.307952392871175	"DNER/CNTN1/DLL1"	3
"M1"	"Signaling by NOTCH1 HD Domain Mutants in Cancer"	"Signaling by NOTCH1 HD Domain Mutants in Cancer"	"3/117"	"72/7644"	0.09771637040573	0.352566008761486	0.307952392871175	"DNER/CNTN1/DLL1"	3
"M1"	"Signaling by NOTCH1 HD+PEST Domain Mutants in Cancer"	"Signaling by NOTCH1 HD+PEST Domain Mutants in Cancer"	"3/117"	"72/7644"	0.09771637040573	0.352566008761486	0.307952392871175	"DNER/CNTN1/DLL1"	3
"M1"	"Signaling by NOTCH1 in Cancer"	"Signaling by NOTCH1 in Cancer"	"3/117"	"72/7644"	0.09771637040573	0.352566008761486	0.307952392871175	"DNER/CNTN1/DLL1"	3
"M1"	"Signaling by NOTCH1 PEST Domain Mutants in Cancer"	"Signaling by NOTCH1 PEST Domain Mutants in Cancer"	"3/117"	"72/7644"	0.09771637040573	0.352566008761486	0.307952392871175	"DNER/CNTN1/DLL1"	3
"M1"	"Signaling by NOTCH1 t(7;9)(NOTCH1:M1580_K2555) Translocation Mutant"	"Signaling by NOTCH1 t(7;9)(NOTCH1:M1580_K2555) Translocation Mutant"	"3/117"	"72/7644"	0.09771637040573	0.352566008761486	0.307952392871175	"DNER/CNTN1/DLL1"	3
"M1"	"Downstream signal transduction"	"Downstream signal transduction"	"5/117"	"161/7644"	0.100390127378878	0.352566008761486	0.307952392871175	"ADCY1/ERBB3/ADCY5/KIT/EGF"	5
"M1"	"Signaling by FGFR"	"Signaling by FGFR"	"5/117"	"162/7644"	0.102387610678566	0.352566008761486	0.307952392871175	"ADCY1/ERBB3/ADCY5/KIT/EGF"	5
"M1"	"Signaling by ERBB2"	"Signaling by ERBB2"	"5/117"	"163/7644"	0.1044050053463	0.352566008761486	0.307952392871175	"ADCY1/ERBB3/ADCY5/KIT/EGF"	5
"M1"	"Gamma carboxylation, hypusine formation and arylsulfatase activation"	"Gamma carboxylation, hypusine formation and arylsulfatase activation"	"2/117"	"36/7644"	0.104587852089771	0.352566008761486	0.307952392871175	"ARSJ/ARSI"	2
"M1"	"DAP12 signaling"	"DAP12 signaling"	"5/117"	"164/7644"	0.106442189317571	0.352566008761486	0.307952392871175	"ADCY1/ERBB3/ADCY5/KIT/EGF"	5
"M1"	"Defective B3GAT3 causes JDSSDHD"	"Defective B3GAT3 causes JDSSDHD"	"4/117"	"121/7644"	0.114188045390836	0.352566008761486	0.307952392871175	"FMOD/HS3ST3B1/HAS3/ACAN"	4
"M1"	"Defective B4GALT1 causes B4GALT1-CDG (CDG-2d)"	"Defective B4GALT1 causes B4GALT1-CDG (CDG-2d)"	"4/117"	"121/7644"	0.114188045390836	0.352566008761486	0.307952392871175	"FMOD/HS3ST3B1/HAS3/ACAN"	4
"M1"	"Defective B4GALT7 causes EDS, progeroid type"	"Defective B4GALT7 causes EDS, progeroid type"	"4/117"	"121/7644"	0.114188045390836	0.352566008761486	0.307952392871175	"FMOD/HS3ST3B1/HAS3/ACAN"	4
"M1"	"Defective CHST14 causes EDS, musculocontractural type"	"Defective CHST14 causes EDS, musculocontractural type"	"4/117"	"121/7644"	0.114188045390836	0.352566008761486	0.307952392871175	"FMOD/HS3ST3B1/HAS3/ACAN"	4
"M1"	"Defective CHST3 causes SEDCJD"	"Defective CHST3 causes SEDCJD"	"4/117"	"121/7644"	0.114188045390836	0.352566008761486	0.307952392871175	"FMOD/HS3ST3B1/HAS3/ACAN"	4
"M1"	"Defective CHST6 causes MCDC1"	"Defective CHST6 causes MCDC1"	"4/117"	"121/7644"	0.114188045390836	0.352566008761486	0.307952392871175	"FMOD/HS3ST3B1/HAS3/ACAN"	4
"M1"	"Defective CHSY1 causes TPBS"	"Defective CHSY1 causes TPBS"	"4/117"	"121/7644"	0.114188045390836	0.352566008761486	0.307952392871175	"FMOD/HS3ST3B1/HAS3/ACAN"	4
"M1"	"Defective EXT1 causes exostoses 1, TRPS2 and CHDS"	"Defective EXT1 causes exostoses 1, TRPS2 and CHDS"	"4/117"	"121/7644"	0.114188045390836	0.352566008761486	0.307952392871175	"FMOD/HS3ST3B1/HAS3/ACAN"	4
"M1"	"Defective EXT2 causes exostoses 2"	"Defective EXT2 causes exostoses 2"	"4/117"	"121/7644"	0.114188045390836	0.352566008761486	0.307952392871175	"FMOD/HS3ST3B1/HAS3/ACAN"	4
"M1"	"Defective PAPSS2 causes SEMD-PA"	"Defective PAPSS2 causes SEMD-PA"	"4/117"	"121/7644"	0.114188045390836	0.352566008761486	0.307952392871175	"FMOD/HS3ST3B1/HAS3/ACAN"	4
"M1"	"Defective SLC26A2 causes chondrodysplasias"	"Defective SLC26A2 causes chondrodysplasias"	"4/117"	"121/7644"	0.114188045390836	0.352566008761486	0.307952392871175	"FMOD/HS3ST3B1/HAS3/ACAN"	4
"M1"	"Diseases associated with glycosaminoglycan metabolism"	"Diseases associated with glycosaminoglycan metabolism"	"4/117"	"121/7644"	0.114188045390836	0.352566008761486	0.307952392871175	"FMOD/HS3ST3B1/HAS3/ACAN"	4
"M1"	"Glycosaminoglycan metabolism"	"Glycosaminoglycan metabolism"	"4/117"	"121/7644"	0.114188045390836	0.352566008761486	0.307952392871175	"FMOD/HS3ST3B1/HAS3/ACAN"	4
"M1"	"MPS I - Hurler syndrome"	"MPS I - Hurler syndrome"	"4/117"	"121/7644"	0.114188045390836	0.352566008761486	0.307952392871175	"FMOD/HS3ST3B1/HAS3/ACAN"	4
"M1"	"MPS II - Hunter syndrome"	"MPS II - Hunter syndrome"	"4/117"	"121/7644"	0.114188045390836	0.352566008761486	0.307952392871175	"FMOD/HS3ST3B1/HAS3/ACAN"	4
"M1"	"MPS IIIA - Sanfilippo syndrome A"	"MPS IIIA - Sanfilippo syndrome A"	"4/117"	"121/7644"	0.114188045390836	0.352566008761486	0.307952392871175	"FMOD/HS3ST3B1/HAS3/ACAN"	4
"M1"	"MPS IIIB - Sanfilippo syndrome B"	"MPS IIIB - Sanfilippo syndrome B"	"4/117"	"121/7644"	0.114188045390836	0.352566008761486	0.307952392871175	"FMOD/HS3ST3B1/HAS3/ACAN"	4
"M1"	"MPS IIIC - Sanfilippo syndrome C"	"MPS IIIC - Sanfilippo syndrome C"	"4/117"	"121/7644"	0.114188045390836	0.352566008761486	0.307952392871175	"FMOD/HS3ST3B1/HAS3/ACAN"	4
"M1"	"MPS IIID - Sanfilippo syndrome D"	"MPS IIID - Sanfilippo syndrome D"	"4/117"	"121/7644"	0.114188045390836	0.352566008761486	0.307952392871175	"FMOD/HS3ST3B1/HAS3/ACAN"	4
"M1"	"MPS IV - Morquio syndrome A"	"MPS IV - Morquio syndrome A"	"4/117"	"121/7644"	0.114188045390836	0.352566008761486	0.307952392871175	"FMOD/HS3ST3B1/HAS3/ACAN"	4
"M1"	"MPS IV - Morquio syndrome B"	"MPS IV - Morquio syndrome B"	"4/117"	"121/7644"	0.114188045390836	0.352566008761486	0.307952392871175	"FMOD/HS3ST3B1/HAS3/ACAN"	4
"M1"	"MPS IX - Natowicz syndrome"	"MPS IX - Natowicz syndrome"	"4/117"	"121/7644"	0.114188045390836	0.352566008761486	0.307952392871175	"FMOD/HS3ST3B1/HAS3/ACAN"	4
"M1"	"MPS VII - Sly syndrome"	"MPS VII - Sly syndrome"	"4/117"	"121/7644"	0.114188045390836	0.352566008761486	0.307952392871175	"FMOD/HS3ST3B1/HAS3/ACAN"	4
"M1"	"MPS VI - Maroteaux-Lamy syndrome"	"MPS VI - Maroteaux-Lamy syndrome"	"4/117"	"121/7644"	0.114188045390836	0.352566008761486	0.307952392871175	"FMOD/HS3ST3B1/HAS3/ACAN"	4
"M1"	"Mucopolysaccharidoses"	"Mucopolysaccharidoses"	"4/117"	"121/7644"	0.114188045390836	0.352566008761486	0.307952392871175	"FMOD/HS3ST3B1/HAS3/ACAN"	4
"M1"	"Activation of NMDA receptor upon glutamate binding and postsynaptic events"	"Activation of NMDA receptor upon glutamate binding and postsynaptic events"	"2/117"	"39/7644"	0.119504918757062	0.36630855532056	0.319955960974286	"GRIA2/ADCY1"	2
"M1"	"Elastic fibre formation"	"Elastic fibre formation"	"2/117"	"41/7644"	0.12972610058603	0.391958146770646	0.342359859441326	"LTBP1/FBN3"	2
"M1"	"EPHB-mediated forward signaling"	"EPHB-mediated forward signaling"	"2/117"	"41/7644"	0.12972610058603	0.391958146770646	0.342359859441326	"EFNB3/EPHB1"	2
"M1"	"Signaling by FGFR in disease"	"Signaling by FGFR in disease"	"5/117"	"177/7644"	0.134664765252923	0.402035828492703	0.351162313801017	"ADCY1/ERBB3/ADCY5/KIT/EGF"	5
"M1"	"Hemostasis"	"Hemostasis"	"11/117"	"497/7644"	0.138208268027923	0.402035828492703	0.351162313801017	"KIF5A/GNG4/PDE2A/ANGPT1/PRKCZ/L1CAM/DGKI/ZFPM2/SLC8A3/PDE10A/EGF"	11
"M1"	"DAP12 interactions"	"DAP12 interactions"	"5/117"	"179/7644"	0.139281481704403	0.402035828492703	0.351162313801017	"ADCY1/ERBB3/ADCY5/KIT/EGF"	5
"M1"	"Hedgehog 'on' state"	"Hedgehog 'on' state"	"3/117"	"85/7644"	0.140943313229299	0.402035828492703	0.351162313801017	"EVC/GLI2/EVC2"	3
"M1"	"Activation of Ca-permeable Kainate Receptor"	"Activation of Ca-permeable Kainate Receptor"	"1/117"	"10/7644"	0.143016219992746	0.402035828492703	0.351162313801017	"GRIK2"	1
"M1"	"Ionotropic activity of Kainate Receptors"	"Ionotropic activity of Kainate Receptors"	"1/117"	"10/7644"	0.143016219992746	0.402035828492703	0.351162313801017	"GRIK2"	1
"M1"	"Reduction of cytosolic Ca++ levels"	"Reduction of cytosolic Ca++ levels"	"1/117"	"10/7644"	0.143016219992746	0.402035828492703	0.351162313801017	"SLC8A3"	1
"M1"	"Role of second messengers in netrin-1 signaling"	"Role of second messengers in netrin-1 signaling"	"1/117"	"10/7644"	0.143016219992746	0.402035828492703	0.351162313801017	"DCC"	1
"M1"	"Synthesis of pyrophosphates in the cytosol"	"Synthesis of pyrophosphates in the cytosol"	"1/117"	"10/7644"	0.143016219992746	0.402035828492703	0.351162313801017	"NUDT10"	1
"M1"	"Zinc influx into cells by the SLC39 gene family"	"Zinc influx into cells by the SLC39 gene family"	"1/117"	"10/7644"	0.143016219992746	0.402035828492703	0.351162313801017	"SLC39A4"	1
"M1"	"Collagen formation"	"Collagen formation"	"3/117"	"86/7644"	0.144503067098089	0.402035828492703	0.351162313801017	"COL20A1/COL11A1/LAMB3"	3
"M1"	"Constitutive PI3K/AKT Signaling in Cancer"	"Constitutive PI3K/AKT Signaling in Cancer"	"3/117"	"86/7644"	0.144503067098089	0.402035828492703	0.351162313801017	"ERBB3/KIT/EGF"	3
"M1"	"Inositol phosphate metabolism"	"Inositol phosphate metabolism"	"2/117"	"44/7644"	0.14541721456119	0.402035828492703	0.351162313801017	"NUDT10/PLCB4"	2
"M1"	"RMTs methylate histone arginines"	"RMTs methylate histone arginines"	"2/117"	"45/7644"	0.150732969586178	0.412822887382887	0.360584380916743	"CDK4/ACTL6B"	2
"M1"	"G alpha (i) signalling events"	"G alpha (i) signalling events"	"6/117"	"236/7644"	0.153009883429989	0.412822887382887	0.360584380916743	"GNG4/GABBR2/ADCY1/ADCY5/GPR17/SSTR2"	6
"M1"	"alpha-linolenic acid (ALA) metabolism"	"alpha-linolenic acid (ALA) metabolism"	"1/117"	"11/7644"	0.156150501137735	0.412822887382887	0.360584380916743	"ELOVL2"	1
"M1"	"alpha-linolenic (omega3) and linoleic (omega6) acid metabolism"	"alpha-linolenic (omega3) and linoleic (omega6) acid metabolism"	"1/117"	"11/7644"	0.156150501137735	0.412822887382887	0.360584380916743	"ELOVL2"	1
"M1"	"Nicotinate metabolism"	"Nicotinate metabolism"	"1/117"	"11/7644"	0.156150501137735	0.412822887382887	0.360584380916743	"NMNAT2"	1
"M1"	"Signaling by NOTCH3"	"Signaling by NOTCH3"	"1/117"	"11/7644"	0.156150501137735	0.412822887382887	0.360584380916743	"DLL1"	1
"M1"	"Signaling by NOTCH4"	"Signaling by NOTCH4"	"1/117"	"11/7644"	0.156150501137735	0.412822887382887	0.360584380916743	"DLL1"	1
"M1"	"EPH-ephrin mediated repulsion of cells"	"EPH-ephrin mediated repulsion of cells"	"2/117"	"48/7644"	0.16690194629595	0.433472911839076	0.378621356365598	"EFNB3/EPHB1"	2
"M1"	"CD28 dependent Vav1 pathway"	"CD28 dependent Vav1 pathway"	"1/117"	"12/7644"	0.169085178376944	0.433472911839076	0.378621356365598	"PAK3"	1
"M1"	"P2Y receptors"	"P2Y receptors"	"1/117"	"12/7644"	0.169085178376944	0.433472911839076	0.378621356365598	"GPR17"	1
"M1"	"Presynaptic nicotinic acetylcholine receptors"	"Presynaptic nicotinic acetylcholine receptors"	"1/117"	"12/7644"	0.169085178376944	0.433472911839076	0.378621356365598	"CHRNB2"	1
"M1"	"Tandem pore domain potassium channels"	"Tandem pore domain potassium channels"	"1/117"	"12/7644"	0.169085178376944	0.433472911839076	0.378621356365598	"KCNK10"	1
"M1"	"Amino acid and oligopeptide SLC transporters"	"Amino acid and oligopeptide SLC transporters"	"2/117"	"49/7644"	0.172357735545961	0.438083534619439	0.38264855207521	"SLC38A1/SLC1A1"	2
"M1"	"EPH-Ephrin signaling"	"EPH-Ephrin signaling"	"3/117"	"94/7644"	0.173990623678642	0.438083534619439	0.38264855207521	"EFNB3/EPHB1/PAK3"	3
"M1"	"Transport of inorganic cations/anions and amino acids/oligopeptides"	"Transport of inorganic cations/anions and amino acids/oligopeptides"	"3/117"	"94/7644"	0.173990623678642	0.438083534619439	0.38264855207521	"SLC38A1/SLC1A1/SLC8A3"	3
"M1"	"Signaling by SCF-KIT"	"Signaling by SCF-KIT"	"4/117"	"144/7644"	0.1786959215449	0.447268490020666	0.390671245482777	"ERBB3/KIT/SOCS1/EGF"	4
"M1"	"Advanced glycosylation endproduct receptor signaling"	"Advanced glycosylation endproduct receptor signaling"	"1/117"	"13/7644"	0.181823259368807	0.44977332580705	0.392859119965844	"LGALS3"	1
"M1"	"Downregulation of ERBB2:ERBB3 signaling"	"Downregulation of ERBB2:ERBB3 signaling"	"1/117"	"13/7644"	0.181823259368807	0.44977332580705	0.392859119965844	"ERBB3"	1
"M1"	"Transport of glucose and other sugars, bile salts and organic acids, metal ions and amine compounds"	"Transport of glucose and other sugars, bile salts and organic acids, metal ions and amine compounds"	"3/117"	"97/7644"	0.185462171248446	0.456107549058679	0.398391812167715	"SLC6A1/SLC44A5/SLC39A4"	3
"M1"	"Hedgehog 'off' state"	"Hedgehog 'off' state"	"3/117"	"99/7644"	0.193219349270441	0.458161568312316	0.400185916331026	"ADCY1/ADCY5/GLI2"	3
"M1"	"Activation of Rac"	"Activation of Rac"	"1/117"	"14/7644"	0.194367706840154	0.458161568312316	0.400185916331026	"PAK3"	1
"M1"	"DCC mediated attractive signaling"	"DCC mediated attractive signaling"	"1/117"	"14/7644"	0.194367706840154	0.458161568312316	0.400185916331026	"DCC"	1
"M1"	"Receptor-ligand binding initiates the second proteolytic cleavage of Notch receptor"	"Receptor-ligand binding initiates the second proteolytic cleavage of Notch receptor"	"1/117"	"14/7644"	0.194367706840154	0.458161568312316	0.400185916331026	"DLL1"	1
"M1"	"Regulation of IFNG signaling"	"Regulation of IFNG signaling"	"1/117"	"14/7644"	0.194367706840154	0.458161568312316	0.400185916331026	"SOCS1"	1
"M1"	"PI3K/AKT Signaling in Cancer"	"PI3K/AKT Signaling in Cancer"	"3/117"	"100/7644"	0.197128618044543	0.458161568312316	0.400185916331026	"ERBB3/KIT/EGF"	3
"M1"	"PI-3K cascade"	"PI-3K cascade"	"3/117"	"100/7644"	0.197128618044543	0.458161568312316	0.400185916331026	"ERBB3/KIT/EGF"	3
"M1"	"PI3K events in ERBB2 signaling"	"PI3K events in ERBB2 signaling"	"3/117"	"100/7644"	0.197128618044543	0.458161568312316	0.400185916331026	"ERBB3/KIT/EGF"	3
"M1"	"PI3K events in ERBB4 signaling"	"PI3K events in ERBB4 signaling"	"3/117"	"100/7644"	0.197128618044543	0.458161568312316	0.400185916331026	"ERBB3/KIT/EGF"	3
"M1"	"PIP3 activates AKT signaling"	"PIP3 activates AKT signaling"	"3/117"	"100/7644"	0.197128618044543	0.458161568312316	0.400185916331026	"ERBB3/KIT/EGF"	3
"M1"	"Assembly of collagen fibrils and other multimeric structures"	"Assembly of collagen fibrils and other multimeric structures"	"2/117"	"54/7644"	0.20003452068608	0.459861968751151	0.401671148517243	"COL11A1/LAMB3"	2
"M1"	"Phospholipase C-mediated cascade"	"Phospholipase C-mediated cascade"	"2/117"	"54/7644"	0.20003452068608	0.459861968751151	0.401671148517243	"ADCY1/ADCY5"	2
"M1"	"SLC-mediated transmembrane transport"	"SLC-mediated transmembrane transport"	"6/117"	"259/7644"	0.205214404071746	0.462662268801309	0.404117099288938	"SLC6A1/SLC38A1/SLC1A1/SLC44A5/SLC39A4/SLC8A3"	6
"M1"	"Constitutive Signaling by EGFRvIII"	"Constitutive Signaling by EGFRvIII"	"1/117"	"15/7644"	0.206721439251649	0.462662268801309	0.404117099288938	"EGF"	1
"M1"	"Constitutive Signaling by NOTCH1 HD Domain Mutants"	"Constitutive Signaling by NOTCH1 HD Domain Mutants"	"1/117"	"15/7644"	0.206721439251649	0.462662268801309	0.404117099288938	"DLL1"	1
"M1"	"Eicosanoid ligand-binding receptors"	"Eicosanoid ligand-binding receptors"	"1/117"	"15/7644"	0.206721439251649	0.462662268801309	0.404117099288938	"GPR17"	1
"M1"	"N-Glycan antennae elongation"	"N-Glycan antennae elongation"	"1/117"	"15/7644"	0.206721439251649	0.462662268801309	0.404117099288938	"ST8SIA3"	1
"M1"	"PI3K/AKT activation"	"PI3K/AKT activation"	"3/117"	"103/7644"	0.208970602040962	0.462946706024051	0.404365543895588	"ERBB3/KIT/EGF"	3
"M1"	"GAB1 signalosome"	"GAB1 signalosome"	"3/117"	"104/7644"	0.21295364409186	0.462946706024051	0.404365543895588	"ERBB3/KIT/EGF"	3
"M1"	"Acyl chain remodelling of PI"	"Acyl chain remodelling of PI"	"1/117"	"16/7644"	0.218887331453452	0.462946706024051	0.404365543895588	"PLA2G5"	1
"M1"	"Cell-extracellular matrix interactions"	"Cell-extracellular matrix interactions"	"1/117"	"16/7644"	0.218887331453452	0.462946706024051	0.404365543895588	"LIMS2"	1
"M1"	"CRMPs in Sema3A signaling"	"CRMPs in Sema3A signaling"	"1/117"	"16/7644"	0.218887331453452	0.462946706024051	0.404365543895588	"CDK5R1"	1
"M1"	"Hyaluronan metabolism"	"Hyaluronan metabolism"	"1/117"	"16/7644"	0.218887331453452	0.462946706024051	0.404365543895588	"HAS3"	1
"M1"	"Nucleotide-like (purinergic) receptors"	"Nucleotide-like (purinergic) receptors"	"1/117"	"16/7644"	0.218887331453452	0.462946706024051	0.404365543895588	"GPR17"	1
"M1"	"Sema3A PAK dependent Axon repulsion"	"Sema3A PAK dependent Axon repulsion"	"1/117"	"16/7644"	0.218887331453452	0.462946706024051	0.404365543895588	"PAK3"	1
"M1"	"Synthesis of very long-chain fatty acyl-CoAs"	"Synthesis of very long-chain fatty acyl-CoAs"	"1/117"	"16/7644"	0.218887331453452	0.462946706024051	0.404365543895588	"ELOVL2"	1
"M1"	"TGF-beta receptor signaling in EMT (epithelial to mesenchymal transition)"	"TGF-beta receptor signaling in EMT (epithelial to mesenchymal transition)"	"1/117"	"16/7644"	0.218887331453452	0.462946706024051	0.404365543895588	"PRKCZ"	1
"M1"	"Trafficking of GluR2-containing AMPA receptors"	"Trafficking of GluR2-containing AMPA receptors"	"1/117"	"16/7644"	0.218887331453452	0.462946706024051	0.404365543895588	"GRIA2"	1
"M1"	"Acetylcholine Neurotransmitter Release Cycle"	"Acetylcholine Neurotransmitter Release Cycle"	"1/117"	"17/7644"	0.230868215331263	0.476376854073778	0.416096244319761	"PPFIA2"	1
"M1"	"Acyl chain remodelling of PG"	"Acyl chain remodelling of PG"	"1/117"	"17/7644"	0.230868215331263	0.476376854073778	0.416096244319761	"PLA2G5"	1
"M1"	"Acyl chain remodelling of PS"	"Acyl chain remodelling of PS"	"1/117"	"17/7644"	0.230868215331263	0.476376854073778	0.416096244319761	"PLA2G5"	1
"M1"	"Unblocking of NMDA receptor, glutamate binding and activation"	"Unblocking of NMDA receptor, glutamate binding and activation"	"1/117"	"17/7644"	0.230868215331263	0.476376854073778	0.416096244319761	"GRIA2"	1
"M1"	"Zinc transporters"	"Zinc transporters"	"1/117"	"17/7644"	0.230868215331263	0.476376854073778	0.416096244319761	"SLC39A4"	1
"M1"	"Cell-cell junction organization"	"Cell-cell junction organization"	"2/117"	"60/7644"	0.233861982767359	0.480211741313557	0.419445865872984	"CADM3/CDH13"	2
"M1"	"Dopamine Neurotransmitter Release Cycle"	"Dopamine Neurotransmitter Release Cycle"	"1/117"	"18/7644"	0.242666880442872	0.486483840887844	0.424924295512338	"PPFIA2"	1
"M1"	"Norepinephrine Neurotransmitter Release Cycle"	"Norepinephrine Neurotransmitter Release Cycle"	"1/117"	"18/7644"	0.242666880442872	0.486483840887844	0.424924295512338	"PPFIA2"	1
"M1"	"Post-chaperonin tubulin folding pathway"	"Post-chaperonin tubulin folding pathway"	"1/117"	"18/7644"	0.242666880442872	0.486483840887844	0.424924295512338	"TUBB6"	1
"M1"	"Serotonin Neurotransmitter Release Cycle"	"Serotonin Neurotransmitter Release Cycle"	"1/117"	"18/7644"	0.242666880442872	0.486483840887844	0.424924295512338	"PPFIA2"	1
"M1"	"Tie2 Signaling"	"Tie2 Signaling"	"1/117"	"18/7644"	0.242666880442872	0.486483840887844	0.424924295512338	"ANGPT1"	1
"M1"	"Constitutive Signaling by Ligand-Responsive EGFR Cancer Variants"	"Constitutive Signaling by Ligand-Responsive EGFR Cancer Variants"	"1/117"	"19/7644"	0.254286074645362	0.497976896180501	0.434963022419698	"EGF"	1
"M1"	"Na+/Cl- dependent neurotransmitter transporters"	"Na+/Cl- dependent neurotransmitter transporters"	"1/117"	"19/7644"	0.254286074645362	0.497976896180501	0.434963022419698	"SLC6A1"	1
"M1"	"Platelet calcium homeostasis"	"Platelet calcium homeostasis"	"1/117"	"19/7644"	0.254286074645362	0.497976896180501	0.434963022419698	"SLC8A3"	1
"M1"	"Prostacyclin signalling through prostacyclin receptor"	"Prostacyclin signalling through prostacyclin receptor"	"1/117"	"19/7644"	0.254286074645362	0.497976896180501	0.434963022419698	"GNG4"	1
"M1"	"Synthesis of PC"	"Synthesis of PC"	"1/117"	"19/7644"	0.254286074645362	0.497976896180501	0.434963022419698	"SLC44A5"	1
"M1"	"Collagen biosynthesis and modifying enzymes"	"Collagen biosynthesis and modifying enzymes"	"2/117"	"64/7644"	0.256610426297053	0.500010347488404	0.436739161300062	"COL20A1/COL11A1"	2
"M1"	"Fatty Acyl-CoA Biosynthesis"	"Fatty Acyl-CoA Biosynthesis"	"1/117"	"20/7644"	0.265728504713099	0.500010347488404	0.436739161300062	"ELOVL2"	1
"M1"	"Formation of tubulin folding intermediates by CCT/TriC"	"Formation of tubulin folding intermediates by CCT/TriC"	"1/117"	"20/7644"	0.265728504713099	0.500010347488404	0.436739161300062	"TUBB6"	1
"M1"	"G beta:gamma signalling through PLC beta"	"G beta:gamma signalling through PLC beta"	"1/117"	"20/7644"	0.265728504713099	0.500010347488404	0.436739161300062	"GNG4"	1
"M1"	"Neurotoxicity of clostridium toxins"	"Neurotoxicity of clostridium toxins"	"1/117"	"20/7644"	0.265728504713099	0.500010347488404	0.436739161300062	"STX1B"	1
"M1"	"N-glycan antennae elongation in the medial/trans-Golgi"	"N-glycan antennae elongation in the medial/trans-Golgi"	"1/117"	"20/7644"	0.265728504713099	0.500010347488404	0.436739161300062	"ST8SIA3"	1
"M1"	"Diseases of glycosylation"	"Diseases of glycosylation"	"5/117"	"227/7644"	0.267408125552947	0.500010347488404	0.436739161300062	"FMOD/HS3ST3B1/ST8SIA3/HAS3/ACAN"	5
"M1"	"Semaphorin interactions"	"Semaphorin interactions"	"2/117"	"67/7644"	0.273704737160274	0.500010347488404	0.436739161300062	"CDK5R1/PAK3"	2
"M1"	"GRB2 events in EGFR signaling"	"GRB2 events in EGFR signaling"	"1/117"	"21/7644"	0.276996836946646	0.500010347488404	0.436739161300062	"EGF"	1
"M1"	"Presynaptic function of Kainate receptors"	"Presynaptic function of Kainate receptors"	"1/117"	"21/7644"	0.276996836946646	0.500010347488404	0.436739161300062	"GNG4"	1
"M1"	"RA biosynthesis pathway"	"RA biosynthesis pathway"	"1/117"	"21/7644"	0.276996836946646	0.500010347488404	0.436739161300062	"RDH5"	1
"M1"	"Signal transduction by L1"	"Signal transduction by L1"	"1/117"	"21/7644"	0.276996836946646	0.500010347488404	0.436739161300062	"L1CAM"	1
"M1"	"Signaling by NOTCH"	"Signaling by NOTCH"	"3/117"	"122/7644"	0.286859909942138	0.500010347488404	0.436739161300062	"DNER/CNTN1/DLL1"	3
"M1"	"ADP signalling through P2Y purinoceptor 12"	"ADP signalling through P2Y purinoceptor 12"	"1/117"	"22/7644"	0.288093697772731	0.500010347488404	0.436739161300062	"GNG4"	1
"M1"	"SHC1 events in EGFR signaling"	"SHC1 events in EGFR signaling"	"1/117"	"22/7644"	0.288093697772731	0.500010347488404	0.436739161300062	"EGF"	1
"M1"	"The canonical retinoid cycle in rods (twilight vision)"	"The canonical retinoid cycle in rods (twilight vision)"	"1/117"	"22/7644"	0.288093697772731	0.500010347488404	0.436739161300062	"RDH5"	1
"M1"	"Loss of Function of SMAD2/3 in Cancer"	"Loss of Function of SMAD2/3 in Cancer"	"2/117"	"70/7644"	0.290786159532263	0.500010347488404	0.436739161300062	"BAMBI/PRKCZ"	2
"M1"	"Loss of Function of SMAD4 in Cancer"	"Loss of Function of SMAD4 in Cancer"	"2/117"	"70/7644"	0.290786159532263	0.500010347488404	0.436739161300062	"BAMBI/PRKCZ"	2
"M1"	"Loss of Function of TGFBR1 in Cancer"	"Loss of Function of TGFBR1 in Cancer"	"2/117"	"70/7644"	0.290786159532263	0.500010347488404	0.436739161300062	"BAMBI/PRKCZ"	2
"M1"	"Loss of Function of TGFBR2 in Cancer"	"Loss of Function of TGFBR2 in Cancer"	"2/117"	"70/7644"	0.290786159532263	0.500010347488404	0.436739161300062	"BAMBI/PRKCZ"	2
"M1"	"NCAM signaling for neurite out-growth"	"NCAM signaling for neurite out-growth"	"2/117"	"70/7644"	0.290786159532263	0.500010347488404	0.436739161300062	"SPTBN2/GFRA1"	2
"M1"	"Signaling by TGF-beta Receptor Complex"	"Signaling by TGF-beta Receptor Complex"	"2/117"	"70/7644"	0.290786159532263	0.500010347488404	0.436739161300062	"BAMBI/PRKCZ"	2
"M1"	"Signaling by TGF-beta Receptor Complex in Cancer"	"Signaling by TGF-beta Receptor Complex in Cancer"	"2/117"	"70/7644"	0.290786159532263	0.500010347488404	0.436739161300062	"BAMBI/PRKCZ"	2
"M1"	"SMAD2/3 MH2 Domain Mutants in Cancer"	"SMAD2/3 MH2 Domain Mutants in Cancer"	"2/117"	"70/7644"	0.290786159532263	0.500010347488404	0.436739161300062	"BAMBI/PRKCZ"	2
"M1"	"SMAD2/3 Phosphorylation Motif Mutants in Cancer"	"SMAD2/3 Phosphorylation Motif Mutants in Cancer"	"2/117"	"70/7644"	0.290786159532263	0.500010347488404	0.436739161300062	"BAMBI/PRKCZ"	2
"M1"	"SMAD4 MH2 Domain Mutants in Cancer"	"SMAD4 MH2 Domain Mutants in Cancer"	"2/117"	"70/7644"	0.290786159532263	0.500010347488404	0.436739161300062	"BAMBI/PRKCZ"	2
"M1"	"TGFBR1 KD Mutants in Cancer"	"TGFBR1 KD Mutants in Cancer"	"2/117"	"70/7644"	0.290786159532263	0.500010347488404	0.436739161300062	"BAMBI/PRKCZ"	2
"M1"	"TGFBR1 LBD Mutants in Cancer"	"TGFBR1 LBD Mutants in Cancer"	"2/117"	"70/7644"	0.290786159532263	0.500010347488404	0.436739161300062	"BAMBI/PRKCZ"	2
"M1"	"TGFBR2 Kinase Domain Mutants in Cancer"	"TGFBR2 Kinase Domain Mutants in Cancer"	"2/117"	"70/7644"	0.290786159532263	0.500010347488404	0.436739161300062	"BAMBI/PRKCZ"	2
"M1"	"TGFBR2 MSI Frameshift Mutants in Cancer"	"TGFBR2 MSI Frameshift Mutants in Cancer"	"2/117"	"70/7644"	0.290786159532263	0.500010347488404	0.436739161300062	"BAMBI/PRKCZ"	2
"M1"	"Acyl chain remodelling of PE"	"Acyl chain remodelling of PE"	"1/117"	"23/7644"	0.29902167433539	0.510024871951089	0.445486450304423	"PLA2G5"	1
"M1"	"Thromboxane signalling through TP receptor"	"Thromboxane signalling through TP receptor"	"1/117"	"23/7644"	0.29902167433539	0.510024871951089	0.445486450304423	"GNG4"	1
"M1"	"Costimulation by the CD28 family"	"Costimulation by the CD28 family"	"2/117"	"73/7644"	0.307821159642454	0.522065108678003	0.456003118442153	"PAK3/CD274"	2
"M1"	"Growth hormone receptor signaling"	"Growth hormone receptor signaling"	"1/117"	"24/7644"	0.309783315078437	0.522065108678003	0.456003118442153	"SOCS1"	1
"M1"	"Lysosome Vesicle Biogenesis"	"Lysosome Vesicle Biogenesis"	"1/117"	"24/7644"	0.309783315078437	0.522065108678003	0.456003118442153	"SH3GL2"	1
"M1"	"Acyl chain remodelling of PC"	"Acyl chain remodelling of PC"	"1/117"	"25/7644"	0.320381130319359	0.523247946428914	0.457036280195468	"PLA2G5"	1
"M1"	"ADP signalling through P2Y purinoceptor 1"	"ADP signalling through P2Y purinoceptor 1"	"1/117"	"25/7644"	0.320381130319359	0.523247946428914	0.457036280195468	"GNG4"	1
"M1"	"Basigin interactions"	"Basigin interactions"	"1/117"	"25/7644"	0.320381130319359	0.523247946428914	0.457036280195468	"L1CAM"	1
"M1"	"Effects of PIP2 hydrolysis"	"Effects of PIP2 hydrolysis"	"1/117"	"25/7644"	0.320381130319359	0.523247946428914	0.457036280195468	"DGKI"	1
"M1"	"Metal ion SLC transporters"	"Metal ion SLC transporters"	"1/117"	"25/7644"	0.320381130319359	0.523247946428914	0.457036280195468	"SLC39A4"	1
"M1"	"Regulation of IFNA signaling"	"Regulation of IFNA signaling"	"1/117"	"25/7644"	0.320381130319359	0.523247946428914	0.457036280195468	"SOCS1"	1
"M1"	"Synthesis of IP3 and IP4 in the cytosol"	"Synthesis of IP3 and IP4 in the cytosol"	"1/117"	"25/7644"	0.320381130319359	0.523247946428914	0.457036280195468	"PLCB4"	1
"M1"	"TRP channels"	"TRP channels"	"1/117"	"25/7644"	0.320381130319359	0.523247946428914	0.457036280195468	"TRPM3"	1
"M1"	"G alpha (q) signalling events"	"G alpha (q) signalling events"	"4/117"	"189/7644"	0.328229839019932	0.532075443956856	0.464746748360971	"GNG4/DGKI/GPR17/PLCB4"	4
"M1"	"Downregulation of TGF-beta receptor signaling"	"Downregulation of TGF-beta receptor signaling"	"1/117"	"26/7644"	0.330817592814783	0.532075443956856	0.464746748360971	"BAMBI"	1
"M1"	"Prefoldin mediated transfer of substrate  to CCT/TriC"	"Prefoldin mediated transfer of substrate  to CCT/TriC"	"1/117"	"26/7644"	0.330817592814783	0.532075443956856	0.464746748360971	"TUBB6"	1
"M1"	"VEGFR2 mediated vascular permeability"	"VEGFR2 mediated vascular permeability"	"1/117"	"26/7644"	0.330817592814783	0.532075443956856	0.464746748360971	"PAK3"	1
"M1"	"Cooperation of Prefoldin and TriC/CCT  in actin and tubulin folding"	"Cooperation of Prefoldin and TriC/CCT  in actin and tubulin folding"	"1/117"	"27/7644"	0.341095138317627	0.544465069842854	0.475568594039671	"TUBB6"	1
"M1"	"Kinesins"	"Kinesins"	"1/117"	"27/7644"	0.341095138317627	0.544465069842854	0.475568594039671	"KIF5A"	1
"M1"	"G-protein activation"	"G-protein activation"	"1/117"	"28/7644"	0.351216166126061	0.55434491892285	0.484198249451089	"GNG4"	1
"M1"	"PD-1 signaling"	"PD-1 signaling"	"1/117"	"28/7644"	0.351216166126061	0.55434491892285	0.484198249451089	"CD274"	1
"M1"	"Synthesis of PA"	"Synthesis of PA"	"1/117"	"28/7644"	0.351216166126061	0.55434491892285	0.484198249451089	"PLA2G5"	1
"M1"	"YAP1- and WWTR1 (TAZ)-stimulated gene expression"	"YAP1- and WWTR1 (TAZ)-stimulated gene expression"	"1/117"	"29/7644"	0.361183039624387	0.567956973089649	0.496087837637095	"TEAD2"	1
"M1"	"Peptide hormone metabolism"	"Peptide hormone metabolism"	"2/117"	"83/7644"	0.36389797572917	0.568594893924484	0.496645036126649	"KIF5A/PCSK2"	2
"M1"	"Role of LAT2/NTAL/LAB on calcium mobilization"	"Role of LAT2/NTAL/LAB on calcium mobilization"	"3/117"	"141/7644"	0.366727831691312	0.568594893924484	0.496645036126649	"ERBB3/KIT/EGF"	3
"M1"	"Glucagon-type ligand receptors"	"Glucagon-type ligand receptors"	"1/117"	"30/7644"	0.370998086815975	0.568594893924484	0.496645036126649	"GNG4"	1
"M1"	"Glutamate Binding, Activation of AMPA Receptors and Synaptic Plasticity"	"Glutamate Binding, Activation of AMPA Receptors and Synaptic Plasticity"	"1/117"	"30/7644"	0.370998086815975	0.568594893924484	0.496645036126649	"GRIA2"	1
"M1"	"GRB2 events in ERBB2 signaling"	"GRB2 events in ERBB2 signaling"	"1/117"	"30/7644"	0.370998086815975	0.568594893924484	0.496645036126649	"EGF"	1
"M1"	"Molecules associated with elastic fibres"	"Molecules associated with elastic fibres"	"1/117"	"30/7644"	0.370998086815975	0.568594893924484	0.496645036126649	"LTBP1"	1
"M1"	"Trafficking of AMPA receptors"	"Trafficking of AMPA receptors"	"1/117"	"30/7644"	0.370998086815975	0.568594893924484	0.496645036126649	"GRIA2"	1
"M1"	"Amino acid transport across the plasma membrane"	"Amino acid transport across the plasma membrane"	"1/117"	"31/7644"	0.380663600848354	0.576762635769968	0.503779233931215	"SLC38A1"	1
"M1"	"HS-GAG biosynthesis"	"HS-GAG biosynthesis"	"1/117"	"31/7644"	0.380663600848354	0.576762635769968	0.503779233931215	"HS3ST3B1"	1
"M1"	"Class B/2 (Secretin family receptors)"	"Class B/2 (Secretin family receptors)"	"2/117"	"87/7644"	0.385880158890589	0.576762635769968	0.503779233931215	"FZD7/GNG4"	2
"M1"	"CD28 co-stimulation"	"CD28 co-stimulation"	"1/117"	"32/7644"	0.390181840530574	0.576762635769968	0.503779233931215	"PAK3"	1
"M1"	"Oncogene Induced Senescence"	"Oncogene Induced Senescence"	"1/117"	"32/7644"	0.390181840530574	0.576762635769968	0.503779233931215	"CDK4"	1
"M1"	"Signal amplification"	"Signal amplification"	"1/117"	"32/7644"	0.390181840530574	0.576762635769968	0.503779233931215	"GNG4"	1
"M1"	"Signaling by Robo receptor"	"Signaling by Robo receptor"	"1/117"	"32/7644"	0.390181840530574	0.576762635769968	0.503779233931215	"PAK3"	1
"M1"	"TGF-beta receptor signaling activates SMADs"	"TGF-beta receptor signaling activates SMADs"	"1/117"	"32/7644"	0.390181840530574	0.576762635769968	0.503779233931215	"BAMBI"	1
"M1"	"Thrombin signalling through proteinase activated receptors (PARs)"	"Thrombin signalling through proteinase activated receptors (PARs)"	"1/117"	"32/7644"	0.390181840530574	0.576762635769968	0.503779233931215	"GNG4"	1
"M1"	"VEGFR2 mediated cell proliferation"	"VEGFR2 mediated cell proliferation"	"1/117"	"32/7644"	0.390181840530574	0.576762635769968	0.503779233931215	"PRKCZ"	1
"M1"	"Glycerophospholipid biosynthesis"	"Glycerophospholipid biosynthesis"	"2/117"	"88/7644"	0.391325949092153	0.576762635769968	0.503779233931215	"PLA2G5/SLC44A5"	2
"M1"	"Sialic acid metabolism"	"Sialic acid metabolism"	"1/117"	"33/7644"	0.399555030842966	0.586846451550606	0.512587046147226	"ST8SIA3"	1
"M1"	"Fc epsilon receptor (FCERI) signaling"	"Fc epsilon receptor (FCERI) signaling"	"4/117"	"212/7644"	0.408591001189798	0.598041500011365	0.522365475933779	"ERBB3/KIT/PAK3/EGF"	4
"M1"	"Post NMDA receptor activation events"	"Post NMDA receptor activation events"	"1/117"	"35/7644"	0.417874997142094	0.609521116521054	0.532392464598457	"ADCY1"	1
"M1"	"Signaling by ERBB4"	"Signaling by ERBB4"	"3/117"	"154/7644"	0.420697338051973	0.611529120261115	0.534146376039943	"ERBB3/KIT/EGF"	3
"M1"	"Gastrin-CREB signalling pathway via PKC and MAPK"	"Gastrin-CREB signalling pathway via PKC and MAPK"	"4/117"	"217/7644"	0.425908502906645	0.614106879985018	0.536397946683442	"GNG4/DGKI/GPR17/PLCB4"	4
"M1"	"ABC-family proteins mediated transport"	"ABC-family proteins mediated transport"	"1/117"	"36/7644"	0.426826058429303	0.614106879985018	0.536397946683442	"ABCC8"	1
"M1"	"Transport to the Golgi and subsequent modification"	"Transport to the Golgi and subsequent modification"	"1/117"	"36/7644"	0.426826058429303	0.614106879985018	0.536397946683442	"ST8SIA3"	1
"M1"	"Generation of second messenger molecules"	"Generation of second messenger molecules"	"1/117"	"37/7644"	0.435640641915603	0.622554025440204	0.543776192433773	"PAK3"	1
"M1"	"NCAM1 interactions"	"NCAM1 interactions"	"1/117"	"37/7644"	0.435640641915603	0.622554025440204	0.543776192433773	"GFRA1"	1
"M1"	"Platelet activation, signaling and aggregation"	"Platelet activation, signaling and aggregation"	"4/117"	"221/7644"	0.439676295689599	0.626205633254884	0.546965726695195	"GNG4/PRKCZ/DGKI/EGF"	4
"M1"	"Cyclin D associated events in G1"	"Cyclin D associated events in G1"	"1/117"	"38/7644"	0.444320810825275	0.628587635381577	0.549046310859608	"CDK4"	1
"M1"	"G1 Phase"	"G1 Phase"	"1/117"	"38/7644"	0.444320810825275	0.628587635381577	0.549046310859608	"CDK4"	1
"M1"	"Cell surface interactions at the vascular wall"	"Cell surface interactions at the vascular wall"	"2/117"	"99/7644"	0.449701374493028	0.634078938035169	0.553842745428256	"ANGPT1/L1CAM"	2
"M1"	"Class C/3 (Metabotropic glutamate/pheromone receptors)"	"Class C/3 (Metabotropic glutamate/pheromone receptors)"	"1/117"	"40/7644"	0.461286003651593	0.646105892531867	0.564347812065908	"GABBR2"	1
"M1"	"Uptake and actions of bacterial toxins"	"Uptake and actions of bacterial toxins"	"1/117"	"40/7644"	0.461286003651593	0.646105892531867	0.564347812065908	"STX1B"	1
"M1"	"Signaling by Retinoic Acid"	"Signaling by Retinoic Acid"	"1/117"	"41/7644"	0.469575001228232	0.655545298744364	0.572592758141773	"RDH5"	1
"M1"	"Triglyceride Biosynthesis"	"Triglyceride Biosynthesis"	"1/117"	"42/7644"	0.477737532447001	0.664746632319346	0.580629757233024	"ELOVL2"	1
"M1"	"VEGFA-VEGFR2 Pathway"	"VEGFA-VEGFR2 Pathway"	"2/117"	"105/7644"	0.480211851385383	0.665998731593498	0.581723416173492	"PRKCZ/PAK3"	2
"M1"	"Downstream signaling events of B Cell Receptor (BCR)"	"Downstream signaling events of B Cell Receptor (BCR)"	"3/117"	"170/7644"	0.484916469969078	0.669325866176454	0.584629535965995	"ERBB3/KIT/EGF"	3
"M1"	"Ion transport by P-type ATPases"	"Ion transport by P-type ATPases"	"1/117"	"43/7644"	0.485775510440121	0.669325866176454	0.584629535965995	"ATP1A3"	1
"M1"	"Signaling by VEGF"	"Signaling by VEGF"	"2/117"	"113/7644"	0.519260448833124	0.713140161871465	0.622899581477875	"PRKCZ/PAK3"	2
"M1"	"Chaperonin-mediated protein folding"	"Chaperonin-mediated protein folding"	"1/117"	"48/7644"	0.524162076839776	0.71522760807492	0.62472288275301	"TUBB6"	1
"M1"	"G beta:gamma signalling through PI3Kgamma"	"G beta:gamma signalling through PI3Kgamma"	"1/117"	"48/7644"	0.524162076839776	0.71522760807492	0.62472288275301	"GNG4"	1
"M1"	"GPVI-mediated activation cascade"	"GPVI-mediated activation cascade"	"1/117"	"49/7644"	0.531491333950064	0.7228965731861	0.631421418908351	"PRKCZ"	1
"M1"	"Ubiquitin-dependent degradation of Cyclin D"	"Ubiquitin-dependent degradation of Cyclin D"	"1/117"	"50/7644"	0.538708649806264	0.728031178492172	0.635906292523958	"CDK4"	1
"M1"	"Ubiquitin-dependent degradation of Cyclin D1"	"Ubiquitin-dependent degradation of Cyclin D1"	"1/117"	"50/7644"	0.538708649806264	0.728031178492172	0.635906292523958	"CDK4"	1
"M1"	"G-protein beta:gamma signalling"	"G-protein beta:gamma signalling"	"1/117"	"51/7644"	0.545815719594606	0.732952537741328	0.640204904186155	"GNG4"	1
"M1"	"Nuclear Receptor transcription pathway"	"Nuclear Receptor transcription pathway"	"1/117"	"51/7644"	0.545815719594606	0.732952537741328	0.640204904186155	"NR2E1"	1
"M1"	"Synthesis of substrates in N-glycan biosythesis"	"Synthesis of substrates in N-glycan biosythesis"	"1/117"	"52/7644"	0.552814213050082	0.7400013041778	0.646361721454293	"ST8SIA3"	1
"M1"	"Glycogen storage diseases"	"Glycogen storage diseases"	"4/117"	"258/7644"	0.561148274028449	0.74187655275057	0.647999676534653	"FMOD/HS3ST3B1/HAS3/ACAN"	4
"M1"	"Metabolism of carbohydrates"	"Metabolism of carbohydrates"	"4/117"	"258/7644"	0.561148274028449	0.74187655275057	0.647999676534653	"FMOD/HS3ST3B1/HAS3/ACAN"	4
"M1"	"Myoclonic epilepsy of Lafora"	"Myoclonic epilepsy of Lafora"	"4/117"	"258/7644"	0.561148274028449	0.74187655275057	0.647999676534653	"FMOD/HS3ST3B1/HAS3/ACAN"	4
"M1"	"Golgi Associated Vesicle Biogenesis"	"Golgi Associated Vesicle Biogenesis"	"1/117"	"54/7644"	0.566492024913556	0.74187655275057	0.647999676534653	"SH3GL2"	1
"M1"	"Heparan sulfate/heparin (HS-GAG) metabolism"	"Heparan sulfate/heparin (HS-GAG) metabolism"	"1/117"	"54/7644"	0.566492024913556	0.74187655275057	0.647999676534653	"HS3ST3B1"	1
"M1"	"Meiotic recombination"	"Meiotic recombination"	"1/117"	"54/7644"	0.566492024913556	0.74187655275057	0.647999676534653	"CDK4"	1
"M1"	"Protein folding"	"Protein folding"	"1/117"	"54/7644"	0.566492024913556	0.74187655275057	0.647999676534653	"TUBB6"	1
"M1"	"Toll Like Receptor 4 (TLR4) Cascade"	"Toll Like Receptor 4 (TLR4) Cascade"	"2/117"	"124/7644"	0.56971096976125	0.743789321632743	0.649670404113706	"DNM3/SOCS1"	2
"M1"	"Factors involved in megakaryocyte development and platelet production"	"Factors involved in megakaryocyte development and platelet production"	"2/117"	"125/7644"	0.574105636539349	0.747220566941983	0.652667460486839	"KIF5A/ZFPM2"	2
"M1"	"Constitutive Signaling by NOTCH1 HD+PEST Domain Mutants"	"Constitutive Signaling by NOTCH1 HD+PEST Domain Mutants"	"1/117"	"57/7644"	0.586234741737332	0.758340353990494	0.662380152421708	"DLL1"	1
"M1"	"Constitutive Signaling by NOTCH1 PEST Domain Mutants"	"Constitutive Signaling by NOTCH1 PEST Domain Mutants"	"1/117"	"57/7644"	0.586234741737332	0.758340353990494	0.662380152421708	"DLL1"	1
"M1"	"Hh ligand biogenesis disease"	"Hh ligand biogenesis disease"	"1/117"	"58/7644"	0.592615463395001	0.764257137244162	0.66754822738012	"OS9"	1
"M1"	"Degradation of GLI2 by the proteasome"	"Degradation of GLI2 by the proteasome"	"1/117"	"59/7644"	0.598898615356876	0.770012505458841	0.672575312718808	"GLI2"	1
"M1"	"Ca2+ pathway"	"Ca2+ pathway"	"1/117"	"61/7644"	0.611178105169813	0.77869981471937	0.68016333200572	"GNG4"	1
"M1"	"Clathrin derived vesicle budding"	"Clathrin derived vesicle budding"	"1/117"	"61/7644"	0.611178105169813	0.77869981471937	0.68016333200572	"SH3GL2"	1
"M1"	"trans-Golgi Network Vesicle Budding"	"trans-Golgi Network Vesicle Budding"	"1/117"	"61/7644"	0.611178105169813	0.77869981471937	0.68016333200572	"SH3GL2"	1
"M1"	"Asymmetric localization of PCP proteins"	"Asymmetric localization of PCP proteins"	"1/117"	"63/7644"	0.623084780748927	0.78705762064954	0.687463543232521	"FZD7"	1
"M1"	"Signaling by the B Cell Receptor (BCR)"	"Signaling by the B Cell Receptor (BCR)"	"3/117"	"209/7644"	0.625266454487772	0.78705762064954	0.687463543232521	"ERBB3/KIT/EGF"	3
"M1"	"Phospholipid metabolism"	"Phospholipid metabolism"	"2/117"	"138/7644"	0.628286404281335	0.78705762064954	0.687463543232521	"PLA2G5/SLC44A5"	2
"M1"	"Hedgehog ligand biogenesis"	"Hedgehog ligand biogenesis"	"1/117"	"64/7644"	0.628901833994195	0.78705762064954	0.687463543232521	"OS9"	1
"M1"	"Processing-defective Hh variants abrogate ligand secretion"	"Processing-defective Hh variants abrogate ligand secretion"	"1/117"	"64/7644"	0.628901833994195	0.78705762064954	0.687463543232521	"OS9"	1
"M1"	"TCR signaling"	"TCR signaling"	"1/117"	"64/7644"	0.628901833994195	0.78705762064954	0.687463543232521	"PAK3"	1
"M1"	"Biosynthesis of the N-glycan precursor (dolichol lipid-linked oligosaccharide, LLO) and transfer to a nascent protein"	"Biosynthesis of the N-glycan precursor (dolichol lipid-linked oligosaccharide, LLO) and transfer to a nascent protein"	"1/117"	"67/7644"	0.645824251238746	0.803481347864675	0.701809016052012	"ST8SIA3"	1
"M1"	"Interferon alpha/beta signaling"	"Interferon alpha/beta signaling"	"1/117"	"67/7644"	0.645824251238746	0.803481347864675	0.701809016052012	"SOCS1"	1
"M1"	"beta-catenin independent WNT signaling"	"beta-catenin independent WNT signaling"	"2/117"	"144/7644"	0.651448712786022	0.805739197393238	0.703781157857476	"FZD7/GNG4"	2
"M1"	"Toll-Like Receptors Cascades"	"Toll-Like Receptors Cascades"	"2/117"	"144/7644"	0.651448712786022	0.805739197393238	0.703781157857476	"DNM3/SOCS1"	2
"M1"	"Defective ACTH causes Obesity and Pro-opiomelanocortinin deficiency (POMCD)"	"Defective ACTH causes Obesity and Pro-opiomelanocortinin deficiency (POMCD)"	"6/117"	"441/7644"	0.67518738674196	0.830244955208863	0.725185963116364	"FZD7/GNG4/GABBR2/GPR17/SSTR2/ACKR1"	6
"M1"	"GPCR ligand binding"	"GPCR ligand binding"	"6/117"	"441/7644"	0.67518738674196	0.830244955208863	0.725185963116364	"FZD7/GNG4/GABBR2/GPR17/SSTR2/ACKR1"	6
"M1"	"G alpha (12/13) signalling events"	"G alpha (12/13) signalling events"	"1/117"	"75/7644"	0.68730138675722	0.839938071980561	0.733652515279773	"GNG4"	1
"M1"	"Senescence-Associated Secretory Phenotype (SASP)"	"Senescence-Associated Secretory Phenotype (SASP)"	"1/117"	"76/7644"	0.692135015737192	0.839938071980561	0.733652515279773	"CDK4"	1
"M1"	"FCERI mediated MAPK activation"	"FCERI mediated MAPK activation"	"1/117"	"77/7644"	0.696894556323707	0.839938071980561	0.733652515279773	"PAK3"	1
"M1"	"Transcriptional regulation of white adipocyte differentiation"	"Transcriptional regulation of white adipocyte differentiation"	"1/117"	"78/7644"	0.701581134480193	0.839938071980561	0.733652515279773	"CDK4"	1
"M1"	"Platelet degranulation"	"Platelet degranulation"	"1/117"	"79/7644"	0.706195859204726	0.839938071980561	0.733652515279773	"EGF"	1
"M1"	"Programmed Cell Death"	"Programmed Cell Death"	"2/117"	"160/7644"	0.707654982245616	0.839938071980561	0.733652515279773	"UNC5A/DCC"	2
"M1"	"p75 NTR receptor-mediated signalling"	"p75 NTR receptor-mediated signalling"	"1/117"	"83/7644"	0.723957824044281	0.839938071980561	0.733652515279773	"SORCS3"	1
"M1"	"Response to elevated platelet cytosolic Ca2+"	"Response to elevated platelet cytosolic Ca2+"	"1/117"	"84/7644"	0.728229340323452	0.839938071980561	0.733652515279773	"EGF"	1
"M1"	"Meiosis"	"Meiosis"	"1/117"	"85/7644"	0.732435314818447	0.839938071980561	0.733652515279773	"CDK4"	1
"M1"	"Defective AMN causes hereditary megaloblastic anemia 1"	"Defective AMN causes hereditary megaloblastic anemia 1"	"1/117"	"87/7644"	0.740654611935577	0.839938071980561	0.733652515279773	"NMNAT2"	1
"M1"	"Defective BTD causes biotidinase deficiency"	"Defective BTD causes biotidinase deficiency"	"1/117"	"87/7644"	0.740654611935577	0.839938071980561	0.733652515279773	"NMNAT2"	1
"M1"	"Defective CD320 causes methylmalonic aciduria"	"Defective CD320 causes methylmalonic aciduria"	"1/117"	"87/7644"	0.740654611935577	0.839938071980561	0.733652515279773	"NMNAT2"	1
"M1"	"Defective CUBN causes hereditary megaloblastic anemia 1"	"Defective CUBN causes hereditary megaloblastic anemia 1"	"1/117"	"87/7644"	0.740654611935577	0.839938071980561	0.733652515279773	"NMNAT2"	1
"M1"	"Defective GIF causes intrinsic factor deficiency"	"Defective GIF causes intrinsic factor deficiency"	"1/117"	"87/7644"	0.740654611935577	0.839938071980561	0.733652515279773	"NMNAT2"	1
"M1"	"Defective HLCS causes multiple carboxylase deficiency"	"Defective HLCS causes multiple carboxylase deficiency"	"1/117"	"87/7644"	0.740654611935577	0.839938071980561	0.733652515279773	"NMNAT2"	1
"M1"	"Defective LMBRD1 causes methylmalonic aciduria and homocystinuria type cblF"	"Defective LMBRD1 causes methylmalonic aciduria and homocystinuria type cblF"	"1/117"	"87/7644"	0.740654611935577	0.839938071980561	0.733652515279773	"NMNAT2"	1
"M1"	"Defective MMAA causes methylmalonic aciduria type cblA"	"Defective MMAA causes methylmalonic aciduria type cblA"	"1/117"	"87/7644"	0.740654611935577	0.839938071980561	0.733652515279773	"NMNAT2"	1
"M1"	"Defective MMAB causes methylmalonic aciduria type cblB"	"Defective MMAB causes methylmalonic aciduria type cblB"	"1/117"	"87/7644"	0.740654611935577	0.839938071980561	0.733652515279773	"NMNAT2"	1
"M1"	"Defective MMACHC causes methylmalonic aciduria and homocystinuria type cblC"	"Defective MMACHC causes methylmalonic aciduria and homocystinuria type cblC"	"1/117"	"87/7644"	0.740654611935577	0.839938071980561	0.733652515279773	"NMNAT2"	1
"M1"	"Defective MMADHC causes methylmalonic aciduria and homocystinuria type cblD"	"Defective MMADHC causes methylmalonic aciduria and homocystinuria type cblD"	"1/117"	"87/7644"	0.740654611935577	0.839938071980561	0.733652515279773	"NMNAT2"	1
"M1"	"Defective MTR causes methylmalonic aciduria and homocystinuria type cblG"	"Defective MTR causes methylmalonic aciduria and homocystinuria type cblG"	"1/117"	"87/7644"	0.740654611935577	0.839938071980561	0.733652515279773	"NMNAT2"	1
"M1"	"Defective MTRR causes methylmalonic aciduria and homocystinuria type cblE"	"Defective MTRR causes methylmalonic aciduria and homocystinuria type cblE"	"1/117"	"87/7644"	0.740654611935577	0.839938071980561	0.733652515279773	"NMNAT2"	1
"M1"	"Defective MUT causes methylmalonic aciduria mut type"	"Defective MUT causes methylmalonic aciduria mut type"	"1/117"	"87/7644"	0.740654611935577	0.839938071980561	0.733652515279773	"NMNAT2"	1
"M1"	"Defective TCN2 causes hereditary megaloblastic anemia"	"Defective TCN2 causes hereditary megaloblastic anemia"	"1/117"	"87/7644"	0.740654611935577	0.839938071980561	0.733652515279773	"NMNAT2"	1
"M1"	"Defects in biotin (Btn) metabolism"	"Defects in biotin (Btn) metabolism"	"1/117"	"87/7644"	0.740654611935577	0.839938071980561	0.733652515279773	"NMNAT2"	1
"M1"	"Defects in cobalamin (B12) metabolism"	"Defects in cobalamin (B12) metabolism"	"1/117"	"87/7644"	0.740654611935577	0.839938071980561	0.733652515279773	"NMNAT2"	1
"M1"	"Defects in vitamin and cofactor metabolism"	"Defects in vitamin and cofactor metabolism"	"1/117"	"87/7644"	0.740654611935577	0.839938071980561	0.733652515279773	"NMNAT2"	1
"M1"	"Metabolism of vitamins and cofactors"	"Metabolism of vitamins and cofactors"	"1/117"	"87/7644"	0.740654611935577	0.839938071980561	0.733652515279773	"NMNAT2"	1
"M1"	"Metabolism of water-soluble vitamins and cofactors"	"Metabolism of water-soluble vitamins and cofactors"	"1/117"	"87/7644"	0.740654611935577	0.839938071980561	0.733652515279773	"NMNAT2"	1
"M1"	"Eukaryotic Translation Elongation"	"Eukaryotic Translation Elongation"	"1/117"	"89/7644"	0.748623513300406	0.846705203545646	0.739563335683767	"EEF1A2"	1
"M1"	"Oxidative Stress Induced Senescence"	"Oxidative Stress Induced Senescence"	"1/117"	"91/7644"	0.756349583293631	0.848370427546872	0.741017842650123	"CDK4"	1
"M1"	"PCP/CE pathway"	"PCP/CE pathway"	"1/117"	"91/7644"	0.756349583293631	0.848370427546872	0.741017842650123	"FZD7"	1
"M1"	"Diseases associated with visual transduction"	"Diseases associated with visual transduction"	"1/117"	"92/7644"	0.760123858251216	0.848370427546872	0.741017842650123	"RDH5"	1
"M1"	"Interferon gamma signaling"	"Interferon gamma signaling"	"1/117"	"92/7644"	0.760123858251216	0.848370427546872	0.741017842650123	"SOCS1"	1
"M1"	"Visual phototransduction"	"Visual phototransduction"	"1/117"	"92/7644"	0.760123858251216	0.848370427546872	0.741017842650123	"RDH5"	1
"M1"	"Fatty acid, triacylglycerol, and ketone body metabolism"	"Fatty acid, triacylglycerol, and ketone body metabolism"	"2/117"	"181/7644"	0.769852780007699	0.853325375009772	0.745345792281772	"ELOVL2/TEAD2"	2
"M1"	"MyD88:Mal cascade initiated on plasma membrane"	"MyD88:Mal cascade initiated on plasma membrane"	"1/117"	"96/7644"	0.774649985824474	0.853325375009772	0.745345792281772	"SOCS1"	1
"M1"	"Toll Like Receptor 2 (TLR2) Cascade"	"Toll Like Receptor 2 (TLR2) Cascade"	"1/117"	"96/7644"	0.774649985824474	0.853325375009772	0.745345792281772	"SOCS1"	1
"M1"	"Toll Like Receptor TLR1:TLR2 Cascade"	"Toll Like Receptor TLR1:TLR2 Cascade"	"1/117"	"96/7644"	0.774649985824474	0.853325375009772	0.745345792281772	"SOCS1"	1
"M1"	"Toll Like Receptor TLR6:TLR2 Cascade"	"Toll Like Receptor TLR6:TLR2 Cascade"	"1/117"	"96/7644"	0.774649985824474	0.853325375009772	0.745345792281772	"SOCS1"	1
"M1"	"Peptide ligand-binding receptors"	"Peptide ligand-binding receptors"	"2/117"	"190/7644"	0.792817276800221	0.871069371653229	0.760844467961387	"SSTR2/ACKR1"	2
"M1"	"Post-translational protein modification"	"Post-translational protein modification"	"3/117"	"278/7644"	0.804493447327368	0.871162445483587	0.760925764252181	"ARSJ/ARSI/ST8SIA3"	3
"M1"	"PPARA activates gene expression"	"PPARA activates gene expression"	"1/117"	"111/7644"	0.821765040369848	0.871162445483587	0.760925764252181	"TEAD2"	1
"M1"	"Regulation of lipid metabolism by Peroxisome proliferator-activated receptor alpha (PPARalpha)"	"Regulation of lipid metabolism by Peroxisome proliferator-activated receptor alpha (PPARalpha)"	"1/117"	"114/7644"	0.829942643451685	0.871162445483587	0.760925764252181	"TEAD2"	1
"M1"	"Activated TLR4 signalling"	"Activated TLR4 signalling"	"1/117"	"115/7644"	0.832584968911998	0.871162445483587	0.760925764252181	"SOCS1"	1
"M1"	"Chromatin modifying enzymes"	"Chromatin modifying enzymes"	"2/117"	"208/7644"	0.832800018087308	0.871162445483587	0.760925764252181	"CDK4/ACTL6B"	2
"M1"	"Chromatin organization"	"Chromatin organization"	"2/117"	"208/7644"	0.832800018087308	0.871162445483587	0.760925764252181	"CDK4/ACTL6B"	2
"M1"	"Asparagine N-linked glycosylation"	"Asparagine N-linked glycosylation"	"1/117"	"118/7644"	0.840270160182751	0.871162445483587	0.760925764252181	"ST8SIA3"	1
"M1"	"Defective ALG11 causes ALG11-CDG (CDG-1p)"	"Defective ALG11 causes ALG11-CDG (CDG-1p)"	"1/117"	"118/7644"	0.840270160182751	0.871162445483587	0.760925764252181	"ST8SIA3"	1
"M1"	"Defective ALG12 causes ALG12-CDG (CDG-1g)"	"Defective ALG12 causes ALG12-CDG (CDG-1g)"	"1/117"	"118/7644"	0.840270160182751	0.871162445483587	0.760925764252181	"ST8SIA3"	1
"M1"	"Defective ALG14 causes congenital myasthenic syndrome (ALG14-CMS)"	"Defective ALG14 causes congenital myasthenic syndrome (ALG14-CMS)"	"1/117"	"118/7644"	0.840270160182751	0.871162445483587	0.760925764252181	"ST8SIA3"	1
"M1"	"Defective ALG1 causes ALG1-CDG (CDG-1k)"	"Defective ALG1 causes ALG1-CDG (CDG-1k)"	"1/117"	"118/7644"	0.840270160182751	0.871162445483587	0.760925764252181	"ST8SIA3"	1
"M1"	"Defective ALG2 causes ALG2-CDG (CDG-1i)"	"Defective ALG2 causes ALG2-CDG (CDG-1i)"	"1/117"	"118/7644"	0.840270160182751	0.871162445483587	0.760925764252181	"ST8SIA3"	1
"M1"	"Defective ALG3 causes ALG3-CDG (CDG-1d)"	"Defective ALG3 causes ALG3-CDG (CDG-1d)"	"1/117"	"118/7644"	0.840270160182751	0.871162445483587	0.760925764252181	"ST8SIA3"	1
"M1"	"Defective ALG6 causes ALG6-CDG (CDG-1c)"	"Defective ALG6 causes ALG6-CDG (CDG-1c)"	"1/117"	"118/7644"	0.840270160182751	0.871162445483587	0.760925764252181	"ST8SIA3"	1
"M1"	"Defective ALG8 causes ALG8-CDG (CDG-1h)"	"Defective ALG8 causes ALG8-CDG (CDG-1h)"	"1/117"	"118/7644"	0.840270160182751	0.871162445483587	0.760925764252181	"ST8SIA3"	1
"M1"	"Defective ALG9 causes ALG9-CDG (CDG-1l)"	"Defective ALG9 causes ALG9-CDG (CDG-1l)"	"1/117"	"118/7644"	0.840270160182751	0.871162445483587	0.760925764252181	"ST8SIA3"	1
"M1"	"Defective DPAGT1 causes DPAGT1-CDG (CDG-1j) and CMSTA2"	"Defective DPAGT1 causes DPAGT1-CDG (CDG-1j) and CMSTA2"	"1/117"	"118/7644"	0.840270160182751	0.871162445483587	0.760925764252181	"ST8SIA3"	1
"M1"	"Defective MAN1B1 causes MRT15"	"Defective MAN1B1 causes MRT15"	"1/117"	"118/7644"	0.840270160182751	0.871162445483587	0.760925764252181	"ST8SIA3"	1
"M1"	"Defective MGAT2 causes MGAT2-CDG (CDG-2a)"	"Defective MGAT2 causes MGAT2-CDG (CDG-2a)"	"1/117"	"118/7644"	0.840270160182751	0.871162445483587	0.760925764252181	"ST8SIA3"	1
"M1"	"Defective MOGS causes MOGS-CDG (CDG-2b)"	"Defective MOGS causes MOGS-CDG (CDG-2b)"	"1/117"	"118/7644"	0.840270160182751	0.871162445483587	0.760925764252181	"ST8SIA3"	1
"M1"	"Defective MPDU1 causes MPDU1-CDG (CDG-1f)"	"Defective MPDU1 causes MPDU1-CDG (CDG-1f)"	"1/117"	"118/7644"	0.840270160182751	0.871162445483587	0.760925764252181	"ST8SIA3"	1
"M1"	"Defective RFT1 causes RFT1-CDG (CDG-1n)"	"Defective RFT1 causes RFT1-CDG (CDG-1n)"	"1/117"	"118/7644"	0.840270160182751	0.871162445483587	0.760925764252181	"ST8SIA3"	1
"M1"	"Diseases associated with N-glycosylation of proteins"	"Diseases associated with N-glycosylation of proteins"	"1/117"	"118/7644"	0.840270160182751	0.871162445483587	0.760925764252181	"ST8SIA3"	1
"M1"	"S Phase"	"S Phase"	"1/117"	"124/7644"	0.854606609169053	0.88385964713572	0.772016265135343	"CDK4"	1
"M1"	"Class A/1 (Rhodopsin-like receptors)"	"Class A/1 (Rhodopsin-like receptors)"	"3/117"	"314/7644"	0.865549215056677	0.892993458460913	0.779994286225658	"GPR17/SSTR2/ACKR1"	3
"M1"	"Mitotic G1-G1/S phases"	"Mitotic G1-G1/S phases"	"1/117"	"135/7644"	0.877655791874496	0.903280778498569	0.788979851320138	"CDK4"	1
"M1"	"Translation"	"Translation"	"1/117"	"148/7644"	0.900264439854586	0.924300626355558	0.807339852807766	"EEF1A2"	1
"M1"	"Cellular Senescence"	"Cellular Senescence"	"1/117"	"159/7644"	0.916122260890388	0.938304397957952	0.81957159060157	"CDK4"	1
"M1"	"Signaling by Wnt"	"Signaling by Wnt"	"2/117"	"286/7644"	0.937337043590423	0.957713935842389	0.836525050343856	"FZD7/GNG4"	2
"M1"	"Membrane Trafficking"	"Membrane Trafficking"	"1/117"	"190/7644"	0.948582696738366	0.966868628241756	0.844521310222363	"SH3GL2"	1
"M1"	"Interferon Signaling"	"Interferon Signaling"	"1/117"	"196/7644"	0.953240470183259	0.969280574248842	0.84662804917592	"SOCS1"	1
"M1"	"Antigen processing: Ubiquitination & Proteasome degradation"	"Antigen processing: Ubiquitination & Proteasome degradation"	"1/117"	"211/7644"	0.96313403838631	0.976992082104098	0.853363744726984	"SOCS1"	1
"M1"	"Cellular responses to stress"	"Cellular responses to stress"	"1/117"	"249/7644"	0.979856734334284	0.991067248832357	0.865657843325015	"CDK4"	1
"M1"	"Class I MHC mediated antigen processing & presentation"	"Class I MHC mediated antigen processing & presentation"	"1/117"	"255/7644"	0.981695454517157	0.991067248832357	0.865657843325015	"SOCS1"	1
"M1"	"Cytokine Signaling in Immune system"	"Cytokine Signaling in Immune system"	"1/117"	"308/7644"	0.992168149638549	0.999152304144723	0.872719817729994	"SOCS1"	1
"M1"	"Generic Transcription Pathway"	"Generic Transcription Pathway"	"2/117"	"483/7644"	0.99590366969605	0.999152304144723	0.872719817729994	"TEAD2/NR2E1"	2
"M1"	"Olfactory Signaling Pathway"	"Olfactory Signaling Pathway"	"1/117"	"422/7644"	0.998765078467912	0.999152304144723	0.872719817729994	"GNAL"	1
"M1"	"Cell Cycle, Mitotic"	"Cell Cycle, Mitotic"	"1/117"	"445/7644"	0.999152304144723	0.999152304144723	0.872719817729994	"CDK4"	1
"M2"	"Interferon gamma signaling"	"Interferon gamma signaling"	"14/161"	"92/7644"	5.84024667622882e-09	2.75659643118e-06	2.36683681089273e-06	"HLA-DRA/CD44/MT2A/HLA-DRB1/HLA-DPA1/SOCS3/HLA-DQB1/HLA-DRB5/HLA-DQA1/ICAM1/FCGR1A/HLA-DQA2/FCGR1B/HLA-DQB2"	14
"M2"	"Translocation of ZAP-70 to Immunological synapse"	"Translocation of ZAP-70 to Immunological synapse"	"8/161"	"23/7644"	1.22011306540663e-08	2.87946683435965e-06	2.47233436937659e-06	"HLA-DRA/HLA-DRB1/HLA-DPA1/HLA-DQB1/HLA-DRB5/HLA-DQA1/HLA-DQA2/HLA-DQB2"	8
"M2"	"Phosphorylation of CD3 and TCR zeta chains"	"Phosphorylation of CD3 and TCR zeta chains"	"8/161"	"25/7644"	2.59657652116081e-08	4.08528039329301e-06	3.50765600226987e-06	"HLA-DRA/HLA-DRB1/HLA-DPA1/HLA-DQB1/HLA-DRB5/HLA-DQA1/HLA-DQA2/HLA-DQB2"	8
"M2"	"PD-1 signaling"	"PD-1 signaling"	"8/161"	"28/7644"	7.07091192421862e-08	8.34367607057798e-06	7.16395023901097e-06	"HLA-DRA/HLA-DRB1/HLA-DPA1/HLA-DQB1/HLA-DRB5/HLA-DQA1/HLA-DQA2/HLA-DQB2"	8
"M2"	"Generation of second messenger molecules"	"Generation of second messenger molecules"	"8/161"	"37/7644"	7.47509289007753e-07	7.05648768823319e-05	6.05875950037863e-05	"HLA-DRA/HLA-DRB1/HLA-DPA1/HLA-DQB1/HLA-DRB5/HLA-DQA1/HLA-DQA2/HLA-DQB2"	8
"M2"	"Downstream TCR signaling"	"Downstream TCR signaling"	"8/161"	"46/7644"	4.30042293240712e-06	0.00033829993734936	0.000290467162978375	"HLA-DRA/HLA-DRB1/HLA-DPA1/HLA-DQB1/HLA-DRB5/HLA-DQA1/HLA-DQA2/HLA-DQB2"	8
"M2"	"Peptide ligand-binding receptors"	"Peptide ligand-binding receptors"	"15/161"	"190/7644"	1.00910235962506e-05	0.000680423305347181	0.000584217155572401	"C3/APLNR/CX3CR1/CCL2/FPR1/CXCL8/C5AR1/FPR3/CCL3/SAA1/CCL4/CCL5/CCR5/BDKRB2/CXCL2"	15
"M2"	"Interferon Signaling"	"Interferon Signaling"	"15/161"	"196/7644"	1.46805267943645e-05	0.000866151080867507	0.000743684581030308	"HLA-DRA/CD44/MT2A/HLA-DRB1/HLA-DPA1/EGR1/SOCS3/HLA-DQB1/HLA-DRB5/HLA-DQA1/ICAM1/FCGR1A/HLA-DQA2/FCGR1B/HLA-DQB2"	15
"M2"	"Chemokine receptors bind chemokines"	"Chemokine receptors bind chemokines"	"8/161"	"55/7644"	1.70847093985877e-05	0.000895998092903712	0.00076931147584284	"CX3CR1/CCL2/CXCL8/CCL3/CCL4/CCL5/CCR5/CXCL2"	8
"M2"	"Initial triggering of complement"	"Initial triggering of complement"	"8/161"	"57/7644"	2.2372765070776e-05	0.00098077561747303	0.000842102169328984	"C3/C1QB/C1QA/C1R/C1S/C4B/C2/CFD"	8
"M2"	"Cytokine Signaling in Immune system"	"Cytokine Signaling in Immune system"	"19/161"	"308/7644"	2.31286312193115e-05	0.00098077561747303	0.000842102169328984	"HLA-DRA/CD44/MT2A/HLA-DRB1/HLA-DPA1/EGR1/SOCS3/HLA-DQB1/HLA-DRB5/HLA-DQA1/ICAM1/FCGR1A/IL1R1/IL1B/JAK3/HLA-DQA2/FCGR1B/HLA-DQB2/IL7R"	19
"M2"	"Complement cascade"	"Complement cascade"	"9/161"	"75/7644"	2.49349733255855e-05	0.00098077561747303	0.000842102169328984	"C3/C1QB/C1QA/C1R/C1S/CFI/C4B/C2/CFD"	9
"M2"	"Platelet degranulation"	"Platelet degranulation"	"9/161"	"79/7644"	3.80260898867309e-05	0.00138063957127208	0.00118542871306813	"TIMP1/VEGFA/SERPING1/SRGN/SERPINE1/SERPINA1/THBS1/F13A1/CFD"	9
"M2"	"TCR signaling"	"TCR signaling"	"8/161"	"64/7644"	5.28894847933502e-05	0.00178313120160438	0.00153101140191277	"HLA-DRA/HLA-DRB1/HLA-DPA1/HLA-DQB1/HLA-DRB5/HLA-DQA1/HLA-DQA2/HLA-DQB2"	8
"M2"	"MHC class II antigen presentation"	"MHC class II antigen presentation"	"10/161"	"103/7644"	5.69197169984074e-05	0.00179107376154989	0.00153783095048329	"HLA-DRA/HLA-DRB1/HLA-DPA1/HLA-DQB1/HLA-DMB/HLA-DRB5/HLA-DQA1/HLA-DOA/HLA-DQA2/HLA-DQB2"	10
"M2"	"Response to elevated platelet cytosolic Ca2+"	"Response to elevated platelet cytosolic Ca2+"	"9/161"	"84/7644"	6.21746284393744e-05	0.00183415153896154	0.00157481789139205	"TIMP1/VEGFA/SERPING1/SRGN/SERPINE1/SERPINA1/THBS1/F13A1/CFD"	9
"M2"	"Costimulation by the CD28 family"	"Costimulation by the CD28 family"	"8/161"	"73/7644"	0.000136815719818572	0.00379864822084506	0.00326155121548918	"HLA-DRA/HLA-DRB1/HLA-DPA1/HLA-DQB1/HLA-DRB5/HLA-DQA1/HLA-DQA2/HLA-DQB2"	8
"M2"	"Hemostasis"	"Hemostasis"	"23/161"	"497/7644"	0.000274830178340294	0.00720665800981214	0.00618769699772006	"CD44/TIMP1/VEGFA/SERPING1/SRGN/S100A10/SERPINE1/CAV1/ITGA3/SERPINA1/OLR1/THBS1/F13A1/PLAU/P2RY12/SELL/GNA15/THBD/CFD/TREM1/JAK3/SERPINA5/CD48"	23
"M2"	"G alpha (i) signalling events"	"G alpha (i) signalling events"	"14/161"	"236/7644"	0.000433625858124912	0.0107721792123662	0.00924908340044827	"C3/RGS1/APLNR/FPR1/CXCL8/P2RY12/C5AR1/FPR3/SAA1/RGS18/CCL5/CCR5/BDKRB2/CXCL2"	14
"M2"	"Class A/1 (Rhodopsin-like receptors)"	"Class A/1 (Rhodopsin-like receptors)"	"16/161"	"314/7644"	0.000907911212153051	0.021426704606812	0.0183971482462592	"C3/APLNR/CX3CR1/CCL2/FPR1/CXCL8/P2RY12/C5AR1/FPR3/CCL3/SAA1/CCL4/CCL5/CCR5/BDKRB2/CXCL2"	16
"M2"	"Cell surface interactions at the vascular wall"	"Cell surface interactions at the vascular wall"	"8/161"	"99/7644"	0.00109775463471115	0.0246733422658888	0.0211847385646012	"CD44/CAV1/ITGA3/OLR1/SELL/THBD/TREM1/CD48"	8
"M2"	"Regulation of Complement cascade"	"Regulation of Complement cascade"	"4/161"	"23/7644"	0.00122804640465251	0.0263471774089084	0.0226219074541252	"C3/CFI/C4B/C2"	4
"M2"	"Extracellular matrix organization"	"Extracellular matrix organization"	"14/161"	"266/7644"	0.00140364638801537	0.0288052650062284	0.0247324420771587	"SPP1/CD44/TIMP1/EFEMP1/SERPINE1/ITGA3/THBS1/FBLN5/LOX/ICAM1/ADAM8/MMP19/IBSP/COL11A2"	14
"M2"	"Reversible hydration of carbon dioxide"	"Reversible hydration of carbon dioxide"	"3/161"	"12/7644"	0.00175435487472643	0.0345023125362865	0.0296239748583192	"CA12/CA14/CA9"	3
"M2"	"Dissolution of Fibrin Clot"	"Dissolution of Fibrin Clot"	"3/161"	"13/7644"	0.00224559830249393	0.0423968959510854	0.03640233037727	"S100A10/SERPINE1/PLAU"	3
"M2"	"Platelet activation, signaling and aggregation"	"Platelet activation, signaling and aggregation"	"12/161"	"221/7644"	0.00237229998081774	0.0430663688825375	0.0369771454499931	"TIMP1/VEGFA/SERPING1/SRGN/SERPINE1/SERPINA1/THBS1/F13A1/P2RY12/GNA15/CFD/JAK3"	12
"M2"	"Integrin cell surface interactions"	"Integrin cell surface interactions"	"6/161"	"66/7644"	0.00254642844246474	0.0445153416608651	0.0382212456276384	"SPP1/CD44/ITGA3/THBS1/ICAM1/IBSP"	6
"M2"	"Synthesis of Prostaglandins (PG) and Thromboxanes (TX)"	"Synthesis of Prostaglandins (PG) and Thromboxanes (TX)"	"3/161"	"14/7644"	0.00281413820271176	0.0474383297028553	0.0407309476708281	"PTGS1/PTGS2/HPGDS"	3
"M2"	"Defective ACTH causes Obesity and Pro-opiomelanocortinin deficiency (POMCD)"	"Defective ACTH causes Obesity and Pro-opiomelanocortinin deficiency (POMCD)"	"18/161"	"441/7644"	0.0051522036988857	0.0810613381958017	0.0695999447042455	"C3/APLNR/CX3CR1/CCL2/FPR1/ADM/CXCL8/P2RY12/PTCH1/C5AR1/FPR3/CCL3/SAA1/CCL4/CCL5/CCR5/BDKRB2/CXCL2"	18
"M2"	"GPCR ligand binding"	"GPCR ligand binding"	"18/161"	"441/7644"	0.0051522036988857	0.0810613381958017	0.0695999447042455	"C3/APLNR/CX3CR1/CCL2/FPR1/ADM/CXCL8/P2RY12/PTCH1/C5AR1/FPR3/CCL3/SAA1/CCL4/CCL5/CCR5/BDKRB2/CXCL2"	18
"M2"	"Cellular responses to stress"	"Cellular responses to stress"	"12/161"	"249/7644"	0.00619869059990922	0.09438006332765	0.0810355137848913	"SOD2/VEGFA/FOS/GPX3/HSPA1B/HSPA1A/HIST1H2AC/CXCL8/HIST1H1C/HIF3A/HSPA6/CA9"	12
"M2"	"Formation of Fibrin Clot (Clotting Cascade)"	"Formation of Fibrin Clot (Clotting Cascade)"	"4/161"	"39/7644"	0.00878839295419062	0.129628796074312	0.111300371294848	"SERPING1/F13A1/THBD/SERPINA5"	4
"M2"	"Common Pathway"	"Common Pathway"	"3/161"	"22/7644"	0.010525299046696	0.150543671213348	0.129258058468196	"F13A1/THBD/SERPINA5"	3
"M2"	"Classical antibody-mediated complement activation"	"Classical antibody-mediated complement activation"	"4/161"	"44/7644"	0.0133775428944679	0.180919302856404	0.15533883050784	"C1QB/C1QA/C1R/C1S"	4
"M2"	"IKK complex recruitment mediated by RIP1"	"IKK complex recruitment mediated by RIP1"	"3/161"	"24/7644"	0.0134156262711316	0.180919302856404	0.15533883050784	"CD14/LY96/BIRC3"	3
"M2"	"Cellular response to hypoxia"	"Cellular response to hypoxia"	"3/161"	"25/7644"	0.0150135084281108	0.191523675082927	0.16444383342312	"VEGFA/HIF3A/CA9"	3
"M2"	"Regulation of Hypoxia-inducible Factor (HIF) by oxygen"	"Regulation of Hypoxia-inducible Factor (HIF) by oxygen"	"3/161"	"25/7644"	0.0150135084281108	0.191523675082927	0.16444383342312	"VEGFA/HIF3A/CA9"	3
"M2"	"TRIF-mediated programmed cell death"	"TRIF-mediated programmed cell death"	"2/161"	"10/7644"	0.0177554082243644	0.22054086005	0.189358231755687	"CD14/LY96"	2
"M2"	"Attenuation phase"	"Attenuation phase"	"3/161"	"27/7644"	0.0185186490783731	0.220814556009256	0.189593229401346	"HSPA1B/HSPA1A/HSPA6"	3
"M2"	"Arachidonic acid metabolism"	"Arachidonic acid metabolism"	"4/161"	"50/7644"	0.0206031762808761	0.220814556009256	0.189593229401346	"ALOX5AP/PTGS1/PTGS2/HPGDS"	4
"M2"	"Creation of C4 and C2 activators"	"Creation of C4 and C2 activators"	"4/161"	"50/7644"	0.0206031762808761	0.220814556009256	0.189593229401346	"C1QB/C1QA/C1R/C1S"	4
"M2"	"Facilitative Na+-independent glucose transporters"	"Facilitative Na+-independent glucose transporters"	"2/161"	"11/7644"	0.0214040919854263	0.220814556009256	0.189593229401346	"SLC2A5/SLC2A3"	2
"M2"	"Interleukin-7 signaling"	"Interleukin-7 signaling"	"2/161"	"11/7644"	0.0214040919854263	0.220814556009256	0.189593229401346	"JAK3/IL7R"	2
"M2"	"Nicotinate metabolism"	"Nicotinate metabolism"	"2/161"	"11/7644"	0.0214040919854263	0.220814556009256	0.189593229401346	"NAMPT/PTGS2"	2
"M2"	"Binding and Uptake of Ligands by Scavenger Receptors"	"Binding and Uptake of Ligands by Scavenger Receptors"	"5/161"	"76/7644"	0.0216885682761788	0.220814556009256	0.189593229401346	"CD163/STAB1/MSR1/SAA1/HP"	5
"M2"	"Amyloids"	"Amyloids"	"4/161"	"51/7644"	0.0220001620174736	0.220814556009256	0.189593229401346	"TGFBI/HIST1H2AC/LYZ/SAA1"	4
"M2"	"HSF1 activation"	"HSF1 activation"	"3/161"	"30/7644"	0.0245559439820059	0.220814556009256	0.189593229401346	"HSPA1B/HSPA1A/HSPA6"	3
"M2"	"Hyaluronan uptake and degradation"	"Hyaluronan uptake and degradation"	"2/161"	"12/7644"	0.0253340394075663	0.220814556009256	0.189593229401346	"CD44/LYVE1"	2
"M2"	"Immunoregulatory interactions between a Lymphoid and a non-Lymphoid cell"	"Immunoregulatory interactions between a Lymphoid and a non-Lymphoid cell"	"6/161"	"111/7644"	0.029417801311855	0.220814556009256	0.189593229401346	"C3/FCGR3A/ICAM1/SELL/FCGR2B/LILRB2"	6
"M2"	"Toll-Like Receptors Cascades"	"Toll-Like Receptors Cascades"	"7/161"	"144/7644"	0.0321382126256988	0.220814556009256	0.189593229401346	"FOS/CD14/LY86/LY96/BIRC3/SAA1/TLR10"	7
"M2"	"Defective AMN causes hereditary megaloblastic anemia 1"	"Defective AMN causes hereditary megaloblastic anemia 1"	"5/161"	"87/7644"	0.0361555487559612	0.220814556009256	0.189593229401346	"NAMPT/SLC2A3/PTGS2/ACP5/AOX1"	5
"M2"	"Defective BTD causes biotidinase deficiency"	"Defective BTD causes biotidinase deficiency"	"5/161"	"87/7644"	0.0361555487559612	0.220814556009256	0.189593229401346	"NAMPT/SLC2A3/PTGS2/ACP5/AOX1"	5
"M2"	"Defective CD320 causes methylmalonic aciduria"	"Defective CD320 causes methylmalonic aciduria"	"5/161"	"87/7644"	0.0361555487559612	0.220814556009256	0.189593229401346	"NAMPT/SLC2A3/PTGS2/ACP5/AOX1"	5
"M2"	"Defective CUBN causes hereditary megaloblastic anemia 1"	"Defective CUBN causes hereditary megaloblastic anemia 1"	"5/161"	"87/7644"	0.0361555487559612	0.220814556009256	0.189593229401346	"NAMPT/SLC2A3/PTGS2/ACP5/AOX1"	5
"M2"	"Defective GIF causes intrinsic factor deficiency"	"Defective GIF causes intrinsic factor deficiency"	"5/161"	"87/7644"	0.0361555487559612	0.220814556009256	0.189593229401346	"NAMPT/SLC2A3/PTGS2/ACP5/AOX1"	5
"M2"	"Defective HLCS causes multiple carboxylase deficiency"	"Defective HLCS causes multiple carboxylase deficiency"	"5/161"	"87/7644"	0.0361555487559612	0.220814556009256	0.189593229401346	"NAMPT/SLC2A3/PTGS2/ACP5/AOX1"	5
"M2"	"Defective LMBRD1 causes methylmalonic aciduria and homocystinuria type cblF"	"Defective LMBRD1 causes methylmalonic aciduria and homocystinuria type cblF"	"5/161"	"87/7644"	0.0361555487559612	0.220814556009256	0.189593229401346	"NAMPT/SLC2A3/PTGS2/ACP5/AOX1"	5
"M2"	"Defective MMAA causes methylmalonic aciduria type cblA"	"Defective MMAA causes methylmalonic aciduria type cblA"	"5/161"	"87/7644"	0.0361555487559612	0.220814556009256	0.189593229401346	"NAMPT/SLC2A3/PTGS2/ACP5/AOX1"	5
"M2"	"Defective MMAB causes methylmalonic aciduria type cblB"	"Defective MMAB causes methylmalonic aciduria type cblB"	"5/161"	"87/7644"	0.0361555487559612	0.220814556009256	0.189593229401346	"NAMPT/SLC2A3/PTGS2/ACP5/AOX1"	5
"M2"	"Defective MMACHC causes methylmalonic aciduria and homocystinuria type cblC"	"Defective MMACHC causes methylmalonic aciduria and homocystinuria type cblC"	"5/161"	"87/7644"	0.0361555487559612	0.220814556009256	0.189593229401346	"NAMPT/SLC2A3/PTGS2/ACP5/AOX1"	5
"M2"	"Defective MMADHC causes methylmalonic aciduria and homocystinuria type cblD"	"Defective MMADHC causes methylmalonic aciduria and homocystinuria type cblD"	"5/161"	"87/7644"	0.0361555487559612	0.220814556009256	0.189593229401346	"NAMPT/SLC2A3/PTGS2/ACP5/AOX1"	5
"M2"	"Defective MTR causes methylmalonic aciduria and homocystinuria type cblG"	"Defective MTR causes methylmalonic aciduria and homocystinuria type cblG"	"5/161"	"87/7644"	0.0361555487559612	0.220814556009256	0.189593229401346	"NAMPT/SLC2A3/PTGS2/ACP5/AOX1"	5
"M2"	"Defective MTRR causes methylmalonic aciduria and homocystinuria type cblE"	"Defective MTRR causes methylmalonic aciduria and homocystinuria type cblE"	"5/161"	"87/7644"	0.0361555487559612	0.220814556009256	0.189593229401346	"NAMPT/SLC2A3/PTGS2/ACP5/AOX1"	5
"M2"	"Defective MUT causes methylmalonic aciduria mut type"	"Defective MUT causes methylmalonic aciduria mut type"	"5/161"	"87/7644"	0.0361555487559612	0.220814556009256	0.189593229401346	"NAMPT/SLC2A3/PTGS2/ACP5/AOX1"	5
"M2"	"Defective TCN2 causes hereditary megaloblastic anemia"	"Defective TCN2 causes hereditary megaloblastic anemia"	"5/161"	"87/7644"	0.0361555487559612	0.220814556009256	0.189593229401346	"NAMPT/SLC2A3/PTGS2/ACP5/AOX1"	5
"M2"	"Defects in biotin (Btn) metabolism"	"Defects in biotin (Btn) metabolism"	"5/161"	"87/7644"	0.0361555487559612	0.220814556009256	0.189593229401346	"NAMPT/SLC2A3/PTGS2/ACP5/AOX1"	5
"M2"	"Defects in cobalamin (B12) metabolism"	"Defects in cobalamin (B12) metabolism"	"5/161"	"87/7644"	0.0361555487559612	0.220814556009256	0.189593229401346	"NAMPT/SLC2A3/PTGS2/ACP5/AOX1"	5
"M2"	"Defects in vitamin and cofactor metabolism"	"Defects in vitamin and cofactor metabolism"	"5/161"	"87/7644"	0.0361555487559612	0.220814556009256	0.189593229401346	"NAMPT/SLC2A3/PTGS2/ACP5/AOX1"	5
"M2"	"Metabolism of vitamins and cofactors"	"Metabolism of vitamins and cofactors"	"5/161"	"87/7644"	0.0361555487559612	0.220814556009256	0.189593229401346	"NAMPT/SLC2A3/PTGS2/ACP5/AOX1"	5
"M2"	"Metabolism of water-soluble vitamins and cofactors"	"Metabolism of water-soluble vitamins and cofactors"	"5/161"	"87/7644"	0.0361555487559612	0.220814556009256	0.189593229401346	"NAMPT/SLC2A3/PTGS2/ACP5/AOX1"	5
"M2"	"HSF1-dependent transactivation"	"HSF1-dependent transactivation"	"3/161"	"35/7644"	0.0366941582887586	0.220814556009256	0.189593229401346	"HSPA1B/HSPA1A/HSPA6"	3
"M2"	"Regulation of HSF1-mediated heat shock response"	"Regulation of HSF1-mediated heat shock response"	"3/161"	"35/7644"	0.0366941582887586	0.220814556009256	0.189593229401346	"HSPA1B/HSPA1A/HSPA6"	3
"M2"	"Defective AHCY causes Hypermethioninemia with S-adenosylhomocysteine hydrolase deficiency (HMAHCHD)"	"Defective AHCY causes Hypermethioninemia with S-adenosylhomocysteine hydrolase deficiency (HMAHCHD)"	"5/161"	"89/7644"	0.0392975057304607	0.220814556009256	0.189593229401346	"MGST1/NNMT/SULT1A1/HPGDS/ACSM5"	5
"M2"	"Defective GCLC causes Hemolytic anemia due to gamma-glutamylcysteine synthetase deficiency (HAGGSD)"	"Defective GCLC causes Hemolytic anemia due to gamma-glutamylcysteine synthetase deficiency (HAGGSD)"	"5/161"	"89/7644"	0.0392975057304607	0.220814556009256	0.189593229401346	"MGST1/NNMT/SULT1A1/HPGDS/ACSM5"	5
"M2"	"Defective GGT1 causes Glutathionuria (GLUTH)"	"Defective GGT1 causes Glutathionuria (GLUTH)"	"5/161"	"89/7644"	0.0392975057304607	0.220814556009256	0.189593229401346	"MGST1/NNMT/SULT1A1/HPGDS/ACSM5"	5
"M2"	"Defective GSS causes Glutathione synthetase deficiency (GSS deficiency)"	"Defective GSS causes Glutathione synthetase deficiency (GSS deficiency)"	"5/161"	"89/7644"	0.0392975057304607	0.220814556009256	0.189593229401346	"MGST1/NNMT/SULT1A1/HPGDS/ACSM5"	5
"M2"	"Defective MAT1A causes Methionine adenosyltransferase deficiency (MATD)"	"Defective MAT1A causes Methionine adenosyltransferase deficiency (MATD)"	"5/161"	"89/7644"	0.0392975057304607	0.220814556009256	0.189593229401346	"MGST1/NNMT/SULT1A1/HPGDS/ACSM5"	5
"M2"	"Defective OPLAH causes 5-oxoprolinase deficiency (OPLAHD)"	"Defective OPLAH causes 5-oxoprolinase deficiency (OPLAHD)"	"5/161"	"89/7644"	0.0392975057304607	0.220814556009256	0.189593229401346	"MGST1/NNMT/SULT1A1/HPGDS/ACSM5"	5
"M2"	"Defective SLC35D1 causes Schneckenbecken dysplasia (SCHBCKD)"	"Defective SLC35D1 causes Schneckenbecken dysplasia (SCHBCKD)"	"5/161"	"89/7644"	0.0392975057304607	0.220814556009256	0.189593229401346	"MGST1/NNMT/SULT1A1/HPGDS/ACSM5"	5
"M2"	"Defective TPMT causes Thiopurine S-methyltransferase deficiency (TPMT deficiency)"	"Defective TPMT causes Thiopurine S-methyltransferase deficiency (TPMT deficiency)"	"5/161"	"89/7644"	0.0392975057304607	0.220814556009256	0.189593229401346	"MGST1/NNMT/SULT1A1/HPGDS/ACSM5"	5
"M2"	"Defective UGT1A1 causes hyperbilirubinemia"	"Defective UGT1A1 causes hyperbilirubinemia"	"5/161"	"89/7644"	0.0392975057304607	0.220814556009256	0.189593229401346	"MGST1/NNMT/SULT1A1/HPGDS/ACSM5"	5
"M2"	"Defective UGT1A4 causes hyperbilirubinemia"	"Defective UGT1A4 causes hyperbilirubinemia"	"5/161"	"89/7644"	0.0392975057304607	0.220814556009256	0.189593229401346	"MGST1/NNMT/SULT1A1/HPGDS/ACSM5"	5
"M2"	"Degradation of the extracellular matrix"	"Degradation of the extracellular matrix"	"5/161"	"89/7644"	0.0392975057304607	0.220814556009256	0.189593229401346	"SPP1/CD44/TIMP1/ADAM8/MMP19"	5
"M2"	"Phase II conjugation"	"Phase II conjugation"	"5/161"	"89/7644"	0.0392975057304607	0.220814556009256	0.189593229401346	"MGST1/NNMT/SULT1A1/HPGDS/ACSM5"	5
"M2"	"Hyaluronan metabolism"	"Hyaluronan metabolism"	"2/161"	"16/7644"	0.043606589200117	0.239329187237852	0.205490047026255	"CD44/LYVE1"	2
"M2"	"TRAF6 mediated induction of TAK1 complex"	"TRAF6 mediated induction of TAK1 complex"	"2/161"	"16/7644"	0.043606589200117	0.239329187237852	0.205490047026255	"CD14/LY96"	2
"M2"	"Toll Like Receptor 4 (TLR4) Cascade"	"Toll Like Receptor 4 (TLR4) Cascade"	"6/161"	"124/7644"	0.0465894692188187	0.252761258290602	0.217022935865036	"FOS/CD14/LY86/LY96/BIRC3/SAA1"	6
"M2"	"Activation of IRF3/IRF7 mediated by TBK1/IKK epsilon"	"Activation of IRF3/IRF7 mediated by TBK1/IKK epsilon"	"2/161"	"18/7644"	0.0541041818406365	0.286322325896112	0.245838749933103	"CD14/LY96"	2
"M2"	"Elastic fibre formation"	"Elastic fibre formation"	"3/161"	"41/7644"	0.0545953587513774	0.286322325896112	0.245838749933103	"EFEMP1/FBLN5/LOX"	3
"M2"	"Signaling by Retinoic Acid"	"Signaling by Retinoic Acid"	"3/161"	"41/7644"	0.0545953587513774	0.286322325896112	0.245838749933103	"RDH10/FABP5/PDK4"	3
"M2"	"MyD88-independent cascade"	"MyD88-independent cascade"	"5/161"	"99/7644"	0.0574535195544667	0.291592056233423	0.250363384589357	"FOS/CD14/LY96/BIRC3/SAA1"	5
"M2"	"Toll Like Receptor 3 (TLR3) Cascade"	"Toll Like Receptor 3 (TLR3) Cascade"	"5/161"	"99/7644"	0.0574535195544667	0.291592056233423	0.250363384589357	"FOS/CD14/LY96/BIRC3/SAA1"	5
"M2"	"TRIF-mediated TLR3/TLR4 signaling"	"TRIF-mediated TLR3/TLR4 signaling"	"5/161"	"99/7644"	0.0574535195544667	0.291592056233423	0.250363384589357	"FOS/CD14/LY96/BIRC3/SAA1"	5
"M2"	"Iron uptake and transport"	"Iron uptake and transport"	"3/161"	"43/7644"	0.0613355939205251	0.307982982239232	0.264436771101928	"HMOX1/STEAP3/CP"	3
"M2"	"Regulation of Insulin-like Growth Factor (IGF) transport and uptake by Insulin-like Growth Factor Binding Proteins (IGFBPs)"	"Regulation of Insulin-like Growth Factor (IGF) transport and uptake by Insulin-like Growth Factor Binding Proteins (IGFBPs)"	"2/161"	"21/7644"	0.0713003073122664	0.354249947909366	0.30416197579194	"IGFBP5/IGFBP3"	2
"M2"	"Hexose transport"	"Hexose transport"	"3/161"	"46/7644"	0.072133423247745	0.354655997634746	0.304510613491029	"SLC2A5/SLC2A3/HK3"	3
"M2"	"Biological oxidations"	"Biological oxidations"	"7/161"	"174/7644"	0.0742911161825626	0.361499039568758	0.310386106677012	"MGST1/NNMT/PTGS1/SULT1A1/HPGDS/ACSM5/CYP19A1"	7
"M2"	"Intrinsic Pathway"	"Intrinsic Pathway"	"2/161"	"22/7644"	0.0773778081388235	0.37267679021964	0.319983417115435	"SERPING1/SERPINA5"	2
"M2"	"Signaling by Interleukins"	"Signaling by Interleukins"	"5/161"	"109/7644"	0.0797071784985382	0.380018063144546	0.326286695608051	"SOCS3/IL1R1/IL1B/JAK3/IL7R"	5
"M2"	"Cross-presentation of soluble exogenous antigens (endosomes)"	"Cross-presentation of soluble exogenous antigens (endosomes)"	"3/161"	"49/7644"	0.0837182845258001	0.395150302961776	0.339279363604558	"FCGR1A/MRC1/FCGR1B"	3
"M2"	"Cellular response to heat stress"	"Cellular response to heat stress"	"3/161"	"51/7644"	0.0918560801087555	0.429268017933986	0.368573119769368	"HSPA1B/HSPA1A/HSPA6"	3
"M2"	"Activated TLR4 signalling"	"Activated TLR4 signalling"	"5/161"	"115/7644"	0.0949861402390723	0.4380221873641	0.376089523049015	"FOS/CD14/LY96/BIRC3/SAA1"	5
"M2"	"Basigin interactions"	"Basigin interactions"	"2/161"	"25/7644"	0.0965133633175135	0.4380221873641	0.376089523049015	"CAV1/ITGA3"	2
"M2"	"Metal ion SLC transporters"	"Metal ion SLC transporters"	"2/161"	"25/7644"	0.0965133633175135	0.4380221873641	0.376089523049015	"CP/SLC11A1"	2
"M2"	"ATF4 activates genes"	"ATF4 activates genes"	"2/161"	"26/7644"	0.103163283664398	0.463743522758055	0.398174077301184	"CCL2/CXCL8"	2
"M2"	"Detoxification of Reactive Oxygen Species"	"Detoxification of Reactive Oxygen Species"	"2/161"	"27/7644"	0.10993485443128	0.489521238599661	0.420307040278478	"SOD2/GPX3"	2
"M2"	"PERK regulates gene expression"	"PERK regulates gene expression"	"2/161"	"29/7644"	0.123811249358017	0.546158034551251	0.468935868203015	"CCL2/CXCL8"	2
"M2"	"Molecules associated with elastic fibres"	"Molecules associated with elastic fibres"	"2/161"	"30/7644"	0.130900914027732	0.572085476121198	0.491197386946167	"EFEMP1/FBLN5"	2
"M2"	"Role of phospholipids in phagocytosis"	"Role of phospholipids in phagocytosis"	"3/161"	"62/7644"	0.141835546274693	0.600610942682356	0.515689591732174	"FCGR3A/PLD4/FCGR1A"	3
"M2"	"MyD88:Mal cascade initiated on plasma membrane"	"MyD88:Mal cascade initiated on plasma membrane"	"4/161"	"96/7644"	0.14379033161675	0.600610942682356	0.515689591732174	"FOS/CD14/LY96/SAA1"	4
"M2"	"Toll Like Receptor 2 (TLR2) Cascade"	"Toll Like Receptor 2 (TLR2) Cascade"	"4/161"	"96/7644"	0.14379033161675	0.600610942682356	0.515689591732174	"FOS/CD14/LY96/SAA1"	4
"M2"	"Toll Like Receptor TLR1:TLR2 Cascade"	"Toll Like Receptor TLR1:TLR2 Cascade"	"4/161"	"96/7644"	0.14379033161675	0.600610942682356	0.515689591732174	"FOS/CD14/LY96/SAA1"	4
"M2"	"Toll Like Receptor TLR6:TLR2 Cascade"	"Toll Like Receptor TLR6:TLR2 Cascade"	"4/161"	"96/7644"	0.14379033161675	0.600610942682356	0.515689591732174	"FOS/CD14/LY96/SAA1"	4
"M2"	"Signal amplification"	"Signal amplification"	"2/161"	"32/7644"	0.145347263974893	0.601788671896048	0.516700799910746	"P2RY12/GNA15"	2
"M2"	"Transport of glucose and other sugars, bile salts and organic acids, metal ions and amine compounds"	"Transport of glucose and other sugars, bile salts and organic acids, metal ions and amine compounds"	"4/161"	"97/7644"	0.147674048116683	0.606105658357169	0.520407400685794	"SLC2A5/SLC2A3/CP/SLC11A1"	4
"M2"	"Glutathione conjugation"	"Glutathione conjugation"	"2/161"	"33/7644"	0.152690345504618	0.621291750673964	0.533446306890001	"MGST1/HPGDS"	2
"M2"	"Bile acid and bile salt metabolism"	"Bile acid and bile salt metabolism"	"2/161"	"35/7644"	0.16758412838775	0.676065885461692	0.580475838320142	"ABCC3/CH25H"	2
"M2"	"BMAL1:CLOCK,NPAS2 activates circadian gene expression"	"BMAL1:CLOCK,NPAS2 activates circadian gene expression"	"2/161"	"37/7644"	0.182714506916797	0.730858027667188	0.627520831070177	"NAMPT/SERPINE1"	2
"M2"	"Acetylcholine regulates insulin secretion"	"Acetylcholine regulates insulin secretion"	"1/161"	"10/7644"	0.191843232174031	0.742213160542154	0.637270443373616	"GNA15"	1
"M2"	"Activation of the AP-1 family of transcription factors"	"Activation of the AP-1 family of transcription factors"	"1/161"	"10/7644"	0.191843232174031	0.742213160542154	0.637270443373616	"FOS"	1
"M2"	"Calcitonin-like ligand receptors"	"Calcitonin-like ligand receptors"	"1/161"	"10/7644"	0.191843232174031	0.742213160542154	0.637270443373616	"ADM"	1
"M2"	"Methylation"	"Methylation"	"1/161"	"10/7644"	0.191843232174031	0.742213160542154	0.637270443373616	"NNMT"	1
"M2"	"O-glycosylation of TSR domain-containing proteins"	"O-glycosylation of TSR domain-containing proteins"	"2/161"	"39/7644"	0.198036266846592	0.759944048386924	0.652494332357194	"THBS1/THSD4"	2
"M2"	"Glucose transport"	"Glucose transport"	"2/161"	"40/7644"	0.205755697440212	0.776336480338936	0.666569011887802	"SLC2A3/HK3"	2
"M2"	"Interleukin-1 signaling"	"Interleukin-1 signaling"	"2/161"	"40/7644"	0.205755697440212	0.776336480338936	0.666569011887802	"IL1R1/IL1B"	2
"M2"	"Interleukin-6 signaling"	"Interleukin-6 signaling"	"1/161"	"11/7644"	0.208887146192892	0.776336480338936	0.666569011887802	"SOCS3"	1
"M2"	"Tryptophan catabolism"	"Tryptophan catabolism"	"1/161"	"11/7644"	0.208887146192892	0.776336480338936	0.666569011887802	"TDO2"	1
"M2"	"Senescence-Associated Secretory Phenotype (SASP)"	"Senescence-Associated Secretory Phenotype (SASP)"	"3/161"	"76/7644"	0.215164011806599	0.793417293536835	0.68123474132846	"FOS/HIST1H2AC/CXCL8"	3
"M2"	"Binding and entry of HIV virion"	"Binding and entry of HIV virion"	"1/161"	"12/7644"	0.225573792264285	0.794558432453302	0.682214532771011	"CCR5"	1
"M2"	"Hormone-sensitive lipase (HSL)-mediated triacylglycerol hydrolysis"	"Hormone-sensitive lipase (HSL)-mediated triacylglycerol hydrolysis"	"1/161"	"12/7644"	0.225573792264285	0.794558432453302	0.682214532771011	"CAV1"	1
"M2"	"P2Y receptors"	"P2Y receptors"	"1/161"	"12/7644"	0.225573792264285	0.794558432453302	0.682214532771011	"P2RY12"	1
"M2"	"Passive transport by Aquaporins"	"Passive transport by Aquaporins"	"1/161"	"12/7644"	0.225573792264285	0.794558432453302	0.682214532771011	"AQP9"	1
"M2"	"Peptide hormone biosynthesis"	"Peptide hormone biosynthesis"	"1/161"	"12/7644"	0.225573792264285	0.794558432453302	0.682214532771011	"PCSK1"	1
"M2"	"Pyrimidine catabolism"	"Pyrimidine catabolism"	"1/161"	"12/7644"	0.225573792264285	0.794558432453302	0.682214532771011	"DPYD"	1
"M2"	"Activation of DNA fragmentation factor"	"Activation of DNA fragmentation factor"	"1/161"	"13/7644"	0.24191061347045	0.819523765389737	0.703649976973793	"HIST1H1C"	1
"M2"	"Advanced glycosylation endproduct receptor signaling"	"Advanced glycosylation endproduct receptor signaling"	"1/161"	"13/7644"	0.24191061347045	0.819523765389737	0.703649976973793	"SAA1"	1
"M2"	"Apoptosis induced DNA fragmentation"	"Apoptosis induced DNA fragmentation"	"1/161"	"13/7644"	0.24191061347045	0.819523765389737	0.703649976973793	"HIST1H1C"	1
"M2"	"DEx/H-box helicases activate type I IFN and inflammatory cytokines production"	"DEx/H-box helicases activate type I IFN and inflammatory cytokines production"	"1/161"	"13/7644"	0.24191061347045	0.819523765389737	0.703649976973793	"SAA1"	1
"M2"	"Synthesis, secretion, and inactivation of Glucose-dependent Insulinotropic Polypeptide (GIP)"	"Synthesis, secretion, and inactivation of Glucose-dependent Insulinotropic Polypeptide (GIP)"	"1/161"	"13/7644"	0.24191061347045	0.819523765389737	0.703649976973793	"PCSK1"	1
"M2"	"Antigen processing-Cross presentation"	"Antigen processing-Cross presentation"	"3/161"	"81/7644"	0.243079082954583	0.819523765389737	0.703649976973793	"FCGR1A/MRC1/FCGR1B"	3
"M2"	"Regulation of IFNG signaling"	"Regulation of IFNG signaling"	"1/161"	"14/7644"	0.257904898784466	0.857261353706113	0.736051786745882	"SOCS3"	1
"M2"	"Regulation of pyruvate dehydrogenase (PDH) complex"	"Regulation of pyruvate dehydrogenase (PDH) complex"	"1/161"	"14/7644"	0.257904898784466	0.857261353706113	0.736051786745882	"PDK4"	1
"M2"	"Scavenging of heme from plasma"	"Scavenging of heme from plasma"	"2/161"	"47/7644"	0.260444862954379	0.859650177024244	0.738102850477997	"CD163/HP"	2
"M2"	"MyD88 cascade initiated on plasma membrane"	"MyD88 cascade initiated on plasma membrane"	"3/161"	"86/7644"	0.271544123078675	0.877868671870786	0.753745402922062	"FOS/SAA1/TLR10"	3
"M2"	"Toll Like Receptor 10 (TLR10) Cascade"	"Toll Like Receptor 10 (TLR10) Cascade"	"3/161"	"86/7644"	0.271544123078675	0.877868671870786	0.753745402922062	"FOS/SAA1/TLR10"	3
"M2"	"Toll Like Receptor 5 (TLR5) Cascade"	"Toll Like Receptor 5 (TLR5) Cascade"	"3/161"	"86/7644"	0.271544123078675	0.877868671870786	0.753745402922062	"FOS/SAA1/TLR10"	3
"M2"	"Recycling of bile acids and salts"	"Recycling of bile acids and salts"	"1/161"	"15/7644"	0.273563786241308	0.878381680992498	0.754185876855736	"ABCC3"	1
"M2"	"FCGR activation"	"FCGR activation"	"2/161"	"50/7644"	0.284005081591804	0.902152846932723	0.77459599926204	"FCGR3A/FCGR1A"	2
"M2"	"Acyl chain remodelling of PI"	"Acyl chain remodelling of PI"	"1/161"	"16/7644"	0.288894266044054	0.902152846932723	0.77459599926204	"PLA2G2A"	1
"M2"	"Nucleotide-like (purinergic) receptors"	"Nucleotide-like (purinergic) receptors"	"1/161"	"16/7644"	0.288894266044054	0.902152846932723	0.77459599926204	"P2RY12"	1
"M2"	"Acyl chain remodelling of PG"	"Acyl chain remodelling of PG"	"1/161"	"17/7644"	0.303903183606574	0.902152846932723	0.77459599926204	"PLA2G2A"	1
"M2"	"Acyl chain remodelling of PS"	"Acyl chain remodelling of PS"	"1/161"	"17/7644"	0.303903183606574	0.902152846932723	0.77459599926204	"PLA2G2A"	1
"M2"	"Cytosolic sulfonation of small molecules"	"Cytosolic sulfonation of small molecules"	"1/161"	"17/7644"	0.303903183606574	0.902152846932723	0.77459599926204	"SULT1A1"	1
"M2"	"eNOS activation and regulation"	"eNOS activation and regulation"	"1/161"	"17/7644"	0.303903183606574	0.902152846932723	0.77459599926204	"CAV1"	1
"M2"	"Formation of Senescence-Associated Heterochromatin Foci (SAHF)"	"Formation of Senescence-Associated Heterochromatin Foci (SAHF)"	"1/161"	"17/7644"	0.303903183606574	0.902152846932723	0.77459599926204	"HIST1H1C"	1
"M2"	"Metabolism of nitric oxide"	"Metabolism of nitric oxide"	"1/161"	"17/7644"	0.303903183606574	0.902152846932723	0.77459599926204	"CAV1"	1
"M2"	"Metabolism of porphyrins"	"Metabolism of porphyrins"	"1/161"	"17/7644"	0.303903183606574	0.902152846932723	0.77459599926204	"HMOX1"	1
"M2"	"Synthesis, secretion, and deacylation of Ghrelin"	"Synthesis, secretion, and deacylation of Ghrelin"	"1/161"	"17/7644"	0.303903183606574	0.902152846932723	0.77459599926204	"PCSK1"	1
"M2"	"Tristetraprolin (TTP) destabilizes mRNA"	"Tristetraprolin (TTP) destabilizes mRNA"	"1/161"	"17/7644"	0.303903183606574	0.902152846932723	0.77459599926204	"ZFP36"	1
"M2"	"Assembly of collagen fibrils and other multimeric structures"	"Assembly of collagen fibrils and other multimeric structures"	"2/161"	"54/7644"	0.315300461436412	0.922563794331533	0.792121009852007	"LOX/COL11A2"	2
"M2"	"Meiotic recombination"	"Meiotic recombination"	"2/161"	"54/7644"	0.315300461436412	0.922563794331533	0.792121009852007	"HIST1H2AC/MSH5"	2
"M2"	"Activation of SMO"	"Activation of SMO"	"1/161"	"18/7644"	0.318597242533983	0.922563794331533	0.792121009852007	"PTCH1"	1
"M2"	"Oxygen-dependent proline hydroxylation of Hypoxia-inducible Factor Alpha"	"Oxygen-dependent proline hydroxylation of Hypoxia-inducible Factor Alpha"	"1/161"	"18/7644"	0.318597242533983	0.922563794331533	0.792121009852007	"HIF3A"	1
"M2"	"Circadian Clock"	"Circadian Clock"	"2/161"	"55/7644"	0.323083068221014	0.924213383032234	0.793537360542841	"NAMPT/SERPINE1"	2
"M2"	"ECM proteoglycans"	"ECM proteoglycans"	"2/161"	"55/7644"	0.323083068221014	0.924213383032234	0.793537360542841	"SERPINE1/IBSP"	2
"M2"	"Gap junction assembly"	"Gap junction assembly"	"1/161"	"19/7644"	0.332983007542116	0.937733901922672	0.805146191436727	"GJB2"	1
"M2"	"Scavenging by Class A Receptors"	"Scavenging by Class A Receptors"	"1/161"	"19/7644"	0.332983007542116	0.937733901922672	0.805146191436727	"MSR1"	1
"M2"	"DNA Damage/Telomere Stress Induced Senescence"	"DNA Damage/Telomere Stress Induced Senescence"	"2/161"	"58/7644"	0.34628920914776	0.937733901922672	0.805146191436727	"HIST1H2AC/HIST1H1C"	2
"M2"	"Syndecan interactions"	"Syndecan interactions"	"1/161"	"20/7644"	0.347066907317292	0.937733901922672	0.805146191436727	"THBS1"	1
"M2"	"Synthesis, secretion, and inactivation of Glucagon-like Peptide-1 (GLP-1)"	"Synthesis, secretion, and inactivation of Glucagon-like Peptide-1 (GLP-1)"	"1/161"	"20/7644"	0.347066907317292	0.937733901922672	0.805146191436727	"PCSK1"	1
"M2"	"Aflatoxin activation and detoxification"	"Aflatoxin activation and detoxification"	"1/161"	"21/7644"	0.360855237317544	0.937733901922672	0.805146191436727	"MGST1"	1
"M2"	"Defective ACY1 causes encephalopathy"	"Defective ACY1 causes encephalopathy"	"1/161"	"21/7644"	0.360855237317544	0.937733901922672	0.805146191436727	"MGST1"	1
"M2"	"RA biosynthesis pathway"	"RA biosynthesis pathway"	"1/161"	"21/7644"	0.360855237317544	0.937733901922672	0.805146191436727	"RDH10"	1
"M2"	"RIP-mediated NFkB activation via ZBP1"	"RIP-mediated NFkB activation via ZBP1"	"1/161"	"21/7644"	0.360855237317544	0.937733901922672	0.805146191436727	"SAA1"	1
"M2"	"Synthesis of Leukotrienes (LT) and Eoxins (EX)"	"Synthesis of Leukotrienes (LT) and Eoxins (EX)"	"1/161"	"21/7644"	0.360855237317544	0.937733901922672	0.805146191436727	"ALOX5AP"	1
"M2"	"G alpha (q) signalling events"	"G alpha (q) signalling events"	"5/161"	"189/7644"	0.367248321804417	0.937733901922672	0.805146191436727	"RGS2/GNA15/SAA1/RGS18/BDKRB2"	5
"M2"	"ADP signalling through P2Y purinoceptor 12"	"ADP signalling through P2Y purinoceptor 12"	"1/161"	"22/7644"	0.374354162516531	0.937733901922672	0.805146191436727	"P2RY12"	1
"M2"	"Early Phase of HIV Life Cycle"	"Early Phase of HIV Life Cycle"	"1/161"	"22/7644"	0.374354162516531	0.937733901922672	0.805146191436727	"CCR5"	1
"M2"	"Pyruvate metabolism"	"Pyruvate metabolism"	"1/161"	"22/7644"	0.374354162516531	0.937733901922672	0.805146191436727	"PDK4"	1
"M2"	"The canonical retinoid cycle in rods (twilight vision)"	"The canonical retinoid cycle in rods (twilight vision)"	"1/161"	"22/7644"	0.374354162516531	0.937733901922672	0.805146191436727	"RDH10"	1
"M2"	"Acyl chain remodelling of PE"	"Acyl chain remodelling of PE"	"1/161"	"23/7644"	0.387569720091293	0.937733901922672	0.805146191436727	"PLA2G2A"	1
"M2"	"Endogenous sterols"	"Endogenous sterols"	"1/161"	"23/7644"	0.387569720091293	0.937733901922672	0.805146191436727	"CYP19A1"	1
"M2"	"Incretin synthesis, secretion, and inactivation"	"Incretin synthesis, secretion, and inactivation"	"1/161"	"23/7644"	0.387569720091293	0.937733901922672	0.805146191436727	"PCSK1"	1
"M2"	"Laminin interactions"	"Laminin interactions"	"1/161"	"23/7644"	0.387569720091293	0.937733901922672	0.805146191436727	"ITGA3"	1
"M2"	"Sulfur amino acid metabolism"	"Sulfur amino acid metabolism"	"1/161"	"23/7644"	0.387569720091293	0.937733901922672	0.805146191436727	"CBS"	1
"M2"	"Thromboxane signalling through TP receptor"	"Thromboxane signalling through TP receptor"	"1/161"	"23/7644"	0.387569720091293	0.937733901922672	0.805146191436727	"GNA15"	1
"M2"	"Growth hormone receptor signaling"	"Growth hormone receptor signaling"	"1/161"	"24/7644"	0.400507822054985	0.937733901922672	0.805146191436727	"SOCS3"	1
"M2"	"Lysosome Vesicle Biogenesis"	"Lysosome Vesicle Biogenesis"	"1/161"	"24/7644"	0.400507822054985	0.937733901922672	0.805146191436727	"VAMP8"	1
"M2"	"Pyrimidine metabolism"	"Pyrimidine metabolism"	"1/161"	"24/7644"	0.400507822054985	0.937733901922672	0.805146191436727	"DPYD"	1
"M2"	"TRAF6 mediated NF-kB activation"	"TRAF6 mediated NF-kB activation"	"1/161"	"24/7644"	0.400507822054985	0.937733901922672	0.805146191436727	"SAA1"	1
"M2"	"Activation of G protein gated Potassium channels"	"Activation of G protein gated Potassium channels"	"1/161"	"25/7644"	0.413174257835713	0.937733901922672	0.805146191436727	"KCNJ5"	1
"M2"	"Acyl chain remodelling of PC"	"Acyl chain remodelling of PC"	"1/161"	"25/7644"	0.413174257835713	0.937733901922672	0.805146191436727	"PLA2G2A"	1
"M2"	"ADP signalling through P2Y purinoceptor 1"	"ADP signalling through P2Y purinoceptor 1"	"1/161"	"25/7644"	0.413174257835713	0.937733901922672	0.805146191436727	"GNA15"	1
"M2"	"G protein gated Potassium channels"	"G protein gated Potassium channels"	"1/161"	"25/7644"	0.413174257835713	0.937733901922672	0.805146191436727	"KCNJ5"	1
"M2"	"Inhibition  of voltage gated Ca2+ channels via Gbeta/gamma subunits"	"Inhibition  of voltage gated Ca2+ channels via Gbeta/gamma subunits"	"1/161"	"25/7644"	0.413174257835713	0.937733901922672	0.805146191436727	"KCNJ5"	1
"M2"	"Regulation of IFNA signaling"	"Regulation of IFNA signaling"	"1/161"	"25/7644"	0.413174257835713	0.937733901922672	0.805146191436727	"SOCS3"	1
"M2"	"Synthesis of IP3 and IP4 in the cytosol"	"Synthesis of IP3 and IP4 in the cytosol"	"1/161"	"25/7644"	0.413174257835713	0.937733901922672	0.805146191436727	"PLD4"	1
"M2"	"Interferon alpha/beta signaling"	"Interferon alpha/beta signaling"	"2/161"	"67/7644"	0.414119089175026	0.937733901922672	0.805146191436727	"EGR1/SOCS3"	2
"M2"	"PPARA activates gene expression"	"PPARA activates gene expression"	"3/161"	"111/7644"	0.415550676880503	0.937733901922672	0.805146191436727	"PLIN2/ANGPTL4/G0S2"	3
"M2"	"Insulin processing"	"Insulin processing"	"1/161"	"26/7644"	0.425574696802566	0.937733901922672	0.805146191436727	"PCSK1"	1
"M2"	"Signaling by Leptin"	"Signaling by Leptin"	"1/161"	"26/7644"	0.425574696802566	0.937733901922672	0.805146191436727	"SOCS3"	1
"M2"	"TAK1 activates NFkB by phosphorylation and activation of IKKs complex"	"TAK1 activates NFkB by phosphorylation and activation of IKKs complex"	"1/161"	"26/7644"	0.425574696802566	0.937733901922672	0.805146191436727	"SAA1"	1
"M2"	"VEGFR2 mediated vascular permeability"	"VEGFR2 mediated vascular permeability"	"1/161"	"26/7644"	0.425574696802566	0.937733901922672	0.805146191436727	"CAV1"	1
"M2"	"ZBP1(DAI) mediated induction of type I IFNs"	"ZBP1(DAI) mediated induction of type I IFNs"	"1/161"	"26/7644"	0.425574696802566	0.937733901922672	0.805146191436727	"SAA1"	1
"M2"	"Cellular Senescence"	"Cellular Senescence"	"4/161"	"159/7644"	0.432015487502798	0.937733901922672	0.805146191436727	"FOS/HIST1H2AC/CXCL8/HIST1H1C"	4
"M2"	"Regulation of lipid metabolism by Peroxisome proliferator-activated receptor alpha (PPARalpha)"	"Regulation of lipid metabolism by Peroxisome proliferator-activated receptor alpha (PPARalpha)"	"3/161"	"114/7644"	0.432443674874965	0.937733901922672	0.805146191436727	"PLIN2/ANGPTL4/G0S2"	3
"M2"	"Synthesis of bile acids and bile salts"	"Synthesis of bile acids and bile salts"	"1/161"	"27/7644"	0.437714690739923	0.937733901922672	0.805146191436727	"CH25H"	1
"M2"	"Gap junction trafficking"	"Gap junction trafficking"	"1/161"	"28/7644"	0.449599676271087	0.937733901922672	0.805146191436727	"GJB2"	1
"M2"	"Interleukin receptor SHC signaling"	"Interleukin receptor SHC signaling"	"1/161"	"28/7644"	0.449599676271087	0.937733901922672	0.805146191436727	"JAK3"	1
"M2"	"Synthesis of PA"	"Synthesis of PA"	"1/161"	"28/7644"	0.449599676271087	0.937733901922672	0.805146191436727	"PLA2G2A"	1
"M2"	"Fcgamma receptor (FCGR) dependent phagocytosis"	"Fcgamma receptor (FCGR) dependent phagocytosis"	"3/161"	"119/7644"	0.460195505112776	0.937733901922672	0.805146191436727	"FCGR3A/PLD4/FCGR1A"	3
"M2"	"SMAD2/SMAD3:SMAD4 heterotrimer regulates transcription"	"SMAD2/SMAD3:SMAD4 heterotrimer regulates transcription"	"1/161"	"29/7644"	0.461234977232268	0.937733901922672	0.805146191436727	"SERPINE1"	1
"M2"	"Transferrin endocytosis and recycling"	"Transferrin endocytosis and recycling"	"1/161"	"29/7644"	0.461234977232268	0.937733901922672	0.805146191436727	"STEAP3"	1
"M2"	"SLC-mediated transmembrane transport"	"SLC-mediated transmembrane transport"	"6/161"	"259/7644"	0.465503854318651	0.937733901922672	0.805146191436727	"SLC2A5/SLC2A3/CP/SLC11A1/SLC16A10/HK3"	6
"M2"	"TRAF6 Mediated Induction of proinflammatory cytokines"	"TRAF6 Mediated Induction of proinflammatory cytokines"	"2/161"	"75/7644"	0.471391755546634	0.937733901922672	0.805146191436727	"FOS/SAA1"	2
"M2"	"Gap junction trafficking and regulation"	"Gap junction trafficking and regulation"	"1/161"	"30/7644"	0.472625806997941	0.937733901922672	0.805146191436727	"GJB2"	1
"M2"	"MAPK targets/ Nuclear events mediated by MAP kinases"	"MAPK targets/ Nuclear events mediated by MAP kinases"	"1/161"	"30/7644"	0.472625806997941	0.937733901922672	0.805146191436727	"FOS"	1
"M2"	"RNA Polymerase I Promoter Opening"	"RNA Polymerase I Promoter Opening"	"1/161"	"30/7644"	0.472625806997941	0.937733901922672	0.805146191436727	"HIST1H2AC"	1
"M2"	"Amino acid transport across the plasma membrane"	"Amino acid transport across the plasma membrane"	"1/161"	"31/7644"	0.483777270758558	0.937733901922672	0.805146191436727	"SLC16A10"	1
"M2"	"disassembly of the destruction complex and recruitment of AXIN to the membrane"	"disassembly of the destruction complex and recruitment of AXIN to the membrane"	"1/161"	"31/7644"	0.483777270758558	0.937733901922672	0.805146191436727	"CAV1"	1
"M2"	"Inwardly rectifying K+ channels"	"Inwardly rectifying K+ channels"	"1/161"	"31/7644"	0.483777270758558	0.937733901922672	0.805146191436727	"KCNJ5"	1
"M2"	"NOD1/2 Signaling Pathway"	"NOD1/2 Signaling Pathway"	"1/161"	"31/7644"	0.483777270758558	0.937733901922672	0.805146191436727	"BIRC3"	1
"M2"	"Packaging Of Telomere Ends"	"Packaging Of Telomere Ends"	"1/161"	"31/7644"	0.483777270758558	0.937733901922672	0.805146191436727	"HIST1H2AC"	1
"M2"	"Gastrin-CREB signalling pathway via PKC and MAPK"	"Gastrin-CREB signalling pathway via PKC and MAPK"	"5/161"	"217/7644"	0.483872767098915	0.937733901922672	0.805146191436727	"RGS2/GNA15/SAA1/RGS18/BDKRB2"	5
"M2"	"Defective CYP11A1 causes Adrenal insufficiency, congenital, with 46,XY sex reversal (AICSR)"	"Defective CYP11A1 causes Adrenal insufficiency, congenital, with 46,XY sex reversal (AICSR)"	"2/161"	"78/7644"	0.492000923073205	0.937733901922672	0.805146191436727	"PTGS1/CYP19A1"	2
"M2"	"Defective CYP11B1 causes Adrenal hyperplasia 4 (AH4)"	"Defective CYP11B1 causes Adrenal hyperplasia 4 (AH4)"	"2/161"	"78/7644"	0.492000923073205	0.937733901922672	0.805146191436727	"PTGS1/CYP19A1"	2
"M2"	"Defective CYP11B2 causes Corticosterone methyloxidase 1 deficiency (CMO-1 deficiency)"	"Defective CYP11B2 causes Corticosterone methyloxidase 1 deficiency (CMO-1 deficiency)"	"2/161"	"78/7644"	0.492000923073205	0.937733901922672	0.805146191436727	"PTGS1/CYP19A1"	2
"M2"	"Defective CYP17A1 causes Adrenal hyperplasia 5 (AH5)"	"Defective CYP17A1 causes Adrenal hyperplasia 5 (AH5)"	"2/161"	"78/7644"	0.492000923073205	0.937733901922672	0.805146191436727	"PTGS1/CYP19A1"	2
"M2"	"Defective CYP19A1 causes Aromatase excess syndrome (AEXS)"	"Defective CYP19A1 causes Aromatase excess syndrome (AEXS)"	"2/161"	"78/7644"	0.492000923073205	0.937733901922672	0.805146191436727	"PTGS1/CYP19A1"	2
"M2"	"Defective CYP1B1 causes Glaucoma"	"Defective CYP1B1 causes Glaucoma"	"2/161"	"78/7644"	0.492000923073205	0.937733901922672	0.805146191436727	"PTGS1/CYP19A1"	2
"M2"	"Defective CYP21A2 causes Adrenal hyperplasia 3 (AH3)"	"Defective CYP21A2 causes Adrenal hyperplasia 3 (AH3)"	"2/161"	"78/7644"	0.492000923073205	0.937733901922672	0.805146191436727	"PTGS1/CYP19A1"	2
"M2"	"Defective CYP24A1 causes Hypercalcemia, infantile (HCAI)"	"Defective CYP24A1 causes Hypercalcemia, infantile (HCAI)"	"2/161"	"78/7644"	0.492000923073205	0.937733901922672	0.805146191436727	"PTGS1/CYP19A1"	2
"M2"	"Defective CYP26B1 causes Radiohumeral fusions with other skeletal and craniofacial anomalies (RHFCA)"	"Defective CYP26B1 causes Radiohumeral fusions with other skeletal and craniofacial anomalies (RHFCA)"	"2/161"	"78/7644"	0.492000923073205	0.937733901922672	0.805146191436727	"PTGS1/CYP19A1"	2
"M2"	"Defective CYP26C1 causes Focal facial dermal dysplasia 4 (FFDD4)"	"Defective CYP26C1 causes Focal facial dermal dysplasia 4 (FFDD4)"	"2/161"	"78/7644"	0.492000923073205	0.937733901922672	0.805146191436727	"PTGS1/CYP19A1"	2
"M2"	"Defective CYP27A1 causes Cerebrotendinous xanthomatosis (CTX)"	"Defective CYP27A1 causes Cerebrotendinous xanthomatosis (CTX)"	"2/161"	"78/7644"	0.492000923073205	0.937733901922672	0.805146191436727	"PTGS1/CYP19A1"	2
"M2"	"Defective CYP27B1 causes Rickets vitamin D-dependent 1A (VDDR1A)"	"Defective CYP27B1 causes Rickets vitamin D-dependent 1A (VDDR1A)"	"2/161"	"78/7644"	0.492000923073205	0.937733901922672	0.805146191436727	"PTGS1/CYP19A1"	2
"M2"	"Defective CYP2R1 causes Rickets vitamin D-dependent 1B (VDDR1B)"	"Defective CYP2R1 causes Rickets vitamin D-dependent 1B (VDDR1B)"	"2/161"	"78/7644"	0.492000923073205	0.937733901922672	0.805146191436727	"PTGS1/CYP19A1"	2
"M2"	"Defective CYP2U1 causes Spastic paraplegia 56, autosomal recessive (SPG56)"	"Defective CYP2U1 causes Spastic paraplegia 56, autosomal recessive (SPG56)"	"2/161"	"78/7644"	0.492000923073205	0.937733901922672	0.805146191436727	"PTGS1/CYP19A1"	2
"M2"	"Defective CYP4F22 causes Ichthyosis, congenital, autosomal recessive 5 (ARCI5)"	"Defective CYP4F22 causes Ichthyosis, congenital, autosomal recessive 5 (ARCI5)"	"2/161"	"78/7644"	0.492000923073205	0.937733901922672	0.805146191436727	"PTGS1/CYP19A1"	2
"M2"	"Defective CYP7B1 causes Spastic paraplegia 5A, autosomal recessive (SPG5A) and Congenital bile acid synthesis defect 3 (CBAS3)"	"Defective CYP7B1 causes Spastic paraplegia 5A, autosomal recessive (SPG5A) and Congenital bile acid synthesis defect 3 (CBAS3)"	"2/161"	"78/7644"	0.492000923073205	0.937733901922672	0.805146191436727	"PTGS1/CYP19A1"	2
"M2"	"Defective FMO3 causes Trimethylaminuria (TMAU)"	"Defective FMO3 causes Trimethylaminuria (TMAU)"	"2/161"	"78/7644"	0.492000923073205	0.937733901922672	0.805146191436727	"PTGS1/CYP19A1"	2
"M2"	"Defective MAOA causes Brunner syndrome (BRUNS)"	"Defective MAOA causes Brunner syndrome (BRUNS)"	"2/161"	"78/7644"	0.492000923073205	0.937733901922672	0.805146191436727	"PTGS1/CYP19A1"	2
"M2"	"Defective TBXAS1 causes Ghosal hematodiaphyseal dysplasia (GHDD)"	"Defective TBXAS1 causes Ghosal hematodiaphyseal dysplasia (GHDD)"	"2/161"	"78/7644"	0.492000923073205	0.937733901922672	0.805146191436727	"PTGS1/CYP19A1"	2
"M2"	"Phase 1 - Functionalization of compounds"	"Phase 1 - Functionalization of compounds"	"2/161"	"78/7644"	0.492000923073205	0.937733901922672	0.805146191436727	"PTGS1/CYP19A1"	2
"M2"	"Transcriptional regulation of white adipocyte differentiation"	"Transcriptional regulation of white adipocyte differentiation"	"2/161"	"78/7644"	0.492000923073205	0.937733901922672	0.805146191436727	"ANGPTL4/EGR2"	2
"M2"	"Activation of Matrix Metalloproteinases"	"Activation of Matrix Metalloproteinases"	"1/161"	"32/7644"	0.494694367751579	0.937733901922672	0.805146191436727	"TIMP1"	1
"M2"	"DNA methylation"	"DNA methylation"	"1/161"	"32/7644"	0.494694367751579	0.937733901922672	0.805146191436727	"HIST1H2AC"	1
"M2"	"Thrombin signalling through proteinase activated receptors (PARs)"	"Thrombin signalling through proteinase activated receptors (PARs)"	"1/161"	"32/7644"	0.494694367751579	0.937733901922672	0.805146191436727	"GNA15"	1
"M2"	"VEGFR2 mediated cell proliferation"	"VEGFR2 mediated cell proliferation"	"1/161"	"32/7644"	0.494694367751579	0.937733901922672	0.805146191436727	"VEGFA"	1
"M2"	"Metabolism of steroid hormones and vitamin D"	"Metabolism of steroid hormones and vitamin D"	"1/161"	"33/7644"	0.505381993446797	0.946588495662254	0.81274881987058	"CYP19A1"	1
"M2"	"Sialic acid metabolism"	"Sialic acid metabolism"	"1/161"	"33/7644"	0.505381993446797	0.946588495662254	0.81274881987058	"ST6GAL2"	1
"M2"	"Steroid hormones"	"Steroid hormones"	"1/161"	"33/7644"	0.505381993446797	0.946588495662254	0.81274881987058	"CYP19A1"	1
"M2"	"EPHA-mediated growth cone collapse"	"EPHA-mediated growth cone collapse"	"1/161"	"34/7644"	0.515844941686852	0.955111454974099	0.820066704203898	"VEGFA"	1
"M2"	"Unfolded Protein Response (UPR)"	"Unfolded Protein Response (UPR)"	"2/161"	"82/7644"	0.518685502278369	0.955111454974099	0.820066704203898	"CCL2/CXCL8"	2
"M2"	"DAP12 interactions"	"DAP12 interactions"	"4/161"	"179/7644"	0.523925241168178	0.955111454974099	0.820066704203898	"NR4A1/CLEC5A/TREM1/SIGLEC14"	4
"M2"	"SIRT1 negatively regulates rRNA Expression"	"SIRT1 negatively regulates rRNA Expression"	"1/161"	"35/7644"	0.526087906783885	0.955111454974099	0.820066704203898	"HIST1H2AC"	1
"M2"	"ABC-family proteins mediated transport"	"ABC-family proteins mediated transport"	"1/161"	"36/7644"	0.536115485573186	0.955111454974099	0.820066704203898	"ABCC3"	1
"M2"	"Export of Viral Ribonucleoproteins from Nucleus"	"Export of Viral Ribonucleoproteins from Nucleus"	"1/161"	"36/7644"	0.536115485573186	0.955111454974099	0.820066704203898	"HSPA1A"	1
"M2"	"Transport to the Golgi and subsequent modification"	"Transport to the Golgi and subsequent modification"	"1/161"	"36/7644"	0.536115485573186	0.955111454974099	0.820066704203898	"MAN1C1"	1
"M2"	"Meiosis"	"Meiosis"	"2/161"	"85/7644"	0.538083040629295	0.955111454974099	0.820066704203898	"HIST1H2AC/MSH5"	2
"M2"	"Collagen formation"	"Collagen formation"	"2/161"	"86/7644"	0.544429205332881	0.955111454974099	0.820066704203898	"LOX/COL11A2"	2
"M2"	"Regulation of mRNA stability by proteins that bind AU-rich elements"	"Regulation of mRNA stability by proteins that bind AU-rich elements"	"2/161"	"86/7644"	0.544429205332881	0.955111454974099	0.820066704203898	"ZFP36/HSPA1A"	2
"M2"	"TRAF6 mediated induction of NFkB and MAP kinases upon TLR7/8 or 9 activation"	"TRAF6 mediated induction of NFkB and MAP kinases upon TLR7/8 or 9 activation"	"2/161"	"86/7644"	0.544429205332881	0.955111454974099	0.820066704203898	"FOS/SAA1"	2
"M2"	"Class B/2 (Secretin family receptors)"	"Class B/2 (Secretin family receptors)"	"2/161"	"87/7644"	0.550714953892565	0.955111454974099	0.820066704203898	"ADM/PTCH1"	2
"M2"	"Collagen degradation"	"Collagen degradation"	"1/161"	"38/7644"	0.555542396213581	0.955111454974099	0.820066704203898	"MMP19"	1
"M2"	"Cyclin D associated events in G1"	"Cyclin D associated events in G1"	"1/161"	"38/7644"	0.555542396213581	0.955111454974099	0.820066704203898	"CCND2"	1
"M2"	"G1 Phase"	"G1 Phase"	"1/161"	"38/7644"	0.555542396213581	0.955111454974099	0.820066704203898	"CCND2"	1
"M2"	"Phagosomal maturation (early endosomal stage)"	"Phagosomal maturation (early endosomal stage)"	"1/161"	"38/7644"	0.555542396213581	0.955111454974099	0.820066704203898	"SLC11A1"	1
"M2"	"Glycerophospholipid biosynthesis"	"Glycerophospholipid biosynthesis"	"2/161"	"88/7644"	0.556940001980546	0.955111454974099	0.820066704203898	"PLD4/PLA2G2A"	2
"M2"	"MyD88 dependent cascade initiated on endosome"	"MyD88 dependent cascade initiated on endosome"	"2/161"	"88/7644"	0.556940001980546	0.955111454974099	0.820066704203898	"FOS/SAA1"	2
"M2"	"Toll Like Receptor 7/8 (TLR7/8) Cascade"	"Toll Like Receptor 7/8 (TLR7/8) Cascade"	"2/161"	"88/7644"	0.556940001980546	0.955111454974099	0.820066704203898	"FOS/SAA1"	2
"M2"	"Activation of GABAB receptors"	"Activation of GABAB receptors"	"1/161"	"39/7644"	0.564950452249554	0.955111454974099	0.820066704203898	"KCNJ5"	1
"M2"	"GABA B receptor activation"	"GABA B receptor activation"	"1/161"	"39/7644"	0.564950452249554	0.955111454974099	0.820066704203898	"KCNJ5"	1
"M2"	"PRC2 methylates histones and DNA"	"PRC2 methylates histones and DNA"	"1/161"	"40/7644"	0.574160574167742	0.955111454974099	0.820066704203898	"HIST1H2AC"	1
"M2"	"Oxidative Stress Induced Senescence"	"Oxidative Stress Induced Senescence"	"2/161"	"91/7644"	0.575248668401671	0.955111454974099	0.820066704203898	"FOS/HIST1H2AC"	2
"M2"	"Toll Like Receptor 9 (TLR9) Cascade"	"Toll Like Receptor 9 (TLR9) Cascade"	"2/161"	"92/7644"	0.581228818890383	0.955111454974099	0.820066704203898	"FOS/SAA1"	2
"M2"	"Condensation of Prophase Chromosomes"	"Condensation of Prophase Chromosomes"	"1/161"	"41/7644"	0.583176900779919	0.955111454974099	0.820066704203898	"HIST1H2AC"	1
"M2"	"Transcriptional activity of SMAD2/SMAD3:SMAD4 heterotrimer"	"Transcriptional activity of SMAD2/SMAD3:SMAD4 heterotrimer"	"1/161"	"41/7644"	0.583176900779919	0.955111454974099	0.820066704203898	"SERPINE1"	1
"M2"	"Non-integrin membrane-ECM interactions"	"Non-integrin membrane-ECM interactions"	"1/161"	"42/7644"	0.592003484888092	0.955111454974099	0.820066704203898	"THBS1"	1
"M2"	"Transcriptional regulation of pluripotent stem cells"	"Transcriptional regulation of pluripotent stem cells"	"1/161"	"42/7644"	0.592003484888092	0.955111454974099	0.820066704203898	"HIF3A"	1
"M2"	"Regulation of actin dynamics for phagocytic cup formation"	"Regulation of actin dynamics for phagocytic cup formation"	"2/161"	"95/7644"	0.598799558267612	0.955111454974099	0.820066704203898	"FCGR3A/FCGR1A"	2
"M2"	"Pyruvate metabolism and Citric Acid (TCA) cycle"	"Pyruvate metabolism and Citric Acid (TCA) cycle"	"1/161"	"43/7644"	0.600644295060812	0.955111454974099	0.820066704203898	"PDK4"	1
"M2"	"Inositol phosphate metabolism"	"Inositol phosphate metabolism"	"1/161"	"44/7644"	0.609103217373035	0.955111454974099	0.820066704203898	"PLD4"	1
"M2"	"Interleukin-3, 5 and GM-CSF signaling"	"Interleukin-3, 5 and GM-CSF signaling"	"1/161"	"45/7644"	0.617384057110264	0.955111454974099	0.820066704203898	"JAK3"	1
"M2"	"RMTs methylate histone arginines"	"RMTs methylate histone arginines"	"1/161"	"45/7644"	0.617384057110264	0.955111454974099	0.820066704203898	"HIST1H2AC"	1
"M2"	"Interleukin-2 signaling"	"Interleukin-2 signaling"	"1/161"	"47/7644"	0.633426316035172	0.955111454974099	0.820066704203898	"JAK3"	1
"M2"	"Glycogen storage diseases"	"Glycogen storage diseases"	"5/161"	"258/7644"	0.638429893176731	0.955111454974099	0.820066704203898	"CD44/SLC2A5/SLC2A3/LYVE1/HK3"	5
"M2"	"Metabolism of carbohydrates"	"Metabolism of carbohydrates"	"5/161"	"258/7644"	0.638429893176731	0.955111454974099	0.820066704203898	"CD44/SLC2A5/SLC2A3/LYVE1/HK3"	5
"M2"	"Myoclonic epilepsy of Lafora"	"Myoclonic epilepsy of Lafora"	"5/161"	"258/7644"	0.638429893176731	0.955111454974099	0.820066704203898	"CD44/SLC2A5/SLC2A3/LYVE1/HK3"	5
"M2"	"G beta:gamma signalling through PI3Kgamma"	"G beta:gamma signalling through PI3Kgamma"	"1/161"	"48/7644"	0.641194956698373	0.955111454974099	0.820066704203898	"JAK3"	1
"M2"	"O-linked glycosylation"	"O-linked glycosylation"	"2/161"	"103/7644"	0.642944193458662	0.955111454974099	0.820066704203898	"THBS1/THSD4"	2
"M2"	"Integration of energy metabolism"	"Integration of energy metabolism"	"2/161"	"104/7644"	0.648186602835779	0.955111454974099	0.820066704203898	"GNA15/MLXIPL"	2
"M2"	"Amino acid and oligopeptide SLC transporters"	"Amino acid and oligopeptide SLC transporters"	"1/161"	"49/7644"	0.648799960907372	0.955111454974099	0.820066704203898	"SLC16A10"	1
"M2"	"GPVI-mediated activation cascade"	"GPVI-mediated activation cascade"	"1/161"	"49/7644"	0.648799960907372	0.955111454974099	0.820066704203898	"JAK3"	1
"M2"	"VEGFA-VEGFR2 Pathway"	"VEGFA-VEGFR2 Pathway"	"2/161"	"105/7644"	0.653368286613816	0.955111454974099	0.820066704203898	"VEGFA/CAV1"	2
"M2"	"Lipid digestion, mobilization, and transport"	"Lipid digestion, mobilization, and transport"	"1/161"	"50/7644"	0.656244754362792	0.955111454974099	0.820066704203898	"CAV1"	1
"M2"	"Aquaporin-mediated transport"	"Aquaporin-mediated transport"	"1/161"	"51/7644"	0.663532691490471	0.955111454974099	0.820066704203898	"AQP9"	1
"M2"	"G-protein beta:gamma signalling"	"G-protein beta:gamma signalling"	"1/161"	"51/7644"	0.663532691490471	0.955111454974099	0.820066704203898	"JAK3"	1
"M2"	"Nuclear Receptor transcription pathway"	"Nuclear Receptor transcription pathway"	"1/161"	"51/7644"	0.663532691490471	0.955111454974099	0.820066704203898	"NR4A1"	1
"M2"	"Nucleotide-binding domain, leucine rich repeat containing receptor (NLR) signaling pathways"	"Nucleotide-binding domain, leucine rich repeat containing receptor (NLR) signaling pathways"	"1/161"	"51/7644"	0.663532691490471	0.955111454974099	0.820066704203898	"BIRC3"	1
"M2"	"Apoptotic execution  phase"	"Apoptotic execution  phase"	"1/161"	"52/7644"	0.670667056915208	0.955111454974099	0.820066704203898	"HIST1H1C"	1
"M2"	"Deposition of new CENPA-containing nucleosomes at the centromere"	"Deposition of new CENPA-containing nucleosomes at the centromere"	"1/161"	"52/7644"	0.670667056915208	0.955111454974099	0.820066704203898	"HIST1H2AC"	1
"M2"	"Nucleosome assembly"	"Nucleosome assembly"	"1/161"	"52/7644"	0.670667056915208	0.955111454974099	0.820066704203898	"HIST1H2AC"	1
"M2"	"Synthesis of substrates in N-glycan biosythesis"	"Synthesis of substrates in N-glycan biosythesis"	"1/161"	"52/7644"	0.670667056915208	0.955111454974099	0.820066704203898	"ST6GAL2"	1
"M2"	"AUF1 (hnRNP D0) destabilizes mRNA"	"AUF1 (hnRNP D0) destabilizes mRNA"	"1/161"	"54/7644"	0.684487870780981	0.955111454974099	0.820066704203898	"HSPA1A"	1
"M2"	"Golgi Associated Vesicle Biogenesis"	"Golgi Associated Vesicle Biogenesis"	"1/161"	"54/7644"	0.684487870780981	0.955111454974099	0.820066704203898	"VAMP8"	1
"M2"	"GABA receptor activation"	"GABA receptor activation"	"1/161"	"55/7644"	0.69118055230987	0.955111454974099	0.820066704203898	"KCNJ5"	1
"M2"	"Signaling by VEGF"	"Signaling by VEGF"	"2/161"	"113/7644"	0.692665003279473	0.955111454974099	0.820066704203898	"VEGFA/CAV1"	2
"M2"	"MAP kinase activation in TLR cascade"	"MAP kinase activation in TLR cascade"	"1/161"	"56/7644"	0.697732131052538	0.955111454974099	0.820066704203898	"FOS"	1
"M2"	"RNA Polymerase I Chain Elongation"	"RNA Polymerase I Chain Elongation"	"1/161"	"56/7644"	0.697732131052538	0.955111454974099	0.820066704203898	"HIST1H2AC"	1
"M2"	"Meiotic synapsis"	"Meiotic synapsis"	"1/161"	"57/7644"	0.704145563696257	0.955111454974099	0.820066704203898	"HIST1H2AC"	1
"M2"	"Diseases of glycosylation"	"Diseases of glycosylation"	"4/161"	"227/7644"	0.709876832164446	0.955111454974099	0.820066704203898	"CD44/MAN1C1/ST6GAL2/LYVE1"	4
"M2"	"formation of the beta-catenin:TCF transactivating complex"	"formation of the beta-catenin:TCF transactivating complex"	"1/161"	"58/7644"	0.710423745355003	0.955111454974099	0.820066704203898	"HIST1H2AC"	1
"M2"	"Asparagine N-linked glycosylation"	"Asparagine N-linked glycosylation"	"2/161"	"118/7644"	0.715324031928327	0.955111454974099	0.820066704203898	"MAN1C1/ST6GAL2"	2
"M2"	"Defective ALG11 causes ALG11-CDG (CDG-1p)"	"Defective ALG11 causes ALG11-CDG (CDG-1p)"	"2/161"	"118/7644"	0.715324031928327	0.955111454974099	0.820066704203898	"MAN1C1/ST6GAL2"	2
"M2"	"Defective ALG12 causes ALG12-CDG (CDG-1g)"	"Defective ALG12 causes ALG12-CDG (CDG-1g)"	"2/161"	"118/7644"	0.715324031928327	0.955111454974099	0.820066704203898	"MAN1C1/ST6GAL2"	2
"M2"	"Defective ALG14 causes congenital myasthenic syndrome (ALG14-CMS)"	"Defective ALG14 causes congenital myasthenic syndrome (ALG14-CMS)"	"2/161"	"118/7644"	0.715324031928327	0.955111454974099	0.820066704203898	"MAN1C1/ST6GAL2"	2
"M2"	"Defective ALG1 causes ALG1-CDG (CDG-1k)"	"Defective ALG1 causes ALG1-CDG (CDG-1k)"	"2/161"	"118/7644"	0.715324031928327	0.955111454974099	0.820066704203898	"MAN1C1/ST6GAL2"	2
"M2"	"Defective ALG2 causes ALG2-CDG (CDG-1i)"	"Defective ALG2 causes ALG2-CDG (CDG-1i)"	"2/161"	"118/7644"	0.715324031928327	0.955111454974099	0.820066704203898	"MAN1C1/ST6GAL2"	2
"M2"	"Defective ALG3 causes ALG3-CDG (CDG-1d)"	"Defective ALG3 causes ALG3-CDG (CDG-1d)"	"2/161"	"118/7644"	0.715324031928327	0.955111454974099	0.820066704203898	"MAN1C1/ST6GAL2"	2
"M2"	"Defective ALG6 causes ALG6-CDG (CDG-1c)"	"Defective ALG6 causes ALG6-CDG (CDG-1c)"	"2/161"	"118/7644"	0.715324031928327	0.955111454974099	0.820066704203898	"MAN1C1/ST6GAL2"	2
"M2"	"Defective ALG8 causes ALG8-CDG (CDG-1h)"	"Defective ALG8 causes ALG8-CDG (CDG-1h)"	"2/161"	"118/7644"	0.715324031928327	0.955111454974099	0.820066704203898	"MAN1C1/ST6GAL2"	2
"M2"	"Defective ALG9 causes ALG9-CDG (CDG-1l)"	"Defective ALG9 causes ALG9-CDG (CDG-1l)"	"2/161"	"118/7644"	0.715324031928327	0.955111454974099	0.820066704203898	"MAN1C1/ST6GAL2"	2
"M2"	"Defective DPAGT1 causes DPAGT1-CDG (CDG-1j) and CMSTA2"	"Defective DPAGT1 causes DPAGT1-CDG (CDG-1j) and CMSTA2"	"2/161"	"118/7644"	0.715324031928327	0.955111454974099	0.820066704203898	"MAN1C1/ST6GAL2"	2
"M2"	"Defective MAN1B1 causes MRT15"	"Defective MAN1B1 causes MRT15"	"2/161"	"118/7644"	0.715324031928327	0.955111454974099	0.820066704203898	"MAN1C1/ST6GAL2"	2
"M2"	"Defective MGAT2 causes MGAT2-CDG (CDG-2a)"	"Defective MGAT2 causes MGAT2-CDG (CDG-2a)"	"2/161"	"118/7644"	0.715324031928327	0.955111454974099	0.820066704203898	"MAN1C1/ST6GAL2"	2
"M2"	"Defective MOGS causes MOGS-CDG (CDG-2b)"	"Defective MOGS causes MOGS-CDG (CDG-2b)"	"2/161"	"118/7644"	0.715324031928327	0.955111454974099	0.820066704203898	"MAN1C1/ST6GAL2"	2
"M2"	"Defective MPDU1 causes MPDU1-CDG (CDG-1f)"	"Defective MPDU1 causes MPDU1-CDG (CDG-1f)"	"2/161"	"118/7644"	0.715324031928327	0.955111454974099	0.820066704203898	"MAN1C1/ST6GAL2"	2
"M2"	"Defective RFT1 causes RFT1-CDG (CDG-1n)"	"Defective RFT1 causes RFT1-CDG (CDG-1n)"	"2/161"	"118/7644"	0.715324031928327	0.955111454974099	0.820066704203898	"MAN1C1/ST6GAL2"	2
"M2"	"Diseases associated with N-glycosylation of proteins"	"Diseases associated with N-glycosylation of proteins"	"2/161"	"118/7644"	0.715324031928327	0.955111454974099	0.820066704203898	"MAN1C1/ST6GAL2"	2
"M2"	"Cytochrome P450 - arranged by substrate type"	"Cytochrome P450 - arranged by substrate type"	"1/161"	"60/7644"	0.722585635926724	0.955111454974099	0.820066704203898	"CYP19A1"	1
"M2"	"HDACs deacetylate histones"	"HDACs deacetylate histones"	"1/161"	"60/7644"	0.722585635926724	0.955111454974099	0.820066704203898	"HIST1H2AC"	1
"M2"	"Telomere Maintenance"	"Telomere Maintenance"	"1/161"	"60/7644"	0.722585635926724	0.955111454974099	0.820066704203898	"HIST1H2AC"	1
"M2"	"Defective B3GAT3 causes JDSSDHD"	"Defective B3GAT3 causes JDSSDHD"	"2/161"	"121/7644"	0.728240037603967	0.955111454974099	0.820066704203898	"CD44/LYVE1"	2
"M2"	"Defective B4GALT1 causes B4GALT1-CDG (CDG-2d)"	"Defective B4GALT1 causes B4GALT1-CDG (CDG-2d)"	"2/161"	"121/7644"	0.728240037603967	0.955111454974099	0.820066704203898	"CD44/LYVE1"	2
"M2"	"Defective B4GALT7 causes EDS, progeroid type"	"Defective B4GALT7 causes EDS, progeroid type"	"2/161"	"121/7644"	0.728240037603967	0.955111454974099	0.820066704203898	"CD44/LYVE1"	2
"M2"	"Defective CHST14 causes EDS, musculocontractural type"	"Defective CHST14 causes EDS, musculocontractural type"	"2/161"	"121/7644"	0.728240037603967	0.955111454974099	0.820066704203898	"CD44/LYVE1"	2
"M2"	"Defective CHST3 causes SEDCJD"	"Defective CHST3 causes SEDCJD"	"2/161"	"121/7644"	0.728240037603967	0.955111454974099	0.820066704203898	"CD44/LYVE1"	2
"M2"	"Defective CHST6 causes MCDC1"	"Defective CHST6 causes MCDC1"	"2/161"	"121/7644"	0.728240037603967	0.955111454974099	0.820066704203898	"CD44/LYVE1"	2
"M2"	"Defective CHSY1 causes TPBS"	"Defective CHSY1 causes TPBS"	"2/161"	"121/7644"	0.728240037603967	0.955111454974099	0.820066704203898	"CD44/LYVE1"	2
"M2"	"Defective EXT1 causes exostoses 1, TRPS2 and CHDS"	"Defective EXT1 causes exostoses 1, TRPS2 and CHDS"	"2/161"	"121/7644"	0.728240037603967	0.955111454974099	0.820066704203898	"CD44/LYVE1"	2
"M2"	"Defective EXT2 causes exostoses 2"	"Defective EXT2 causes exostoses 2"	"2/161"	"121/7644"	0.728240037603967	0.955111454974099	0.820066704203898	"CD44/LYVE1"	2
"M2"	"Defective PAPSS2 causes SEMD-PA"	"Defective PAPSS2 causes SEMD-PA"	"2/161"	"121/7644"	0.728240037603967	0.955111454974099	0.820066704203898	"CD44/LYVE1"	2
"M2"	"Defective SLC26A2 causes chondrodysplasias"	"Defective SLC26A2 causes chondrodysplasias"	"2/161"	"121/7644"	0.728240037603967	0.955111454974099	0.820066704203898	"CD44/LYVE1"	2
"M2"	"Diseases associated with glycosaminoglycan metabolism"	"Diseases associated with glycosaminoglycan metabolism"	"2/161"	"121/7644"	0.728240037603967	0.955111454974099	0.820066704203898	"CD44/LYVE1"	2
"M2"	"Glycosaminoglycan metabolism"	"Glycosaminoglycan metabolism"	"2/161"	"121/7644"	0.728240037603967	0.955111454974099	0.820066704203898	"CD44/LYVE1"	2
"M2"	"MPS I - Hurler syndrome"	"MPS I - Hurler syndrome"	"2/161"	"121/7644"	0.728240037603967	0.955111454974099	0.820066704203898	"CD44/LYVE1"	2
"M2"	"MPS II - Hunter syndrome"	"MPS II - Hunter syndrome"	"2/161"	"121/7644"	0.728240037603967	0.955111454974099	0.820066704203898	"CD44/LYVE1"	2
"M2"	"MPS IIIA - Sanfilippo syndrome A"	"MPS IIIA - Sanfilippo syndrome A"	"2/161"	"121/7644"	0.728240037603967	0.955111454974099	0.820066704203898	"CD44/LYVE1"	2
"M2"	"MPS IIIB - Sanfilippo syndrome B"	"MPS IIIB - Sanfilippo syndrome B"	"2/161"	"121/7644"	0.728240037603967	0.955111454974099	0.820066704203898	"CD44/LYVE1"	2
"M2"	"MPS IIIC - Sanfilippo syndrome C"	"MPS IIIC - Sanfilippo syndrome C"	"2/161"	"121/7644"	0.728240037603967	0.955111454974099	0.820066704203898	"CD44/LYVE1"	2
"M2"	"MPS IIID - Sanfilippo syndrome D"	"MPS IIID - Sanfilippo syndrome D"	"2/161"	"121/7644"	0.728240037603967	0.955111454974099	0.820066704203898	"CD44/LYVE1"	2
"M2"	"MPS IV - Morquio syndrome A"	"MPS IV - Morquio syndrome A"	"2/161"	"121/7644"	0.728240037603967	0.955111454974099	0.820066704203898	"CD44/LYVE1"	2
"M2"	"MPS IV - Morquio syndrome B"	"MPS IV - Morquio syndrome B"	"2/161"	"121/7644"	0.728240037603967	0.955111454974099	0.820066704203898	"CD44/LYVE1"	2
"M2"	"MPS IX - Natowicz syndrome"	"MPS IX - Natowicz syndrome"	"2/161"	"121/7644"	0.728240037603967	0.955111454974099	0.820066704203898	"CD44/LYVE1"	2
"M2"	"MPS VII - Sly syndrome"	"MPS VII - Sly syndrome"	"2/161"	"121/7644"	0.728240037603967	0.955111454974099	0.820066704203898	"CD44/LYVE1"	2
"M2"	"MPS VI - Maroteaux-Lamy syndrome"	"MPS VI - Maroteaux-Lamy syndrome"	"2/161"	"121/7644"	0.728240037603967	0.955111454974099	0.820066704203898	"CD44/LYVE1"	2
"M2"	"Mucopolysaccharidoses"	"Mucopolysaccharidoses"	"2/161"	"121/7644"	0.728240037603967	0.955111454974099	0.820066704203898	"CD44/LYVE1"	2
"M2"	"Clathrin derived vesicle budding"	"Clathrin derived vesicle budding"	"1/161"	"61/7644"	0.728474838539567	0.955111454974099	0.820066704203898	"VAMP8"	1
"M2"	"trans-Golgi Network Vesicle Budding"	"trans-Golgi Network Vesicle Budding"	"1/161"	"61/7644"	0.728474838539567	0.955111454974099	0.820066704203898	"VAMP8"	1
"M2"	"Loss of Nlp from mitotic centrosomes"	"Loss of Nlp from mitotic centrosomes"	"1/161"	"62/7644"	0.7342397799869	0.957351315342036	0.821989867097867	"NINL"	1
"M2"	"Loss of proteins required for interphase microtubule organization from the centrosome"	"Loss of proteins required for interphase microtubule organization from the centrosome"	"1/161"	"62/7644"	0.7342397799869	0.957351315342036	0.821989867097867	"NINL"	1
"M2"	"Fatty acid, triacylglycerol, and ketone body metabolism"	"Fatty acid, triacylglycerol, and ketone body metabolism"	"3/161"	"181/7644"	0.739637775043116	0.95905888164368	0.823455997843034	"PLIN2/ANGPTL4/G0S2"	3
"M2"	"Collagen biosynthesis and modifying enzymes"	"Collagen biosynthesis and modifying enzymes"	"1/161"	"64/7644"	0.745407248459594	0.95905888164368	0.823455997843034	"COL11A2"	1
"M2"	"Signaling by PDGF"	"Signaling by PDGF"	"3/161"	"184/7644"	0.749715260294818	0.95905888164368	0.823455997843034	"SPP1/THBS1/NR4A1"	3
"M2"	"Cytosolic sensors of pathogen-associated DNA"	"Cytosolic sensors of pathogen-associated DNA"	"1/161"	"66/7644"	0.756108243120652	0.95905888164368	0.823455997843034	"SAA1"	1
"M2"	"Biosynthesis of the N-glycan precursor (dolichol lipid-linked oligosaccharide, LLO) and transfer to a nascent protein"	"Biosynthesis of the N-glycan precursor (dolichol lipid-linked oligosaccharide, LLO) and transfer to a nascent protein"	"1/161"	"67/7644"	0.761289896968313	0.95905888164368	0.823455997843034	"ST6GAL2"	1
"M2"	"Metabolism of amino acids and derivatives"	"Metabolism of amino acids and derivatives"	"3/161"	"188/7644"	0.762667595933902	0.95905888164368	0.823455997843034	"ASS1/TDO2/CBS"	3
"M2"	"Latent infection of Homo sapiens with Mycobacterium tuberculosis"	"Latent infection of Homo sapiens with Mycobacterium tuberculosis"	"1/161"	"68/7644"	0.766362132231359	0.95905888164368	0.823455997843034	"SLC11A1"	1
"M2"	"Loss of Function of SMAD2/3 in Cancer"	"Loss of Function of SMAD2/3 in Cancer"	"1/161"	"70/7644"	0.776187484720097	0.95905888164368	0.823455997843034	"SERPINE1"	1
"M2"	"Loss of Function of SMAD4 in Cancer"	"Loss of Function of SMAD4 in Cancer"	"1/161"	"70/7644"	0.776187484720097	0.95905888164368	0.823455997843034	"SERPINE1"	1
"M2"	"Loss of Function of TGFBR1 in Cancer"	"Loss of Function of TGFBR1 in Cancer"	"1/161"	"70/7644"	0.776187484720097	0.95905888164368	0.823455997843034	"SERPINE1"	1
"M2"	"Loss of Function of TGFBR2 in Cancer"	"Loss of Function of TGFBR2 in Cancer"	"1/161"	"70/7644"	0.776187484720097	0.95905888164368	0.823455997843034	"SERPINE1"	1
"M2"	"Signaling by TGF-beta Receptor Complex"	"Signaling by TGF-beta Receptor Complex"	"1/161"	"70/7644"	0.776187484720097	0.95905888164368	0.823455997843034	"SERPINE1"	1
"M2"	"Signaling by TGF-beta Receptor Complex in Cancer"	"Signaling by TGF-beta Receptor Complex in Cancer"	"1/161"	"70/7644"	0.776187484720097	0.95905888164368	0.823455997843034	"SERPINE1"	1
"M2"	"SMAD2/3 MH2 Domain Mutants in Cancer"	"SMAD2/3 MH2 Domain Mutants in Cancer"	"1/161"	"70/7644"	0.776187484720097	0.95905888164368	0.823455997843034	"SERPINE1"	1
"M2"	"SMAD2/3 Phosphorylation Motif Mutants in Cancer"	"SMAD2/3 Phosphorylation Motif Mutants in Cancer"	"1/161"	"70/7644"	0.776187484720097	0.95905888164368	0.823455997843034	"SERPINE1"	1
"M2"	"SMAD4 MH2 Domain Mutants in Cancer"	"SMAD4 MH2 Domain Mutants in Cancer"	"1/161"	"70/7644"	0.776187484720097	0.95905888164368	0.823455997843034	"SERPINE1"	1
"M2"	"TGFBR1 KD Mutants in Cancer"	"TGFBR1 KD Mutants in Cancer"	"1/161"	"70/7644"	0.776187484720097	0.95905888164368	0.823455997843034	"SERPINE1"	1
"M2"	"TGFBR1 LBD Mutants in Cancer"	"TGFBR1 LBD Mutants in Cancer"	"1/161"	"70/7644"	0.776187484720097	0.95905888164368	0.823455997843034	"SERPINE1"	1
"M2"	"TGFBR2 Kinase Domain Mutants in Cancer"	"TGFBR2 Kinase Domain Mutants in Cancer"	"1/161"	"70/7644"	0.776187484720097	0.95905888164368	0.823455997843034	"SERPINE1"	1
"M2"	"TGFBR2 MSI Frameshift Mutants in Cancer"	"TGFBR2 MSI Frameshift Mutants in Cancer"	"1/161"	"70/7644"	0.776187484720097	0.95905888164368	0.823455997843034	"SERPINE1"	1
"M2"	"Transcriptional regulation by small RNAs"	"Transcriptional regulation by small RNAs"	"1/161"	"71/7644"	0.780945052050446	0.962417923153552	0.826340099050217	"HIST1H2AC"	1
"M2"	"Centrosome maturation"	"Centrosome maturation"	"1/161"	"72/7644"	0.785602102970805	0.963127772992779	0.826949582074531	"NINL"	1
"M2"	"Recruitment of mitotic centrosome proteins and complexes"	"Recruitment of mitotic centrosome proteins and complexes"	"1/161"	"72/7644"	0.785602102970805	0.963127772992779	0.826949582074531	"NINL"	1
"M2"	"Class I MHC mediated antigen processing & presentation"	"Class I MHC mediated antigen processing & presentation"	"4/161"	"255/7644"	0.791050786477371	0.966449047733479	0.829801256417015	"SOCS3/FCGR1A/MRC1/FCGR1B"	4
"M2"	"Phospholipid metabolism"	"Phospholipid metabolism"	"2/161"	"138/7644"	0.792406316679781	0.966449047733479	0.829801256417015	"PLD4/PLA2G2A"	2
"M2"	"NoRC negatively regulates rRNA expression"	"NoRC negatively regulates rRNA expression"	"1/161"	"74/7644"	0.794623054274688	0.966654849530033	0.82997795956526	"HIST1H2AC"	1
"M2"	"RNA Polymerase I Promoter Clearance"	"RNA Polymerase I Promoter Clearance"	"1/161"	"76/7644"	0.803266700999324	0.969890055011211	0.832755734119796	"HIST1H2AC"	1
"M2"	"FCERI mediated MAPK activation"	"FCERI mediated MAPK activation"	"1/161"	"77/7644"	0.807451962777747	0.969890055011211	0.832755734119796	"FOS"	1
"M2"	"Negative epigenetic regulation of rRNA expression"	"Negative epigenetic regulation of rRNA expression"	"1/161"	"77/7644"	0.807451962777747	0.969890055011211	0.832755734119796	"HIST1H2AC"	1
"M2"	"Regulation of insulin secretion"	"Regulation of insulin secretion"	"1/161"	"77/7644"	0.807451962777747	0.969890055011211	0.832755734119796	"GNA15"	1
"M2"	"Metabolism of nucleotides"	"Metabolism of nucleotides"	"1/161"	"78/7644"	0.811548729527157	0.969890055011211	0.832755734119796	"DPYD"	1
"M2"	"RNA Polymerase I Transcription"	"RNA Polymerase I Transcription"	"1/161"	"78/7644"	0.811548729527157	0.969890055011211	0.832755734119796	"HIST1H2AC"	1
"M2"	"Signaling by SCF-KIT"	"Signaling by SCF-KIT"	"2/161"	"144/7644"	0.81166646552845	0.969890055011211	0.832755734119796	"NR4A1/PTPRU"	2
"M2"	"RIG-I/MDA5 mediated induction of IFN-alpha/beta pathways"	"RIG-I/MDA5 mediated induction of IFN-alpha/beta pathways"	"1/161"	"79/7644"	0.815558860976552	0.972080258537709	0.834636261233314	"SAA1"	1
"M2"	"Regulation of PLK1 Activity at G2/M Transition"	"Regulation of PLK1 Activity at G2/M Transition"	"1/161"	"80/7644"	0.819484178013271	0.974298569325602	0.836540921477156	"NINL"	1
"M2"	"Peptide hormone metabolism"	"Peptide hormone metabolism"	"1/161"	"83/7644"	0.83076888571004	0.985233452399847	0.845929703777745	"PCSK1"	1
"M2"	"Hedgehog 'on' state"	"Hedgehog 'on' state"	"1/161"	"85/7644"	0.837899659344344	0.991199597018873	0.851052285575973	"PTCH1"	1
"M2"	"Constitutive PI3K/AKT Signaling in Cancer"	"Constitutive PI3K/AKT Signaling in Cancer"	"1/161"	"86/7644"	0.84135225292095	0.99182435079569	0.851588704407539	"NR4A1"	1
"M2"	"Post-translational protein modification"	"Post-translational protein modification"	"4/161"	"278/7644"	0.84331693489353	0.99182435079569	0.851588704407539	"MAN1C1/THBS1/ST6GAL2/THSD4"	4
"M2"	"Chromosome Maintenance"	"Chromosome Maintenance"	"1/161"	"87/7644"	0.844731756398024	0.99182435079569	0.851588704407539	"HIST1H2AC"	1
"M2"	"Anchoring of the basal body to the plasma membrane"	"Anchoring of the basal body to the plasma membrane"	"1/161"	"89/7644"	0.851277612187516	0.997029858442947	0.856058196923583	"NINL"	1
"M2"	"Diseases associated with visual transduction"	"Diseases associated with visual transduction"	"1/161"	"92/7644"	0.860585634536017	0.999187518527294	0.857910781964782	"RDH10"	1
"M2"	"Visual phototransduction"	"Visual phototransduction"	"1/161"	"92/7644"	0.860585634536017	0.999187518527294	0.857910781964782	"RDH10"	1
"M2"	"EPH-Ephrin signaling"	"EPH-Ephrin signaling"	"1/161"	"94/7644"	0.866466966360451	0.999187518527294	0.857910781964782	"VEGFA"	1
"M2"	"Epigenetic regulation of gene expression"	"Epigenetic regulation of gene expression"	"1/161"	"94/7644"	0.866466966360451	0.999187518527294	0.857910781964782	"HIST1H2AC"	1
"M2"	"Transport of inorganic cations/anions and amino acids/oligopeptides"	"Transport of inorganic cations/anions and amino acids/oligopeptides"	"1/161"	"94/7644"	0.866466966360451	0.999187518527294	0.857910781964782	"SLC16A10"	1
"M2"	"Hedgehog 'off' state"	"Hedgehog 'off' state"	"1/161"	"99/7644"	0.880113646298325	0.999187518527294	0.857910781964782	"PTCH1"	1
"M2"	"Potassium Channels"	"Potassium Channels"	"1/161"	"99/7644"	0.880113646298325	0.999187518527294	0.857910781964782	"KCNJ5"	1
"M2"	"PI3K/AKT Signaling in Cancer"	"PI3K/AKT Signaling in Cancer"	"1/161"	"100/7644"	0.882671857424365	0.999187518527294	0.857910781964782	"NR4A1"	1
"M2"	"PI-3K cascade"	"PI-3K cascade"	"1/161"	"100/7644"	0.882671857424365	0.999187518527294	0.857910781964782	"NR4A1"	1
"M2"	"PI3K events in ERBB2 signaling"	"PI3K events in ERBB2 signaling"	"1/161"	"100/7644"	0.882671857424365	0.999187518527294	0.857910781964782	"NR4A1"	1
"M2"	"PI3K events in ERBB4 signaling"	"PI3K events in ERBB4 signaling"	"1/161"	"100/7644"	0.882671857424365	0.999187518527294	0.857910781964782	"NR4A1"	1
"M2"	"PIP3 activates AKT signaling"	"PIP3 activates AKT signaling"	"1/161"	"100/7644"	0.882671857424365	0.999187518527294	0.857910781964782	"NR4A1"	1
"M2"	"Regulatory RNA pathways"	"Regulatory RNA pathways"	"1/161"	"100/7644"	0.882671857424365	0.999187518527294	0.857910781964782	"HIST1H2AC"	1
"M2"	"PI3K/AKT activation"	"PI3K/AKT activation"	"1/161"	"103/7644"	0.890025500413887	0.999187518527294	0.857910781964782	"NR4A1"	1
"M2"	"GAB1 signalosome"	"GAB1 signalosome"	"1/161"	"104/7644"	0.89237345087581	0.999187518527294	0.857910781964782	"NR4A1"	1
"M2"	"HATs acetylate histones"	"HATs acetylate histones"	"1/161"	"105/7644"	0.894671577455252	0.999187518527294	0.857910781964782	"HIST1H2AC"	1
"M2"	"Mitotic Prophase"	"Mitotic Prophase"	"1/161"	"106/7644"	0.896920930954351	0.999187518527294	0.857910781964782	"HIST1H2AC"	1
"M2"	"G2/M Transition"	"G2/M Transition"	"1/161"	"114/7644"	0.913278963602532	0.999187518527294	0.857910781964782	"NINL"	1
"M2"	"Orphan transporters"	"Orphan transporters"	"1/161"	"114/7644"	0.913278963602532	0.999187518527294	0.857910781964782	"S100A10"	1
"M2"	"RNA Polymerase I, RNA Polymerase III, and Mitochondrial Transcription"	"RNA Polymerase I, RNA Polymerase III, and Mitochondrial Transcription"	"1/161"	"114/7644"	0.913278963602532	0.999187518527294	0.857910781964782	"HIST1H2AC"	1
"M2"	"Membrane Trafficking"	"Membrane Trafficking"	"2/161"	"190/7644"	0.91357669302852	0.999187518527294	0.857910781964782	"VAMP8/GJB2"	2
"M2"	"misspliced LRP5 mutants have enhanced beta-catenin-dependent signaling"	"misspliced LRP5 mutants have enhanced beta-catenin-dependent signaling"	"2/161"	"190/7644"	0.91357669302852	0.999187518527294	0.857910781964782	"CAV1/HIST1H2AC"	2
"M2"	"RNF mutants show enhanced WNT signaling and proliferation"	"RNF mutants show enhanced WNT signaling and proliferation"	"2/161"	"190/7644"	0.91357669302852	0.999187518527294	0.857910781964782	"CAV1/HIST1H2AC"	2
"M2"	"TCF dependent signaling in response to WNT"	"TCF dependent signaling in response to WNT"	"2/161"	"190/7644"	0.91357669302852	0.999187518527294	0.857910781964782	"CAV1/HIST1H2AC"	2
"M2"	"XAV939 inhibits tankyrase, stabilizing AXIN"	"XAV939 inhibits tankyrase, stabilizing AXIN"	"2/161"	"190/7644"	0.91357669302852	0.999187518527294	0.857910781964782	"CAV1/HIST1H2AC"	2
"M2"	"Mitotic G2-G2/M phases"	"Mitotic G2-G2/M phases"	"1/161"	"116/7644"	0.916947949412339	0.999187518527294	0.857910781964782	"NINL"	1
"M2"	"G alpha (s) signalling events"	"G alpha (s) signalling events"	"1/161"	"126/7644"	0.933103380705419	0.999187518527294	0.857910781964782	"ADM"	1
"M2"	"Fc epsilon receptor (FCERI) signaling"	"Fc epsilon receptor (FCERI) signaling"	"2/161"	"212/7644"	0.941439914901153	0.999187518527294	0.857910781964782	"FOS/NR4A1"	2
"M2"	"Signaling by WNT in cancer"	"Signaling by WNT in cancer"	"2/161"	"212/7644"	0.941439914901153	0.999187518527294	0.857910781964782	"CAV1/HIST1H2AC"	2
"M2"	"Mitotic G1-G1/S phases"	"Mitotic G1-G1/S phases"	"1/161"	"135/7644"	0.944951620647441	0.999187518527294	0.857910781964782	"CCND2"	1
"M2"	"Signaling by Hedgehog"	"Signaling by Hedgehog"	"1/161"	"136/7644"	0.946131909510906	0.999187518527294	0.857910781964782	"PTCH1"	1
"M2"	"Neurotransmitter Receptor Binding And Downstream Transmission In The  Postsynaptic Cell"	"Neurotransmitter Receptor Binding And Downstream Transmission In The  Postsynaptic Cell"	"1/161"	"140/7644"	0.950606809859587	0.999187518527294	0.857910781964782	"KCNJ5"	1
"M2"	"Role of LAT2/NTAL/LAB on calcium mobilization"	"Role of LAT2/NTAL/LAB on calcium mobilization"	"1/161"	"141/7644"	0.951666551812226	0.999187518527294	0.857910781964782	"NR4A1"	1
"M2"	"Influenza Life Cycle"	"Influenza Life Cycle"	"1/161"	"143/7644"	0.953718718317681	0.999187518527294	0.857910781964782	"HSPA1A"	1
"M2"	"HIV Life Cycle"	"HIV Life Cycle"	"1/161"	"146/7644"	0.956635709004781	0.999187518527294	0.857910781964782	"CCR5"	1
"M2"	"The citric acid (TCA) cycle and respiratory electron transport"	"The citric acid (TCA) cycle and respiratory electron transport"	"1/161"	"147/7644"	0.9575668440875	0.999187518527294	0.857910781964782	"PDK4"	1
"M2"	"Apoptosis"	"Apoptosis"	"1/161"	"148/7644"	0.958478107006256	0.999187518527294	0.857910781964782	"HIST1H1C"	1
"M2"	"Influenza Infection"	"Influenza Infection"	"1/161"	"148/7644"	0.958478107006256	0.999187518527294	0.857910781964782	"HSPA1A"	1
"M2"	"Downstream signaling of activated FGFR"	"Downstream signaling of activated FGFR"	"1/161"	"149/7644"	0.959369919275732	0.999187518527294	0.857910781964782	"NR4A1"	1
"M2"	"Signaling by ERBB4"	"Signaling by ERBB4"	"1/161"	"154/7644"	0.963551362206551	0.999187518527294	0.857910781964782	"NR4A1"	1
"M2"	"Programmed Cell Death"	"Programmed Cell Death"	"1/161"	"160/7644"	0.968008131189923	0.999187518527294	0.857910781964782	"HIST1H1C"	1
"M2"	"Downstream signal transduction"	"Downstream signal transduction"	"1/161"	"161/7644"	0.968696358191316	0.999187518527294	0.857910781964782	"NR4A1"	1
"M2"	"Signaling by FGFR"	"Signaling by FGFR"	"1/161"	"162/7644"	0.969369869661475	0.999187518527294	0.857910781964782	"NR4A1"	1
"M2"	"Signaling by ERBB2"	"Signaling by ERBB2"	"1/161"	"163/7644"	0.970028978320189	0.999187518527294	0.857910781964782	"NR4A1"	1
"M2"	"DAP12 signaling"	"DAP12 signaling"	"1/161"	"164/7644"	0.970673990282554	0.999187518527294	0.857910781964782	"NR4A1"	1
"M2"	"Downstream signaling events of B Cell Receptor (BCR)"	"Downstream signaling events of B Cell Receptor (BCR)"	"1/161"	"170/7644"	0.974264376021195	0.999187518527294	0.857910781964782	"NR4A1"	1
"M2"	"Signaling by FGFR in disease"	"Signaling by FGFR in disease"	"1/161"	"177/7644"	0.977904431427693	0.999187518527294	0.857910781964782	"NR4A1"	1
"M2"	"Assembly of the primary cilium"	"Assembly of the primary cilium"	"1/161"	"179/7644"	0.978847050493164	0.999187518527294	0.857910781964782	"NINL"	1
"M2"	"Signaling by EGFR"	"Signaling by EGFR"	"1/161"	"179/7644"	0.978847050493164	0.999187518527294	0.857910781964782	"NR4A1"	1
"M2"	"Signaling by Overexpressed Wild-Type EGFR in Cancer"	"Signaling by Overexpressed Wild-Type EGFR in Cancer"	"1/161"	"179/7644"	0.978847050493164	0.999187518527294	0.857910781964782	"NR4A1"	1
"M2"	"Signaling by EGFR in Cancer"	"Signaling by EGFR in Cancer"	"1/161"	"181/7644"	0.979749695636183	0.999187518527294	0.857910781964782	"NR4A1"	1
"M2"	"Signaling by EGFRvIII in Cancer"	"Signaling by EGFRvIII in Cancer"	"1/161"	"181/7644"	0.979749695636183	0.999187518527294	0.857910781964782	"NR4A1"	1
"M2"	"Signaling by Ligand-Responsive EGFR Variants in Cancer"	"Signaling by Ligand-Responsive EGFR Variants in Cancer"	"1/161"	"181/7644"	0.979749695636183	0.999187518527294	0.857910781964782	"NR4A1"	1
"M2"	"Signaling by Wnt"	"Signaling by Wnt"	"2/161"	"286/7644"	0.985075542358056	0.999187518527294	0.857910781964782	"CAV1/HIST1H2AC"	2
"M2"	"Transmission across Chemical Synapses"	"Transmission across Chemical Synapses"	"1/161"	"201/7644"	0.98691556184203	0.999187518527294	0.857910781964782	"KCNJ5"	1
"M2"	"Transcription"	"Transcription"	"1/161"	"203/7644"	0.987475537410132	0.999187518527294	0.857910781964782	"HIST1H2AC"	1
"M2"	"NGF signalling via TRKA from the plasma membrane"	"NGF signalling via TRKA from the plasma membrane"	"1/161"	"206/7644"	0.988271149490081	0.999187518527294	0.857910781964782	"NR4A1"	1
"M2"	"Chromatin modifying enzymes"	"Chromatin modifying enzymes"	"1/161"	"208/7644"	0.988773443643661	0.999187518527294	0.857910781964782	"HIST1H2AC"	1
"M2"	"Chromatin organization"	"Chromatin organization"	"1/161"	"208/7644"	0.988773443643661	0.999187518527294	0.857910781964782	"HIST1H2AC"	1
"M2"	"Signaling by the B Cell Receptor (BCR)"	"Signaling by the B Cell Receptor (BCR)"	"1/161"	"209/7644"	0.989016514592205	0.999187518527294	0.857910781964782	"NR4A1"	1
"M2"	"Antigen processing: Ubiquitination & Proteasome degradation"	"Antigen processing: Ubiquitination & Proteasome degradation"	"1/161"	"211/7644"	0.989487075825048	0.999187518527294	0.857910781964782	"SOCS3"	1
"M2"	"HIV Infection"	"HIV Infection"	"1/161"	"227/7644"	0.992597065908074	0.999187518527294	0.857910781964782	"CCR5"	1
"M2"	"Cell Cycle, Mitotic"	"Cell Cycle, Mitotic"	"3/161"	"445/7644"	0.996399207769122	0.999187518527294	0.857910781964782	"CCND2/HIST1H2AC/NINL"	3
"M2"	"M Phase"	"M Phase"	"1/161"	"266/7644"	0.99686145339958	0.999187518527294	0.857910781964782	"HIST1H2AC"	1
"M2"	"Neuronal System"	"Neuronal System"	"1/161"	"280/7644"	0.997696110217802	0.999187518527294	0.857910781964782	"KCNJ5"	1
"M2"	"Signalling by NGF"	"Signalling by NGF"	"1/161"	"287/7644"	0.998026525839035	0.999187518527294	0.857910781964782	"NR4A1"	1
"M2"	"Generic Transcription Pathway"	"Generic Transcription Pathway"	"3/161"	"483/7644"	0.998217580234049	0.999187518527294	0.857910781964782	"SERPINE1/NR4A1/ZNF662"	3
"M2"	"Organelle biogenesis and maintenance"	"Organelle biogenesis and maintenance"	"1/161"	"324/7644"	0.99913145239698	0.999187518527294	0.857910781964782	"NINL"	1
"M2"	"Axon guidance"	"Axon guidance"	"1/161"	"327/7644"	0.999187518527294	0.999187518527294	0.857910781964782	"VEGFA"	1
"M3"	"Extracellular matrix organization"	"Extracellular matrix organization"	"37/95"	"266/7644"	4.8678228808192e-30	1.58204243626624e-27	1.33224626211894e-27	"COL6A1/COL4A1/COL4A2/COL1A2/COL6A2/COL3A1/DCN/COL1A1/COL5A2/LAMB1/HSPG2/PCOLCE/LOXL2/COL5A1/ADAMTS1/MMP9/COL6A3/LUM/ADAMTS4/CTSK/SDC1/LTBP2/COL28A1/LOXL1/NID2/COL7A1/COL12A1/COL27A1/ITGA4/FBLN2/ADAMTS14/ADAMTS2/MFAP2/MMP11/COL15A1/ASPN/ITGA8"	37
"M3"	"Collagen formation"	"Collagen formation"	"21/95"	"86/7644"	2.8358959511707e-22	4.60833092065239e-20	3.88069972265464e-20	"COL6A1/COL4A1/COL4A2/COL1A2/COL6A2/COL3A1/COL1A1/COL5A2/PCOLCE/LOXL2/COL5A1/MMP9/COL6A3/COL28A1/LOXL1/COL7A1/COL12A1/COL27A1/ADAMTS14/ADAMTS2/COL15A1"	21
"M3"	"Collagen biosynthesis and modifying enzymes"	"Collagen biosynthesis and modifying enzymes"	"18/95"	"64/7644"	2.11434574628568e-20	2.29054122514282e-18	1.9288768211729e-18	"COL6A1/COL4A1/COL4A2/COL1A2/COL6A2/COL3A1/COL1A1/COL5A2/PCOLCE/COL5A1/COL6A3/COL28A1/COL7A1/COL12A1/COL27A1/ADAMTS14/ADAMTS2/COL15A1"	18
"M3"	"Assembly of collagen fibrils and other multimeric structures"	"Assembly of collagen fibrils and other multimeric structures"	"17/95"	"54/7644"	2.94211275731514e-20	2.39046661531855e-18	2.01302451816299e-18	"COL6A1/COL4A1/COL4A2/COL1A2/COL6A2/COL3A1/COL1A1/COL5A2/PCOLCE/LOXL2/COL5A1/MMP9/COL6A3/LOXL1/COL7A1/COL27A1/COL15A1"	17
"M3"	"Scavenging by Class A Receptors"	"Scavenging by Class A Receptors"	"6/95"	"19/7644"	7.4847550635788e-08	4.86509079132622e-06	4.09691856111682e-06	"COL4A1/COL4A2/COL1A2/COL3A1/COL1A1/MASP1"	6
"M3"	"Degradation of the extracellular matrix"	"Degradation of the extracellular matrix"	"10/95"	"89/7644"	1.23158698875888e-07	6.67109618911059e-06	5.6177652118826e-06	"DCN/LAMB1/HSPG2/ADAMTS1/MMP9/ADAMTS4/CTSK/COL12A1/MMP11/COL15A1"	10
"M3"	"O-glycosylation of TSR domain-containing proteins"	"O-glycosylation of TSR domain-containing proteins"	"7/95"	"39/7644"	4.07383508804457e-07	1.89142343373498e-05	1.5927776284084e-05	"ADAMTS1/ADAMTS4/SPON2/ADAMTS7/ADAMTS14/ADAMTS2/ADAMTS12"	7
"M3"	"NCAM1 interactions"	"NCAM1 interactions"	"6/95"	"37/7644"	5.35526633590665e-06	0.000217557694896208	0.000183206479912596	"COL6A1/COL4A1/COL4A2/COL6A2/COL6A3/CACNA1C"	6
"M3"	"Elastic fibre formation"	"Elastic fibre formation"	"6/95"	"41/7644"	9.95139120491808e-06	0.000359355793510931	0.000302615405061836	"LOXL2/LTBP2/LOXL1/FBLN2/MFAP2/ITGA8"	6
"M3"	"Chondroitin sulfate/dermatan sulfate metabolism"	"Chondroitin sulfate/dermatan sulfate metabolism"	"6/95"	"50/7644"	3.21433256865186e-05	0.00102934967832746	0.000866820781749436	"DCN/HSPG2/SDC1/CHST9/B3GAT2/CHSY3"	6
"M3"	"O-linked glycosylation"	"O-linked glycosylation"	"8/95"	"103/7644"	3.81813374011923e-05	0.00102934967832746	0.000866820781749436	"ADAMTS1/ADAMTS4/SPON2/GALNT8/ADAMTS7/ADAMTS14/ADAMTS2/ADAMTS12"	8
"M3"	"Binding and Uptake of Ligands by Scavenger Receptors"	"Binding and Uptake of Ligands by Scavenger Receptors"	"7/95"	"76/7644"	3.98402074728999e-05	0.00102934967832746	0.000866820781749436	"COL4A1/COL4A2/COL1A2/COL3A1/COL1A1/MASP1/CD36"	7
"M3"	"Collagen degradation"	"Collagen degradation"	"5/95"	"38/7644"	9.67795560570405e-05	0.00102934967832746	0.000866820781749436	"MMP9/CTSK/COL12A1/MMP11/COL15A1"	5
"M3"	"Defective B3GAT3 causes JDSSDHD"	"Defective B3GAT3 causes JDSSDHD"	"8/95"	"121/7644"	0.000120354731619826	0.00102934967832746	0.000866820781749436	"DCN/HSPG2/LUM/SDC1/CHST9/HAS2/B3GAT2/CHSY3"	8
"M3"	"Defective B4GALT1 causes B4GALT1-CDG (CDG-2d)"	"Defective B4GALT1 causes B4GALT1-CDG (CDG-2d)"	"8/95"	"121/7644"	0.000120354731619826	0.00102934967832746	0.000866820781749436	"DCN/HSPG2/LUM/SDC1/CHST9/HAS2/B3GAT2/CHSY3"	8
"M3"	"Defective B4GALT7 causes EDS, progeroid type"	"Defective B4GALT7 causes EDS, progeroid type"	"8/95"	"121/7644"	0.000120354731619826	0.00102934967832746	0.000866820781749436	"DCN/HSPG2/LUM/SDC1/CHST9/HAS2/B3GAT2/CHSY3"	8
"M3"	"Defective CHST14 causes EDS, musculocontractural type"	"Defective CHST14 causes EDS, musculocontractural type"	"8/95"	"121/7644"	0.000120354731619826	0.00102934967832746	0.000866820781749436	"DCN/HSPG2/LUM/SDC1/CHST9/HAS2/B3GAT2/CHSY3"	8
"M3"	"Defective CHST3 causes SEDCJD"	"Defective CHST3 causes SEDCJD"	"8/95"	"121/7644"	0.000120354731619826	0.00102934967832746	0.000866820781749436	"DCN/HSPG2/LUM/SDC1/CHST9/HAS2/B3GAT2/CHSY3"	8
"M3"	"Defective CHST6 causes MCDC1"	"Defective CHST6 causes MCDC1"	"8/95"	"121/7644"	0.000120354731619826	0.00102934967832746	0.000866820781749436	"DCN/HSPG2/LUM/SDC1/CHST9/HAS2/B3GAT2/CHSY3"	8
"M3"	"Defective CHSY1 causes TPBS"	"Defective CHSY1 causes TPBS"	"8/95"	"121/7644"	0.000120354731619826	0.00102934967832746	0.000866820781749436	"DCN/HSPG2/LUM/SDC1/CHST9/HAS2/B3GAT2/CHSY3"	8
"M3"	"Defective EXT1 causes exostoses 1, TRPS2 and CHDS"	"Defective EXT1 causes exostoses 1, TRPS2 and CHDS"	"8/95"	"121/7644"	0.000120354731619826	0.00102934967832746	0.000866820781749436	"DCN/HSPG2/LUM/SDC1/CHST9/HAS2/B3GAT2/CHSY3"	8
"M3"	"Defective EXT2 causes exostoses 2"	"Defective EXT2 causes exostoses 2"	"8/95"	"121/7644"	0.000120354731619826	0.00102934967832746	0.000866820781749436	"DCN/HSPG2/LUM/SDC1/CHST9/HAS2/B3GAT2/CHSY3"	8
"M3"	"Defective PAPSS2 causes SEMD-PA"	"Defective PAPSS2 causes SEMD-PA"	"8/95"	"121/7644"	0.000120354731619826	0.00102934967832746	0.000866820781749436	"DCN/HSPG2/LUM/SDC1/CHST9/HAS2/B3GAT2/CHSY3"	8
"M3"	"Defective SLC26A2 causes chondrodysplasias"	"Defective SLC26A2 causes chondrodysplasias"	"8/95"	"121/7644"	0.000120354731619826	0.00102934967832746	0.000866820781749436	"DCN/HSPG2/LUM/SDC1/CHST9/HAS2/B3GAT2/CHSY3"	8
"M3"	"Diseases associated with glycosaminoglycan metabolism"	"Diseases associated with glycosaminoglycan metabolism"	"8/95"	"121/7644"	0.000120354731619826	0.00102934967832746	0.000866820781749436	"DCN/HSPG2/LUM/SDC1/CHST9/HAS2/B3GAT2/CHSY3"	8
"M3"	"Glycosaminoglycan metabolism"	"Glycosaminoglycan metabolism"	"8/95"	"121/7644"	0.000120354731619826	0.00102934967832746	0.000866820781749436	"DCN/HSPG2/LUM/SDC1/CHST9/HAS2/B3GAT2/CHSY3"	8
"M3"	"MPS I - Hurler syndrome"	"MPS I - Hurler syndrome"	"8/95"	"121/7644"	0.000120354731619826	0.00102934967832746	0.000866820781749436	"DCN/HSPG2/LUM/SDC1/CHST9/HAS2/B3GAT2/CHSY3"	8
"M3"	"MPS II - Hunter syndrome"	"MPS II - Hunter syndrome"	"8/95"	"121/7644"	0.000120354731619826	0.00102934967832746	0.000866820781749436	"DCN/HSPG2/LUM/SDC1/CHST9/HAS2/B3GAT2/CHSY3"	8
"M3"	"MPS IIIA - Sanfilippo syndrome A"	"MPS IIIA - Sanfilippo syndrome A"	"8/95"	"121/7644"	0.000120354731619826	0.00102934967832746	0.000866820781749436	"DCN/HSPG2/LUM/SDC1/CHST9/HAS2/B3GAT2/CHSY3"	8
"M3"	"MPS IIIB - Sanfilippo syndrome B"	"MPS IIIB - Sanfilippo syndrome B"	"8/95"	"121/7644"	0.000120354731619826	0.00102934967832746	0.000866820781749436	"DCN/HSPG2/LUM/SDC1/CHST9/HAS2/B3GAT2/CHSY3"	8
"M3"	"MPS IIIC - Sanfilippo syndrome C"	"MPS IIIC - Sanfilippo syndrome C"	"8/95"	"121/7644"	0.000120354731619826	0.00102934967832746	0.000866820781749436	"DCN/HSPG2/LUM/SDC1/CHST9/HAS2/B3GAT2/CHSY3"	8
"M3"	"MPS IIID - Sanfilippo syndrome D"	"MPS IIID - Sanfilippo syndrome D"	"8/95"	"121/7644"	0.000120354731619826	0.00102934967832746	0.000866820781749436	"DCN/HSPG2/LUM/SDC1/CHST9/HAS2/B3GAT2/CHSY3"	8
"M3"	"MPS IV - Morquio syndrome A"	"MPS IV - Morquio syndrome A"	"8/95"	"121/7644"	0.000120354731619826	0.00102934967832746	0.000866820781749436	"DCN/HSPG2/LUM/SDC1/CHST9/HAS2/B3GAT2/CHSY3"	8
"M3"	"MPS IV - Morquio syndrome B"	"MPS IV - Morquio syndrome B"	"8/95"	"121/7644"	0.000120354731619826	0.00102934967832746	0.000866820781749436	"DCN/HSPG2/LUM/SDC1/CHST9/HAS2/B3GAT2/CHSY3"	8
"M3"	"MPS IX - Natowicz syndrome"	"MPS IX - Natowicz syndrome"	"8/95"	"121/7644"	0.000120354731619826	0.00102934967832746	0.000866820781749436	"DCN/HSPG2/LUM/SDC1/CHST9/HAS2/B3GAT2/CHSY3"	8
"M3"	"MPS VII - Sly syndrome"	"MPS VII - Sly syndrome"	"8/95"	"121/7644"	0.000120354731619826	0.00102934967832746	0.000866820781749436	"DCN/HSPG2/LUM/SDC1/CHST9/HAS2/B3GAT2/CHSY3"	8
"M3"	"MPS VI - Maroteaux-Lamy syndrome"	"MPS VI - Maroteaux-Lamy syndrome"	"8/95"	"121/7644"	0.000120354731619826	0.00102934967832746	0.000866820781749436	"DCN/HSPG2/LUM/SDC1/CHST9/HAS2/B3GAT2/CHSY3"	8
"M3"	"Mucopolysaccharidoses"	"Mucopolysaccharidoses"	"8/95"	"121/7644"	0.000120354731619826	0.00102934967832746	0.000866820781749436	"DCN/HSPG2/LUM/SDC1/CHST9/HAS2/B3GAT2/CHSY3"	8
"M3"	"Integrin cell surface interactions"	"Integrin cell surface interactions"	"6/95"	"66/7644"	0.000156659791024361	0.00130549825853634	0.00109936695455692	"COL4A1/COL4A2/HSPG2/LUM/ITGA4/ITGA8"	6
"M3"	"NCAM signaling for neurite out-growth"	"NCAM signaling for neurite out-growth"	"6/95"	"70/7644"	0.000217234574696998	0.00176503091941311	0.0014863418268742	"COL6A1/COL4A1/COL4A2/COL6A2/COL6A3/CACNA1C"	6
"M3"	"A tetrasaccharide linker sequence is required for GAG synthesis"	"A tetrasaccharide linker sequence is required for GAG synthesis"	"4/95"	"26/7644"	0.00027141318224047	0.00215144595678421	0.00181174396360776	"DCN/HSPG2/SDC1/B3GAT2"	4
"M3"	"Molecules associated with elastic fibres"	"Molecules associated with elastic fibres"	"4/95"	"30/7644"	0.000478967729676568	0.00370629790821154	0.00312109297533603	"LTBP2/FBLN2/MFAP2/ITGA8"	4
"M3"	"ECM proteoglycans"	"ECM proteoglycans"	"5/95"	"55/7644"	0.000567895030929056	0.00429222988492891	0.00361450937678224	"DCN/LAMB1/LUM/ASPN/ITGA8"	5
"M3"	"Platelet calcium homeostasis"	"Platelet calcium homeostasis"	"3/95"	"19/7644"	0.00155982329784409	0.0115214220863484	0.00970225017797758	"ATP2B2/ITPR3/TRPC6"	3
"M3"	"Chondroitin sulfate biosynthesis"	"Chondroitin sulfate biosynthesis"	"3/95"	"20/7644"	0.00181865140845913	0.0131347046166493	0.0110608038877047	"DCN/CHST9/CHSY3"	3
"M3"	"Signaling by PDGF"	"Signaling by PDGF"	"8/95"	"184/7644"	0.00197303464134731	0.013939918661693	0.0117388788730046	"COL6A1/COL4A1/COL4A2/COL6A2/ADCY2/COL6A3/ERBB4/ITPR3"	8
"M3"	"Axon guidance"	"Axon guidance"	"11/95"	"327/7644"	0.00232381773030444	0.016068952390403	0.013531749381392	"COL6A1/COL4A1/COL4A2/COL6A2/NFASC/LAMB1/MMP9/COL6A3/CACNA1C/SLIT3/TRPC6"	11
"M3"	"Laminin interactions"	"Laminin interactions"	"3/95"	"23/7644"	0.00275013924036985	0.0186207344400042	0.015680618475793	"LAMB1/HSPG2/NID2"	3
"M3"	"Heparan sulfate/heparin (HS-GAG) metabolism"	"Heparan sulfate/heparin (HS-GAG) metabolism"	"4/95"	"54/7644"	0.00440438620796428	0.0288402252965259	0.0242865055128639	"DCN/HSPG2/SDC1/B3GAT2"	4
"M3"	"Glycogen storage diseases"	"Glycogen storage diseases"	"9/95"	"258/7644"	0.00461443604744414	0.0288402252965259	0.0242865055128639	"ALDOC/DCN/HSPG2/LUM/SDC1/CHST9/HAS2/B3GAT2/CHSY3"	9
"M3"	"Metabolism of carbohydrates"	"Metabolism of carbohydrates"	"9/95"	"258/7644"	0.00461443604744414	0.0288402252965259	0.0242865055128639	"ALDOC/DCN/HSPG2/LUM/SDC1/CHST9/HAS2/B3GAT2/CHSY3"	9
"M3"	"Myoclonic epilepsy of Lafora"	"Myoclonic epilepsy of Lafora"	"9/95"	"258/7644"	0.00461443604744414	0.0288402252965259	0.0242865055128639	"ALDOC/DCN/HSPG2/LUM/SDC1/CHST9/HAS2/B3GAT2/CHSY3"	9
"M3"	"Diseases of glycosylation"	"Diseases of glycosylation"	"8/95"	"227/7644"	0.00706443888092761	0.0427657718182916	0.036013281531193	"DCN/HSPG2/LUM/SDC1/CHST9/HAS2/B3GAT2/CHSY3"	8
"M3"	"Activation of Matrix Metalloproteinases"	"Activation of Matrix Metalloproteinases"	"3/95"	"32/7644"	0.00710569747134692	0.0427657718182916	0.036013281531193	"MMP9/CTSK/MMP11"	3
"M3"	"Non-integrin membrane-ECM interactions"	"Non-integrin membrane-ECM interactions"	"3/95"	"42/7644"	0.0150442733412725	0.088897978834792	0.0748614558608775	"LAMB1/HSPG2/SDC1"	3
"M3"	"Chylomicron-mediated lipid transport"	"Chylomicron-mediated lipid transport"	"2/95"	"17/7644"	0.0184113950670447	0.106851846371242	0.0899805022073614	"HSPG2/SDC1"	2
"M3"	"Post-translational protein modification"	"Post-translational protein modification"	"8/95"	"278/7644"	0.0219052038581289	0.124898092173542	0.105177340777719	"ADAMTS1/ADAMTS4/SPON2/GALNT8/ADAMTS7/ADAMTS14/ADAMTS2/ADAMTS12"	8
"M3"	"Diseases associated with visual transduction"	"Diseases associated with visual transduction"	"4/95"	"92/7644"	0.0272691904156214	0.149131191710822	0.125584161440692	"HSPG2/SDC1/RGS9/STRA6"	4
"M3"	"Visual phototransduction"	"Visual phototransduction"	"4/95"	"92/7644"	0.0272691904156214	0.149131191710822	0.125584161440692	"HSPG2/SDC1/RGS9/STRA6"	4
"M3"	"HS-GAG degradation"	"HS-GAG degradation"	"2/95"	"21/7644"	0.027531912315844	0.149131191710822	0.125584161440692	"HSPG2/SDC1"	2
"M3"	"Smooth Muscle Contraction"	"Smooth Muscle Contraction"	"2/95"	"22/7644"	0.0300438034069948	0.160069444381529	0.134795321584446	"ACTA2/ACTG2"	2
"M3"	"Endogenous sterols"	"Endogenous sterols"	"2/95"	"23/7644"	0.0326431999942924	0.171113548357178	0.144095619669202	"CYP1B1/PTGIS"	2
"M3"	"Effects of PIP2 hydrolysis"	"Effects of PIP2 hydrolysis"	"2/95"	"25/7644"	0.0380945026053166	0.196519259471871	0.165489902713155	"ITPR3/TRPC6"	2
"M3"	"Integration of energy metabolism"	"Integration of energy metabolism"	"4/95"	"104/7644"	0.0401520932786748	0.20389734868077	0.171703030468017	"ADCY2/KCNB1/CACNA1C/ITPR3"	4
"M3"	"NGF signalling via TRKA from the plasma membrane"	"NGF signalling via TRKA from the plasma membrane"	"6/95"	"206/7644"	0.0427536897790372	0.213768448895186	0.180015535911736	"NTRK2/ADCYAP1R1/ADCY2/DUSP4/ERBB4/ITPR3"	6
"M3"	"Lipoprotein metabolism"	"Lipoprotein metabolism"	"2/95"	"30/7644"	0.053083904300435	0.261398013600627	0.220124643032107	"HSPG2/SDC1"	2
"M3"	"DAG and IP3 signaling"	"DAG and IP3 signaling"	"2/95"	"31/7644"	0.0562967700846223	0.269065445257386	0.226581427585167	"ADCY2/ITPR3"	2
"M3"	"HS-GAG biosynthesis"	"HS-GAG biosynthesis"	"2/95"	"31/7644"	0.0562967700846223	0.269065445257386	0.226581427585167	"HSPG2/SDC1"	2
"M3"	"EGFR interacts with phospholipase C-gamma"	"EGFR interacts with phospholipase C-gamma"	"2/95"	"33/7644"	0.0629200082614779	0.292128609785433	0.246003039819312	"ADCY2/ITPR3"	2
"M3"	"PLC-gamma1 signalling"	"PLC-gamma1 signalling"	"2/95"	"33/7644"	0.0629200082614779	0.292128609785433	0.246003039819312	"ADCY2/ITPR3"	2
"M3"	"PLCG1 events in ERBB2 signaling"	"PLCG1 events in ERBB2 signaling"	"2/95"	"34/7644"	0.0663262007281968	0.303605848403718	0.255668082866289	"ADCY2/ITPR3"	2
"M3"	"Regulation of insulin secretion"	"Regulation of insulin secretion"	"3/95"	"77/7644"	0.0704691952251534	0.31195057718827	0.262695222895385	"KCNB1/CACNA1C/ITPR3"	3
"M3"	"Signaling by EGFR"	"Signaling by EGFR"	"5/95"	"179/7644"	0.0716342798219046	0.31195057718827	0.262695222895385	"ADCY2/SPRY1/ADAM12/ERBB4/ITPR3"	5
"M3"	"Signaling by Overexpressed Wild-Type EGFR in Cancer"	"Signaling by Overexpressed Wild-Type EGFR in Cancer"	"5/95"	"179/7644"	0.0716342798219046	0.31195057718827	0.262695222895385	"ADCY2/SPRY1/ADAM12/ERBB4/ITPR3"	5
"M3"	"Signaling by EGFR in Cancer"	"Signaling by EGFR in Cancer"	"5/95"	"181/7644"	0.0743553361020832	0.31195057718827	0.262695222895385	"ADCY2/SPRY1/ADAM12/ERBB4/ITPR3"	5
"M3"	"Signaling by EGFRvIII in Cancer"	"Signaling by EGFRvIII in Cancer"	"5/95"	"181/7644"	0.0743553361020832	0.31195057718827	0.262695222895385	"ADCY2/SPRY1/ADAM12/ERBB4/ITPR3"	5
"M3"	"Signaling by Ligand-Responsive EGFR Variants in Cancer"	"Signaling by Ligand-Responsive EGFR Variants in Cancer"	"5/95"	"181/7644"	0.0743553361020832	0.31195057718827	0.262695222895385	"ADCY2/SPRY1/ADAM12/ERBB4/ITPR3"	5
"M3"	"Platelet homeostasis"	"Platelet homeostasis"	"3/95"	"79/7644"	0.0748681385251847	0.31195057718827	0.262695222895385	"ATP2B2/ITPR3/TRPC6"	3
"M3"	"Opioid Signalling"	"Opioid Signalling"	"3/95"	"80/7644"	0.0771126116911063	0.317235427843159	0.267145623446871	"ADCY2/PPP1R1B/ITPR3"	3
"M3"	"Peptide hormone metabolism"	"Peptide hormone metabolism"	"3/95"	"83/7644"	0.0840219593920566	0.329788546993954	0.277716671152803	"ANPEP/DPP4/INHBA"	3
"M3"	"Activation of GABAB receptors"	"Activation of GABAB receptors"	"2/95"	"39/7644"	0.0842229212323021	0.329788546993954	0.277716671152803	"KCNJ10/ADCY2"	2
"M3"	"GABA B receptor activation"	"GABA B receptor activation"	"2/95"	"39/7644"	0.0842229212323021	0.329788546993954	0.277716671152803	"KCNJ10/ADCY2"	2
"M3"	"Nuclear signaling by ERBB4"	"Nuclear signaling by ERBB4"	"2/95"	"39/7644"	0.0842229212323021	0.329788546993954	0.277716671152803	"CXCL12/ERBB4"	2
"M3"	"Retinoid metabolism and transport"	"Retinoid metabolism and transport"	"2/95"	"41/7644"	0.0917501189217114	0.354985579161383	0.298935224556954	"HSPG2/SDC1"	2
"M3"	"Glucagon-like Peptide-1 (GLP1) regulates insulin secretion"	"Glucagon-like Peptide-1 (GLP1) regulates insulin secretion"	"2/95"	"42/7644"	0.0955854112007334	0.36122393767719	0.304188579096581	"KCNB1/ITPR3"	2
"M3"	"Netrin-1 signaling"	"Netrin-1 signaling"	"2/95"	"42/7644"	0.0955854112007334	0.36122393767719	0.304188579096581	"SLIT3/TRPC6"	2
"M3"	"Ion transport by P-type ATPases"	"Ion transport by P-type ATPases"	"2/95"	"43/7644"	0.0994661832965662	0.363219208667236	0.305868807298725	"ATP1A2/ATP2B2"	2
"M3"	"PLC beta mediated events"	"PLC beta mediated events"	"2/95"	"43/7644"	0.0994661832965662	0.363219208667236	0.305868807298725	"ADCY2/ITPR3"	2
"M3"	"Vasopressin regulates renal water homeostasis via Aquaporins"	"Vasopressin regulates renal water homeostasis via Aquaporins"	"2/95"	"43/7644"	0.0994661832965662	0.363219208667236	0.305868807298725	"AQP1/ADCY2"	2
"M3"	"G-protein mediated events"	"G-protein mediated events"	"2/95"	"44/7644"	0.103390742052955	0.373355457413449	0.314404595716589	"ADCY2/ITPR3"	2
"M3"	"Adenylate cyclase activating pathway"	"Adenylate cyclase activating pathway"	"1/95"	"10/7644"	0.117620786681158	0.406667613525279	0.342456937705498	"ADCY2"	1
"M3"	"Glycoprotein hormones"	"Glycoprotein hormones"	"1/95"	"10/7644"	0.117620786681158	0.406667613525279	0.342456937705498	"INHBA"	1
"M3"	"Reduction of cytosolic Ca++ levels"	"Reduction of cytosolic Ca++ levels"	"1/95"	"10/7644"	0.117620786681158	0.406667613525279	0.342456937705498	"ATP2B2"	1
"M3"	"Role of second messengers in netrin-1 signaling"	"Role of second messengers in netrin-1 signaling"	"1/95"	"10/7644"	0.117620786681158	0.406667613525279	0.342456937705498	"TRPC6"	1
"M3"	"Muscle contraction"	"Muscle contraction"	"2/95"	"49/7644"	0.123613441249244	0.41795455987229	0.351961734629297	"ACTA2/ACTG2"	2
"M3"	"Potassium Channels"	"Potassium Channels"	"3/95"	"99/7644"	0.124960764824226	0.41795455987229	0.351961734629297	"KCNJ10/KCNB1/KCNN2"	3
"M3"	"Arachidonic acid metabolism"	"Arachidonic acid metabolism"	"2/95"	"50/7644"	0.127767042269127	0.41795455987229	0.351961734629297	"CYP1B1/PTGIS"	2
"M3"	"Lipid digestion, mobilization, and transport"	"Lipid digestion, mobilization, and transport"	"2/95"	"50/7644"	0.127767042269127	0.41795455987229	0.351961734629297	"HSPG2/SDC1"	2
"M3"	"Dermatan sulfate biosynthesis"	"Dermatan sulfate biosynthesis"	"1/95"	"11/7644"	0.128601403037628	0.41795455987229	0.351961734629297	"DCN"	1
"M3"	"Nicotinate metabolism"	"Nicotinate metabolism"	"1/95"	"11/7644"	0.128601403037628	0.41795455987229	0.351961734629297	"PTGIS"	1
"M3"	"Aquaporin-mediated transport"	"Aquaporin-mediated transport"	"2/95"	"51/7644"	0.131953505434213	0.424602864020982	0.357560306543985	"AQP1/ADCY2"	2
"M3"	"Eicosanoids"	"Eicosanoids"	"1/95"	"12/7644"	0.139446793671903	0.427549131541213	0.360041373929443	"PTGIS"	1
"M3"	"ERKs are inactivated"	"ERKs are inactivated"	"1/95"	"12/7644"	0.139446793671903	0.427549131541213	0.360041373929443	"DUSP4"	1
"M3"	"Keratan sulfate degradation"	"Keratan sulfate degradation"	"1/95"	"12/7644"	0.139446793671903	0.427549131541213	0.360041373929443	"LUM"	1
"M3"	"Passive transport by Aquaporins"	"Passive transport by Aquaporins"	"1/95"	"12/7644"	0.139446793671903	0.427549131541213	0.360041373929443	"AQP1"	1
"M3"	"Peptide hormone biosynthesis"	"Peptide hormone biosynthesis"	"1/95"	"12/7644"	0.139446793671903	0.427549131541213	0.360041373929443	"INHBA"	1
"M3"	"Phospholipase C-mediated cascade"	"Phospholipase C-mediated cascade"	"2/95"	"54/7644"	0.144695869513577	0.43572809887547	0.366928925368817	"ADCY2/ITPR3"	2
"M3"	"Signalling by NGF"	"Signalling by NGF"	"6/95"	"287/7644"	0.1463239350595	0.43572809887547	0.366928925368817	"NTRK2/ADCYAP1R1/ADCY2/DUSP4/ERBB4/ITPR3"	6
"M3"	"GABA receptor activation"	"GABA receptor activation"	"2/95"	"55/7644"	0.148999730419656	0.43572809887547	0.366928925368817	"KCNJ10/ADCY2"	2
"M3"	"Signaling by Activin"	"Signaling by Activin"	"1/95"	"13/7644"	0.1501586063817	0.43572809887547	0.366928925368817	"INHBA"	1
"M3"	"Synthesis, secretion, and inactivation of Glucose-dependent Insulinotropic Polypeptide (GIP)"	"Synthesis, secretion, and inactivation of Glucose-dependent Insulinotropic Polypeptide (GIP)"	"1/95"	"13/7644"	0.1501586063817	0.43572809887547	0.366928925368817	"DPP4"	1
"M3"	"Trafficking and processing of endosomal TLR"	"Trafficking and processing of endosomal TLR"	"1/95"	"13/7644"	0.1501586063817	0.43572809887547	0.366928925368817	"CTSK"	1
"M3"	"Ion channel transport"	"Ion channel transport"	"4/95"	"167/7644"	0.153705835653473	0.442074306082998	0.372273099859367	"ATP1A2/ATP2B2/BEST3/TRPC6"	4
"M3"	"Adenylate cyclase inhibitory pathway"	"Adenylate cyclase inhibitory pathway"	"1/95"	"14/7644"	0.160738469098741	0.442711885229583	0.372810008614385	"ADCY2"	1
"M3"	"CS/DS degradation"	"CS/DS degradation"	"1/95"	"14/7644"	0.160738469098741	0.442711885229583	0.372810008614385	"DCN"	1
"M3"	"Inhibition of adenylate cyclase pathway"	"Inhibition of adenylate cyclase pathway"	"1/95"	"14/7644"	0.160738469098741	0.442711885229583	0.372810008614385	"ADCY2"	1
"M3"	"Synthesis of bile acids and bile salts via 24-hydroxycholesterol"	"Synthesis of bile acids and bile salts via 24-hydroxycholesterol"	"1/95"	"14/7644"	0.160738469098741	0.442711885229583	0.372810008614385	"PTGIS"	1
"M3"	"Synthesis of Prostaglandins (PG) and Thromboxanes (TX)"	"Synthesis of Prostaglandins (PG) and Thromboxanes (TX)"	"1/95"	"14/7644"	0.160738469098741	0.442711885229583	0.372810008614385	"PTGIS"	1
"M3"	"Cytochrome P450 - arranged by substrate type"	"Cytochrome P450 - arranged by substrate type"	"2/95"	"60/7644"	0.170883374730732	0.456033580252861	0.384028278107673	"CYP1B1/PTGIS"	2
"M3"	"CREB phosphorylation through the activation of CaMKII"	"CREB phosphorylation through the activation of CaMKII"	"1/95"	"15/7644"	0.17118799012569	0.456033580252861	0.384028278107673	"GRIN2C"	1
"M3"	"negative regulation of TCF-dependent signaling by WNT ligand antagonists"	"negative regulation of TCF-dependent signaling by WNT ligand antagonists"	"1/95"	"15/7644"	0.17118799012569	0.456033580252861	0.384028278107673	"SFRP2"	1
"M3"	"Synthesis of bile acids and bile salts via 27-hydroxycholesterol"	"Synthesis of bile acids and bile salts via 27-hydroxycholesterol"	"1/95"	"15/7644"	0.17118799012569	0.456033580252861	0.384028278107673	"PTGIS"	1
"M3"	"Cell-extracellular matrix interactions"	"Cell-extracellular matrix interactions"	"1/95"	"16/7644"	0.181508758370291	0.464490917089326	0.391150245969959	"FBLIM1"	1
"M3"	"Hyaluronan metabolism"	"Hyaluronan metabolism"	"1/95"	"16/7644"	0.181508758370291	0.464490917089326	0.391150245969959	"HAS2"	1
"M3"	"Metabolism of Angiotensinogen to Angiotensins"	"Metabolism of Angiotensinogen to Angiotensins"	"1/95"	"16/7644"	0.181508758370291	0.464490917089326	0.391150245969959	"ANPEP"	1
"M3"	"PKA activation"	"PKA activation"	"1/95"	"16/7644"	0.181508758370291	0.464490917089326	0.391150245969959	"ADCY2"	1
"M3"	"Synthesis of very long-chain fatty acyl-CoAs"	"Synthesis of very long-chain fatty acyl-CoAs"	"1/95"	"16/7644"	0.181508758370291	0.464490917089326	0.391150245969959	"ACSL6"	1
"M3"	"Branched-chain amino acid catabolism"	"Branched-chain amino acid catabolism"	"1/95"	"17/7644"	0.191702343576744	0.471994406533649	0.397468973923073	"BCAT1"	1
"M3"	"PKA activation in glucagon signalling"	"PKA activation in glucagon signalling"	"1/95"	"17/7644"	0.191702343576744	0.471994406533649	0.397468973923073	"ADCY2"	1
"M3"	"PKA-mediated phosphorylation of CREB"	"PKA-mediated phosphorylation of CREB"	"1/95"	"17/7644"	0.191702343576744	0.471994406533649	0.397468973923073	"ADCY2"	1
"M3"	"Ras activation uopn Ca2+ infux through NMDA receptor"	"Ras activation uopn Ca2+ infux through NMDA receptor"	"1/95"	"17/7644"	0.191702343576744	0.471994406533649	0.397468973923073	"GRIN2C"	1
"M3"	"Unblocking of NMDA receptor, glutamate binding and activation"	"Unblocking of NMDA receptor, glutamate binding and activation"	"1/95"	"17/7644"	0.191702343576744	0.471994406533649	0.397468973923073	"GRIN2C"	1
"M3"	"Fatty Acyl-CoA Biosynthesis"	"Fatty Acyl-CoA Biosynthesis"	"1/95"	"20/7644"	0.221535415738765	0.504090182428599	0.424496995729347	"ACSL6"	1
"M3"	"Syndecan interactions"	"Syndecan interactions"	"1/95"	"20/7644"	0.221535415738765	0.504090182428599	0.424496995729347	"SDC1"	1
"M3"	"Synthesis, secretion, and inactivation of Glucagon-like Peptide-1 (GLP-1)"	"Synthesis, secretion, and inactivation of Glucagon-like Peptide-1 (GLP-1)"	"1/95"	"20/7644"	0.221535415738765	0.504090182428599	0.424496995729347	"DPP4"	1
"M3"	"ERK/MAPK targets"	"ERK/MAPK targets"	"1/95"	"21/7644"	0.231235590909911	0.504090182428599	0.424496995729347	"DUSP4"	1
"M3"	"regulation of FZD by ubiquitination"	"regulation of FZD by ubiquitination"	"1/95"	"21/7644"	0.231235590909911	0.504090182428599	0.424496995729347	"FZD8"	1
"M3"	"Regulation of Insulin-like Growth Factor (IGF) transport and uptake by Insulin-like Growth Factor Binding Proteins (IGFBPs)"	"Regulation of Insulin-like Growth Factor (IGF) transport and uptake by Insulin-like Growth Factor Binding Proteins (IGFBPs)"	"1/95"	"21/7644"	0.231235590909911	0.504090182428599	0.424496995729347	"IGFBP2"	1
"M3"	"Complement cascade"	"Complement cascade"	"2/95"	"75/7644"	0.238972191168985	0.504090182428599	0.424496995729347	"MASP1/C7"	2
"M3"	"The canonical retinoid cycle in rods (twilight vision)"	"The canonical retinoid cycle in rods (twilight vision)"	"1/95"	"22/7644"	0.240816152219574	0.504090182428599	0.424496995729347	"STRA6"	1
"M3"	"Incretin synthesis, secretion, and inactivation"	"Incretin synthesis, secretion, and inactivation"	"1/95"	"23/7644"	0.250278559138905	0.504090182428599	0.424496995729347	"DPP4"	1
"M3"	"Regulation of Complement cascade"	"Regulation of Complement cascade"	"1/95"	"23/7644"	0.250278559138905	0.504090182428599	0.424496995729347	"C7"	1
"M3"	"Neurotransmitter Receptor Binding And Downstream Transmission In The  Postsynaptic Cell"	"Neurotransmitter Receptor Binding And Downstream Transmission In The  Postsynaptic Cell"	"3/95"	"140/7644"	0.25223019798724	0.504090182428599	0.424496995729347	"KCNJ10/ADCY2/GRIN2C"	3
"M3"	"Defective CYP11A1 causes Adrenal insufficiency, congenital, with 46,XY sex reversal (AICSR)"	"Defective CYP11A1 causes Adrenal insufficiency, congenital, with 46,XY sex reversal (AICSR)"	"2/95"	"78/7644"	0.252820614571882	0.504090182428599	0.424496995729347	"CYP1B1/PTGIS"	2
"M3"	"Defective CYP11B1 causes Adrenal hyperplasia 4 (AH4)"	"Defective CYP11B1 causes Adrenal hyperplasia 4 (AH4)"	"2/95"	"78/7644"	0.252820614571882	0.504090182428599	0.424496995729347	"CYP1B1/PTGIS"	2
"M3"	"Defective CYP11B2 causes Corticosterone methyloxidase 1 deficiency (CMO-1 deficiency)"	"Defective CYP11B2 causes Corticosterone methyloxidase 1 deficiency (CMO-1 deficiency)"	"2/95"	"78/7644"	0.252820614571882	0.504090182428599	0.424496995729347	"CYP1B1/PTGIS"	2
"M3"	"Defective CYP17A1 causes Adrenal hyperplasia 5 (AH5)"	"Defective CYP17A1 causes Adrenal hyperplasia 5 (AH5)"	"2/95"	"78/7644"	0.252820614571882	0.504090182428599	0.424496995729347	"CYP1B1/PTGIS"	2
"M3"	"Defective CYP19A1 causes Aromatase excess syndrome (AEXS)"	"Defective CYP19A1 causes Aromatase excess syndrome (AEXS)"	"2/95"	"78/7644"	0.252820614571882	0.504090182428599	0.424496995729347	"CYP1B1/PTGIS"	2
"M3"	"Defective CYP1B1 causes Glaucoma"	"Defective CYP1B1 causes Glaucoma"	"2/95"	"78/7644"	0.252820614571882	0.504090182428599	0.424496995729347	"CYP1B1/PTGIS"	2
"M3"	"Defective CYP21A2 causes Adrenal hyperplasia 3 (AH3)"	"Defective CYP21A2 causes Adrenal hyperplasia 3 (AH3)"	"2/95"	"78/7644"	0.252820614571882	0.504090182428599	0.424496995729347	"CYP1B1/PTGIS"	2
"M3"	"Defective CYP24A1 causes Hypercalcemia, infantile (HCAI)"	"Defective CYP24A1 causes Hypercalcemia, infantile (HCAI)"	"2/95"	"78/7644"	0.252820614571882	0.504090182428599	0.424496995729347	"CYP1B1/PTGIS"	2
"M3"	"Defective CYP26B1 causes Radiohumeral fusions with other skeletal and craniofacial anomalies (RHFCA)"	"Defective CYP26B1 causes Radiohumeral fusions with other skeletal and craniofacial anomalies (RHFCA)"	"2/95"	"78/7644"	0.252820614571882	0.504090182428599	0.424496995729347	"CYP1B1/PTGIS"	2
"M3"	"Defective CYP26C1 causes Focal facial dermal dysplasia 4 (FFDD4)"	"Defective CYP26C1 causes Focal facial dermal dysplasia 4 (FFDD4)"	"2/95"	"78/7644"	0.252820614571882	0.504090182428599	0.424496995729347	"CYP1B1/PTGIS"	2
"M3"	"Defective CYP27A1 causes Cerebrotendinous xanthomatosis (CTX)"	"Defective CYP27A1 causes Cerebrotendinous xanthomatosis (CTX)"	"2/95"	"78/7644"	0.252820614571882	0.504090182428599	0.424496995729347	"CYP1B1/PTGIS"	2
"M3"	"Defective CYP27B1 causes Rickets vitamin D-dependent 1A (VDDR1A)"	"Defective CYP27B1 causes Rickets vitamin D-dependent 1A (VDDR1A)"	"2/95"	"78/7644"	0.252820614571882	0.504090182428599	0.424496995729347	"CYP1B1/PTGIS"	2
"M3"	"Defective CYP2R1 causes Rickets vitamin D-dependent 1B (VDDR1B)"	"Defective CYP2R1 causes Rickets vitamin D-dependent 1B (VDDR1B)"	"2/95"	"78/7644"	0.252820614571882	0.504090182428599	0.424496995729347	"CYP1B1/PTGIS"	2
"M3"	"Defective CYP2U1 causes Spastic paraplegia 56, autosomal recessive (SPG56)"	"Defective CYP2U1 causes Spastic paraplegia 56, autosomal recessive (SPG56)"	"2/95"	"78/7644"	0.252820614571882	0.504090182428599	0.424496995729347	"CYP1B1/PTGIS"	2
"M3"	"Defective CYP4F22 causes Ichthyosis, congenital, autosomal recessive 5 (ARCI5)"	"Defective CYP4F22 causes Ichthyosis, congenital, autosomal recessive 5 (ARCI5)"	"2/95"	"78/7644"	0.252820614571882	0.504090182428599	0.424496995729347	"CYP1B1/PTGIS"	2
"M3"	"Defective CYP7B1 causes Spastic paraplegia 5A, autosomal recessive (SPG5A) and Congenital bile acid synthesis defect 3 (CBAS3)"	"Defective CYP7B1 causes Spastic paraplegia 5A, autosomal recessive (SPG5A) and Congenital bile acid synthesis defect 3 (CBAS3)"	"2/95"	"78/7644"	0.252820614571882	0.504090182428599	0.424496995729347	"CYP1B1/PTGIS"	2
"M3"	"Defective FMO3 causes Trimethylaminuria (TMAU)"	"Defective FMO3 causes Trimethylaminuria (TMAU)"	"2/95"	"78/7644"	0.252820614571882	0.504090182428599	0.424496995729347	"CYP1B1/PTGIS"	2
"M3"	"Defective MAOA causes Brunner syndrome (BRUNS)"	"Defective MAOA causes Brunner syndrome (BRUNS)"	"2/95"	"78/7644"	0.252820614571882	0.504090182428599	0.424496995729347	"CYP1B1/PTGIS"	2
"M3"	"Defective TBXAS1 causes Ghosal hematodiaphyseal dysplasia (GHDD)"	"Defective TBXAS1 causes Ghosal hematodiaphyseal dysplasia (GHDD)"	"2/95"	"78/7644"	0.252820614571882	0.504090182428599	0.424496995729347	"CYP1B1/PTGIS"	2
"M3"	"Phase 1 - Functionalization of compounds"	"Phase 1 - Functionalization of compounds"	"2/95"	"78/7644"	0.252820614571882	0.504090182428599	0.424496995729347	"CYP1B1/PTGIS"	2
"M3"	"DARPP-32 events"	"DARPP-32 events"	"1/95"	"24/7644"	0.259624253520456	0.508010258359248	0.427798112302524	"PPP1R1B"	1
"M3"	"Nuclear Events (kinase and transcription factor activation)"	"Nuclear Events (kinase and transcription factor activation)"	"1/95"	"24/7644"	0.259624253520456	0.508010258359248	0.427798112302524	"DUSP4"	1
"M3"	"Synthesis of bile acids and bile salts via 7alpha-hydroxycholesterol"	"Synthesis of bile acids and bile salts via 7alpha-hydroxycholesterol"	"1/95"	"24/7644"	0.259624253520456	0.508010258359248	0.427798112302524	"PTGIS"	1
"M3"	"Toll-Like Receptors Cascades"	"Toll-Like Receptors Cascades"	"3/95"	"144/7644"	0.265667943644163	0.508010258359248	0.427798112302524	"CTSK/DUSP4/CD36"	3
"M3"	"Neuronal System"	"Neuronal System"	"5/95"	"280/7644"	0.268218300000037	0.508010258359248	0.427798112302524	"KCNJ10/ADCY2/KCNB1/KCNN2/GRIN2C"	5
"M3"	"Activation of G protein gated Potassium channels"	"Activation of G protein gated Potassium channels"	"1/95"	"25/7644"	0.268854659808586	0.508010258359248	0.427798112302524	"KCNJ10"	1
"M3"	"G protein gated Potassium channels"	"G protein gated Potassium channels"	"1/95"	"25/7644"	0.268854659808586	0.508010258359248	0.427798112302524	"KCNJ10"	1
"M3"	"Inhibition  of voltage gated Ca2+ channels via Gbeta/gamma subunits"	"Inhibition  of voltage gated Ca2+ channels via Gbeta/gamma subunits"	"1/95"	"25/7644"	0.268854659808586	0.508010258359248	0.427798112302524	"KCNJ10"	1
"M3"	"TRP channels"	"TRP channels"	"1/95"	"25/7644"	0.268854659808586	0.508010258359248	0.427798112302524	"TRPC6"	1
"M3"	"Calmodulin induced events"	"Calmodulin induced events"	"1/95"	"26/7644"	0.277971185247382	0.51623220117371	0.434721853619966	"ADCY2"	1
"M3"	"CaM pathway"	"CaM pathway"	"1/95"	"26/7644"	0.277971185247382	0.51623220117371	0.434721853619966	"ADCY2"	1
"M3"	"EGFR downregulation"	"EGFR downregulation"	"1/95"	"26/7644"	0.277971185247382	0.51623220117371	0.434721853619966	"SPRY1"	1
"M3"	"Downstream signaling of activated FGFR"	"Downstream signaling of activated FGFR"	"3/95"	"149/7644"	0.282587475471947	0.521044394011111	0.438774226535672	"ADCY2/ERBB4/ITPR3"	3
"M3"	"CREB phosphorylation through the activation of Ras"	"CREB phosphorylation through the activation of Ras"	"1/95"	"27/7644"	0.286975220086119	0.521044394011111	0.438774226535672	"GRIN2C"	1
"M3"	"Glycolysis"	"Glycolysis"	"1/95"	"27/7644"	0.286975220086119	0.521044394011111	0.438774226535672	"ALDOC"	1
"M3"	"Synthesis of bile acids and bile salts"	"Synthesis of bile acids and bile salts"	"1/95"	"27/7644"	0.286975220086119	0.521044394011111	0.438774226535672	"PTGIS"	1
"M3"	"Class B/2 (Secretin family receptors)"	"Class B/2 (Secretin family receptors)"	"2/95"	"87/7644"	0.294420747310729	0.522593178148087	0.440078465808915	"ADCYAP1R1/FZD8"	2
"M3"	"Adrenaline,noradrenaline inhibits insulin secretion"	"Adrenaline,noradrenaline inhibits insulin secretion"	"1/95"	"28/7644"	0.295868137782301	0.522593178148087	0.440078465808915	"CACNA1C"	1
"M3"	"Ca-dependent events"	"Ca-dependent events"	"1/95"	"28/7644"	0.295868137782301	0.522593178148087	0.440078465808915	"ADCY2"	1
"M3"	"Keratan sulfate biosynthesis"	"Keratan sulfate biosynthesis"	"1/95"	"28/7644"	0.295868137782301	0.522593178148087	0.440078465808915	"LUM"	1
"M3"	"SHC1 events in ERBB4 signaling"	"SHC1 events in ERBB4 signaling"	"1/95"	"28/7644"	0.295868137782301	0.522593178148087	0.440078465808915	"ERBB4"	1
"M3"	"CDO in myogenesis"	"CDO in myogenesis"	"1/95"	"29/7644"	0.304651295202296	0.529474176153724	0.445872990445241	"CTNNA2"	1
"M3"	"Interaction between L1 and Ankyrins"	"Interaction between L1 and Ankyrins"	"1/95"	"29/7644"	0.304651295202296	0.529474176153724	0.445872990445241	"NFASC"	1
"M3"	"Myogenesis"	"Myogenesis"	"1/95"	"29/7644"	0.304651295202296	0.529474176153724	0.445872990445241	"CTNNA2"	1
"M3"	"Amine compound SLC transporters"	"Amine compound SLC transporters"	"1/95"	"30/7644"	0.313326032819602	0.530369586804013	0.446627020466538	"SLC14A1"	1
"M3"	"Glucagon-type ligand receptors"	"Glucagon-type ligand receptors"	"1/95"	"30/7644"	0.313326032819602	0.530369586804013	0.446627020466538	"ADCYAP1R1"	1
"M3"	"GRB2 events in ERBB2 signaling"	"GRB2 events in ERBB2 signaling"	"1/95"	"30/7644"	0.313326032819602	0.530369586804013	0.446627020466538	"ERBB4"	1
"M3"	"Inactivation, recovery and regulation of the phototransduction cascade"	"Inactivation, recovery and regulation of the phototransduction cascade"	"1/95"	"30/7644"	0.313326032819602	0.530369586804013	0.446627020466538	"RGS9"	1
"M3"	"MAPK targets/ Nuclear events mediated by MAP kinases"	"MAPK targets/ Nuclear events mediated by MAP kinases"	"1/95"	"30/7644"	0.313326032819602	0.530369586804013	0.446627020466538	"DUSP4"	1
"M3"	"Gluconeogenesis"	"Gluconeogenesis"	"1/95"	"31/7644"	0.321893674910768	0.531678631841739	0.447729374182517	"ALDOC"	1
"M3"	"Inwardly rectifying K+ channels"	"Inwardly rectifying K+ channels"	"1/95"	"31/7644"	0.321893674910768	0.531678631841739	0.447729374182517	"KCNJ10"	1
"M3"	"The phototransduction cascade"	"The phototransduction cascade"	"1/95"	"31/7644"	0.321893674910768	0.531678631841739	0.447729374182517	"RGS9"	1
"M3"	"Downstream signal transduction"	"Downstream signal transduction"	"3/95"	"161/7644"	0.323525904477954	0.531678631841739	0.447729374182517	"ADCY2/ERBB4/ITPR3"	3
"M3"	"Signaling by FGFR"	"Signaling by FGFR"	"3/95"	"162/7644"	0.326947052386873	0.531678631841739	0.447729374182517	"ADCY2/ERBB4/ITPR3"	3
"M3"	"SHC1 events in ERBB2 signaling"	"SHC1 events in ERBB2 signaling"	"1/95"	"32/7644"	0.330355529749002	0.531678631841739	0.447729374182517	"ERBB4"	1
"M3"	"VEGFR2 mediated cell proliferation"	"VEGFR2 mediated cell proliferation"	"1/95"	"32/7644"	0.330355529749002	0.531678631841739	0.447729374182517	"ITPR3"	1
"M3"	"Signaling by ERBB2"	"Signaling by ERBB2"	"3/95"	"163/7644"	0.330368371764712	0.531678631841739	0.447729374182517	"ADCY2/ERBB4/ITPR3"	3
"M3"	"DAP12 signaling"	"DAP12 signaling"	"3/95"	"164/7644"	0.333789594562596	0.531678631841739	0.447729374182517	"ADCY2/ERBB4/ITPR3"	3
"M3"	"MyD88:Mal cascade initiated on plasma membrane"	"MyD88:Mal cascade initiated on plasma membrane"	"2/95"	"96/7644"	0.335722209659804	0.531678631841739	0.447729374182517	"DUSP4/CD36"	2
"M3"	"Toll Like Receptor 2 (TLR2) Cascade"	"Toll Like Receptor 2 (TLR2) Cascade"	"2/95"	"96/7644"	0.335722209659804	0.531678631841739	0.447729374182517	"DUSP4/CD36"	2
"M3"	"Toll Like Receptor TLR1:TLR2 Cascade"	"Toll Like Receptor TLR1:TLR2 Cascade"	"2/95"	"96/7644"	0.335722209659804	0.531678631841739	0.447729374182517	"DUSP4/CD36"	2
"M3"	"Toll Like Receptor TLR6:TLR2 Cascade"	"Toll Like Receptor TLR6:TLR2 Cascade"	"2/95"	"96/7644"	0.335722209659804	0.531678631841739	0.447729374182517	"DUSP4/CD36"	2
"M3"	"Glucagon signaling in metabolic regulation"	"Glucagon signaling in metabolic regulation"	"1/95"	"33/7644"	0.338712889795487	0.531678631841739	0.447729374182517	"ADCY2"	1
"M3"	"Keratan sulfate/keratin metabolism"	"Keratan sulfate/keratin metabolism"	"1/95"	"33/7644"	0.338712889795487	0.531678631841739	0.447729374182517	"LUM"	1
"M3"	"L1CAM interactions"	"L1CAM interactions"	"2/95"	"97/7644"	0.340274324378713	0.531678631841739	0.447729374182517	"NFASC/LAMB1"	2
"M3"	"Stimuli-sensing channels"	"Stimuli-sensing channels"	"2/95"	"98/7644"	0.344817177943775	0.536198960917354	0.451535967088298	"BEST3/TRPC6"	2
"M3"	"Bile acid and bile salt metabolism"	"Bile acid and bile salt metabolism"	"1/95"	"35/7644"	0.355119217429907	0.546984576610046	0.460618590829513	"PTGIS"	1
"M3"	"Post NMDA receptor activation events"	"Post NMDA receptor activation events"	"1/95"	"35/7644"	0.355119217429907	0.546984576610046	0.460618590829513	"GRIN2C"	1
"M3"	"Signaling by FGFR in disease"	"Signaling by FGFR in disease"	"3/95"	"177/7644"	0.378140636700511	0.579696730790878	0.488165668034424	"ADCY2/ERBB4/ITPR3"	3
"M3"	"DAP12 interactions"	"DAP12 interactions"	"3/95"	"179/7644"	0.384923985453217	0.58732532991688	0.494589751508952	"ADCY2/ERBB4/ITPR3"	3
"M3"	"Activation of NMDA receptor upon glutamate binding and postsynaptic events"	"Activation of NMDA receptor upon glutamate binding and postsynaptic events"	"1/95"	"39/7644"	0.386733092134078	0.587328294128857	0.494592247687459	"GRIN2C"	1
"M3"	"Fatty acid, triacylglycerol, and ketone body metabolism"	"Fatty acid, triacylglycerol, and ketone body metabolism"	"3/95"	"181/7644"	0.391691554404658	0.592091884565181	0.498603692265415	"ACSL6/FHL2/CD36"	3
"M3"	"Interleukin-1 signaling"	"Interleukin-1 signaling"	"1/95"	"40/7644"	0.394393888484803	0.593416730359079	0.49971935188133	"IL1RAP"	1
"M3"	"Signaling by Retinoic Acid"	"Signaling by Retinoic Acid"	"1/95"	"41/7644"	0.40195998272388	0.600555710925113	0.505731124989569	"CRABP2"	1
"M3"	"PPARA activates gene expression"	"PPARA activates gene expression"	"2/95"	"111/7644"	0.402834292251307	0.600555710925113	0.505731124989569	"FHL2/CD36"	2
"M3"	"Triglyceride Biosynthesis"	"Triglyceride Biosynthesis"	"1/95"	"42/7644"	0.409432533248835	0.607605357561057	0.511667669525101	"ACSL6"	1
"M3"	"Orphan transporters"	"Orphan transporters"	"2/95"	"114/7644"	0.415896770219671	0.609694184432326	0.513426681627222	"BEST3/CRABP2"	2
"M3"	"Regulation of lipid metabolism by Peroxisome proliferator-activated receptor alpha (PPARalpha)"	"Regulation of lipid metabolism by Peroxisome proliferator-activated receptor alpha (PPARalpha)"	"2/95"	"114/7644"	0.415896770219671	0.609694184432326	0.513426681627222	"FHL2/CD36"	2
"M3"	"Voltage gated Potassium channels"	"Voltage gated Potassium channels"	"1/95"	"43/7644"	0.416812684438175	0.609694184432326	0.513426681627222	"KCNB1"	1
"M3"	"G alpha (q) signalling events"	"G alpha (q) signalling events"	"3/95"	"189/7644"	0.418570899645572	0.609694184432326	0.513426681627222	"ITPR3/NTSR2/TRPC6"	3
"M3"	"Activated TLR4 signalling"	"Activated TLR4 signalling"	"2/95"	"115/7644"	0.420219991731819	0.609694184432326	0.513426681627222	"DUSP4/CD36"	2
"M3"	"Antigen activates B Cell Receptor (BCR) leading to generation of second messengers"	"Antigen activates B Cell Receptor (BCR) leading to generation of second messengers"	"1/95"	"45/7644"	0.431300297233986	0.622989318226869	0.524622583769995	"ITPR3"	1
"M3"	"G alpha (z) signalling events"	"G alpha (z) signalling events"	"1/95"	"46/7644"	0.438409979003005	0.630456828212286	0.530911013231398	"ADCY2"	1
"M3"	"EPH-ephrin mediated repulsion of cells"	"EPH-ephrin mediated repulsion of cells"	"1/95"	"48/7644"	0.45236654324854	0.647661350465972	0.545399031971345	"MMP9"	1
"M3"	"Transmission across Chemical Synapses"	"Transmission across Chemical Synapses"	"3/95"	"201/7644"	0.458151154300585	0.65054001205651	0.547823168047587	"KCNJ10/ADCY2/GRIN2C"	3
"M3"	"Toll Like Receptor 4 (TLR4) Cascade"	"Toll Like Receptor 4 (TLR4) Cascade"	"2/95"	"124/7644"	0.458380500802894	0.65054001205651	0.547823168047587	"DUSP4/CD36"	2
"M3"	"Creation of C4 and C2 activators"	"Creation of C4 and C2 activators"	"1/95"	"50/7644"	0.465979821797425	0.656566507405483	0.552898111499355	"MASP1"	1
"M3"	"G alpha (s) signalling events"	"G alpha (s) signalling events"	"2/95"	"126/7644"	0.466667271417436	0.656566507405483	0.552898111499355	"ADCYAP1R1/ADCY2"	2
"M3"	"Amyloids"	"Amyloids"	"1/95"	"51/7644"	0.472660348124689	0.662131953191914	0.557584802687927	"HSPG2"	1
"M3"	"Chemokine receptors bind chemokines"	"Chemokine receptors bind chemokines"	"1/95"	"55/7644"	0.49856548580938	0.695423960892912	0.585620177594032	"CXCL12"	1
"M3"	"MAP kinase activation in TLR cascade"	"MAP kinase activation in TLR cascade"	"1/95"	"56/7644"	0.504842502392344	0.701170142211588	0.590459067125548	"DUSP4"	1
"M3"	"Gastrin-CREB signalling pathway via PKC and MAPK"	"Gastrin-CREB signalling pathway via PKC and MAPK"	"3/95"	"217/7644"	0.509114094571857	0.70376513478485	0.592644324029347	"ITPR3/NTSR2/TRPC6"	3
"M3"	"Initial triggering of complement"	"Initial triggering of complement"	"1/95"	"57/7644"	0.511041759412999	0.70376513478485	0.592644324029347	"MASP1"	1
"M3"	"Platelet activation, signaling and aggregation"	"Platelet activation, signaling and aggregation"	"3/95"	"221/7644"	0.521474853728942	0.715102647518591	0.60219170317355	"CD36/ITPR3/TRPC6"	3
"M3"	"Ca2+ pathway"	"Ca2+ pathway"	"1/95"	"61/7644"	0.53508008254734	0.726421480457705	0.611723351964383	"ITPR3"	1
"M3"	"beta-catenin independent WNT signaling"	"beta-catenin independent WNT signaling"	"2/95"	"144/7644"	0.537773845608223	0.726421480457705	0.611723351964383	"FZD8/ITPR3"	2
"M3"	"Signaling by SCF-KIT"	"Signaling by SCF-KIT"	"2/95"	"144/7644"	0.537773845608223	0.726421480457705	0.611723351964383	"MMP9/ERBB4"	2
"M3"	"FCERI mediated Ca+2 mobilization"	"FCERI mediated Ca+2 mobilization"	"1/95"	"62/7644"	0.540904610063891	0.726421480457705	0.611723351964383	"ITPR3"	1
"M3"	"Role of phospholipids in phagocytosis"	"Role of phospholipids in phagocytosis"	"1/95"	"62/7644"	0.540904610063891	0.726421480457705	0.611723351964383	"ITPR3"	1
"M3"	"Asymmetric localization of PCP proteins"	"Asymmetric localization of PCP proteins"	"1/95"	"63/7644"	0.546656926345074	0.731125518774276	0.615684647388864	"FZD8"	1
"M3"	"O-linked glycosylation of mucins"	"O-linked glycosylation of mucins"	"1/95"	"64/7644"	0.552337917243005	0.735695996327774	0.619533470591809	"GALNT8"	1
"M3"	"G alpha (i) signalling events"	"G alpha (i) signalling events"	"3/95"	"236/7644"	0.566303284527809	0.751218642740971	0.632605172834502	"ADCY2/CXCL12/RGS9"	3
"M3"	"Signaling by ERBB4"	"Signaling by ERBB4"	"2/95"	"154/7644"	0.574414042106173	0.75888034018092	0.639057128573406	"CXCL12/ERBB4"	2
"M3"	"Glucose metabolism"	"Glucose metabolism"	"1/95"	"69/7644"	0.579703250370772	0.762767434698384	0.642330471324955	"ALDOC"	1
"M3"	"Hemostasis"	"Hemostasis"	"6/95"	"497/7644"	0.589576273111736	0.767996644026266	0.646734016022118	"ATP2B2/DOCK3/ITGA4/CD36/ITPR3/TRPC6"	6
"M3"	"TRAF6 Mediated Induction of proinflammatory cytokines"	"TRAF6 Mediated Induction of proinflammatory cytokines"	"1/95"	"75/7644"	0.610364186916997	0.767996644026266	0.646734016022118	"DUSP4"	1
"M3"	"Transcriptional regulation of white adipocyte differentiation"	"Transcriptional regulation of white adipocyte differentiation"	"1/95"	"78/7644"	0.6248538927618	0.767996644026266	0.646734016022118	"CD36"	1
"M3"	"Platelet degranulation"	"Platelet degranulation"	"1/95"	"79/7644"	0.629564291940709	0.767996644026266	0.646734016022118	"CD36"	1
"M3"	"Antigen processing-Cross presentation"	"Antigen processing-Cross presentation"	"1/95"	"81/7644"	0.638810220690793	0.767996644026266	0.646734016022118	"CD36"	1
"M3"	"Biological oxidations"	"Biological oxidations"	"2/95"	"174/7644"	0.641309394610756	0.767996644026266	0.646734016022118	"CYP1B1/PTGIS"	2
"M3"	"Response to elevated platelet cytosolic Ca2+"	"Response to elevated platelet cytosolic Ca2+"	"1/95"	"84/7644"	0.652252603539054	0.767996644026266	0.646734016022118	"CD36"	1
"M3"	"Cell junction organization"	"Cell junction organization"	"1/95"	"85/7644"	0.656622445161248	0.767996644026266	0.646734016022118	"FBLIM1"	1
"M3"	"Constitutive PI3K/AKT Signaling in Cancer"	"Constitutive PI3K/AKT Signaling in Cancer"	"1/95"	"86/7644"	0.660937945585865	0.767996644026266	0.646734016022118	"ERBB4"	1
"M3"	"MyD88 cascade initiated on plasma membrane"	"MyD88 cascade initiated on plasma membrane"	"1/95"	"86/7644"	0.660937945585865	0.767996644026266	0.646734016022118	"DUSP4"	1
"M3"	"Toll Like Receptor 10 (TLR10) Cascade"	"Toll Like Receptor 10 (TLR10) Cascade"	"1/95"	"86/7644"	0.660937945585865	0.767996644026266	0.646734016022118	"DUSP4"	1
"M3"	"Toll Like Receptor 5 (TLR5) Cascade"	"Toll Like Receptor 5 (TLR5) Cascade"	"1/95"	"86/7644"	0.660937945585865	0.767996644026266	0.646734016022118	"DUSP4"	1
"M3"	"TRAF6 mediated induction of NFkB and MAP kinases upon TLR7/8 or 9 activation"	"TRAF6 mediated induction of NFkB and MAP kinases upon TLR7/8 or 9 activation"	"1/95"	"86/7644"	0.660937945585865	0.767996644026266	0.646734016022118	"DUSP4"	1
"M3"	"Defective AMN causes hereditary megaloblastic anemia 1"	"Defective AMN causes hereditary megaloblastic anemia 1"	"1/95"	"87/7644"	0.665199773472786	0.767996644026266	0.646734016022118	"PTGIS"	1
"M3"	"Defective BTD causes biotidinase deficiency"	"Defective BTD causes biotidinase deficiency"	"1/95"	"87/7644"	0.665199773472786	0.767996644026266	0.646734016022118	"PTGIS"	1
"M3"	"Defective CD320 causes methylmalonic aciduria"	"Defective CD320 causes methylmalonic aciduria"	"1/95"	"87/7644"	0.665199773472786	0.767996644026266	0.646734016022118	"PTGIS"	1
"M3"	"Defective CUBN causes hereditary megaloblastic anemia 1"	"Defective CUBN causes hereditary megaloblastic anemia 1"	"1/95"	"87/7644"	0.665199773472786	0.767996644026266	0.646734016022118	"PTGIS"	1
"M3"	"Defective GIF causes intrinsic factor deficiency"	"Defective GIF causes intrinsic factor deficiency"	"1/95"	"87/7644"	0.665199773472786	0.767996644026266	0.646734016022118	"PTGIS"	1
"M3"	"Defective HLCS causes multiple carboxylase deficiency"	"Defective HLCS causes multiple carboxylase deficiency"	"1/95"	"87/7644"	0.665199773472786	0.767996644026266	0.646734016022118	"PTGIS"	1
"M3"	"Defective LMBRD1 causes methylmalonic aciduria and homocystinuria type cblF"	"Defective LMBRD1 causes methylmalonic aciduria and homocystinuria type cblF"	"1/95"	"87/7644"	0.665199773472786	0.767996644026266	0.646734016022118	"PTGIS"	1
"M3"	"Defective MMAA causes methylmalonic aciduria type cblA"	"Defective MMAA causes methylmalonic aciduria type cblA"	"1/95"	"87/7644"	0.665199773472786	0.767996644026266	0.646734016022118	"PTGIS"	1
"M3"	"Defective MMAB causes methylmalonic aciduria type cblB"	"Defective MMAB causes methylmalonic aciduria type cblB"	"1/95"	"87/7644"	0.665199773472786	0.767996644026266	0.646734016022118	"PTGIS"	1
"M3"	"Defective MMACHC causes methylmalonic aciduria and homocystinuria type cblC"	"Defective MMACHC causes methylmalonic aciduria and homocystinuria type cblC"	"1/95"	"87/7644"	0.665199773472786	0.767996644026266	0.646734016022118	"PTGIS"	1
"M3"	"Defective MMADHC causes methylmalonic aciduria and homocystinuria type cblD"	"Defective MMADHC causes methylmalonic aciduria and homocystinuria type cblD"	"1/95"	"87/7644"	0.665199773472786	0.767996644026266	0.646734016022118	"PTGIS"	1
"M3"	"Defective MTR causes methylmalonic aciduria and homocystinuria type cblG"	"Defective MTR causes methylmalonic aciduria and homocystinuria type cblG"	"1/95"	"87/7644"	0.665199773472786	0.767996644026266	0.646734016022118	"PTGIS"	1
"M3"	"Defective MTRR causes methylmalonic aciduria and homocystinuria type cblE"	"Defective MTRR causes methylmalonic aciduria and homocystinuria type cblE"	"1/95"	"87/7644"	0.665199773472786	0.767996644026266	0.646734016022118	"PTGIS"	1
"M3"	"Defective MUT causes methylmalonic aciduria mut type"	"Defective MUT causes methylmalonic aciduria mut type"	"1/95"	"87/7644"	0.665199773472786	0.767996644026266	0.646734016022118	"PTGIS"	1
"M3"	"Defective TCN2 causes hereditary megaloblastic anemia"	"Defective TCN2 causes hereditary megaloblastic anemia"	"1/95"	"87/7644"	0.665199773472786	0.767996644026266	0.646734016022118	"PTGIS"	1
"M3"	"Defects in biotin (Btn) metabolism"	"Defects in biotin (Btn) metabolism"	"1/95"	"87/7644"	0.665199773472786	0.767996644026266	0.646734016022118	"PTGIS"	1
"M3"	"Defects in cobalamin (B12) metabolism"	"Defects in cobalamin (B12) metabolism"	"1/95"	"87/7644"	0.665199773472786	0.767996644026266	0.646734016022118	"PTGIS"	1
"M3"	"Defects in vitamin and cofactor metabolism"	"Defects in vitamin and cofactor metabolism"	"1/95"	"87/7644"	0.665199773472786	0.767996644026266	0.646734016022118	"PTGIS"	1
"M3"	"Metabolism of vitamins and cofactors"	"Metabolism of vitamins and cofactors"	"1/95"	"87/7644"	0.665199773472786	0.767996644026266	0.646734016022118	"PTGIS"	1
"M3"	"Metabolism of water-soluble vitamins and cofactors"	"Metabolism of water-soluble vitamins and cofactors"	"1/95"	"87/7644"	0.665199773472786	0.767996644026266	0.646734016022118	"PTGIS"	1
"M3"	"MyD88 dependent cascade initiated on endosome"	"MyD88 dependent cascade initiated on endosome"	"1/95"	"88/7644"	0.669408589341528	0.767996644026266	0.646734016022118	"DUSP4"	1
"M3"	"Toll Like Receptor 7/8 (TLR7/8) Cascade"	"Toll Like Receptor 7/8 (TLR7/8) Cascade"	"1/95"	"88/7644"	0.669408589341528	0.767996644026266	0.646734016022118	"DUSP4"	1
"M3"	"PCP/CE pathway"	"PCP/CE pathway"	"1/95"	"91/7644"	0.681723449979092	0.767996644026266	0.646734016022118	"FZD8"	1
"M3"	"Metabolism of amino acids and derivatives"	"Metabolism of amino acids and derivatives"	"2/95"	"188/7644"	0.683094782109536	0.767996644026266	0.646734016022118	"BCAT1/PRODH"	2
"M3"	"Toll Like Receptor 9 (TLR9) Cascade"	"Toll Like Receptor 9 (TLR9) Cascade"	"1/95"	"92/7644"	0.685726663569981	0.767996644026266	0.646734016022118	"DUSP4"	1
"M3"	"misspliced LRP5 mutants have enhanced beta-catenin-dependent signaling"	"misspliced LRP5 mutants have enhanced beta-catenin-dependent signaling"	"2/95"	"190/7644"	0.688732614822954	0.767996644026266	0.646734016022118	"FZD8/SFRP2"	2
"M3"	"Peptide ligand-binding receptors"	"Peptide ligand-binding receptors"	"2/95"	"190/7644"	0.688732614822954	0.767996644026266	0.646734016022118	"CXCL12/NTSR2"	2
"M3"	"RNF mutants show enhanced WNT signaling and proliferation"	"RNF mutants show enhanced WNT signaling and proliferation"	"2/95"	"190/7644"	0.688732614822954	0.767996644026266	0.646734016022118	"FZD8/SFRP2"	2
"M3"	"TCF dependent signaling in response to WNT"	"TCF dependent signaling in response to WNT"	"2/95"	"190/7644"	0.688732614822954	0.767996644026266	0.646734016022118	"FZD8/SFRP2"	2
"M3"	"XAV939 inhibits tankyrase, stabilizing AXIN"	"XAV939 inhibits tankyrase, stabilizing AXIN"	"2/95"	"190/7644"	0.688732614822954	0.767996644026266	0.646734016022118	"FZD8/SFRP2"	2
"M3"	"EPH-Ephrin signaling"	"EPH-Ephrin signaling"	"1/95"	"94/7644"	0.693584220041702	0.767996644026266	0.646734016022118	"MMP9"	1
"M3"	"Signaling by Wnt"	"Signaling by Wnt"	"3/95"	"286/7644"	0.6961898259752	0.767996644026266	0.646734016022118	"FZD8/ITPR3/SFRP2"	3
"M3"	"Transport of glucose and other sugars, bile salts and organic acids, metal ions and amine compounds"	"Transport of glucose and other sugars, bile salts and organic acids, metal ions and amine compounds"	"1/95"	"97/7644"	0.705007471777931	0.767996644026266	0.646734016022118	"SLC14A1"	1
"M3"	"Cell surface interactions at the vascular wall"	"Cell surface interactions at the vascular wall"	"1/95"	"99/7644"	0.712387819428389	0.767996644026266	0.646734016022118	"ITGA4"	1
"M3"	"Hedgehog 'off' state"	"Hedgehog 'off' state"	"1/95"	"99/7644"	0.712387819428389	0.767996644026266	0.646734016022118	"ADCY2"	1
"M3"	"MyD88-independent cascade"	"MyD88-independent cascade"	"1/95"	"99/7644"	0.712387819428389	0.767996644026266	0.646734016022118	"DUSP4"	1
"M3"	"Toll Like Receptor 3 (TLR3) Cascade"	"Toll Like Receptor 3 (TLR3) Cascade"	"1/95"	"99/7644"	0.712387819428389	0.767996644026266	0.646734016022118	"DUSP4"	1
"M3"	"TRIF-mediated TLR3/TLR4 signaling"	"TRIF-mediated TLR3/TLR4 signaling"	"1/95"	"99/7644"	0.712387819428389	0.767996644026266	0.646734016022118	"DUSP4"	1
"M3"	"PI3K/AKT Signaling in Cancer"	"PI3K/AKT Signaling in Cancer"	"1/95"	"100/7644"	0.71600917889218	0.767996644026266	0.646734016022118	"ERBB4"	1
"M3"	"PI-3K cascade"	"PI-3K cascade"	"1/95"	"100/7644"	0.71600917889218	0.767996644026266	0.646734016022118	"ERBB4"	1
"M3"	"PI3K events in ERBB2 signaling"	"PI3K events in ERBB2 signaling"	"1/95"	"100/7644"	0.71600917889218	0.767996644026266	0.646734016022118	"ERBB4"	1
"M3"	"PI3K events in ERBB4 signaling"	"PI3K events in ERBB4 signaling"	"1/95"	"100/7644"	0.71600917889218	0.767996644026266	0.646734016022118	"ERBB4"	1
"M3"	"PIP3 activates AKT signaling"	"PIP3 activates AKT signaling"	"1/95"	"100/7644"	0.71600917889218	0.767996644026266	0.646734016022118	"ERBB4"	1
"M3"	"MHC class II antigen presentation"	"MHC class II antigen presentation"	"1/95"	"103/7644"	0.726604737935899	0.774250950259565	0.652000800218581	"CTSK"	1
"M3"	"PI3K/AKT activation"	"PI3K/AKT activation"	"1/95"	"103/7644"	0.726604737935899	0.774250950259565	0.652000800218581	"ERBB4"	1
"M3"	"GAB1 signalosome"	"GAB1 signalosome"	"1/95"	"104/7644"	0.730048916413036	0.775378751092277	0.652950527235602	"ERBB4"	1
"M3"	"VEGFA-VEGFR2 Pathway"	"VEGFA-VEGFR2 Pathway"	"1/95"	"105/7644"	0.733450156856108	0.776453749114772	0.653855788728229	"ITPR3"	1
"M3"	"Signaling by the B Cell Receptor (BCR)"	"Signaling by the B Cell Receptor (BCR)"	"2/95"	"209/7644"	0.73831030566662	0.779061199161207	0.656051536135753	"ERBB4/ITPR3"	2
"M3"	"Fc epsilon receptor (FCERI) signaling"	"Fc epsilon receptor (FCERI) signaling"	"2/95"	"212/7644"	0.745500334489475	0.780246869719751	0.657049995553474	"ERBB4/ITPR3"	2
"M3"	"Signaling by WNT in cancer"	"Signaling by WNT in cancer"	"2/95"	"212/7644"	0.745500334489475	0.780246869719751	0.657049995553474	"FZD8/SFRP2"	2
"M3"	"Signaling by Interleukins"	"Signaling by Interleukins"	"1/95"	"109/7644"	0.746636235331823	0.780246869719751	0.657049995553474	"IL1RAP"	1
"M3"	"Immunoregulatory interactions between a Lymphoid and a non-Lymphoid cell"	"Immunoregulatory interactions between a Lymphoid and a non-Lymphoid cell"	"1/95"	"111/7644"	0.752985114549459	0.784359494322353	0.660513258376718	"ITGA4"	1
"M3"	"Signaling by VEGF"	"Signaling by VEGF"	"1/95"	"113/7644"	0.759176534354776	0.788282343978601	0.663816710718822	"ITPR3"	1
"M3"	"Fcgamma receptor (FCGR) dependent phagocytosis"	"Fcgamma receptor (FCGR) dependent phagocytosis"	"1/95"	"119/7644"	0.776844216752915	0.804058504600947	0.677101898611324	"ITPR3"	1
"M3"	"Factors involved in megakaryocyte development and platelet production"	"Factors involved in megakaryocyte development and platelet production"	"1/95"	"125/7644"	0.793228380622239	0.818410233975326	0.689187565452906	"DOCK3"	1
"M3"	"Cell-Cell communication"	"Cell-Cell communication"	"1/95"	"130/7644"	0.805968193607718	0.823976802957601	0.693875202490611	"FBLIM1"	1
"M3"	"Defective ACTH causes Obesity and Pro-opiomelanocortinin deficiency (POMCD)"	"Defective ACTH causes Obesity and Pro-opiomelanocortinin deficiency (POMCD)"	"4/95"	"441/7644"	0.806229610278514	0.823976802957601	0.693875202490611	"ADCYAP1R1/CXCL12/FZD8/NTSR2"	4
"M3"	"GPCR ligand binding"	"GPCR ligand binding"	"4/95"	"441/7644"	0.806229610278514	0.823976802957601	0.693875202490611	"ADCYAP1R1/CXCL12/FZD8/NTSR2"	4
"M3"	"Signaling by Hedgehog"	"Signaling by Hedgehog"	"1/95"	"136/7644"	0.820234270275783	0.835661874105422	0.703715262404566	"ADCY2"	1
"M3"	"Role of LAT2/NTAL/LAB on calcium mobilization"	"Role of LAT2/NTAL/LAB on calcium mobilization"	"1/95"	"141/7644"	0.831325991106423	0.844315459717461	0.711002492393651	"ERBB4"	1
"M3"	"Downstream signaling events of B Cell Receptor (BCR)"	"Downstream signaling events of B Cell Receptor (BCR)"	"1/95"	"170/7644"	0.883517463928915	0.89452702734236	0.753285917761987	"ERBB4"	1
"M3"	"Class A/1 (Rhodopsin-like receptors)"	"Class A/1 (Rhodopsin-like receptors)"	"2/95"	"314/7644"	0.907118135871252	0.915569547075021	0.771005934378965	"CXCL12/NTSR2"	2
"M3"	"Class I MHC mediated antigen processing & presentation"	"Class I MHC mediated antigen processing & presentation"	"1/95"	"255/7644"	0.960974802299497	0.965915848314883	0.813402819633585	"CD36"	1
"M3"	"SLC-mediated transmembrane transport"	"SLC-mediated transmembrane transport"	"1/95"	"259/7644"	0.962943799550837	0.965915848314883	0.813402819633585	"SLC14A1"	1
"M3"	"Cytokine Signaling in Immune system"	"Cytokine Signaling in Immune system"	"1/95"	"308/7644"	0.980392145877731	0.980392145877731	0.8255933860023	"IL1RAP"	1
"M4"	"Dermatan sulfate biosynthesis"	"Dermatan sulfate biosynthesis"	"3/55"	"11/7644"	5.58419917149449e-05	0.00561096412508297	0.00485272572980149	"BCAN/NCAN/CSPG5"	3
"M4"	"Collagen biosynthesis and modifying enzymes"	"Collagen biosynthesis and modifying enzymes"	"5/55"	"64/7644"	8.84787590705597e-05	0.00561096412508297	0.00485272572980149	"COL9A3/COL8A1/COL8A2/COL14A1/COL9A1"	5
"M4"	"Extracellular matrix organization"	"Extracellular matrix organization"	"9/55"	"266/7644"	0.000101996062950547	0.00561096412508297	0.00485272572980149	"BCAN/NCAN/FBLN1/COL9A3/MFAP4/COL8A1/COL8A2/COL14A1/COL9A1"	9
"M4"	"CS/DS degradation"	"CS/DS degradation"	"3/55"	"14/7644"	0.000121318143245037	0.00561096412508297	0.00485272572980149	"BCAN/NCAN/CSPG5"	3
"M4"	"Collagen formation"	"Collagen formation"	"5/55"	"86/7644"	0.000358484717798567	0.0113621149897109	0.0098266940451554	"COL9A3/COL8A1/COL8A2/COL14A1/COL9A1"	5
"M4"	"Chondroitin sulfate biosynthesis"	"Chondroitin sulfate biosynthesis"	"3/55"	"20/7644"	0.000368501026693328	0.0113621149897109	0.0098266940451554	"BCAN/NCAN/CSPG5"	3
"M4"	"ECM proteoglycans"	"ECM proteoglycans"	"4/55"	"55/7644"	0.000623271833741681	0.0164721841774587	0.014246213342667	"BCAN/NCAN/COL9A3/COL9A1"	4
"M4"	"Neuronal System"	"Neuronal System"	"8/55"	"280/7644"	0.00079847734239996	0.0167558185884241	0.0144915187791776	"GRIK3/KCNQ2/CACNG4/GRIA4/SLC6A11/KCND2/CACNG8/KCNJ11"	8
"M4"	"A tetrasaccharide linker sequence is required for GAG synthesis"	"A tetrasaccharide linker sequence is required for GAG synthesis"	"3/55"	"26/7644"	0.000815147931328739	0.0167558185884241	0.0144915187791776	"BCAN/NCAN/CSPG5"	3
"M4"	"Glutamate Binding, Activation of AMPA Receptors and Synaptic Plasticity"	"Glutamate Binding, Activation of AMPA Receptors and Synaptic Plasticity"	"3/55"	"30/7644"	0.00124724864999732	0.0209764545681368	0.0181417985454156	"CACNG4/GRIA4/CACNG8"	3
"M4"	"Trafficking of AMPA receptors"	"Trafficking of AMPA receptors"	"3/55"	"30/7644"	0.00124724864999732	0.0209764545681368	0.0181417985454156	"CACNG4/GRIA4/CACNG8"	3
"M4"	"Axon guidance"	"Axon guidance"	"8/55"	"327/7644"	0.00216059510419019	0.0304403918213795	0.0263268253590309	"NCAN/DPYSL5/KCNQ2/SLIT1/ROBO2/COL9A3/MET/COL9A1"	8
"M4"	"Creatine metabolism"	"Creatine metabolism"	"2/55"	"10/7644"	0.00220450250027746	0.0304403918213795	0.0263268253590309	"CKB/SLC6A11"	2
"M4"	"NCAM1 interactions"	"NCAM1 interactions"	"3/55"	"37/7644"	0.0023035972189152	0.0304403918213795	0.0263268253590309	"NCAN/COL9A3/COL9A1"	3
"M4"	"Collagen degradation"	"Collagen degradation"	"3/55"	"38/7644"	0.00248838996152348	0.0306901428587896	0.0265428262562504	"COL9A3/COL14A1/COL9A1"	3
"M4"	"Degradation of the extracellular matrix"	"Degradation of the extracellular matrix"	"4/55"	"89/7644"	0.00372517792463432	0.0430723697535843	0.0372517792463432	"BCAN/COL9A3/COL14A1/COL9A1"	4
"M4"	"Chondroitin sulfate/dermatan sulfate metabolism"	"Chondroitin sulfate/dermatan sulfate metabolism"	"3/55"	"50/7644"	0.00544050165928191	0.056736892659539	0.0490697450028445	"BCAN/NCAN/CSPG5"	3
"M4"	"Diseases of glycosylation"	"Diseases of glycosylation"	"6/55"	"227/7644"	0.00552034631282001	0.056736892659539	0.0490697450028445	"BCAN/NCAN/CSPG5/GFPT2/ST8SIA5/NEU4"	6
"M4"	"Synthesis of substrates in N-glycan biosythesis"	"Synthesis of substrates in N-glycan biosythesis"	"3/55"	"52/7644"	0.00607272286618636	0.0591291436970777	0.0511387188731483	"GFPT2/ST8SIA5/NEU4"	3
"M4"	"Heparan sulfate/heparin (HS-GAG) metabolism"	"Heparan sulfate/heparin (HS-GAG) metabolism"	"3/55"	"54/7644"	0.00674719990975388	0.0624115991652234	0.0539775992780311	"BCAN/NCAN/CSPG5"	3
"M4"	"Biosynthesis of the N-glycan precursor (dolichol lipid-linked oligosaccharide, LLO) and transfer to a nascent protein"	"Biosynthesis of the N-glycan precursor (dolichol lipid-linked oligosaccharide, LLO) and transfer to a nascent protein"	"3/55"	"67/7644"	0.01220422220826	0.107513386120385	0.0929845501581711	"GFPT2/ST8SIA5/NEU4"	3
"M4"	"NCAM signaling for neurite out-growth"	"NCAM signaling for neurite out-growth"	"3/55"	"70/7644"	0.0137365582948981	0.115416312775799	0.0998195137520423	"NCAN/COL9A3/COL9A1"	3
"M4"	"Transmission across Chemical Synapses"	"Transmission across Chemical Synapses"	"5/55"	"201/7644"	0.0143490551018561	0.115416312775799	0.0998195137520423	"GRIK3/CACNG4/GRIA4/SLC6A11/CACNG8"	5
"M4"	"Neurotransmitter Receptor Binding And Downstream Transmission In The  Postsynaptic Cell"	"Neurotransmitter Receptor Binding And Downstream Transmission In The  Postsynaptic Cell"	"4/55"	"140/7644"	0.0178720218120997	0.137763501468268	0.119146812080664	"GRIK3/CACNG4/GRIA4/CACNG8"	4
"M4"	"Adherens junctions interactions"	"Adherens junctions interactions"	"2/55"	"30/7644"	0.0194392855206071	0.138185250261509	0.119511567793738	"CADM2/CDH10"	2
"M4"	"Molecules associated with elastic fibres"	"Molecules associated with elastic fibres"	"2/55"	"30/7644"	0.0194392855206071	0.138185250261509	0.119511567793738	"FBLN1/MFAP4"	2
"M4"	"Sialic acid metabolism"	"Sialic acid metabolism"	"2/55"	"33/7644"	0.0232741412201902	0.138185250261509	0.119511567793738	"ST8SIA5/NEU4"	2
"M4"	"Ion channel transport"	"Ion channel transport"	"4/55"	"167/7644"	0.0316328071531637	0.138185250261509	0.119511567793738	"ATP1B2/TTYH1/FXYD6/ASIC4"	4
"M4"	"Potassium Channels"	"Potassium Channels"	"3/55"	"99/7644"	0.0340382945740653	0.138185250261509	0.119511567793738	"KCNQ2/KCND2/KCNJ11"	3
"M4"	"Elastic fibre formation"	"Elastic fibre formation"	"2/55"	"41/7644"	0.0348520638680933	0.138185250261509	0.119511567793738	"FBLN1/MFAP4"	2
"M4"	"Ion transport by P-type ATPases"	"Ion transport by P-type ATPases"	"2/55"	"43/7644"	0.0380326361369096	0.138185250261509	0.119511567793738	"ATP1B2/FXYD6"	2
"M4"	"Voltage gated Potassium channels"	"Voltage gated Potassium channels"	"2/55"	"43/7644"	0.0380326361369096	0.138185250261509	0.119511567793738	"KCNQ2/KCND2"	2
"M4"	"Post-translational protein modification"	"Post-translational protein modification"	"5/55"	"278/7644"	0.0486971270845133	0.138185250261509	0.119511567793738	"GFPT2/SEMA5B/ST8SIA5/NEU4/GCNT1"	5
"M4"	"Asparagine N-linked glycosylation"	"Asparagine N-linked glycosylation"	"3/55"	"118/7644"	0.0527013097113672	0.138185250261509	0.119511567793738	"GFPT2/ST8SIA5/NEU4"	3
"M4"	"Defective ALG11 causes ALG11-CDG (CDG-1p)"	"Defective ALG11 causes ALG11-CDG (CDG-1p)"	"3/55"	"118/7644"	0.0527013097113672	0.138185250261509	0.119511567793738	"GFPT2/ST8SIA5/NEU4"	3
"M4"	"Defective ALG12 causes ALG12-CDG (CDG-1g)"	"Defective ALG12 causes ALG12-CDG (CDG-1g)"	"3/55"	"118/7644"	0.0527013097113672	0.138185250261509	0.119511567793738	"GFPT2/ST8SIA5/NEU4"	3
"M4"	"Defective ALG14 causes congenital myasthenic syndrome (ALG14-CMS)"	"Defective ALG14 causes congenital myasthenic syndrome (ALG14-CMS)"	"3/55"	"118/7644"	0.0527013097113672	0.138185250261509	0.119511567793738	"GFPT2/ST8SIA5/NEU4"	3
"M4"	"Defective ALG1 causes ALG1-CDG (CDG-1k)"	"Defective ALG1 causes ALG1-CDG (CDG-1k)"	"3/55"	"118/7644"	0.0527013097113672	0.138185250261509	0.119511567793738	"GFPT2/ST8SIA5/NEU4"	3
"M4"	"Defective ALG2 causes ALG2-CDG (CDG-1i)"	"Defective ALG2 causes ALG2-CDG (CDG-1i)"	"3/55"	"118/7644"	0.0527013097113672	0.138185250261509	0.119511567793738	"GFPT2/ST8SIA5/NEU4"	3
"M4"	"Defective ALG3 causes ALG3-CDG (CDG-1d)"	"Defective ALG3 causes ALG3-CDG (CDG-1d)"	"3/55"	"118/7644"	0.0527013097113672	0.138185250261509	0.119511567793738	"GFPT2/ST8SIA5/NEU4"	3
"M4"	"Defective ALG6 causes ALG6-CDG (CDG-1c)"	"Defective ALG6 causes ALG6-CDG (CDG-1c)"	"3/55"	"118/7644"	0.0527013097113672	0.138185250261509	0.119511567793738	"GFPT2/ST8SIA5/NEU4"	3
"M4"	"Defective ALG8 causes ALG8-CDG (CDG-1h)"	"Defective ALG8 causes ALG8-CDG (CDG-1h)"	"3/55"	"118/7644"	0.0527013097113672	0.138185250261509	0.119511567793738	"GFPT2/ST8SIA5/NEU4"	3
"M4"	"Defective ALG9 causes ALG9-CDG (CDG-1l)"	"Defective ALG9 causes ALG9-CDG (CDG-1l)"	"3/55"	"118/7644"	0.0527013097113672	0.138185250261509	0.119511567793738	"GFPT2/ST8SIA5/NEU4"	3
"M4"	"Defective DPAGT1 causes DPAGT1-CDG (CDG-1j) and CMSTA2"	"Defective DPAGT1 causes DPAGT1-CDG (CDG-1j) and CMSTA2"	"3/55"	"118/7644"	0.0527013097113672	0.138185250261509	0.119511567793738	"GFPT2/ST8SIA5/NEU4"	3
"M4"	"Defective MAN1B1 causes MRT15"	"Defective MAN1B1 causes MRT15"	"3/55"	"118/7644"	0.0527013097113672	0.138185250261509	0.119511567793738	"GFPT2/ST8SIA5/NEU4"	3
"M4"	"Defective MGAT2 causes MGAT2-CDG (CDG-2a)"	"Defective MGAT2 causes MGAT2-CDG (CDG-2a)"	"3/55"	"118/7644"	0.0527013097113672	0.138185250261509	0.119511567793738	"GFPT2/ST8SIA5/NEU4"	3
"M4"	"Defective MOGS causes MOGS-CDG (CDG-2b)"	"Defective MOGS causes MOGS-CDG (CDG-2b)"	"3/55"	"118/7644"	0.0527013097113672	0.138185250261509	0.119511567793738	"GFPT2/ST8SIA5/NEU4"	3
"M4"	"Defective MPDU1 causes MPDU1-CDG (CDG-1f)"	"Defective MPDU1 causes MPDU1-CDG (CDG-1f)"	"3/55"	"118/7644"	0.0527013097113672	0.138185250261509	0.119511567793738	"GFPT2/ST8SIA5/NEU4"	3
"M4"	"Defective RFT1 causes RFT1-CDG (CDG-1n)"	"Defective RFT1 causes RFT1-CDG (CDG-1n)"	"3/55"	"118/7644"	0.0527013097113672	0.138185250261509	0.119511567793738	"GFPT2/ST8SIA5/NEU4"	3
"M4"	"Diseases associated with N-glycosylation of proteins"	"Diseases associated with N-glycosylation of proteins"	"3/55"	"118/7644"	0.0527013097113672	0.138185250261509	0.119511567793738	"GFPT2/ST8SIA5/NEU4"	3
"M4"	"Defective B3GAT3 causes JDSSDHD"	"Defective B3GAT3 causes JDSSDHD"	"3/55"	"121/7644"	0.0560210474033146	0.138185250261509	0.119511567793738	"BCAN/NCAN/CSPG5"	3
"M4"	"Defective B4GALT1 causes B4GALT1-CDG (CDG-2d)"	"Defective B4GALT1 causes B4GALT1-CDG (CDG-2d)"	"3/55"	"121/7644"	0.0560210474033146	0.138185250261509	0.119511567793738	"BCAN/NCAN/CSPG5"	3
"M4"	"Defective B4GALT7 causes EDS, progeroid type"	"Defective B4GALT7 causes EDS, progeroid type"	"3/55"	"121/7644"	0.0560210474033146	0.138185250261509	0.119511567793738	"BCAN/NCAN/CSPG5"	3
"M4"	"Defective CHST14 causes EDS, musculocontractural type"	"Defective CHST14 causes EDS, musculocontractural type"	"3/55"	"121/7644"	0.0560210474033146	0.138185250261509	0.119511567793738	"BCAN/NCAN/CSPG5"	3
"M4"	"Defective CHST3 causes SEDCJD"	"Defective CHST3 causes SEDCJD"	"3/55"	"121/7644"	0.0560210474033146	0.138185250261509	0.119511567793738	"BCAN/NCAN/CSPG5"	3
"M4"	"Defective CHST6 causes MCDC1"	"Defective CHST6 causes MCDC1"	"3/55"	"121/7644"	0.0560210474033146	0.138185250261509	0.119511567793738	"BCAN/NCAN/CSPG5"	3
"M4"	"Defective CHSY1 causes TPBS"	"Defective CHSY1 causes TPBS"	"3/55"	"121/7644"	0.0560210474033146	0.138185250261509	0.119511567793738	"BCAN/NCAN/CSPG5"	3
"M4"	"Defective EXT1 causes exostoses 1, TRPS2 and CHDS"	"Defective EXT1 causes exostoses 1, TRPS2 and CHDS"	"3/55"	"121/7644"	0.0560210474033146	0.138185250261509	0.119511567793738	"BCAN/NCAN/CSPG5"	3
"M4"	"Defective EXT2 causes exostoses 2"	"Defective EXT2 causes exostoses 2"	"3/55"	"121/7644"	0.0560210474033146	0.138185250261509	0.119511567793738	"BCAN/NCAN/CSPG5"	3
"M4"	"Defective PAPSS2 causes SEMD-PA"	"Defective PAPSS2 causes SEMD-PA"	"3/55"	"121/7644"	0.0560210474033146	0.138185250261509	0.119511567793738	"BCAN/NCAN/CSPG5"	3
"M4"	"Defective SLC26A2 causes chondrodysplasias"	"Defective SLC26A2 causes chondrodysplasias"	"3/55"	"121/7644"	0.0560210474033146	0.138185250261509	0.119511567793738	"BCAN/NCAN/CSPG5"	3
"M4"	"Diseases associated with glycosaminoglycan metabolism"	"Diseases associated with glycosaminoglycan metabolism"	"3/55"	"121/7644"	0.0560210474033146	0.138185250261509	0.119511567793738	"BCAN/NCAN/CSPG5"	3
"M4"	"Glycosaminoglycan metabolism"	"Glycosaminoglycan metabolism"	"3/55"	"121/7644"	0.0560210474033146	0.138185250261509	0.119511567793738	"BCAN/NCAN/CSPG5"	3
"M4"	"MPS I - Hurler syndrome"	"MPS I - Hurler syndrome"	"3/55"	"121/7644"	0.0560210474033146	0.138185250261509	0.119511567793738	"BCAN/NCAN/CSPG5"	3
"M4"	"MPS II - Hunter syndrome"	"MPS II - Hunter syndrome"	"3/55"	"121/7644"	0.0560210474033146	0.138185250261509	0.119511567793738	"BCAN/NCAN/CSPG5"	3
"M4"	"MPS IIIA - Sanfilippo syndrome A"	"MPS IIIA - Sanfilippo syndrome A"	"3/55"	"121/7644"	0.0560210474033146	0.138185250261509	0.119511567793738	"BCAN/NCAN/CSPG5"	3
"M4"	"MPS IIIB - Sanfilippo syndrome B"	"MPS IIIB - Sanfilippo syndrome B"	"3/55"	"121/7644"	0.0560210474033146	0.138185250261509	0.119511567793738	"BCAN/NCAN/CSPG5"	3
"M4"	"MPS IIIC - Sanfilippo syndrome C"	"MPS IIIC - Sanfilippo syndrome C"	"3/55"	"121/7644"	0.0560210474033146	0.138185250261509	0.119511567793738	"BCAN/NCAN/CSPG5"	3
"M4"	"MPS IIID - Sanfilippo syndrome D"	"MPS IIID - Sanfilippo syndrome D"	"3/55"	"121/7644"	0.0560210474033146	0.138185250261509	0.119511567793738	"BCAN/NCAN/CSPG5"	3
"M4"	"MPS IV - Morquio syndrome A"	"MPS IV - Morquio syndrome A"	"3/55"	"121/7644"	0.0560210474033146	0.138185250261509	0.119511567793738	"BCAN/NCAN/CSPG5"	3
"M4"	"MPS IV - Morquio syndrome B"	"MPS IV - Morquio syndrome B"	"3/55"	"121/7644"	0.0560210474033146	0.138185250261509	0.119511567793738	"BCAN/NCAN/CSPG5"	3
"M4"	"MPS IX - Natowicz syndrome"	"MPS IX - Natowicz syndrome"	"3/55"	"121/7644"	0.0560210474033146	0.138185250261509	0.119511567793738	"BCAN/NCAN/CSPG5"	3
"M4"	"MPS VII - Sly syndrome"	"MPS VII - Sly syndrome"	"3/55"	"121/7644"	0.0560210474033146	0.138185250261509	0.119511567793738	"BCAN/NCAN/CSPG5"	3
"M4"	"MPS VI - Maroteaux-Lamy syndrome"	"MPS VI - Maroteaux-Lamy syndrome"	"3/55"	"121/7644"	0.0560210474033146	0.138185250261509	0.119511567793738	"BCAN/NCAN/CSPG5"	3
"M4"	"Mucopolysaccharidoses"	"Mucopolysaccharidoses"	"3/55"	"121/7644"	0.0560210474033146	0.138185250261509	0.119511567793738	"BCAN/NCAN/CSPG5"	3
"M4"	"Assembly of collagen fibrils and other multimeric structures"	"Assembly of collagen fibrils and other multimeric structures"	"2/55"	"54/7644"	0.0573429336872568	0.139584772791349	0.120721965657383	"COL8A1/COL8A2"	2
"M4"	"Cell-Cell communication"	"Cell-Cell communication"	"3/55"	"130/7644"	0.0665646498733631	0.159928054890548	0.138316155581014	"CADM2/CDH10/DSCAM"	3
"M4"	"Cell-cell junction organization"	"Cell-cell junction organization"	"2/55"	"60/7644"	0.0690350772737819	0.161195224256056	0.139412085843076	"CADM2/CDH10"	2
"M4"	"Activation of Ca-permeable Kainate Receptor"	"Activation of Ca-permeable Kainate Receptor"	"1/55"	"10/7644"	0.0697060429215378	0.161195224256056	0.139412085843076	"GRIK3"	1
"M4"	"Ionotropic activity of Kainate Receptors"	"Ionotropic activity of Kainate Receptors"	"1/55"	"10/7644"	0.0697060429215378	0.161195224256056	0.139412085843076	"GRIK3"	1
"M4"	"DSCAM interactions"	"DSCAM interactions"	"1/55"	"11/7644"	0.0764084489523628	0.172384915319355	0.149089656492415	"DSCAM"	1
"M4"	"Interleukin-7 signaling"	"Interleukin-7 signaling"	"1/55"	"11/7644"	0.0764084489523628	0.172384915319355	0.149089656492415	"HGF"	1
"M4"	"Integrin cell surface interactions"	"Integrin cell surface interactions"	"2/55"	"66/7644"	0.081436361931154	0.179765320915849	0.155472709981275	"COL9A3/COL9A1"	2
"M4"	"Caspase-mediated cleavage of cytoskeletal proteins"	"Caspase-mediated cleavage of cytoskeletal proteins"	"1/55"	"12/7644"	0.0830634385118567	0.179765320915849	0.155472709981275	"MAPT"	1
"M4"	"Depolarization of the Presynaptic Terminal Triggers the Opening of Calcium Channels"	"Depolarization of the Presynaptic Terminal Triggers the Opening of Calcium Channels"	"1/55"	"12/7644"	0.0830634385118567	0.179765320915849	0.155472709981275	"CACNG4"	1
"M4"	"Semaphorin interactions"	"Semaphorin interactions"	"2/55"	"67/7644"	0.0835665816149353	0.179765320915849	0.155472709981275	"DPYSL5/MET"	2
"M4"	"IRF3-mediated induction of type I IFN"	"IRF3-mediated induction of type I IFN"	"1/55"	"13/7644"	0.089671340881072	0.190680437505728	0.164912810815765	"DTX4"	1
"M4"	"Regulation of innate immune responses to cytosolic DNA"	"Regulation of innate immune responses to cytosolic DNA"	"1/55"	"15/7644"	0.102747189968749	0.216002615275211	0.186813072670453	"DTX4"	1
"M4"	"CRMPs in Sema3A signaling"	"CRMPs in Sema3A signaling"	"1/55"	"16/7644"	0.109215784090091	0.221940993924512	0.191948967718497	"DPYSL5"	1
"M4"	"STING mediated induction of host immune responses"	"STING mediated induction of host immune responses"	"1/55"	"16/7644"	0.109215784090091	0.221940993924512	0.191948967718497	"DTX4"	1
"M4"	"Trafficking of GluR2-containing AMPA receptors"	"Trafficking of GluR2-containing AMPA receptors"	"1/55"	"16/7644"	0.109215784090091	0.221940993924512	0.191948967718497	"GRIA4"	1
"M4"	"Platelet degranulation"	"Platelet degranulation"	"2/55"	"79/7644"	0.110370656438136	0.221940993924512	0.191948967718497	"SCG3/HGF"	2
"M4"	"Unblocking of NMDA receptor, glutamate binding and activation"	"Unblocking of NMDA receptor, glutamate binding and activation"	"1/55"	"17/7644"	0.115638585856615	0.230033746058858	0.198948104699553	"GRIA4"	1
"M4"	"Response to elevated platelet cytosolic Ca2+"	"Response to elevated platelet cytosolic Ca2+"	"2/55"	"84/7644"	0.12213346913053	0.240369061586681	0.207886755966859	"SCG3/HGF"	2
"M4"	"Cell junction organization"	"Cell junction organization"	"2/55"	"85/7644"	0.124522517086879	0.242289748518788	0.209547890610843	"CADM2/CDH10"	2
"M4"	"GABA synthesis, release, reuptake and degradation"	"GABA synthesis, release, reuptake and degradation"	"1/55"	"19/7644"	0.128348082999142	0.242289748518788	0.209547890610843	"SLC6A11"	1
"M4"	"Na+/Cl- dependent neurotransmitter transporters"	"Na+/Cl- dependent neurotransmitter transporters"	"1/55"	"19/7644"	0.128348082999142	0.242289748518788	0.209547890610843	"SLC6A11"	1
"M4"	"Scavenging by Class A Receptors"	"Scavenging by Class A Receptors"	"1/55"	"19/7644"	0.128348082999142	0.242289748518788	0.209547890610843	"COLEC12"	1
"M4"	"Regulation of gene expression in beta cells"	"Regulation of gene expression in beta cells"	"1/55"	"20/7644"	0.134635408302098	0.251591419554426	0.217592579074098	"NKX2-2"	1
"M4"	"Presynaptic function of Kainate receptors"	"Presynaptic function of Kainate receptors"	"1/55"	"21/7644"	0.140878201133077	0.25804422979821	0.223173387933587	"GRIK3"	1
"M4"	"Regulation of Insulin-like Growth Factor (IGF) transport and uptake by Insulin-like Growth Factor Binding Proteins (IGFBPs)"	"Regulation of Insulin-like Growth Factor (IGF) transport and uptake by Insulin-like Growth Factor Binding Proteins (IGFBPs)"	"1/55"	"21/7644"	0.140878201133077	0.25804422979821	0.223173387933587	"IGFBP6"	1
"M4"	"The canonical retinoid cycle in rods (twilight vision)"	"The canonical retinoid cycle in rods (twilight vision)"	"1/55"	"22/7644"	0.147076771110472	0.266756888778798	0.230708660565447	"RLBP1"	1
"M4"	"L1CAM interactions"	"L1CAM interactions"	"2/55"	"97/7644"	0.154009382148074	0.27661879317858	0.239237875181474	"NCAN/KCNQ2"	2
"M4"	"Stimuli-sensing channels"	"Stimuli-sensing channels"	"2/55"	"98/7644"	0.156526829686757	0.27843714896202	0.240810507210396	"TTYH1/ASIC4"	2
"M4"	"Activation of BH3-only proteins"	"Activation of BH3-only proteins"	"1/55"	"25/7644"	0.165410208504905	0.285724902028065	0.247113428781029	"PMAIP1"	1
"M4"	"Basigin interactions"	"Basigin interactions"	"1/55"	"25/7644"	0.165410208504905	0.285724902028065	0.247113428781029	"ATP1B2"	1
"M4"	"Effects of PIP2 hydrolysis"	"Effects of PIP2 hydrolysis"	"1/55"	"25/7644"	0.165410208504905	0.285724902028065	0.247113428781029	"DGKB"	1
"M4"	"O-linked glycosylation"	"O-linked glycosylation"	"2/55"	"103/7644"	0.169230646139622	0.285724902028065	0.247113428781029	"SEMA5B/GCNT1"	2
"M4"	"WNT ligand biogenesis and trafficking"	"WNT ligand biogenesis and trafficking"	"1/55"	"26/7644"	0.171434941216839	0.285724902028065	0.247113428781029	"WNT7A"	1
"M4"	"WNT ligand secretion is abrogated by the PORCN inhibitor LGK974"	"WNT ligand secretion is abrogated by the PORCN inhibitor LGK974"	"1/55"	"26/7644"	0.171434941216839	0.285724902028065	0.247113428781029	"WNT7A"	1
"M4"	"ZBP1(DAI) mediated induction of type I IFNs"	"ZBP1(DAI) mediated induction of type I IFNs"	"1/55"	"26/7644"	0.171434941216839	0.285724902028065	0.247113428781029	"DTX4"	1
"M4"	"Detoxification of Reactive Oxygen Species"	"Detoxification of Reactive Oxygen Species"	"1/55"	"27/7644"	0.17741696776358	0.290461407400551	0.251209865859936	"GPX8"	1
"M4"	"Sema4D in semaphorin signaling"	"Sema4D in semaphorin signaling"	"1/55"	"27/7644"	0.17741696776358	0.290461407400551	0.251209865859936	"MET"	1
"M4"	"Interaction between L1 and Ankyrins"	"Interaction between L1 and Ankyrins"	"1/55"	"29/7644"	0.189254088951078	0.307122863648679	0.265619773966425	"KCNQ2"	1
"M4"	"Activated NOTCH1 Transmits Signal to the Nucleus"	"Activated NOTCH1 Transmits Signal to the Nucleus"	"1/55"	"30/7644"	0.19510977182799	0.308506904172463	0.266816781986995	"DTX4"	1
"M4"	"Activation of Kainate Receptors upon glutamate binding"	"Activation of Kainate Receptors upon glutamate binding"	"1/55"	"30/7644"	0.19510977182799	0.308506904172463	0.266816781986995	"GRIK3"	1
"M4"	"Amine compound SLC transporters"	"Amine compound SLC transporters"	"1/55"	"30/7644"	0.19510977182799	0.308506904172463	0.266816781986995	"SLC6A11"	1
"M4"	"Inwardly rectifying K+ channels"	"Inwardly rectifying K+ channels"	"1/55"	"31/7644"	0.200923925039109	0.315007848578264	0.272439220392012	"KCNJ11"	1
"M4"	"Regulation of beta-cell development"	"Regulation of beta-cell development"	"1/55"	"32/7644"	0.206696837704662	0.318657624794687	0.275595783606216	"NKX2-2"	1
"M4"	"Signaling by Robo receptor"	"Signaling by Robo receptor"	"1/55"	"32/7644"	0.206696837704662	0.318657624794687	0.275595783606216	"ROBO2"	1
"M4"	"Platelet activation, signaling and aggregation"	"Platelet activation, signaling and aggregation"	"3/55"	"221/7644"	0.212097020034448	0.324280567821264	0.280458869467039	"SCG3/DGKB/HGF"	3
"M4"	"Apoptotic cleavage of cellular proteins"	"Apoptotic cleavage of cellular proteins"	"1/55"	"38/7644"	0.240484205774919	0.361155775092123	0.312350940620215	"MAPT"	1
"M4"	"Intrinsic Pathway for Apoptosis"	"Intrinsic Pathway for Apoptosis"	"1/55"	"38/7644"	0.240484205774919	0.361155775092123	0.312350940620215	"PMAIP1"	1
"M4"	"Activation of NMDA receptor upon glutamate binding and postsynaptic events"	"Activation of NMDA receptor upon glutamate binding and postsynaptic events"	"1/55"	"39/7644"	0.245976365738419	0.361155775092123	0.312350940620215	"GRIA4"	1
"M4"	"Glycosphingolipid metabolism"	"Glycosphingolipid metabolism"	"1/55"	"39/7644"	0.245976365738419	0.361155775092123	0.312350940620215	"NEU4"	1
"M4"	"O-glycosylation of TSR domain-containing proteins"	"O-glycosylation of TSR domain-containing proteins"	"1/55"	"39/7644"	0.245976365738419	0.361155775092123	0.312350940620215	"SEMA5B"	1
"M4"	"Netrin-1 signaling"	"Netrin-1 signaling"	"1/55"	"42/7644"	0.262219945511783	0.378989764997498	0.327774931889728	"SLIT1"	1
"M4"	"Neurotransmitter Release Cycle"	"Neurotransmitter Release Cycle"	"1/55"	"42/7644"	0.262219945511783	0.378989764997498	0.327774931889728	"SLC6A11"	1
"M4"	"Glycogen storage diseases"	"Glycogen storage diseases"	"3/55"	"258/7644"	0.283638315339793	0.40055792624322	0.346428476750893	"BCAN/NCAN/CSPG5"	3
"M4"	"Metabolism of carbohydrates"	"Metabolism of carbohydrates"	"3/55"	"258/7644"	0.283638315339793	0.40055792624322	0.346428476750893	"BCAN/NCAN/CSPG5"	3
"M4"	"Myoclonic epilepsy of Lafora"	"Myoclonic epilepsy of Lafora"	"3/55"	"258/7644"	0.283638315339793	0.40055792624322	0.346428476750893	"BCAN/NCAN/CSPG5"	3
"M4"	"Apoptosis"	"Apoptosis"	"2/55"	"148/7644"	0.288378321672434	0.404166587192426	0.349549480815071	"MAPT/PMAIP1"	2
"M4"	"XBP1(S) activates chaperone genes"	"XBP1(S) activates chaperone genes"	"1/55"	"48/7644"	0.293683144441391	0.408506629486146	0.353303030906937	"KDELR3"	1
"M4"	"IRE1alpha activates chaperones"	"IRE1alpha activates chaperones"	"1/55"	"50/7644"	0.303875173299576	0.419529157167325	0.362836027820389	"KDELR3"	1
"M4"	"Apoptotic execution  phase"	"Apoptotic execution  phase"	"1/55"	"52/7644"	0.313922769018547	0.430190461247638	0.372056615133092	"MAPT"	1
"M4"	"Programmed Cell Death"	"Programmed Cell Death"	"2/55"	"160/7644"	0.32042441372938	0.435871445146583	0.376969898505153	"MAPT/PMAIP1"	2
"M4"	"Translocation of GLUT4 to the plasma membrane"	"Translocation of GLUT4 to the plasma membrane"	"1/55"	"60/7644"	0.352708599434126	0.476285335002287	0.41192245189387	"MYH7"	1
"M4"	"Hedgehog ligand biogenesis"	"Hedgehog ligand biogenesis"	"1/55"	"64/7644"	0.371285874507576	0.490627762742154	0.424326713722944	"DISP2"	1
"M4"	"O-linked glycosylation of mucins"	"O-linked glycosylation of mucins"	"1/55"	"64/7644"	0.371285874507576	0.490627762742154	0.424326713722944	"GCNT1"	1
"M4"	"Processing-defective Hh variants abrogate ligand secretion"	"Processing-defective Hh variants abrogate ligand secretion"	"1/55"	"64/7644"	0.371285874507576	0.490627762742154	0.424326713722944	"DISP2"	1
"M4"	"Cytosolic sensors of pathogen-associated DNA"	"Cytosolic sensors of pathogen-associated DNA"	"1/55"	"66/7644"	0.380377190888471	0.495220269046483	0.428298611067229	"DTX4"	1
"M4"	"Signaling by PDGF"	"Signaling by PDGF"	"2/55"	"184/7644"	0.383396130046798	0.495220269046483	0.428298611067229	"COL9A3/COL9A1"	2
"M4"	"Metabolism of amino acids and derivatives"	"Metabolism of amino acids and derivatives"	"2/55"	"188/7644"	0.393678474164677	0.495220269046483	0.428298611067229	"CKB/SLC6A11"	2
"M4"	"G alpha (q) signalling events"	"G alpha (q) signalling events"	"2/55"	"189/7644"	0.396237701178658	0.495220269046483	0.428298611067229	"EDNRB/DGKB"	2
"M4"	"Sphingolipid metabolism"	"Sphingolipid metabolism"	"1/55"	"71/7644"	0.402544574691609	0.495220269046483	0.428298611067229	"NEU4"	1
"M4"	"FBXW7 Mutants and NOTCH1 in Cancer"	"FBXW7 Mutants and NOTCH1 in Cancer"	"1/55"	"72/7644"	0.406883680513867	0.495220269046483	0.428298611067229	"DTX4"	1
"M4"	"Signaling by NOTCH1"	"Signaling by NOTCH1"	"1/55"	"72/7644"	0.406883680513867	0.495220269046483	0.428298611067229	"DTX4"	1
"M4"	"Signaling by NOTCH1 HD Domain Mutants in Cancer"	"Signaling by NOTCH1 HD Domain Mutants in Cancer"	"1/55"	"72/7644"	0.406883680513867	0.495220269046483	0.428298611067229	"DTX4"	1
"M4"	"Signaling by NOTCH1 HD+PEST Domain Mutants in Cancer"	"Signaling by NOTCH1 HD+PEST Domain Mutants in Cancer"	"1/55"	"72/7644"	0.406883680513867	0.495220269046483	0.428298611067229	"DTX4"	1
"M4"	"Signaling by NOTCH1 in Cancer"	"Signaling by NOTCH1 in Cancer"	"1/55"	"72/7644"	0.406883680513867	0.495220269046483	0.428298611067229	"DTX4"	1
"M4"	"Signaling by NOTCH1 PEST Domain Mutants in Cancer"	"Signaling by NOTCH1 PEST Domain Mutants in Cancer"	"1/55"	"72/7644"	0.406883680513867	0.495220269046483	0.428298611067229	"DTX4"	1
"M4"	"Signaling by NOTCH1 t(7;9)(NOTCH1:M1580_K2555) Translocation Mutant"	"Signaling by NOTCH1 t(7;9)(NOTCH1:M1580_K2555) Translocation Mutant"	"1/55"	"72/7644"	0.406883680513867	0.495220269046483	0.428298611067229	"DTX4"	1
"M4"	"Binding and Uptake of Ligands by Scavenger Receptors"	"Binding and Uptake of Ligands by Scavenger Receptors"	"1/55"	"76/7644"	0.423932817662292	0.512598505016497	0.443328436771025	"COLEC12"	1
"M4"	"Regulation of insulin secretion"	"Regulation of insulin secretion"	"1/55"	"77/7644"	0.428119352417654	0.514299222060169	0.444799327187173	"KCNJ11"	1
"M4"	"Unfolded Protein Response (UPR)"	"Unfolded Protein Response (UPR)"	"1/55"	"82/7644"	0.448608047988522	0.534600778989596	0.462357430477489	"KDELR3"	1
"M4"	"p75 NTR receptor-mediated signalling"	"p75 NTR receptor-mediated signalling"	"1/55"	"83/7644"	0.452618436425527	0.534600778989596	0.462357430477489	"LINGO1"	1
"M4"	"Signaling by WNT in cancer"	"Signaling by WNT in cancer"	"2/55"	"212/7644"	0.453688228656036	0.534600778989596	0.462357430477489	"CXXC4/WNT7A"	2
"M4"	"Gastrin-CREB signalling pathway via PKC and MAPK"	"Gastrin-CREB signalling pathway via PKC and MAPK"	"2/55"	"217/7644"	0.465783870039572	0.544965289113059	0.471321331124807	"EDNRB/DGKB"	2
"M4"	"Class B/2 (Secretin family receptors)"	"Class B/2 (Secretin family receptors)"	"1/55"	"87/7644"	0.468375572805277	0.544965289113059	0.471321331124807	"WNT7A"	1
"M4"	"Hemostasis"	"Hemostasis"	"4/55"	"497/7644"	0.484206690811614	0.556652275194425	0.481428994762746	"ATP1B2/SCG3/DGKB/HGF"	4
"M4"	"Diseases associated with visual transduction"	"Diseases associated with visual transduction"	"1/55"	"92/7644"	0.487446857197281	0.556652275194425	0.481428994762746	"RLBP1"	1
"M4"	"Visual phototransduction"	"Visual phototransduction"	"1/55"	"92/7644"	0.487446857197281	0.556652275194425	0.481428994762746	"RLBP1"	1
"M4"	"Transport of inorganic cations/anions and amino acids/oligopeptides"	"Transport of inorganic cations/anions and amino acids/oligopeptides"	"1/55"	"94/7644"	0.494885846278962	0.56168025497919	0.48577751781984	"SLC24A3"	1
"M4"	"Transport of glucose and other sugars, bile salts and organic acids, metal ions and amine compounds"	"Transport of glucose and other sugars, bile salts and organic acids, metal ions and amine compounds"	"1/55"	"97/7644"	0.50584598537851	0.57061894692088	0.493508278418058	"SLC6A11"	1
"M4"	"Cell surface interactions at the vascular wall"	"Cell surface interactions at the vascular wall"	"1/55"	"99/7644"	0.513022671413157	0.575207237645055	0.497476529855182	"ATP1B2"	1
"M4"	"Integration of energy metabolism"	"Integration of energy metabolism"	"1/55"	"104/7644"	0.53051969024612	0.591241823467061	0.511344279755296	"KCNJ11"	1
"M4"	"Signaling by Interleukins"	"Signaling by Interleukins"	"1/55"	"109/7644"	0.547399069552492	0.606400166869526	0.524454198373645	"HGF"	1
"M4"	"SLC-mediated transmembrane transport"	"SLC-mediated transmembrane transport"	"2/55"	"259/7644"	0.560989879321861	0.617756712348478	0.53427607554463	"SLC6A11/SLC24A3"	2
"M4"	"Signaling by NOTCH"	"Signaling by NOTCH"	"1/55"	"122/7644"	0.58854647725122	0.644266853795715	0.557203765444942	"DTX4"	1
"M4"	"Signaling by Wnt"	"Signaling by Wnt"	"2/55"	"286/7644"	0.615705661207175	0.670032631313691	0.579487681136165	"CXXC4/WNT7A"	2
"M4"	"Signaling by Hedgehog"	"Signaling by Hedgehog"	"1/55"	"136/7644"	0.628754199189944	0.680231151170407	0.588308022633866	"DISP2"	1
"M4"	"Membrane Trafficking"	"Membrane Trafficking"	"1/55"	"190/7644"	0.750759812305556	0.784692459189423	0.678652937677339	"MYH7"	1
"M4"	"misspliced LRP5 mutants have enhanced beta-catenin-dependent signaling"	"misspliced LRP5 mutants have enhanced beta-catenin-dependent signaling"	"1/55"	"190/7644"	0.750759812305556	0.784692459189423	0.678652937677339	"CXXC4"	1
"M4"	"Peptide ligand-binding receptors"	"Peptide ligand-binding receptors"	"1/55"	"190/7644"	0.750759812305556	0.784692459189423	0.678652937677339	"EDNRB"	1
"M4"	"RNF mutants show enhanced WNT signaling and proliferation"	"RNF mutants show enhanced WNT signaling and proliferation"	"1/55"	"190/7644"	0.750759812305556	0.784692459189423	0.678652937677339	"CXXC4"	1
"M4"	"TCF dependent signaling in response to WNT"	"TCF dependent signaling in response to WNT"	"1/55"	"190/7644"	0.750759812305556	0.784692459189423	0.678652937677339	"CXXC4"	1
"M4"	"XAV939 inhibits tankyrase, stabilizing AXIN"	"XAV939 inhibits tankyrase, stabilizing AXIN"	"1/55"	"190/7644"	0.750759812305556	0.784692459189423	0.678652937677339	"CXXC4"	1
"M4"	"Antigen processing: Ubiquitination & Proteasome degradation"	"Antigen processing: Ubiquitination & Proteasome degradation"	"1/55"	"211/7644"	0.786703677045925	0.817641462098292	0.70714937262555	"SPSB4"	1
"M4"	"Defective ACTH causes Obesity and Pro-opiomelanocortinin deficiency (POMCD)"	"Defective ACTH causes Obesity and Pro-opiomelanocortinin deficiency (POMCD)"	"2/55"	"441/7644"	0.834747060203958	0.857813288546764	0.741892573878283	"EDNRB/WNT7A"	2
"M4"	"GPCR ligand binding"	"GPCR ligand binding"	"2/55"	"441/7644"	0.834747060203958	0.857813288546764	0.741892573878283	"EDNRB/WNT7A"	2
"M4"	"Cellular responses to stress"	"Cellular responses to stress"	"1/55"	"249/7644"	0.839265974199807	0.857813288546764	0.741892573878283	"GPX8"	1
"M4"	"Class I MHC mediated antigen processing & presentation"	"Class I MHC mediated antigen processing & presentation"	"1/55"	"255/7644"	0.846308974781072	0.860259122717023	0.744007889917426	"SPSB4"	1
"M4"	"Signalling by NGF"	"Signalling by NGF"	"1/55"	"287/7644"	0.879052497205969	0.888659628322974	0.76857048936041	"LINGO1"	1
"M4"	"Cytokine Signaling in Immune system"	"Cytokine Signaling in Immune system"	"1/55"	"308/7644"	0.896708191379252	0.901269935449758	0.779476700929521	"HGF"	1
"M4"	"Class A/1 (Rhodopsin-like receptors)"	"Class A/1 (Rhodopsin-like receptors)"	"1/55"	"314/7644"	0.901269935449758	0.901269935449758	0.779476700929521	"EDNRB"	1
"M5"	"Retinoid metabolism and transport"	"Retinoid metabolism and transport"	"3/37"	"41/7644"	0.000980606707994324	0.146006546909743	0.143866100055262	"RBP1/SDC4/LRAT"	3
"M5"	"Passive transport by Aquaporins"	"Passive transport by Aquaporins"	"2/37"	"12/7644"	0.0014594866482868	0.146006546909743	0.143866100055262	"AQP4/AQP5"	2
"M5"	"Glycogen breakdown (glycogenolysis)"	"Glycogen breakdown (glycogenolysis)"	"2/37"	"14/7644"	0.00200008968369511	0.146006546909743	0.143866100055262	"PHKG1/GYG2"	2
"M5"	"Syndecan interactions"	"Syndecan interactions"	"2/37"	"20/7644"	0.0041004034061589	0.21702868571138	0.213847058739885	"ITGB4/SDC4"	2
"M5"	"The canonical retinoid cycle in rods (twilight vision)"	"The canonical retinoid cycle in rods (twilight vision)"	"2/37"	"22/7644"	0.00495499282446074	0.21702868571138	0.213847058739885	"RBP1/LRAT"	2
"M5"	"Diseases associated with visual transduction"	"Diseases associated with visual transduction"	"3/37"	"92/7644"	0.0097546621643272	0.305181573426808	0.300707630629635	"RBP1/SDC4/LRAT"	3
"M5"	"Visual phototransduction"	"Visual phototransduction"	"3/37"	"92/7644"	0.0097546621643272	0.305181573426808	0.300707630629635	"RBP1/SDC4/LRAT"	3
"M5"	"Non-integrin membrane-ECM interactions"	"Non-integrin membrane-ECM interactions"	"2/37"	"42/7644"	0.0173820531518604	0.475833705032179	0.468858012648867	"ITGB4/SDC4"	2
"M5"	"Amyloids"	"Amyloids"	"2/37"	"51/7644"	0.0250501334741558	0.480875794621819	0.473826185520178	"CST3/LTF"	2
"M5"	"Aquaporin-mediated transport"	"Aquaporin-mediated transport"	"2/37"	"51/7644"	0.0250501334741558	0.480875794621819	0.473826185520178	"AQP4/AQP5"	2
"M5"	"Glucose metabolism"	"Glucose metabolism"	"2/37"	"69/7644"	0.0436646772278185	0.480875794621819	0.473826185520178	"PHKG1/GYG2"	2
"M5"	"Calcitonin-like ligand receptors"	"Calcitonin-like ligand receptors"	"1/37"	"10/7644"	0.0473904460347727	0.480875794621819	0.473826185520178	"RAMP3"	1
"M5"	"Creatine metabolism"	"Creatine metabolism"	"1/37"	"10/7644"	0.0473904460347727	0.480875794621819	0.473826185520178	"GATM"	1
"M5"	"Gap junction degradation"	"Gap junction degradation"	"1/37"	"10/7644"	0.0473904460347727	0.480875794621819	0.473826185520178	"GJA1"	1
"M5"	"Nicotinate metabolism"	"Nicotinate metabolism"	"1/37"	"11/7644"	0.0520074952221857	0.480875794621819	0.473826185520178	"NMNAT3"	1
"M5"	"Bile salt and organic anion SLC transporters"	"Bile salt and organic anion SLC transporters"	"1/37"	"12/7644"	0.0566027687289039	0.480875794621819	0.473826185520178	"SLC47A2"	1
"M5"	"Reversible hydration of carbon dioxide"	"Reversible hydration of carbon dioxide"	"1/37"	"12/7644"	0.0566027687289039	0.480875794621819	0.473826185520178	"CA3"	1
"M5"	"Defective ACTH causes Obesity and Pro-opiomelanocortinin deficiency (POMCD)"	"Defective ACTH causes Obesity and Pro-opiomelanocortinin deficiency (POMCD)"	"5/37"	"441/7644"	0.0594645908647035	0.480875794621819	0.473826185520178	"AGT/ANXA1/GPR37L1/ADORA1/RAMP3"	5
"M5"	"GPCR ligand binding"	"GPCR ligand binding"	"5/37"	"441/7644"	0.0594645908647035	0.480875794621819	0.473826185520178	"AGT/ANXA1/GPR37L1/ADORA1/RAMP3"	5
"M5"	"Advanced glycosylation endproduct receptor signaling"	"Advanced glycosylation endproduct receptor signaling"	"1/37"	"13/7644"	0.061176366417194	0.480875794621819	0.473826185520178	"S100B"	1
"M5"	"DEx/H-box helicases activate type I IFN and inflammatory cytokines production"	"DEx/H-box helicases activate type I IFN and inflammatory cytokines production"	"1/37"	"13/7644"	0.061176366417194	0.480875794621819	0.473826185520178	"S100B"	1
"M5"	"Purine salvage"	"Purine salvage"	"1/37"	"13/7644"	0.061176366417194	0.480875794621819	0.473826185520178	"GMPR"	1
"M5"	"The activation of arylsulfatases"	"The activation of arylsulfatases"	"1/37"	"13/7644"	0.061176366417194	0.480875794621819	0.473826185520178	"ARSF"	1
"M5"	"Peptide ligand-binding receptors"	"Peptide ligand-binding receptors"	"3/37"	"190/7644"	0.0633781975751796	0.480875794621819	0.473826185520178	"AGT/ANXA1/GPR37L1"	3
"M5"	"Class A/1 (Rhodopsin-like receptors)"	"Class A/1 (Rhodopsin-like receptors)"	"4/37"	"314/7644"	0.0637007783602643	0.480875794621819	0.473826185520178	"AGT/ANXA1/GPR37L1/ADORA1"	4
"M5"	"repression of WNT target genes"	"repression of WNT target genes"	"1/37"	"14/7644"	0.0657283877043863	0.480875794621819	0.473826185520178	"TLE2"	1
"M5"	"Glycogen synthesis"	"Glycogen synthesis"	"1/37"	"15/7644"	0.0702589315647973	0.480875794621819	0.473826185520178	"GYG2"	1
"M5"	"Metabolism of Angiotensinogen to Angiotensins"	"Metabolism of Angiotensinogen to Angiotensins"	"1/37"	"16/7644"	0.074768096531648	0.480875794621819	0.473826185520178	"AGT"	1
"M5"	"Nucleotide-like (purinergic) receptors"	"Nucleotide-like (purinergic) receptors"	"1/37"	"16/7644"	0.074768096531648	0.480875794621819	0.473826185520178	"ADORA1"	1
"M5"	"Chylomicron-mediated lipid transport"	"Chylomicron-mediated lipid transport"	"1/37"	"17/7644"	0.0792559806989696	0.480875794621819	0.473826185520178	"MTTP"	1
"M5"	"L1CAM interactions"	"L1CAM interactions"	"2/37"	"97/7644"	0.0797132528648104	0.480875794621819	0.473826185520178	"CHL1/SCN4B"	2
"M5"	"Gap junction assembly"	"Gap junction assembly"	"1/37"	"19/7644"	0.0881682968266047	0.480875794621819	0.473826185520178	"GJA1"	1
"M5"	"HS-GAG degradation"	"HS-GAG degradation"	"1/37"	"21/7644"	0.0969966559881982	0.480875794621819	0.473826185520178	"SDC4"	1
"M5"	"regulation of FZD by ubiquitination"	"regulation of FZD by ubiquitination"	"1/37"	"21/7644"	0.0969966559881982	0.480875794621819	0.473826185520178	"LGR6"	1
"M5"	"RIP-mediated NFkB activation via ZBP1"	"RIP-mediated NFkB activation via ZBP1"	"1/37"	"21/7644"	0.0969966559881982	0.480875794621819	0.473826185520178	"S100B"	1
"M5"	"G alpha (i) signalling events"	"G alpha (i) signalling events"	"3/37"	"236/7644"	0.104964744019737	0.480875794621819	0.473826185520178	"AGT/ANXA1/ADORA1"	3
"M5"	"Laminin interactions"	"Laminin interactions"	"1/37"	"23/7644"	0.105741827318021	0.480875794621819	0.473826185520178	"ITGB4"	1
"M5"	"TRAF6 mediated NF-kB activation"	"TRAF6 mediated NF-kB activation"	"1/37"	"24/7644"	0.110083456026752	0.480875794621819	0.473826185520178	"S100B"	1
"M5"	"A tetrasaccharide linker sequence is required for GAG synthesis"	"A tetrasaccharide linker sequence is required for GAG synthesis"	"1/37"	"26/7644"	0.118705272775024	0.480875794621819	0.473826185520178	"SDC4"	1
"M5"	"TAK1 activates NFkB by phosphorylation and activation of IKKs complex"	"TAK1 activates NFkB by phosphorylation and activation of IKKs complex"	"1/37"	"26/7644"	0.118705272775024	0.480875794621819	0.473826185520178	"S100B"	1
"M5"	"ZBP1(DAI) mediated induction of type I IFNs"	"ZBP1(DAI) mediated induction of type I IFNs"	"1/37"	"26/7644"	0.118705272775024	0.480875794621819	0.473826185520178	"S100B"	1
"M5"	"Gap junction trafficking"	"Gap junction trafficking"	"1/37"	"28/7644"	0.127245794702812	0.480875794621819	0.473826185520178	"GJA1"	1
"M5"	"Glycogen storage diseases"	"Glycogen storage diseases"	"3/37"	"258/7644"	0.12790429717415	0.480875794621819	0.473826185520178	"SDC4/PHKG1/GYG2"	3
"M5"	"Metabolism of carbohydrates"	"Metabolism of carbohydrates"	"3/37"	"258/7644"	0.12790429717415	0.480875794621819	0.473826185520178	"SDC4/PHKG1/GYG2"	3
"M5"	"Myoclonic epilepsy of Lafora"	"Myoclonic epilepsy of Lafora"	"3/37"	"258/7644"	0.12790429717415	0.480875794621819	0.473826185520178	"SDC4/PHKG1/GYG2"	3
"M5"	"Interaction between L1 and Ankyrins"	"Interaction between L1 and Ankyrins"	"1/37"	"29/7644"	0.131485803315732	0.480875794621819	0.473826185520178	"SCN4B"	1
"M5"	"Gap junction trafficking and regulation"	"Gap junction trafficking and regulation"	"1/37"	"30/7644"	0.135705767239214	0.480875794621819	0.473826185520178	"GJA1"	1
"M5"	"Lipoprotein metabolism"	"Lipoprotein metabolism"	"1/37"	"30/7644"	0.135705767239214	0.480875794621819	0.473826185520178	"MTTP"	1
"M5"	"Molecules associated with elastic fibres"	"Molecules associated with elastic fibres"	"1/37"	"30/7644"	0.135705767239214	0.480875794621819	0.473826185520178	"LTBP4"	1
"M5"	"Extracellular matrix organization"	"Extracellular matrix organization"	"3/37"	"266/7644"	0.136669917000864	0.480875794621819	0.473826185520178	"ITGB4/LTBP4/SDC4"	3
"M5"	"HS-GAG biosynthesis"	"HS-GAG biosynthesis"	"1/37"	"31/7644"	0.139905778614595	0.480875794621819	0.473826185520178	"SDC4"	1
"M5"	"Response of Mtb to phagocytosis"	"Response of Mtb to phagocytosis"	"1/37"	"31/7644"	0.139905778614595	0.480875794621819	0.473826185520178	"LTF"	1
"M5"	"deactivation of the beta-catenin transactivating complex"	"deactivation of the beta-catenin transactivating complex"	"1/37"	"33/7644"	0.148246310230642	0.480875794621819	0.473826185520178	"TLE2"	1
"M5"	"Purine metabolism"	"Purine metabolism"	"1/37"	"33/7644"	0.148246310230642	0.480875794621819	0.473826185520178	"GMPR"	1
"M5"	"Gamma carboxylation, hypusine formation and arylsulfatase activation"	"Gamma carboxylation, hypusine formation and arylsulfatase activation"	"1/37"	"36/7644"	0.160609743510906	0.480875794621819	0.473826185520178	"ARSF"	1
"M5"	"Phagosomal maturation (early endosomal stage)"	"Phagosomal maturation (early endosomal stage)"	"1/37"	"38/7644"	0.16875484079907	0.480875794621819	0.473826185520178	"LTF"	1
"M5"	"Formation of Fibrin Clot (Clotting Cascade)"	"Formation of Fibrin Clot (Clotting Cascade)"	"1/37"	"39/7644"	0.172798499869598	0.480875794621819	0.473826185520178	"F3"	1
"M5"	"Glycosphingolipid metabolism"	"Glycosphingolipid metabolism"	"1/37"	"39/7644"	0.172798499869598	0.480875794621819	0.473826185520178	"ARSF"	1
"M5"	"Nuclear signaling by ERBB4"	"Nuclear signaling by ERBB4"	"1/37"	"39/7644"	0.172798499869598	0.480875794621819	0.473826185520178	"S100B"	1
"M5"	"Elastic fibre formation"	"Elastic fibre formation"	"1/37"	"41/7644"	0.180828481372104	0.480875794621819	0.473826185520178	"LTBP4"	1
"M5"	"Intraflagellar transport"	"Intraflagellar transport"	"1/37"	"41/7644"	0.180828481372104	0.480875794621819	0.473826185520178	"TCTEX1D1"	1
"M5"	"Vasopressin regulates renal water homeostasis via Aquaporins"	"Vasopressin regulates renal water homeostasis via Aquaporins"	"1/37"	"43/7644"	0.188782599425905	0.480875794621819	0.473826185520178	"AQP4"	1
"M5"	"Voltage gated Potassium channels"	"Voltage gated Potassium channels"	"1/37"	"43/7644"	0.188782599425905	0.480875794621819	0.473826185520178	"KCNQ4"	1
"M5"	"NOTCH1 Intracellular Domain Regulates Transcription"	"NOTCH1 Intracellular Domain Regulates Transcription"	"1/37"	"47/7644"	0.204466026948641	0.480875794621819	0.473826185520178	"TLE2"	1
"M5"	"Chondroitin sulfate/dermatan sulfate metabolism"	"Chondroitin sulfate/dermatan sulfate metabolism"	"1/37"	"50/7644"	0.216034594832988	0.480875794621819	0.473826185520178	"SDC4"	1
"M5"	"Lipid digestion, mobilization, and transport"	"Lipid digestion, mobilization, and transport"	"1/37"	"50/7644"	0.216034594832988	0.480875794621819	0.473826185520178	"MTTP"	1
"M5"	"Metabolism of amino acids and derivatives"	"Metabolism of amino acids and derivatives"	"2/37"	"188/7644"	0.23063901907864	0.480875794621819	0.473826185520178	"GATM/BBOX1"	2
"M5"	"Assembly of collagen fibrils and other multimeric structures"	"Assembly of collagen fibrils and other multimeric structures"	"1/37"	"54/7644"	0.231205025653694	0.480875794621819	0.473826185520178	"ITGB4"	1
"M5"	"Heparan sulfate/heparin (HS-GAG) metabolism"	"Heparan sulfate/heparin (HS-GAG) metabolism"	"1/37"	"54/7644"	0.231205025653694	0.480875794621819	0.473826185520178	"SDC4"	1
"M5"	"G alpha (q) signalling events"	"G alpha (q) signalling events"	"2/37"	"189/7644"	0.23243643368841	0.480875794621819	0.473826185520178	"AGT/ANXA1"	2
"M5"	"misspliced LRP5 mutants have enhanced beta-catenin-dependent signaling"	"misspliced LRP5 mutants have enhanced beta-catenin-dependent signaling"	"2/37"	"190/7644"	0.234234925561955	0.480875794621819	0.473826185520178	"TLE2/LGR6"	2
"M5"	"RNF mutants show enhanced WNT signaling and proliferation"	"RNF mutants show enhanced WNT signaling and proliferation"	"2/37"	"190/7644"	0.234234925561955	0.480875794621819	0.473826185520178	"TLE2/LGR6"	2
"M5"	"TCF dependent signaling in response to WNT"	"TCF dependent signaling in response to WNT"	"2/37"	"190/7644"	0.234234925561955	0.480875794621819	0.473826185520178	"TLE2/LGR6"	2
"M5"	"XAV939 inhibits tankyrase, stabilizing AXIN"	"XAV939 inhibits tankyrase, stabilizing AXIN"	"2/37"	"190/7644"	0.234234925561955	0.480875794621819	0.473826185520178	"TLE2/LGR6"	2
"M5"	"formation of the beta-catenin:TCF transactivating complex"	"formation of the beta-catenin:TCF transactivating complex"	"1/37"	"58/7644"	0.246089679486745	0.480875794621819	0.473826185520178	"TLE2"	1
"M5"	"Hedgehog ligand biogenesis"	"Hedgehog ligand biogenesis"	"1/37"	"64/7644"	0.267892257911601	0.480875794621819	0.473826185520178	"SCUBE2"	1
"M5"	"Processing-defective Hh variants abrogate ligand secretion"	"Processing-defective Hh variants abrogate ligand secretion"	"1/37"	"64/7644"	0.267892257911601	0.480875794621819	0.473826185520178	"SCUBE2"	1
"M5"	"Signaling by WNT in cancer"	"Signaling by WNT in cancer"	"2/37"	"212/7644"	0.273975897025307	0.480875794621819	0.473826185520178	"TLE2/LGR6"	2
"M5"	"Cytosolic sensors of pathogen-associated DNA"	"Cytosolic sensors of pathogen-associated DNA"	"1/37"	"66/7644"	0.275022509345954	0.480875794621819	0.473826185520178	"S100B"	1
"M5"	"Latent infection of Homo sapiens with Mycobacterium tuberculosis"	"Latent infection of Homo sapiens with Mycobacterium tuberculosis"	"1/37"	"68/7644"	0.282085175849976	0.480875794621819	0.473826185520178	"LTF"	1
"M5"	"Gastrin-CREB signalling pathway via PKC and MAPK"	"Gastrin-CREB signalling pathway via PKC and MAPK"	"2/37"	"217/7644"	0.283025668656628	0.480875794621819	0.473826185520178	"AGT/ANXA1"	2
"M5"	"Sphingolipid metabolism"	"Sphingolipid metabolism"	"1/37"	"71/7644"	0.292553815105725	0.480875794621819	0.473826185520178	"ARSF"	1
"M5"	"FBXW7 Mutants and NOTCH1 in Cancer"	"FBXW7 Mutants and NOTCH1 in Cancer"	"1/37"	"72/7644"	0.29601024041156	0.480875794621819	0.473826185520178	"TLE2"	1
"M5"	"Signaling by NOTCH1"	"Signaling by NOTCH1"	"1/37"	"72/7644"	0.29601024041156	0.480875794621819	0.473826185520178	"TLE2"	1
"M5"	"Signaling by NOTCH1 HD Domain Mutants in Cancer"	"Signaling by NOTCH1 HD Domain Mutants in Cancer"	"1/37"	"72/7644"	0.29601024041156	0.480875794621819	0.473826185520178	"TLE2"	1
"M5"	"Signaling by NOTCH1 HD+PEST Domain Mutants in Cancer"	"Signaling by NOTCH1 HD+PEST Domain Mutants in Cancer"	"1/37"	"72/7644"	0.29601024041156	0.480875794621819	0.473826185520178	"TLE2"	1
"M5"	"Signaling by NOTCH1 in Cancer"	"Signaling by NOTCH1 in Cancer"	"1/37"	"72/7644"	0.29601024041156	0.480875794621819	0.473826185520178	"TLE2"	1
"M5"	"Signaling by NOTCH1 PEST Domain Mutants in Cancer"	"Signaling by NOTCH1 PEST Domain Mutants in Cancer"	"1/37"	"72/7644"	0.29601024041156	0.480875794621819	0.473826185520178	"TLE2"	1
"M5"	"Signaling by NOTCH1 t(7;9)(NOTCH1:M1580_K2555) Translocation Mutant"	"Signaling by NOTCH1 t(7;9)(NOTCH1:M1580_K2555) Translocation Mutant"	"1/37"	"72/7644"	0.29601024041156	0.480875794621819	0.473826185520178	"TLE2"	1
"M5"	"TRAF6 Mediated Induction of proinflammatory cytokines"	"TRAF6 Mediated Induction of proinflammatory cytokines"	"1/37"	"75/7644"	0.306281221358904	0.480875794621819	0.473826185520178	"S100B"	1
"M5"	"Defective CYP11A1 causes Adrenal insufficiency, congenital, with 46,XY sex reversal (AICSR)"	"Defective CYP11A1 causes Adrenal insufficiency, congenital, with 46,XY sex reversal (AICSR)"	"1/37"	"78/7644"	0.316406344473877	0.480875794621819	0.473826185520178	"MAOB"	1
"M5"	"Defective CYP11B1 causes Adrenal hyperplasia 4 (AH4)"	"Defective CYP11B1 causes Adrenal hyperplasia 4 (AH4)"	"1/37"	"78/7644"	0.316406344473877	0.480875794621819	0.473826185520178	"MAOB"	1
"M5"	"Defective CYP11B2 causes Corticosterone methyloxidase 1 deficiency (CMO-1 deficiency)"	"Defective CYP11B2 causes Corticosterone methyloxidase 1 deficiency (CMO-1 deficiency)"	"1/37"	"78/7644"	0.316406344473877	0.480875794621819	0.473826185520178	"MAOB"	1
"M5"	"Defective CYP17A1 causes Adrenal hyperplasia 5 (AH5)"	"Defective CYP17A1 causes Adrenal hyperplasia 5 (AH5)"	"1/37"	"78/7644"	0.316406344473877	0.480875794621819	0.473826185520178	"MAOB"	1
"M5"	"Defective CYP19A1 causes Aromatase excess syndrome (AEXS)"	"Defective CYP19A1 causes Aromatase excess syndrome (AEXS)"	"1/37"	"78/7644"	0.316406344473877	0.480875794621819	0.473826185520178	"MAOB"	1
"M5"	"Defective CYP1B1 causes Glaucoma"	"Defective CYP1B1 causes Glaucoma"	"1/37"	"78/7644"	0.316406344473877	0.480875794621819	0.473826185520178	"MAOB"	1
"M5"	"Defective CYP21A2 causes Adrenal hyperplasia 3 (AH3)"	"Defective CYP21A2 causes Adrenal hyperplasia 3 (AH3)"	"1/37"	"78/7644"	0.316406344473877	0.480875794621819	0.473826185520178	"MAOB"	1
"M5"	"Defective CYP24A1 causes Hypercalcemia, infantile (HCAI)"	"Defective CYP24A1 causes Hypercalcemia, infantile (HCAI)"	"1/37"	"78/7644"	0.316406344473877	0.480875794621819	0.473826185520178	"MAOB"	1
"M5"	"Defective CYP26B1 causes Radiohumeral fusions with other skeletal and craniofacial anomalies (RHFCA)"	"Defective CYP26B1 causes Radiohumeral fusions with other skeletal and craniofacial anomalies (RHFCA)"	"1/37"	"78/7644"	0.316406344473877	0.480875794621819	0.473826185520178	"MAOB"	1
"M5"	"Defective CYP26C1 causes Focal facial dermal dysplasia 4 (FFDD4)"	"Defective CYP26C1 causes Focal facial dermal dysplasia 4 (FFDD4)"	"1/37"	"78/7644"	0.316406344473877	0.480875794621819	0.473826185520178	"MAOB"	1
"M5"	"Defective CYP27A1 causes Cerebrotendinous xanthomatosis (CTX)"	"Defective CYP27A1 causes Cerebrotendinous xanthomatosis (CTX)"	"1/37"	"78/7644"	0.316406344473877	0.480875794621819	0.473826185520178	"MAOB"	1
"M5"	"Defective CYP27B1 causes Rickets vitamin D-dependent 1A (VDDR1A)"	"Defective CYP27B1 causes Rickets vitamin D-dependent 1A (VDDR1A)"	"1/37"	"78/7644"	0.316406344473877	0.480875794621819	0.473826185520178	"MAOB"	1
"M5"	"Defective CYP2R1 causes Rickets vitamin D-dependent 1B (VDDR1B)"	"Defective CYP2R1 causes Rickets vitamin D-dependent 1B (VDDR1B)"	"1/37"	"78/7644"	0.316406344473877	0.480875794621819	0.473826185520178	"MAOB"	1
"M5"	"Defective CYP2U1 causes Spastic paraplegia 56, autosomal recessive (SPG56)"	"Defective CYP2U1 causes Spastic paraplegia 56, autosomal recessive (SPG56)"	"1/37"	"78/7644"	0.316406344473877	0.480875794621819	0.473826185520178	"MAOB"	1
"M5"	"Defective CYP4F22 causes Ichthyosis, congenital, autosomal recessive 5 (ARCI5)"	"Defective CYP4F22 causes Ichthyosis, congenital, autosomal recessive 5 (ARCI5)"	"1/37"	"78/7644"	0.316406344473877	0.480875794621819	0.473826185520178	"MAOB"	1
"M5"	"Defective CYP7B1 causes Spastic paraplegia 5A, autosomal recessive (SPG5A) and Congenital bile acid synthesis defect 3 (CBAS3)"	"Defective CYP7B1 causes Spastic paraplegia 5A, autosomal recessive (SPG5A) and Congenital bile acid synthesis defect 3 (CBAS3)"	"1/37"	"78/7644"	0.316406344473877	0.480875794621819	0.473826185520178	"MAOB"	1
"M5"	"Defective FMO3 causes Trimethylaminuria (TMAU)"	"Defective FMO3 causes Trimethylaminuria (TMAU)"	"1/37"	"78/7644"	0.316406344473877	0.480875794621819	0.473826185520178	"MAOB"	1
"M5"	"Defective MAOA causes Brunner syndrome (BRUNS)"	"Defective MAOA causes Brunner syndrome (BRUNS)"	"1/37"	"78/7644"	0.316406344473877	0.480875794621819	0.473826185520178	"MAOB"	1
"M5"	"Defective TBXAS1 causes Ghosal hematodiaphyseal dysplasia (GHDD)"	"Defective TBXAS1 causes Ghosal hematodiaphyseal dysplasia (GHDD)"	"1/37"	"78/7644"	0.316406344473877	0.480875794621819	0.473826185520178	"MAOB"	1
"M5"	"Metabolism of nucleotides"	"Metabolism of nucleotides"	"1/37"	"78/7644"	0.316406344473877	0.480875794621819	0.473826185520178	"GMPR"	1
"M5"	"Phase 1 - Functionalization of compounds"	"Phase 1 - Functionalization of compounds"	"1/37"	"78/7644"	0.316406344473877	0.480875794621819	0.473826185520178	"MAOB"	1
"M5"	"RIG-I/MDA5 mediated induction of IFN-alpha/beta pathways"	"RIG-I/MDA5 mediated induction of IFN-alpha/beta pathways"	"1/37"	"79/7644"	0.319749321642059	0.480875794621819	0.473826185520178	"S100B"	1
"M5"	"AMER1 mutants destabilize the destruction complex"	"AMER1 mutants destabilize the destruction complex"	"1/37"	"82/7644"	0.329683096755479	0.480875794621819	0.473826185520178	"TLE2"	1
"M5"	"APC truncation mutants are not K63 polyubiquitinated"	"APC truncation mutants are not K63 polyubiquitinated"	"1/37"	"82/7644"	0.329683096755479	0.480875794621819	0.473826185520178	"TLE2"	1
"M5"	"APC truncation mutants have impaired AXIN binding"	"APC truncation mutants have impaired AXIN binding"	"1/37"	"82/7644"	0.329683096755479	0.480875794621819	0.473826185520178	"TLE2"	1
"M5"	"AXIN missense mutants destabilize the destruction complex"	"AXIN missense mutants destabilize the destruction complex"	"1/37"	"82/7644"	0.329683096755479	0.480875794621819	0.473826185520178	"TLE2"	1
"M5"	"AXIN mutants destabilize the destruction complex, activating WNT signaling"	"AXIN mutants destabilize the destruction complex, activating WNT signaling"	"1/37"	"82/7644"	0.329683096755479	0.480875794621819	0.473826185520178	"TLE2"	1
"M5"	"Degradation of beta-catenin by the destruction complex"	"Degradation of beta-catenin by the destruction complex"	"1/37"	"82/7644"	0.329683096755479	0.480875794621819	0.473826185520178	"TLE2"	1
"M5"	"deletions in the AMER1 gene destabilize the destruction complex"	"deletions in the AMER1 gene destabilize the destruction complex"	"1/37"	"82/7644"	0.329683096755479	0.480875794621819	0.473826185520178	"TLE2"	1
"M5"	"deletions in the AXIN genes in hepatocellular carcinoma result in elevated WNT signaling"	"deletions in the AXIN genes in hepatocellular carcinoma result in elevated WNT signaling"	"1/37"	"82/7644"	0.329683096755479	0.480875794621819	0.473826185520178	"TLE2"	1
"M5"	"misspliced GSK3beta mutants stabilize beta-catenin"	"misspliced GSK3beta mutants stabilize beta-catenin"	"1/37"	"82/7644"	0.329683096755479	0.480875794621819	0.473826185520178	"TLE2"	1
"M5"	"phosphorylation site mutants of CTNNB1 are not targeted to the proteasome by the destruction complex"	"phosphorylation site mutants of CTNNB1 are not targeted to the proteasome by the destruction complex"	"1/37"	"82/7644"	0.329683096755479	0.480875794621819	0.473826185520178	"TLE2"	1
"M5"	"S33 mutants of beta-catenin aren't phosphorylated"	"S33 mutants of beta-catenin aren't phosphorylated"	"1/37"	"82/7644"	0.329683096755479	0.480875794621819	0.473826185520178	"TLE2"	1
"M5"	"S37 mutants of beta-catenin aren't phosphorylated"	"S37 mutants of beta-catenin aren't phosphorylated"	"1/37"	"82/7644"	0.329683096755479	0.480875794621819	0.473826185520178	"TLE2"	1
"M5"	"S45 mutants of beta-catenin aren't phosphorylated"	"S45 mutants of beta-catenin aren't phosphorylated"	"1/37"	"82/7644"	0.329683096755479	0.480875794621819	0.473826185520178	"TLE2"	1
"M5"	"T41 mutants of beta-catenin aren't phosphorylated"	"T41 mutants of beta-catenin aren't phosphorylated"	"1/37"	"82/7644"	0.329683096755479	0.480875794621819	0.473826185520178	"TLE2"	1
"M5"	"TCF7L2 mutants don't bind CTBP"	"TCF7L2 mutants don't bind CTBP"	"1/37"	"82/7644"	0.329683096755479	0.480875794621819	0.473826185520178	"TLE2"	1
"M5"	"truncated APC mutants destabilize the destruction complex"	"truncated APC mutants destabilize the destruction complex"	"1/37"	"82/7644"	0.329683096755479	0.480875794621819	0.473826185520178	"TLE2"	1
"M5"	"truncations of AMER1 destabilize the destruction complex"	"truncations of AMER1 destabilize the destruction complex"	"1/37"	"82/7644"	0.329683096755479	0.480875794621819	0.473826185520178	"TLE2"	1
"M5"	"Peptide hormone metabolism"	"Peptide hormone metabolism"	"1/37"	"83/7644"	0.332962880598384	0.480875794621819	0.473826185520178	"AGT"	1
"M5"	"Cell junction organization"	"Cell junction organization"	"1/37"	"85/7644"	0.339475672722178	0.480875794621819	0.473826185520178	"ITGB4"	1
"M5"	"Collagen formation"	"Collagen formation"	"1/37"	"86/7644"	0.34270882527004	0.480875794621819	0.473826185520178	"ITGB4"	1
"M5"	"MyD88 cascade initiated on plasma membrane"	"MyD88 cascade initiated on plasma membrane"	"1/37"	"86/7644"	0.34270882527004	0.480875794621819	0.473826185520178	"S100B"	1
"M5"	"Toll Like Receptor 10 (TLR10) Cascade"	"Toll Like Receptor 10 (TLR10) Cascade"	"1/37"	"86/7644"	0.34270882527004	0.480875794621819	0.473826185520178	"S100B"	1
"M5"	"Toll Like Receptor 5 (TLR5) Cascade"	"Toll Like Receptor 5 (TLR5) Cascade"	"1/37"	"86/7644"	0.34270882527004	0.480875794621819	0.473826185520178	"S100B"	1
"M5"	"TRAF6 mediated induction of NFkB and MAP kinases upon TLR7/8 or 9 activation"	"TRAF6 mediated induction of NFkB and MAP kinases upon TLR7/8 or 9 activation"	"1/37"	"86/7644"	0.34270882527004	0.480875794621819	0.473826185520178	"S100B"	1
"M5"	"Class B/2 (Secretin family receptors)"	"Class B/2 (Secretin family receptors)"	"1/37"	"87/7644"	0.345926577779302	0.480875794621819	0.473826185520178	"RAMP3"	1
"M5"	"Defective AMN causes hereditary megaloblastic anemia 1"	"Defective AMN causes hereditary megaloblastic anemia 1"	"1/37"	"87/7644"	0.345926577779302	0.480875794621819	0.473826185520178	"NMNAT3"	1
"M5"	"Defective BTD causes biotidinase deficiency"	"Defective BTD causes biotidinase deficiency"	"1/37"	"87/7644"	0.345926577779302	0.480875794621819	0.473826185520178	"NMNAT3"	1
"M5"	"Defective CD320 causes methylmalonic aciduria"	"Defective CD320 causes methylmalonic aciduria"	"1/37"	"87/7644"	0.345926577779302	0.480875794621819	0.473826185520178	"NMNAT3"	1
"M5"	"Defective CUBN causes hereditary megaloblastic anemia 1"	"Defective CUBN causes hereditary megaloblastic anemia 1"	"1/37"	"87/7644"	0.345926577779302	0.480875794621819	0.473826185520178	"NMNAT3"	1
"M5"	"Defective GIF causes intrinsic factor deficiency"	"Defective GIF causes intrinsic factor deficiency"	"1/37"	"87/7644"	0.345926577779302	0.480875794621819	0.473826185520178	"NMNAT3"	1
"M5"	"Defective HLCS causes multiple carboxylase deficiency"	"Defective HLCS causes multiple carboxylase deficiency"	"1/37"	"87/7644"	0.345926577779302	0.480875794621819	0.473826185520178	"NMNAT3"	1
"M5"	"Defective LMBRD1 causes methylmalonic aciduria and homocystinuria type cblF"	"Defective LMBRD1 causes methylmalonic aciduria and homocystinuria type cblF"	"1/37"	"87/7644"	0.345926577779302	0.480875794621819	0.473826185520178	"NMNAT3"	1
"M5"	"Defective MMAA causes methylmalonic aciduria type cblA"	"Defective MMAA causes methylmalonic aciduria type cblA"	"1/37"	"87/7644"	0.345926577779302	0.480875794621819	0.473826185520178	"NMNAT3"	1
"M5"	"Defective MMAB causes methylmalonic aciduria type cblB"	"Defective MMAB causes methylmalonic aciduria type cblB"	"1/37"	"87/7644"	0.345926577779302	0.480875794621819	0.473826185520178	"NMNAT3"	1
"M5"	"Defective MMACHC causes methylmalonic aciduria and homocystinuria type cblC"	"Defective MMACHC causes methylmalonic aciduria and homocystinuria type cblC"	"1/37"	"87/7644"	0.345926577779302	0.480875794621819	0.473826185520178	"NMNAT3"	1
"M5"	"Defective MMADHC causes methylmalonic aciduria and homocystinuria type cblD"	"Defective MMADHC causes methylmalonic aciduria and homocystinuria type cblD"	"1/37"	"87/7644"	0.345926577779302	0.480875794621819	0.473826185520178	"NMNAT3"	1
"M5"	"Defective MTR causes methylmalonic aciduria and homocystinuria type cblG"	"Defective MTR causes methylmalonic aciduria and homocystinuria type cblG"	"1/37"	"87/7644"	0.345926577779302	0.480875794621819	0.473826185520178	"NMNAT3"	1
"M5"	"Defective MTRR causes methylmalonic aciduria and homocystinuria type cblE"	"Defective MTRR causes methylmalonic aciduria and homocystinuria type cblE"	"1/37"	"87/7644"	0.345926577779302	0.480875794621819	0.473826185520178	"NMNAT3"	1
"M5"	"Defective MUT causes methylmalonic aciduria mut type"	"Defective MUT causes methylmalonic aciduria mut type"	"1/37"	"87/7644"	0.345926577779302	0.480875794621819	0.473826185520178	"NMNAT3"	1
"M5"	"Defective TCN2 causes hereditary megaloblastic anemia"	"Defective TCN2 causes hereditary megaloblastic anemia"	"1/37"	"87/7644"	0.345926577779302	0.480875794621819	0.473826185520178	"NMNAT3"	1
"M5"	"Defects in biotin (Btn) metabolism"	"Defects in biotin (Btn) metabolism"	"1/37"	"87/7644"	0.345926577779302	0.480875794621819	0.473826185520178	"NMNAT3"	1
"M5"	"Defects in cobalamin (B12) metabolism"	"Defects in cobalamin (B12) metabolism"	"1/37"	"87/7644"	0.345926577779302	0.480875794621819	0.473826185520178	"NMNAT3"	1
"M5"	"Defects in vitamin and cofactor metabolism"	"Defects in vitamin and cofactor metabolism"	"1/37"	"87/7644"	0.345926577779302	0.480875794621819	0.473826185520178	"NMNAT3"	1
"M5"	"Metabolism of vitamins and cofactors"	"Metabolism of vitamins and cofactors"	"1/37"	"87/7644"	0.345926577779302	0.480875794621819	0.473826185520178	"NMNAT3"	1
"M5"	"Metabolism of water-soluble vitamins and cofactors"	"Metabolism of water-soluble vitamins and cofactors"	"1/37"	"87/7644"	0.345926577779302	0.480875794621819	0.473826185520178	"NMNAT3"	1
"M5"	"MyD88 dependent cascade initiated on endosome"	"MyD88 dependent cascade initiated on endosome"	"1/37"	"88/7644"	0.349129001574746	0.480875794621819	0.473826185520178	"S100B"	1
"M5"	"Toll Like Receptor 7/8 (TLR7/8) Cascade"	"Toll Like Receptor 7/8 (TLR7/8) Cascade"	"1/37"	"88/7644"	0.349129001574746	0.480875794621819	0.473826185520178	"S100B"	1
"M5"	"Toll Like Receptor 9 (TLR9) Cascade"	"Toll Like Receptor 9 (TLR9) Cascade"	"1/37"	"92/7644"	0.3617868249103	0.491548263414357	0.484342196587085	"S100B"	1
"M5"	"MyD88:Mal cascade initiated on plasma membrane"	"MyD88:Mal cascade initiated on plasma membrane"	"1/37"	"96/7644"	0.374205011948071	0.491548263414357	0.484342196587085	"S100B"	1
"M5"	"Toll Like Receptor 2 (TLR2) Cascade"	"Toll Like Receptor 2 (TLR2) Cascade"	"1/37"	"96/7644"	0.374205011948071	0.491548263414357	0.484342196587085	"S100B"	1
"M5"	"Toll Like Receptor TLR1:TLR2 Cascade"	"Toll Like Receptor TLR1:TLR2 Cascade"	"1/37"	"96/7644"	0.374205011948071	0.491548263414357	0.484342196587085	"S100B"	1
"M5"	"Toll Like Receptor TLR6:TLR2 Cascade"	"Toll Like Receptor TLR6:TLR2 Cascade"	"1/37"	"96/7644"	0.374205011948071	0.491548263414357	0.484342196587085	"S100B"	1
"M5"	"Transport of glucose and other sugars, bile salts and organic acids, metal ions and amine compounds"	"Transport of glucose and other sugars, bile salts and organic acids, metal ions and amine compounds"	"1/37"	"97/7644"	0.377272634438522	0.491548263414357	0.484342196587085	"SLC47A2"	1
"M5"	"MyD88-independent cascade"	"MyD88-independent cascade"	"1/37"	"99/7644"	0.383364048624405	0.491548263414357	0.484342196587085	"S100B"	1
"M5"	"Potassium Channels"	"Potassium Channels"	"1/37"	"99/7644"	0.383364048624405	0.491548263414357	0.484342196587085	"KCNQ4"	1
"M5"	"Toll Like Receptor 3 (TLR3) Cascade"	"Toll Like Receptor 3 (TLR3) Cascade"	"1/37"	"99/7644"	0.383364048624405	0.491548263414357	0.484342196587085	"S100B"	1
"M5"	"TRIF-mediated TLR3/TLR4 signaling"	"TRIF-mediated TLR3/TLR4 signaling"	"1/37"	"99/7644"	0.383364048624405	0.491548263414357	0.484342196587085	"S100B"	1
"M5"	"Signaling by Wnt"	"Signaling by Wnt"	"2/37"	"286/7644"	0.405582378524954	0.491548263414357	0.484342196587085	"TLE2/LGR6"	2
"M5"	"PPARA activates gene expression"	"PPARA activates gene expression"	"1/37"	"111/7644"	0.418713363617515	0.491548263414357	0.484342196587085	"AGT"	1
"M5"	"Signaling by VEGF"	"Signaling by VEGF"	"1/37"	"113/7644"	0.424409953713103	0.491548263414357	0.484342196587085	"PGF"	1
"M5"	"Regulation of lipid metabolism by Peroxisome proliferator-activated receptor alpha (PPARalpha)"	"Regulation of lipid metabolism by Peroxisome proliferator-activated receptor alpha (PPARalpha)"	"1/37"	"114/7644"	0.427237842667108	0.491548263414357	0.484342196587085	"AGT"	1
"M5"	"Activated TLR4 signalling"	"Activated TLR4 signalling"	"1/37"	"115/7644"	0.430052211833286	0.491548263414357	0.484342196587085	"S100B"	1
"M5"	"Defective B3GAT3 causes JDSSDHD"	"Defective B3GAT3 causes JDSSDHD"	"1/37"	"121/7644"	0.446658011047749	0.491548263414357	0.484342196587085	"SDC4"	1
"M5"	"Defective B4GALT1 causes B4GALT1-CDG (CDG-2d)"	"Defective B4GALT1 causes B4GALT1-CDG (CDG-2d)"	"1/37"	"121/7644"	0.446658011047749	0.491548263414357	0.484342196587085	"SDC4"	1
"M5"	"Defective B4GALT7 causes EDS, progeroid type"	"Defective B4GALT7 causes EDS, progeroid type"	"1/37"	"121/7644"	0.446658011047749	0.491548263414357	0.484342196587085	"SDC4"	1
"M5"	"Defective CHST14 causes EDS, musculocontractural type"	"Defective CHST14 causes EDS, musculocontractural type"	"1/37"	"121/7644"	0.446658011047749	0.491548263414357	0.484342196587085	"SDC4"	1
"M5"	"Defective CHST3 causes SEDCJD"	"Defective CHST3 causes SEDCJD"	"1/37"	"121/7644"	0.446658011047749	0.491548263414357	0.484342196587085	"SDC4"	1
"M5"	"Defective CHST6 causes MCDC1"	"Defective CHST6 causes MCDC1"	"1/37"	"121/7644"	0.446658011047749	0.491548263414357	0.484342196587085	"SDC4"	1
"M5"	"Defective CHSY1 causes TPBS"	"Defective CHSY1 causes TPBS"	"1/37"	"121/7644"	0.446658011047749	0.491548263414357	0.484342196587085	"SDC4"	1
"M5"	"Defective EXT1 causes exostoses 1, TRPS2 and CHDS"	"Defective EXT1 causes exostoses 1, TRPS2 and CHDS"	"1/37"	"121/7644"	0.446658011047749	0.491548263414357	0.484342196587085	"SDC4"	1
"M5"	"Defective EXT2 causes exostoses 2"	"Defective EXT2 causes exostoses 2"	"1/37"	"121/7644"	0.446658011047749	0.491548263414357	0.484342196587085	"SDC4"	1
"M5"	"Defective PAPSS2 causes SEMD-PA"	"Defective PAPSS2 causes SEMD-PA"	"1/37"	"121/7644"	0.446658011047749	0.491548263414357	0.484342196587085	"SDC4"	1
"M5"	"Defective SLC26A2 causes chondrodysplasias"	"Defective SLC26A2 causes chondrodysplasias"	"1/37"	"121/7644"	0.446658011047749	0.491548263414357	0.484342196587085	"SDC4"	1
"M5"	"Diseases associated with glycosaminoglycan metabolism"	"Diseases associated with glycosaminoglycan metabolism"	"1/37"	"121/7644"	0.446658011047749	0.491548263414357	0.484342196587085	"SDC4"	1
"M5"	"Glycosaminoglycan metabolism"	"Glycosaminoglycan metabolism"	"1/37"	"121/7644"	0.446658011047749	0.491548263414357	0.484342196587085	"SDC4"	1
"M5"	"MPS I - Hurler syndrome"	"MPS I - Hurler syndrome"	"1/37"	"121/7644"	0.446658011047749	0.491548263414357	0.484342196587085	"SDC4"	1
"M5"	"MPS II - Hunter syndrome"	"MPS II - Hunter syndrome"	"1/37"	"121/7644"	0.446658011047749	0.491548263414357	0.484342196587085	"SDC4"	1
"M5"	"MPS IIIA - Sanfilippo syndrome A"	"MPS IIIA - Sanfilippo syndrome A"	"1/37"	"121/7644"	0.446658011047749	0.491548263414357	0.484342196587085	"SDC4"	1
"M5"	"MPS IIIB - Sanfilippo syndrome B"	"MPS IIIB - Sanfilippo syndrome B"	"1/37"	"121/7644"	0.446658011047749	0.491548263414357	0.484342196587085	"SDC4"	1
"M5"	"MPS IIIC - Sanfilippo syndrome C"	"MPS IIIC - Sanfilippo syndrome C"	"1/37"	"121/7644"	0.446658011047749	0.491548263414357	0.484342196587085	"SDC4"	1
"M5"	"MPS IIID - Sanfilippo syndrome D"	"MPS IIID - Sanfilippo syndrome D"	"1/37"	"121/7644"	0.446658011047749	0.491548263414357	0.484342196587085	"SDC4"	1
"M5"	"MPS IV - Morquio syndrome A"	"MPS IV - Morquio syndrome A"	"1/37"	"121/7644"	0.446658011047749	0.491548263414357	0.484342196587085	"SDC4"	1
"M5"	"MPS IV - Morquio syndrome B"	"MPS IV - Morquio syndrome B"	"1/37"	"121/7644"	0.446658011047749	0.491548263414357	0.484342196587085	"SDC4"	1
"M5"	"MPS IX - Natowicz syndrome"	"MPS IX - Natowicz syndrome"	"1/37"	"121/7644"	0.446658011047749	0.491548263414357	0.484342196587085	"SDC4"	1
"M5"	"MPS VII - Sly syndrome"	"MPS VII - Sly syndrome"	"1/37"	"121/7644"	0.446658011047749	0.491548263414357	0.484342196587085	"SDC4"	1
"M5"	"MPS VI - Maroteaux-Lamy syndrome"	"MPS VI - Maroteaux-Lamy syndrome"	"1/37"	"121/7644"	0.446658011047749	0.491548263414357	0.484342196587085	"SDC4"	1
"M5"	"Mucopolysaccharidoses"	"Mucopolysaccharidoses"	"1/37"	"121/7644"	0.446658011047749	0.491548263414357	0.484342196587085	"SDC4"	1
"M5"	"Signaling by NOTCH"	"Signaling by NOTCH"	"1/37"	"122/7644"	0.449379485671069	0.49207053680982	0.484856813487206	"TLE2"	1
"M5"	"Toll Like Receptor 4 (TLR4) Cascade"	"Toll Like Receptor 4 (TLR4) Cascade"	"1/37"	"124/7644"	0.454783420915024	0.495510294429802	0.488246144475412	"S100B"	1
"M5"	"G alpha (s) signalling events"	"G alpha (s) signalling events"	"1/37"	"126/7644"	0.460135740206489	0.498860035174362	0.491546778229965	"RAMP3"	1
"M5"	"Cell-Cell communication"	"Cell-Cell communication"	"1/37"	"130/7644"	0.470687444383834	0.507785962167782	0.500341851691398	"ITGB4"	1
"M5"	"Axon guidance"	"Axon guidance"	"2/37"	"327/7644"	0.474074632315582	0.508933061162316	0.501472134286348	"CHL1/SCN4B"	2
"M5"	"Signaling by Hedgehog"	"Signaling by Hedgehog"	"1/37"	"136/7644"	0.486139727282208	0.519339513535627	0.511726028718114	"SCUBE2"	1
"M5"	"Toll-Like Receptors Cascades"	"Toll-Like Receptors Cascades"	"1/37"	"144/7644"	0.506061593713092	0.537997519529938	0.530110509510393	"S100B"	1
"M5"	"Signaling by ERBB4"	"Signaling by ERBB4"	"1/37"	"154/7644"	0.529909311710638	0.560628692099661	0.552409910504352	"S100B"	1
"M5"	"Biological oxidations"	"Biological oxidations"	"1/37"	"174/7644"	0.574290902225033	0.604662055708087	0.595797747753703	"MAOB"	1
"M5"	"Assembly of the primary cilium"	"Assembly of the primary cilium"	"1/37"	"179/7644"	0.58473274101	0.612710384120526	0.603728088174515	"TCTEX1D1"	1
"M5"	"Fatty acid, triacylglycerol, and ketone body metabolism"	"Fatty acid, triacylglycerol, and ketone body metabolism"	"1/37"	"181/7644"	0.588839327746183	0.614075298935305	0.605072993423396	"AGT"	1
"M5"	"Membrane Trafficking"	"Membrane Trafficking"	"1/37"	"190/7644"	0.606835179804719	0.629843148707267	0.620609687502955	"GJA1"	1
"M5"	"Antigen processing: Ubiquitination & Proteasome degradation"	"Antigen processing: Ubiquitination & Proteasome degradation"	"1/37"	"211/7644"	0.645896511980912	0.667223283602924	0.657441831956738	"FBXO17"	1
"M5"	"Diseases of glycosylation"	"Diseases of glycosylation"	"1/37"	"227/7644"	0.673096632022228	0.692057100529897	0.681911586679302	"SDC4"	1
"M5"	"Class I MHC mediated antigen processing & presentation"	"Class I MHC mediated antigen processing & presentation"	"1/37"	"255/7644"	0.715884798505826	0.732611078844748	0.721871046206072	"FBXO17"	1
"M5"	"SLC-mediated transmembrane transport"	"SLC-mediated transmembrane transport"	"1/37"	"259/7644"	0.72153409837008	0.734957988572314	0.724183550383679	"SLC47A2"	1
"M5"	"Post-translational protein modification"	"Post-translational protein modification"	"1/37"	"278/7644"	0.746909634211877	0.756353342422246	0.745265249683059	"ARSF"	1
"M5"	"Neuronal System"	"Neuronal System"	"1/37"	"280/7644"	0.749446005961769	0.756353342422246	0.745265249683059	"KCNQ4"	1
"M5"	"Organelle biogenesis and maintenance"	"Organelle biogenesis and maintenance"	"1/37"	"324/7644"	0.799384448815194	0.803051349956548	0.791278667344832	"TCTEX1D1"	1
"M5"	"Hemostasis"	"Hemostasis"	"1/37"	"497/7644"	0.917381969616485	0.917381969616485	0.903933207264501	"F3"	1
"M6"	"Cell Cycle, Mitotic"	"Cell Cycle, Mitotic"	"15/53"	"445/7644"	1.90486125053844e-07	5.16217398895916e-05	4.73207636975864e-05	"TOP2A/CDKN2C/BIRC5/CENPF/MYBL2/UBE2C/SPC24/AURKB/NEK2/CDC45/ESCO2/SKA1/E2F2/MCM10/CDC25C"	15
"M6"	"Activation of ATR in response to replication stress"	"Activation of ATR in response to replication stress"	"4/53"	"37/7644"	0.000114847938853217	0.0149401589343236	0.0136953874868921	"CDC45/MCM10/CLSPN/CDC25C"	4
"M6"	"Polo-like kinase mediated events"	"Polo-like kinase mediated events"	"3/53"	"16/7644"	0.000165389213295096	0.0149401589343236	0.0136953874868921	"CENPF/MYBL2/CDC25C"	3
"M6"	"G2/M Checkpoints"	"G2/M Checkpoints"	"4/53"	"44/7644"	0.000227746166103503	0.0154298027535123	0.0141442355790597	"CDC45/MCM10/CLSPN/CDC25C"	4
"M6"	"Mitotic G1-G1/S phases"	"Mitotic G1-G1/S phases"	"6/53"	"135/7644"	0.000315288602478789	0.0170886422543504	0.015664865302104	"TOP2A/CDKN2C/MYBL2/CDC45/E2F2/MCM10"	6
"M6"	"Resolution of Sister Chromatid Cohesion"	"Resolution of Sister Chromatid Cohesion"	"5/53"	"100/7644"	0.000604728682764266	0.027313578838186	0.0250378893214678	"BIRC5/CENPF/SPC24/AURKB/SKA1"	5
"M6"	"Separation of Sister Chromatids"	"Separation of Sister Chromatids"	"6/53"	"161/7644"	0.000805382766604541	0.0290884495669628	0.0266648828813487	"BIRC5/CENPF/UBE2C/SPC24/AURKB/SKA1"	6
"M6"	"Mitotic Prometaphase"	"Mitotic Prometaphase"	"5/53"	"108/7644"	0.000858699618212924	0.0290884495669628	0.0266648828813487	"BIRC5/CENPF/SPC24/AURKB/SKA1"	5
"M6"	"Mitotic Anaphase"	"Mitotic Anaphase"	"6/53"	"172/7644"	0.00113667611846897	0.0315162438510926	0.028890400267461	"BIRC5/CENPF/UBE2C/SPC24/AURKB/SKA1"	6
"M6"	"Mitotic Metaphase and Anaphase"	"Mitotic Metaphase and Anaphase"	"6/53"	"173/7644"	0.0011713139388717	0.0315162438510926	0.028890400267461	"BIRC5/CENPF/UBE2C/SPC24/AURKB/SKA1"	6
"M6"	"Cell Cycle Checkpoints"	"Cell Cycle Checkpoints"	"5/53"	"118/7644"	0.00127925713048715	0.0315162438510926	0.028890400267461	"UBE2C/CDC45/MCM10/CLSPN/CDC25C"	5
"M6"	"Cellular responses to stress"	"Cellular responses to stress"	"6/53"	"249/7644"	0.00716512007513461	0.161095762179882	0.147673722565361	"CDKN2C/UBE2C/SOD3/CBX2/E2F2/COL4A6"	6
"M6"	"G2/M Transition"	"G2/M Transition"	"4/53"	"114/7644"	0.00783491394133457	0.161095762179882	0.147673722565361	"CENPF/MYBL2/NEK2/CDC25C"	4
"M6"	"Mitotic G2-G2/M phases"	"Mitotic G2-G2/M phases"	"4/53"	"116/7644"	0.00832229029711566	0.161095762179882	0.147673722565361	"CENPF/MYBL2/NEK2/CDC25C"	4
"M6"	"HS-GAG degradation"	"HS-GAG degradation"	"2/53"	"21/7644"	0.00910487928676309	0.164494819114186	0.150789579766743	"GPC2/GPC5"	2
"M6"	"M Phase"	"M Phase"	"6/53"	"266/7644"	0.00977556027825176	0.165573552212889	0.151778435899172	"BIRC5/CENPF/UBE2C/SPC24/AURKB/SKA1"	6
"M6"	"APC-Cdc20 mediated degradation of Nek2A"	"APC-Cdc20 mediated degradation of Nek2A"	"2/53"	"23/7644"	0.0108727085444991	0.173323765621133	0.158882923622402	"UBE2C/NEK2"	2
"M6"	"G0 and Early G1"	"G0 and Early G1"	"2/53"	"25/7644"	0.0127792244552624	0.192398323743118	0.176368243943973	"TOP2A/MYBL2"	2
"M6"	"A tetrasaccharide linker sequence is required for GAG synthesis"	"A tetrasaccharide linker sequence is required for GAG synthesis"	"2/53"	"26/7644"	0.01378322992911	0.196592384778358	0.180212867771189	"GPC2/GPC5"	2
"M6"	"Kinesins"	"Kinesins"	"2/53"	"27/7644"	0.0148204052766327	0.200816491498374	0.184085033962386	"KIFC1/KIF26A"	2
"M6"	"Activation of the pre-replicative complex"	"Activation of the pre-replicative complex"	"2/53"	"30/7644"	0.0181260747258946	0.204153235604905	0.187143770063149	"CDC45/MCM10"	2
"M6"	"DNA Replication Pre-Initiation"	"DNA Replication Pre-Initiation"	"3/53"	"82/7644"	0.018970007320206	0.204153235604905	0.187143770063149	"CDC45/E2F2/MCM10"	3
"M6"	"M/G1 Transition"	"M/G1 Transition"	"3/53"	"82/7644"	0.018970007320206	0.204153235604905	0.187143770063149	"CDC45/E2F2/MCM10"	3
"M6"	"HS-GAG biosynthesis"	"HS-GAG biosynthesis"	"2/53"	"31/7644"	0.0192910784430199	0.204153235604905	0.187143770063149	"GPC2/GPC5"	2
"M6"	"APC/C-mediated degradation of cell cycle proteins"	"APC/C-mediated degradation of cell cycle proteins"	"3/53"	"83/7644"	0.0195866572905075	0.204153235604905	0.187143770063149	"UBE2C/AURKB/NEK2"	3
"M6"	"Regulation of mitotic cell cycle"	"Regulation of mitotic cell cycle"	"3/53"	"83/7644"	0.0195866572905075	0.204153235604905	0.187143770063149	"UBE2C/AURKB/NEK2"	3
"M6"	"Oncogene Induced Senescence"	"Oncogene Induced Senescence"	"2/53"	"32/7644"	0.0204868510310315	0.205627282570723	0.18849500363834	"CDKN2C/E2F2"	2
"M6"	"Cellular Senescence"	"Cellular Senescence"	"4/53"	"159/7644"	0.0239759556506839	0.231060895116814	0.211809560099313	"CDKN2C/UBE2C/CBX2/E2F2"	4
"M6"	"Oxidative Stress Induced Senescence"	"Oxidative Stress Induced Senescence"	"3/53"	"91/7644"	0.0249181394102119	0.231060895116814	0.211809560099313	"CDKN2C/CBX2/E2F2"	3
"M6"	"Cyclin D associated events in G1"	"Cyclin D associated events in G1"	"2/53"	"38/7644"	0.0282818895623294	0.231060895116814	0.211809560099313	"CDKN2C/E2F2"	2
"M6"	"G1 Phase"	"G1 Phase"	"2/53"	"38/7644"	0.0282818895623294	0.231060895116814	0.211809560099313	"CDKN2C/E2F2"	2
"M6"	"Retinoid metabolism and transport"	"Retinoid metabolism and transport"	"2/53"	"41/7644"	0.0325581299835779	0.231060895116814	0.211809560099313	"GPC2/GPC5"	2
"M6"	"Iron uptake and transport"	"Iron uptake and transport"	"2/53"	"43/7644"	0.0355412820730954	0.231060895116814	0.211809560099313	"HEPH/STEAP2"	2
"M6"	"DNA Replication"	"DNA Replication"	"3/53"	"105/7644"	0.0359495159700961	0.231060895116814	0.211809560099313	"CDC45/E2F2/MCM10"	3
"M6"	"Chondroitin sulfate/dermatan sulfate metabolism"	"Chondroitin sulfate/dermatan sulfate metabolism"	"2/53"	"50/7644"	0.0467638797731397	0.231060895116814	0.211809560099313	"GPC2/GPC5"	2
"M6"	"Defective B3GAT3 causes JDSSDHD"	"Defective B3GAT3 causes JDSSDHD"	"3/53"	"121/7644"	0.0511573937528002	0.231060895116814	0.211809560099313	"PRELP/GPC2/GPC5"	3
"M6"	"Defective B4GALT1 causes B4GALT1-CDG (CDG-2d)"	"Defective B4GALT1 causes B4GALT1-CDG (CDG-2d)"	"3/53"	"121/7644"	0.0511573937528002	0.231060895116814	0.211809560099313	"PRELP/GPC2/GPC5"	3
"M6"	"Defective B4GALT7 causes EDS, progeroid type"	"Defective B4GALT7 causes EDS, progeroid type"	"3/53"	"121/7644"	0.0511573937528002	0.231060895116814	0.211809560099313	"PRELP/GPC2/GPC5"	3
"M6"	"Defective CHST14 causes EDS, musculocontractural type"	"Defective CHST14 causes EDS, musculocontractural type"	"3/53"	"121/7644"	0.0511573937528002	0.231060895116814	0.211809560099313	"PRELP/GPC2/GPC5"	3
"M6"	"Defective CHST3 causes SEDCJD"	"Defective CHST3 causes SEDCJD"	"3/53"	"121/7644"	0.0511573937528002	0.231060895116814	0.211809560099313	"PRELP/GPC2/GPC5"	3
"M6"	"Defective CHST6 causes MCDC1"	"Defective CHST6 causes MCDC1"	"3/53"	"121/7644"	0.0511573937528002	0.231060895116814	0.211809560099313	"PRELP/GPC2/GPC5"	3
"M6"	"Defective CHSY1 causes TPBS"	"Defective CHSY1 causes TPBS"	"3/53"	"121/7644"	0.0511573937528002	0.231060895116814	0.211809560099313	"PRELP/GPC2/GPC5"	3
"M6"	"Defective EXT1 causes exostoses 1, TRPS2 and CHDS"	"Defective EXT1 causes exostoses 1, TRPS2 and CHDS"	"3/53"	"121/7644"	0.0511573937528002	0.231060895116814	0.211809560099313	"PRELP/GPC2/GPC5"	3
"M6"	"Defective EXT2 causes exostoses 2"	"Defective EXT2 causes exostoses 2"	"3/53"	"121/7644"	0.0511573937528002	0.231060895116814	0.211809560099313	"PRELP/GPC2/GPC5"	3
"M6"	"Defective PAPSS2 causes SEMD-PA"	"Defective PAPSS2 causes SEMD-PA"	"3/53"	"121/7644"	0.0511573937528002	0.231060895116814	0.211809560099313	"PRELP/GPC2/GPC5"	3
"M6"	"Defective SLC26A2 causes chondrodysplasias"	"Defective SLC26A2 causes chondrodysplasias"	"3/53"	"121/7644"	0.0511573937528002	0.231060895116814	0.211809560099313	"PRELP/GPC2/GPC5"	3
"M6"	"Diseases associated with glycosaminoglycan metabolism"	"Diseases associated with glycosaminoglycan metabolism"	"3/53"	"121/7644"	0.0511573937528002	0.231060895116814	0.211809560099313	"PRELP/GPC2/GPC5"	3
"M6"	"Glycosaminoglycan metabolism"	"Glycosaminoglycan metabolism"	"3/53"	"121/7644"	0.0511573937528002	0.231060895116814	0.211809560099313	"PRELP/GPC2/GPC5"	3
"M6"	"MPS I - Hurler syndrome"	"MPS I - Hurler syndrome"	"3/53"	"121/7644"	0.0511573937528002	0.231060895116814	0.211809560099313	"PRELP/GPC2/GPC5"	3
"M6"	"MPS II - Hunter syndrome"	"MPS II - Hunter syndrome"	"3/53"	"121/7644"	0.0511573937528002	0.231060895116814	0.211809560099313	"PRELP/GPC2/GPC5"	3
"M6"	"MPS IIIA - Sanfilippo syndrome A"	"MPS IIIA - Sanfilippo syndrome A"	"3/53"	"121/7644"	0.0511573937528002	0.231060895116814	0.211809560099313	"PRELP/GPC2/GPC5"	3
"M6"	"MPS IIIB - Sanfilippo syndrome B"	"MPS IIIB - Sanfilippo syndrome B"	"3/53"	"121/7644"	0.0511573937528002	0.231060895116814	0.211809560099313	"PRELP/GPC2/GPC5"	3
"M6"	"MPS IIIC - Sanfilippo syndrome C"	"MPS IIIC - Sanfilippo syndrome C"	"3/53"	"121/7644"	0.0511573937528002	0.231060895116814	0.211809560099313	"PRELP/GPC2/GPC5"	3
"M6"	"MPS IIID - Sanfilippo syndrome D"	"MPS IIID - Sanfilippo syndrome D"	"3/53"	"121/7644"	0.0511573937528002	0.231060895116814	0.211809560099313	"PRELP/GPC2/GPC5"	3
"M6"	"MPS IV - Morquio syndrome A"	"MPS IV - Morquio syndrome A"	"3/53"	"121/7644"	0.0511573937528002	0.231060895116814	0.211809560099313	"PRELP/GPC2/GPC5"	3
"M6"	"MPS IV - Morquio syndrome B"	"MPS IV - Morquio syndrome B"	"3/53"	"121/7644"	0.0511573937528002	0.231060895116814	0.211809560099313	"PRELP/GPC2/GPC5"	3
"M6"	"MPS IX - Natowicz syndrome"	"MPS IX - Natowicz syndrome"	"3/53"	"121/7644"	0.0511573937528002	0.231060895116814	0.211809560099313	"PRELP/GPC2/GPC5"	3
"M6"	"MPS VII - Sly syndrome"	"MPS VII - Sly syndrome"	"3/53"	"121/7644"	0.0511573937528002	0.231060895116814	0.211809560099313	"PRELP/GPC2/GPC5"	3
"M6"	"MPS VI - Maroteaux-Lamy syndrome"	"MPS VI - Maroteaux-Lamy syndrome"	"3/53"	"121/7644"	0.0511573937528002	0.231060895116814	0.211809560099313	"PRELP/GPC2/GPC5"	3
"M6"	"Mucopolysaccharidoses"	"Mucopolysaccharidoses"	"3/53"	"121/7644"	0.0511573937528002	0.231060895116814	0.211809560099313	"PRELP/GPC2/GPC5"	3
"M6"	"Assembly of collagen fibrils and other multimeric structures"	"Assembly of collagen fibrils and other multimeric structures"	"2/53"	"54/7644"	0.0536848582434871	0.234654783612662	0.215104016052003	"COL4A5/COL4A6"	2
"M6"	"Heparan sulfate/heparin (HS-GAG) metabolism"	"Heparan sulfate/heparin (HS-GAG) metabolism"	"2/53"	"54/7644"	0.0536848582434871	0.234654783612662	0.215104016052003	"GPC2/GPC5"	2
"M6"	"Collagen biosynthesis and modifying enzymes"	"Collagen biosynthesis and modifying enzymes"	"2/53"	"64/7644"	0.0724210527691217	0.28582418376705	0.262010127671485	"COL4A5/COL4A6"	2
"M6"	"CDC6 association with the ORC:origin complex"	"CDC6 association with the ORC:origin complex"	"1/53"	"11/7644"	0.0737257180951697	0.28582418376705	0.262010127671485	"E2F2"	1
"M6"	"Establishment of Sister Chromatid Cohesion"	"Establishment of Sister Chromatid Cohesion"	"1/53"	"11/7644"	0.0737257180951697	0.28582418376705	0.262010127671485	"ESCO2"	1
"M6"	"FGFR1c ligand binding and activation"	"FGFR1c ligand binding and activation"	"1/53"	"11/7644"	0.0737257180951697	0.28582418376705	0.262010127671485	"FGF1"	1
"M6"	"Signaling by activated point mutants of FGFR1"	"Signaling by activated point mutants of FGFR1"	"1/53"	"11/7644"	0.0737257180951697	0.28582418376705	0.262010127671485	"FGF1"	1
"M6"	"Unwinding of DNA"	"Unwinding of DNA"	"1/53"	"11/7644"	0.0737257180951697	0.28582418376705	0.262010127671485	"CDC45"	1
"M6"	"Eicosanoids"	"Eicosanoids"	"1/53"	"12/7644"	0.0801573356689881	0.28582418376705	0.262010127671485	"CYP4F11"	1
"M6"	"FGFR3c ligand binding and activation"	"FGFR3c ligand binding and activation"	"1/53"	"12/7644"	0.0801573356689881	0.28582418376705	0.262010127671485	"FGF1"	1
"M6"	"FGFR3 ligand binding and activation"	"FGFR3 ligand binding and activation"	"1/53"	"12/7644"	0.0801573356689881	0.28582418376705	0.262010127671485	"FGF1"	1
"M6"	"Glutathione synthesis and recycling"	"Glutathione synthesis and recycling"	"1/53"	"12/7644"	0.0801573356689881	0.28582418376705	0.262010127671485	"OPLAH"	1
"M6"	"Keratan sulfate degradation"	"Keratan sulfate degradation"	"1/53"	"12/7644"	0.0801573356689881	0.28582418376705	0.262010127671485	"PRELP"	1
"M6"	"Miscellaneous substrates"	"Miscellaneous substrates"	"1/53"	"12/7644"	0.0801573356689881	0.28582418376705	0.262010127671485	"CYP4F11"	1
"M6"	"Signaling by activated point mutants of FGFR3"	"Signaling by activated point mutants of FGFR3"	"1/53"	"12/7644"	0.0801573356689881	0.28582418376705	0.262010127671485	"FGF1"	1
"M6"	"Signaling by FGFR3 mutants"	"Signaling by FGFR3 mutants"	"1/53"	"12/7644"	0.0801573356689881	0.28582418376705	0.262010127671485	"FGF1"	1
"M6"	"APC/C:Cdh1 mediated degradation of Cdc20 and other APC/C:Cdh1 targeted proteins in late mitosis/early G1"	"APC/C:Cdh1 mediated degradation of Cdc20 and other APC/C:Cdh1 targeted proteins in late mitosis/early G1"	"2/53"	"69/7644"	0.0824745635051875	0.290267619609167	0.266083349107645	"UBE2C/AURKB"	2
"M6"	"APC:Cdc20 mediated degradation of cell cycle proteins prior to satisfation of the cell cycle checkpoint"	"APC:Cdc20 mediated degradation of cell cycle proteins prior to satisfation of the cell cycle checkpoint"	"2/53"	"70/7644"	0.0845348232465408	0.293171634477457	0.268745409736569	"UBE2C/NEK2"	2
"M6"	"FGFR2c ligand binding and activation"	"FGFR2c ligand binding and activation"	"1/53"	"13/7644"	0.0865451319490647	0.293171634477457	0.268745409736569	"FGF1"	1
"M6"	"FGFR4 ligand binding and activation"	"FGFR4 ligand binding and activation"	"1/53"	"13/7644"	0.0865451319490647	0.293171634477457	0.268745409736569	"FGF1"	1
"M6"	"APC/C:Cdc20 mediated degradation of mitotic proteins"	"APC/C:Cdc20 mediated degradation of mitotic proteins"	"2/53"	"72/7644"	0.0887023895461074	0.296769723049322	0.272043715826918	"UBE2C/NEK2"	2
"M6"	"Activation of APC/C and APC/C:Cdc20 mediated degradation of mitotic proteins"	"Activation of APC/C and APC/C:Cdc20 mediated degradation of mitotic proteins"	"2/53"	"73/7644"	0.0908090837414601	0.29967889698912	0.27471050568822	"UBE2C/NEK2"	2
"M6"	"FGFR1 ligand binding and activation"	"FGFR1 ligand binding and activation"	"1/53"	"14/7644"	0.0928893998047458	0.29967889698912	0.27471050568822	"FGF1"	1
"M6"	"Glycogen breakdown (glycogenolysis)"	"Glycogen breakdown (glycogenolysis)"	"1/53"	"14/7644"	0.0928893998047458	0.29967889698912	0.27471050568822	"PYGM"	1
"M6"	"Regulation of DNA replication"	"Regulation of DNA replication"	"2/53"	"75/7644"	0.0950667883630977	0.303095289957641	0.277842254534874	"E2F2/MCM10"	2
"M6"	"Senescence-Associated Secretory Phenotype (SASP)"	"Senescence-Associated Secretory Phenotype (SASP)"	"2/53"	"76/7644"	0.0972172063374959	0.305461438414261	0.28001126224807	"CDKN2C/UBE2C"	2
"M6"	"Association of licensing factors with the pre-replicative complex"	"Association of licensing factors with the pre-replicative complex"	"1/53"	"15/7644"	0.0991904301861807	0.305461438414261	0.28001126224807	"E2F2"	1
"M6"	"Fatty acids"	"Fatty acids"	"1/53"	"15/7644"	0.0991904301861807	0.305461438414261	0.28001126224807	"CYP4F11"	1
"M6"	"Glycogen storage diseases"	"Glycogen storage diseases"	"4/53"	"258/7644"	0.102885288732243	0.306394651059757	0.280866722276569	"PRELP/GPC2/PYGM/GPC5"	4
"M6"	"Metabolism of carbohydrates"	"Metabolism of carbohydrates"	"4/53"	"258/7644"	0.102885288732243	0.306394651059757	0.280866722276569	"PRELP/GPC2/PYGM/GPC5"	4
"M6"	"Myoclonic epilepsy of Lafora"	"Myoclonic epilepsy of Lafora"	"4/53"	"258/7644"	0.102885288732243	0.306394651059757	0.280866722276569	"PRELP/GPC2/PYGM/GPC5"	4
"M6"	"Activated point mutants of FGFR2"	"Activated point mutants of FGFR2"	"1/53"	"17/7644"	0.111663932804814	0.309232971111877	0.283468561594107	"FGF1"	1
"M6"	"Conversion from APC/C:Cdc20 to APC/C:Cdh1 in late anaphase"	"Conversion from APC/C:Cdc20 to APC/C:Cdh1 in late anaphase"	"1/53"	"17/7644"	0.111663932804814	0.309232971111877	0.283468561594107	"UBE2C"	1
"M6"	"FGFR2 ligand binding and activation"	"FGFR2 ligand binding and activation"	"1/53"	"17/7644"	0.111663932804814	0.309232971111877	0.283468561594107	"FGF1"	1
"M6"	"G1/S-Specific Transcription"	"G1/S-Specific Transcription"	"1/53"	"17/7644"	0.111663932804814	0.309232971111877	0.283468561594107	"CDC45"	1
"M6"	"Phosphorylation of the APC/C"	"Phosphorylation of the APC/C"	"1/53"	"17/7644"	0.111663932804814	0.309232971111877	0.283468561594107	"UBE2C"	1
"M6"	"Signaling by FGFR2 mutants"	"Signaling by FGFR2 mutants"	"1/53"	"17/7644"	0.111663932804814	0.309232971111877	0.283468561594107	"FGF1"	1
"M6"	"Extracellular matrix organization"	"Extracellular matrix organization"	"4/53"	"266/7644"	0.11182594527293	0.309232971111877	0.283468561594107	"MMP16/DDR2/COL4A5/COL4A6"	4
"M6"	"Activation of SMO"	"Activation of SMO"	"1/53"	"18/7644"	0.117836977456885	0.314265803898789	0.288082073102016	"CDON"	1
"M6"	"Inactivation of APC/C via direct inhibition of the APC/C complex"	"Inactivation of APC/C via direct inhibition of the APC/C complex"	"1/53"	"18/7644"	0.117836977456885	0.314265803898789	0.288082073102016	"UBE2C"	1
"M6"	"Inhibition of the proteolytic activity of APC/C required for the onset of anaphase by mitotic spindle checkpoint components"	"Inhibition of the proteolytic activity of APC/C required for the onset of anaphase by mitotic spindle checkpoint components"	"1/53"	"18/7644"	0.117836977456885	0.314265803898789	0.288082073102016	"UBE2C"	1
"M6"	"Collagen formation"	"Collagen formation"	"2/53"	"86/7644"	0.119444198529798	0.314265803898789	0.288082073102016	"COL4A5/COL4A6"	2
"M6"	"Constitutive PI3K/AKT Signaling in Cancer"	"Constitutive PI3K/AKT Signaling in Cancer"	"2/53"	"86/7644"	0.119444198529798	0.314265803898789	0.288082073102016	"FGF1/PDGFRA"	2
"M6"	"Mitotic Spindle Checkpoint"	"Mitotic Spindle Checkpoint"	"1/53"	"19/7644"	0.123967929488722	0.323031816263881	0.296117726309093	"UBE2C"	1
"M6"	"Diseases associated with visual transduction"	"Diseases associated with visual transduction"	"2/53"	"92/7644"	0.133337678696702	0.338388699805086	0.310195118096719	"GPC2/GPC5"	2
"M6"	"Visual phototransduction"	"Visual phototransduction"	"2/53"	"92/7644"	0.133337678696702	0.338388699805086	0.310195118096719	"GPC2/GPC5"	2
"M6"	"Signaling by PDGF"	"Signaling by PDGF"	"3/53"	"184/7644"	0.134719289625036	0.338388699805086	0.310195118096719	"FGF1/PDGFRA/COL4A5"	3
"M6"	"APC/C:Cdc20 mediated degradation of Cyclin B"	"APC/C:Cdc20 mediated degradation of Cyclin B"	"1/53"	"21/7644"	0.136104679995403	0.338388699805086	0.310195118096719	"UBE2C"	1
"M6"	"Synthesis of Leukotrienes (LT) and Eoxins (EX)"	"Synthesis of Leukotrienes (LT) and Eoxins (EX)"	"1/53"	"21/7644"	0.136104679995403	0.338388699805086	0.310195118096719	"CYP4F11"	1
"M6"	"Transport of inorganic cations/anions and amino acids/oligopeptides"	"Transport of inorganic cations/anions and amino acids/oligopeptides"	"2/53"	"94/7644"	0.138049420791263	0.340103573040293	0.311767112983139	"SLC4A4/SLC24A4"	2
"M6"	"Cyclin A/B1 associated events during G2/M transition"	"Cyclin A/B1 associated events during G2/M transition"	"1/53"	"22/7644"	0.142111036017999	0.34695577262052	0.31804840683023	"CDC25C"	1
"M6"	"FGFR ligand binding and activation"	"FGFR ligand binding and activation"	"1/53"	"23/7644"	0.148076414539522	0.350002479594111	0.320841270865062	"FGF1"	1
"M6"	"Regulation of Complement cascade"	"Regulation of Complement cascade"	"1/53"	"23/7644"	0.148076414539522	0.350002479594111	0.320841270865062	"CFH"	1
"M6"	"PI3K/AKT Signaling in Cancer"	"PI3K/AKT Signaling in Cancer"	"2/53"	"100/7644"	0.152399603660904	0.350002479594111	0.320841270865062	"FGF1/PDGFRA"	2
"M6"	"PI-3K cascade"	"PI-3K cascade"	"2/53"	"100/7644"	0.152399603660904	0.350002479594111	0.320841270865062	"FGF1/PDGFRA"	2
"M6"	"PI3K events in ERBB2 signaling"	"PI3K events in ERBB2 signaling"	"2/53"	"100/7644"	0.152399603660904	0.350002479594111	0.320841270865062	"FGF1/PDGFRA"	2
"M6"	"PI3K events in ERBB4 signaling"	"PI3K events in ERBB4 signaling"	"2/53"	"100/7644"	0.152399603660904	0.350002479594111	0.320841270865062	"FGF1/PDGFRA"	2
"M6"	"PIP3 activates AKT signaling"	"PIP3 activates AKT signaling"	"2/53"	"100/7644"	0.152399603660904	0.350002479594111	0.320841270865062	"FGF1/PDGFRA"	2
"M6"	"O-linked glycosylation"	"O-linked glycosylation"	"2/53"	"103/7644"	0.159684336131205	0.355155127544889	0.325564614878981	"GALNT15/THSD7A"	2
"M6"	"PI3K/AKT activation"	"PI3K/AKT activation"	"2/53"	"103/7644"	0.159684336131205	0.355155127544889	0.325564614878981	"FGF1/PDGFRA"	2
"M6"	"Metal ion SLC transporters"	"Metal ion SLC transporters"	"1/53"	"25/7644"	0.1598853341715	0.355155127544889	0.325564614878981	"HEPH"	1
"M6"	"Synthesis of IP3 and IP4 in the cytosol"	"Synthesis of IP3 and IP4 in the cytosol"	"1/53"	"25/7644"	0.1598853341715	0.355155127544889	0.325564614878981	"PLCH1"	1
"M6"	"GAB1 signalosome"	"GAB1 signalosome"	"2/53"	"104/7644"	0.162127357498765	0.357207429936303	0.327445925286337	"FGF1/PDGFRA"	2
"M6"	"Attenuation phase"	"Attenuation phase"	"1/53"	"27/7644"	0.17153361115137	0.371884868976171	0.340900481951355	"COL4A6"	1
"M6"	"Detoxification of Reactive Oxygen Species"	"Detoxification of Reactive Oxygen Species"	"1/53"	"27/7644"	0.17153361115137	0.371884868976171	0.340900481951355	"SOD3"	1
"M6"	"G1/S Transition"	"G1/S Transition"	"2/53"	"109/7644"	0.174443825367984	0.375192672021615	0.343932688277729	"CDC45/MCM10"	2
"M6"	"Keratan sulfate biosynthesis"	"Keratan sulfate biosynthesis"	"1/53"	"28/7644"	0.177298179696596	0.378329186596672	0.346807877400717	"PRELP"	1
"M6"	"CDO in myogenesis"	"CDO in myogenesis"	"1/53"	"29/7644"	0.18302338931793	0.378620904619534	0.347075290309613	"CDON"	1
"M6"	"Myogenesis"	"Myogenesis"	"1/53"	"29/7644"	0.18302338931793	0.378620904619534	0.347075290309613	"CDON"	1
"M6"	"SHC-mediated cascade"	"SHC-mediated cascade"	"1/53"	"29/7644"	0.18302338931793	0.378620904619534	0.347075290309613	"FGF1"	1
"M6"	"Transferrin endocytosis and recycling"	"Transferrin endocytosis and recycling"	"1/53"	"29/7644"	0.18302338931793	0.378620904619534	0.347075290309613	"STEAP2"	1
"M6"	"HSF1 activation"	"HSF1 activation"	"1/53"	"30/7644"	0.188709503614207	0.381643846861567	0.349846369622567	"COL4A6"	1
"M6"	"Signaling by FGFR1 mutants"	"Signaling by FGFR1 mutants"	"1/53"	"30/7644"	0.188709503614207	0.381643846861567	0.349846369622567	"FGF1"	1
"M6"	"Tight junction interactions"	"Tight junction interactions"	"1/53"	"30/7644"	0.188709503614207	0.381643846861567	0.349846369622567	"CLDN10"	1
"M6"	"Striated Muscle Contraction"	"Striated Muscle Contraction"	"1/53"	"31/7644"	0.194356784453246	0.389860779333753	0.357378690707965	"MYBPC1"	1
"M6"	"Activation of Matrix Metalloproteinases"	"Activation of Matrix Metalloproteinases"	"1/53"	"32/7644"	0.199965491982995	0.389860779333753	0.357378690707965	"MMP16"	1
"M6"	"DNA methylation"	"DNA methylation"	"1/53"	"32/7644"	0.199965491982995	0.389860779333753	0.357378690707965	"UHRF1"	1
"M6"	"DNA strand elongation"	"DNA strand elongation"	"1/53"	"32/7644"	0.199965491982995	0.389860779333753	0.357378690707965	"CDC45"	1
"M6"	"Regulation of beta-cell development"	"Regulation of beta-cell development"	"1/53"	"32/7644"	0.199965491982995	0.389860779333753	0.357378690707965	"INSM1"	1
"M6"	"E2F mediated regulation of DNA replication"	"E2F mediated regulation of DNA replication"	"1/53"	"33/7644"	0.205535884642598	0.392255103789747	0.359573526876598	"CDC45"	1
"M6"	"Glutathione conjugation"	"Glutathione conjugation"	"1/53"	"33/7644"	0.205535884642598	0.392255103789747	0.359573526876598	"OPLAH"	1
"M6"	"Keratan sulfate/keratin metabolism"	"Keratan sulfate/keratin metabolism"	"1/53"	"33/7644"	0.205535884642598	0.392255103789747	0.359573526876598	"PRELP"	1
"M6"	"Diseases of glycosylation"	"Diseases of glycosylation"	"3/53"	"227/7644"	0.207824682284981	0.393849572721888	0.361035149203206	"PRELP/GPC2/GPC5"	3
"M6"	"S Phase"	"S Phase"	"2/53"	"124/7644"	0.212200985744451	0.399241533474134	0.365977867158266	"CDC45/ESCO2"	2
"M6"	"Factors involved in megakaryocyte development and platelet production"	"Factors involved in megakaryocyte development and platelet production"	"2/53"	"125/7644"	0.214750934090436	0.399241533474134	0.365977867158266	"KIFC1/KIF26A"	2
"M6"	"HSF1-dependent transactivation"	"HSF1-dependent transactivation"	"1/53"	"35/7644"	0.216562750629881	0.399241533474134	0.365977867158266	"COL4A6"	1
"M6"	"Regulation of HSF1-mediated heat shock response"	"Regulation of HSF1-mediated heat shock response"	"1/53"	"35/7644"	0.216562750629881	0.399241533474134	0.365977867158266	"COL4A6"	1
"M6"	"ABC-family proteins mediated transport"	"ABC-family proteins mediated transport"	"1/53"	"36/7644"	0.222019732390509	0.406536131606945	0.372664700171835	"ABCA8"	1
"M6"	"NCAM1 interactions"	"NCAM1 interactions"	"1/53"	"37/7644"	0.227439416168545	0.413664978400508	0.379199591775179	"COL4A5"	1
"M6"	"Apoptotic cleavage of cellular proteins"	"Apoptotic cleavage of cellular proteins"	"1/53"	"38/7644"	0.232822052022768	0.420631840654467	0.385585994928934	"CLSPN"	1
"M6"	"O-glycosylation of TSR domain-containing proteins"	"O-glycosylation of TSR domain-containing proteins"	"1/53"	"39/7644"	0.238167888368126	0.42744038243551	0.3918272684202	"THSD7A"	1
"M6"	"Signaling by Hedgehog"	"Signaling by Hedgehog"	"2/53"	"136/7644"	0.242972190345777	0.431256951688215	0.395325852003957	"CDON/GPC5"	2
"M6"	"Negative regulation of FGFR signaling"	"Negative regulation of FGFR signaling"	"1/53"	"40/7644"	0.243477171986336	0.431256951688215	0.395325852003957	"FGF1"	1
"M6"	"Non-integrin membrane-ECM interactions"	"Non-integrin membrane-ECM interactions"	"1/53"	"42/7644"	0.253987060065087	0.446951255049601	0.409712550754344	"DDR2"	1
"M6"	"Role of LAT2/NTAL/LAB on calcium mobilization"	"Role of LAT2/NTAL/LAB on calcium mobilization"	"2/53"	"141/7644"	0.255870086338349	0.447359957404468	0.410087201194229	"FGF1/PDGFRA"	2
"M6"	"Signaling by SCF-KIT"	"Signaling by SCF-KIT"	"2/53"	"144/7644"	0.263619120720437	0.453416717625046	0.415639329421289	"FGF1/PDGFRA"	2
"M6"	"FRS2-mediated cascade"	"FRS2-mediated cascade"	"1/53"	"44/7644"	0.264353658246337	0.453416717625046	0.415639329421289	"FGF1"	1
"M6"	"Inositol phosphate metabolism"	"Inositol phosphate metabolism"	"1/53"	"44/7644"	0.264353658246337	0.453416717625046	0.415639329421289	"PLCH1"	1
"M6"	"SLC-mediated transmembrane transport"	"SLC-mediated transmembrane transport"	"3/53"	"259/7644"	0.267044727584751	0.455151705506084	0.417229763058597	"SLC4A4/HEPH/SLC24A4"	3
"M6"	"Signaling by FGFR mutants"	"Signaling by FGFR mutants"	"1/53"	"45/7644"	0.269483823524356	0.456438226094378	0.418409094419395	"FGF1"	1
"M6"	"Downstream signaling of activated FGFR"	"Downstream signaling of activated FGFR"	"2/53"	"149/7644"	0.276540040551753	0.465480440928727	0.426697937693453	"FGF1/PDGFRA"	2
"M6"	"Signaling by ERBB4"	"Signaling by ERBB4"	"2/53"	"154/7644"	0.289454983862219	0.481574940121247	0.441451489099298	"FGF1/PDGFRA"	2
"M6"	"Muscle contraction"	"Muscle contraction"	"1/53"	"49/7644"	0.289655775792484	0.481574940121247	0.441451489099298	"MYBPC1"	1
"M6"	"Arachidonic acid metabolism"	"Arachidonic acid metabolism"	"1/53"	"50/7644"	0.294612753262266	0.486829610573623	0.446268355390853	"CYP4F11"	1
"M6"	"Cellular response to heat stress"	"Cellular response to heat stress"	"1/53"	"51/7644"	0.299535787773341	0.491964839312579	0.450975731512016	"COL4A6"	1
"M6"	"Apoptotic execution  phase"	"Apoptotic execution  phase"	"1/53"	"52/7644"	0.304425107310812	0.496983157115843	0.455575937383333	"CLSPN"	1
"M6"	"Downstream signal transduction"	"Downstream signal transduction"	"2/53"	"161/7644"	0.307498537486089	0.498994632687007	0.457419822544702	"FGF1/PDGFRA"	2
"M6"	"Signaling by FGFR"	"Signaling by FGFR"	"2/53"	"162/7644"	0.310070758724863	0.499543500323478	0.457922960094546	"FGF1/PDGFRA"	2
"M6"	"Signaling by ERBB2"	"Signaling by ERBB2"	"2/53"	"163/7644"	0.31264131440724	0.499543500323478	0.457922960094546	"FGF1/PDGFRA"	2
"M6"	"Phospholipase C-mediated cascade"	"Phospholipase C-mediated cascade"	"1/53"	"54/7644"	0.314103505907636	0.499543500323478	0.457922960094546	"FGF1"	1
"M6"	"DAP12 signaling"	"DAP12 signaling"	"2/53"	"164/7644"	0.315210105370165	0.499543500323478	0.457922960094546	"FGF1/PDGFRA"	2
"M6"	"Downstream signaling events of B Cell Receptor (BCR)"	"Downstream signaling events of B Cell Receptor (BCR)"	"2/53"	"170/7644"	0.330580413754047	0.516976433078305	0.473903430594212	"FGF1/PDGFRA"	2
"M6"	"Biological oxidations"	"Biological oxidations"	"2/53"	"174/7644"	0.340780123866114	0.516976433078305	0.473903430594212	"OPLAH/CYP4F11"	2
"M6"	"Autodegradation of Cdh1 by Cdh1:APC/C"	"Autodegradation of Cdh1 by Cdh1:APC/C"	"1/53"	"60/7644"	0.342352791733623	0.516976433078305	0.473903430594212	"UBE2C"	1
"M6"	"Cell-cell junction organization"	"Cell-cell junction organization"	"1/53"	"60/7644"	0.342352791733623	0.516976433078305	0.473903430594212	"CLDN10"	1
"M6"	"Cytochrome P450 - arranged by substrate type"	"Cytochrome P450 - arranged by substrate type"	"1/53"	"60/7644"	0.342352791733623	0.516976433078305	0.473903430594212	"CYP4F11"	1
"M6"	"Signaling by FGFR in disease"	"Signaling by FGFR in disease"	"2/53"	"177/7644"	0.348401169861995	0.516976433078305	0.473903430594212	"FGF1/PDGFRA"	2
"M6"	"Loss of Nlp from mitotic centrosomes"	"Loss of Nlp from mitotic centrosomes"	"1/53"	"62/7644"	0.351513074669348	0.516976433078305	0.473903430594212	"NEK2"	1
"M6"	"Loss of proteins required for interphase microtubule organization from the centrosome"	"Loss of proteins required for interphase microtubule organization from the centrosome"	"1/53"	"62/7644"	0.351513074669348	0.516976433078305	0.473903430594212	"NEK2"	1
"M6"	"DAP12 interactions"	"DAP12 interactions"	"2/53"	"179/7644"	0.353466943593363	0.516976433078305	0.473903430594212	"FGF1/PDGFRA"	2
"M6"	"Signaling by EGFR"	"Signaling by EGFR"	"2/53"	"179/7644"	0.353466943593363	0.516976433078305	0.473903430594212	"FGF1/PDGFRA"	2
"M6"	"Signaling by Overexpressed Wild-Type EGFR in Cancer"	"Signaling by Overexpressed Wild-Type EGFR in Cancer"	"2/53"	"179/7644"	0.353466943593363	0.516976433078305	0.473903430594212	"FGF1/PDGFRA"	2
"M6"	"Signaling by EGFR in Cancer"	"Signaling by EGFR in Cancer"	"2/53"	"181/7644"	0.35852003866461	0.516976433078305	0.473903430594212	"FGF1/PDGFRA"	2
"M6"	"Signaling by EGFRvIII in Cancer"	"Signaling by EGFRvIII in Cancer"	"2/53"	"181/7644"	0.35852003866461	0.516976433078305	0.473903430594212	"FGF1/PDGFRA"	2
"M6"	"Signaling by Ligand-Responsive EGFR Variants in Cancer"	"Signaling by Ligand-Responsive EGFR Variants in Cancer"	"2/53"	"181/7644"	0.35852003866461	0.516976433078305	0.473903430594212	"FGF1/PDGFRA"	2
"M6"	"APC/C:Cdc20 mediated degradation of Securin"	"APC/C:Cdc20 mediated degradation of Securin"	"1/53"	"64/7644"	0.360548139674537	0.516976433078305	0.473903430594212	"UBE2C"	1
"M6"	"Hedgehog ligand biogenesis"	"Hedgehog ligand biogenesis"	"1/53"	"64/7644"	0.360548139674537	0.516976433078305	0.473903430594212	"GPC5"	1
"M6"	"O-linked glycosylation of mucins"	"O-linked glycosylation of mucins"	"1/53"	"64/7644"	0.360548139674537	0.516976433078305	0.473903430594212	"GALNT15"	1
"M6"	"Processing-defective Hh variants abrogate ligand secretion"	"Processing-defective Hh variants abrogate ligand secretion"	"1/53"	"64/7644"	0.360548139674537	0.516976433078305	0.473903430594212	"GPC5"	1
"M6"	"Assembly of the pre-replicative complex"	"Assembly of the pre-replicative complex"	"1/53"	"67/7644"	0.373869620790508	0.517888143917627	0.474739180285725	"E2F2"	1
"M6"	"PI3K Cascade"	"PI3K Cascade"	"1/53"	"68/7644"	0.37824931065432	0.517888143917627	0.474739180285725	"FGF1"	1
"M6"	"Cdc20:Phospho-APC/C mediated degradation of Cyclin A"	"Cdc20:Phospho-APC/C mediated degradation of Cyclin A"	"1/53"	"69/7644"	0.382598939288866	0.517888143917627	0.474739180285725	"UBE2C"	1
"M6"	"Glucose metabolism"	"Glucose metabolism"	"1/53"	"69/7644"	0.382598939288866	0.517888143917627	0.474739180285725	"PYGM"	1
"M6"	"NCAM signaling for neurite out-growth"	"NCAM signaling for neurite out-growth"	"1/53"	"70/7644"	0.386918709086582	0.517888143917627	0.474739180285725	"COL4A5"	1
"M6"	"Centrosome maturation"	"Centrosome maturation"	"1/53"	"72/7644"	0.395469475069401	0.517888143917627	0.474739180285725	"NEK2"	1
"M6"	"Recruitment of mitotic centrosome proteins and complexes"	"Recruitment of mitotic centrosome proteins and complexes"	"1/53"	"72/7644"	0.395469475069401	0.517888143917627	0.474739180285725	"NEK2"	1
"M6"	"Removal of licensing factors from origins"	"Removal of licensing factors from origins"	"1/53"	"72/7644"	0.395469475069401	0.517888143917627	0.474739180285725	"MCM10"	1
"M6"	"Complement cascade"	"Complement cascade"	"1/53"	"75/7644"	0.408076666213488	0.517888143917627	0.474739180285725	"CFH"	1
"M6"	"Regulation of APC/C activators between G1/S and early anaphase"	"Regulation of APC/C activators between G1/S and early anaphase"	"1/53"	"77/7644"	0.416337772789897	0.517888143917627	0.474739180285725	"UBE2C"	1
"M6"	"NGF signalling via TRKA from the plasma membrane"	"NGF signalling via TRKA from the plasma membrane"	"2/53"	"206/7644"	0.420385112916011	0.517888143917627	0.474739180285725	"FGF1/PDGFRA"	2
"M6"	"Defective CYP11A1 causes Adrenal insufficiency, congenital, with 46,XY sex reversal (AICSR)"	"Defective CYP11A1 causes Adrenal insufficiency, congenital, with 46,XY sex reversal (AICSR)"	"1/53"	"78/7644"	0.420425799490324	0.517888143917627	0.474739180285725	"CYP4F11"	1
"M6"	"Defective CYP11B1 causes Adrenal hyperplasia 4 (AH4)"	"Defective CYP11B1 causes Adrenal hyperplasia 4 (AH4)"	"1/53"	"78/7644"	0.420425799490324	0.517888143917627	0.474739180285725	"CYP4F11"	1
"M6"	"Defective CYP11B2 causes Corticosterone methyloxidase 1 deficiency (CMO-1 deficiency)"	"Defective CYP11B2 causes Corticosterone methyloxidase 1 deficiency (CMO-1 deficiency)"	"1/53"	"78/7644"	0.420425799490324	0.517888143917627	0.474739180285725	"CYP4F11"	1
"M6"	"Defective CYP17A1 causes Adrenal hyperplasia 5 (AH5)"	"Defective CYP17A1 causes Adrenal hyperplasia 5 (AH5)"	"1/53"	"78/7644"	0.420425799490324	0.517888143917627	0.474739180285725	"CYP4F11"	1
"M6"	"Defective CYP19A1 causes Aromatase excess syndrome (AEXS)"	"Defective CYP19A1 causes Aromatase excess syndrome (AEXS)"	"1/53"	"78/7644"	0.420425799490324	0.517888143917627	0.474739180285725	"CYP4F11"	1
"M6"	"Defective CYP1B1 causes Glaucoma"	"Defective CYP1B1 causes Glaucoma"	"1/53"	"78/7644"	0.420425799490324	0.517888143917627	0.474739180285725	"CYP4F11"	1
"M6"	"Defective CYP21A2 causes Adrenal hyperplasia 3 (AH3)"	"Defective CYP21A2 causes Adrenal hyperplasia 3 (AH3)"	"1/53"	"78/7644"	0.420425799490324	0.517888143917627	0.474739180285725	"CYP4F11"	1
"M6"	"Defective CYP24A1 causes Hypercalcemia, infantile (HCAI)"	"Defective CYP24A1 causes Hypercalcemia, infantile (HCAI)"	"1/53"	"78/7644"	0.420425799490324	0.517888143917627	0.474739180285725	"CYP4F11"	1
"M6"	"Defective CYP26B1 causes Radiohumeral fusions with other skeletal and craniofacial anomalies (RHFCA)"	"Defective CYP26B1 causes Radiohumeral fusions with other skeletal and craniofacial anomalies (RHFCA)"	"1/53"	"78/7644"	0.420425799490324	0.517888143917627	0.474739180285725	"CYP4F11"	1
"M6"	"Defective CYP26C1 causes Focal facial dermal dysplasia 4 (FFDD4)"	"Defective CYP26C1 causes Focal facial dermal dysplasia 4 (FFDD4)"	"1/53"	"78/7644"	0.420425799490324	0.517888143917627	0.474739180285725	"CYP4F11"	1
"M6"	"Defective CYP27A1 causes Cerebrotendinous xanthomatosis (CTX)"	"Defective CYP27A1 causes Cerebrotendinous xanthomatosis (CTX)"	"1/53"	"78/7644"	0.420425799490324	0.517888143917627	0.474739180285725	"CYP4F11"	1
"M6"	"Defective CYP27B1 causes Rickets vitamin D-dependent 1A (VDDR1A)"	"Defective CYP27B1 causes Rickets vitamin D-dependent 1A (VDDR1A)"	"1/53"	"78/7644"	0.420425799490324	0.517888143917627	0.474739180285725	"CYP4F11"	1
"M6"	"Defective CYP2R1 causes Rickets vitamin D-dependent 1B (VDDR1B)"	"Defective CYP2R1 causes Rickets vitamin D-dependent 1B (VDDR1B)"	"1/53"	"78/7644"	0.420425799490324	0.517888143917627	0.474739180285725	"CYP4F11"	1
"M6"	"Defective CYP2U1 causes Spastic paraplegia 56, autosomal recessive (SPG56)"	"Defective CYP2U1 causes Spastic paraplegia 56, autosomal recessive (SPG56)"	"1/53"	"78/7644"	0.420425799490324	0.517888143917627	0.474739180285725	"CYP4F11"	1
"M6"	"Defective CYP4F22 causes Ichthyosis, congenital, autosomal recessive 5 (ARCI5)"	"Defective CYP4F22 causes Ichthyosis, congenital, autosomal recessive 5 (ARCI5)"	"1/53"	"78/7644"	0.420425799490324	0.517888143917627	0.474739180285725	"CYP4F11"	1
"M6"	"Defective CYP7B1 causes Spastic paraplegia 5A, autosomal recessive (SPG5A) and Congenital bile acid synthesis defect 3 (CBAS3)"	"Defective CYP7B1 causes Spastic paraplegia 5A, autosomal recessive (SPG5A) and Congenital bile acid synthesis defect 3 (CBAS3)"	"1/53"	"78/7644"	0.420425799490324	0.517888143917627	0.474739180285725	"CYP4F11"	1
"M6"	"Defective FMO3 causes Trimethylaminuria (TMAU)"	"Defective FMO3 causes Trimethylaminuria (TMAU)"	"1/53"	"78/7644"	0.420425799490324	0.517888143917627	0.474739180285725	"CYP4F11"	1
"M6"	"Defective MAOA causes Brunner syndrome (BRUNS)"	"Defective MAOA causes Brunner syndrome (BRUNS)"	"1/53"	"78/7644"	0.420425799490324	0.517888143917627	0.474739180285725	"CYP4F11"	1
"M6"	"Defective TBXAS1 causes Ghosal hematodiaphyseal dysplasia (GHDD)"	"Defective TBXAS1 causes Ghosal hematodiaphyseal dysplasia (GHDD)"	"1/53"	"78/7644"	0.420425799490324	0.517888143917627	0.474739180285725	"CYP4F11"	1
"M6"	"Phase 1 - Functionalization of compounds"	"Phase 1 - Functionalization of compounds"	"1/53"	"78/7644"	0.420425799490324	0.517888143917627	0.474739180285725	"CYP4F11"	1
"M6"	"Signaling by the B Cell Receptor (BCR)"	"Signaling by the B Cell Receptor (BCR)"	"2/53"	"209/7644"	0.427621416550495	0.519133857903395	0.475881104933778	"FGF1/PDGFRA"	2
"M6"	"Regulation of PLK1 Activity at G2/M Transition"	"Regulation of PLK1 Activity at G2/M Transition"	"1/53"	"80/7644"	0.428517753094817	0.519133857903395	0.475881104933778	"NEK2"	1
"M6"	"Fc epsilon receptor (FCERI) signaling"	"Fc epsilon receptor (FCERI) signaling"	"2/53"	"212/7644"	0.434812561044731	0.519133857903395	0.475881104933778	"FGF1/PDGFRA"	2
"M6"	"Cell junction organization"	"Cell junction organization"	"1/53"	"85/7644"	0.448265807086103	0.519133857903395	0.475881104933778	"CLDN10"	1
"M6"	"Hedgehog 'on' state"	"Hedgehog 'on' state"	"1/53"	"85/7644"	0.448265807086103	0.519133857903395	0.475881104933778	"CDON"	1
"M6"	"IRS-mediated signalling"	"IRS-mediated signalling"	"1/53"	"85/7644"	0.448265807086103	0.519133857903395	0.475881104933778	"FGF1"	1
"M6"	"Glycerophospholipid biosynthesis"	"Glycerophospholipid biosynthesis"	"1/53"	"88/7644"	0.459791608147378	0.519133857903395	0.475881104933778	"CDS1"	1
"M6"	"IRS-related events"	"IRS-related events"	"1/53"	"88/7644"	0.459791608147378	0.519133857903395	0.475881104933778	"FGF1"	1
"M6"	"Anchoring of the basal body to the plasma membrane"	"Anchoring of the basal body to the plasma membrane"	"1/53"	"89/7644"	0.463580788238456	0.519133857903395	0.475881104933778	"NEK2"	1
"M6"	"Defective AHCY causes Hypermethioninemia with S-adenosylhomocysteine hydrolase deficiency (HMAHCHD)"	"Defective AHCY causes Hypermethioninemia with S-adenosylhomocysteine hydrolase deficiency (HMAHCHD)"	"1/53"	"89/7644"	0.463580788238456	0.519133857903395	0.475881104933778	"OPLAH"	1
"M6"	"Defective GCLC causes Hemolytic anemia due to gamma-glutamylcysteine synthetase deficiency (HAGGSD)"	"Defective GCLC causes Hemolytic anemia due to gamma-glutamylcysteine synthetase deficiency (HAGGSD)"	"1/53"	"89/7644"	0.463580788238456	0.519133857903395	0.475881104933778	"OPLAH"	1
"M6"	"Defective GGT1 causes Glutathionuria (GLUTH)"	"Defective GGT1 causes Glutathionuria (GLUTH)"	"1/53"	"89/7644"	0.463580788238456	0.519133857903395	0.475881104933778	"OPLAH"	1
"M6"	"Defective GSS causes Glutathione synthetase deficiency (GSS deficiency)"	"Defective GSS causes Glutathione synthetase deficiency (GSS deficiency)"	"1/53"	"89/7644"	0.463580788238456	0.519133857903395	0.475881104933778	"OPLAH"	1
"M6"	"Defective MAT1A causes Methionine adenosyltransferase deficiency (MATD)"	"Defective MAT1A causes Methionine adenosyltransferase deficiency (MATD)"	"1/53"	"89/7644"	0.463580788238456	0.519133857903395	0.475881104933778	"OPLAH"	1
"M6"	"Defective OPLAH causes 5-oxoprolinase deficiency (OPLAHD)"	"Defective OPLAH causes 5-oxoprolinase deficiency (OPLAHD)"	"1/53"	"89/7644"	0.463580788238456	0.519133857903395	0.475881104933778	"OPLAH"	1
"M6"	"Defective SLC35D1 causes Schneckenbecken dysplasia (SCHBCKD)"	"Defective SLC35D1 causes Schneckenbecken dysplasia (SCHBCKD)"	"1/53"	"89/7644"	0.463580788238456	0.519133857903395	0.475881104933778	"OPLAH"	1
"M6"	"Defective TPMT causes Thiopurine S-methyltransferase deficiency (TPMT deficiency)"	"Defective TPMT causes Thiopurine S-methyltransferase deficiency (TPMT deficiency)"	"1/53"	"89/7644"	0.463580788238456	0.519133857903395	0.475881104933778	"OPLAH"	1
"M6"	"Defective UGT1A1 causes hyperbilirubinemia"	"Defective UGT1A1 causes hyperbilirubinemia"	"1/53"	"89/7644"	0.463580788238456	0.519133857903395	0.475881104933778	"OPLAH"	1
"M6"	"Defective UGT1A4 causes hyperbilirubinemia"	"Defective UGT1A4 causes hyperbilirubinemia"	"1/53"	"89/7644"	0.463580788238456	0.519133857903395	0.475881104933778	"OPLAH"	1
"M6"	"Degradation of the extracellular matrix"	"Degradation of the extracellular matrix"	"1/53"	"89/7644"	0.463580788238456	0.519133857903395	0.475881104933778	"MMP16"	1
"M6"	"IRS-related events triggered by IGF1R"	"IRS-related events triggered by IGF1R"	"1/53"	"89/7644"	0.463580788238456	0.519133857903395	0.475881104933778	"FGF1"	1
"M6"	"Phase II conjugation"	"Phase II conjugation"	"1/53"	"89/7644"	0.463580788238456	0.519133857903395	0.475881104933778	"OPLAH"	1
"M6"	"IGF1R signaling cascade"	"IGF1R signaling cascade"	"1/53"	"92/7644"	0.474792549307148	0.525178697396887	0.481422305634746	"FGF1"	1
"M6"	"Insulin receptor signalling cascade"	"Insulin receptor signalling cascade"	"1/53"	"92/7644"	0.474792549307148	0.525178697396887	0.481422305634746	"FGF1"	1
"M6"	"Signaling by Type 1 Insulin-like Growth Factor 1 Receptor (IGF1R)"	"Signaling by Type 1 Insulin-like Growth Factor 1 Receptor (IGF1R)"	"1/53"	"92/7644"	0.474792549307148	0.525178697396887	0.481422305634746	"FGF1"	1
"M6"	"Epigenetic regulation of gene expression"	"Epigenetic regulation of gene expression"	"1/53"	"94/7644"	0.482138986946546	0.531136851473634	0.486884043300748	"UHRF1"	1
"M6"	"Synthesis of DNA"	"Synthesis of DNA"	"1/53"	"97/7644"	0.492969979548081	0.538688969586814	0.493806940464122	"CDC45"	1
"M6"	"Transport of glucose and other sugars, bile salts and organic acids, metal ions and amine compounds"	"Transport of glucose and other sugars, bile salts and organic acids, metal ions and amine compounds"	"1/53"	"97/7644"	0.492969979548081	0.538688969586814	0.493806940464122	"HEPH"	1
"M6"	"Stimuli-sensing channels"	"Stimuli-sensing channels"	"1/53"	"98/7644"	0.496530677982419	0.540400858366408	0.495376199551261	"RYR3"	1
"M6"	"MHC class II antigen presentation"	"MHC class II antigen presentation"	"1/53"	"103/7644"	0.513969415607553	0.557142846518587	0.510723292982663	"KIF26A"	1
"M6"	"Signaling by Insulin receptor"	"Signaling by Insulin receptor"	"1/53"	"116/7644"	0.556583956248817	0.600933275471831	0.550865228243745	"FGF1"	1
"M6"	"Rho GTPase cycle"	"Rho GTPase cycle"	"1/53"	"122/7644"	0.574994271697026	0.615902955058869	0.564587676806732	"DEPDC1B"	1
"M6"	"Signaling by Rho GTPases"	"Signaling by Rho GTPases"	"1/53"	"122/7644"	0.574994271697026	0.615902955058869	0.564587676806732	"DEPDC1B"	1
"M6"	"Post-translational protein modification"	"Post-translational protein modification"	"2/53"	"278/7644"	0.579727941861928	0.618528630884184	0.566994588808185	"GALNT15/THSD7A"	2
"M6"	"Signalling by NGF"	"Signalling by NGF"	"2/53"	"287/7644"	0.597332454178411	0.633440334117279	0.580663891441748	"FGF1/PDGFRA"	2
"M6"	"Cell-Cell communication"	"Cell-Cell communication"	"1/53"	"130/7644"	0.598379061011157	0.633440334117279	0.580663891441748	"CLDN10"	1
"M6"	"Phospholipid metabolism"	"Phospholipid metabolism"	"1/53"	"138/7644"	0.620500124705594	0.654301687919129	0.599787136721361	"CDS1"	1
"M6"	"Apoptosis"	"Apoptosis"	"1/53"	"148/7644"	0.646476150193999	0.679050529854937	0.622473975706992	"CLSPN"	1
"M6"	"Programmed Cell Death"	"Programmed Cell Death"	"1/53"	"160/7644"	0.675351982870577	0.706642422231376	0.647766990276188	"CLSPN"	1
"M6"	"Ion channel transport"	"Ion channel transport"	"1/53"	"167/7644"	0.691113850174767	0.720353282297546	0.660335500571843	"RYR3"	1
"M6"	"Assembly of the primary cilium"	"Assembly of the primary cilium"	"1/53"	"179/7644"	0.716405352240095	0.743853833168834	0.681878052545523	"NEK2"	1
"M6"	"Peptide ligand-binding receptors"	"Peptide ligand-binding receptors"	"1/53"	"190/7644"	0.737797569544202	0.763141760864422	0.699558965096149	"GPR37"	1
"M6"	"Antigen processing: Ubiquitination & Proteasome degradation"	"Antigen processing: Ubiquitination & Proteasome degradation"	"1/53"	"211/7644"	0.774331852505666	0.797885673114204	0.731408113633529	"UBE2C"	1
"M6"	"Class I MHC mediated antigen processing & presentation"	"Class I MHC mediated antigen processing & presentation"	"1/53"	"255/7644"	0.835437894961491	0.857589657327894	0.786137732100925	"UBE2C"	1
"M6"	"Generic Transcription Pathway"	"Generic Transcription Pathway"	"2/53"	"483/7644"	0.857061749213213	0.876466920893512	0.80344219588607	"ZNF681/ZNF726"	2
"M6"	"Hemostasis"	"Hemostasis"	"2/53"	"497/7644"	0.868066179826255	0.884383213281636	0.810698925362075	"KIFC1/KIF26A"	2
"M6"	"Class A/1 (Rhodopsin-like receptors)"	"Class A/1 (Rhodopsin-like receptors)"	"1/53"	"314/7644"	0.892565164555856	0.905936927320738	0.830456845397918	"GPR37"	1
"M6"	"Organelle biogenesis and maintenance"	"Organelle biogenesis and maintenance"	"1/53"	"324/7644"	0.90008983173739	0.908952767258954	0.83322141415076	"NEK2"	1
"M6"	"Axon guidance"	"Axon guidance"	"1/53"	"327/7644"	0.902244628755198	0.908952767258954	0.83322141415076	"COL4A5"	1
"M6"	"Defective ACTH causes Obesity and Pro-opiomelanocortinin deficiency (POMCD)"	"Defective ACTH causes Obesity and Pro-opiomelanocortinin deficiency (POMCD)"	"1/53"	"441/7644"	0.957596768881264	0.957596768881264	0.877812536243847	"GPR37"	1
"M6"	"GPCR ligand binding"	"GPCR ligand binding"	"1/53"	"441/7644"	0.957596768881264	0.957596768881264	0.877812536243847	"GPR37"	1
"M7"	"Gap junction assembly"	"Gap junction assembly"	"2/37"	"19/7644"	0.00370160986773012	0.279567568089285	0.270666456434721	"GJB1/GJC2"	2
"M7"	"p75 NTR receptor-mediated signalling"	"p75 NTR receptor-mediated signalling"	"3/37"	"83/7644"	0.00735259960344227	0.279567568089285	0.270666456434721	"OMG/MAG/VAV3"	3
"M7"	"Gap junction trafficking"	"Gap junction trafficking"	"2/37"	"28/7644"	0.00796171070704859	0.279567568089285	0.270666456434721	"GJB1/GJC2"	2
"M7"	"Gap junction trafficking and regulation"	"Gap junction trafficking and regulation"	"2/37"	"30/7644"	0.00910684953474413	0.279567568089285	0.270666456434721	"GJB1/GJC2"	2
"M7"	"Signalling by NGF"	"Signalling by NGF"	"5/37"	"287/7644"	0.0117268705931317	0.279567568089285	0.270666456434721	"OMG/MAG/VAV3/PDE1A/PCSK6"	5
"M7"	"O-linked glycosylation"	"O-linked glycosylation"	"3/37"	"103/7644"	0.0132472805534242	0.279567568089285	0.270666456434721	"ADAMTS9/GALNT13/ADAMTS3"	3
"M7"	"Transport of vitamins, nucleosides, and related molecules"	"Transport of vitamins, nucleosides, and related molecules"	"2/37"	"38/7644"	0.0143650529739038	0.279567568089285	0.270666456434721	"APOD/SLCO1A2"	2
"M7"	"O-glycosylation of TSR domain-containing proteins"	"O-glycosylation of TSR domain-containing proteins"	"2/37"	"39/7644"	0.0150957961190137	0.279567568089285	0.270666456434721	"ADAMTS9/ADAMTS3"	2
"M7"	"Ion transport by P-type ATPases"	"Ion transport by P-type ATPases"	"2/37"	"43/7644"	0.0181749478312741	0.279567568089285	0.270666456434721	"ATP8A1/ATP10B"	2
"M7"	"PLC beta mediated events"	"PLC beta mediated events"	"2/37"	"43/7644"	0.0181749478312741	0.279567568089285	0.270666456434721	"GNAI1/PDE1A"	2
"M7"	"G-protein mediated events"	"G-protein mediated events"	"2/37"	"44/7644"	0.0189829830184083	0.279567568089285	0.270666456434721	"GNAI1/PDE1A"	2
"M7"	"Hemostasis"	"Hemostasis"	"6/37"	"497/7644"	0.0304706937468157	0.384156311964065	0.371925214312188	"TF/MAG/GNAI1/VAV3/DOCK5/PDE1A"	6
"M7"	"Neuronal System"	"Neuronal System"	"4/37"	"280/7644"	0.045105024779333	0.384156311964065	0.371925214312188	"HCN2/GNAI1/KCNK1/RASGRF1"	4
"M7"	"Transport of organic anions"	"Transport of organic anions"	"1/37"	"11/7644"	0.0520074952221857	0.384156311964065	0.371925214312188	"SLCO1A2"	1
"M7"	"Tandem pore domain potassium channels"	"Tandem pore domain potassium channels"	"1/37"	"12/7644"	0.0566027687289039	0.384156311964065	0.371925214312188	"KCNK1"	1
"M7"	"Opioid Signalling"	"Opioid Signalling"	"2/37"	"80/7644"	0.0569108903346884	0.384156311964065	0.371925214312188	"GNAI1/PDE1A"	2
"M7"	"WNT5A-dependent internalization of FZD2, FZD5 and ROR2"	"WNT5A-dependent internalization of FZD2, FZD5 and ROR2"	"1/37"	"13/7644"	0.061176366417194	0.384156311964065	0.371925214312188	"ROR1"	1
"M7"	"Hedgehog 'on' state"	"Hedgehog 'on' state"	"2/37"	"85/7644"	0.0633426128672339	0.384156311964065	0.371925214312188	"GAS1/HHIP"	2
"M7"	"Adenylate cyclase inhibitory pathway"	"Adenylate cyclase inhibitory pathway"	"1/37"	"14/7644"	0.0657283877043863	0.384156311964065	0.371925214312188	"GNAI1"	1
"M7"	"Inhibition of adenylate cyclase pathway"	"Inhibition of adenylate cyclase pathway"	"1/37"	"14/7644"	0.0657283877043863	0.384156311964065	0.371925214312188	"GNAI1"	1
"M7"	"Synthesis of Prostaglandins (PG) and Thromboxanes (TX)"	"Synthesis of Prostaglandins (PG) and Thromboxanes (TX)"	"1/37"	"14/7644"	0.0657283877043863	0.384156311964065	0.371925214312188	"PTGDS"	1
"M7"	"Recycling of bile acids and salts"	"Recycling of bile acids and salts"	"1/37"	"15/7644"	0.0702589315647973	0.384156311964065	0.371925214312188	"SLCO1A2"	1
"M7"	"Ras activation uopn Ca2+ infux through NMDA receptor"	"Ras activation uopn Ca2+ infux through NMDA receptor"	"1/37"	"17/7644"	0.0792559806989696	0.384156311964065	0.371925214312188	"RASGRF1"	1
"M7"	"Potassium Channels"	"Potassium Channels"	"2/37"	"99/7644"	0.0825600148131381	0.384156311964065	0.371925214312188	"HCN2/KCNK1"	2
"M7"	"Activation of SMO"	"Activation of SMO"	"1/37"	"18/7644"	0.0837226817235058	0.384156311964065	0.371925214312188	"GAS1"	1
"M7"	"cGMP effects"	"cGMP effects"	"1/37"	"18/7644"	0.0837226817235058	0.384156311964065	0.371925214312188	"PDE1A"	1
"M7"	"Post-chaperonin tubulin folding pathway"	"Post-chaperonin tubulin folding pathway"	"1/37"	"18/7644"	0.0837226817235058	0.384156311964065	0.371925214312188	"TUBB4A"	1
"M7"	"Signaling by NODAL"	"Signaling by NODAL"	"1/37"	"19/7644"	0.0881682968266047	0.384156311964065	0.371925214312188	"PCSK6"	1
"M7"	"Platelet activation, signaling and aggregation"	"Platelet activation, signaling and aggregation"	"3/37"	"221/7644"	0.0903963177047985	0.384156311964065	0.371925214312188	"TF/GNAI1/VAV3"	3
"M7"	"Formation of tubulin folding intermediates by CCT/TriC"	"Formation of tubulin folding intermediates by CCT/TriC"	"1/37"	"20/7644"	0.0925929227961017	0.384156311964065	0.371925214312188	"TUBB4A"	1
"M7"	"ADP signalling through P2Y purinoceptor 12"	"ADP signalling through P2Y purinoceptor 12"	"1/37"	"22/7644"	0.101379592329329	0.384156311964065	0.371925214312188	"GNAI1"	1
"M7"	"Smooth Muscle Contraction"	"Smooth Muscle Contraction"	"1/37"	"22/7644"	0.101379592329329	0.384156311964065	0.371925214312188	"MYLK"	1
"M7"	"Orphan transporters"	"Orphan transporters"	"2/37"	"114/7644"	0.104858501910485	0.384156311964065	0.371925214312188	"APOD/TUBB4A"	2
"M7"	"Basigin interactions"	"Basigin interactions"	"1/37"	"25/7644"	0.114404573103787	0.384156311964065	0.371925214312188	"MAG"	1
"M7"	"Nitric oxide stimulates guanylate cyclase"	"Nitric oxide stimulates guanylate cyclase"	"1/37"	"25/7644"	0.114404573103787	0.384156311964065	0.371925214312188	"PDE1A"	1
"M7"	"Synthesis of IP3 and IP4 in the cytosol"	"Synthesis of IP3 and IP4 in the cytosol"	"1/37"	"25/7644"	0.114404573103787	0.384156311964065	0.371925214312188	"PLCH2"	1
"M7"	"Calmodulin induced events"	"Calmodulin induced events"	"1/37"	"26/7644"	0.118705272775024	0.384156311964065	0.371925214312188	"PDE1A"	1
"M7"	"CaM pathway"	"CaM pathway"	"1/37"	"26/7644"	0.118705272775024	0.384156311964065	0.371925214312188	"PDE1A"	1
"M7"	"Prefoldin mediated transfer of substrate  to CCT/TriC"	"Prefoldin mediated transfer of substrate  to CCT/TriC"	"1/37"	"26/7644"	0.118705272775024	0.384156311964065	0.371925214312188	"TUBB4A"	1
"M7"	"VEGFR2 mediated vascular permeability"	"VEGFR2 mediated vascular permeability"	"1/37"	"26/7644"	0.118705272775024	0.384156311964065	0.371925214312188	"VAV3"	1
"M7"	"WNT ligand biogenesis and trafficking"	"WNT ligand biogenesis and trafficking"	"1/37"	"26/7644"	0.118705272775024	0.384156311964065	0.371925214312188	"WNT7B"	1
"M7"	"WNT ligand secretion is abrogated by the PORCN inhibitor LGK974"	"WNT ligand secretion is abrogated by the PORCN inhibitor LGK974"	"1/37"	"26/7644"	0.118705272775024	0.384156311964065	0.371925214312188	"WNT7B"	1
"M7"	"Attenuation phase"	"Attenuation phase"	"1/37"	"27/7644"	0.122985648845821	0.384156311964065	0.371925214312188	"HSPA2"	1
"M7"	"Cooperation of Prefoldin and TriC/CCT  in actin and tubulin folding"	"Cooperation of Prefoldin and TriC/CCT  in actin and tubulin folding"	"1/37"	"27/7644"	0.122985648845821	0.384156311964065	0.371925214312188	"TUBB4A"	1
"M7"	"CREB phosphorylation through the activation of Ras"	"CREB phosphorylation through the activation of Ras"	"1/37"	"27/7644"	0.122985648845821	0.384156311964065	0.371925214312188	"RASGRF1"	1
"M7"	"G alpha (s) signalling events"	"G alpha (s) signalling events"	"2/37"	"126/7644"	0.123748787632665	0.384156311964065	0.371925214312188	"GNAI1/PDE1A"	2
"M7"	"Adrenaline,noradrenaline inhibits insulin secretion"	"Adrenaline,noradrenaline inhibits insulin secretion"	"1/37"	"28/7644"	0.127245794702812	0.384156311964065	0.371925214312188	"GNAI1"	1
"M7"	"Ca-dependent events"	"Ca-dependent events"	"1/37"	"28/7644"	0.127245794702812	0.384156311964065	0.371925214312188	"PDE1A"	1
"M7"	"G-protein activation"	"G-protein activation"	"1/37"	"28/7644"	0.127245794702812	0.384156311964065	0.371925214312188	"GNAI1"	1
"M7"	"Synthesis of PA"	"Synthesis of PA"	"1/37"	"28/7644"	0.127245794702812	0.384156311964065	0.371925214312188	"GPD1"	1
"M7"	"SLC-mediated transmembrane transport"	"SLC-mediated transmembrane transport"	"3/37"	"259/7644"	0.12898823685859	0.384156311964065	0.371925214312188	"APOD/SLC24A2/SLCO1A2"	3
"M7"	"PIWI-interacting RNA (piRNA) biogenesis"	"PIWI-interacting RNA (piRNA) biogenesis"	"1/37"	"29/7644"	0.131485803315732	0.384156311964065	0.371925214312188	"MAEL"	1
"M7"	"Transferrin endocytosis and recycling"	"Transferrin endocytosis and recycling"	"1/37"	"29/7644"	0.131485803315732	0.384156311964065	0.371925214312188	"TF"	1
"M7"	"Tight junction interactions"	"Tight junction interactions"	"1/37"	"30/7644"	0.135705767239214	0.384156311964065	0.371925214312188	"CLDN11"	1
"M7"	"DAG and IP3 signaling"	"DAG and IP3 signaling"	"1/37"	"31/7644"	0.139905778614595	0.384156311964065	0.371925214312188	"PDE1A"	1
"M7"	"Signaling by Hedgehog"	"Signaling by Hedgehog"	"2/37"	"136/7644"	0.140081792015087	0.384156311964065	0.371925214312188	"GAS1/HHIP"	2
"M7"	"Signal amplification"	"Signal amplification"	"1/37"	"32/7644"	0.144085929171702	0.384156311964065	0.371925214312188	"GNAI1"	1
"M7"	"Neurotransmitter Receptor Binding And Downstream Transmission In The  Postsynaptic Cell"	"Neurotransmitter Receptor Binding And Downstream Transmission In The  Postsynaptic Cell"	"2/37"	"140/7644"	0.146745158596304	0.384156311964065	0.371925214312188	"GNAI1/RASGRF1"	2
"M7"	"EGFR interacts with phospholipase C-gamma"	"EGFR interacts with phospholipase C-gamma"	"1/37"	"33/7644"	0.148246310230642	0.384156311964065	0.371925214312188	"PDE1A"	1
"M7"	"PLC-gamma1 signalling"	"PLC-gamma1 signalling"	"1/37"	"33/7644"	0.148246310230642	0.384156311964065	0.371925214312188	"PDE1A"	1
"M7"	"Post-translational protein modification"	"Post-translational protein modification"	"3/37"	"278/7644"	0.150204354212683	0.384156311964065	0.371925214312188	"ADAMTS9/GALNT13/ADAMTS3"	3
"M7"	"PLCG1 events in ERBB2 signaling"	"PLCG1 events in ERBB2 signaling"	"1/37"	"34/7644"	0.152387012703571	0.384156311964065	0.371925214312188	"PDE1A"	1
"M7"	"Bile acid and bile salt metabolism"	"Bile acid and bile salt metabolism"	"1/37"	"35/7644"	0.156508127096471	0.384156311964065	0.371925214312188	"SLCO1A2"	1
"M7"	"HSF1-dependent transactivation"	"HSF1-dependent transactivation"	"1/37"	"35/7644"	0.156508127096471	0.384156311964065	0.371925214312188	"HSPA2"	1
"M7"	"Post NMDA receptor activation events"	"Post NMDA receptor activation events"	"1/37"	"35/7644"	0.156508127096471	0.384156311964065	0.371925214312188	"RASGRF1"	1
"M7"	"Regulation of HSF1-mediated heat shock response"	"Regulation of HSF1-mediated heat shock response"	"1/37"	"35/7644"	0.156508127096471	0.384156311964065	0.371925214312188	"HSPA2"	1
"M7"	"NCAM1 interactions"	"NCAM1 interactions"	"1/37"	"37/7644"	0.164691951645776	0.398210390546504	0.385531827104802	"CNTN2"	1
"M7"	"Activation of GABAB receptors"	"Activation of GABAB receptors"	"1/37"	"39/7644"	0.172798499869598	0.399905099698212	0.387172578655189	"GNAI1"	1
"M7"	"Activation of NMDA receptor upon glutamate binding and postsynaptic events"	"Activation of NMDA receptor upon glutamate binding and postsynaptic events"	"1/37"	"39/7644"	0.172798499869598	0.399905099698212	0.387172578655189	"RASGRF1"	1
"M7"	"GABA B receptor activation"	"GABA B receptor activation"	"1/37"	"39/7644"	0.172798499869598	0.399905099698212	0.387172578655189	"GNAI1"	1
"M7"	"Class C/3 (Metabotropic glutamate/pheromone receptors)"	"Class C/3 (Metabotropic glutamate/pheromone receptors)"	"1/37"	"40/7644"	0.176823017358727	0.403455335381884	0.390609778894741	"GRM3"	1
"M7"	"Triglyceride Biosynthesis"	"Triglyceride Biosynthesis"	"1/37"	"42/7644"	0.184814979621379	0.411900128624224	0.398785699577708	"GPD1"	1
"M7"	"DAP12 signaling"	"DAP12 signaling"	"2/37"	"164/7644"	0.187964545334905	0.411900128624224	0.398785699577708	"VAV3/PDE1A"	2
"M7"	"Iron uptake and transport"	"Iron uptake and transport"	"1/37"	"43/7644"	0.188782599425905	0.411900128624224	0.398785699577708	"TF"	1
"M7"	"Inositol phosphate metabolism"	"Inositol phosphate metabolism"	"1/37"	"44/7644"	0.192731427714452	0.411900128624224	0.398785699577708	"PLCH2"	1
"M7"	"Ion channel transport"	"Ion channel transport"	"2/37"	"167/7644"	0.193237097379265	0.411900128624224	0.398785699577708	"ATP8A1/ATP10B"	2
"M7"	"NRAGE signals death through JNK"	"NRAGE signals death through JNK"	"1/37"	"45/7644"	0.196661551026895	0.413755470991648	0.400581969965923	"VAV3"	1
"M7"	"G alpha (z) signalling events"	"G alpha (z) signalling events"	"1/37"	"46/7644"	0.200573055515907	0.416574807609961	0.403311542130501	"GNAI1"	1
"M7"	"Chaperonin-mediated protein folding"	"Chaperonin-mediated protein folding"	"1/37"	"48/7644"	0.208340550708401	0.416638147177905	0.403372865039038	"TUBB4A"	1
"M7"	"EPH-ephrin mediated repulsion of cells"	"EPH-ephrin mediated repulsion of cells"	"1/37"	"48/7644"	0.208340550708401	0.416638147177905	0.403372865039038	"VAV3"	1
"M7"	"GPVI-mediated activation cascade"	"GPVI-mediated activation cascade"	"1/37"	"49/7644"	0.212196711796314	0.416638147177905	0.403372865039038	"VAV3"	1
"M7"	"Muscle contraction"	"Muscle contraction"	"1/37"	"49/7644"	0.212196711796314	0.416638147177905	0.403372865039038	"MYLK"	1
"M7"	"DAP12 interactions"	"DAP12 interactions"	"2/37"	"179/7644"	0.21451938035705	0.416638147177905	0.403372865039038	"VAV3/PDE1A"	2
"M7"	"Arachidonic acid metabolism"	"Arachidonic acid metabolism"	"1/37"	"50/7644"	0.216034594832988	0.416638147177905	0.403372865039038	"PTGDS"	1
"M7"	"Cellular response to heat stress"	"Cellular response to heat stress"	"1/37"	"51/7644"	0.219854284060165	0.419016400208785	0.405675397213183	"HSPA2"	1
"M7"	"Phospholipase C-mediated cascade"	"Phospholipase C-mediated cascade"	"1/37"	"54/7644"	0.231205025653694	0.427666848040001	0.414050424678103	"PDE1A"	1
"M7"	"Protein folding"	"Protein folding"	"1/37"	"54/7644"	0.231205025653694	0.427666848040001	0.414050424678103	"TUBB4A"	1
"M7"	"Membrane Trafficking"	"Membrane Trafficking"	"2/37"	"190/7644"	0.234234925561955	0.427666848040001	0.414050424678103	"GJB1/GJC2"	2
"M7"	"GABA receptor activation"	"GABA receptor activation"	"1/37"	"55/7644"	0.234952774540494	0.427666848040001	0.414050424678103	"GNAI1"	1
"M7"	"Meiotic synapsis"	"Meiotic synapsis"	"1/37"	"57/7644"	0.242395019637872	0.43631103534817	0.422419390947871	"HSPA2"	1
"M7"	"Cell-cell junction organization"	"Cell-cell junction organization"	"1/37"	"60/7644"	0.253426480134053	0.439920775581183	0.425914201179962	"CLDN11"	1
"M7"	"Transmission across Chemical Synapses"	"Transmission across Chemical Synapses"	"2/37"	"201/7644"	0.254075197992103	0.439920775581183	0.425914201179962	"GNAI1/RASGRF1"	2
"M7"	"Cell death signalling via NRAGE, NRIF and NADE"	"Cell death signalling via NRAGE, NRIF and NADE"	"1/37"	"61/7644"	0.257068782380234	0.439920775581183	0.425914201179962	"VAV3"	1
"M7"	"FCERI mediated Ca+2 mobilization"	"FCERI mediated Ca+2 mobilization"	"1/37"	"62/7644"	0.260693792936997	0.439920775581183	0.425914201179962	"VAV3"	1
"M7"	"Loss of Nlp from mitotic centrosomes"	"Loss of Nlp from mitotic centrosomes"	"1/37"	"62/7644"	0.260693792936997	0.439920775581183	0.425914201179962	"TUBB4A"	1
"M7"	"Loss of proteins required for interphase microtubule organization from the centrosome"	"Loss of proteins required for interphase microtubule organization from the centrosome"	"1/37"	"62/7644"	0.260693792936997	0.439920775581183	0.425914201179962	"TUBB4A"	1
"M7"	"Collagen biosynthesis and modifying enzymes"	"Collagen biosynthesis and modifying enzymes"	"1/37"	"64/7644"	0.267892257911601	0.442842303894688	0.428742711373024	"ADAMTS3"	1
"M7"	"O-linked glycosylation of mucins"	"O-linked glycosylation of mucins"	"1/37"	"64/7644"	0.267892257911601	0.442842303894688	0.428742711373024	"GALNT13"	1
"M7"	"NCAM signaling for neurite out-growth"	"NCAM signaling for neurite out-growth"	"1/37"	"70/7644"	0.289080880404771	0.473041440662353	0.457980342161732	"CNTN2"	1
"M7"	"Centrosome maturation"	"Centrosome maturation"	"1/37"	"72/7644"	0.29601024041156	0.474788702442305	0.459671973124778	"TUBB4A"	1
"M7"	"Recruitment of mitotic centrosome proteins and complexes"	"Recruitment of mitotic centrosome proteins and complexes"	"1/37"	"72/7644"	0.29601024041156	0.474788702442305	0.459671973124778	"TUBB4A"	1
"M7"	"G alpha (12/13) signalling events"	"G alpha (12/13) signalling events"	"1/37"	"75/7644"	0.306281221358904	0.484106449588912	0.468693053858011	"VAV3"	1
"M7"	"FCERI mediated MAPK activation"	"FCERI mediated MAPK activation"	"1/37"	"77/7644"	0.313047384944731	0.484106449588912	0.468693053858011	"VAV3"	1
"M7"	"Regulation of insulin secretion"	"Regulation of insulin secretion"	"1/37"	"77/7644"	0.313047384944731	0.484106449588912	0.468693053858011	"GNAI1"	1
"M7"	"G alpha (i) signalling events"	"G alpha (i) signalling events"	"2/37"	"236/7644"	0.317331287228585	0.484106449588912	0.468693053858011	"GNAI1/GRM3"	2
"M7"	"Platelet degranulation"	"Platelet degranulation"	"1/37"	"79/7644"	0.319749321642059	0.484106449588912	0.468693053858011	"TF"	1
"M7"	"Platelet homeostasis"	"Platelet homeostasis"	"1/37"	"79/7644"	0.319749321642059	0.484106449588912	0.468693053858011	"PDE1A"	1
"M7"	"Regulation of PLK1 Activity at G2/M Transition"	"Regulation of PLK1 Activity at G2/M Transition"	"1/37"	"80/7644"	0.323076390392785	0.484614585589178	0.469185011389133	"TUBB4A"	1
"M7"	"Response to elevated platelet cytosolic Ca2+"	"Response to elevated platelet cytosolic Ca2+"	"1/37"	"84/7644"	0.336227048488591	0.492027751387528	0.476362150466158	"TF"	1
"M7"	"Cell junction organization"	"Cell junction organization"	"1/37"	"85/7644"	0.339475672722178	0.492027751387528	0.476362150466158	"CLDN11"	1
"M7"	"Meiosis"	"Meiosis"	"1/37"	"85/7644"	0.339475672722178	0.492027751387528	0.476362150466158	"HSPA2"	1
"M7"	"Collagen formation"	"Collagen formation"	"1/37"	"86/7644"	0.34270882527004	0.492027751387528	0.476362150466158	"ADAMTS3"	1
"M7"	"Class B/2 (Secretin family receptors)"	"Class B/2 (Secretin family receptors)"	"1/37"	"87/7644"	0.345926577779302	0.492027751387528	0.476362150466158	"WNT7B"	1
"M7"	"Glycerophospholipid biosynthesis"	"Glycerophospholipid biosynthesis"	"1/37"	"88/7644"	0.349129001574746	0.492027751387528	0.476362150466158	"GPD1"	1
"M7"	"Anchoring of the basal body to the plasma membrane"	"Anchoring of the basal body to the plasma membrane"	"1/37"	"89/7644"	0.352316167660205	0.492027751387528	0.476362150466158	"TUBB4A"	1
"M7"	"Degradation of the extracellular matrix"	"Degradation of the extracellular matrix"	"1/37"	"89/7644"	0.352316167660205	0.492027751387528	0.476362150466158	"ADAMTS9"	1
"M7"	"PCP/CE pathway"	"PCP/CE pathway"	"1/37"	"91/7644"	0.35864500912021	0.496585397243367	0.48077468609007	"ROR1"	1
"M7"	"EPH-Ephrin signaling"	"EPH-Ephrin signaling"	"1/37"	"94/7644"	0.368025595282159	0.496875004292581	0.481055072382031	"VAV3"	1
"M7"	"Transport of inorganic cations/anions and amino acids/oligopeptides"	"Transport of inorganic cations/anions and amino acids/oligopeptides"	"1/37"	"94/7644"	0.368025595282159	0.496875004292581	0.481055072382031	"SLC24A2"	1
"M7"	"Extracellular matrix organization"	"Extracellular matrix organization"	"2/37"	"266/7644"	0.370774636014384	0.496875004292581	0.481055072382031	"ADAMTS9/ADAMTS3"	2
"M7"	"Regulation of actin dynamics for phagocytic cup formation"	"Regulation of actin dynamics for phagocytic cup formation"	"1/37"	"95/7644"	0.371122688391373	0.496875004292581	0.481055072382031	"VAV3"	1
"M7"	"L1CAM interactions"	"L1CAM interactions"	"1/37"	"97/7644"	0.377272634438522	0.50096858015607	0.485018313471439	"CNTN2"	1
"M7"	"Cell surface interactions at the vascular wall"	"Cell surface interactions at the vascular wall"	"1/37"	"99/7644"	0.383364048624405	0.504797194131629	0.488725028756418	"MAG"	1
"M7"	"Regulatory RNA pathways"	"Regulatory RNA pathways"	"1/37"	"100/7644"	0.386387975755074	0.504797194131629	0.488725028756418	"MAEL"	1
"M7"	"MHC class II antigen presentation"	"MHC class II antigen presentation"	"1/37"	"103/7644"	0.395373443514723	0.511884912499706	0.495587082277168	"DYNC1I1"	1
"M7"	"Integration of energy metabolism"	"Integration of energy metabolism"	"1/37"	"104/7644"	0.398340050409029	0.511884912499706	0.495587082277168	"GNAI1"	1
"M7"	"VEGFA-VEGFR2 Pathway"	"VEGFA-VEGFR2 Pathway"	"1/37"	"105/7644"	0.401292493132485	0.511884912499706	0.495587082277168	"VAV3"	1
"M7"	"Signaling by Wnt"	"Signaling by Wnt"	"2/37"	"286/7644"	0.405582378524954	0.513315197820645	0.496971828949163	"ROR1/WNT7B"	2
"M7"	"Signaling by VEGF"	"Signaling by VEGF"	"1/37"	"113/7644"	0.424409953713103	0.532404080862089	0.515452943784609	"VAV3"	1
"M7"	"G2/M Transition"	"G2/M Transition"	"1/37"	"114/7644"	0.427237842667108	0.532404080862089	0.515452943784609	"TUBB4A"	1
"M7"	"Mitotic G2-G2/M phases"	"Mitotic G2-G2/M phases"	"1/37"	"116/7644"	0.432853124060961	0.535284016014319	0.518241185095084	"TUBB4A"	1
"M7"	"Fcgamma receptor (FCGR) dependent phagocytosis"	"Fcgamma receptor (FCGR) dependent phagocytosis"	"1/37"	"119/7644"	0.441175743355836	0.54144295775489	0.524204033174	"VAV3"	1
"M7"	"Rho GTPase cycle"	"Rho GTPase cycle"	"1/37"	"122/7644"	0.449379485671069	0.543279676706814	0.525982273094966	"VAV3"	1
"M7"	"Signaling by Rho GTPases"	"Signaling by Rho GTPases"	"1/37"	"122/7644"	0.449379485671069	0.543279676706814	0.525982273094966	"VAV3"	1
"M7"	"Factors involved in megakaryocyte development and platelet production"	"Factors involved in megakaryocyte development and platelet production"	"1/37"	"125/7644"	0.457466002487649	0.548959202985179	0.531480969751733	"DOCK5"	1
"M7"	"Cell-Cell communication"	"Cell-Cell communication"	"1/37"	"130/7644"	0.470687444383834	0.560584601716235	0.542736229081995	"CLDN11"	1
"M7"	"Axon guidance"	"Axon guidance"	"2/37"	"327/7644"	0.474074632315582	0.560584601716235	0.542736229081995	"CNTN2/VAV3"	2
"M7"	"Phospholipid metabolism"	"Phospholipid metabolism"	"1/37"	"138/7644"	0.491192269063606	0.576617011509451	0.558258185282054	"GPD1"	1
"M7"	"beta-catenin independent WNT signaling"	"beta-catenin independent WNT signaling"	"1/37"	"144/7644"	0.506061593713092	0.589798404183604	0.571019897487699	"ROR1"	1
"M7"	"Downstream signaling of activated FGFR"	"Downstream signaling of activated FGFR"	"1/37"	"149/7644"	0.518128972339009	0.599549239420854	0.580460277282048	"PDE1A"	1
"M7"	"Downstream signal transduction"	"Downstream signal transduction"	"1/37"	"161/7644"	0.545932179424753	0.623543313848642	0.603690407819673	"PDE1A"	1
"M7"	"Signaling by FGFR"	"Signaling by FGFR"	"1/37"	"162/7644"	0.548177336361982	0.623543313848642	0.603690407819673	"PDE1A"	1
"M7"	"Signaling by ERBB2"	"Signaling by ERBB2"	"1/37"	"163/7644"	0.550411690619481	0.623543313848642	0.603690407819673	"PDE1A"	1
"M7"	"Signaling by FGFR in disease"	"Signaling by FGFR in disease"	"1/37"	"177/7644"	0.580586257840991	0.631734907913123	0.611621190897046	"PDE1A"	1
"M7"	"Assembly of the primary cilium"	"Assembly of the primary cilium"	"1/37"	"179/7644"	0.58473274101	0.631734907913123	0.611621190897046	"TUBB4A"	1
"M7"	"Signaling by EGFR"	"Signaling by EGFR"	"1/37"	"179/7644"	0.58473274101	0.631734907913123	0.611621190897046	"PDE1A"	1
"M7"	"Signaling by Overexpressed Wild-Type EGFR in Cancer"	"Signaling by Overexpressed Wild-Type EGFR in Cancer"	"1/37"	"179/7644"	0.58473274101	0.631734907913123	0.611621190897046	"PDE1A"	1
"M7"	"Fatty acid, triacylglycerol, and ketone body metabolism"	"Fatty acid, triacylglycerol, and ketone body metabolism"	"1/37"	"181/7644"	0.588839327746183	0.631734907913123	0.611621190897046	"GPD1"	1
"M7"	"Signaling by EGFR in Cancer"	"Signaling by EGFR in Cancer"	"1/37"	"181/7644"	0.588839327746183	0.631734907913123	0.611621190897046	"PDE1A"	1
"M7"	"Signaling by EGFRvIII in Cancer"	"Signaling by EGFRvIII in Cancer"	"1/37"	"181/7644"	0.588839327746183	0.631734907913123	0.611621190897046	"PDE1A"	1
"M7"	"Signaling by Ligand-Responsive EGFR Variants in Cancer"	"Signaling by Ligand-Responsive EGFR Variants in Cancer"	"1/37"	"181/7644"	0.588839327746183	0.631734907913123	0.611621190897046	"PDE1A"	1
"M7"	"Signaling by PDGF"	"Signaling by PDGF"	"1/37"	"184/7644"	0.594925217726202	0.634065034681873	0.613877129094211	"PDE1A"	1
"M7"	"NGF signalling via TRKA from the plasma membrane"	"NGF signalling via TRKA from the plasma membrane"	"1/37"	"206/7644"	0.636953734274134	0.664055603580129	0.642912832575954	"PDE1A"	1
"M7"	"Defective ACTH causes Obesity and Pro-opiomelanocortinin deficiency (POMCD)"	"Defective ACTH causes Obesity and Pro-opiomelanocortinin deficiency (POMCD)"	"2/37"	"441/7644"	0.638389009771719	0.664055603580129	0.642912832575954	"GRM3/WNT7B"	2
"M7"	"GPCR ligand binding"	"GPCR ligand binding"	"2/37"	"441/7644"	0.638389009771719	0.664055603580129	0.642912832575954	"GRM3/WNT7B"	2
"M7"	"Antigen processing: Ubiquitination & Proteasome degradation"	"Antigen processing: Ubiquitination & Proteasome degradation"	"1/37"	"211/7644"	0.645896511980912	0.664055603580129	0.642912832575954	"FBXO2"	1
"M7"	"Fc epsilon receptor (FCERI) signaling"	"Fc epsilon receptor (FCERI) signaling"	"1/37"	"212/7644"	0.64765916892383	0.664055603580129	0.642912832575954	"VAV3"	1
"M7"	"Signaling by WNT in cancer"	"Signaling by WNT in cancer"	"1/37"	"212/7644"	0.64765916892383	0.664055603580129	0.642912832575954	"WNT7B"	1
"M7"	"Cellular responses to stress"	"Cellular responses to stress"	"1/37"	"249/7644"	0.707201213734937	0.720544632862011	0.697603315766339	"HSPA2"	1
"M7"	"Class I MHC mediated antigen processing & presentation"	"Class I MHC mediated antigen processing & presentation"	"1/37"	"255/7644"	0.715884798505826	0.724833358487149	0.701755493272159	"FBXO2"	1
"M7"	"Organelle biogenesis and maintenance"	"Organelle biogenesis and maintenance"	"1/37"	"324/7644"	0.799384448815194	0.804349569615288	0.778739999172696	"TUBB4A"	1
"M7"	"Cell Cycle, Mitotic"	"Cell Cycle, Mitotic"	"1/37"	"445/7644"	0.891891798669187	0.891891798669187	0.86349498376679	"TUBB4A"	1
"M8"	"Transmission across Chemical Synapses"	"Transmission across Chemical Synapses"	"18/40"	"201/7644"	1.1495353981722e-18	2.47150110607022e-16	2.08126408932229e-16	"SLC1A2/SNAP25/CAMK2B/SYN1/SYT1/PRKCB/CAMK2A/SYN2/RAB3A/SLC17A7/CPLX1/NEFL/CAMK4/GABRA2/GNG3/GRIN1/GRIN2A/KCNJ4"	18
"M8"	"Neuronal System"	"Neuronal System"	"18/40"	"280/7644"	4.50448317528465e-16	4.842319413431e-14	4.07774266394189e-14	"SLC1A2/SNAP25/CAMK2B/SYN1/SYT1/PRKCB/CAMK2A/SYN2/RAB3A/SLC17A7/CPLX1/NEFL/CAMK4/GABRA2/GNG3/GRIN1/GRIN2A/KCNJ4"	18
"M8"	"Dopamine Neurotransmitter Release Cycle"	"Dopamine Neurotransmitter Release Cycle"	"6/40"	"18/7644"	2.46123973327952e-10	1.32291635663774e-08	1.11403482664231e-08	"SNAP25/SYN1/SYT1/SYN2/RAB3A/CPLX1"	6
"M8"	"Serotonin Neurotransmitter Release Cycle"	"Serotonin Neurotransmitter Release Cycle"	"6/40"	"18/7644"	2.46123973327952e-10	1.32291635663774e-08	1.11403482664231e-08	"SNAP25/SYN1/SYT1/SYN2/RAB3A/CPLX1"	6
"M8"	"Neurotransmitter Release Cycle"	"Neurotransmitter Release Cycle"	"7/40"	"42/7644"	1.45978315538229e-09	5.84848086158225e-08	4.92503651501663e-08	"SNAP25/SYN1/SYT1/SYN2/RAB3A/SLC17A7/CPLX1"	7
"M8"	"Neurotransmitter Receptor Binding And Downstream Transmission In The  Postsynaptic Cell"	"Neurotransmitter Receptor Binding And Downstream Transmission In The  Postsynaptic Cell"	"10/40"	"140/7644"	1.63213419392993e-09	5.84848086158225e-08	4.92503651501663e-08	"CAMK2B/PRKCB/CAMK2A/NEFL/CAMK4/GABRA2/GNG3/GRIN1/GRIN2A/KCNJ4"	10
"M8"	"CREB phosphorylation through the activation of CaMKII"	"CREB phosphorylation through the activation of CaMKII"	"5/40"	"15/7644"	8.7562630873947e-09	2.68942366255694e-07	2.26477782110058e-07	"CAMK2B/CAMK2A/NEFL/GRIN1/GRIN2A"	5
"M8"	"Ras activation uopn Ca2+ infux through NMDA receptor"	"Ras activation uopn Ca2+ infux through NMDA receptor"	"5/40"	"17/7644"	1.79056863821633e-08	4.27746952462791e-07	3.60207959968666e-07	"CAMK2B/CAMK2A/NEFL/GRIN1/GRIN2A"	5
"M8"	"Unblocking of NMDA receptor, glutamate binding and activation"	"Unblocking of NMDA receptor, glutamate binding and activation"	"5/40"	"17/7644"	1.79056863821633e-08	4.27746952462791e-07	3.60207959968666e-07	"CAMK2B/CAMK2A/NEFL/GRIN1/GRIN2A"	5
"M8"	"Post NMDA receptor activation events"	"Post NMDA receptor activation events"	"6/40"	"35/7644"	2.01651153885352e-08	4.33549980853506e-07	3.65094720718742e-07	"CAMK2B/CAMK2A/NEFL/CAMK4/GRIN1/GRIN2A"	6
"M8"	"Activation of NMDA receptor upon glutamate binding and postsynaptic events"	"Activation of NMDA receptor upon glutamate binding and postsynaptic events"	"6/40"	"39/7644"	3.99170625488336e-08	7.80197131636294e-07	6.57008110851616e-07	"CAMK2B/CAMK2A/NEFL/CAMK4/GRIN1/GRIN2A"	6
"M8"	"Glutamate Neurotransmitter Release Cycle"	"Glutamate Neurotransmitter Release Cycle"	"5/40"	"21/7644"	5.79879979212707e-08	1.03895162942277e-06	8.74906635303383e-07	"SNAP25/SYT1/RAB3A/SLC17A7/CPLX1"	5
"M8"	"CREB phosphorylation through the activation of Ras"	"CREB phosphorylation through the activation of Ras"	"5/40"	"27/7644"	2.24833759661315e-07	3.71840448670636e-06	3.13128798880536e-06	"CAMK2B/CAMK2A/NEFL/GRIN1/GRIN2A"	5
"M8"	"Acetylcholine Neurotransmitter Release Cycle"	"Acetylcholine Neurotransmitter Release Cycle"	"4/40"	"17/7644"	1.45689588394827e-06	2.2373758217777e-05	1.88410595518122e-05	"SNAP25/SYT1/RAB3A/CPLX1"	4
"M8"	"Norepinephrine Neurotransmitter Release Cycle"	"Norepinephrine Neurotransmitter Release Cycle"	"4/40"	"18/7644"	1.86609532914201e-06	2.67473663843688e-05	2.25240980078895e-05	"SNAP25/SYT1/RAB3A/CPLX1"	4
"M8"	"GABA synthesis, release, reuptake and degradation"	"GABA synthesis, release, reuptake and degradation"	"4/40"	"19/7644"	2.35481661773689e-06	3.16428483008395e-05	2.66466090954438e-05	"SNAP25/SYT1/RAB3A/CPLX1"	4
"M8"	"Neurotoxicity of clostridium toxins"	"Neurotoxicity of clostridium toxins"	"3/40"	"20/7644"	0.000142295037165839	0.00179961370533267	0.00151546417291172	"SNAP25/SYT1/SV2B"	3
"M8"	"Glutamate Binding, Activation of AMPA Receptors and Synaptic Plasticity"	"Glutamate Binding, Activation of AMPA Receptors and Synaptic Plasticity"	"3/40"	"30/7644"	0.000488717660941076	0.0055302261632806	0.00465703255855208	"CAMK2B/PRKCB/CAMK2A"	3
"M8"	"Trafficking of AMPA receptors"	"Trafficking of AMPA receptors"	"3/40"	"30/7644"	0.000488717660941076	0.0055302261632806	0.00465703255855208	"CAMK2B/PRKCB/CAMK2A"	3
"M8"	"Uptake and actions of bacterial toxins"	"Uptake and actions of bacterial toxins"	"3/40"	"40/7644"	0.0011469888715648	0.0123301303693216	0.0103832676794287	"SNAP25/SYT1/SV2B"	3
"M8"	"EPH-Ephrin signaling"	"EPH-Ephrin signaling"	"4/40"	"94/7644"	0.00139680274724338	0.0136505723026058	0.0114952187811417	"DNM1/NGEF/EPHB6/GRIN1"	4
"M8"	"Transport of inorganic cations/anions and amino acids/oligopeptides"	"Transport of inorganic cations/anions and amino acids/oligopeptides"	"4/40"	"94/7644"	0.00139680274724338	0.0136505723026058	0.0114952187811417	"SLC1A2/SLC17A7/SLC4A10/SLC12A5"	4
"M8"	"G alpha (z) signalling events"	"G alpha (z) signalling events"	"3/40"	"46/7644"	0.00172443769429929	0.0161197436641021	0.0135745209802965	"PRKCB/RGS4/GNG3"	3
"M8"	"GABA receptor activation"	"GABA receptor activation"	"3/40"	"55/7644"	0.00288491627705116	0.0258440416485833	0.0217634034935439	"GABRA2/GNG3/KCNJ4"	3
"M8"	"Activation of G protein gated Potassium channels"	"Activation of G protein gated Potassium channels"	"2/40"	"25/7644"	0.00742353345760472	0.0570566761164635	0.0480477272559692	"GNG3/KCNJ4"	2
"M8"	"G protein gated Potassium channels"	"G protein gated Potassium channels"	"2/40"	"25/7644"	0.00742353345760472	0.0570566761164635	0.0480477272559692	"GNG3/KCNJ4"	2
"M8"	"Inhibition  of voltage gated Ca2+ channels via Gbeta/gamma subunits"	"Inhibition  of voltage gated Ca2+ channels via Gbeta/gamma subunits"	"2/40"	"25/7644"	0.00742353345760472	0.0570566761164635	0.0480477272559692	"GNG3/KCNJ4"	2
"M8"	"Regulation of insulin secretion"	"Regulation of insulin secretion"	"3/40"	"77/7644"	0.00743063688958594	0.0570566761164635	0.0480477272559692	"SNAP25/SYT5/GNG3"	3
"M8"	"Inwardly rectifying K+ channels"	"Inwardly rectifying K+ channels"	"2/40"	"31/7644"	0.0112813563431302	0.0836376418542412	0.0704316984035716	"GNG3/KCNJ4"	2
"M8"	"HSF1-dependent transactivation"	"HSF1-dependent transactivation"	"2/40"	"35/7644"	0.0142466962344216	0.102101323013355	0.0859800614849302	"CAMK2B/CAMK2A"	2
"M8"	"Integration of energy metabolism"	"Integration of energy metabolism"	"3/40"	"104/7644"	0.0167892974695593	0.114087072693987	0.0960733243738834	"SNAP25/SYT5/GNG3"	3
"M8"	"Activation of GABAB receptors"	"Activation of GABAB receptors"	"2/40"	"39/7644"	0.0175110390646584	0.114087072693987	0.0960733243738834	"GNG3/KCNJ4"	2
"M8"	"GABA B receptor activation"	"GABA B receptor activation"	"2/40"	"39/7644"	0.0175110390646584	0.114087072693987	0.0960733243738834	"GNG3/KCNJ4"	2
"M8"	"EPHB-mediated forward signaling"	"EPHB-mediated forward signaling"	"2/40"	"41/7644"	0.0192512399780744	0.121735782214294	0.1025143429173	"EPHB6/GRIN1"	2
"M8"	"Rho GTPase cycle"	"Rho GTPase cycle"	"3/40"	"122/7644"	0.0255229331264298	0.148268881780344	0.124858005709763	"NGEF/ARHGDIG/ARHGAP44"	3
"M8"	"Signaling by Rho GTPases"	"Signaling by Rho GTPases"	"3/40"	"122/7644"	0.0255229331264298	0.148268881780344	0.124858005709763	"NGEF/ARHGDIG/ARHGAP44"	3
"M8"	"EPH-ephrin mediated repulsion of cells"	"EPH-ephrin mediated repulsion of cells"	"2/40"	"48/7644"	0.0258820239965438	0.148268881780344	0.124858005709763	"DNM1/EPHB6"	2
"M8"	"Axon guidance"	"Axon guidance"	"5/40"	"327/7644"	0.0267709958331074	0.148268881780344	0.124858005709763	"DNM1/NGEF/EPHB6/SCN2B/GRIN1"	5
"M8"	"Amino acid and oligopeptide SLC transporters"	"Amino acid and oligopeptide SLC transporters"	"2/40"	"49/7644"	0.0268952855322485	0.148268881780344	0.124858005709763	"SLC1A2/SLC17A7"	2
"M8"	"Cellular response to heat stress"	"Cellular response to heat stress"	"2/40"	"51/7644"	0.0289694261627712	0.155710665624895	0.131124771052543	"CAMK2B/CAMK2A"	2
"M8"	"beta-catenin independent WNT signaling"	"beta-catenin independent WNT signaling"	"3/40"	"144/7644"	0.0389531917677785	0.204266737318839	0.172014094584285	"PRKCB/CAMK2A/GNG3"	3
"M8"	"Ca2+ pathway"	"Ca2+ pathway"	"2/40"	"61/7644"	0.0402452522536645	0.206017362727092	0.173488305454393	"CAMK2A/GNG3"	2
"M8"	"SLC-mediated transmembrane transport"	"SLC-mediated transmembrane transport"	"4/40"	"259/7644"	0.0453218794258376	0.226609397129188	0.190828966003527	"SLC1A2/SLC17A7/SLC4A10/SLC12A5"	4
"M8"	"Gap junction degradation"	"Gap junction degradation"	"1/40"	"10/7644"	0.0511428428358025	0.244349137993279	0.205767695152235	"DNM1"	1
"M8"	"Purine catabolism"	"Purine catabolism"	"1/40"	"10/7644"	0.0511428428358025	0.244349137993279	0.205767695152235	"GDA"	1
"M8"	"G alpha (12/13) signalling events"	"G alpha (12/13) signalling events"	"2/40"	"75/7644"	0.0583146258068723	0.272557490184294	0.229522096997301	"NGEF/GNG3"	2
"M8"	"Signalling by NGF"	"Signalling by NGF"	"4/40"	"287/7644"	0.0617521560793856	0.278159372268148	0.234239471383704	"DNM1/NGEF/CAMK4/NRG3"	4
"M8"	"Metabolism of nucleotides"	"Metabolism of nucleotides"	"2/40"	"78/7644"	0.0624957843991733	0.278159372268148	0.234239471383704	"AK5/GDA"	2
"M8"	"Opioid Signalling"	"Opioid Signalling"	"2/40"	"80/7644"	0.065338967259838	0.278159372268148	0.234239471383704	"CAMK4/GNG3"	2
"M8"	"GABA A receptor activation"	"GABA A receptor activation"	"1/40"	"13/7644"	0.065981990631049	0.278159372268148	0.234239471383704	"GABRA2"	1
"M8"	"Retrograde neurotrophin signalling"	"Retrograde neurotrophin signalling"	"1/40"	"13/7644"	0.065981990631049	0.278159372268148	0.234239471383704	"DNM1"	1
"M8"	"Response to elevated platelet cytosolic Ca2+"	"Response to elevated platelet cytosolic Ca2+"	"2/40"	"84/7644"	0.0711538258957431	0.294193703222784	0.247742065871818	"TUBA4A/PRKCB"	2
"M8"	"Constitutive Signaling by NOTCH1 HD Domain Mutants"	"Constitutive Signaling by NOTCH1 HD Domain Mutants"	"1/40"	"15/7644"	0.0757487938121854	0.296108921265816	0.24935488106595	"NEURL1"	1
"M8"	"Depolymerisation of the Nuclear Lamina"	"Depolymerisation of the Nuclear Lamina"	"1/40"	"15/7644"	0.0757487938121854	0.296108921265816	0.24935488106595	"PRKCB"	1
"M8"	"WNT5A-dependent internalization of FZD4"	"WNT5A-dependent internalization of FZD4"	"1/40"	"15/7644"	0.0757487938121854	0.296108921265816	0.24935488106595	"PRKCB"	1
"M8"	"Rap1 signalling"	"Rap1 signalling"	"1/40"	"16/7644"	0.0805947825718544	0.303997864086819	0.255998201336269	"RAP1GAP2"	1
"M8"	"Trafficking of GluR2-containing AMPA receptors"	"Trafficking of GluR2-containing AMPA receptors"	"1/40"	"16/7644"	0.0805947825718544	0.303997864086819	0.255998201336269	"PRKCB"	1
"M8"	"Interferon gamma signaling"	"Interferon gamma signaling"	"2/40"	"92/7644"	0.0832656828453652	0.30865727261644	0.259921913782265	"CAMK2B/CAMK2A"	2
"M8"	"Cytosolic sulfonation of small molecules"	"Cytosolic sulfonation of small molecules"	"1/40"	"17/7644"	0.0854159950387035	0.309419479050575	0.260563771832063	"SULT4A1"	1
"M8"	"Post-chaperonin tubulin folding pathway"	"Post-chaperonin tubulin folding pathway"	"1/40"	"18/7644"	0.0902125546556503	0.309419479050575	0.260563771832063	"TUBA4A"	1
"M8"	"Synthesis and interconversion of nucleotide di- and triphosphates"	"Synthesis and interconversion of nucleotide di- and triphosphates"	"1/40"	"18/7644"	0.0902125546556503	0.309419479050575	0.260563771832063	"AK5"	1
"M8"	"L1CAM interactions"	"L1CAM interactions"	"2/40"	"97/7644"	0.0911368501607483	0.309419479050575	0.260563771832063	"DNM1/SCN2B"	2
"M8"	"NGF signalling via TRKA from the plasma membrane"	"NGF signalling via TRKA from the plasma membrane"	"3/40"	"206/7644"	0.0921775436410043	0.309419479050575	0.260563771832063	"DNM1/CAMK4/NRG3"	3
"M8"	"Potassium Channels"	"Potassium Channels"	"2/40"	"99/7644"	0.0943455965255835	0.309419479050575	0.260563771832063	"GNG3/KCNJ4"	2
"M8"	"Ephrin signaling"	"Ephrin signaling"	"1/40"	"19/7644"	0.094984584266688	0.309419479050575	0.260563771832063	"EPHB6"	1
"M8"	"Prostacyclin signalling through prostacyclin receptor"	"Prostacyclin signalling through prostacyclin receptor"	"1/40"	"19/7644"	0.094984584266688	0.309419479050575	0.260563771832063	"GNG3"	1
"M8"	"Formation of tubulin folding intermediates by CCT/TriC"	"Formation of tubulin folding intermediates by CCT/TriC"	"1/40"	"20/7644"	0.099732206119715	0.315329769349099	0.265540858399241	"TUBA4A"	1
"M8"	"G beta:gamma signalling through PLC beta"	"G beta:gamma signalling through PLC beta"	"1/40"	"20/7644"	0.099732206119715	0.315329769349099	0.265540858399241	"GNG3"	1
"M8"	"NOTCH2 Activation and Transmission of Signal to the Nucleus"	"NOTCH2 Activation and Transmission of Signal to the Nucleus"	"1/40"	"21/7644"	0.10445554186935	0.320827735741574	0.270170724835009	"NEURL1"	1
"M8"	"Presynaptic function of Kainate receptors"	"Presynaptic function of Kainate receptors"	"1/40"	"21/7644"	0.10445554186935	0.320827735741574	0.270170724835009	"GNG3"	1
"M8"	"Platelet activation, signaling and aggregation"	"Platelet activation, signaling and aggregation"	"3/40"	"221/7644"	0.108090121648753	0.321483057597833	0.270722574819228	"TUBA4A/PRKCB/GNG3"	3
"M8"	"ADP signalling through P2Y purinoceptor 12"	"ADP signalling through P2Y purinoceptor 12"	"1/40"	"22/7644"	0.109154712579729	0.321483057597833	0.270722574819228	"GNG3"	1
"M8"	"Nephrin interactions"	"Nephrin interactions"	"1/40"	"22/7644"	0.109154712579729	0.321483057597833	0.270722574819228	"KIRREL3"	1
"M8"	"Thromboxane signalling through TP receptor"	"Thromboxane signalling through TP receptor"	"1/40"	"23/7644"	0.113829838727304	0.330721828734734	0.278502592618723	"GNG3"	1
"M8"	"ADP signalling through P2Y purinoceptor 1"	"ADP signalling through P2Y purinoceptor 1"	"1/40"	"25/7644"	0.123108436318024	0.332487562801855	0.279989526569984	"GNG3"	1
"M8"	"Calmodulin induced events"	"Calmodulin induced events"	"1/40"	"26/7644"	0.127712145800538	0.332487562801855	0.279989526569984	"CAMK4"	1
"M8"	"CaM pathway"	"CaM pathway"	"1/40"	"26/7644"	0.127712145800538	0.332487562801855	0.279989526569984	"CAMK4"	1
"M8"	"Ligand-gated ion channel transport"	"Ligand-gated ion channel transport"	"1/40"	"26/7644"	0.127712145800538	0.332487562801855	0.279989526569984	"GABRA2"	1
"M8"	"Prefoldin mediated transfer of substrate  to CCT/TriC"	"Prefoldin mediated transfer of substrate  to CCT/TriC"	"1/40"	"26/7644"	0.127712145800538	0.332487562801855	0.279989526569984	"TUBA4A"	1
"M8"	"Cooperation of Prefoldin and TriC/CCT  in actin and tubulin folding"	"Cooperation of Prefoldin and TriC/CCT  in actin and tubulin folding"	"1/40"	"27/7644"	0.132292286804474	0.332487562801855	0.279989526569984	"TUBA4A"	1
"M8"	"Recycling pathway of L1"	"Recycling pathway of L1"	"1/40"	"27/7644"	0.132292286804474	0.332487562801855	0.279989526569984	"DNM1"	1
"M8"	"Adrenaline,noradrenaline inhibits insulin secretion"	"Adrenaline,noradrenaline inhibits insulin secretion"	"1/40"	"28/7644"	0.136848976909216	0.332487562801855	0.279989526569984	"GNG3"	1
"M8"	"Ca-dependent events"	"Ca-dependent events"	"1/40"	"28/7644"	0.136848976909216	0.332487562801855	0.279989526569984	"CAMK4"	1
"M8"	"Gap junction trafficking"	"Gap junction trafficking"	"1/40"	"28/7644"	0.136848976909216	0.332487562801855	0.279989526569984	"DNM1"	1
"M8"	"G-protein activation"	"G-protein activation"	"1/40"	"28/7644"	0.136848976909216	0.332487562801855	0.279989526569984	"GNG3"	1
"M8"	"SHC1 events in ERBB4 signaling"	"SHC1 events in ERBB4 signaling"	"1/40"	"28/7644"	0.136848976909216	0.332487562801855	0.279989526569984	"NRG3"	1
"M8"	"Interaction between L1 and Ankyrins"	"Interaction between L1 and Ankyrins"	"1/40"	"29/7644"	0.141382333122928	0.332487562801855	0.279989526569984	"SCN2B"	1
"M8"	"PKMTs methylate histone lysines"	"PKMTs methylate histone lysines"	"1/40"	"29/7644"	0.141382333122928	0.332487562801855	0.279989526569984	"PRDM8"	1
"M8"	"Activated NOTCH1 Transmits Signal to the Nucleus"	"Activated NOTCH1 Transmits Signal to the Nucleus"	"1/40"	"30/7644"	0.14589247188525	0.332487562801855	0.279989526569984	"NEURL1"	1
"M8"	"Activation of Kainate Receptors upon glutamate binding"	"Activation of Kainate Receptors upon glutamate binding"	"1/40"	"30/7644"	0.14589247188525	0.332487562801855	0.279989526569984	"GNG3"	1
"M8"	"Gap junction trafficking and regulation"	"Gap junction trafficking and regulation"	"1/40"	"30/7644"	0.14589247188525	0.332487562801855	0.279989526569984	"DNM1"	1
"M8"	"Glucagon-type ligand receptors"	"Glucagon-type ligand receptors"	"1/40"	"30/7644"	0.14589247188525	0.332487562801855	0.279989526569984	"GNG3"	1
"M8"	"GRB2 events in ERBB2 signaling"	"GRB2 events in ERBB2 signaling"	"1/40"	"30/7644"	0.14589247188525	0.332487562801855	0.279989526569984	"NRG3"	1
"M8"	"DAG and IP3 signaling"	"DAG and IP3 signaling"	"1/40"	"31/7644"	0.150379509069987	0.332487562801855	0.279989526569984	"CAMK4"	1
"M8"	"SHC1 events in ERBB2 signaling"	"SHC1 events in ERBB2 signaling"	"1/40"	"32/7644"	0.154843559987786	0.332487562801855	0.279989526569984	"NRG3"	1
"M8"	"Signal amplification"	"Signal amplification"	"1/40"	"32/7644"	0.154843559987786	0.332487562801855	0.279989526569984	"GNG3"	1
"M8"	"Signaling by NOTCH2"	"Signaling by NOTCH2"	"1/40"	"32/7644"	0.154843559987786	0.332487562801855	0.279989526569984	"NEURL1"	1
"M8"	"Thrombin signalling through proteinase activated receptors (PARs)"	"Thrombin signalling through proteinase activated receptors (PARs)"	"1/40"	"32/7644"	0.154843559987786	0.332487562801855	0.279989526569984	"GNG3"	1
"M8"	"VEGFR2 mediated cell proliferation"	"VEGFR2 mediated cell proliferation"	"1/40"	"32/7644"	0.154843559987786	0.332487562801855	0.279989526569984	"PRKCB"	1
"M8"	"EGFR interacts with phospholipase C-gamma"	"EGFR interacts with phospholipase C-gamma"	"1/40"	"33/7644"	0.159284739388796	0.332487562801855	0.279989526569984	"CAMK4"	1
"M8"	"Glucagon signaling in metabolic regulation"	"Glucagon signaling in metabolic regulation"	"1/40"	"33/7644"	0.159284739388796	0.332487562801855	0.279989526569984	"GNG3"	1
"M8"	"PLC-gamma1 signalling"	"PLC-gamma1 signalling"	"1/40"	"33/7644"	0.159284739388796	0.332487562801855	0.279989526569984	"CAMK4"	1
"M8"	"Purine metabolism"	"Purine metabolism"	"1/40"	"33/7644"	0.159284739388796	0.332487562801855	0.279989526569984	"GDA"	1
"M8"	"EPHA-mediated growth cone collapse"	"EPHA-mediated growth cone collapse"	"1/40"	"34/7644"	0.163703161465323	0.335201711571852	0.282275125534191	"NGEF"	1
"M8"	"PLCG1 events in ERBB2 signaling"	"PLCG1 events in ERBB2 signaling"	"1/40"	"34/7644"	0.163703161465323	0.335201711571852	0.282275125534191	"CAMK4"	1
"M8"	"Downstream signaling of activated FGFR"	"Downstream signaling of activated FGFR"	"2/40"	"149/7644"	0.182907110377689	0.370990837086822	0.312413336494166	"CAMK4/NRG3"	2
"M8"	"Nuclear signaling by ERBB4"	"Nuclear signaling by ERBB4"	"1/40"	"39/7644"	0.185457869993776	0.37264899110899	0.31380967672336	"NRG3"	1
"M8"	"Signaling by Wnt"	"Signaling by Wnt"	"3/40"	"286/7644"	0.187470651946301	0.373205464522729	0.314278285913877	"PRKCB/CAMK2A/GNG3"	3
"M8"	"Glucagon-like Peptide-1 (GLP1) regulates insulin secretion"	"Glucagon-like Peptide-1 (GLP1) regulates insulin secretion"	"1/40"	"42/7644"	0.198244795462972	0.385400506175003	0.324547794673687	"GNG3"	1
"M8"	"PLC beta mediated events"	"PLC beta mediated events"	"1/40"	"43/7644"	0.202463449525256	0.385400506175003	0.324547794673687	"CAMK4"	1
"M8"	"Vasopressin regulates renal water homeostasis via Aquaporins"	"Vasopressin regulates renal water homeostasis via Aquaporins"	"1/40"	"43/7644"	0.202463449525256	0.385400506175003	0.324547794673687	"GNG3"	1
"M8"	"Downstream signal transduction"	"Downstream signal transduction"	"2/40"	"161/7644"	0.205755697440212	0.385400506175003	0.324547794673687	"CAMK4/NRG3"	2
"M8"	"G-protein mediated events"	"G-protein mediated events"	"1/40"	"44/7644"	0.20666045807926	0.385400506175003	0.324547794673687	"CAMK4"	1
"M8"	"Transcriptional activation of mitochondrial biogenesis"	"Transcriptional activation of mitochondrial biogenesis"	"1/40"	"44/7644"	0.20666045807926	0.385400506175003	0.324547794673687	"CAMK4"	1
"M8"	"Signaling by FGFR"	"Signaling by FGFR"	"2/40"	"162/7644"	0.207675754929504	0.385400506175003	0.324547794673687	"CAMK4/NRG3"	2
"M8"	"Signaling by ERBB2"	"Signaling by ERBB2"	"2/40"	"163/7644"	0.209597925976827	0.385400506175003	0.324547794673687	"CAMK4/NRG3"	2
"M8"	"NRAGE signals death through JNK"	"NRAGE signals death through JNK"	"1/40"	"45/7644"	0.210835929352527	0.385400506175003	0.324547794673687	"NGEF"	1
"M8"	"DAP12 signaling"	"DAP12 signaling"	"2/40"	"164/7644"	0.211522138272793	0.385400506175003	0.324547794673687	"CAMK4/NRG3"	2
"M8"	"Downstream signaling events of B Cell Receptor (BCR)"	"Downstream signaling events of B Cell Receptor (BCR)"	"2/40"	"170/7644"	0.223106311804521	0.391210825337663	0.32944069502119	"PRKCB/NRG3"	2
"M8"	"Chaperonin-mediated protein folding"	"Chaperonin-mediated protein folding"	"1/40"	"48/7644"	0.223234193873787	0.391210825337663	0.32944069502119	"TUBA4A"	1
"M8"	"G beta:gamma signalling through PI3Kgamma"	"G beta:gamma signalling through PI3Kgamma"	"1/40"	"48/7644"	0.223234193873787	0.391210825337663	0.32944069502119	"GNG3"	1
"M8"	"Nuclear Envelope Breakdown"	"Nuclear Envelope Breakdown"	"1/40"	"50/7644"	0.231393977723586	0.391210825337663	0.32944069502119	"PRKCB"	1
"M8"	"Amyloids"	"Amyloids"	"1/40"	"51/7644"	0.235442468754802	0.391210825337663	0.32944069502119	"SNCA"	1
"M8"	"Aquaporin-mediated transport"	"Aquaporin-mediated transport"	"1/40"	"51/7644"	0.235442468754802	0.391210825337663	0.32944069502119	"GNG3"	1
"M8"	"G-protein beta:gamma signalling"	"G-protein beta:gamma signalling"	"1/40"	"51/7644"	0.235442468754802	0.391210825337663	0.32944069502119	"GNG3"	1
"M8"	"Signaling by FGFR in disease"	"Signaling by FGFR in disease"	"2/40"	"177/7644"	0.236690936179099	0.391210825337663	0.32944069502119	"CAMK4/NRG3"	2
"M8"	"DAP12 interactions"	"DAP12 interactions"	"2/40"	"179/7644"	0.240583089318623	0.391210825337663	0.32944069502119	"CAMK4/NRG3"	2
"M8"	"Signaling by EGFR"	"Signaling by EGFR"	"2/40"	"179/7644"	0.240583089318623	0.391210825337663	0.32944069502119	"CAMK4/NRG3"	2
"M8"	"Signaling by Overexpressed Wild-Type EGFR in Cancer"	"Signaling by Overexpressed Wild-Type EGFR in Cancer"	"2/40"	"179/7644"	0.240583089318623	0.391210825337663	0.32944069502119	"CAMK4/NRG3"	2
"M8"	"Mitochondrial biogenesis"	"Mitochondrial biogenesis"	"1/40"	"53/7644"	0.243477171986335	0.391210825337663	0.32944069502119	"CAMK4"	1
"M8"	"Signaling by EGFR in Cancer"	"Signaling by EGFR in Cancer"	"2/40"	"181/7644"	0.24447912812008	0.391210825337663	0.32944069502119	"CAMK4/NRG3"	2
"M8"	"Signaling by EGFRvIII in Cancer"	"Signaling by EGFRvIII in Cancer"	"2/40"	"181/7644"	0.24447912812008	0.391210825337663	0.32944069502119	"CAMK4/NRG3"	2
"M8"	"Signaling by Ligand-Responsive EGFR Variants in Cancer"	"Signaling by Ligand-Responsive EGFR Variants in Cancer"	"2/40"	"181/7644"	0.24447912812008	0.391210825337663	0.32944069502119	"CAMK4/NRG3"	2
"M8"	"Golgi Associated Vesicle Biogenesis"	"Golgi Associated Vesicle Biogenesis"	"1/40"	"54/7644"	0.247463591841499	0.391210825337663	0.32944069502119	"TPD52L1"	1
"M8"	"Phospholipase C-mediated cascade"	"Phospholipase C-mediated cascade"	"1/40"	"54/7644"	0.247463591841499	0.391210825337663	0.32944069502119	"CAMK4"	1
"M8"	"Protein folding"	"Protein folding"	"1/40"	"54/7644"	0.247463591841499	0.391210825337663	0.32944069502119	"TUBA4A"	1
"M8"	"Signaling by PDGF"	"Signaling by PDGF"	"2/40"	"184/7644"	0.250329400473513	0.392852708772301	0.33082333370299	"CAMK4/NRG3"	2
"M8"	"Constitutive Signaling by NOTCH1 HD+PEST Domain Mutants"	"Constitutive Signaling by NOTCH1 HD+PEST Domain Mutants"	"1/40"	"57/7644"	0.259300359690574	0.401076095924269	0.337748291304648	"NEURL1"	1
"M8"	"Constitutive Signaling by NOTCH1 PEST Domain Mutants"	"Constitutive Signaling by NOTCH1 PEST Domain Mutants"	"1/40"	"57/7644"	0.259300359690574	0.401076095924269	0.337748291304648	"NEURL1"	1
"M8"	"Membrane Trafficking"	"Membrane Trafficking"	"2/40"	"190/7644"	0.262046440598212	0.402428462347255	0.338887126187162	"DNM1/TPD52L1"	2
"M8"	"Interferon Signaling"	"Interferon Signaling"	"2/40"	"196/7644"	0.273775221968709	0.410292710938441	0.345509651316582	"CAMK2B/CAMK2A"	2
"M8"	"Cell death signalling via NRAGE, NRIF and NADE"	"Cell death signalling via NRAGE, NRIF and NADE"	"1/40"	"61/7644"	0.274800699419235	0.410292710938441	0.345509651316582	"NGEF"	1
"M8"	"Clathrin derived vesicle budding"	"Clathrin derived vesicle budding"	"1/40"	"61/7644"	0.274800699419235	0.410292710938441	0.345509651316582	"TPD52L1"	1
"M8"	"trans-Golgi Network Vesicle Budding"	"trans-Golgi Network Vesicle Budding"	"1/40"	"61/7644"	0.274800699419235	0.410292710938441	0.345509651316582	"TPD52L1"	1
"M8"	"Loss of Nlp from mitotic centrosomes"	"Loss of Nlp from mitotic centrosomes"	"1/40"	"62/7644"	0.278626094648462	0.410305550338489	0.345520463442938	"TUBA4A"	1
"M8"	"Loss of proteins required for interphase microtubule organization from the centrosome"	"Loss of proteins required for interphase microtubule organization from the centrosome"	"1/40"	"62/7644"	0.278626094648462	0.410305550338489	0.345520463442938	"TUBA4A"	1
"M8"	"Activation of NF-kappaB in B cells"	"Activation of NF-kappaB in B cells"	"1/40"	"66/7644"	0.293731890263683	0.429607866712189	0.36177504565237	"PRKCB"	1
"M8"	"Signaling by the B Cell Receptor (BCR)"	"Signaling by the B Cell Receptor (BCR)"	"2/40"	"209/7644"	0.299173119957685	0.432484047846427	0.364197092923307	"PRKCB/NRG3"	2
"M8"	"Centrosome maturation"	"Centrosome maturation"	"1/40"	"72/7644"	0.315813932613437	0.432484047846427	0.364197092923307	"TUBA4A"	1
"M8"	"FBXW7 Mutants and NOTCH1 in Cancer"	"FBXW7 Mutants and NOTCH1 in Cancer"	"1/40"	"72/7644"	0.315813932613437	0.432484047846427	0.364197092923307	"NEURL1"	1
"M8"	"Recruitment of mitotic centrosome proteins and complexes"	"Recruitment of mitotic centrosome proteins and complexes"	"1/40"	"72/7644"	0.315813932613437	0.432484047846427	0.364197092923307	"TUBA4A"	1
"M8"	"Signaling by NOTCH1"	"Signaling by NOTCH1"	"1/40"	"72/7644"	0.315813932613437	0.432484047846427	0.364197092923307	"NEURL1"	1
"M8"	"Signaling by NOTCH1 HD Domain Mutants in Cancer"	"Signaling by NOTCH1 HD Domain Mutants in Cancer"	"1/40"	"72/7644"	0.315813932613437	0.432484047846427	0.364197092923307	"NEURL1"	1
"M8"	"Signaling by NOTCH1 HD+PEST Domain Mutants in Cancer"	"Signaling by NOTCH1 HD+PEST Domain Mutants in Cancer"	"1/40"	"72/7644"	0.315813932613437	0.432484047846427	0.364197092923307	"NEURL1"	1
"M8"	"Signaling by NOTCH1 in Cancer"	"Signaling by NOTCH1 in Cancer"	"1/40"	"72/7644"	0.315813932613437	0.432484047846427	0.364197092923307	"NEURL1"	1
"M8"	"Signaling by NOTCH1 PEST Domain Mutants in Cancer"	"Signaling by NOTCH1 PEST Domain Mutants in Cancer"	"1/40"	"72/7644"	0.315813932613437	0.432484047846427	0.364197092923307	"NEURL1"	1
"M8"	"Signaling by NOTCH1 t(7;9)(NOTCH1:M1580_K2555) Translocation Mutant"	"Signaling by NOTCH1 t(7;9)(NOTCH1:M1580_K2555) Translocation Mutant"	"1/40"	"72/7644"	0.315813932613437	0.432484047846427	0.364197092923307	"NEURL1"	1
"M8"	"Platelet degranulation"	"Platelet degranulation"	"1/40"	"79/7644"	0.340726273876053	0.457030544358768	0.384867826828436	"TUBA4A"	1
"M8"	"Platelet homeostasis"	"Platelet homeostasis"	"1/40"	"79/7644"	0.340726273876053	0.457030544358768	0.384867826828436	"GNG3"	1
"M8"	"Regulation of PLK1 Activity at G2/M Transition"	"Regulation of PLK1 Activity at G2/M Transition"	"1/40"	"80/7644"	0.344212189149676	0.457030544358768	0.384867826828436	"TUBA4A"	1
"M8"	"G alpha (i) signalling events"	"G alpha (i) signalling events"	"2/40"	"236/7644"	0.351472518029634	0.457030544358768	0.384867826828436	"RGS4/GNG3"	2
"M8"	"p75 NTR receptor-mediated signalling"	"p75 NTR receptor-mediated signalling"	"1/40"	"83/7644"	0.354562455435871	0.457030544358768	0.384867826828436	"NGEF"	1
"M8"	"Constitutive PI3K/AKT Signaling in Cancer"	"Constitutive PI3K/AKT Signaling in Cancer"	"1/40"	"86/7644"	0.364753384983828	0.457030544358768	0.384867826828436	"NRG3"	1
"M8"	"Class B/2 (Secretin family receptors)"	"Class B/2 (Secretin family receptors)"	"1/40"	"87/7644"	0.368115367598362	0.457030544358768	0.384867826828436	"GNG3"	1
"M8"	"Anchoring of the basal body to the plasma membrane"	"Anchoring of the basal body to the plasma membrane"	"1/40"	"89/7644"	0.374787368746222	0.457030544358768	0.384867826828436	"TUBA4A"	1
"M8"	"Defective AHCY causes Hypermethioninemia with S-adenosylhomocysteine hydrolase deficiency (HMAHCHD)"	"Defective AHCY causes Hypermethioninemia with S-adenosylhomocysteine hydrolase deficiency (HMAHCHD)"	"1/40"	"89/7644"	0.374787368746222	0.457030544358768	0.384867826828436	"SULT4A1"	1
"M8"	"Defective GCLC causes Hemolytic anemia due to gamma-glutamylcysteine synthetase deficiency (HAGGSD)"	"Defective GCLC causes Hemolytic anemia due to gamma-glutamylcysteine synthetase deficiency (HAGGSD)"	"1/40"	"89/7644"	0.374787368746222	0.457030544358768	0.384867826828436	"SULT4A1"	1
"M8"	"Defective GGT1 causes Glutathionuria (GLUTH)"	"Defective GGT1 causes Glutathionuria (GLUTH)"	"1/40"	"89/7644"	0.374787368746222	0.457030544358768	0.384867826828436	"SULT4A1"	1
"M8"	"Defective GSS causes Glutathione synthetase deficiency (GSS deficiency)"	"Defective GSS causes Glutathione synthetase deficiency (GSS deficiency)"	"1/40"	"89/7644"	0.374787368746222	0.457030544358768	0.384867826828436	"SULT4A1"	1
"M8"	"Defective MAT1A causes Methionine adenosyltransferase deficiency (MATD)"	"Defective MAT1A causes Methionine adenosyltransferase deficiency (MATD)"	"1/40"	"89/7644"	0.374787368746222	0.457030544358768	0.384867826828436	"SULT4A1"	1
"M8"	"Defective OPLAH causes 5-oxoprolinase deficiency (OPLAHD)"	"Defective OPLAH causes 5-oxoprolinase deficiency (OPLAHD)"	"1/40"	"89/7644"	0.374787368746222	0.457030544358768	0.384867826828436	"SULT4A1"	1
"M8"	"Defective SLC35D1 causes Schneckenbecken dysplasia (SCHBCKD)"	"Defective SLC35D1 causes Schneckenbecken dysplasia (SCHBCKD)"	"1/40"	"89/7644"	0.374787368746222	0.457030544358768	0.384867826828436	"SULT4A1"	1
"M8"	"Defective TPMT causes Thiopurine S-methyltransferase deficiency (TPMT deficiency)"	"Defective TPMT causes Thiopurine S-methyltransferase deficiency (TPMT deficiency)"	"1/40"	"89/7644"	0.374787368746222	0.457030544358768	0.384867826828436	"SULT4A1"	1
"M8"	"Defective UGT1A1 causes hyperbilirubinemia"	"Defective UGT1A1 causes hyperbilirubinemia"	"1/40"	"89/7644"	0.374787368746222	0.457030544358768	0.384867826828436	"SULT4A1"	1
"M8"	"Defective UGT1A4 causes hyperbilirubinemia"	"Defective UGT1A4 causes hyperbilirubinemia"	"1/40"	"89/7644"	0.374787368746222	0.457030544358768	0.384867826828436	"SULT4A1"	1
"M8"	"Phase II conjugation"	"Phase II conjugation"	"1/40"	"89/7644"	0.374787368746222	0.457030544358768	0.384867826828436	"SULT4A1"	1
"M8"	"Cellular responses to stress"	"Cellular responses to stress"	"2/40"	"249/7644"	0.376253052797683	0.457030544358768	0.384867826828436	"CAMK2B/CAMK2A"	2
"M8"	"PCP/CE pathway"	"PCP/CE pathway"	"1/40"	"91/7644"	0.381390664033864	0.460668498692589	0.387931367320075	"PRKCB"	1
"M8"	"PI3K/AKT Signaling in Cancer"	"PI3K/AKT Signaling in Cancer"	"1/40"	"100/7644"	0.410273588963866	0.482015418728039	0.405907721034138	"NRG3"	1
"M8"	"PI-3K cascade"	"PI-3K cascade"	"1/40"	"100/7644"	0.410273588963866	0.482015418728039	0.405907721034138	"NRG3"	1
"M8"	"PI3K events in ERBB2 signaling"	"PI3K events in ERBB2 signaling"	"1/40"	"100/7644"	0.410273588963866	0.482015418728039	0.405907721034138	"NRG3"	1
"M8"	"PI3K events in ERBB4 signaling"	"PI3K events in ERBB4 signaling"	"1/40"	"100/7644"	0.410273588963866	0.482015418728039	0.405907721034138	"NRG3"	1
"M8"	"PIP3 activates AKT signaling"	"PIP3 activates AKT signaling"	"1/40"	"100/7644"	0.410273588963866	0.482015418728039	0.405907721034138	"NRG3"	1
"M8"	"MHC class II antigen presentation"	"MHC class II antigen presentation"	"1/40"	"103/7644"	0.419605759209179	0.487649936378235	0.410652578002724	"DNM1"	1
"M8"	"PI3K/AKT activation"	"PI3K/AKT activation"	"1/40"	"103/7644"	0.419605759209179	0.487649936378235	0.410652578002724	"NRG3"	1
"M8"	"GAB1 signalosome"	"GAB1 signalosome"	"1/40"	"104/7644"	0.422684365445969	0.488586766510125	0.411441487587474	"NRG3"	1
"M8"	"VEGFA-VEGFR2 Pathway"	"VEGFA-VEGFR2 Pathway"	"1/40"	"105/7644"	0.425747047857396	0.489495268926952	0.412206542254276	"PRKCB"	1
"M8"	"Mitotic Prophase"	"Mitotic Prophase"	"1/40"	"106/7644"	0.428793886706806	0.490375987457252	0.412948199964001	"PRKCB"	1
"M8"	"Signaling by VEGF"	"Signaling by VEGF"	"1/40"	"113/7644"	0.449684798775982	0.509479907440617	0.429035711528941	"PRKCB"	1
"M8"	"G2/M Transition"	"G2/M Transition"	"1/40"	"114/7644"	0.452607731726316	0.509479907440617	0.429035711528941	"TUBA4A"	1
"M8"	"Orphan transporters"	"Orphan transporters"	"1/40"	"114/7644"	0.452607731726316	0.509479907440617	0.429035711528941	"GABRA2"	1
"M8"	"Mitotic G2-G2/M phases"	"Mitotic G2-G2/M phases"	"1/40"	"116/7644"	0.458408257944604	0.513321747177551	0.432270944991622	"TUBA4A"	1
"M8"	"Signaling by NOTCH"	"Signaling by NOTCH"	"1/40"	"122/7644"	0.475452573372647	0.529649239767457	0.446020412435753	"NEURL1"	1
"M8"	"Toll Like Receptor 4 (TLR4) Cascade"	"Toll Like Receptor 4 (TLR4) Cascade"	"1/40"	"124/7644"	0.481016917019134	0.531698126583404	0.447745790807077	"DNM1"	1
"M8"	"Cytokine Signaling in Immune system"	"Cytokine Signaling in Immune system"	"2/40"	"308/7644"	0.483385179081316	0.531698126583404	0.447745790807077	"CAMK2B/CAMK2A"	2
"M8"	"G alpha (s) signalling events"	"G alpha (s) signalling events"	"1/40"	"126/7644"	0.486523695069088	0.531698126583404	0.447745790807077	"GNG3"	1
"M8"	"Hemostasis"	"Hemostasis"	"3/40"	"497/7644"	0.487183864822933	0.531698126583404	0.447745790807077	"TUBA4A/PRKCB/GNG3"	3
"M8"	"Cell-Cell communication"	"Cell-Cell communication"	"1/40"	"130/7644"	0.497366870380906	0.540070086524721	0.454795862336607	"KIRREL3"	1
"M8"	"Organelle biogenesis and maintenance"	"Organelle biogenesis and maintenance"	"2/40"	"324/7644"	0.510572250752886	0.551623285989299	0.464524872412041	"TUBA4A/CAMK4"	2
"M8"	"Role of LAT2/NTAL/LAB on calcium mobilization"	"Role of LAT2/NTAL/LAB on calcium mobilization"	"1/40"	"141/7644"	0.526047288588856	0.56550083523302	0.476211229669911	"NRG3"	1
"M8"	"Signaling by SCF-KIT"	"Signaling by SCF-KIT"	"1/40"	"144/7644"	0.533588159841069	0.567927991910049	0.478255151082146	"NRG3"	1
"M8"	"Toll-Like Receptors Cascades"	"Toll-Like Receptors Cascades"	"1/40"	"144/7644"	0.533588159841069	0.567927991910049	0.478255151082146	"DNM1"	1
"M8"	"Signaling by ERBB4"	"Signaling by ERBB4"	"1/40"	"154/7644"	0.557889098544402	0.590867764468209	0.497572854289018	"NRG3"	1
"M8"	"Ion channel transport"	"Ion channel transport"	"1/40"	"167/7644"	0.587641615653612	0.619328173360425	0.521539514408779	"GABRA2"	1
"M8"	"Biological oxidations"	"Biological oxidations"	"1/40"	"174/7644"	0.60284405221576	0.632251079153115	0.532421961392096	"SULT4A1"	1
"M8"	"Assembly of the primary cilium"	"Assembly of the primary cilium"	"1/40"	"179/7644"	0.613366928649396	0.640164512910778	0.539085905609076	"TUBA4A"	1
"M8"	"G alpha (q) signalling events"	"G alpha (q) signalling events"	"1/40"	"189/7644"	0.633603477499811	0.658090568417679	0.554181531299098	"GNG3"	1
"M8"	"Chromatin modifying enzymes"	"Chromatin modifying enzymes"	"1/40"	"208/7644"	0.669246719980029	0.688459544477064	0.579755405875422	"PRDM8"	1
"M8"	"Chromatin organization"	"Chromatin organization"	"1/40"	"208/7644"	0.669246719980029	0.688459544477064	0.579755405875422	"PRDM8"	1
"M8"	"Fc epsilon receptor (FCERI) signaling"	"Fc epsilon receptor (FCERI) signaling"	"1/40"	"212/7644"	0.676307714223795	0.692410278848171	0.583082340082671	"NRG3"	1
"M8"	"Gastrin-CREB signalling pathway via PKC and MAPK"	"Gastrin-CREB signalling pathway via PKC and MAPK"	"1/40"	"217/7644"	0.684927519425743	0.695184602402088	0.585418612549127	"GNG3"	1
"M8"	"Cell Cycle, Mitotic"	"Cell Cycle, Mitotic"	"2/40"	"445/7644"	0.685484352136012	0.695184602402088	0.585418612549127	"TUBA4A/PRKCB"	2
"M8"	"M Phase"	"M Phase"	"1/40"	"266/7644"	0.758389639818034	0.765510669299893	0.644640563620963	"PRKCB"	1
"M8"	"Defective ACTH causes Obesity and Pro-opiomelanocortinin deficiency (POMCD)"	"Defective ACTH causes Obesity and Pro-opiomelanocortinin deficiency (POMCD)"	"1/40"	"441/7644"	0.90774570931539	0.90774570931539	0.764417439423487	"GNG3"	1
"M8"	"GPCR ligand binding"	"GPCR ligand binding"	"1/40"	"441/7644"	0.90774570931539	0.90774570931539	0.764417439423487	"GNG3"	1
"M9"	"Interferon Signaling"	"Interferon Signaling"	"20/25"	"196/7644"	2.69693591230845e-28	5.66356541584774e-27	3.40665588923172e-27	"IFI6/GBP1/MX1/BST2/VCAM1/ISG15/OAS3/IFIT3/IFI27/IFIT1/OAS1/OAS2/GBP3/IFITM1/GBP4/RSAD2/MX2/XAF1/OASL/GBP5"	20
"M9"	"Interferon alpha/beta signaling"	"Interferon alpha/beta signaling"	"15/25"	"67/7644"	7.90659749224489e-26	8.30192736685714e-25	4.99364052141783e-25	"IFI6/MX1/BST2/ISG15/OAS3/IFIT3/IFI27/IFIT1/OAS1/OAS2/IFITM1/RSAD2/MX2/XAF1/OASL"	15
"M9"	"Cytokine Signaling in Immune system"	"Cytokine Signaling in Immune system"	"20/25"	"308/7644"	3.07204243350549e-24	2.15042970345384e-23	1.29349155094968e-23	"IFI6/GBP1/MX1/BST2/VCAM1/ISG15/OAS3/IFIT3/IFI27/IFIT1/OAS1/OAS2/GBP3/IFITM1/GBP4/RSAD2/MX2/XAF1/OASL/GBP5"	20
"M9"	"Interferon gamma signaling"	"Interferon gamma signaling"	"9/25"	"92/7644"	6.20517104542104e-12	3.25771479884605e-11	1.95952769855401e-11	"GBP1/VCAM1/OAS3/OAS1/OAS2/GBP3/GBP4/OASL/GBP5"	9
"M9"	"Antiviral mechanism by IFN-stimulated genes"	"Antiviral mechanism by IFN-stimulated genes"	"4/25"	"73/7644"	8.32067168310196e-05	0.000291223508908569	0.000175172035433725	"MX1/ISG15/IFIT1/MX2"	4
"M9"	"ISG15 antiviral mechanism"	"ISG15 antiviral mechanism"	"4/25"	"73/7644"	8.32067168310196e-05	0.000291223508908569	0.000175172035433725	"MX1/ISG15/IFIT1/MX2"	4
"M9"	"Chemokine receptors bind chemokines"	"Chemokine receptors bind chemokines"	"3/25"	"55/7644"	0.000724771872390648	0.00217431561717194	0.00130785901784779	"CXCL10/CXCL9/CXCL11"	3
"M9"	"Peptide ligand-binding receptors"	"Peptide ligand-binding receptors"	"3/25"	"190/7644"	0.0232553755066643	0.0610453607049938	0.036719013957891	"CXCL10/CXCL9/CXCL11"	3
"M9"	"G alpha (i) signalling events"	"G alpha (i) signalling events"	"3/25"	"236/7644"	0.0405172960952478	0.0945403575555781	0.0568663804845583	"CXCL10/CXCL9/CXCL11"	3
"M9"	"Immunoregulatory interactions between a Lymphoid and a non-Lymphoid cell"	"Immunoregulatory interactions between a Lymphoid and a non-Lymphoid cell"	"2/25"	"111/7644"	0.0504660570008423	0.105978719701769	0.0637465983168535	"VCAM1/IFITM1"	2
"M9"	"Class A/1 (Rhodopsin-like receptors)"	"Class A/1 (Rhodopsin-like receptors)"	"3/25"	"314/7644"	0.0810936618741237	0.153636918855999	0.0924131842742853	"CXCL10/CXCL9/CXCL11"	3
"M9"	"PD-1 signaling"	"PD-1 signaling"	"1/25"	"28/7644"	0.087792525060571	0.153636918855999	0.0924131842742853	"PDCD1LG2"	1
"M9"	"Negative regulators of RIG-I/MDA5 signaling"	"Negative regulators of RIG-I/MDA5 signaling"	"1/25"	"33/7644"	0.102670329309872	0.16585207042364	0.0997606438638433	"ISG15"	1
"M9"	"Scavenging of heme from plasma"	"Scavenging of heme from plasma"	"1/25"	"47/7644"	0.143099245117595	0.214648867676393	0.129112100857981	"APOL1"	1
"M9"	"Defective ACTH causes Obesity and Pro-opiomelanocortinin deficiency (POMCD)"	"Defective ACTH causes Obesity and Pro-opiomelanocortinin deficiency (POMCD)"	"3/25"	"441/7644"	0.172335052244901	0.226189756071432	0.136053988614395	"CXCL10/CXCL9/CXCL11"	3
"M9"	"GPCR ligand binding"	"GPCR ligand binding"	"3/25"	"441/7644"	0.172335052244901	0.226189756071432	0.136053988614395	"CXCL10/CXCL9/CXCL11"	3
"M9"	"Integrin cell surface interactions"	"Integrin cell surface interactions"	"1/25"	"66/7644"	0.195179005940153	0.240499218826963	0.14466118425682	"VCAM1"	1
"M9"	"Costimulation by the CD28 family"	"Costimulation by the CD28 family"	"1/25"	"73/7644"	0.213589149436846	0.240499218826963	0.14466118425682	"PDCD1LG2"	1
"M9"	"Binding and Uptake of Ligands by Scavenger Receptors"	"Binding and Uptake of Ligands by Scavenger Receptors"	"1/25"	"76/7644"	0.221354835589985	0.240499218826963	0.14466118425682	"APOL1"	1
"M9"	"RIG-I/MDA5 mediated induction of IFN-alpha/beta pathways"	"RIG-I/MDA5 mediated induction of IFN-alpha/beta pathways"	"1/25"	"79/7644"	0.229046875073298	0.240499218826963	0.14466118425682	"ISG15"	1
"M9"	"Extracellular matrix organization"	"Extracellular matrix organization"	"1/25"	"266/7644"	0.588060474674687	0.588060474674687	0.353720586270489	"VCAM1"	1
"Not.Correlated"	"Axon guidance"	"Axon guidance"	"16/133"	"327/7644"	0.000163818788627449	0.0695467434135843	0.0656986779885412	"EGFR/MYH14/LAMA1/SEMA3A/EPHA3/CACNA1G/CACNB2/UNC5C/SEMA3E/EPHA5/SCN7A/MYH11/GFRA2/SLIT2/ANK1/EFNA5"	16
"Not.Correlated"	"EPHA-mediated growth cone collapse"	"EPHA-mediated growth cone collapse"	"5/133"	"34/7644"	0.000274346127864238	0.0695467434135843	0.0656986779885412	"MYH14/EPHA3/EPHA5/MYH11/EFNA5"	5
"Not.Correlated"	"O-glycosylation of TSR domain-containing proteins"	"O-glycosylation of TSR domain-containing proteins"	"5/133"	"39/7644"	0.00052948982920484	0.0894837811356179	0.0845325867677902	"SPON1/ADAMTS15/ADAMTS5/SSPO/ADAMTSL1"	5
"Not.Correlated"	"O-linked glycosylation"	"O-linked glycosylation"	"7/133"	"103/7644"	0.00204149495323279	0.207448926303592	0.195970645630924	"SPON1/B3GNT7/ADAMTS15/B4GALT6/ADAMTS5/SSPO/ADAMTSL1"	7
"Not.Correlated"	"Oncogene Induced Senescence"	"Oncogene Induced Senescence"	"4/133"	"32/7644"	0.00215882122788628	0.207448926303592	0.195970645630924	"MDM2/CDK6/CDKN2A/CDKN2B"	4
"Not.Correlated"	"Downstream signaling of activated FGFR"	"Downstream signaling of activated FGFR"	"8/133"	"149/7644"	0.00434480135688896	0.207448926303592	0.195970645630924	"EGFR/MDM2/PDGFA/FGFR3/ADCY8/TRIB3/PDE1C/THEM4"	8
"Not.Correlated"	"Signaling by PDGF"	"Signaling by PDGF"	"9/133"	"184/7644"	0.00468280916606254	0.207448926303592	0.195970645630924	"EGFR/MDM2/PDGFA/FGFR3/THBS4/ADCY8/TRIB3/PDE1C/THEM4"	9
"Not.Correlated"	"Diseases associated with visual transduction"	"Diseases associated with visual transduction"	"6/133"	"92/7644"	0.005203736896923	0.207448926303592	0.195970645630924	"LPL/LDLR/GPC6/RPE65/AKR1C3/HSD17B6"	6
"Not.Correlated"	"Visual phototransduction"	"Visual phototransduction"	"6/133"	"92/7644"	0.005203736896923	0.207448926303592	0.195970645630924	"LPL/LDLR/GPC6/RPE65/AKR1C3/HSD17B6"	6
"Not.Correlated"	"Retinoid metabolism and transport"	"Retinoid metabolism and transport"	"4/133"	"41/7644"	0.00538970559008662	0.207448926303592	0.195970645630924	"LPL/LDLR/GPC6/AKR1C3"	4
"Not.Correlated"	"Downstream signal transduction"	"Downstream signal transduction"	"8/133"	"161/7644"	0.00689037259629338	0.207448926303592	0.195970645630924	"EGFR/MDM2/PDGFA/FGFR3/ADCY8/TRIB3/PDE1C/THEM4"	8
"Not.Correlated"	"Signaling by FGFR"	"Signaling by FGFR"	"8/133"	"162/7644"	0.00714468367925384	0.207448926303592	0.195970645630924	"EGFR/MDM2/PDGFA/FGFR3/ADCY8/TRIB3/PDE1C/THEM4"	8
"Not.Correlated"	"Signaling by ERBB2"	"Signaling by ERBB2"	"8/133"	"163/7644"	0.00740603918644884	0.207448926303592	0.195970645630924	"EGFR/MDM2/PDGFA/FGFR3/ADCY8/TRIB3/PDE1C/THEM4"	8
"Not.Correlated"	"DAP12 signaling"	"DAP12 signaling"	"8/133"	"164/7644"	0.00767455924159795	0.207448926303592	0.195970645630924	"EGFR/MDM2/PDGFA/FGFR3/ADCY8/TRIB3/PDE1C/THEM4"	8
"Not.Correlated"	"PI3K/AKT Signaling in Cancer"	"PI3K/AKT Signaling in Cancer"	"6/133"	"100/7644"	0.00777422011788609	0.207448926303592	0.195970645630924	"EGFR/MDM2/PDGFA/FGFR3/TRIB3/THEM4"	6
"Not.Correlated"	"PI-3K cascade"	"PI-3K cascade"	"6/133"	"100/7644"	0.00777422011788609	0.207448926303592	0.195970645630924	"EGFR/MDM2/PDGFA/FGFR3/TRIB3/THEM4"	6
"Not.Correlated"	"PI3K events in ERBB2 signaling"	"PI3K events in ERBB2 signaling"	"6/133"	"100/7644"	0.00777422011788609	0.207448926303592	0.195970645630924	"EGFR/MDM2/PDGFA/FGFR3/TRIB3/THEM4"	6
"Not.Correlated"	"PI3K events in ERBB4 signaling"	"PI3K events in ERBB4 signaling"	"6/133"	"100/7644"	0.00777422011788609	0.207448926303592	0.195970645630924	"EGFR/MDM2/PDGFA/FGFR3/TRIB3/THEM4"	6
"Not.Correlated"	"PIP3 activates AKT signaling"	"PIP3 activates AKT signaling"	"6/133"	"100/7644"	0.00777422011788609	0.207448926303592	0.195970645630924	"EGFR/MDM2/PDGFA/FGFR3/TRIB3/THEM4"	6
"Not.Correlated"	"PI3K/AKT activation"	"PI3K/AKT activation"	"6/133"	"103/7644"	0.00894067597984096	0.225879631940099	0.213381568634372	"EGFR/MDM2/PDGFA/FGFR3/TRIB3/THEM4"	6
"Not.Correlated"	"GAB1 signalosome"	"GAB1 signalosome"	"6/133"	"104/7644"	0.0093559610862763	0.225879631940099	0.213381568634372	"EGFR/MDM2/PDGFA/FGFR3/TRIB3/THEM4"	6
"Not.Correlated"	"Signaling by FGFR in disease"	"Signaling by FGFR in disease"	"8/133"	"177/7644"	0.0118721266943766	0.235183254519943	0.222170415875789	"EGFR/MDM2/PDGFA/FGFR3/ADCY8/TRIB3/PDE1C/THEM4"	8
"Not.Correlated"	"DAP12 interactions"	"DAP12 interactions"	"8/133"	"179/7644"	0.0126440396894376	0.235183254519943	0.222170415875789	"EGFR/MDM2/PDGFA/FGFR3/ADCY8/TRIB3/PDE1C/THEM4"	8
"Not.Correlated"	"Signaling by EGFR"	"Signaling by EGFR"	"8/133"	"179/7644"	0.0126440396894376	0.235183254519943	0.222170415875789	"EGFR/MDM2/PDGFA/FGFR3/ADCY8/TRIB3/PDE1C/THEM4"	8
"Not.Correlated"	"Signaling by Overexpressed Wild-Type EGFR in Cancer"	"Signaling by Overexpressed Wild-Type EGFR in Cancer"	"8/133"	"179/7644"	0.0126440396894376	0.235183254519943	0.222170415875789	"EGFR/MDM2/PDGFA/FGFR3/ADCY8/TRIB3/PDE1C/THEM4"	8
"Not.Correlated"	"Gastrin-CREB signalling pathway via PKC and MAPK"	"Gastrin-CREB signalling pathway via PKC and MAPK"	"9/133"	"217/7644"	0.0132043423965561	0.235183254519943	0.222170415875789	"EGFR/NMB/LPAR1/DGKG/OXTR/RASGRP1/MCHR1/F2RL1/CHRM3"	9
"Not.Correlated"	"Signaling by EGFR in Cancer"	"Signaling by EGFR in Cancer"	"8/133"	"181/7644"	0.013452296609622	0.235183254519943	0.222170415875789	"EGFR/MDM2/PDGFA/FGFR3/ADCY8/TRIB3/PDE1C/THEM4"	8
"Not.Correlated"	"Signaling by EGFRvIII in Cancer"	"Signaling by EGFRvIII in Cancer"	"8/133"	"181/7644"	0.013452296609622	0.235183254519943	0.222170415875789	"EGFR/MDM2/PDGFA/FGFR3/ADCY8/TRIB3/PDE1C/THEM4"	8
"Not.Correlated"	"Signaling by Ligand-Responsive EGFR Variants in Cancer"	"Signaling by Ligand-Responsive EGFR Variants in Cancer"	"8/133"	"181/7644"	0.013452296609622	0.235183254519943	0.222170415875789	"EGFR/MDM2/PDGFA/FGFR3/ADCY8/TRIB3/PDE1C/THEM4"	8
"Not.Correlated"	"ECM proteoglycans"	"ECM proteoglycans"	"4/133"	"55/7644"	0.0150677722498911	0.254645351023159	0.240555662235103	"TGFB2/HAPLN1/TNXB/LAMA1"	4
"Not.Correlated"	"HS-GAG biosynthesis"	"HS-GAG biosynthesis"	"3/133"	"31/7644"	0.0162229844105902	0.263817449907351	0.249220263070372	"HS3ST1/GPC6/HS6ST2"	3
"Not.Correlated"	"G alpha (q) signalling events"	"G alpha (q) signalling events"	"8/133"	"189/7644"	0.0170674926388764	0.263817449907351	0.249220263070372	"NMB/LPAR1/DGKG/OXTR/RASGRP1/MCHR1/F2RL1/CHRM3"	8
"Not.Correlated"	"Extracellular matrix organization"	"Extracellular matrix organization"	"10/133"	"266/7644"	0.017342004429946	0.263817449907351	0.249220263070372	"PDGFA/TGFB2/COL22A1/HAPLN1/TNXB/BMP2/LAMA1/PCOLCE2/FBN2/ADAMTS5"	10
"Not.Correlated"	"Bile salt and organic anion SLC transporters"	"Bile salt and organic anion SLC transporters"	"2/133"	"12/7644"	0.0176918999937868	0.263817449907351	0.249220263070372	"SLC47A1/SLC16A7"	2
"Not.Correlated"	"EGFR interacts with phospholipase C-gamma"	"EGFR interacts with phospholipase C-gamma"	"3/133"	"33/7644"	0.0192033015642034	0.270446497029197	0.255482520810308	"EGFR/ADCY8/PDE1C"	3
"Not.Correlated"	"Glutathione conjugation"	"Glutathione conjugation"	"3/133"	"33/7644"	0.0192033015642034	0.270446497029197	0.255482520810308	"GSTT2B/GSTM5/GSTM1"	3
"Not.Correlated"	"PLCG1 events in ERBB2 signaling"	"PLCG1 events in ERBB2 signaling"	"3/133"	"34/7644"	0.0207993827573601	0.278738980475593	0.263316175887874	"EGFR/ADCY8/PDE1C"	3
"Not.Correlated"	"Oxidative Stress Induced Senescence"	"Oxidative Stress Induced Senescence"	"5/133"	"91/7644"	0.020891679010005	0.278738980475593	0.263316175887874	"MDM2/CDK6/CDKN2A/CDKN2B/HIST1H2BD"	5
"Not.Correlated"	"EPH-Ephrin signaling"	"EPH-Ephrin signaling"	"5/133"	"94/7644"	0.0236717408144611	0.307732630587994	0.290705588949522	"MYH14/EPHA3/EPHA5/MYH11/EFNA5"	5
"Not.Correlated"	"NCAM1 interactions"	"NCAM1 interactions"	"3/133"	"37/7644"	0.0260123961405568	0.325638395803173	0.307620616818113	"CACNA1G/CACNB2/GFRA2"	3
"Not.Correlated"	"NGF signalling via TRKA from the plasma membrane"	"NGF signalling via TRKA from the plasma membrane"	"8/133"	"206/7644"	0.0269941803567169	0.325638395803173	0.307620616818113	"EGFR/MDM2/PDGFA/FGFR3/ADCY8/TRIB3/PDE1C/THEM4"	8
"Not.Correlated"	"Cyclin D associated events in G1"	"Cyclin D associated events in G1"	"3/133"	"38/7644"	0.0278915273190351	0.325638395803173	0.307620616818113	"CDK6/CDKN2A/CDKN2B"	3
"Not.Correlated"	"G1 Phase"	"G1 Phase"	"3/133"	"38/7644"	0.0278915273190351	0.325638395803173	0.307620616818113	"CDK6/CDKN2A/CDKN2B"	3
"Not.Correlated"	"Downstream signaling events of B Cell Receptor (BCR)"	"Downstream signaling events of B Cell Receptor (BCR)"	"7/133"	"170/7644"	0.0285458563170402	0.325638395803173	0.307620616818113	"EGFR/MDM2/PDGFA/FGFR3/TRIB3/RASGRP1/THEM4"	7
"Not.Correlated"	"Semaphorin interactions"	"Semaphorin interactions"	"4/133"	"67/7644"	0.0289028161955479	0.325638395803173	0.307620616818113	"MYH14/SEMA3A/SEMA3E/MYH11"	4
"Not.Correlated"	"Elastic fibre formation"	"Elastic fibre formation"	"3/133"	"41/7644"	0.0339508765944641	0.349196968769849	0.329875678999858	"TGFB2/BMP2/FBN2"	3
"Not.Correlated"	"Chylomicron-mediated lipid transport"	"Chylomicron-mediated lipid transport"	"2/133"	"17/7644"	0.0344526983402171	0.349196968769849	0.329875678999858	"LPL/LDLR"	2
"Not.Correlated"	"Neurotransmitter Receptor Binding And Downstream Transmission In The  Postsynaptic Cell"	"Neurotransmitter Receptor Binding And Downstream Transmission In The  Postsynaptic Cell"	"6/133"	"140/7644"	0.035023696460172	0.349196968769849	0.329875678999858	"MDM2/GRIA1/KCNJ16/ADCY8/GRIK1/CHRNA1"	6
"Not.Correlated"	"Role of LAT2/NTAL/LAB on calcium mobilization"	"Role of LAT2/NTAL/LAB on calcium mobilization"	"6/133"	"141/7644"	0.0360771433624878	0.349196968769849	0.329875678999858	"EGFR/MDM2/PDGFA/FGFR3/TRIB3/THEM4"	6
"Not.Correlated"	"Signaling by SCF-KIT"	"Signaling by SCF-KIT"	"6/133"	"144/7644"	0.0393593495057152	0.349196968769849	0.329875678999858	"EGFR/MDM2/PDGFA/FGFR3/TRIB3/THEM4"	6
"Not.Correlated"	"Senescence-Associated Secretory Phenotype (SASP)"	"Senescence-Associated Secretory Phenotype (SASP)"	"4/133"	"76/7644"	0.0429931833531488	0.349196968769849	0.329875678999858	"CDK6/CDKN2A/CDKN2B/HIST1H2BD"	4
"Not.Correlated"	"Platelet degranulation"	"Platelet degranulation"	"4/133"	"79/7644"	0.0484144660037787	0.349196968769849	0.329875678999858	"PDGFA/TGFB2/IGF2/LEFTY2"	4
"Not.Correlated"	"EPH-ephrin mediated repulsion of cells"	"EPH-ephrin mediated repulsion of cells"	"3/133"	"48/7644"	0.0505024368287951	0.349196968769849	0.329875678999858	"EPHA3/EPHA5/EFNA5"	3
"Not.Correlated"	"CD28 dependent PI3K/Akt signaling"	"CD28 dependent PI3K/Akt signaling"	"2/133"	"21/7644"	0.0508619698556548	0.349196968769849	0.329875678999858	"TRIB3/THEM4"	2
"Not.Correlated"	"RA biosynthesis pathway"	"RA biosynthesis pathway"	"2/133"	"21/7644"	0.0508619698556548	0.349196968769849	0.329875678999858	"ALDH1A1/AKR1C3"	2
"Not.Correlated"	"Signaling by ERBB4"	"Signaling by ERBB4"	"6/133"	"154/7644"	0.0516469141456693	0.349196968769849	0.329875678999858	"EGFR/MDM2/PDGFA/FGFR3/TRIB3/THEM4"	6
"Not.Correlated"	"Muscle contraction"	"Muscle contraction"	"3/133"	"49/7644"	0.0531350072477866	0.349196968769849	0.329875678999858	"TMOD1/DES/MYH11"	3
"Not.Correlated"	"G alpha (i) signalling events"	"G alpha (i) signalling events"	"8/133"	"236/7644"	0.0532026499721086	0.349196968769849	0.329875678999858	"CNR1/LPAR1/ADCY8/RGS6/RGS11/MCHR1/RGS20/GALR1"	8
"Not.Correlated"	"Neuronal System"	"Neuronal System"	"9/133"	"280/7644"	0.054925715490969	0.349196968769849	0.329875678999858	"MDM2/GRIA1/KCNF1/KCNJ16/ADCY8/GRIK1/CACNB2/KCNK2/CHRNA1"	9
"Not.Correlated"	"The canonical retinoid cycle in rods (twilight vision)"	"The canonical retinoid cycle in rods (twilight vision)"	"2/133"	"22/7644"	0.0553255799829204	0.349196968769849	0.329875678999858	"RPE65/HSD17B6"	2
"Not.Correlated"	"Response to elevated platelet cytosolic Ca2+"	"Response to elevated platelet cytosolic Ca2+"	"4/133"	"84/7644"	0.0582519745476889	0.349196968769849	0.329875678999858	"PDGFA/TGFB2/IGF2/LEFTY2"	4
"Not.Correlated"	"Defective B3GAT3 causes JDSSDHD"	"Defective B3GAT3 causes JDSSDHD"	"5/133"	"121/7644"	0.059494637551036	0.349196968769849	0.329875678999858	"HS3ST1/GPC6/B3GNT7/HS6ST2/B4GALT6"	5
"Not.Correlated"	"Defective B4GALT1 causes B4GALT1-CDG (CDG-2d)"	"Defective B4GALT1 causes B4GALT1-CDG (CDG-2d)"	"5/133"	"121/7644"	0.059494637551036	0.349196968769849	0.329875678999858	"HS3ST1/GPC6/B3GNT7/HS6ST2/B4GALT6"	5
"Not.Correlated"	"Defective B4GALT7 causes EDS, progeroid type"	"Defective B4GALT7 causes EDS, progeroid type"	"5/133"	"121/7644"	0.059494637551036	0.349196968769849	0.329875678999858	"HS3ST1/GPC6/B3GNT7/HS6ST2/B4GALT6"	5
"Not.Correlated"	"Defective CHST14 causes EDS, musculocontractural type"	"Defective CHST14 causes EDS, musculocontractural type"	"5/133"	"121/7644"	0.059494637551036	0.349196968769849	0.329875678999858	"HS3ST1/GPC6/B3GNT7/HS6ST2/B4GALT6"	5
"Not.Correlated"	"Defective CHST3 causes SEDCJD"	"Defective CHST3 causes SEDCJD"	"5/133"	"121/7644"	0.059494637551036	0.349196968769849	0.329875678999858	"HS3ST1/GPC6/B3GNT7/HS6ST2/B4GALT6"	5
"Not.Correlated"	"Defective CHST6 causes MCDC1"	"Defective CHST6 causes MCDC1"	"5/133"	"121/7644"	0.059494637551036	0.349196968769849	0.329875678999858	"HS3ST1/GPC6/B3GNT7/HS6ST2/B4GALT6"	5
"Not.Correlated"	"Defective CHSY1 causes TPBS"	"Defective CHSY1 causes TPBS"	"5/133"	"121/7644"	0.059494637551036	0.349196968769849	0.329875678999858	"HS3ST1/GPC6/B3GNT7/HS6ST2/B4GALT6"	5
"Not.Correlated"	"Defective EXT1 causes exostoses 1, TRPS2 and CHDS"	"Defective EXT1 causes exostoses 1, TRPS2 and CHDS"	"5/133"	"121/7644"	0.059494637551036	0.349196968769849	0.329875678999858	"HS3ST1/GPC6/B3GNT7/HS6ST2/B4GALT6"	5
"Not.Correlated"	"Defective EXT2 causes exostoses 2"	"Defective EXT2 causes exostoses 2"	"5/133"	"121/7644"	0.059494637551036	0.349196968769849	0.329875678999858	"HS3ST1/GPC6/B3GNT7/HS6ST2/B4GALT6"	5
"Not.Correlated"	"Defective PAPSS2 causes SEMD-PA"	"Defective PAPSS2 causes SEMD-PA"	"5/133"	"121/7644"	0.059494637551036	0.349196968769849	0.329875678999858	"HS3ST1/GPC6/B3GNT7/HS6ST2/B4GALT6"	5
"Not.Correlated"	"Defective SLC26A2 causes chondrodysplasias"	"Defective SLC26A2 causes chondrodysplasias"	"5/133"	"121/7644"	0.059494637551036	0.349196968769849	0.329875678999858	"HS3ST1/GPC6/B3GNT7/HS6ST2/B4GALT6"	5
"Not.Correlated"	"Diseases associated with glycosaminoglycan metabolism"	"Diseases associated with glycosaminoglycan metabolism"	"5/133"	"121/7644"	0.059494637551036	0.349196968769849	0.329875678999858	"HS3ST1/GPC6/B3GNT7/HS6ST2/B4GALT6"	5
"Not.Correlated"	"Glycosaminoglycan metabolism"	"Glycosaminoglycan metabolism"	"5/133"	"121/7644"	0.059494637551036	0.349196968769849	0.329875678999858	"HS3ST1/GPC6/B3GNT7/HS6ST2/B4GALT6"	5
"Not.Correlated"	"MPS I - Hurler syndrome"	"MPS I - Hurler syndrome"	"5/133"	"121/7644"	0.059494637551036	0.349196968769849	0.329875678999858	"HS3ST1/GPC6/B3GNT7/HS6ST2/B4GALT6"	5
"Not.Correlated"	"MPS II - Hunter syndrome"	"MPS II - Hunter syndrome"	"5/133"	"121/7644"	0.059494637551036	0.349196968769849	0.329875678999858	"HS3ST1/GPC6/B3GNT7/HS6ST2/B4GALT6"	5
"Not.Correlated"	"MPS IIIA - Sanfilippo syndrome A"	"MPS IIIA - Sanfilippo syndrome A"	"5/133"	"121/7644"	0.059494637551036	0.349196968769849	0.329875678999858	"HS3ST1/GPC6/B3GNT7/HS6ST2/B4GALT6"	5
"Not.Correlated"	"MPS IIIB - Sanfilippo syndrome B"	"MPS IIIB - Sanfilippo syndrome B"	"5/133"	"121/7644"	0.059494637551036	0.349196968769849	0.329875678999858	"HS3ST1/GPC6/B3GNT7/HS6ST2/B4GALT6"	5
"Not.Correlated"	"MPS IIIC - Sanfilippo syndrome C"	"MPS IIIC - Sanfilippo syndrome C"	"5/133"	"121/7644"	0.059494637551036	0.349196968769849	0.329875678999858	"HS3ST1/GPC6/B3GNT7/HS6ST2/B4GALT6"	5
"Not.Correlated"	"MPS IIID - Sanfilippo syndrome D"	"MPS IIID - Sanfilippo syndrome D"	"5/133"	"121/7644"	0.059494637551036	0.349196968769849	0.329875678999858	"HS3ST1/GPC6/B3GNT7/HS6ST2/B4GALT6"	5
"Not.Correlated"	"MPS IV - Morquio syndrome A"	"MPS IV - Morquio syndrome A"	"5/133"	"121/7644"	0.059494637551036	0.349196968769849	0.329875678999858	"HS3ST1/GPC6/B3GNT7/HS6ST2/B4GALT6"	5
"Not.Correlated"	"MPS IV - Morquio syndrome B"	"MPS IV - Morquio syndrome B"	"5/133"	"121/7644"	0.059494637551036	0.349196968769849	0.329875678999858	"HS3ST1/GPC6/B3GNT7/HS6ST2/B4GALT6"	5
"Not.Correlated"	"MPS IX - Natowicz syndrome"	"MPS IX - Natowicz syndrome"	"5/133"	"121/7644"	0.059494637551036	0.349196968769849	0.329875678999858	"HS3ST1/GPC6/B3GNT7/HS6ST2/B4GALT6"	5
"Not.Correlated"	"MPS VII - Sly syndrome"	"MPS VII - Sly syndrome"	"5/133"	"121/7644"	0.059494637551036	0.349196968769849	0.329875678999858	"HS3ST1/GPC6/B3GNT7/HS6ST2/B4GALT6"	5
"Not.Correlated"	"MPS VI - Maroteaux-Lamy syndrome"	"MPS VI - Maroteaux-Lamy syndrome"	"5/133"	"121/7644"	0.059494637551036	0.349196968769849	0.329875678999858	"HS3ST1/GPC6/B3GNT7/HS6ST2/B4GALT6"	5
"Not.Correlated"	"Mucopolysaccharidoses"	"Mucopolysaccharidoses"	"5/133"	"121/7644"	0.059494637551036	0.349196968769849	0.329875678999858	"HS3ST1/GPC6/B3GNT7/HS6ST2/B4GALT6"	5
"Not.Correlated"	"Signaling by BMP"	"Signaling by BMP"	"2/133"	"23/7644"	0.0599213733392049	0.349196968769849	0.329875678999858	"CHRDL1/BMP2"	2
"Not.Correlated"	"Transmission across Chemical Synapses"	"Transmission across Chemical Synapses"	"7/133"	"201/7644"	0.0608417611388702	0.350531510197809	0.331136379404138	"MDM2/GRIA1/KCNJ16/ADCY8/GRIK1/CACNB2/CHRNA1"	7
"Not.Correlated"	"Signalling by NGF"	"Signalling by NGF"	"9/133"	"287/7644"	0.0622601337708331	0.351886659102325	0.332416547060226	"EGFR/MDM2/PDGFA/FGFR3/NGFR/ADCY8/TRIB3/PDE1C/THEM4"	9
"Not.Correlated"	"Constitutive PI3K/AKT Signaling in Cancer"	"Constitutive PI3K/AKT Signaling in Cancer"	"4/133"	"86/7644"	0.0624650874146138	0.351886659102325	0.332416547060226	"EGFR/MDM2/PDGFA/FGFR3"	4
"Not.Correlated"	"Sema4D induced cell migration and growth-cone collapse"	"Sema4D induced cell migration and growth-cone collapse"	"2/133"	"24/7644"	0.0646434768658666	0.360156513966971	0.340228825609824	"MYH14/MYH11"	2
"Not.Correlated"	"Heparan sulfate/heparin (HS-GAG) metabolism"	"Heparan sulfate/heparin (HS-GAG) metabolism"	"3/133"	"54/7644"	0.0672580825532538	0.366665030693545	0.346377221977708	"HS3ST1/GPC6/HS6ST2"	3
"Not.Correlated"	"Phospholipase C-mediated cascade"	"Phospholipase C-mediated cascade"	"3/133"	"54/7644"	0.0672580825532538	0.366665030693545	0.346377221977708	"FGFR3/ADCY8/PDE1C"	3
"Not.Correlated"	"IRS-related events triggered by IGF1R"	"IRS-related events triggered by IGF1R"	"4/133"	"89/7644"	0.0690786047142937	0.370836766534819	0.350318133028844	"FGFR3/IGF2/TRIB3/THEM4"	4
"Not.Correlated"	"Effects of PIP2 hydrolysis"	"Effects of PIP2 hydrolysis"	"2/133"	"25/7644"	0.0694861791337432	0.370836766534819	0.350318133028844	"DGKG/RASGRP1"	2
"Not.Correlated"	"Signaling by the B Cell Receptor (BCR)"	"Signaling by the B Cell Receptor (BCR)"	"7/133"	"209/7644"	0.0718008893522819	0.378739518795137	0.357783620994057	"EGFR/MDM2/PDGFA/FGFR3/TRIB3/RASGRP1/THEM4"	7
"Not.Correlated"	"Calmodulin induced events"	"Calmodulin induced events"	"2/133"	"26/7644"	0.0744439265664033	0.378739518795137	0.357783620994057	"ADCY8/PDE1C"	2
"Not.Correlated"	"CaM pathway"	"CaM pathway"	"2/133"	"26/7644"	0.0744439265664033	0.378739518795137	0.357783620994057	"ADCY8/PDE1C"	2
"Not.Correlated"	"VEGFR2 mediated vascular permeability"	"VEGFR2 mediated vascular permeability"	"2/133"	"26/7644"	0.0744439265664033	0.378739518795137	0.357783620994057	"TRIB3/THEM4"	2
"Not.Correlated"	"IGF1R signaling cascade"	"IGF1R signaling cascade"	"4/133"	"92/7644"	0.0760395869468291	0.378739518795137	0.357783620994057	"FGFR3/IGF2/TRIB3/THEM4"	4
"Not.Correlated"	"Signaling by Type 1 Insulin-like Growth Factor 1 Receptor (IGF1R)"	"Signaling by Type 1 Insulin-like Growth Factor 1 Receptor (IGF1R)"	"4/133"	"92/7644"	0.0760395869468291	0.378739518795137	0.357783620994057	"FGFR3/IGF2/TRIB3/THEM4"	4
"Not.Correlated"	"Fc epsilon receptor (FCERI) signaling"	"Fc epsilon receptor (FCERI) signaling"	"7/133"	"212/7644"	0.0761961162073057	0.378739518795137	0.357783620994057	"EGFR/MDM2/PDGFA/FGFR3/TRIB3/RASGRP1/THEM4"	7
"Not.Correlated"	"Sema4D in semaphorin signaling"	"Sema4D in semaphorin signaling"	"2/133"	"27/7644"	0.0795113197443319	0.391380962236663	0.369725605351773	"MYH14/MYH11"	2
"Not.Correlated"	"Ca-dependent events"	"Ca-dependent events"	"2/133"	"28/7644"	0.0846831097884098	0.408898444406893	0.386273834122571	"ADCY8/PDE1C"	2
"Not.Correlated"	"Keratan sulfate biosynthesis"	"Keratan sulfate biosynthesis"	"2/133"	"28/7644"	0.0846831097884098	0.408898444406893	0.386273834122571	"B3GNT7/B4GALT6"	2
"Not.Correlated"	"L1CAM interactions"	"L1CAM interactions"	"4/133"	"97/7644"	0.0883943055406949	0.422791631218229	0.399398302095493	"EGFR/LAMA1/SCN7A/ANK1"	4
"Not.Correlated"	"Interaction between L1 and Ankyrins"	"Interaction between L1 and Ankyrins"	"2/133"	"29/7644"	0.089954194821079	0.426231558638197	0.402647896149443	"SCN7A/ANK1"	2
"Not.Correlated"	"Glutamate Binding, Activation of AMPA Receptors and Synaptic Plasticity"	"Glutamate Binding, Activation of AMPA Receptors and Synaptic Plasticity"	"2/133"	"30/7644"	0.0953196165036154	0.435378788894892	0.411289004354149	"MDM2/GRIA1"	2
"Not.Correlated"	"Lipoprotein metabolism"	"Lipoprotein metabolism"	"2/133"	"30/7644"	0.0953196165036154	0.435378788894892	0.411289004354149	"LPL/LDLR"	2
"Not.Correlated"	"Molecules associated with elastic fibres"	"Molecules associated with elastic fibres"	"2/133"	"30/7644"	0.0953196165036154	0.435378788894892	0.411289004354149	"TGFB2/BMP2"	2
"Not.Correlated"	"Trafficking of AMPA receptors"	"Trafficking of AMPA receptors"	"2/133"	"30/7644"	0.0953196165036154	0.435378788894892	0.411289004354149	"MDM2/GRIA1"	2
"Not.Correlated"	"DAG and IP3 signaling"	"DAG and IP3 signaling"	"2/133"	"31/7644"	0.100774556647962	0.452147789562095	0.427130165578227	"ADCY8/PDE1C"	2
"Not.Correlated"	"Striated Muscle Contraction"	"Striated Muscle Contraction"	"2/133"	"31/7644"	0.100774556647962	0.452147789562095	0.427130165578227	"TMOD1/DES"	2
"Not.Correlated"	"CD28 co-stimulation"	"CD28 co-stimulation"	"2/133"	"32/7644"	0.106314333901607	0.472819011299253	0.446657635505367	"TRIB3/THEM4"	2
"Not.Correlated"	"Post-translational protein modification"	"Post-translational protein modification"	"8/133"	"278/7644"	0.111112622335082	0.485049068850754	0.458210996215288	"SPON1/TUSC3/B3GNT7/ADAMTS15/B4GALT6/ADAMTS5/SSPO/ADAMTSL1"	8
"Not.Correlated"	"Keratan sulfate/keratin metabolism"	"Keratan sulfate/keratin metabolism"	"2/133"	"33/7644"	0.11193440050402	0.485049068850754	0.458210996215288	"B3GNT7/B4GALT6"	2
"Not.Correlated"	"PLC-gamma1 signalling"	"PLC-gamma1 signalling"	"2/133"	"33/7644"	0.11193440050402	0.485049068850754	0.458210996215288	"ADCY8/PDE1C"	2
"Not.Correlated"	"PI3K Cascade"	"PI3K Cascade"	"3/133"	"68/7644"	0.114528185426243	0.492082966195808	0.464855703558793	"FGFR3/TRIB3/THEM4"	3
"Not.Correlated"	"NCAM signaling for neurite out-growth"	"NCAM signaling for neurite out-growth"	"3/133"	"70/7644"	0.122098987464455	0.520203249113267	0.491420073386352	"CACNA1G/CACNB2/GFRA2"	3
"Not.Correlated"	"Cellular Senescence"	"Cellular Senescence"	"5/133"	"159/7644"	0.143439067311456	0.591142062327263	0.558433797070289	"MDM2/CDK6/CDKN2A/CDKN2B/HIST1H2BD"	5
"Not.Correlated"	"Activation of GABAB receptors"	"Activation of GABAB receptors"	"2/133"	"39/7644"	0.147102248983134	0.591142062327263	0.558433797070289	"KCNJ16/ADCY8"	2
"Not.Correlated"	"Activation of NMDA receptor upon glutamate binding and postsynaptic events"	"Activation of NMDA receptor upon glutamate binding and postsynaptic events"	"2/133"	"39/7644"	0.147102248983134	0.591142062327263	0.558433797070289	"GRIA1/ADCY8"	2
"Not.Correlated"	"Formation of Fibrin Clot (Clotting Cascade)"	"Formation of Fibrin Clot (Clotting Cascade)"	"2/133"	"39/7644"	0.147102248983134	0.591142062327263	0.558433797070289	"TFPI/F12"	2
"Not.Correlated"	"GABA B receptor activation"	"GABA B receptor activation"	"2/133"	"39/7644"	0.147102248983134	0.591142062327263	0.558433797070289	"KCNJ16/ADCY8"	2
"Not.Correlated"	"Regulation of insulin secretion"	"Regulation of insulin secretion"	"3/133"	"77/7644"	0.149947678941063	0.591142062327263	0.558433797070289	"ADCY8/CACNB2/CHRM3"	3
"Not.Correlated"	"Signaling by Retinoic Acid"	"Signaling by Retinoic Acid"	"2/133"	"41/7644"	0.159281252939568	0.591142062327263	0.558433797070289	"ALDH1A1/AKR1C3"	2
"Not.Correlated"	"Acetylcholine regulates insulin secretion"	"Acetylcholine regulates insulin secretion"	"1/133"	"10/7644"	0.161070384245305	0.591142062327263	0.558433797070289	"CHRM3"	1
"Not.Correlated"	"Activation of Ca-permeable Kainate Receptor"	"Activation of Ca-permeable Kainate Receptor"	"1/133"	"10/7644"	0.161070384245305	0.591142062327263	0.558433797070289	"GRIK1"	1
"Not.Correlated"	"Adenylate cyclase activating pathway"	"Adenylate cyclase activating pathway"	"1/133"	"10/7644"	0.161070384245305	0.591142062327263	0.558433797070289	"ADCY8"	1
"Not.Correlated"	"ATF6-alpha activates chaperone genes"	"ATF6-alpha activates chaperone genes"	"1/133"	"10/7644"	0.161070384245305	0.591142062327263	0.558433797070289	"DDIT3"	1
"Not.Correlated"	"Calcitonin-like ligand receptors"	"Calcitonin-like ligand receptors"	"1/133"	"10/7644"	0.161070384245305	0.591142062327263	0.558433797070289	"CALCRL"	1
"Not.Correlated"	"Ethanol oxidation"	"Ethanol oxidation"	"1/133"	"10/7644"	0.161070384245305	0.591142062327263	0.558433797070289	"ALDH1A1"	1
"Not.Correlated"	"Ionotropic activity of Kainate Receptors"	"Ionotropic activity of Kainate Receptors"	"1/133"	"10/7644"	0.161070384245305	0.591142062327263	0.558433797070289	"GRIK1"	1
"Not.Correlated"	"Netrin mediated repulsion signals"	"Netrin mediated repulsion signals"	"1/133"	"10/7644"	0.161070384245305	0.591142062327263	0.558433797070289	"UNC5C"	1
"Not.Correlated"	"Regulated proteolysis of p75NTR"	"Regulated proteolysis of p75NTR"	"1/133"	"10/7644"	0.161070384245305	0.591142062327263	0.558433797070289	"NGFR"	1
"Not.Correlated"	"Regulation of signaling by NODAL"	"Regulation of signaling by NODAL"	"1/133"	"10/7644"	0.161070384245305	0.591142062327263	0.558433797070289	"LEFTY2"	1
"Not.Correlated"	"Netrin-1 signaling"	"Netrin-1 signaling"	"2/133"	"42/7644"	0.165439799382095	0.591142062327263	0.558433797070289	"UNC5C/SLIT2"	2
"Not.Correlated"	"Non-integrin membrane-ECM interactions"	"Non-integrin membrane-ECM interactions"	"2/133"	"42/7644"	0.165439799382095	0.591142062327263	0.558433797070289	"PDGFA/LAMA1"	2
"Not.Correlated"	"PLC beta mediated events"	"PLC beta mediated events"	"2/133"	"43/7644"	0.171639839871533	0.591142062327263	0.558433797070289	"ADCY8/PDE1C"	2
"Not.Correlated"	"Vasopressin regulates renal water homeostasis via Aquaporins"	"Vasopressin regulates renal water homeostasis via Aquaporins"	"2/133"	"43/7644"	0.171639839871533	0.591142062327263	0.558433797070289	"ADCY8/MYO5B"	2
"Not.Correlated"	"Highly calcium permeable postsynaptic nicotinic acetylcholine receptors"	"Highly calcium permeable postsynaptic nicotinic acetylcholine receptors"	"1/133"	"11/7644"	0.175686265683001	0.591142062327263	0.558433797070289	"CHRNA1"	1
"Not.Correlated"	"Transport of organic anions"	"Transport of organic anions"	"1/133"	"11/7644"	0.175686265683001	0.591142062327263	0.558433797070289	"SLCO1C1"	1
"Not.Correlated"	"G-protein mediated events"	"G-protein mediated events"	"2/133"	"44/7644"	0.177878101145464	0.591142062327263	0.558433797070289	"ADCY8/PDE1C"	2
"Not.Correlated"	"Class A/1 (Rhodopsin-like receptors)"	"Class A/1 (Rhodopsin-like receptors)"	"8/133"	"314/7644"	0.18031732177029	0.591142062327263	0.558433797070289	"CNR1/NMB/LPAR1/OXTR/MCHR1/F2RL1/CHRM3/GALR1"	8
"Not.Correlated"	"IRS-mediated signalling"	"IRS-mediated signalling"	"3/133"	"85/7644"	0.18397336180636	0.591142062327263	0.558433797070289	"FGFR3/TRIB3/THEM4"	3
"Not.Correlated"	"Biological oxidations"	"Biological oxidations"	"5/133"	"174/7644"	0.185959419422683	0.591142062327263	0.558433797070289	"ALDH1A1/GSTT2B/DPEP1/GSTM5/GSTM1"	5
"Not.Correlated"	"Platelet activation, signaling and aggregation"	"Platelet activation, signaling and aggregation"	"6/133"	"221/7644"	0.187034554523212	0.591142062327263	0.558433797070289	"PDGFA/TGFB2/IGF2/DGKG/RASGRP1/LEFTY2"	6
"Not.Correlated"	"ATF6-alpha activates chaperones"	"ATF6-alpha activates chaperones"	"1/133"	"12/7644"	0.190049389836566	0.591142062327263	0.558433797070289	"DDIT3"	1
"Not.Correlated"	"Depolarization of the Presynaptic Terminal Triggers the Opening of Calcium Channels"	"Depolarization of the Presynaptic Terminal Triggers the Opening of Calcium Channels"	"1/133"	"12/7644"	0.190049389836566	0.591142062327263	0.558433797070289	"CACNB2"	1
"Not.Correlated"	"FGFR3c ligand binding and activation"	"FGFR3c ligand binding and activation"	"1/133"	"12/7644"	0.190049389836566	0.591142062327263	0.558433797070289	"FGFR3"	1
"Not.Correlated"	"FGFR3 ligand binding and activation"	"FGFR3 ligand binding and activation"	"1/133"	"12/7644"	0.190049389836566	0.591142062327263	0.558433797070289	"FGFR3"	1
"Not.Correlated"	"Presynaptic nicotinic acetylcholine receptors"	"Presynaptic nicotinic acetylcholine receptors"	"1/133"	"12/7644"	0.190049389836566	0.591142062327263	0.558433797070289	"CHRNA1"	1
"Not.Correlated"	"Signaling by activated point mutants of FGFR3"	"Signaling by activated point mutants of FGFR3"	"1/133"	"12/7644"	0.190049389836566	0.591142062327263	0.558433797070289	"FGFR3"	1
"Not.Correlated"	"Signaling by FGFR3 mutants"	"Signaling by FGFR3 mutants"	"1/133"	"12/7644"	0.190049389836566	0.591142062327263	0.558433797070289	"FGFR3"	1
"Not.Correlated"	"Synthesis of PE"	"Synthesis of PE"	"1/133"	"12/7644"	0.190049389836566	0.591142062327263	0.558433797070289	"ETNK2"	1
"Not.Correlated"	"Tandem pore domain potassium channels"	"Tandem pore domain potassium channels"	"1/133"	"12/7644"	0.190049389836566	0.591142062327263	0.558433797070289	"KCNK2"	1
"Not.Correlated"	"G alpha (z) signalling events"	"G alpha (z) signalling events"	"2/133"	"46/7644"	0.190456689298531	0.591142062327263	0.558433797070289	"ADCY8/RGS20"	2
"Not.Correlated"	"Scavenging of heme from plasma"	"Scavenging of heme from plasma"	"2/133"	"47/7644"	0.196790958699395	0.591142062327263	0.558433797070289	"HBB/HBA1"	2
"Not.Correlated"	"IRS-related events"	"IRS-related events"	"3/133"	"88/7644"	0.197229584197295	0.591142062327263	0.558433797070289	"FGFR3/TRIB3/THEM4"	3
"Not.Correlated"	"Defective AHCY causes Hypermethioninemia with S-adenosylhomocysteine hydrolase deficiency (HMAHCHD)"	"Defective AHCY causes Hypermethioninemia with S-adenosylhomocysteine hydrolase deficiency (HMAHCHD)"	"3/133"	"89/7644"	0.201699967202516	0.591142062327263	0.558433797070289	"GSTT2B/GSTM5/GSTM1"	3
"Not.Correlated"	"Defective GCLC causes Hemolytic anemia due to gamma-glutamylcysteine synthetase deficiency (HAGGSD)"	"Defective GCLC causes Hemolytic anemia due to gamma-glutamylcysteine synthetase deficiency (HAGGSD)"	"3/133"	"89/7644"	0.201699967202516	0.591142062327263	0.558433797070289	"GSTT2B/GSTM5/GSTM1"	3
"Not.Correlated"	"Defective GGT1 causes Glutathionuria (GLUTH)"	"Defective GGT1 causes Glutathionuria (GLUTH)"	"3/133"	"89/7644"	0.201699967202516	0.591142062327263	0.558433797070289	"GSTT2B/GSTM5/GSTM1"	3
"Not.Correlated"	"Defective GSS causes Glutathione synthetase deficiency (GSS deficiency)"	"Defective GSS causes Glutathione synthetase deficiency (GSS deficiency)"	"3/133"	"89/7644"	0.201699967202516	0.591142062327263	0.558433797070289	"GSTT2B/GSTM5/GSTM1"	3
"Not.Correlated"	"Defective MAT1A causes Methionine adenosyltransferase deficiency (MATD)"	"Defective MAT1A causes Methionine adenosyltransferase deficiency (MATD)"	"3/133"	"89/7644"	0.201699967202516	0.591142062327263	0.558433797070289	"GSTT2B/GSTM5/GSTM1"	3
"Not.Correlated"	"Defective OPLAH causes 5-oxoprolinase deficiency (OPLAHD)"	"Defective OPLAH causes 5-oxoprolinase deficiency (OPLAHD)"	"3/133"	"89/7644"	0.201699967202516	0.591142062327263	0.558433797070289	"GSTT2B/GSTM5/GSTM1"	3
"Not.Correlated"	"Defective SLC35D1 causes Schneckenbecken dysplasia (SCHBCKD)"	"Defective SLC35D1 causes Schneckenbecken dysplasia (SCHBCKD)"	"3/133"	"89/7644"	0.201699967202516	0.591142062327263	0.558433797070289	"GSTT2B/GSTM5/GSTM1"	3
"Not.Correlated"	"Defective TPMT causes Thiopurine S-methyltransferase deficiency (TPMT deficiency)"	"Defective TPMT causes Thiopurine S-methyltransferase deficiency (TPMT deficiency)"	"3/133"	"89/7644"	0.201699967202516	0.591142062327263	0.558433797070289	"GSTT2B/GSTM5/GSTM1"	3
"Not.Correlated"	"Defective UGT1A1 causes hyperbilirubinemia"	"Defective UGT1A1 causes hyperbilirubinemia"	"3/133"	"89/7644"	0.201699967202516	0.591142062327263	0.558433797070289	"GSTT2B/GSTM5/GSTM1"	3
"Not.Correlated"	"Defective UGT1A4 causes hyperbilirubinemia"	"Defective UGT1A4 causes hyperbilirubinemia"	"3/133"	"89/7644"	0.201699967202516	0.591142062327263	0.558433797070289	"GSTT2B/GSTM5/GSTM1"	3
"Not.Correlated"	"Phase II conjugation"	"Phase II conjugation"	"3/133"	"89/7644"	0.201699967202516	0.591142062327263	0.558433797070289	"GSTT2B/GSTM5/GSTM1"	3
"Not.Correlated"	"Diseases of glycosylation"	"Diseases of glycosylation"	"6/133"	"227/7644"	0.203093906186042	0.591142062327263	0.558433797070289	"TUSC3/HS3ST1/GPC6/B3GNT7/HS6ST2/B4GALT6"	6
"Not.Correlated"	"AKT phosphorylates targets in the cytosol"	"AKT phosphorylates targets in the cytosol"	"1/133"	"13/7644"	0.204164095176154	0.591142062327263	0.558433797070289	"MDM2"	1
"Not.Correlated"	"NF-kB is activated and signals survival"	"NF-kB is activated and signals survival"	"1/133"	"13/7644"	0.204164095176154	0.591142062327263	0.558433797070289	"NGFR"	1
"Not.Correlated"	"p75NTR recruits signalling complexes"	"p75NTR recruits signalling complexes"	"1/133"	"13/7644"	0.204164095176154	0.591142062327263	0.558433797070289	"NGFR"	1
"Not.Correlated"	"Signaling by Activin"	"Signaling by Activin"	"1/133"	"13/7644"	0.204164095176154	0.591142062327263	0.558433797070289	"FST"	1
"Not.Correlated"	"Insulin receptor signalling cascade"	"Insulin receptor signalling cascade"	"3/133"	"92/7644"	0.215251445288287	0.591142062327263	0.558433797070289	"FGFR3/TRIB3/THEM4"	3
"Not.Correlated"	"Arachidonic acid metabolism"	"Arachidonic acid metabolism"	"2/133"	"50/7644"	0.215939268260388	0.591142062327263	0.558433797070289	"AKR1C3/DPEP1"	2
"Not.Correlated"	"Lipid digestion, mobilization, and transport"	"Lipid digestion, mobilization, and transport"	"2/133"	"50/7644"	0.215939268260388	0.591142062327263	0.558433797070289	"LPL/LDLR"	2
"Not.Correlated"	"Acetylcholine Binding And Downstream Events"	"Acetylcholine Binding And Downstream Events"	"1/133"	"14/7644"	0.218034646262718	0.591142062327263	0.558433797070289	"CHRNA1"	1
"Not.Correlated"	"Activation of Nicotinic Acetylcholine Receptors"	"Activation of Nicotinic Acetylcholine Receptors"	"1/133"	"14/7644"	0.218034646262718	0.591142062327263	0.558433797070289	"CHRNA1"	1
"Not.Correlated"	"Activation of Rac"	"Activation of Rac"	"1/133"	"14/7644"	0.218034646262718	0.591142062327263	0.558433797070289	"SLIT2"	1
"Not.Correlated"	"Adenylate cyclase inhibitory pathway"	"Adenylate cyclase inhibitory pathway"	"1/133"	"14/7644"	0.218034646262718	0.591142062327263	0.558433797070289	"ADCY8"	1
"Not.Correlated"	"Inhibition of adenylate cyclase pathway"	"Inhibition of adenylate cyclase pathway"	"1/133"	"14/7644"	0.218034646262718	0.591142062327263	0.558433797070289	"ADCY8"	1
"Not.Correlated"	"Postsynaptic nicotinic acetylcholine receptors"	"Postsynaptic nicotinic acetylcholine receptors"	"1/133"	"14/7644"	0.218034646262718	0.591142062327263	0.558433797070289	"CHRNA1"	1
"Not.Correlated"	"SEMA3A-Plexin repulsion signaling by inhibiting Integrin adhesion"	"SEMA3A-Plexin repulsion signaling by inhibiting Integrin adhesion"	"1/133"	"14/7644"	0.218034646262718	0.591142062327263	0.558433797070289	"SEMA3A"	1
"Not.Correlated"	"Synthesis of bile acids and bile salts via 24-hydroxycholesterol"	"Synthesis of bile acids and bile salts via 24-hydroxycholesterol"	"1/133"	"14/7644"	0.218034646262718	0.591142062327263	0.558433797070289	"AKR1C3"	1
"Not.Correlated"	"Synthesis of Prostaglandins (PG) and Thromboxanes (TX)"	"Synthesis of Prostaglandins (PG) and Thromboxanes (TX)"	"1/133"	"14/7644"	0.218034646262718	0.591142062327263	0.558433797070289	"AKR1C3"	1
"Not.Correlated"	"Aquaporin-mediated transport"	"Aquaporin-mediated transport"	"2/133"	"51/7644"	0.222361502172091	0.596493553445768	0.563489186790874	"ADCY8/MYO5B"	2
"Not.Correlated"	"Nuclear Receptor transcription pathway"	"Nuclear Receptor transcription pathway"	"2/133"	"51/7644"	0.222361502172091	0.596493553445768	0.563489186790874	"AR/RORB"	2
"Not.Correlated"	"Constitutive Signaling by EGFRvIII"	"Constitutive Signaling by EGFRvIII"	"1/133"	"15/7644"	0.231665234997588	0.600219375838163	0.567008857067091	"EGFR"	1
"Not.Correlated"	"Metabolism of polyamines"	"Metabolism of polyamines"	"1/133"	"15/7644"	0.231665234997588	0.600219375838163	0.567008857067091	"MTAP"	1
"Not.Correlated"	"negative regulation of TCF-dependent signaling by WNT ligand antagonists"	"negative regulation of TCF-dependent signaling by WNT ligand antagonists"	"1/133"	"15/7644"	0.231665234997588	0.600219375838163	0.567008857067091	"SFRP1"	1
"Not.Correlated"	"N-Glycan antennae elongation"	"N-Glycan antennae elongation"	"1/133"	"15/7644"	0.231665234997588	0.600219375838163	0.567008857067091	"B4GALT6"	1
"Not.Correlated"	"NRIF signals cell death from the nucleus"	"NRIF signals cell death from the nucleus"	"1/133"	"15/7644"	0.231665234997588	0.600219375838163	0.567008857067091	"NGFR"	1
"Not.Correlated"	"Synthesis of bile acids and bile salts via 27-hydroxycholesterol"	"Synthesis of bile acids and bile salts via 27-hydroxycholesterol"	"1/133"	"15/7644"	0.231665234997588	0.600219375838163	0.567008857067091	"AKR1C3"	1
"Not.Correlated"	"Peptide ligand-binding receptors"	"Peptide ligand-binding receptors"	"5/133"	"190/7644"	0.235692630963244	0.600219375838163	0.567008857067091	"NMB/OXTR/MCHR1/F2RL1/GALR1"	5
"Not.Correlated"	"Defective ACTH causes Obesity and Pro-opiomelanocortinin deficiency (POMCD)"	"Defective ACTH causes Obesity and Pro-opiomelanocortinin deficiency (POMCD)"	"10/133"	"441/7644"	0.237502586203672	0.600219375838163	0.567008857067091	"CNR1/NMB/CALCRL/LPAR1/OXTR/FZD6/MCHR1/F2RL1/CHRM3/GALR1"	10
"Not.Correlated"	"GPCR ligand binding"	"GPCR ligand binding"	"10/133"	"441/7644"	0.237502586203672	0.600219375838163	0.567008857067091	"CNR1/NMB/CALCRL/LPAR1/OXTR/FZD6/MCHR1/F2RL1/CHRM3/GALR1"	10
"Not.Correlated"	"Amine-derived hormones"	"Amine-derived hormones"	"1/133"	"16/7644"	0.245059981851084	0.600219375838163	0.567008857067091	"DIO2"	1
"Not.Correlated"	"Amino acid synthesis and interconversion (transamination)"	"Amino acid synthesis and interconversion (transamination)"	"1/133"	"16/7644"	0.245059981851084	0.600219375838163	0.567008857067091	"PSPH"	1
"Not.Correlated"	"Cell-extracellular matrix interactions"	"Cell-extracellular matrix interactions"	"1/133"	"16/7644"	0.245059981851084	0.600219375838163	0.567008857067091	"FLNC"	1
"Not.Correlated"	"CRMPs in Sema3A signaling"	"CRMPs in Sema3A signaling"	"1/133"	"16/7644"	0.245059981851084	0.600219375838163	0.567008857067091	"SEMA3A"	1
"Not.Correlated"	"p75NTR signals via NF-kB"	"p75NTR signals via NF-kB"	"1/133"	"16/7644"	0.245059981851084	0.600219375838163	0.567008857067091	"NGFR"	1
"Not.Correlated"	"PKA activation"	"PKA activation"	"1/133"	"16/7644"	0.245059981851084	0.600219375838163	0.567008857067091	"ADCY8"	1
"Not.Correlated"	"Rap1 signalling"	"Rap1 signalling"	"1/133"	"16/7644"	0.245059981851084	0.600219375838163	0.567008857067091	"RASGRP1"	1
"Not.Correlated"	"Sema3A PAK dependent Axon repulsion"	"Sema3A PAK dependent Axon repulsion"	"1/133"	"16/7644"	0.245059981851084	0.600219375838163	0.567008857067091	"SEMA3A"	1
"Not.Correlated"	"Trafficking of GluR2-containing AMPA receptors"	"Trafficking of GluR2-containing AMPA receptors"	"1/133"	"16/7644"	0.245059981851084	0.600219375838163	0.567008857067091	"GRIA1"	1
"Not.Correlated"	"Potassium Channels"	"Potassium Channels"	"3/133"	"99/7644"	0.247560258665555	0.602045570333027	0.568734007062238	"KCNF1/KCNJ16/KCNK2"	3
"Not.Correlated"	"GABA receptor activation"	"GABA receptor activation"	"2/133"	"55/7644"	0.248180521103753	0.602045570333027	0.568734007062238	"KCNJ16/ADCY8"	2
"Not.Correlated"	"RNA Polymerase I Chain Elongation"	"RNA Polymerase I Chain Elongation"	"2/133"	"56/7644"	0.254656090822311	0.614643329083335	0.580634723830411	"HIST1H2BD/GTF2H2"	2
"Not.Correlated"	"PKA activation in glucagon signalling"	"PKA activation in glucagon signalling"	"1/133"	"17/7644"	0.258222937070513	0.614643329083335	0.580634723830411	"ADCY8"	1
"Not.Correlated"	"PKA-mediated phosphorylation of CREB"	"PKA-mediated phosphorylation of CREB"	"1/133"	"17/7644"	0.258222937070513	0.614643329083335	0.580634723830411	"ADCY8"	1
"Not.Correlated"	"Unblocking of NMDA receptor, glutamate binding and activation"	"Unblocking of NMDA receptor, glutamate binding and activation"	"1/133"	"17/7644"	0.258222937070513	0.614643329083335	0.580634723830411	"GRIA1"	1
"Not.Correlated"	"Meiotic synapsis"	"Meiotic synapsis"	"2/133"	"57/7644"	0.261135570646704	0.618671655691024	0.584440160571817	"REC8/HIST1H2BD"	2
"Not.Correlated"	"Integration of energy metabolism"	"Integration of energy metabolism"	"3/133"	"104/7644"	0.271082417959868	0.639250167003037	0.60388004980044	"ADCY8/CACNB2/CHRM3"	3
"Not.Correlated"	"HDACs deacetylate histones"	"HDACs deacetylate histones"	"2/133"	"60/7644"	0.280577019101337	0.657176941100392	0.620814924116429	"HIST3H2A/HIST1H2BD"	2
"Not.Correlated"	"Constitutive Signaling by Ligand-Responsive EGFR Cancer Variants"	"Constitutive Signaling by Ligand-Responsive EGFR Cancer Variants"	"1/133"	"19/7644"	0.283869329587743	0.657176941100392	0.620814924116429	"EGFR"	1
"Not.Correlated"	"Other semaphorin interactions"	"Other semaphorin interactions"	"1/133"	"19/7644"	0.283869329587743	0.657176941100392	0.620814924116429	"SEMA3E"	1
"Not.Correlated"	"Signaling by NODAL"	"Signaling by NODAL"	"1/133"	"19/7644"	0.283869329587743	0.657176941100392	0.620814924116429	"LEFTY2"	1
"Not.Correlated"	"Glycogen storage diseases"	"Glycogen storage diseases"	"6/133"	"258/7644"	0.29283006625796	0.660245466394759	0.623713665959961	"HS3ST1/GPC6/B3GNT7/HS6ST2/B4GALT6/GCK"	6
"Not.Correlated"	"Metabolism of carbohydrates"	"Metabolism of carbohydrates"	"6/133"	"258/7644"	0.29283006625796	0.660245466394759	0.623713665959961	"HS3ST1/GPC6/B3GNT7/HS6ST2/B4GALT6/GCK"	6
"Not.Correlated"	"Myoclonic epilepsy of Lafora"	"Myoclonic epilepsy of Lafora"	"6/133"	"258/7644"	0.29283006625796	0.660245466394759	0.623713665959961	"HS3ST1/GPC6/B3GNT7/HS6ST2/B4GALT6/GCK"	6
"Not.Correlated"	"Dual incision reaction in GG-NER"	"Dual incision reaction in GG-NER"	"1/133"	"20/7644"	0.296360526855262	0.660245466394759	0.623713665959961	"GTF2H2"	1
"Not.Correlated"	"Formation of incision complex in GG-NER"	"Formation of incision complex in GG-NER"	"1/133"	"20/7644"	0.296360526855262	0.660245466394759	0.623713665959961	"GTF2H2"	1
"Not.Correlated"	"Formation of tubulin folding intermediates by CCT/TriC"	"Formation of tubulin folding intermediates by CCT/TriC"	"1/133"	"20/7644"	0.296360526855262	0.660245466394759	0.623713665959961	"CCT6A"	1
"Not.Correlated"	"N-glycan antennae elongation in the medial/trans-Golgi"	"N-glycan antennae elongation in the medial/trans-Golgi"	"1/133"	"20/7644"	0.296360526855262	0.660245466394759	0.623713665959961	"B4GALT6"	1
"Not.Correlated"	"Regulation of gene expression in beta cells"	"Regulation of gene expression in beta cells"	"1/133"	"20/7644"	0.296360526855262	0.660245466394759	0.623713665959961	"GCK"	1
"Not.Correlated"	"Collagen biosynthesis and modifying enzymes"	"Collagen biosynthesis and modifying enzymes"	"2/133"	"64/7644"	0.306435303830364	0.660245466394759	0.623713665959961	"COL22A1/PCOLCE2"	2
"Not.Correlated"	"O-linked glycosylation of mucins"	"O-linked glycosylation of mucins"	"2/133"	"64/7644"	0.306435303830364	0.660245466394759	0.623713665959961	"B3GNT7/B4GALT6"	2
"Not.Correlated"	"Aflatoxin activation and detoxification"	"Aflatoxin activation and detoxification"	"1/133"	"21/7644"	0.308635454705242	0.660245466394759	0.623713665959961	"DPEP1"	1
"Not.Correlated"	"Defective ACY1 causes encephalopathy"	"Defective ACY1 causes encephalopathy"	"1/133"	"21/7644"	0.308635454705242	0.660245466394759	0.623713665959961	"DPEP1"	1
"Not.Correlated"	"GRB2 events in EGFR signaling"	"GRB2 events in EGFR signaling"	"1/133"	"21/7644"	0.308635454705242	0.660245466394759	0.623713665959961	"EGFR"	1
"Not.Correlated"	"HS-GAG degradation"	"HS-GAG degradation"	"1/133"	"21/7644"	0.308635454705242	0.660245466394759	0.623713665959961	"GPC6"	1
"Not.Correlated"	"regulation of FZD by ubiquitination"	"regulation of FZD by ubiquitination"	"1/133"	"21/7644"	0.308635454705242	0.660245466394759	0.623713665959961	"FZD6"	1
"Not.Correlated"	"Regulation of Insulin-like Growth Factor (IGF) transport and uptake by Insulin-like Growth Factor Binding Proteins (IGFBPs)"	"Regulation of Insulin-like Growth Factor (IGF) transport and uptake by Insulin-like Growth Factor Binding Proteins (IGFBPs)"	"1/133"	"21/7644"	0.308635454705242	0.660245466394759	0.623713665959961	"IGF2"	1
"Not.Correlated"	"Signal transduction by L1"	"Signal transduction by L1"	"1/133"	"21/7644"	0.308635454705242	0.660245466394759	0.623713665959961	"EGFR"	1
"Not.Correlated"	"Synthesis of Leukotrienes (LT) and Eoxins (EX)"	"Synthesis of Leukotrienes (LT) and Eoxins (EX)"	"1/133"	"21/7644"	0.308635454705242	0.660245466394759	0.623713665959961	"DPEP1"	1
"Not.Correlated"	"Cholesterol biosynthesis"	"Cholesterol biosynthesis"	"1/133"	"22/7644"	0.32069782969202	0.674663069103128	0.637333533565708	"DHCR24"	1
"Not.Correlated"	"Intrinsic Pathway"	"Intrinsic Pathway"	"1/133"	"22/7644"	0.32069782969202	0.674663069103128	0.637333533565708	"F12"	1
"Not.Correlated"	"SHC1 events in EGFR signaling"	"SHC1 events in EGFR signaling"	"1/133"	"22/7644"	0.32069782969202	0.674663069103128	0.637333533565708	"EGFR"	1
"Not.Correlated"	"Smooth Muscle Contraction"	"Smooth Muscle Contraction"	"1/133"	"22/7644"	0.32069782969202	0.674663069103128	0.637333533565708	"MYH11"	1
"Not.Correlated"	"Signaling by Insulin receptor"	"Signaling by Insulin receptor"	"3/133"	"116/7644"	0.328314421851303	0.679852869456683	0.642236178973924	"FGFR3/TRIB3/THEM4"	3
"Not.Correlated"	"BBSome-mediated cargo-targeting to cilium"	"BBSome-mediated cargo-targeting to cilium"	"1/133"	"23/7644"	0.332551304980784	0.679852869456683	0.642236178973924	"MCHR1"	1
"Not.Correlated"	"FGFR ligand binding and activation"	"FGFR ligand binding and activation"	"1/133"	"23/7644"	0.332551304980784	0.679852869456683	0.642236178973924	"FGFR3"	1
"Not.Correlated"	"HDMs demethylate histones"	"HDMs demethylate histones"	"1/133"	"23/7644"	0.332551304980784	0.679852869456683	0.642236178973924	"KDM5D"	1
"Not.Correlated"	"Laminin interactions"	"Laminin interactions"	"1/133"	"23/7644"	0.332551304980784	0.679852869456683	0.642236178973924	"LAMA1"	1
"Not.Correlated"	"Regulation of Complement cascade"	"Regulation of Complement cascade"	"1/133"	"23/7644"	0.332551304980784	0.679852869456683	0.642236178973924	"C4A"	1
"Not.Correlated"	"Sulfur amino acid metabolism"	"Sulfur amino acid metabolism"	"1/133"	"23/7644"	0.332551304980784	0.679852869456683	0.642236178973924	"MTAP"	1
"Not.Correlated"	"Antigen Presentation: Folding, assembly and peptide loading of class I MHC"	"Antigen Presentation: Folding, assembly and peptide loading of class I MHC"	"1/133"	"24/7644"	0.344199471420563	0.695255506016834	0.656786577883649	"ERAP2"	1
"Not.Correlated"	"Growth hormone receptor signaling"	"Growth hormone receptor signaling"	"1/133"	"24/7644"	0.344199471420563	0.695255506016834	0.656786577883649	"SOCS2"	1
"Not.Correlated"	"Synthesis of bile acids and bile salts via 7alpha-hydroxycholesterol"	"Synthesis of bile acids and bile salts via 7alpha-hydroxycholesterol"	"1/133"	"24/7644"	0.344199471420563	0.695255506016834	0.656786577883649	"AKR1C3"	1
"Not.Correlated"	"Activation of G protein gated Potassium channels"	"Activation of G protein gated Potassium channels"	"1/133"	"25/7644"	0.35564585859918	0.701604865018616	0.662784622824604	"KCNJ16"	1
"Not.Correlated"	"G protein gated Potassium channels"	"G protein gated Potassium channels"	"1/133"	"25/7644"	0.35564585859918	0.701604865018616	0.662784622824604	"KCNJ16"	1
"Not.Correlated"	"Inhibition  of voltage gated Ca2+ channels via Gbeta/gamma subunits"	"Inhibition  of voltage gated Ca2+ channels via Gbeta/gamma subunits"	"1/133"	"25/7644"	0.35564585859918	0.701604865018616	0.662784622824604	"KCNJ16"	1
"Not.Correlated"	"Nitric oxide stimulates guanylate cyclase"	"Nitric oxide stimulates guanylate cyclase"	"1/133"	"25/7644"	0.35564585859918	0.701604865018616	0.662784622824604	"NOS2"	1
"Not.Correlated"	"SHC-related events triggered by IGF1R"	"SHC-related events triggered by IGF1R"	"1/133"	"25/7644"	0.35564585859918	0.701604865018616	0.662784622824604	"IGF2"	1
"Not.Correlated"	"TRP channels"	"TRP channels"	"1/133"	"25/7644"	0.35564585859918	0.701604865018616	0.662784622824604	"TRPM8"	1
"Not.Correlated"	"Costimulation by the CD28 family"	"Costimulation by the CD28 family"	"2/133"	"73/7644"	0.363841778184228	0.704603126861398	0.665616988937893	"TRIB3/THEM4"	2
"Not.Correlated"	"Hemostasis"	"Hemostasis"	"10/133"	"497/7644"	0.364120055251007	0.704603126861398	0.665616988937893	"HBB/PDGFA/TGFB2/IGF2/TFPI/DGKG/RASGRP1/NOS2/F12/LEFTY2"	10
"Not.Correlated"	"A tetrasaccharide linker sequence is required for GAG synthesis"	"A tetrasaccharide linker sequence is required for GAG synthesis"	"1/133"	"26/7644"	0.366893935880491	0.704603126861398	0.665616988937893	"GPC6"	1
"Not.Correlated"	"ATF4 activates genes"	"ATF4 activates genes"	"1/133"	"26/7644"	0.366893935880491	0.704603126861398	0.665616988937893	"DDIT3"	1
"Not.Correlated"	"EGFR downregulation"	"EGFR downregulation"	"1/133"	"26/7644"	0.366893935880491	0.704603126861398	0.665616988937893	"EGFR"	1
"Not.Correlated"	"Prefoldin mediated transfer of substrate  to CCT/TriC"	"Prefoldin mediated transfer of substrate  to CCT/TriC"	"1/133"	"26/7644"	0.366893935880491	0.704603126861398	0.665616988937893	"CCT6A"	1
"Not.Correlated"	"RNA Pol II CTD phosphorylation and interaction with CE"	"RNA Pol II CTD phosphorylation and interaction with CE"	"1/133"	"26/7644"	0.366893935880491	0.704603126861398	0.665616988937893	"GTF2H2"	1
"Not.Correlated"	"NoRC negatively regulates rRNA expression"	"NoRC negatively regulates rRNA expression"	"2/133"	"74/7644"	0.370121593269182	0.708119425613114	0.668938728649366	"HIST1H2BD/GTF2H2"	2
"Not.Correlated"	"Cooperation of Prefoldin and TriC/CCT  in actin and tubulin folding"	"Cooperation of Prefoldin and TriC/CCT  in actin and tubulin folding"	"1/133"	"27/7644"	0.37794711342419	0.710657665955627	0.671336526543777	"CCT6A"	1
"Not.Correlated"	"Integrin alphaIIb beta3 signaling"	"Integrin alphaIIb beta3 signaling"	"1/133"	"27/7644"	0.37794711342419	0.710657665955627	0.671336526543777	"RASGRP1"	1
"Not.Correlated"	"Synthesis of bile acids and bile salts"	"Synthesis of bile acids and bile salts"	"1/133"	"27/7644"	0.37794711342419	0.710657665955627	0.671336526543777	"AKR1C3"	1
"Not.Correlated"	"Binding and Uptake of Ligands by Scavenger Receptors"	"Binding and Uptake of Ligands by Scavenger Receptors"	"2/133"	"76/7644"	0.382607752835891	0.710657665955627	0.671336526543777	"HBB/HBA1"	2
"Not.Correlated"	"RNA Polymerase I Promoter Clearance"	"RNA Polymerase I Promoter Clearance"	"2/133"	"76/7644"	0.382607752835891	0.710657665955627	0.671336526543777	"HIST1H2BD/GTF2H2"	2
"Not.Correlated"	"Adrenaline,noradrenaline inhibits insulin secretion"	"Adrenaline,noradrenaline inhibits insulin secretion"	"1/133"	"28/7644"	0.388808743188478	0.710657665955627	0.671336526543777	"CACNB2"	1
"Not.Correlated"	"Dual incision reaction in TC-NER"	"Dual incision reaction in TC-NER"	"1/133"	"28/7644"	0.388808743188478	0.710657665955627	0.671336526543777	"GTF2H2"	1
"Not.Correlated"	"Formation of transcription-coupled NER (TC-NER) repair complex"	"Formation of transcription-coupled NER (TC-NER) repair complex"	"1/133"	"28/7644"	0.388808743188478	0.710657665955627	0.671336526543777	"GTF2H2"	1
"Not.Correlated"	"mRNA Capping"	"mRNA Capping"	"1/133"	"28/7644"	0.388808743188478	0.710657665955627	0.671336526543777	"GTF2H2"	1
"Not.Correlated"	"Negative epigenetic regulation of rRNA expression"	"Negative epigenetic regulation of rRNA expression"	"2/133"	"77/7644"	0.388812021473086	0.710657665955627	0.671336526543777	"HIST1H2BD/GTF2H2"	2
"Not.Correlated"	"RNA Polymerase I Transcription"	"RNA Polymerase I Transcription"	"2/133"	"78/7644"	0.394989103578447	0.710657665955627	0.671336526543777	"HIST1H2BD/GTF2H2"	2
"Not.Correlated"	"Association of TriC/CCT with target proteins during biosynthesis"	"Association of TriC/CCT with target proteins during biosynthesis"	"1/133"	"29/7644"	0.399482119915885	0.710657665955627	0.671336526543777	"CCT6A"	1
"Not.Correlated"	"CDO in myogenesis"	"CDO in myogenesis"	"1/133"	"29/7644"	0.399482119915885	0.710657665955627	0.671336526543777	"CDH4"	1
"Not.Correlated"	"Myogenesis"	"Myogenesis"	"1/133"	"29/7644"	0.399482119915885	0.710657665955627	0.671336526543777	"CDH4"	1
"Not.Correlated"	"PERK regulates gene expression"	"PERK regulates gene expression"	"1/133"	"29/7644"	0.399482119915885	0.710657665955627	0.671336526543777	"DDIT3"	1
"Not.Correlated"	"Regulation of Glucokinase by Glucokinase Regulatory Protein"	"Regulation of Glucokinase by Glucokinase Regulatory Protein"	"1/133"	"29/7644"	0.399482119915885	0.710657665955627	0.671336526543777	"GCK"	1
"Not.Correlated"	"RNA Polymerase I Promoter Escape"	"RNA Polymerase I Promoter Escape"	"1/133"	"29/7644"	0.399482119915885	0.710657665955627	0.671336526543777	"GTF2H2"	1
"Not.Correlated"	"SHC-mediated cascade"	"SHC-mediated cascade"	"1/133"	"29/7644"	0.399482119915885	0.710657665955627	0.671336526543777	"FGFR3"	1
"Not.Correlated"	"SMAD2/SMAD3:SMAD4 heterotrimer regulates transcription"	"SMAD2/SMAD3:SMAD4 heterotrimer regulates transcription"	"1/133"	"29/7644"	0.399482119915885	0.710657665955627	0.671336526543777	"CDKN2B"	1
"Not.Correlated"	"YAP1- and WWTR1 (TAZ)-stimulated gene expression"	"YAP1- and WWTR1 (TAZ)-stimulated gene expression"	"1/133"	"29/7644"	0.399482119915885	0.710657665955627	0.671336526543777	"NKX2-5"	1
"Not.Correlated"	"Opioid Signalling"	"Opioid Signalling"	"2/133"	"80/7644"	0.407258018468098	0.716741498020603	0.677083736321758	"ADCY8/PDE1C"	2
"Not.Correlated"	"Activation of Kainate Receptors upon glutamate binding"	"Activation of Kainate Receptors upon glutamate binding"	"1/133"	"30/7644"	0.409970482102515	0.716741498020603	0.677083736321758	"GRIK1"	1
"Not.Correlated"	"Adherens junctions interactions"	"Adherens junctions interactions"	"1/133"	"30/7644"	0.409970482102515	0.716741498020603	0.677083736321758	"CDH4"	1
"Not.Correlated"	"GRB2 events in ERBB2 signaling"	"GRB2 events in ERBB2 signaling"	"1/133"	"30/7644"	0.409970482102515	0.716741498020603	0.677083736321758	"EGFR"	1
"Not.Correlated"	"RNA Polymerase I Promoter Opening"	"RNA Polymerase I Promoter Opening"	"1/133"	"30/7644"	0.409970482102515	0.716741498020603	0.677083736321758	"HIST1H2BD"	1
"Not.Correlated"	"Metabolism of amino acids and derivatives"	"Metabolism of amino acids and derivatives"	"4/133"	"188/7644"	0.414484761650214	0.719866370155936	0.680035707299805	"PSPH/DIO2/MTAP/CPS1"	4
"Not.Correlated"	"Mitotic G1-G1/S phases"	"Mitotic G1-G1/S phases"	"3/133"	"135/7644"	0.41847249047727	0.719866370155936	0.680035707299805	"CDK6/CDKN2A/CDKN2B"	3
"Not.Correlated"	"Amino acid transport across the plasma membrane"	"Amino acid transport across the plasma membrane"	"1/133"	"31/7644"	0.420277012951	0.719866370155936	0.680035707299805	"SLC7A2"	1
"Not.Correlated"	"Inwardly rectifying K+ channels"	"Inwardly rectifying K+ channels"	"1/133"	"31/7644"	0.420277012951	0.719866370155936	0.680035707299805	"KCNJ16"	1
"Not.Correlated"	"Packaging Of Telomere Ends"	"Packaging Of Telomere Ends"	"1/133"	"31/7644"	0.420277012951	0.719866370155936	0.680035707299805	"HIST1H2BD"	1
"Not.Correlated"	"RNA Polymerase I Transcription Termination"	"RNA Polymerase I Transcription Termination"	"1/133"	"31/7644"	0.420277012951	0.719866370155936	0.680035707299805	"GTF2H2"	1
"Not.Correlated"	"DNA methylation"	"DNA methylation"	"1/133"	"32/7644"	0.430404841307432	0.722567068022742	0.682586973840647	"HIST1H2BD"	1
"Not.Correlated"	"Formation of the Early Elongation Complex"	"Formation of the Early Elongation Complex"	"1/133"	"32/7644"	0.430404841307432	0.722567068022742	0.682586973840647	"GTF2H2"	1
"Not.Correlated"	"Formation of the HIV-1 Early Elongation Complex"	"Formation of the HIV-1 Early Elongation Complex"	"1/133"	"32/7644"	0.430404841307432	0.722567068022742	0.682586973840647	"GTF2H2"	1
"Not.Correlated"	"Regulation of beta-cell development"	"Regulation of beta-cell development"	"1/133"	"32/7644"	0.430404841307432	0.722567068022742	0.682586973840647	"GCK"	1
"Not.Correlated"	"SHC1 events in ERBB2 signaling"	"SHC1 events in ERBB2 signaling"	"1/133"	"32/7644"	0.430404841307432	0.722567068022742	0.682586973840647	"EGFR"	1
"Not.Correlated"	"Signaling by Robo receptor"	"Signaling by Robo receptor"	"1/133"	"32/7644"	0.430404841307432	0.722567068022742	0.682586973840647	"SLIT2"	1
"Not.Correlated"	"Cellular responses to stress"	"Cellular responses to stress"	"5/133"	"249/7644"	0.437388013019903	0.727077977532014	0.6868482918656	"MDM2/CDK6/CDKN2A/CDKN2B/HIST1H2BD"	5
"Not.Correlated"	"Cell junction organization"	"Cell junction organization"	"2/133"	"85/7644"	0.437394049600127	0.727077977532014	0.6868482918656	"FLNC/CDH4"	2
"Not.Correlated"	"Meiosis"	"Meiosis"	"2/133"	"85/7644"	0.437394049600127	0.727077977532014	0.6868482918656	"REC8/HIST1H2BD"	2
"Not.Correlated"	"Glucagon signaling in metabolic regulation"	"Glucagon signaling in metabolic regulation"	"1/133"	"33/7644"	0.440357042582539	0.729611178396559	0.689241329119557	"ADCY8"	1
"Not.Correlated"	"Collagen formation"	"Collagen formation"	"2/133"	"86/7644"	0.44332330727761	0.729756223343338	0.689378348637432	"COL22A1/PCOLCE2"	2
"Not.Correlated"	"Mitochondrial translation elongation"	"Mitochondrial translation elongation"	"2/133"	"86/7644"	0.44332330727761	0.729756223343338	0.689378348637432	"TSFM/MRPS17"	2
"Not.Correlated"	"Class B/2 (Secretin family receptors)"	"Class B/2 (Secretin family receptors)"	"2/133"	"87/7644"	0.449218342257728	0.736191213891243	0.695457287076748	"CALCRL/FZD6"	2
"Not.Correlated"	"Global Genomic NER (GG-NER)"	"Global Genomic NER (GG-NER)"	"1/133"	"34/7644"	0.450136639657368	0.736191213891243	0.695457287076748	"GTF2H2"	1
"Not.Correlated"	"Glycerophospholipid biosynthesis"	"Glycerophospholipid biosynthesis"	"2/133"	"88/7644"	0.455078545933552	0.739973105121538	0.6990299238665	"ETNK2/DGAT2"	2
"Not.Correlated"	"Class I MHC mediated antigen processing & presentation"	"Class I MHC mediated antigen processing & presentation"	"5/133"	"255/7644"	0.457960348932935	0.739973105121538	0.6990299238665	"SEC61G/KLHL9/ERAP2/ZBTB16/FBXO27"	5
"Not.Correlated"	"Bile acid and bile salt metabolism"	"Bile acid and bile salt metabolism"	"1/133"	"35/7644"	0.459746603773737	0.739973105121538	0.6990299238665	"AKR1C3"	1
"Not.Correlated"	"Post NMDA receptor activation events"	"Post NMDA receptor activation events"	"1/133"	"35/7644"	0.459746603773737	0.739973105121538	0.6990299238665	"ADCY8"	1
"Not.Correlated"	"SIRT1 negatively regulates rRNA Expression"	"SIRT1 negatively regulates rRNA Expression"	"1/133"	"35/7644"	0.459746603773737	0.739973105121538	0.6990299238665	"HIST1H2BD"	1
"Not.Correlated"	"Transport to the Golgi and subsequent modification"	"Transport to the Golgi and subsequent modification"	"1/133"	"36/7644"	0.469189855409707	0.752782457888359	0.711130527020042	"B4GALT6"	1
"Not.Correlated"	"SLC-mediated transmembrane transport"	"SLC-mediated transmembrane transport"	"5/133"	"259/7644"	0.471564591263485	0.753237057608274	0.711559973449112	"SLCO1C1/SLC7A2/SLC47A1/SLC16A7/GCK"	5
"Not.Correlated"	"PCP/CE pathway"	"PCP/CE pathway"	"2/133"	"91/7644"	0.47244454500874	0.753237057608274	0.711559973449112	"FZD6/PRICKLE1"	2
"Not.Correlated"	"Mitochondrial translation"	"Mitochondrial translation"	"2/133"	"92/7644"	0.47815994722475	0.758074741956695	0.716129985654098	"TSFM/MRPS17"	2
"Not.Correlated"	"Platelet Aggregation (Plug Formation)"	"Platelet Aggregation (Plug Formation)"	"1/133"	"37/7644"	0.47846926514032	0.758074741956695	0.716129985654098	"RASGRP1"	1
"Not.Correlated"	"Phagosomal maturation (early endosomal stage)"	"Phagosomal maturation (early endosomal stage)"	"1/133"	"38/7644"	0.487587654483864	0.767723418705959	0.725244794998882	"NOS2"	1
"Not.Correlated"	"Transport of vitamins, nucleosides, and related molecules"	"Transport of vitamins, nucleosides, and related molecules"	"1/133"	"38/7644"	0.487587654483864	0.767723418705959	0.725244794998882	"SLCO1C1"	1
"Not.Correlated"	"Epigenetic regulation of gene expression"	"Epigenetic regulation of gene expression"	"2/133"	"94/7644"	0.489478043598804	0.768313833141156	0.725802541428892	"HIST1H2BD/GTF2H2"	2
"Not.Correlated"	"Glucose transport"	"Glucose transport"	"1/133"	"40/7644"	0.505352417777196	0.777878257635739	0.734837760249686	"GCK"	1
"Not.Correlated"	"Negative regulation of FGFR signaling"	"Negative regulation of FGFR signaling"	"1/133"	"40/7644"	0.505352417777196	0.777878257635739	0.734837760249686	"FGFR3"	1
"Not.Correlated"	"PRC2 methylates histones and DNA"	"PRC2 methylates histones and DNA"	"1/133"	"40/7644"	0.505352417777196	0.777878257635739	0.734837760249686	"HIST1H2BD"	1
"Not.Correlated"	"Transport of glucose and other sugars, bile salts and organic acids, metal ions and amine compounds"	"Transport of glucose and other sugars, bile salts and organic acids, metal ions and amine compounds"	"2/133"	"97/7644"	0.506167286981045	0.777878257635739	0.734837760249686	"SLC47A1/SLC16A7"	2
"Not.Correlated"	"Condensation of Prophase Chromosomes"	"Condensation of Prophase Chromosomes"	"1/133"	"41/7644"	0.514004196898137	0.777878257635739	0.734837760249686	"HIST1H2BD"	1
"Not.Correlated"	"Transcriptional activity of SMAD2/SMAD3:SMAD4 heterotrimer"	"Transcriptional activity of SMAD2/SMAD3:SMAD4 heterotrimer"	"1/133"	"41/7644"	0.514004196898137	0.777878257635739	0.734837760249686	"CDKN2B"	1
"Not.Correlated"	"Hedgehog 'off' state"	"Hedgehog 'off' state"	"2/133"	"99/7644"	0.51709732845228	0.777878257635739	0.734837760249686	"ADCY8/GLI3"	2
"Not.Correlated"	"Amine ligand-binding receptors"	"Amine ligand-binding receptors"	"1/133"	"42/7644"	0.52250576756926	0.777878257635739	0.734837760249686	"CHRM3"	1
"Not.Correlated"	"Formation of HIV-1 elongation complex containing HIV-1 Tat"	"Formation of HIV-1 elongation complex containing HIV-1 Tat"	"1/133"	"42/7644"	0.52250576756926	0.777878257635739	0.734837760249686	"GTF2H2"	1
"Not.Correlated"	"Formation of HIV elongation complex in the absence of HIV Tat"	"Formation of HIV elongation complex in the absence of HIV Tat"	"1/133"	"42/7644"	0.52250576756926	0.777878257635739	0.734837760249686	"GTF2H2"	1
"Not.Correlated"	"Formation of RNA Pol II elongation complex"	"Formation of RNA Pol II elongation complex"	"1/133"	"42/7644"	0.52250576756926	0.777878257635739	0.734837760249686	"GTF2H2"	1
"Not.Correlated"	"Glucagon-like Peptide-1 (GLP1) regulates insulin secretion"	"Glucagon-like Peptide-1 (GLP1) regulates insulin secretion"	"1/133"	"42/7644"	0.52250576756926	0.777878257635739	0.734837760249686	"ADCY8"	1
"Not.Correlated"	"HIV Transcription Elongation"	"HIV Transcription Elongation"	"1/133"	"42/7644"	0.52250576756926	0.777878257635739	0.734837760249686	"GTF2H2"	1
"Not.Correlated"	"RNA Polymerase II Transcription Elongation"	"RNA Polymerase II Transcription Elongation"	"1/133"	"42/7644"	0.52250576756926	0.777878257635739	0.734837760249686	"GTF2H2"	1
"Not.Correlated"	"Tat-mediated elongation of the HIV-1 transcript"	"Tat-mediated elongation of the HIV-1 transcript"	"1/133"	"42/7644"	0.52250576756926	0.777878257635739	0.734837760249686	"GTF2H2"	1
"Not.Correlated"	"Triglyceride Biosynthesis"	"Triglyceride Biosynthesis"	"1/133"	"42/7644"	0.52250576756926	0.777878257635739	0.734837760249686	"DGAT2"	1
"Not.Correlated"	"HIV Transcription Initiation"	"HIV Transcription Initiation"	"1/133"	"43/7644"	0.530859718228729	0.777878257635739	0.734837760249686	"GTF2H2"	1
"Not.Correlated"	"RNA Polymerase II HIV Promoter Escape"	"RNA Polymerase II HIV Promoter Escape"	"1/133"	"43/7644"	0.530859718228729	0.777878257635739	0.734837760249686	"GTF2H2"	1
"Not.Correlated"	"RNA Polymerase II Promoter Escape"	"RNA Polymerase II Promoter Escape"	"1/133"	"43/7644"	0.530859718228729	0.777878257635739	0.734837760249686	"GTF2H2"	1
"Not.Correlated"	"RNA Polymerase II Transcription Initiation"	"RNA Polymerase II Transcription Initiation"	"1/133"	"43/7644"	0.530859718228729	0.777878257635739	0.734837760249686	"GTF2H2"	1
"Not.Correlated"	"RNA Polymerase II Transcription Initiation And Promoter Clearance"	"RNA Polymerase II Transcription Initiation And Promoter Clearance"	"1/133"	"43/7644"	0.530859718228729	0.777878257635739	0.734837760249686	"GTF2H2"	1
"Not.Correlated"	"RNA Polymerase II Transcription Pre-Initiation And Promoter Opening"	"RNA Polymerase II Transcription Pre-Initiation And Promoter Opening"	"1/133"	"43/7644"	0.530859718228729	0.777878257635739	0.734837760249686	"GTF2H2"	1
"Not.Correlated"	"Voltage gated Potassium channels"	"Voltage gated Potassium channels"	"1/133"	"43/7644"	0.530859718228729	0.777878257635739	0.734837760249686	"KCNF1"	1
"Not.Correlated"	"FRS2-mediated cascade"	"FRS2-mediated cascade"	"1/133"	"44/7644"	0.539068593044619	0.787630480327441	0.744050386274235	"FGFR3"	1
"Not.Correlated"	"NRAGE signals death through JNK"	"NRAGE signals death through JNK"	"1/133"	"45/7644"	0.547134892666338	0.788393694628645	0.744771371444064	"NGFR"	1
"Not.Correlated"	"RMTs methylate histone arginines"	"RMTs methylate histone arginines"	"1/133"	"45/7644"	0.547134892666338	0.788393694628645	0.744771371444064	"HIST3H2A"	1
"Not.Correlated"	"Signaling by FGFR mutants"	"Signaling by FGFR mutants"	"1/133"	"45/7644"	0.547134892666338	0.788393694628645	0.744771371444064	"FGFR3"	1
"Not.Correlated"	"Transcription-coupled NER (TC-NER)"	"Transcription-coupled NER (TC-NER)"	"1/133"	"45/7644"	0.547134892666338	0.788393694628645	0.744771371444064	"GTF2H2"	1
"Not.Correlated"	"HATs acetylate histones"	"HATs acetylate histones"	"2/133"	"105/7644"	0.548921053656631	0.788393694628645	0.744771371444064	"HIST3H2A/HIST1H2BD"	2
"Not.Correlated"	"VEGFA-VEGFR2 Pathway"	"VEGFA-VEGFR2 Pathway"	"2/133"	"105/7644"	0.548921053656631	0.788393694628645	0.744771371444064	"TRIB3/THEM4"	2
"Not.Correlated"	"Hexose transport"	"Hexose transport"	"1/133"	"46/7644"	0.555061074963401	0.794960353125548	0.750974692561247	"GCK"	1
"Not.Correlated"	"RNA Polymerase I Transcription Initiation"	"RNA Polymerase I Transcription Initiation"	"1/133"	"47/7644"	0.562849555751749	0.798802243834941	0.754604009020862	"GTF2H2"	1
"Not.Correlated"	"SRP-dependent cotranslational protein targeting to membrane"	"SRP-dependent cotranslational protein targeting to membrane"	"2/133"	"109/7644"	0.569314995886518	0.798802243834941	0.754604009020862	"SEC61G/RPS4Y1"	2
"Not.Correlated"	"Chaperonin-mediated protein folding"	"Chaperonin-mediated protein folding"	"1/133"	"48/7644"	0.570502709507839	0.798802243834941	0.754604009020862	"CCT6A"	1
"Not.Correlated"	"Formation of the ternary complex, and subsequently, the 43S complex"	"Formation of the ternary complex, and subsequently, the 43S complex"	"1/133"	"48/7644"	0.570502709507839	0.798802243834941	0.754604009020862	"RPS4Y1"	1
"Not.Correlated"	"Amino acid and oligopeptide SLC transporters"	"Amino acid and oligopeptide SLC transporters"	"1/133"	"49/7644"	0.578022870070695	0.798802243834941	0.754604009020862	"SLC7A2"	1
"Not.Correlated"	"PPARA activates gene expression"	"PPARA activates gene expression"	"2/133"	"111/7644"	0.579262003335183	0.798802243834941	0.754604009020862	"TRIB3/ME1"	2
"Not.Correlated"	"Chondroitin sulfate/dermatan sulfate metabolism"	"Chondroitin sulfate/dermatan sulfate metabolism"	"1/133"	"50/7644"	0.58541233133213	0.798802243834941	0.754604009020862	"GPC6"	1
"Not.Correlated"	"Nucleotide Excision Repair"	"Nucleotide Excision Repair"	"1/133"	"50/7644"	0.58541233133213	0.798802243834941	0.754604009020862	"GTF2H2"	1
"Not.Correlated"	"Signaling by VEGF"	"Signaling by VEGF"	"2/133"	"113/7644"	0.589041482690701	0.798802243834941	0.754604009020862	"TRIB3/THEM4"	2
"Not.Correlated"	"Amyloids"	"Amyloids"	"1/133"	"51/7644"	0.592673347915331	0.798802243834941	0.754604009020862	"HIST1H2BD"	1
"Not.Correlated"	"Cargo trafficking to the periciliary membrane"	"Cargo trafficking to the periciliary membrane"	"1/133"	"51/7644"	0.592673347915331	0.798802243834941	0.754604009020862	"MCHR1"	1
"Not.Correlated"	"Regulation of lipid metabolism by Peroxisome proliferator-activated receptor alpha (PPARalpha)"	"Regulation of lipid metabolism by Peroxisome proliferator-activated receptor alpha (PPARalpha)"	"2/133"	"114/7644"	0.593868277160349	0.798802243834941	0.754604009020862	"TRIB3/ME1"	2
"Not.Correlated"	"RNA Polymerase I, RNA Polymerase III, and Mitochondrial Transcription"	"RNA Polymerase I, RNA Polymerase III, and Mitochondrial Transcription"	"2/133"	"114/7644"	0.593868277160349	0.798802243834941	0.754604009020862	"HIST1H2BD/GTF2H2"	2
"Not.Correlated"	"Deposition of new CENPA-containing nucleosomes at the centromere"	"Deposition of new CENPA-containing nucleosomes at the centromere"	"1/133"	"52/7644"	0.599808135842008	0.798802243834941	0.754604009020862	"HIST1H2BD"	1
"Not.Correlated"	"Nucleosome assembly"	"Nucleosome assembly"	"1/133"	"52/7644"	0.599808135842008	0.798802243834941	0.754604009020862	"HIST1H2BD"	1
"Not.Correlated"	"Stabilization of p53"	"Stabilization of p53"	"1/133"	"52/7644"	0.599808135842008	0.798802243834941	0.754604009020862	"MDM2"	1
"Not.Correlated"	"Asparagine N-linked glycosylation"	"Asparagine N-linked glycosylation"	"2/133"	"118/7644"	0.612755410515767	0.798802243834941	0.754604009020862	"TUSC3/B4GALT6"	2
"Not.Correlated"	"Defective ALG11 causes ALG11-CDG (CDG-1p)"	"Defective ALG11 causes ALG11-CDG (CDG-1p)"	"2/133"	"118/7644"	0.612755410515767	0.798802243834941	0.754604009020862	"TUSC3/B4GALT6"	2
"Not.Correlated"	"Defective ALG12 causes ALG12-CDG (CDG-1g)"	"Defective ALG12 causes ALG12-CDG (CDG-1g)"	"2/133"	"118/7644"	0.612755410515767	0.798802243834941	0.754604009020862	"TUSC3/B4GALT6"	2
"Not.Correlated"	"Defective ALG14 causes congenital myasthenic syndrome (ALG14-CMS)"	"Defective ALG14 causes congenital myasthenic syndrome (ALG14-CMS)"	"2/133"	"118/7644"	0.612755410515767	0.798802243834941	0.754604009020862	"TUSC3/B4GALT6"	2
"Not.Correlated"	"Defective ALG1 causes ALG1-CDG (CDG-1k)"	"Defective ALG1 causes ALG1-CDG (CDG-1k)"	"2/133"	"118/7644"	0.612755410515767	0.798802243834941	0.754604009020862	"TUSC3/B4GALT6"	2
"Not.Correlated"	"Defective ALG2 causes ALG2-CDG (CDG-1i)"	"Defective ALG2 causes ALG2-CDG (CDG-1i)"	"2/133"	"118/7644"	0.612755410515767	0.798802243834941	0.754604009020862	"TUSC3/B4GALT6"	2
"Not.Correlated"	"Defective ALG3 causes ALG3-CDG (CDG-1d)"	"Defective ALG3 causes ALG3-CDG (CDG-1d)"	"2/133"	"118/7644"	0.612755410515767	0.798802243834941	0.754604009020862	"TUSC3/B4GALT6"	2
"Not.Correlated"	"Defective ALG6 causes ALG6-CDG (CDG-1c)"	"Defective ALG6 causes ALG6-CDG (CDG-1c)"	"2/133"	"118/7644"	0.612755410515767	0.798802243834941	0.754604009020862	"TUSC3/B4GALT6"	2
"Not.Correlated"	"Defective ALG8 causes ALG8-CDG (CDG-1h)"	"Defective ALG8 causes ALG8-CDG (CDG-1h)"	"2/133"	"118/7644"	0.612755410515767	0.798802243834941	0.754604009020862	"TUSC3/B4GALT6"	2
"Not.Correlated"	"Defective ALG9 causes ALG9-CDG (CDG-1l)"	"Defective ALG9 causes ALG9-CDG (CDG-1l)"	"2/133"	"118/7644"	0.612755410515767	0.798802243834941	0.754604009020862	"TUSC3/B4GALT6"	2
"Not.Correlated"	"Defective DPAGT1 causes DPAGT1-CDG (CDG-1j) and CMSTA2"	"Defective DPAGT1 causes DPAGT1-CDG (CDG-1j) and CMSTA2"	"2/133"	"118/7644"	0.612755410515767	0.798802243834941	0.754604009020862	"TUSC3/B4GALT6"	2
"Not.Correlated"	"Defective MAN1B1 causes MRT15"	"Defective MAN1B1 causes MRT15"	"2/133"	"118/7644"	0.612755410515767	0.798802243834941	0.754604009020862	"TUSC3/B4GALT6"	2
"Not.Correlated"	"Defective MGAT2 causes MGAT2-CDG (CDG-2a)"	"Defective MGAT2 causes MGAT2-CDG (CDG-2a)"	"2/133"	"118/7644"	0.612755410515767	0.798802243834941	0.754604009020862	"TUSC3/B4GALT6"	2
"Not.Correlated"	"Defective MOGS causes MOGS-CDG (CDG-2b)"	"Defective MOGS causes MOGS-CDG (CDG-2b)"	"2/133"	"118/7644"	0.612755410515767	0.798802243834941	0.754604009020862	"TUSC3/B4GALT6"	2
"Not.Correlated"	"Defective MPDU1 causes MPDU1-CDG (CDG-1f)"	"Defective MPDU1 causes MPDU1-CDG (CDG-1f)"	"2/133"	"118/7644"	0.612755410515767	0.798802243834941	0.754604009020862	"TUSC3/B4GALT6"	2
"Not.Correlated"	"Defective RFT1 causes RFT1-CDG (CDG-1n)"	"Defective RFT1 causes RFT1-CDG (CDG-1n)"	"2/133"	"118/7644"	0.612755410515767	0.798802243834941	0.754604009020862	"TUSC3/B4GALT6"	2
"Not.Correlated"	"Diseases associated with N-glycosylation of proteins"	"Diseases associated with N-glycosylation of proteins"	"2/133"	"118/7644"	0.612755410515767	0.798802243834941	0.754604009020862	"TUSC3/B4GALT6"	2
"Not.Correlated"	"Meiotic recombination"	"Meiotic recombination"	"1/133"	"54/7644"	0.613707700729589	0.798802243834941	0.754604009020862	"HIST1H2BD"	1
"Not.Correlated"	"Protein folding"	"Protein folding"	"1/133"	"54/7644"	0.613707700729589	0.798802243834941	0.754604009020862	"CCT6A"	1
"Not.Correlated"	"Fatty acid, triacylglycerol, and ketone body metabolism"	"Fatty acid, triacylglycerol, and ketone body metabolism"	"3/133"	"181/7644"	0.614463264488416	0.798802243834941	0.754604009020862	"TRIB3/ME1/DGAT2"	3
"Not.Correlated"	"Ribosomal scanning and start codon recognition"	"Ribosomal scanning and start codon recognition"	"1/133"	"55/7644"	0.620476722574512	0.802504332513463	0.758101258784648	"RPS4Y1"	1
"Not.Correlated"	"Translation initiation complex formation"	"Translation initiation complex formation"	"1/133"	"55/7644"	0.620476722574512	0.802504332513463	0.758101258784648	"RPS4Y1"	1
"Not.Correlated"	"Activation of the mRNA upon binding of the cap-binding complex and eIFs, and subsequent binding to 43S"	"Activation of the mRNA upon binding of the cap-binding complex and eIFs, and subsequent binding to 43S"	"1/133"	"56/7644"	0.627128006788188	0.809043001123693	0.76427813871334	"RPS4Y1"	1
"Not.Correlated"	"FCERI mediated NF-kB activation"	"FCERI mediated NF-kB activation"	"1/133"	"57/7644"	0.633663586005	0.809237879356512	0.76446223420993	"RASGRP1"	1
"Not.Correlated"	"Initial triggering of complement"	"Initial triggering of complement"	"1/133"	"57/7644"	0.633663586005	0.809237879356512	0.76446223420993	"C4A"	1
"Not.Correlated"	"p53-Dependent G1 DNA Damage Response"	"p53-Dependent G1 DNA Damage Response"	"1/133"	"57/7644"	0.633663586005	0.809237879356512	0.76446223420993	"MDM2"	1
"Not.Correlated"	"p53-Dependent G1/S DNA damage checkpoint"	"p53-Dependent G1/S DNA damage checkpoint"	"1/133"	"57/7644"	0.633663586005	0.809237879356512	0.76446223420993	"MDM2"	1
"Not.Correlated"	"DNA Damage/Telomere Stress Induced Senescence"	"DNA Damage/Telomere Stress Induced Senescence"	"1/133"	"58/7644"	0.64008545803101	0.810946377147941	0.766076199734897	"HIST1H2BD"	1
"Not.Correlated"	"formation of the beta-catenin:TCF transactivating complex"	"formation of the beta-catenin:TCF transactivating complex"	"1/133"	"58/7644"	0.64008545803101	0.810946377147941	0.766076199734897	"HIST1H2BD"	1
"Not.Correlated"	"GLI3 is processed to GLI3R by the proteasome"	"GLI3 is processed to GLI3R by the proteasome"	"1/133"	"59/7644"	0.646395586436213	0.810946377147941	0.766076199734897	"GLI3"	1
"Not.Correlated"	"misspliced LRP5 mutants have enhanced beta-catenin-dependent signaling"	"misspliced LRP5 mutants have enhanced beta-catenin-dependent signaling"	"3/133"	"190/7644"	0.647321057506849	0.810946377147941	0.766076199734897	"FZD6/HIST1H2BD/SFRP1"	3
"Not.Correlated"	"RNF mutants show enhanced WNT signaling and proliferation"	"RNF mutants show enhanced WNT signaling and proliferation"	"3/133"	"190/7644"	0.647321057506849	0.810946377147941	0.766076199734897	"FZD6/HIST1H2BD/SFRP1"	3
"Not.Correlated"	"TCF dependent signaling in response to WNT"	"TCF dependent signaling in response to WNT"	"3/133"	"190/7644"	0.647321057506849	0.810946377147941	0.766076199734897	"FZD6/HIST1H2BD/SFRP1"	3
"Not.Correlated"	"XAV939 inhibits tankyrase, stabilizing AXIN"	"XAV939 inhibits tankyrase, stabilizing AXIN"	"3/133"	"190/7644"	0.647321057506849	0.810946377147941	0.766076199734897	"FZD6/HIST1H2BD/SFRP1"	3
"Not.Correlated"	"G alpha (s) signalling events"	"G alpha (s) signalling events"	"2/133"	"126/7644"	0.648519479549448	0.810946377147941	0.766076199734897	"CALCRL/ADCY8"	2
"Not.Correlated"	"Cell-cell junction organization"	"Cell-cell junction organization"	"1/133"	"60/7644"	0.652595901136805	0.810946377147941	0.766076199734897	"CDH4"	1
"Not.Correlated"	"G1/S DNA Damage Checkpoints"	"G1/S DNA Damage Checkpoints"	"1/133"	"60/7644"	0.652595901136805	0.810946377147941	0.766076199734897	"MDM2"	1
"Not.Correlated"	"Telomere Maintenance"	"Telomere Maintenance"	"1/133"	"60/7644"	0.652595901136805	0.810946377147941	0.766076199734897	"HIST1H2BD"	1
"Not.Correlated"	"Ca2+ pathway"	"Ca2+ pathway"	"1/133"	"61/7644"	0.658688298967607	0.814524311162382	0.769456164390915	"FZD6"	1
"Not.Correlated"	"Cell death signalling via NRAGE, NRIF and NADE"	"Cell death signalling via NRAGE, NRIF and NADE"	"1/133"	"61/7644"	0.658688298967607	0.814524311162382	0.769456164390915	"NGFR"	1
"Not.Correlated"	"RNA Polymerase II Pre-transcription Events"	"RNA Polymerase II Pre-transcription Events"	"1/133"	"62/7644"	0.664674644244847	0.818837016644123	0.773530245142897	"GTF2H2"	1
"Not.Correlated"	"Cell-Cell communication"	"Cell-Cell communication"	"2/133"	"130/7644"	0.665406017470175	0.818837016644123	0.773530245142897	"FLNC/CDH4"	2
"Not.Correlated"	"Asymmetric localization of PCP proteins"	"Asymmetric localization of PCP proteins"	"1/133"	"63/7644"	0.670556769319423	0.82023874441531	0.774854414427418	"PRICKLE1"	1
"Not.Correlated"	"ER-Phagosome pathway"	"ER-Phagosome pathway"	"1/133"	"64/7644"	0.676336475120836	0.82023874441531	0.774854414427418	"SEC61G"	1
"Not.Correlated"	"Transcription of the HIV genome"	"Transcription of the HIV genome"	"1/133"	"65/7644"	0.682015531691935	0.82023874441531	0.774854414427418	"GTF2H2"	1
"Not.Correlated"	"Signaling by Hedgehog"	"Signaling by Hedgehog"	"2/133"	"136/7644"	0.689514026004073	0.82023874441531	0.774854414427418	"ADCY8/GLI3"	2
"Not.Correlated"	"Phospholipid metabolism"	"Phospholipid metabolism"	"2/133"	"138/7644"	0.697229442641879	0.82023874441531	0.774854414427418	"ETNK2/DGAT2"	2
"Not.Correlated"	"Latent infection of Homo sapiens with Mycobacterium tuberculosis"	"Latent infection of Homo sapiens with Mycobacterium tuberculosis"	"1/133"	"68/7644"	0.698466054129974	0.82023874441531	0.774854414427418	"NOS2"	1
"Not.Correlated"	"Chromatin modifying enzymes"	"Chromatin modifying enzymes"	"3/133"	"208/7644"	0.707005441884133	0.82023874441531	0.774854414427418	"KDM5D/HIST3H2A/HIST1H2BD"	3
"Not.Correlated"	"Chromatin organization"	"Chromatin organization"	"3/133"	"208/7644"	0.707005441884133	0.82023874441531	0.774854414427418	"KDM5D/HIST3H2A/HIST1H2BD"	3
"Not.Correlated"	"Loss of Function of SMAD2/3 in Cancer"	"Loss of Function of SMAD2/3 in Cancer"	"1/133"	"70/7644"	0.708960931025871	0.82023874441531	0.774854414427418	"CDKN2B"	1
"Not.Correlated"	"Loss of Function of SMAD4 in Cancer"	"Loss of Function of SMAD4 in Cancer"	"1/133"	"70/7644"	0.708960931025871	0.82023874441531	0.774854414427418	"CDKN2B"	1
"Not.Correlated"	"Loss of Function of TGFBR1 in Cancer"	"Loss of Function of TGFBR1 in Cancer"	"1/133"	"70/7644"	0.708960931025871	0.82023874441531	0.774854414427418	"CDKN2B"	1
"Not.Correlated"	"Loss of Function of TGFBR2 in Cancer"	"Loss of Function of TGFBR2 in Cancer"	"1/133"	"70/7644"	0.708960931025871	0.82023874441531	0.774854414427418	"CDKN2B"	1
"Not.Correlated"	"Signaling by TGF-beta Receptor Complex"	"Signaling by TGF-beta Receptor Complex"	"1/133"	"70/7644"	0.708960931025871	0.82023874441531	0.774854414427418	"CDKN2B"	1
"Not.Correlated"	"Signaling by TGF-beta Receptor Complex in Cancer"	"Signaling by TGF-beta Receptor Complex in Cancer"	"1/133"	"70/7644"	0.708960931025871	0.82023874441531	0.774854414427418	"CDKN2B"	1
"Not.Correlated"	"SMAD2/3 MH2 Domain Mutants in Cancer"	"SMAD2/3 MH2 Domain Mutants in Cancer"	"1/133"	"70/7644"	0.708960931025871	0.82023874441531	0.774854414427418	"CDKN2B"	1
"Not.Correlated"	"SMAD2/3 Phosphorylation Motif Mutants in Cancer"	"SMAD2/3 Phosphorylation Motif Mutants in Cancer"	"1/133"	"70/7644"	0.708960931025871	0.82023874441531	0.774854414427418	"CDKN2B"	1
"Not.Correlated"	"SMAD4 MH2 Domain Mutants in Cancer"	"SMAD4 MH2 Domain Mutants in Cancer"	"1/133"	"70/7644"	0.708960931025871	0.82023874441531	0.774854414427418	"CDKN2B"	1
"Not.Correlated"	"TGFBR1 KD Mutants in Cancer"	"TGFBR1 KD Mutants in Cancer"	"1/133"	"70/7644"	0.708960931025871	0.82023874441531	0.774854414427418	"CDKN2B"	1
"Not.Correlated"	"TGFBR1 LBD Mutants in Cancer"	"TGFBR1 LBD Mutants in Cancer"	"1/133"	"70/7644"	0.708960931025871	0.82023874441531	0.774854414427418	"CDKN2B"	1
"Not.Correlated"	"TGFBR2 Kinase Domain Mutants in Cancer"	"TGFBR2 Kinase Domain Mutants in Cancer"	"1/133"	"70/7644"	0.708960931025871	0.82023874441531	0.774854414427418	"CDKN2B"	1
"Not.Correlated"	"TGFBR2 MSI Frameshift Mutants in Cancer"	"TGFBR2 MSI Frameshift Mutants in Cancer"	"1/133"	"70/7644"	0.708960931025871	0.82023874441531	0.774854414427418	"CDKN2B"	1
"Not.Correlated"	"Transcriptional regulation by small RNAs"	"Transcriptional regulation by small RNAs"	"1/133"	"71/7644"	0.714071598595657	0.82023874441531	0.774854414427418	"HIST1H2BD"	1
"Not.Correlated"	"Antigen processing: Ubiquitination & Proteasome degradation"	"Antigen processing: Ubiquitination & Proteasome degradation"	"3/133"	"211/7644"	0.716171667122516	0.82023874441531	0.774854414427418	"KLHL9/ZBTB16/FBXO27"	3
"Not.Correlated"	"Signaling by WNT in cancer"	"Signaling by WNT in cancer"	"3/133"	"212/7644"	0.719177981573669	0.82023874441531	0.774854414427418	"FZD6/HIST1H2BD/SFRP1"	3
"Not.Correlated"	"beta-catenin independent WNT signaling"	"beta-catenin independent WNT signaling"	"2/133"	"144/7644"	0.719435299790653	0.82023874441531	0.774854414427418	"FZD6/PRICKLE1"	2
"Not.Correlated"	"Translation"	"Translation"	"2/133"	"148/7644"	0.733472604517437	0.82023874441531	0.774854414427418	"SEC61G/RPS4Y1"	2
"Not.Correlated"	"Complement cascade"	"Complement cascade"	"1/133"	"75/7644"	0.733638741519315	0.82023874441531	0.774854414427418	"C4A"	1
"Not.Correlated"	"Signaling by Wnt"	"Signaling by Wnt"	"4/133"	"286/7644"	0.739387068221294	0.82023874441531	0.774854414427418	"FZD6/PRICKLE1/HIST1H2BD/SFRP1"	4
"Not.Correlated"	"Generic Transcription Pathway"	"Generic Transcription Pathway"	"7/133"	"483/7644"	0.744323412404507	0.82023874441531	0.774854414427418	"AR/RORB/ZNF713/CDKN2B/ZNF135/ZFP69/NKX2-5"	7
"Not.Correlated"	"Defective CYP11A1 causes Adrenal insufficiency, congenital, with 46,XY sex reversal (AICSR)"	"Defective CYP11A1 causes Adrenal insufficiency, congenital, with 46,XY sex reversal (AICSR)"	"1/133"	"78/7644"	0.747436488993833	0.82023874441531	0.774854414427418	"ALDH1A1"	1
"Not.Correlated"	"Defective CYP11B1 causes Adrenal hyperplasia 4 (AH4)"	"Defective CYP11B1 causes Adrenal hyperplasia 4 (AH4)"	"1/133"	"78/7644"	0.747436488993833	0.82023874441531	0.774854414427418	"ALDH1A1"	1
"Not.Correlated"	"Defective CYP11B2 causes Corticosterone methyloxidase 1 deficiency (CMO-1 deficiency)"	"Defective CYP11B2 causes Corticosterone methyloxidase 1 deficiency (CMO-1 deficiency)"	"1/133"	"78/7644"	0.747436488993833	0.82023874441531	0.774854414427418	"ALDH1A1"	1
"Not.Correlated"	"Defective CYP17A1 causes Adrenal hyperplasia 5 (AH5)"	"Defective CYP17A1 causes Adrenal hyperplasia 5 (AH5)"	"1/133"	"78/7644"	0.747436488993833	0.82023874441531	0.774854414427418	"ALDH1A1"	1
"Not.Correlated"	"Defective CYP19A1 causes Aromatase excess syndrome (AEXS)"	"Defective CYP19A1 causes Aromatase excess syndrome (AEXS)"	"1/133"	"78/7644"	0.747436488993833	0.82023874441531	0.774854414427418	"ALDH1A1"	1
"Not.Correlated"	"Defective CYP1B1 causes Glaucoma"	"Defective CYP1B1 causes Glaucoma"	"1/133"	"78/7644"	0.747436488993833	0.82023874441531	0.774854414427418	"ALDH1A1"	1
"Not.Correlated"	"Defective CYP21A2 causes Adrenal hyperplasia 3 (AH3)"	"Defective CYP21A2 causes Adrenal hyperplasia 3 (AH3)"	"1/133"	"78/7644"	0.747436488993833	0.82023874441531	0.774854414427418	"ALDH1A1"	1
"Not.Correlated"	"Defective CYP24A1 causes Hypercalcemia, infantile (HCAI)"	"Defective CYP24A1 causes Hypercalcemia, infantile (HCAI)"	"1/133"	"78/7644"	0.747436488993833	0.82023874441531	0.774854414427418	"ALDH1A1"	1
"Not.Correlated"	"Defective CYP26B1 causes Radiohumeral fusions with other skeletal and craniofacial anomalies (RHFCA)"	"Defective CYP26B1 causes Radiohumeral fusions with other skeletal and craniofacial anomalies (RHFCA)"	"1/133"	"78/7644"	0.747436488993833	0.82023874441531	0.774854414427418	"ALDH1A1"	1
"Not.Correlated"	"Defective CYP26C1 causes Focal facial dermal dysplasia 4 (FFDD4)"	"Defective CYP26C1 causes Focal facial dermal dysplasia 4 (FFDD4)"	"1/133"	"78/7644"	0.747436488993833	0.82023874441531	0.774854414427418	"ALDH1A1"	1
"Not.Correlated"	"Defective CYP27A1 causes Cerebrotendinous xanthomatosis (CTX)"	"Defective CYP27A1 causes Cerebrotendinous xanthomatosis (CTX)"	"1/133"	"78/7644"	0.747436488993833	0.82023874441531	0.774854414427418	"ALDH1A1"	1
"Not.Correlated"	"Defective CYP27B1 causes Rickets vitamin D-dependent 1A (VDDR1A)"	"Defective CYP27B1 causes Rickets vitamin D-dependent 1A (VDDR1A)"	"1/133"	"78/7644"	0.747436488993833	0.82023874441531	0.774854414427418	"ALDH1A1"	1
"Not.Correlated"	"Defective CYP2R1 causes Rickets vitamin D-dependent 1B (VDDR1B)"	"Defective CYP2R1 causes Rickets vitamin D-dependent 1B (VDDR1B)"	"1/133"	"78/7644"	0.747436488993833	0.82023874441531	0.774854414427418	"ALDH1A1"	1
"Not.Correlated"	"Defective CYP2U1 causes Spastic paraplegia 56, autosomal recessive (SPG56)"	"Defective CYP2U1 causes Spastic paraplegia 56, autosomal recessive (SPG56)"	"1/133"	"78/7644"	0.747436488993833	0.82023874441531	0.774854414427418	"ALDH1A1"	1
"Not.Correlated"	"Defective CYP4F22 causes Ichthyosis, congenital, autosomal recessive 5 (ARCI5)"	"Defective CYP4F22 causes Ichthyosis, congenital, autosomal recessive 5 (ARCI5)"	"1/133"	"78/7644"	0.747436488993833	0.82023874441531	0.774854414427418	"ALDH1A1"	1
"Not.Correlated"	"Defective CYP7B1 causes Spastic paraplegia 5A, autosomal recessive (SPG5A) and Congenital bile acid synthesis defect 3 (CBAS3)"	"Defective CYP7B1 causes Spastic paraplegia 5A, autosomal recessive (SPG5A) and Congenital bile acid synthesis defect 3 (CBAS3)"	"1/133"	"78/7644"	0.747436488993833	0.82023874441531	0.774854414427418	"ALDH1A1"	1
"Not.Correlated"	"Defective FMO3 causes Trimethylaminuria (TMAU)"	"Defective FMO3 causes Trimethylaminuria (TMAU)"	"1/133"	"78/7644"	0.747436488993833	0.82023874441531	0.774854414427418	"ALDH1A1"	1
"Not.Correlated"	"Defective MAOA causes Brunner syndrome (BRUNS)"	"Defective MAOA causes Brunner syndrome (BRUNS)"	"1/133"	"78/7644"	0.747436488993833	0.82023874441531	0.774854414427418	"ALDH1A1"	1
"Not.Correlated"	"Defective TBXAS1 causes Ghosal hematodiaphyseal dysplasia (GHDD)"	"Defective TBXAS1 causes Ghosal hematodiaphyseal dysplasia (GHDD)"	"1/133"	"78/7644"	0.747436488993833	0.82023874441531	0.774854414427418	"ALDH1A1"	1
"Not.Correlated"	"Phase 1 - Functionalization of compounds"	"Phase 1 - Functionalization of compounds"	"1/133"	"78/7644"	0.747436488993833	0.82023874441531	0.774854414427418	"ALDH1A1"	1
"Not.Correlated"	"Transcriptional regulation of white adipocyte differentiation"	"Transcriptional regulation of white adipocyte differentiation"	"1/133"	"78/7644"	0.747436488993833	0.82023874441531	0.774854414427418	"LPL"	1
"Not.Correlated"	"Platelet homeostasis"	"Platelet homeostasis"	"1/133"	"79/7644"	0.751876212356749	0.823328811371213	0.77777350601869	"NOS2"	1
"Not.Correlated"	"Antigen processing-Cross presentation"	"Antigen processing-Cross presentation"	"1/133"	"81/7644"	0.760524597504842	0.831004247704644	0.785024255591432	"SEC61G"	1
"Not.Correlated"	"Unfolded Protein Response (UPR)"	"Unfolded Protein Response (UPR)"	"1/133"	"82/7644"	0.76473591953735	0.833808841302014	0.787673669246167	"DDIT3"	1
"Not.Correlated"	"p75 NTR receptor-mediated signalling"	"p75 NTR receptor-mediated signalling"	"1/133"	"83/7644"	0.768873729997748	0.836521418688537	0.790236158005366	"NGFR"	1
"Not.Correlated"	"Eukaryotic Translation Termination"	"Eukaryotic Translation Termination"	"1/133"	"84/7644"	0.772939302529199	0.837350911073299	0.79101975405035	"RPS4Y1"	1
"Not.Correlated"	"Peptide chain elongation"	"Peptide chain elongation"	"1/133"	"84/7644"	0.772939302529199	0.837350911073299	0.79101975405035	"RPS4Y1"	1
"Not.Correlated"	"Hedgehog 'on' state"	"Hedgehog 'on' state"	"1/133"	"85/7644"	0.776933888873593	0.83988375620237	0.793412455251902	"GLI3"	1
"Not.Correlated"	"Mitochondrial translation initiation"	"Mitochondrial translation initiation"	"1/133"	"86/7644"	0.78085871924531	0.840542188232213	0.794034455819904	"MRPS17"	1
"Not.Correlated"	"Mitochondrial translation termination"	"Mitochondrial translation termination"	"1/133"	"86/7644"	0.78085871924531	0.840542188232213	0.794034455819904	"MRPS17"	1
"Not.Correlated"	"Chromosome Maintenance"	"Chromosome Maintenance"	"1/133"	"87/7644"	0.784715002698654	0.842903615186902	0.796265223523389	"HIST1H2BD"	1
"Not.Correlated"	"Degradation of the extracellular matrix"	"Degradation of the extracellular matrix"	"1/133"	"89/7644"	0.792226661428173	0.845597720724387	0.798810262492673	"ADAMTS5"	1
"Not.Correlated"	"Eukaryotic Translation Elongation"	"Eukaryotic Translation Elongation"	"1/133"	"89/7644"	0.792226661428173	0.845597720724387	0.798810262492673	"RPS4Y1"	1
"Not.Correlated"	"Nonsense Mediated Decay (NMD) independent of the Exon Junction Complex (EJC)"	"Nonsense Mediated Decay (NMD) independent of the Exon Junction Complex (EJC)"	"1/133"	"89/7644"	0.792226661428173	0.845597720724387	0.798810262492673	"RPS4Y1"	1
"Not.Correlated"	"Viral mRNA Translation"	"Viral mRNA Translation"	"1/133"	"92/7644"	0.803009096886836	0.855305907818541	0.807981289437218	"RPS4Y1"	1
"Not.Correlated"	"Formation of a pool of free 40S subunits"	"Formation of a pool of free 40S subunits"	"1/133"	"94/7644"	0.809886954187546	0.85902235517382	0.811492103403069	"RPS4Y1"	1
"Not.Correlated"	"Transport of inorganic cations/anions and amino acids/oligopeptides"	"Transport of inorganic cations/anions and amino acids/oligopeptides"	"1/133"	"94/7644"	0.809886954187546	0.85902235517382	0.811492103403069	"SLC7A2"	1
"Not.Correlated"	"Regulation of actin dynamics for phagocytic cup formation"	"Regulation of actin dynamics for phagocytic cup formation"	"1/133"	"95/7644"	0.81323596545815	0.860773767196831	0.813146608687965	"WIPF3"	1
"Not.Correlated"	"Stimuli-sensing channels"	"Stimuli-sensing channels"	"1/133"	"98/7644"	0.822935687099169	0.869225819498498	0.821131003574829	"TRPM8"	1
"Not.Correlated"	"Regulatory RNA pathways"	"Regulatory RNA pathways"	"1/133"	"100/7644"	0.829122687773545	0.873940130355899	0.825584468622307	"HIST1H2BD"	1
"Not.Correlated"	"3' -UTR-mediated translational regulation"	"3' -UTR-mediated translational regulation"	"1/133"	"104/7644"	0.840860225742607	0.879380374131458	0.830723700259137	"RPS4Y1"	1
"Not.Correlated"	"L13a-mediated translational silencing of Ceruloplasmin expression"	"L13a-mediated translational silencing of Ceruloplasmin expression"	"1/133"	"104/7644"	0.840860225742607	0.879380374131458	0.830723700259137	"RPS4Y1"	1
"Not.Correlated"	"RNA Polymerase II Transcription"	"RNA Polymerase II Transcription"	"1/133"	"104/7644"	0.840860225742607	0.879380374131458	0.830723700259137	"GTF2H2"	1
"Not.Correlated"	"GTP hydrolysis and joining of the 60S ribosomal subunit"	"GTP hydrolysis and joining of the 60S ribosomal subunit"	"1/133"	"105/7644"	0.843667333166511	0.879380374131458	0.830723700259137	"RPS4Y1"	1
"Not.Correlated"	"Mitotic Prophase"	"Mitotic Prophase"	"1/133"	"106/7644"	0.846425291077222	0.879380374131458	0.830723700259137	"HIST1H2BD"	1
"Not.Correlated"	"Nonsense-Mediated Decay (NMD)"	"Nonsense-Mediated Decay (NMD)"	"1/133"	"106/7644"	0.846425291077222	0.879380374131458	0.830723700259137	"RPS4Y1"	1
"Not.Correlated"	"Nonsense Mediated Decay (NMD) enhanced by the Exon Junction Complex (EJC)"	"Nonsense Mediated Decay (NMD) enhanced by the Exon Junction Complex (EJC)"	"1/133"	"106/7644"	0.846425291077222	0.879380374131458	0.830723700259137	"RPS4Y1"	1
"Not.Correlated"	"Cap-dependent Translation Initiation"	"Cap-dependent Translation Initiation"	"1/133"	"112/7644"	0.861987713912358	0.891893410109317	0.842544382019598	"RPS4Y1"	1
"Not.Correlated"	"Eukaryotic Translation Initiation"	"Eukaryotic Translation Initiation"	"1/133"	"112/7644"	0.861987713912358	0.891893410109317	0.842544382019598	"RPS4Y1"	1
"Not.Correlated"	"DNA Repair"	"DNA Repair"	"1/133"	"115/7644"	0.869171371807424	0.897494675165711	0.847835725527662	"GTF2H2"	1
"Not.Correlated"	"Transcription"	"Transcription"	"2/133"	"203/7644"	0.873210461725181	0.89983273189973	0.85004441609961	"HIST1H2BD/GTF2H2"	2
"Not.Correlated"	"Cell Cycle Checkpoints"	"Cell Cycle Checkpoints"	"1/133"	"118/7644"	0.875983779684407	0.900859586815404	0.851014454481488	"MDM2"	1
"Not.Correlated"	"Fcgamma receptor (FCGR) dependent phagocytosis"	"Fcgamma receptor (FCGR) dependent phagocytosis"	"1/133"	"119/7644"	0.878175403030404	0.90128528205752	0.851416595735849	"WIPF3"	1
"Not.Correlated"	"Factors involved in megakaryocyte development and platelet production"	"Factors involved in megakaryocyte development and platelet production"	"1/133"	"125/7644"	0.890540836925625	0.91212970569958	0.861660990539414	"HBB"	1
"Not.Correlated"	"Late Phase of HIV Life Cycle"	"Late Phase of HIV Life Cycle"	"1/133"	"133/7644"	0.90511081219866	0.925183834243389	0.873992825870948	"GTF2H2"	1
"Not.Correlated"	"Influenza Viral RNA Transcription and Replication"	"Influenza Viral RNA Transcription and Replication"	"1/133"	"135/7644"	0.908441753898232	0.926720260012884	0.875444240228096	"RPS4Y1"	1
"Not.Correlated"	"Influenza Life Cycle"	"Influenza Life Cycle"	"1/133"	"143/7644"	0.920644199989807	0.937282348182394	0.885421921359887	"RPS4Y1"	1
"Not.Correlated"	"HIV Life Cycle"	"HIV Life Cycle"	"1/133"	"146/7644"	0.924791505816478	0.938543142615307	0.886612955237132	"GTF2H2"	1
"Not.Correlated"	"Organelle biogenesis and maintenance"	"Organelle biogenesis and maintenance"	"3/133"	"324/7644"	0.925877268557275	0.938543142615307	0.886612955237132	"TSFM/MRPS17/MCHR1"	3
"Not.Correlated"	"Influenza Infection"	"Influenza Infection"	"1/133"	"148/7644"	0.927436123176072	0.938543142615307	0.886612955237132	"RPS4Y1"	1
"Not.Correlated"	"Ion channel transport"	"Ion channel transport"	"1/133"	"167/7644"	0.948379708515493	0.957825721548515	0.904828616847451	"TRPM8"	1
"Not.Correlated"	"Cell Cycle, Mitotic"	"Cell Cycle, Mitotic"	"4/133"	"445/7644"	0.955565496799181	0.963164427191222	0.909871928520723	"CDK6/CDKN2A/CDKN2B/HIST1H2BD"	4
"Not.Correlated"	"Assembly of the primary cilium"	"Assembly of the primary cilium"	"1/133"	"179/7644"	0.958388400913362	0.964093093775942	0.910749211394277	"MCHR1"	1
"Not.Correlated"	"HIV Infection"	"HIV Infection"	"1/133"	"227/7644"	0.982490819946109	0.986381872698371	0.931804738041646	"GTF2H2"	1
"Not.Correlated"	"M Phase"	"M Phase"	"1/133"	"266/7644"	0.991370304753235	0.993329534604526	0.938367981407784	"HIST1H2BD"	1
"Not.Correlated"	"Cytokine Signaling in Immune system"	"Cytokine Signaling in Immune system"	"1/133"	"308/7644"	0.995989019283479	0.995989019283479	0.940880315112599	"SOCS2"	1
