"Module"	"Gene1"	"Gene2"
"M1"	"IntAct"	"E2F7"
"M1"	"IntAct"	"ESYT3"
"M1"	"IntAct"	"TFCP2L1"
"M1"	"IntAct"	"LRRK2"
"M1"	"IntAct"	"PSAT1"
"M1"	"IntAct"	"ADRB2"
"M1"	"IntAct"	"PRKAA2"
"M1"	"IntAct"	"FAM107A"
"M1"	"IntAct"	"AQP1"
"M1"	"IntAct"	"BEX2"
"M1"	"IntAct"	"SPATC1L"
"M1"	"IntAct"	"CREB3L1"
"M1"	"IntAct"	"FRMD5"
"M1"	"IntAct"	"BCL2L15"
"M1"	"IntAct"	"TMEM100"
"M1"	"IntAct"	"SORBS2"
"M1"	"IntAct"	"CEP55"
"M1"	"IntAct"	"KCNK1"
"M1"	"IntAct"	"THRB"
"M1"	"IntAct"	"HOMER2"
"M1"	"IntAct"	"HIST1H1C"
"M1"	"IntAct"	"TRIP13"
"M1"	"IntAct"	"RASSF10"
"M1"	"IntAct"	"RASSF9"
"M1"	"IntAct"	"PBK"
"M1"	"IntAct"	"MDFI"
"M1"	"IntAct"	"MAOA"
"M1"	"IntAct"	"CFTR"
"M1"	"IntAct"	"FOS"
"M1"	"IntAct"	"CBLC"
"M1"	"IntAct"	"TNNT1"
"M1"	"IntAct"	"AR"
"M1"	"IntAct"	"EGR1"
"M1"	"IntAct"	"CKB"
"M1"	"IntAct"	"DSP"
"M1"	"IntAct"	"HSPA6"
"M1"	"IntAct"	"TUBB2B"
"M1"	"IntAct"	"NCAM2"
"M1"	"IntAct"	"CLU"
"M1"	"IntAct"	"PIGR"
"M1"	"IntAct"	"LTF"
"M1"	"IntAct"	"NR3C2"
"M1"	"IntAct"	"SCNN1B"
"M1"	"IntAct"	"DLC1"
"M1"	"IntAct"	"SULT2B1"
"M1"	"IntAct"	"MAPK10"
"M1"	"IntAct"	"BIRC5"
"M1"	"IntAct"	"C3"
"M1"	"IntAct"	"CDH15"
"M1"	"IntAct"	"PTN"
"M1"	"IntAct"	"RAB27B"
"M1"	"IntAct"	"CAV1"
"M1"	"IntAct"	"MLPH"
"M1"	"IntAct"	"S100A8"
"M1"	"IntAct"	"CD36"
"M1"	"IntAct"	"F2RL1"
"M1"	"IntAct"	"BMPR1B"
"M1"	"IntAct"	"NKD1"
"M1"	"IntAct"	"APLP1"
"M1"	"IntAct"	"GEM"
"M1"	"IntAct"	"CPLX1"
"M1"	"IntAct"	"BMP2"
"M1"	"IntAct"	"BMP4"
"M1"	"IntAct"	"CCNE1"
"M1"	"IntAct"	"NFE2"
"M1"	"IntAct"	"FHL1"
"M1"	"IntAct"	"PLOD2"
"M1"	"IntAct"	"SOX6"
"M1"	"IntAct"	"CYP4B1"
"M1"	"IntAct"	"PIP5K1B"
"M1"	"IntAct"	"FAM189A2"
"M1"	"IntAct"	"CDKN2A"
"M1"	"IntAct"	"MCM10"
"M1"	"IntAct"	"CLSPN"
"M1"	"IntAct"	"SULT1C2"
"M1"	"IntAct"	"MATN2"
"M1"	"IntAct"	"HP"
"M1"	"IntAct"	"VIPR1"
"M1"	"IntAct"	"PTK6"
"M1"	"IntAct"	"AURKB"
"M1"	"IntAct"	"DES"
"M1"	"IntAct"	"RRM2"
"M1"	"IntAct"	"AMOT"
"M1"	"IntAct"	"KIT"
"M1"	"IntAct"	"EPHA2"
"M1"	"IntAct"	"TNFRSF19"
"M1"	"IntAct"	"MAPK8IP2"
"M1"	"IntAct"	"PDE4D"
"M1"	"IntAct"	"KLF4"
"M1"	"IntAct"	"CD1A"
"M1"	"IntAct"	"KHDRBS3"
"M1"	"IntAct"	"SYT1"
"M1"	"IntAct"	"CDA"
"M1"	"IntAct"	"CADM1"
"M1"	"IntAct"	"CENPA"
"M1"	"IntAct"	"NCAPH"
"M1"	"IntAct"	"ELN"
"M1"	"IntAct"	"DPP4"
"M1"	"IntAct"	"GCLC"
"M1"	"IntAct"	"TNS4"
"M1"	"IntAct"	"LTK"
"M1"	"IntAct"	"UBE2C"
"M1"	"IntAct"	"TNNC1"
"M1"	"IntAct"	"TOP2A"
"M1"	"IntAct"	"BIK"
"M1"	"IntAct"	"TFR2"
"M1"	"IntAct"	"HSPB6"
"M1"	"IntAct"	"RAP1GAP"
"M1"	"IntAct"	"FAM83D"
"M1"	"IntAct"	"NEGR1"
"M1"	"IntAct"	"TUSC3"
"M1"	"IntAct"	"ATP8A2"
"M1"	"IntAct"	"RAD54L"
"M1"	"IntAct"	"PITX1"
"M1"	"IntAct"	"DNALI1"
"M1"	"IntAct"	"CEBPA"
"M1"	"IntAct"	"CDC20"
"M1"	"IntAct"	"EPHA3"
"M1"	"IntAct"	"CDC45"
"M1"	"IntAct"	"FGFR3"
"M1"	"IntAct"	"CDC25C"
"M1"	"IntAct"	"ARNT2"
"M1"	"IntAct"	"PHGDH"
"M1"	"IntAct"	"NDC80"
"M1"	"IntAct"	"BUB1B"
"M1"	"IntAct"	"NEK2"
"M1"	"IntAct"	"SKA1"
"M1"	"IntAct"	"PKP2"
"M1"	"IntAct"	"TFAP2A"
"M1"	"IntAct"	"SLC2A1"
"M1"	"IntAct"	"LRP2"
"M1"	"IntAct"	"DUSP1"
"M1"	"IntAct"	"TPX2"
"M1"	"IntAct"	"MYH11"
"M1"	"IntAct"	"CIT"
"M1"	"IntAct"	"KRT6A"
"M1"	"IntAct"	"FGFR2"
"M1"	"IntAct"	"EPHA4"
"M1"	"IntAct"	"HMMR"
"M1"	"IntAct"	"PTTG1"
"M1"	"IntAct"	"DLGAP5"
"M1"	"IntAct"	"SCGB3A1"
"M1"	"IntAct"	"S100A14"
"M1"	"IntAct"	"SCAND1"
"M1"	"IntAct"	"CDC25A"
"M1"	"IntAct"	"ORC1"
"M1"	"IntAct"	"CAMK1D"
"M1"	"IntAct"	"RND1"
"M1"	"IntAct"	"CBX2"
"M1"	"IntAct"	"NR4A1"
"M1"	"IntAct"	"PPFIA4"
"M1"	"IntAct"	"CXCL8"
"M1"	"IntAct"	"EGLN3"
"M1"	"IntAct"	"SLC16A1"
"M1"	"IntAct"	"ASS1"
"M1"	"IntAct"	"CDKN2B"
"M1"	"IntAct"	"GPRIN2"
"M1"	"IntAct"	"SLPI"
"M1"	"IntAct"	"P2RY6"
"M1"	"IntAct"	"RASD1"
"M1"	"IntAct"	"FOSL1"
"M1"	"IntAct"	"PAPPA"
"M1"	"IntAct"	"SVEP1"
"M1"	"IntAct"	"COL7A1"
"M1"	"IntAct"	"MAP2K6"
"M1"	"IntAct"	"IL6"
"M1"	"IntAct"	"ITIH5"
"M1"	"IntAct"	"HIST1H2BC"
"M1"	"IntAct"	"CTSV"
"M1"	"IntAct"	"OVOL1"
"M1"	"IntAct"	"ATF3"
"M1"	"IntAct"	"PTGDS"
"M1"	"IntAct"	"ARNTL2"
"M1"	"IntAct"	"CA12"
"M1"	"IntAct"	"CELSR3"
"M1"	"IntAct"	"VILL"
"M1"	"IntAct"	"PRUNE2"
"M1"	"IntAct"	"TUBB3"
"M1"	"IntAct"	"PEG10"
"M1"	"IntAct"	"LMO3"
"M1"	"IntAct"	"KIF14"
"M1"	"IntAct"	"LOXL4"
"M1"	"IntAct"	"KLF15"
"M1"	"IntAct"	"KCNQ1"
"M1"	"IntAct"	"GREB1"
"M1"	"IntAct"	"SCG5"
"M1"	"IntAct"	"OTX1"
"M1"	"IntAct"	"RHOV"
"M1"	"IntAct"	"GNAO1"
"M1"	"IntAct"	"SCARA3"
"M1"	"IntAct"	"PFN2"
"M1"	"IntAct"	"SGCA"
"M1"	"IntAct"	"PPP1R3C"
"M1"	"IntAct"	"NGEF"
"M1"	"IntAct"	"HSF4"
"M1"	"IntAct"	"AHCYL2"
"M1"	"IntAct"	"APOD"
"M1"	"IntAct"	"AQP5"
"M1"	"IntAct"	"MALL"
"M1"	"IntAct"	"FXYD3"
"M1"	"IntAct"	"DMRTA1"
"M1"	"IntAct"	"CDC6"
"M1"	"IntAct"	"NR4A2"
"M1"	"IntAct"	"ESPL1"
"M1"	"IntAct"	"SGO1"
"M1"	"IntAct"	"CDCA5"
"M1"	"IntAct"	"KLC3"
"M1"	"IntAct"	"UBE2T"
"M1"	"IntAct"	"GABBR1"
"M1"	"IntAct"	"BMP3"
"M1"	"IntAct"	"ALDH1A1"
"M1"	"IntAct"	"TRPC6"
"M1"	"IntAct"	"MYBL2"
"M1"	"IntAct"	"SNCG"
"M1"	"IntAct"	"CRYM"
"M1"	"IntAct"	"MDK"
"M1"	"IntAct"	"WNT4"
"M1"	"IntAct"	"CSF3R"
"M1"	"IntAct"	"RASGRF1"
"M1"	"IntAct"	"VEPH1"
"M1"	"IntAct"	"HPGDS"
"M1"	"IntAct"	"MELTF"
"M1"	"IntAct"	"AATK"
"M1"	"IntAct"	"ROS1"
"M1"	"IntAct"	"HIST2H2BE"
"M1"	"IntAct"	"ETNK2"
"M1"	"IntAct"	"CXCL2"
"M1"	"IntAct"	"STC2"
"M1"	"IntAct"	"ALPL"
"M1"	"IntAct"	"SERPINA1"
"M1"	"IntAct"	"SKA3"
"M1"	"IntAct"	"ELF5"
"M1"	"IntAct"	"WNT7B"
"M1"	"IntAct"	"NCAPG"
"M1"	"IntAct"	"SDK1"
"M1"	"IntAct"	"SELENBP1"
"M1"	"IntAct"	"MELK"
"M1"	"IntAct"	"ROBO2"
"M1"	"IntAct"	"AGT"
"M1"	"IntAct"	"AGR3"
"M1"	"IntAct"	"BEND7"
"M1"	"IntAct"	"KCNA3"
"M1"	"IntAct"	"SLC1A1"
"M1"	"IntAct"	"CLDN2"
"M1"	"IntAct"	"BNIPL"
"M1"	"IntAct"	"BCL11A"
"M1"	"IntAct"	"TPPP"
"M1"	"IntAct"	"DNAJC6"
"M1"	"IntAct"	"TTK"
"M1"	"IntAct"	"EDA"
"M1"	"IntAct"	"CDCA2"
"M1"	"IntAct"	"ZNF334"
"M1"	"IntAct"	"AGR2"
"M1"	"IntAct"	"RETREG1"
"M1"	"IntAct"	"LYPD3"
"M1"	"IntAct"	"STK33"
"M1"	"IntAct"	"CXCL14"
"M1"	"IntAct"	"CAVIN2"
"M1"	"IntAct"	"PILRB"
"M1"	"IntAct"	"CARD14"
"M1"	"IntAct"	"ADH1B"
"M1"	"IntAct"	"FOLR1"
"M1"	"IntAct"	"SERPINF2"
"M1"	"IntAct"	"NCKAP5"
"M1"	"IntAct"	"GRIN2D"
"M1"	"IntAct"	"NKX2-1"
"M1"	"IntAct"	"MKI67"
"M1"	"IntAct"	"NBEA"
"M1"	"IntAct"	"MUC1"
"M1"	"IntAct"	"BTC"
"M1"	"IntAct"	"DOK6"
"M1"	"IntAct"	"SHC3"
"M1"	"IntAct"	"HBB"
"M1"	"IntAct"	"CLEC3B"
"M1"	"IntAct"	"SLC4A4"
"M1"	"IntAct"	"ACE2"
"M1"	"IntAct"	"PAEP"
"M1"	"IntAct"	"CTSE"
"M1"	"IntAct"	"C5"
"M1"	"IntAct"	"PDZD2"
"M1"	"IntAct"	"C4A"
"M1"	"IntAct"	"F12"
"M1"	"IntAct"	"HABP2"
"M1"	"IntAct"	"SCG2"
"M1"	"IntAct"	"IL1R2"
"M1"	"IntAct"	"CXCL5"
"M1"	"IntAct"	"ARHGEF4"
"M1"	"IntAct"	"COCH"
"M1"	"IntAct"	"ACHE"
"M1"	"IntAct"	"CCL22"
"M1"	"IntAct"	"CA2"
"M1"	"IntAct"	"C4BPA"
"M1"	"IntAct"	"AGER"
"M1"	"IntAct"	"COL4A5"
"M1"	"IntAct"	"GALNT6"
"M1"	"IntAct"	"PMAIP1"
"M1"	"IntAct"	"RAC3"
"M1"	"IntAct"	"PEBP4"
"M1"	"IntAct"	"FGF13"
"M1"	"IntAct"	"FST"
"M1"	"IntAct"	"SEZ6L2"
"M1"	"IntAct"	"S100B"
"M1"	"IntAct"	"PALM3"
"M1"	"IntAct"	"GOLGA8A"
"M1"	"IntAct"	"EYA2"
"M1"	"IntAct"	"ADRA2A"
"M1"	"IntAct"	"SCEL"
"M1"	"IntAct"	"KIF4A"
"M1"	"IntAct"	"CLIC3"
"M1"	"IntAct"	"LPL"
"M1"	"IntAct"	"GSTA1"
"M1"	"IntAct"	"CEACAM6"
"M1"	"IntAct"	"ETV4"
"M1"	"IntAct"	"DMKN"
"M1"	"IntAct"	"PDZD4"
"M1"	"IntAct"	"FAM184A"
"M1"	"IntAct"	"CDKL2"
"M1"	"IntAct"	"RAB7B"
"M1"	"IntAct"	"UBXN10"
"M1"	"IntAct"	"CDCA3"
"M1"	"IntAct"	"KIF2C"
"M1"	"IntAct"	"PIMREG"
"M1"	"IntAct"	"CDCA7"
"M1"	"IntAct"	"CHL1"
"M1"	"IntAct"	"TROAP"
"M1"	"IntAct"	"ASAP2"
"M1"	"IntAct"	"FOXM1"
"M1"	"IntAct"	"CEACAM5"
"M1"	"IntAct"	"HJURP"
"M1"	"IntAct"	"GPIHBP1"
"M1"	"IntAct"	"NUF2"
"M1"	"IntAct"	"MAL"
"M1"	"IntAct"	"RNASE1"
"M1"	"IntAct"	"PTPN13"
"M1"	"IntAct"	"EPHB6"
"M1"	"IntAct"	"RGS11"
"M1"	"IntAct"	"STYK1"
"M1"	"IntAct"	"FBXO27"
"M1"	"IntAct"	"IL33"
"M1"	"IntAct"	"ANGPT1"
"M1"	"IntAct"	"ANOS1"
"M1"	"IntAct"	"TPSAB1"
"M1"	"IntAct"	"SCTR"
"M1"	"IntAct"	"ADAMTSL3"
"M1"	"IntAct"	"TRIM17"
"M1"	"IntAct"	"COL4A4"
"M1"	"IntAct"	"TCF21"
"M1"	"IntAct"	"FOLH1"
"M1"	"IntAct"	"CCL20"
"M1"	"IntAct"	"SFTPC"
"M1"	"IntAct"	"BASP1"
"M1"	"IntAct"	"ASPM"
"M1"	"IntAct"	"CHRDL1"
"M1"	"IntAct"	"OGN"
"M1"	"IntAct"	"ID4"
"M1"	"IntAct"	"EHF"
"M1"	"IntAct"	"RYR2"
"M1"	"IntAct"	"NECTIN3"
"M1"	"IntAct"	"RRAD"
"M1"	"IntAct"	"TNXB"
"M1"	"IntAct"	"EXO1"
"M1"	"IntAct"	"CENPF"
"M1"	"IntAct"	"PCSK1N"
"M1"	"IntAct"	"CACNA1H"
"M1"	"IntAct"	"TPSB2"
"M1"	"IntAct"	"PNMA2"
"M1"	"IntAct"	"ABI3BP"
"M1"	"IntAct"	"KCNK3"
"M1"	"IntAct"	"KRT86"
"M1"	"IntAct"	"SEMA3B"
"M1"	"IntAct"	"PTPRN2"
"M1"	"IntAct"	"TMEM108"
"M1"	"IntAct"	"ATOH8"
"M1"	"IntAct"	"EVA1A"
"M1"	"IntAct"	"IGF2BP3"
"M1"	"IntAct"	"PKIB"
"M1"	"IntAct"	"RORC"
"M1"	"IntAct"	"GTSE1"
"M1"	"IntAct"	"MAOB"
"M1"	"IntAct"	"PHACTR3"
"M1"	"IntAct"	"ABCA3"
"M1"	"IntAct"	"AOX1"
"M1"	"IntAct"	"ARG2"
"M1"	"IntAct"	"ERP27"
"M1"	"IntAct"	"RNF128"
"M1"	"IntAct"	"PLA2G16"
"M1"	"IntAct"	"FBXL16"
"M1"	"IntAct"	"SERTAD4"
"M1"	"IntAct"	"SEPT3"
"M1"	"IntAct"	"SYBU"
"M1"	"IntAct"	"DMBT1"
"M1"	"IntAct"	"RCOR2"
"M1"	"IntAct"	"SCNN1G"
"M1"	"IntAct"	"SUSD4"
"M1"	"IntAct"	"CYP3A5"
"M1"	"IntAct"	"USP44"
"M1"	"IntAct"	"PDE10A"
"M1"	"IntAct"	"OSR2"
"M1"	"IntAct"	"GPR39"
"M1"	"IntAct"	"RGS17"
"M1"	"IntAct"	"LAMP3"
"M1"	"IntAct"	"RNF150"
"M1"	"IntAct"	"SDR16C5"
"M1"	"IntAct"	"KIF26A"
"M1"	"IntAct"	"ZNF750"
"M1"	"IntAct"	"PID1"
"M1"	"IntAct"	"DAAM2"
"M1"	"IntAct"	"REEP6"
"M1"	"IntAct"	"PRRT2"
"M1"	"IntAct"	"SPOCD1"
"M1"	"IntAct"	"PRG4"
"M1"	"IntAct"	"GPR143"
"M1"	"IntAct"	"NAPSA"
"M1"	"IntAct"	"SCIN"
"M1"	"IntAct"	"ASIC1"
"M1"	"IntAct"	"SDR42E1"
"M1"	"IntAct"	"RPL39L"
"M1"	"IntAct"	"ST6GALNAC2"
"M1"	"IntAct"	"RAB37"
"M1"	"IntAct"	"NTNG2"
"M1"	"IntAct"	"ZNF626"
"M1"	"IntAct"	"MECOM"
"M1"	"IntAct"	"IYD"
"M1"	"IntAct"	"PIF1"
"M1"	"IntAct"	"NME5"
"M1"	"IntAct"	"GJB3"
"M1"	"IntAct"	"C6orf141"
"M1"	"IntAct"	"GDF15"
"M1"	"IntAct"	"INMT"
"M1"	"IntAct"	"CYP2S1"
"M1"	"IntAct"	"C1orf116"
"M1"	"IntAct"	"ZMAT1"
"M1"	"IntAct"	"FCGBP"
"M1"	"IntAct"	"TSPYL5"
"M1"	"IntAct"	"APLN"
"M1"	"IntAct"	"LRRC4"
"M1"	"IntAct"	"ATP2C2"
"M1"	"IntAct"	"ABO"
"M1"	"IntAct"	"RGMA"
"M1"	"IntAct"	"FLRT3"
"M1"	"IntAct"	"LRRN4"
"M1"	"IntAct"	"KCTD14"
"M1"	"IntAct"	"C4orf19"
"M1"	"IntAct"	"DEPDC1B"
"M1"	"IntAct"	"IGSF9"
"M1"	"IntAct"	"TMEM139"
"M1"	"IntAct"	"PTPRH"
"M1"	"IntAct"	"EPDR1"
"M1"	"IntAct"	"SLC16A9"
"M1"	"IntAct"	"MTFR2"
"M1"	"IntAct"	"TCEA3"
"M1"	"IntAct"	"SEMA3E"
"M1"	"IntAct"	"AIF1L"
"M1"	"IntAct"	"TMC5"
"M1"	"IntAct"	"PCDHB5"
"M1"	"IntAct_Mouse"	"TFCP2L1"
"M1"	"IntAct_Mouse"	"LRRK2"
"M1"	"IntAct_Mouse"	"CEP55"
"M1"	"IntAct_Mouse"	"THRB"
"M1"	"IntAct_Mouse"	"TRIP13"
"M1"	"IntAct_Mouse"	"CFTR"
"M1"	"IntAct_Mouse"	"FOS"
"M1"	"IntAct_Mouse"	"NCAM2"
"M1"	"IntAct_Mouse"	"CLU"
"M1"	"IntAct_Mouse"	"SULT2B1"
"M1"	"IntAct_Mouse"	"CAV1"
"M1"	"IntAct_Mouse"	"S100A8"
"M1"	"IntAct_Mouse"	"BMPR1B"
"M1"	"IntAct_Mouse"	"NKD1"
"M1"	"IntAct_Mouse"	"APLP1"
"M1"	"IntAct_Mouse"	"GEM"
"M1"	"IntAct_Mouse"	"EPHX1"
"M1"	"IntAct_Mouse"	"FMO5"
"M1"	"IntAct_Mouse"	"HLF"
"M1"	"IntAct_Mouse"	"MATN2"
"M1"	"IntAct_Mouse"	"DES"
"M1"	"IntAct_Mouse"	"RRM2"
"M1"	"IntAct_Mouse"	"TNFRSF19"
"M1"	"IntAct_Mouse"	"KHDRBS3"
"M1"	"IntAct_Mouse"	"SYT1"
"M1"	"IntAct_Mouse"	"CDA"
"M1"	"IntAct_Mouse"	"CADM1"
"M1"	"IntAct_Mouse"	"TOP2A"
"M1"	"IntAct_Mouse"	"TFR2"
"M1"	"IntAct_Mouse"	"ARNT2"
"M1"	"IntAct_Mouse"	"NDC80"
"M1"	"IntAct_Mouse"	"PKP2"
"M1"	"IntAct_Mouse"	"SLC2A1"
"M1"	"IntAct_Mouse"	"LRP2"
"M1"	"IntAct_Mouse"	"EPHA4"
"M1"	"IntAct_Mouse"	"CBX2"
"M1"	"IntAct_Mouse"	"RASD1"
"M1"	"IntAct_Mouse"	"COL7A1"
"M1"	"IntAct_Mouse"	"KCNQ3"
"M1"	"IntAct_Mouse"	"NRCAM"
"M1"	"IntAct_Mouse"	"GNAO1"
"M1"	"IntAct_Mouse"	"PFN2"
"M1"	"IntAct_Mouse"	"NGEF"
"M1"	"IntAct_Mouse"	"NR4A2"
"M1"	"IntAct_Mouse"	"PAX9"
"M1"	"IntAct_Mouse"	"SYT8"
"M1"	"IntAct_Mouse"	"CRYM"
"M1"	"IntAct_Mouse"	"ROS1"
"M1"	"IntAct_Mouse"	"SLC1A1"
"M1"	"IntAct_Mouse"	"CLDN2"
"M1"	"IntAct_Mouse"	"SLC4A4"
"M1"	"IntAct_Mouse"	"C5"
"M1"	"IntAct_Mouse"	"ACHE"
"M1"	"IntAct_Mouse"	"EYA2"
"M1"	"IntAct_Mouse"	"CHL1"
"M1"	"IntAct_Mouse"	"PTPN13"
"M1"	"IntAct_Mouse"	"KNDC1"
"M1"	"IntAct_Mouse"	"ID4"
"M1"	"IntAct_Mouse"	"RYR2"
"M1"	"IntAct_Mouse"	"PTPRN2"
"M1"	"IntAct_Mouse"	"FOXA2"
"M1"	"IntAct_Mouse"	"SLC17A9"
"M1"	"IntAct_Mouse"	"TNFRSF18"
"M1"	"BioGrid"	"E2F7"
"M1"	"BioGrid"	"LRRK2"
"M1"	"BioGrid"	"PSAT1"
"M1"	"BioGrid"	"ADRB2"
"M1"	"BioGrid"	"PRKAA2"
"M1"	"BioGrid"	"FAM107A"
"M1"	"BioGrid"	"AQP1"
"M1"	"BioGrid"	"BEX2"
"M1"	"BioGrid"	"SPATC1L"
"M1"	"BioGrid"	"CREB3L1"
"M1"	"BioGrid"	"TMEM100"
"M1"	"BioGrid"	"SORBS2"
"M1"	"BioGrid"	"CEP55"
"M1"	"BioGrid"	"KCNK1"
"M1"	"BioGrid"	"THRB"
"M1"	"BioGrid"	"HOMER2"
"M1"	"BioGrid"	"HIST1H1C"
"M1"	"BioGrid"	"TRIP13"
"M1"	"BioGrid"	"PBK"
"M1"	"BioGrid"	"MDFI"
"M1"	"BioGrid"	"CFTR"
"M1"	"BioGrid"	"FOS"
"M1"	"BioGrid"	"CBLC"
"M1"	"BioGrid"	"TNNT1"
"M1"	"BioGrid"	"AR"
"M1"	"BioGrid"	"EGR1"
"M1"	"BioGrid"	"CKB"
"M1"	"BioGrid"	"DSP"
"M1"	"BioGrid"	"HSPA6"
"M1"	"BioGrid"	"TUBB2B"
"M1"	"BioGrid"	"CLU"
"M1"	"BioGrid"	"LTF"
"M1"	"BioGrid"	"NR3C2"
"M1"	"BioGrid"	"SCNN1B"
"M1"	"BioGrid"	"DLC1"
"M1"	"BioGrid"	"SULT2B1"
"M1"	"BioGrid"	"MAPK10"
"M1"	"BioGrid"	"BIRC5"
"M1"	"BioGrid"	"C3"
"M1"	"BioGrid"	"CDH15"
"M1"	"BioGrid"	"PTN"
"M1"	"BioGrid"	"RAB27B"
"M1"	"BioGrid"	"CAV1"
"M1"	"BioGrid"	"MLPH"
"M1"	"BioGrid"	"S100A8"
"M1"	"BioGrid"	"CD36"
"M1"	"BioGrid"	"SFTPD"
"M1"	"BioGrid"	"F2RL1"
"M1"	"BioGrid"	"SFTPA1"
"M1"	"BioGrid"	"BMPR1B"
"M1"	"BioGrid"	"APLP1"
"M1"	"BioGrid"	"GEM"
"M1"	"BioGrid"	"CPLX1"
"M1"	"BioGrid"	"BMP2"
"M1"	"BioGrid"	"BMP4"
"M1"	"BioGrid"	"CCNE1"
"M1"	"BioGrid"	"NFE2"
"M1"	"BioGrid"	"ANLN"
"M1"	"BioGrid"	"FHL1"
"M1"	"BioGrid"	"PLOD2"
"M1"	"BioGrid"	"SOX6"
"M1"	"BioGrid"	"FAM189A2"
"M1"	"BioGrid"	"CDKN2A"
"M1"	"BioGrid"	"MCM10"
"M1"	"BioGrid"	"CLSPN"
"M1"	"BioGrid"	"HLF"
"M1"	"BioGrid"	"CIART"
"M1"	"BioGrid"	"MATN2"
"M1"	"BioGrid"	"HP"
"M1"	"BioGrid"	"VIPR1"
"M1"	"BioGrid"	"PTK6"
"M1"	"BioGrid"	"CA9"
"M1"	"BioGrid"	"AURKB"
"M1"	"BioGrid"	"DES"
"M1"	"BioGrid"	"RRM2"
"M1"	"BioGrid"	"AMOT"
"M1"	"BioGrid"	"KIT"
"M1"	"BioGrid"	"EPHA2"
"M1"	"BioGrid"	"MAPK8IP2"
"M1"	"BioGrid"	"PDE4D"
"M1"	"BioGrid"	"KLF4"
"M1"	"BioGrid"	"CD1A"
"M1"	"BioGrid"	"KHDRBS3"
"M1"	"BioGrid"	"SYT1"
"M1"	"BioGrid"	"HMGB3"
"M1"	"BioGrid"	"GPR37"
"M1"	"BioGrid"	"CDA"
"M1"	"BioGrid"	"CADM1"
"M1"	"BioGrid"	"CENPA"
"M1"	"BioGrid"	"NCAPH"
"M1"	"BioGrid"	"ACKR2"
"M1"	"BioGrid"	"ELN"
"M1"	"BioGrid"	"DPP4"
"M1"	"BioGrid"	"GCLC"
"M1"	"BioGrid"	"TNS4"
"M1"	"BioGrid"	"LTK"
"M1"	"BioGrid"	"WIF1"
"M1"	"BioGrid"	"UBE2C"
"M1"	"BioGrid"	"TNNC1"
"M1"	"BioGrid"	"IGF2BP2"
"M1"	"BioGrid"	"TOP2A"
"M1"	"BioGrid"	"BIK"
"M1"	"BioGrid"	"TFR2"
"M1"	"BioGrid"	"RAP1GAP"
"M1"	"BioGrid"	"FAM83D"
"M1"	"BioGrid"	"NEGR1"
"M1"	"BioGrid"	"ATP8A2"
"M1"	"BioGrid"	"RAD54L"
"M1"	"BioGrid"	"PITX1"
"M1"	"BioGrid"	"DNALI1"
"M1"	"BioGrid"	"CEBPA"
"M1"	"BioGrid"	"CDC20"
"M1"	"BioGrid"	"FBXO2"
"M1"	"BioGrid"	"EPHA3"
"M1"	"BioGrid"	"PTGES"
"M1"	"BioGrid"	"CDC45"
"M1"	"BioGrid"	"FGFR3"
"M1"	"BioGrid"	"CDC25C"
"M1"	"BioGrid"	"ARNT2"
"M1"	"BioGrid"	"PHGDH"
"M1"	"BioGrid"	"NDC80"
"M1"	"BioGrid"	"BUB1B"
"M1"	"BioGrid"	"NEK2"
"M1"	"BioGrid"	"SKA1"
"M1"	"BioGrid"	"SPC25"
"M1"	"BioGrid"	"PKP2"
"M1"	"BioGrid"	"TFAP2A"
"M1"	"BioGrid"	"SLC2A1"
"M1"	"BioGrid"	"LRP2"
"M1"	"BioGrid"	"ZP3"
"M1"	"BioGrid"	"DUSP1"
"M1"	"BioGrid"	"TPX2"
"M1"	"BioGrid"	"NRXN3"
"M1"	"BioGrid"	"MYH11"
"M1"	"BioGrid"	"CIT"
"M1"	"BioGrid"	"KRT6A"
"M1"	"BioGrid"	"FGFR2"
"M1"	"BioGrid"	"EPHA4"
"M1"	"BioGrid"	"HMMR"
"M1"	"BioGrid"	"PTTG1"
"M1"	"BioGrid"	"DLGAP5"
"M1"	"BioGrid"	"S100A14"
"M1"	"BioGrid"	"SCAND1"
"M1"	"BioGrid"	"CDC25A"
"M1"	"BioGrid"	"ORC1"
"M1"	"BioGrid"	"CAMK1D"
"M1"	"BioGrid"	"PIP5KL1"
"M1"	"BioGrid"	"RND1"
"M1"	"BioGrid"	"CBX2"
"M1"	"BioGrid"	"NR4A1"
"M1"	"BioGrid"	"PPFIA4"
"M1"	"BioGrid"	"CXCL8"
"M1"	"BioGrid"	"EGLN3"
"M1"	"BioGrid"	"ASS1"
"M1"	"BioGrid"	"QPRT"
"M1"	"BioGrid"	"CDKN2B"
"M1"	"BioGrid"	"GPRIN2"
"M1"	"BioGrid"	"SLPI"
"M1"	"BioGrid"	"P2RY6"
"M1"	"BioGrid"	"RASD1"
"M1"	"BioGrid"	"FOSL1"
"M1"	"BioGrid"	"PAPPA"
"M1"	"BioGrid"	"COL7A1"
"M1"	"BioGrid"	"MAP2K6"
"M1"	"BioGrid"	"IL6"
"M1"	"BioGrid"	"KCNQ3"
"M1"	"BioGrid"	"KYNU"
"M1"	"BioGrid"	"ZBTB7C"
"M1"	"BioGrid"	"OVOL1"
"M1"	"BioGrid"	"ATF3"
"M1"	"BioGrid"	"MS4A2"
"M1"	"BioGrid"	"PTGDS"
"M1"	"BioGrid"	"CA12"
"M1"	"BioGrid"	"CELSR3"
"M1"	"BioGrid"	"PRUNE2"
"M1"	"BioGrid"	"TUBB3"
"M1"	"BioGrid"	"PEG10"
"M1"	"BioGrid"	"MSLN"
"M1"	"BioGrid"	"LMO3"
"M1"	"BioGrid"	"NRCAM"
"M1"	"BioGrid"	"LOXL4"
"M1"	"BioGrid"	"KLF15"
"M1"	"BioGrid"	"KCNQ1"
"M1"	"BioGrid"	"RND2"
"M1"	"BioGrid"	"SCG5"
"M1"	"BioGrid"	"OTX1"
"M1"	"BioGrid"	"GNAO1"
"M1"	"BioGrid"	"COL17A1"
"M1"	"BioGrid"	"IPCEF1"
"M1"	"BioGrid"	"PFN2"
"M1"	"BioGrid"	"SGCA"
"M1"	"BioGrid"	"PPP1R3C"
"M1"	"BioGrid"	"NGEF"
"M1"	"BioGrid"	"HSF4"
"M1"	"BioGrid"	"APOD"
"M1"	"BioGrid"	"AQP5"
"M1"	"BioGrid"	"MALL"
"M1"	"BioGrid"	"DMRTA1"
"M1"	"BioGrid"	"CDC6"
"M1"	"BioGrid"	"NR4A2"
"M1"	"BioGrid"	"ESPL1"
"M1"	"BioGrid"	"SGO1"
"M1"	"BioGrid"	"CDCA5"
"M1"	"BioGrid"	"PAX9"
"M1"	"BioGrid"	"KLC3"
"M1"	"BioGrid"	"UBE2T"
"M1"	"BioGrid"	"NPTX1"
"M1"	"BioGrid"	"GABBR1"
"M1"	"BioGrid"	"BMP3"
"M1"	"BioGrid"	"ALDH1A1"
"M1"	"BioGrid"	"TRPC6"
"M1"	"BioGrid"	"MYBL2"
"M1"	"BioGrid"	"PGC"
"M1"	"BioGrid"	"SNCG"
"M1"	"BioGrid"	"MDK"
"M1"	"BioGrid"	"WNT4"
"M1"	"BioGrid"	"CSF3R"
"M1"	"BioGrid"	"SHH"
"M1"	"BioGrid"	"RASGRF1"
"M1"	"BioGrid"	"HPGDS"
"M1"	"BioGrid"	"MELTF"
"M1"	"BioGrid"	"ROS1"
"M1"	"BioGrid"	"HIST2H2BE"
"M1"	"BioGrid"	"ETNK2"
"M1"	"BioGrid"	"CXCL2"
"M1"	"BioGrid"	"STC2"
"M1"	"BioGrid"	"ALPL"
"M1"	"BioGrid"	"SERPINA1"
"M1"	"BioGrid"	"SKA3"
"M1"	"BioGrid"	"ELF5"
"M1"	"BioGrid"	"KCND3"
"M1"	"BioGrid"	"FKBP10"
"M1"	"BioGrid"	"NCAPG"
"M1"	"BioGrid"	"SLC27A2"
"M1"	"BioGrid"	"SOX9"
"M1"	"BioGrid"	"SELENBP1"
"M1"	"BioGrid"	"MELK"
"M1"	"BioGrid"	"FCN3"
"M1"	"BioGrid"	"AGT"
"M1"	"BioGrid"	"AGR3"
"M1"	"BioGrid"	"BEND7"
"M1"	"BioGrid"	"KCNA3"
"M1"	"BioGrid"	"SLC1A1"
"M1"	"BioGrid"	"CLDN2"
"M1"	"BioGrid"	"BNIPL"
"M1"	"BioGrid"	"BCL11A"
"M1"	"BioGrid"	"TPPP"
"M1"	"BioGrid"	"DNAJC6"
"M1"	"BioGrid"	"TTK"
"M1"	"BioGrid"	"EDA"
"M1"	"BioGrid"	"AGR2"
"M1"	"BioGrid"	"RETREG1"
"M1"	"BioGrid"	"TNFSF15"
"M1"	"BioGrid"	"ADCY5"
"M1"	"BioGrid"	"STK33"
"M1"	"BioGrid"	"CXCL14"
"M1"	"BioGrid"	"CAVIN2"
"M1"	"BioGrid"	"ADH1B"
"M1"	"BioGrid"	"FOLR1"
"M1"	"BioGrid"	"SERPINF2"
"M1"	"BioGrid"	"GRIN2D"
"M1"	"BioGrid"	"NKX2-1"
"M1"	"BioGrid"	"MKI67"
"M1"	"BioGrid"	"MUC1"
"M1"	"BioGrid"	"BTC"
"M1"	"BioGrid"	"DOK6"
"M1"	"BioGrid"	"SHC3"
"M1"	"BioGrid"	"HBB"
"M1"	"BioGrid"	"CLEC3B"
"M1"	"BioGrid"	"MMP12"
"M1"	"BioGrid"	"ACE2"
"M1"	"BioGrid"	"PAEP"
"M1"	"BioGrid"	"CTSE"
"M1"	"BioGrid"	"C5"
"M1"	"BioGrid"	"PDZD2"
"M1"	"BioGrid"	"C4A"
"M1"	"BioGrid"	"F12"
"M1"	"BioGrid"	"GIPR"
"M1"	"BioGrid"	"CPE"
"M1"	"BioGrid"	"GPC3"
"M1"	"BioGrid"	"SCG2"
"M1"	"BioGrid"	"IL1R2"
"M1"	"BioGrid"	"CXCL5"
"M1"	"BioGrid"	"ARHGEF4"
"M1"	"BioGrid"	"ACHE"
"M1"	"BioGrid"	"CCL22"
"M1"	"BioGrid"	"CA2"
"M1"	"BioGrid"	"C4BPA"
"M1"	"BioGrid"	"AGER"
"M1"	"BioGrid"	"ITGB6"
"M1"	"BioGrid"	"GALNT6"
"M1"	"BioGrid"	"PMAIP1"
"M1"	"BioGrid"	"RAC3"
"M1"	"BioGrid"	"PEBP4"
"M1"	"BioGrid"	"FST"
"M1"	"BioGrid"	"SEZ6L2"
"M1"	"BioGrid"	"S100B"
"M1"	"BioGrid"	"NHS"
"M1"	"BioGrid"	"EYA2"
"M1"	"BioGrid"	"ADRA2A"
"M1"	"BioGrid"	"CNR1"
"M1"	"BioGrid"	"DIRAS1"
"M1"	"BioGrid"	"SCEL"
"M1"	"BioGrid"	"KIF4A"
"M1"	"BioGrid"	"KCNK5"
"M1"	"BioGrid"	"CLIC3"
"M1"	"BioGrid"	"MB"
"M1"	"BioGrid"	"LPL"
"M1"	"BioGrid"	"GJB1"
"M1"	"BioGrid"	"GSTA1"
"M1"	"BioGrid"	"TFPI"
"M1"	"BioGrid"	"HPGD"
"M1"	"BioGrid"	"AK4"
"M1"	"BioGrid"	"CEACAM6"
"M1"	"BioGrid"	"ETV4"
"M1"	"BioGrid"	"COL14A1"
"M1"	"BioGrid"	"MPV17L"
"M1"	"BioGrid"	"PHYHD1"
"M1"	"BioGrid"	"DMKN"
"M1"	"BioGrid"	"IGSF10"
"M1"	"BioGrid"	"TTLL7"
"M1"	"BioGrid"	"PDZD4"
"M1"	"BioGrid"	"TICRR"
"M1"	"BioGrid"	"FILIP1"
"M1"	"BioGrid"	"PNMA8A"
"M1"	"BioGrid"	"PRR15"
"M1"	"BioGrid"	"FAM184A"
"M1"	"BioGrid"	"CDKL2"
"M1"	"BioGrid"	"RAB7B"
"M1"	"BioGrid"	"UBXN10"
"M1"	"BioGrid"	"CDCA3"
"M1"	"BioGrid"	"KIF2C"
"M1"	"BioGrid"	"OLFM1"
"M1"	"BioGrid"	"PIMREG"
"M1"	"BioGrid"	"KIFC1"
"M1"	"BioGrid"	"CDCA7"
"M1"	"BioGrid"	"STRIP2"
"M1"	"BioGrid"	"NRGN"
"M1"	"BioGrid"	"PTHLH"
"M1"	"BioGrid"	"EDN1"
"M1"	"BioGrid"	"CITED4"
"M1"	"BioGrid"	"TROAP"
"M1"	"BioGrid"	"ASAP2"
"M1"	"BioGrid"	"FOXM1"
"M1"	"BioGrid"	"CDKN3"
"M1"	"BioGrid"	"CEACAM5"
"M1"	"BioGrid"	"HJURP"
"M1"	"BioGrid"	"NUF2"
"M1"	"BioGrid"	"KCNJ5"
"M1"	"BioGrid"	"MAL"
"M1"	"BioGrid"	"PTPN13"
"M1"	"BioGrid"	"EPHB6"
"M1"	"BioGrid"	"FBXO27"
"M1"	"BioGrid"	"IL33"
"M1"	"BioGrid"	"ANOS1"
"M1"	"BioGrid"	"SUSD2"
"M1"	"BioGrid"	"TPSAB1"
"M1"	"BioGrid"	"SCTR"
"M1"	"BioGrid"	"ADAMTSL3"
"M1"	"BioGrid"	"CENPW"
"M1"	"BioGrid"	"GPER1"
"M1"	"BioGrid"	"RNF39"
"M1"	"BioGrid"	"TRIM17"
"M1"	"BioGrid"	"TCF21"
"M1"	"BioGrid"	"SPDEF"
"M1"	"BioGrid"	"FOLH1"
"M1"	"BioGrid"	"CCL20"
"M1"	"BioGrid"	"SFTPC"
"M1"	"BioGrid"	"BASP1"
"M1"	"BioGrid"	"PGM5"
"M1"	"BioGrid"	"HOPX"
"M1"	"BioGrid"	"MEX3A"
"M1"	"BioGrid"	"EHF"
"M1"	"BioGrid"	"RYR2"
"M1"	"BioGrid"	"GPRC5A"
"M1"	"BioGrid"	"CYP39A1"
"M1"	"BioGrid"	"NECTIN3"
"M1"	"BioGrid"	"RRAD"
"M1"	"BioGrid"	"TNXB"
"M1"	"BioGrid"	"EXO1"
"M1"	"BioGrid"	"CENPF"
"M1"	"BioGrid"	"HNF1B"
"M1"	"BioGrid"	"CACNA1H"
"M1"	"BioGrid"	"TPSB2"
"M1"	"BioGrid"	"PNMA2"
"M1"	"BioGrid"	"ABI3BP"
"M1"	"BioGrid"	"FOSB"
"M1"	"BioGrid"	"SLC7A8"
"M1"	"BioGrid"	"PRDM16"
"M1"	"BioGrid"	"KCNK3"
"M1"	"BioGrid"	"KRT86"
"M1"	"BioGrid"	"PTPRN2"
"M1"	"BioGrid"	"UNC5CL"
"M1"	"BioGrid"	"FOXA2"
"M1"	"BioGrid"	"ATOH8"
"M1"	"BioGrid"	"WFDC2"
"M1"	"BioGrid"	"EVA1A"
"M1"	"BioGrid"	"IGF2BP3"
"M1"	"BioGrid"	"RTN4RL1"
"M1"	"BioGrid"	"MAOB"
"M1"	"BioGrid"	"PHACTR3"
"M1"	"BioGrid"	"CRLF1"
"M1"	"BioGrid"	"AOX1"
"M1"	"BioGrid"	"RNF128"
"M1"	"BioGrid"	"PLA2G16"
"M1"	"BioGrid"	"FBXL16"
"M1"	"BioGrid"	"PDE4C"
"M1"	"BioGrid"	"SEPT3"
"M1"	"BioGrid"	"DMBT1"
"M1"	"BioGrid"	"SCNN1G"
"M1"	"BioGrid"	"CYP3A5"
"M1"	"BioGrid"	"USP44"
"M1"	"BioGrid"	"CX3CL1"
"M1"	"BioGrid"	"RGS17"
"M1"	"BioGrid"	"PCDH9"
"M1"	"BioGrid"	"LAMP3"
"M1"	"BioGrid"	"PLCB4"
"M1"	"BioGrid"	"PID1"
"M1"	"BioGrid"	"DAAM2"
"M1"	"BioGrid"	"HIST3H2A"
"M1"	"BioGrid"	"REEP6"
"M1"	"BioGrid"	"NR4A3"
"M1"	"BioGrid"	"PPP1R1B"
"M1"	"BioGrid"	"GPR143"
"M1"	"BioGrid"	"SCIN"
"M1"	"BioGrid"	"ASIC1"
"M1"	"BioGrid"	"RAB37"
"M1"	"BioGrid"	"ZNF626"
"M1"	"BioGrid"	"GALNT14"
"M1"	"BioGrid"	"MECOM"
"M1"	"BioGrid"	"NME5"
"M1"	"BioGrid"	"ARSE"
"M1"	"BioGrid"	"TNFRSF18"
"M1"	"BioGrid"	"HSD11B2"
"M1"	"BioGrid"	"CARNS1"
"M1"	"BioGrid"	"GDF15"
"M1"	"BioGrid"	"FAM83A"
"M1"	"BioGrid"	"INMT"
"M1"	"BioGrid"	"PDZK1IP1"
"M1"	"BioGrid"	"CYP2S1"
"M1"	"BioGrid"	"FAM110C"
"M1"	"BioGrid"	"ENTPD3"
"M1"	"BioGrid"	"TMPRSS4"
"M1"	"BioGrid"	"PAQR5"
"M1"	"BioGrid"	"NRIP3"
"M1"	"BioGrid"	"CRTAC1"
"M1"	"BioGrid"	"SLC1A7"
"M1"	"BioGrid"	"GGH"
"M1"	"BioGrid"	"TSPYL5"
"M1"	"BioGrid"	"APLN"
"M1"	"BioGrid"	"ABO"
"M1"	"BioGrid"	"ACSM3"
"M1"	"BioGrid"	"PPP1R14C"
"M1"	"BioGrid"	"KCTD14"
"M1"	"BioGrid"	"DEPDC1B"
"M1"	"BioGrid"	"SULT1A2"
"M1"	"BioGrid"	"CSPG5"
"M1"	"INNATEDB"	"ADRB2"
"M1"	"INNATEDB"	"AQP1"
"M1"	"INNATEDB"	"THRB"
"M1"	"INNATEDB"	"TRIP13"
"M1"	"INNATEDB"	"MDFI"
"M1"	"INNATEDB"	"CFTR"
"M1"	"INNATEDB"	"FOS"
"M1"	"INNATEDB"	"AR"
"M1"	"INNATEDB"	"EGR1"
"M1"	"INNATEDB"	"DSP"
"M1"	"INNATEDB"	"CLU"
"M1"	"INNATEDB"	"PIGR"
"M1"	"INNATEDB"	"LTF"
"M1"	"INNATEDB"	"NR3C2"
"M1"	"INNATEDB"	"MAPK10"
"M1"	"INNATEDB"	"BIRC5"
"M1"	"INNATEDB"	"C3"
"M1"	"INNATEDB"	"PTN"
"M1"	"INNATEDB"	"CAV1"
"M1"	"INNATEDB"	"S100A8"
"M1"	"INNATEDB"	"CD36"
"M1"	"INNATEDB"	"SFTPD"
"M1"	"INNATEDB"	"F2RL1"
"M1"	"INNATEDB"	"SFTPA2"
"M1"	"INNATEDB"	"SFTPA1"
"M1"	"INNATEDB"	"BMPR1B"
"M1"	"INNATEDB"	"BMP2"
"M1"	"INNATEDB"	"BMP4"
"M1"	"INNATEDB"	"CCNE1"
"M1"	"INNATEDB"	"NFE2"
"M1"	"INNATEDB"	"EPHX1"
"M1"	"INNATEDB"	"CDKN2A"
"M1"	"INNATEDB"	"PTK6"
"M1"	"INNATEDB"	"KIT"
"M1"	"INNATEDB"	"MAPK8IP2"
"M1"	"INNATEDB"	"KLF4"
"M1"	"INNATEDB"	"ACKR2"
"M1"	"INNATEDB"	"ELN"
"M1"	"INNATEDB"	"DPP4"
"M1"	"INNATEDB"	"GCLC"
"M1"	"INNATEDB"	"LTK"
"M1"	"INNATEDB"	"TOP2A"
"M1"	"INNATEDB"	"BIK"
"M1"	"INNATEDB"	"TFR2"
"M1"	"INNATEDB"	"NEK2"
"M1"	"INNATEDB"	"SPC25"
"M1"	"INNATEDB"	"TFAP2A"
"M1"	"INNATEDB"	"LRP2"
"M1"	"INNATEDB"	"DUSP1"
"M1"	"INNATEDB"	"AQP3"
"M1"	"INNATEDB"	"KRT6A"
"M1"	"INNATEDB"	"FGFR2"
"M1"	"INNATEDB"	"EPHA4"
"M1"	"INNATEDB"	"PTTG1"
"M1"	"INNATEDB"	"CDC25A"
"M1"	"INNATEDB"	"RND1"
"M1"	"INNATEDB"	"NR4A1"
"M1"	"INNATEDB"	"CXCL8"
"M1"	"INNATEDB"	"EGLN3"
"M1"	"INNATEDB"	"CDKN2B"
"M1"	"INNATEDB"	"CXCL3"
"M1"	"INNATEDB"	"FOSL1"
"M1"	"INNATEDB"	"MAP2K6"
"M1"	"INNATEDB"	"IL6"
"M1"	"INNATEDB"	"HIST1H2BC"
"M1"	"INNATEDB"	"MS4A2"
"M1"	"INNATEDB"	"CELSR3"
"M1"	"INNATEDB"	"KCNQ1"
"M1"	"INNATEDB"	"GREB1"
"M1"	"INNATEDB"	"PFN2"
"M1"	"INNATEDB"	"HSF4"
"M1"	"INNATEDB"	"APOD"
"M1"	"INNATEDB"	"AQP5"
"M1"	"INNATEDB"	"NR4A2"
"M1"	"INNATEDB"	"ESPL1"
"M1"	"INNATEDB"	"MYBL2"
"M1"	"INNATEDB"	"CRYM"
"M1"	"INNATEDB"	"MDK"
"M1"	"INNATEDB"	"CSF3R"
"M1"	"INNATEDB"	"CXCL2"
"M1"	"INNATEDB"	"SERPINA1"
"M1"	"INNATEDB"	"AGT"
"M1"	"INNATEDB"	"CDCA2"
"M1"	"INNATEDB"	"TNFSF15"
"M1"	"INNATEDB"	"NKX2-1"
"M1"	"INNATEDB"	"MUC1"
"M1"	"INNATEDB"	"PDZD2"
"M1"	"INNATEDB"	"IL1R2"
"M1"	"INNATEDB"	"CXCL5"
"M1"	"INNATEDB"	"ACHE"
"M1"	"INNATEDB"	"CCL22"
"M1"	"INNATEDB"	"CA2"
"M1"	"INNATEDB"	"AGER"
"M1"	"INNATEDB"	"PMAIP1"
"M1"	"INNATEDB"	"FST"
"M1"	"INNATEDB"	"S100B"
"M1"	"INNATEDB"	"ADRA2A"
"M1"	"INNATEDB"	"COL14A1"
"M1"	"INNATEDB"	"EGR3"
"M1"	"INNATEDB"	"ASAP2"
"M1"	"INNATEDB"	"CLIC5"
"M1"	"INNATEDB"	"FOXM1"
"M1"	"INNATEDB"	"CDKN3"
"M1"	"INNATEDB"	"SPINK5"
"M1"	"INNATEDB"	"MAL"
"M1"	"INNATEDB"	"PTPN13"
"M1"	"INNATEDB"	"RGS11"
"M1"	"INNATEDB"	"FBXO27"
"M1"	"INNATEDB"	"IL33"
"M1"	"INNATEDB"	"PDK4"
"M1"	"INNATEDB"	"TPSAB1"
"M1"	"INNATEDB"	"ACKR1"
"M1"	"INNATEDB"	"FOLH1"
"M1"	"INNATEDB"	"CCL20"
"M1"	"INNATEDB"	"HOPX"
"M1"	"INNATEDB"	"FOXQ1"
"M1"	"INNATEDB"	"OGN"
"M1"	"INNATEDB"	"KBTBD11"
"M1"	"INNATEDB"	"PCSK1N"
"M1"	"INNATEDB"	"CACNA1H"
"M1"	"INNATEDB"	"FADS2"
"M1"	"INNATEDB"	"KCNK3"
"M1"	"INNATEDB"	"KRT86"
"M1"	"INNATEDB"	"STC1"
"M1"	"INNATEDB"	"SEMA3B"
"M1"	"INNATEDB"	"METTL7B"
"M1"	"INNATEDB"	"CGREF1"
"M1"	"INNATEDB"	"UNC5CL"
"M1"	"INNATEDB"	"HIF3A"
"M1"	"INNATEDB"	"CX3CL1"
"M1"	"INNATEDB"	"SCN4B"
"M1"	"INNATEDB"	"NR4A3"
"M1"	"INNATEDB"	"CX3CR1"
"M1"	"INNATEDB"	"DUOX2"
"M1"	"INNATEDB"	"TNFRSF18"
"M1"	"INNATEDB"	"IL20RB"
"M1"	"INNATEDB"	"SLC16A7"
"M1"	"INNATEDB"	"KCNJ15"
"M1"	"INNATEDB"	"SCGB3A2"
"M1"	"BEHRENDS_AUTOPHAGY_LOW"	"PRKAA2"
"M1"	"HPRD"	"E2F7"
"M1"	"HPRD"	"TFCP2L1"
"M1"	"HPRD"	"ADRB2"
"M1"	"HPRD"	"PRKAA2"
"M1"	"HPRD"	"FAM107A"
"M1"	"HPRD"	"BEX2"
"M1"	"HPRD"	"SPATC1L"
"M1"	"HPRD"	"CREB3L1"
"M1"	"HPRD"	"SORBS2"
"M1"	"HPRD"	"CEP55"
"M1"	"HPRD"	"KCNK1"
"M1"	"HPRD"	"THRB"
"M1"	"HPRD"	"HOMER2"
"M1"	"HPRD"	"TRIP13"
"M1"	"HPRD"	"RASSF9"
"M1"	"HPRD"	"PBK"
"M1"	"HPRD"	"MDFI"
"M1"	"HPRD"	"MAOA"
"M1"	"HPRD"	"CFTR"
"M1"	"HPRD"	"FOS"
"M1"	"HPRD"	"CBLC"
"M1"	"HPRD"	"TNNT1"
"M1"	"HPRD"	"AR"
"M1"	"HPRD"	"EGR1"
"M1"	"HPRD"	"CKB"
"M1"	"HPRD"	"DSP"
"M1"	"HPRD"	"NCAM2"
"M1"	"HPRD"	"PIGR"
"M1"	"HPRD"	"LTF"
"M1"	"HPRD"	"NR3C2"
"M1"	"HPRD"	"SCNN1B"
"M1"	"HPRD"	"SULT2B1"
"M1"	"HPRD"	"MAPK10"
"M1"	"HPRD"	"BIRC5"
"M1"	"HPRD"	"C3"
"M1"	"HPRD"	"PTN"
"M1"	"HPRD"	"RAB27B"
"M1"	"HPRD"	"CAV1"
"M1"	"HPRD"	"MLPH"
"M1"	"HPRD"	"S100A8"
"M1"	"HPRD"	"CD36"
"M1"	"HPRD"	"SFTPD"
"M1"	"HPRD"	"F2RL1"
"M1"	"HPRD"	"SFTPA1"
"M1"	"HPRD"	"BMPR1B"
"M1"	"HPRD"	"APLP1"
"M1"	"HPRD"	"GEM"
"M1"	"HPRD"	"CPLX1"
"M1"	"HPRD"	"BMP2"
"M1"	"HPRD"	"BMP4"
"M1"	"HPRD"	"CCNE1"
"M1"	"HPRD"	"NFE2"
"M1"	"HPRD"	"ANLN"
"M1"	"HPRD"	"FHL1"
"M1"	"HPRD"	"PLOD2"
"M1"	"HPRD"	"SOX6"
"M1"	"HPRD"	"MCM10"
"M1"	"HPRD"	"CLSPN"
"M1"	"HPRD"	"HLF"
"M1"	"HPRD"	"SULT1C2"
"M1"	"HPRD"	"MATN2"
"M1"	"HPRD"	"HP"
"M1"	"HPRD"	"VIPR1"
"M1"	"HPRD"	"PTK6"
"M1"	"HPRD"	"CA9"
"M1"	"HPRD"	"AURKB"
"M1"	"HPRD"	"DES"
"M1"	"HPRD"	"AMOT"
"M1"	"HPRD"	"KIT"
"M1"	"HPRD"	"EPHA2"
"M1"	"HPRD"	"TNFRSF19"
"M1"	"HPRD"	"MAPK8IP2"
"M1"	"HPRD"	"PDE4D"
"M1"	"HPRD"	"KLF4"
"M1"	"HPRD"	"CD1A"
"M1"	"HPRD"	"KHDRBS3"
"M1"	"HPRD"	"SYT1"
"M1"	"HPRD"	"GPR37"
"M1"	"HPRD"	"CDA"
"M1"	"HPRD"	"CADM1"
"M1"	"HPRD"	"CENPA"
"M1"	"HPRD"	"NCAPH"
"M1"	"HPRD"	"ACKR2"
"M1"	"HPRD"	"ELN"
"M1"	"HPRD"	"DPP4"
"M1"	"HPRD"	"UBE2C"
"M1"	"HPRD"	"TNNC1"
"M1"	"HPRD"	"TOP2A"
"M1"	"HPRD"	"BIK"
"M1"	"HPRD"	"TFR2"
"M1"	"HPRD"	"HSPB6"
"M1"	"HPRD"	"RAP1GAP"
"M1"	"HPRD"	"TUSC3"
"M1"	"HPRD"	"RAD54L"
"M1"	"HPRD"	"PITX1"
"M1"	"HPRD"	"DNALI1"
"M1"	"HPRD"	"CEBPA"
"M1"	"HPRD"	"CDC20"
"M1"	"HPRD"	"FBXO2"
"M1"	"HPRD"	"EPHA3"
"M1"	"HPRD"	"CDC45"
"M1"	"HPRD"	"FGFR3"
"M1"	"HPRD"	"CDC25C"
"M1"	"HPRD"	"ARNT2"
"M1"	"HPRD"	"NDC80"
"M1"	"HPRD"	"BUB1B"
"M1"	"HPRD"	"NEK2"
"M1"	"HPRD"	"SKA1"
"M1"	"HPRD"	"SPC25"
"M1"	"HPRD"	"SEMA3A"
"M1"	"HPRD"	"PKP2"
"M1"	"HPRD"	"TFAP2A"
"M1"	"HPRD"	"SLC2A1"
"M1"	"HPRD"	"LRP2"
"M1"	"HPRD"	"DUSP1"
"M1"	"HPRD"	"TPX2"
"M1"	"HPRD"	"NRXN3"
"M1"	"HPRD"	"AQP3"
"M1"	"HPRD"	"CIT"
"M1"	"HPRD"	"KRT6A"
"M1"	"HPRD"	"EPHA4"
"M1"	"HPRD"	"HMMR"
"M1"	"HPRD"	"PTTG1"
"M1"	"HPRD"	"DLGAP5"
"M1"	"HPRD"	"SCGB3A1"
"M1"	"HPRD"	"S100A14"
"M1"	"HPRD"	"CDC25A"
"M1"	"HPRD"	"ORC1"
"M1"	"HPRD"	"PIP5KL1"
"M1"	"HPRD"	"RND1"
"M1"	"HPRD"	"CBX2"
"M1"	"HPRD"	"NR4A1"
"M1"	"HPRD"	"PPFIA4"
"M1"	"HPRD"	"CXCL8"
"M1"	"HPRD"	"EGLN3"
"M1"	"HPRD"	"SLC16A1"
"M1"	"HPRD"	"ASS1"
"M1"	"HPRD"	"QPRT"
"M1"	"HPRD"	"CDKN2B"
"M1"	"HPRD"	"GPRIN2"
"M1"	"HPRD"	"RASD1"
"M1"	"HPRD"	"FOSL1"
"M1"	"HPRD"	"PAPPA"
"M1"	"HPRD"	"SVEP1"
"M1"	"HPRD"	"COL7A1"
"M1"	"HPRD"	"SV2A"
"M1"	"HPRD"	"MAP2K6"
"M1"	"HPRD"	"IL6"
"M1"	"HPRD"	"KCNQ3"
"M1"	"HPRD"	"HIST1H2BC"
"M1"	"HPRD"	"ATF3"
"M1"	"HPRD"	"MS4A2"
"M1"	"HPRD"	"PTGDS"
"M1"	"HPRD"	"TMPRSS2"
"M1"	"HPRD"	"ARNTL2"
"M1"	"HPRD"	"CA12"
"M1"	"HPRD"	"CELSR3"
"M1"	"HPRD"	"TUBB3"
"M1"	"HPRD"	"PEG10"
"M1"	"HPRD"	"MSLN"
"M1"	"HPRD"	"LMO3"
"M1"	"HPRD"	"NRCAM"
"M1"	"HPRD"	"LOXL4"
"M1"	"HPRD"	"KCNQ1"
"M1"	"HPRD"	"SCG5"
"M1"	"HPRD"	"OTX1"
"M1"	"HPRD"	"GNAO1"
"M1"	"HPRD"	"COL17A1"
"M1"	"HPRD"	"PFN2"
"M1"	"HPRD"	"SGCA"
"M1"	"HPRD"	"NGEF"
"M1"	"HPRD"	"HSF4"
"M1"	"HPRD"	"APOD"
"M1"	"HPRD"	"AQP5"
"M1"	"HPRD"	"MALL"
"M1"	"HPRD"	"FXYD3"
"M1"	"HPRD"	"CDC6"
"M1"	"HPRD"	"NR4A2"
"M1"	"HPRD"	"SGO1"
"M1"	"HPRD"	"PAX9"
"M1"	"HPRD"	"KLC3"
"M1"	"HPRD"	"NPTX1"
"M1"	"HPRD"	"GABBR1"
"M1"	"HPRD"	"BMP3"
"M1"	"HPRD"	"TRPC6"
"M1"	"HPRD"	"SYT8"
"M1"	"HPRD"	"MYBL2"
"M1"	"HPRD"	"SNCG"
"M1"	"HPRD"	"MDK"
"M1"	"HPRD"	"CSF3R"
"M1"	"HPRD"	"SHH"
"M1"	"HPRD"	"HPGDS"
"M1"	"HPRD"	"HIST2H2BE"
"M1"	"HPRD"	"CXCL2"
"M1"	"HPRD"	"STC2"
"M1"	"HPRD"	"ALPL"
"M1"	"HPRD"	"SERPINA1"
"M1"	"HPRD"	"ELF5"
"M1"	"HPRD"	"KCND3"
"M1"	"HPRD"	"FKBP10"
"M1"	"HPRD"	"NCAPG"
"M1"	"HPRD"	"SOX9"
"M1"	"HPRD"	"SELENBP1"
"M1"	"HPRD"	"MELK"
"M1"	"HPRD"	"ROBO2"
"M1"	"HPRD"	"FCN3"
"M1"	"HPRD"	"MFAP4"
"M1"	"HPRD"	"AGT"
"M1"	"HPRD"	"AGR3"
"M1"	"HPRD"	"UPK3B"
"M1"	"HPRD"	"BEND7"
"M1"	"HPRD"	"KCNA3"
"M1"	"HPRD"	"CLDN2"
"M1"	"HPRD"	"BNIPL"
"M1"	"HPRD"	"BCL11A"
"M1"	"HPRD"	"TPPP"
"M1"	"HPRD"	"DNAJC6"
"M1"	"HPRD"	"TTK"
"M1"	"HPRD"	"EDA"
"M1"	"HPRD"	"AGR2"
"M1"	"HPRD"	"TNFSF15"
"M1"	"HPRD"	"ADCY5"
"M1"	"HPRD"	"CAVIN2"
"M1"	"HPRD"	"GPRC5C"
"M1"	"HPRD"	"PILRB"
"M1"	"HPRD"	"ADH1C"
"M1"	"HPRD"	"SERPINF2"
"M1"	"HPRD"	"NCKAP5"
"M1"	"HPRD"	"GRIN2D"
"M1"	"HPRD"	"NKX2-1"
"M1"	"HPRD"	"MKI67"
"M1"	"HPRD"	"SHE"
"M1"	"HPRD"	"NBEA"
"M1"	"HPRD"	"BTC"
"M1"	"HPRD"	"SHC3"
"M1"	"HPRD"	"HBB"
"M1"	"HPRD"	"CFD"
"M1"	"HPRD"	"CLEC3B"
"M1"	"HPRD"	"C7"
"M1"	"HPRD"	"MMP12"
"M1"	"HPRD"	"SLC4A4"
"M1"	"HPRD"	"ACE2"
"M1"	"HPRD"	"PAEP"
"M1"	"HPRD"	"CTSE"
"M1"	"HPRD"	"C5"
"M1"	"HPRD"	"PDZD2"
"M1"	"HPRD"	"C4A"
"M1"	"HPRD"	"F12"
"M1"	"HPRD"	"HABP2"
"M1"	"HPRD"	"CPM"
"M1"	"HPRD"	"CPE"
"M1"	"HPRD"	"GPC3"
"M1"	"HPRD"	"SCG2"
"M1"	"HPRD"	"MMP17"
"M1"	"HPRD"	"IL1R2"
"M1"	"HPRD"	"CXCL5"
"M1"	"HPRD"	"ARHGEF4"
"M1"	"HPRD"	"ACHE"
"M1"	"HPRD"	"TMPRSS6"
"M1"	"HPRD"	"CCL22"
"M1"	"HPRD"	"CA2"
"M1"	"HPRD"	"C4BPA"
"M1"	"HPRD"	"AGER"
"M1"	"HPRD"	"LRG1"
"M1"	"HPRD"	"ITGB6"
"M1"	"HPRD"	"COL4A5"
"M1"	"HPRD"	"COL4A3"
"M1"	"HPRD"	"GALNT6"
"M1"	"HPRD"	"PMAIP1"
"M1"	"HPRD"	"CTSH"
"M1"	"HPRD"	"RAC3"
"M1"	"HPRD"	"PEBP4"
"M1"	"HPRD"	"FGF13"
"M1"	"HPRD"	"FST"
"M1"	"HPRD"	"S100B"
"M1"	"HPRD"	"ADRA2A"
"M1"	"HPRD"	"SCEL"
"M1"	"HPRD"	"KIF4A"
"M1"	"HPRD"	"CLIC3"
"M1"	"HPRD"	"LPL"
"M1"	"HPRD"	"GJB1"
"M1"	"HPRD"	"GSTA1"
"M1"	"HPRD"	"TFPI"
"M1"	"HPRD"	"ETV4"
"M1"	"HPRD"	"COL14A1"
"M1"	"HPRD"	"CDKL2"
"M1"	"HPRD"	"CDCA3"
"M1"	"HPRD"	"KIF2C"
"M1"	"HPRD"	"NRGN"
"M1"	"HPRD"	"PTHLH"
"M1"	"HPRD"	"EDN1"
"M1"	"HPRD"	"CITED4"
"M1"	"HPRD"	"TROAP"
"M1"	"HPRD"	"ENPP1"
"M1"	"HPRD"	"ASAP2"
"M1"	"HPRD"	"CLIC5"
"M1"	"HPRD"	"FOXM1"
"M1"	"HPRD"	"CDKN3"
"M1"	"HPRD"	"DUOX1"
"M1"	"HPRD"	"C4BPB"
"M1"	"HPRD"	"SPINK5"
"M1"	"HPRD"	"KCNJ5"
"M1"	"HPRD"	"RNASE1"
"M1"	"HPRD"	"PTPN13"
"M1"	"HPRD"	"ADM"
"M1"	"HPRD"	"PDK4"
"M1"	"HPRD"	"ANGPT1"
"M1"	"HPRD"	"HPN"
"M1"	"HPRD"	"ANOS1"
"M1"	"HPRD"	"TPSAB1"
"M1"	"HPRD"	"SCTR"
"M1"	"HPRD"	"TRIM17"
"M1"	"HPRD"	"COL4A4"
"M1"	"HPRD"	"ACKR1"
"M1"	"HPRD"	"TCF21"
"M1"	"HPRD"	"SPDEF"
"M1"	"HPRD"	"CCL20"
"M1"	"HPRD"	"PGM5"
"M1"	"HPRD"	"ASPM"
"M1"	"HPRD"	"HOPX"
"M1"	"HPRD"	"MMRN1"
"M1"	"HPRD"	"MGP"
"M1"	"HPRD"	"CHRDL1"
"M1"	"HPRD"	"ID4"
"M1"	"HPRD"	"RYR2"
"M1"	"HPRD"	"SLC6A8"
"M1"	"HPRD"	"NECTIN3"
"M1"	"HPRD"	"SPINK1"
"M1"	"HPRD"	"RRAD"
"M1"	"HPRD"	"TNXB"
"M1"	"HPRD"	"CENPF"
"M1"	"HPRD"	"HNF1B"
"M1"	"HPRD"	"CACNA1H"
"M1"	"HPRD"	"TPSB2"
"M1"	"HPRD"	"ABI3BP"
"M1"	"HPRD"	"FOSB"
"M1"	"HPRD"	"SLC7A8"
"M1"	"HPRD"	"KCNK3"
"M1"	"HPRD"	"SEMA3B"
"M1"	"HPRD"	"PTPRN2"
"M1"	"HPRD"	"ICAM5"
"M1"	"HPRD"	"FOXA2"
"M1"	"HPRD"	"PKIB"
"M1"	"HPRD"	"RORC"
"M1"	"HPRD"	"RTN4RL1"
"M1"	"HPRD"	"HUNK"
"M1"	"HPRD"	"MAOB"
"M1"	"HPRD"	"CRLF1"
"M1"	"HPRD"	"CPAMD8"
"M1"	"HPRD"	"HIF3A"
"M1"	"HPRD"	"ERP27"
"M1"	"HPRD"	"RNF128"
"M1"	"HPRD"	"PLA2G16"
"M1"	"HPRD"	"SYBU"
"M1"	"HPRD"	"DMBT1"
"M1"	"HPRD"	"SCNN1G"
"M1"	"HPRD"	"PDE10A"
"M1"	"HPRD"	"NPTXR"
"M1"	"HPRD"	"CX3CL1"
"M1"	"HPRD"	"SCN4B"
"M1"	"HPRD"	"STXBP6"
"M1"	"HPRD"	"CDC42EP5"
"M1"	"HPRD"	"NR4A3"
"M1"	"HPRD"	"PPP1R1B"
"M1"	"HPRD"	"ITPKA"
"M1"	"HPRD"	"SCIN"
"M1"	"HPRD"	"ASIC1"
"M1"	"HPRD"	"GALNT14"
"M1"	"HPRD"	"MECOM"
"M1"	"HPRD"	"NME5"
"M1"	"HPRD"	"HES6"
"M1"	"HPRD"	"GJB3"
"M1"	"HPRD"	"ARSE"
"M1"	"HPRD"	"TNFRSF18"
"M1"	"HPRD"	"IL20RB"
"M1"	"HPRD"	"SLC35G2"
"M1"	"HPRD"	"IL1RL2"
"M1"	"HPRD"	"CARNS1"
"M1"	"HPRD"	"MMP24"
"M1"	"HPRD"	"GDF15"
"M1"	"HPRD"	"PDZK1IP1"
"M1"	"HPRD"	"SCUBE3"
"M1"	"HPRD"	"SLIT3"
"M1"	"HPRD"	"GGH"
"M1"	"HPRD"	"LRRC4"
"M1"	"HPRD"	"RGMA"
"M1"	"HPRD"	"TBX4"
"M1"	"HPRD"	"SCGB3A2"
"M1"	"HPRD"	"IGSF9"
"M1"	"HPRD"	"CSPG5"
"M1"	"HPRD"	"CACHD1"
"M1"	"HPRD"	"ESPN"
"M1"	"BioGrid_Mouse"	"TFCP2L1"
"M1"	"BioGrid_Mouse"	"LRRK2"
"M1"	"BioGrid_Mouse"	"AQP1"
"M1"	"BioGrid_Mouse"	"SORBS2"
"M1"	"BioGrid_Mouse"	"KCNK1"
"M1"	"BioGrid_Mouse"	"THRB"
"M1"	"BioGrid_Mouse"	"HOMER2"
"M1"	"BioGrid_Mouse"	"TRIP13"
"M1"	"BioGrid_Mouse"	"MAOA"
"M1"	"BioGrid_Mouse"	"CFTR"
"M1"	"BioGrid_Mouse"	"FOS"
"M1"	"BioGrid_Mouse"	"CBLC"
"M1"	"BioGrid_Mouse"	"AR"
"M1"	"BioGrid_Mouse"	"EGR1"
"M1"	"BioGrid_Mouse"	"NR3C2"
"M1"	"BioGrid_Mouse"	"MAPK10"
"M1"	"BioGrid_Mouse"	"CDH15"
"M1"	"BioGrid_Mouse"	"CAV1"
"M1"	"BioGrid_Mouse"	"SFTPD"
"M1"	"BioGrid_Mouse"	"BMP4"
"M1"	"BioGrid_Mouse"	"NFE2"
"M1"	"BioGrid_Mouse"	"FHL1"
"M1"	"BioGrid_Mouse"	"SOX6"
"M1"	"BioGrid_Mouse"	"CDKN2A"
"M1"	"BioGrid_Mouse"	"HLF"
"M1"	"BioGrid_Mouse"	"AURKB"
"M1"	"BioGrid_Mouse"	"DES"
"M1"	"BioGrid_Mouse"	"RRM2"
"M1"	"BioGrid_Mouse"	"AMOT"
"M1"	"BioGrid_Mouse"	"KIT"
"M1"	"BioGrid_Mouse"	"TNFRSF19"
"M1"	"BioGrid_Mouse"	"MAPK8IP2"
"M1"	"BioGrid_Mouse"	"KLF4"
"M1"	"BioGrid_Mouse"	"GCLC"
"M1"	"BioGrid_Mouse"	"UBE2C"
"M1"	"BioGrid_Mouse"	"PITX1"
"M1"	"BioGrid_Mouse"	"CEBPA"
"M1"	"BioGrid_Mouse"	"CDC20"
"M1"	"BioGrid_Mouse"	"FBXO2"
"M1"	"BioGrid_Mouse"	"BUB1B"
"M1"	"BioGrid_Mouse"	"TFAP2A"
"M1"	"BioGrid_Mouse"	"DUSP1"
"M1"	"BioGrid_Mouse"	"TPX2"
"M1"	"BioGrid_Mouse"	"CIT"
"M1"	"BioGrid_Mouse"	"SCAND1"
"M1"	"BioGrid_Mouse"	"CBX2"
"M1"	"BioGrid_Mouse"	"NR4A1"
"M1"	"BioGrid_Mouse"	"SLPI"
"M1"	"BioGrid_Mouse"	"MAP2K6"
"M1"	"BioGrid_Mouse"	"KCNQ3"
"M1"	"BioGrid_Mouse"	"ZBTB7C"
"M1"	"BioGrid_Mouse"	"ATF3"
"M1"	"BioGrid_Mouse"	"MS4A2"
"M1"	"BioGrid_Mouse"	"NRCAM"
"M1"	"BioGrid_Mouse"	"GNAO1"
"M1"	"BioGrid_Mouse"	"PFN2"
"M1"	"BioGrid_Mouse"	"SGCA"
"M1"	"BioGrid_Mouse"	"CDC6"
"M1"	"BioGrid_Mouse"	"PAX9"
"M1"	"BioGrid_Mouse"	"KLC3"
"M1"	"BioGrid_Mouse"	"GABBR1"
"M1"	"BioGrid_Mouse"	"TRPC6"
"M1"	"BioGrid_Mouse"	"MYBL2"
"M1"	"BioGrid_Mouse"	"MDK"
"M1"	"BioGrid_Mouse"	"WNT4"
"M1"	"BioGrid_Mouse"	"CSF3R"
"M1"	"BioGrid_Mouse"	"SHH"
"M1"	"BioGrid_Mouse"	"RASGRF1"
"M1"	"BioGrid_Mouse"	"WNT7B"
"M1"	"BioGrid_Mouse"	"SOX9"
"M1"	"BioGrid_Mouse"	"MELK"
"M1"	"BioGrid_Mouse"	"BCL11A"
"M1"	"BioGrid_Mouse"	"NKX2-1"
"M1"	"BioGrid_Mouse"	"BTC"
"M1"	"BioGrid_Mouse"	"SHC3"
"M1"	"BioGrid_Mouse"	"SCG2"
"M1"	"BioGrid_Mouse"	"ACHE"
"M1"	"BioGrid_Mouse"	"EYA2"
"M1"	"BioGrid_Mouse"	"ADRA2A"
"M1"	"BioGrid_Mouse"	"CACNA1D"
"M1"	"BioGrid_Mouse"	"OLFM1"
"M1"	"BioGrid_Mouse"	"CITED4"
"M1"	"BioGrid_Mouse"	"FOXM1"
"M1"	"BioGrid_Mouse"	"PTPN13"
"M1"	"BioGrid_Mouse"	"IL33"
"M1"	"BioGrid_Mouse"	"TCF21"
"M1"	"BioGrid_Mouse"	"SPDEF"
"M1"	"BioGrid_Mouse"	"PGM5"
"M1"	"BioGrid_Mouse"	"FOXQ1"
"M1"	"BioGrid_Mouse"	"EHF"
"M1"	"BioGrid_Mouse"	"RYR2"
"M1"	"BioGrid_Mouse"	"HNF1B"
"M1"	"BioGrid_Mouse"	"CACNA1H"
"M1"	"BioGrid_Mouse"	"FOSB"
"M1"	"BioGrid_Mouse"	"RORC"
"M1"	"BioGrid_Mouse"	"FBXL16"
"M1"	"BioGrid_Mouse"	"USP44"
"M1"	"BioGrid_Mouse"	"NR4A3"
"M1"	"BioGrid_Mouse"	"ASIC1"
"M1"	"BioGrid_Mouse"	"HES6"
"M1"	"BioGrid_Mouse"	"SLIT3"
"M1"	"BioGrid_Fly"	"PSAT1"
"M1"	"BioGrid_Fly"	"HOMER2"
"M1"	"BioGrid_Fly"	"PBK"
"M1"	"BioGrid_Fly"	"TUBB2B"
"M1"	"BioGrid_Fly"	"BMPR1B"
"M1"	"BioGrid_Fly"	"BMP2"
"M1"	"BioGrid_Fly"	"CCNE1"
"M1"	"BioGrid_Fly"	"EPHX1"
"M1"	"BioGrid_Fly"	"HLF"
"M1"	"BioGrid_Fly"	"ABCC3"
"M1"	"BioGrid_Fly"	"RRM2"
"M1"	"BioGrid_Fly"	"NCAPH"
"M1"	"BioGrid_Fly"	"DPP4"
"M1"	"BioGrid_Fly"	"UBE2C"
"M1"	"BioGrid_Fly"	"NEGR1"
"M1"	"BioGrid_Fly"	"TUSC3"
"M1"	"BioGrid_Fly"	"RAD54L"
"M1"	"BioGrid_Fly"	"CDC20"
"M1"	"BioGrid_Fly"	"CDC45"
"M1"	"BioGrid_Fly"	"FGFR3"
"M1"	"BioGrid_Fly"	"PHGDH"
"M1"	"BioGrid_Fly"	"SEMA3A"
"M1"	"BioGrid_Fly"	"TFAP2A"
"M1"	"BioGrid_Fly"	"ASS1"
"M1"	"BioGrid_Fly"	"CTSV"
"M1"	"BioGrid_Fly"	"NRCAM"
"M1"	"BioGrid_Fly"	"GNAO1"
"M1"	"BioGrid_Fly"	"AHCYL2"
"M1"	"BioGrid_Fly"	"CDC6"
"M1"	"BioGrid_Fly"	"CRYM"
"M1"	"BioGrid_Fly"	"SHH"
"M1"	"BioGrid_Fly"	"HPGDS"
"M1"	"BioGrid_Fly"	"MELTF"
"M1"	"BioGrid_Fly"	"ROS1"
"M1"	"BioGrid_Fly"	"ALPL"
"M1"	"BioGrid_Fly"	"MFAP4"
"M1"	"BioGrid_Fly"	"KCNA3"
"M1"	"BioGrid_Fly"	"TPPP"
"M1"	"BioGrid_Fly"	"ADCY5"
"M1"	"BioGrid_Fly"	"MMP17"
"M1"	"BioGrid_Fly"	"PHYHD1"
"M1"	"BioGrid_Fly"	"KIFC1"
"M1"	"BioGrid_Fly"	"CLIC5"
"M1"	"BioGrid_Fly"	"PLCB4"
"M1"	"BioGrid_Fly"	"ELOVL6"
"M1"	"BioGrid_Fly"	"GOLGA7B"
"M1"	"MINT_Fly"	"PSAT1"
"M1"	"MINT_Fly"	"HOMER2"
"M1"	"MINT_Fly"	"PBK"
"M1"	"MINT_Fly"	"CCNE1"
"M1"	"MINT_Fly"	"TFAP2A"
"M1"	"MINT_Fly"	"AHCYL2"
"M1"	"MINT_Fly"	"MFAP4"
"M1"	"MINT_Fly"	"KCNA3"
"M1"	"MINT_Fly"	"TPPP"
"M1"	"MINT_Fly"	"DNAJC22"
"M1"	"MINT_Fly"	"IYD"
"M1"	"DIP_Mouse"	"ADRB2"
"M1"	"DIP_Mouse"	"HIST1H1C"
"M1"	"DIP_Mouse"	"FOS"
"M1"	"DIP_Mouse"	"AR"
"M1"	"DIP_Mouse"	"SCNN1B"
"M1"	"DIP_Mouse"	"RAB27B"
"M1"	"DIP_Mouse"	"CAV1"
"M1"	"DIP_Mouse"	"MLPH"
"M1"	"DIP_Mouse"	"SFTPD"
"M1"	"DIP_Mouse"	"BMPR1B"
"M1"	"DIP_Mouse"	"CCNE1"
"M1"	"DIP_Mouse"	"NFE2"
"M1"	"DIP_Mouse"	"CIART"
"M1"	"DIP_Mouse"	"EPHA2"
"M1"	"DIP_Mouse"	"KLF4"
"M1"	"DIP_Mouse"	"TOP2A"
"M1"	"DIP_Mouse"	"CEBPA"
"M1"	"DIP_Mouse"	"SEMA3A"
"M1"	"DIP_Mouse"	"EPHA4"
"M1"	"DIP_Mouse"	"CBX2"
"M1"	"DIP_Mouse"	"CDKN2B"
"M1"	"DIP_Mouse"	"TUBB3"
"M1"	"DIP_Mouse"	"KLC3"
"M1"	"DIP_Mouse"	"SHH"
"M1"	"DIP_Mouse"	"LRG1"
"M1"	"DIP_Mouse"	"ENPP1"
"M1"	"DIP_Mouse"	"RYR2"
"M1"	"DIP_Mouse"	"NECTIN3"
"M1"	"DIP_Mouse"	"PRDM16"
"M1"	"DIP_Mouse"	"RORC"
"M1"	"DIP_Mouse"	"RCOR2"
"M1"	"DIP_Mouse"	"CLDN18"
"M1"	"DIP_Mouse"	"BAIAP2L2"
"M1"	"DIP_Fly"	"PSAT1"
"M1"	"DIP_Fly"	"PBK"
"M1"	"DIP_Fly"	"BMP2"
"M1"	"DIP_Fly"	"CCNE1"
"M1"	"DIP_Fly"	"NCAPH"
"M1"	"DIP_Fly"	"NEGR1"
"M1"	"DIP_Fly"	"RAD54L"
"M1"	"DIP_Fly"	"CDC20"
"M1"	"DIP_Fly"	"PHGDH"
"M1"	"DIP_Fly"	"SEMA3A"
"M1"	"DIP_Fly"	"TFAP2A"
"M1"	"DIP_Fly"	"CTSV"
"M1"	"DIP_Fly"	"NRCAM"
"M1"	"DIP_Fly"	"GNAO1"
"M1"	"DIP_Fly"	"APOD"
"M1"	"DIP_Fly"	"WNT4"
"M1"	"DIP_Fly"	"MELTF"
"M1"	"DIP_Fly"	"ROBO2"
"M1"	"DIP_Fly"	"KCNA3"
"M1"	"DIP_Fly"	"TPPP"
"M1"	"DIP_Fly"	"NBEA"
"M1"	"DIP_Fly"	"KIFC1"
"M1"	"DIP_Fly"	"DNAJC22"
"M1"	"DIP_Fly"	"SDR16C5"
"M1"	"DIP_Fly"	"AQP4"
"M1"	"DIP_Fly"	"IYD"
"M1"	"DIP_Fly"	"ELOVL6"
"M1"	"MINT"	"LRRK2"
"M1"	"MINT"	"ADRB2"
"M1"	"MINT"	"PRKAA2"
"M1"	"MINT"	"FAM107A"
"M1"	"MINT"	"AQP1"
"M1"	"MINT"	"CREB3L1"
"M1"	"MINT"	"TMEM100"
"M1"	"MINT"	"SORBS2"
"M1"	"MINT"	"CEP55"
"M1"	"MINT"	"THRB"
"M1"	"MINT"	"TRIP13"
"M1"	"MINT"	"PBK"
"M1"	"MINT"	"MDFI"
"M1"	"MINT"	"CFTR"
"M1"	"MINT"	"FOS"
"M1"	"MINT"	"CBLC"
"M1"	"MINT"	"TNNT1"
"M1"	"MINT"	"AR"
"M1"	"MINT"	"EGR1"
"M1"	"MINT"	"CKB"
"M1"	"MINT"	"TUBB2B"
"M1"	"MINT"	"SULT2B1"
"M1"	"MINT"	"MAPK10"
"M1"	"MINT"	"BIRC5"
"M1"	"MINT"	"PTN"
"M1"	"MINT"	"CAV1"
"M1"	"MINT"	"MLPH"
"M1"	"MINT"	"S100A8"
"M1"	"MINT"	"BMPR1B"
"M1"	"MINT"	"APLP1"
"M1"	"MINT"	"GEM"
"M1"	"MINT"	"BMP2"
"M1"	"MINT"	"BMP4"
"M1"	"MINT"	"CCNE1"
"M1"	"MINT"	"FHL1"
"M1"	"MINT"	"FAM189A2"
"M1"	"MINT"	"CDKN2A"
"M1"	"MINT"	"MCM10"
"M1"	"MINT"	"CLSPN"
"M1"	"MINT"	"HP"
"M1"	"MINT"	"VIPR1"
"M1"	"MINT"	"PTK6"
"M1"	"MINT"	"AURKB"
"M1"	"MINT"	"KIT"
"M1"	"MINT"	"EPHA2"
"M1"	"MINT"	"MAPK8IP2"
"M1"	"MINT"	"PDE4D"
"M1"	"MINT"	"KLF4"
"M1"	"MINT"	"KHDRBS3"
"M1"	"MINT"	"SYT1"
"M1"	"MINT"	"CENPA"
"M1"	"MINT"	"NCAPH"
"M1"	"MINT"	"DPP4"
"M1"	"MINT"	"TNS4"
"M1"	"MINT"	"LTK"
"M1"	"MINT"	"WIF1"
"M1"	"MINT"	"BIK"
"M1"	"MINT"	"HSPB6"
"M1"	"MINT"	"RAP1GAP"
"M1"	"MINT"	"PITX1"
"M1"	"MINT"	"DNALI1"
"M1"	"MINT"	"CDC20"
"M1"	"MINT"	"FGFR3"
"M1"	"MINT"	"CDC25C"
"M1"	"MINT"	"NDC80"
"M1"	"MINT"	"BUB1B"
"M1"	"MINT"	"NEK2"
"M1"	"MINT"	"SKA1"
"M1"	"MINT"	"PKP2"
"M1"	"MINT"	"TFAP2A"
"M1"	"MINT"	"SLC2A1"
"M1"	"MINT"	"LRP2"
"M1"	"MINT"	"DUSP1"
"M1"	"MINT"	"TPX2"
"M1"	"MINT"	"CIT"
"M1"	"MINT"	"FGFR2"
"M1"	"MINT"	"S100A14"
"M1"	"MINT"	"SCAND1"
"M1"	"MINT"	"CDC25A"
"M1"	"MINT"	"ORC1"
"M1"	"MINT"	"RND1"
"M1"	"MINT"	"CBX2"
"M1"	"MINT"	"NR4A1"
"M1"	"MINT"	"PPFIA4"
"M1"	"MINT"	"QPRT"
"M1"	"MINT"	"GPRIN2"
"M1"	"MINT"	"FOSL1"
"M1"	"MINT"	"COL7A1"
"M1"	"MINT"	"IL6"
"M1"	"MINT"	"ATF3"
"M1"	"MINT"	"CELSR3"
"M1"	"MINT"	"TUBB3"
"M1"	"MINT"	"PEG10"
"M1"	"MINT"	"OTX1"
"M1"	"MINT"	"GNAO1"
"M1"	"MINT"	"PFN2"
"M1"	"MINT"	"SGCA"
"M1"	"MINT"	"PPP1R3C"
"M1"	"MINT"	"APOD"
"M1"	"MINT"	"AQP5"
"M1"	"MINT"	"MALL"
"M1"	"MINT"	"FXYD3"
"M1"	"MINT"	"ACSL5"
"M1"	"MINT"	"CDC6"
"M1"	"MINT"	"CDCA5"
"M1"	"MINT"	"GABBR1"
"M1"	"MINT"	"BMP3"
"M1"	"MINT"	"ALDH1A1"
"M1"	"MINT"	"MYBL2"
"M1"	"MINT"	"CSF3R"
"M1"	"MINT"	"RASGRF1"
"M1"	"MINT"	"ROS1"
"M1"	"MINT"	"HIST2H2BE"
"M1"	"MINT"	"STC2"
"M1"	"MINT"	"ALPL"
"M1"	"MINT"	"SERPINA1"
"M1"	"MINT"	"ELF5"
"M1"	"MINT"	"SELENBP1"
"M1"	"MINT"	"AGR3"
"M1"	"MINT"	"KCNA3"
"M1"	"MINT"	"CLDN2"
"M1"	"MINT"	"TPPP"
"M1"	"MINT"	"DNAJC6"
"M1"	"MINT"	"TTK"
"M1"	"MINT"	"AGR2"
"M1"	"MINT"	"CAVIN2"
"M1"	"MINT"	"NCKAP5"
"M1"	"MINT"	"GRIN2D"
"M1"	"MINT"	"MKI67"
"M1"	"MINT"	"NBEA"
"M1"	"MINT"	"MUC1"
"M1"	"MINT"	"DOK6"
"M1"	"MINT"	"SHC3"
"M1"	"MINT"	"PAEP"
"M1"	"MINT"	"CTSE"
"M1"	"MINT"	"CPE"
"M1"	"MINT"	"CA2"
"M1"	"MINT"	"AGER"
"M1"	"MINT"	"PMAIP1"
"M1"	"MINT"	"RAC3"
"M1"	"MINT"	"PEBP4"
"M1"	"MINT"	"FST"
"M1"	"MINT"	"S100B"
"M1"	"MINT"	"EYA2"
"M1"	"MINT"	"SCEL"
"M1"	"MINT"	"LPL"
"M1"	"MINT"	"AK4"
"M1"	"MINT"	"EDN1"
"M1"	"MINT"	"TROAP"
"M1"	"MINT"	"ASAP2"
"M1"	"MINT"	"CDKN3"
"M1"	"MINT"	"HJURP"
"M1"	"MINT"	"PTPN13"
"M1"	"MINT"	"EPHB6"
"M1"	"MINT"	"IL33"
"M1"	"MINT"	"TRIM17"
"M1"	"MINT"	"TCF21"
"M1"	"MINT"	"ID4"
"M1"	"MINT"	"TNXB"
"M1"	"MINT"	"KCNK3"
"M1"	"MINT"	"PTPRN2"
"M1"	"MINT"	"WFDC2"
"M1"	"MINT"	"EVA1A"
"M1"	"MINT"	"PHACTR3"
"M1"	"MINT"	"PLA2G16"
"M1"	"MINT"	"SEPT3"
"M1"	"MINT"	"SCNN1G"
"M1"	"MINT"	"LAMP3"
"M1"	"MINT"	"PPP1R1B"
"M1"	"MINT"	"NTNG2"
"M1"	"MINT"	"NME5"
"M1"	"MINT"	"ARSE"
"M1"	"MINT"	"SLC35G2"
"M1"	"MINT"	"PDZK1IP1"
"M1"	"MINT"	"CYP2S1"
"M1"	"MINT"	"MYO15B"
"M1"	"MINT"	"LRRC4"
"M1"	"MINT"	"PTPRH"
"M1"	"VidalHuman_core"	"FAM107A"
"M1"	"VidalHuman_core"	"AQP1"
"M1"	"VidalHuman_core"	"TRIP13"
"M1"	"VidalHuman_core"	"MDFI"
"M1"	"VidalHuman_core"	"TNNT1"
"M1"	"VidalHuman_core"	"GEM"
"M1"	"VidalHuman_core"	"FAM189A2"
"M1"	"VidalHuman_core"	"KHDRBS3"
"M1"	"VidalHuman_core"	"PITX1"
"M1"	"VidalHuman_core"	"NDC80"
"M1"	"VidalHuman_core"	"KRT6A"
"M1"	"VidalHuman_core"	"SCAND1"
"M1"	"VidalHuman_core"	"CDC25A"
"M1"	"VidalHuman_core"	"ASS1"
"M1"	"VidalHuman_core"	"QPRT"
"M1"	"VidalHuman_core"	"CDKN2B"
"M1"	"VidalHuman_core"	"GPRIN2"
"M1"	"VidalHuman_core"	"FOSL1"
"M1"	"VidalHuman_core"	"LMO3"
"M1"	"VidalHuman_core"	"OTX1"
"M1"	"VidalHuman_core"	"AQP5"
"M1"	"VidalHuman_core"	"MALL"
"M1"	"VidalHuman_core"	"ALDH1A1"
"M1"	"VidalHuman_core"	"ELF5"
"M1"	"VidalHuman_core"	"SELENBP1"
"M1"	"VidalHuman_core"	"AGT"
"M1"	"VidalHuman_core"	"CLDN2"
"M1"	"VidalHuman_core"	"CAVIN2"
"M1"	"VidalHuman_core"	"EYA2"
"M1"	"VidalHuman_core"	"CEACAM5"
"M1"	"VidalHuman_core"	"TRIM17"
"M1"	"VidalHuman_core"	"PLA2G16"
"M1"	"VidalHuman_core"	"NME5"
"M1"	"MINT_Mouse"	"ADRB2"
"M1"	"MINT_Mouse"	"THRB"
"M1"	"MINT_Mouse"	"TRIP13"
"M1"	"MINT_Mouse"	"CFTR"
"M1"	"MINT_Mouse"	"CAV1"
"M1"	"MINT_Mouse"	"BMPR1B"
"M1"	"MINT_Mouse"	"GEM"
"M1"	"MINT_Mouse"	"CCNE1"
"M1"	"MINT_Mouse"	"PIP5K1B"
"M1"	"MINT_Mouse"	"DES"
"M1"	"MINT_Mouse"	"SYT1"
"M1"	"MINT_Mouse"	"CDA"
"M1"	"MINT_Mouse"	"CADM1"
"M1"	"MINT_Mouse"	"CEBPA"
"M1"	"MINT_Mouse"	"EPHA4"
"M1"	"MINT_Mouse"	"COL7A1"
"M1"	"MINT_Mouse"	"NRCAM"
"M1"	"MINT_Mouse"	"LOXL4"
"M1"	"MINT_Mouse"	"PFN2"
"M1"	"MINT_Mouse"	"GABBR1"
"M1"	"MINT_Mouse"	"RASGRF1"
"M1"	"MINT_Mouse"	"SLC1A1"
"M1"	"MINT_Mouse"	"CLDN2"
"M1"	"MINT_Mouse"	"CHL1"
"M1"	"MINT_Mouse"	"PTPN13"
"M1"	"MINT_Mouse"	"TCF21"
"M1"	"MINT_Mouse"	"PTPRN2"
"M1"	"DIP"	"LRRK2"
"M1"	"DIP"	"AQP1"
"M1"	"DIP"	"CEP55"
"M1"	"DIP"	"KCNK1"
"M1"	"DIP"	"THRB"
"M1"	"DIP"	"CFTR"
"M1"	"DIP"	"FOS"
"M1"	"DIP"	"AR"
"M1"	"DIP"	"DSP"
"M1"	"DIP"	"NCAM2"
"M1"	"DIP"	"DLC1"
"M1"	"DIP"	"MAPK10"
"M1"	"DIP"	"PTN"
"M1"	"DIP"	"CAV1"
"M1"	"DIP"	"NKD1"
"M1"	"DIP"	"APLP1"
"M1"	"DIP"	"BMP2"
"M1"	"DIP"	"BMP4"
"M1"	"DIP"	"CCNE1"
"M1"	"DIP"	"CDKN2A"
"M1"	"DIP"	"PTK6"
"M1"	"DIP"	"CA9"
"M1"	"DIP"	"AURKB"
"M1"	"DIP"	"RRM2"
"M1"	"DIP"	"KIT"
"M1"	"DIP"	"EPHA2"
"M1"	"DIP"	"PDE4D"
"M1"	"DIP"	"KLF4"
"M1"	"DIP"	"GPR37"
"M1"	"DIP"	"CADM1"
"M1"	"DIP"	"CENPA"
"M1"	"DIP"	"NCAPH"
"M1"	"DIP"	"TOP2A"
"M1"	"DIP"	"CDC20"
"M1"	"DIP"	"EPHA3"
"M1"	"DIP"	"CDC45"
"M1"	"DIP"	"FGFR3"
"M1"	"DIP"	"CDC25C"
"M1"	"DIP"	"BUB1B"
"M1"	"DIP"	"SLC2A1"
"M1"	"DIP"	"TPX2"
"M1"	"DIP"	"FGFR2"
"M1"	"DIP"	"EPHA4"
"M1"	"DIP"	"HMMR"
"M1"	"DIP"	"CDC25A"
"M1"	"DIP"	"ORC1"
"M1"	"DIP"	"CBX2"
"M1"	"DIP"	"NR4A1"
"M1"	"DIP"	"CXCL8"
"M1"	"DIP"	"ASS1"
"M1"	"DIP"	"FOSL1"
"M1"	"DIP"	"MAP2K6"
"M1"	"DIP"	"SPTLC3"
"M1"	"DIP"	"IL6"
"M1"	"DIP"	"ATF3"
"M1"	"DIP"	"LMO3"
"M1"	"DIP"	"KCNQ1"
"M1"	"DIP"	"AQP5"
"M1"	"DIP"	"CDC6"
"M1"	"DIP"	"ESPL1"
"M1"	"DIP"	"SGO1"
"M1"	"DIP"	"CDCA5"
"M1"	"DIP"	"UBE2T"
"M1"	"DIP"	"CSF3R"
"M1"	"DIP"	"SERPINA1"
"M1"	"DIP"	"SMPD3"
"M1"	"DIP"	"AGR2"
"M1"	"DIP"	"TNFSF15"
"M1"	"DIP"	"CAVIN2"
"M1"	"DIP"	"MKI67"
"M1"	"DIP"	"HBB"
"M1"	"DIP"	"SLC4A4"
"M1"	"DIP"	"GIPR"
"M1"	"DIP"	"CXCL5"
"M1"	"DIP"	"CCL22"
"M1"	"DIP"	"LRG1"
"M1"	"DIP"	"ITGB6"
"M1"	"DIP"	"ETV4"
"M1"	"DIP"	"PIMREG"
"M1"	"DIP"	"HJURP"
"M1"	"DIP"	"PTPN13"
"M1"	"DIP"	"IL33"
"M1"	"DIP"	"CCL20"
"M1"	"DIP"	"NECTIN3"
"M1"	"DIP"	"EXO1"
"M1"	"DIP"	"FOSB"
"M1"	"DIP"	"RORC"
"M1"	"DIP"	"HUNK"
"M1"	"DIP"	"CRLF1"
"M1"	"DIP"	"CX3CL1"
"M1"	"DIP"	"AQP4"
"M1"	"DIP"	"HIST3H2A"
"M1"	"DIP"	"CLDN18"
"M1"	"DIP"	"TNFRSF18"
"M1"	"DIP"	"HHIP"
"M1"	"DIP"	"MYRF"
"M1"	"MGI"	"HIST1H1C"
"M1"	"MGI"	"AR"
"M1"	"MGI"	"CDH15"
"M1"	"MGI"	"CAV1"
"M1"	"MGI"	"MLPH"
"M1"	"MGI"	"APLP1"
"M1"	"MGI"	"BMP2"
"M1"	"MGI"	"BMP4"
"M1"	"MGI"	"SOX6"
"M1"	"MGI"	"KIT"
"M1"	"MGI"	"ACKR2"
"M1"	"MGI"	"CEBPA"
"M1"	"MGI"	"CDC25C"
"M1"	"MGI"	"TFAP2A"
"M1"	"MGI"	"LRP2"
"M1"	"MGI"	"ZP3"
"M1"	"MGI"	"OTX1"
"M1"	"MGI"	"WNT4"
"M1"	"MGI"	"SHH"
"M1"	"MGI"	"WNT7B"
"M1"	"MGI"	"NKX2-1"
"M1"	"MGI"	"ICAM5"
"M1"	"MGI"	"BMP5"
"M1"	"MGI"	"SCGB3A2"
"M1"	"BIND"	"ADRB2"
"M1"	"BIND"	"CREB3L1"
"M1"	"BIND"	"SORBS2"
"M1"	"BIND"	"KCNK1"
"M1"	"BIND"	"THRB"
"M1"	"BIND"	"PBK"
"M1"	"BIND"	"CFTR"
"M1"	"BIND"	"FOS"
"M1"	"BIND"	"AR"
"M1"	"BIND"	"EGR1"
"M1"	"BIND"	"DSP"
"M1"	"BIND"	"CLU"
"M1"	"BIND"	"PIGR"
"M1"	"BIND"	"NR3C2"
"M1"	"BIND"	"MAPK10"
"M1"	"BIND"	"BIRC5"
"M1"	"BIND"	"C3"
"M1"	"BIND"	"PTN"
"M1"	"BIND"	"RAB27B"
"M1"	"BIND"	"CAV1"
"M1"	"BIND"	"S100A8"
"M1"	"BIND"	"SFTPD"
"M1"	"BIND"	"BMPR1B"
"M1"	"BIND"	"APLP1"
"M1"	"BIND"	"BMP2"
"M1"	"BIND"	"BMP4"
"M1"	"BIND"	"CCNE1"
"M1"	"BIND"	"NFE2"
"M1"	"BIND"	"FHL1"
"M1"	"BIND"	"CDKN2A"
"M1"	"BIND"	"HLF"
"M1"	"BIND"	"PTK6"
"M1"	"BIND"	"KIT"
"M1"	"BIND"	"PDE4D"
"M1"	"BIND"	"CDA"
"M1"	"BIND"	"ELN"
"M1"	"BIND"	"DPP4"
"M1"	"BIND"	"UBE2C"
"M1"	"BIND"	"BIK"
"M1"	"BIND"	"RAP1GAP"
"M1"	"BIND"	"CEBPA"
"M1"	"BIND"	"CDC45"
"M1"	"BIND"	"FGFR3"
"M1"	"BIND"	"ARNT2"
"M1"	"BIND"	"NEK2"
"M1"	"BIND"	"SLC2A1"
"M1"	"BIND"	"FGFR2"
"M1"	"BIND"	"PTTG1"
"M1"	"BIND"	"CXCL8"
"M1"	"BIND"	"FOSL1"
"M1"	"BIND"	"COL7A1"
"M1"	"BIND"	"MAP2K6"
"M1"	"BIND"	"IL6"
"M1"	"BIND"	"ATF3"
"M1"	"BIND"	"CA12"
"M1"	"BIND"	"CELSR3"
"M1"	"BIND"	"NRCAM"
"M1"	"BIND"	"PFN2"
"M1"	"BIND"	"CDC6"
"M1"	"BIND"	"ESPL1"
"M1"	"BIND"	"HPGDS"
"M1"	"BIND"	"HIST2H2BE"
"M1"	"BIND"	"CXCL2"
"M1"	"BIND"	"SERPINA1"
"M1"	"BIND"	"KCND3"
"M1"	"BIND"	"BNIPL"
"M1"	"BIND"	"EDA"
"M1"	"BIND"	"CARD14"
"M1"	"BIND"	"ADH1B"
"M1"	"BIND"	"ADH1C"
"M1"	"BIND"	"NKX2-1"
"M1"	"BIND"	"MKI67"
"M1"	"BIND"	"SHC3"
"M1"	"BIND"	"HBB"
"M1"	"BIND"	"MMP12"
"M1"	"BIND"	"C5"
"M1"	"BIND"	"PDZD2"
"M1"	"BIND"	"PMAIP1"
"M1"	"BIND"	"PEBP4"
"M1"	"BIND"	"FST"
"M1"	"BIND"	"S100B"
"M1"	"BIND"	"ADRA2A"
"M1"	"BIND"	"GSTA1"
"M1"	"BIND"	"TFPI"
"M1"	"BIND"	"ASAP2"
"M1"	"BIND"	"RNASE1"
"M1"	"BIND"	"EPHB6"
"M1"	"BIND"	"TPSAB1"
"M1"	"BIND"	"TCF21"
"M1"	"BIND"	"EXO1"
"M1"	"BIND"	"CACNA1H"
"M1"	"BIND"	"FOSB"
"M1"	"BIND"	"KCNK3"
"M1"	"BIND"	"PTPRN2"
"M1"	"BIND"	"MAOB"
"M1"	"BIND"	"IRX2"
"M1"	"BIND"	"PDE4C"
"M1"	"BIND"	"CX3CL1"
"M1"	"BIND"	"MECOM"
"M1"	"BIND"	"GGH"
"M1"	"INNATEDB_Mouse"	"AQP1"
"M1"	"INNATEDB_Mouse"	"MDFI"
"M1"	"INNATEDB_Mouse"	"FOS"
"M1"	"INNATEDB_Mouse"	"AR"
"M1"	"INNATEDB_Mouse"	"EGR1"
"M1"	"INNATEDB_Mouse"	"C3"
"M1"	"INNATEDB_Mouse"	"CAV1"
"M1"	"INNATEDB_Mouse"	"S100A8"
"M1"	"INNATEDB_Mouse"	"GEM"
"M1"	"INNATEDB_Mouse"	"CCNE1"
"M1"	"INNATEDB_Mouse"	"CLSPN"
"M1"	"INNATEDB_Mouse"	"HP"
"M1"	"INNATEDB_Mouse"	"KIT"
"M1"	"INNATEDB_Mouse"	"TNFRSF19"
"M1"	"INNATEDB_Mouse"	"MAPK8IP2"
"M1"	"INNATEDB_Mouse"	"KLF4"
"M1"	"INNATEDB_Mouse"	"ACKR2"
"M1"	"INNATEDB_Mouse"	"PITX1"
"M1"	"INNATEDB_Mouse"	"CEBPA"
"M1"	"INNATEDB_Mouse"	"PHGDH"
"M1"	"INNATEDB_Mouse"	"DUSP1"
"M1"	"INNATEDB_Mouse"	"EPHA4"
"M1"	"INNATEDB_Mouse"	"EGLN3"
"M1"	"INNATEDB_Mouse"	"ASS1"
"M1"	"INNATEDB_Mouse"	"CDKN2B"
"M1"	"INNATEDB_Mouse"	"CXCL3"
"M1"	"INNATEDB_Mouse"	"IL6"
"M1"	"INNATEDB_Mouse"	"KYNU"
"M1"	"INNATEDB_Mouse"	"ZBTB7C"
"M1"	"INNATEDB_Mouse"	"ATF3"
"M1"	"INNATEDB_Mouse"	"MS4A2"
"M1"	"INNATEDB_Mouse"	"PTGDS"
"M1"	"INNATEDB_Mouse"	"CSF3R"
"M1"	"INNATEDB_Mouse"	"SHH"
"M1"	"INNATEDB_Mouse"	"CXCL2"
"M1"	"INNATEDB_Mouse"	"ALPL"
"M1"	"INNATEDB_Mouse"	"SOX9"
"M1"	"INNATEDB_Mouse"	"CPA3"
"M1"	"INNATEDB_Mouse"	"MMP12"
"M1"	"INNATEDB_Mouse"	"AGER"
"M1"	"INNATEDB_Mouse"	"CDCA7"
"M1"	"INNATEDB_Mouse"	"ASAP2"
"M1"	"INNATEDB_Mouse"	"IL33"
"M1"	"INNATEDB_Mouse"	"ANGPT1"
"M1"	"INNATEDB_Mouse"	"ACKR1"
"M1"	"INNATEDB_Mouse"	"FADS2"
"M1"	"INNATEDB_Mouse"	"SLC7A8"
"M1"	"INNATEDB_Mouse"	"PRDM16"
"M1"	"INNATEDB_Mouse"	"RORC"
"M1"	"INNATEDB_Mouse"	"ARG2"
"M1"	"INNATEDB_Mouse"	"STEAP4"
"M1"	"INNATEDB_Mouse"	"NAPSA"
"M1"	"INNATEDB_Mouse"	"IRX3"
"M1"	"INNATEDB_Mouse"	"FREM2"
"M1"	"INNATEDB_Mouse"	"PLD4"
"M1"	"WranaLow"	"BMPR1B"
"M1"	"WranaMedium"	"BMPR1B"
"M1"	"Miller_WntLumier"	"NKD1"
"M1"	"BIND_Mouse"	"PRKAA2"
"M1"	"BIND_Mouse"	"HOMER2"
"M1"	"BIND_Mouse"	"TRIP13"
"M1"	"BIND_Mouse"	"CFTR"
"M1"	"BIND_Mouse"	"FOS"
"M1"	"BIND_Mouse"	"EGR1"
"M1"	"BIND_Mouse"	"CLU"
"M1"	"BIND_Mouse"	"MAPK10"
"M1"	"BIND_Mouse"	"MLPH"
"M1"	"BIND_Mouse"	"S100A8"
"M1"	"BIND_Mouse"	"BMPR1B"
"M1"	"BIND_Mouse"	"BMP2"
"M1"	"BIND_Mouse"	"BMP4"
"M1"	"BIND_Mouse"	"CCNE1"
"M1"	"BIND_Mouse"	"KIT"
"M1"	"BIND_Mouse"	"CDA"
"M1"	"BIND_Mouse"	"CEBPA"
"M1"	"BIND_Mouse"	"EPHA3"
"M1"	"BIND_Mouse"	"CDC45"
"M1"	"BIND_Mouse"	"ARNT2"
"M1"	"BIND_Mouse"	"TFAP2A"
"M1"	"BIND_Mouse"	"ORC1"
"M1"	"BIND_Mouse"	"RND1"
"M1"	"BIND_Mouse"	"NR4A1"
"M1"	"BIND_Mouse"	"CXCL3"
"M1"	"BIND_Mouse"	"GNAO1"
"M1"	"BIND_Mouse"	"SGCA"
"M1"	"BIND_Mouse"	"CDC6"
"M1"	"BIND_Mouse"	"PAX9"
"M1"	"BIND_Mouse"	"TRPC6"
"M1"	"BIND_Mouse"	"WNT4"
"M1"	"BIND_Mouse"	"SEMA6D"
"M1"	"BIND_Mouse"	"SHC3"
"M1"	"BIND_Mouse"	"CPE"
"M1"	"BIND_Mouse"	"FST"
"M1"	"BIND_Mouse"	"TCF21"
"M1"	"BIND_Mouse"	"IRX2"
"M1"	"BIND_Mouse"	"RCOR2"
"M1"	"BIND_Mouse"	"FREM2"
"M1"	"BIND_Mouse"	"FRAS1"
"M1"	"BCI"	"ADRB2"
"M1"	"BCI"	"AQP1"
"M1"	"BCI"	"HOMER2"
"M1"	"BCI"	"HIST1H1C"
"M1"	"BCI"	"TRIP13"
"M1"	"BCI"	"MAOA"
"M1"	"BCI"	"FOS"
"M1"	"BCI"	"TNNT1"
"M1"	"BCI"	"EGR1"
"M1"	"BCI"	"DSP"
"M1"	"BCI"	"CLU"
"M1"	"BCI"	"PIGR"
"M1"	"BCI"	"NR3C2"
"M1"	"BCI"	"MAPK10"
"M1"	"BCI"	"BIRC5"
"M1"	"BCI"	"CDH15"
"M1"	"BCI"	"CAV1"
"M1"	"BCI"	"S100A8"
"M1"	"BCI"	"APLP1"
"M1"	"BCI"	"CCNE1"
"M1"	"BCI"	"FHL1"
"M1"	"BCI"	"CDKN2A"
"M1"	"BCI"	"DES"
"M1"	"BCI"	"RRM2"
"M1"	"BCI"	"EPHA2"
"M1"	"BCI"	"CENPA"
"M1"	"BCI"	"ACKR2"
"M1"	"BCI"	"ELN"
"M1"	"BCI"	"LTK"
"M1"	"BCI"	"TOP2A"
"M1"	"BCI"	"BIK"
"M1"	"BCI"	"CEBPA"
"M1"	"BCI"	"CDC20"
"M1"	"BCI"	"CDC45"
"M1"	"BCI"	"CDC25C"
"M1"	"BCI"	"NDC80"
"M1"	"BCI"	"BUB1B"
"M1"	"BCI"	"SLC2A1"
"M1"	"BCI"	"DUSP1"
"M1"	"BCI"	"AQP3"
"M1"	"BCI"	"MYH11"
"M1"	"BCI"	"HMMR"
"M1"	"BCI"	"PTTG1"
"M1"	"BCI"	"CDC25A"
"M1"	"BCI"	"ORC1"
"M1"	"BCI"	"NR4A1"
"M1"	"BCI"	"CXCL8"
"M1"	"BCI"	"ASS1"
"M1"	"BCI"	"COL7A1"
"M1"	"BCI"	"MAP2K6"
"M1"	"BCI"	"IL6"
"M1"	"BCI"	"ATF3"
"M1"	"BCI"	"PTGDS"
"M1"	"BCI"	"CELSR3"
"M1"	"BCI"	"KCNQ1"
"M1"	"BCI"	"PFN2"
"M1"	"BCI"	"HSF4"
"M1"	"BCI"	"APOD"
"M1"	"BCI"	"CDC6"
"M1"	"BCI"	"NR4A2"
"M1"	"BCI"	"PAX9"
"M1"	"BCI"	"GABBR1"
"M1"	"BCI"	"MYBL2"
"M1"	"BCI"	"MDK"
"M1"	"BCI"	"CSF3R"
"M1"	"BCI"	"RASGRF1"
"M1"	"BCI"	"HIST2H2BE"
"M1"	"BCI"	"CXCL2"
"M1"	"BCI"	"SOX9"
"M1"	"BCI"	"MELK"
"M1"	"BCI"	"TTK"
"M1"	"BCI"	"EDA"
"M1"	"BCI"	"FOLR1"
"M1"	"BCI"	"SERPINF2"
"M1"	"BCI"	"NKX2-1"
"M1"	"BCI"	"MKI67"
"M1"	"BCI"	"MUC1"
"M1"	"BCI"	"CFD"
"M1"	"BCI"	"C7"
"M1"	"BCI"	"MMP12"
"M1"	"BCI"	"PAEP"
"M1"	"BCI"	"F12"
"M1"	"BCI"	"ACHE"
"M1"	"BCI"	"CCL22"
"M1"	"BCI"	"CA2"
"M1"	"BCI"	"AGER"
"M1"	"BCI"	"COL4A3"
"M1"	"BCI"	"CTSH"
"M1"	"BCI"	"RAC3"
"M1"	"BCI"	"CNR1"
"M1"	"BCI"	"CACNA1D"
"M1"	"BCI"	"LPL"
"M1"	"BCI"	"GJB1"
"M1"	"BCI"	"TFPI"
"M1"	"BCI"	"NRGN"
"M1"	"BCI"	"FOXM1"
"M1"	"BCI"	"CDKN3"
"M1"	"BCI"	"RNASE1"
"M1"	"BCI"	"PTPN13"
"M1"	"BCI"	"EPHB6"
"M1"	"BCI"	"ADM"
"M1"	"BCI"	"ANGPT1"
"M1"	"BCI"	"ACKR1"
"M1"	"BCI"	"SPINK1"
"M1"	"BCI"	"CENPF"
"M1"	"BCI"	"FOSB"
"M1"	"BCI"	"KCNK3"
"M1"	"BCI"	"CX3CR1"
"M1"	"BCI"	"GFRA3"
"M1"	"BioGrid_Yeast"	"PSAT1"
"M1"	"BioGrid_Yeast"	"PRKAA2"
"M1"	"BioGrid_Yeast"	"TRIP13"
"M1"	"BioGrid_Yeast"	"ABCC3"
"M1"	"BioGrid_Yeast"	"AURKB"
"M1"	"BioGrid_Yeast"	"RRM2"
"M1"	"BioGrid_Yeast"	"PABPC1L"
"M1"	"BioGrid_Yeast"	"CDA"
"M1"	"BioGrid_Yeast"	"DPP4"
"M1"	"BioGrid_Yeast"	"GCLC"
"M1"	"BioGrid_Yeast"	"UBE2C"
"M1"	"BioGrid_Yeast"	"TUSC3"
"M1"	"BioGrid_Yeast"	"ATP8A2"
"M1"	"BioGrid_Yeast"	"RAD54L"
"M1"	"BioGrid_Yeast"	"CDC20"
"M1"	"BioGrid_Yeast"	"CDC45"
"M1"	"BioGrid_Yeast"	"CAMK1D"
"M1"	"BioGrid_Yeast"	"QPRT"
"M1"	"BioGrid_Yeast"	"KYNU"
"M1"	"BioGrid_Yeast"	"SLC4A4"
"M1"	"IntAct_Yeast"	"PSAT1"
"M1"	"IntAct_Yeast"	"PRKAA2"
"M1"	"IntAct_Yeast"	"ABCC3"
"M1"	"IntAct_Yeast"	"AURKB"
"M1"	"IntAct_Yeast"	"RRM2"
"M1"	"IntAct_Yeast"	"PABPC1L"
"M1"	"IntAct_Yeast"	"CDA"
"M1"	"IntAct_Yeast"	"GCLC"
"M1"	"IntAct_Yeast"	"TUSC3"
"M1"	"IntAct_Yeast"	"ATP8A2"
"M1"	"IntAct_Yeast"	"RAD54L"
"M1"	"IntAct_Yeast"	"CDC20"
"M1"	"IntAct_Yeast"	"CDC45"
"M1"	"IntAct_Yeast"	"AQP3"
"M1"	"IntAct_Yeast"	"CAMK1D"
"M1"	"IntAct_Yeast"	"ASS1"
"M1"	"IntAct_Yeast"	"QPRT"
"M1"	"IntAct_Yeast"	"KYNU"
"M1"	"IntAct_Yeast"	"CPA3"
"M1"	"IntAct_Yeast"	"SLC47A1"
"M1"	"MINT_Yeast"	"PRKAA2"
"M1"	"MINT_Yeast"	"AURKB"
"M1"	"MINT_Yeast"	"RRM2"
"M1"	"MINT_Yeast"	"PABPC1L"
"M1"	"MINT_Yeast"	"CDA"
"M1"	"MINT_Yeast"	"ATP8A2"
"M1"	"MINT_Yeast"	"RAD54L"
"M1"	"MINT_Yeast"	"CDC20"
"M1"	"MINT_Yeast"	"CDC45"
"M1"	"MINT_Yeast"	"QPRT"
"M1"	"DIP_Yeast"	"PSAT1"
"M1"	"DIP_Yeast"	"PRKAA2"
"M1"	"DIP_Yeast"	"RRM2"
"M1"	"DIP_Yeast"	"PABPC1L"
"M1"	"DIP_Yeast"	"CDA"
"M1"	"DIP_Yeast"	"TUSC3"
"M1"	"DIP_Yeast"	"RAD54L"
"M1"	"DIP_Yeast"	"CDC20"
"M1"	"DIP_Yeast"	"CDC45"
"M1"	"DIP_Yeast"	"ASS1"
"M1"	"DIP_Yeast"	"QPRT"
"M1"	"BioGrid_Rat"	"ADRB2"
"M1"	"BioGrid_Rat"	"PRKAA2"
"M1"	"BioGrid_Rat"	"CREB3L1"
"M1"	"BioGrid_Rat"	"SORBS2"
"M1"	"BioGrid_Rat"	"HOMER2"
"M1"	"BioGrid_Rat"	"CAV1"
"M1"	"BioGrid_Rat"	"F2RL1"
"M1"	"BioGrid_Rat"	"CCNE1"
"M1"	"BioGrid_Rat"	"PDE4D"
"M1"	"BioGrid_Rat"	"KLF4"
"M1"	"BioGrid_Rat"	"KHDRBS3"
"M1"	"BioGrid_Rat"	"GCLC"
"M1"	"BioGrid_Rat"	"TNNC1"
"M1"	"BioGrid_Rat"	"HSPB6"
"M1"	"BioGrid_Rat"	"CEBPA"
"M1"	"BioGrid_Rat"	"CDC20"
"M1"	"BioGrid_Rat"	"FBXO2"
"M1"	"BioGrid_Rat"	"SLC2A1"
"M1"	"BioGrid_Rat"	"SDK2"
"M1"	"BioGrid_Rat"	"MS4A2"
"M1"	"BioGrid_Rat"	"KCNQ1"
"M1"	"BioGrid_Rat"	"GNAO1"
"M1"	"BioGrid_Rat"	"APOD"
"M1"	"BioGrid_Rat"	"GABBR1"
"M1"	"BioGrid_Rat"	"MDK"
"M1"	"BioGrid_Rat"	"KCNA3"
"M1"	"BioGrid_Rat"	"S100B"
"M1"	"BioGrid_Rat"	"CNR1"
"M1"	"BioGrid_Rat"	"SCNN1G"
"M1"	"BIND_Rat"	"ADRB2"
"M1"	"BIND_Rat"	"SORBS2"
"M1"	"BIND_Rat"	"AR"
"M1"	"BIND_Rat"	"CKB"
"M1"	"BIND_Rat"	"C3"
"M1"	"BIND_Rat"	"PDE4D"
"M1"	"BIND_Rat"	"SYT1"
"M1"	"BIND_Rat"	"HSPB6"
"M1"	"BIND_Rat"	"CEBPA"
"M1"	"BIND_Rat"	"SV2A"
"M1"	"BIND_Rat"	"HPGDS"
"M1"	"BIND_Rat"	"ROS1"
"M1"	"BIND_Rat"	"KCND3"
"M1"	"BIND_Rat"	"S100B"
"M1"	"BIND_Rat"	"ADRA2A"
"M1"	"BIND_Rat"	"GSTA1"
"M1"	"BIND_Rat"	"SDS"
"M1"	"BIND_Rat"	"MAOB"
"M1"	"BIND_Rat"	"CLIC6"
"M1"	"BIND_Fly"	"PSAT1"
"M1"	"BIND_Fly"	"PBK"
"M1"	"BIND_Fly"	"NCAPH"
"M1"	"BIND_Fly"	"WIF1"
"M1"	"BIND_Fly"	"NEGR1"
"M1"	"BIND_Fly"	"RAD54L"
"M1"	"BIND_Fly"	"CDC45"
"M1"	"BIND_Fly"	"FGFR3"
"M1"	"BIND_Fly"	"SEMA3A"
"M1"	"BIND_Fly"	"FGFR2"
"M1"	"BIND_Fly"	"ASS1"
"M1"	"BIND_Fly"	"GNAO1"
"M1"	"BIND_Fly"	"CDC6"
"M1"	"BIND_Fly"	"HPGDS"
"M1"	"BIND_Fly"	"MELTF"
"M1"	"BIND_Fly"	"KCNA3"
"M1"	"BIND_Fly"	"TPPP"
"M1"	"BIND_Fly"	"PHYHD1"
"M1"	"BIND_Fly"	"KIFC1"
"M1"	"FlyHigh"	"PSAT1"
"M1"	"FlyHigh"	"NEGR1"
"M1"	"FlyHigh"	"ASS1"
"M1"	"FlyHigh"	"GNAO1"
"M1"	"FlyHigh"	"PHYHD1"
"M1"	"IntAct_Fly"	"PSAT1"
"M1"	"IntAct_Fly"	"HOMER2"
"M1"	"IntAct_Fly"	"CCNE1"
"M1"	"IntAct_Fly"	"EPHX1"
"M1"	"IntAct_Fly"	"MCM10"
"M1"	"IntAct_Fly"	"NCAPH"
"M1"	"IntAct_Fly"	"TOP2A"
"M1"	"IntAct_Fly"	"NEGR1"
"M1"	"IntAct_Fly"	"RAD54L"
"M1"	"IntAct_Fly"	"CDC20"
"M1"	"IntAct_Fly"	"CDC45"
"M1"	"IntAct_Fly"	"SEMA3A"
"M1"	"IntAct_Fly"	"SDK2"
"M1"	"IntAct_Fly"	"ASS1"
"M1"	"IntAct_Fly"	"CTSV"
"M1"	"IntAct_Fly"	"NRCAM"
"M1"	"IntAct_Fly"	"APOD"
"M1"	"IntAct_Fly"	"CDC6"
"M1"	"IntAct_Fly"	"SHH"
"M1"	"IntAct_Fly"	"MELTF"
"M1"	"IntAct_Fly"	"WNT7B"
"M1"	"IntAct_Fly"	"SELENBP1"
"M1"	"IntAct_Fly"	"MFAP4"
"M1"	"IntAct_Fly"	"KCNA3"
"M1"	"IntAct_Fly"	"TPPP"
"M1"	"IntAct_Fly"	"NBEA"
"M1"	"IntAct_Fly"	"PHYHD1"
"M1"	"IntAct_Fly"	"KIFC1"
"M1"	"IntAct_Fly"	"SLC17A9"
"M1"	"IntAct_Fly"	"PLCB4"
"M1"	"IntAct_Fly"	"SDR16C5"
"M1"	"IntAct_Fly"	"ELOVL6"
"M1"	"BioGrid_Worm"	"PRKAA2"
"M1"	"BioGrid_Worm"	"BMPR1B"
"M1"	"BioGrid_Worm"	"RRM2"
"M1"	"BioGrid_Worm"	"TOP2A"
"M1"	"BioGrid_Worm"	"RAD54L"
"M1"	"BioGrid_Worm"	"FGFR3"
"M1"	"BioGrid_Worm"	"EPHA4"
"M1"	"BioGrid_Worm"	"MAP2K6"
"M1"	"BioGrid_Worm"	"CTSV"
"M1"	"BioGrid_Worm"	"GNAO1"
"M1"	"BioGrid_Worm"	"CPE"
"M1"	"BioGrid_Worm"	"KIF2C"
"M1"	"YeastMedium"	"CDA"
"M1"	"YeastMedium"	"DPP4"
"M1"	"YeastMedium"	"TUSC3"
"M1"	"YeastMedium"	"CDC45"
"M1"	"YeastMedium"	"QPRT"
"M1"	"YeastMedium"	"KYNU"
"M1"	"YeastLow"	"PSAT1"
"M1"	"YeastLow"	"PRKAA2"
"M1"	"YeastLow"	"RRM2"
"M1"	"YeastLow"	"PABPC1L"
"M1"	"YeastLow"	"ATP8A2"
"M1"	"YeastLow"	"CDC20"
"M1"	"YeastLow"	"ASS1"
"M1"	"YeastLow"	"KYNU"
"M1"	"YeastLow"	"CPA3"
"M1"	"YeastLow"	"SLC4A4"
"M1"	"YeastLow"	"RGN"
"M1"	"Jorgensen_EphR"	"PKP2"
"M1"	"Yeast_Kinome"	"PRKAA2"
"M1"	"Yeast_Kinome"	"AURKB"
"M1"	"Yeast_Kinome"	"CAMK1D"
"M1"	"VidalHuman_non_core"	"FAM107A"
"M1"	"VidalHuman_non_core"	"AQP1"
"M1"	"VidalHuman_non_core"	"HOMER2"
"M1"	"VidalHuman_non_core"	"TRIP13"
"M1"	"VidalHuman_non_core"	"MDFI"
"M1"	"VidalHuman_non_core"	"TNNT1"
"M1"	"VidalHuman_non_core"	"KHDRBS3"
"M1"	"VidalHuman_non_core"	"PITX1"
"M1"	"VidalHuman_non_core"	"NDC80"
"M1"	"VidalHuman_non_core"	"KRT6A"
"M1"	"VidalHuman_non_core"	"SCAND1"
"M1"	"VidalHuman_non_core"	"CDC25A"
"M1"	"VidalHuman_non_core"	"GPRIN2"
"M1"	"VidalHuman_non_core"	"CXCL3"
"M1"	"VidalHuman_non_core"	"P2RY6"
"M1"	"VidalHuman_non_core"	"RASD1"
"M1"	"VidalHuman_non_core"	"PTGDS"
"M1"	"VidalHuman_non_core"	"LMO3"
"M1"	"VidalHuman_non_core"	"MYBL2"
"M1"	"VidalHuman_non_core"	"ETNK2"
"M1"	"VidalHuman_non_core"	"CXCL2"
"M1"	"VidalHuman_non_core"	"AGT"
"M1"	"VidalHuman_non_core"	"EYA2"
"M1"	"VidalHuman_non_core"	"AK4"
"M1"	"VidalHuman_non_core"	"RORC"
"M1"	"VidalHuman_non_core"	"MYEOV"
"M1"	"VidalHuman_non_core"	"SLCO4A1"
"M1"	"VidalHuman_non_core"	"SFTPB"
"M1"	"IntAct_Worm"	"RRM2"
"M1"	"IntAct_Worm"	"EPHA4"
"M1"	"IntAct_Worm"	"CTSV"
"M1"	"IntAct_Worm"	"WNT4"
"M1"	"IntAct_Worm"	"FUT3"
"M1"	"IntAct_Worm"	"STRIP2"
"M1"	"IntAct_Worm"	"LDHD"
"M1"	"MINT_Rat"	"SORBS2"
"M1"	"MINT_Rat"	"FOS"
"M1"	"MINT_Rat"	"MAPK10"
"M1"	"MINT_Rat"	"SYT1"
"M1"	"MINT_Rat"	"TUBB3"
"M1"	"MINT_Rat"	"GNAO1"
"M1"	"MINT_Rat"	"GABBR1"
"M1"	"MINT_Rat"	"CNR1"
"M1"	"MINT_Rat"	"COBL"
"M1"	"BIND_Yeast"	"PRKAA2"
"M1"	"BIND_Yeast"	"AURKB"
"M1"	"BIND_Yeast"	"RRM2"
"M1"	"BIND_Yeast"	"PABPC1L"
"M1"	"BIND_Yeast"	"CDA"
"M1"	"BIND_Yeast"	"ATP8A2"
"M1"	"BIND_Yeast"	"CDC20"
"M1"	"BIND_Yeast"	"CDC45"
"M1"	"Krogan_Core"	"PRKAA2"
"M1"	"Krogan_Core"	"AURKB"
"M1"	"MIPS"	"PRKAA2"
"M1"	"MIPS"	"RRM2"
"M1"	"MIPS"	"PABPC1L"
"M1"	"MIPS"	"CDA"
"M1"	"MIPS"	"ATP8A2"
"M1"	"MIPS"	"CDC20"
"M1"	"MIPS"	"CDC45"
"M1"	"MIPS"	"QPRT"
"M1"	"StelzlMedium"	"TRIP13"
"M1"	"StelzlMedium"	"PBK"
"M1"	"StelzlMedium"	"MAPK10"
"M1"	"StelzlMedium"	"S100A8"
"M1"	"StelzlMedium"	"APLP1"
"M1"	"StelzlMedium"	"RAP1GAP"
"M1"	"StelzlMedium"	"FGFR3"
"M1"	"StelzlMedium"	"NDC80"
"M1"	"StelzlMedium"	"NR4A1"
"M1"	"StelzlMedium"	"CDKN2B"
"M1"	"StelzlMedium"	"IL6"
"M1"	"StelzlMedium"	"ATF3"
"M1"	"StelzlMedium"	"SCG5"
"M1"	"StelzlMedium"	"CDCA5"
"M1"	"StelzlMedium"	"STC2"
"M1"	"StelzlMedium"	"SELENBP1"
"M1"	"StelzlMedium"	"HBB"
"M1"	"StelzlMedium"	"PAEP"
"M1"	"StelzlMedium"	"CPE"
"M1"	"StelzlMedium"	"PMAIP1"
"M1"	"StelzlMedium"	"LPL"
"M1"	"StelzlMedium"	"EDN1"
"M1"	"StelzlMedium"	"HJURP"
"M1"	"StelzlMedium"	"TCF21"
"M1"	"StelzlMedium"	"WFDC2"
"M1"	"StelzlMedium"	"PHACTR3"
"M1"	"StelzlMedium"	"SUSD4"
"M1"	"StelzlMedium"	"ARSE"
"M1"	"StelzlMedium"	"PDZK1IP1"
"M1"	"SOURAV_MAPK_LOW"	"FOS"
"M1"	"SOURAV_MAPK_LOW"	"MAPK10"
"M1"	"Pawson2"	"AMOT"
"M1"	"IntAct_Rat"	"LRRK2"
"M1"	"IntAct_Rat"	"SORBS2"
"M1"	"IntAct_Rat"	"FOS"
"M1"	"IntAct_Rat"	"CLU"
"M1"	"IntAct_Rat"	"MAPK10"
"M1"	"IntAct_Rat"	"F2RL1"
"M1"	"IntAct_Rat"	"CPLX1"
"M1"	"IntAct_Rat"	"DES"
"M1"	"IntAct_Rat"	"PDE4D"
"M1"	"IntAct_Rat"	"SYT1"
"M1"	"IntAct_Rat"	"SV2A"
"M1"	"IntAct_Rat"	"SCG5"
"M1"	"IntAct_Rat"	"RHOV"
"M1"	"IntAct_Rat"	"GNAO1"
"M1"	"IntAct_Rat"	"GABBR1"
"M1"	"IntAct_Rat"	"PDZD2"
"M1"	"IntAct_Rat"	"ACHE"
"M1"	"IntAct_Rat"	"KCNJ5"
"M1"	"IntAct_Rat"	"CACNA2D2"
"M1"	"IntAct_Rat"	"COBL"
"M1"	"FlyLow"	"PBK"
"M1"	"FlyLow"	"SEMA3A"
"M1"	"FlyLow"	"GNAO1"
"M1"	"FlyLow"	"CDC6"
"M1"	"FlyLow"	"MELTF"
"M1"	"FlyLow"	"KCNA3"
"M1"	"FlyLow"	"TPPP"
"M1"	"FlyLow"	"ELOVL6"
"M1"	"ShawnLi"	"PPFIA4"
"M1"	"ShawnLi"	"NCKAP5"
"M1"	"ShawnLi"	"GRIN2D"
"M1"	"ShawnLi"	"ASAP2"
"M1"	"ShawnLi"	"ID4"
"M1"	"ShawnLi"	"ENPP3"
"M1"	"I2D-c_Fiona_HUMAN"	"AR"
"M1"	"I2D-c_Fiona_HUMAN"	"MUC1"
"M1"	"I2D-c_Fiona_HUMAN"	"RAC3"
"M1"	"DIP_Rat"	"AR"
"M1"	"DIP_Rat"	"SFTPD"
"M1"	"DIP_Rat"	"CPLX1"
"M1"	"DIP_Rat"	"SYT1"
"M1"	"DIP_Rat"	"CEBPA"
"M1"	"DIP_Rat"	"FOSL1"
"M1"	"DIP_Rat"	"MAL"
"M1"	"DIP_Rat"	"ARG2"
"M1"	"DIP_Rat"	"AQP4"
"M1"	"SOURAV_MAPK_HIGH"	"FOS"
"M1"	"SOURAV_MAPK_HIGH"	"MAPK10"
"M1"	"SOURAV_MAPK_HIGH"	"ARHGEF4"
"M1"	"StelzlLow"	"S100A8"
"M1"	"StelzlLow"	"COL7A1"
"M1"	"StelzlLow"	"IL6"
"M1"	"StelzlLow"	"PMAIP1"
"M1"	"StelzlLow"	"HJURP"
"M1"	"StelzlLow"	"IL33"
"M1"	"StelzlLow"	"SEPT3"
"M1"	"StelzlLow"	"SUSD4"
"M1"	"StelzlLow"	"PPP1R1B"
"M1"	"StelzlLow"	"SLC35G2"
"M1"	"YeastHigh"	"ASS1"
"M1"	"StelzlHigh"	"PBK"
"M1"	"StelzlHigh"	"MAPK10"
"M1"	"StelzlHigh"	"PTN"
"M1"	"StelzlHigh"	"S100A8"
"M1"	"StelzlHigh"	"FGFR3"
"M1"	"StelzlHigh"	"CDKN2B"
"M1"	"StelzlHigh"	"ATF3"
"M1"	"StelzlHigh"	"SELENBP1"
"M1"	"StelzlHigh"	"AGR2"
"M1"	"StelzlHigh"	"PAEP"
"M1"	"StelzlHigh"	"CPE"
"M1"	"INTEROLOG"	"RRM2"
"M1"	"INTEROLOG"	"TOP2A"
"M1"	"Krogan_NonCore"	"PRKAA2"
"M1"	"Krogan_NonCore"	"KYNU"
"M1"	"BIND_Worm"	"PRKAA2"
"M1"	"BIND_Worm"	"RRM2"
"M1"	"BIND_Worm"	"CTSV"
"M1"	"BIND_Worm"	"GNAO1"
"M1"	"BIND_Worm"	"CPE"
"M1"	"DIP_Worm"	"RRM2"
"M1"	"DIP_Worm"	"CPE"
"M1"	"DIP_Worm"	"STRIP2"
"M1"	"DIP_Worm"	"LDHD"
"M1"	"MINT_Worm"	"PRKAA2"
"M1"	"MINT_Worm"	"RRM2"
"M1"	"MINT_Worm"	"CTSV"
"M1"	"MINT_Worm"	"GNAO1"
"M1"	"MINT_Worm"	"CPE"
"M1"	"NON_CORE"	"RRM2"
"M1"	"NON_CORE"	"CTSV"
"M1"	"NON_CORE"	"GNAO1"
"M1"	"Yu_GoldStd"	"PRKAA2"
"M1"	"Yu_GoldStd"	"RRM2"
"M1"	"Yu_GoldStd"	"CDA"
"M1"	"Yu_GoldStd"	"CDC20"
"M1"	"Nakahira_Septin"	"SEPT3"
"M1"	"Tarassov_PCA"	"CDA"
"M1"	"WranaHigh"	"BMPR1B"
"M1"	"LITERATURE"	"GNAO1"
"M1"	"KIM_MYC"	"ANLN"
"M1"	"KIM_MYC"	"KLF4"
"M1"	"KIM_MYC"	"TOP2A"
"M1"	"CORE_2"	"CPE"
"M1"	"Fawcett_polarity"	"DSP"
"M1"	"Fawcett_polarity"	"AMOT"
"M1"	"FlyCellCycle"	"CDC45"
"M2"	"BioGrid"	"FN1"
"M2"	"BioGrid"	"ITGB4"
"M2"	"BioGrid"	"KRT19"
"M2"	"BioGrid"	"TP63"
"M2"	"BioGrid"	"EEF1A2"
"M2"	"BioGrid"	"ADAMTS4"
"M2"	"BioGrid"	"VCAN"
"M2"	"BioGrid"	"TNFAIP6"
"M2"	"BioGrid"	"SPP1"
"M2"	"BioGrid"	"CNTN1"
"M2"	"BioGrid"	"FSCN1"
"M2"	"BioGrid"	"WNT2"
"M2"	"BioGrid"	"MMP9"
"M2"	"BioGrid"	"HAS2"
"M2"	"BioGrid"	"FLNC"
"M2"	"BioGrid"	"EFHD1"
"M2"	"BioGrid"	"MARC1"
"M2"	"BioGrid"	"ITGA2"
"M2"	"BioGrid"	"AHNAK2"
"M2"	"BioGrid"	"FHL2"
"M2"	"BioGrid"	"MME"
"M2"	"BioGrid"	"AMIGO2"
"M2"	"BioGrid"	"TGFA"
"M2"	"BioGrid"	"EPHB2"
"M2"	"BioGrid"	"EFNB3"
"M2"	"BioGrid"	"COL1A2"
"M2"	"BioGrid"	"TNC"
"M2"	"BioGrid"	"DGCR6"
"M2"	"BioGrid"	"TNFRSF11B"
"M2"	"BioGrid"	"MMP1"
"M2"	"BioGrid"	"ITGB3"
"M2"	"BioGrid"	"PTGS2"
"M2"	"BioGrid"	"IGFBP3"
"M2"	"BioGrid"	"ANGPTL4"
"M2"	"BioGrid"	"PLN"
"M2"	"BioGrid"	"DCLK1"
"M2"	"BioGrid"	"PLXNB3"
"M2"	"BioGrid"	"COL1A1"
"M2"	"BioGrid"	"COL3A1"
"M2"	"BioGrid"	"COL5A1"
"M2"	"BioGrid"	"HOXA3"
"M2"	"BioGrid"	"HOXB6"
"M2"	"BioGrid"	"MATN3"
"M2"	"BioGrid"	"COMP"
"M2"	"BioGrid"	"FGFR4"
"M2"	"BioGrid"	"WISP2"
"M2"	"BioGrid"	"FGFBP1"
"M2"	"BioGrid"	"CLDN1"
"M2"	"BioGrid"	"STX19"
"M2"	"BioGrid"	"SFRP2"
"M2"	"BioGrid"	"CST1"
"M2"	"BioGrid"	"SERPINE1"
"M2"	"BioGrid"	"COL8A2"
"M2"	"BioGrid"	"ECM1"
"M2"	"BioGrid"	"NDUFA4L2"
"M2"	"BioGrid"	"KRT17"
"M2"	"BioGrid"	"METTL27"
"M2"	"BioGrid"	"KCNJ11"
"M2"	"BioGrid"	"CDH3"
"M2"	"BioGrid"	"LOXL2"
"M2"	"BioGrid"	"APBA2"
"M2"	"BioGrid"	"ADAM12"
"M2"	"BioGrid"	"MAP1B"
"M2"	"BioGrid"	"THBS1"
"M2"	"BioGrid"	"EREG"
"M2"	"BioGrid"	"PLAT"
"M2"	"BioGrid"	"SERPINE2"
"M2"	"BioGrid"	"F5"
"M2"	"BioGrid"	"IGFBP5"
"M2"	"BioGrid"	"PLAU"
"M2"	"BioGrid"	"IGF2"
"M2"	"BioGrid"	"MMP13"
"M2"	"BioGrid"	"ADORA1"
"M2"	"BioGrid"	"TGFBI"
"M2"	"BioGrid"	"TGFB2"
"M2"	"BioGrid"	"DPT"
"M2"	"BioGrid"	"CXCL1"
"M2"	"BioGrid"	"PRELP"
"M2"	"BioGrid"	"S100A2"
"M2"	"BioGrid"	"RGS4"
"M2"	"BioGrid"	"HOXB7"
"M2"	"BioGrid"	"NNMT"
"M2"	"BioGrid"	"PTGIS"
"M2"	"BioGrid"	"SULF1"
"M2"	"BioGrid"	"GAL3ST1"
"M2"	"BioGrid"	"RASL11B"
"M2"	"BioGrid"	"NMNAT2"
"M2"	"BioGrid"	"DCDC2"
"M2"	"BioGrid"	"INHBB"
"M2"	"BioGrid"	"DCBLD2"
"M2"	"BioGrid"	"COL10A1"
"M2"	"BioGrid"	"ERO1B"
"M2"	"BioGrid"	"AKAP12"
"M2"	"BioGrid"	"COL11A1"
"M2"	"BioGrid"	"TIMP3"
"M2"	"BioGrid"	"INHBA"
"M2"	"BioGrid"	"DTNA"
"M2"	"BioGrid"	"LAMC2"
"M2"	"BioGrid"	"GJB2"
"M2"	"BioGrid"	"CRABP2"
"M2"	"BioGrid"	"CHST1"
"M2"	"BioGrid"	"HOXB5"
"M2"	"BioGrid"	"KCNN4"
"M2"	"BioGrid"	"DIO2"
"M2"	"BioGrid"	"ADAMTSL5"
"M2"	"BioGrid"	"FNDC4"
"M2"	"BioGrid"	"G0S2"
"M2"	"BioGrid"	"PDLIM4"
"M2"	"BioGrid"	"JAKMIP2"
"M2"	"BioGrid"	"GALNT15"
"M2"	"BioGrid"	"GSTO2"
"M2"	"BioGrid"	"CLMP"
"M2"	"BioGrid"	"MTCL1"
"M2"	"IntAct"	"FN1"
"M2"	"IntAct"	"ITGB4"
"M2"	"IntAct"	"KRT19"
"M2"	"IntAct"	"TP63"
"M2"	"IntAct"	"EEF1A2"
"M2"	"IntAct"	"ADAMTS4"
"M2"	"IntAct"	"VCAN"
"M2"	"IntAct"	"SPP1"
"M2"	"IntAct"	"CNTN1"
"M2"	"IntAct"	"FSCN1"
"M2"	"IntAct"	"MMP9"
"M2"	"IntAct"	"FLNC"
"M2"	"IntAct"	"EFHD1"
"M2"	"IntAct"	"ITGA2"
"M2"	"IntAct"	"FHL2"
"M2"	"IntAct"	"MME"
"M2"	"IntAct"	"TGFA"
"M2"	"IntAct"	"EPHB2"
"M2"	"IntAct"	"EFNB3"
"M2"	"IntAct"	"COL1A2"
"M2"	"IntAct"	"MMP1"
"M2"	"IntAct"	"ITGB3"
"M2"	"IntAct"	"IGFBP3"
"M2"	"IntAct"	"SFRP4"
"M2"	"IntAct"	"ANGPTL4"
"M2"	"IntAct"	"XK"
"M2"	"IntAct"	"PLN"
"M2"	"IntAct"	"DCLK1"
"M2"	"IntAct"	"PLXNB3"
"M2"	"IntAct"	"HOXA3"
"M2"	"IntAct"	"HOXB6"
"M2"	"IntAct"	"MATN3"
"M2"	"IntAct"	"COMP"
"M2"	"IntAct"	"FGFR4"
"M2"	"IntAct"	"CLDN1"
"M2"	"IntAct"	"FLRT2"
"M2"	"IntAct"	"STX19"
"M2"	"IntAct"	"SFRP2"
"M2"	"IntAct"	"CST1"
"M2"	"IntAct"	"SERPINE1"
"M2"	"IntAct"	"ECM1"
"M2"	"IntAct"	"NDUFA4L2"
"M2"	"IntAct"	"KRT17"
"M2"	"IntAct"	"METTL27"
"M2"	"IntAct"	"MXRA5"
"M2"	"IntAct"	"CEMIP"
"M2"	"IntAct"	"SRPX2"
"M2"	"IntAct"	"COL12A1"
"M2"	"IntAct"	"LOXL2"
"M2"	"IntAct"	"ADAM12"
"M2"	"IntAct"	"MAP1B"
"M2"	"IntAct"	"THBS1"
"M2"	"IntAct"	"HOXB2"
"M2"	"IntAct"	"PLAT"
"M2"	"IntAct"	"PLAU"
"M2"	"IntAct"	"IGF2"
"M2"	"IntAct"	"TGFBI"
"M2"	"IntAct"	"ITGB8"
"M2"	"IntAct"	"SPOCK1"
"M2"	"IntAct"	"CXCL1"
"M2"	"IntAct"	"S100A2"
"M2"	"IntAct"	"HOXB7"
"M2"	"IntAct"	"NNMT"
"M2"	"IntAct"	"RASL11B"
"M2"	"IntAct"	"INHBB"
"M2"	"IntAct"	"DCBLD2"
"M2"	"IntAct"	"COL10A1"
"M2"	"IntAct"	"ERO1B"
"M2"	"IntAct"	"AKAP12"
"M2"	"IntAct"	"TIMP3"
"M2"	"IntAct"	"INHBA"
"M2"	"IntAct"	"SLC2A5"
"M2"	"IntAct"	"DTNA"
"M2"	"IntAct"	"LAMB3"
"M2"	"IntAct"	"LAMC2"
"M2"	"IntAct"	"ACKR3"
"M2"	"IntAct"	"ZNF135"
"M2"	"IntAct"	"CRABP2"
"M2"	"IntAct"	"CHST1"
"M2"	"IntAct"	"ADAMTS5"
"M2"	"IntAct"	"GREM1"
"M2"	"IntAct"	"HOXB5"
"M2"	"IntAct"	"ADAMTS12"
"M2"	"IntAct"	"PDLIM4"
"M2"	"IntAct"	"TENM3"
"M2"	"IntAct"	"JAKMIP2"
"M2"	"IntAct"	"JPH1"
"M2"	"IntAct"	"WNT5B"
"M2"	"IntAct"	"COL15A1"
"M2"	"IntAct"	"GSTO2"
"M2"	"IntAct"	"CLMP"
"M2"	"IntAct"	"IGFBP6"
"M2"	"IntAct"	"POSTN"
"M2"	"IntAct"	"MEDAG"
"M2"	"BioGrid_Fly"	"SPON1"
"M2"	"BioGrid_Fly"	"EEF1A2"
"M2"	"BioGrid_Fly"	"ACTG2"
"M2"	"BioGrid_Fly"	"COMP"
"M2"	"HPRD"	"FN1"
"M2"	"HPRD"	"SPON1"
"M2"	"HPRD"	"ITGB4"
"M2"	"HPRD"	"KRT19"
"M2"	"HPRD"	"TP63"
"M2"	"HPRD"	"EEF1A2"
"M2"	"HPRD"	"ADAMTS4"
"M2"	"HPRD"	"VCAN"
"M2"	"HPRD"	"TNFAIP6"
"M2"	"HPRD"	"SPP1"
"M2"	"HPRD"	"CNTN1"
"M2"	"HPRD"	"FSCN1"
"M2"	"HPRD"	"WNT2"
"M2"	"HPRD"	"MMP9"
"M2"	"HPRD"	"FLNC"
"M2"	"HPRD"	"ITGA2"
"M2"	"HPRD"	"FHL2"
"M2"	"HPRD"	"MME"
"M2"	"HPRD"	"AMIGO2"
"M2"	"HPRD"	"TGFA"
"M2"	"HPRD"	"EPHB2"
"M2"	"HPRD"	"EFNB3"
"M2"	"HPRD"	"COL1A2"
"M2"	"HPRD"	"TNC"
"M2"	"HPRD"	"TNFRSF11B"
"M2"	"HPRD"	"MMP1"
"M2"	"HPRD"	"ITGB3"
"M2"	"HPRD"	"PTGS2"
"M2"	"HPRD"	"IGFBP3"
"M2"	"HPRD"	"XK"
"M2"	"HPRD"	"PLN"
"M2"	"HPRD"	"ACTG2"
"M2"	"HPRD"	"PLXNB3"
"M2"	"HPRD"	"COL1A1"
"M2"	"HPRD"	"HOXB6"
"M2"	"HPRD"	"CPXM2"
"M2"	"HPRD"	"MATN3"
"M2"	"HPRD"	"COMP"
"M2"	"HPRD"	"FGFR4"
"M2"	"HPRD"	"LIF"
"M2"	"HPRD"	"WISP2"
"M2"	"HPRD"	"FGFBP1"
"M2"	"HPRD"	"CLDN1"
"M2"	"HPRD"	"SFRP2"
"M2"	"HPRD"	"SERPINE1"
"M2"	"HPRD"	"COL8A2"
"M2"	"HPRD"	"ECM1"
"M2"	"HPRD"	"NDUFA4L2"
"M2"	"HPRD"	"KRT17"
"M2"	"HPRD"	"CDH3"
"M2"	"HPRD"	"CEMIP"
"M2"	"HPRD"	"SRPX2"
"M2"	"HPRD"	"MMP11"
"M2"	"HPRD"	"COL12A1"
"M2"	"HPRD"	"PLXNA4"
"M2"	"HPRD"	"APBA2"
"M2"	"HPRD"	"ADAM12"
"M2"	"HPRD"	"MAP1B"
"M2"	"HPRD"	"THBS1"
"M2"	"HPRD"	"HOXB2"
"M2"	"HPRD"	"EREG"
"M2"	"HPRD"	"PLAT"
"M2"	"HPRD"	"SERPINE2"
"M2"	"HPRD"	"F5"
"M2"	"HPRD"	"IGFBP5"
"M2"	"HPRD"	"PLAU"
"M2"	"HPRD"	"IGF2"
"M2"	"HPRD"	"MMP13"
"M2"	"HPRD"	"ADORA1"
"M2"	"HPRD"	"TGFBI"
"M2"	"HPRD"	"BARX2"
"M2"	"HPRD"	"ITGB8"
"M2"	"HPRD"	"TGFB2"
"M2"	"HPRD"	"DPT"
"M2"	"HPRD"	"SPOCK1"
"M2"	"HPRD"	"CXCL1"
"M2"	"HPRD"	"PRELP"
"M2"	"HPRD"	"S100A2"
"M2"	"HPRD"	"RGS4"
"M2"	"HPRD"	"HOXB7"
"M2"	"HPRD"	"INHBB"
"M2"	"HPRD"	"EDIL3"
"M2"	"HPRD"	"COL10A1"
"M2"	"HPRD"	"ERO1B"
"M2"	"HPRD"	"AKAP12"
"M2"	"HPRD"	"THBS2"
"M2"	"HPRD"	"TIMP3"
"M2"	"HPRD"	"INHBA"
"M2"	"HPRD"	"MUC16"
"M2"	"HPRD"	"FOXC1"
"M2"	"HPRD"	"DTNA"
"M2"	"HPRD"	"LAMB3"
"M2"	"HPRD"	"LAMC2"
"M2"	"HPRD"	"CRABP2"
"M2"	"HPRD"	"ADAMTS5"
"M2"	"HPRD"	"KCNN4"
"M2"	"HPRD"	"DIO2"
"M2"	"HPRD"	"KLHDC9"
"M2"	"HPRD"	"HOXB3"
"M2"	"HPRD"	"PDLIM4"
"M2"	"HPRD"	"CAMK2N1"
"M2"	"HPRD"	"TENM3"
"M2"	"HPRD"	"GAS1"
"M2"	"HPRD"	"IGFBP6"
"M2"	"IntAct_Mouse"	"FN1"
"M2"	"IntAct_Mouse"	"TP63"
"M2"	"IntAct_Mouse"	"EEF1A2"
"M2"	"IntAct_Mouse"	"CNTN1"
"M2"	"IntAct_Mouse"	"FSCN1"
"M2"	"IntAct_Mouse"	"FHL2"
"M2"	"IntAct_Mouse"	"TGFA"
"M2"	"IntAct_Mouse"	"EFNB3"
"M2"	"IntAct_Mouse"	"ITGB3"
"M2"	"IntAct_Mouse"	"PTGS2"
"M2"	"IntAct_Mouse"	"PLXNB3"
"M2"	"IntAct_Mouse"	"COL3A1"
"M2"	"IntAct_Mouse"	"CLDN1"
"M2"	"IntAct_Mouse"	"ECM1"
"M2"	"IntAct_Mouse"	"MAP1B"
"M2"	"IntAct_Mouse"	"BARX2"
"M2"	"IntAct_Mouse"	"FOXC1"
"M2"	"IntAct_Mouse"	"DTNA"
"M2"	"IntAct_Mouse"	"GJB2"
"M2"	"IntAct_Mouse"	"PDLIM4"
"M2"	"INNATEDB"	"ITGB4"
"M2"	"INNATEDB"	"TP63"
"M2"	"INNATEDB"	"VCAN"
"M2"	"INNATEDB"	"FSCN1"
"M2"	"INNATEDB"	"MMP9"
"M2"	"INNATEDB"	"FHL2"
"M2"	"INNATEDB"	"AMIGO2"
"M2"	"INNATEDB"	"TGFA"
"M2"	"INNATEDB"	"COL1A2"
"M2"	"INNATEDB"	"DGCR6"
"M2"	"INNATEDB"	"MMP1"
"M2"	"INNATEDB"	"PTGS2"
"M2"	"INNATEDB"	"IGFBP3"
"M2"	"INNATEDB"	"COL1A1"
"M2"	"INNATEDB"	"KRT17"
"M2"	"INNATEDB"	"CDH3"
"M2"	"INNATEDB"	"APBA2"
"M2"	"INNATEDB"	"MAP1B"
"M2"	"INNATEDB"	"THBS1"
"M2"	"INNATEDB"	"PLAU"
"M2"	"INNATEDB"	"MMP13"
"M2"	"INNATEDB"	"CXCL1"
"M2"	"INNATEDB"	"TIMP3"
"M2"	"INNATEDB"	"INHBA"
"M2"	"INNATEDB"	"MUC16"
"M2"	"INNATEDB"	"LGI2"
"M2"	"MINT"	"FN1"
"M2"	"MINT"	"ITGB4"
"M2"	"MINT"	"KRT19"
"M2"	"MINT"	"TP63"
"M2"	"MINT"	"SPP1"
"M2"	"MINT"	"FLNC"
"M2"	"MINT"	"ITGA2"
"M2"	"MINT"	"FHL2"
"M2"	"MINT"	"MME"
"M2"	"MINT"	"ITGB3"
"M2"	"MINT"	"IGFBP3"
"M2"	"MINT"	"COL1A1"
"M2"	"MINT"	"HOXB6"
"M2"	"MINT"	"CLDN1"
"M2"	"MINT"	"FLRT2"
"M2"	"MINT"	"SERPINE1"
"M2"	"MINT"	"NDUFA4L2"
"M2"	"MINT"	"KRT17"
"M2"	"MINT"	"LOXL2"
"M2"	"MINT"	"APBA2"
"M2"	"MINT"	"ADAM12"
"M2"	"MINT"	"IGFBP5"
"M2"	"MINT"	"PLAU"
"M2"	"MINT"	"IGF2"
"M2"	"MINT"	"DPT"
"M2"	"MINT"	"S100A2"
"M2"	"MINT"	"COL10A1"
"M2"	"MINT"	"ERO1B"
"M2"	"MINT"	"AKAP12"
"M2"	"MINT"	"INHBA"
"M2"	"MINT"	"DTNA"
"M2"	"MINT"	"GREM1"
"M2"	"MINT"	"PDLIM4"
"M2"	"MINT"	"JAKMIP2"
"M2"	"BCI"	"FN1"
"M2"	"BCI"	"TP63"
"M2"	"BCI"	"VCAN"
"M2"	"BCI"	"CNTN1"
"M2"	"BCI"	"MMP9"
"M2"	"BCI"	"FHL2"
"M2"	"BCI"	"MME"
"M2"	"BCI"	"EPHB2"
"M2"	"BCI"	"COL1A2"
"M2"	"BCI"	"TNC"
"M2"	"BCI"	"IGFBP3"
"M2"	"BCI"	"ACTG2"
"M2"	"BCI"	"COL1A1"
"M2"	"BCI"	"COL3A1"
"M2"	"BCI"	"FGFR4"
"M2"	"BCI"	"SERPINE1"
"M2"	"BCI"	"THBS1"
"M2"	"BCI"	"HOXB2"
"M2"	"BCI"	"PLAT"
"M2"	"BCI"	"IGFBP5"
"M2"	"BCI"	"PLAU"
"M2"	"BCI"	"IGF2"
"M2"	"BCI"	"DPT"
"M2"	"BCI"	"S100A2"
"M2"	"BCI"	"HOXB7"
"M2"	"BCI"	"INHBB"
"M2"	"BCI"	"COL10A1"
"M2"	"BCI"	"THBS2"
"M2"	"BCI"	"GAS1"
"M2"	"MINT_Mouse"	"TP63"
"M2"	"MINT_Mouse"	"EFNB3"
"M2"	"MINT_Mouse"	"CLDN1"
"M2"	"MINT_Mouse"	"AKAP12"
"M2"	"DIP_Yeast"	"ALDH1A2"
"M2"	"BioGrid_Mouse"	"TP63"
"M2"	"BioGrid_Mouse"	"EEF1A2"
"M2"	"BioGrid_Mouse"	"WNT2"
"M2"	"BioGrid_Mouse"	"MMP9"
"M2"	"BioGrid_Mouse"	"FHL2"
"M2"	"BioGrid_Mouse"	"MME"
"M2"	"BioGrid_Mouse"	"EPHB2"
"M2"	"BioGrid_Mouse"	"PTGS2"
"M2"	"BioGrid_Mouse"	"SFRP4"
"M2"	"BioGrid_Mouse"	"DCLK1"
"M2"	"BioGrid_Mouse"	"COL1A1"
"M2"	"BioGrid_Mouse"	"COL3A1"
"M2"	"BioGrid_Mouse"	"COL5A1"
"M2"	"BioGrid_Mouse"	"HOXB6"
"M2"	"BioGrid_Mouse"	"FGFBP1"
"M2"	"BioGrid_Mouse"	"CLDN1"
"M2"	"BioGrid_Mouse"	"SFRP2"
"M2"	"BioGrid_Mouse"	"MAP1B"
"M2"	"BioGrid_Mouse"	"THBS1"
"M2"	"BioGrid_Mouse"	"BARX2"
"M2"	"BioGrid_Mouse"	"TGFB2"
"M2"	"BioGrid_Mouse"	"THBS2"
"M2"	"BioGrid_Mouse"	"INHBA"
"M2"	"BioGrid_Mouse"	"LAMC2"
"M2"	"BioGrid_Mouse"	"HOXB5"
"M2"	"BioGrid_Mouse"	"PDLIM4"
"M2"	"BioGrid_Mouse"	"GAS1"
"M2"	"DIP_Mouse"	"TNFRSF11B"
"M2"	"DIP_Mouse"	"ITGB3"
"M2"	"DIP_Mouse"	"PTGS2"
"M2"	"DIP_Mouse"	"HOXB6"
"M2"	"DIP_Mouse"	"FGFR4"
"M2"	"DIP_Mouse"	"KRT17"
"M2"	"DIP_Mouse"	"KCNJ11"
"M2"	"DIP_Mouse"	"LYPD1"
"M2"	"INNATEDB_Mouse"	"TP63"
"M2"	"INNATEDB_Mouse"	"SPP1"
"M2"	"INNATEDB_Mouse"	"FLNC"
"M2"	"INNATEDB_Mouse"	"FHL2"
"M2"	"INNATEDB_Mouse"	"TNC"
"M2"	"INNATEDB_Mouse"	"MMP13"
"M2"	"INNATEDB_Mouse"	"C1QTNF3"
"M2"	"INNATEDB_Mouse"	"ITGA11"
"M2"	"VidalHuman_core"	"KRT19"
"M2"	"VidalHuman_core"	"SPP1"
"M2"	"VidalHuman_core"	"HOXB6"
"M2"	"VidalHuman_core"	"KRT17"
"M2"	"VidalHuman_core"	"S100A2"
"M2"	"VidalHuman_core"	"PDLIM4"
"M2"	"VidalHuman_core"	"JAKMIP2"
"M2"	"DIP_Fly"	"SPON1"
"M2"	"DIP_Fly"	"ACTG2"
"M2"	"DIP_Fly"	"ANO1"
"M2"	"MINT_Fly"	"ACTG2"
"M2"	"MINT_Fly"	"SLCO5A1"
"M2"	"MINT_Fly"	"ANO1"
"M2"	"BIND"	"MMP9"
"M2"	"BIND"	"FLNC"
"M2"	"BIND"	"ITGA2"
"M2"	"BIND"	"FHL2"
"M2"	"BIND"	"EPHB2"
"M2"	"BIND"	"MMP1"
"M2"	"BIND"	"ITGB3"
"M2"	"BIND"	"PTGS2"
"M2"	"BIND"	"PLN"
"M2"	"BIND"	"PLXNB3"
"M2"	"BIND"	"LIF"
"M2"	"BIND"	"FGFBP1"
"M2"	"BIND"	"SERPINE1"
"M2"	"BIND"	"KCNJ11"
"M2"	"BIND"	"F5"
"M2"	"BIND"	"IGFBP5"
"M2"	"BIND"	"PLAU"
"M2"	"BIND"	"IGF2"
"M2"	"BIND"	"MMP13"
"M2"	"BIND"	"TGFB2"
"M2"	"BIND"	"CXCL1"
"M2"	"BIND"	"INHBA"
"M2"	"BIND"	"CRABP2"
"M2"	"BioGrid_Worm"	"DCLK1"
"M2"	"IntAct_Worm"	"DCLK1"
"M2"	"IntAct_Worm"	"ADAM12"
"M2"	"IntAct_Worm"	"ERO1B"
"M2"	"MINT_Worm"	"DCLK1"
"M2"	"BIND_Worm"	"DCLK1"
"M2"	"BIND_Fly"	"EEF1A2"
"M2"	"IntAct_Fly"	"EEF1A2"
"M2"	"IntAct_Fly"	"CHST6"
"M2"	"BIND_Mouse"	"ITGA2"
"M2"	"BIND_Mouse"	"FHL2"
"M2"	"BIND_Mouse"	"PTGS2"
"M2"	"BIND_Mouse"	"CLDN1"
"M2"	"BIND_Mouse"	"MMP11"
"M2"	"BIND_Mouse"	"ADAM12"
"M2"	"BIND_Mouse"	"MMP13"
"M2"	"BIND_Mouse"	"BARX2"
"M2"	"BIND_Mouse"	"INHBA"
"M2"	"BIND_Mouse"	"DTNA"
"M2"	"MGI"	"FN1"
"M2"	"MGI"	"ITGB3"
"M2"	"MGI"	"CLDN1"
"M2"	"MGI"	"APBA2"
"M2"	"MGI"	"GAS1"
"M2"	"MGI"	"WNT5B"
"M2"	"StelzlMedium"	"IGFBP3"
"M2"	"StelzlMedium"	"NDUFA4L2"
"M2"	"StelzlMedium"	"IGFBP5"
"M2"	"StelzlMedium"	"DPT"
"M2"	"BioGrid_Yeast"	"ALDH1A2"
"M2"	"BIND_Rat"	"ALDH1A2"
"M2"	"BIND_Rat"	"APBA2"
"M2"	"BIND_Rat"	"MAP1B"
"M2"	"BIND_Rat"	"ADORA1"
"M2"	"BIND_Rat"	"RGS4"
"M2"	"IntAct_Yeast"	"ALDH1A2"
"M2"	"DIP"	"FN1"
"M2"	"DIP"	"KRT19"
"M2"	"DIP"	"TP63"
"M2"	"DIP"	"MMP9"
"M2"	"DIP"	"FLNC"
"M2"	"DIP"	"ITGA2"
"M2"	"DIP"	"FHL2"
"M2"	"DIP"	"TGFA"
"M2"	"DIP"	"EPHB2"
"M2"	"DIP"	"EFNB3"
"M2"	"DIP"	"MMP1"
"M2"	"DIP"	"ITGB3"
"M2"	"DIP"	"PTGS2"
"M2"	"DIP"	"IGFBP3"
"M2"	"DIP"	"COL1A1"
"M2"	"DIP"	"COL3A1"
"M2"	"DIP"	"FGFR4"
"M2"	"DIP"	"LIF"
"M2"	"DIP"	"KCNJ11"
"M2"	"DIP"	"IGF2"
"M2"	"DIP"	"CXCL1"
"M2"	"DIP"	"RGS4"
"M2"	"DIP"	"INHBA"
"M2"	"DIP"	"GJB2"
"M2"	"DIP"	"KCNN4"
"M2"	"DIP_Rat"	"COL1A2"
"M2"	"DIP_Rat"	"RGS4"
"M2"	"DIP_Rat"	"FNDC1"
"M2"	"IntAct_Rat"	"EEF1A2"
"M2"	"IntAct_Rat"	"SPP1"
"M2"	"IntAct_Rat"	"FLNC"
"M2"	"IntAct_Rat"	"FHL2"
"M2"	"IntAct_Rat"	"APBA2"
"M2"	"IntAct_Rat"	"PLAT"
"M2"	"IntAct_Rat"	"ADORA1"
"M2"	"IntAct_Rat"	"RGS4"
"M2"	"IntAct_Rat"	"COL11A1"
"M2"	"I2D-c_Fiona_HUMAN"	"MMP9"
"M2"	"I2D-c_Fiona_HUMAN"	"ITGB3"
"M2"	"I2D-c_Fiona_HUMAN"	"CDH3"
"M2"	"I2D-c_Rat"	"ADORA1"
"M2"	"Krogan_NonCore"	"ALDH1A2"
"M2"	"BioGrid_Rat"	"SPP1"
"M2"	"BioGrid_Rat"	"SERPINE1"
"M2"	"BioGrid_Rat"	"MMP11"
"M2"	"BioGrid_Rat"	"APBA2"
"M2"	"MINT_Rat"	"APBA2"
"M2"	"MINT_Rat"	"ADORA1"
"M2"	"VidalHuman_non_core"	"KRT19"
"M2"	"VidalHuman_non_core"	"SFRP2"
"M2"	"VidalHuman_non_core"	"CRABP2"
"M2"	"CORE_2"	"DCLK1"
"M2"	"DIP_Worm"	"DCLK1"
"M2"	"KIM_MYC"	"ACTG2"
"M2"	"StelzlLow"	"NDUFA4L2"
"M2"	"StelzlLow"	"IGFBP5"
"M3"	"BioGrid"	"FABP3"
"M3"	"BioGrid"	"SIX1"
"M3"	"BioGrid"	"PPARG"
"M3"	"BioGrid"	"ICAM1"
"M3"	"BioGrid"	"EPPK1"
"M3"	"BioGrid"	"ISG15"
"M3"	"BioGrid"	"WNK2"
"M3"	"BioGrid"	"SOX2"
"M3"	"BioGrid"	"ANXA3"
"M3"	"BioGrid"	"ANXA1"
"M3"	"BioGrid"	"SIRPB1"
"M3"	"BioGrid"	"ATP7B"
"M3"	"BioGrid"	"RAB26"
"M3"	"BioGrid"	"IRS2"
"M3"	"BioGrid"	"S100A9"
"M3"	"BioGrid"	"HDAC9"
"M3"	"BioGrid"	"CARD11"
"M3"	"BioGrid"	"PROX1"
"M3"	"BioGrid"	"RYR1"
"M3"	"BioGrid"	"CLDN3"
"M3"	"BioGrid"	"SRPK3"
"M3"	"BioGrid"	"CCL3"
"M3"	"BioGrid"	"CCL13"
"M3"	"BioGrid"	"SELL"
"M3"	"BioGrid"	"FCN1"
"M3"	"BioGrid"	"CCR4"
"M3"	"BioGrid"	"MET"
"M3"	"BioGrid"	"GPT2"
"M3"	"BioGrid"	"LDOC1"
"M3"	"BioGrid"	"CXXC4"
"M3"	"BioGrid"	"PODXL2"
"M3"	"BioGrid"	"APOE"
"M3"	"BioGrid"	"IFIT1"
"M3"	"BioGrid"	"IL2RA"
"M3"	"BioGrid"	"FPR1"
"M3"	"BioGrid"	"BCAT1"
"M3"	"BioGrid"	"DUSP4"
"M3"	"BioGrid"	"ENTPD2"
"M3"	"BioGrid"	"FOXP2"
"M3"	"BioGrid"	"CCBE1"
"M3"	"BioGrid"	"AKR7A3"
"M3"	"BioGrid"	"LTB"
"M3"	"BioGrid"	"FCGR1A"
"M3"	"BioGrid"	"SYT7"
"M3"	"BioGrid"	"CHRD"
"M3"	"BioGrid"	"HLA-DQA1"
"M3"	"BioGrid"	"NT5E"
"M3"	"BioGrid"	"TBX15"
"M3"	"BioGrid"	"RARRES3"
"M3"	"BioGrid"	"ODC1"
"M3"	"BioGrid"	"ADTRP"
"M3"	"BioGrid"	"TREM1"
"M3"	"BioGrid"	"ENO3"
"M3"	"BioGrid"	"SRCIN1"
"M3"	"BioGrid"	"PDE3A"
"M3"	"BioGrid"	"CYBB"
"M3"	"BioGrid"	"HK3"
"M3"	"BioGrid"	"KCNH2"
"M3"	"BioGrid"	"MX1"
"M3"	"BioGrid"	"HLA-DRB5"
"M3"	"BioGrid"	"MARK1"
"M3"	"BioGrid"	"DNAJC12"
"M3"	"BioGrid"	"F13A1"
"M3"	"BioGrid"	"S100A4"
"M3"	"BioGrid"	"GRB14"
"M3"	"BioGrid"	"MMP7"
"M3"	"BioGrid"	"IL1B"
"M3"	"BioGrid"	"VSIG4"
"M3"	"BioGrid"	"CSTA"
"M3"	"BioGrid"	"HLA-DQA2"
"M3"	"BioGrid"	"HLA-DRB1"
"M3"	"BioGrid"	"HLA-DRA"
"M3"	"BioGrid"	"CD74"
"M3"	"BioGrid"	"PKP1"
"M3"	"BioGrid"	"STAC"
"M3"	"BioGrid"	"APOC1"
"M3"	"BioGrid"	"C1QB"
"M3"	"BioGrid"	"CR1"
"M3"	"BioGrid"	"MYO1G"
"M3"	"BioGrid"	"IGFBP2"
"M3"	"BioGrid"	"HLA-DPA1"
"M3"	"BioGrid"	"CCL18"
"M3"	"BioGrid"	"PLA2G4A"
"M3"	"BioGrid"	"ANPEP"
"M3"	"BioGrid"	"GYG2"
"M3"	"BioGrid"	"IFI6"
"M3"	"BioGrid"	"OSM"
"M3"	"BioGrid"	"AREG"
"M3"	"BioGrid"	"PLA1A"
"M3"	"BioGrid"	"COLEC12"
"M3"	"BioGrid"	"SH3RF2"
"M3"	"BioGrid"	"NLRP2"
"M3"	"BioGrid"	"CD209"
"M3"	"BioGrid"	"AZGP1"
"M3"	"BioGrid"	"CD24"
"M3"	"BioGrid"	"FOXA3"
"M3"	"BioGrid"	"SCN8A"
"M3"	"BioGrid"	"HLA-DOA"
"M3"	"BioGrid"	"HLA-DOB"
"M3"	"BioGrid"	"MRC1"
"M3"	"BioGrid"	"TRIM36"
"M3"	"BioGrid"	"IFI27"
"M3"	"BioGrid"	"SLC4A3"
"M3"	"BioGrid"	"NEB"
"M3"	"BioGrid"	"ABLIM2"
"M3"	"BioGrid"	"TNFAIP2"
"M3"	"BioGrid"	"MARCO"
"M3"	"BioGrid"	"CCL28"
"M3"	"BioGrid"	"LILRB4"
"M3"	"BioGrid"	"SMOC1"
"M3"	"BioGrid"	"PLAG1"
"M3"	"BioGrid"	"CD163"
"M3"	"BioGrid"	"TNFSF9"
"M3"	"BioGrid"	"CPNE7"
"M3"	"BioGrid"	"ABCA4"
"M3"	"BioGrid"	"LRP4"
"M3"	"BioGrid"	"FAM69B"
"M3"	"BioGrid"	"OASL"
"M3"	"BioGrid"	"GALNT3"
"M3"	"BioGrid"	"AQP9"
"M3"	"BioGrid_Fly"	"SIX1"
"M3"	"BioGrid_Fly"	"RAB26"
"M3"	"BioGrid_Fly"	"BCAT1"
"M3"	"BioGrid_Fly"	"CHRD"
"M3"	"BioGrid_Fly"	"DNAJC12"
"M3"	"BioGrid_Fly"	"SLC16A14"
"M3"	"BIND_Fly"	"SIX1"
"M3"	"BIND_Fly"	"RAB26"
"M3"	"BIND_Fly"	"DNAJC12"
"M3"	"BIND_Fly"	"SLC16A14"
"M3"	"DIP_Fly"	"SIX1"
"M3"	"DIP_Fly"	"RAB26"
"M3"	"DIP_Fly"	"SLC16A14"
"M3"	"FlyLow"	"SIX1"
"M3"	"FlyLow"	"SLC16A14"
"M3"	"MINT_Fly"	"SIX1"
"M3"	"MINT_Fly"	"RAB26"
"M3"	"MINT_Fly"	"DNAJC12"
"M3"	"MINT_Fly"	"SLC16A14"
"M3"	"IntAct"	"FABP3"
"M3"	"IntAct"	"SIX1"
"M3"	"IntAct"	"PPARG"
"M3"	"IntAct"	"ICAM1"
"M3"	"IntAct"	"LYZ"
"M3"	"IntAct"	"EPPK1"
"M3"	"IntAct"	"ISG15"
"M3"	"IntAct"	"WNK2"
"M3"	"IntAct"	"SOX2"
"M3"	"IntAct"	"ANXA3"
"M3"	"IntAct"	"ANXA1"
"M3"	"IntAct"	"SIRPB1"
"M3"	"IntAct"	"IRS2"
"M3"	"IntAct"	"S100A9"
"M3"	"IntAct"	"HDAC9"
"M3"	"IntAct"	"CARD11"
"M3"	"IntAct"	"PROX1"
"M3"	"IntAct"	"RYR1"
"M3"	"IntAct"	"SRPK3"
"M3"	"IntAct"	"CCL3"
"M3"	"IntAct"	"CCL13"
"M3"	"IntAct"	"MET"
"M3"	"IntAct"	"LDOC1"
"M3"	"IntAct"	"VANGL2"
"M3"	"IntAct"	"PTGER2"
"M3"	"IntAct"	"APOE"
"M3"	"IntAct"	"IFIT1"
"M3"	"IntAct"	"IL2RA"
"M3"	"IntAct"	"FPR1"
"M3"	"IntAct"	"BCAT1"
"M3"	"IntAct"	"DUSP4"
"M3"	"IntAct"	"FOXP2"
"M3"	"IntAct"	"CCBE1"
"M3"	"IntAct"	"AKR7A3"
"M3"	"IntAct"	"FGL1"
"M3"	"IntAct"	"LTB"
"M3"	"IntAct"	"FCGR1A"
"M3"	"IntAct"	"SYT7"
"M3"	"IntAct"	"CHRD"
"M3"	"IntAct"	"HLA-DQA1"
"M3"	"IntAct"	"TBX15"
"M3"	"IntAct"	"ODC1"
"M3"	"IntAct"	"LILRB5"
"M3"	"IntAct"	"ADTRP"
"M3"	"IntAct"	"ENO3"
"M3"	"IntAct"	"SRCIN1"
"M3"	"IntAct"	"PDE3A"
"M3"	"IntAct"	"CYBB"
"M3"	"IntAct"	"HK3"
"M3"	"IntAct"	"KCNH2"
"M3"	"IntAct"	"CST6"
"M3"	"IntAct"	"MX1"
"M3"	"IntAct"	"MARK1"
"M3"	"IntAct"	"BAALC"
"M3"	"IntAct"	"DNAJC12"
"M3"	"IntAct"	"F13A1"
"M3"	"IntAct"	"S100A4"
"M3"	"IntAct"	"GRB14"
"M3"	"IntAct"	"MMP7"
"M3"	"IntAct"	"IL1B"
"M3"	"IntAct"	"CSTA"
"M3"	"IntAct"	"HLA-DRB1"
"M3"	"IntAct"	"HLA-DRA"
"M3"	"IntAct"	"CD74"
"M3"	"IntAct"	"PKP1"
"M3"	"IntAct"	"STAC"
"M3"	"IntAct"	"C1QB"
"M3"	"IntAct"	"MYO1G"
"M3"	"IntAct"	"IGFBP2"
"M3"	"IntAct"	"CCL18"
"M3"	"IntAct"	"PLA2G4A"
"M3"	"IntAct"	"ANPEP"
"M3"	"IntAct"	"GYG2"
"M3"	"IntAct"	"OSM"
"M3"	"IntAct"	"AREG"
"M3"	"IntAct"	"SH3RF2"
"M3"	"IntAct"	"AZGP1"
"M3"	"IntAct"	"SCN8A"
"M3"	"IntAct"	"HLA-DOA"
"M3"	"IntAct"	"TRIM36"
"M3"	"IntAct"	"ZNF703"
"M3"	"IntAct"	"IFI27"
"M3"	"IntAct"	"PKIA"
"M3"	"IntAct"	"NEB"
"M3"	"IntAct"	"OLR1"
"M3"	"IntAct"	"ABLIM2"
"M3"	"IntAct"	"CCL28"
"M3"	"IntAct"	"KLHL35"
"M3"	"IntAct"	"CAPN5"
"M3"	"IntAct"	"GPNMB"
"M3"	"IntAct"	"PLAG1"
"M3"	"IntAct"	"SEMA4G"
"M3"	"IntAct"	"MCOLN3"
"M3"	"IntAct"	"CPNE7"
"M3"	"IntAct"	"EPN3"
"M3"	"IntAct"	"LRP4"
"M3"	"IntAct"	"FAM69B"
"M3"	"IntAct"	"OASL"
"M3"	"IntAct"	"AQP9"
"M3"	"INNATEDB"	"SIX1"
"M3"	"INNATEDB"	"PPARG"
"M3"	"INNATEDB"	"ICAM1"
"M3"	"INNATEDB"	"LYZ"
"M3"	"INNATEDB"	"ISG15"
"M3"	"INNATEDB"	"SOX2"
"M3"	"INNATEDB"	"ANXA1"
"M3"	"INNATEDB"	"SIRPB1"
"M3"	"INNATEDB"	"IRS2"
"M3"	"INNATEDB"	"S100A9"
"M3"	"INNATEDB"	"HDAC9"
"M3"	"INNATEDB"	"CARD11"
"M3"	"INNATEDB"	"C2"
"M3"	"INNATEDB"	"CLDN3"
"M3"	"INNATEDB"	"CCL3"
"M3"	"INNATEDB"	"CCL13"
"M3"	"INNATEDB"	"SELL"
"M3"	"INNATEDB"	"CCR4"
"M3"	"INNATEDB"	"MET"
"M3"	"INNATEDB"	"LDOC1"
"M3"	"INNATEDB"	"IFIT1"
"M3"	"INNATEDB"	"IL2RA"
"M3"	"INNATEDB"	"DUSP4"
"M3"	"INNATEDB"	"LTB"
"M3"	"INNATEDB"	"CHRD"
"M3"	"INNATEDB"	"RARRES3"
"M3"	"INNATEDB"	"TREM1"
"M3"	"INNATEDB"	"CYBB"
"M3"	"INNATEDB"	"KCNH2"
"M3"	"INNATEDB"	"MX1"
"M3"	"INNATEDB"	"BAALC"
"M3"	"INNATEDB"	"S100A4"
"M3"	"INNATEDB"	"IL1B"
"M3"	"INNATEDB"	"HLA-DRA"
"M3"	"INNATEDB"	"PLA2G4A"
"M3"	"INNATEDB"	"IFI6"
"M3"	"INNATEDB"	"OSM"
"M3"	"INNATEDB"	"NLRP2"
"M3"	"INNATEDB"	"TLR8"
"M3"	"INNATEDB"	"ABLIM2"
"M3"	"INNATEDB"	"TNFAIP2"
"M3"	"INNATEDB"	"PADI2"
"M3"	"INNATEDB"	"BMP6"
"M3"	"INNATEDB"	"HAL"
"M3"	"INNATEDB"	"RDH10"
"M3"	"INNATEDB"	"AQP9"
"M3"	"DIP"	"SIX1"
"M3"	"DIP"	"PPARG"
"M3"	"DIP"	"ICAM1"
"M3"	"DIP"	"ISG15"
"M3"	"DIP"	"SOX2"
"M3"	"DIP"	"S100A9"
"M3"	"DIP"	"HDAC9"
"M3"	"DIP"	"CARD11"
"M3"	"DIP"	"CLDN3"
"M3"	"DIP"	"CCL3"
"M3"	"DIP"	"CCL13"
"M3"	"DIP"	"CCR4"
"M3"	"DIP"	"MET"
"M3"	"DIP"	"APOE"
"M3"	"DIP"	"IFIT1"
"M3"	"DIP"	"IL2RA"
"M3"	"DIP"	"FOXP2"
"M3"	"DIP"	"LARGE2"
"M3"	"DIP"	"CHRD"
"M3"	"DIP"	"NT5E"
"M3"	"DIP"	"CYBB"
"M3"	"DIP"	"KCNH2"
"M3"	"DIP"	"MX1"
"M3"	"DIP"	"MARK1"
"M3"	"DIP"	"F13A1"
"M3"	"DIP"	"S100A4"
"M3"	"DIP"	"GRB14"
"M3"	"DIP"	"IL1B"
"M3"	"DIP"	"HLA-DRB1"
"M3"	"DIP"	"PLA2G4A"
"M3"	"DIP"	"HLA-DOA"
"M3"	"DIP"	"IL1RN"
"M3"	"DIP"	"OLR1"
"M3"	"MINT"	"FABP3"
"M3"	"MINT"	"SIX1"
"M3"	"MINT"	"ICAM1"
"M3"	"MINT"	"LYZ"
"M3"	"MINT"	"ISG15"
"M3"	"MINT"	"WNK2"
"M3"	"MINT"	"ANXA3"
"M3"	"MINT"	"ANXA1"
"M3"	"MINT"	"IRS2"
"M3"	"MINT"	"PROX1"
"M3"	"MINT"	"RYR1"
"M3"	"MINT"	"MET"
"M3"	"MINT"	"LDOC1"
"M3"	"MINT"	"IL2RA"
"M3"	"MINT"	"DUSP4"
"M3"	"MINT"	"AKR7A3"
"M3"	"MINT"	"FCGR1A"
"M3"	"MINT"	"HLA-DQA1"
"M3"	"MINT"	"LILRB5"
"M3"	"MINT"	"ADTRP"
"M3"	"MINT"	"KCNH2"
"M3"	"MINT"	"S100A4"
"M3"	"MINT"	"IL1B"
"M3"	"MINT"	"CSTA"
"M3"	"MINT"	"HLA-DRB1"
"M3"	"MINT"	"HLA-DRA"
"M3"	"MINT"	"CD74"
"M3"	"MINT"	"APOC1"
"M3"	"MINT"	"MYO1G"
"M3"	"MINT"	"HLA-DPA1"
"M3"	"MINT"	"CCL18"
"M3"	"MINT"	"ANPEP"
"M3"	"MINT"	"AREG"
"M3"	"MINT"	"PKIA"
"M3"	"MINT"	"NEB"
"M3"	"MINT"	"OLR1"
"M3"	"MINT"	"CCL28"
"M3"	"MINT"	"ATP6V1C2"
"M3"	"HPRD"	"FABP3"
"M3"	"HPRD"	"SIX1"
"M3"	"HPRD"	"PPARG"
"M3"	"HPRD"	"ICAM1"
"M3"	"HPRD"	"LYZ"
"M3"	"HPRD"	"ISG15"
"M3"	"HPRD"	"SOX2"
"M3"	"HPRD"	"ANXA3"
"M3"	"HPRD"	"ANXA1"
"M3"	"HPRD"	"SIRPB1"
"M3"	"HPRD"	"ATP7B"
"M3"	"HPRD"	"IRS2"
"M3"	"HPRD"	"S100A9"
"M3"	"HPRD"	"HDAC9"
"M3"	"HPRD"	"CARD11"
"M3"	"HPRD"	"PROX1"
"M3"	"HPRD"	"C2"
"M3"	"HPRD"	"RYR1"
"M3"	"HPRD"	"CLDN3"
"M3"	"HPRD"	"CCL3"
"M3"	"HPRD"	"CCL13"
"M3"	"HPRD"	"SELL"
"M3"	"HPRD"	"FCN1"
"M3"	"HPRD"	"CCR4"
"M3"	"HPRD"	"MET"
"M3"	"HPRD"	"LDOC1"
"M3"	"HPRD"	"PTGER2"
"M3"	"HPRD"	"PODXL2"
"M3"	"HPRD"	"APOE"
"M3"	"HPRD"	"IFIT1"
"M3"	"HPRD"	"IL2RA"
"M3"	"HPRD"	"FPR1"
"M3"	"HPRD"	"DUSP4"
"M3"	"HPRD"	"AKR7A3"
"M3"	"HPRD"	"FGL1"
"M3"	"HPRD"	"LTB"
"M3"	"HPRD"	"FCGR1A"
"M3"	"HPRD"	"SYT7"
"M3"	"HPRD"	"HLA-DQA1"
"M3"	"HPRD"	"NT5E"
"M3"	"HPRD"	"RARRES3"
"M3"	"HPRD"	"ODC1"
"M3"	"HPRD"	"SIGLEC14"
"M3"	"HPRD"	"TREM1"
"M3"	"HPRD"	"TREM2"
"M3"	"HPRD"	"SRCIN1"
"M3"	"HPRD"	"CYBB"
"M3"	"HPRD"	"HK3"
"M3"	"HPRD"	"KCNH2"
"M3"	"HPRD"	"MX1"
"M3"	"HPRD"	"HLA-DRB5"
"M3"	"HPRD"	"MARK1"
"M3"	"HPRD"	"F13A1"
"M3"	"HPRD"	"S100A4"
"M3"	"HPRD"	"GRB14"
"M3"	"HPRD"	"MMP7"
"M3"	"HPRD"	"IL1B"
"M3"	"HPRD"	"VSIG4"
"M3"	"HPRD"	"CSTA"
"M3"	"HPRD"	"HLA-DQA2"
"M3"	"HPRD"	"HLA-DQB1"
"M3"	"HPRD"	"HLA-DRB1"
"M3"	"HPRD"	"HLA-DRA"
"M3"	"HPRD"	"CD74"
"M3"	"HPRD"	"PKP1"
"M3"	"HPRD"	"APOC1"
"M3"	"HPRD"	"C1QB"
"M3"	"HPRD"	"CR1"
"M3"	"HPRD"	"HLA-DPA1"
"M3"	"HPRD"	"CCL18"
"M3"	"HPRD"	"PLA2G4A"
"M3"	"HPRD"	"ANPEP"
"M3"	"HPRD"	"GYG2"
"M3"	"HPRD"	"IFI6"
"M3"	"HPRD"	"OSM"
"M3"	"HPRD"	"AREG"
"M3"	"HPRD"	"PLA1A"
"M3"	"HPRD"	"CD209"
"M3"	"HPRD"	"AZGP1"
"M3"	"HPRD"	"CD24"
"M3"	"HPRD"	"TLR8"
"M3"	"HPRD"	"FOXA3"
"M3"	"HPRD"	"SCN8A"
"M3"	"HPRD"	"HLA-DOA"
"M3"	"HPRD"	"IFI27"
"M3"	"HPRD"	"PKIA"
"M3"	"HPRD"	"BMP6"
"M3"	"HPRD"	"CHI3L1"
"M3"	"HPRD"	"KLHL35"
"M3"	"HPRD"	"XDH"
"M3"	"HPRD"	"GATM"
"M3"	"HPRD"	"PLAG1"
"M3"	"HPRD"	"TNFSF9"
"M3"	"HPRD"	"CPNE7"
"M3"	"HPRD"	"PCLO"
"M3"	"HPRD"	"OASL"
"M3"	"BioGrid_Mouse"	"SIX1"
"M3"	"BioGrid_Mouse"	"PPARG"
"M3"	"BioGrid_Mouse"	"ISG15"
"M3"	"BioGrid_Mouse"	"SOX2"
"M3"	"BioGrid_Mouse"	"ANXA1"
"M3"	"BioGrid_Mouse"	"ATP7B"
"M3"	"BioGrid_Mouse"	"CARD11"
"M3"	"BioGrid_Mouse"	"PROX1"
"M3"	"BioGrid_Mouse"	"CCL13"
"M3"	"BioGrid_Mouse"	"MET"
"M3"	"BioGrid_Mouse"	"VANGL2"
"M3"	"BioGrid_Mouse"	"APOE"
"M3"	"BioGrid_Mouse"	"FCGR1A"
"M3"	"BioGrid_Mouse"	"TBX15"
"M3"	"BioGrid_Mouse"	"S100A4"
"M3"	"BioGrid_Mouse"	"IL1B"
"M3"	"BioGrid_Mouse"	"HLA-DQB1"
"M3"	"BioGrid_Mouse"	"PLA2G4A"
"M3"	"BioGrid_Mouse"	"PCLO"
"M3"	"BioGrid_Mouse"	"ANKRD22"
"M3"	"IntAct_Mouse"	"PPARG"
"M3"	"IntAct_Mouse"	"ISG15"
"M3"	"IntAct_Mouse"	"SOX2"
"M3"	"IntAct_Mouse"	"IRS2"
"M3"	"IntAct_Mouse"	"S100A9"
"M3"	"IntAct_Mouse"	"HDAC9"
"M3"	"IntAct_Mouse"	"CARD11"
"M3"	"IntAct_Mouse"	"RYR1"
"M3"	"IntAct_Mouse"	"CLDN3"
"M3"	"IntAct_Mouse"	"VANGL2"
"M3"	"IntAct_Mouse"	"LTB"
"M3"	"IntAct_Mouse"	"SYT7"
"M3"	"IntAct_Mouse"	"HLA-DQA1"
"M3"	"IntAct_Mouse"	"ODC1"
"M3"	"IntAct_Mouse"	"SRCIN1"
"M3"	"IntAct_Mouse"	"PDE3A"
"M3"	"IntAct_Mouse"	"CYBB"
"M3"	"IntAct_Mouse"	"HLA-DRB5"
"M3"	"IntAct_Mouse"	"S100A4"
"M3"	"IntAct_Mouse"	"ANPEP"
"M3"	"IntAct_Mouse"	"MRC1"
"M3"	"IntAct_Mouse"	"GPNMB"
"M3"	"IntAct_Mouse"	"SEMA4G"
"M3"	"IntAct_Mouse"	"LRP4"
"M3"	"BioGrid_Rat"	"IRS2"
"M3"	"BioGrid_Rat"	"C2"
"M3"	"BioGrid_Rat"	"CXXC4"
"M3"	"BioGrid_Rat"	"SRCIN1"
"M3"	"BioGrid_Rat"	"HK3"
"M3"	"BioGrid_Rat"	"ANPEP"
"M3"	"INNATEDB_Mouse"	"PPARG"
"M3"	"INNATEDB_Mouse"	"ICAM1"
"M3"	"INNATEDB_Mouse"	"ISG15"
"M3"	"INNATEDB_Mouse"	"SOX2"
"M3"	"INNATEDB_Mouse"	"IRS2"
"M3"	"INNATEDB_Mouse"	"CARD11"
"M3"	"INNATEDB_Mouse"	"CCL13"
"M3"	"INNATEDB_Mouse"	"SELL"
"M3"	"INNATEDB_Mouse"	"PODXL2"
"M3"	"INNATEDB_Mouse"	"IL2RA"
"M3"	"INNATEDB_Mouse"	"ODC1"
"M3"	"INNATEDB_Mouse"	"TREM1"
"M3"	"INNATEDB_Mouse"	"TREM2"
"M3"	"INNATEDB_Mouse"	"CYBB"
"M3"	"INNATEDB_Mouse"	"HK3"
"M3"	"INNATEDB_Mouse"	"KCNH2"
"M3"	"INNATEDB_Mouse"	"IL1B"
"M3"	"INNATEDB_Mouse"	"CD74"
"M3"	"INNATEDB_Mouse"	"PLA2G4A"
"M3"	"INNATEDB_Mouse"	"MRC1"
"M3"	"INNATEDB_Mouse"	"SIGLEC1"
"M3"	"INNATEDB_Mouse"	"TMPRSS13"
"M3"	"INNATEDB_Mouse"	"MARCO"
"M3"	"BioGrid_Yeast"	"GPT2"
"M3"	"BioGrid_Yeast"	"BCAT1"
"M3"	"BioGrid_Yeast"	"ODC1"
"M3"	"VidalHuman_core"	"SIX1"
"M3"	"VidalHuman_core"	"ISG15"
"M3"	"VidalHuman_core"	"LDOC1"
"M3"	"VidalHuman_core"	"IFIT1"
"M3"	"VidalHuman_core"	"AKR7A3"
"M3"	"BIND"	"SIX1"
"M3"	"BIND"	"PPARG"
"M3"	"BIND"	"ICAM1"
"M3"	"BIND"	"SOX2"
"M3"	"BIND"	"S100A9"
"M3"	"BIND"	"HDAC9"
"M3"	"BIND"	"CARD11"
"M3"	"BIND"	"SELL"
"M3"	"BIND"	"MET"
"M3"	"BIND"	"LDOC1"
"M3"	"BIND"	"APOE"
"M3"	"BIND"	"ODC1"
"M3"	"BIND"	"TREM1"
"M3"	"BIND"	"PDE3A"
"M3"	"BIND"	"HK3"
"M3"	"BIND"	"MX1"
"M3"	"BIND"	"HLA-DRB5"
"M3"	"BIND"	"F13A1"
"M3"	"BIND"	"S100A4"
"M3"	"BIND"	"GRB14"
"M3"	"BIND"	"CSTA"
"M3"	"BIND"	"HLA-DRB1"
"M3"	"BIND"	"HLA-DRA"
"M3"	"BIND"	"CD74"
"M3"	"BIND"	"CD209"
"M3"	"BIND"	"AZGP1"
"M3"	"BIND"	"IL1RN"
"M3"	"BIND"	"OLR1"
"M3"	"BIND"	"CHI3L1"
"M3"	"BIND"	"LRP4"
"M3"	"MINT_Yeast"	"GPT2"
"M3"	"MINT_Yeast"	"BCAT1"
"M3"	"BCI"	"ICAM1"
"M3"	"BCI"	"ANXA1"
"M3"	"BCI"	"HDAC9"
"M3"	"BCI"	"C2"
"M3"	"BCI"	"SRPK3"
"M3"	"BCI"	"CCL3"
"M3"	"BCI"	"SELL"
"M3"	"BCI"	"FCN1"
"M3"	"BCI"	"APOE"
"M3"	"BCI"	"IFIT1"
"M3"	"BCI"	"IL2RA"
"M3"	"BCI"	"DUSP4"
"M3"	"BCI"	"ENTPD2"
"M3"	"BCI"	"LTB"
"M3"	"BCI"	"FCGR1A"
"M3"	"BCI"	"CYBB"
"M3"	"BCI"	"HK3"
"M3"	"BCI"	"KCNH2"
"M3"	"BCI"	"MX1"
"M3"	"BCI"	"F13A1"
"M3"	"BCI"	"S100A4"
"M3"	"BCI"	"MMP7"
"M3"	"BCI"	"IL1B"
"M3"	"BCI"	"CSTA"
"M3"	"BCI"	"HLA-DRA"
"M3"	"BCI"	"CD74"
"M3"	"BCI"	"PKP1"
"M3"	"BCI"	"C1QB"
"M3"	"BCI"	"CR1"
"M3"	"BCI"	"IGFBP2"
"M3"	"BCI"	"IL1RN"
"M3"	"BCI"	"PKIA"
"M3"	"BCI"	"NEB"
"M3"	"IntAct_Worm"	"SRPK3"
"M3"	"IntAct_Worm"	"HAL"
"M3"	"IntAct_Worm"	"XDH"
"M3"	"IntAct_Fly"	"SIX1"
"M3"	"IntAct_Fly"	"CHRD"
"M3"	"StelzlMedium"	"ANXA3"
"M3"	"StelzlMedium"	"HLA-DQA1"
"M3"	"StelzlMedium"	"KCNH2"
"M3"	"StelzlMedium"	"S100A4"
"M3"	"StelzlMedium"	"CCL18"
"M3"	"StelzlMedium"	"FAM69B"
"M3"	"VidalHuman_non_core"	"SIX1"
"M3"	"VidalHuman_non_core"	"CLDN3"
"M3"	"VidalHuman_non_core"	"IFIT1"
"M3"	"VidalHuman_non_core"	"AKR7A3"
"M3"	"BIND_Worm"	"SRPK3"
"M3"	"MGI"	"SIX1"
"M3"	"MGI"	"ANXA1"
"M3"	"MGI"	"RAB26"
"M3"	"MGI"	"CCL13"
"M3"	"MGI"	"BMP6"
"M3"	"BIND_Mouse"	"PPARG"
"M3"	"BIND_Mouse"	"S100A9"
"M3"	"BIND_Mouse"	"HLA-DQA1"
"M3"	"BIND_Mouse"	"ODC1"
"M3"	"BIND_Mouse"	"BMP6"
"M3"	"BIND_Rat"	"AKR7A3"
"M3"	"I2D-text_mining-c"	"CLDN3"
"M3"	"I2D-text_mining-c"	"ODC1"
"M3"	"I2D-text_mining-c"	"CSTA"
"M3"	"FlyHigh"	"SIX1"
"M3"	"FlyHigh"	"DNAJC12"
"M3"	"YeastLow"	"ODC1"
"M3"	"MINT_Mouse"	"IRS2"
"M3"	"MINT_Mouse"	"CLDN3"
"M3"	"MINT_Mouse"	"HLA-DQA1"
"M3"	"YeastMedium"	"GPT2"
"M3"	"YeastMedium"	"ODC1"
"M3"	"StelzlHigh"	"ANXA3"
"M3"	"StelzlHigh"	"HLA-DQA1"
"M3"	"StelzlHigh"	"CCL18"
"M3"	"SOURAV_MAPK_HIGH"	"S100A9"
"M3"	"I2D-c_Fiona_HUMAN"	"FABP3"
"M3"	"I2D-c_Fiona_HUMAN"	"MET"
"M3"	"BioGrid_Worm"	"SRPK3"
"M3"	"MINT_Worm"	"SRPK3"
"M3"	"IntAct_Rat"	"VANGL2"
"M3"	"IntAct_Rat"	"SRCIN1"
"M3"	"IntAct_Rat"	"GRB14"
"M3"	"IntAct_Rat"	"PCLO"
"M3"	"Krogan_Core"	"GPT2"
"M3"	"DIP_Mouse"	"ICAM1"
"M3"	"DIP_Mouse"	"CYBB"
"M3"	"DIP_Mouse"	"OSM"
"M3"	"DIP_Mouse"	"EPN3"
"M3"	"DIP_Mouse"	"LGSN"
"M3"	"StelzlLow"	"CSTA"
"M3"	"IntAct_Yeast"	"BCAT1"
"M3"	"DIP_Rat"	"HAL"
"M3"	"ShawnLi"	"RYR1"
"M3"	"Fawcett_polarity_Rat"	"PCLO"
"M3"	"DIP_Worm"	"SRPK3"
"M4"	"BioGrid"	"UBD"
"M4"	"BioGrid"	"AIM2"
"M4"	"BioGrid"	"BIRC3"
"M4"	"BioGrid"	"IRF4"
"M4"	"BioGrid"	"GZMB"
"M4"	"BioGrid"	"GZMH"
"M4"	"BioGrid"	"TNFRSF9"
"M4"	"BioGrid"	"CXCL13"
"M4"	"BioGrid"	"CCR7"
"M4"	"BioGrid"	"GRIP1"
"M4"	"BioGrid"	"IDO1"
"M4"	"BioGrid"	"RGS1"
"M4"	"BioGrid"	"SH2D1A"
"M4"	"BioGrid"	"SKAP1"
"M4"	"BioGrid"	"PDCD1"
"M4"	"BioGrid"	"POU2AF1"
"M4"	"BioGrid"	"TNFSF14"
"M4"	"BioGrid"	"CD8A"
"M4"	"BioGrid"	"CD79B"
"M4"	"BioGrid"	"MS4A1"
"M4"	"BioGrid"	"CCL21"
"M4"	"BioGrid"	"TDO2"
"M4"	"BioGrid"	"RPS6KA6"
"M4"	"BioGrid"	"PAX5"
"M4"	"BioGrid"	"CD22"
"M4"	"BioGrid"	"SLAMF7"
"M4"	"BioGrid"	"DERL3"
"M4"	"BioGrid"	"GZMA"
"M4"	"BioGrid"	"CCL5"
"M4"	"BioGrid"	"CFB"
"M4"	"BioGrid"	"MT2A"
"M4"	"BioGrid"	"CR2"
"M4"	"BioGrid"	"CD79A"
"M4"	"BioGrid"	"HLA-G"
"M4"	"BioGrid"	"CD19"
"M4"	"BioGrid"	"GNLY"
"M4"	"BioGrid"	"FAM3B"
"M4"	"BioGrid"	"PARP15"
"M4"	"BioGrid"	"SPIB"
"M4"	"BioGrid"	"GZMK"
"M4"	"BioGrid"	"CD38"
"M4"	"BioGrid"	"PRF1"
"M4"	"BioGrid"	"ATP2A3"
"M4"	"BioGrid"	"CXCL11"
"M4"	"BioGrid"	"CXCL9"
"M4"	"BioGrid"	"TNIP3"
"M4"	"BioGrid"	"TNNI1"
"M4"	"BioGrid"	"THEMIS"
"M4"	"BioGrid"	"CD274"
"M4"	"BioGrid"	"LAX1"
"M4"	"BioGrid"	"TNFRSF13C"
"M4"	"BioGrid"	"FAXC"
"M4"	"BioGrid"	"NKG7"
"M4"	"BioGrid"	"GBP5"
"M4"	"IntAct"	"UBD"
"M4"	"IntAct"	"AIM2"
"M4"	"IntAct"	"BIRC3"
"M4"	"IntAct"	"IRF4"
"M4"	"IntAct"	"GZMB"
"M4"	"IntAct"	"NELL2"
"M4"	"IntAct"	"CCR7"
"M4"	"IntAct"	"GRIP1"
"M4"	"IntAct"	"IDO1"
"M4"	"IntAct"	"RGS1"
"M4"	"IntAct"	"SH2D1A"
"M4"	"IntAct"	"SKAP1"
"M4"	"IntAct"	"PDCD1"
"M4"	"IntAct"	"POU2AF1"
"M4"	"IntAct"	"TNFSF14"
"M4"	"IntAct"	"CD8A"
"M4"	"IntAct"	"MS4A1"
"M4"	"IntAct"	"CTSW"
"M4"	"IntAct"	"CCL21"
"M4"	"IntAct"	"TDO2"
"M4"	"IntAct"	"RPS6KA6"
"M4"	"IntAct"	"PAX5"
"M4"	"IntAct"	"CD22"
"M4"	"IntAct"	"SLAMF7"
"M4"	"IntAct"	"GZMA"
"M4"	"IntAct"	"CCL5"
"M4"	"IntAct"	"CFB"
"M4"	"IntAct"	"MT2A"
"M4"	"IntAct"	"CD79A"
"M4"	"IntAct"	"HLA-G"
"M4"	"IntAct"	"CD19"
"M4"	"IntAct"	"CXCL10"
"M4"	"IntAct"	"SPIB"
"M4"	"IntAct"	"PRF1"
"M4"	"IntAct"	"ATP2A3"
"M4"	"IntAct"	"CXCL11"
"M4"	"IntAct"	"CXCL9"
"M4"	"IntAct"	"TNIP3"
"M4"	"IntAct"	"TNNI1"
"M4"	"IntAct"	"THEMIS"
"M4"	"IntAct"	"MZB1"
"M4"	"IntAct"	"FAXC"
"M4"	"IntAct"	"NKG7"
"M4"	"IntAct"	"KLHDC7B"
"M4"	"IntAct"	"NOMO3"
"M4"	"IntAct"	"GBP5"
"M4"	"BioGrid_Mouse"	"BIRC3"
"M4"	"BioGrid_Mouse"	"IRF4"
"M4"	"BioGrid_Mouse"	"TNFRSF9"
"M4"	"BioGrid_Mouse"	"GRIP1"
"M4"	"BioGrid_Mouse"	"IDO1"
"M4"	"BioGrid_Mouse"	"CD79A"
"M4"	"BioGrid_Mouse"	"CD19"
"M4"	"BioGrid_Mouse"	"CD38"
"M4"	"BioGrid_Mouse"	"TNIP3"
"M4"	"BioGrid_Mouse"	"TNFRSF13C"
"M4"	"INNATEDB"	"AIM2"
"M4"	"INNATEDB"	"BIRC3"
"M4"	"INNATEDB"	"IRF4"
"M4"	"INNATEDB"	"GZMB"
"M4"	"INNATEDB"	"GZMH"
"M4"	"INNATEDB"	"TNFRSF9"
"M4"	"INNATEDB"	"CCR7"
"M4"	"INNATEDB"	"CCL19"
"M4"	"INNATEDB"	"GRIP1"
"M4"	"INNATEDB"	"IDO1"
"M4"	"INNATEDB"	"SH2D1A"
"M4"	"INNATEDB"	"SKAP1"
"M4"	"INNATEDB"	"PDCD1"
"M4"	"INNATEDB"	"TNFSF14"
"M4"	"INNATEDB"	"MS4A1"
"M4"	"INNATEDB"	"PAX5"
"M4"	"INNATEDB"	"CD22"
"M4"	"INNATEDB"	"GZMA"
"M4"	"INNATEDB"	"TLR10"
"M4"	"INNATEDB"	"CD19"
"M4"	"INNATEDB"	"CXCL10"
"M4"	"INNATEDB"	"SPIB"
"M4"	"INNATEDB"	"GZMK"
"M4"	"INNATEDB"	"CD38"
"M4"	"INNATEDB"	"PRF1"
"M4"	"INNATEDB"	"CXCL11"
"M4"	"INNATEDB"	"ERAP2"
"M4"	"INNATEDB"	"CXCL9"
"M4"	"INNATEDB"	"TNIP3"
"M4"	"INNATEDB"	"LAG3"
"M4"	"INNATEDB"	"TNFRSF13C"
"M4"	"INNATEDB_Mouse"	"BIRC3"
"M4"	"INNATEDB_Mouse"	"IRF4"
"M4"	"INNATEDB_Mouse"	"CCR7"
"M4"	"INNATEDB_Mouse"	"IDO1"
"M4"	"INNATEDB_Mouse"	"SH2D1A"
"M4"	"INNATEDB_Mouse"	"PDCD1"
"M4"	"INNATEDB_Mouse"	"PAX5"
"M4"	"INNATEDB_Mouse"	"CD22"
"M4"	"INNATEDB_Mouse"	"CCL5"
"M4"	"INNATEDB_Mouse"	"CR2"
"M4"	"INNATEDB_Mouse"	"CD79A"
"M4"	"INNATEDB_Mouse"	"FCRL5"
"M4"	"INNATEDB_Mouse"	"PRF1"
"M4"	"INNATEDB_Mouse"	"CD274"
"M4"	"INNATEDB_Mouse"	"MZB1"
"M4"	"HPRD"	"UBD"
"M4"	"HPRD"	"BIRC3"
"M4"	"HPRD"	"IRF4"
"M4"	"HPRD"	"GZMB"
"M4"	"HPRD"	"TNFRSF9"
"M4"	"HPRD"	"NELL2"
"M4"	"HPRD"	"CXCL13"
"M4"	"HPRD"	"CCR7"
"M4"	"HPRD"	"CCL19"
"M4"	"HPRD"	"GRIP1"
"M4"	"HPRD"	"IDO1"
"M4"	"HPRD"	"CLDN11"
"M4"	"HPRD"	"RGS1"
"M4"	"HPRD"	"SH2D1A"
"M4"	"HPRD"	"SKAP1"
"M4"	"HPRD"	"POU2AF1"
"M4"	"HPRD"	"TNFSF14"
"M4"	"HPRD"	"CD8A"
"M4"	"HPRD"	"CD79B"
"M4"	"HPRD"	"MS4A1"
"M4"	"HPRD"	"CCL21"
"M4"	"HPRD"	"TDO2"
"M4"	"HPRD"	"PAX5"
"M4"	"HPRD"	"CD22"
"M4"	"HPRD"	"SLAMF7"
"M4"	"HPRD"	"DERL3"
"M4"	"HPRD"	"GZMA"
"M4"	"HPRD"	"TLR10"
"M4"	"HPRD"	"CCL5"
"M4"	"HPRD"	"CFB"
"M4"	"HPRD"	"MT2A"
"M4"	"HPRD"	"CR2"
"M4"	"HPRD"	"CD79A"
"M4"	"HPRD"	"HLA-G"
"M4"	"HPRD"	"JCHAIN"
"M4"	"HPRD"	"CD19"
"M4"	"HPRD"	"CXCL10"
"M4"	"HPRD"	"PARP15"
"M4"	"HPRD"	"CD38"
"M4"	"HPRD"	"PRF1"
"M4"	"HPRD"	"CXCL11"
"M4"	"HPRD"	"CXCL9"
"M4"	"HPRD"	"TNNI1"
"M4"	"HPRD"	"CD274"
"M4"	"HPRD"	"CECR2"
"M4"	"HPRD"	"MZB1"
"M4"	"HPRD"	"LAX1"
"M4"	"HPRD"	"ADCY1"
"M4"	"HPRD"	"TNFRSF13C"
"M4"	"HPRD"	"NOMO3"
"M4"	"HPRD"	"GBP5"
"M4"	"BCI"	"BIRC3"
"M4"	"BCI"	"IRF4"
"M4"	"BCI"	"GZMB"
"M4"	"BCI"	"TNFRSF9"
"M4"	"BCI"	"CCR7"
"M4"	"BCI"	"CCL19"
"M4"	"BCI"	"RGS1"
"M4"	"BCI"	"SH2D1A"
"M4"	"BCI"	"POU2AF1"
"M4"	"BCI"	"CD8A"
"M4"	"BCI"	"CD79B"
"M4"	"BCI"	"MS4A1"
"M4"	"BCI"	"CCL21"
"M4"	"BCI"	"PAX5"
"M4"	"BCI"	"GZMA"
"M4"	"BCI"	"CCL5"
"M4"	"BCI"	"CFB"
"M4"	"BCI"	"MT2A"
"M4"	"BCI"	"CR2"
"M4"	"BCI"	"CD79A"
"M4"	"BCI"	"HLA-G"
"M4"	"BCI"	"CD19"
"M4"	"BCI"	"CD38"
"M4"	"BCI"	"ATP2A3"
"M4"	"BCI"	"TNNI1"
"M4"	"BCI"	"LAG3"
"M4"	"DIP"	"AIM2"
"M4"	"DIP"	"TNFRSF9"
"M4"	"DIP"	"CXCL13"
"M4"	"DIP"	"CCR7"
"M4"	"DIP"	"CCL19"
"M4"	"DIP"	"TNFSF14"
"M4"	"DIP"	"CD79B"
"M4"	"DIP"	"CCL21"
"M4"	"DIP"	"CCL5"
"M4"	"DIP"	"CFB"
"M4"	"DIP"	"HLA-G"
"M4"	"DIP"	"CXCL10"
"M4"	"DIP"	"PRF1"
"M4"	"DIP"	"CXCL11"
"M4"	"DIP"	"CXCL9"
"M4"	"IntAct_Rat"	"GRIP1"
"M4"	"IntAct_Rat"	"RPS6KA6"
"M4"	"DIP_Mouse"	"IRF4"
"M4"	"DIP_Mouse"	"IDO1"
"M4"	"DIP_Mouse"	"PDCD1"
"M4"	"DIP_Mouse"	"CD79B"
"M4"	"DIP_Mouse"	"CD79A"
"M4"	"DIP_Mouse"	"CD38"
"M4"	"DIP_Mouse"	"PRF1"
"M4"	"DIP_Mouse"	"THEMIS"
"M4"	"IntAct_Mouse"	"AIM2"
"M4"	"IntAct_Mouse"	"BIRC3"
"M4"	"IntAct_Mouse"	"TNFRSF9"
"M4"	"IntAct_Mouse"	"GRIP1"
"M4"	"IntAct_Mouse"	"IDO1"
"M4"	"IntAct_Mouse"	"CLDN11"
"M4"	"IntAct_Mouse"	"SH2D1A"
"M4"	"IntAct_Mouse"	"CD8A"
"M4"	"IntAct_Mouse"	"PAX5"
"M4"	"IntAct_Mouse"	"CD22"
"M4"	"IntAct_Mouse"	"THEMIS"
"M4"	"IntAct_Mouse"	"CD274"
"M4"	"MINT"	"CXCL13"
"M4"	"MINT"	"GRIP1"
"M4"	"MINT"	"RGS1"
"M4"	"MINT"	"SH2D1A"
"M4"	"MINT"	"SKAP1"
"M4"	"MINT"	"PDCD1"
"M4"	"MINT"	"MS4A1"
"M4"	"MINT"	"CTSW"
"M4"	"MINT"	"CCL21"
"M4"	"MINT"	"RPS6KA6"
"M4"	"MINT"	"CD22"
"M4"	"MINT"	"CCL5"
"M4"	"MINT"	"CD19"
"M4"	"MINT"	"TNNI1"
"M4"	"BIND_Rat"	"GRIP1"
"M4"	"BIND_Mouse"	"GRIP1"
"M4"	"BIND_Mouse"	"CLDN11"
"M4"	"BIND_Mouse"	"SH2D1A"
"M4"	"BIND_Mouse"	"CD22"
"M4"	"BIND_Mouse"	"HLA-G"
"M4"	"BIND_Mouse"	"SLC52A3"
"M4"	"BIND"	"BIRC3"
"M4"	"BIND"	"GZMB"
"M4"	"BIND"	"SH2D1A"
"M4"	"BIND"	"PDCD1"
"M4"	"BIND"	"CD8A"
"M4"	"BIND"	"PAX5"
"M4"	"BIND"	"CD22"
"M4"	"BIND"	"CCL5"
"M4"	"BIND"	"CFB"
"M4"	"BIND"	"CR2"
"M4"	"BIND"	"CXCL10"
"M4"	"BIND"	"CD38"
"M4"	"BIND"	"TNFRSF13C"
"M4"	"MINT_Mouse"	"BIRC3"
"M4"	"MINT_Mouse"	"RGS1"
"M4"	"MINT_Mouse"	"SH2D1A"
"M4"	"MINT_Mouse"	"CD8A"
"M4"	"MINT_Mouse"	"CD22"
"M4"	"MINT_Mouse"	"CD19"
"M4"	"MINT_Mouse"	"SLC52A3"
"M4"	"VidalHuman_core"	"IRF4"
"M4"	"VidalHuman_core"	"TDO2"
"M4"	"VidalHuman_core"	"TNNI1"
"M4"	"BioGrid_Yeast"	"IDO1"
"M4"	"StelzlMedium"	"CXCL13"
"M4"	"StelzlMedium"	"RGS1"
"M4"	"StelzlMedium"	"RPS6KA6"
"M4"	"BioGrid_Worm"	"TDO2"
"M4"	"BIND_Worm"	"TDO2"
"M4"	"DIP_Worm"	"TDO2"
"M4"	"IntAct_Worm"	"TDO2"
"M4"	"MINT_Worm"	"TDO2"
"M4"	"MINT_Rat"	"GRIP1"
"M4"	"BioGrid_Fly"	"ADCY1"
"M4"	"VidalHuman_non_core"	"GZMH"
"M4"	"IntAct_Fly"	"SLC52A3"
"M5"	"BioGrid"	"EGFR"
"M5"	"BioGrid"	"OSGIN1"
"M5"	"BioGrid"	"ESR1"
"M5"	"BioGrid"	"UCHL1"
"M5"	"BioGrid"	"CBR3"
"M5"	"BioGrid"	"HNF4G"
"M5"	"BioGrid"	"PCSK9"
"M5"	"BioGrid"	"TXNRD1"
"M5"	"BioGrid"	"MAP2"
"M5"	"BioGrid"	"EGF"
"M5"	"BioGrid"	"PPARGC1A"
"M5"	"BioGrid"	"SDCBP2"
"M5"	"BioGrid"	"G6PD"
"M5"	"BioGrid"	"ID1"
"M5"	"BioGrid"	"PIR"
"M5"	"BioGrid"	"TPD52L1"
"M5"	"BioGrid"	"NOS3"
"M5"	"BioGrid"	"CES1"
"M5"	"BioGrid"	"EFS"
"M5"	"BioGrid"	"KCNE4"
"M5"	"BioGrid"	"BCAS1"
"M5"	"BioGrid"	"CPS1"
"M5"	"BioGrid"	"GCNT3"
"M5"	"BioGrid"	"SPTB"
"M5"	"BioGrid"	"HGD"
"M5"	"BioGrid"	"ASB9"
"M5"	"BioGrid"	"FGA"
"M5"	"BioGrid"	"FGG"
"M5"	"BioGrid"	"GPX2"
"M5"	"BioGrid"	"NQO1"
"M5"	"BioGrid"	"SPEG"
"M5"	"BioGrid"	"BHMT2"
"M5"	"BioGrid"	"ALDH3A1"
"M5"	"BioGrid"	"TRIM31"
"M5"	"BioGrid"	"S100P"
"M5"	"BioGrid"	"TESC"
"M5"	"BioGrid"	"AKR1C1"
"M5"	"BioGrid"	"AKR1C3"
"M5"	"BioGrid"	"AKR1C2"
"M5"	"IntAct"	"EGFR"
"M5"	"IntAct"	"OSGIN1"
"M5"	"IntAct"	"ESR1"
"M5"	"IntAct"	"UCHL1"
"M5"	"IntAct"	"CBR3"
"M5"	"IntAct"	"PCSK9"
"M5"	"IntAct"	"TXNRD1"
"M5"	"IntAct"	"MAP2"
"M5"	"IntAct"	"EGF"
"M5"	"IntAct"	"PPARGC1A"
"M5"	"IntAct"	"SDCBP2"
"M5"	"IntAct"	"G6PD"
"M5"	"IntAct"	"ID1"
"M5"	"IntAct"	"PIR"
"M5"	"IntAct"	"TPD52L1"
"M5"	"IntAct"	"NOS3"
"M5"	"IntAct"	"CES1"
"M5"	"IntAct"	"TSPAN7"
"M5"	"IntAct"	"EFS"
"M5"	"IntAct"	"CBR1"
"M5"	"IntAct"	"CPS1"
"M5"	"IntAct"	"GCNT3"
"M5"	"IntAct"	"SPTB"
"M5"	"IntAct"	"CMBL"
"M5"	"IntAct"	"HGD"
"M5"	"IntAct"	"ASB9"
"M5"	"IntAct"	"FGA"
"M5"	"IntAct"	"FGG"
"M5"	"IntAct"	"TFPI2"
"M5"	"IntAct"	"GPX2"
"M5"	"IntAct"	"NQO1"
"M5"	"IntAct"	"SPEG"
"M5"	"IntAct"	"TRIM31"
"M5"	"IntAct"	"S100P"
"M5"	"IntAct"	"TESC"
"M5"	"IntAct"	"AKR1C1"
"M5"	"IntAct"	"PCSK6"
"M5"	"IntAct"	"AKR1C3"
"M5"	"IntAct"	"VSTM2L"
"M5"	"IntAct"	"DDIT4L"
"M5"	"Moran_EGFR"	"EGFR"
"M5"	"I2D-c_Fiona_HUMAN"	"EGFR"
"M5"	"I2D-c_Fiona_HUMAN"	"ESR1"
"M5"	"BIND"	"EGFR"
"M5"	"BIND"	"ESR1"
"M5"	"BIND"	"HNF4G"
"M5"	"BIND"	"EGF"
"M5"	"BIND"	"SDCBP2"
"M5"	"BIND"	"G6PD"
"M5"	"BIND"	"TPD52L1"
"M5"	"BIND"	"NOS3"
"M5"	"BIND"	"CES1"
"M5"	"BIND"	"FGA"
"M5"	"BIND"	"FGG"
"M5"	"BIND"	"NQO1"
"M5"	"BIND"	"S100P"
"M5"	"BIND"	"AKR1C1"
"M5"	"BIND"	"AKR1C2"
"M5"	"BIND"	"SCN9A"
"M5"	"MYTH_EGFR"	"EGFR"
"M5"	"BIND_Rat"	"DOC2B"
"M5"	"BIND_Rat"	"TXNRD1"
"M5"	"BIND_Rat"	"ALDH3A1"
"M5"	"INNATEDB"	"EGFR"
"M5"	"INNATEDB"	"ESR1"
"M5"	"INNATEDB"	"PPARGC1A"
"M5"	"INNATEDB"	"ID1"
"M5"	"INNATEDB"	"TPD52L1"
"M5"	"INNATEDB"	"NOS3"
"M5"	"INNATEDB"	"FGA"
"M5"	"INNATEDB"	"FGG"
"M5"	"INNATEDB"	"TFPI2"
"M5"	"INNATEDB"	"TRIM16L"
"M5"	"INNATEDB"	"NQO1"
"M5"	"INNATEDB"	"TESC"
"M5"	"BioGrid_Yeast"	"FA2H"
"M5"	"BioGrid_Yeast"	"PCSK9"
"M5"	"BioGrid_Yeast"	"G6PD"
"M5"	"BioGrid_Yeast"	"HACD1"
"M5"	"JonesErbB1"	"EGFR"
"M5"	"HPRD"	"EGFR"
"M5"	"HPRD"	"ESR1"
"M5"	"HPRD"	"UCHL1"
"M5"	"HPRD"	"CBR3"
"M5"	"HPRD"	"HNF4G"
"M5"	"HPRD"	"PCSK9"
"M5"	"HPRD"	"TXNRD1"
"M5"	"HPRD"	"EGF"
"M5"	"HPRD"	"PPARGC1A"
"M5"	"HPRD"	"SDCBP2"
"M5"	"HPRD"	"G6PD"
"M5"	"HPRD"	"ID1"
"M5"	"HPRD"	"PIR"
"M5"	"HPRD"	"TPD52L1"
"M5"	"HPRD"	"NOS3"
"M5"	"HPRD"	"CES1"
"M5"	"HPRD"	"TSPAN7"
"M5"	"HPRD"	"EFS"
"M5"	"HPRD"	"CBR1"
"M5"	"HPRD"	"BCAS1"
"M5"	"HPRD"	"CPS1"
"M5"	"HPRD"	"SPTB"
"M5"	"HPRD"	"HGD"
"M5"	"HPRD"	"ASB9"
"M5"	"HPRD"	"FGA"
"M5"	"HPRD"	"FGG"
"M5"	"HPRD"	"TFPI2"
"M5"	"HPRD"	"GPX2"
"M5"	"HPRD"	"NQO1"
"M5"	"HPRD"	"BACE2"
"M5"	"HPRD"	"ALDH3A1"
"M5"	"HPRD"	"TRIM31"
"M5"	"HPRD"	"S100P"
"M5"	"HPRD"	"AKR1C1"
"M5"	"HPRD"	"ZIK1"
"M5"	"HPRD"	"AKR1C3"
"M5"	"HPRD"	"SLC7A11"
"M5"	"BCI"	"ESR1"
"M5"	"BCI"	"UCHL1"
"M5"	"BCI"	"TXNRD1"
"M5"	"BCI"	"EGF"
"M5"	"BCI"	"ID1"
"M5"	"BCI"	"NQO1"
"M5"	"INNATEDB_Mouse"	"EGFR"
"M5"	"INNATEDB_Mouse"	"ESR1"
"M5"	"INNATEDB_Mouse"	"PPARGC1A"
"M5"	"INNATEDB_Mouse"	"TSPAN7"
"M5"	"INNATEDB_Mouse"	"FGA"
"M5"	"Blagoev"	"EGFR"
"M5"	"BioGrid_Rat"	"EGFR"
"M5"	"BioGrid_Rat"	"ESR1"
"M5"	"BioGrid_Rat"	"SDCBP2"
"M5"	"DIP"	"EGFR"
"M5"	"DIP"	"ESR1"
"M5"	"DIP"	"PCSK9"
"M5"	"DIP"	"MAP2"
"M5"	"DIP"	"EGF"
"M5"	"DIP"	"PPARGC1A"
"M5"	"DIP"	"NOS3"
"M5"	"DIP"	"CBR1"
"M5"	"DIP"	"SPTB"
"M5"	"IntAct_Yeast"	"FA2H"
"M5"	"IntAct_Yeast"	"PCSK9"
"M5"	"IntAct_Yeast"	"G6PD"
"M5"	"IntAct_Yeast"	"HACD1"
"M5"	"BioGrid_Fly"	"FA2H"
"M5"	"BioGrid_Fly"	"G6PD"
"M5"	"BioGrid_Fly"	"HGD"
"M5"	"BioGrid_Fly"	"SCD5"
"M5"	"BIND_Fly"	"G6PD"
"M5"	"BIND_Fly"	"HGD"
"M5"	"FlyHigh"	"G6PD"
"M5"	"FlyHigh"	"HGD"
"M5"	"BioGrid_Mouse"	"EGFR"
"M5"	"BioGrid_Mouse"	"ESR1"
"M5"	"BioGrid_Mouse"	"UCHL1"
"M5"	"BioGrid_Mouse"	"MAP2"
"M5"	"BioGrid_Mouse"	"PPARGC1A"
"M5"	"BioGrid_Mouse"	"ID1"
"M5"	"BioGrid_Mouse"	"CABYR"
"M5"	"BioGrid_Mouse"	"NQO1"
"M5"	"MINT"	"EGFR"
"M5"	"MINT"	"ESR1"
"M5"	"MINT"	"MAP2"
"M5"	"MINT"	"EGF"
"M5"	"MINT"	"PPARGC1A"
"M5"	"MINT"	"SDCBP2"
"M5"	"MINT"	"TPD52L1"
"M5"	"MINT"	"CES1"
"M5"	"MINT"	"TSPAN7"
"M5"	"MINT"	"EFS"
"M5"	"MINT"	"CBR1"
"M5"	"MINT"	"ASB9"
"M5"	"MINT"	"FGA"
"M5"	"MINT"	"NQO1"
"M5"	"MINT"	"TESC"
"M5"	"MINT"	"AKR1C3"
"M5"	"IntAct_Mouse"	"EGFR"
"M5"	"IntAct_Mouse"	"UCHL1"
"M5"	"IntAct_Mouse"	"TXNRD1"
"M5"	"IntAct_Mouse"	"MAP2"
"M5"	"IntAct_Mouse"	"EGF"
"M5"	"IntAct_Mouse"	"PPARGC1A"
"M5"	"IntAct_Mouse"	"G6PD"
"M5"	"IntAct_Mouse"	"CPS1"
"M5"	"MINT_Mouse"	"EGFR"
"M5"	"MINT_Mouse"	"TXNRD1"
"M5"	"MINT_Mouse"	"MAP2"
"M5"	"MINT_Mouse"	"EGF"
"M5"	"StelzlMedium"	"TPD52L1"
"M5"	"StelzlMedium"	"AKR1C3"
"M5"	"ShawnLi"	"EFS"
"M5"	"DIP_Mouse"	"EGFR"
"M5"	"MINT_Yeast"	"FA2H"
"M5"	"MINT_Yeast"	"G6PD"
"M5"	"BIND_Mouse"	"ESR1"
"M5"	"BIND_Mouse"	"PPARGC1A"
"M5"	"BIND_Mouse"	"ID1"
"M5"	"BIND_Mouse"	"NQO1"
"M5"	"IntAct_Rat"	"ESR1"
"M5"	"IntAct_Rat"	"ID1"
"M5"	"IntAct_Rat"	"NOS3"
"M5"	"DIP_Worm"	"HNF4G"
"M5"	"DIP_Worm"	"HGD"
"M5"	"IntAct_Worm"	"HNF4G"
"M5"	"IntAct_Worm"	"HGD"
"M5"	"IntAct_Fly"	"HGD"
"M5"	"IntAct_Fly"	"SCD5"
"M5"	"BIND_Yeast"	"HACD1"
"M5"	"DIP_Rat"	"ESR1"
"M5"	"MINT_Rat"	"EGFR"
"M5"	"MINT_Rat"	"MAP2"
"M5"	"MGI"	"PPARGC1A"
"M5"	"StelzlLow"	"CBR1"
"M5"	"StelzlLow"	"AKR1C3"
"M5"	"Fawcett_polarity_Rat"	"MAP2"
"M5"	"VidalHuman_non_core"	"CES1"
"M5"	"DIP_Fly"	"HGD"
"M5"	"DIP_Fly"	"SCD5"
"M5"	"StelzlHigh"	"AKR1C3"
"M5"	"VidalHuman_core"	"SDCBP2"
"M5"	"VidalHuman_core"	"TESC"
"M5"	"BioGrid_Worm"	"HGD"
"M5"	"BIND_Worm"	"HGD"
"M5"	"CORE_2"	"HGD"
"M5"	"MINT_Fly"	"HGD"
"M5"	"MINT_Worm"	"HGD"
"M5"	"Tarassov_PCA"	"FA2H"
"M6"	"BioGrid"	"MAPK15"
"M6"	"BioGrid"	"NTN1"
"M6"	"BioGrid"	"CCDC114"
"M6"	"BioGrid"	"USP2"
"M6"	"BioGrid"	"KRT15"
"M6"	"BioGrid"	"TRIM29"
"M6"	"BioGrid"	"FOXJ1"
"M6"	"BioGrid"	"SCGB1A1"
"M6"	"BioGrid"	"KRT5"
"M6"	"BioGrid"	"PAX8"
"M6"	"BioGrid"	"LINGO1"
"M6"	"BioGrid"	"COL9A2"
"M6"	"BioGrid"	"ABCA13"
"M6"	"BioGrid"	"MUC5B"
"M6"	"BioGrid"	"LCN2"
"M6"	"BioGrid"	"CCNO"
"M6"	"BioGrid"	"TMPRSS3"
"M6"	"BioGrid"	"ZMYND10"
"M6"	"BioGrid"	"KLK10"
"M6"	"BioGrid"	"PROM1"
"M6"	"BioGrid"	"RSPH1"
"M6"	"IntAct"	"MAPK15"
"M6"	"IntAct"	"CCDC114"
"M6"	"IntAct"	"USP2"
"M6"	"IntAct"	"BAIAP3"
"M6"	"IntAct"	"KRT15"
"M6"	"IntAct"	"TRIM29"
"M6"	"IntAct"	"FOXJ1"
"M6"	"IntAct"	"SCGB1A1"
"M6"	"IntAct"	"KRT5"
"M6"	"IntAct"	"PAX8"
"M6"	"IntAct"	"LINGO1"
"M6"	"IntAct"	"WDR66"
"M6"	"IntAct"	"MUC20"
"M6"	"IntAct"	"CCNO"
"M6"	"IntAct"	"TMPRSS3"
"M6"	"IntAct"	"CCDC17"
"M6"	"IntAct"	"ZMYND10"
"M6"	"IntAct"	"KLK10"
"M6"	"IntAct"	"DNAH7"
"M6"	"IntAct"	"PROM1"
"M6"	"IntAct"	"TSPAN1"
"M6"	"IntAct"	"PLEKHS1"
"M6"	"IntAct_Fly"	"NTN1"
"M6"	"IntAct_Fly"	"BAIAP3"
"M6"	"IntAct_Fly"	"CFAP45"
"M6"	"BioGrid_Mouse"	"USP2"
"M6"	"BioGrid_Mouse"	"FOXJ1"
"M6"	"BioGrid_Mouse"	"PAX8"
"M6"	"BioGrid_Mouse"	"PROM1"
"M6"	"HPRD"	"MAPK15"
"M6"	"HPRD"	"NTN1"
"M6"	"HPRD"	"USP2"
"M6"	"HPRD"	"BAIAP3"
"M6"	"HPRD"	"KRT15"
"M6"	"HPRD"	"SLC4A8"
"M6"	"HPRD"	"TRIM29"
"M6"	"HPRD"	"SCGB1A1"
"M6"	"HPRD"	"KRT5"
"M6"	"HPRD"	"PAX8"
"M6"	"HPRD"	"LINGO1"
"M6"	"HPRD"	"COL9A2"
"M6"	"HPRD"	"MUC4"
"M6"	"HPRD"	"LCN2"
"M6"	"HPRD"	"CCNO"
"M6"	"HPRD"	"ZMYND10"
"M6"	"HPRD"	"KLK10"
"M6"	"HPRD"	"VTCN1"
"M6"	"HPRD"	"BPIFA1"
"M6"	"MINT"	"USP2"
"M6"	"MINT"	"KRT15"
"M6"	"MINT"	"TRIM29"
"M6"	"MINT"	"SCGB1A1"
"M6"	"MINT"	"LINGO1"
"M6"	"MINT"	"TMPRSS3"
"M6"	"MINT"	"ZMYND10"
"M6"	"MINT"	"KLK10"
"M6"	"VidalHuman_core"	"USP2"
"M6"	"VidalHuman_core"	"KRT15"
"M6"	"VidalHuman_core"	"TRIM29"
"M6"	"VidalHuman_core"	"COL9A2"
"M6"	"VidalHuman_core"	"ZMYND10"
"M6"	"VidalHuman_non_core"	"KRT15"
"M6"	"INNATEDB"	"USP2"
"M6"	"INNATEDB"	"KRT15"
"M6"	"INNATEDB"	"FOXJ1"
"M6"	"INNATEDB"	"PAX8"
"M6"	"INNATEDB"	"MUC5B"
"M6"	"INNATEDB"	"ZMYND10"
"M6"	"INNATEDB"	"TFF3"
"M6"	"IntAct_Mouse"	"NTN1"
"M6"	"IntAct_Mouse"	"SPAG17"
"M6"	"BioGrid_Fly"	"NTN1"
"M6"	"BioGrid_Fly"	"CFAP45"
"M6"	"BioGrid_Fly"	"ZMYND10"
"M6"	"DIP"	"NTN1"
"M6"	"DIP"	"USP2"
"M6"	"DIP"	"KRT5"
"M6"	"DIP"	"LINGO1"
"M6"	"DIP"	"CCNO"
"M6"	"DIP_Mouse"	"LINGO1"
"M6"	"BCI"	"KRT5"
"M6"	"BCI"	"PAX8"
"M6"	"BCI"	"COL9A2"
"M6"	"BCI"	"LCN2"
"M6"	"BIND"	"KRT5"
"M6"	"BIND"	"LINGO1"
"M6"	"BIND"	"TFF3"
"M6"	"BioGrid_Rat"	"USP2"
"M6"	"BIND_Rat"	"SCGB1A1"
"M6"	"INNATEDB_Mouse"	"LCN2"
"M6"	"INNATEDB_Mouse"	"IL20RA"
"M6"	"StelzlHigh"	"TMPRSS3"
"M6"	"IntAct_Rat"	"MAPK15"
"M6"	"IntAct_Rat"	"PAX8"
"M6"	"BIND_Fly"	"CFAP45"
"M6"	"BIND_Fly"	"ZMYND10"
"M6"	"FlyHigh"	"CFAP45"
"M6"	"MINT_Fly"	"CFAP45"
"M6"	"MINT_Fly"	"ZMYND10"
"M6"	"StelzlMedium"	"COL9A2"
"M6"	"StelzlMedium"	"KLK10"
"M6"	"DIP_Fly"	"CFAP45"
"M6"	"DIP_Fly"	"ZMYND10"
"M6"	"FlyLow"	"CFAP45"
"M6"	"MGI"	"TRIM29"
"Not.Correlated"	"IntAct"	"BAMBI"
"Not.Correlated"	"IntAct"	"THNSL2"
"Not.Correlated"	"IntAct"	"PRLR"
"Not.Correlated"	"IntAct"	"RAMP1"
"Not.Correlated"	"IntAct"	"ASRGL1"
"Not.Correlated"	"IntAct"	"DOCK3"
"Not.Correlated"	"IntAct"	"CP"
"Not.Correlated"	"BioGrid_Yeast"	"THNSL2"
"Not.Correlated"	"Krogan_NonCore"	"THNSL2"
"Not.Correlated"	"YeastLow"	"THNSL2"
"Not.Correlated"	"HPRD"	"BAMBI"
"Not.Correlated"	"HPRD"	"PRLR"
"Not.Correlated"	"HPRD"	"RAMP1"
"Not.Correlated"	"HPRD"	"DOCK3"
"Not.Correlated"	"BioGrid"	"THNSL2"
"Not.Correlated"	"BioGrid"	"PRLR"
"Not.Correlated"	"BioGrid"	"RAMP1"
"Not.Correlated"	"BioGrid"	"CP"
"Not.Correlated"	"BioGrid"	"LAMA3"
"Not.Correlated"	"BioGrid_Mouse"	"PRLR"
"Not.Correlated"	"BioGrid_Mouse"	"ASRGL1"
"Not.Correlated"	"BioGrid_Mouse"	"TBX1"
"Not.Correlated"	"MINT"	"THNSL2"
"Not.Correlated"	"MINT"	"PRLR"
"Not.Correlated"	"MINT"	"DOCK3"
"Not.Correlated"	"MINT"	"LAMA3"
"Not.Correlated"	"BIND_Rat"	"PRLR"
"Not.Correlated"	"DIP"	"PRLR"
"Not.Correlated"	"BIND"	"PRLR"
"Not.Correlated"	"BIND"	"F3"
"Not.Correlated"	"YeastHigh"	"THNSL2"
"Not.Correlated"	"BCI"	"CP"
"Not.Correlated"	"BIND_Mouse"	"PRLR"
"Not.Correlated"	"IntAct_Mouse"	"PRLR"
"Not.Correlated"	"IntAct_Mouse"	"CP"
"Not.Correlated"	"MINT_Mouse"	"PRLR"
"Not.Correlated"	"IntAct_Yeast"	"THNSL2"
"Not.Correlated"	"StelzlMedium"	"THNSL2"
"Not.Correlated"	"DIP_Yeast"	"THNSL2"
"Not.Correlated"	"KIM_MYC"	"ASRGL1"
"Not.Correlated"	"INNATEDB"	"PRLR"
