"Module"	"Gene1"	"Gene2"
"M1"	"BioGrid"	"CCDC8"
"M1"	"BioGrid"	"LRRK2"
"M1"	"BioGrid"	"BBOX1"
"M1"	"BioGrid"	"FABP3"
"M1"	"BioGrid"	"AQP1"
"M1"	"BioGrid"	"VCAM1"
"M1"	"BioGrid"	"HEY2"
"M1"	"BioGrid"	"CRYAB"
"M1"	"BioGrid"	"HPD"
"M1"	"BioGrid"	"DLL1"
"M1"	"BioGrid"	"CAMK2B"
"M1"	"BioGrid"	"CBLC"
"M1"	"BioGrid"	"AR"
"M1"	"BioGrid"	"TUBB4A"
"M1"	"BioGrid"	"CKB"
"M1"	"BioGrid"	"EPPK1"
"M1"	"BioGrid"	"VCAN"
"M1"	"BioGrid"	"TNFAIP6"
"M1"	"BioGrid"	"GIPC2"
"M1"	"BioGrid"	"DNM1"
"M1"	"BioGrid"	"STX1B"
"M1"	"BioGrid"	"ABCB1"
"M1"	"BioGrid"	"ABCB4"
"M1"	"BioGrid"	"HNF4G"
"M1"	"BioGrid"	"DPF3"
"M1"	"BioGrid"	"SERPING1"
"M1"	"BioGrid"	"MASP1"
"M1"	"BioGrid"	"CDH1"
"M1"	"BioGrid"	"CDH2"
"M1"	"BioGrid"	"GDA"
"M1"	"BioGrid"	"RAB27B"
"M1"	"BioGrid"	"NOX4"
"M1"	"BioGrid"	"IHH"
"M1"	"BioGrid"	"PCK1"
"M1"	"BioGrid"	"FLNC"
"M1"	"BioGrid"	"BMP4"
"M1"	"BioGrid"	"FHL1"
"M1"	"BioGrid"	"PHYHIP"
"M1"	"BioGrid"	"TNFSF10"
"M1"	"BioGrid"	"USP2"
"M1"	"BioGrid"	"HLF"
"M1"	"BioGrid"	"GLI3"
"M1"	"BioGrid"	"SOCS1"
"M1"	"BioGrid"	"ERBB3"
"M1"	"BioGrid"	"HOXC11"
"M1"	"BioGrid"	"HOXA9"
"M1"	"BioGrid"	"EMX2"
"M1"	"BioGrid"	"HNF1A"
"M1"	"BioGrid"	"PPARGC1A"
"M1"	"BioGrid"	"AHNAK2"
"M1"	"BioGrid"	"CLDN3"
"M1"	"BioGrid"	"MAPT"
"M1"	"BioGrid"	"PYGO1"
"M1"	"BioGrid"	"MME"
"M1"	"BioGrid"	"TRPV4"
"M1"	"BioGrid"	"AMIGO2"
"M1"	"BioGrid"	"CABP1"
"M1"	"BioGrid"	"LGALS2"
"M1"	"BioGrid"	"EPHB2"
"M1"	"BioGrid"	"DPP4"
"M1"	"BioGrid"	"TGM2"
"M1"	"BioGrid"	"PDZK1"
"M1"	"BioGrid"	"PTPRO"
"M1"	"BioGrid"	"GFRA1"
"M1"	"BioGrid"	"IL12RB2"
"M1"	"BioGrid"	"GLRB"
"M1"	"BioGrid"	"L1CAM"
"M1"	"BioGrid"	"KCNJ4"
"M1"	"BioGrid"	"SNAP25"
"M1"	"BioGrid"	"FBXO2"
"M1"	"BioGrid"	"LIPC"
"M1"	"BioGrid"	"CYB5R2"
"M1"	"BioGrid"	"THNSL2"
"M1"	"BioGrid"	"TRIB3"
"M1"	"BioGrid"	"PTH1R"
"M1"	"BioGrid"	"PODXL2"
"M1"	"BioGrid"	"EMX1"
"M1"	"BioGrid"	"A1CF"
"M1"	"BioGrid"	"TNFRSF11B"
"M1"	"BioGrid"	"HS3ST1"
"M1"	"BioGrid"	"PTH2R"
"M1"	"BioGrid"	"F10"
"M1"	"BioGrid"	"LRP2"
"M1"	"BioGrid"	"ZP3"
"M1"	"BioGrid"	"NRXN2"
"M1"	"BioGrid"	"ALDOC"
"M1"	"BioGrid"	"TFEC"
"M1"	"BioGrid"	"IGFBP3"
"M1"	"BioGrid"	"AP1M2"
"M1"	"BioGrid"	"MYH14"
"M1"	"BioGrid"	"ASS1"
"M1"	"BioGrid"	"IL32"
"M1"	"BioGrid"	"QPRT"
"M1"	"BioGrid"	"TRIM55"
"M1"	"BioGrid"	"GPRIN2"
"M1"	"BioGrid"	"HOXB6"
"M1"	"BioGrid"	"PHLDA1"
"M1"	"BioGrid"	"RASD1"
"M1"	"BioGrid"	"FOSL1"
"M1"	"BioGrid"	"PAPPA"
"M1"	"BioGrid"	"HEY1"
"M1"	"BioGrid"	"COL7A1"
"M1"	"BioGrid"	"FGFR4"
"M1"	"BioGrid"	"ANKRD2"
"M1"	"BioGrid"	"MLXIPL"
"M1"	"BioGrid"	"ZBTB7C"
"M1"	"BioGrid"	"OVOL1"
"M1"	"BioGrid"	"GATA2"
"M1"	"BioGrid"	"DUSP4"
"M1"	"BioGrid"	"ENTPD2"
"M1"	"BioGrid"	"FOXP2"
"M1"	"BioGrid"	"CA12"
"M1"	"BioGrid"	"NLGN1"
"M1"	"BioGrid"	"PRUNE2"
"M1"	"BioGrid"	"TUBB3"
"M1"	"BioGrid"	"PEG3"
"M1"	"BioGrid"	"MSLN"
"M1"	"BioGrid"	"RUNX1"
"M1"	"BioGrid"	"KLF15"
"M1"	"BioGrid"	"AKR7A3"
"M1"	"BioGrid"	"HNF4A"
"M1"	"BioGrid"	"KCNQ1"
"M1"	"BioGrid"	"RND2"
"M1"	"BioGrid"	"PRKAR2B"
"M1"	"BioGrid"	"LRFN4"
"M1"	"BioGrid"	"CSGALNACT1"
"M1"	"BioGrid"	"KCTD15"
"M1"	"BioGrid"	"NGEF"
"M1"	"BioGrid"	"SLC22A2"
"M1"	"BioGrid"	"CCND2"
"M1"	"BioGrid"	"SLC23A1"
"M1"	"BioGrid"	"SLC30A2"
"M1"	"BioGrid"	"HOXB9"
"M1"	"BioGrid"	"HOXD9"
"M1"	"BioGrid"	"PRAME"
"M1"	"BioGrid"	"METTL27"
"M1"	"BioGrid"	"ALDH1A1"
"M1"	"BioGrid"	"CUBN"
"M1"	"BioGrid"	"C6"
"M1"	"BioGrid"	"KLHL3"
"M1"	"BioGrid"	"SNCG"
"M1"	"BioGrid"	"GPD1"
"M1"	"BioGrid"	"ALDOB"
"M1"	"BioGrid"	"CD200"
"M1"	"BioGrid"	"CXCL2"
"M1"	"BioGrid"	"ALPL"
"M1"	"BioGrid"	"ADH6"
"M1"	"BioGrid"	"PTPRD"
"M1"	"BioGrid"	"KCNH2"
"M1"	"BioGrid"	"SLC27A2"
"M1"	"BioGrid"	"SOX9"
"M1"	"BioGrid"	"NFATC4"
"M1"	"BioGrid"	"CLIP3"
"M1"	"BioGrid"	"LDLR"
"M1"	"BioGrid"	"IGF2BP1"
"M1"	"BioGrid"	"IL17RB"
"M1"	"BioGrid"	"KHK"
"M1"	"BioGrid"	"VIL1"
"M1"	"BioGrid"	"AGT"
"M1"	"BioGrid"	"POU3F3"
"M1"	"BioGrid"	"BEX1"
"M1"	"BioGrid"	"PKLR"
"M1"	"BioGrid"	"CAPN3"
"M1"	"BioGrid"	"CLDN2"
"M1"	"BioGrid"	"TRIM9"
"M1"	"BioGrid"	"ITPR3"
"M1"	"BioGrid"	"BCL11A"
"M1"	"BioGrid"	"SATB2"
"M1"	"BioGrid"	"BAHCC1"
"M1"	"BioGrid"	"HGD"
"M1"	"BioGrid"	"C2orf88"
"M1"	"BioGrid"	"ADCY2"
"M1"	"BioGrid"	"CYP2C9"
"M1"	"BioGrid"	"CXCL14"
"M1"	"BioGrid"	"FAM50B"
"M1"	"BioGrid"	"RENBP"
"M1"	"BioGrid"	"CYP17A1"
"M1"	"BioGrid"	"FOLR1"
"M1"	"BioGrid"	"PROC"
"M1"	"BioGrid"	"SERPINF2"
"M1"	"BioGrid"	"DLGAP1"
"M1"	"BioGrid"	"EFNA5"
"M1"	"BioGrid"	"NRG1"
"M1"	"BioGrid"	"ANKS1B"
"M1"	"BioGrid"	"SERPINA5"
"M1"	"BioGrid"	"SERPINE2"
"M1"	"BioGrid"	"PLAU"
"M1"	"BioGrid"	"ADORA1"
"M1"	"BioGrid"	"ACE2"
"M1"	"BioGrid"	"C4A"
"M1"	"BioGrid"	"F12"
"M1"	"BioGrid"	"NPR1"
"M1"	"BioGrid"	"NPR3"
"M1"	"BioGrid"	"CXCL1"
"M1"	"BioGrid"	"RAB3B"
"M1"	"BioGrid"	"CXCL5"
"M1"	"BioGrid"	"ACHE"
"M1"	"BioGrid"	"CDH16"
"M1"	"BioGrid"	"SPTBN2"
"M1"	"BioGrid"	"ANK1"
"M1"	"BioGrid"	"PMAIP1"
"M1"	"BioGrid"	"PPM1E"
"M1"	"BioGrid"	"SEZ6L2"
"M1"	"BioGrid"	"ABCC6"
"M1"	"BioGrid"	"S100A2"
"M1"	"BioGrid"	"LAMA4"
"M1"	"BioGrid"	"FCAMR"
"M1"	"BioGrid"	"PTPRU"
"M1"	"BioGrid"	"ANPEP"
"M1"	"BioGrid"	"AGXT2"
"M1"	"BioGrid"	"LAD1"
"M1"	"BioGrid"	"TLL1"
"M1"	"BioGrid"	"GJB1"
"M1"	"BioGrid"	"TFPI"
"M1"	"BioGrid"	"SLC2A2"
"M1"	"BioGrid"	"HPGD"
"M1"	"BioGrid"	"ALDH4A1"
"M1"	"BioGrid"	"ETV4"
"M1"	"BioGrid"	"ARL4D"
"M1"	"BioGrid"	"ARL4C"
"M1"	"BioGrid"	"SPEG"
"M1"	"BioGrid"	"MPV17L"
"M1"	"BioGrid"	"SMTNL2"
"M1"	"BioGrid"	"CATIP"
"M1"	"BioGrid"	"PNMA8A"
"M1"	"BioGrid"	"AFAP1L2"
"M1"	"BioGrid"	"ANKS4B"
"M1"	"BioGrid"	"NECAB1"
"M1"	"BioGrid"	"FAM131C"
"M1"	"BioGrid"	"RNF183"
"M1"	"BioGrid"	"OLFM1"
"M1"	"BioGrid"	"GAL3ST1"
"M1"	"BioGrid"	"SPX"
"M1"	"BioGrid"	"ALDH8A1"
"M1"	"BioGrid"	"BHMT2"
"M1"	"BioGrid"	"EDNRB"
"M1"	"BioGrid"	"CITED4"
"M1"	"BioGrid"	"KCNJ3"
"M1"	"BioGrid"	"SPHK1"
"M1"	"BioGrid"	"BCHE"
"M1"	"BioGrid"	"AZGP1"
"M1"	"BioGrid"	"DDC"
"M1"	"BioGrid"	"AKAP5"
"M1"	"BioGrid"	"AKAP12"
"M1"	"BioGrid"	"SIM1"
"M1"	"BioGrid"	"MAL"
"M1"	"BioGrid"	"SLC5A1"
"M1"	"BioGrid"	"TRIM10"
"M1"	"BioGrid"	"CCDC68"
"M1"	"BioGrid"	"SCN8A"
"M1"	"BioGrid"	"EPHB1"
"M1"	"BioGrid"	"ADAMTSL3"
"M1"	"BioGrid"	"GPER1"
"M1"	"BioGrid"	"PAIP2B"
"M1"	"BioGrid"	"ACY3"
"M1"	"BioGrid"	"GLDC"
"M1"	"BioGrid"	"TM4SF1"
"M1"	"BioGrid"	"IFI27"
"M1"	"BioGrid"	"ALDH3A1"
"M1"	"BioGrid"	"SOSTDC1"
"M1"	"BioGrid"	"AJAP1"
"M1"	"BioGrid"	"GPRC5A"
"M1"	"BioGrid"	"GBA3"
"M1"	"BioGrid"	"SYTL1"
"M1"	"BioGrid"	"IL15RA"
"M1"	"BioGrid"	"HOXB8"
"M1"	"BioGrid"	"RRAD"
"M1"	"BioGrid"	"SLC4A3"
"M1"	"BioGrid"	"MYRIP"
"M1"	"BioGrid"	"KCNIP3"
"M1"	"BioGrid"	"DSCAML1"
"M1"	"BioGrid"	"PNMA2"
"M1"	"BioGrid"	"DPEP1"
"M1"	"BioGrid"	"ABI3BP"
"M1"	"BioGrid"	"NPAS3"
"M1"	"BioGrid"	"CTTNBP2"
"M1"	"BioGrid"	"KCNK3"
"M1"	"BioGrid"	"KRT86"
"M1"	"BioGrid"	"TBX2"
"M1"	"BioGrid"	"GGT1"
"M1"	"BioGrid"	"RCAN3"
"M1"	"BioGrid"	"DAO"
"M1"	"BioGrid"	"GLYAT"
"M1"	"BioGrid"	"SLC7A9"
"M1"	"BioGrid"	"NPDC1"
"M1"	"BioGrid"	"MAOB"
"M1"	"BioGrid"	"CCL28"
"M1"	"BioGrid"	"AKR1C1"
"M1"	"BioGrid"	"CD70"
"M1"	"BioGrid"	"AOX1"
"M1"	"BioGrid"	"GJB2"
"M1"	"BioGrid"	"EPHA7"
"M1"	"BioGrid"	"CGN"
"M1"	"BioGrid"	"ATRNL1"
"M1"	"BioGrid"	"WNT5A"
"M1"	"BioGrid"	"VEGFC"
"M1"	"BioGrid"	"HOXB5"
"M1"	"BioGrid"	"OSR1"
"M1"	"BioGrid"	"IL22RA1"
"M1"	"BioGrid"	"OGDHL"
"M1"	"BioGrid"	"CYP3A5"
"M1"	"BioGrid"	"ASPA"
"M1"	"BioGrid"	"NBL1"
"M1"	"BioGrid"	"ANXA13"
"M1"	"BioGrid"	"TTBK1"
"M1"	"BioGrid"	"ZMYND10"
"M1"	"BioGrid"	"FAM124A"
"M1"	"BioGrid"	"ABHD1"
"M1"	"BioGrid"	"PLCB4"
"M1"	"BioGrid"	"TINAG"
"M1"	"BioGrid"	"CDH6"
"M1"	"BioGrid"	"SLC6A20"
"M1"	"BioGrid"	"SLC25A48"
"M1"	"BioGrid"	"TMEM45B"
"M1"	"BioGrid"	"PROM1"
"M1"	"BioGrid"	"SARDH"
"M1"	"BioGrid"	"SOBP"
"M1"	"BioGrid"	"PDZRN3"
"M1"	"BioGrid"	"SCIN"
"M1"	"BioGrid"	"ACOT1"
"M1"	"BioGrid"	"RELN"
"M1"	"BioGrid"	"DEPDC7"
"M1"	"BioGrid"	"PAX2"
"M1"	"BioGrid"	"CNTNAP3"
"M1"	"BioGrid"	"HOXC8"
"M1"	"BioGrid"	"MECOM"
"M1"	"BioGrid"	"TNFSF9"
"M1"	"BioGrid"	"ARSE"
"M1"	"BioGrid"	"ACSM5"
"M1"	"BioGrid"	"PDLIM4"
"M1"	"BioGrid"	"EDAR"
"M1"	"BioGrid"	"FAM171B"
"M1"	"BioGrid"	"USH1C"
"M1"	"BioGrid"	"FTCD"
"M1"	"BioGrid"	"KCNV1"
"M1"	"BioGrid"	"FAM69B"
"M1"	"BioGrid"	"BEX5"
"M1"	"BioGrid"	"ZNF415"
"M1"	"BioGrid"	"PDZK1IP1"
"M1"	"BioGrid"	"TRIM15"
"M1"	"BioGrid"	"CCDC146"
"M1"	"BioGrid"	"CDHR2"
"M1"	"BioGrid"	"SYT13"
"M1"	"BioGrid"	"UPK1B"
"M1"	"BioGrid"	"BHMT"
"M1"	"BioGrid"	"ACOT11"
"M1"	"BioGrid"	"NDRG4"
"M1"	"BioGrid"	"KCTD14"
"M1"	"BioGrid"	"TENM1"
"M1"	"BioGrid"	"NPM2"
"M1"	"BioGrid"	"LRRN2"
"M1"	"BioGrid"	"MIOX"
"M1"	"IntAct"	"LRRK2"
"M1"	"IntAct"	"BBOX1"
"M1"	"IntAct"	"FABP3"
"M1"	"IntAct"	"AQP1"
"M1"	"IntAct"	"VCAM1"
"M1"	"IntAct"	"HEY2"
"M1"	"IntAct"	"CRYAB"
"M1"	"IntAct"	"HPD"
"M1"	"IntAct"	"CAMK2B"
"M1"	"IntAct"	"CBLC"
"M1"	"IntAct"	"AR"
"M1"	"IntAct"	"TUBB4A"
"M1"	"IntAct"	"CKB"
"M1"	"IntAct"	"EPPK1"
"M1"	"IntAct"	"VCAN"
"M1"	"IntAct"	"SSC5D"
"M1"	"IntAct"	"GIPC2"
"M1"	"IntAct"	"DNM1"
"M1"	"IntAct"	"PIGR"
"M1"	"IntAct"	"CSDC2"
"M1"	"IntAct"	"PLEKHB1"
"M1"	"IntAct"	"SCGN"
"M1"	"IntAct"	"ABCB1"
"M1"	"IntAct"	"ABCB4"
"M1"	"IntAct"	"IQGAP2"
"M1"	"IntAct"	"SERPING1"
"M1"	"IntAct"	"MASP1"
"M1"	"IntAct"	"CDH1"
"M1"	"IntAct"	"CDH2"
"M1"	"IntAct"	"GDA"
"M1"	"IntAct"	"RAB27B"
"M1"	"IntAct"	"IHH"
"M1"	"IntAct"	"FLNC"
"M1"	"IntAct"	"BMP4"
"M1"	"IntAct"	"FHL1"
"M1"	"IntAct"	"PHYHIP"
"M1"	"IntAct"	"TNFSF10"
"M1"	"IntAct"	"USP2"
"M1"	"IntAct"	"SULT1C2"
"M1"	"IntAct"	"GLI3"
"M1"	"IntAct"	"SOCS1"
"M1"	"IntAct"	"ERBB3"
"M1"	"IntAct"	"HOXA9"
"M1"	"IntAct"	"HNF1A"
"M1"	"IntAct"	"PPARGC1A"
"M1"	"IntAct"	"MAPT"
"M1"	"IntAct"	"PYGO1"
"M1"	"IntAct"	"MME"
"M1"	"IntAct"	"TRPV4"
"M1"	"IntAct"	"BTG3"
"M1"	"IntAct"	"CABP1"
"M1"	"IntAct"	"LGALS2"
"M1"	"IntAct"	"EPHB2"
"M1"	"IntAct"	"DPP4"
"M1"	"IntAct"	"TGM2"
"M1"	"IntAct"	"PTPRO"
"M1"	"IntAct"	"GFRA1"
"M1"	"IntAct"	"IL12RB2"
"M1"	"IntAct"	"RUNDC3B"
"M1"	"IntAct"	"KCNJ4"
"M1"	"IntAct"	"VANGL2"
"M1"	"IntAct"	"BAMBI"
"M1"	"IntAct"	"PRICKLE1"
"M1"	"IntAct"	"SNAP25"
"M1"	"IntAct"	"LIPC"
"M1"	"IntAct"	"CYB5R2"
"M1"	"IntAct"	"THNSL2"
"M1"	"IntAct"	"PTGER2"
"M1"	"IntAct"	"TRIB3"
"M1"	"IntAct"	"PTH1R"
"M1"	"IntAct"	"CAPN6"
"M1"	"IntAct"	"PTH2R"
"M1"	"IntAct"	"LRP2"
"M1"	"IntAct"	"NRXN2"
"M1"	"IntAct"	"ALDOC"
"M1"	"IntAct"	"TFEC"
"M1"	"IntAct"	"IGFBP3"
"M1"	"IntAct"	"AP1M2"
"M1"	"IntAct"	"MYH14"
"M1"	"IntAct"	"ASS1"
"M1"	"IntAct"	"IL32"
"M1"	"IntAct"	"TRIM55"
"M1"	"IntAct"	"GPRIN2"
"M1"	"IntAct"	"HOXB6"
"M1"	"IntAct"	"PHLDA1"
"M1"	"IntAct"	"RASD1"
"M1"	"IntAct"	"FOSL1"
"M1"	"IntAct"	"PAPPA"
"M1"	"IntAct"	"HEY1"
"M1"	"IntAct"	"COL7A1"
"M1"	"IntAct"	"FGFR4"
"M1"	"IntAct"	"DIRAS3"
"M1"	"IntAct"	"OVOL1"
"M1"	"IntAct"	"GATA2"
"M1"	"IntAct"	"DUSP4"
"M1"	"IntAct"	"FOXP2"
"M1"	"IntAct"	"CA12"
"M1"	"IntAct"	"NLGN1"
"M1"	"IntAct"	"PRUNE2"
"M1"	"IntAct"	"TUBB3"
"M1"	"IntAct"	"PEG3"
"M1"	"IntAct"	"HGFAC"
"M1"	"IntAct"	"RUNX1"
"M1"	"IntAct"	"KLF15"
"M1"	"IntAct"	"AKR7A3"
"M1"	"IntAct"	"HNF4A"
"M1"	"IntAct"	"KCNQ1"
"M1"	"IntAct"	"GREB1"
"M1"	"IntAct"	"PRKAR2B"
"M1"	"IntAct"	"LRFN4"
"M1"	"IntAct"	"SCARA3"
"M1"	"IntAct"	"NGEF"
"M1"	"IntAct"	"SLC22A2"
"M1"	"IntAct"	"CCND2"
"M1"	"IntAct"	"SLC23A1"
"M1"	"IntAct"	"SLC30A2"
"M1"	"IntAct"	"HOXB9"
"M1"	"IntAct"	"HOXD9"
"M1"	"IntAct"	"PRAME"
"M1"	"IntAct"	"METTL27"
"M1"	"IntAct"	"ALDH1A1"
"M1"	"IntAct"	"SEMA3F"
"M1"	"IntAct"	"CUBN"
"M1"	"IntAct"	"KLHL3"
"M1"	"IntAct"	"SNCG"
"M1"	"IntAct"	"CRYM"
"M1"	"IntAct"	"ACMSD"
"M1"	"IntAct"	"VEPH1"
"M1"	"IntAct"	"MEGF11"
"M1"	"IntAct"	"ALDOB"
"M1"	"IntAct"	"CD200"
"M1"	"IntAct"	"HOXD8"
"M1"	"IntAct"	"CXCL2"
"M1"	"IntAct"	"ALPL"
"M1"	"IntAct"	"WNT3"
"M1"	"IntAct"	"ADH6"
"M1"	"IntAct"	"PTPRD"
"M1"	"IntAct"	"KCNH2"
"M1"	"IntAct"	"NFATC4"
"M1"	"IntAct"	"LDLR"
"M1"	"IntAct"	"IGF2BP1"
"M1"	"IntAct"	"IL17RB"
"M1"	"IntAct"	"KHK"
"M1"	"IntAct"	"VIL1"
"M1"	"IntAct"	"AGT"
"M1"	"IntAct"	"POU3F3"
"M1"	"IntAct"	"BEX1"
"M1"	"IntAct"	"CAPN3"
"M1"	"IntAct"	"CLDN2"
"M1"	"IntAct"	"TRIM9"
"M1"	"IntAct"	"PHYHIPL"
"M1"	"IntAct"	"ITPR3"
"M1"	"IntAct"	"BCL11A"
"M1"	"IntAct"	"SATB2"
"M1"	"IntAct"	"BAHCC1"
"M1"	"IntAct"	"RBP5"
"M1"	"IntAct"	"ABAT"
"M1"	"IntAct"	"HGD"
"M1"	"IntAct"	"C2orf88"
"M1"	"IntAct"	"ADCY2"
"M1"	"IntAct"	"CYP2C9"
"M1"	"IntAct"	"CXCL14"
"M1"	"IntAct"	"RIMS2"
"M1"	"IntAct"	"FAM50B"
"M1"	"IntAct"	"COL23A1"
"M1"	"IntAct"	"CYP17A1"
"M1"	"IntAct"	"FOLR1"
"M1"	"IntAct"	"PROC"
"M1"	"IntAct"	"SERPINF2"
"M1"	"IntAct"	"DLGAP1"
"M1"	"IntAct"	"EFNA5"
"M1"	"IntAct"	"ASRGL1"
"M1"	"IntAct"	"DUSP15"
"M1"	"IntAct"	"SHC2"
"M1"	"IntAct"	"NRG1"
"M1"	"IntAct"	"ANKS1B"
"M1"	"IntAct"	"SERPINA5"
"M1"	"IntAct"	"PLAU"
"M1"	"IntAct"	"TFPI2"
"M1"	"IntAct"	"CDCP1"
"M1"	"IntAct"	"SLC4A4"
"M1"	"IntAct"	"ACE2"
"M1"	"IntAct"	"C4A"
"M1"	"IntAct"	"F12"
"M1"	"IntAct"	"ITGB8"
"M1"	"IntAct"	"NPR1"
"M1"	"IntAct"	"CXCL1"
"M1"	"IntAct"	"CXCL5"
"M1"	"IntAct"	"ACHE"
"M1"	"IntAct"	"SPTBN2"
"M1"	"IntAct"	"ANK1"
"M1"	"IntAct"	"COL4A5"
"M1"	"IntAct"	"RBP4"
"M1"	"IntAct"	"PMAIP1"
"M1"	"IntAct"	"PPM1E"
"M1"	"IntAct"	"FGF13"
"M1"	"IntAct"	"SEZ6L2"
"M1"	"IntAct"	"ABCC6"
"M1"	"IntAct"	"S100A2"
"M1"	"IntAct"	"ROBO1"
"M1"	"IntAct"	"LAMA4"
"M1"	"IntAct"	"PALM3"
"M1"	"IntAct"	"WDR66"
"M1"	"IntAct"	"PTPRU"
"M1"	"IntAct"	"ANPEP"
"M1"	"IntAct"	"AGXT2"
"M1"	"IntAct"	"LAD1"
"M1"	"IntAct"	"ALDH4A1"
"M1"	"IntAct"	"ETV4"
"M1"	"IntAct"	"ARL4D"
"M1"	"IntAct"	"SPEG"
"M1"	"IntAct"	"CATIP"
"M1"	"IntAct"	"ANKS4B"
"M1"	"IntAct"	"FAM131C"
"M1"	"IntAct"	"RNF183"
"M1"	"IntAct"	"EDNRB"
"M1"	"IntAct"	"CHL1"
"M1"	"IntAct"	"SPHK1"
"M1"	"IntAct"	"BCHE"
"M1"	"IntAct"	"AZGP1"
"M1"	"IntAct"	"DDC"
"M1"	"IntAct"	"AKAP12"
"M1"	"IntAct"	"MAL"
"M1"	"IntAct"	"STK32B"
"M1"	"IntAct"	"TRIM10"
"M1"	"IntAct"	"DEFB1"
"M1"	"IntAct"	"CCDC68"
"M1"	"IntAct"	"SCN8A"
"M1"	"IntAct"	"EPHB1"
"M1"	"IntAct"	"ADAMTSL3"
"M1"	"IntAct"	"ACY3"
"M1"	"IntAct"	"TM4SF1"
"M1"	"IntAct"	"IFI27"
"M1"	"IntAct"	"IL15RA"
"M1"	"IntAct"	"RRAD"
"M1"	"IntAct"	"MYRIP"
"M1"	"IntAct"	"PCSK1N"
"M1"	"IntAct"	"AFF2"
"M1"	"IntAct"	"PNMA2"
"M1"	"IntAct"	"DPEP1"
"M1"	"IntAct"	"ABI3BP"
"M1"	"IntAct"	"PKIA"
"M1"	"IntAct"	"CTTNBP2"
"M1"	"IntAct"	"KCNK3"
"M1"	"IntAct"	"KRT86"
"M1"	"IntAct"	"RCAN3"
"M1"	"IntAct"	"GLYAT"
"M1"	"IntAct"	"SLC7A9"
"M1"	"IntAct"	"TMEM176A"
"M1"	"IntAct"	"NPDC1"
"M1"	"IntAct"	"MAOB"
"M1"	"IntAct"	"CCL28"
"M1"	"IntAct"	"AKR1C1"
"M1"	"IntAct"	"FAM83G"
"M1"	"IntAct"	"AOX1"
"M1"	"IntAct"	"EPHA7"
"M1"	"IntAct"	"ARG2"
"M1"	"IntAct"	"ERP27"
"M1"	"IntAct"	"CGN"
"M1"	"IntAct"	"WNT5A"
"M1"	"IntAct"	"PDLIM3"
"M1"	"IntAct"	"ADAMTS5"
"M1"	"IntAct"	"VEGFC"
"M1"	"IntAct"	"HOXB5"
"M1"	"IntAct"	"SUSD4"
"M1"	"IntAct"	"CYP3A5"
"M1"	"IntAct"	"PDE10A"
"M1"	"IntAct"	"ASPA"
"M1"	"IntAct"	"NBL1"
"M1"	"IntAct"	"TTBK1"
"M1"	"IntAct"	"MYO7B"
"M1"	"IntAct"	"ZMYND10"
"M1"	"IntAct"	"FAM124A"
"M1"	"IntAct"	"RNF150"
"M1"	"IntAct"	"CNTN4"
"M1"	"IntAct"	"VSTM2L"
"M1"	"IntAct"	"SLC6A13"
"M1"	"IntAct"	"SLC25A48"
"M1"	"IntAct"	"TMEM45B"
"M1"	"IntAct"	"PROM1"
"M1"	"IntAct"	"MUC12"
"M1"	"IntAct"	"SOBP"
"M1"	"IntAct"	"PPP1R3G"
"M1"	"IntAct"	"PRAP1"
"M1"	"IntAct"	"NAPSA"
"M1"	"IntAct"	"BSPRY"
"M1"	"IntAct"	"SCIN"
"M1"	"IntAct"	"PCDH1"
"M1"	"IntAct"	"ST6GALNAC2"
"M1"	"IntAct"	"DEPDC7"
"M1"	"IntAct"	"PAX2"
"M1"	"IntAct"	"MECOM"
"M1"	"IntAct"	"IYD"
"M1"	"IntAct"	"PDZD3"
"M1"	"IntAct"	"CCDC150"
"M1"	"IntAct"	"ACSM5"
"M1"	"IntAct"	"PDLIM4"
"M1"	"IntAct"	"EDAR"
"M1"	"IntAct"	"FAM171B"
"M1"	"IntAct"	"USH1C"
"M1"	"IntAct"	"TENM3"
"M1"	"IntAct"	"FTCD"
"M1"	"IntAct"	"FAM69B"
"M1"	"IntAct"	"ZNF667"
"M1"	"IntAct"	"MYOM3"
"M1"	"IntAct"	"BEX5"
"M1"	"IntAct"	"ZNF415"
"M1"	"IntAct"	"TRIM15"
"M1"	"IntAct"	"CLRN3"
"M1"	"IntAct"	"AQP7"
"M1"	"IntAct"	"BHMT"
"M1"	"IntAct"	"HSPA12A"
"M1"	"IntAct"	"APOM"
"M1"	"IntAct"	"IL17RE"
"M1"	"IntAct"	"FLRT3"
"M1"	"IntAct"	"LRRN4"
"M1"	"IntAct"	"KCTD14"
"M1"	"IntAct"	"MYL3"
"M1"	"IntAct"	"CDHR5"
"M1"	"IntAct"	"NPM2"
"M1"	"IntAct"	"TPK1"
"M1"	"IntAct"	"IGFN1"
"M1"	"IntAct"	"DCAF12L1"
"M1"	"IntAct"	"IGFBP6"
"M1"	"IntAct"	"SLC16A9"
"M1"	"IntAct"	"MIOX"
"M1"	"IntAct"	"LRP3"
"M1"	"IntAct"	"PIPOX"
"M1"	"INNATEDB"	"AQP1"
"M1"	"INNATEDB"	"VCAM1"
"M1"	"INNATEDB"	"CAMK2B"
"M1"	"INNATEDB"	"AR"
"M1"	"INNATEDB"	"VCAN"
"M1"	"INNATEDB"	"PIGR"
"M1"	"INNATEDB"	"CSDC2"
"M1"	"INNATEDB"	"ABCB1"
"M1"	"INNATEDB"	"SERPING1"
"M1"	"INNATEDB"	"MASP1"
"M1"	"INNATEDB"	"CDH1"
"M1"	"INNATEDB"	"CDH2"
"M1"	"INNATEDB"	"NOX4"
"M1"	"INNATEDB"	"BMP4"
"M1"	"INNATEDB"	"TNFSF10"
"M1"	"INNATEDB"	"USP2"
"M1"	"INNATEDB"	"GLI3"
"M1"	"INNATEDB"	"SOCS1"
"M1"	"INNATEDB"	"HOXA9"
"M1"	"INNATEDB"	"HNF1A"
"M1"	"INNATEDB"	"PPARGC1A"
"M1"	"INNATEDB"	"CLDN3"
"M1"	"INNATEDB"	"MAPT"
"M1"	"INNATEDB"	"TRPV4"
"M1"	"INNATEDB"	"AMIGO2"
"M1"	"INNATEDB"	"LGALS2"
"M1"	"INNATEDB"	"DPP4"
"M1"	"INNATEDB"	"PTPRO"
"M1"	"INNATEDB"	"RUNDC3B"
"M1"	"INNATEDB"	"KCNJ4"
"M1"	"INNATEDB"	"TRIB3"
"M1"	"INNATEDB"	"PTH2R"
"M1"	"INNATEDB"	"LRP2"
"M1"	"INNATEDB"	"IGFBP3"
"M1"	"INNATEDB"	"IL32"
"M1"	"INNATEDB"	"FOSL1"
"M1"	"INNATEDB"	"GATA2"
"M1"	"INNATEDB"	"DUSP4"
"M1"	"INNATEDB"	"NLGN1"
"M1"	"INNATEDB"	"RUNX1"
"M1"	"INNATEDB"	"HNF4A"
"M1"	"INNATEDB"	"KCNQ1"
"M1"	"INNATEDB"	"GREB1"
"M1"	"INNATEDB"	"CCND2"
"M1"	"INNATEDB"	"CRYM"
"M1"	"INNATEDB"	"CD200"
"M1"	"INNATEDB"	"CXCL2"
"M1"	"INNATEDB"	"ADH6"
"M1"	"INNATEDB"	"KCNH2"
"M1"	"INNATEDB"	"NFATC4"
"M1"	"INNATEDB"	"CLIP3"
"M1"	"INNATEDB"	"LDLR"
"M1"	"INNATEDB"	"IGF2BP1"
"M1"	"INNATEDB"	"IL17RB"
"M1"	"INNATEDB"	"AGT"
"M1"	"INNATEDB"	"RBP5"
"M1"	"INNATEDB"	"SLC15A1"
"M1"	"INNATEDB"	"PLAU"
"M1"	"INNATEDB"	"TFPI2"
"M1"	"INNATEDB"	"CXCL1"
"M1"	"INNATEDB"	"CXCL5"
"M1"	"INNATEDB"	"ACHE"
"M1"	"INNATEDB"	"CDH16"
"M1"	"INNATEDB"	"PMAIP1"
"M1"	"INNATEDB"	"CXCL6"
"M1"	"INNATEDB"	"ABCC6"
"M1"	"INNATEDB"	"AGXT2"
"M1"	"INNATEDB"	"AKAP5"
"M1"	"INNATEDB"	"RARRES2"
"M1"	"INNATEDB"	"MAL"
"M1"	"INNATEDB"	"DEFB1"
"M1"	"INNATEDB"	"SOSTDC1"
"M1"	"INNATEDB"	"FOXQ1"
"M1"	"INNATEDB"	"SYTL1"
"M1"	"INNATEDB"	"MYRIP"
"M1"	"INNATEDB"	"GREB1L"
"M1"	"INNATEDB"	"PCSK1N"
"M1"	"INNATEDB"	"KCNIP3"
"M1"	"INNATEDB"	"DPEP1"
"M1"	"INNATEDB"	"KCNK3"
"M1"	"INNATEDB"	"KRT86"
"M1"	"INNATEDB"	"SLC6A12"
"M1"	"INNATEDB"	"METTL7B"
"M1"	"INNATEDB"	"CGREF1"
"M1"	"INNATEDB"	"CD70"
"M1"	"INNATEDB"	"OXTR"
"M1"	"INNATEDB"	"PDLIM3"
"M1"	"INNATEDB"	"OGDHL"
"M1"	"INNATEDB"	"ZMYND10"
"M1"	"INNATEDB"	"SLITRK5"
"M1"	"INNATEDB"	"SBSPON"
"M1"	"INNATEDB"	"RELN"
"M1"	"INNATEDB"	"HOXC8"
"M1"	"INNATEDB"	"KCNJ15"
"M1"	"BioGrid_Fly"	"SPON1"
"M1"	"BioGrid_Fly"	"CRYAB"
"M1"	"BioGrid_Fly"	"HPD"
"M1"	"BioGrid_Fly"	"DLL1"
"M1"	"BioGrid_Fly"	"DNM1"
"M1"	"BioGrid_Fly"	"HLF"
"M1"	"BioGrid_Fly"	"DPP4"
"M1"	"BioGrid_Fly"	"TREH"
"M1"	"BioGrid_Fly"	"SNAP25"
"M1"	"BioGrid_Fly"	"F10"
"M1"	"BioGrid_Fly"	"ASS1"
"M1"	"BioGrid_Fly"	"KCTD15"
"M1"	"BioGrid_Fly"	"CCND2"
"M1"	"BioGrid_Fly"	"KLHL3"
"M1"	"BioGrid_Fly"	"CRYM"
"M1"	"BioGrid_Fly"	"MEGF11"
"M1"	"BioGrid_Fly"	"GPD1"
"M1"	"BioGrid_Fly"	"ALPL"
"M1"	"BioGrid_Fly"	"PTPRD"
"M1"	"BioGrid_Fly"	"TMEM132E"
"M1"	"BioGrid_Fly"	"TRIM9"
"M1"	"BioGrid_Fly"	"TEKT2"
"M1"	"BioGrid_Fly"	"HGD"
"M1"	"BioGrid_Fly"	"SLC15A1"
"M1"	"BioGrid_Fly"	"ROBO1"
"M1"	"BioGrid_Fly"	"SPHK1"
"M1"	"BioGrid_Fly"	"DDC"
"M1"	"BioGrid_Fly"	"STK32B"
"M1"	"BioGrid_Fly"	"EPHB1"
"M1"	"BioGrid_Fly"	"DSCAML1"
"M1"	"BioGrid_Fly"	"ZMYND10"
"M1"	"BioGrid_Fly"	"PLCB4"
"M1"	"BioGrid_Fly"	"GOLGA7B"
"M1"	"BioGrid_Fly"	"DRC7"
"M1"	"BioGrid_Fly"	"SPON2"
"M1"	"BioGrid_Mouse"	"LRRK2"
"M1"	"BioGrid_Mouse"	"AQP1"
"M1"	"BioGrid_Mouse"	"HEY2"
"M1"	"BioGrid_Mouse"	"DLL1"
"M1"	"BioGrid_Mouse"	"CBLC"
"M1"	"BioGrid_Mouse"	"AR"
"M1"	"BioGrid_Mouse"	"TUBB4A"
"M1"	"BioGrid_Mouse"	"DNM1"
"M1"	"BioGrid_Mouse"	"PLEKHB1"
"M1"	"BioGrid_Mouse"	"CDH1"
"M1"	"BioGrid_Mouse"	"CDH2"
"M1"	"BioGrid_Mouse"	"BMP4"
"M1"	"BioGrid_Mouse"	"FHL1"
"M1"	"BioGrid_Mouse"	"PHYHIP"
"M1"	"BioGrid_Mouse"	"USP2"
"M1"	"BioGrid_Mouse"	"HLF"
"M1"	"BioGrid_Mouse"	"GLI3"
"M1"	"BioGrid_Mouse"	"SOCS1"
"M1"	"BioGrid_Mouse"	"HOXA9"
"M1"	"BioGrid_Mouse"	"EMX2"
"M1"	"BioGrid_Mouse"	"HNF1A"
"M1"	"BioGrid_Mouse"	"PPARGC1A"
"M1"	"BioGrid_Mouse"	"MAPT"
"M1"	"BioGrid_Mouse"	"PYGO1"
"M1"	"BioGrid_Mouse"	"MME"
"M1"	"BioGrid_Mouse"	"EPHB2"
"M1"	"BioGrid_Mouse"	"IL12RB2"
"M1"	"BioGrid_Mouse"	"L1CAM"
"M1"	"BioGrid_Mouse"	"VANGL2"
"M1"	"BioGrid_Mouse"	"SNAP25"
"M1"	"BioGrid_Mouse"	"FBXO2"
"M1"	"BioGrid_Mouse"	"LIPC"
"M1"	"BioGrid_Mouse"	"TRIB3"
"M1"	"BioGrid_Mouse"	"EMX1"
"M1"	"BioGrid_Mouse"	"HOXB6"
"M1"	"BioGrid_Mouse"	"MLXIPL"
"M1"	"BioGrid_Mouse"	"ZBTB7C"
"M1"	"BioGrid_Mouse"	"GATA2"
"M1"	"BioGrid_Mouse"	"RUNX1"
"M1"	"BioGrid_Mouse"	"HNF4A"
"M1"	"BioGrid_Mouse"	"HOXD9"
"M1"	"BioGrid_Mouse"	"SOX9"
"M1"	"BioGrid_Mouse"	"CLIP3"
"M1"	"BioGrid_Mouse"	"LDLR"
"M1"	"BioGrid_Mouse"	"IL17RB"
"M1"	"BioGrid_Mouse"	"PKLR"
"M1"	"BioGrid_Mouse"	"CAPN3"
"M1"	"BioGrid_Mouse"	"ITPR3"
"M1"	"BioGrid_Mouse"	"BCL11A"
"M1"	"BioGrid_Mouse"	"SATB2"
"M1"	"BioGrid_Mouse"	"RIMS2"
"M1"	"BioGrid_Mouse"	"ASRGL1"
"M1"	"BioGrid_Mouse"	"SHC2"
"M1"	"BioGrid_Mouse"	"NPR1"
"M1"	"BioGrid_Mouse"	"ACHE"
"M1"	"BioGrid_Mouse"	"ROBO1"
"M1"	"BioGrid_Mouse"	"KL"
"M1"	"BioGrid_Mouse"	"ANKS4B"
"M1"	"BioGrid_Mouse"	"OLFM1"
"M1"	"BioGrid_Mouse"	"CITED4"
"M1"	"BioGrid_Mouse"	"EPHB1"
"M1"	"BioGrid_Mouse"	"FOXQ1"
"M1"	"BioGrid_Mouse"	"HOXB8"
"M1"	"BioGrid_Mouse"	"KCNIP3"
"M1"	"BioGrid_Mouse"	"WNT5A"
"M1"	"BioGrid_Mouse"	"WNT9A"
"M1"	"BioGrid_Mouse"	"VEGFC"
"M1"	"BioGrid_Mouse"	"HOXB5"
"M1"	"BioGrid_Mouse"	"PROM1"
"M1"	"BioGrid_Mouse"	"PDZD3"
"M1"	"BioGrid_Mouse"	"PDLIM4"
"M1"	"BioGrid_Mouse"	"USH1C"
"M1"	"DIP_Fly"	"SPON1"
"M1"	"DIP_Fly"	"CRYAB"
"M1"	"DIP_Fly"	"HPD"
"M1"	"DIP_Fly"	"TUBB4A"
"M1"	"DIP_Fly"	"TREH"
"M1"	"DIP_Fly"	"KCTD15"
"M1"	"DIP_Fly"	"CCND2"
"M1"	"DIP_Fly"	"KLHL3"
"M1"	"DIP_Fly"	"GPD1"
"M1"	"DIP_Fly"	"PTPRD"
"M1"	"DIP_Fly"	"TMEM132E"
"M1"	"DIP_Fly"	"TRIM9"
"M1"	"DIP_Fly"	"TEKT2"
"M1"	"DIP_Fly"	"HGD"
"M1"	"DIP_Fly"	"ROBO1"
"M1"	"DIP_Fly"	"DNAI1"
"M1"	"DIP_Fly"	"ZMYND10"
"M1"	"DIP_Fly"	"IYD"
"M1"	"DIP_Fly"	"SULT1C4"
"M1"	"DIP_Fly"	"SPON2"
"M1"	"BIND_Fly"	"CRYAB"
"M1"	"BIND_Fly"	"HPD"
"M1"	"BIND_Fly"	"DLL1"
"M1"	"BIND_Fly"	"ASS1"
"M1"	"BIND_Fly"	"KCTD15"
"M1"	"BIND_Fly"	"KLHL3"
"M1"	"BIND_Fly"	"TEKT2"
"M1"	"BIND_Fly"	"HGD"
"M1"	"BIND_Fly"	"SLC15A1"
"M1"	"BIND_Fly"	"ROBO1"
"M1"	"BIND_Fly"	"ZMYND10"
"M1"	"FlyHigh"	"CRYAB"
"M1"	"FlyHigh"	"HPD"
"M1"	"FlyHigh"	"GDA"
"M1"	"FlyHigh"	"ASS1"
"M1"	"FlyHigh"	"KCTD15"
"M1"	"FlyHigh"	"MEGF11"
"M1"	"FlyHigh"	"TMEM132E"
"M1"	"FlyHigh"	"TRIM9"
"M1"	"FlyHigh"	"HGD"
"M1"	"FlyHigh"	"SLC15A1"
"M1"	"HPRD"	"BBOX1"
"M1"	"HPRD"	"FABP3"
"M1"	"HPRD"	"VCAM1"
"M1"	"HPRD"	"SPON1"
"M1"	"HPRD"	"HEY2"
"M1"	"HPRD"	"CRYAB"
"M1"	"HPRD"	"DLL1"
"M1"	"HPRD"	"CAMK2B"
"M1"	"HPRD"	"CBLC"
"M1"	"HPRD"	"AR"
"M1"	"HPRD"	"TUBB4A"
"M1"	"HPRD"	"CKB"
"M1"	"HPRD"	"VCAN"
"M1"	"HPRD"	"TNFAIP6"
"M1"	"HPRD"	"GIPC2"
"M1"	"HPRD"	"DNM1"
"M1"	"HPRD"	"PIGR"
"M1"	"HPRD"	"PLEKHB1"
"M1"	"HPRD"	"ABCB1"
"M1"	"HPRD"	"IQGAP2"
"M1"	"HPRD"	"HNF4G"
"M1"	"HPRD"	"SERPING1"
"M1"	"HPRD"	"MASP1"
"M1"	"HPRD"	"CDH2"
"M1"	"HPRD"	"GDA"
"M1"	"HPRD"	"RAB27B"
"M1"	"HPRD"	"IHH"
"M1"	"HPRD"	"FLNC"
"M1"	"HPRD"	"BMP4"
"M1"	"HPRD"	"FHL1"
"M1"	"HPRD"	"PHYHIP"
"M1"	"HPRD"	"TNFSF10"
"M1"	"HPRD"	"USP2"
"M1"	"HPRD"	"HLF"
"M1"	"HPRD"	"SULT1C2"
"M1"	"HPRD"	"SOCS1"
"M1"	"HPRD"	"ERBB3"
"M1"	"HPRD"	"HOXA9"
"M1"	"HPRD"	"EMX2"
"M1"	"HPRD"	"HNF1A"
"M1"	"HPRD"	"PPARGC1A"
"M1"	"HPRD"	"CLDN3"
"M1"	"HPRD"	"PYGO1"
"M1"	"HPRD"	"MME"
"M1"	"HPRD"	"TRPV4"
"M1"	"HPRD"	"BTG3"
"M1"	"HPRD"	"AMIGO2"
"M1"	"HPRD"	"CABP1"
"M1"	"HPRD"	"LGALS2"
"M1"	"HPRD"	"EPHB2"
"M1"	"HPRD"	"DPP4"
"M1"	"HPRD"	"TGM2"
"M1"	"HPRD"	"PDZK1"
"M1"	"HPRD"	"PTPRO"
"M1"	"HPRD"	"GFRA1"
"M1"	"HPRD"	"IL12RB2"
"M1"	"HPRD"	"L1CAM"
"M1"	"HPRD"	"KCNJ4"
"M1"	"HPRD"	"BAMBI"
"M1"	"HPRD"	"PRICKLE1"
"M1"	"HPRD"	"SNAP25"
"M1"	"HPRD"	"FBXO2"
"M1"	"HPRD"	"LIPC"
"M1"	"HPRD"	"PTGER2"
"M1"	"HPRD"	"TRIB3"
"M1"	"HPRD"	"PTH1R"
"M1"	"HPRD"	"SLC22A11"
"M1"	"HPRD"	"PODXL2"
"M1"	"HPRD"	"SEMA3C"
"M1"	"HPRD"	"A1CF"
"M1"	"HPRD"	"TNFRSF11B"
"M1"	"HPRD"	"PTH2R"
"M1"	"HPRD"	"F10"
"M1"	"HPRD"	"LRP2"
"M1"	"HPRD"	"NRXN2"
"M1"	"HPRD"	"TFEC"
"M1"	"HPRD"	"IGFBP3"
"M1"	"HPRD"	"AP1M2"
"M1"	"HPRD"	"ASS1"
"M1"	"HPRD"	"QPRT"
"M1"	"HPRD"	"TRIM55"
"M1"	"HPRD"	"GPRIN2"
"M1"	"HPRD"	"HOXB6"
"M1"	"HPRD"	"PHLDA1"
"M1"	"HPRD"	"RASD1"
"M1"	"HPRD"	"FOSL1"
"M1"	"HPRD"	"PAPPA"
"M1"	"HPRD"	"HEY1"
"M1"	"HPRD"	"COL7A1"
"M1"	"HPRD"	"FGFR4"
"M1"	"HPRD"	"ANKRD2"
"M1"	"HPRD"	"MLXIPL"
"M1"	"HPRD"	"GATA2"
"M1"	"HPRD"	"TMPRSS2"
"M1"	"HPRD"	"DUSP4"
"M1"	"HPRD"	"CA12"
"M1"	"HPRD"	"NLGN1"
"M1"	"HPRD"	"TUBB3"
"M1"	"HPRD"	"PEG3"
"M1"	"HPRD"	"HGFAC"
"M1"	"HPRD"	"MSLN"
"M1"	"HPRD"	"RUNX1"
"M1"	"HPRD"	"AKR7A3"
"M1"	"HPRD"	"HNF4A"
"M1"	"HPRD"	"KCNQ1"
"M1"	"HPRD"	"PRKAR2B"
"M1"	"HPRD"	"NGEF"
"M1"	"HPRD"	"CCND2"
"M1"	"HPRD"	"HOXB9"
"M1"	"HPRD"	"SEMA3F"
"M1"	"HPRD"	"CUBN"
"M1"	"HPRD"	"C6"
"M1"	"HPRD"	"KLHL3"
"M1"	"HPRD"	"SNCG"
"M1"	"HPRD"	"TUB"
"M1"	"HPRD"	"GPD1"
"M1"	"HPRD"	"ALDOB"
"M1"	"HPRD"	"CXCL2"
"M1"	"HPRD"	"ALPL"
"M1"	"HPRD"	"PTPRD"
"M1"	"HPRD"	"KCNH2"
"M1"	"HPRD"	"SOX9"
"M1"	"HPRD"	"NFATC4"
"M1"	"HPRD"	"LDLR"
"M1"	"HPRD"	"IGF2BP1"
"M1"	"HPRD"	"IL17RB"
"M1"	"HPRD"	"KHK"
"M1"	"HPRD"	"VIL1"
"M1"	"HPRD"	"AGT"
"M1"	"HPRD"	"POU3F3"
"M1"	"HPRD"	"BEX1"
"M1"	"HPRD"	"CAPN3"
"M1"	"HPRD"	"CLDN2"
"M1"	"HPRD"	"TRIM9"
"M1"	"HPRD"	"BCL11A"
"M1"	"HPRD"	"ABAT"
"M1"	"HPRD"	"HGD"
"M1"	"HPRD"	"CYP2C9"
"M1"	"HPRD"	"RIMS2"
"M1"	"HPRD"	"COL23A1"
"M1"	"HPRD"	"RENBP"
"M1"	"HPRD"	"CYP17A1"
"M1"	"HPRD"	"PROC"
"M1"	"HPRD"	"SERPINF2"
"M1"	"HPRD"	"DLGAP1"
"M1"	"HPRD"	"EFNA5"
"M1"	"HPRD"	"SHC2"
"M1"	"HPRD"	"NRG1"
"M1"	"HPRD"	"ANKS1B"
"M1"	"HPRD"	"SERPINA5"
"M1"	"HPRD"	"SERPINE2"
"M1"	"HPRD"	"PLAU"
"M1"	"HPRD"	"TFPI2"
"M1"	"HPRD"	"CDCP1"
"M1"	"HPRD"	"KLKB1"
"M1"	"HPRD"	"ADORA1"
"M1"	"HPRD"	"SLC4A4"
"M1"	"HPRD"	"ACE2"
"M1"	"HPRD"	"C4A"
"M1"	"HPRD"	"F12"
"M1"	"HPRD"	"APBB1IP"
"M1"	"HPRD"	"ITGB8"
"M1"	"HPRD"	"NPR1"
"M1"	"HPRD"	"NPR3"
"M1"	"HPRD"	"CXCL1"
"M1"	"HPRD"	"RAB3B"
"M1"	"HPRD"	"CXCL5"
"M1"	"HPRD"	"ACHE"
"M1"	"HPRD"	"CDH16"
"M1"	"HPRD"	"SPTBN2"
"M1"	"HPRD"	"ANK1"
"M1"	"HPRD"	"COL4A5"
"M1"	"HPRD"	"RBP4"
"M1"	"HPRD"	"PMAIP1"
"M1"	"HPRD"	"FGF13"
"M1"	"HPRD"	"S100A2"
"M1"	"HPRD"	"ROBO1"
"M1"	"HPRD"	"KL"
"M1"	"HPRD"	"PTPRU"
"M1"	"HPRD"	"ANPEP"
"M1"	"HPRD"	"LAD1"
"M1"	"HPRD"	"TLL1"
"M1"	"HPRD"	"GJB1"
"M1"	"HPRD"	"TFPI"
"M1"	"HPRD"	"ETV4"
"M1"	"HPRD"	"ARL4D"
"M1"	"HPRD"	"ARL4C"
"M1"	"HPRD"	"AFAP1L2"
"M1"	"HPRD"	"ANKS4B"
"M1"	"HPRD"	"FAM131C"
"M1"	"HPRD"	"EDNRB"
"M1"	"HPRD"	"CITED4"
"M1"	"HPRD"	"ENPP1"
"M1"	"HPRD"	"KCNJ3"
"M1"	"HPRD"	"SPHK1"
"M1"	"HPRD"	"BCHE"
"M1"	"HPRD"	"ENPEP"
"M1"	"HPRD"	"AZGP1"
"M1"	"HPRD"	"DDC"
"M1"	"HPRD"	"AKAP5"
"M1"	"HPRD"	"AKAP12"
"M1"	"HPRD"	"SIM1"
"M1"	"HPRD"	"NRTN"
"M1"	"HPRD"	"SLC5A1"
"M1"	"HPRD"	"TRIM10"
"M1"	"HPRD"	"DEFB1"
"M1"	"HPRD"	"HPN"
"M1"	"HPRD"	"FOXC1"
"M1"	"HPRD"	"SCN8A"
"M1"	"HPRD"	"EPHB1"
"M1"	"HPRD"	"PAIP2B"
"M1"	"HPRD"	"ACY3"
"M1"	"HPRD"	"GLDC"
"M1"	"HPRD"	"TM4SF1"
"M1"	"HPRD"	"IFI27"
"M1"	"HPRD"	"ALDH3A1"
"M1"	"HPRD"	"RDH5"
"M1"	"HPRD"	"SOSTDC1"
"M1"	"HPRD"	"BDKRB2"
"M1"	"HPRD"	"AJAP1"
"M1"	"HPRD"	"SYTL1"
"M1"	"HPRD"	"IL15RA"
"M1"	"HPRD"	"RRAD"
"M1"	"HPRD"	"MYRIP"
"M1"	"HPRD"	"KCNIP3"
"M1"	"HPRD"	"DSCAML1"
"M1"	"HPRD"	"DPEP1"
"M1"	"HPRD"	"ABI3BP"
"M1"	"HPRD"	"MYO3A"
"M1"	"HPRD"	"PKIA"
"M1"	"HPRD"	"CTTNBP2"
"M1"	"HPRD"	"KCNK3"
"M1"	"HPRD"	"TBX2"
"M1"	"HPRD"	"GGT1"
"M1"	"HPRD"	"DAO"
"M1"	"HPRD"	"DNAI1"
"M1"	"HPRD"	"GLYAT"
"M1"	"HPRD"	"CHST9"
"M1"	"HPRD"	"NPDC1"
"M1"	"HPRD"	"MAOB"
"M1"	"HPRD"	"AKR1C1"
"M1"	"HPRD"	"CD70"
"M1"	"HPRD"	"EPHA7"
"M1"	"HPRD"	"ERP27"
"M1"	"HPRD"	"OXTR"
"M1"	"HPRD"	"CGN"
"M1"	"HPRD"	"ATRNL1"
"M1"	"HPRD"	"ADAMTS5"
"M1"	"HPRD"	"VEGFC"
"M1"	"HPRD"	"OSR1"
"M1"	"HPRD"	"NAT8"
"M1"	"HPRD"	"IL22RA1"
"M1"	"HPRD"	"PDE10A"
"M1"	"HPRD"	"ASPA"
"M1"	"HPRD"	"NBL1"
"M1"	"HPRD"	"ANXA13"
"M1"	"HPRD"	"TTBK1"
"M1"	"HPRD"	"ZMYND10"
"M1"	"HPRD"	"GATM"
"M1"	"HPRD"	"MAP6"
"M1"	"HPRD"	"CNTN4"
"M1"	"HPRD"	"TINAG"
"M1"	"HPRD"	"CDH6"
"M1"	"HPRD"	"JPH2"
"M1"	"HPRD"	"STXBP6"
"M1"	"HPRD"	"PCP4"
"M1"	"HPRD"	"PDZRN3"
"M1"	"HPRD"	"BSPRY"
"M1"	"HPRD"	"SCIN"
"M1"	"HPRD"	"RELN"
"M1"	"HPRD"	"PCDH1"
"M1"	"HPRD"	"PAX2"
"M1"	"HPRD"	"CNTNAP3"
"M1"	"HPRD"	"MECOM"
"M1"	"HPRD"	"TRHDE"
"M1"	"HPRD"	"TNFSF9"
"M1"	"HPRD"	"ARSE"
"M1"	"HPRD"	"PDLIM4"
"M1"	"HPRD"	"EDAR"
"M1"	"HPRD"	"SGCD"
"M1"	"HPRD"	"USH1C"
"M1"	"HPRD"	"TENM3"
"M1"	"HPRD"	"IL1RL2"
"M1"	"HPRD"	"KCNV1"
"M1"	"HPRD"	"NRG3"
"M1"	"HPRD"	"PDZK1IP1"
"M1"	"HPRD"	"SLC22A12"
"M1"	"HPRD"	"SYT13"
"M1"	"HPRD"	"SYT14"
"M1"	"HPRD"	"BHMT"
"M1"	"HPRD"	"TENM1"
"M1"	"HPRD"	"IGFBP6"
"M1"	"HPRD"	"HAVCR1"
"M1"	"HPRD"	"MIOX"
"M1"	"HPRD"	"CACHD1"
"M1"	"HPRD"	"ESPN"
"M1"	"IntAct_Mouse"	"LRRK2"
"M1"	"IntAct_Mouse"	"HEY2"
"M1"	"IntAct_Mouse"	"CRYAB"
"M1"	"IntAct_Mouse"	"DLL1"
"M1"	"IntAct_Mouse"	"CAMK2B"
"M1"	"IntAct_Mouse"	"GIPC2"
"M1"	"IntAct_Mouse"	"DNM1"
"M1"	"IntAct_Mouse"	"CDH1"
"M1"	"IntAct_Mouse"	"CDH2"
"M1"	"IntAct_Mouse"	"PCK1"
"M1"	"IntAct_Mouse"	"HLF"
"M1"	"IntAct_Mouse"	"SOCS1"
"M1"	"IntAct_Mouse"	"ERBB3"
"M1"	"IntAct_Mouse"	"HNF1A"
"M1"	"IntAct_Mouse"	"PPARGC1A"
"M1"	"IntAct_Mouse"	"CLDN3"
"M1"	"IntAct_Mouse"	"MAPT"
"M1"	"IntAct_Mouse"	"PDZK1"
"M1"	"IntAct_Mouse"	"PTPRO"
"M1"	"IntAct_Mouse"	"IL12RB2"
"M1"	"IntAct_Mouse"	"GLRB"
"M1"	"IntAct_Mouse"	"DACT2"
"M1"	"IntAct_Mouse"	"VANGL2"
"M1"	"IntAct_Mouse"	"SNAP25"
"M1"	"IntAct_Mouse"	"SLC17A1"
"M1"	"IntAct_Mouse"	"LRP2"
"M1"	"IntAct_Mouse"	"RASD1"
"M1"	"IntAct_Mouse"	"COL7A1"
"M1"	"IntAct_Mouse"	"ANKRD2"
"M1"	"IntAct_Mouse"	"HNF4A"
"M1"	"IntAct_Mouse"	"PRKAR2B"
"M1"	"IntAct_Mouse"	"KCTD15"
"M1"	"IntAct_Mouse"	"NGEF"
"M1"	"IntAct_Mouse"	"CCND2"
"M1"	"IntAct_Mouse"	"CRYM"
"M1"	"IntAct_Mouse"	"LDLR"
"M1"	"IntAct_Mouse"	"KHK"
"M1"	"IntAct_Mouse"	"CLDN2"
"M1"	"IntAct_Mouse"	"ITPR3"
"M1"	"IntAct_Mouse"	"EFNA5"
"M1"	"IntAct_Mouse"	"SERPINA5"
"M1"	"IntAct_Mouse"	"SLC4A4"
"M1"	"IntAct_Mouse"	"APBB1IP"
"M1"	"IntAct_Mouse"	"ACHE"
"M1"	"IntAct_Mouse"	"KL"
"M1"	"IntAct_Mouse"	"ANPEP"
"M1"	"IntAct_Mouse"	"ALDH4A1"
"M1"	"IntAct_Mouse"	"ANKS4B"
"M1"	"IntAct_Mouse"	"CHL1"
"M1"	"IntAct_Mouse"	"AKAP5"
"M1"	"IntAct_Mouse"	"FOXC1"
"M1"	"IntAct_Mouse"	"DIRAS2"
"M1"	"IntAct_Mouse"	"ACY3"
"M1"	"IntAct_Mouse"	"GJB2"
"M1"	"IntAct_Mouse"	"PDZD3"
"M1"	"IntAct_Mouse"	"PDLIM4"
"M1"	"IntAct_Mouse"	"USH1C"
"M1"	"IntAct_Mouse"	"IL17RE"
"M1"	"BCI"	"AQP1"
"M1"	"BCI"	"VCAM1"
"M1"	"BCI"	"CRYAB"
"M1"	"BCI"	"CAMK2B"
"M1"	"BCI"	"VCAN"
"M1"	"BCI"	"DNM1"
"M1"	"BCI"	"PIGR"
"M1"	"BCI"	"ABCB1"
"M1"	"BCI"	"ABCB4"
"M1"	"BCI"	"SERPING1"
"M1"	"BCI"	"CDH1"
"M1"	"BCI"	"CDH2"
"M1"	"BCI"	"IHH"
"M1"	"BCI"	"FHL1"
"M1"	"BCI"	"TNFSF10"
"M1"	"BCI"	"SOCS1"
"M1"	"BCI"	"ERBB3"
"M1"	"BCI"	"HNF1A"
"M1"	"BCI"	"MAPT"
"M1"	"BCI"	"MME"
"M1"	"BCI"	"LGALS2"
"M1"	"BCI"	"EPHB2"
"M1"	"BCI"	"TGM2"
"M1"	"BCI"	"L1CAM"
"M1"	"BCI"	"KCNJ4"
"M1"	"BCI"	"ALDOC"
"M1"	"BCI"	"IGFBP3"
"M1"	"BCI"	"ASS1"
"M1"	"BCI"	"COL7A1"
"M1"	"BCI"	"FGFR4"
"M1"	"BCI"	"GATA2"
"M1"	"BCI"	"DUSP4"
"M1"	"BCI"	"ENTPD2"
"M1"	"BCI"	"RUNX1"
"M1"	"BCI"	"KCNQ1"
"M1"	"BCI"	"PRKAR2B"
"M1"	"BCI"	"CCND2"
"M1"	"BCI"	"SEMA3F"
"M1"	"BCI"	"GPD1"
"M1"	"BCI"	"CXCL2"
"M1"	"BCI"	"KCNH2"
"M1"	"BCI"	"SOX9"
"M1"	"BCI"	"NFATC4"
"M1"	"BCI"	"LDLR"
"M1"	"BCI"	"CAPN3"
"M1"	"BCI"	"ITPR3"
"M1"	"BCI"	"RIMS2"
"M1"	"BCI"	"CYP17A1"
"M1"	"BCI"	"FOLR1"
"M1"	"BCI"	"SERPINF2"
"M1"	"BCI"	"PLAU"
"M1"	"BCI"	"F12"
"M1"	"BCI"	"ACHE"
"M1"	"BCI"	"CDH16"
"M1"	"BCI"	"ANK1"
"M1"	"BCI"	"S100A2"
"M1"	"BCI"	"GJB1"
"M1"	"BCI"	"TFPI"
"M1"	"BCI"	"DEFB1"
"M1"	"BCI"	"BDKRB2"
"M1"	"BCI"	"IL15RA"
"M1"	"BCI"	"PKIA"
"M1"	"BCI"	"KCNK3"
"M1"	"BCI"	"LRP3"
"M1"	"IntAct_Rat"	"LRRK2"
"M1"	"IntAct_Rat"	"DLL1"
"M1"	"IntAct_Rat"	"CAMK2B"
"M1"	"IntAct_Rat"	"DNM1"
"M1"	"IntAct_Rat"	"ABCB4"
"M1"	"IntAct_Rat"	"FLNC"
"M1"	"IntAct_Rat"	"CABP1"
"M1"	"IntAct_Rat"	"PDZK1"
"M1"	"IntAct_Rat"	"VANGL2"
"M1"	"IntAct_Rat"	"SNAP25"
"M1"	"IntAct_Rat"	"NRXN2"
"M1"	"IntAct_Rat"	"NLGN1"
"M1"	"IntAct_Rat"	"CUBN"
"M1"	"IntAct_Rat"	"RIMS2"
"M1"	"IntAct_Rat"	"DLGAP1"
"M1"	"IntAct_Rat"	"ADORA1"
"M1"	"IntAct_Rat"	"ACHE"
"M1"	"IntAct_Rat"	"PPM1E"
"M1"	"IntAct_Rat"	"ROBO1"
"M1"	"IntAct_Rat"	"MAP6"
"M1"	"IntAct_Rat"	"COBL"
"M1"	"BIND"	"VCAM1"
"M1"	"BIND"	"CRYAB"
"M1"	"BIND"	"CAMK2B"
"M1"	"BIND"	"AR"
"M1"	"BIND"	"PIGR"
"M1"	"BIND"	"IQGAP2"
"M1"	"BIND"	"HNF4G"
"M1"	"BIND"	"CDH1"
"M1"	"BIND"	"RAB27B"
"M1"	"BIND"	"FLNC"
"M1"	"BIND"	"BMP4"
"M1"	"BIND"	"FHL1"
"M1"	"BIND"	"TNFSF10"
"M1"	"BIND"	"HLF"
"M1"	"BIND"	"SOCS1"
"M1"	"BIND"	"ERBB3"
"M1"	"BIND"	"HNF1A"
"M1"	"BIND"	"LGALS2"
"M1"	"BIND"	"EPHB2"
"M1"	"BIND"	"DPP4"
"M1"	"BIND"	"TGM2"
"M1"	"BIND"	"IL12RB2"
"M1"	"BIND"	"L1CAM"
"M1"	"BIND"	"TRIB3"
"M1"	"BIND"	"F10"
"M1"	"BIND"	"ALDOC"
"M1"	"BIND"	"FOSL1"
"M1"	"BIND"	"COL7A1"
"M1"	"BIND"	"CA12"
"M1"	"BIND"	"RUNX1"
"M1"	"BIND"	"CCND2"
"M1"	"BIND"	"SEMA3F"
"M1"	"BIND"	"ALDOB"
"M1"	"BIND"	"CXCL2"
"M1"	"BIND"	"PROC"
"M1"	"BIND"	"DLGAP1"
"M1"	"BIND"	"EFNA5"
"M1"	"BIND"	"SHC2"
"M1"	"BIND"	"PLAU"
"M1"	"BIND"	"APBB1IP"
"M1"	"BIND"	"NPR3"
"M1"	"BIND"	"CXCL1"
"M1"	"BIND"	"RBP4"
"M1"	"BIND"	"PMAIP1"
"M1"	"BIND"	"TFPI"
"M1"	"BIND"	"AZGP1"
"M1"	"BIND"	"F3"
"M1"	"BIND"	"DIRAS2"
"M1"	"BIND"	"EPHB1"
"M1"	"BIND"	"DSCAML1"
"M1"	"BIND"	"DPEP1"
"M1"	"BIND"	"KCNK3"
"M1"	"BIND"	"MAOB"
"M1"	"BIND"	"AKR1C1"
"M1"	"BIND"	"EPHA7"
"M1"	"BIND"	"CGN"
"M1"	"BIND"	"RNASE4"
"M1"	"BIND"	"VEGFC"
"M1"	"BIND"	"MECOM"
"M1"	"BIND"	"SGCD"
"M1"	"BIND"	"BHMT"
"M1"	"BIND_Worm"	"DPF3"
"M1"	"BIND_Worm"	"ALDOC"
"M1"	"BIND_Worm"	"HGD"
"M1"	"BIND_Worm"	"RCAN3"
"M1"	"BIND_Rat"	"HPD"
"M1"	"BIND_Rat"	"AR"
"M1"	"BIND_Rat"	"CKB"
"M1"	"BIND_Rat"	"DNM1"
"M1"	"BIND_Rat"	"DOC2B"
"M1"	"BIND_Rat"	"CDH2"
"M1"	"BIND_Rat"	"NOX4"
"M1"	"BIND_Rat"	"ERBB3"
"M1"	"BIND_Rat"	"L1CAM"
"M1"	"BIND_Rat"	"KCNJ4"
"M1"	"BIND_Rat"	"SNAP25"
"M1"	"BIND_Rat"	"NRXN2"
"M1"	"BIND_Rat"	"HAO2"
"M1"	"BIND_Rat"	"NLGN1"
"M1"	"BIND_Rat"	"AKR7A3"
"M1"	"BIND_Rat"	"HNF4A"
"M1"	"BIND_Rat"	"CUBN"
"M1"	"BIND_Rat"	"CAPN3"
"M1"	"BIND_Rat"	"ADCY2"
"M1"	"BIND_Rat"	"RIMS2"
"M1"	"BIND_Rat"	"DLGAP1"
"M1"	"BIND_Rat"	"ADORA1"
"M1"	"BIND_Rat"	"EPHB1"
"M1"	"BIND_Rat"	"ALDH3A1"
"M1"	"BIND_Rat"	"MAOB"
"M1"	"BIND_Rat"	"EPHA7"
"M1"	"BIND_Rat"	"CACNB2"
"M1"	"BIND_Rat"	"BHMT"
"M1"	"BIND_Rat"	"CLIC6"
"M1"	"MGI"	"AR"
"M1"	"MGI"	"DNM1"
"M1"	"MGI"	"CDH1"
"M1"	"MGI"	"CDH2"
"M1"	"MGI"	"IHH"
"M1"	"MGI"	"BMP4"
"M1"	"MGI"	"SOCS1"
"M1"	"MGI"	"PPARGC1A"
"M1"	"MGI"	"MAPT"
"M1"	"MGI"	"BTG3"
"M1"	"MGI"	"LRP2"
"M1"	"MGI"	"ZP3"
"M1"	"MGI"	"CCND2"
"M1"	"MGI"	"WNT3"
"M1"	"MGI"	"LDLR"
"M1"	"MGI"	"RIMS2"
"M1"	"MGI"	"RAB3B"
"M1"	"MGI"	"TRIM10"
"M1"	"MGI"	"MYRIP"
"M1"	"MGI"	"WNT5A"
"M1"	"MGI"	"SGCD"
"M1"	"BIND_Mouse"	"HEY2"
"M1"	"BIND_Mouse"	"CDH1"
"M1"	"BIND_Mouse"	"CDH2"
"M1"	"BIND_Mouse"	"BMP4"
"M1"	"BIND_Mouse"	"SOCS1"
"M1"	"BIND_Mouse"	"PPARGC1A"
"M1"	"BIND_Mouse"	"SNAP25"
"M1"	"BIND_Mouse"	"SLC17A1"
"M1"	"BIND_Mouse"	"HS3ST1"
"M1"	"BIND_Mouse"	"POU3F3"
"M1"	"BIND_Mouse"	"RIMS2"
"M1"	"BIND_Mouse"	"FREM2"
"M1"	"BIND_Mouse"	"SGCD"
"M1"	"BIND_Mouse"	"TPK1"
"M1"	"BIND_Mouse"	"FRAS1"
"M1"	"IntAct_Fly"	"HPD"
"M1"	"IntAct_Fly"	"TUBB4A"
"M1"	"IntAct_Fly"	"GDA"
"M1"	"IntAct_Fly"	"SNAP25"
"M1"	"IntAct_Fly"	"ASS1"
"M1"	"IntAct_Fly"	"KCTD15"
"M1"	"IntAct_Fly"	"MEGF11"
"M1"	"IntAct_Fly"	"PTPRD"
"M1"	"IntAct_Fly"	"IGF2BP1"
"M1"	"IntAct_Fly"	"TRIM9"
"M1"	"IntAct_Fly"	"TEKT2"
"M1"	"IntAct_Fly"	"HGD"
"M1"	"IntAct_Fly"	"ROBO1"
"M1"	"IntAct_Fly"	"DIRAS2"
"M1"	"IntAct_Fly"	"EPHB1"
"M1"	"IntAct_Fly"	"GGT1"
"M1"	"IntAct_Fly"	"PLCB4"
"M1"	"IntAct_Fly"	"SULT1C4"
"M1"	"IntAct_Fly"	"FUT6"
"M1"	"IntAct_Fly"	"SPON2"
"M1"	"JonesErbB1"	"ERBB3"
"M1"	"SOURAV_MAPK_LOW"	"PYGO1"
"M1"	"MINT"	"LRRK2"
"M1"	"MINT"	"FABP3"
"M1"	"MINT"	"AQP1"
"M1"	"MINT"	"CRYAB"
"M1"	"MINT"	"CBLC"
"M1"	"MINT"	"AR"
"M1"	"MINT"	"CKB"
"M1"	"MINT"	"GIPC2"
"M1"	"MINT"	"DNM1"
"M1"	"MINT"	"IQGAP2"
"M1"	"MINT"	"CDH1"
"M1"	"MINT"	"CDH2"
"M1"	"MINT"	"FLNC"
"M1"	"MINT"	"BMP4"
"M1"	"MINT"	"FHL1"
"M1"	"MINT"	"TNFSF10"
"M1"	"MINT"	"USP2"
"M1"	"MINT"	"GLI3"
"M1"	"MINT"	"SOCS1"
"M1"	"MINT"	"ERBB3"
"M1"	"MINT"	"PPARGC1A"
"M1"	"MINT"	"MAPT"
"M1"	"MINT"	"MME"
"M1"	"MINT"	"BTG3"
"M1"	"MINT"	"LGALS2"
"M1"	"MINT"	"DPP4"
"M1"	"MINT"	"TGM2"
"M1"	"MINT"	"PDZK1"
"M1"	"MINT"	"PTPRO"
"M1"	"MINT"	"IL12RB2"
"M1"	"MINT"	"L1CAM"
"M1"	"MINT"	"KCNJ4"
"M1"	"MINT"	"SNAP25"
"M1"	"MINT"	"THNSL2"
"M1"	"MINT"	"TRIB3"
"M1"	"MINT"	"PTH1R"
"M1"	"MINT"	"F10"
"M1"	"MINT"	"LRP2"
"M1"	"MINT"	"IGFBP3"
"M1"	"MINT"	"QPRT"
"M1"	"MINT"	"GPRIN2"
"M1"	"MINT"	"HOXB6"
"M1"	"MINT"	"PHLDA1"
"M1"	"MINT"	"FOSL1"
"M1"	"MINT"	"COL7A1"
"M1"	"MINT"	"DUSP4"
"M1"	"MINT"	"NLGN1"
"M1"	"MINT"	"TUBB3"
"M1"	"MINT"	"RUNX1"
"M1"	"MINT"	"AKR7A3"
"M1"	"MINT"	"HNF4A"
"M1"	"MINT"	"KCTD15"
"M1"	"MINT"	"CCND2"
"M1"	"MINT"	"SLC30A2"
"M1"	"MINT"	"HOXB9"
"M1"	"MINT"	"ALDH1A1"
"M1"	"MINT"	"GPD1"
"M1"	"MINT"	"ALPL"
"M1"	"MINT"	"PTPRD"
"M1"	"MINT"	"KCNH2"
"M1"	"MINT"	"NFATC4"
"M1"	"MINT"	"LDLR"
"M1"	"MINT"	"VIL1"
"M1"	"MINT"	"POU3F3"
"M1"	"MINT"	"CAPN3"
"M1"	"MINT"	"CLDN2"
"M1"	"MINT"	"RIMS2"
"M1"	"MINT"	"FAM50B"
"M1"	"MINT"	"RENBP"
"M1"	"MINT"	"DLGAP1"
"M1"	"MINT"	"EFNA5"
"M1"	"MINT"	"DUSP15"
"M1"	"MINT"	"SHC2"
"M1"	"MINT"	"ANKS1B"
"M1"	"MINT"	"SERPINA5"
"M1"	"MINT"	"PLAU"
"M1"	"MINT"	"ANK1"
"M1"	"MINT"	"PMAIP1"
"M1"	"MINT"	"PPM1E"
"M1"	"MINT"	"S100A2"
"M1"	"MINT"	"LAMA4"
"M1"	"MINT"	"SH2D5"
"M1"	"MINT"	"PTPRU"
"M1"	"MINT"	"ANPEP"
"M1"	"MINT"	"ARL4D"
"M1"	"MINT"	"AKAP5"
"M1"	"MINT"	"AKAP12"
"M1"	"MINT"	"EPHB1"
"M1"	"MINT"	"ACY3"
"M1"	"MINT"	"TM4SF1"
"M1"	"MINT"	"MYRIP"
"M1"	"MINT"	"KCNIP3"
"M1"	"MINT"	"DPEP1"
"M1"	"MINT"	"PKIA"
"M1"	"MINT"	"KCNK3"
"M1"	"MINT"	"GLYAT"
"M1"	"MINT"	"NPDC1"
"M1"	"MINT"	"CCL28"
"M1"	"MINT"	"ASPA"
"M1"	"MINT"	"ZMYND10"
"M1"	"MINT"	"FAM124A"
"M1"	"MINT"	"ARSE"
"M1"	"MINT"	"PDLIM4"
"M1"	"MINT"	"SGCD"
"M1"	"MINT"	"USH1C"
"M1"	"MINT"	"PDZK1IP1"
"M1"	"MINT"	"BHMT"
"M1"	"MINT"	"LRP3"
"M1"	"MINT_Rat"	"DNM1"
"M1"	"MINT_Rat"	"PDZK1"
"M1"	"MINT_Rat"	"SNAP25"
"M1"	"MINT_Rat"	"NLGN1"
"M1"	"MINT_Rat"	"TUBB3"
"M1"	"MINT_Rat"	"RIMS2"
"M1"	"MINT_Rat"	"DLGAP1"
"M1"	"MINT_Rat"	"ADORA1"
"M1"	"MINT_Rat"	"COBL"
"M1"	"INNATEDB_Mouse"	"AQP1"
"M1"	"INNATEDB_Mouse"	"AR"
"M1"	"INNATEDB_Mouse"	"CDH1"
"M1"	"INNATEDB_Mouse"	"CDH2"
"M1"	"INNATEDB_Mouse"	"GDA"
"M1"	"INNATEDB_Mouse"	"FLNC"
"M1"	"INNATEDB_Mouse"	"SOCS1"
"M1"	"INNATEDB_Mouse"	"HNF1A"
"M1"	"INNATEDB_Mouse"	"PPARGC1A"
"M1"	"INNATEDB_Mouse"	"KCNJ4"
"M1"	"INNATEDB_Mouse"	"PODXL2"
"M1"	"INNATEDB_Mouse"	"ASS1"
"M1"	"INNATEDB_Mouse"	"HEY1"
"M1"	"INNATEDB_Mouse"	"ZBTB7C"
"M1"	"INNATEDB_Mouse"	"GATA2"
"M1"	"INNATEDB_Mouse"	"RUNX1"
"M1"	"INNATEDB_Mouse"	"HNF4A"
"M1"	"INNATEDB_Mouse"	"CSGALNACT1"
"M1"	"INNATEDB_Mouse"	"CUBN"
"M1"	"INNATEDB_Mouse"	"CXCL2"
"M1"	"INNATEDB_Mouse"	"ALPL"
"M1"	"INNATEDB_Mouse"	"KCNH2"
"M1"	"INNATEDB_Mouse"	"SOX9"
"M1"	"INNATEDB_Mouse"	"NFATC4"
"M1"	"INNATEDB_Mouse"	"CLIP3"
"M1"	"INNATEDB_Mouse"	"TRIM9"
"M1"	"INNATEDB_Mouse"	"CXCL6"
"M1"	"INNATEDB_Mouse"	"IL15RA"
"M1"	"INNATEDB_Mouse"	"NPAS3"
"M1"	"INNATEDB_Mouse"	"MYO3A"
"M1"	"INNATEDB_Mouse"	"MDGA1"
"M1"	"INNATEDB_Mouse"	"C1QTNF3"
"M1"	"INNATEDB_Mouse"	"ARG2"
"M1"	"INNATEDB_Mouse"	"NAPSA"
"M1"	"INNATEDB_Mouse"	"IRX3"
"M1"	"INNATEDB_Mouse"	"SLC5A12"
"M1"	"INNATEDB_Mouse"	"FREM2"
"M1"	"INNATEDB_Mouse"	"ZFHX4"
"M1"	"INNATEDB_Mouse"	"DENND2A"
"M1"	"INNATEDB_Mouse"	"IL17RD"
"M1"	"INNATEDB_Mouse"	"IL17RE"
"M1"	"BioGrid_Rat"	"CAMK2B"
"M1"	"BioGrid_Rat"	"STX1B"
"M1"	"BioGrid_Rat"	"CDH1"
"M1"	"BioGrid_Rat"	"USP2"
"M1"	"BioGrid_Rat"	"SOCS1"
"M1"	"BioGrid_Rat"	"MAPT"
"M1"	"BioGrid_Rat"	"TRPV4"
"M1"	"BioGrid_Rat"	"GFRA1"
"M1"	"BioGrid_Rat"	"GLRB"
"M1"	"BioGrid_Rat"	"L1CAM"
"M1"	"BioGrid_Rat"	"DACT2"
"M1"	"BioGrid_Rat"	"SNAP25"
"M1"	"BioGrid_Rat"	"FBXO2"
"M1"	"BioGrid_Rat"	"NRXN2"
"M1"	"BioGrid_Rat"	"NLGN1"
"M1"	"BioGrid_Rat"	"KCNQ1"
"M1"	"BioGrid_Rat"	"CCND2"
"M1"	"BioGrid_Rat"	"CUBN"
"M1"	"BioGrid_Rat"	"ITPR3"
"M1"	"BioGrid_Rat"	"DLGAP1"
"M1"	"BioGrid_Rat"	"ANPEP"
"M1"	"BioGrid_Rat"	"EPHB1"
"M1"	"BioGrid_Rat"	"KCNIP3"
"M1"	"BioGrid_Yeast"	"GDA"
"M1"	"BioGrid_Yeast"	"DPP4"
"M1"	"BioGrid_Yeast"	"CYB5R2"
"M1"	"BioGrid_Yeast"	"THNSL2"
"M1"	"BioGrid_Yeast"	"QPRT"
"M1"	"BioGrid_Yeast"	"HAO2"
"M1"	"BioGrid_Yeast"	"SLC25A34"
"M1"	"BioGrid_Yeast"	"PKLR"
"M1"	"BioGrid_Yeast"	"ABAT"
"M1"	"BioGrid_Yeast"	"SLC15A1"
"M1"	"BioGrid_Yeast"	"SLC4A4"
"M1"	"BioGrid_Yeast"	"ALDH4A1"
"M1"	"BioGrid_Yeast"	"GPT"
"M1"	"BioGrid_Yeast"	"GGT1"
"M1"	"BioGrid_Yeast"	"ABHD1"
"M1"	"StelzlMedium"	"PHYHIP"
"M1"	"StelzlMedium"	"TNFSF10"
"M1"	"StelzlMedium"	"L1CAM"
"M1"	"StelzlMedium"	"THNSL2"
"M1"	"StelzlMedium"	"F10"
"M1"	"StelzlMedium"	"IGFBP3"
"M1"	"StelzlMedium"	"KCTD15"
"M1"	"StelzlMedium"	"KCNH2"
"M1"	"StelzlMedium"	"SERPINA5"
"M1"	"StelzlMedium"	"PMAIP1"
"M1"	"StelzlMedium"	"LAMA4"
"M1"	"StelzlMedium"	"ARL4D"
"M1"	"StelzlMedium"	"TM4SF1"
"M1"	"StelzlMedium"	"SUSD4"
"M1"	"StelzlMedium"	"ARSE"
"M1"	"StelzlMedium"	"FAM69B"
"M1"	"StelzlMedium"	"PDZK1IP1"
"M1"	"MINT_Mouse"	"DLL1"
"M1"	"MINT_Mouse"	"CAMK2B"
"M1"	"MINT_Mouse"	"CDH1"
"M1"	"MINT_Mouse"	"CLDN3"
"M1"	"MINT_Mouse"	"MAPT"
"M1"	"MINT_Mouse"	"IL12RB2"
"M1"	"MINT_Mouse"	"GLRB"
"M1"	"MINT_Mouse"	"SNAP25"
"M1"	"MINT_Mouse"	"SLC17A1"
"M1"	"MINT_Mouse"	"COL7A1"
"M1"	"MINT_Mouse"	"CLDN2"
"M1"	"MINT_Mouse"	"APBB1IP"
"M1"	"MINT_Mouse"	"CHL1"
"M1"	"MINT_Mouse"	"AKAP5"
"M1"	"MINT_Mouse"	"AKAP12"
"M1"	"MINT_Mouse"	"ACY3"
"M1"	"DIP_Mouse"	"VCAM1"
"M1"	"DIP_Mouse"	"CAMK2B"
"M1"	"DIP_Mouse"	"AR"
"M1"	"DIP_Mouse"	"CDH1"
"M1"	"DIP_Mouse"	"CDH2"
"M1"	"DIP_Mouse"	"RAB27B"
"M1"	"DIP_Mouse"	"TRPV4"
"M1"	"DIP_Mouse"	"SNAP25"
"M1"	"DIP_Mouse"	"TNFRSF11B"
"M1"	"DIP_Mouse"	"HOXB6"
"M1"	"DIP_Mouse"	"FGFR4"
"M1"	"DIP_Mouse"	"TUBB3"
"M1"	"DIP_Mouse"	"CCND2"
"M1"	"DIP_Mouse"	"IGF2BP1"
"M1"	"DIP_Mouse"	"SATB2"
"M1"	"DIP_Mouse"	"ENPP1"
"M1"	"DIP_Mouse"	"KCNJ3"
"M1"	"DIP_Mouse"	"ACY3"
"M1"	"DIP_Mouse"	"BAIAP2L2"
"M1"	"DIP_Mouse"	"SLC6A19"
"M1"	"DIP_Mouse"	"SGSM1"
"M1"	"DIP"	"LRRK2"
"M1"	"DIP"	"AQP1"
"M1"	"DIP"	"CRYAB"
"M1"	"DIP"	"CAMK2B"
"M1"	"DIP"	"AR"
"M1"	"DIP"	"DNM1"
"M1"	"DIP"	"IQGAP2"
"M1"	"DIP"	"CDH1"
"M1"	"DIP"	"FLNC"
"M1"	"DIP"	"BMP4"
"M1"	"DIP"	"TNFSF10"
"M1"	"DIP"	"USP2"
"M1"	"DIP"	"ERBB3"
"M1"	"DIP"	"PPARGC1A"
"M1"	"DIP"	"CLDN3"
"M1"	"DIP"	"MAPT"
"M1"	"DIP"	"CABP1"
"M1"	"DIP"	"EPHB2"
"M1"	"DIP"	"TGM2"
"M1"	"DIP"	"GFRA1"
"M1"	"DIP"	"SNAP25"
"M1"	"DIP"	"IGFBP3"
"M1"	"DIP"	"ASS1"
"M1"	"DIP"	"FOSL1"
"M1"	"DIP"	"FGFR4"
"M1"	"DIP"	"GATA2"
"M1"	"DIP"	"FOXP2"
"M1"	"DIP"	"HGFAC"
"M1"	"DIP"	"RUNX1"
"M1"	"DIP"	"LARGE2"
"M1"	"DIP"	"KCNQ1"
"M1"	"DIP"	"PRKAR2B"
"M1"	"DIP"	"CUBN"
"M1"	"DIP"	"KCNH2"
"M1"	"DIP"	"LDLR"
"M1"	"DIP"	"IGF2BP1"
"M1"	"DIP"	"SATB2"
"M1"	"DIP"	"EFNA5"
"M1"	"DIP"	"NRG1"
"M1"	"DIP"	"SERPINA5"
"M1"	"DIP"	"CDCP1"
"M1"	"DIP"	"SLC4A4"
"M1"	"DIP"	"NPR1"
"M1"	"DIP"	"CXCL1"
"M1"	"DIP"	"CXCL5"
"M1"	"DIP"	"ROBO1"
"M1"	"DIP"	"ETV4"
"M1"	"DIP"	"BCHE"
"M1"	"DIP"	"DDC"
"M1"	"DIP"	"GJB2"
"M1"	"DIP"	"IL22RA1"
"M1"	"DIP"	"ASPA"
"M1"	"DIP"	"USH1C"
"M1"	"DIP"	"APCDD1"
"M1"	"YeastMedium"	"DPP4"
"M1"	"YeastMedium"	"QPRT"
"M1"	"YeastMedium"	"HAO2"
"M1"	"YeastMedium"	"ABAT"
"M1"	"YeastMedium"	"GPT"
"M1"	"StelzlLow"	"PHYHIP"
"M1"	"StelzlLow"	"F10"
"M1"	"StelzlLow"	"COL7A1"
"M1"	"StelzlLow"	"KCTD15"
"M1"	"StelzlLow"	"PMAIP1"
"M1"	"StelzlLow"	"SUSD4"
"M1"	"DIP_Rat"	"AR"
"M1"	"DIP_Rat"	"DNM1"
"M1"	"DIP_Rat"	"CDH2"
"M1"	"DIP_Rat"	"SNAP25"
"M1"	"DIP_Rat"	"FOSL1"
"M1"	"DIP_Rat"	"RIMS2"
"M1"	"DIP_Rat"	"MAL"
"M1"	"DIP_Rat"	"EPHB1"
"M1"	"DIP_Rat"	"ARG2"
"M1"	"DIP_Rat"	"ASPA"
"M1"	"DIP_Rat"	"CACNB2"
"M1"	"DIP_Yeast"	"THNSL2"
"M1"	"DIP_Yeast"	"ASS1"
"M1"	"DIP_Yeast"	"QPRT"
"M1"	"IntAct_Yeast"	"CYB5R2"
"M1"	"IntAct_Yeast"	"THNSL2"
"M1"	"IntAct_Yeast"	"ASS1"
"M1"	"IntAct_Yeast"	"QPRT"
"M1"	"IntAct_Yeast"	"HAO2"
"M1"	"IntAct_Yeast"	"SLC25A34"
"M1"	"IntAct_Yeast"	"PKLR"
"M1"	"IntAct_Yeast"	"ABAT"
"M1"	"IntAct_Yeast"	"ALDH4A1"
"M1"	"IntAct_Yeast"	"SLC47A1"
"M1"	"IntAct_Yeast"	"GLDC"
"M1"	"IntAct_Yeast"	"ABHD1"
"M1"	"YeastLow"	"THNSL2"
"M1"	"YeastLow"	"ASS1"
"M1"	"YeastLow"	"SLC25A34"
"M1"	"YeastLow"	"ABAT"
"M1"	"YeastLow"	"SLC4A4"
"M1"	"YeastLow"	"GLDC"
"M1"	"YeastLow"	"GPT"
"M1"	"YeastLow"	"GGT1"
"M1"	"YeastLow"	"RGN"
"M1"	"VidalHuman_core"	"AQP1"
"M1"	"VidalHuman_core"	"USP2"
"M1"	"VidalHuman_core"	"HOXA9"
"M1"	"VidalHuman_core"	"PDZK1"
"M1"	"VidalHuman_core"	"SNAP25"
"M1"	"VidalHuman_core"	"ASS1"
"M1"	"VidalHuman_core"	"QPRT"
"M1"	"VidalHuman_core"	"GPRIN2"
"M1"	"VidalHuman_core"	"HOXB6"
"M1"	"VidalHuman_core"	"PHLDA1"
"M1"	"VidalHuman_core"	"FOSL1"
"M1"	"VidalHuman_core"	"AKR7A3"
"M1"	"VidalHuman_core"	"CCND2"
"M1"	"VidalHuman_core"	"HOXB9"
"M1"	"VidalHuman_core"	"ALDH1A1"
"M1"	"VidalHuman_core"	"AGT"
"M1"	"VidalHuman_core"	"CAPN3"
"M1"	"VidalHuman_core"	"CLDN2"
"M1"	"VidalHuman_core"	"RENBP"
"M1"	"VidalHuman_core"	"S100A2"
"M1"	"VidalHuman_core"	"KCNIP3"
"M1"	"VidalHuman_core"	"DPEP1"
"M1"	"VidalHuman_core"	"NPDC1"
"M1"	"VidalHuman_core"	"ASPA"
"M1"	"VidalHuman_core"	"ZMYND10"
"M1"	"VidalHuman_core"	"PDLIM4"
"M1"	"VidalHuman_core"	"BHMT"
"M1"	"Krogan_NonCore"	"CYB5R2"
"M1"	"Krogan_NonCore"	"THNSL2"
"M1"	"Krogan_NonCore"	"PKLR"
"M1"	"StelzlHigh"	"SNAP25"
"M1"	"StelzlHigh"	"TRIB3"
"M1"	"StelzlHigh"	"GPD1"
"M1"	"StelzlHigh"	"LAMA4"
"M1"	"StelzlHigh"	"ARL4D"
"M1"	"StelzlHigh"	"TM4SF1"
"M1"	"FlyLow"	"KLHL3"
"M1"	"FlyLow"	"TRIM9"
"M1"	"FlyLow"	"TEKT2"
"M1"	"MINT_Fly"	"KCTD15"
"M1"	"MINT_Fly"	"KLHL3"
"M1"	"MINT_Fly"	"MEGF11"
"M1"	"MINT_Fly"	"PTPRD"
"M1"	"MINT_Fly"	"TRIM9"
"M1"	"MINT_Fly"	"TEKT2"
"M1"	"MINT_Fly"	"HGD"
"M1"	"MINT_Fly"	"ALDH4A1"
"M1"	"MINT_Fly"	"DDC"
"M1"	"MINT_Fly"	"DNAI1"
"M1"	"MINT_Fly"	"ZMYND10"
"M1"	"MINT_Fly"	"IYD"
"M1"	"MINT_Fly"	"AMACR"
"M1"	"BioGrid_Worm"	"DNM1"
"M1"	"BioGrid_Worm"	"ALDOC"
"M1"	"BioGrid_Worm"	"MEGF11"
"M1"	"BioGrid_Worm"	"TRIM9"
"M1"	"BioGrid_Worm"	"HGD"
"M1"	"BioGrid_Worm"	"RCAN3"
"M1"	"IntAct_Worm"	"DNM1"
"M1"	"IntAct_Worm"	"HNF4G"
"M1"	"IntAct_Worm"	"ALDOC"
"M1"	"IntAct_Worm"	"MEGF11"
"M1"	"IntAct_Worm"	"GPD1"
"M1"	"IntAct_Worm"	"FUT3"
"M1"	"IntAct_Worm"	"HGD"
"M1"	"IntAct_Worm"	"ECHDC3"
"M1"	"IntAct_Worm"	"ANXA13"
"M1"	"IntAct_Worm"	"MYO7B"
"M1"	"IntAct_Worm"	"LDHD"
"M1"	"VidalHuman_non_core"	"BBOX1"
"M1"	"VidalHuman_non_core"	"AQP1"
"M1"	"VidalHuman_non_core"	"CLDN3"
"M1"	"VidalHuman_non_core"	"TGM2"
"M1"	"VidalHuman_non_core"	"GPRIN2"
"M1"	"VidalHuman_non_core"	"RASD1"
"M1"	"VidalHuman_non_core"	"AKR7A3"
"M1"	"VidalHuman_non_core"	"CXCL2"
"M1"	"VidalHuman_non_core"	"AGT"
"M1"	"VidalHuman_non_core"	"SERPINA5"
"M1"	"VidalHuman_non_core"	"ARL4D"
"M1"	"MINT_Yeast"	"CYB5R2"
"M1"	"MINT_Yeast"	"QPRT"
"M1"	"MINT_Yeast"	"SLC25A34"
"M1"	"MINT_Yeast"	"ALDH4A1"
"M1"	"MINT_Yeast"	"GLDC"
"M1"	"Tarassov_PCA"	"CYB5R2"
"M1"	"Tarassov_PCA"	"SLC25A34"
"M1"	"FlyEmbryo"	"DLL1"
"M1"	"I2D-text_mining-c"	"CLDN3"
"M1"	"ShawnLi"	"DLGAP1"
"M1"	"ShawnLi"	"ENPP3"
"M1"	"YeastHigh"	"THNSL2"
"M1"	"YeastHigh"	"ASS1"
"M1"	"YeastHigh"	"GLDC"
"M1"	"I2D-c_Fiona_HUMAN"	"FABP3"
"M1"	"I2D-c_Fiona_HUMAN"	"AR"
"M1"	"CORE_2"	"ALDOC"
"M1"	"CORE_2"	"HGD"
"M1"	"DIP_Worm"	"HNF4G"
"M1"	"DIP_Worm"	"ALDOC"
"M1"	"DIP_Worm"	"HGD"
"M1"	"DIP_Worm"	"RCAN3"
"M1"	"DIP_Worm"	"LDHD"
"M1"	"MINT_Worm"	"ALDOC"
"M1"	"MINT_Worm"	"HGD"
"M1"	"MINT_Worm"	"RCAN3"
"M1"	"Krogan_Core"	"CYB5R2"
"M1"	"I2D-c_Rat"	"ADORA1"
"M1"	"SOURAV_MAPK_HIGH"	"PYGO1"
"M1"	"NON_CORE"	"RCAN3"
"M1"	"Fawcett_polarity_Rat"	"DNM1"
"M1"	"Fawcett_polarity_Rat"	"SPTBN2"
"M1"	"MIPS"	"QPRT"
"M1"	"KIM_MYC"	"ASRGL1"
"M1"	"BIND_Yeast"	"HAO2"
"M2"	"BioGrid"	"SMAD9"
"M2"	"BioGrid"	"MAPK15"
"M2"	"BioGrid"	"PSAT1"
"M2"	"BioGrid"	"OLFM2"
"M2"	"BioGrid"	"OSGIN1"
"M2"	"BioGrid"	"DYSF"
"M2"	"BioGrid"	"POU5F1"
"M2"	"BioGrid"	"SCHIP1"
"M2"	"BioGrid"	"SFN"
"M2"	"BioGrid"	"SYNE4"
"M2"	"BioGrid"	"KRT19"
"M2"	"BioGrid"	"SORD"
"M2"	"BioGrid"	"DOC2A"
"M2"	"BioGrid"	"ABCC2"
"M2"	"BioGrid"	"PTK6"
"M2"	"BioGrid"	"ATP2A1"
"M2"	"BioGrid"	"TXNRD1"
"M2"	"BioGrid"	"MAPK12"
"M2"	"BioGrid"	"EGF"
"M2"	"BioGrid"	"KIT"
"M2"	"BioGrid"	"MAPK8IP2"
"M2"	"BioGrid"	"PCSK5"
"M2"	"BioGrid"	"GPR37"
"M2"	"BioGrid"	"NTRK2"
"M2"	"BioGrid"	"IGF2BP2"
"M2"	"BioGrid"	"GHR"
"M2"	"BioGrid"	"TNC"
"M2"	"BioGrid"	"TLE2"
"M2"	"BioGrid"	"ATP8A2"
"M2"	"BioGrid"	"NKD2"
"M2"	"BioGrid"	"TSPAN10"
"M2"	"BioGrid"	"PRKCQ"
"M2"	"BioGrid"	"PHGDH"
"M2"	"BioGrid"	"FGF2"
"M2"	"BioGrid"	"TRIM29"
"M2"	"BioGrid"	"ID1"
"M2"	"BioGrid"	"EPS8L1"
"M2"	"BioGrid"	"NRXN3"
"M2"	"BioGrid"	"GJA1"
"M2"	"BioGrid"	"EPHA4"
"M2"	"BioGrid"	"S100A14"
"M2"	"BioGrid"	"EFEMP2"
"M2"	"BioGrid"	"PKP3"
"M2"	"BioGrid"	"DCLK1"
"M2"	"BioGrid"	"PPFIA4"
"M2"	"BioGrid"	"ANK2"
"M2"	"BioGrid"	"SKAP1"
"M2"	"BioGrid"	"SLPI"
"M2"	"BioGrid"	"VDR"
"M2"	"BioGrid"	"ST14"
"M2"	"BioGrid"	"AKR1B10"
"M2"	"BioGrid"	"CLDN1"
"M2"	"BioGrid"	"NRCAM"
"M2"	"BioGrid"	"MAL2"
"M2"	"BioGrid"	"FGD5"
"M2"	"BioGrid"	"CDCA7L"
"M2"	"BioGrid"	"WFDC1"
"M2"	"BioGrid"	"TXNDC5"
"M2"	"BioGrid"	"COL17A1"
"M2"	"BioGrid"	"REC8"
"M2"	"BioGrid"	"ACSF2"
"M2"	"BioGrid"	"HES4"
"M2"	"BioGrid"	"CPEB1"
"M2"	"BioGrid"	"GABBR1"
"M2"	"BioGrid"	"NEFL"
"M2"	"BioGrid"	"KRT7"
"M2"	"BioGrid"	"KRT17"
"M2"	"BioGrid"	"CCDC74B"
"M2"	"BioGrid"	"MDK"
"M2"	"BioGrid"	"PRLR"
"M2"	"BioGrid"	"SHH"
"M2"	"BioGrid"	"CXADR"
"M2"	"BioGrid"	"TPPP"
"M2"	"BioGrid"	"SLIT2"
"M2"	"BioGrid"	"APBA2"
"M2"	"BioGrid"	"GCNT3"
"M2"	"BioGrid"	"TSPOAP1"
"M2"	"BioGrid"	"SH3BP5"
"M2"	"BioGrid"	"STK33"
"M2"	"BioGrid"	"KLHL13"
"M2"	"BioGrid"	"DNAJC12"
"M2"	"BioGrid"	"MUC1"
"M2"	"BioGrid"	"F5"
"M2"	"BioGrid"	"MMP7"
"M2"	"BioGrid"	"LAMA1"
"M2"	"BioGrid"	"GSDMB"
"M2"	"BioGrid"	"MST1"
"M2"	"BioGrid"	"AMBP"
"M2"	"BioGrid"	"TRO"
"M2"	"BioGrid"	"TG"
"M2"	"BioGrid"	"CPE"
"M2"	"BioGrid"	"NOV"
"M2"	"BioGrid"	"COL9A2"
"M2"	"BioGrid"	"APOL1"
"M2"	"BioGrid"	"NEFM"
"M2"	"BioGrid"	"CA2"
"M2"	"BioGrid"	"ITGB6"
"M2"	"BioGrid"	"BCAN"
"M2"	"BioGrid"	"KITLG"
"M2"	"BioGrid"	"S100A1"
"M2"	"BioGrid"	"NQO1"
"M2"	"BioGrid"	"CNR1"
"M2"	"BioGrid"	"SCEL"
"M2"	"BioGrid"	"GSTA1"
"M2"	"BioGrid"	"CTF1"
"M2"	"BioGrid"	"PLA1A"
"M2"	"BioGrid"	"DMKN"
"M2"	"BioGrid"	"PROSER2"
"M2"	"BioGrid"	"PRR15"
"M2"	"BioGrid"	"L3MBTL4"
"M2"	"BioGrid"	"LFNG"
"M2"	"BioGrid"	"STRIP2"
"M2"	"BioGrid"	"CLDN16"
"M2"	"BioGrid"	"MST1R"
"M2"	"BioGrid"	"NAP1L2"
"M2"	"BioGrid"	"LCN2"
"M2"	"BioGrid"	"TPSAB1"
"M2"	"BioGrid"	"ADRA2C"
"M2"	"BioGrid"	"RNF180"
"M2"	"BioGrid"	"RNF182"
"M2"	"BioGrid"	"NEURL3"
"M2"	"BioGrid"	"HRK"
"M2"	"BioGrid"	"MGST1"
"M2"	"BioGrid"	"NEBL"
"M2"	"BioGrid"	"LAMC2"
"M2"	"BioGrid"	"ME1"
"M2"	"BioGrid"	"AKAP3"
"M2"	"BioGrid"	"MSC"
"M2"	"BioGrid"	"TPSB2"
"M2"	"BioGrid"	"CDC42BPG"
"M2"	"BioGrid"	"SLC7A8"
"M2"	"BioGrid"	"CYP4F11"
"M2"	"BioGrid"	"CDH4"
"M2"	"BioGrid"	"ATOH8"
"M2"	"BioGrid"	"RYR3"
"M2"	"BioGrid"	"WFDC2"
"M2"	"BioGrid"	"GPX3"
"M2"	"BioGrid"	"HSD17B14"
"M2"	"BioGrid"	"RNF128"
"M2"	"BioGrid"	"FBXL16"
"M2"	"BioGrid"	"SEPT3"
"M2"	"BioGrid"	"CD274"
"M2"	"BioGrid"	"LAMA3"
"M2"	"BioGrid"	"SCNN1A"
"M2"	"BioGrid"	"AKR1C3"
"M2"	"BioGrid"	"PRRG2"
"M2"	"BioGrid"	"PLPP2"
"M2"	"BioGrid"	"IRF6"
"M2"	"BioGrid"	"CLGN"
"M2"	"BioGrid"	"PLAG1"
"M2"	"BioGrid"	"AKR1C2"
"M2"	"BioGrid"	"HIST1H2BK"
"M2"	"BioGrid"	"CRIP1"
"M2"	"BioGrid"	"HIST3H2A"
"M2"	"BioGrid"	"EGFL8"
"M2"	"BioGrid"	"ZNF337"
"M2"	"BioGrid"	"FNDC4"
"M2"	"BioGrid"	"GPR143"
"M2"	"BioGrid"	"ZNF471"
"M2"	"BioGrid"	"FKBP1B"
"M2"	"BioGrid"	"LMTK3"
"M2"	"BioGrid"	"CLDN7"
"M2"	"BioGrid"	"RIC3"
"M2"	"BioGrid"	"RCAN2"
"M2"	"BioGrid"	"STMN3"
"M2"	"BioGrid"	"GDF15"
"M2"	"BioGrid"	"EFHC2"
"M2"	"BioGrid"	"SYT16"
"M2"	"BioGrid"	"PLEKHN1"
"M2"	"BioGrid"	"GALNT3"
"M2"	"BioGrid"	"TSPYL5"
"M2"	"BioGrid"	"PPP1R14C"
"M2"	"BioGrid"	"LIPG"
"M2"	"BioGrid"	"MOCOS"
"M2"	"BioGrid"	"CYSLTR2"
"M2"	"BioGrid"	"ESRP2"
"M2"	"IntAct"	"SMAD9"
"M2"	"IntAct"	"MAPK15"
"M2"	"IntAct"	"PSAT1"
"M2"	"IntAct"	"OLFM2"
"M2"	"IntAct"	"OSGIN1"
"M2"	"IntAct"	"DYSF"
"M2"	"IntAct"	"POU5F1"
"M2"	"IntAct"	"SCHIP1"
"M2"	"IntAct"	"SFN"
"M2"	"IntAct"	"SYNE4"
"M2"	"IntAct"	"KRT19"
"M2"	"IntAct"	"PLEKHG6"
"M2"	"IntAct"	"SORD"
"M2"	"IntAct"	"PTK6"
"M2"	"IntAct"	"ATP2A1"
"M2"	"IntAct"	"TXNRD1"
"M2"	"IntAct"	"MAPK12"
"M2"	"IntAct"	"BAIAP3"
"M2"	"IntAct"	"EGF"
"M2"	"IntAct"	"KIT"
"M2"	"IntAct"	"MAPK8IP2"
"M2"	"IntAct"	"PCSK5"
"M2"	"IntAct"	"EFNB2"
"M2"	"IntAct"	"NTRK2"
"M2"	"IntAct"	"TACSTD2"
"M2"	"IntAct"	"GHR"
"M2"	"IntAct"	"TLE2"
"M2"	"IntAct"	"ATP8A2"
"M2"	"IntAct"	"NKD2"
"M2"	"IntAct"	"PRKCQ"
"M2"	"IntAct"	"PHGDH"
"M2"	"IntAct"	"FGF2"
"M2"	"IntAct"	"TRIM29"
"M2"	"IntAct"	"ID1"
"M2"	"IntAct"	"EPS8L1"
"M2"	"IntAct"	"GJA1"
"M2"	"IntAct"	"EPHA4"
"M2"	"IntAct"	"S100A14"
"M2"	"IntAct"	"EFEMP2"
"M2"	"IntAct"	"PKP3"
"M2"	"IntAct"	"DCLK1"
"M2"	"IntAct"	"PPFIA4"
"M2"	"IntAct"	"ANK2"
"M2"	"IntAct"	"SKAP1"
"M2"	"IntAct"	"SLC16A1"
"M2"	"IntAct"	"SLPI"
"M2"	"IntAct"	"MAN1C1"
"M2"	"IntAct"	"VDR"
"M2"	"IntAct"	"ST14"
"M2"	"IntAct"	"AKR1B10"
"M2"	"IntAct"	"CLDN1"
"M2"	"IntAct"	"PLEKHH2"
"M2"	"IntAct"	"MAL2"
"M2"	"IntAct"	"FGD5"
"M2"	"IntAct"	"CDCA7L"
"M2"	"IntAct"	"MYH3"
"M2"	"IntAct"	"WFDC1"
"M2"	"IntAct"	"TXNDC5"
"M2"	"IntAct"	"REC8"
"M2"	"IntAct"	"PYCR1"
"M2"	"IntAct"	"ACSF2"
"M2"	"IntAct"	"SLC19A3"
"M2"	"IntAct"	"HES4"
"M2"	"IntAct"	"CPEB1"
"M2"	"IntAct"	"GABBR1"
"M2"	"IntAct"	"NEFL"
"M2"	"IntAct"	"KRT7"
"M2"	"IntAct"	"KRT17"
"M2"	"IntAct"	"CCDC74B"
"M2"	"IntAct"	"MDK"
"M2"	"IntAct"	"PRLR"
"M2"	"IntAct"	"MXRA5"
"M2"	"IntAct"	"SPTBN4"
"M2"	"IntAct"	"WNT7B"
"M2"	"IntAct"	"CXADR"
"M2"	"IntAct"	"TPPP"
"M2"	"IntAct"	"SLIT2"
"M2"	"IntAct"	"GCNT3"
"M2"	"IntAct"	"SH3BP5"
"M2"	"IntAct"	"ZNF334"
"M2"	"IntAct"	"STK33"
"M2"	"IntAct"	"KLHL13"
"M2"	"IntAct"	"PILRB"
"M2"	"IntAct"	"DNAJC12"
"M2"	"IntAct"	"MUC1"
"M2"	"IntAct"	"GPM6B"
"M2"	"IntAct"	"MMP7"
"M2"	"IntAct"	"GSDMB"
"M2"	"IntAct"	"AMBP"
"M2"	"IntAct"	"HABP2"
"M2"	"IntAct"	"TRO"
"M2"	"IntAct"	"UST"
"M2"	"IntAct"	"APOL1"
"M2"	"IntAct"	"NEFM"
"M2"	"IntAct"	"CA2"
"M2"	"IntAct"	"FBN2"
"M2"	"IntAct"	"SOX8"
"M2"	"IntAct"	"KITLG"
"M2"	"IntAct"	"S100A1"
"M2"	"IntAct"	"NQO1"
"M2"	"IntAct"	"GOLGA8A"
"M2"	"IntAct"	"SCEL"
"M2"	"IntAct"	"GSTA1"
"M2"	"IntAct"	"CTF1"
"M2"	"IntAct"	"DMKN"
"M2"	"IntAct"	"PROSER2"
"M2"	"IntAct"	"L3MBTL4"
"M2"	"IntAct"	"CLDN16"
"M2"	"IntAct"	"MST1R"
"M2"	"IntAct"	"TPSAB1"
"M2"	"IntAct"	"RNF182"
"M2"	"IntAct"	"HRK"
"M2"	"IntAct"	"MGST1"
"M2"	"IntAct"	"TSKU"
"M2"	"IntAct"	"NEBL"
"M2"	"IntAct"	"ID4"
"M2"	"IntAct"	"LAMC2"
"M2"	"IntAct"	"AKAP3"
"M2"	"IntAct"	"MSC"
"M2"	"IntAct"	"TPSB2"
"M2"	"IntAct"	"TBC1D14"
"M2"	"IntAct"	"CYP4F11"
"M2"	"IntAct"	"ATOH8"
"M2"	"IntAct"	"RYR3"
"M2"	"IntAct"	"EPHA1"
"M2"	"IntAct"	"CGNL1"
"M2"	"IntAct"	"HSD17B14"
"M2"	"IntAct"	"RNF128"
"M2"	"IntAct"	"FBXL16"
"M2"	"IntAct"	"SEPT3"
"M2"	"IntAct"	"PDE3B"
"M2"	"IntAct"	"INAVA"
"M2"	"IntAct"	"ILDR2"
"M2"	"IntAct"	"SCNN1A"
"M2"	"IntAct"	"AKR1C3"
"M2"	"IntAct"	"PRRG2"
"M2"	"IntAct"	"PLPP2"
"M2"	"IntAct"	"IRF6"
"M2"	"IntAct"	"PLAG1"
"M2"	"IntAct"	"EGFL8"
"M2"	"IntAct"	"ZNF337"
"M2"	"IntAct"	"DDIT4L"
"M2"	"IntAct"	"GPR143"
"M2"	"IntAct"	"SDR42E1"
"M2"	"IntAct"	"FKBP1B"
"M2"	"IntAct"	"RCAN2"
"M2"	"IntAct"	"STMN3"
"M2"	"IntAct"	"TSPAN1"
"M2"	"IntAct"	"GDF15"
"M2"	"IntAct"	"EFHC2"
"M2"	"IntAct"	"SYT16"
"M2"	"IntAct"	"PLEKHN1"
"M2"	"IntAct"	"C1orf116"
"M2"	"IntAct"	"ZMAT1"
"M2"	"IntAct"	"TSPYL5"
"M2"	"IntAct"	"LIPG"
"M2"	"IntAct"	"MOCOS"
"M2"	"IntAct"	"CORO6"
"M2"	"IntAct"	"CYSLTR2"
"M2"	"IntAct"	"ESRP2"
"M2"	"MINT"	"SMAD9"
"M2"	"MINT"	"OLFM2"
"M2"	"MINT"	"SFN"
"M2"	"MINT"	"SYNE4"
"M2"	"MINT"	"KRT19"
"M2"	"MINT"	"SORD"
"M2"	"MINT"	"PTK6"
"M2"	"MINT"	"EGF"
"M2"	"MINT"	"KIT"
"M2"	"MINT"	"MAPK8IP2"
"M2"	"MINT"	"PCSK5"
"M2"	"MINT"	"EFNB2"
"M2"	"MINT"	"GHR"
"M2"	"MINT"	"PRKCQ"
"M2"	"MINT"	"TRIM29"
"M2"	"MINT"	"GJA1"
"M2"	"MINT"	"S100A14"
"M2"	"MINT"	"EFEMP2"
"M2"	"MINT"	"PPFIA4"
"M2"	"MINT"	"SKAP1"
"M2"	"MINT"	"VDR"
"M2"	"MINT"	"ST14"
"M2"	"MINT"	"CLDN1"
"M2"	"MINT"	"TXNDC5"
"M2"	"MINT"	"ACSF2"
"M2"	"MINT"	"SLC19A3"
"M2"	"MINT"	"GABBR1"
"M2"	"MINT"	"NEFL"
"M2"	"MINT"	"KRT7"
"M2"	"MINT"	"KRT17"
"M2"	"MINT"	"PRLR"
"M2"	"MINT"	"TPPP"
"M2"	"MINT"	"SLIT2"
"M2"	"MINT"	"APBA2"
"M2"	"MINT"	"MUC1"
"M2"	"MINT"	"MST1"
"M2"	"MINT"	"CPE"
"M2"	"MINT"	"CA2"
"M2"	"MINT"	"S100A1"
"M2"	"MINT"	"NQO1"
"M2"	"MINT"	"SCEL"
"M2"	"MINT"	"MST1R"
"M2"	"MINT"	"BMP8B"
"M2"	"MINT"	"NEBL"
"M2"	"MINT"	"ID4"
"M2"	"MINT"	"WFDC2"
"M2"	"MINT"	"HSD17B14"
"M2"	"MINT"	"SEPT3"
"M2"	"MINT"	"LAMA3"
"M2"	"MINT"	"SCNN1A"
"M2"	"MINT"	"AKR1C3"
"M2"	"MINT"	"PLPP2"
"M2"	"MINT"	"LMTK3"
"M2"	"MINT"	"CLDN7"
"M2"	"MINT"	"MOCOS"
"M2"	"BioGrid_Mouse"	"SMAD9"
"M2"	"BioGrid_Mouse"	"POU5F1"
"M2"	"BioGrid_Mouse"	"SFN"
"M2"	"BioGrid_Mouse"	"KIT"
"M2"	"BioGrid_Mouse"	"MAPK8IP2"
"M2"	"BioGrid_Mouse"	"EFNB2"
"M2"	"BioGrid_Mouse"	"NTRK2"
"M2"	"BioGrid_Mouse"	"NKD2"
"M2"	"BioGrid_Mouse"	"PRKCQ"
"M2"	"BioGrid_Mouse"	"FGF2"
"M2"	"BioGrid_Mouse"	"ID1"
"M2"	"BioGrid_Mouse"	"GJA1"
"M2"	"BioGrid_Mouse"	"DCLK1"
"M2"	"BioGrid_Mouse"	"SLPI"
"M2"	"BioGrid_Mouse"	"VDR"
"M2"	"BioGrid_Mouse"	"CLDN1"
"M2"	"BioGrid_Mouse"	"NRCAM"
"M2"	"BioGrid_Mouse"	"MYH3"
"M2"	"BioGrid_Mouse"	"HOXA2"
"M2"	"BioGrid_Mouse"	"CPEB1"
"M2"	"BioGrid_Mouse"	"GABBR1"
"M2"	"BioGrid_Mouse"	"NEFL"
"M2"	"BioGrid_Mouse"	"MDK"
"M2"	"BioGrid_Mouse"	"PRLR"
"M2"	"BioGrid_Mouse"	"SHH"
"M2"	"BioGrid_Mouse"	"WNT7B"
"M2"	"BioGrid_Mouse"	"CXADR"
"M2"	"BioGrid_Mouse"	"SLIT2"
"M2"	"BioGrid_Mouse"	"LAMA1"
"M2"	"BioGrid_Mouse"	"BARX2"
"M2"	"BioGrid_Mouse"	"SOX8"
"M2"	"BioGrid_Mouse"	"KITLG"
"M2"	"BioGrid_Mouse"	"NQO1"
"M2"	"BioGrid_Mouse"	"NAP1L2"
"M2"	"BioGrid_Mouse"	"RNF180"
"M2"	"BioGrid_Mouse"	"LAMC2"
"M2"	"BioGrid_Mouse"	"FBXL16"
"M2"	"BioGrid_Mouse"	"MEIS3"
"M2"	"HPRD"	"SMAD9"
"M2"	"HPRD"	"MAPK15"
"M2"	"HPRD"	"OLFM2"
"M2"	"HPRD"	"DYSF"
"M2"	"HPRD"	"POU5F1"
"M2"	"HPRD"	"SCHIP1"
"M2"	"HPRD"	"SFN"
"M2"	"HPRD"	"KRT19"
"M2"	"HPRD"	"SORD"
"M2"	"HPRD"	"DOC2A"
"M2"	"HPRD"	"ABCC2"
"M2"	"HPRD"	"PTK6"
"M2"	"HPRD"	"TXNRD1"
"M2"	"HPRD"	"MAPK12"
"M2"	"HPRD"	"BAIAP3"
"M2"	"HPRD"	"EGF"
"M2"	"HPRD"	"KIT"
"M2"	"HPRD"	"MAPK8IP2"
"M2"	"HPRD"	"PCSK5"
"M2"	"HPRD"	"GPR37"
"M2"	"HPRD"	"EFNB2"
"M2"	"HPRD"	"NTRK2"
"M2"	"HPRD"	"GHR"
"M2"	"HPRD"	"TNC"
"M2"	"HPRD"	"TLE2"
"M2"	"HPRD"	"PRKCQ"
"M2"	"HPRD"	"FGF2"
"M2"	"HPRD"	"TRIM29"
"M2"	"HPRD"	"ID1"
"M2"	"HPRD"	"EPS8L1"
"M2"	"HPRD"	"NRXN3"
"M2"	"HPRD"	"EPHA4"
"M2"	"HPRD"	"S100A14"
"M2"	"HPRD"	"PKP3"
"M2"	"HPRD"	"PPFIA4"
"M2"	"HPRD"	"ANK2"
"M2"	"HPRD"	"SKAP1"
"M2"	"HPRD"	"SLC16A1"
"M2"	"HPRD"	"MAN1C1"
"M2"	"HPRD"	"VDR"
"M2"	"HPRD"	"ST14"
"M2"	"HPRD"	"CLDN1"
"M2"	"HPRD"	"NRCAM"
"M2"	"HPRD"	"MAL2"
"M2"	"HPRD"	"COL17A1"
"M2"	"HPRD"	"CPEB1"
"M2"	"HPRD"	"GABBR1"
"M2"	"HPRD"	"NEFL"
"M2"	"HPRD"	"KRT7"
"M2"	"HPRD"	"KRT17"
"M2"	"HPRD"	"MDK"
"M2"	"HPRD"	"PRLR"
"M2"	"HPRD"	"SHH"
"M2"	"HPRD"	"SPTBN4"
"M2"	"HPRD"	"CXADR"
"M2"	"HPRD"	"TPPP"
"M2"	"HPRD"	"SLIT2"
"M2"	"HPRD"	"APBA2"
"M2"	"HPRD"	"SH3BP5"
"M2"	"HPRD"	"PILRB"
"M2"	"HPRD"	"F5"
"M2"	"HPRD"	"MMP7"
"M2"	"HPRD"	"LAMA1"
"M2"	"HPRD"	"MST1"
"M2"	"HPRD"	"AMBP"
"M2"	"HPRD"	"HABP2"
"M2"	"HPRD"	"TRO"
"M2"	"HPRD"	"BARX2"
"M2"	"HPRD"	"TG"
"M2"	"HPRD"	"CPE"
"M2"	"HPRD"	"NOV"
"M2"	"HPRD"	"COL9A2"
"M2"	"HPRD"	"APOL1"
"M2"	"HPRD"	"NEFM"
"M2"	"HPRD"	"CA2"
"M2"	"HPRD"	"ITGB6"
"M2"	"HPRD"	"FBN2"
"M2"	"HPRD"	"SOX8"
"M2"	"HPRD"	"BCAN"
"M2"	"HPRD"	"KITLG"
"M2"	"HPRD"	"S100A1"
"M2"	"HPRD"	"NQO1"
"M2"	"HPRD"	"SCEL"
"M2"	"HPRD"	"GSTA1"
"M2"	"HPRD"	"CTF1"
"M2"	"HPRD"	"PLA1A"
"M2"	"HPRD"	"LFNG"
"M2"	"HPRD"	"CLDN16"
"M2"	"HPRD"	"EDIL3"
"M2"	"HPRD"	"MST1R"
"M2"	"HPRD"	"LCN2"
"M2"	"HPRD"	"TPSAB1"
"M2"	"HPRD"	"ADRA2C"
"M2"	"HPRD"	"HRK"
"M2"	"HPRD"	"MGST1"
"M2"	"HPRD"	"BMP8B"
"M2"	"HPRD"	"NEBL"
"M2"	"HPRD"	"ID4"
"M2"	"HPRD"	"LAMC2"
"M2"	"HPRD"	"MSC"
"M2"	"HPRD"	"TPSB2"
"M2"	"HPRD"	"CDC42BPG"
"M2"	"HPRD"	"SLC7A8"
"M2"	"HPRD"	"CDH4"
"M2"	"HPRD"	"NFKBIZ"
"M2"	"HPRD"	"RYR3"
"M2"	"HPRD"	"EPHA1"
"M2"	"HPRD"	"HSD17B14"
"M2"	"HPRD"	"BMP6"
"M2"	"HPRD"	"RNF128"
"M2"	"HPRD"	"PDE3B"
"M2"	"HPRD"	"CD274"
"M2"	"HPRD"	"SCNN1A"
"M2"	"HPRD"	"AKR1C3"
"M2"	"HPRD"	"PRRG2"
"M2"	"HPRD"	"PLPP2"
"M2"	"HPRD"	"CLGN"
"M2"	"HPRD"	"PLAG1"
"M2"	"HPRD"	"CRIP1"
"M2"	"HPRD"	"ZNF337"
"M2"	"HPRD"	"ZNF471"
"M2"	"HPRD"	"FKBP1B"
"M2"	"HPRD"	"CLDN7"
"M2"	"HPRD"	"RCAN2"
"M2"	"HPRD"	"SLC7A11"
"M2"	"HPRD"	"GDF15"
"M2"	"HPRD"	"SYT16"
"M2"	"BIND_Rat"	"DOC2A"
"M2"	"BIND_Rat"	"TXNRD1"
"M2"	"BIND_Rat"	"MAPK12"
"M2"	"BIND_Rat"	"ALDH1A2"
"M2"	"BIND_Rat"	"GJA1"
"M2"	"BIND_Rat"	"PRLR"
"M2"	"BIND_Rat"	"APBA2"
"M2"	"BIND_Rat"	"GSTA1"
"M2"	"BIND"	"SMAD9"
"M2"	"BIND"	"SFN"
"M2"	"BIND"	"SORD"
"M2"	"BIND"	"PTK6"
"M2"	"BIND"	"EGF"
"M2"	"BIND"	"KIT"
"M2"	"BIND"	"EFNB2"
"M2"	"BIND"	"GHR"
"M2"	"BIND"	"PRKCQ"
"M2"	"BIND"	"GJA1"
"M2"	"BIND"	"PKP3"
"M2"	"BIND"	"VDR"
"M2"	"BIND"	"ST14"
"M2"	"BIND"	"NRCAM"
"M2"	"BIND"	"NEFL"
"M2"	"BIND"	"PRLR"
"M2"	"BIND"	"CXADR"
"M2"	"BIND"	"SH3BP5"
"M2"	"BIND"	"F5"
"M2"	"BIND"	"KITLG"
"M2"	"BIND"	"S100A1"
"M2"	"BIND"	"NQO1"
"M2"	"BIND"	"GSTA1"
"M2"	"BIND"	"TPSAB1"
"M2"	"BIND"	"HRK"
"M2"	"BIND"	"ME1"
"M2"	"BIND"	"CRYGS"
"M2"	"BIND"	"HSD17B14"
"M2"	"BIND"	"AKR1C2"
"M2"	"BIND"	"HIST1H2BK"
"M2"	"BioGrid_Fly"	"PSAT1"
"M2"	"BioGrid_Fly"	"ATP2A1"
"M2"	"BioGrid_Fly"	"SPTBN5"
"M2"	"BioGrid_Fly"	"PCSK5"
"M2"	"BioGrid_Fly"	"PHGDH"
"M2"	"BioGrid_Fly"	"AKR1B10"
"M2"	"BioGrid_Fly"	"NRCAM"
"M2"	"BioGrid_Fly"	"TXNDC5"
"M2"	"BioGrid_Fly"	"PYCR1"
"M2"	"BioGrid_Fly"	"SHH"
"M2"	"BioGrid_Fly"	"TPPP"
"M2"	"BioGrid_Fly"	"SLIT2"
"M2"	"BioGrid_Fly"	"DNAJC12"
"M2"	"BioGrid_Fly"	"ME1"
"M2"	"BioGrid_Fly"	"SCD5"
"M2"	"IntAct_Fly"	"PSAT1"
"M2"	"IntAct_Fly"	"ATP2A1"
"M2"	"IntAct_Fly"	"BAIAP3"
"M2"	"IntAct_Fly"	"PCSK5"
"M2"	"IntAct_Fly"	"NRCAM"
"M2"	"IntAct_Fly"	"TXNDC5"
"M2"	"IntAct_Fly"	"PYCR1"
"M2"	"IntAct_Fly"	"SHH"
"M2"	"IntAct_Fly"	"WNT7B"
"M2"	"IntAct_Fly"	"TPPP"
"M2"	"IntAct_Fly"	"ME1"
"M2"	"IntAct_Fly"	"SCD5"
"M2"	"VidalHuman_core"	"SFN"
"M2"	"VidalHuman_core"	"KRT19"
"M2"	"VidalHuman_core"	"SORD"
"M2"	"VidalHuman_core"	"PCSK5"
"M2"	"VidalHuman_core"	"TRIM29"
"M2"	"VidalHuman_core"	"EFEMP2"
"M2"	"VidalHuman_core"	"KRT17"
"M2"	"VidalHuman_core"	"CXADR"
"M2"	"VidalHuman_core"	"COL9A2"
"M2"	"VidalHuman_core"	"S100A1"
"M2"	"VidalHuman_core"	"HSD17B14"
"M2"	"VidalHuman_core"	"ZNF471"
"M2"	"VidalHuman_core"	"CLDN7"
"M2"	"BCI"	"POU5F1"
"M2"	"BCI"	"SFN"
"M2"	"BCI"	"TXNRD1"
"M2"	"BCI"	"EGF"
"M2"	"BCI"	"TNC"
"M2"	"BCI"	"TLE2"
"M2"	"BCI"	"PRKCQ"
"M2"	"BCI"	"ID1"
"M2"	"BCI"	"GJA1"
"M2"	"BCI"	"VDR"
"M2"	"BCI"	"GABBR1"
"M2"	"BCI"	"KRT7"
"M2"	"BCI"	"MDK"
"M2"	"BCI"	"MUC1"
"M2"	"BCI"	"MMP7"
"M2"	"BCI"	"COL9A2"
"M2"	"BCI"	"CA2"
"M2"	"BCI"	"NQO1"
"M2"	"BCI"	"CNR1"
"M2"	"BCI"	"CTF1"
"M2"	"BCI"	"LCN2"
"M2"	"BCI"	"ADRA2C"
"M2"	"BCI"	"AKAP3"
"M2"	"IntAct_Mouse"	"DYSF"
"M2"	"IntAct_Mouse"	"POU5F1"
"M2"	"IntAct_Mouse"	"SFN"
"M2"	"IntAct_Mouse"	"TXNRD1"
"M2"	"IntAct_Mouse"	"MAPK12"
"M2"	"IntAct_Mouse"	"EGF"
"M2"	"IntAct_Mouse"	"NTRK2"
"M2"	"IntAct_Mouse"	"NKD2"
"M2"	"IntAct_Mouse"	"GJA1"
"M2"	"IntAct_Mouse"	"EPHA4"
"M2"	"IntAct_Mouse"	"VDR"
"M2"	"IntAct_Mouse"	"CLDN1"
"M2"	"IntAct_Mouse"	"PLEKHH2"
"M2"	"IntAct_Mouse"	"NRCAM"
"M2"	"IntAct_Mouse"	"REC8"
"M2"	"IntAct_Mouse"	"KRT7"
"M2"	"IntAct_Mouse"	"PRLR"
"M2"	"IntAct_Mouse"	"CXADR"
"M2"	"IntAct_Mouse"	"SPAG17"
"M2"	"IntAct_Mouse"	"LAMA1"
"M2"	"IntAct_Mouse"	"BARX2"
"M2"	"IntAct_Mouse"	"S100A1"
"M2"	"IntAct_Mouse"	"KNDC1"
"M2"	"IntAct_Mouse"	"ID4"
"M2"	"IntAct_Mouse"	"EPHA1"
"M2"	"IntAct_Mouse"	"MEIS3"
"M2"	"IntAct_Mouse"	"CD274"
"M2"	"IntAct_Mouse"	"CLGN"
"M2"	"IntAct_Mouse"	"CLDN7"
"M2"	"DIP_Yeast"	"PSAT1"
"M2"	"DIP_Yeast"	"PABPC1L"
"M2"	"DIP_Yeast"	"ALDH1A2"
"M2"	"BioGrid_Rat"	"EFNB2"
"M2"	"BioGrid_Rat"	"NTRK2"
"M2"	"BioGrid_Rat"	"GJA1"
"M2"	"BioGrid_Rat"	"GABBR1"
"M2"	"BioGrid_Rat"	"NEFL"
"M2"	"BioGrid_Rat"	"MDK"
"M2"	"BioGrid_Rat"	"APBA2"
"M2"	"BioGrid_Rat"	"TG"
"M2"	"BioGrid_Rat"	"CNR1"
"M2"	"INNATEDB"	"SFN"
"M2"	"INNATEDB"	"SORD"
"M2"	"INNATEDB"	"ABCC2"
"M2"	"INNATEDB"	"PTK6"
"M2"	"INNATEDB"	"MAPK12"
"M2"	"INNATEDB"	"KIT"
"M2"	"INNATEDB"	"MAPK8IP2"
"M2"	"INNATEDB"	"NTRK2"
"M2"	"INNATEDB"	"GHR"
"M2"	"INNATEDB"	"NKD2"
"M2"	"INNATEDB"	"PRKCQ"
"M2"	"INNATEDB"	"FGF2"
"M2"	"INNATEDB"	"ID1"
"M2"	"INNATEDB"	"EPHA4"
"M2"	"INNATEDB"	"EFEMP2"
"M2"	"INNATEDB"	"ANK2"
"M2"	"INNATEDB"	"SKAP1"
"M2"	"INNATEDB"	"VDR"
"M2"	"INNATEDB"	"HOXA2"
"M2"	"INNATEDB"	"NEFL"
"M2"	"INNATEDB"	"KRT17"
"M2"	"INNATEDB"	"MDK"
"M2"	"INNATEDB"	"PRLR"
"M2"	"INNATEDB"	"APBA2"
"M2"	"INNATEDB"	"MUC1"
"M2"	"INNATEDB"	"GSDMB"
"M2"	"INNATEDB"	"AMBP"
"M2"	"INNATEDB"	"CA2"
"M2"	"INNATEDB"	"FBN2"
"M2"	"INNATEDB"	"NQO1"
"M2"	"INNATEDB"	"MST1R"
"M2"	"INNATEDB"	"TPSAB1"
"M2"	"INNATEDB"	"ADRA2C"
"M2"	"INNATEDB"	"TSKU"
"M2"	"INNATEDB"	"ZNF677"
"M2"	"INNATEDB"	"DPY19L2"
"M2"	"INNATEDB"	"CYP4F11"
"M2"	"INNATEDB"	"NFKBIZ"
"M2"	"INNATEDB"	"BMP6"
"M2"	"INNATEDB"	"PDE3B"
"M2"	"INNATEDB"	"IRF6"
"M2"	"BioGrid_Yeast"	"PSAT1"
"M2"	"BioGrid_Yeast"	"PABPC1L"
"M2"	"BioGrid_Yeast"	"ALDH1A2"
"M2"	"BioGrid_Yeast"	"ATP8A2"
"M2"	"BioGrid_Yeast"	"AKR1B10"
"M2"	"StelzlLow"	"OLFM2"
"M2"	"StelzlLow"	"SEPT3"
"M2"	"StelzlLow"	"AKR1C3"
"M2"	"IntAct_Rat"	"MAPK15"
"M2"	"IntAct_Rat"	"ABCC2"
"M2"	"IntAct_Rat"	"NTRK2"
"M2"	"IntAct_Rat"	"ID1"
"M2"	"IntAct_Rat"	"GJA1"
"M2"	"IntAct_Rat"	"GABBR1"
"M2"	"IntAct_Rat"	"APBA2"
"M2"	"MINT_Rat"	"NTRK2"
"M2"	"MINT_Rat"	"GABBR1"
"M2"	"MINT_Rat"	"APBA2"
"M2"	"MINT_Rat"	"CNR1"
"M2"	"INNATEDB_Mouse"	"SMAD9"
"M2"	"INNATEDB_Mouse"	"POU5F1"
"M2"	"INNATEDB_Mouse"	"KIT"
"M2"	"INNATEDB_Mouse"	"MAPK8IP2"
"M2"	"INNATEDB_Mouse"	"TNC"
"M2"	"INNATEDB_Mouse"	"PRKCQ"
"M2"	"INNATEDB_Mouse"	"PHGDH"
"M2"	"INNATEDB_Mouse"	"GJA1"
"M2"	"INNATEDB_Mouse"	"EPHA4"
"M2"	"INNATEDB_Mouse"	"SHH"
"M2"	"INNATEDB_Mouse"	"CPA3"
"M2"	"INNATEDB_Mouse"	"LCN2"
"M2"	"INNATEDB_Mouse"	"NEURL3"
"M2"	"INNATEDB_Mouse"	"FHDC1"
"M2"	"INNATEDB_Mouse"	"TBC1D14"
"M2"	"INNATEDB_Mouse"	"SLC7A8"
"M2"	"INNATEDB_Mouse"	"NFKBIZ"
"M2"	"INNATEDB_Mouse"	"CD274"
"M2"	"INNATEDB_Mouse"	"PAQR6"
"M2"	"IntAct_Worm"	"ATP2A1"
"M2"	"IntAct_Worm"	"EPS8L1"
"M2"	"IntAct_Worm"	"EPHA4"
"M2"	"IntAct_Worm"	"DCLK1"
"M2"	"IntAct_Worm"	"STRIP2"
"M2"	"BioGrid_Worm"	"SMAD9"
"M2"	"BioGrid_Worm"	"ATP2A1"
"M2"	"BioGrid_Worm"	"EPS8L1"
"M2"	"BioGrid_Worm"	"EPHA4"
"M2"	"BioGrid_Worm"	"DCLK1"
"M2"	"BioGrid_Worm"	"CPE"
"M2"	"Jorgensen_EphR"	"PKP3"
"M2"	"IntAct_Yeast"	"PSAT1"
"M2"	"IntAct_Yeast"	"PABPC1L"
"M2"	"IntAct_Yeast"	"ALDH1A2"
"M2"	"IntAct_Yeast"	"ATP8A2"
"M2"	"IntAct_Yeast"	"AKR1B10"
"M2"	"IntAct_Yeast"	"CPA3"
"M2"	"YeastLow"	"PSAT1"
"M2"	"YeastLow"	"PABPC1L"
"M2"	"YeastLow"	"ATP8A2"
"M2"	"YeastLow"	"AKR1B10"
"M2"	"YeastLow"	"CPA3"
"M2"	"Miller_WntLumier"	"NKD2"
"M2"	"VidalHuman_non_core"	"SFN"
"M2"	"VidalHuman_non_core"	"KRT19"
"M2"	"VidalHuman_non_core"	"PCSK5"
"M2"	"VidalHuman_non_core"	"TACSTD2"
"M2"	"VidalHuman_non_core"	"NOV"
"M2"	"VidalHuman_non_core"	"S100A1"
"M2"	"VidalHuman_non_core"	"ZNF471"
"M2"	"VidalHuman_non_core"	"CLDN7"
"M2"	"MINT_Worm"	"SMAD9"
"M2"	"MINT_Worm"	"DCLK1"
"M2"	"MINT_Worm"	"CPE"
"M2"	"MINT_Mouse"	"DYSF"
"M2"	"MINT_Mouse"	"POU5F1"
"M2"	"MINT_Mouse"	"TXNRD1"
"M2"	"MINT_Mouse"	"EGF"
"M2"	"MINT_Mouse"	"EFNB2"
"M2"	"MINT_Mouse"	"NTRK2"
"M2"	"MINT_Mouse"	"GJA1"
"M2"	"MINT_Mouse"	"EPHA4"
"M2"	"MINT_Mouse"	"CLDN1"
"M2"	"MINT_Mouse"	"NRCAM"
"M2"	"MINT_Mouse"	"GABBR1"
"M2"	"MINT_Mouse"	"PRLR"
"M2"	"MINT_Mouse"	"LAMA1"
"M2"	"MINT_Mouse"	"CLDN7"
"M2"	"BIND_Worm"	"SMAD9"
"M2"	"BIND_Worm"	"DCLK1"
"M2"	"BIND_Worm"	"CPE"
"M2"	"DIP"	"POU5F1"
"M2"	"DIP"	"KRT19"
"M2"	"DIP"	"PTK6"
"M2"	"DIP"	"EGF"
"M2"	"DIP"	"KIT"
"M2"	"DIP"	"GPR37"
"M2"	"DIP"	"NTRK2"
"M2"	"DIP"	"GHR"
"M2"	"DIP"	"NKD2"
"M2"	"DIP"	"FGF2"
"M2"	"DIP"	"EPHA4"
"M2"	"DIP"	"ANK2"
"M2"	"DIP"	"VDR"
"M2"	"DIP"	"PRLR"
"M2"	"DIP"	"SLIT2"
"M2"	"DIP"	"MST1"
"M2"	"DIP"	"ITGB6"
"M2"	"DIP"	"CTF1"
"M2"	"DIP"	"CLDN16"
"M2"	"DIP"	"PRRG2"
"M2"	"DIP"	"HIST1H2BK"
"M2"	"DIP"	"HIST3H2A"
"M2"	"MINT_Yeast"	"PABPC1L"
"M2"	"MINT_Yeast"	"ATP8A2"
"M2"	"MINT_Yeast"	"AKR1B10"
"M2"	"Tarassov_PCA"	"AKR1B10"
"M2"	"DIP_Fly"	"PSAT1"
"M2"	"DIP_Fly"	"ATP2A1"
"M2"	"DIP_Fly"	"PCSK5"
"M2"	"DIP_Fly"	"PHGDH"
"M2"	"DIP_Fly"	"NRCAM"
"M2"	"DIP_Fly"	"PYCR1"
"M2"	"DIP_Fly"	"TPPP"
"M2"	"DIP_Fly"	"SCD5"
"M2"	"BIND_Fly"	"PSAT1"
"M2"	"BIND_Fly"	"ATP2A1"
"M2"	"BIND_Fly"	"PCSK5"
"M2"	"BIND_Fly"	"PYCR1"
"M2"	"BIND_Fly"	"TPPP"
"M2"	"BIND_Fly"	"DNAJC12"
"M2"	"FlyLow"	"ATP2A1"
"M2"	"FlyLow"	"TPPP"
"M2"	"BIND_Mouse"	"POU5F1"
"M2"	"BIND_Mouse"	"ABCC2"
"M2"	"BIND_Mouse"	"MAPK12"
"M2"	"BIND_Mouse"	"KIT"
"M2"	"BIND_Mouse"	"PRKCQ"
"M2"	"BIND_Mouse"	"ID1"
"M2"	"BIND_Mouse"	"EPS8L1"
"M2"	"BIND_Mouse"	"CLDN1"
"M2"	"BIND_Mouse"	"PRLR"
"M2"	"BIND_Mouse"	"BARX2"
"M2"	"BIND_Mouse"	"CPE"
"M2"	"BIND_Mouse"	"NQO1"
"M2"	"BIND_Mouse"	"AKAP3"
"M2"	"BIND_Mouse"	"BMP6"
"M2"	"MGI"	"KIT"
"M2"	"MGI"	"NTRK2"
"M2"	"MGI"	"PRKCQ"
"M2"	"MGI"	"FGF2"
"M2"	"MGI"	"TRIM29"
"M2"	"MGI"	"CLDN1"
"M2"	"MGI"	"REC8"
"M2"	"MGI"	"NEFL"
"M2"	"MGI"	"SHH"
"M2"	"MGI"	"WNT7B"
"M2"	"MGI"	"APBA2"
"M2"	"MGI"	"LAMA1"
"M2"	"MGI"	"AKAP3"
"M2"	"MGI"	"BMP6"
"M2"	"MGI"	"SYT16"
"M2"	"MINT_Fly"	"PSAT1"
"M2"	"MINT_Fly"	"PYCR1"
"M2"	"MINT_Fly"	"TPPP"
"M2"	"MINT_Fly"	"DNAJC12"
"M2"	"FlyHigh"	"PSAT1"
"M2"	"FlyHigh"	"SPTBN5"
"M2"	"FlyHigh"	"DNAJC12"
"M2"	"I2D-c_Fiona_HUMAN"	"VDR"
"M2"	"I2D-c_Fiona_HUMAN"	"MUC1"
"M2"	"DIP_Rat"	"NTRK2"
"M2"	"DIP_Rat"	"GJA1"
"M2"	"DIP_Rat"	"NEFL"
"M2"	"WangEScmplx"	"POU5F1"
"M2"	"BIND_Yeast"	"PABPC1L"
"M2"	"BIND_Yeast"	"ATP8A2"
"M2"	"ShawnLi"	"GHR"
"M2"	"ShawnLi"	"PPFIA4"
"M2"	"ShawnLi"	"ID4"
"M2"	"DIP_Mouse"	"POU5F1"
"M2"	"DIP_Mouse"	"SYNE4"
"M2"	"DIP_Mouse"	"EFNB2"
"M2"	"DIP_Mouse"	"NTRK2"
"M2"	"DIP_Mouse"	"GHR"
"M2"	"DIP_Mouse"	"PRKCQ"
"M2"	"DIP_Mouse"	"GJA1"
"M2"	"DIP_Mouse"	"EPHA4"
"M2"	"DIP_Mouse"	"VDR"
"M2"	"DIP_Mouse"	"REC8"
"M2"	"DIP_Mouse"	"KRT17"
"M2"	"DIP_Mouse"	"SHH"
"M2"	"DIP_Mouse"	"MST1"
"M2"	"DIP_Mouse"	"SCNN1A"
"M2"	"StelzlMedium"	"OLFM2"
"M2"	"StelzlMedium"	"CPE"
"M2"	"StelzlMedium"	"COL9A2"
"M2"	"StelzlMedium"	"WFDC2"
"M2"	"StelzlMedium"	"AKR1C3"
"M2"	"StelzlMedium"	"PLPP2"
"M2"	"StelzlMedium"	"CRIP1"
"M2"	"StelzlMedium"	"LMTK3"
"M2"	"StelzlHigh"	"CPE"
"M2"	"StelzlHigh"	"AKR1C3"
"M2"	"Nakahira_Septin"	"SEPT3"
"M2"	"Krogan_NonCore"	"ALDH1A2"
"M2"	"Krogan_Core"	"AKR1B10"
"M2"	"MIPS"	"PABPC1L"
"M2"	"MIPS"	"ATP8A2"
"M2"	"DIP_Worm"	"SMAD9"
"M2"	"DIP_Worm"	"DCLK1"
"M2"	"DIP_Worm"	"CPE"
"M2"	"DIP_Worm"	"STRIP2"
"M2"	"CORE_2"	"SMAD9"
"M2"	"CORE_2"	"DCLK1"
"M2"	"CORE_2"	"CPE"
"M2"	"KIM_MYC"	"POU5F1"
"M2"	"SOURAV_MAPK_LOW"	"PRKCQ"
"M3"	"BioGrid"	"FAM107A"
"M3"	"BioGrid"	"FKBP5"
"M3"	"BioGrid"	"ESR1"
"M3"	"BioGrid"	"SIM2"
"M3"	"BioGrid"	"TYROBP"
"M3"	"BioGrid"	"BIRC7"
"M3"	"BioGrid"	"HSPA6"
"M3"	"BioGrid"	"NUPR1"
"M3"	"BioGrid"	"LTF"
"M3"	"BioGrid"	"WNK2"
"M3"	"BioGrid"	"IRF8"
"M3"	"BioGrid"	"C3"
"M3"	"BioGrid"	"MLPH"
"M3"	"BioGrid"	"BCL2A1"
"M3"	"BioGrid"	"LY86"
"M3"	"BioGrid"	"S100A8"
"M3"	"BioGrid"	"CD14"
"M3"	"BioGrid"	"CD36"
"M3"	"BioGrid"	"MMP9"
"M3"	"BioGrid"	"PDPN"
"M3"	"BioGrid"	"KCNMA1"
"M3"	"BioGrid"	"SIRPB1"
"M3"	"BioGrid"	"PIK3CG"
"M3"	"BioGrid"	"S100A9"
"M3"	"BioGrid"	"MAP2"
"M3"	"BioGrid"	"RYR1"
"M3"	"BioGrid"	"EFNB3"
"M3"	"BioGrid"	"CCL3"
"M3"	"BioGrid"	"CCL4"
"M3"	"BioGrid"	"FCN1"
"M3"	"BioGrid"	"FBP1"
"M3"	"BioGrid"	"WNK4"
"M3"	"BioGrid"	"SNCA"
"M3"	"BioGrid"	"ACP5"
"M3"	"BioGrid"	"PLCB1"
"M3"	"BioGrid"	"FGFR3"
"M3"	"BioGrid"	"NRP2"
"M3"	"BioGrid"	"CD84"
"M3"	"BioGrid"	"MAFB"
"M3"	"BioGrid"	"APOE"
"M3"	"BioGrid"	"RGS1"
"M3"	"BioGrid"	"REG1A"
"M3"	"BioGrid"	"ITGB3"
"M3"	"BioGrid"	"CXCL8"
"M3"	"BioGrid"	"CETP"
"M3"	"BioGrid"	"FPR1"
"M3"	"BioGrid"	"KYNU"
"M3"	"BioGrid"	"FCGR2B"
"M3"	"BioGrid"	"DOK2"
"M3"	"BioGrid"	"CYTIP"
"M3"	"BioGrid"	"CHGB"
"M3"	"BioGrid"	"PEG10"
"M3"	"BioGrid"	"NCF1"
"M3"	"BioGrid"	"FOXJ1"
"M3"	"BioGrid"	"FCGR1A"
"M3"	"BioGrid"	"HLA-DQA1"
"M3"	"BioGrid"	"C1QA"
"M3"	"BioGrid"	"HMOX1"
"M3"	"BioGrid"	"CES1"
"M3"	"BioGrid"	"CCR1"
"M3"	"BioGrid"	"RGS2"
"M3"	"BioGrid"	"SRCIN1"
"M3"	"BioGrid"	"CYBB"
"M3"	"BioGrid"	"CSF3R"
"M3"	"BioGrid"	"MELTF"
"M3"	"BioGrid"	"CD22"
"M3"	"BioGrid"	"HK3"
"M3"	"BioGrid"	"SERPINA1"
"M3"	"BioGrid"	"HLA-DRB5"
"M3"	"BioGrid"	"ITGB2"
"M3"	"BioGrid"	"MSR1"
"M3"	"BioGrid"	"PIK3R5"
"M3"	"BioGrid"	"B3GALT4"
"M3"	"BioGrid"	"F13A1"
"M3"	"BioGrid"	"GRB14"
"M3"	"BioGrid"	"HBB"
"M3"	"BioGrid"	"HGF"
"M3"	"BioGrid"	"IL1B"
"M3"	"BioGrid"	"CFH"
"M3"	"BioGrid"	"VSIG4"
"M3"	"BioGrid"	"CSTA"
"M3"	"BioGrid"	"SCD"
"M3"	"BioGrid"	"HLA-DQA2"
"M3"	"BioGrid"	"CXCL12"
"M3"	"BioGrid"	"HLA-G"
"M3"	"BioGrid"	"HLA-DRB1"
"M3"	"BioGrid"	"FCER1A"
"M3"	"BioGrid"	"HLA-DRA"
"M3"	"BioGrid"	"APOC1"
"M3"	"BioGrid"	"FCGR3A"
"M3"	"BioGrid"	"C1QB"
"M3"	"BioGrid"	"PLIN2"
"M3"	"BioGrid"	"CCL2"
"M3"	"BioGrid"	"SIGLEC8"
"M3"	"BioGrid"	"CCL18"
"M3"	"BioGrid"	"NCF2"
"M3"	"BioGrid"	"EYA2"
"M3"	"BioGrid"	"SLCO2B1"
"M3"	"BioGrid"	"LPL"
"M3"	"BioGrid"	"OSM"
"M3"	"BioGrid"	"FGF12"
"M3"	"BioGrid"	"TMEM255A"
"M3"	"BioGrid"	"COLEC12"
"M3"	"BioGrid"	"HAVCR2"
"M3"	"BioGrid"	"CD300LF"
"M3"	"BioGrid"	"EBF4"
"M3"	"BioGrid"	"NPL"
"M3"	"BioGrid"	"RASL12"
"M3"	"BioGrid"	"KCNJ5"
"M3"	"BioGrid"	"BFSP1"
"M3"	"BioGrid"	"ANOS1"
"M3"	"BioGrid"	"SUSD2"
"M3"	"BioGrid"	"SECTM1"
"M3"	"BioGrid"	"HLA-DOA"
"M3"	"BioGrid"	"MRC1"
"M3"	"BioGrid"	"SELP"
"M3"	"BioGrid"	"ST6GAL1"
"M3"	"BioGrid"	"TESC"
"M3"	"BioGrid"	"MARCO"
"M3"	"BioGrid"	"LILRB4"
"M3"	"BioGrid"	"MS4A7"
"M3"	"BioGrid"	"ABLIM3"
"M3"	"BioGrid"	"SERPINF1"
"M3"	"BioGrid"	"G0S2"
"M3"	"BioGrid"	"CD163"
"M3"	"BioGrid"	"GPR183"
"M3"	"BioGrid"	"HSD11B2"
"M3"	"BioGrid"	"LRP4"
"M3"	"BioGrid"	"FCMR"
"M3"	"BioGrid"	"KDM5D"
"M3"	"BioGrid"	"B3GAT1"
"M3"	"BioGrid"	"FAXC"
"M3"	"BioGrid"	"CRTAC1"
"M3"	"BioGrid"	"HPSE"
"M3"	"IntAct"	"FAM107A"
"M3"	"IntAct"	"FKBP5"
"M3"	"IntAct"	"ESR1"
"M3"	"IntAct"	"SIM2"
"M3"	"IntAct"	"TYROBP"
"M3"	"IntAct"	"BIRC7"
"M3"	"IntAct"	"LYZ"
"M3"	"IntAct"	"HSPA6"
"M3"	"IntAct"	"NUPR1"
"M3"	"IntAct"	"LTF"
"M3"	"IntAct"	"WNK2"
"M3"	"IntAct"	"IRF8"
"M3"	"IntAct"	"C3"
"M3"	"IntAct"	"SEMA5B"
"M3"	"IntAct"	"MLPH"
"M3"	"IntAct"	"BCL2A1"
"M3"	"IntAct"	"S100A8"
"M3"	"IntAct"	"CD14"
"M3"	"IntAct"	"CD36"
"M3"	"IntAct"	"LY96"
"M3"	"IntAct"	"MMP9"
"M3"	"IntAct"	"SIRPB1"
"M3"	"IntAct"	"PIK3CG"
"M3"	"IntAct"	"S100A9"
"M3"	"IntAct"	"MAP2"
"M3"	"IntAct"	"RYR1"
"M3"	"IntAct"	"EFNB3"
"M3"	"IntAct"	"CCL3"
"M3"	"IntAct"	"CCL4"
"M3"	"IntAct"	"FBP1"
"M3"	"IntAct"	"SNCA"
"M3"	"IntAct"	"ACP5"
"M3"	"IntAct"	"PLCB1"
"M3"	"IntAct"	"FGFR3"
"M3"	"IntAct"	"MAFB"
"M3"	"IntAct"	"APOE"
"M3"	"IntAct"	"RGS1"
"M3"	"IntAct"	"ITGB3"
"M3"	"IntAct"	"FABP5"
"M3"	"IntAct"	"CXCL8"
"M3"	"IntAct"	"CETP"
"M3"	"IntAct"	"DOK7"
"M3"	"IntAct"	"FPR1"
"M3"	"IntAct"	"FCGR2B"
"M3"	"IntAct"	"DOK2"
"M3"	"IntAct"	"CHGB"
"M3"	"IntAct"	"SLC1A3"
"M3"	"IntAct"	"PEG10"
"M3"	"IntAct"	"NCF1"
"M3"	"IntAct"	"FOXJ1"
"M3"	"IntAct"	"FCGR1A"
"M3"	"IntAct"	"HLA-DQA1"
"M3"	"IntAct"	"C1QA"
"M3"	"IntAct"	"CES1"
"M3"	"IntAct"	"CCR1"
"M3"	"IntAct"	"RGS2"
"M3"	"IntAct"	"SRCIN1"
"M3"	"IntAct"	"CYBB"
"M3"	"IntAct"	"FCER1G"
"M3"	"IntAct"	"CSF3R"
"M3"	"IntAct"	"MELTF"
"M3"	"IntAct"	"CD22"
"M3"	"IntAct"	"HK3"
"M3"	"IntAct"	"SERPINA1"
"M3"	"IntAct"	"KSR2"
"M3"	"IntAct"	"ITGB2"
"M3"	"IntAct"	"MSR1"
"M3"	"IntAct"	"PIK3R5"
"M3"	"IntAct"	"B3GALT4"
"M3"	"IntAct"	"PLEK"
"M3"	"IntAct"	"F13A1"
"M3"	"IntAct"	"DOCK3"
"M3"	"IntAct"	"GRB14"
"M3"	"IntAct"	"HBB"
"M3"	"IntAct"	"HGF"
"M3"	"IntAct"	"IL1B"
"M3"	"IntAct"	"CFH"
"M3"	"IntAct"	"CSTA"
"M3"	"IntAct"	"CTSK"
"M3"	"IntAct"	"SCD"
"M3"	"IntAct"	"CXCL12"
"M3"	"IntAct"	"HLA-G"
"M3"	"IntAct"	"HLA-DRB1"
"M3"	"IntAct"	"FCER1A"
"M3"	"IntAct"	"HLA-DRA"
"M3"	"IntAct"	"C1QB"
"M3"	"IntAct"	"C1QC"
"M3"	"IntAct"	"CCL18"
"M3"	"IntAct"	"NCF2"
"M3"	"IntAct"	"EYA2"
"M3"	"IntAct"	"MUC20"
"M3"	"IntAct"	"LPL"
"M3"	"IntAct"	"OSM"
"M3"	"IntAct"	"FGF12"
"M3"	"IntAct"	"CD300LF"
"M3"	"IntAct"	"NPL"
"M3"	"IntAct"	"RNASE1"
"M3"	"IntAct"	"KLHL6"
"M3"	"IntAct"	"KLHL14"
"M3"	"IntAct"	"TLR7"
"M3"	"IntAct"	"SLC2A5"
"M3"	"IntAct"	"ANOS1"
"M3"	"IntAct"	"HLA-DOA"
"M3"	"IntAct"	"OLR1"
"M3"	"IntAct"	"TESC"
"M3"	"IntAct"	"ABLIM3"
"M3"	"IntAct"	"SERPINF1"
"M3"	"IntAct"	"GPNMB"
"M3"	"IntAct"	"PRRT2"
"M3"	"IntAct"	"RPL39L"
"M3"	"IntAct"	"PDE1B"
"M3"	"IntAct"	"CPVL"
"M3"	"IntAct"	"LRP4"
"M3"	"IntAct"	"B3GAT1"
"M3"	"IntAct"	"FAXC"
"M3"	"IntAct"	"MPEG1"
"M3"	"IntAct"	"FCGBP"
"M3"	"INNATEDB"	"ESR1"
"M3"	"INNATEDB"	"TYROBP"
"M3"	"INNATEDB"	"LYZ"
"M3"	"INNATEDB"	"LTF"
"M3"	"INNATEDB"	"IRF8"
"M3"	"INNATEDB"	"C3"
"M3"	"INNATEDB"	"BCL2A1"
"M3"	"INNATEDB"	"LY86"
"M3"	"INNATEDB"	"S100A8"
"M3"	"INNATEDB"	"CD14"
"M3"	"INNATEDB"	"CD36"
"M3"	"INNATEDB"	"CD180"
"M3"	"INNATEDB"	"LY96"
"M3"	"INNATEDB"	"MMP9"
"M3"	"INNATEDB"	"PDPN"
"M3"	"INNATEDB"	"SIRPB1"
"M3"	"INNATEDB"	"PIK3CG"
"M3"	"INNATEDB"	"S100A9"
"M3"	"INNATEDB"	"C2"
"M3"	"INNATEDB"	"CCL3"
"M3"	"INNATEDB"	"SNCA"
"M3"	"INNATEDB"	"PLCB1"
"M3"	"INNATEDB"	"MAFB"
"M3"	"INNATEDB"	"CXCL8"
"M3"	"INNATEDB"	"CYTIP"
"M3"	"INNATEDB"	"NCF1"
"M3"	"INNATEDB"	"FOXJ1"
"M3"	"INNATEDB"	"C1QA"
"M3"	"INNATEDB"	"HMOX1"
"M3"	"INNATEDB"	"CCR1"
"M3"	"INNATEDB"	"CYBB"
"M3"	"INNATEDB"	"CSF3R"
"M3"	"INNATEDB"	"CD22"
"M3"	"INNATEDB"	"SERPINA1"
"M3"	"INNATEDB"	"KSR2"
"M3"	"INNATEDB"	"ITGB2"
"M3"	"INNATEDB"	"MSR1"
"M3"	"INNATEDB"	"IL1B"
"M3"	"INNATEDB"	"CFH"
"M3"	"INNATEDB"	"C3AR1"
"M3"	"INNATEDB"	"FCER1A"
"M3"	"INNATEDB"	"HLA-DRA"
"M3"	"INNATEDB"	"CCL2"
"M3"	"INNATEDB"	"NCF2"
"M3"	"INNATEDB"	"OSM"
"M3"	"INNATEDB"	"HAVCR2"
"M3"	"INNATEDB"	"TLR7"
"M3"	"INNATEDB"	"TMEM74B"
"M3"	"INNATEDB"	"TESC"
"M3"	"INNATEDB"	"PADI2"
"M3"	"INNATEDB"	"CX3CR1"
"M3"	"INNATEDB"	"CCRL2"
"M3"	"INNATEDB_Mouse"	"ESR1"
"M3"	"INNATEDB_Mouse"	"IRF8"
"M3"	"INNATEDB_Mouse"	"C3"
"M3"	"INNATEDB_Mouse"	"LY86"
"M3"	"INNATEDB_Mouse"	"S100A8"
"M3"	"INNATEDB_Mouse"	"CD14"
"M3"	"INNATEDB_Mouse"	"CD180"
"M3"	"INNATEDB_Mouse"	"LY96"
"M3"	"INNATEDB_Mouse"	"PIK3CG"
"M3"	"INNATEDB_Mouse"	"CCL4"
"M3"	"INNATEDB_Mouse"	"KYNU"
"M3"	"INNATEDB_Mouse"	"HMOX1"
"M3"	"INNATEDB_Mouse"	"CCR1"
"M3"	"INNATEDB_Mouse"	"TREM2"
"M3"	"INNATEDB_Mouse"	"RGS2"
"M3"	"INNATEDB_Mouse"	"CYBB"
"M3"	"INNATEDB_Mouse"	"FCER1G"
"M3"	"INNATEDB_Mouse"	"CSF3R"
"M3"	"INNATEDB_Mouse"	"CD22"
"M3"	"INNATEDB_Mouse"	"HK3"
"M3"	"INNATEDB_Mouse"	"CLEC4E"
"M3"	"INNATEDB_Mouse"	"MSR1"
"M3"	"INNATEDB_Mouse"	"PLEK"
"M3"	"INNATEDB_Mouse"	"IL1B"
"M3"	"INNATEDB_Mouse"	"CTSS"
"M3"	"INNATEDB_Mouse"	"NCF2"
"M3"	"INNATEDB_Mouse"	"HAVCR2"
"M3"	"INNATEDB_Mouse"	"FGL2"
"M3"	"INNATEDB_Mouse"	"TLR7"
"M3"	"INNATEDB_Mouse"	"MRC1"
"M3"	"INNATEDB_Mouse"	"SELP"
"M3"	"INNATEDB_Mouse"	"SIGLEC1"
"M3"	"INNATEDB_Mouse"	"MARCO"
"M3"	"INNATEDB_Mouse"	"JAML"
"M3"	"INNATEDB_Mouse"	"CCRL2"
"M3"	"I2D-c_Fiona_HUMAN"	"ESR1"
"M3"	"I2D-c_Fiona_HUMAN"	"MMP9"
"M3"	"I2D-c_Fiona_HUMAN"	"ITGB3"
"M3"	"HPRD"	"FAM107A"
"M3"	"HPRD"	"FKBP5"
"M3"	"HPRD"	"ESR1"
"M3"	"HPRD"	"SIM2"
"M3"	"HPRD"	"TYROBP"
"M3"	"HPRD"	"BIRC7"
"M3"	"HPRD"	"LYZ"
"M3"	"HPRD"	"NUPR1"
"M3"	"HPRD"	"LTF"
"M3"	"HPRD"	"IRF8"
"M3"	"HPRD"	"C3"
"M3"	"HPRD"	"MLPH"
"M3"	"HPRD"	"BCL2A1"
"M3"	"HPRD"	"LY86"
"M3"	"HPRD"	"S100A8"
"M3"	"HPRD"	"CD14"
"M3"	"HPRD"	"CD36"
"M3"	"HPRD"	"MMP9"
"M3"	"HPRD"	"KCNMA1"
"M3"	"HPRD"	"SIRPB1"
"M3"	"HPRD"	"PIK3CG"
"M3"	"HPRD"	"S100A9"
"M3"	"HPRD"	"C2"
"M3"	"HPRD"	"RYR1"
"M3"	"HPRD"	"EFNB3"
"M3"	"HPRD"	"CCL3"
"M3"	"HPRD"	"CCL4"
"M3"	"HPRD"	"FCN1"
"M3"	"HPRD"	"FBP1"
"M3"	"HPRD"	"WNK4"
"M3"	"HPRD"	"SNCA"
"M3"	"HPRD"	"ACP5"
"M3"	"HPRD"	"PLCB1"
"M3"	"HPRD"	"FGFR3"
"M3"	"HPRD"	"NRP2"
"M3"	"HPRD"	"CD84"
"M3"	"HPRD"	"MAFB"
"M3"	"HPRD"	"APOE"
"M3"	"HPRD"	"RGS1"
"M3"	"HPRD"	"ITGB3"
"M3"	"HPRD"	"FABP5"
"M3"	"HPRD"	"CXCL8"
"M3"	"HPRD"	"CETP"
"M3"	"HPRD"	"DOK7"
"M3"	"HPRD"	"SV2A"
"M3"	"HPRD"	"FPR1"
"M3"	"HPRD"	"FCGR2B"
"M3"	"HPRD"	"DOK2"
"M3"	"HPRD"	"CYTIP"
"M3"	"HPRD"	"CHGB"
"M3"	"HPRD"	"PEG10"
"M3"	"HPRD"	"FCGR1A"
"M3"	"HPRD"	"HLA-DQA1"
"M3"	"HPRD"	"C1QA"
"M3"	"HPRD"	"HMOX1"
"M3"	"HPRD"	"CES1"
"M3"	"HPRD"	"CCR1"
"M3"	"HPRD"	"TREM2"
"M3"	"HPRD"	"RGS2"
"M3"	"HPRD"	"SRCIN1"
"M3"	"HPRD"	"CYBB"
"M3"	"HPRD"	"FCER1G"
"M3"	"HPRD"	"CSF3R"
"M3"	"HPRD"	"CD22"
"M3"	"HPRD"	"HK3"
"M3"	"HPRD"	"SERPINA1"
"M3"	"HPRD"	"KSR2"
"M3"	"HPRD"	"HLA-DRB5"
"M3"	"HPRD"	"MSR1"
"M3"	"HPRD"	"PIK3R5"
"M3"	"HPRD"	"PLTP"
"M3"	"HPRD"	"B3GALT4"
"M3"	"HPRD"	"PLEK"
"M3"	"HPRD"	"F13A1"
"M3"	"HPRD"	"DOCK3"
"M3"	"HPRD"	"GRB14"
"M3"	"HPRD"	"HBB"
"M3"	"HPRD"	"CFD"
"M3"	"HPRD"	"HGF"
"M3"	"HPRD"	"IL1B"
"M3"	"HPRD"	"CFH"
"M3"	"HPRD"	"C3AR1"
"M3"	"HPRD"	"VSIG4"
"M3"	"HPRD"	"CSTA"
"M3"	"HPRD"	"CTSK"
"M3"	"HPRD"	"CPM"
"M3"	"HPRD"	"HLA-DQA2"
"M3"	"HPRD"	"HLA-DQB1"
"M3"	"HPRD"	"CXCL12"
"M3"	"HPRD"	"HLA-G"
"M3"	"HPRD"	"HLA-DRB1"
"M3"	"HPRD"	"FCER1A"
"M3"	"HPRD"	"HLA-DRA"
"M3"	"HPRD"	"APOC1"
"M3"	"HPRD"	"FCGR3A"
"M3"	"HPRD"	"C1QB"
"M3"	"HPRD"	"C1QC"
"M3"	"HPRD"	"LRG1"
"M3"	"HPRD"	"COL4A3"
"M3"	"HPRD"	"CTSS"
"M3"	"HPRD"	"CCL2"
"M3"	"HPRD"	"CCL18"
"M3"	"HPRD"	"NCF2"
"M3"	"HPRD"	"LPL"
"M3"	"HPRD"	"OSM"
"M3"	"HPRD"	"HAVCR2"
"M3"	"HPRD"	"CD300LF"
"M3"	"HPRD"	"RASL12"
"M3"	"HPRD"	"KCNJ5"
"M3"	"HPRD"	"RNASE1"
"M3"	"HPRD"	"TLR7"
"M3"	"HPRD"	"BFSP1"
"M3"	"HPRD"	"ANOS1"
"M3"	"HPRD"	"SECTM1"
"M3"	"HPRD"	"HLA-DOA"
"M3"	"HPRD"	"ST8SIA4"
"M3"	"HPRD"	"SELP"
"M3"	"HPRD"	"ST6GAL1"
"M3"	"HPRD"	"GDF7"
"M3"	"HPRD"	"PTK7"
"M3"	"HPRD"	"CHI3L1"
"M3"	"HPRD"	"ABLIM3"
"M3"	"HPRD"	"AP3B2"
"M3"	"HPRD"	"HOXB3"
"M3"	"HPRD"	"GPR183"
"M3"	"HPRD"	"KDM5D"
"M3"	"HPRD"	"B3GAT1"
"M3"	"HPRD"	"HAMP"
"M3"	"HPRD"	"HPSE"
"M3"	"MGI"	"MLPH"
"M3"	"MGI"	"CCL4"
"M3"	"MGI"	"ITGB3"
"M3"	"MGI"	"GDF7"
"M3"	"BCI"	"FKBP5"
"M3"	"BCI"	"ESR1"
"M3"	"BCI"	"TYROBP"
"M3"	"BCI"	"IRF8"
"M3"	"BCI"	"BCL2A1"
"M3"	"BCI"	"S100A8"
"M3"	"BCI"	"CD14"
"M3"	"BCI"	"CD180"
"M3"	"BCI"	"MMP9"
"M3"	"BCI"	"KCNMA1"
"M3"	"BCI"	"PIK3CG"
"M3"	"BCI"	"C2"
"M3"	"BCI"	"CCL3"
"M3"	"BCI"	"FCN1"
"M3"	"BCI"	"ACP5"
"M3"	"BCI"	"NRP2"
"M3"	"BCI"	"APOE"
"M3"	"BCI"	"RGS1"
"M3"	"BCI"	"CXCL8"
"M3"	"BCI"	"CETP"
"M3"	"BCI"	"FCGR2B"
"M3"	"BCI"	"FCGR1A"
"M3"	"BCI"	"HMOX1"
"M3"	"BCI"	"CCR1"
"M3"	"BCI"	"RGS2"
"M3"	"BCI"	"CYBB"
"M3"	"BCI"	"FCER1G"
"M3"	"BCI"	"CSF3R"
"M3"	"BCI"	"HK3"
"M3"	"BCI"	"ITGB2"
"M3"	"BCI"	"F13A1"
"M3"	"BCI"	"CFD"
"M3"	"BCI"	"IL1B"
"M3"	"BCI"	"CFH"
"M3"	"BCI"	"CSTA"
"M3"	"BCI"	"CTSK"
"M3"	"BCI"	"CXCL12"
"M3"	"BCI"	"HLA-G"
"M3"	"BCI"	"HLA-DRA"
"M3"	"BCI"	"FCGR3A"
"M3"	"BCI"	"C1QB"
"M3"	"BCI"	"COL4A3"
"M3"	"BCI"	"CTSS"
"M3"	"BCI"	"NCF2"
"M3"	"BCI"	"LPL"
"M3"	"BCI"	"RNASE1"
"M3"	"BCI"	"SELP"
"M3"	"BCI"	"CX3CR1"
"M3"	"BioGrid_Mouse"	"ESR1"
"M3"	"BioGrid_Mouse"	"TYROBP"
"M3"	"BioGrid_Mouse"	"BIRC7"
"M3"	"BioGrid_Mouse"	"IRF8"
"M3"	"BioGrid_Mouse"	"CD14"
"M3"	"BioGrid_Mouse"	"MMP9"
"M3"	"BioGrid_Mouse"	"KCNMA1"
"M3"	"BioGrid_Mouse"	"PIK3CG"
"M3"	"BioGrid_Mouse"	"MAP2"
"M3"	"BioGrid_Mouse"	"SNCA"
"M3"	"BioGrid_Mouse"	"MAFB"
"M3"	"BioGrid_Mouse"	"APOE"
"M3"	"BioGrid_Mouse"	"REG1A"
"M3"	"BioGrid_Mouse"	"FCGR2B"
"M3"	"BioGrid_Mouse"	"DOK2"
"M3"	"BioGrid_Mouse"	"SLC1A3"
"M3"	"BioGrid_Mouse"	"FOXJ1"
"M3"	"BioGrid_Mouse"	"FCGR1A"
"M3"	"BioGrid_Mouse"	"FCER1G"
"M3"	"BioGrid_Mouse"	"CSF3R"
"M3"	"BioGrid_Mouse"	"ITGB2"
"M3"	"BioGrid_Mouse"	"IL1B"
"M3"	"BioGrid_Mouse"	"HLA-DQB1"
"M3"	"BioGrid_Mouse"	"EYA2"
"M3"	"BioGrid_Mouse"	"HAVCR2"
"M3"	"BioGrid_Mouse"	"CD300LF"
"M3"	"BioGrid_Mouse"	"GDF7"
"M3"	"BioGrid_Mouse"	"KDM5D"
"M3"	"BIND_Mouse"	"ESR1"
"M3"	"BIND_Mouse"	"MLPH"
"M3"	"BIND_Mouse"	"LY86"
"M3"	"BIND_Mouse"	"S100A8"
"M3"	"BIND_Mouse"	"LY96"
"M3"	"BIND_Mouse"	"GFPT2"
"M3"	"BIND_Mouse"	"PIK3CG"
"M3"	"BIND_Mouse"	"S100A9"
"M3"	"BIND_Mouse"	"DOK2"
"M3"	"BIND_Mouse"	"HLA-DQA1"
"M3"	"BIND_Mouse"	"CD22"
"M3"	"BIND_Mouse"	"HLA-G"
"M3"	"YeastLow"	"GFPT2"
"M3"	"YeastLow"	"FBP1"
"M3"	"YeastLow"	"KYNU"
"M3"	"YeastLow"	"KMO"
"M3"	"IntAct_Mouse"	"FKBP5"
"M3"	"IntAct_Mouse"	"LY86"
"M3"	"IntAct_Mouse"	"S100A8"
"M3"	"IntAct_Mouse"	"KCNMA1"
"M3"	"IntAct_Mouse"	"PIK3CG"
"M3"	"IntAct_Mouse"	"S100A9"
"M3"	"IntAct_Mouse"	"MAP2"
"M3"	"IntAct_Mouse"	"RYR1"
"M3"	"IntAct_Mouse"	"EFNB3"
"M3"	"IntAct_Mouse"	"FBP1"
"M3"	"IntAct_Mouse"	"WNK4"
"M3"	"IntAct_Mouse"	"SNCA"
"M3"	"IntAct_Mouse"	"ITGB3"
"M3"	"IntAct_Mouse"	"DOK7"
"M3"	"IntAct_Mouse"	"DOK2"
"M3"	"IntAct_Mouse"	"NCF1"
"M3"	"IntAct_Mouse"	"HLA-DQA1"
"M3"	"IntAct_Mouse"	"HMOX1"
"M3"	"IntAct_Mouse"	"RGS2"
"M3"	"IntAct_Mouse"	"SRCIN1"
"M3"	"IntAct_Mouse"	"CYBB"
"M3"	"IntAct_Mouse"	"FCER1G"
"M3"	"IntAct_Mouse"	"CD22"
"M3"	"IntAct_Mouse"	"HLA-DRB5"
"M3"	"IntAct_Mouse"	"ITGB2"
"M3"	"IntAct_Mouse"	"MSR1"
"M3"	"IntAct_Mouse"	"PIK3R5"
"M3"	"IntAct_Mouse"	"CTSK"
"M3"	"IntAct_Mouse"	"EYA2"
"M3"	"IntAct_Mouse"	"MRC1"
"M3"	"IntAct_Mouse"	"GPNMB"
"M3"	"IntAct_Mouse"	"LRP4"
"M3"	"DIP_Yeast"	"GFPT2"
"M3"	"DIP_Yeast"	"FBP1"
"M3"	"DIP_Yeast"	"KMO"
"M3"	"YeastHigh"	"GFPT2"
"M3"	"BioGrid_Rat"	"ESR1"
"M3"	"BioGrid_Rat"	"C2"
"M3"	"BioGrid_Rat"	"SNCA"
"M3"	"BioGrid_Rat"	"PLCB1"
"M3"	"BioGrid_Rat"	"HMOX1"
"M3"	"BioGrid_Rat"	"SRCIN1"
"M3"	"BioGrid_Rat"	"FCER1G"
"M3"	"BioGrid_Rat"	"HK3"
"M3"	"MINT_Mouse"	"KCNMA1"
"M3"	"MINT_Mouse"	"MAP2"
"M3"	"MINT_Mouse"	"EFNB3"
"M3"	"MINT_Mouse"	"SNCA"
"M3"	"MINT_Mouse"	"RGS1"
"M3"	"MINT_Mouse"	"FCGR2B"
"M3"	"MINT_Mouse"	"DOK2"
"M3"	"MINT_Mouse"	"HLA-DQA1"
"M3"	"MINT_Mouse"	"RGS2"
"M3"	"MINT_Mouse"	"CD22"
"M3"	"MINT_Mouse"	"ITGB2"
"M3"	"BEHRENDS_AUTOPHAGY_LOW"	"PIK3CG"
"M3"	"BioGrid_Worm"	"FGFR3"
"M3"	"MINT"	"FAM107A"
"M3"	"MINT"	"ESR1"
"M3"	"MINT"	"LYZ"
"M3"	"MINT"	"WNK2"
"M3"	"MINT"	"MLPH"
"M3"	"MINT"	"S100A8"
"M3"	"MINT"	"CD14"
"M3"	"MINT"	"PDPN"
"M3"	"MINT"	"PIK3CG"
"M3"	"MINT"	"MAP2"
"M3"	"MINT"	"RYR1"
"M3"	"MINT"	"FBP1"
"M3"	"MINT"	"SNCA"
"M3"	"MINT"	"ACP5"
"M3"	"MINT"	"FGFR3"
"M3"	"MINT"	"CD84"
"M3"	"MINT"	"RGS1"
"M3"	"MINT"	"ITGB3"
"M3"	"MINT"	"FCGR2B"
"M3"	"MINT"	"DOK2"
"M3"	"MINT"	"PEG10"
"M3"	"MINT"	"NCF1"
"M3"	"MINT"	"FCGR1A"
"M3"	"MINT"	"HLA-DQA1"
"M3"	"MINT"	"HMOX1"
"M3"	"MINT"	"CES1"
"M3"	"MINT"	"RGS2"
"M3"	"MINT"	"FCER1G"
"M3"	"MINT"	"CSF3R"
"M3"	"MINT"	"CD22"
"M3"	"MINT"	"SERPINA1"
"M3"	"MINT"	"KSR2"
"M3"	"MINT"	"ITGB2"
"M3"	"MINT"	"B3GALT4"
"M3"	"MINT"	"PLEK"
"M3"	"MINT"	"DOCK3"
"M3"	"MINT"	"IL1B"
"M3"	"MINT"	"CSTA"
"M3"	"MINT"	"HLA-DRB1"
"M3"	"MINT"	"HLA-DRA"
"M3"	"MINT"	"APOC1"
"M3"	"MINT"	"CCL18"
"M3"	"MINT"	"NCF2"
"M3"	"MINT"	"EYA2"
"M3"	"MINT"	"LPL"
"M3"	"MINT"	"CD300LF"
"M3"	"MINT"	"OLR1"
"M3"	"MINT"	"TESC"
"M3"	"MINT"	"PTK7"
"M3"	"MINT"	"MS4A7"
"M3"	"MINT"	"GPR183"
"M3"	"BIND"	"ESR1"
"M3"	"BIND"	"BIRC7"
"M3"	"BIND"	"NUPR1"
"M3"	"BIND"	"C3"
"M3"	"BIND"	"LY86"
"M3"	"BIND"	"S100A8"
"M3"	"BIND"	"MMP9"
"M3"	"BIND"	"KCNMA1"
"M3"	"BIND"	"PIK3CG"
"M3"	"BIND"	"S100A9"
"M3"	"BIND"	"CCL4"
"M3"	"BIND"	"FBP1"
"M3"	"BIND"	"SNCA"
"M3"	"BIND"	"PLCB1"
"M3"	"BIND"	"FGFR3"
"M3"	"BIND"	"NRP2"
"M3"	"BIND"	"MAFB"
"M3"	"BIND"	"APOE"
"M3"	"BIND"	"ITGB3"
"M3"	"BIND"	"CXCL8"
"M3"	"BIND"	"NCF1"
"M3"	"BIND"	"HMOX1"
"M3"	"BIND"	"CES1"
"M3"	"BIND"	"CD22"
"M3"	"BIND"	"HK3"
"M3"	"BIND"	"SERPINA1"
"M3"	"BIND"	"HLA-DRB5"
"M3"	"BIND"	"ITGB2"
"M3"	"BIND"	"F13A1"
"M3"	"BIND"	"GRB14"
"M3"	"BIND"	"HBB"
"M3"	"BIND"	"HGF"
"M3"	"BIND"	"CSTA"
"M3"	"BIND"	"CTSK"
"M3"	"BIND"	"CXCL12"
"M3"	"BIND"	"HLA-DRB1"
"M3"	"BIND"	"FCER1A"
"M3"	"BIND"	"HLA-DRA"
"M3"	"BIND"	"CCL2"
"M3"	"BIND"	"NCF2"
"M3"	"BIND"	"RNASE1"
"M3"	"BIND"	"SELP"
"M3"	"BIND"	"OLR1"
"M3"	"BIND"	"CHI3L1"
"M3"	"BIND"	"AP3B2"
"M3"	"BIND"	"LRP4"
"M3"	"BIND"	"B3GAT1"
"M3"	"BIND"	"HAMP"
"M3"	"DIP"	"FKBP5"
"M3"	"DIP"	"ESR1"
"M3"	"DIP"	"BIRC7"
"M3"	"DIP"	"NUPR1"
"M3"	"DIP"	"LY86"
"M3"	"DIP"	"MMP9"
"M3"	"DIP"	"KCNMA1"
"M3"	"DIP"	"PIK3CG"
"M3"	"DIP"	"S100A9"
"M3"	"DIP"	"MAP2"
"M3"	"DIP"	"EFNB3"
"M3"	"DIP"	"CCL3"
"M3"	"DIP"	"CCL4"
"M3"	"DIP"	"FBP1"
"M3"	"DIP"	"SNCA"
"M3"	"DIP"	"FGFR3"
"M3"	"DIP"	"NRP2"
"M3"	"DIP"	"CD84"
"M3"	"DIP"	"APOE"
"M3"	"DIP"	"ITGB3"
"M3"	"DIP"	"CXCL8"
"M3"	"DIP"	"CCR1"
"M3"	"DIP"	"CYBB"
"M3"	"DIP"	"CSF3R"
"M3"	"DIP"	"SERPINA1"
"M3"	"DIP"	"ITGB2"
"M3"	"DIP"	"F13A1"
"M3"	"DIP"	"GRB14"
"M3"	"DIP"	"HBB"
"M3"	"DIP"	"HGF"
"M3"	"DIP"	"IL1B"
"M3"	"DIP"	"CFH"
"M3"	"DIP"	"CXCL12"
"M3"	"DIP"	"HLA-G"
"M3"	"DIP"	"HLA-DRB1"
"M3"	"DIP"	"LRG1"
"M3"	"DIP"	"CTSS"
"M3"	"DIP"	"CCL2"
"M3"	"DIP"	"NCF2"
"M3"	"DIP"	"FGF12"
"M3"	"DIP"	"HLA-DOA"
"M3"	"DIP"	"OLR1"
"M3"	"IntAct_Yeast"	"GFPT2"
"M3"	"IntAct_Yeast"	"FBP1"
"M3"	"IntAct_Yeast"	"KYNU"
"M3"	"IntAct_Yeast"	"KMO"
"M3"	"YeastMedium"	"GFPT2"
"M3"	"YeastMedium"	"FBP1"
"M3"	"YeastMedium"	"KYNU"
"M3"	"VidalHuman_non_core"	"FAM107A"
"M3"	"VidalHuman_non_core"	"FBP1"
"M3"	"VidalHuman_non_core"	"CES1"
"M3"	"VidalHuman_non_core"	"EYA2"
"M3"	"VidalHuman_non_core"	"FGF12"
"M3"	"VidalHuman_non_core"	"FGL2"
"M3"	"VidalHuman_non_core"	"PDE1B"
"M3"	"VidalHuman_non_core"	"SLCO4A1"
"M3"	"StelzlMedium"	"S100A8"
"M3"	"StelzlMedium"	"PDPN"
"M3"	"StelzlMedium"	"FGFR3"
"M3"	"StelzlMedium"	"RGS1"
"M3"	"StelzlMedium"	"HLA-DQA1"
"M3"	"StelzlMedium"	"RGS2"
"M3"	"StelzlMedium"	"HBB"
"M3"	"StelzlMedium"	"CCL18"
"M3"	"StelzlMedium"	"LPL"
"M3"	"StelzlMedium"	"MS4A7"
"M3"	"StelzlMedium"	"GPR183"
"M3"	"BioGrid_Yeast"	"GFPT2"
"M3"	"BioGrid_Yeast"	"FBP1"
"M3"	"BioGrid_Yeast"	"KYNU"
"M3"	"BioGrid_Yeast"	"KMO"
"M3"	"SOURAV_MAPK_LOW"	"PLCB1"
"M3"	"SOURAV_MAPK_LOW"	"ITGB2"
"M3"	"VidalHuman_core"	"FAM107A"
"M3"	"VidalHuman_core"	"FBP1"
"M3"	"VidalHuman_core"	"CETP"
"M3"	"VidalHuman_core"	"DOK2"
"M3"	"VidalHuman_core"	"EYA2"
"M3"	"VidalHuman_core"	"TESC"
"M3"	"DIP_Mouse"	"TYROBP"
"M3"	"DIP_Mouse"	"MLPH"
"M3"	"DIP_Mouse"	"LY86"
"M3"	"DIP_Mouse"	"PIK3CG"
"M3"	"DIP_Mouse"	"MAFB"
"M3"	"DIP_Mouse"	"ITGB3"
"M3"	"DIP_Mouse"	"NCF1"
"M3"	"DIP_Mouse"	"CYBB"
"M3"	"DIP_Mouse"	"HGF"
"M3"	"DIP_Mouse"	"LRG1"
"M3"	"DIP_Mouse"	"OSM"
"M3"	"DIP_Mouse"	"JAML"
"M3"	"BIND_Rat"	"C3"
"M3"	"BIND_Rat"	"SNCA"
"M3"	"BIND_Rat"	"SV2A"
"M3"	"BIND_Rat"	"SDS"
"M3"	"IntAct_Rat"	"FKBP5"
"M3"	"IntAct_Rat"	"ESR1"
"M3"	"IntAct_Rat"	"KCNMA1"
"M3"	"IntAct_Rat"	"SV2A"
"M3"	"IntAct_Rat"	"CHGB"
"M3"	"IntAct_Rat"	"SRCIN1"
"M3"	"IntAct_Rat"	"GRB14"
"M3"	"IntAct_Rat"	"KCNJ5"
"M3"	"StelzlHigh"	"S100A8"
"M3"	"StelzlHigh"	"FBP1"
"M3"	"StelzlHigh"	"FGFR3"
"M3"	"StelzlHigh"	"HLA-DQA1"
"M3"	"StelzlHigh"	"RGS2"
"M3"	"StelzlHigh"	"CCL18"
"M3"	"SOURAV_MAPK_HIGH"	"S100A9"
"M3"	"SOURAV_MAPK_HIGH"	"PLCB1"
"M3"	"Krogan_NonCore"	"GFPT2"
"M3"	"Krogan_NonCore"	"KYNU"
"M3"	"StelzlLow"	"S100A8"
"M3"	"StelzlLow"	"ACP5"
"M3"	"StelzlLow"	"FCGR2B"
"M3"	"StelzlLow"	"RGS2"
"M3"	"StelzlLow"	"CSTA"
"M3"	"BIND_Yeast"	"FBP1"
"M3"	"MINT_Yeast"	"FBP1"
"M3"	"MIPS"	"FBP1"
"M3"	"BIND_Fly"	"FGFR3"
"M3"	"BIND_Fly"	"MELTF"
"M3"	"BIND_Fly"	"SLC7A7"
"M3"	"I2D-text_mining-c"	"CSTA"
"M3"	"ShawnLi"	"RYR1"
"M3"	"ShawnLi"	"FCGR2B"
"M3"	"DIP_Rat"	"ESR1"
"M3"	"BioGrid_Fly"	"FGFR3"
"M3"	"BioGrid_Fly"	"MELTF"
"M3"	"BioGrid_Fly"	"SLC37A2"
"M3"	"BioGrid_Fly"	"DPEP2"
"M3"	"BioGrid_Fly"	"SLC7A7"
"M3"	"Krogan_Core"	"FBP1"
"M3"	"MINT_Rat"	"MAP2"
"M3"	"Fawcett_polarity_Rat"	"MAP2"
"M3"	"Fawcett_polarity"	"CPVL"
"M3"	"IntAct_Fly"	"MELTF"
"M3"	"IntAct_Fly"	"PTK7"
"M3"	"IntAct_Fly"	"SLC7A7"
"M3"	"MINT_Fly"	"PTK7"
"M3"	"DIP_Fly"	"MELTF"
"M3"	"DIP_Fly"	"SLC7A7"
"M3"	"FlyLow"	"MELTF"
"M4"	"BioGrid"	"FN1"
"M4"	"BioGrid"	"NDN"
"M4"	"BioGrid"	"FOS"
"M4"	"BioGrid"	"EGR1"
"M4"	"BioGrid"	"TUBB2B"
"M4"	"BioGrid"	"ADAMTS4"
"M4"	"BioGrid"	"LUM"
"M4"	"BioGrid"	"KDR"
"M4"	"BioGrid"	"DCN"
"M4"	"BioGrid"	"ADAM19"
"M4"	"BioGrid"	"TAGLN"
"M4"	"BioGrid"	"PDGFRB"
"M4"	"BioGrid"	"NGFR"
"M4"	"BioGrid"	"NOTCH3"
"M4"	"BioGrid"	"FBLN1"
"M4"	"BioGrid"	"HSPG2"
"M4"	"BioGrid"	"EFEMP1"
"M4"	"BioGrid"	"ELN"
"M4"	"BioGrid"	"SOCS3"
"M4"	"BioGrid"	"FZD7"
"M4"	"BioGrid"	"EMILIN1"
"M4"	"BioGrid"	"COL1A2"
"M4"	"BioGrid"	"CTGF"
"M4"	"BioGrid"	"DACT1"
"M4"	"BioGrid"	"PDGFRA"
"M4"	"BioGrid"	"MEIS2"
"M4"	"BioGrid"	"EGR2"
"M4"	"BioGrid"	"VEGFA"
"M4"	"BioGrid"	"SLC2A1"
"M4"	"BioGrid"	"DUSP1"
"M4"	"BioGrid"	"PTGS2"
"M4"	"BioGrid"	"MYH11"
"M4"	"BioGrid"	"MOXD1"
"M4"	"BioGrid"	"CIT"
"M4"	"BioGrid"	"ANGPTL4"
"M4"	"BioGrid"	"PRKG1"
"M4"	"BioGrid"	"FBLN2"
"M4"	"BioGrid"	"NR4A1"
"M4"	"BioGrid"	"COL1A1"
"M4"	"BioGrid"	"COL3A1"
"M4"	"BioGrid"	"COL5A1"
"M4"	"BioGrid"	"TBX3"
"M4"	"BioGrid"	"ATF3"
"M4"	"BioGrid"	"PTGDS"
"M4"	"BioGrid"	"SYNPO2"
"M4"	"BioGrid"	"NR2F1"
"M4"	"BioGrid"	"MEIS1"
"M4"	"BioGrid"	"CHRD"
"M4"	"BioGrid"	"THY1"
"M4"	"BioGrid"	"SYNPO"
"M4"	"BioGrid"	"TGFB1I1"
"M4"	"BioGrid"	"SERPINE1"
"M4"	"BioGrid"	"APOD"
"M4"	"BioGrid"	"NDUFA4L2"
"M4"	"BioGrid"	"PDE3A"
"M4"	"BioGrid"	"STC2"
"M4"	"BioGrid"	"KCNE4"
"M4"	"BioGrid"	"FKBP10"
"M4"	"BioGrid"	"DERL3"
"M4"	"BioGrid"	"ZFPM2"
"M4"	"BioGrid"	"LOXL2"
"M4"	"BioGrid"	"ITGA8"
"M4"	"BioGrid"	"TNFSF15"
"M4"	"BioGrid"	"ADAM12"
"M4"	"BioGrid"	"COL8A1"
"M4"	"BioGrid"	"LOX"
"M4"	"BioGrid"	"ADH1B"
"M4"	"BioGrid"	"THBS1"
"M4"	"BioGrid"	"RGS16"
"M4"	"BioGrid"	"IGFBP5"
"M4"	"BioGrid"	"LAMC3"
"M4"	"BioGrid"	"IGF2"
"M4"	"BioGrid"	"CLEC3B"
"M4"	"BioGrid"	"MMP2"
"M4"	"BioGrid"	"PDZD2"
"M4"	"BioGrid"	"BGN"
"M4"	"BioGrid"	"TGFB2"
"M4"	"BioGrid"	"FMOD"
"M4"	"BioGrid"	"LTBP1"
"M4"	"BioGrid"	"GPC3"
"M4"	"BioGrid"	"PRELP"
"M4"	"BioGrid"	"DDR2"
"M4"	"BioGrid"	"CSPG4"
"M4"	"BioGrid"	"COL6A2"
"M4"	"BioGrid"	"IGFBP2"
"M4"	"BioGrid"	"CP"
"M4"	"BioGrid"	"MYLK"
"M4"	"BioGrid"	"RGS5"
"M4"	"BioGrid"	"PDE1A"
"M4"	"BioGrid"	"COL14A1"
"M4"	"BioGrid"	"PTGIS"
"M4"	"BioGrid"	"OLFML2A"
"M4"	"BioGrid"	"SULF1"
"M4"	"BioGrid"	"EDNRA"
"M4"	"BioGrid"	"ASAP2"
"M4"	"BioGrid"	"LZTS1"
"M4"	"BioGrid"	"CNN1"
"M4"	"BioGrid"	"GUCY1A2"
"M4"	"BioGrid"	"INHBA"
"M4"	"BioGrid"	"NID2"
"M4"	"BioGrid"	"HOPX"
"M4"	"BioGrid"	"DPYSL3"
"M4"	"BioGrid"	"AOC3"
"M4"	"BioGrid"	"CACNA1H"
"M4"	"BioGrid"	"FOSB"
"M4"	"BioGrid"	"GJA5"
"M4"	"BioGrid"	"EBF1"
"M4"	"BioGrid"	"ADAMTSL2"
"M4"	"BioGrid"	"DUSP5"
"M4"	"BioGrid"	"PREX2"
"M4"	"BioGrid"	"SGIP1"
"M4"	"BioGrid"	"FRZB"
"M4"	"BioGrid"	"DAAM2"
"M4"	"BioGrid"	"LYVE1"
"M4"	"BioGrid"	"NR4A3"
"M4"	"BioGrid"	"RAB11FIP1"
"M4"	"BioGrid"	"CD248"
"M4"	"BioGrid"	"CPNE7"
"M4"	"BioGrid"	"INMT"
"M4"	"BioGrid"	"JAM3"
"M4"	"BioGrid"	"APLN"
"M4"	"BioGrid"	"SPOCK2"
"M4"	"BioGrid"	"GSTO2"
"M4"	"BioGrid"	"CERCAM"
"M4"	"IntAct"	"FN1"
"M4"	"IntAct"	"ESYT3"
"M4"	"IntAct"	"NDN"
"M4"	"IntAct"	"ABCC9"
"M4"	"IntAct"	"FOS"
"M4"	"IntAct"	"EGR1"
"M4"	"IntAct"	"TUBB2B"
"M4"	"IntAct"	"ADAMTS4"
"M4"	"IntAct"	"KDR"
"M4"	"IntAct"	"ADAM19"
"M4"	"IntAct"	"TAGLN"
"M4"	"IntAct"	"PDGFRB"
"M4"	"IntAct"	"NGFR"
"M4"	"IntAct"	"NOTCH3"
"M4"	"IntAct"	"FBLN1"
"M4"	"IntAct"	"HSPG2"
"M4"	"IntAct"	"EFEMP1"
"M4"	"IntAct"	"NFASC"
"M4"	"IntAct"	"ELN"
"M4"	"IntAct"	"SOCS3"
"M4"	"IntAct"	"HSPB6"
"M4"	"IntAct"	"EMILIN1"
"M4"	"IntAct"	"COL1A2"
"M4"	"IntAct"	"CTGF"
"M4"	"IntAct"	"DACT1"
"M4"	"IntAct"	"PDGFRA"
"M4"	"IntAct"	"MEIS2"
"M4"	"IntAct"	"EGR2"
"M4"	"IntAct"	"VEGFA"
"M4"	"IntAct"	"SLC2A1"
"M4"	"IntAct"	"DUSP1"
"M4"	"IntAct"	"MYH11"
"M4"	"IntAct"	"MOXD1"
"M4"	"IntAct"	"CIT"
"M4"	"IntAct"	"CDH13"
"M4"	"IntAct"	"SFRP4"
"M4"	"IntAct"	"ANGPTL4"
"M4"	"IntAct"	"DKK3"
"M4"	"IntAct"	"PRKG1"
"M4"	"IntAct"	"FBLN2"
"M4"	"IntAct"	"NR4A1"
"M4"	"IntAct"	"TBX3"
"M4"	"IntAct"	"ANGPT2"
"M4"	"IntAct"	"SVEP1"
"M4"	"IntAct"	"MRC2"
"M4"	"IntAct"	"ATF3"
"M4"	"IntAct"	"PTGDS"
"M4"	"IntAct"	"SYNPO2"
"M4"	"IntAct"	"NR2F1"
"M4"	"IntAct"	"MEIS1"
"M4"	"IntAct"	"CHRD"
"M4"	"IntAct"	"SYNPO"
"M4"	"IntAct"	"TGFB1I1"
"M4"	"IntAct"	"SERPINE1"
"M4"	"IntAct"	"APOD"
"M4"	"IntAct"	"SLC2A3"
"M4"	"IntAct"	"NDUFA4L2"
"M4"	"IntAct"	"PDE3A"
"M4"	"IntAct"	"STC2"
"M4"	"IntAct"	"COL12A1"
"M4"	"IntAct"	"ZFPM2"
"M4"	"IntAct"	"LOXL2"
"M4"	"IntAct"	"ADAM12"
"M4"	"IntAct"	"IFITM1"
"M4"	"IntAct"	"COL8A1"
"M4"	"IntAct"	"LOX"
"M4"	"IntAct"	"ADH1B"
"M4"	"IntAct"	"THBS1"
"M4"	"IntAct"	"LAMC3"
"M4"	"IntAct"	"IGF2"
"M4"	"IntAct"	"CLEC3B"
"M4"	"IntAct"	"MMP2"
"M4"	"IntAct"	"PDZD2"
"M4"	"IntAct"	"BGN"
"M4"	"IntAct"	"LTBP1"
"M4"	"IntAct"	"DDR2"
"M4"	"IntAct"	"COL6A2"
"M4"	"IntAct"	"IGFBP2"
"M4"	"IntAct"	"CP"
"M4"	"IntAct"	"MYLK"
"M4"	"IntAct"	"PDE1A"
"M4"	"IntAct"	"EDNRA"
"M4"	"IntAct"	"ASAP2"
"M4"	"IntAct"	"INHBA"
"M4"	"IntAct"	"ANGPT1"
"M4"	"IntAct"	"NID2"
"M4"	"IntAct"	"AOC3"
"M4"	"IntAct"	"MSRB3"
"M4"	"IntAct"	"CACNA1H"
"M4"	"IntAct"	"GJA5"
"M4"	"IntAct"	"ADAMTSL2"
"M4"	"IntAct"	"DUSP5"
"M4"	"IntAct"	"COL6A3"
"M4"	"IntAct"	"GJA4"
"M4"	"IntAct"	"PREX2"
"M4"	"IntAct"	"FRZB"
"M4"	"IntAct"	"DAAM2"
"M4"	"IntAct"	"RAB11FIP1"
"M4"	"IntAct"	"CD248"
"M4"	"IntAct"	"CYBRD1"
"M4"	"IntAct"	"CPNE7"
"M4"	"IntAct"	"INMT"
"M4"	"IntAct"	"JAM3"
"M4"	"IntAct"	"COL15A1"
"M4"	"IntAct"	"APLN"
"M4"	"IntAct"	"SPOCK2"
"M4"	"IntAct"	"GSTO2"
"M4"	"IntAct"	"CYP1B1"
"M4"	"IntAct"	"POSTN"
"M4"	"BioGrid_Mouse"	"NDN"
"M4"	"BioGrid_Mouse"	"FOS"
"M4"	"BioGrid_Mouse"	"EGR1"
"M4"	"BioGrid_Mouse"	"KDR"
"M4"	"BioGrid_Mouse"	"PDGFRB"
"M4"	"BioGrid_Mouse"	"NGFR"
"M4"	"BioGrid_Mouse"	"NOTCH3"
"M4"	"BioGrid_Mouse"	"SOCS3"
"M4"	"BioGrid_Mouse"	"FZD7"
"M4"	"BioGrid_Mouse"	"PDGFRA"
"M4"	"BioGrid_Mouse"	"MEIS2"
"M4"	"BioGrid_Mouse"	"EGR2"
"M4"	"BioGrid_Mouse"	"VEGFA"
"M4"	"BioGrid_Mouse"	"DUSP1"
"M4"	"BioGrid_Mouse"	"PTGS2"
"M4"	"BioGrid_Mouse"	"CIT"
"M4"	"BioGrid_Mouse"	"SFRP4"
"M4"	"BioGrid_Mouse"	"PRKG1"
"M4"	"BioGrid_Mouse"	"NR4A1"
"M4"	"BioGrid_Mouse"	"COL1A1"
"M4"	"BioGrid_Mouse"	"COL3A1"
"M4"	"BioGrid_Mouse"	"COL5A1"
"M4"	"BioGrid_Mouse"	"ATF3"
"M4"	"BioGrid_Mouse"	"UNC5B"
"M4"	"BioGrid_Mouse"	"TGFB1I1"
"M4"	"BioGrid_Mouse"	"COL8A1"
"M4"	"BioGrid_Mouse"	"THBS1"
"M4"	"BioGrid_Mouse"	"TGFB2"
"M4"	"BioGrid_Mouse"	"EDNRA"
"M4"	"BioGrid_Mouse"	"THBS2"
"M4"	"BioGrid_Mouse"	"INHBA"
"M4"	"BioGrid_Mouse"	"AEBP1"
"M4"	"BioGrid_Mouse"	"CACNA1H"
"M4"	"BioGrid_Mouse"	"FOSB"
"M4"	"BioGrid_Mouse"	"EBF1"
"M4"	"BioGrid_Mouse"	"FRZB"
"M4"	"BioGrid_Mouse"	"NR4A3"
"M4"	"BioGrid_Mouse"	"GJC1"
"M4"	"BioGrid_Mouse"	"GAS1"
"M4"	"BioGrid_Mouse"	"SLIT3"
"M4"	"HPRD"	"FN1"
"M4"	"HPRD"	"NDN"
"M4"	"HPRD"	"ABCC9"
"M4"	"HPRD"	"FOS"
"M4"	"HPRD"	"EGR1"
"M4"	"HPRD"	"ADAMTS4"
"M4"	"HPRD"	"LUM"
"M4"	"HPRD"	"KDR"
"M4"	"HPRD"	"DCN"
"M4"	"HPRD"	"TAGLN"
"M4"	"HPRD"	"PDGFRB"
"M4"	"HPRD"	"NGFR"
"M4"	"HPRD"	"NOTCH3"
"M4"	"HPRD"	"FBLN1"
"M4"	"HPRD"	"HSPG2"
"M4"	"HPRD"	"NFASC"
"M4"	"HPRD"	"ELN"
"M4"	"HPRD"	"SOCS3"
"M4"	"HPRD"	"FZD7"
"M4"	"HPRD"	"HSPB6"
"M4"	"HPRD"	"EMILIN1"
"M4"	"HPRD"	"COL1A2"
"M4"	"HPRD"	"CTGF"
"M4"	"HPRD"	"PDGFRA"
"M4"	"HPRD"	"EGR2"
"M4"	"HPRD"	"VEGFA"
"M4"	"HPRD"	"SLC2A1"
"M4"	"HPRD"	"DUSP1"
"M4"	"HPRD"	"PTGS2"
"M4"	"HPRD"	"CIT"
"M4"	"HPRD"	"CDH13"
"M4"	"HPRD"	"DKK3"
"M4"	"HPRD"	"PRKG1"
"M4"	"HPRD"	"FBLN2"
"M4"	"HPRD"	"NR4A1"
"M4"	"HPRD"	"COL1A1"
"M4"	"HPRD"	"TBX3"
"M4"	"HPRD"	"ANGPT2"
"M4"	"HPRD"	"SVEP1"
"M4"	"HPRD"	"CPXM2"
"M4"	"HPRD"	"ATF3"
"M4"	"HPRD"	"PTGDS"
"M4"	"HPRD"	"NR2F1"
"M4"	"HPRD"	"MEIS1"
"M4"	"HPRD"	"THY1"
"M4"	"HPRD"	"SYNPO"
"M4"	"HPRD"	"TGFB1I1"
"M4"	"HPRD"	"SERPINE1"
"M4"	"HPRD"	"APOD"
"M4"	"HPRD"	"NDUFA4L2"
"M4"	"HPRD"	"STC2"
"M4"	"HPRD"	"FKBP10"
"M4"	"HPRD"	"DERL3"
"M4"	"HPRD"	"MFAP4"
"M4"	"HPRD"	"COL12A1"
"M4"	"HPRD"	"ZFPM2"
"M4"	"HPRD"	"TNFSF15"
"M4"	"HPRD"	"ADAM12"
"M4"	"HPRD"	"IFITM1"
"M4"	"HPRD"	"COL8A1"
"M4"	"HPRD"	"LOX"
"M4"	"HPRD"	"THBS1"
"M4"	"HPRD"	"RGS16"
"M4"	"HPRD"	"IGFBP5"
"M4"	"HPRD"	"IGF2"
"M4"	"HPRD"	"CLEC3B"
"M4"	"HPRD"	"C7"
"M4"	"HPRD"	"MMP2"
"M4"	"HPRD"	"PDZD2"
"M4"	"HPRD"	"BGN"
"M4"	"HPRD"	"TGFB2"
"M4"	"HPRD"	"FMOD"
"M4"	"HPRD"	"LTBP1"
"M4"	"HPRD"	"GPC3"
"M4"	"HPRD"	"PRELP"
"M4"	"HPRD"	"DDR2"
"M4"	"HPRD"	"CSPG4"
"M4"	"HPRD"	"COL6A2"
"M4"	"HPRD"	"MYLK"
"M4"	"HPRD"	"RGS5"
"M4"	"HPRD"	"PDE1A"
"M4"	"HPRD"	"COL14A1"
"M4"	"HPRD"	"EDNRA"
"M4"	"HPRD"	"ASAP2"
"M4"	"HPRD"	"LZTS1"
"M4"	"HPRD"	"CNN1"
"M4"	"HPRD"	"CYR61"
"M4"	"HPRD"	"GUCY1A2"
"M4"	"HPRD"	"THBS2"
"M4"	"HPRD"	"ADM"
"M4"	"HPRD"	"INHBA"
"M4"	"HPRD"	"PDK4"
"M4"	"HPRD"	"ANGPT1"
"M4"	"HPRD"	"S1PR3"
"M4"	"HPRD"	"NID2"
"M4"	"HPRD"	"HOPX"
"M4"	"HPRD"	"MGP"
"M4"	"HPRD"	"AOC3"
"M4"	"HPRD"	"AEBP1"
"M4"	"HPRD"	"CACNA1H"
"M4"	"HPRD"	"FOSB"
"M4"	"HPRD"	"GJA5"
"M4"	"HPRD"	"EBF1"
"M4"	"HPRD"	"CDH11"
"M4"	"HPRD"	"DUSP5"
"M4"	"HPRD"	"PREX2"
"M4"	"HPRD"	"SCN4B"
"M4"	"HPRD"	"LMOD1"
"M4"	"HPRD"	"CDC42EP5"
"M4"	"HPRD"	"NR4A3"
"M4"	"HPRD"	"GJC1"
"M4"	"HPRD"	"CPNE7"
"M4"	"HPRD"	"GAS1"
"M4"	"HPRD"	"SLIT3"
"M4"	"HPRD"	"SPOCK2"
"M4"	"INNATEDB"	"NDN"
"M4"	"INNATEDB"	"FOS"
"M4"	"INNATEDB"	"EGR1"
"M4"	"INNATEDB"	"KDR"
"M4"	"INNATEDB"	"DCN"
"M4"	"INNATEDB"	"TAGLN"
"M4"	"INNATEDB"	"PDGFRB"
"M4"	"INNATEDB"	"ELN"
"M4"	"INNATEDB"	"SOCS3"
"M4"	"INNATEDB"	"COL1A2"
"M4"	"INNATEDB"	"PDGFRA"
"M4"	"INNATEDB"	"MEIS2"
"M4"	"INNATEDB"	"DUSP1"
"M4"	"INNATEDB"	"PTGS2"
"M4"	"INNATEDB"	"NR4A1"
"M4"	"INNATEDB"	"COL1A1"
"M4"	"INNATEDB"	"ANGPT2"
"M4"	"INNATEDB"	"MEIS1"
"M4"	"INNATEDB"	"CHRD"
"M4"	"INNATEDB"	"APOD"
"M4"	"INNATEDB"	"SLC2A3"
"M4"	"INNATEDB"	"TNFSF15"
"M4"	"INNATEDB"	"IFITM1"
"M4"	"INNATEDB"	"THBS1"
"M4"	"INNATEDB"	"MMP2"
"M4"	"INNATEDB"	"PDZD2"
"M4"	"INNATEDB"	"BGN"
"M4"	"INNATEDB"	"LTBP1"
"M4"	"INNATEDB"	"CSPG4"
"M4"	"INNATEDB"	"MYLK"
"M4"	"INNATEDB"	"COL14A1"
"M4"	"INNATEDB"	"ASAP2"
"M4"	"INNATEDB"	"INHBA"
"M4"	"INNATEDB"	"PDK4"
"M4"	"INNATEDB"	"NID2"
"M4"	"INNATEDB"	"HOPX"
"M4"	"INNATEDB"	"MSRB3"
"M4"	"INNATEDB"	"CACNA1H"
"M4"	"INNATEDB"	"FADS2"
"M4"	"INNATEDB"	"STC1"
"M4"	"INNATEDB"	"PREX2"
"M4"	"INNATEDB"	"SCN4B"
"M4"	"INNATEDB"	"NR4A3"
"M4"	"INNATEDB"	"CD248"
"M4"	"IntAct_Fly"	"ADAM19"
"M4"	"IntAct_Fly"	"MOXD1"
"M4"	"IntAct_Fly"	"PRKG1"
"M4"	"IntAct_Fly"	"FBLN2"
"M4"	"IntAct_Fly"	"CHRD"
"M4"	"IntAct_Fly"	"APOD"
"M4"	"IntAct_Fly"	"SLC2A3"
"M4"	"IntAct_Fly"	"EIF5AL1"
"M4"	"IntAct_Fly"	"MFAP4"
"M4"	"BCI"	"FN1"
"M4"	"BCI"	"FOS"
"M4"	"BCI"	"EGR1"
"M4"	"BCI"	"ADAM19"
"M4"	"BCI"	"PDGFRB"
"M4"	"BCI"	"NGFR"
"M4"	"BCI"	"NOTCH3"
"M4"	"BCI"	"FBLN1"
"M4"	"BCI"	"HSPG2"
"M4"	"BCI"	"ELN"
"M4"	"BCI"	"COL1A2"
"M4"	"BCI"	"CTGF"
"M4"	"BCI"	"PDGFRA"
"M4"	"BCI"	"EGR2"
"M4"	"BCI"	"VEGFA"
"M4"	"BCI"	"SLC2A1"
"M4"	"BCI"	"DUSP1"
"M4"	"BCI"	"MYH11"
"M4"	"BCI"	"FBLN2"
"M4"	"BCI"	"NR4A1"
"M4"	"BCI"	"COL1A1"
"M4"	"BCI"	"COL3A1"
"M4"	"BCI"	"ATF3"
"M4"	"BCI"	"PTGDS"
"M4"	"BCI"	"NR2F1"
"M4"	"BCI"	"TGFB1I1"
"M4"	"BCI"	"SERPINE1"
"M4"	"BCI"	"APOD"
"M4"	"BCI"	"LOX"
"M4"	"BCI"	"THBS1"
"M4"	"BCI"	"RGS16"
"M4"	"BCI"	"IGFBP5"
"M4"	"BCI"	"IGF2"
"M4"	"BCI"	"C7"
"M4"	"BCI"	"FMOD"
"M4"	"BCI"	"LTBP1"
"M4"	"BCI"	"CSPG4"
"M4"	"BCI"	"COL6A2"
"M4"	"BCI"	"IGFBP2"
"M4"	"BCI"	"CP"
"M4"	"BCI"	"MYLK"
"M4"	"BCI"	"CYR61"
"M4"	"BCI"	"THBS2"
"M4"	"BCI"	"ADM"
"M4"	"BCI"	"ANGPT1"
"M4"	"BCI"	"AEBP1"
"M4"	"BCI"	"FOSB"
"M4"	"BCI"	"CDH11"
"M4"	"BCI"	"DUSP5"
"M4"	"BCI"	"GAS1"
"M4"	"BCI"	"SPOCK2"
"M4"	"BIND"	"FOS"
"M4"	"BIND"	"EGR1"
"M4"	"BIND"	"KDR"
"M4"	"BIND"	"PDGFRB"
"M4"	"BIND"	"NGFR"
"M4"	"BIND"	"ELN"
"M4"	"BIND"	"VEGFA"
"M4"	"BIND"	"SLC2A1"
"M4"	"BIND"	"PTGS2"
"M4"	"BIND"	"ANGPT2"
"M4"	"BIND"	"ATF3"
"M4"	"BIND"	"NR2F1"
"M4"	"BIND"	"UNC5B"
"M4"	"BIND"	"MEIS1"
"M4"	"BIND"	"SERPINE1"
"M4"	"BIND"	"PDE3A"
"M4"	"BIND"	"ADH1B"
"M4"	"BIND"	"IGFBP5"
"M4"	"BIND"	"IGF2"
"M4"	"BIND"	"MMP2"
"M4"	"BIND"	"PDZD2"
"M4"	"BIND"	"TGFB2"
"M4"	"BIND"	"ASAP2"
"M4"	"BIND"	"INHBA"
"M4"	"BIND"	"AOC3"
"M4"	"BIND"	"CACNA1H"
"M4"	"BIND"	"FOSB"
"M4"	"MINT"	"FN1"
"M4"	"MINT"	"FOS"
"M4"	"MINT"	"EGR1"
"M4"	"MINT"	"TUBB2B"
"M4"	"MINT"	"LUM"
"M4"	"MINT"	"KDR"
"M4"	"MINT"	"ADAM19"
"M4"	"MINT"	"PDGFRB"
"M4"	"MINT"	"NGFR"
"M4"	"MINT"	"EFEMP1"
"M4"	"MINT"	"SOCS3"
"M4"	"MINT"	"FZD7"
"M4"	"MINT"	"HSPB6"
"M4"	"MINT"	"EMILIN1"
"M4"	"MINT"	"PDGFRA"
"M4"	"MINT"	"EGR2"
"M4"	"MINT"	"VEGFA"
"M4"	"MINT"	"SLC2A1"
"M4"	"MINT"	"DUSP1"
"M4"	"MINT"	"CIT"
"M4"	"MINT"	"PRKG1"
"M4"	"MINT"	"NR4A1"
"M4"	"MINT"	"COL1A1"
"M4"	"MINT"	"ATF3"
"M4"	"MINT"	"NR2F1"
"M4"	"MINT"	"SERPINE1"
"M4"	"MINT"	"APOD"
"M4"	"MINT"	"SLC2A3"
"M4"	"MINT"	"NDUFA4L2"
"M4"	"MINT"	"STC2"
"M4"	"MINT"	"LOXL2"
"M4"	"MINT"	"ADAM12"
"M4"	"MINT"	"LTBP2"
"M4"	"MINT"	"IGFBP5"
"M4"	"MINT"	"IGF2"
"M4"	"MINT"	"DDR2"
"M4"	"MINT"	"MYLK"
"M4"	"MINT"	"ASAP2"
"M4"	"MINT"	"INHBA"
"M4"	"MINT"	"MSRB3"
"M4"	"MINT"	"GJA5"
"M4"	"MINT"	"FRZB"
"M4"	"MINT"	"CYBRD1"
"M4"	"MINT"	"JAM3"
"M4"	"BIND_Rat"	"NDN"
"M4"	"BIND_Rat"	"NGFR"
"M4"	"BIND_Rat"	"NFASC"
"M4"	"BIND_Rat"	"HSPB6"
"M4"	"BioGrid_Rat"	"NDN"
"M4"	"BioGrid_Rat"	"DCN"
"M4"	"BioGrid_Rat"	"NGFR"
"M4"	"BioGrid_Rat"	"HSPB6"
"M4"	"BioGrid_Rat"	"DACT1"
"M4"	"BioGrid_Rat"	"VEGFA"
"M4"	"BioGrid_Rat"	"SLC2A1"
"M4"	"BioGrid_Rat"	"SERPINE1"
"M4"	"BioGrid_Rat"	"APOD"
"M4"	"BioGrid_Rat"	"CNN1"
"M4"	"BioGrid_Rat"	"EBF1"
"M4"	"IntAct_Mouse"	"FN1"
"M4"	"IntAct_Mouse"	"NDN"
"M4"	"IntAct_Mouse"	"FOS"
"M4"	"IntAct_Mouse"	"PDGFRB"
"M4"	"IntAct_Mouse"	"SOCS3"
"M4"	"IntAct_Mouse"	"FZD7"
"M4"	"IntAct_Mouse"	"DACT1"
"M4"	"IntAct_Mouse"	"EGR2"
"M4"	"IntAct_Mouse"	"SLC2A1"
"M4"	"IntAct_Mouse"	"PTGS2"
"M4"	"IntAct_Mouse"	"PRKG1"
"M4"	"IntAct_Mouse"	"COL3A1"
"M4"	"IntAct_Mouse"	"TGFB1I1"
"M4"	"IntAct_Mouse"	"PDE3A"
"M4"	"IntAct_Mouse"	"LOX"
"M4"	"IntAct_Mouse"	"LTBP2"
"M4"	"IntAct_Mouse"	"LTBP1"
"M4"	"IntAct_Mouse"	"CSPG4"
"M4"	"IntAct_Mouse"	"CP"
"M4"	"IntAct_Mouse"	"SGIP1"
"M4"	"INNATEDB_Mouse"	"FOS"
"M4"	"INNATEDB_Mouse"	"EGR1"
"M4"	"INNATEDB_Mouse"	"TAGLN"
"M4"	"INNATEDB_Mouse"	"NOTCH3"
"M4"	"INNATEDB_Mouse"	"SOCS3"
"M4"	"INNATEDB_Mouse"	"EGR2"
"M4"	"INNATEDB_Mouse"	"DUSP1"
"M4"	"INNATEDB_Mouse"	"ATF3"
"M4"	"INNATEDB_Mouse"	"PTGDS"
"M4"	"INNATEDB_Mouse"	"ASAP2"
"M4"	"INNATEDB_Mouse"	"ANGPT1"
"M4"	"INNATEDB_Mouse"	"FADS2"
"M4"	"INNATEDB_Mouse"	"EBF1"
"M4"	"INNATEDB_Mouse"	"STEAP4"
"M4"	"INNATEDB_Mouse"	"ANGPTL2"
"M4"	"INNATEDB_Mouse"	"ITGA11"
"M4"	"INNATEDB_Mouse"	"ADAMTS2"
"M4"	"BioGrid_Fly"	"TUBB2B"
"M4"	"BioGrid_Fly"	"MOXD1"
"M4"	"BioGrid_Fly"	"PRKG1"
"M4"	"BioGrid_Fly"	"FBLN2"
"M4"	"BioGrid_Fly"	"CHRD"
"M4"	"BioGrid_Fly"	"SLC2A3"
"M4"	"BioGrid_Fly"	"EIF5AL1"
"M4"	"BioGrid_Fly"	"MFAP4"
"M4"	"BioGrid_Fly"	"ITGA8"
"M4"	"BIND_Fly"	"FBLN2"
"M4"	"BIND_Fly"	"SLC2A3"
"M4"	"FlyLow"	"PRKG1"
"M4"	"FlyLow"	"FBLN2"
"M4"	"FlyLow"	"SLC2A3"
"M4"	"MINT_Fly"	"MOXD1"
"M4"	"MINT_Fly"	"PRKG1"
"M4"	"MINT_Fly"	"FBLN2"
"M4"	"MINT_Fly"	"MFAP4"
"M4"	"MINT_Fly"	"ANO1"
"M4"	"DIP_Worm"	"FBLN1"
"M4"	"IntAct_Worm"	"FBLN1"
"M4"	"IntAct_Worm"	"ADAM12"
"M4"	"IntAct_Rat"	"FOS"
"M4"	"IntAct_Rat"	"KDR"
"M4"	"IntAct_Rat"	"PDGFRB"
"M4"	"IntAct_Rat"	"NGFR"
"M4"	"IntAct_Rat"	"PDGFRA"
"M4"	"IntAct_Rat"	"UNC5B"
"M4"	"IntAct_Rat"	"PDZD2"
"M4"	"IntAct_Rat"	"GUCY1A2"
"M4"	"VidalHuman_core"	"PDGFRB"
"M4"	"VidalHuman_core"	"EFEMP1"
"M4"	"VidalHuman_core"	"FZD7"
"M4"	"VidalHuman_core"	"EMILIN1"
"M4"	"VidalHuman_core"	"GJA5"
"M4"	"DIP"	"FN1"
"M4"	"DIP"	"FOS"
"M4"	"DIP"	"KDR"
"M4"	"DIP"	"PDGFRB"
"M4"	"DIP"	"NGFR"
"M4"	"DIP"	"VEGFA"
"M4"	"DIP"	"SLC2A1"
"M4"	"DIP"	"PTGS2"
"M4"	"DIP"	"NR4A1"
"M4"	"DIP"	"COL1A1"
"M4"	"DIP"	"COL3A1"
"M4"	"DIP"	"ATF3"
"M4"	"DIP"	"UNC5B"
"M4"	"DIP"	"CHRD"
"M4"	"DIP"	"TGFB1I1"
"M4"	"DIP"	"TNFSF15"
"M4"	"DIP"	"LOX"
"M4"	"DIP"	"IGF2"
"M4"	"DIP"	"MMP2"
"M4"	"DIP"	"LTBP1"
"M4"	"DIP"	"EDNRA"
"M4"	"DIP"	"INHBA"
"M4"	"DIP"	"FOSB"
"M4"	"SOURAV_MAPK_LOW"	"FOS"
"M4"	"StelzlMedium"	"EGR2"
"M4"	"StelzlMedium"	"NR4A1"
"M4"	"StelzlMedium"	"ATF3"
"M4"	"StelzlMedium"	"NDUFA4L2"
"M4"	"StelzlMedium"	"STC2"
"M4"	"StelzlMedium"	"IGFBP5"
"M4"	"DIP_Rat"	"NGFR"
"M4"	"DIP_Rat"	"COL1A2"
"M4"	"DIP_Rat"	"JAM3"
"M4"	"StelzlHigh"	"SOCS3"
"M4"	"StelzlHigh"	"EGR2"
"M4"	"StelzlHigh"	"ATF3"
"M4"	"BIND_Mouse"	"NDN"
"M4"	"BIND_Mouse"	"FOS"
"M4"	"BIND_Mouse"	"EGR1"
"M4"	"BIND_Mouse"	"PDGFRB"
"M4"	"BIND_Mouse"	"HSPG2"
"M4"	"BIND_Mouse"	"MEIS2"
"M4"	"BIND_Mouse"	"VEGFA"
"M4"	"BIND_Mouse"	"PTGS2"
"M4"	"BIND_Mouse"	"NR4A1"
"M4"	"BIND_Mouse"	"UNC5B"
"M4"	"BIND_Mouse"	"ADAM12"
"M4"	"BIND_Mouse"	"CSPG4"
"M4"	"BIND_Mouse"	"INHBA"
"M4"	"BIND_Mouse"	"FRZB"
"M4"	"MINT_Rat"	"FOS"
"M4"	"MINT_Rat"	"NGFR"
"M4"	"MINT_Rat"	"GUCY1A2"
"M4"	"ShawnLi"	"ASAP2"
"M4"	"MINT_Mouse"	"NDN"
"M4"	"MINT_Mouse"	"PDGFRB"
"M4"	"MINT_Mouse"	"HSPG2"
"M4"	"MINT_Mouse"	"SOCS3"
"M4"	"MINT_Mouse"	"FZD7"
"M4"	"MINT_Mouse"	"PDGFRA"
"M4"	"MINT_Mouse"	"EGR2"
"M4"	"MINT_Mouse"	"PRKG1"
"M4"	"MINT_Mouse"	"LOX"
"M4"	"MINT_Mouse"	"RGS16"
"M4"	"MINT_Mouse"	"CSPG4"
"M4"	"MGI"	"FN1"
"M4"	"MGI"	"NDN"
"M4"	"MGI"	"EDNRA"
"M4"	"MGI"	"NID2"
"M4"	"MGI"	"EBF1"
"M4"	"MGI"	"GAS1"
"M4"	"DIP_Mouse"	"FOS"
"M4"	"DIP_Mouse"	"PTGS2"
"M4"	"DIP_Mouse"	"ANGPT2"
"M4"	"DIP_Mouse"	"RGS16"
"M4"	"DIP_Mouse"	"CDH11"
"M4"	"FlyHigh"	"EIF5AL1"
"M4"	"DIP_Fly"	"MOXD1"
"M4"	"DIP_Fly"	"PRKG1"
"M4"	"DIP_Fly"	"FBLN2"
"M4"	"DIP_Fly"	"APOD"
"M4"	"DIP_Fly"	"SLC2A3"
"M4"	"DIP_Fly"	"EIF5AL1"
"M4"	"DIP_Fly"	"ANO1"
"M4"	"BioGrid_Worm"	"DDR2"
"M4"	"BIND_Worm"	"DDR2"
"M4"	"MINT_Worm"	"DDR2"
"M4"	"I2D-c_Fiona_HUMAN"	"MMP2"
"M4"	"StelzlLow"	"NDUFA4L2"
"M4"	"StelzlLow"	"IGFBP5"
"M4"	"VidalHuman_non_core"	"PTGDS"
"M4"	"SOURAV_MAPK_HIGH"	"FOS"
"M5"	"BioGrid"	"SLC2A4"
"M5"	"BioGrid"	"UCHL1"
"M5"	"BioGrid"	"LCK"
"M5"	"BioGrid"	"IL7R"
"M5"	"BioGrid"	"BIRC3"
"M5"	"BioGrid"	"IL2RG"
"M5"	"BioGrid"	"CD44"
"M5"	"BioGrid"	"CD3E"
"M5"	"BioGrid"	"CCR5"
"M5"	"BioGrid"	"CARD11"
"M5"	"BioGrid"	"MATK"
"M5"	"BioGrid"	"SELL"
"M5"	"BioGrid"	"IL2RB"
"M5"	"BioGrid"	"PTGES"
"M5"	"BioGrid"	"MPP2"
"M5"	"BioGrid"	"LIN7A"
"M5"	"BioGrid"	"ITK"
"M5"	"BioGrid"	"TNFSF14"
"M5"	"BioGrid"	"LTB"
"M5"	"BioGrid"	"CD8A"
"M5"	"BioGrid"	"CD2"
"M5"	"BioGrid"	"STK26"
"M5"	"BioGrid"	"SLAMF7"
"M5"	"BioGrid"	"IKZF3"
"M5"	"BioGrid"	"PPP1R16B"
"M5"	"BioGrid"	"GZMA"
"M5"	"BioGrid"	"DAPP1"
"M5"	"BioGrid"	"CD48"
"M5"	"BioGrid"	"CCL5"
"M5"	"BioGrid"	"ADCY5"
"M5"	"BioGrid"	"C1R"
"M5"	"BioGrid"	"MT2A"
"M5"	"BioGrid"	"CD3D"
"M5"	"BioGrid"	"BST2"
"M5"	"BioGrid"	"GNLY"
"M5"	"BioGrid"	"NNMT"
"M5"	"BioGrid"	"XAF1"
"M5"	"BioGrid"	"SYT17"
"M5"	"BioGrid"	"PCDHGC3"
"M5"	"BioGrid"	"CD38"
"M5"	"BioGrid"	"HOXA7"
"M5"	"BioGrid"	"HSH2D"
"M5"	"BioGrid"	"CD7"
"M5"	"BioGrid"	"ETV1"
"M5"	"BioGrid"	"ATP2A3"
"M5"	"BioGrid"	"CXCL9"
"M5"	"BioGrid"	"CORO2B"
"M5"	"BioGrid"	"SCN2A"
"M5"	"BioGrid"	"UCP2"
"M5"	"BioGrid"	"RHOH"
"M5"	"BioGrid"	"PRR5L"
"M5"	"BioGrid"	"SLC9A3"
"M5"	"BioGrid"	"KCNN4"
"M5"	"BioGrid"	"NKG7"
"M5"	"BioGrid"	"GBP5"
"M5"	"HPRD"	"SLC2A4"
"M5"	"HPRD"	"UCHL1"
"M5"	"HPRD"	"LCK"
"M5"	"HPRD"	"IL7R"
"M5"	"HPRD"	"BIRC3"
"M5"	"HPRD"	"IL2RG"
"M5"	"HPRD"	"CD44"
"M5"	"HPRD"	"CD3E"
"M5"	"HPRD"	"CCR5"
"M5"	"HPRD"	"CARD11"
"M5"	"HPRD"	"MATK"
"M5"	"HPRD"	"SELL"
"M5"	"HPRD"	"IL2RB"
"M5"	"HPRD"	"LIN7A"
"M5"	"HPRD"	"CORO2A"
"M5"	"HPRD"	"ITK"
"M5"	"HPRD"	"CARD16"
"M5"	"HPRD"	"TNFSF14"
"M5"	"HPRD"	"LTB"
"M5"	"HPRD"	"CD8A"
"M5"	"HPRD"	"CD2"
"M5"	"HPRD"	"STK26"
"M5"	"HPRD"	"SLAMF7"
"M5"	"HPRD"	"IKZF3"
"M5"	"HPRD"	"GZMA"
"M5"	"HPRD"	"CD48"
"M5"	"HPRD"	"CCL5"
"M5"	"HPRD"	"ADCY5"
"M5"	"HPRD"	"C1R"
"M5"	"HPRD"	"C1S"
"M5"	"HPRD"	"MT2A"
"M5"	"HPRD"	"CD3D"
"M5"	"HPRD"	"JCHAIN"
"M5"	"HPRD"	"CXCL10"
"M5"	"HPRD"	"XAF1"
"M5"	"HPRD"	"SYT17"
"M5"	"HPRD"	"CD38"
"M5"	"HPRD"	"CLIC5"
"M5"	"HPRD"	"HSH2D"
"M5"	"HPRD"	"CST7"
"M5"	"HPRD"	"CD7"
"M5"	"HPRD"	"ETV1"
"M5"	"HPRD"	"ACKR1"
"M5"	"HPRD"	"CXCL9"
"M5"	"HPRD"	"LAMB3"
"M5"	"HPRD"	"CORO2B"
"M5"	"HPRD"	"SCN2A"
"M5"	"HPRD"	"UCP2"
"M5"	"HPRD"	"DUSP2"
"M5"	"HPRD"	"RHOH"
"M5"	"HPRD"	"SLC9A3"
"M5"	"HPRD"	"KCNN4"
"M5"	"HPRD"	"NOMO3"
"M5"	"HPRD"	"GBP5"
"M5"	"IntAct"	"SLC2A4"
"M5"	"IntAct"	"RASSF10"
"M5"	"IntAct"	"UCHL1"
"M5"	"IntAct"	"LCK"
"M5"	"IntAct"	"IL7R"
"M5"	"IntAct"	"BIRC3"
"M5"	"IntAct"	"IL2RG"
"M5"	"IntAct"	"CD44"
"M5"	"IntAct"	"CD3E"
"M5"	"IntAct"	"CCR5"
"M5"	"IntAct"	"CARD11"
"M5"	"IntAct"	"MATK"
"M5"	"IntAct"	"IL2RB"
"M5"	"IntAct"	"MPP2"
"M5"	"IntAct"	"LIN7A"
"M5"	"IntAct"	"CORO2A"
"M5"	"IntAct"	"ITK"
"M5"	"IntAct"	"TNFSF14"
"M5"	"IntAct"	"LTB"
"M5"	"IntAct"	"CD8A"
"M5"	"IntAct"	"CD2"
"M5"	"IntAct"	"STK26"
"M5"	"IntAct"	"CTSW"
"M5"	"IntAct"	"SLAMF7"
"M5"	"IntAct"	"IKZF3"
"M5"	"IntAct"	"PPP1R16B"
"M5"	"IntAct"	"GZMA"
"M5"	"IntAct"	"DAPP1"
"M5"	"IntAct"	"CD48"
"M5"	"IntAct"	"CCL5"
"M5"	"IntAct"	"C1R"
"M5"	"IntAct"	"C1S"
"M5"	"IntAct"	"MT2A"
"M5"	"IntAct"	"CD3D"
"M5"	"IntAct"	"CXCL10"
"M5"	"IntAct"	"BST2"
"M5"	"IntAct"	"NNMT"
"M5"	"IntAct"	"SYT17"
"M5"	"IntAct"	"PCDHGC3"
"M5"	"IntAct"	"HOXA7"
"M5"	"IntAct"	"HSH2D"
"M5"	"IntAct"	"CST7"
"M5"	"IntAct"	"CD7"
"M5"	"IntAct"	"ETV1"
"M5"	"IntAct"	"ATP2A3"
"M5"	"IntAct"	"CXCL9"
"M5"	"IntAct"	"LAMB3"
"M5"	"IntAct"	"CORO2B"
"M5"	"IntAct"	"SCN2A"
"M5"	"IntAct"	"UCP2"
"M5"	"IntAct"	"DUSP2"
"M5"	"IntAct"	"RHOH"
"M5"	"IntAct"	"PRR5L"
"M5"	"IntAct"	"SLC9A3"
"M5"	"IntAct"	"NKG7"
"M5"	"IntAct"	"KLHDC7B"
"M5"	"IntAct"	"NOMO3"
"M5"	"IntAct"	"GBP5"
"M5"	"IntAct_Rat"	"SLC2A4"
"M5"	"IntAct_Rat"	"SCN2A"
"M5"	"IntAct_Rat"	"SLC9A3"
"M5"	"INNATEDB"	"SLC2A4"
"M5"	"INNATEDB"	"LCK"
"M5"	"INNATEDB"	"IL7R"
"M5"	"INNATEDB"	"BIRC3"
"M5"	"INNATEDB"	"IL2RG"
"M5"	"INNATEDB"	"CD44"
"M5"	"INNATEDB"	"CCR5"
"M5"	"INNATEDB"	"CARD11"
"M5"	"INNATEDB"	"SELL"
"M5"	"INNATEDB"	"IL2RB"
"M5"	"INNATEDB"	"CCR2"
"M5"	"INNATEDB"	"ITK"
"M5"	"INNATEDB"	"CARD16"
"M5"	"INNATEDB"	"TNFSF14"
"M5"	"INNATEDB"	"LTB"
"M5"	"INNATEDB"	"IKZF3"
"M5"	"INNATEDB"	"GZMA"
"M5"	"INNATEDB"	"C1S"
"M5"	"INNATEDB"	"CXCL10"
"M5"	"INNATEDB"	"XAF1"
"M5"	"INNATEDB"	"CD38"
"M5"	"INNATEDB"	"CLIC5"
"M5"	"INNATEDB"	"ACKR1"
"M5"	"INNATEDB"	"CXCL9"
"M5"	"INNATEDB"	"RHOH"
"M5"	"INNATEDB"	"PRR5L"
"M5"	"BioGrid_Mouse"	"SLC2A4"
"M5"	"BioGrid_Mouse"	"UCHL1"
"M5"	"BioGrid_Mouse"	"LCK"
"M5"	"BioGrid_Mouse"	"BIRC3"
"M5"	"BioGrid_Mouse"	"CD3E"
"M5"	"BioGrid_Mouse"	"CARD11"
"M5"	"BioGrid_Mouse"	"LIN7A"
"M5"	"BioGrid_Mouse"	"IKZF3"
"M5"	"BioGrid_Mouse"	"CD3D"
"M5"	"BioGrid_Mouse"	"CD38"
"M5"	"BioGrid_Mouse"	"SCN2A"
"M5"	"BioGrid_Mouse"	"DUSP2"
"M5"	"BCI"	"UCHL1"
"M5"	"BCI"	"LCK"
"M5"	"BCI"	"IL7R"
"M5"	"BCI"	"BIRC3"
"M5"	"BCI"	"IL2RG"
"M5"	"BCI"	"CD44"
"M5"	"BCI"	"CD3E"
"M5"	"BCI"	"MATK"
"M5"	"BCI"	"SELL"
"M5"	"BCI"	"IL2RB"
"M5"	"BCI"	"ITK"
"M5"	"BCI"	"LTB"
"M5"	"BCI"	"CD8A"
"M5"	"BCI"	"CD2"
"M5"	"BCI"	"GZMA"
"M5"	"BCI"	"CD48"
"M5"	"BCI"	"CCL5"
"M5"	"BCI"	"MT2A"
"M5"	"BCI"	"CD3D"
"M5"	"BCI"	"CD38"
"M5"	"BCI"	"CD7"
"M5"	"BCI"	"ACKR1"
"M5"	"BCI"	"ATP2A3"
"M5"	"BCI"	"UCP2"
"M5"	"BCI"	"DUSP2"
"M5"	"BCI"	"KLRB1"
"M5"	"BCI"	"RHOH"
"M5"	"IntAct_Mouse"	"SLC2A4"
"M5"	"IntAct_Mouse"	"UCHL1"
"M5"	"IntAct_Mouse"	"LCK"
"M5"	"IntAct_Mouse"	"BIRC3"
"M5"	"IntAct_Mouse"	"IL2RG"
"M5"	"IntAct_Mouse"	"CD44"
"M5"	"IntAct_Mouse"	"CARD11"
"M5"	"IntAct_Mouse"	"LTB"
"M5"	"IntAct_Mouse"	"CD8A"
"M5"	"IntAct_Mouse"	"DUSP2"
"M5"	"DIP"	"LCK"
"M5"	"DIP"	"IL2RG"
"M5"	"DIP"	"CD44"
"M5"	"DIP"	"CCR5"
"M5"	"DIP"	"CARD11"
"M5"	"DIP"	"IL2RB"
"M5"	"DIP"	"NCR3LG1"
"M5"	"DIP"	"CCR2"
"M5"	"DIP"	"ITK"
"M5"	"DIP"	"TNFSF14"
"M5"	"DIP"	"STK26"
"M5"	"DIP"	"CCL5"
"M5"	"DIP"	"CXCL10"
"M5"	"DIP"	"BST2"
"M5"	"DIP"	"CXCL9"
"M5"	"DIP"	"KCNN4"
"M5"	"MINT"	"SLC2A4"
"M5"	"MINT"	"LCK"
"M5"	"MINT"	"CD3E"
"M5"	"MINT"	"CCR5"
"M5"	"MINT"	"IL2RB"
"M5"	"MINT"	"LIN7A"
"M5"	"MINT"	"ITK"
"M5"	"MINT"	"CD2"
"M5"	"MINT"	"STK26"
"M5"	"MINT"	"CTSW"
"M5"	"MINT"	"ACSL5"
"M5"	"MINT"	"IKZF3"
"M5"	"MINT"	"DAPP1"
"M5"	"MINT"	"CCL5"
"M5"	"MINT"	"C1R"
"M5"	"MINT"	"CD3D"
"M5"	"MINT"	"SYT17"
"M5"	"MINT"	"CST7"
"M5"	"MINT"	"CD7"
"M5"	"MINT"	"DUSP2"
"M5"	"MINT"	"RHOH"
"M5"	"MINT"	"SLC9A3"
"M5"	"MINT_Mouse"	"LCK"
"M5"	"MINT_Mouse"	"BIRC3"
"M5"	"MINT_Mouse"	"CD44"
"M5"	"MINT_Mouse"	"ITK"
"M5"	"MINT_Mouse"	"CD8A"
"M5"	"VidalHuman_non_core"	"IL2RG"
"M5"	"BIND"	"SLC2A4"
"M5"	"BIND"	"LCK"
"M5"	"BIND"	"BIRC3"
"M5"	"BIND"	"CARD11"
"M5"	"BIND"	"SELL"
"M5"	"BIND"	"IL2RB"
"M5"	"BIND"	"CCR2"
"M5"	"BIND"	"ITK"
"M5"	"BIND"	"CD8A"
"M5"	"BIND"	"CD2"
"M5"	"BIND"	"STK26"
"M5"	"BIND"	"CCL5"
"M5"	"BIND"	"C1R"
"M5"	"BIND"	"C1S"
"M5"	"BIND"	"CD3D"
"M5"	"BIND"	"CXCL10"
"M5"	"BIND"	"CD38"
"M5"	"BIND"	"UCP2"
"M5"	"MINT_Rat"	"SLC2A4"
"M5"	"INNATEDB_Mouse"	"LCK"
"M5"	"INNATEDB_Mouse"	"IL7R"
"M5"	"INNATEDB_Mouse"	"BIRC3"
"M5"	"INNATEDB_Mouse"	"IL2RG"
"M5"	"INNATEDB_Mouse"	"CCR5"
"M5"	"INNATEDB_Mouse"	"CARD11"
"M5"	"INNATEDB_Mouse"	"SELL"
"M5"	"INNATEDB_Mouse"	"IL2RB"
"M5"	"INNATEDB_Mouse"	"CORO2A"
"M5"	"INNATEDB_Mouse"	"ITK"
"M5"	"INNATEDB_Mouse"	"DAPP1"
"M5"	"INNATEDB_Mouse"	"CCL5"
"M5"	"INNATEDB_Mouse"	"HOXA7"
"M5"	"INNATEDB_Mouse"	"ACKR1"
"M5"	"BIND_Mouse"	"LCK"
"M5"	"BIND_Mouse"	"IL2RG"
"M5"	"BIND_Mouse"	"CD3E"
"M5"	"BIND_Mouse"	"CCR5"
"M5"	"BIND_Mouse"	"CCR2"
"M5"	"BIND_Mouse"	"SEMA6D"
"M5"	"BIND_Rat"	"MATK"
"M5"	"BIND_Rat"	"CD2"
"M5"	"BIND_Rat"	"CD48"
"M5"	"BIND_Rat"	"SCN2A"
"M5"	"BioGrid_Fly"	"ADCY5"
"M5"	"BioGrid_Fly"	"CLIC5"
"M5"	"BioGrid_Fly"	"SCN2A"
"M5"	"DIP_Mouse"	"CD38"
"M5"	"IntAct_Fly"	"STK26"
"M5"	"ShawnLi"	"IL2RG"
"M5"	"StelzlLow"	"RHOH"
"M5"	"StelzlMedium"	"RHOH"
"M5"	"Fawcett_polarity"	"MPP2"
"M6"	"BioGrid"	"ADRB2"
"M6"	"BioGrid"	"CEP55"
"M6"	"BioGrid"	"BIRC5"
"M6"	"BioGrid"	"ZBTB16"
"M6"	"BioGrid"	"ANLN"
"M6"	"BioGrid"	"EFHD1"
"M6"	"BioGrid"	"ACSS3"
"M6"	"BioGrid"	"CA9"
"M6"	"BioGrid"	"RRM2"
"M6"	"BioGrid"	"SH3GL2"
"M6"	"BioGrid"	"UBE2C"
"M6"	"BioGrid"	"TOP2A"
"M6"	"BioGrid"	"IDO1"
"M6"	"BioGrid"	"TPX2"
"M6"	"BioGrid"	"THSD7A"
"M6"	"BioGrid"	"CDKN2C"
"M6"	"BioGrid"	"DMRTA1"
"M6"	"BioGrid"	"MYBL2"
"M6"	"BioGrid"	"CKMT1A"
"M6"	"BioGrid"	"DNAJA4"
"M6"	"BioGrid"	"CAND2"
"M6"	"BioGrid"	"KCND3"
"M6"	"BioGrid"	"NCAPG"
"M6"	"BioGrid"	"KIF20A"
"M6"	"BioGrid"	"MKI67"
"M6"	"BioGrid"	"DTL"
"M6"	"BioGrid"	"KIF4A"
"M6"	"BioGrid"	"PHYHD1"
"M6"	"BioGrid"	"PACRG"
"M6"	"BioGrid"	"CDCA7"
"M6"	"BioGrid"	"TYRO3"
"M6"	"BioGrid"	"ATP6V0A4"
"M6"	"BioGrid"	"CYP39A1"
"M6"	"BioGrid"	"CENPF"
"M6"	"BioGrid"	"NEB"
"M6"	"BioGrid"	"CYP2J2"
"M6"	"INNATEDB"	"ADRB2"
"M6"	"INNATEDB"	"BIRC5"
"M6"	"INNATEDB"	"ZBTB16"
"M6"	"INNATEDB"	"TOP2A"
"M6"	"INNATEDB"	"IDO1"
"M6"	"INNATEDB"	"MYBL2"
"M6"	"INNATEDB"	"KIF20A"
"M6"	"INNATEDB"	"TYRO3"
"M6"	"INNATEDB"	"FREM1"
"M6"	"HPRD"	"ADRB2"
"M6"	"HPRD"	"CEP55"
"M6"	"HPRD"	"BIRC5"
"M6"	"HPRD"	"ZBTB16"
"M6"	"HPRD"	"ANLN"
"M6"	"HPRD"	"CA9"
"M6"	"HPRD"	"SH3GL2"
"M6"	"HPRD"	"UBE2C"
"M6"	"HPRD"	"TOP2A"
"M6"	"HPRD"	"IDO1"
"M6"	"HPRD"	"TPX2"
"M6"	"HPRD"	"EVC2"
"M6"	"HPRD"	"CDKN2C"
"M6"	"HPRD"	"MYBL2"
"M6"	"HPRD"	"CKMT1A"
"M6"	"HPRD"	"CAND2"
"M6"	"HPRD"	"KCND3"
"M6"	"HPRD"	"NCAPG"
"M6"	"HPRD"	"KIF20A"
"M6"	"HPRD"	"MKI67"
"M6"	"HPRD"	"KIF4A"
"M6"	"HPRD"	"TYRO3"
"M6"	"HPRD"	"ATP6V0A4"
"M6"	"HPRD"	"ASPM"
"M6"	"HPRD"	"CENPF"
"M6"	"IntAct"	"ADRB2"
"M6"	"IntAct"	"CEP55"
"M6"	"IntAct"	"IQGAP3"
"M6"	"IntAct"	"BIRC5"
"M6"	"IntAct"	"ZBTB16"
"M6"	"IntAct"	"EFHD1"
"M6"	"IntAct"	"ACSS3"
"M6"	"IntAct"	"PIP5K1B"
"M6"	"IntAct"	"RRM2"
"M6"	"IntAct"	"SH3GL2"
"M6"	"IntAct"	"UBE2C"
"M6"	"IntAct"	"TOP2A"
"M6"	"IntAct"	"IDO1"
"M6"	"IntAct"	"TPX2"
"M6"	"IntAct"	"LURAP1"
"M6"	"IntAct"	"EVC2"
"M6"	"IntAct"	"CDKN2C"
"M6"	"IntAct"	"DMRTA1"
"M6"	"IntAct"	"MYBL2"
"M6"	"IntAct"	"CKMT1A"
"M6"	"IntAct"	"DNAJA4"
"M6"	"IntAct"	"NCAPG"
"M6"	"IntAct"	"KIF20A"
"M6"	"IntAct"	"MKI67"
"M6"	"IntAct"	"DTL"
"M6"	"IntAct"	"KIF4A"
"M6"	"IntAct"	"CDCA7"
"M6"	"IntAct"	"TYRO3"
"M6"	"IntAct"	"ASPM"
"M6"	"IntAct"	"NACAD"
"M6"	"IntAct"	"CENPF"
"M6"	"IntAct"	"NEB"
"M6"	"IntAct"	"ZNF135"
"M6"	"IntAct"	"CYP2J2"
"M6"	"IntAct"	"GAS2L3"
"M6"	"IntAct"	"PCDH10"
"M6"	"IntAct"	"LIX1"
"M6"	"BioGrid_Yeast"	"FA2H"
"M6"	"BioGrid_Yeast"	"ABCC3"
"M6"	"BioGrid_Yeast"	"RRM2"
"M6"	"BioGrid_Yeast"	"UBE2C"
"M6"	"BioGrid_Yeast"	"IDO1"
"M6"	"BioGrid_Yeast"	"AMT"
"M6"	"MINT_Mouse"	"ADRB2"
"M6"	"MINT_Mouse"	"PIP5K1B"
"M6"	"MINT_Mouse"	"SH3GL2"
"M6"	"BioGrid_Fly"	"FA2H"
"M6"	"BioGrid_Fly"	"ACSS3"
"M6"	"BioGrid_Fly"	"ABCC3"
"M6"	"BioGrid_Fly"	"RRM2"
"M6"	"BioGrid_Fly"	"UBE2C"
"M6"	"BioGrid_Fly"	"DNAJA4"
"M6"	"BioGrid_Fly"	"PHYHD1"
"M6"	"BioGrid_Fly"	"PACRG"
"M6"	"BioGrid_Fly"	"ATP6V0A4"
"M6"	"DIP"	"CEP55"
"M6"	"DIP"	"ZBTB16"
"M6"	"DIP"	"CA9"
"M6"	"DIP"	"RRM2"
"M6"	"DIP"	"SH3GL2"
"M6"	"DIP"	"TOP2A"
"M6"	"DIP"	"TPX2"
"M6"	"DIP"	"MKI67"
"M6"	"DIP_Yeast"	"RRM2"
"M6"	"DIP_Yeast"	"SLC38A11"
"M6"	"BIND"	"ADRB2"
"M6"	"BIND"	"BIRC5"
"M6"	"BIND"	"SH3GL2"
"M6"	"BIND"	"UBE2C"
"M6"	"BIND"	"CDKN2C"
"M6"	"BIND"	"CKMT1A"
"M6"	"BIND"	"KCND3"
"M6"	"BIND"	"MKI67"
"M6"	"MINT"	"ADRB2"
"M6"	"MINT"	"CEP55"
"M6"	"MINT"	"BIRC5"
"M6"	"MINT"	"ZBTB16"
"M6"	"MINT"	"SH3GL2"
"M6"	"MINT"	"TPX2"
"M6"	"MINT"	"CDKN2C"
"M6"	"MINT"	"MYBL2"
"M6"	"MINT"	"MKI67"
"M6"	"MINT"	"TYRO3"
"M6"	"MINT"	"NEB"
"M6"	"BioGrid_Mouse"	"ZBTB16"
"M6"	"BioGrid_Mouse"	"RRM2"
"M6"	"BioGrid_Mouse"	"SH3GL2"
"M6"	"BioGrid_Mouse"	"UBE2C"
"M6"	"BioGrid_Mouse"	"IDO1"
"M6"	"BioGrid_Mouse"	"TPX2"
"M6"	"BioGrid_Mouse"	"ZDHHC15"
"M6"	"BioGrid_Mouse"	"MYBL2"
"M6"	"BioGrid_Mouse"	"CAND2"
"M6"	"BioGrid_Mouse"	"ATP6V0A4"
"M6"	"DIP_Mouse"	"ADRB2"
"M6"	"DIP_Mouse"	"SH3GL2"
"M6"	"DIP_Mouse"	"TOP2A"
"M6"	"DIP_Mouse"	"IDO1"
"M6"	"DIP_Mouse"	"PACRG"
"M6"	"BCI"	"ADRB2"
"M6"	"BCI"	"BIRC5"
"M6"	"BCI"	"RRM2"
"M6"	"BCI"	"TOP2A"
"M6"	"BCI"	"MYBL2"
"M6"	"BCI"	"MKI67"
"M6"	"BCI"	"TYRO3"
"M6"	"BCI"	"CENPF"
"M6"	"BCI"	"NEB"
"M6"	"IntAct_Yeast"	"FA2H"
"M6"	"IntAct_Yeast"	"ABCC3"
"M6"	"IntAct_Yeast"	"RRM2"
"M6"	"IntAct_Yeast"	"SLC38A11"
"M6"	"YeastLow"	"RRM2"
"M6"	"IntAct_Mouse"	"CEP55"
"M6"	"IntAct_Mouse"	"RRM2"
"M6"	"IntAct_Mouse"	"SH3GL2"
"M6"	"IntAct_Mouse"	"TOP2A"
"M6"	"IntAct_Mouse"	"IDO1"
"M6"	"BioGrid_Rat"	"ADRB2"
"M6"	"BioGrid_Rat"	"SH3GL2"
"M6"	"IntAct_Rat"	"IQGAP3"
"M6"	"IntAct_Rat"	"SH3GL2"
"M6"	"IntAct_Rat"	"LURAP1"
"M6"	"VidalHuman_core"	"ZBTB16"
"M6"	"StelzlMedium"	"CDKN2C"
"M6"	"BioGrid_Worm"	"RRM2"
"M6"	"BioGrid_Worm"	"TOP2A"
"M6"	"StelzlHigh"	"CDKN2C"
"M6"	"BIND_Rat"	"ADRB2"
"M6"	"BIND_Rat"	"SH3GL2"
"M6"	"BIND_Rat"	"KCND3"
"M6"	"Yu_GoldStd"	"RRM2"
"M6"	"Yu_GoldStd"	"AMT"
"M6"	"IntAct_Fly"	"TOP2A"
"M6"	"IntAct_Fly"	"DNAJA4"
"M6"	"IntAct_Fly"	"PHYHD1"
"M6"	"IntAct_Fly"	"ATP6V0A4"
"M6"	"DIP_Fly"	"DNAJA4"
"M6"	"DIP_Fly"	"PACRG"
"M6"	"DIP_Fly"	"ATP6V0A4"
"M6"	"DIP_Fly"	"AMT"
"M6"	"MINT_Fly"	"DNAJA4"
"M6"	"MINT_Fly"	"ATP6V0A4"
"M6"	"MINT_Fly"	"AMT"
"M6"	"INTEROLOG"	"IQGAP3"
"M6"	"INTEROLOG"	"RRM2"
"M6"	"INTEROLOG"	"TOP2A"
"M6"	"INNATEDB_Mouse"	"ZBTB16"
"M6"	"INNATEDB_Mouse"	"IDO1"
"M6"	"INNATEDB_Mouse"	"CDCA7"
"M6"	"INNATEDB_Mouse"	"TYRO3"
"M6"	"BIND_Worm"	"RRM2"
"M6"	"BIND_Yeast"	"RRM2"
"M6"	"DIP_Worm"	"RRM2"
"M6"	"IntAct_Worm"	"RRM2"
"M6"	"MINT_Worm"	"RRM2"
"M6"	"NON_CORE"	"RRM2"
"M6"	"FlyLow"	"ATP6V0A4"
"M6"	"MINT_Rat"	"SH3GL2"
"M6"	"KIM_MYC"	"ANLN"
"M6"	"KIM_MYC"	"TOP2A"
"M6"	"VidalHuman_non_core"	"ZBTB16"
"M6"	"VidalHuman_non_core"	"MYBL2"
"M6"	"VidalHuman_non_core"	"DNASE1L3"
"M6"	"BIND_Fly"	"PHYHD1"
"M6"	"BIND_Fly"	"ATP6V0A4"
"M6"	"FlyHigh"	"PHYHD1"
"M6"	"BIND_Mouse"	"ZDHHC15"
"M6"	"MINT_Yeast"	"FA2H"
"M6"	"MINT_Yeast"	"RRM2"
"M6"	"MIPS"	"RRM2"
"M6"	"Tarassov_PCA"	"FA2H"
"Not.Correlated"	"IntAct_Mouse"	"TFCP2L1"
"Not.Correlated"	"IntAct_Mouse"	"EEF1A2"
"Not.Correlated"	"IntAct_Mouse"	"CACNA2D1"
"Not.Correlated"	"IntAct_Mouse"	"GRM8"
"Not.Correlated"	"IntAct_Mouse"	"ELMO3"
"Not.Correlated"	"BioGrid"	"SPATC1L"
"Not.Correlated"	"BioGrid"	"EEF1A2"
"Not.Correlated"	"BioGrid"	"CACNA2D1"
"Not.Correlated"	"BioGrid"	"PTN"
"Not.Correlated"	"BioGrid"	"SULT1A1"
"Not.Correlated"	"BioGrid"	"CDKN2A"
"Not.Correlated"	"BioGrid"	"RGS9"
"Not.Correlated"	"BioGrid"	"FGF1"
"Not.Correlated"	"BioGrid"	"EGLN3"
"Not.Correlated"	"BioGrid"	"SCG5"
"Not.Correlated"	"BioGrid"	"MEST"
"Not.Correlated"	"BioGrid"	"GTF2H2"
"Not.Correlated"	"BioGrid"	"DOK6"
"Not.Correlated"	"BioGrid"	"MT1F"
"Not.Correlated"	"BioGrid"	"GYG2"
"Not.Correlated"	"BioGrid"	"KCNIP4"
"Not.Correlated"	"BioGrid"	"GSTM1"
"Not.Correlated"	"BioGrid"	"RUNDC3A"
"Not.Correlated"	"BioGrid"	"HOXA10"
"Not.Correlated"	"BioGrid"	"ADAMTSL5"
"Not.Correlated"	"BioGrid"	"GAREM2"
"Not.Correlated"	"BioGrid"	"ABO"
"Not.Correlated"	"IntAct"	"TFCP2L1"
"Not.Correlated"	"IntAct"	"SPATC1L"
"Not.Correlated"	"IntAct"	"EEF1A2"
"Not.Correlated"	"IntAct"	"PTN"
"Not.Correlated"	"IntAct"	"CDKN2A"
"Not.Correlated"	"IntAct"	"RGS9"
"Not.Correlated"	"IntAct"	"FGF1"
"Not.Correlated"	"IntAct"	"EGLN3"
"Not.Correlated"	"IntAct"	"ITIH5"
"Not.Correlated"	"IntAct"	"SCG5"
"Not.Correlated"	"IntAct"	"DOK5"
"Not.Correlated"	"IntAct"	"MEST"
"Not.Correlated"	"IntAct"	"FAT4"
"Not.Correlated"	"IntAct"	"CMYA5"
"Not.Correlated"	"IntAct"	"DOK6"
"Not.Correlated"	"IntAct"	"NPY1R"
"Not.Correlated"	"IntAct"	"SPOCK1"
"Not.Correlated"	"IntAct"	"MT1F"
"Not.Correlated"	"IntAct"	"GYG2"
"Not.Correlated"	"IntAct"	"RUNDC3A"
"Not.Correlated"	"IntAct"	"HOXA10"
"Not.Correlated"	"IntAct"	"SLC9B2"
"Not.Correlated"	"IntAct"	"SYBU"
"Not.Correlated"	"IntAct"	"PCDHA10"
"Not.Correlated"	"IntAct"	"C16orf74"
"Not.Correlated"	"IntAct"	"SHISA3"
"Not.Correlated"	"IntAct"	"WNT5B"
"Not.Correlated"	"IntAct"	"ABO"
"Not.Correlated"	"IntAct"	"PCDHB5"
"Not.Correlated"	"HPRD"	"TFCP2L1"
"Not.Correlated"	"HPRD"	"SPATC1L"
"Not.Correlated"	"HPRD"	"EEF1A2"
"Not.Correlated"	"HPRD"	"PTN"
"Not.Correlated"	"HPRD"	"FGF1"
"Not.Correlated"	"HPRD"	"AQP3"
"Not.Correlated"	"HPRD"	"EGLN3"
"Not.Correlated"	"HPRD"	"SCG5"
"Not.Correlated"	"HPRD"	"DOK5"
"Not.Correlated"	"HPRD"	"GRM8"
"Not.Correlated"	"HPRD"	"CMYA5"
"Not.Correlated"	"HPRD"	"GTF2H2"
"Not.Correlated"	"HPRD"	"ANGPTL1"
"Not.Correlated"	"HPRD"	"NPY1R"
"Not.Correlated"	"HPRD"	"SPOCK1"
"Not.Correlated"	"HPRD"	"MT1F"
"Not.Correlated"	"HPRD"	"GYG2"
"Not.Correlated"	"HPRD"	"KCNIP4"
"Not.Correlated"	"HPRD"	"GSTM1"
"Not.Correlated"	"HPRD"	"RUNDC3A"
"Not.Correlated"	"HPRD"	"HOXA10"
"Not.Correlated"	"HPRD"	"SYBU"
"Not.Correlated"	"HPRD"	"VTCN1"
"Not.Correlated"	"MINT"	"PTN"
"Not.Correlated"	"MINT"	"CDKN2A"
"Not.Correlated"	"MINT"	"DOK5"
"Not.Correlated"	"MINT"	"MEST"
"Not.Correlated"	"MINT"	"DOK6"
"Not.Correlated"	"MINT"	"ADGRB2"
"Not.Correlated"	"BCI"	"CDKN2A"
"Not.Correlated"	"BCI"	"RGS9"
"Not.Correlated"	"BCI"	"AQP3"
"Not.Correlated"	"BCI"	"MT1F"
"Not.Correlated"	"BioGrid_Mouse"	"TFCP2L1"
"Not.Correlated"	"BioGrid_Mouse"	"EEF1A2"
"Not.Correlated"	"BioGrid_Mouse"	"CDKN2A"
"Not.Correlated"	"BioGrid_Mouse"	"GTF2H2"
"Not.Correlated"	"BioGrid_Mouse"	"CDH17"
"Not.Correlated"	"BioGrid_Mouse"	"HOXA10"
"Not.Correlated"	"BIND"	"PTN"
"Not.Correlated"	"BIND"	"CDKN2A"
"Not.Correlated"	"BIND"	"FGF1"
"Not.Correlated"	"BIND"	"GSTM1"
"Not.Correlated"	"BIND"	"HOXA10"
"Not.Correlated"	"BioGrid_Rat"	"GRM8"
"Not.Correlated"	"IntAct_Rat"	"EEF1A2"
"Not.Correlated"	"IntAct_Rat"	"SCG5"
"Not.Correlated"	"IntAct_Rat"	"MEST"
"Not.Correlated"	"IntAct_Rat"	"GRM8"
"Not.Correlated"	"MINT_Rat"	"GRM8"
"Not.Correlated"	"BioGrid_Fly"	"EEF1A2"
"Not.Correlated"	"BioGrid_Fly"	"FAT4"
"Not.Correlated"	"BioGrid_Fly"	"SLC9B2"
"Not.Correlated"	"BIND_Fly"	"EEF1A2"
"Not.Correlated"	"IntAct_Fly"	"EEF1A2"
"Not.Correlated"	"IntAct_Fly"	"FAT4"
"Not.Correlated"	"IntAct_Fly"	"GTF2H2"
"Not.Correlated"	"IntAct_Fly"	"CNTN3"
"Not.Correlated"	"INNATEDB"	"PTN"
"Not.Correlated"	"INNATEDB"	"CDKN2A"
"Not.Correlated"	"INNATEDB"	"RGS9"
"Not.Correlated"	"INNATEDB"	"AQP3"
"Not.Correlated"	"INNATEDB"	"EGLN3"
"Not.Correlated"	"INNATEDB"	"ERAP2"
"Not.Correlated"	"INNATEDB"	"HOXA10"
"Not.Correlated"	"INNATEDB"	"SLC16A7"
"Not.Correlated"	"INNATEDB"	"WNT2B"
"Not.Correlated"	"BioGrid_Yeast"	"GTF2H2"
"Not.Correlated"	"DIP"	"PTN"
"Not.Correlated"	"DIP"	"CDKN2A"
"Not.Correlated"	"DIP"	"FGF1"
"Not.Correlated"	"DIP"	"GTF2H2"
"Not.Correlated"	"DIP"	"MYRF"
"Not.Correlated"	"BIND_Mouse"	"RGS9"
"Not.Correlated"	"BIND_Mouse"	"DOK5"
"Not.Correlated"	"INNATEDB_Mouse"	"EGLN3"
"Not.Correlated"	"INNATEDB_Mouse"	"CDH17"
"Not.Correlated"	"DIP_Fly"	"FAT4"
"Not.Correlated"	"DIP_Fly"	"SLC9B2"
"Not.Correlated"	"IntAct_Yeast"	"AQP3"
"Not.Correlated"	"IntAct_Yeast"	"GTF2H2"
"Not.Correlated"	"StelzlHigh"	"PTN"
"Not.Correlated"	"DIP_Yeast"	"GTF2H2"
"Not.Correlated"	"MINT_Yeast"	"GTF2H2"
"Not.Correlated"	"Krogan_Core"	"GTF2H2"
"Not.Correlated"	"MINT_Mouse"	"GRM8"
"Not.Correlated"	"IntAct_Worm"	"GTF2H2"
"Not.Correlated"	"MGI"	"WNT5B"
"Not.Correlated"	"StelzlMedium"	"SCG5"
