"Module"	"Gene1"	"Gene2"
"M1"	"BioGrid"	"FN1"
"M1"	"BioGrid"	"MAPK15"
"M1"	"BioGrid"	"MSX1"
"M1"	"BioGrid"	"LRRK2"
"M1"	"BioGrid"	"NTN1"
"M1"	"BioGrid"	"FABP3"
"M1"	"BioGrid"	"ROR2"
"M1"	"BioGrid"	"BEX3"
"M1"	"BioGrid"	"OLFM2"
"M1"	"BioGrid"	"THRB"
"M1"	"BioGrid"	"GULP1"
"M1"	"BioGrid"	"FLNA"
"M1"	"BioGrid"	"OBSL1"
"M1"	"BioGrid"	"CRYAB"
"M1"	"BioGrid"	"NOS2"
"M1"	"BioGrid"	"SIM2"
"M1"	"BioGrid"	"KCNMB1"
"M1"	"BioGrid"	"TERT"
"M1"	"BioGrid"	"FOS"
"M1"	"BioGrid"	"UCHL1"
"M1"	"BioGrid"	"EGR1"
"M1"	"BioGrid"	"VCAN"
"M1"	"BioGrid"	"LUM"
"M1"	"BioGrid"	"TNFAIP6"
"M1"	"BioGrid"	"NUPR1"
"M1"	"BioGrid"	"SPP1"
"M1"	"BioGrid"	"CLU"
"M1"	"BioGrid"	"NCAM1"
"M1"	"BioGrid"	"ACTA2"
"M1"	"BioGrid"	"C3"
"M1"	"BioGrid"	"SERPING1"
"M1"	"BioGrid"	"GDA"
"M1"	"BioGrid"	"DCN"
"M1"	"BioGrid"	"NOX4"
"M1"	"BioGrid"	"TSHZ2"
"M1"	"BioGrid"	"MMP9"
"M1"	"BioGrid"	"KCNMA1"
"M1"	"BioGrid"	"FLNC"
"M1"	"BioGrid"	"FHL1"
"M1"	"BioGrid"	"SNRPN"
"M1"	"BioGrid"	"TAGLN"
"M1"	"BioGrid"	"MATN2"
"M1"	"BioGrid"	"GLI3"
"M1"	"BioGrid"	"DES"
"M1"	"BioGrid"	"PCBP3"
"M1"	"BioGrid"	"KIT"
"M1"	"BioGrid"	"CARD11"
"M1"	"BioGrid"	"WASF3"
"M1"	"BioGrid"	"TLX1"
"M1"	"BioGrid"	"HOXB13"
"M1"	"BioGrid"	"PPARGC1A"
"M1"	"BioGrid"	"AHNAK2"
"M1"	"BioGrid"	"MME"
"M1"	"BioGrid"	"FBLN1"
"M1"	"BioGrid"	"EFEMP1"
"M1"	"BioGrid"	"CADM1"
"M1"	"BioGrid"	"ELN"
"M1"	"BioGrid"	"HSPA2"
"M1"	"BioGrid"	"TNS4"
"M1"	"BioGrid"	"HAAO"
"M1"	"BioGrid"	"NTRK2"
"M1"	"BioGrid"	"BHLHE41"
"M1"	"BioGrid"	"GHR"
"M1"	"BioGrid"	"GFRA1"
"M1"	"BioGrid"	"TFR2"
"M1"	"BioGrid"	"HSPB8"
"M1"	"BioGrid"	"COL1A2"
"M1"	"BioGrid"	"TNC"
"M1"	"BioGrid"	"L1CAM"
"M1"	"BioGrid"	"DNALI1"
"M1"	"BioGrid"	"PCSK4"
"M1"	"BioGrid"	"EFNA2"
"M1"	"BioGrid"	"EPHA3"
"M1"	"BioGrid"	"MEIS2"
"M1"	"BioGrid"	"ARNT2"
"M1"	"BioGrid"	"EGR2"
"M1"	"BioGrid"	"PHGDH"
"M1"	"BioGrid"	"FGF7"
"M1"	"BioGrid"	"TIMP2"
"M1"	"BioGrid"	"CNTNAP2"
"M1"	"BioGrid"	"ID1"
"M1"	"BioGrid"	"NRXN3"
"M1"	"BioGrid"	"MYH11"
"M1"	"BioGrid"	"MOXD1"
"M1"	"BioGrid"	"NAT2"
"M1"	"BioGrid"	"FBLN2"
"M1"	"BioGrid"	"PLN"
"M1"	"BioGrid"	"SYNM"
"M1"	"BioGrid"	"NR4A1"
"M1"	"BioGrid"	"ANK2"
"M1"	"BioGrid"	"PLXNB3"
"M1"	"BioGrid"	"COL1A1"
"M1"	"BioGrid"	"COL3A1"
"M1"	"BioGrid"	"COL5A1"
"M1"	"BioGrid"	"SKAP1"
"M1"	"BioGrid"	"GPRIN2"
"M1"	"BioGrid"	"HOXB6"
"M1"	"BioGrid"	"PAPPA"
"M1"	"BioGrid"	"ASB2"
"M1"	"BioGrid"	"COL7A1"
"M1"	"BioGrid"	"TFAP2C"
"M1"	"BioGrid"	"MATN3"
"M1"	"BioGrid"	"COMP"
"M1"	"BioGrid"	"TWIST1"
"M1"	"BioGrid"	"PTGDS"
"M1"	"BioGrid"	"BCAT1"
"M1"	"BioGrid"	"RAB31"
"M1"	"BioGrid"	"SYNPO2"
"M1"	"BioGrid"	"FOXP2"
"M1"	"BioGrid"	"PRUNE2"
"M1"	"BioGrid"	"TUBB3"
"M1"	"BioGrid"	"LMO3"
"M1"	"BioGrid"	"KCTD12"
"M1"	"BioGrid"	"HPDL"
"M1"	"BioGrid"	"FBN1"
"M1"	"BioGrid"	"PTGER3"
"M1"	"BioGrid"	"CREB5"
"M1"	"BioGrid"	"TGFB3"
"M1"	"BioGrid"	"GNAO1"
"M1"	"BioGrid"	"SFRP2"
"M1"	"BioGrid"	"COL17A1"
"M1"	"BioGrid"	"CST1"
"M1"	"BioGrid"	"SERPINE1"
"M1"	"BioGrid"	"COL8A2"
"M1"	"BioGrid"	"APOD"
"M1"	"BioGrid"	"CES1"
"M1"	"BioGrid"	"CCL21"
"M1"	"BioGrid"	"HOXB9"
"M1"	"BioGrid"	"HOXD9"
"M1"	"BioGrid"	"KRT17"
"M1"	"BioGrid"	"METTL27"
"M1"	"BioGrid"	"MNS1"
"M1"	"BioGrid"	"ROR1"
"M1"	"BioGrid"	"TMEM37"
"M1"	"BioGrid"	"PDE3A"
"M1"	"BioGrid"	"ALDOB"
"M1"	"BioGrid"	"SYNDIG1"
"M1"	"BioGrid"	"CXCL2"
"M1"	"BioGrid"	"ADH6"
"M1"	"BioGrid"	"KCND3"
"M1"	"BioGrid"	"FKBP10"
"M1"	"BioGrid"	"PITX2"
"M1"	"BioGrid"	"KCNH2"
"M1"	"BioGrid"	"CLDN2"
"M1"	"BioGrid"	"SLIT2"
"M1"	"BioGrid"	"PAX8"
"M1"	"BioGrid"	"HGD"
"M1"	"BioGrid"	"ADCY5"
"M1"	"BioGrid"	"ADAM12"
"M1"	"BioGrid"	"GTF2H2"
"M1"	"BioGrid"	"FAM50B"
"M1"	"BioGrid"	"COL8A1"
"M1"	"BioGrid"	"LOX"
"M1"	"BioGrid"	"CCL11"
"M1"	"BioGrid"	"ADH1B"
"M1"	"BioGrid"	"F13A1"
"M1"	"BioGrid"	"SHD"
"M1"	"BioGrid"	"S100A4"
"M1"	"BioGrid"	"IGFBP5"
"M1"	"BioGrid"	"LAMC3"
"M1"	"BioGrid"	"IGF2"
"M1"	"BioGrid"	"CLEC3B"
"M1"	"BioGrid"	"MMP2"
"M1"	"BioGrid"	"C4A"
"M1"	"BioGrid"	"BGN"
"M1"	"BioGrid"	"DPT"
"M1"	"BioGrid"	"FAP"
"M1"	"BioGrid"	"CPE"
"M1"	"BioGrid"	"NOV"
"M1"	"BioGrid"	"GPC3"
"M1"	"BioGrid"	"SCG2"
"M1"	"BioGrid"	"CXCL12"
"M1"	"BioGrid"	"RAB3B"
"M1"	"BioGrid"	"ACHE"
"M1"	"BioGrid"	"PRELP"
"M1"	"BioGrid"	"DDR2"
"M1"	"BioGrid"	"COL9A2"
"M1"	"BioGrid"	"C4BPA"
"M1"	"BioGrid"	"CCL2"
"M1"	"BioGrid"	"BTNL8"
"M1"	"BioGrid"	"LSAMP"
"M1"	"BioGrid"	"CYP4F12"
"M1"	"BioGrid"	"FST"
"M1"	"BioGrid"	"DHRS2"
"M1"	"BioGrid"	"MAP9"
"M1"	"BioGrid"	"FCAMR"
"M1"	"BioGrid"	"MYLK"
"M1"	"BioGrid"	"ADRA2A"
"M1"	"BioGrid"	"RGS4"
"M1"	"BioGrid"	"PTPRU"
"M1"	"BioGrid"	"LPL"
"M1"	"BioGrid"	"HAPLN1"
"M1"	"BioGrid"	"COL14A1"
"M1"	"BioGrid"	"C19orf57"
"M1"	"BioGrid"	"SPEG"
"M1"	"BioGrid"	"PTGIS"
"M1"	"BioGrid"	"PLA1A"
"M1"	"BioGrid"	"COLEC12"
"M1"	"BioGrid"	"SULF1"
"M1"	"BioGrid"	"ZSCAN18"
"M1"	"BioGrid"	"RNF183"
"M1"	"BioGrid"	"UBXN10"
"M1"	"BioGrid"	"OLFM1"
"M1"	"BioGrid"	"GAL3ST1"
"M1"	"BioGrid"	"UGT1A10"
"M1"	"BioGrid"	"NTM"
"M1"	"BioGrid"	"HSPB7"
"M1"	"BioGrid"	"PCDHGC3"
"M1"	"BioGrid"	"MAB21L2"
"M1"	"BioGrid"	"RAI2"
"M1"	"BioGrid"	"INHBB"
"M1"	"BioGrid"	"CITED4"
"M1"	"BioGrid"	"SPHK1"
"M1"	"BioGrid"	"SELE"
"M1"	"BioGrid"	"CNN1"
"M1"	"BioGrid"	"MYOCD"
"M1"	"BioGrid"	"COL10A1"
"M1"	"BioGrid"	"AKAP12"
"M1"	"BioGrid"	"GUCY1A2"
"M1"	"BioGrid"	"COL11A1"
"M1"	"BioGrid"	"ATF7IP2"
"M1"	"BioGrid"	"TIMP3"
"M1"	"BioGrid"	"LCN2"
"M1"	"BioGrid"	"INHBA"
"M1"	"BioGrid"	"CHRDL2"
"M1"	"BioGrid"	"HTR1D"
"M1"	"BioGrid"	"ANOS1"
"M1"	"BioGrid"	"MSX2"
"M1"	"BioGrid"	"KIF26B"
"M1"	"BioGrid"	"RNF186"
"M1"	"BioGrid"	"TCF21"
"M1"	"BioGrid"	"CCL20"
"M1"	"BioGrid"	"AKAP7"
"M1"	"BioGrid"	"PGM5"
"M1"	"BioGrid"	"DTNA"
"M1"	"BioGrid"	"ALDH3A1"
"M1"	"BioGrid"	"HOPX"
"M1"	"BioGrid"	"CCNO"
"M1"	"BioGrid"	"DDN"
"M1"	"BioGrid"	"BOC"
"M1"	"BioGrid"	"SELP"
"M1"	"BioGrid"	"LIFR"
"M1"	"BioGrid"	"RYR2"
"M1"	"BioGrid"	"TRIM31"
"M1"	"BioGrid"	"HOXB8"
"M1"	"BioGrid"	"DPYSL3"
"M1"	"BioGrid"	"AOC3"
"M1"	"BioGrid"	"RRAD"
"M1"	"BioGrid"	"TNXB"
"M1"	"BioGrid"	"SLC4A3"
"M1"	"BioGrid"	"TPSB2"
"M1"	"BioGrid"	"ABI3BP"
"M1"	"BioGrid"	"FOSB"
"M1"	"BioGrid"	"CYP4F11"
"M1"	"BioGrid"	"GGT1"
"M1"	"BioGrid"	"TACR2"
"M1"	"BioGrid"	"HOXB4"
"M1"	"BioGrid"	"MAOB"
"M1"	"BioGrid"	"AOX1"
"M1"	"BioGrid"	"CRABP2"
"M1"	"BioGrid"	"IL23A"
"M1"	"BioGrid"	"PDE4C"
"M1"	"BioGrid"	"PTGFR"
"M1"	"BioGrid"	"HOXB5"
"M1"	"BioGrid"	"GMPR"
"M1"	"BioGrid"	"APOBEC1"
"M1"	"BioGrid"	"SLC9A3"
"M1"	"BioGrid"	"SMOC1"
"M1"	"BioGrid"	"CASP5"
"M1"	"BioGrid"	"MIPOL1"
"M1"	"BioGrid"	"FRZB"
"M1"	"BioGrid"	"SLC6A20"
"M1"	"BioGrid"	"HIST3H2A"
"M1"	"BioGrid"	"LYVE1"
"M1"	"BioGrid"	"ARL14"
"M1"	"BioGrid"	"NR4A3"
"M1"	"BioGrid"	"FBXO17"
"M1"	"BioGrid"	"G0S2"
"M1"	"BioGrid"	"PRRX1"
"M1"	"BioGrid"	"ZNF331"
"M1"	"BioGrid"	"PARVB"
"M1"	"BioGrid"	"MN1"
"M1"	"BioGrid"	"CPNE7"
"M1"	"BioGrid"	"STMN3"
"M1"	"BioGrid"	"RSPO3"
"M1"	"BioGrid"	"ADGRG7"
"M1"	"BioGrid"	"RANBP17"
"M1"	"BioGrid"	"ANKRD36B"
"M1"	"BioGrid"	"NEU4"
"M1"	"BioGrid"	"ABO"
"M1"	"BioGrid"	"ACSM3"
"M1"	"BioGrid"	"SCRN1"
"M1"	"BioGrid"	"FADS1"
"M1"	"BioGrid"	"NPM2"
"M1"	"BioGrid"	"GSTO2"
"M1"	"BioGrid"	"CLMP"
"M1"	"BioGrid"	"LRRN2"
"M1"	"BioGrid"	"KIAA0319"
"M1"	"BioGrid"	"KCNQ4"
"M1"	"IntAct"	"FN1"
"M1"	"IntAct"	"MAPK15"
"M1"	"IntAct"	"MSX1"
"M1"	"IntAct"	"LRRK2"
"M1"	"IntAct"	"FABP3"
"M1"	"IntAct"	"ROR2"
"M1"	"IntAct"	"BEX3"
"M1"	"IntAct"	"OLFM2"
"M1"	"IntAct"	"BCL2L15"
"M1"	"IntAct"	"THRB"
"M1"	"IntAct"	"GULP1"
"M1"	"IntAct"	"FLNA"
"M1"	"IntAct"	"OBSL1"
"M1"	"IntAct"	"CRYAB"
"M1"	"IntAct"	"NOS2"
"M1"	"IntAct"	"SIM2"
"M1"	"IntAct"	"KCNMB1"
"M1"	"IntAct"	"TERT"
"M1"	"IntAct"	"ABCC9"
"M1"	"IntAct"	"FOS"
"M1"	"IntAct"	"UCHL1"
"M1"	"IntAct"	"EGR1"
"M1"	"IntAct"	"VCAN"
"M1"	"IntAct"	"NUPR1"
"M1"	"IntAct"	"SPP1"
"M1"	"IntAct"	"CLU"
"M1"	"IntAct"	"SSC5D"
"M1"	"IntAct"	"ACTA2"
"M1"	"IntAct"	"C3"
"M1"	"IntAct"	"SERPING1"
"M1"	"IntAct"	"GDA"
"M1"	"IntAct"	"MMP9"
"M1"	"IntAct"	"FLNC"
"M1"	"IntAct"	"F2RL2"
"M1"	"IntAct"	"FHL1"
"M1"	"IntAct"	"SNRPN"
"M1"	"IntAct"	"TAGLN"
"M1"	"IntAct"	"SULT1C2"
"M1"	"IntAct"	"MATN2"
"M1"	"IntAct"	"GLI3"
"M1"	"IntAct"	"DES"
"M1"	"IntAct"	"PCBP3"
"M1"	"IntAct"	"KIT"
"M1"	"IntAct"	"CARD11"
"M1"	"IntAct"	"TNFRSF19"
"M1"	"IntAct"	"TLX1"
"M1"	"IntAct"	"PPARGC1A"
"M1"	"IntAct"	"MME"
"M1"	"IntAct"	"FBLN1"
"M1"	"IntAct"	"EFEMP1"
"M1"	"IntAct"	"CADM1"
"M1"	"IntAct"	"ELN"
"M1"	"IntAct"	"HSPA2"
"M1"	"IntAct"	"TNS4"
"M1"	"IntAct"	"HAAO"
"M1"	"IntAct"	"NTRK2"
"M1"	"IntAct"	"TACSTD2"
"M1"	"IntAct"	"GHR"
"M1"	"IntAct"	"GFRA1"
"M1"	"IntAct"	"TFR2"
"M1"	"IntAct"	"HSPB6"
"M1"	"IntAct"	"HSPB8"
"M1"	"IntAct"	"COL1A2"
"M1"	"IntAct"	"DNALI1"
"M1"	"IntAct"	"EPHA3"
"M1"	"IntAct"	"MEIS2"
"M1"	"IntAct"	"ARNT2"
"M1"	"IntAct"	"EGR2"
"M1"	"IntAct"	"PHGDH"
"M1"	"IntAct"	"FGF7"
"M1"	"IntAct"	"CNTNAP2"
"M1"	"IntAct"	"ID1"
"M1"	"IntAct"	"MYH11"
"M1"	"IntAct"	"MOXD1"
"M1"	"IntAct"	"NAT2"
"M1"	"IntAct"	"SFRP4"
"M1"	"IntAct"	"FBLN2"
"M1"	"IntAct"	"PLN"
"M1"	"IntAct"	"SYNM"
"M1"	"IntAct"	"NR4A1"
"M1"	"IntAct"	"ANK2"
"M1"	"IntAct"	"PLXNB3"
"M1"	"IntAct"	"SKAP1"
"M1"	"IntAct"	"DOK7"
"M1"	"IntAct"	"GPRIN2"
"M1"	"IntAct"	"HOXB6"
"M1"	"IntAct"	"PAPPA"
"M1"	"IntAct"	"ASB2"
"M1"	"IntAct"	"COL7A1"
"M1"	"IntAct"	"TFAP2C"
"M1"	"IntAct"	"MATN3"
"M1"	"IntAct"	"COMP"
"M1"	"IntAct"	"TWIST1"
"M1"	"IntAct"	"PTGDS"
"M1"	"IntAct"	"BCAT1"
"M1"	"IntAct"	"RAB31"
"M1"	"IntAct"	"SYNPO2"
"M1"	"IntAct"	"FOXP2"
"M1"	"IntAct"	"FLRT2"
"M1"	"IntAct"	"PRUNE2"
"M1"	"IntAct"	"TUBB3"
"M1"	"IntAct"	"LMO3"
"M1"	"IntAct"	"KCTD12"
"M1"	"IntAct"	"FBN1"
"M1"	"IntAct"	"CREB5"
"M1"	"IntAct"	"TGFB3"
"M1"	"IntAct"	"GNAO1"
"M1"	"IntAct"	"SFRP2"
"M1"	"IntAct"	"CST1"
"M1"	"IntAct"	"SERPINE1"
"M1"	"IntAct"	"APOD"
"M1"	"IntAct"	"SLC2A3"
"M1"	"IntAct"	"CES1"
"M1"	"IntAct"	"CCL21"
"M1"	"IntAct"	"HOXB9"
"M1"	"IntAct"	"HOXD9"
"M1"	"IntAct"	"KRT17"
"M1"	"IntAct"	"METTL27"
"M1"	"IntAct"	"MNS1"
"M1"	"IntAct"	"ROR1"
"M1"	"IntAct"	"TMEM37"
"M1"	"IntAct"	"PDE3A"
"M1"	"IntAct"	"CRYM"
"M1"	"IntAct"	"MXRA5"
"M1"	"IntAct"	"ALDOB"
"M1"	"IntAct"	"HOXD8"
"M1"	"IntAct"	"SYNDIG1"
"M1"	"IntAct"	"CXCL2"
"M1"	"IntAct"	"ADH6"
"M1"	"IntAct"	"PITX2"
"M1"	"IntAct"	"KCNH2"
"M1"	"IntAct"	"SDK1"
"M1"	"IntAct"	"ANTXR1"
"M1"	"IntAct"	"COL12A1"
"M1"	"IntAct"	"CLDN2"
"M1"	"IntAct"	"SLIT2"
"M1"	"IntAct"	"PAX8"
"M1"	"IntAct"	"LAMA2"
"M1"	"IntAct"	"ACVR1C"
"M1"	"IntAct"	"HGD"
"M1"	"IntAct"	"ADAM12"
"M1"	"IntAct"	"FAM50B"
"M1"	"IntAct"	"COL8A1"
"M1"	"IntAct"	"LOX"
"M1"	"IntAct"	"CCL11"
"M1"	"IntAct"	"ADH1B"
"M1"	"IntAct"	"F13A1"
"M1"	"IntAct"	"SHD"
"M1"	"IntAct"	"S100A4"
"M1"	"IntAct"	"SHC2"
"M1"	"IntAct"	"C1S"
"M1"	"IntAct"	"LAMC3"
"M1"	"IntAct"	"IGF2"
"M1"	"IntAct"	"CLEC3B"
"M1"	"IntAct"	"MMP2"
"M1"	"IntAct"	"C4A"
"M1"	"IntAct"	"TSPAN2"
"M1"	"IntAct"	"UST"
"M1"	"IntAct"	"BGN"
"M1"	"IntAct"	"FAP"
"M1"	"IntAct"	"SCG2"
"M1"	"IntAct"	"SPOCK1"
"M1"	"IntAct"	"CXCL12"
"M1"	"IntAct"	"ACHE"
"M1"	"IntAct"	"DDR2"
"M1"	"IntAct"	"C4BPA"
"M1"	"IntAct"	"LSAMP"
"M1"	"IntAct"	"FST"
"M1"	"IntAct"	"DHRS2"
"M1"	"IntAct"	"MYLK"
"M1"	"IntAct"	"SRMS"
"M1"	"IntAct"	"ADRA2A"
"M1"	"IntAct"	"PTPRU"
"M1"	"IntAct"	"LPL"
"M1"	"IntAct"	"C19orf57"
"M1"	"IntAct"	"SPEG"
"M1"	"IntAct"	"ZSCAN18"
"M1"	"IntAct"	"RNF183"
"M1"	"IntAct"	"UBXN10"
"M1"	"IntAct"	"NTM"
"M1"	"IntAct"	"HSPB7"
"M1"	"IntAct"	"PCDHGC3"
"M1"	"IntAct"	"MAB21L2"
"M1"	"IntAct"	"INHBB"
"M1"	"IntAct"	"CHL1"
"M1"	"IntAct"	"SPHK1"
"M1"	"IntAct"	"SELE"
"M1"	"IntAct"	"MYOCD"
"M1"	"IntAct"	"COL10A1"
"M1"	"IntAct"	"AKAP12"
"M1"	"IntAct"	"TIMP3"
"M1"	"IntAct"	"INHBA"
"M1"	"IntAct"	"ANOS1"
"M1"	"IntAct"	"MSX2"
"M1"	"IntAct"	"RNF186"
"M1"	"IntAct"	"TCF21"
"M1"	"IntAct"	"CCL20"
"M1"	"IntAct"	"DTNA"
"M1"	"IntAct"	"CCNO"
"M1"	"IntAct"	"CHRDL1"
"M1"	"IntAct"	"DDN"
"M1"	"IntAct"	"ID4"
"M1"	"IntAct"	"LIFR"
"M1"	"IntAct"	"RYR2"
"M1"	"IntAct"	"TRIM31"
"M1"	"IntAct"	"AOC3"
"M1"	"IntAct"	"RRAD"
"M1"	"IntAct"	"TNXB"
"M1"	"IntAct"	"MSRB3"
"M1"	"IntAct"	"TPSB2"
"M1"	"IntAct"	"ABI3BP"
"M1"	"IntAct"	"PKIA"
"M1"	"IntAct"	"TNS1"
"M1"	"IntAct"	"OLR1"
"M1"	"IntAct"	"CYP4F11"
"M1"	"IntAct"	"HSPA1A"
"M1"	"IntAct"	"RORC"
"M1"	"IntAct"	"CGNL1"
"M1"	"IntAct"	"MAOB"
"M1"	"IntAct"	"VIP"
"M1"	"IntAct"	"AOX1"
"M1"	"IntAct"	"CRABP2"
"M1"	"IntAct"	"COL6A3"
"M1"	"IntAct"	"SERTAD4"
"M1"	"IntAct"	"MYL9"
"M1"	"IntAct"	"PDLIM3"
"M1"	"IntAct"	"GREM1"
"M1"	"IntAct"	"HOXB5"
"M1"	"IntAct"	"KLHL35"
"M1"	"IntAct"	"GMPR"
"M1"	"IntAct"	"MEGF6"
"M1"	"IntAct"	"STOX1"
"M1"	"IntAct"	"SLC9A3"
"M1"	"IntAct"	"RNF150"
"M1"	"IntAct"	"CASP5"
"M1"	"IntAct"	"KIF26A"
"M1"	"IntAct"	"KIAA1549L"
"M1"	"IntAct"	"MIPOL1"
"M1"	"IntAct"	"FRZB"
"M1"	"IntAct"	"ARL14"
"M1"	"IntAct"	"ADAMTS12"
"M1"	"IntAct"	"NEXN"
"M1"	"IntAct"	"ZNF331"
"M1"	"IntAct"	"C6orf141"
"M1"	"IntAct"	"CPNE7"
"M1"	"IntAct"	"TENM3"
"M1"	"IntAct"	"STMN3"
"M1"	"IntAct"	"RSPO3"
"M1"	"IntAct"	"TM4SF20"
"M1"	"IntAct"	"PLEKHS1"
"M1"	"IntAct"	"COL15A1"
"M1"	"IntAct"	"NEU4"
"M1"	"IntAct"	"NOMO3"
"M1"	"IntAct"	"ABO"
"M1"	"IntAct"	"RGMA"
"M1"	"IntAct"	"SCRN1"
"M1"	"IntAct"	"NPM2"
"M1"	"IntAct"	"GSTO2"
"M1"	"IntAct"	"CLMP"
"M1"	"IntAct"	"ADAM33"
"M1"	"IntAct"	"SLC16A9"
"M1"	"IntAct"	"CYP1B1"
"M1"	"IntAct"	"POSTN"
"M1"	"IntAct"	"MEDAG"
"M1"	"IntAct_Fly"	"NTN1"
"M1"	"IntAct_Fly"	"FLNA"
"M1"	"IntAct_Fly"	"NCAM1"
"M1"	"IntAct_Fly"	"GDA"
"M1"	"IntAct_Fly"	"SNRPN"
"M1"	"IntAct_Fly"	"CNTNAP2"
"M1"	"IntAct_Fly"	"MOXD1"
"M1"	"IntAct_Fly"	"FBLN2"
"M1"	"IntAct_Fly"	"LANCL3"
"M1"	"IntAct_Fly"	"APOD"
"M1"	"IntAct_Fly"	"SLC2A3"
"M1"	"IntAct_Fly"	"EIF5AL1"
"M1"	"IntAct_Fly"	"MFAP4"
"M1"	"IntAct_Fly"	"HGD"
"M1"	"IntAct_Fly"	"GTF2H2"
"M1"	"IntAct_Fly"	"FAP"
"M1"	"IntAct_Fly"	"GGT1"
"M1"	"IntAct_Fly"	"SCD5"
"M1"	"IntAct_Fly"	"PTK7"
"M1"	"MINT"	"FN1"
"M1"	"MINT"	"LRRK2"
"M1"	"MINT"	"FABP3"
"M1"	"MINT"	"OLFM2"
"M1"	"MINT"	"THRB"
"M1"	"MINT"	"FLNA"
"M1"	"MINT"	"OBSL1"
"M1"	"MINT"	"CRYAB"
"M1"	"MINT"	"TERT"
"M1"	"MINT"	"FOS"
"M1"	"MINT"	"EGR1"
"M1"	"MINT"	"LUM"
"M1"	"MINT"	"SPP1"
"M1"	"MINT"	"NCAM1"
"M1"	"MINT"	"FLNC"
"M1"	"MINT"	"F2RL2"
"M1"	"MINT"	"FHL1"
"M1"	"MINT"	"GLI3"
"M1"	"MINT"	"PCBP3"
"M1"	"MINT"	"KIT"
"M1"	"MINT"	"PPARGC1A"
"M1"	"MINT"	"MME"
"M1"	"MINT"	"EFEMP1"
"M1"	"MINT"	"HSPA2"
"M1"	"MINT"	"TNS4"
"M1"	"MINT"	"HAAO"
"M1"	"MINT"	"GHR"
"M1"	"MINT"	"HSPB6"
"M1"	"MINT"	"HSPB8"
"M1"	"MINT"	"L1CAM"
"M1"	"MINT"	"DNALI1"
"M1"	"MINT"	"EGR2"
"M1"	"MINT"	"SYNM"
"M1"	"MINT"	"NR4A1"
"M1"	"MINT"	"COL1A1"
"M1"	"MINT"	"SKAP1"
"M1"	"MINT"	"GPRIN2"
"M1"	"MINT"	"HOXB6"
"M1"	"MINT"	"ASB2"
"M1"	"MINT"	"COL7A1"
"M1"	"MINT"	"TWIST1"
"M1"	"MINT"	"RAB31"
"M1"	"MINT"	"FLRT2"
"M1"	"MINT"	"TUBB3"
"M1"	"MINT"	"CREB5"
"M1"	"MINT"	"TGFB3"
"M1"	"MINT"	"GNAO1"
"M1"	"MINT"	"SERPINE1"
"M1"	"MINT"	"APOD"
"M1"	"MINT"	"SLC2A3"
"M1"	"MINT"	"CES1"
"M1"	"MINT"	"CCL21"
"M1"	"MINT"	"HOXB9"
"M1"	"MINT"	"KRT17"
"M1"	"MINT"	"KCNH2"
"M1"	"MINT"	"CLDN2"
"M1"	"MINT"	"SLIT2"
"M1"	"MINT"	"ADAM12"
"M1"	"MINT"	"FAM50B"
"M1"	"MINT"	"S100A4"
"M1"	"MINT"	"SHC2"
"M1"	"MINT"	"IGFBP5"
"M1"	"MINT"	"IGF2"
"M1"	"MINT"	"DPT"
"M1"	"MINT"	"FAP"
"M1"	"MINT"	"CPE"
"M1"	"MINT"	"DDR2"
"M1"	"MINT"	"FST"
"M1"	"MINT"	"MYLK"
"M1"	"MINT"	"PTPRU"
"M1"	"MINT"	"LPL"
"M1"	"MINT"	"RAI2"
"M1"	"MINT"	"SELE"
"M1"	"MINT"	"COL10A1"
"M1"	"MINT"	"AKAP12"
"M1"	"MINT"	"INHBA"
"M1"	"MINT"	"TCF21"
"M1"	"MINT"	"AKAP7"
"M1"	"MINT"	"DTNA"
"M1"	"MINT"	"DDN"
"M1"	"MINT"	"BOC"
"M1"	"MINT"	"ID4"
"M1"	"MINT"	"LIFR"
"M1"	"MINT"	"TNXB"
"M1"	"MINT"	"MSRB3"
"M1"	"MINT"	"PKIA"
"M1"	"MINT"	"OLR1"
"M1"	"MINT"	"PTK7"
"M1"	"MINT"	"GREM1"
"M1"	"MINT"	"SLC9A3"
"M1"	"MINT"	"FRZB"
"M1"	"MINT"	"SGCD"
"M1"	"MINT"	"RSPO3"
"M1"	"MINT"	"NEU4"
"M1"	"BioGrid_Fly"	"NTN1"
"M1"	"BioGrid_Fly"	"SPON1"
"M1"	"BioGrid_Fly"	"FLNA"
"M1"	"BioGrid_Fly"	"CRYAB"
"M1"	"BioGrid_Fly"	"NCAM1"
"M1"	"BioGrid_Fly"	"SNRPN"
"M1"	"BioGrid_Fly"	"PCBP3"
"M1"	"BioGrid_Fly"	"PHGDH"
"M1"	"BioGrid_Fly"	"CNTNAP2"
"M1"	"BioGrid_Fly"	"MOXD1"
"M1"	"BioGrid_Fly"	"FBLN2"
"M1"	"BioGrid_Fly"	"ACTG2"
"M1"	"BioGrid_Fly"	"COMP"
"M1"	"BioGrid_Fly"	"LANCL3"
"M1"	"BioGrid_Fly"	"BCAT1"
"M1"	"BioGrid_Fly"	"GNAO1"
"M1"	"BioGrid_Fly"	"SLC2A3"
"M1"	"BioGrid_Fly"	"EIF5AL1"
"M1"	"BioGrid_Fly"	"CRYM"
"M1"	"BioGrid_Fly"	"MFAP4"
"M1"	"BioGrid_Fly"	"SESN3"
"M1"	"BioGrid_Fly"	"SLIT2"
"M1"	"BioGrid_Fly"	"HGD"
"M1"	"BioGrid_Fly"	"ADCY5"
"M1"	"BioGrid_Fly"	"FAP"
"M1"	"BioGrid_Fly"	"MMP17"
"M1"	"BioGrid_Fly"	"LSAMP"
"M1"	"BioGrid_Fly"	"SPHK1"
"M1"	"BioGrid_Fly"	"SCD5"
"M1"	"BioGrid_Fly"	"ADCY1"
"M1"	"MINT_Worm"	"GULP1"
"M1"	"MINT_Worm"	"SNRPN"
"M1"	"MINT_Worm"	"GNAO1"
"M1"	"MINT_Worm"	"HGD"
"M1"	"MINT_Worm"	"CPE"
"M1"	"MINT_Worm"	"DDR2"
"M1"	"DIP_Fly"	"SPON1"
"M1"	"DIP_Fly"	"FLNA"
"M1"	"DIP_Fly"	"CRYAB"
"M1"	"DIP_Fly"	"SNRPN"
"M1"	"DIP_Fly"	"PHGDH"
"M1"	"DIP_Fly"	"MOXD1"
"M1"	"DIP_Fly"	"FBLN2"
"M1"	"DIP_Fly"	"ACTG2"
"M1"	"DIP_Fly"	"LANCL3"
"M1"	"DIP_Fly"	"GNAO1"
"M1"	"DIP_Fly"	"APOD"
"M1"	"DIP_Fly"	"SLC2A3"
"M1"	"DIP_Fly"	"EIF5AL1"
"M1"	"DIP_Fly"	"HGD"
"M1"	"DIP_Fly"	"FAP"
"M1"	"DIP_Fly"	"SCD5"
"M1"	"HPRD"	"FN1"
"M1"	"HPRD"	"MAPK15"
"M1"	"HPRD"	"MSX1"
"M1"	"HPRD"	"NTN1"
"M1"	"HPRD"	"FABP3"
"M1"	"HPRD"	"ROR2"
"M1"	"HPRD"	"BEX3"
"M1"	"HPRD"	"OLFM2"
"M1"	"HPRD"	"THRB"
"M1"	"HPRD"	"SPON1"
"M1"	"HPRD"	"GULP1"
"M1"	"HPRD"	"FLNA"
"M1"	"HPRD"	"CRYAB"
"M1"	"HPRD"	"NOS2"
"M1"	"HPRD"	"SIM2"
"M1"	"HPRD"	"KCNMB1"
"M1"	"HPRD"	"ABCC9"
"M1"	"HPRD"	"FOS"
"M1"	"HPRD"	"UCHL1"
"M1"	"HPRD"	"EGR1"
"M1"	"HPRD"	"VCAN"
"M1"	"HPRD"	"LUM"
"M1"	"HPRD"	"TNFAIP6"
"M1"	"HPRD"	"NUPR1"
"M1"	"HPRD"	"SPP1"
"M1"	"HPRD"	"NCAM1"
"M1"	"HPRD"	"ACTA2"
"M1"	"HPRD"	"C3"
"M1"	"HPRD"	"SERPING1"
"M1"	"HPRD"	"GDA"
"M1"	"HPRD"	"DCN"
"M1"	"HPRD"	"MMP9"
"M1"	"HPRD"	"KCNMA1"
"M1"	"HPRD"	"FLNC"
"M1"	"HPRD"	"F2RL2"
"M1"	"HPRD"	"FHL1"
"M1"	"HPRD"	"SNRPN"
"M1"	"HPRD"	"TAGLN"
"M1"	"HPRD"	"SULT1C2"
"M1"	"HPRD"	"MATN2"
"M1"	"HPRD"	"DES"
"M1"	"HPRD"	"PCBP3"
"M1"	"HPRD"	"KIT"
"M1"	"HPRD"	"CARD11"
"M1"	"HPRD"	"WASF3"
"M1"	"HPRD"	"TNFRSF19"
"M1"	"HPRD"	"TLX1"
"M1"	"HPRD"	"HOXB13"
"M1"	"HPRD"	"PPARGC1A"
"M1"	"HPRD"	"MME"
"M1"	"HPRD"	"FBLN1"
"M1"	"HPRD"	"CADM1"
"M1"	"HPRD"	"ELN"
"M1"	"HPRD"	"HSPA2"
"M1"	"HPRD"	"HAAO"
"M1"	"HPRD"	"NTRK2"
"M1"	"HPRD"	"BHLHE41"
"M1"	"HPRD"	"GHR"
"M1"	"HPRD"	"GFRA1"
"M1"	"HPRD"	"TFR2"
"M1"	"HPRD"	"HSPB6"
"M1"	"HPRD"	"HSPB8"
"M1"	"HPRD"	"COL1A2"
"M1"	"HPRD"	"TNC"
"M1"	"HPRD"	"L1CAM"
"M1"	"HPRD"	"DNALI1"
"M1"	"HPRD"	"PCSK4"
"M1"	"HPRD"	"EFNA2"
"M1"	"HPRD"	"EPHA3"
"M1"	"HPRD"	"ARNT2"
"M1"	"HPRD"	"EGR2"
"M1"	"HPRD"	"FGF7"
"M1"	"HPRD"	"TIMP2"
"M1"	"HPRD"	"CNTNAP2"
"M1"	"HPRD"	"ID1"
"M1"	"HPRD"	"NRXN3"
"M1"	"HPRD"	"NKX2-3"
"M1"	"HPRD"	"FBLN2"
"M1"	"HPRD"	"PLN"
"M1"	"HPRD"	"ACTG2"
"M1"	"HPRD"	"SYNM"
"M1"	"HPRD"	"NR4A1"
"M1"	"HPRD"	"ANK2"
"M1"	"HPRD"	"PLXNB3"
"M1"	"HPRD"	"COL1A1"
"M1"	"HPRD"	"SKAP1"
"M1"	"HPRD"	"DOK7"
"M1"	"HPRD"	"GPRIN2"
"M1"	"HPRD"	"HOXB6"
"M1"	"HPRD"	"PAPPA"
"M1"	"HPRD"	"CPXM2"
"M1"	"HPRD"	"ASB2"
"M1"	"HPRD"	"COL7A1"
"M1"	"HPRD"	"TFAP2C"
"M1"	"HPRD"	"MATN3"
"M1"	"HPRD"	"COMP"
"M1"	"HPRD"	"TWIST1"
"M1"	"HPRD"	"PTGDS"
"M1"	"HPRD"	"TUBB3"
"M1"	"HPRD"	"LMO3"
"M1"	"HPRD"	"CREB5"
"M1"	"HPRD"	"TGFB3"
"M1"	"HPRD"	"GNAO1"
"M1"	"HPRD"	"SFRP2"
"M1"	"HPRD"	"COL17A1"
"M1"	"HPRD"	"SERPINE1"
"M1"	"HPRD"	"COL8A2"
"M1"	"HPRD"	"APOD"
"M1"	"HPRD"	"CES1"
"M1"	"HPRD"	"CCL21"
"M1"	"HPRD"	"HOXB9"
"M1"	"HPRD"	"KRT17"
"M1"	"HPRD"	"ALDOB"
"M1"	"HPRD"	"CXCL2"
"M1"	"HPRD"	"MFAP5"
"M1"	"HPRD"	"KCND3"
"M1"	"HPRD"	"FKBP10"
"M1"	"HPRD"	"PITX2"
"M1"	"HPRD"	"KCNH2"
"M1"	"HPRD"	"MMP11"
"M1"	"HPRD"	"ANTXR1"
"M1"	"HPRD"	"DKK2"
"M1"	"HPRD"	"MFAP4"
"M1"	"HPRD"	"COL12A1"
"M1"	"HPRD"	"CLDN2"
"M1"	"HPRD"	"SLIT2"
"M1"	"HPRD"	"PLXNA4"
"M1"	"HPRD"	"PAX8"
"M1"	"HPRD"	"LAMA2"
"M1"	"HPRD"	"ACVR1C"
"M1"	"HPRD"	"HGD"
"M1"	"HPRD"	"PLTP"
"M1"	"HPRD"	"ADCY5"
"M1"	"HPRD"	"ADAM12"
"M1"	"HPRD"	"GTF2H2"
"M1"	"HPRD"	"COL8A1"
"M1"	"HPRD"	"LOX"
"M1"	"HPRD"	"CCL11"
"M1"	"HPRD"	"ADH1C"
"M1"	"HPRD"	"F13A1"
"M1"	"HPRD"	"SHD"
"M1"	"HPRD"	"S100A4"
"M1"	"HPRD"	"SHC2"
"M1"	"HPRD"	"IGFBP5"
"M1"	"HPRD"	"C1S"
"M1"	"HPRD"	"IGF2"
"M1"	"HPRD"	"CLEC3B"
"M1"	"HPRD"	"C7"
"M1"	"HPRD"	"MMP2"
"M1"	"HPRD"	"C4A"
"M1"	"HPRD"	"BGN"
"M1"	"HPRD"	"DPT"
"M1"	"HPRD"	"FAP"
"M1"	"HPRD"	"CPE"
"M1"	"HPRD"	"NOV"
"M1"	"HPRD"	"GPC3"
"M1"	"HPRD"	"SCG2"
"M1"	"HPRD"	"SPOCK1"
"M1"	"HPRD"	"MMP17"
"M1"	"HPRD"	"CXCL12"
"M1"	"HPRD"	"RAB3B"
"M1"	"HPRD"	"ACHE"
"M1"	"HPRD"	"PRELP"
"M1"	"HPRD"	"DDR2"
"M1"	"HPRD"	"COL9A2"
"M1"	"HPRD"	"C4BPA"
"M1"	"HPRD"	"CCL2"
"M1"	"HPRD"	"LSAMP"
"M1"	"HPRD"	"FST"
"M1"	"HPRD"	"MYLK"
"M1"	"HPRD"	"ADRA2A"
"M1"	"HPRD"	"RGS4"
"M1"	"HPRD"	"PTPRU"
"M1"	"HPRD"	"LPL"
"M1"	"HPRD"	"COL14A1"
"M1"	"HPRD"	"C19orf57"
"M1"	"HPRD"	"PLA1A"
"M1"	"HPRD"	"INHBB"
"M1"	"HPRD"	"CITED4"
"M1"	"HPRD"	"SPHK1"
"M1"	"HPRD"	"BNC2"
"M1"	"HPRD"	"SELE"
"M1"	"HPRD"	"CNN1"
"M1"	"HPRD"	"CYR61"
"M1"	"HPRD"	"MYOCD"
"M1"	"HPRD"	"DUOX1"
"M1"	"HPRD"	"COL10A1"
"M1"	"HPRD"	"AKAP12"
"M1"	"HPRD"	"GUCY1A2"
"M1"	"HPRD"	"THBS2"
"M1"	"HPRD"	"ATF7IP2"
"M1"	"HPRD"	"TIMP3"
"M1"	"HPRD"	"LCN2"
"M1"	"HPRD"	"TIMP4"
"M1"	"HPRD"	"INHBA"
"M1"	"HPRD"	"CHRDL2"
"M1"	"HPRD"	"HTR1D"
"M1"	"HPRD"	"ANOS1"
"M1"	"HPRD"	"FOXC1"
"M1"	"HPRD"	"MSX2"
"M1"	"HPRD"	"ACKR1"
"M1"	"HPRD"	"TCF21"
"M1"	"HPRD"	"CCL20"
"M1"	"HPRD"	"PGM5"
"M1"	"HPRD"	"DTNA"
"M1"	"HPRD"	"ALDH3A1"
"M1"	"HPRD"	"HOPX"
"M1"	"HPRD"	"CCNO"
"M1"	"HPRD"	"MMRN1"
"M1"	"HPRD"	"MGP"
"M1"	"HPRD"	"CHRDL1"
"M1"	"HPRD"	"DDN"
"M1"	"HPRD"	"BOC"
"M1"	"HPRD"	"ID4"
"M1"	"HPRD"	"SELP"
"M1"	"HPRD"	"LIFR"
"M1"	"HPRD"	"RYR2"
"M1"	"HPRD"	"TRIM31"
"M1"	"HPRD"	"AOC3"
"M1"	"HPRD"	"RRAD"
"M1"	"HPRD"	"TNXB"
"M1"	"HPRD"	"AEBP1"
"M1"	"HPRD"	"TPSB2"
"M1"	"HPRD"	"ABI3BP"
"M1"	"HPRD"	"FOSB"
"M1"	"HPRD"	"PKIA"
"M1"	"HPRD"	"TNS1"
"M1"	"HPRD"	"CDH11"
"M1"	"HPRD"	"GGT1"
"M1"	"HPRD"	"RORC"
"M1"	"HPRD"	"MAOB"
"M1"	"HPRD"	"VIP"
"M1"	"HPRD"	"CRABP2"
"M1"	"HPRD"	"IL23A"
"M1"	"HPRD"	"PTGFR"
"M1"	"HPRD"	"PTK7"
"M1"	"HPRD"	"CHI3L1"
"M1"	"HPRD"	"KLHL35"
"M1"	"HPRD"	"GMPR"
"M1"	"HPRD"	"MEGF6"
"M1"	"HPRD"	"NPTXR"
"M1"	"HPRD"	"SLC9A3"
"M1"	"HPRD"	"CASP5"
"M1"	"HPRD"	"JPH2"
"M1"	"HPRD"	"ARL14"
"M1"	"HPRD"	"LMOD1"
"M1"	"HPRD"	"NR4A3"
"M1"	"HPRD"	"FBXO17"
"M1"	"HPRD"	"NEXN"
"M1"	"HPRD"	"SOD3"
"M1"	"HPRD"	"PARVB"
"M1"	"HPRD"	"ADCY1"
"M1"	"HPRD"	"HOXB3"
"M1"	"HPRD"	"CPNE7"
"M1"	"HPRD"	"SGCD"
"M1"	"HPRD"	"TENM3"
"M1"	"HPRD"	"GAS1"
"M1"	"HPRD"	"SCUBE1"
"M1"	"HPRD"	"SCUBE3"
"M1"	"HPRD"	"SLIT3"
"M1"	"HPRD"	"NOMO3"
"M1"	"HPRD"	"RGMA"
"M1"	"INNATEDB"	"MSX1"
"M1"	"INNATEDB"	"ROR2"
"M1"	"INNATEDB"	"BEX3"
"M1"	"INNATEDB"	"THRB"
"M1"	"INNATEDB"	"NOS2"
"M1"	"INNATEDB"	"FOS"
"M1"	"INNATEDB"	"EGR1"
"M1"	"INNATEDB"	"VCAN"
"M1"	"INNATEDB"	"CLU"
"M1"	"INNATEDB"	"ACTA2"
"M1"	"INNATEDB"	"C3"
"M1"	"INNATEDB"	"SERPING1"
"M1"	"INNATEDB"	"DCN"
"M1"	"INNATEDB"	"NOX4"
"M1"	"INNATEDB"	"MMP9"
"M1"	"INNATEDB"	"TAGLN"
"M1"	"INNATEDB"	"GLI3"
"M1"	"INNATEDB"	"KIT"
"M1"	"INNATEDB"	"CARD11"
"M1"	"INNATEDB"	"WASF3"
"M1"	"INNATEDB"	"PPARGC1A"
"M1"	"INNATEDB"	"ELN"
"M1"	"INNATEDB"	"NTRK2"
"M1"	"INNATEDB"	"GHR"
"M1"	"INNATEDB"	"TFR2"
"M1"	"INNATEDB"	"COL1A2"
"M1"	"INNATEDB"	"EFNA2"
"M1"	"INNATEDB"	"MEIS2"
"M1"	"INNATEDB"	"ID1"
"M1"	"INNATEDB"	"NR4A1"
"M1"	"INNATEDB"	"ANK2"
"M1"	"INNATEDB"	"COL1A1"
"M1"	"INNATEDB"	"SKAP1"
"M1"	"INNATEDB"	"CXCL3"
"M1"	"INNATEDB"	"ASB2"
"M1"	"INNATEDB"	"FBN1"
"M1"	"INNATEDB"	"TGFB3"
"M1"	"INNATEDB"	"APOD"
"M1"	"INNATEDB"	"SLC2A3"
"M1"	"INNATEDB"	"KRT17"
"M1"	"INNATEDB"	"TMEM37"
"M1"	"INNATEDB"	"CRYM"
"M1"	"INNATEDB"	"CXCL2"
"M1"	"INNATEDB"	"ADH6"
"M1"	"INNATEDB"	"KCNH2"
"M1"	"INNATEDB"	"PAX8"
"M1"	"INNATEDB"	"CCL11"
"M1"	"INNATEDB"	"S100A4"
"M1"	"INNATEDB"	"C1S"
"M1"	"INNATEDB"	"MMP2"
"M1"	"INNATEDB"	"BGN"
"M1"	"INNATEDB"	"ACHE"
"M1"	"INNATEDB"	"CCL2"
"M1"	"INNATEDB"	"FST"
"M1"	"INNATEDB"	"MYLK"
"M1"	"INNATEDB"	"ADRA2A"
"M1"	"INNATEDB"	"COL14A1"
"M1"	"INNATEDB"	"EGR3"
"M1"	"INNATEDB"	"SELE"
"M1"	"INNATEDB"	"TIMP3"
"M1"	"INNATEDB"	"INHBA"
"M1"	"INNATEDB"	"ACKR1"
"M1"	"INNATEDB"	"CCL20"
"M1"	"INNATEDB"	"HOPX"
"M1"	"INNATEDB"	"MSRB3"
"M1"	"INNATEDB"	"LGI2"
"M1"	"INNATEDB"	"FADS2"
"M1"	"INNATEDB"	"CYP4F11"
"M1"	"INNATEDB"	"TMEM74B"
"M1"	"INNATEDB"	"HOXB4"
"M1"	"INNATEDB"	"IL23A"
"M1"	"INNATEDB"	"PDLIM3"
"M1"	"INNATEDB"	"CASP5"
"M1"	"INNATEDB"	"SBSPON"
"M1"	"INNATEDB"	"NR4A3"
"M1"	"INNATEDB"	"SLC16A7"
"M1"	"INNATEDB"	"FADS1"
"M1"	"IntAct_Mouse"	"FN1"
"M1"	"IntAct_Mouse"	"MSX1"
"M1"	"IntAct_Mouse"	"LRRK2"
"M1"	"IntAct_Mouse"	"NTN1"
"M1"	"IntAct_Mouse"	"THRB"
"M1"	"IntAct_Mouse"	"FLNA"
"M1"	"IntAct_Mouse"	"CRYAB"
"M1"	"IntAct_Mouse"	"FOS"
"M1"	"IntAct_Mouse"	"UCHL1"
"M1"	"IntAct_Mouse"	"CLU"
"M1"	"IntAct_Mouse"	"NCAM1"
"M1"	"IntAct_Mouse"	"ACTA2"
"M1"	"IntAct_Mouse"	"KCNMA1"
"M1"	"IntAct_Mouse"	"F2RL2"
"M1"	"IntAct_Mouse"	"MATN2"
"M1"	"IntAct_Mouse"	"DES"
"M1"	"IntAct_Mouse"	"CARD11"
"M1"	"IntAct_Mouse"	"TNFRSF19"
"M1"	"IntAct_Mouse"	"PPARGC1A"
"M1"	"IntAct_Mouse"	"CADM1"
"M1"	"IntAct_Mouse"	"HSPA2"
"M1"	"IntAct_Mouse"	"NTRK2"
"M1"	"IntAct_Mouse"	"TFR2"
"M1"	"IntAct_Mouse"	"HSPB8"
"M1"	"IntAct_Mouse"	"ARNT2"
"M1"	"IntAct_Mouse"	"EGR2"
"M1"	"IntAct_Mouse"	"PLXNB3"
"M1"	"IntAct_Mouse"	"COL3A1"
"M1"	"IntAct_Mouse"	"DOK7"
"M1"	"IntAct_Mouse"	"COL7A1"
"M1"	"IntAct_Mouse"	"RAB31"
"M1"	"IntAct_Mouse"	"GNAO1"
"M1"	"IntAct_Mouse"	"PDE3A"
"M1"	"IntAct_Mouse"	"CRYM"
"M1"	"IntAct_Mouse"	"CLDN2"
"M1"	"IntAct_Mouse"	"LOX"
"M1"	"IntAct_Mouse"	"S100A4"
"M1"	"IntAct_Mouse"	"ACHE"
"M1"	"IntAct_Mouse"	"CHL1"
"M1"	"IntAct_Mouse"	"FOXC1"
"M1"	"IntAct_Mouse"	"MSX2"
"M1"	"IntAct_Mouse"	"DTNA"
"M1"	"IntAct_Mouse"	"ID4"
"M1"	"IntAct_Mouse"	"RYR2"
"M1"	"MINT_Mouse"	"THRB"
"M1"	"MINT_Mouse"	"NOS2"
"M1"	"MINT_Mouse"	"NCAM1"
"M1"	"MINT_Mouse"	"KCNMA1"
"M1"	"MINT_Mouse"	"DES"
"M1"	"MINT_Mouse"	"CADM1"
"M1"	"MINT_Mouse"	"HSPA2"
"M1"	"MINT_Mouse"	"NTRK2"
"M1"	"MINT_Mouse"	"EGR2"
"M1"	"MINT_Mouse"	"COL7A1"
"M1"	"MINT_Mouse"	"CLDN2"
"M1"	"MINT_Mouse"	"LOX"
"M1"	"MINT_Mouse"	"CHL1"
"M1"	"MINT_Mouse"	"AKAP12"
"M1"	"MINT_Mouse"	"TCF21"
"M1"	"MINT_Mouse"	"PARVB"
"M1"	"BCI"	"FN1"
"M1"	"BCI"	"MSX1"
"M1"	"BCI"	"ROR2"
"M1"	"BCI"	"FLNA"
"M1"	"BCI"	"CRYAB"
"M1"	"BCI"	"NOS2"
"M1"	"BCI"	"TERT"
"M1"	"BCI"	"FOS"
"M1"	"BCI"	"UCHL1"
"M1"	"BCI"	"EGR1"
"M1"	"BCI"	"VCAN"
"M1"	"BCI"	"CLU"
"M1"	"BCI"	"ACTA2"
"M1"	"BCI"	"SERPING1"
"M1"	"BCI"	"MMP9"
"M1"	"BCI"	"KCNMA1"
"M1"	"BCI"	"FHL1"
"M1"	"BCI"	"DES"
"M1"	"BCI"	"TLX1"
"M1"	"BCI"	"MME"
"M1"	"BCI"	"FBLN1"
"M1"	"BCI"	"ELN"
"M1"	"BCI"	"COL1A2"
"M1"	"BCI"	"TNC"
"M1"	"BCI"	"L1CAM"
"M1"	"BCI"	"EFNA2"
"M1"	"BCI"	"EGR2"
"M1"	"BCI"	"ID1"
"M1"	"BCI"	"MYH11"
"M1"	"BCI"	"FBLN2"
"M1"	"BCI"	"ACTG2"
"M1"	"BCI"	"NR4A1"
"M1"	"BCI"	"COL1A1"
"M1"	"BCI"	"COL3A1"
"M1"	"BCI"	"COL7A1"
"M1"	"BCI"	"PTGDS"
"M1"	"BCI"	"FBN1"
"M1"	"BCI"	"TGFB3"
"M1"	"BCI"	"SERPINE1"
"M1"	"BCI"	"APOD"
"M1"	"BCI"	"CCL21"
"M1"	"BCI"	"CXCL2"
"M1"	"BCI"	"KCNH2"
"M1"	"BCI"	"PAX8"
"M1"	"BCI"	"LOX"
"M1"	"BCI"	"F13A1"
"M1"	"BCI"	"S100A4"
"M1"	"BCI"	"IGFBP5"
"M1"	"BCI"	"IGF2"
"M1"	"BCI"	"C7"
"M1"	"BCI"	"DPT"
"M1"	"BCI"	"CXCL12"
"M1"	"BCI"	"ACHE"
"M1"	"BCI"	"COL9A2"
"M1"	"BCI"	"LSAMP"
"M1"	"BCI"	"MYLK"
"M1"	"BCI"	"LPL"
"M1"	"BCI"	"INHBB"
"M1"	"BCI"	"CYR61"
"M1"	"BCI"	"COL10A1"
"M1"	"BCI"	"THBS2"
"M1"	"BCI"	"LCN2"
"M1"	"BCI"	"ACKR1"
"M1"	"BCI"	"SELP"
"M1"	"BCI"	"AEBP1"
"M1"	"BCI"	"FOSB"
"M1"	"BCI"	"PKIA"
"M1"	"BCI"	"CDH11"
"M1"	"BCI"	"GAS1"
"M1"	"BioGrid_Mouse"	"MSX1"
"M1"	"BioGrid_Mouse"	"LRRK2"
"M1"	"BioGrid_Mouse"	"ROR2"
"M1"	"BioGrid_Mouse"	"THRB"
"M1"	"BioGrid_Mouse"	"NOS2"
"M1"	"BioGrid_Mouse"	"FOS"
"M1"	"BioGrid_Mouse"	"UCHL1"
"M1"	"BioGrid_Mouse"	"EGR1"
"M1"	"BioGrid_Mouse"	"NCAM1"
"M1"	"BioGrid_Mouse"	"ACTA2"
"M1"	"BioGrid_Mouse"	"MMP9"
"M1"	"BioGrid_Mouse"	"KCNMA1"
"M1"	"BioGrid_Mouse"	"FHL1"
"M1"	"BioGrid_Mouse"	"GLI3"
"M1"	"BioGrid_Mouse"	"DES"
"M1"	"BioGrid_Mouse"	"KIT"
"M1"	"BioGrid_Mouse"	"CARD11"
"M1"	"BioGrid_Mouse"	"TNFRSF19"
"M1"	"BioGrid_Mouse"	"HOXB13"
"M1"	"BioGrid_Mouse"	"PPARGC1A"
"M1"	"BioGrid_Mouse"	"MME"
"M1"	"BioGrid_Mouse"	"HSPA2"
"M1"	"BioGrid_Mouse"	"NTRK2"
"M1"	"BioGrid_Mouse"	"L1CAM"
"M1"	"BioGrid_Mouse"	"MEIS2"
"M1"	"BioGrid_Mouse"	"EGR2"
"M1"	"BioGrid_Mouse"	"ID1"
"M1"	"BioGrid_Mouse"	"SFRP4"
"M1"	"BioGrid_Mouse"	"NKX2-3"
"M1"	"BioGrid_Mouse"	"NR4A1"
"M1"	"BioGrid_Mouse"	"COL1A1"
"M1"	"BioGrid_Mouse"	"COL3A1"
"M1"	"BioGrid_Mouse"	"COL5A1"
"M1"	"BioGrid_Mouse"	"HOXB6"
"M1"	"BioGrid_Mouse"	"ASB2"
"M1"	"BioGrid_Mouse"	"TWIST1"
"M1"	"BioGrid_Mouse"	"GNAO1"
"M1"	"BioGrid_Mouse"	"SFRP2"
"M1"	"BioGrid_Mouse"	"HOXD9"
"M1"	"BioGrid_Mouse"	"ROR1"
"M1"	"BioGrid_Mouse"	"PITX2"
"M1"	"BioGrid_Mouse"	"SLIT2"
"M1"	"BioGrid_Mouse"	"PAX8"
"M1"	"BioGrid_Mouse"	"ACVR1C"
"M1"	"BioGrid_Mouse"	"GTF2H2"
"M1"	"BioGrid_Mouse"	"COL8A1"
"M1"	"BioGrid_Mouse"	"S100A4"
"M1"	"BioGrid_Mouse"	"SHC2"
"M1"	"BioGrid_Mouse"	"SCG2"
"M1"	"BioGrid_Mouse"	"ACHE"
"M1"	"BioGrid_Mouse"	"ADRA2A"
"M1"	"BioGrid_Mouse"	"OLFM1"
"M1"	"BioGrid_Mouse"	"CITED4"
"M1"	"BioGrid_Mouse"	"MYOCD"
"M1"	"BioGrid_Mouse"	"THBS2"
"M1"	"BioGrid_Mouse"	"INHBA"
"M1"	"BioGrid_Mouse"	"CHRDL2"
"M1"	"BioGrid_Mouse"	"MSX2"
"M1"	"BioGrid_Mouse"	"TCF21"
"M1"	"BioGrid_Mouse"	"PGM5"
"M1"	"BioGrid_Mouse"	"RYR2"
"M1"	"BioGrid_Mouse"	"HOXB8"
"M1"	"BioGrid_Mouse"	"AEBP1"
"M1"	"BioGrid_Mouse"	"FOSB"
"M1"	"BioGrid_Mouse"	"HOXB4"
"M1"	"BioGrid_Mouse"	"RORC"
"M1"	"BioGrid_Mouse"	"WNT9A"
"M1"	"BioGrid_Mouse"	"HOXB5"
"M1"	"BioGrid_Mouse"	"FRZB"
"M1"	"BioGrid_Mouse"	"NR4A3"
"M1"	"BioGrid_Mouse"	"SOD3"
"M1"	"BioGrid_Mouse"	"GAS1"
"M1"	"BioGrid_Mouse"	"SLIT3"
"M1"	"YeastLow"	"GFPT2"
"M1"	"YeastLow"	"HAAO"
"M1"	"YeastLow"	"GGT1"
"M1"	"DIP"	"FN1"
"M1"	"DIP"	"LRRK2"
"M1"	"DIP"	"NTN1"
"M1"	"DIP"	"THRB"
"M1"	"DIP"	"FLNA"
"M1"	"DIP"	"OBSL1"
"M1"	"DIP"	"CRYAB"
"M1"	"DIP"	"NOS2"
"M1"	"DIP"	"TERT"
"M1"	"DIP"	"FOS"
"M1"	"DIP"	"NUPR1"
"M1"	"DIP"	"MMP9"
"M1"	"DIP"	"KCNMA1"
"M1"	"DIP"	"FLNC"
"M1"	"DIP"	"F2RL2"
"M1"	"DIP"	"KIT"
"M1"	"DIP"	"CARD11"
"M1"	"DIP"	"PPARGC1A"
"M1"	"DIP"	"CADM1"
"M1"	"DIP"	"NTRK2"
"M1"	"DIP"	"BHLHE41"
"M1"	"DIP"	"GHR"
"M1"	"DIP"	"GFRA1"
"M1"	"DIP"	"EPHA3"
"M1"	"DIP"	"FGF7"
"M1"	"DIP"	"NR4A1"
"M1"	"DIP"	"ANK2"
"M1"	"DIP"	"COL1A1"
"M1"	"DIP"	"COL3A1"
"M1"	"DIP"	"FOXP2"
"M1"	"DIP"	"LMO3"
"M1"	"DIP"	"FBN1"
"M1"	"DIP"	"TGFB3"
"M1"	"DIP"	"CCL21"
"M1"	"DIP"	"ROR1"
"M1"	"DIP"	"KCNH2"
"M1"	"DIP"	"SLIT2"
"M1"	"DIP"	"GTF2H2"
"M1"	"DIP"	"LOX"
"M1"	"DIP"	"CCL11"
"M1"	"DIP"	"F13A1"
"M1"	"DIP"	"S100A4"
"M1"	"DIP"	"IGF2"
"M1"	"DIP"	"MMP2"
"M1"	"DIP"	"CXCL12"
"M1"	"DIP"	"CCL2"
"M1"	"DIP"	"RGS4"
"M1"	"DIP"	"SELE"
"M1"	"DIP"	"INHBA"
"M1"	"DIP"	"CCL20"
"M1"	"DIP"	"CCNO"
"M1"	"DIP"	"LIFR"
"M1"	"DIP"	"FOSB"
"M1"	"DIP"	"OLR1"
"M1"	"DIP"	"RORC"
"M1"	"DIP"	"PMEL"
"M1"	"DIP"	"HIST3H2A"
"M1"	"DIP"	"HHIP"
"M1"	"BIND"	"MSX1"
"M1"	"BIND"	"THRB"
"M1"	"BIND"	"CRYAB"
"M1"	"BIND"	"NOS2"
"M1"	"BIND"	"FOS"
"M1"	"BIND"	"EGR1"
"M1"	"BIND"	"NUPR1"
"M1"	"BIND"	"CLU"
"M1"	"BIND"	"C3"
"M1"	"BIND"	"MMP9"
"M1"	"BIND"	"KCNMA1"
"M1"	"BIND"	"FLNC"
"M1"	"BIND"	"FHL1"
"M1"	"BIND"	"KIT"
"M1"	"BIND"	"CARD11"
"M1"	"BIND"	"TLX1"
"M1"	"BIND"	"ELN"
"M1"	"BIND"	"GHR"
"M1"	"BIND"	"HSPB8"
"M1"	"BIND"	"L1CAM"
"M1"	"BIND"	"ARNT2"
"M1"	"BIND"	"TIMP2"
"M1"	"BIND"	"PLN"
"M1"	"BIND"	"PLXNB3"
"M1"	"BIND"	"COL7A1"
"M1"	"BIND"	"TGFB3"
"M1"	"BIND"	"SERPINE1"
"M1"	"BIND"	"CES1"
"M1"	"BIND"	"PDE3A"
"M1"	"BIND"	"ALDOB"
"M1"	"BIND"	"CXCL2"
"M1"	"BIND"	"KCND3"
"M1"	"BIND"	"ADH1B"
"M1"	"BIND"	"ADH1C"
"M1"	"BIND"	"F13A1"
"M1"	"BIND"	"S100A4"
"M1"	"BIND"	"SHC2"
"M1"	"BIND"	"IGFBP5"
"M1"	"BIND"	"C1S"
"M1"	"BIND"	"IGF2"
"M1"	"BIND"	"MMP2"
"M1"	"BIND"	"FAP"
"M1"	"BIND"	"CXCL12"
"M1"	"BIND"	"CCL2"
"M1"	"BIND"	"FST"
"M1"	"BIND"	"ADRA2A"
"M1"	"BIND"	"ATF7IP2"
"M1"	"BIND"	"INHBA"
"M1"	"BIND"	"HTR1D"
"M1"	"BIND"	"TCF21"
"M1"	"BIND"	"SELP"
"M1"	"BIND"	"AOC3"
"M1"	"BIND"	"FOSB"
"M1"	"BIND"	"OLR1"
"M1"	"BIND"	"MAOB"
"M1"	"BIND"	"CRABP2"
"M1"	"BIND"	"PDE4C"
"M1"	"BIND"	"CHI3L1"
"M1"	"BIND"	"GMPR"
"M1"	"BIND"	"SGCD"
"M1"	"BIND"	"KIAA0319"
"M1"	"VidalHuman_non_core"	"KCNMB1"
"M1"	"VidalHuman_non_core"	"SNRPN"
"M1"	"VidalHuman_non_core"	"TACSTD2"
"M1"	"VidalHuman_non_core"	"HSPB8"
"M1"	"VidalHuman_non_core"	"GPRIN2"
"M1"	"VidalHuman_non_core"	"CXCL3"
"M1"	"VidalHuman_non_core"	"PTGDS"
"M1"	"VidalHuman_non_core"	"LMO3"
"M1"	"VidalHuman_non_core"	"SFRP2"
"M1"	"VidalHuman_non_core"	"CES1"
"M1"	"VidalHuman_non_core"	"CXCL2"
"M1"	"VidalHuman_non_core"	"NOV"
"M1"	"VidalHuman_non_core"	"RORC"
"M1"	"VidalHuman_non_core"	"CRABP2"
"M1"	"DIP_Yeast"	"GFPT2"
"M1"	"DIP_Yeast"	"GTF2H2"
"M1"	"YeastHigh"	"GFPT2"
"M1"	"BioGrid_Rat"	"SPP1"
"M1"	"BioGrid_Rat"	"DCN"
"M1"	"BioGrid_Rat"	"NTRK2"
"M1"	"BioGrid_Rat"	"GFRA1"
"M1"	"BioGrid_Rat"	"HSPB6"
"M1"	"BioGrid_Rat"	"L1CAM"
"M1"	"BioGrid_Rat"	"GNAO1"
"M1"	"BioGrid_Rat"	"SERPINE1"
"M1"	"BioGrid_Rat"	"APOD"
"M1"	"BioGrid_Rat"	"MMP11"
"M1"	"BioGrid_Rat"	"CNN1"
"M1"	"BioGrid_Yeast"	"GDA"
"M1"	"BioGrid_Yeast"	"GFPT2"
"M1"	"BioGrid_Yeast"	"HAAO"
"M1"	"BioGrid_Yeast"	"PCSK4"
"M1"	"BioGrid_Yeast"	"BCAT1"
"M1"	"BioGrid_Yeast"	"GTF2H2"
"M1"	"BioGrid_Yeast"	"GGT1"
"M1"	"StelzlLow"	"OLFM2"
"M1"	"StelzlLow"	"COL7A1"
"M1"	"StelzlLow"	"IGFBP5"
"M1"	"INNATEDB_Mouse"	"GULP1"
"M1"	"INNATEDB_Mouse"	"FLNA"
"M1"	"INNATEDB_Mouse"	"NOS2"
"M1"	"INNATEDB_Mouse"	"TERT"
"M1"	"INNATEDB_Mouse"	"FOS"
"M1"	"INNATEDB_Mouse"	"EGR1"
"M1"	"INNATEDB_Mouse"	"SPP1"
"M1"	"INNATEDB_Mouse"	"NCAM1"
"M1"	"INNATEDB_Mouse"	"C3"
"M1"	"INNATEDB_Mouse"	"GDA"
"M1"	"INNATEDB_Mouse"	"FLNC"
"M1"	"INNATEDB_Mouse"	"TAGLN"
"M1"	"INNATEDB_Mouse"	"KIT"
"M1"	"INNATEDB_Mouse"	"CARD11"
"M1"	"INNATEDB_Mouse"	"TNFRSF19"
"M1"	"INNATEDB_Mouse"	"PPARGC1A"
"M1"	"INNATEDB_Mouse"	"TNC"
"M1"	"INNATEDB_Mouse"	"EGR2"
"M1"	"INNATEDB_Mouse"	"PHGDH"
"M1"	"INNATEDB_Mouse"	"CXCL3"
"M1"	"INNATEDB_Mouse"	"PTGDS"
"M1"	"INNATEDB_Mouse"	"CXCL2"
"M1"	"INNATEDB_Mouse"	"PITX2"
"M1"	"INNATEDB_Mouse"	"KCNH2"
"M1"	"INNATEDB_Mouse"	"LCN2"
"M1"	"INNATEDB_Mouse"	"ACKR1"
"M1"	"INNATEDB_Mouse"	"BOC"
"M1"	"INNATEDB_Mouse"	"SELP"
"M1"	"INNATEDB_Mouse"	"FADS2"
"M1"	"INNATEDB_Mouse"	"MDGA1"
"M1"	"INNATEDB_Mouse"	"RORC"
"M1"	"INNATEDB_Mouse"	"IL23A"
"M1"	"INNATEDB_Mouse"	"STEAP4"
"M1"	"INNATEDB_Mouse"	"ANGPTL2"
"M1"	"INNATEDB_Mouse"	"ITGA11"
"M1"	"INNATEDB_Mouse"	"ADAMTS2"
"M1"	"INNATEDB_Mouse"	"SLC11A1"
"M1"	"IntAct_Rat"	"MAPK15"
"M1"	"IntAct_Rat"	"LRRK2"
"M1"	"IntAct_Rat"	"FOS"
"M1"	"IntAct_Rat"	"SPP1"
"M1"	"IntAct_Rat"	"CLU"
"M1"	"IntAct_Rat"	"KCNMA1"
"M1"	"IntAct_Rat"	"FLNC"
"M1"	"IntAct_Rat"	"DES"
"M1"	"IntAct_Rat"	"PCBP3"
"M1"	"IntAct_Rat"	"HSPA2"
"M1"	"IntAct_Rat"	"NTRK2"
"M1"	"IntAct_Rat"	"ID1"
"M1"	"IntAct_Rat"	"GNAO1"
"M1"	"IntAct_Rat"	"PAX8"
"M1"	"IntAct_Rat"	"ACHE"
"M1"	"IntAct_Rat"	"RGS4"
"M1"	"IntAct_Rat"	"GUCY1A2"
"M1"	"IntAct_Rat"	"COL11A1"
"M1"	"IntAct_Rat"	"DDN"
"M1"	"IntAct_Rat"	"VGF"
"M1"	"IntAct_Rat"	"SLC9A3"
"M1"	"MINT_Rat"	"FOS"
"M1"	"MINT_Rat"	"NTRK2"
"M1"	"MINT_Rat"	"TUBB3"
"M1"	"MINT_Rat"	"GNAO1"
"M1"	"MINT_Rat"	"GUCY1A2"
"M1"	"MINT_Rat"	"DDN"
"M1"	"BIND_Fly"	"CRYAB"
"M1"	"BIND_Fly"	"SNRPN"
"M1"	"BIND_Fly"	"CNTNAP2"
"M1"	"BIND_Fly"	"FBLN2"
"M1"	"BIND_Fly"	"LANCL3"
"M1"	"BIND_Fly"	"GNAO1"
"M1"	"BIND_Fly"	"SLC2A3"
"M1"	"BIND_Fly"	"SESN3"
"M1"	"BIND_Fly"	"HGD"
"M1"	"BIND_Fly"	"FAP"
"M1"	"FlyLow"	"FLNA"
"M1"	"FlyLow"	"SNRPN"
"M1"	"FlyLow"	"FBLN2"
"M1"	"FlyLow"	"LANCL3"
"M1"	"FlyLow"	"GNAO1"
"M1"	"FlyLow"	"SLC2A3"
"M1"	"FlyLow"	"FAP"
"M1"	"MINT_Fly"	"SNRPN"
"M1"	"MINT_Fly"	"MOXD1"
"M1"	"MINT_Fly"	"FBLN2"
"M1"	"MINT_Fly"	"ACTG2"
"M1"	"MINT_Fly"	"MFAP4"
"M1"	"MINT_Fly"	"HGD"
"M1"	"MINT_Fly"	"PTK7"
"M1"	"DIP_Worm"	"FBLN1"
"M1"	"DIP_Worm"	"HGD"
"M1"	"DIP_Worm"	"CPE"
"M1"	"IntAct_Worm"	"ROR2"
"M1"	"IntAct_Worm"	"GULP1"
"M1"	"IntAct_Worm"	"SNRPN"
"M1"	"IntAct_Worm"	"FBLN1"
"M1"	"IntAct_Worm"	"HAAO"
"M1"	"IntAct_Worm"	"HGD"
"M1"	"IntAct_Worm"	"ADAM12"
"M1"	"IntAct_Worm"	"GTF2H2"
"M1"	"VidalHuman_core"	"SPP1"
"M1"	"VidalHuman_core"	"EFEMP1"
"M1"	"VidalHuman_core"	"HSPA2"
"M1"	"VidalHuman_core"	"HSPB8"
"M1"	"VidalHuman_core"	"GPRIN2"
"M1"	"VidalHuman_core"	"HOXB6"
"M1"	"VidalHuman_core"	"LMO3"
"M1"	"VidalHuman_core"	"HOXB9"
"M1"	"VidalHuman_core"	"KRT17"
"M1"	"VidalHuman_core"	"CLDN2"
"M1"	"VidalHuman_core"	"COL9A2"
"M1"	"VidalHuman_core"	"RAI2"
"M1"	"MINT_Yeast"	"BCAT1"
"M1"	"MINT_Yeast"	"GTF2H2"
"M1"	"MGI"	"FN1"
"M1"	"MGI"	"NOS2"
"M1"	"MGI"	"TERT"
"M1"	"MGI"	"KIT"
"M1"	"MGI"	"PPARGC1A"
"M1"	"MGI"	"NTRK2"
"M1"	"MGI"	"PITX2"
"M1"	"MGI"	"RAB3B"
"M1"	"MGI"	"MYOCD"
"M1"	"MGI"	"MSX2"
"M1"	"MGI"	"AKAP7"
"M1"	"MGI"	"SGCD"
"M1"	"MGI"	"GAS1"
"M1"	"BIND_Mouse"	"MSX1"
"M1"	"BIND_Mouse"	"NOS2"
"M1"	"BIND_Mouse"	"FOS"
"M1"	"BIND_Mouse"	"EGR1"
"M1"	"BIND_Mouse"	"CLU"
"M1"	"BIND_Mouse"	"GFPT2"
"M1"	"BIND_Mouse"	"KIT"
"M1"	"BIND_Mouse"	"PPARGC1A"
"M1"	"BIND_Mouse"	"EFNA2"
"M1"	"BIND_Mouse"	"EPHA3"
"M1"	"BIND_Mouse"	"MEIS2"
"M1"	"BIND_Mouse"	"ARNT2"
"M1"	"BIND_Mouse"	"ID1"
"M1"	"BIND_Mouse"	"NR4A1"
"M1"	"BIND_Mouse"	"CXCL3"
"M1"	"BIND_Mouse"	"TWIST1"
"M1"	"BIND_Mouse"	"GNAO1"
"M1"	"BIND_Mouse"	"MFAP5"
"M1"	"BIND_Mouse"	"MMP11"
"M1"	"BIND_Mouse"	"ADAM12"
"M1"	"BIND_Mouse"	"CPE"
"M1"	"BIND_Mouse"	"FST"
"M1"	"BIND_Mouse"	"INHBA"
"M1"	"BIND_Mouse"	"MSX2"
"M1"	"BIND_Mouse"	"TCF21"
"M1"	"BIND_Mouse"	"DTNA"
"M1"	"BIND_Mouse"	"FRZB"
"M1"	"BIND_Mouse"	"SGCD"
"M1"	"SOURAV_MAPK_LOW"	"FOS"
"M1"	"StelzlMedium"	"OLFM2"
"M1"	"StelzlMedium"	"L1CAM"
"M1"	"StelzlMedium"	"EGR2"
"M1"	"StelzlMedium"	"NR4A1"
"M1"	"StelzlMedium"	"KCNH2"
"M1"	"StelzlMedium"	"S100A4"
"M1"	"StelzlMedium"	"IGFBP5"
"M1"	"StelzlMedium"	"DPT"
"M1"	"StelzlMedium"	"CPE"
"M1"	"StelzlMedium"	"COL9A2"
"M1"	"StelzlMedium"	"LPL"
"M1"	"StelzlMedium"	"TCF21"
"M1"	"FlyHigh"	"CRYAB"
"M1"	"FlyHigh"	"GDA"
"M1"	"FlyHigh"	"SNRPN"
"M1"	"FlyHigh"	"GNAO1"
"M1"	"FlyHigh"	"EIF5AL1"
"M1"	"FlyHigh"	"SESN3"
"M1"	"FlyHigh"	"HGD"
"M1"	"ShawnLi"	"FLNA"
"M1"	"ShawnLi"	"F2RL2"
"M1"	"ShawnLi"	"GHR"
"M1"	"ShawnLi"	"ID4"
"M1"	"BIND_Rat"	"NCAM1"
"M1"	"BIND_Rat"	"C3"
"M1"	"BIND_Rat"	"NOX4"
"M1"	"BIND_Rat"	"HSPB6"
"M1"	"BIND_Rat"	"L1CAM"
"M1"	"BIND_Rat"	"KCND3"
"M1"	"BIND_Rat"	"ADRA2A"
"M1"	"BIND_Rat"	"RGS4"
"M1"	"BIND_Rat"	"ALDH3A1"
"M1"	"BIND_Rat"	"MAOB"
"M1"	"BIND_Rat"	"CLIC6"
"M1"	"DIP_Rat"	"NTRK2"
"M1"	"DIP_Rat"	"COL1A2"
"M1"	"DIP_Rat"	"RGS4"
"M1"	"DIP_Rat"	"FNDC1"
"M1"	"I2D-c_Fiona_HUMAN"	"FABP3"
"M1"	"I2D-c_Fiona_HUMAN"	"MMP9"
"M1"	"I2D-c_Fiona_HUMAN"	"MMP2"
"M1"	"Krogan_NonCore"	"GFPT2"
"M1"	"YeastMedium"	"GFPT2"
"M1"	"DIP_Mouse"	"KCNMB1"
"M1"	"DIP_Mouse"	"TERT"
"M1"	"DIP_Mouse"	"FOS"
"M1"	"DIP_Mouse"	"NTRK2"
"M1"	"DIP_Mouse"	"GHR"
"M1"	"DIP_Mouse"	"HOXB6"
"M1"	"DIP_Mouse"	"TUBB3"
"M1"	"DIP_Mouse"	"KRT17"
"M1"	"DIP_Mouse"	"SELE"
"M1"	"DIP_Mouse"	"MYOCD"
"M1"	"DIP_Mouse"	"KIF26B"
"M1"	"DIP_Mouse"	"LIFR"
"M1"	"DIP_Mouse"	"RYR2"
"M1"	"DIP_Mouse"	"CDH11"
"M1"	"DIP_Mouse"	"RORC"
"M1"	"IntAct_Yeast"	"GFPT2"
"M1"	"IntAct_Yeast"	"PCSK4"
"M1"	"IntAct_Yeast"	"BCAT1"
"M1"	"IntAct_Yeast"	"GTF2H2"
"M1"	"StelzlHigh"	"EGR2"
"M1"	"StelzlHigh"	"CPE"
"M1"	"BioGrid_Worm"	"ROR2"
"M1"	"BioGrid_Worm"	"SNRPN"
"M1"	"BioGrid_Worm"	"GNAO1"
"M1"	"BioGrid_Worm"	"HGD"
"M1"	"BioGrid_Worm"	"CPE"
"M1"	"BioGrid_Worm"	"DDR2"
"M1"	"BIND_Worm"	"GNAO1"
"M1"	"BIND_Worm"	"HGD"
"M1"	"BIND_Worm"	"CPE"
"M1"	"BIND_Worm"	"DDR2"
"M1"	"LITERATURE"	"GNAO1"
"M1"	"NON_CORE"	"GNAO1"
"M1"	"Krogan_Core"	"GTF2H2"
"M1"	"Fawcett_polarity"	"HSPA2"
"M1"	"Fawcett_polarity"	"ZG16B"
"M1"	"FlyEmbryo"	"CNTNAP2"
"M1"	"CORE_2"	"HGD"
"M1"	"CORE_2"	"CPE"
"M1"	"KIM_MYC"	"ACTG2"
"M1"	"SOURAV_MAPK_HIGH"	"FOS"
"M2"	"BioGrid"	"SMAD9"
"M2"	"BioGrid"	"MMP3"
"M2"	"BioGrid"	"UBD"
"M2"	"BioGrid"	"SORBS2"
"M2"	"BioGrid"	"GRIN2B"
"M2"	"BioGrid"	"BAG2"
"M2"	"BioGrid"	"MLF1"
"M2"	"BioGrid"	"TYROBP"
"M2"	"BioGrid"	"LCK"
"M2"	"BioGrid"	"CXCR4"
"M2"	"BioGrid"	"HSPA6"
"M2"	"BioGrid"	"ISG15"
"M2"	"BioGrid"	"IL7R"
"M2"	"BioGrid"	"SULT2B1"
"M2"	"BioGrid"	"BCL2A1"
"M2"	"BioGrid"	"EPB41L3"
"M2"	"BioGrid"	"S100A8"
"M2"	"BioGrid"	"CD36"
"M2"	"BioGrid"	"IRF4"
"M2"	"BioGrid"	"PYGL"
"M2"	"BioGrid"	"PDX1"
"M2"	"BioGrid"	"BMP4"
"M2"	"BioGrid"	"BMP7"
"M2"	"BioGrid"	"SOX6"
"M2"	"BioGrid"	"GZMB"
"M2"	"BioGrid"	"PIK3CG"
"M2"	"BioGrid"	"S100A9"
"M2"	"BioGrid"	"IKZF1"
"M2"	"BioGrid"	"MNDA"
"M2"	"BioGrid"	"PRKCB"
"M2"	"BioGrid"	"CD3E"
"M2"	"BioGrid"	"CD27"
"M2"	"BioGrid"	"HOXA9"
"M2"	"BioGrid"	"NR0B2"
"M2"	"BioGrid"	"SYT1"
"M2"	"BioGrid"	"HOXA1"
"M2"	"BioGrid"	"SRPK3"
"M2"	"BioGrid"	"CXCL13"
"M2"	"BioGrid"	"CCR7"
"M2"	"BioGrid"	"CCL3"
"M2"	"BioGrid"	"CCL4"
"M2"	"BioGrid"	"SELL"
"M2"	"BioGrid"	"DPP4"
"M2"	"BioGrid"	"WNK4"
"M2"	"BioGrid"	"IDO1"
"M2"	"BioGrid"	"CXXC4"
"M2"	"BioGrid"	"PTGES"
"M2"	"BioGrid"	"PRKCQ"
"M2"	"BioGrid"	"GRHL3"
"M2"	"BioGrid"	"FGFR3"
"M2"	"BioGrid"	"CIITA"
"M2"	"BioGrid"	"MMP1"
"M2"	"BioGrid"	"CD84"
"M2"	"BioGrid"	"MAFB"
"M2"	"BioGrid"	"APOE"
"M2"	"BioGrid"	"IFIT1"
"M2"	"BioGrid"	"CSF2RB"
"M2"	"BioGrid"	"PTGS2"
"M2"	"BioGrid"	"TIAM1"
"M2"	"BioGrid"	"TFEC"
"M2"	"BioGrid"	"IL2RA"
"M2"	"BioGrid"	"ANGPTL4"
"M2"	"BioGrid"	"CXCL8"
"M2"	"BioGrid"	"PTPRC"
"M2"	"BioGrid"	"HOXA3"
"M2"	"BioGrid"	"DOCK2"
"M2"	"BioGrid"	"FOSL1"
"M2"	"BioGrid"	"HMGA2"
"M2"	"BioGrid"	"FPR1"
"M2"	"BioGrid"	"IL6"
"M2"	"BioGrid"	"MLXIPL"
"M2"	"BioGrid"	"KYNU"
"M2"	"BioGrid"	"CSF1R"
"M2"	"BioGrid"	"FCGR2B"
"M2"	"BioGrid"	"LCP1"
"M2"	"BioGrid"	"CELSR3"
"M2"	"BioGrid"	"POU2AF1"
"M2"	"BioGrid"	"NRCAM"
"M2"	"BioGrid"	"FYB1"
"M2"	"BioGrid"	"CASP1"
"M2"	"BioGrid"	"CD8A"
"M2"	"BioGrid"	"FCGR2A"
"M2"	"BioGrid"	"PRKAR2B"
"M2"	"BioGrid"	"CD2"
"M2"	"BioGrid"	"HLA-DQA1"
"M2"	"BioGrid"	"C1QA"
"M2"	"BioGrid"	"SRGN"
"M2"	"BioGrid"	"PFN2"
"M2"	"BioGrid"	"CD79B"
"M2"	"BioGrid"	"RARRES3"
"M2"	"BioGrid"	"TREM1"
"M2"	"BioGrid"	"CLEC7A"
"M2"	"BioGrid"	"TDO2"
"M2"	"BioGrid"	"BATF"
"M2"	"BioGrid"	"SRCIN1"
"M2"	"BioGrid"	"EIF4EBP3"
"M2"	"BioGrid"	"CYBB"
"M2"	"BioGrid"	"WNT4"
"M2"	"BioGrid"	"CTLA4"
"M2"	"BioGrid"	"CSF3R"
"M2"	"BioGrid"	"SHH"
"M2"	"BioGrid"	"SLAMF6"
"M2"	"BioGrid"	"SLAMF7"
"M2"	"BioGrid"	"HK3"
"M2"	"BioGrid"	"IKZF3"
"M2"	"BioGrid"	"L3MBTL1"
"M2"	"BioGrid"	"DERL3"
"M2"	"BioGrid"	"FGR"
"M2"	"BioGrid"	"GZMA"
"M2"	"BioGrid"	"MX1"
"M2"	"BioGrid"	"PDE9A"
"M2"	"BioGrid"	"HLA-DMB"
"M2"	"BioGrid"	"HLA-DRB5"
"M2"	"BioGrid"	"ITGB2"
"M2"	"BioGrid"	"TSPOAP1"
"M2"	"BioGrid"	"LAPTM5"
"M2"	"BioGrid"	"MSR1"
"M2"	"BioGrid"	"CD48"
"M2"	"BioGrid"	"CCL5"
"M2"	"BioGrid"	"MARK1"
"M2"	"BioGrid"	"IL24"
"M2"	"BioGrid"	"ASB9"
"M2"	"BioGrid"	"PROC"
"M2"	"BioGrid"	"HBB"
"M2"	"BioGrid"	"LAMA1"
"M2"	"BioGrid"	"MMP12"
"M2"	"BioGrid"	"MT2A"
"M2"	"BioGrid"	"IL1B"
"M2"	"BioGrid"	"CFI"
"M2"	"BioGrid"	"ITGAM"
"M2"	"BioGrid"	"VSIG4"
"M2"	"BioGrid"	"RXFP4"
"M2"	"BioGrid"	"GSTM3"
"M2"	"BioGrid"	"HLA-DQA2"
"M2"	"BioGrid"	"CD79A"
"M2"	"BioGrid"	"CD3D"
"M2"	"BioGrid"	"HLA-G"
"M2"	"BioGrid"	"HLA-DRB1"
"M2"	"BioGrid"	"CXCL1"
"M2"	"BioGrid"	"CXCL5"
"M2"	"BioGrid"	"KLRD1"
"M2"	"BioGrid"	"HLA-DRA"
"M2"	"BioGrid"	"CD74"
"M2"	"BioGrid"	"COL9A1"
"M2"	"BioGrid"	"CCL22"
"M2"	"BioGrid"	"PKP1"
"M2"	"BioGrid"	"APOL1"
"M2"	"BioGrid"	"APOC1"
"M2"	"BioGrid"	"FCGR3A"
"M2"	"BioGrid"	"C1QB"
"M2"	"BioGrid"	"BST2"
"M2"	"BioGrid"	"CP"
"M2"	"BioGrid"	"CD3G"
"M2"	"BioGrid"	"HLA-DPA1"
"M2"	"BioGrid"	"S100B"
"M2"	"BioGrid"	"S100A2"
"M2"	"BioGrid"	"CCL18"
"M2"	"BioGrid"	"NCF2"
"M2"	"BioGrid"	"ANPEP"
"M2"	"BioGrid"	"ODAM"
"M2"	"BioGrid"	"IFI6"
"M2"	"BioGrid"	"ALOX5"
"M2"	"BioGrid"	"OSM"
"M2"	"BioGrid"	"HPGD"
"M2"	"BioGrid"	"GNLY"
"M2"	"BioGrid"	"OAS2"
"M2"	"BioGrid"	"PTPN7"
"M2"	"BioGrid"	"PRSS33"
"M2"	"BioGrid"	"CD300LF"
"M2"	"BioGrid"	"EPB41L4A"
"M2"	"BioGrid"	"CD53"
"M2"	"BioGrid"	"IL11"
"M2"	"BioGrid"	"AGAP2"
"M2"	"BioGrid"	"CD38"
"M2"	"BioGrid"	"SIT1"
"M2"	"BioGrid"	"EPHB3"
"M2"	"BioGrid"	"CD209"
"M2"	"BioGrid"	"HOXA7"
"M2"	"BioGrid"	"AZGP1"
"M2"	"BioGrid"	"CD7"
"M2"	"BioGrid"	"BANK1"
"M2"	"BioGrid"	"IL21R"
"M2"	"BioGrid"	"SLC5A1"
"M2"	"BioGrid"	"PTPN13"
"M2"	"BioGrid"	"EPHB6"
"M2"	"BioGrid"	"TPSAB1"
"M2"	"BioGrid"	"SCN8A"
"M2"	"BioGrid"	"SECTM1"
"M2"	"BioGrid"	"ADRA2C"
"M2"	"BioGrid"	"MYH7B"
"M2"	"BioGrid"	"HLA-DOA"
"M2"	"BioGrid"	"MRC1"
"M2"	"BioGrid"	"PRF1"
"M2"	"BioGrid"	"FOLH1"
"M2"	"BioGrid"	"CXCL11"
"M2"	"BioGrid"	"CXCL9"
"M2"	"BioGrid"	"SOSTDC1"
"M2"	"BioGrid"	"CYP39A1"
"M2"	"BioGrid"	"TIGIT"
"M2"	"BioGrid"	"NEB"
"M2"	"BioGrid"	"PTPRN2"
"M2"	"BioGrid"	"TESC"
"M2"	"BioGrid"	"SYTL5"
"M2"	"BioGrid"	"ATOH8"
"M2"	"BioGrid"	"RPL39"
"M2"	"BioGrid"	"FAIM2"
"M2"	"BioGrid"	"AKR1C1"
"M2"	"BioGrid"	"LILRB4"
"M2"	"BioGrid"	"CD274"
"M2"	"BioGrid"	"HOXA5"
"M2"	"BioGrid"	"SNX20"
"M2"	"BioGrid"	"VSNL1"
"M2"	"BioGrid"	"ANXA13"
"M2"	"BioGrid"	"TTBK1"
"M2"	"BioGrid"	"KCNN4"
"M2"	"BioGrid"	"KLK10"
"M2"	"BioGrid"	"AKR1C2"
"M2"	"BioGrid"	"HLA-DPB1"
"M2"	"BioGrid"	"ZNF543"
"M2"	"BioGrid"	"PROM1"
"M2"	"BioGrid"	"CD163"
"M2"	"BioGrid"	"DPYD"
"M2"	"BioGrid"	"CD69"
"M2"	"BioGrid"	"EDAR"
"M2"	"BioGrid"	"NKG7"
"M2"	"BioGrid"	"NSG1"
"M2"	"BioGrid"	"AQP9"
"M2"	"BioGrid"	"GBP5"
"M2"	"BioGrid"	"EGFL6"
"M2"	"IntAct"	"SMAD9"
"M2"	"IntAct"	"MMP3"
"M2"	"IntAct"	"UBD"
"M2"	"IntAct"	"SORBS2"
"M2"	"IntAct"	"GRIN2B"
"M2"	"IntAct"	"BAG2"
"M2"	"IntAct"	"MLF1"
"M2"	"IntAct"	"TYROBP"
"M2"	"IntAct"	"LCK"
"M2"	"IntAct"	"CXCR4"
"M2"	"IntAct"	"HSPA6"
"M2"	"IntAct"	"ISG15"
"M2"	"IntAct"	"IL7R"
"M2"	"IntAct"	"SULT2B1"
"M2"	"IntAct"	"BCL2A1"
"M2"	"IntAct"	"EPB41L3"
"M2"	"IntAct"	"S100A8"
"M2"	"IntAct"	"CD36"
"M2"	"IntAct"	"IRF4"
"M2"	"IntAct"	"PYGL"
"M2"	"IntAct"	"BMP4"
"M2"	"IntAct"	"BMP7"
"M2"	"IntAct"	"SOX6"
"M2"	"IntAct"	"GZMB"
"M2"	"IntAct"	"PIK3CG"
"M2"	"IntAct"	"ATP1A3"
"M2"	"IntAct"	"S100A9"
"M2"	"IntAct"	"IKZF1"
"M2"	"IntAct"	"MNDA"
"M2"	"IntAct"	"BAIAP3"
"M2"	"IntAct"	"PRKCB"
"M2"	"IntAct"	"CD3E"
"M2"	"IntAct"	"HOXA9"
"M2"	"IntAct"	"NR0B2"
"M2"	"IntAct"	"SYT1"
"M2"	"IntAct"	"NELL2"
"M2"	"IntAct"	"HOXA1"
"M2"	"IntAct"	"SRPK3"
"M2"	"IntAct"	"CCR7"
"M2"	"IntAct"	"CCL3"
"M2"	"IntAct"	"CCL4"
"M2"	"IntAct"	"DPP4"
"M2"	"IntAct"	"IDO1"
"M2"	"IntAct"	"PRKCQ"
"M2"	"IntAct"	"GRHL3"
"M2"	"IntAct"	"CAPN6"
"M2"	"IntAct"	"FGFR3"
"M2"	"IntAct"	"CIITA"
"M2"	"IntAct"	"MMP1"
"M2"	"IntAct"	"MAFB"
"M2"	"IntAct"	"APOE"
"M2"	"IntAct"	"IFIT1"
"M2"	"IntAct"	"CSF2RB"
"M2"	"IntAct"	"ITGB7"
"M2"	"IntAct"	"TIAM1"
"M2"	"IntAct"	"TFEC"
"M2"	"IntAct"	"IL2RA"
"M2"	"IntAct"	"ANGPTL4"
"M2"	"IntAct"	"CXCL8"
"M2"	"IntAct"	"PTPRC"
"M2"	"IntAct"	"HOXA3"
"M2"	"IntAct"	"DOCK2"
"M2"	"IntAct"	"FOSL1"
"M2"	"IntAct"	"HMGA2"
"M2"	"IntAct"	"FPR1"
"M2"	"IntAct"	"IL6"
"M2"	"IntAct"	"FCGR2B"
"M2"	"IntAct"	"CTSV"
"M2"	"IntAct"	"LCP1"
"M2"	"IntAct"	"CELSR3"
"M2"	"IntAct"	"SLC1A3"
"M2"	"IntAct"	"POU2AF1"
"M2"	"IntAct"	"FYB1"
"M2"	"IntAct"	"CASP1"
"M2"	"IntAct"	"CD8A"
"M2"	"IntAct"	"FCGR2A"
"M2"	"IntAct"	"PRKAR2B"
"M2"	"IntAct"	"CD2"
"M2"	"IntAct"	"HLA-DQA1"
"M2"	"IntAct"	"C1QA"
"M2"	"IntAct"	"SRGN"
"M2"	"IntAct"	"PFN2"
"M2"	"IntAct"	"LILRB5"
"M2"	"IntAct"	"CLEC7A"
"M2"	"IntAct"	"TDO2"
"M2"	"IntAct"	"BATF"
"M2"	"IntAct"	"SRCIN1"
"M2"	"IntAct"	"EIF4EBP3"
"M2"	"IntAct"	"CYBB"
"M2"	"IntAct"	"WNT4"
"M2"	"IntAct"	"CTLA4"
"M2"	"IntAct"	"FCER1G"
"M2"	"IntAct"	"CSF3R"
"M2"	"IntAct"	"SLAMF7"
"M2"	"IntAct"	"HK3"
"M2"	"IntAct"	"IKZF3"
"M2"	"IntAct"	"L3MBTL1"
"M2"	"IntAct"	"FGR"
"M2"	"IntAct"	"GZMA"
"M2"	"IntAct"	"ROBO2"
"M2"	"IntAct"	"RASGRP1"
"M2"	"IntAct"	"MX1"
"M2"	"IntAct"	"PDE9A"
"M2"	"IntAct"	"HLA-DMB"
"M2"	"IntAct"	"ITGB2"
"M2"	"IntAct"	"LAPTM5"
"M2"	"IntAct"	"MSR1"
"M2"	"IntAct"	"CD48"
"M2"	"IntAct"	"CCL5"
"M2"	"IntAct"	"PLEK"
"M2"	"IntAct"	"MARK1"
"M2"	"IntAct"	"PILRB"
"M2"	"IntAct"	"IL24"
"M2"	"IntAct"	"ASB9"
"M2"	"IntAct"	"HOXB2"
"M2"	"IntAct"	"PROC"
"M2"	"IntAct"	"HBB"
"M2"	"IntAct"	"MT2A"
"M2"	"IntAct"	"IL1B"
"M2"	"IntAct"	"ITGAM"
"M2"	"IntAct"	"RXFP4"
"M2"	"IntAct"	"ARHGAP4"
"M2"	"IntAct"	"GSTM3"
"M2"	"IntAct"	"CD79A"
"M2"	"IntAct"	"CD3D"
"M2"	"IntAct"	"HLA-G"
"M2"	"IntAct"	"HLA-DRB1"
"M2"	"IntAct"	"CXCL1"
"M2"	"IntAct"	"CXCL5"
"M2"	"IntAct"	"HLA-DRA"
"M2"	"IntAct"	"CD74"
"M2"	"IntAct"	"CCL22"
"M2"	"IntAct"	"PKP1"
"M2"	"IntAct"	"APOL1"
"M2"	"IntAct"	"C1QB"
"M2"	"IntAct"	"C1QC"
"M2"	"IntAct"	"COL4A5"
"M2"	"IntAct"	"CXCL10"
"M2"	"IntAct"	"BST2"
"M2"	"IntAct"	"CP"
"M2"	"IntAct"	"CD3G"
"M2"	"IntAct"	"S100B"
"M2"	"IntAct"	"S100A2"
"M2"	"IntAct"	"CCL18"
"M2"	"IntAct"	"NCF2"
"M2"	"IntAct"	"ANPEP"
"M2"	"IntAct"	"ODAM"
"M2"	"IntAct"	"ALOX5"
"M2"	"IntAct"	"OSM"
"M2"	"IntAct"	"OAS2"
"M2"	"IntAct"	"PTPN7"
"M2"	"IntAct"	"CD300LF"
"M2"	"IntAct"	"EPB41L4A"
"M2"	"IntAct"	"CD53"
"M2"	"IntAct"	"AGAP2"
"M2"	"IntAct"	"SIT1"
"M2"	"IntAct"	"EPHB3"
"M2"	"IntAct"	"HOXA7"
"M2"	"IntAct"	"AZGP1"
"M2"	"IntAct"	"CST7"
"M2"	"IntAct"	"CD7"
"M2"	"IntAct"	"PTPN13"
"M2"	"IntAct"	"EPHB6"
"M2"	"IntAct"	"KLHL6"
"M2"	"IntAct"	"SLC2A5"
"M2"	"IntAct"	"TPSAB1"
"M2"	"IntAct"	"SCN8A"
"M2"	"IntAct"	"MYH7B"
"M2"	"IntAct"	"HLA-DOA"
"M2"	"IntAct"	"PRF1"
"M2"	"IntAct"	"FOLH1"
"M2"	"IntAct"	"CXCL11"
"M2"	"IntAct"	"CXCL9"
"M2"	"IntAct"	"TIGIT"
"M2"	"IntAct"	"NEB"
"M2"	"IntAct"	"PTPRN2"
"M2"	"IntAct"	"TESC"
"M2"	"IntAct"	"ATOH8"
"M2"	"IntAct"	"FAIM2"
"M2"	"IntAct"	"AKR1C1"
"M2"	"IntAct"	"HOXA5"
"M2"	"IntAct"	"SNX20"
"M2"	"IntAct"	"VSNL1"
"M2"	"IntAct"	"TTBK1"
"M2"	"IntAct"	"GPNMB"
"M2"	"IntAct"	"KLK10"
"M2"	"IntAct"	"HLA-DPB1"
"M2"	"IntAct"	"MZB1"
"M2"	"IntAct"	"ZNF543"
"M2"	"IntAct"	"PROM1"
"M2"	"IntAct"	"PPP1R3G"
"M2"	"IntAct"	"LRMP"
"M2"	"IntAct"	"DPYD"
"M2"	"IntAct"	"SLC43A3"
"M2"	"IntAct"	"CD69"
"M2"	"IntAct"	"EDAR"
"M2"	"IntAct"	"SP140"
"M2"	"IntAct"	"CPVL"
"M2"	"IntAct"	"MPEG1"
"M2"	"IntAct"	"NKG7"
"M2"	"IntAct"	"NSG1"
"M2"	"IntAct"	"AQP7"
"M2"	"IntAct"	"AQP9"
"M2"	"IntAct"	"EMID1"
"M2"	"IntAct"	"GBP5"
"M2"	"IntAct"	"EGFL6"
"M2"	"MINT"	"SMAD9"
"M2"	"MINT"	"SORBS2"
"M2"	"MINT"	"GRIN2B"
"M2"	"MINT"	"BAG2"
"M2"	"MINT"	"MLF1"
"M2"	"MINT"	"LCK"
"M2"	"MINT"	"ISG15"
"M2"	"MINT"	"SULT2B1"
"M2"	"MINT"	"EPB41L3"
"M2"	"MINT"	"S100A8"
"M2"	"MINT"	"BMP4"
"M2"	"MINT"	"BMP7"
"M2"	"MINT"	"PIK3CG"
"M2"	"MINT"	"IKZF1"
"M2"	"MINT"	"CD3E"
"M2"	"MINT"	"SYT1"
"M2"	"MINT"	"HOXA1"
"M2"	"MINT"	"CXCL13"
"M2"	"MINT"	"DPP4"
"M2"	"MINT"	"PRKCQ"
"M2"	"MINT"	"FGFR3"
"M2"	"MINT"	"CD84"
"M2"	"MINT"	"CSF2RB"
"M2"	"MINT"	"ITGB7"
"M2"	"MINT"	"IL2RA"
"M2"	"MINT"	"PTPRC"
"M2"	"MINT"	"FOSL1"
"M2"	"MINT"	"IL6"
"M2"	"MINT"	"CSF1R"
"M2"	"MINT"	"FCGR2B"
"M2"	"MINT"	"CELSR3"
"M2"	"MINT"	"FYB1"
"M2"	"MINT"	"FCGR2A"
"M2"	"MINT"	"CD2"
"M2"	"MINT"	"HLA-DQA1"
"M2"	"MINT"	"SRGN"
"M2"	"MINT"	"PFN2"
"M2"	"MINT"	"LILRB5"
"M2"	"MINT"	"CLEC7A"
"M2"	"MINT"	"EIF4EBP3"
"M2"	"MINT"	"CTLA4"
"M2"	"MINT"	"FCER1G"
"M2"	"MINT"	"CSF3R"
"M2"	"MINT"	"IKZF3"
"M2"	"MINT"	"FGR"
"M2"	"MINT"	"PDE9A"
"M2"	"MINT"	"HLA-DMB"
"M2"	"MINT"	"ITGB2"
"M2"	"MINT"	"LAPTM5"
"M2"	"MINT"	"CCL5"
"M2"	"MINT"	"PLEK"
"M2"	"MINT"	"ASB9"
"M2"	"MINT"	"IL1B"
"M2"	"MINT"	"ITGAM"
"M2"	"MINT"	"ARHGAP4"
"M2"	"MINT"	"GSTM3"
"M2"	"MINT"	"CD3D"
"M2"	"MINT"	"HLA-DRB1"
"M2"	"MINT"	"HLA-DRA"
"M2"	"MINT"	"CD74"
"M2"	"MINT"	"APOC1"
"M2"	"MINT"	"HLA-DPA1"
"M2"	"MINT"	"S100B"
"M2"	"MINT"	"S100A2"
"M2"	"MINT"	"CCL18"
"M2"	"MINT"	"NCF2"
"M2"	"MINT"	"ANPEP"
"M2"	"MINT"	"ODAM"
"M2"	"MINT"	"PTPN7"
"M2"	"MINT"	"CD300LF"
"M2"	"MINT"	"IL11"
"M2"	"MINT"	"SIT1"
"M2"	"MINT"	"CST7"
"M2"	"MINT"	"CD7"
"M2"	"MINT"	"PTPN13"
"M2"	"MINT"	"EPHB6"
"M2"	"MINT"	"NEB"
"M2"	"MINT"	"PTPRN2"
"M2"	"MINT"	"TESC"
"M2"	"MINT"	"PPP1R9A"
"M2"	"MINT"	"VSNL1"
"M2"	"MINT"	"KLK10"
"M2"	"MINT"	"HLA-DPB1"
"M2"	"MINT"	"EGFL6"
"M2"	"HPRD"	"SMAD9"
"M2"	"HPRD"	"MMP3"
"M2"	"HPRD"	"UBD"
"M2"	"HPRD"	"SORBS2"
"M2"	"HPRD"	"GRIN2B"
"M2"	"HPRD"	"BAG2"
"M2"	"HPRD"	"MLF1"
"M2"	"HPRD"	"TYROBP"
"M2"	"HPRD"	"LCK"
"M2"	"HPRD"	"CXCR4"
"M2"	"HPRD"	"ISG15"
"M2"	"HPRD"	"IL7R"
"M2"	"HPRD"	"SULT2B1"
"M2"	"HPRD"	"BCL2A1"
"M2"	"HPRD"	"EPB41L3"
"M2"	"HPRD"	"S100A8"
"M2"	"HPRD"	"CD36"
"M2"	"HPRD"	"IRF4"
"M2"	"HPRD"	"TLR1"
"M2"	"HPRD"	"PYGL"
"M2"	"HPRD"	"PDX1"
"M2"	"HPRD"	"BMP4"
"M2"	"HPRD"	"BMP7"
"M2"	"HPRD"	"SOX6"
"M2"	"HPRD"	"GZMB"
"M2"	"HPRD"	"PIK3CG"
"M2"	"HPRD"	"ATP1A3"
"M2"	"HPRD"	"S100A9"
"M2"	"HPRD"	"IKZF1"
"M2"	"HPRD"	"MNDA"
"M2"	"HPRD"	"BAIAP3"
"M2"	"HPRD"	"PRKCB"
"M2"	"HPRD"	"CD3E"
"M2"	"HPRD"	"HOXA9"
"M2"	"HPRD"	"NR0B2"
"M2"	"HPRD"	"SYT1"
"M2"	"HPRD"	"NELL2"
"M2"	"HPRD"	"HOXA1"
"M2"	"HPRD"	"CXCL13"
"M2"	"HPRD"	"CCR7"
"M2"	"HPRD"	"CCL3"
"M2"	"HPRD"	"CCL4"
"M2"	"HPRD"	"SELL"
"M2"	"HPRD"	"DPP4"
"M2"	"HPRD"	"WNK4"
"M2"	"HPRD"	"IDO1"
"M2"	"HPRD"	"PRKCQ"
"M2"	"HPRD"	"GRHL3"
"M2"	"HPRD"	"FGFR3"
"M2"	"HPRD"	"HOXA13"
"M2"	"HPRD"	"CIITA"
"M2"	"HPRD"	"MMP1"
"M2"	"HPRD"	"CD84"
"M2"	"HPRD"	"MAFB"
"M2"	"HPRD"	"APOE"
"M2"	"HPRD"	"IFIT1"
"M2"	"HPRD"	"CSF2RB"
"M2"	"HPRD"	"ITGB7"
"M2"	"HPRD"	"PTGS2"
"M2"	"HPRD"	"TIAM1"
"M2"	"HPRD"	"TFEC"
"M2"	"HPRD"	"IL2RA"
"M2"	"HPRD"	"CXCL8"
"M2"	"HPRD"	"DOCK2"
"M2"	"HPRD"	"FOSL1"
"M2"	"HPRD"	"HMGA2"
"M2"	"HPRD"	"FPR1"
"M2"	"HPRD"	"IL6"
"M2"	"HPRD"	"MLXIPL"
"M2"	"HPRD"	"CSF1R"
"M2"	"HPRD"	"FCGR2B"
"M2"	"HPRD"	"LCP1"
"M2"	"HPRD"	"CELSR3"
"M2"	"HPRD"	"POU2AF1"
"M2"	"HPRD"	"NRCAM"
"M2"	"HPRD"	"FYB1"
"M2"	"HPRD"	"CASP1"
"M2"	"HPRD"	"CD8A"
"M2"	"HPRD"	"FCGR2A"
"M2"	"HPRD"	"PRKAR2B"
"M2"	"HPRD"	"CD2"
"M2"	"HPRD"	"HLA-DQA1"
"M2"	"HPRD"	"C1QA"
"M2"	"HPRD"	"SRGN"
"M2"	"HPRD"	"PFN2"
"M2"	"HPRD"	"CD79B"
"M2"	"HPRD"	"RARRES3"
"M2"	"HPRD"	"TREM1"
"M2"	"HPRD"	"TREM2"
"M2"	"HPRD"	"TDO2"
"M2"	"HPRD"	"BATF"
"M2"	"HPRD"	"SRCIN1"
"M2"	"HPRD"	"EIF4EBP3"
"M2"	"HPRD"	"CYBB"
"M2"	"HPRD"	"CTLA4"
"M2"	"HPRD"	"FCER1G"
"M2"	"HPRD"	"CSF3R"
"M2"	"HPRD"	"SHH"
"M2"	"HPRD"	"SLAMF6"
"M2"	"HPRD"	"SLAMF7"
"M2"	"HPRD"	"HK3"
"M2"	"HPRD"	"IKZF3"
"M2"	"HPRD"	"L3MBTL1"
"M2"	"HPRD"	"DERL3"
"M2"	"HPRD"	"FGR"
"M2"	"HPRD"	"GZMA"
"M2"	"HPRD"	"ROBO2"
"M2"	"HPRD"	"SPAG16"
"M2"	"HPRD"	"RASGRP1"
"M2"	"HPRD"	"MX1"
"M2"	"HPRD"	"PDE9A"
"M2"	"HPRD"	"HLA-DRB5"
"M2"	"HPRD"	"LAPTM5"
"M2"	"HPRD"	"MSR1"
"M2"	"HPRD"	"CD48"
"M2"	"HPRD"	"CCL5"
"M2"	"HPRD"	"PLEK"
"M2"	"HPRD"	"MARK1"
"M2"	"HPRD"	"PILRB"
"M2"	"HPRD"	"ASB9"
"M2"	"HPRD"	"HOXB2"
"M2"	"HPRD"	"PROC"
"M2"	"HPRD"	"HBB"
"M2"	"HPRD"	"CFD"
"M2"	"HPRD"	"LAMA1"
"M2"	"HPRD"	"MMP12"
"M2"	"HPRD"	"MT2A"
"M2"	"HPRD"	"IL1B"
"M2"	"HPRD"	"CFI"
"M2"	"HPRD"	"ITGAM"
"M2"	"HPRD"	"ITGAX"
"M2"	"HPRD"	"C3AR1"
"M2"	"HPRD"	"VSIG4"
"M2"	"HPRD"	"RXFP4"
"M2"	"HPRD"	"ARHGAP4"
"M2"	"HPRD"	"GSTM3"
"M2"	"HPRD"	"HLA-DQA2"
"M2"	"HPRD"	"HLA-DQB1"
"M2"	"HPRD"	"CD79A"
"M2"	"HPRD"	"CD3D"
"M2"	"HPRD"	"HLA-G"
"M2"	"HPRD"	"HLA-DRB1"
"M2"	"HPRD"	"CXCL1"
"M2"	"HPRD"	"CXCL5"
"M2"	"HPRD"	"JCHAIN"
"M2"	"HPRD"	"KLRD1"
"M2"	"HPRD"	"HLA-DRA"
"M2"	"HPRD"	"CD74"
"M2"	"HPRD"	"COL9A1"
"M2"	"HPRD"	"CCL22"
"M2"	"HPRD"	"PKP1"
"M2"	"HPRD"	"APOL1"
"M2"	"HPRD"	"APOC1"
"M2"	"HPRD"	"FCGR3A"
"M2"	"HPRD"	"C1QB"
"M2"	"HPRD"	"C1QC"
"M2"	"HPRD"	"COL4A5"
"M2"	"HPRD"	"CXCL10"
"M2"	"HPRD"	"CD3G"
"M2"	"HPRD"	"HLA-DPA1"
"M2"	"HPRD"	"S100B"
"M2"	"HPRD"	"S100A2"
"M2"	"HPRD"	"CCL18"
"M2"	"HPRD"	"NCF2"
"M2"	"HPRD"	"ANPEP"
"M2"	"HPRD"	"IFI6"
"M2"	"HPRD"	"ALOX5"
"M2"	"HPRD"	"OSM"
"M2"	"HPRD"	"CD300LF"
"M2"	"HPRD"	"CD53"
"M2"	"HPRD"	"IL11"
"M2"	"HPRD"	"AGAP2"
"M2"	"HPRD"	"CD38"
"M2"	"HPRD"	"SIT1"
"M2"	"HPRD"	"EPHB3"
"M2"	"HPRD"	"CD209"
"M2"	"HPRD"	"AZGP1"
"M2"	"HPRD"	"CST7"
"M2"	"HPRD"	"CD7"
"M2"	"HPRD"	"BANK1"
"M2"	"HPRD"	"IL21R"
"M2"	"HPRD"	"SLC5A1"
"M2"	"HPRD"	"PTPN13"
"M2"	"HPRD"	"TPSAB1"
"M2"	"HPRD"	"SCN8A"
"M2"	"HPRD"	"SECTM1"
"M2"	"HPRD"	"ADRA2C"
"M2"	"HPRD"	"HLA-DOA"
"M2"	"HPRD"	"PRF1"
"M2"	"HPRD"	"CXCL11"
"M2"	"HPRD"	"CXCL9"
"M2"	"HPRD"	"SOSTDC1"
"M2"	"HPRD"	"PTPRN2"
"M2"	"HPRD"	"SYTL5"
"M2"	"HPRD"	"LY6E"
"M2"	"HPRD"	"PPP1R9A"
"M2"	"HPRD"	"FAIM2"
"M2"	"HPRD"	"AKR1C1"
"M2"	"HPRD"	"CD274"
"M2"	"HPRD"	"HOXA5"
"M2"	"HPRD"	"VSNL1"
"M2"	"HPRD"	"ANXA13"
"M2"	"HPRD"	"TTBK1"
"M2"	"HPRD"	"KCNN4"
"M2"	"HPRD"	"KLK10"
"M2"	"HPRD"	"CCL24"
"M2"	"HPRD"	"MZB1"
"M2"	"HPRD"	"CD69"
"M2"	"HPRD"	"EDAR"
"M2"	"HPRD"	"NSG1"
"M2"	"HPRD"	"EMID1"
"M2"	"HPRD"	"GBP5"
"M2"	"INNATEDB"	"MMP3"
"M2"	"INNATEDB"	"MLF1"
"M2"	"INNATEDB"	"TYROBP"
"M2"	"INNATEDB"	"LCK"
"M2"	"INNATEDB"	"CXCR4"
"M2"	"INNATEDB"	"ISG15"
"M2"	"INNATEDB"	"IL7R"
"M2"	"INNATEDB"	"BCL2A1"
"M2"	"INNATEDB"	"S100A8"
"M2"	"INNATEDB"	"CD36"
"M2"	"INNATEDB"	"IRF4"
"M2"	"INNATEDB"	"TLR1"
"M2"	"INNATEDB"	"BMP4"
"M2"	"INNATEDB"	"BMP7"
"M2"	"INNATEDB"	"GZMB"
"M2"	"INNATEDB"	"PIK3CG"
"M2"	"INNATEDB"	"S100A9"
"M2"	"INNATEDB"	"IKZF1"
"M2"	"INNATEDB"	"PRKCB"
"M2"	"INNATEDB"	"HOXA9"
"M2"	"INNATEDB"	"NR0B2"
"M2"	"INNATEDB"	"CCR7"
"M2"	"INNATEDB"	"CCL3"
"M2"	"INNATEDB"	"SELL"
"M2"	"INNATEDB"	"DPP4"
"M2"	"INNATEDB"	"IDO1"
"M2"	"INNATEDB"	"PRKCQ"
"M2"	"INNATEDB"	"CIITA"
"M2"	"INNATEDB"	"MMP1"
"M2"	"INNATEDB"	"MAFB"
"M2"	"INNATEDB"	"IFIT1"
"M2"	"INNATEDB"	"CSF2RB"
"M2"	"INNATEDB"	"ITGB7"
"M2"	"INNATEDB"	"PTGS2"
"M2"	"INNATEDB"	"TIAM1"
"M2"	"INNATEDB"	"IL2RA"
"M2"	"INNATEDB"	"CXCL8"
"M2"	"INNATEDB"	"FOSL1"
"M2"	"INNATEDB"	"HMGA2"
"M2"	"INNATEDB"	"IL6"
"M2"	"INNATEDB"	"CSF1R"
"M2"	"INNATEDB"	"LCP1"
"M2"	"INNATEDB"	"CELSR3"
"M2"	"INNATEDB"	"FYB1"
"M2"	"INNATEDB"	"CASP1"
"M2"	"INNATEDB"	"RSAD2"
"M2"	"INNATEDB"	"FCGR2A"
"M2"	"INNATEDB"	"C1QA"
"M2"	"INNATEDB"	"PFN2"
"M2"	"INNATEDB"	"RARRES3"
"M2"	"INNATEDB"	"TREM1"
"M2"	"INNATEDB"	"CLEC7A"
"M2"	"INNATEDB"	"BATF"
"M2"	"INNATEDB"	"CYBB"
"M2"	"INNATEDB"	"CTLA4"
"M2"	"INNATEDB"	"CSF3R"
"M2"	"INNATEDB"	"IKZF3"
"M2"	"INNATEDB"	"GZMA"
"M2"	"INNATEDB"	"RASGRP1"
"M2"	"INNATEDB"	"MX1"
"M2"	"INNATEDB"	"ITGB2"
"M2"	"INNATEDB"	"LAPTM5"
"M2"	"INNATEDB"	"MSR1"
"M2"	"INNATEDB"	"IL1B"
"M2"	"INNATEDB"	"CFI"
"M2"	"INNATEDB"	"ITGAM"
"M2"	"INNATEDB"	"ITGAX"
"M2"	"INNATEDB"	"C3AR1"
"M2"	"INNATEDB"	"CXCL1"
"M2"	"INNATEDB"	"CXCL5"
"M2"	"INNATEDB"	"KLRD1"
"M2"	"INNATEDB"	"HLA-DRA"
"M2"	"INNATEDB"	"CCL22"
"M2"	"INNATEDB"	"CXCL10"
"M2"	"INNATEDB"	"CD3G"
"M2"	"INNATEDB"	"S100B"
"M2"	"INNATEDB"	"NCF2"
"M2"	"INNATEDB"	"IFI6"
"M2"	"INNATEDB"	"ALOX5"
"M2"	"INNATEDB"	"OSM"
"M2"	"INNATEDB"	"OAS2"
"M2"	"INNATEDB"	"IL11"
"M2"	"INNATEDB"	"CD38"
"M2"	"INNATEDB"	"BANK1"
"M2"	"INNATEDB"	"IL21R"
"M2"	"INNATEDB"	"PTPN13"
"M2"	"INNATEDB"	"TPSAB1"
"M2"	"INNATEDB"	"ADRA2C"
"M2"	"INNATEDB"	"PRF1"
"M2"	"INNATEDB"	"FOLH1"
"M2"	"INNATEDB"	"CXCL11"
"M2"	"INNATEDB"	"ERAP2"
"M2"	"INNATEDB"	"CXCL9"
"M2"	"INNATEDB"	"SOSTDC1"
"M2"	"INNATEDB"	"FOXQ1"
"M2"	"INNATEDB"	"LILRB2"
"M2"	"INNATEDB"	"TIGIT"
"M2"	"INNATEDB"	"CGREF1"
"M2"	"INNATEDB"	"TESC"
"M2"	"INNATEDB"	"CCL24"
"M2"	"INNATEDB"	"LAG3"
"M2"	"INNATEDB"	"CD69"
"M2"	"INNATEDB"	"AQP9"
"M2"	"IntAct_Mouse"	"GRIN2B"
"M2"	"IntAct_Mouse"	"MLF1"
"M2"	"IntAct_Mouse"	"LCK"
"M2"	"IntAct_Mouse"	"ISG15"
"M2"	"IntAct_Mouse"	"SULT2B1"
"M2"	"IntAct_Mouse"	"S100A8"
"M2"	"IntAct_Mouse"	"PDX1"
"M2"	"IntAct_Mouse"	"PIK3CG"
"M2"	"IntAct_Mouse"	"S100A9"
"M2"	"IntAct_Mouse"	"PRKCB"
"M2"	"IntAct_Mouse"	"CD27"
"M2"	"IntAct_Mouse"	"NR0B2"
"M2"	"IntAct_Mouse"	"SYT1"
"M2"	"IntAct_Mouse"	"WNK4"
"M2"	"IntAct_Mouse"	"IDO1"
"M2"	"IntAct_Mouse"	"PTGS2"
"M2"	"IntAct_Mouse"	"LCP1"
"M2"	"IntAct_Mouse"	"NRCAM"
"M2"	"IntAct_Mouse"	"FYB1"
"M2"	"IntAct_Mouse"	"CD8A"
"M2"	"IntAct_Mouse"	"PRKAR2B"
"M2"	"IntAct_Mouse"	"HLA-DQA1"
"M2"	"IntAct_Mouse"	"PFN2"
"M2"	"IntAct_Mouse"	"BATF"
"M2"	"IntAct_Mouse"	"SRCIN1"
"M2"	"IntAct_Mouse"	"CYBB"
"M2"	"IntAct_Mouse"	"CTLA4"
"M2"	"IntAct_Mouse"	"FCER1G"
"M2"	"IntAct_Mouse"	"FGR"
"M2"	"IntAct_Mouse"	"HLA-DRB5"
"M2"	"IntAct_Mouse"	"ITGB2"
"M2"	"IntAct_Mouse"	"MSR1"
"M2"	"IntAct_Mouse"	"LAMA1"
"M2"	"IntAct_Mouse"	"CP"
"M2"	"IntAct_Mouse"	"ANPEP"
"M2"	"IntAct_Mouse"	"FABP6"
"M2"	"IntAct_Mouse"	"AGAP2"
"M2"	"IntAct_Mouse"	"BANK1"
"M2"	"IntAct_Mouse"	"PTPN13"
"M2"	"IntAct_Mouse"	"MRC1"
"M2"	"IntAct_Mouse"	"GJC2"
"M2"	"IntAct_Mouse"	"PTPRN2"
"M2"	"IntAct_Mouse"	"CD274"
"M2"	"IntAct_Mouse"	"SLC17A9"
"M2"	"IntAct_Mouse"	"GPNMB"
"M2"	"IntAct_Mouse"	"LRMP"
"M2"	"BIND_Rat"	"SORBS2"
"M2"	"BIND_Rat"	"GRIN2B"
"M2"	"BIND_Rat"	"DOC2B"
"M2"	"BIND_Rat"	"PRKCB"
"M2"	"BIND_Rat"	"SYT1"
"M2"	"BIND_Rat"	"CD2"
"M2"	"BIND_Rat"	"CD48"
"M2"	"BIND_Rat"	"S100B"
"M2"	"BIND_Rat"	"PPP1R9A"
"M2"	"BIND_Rat"	"NSG1"
"M2"	"BCI"	"TYROBP"
"M2"	"BCI"	"LCK"
"M2"	"BCI"	"CXCR4"
"M2"	"BCI"	"IL7R"
"M2"	"BCI"	"BCL2A1"
"M2"	"BCI"	"EPB41L3"
"M2"	"BCI"	"S100A8"
"M2"	"BCI"	"IRF4"
"M2"	"BCI"	"TLR1"
"M2"	"BCI"	"BMP7"
"M2"	"BCI"	"GZMB"
"M2"	"BCI"	"PIK3CG"
"M2"	"BCI"	"IKZF1"
"M2"	"BCI"	"MNDA"
"M2"	"BCI"	"PRKCB"
"M2"	"BCI"	"CD3E"
"M2"	"BCI"	"CD27"
"M2"	"BCI"	"SRPK3"
"M2"	"BCI"	"CCR7"
"M2"	"BCI"	"CCL3"
"M2"	"BCI"	"SELL"
"M2"	"BCI"	"PRKCQ"
"M2"	"BCI"	"CIITA"
"M2"	"BCI"	"APOE"
"M2"	"BCI"	"IFIT1"
"M2"	"BCI"	"CSF2RB"
"M2"	"BCI"	"ITGB7"
"M2"	"BCI"	"TIAM1"
"M2"	"BCI"	"IL2RA"
"M2"	"BCI"	"CXCL8"
"M2"	"BCI"	"PTPRC"
"M2"	"BCI"	"DOCK2"
"M2"	"BCI"	"IL6"
"M2"	"BCI"	"FCGR2B"
"M2"	"BCI"	"LCP1"
"M2"	"BCI"	"CELSR3"
"M2"	"BCI"	"POU2AF1"
"M2"	"BCI"	"FYB1"
"M2"	"BCI"	"CASP1"
"M2"	"BCI"	"CD8A"
"M2"	"BCI"	"FCGR2A"
"M2"	"BCI"	"PRKAR2B"
"M2"	"BCI"	"CD2"
"M2"	"BCI"	"SRGN"
"M2"	"BCI"	"PFN2"
"M2"	"BCI"	"CD79B"
"M2"	"BCI"	"CYBB"
"M2"	"BCI"	"FCER1G"
"M2"	"BCI"	"CSF3R"
"M2"	"BCI"	"HK3"
"M2"	"BCI"	"FGR"
"M2"	"BCI"	"GZMA"
"M2"	"BCI"	"MX1"
"M2"	"BCI"	"HLA-DMB"
"M2"	"BCI"	"ITGB2"
"M2"	"BCI"	"CD48"
"M2"	"BCI"	"CCL5"
"M2"	"BCI"	"HOXB2"
"M2"	"BCI"	"CFD"
"M2"	"BCI"	"MMP12"
"M2"	"BCI"	"MT2A"
"M2"	"BCI"	"IL1B"
"M2"	"BCI"	"ITGAX"
"M2"	"BCI"	"ARHGAP4"
"M2"	"BCI"	"CD79A"
"M2"	"BCI"	"CD3D"
"M2"	"BCI"	"HLA-G"
"M2"	"BCI"	"HLA-DRA"
"M2"	"BCI"	"CD74"
"M2"	"BCI"	"COL9A1"
"M2"	"BCI"	"CCL22"
"M2"	"BCI"	"PKP1"
"M2"	"BCI"	"FCGR3A"
"M2"	"BCI"	"C1QB"
"M2"	"BCI"	"CP"
"M2"	"BCI"	"S100A2"
"M2"	"BCI"	"NCF2"
"M2"	"BCI"	"ALOX5"
"M2"	"BCI"	"CD38"
"M2"	"BCI"	"CD7"
"M2"	"BCI"	"PTPN13"
"M2"	"BCI"	"EPHB6"
"M2"	"BCI"	"ADRA2C"
"M2"	"BCI"	"IL1RN"
"M2"	"BCI"	"NEB"
"M2"	"BCI"	"LY6E"
"M2"	"BCI"	"KLRB1"
"M2"	"BCI"	"LAG3"
"M2"	"DIP_Fly"	"BAG2"
"M2"	"DIP_Fly"	"ATP1A3"
"M2"	"DIP_Fly"	"CTSV"
"M2"	"DIP_Fly"	"NRCAM"
"M2"	"DIP_Fly"	"WNT4"
"M2"	"DIP_Fly"	"ROBO2"
"M2"	"INNATEDB_Mouse"	"SMAD9"
"M2"	"INNATEDB_Mouse"	"LCK"
"M2"	"INNATEDB_Mouse"	"ISG15"
"M2"	"INNATEDB_Mouse"	"IL7R"
"M2"	"INNATEDB_Mouse"	"S100A8"
"M2"	"INNATEDB_Mouse"	"IRF4"
"M2"	"INNATEDB_Mouse"	"TLR1"
"M2"	"INNATEDB_Mouse"	"PIK3CG"
"M2"	"INNATEDB_Mouse"	"PRKCB"
"M2"	"INNATEDB_Mouse"	"CD27"
"M2"	"INNATEDB_Mouse"	"CCR7"
"M2"	"INNATEDB_Mouse"	"CCL4"
"M2"	"INNATEDB_Mouse"	"SELL"
"M2"	"INNATEDB_Mouse"	"IDO1"
"M2"	"INNATEDB_Mouse"	"PRKCQ"
"M2"	"INNATEDB_Mouse"	"HOXA13"
"M2"	"INNATEDB_Mouse"	"CIITA"
"M2"	"INNATEDB_Mouse"	"TIAM1"
"M2"	"INNATEDB_Mouse"	"IL2RA"
"M2"	"INNATEDB_Mouse"	"IL6"
"M2"	"INNATEDB_Mouse"	"KYNU"
"M2"	"INNATEDB_Mouse"	"CSF1R"
"M2"	"INNATEDB_Mouse"	"FYB1"
"M2"	"INNATEDB_Mouse"	"CASP1"
"M2"	"INNATEDB_Mouse"	"RSAD2"
"M2"	"INNATEDB_Mouse"	"TREM1"
"M2"	"INNATEDB_Mouse"	"TREM2"
"M2"	"INNATEDB_Mouse"	"BATF"
"M2"	"INNATEDB_Mouse"	"CYBB"
"M2"	"INNATEDB_Mouse"	"CTLA4"
"M2"	"INNATEDB_Mouse"	"FCER1G"
"M2"	"INNATEDB_Mouse"	"CSF3R"
"M2"	"INNATEDB_Mouse"	"SHH"
"M2"	"INNATEDB_Mouse"	"HK3"
"M2"	"INNATEDB_Mouse"	"FGR"
"M2"	"INNATEDB_Mouse"	"CPA3"
"M2"	"INNATEDB_Mouse"	"MSR1"
"M2"	"INNATEDB_Mouse"	"CCL5"
"M2"	"INNATEDB_Mouse"	"PLEK"
"M2"	"INNATEDB_Mouse"	"IL24"
"M2"	"INNATEDB_Mouse"	"MMP12"
"M2"	"INNATEDB_Mouse"	"IL1B"
"M2"	"INNATEDB_Mouse"	"RXFP4"
"M2"	"INNATEDB_Mouse"	"CD79A"
"M2"	"INNATEDB_Mouse"	"CD74"
"M2"	"INNATEDB_Mouse"	"NCF2"
"M2"	"INNATEDB_Mouse"	"CD53"
"M2"	"INNATEDB_Mouse"	"HOXA7"
"M2"	"INNATEDB_Mouse"	"FCRL5"
"M2"	"INNATEDB_Mouse"	"FGL2"
"M2"	"INNATEDB_Mouse"	"MRC1"
"M2"	"INNATEDB_Mouse"	"PRF1"
"M2"	"INNATEDB_Mouse"	"SIGLEC1"
"M2"	"INNATEDB_Mouse"	"CD274"
"M2"	"INNATEDB_Mouse"	"MZB1"
"M2"	"INNATEDB_Mouse"	"IL17RD"
"M2"	"YeastLow"	"PYGL"
"M2"	"YeastLow"	"PABPC1L"
"M2"	"YeastLow"	"KYNU"
"M2"	"YeastLow"	"LCP1"
"M2"	"YeastLow"	"CPA3"
"M2"	"IntAct_Rat"	"SORBS2"
"M2"	"IntAct_Rat"	"GRIN2B"
"M2"	"IntAct_Rat"	"PDX1"
"M2"	"IntAct_Rat"	"ATP1A3"
"M2"	"IntAct_Rat"	"SYT1"
"M2"	"IntAct_Rat"	"PTPRC"
"M2"	"IntAct_Rat"	"SRCIN1"
"M2"	"IntAct_Rat"	"AGAP2"
"M2"	"IntAct_Rat"	"CACNA2D2"
"M2"	"IntAct_Rat"	"PPP1R9A"
"M2"	"IntAct_Rat"	"CNGA1"
"M2"	"MINT_Rat"	"SORBS2"
"M2"	"MINT_Rat"	"GRIN2B"
"M2"	"MINT_Rat"	"PDX1"
"M2"	"MINT_Rat"	"SYT1"
"M2"	"MINT_Rat"	"PPP1R9A"
"M2"	"MINT_Rat"	"CNGA1"
"M2"	"BIND"	"SMAD9"
"M2"	"BIND"	"MMP3"
"M2"	"BIND"	"SORBS2"
"M2"	"BIND"	"MLF1"
"M2"	"BIND"	"LCK"
"M2"	"BIND"	"CXCR4"
"M2"	"BIND"	"EPB41L3"
"M2"	"BIND"	"S100A8"
"M2"	"BIND"	"PYGL"
"M2"	"BIND"	"BMP4"
"M2"	"BIND"	"GZMB"
"M2"	"BIND"	"PIK3CG"
"M2"	"BIND"	"S100A9"
"M2"	"BIND"	"CCL4"
"M2"	"BIND"	"SELL"
"M2"	"BIND"	"DPP4"
"M2"	"BIND"	"PRKCQ"
"M2"	"BIND"	"FGFR3"
"M2"	"BIND"	"MMP1"
"M2"	"BIND"	"MAFB"
"M2"	"BIND"	"APOE"
"M2"	"BIND"	"CSF2RB"
"M2"	"BIND"	"PTGS2"
"M2"	"BIND"	"CXCL8"
"M2"	"BIND"	"PTPRC"
"M2"	"BIND"	"DOCK2"
"M2"	"BIND"	"FOSL1"
"M2"	"BIND"	"IL6"
"M2"	"BIND"	"CSF1R"
"M2"	"BIND"	"CELSR3"
"M2"	"BIND"	"NRCAM"
"M2"	"BIND"	"CASP1"
"M2"	"BIND"	"CD8A"
"M2"	"BIND"	"CD2"
"M2"	"BIND"	"PFN2"
"M2"	"BIND"	"TREM1"
"M2"	"BIND"	"BATF"
"M2"	"BIND"	"CTLA4"
"M2"	"BIND"	"HK3"
"M2"	"BIND"	"MX1"
"M2"	"BIND"	"HLA-DMB"
"M2"	"BIND"	"HLA-DRB5"
"M2"	"BIND"	"ITGB2"
"M2"	"BIND"	"LAPTM5"
"M2"	"BIND"	"CCL5"
"M2"	"BIND"	"PROC"
"M2"	"BIND"	"HBB"
"M2"	"BIND"	"MMP12"
"M2"	"BIND"	"GSTM3"
"M2"	"BIND"	"CD3D"
"M2"	"BIND"	"HLA-DRB1"
"M2"	"BIND"	"CXCL1"
"M2"	"BIND"	"HLA-DRA"
"M2"	"BIND"	"CD74"
"M2"	"BIND"	"CXCL10"
"M2"	"BIND"	"S100B"
"M2"	"BIND"	"NCF2"
"M2"	"BIND"	"ALOX5"
"M2"	"BIND"	"CD38"
"M2"	"BIND"	"EPHB3"
"M2"	"BIND"	"CD209"
"M2"	"BIND"	"AZGP1"
"M2"	"BIND"	"EPHB6"
"M2"	"BIND"	"TPSAB1"
"M2"	"BIND"	"IL1RN"
"M2"	"BIND"	"PTPRN2"
"M2"	"BIND"	"AKR1C1"
"M2"	"BIND"	"HOXA5"
"M2"	"BIND"	"AKR1C2"
"M2"	"BIND"	"CD69"
"M2"	"BIND_Mouse"	"MMP3"
"M2"	"BIND_Mouse"	"LCK"
"M2"	"BIND_Mouse"	"S100A8"
"M2"	"BIND_Mouse"	"PDX1"
"M2"	"BIND_Mouse"	"BMP4"
"M2"	"BIND_Mouse"	"BMP7"
"M2"	"BIND_Mouse"	"PIK3CG"
"M2"	"BIND_Mouse"	"S100A9"
"M2"	"BIND_Mouse"	"CD3E"
"M2"	"BIND_Mouse"	"PRKCQ"
"M2"	"BIND_Mouse"	"HOXA13"
"M2"	"BIND_Mouse"	"PTGS2"
"M2"	"BIND_Mouse"	"CSF1R"
"M2"	"BIND_Mouse"	"LCP1"
"M2"	"BIND_Mouse"	"HLA-DQA1"
"M2"	"BIND_Mouse"	"WNT4"
"M2"	"BIND_Mouse"	"CTLA4"
"M2"	"BIND_Mouse"	"FGR"
"M2"	"BIND_Mouse"	"HLA-G"
"M2"	"BIND_Mouse"	"CD3G"
"M2"	"BioGrid_Fly"	"BAG2"
"M2"	"BioGrid_Fly"	"BMP7"
"M2"	"BioGrid_Fly"	"ATP1A3"
"M2"	"BioGrid_Fly"	"SPTBN5"
"M2"	"BioGrid_Fly"	"DPP4"
"M2"	"BioGrid_Fly"	"FGFR3"
"M2"	"BioGrid_Fly"	"CTSV"
"M2"	"BioGrid_Fly"	"LCP1"
"M2"	"BioGrid_Fly"	"NRCAM"
"M2"	"BioGrid_Fly"	"SHH"
"M2"	"BioGrid_Fly"	"DPYD"
"M2"	"BioGrid_Fly"	"GOLGA7B"
"M2"	"BioGrid_Fly"	"SLC37A2"
"M2"	"BioGrid_Mouse"	"SMAD9"
"M2"	"BioGrid_Mouse"	"SORBS2"
"M2"	"BioGrid_Mouse"	"GRIN2B"
"M2"	"BioGrid_Mouse"	"MLF1"
"M2"	"BioGrid_Mouse"	"TYROBP"
"M2"	"BioGrid_Mouse"	"LCK"
"M2"	"BioGrid_Mouse"	"ISG15"
"M2"	"BioGrid_Mouse"	"IRF4"
"M2"	"BioGrid_Mouse"	"PDX1"
"M2"	"BioGrid_Mouse"	"BMP4"
"M2"	"BioGrid_Mouse"	"SOX6"
"M2"	"BioGrid_Mouse"	"PIK3CG"
"M2"	"BioGrid_Mouse"	"IKZF1"
"M2"	"BioGrid_Mouse"	"CD3E"
"M2"	"BioGrid_Mouse"	"CD27"
"M2"	"BioGrid_Mouse"	"HOXA9"
"M2"	"BioGrid_Mouse"	"NR0B2"
"M2"	"BioGrid_Mouse"	"HOXA1"
"M2"	"BioGrid_Mouse"	"IDO1"
"M2"	"BioGrid_Mouse"	"PRKCQ"
"M2"	"BioGrid_Mouse"	"HOXA13"
"M2"	"BioGrid_Mouse"	"CIITA"
"M2"	"BioGrid_Mouse"	"MAFB"
"M2"	"BioGrid_Mouse"	"APOE"
"M2"	"BioGrid_Mouse"	"PTGS2"
"M2"	"BioGrid_Mouse"	"TIAM1"
"M2"	"BioGrid_Mouse"	"PTPRC"
"M2"	"BioGrid_Mouse"	"MLXIPL"
"M2"	"BioGrid_Mouse"	"CSF1R"
"M2"	"BioGrid_Mouse"	"FCGR2B"
"M2"	"BioGrid_Mouse"	"LCP1"
"M2"	"BioGrid_Mouse"	"SLC1A3"
"M2"	"BioGrid_Mouse"	"NRCAM"
"M2"	"BioGrid_Mouse"	"RSAD2"
"M2"	"BioGrid_Mouse"	"PFN2"
"M2"	"BioGrid_Mouse"	"WNT4"
"M2"	"BioGrid_Mouse"	"CTLA4"
"M2"	"BioGrid_Mouse"	"FCER1G"
"M2"	"BioGrid_Mouse"	"CSF3R"
"M2"	"BioGrid_Mouse"	"SHH"
"M2"	"BioGrid_Mouse"	"IKZF3"
"M2"	"BioGrid_Mouse"	"FGR"
"M2"	"BioGrid_Mouse"	"SPAG16"
"M2"	"BioGrid_Mouse"	"ITGB2"
"M2"	"BioGrid_Mouse"	"LAMA1"
"M2"	"BioGrid_Mouse"	"IL1B"
"M2"	"BioGrid_Mouse"	"HLA-DQB1"
"M2"	"BioGrid_Mouse"	"CD79A"
"M2"	"BioGrid_Mouse"	"CD3D"
"M2"	"BioGrid_Mouse"	"ALOX5"
"M2"	"BioGrid_Mouse"	"CD300LF"
"M2"	"BioGrid_Mouse"	"CD38"
"M2"	"BioGrid_Mouse"	"EPHB3"
"M2"	"BioGrid_Mouse"	"PTPN13"
"M2"	"BioGrid_Mouse"	"FOXQ1"
"M2"	"BioGrid_Mouse"	"SYTL5"
"M2"	"BioGrid_Mouse"	"HOXA5"
"M2"	"BioGrid_Mouse"	"PROM1"
"M2"	"IntAct_Fly"	"BMP7"
"M2"	"IntAct_Fly"	"ATP1A3"
"M2"	"IntAct_Fly"	"BAIAP3"
"M2"	"IntAct_Fly"	"CTSV"
"M2"	"IntAct_Fly"	"NRCAM"
"M2"	"IntAct_Fly"	"SHH"
"M2"	"IntAct_Fly"	"SLC17A9"
"M2"	"IntAct_Fly"	"DPYD"
"M2"	"IntAct_Fly"	"FUT6"
"M2"	"DIP"	"LCK"
"M2"	"DIP"	"CXCR4"
"M2"	"DIP"	"ISG15"
"M2"	"DIP"	"BMP4"
"M2"	"DIP"	"BMP7"
"M2"	"DIP"	"PIK3CG"
"M2"	"DIP"	"S100A9"
"M2"	"DIP"	"PRKCB"
"M2"	"DIP"	"NR0B2"
"M2"	"DIP"	"CXCL13"
"M2"	"DIP"	"CCR7"
"M2"	"DIP"	"CCL3"
"M2"	"DIP"	"CCL4"
"M2"	"DIP"	"FGFR3"
"M2"	"DIP"	"MMP1"
"M2"	"DIP"	"CD84"
"M2"	"DIP"	"APOE"
"M2"	"DIP"	"IFIT1"
"M2"	"DIP"	"CSF2RB"
"M2"	"DIP"	"PTGS2"
"M2"	"DIP"	"TIAM1"
"M2"	"DIP"	"IL2RA"
"M2"	"DIP"	"CXCL8"
"M2"	"DIP"	"PTPRC"
"M2"	"DIP"	"FOSL1"
"M2"	"DIP"	"IL6"
"M2"	"DIP"	"CSF1R"
"M2"	"DIP"	"CASP1"
"M2"	"DIP"	"PRKAR2B"
"M2"	"DIP"	"CD79B"
"M2"	"DIP"	"BATF"
"M2"	"DIP"	"CYBB"
"M2"	"DIP"	"CSF3R"
"M2"	"DIP"	"L3MBTL1"
"M2"	"DIP"	"MX1"
"M2"	"DIP"	"HLA-DMB"
"M2"	"DIP"	"ITGB2"
"M2"	"DIP"	"CCL5"
"M2"	"DIP"	"MARK1"
"M2"	"DIP"	"SCML2"
"M2"	"DIP"	"HBB"
"M2"	"DIP"	"IL1B"
"M2"	"DIP"	"ITGAX"
"M2"	"DIP"	"HLA-G"
"M2"	"DIP"	"HLA-DRB1"
"M2"	"DIP"	"CXCL1"
"M2"	"DIP"	"CXCL5"
"M2"	"DIP"	"CCL22"
"M2"	"DIP"	"CXCL10"
"M2"	"DIP"	"BST2"
"M2"	"DIP"	"NCF2"
"M2"	"DIP"	"PTPN13"
"M2"	"DIP"	"HLA-DOA"
"M2"	"DIP"	"PRF1"
"M2"	"DIP"	"CXCL11"
"M2"	"DIP"	"CXCL9"
"M2"	"DIP"	"LILRB2"
"M2"	"DIP"	"IL1RN"
"M2"	"DIP"	"KCNN4"
"M2"	"DIP_Yeast"	"PYGL"
"M2"	"DIP_Yeast"	"PABPC1L"
"M2"	"DIP_Yeast"	"LCP1"
"M2"	"BEHRENDS_AUTOPHAGY_LOW"	"PIK3CG"
"M2"	"BioGrid_Rat"	"SORBS2"
"M2"	"BioGrid_Rat"	"GRIN2B"
"M2"	"BioGrid_Rat"	"ATP1A3"
"M2"	"BioGrid_Rat"	"PRKCB"
"M2"	"BioGrid_Rat"	"NR0B2"
"M2"	"BioGrid_Rat"	"CXXC4"
"M2"	"BioGrid_Rat"	"SRCIN1"
"M2"	"BioGrid_Rat"	"FCER1G"
"M2"	"BioGrid_Rat"	"HK3"
"M2"	"BioGrid_Rat"	"S100B"
"M2"	"BioGrid_Rat"	"ANPEP"
"M2"	"BioGrid_Rat"	"AGAP2"
"M2"	"DIP_Mouse"	"GRIN2B"
"M2"	"DIP_Mouse"	"TYROBP"
"M2"	"DIP_Mouse"	"IRF4"
"M2"	"DIP_Mouse"	"PIK3CG"
"M2"	"DIP_Mouse"	"IDO1"
"M2"	"DIP_Mouse"	"PRKCQ"
"M2"	"DIP_Mouse"	"MAFB"
"M2"	"DIP_Mouse"	"PTGS2"
"M2"	"DIP_Mouse"	"CSF1R"
"M2"	"DIP_Mouse"	"FYB1"
"M2"	"DIP_Mouse"	"CD79B"
"M2"	"DIP_Mouse"	"CYBB"
"M2"	"DIP_Mouse"	"SHH"
"M2"	"DIP_Mouse"	"SPAG16"
"M2"	"DIP_Mouse"	"CD79A"
"M2"	"DIP_Mouse"	"OSM"
"M2"	"DIP_Mouse"	"CD38"
"M2"	"DIP_Mouse"	"PRF1"
"M2"	"DIP_Mouse"	"SGSM1"
"M2"	"BioGrid_Worm"	"SMAD9"
"M2"	"BioGrid_Worm"	"SRPK3"
"M2"	"BioGrid_Worm"	"FGFR3"
"M2"	"BioGrid_Worm"	"CTSV"
"M2"	"BioGrid_Worm"	"TDO2"
"M2"	"YeastMedium"	"DPP4"
"M2"	"YeastMedium"	"KYNU"
"M2"	"YeastMedium"	"LCP1"
"M2"	"VidalHuman_core"	"ISG15"
"M2"	"VidalHuman_core"	"EPB41L3"
"M2"	"VidalHuman_core"	"IRF4"
"M2"	"VidalHuman_core"	"HOXA9"
"M2"	"VidalHuman_core"	"HOXA1"
"M2"	"VidalHuman_core"	"IFIT1"
"M2"	"VidalHuman_core"	"FOSL1"
"M2"	"VidalHuman_core"	"SRGN"
"M2"	"VidalHuman_core"	"TDO2"
"M2"	"VidalHuman_core"	"EIF4EBP3"
"M2"	"VidalHuman_core"	"PDE9A"
"M2"	"VidalHuman_core"	"GSTM3"
"M2"	"VidalHuman_core"	"S100A2"
"M2"	"VidalHuman_core"	"IL11"
"M2"	"VidalHuman_core"	"TESC"
"M2"	"BioGrid_Yeast"	"PYGL"
"M2"	"BioGrid_Yeast"	"PABPC1L"
"M2"	"BioGrid_Yeast"	"DPP4"
"M2"	"BioGrid_Yeast"	"IDO1"
"M2"	"BioGrid_Yeast"	"KYNU"
"M2"	"BioGrid_Yeast"	"LCP1"
"M2"	"SOURAV_MAPK_LOW"	"PRKCB"
"M2"	"SOURAV_MAPK_LOW"	"PRKCQ"
"M2"	"SOURAV_MAPK_LOW"	"ITGB2"
"M2"	"MINT_Mouse"	"GRIN2B"
"M2"	"MINT_Mouse"	"MLF1"
"M2"	"MINT_Mouse"	"LCK"
"M2"	"MINT_Mouse"	"PDX1"
"M2"	"MINT_Mouse"	"SYT1"
"M2"	"MINT_Mouse"	"CSF1R"
"M2"	"MINT_Mouse"	"FCGR2B"
"M2"	"MINT_Mouse"	"LCP1"
"M2"	"MINT_Mouse"	"NRCAM"
"M2"	"MINT_Mouse"	"FYB1"
"M2"	"MINT_Mouse"	"CD8A"
"M2"	"MINT_Mouse"	"HLA-DQA1"
"M2"	"MINT_Mouse"	"PFN2"
"M2"	"MINT_Mouse"	"CTLA4"
"M2"	"MINT_Mouse"	"ITGB2"
"M2"	"MINT_Mouse"	"LAMA1"
"M2"	"MINT_Mouse"	"AGAP2"
"M2"	"MINT_Mouse"	"PTPN13"
"M2"	"MINT_Mouse"	"GJC2"
"M2"	"MINT_Mouse"	"PTPRN2"
"M2"	"VidalHuman_non_core"	"BMP7"
"M2"	"VidalHuman_non_core"	"HOXA1"
"M2"	"VidalHuman_non_core"	"IFIT1"
"M2"	"VidalHuman_non_core"	"PTPN7"
"M2"	"VidalHuman_non_core"	"FGL2"
"M2"	"IntAct_Worm"	"SRPK3"
"M2"	"IntAct_Worm"	"CTSV"
"M2"	"IntAct_Worm"	"TDO2"
"M2"	"IntAct_Worm"	"WNT4"
"M2"	"IntAct_Worm"	"ANXA13"
"M2"	"StelzlMedium"	"MLF1"
"M2"	"StelzlMedium"	"S100A8"
"M2"	"StelzlMedium"	"CXCL13"
"M2"	"StelzlMedium"	"FGFR3"
"M2"	"StelzlMedium"	"IL6"
"M2"	"StelzlMedium"	"HLA-DQA1"
"M2"	"StelzlMedium"	"HBB"
"M2"	"StelzlMedium"	"CCL18"
"M2"	"StelzlMedium"	"KLK10"
"M2"	"BIND_Fly"	"BAG2"
"M2"	"BIND_Fly"	"BMP7"
"M2"	"BIND_Fly"	"ATP1A3"
"M2"	"BIND_Fly"	"FGFR3"
"M2"	"BIND_Fly"	"DPYD"
"M2"	"FlyHigh"	"ATP1A3"
"M2"	"FlyHigh"	"SPTBN5"
"M2"	"FlyLow"	"BAG2"
"M2"	"FlyLow"	"BMP7"
"M2"	"FlyLow"	"ATP1A3"
"M2"	"BIND_Worm"	"SMAD9"
"M2"	"BIND_Worm"	"SRPK3"
"M2"	"BIND_Worm"	"CTSV"
"M2"	"BIND_Worm"	"TDO2"
"M2"	"ShawnLi"	"FCGR2B"
"M2"	"ShawnLi"	"FYB1"
"M2"	"StelzlHigh"	"S100A8"
"M2"	"StelzlHigh"	"FGFR3"
"M2"	"StelzlHigh"	"HLA-DQA1"
"M2"	"StelzlHigh"	"CCL18"
"M2"	"SOURAV_MAPK_HIGH"	"S100A9"
"M2"	"DIP_Rat"	"GRIN2B"
"M2"	"DIP_Rat"	"SYT1"
"M2"	"DIP_Rat"	"FOSL1"
"M2"	"BIND_Yeast"	"PYGL"
"M2"	"BIND_Yeast"	"PABPC1L"
"M2"	"BIND_Yeast"	"LCP1"
"M2"	"MINT_Worm"	"SMAD9"
"M2"	"MINT_Worm"	"SRPK3"
"M2"	"MINT_Worm"	"CTSV"
"M2"	"MINT_Worm"	"TDO2"
"M2"	"I2D-text_mining-c"	"BMP7"
"M2"	"IntAct_Yeast"	"PYGL"
"M2"	"IntAct_Yeast"	"PABPC1L"
"M2"	"IntAct_Yeast"	"KYNU"
"M2"	"IntAct_Yeast"	"LCP1"
"M2"	"IntAct_Yeast"	"CPA3"
"M2"	"IntAct_Yeast"	"SLC43A3"
"M2"	"Krogan_NonCore"	"KYNU"
"M2"	"Krogan_NonCore"	"LCP1"
"M2"	"MGI"	"GRIN2B"
"M2"	"MGI"	"BMP4"
"M2"	"MGI"	"BMP7"
"M2"	"MGI"	"SOX6"
"M2"	"MGI"	"PRKCB"
"M2"	"MGI"	"CCL4"
"M2"	"MGI"	"PRKCQ"
"M2"	"MGI"	"CSF1R"
"M2"	"MGI"	"WNT4"
"M2"	"MGI"	"SHH"
"M2"	"MGI"	"LAMA1"
"M2"	"MGI"	"SYTL5"
"M2"	"MGI"	"EMID1"
"M2"	"MINT_Yeast"	"PABPC1L"
"M2"	"MINT_Yeast"	"LCP1"
"M2"	"Tarassov_PCA"	"LCP1"
"M2"	"DIP_Worm"	"SMAD9"
"M2"	"DIP_Worm"	"SRPK3"
"M2"	"DIP_Worm"	"TDO2"
"M2"	"MIPS"	"PABPC1L"
"M2"	"MIPS"	"LCP1"
"M2"	"Yu_GoldStd"	"LCP1"
"M2"	"MINT_Fly"	"DPYD"
"M2"	"MINT_Fly"	"SLCO5A1"
"M2"	"StelzlLow"	"EPB41L3"
"M2"	"StelzlLow"	"S100A8"
"M2"	"StelzlLow"	"IL6"
"M2"	"StelzlLow"	"FCGR2B"
"M2"	"Fawcett_polarity"	"CPVL"
"M2"	"CORE_2"	"SMAD9"
"M2"	"NON_CORE"	"CTSV"
"M3"	"IntAct_Mouse"	"TFCP2L1"
"M3"	"IntAct_Mouse"	"CFTR"
"M3"	"IntAct_Mouse"	"FSCN1"
"M3"	"IntAct_Mouse"	"SNCAIP"
"M3"	"IntAct_Mouse"	"NKD1"
"M3"	"IntAct_Mouse"	"PCK1"
"M3"	"IntAct_Mouse"	"DMD"
"M3"	"IntAct_Mouse"	"KHDRBS3"
"M3"	"IntAct_Mouse"	"AXIN2"
"M3"	"IntAct_Mouse"	"GRIP1"
"M3"	"IntAct_Mouse"	"SALL4"
"M3"	"IntAct_Mouse"	"PTPRO"
"M3"	"IntAct_Mouse"	"NKD2"
"M3"	"IntAct_Mouse"	"VANGL2"
"M3"	"IntAct_Mouse"	"DAPK1"
"M3"	"IntAct_Mouse"	"EPHA4"
"M3"	"IntAct_Mouse"	"DACH1"
"M3"	"IntAct_Mouse"	"SYT7"
"M3"	"IntAct_Mouse"	"KRT7"
"M3"	"IntAct_Mouse"	"HSPA4L"
"M3"	"IntAct_Mouse"	"PIWIL1"
"M3"	"IntAct_Mouse"	"PRLR"
"M3"	"IntAct_Mouse"	"GRM8"
"M3"	"IntAct_Mouse"	"CPS1"
"M3"	"IntAct_Mouse"	"VLDLR"
"M3"	"IntAct_Mouse"	"SLC1A1"
"M3"	"IntAct_Mouse"	"SEMA6A"
"M3"	"IntAct_Mouse"	"EFNA5"
"M3"	"IntAct_Mouse"	"PIWIL2"
"M3"	"IntAct_Mouse"	"SLC26A3"
"M3"	"IntAct_Mouse"	"RASL11A"
"M3"	"IntAct_Mouse"	"PDZD3"
"M3"	"IntAct_Mouse"	"LRP4"
"M3"	"INNATEDB"	"CDX2"
"M3"	"INNATEDB"	"CFTR"
"M3"	"INNATEDB"	"LYZ"
"M3"	"INNATEDB"	"FSCN1"
"M3"	"INNATEDB"	"ABCB1"
"M3"	"INNATEDB"	"SNCAIP"
"M3"	"INNATEDB"	"ABCC2"
"M3"	"INNATEDB"	"TNFSF11"
"M3"	"INNATEDB"	"DMD"
"M3"	"INNATEDB"	"MAPK8IP2"
"M3"	"INNATEDB"	"GRIP1"
"M3"	"INNATEDB"	"PTPRO"
"M3"	"INNATEDB"	"NKD2"
"M3"	"INNATEDB"	"TFAP2A"
"M3"	"INNATEDB"	"SERPINB5"
"M3"	"INNATEDB"	"FGFR2"
"M3"	"INNATEDB"	"EPHA4"
"M3"	"INNATEDB"	"EGLN3"
"M3"	"INNATEDB"	"DUSP4"
"M3"	"INNATEDB"	"PRLR"
"M3"	"INNATEDB"	"NR1I2"
"M3"	"INNATEDB"	"AGT"
"M3"	"INNATEDB"	"PRDM8"
"M3"	"INNATEDB"	"OLFM4"
"M3"	"INNATEDB"	"LAPTM4B"
"M3"	"INNATEDB"	"PLA2G4A"
"M3"	"INNATEDB"	"IL33"
"M3"	"INNATEDB"	"NOX1"
"M3"	"INNATEDB"	"SLC26A3"
"M3"	"INNATEDB"	"FREM1"
"M3"	"INNATEDB"	"MYRIP"
"M3"	"INNATEDB"	"DPEP1"
"M3"	"INNATEDB"	"CHP2"
"M3"	"INNATEDB"	"FABP1"
"M3"	"IntAct"	"TFCP2L1"
"M3"	"IntAct"	"FRMD5"
"M3"	"IntAct"	"KCNK1"
"M3"	"IntAct"	"RASSF10"
"M3"	"IntAct"	"SYNE4"
"M3"	"IntAct"	"CFTR"
"M3"	"IntAct"	"LYZ"
"M3"	"IntAct"	"CKB"
"M3"	"IntAct"	"SCNN1B"
"M3"	"IntAct"	"FSCN1"
"M3"	"IntAct"	"GGT7"
"M3"	"IntAct"	"PLEKHB1"
"M3"	"IntAct"	"ABCB1"
"M3"	"IntAct"	"SNCAIP"
"M3"	"IntAct"	"RAB27B"
"M3"	"IntAct"	"IHH"
"M3"	"IntAct"	"NKD1"
"M3"	"IntAct"	"TNFSF11"
"M3"	"IntAct"	"DMD"
"M3"	"IntAct"	"MAPK8IP2"
"M3"	"IntAct"	"TP73"
"M3"	"IntAct"	"KHDRBS3"
"M3"	"IntAct"	"CADPS"
"M3"	"IntAct"	"CHN2"
"M3"	"IntAct"	"AXIN2"
"M3"	"IntAct"	"GRIP1"
"M3"	"IntAct"	"PTPRO"
"M3"	"IntAct"	"TLE2"
"M3"	"IntAct"	"NKD2"
"M3"	"IntAct"	"VANGL2"
"M3"	"IntAct"	"THNSL2"
"M3"	"IntAct"	"GNG4"
"M3"	"IntAct"	"ACSL6"
"M3"	"IntAct"	"CAB39L"
"M3"	"IntAct"	"TFAP2A"
"M3"	"IntAct"	"SERPINB5"
"M3"	"IntAct"	"TRIM29"
"M3"	"IntAct"	"NRXN2"
"M3"	"IntAct"	"DAPK1"
"M3"	"IntAct"	"FGFR2"
"M3"	"IntAct"	"EPHA4"
"M3"	"IntAct"	"EGLN3"
"M3"	"IntAct"	"MEP1A"
"M3"	"IntAct"	"DACH1"
"M3"	"IntAct"	"DUSP4"
"M3"	"IntAct"	"MPP1"
"M3"	"IntAct"	"SYT7"
"M3"	"IntAct"	"OTX1"
"M3"	"IntAct"	"KRT20"
"M3"	"IntAct"	"TSPAN7"
"M3"	"IntAct"	"SLC19A3"
"M3"	"IntAct"	"NDUFA4L2"
"M3"	"IntAct"	"KRT7"
"M3"	"IntAct"	"ZFP28"
"M3"	"IntAct"	"HSPA4L"
"M3"	"IntAct"	"KLHL3"
"M3"	"IntAct"	"PIWIL1"
"M3"	"IntAct"	"PRLR"
"M3"	"IntAct"	"GSPT2"
"M3"	"IntAct"	"RPS6KA6"
"M3"	"IntAct"	"RAMP1"
"M3"	"IntAct"	"SRPX2"
"M3"	"IntAct"	"PTPRD"
"M3"	"IntAct"	"CPS1"
"M3"	"IntAct"	"NR1I2"
"M3"	"IntAct"	"SELENBP1"
"M3"	"IntAct"	"AGT"
"M3"	"IntAct"	"SLC1A1"
"M3"	"IntAct"	"BCL11A"
"M3"	"IntAct"	"SATB2"
"M3"	"IntAct"	"DNAJC6"
"M3"	"IntAct"	"EDA"
"M3"	"IntAct"	"ZNF439"
"M3"	"IntAct"	"ABAT"
"M3"	"IntAct"	"CXCL14"
"M3"	"IntAct"	"CYP4F2"
"M3"	"IntAct"	"CYP2W1"
"M3"	"IntAct"	"ASGR1"
"M3"	"IntAct"	"SERPINF2"
"M3"	"IntAct"	"NCKAP5"
"M3"	"IntAct"	"GRIN2D"
"M3"	"IntAct"	"EFNA5"
"M3"	"IntAct"	"GAD1"
"M3"	"IntAct"	"COL9A3"
"M3"	"IntAct"	"SHC3"
"M3"	"IntAct"	"VAV3"
"M3"	"IntAct"	"ACE2"
"M3"	"IntAct"	"TGFBI"
"M3"	"IntAct"	"OLFM4"
"M3"	"IntAct"	"ARHGEF4"
"M3"	"IntAct"	"COCH"
"M3"	"IntAct"	"CEL"
"M3"	"IntAct"	"PLA2G4A"
"M3"	"IntAct"	"MUC20"
"M3"	"IntAct"	"GYG2"
"M3"	"IntAct"	"MSI1"
"M3"	"IntAct"	"AREG"
"M3"	"IntAct"	"CEACAM6"
"M3"	"IntAct"	"NAALADL2"
"M3"	"IntAct"	"DMKN"
"M3"	"IntAct"	"PROSER2"
"M3"	"IntAct"	"L3MBTL4"
"M3"	"IntAct"	"SYT17"
"M3"	"IntAct"	"RTL8A"
"M3"	"IntAct"	"SGK2"
"M3"	"IntAct"	"SHROOM2"
"M3"	"IntAct"	"CEACAM5"
"M3"	"IntAct"	"DDC"
"M3"	"IntAct"	"IL34"
"M3"	"IntAct"	"PIWIL2"
"M3"	"IntAct"	"ISX"
"M3"	"IntAct"	"IL33"
"M3"	"IntAct"	"EPHB1"
"M3"	"IntAct"	"RNF43"
"M3"	"IntAct"	"SERP2"
"M3"	"IntAct"	"GUCY2C"
"M3"	"IntAct"	"SLC26A3"
"M3"	"IntAct"	"CKMT2"
"M3"	"IntAct"	"WNT11"
"M3"	"IntAct"	"MYRIP"
"M3"	"IntAct"	"PNMA2"
"M3"	"IntAct"	"DPEP1"
"M3"	"IntAct"	"TRIM7"
"M3"	"IntAct"	"CTTNBP2"
"M3"	"IntAct"	"TNNC2"
"M3"	"IntAct"	"CHP2"
"M3"	"IntAct"	"TMPRSS3"
"M3"	"IntAct"	"CHRM3"
"M3"	"IntAct"	"EVA1A"
"M3"	"IntAct"	"TMEM176A"
"M3"	"IntAct"	"ABCA3"
"M3"	"IntAct"	"ERP27"
"M3"	"IntAct"	"FBXL16"
"M3"	"IntAct"	"TRPM6"
"M3"	"IntAct"	"CCDC88B"
"M3"	"IntAct"	"PDE10A"
"M3"	"IntAct"	"OSR2"
"M3"	"IntAct"	"SDR16C5"
"M3"	"IntAct"	"CLDN15"
"M3"	"IntAct"	"PID1"
"M3"	"IntAct"	"MUC12"
"M3"	"IntAct"	"PRAP1"
"M3"	"IntAct"	"GPR143"
"M3"	"IntAct"	"MYO1A"
"M3"	"IntAct"	"SDR42E1"
"M3"	"IntAct"	"ST6GALNAC2"
"M3"	"IntAct"	"MTERF1"
"M3"	"IntAct"	"IYD"
"M3"	"IntAct"	"PDZD3"
"M3"	"IntAct"	"HENMT1"
"M3"	"IntAct"	"LRP4"
"M3"	"IntAct"	"MYOM3"
"M3"	"IntAct"	"ARSJ"
"M3"	"IntAct"	"DDO"
"M3"	"IntAct"	"FUZ"
"M3"	"IntAct"	"HDX"
"M3"	"IntAct"	"EPDR1"
"M3"	"IntAct"	"PIPOX"
"M3"	"IntAct"	"RNLS"
"M3"	"IntAct"	"AIF1L"
"M3"	"BioGrid_Mouse"	"TFCP2L1"
"M3"	"BioGrid_Mouse"	"CDX2"
"M3"	"BioGrid_Mouse"	"KCNK1"
"M3"	"BioGrid_Mouse"	"CFTR"
"M3"	"BioGrid_Mouse"	"RBP1"
"M3"	"BioGrid_Mouse"	"PLEKHB1"
"M3"	"BioGrid_Mouse"	"SNCAIP"
"M3"	"BioGrid_Mouse"	"DMD"
"M3"	"BioGrid_Mouse"	"MAPK8IP2"
"M3"	"BioGrid_Mouse"	"TP73"
"M3"	"BioGrid_Mouse"	"AXIN2"
"M3"	"BioGrid_Mouse"	"GRIP1"
"M3"	"BioGrid_Mouse"	"SALL4"
"M3"	"BioGrid_Mouse"	"NKD2"
"M3"	"BioGrid_Mouse"	"VANGL2"
"M3"	"BioGrid_Mouse"	"TFAP2A"
"M3"	"BioGrid_Mouse"	"MEP1A"
"M3"	"BioGrid_Mouse"	"DACH1"
"M3"	"BioGrid_Mouse"	"PRLR"
"M3"	"BioGrid_Mouse"	"NR1I2"
"M3"	"BioGrid_Mouse"	"VLDLR"
"M3"	"BioGrid_Mouse"	"BCL11A"
"M3"	"BioGrid_Mouse"	"SATB2"
"M3"	"BioGrid_Mouse"	"PRDM8"
"M3"	"BioGrid_Mouse"	"SHC3"
"M3"	"BioGrid_Mouse"	"PLA2G4A"
"M3"	"BioGrid_Mouse"	"IL33"
"M3"	"BioGrid_Mouse"	"EPHB1"
"M3"	"BioGrid_Mouse"	"WNT11"
"M3"	"BioGrid_Mouse"	"FABP1"
"M3"	"BioGrid_Mouse"	"FBXL16"
"M3"	"BioGrid_Mouse"	"SALL1"
"M3"	"BioGrid_Mouse"	"PDZD3"
"M3"	"BioGrid_Mouse"	"PCLO"
"M3"	"BioGrid"	"CDX2"
"M3"	"BioGrid"	"KCNK1"
"M3"	"BioGrid"	"SYNE4"
"M3"	"BioGrid"	"CFTR"
"M3"	"BioGrid"	"CKB"
"M3"	"BioGrid"	"RBP1"
"M3"	"BioGrid"	"SCNN1B"
"M3"	"BioGrid"	"FSCN1"
"M3"	"BioGrid"	"GGT7"
"M3"	"BioGrid"	"ABCB1"
"M3"	"BioGrid"	"SNCAIP"
"M3"	"BioGrid"	"RAB27B"
"M3"	"BioGrid"	"IHH"
"M3"	"BioGrid"	"ABCC2"
"M3"	"BioGrid"	"PCK1"
"M3"	"BioGrid"	"TNFSF11"
"M3"	"BioGrid"	"DMD"
"M3"	"BioGrid"	"CA9"
"M3"	"BioGrid"	"MAPK8IP2"
"M3"	"BioGrid"	"TP73"
"M3"	"BioGrid"	"KHDRBS3"
"M3"	"BioGrid"	"CADPS"
"M3"	"BioGrid"	"CHN2"
"M3"	"BioGrid"	"AXIN2"
"M3"	"BioGrid"	"GRIP1"
"M3"	"BioGrid"	"SALL4"
"M3"	"BioGrid"	"PTPRO"
"M3"	"BioGrid"	"TLE2"
"M3"	"BioGrid"	"NKD2"
"M3"	"BioGrid"	"THNSL2"
"M3"	"BioGrid"	"DIO3"
"M3"	"BioGrid"	"GNG4"
"M3"	"BioGrid"	"A1CF"
"M3"	"BioGrid"	"ACSL6"
"M3"	"BioGrid"	"F10"
"M3"	"BioGrid"	"TFAP2A"
"M3"	"BioGrid"	"SERPINB5"
"M3"	"BioGrid"	"TRIM29"
"M3"	"BioGrid"	"NRXN2"
"M3"	"BioGrid"	"DAPK1"
"M3"	"BioGrid"	"FGFR2"
"M3"	"BioGrid"	"EPHA4"
"M3"	"BioGrid"	"EGLN3"
"M3"	"BioGrid"	"QPRT"
"M3"	"BioGrid"	"MEP1A"
"M3"	"BioGrid"	"DACH1"
"M3"	"BioGrid"	"DUSP4"
"M3"	"BioGrid"	"MPP1"
"M3"	"BioGrid"	"MSLN"
"M3"	"BioGrid"	"SYT7"
"M3"	"BioGrid"	"OTX1"
"M3"	"BioGrid"	"KRT20"
"M3"	"BioGrid"	"NT5E"
"M3"	"BioGrid"	"PLLP"
"M3"	"BioGrid"	"NDUFA4L2"
"M3"	"BioGrid"	"KRT7"
"M3"	"BioGrid"	"ZFP28"
"M3"	"BioGrid"	"TDGF1"
"M3"	"BioGrid"	"HSPA4L"
"M3"	"BioGrid"	"KLHL3"
"M3"	"BioGrid"	"PIWIL1"
"M3"	"BioGrid"	"PRLR"
"M3"	"BioGrid"	"GSPT2"
"M3"	"BioGrid"	"GPD1"
"M3"	"BioGrid"	"RPS6KA6"
"M3"	"BioGrid"	"RAMP1"
"M3"	"BioGrid"	"PTPRD"
"M3"	"BioGrid"	"CPS1"
"M3"	"BioGrid"	"NR1I2"
"M3"	"BioGrid"	"SELENBP1"
"M3"	"BioGrid"	"VLDLR"
"M3"	"BioGrid"	"AGT"
"M3"	"BioGrid"	"SLC1A1"
"M3"	"BioGrid"	"BCL11A"
"M3"	"BioGrid"	"SATB2"
"M3"	"BioGrid"	"SEMA6A"
"M3"	"BioGrid"	"DNAJC6"
"M3"	"BioGrid"	"EDA"
"M3"	"BioGrid"	"ZNF439"
"M3"	"BioGrid"	"CXCL14"
"M3"	"BioGrid"	"CYP4F2"
"M3"	"BioGrid"	"CYP2W1"
"M3"	"BioGrid"	"ASGR1"
"M3"	"BioGrid"	"SERPINF2"
"M3"	"BioGrid"	"GRIN2D"
"M3"	"BioGrid"	"EFNA5"
"M3"	"BioGrid"	"GAD1"
"M3"	"BioGrid"	"EREG"
"M3"	"BioGrid"	"SHC3"
"M3"	"BioGrid"	"VAV3"
"M3"	"BioGrid"	"F5"
"M3"	"BioGrid"	"ACE2"
"M3"	"BioGrid"	"TGFBI"
"M3"	"BioGrid"	"OLFM4"
"M3"	"BioGrid"	"TG"
"M3"	"BioGrid"	"ARHGEF4"
"M3"	"BioGrid"	"LAPTM4B"
"M3"	"BioGrid"	"CEL"
"M3"	"BioGrid"	"PLA2G4A"
"M3"	"BioGrid"	"GYG2"
"M3"	"BioGrid"	"MSI1"
"M3"	"BioGrid"	"GAS2"
"M3"	"BioGrid"	"GJB1"
"M3"	"BioGrid"	"AREG"
"M3"	"BioGrid"	"AK4"
"M3"	"BioGrid"	"CEACAM6"
"M3"	"BioGrid"	"TTPA"
"M3"	"BioGrid"	"HMGCS2"
"M3"	"BioGrid"	"FAM3B"
"M3"	"BioGrid"	"DNAH14"
"M3"	"BioGrid"	"MPV17L"
"M3"	"BioGrid"	"NAALADL2"
"M3"	"BioGrid"	"DMKN"
"M3"	"BioGrid"	"MOGAT3"
"M3"	"BioGrid"	"PROSER2"
"M3"	"BioGrid"	"L3MBTL4"
"M3"	"BioGrid"	"SUSD3"
"M3"	"BioGrid"	"AIFM3"
"M3"	"BioGrid"	"SYT17"
"M3"	"BioGrid"	"RTL8A"
"M3"	"BioGrid"	"SGK2"
"M3"	"BioGrid"	"EDN1"
"M3"	"BioGrid"	"CEACAM5"
"M3"	"BioGrid"	"DDC"
"M3"	"BioGrid"	"ASCL2"
"M3"	"BioGrid"	"CD24"
"M3"	"BioGrid"	"IL33"
"M3"	"BioGrid"	"EPHB1"
"M3"	"BioGrid"	"RNF43"
"M3"	"BioGrid"	"BRSK2"
"M3"	"BioGrid"	"MEX3A"
"M3"	"BioGrid"	"GUCY2C"
"M3"	"BioGrid"	"SLC26A3"
"M3"	"BioGrid"	"DSG3"
"M3"	"BioGrid"	"CKMT2"
"M3"	"BioGrid"	"WNT11"
"M3"	"BioGrid"	"ST6GAL1"
"M3"	"BioGrid"	"MYRIP"
"M3"	"BioGrid"	"PNMA2"
"M3"	"BioGrid"	"DPEP1"
"M3"	"BioGrid"	"SLC7A8"
"M3"	"BioGrid"	"TRIM7"
"M3"	"BioGrid"	"CTTNBP2"
"M3"	"BioGrid"	"TNNC2"
"M3"	"BioGrid"	"CHP2"
"M3"	"BioGrid"	"TMPRSS3"
"M3"	"BioGrid"	"CHRM3"
"M3"	"BioGrid"	"EVA1A"
"M3"	"BioGrid"	"FABP1"
"M3"	"BioGrid"	"FBXL16"
"M3"	"BioGrid"	"PLCB4"
"M3"	"BioGrid"	"MYEF2"
"M3"	"BioGrid"	"CRIP1"
"M3"	"BioGrid"	"SALL1"
"M3"	"BioGrid"	"TINAG"
"M3"	"BioGrid"	"CLDN15"
"M3"	"BioGrid"	"PID1"
"M3"	"BioGrid"	"CRB2"
"M3"	"BioGrid"	"SESN1"
"M3"	"BioGrid"	"GPR143"
"M3"	"BioGrid"	"MTERF1"
"M3"	"BioGrid"	"TNFSF9"
"M3"	"BioGrid"	"ARSE"
"M3"	"BioGrid"	"ALG10B"
"M3"	"BioGrid"	"LRP4"
"M3"	"BioGrid"	"H2AFY2"
"M3"	"BioGrid"	"MTMR8"
"M3"	"BioGrid"	"CDHR2"
"M3"	"BioGrid"	"ARSJ"
"M3"	"BioGrid"	"SLC1A7"
"M3"	"BioGrid"	"GGH"
"M3"	"BioGrid"	"PPP1R14C"
"M3"	"BioGrid"	"MTCL1"
"M3"	"HPRD"	"TFCP2L1"
"M3"	"HPRD"	"KCNK1"
"M3"	"HPRD"	"CFTR"
"M3"	"HPRD"	"LYZ"
"M3"	"HPRD"	"CKB"
"M3"	"HPRD"	"RBP1"
"M3"	"HPRD"	"SCNN1B"
"M3"	"HPRD"	"FSCN1"
"M3"	"HPRD"	"PLEKHB1"
"M3"	"HPRD"	"ABCB1"
"M3"	"HPRD"	"SNCAIP"
"M3"	"HPRD"	"RAB27B"
"M3"	"HPRD"	"IHH"
"M3"	"HPRD"	"ABCC2"
"M3"	"HPRD"	"TNFSF11"
"M3"	"HPRD"	"DMD"
"M3"	"HPRD"	"CA9"
"M3"	"HPRD"	"MAPK8IP2"
"M3"	"HPRD"	"TP73"
"M3"	"HPRD"	"KHDRBS3"
"M3"	"HPRD"	"CADPS"
"M3"	"HPRD"	"CHN2"
"M3"	"HPRD"	"AXIN2"
"M3"	"HPRD"	"GRIP1"
"M3"	"HPRD"	"PTPRO"
"M3"	"HPRD"	"TLE2"
"M3"	"HPRD"	"DIO3"
"M3"	"HPRD"	"GNG4"
"M3"	"HPRD"	"A1CF"
"M3"	"HPRD"	"ACSL6"
"M3"	"HPRD"	"F10"
"M3"	"HPRD"	"TFAP2A"
"M3"	"HPRD"	"TRIM29"
"M3"	"HPRD"	"NRXN2"
"M3"	"HPRD"	"DAPK1"
"M3"	"HPRD"	"EPHA4"
"M3"	"HPRD"	"EGLN3"
"M3"	"HPRD"	"SLC9A7"
"M3"	"HPRD"	"NPFFR1"
"M3"	"HPRD"	"QPRT"
"M3"	"HPRD"	"MEP1A"
"M3"	"HPRD"	"DUSP4"
"M3"	"HPRD"	"MPP1"
"M3"	"HPRD"	"MSLN"
"M3"	"HPRD"	"SYT7"
"M3"	"HPRD"	"OTX1"
"M3"	"HPRD"	"KRT20"
"M3"	"HPRD"	"NT5E"
"M3"	"HPRD"	"TSPAN7"
"M3"	"HPRD"	"NDUFA4L2"
"M3"	"HPRD"	"KRT7"
"M3"	"HPRD"	"TDGF1"
"M3"	"HPRD"	"KLHL3"
"M3"	"HPRD"	"PIWIL1"
"M3"	"HPRD"	"PRLR"
"M3"	"HPRD"	"GSPT2"
"M3"	"HPRD"	"GPD1"
"M3"	"HPRD"	"RAMP1"
"M3"	"HPRD"	"GRM8"
"M3"	"HPRD"	"SRPX2"
"M3"	"HPRD"	"PTPRD"
"M3"	"HPRD"	"CPS1"
"M3"	"HPRD"	"NR1I2"
"M3"	"HPRD"	"SELENBP1"
"M3"	"HPRD"	"VLDLR"
"M3"	"HPRD"	"AGT"
"M3"	"HPRD"	"BCL11A"
"M3"	"HPRD"	"SEMA6A"
"M3"	"HPRD"	"DNAJC6"
"M3"	"HPRD"	"EDA"
"M3"	"HPRD"	"ZNF439"
"M3"	"HPRD"	"ABAT"
"M3"	"HPRD"	"SERPINF2"
"M3"	"HPRD"	"NCKAP5"
"M3"	"HPRD"	"GRIN2D"
"M3"	"HPRD"	"EFNA5"
"M3"	"HPRD"	"GAD1"
"M3"	"HPRD"	"EREG"
"M3"	"HPRD"	"COL9A3"
"M3"	"HPRD"	"SHC3"
"M3"	"HPRD"	"VAV3"
"M3"	"HPRD"	"F5"
"M3"	"HPRD"	"ACE2"
"M3"	"HPRD"	"TGFBI"
"M3"	"HPRD"	"OLFM4"
"M3"	"HPRD"	"TG"
"M3"	"HPRD"	"ARHGEF4"
"M3"	"HPRD"	"CEL"
"M3"	"HPRD"	"PLA2G4A"
"M3"	"HPRD"	"GYG2"
"M3"	"HPRD"	"MSI1"
"M3"	"HPRD"	"GAS2"
"M3"	"HPRD"	"GJB1"
"M3"	"HPRD"	"AREG"
"M3"	"HPRD"	"SYT17"
"M3"	"HPRD"	"EDN1"
"M3"	"HPRD"	"DDC"
"M3"	"HPRD"	"ASCL2"
"M3"	"HPRD"	"PIWIL2"
"M3"	"HPRD"	"CD24"
"M3"	"HPRD"	"EPHB1"
"M3"	"HPRD"	"BRSK2"
"M3"	"HPRD"	"GUCY2C"
"M3"	"HPRD"	"NOX1"
"M3"	"HPRD"	"DSG3"
"M3"	"HPRD"	"SPINK1"
"M3"	"HPRD"	"CKMT2"
"M3"	"HPRD"	"ST6GAL1"
"M3"	"HPRD"	"MYRIP"
"M3"	"HPRD"	"DPEP1"
"M3"	"HPRD"	"SLC7A8"
"M3"	"HPRD"	"TRIM7"
"M3"	"HPRD"	"CTTNBP2"
"M3"	"HPRD"	"TNNC2"
"M3"	"HPRD"	"CHP2"
"M3"	"HPRD"	"CHRM3"
"M3"	"HPRD"	"HUNK"
"M3"	"HPRD"	"ERP27"
"M3"	"HPRD"	"CCDC88B"
"M3"	"HPRD"	"PDE10A"
"M3"	"HPRD"	"PMEPA1"
"M3"	"HPRD"	"GATM"
"M3"	"HPRD"	"CRIP1"
"M3"	"HPRD"	"SALL1"
"M3"	"HPRD"	"TINAG"
"M3"	"HPRD"	"MYO1A"
"M3"	"HPRD"	"TNFSF9"
"M3"	"HPRD"	"ARSE"
"M3"	"HPRD"	"ALG10B"
"M3"	"HPRD"	"PCLO"
"M3"	"HPRD"	"MMP24"
"M3"	"HPRD"	"MTMR8"
"M3"	"HPRD"	"GGH"
"M3"	"HPRD"	"FUZ"
"M3"	"HPRD"	"ESPN"
"M3"	"BCI"	"CDX2"
"M3"	"BCI"	"RBP1"
"M3"	"BCI"	"ABCB1"
"M3"	"BCI"	"IHH"
"M3"	"BCI"	"DMD"
"M3"	"BCI"	"TLE2"
"M3"	"BCI"	"GNG4"
"M3"	"BCI"	"DAPK1"
"M3"	"BCI"	"DUSP4"
"M3"	"BCI"	"KRT7"
"M3"	"BCI"	"GPD1"
"M3"	"BCI"	"NR1I2"
"M3"	"BCI"	"EDA"
"M3"	"BCI"	"ASGR1"
"M3"	"BCI"	"SERPINF2"
"M3"	"BCI"	"COL9A3"
"M3"	"BCI"	"GJB1"
"M3"	"BCI"	"SPINK1"
"M3"	"DIP"	"KCNK1"
"M3"	"DIP"	"CFTR"
"M3"	"DIP"	"SNCAIP"
"M3"	"DIP"	"NKD1"
"M3"	"DIP"	"CA9"
"M3"	"DIP"	"TP73"
"M3"	"DIP"	"NKD2"
"M3"	"DIP"	"FGFR2"
"M3"	"DIP"	"EPHA4"
"M3"	"DIP"	"LARGE2"
"M3"	"DIP"	"NT5E"
"M3"	"DIP"	"PRLR"
"M3"	"DIP"	"VLDLR"
"M3"	"DIP"	"SATB2"
"M3"	"DIP"	"EFNA5"
"M3"	"DIP"	"GAD1"
"M3"	"DIP"	"PLA2G4A"
"M3"	"DIP"	"DDC"
"M3"	"DIP"	"IL34"
"M3"	"DIP"	"IL33"
"M3"	"DIP"	"NOX1"
"M3"	"DIP"	"HUNK"
"M3"	"DIP"	"H2AFY2"
"M3"	"DIP"	"APCDD1"
"M3"	"DIP"	"MYRF"
"M3"	"BIND"	"KCNK1"
"M3"	"BIND"	"CFTR"
"M3"	"BIND"	"SNCAIP"
"M3"	"BIND"	"RAB27B"
"M3"	"BIND"	"DMD"
"M3"	"BIND"	"TP73"
"M3"	"BIND"	"F10"
"M3"	"BIND"	"DAPK1"
"M3"	"BIND"	"FGFR2"
"M3"	"BIND"	"PRLR"
"M3"	"BIND"	"NR1I2"
"M3"	"BIND"	"SEMA6A"
"M3"	"BIND"	"EDA"
"M3"	"BIND"	"ASGR1"
"M3"	"BIND"	"EFNA5"
"M3"	"BIND"	"SHC3"
"M3"	"BIND"	"F5"
"M3"	"BIND"	"EPHB1"
"M3"	"BIND"	"DPEP1"
"M3"	"BIND"	"SALL1"
"M3"	"BIND"	"LRP4"
"M3"	"BIND"	"GGH"
"M3"	"Miller_WntLumier"	"NKD1"
"M3"	"Miller_WntLumier"	"AXIN2"
"M3"	"Miller_WntLumier"	"NKD2"
"M3"	"BioGrid_Fly"	"DMD"
"M3"	"BioGrid_Fly"	"F10"
"M3"	"BioGrid_Fly"	"TFAP2A"
"M3"	"BioGrid_Fly"	"KLHL3"
"M3"	"BioGrid_Fly"	"GPD1"
"M3"	"BioGrid_Fly"	"PTPRD"
"M3"	"BioGrid_Fly"	"NR1I2"
"M3"	"BioGrid_Fly"	"GAD1"
"M3"	"BioGrid_Fly"	"DDC"
"M3"	"BioGrid_Fly"	"EPHB1"
"M3"	"BioGrid_Fly"	"PLCB4"
"M3"	"BioGrid_Fly"	"FUZ"
"M3"	"FlyLow"	"DMD"
"M3"	"FlyLow"	"KLHL3"
"M3"	"FlyLow"	"NR1I2"
"M3"	"FlyLow"	"GAD1"
"M3"	"MINT_Fly"	"DMD"
"M3"	"MINT_Fly"	"TFAP2A"
"M3"	"MINT_Fly"	"KLHL3"
"M3"	"MINT_Fly"	"PTPRD"
"M3"	"MINT_Fly"	"DDC"
"M3"	"MINT_Fly"	"AMT"
"M3"	"MINT_Fly"	"IYD"
"M3"	"MINT_Fly"	"AMACR"
"M3"	"MINT_Fly"	"ANO1"
"M3"	"MINT"	"SYNE4"
"M3"	"MINT"	"CFTR"
"M3"	"MINT"	"LYZ"
"M3"	"MINT"	"CKB"
"M3"	"MINT"	"SNCAIP"
"M3"	"MINT"	"TNFSF11"
"M3"	"MINT"	"DMD"
"M3"	"MINT"	"MAPK8IP2"
"M3"	"MINT"	"TP73"
"M3"	"MINT"	"KHDRBS3"
"M3"	"MINT"	"CADPS"
"M3"	"MINT"	"CHN2"
"M3"	"MINT"	"AXIN2"
"M3"	"MINT"	"GRIP1"
"M3"	"MINT"	"PTPRO"
"M3"	"MINT"	"THNSL2"
"M3"	"MINT"	"F10"
"M3"	"MINT"	"TFAP2A"
"M3"	"MINT"	"SERPINB5"
"M3"	"MINT"	"TRIM29"
"M3"	"MINT"	"DAPK1"
"M3"	"MINT"	"FGFR2"
"M3"	"MINT"	"QPRT"
"M3"	"MINT"	"MEP1A"
"M3"	"MINT"	"DACH1"
"M3"	"MINT"	"DUSP4"
"M3"	"MINT"	"MPP1"
"M3"	"MINT"	"OTX1"
"M3"	"MINT"	"KRT20"
"M3"	"MINT"	"TSPAN7"
"M3"	"MINT"	"SLC19A3"
"M3"	"MINT"	"PLLP"
"M3"	"MINT"	"NDUFA4L2"
"M3"	"MINT"	"KRT7"
"M3"	"MINT"	"TDGF1"
"M3"	"MINT"	"PRLR"
"M3"	"MINT"	"GPD1"
"M3"	"MINT"	"RPS6KA6"
"M3"	"MINT"	"PTPRD"
"M3"	"MINT"	"SELENBP1"
"M3"	"MINT"	"DNAJC6"
"M3"	"MINT"	"ZNF439"
"M3"	"MINT"	"NCKAP5"
"M3"	"MINT"	"GRIN2D"
"M3"	"MINT"	"EFNA5"
"M3"	"MINT"	"GAD1"
"M3"	"MINT"	"SHC3"
"M3"	"MINT"	"VAV3"
"M3"	"MINT"	"AREG"
"M3"	"MINT"	"AK4"
"M3"	"MINT"	"SYT17"
"M3"	"MINT"	"EDN1"
"M3"	"MINT"	"IL33"
"M3"	"MINT"	"EPHB1"
"M3"	"MINT"	"GUCY2C"
"M3"	"MINT"	"SLC26A3"
"M3"	"MINT"	"CKMT2"
"M3"	"MINT"	"MYRIP"
"M3"	"MINT"	"DPEP1"
"M3"	"MINT"	"CHP2"
"M3"	"MINT"	"TMPRSS3"
"M3"	"MINT"	"CHRM3"
"M3"	"MINT"	"EVA1A"
"M3"	"MINT"	"TRPM6"
"M3"	"MINT"	"MYO1A"
"M3"	"MINT"	"ARSE"
"M3"	"MINT"	"MTMR8"
"M3"	"Jorgensen_EphR"	"CHN2"
"M3"	"I2D-c_Mouse"	"CDX2"
"M3"	"IntAct_Rat"	"SNCAIP"
"M3"	"IntAct_Rat"	"ABCC2"
"M3"	"IntAct_Rat"	"GRIP1"
"M3"	"IntAct_Rat"	"VANGL2"
"M3"	"IntAct_Rat"	"NRXN2"
"M3"	"IntAct_Rat"	"RPS6KA6"
"M3"	"IntAct_Rat"	"GRM8"
"M3"	"IntAct_Rat"	"GAD1"
"M3"	"IntAct_Rat"	"CHP2"
"M3"	"IntAct_Rat"	"CHRM3"
"M3"	"IntAct_Rat"	"FABP1"
"M3"	"IntAct_Rat"	"PCLO"
"M3"	"BioGrid_Yeast"	"THNSL2"
"M3"	"BioGrid_Yeast"	"QPRT"
"M3"	"BioGrid_Yeast"	"NUDT12"
"M3"	"BioGrid_Yeast"	"ABAT"
"M3"	"BioGrid_Yeast"	"AMT"
"M3"	"DIP_Mouse"	"SYNE4"
"M3"	"DIP_Mouse"	"SCNN1B"
"M3"	"DIP_Mouse"	"RAB27B"
"M3"	"DIP_Mouse"	"TNFSF11"
"M3"	"DIP_Mouse"	"DMD"
"M3"	"DIP_Mouse"	"SALL4"
"M3"	"DIP_Mouse"	"EPHA4"
"M3"	"DIP_Mouse"	"SATB2"
"M3"	"DIP_Mouse"	"SEMA6A"
"M3"	"DIP_Mouse"	"RNF43"
"M3"	"MGI"	"IHH"
"M3"	"MGI"	"TNFSF11"
"M3"	"MGI"	"DMD"
"M3"	"MGI"	"AXIN2"
"M3"	"MGI"	"TFAP2A"
"M3"	"MGI"	"TRIM29"
"M3"	"MGI"	"OTX1"
"M3"	"MGI"	"MYRIP"
"M3"	"StelzlLow"	"SNCAIP"
"M3"	"StelzlLow"	"CADPS"
"M3"	"StelzlLow"	"F10"
"M3"	"StelzlLow"	"NDUFA4L2"
"M3"	"StelzlLow"	"IL33"
"M3"	"BioGrid_Rat"	"SNCAIP"
"M3"	"BioGrid_Rat"	"KHDRBS3"
"M3"	"BioGrid_Rat"	"CADPS"
"M3"	"BioGrid_Rat"	"NRXN2"
"M3"	"BioGrid_Rat"	"GRM8"
"M3"	"BioGrid_Rat"	"TG"
"M3"	"BioGrid_Rat"	"EPHB1"
"M3"	"IntAct_Fly"	"DMD"
"M3"	"IntAct_Fly"	"PIWIL1"
"M3"	"IntAct_Fly"	"PTPRD"
"M3"	"IntAct_Fly"	"NR1I2"
"M3"	"IntAct_Fly"	"SELENBP1"
"M3"	"IntAct_Fly"	"GAD1"
"M3"	"IntAct_Fly"	"PIWIL2"
"M3"	"IntAct_Fly"	"EPHB1"
"M3"	"IntAct_Fly"	"PLCB4"
"M3"	"IntAct_Fly"	"SDR16C5"
"M3"	"IntAct_Fly"	"CHST6"
"M3"	"BioGrid_Worm"	"EPHA4"
"M3"	"IntAct_Yeast"	"THNSL2"
"M3"	"IntAct_Yeast"	"QPRT"
"M3"	"IntAct_Yeast"	"ABAT"
"M3"	"YeastMedium"	"QPRT"
"M3"	"YeastMedium"	"NUDT12"
"M3"	"YeastMedium"	"ABAT"
"M3"	"YeastMedium"	"FGGY"
"M3"	"Krogan_Core"	"NUDT12"
"M3"	"MINT_Yeast"	"QPRT"
"M3"	"MINT_Yeast"	"NUDT12"
"M3"	"BIND_Rat"	"CKB"
"M3"	"BIND_Rat"	"AXIN2"
"M3"	"BIND_Rat"	"GRIP1"
"M3"	"BIND_Rat"	"NRXN2"
"M3"	"BIND_Rat"	"PRLR"
"M3"	"BIND_Rat"	"EPHB1"
"M3"	"BIND_Rat"	"NOX1"
"M3"	"BIND_Rat"	"CHRM3"
"M3"	"Krogan_NonCore"	"THNSL2"
"M3"	"YeastLow"	"THNSL2"
"M3"	"YeastLow"	"ABAT"
"M3"	"MINT_Mouse"	"CFTR"
"M3"	"MINT_Mouse"	"SNCAIP"
"M3"	"MINT_Mouse"	"EPHA4"
"M3"	"MINT_Mouse"	"PRLR"
"M3"	"MINT_Mouse"	"GRM8"
"M3"	"MINT_Mouse"	"SLC1A1"
"M3"	"MINT_Mouse"	"SEMA6A"
"M3"	"MINT_Mouse"	"RASL11A"
"M3"	"Chen_PiwiScreen"	"PIWIL1"
"M3"	"BIND_Fly"	"FGFR2"
"M3"	"BIND_Fly"	"KLHL3"
"M3"	"BIND_Fly"	"NR1I2"
"M3"	"MINT_Rat"	"GRIP1"
"M3"	"MINT_Rat"	"GRM8"
"M3"	"MINT_Rat"	"GAD1"
"M3"	"StelzlMedium"	"SNCAIP"
"M3"	"StelzlMedium"	"CHN2"
"M3"	"StelzlMedium"	"THNSL2"
"M3"	"StelzlMedium"	"F10"
"M3"	"StelzlMedium"	"NDUFA4L2"
"M3"	"StelzlMedium"	"RPS6KA6"
"M3"	"StelzlMedium"	"SELENBP1"
"M3"	"StelzlMedium"	"EDN1"
"M3"	"StelzlMedium"	"CKMT2"
"M3"	"StelzlMedium"	"CRIP1"
"M3"	"StelzlMedium"	"ARSE"
"M3"	"IntAct_Worm"	"EPHA4"
"M3"	"IntAct_Worm"	"GSPT2"
"M3"	"IntAct_Worm"	"GPD1"
"M3"	"IntAct_Worm"	"VAV3"
"M3"	"DIP_Fly"	"TFAP2A"
"M3"	"DIP_Fly"	"KLHL3"
"M3"	"DIP_Fly"	"PIWIL1"
"M3"	"DIP_Fly"	"GPD1"
"M3"	"DIP_Fly"	"PTPRD"
"M3"	"DIP_Fly"	"NR1I2"
"M3"	"DIP_Fly"	"GAD1"
"M3"	"DIP_Fly"	"AMT"
"M3"	"DIP_Fly"	"SDR16C5"
"M3"	"DIP_Fly"	"IYD"
"M3"	"DIP_Fly"	"ANO1"
"M3"	"ShawnLi"	"NCKAP5"
"M3"	"ShawnLi"	"GRIN2D"
"M3"	"ShawnLi"	"ENPP3"
"M3"	"BIND_Mouse"	"CFTR"
"M3"	"BIND_Mouse"	"ABCC2"
"M3"	"BIND_Mouse"	"DMD"
"M3"	"BIND_Mouse"	"GRIP1"
"M3"	"BIND_Mouse"	"TFAP2A"
"M3"	"BIND_Mouse"	"PRLR"
"M3"	"BIND_Mouse"	"SEMA6D"
"M3"	"BIND_Mouse"	"SHC3"
"M3"	"BIND_Mouse"	"FRAS1"
"M3"	"KIM_MYC"	"SALL4"
"M3"	"SOURAV_MAPK_HIGH"	"ARHGEF4"
"M3"	"YeastHigh"	"THNSL2"
"M3"	"INNATEDB_Mouse"	"CDX2"
"M3"	"INNATEDB_Mouse"	"MAPK8IP2"
"M3"	"INNATEDB_Mouse"	"CAB39L"
"M3"	"INNATEDB_Mouse"	"DAPK1"
"M3"	"INNATEDB_Mouse"	"EPHA4"
"M3"	"INNATEDB_Mouse"	"EGLN3"
"M3"	"INNATEDB_Mouse"	"TSPAN7"
"M3"	"INNATEDB_Mouse"	"NR1I2"
"M3"	"INNATEDB_Mouse"	"CYP4F2"
"M3"	"INNATEDB_Mouse"	"PLA2G4A"
"M3"	"INNATEDB_Mouse"	"IL33"
"M3"	"INNATEDB_Mouse"	"SLC35D3"
"M3"	"INNATEDB_Mouse"	"TMPRSS13"
"M3"	"INNATEDB_Mouse"	"SLC7A8"
"M3"	"I2D-c_Fiona_HUMAN"	"LAPTM4B"
"M3"	"Yu_GoldStd"	"AMT"
"M3"	"StelzlHigh"	"GPD1"
"M3"	"StelzlHigh"	"SELENBP1"
"M3"	"StelzlHigh"	"CKMT2"
"M3"	"StelzlHigh"	"TMPRSS3"
"M3"	"VidalHuman_core"	"KHDRBS3"
"M3"	"VidalHuman_core"	"TRIM29"
"M3"	"VidalHuman_core"	"QPRT"
"M3"	"VidalHuman_core"	"DACH1"
"M3"	"VidalHuman_core"	"MPP1"
"M3"	"VidalHuman_core"	"OTX1"
"M3"	"VidalHuman_core"	"KRT20"
"M3"	"VidalHuman_core"	"SELENBP1"
"M3"	"VidalHuman_core"	"AGT"
"M3"	"VidalHuman_core"	"GAD1"
"M3"	"VidalHuman_core"	"CEACAM5"
"M3"	"VidalHuman_core"	"DPEP1"
"M3"	"VidalHuman_core"	"MTMR8"
"M3"	"VidalHuman_non_core"	"KHDRBS3"
"M3"	"VidalHuman_non_core"	"KRT20"
"M3"	"VidalHuman_non_core"	"AGT"
"M3"	"VidalHuman_non_core"	"GAD1"
"M3"	"VidalHuman_non_core"	"AK4"
"M3"	"DIP_Rat"	"CADPS"
"M3"	"DIP_Rat"	"EPHB1"
"M3"	"Fawcett_polarity_Rat"	"PCLO"
"M3"	"DIP_Yeast"	"THNSL2"
"M3"	"DIP_Yeast"	"QPRT"
"M3"	"MIPS"	"QPRT"
"M4"	"BioGrid"	"CREB3L1"
"M4"	"BioGrid"	"CA4"
"M4"	"BioGrid"	"UNC13D"
"M4"	"BioGrid"	"MLPH"
"M4"	"BioGrid"	"PCSK9"
"M4"	"BioGrid"	"RAB26"
"M4"	"BioGrid"	"CBFA2T3"
"M4"	"BioGrid"	"PACSIN3"
"M4"	"BioGrid"	"PROX1"
"M4"	"BioGrid"	"FOXA1"
"M4"	"BioGrid"	"NEURL1"
"M4"	"BioGrid"	"LGALS2"
"M4"	"BioGrid"	"CDA"
"M4"	"BioGrid"	"SDCBP2"
"M4"	"BioGrid"	"LTK"
"M4"	"BioGrid"	"RAP1GAP"
"M4"	"BioGrid"	"FBXO2"
"M4"	"BioGrid"	"SSTR1"
"M4"	"BioGrid"	"TNFRSF11B"
"M4"	"BioGrid"	"REG1A"
"M4"	"BioGrid"	"LIN7A"
"M4"	"BioGrid"	"NINL"
"M4"	"BioGrid"	"CA8"
"M4"	"BioGrid"	"RASD1"
"M4"	"BioGrid"	"ZBTB7C"
"M4"	"BioGrid"	"FGFBP1"
"M4"	"BioGrid"	"AKR1B10"
"M4"	"BioGrid"	"CA12"
"M4"	"BioGrid"	"TFF1"
"M4"	"BioGrid"	"SCG5"
"M4"	"BioGrid"	"GNE"
"M4"	"BioGrid"	"BNIP3"
"M4"	"BioGrid"	"ADTRP"
"M4"	"BioGrid"	"RIMS3"
"M4"	"BioGrid"	"GFI1"
"M4"	"BioGrid"	"ALDH1A1"
"M4"	"BioGrid"	"RHOF"
"M4"	"BioGrid"	"ETNK2"
"M4"	"BioGrid"	"STC2"
"M4"	"BioGrid"	"SERPINA1"
"M4"	"BioGrid"	"BCAS1"
"M4"	"BioGrid"	"AGR3"
"M4"	"BioGrid"	"DAPP1"
"M4"	"BioGrid"	"GCNT3"
"M4"	"BioGrid"	"AGR2"
"M4"	"BioGrid"	"C2orf88"
"M4"	"BioGrid"	"FABP2"
"M4"	"BioGrid"	"DNAJC12"
"M4"	"BioGrid"	"SLC9A2"
"M4"	"BioGrid"	"MUC1"
"M4"	"BioGrid"	"PCSK1"
"M4"	"BioGrid"	"CTSE"
"M4"	"BioGrid"	"KLK1"
"M4"	"BioGrid"	"IL1R2"
"M4"	"BioGrid"	"CA2"
"M4"	"BioGrid"	"REG3A"
"M4"	"BioGrid"	"MUC5B"
"M4"	"BioGrid"	"PLA2G2A"
"M4"	"BioGrid"	"PI3"
"M4"	"BioGrid"	"MT1F"
"M4"	"BioGrid"	"ACPP"
"M4"	"BioGrid"	"MRAP2"
"M4"	"BioGrid"	"RASL10B"
"M4"	"BioGrid"	"TRPA1"
"M4"	"BioGrid"	"SPDEF"
"M4"	"BioGrid"	"PTPRR"
"M4"	"BioGrid"	"SYTL1"
"M4"	"BioGrid"	"DSC3"
"M4"	"BioGrid"	"S100P"
"M4"	"BioGrid"	"RASD2"
"M4"	"BioGrid"	"WFDC2"
"M4"	"BioGrid"	"CCL28"
"M4"	"BioGrid"	"DMBT1"
"M4"	"BioGrid"	"SCNN1A"
"M4"	"BioGrid"	"REG1B"
"M4"	"BioGrid"	"PLAG1"
"M4"	"BioGrid"	"RHBDL2"
"M4"	"BioGrid"	"ZNF488"
"M4"	"BioGrid"	"CCNJL"
"M4"	"BioGrid"	"ZNF844"
"M4"	"BioGrid"	"SCIN"
"M4"	"BioGrid"	"L1TD1"
"M4"	"BioGrid"	"CLCA1"
"M4"	"BioGrid"	"PDZK1IP1"
"M4"	"BioGrid"	"RSPH1"
"M4"	"BioGrid"	"OASL"
"M4"	"BioGrid"	"SYT13"
"M4"	"IntAct"	"CREB3L1"
"M4"	"IntAct"	"PIGR"
"M4"	"IntAct"	"MLPH"
"M4"	"IntAct"	"PCSK9"
"M4"	"IntAct"	"CBFA2T3"
"M4"	"IntAct"	"PACSIN3"
"M4"	"IntAct"	"PROX1"
"M4"	"IntAct"	"FOXA1"
"M4"	"IntAct"	"NEURL1"
"M4"	"IntAct"	"LGALS2"
"M4"	"IntAct"	"CDA"
"M4"	"IntAct"	"SDCBP2"
"M4"	"IntAct"	"LTK"
"M4"	"IntAct"	"RAP1GAP"
"M4"	"IntAct"	"PTGER2"
"M4"	"IntAct"	"LIN7A"
"M4"	"IntAct"	"NINL"
"M4"	"IntAct"	"CA8"
"M4"	"IntAct"	"RASD1"
"M4"	"IntAct"	"AKR1B10"
"M4"	"IntAct"	"CA12"
"M4"	"IntAct"	"TFF1"
"M4"	"IntAct"	"SCG5"
"M4"	"IntAct"	"GNE"
"M4"	"IntAct"	"RHOV"
"M4"	"IntAct"	"ZG16"
"M4"	"IntAct"	"BNIP3"
"M4"	"IntAct"	"ADTRP"
"M4"	"IntAct"	"RIMS3"
"M4"	"IntAct"	"GFI1"
"M4"	"IntAct"	"ALDH1A1"
"M4"	"IntAct"	"RHOF"
"M4"	"IntAct"	"CHGA"
"M4"	"IntAct"	"ETNK2"
"M4"	"IntAct"	"CEMIP"
"M4"	"IntAct"	"STC2"
"M4"	"IntAct"	"SERPINA1"
"M4"	"IntAct"	"AGR3"
"M4"	"IntAct"	"DAPP1"
"M4"	"IntAct"	"GCNT3"
"M4"	"IntAct"	"AGR2"
"M4"	"IntAct"	"CMBL"
"M4"	"IntAct"	"C2orf88"
"M4"	"IntAct"	"FABP2"
"M4"	"IntAct"	"DNAJC12"
"M4"	"IntAct"	"ASRGL1"
"M4"	"IntAct"	"MUC1"
"M4"	"IntAct"	"SLC4A4"
"M4"	"IntAct"	"CTSE"
"M4"	"IntAct"	"IL1R2"
"M4"	"IntAct"	"CA2"
"M4"	"IntAct"	"REG3A"
"M4"	"IntAct"	"PLA2G2A"
"M4"	"IntAct"	"MT1F"
"M4"	"IntAct"	"MT1G"
"M4"	"IntAct"	"ACPP"
"M4"	"IntAct"	"CD177"
"M4"	"IntAct"	"MRAP2"
"M4"	"IntAct"	"RASL10B"
"M4"	"IntAct"	"ABCG2"
"M4"	"IntAct"	"PTPRR"
"M4"	"IntAct"	"CEACAM7"
"M4"	"IntAct"	"S100P"
"M4"	"IntAct"	"PKIB"
"M4"	"IntAct"	"CCL28"
"M4"	"IntAct"	"FRMD3"
"M4"	"IntAct"	"DMBT1"
"M4"	"IntAct"	"RCOR2"
"M4"	"IntAct"	"SCNN1A"
"M4"	"IntAct"	"REG1B"
"M4"	"IntAct"	"PLAG1"
"M4"	"IntAct"	"ZNF488"
"M4"	"IntAct"	"CCNJL"
"M4"	"IntAct"	"ZNF844"
"M4"	"IntAct"	"SCIN"
"M4"	"IntAct"	"GJB3"
"M4"	"IntAct"	"L1TD1"
"M4"	"IntAct"	"TSPAN1"
"M4"	"IntAct"	"OASL"
"M4"	"IntAct"	"FCGBP"
"M4"	"IntAct"	"FLRT3"
"M4"	"IntAct"	"PLA2G10"
"M4"	"HPRD"	"CREB3L1"
"M4"	"HPRD"	"CA4"
"M4"	"HPRD"	"PIGR"
"M4"	"HPRD"	"UNC13D"
"M4"	"HPRD"	"MLPH"
"M4"	"HPRD"	"PCSK9"
"M4"	"HPRD"	"CBFA2T3"
"M4"	"HPRD"	"PACSIN3"
"M4"	"HPRD"	"PROX1"
"M4"	"HPRD"	"FOXA1"
"M4"	"HPRD"	"LGALS2"
"M4"	"HPRD"	"CDA"
"M4"	"HPRD"	"SDCBP2"
"M4"	"HPRD"	"RAP1GAP"
"M4"	"HPRD"	"FBXO2"
"M4"	"HPRD"	"PTGER2"
"M4"	"HPRD"	"SSTR1"
"M4"	"HPRD"	"SEMA3A"
"M4"	"HPRD"	"TNFRSF11B"
"M4"	"HPRD"	"LIN7A"
"M4"	"HPRD"	"AQP3"
"M4"	"HPRD"	"NINL"
"M4"	"HPRD"	"CA8"
"M4"	"HPRD"	"RASD1"
"M4"	"HPRD"	"FGFBP1"
"M4"	"HPRD"	"CA12"
"M4"	"HPRD"	"TFF1"
"M4"	"HPRD"	"SCG5"
"M4"	"HPRD"	"GNE"
"M4"	"HPRD"	"GFI1"
"M4"	"HPRD"	"CHGA"
"M4"	"HPRD"	"CEMIP"
"M4"	"HPRD"	"STC2"
"M4"	"HPRD"	"SERPINA1"
"M4"	"HPRD"	"BCAS1"
"M4"	"HPRD"	"AGR3"
"M4"	"HPRD"	"AGR2"
"M4"	"HPRD"	"SLC9A2"
"M4"	"HPRD"	"PCSK1"
"M4"	"HPRD"	"SLC4A4"
"M4"	"HPRD"	"CTSE"
"M4"	"HPRD"	"KLK1"
"M4"	"HPRD"	"BARX2"
"M4"	"HPRD"	"IL1R2"
"M4"	"HPRD"	"CA2"
"M4"	"HPRD"	"LRG1"
"M4"	"HPRD"	"REG3A"
"M4"	"HPRD"	"ITLN1"
"M4"	"HPRD"	"PLA2G2A"
"M4"	"HPRD"	"PI3"
"M4"	"HPRD"	"MT1F"
"M4"	"HPRD"	"MT1G"
"M4"	"HPRD"	"ACPP"
"M4"	"HPRD"	"CD177"
"M4"	"HPRD"	"MUC4"
"M4"	"HPRD"	"C4BPB"
"M4"	"HPRD"	"SPINK5"
"M4"	"HPRD"	"ATOH1"
"M4"	"HPRD"	"SPDEF"
"M4"	"HPRD"	"SLC6A8"
"M4"	"HPRD"	"SYTL1"
"M4"	"HPRD"	"DSC3"
"M4"	"HPRD"	"S100P"
"M4"	"HPRD"	"RASD2"
"M4"	"HPRD"	"PKIB"
"M4"	"HPRD"	"DMBT1"
"M4"	"HPRD"	"XDH"
"M4"	"HPRD"	"SCNN1A"
"M4"	"HPRD"	"REG1B"
"M4"	"HPRD"	"PLAG1"
"M4"	"HPRD"	"RHBDL2"
"M4"	"HPRD"	"ITPKA"
"M4"	"HPRD"	"SCIN"
"M4"	"HPRD"	"GJB3"
"M4"	"HPRD"	"PDZK1IP1"
"M4"	"HPRD"	"OASL"
"M4"	"HPRD"	"SYT13"
"M4"	"MGI"	"MLPH"
"M4"	"MGI"	"RAB26"
"M4"	"MGI"	"PACSIN3"
"M4"	"MGI"	"RGL3"
"M4"	"BioGrid_Fly"	"RAB26"
"M4"	"BioGrid_Fly"	"SEMA3A"
"M4"	"BioGrid_Fly"	"AKR1B10"
"M4"	"BioGrid_Fly"	"DNAJC12"
"M4"	"BioGrid_Fly"	"ABCG2"
"M4"	"BIND_Fly"	"RAB26"
"M4"	"BIND_Fly"	"CBFA2T3"
"M4"	"BIND_Fly"	"SEMA3A"
"M4"	"BIND_Fly"	"DNAJC12"
"M4"	"MINT_Fly"	"RAB26"
"M4"	"MINT_Fly"	"DNAJC12"
"M4"	"INNATEDB"	"PIGR"
"M4"	"INNATEDB"	"FOXA1"
"M4"	"INNATEDB"	"LGALS2"
"M4"	"INNATEDB"	"LTK"
"M4"	"INNATEDB"	"SSTR1"
"M4"	"INNATEDB"	"AQP3"
"M4"	"INNATEDB"	"TFF1"
"M4"	"INNATEDB"	"GFI1"
"M4"	"INNATEDB"	"SERPINA1"
"M4"	"INNATEDB"	"MUC1"
"M4"	"INNATEDB"	"KLK1"
"M4"	"INNATEDB"	"IL1R2"
"M4"	"INNATEDB"	"CA2"
"M4"	"INNATEDB"	"MUC5B"
"M4"	"INNATEDB"	"ABCG2"
"M4"	"INNATEDB"	"SPINK5"
"M4"	"INNATEDB"	"TRPA1"
"M4"	"INNATEDB"	"SYTL1"
"M4"	"INNATEDB"	"HSD17B2"
"M4"	"INNATEDB"	"PADI2"
"M4"	"INNATEDB"	"RTP4"
"M4"	"INNATEDB"	"TFF3"
"M4"	"INNATEDB"	"DUOX2"
"M4"	"BioGrid_Mouse"	"PROX1"
"M4"	"BioGrid_Mouse"	"NEURL1"
"M4"	"BioGrid_Mouse"	"FBXO2"
"M4"	"BioGrid_Mouse"	"REG1A"
"M4"	"BioGrid_Mouse"	"LIN7A"
"M4"	"BioGrid_Mouse"	"ZBTB7C"
"M4"	"BioGrid_Mouse"	"FGFBP1"
"M4"	"BioGrid_Mouse"	"GFI1"
"M4"	"BioGrid_Mouse"	"ASRGL1"
"M4"	"BioGrid_Mouse"	"BARX2"
"M4"	"BioGrid_Mouse"	"RGL3"
"M4"	"BioGrid_Mouse"	"ATOH1"
"M4"	"BioGrid_Mouse"	"SPDEF"
"M4"	"BioGrid_Rat"	"CREB3L1"
"M4"	"BioGrid_Rat"	"SDCBP2"
"M4"	"BioGrid_Rat"	"FBXO2"
"M4"	"BioGrid_Rat"	"GNE"
"M4"	"BioGrid_Rat"	"PTPRR"
"M4"	"INNATEDB_Mouse"	"FOXA1"
"M4"	"INNATEDB_Mouse"	"ZBTB7C"
"M4"	"INNATEDB_Mouse"	"RIMS3"
"M4"	"INNATEDB_Mouse"	"GFI1"
"M4"	"INNATEDB_Mouse"	"DAPP1"
"M4"	"INNATEDB_Mouse"	"RTP4"
"M4"	"BCI"	"CA4"
"M4"	"BCI"	"PIGR"
"M4"	"BCI"	"CBFA2T3"
"M4"	"BCI"	"LGALS2"
"M4"	"BCI"	"LTK"
"M4"	"BCI"	"AQP3"
"M4"	"BCI"	"BNIP3"
"M4"	"BCI"	"GFI1"
"M4"	"BCI"	"MUC1"
"M4"	"BCI"	"KLK1"
"M4"	"BCI"	"CA2"
"M4"	"BCI"	"PLA2G2A"
"M4"	"BCI"	"MT1F"
"M4"	"BCI"	"MT1G"
"M4"	"DIP_Mouse"	"MLPH"
"M4"	"DIP_Mouse"	"SEMA3A"
"M4"	"DIP_Mouse"	"TNFRSF11B"
"M4"	"DIP_Mouse"	"PCSK1"
"M4"	"DIP_Mouse"	"LRG1"
"M4"	"DIP_Mouse"	"RCOR2"
"M4"	"DIP_Mouse"	"SCNN1A"
"M4"	"MINT"	"CREB3L1"
"M4"	"MINT"	"MLPH"
"M4"	"MINT"	"CBFA2T3"
"M4"	"MINT"	"PROX1"
"M4"	"MINT"	"LGALS2"
"M4"	"MINT"	"SDCBP2"
"M4"	"MINT"	"LTK"
"M4"	"MINT"	"RAP1GAP"
"M4"	"MINT"	"LIN7A"
"M4"	"MINT"	"NINL"
"M4"	"MINT"	"CA8"
"M4"	"MINT"	"TFF1"
"M4"	"MINT"	"BNIP3"
"M4"	"MINT"	"ADTRP"
"M4"	"MINT"	"RIMS3"
"M4"	"MINT"	"GFI1"
"M4"	"MINT"	"ALDH1A1"
"M4"	"MINT"	"STC2"
"M4"	"MINT"	"SERPINA1"
"M4"	"MINT"	"AGR3"
"M4"	"MINT"	"DAPP1"
"M4"	"MINT"	"AGR2"
"M4"	"MINT"	"MUC1"
"M4"	"MINT"	"CTSE"
"M4"	"MINT"	"CA2"
"M4"	"MINT"	"PLA2G2A"
"M4"	"MINT"	"ACPP"
"M4"	"MINT"	"ABCG2"
"M4"	"MINT"	"PTPRR"
"M4"	"MINT"	"WFDC2"
"M4"	"MINT"	"CCL28"
"M4"	"MINT"	"SCNN1A"
"M4"	"MINT"	"REG1B"
"M4"	"MINT"	"PDZK1IP1"
"M4"	"MINT"	"PLA2G10"
"M4"	"YeastMedium"	"CDA"
"M4"	"YeastMedium"	"GPT"
"M4"	"IntAct_Mouse"	"CBFA2T3"
"M4"	"IntAct_Mouse"	"PACSIN3"
"M4"	"IntAct_Mouse"	"NEURL1"
"M4"	"IntAct_Mouse"	"CDA"
"M4"	"IntAct_Mouse"	"SSTR1"
"M4"	"IntAct_Mouse"	"RASD1"
"M4"	"IntAct_Mouse"	"GFI1"
"M4"	"IntAct_Mouse"	"CHGA"
"M4"	"IntAct_Mouse"	"SLC4A4"
"M4"	"IntAct_Mouse"	"BARX2"
"M4"	"IntAct_Mouse"	"PTPRR"
"M4"	"IntAct_Mouse"	"FFAR4"
"M4"	"DIP"	"PCSK9"
"M4"	"DIP"	"FOXA1"
"M4"	"DIP"	"SPTLC3"
"M4"	"DIP"	"GFI1"
"M4"	"DIP"	"SERPINA1"
"M4"	"DIP"	"AGR2"
"M4"	"DIP"	"SLC4A4"
"M4"	"DIP"	"LRG1"
"M4"	"DIP"	"REG3A"
"M4"	"DIP"	"MRAP2"
"M4"	"DIP"	"ABCG2"
"M4"	"DIP"	"PTPRR"
"M4"	"BIND"	"CREB3L1"
"M4"	"BIND"	"PIGR"
"M4"	"BIND"	"LGALS2"
"M4"	"BIND"	"CDA"
"M4"	"BIND"	"SDCBP2"
"M4"	"BIND"	"RAP1GAP"
"M4"	"BIND"	"FGFBP1"
"M4"	"BIND"	"CA12"
"M4"	"BIND"	"TFF1"
"M4"	"BIND"	"GFI1"
"M4"	"BIND"	"SERPINA1"
"M4"	"BIND"	"PLA2G2A"
"M4"	"BIND"	"PI3"
"M4"	"BIND"	"ACPP"
"M4"	"BIND"	"S100P"
"M4"	"BIND"	"TFF3"
"M4"	"BioGrid_Yeast"	"PCSK9"
"M4"	"BioGrid_Yeast"	"CDA"
"M4"	"BioGrid_Yeast"	"AKR1B10"
"M4"	"BioGrid_Yeast"	"SLC4A4"
"M4"	"BioGrid_Yeast"	"ABCG2"
"M4"	"BioGrid_Yeast"	"GPT"
"M4"	"IntAct_Yeast"	"PCSK9"
"M4"	"IntAct_Yeast"	"CDA"
"M4"	"IntAct_Yeast"	"AQP3"
"M4"	"IntAct_Yeast"	"AKR1B10"
"M4"	"IntAct_Yeast"	"ABCG2"
"M4"	"MINT_Yeast"	"CDA"
"M4"	"MINT_Yeast"	"AKR1B10"
"M4"	"Tarassov_PCA"	"CDA"
"M4"	"Tarassov_PCA"	"AKR1B10"
"M4"	"VidalHuman_core"	"SDCBP2"
"M4"	"VidalHuman_core"	"TFF1"
"M4"	"VidalHuman_core"	"BNIP3"
"M4"	"VidalHuman_core"	"ALDH1A1"
"M4"	"IntAct_Fly"	"SEMA3A"
"M4"	"StelzlMedium"	"RAP1GAP"
"M4"	"StelzlMedium"	"CA8"
"M4"	"StelzlMedium"	"SCG5"
"M4"	"StelzlMedium"	"STC2"
"M4"	"StelzlMedium"	"WFDC2"
"M4"	"StelzlMedium"	"REG1B"
"M4"	"StelzlMedium"	"PDZK1IP1"
"M4"	"IntAct_Rat"	"SCG5"
"M4"	"IntAct_Rat"	"RHOV"
"M4"	"IntAct_Rat"	"SLC9A2"
"M4"	"IntAct_Rat"	"PTPRR"
"M4"	"FlyHigh"	"DNAJC12"
"M4"	"I2D-c_Fiona_HUMAN"	"MUC1"
"M4"	"BIND_Mouse"	"MLPH"
"M4"	"BIND_Mouse"	"PACSIN3"
"M4"	"BIND_Mouse"	"CDA"
"M4"	"BIND_Mouse"	"GFI1"
"M4"	"BIND_Mouse"	"RHOF"
"M4"	"BIND_Mouse"	"BARX2"
"M4"	"BIND_Mouse"	"PTPRR"
"M4"	"BIND_Mouse"	"RCOR2"
"M4"	"DIP_Fly"	"RAB26"
"M4"	"DIP_Fly"	"SEMA3A"
"M4"	"FlyLow"	"SEMA3A"
"M4"	"MINT_Rat"	"GNE"
"M4"	"MINT_Rat"	"PTPRR"
"M4"	"MINT_Mouse"	"CBFA2T3"
"M4"	"MINT_Mouse"	"CDA"
"M4"	"MINT_Mouse"	"SSTR1"
"M4"	"BIND_Yeast"	"CDA"
"M4"	"DIP_Yeast"	"CDA"
"M4"	"MIPS"	"CDA"
"M4"	"Yu_GoldStd"	"CDA"
"M4"	"VidalHuman_non_core"	"RASD1"
"M4"	"VidalHuman_non_core"	"ETNK2"
"M4"	"VidalHuman_non_core"	"MYEOV"
"M4"	"VidalHuman_non_core"	"CCNJL"
"M4"	"IntAct_Worm"	"XDH"
"M4"	"IntAct_Worm"	"LDHD"
"M4"	"YeastLow"	"AKR1B10"
"M4"	"YeastLow"	"SLC4A4"
"M4"	"YeastLow"	"GPT"
"M4"	"Krogan_Core"	"AKR1B10"
"M4"	"DIP_Worm"	"LDHD"
"M4"	"StelzlHigh"	"AGR2"
"M4"	"StelzlLow"	"PLA2G2A"
"M4"	"StelzlLow"	"PLA2G10"
"M4"	"KIM_MYC"	"ASRGL1"
"M5"	"BioGrid"	"SPATC1L"
"M5"	"BioGrid"	"ADAMTSL4"
"M5"	"BioGrid"	"HIST1H1C"
"M5"	"BioGrid"	"MIF"
"M5"	"BioGrid"	"GADD45G"
"M5"	"BioGrid"	"LTF"
"M5"	"BioGrid"	"MGMT"
"M5"	"BioGrid"	"CYP51A1"
"M5"	"BioGrid"	"MRPL12"
"M5"	"BioGrid"	"CDKN2A"
"M5"	"BioGrid"	"PEX11G"
"M5"	"BioGrid"	"LDHB"
"M5"	"BioGrid"	"SCAND1"
"M5"	"BioGrid"	"TTN"
"M5"	"BioGrid"	"SLPI"
"M5"	"BioGrid"	"CCND2"
"M5"	"BioGrid"	"HES4"
"M5"	"BioGrid"	"GABBR1"
"M5"	"BioGrid"	"HIST2H2BE"
"M5"	"BioGrid"	"HIST1H2AG"
"M5"	"BioGrid"	"TPPP"
"M5"	"BioGrid"	"KLHL13"
"M5"	"BioGrid"	"MMP7"
"M5"	"BioGrid"	"CSTA"
"M5"	"BioGrid"	"F12"
"M5"	"BioGrid"	"IGFBP2"
"M5"	"BioGrid"	"PPP1R14A"
"M5"	"BioGrid"	"NHS"
"M5"	"BioGrid"	"CLIC3"
"M5"	"BioGrid"	"MRPS24"
"M5"	"BioGrid"	"PABPC3"
"M5"	"BioGrid"	"CTU1"
"M5"	"BioGrid"	"BFSP1"
"M5"	"BioGrid"	"MMP10"
"M5"	"BioGrid"	"GPER1"
"M5"	"BioGrid"	"ACY3"
"M5"	"BioGrid"	"GALNT4"
"M5"	"BioGrid"	"PLA2G16"
"M5"	"BioGrid"	"AKR1C3"
"M5"	"BioGrid"	"MTHFS"
"M5"	"BioGrid"	"HIST1H2BK"
"M5"	"BioGrid"	"REEP6"
"M5"	"BioGrid"	"ACOT1"
"M5"	"BioGrid"	"NMU"
"M5"	"DIP_Mouse"	"HIST1H1C"
"M5"	"DIP_Mouse"	"CCND2"
"M5"	"DIP_Mouse"	"ACY3"
"M5"	"IntAct"	"SPATC1L"
"M5"	"IntAct"	"ADAMTSL4"
"M5"	"IntAct"	"HIST1H1C"
"M5"	"IntAct"	"MIF"
"M5"	"IntAct"	"GADD45G"
"M5"	"IntAct"	"LTF"
"M5"	"IntAct"	"CYP51A1"
"M5"	"IntAct"	"MRPL12"
"M5"	"IntAct"	"CDKN2A"
"M5"	"IntAct"	"LDHB"
"M5"	"IntAct"	"BAMBI"
"M5"	"IntAct"	"SCAND1"
"M5"	"IntAct"	"TTN"
"M5"	"IntAct"	"SLPI"
"M5"	"IntAct"	"CCND2"
"M5"	"IntAct"	"HES4"
"M5"	"IntAct"	"GABBR1"
"M5"	"IntAct"	"HIST2H2BE"
"M5"	"IntAct"	"HIST1H2AG"
"M5"	"IntAct"	"TPPP"
"M5"	"IntAct"	"LYPD3"
"M5"	"IntAct"	"KLHL13"
"M5"	"IntAct"	"MMP7"
"M5"	"IntAct"	"CSTA"
"M5"	"IntAct"	"F12"
"M5"	"IntAct"	"RBP4"
"M5"	"IntAct"	"IGFBP2"
"M5"	"IntAct"	"PPP1R14A"
"M5"	"IntAct"	"GOLGA8A"
"M5"	"IntAct"	"CLIC3"
"M5"	"IntAct"	"PABPC3"
"M5"	"IntAct"	"RGS11"
"M5"	"IntAct"	"ACY3"
"M5"	"IntAct"	"GCHFR"
"M5"	"IntAct"	"PLA2G16"
"M5"	"IntAct"	"AKR1C3"
"M5"	"IntAct"	"REEP6"
"M5"	"IntAct"	"PRRT2"
"M5"	"IntAct"	"RPL39L"
"M5"	"IntAct"	"NMU"
"M5"	"IntAct"	"ZMAT1"
"M5"	"BioGrid_Yeast"	"CYP51A1"
"M5"	"BioGrid_Yeast"	"MRPL12"
"M5"	"BioGrid_Yeast"	"AASS"
"M5"	"BioGrid_Yeast"	"HACD1"
"M5"	"YeastMedium"	"MRPL12"
"M5"	"YeastMedium"	"MTHFS"
"M5"	"MINT"	"MIF"
"M5"	"MINT"	"GADD45G"
"M5"	"MINT"	"MRPL12"
"M5"	"MINT"	"CDKN2A"
"M5"	"MINT"	"SCAND1"
"M5"	"MINT"	"TTN"
"M5"	"MINT"	"CCND2"
"M5"	"MINT"	"GABBR1"
"M5"	"MINT"	"HIST2H2BE"
"M5"	"MINT"	"TPPP"
"M5"	"MINT"	"CSTA"
"M5"	"MINT"	"ACY3"
"M5"	"MINT"	"PLA2G16"
"M5"	"MINT"	"AKR1C3"
"M5"	"BCI"	"HIST1H1C"
"M5"	"BCI"	"MIF"
"M5"	"BCI"	"CDKN2A"
"M5"	"BCI"	"TTN"
"M5"	"BCI"	"CCND2"
"M5"	"BCI"	"GABBR1"
"M5"	"BCI"	"HIST2H2BE"
"M5"	"BCI"	"HIST1H2AG"
"M5"	"BCI"	"MMP7"
"M5"	"BCI"	"SERPINI1"
"M5"	"BCI"	"CSTA"
"M5"	"BCI"	"F12"
"M5"	"BCI"	"IGFBP2"
"M5"	"DIP"	"MIF"
"M5"	"DIP"	"MRPL12"
"M5"	"DIP"	"CDKN2A"
"M5"	"DIP"	"TTN"
"M5"	"DIP"	"HIST1H2AG"
"M5"	"DIP"	"CTU1"
"M5"	"DIP"	"HIST1H2BK"
"M5"	"YeastLow"	"MRPL12"
"M5"	"YeastLow"	"AASS"
"M5"	"MINT_Yeast"	"CYP51A1"
"M5"	"MINT_Yeast"	"AASS"
"M5"	"Tarassov_PCA"	"CYP51A1"
"M5"	"IntAct_Yeast"	"CYP51A1"
"M5"	"IntAct_Yeast"	"MRPL12"
"M5"	"IntAct_Yeast"	"AASS"
"M5"	"IntAct_Yeast"	"HACD1"
"M5"	"BIND"	"MIF"
"M5"	"BIND"	"GADD45G"
"M5"	"BIND"	"CDKN2A"
"M5"	"BIND"	"LDHB"
"M5"	"BIND"	"CCND2"
"M5"	"BIND"	"HIST2H2BE"
"M5"	"BIND"	"CSTA"
"M5"	"BIND"	"RBP4"
"M5"	"BIND"	"MMP10"
"M5"	"BIND"	"HIST1H2BD"
"M5"	"BIND"	"HIST1H2BK"
"M5"	"BIND"	"NMU"
"M5"	"BioGrid_Mouse"	"MIF"
"M5"	"BioGrid_Mouse"	"CDKN2A"
"M5"	"BioGrid_Mouse"	"SCAND1"
"M5"	"BioGrid_Mouse"	"TTN"
"M5"	"BioGrid_Mouse"	"SLPI"
"M5"	"BioGrid_Mouse"	"GABBR1"
"M5"	"HPRD"	"SPATC1L"
"M5"	"HPRD"	"MIF"
"M5"	"HPRD"	"GADD45G"
"M5"	"HPRD"	"LTF"
"M5"	"HPRD"	"MRPL12"
"M5"	"HPRD"	"LDHB"
"M5"	"HPRD"	"BAMBI"
"M5"	"HPRD"	"CCND2"
"M5"	"HPRD"	"GABBR1"
"M5"	"HPRD"	"HIST2H2BE"
"M5"	"HPRD"	"HIST1H2AG"
"M5"	"HPRD"	"TPPP"
"M5"	"HPRD"	"MMP7"
"M5"	"HPRD"	"SERPINI1"
"M5"	"HPRD"	"CSTA"
"M5"	"HPRD"	"F12"
"M5"	"HPRD"	"RBP4"
"M5"	"HPRD"	"PPP1R14A"
"M5"	"HPRD"	"CLIC3"
"M5"	"HPRD"	"BFSP1"
"M5"	"HPRD"	"MMP10"
"M5"	"HPRD"	"HIST1H2BD"
"M5"	"HPRD"	"ACY3"
"M5"	"HPRD"	"GCHFR"
"M5"	"HPRD"	"PLA2G16"
"M5"	"HPRD"	"POMK"
"M5"	"HPRD"	"AKR1C3"
"M5"	"HPRD"	"MTHFS"
"M5"	"HPRD"	"CDC42EP5"
"M5"	"INNATEDB"	"GADD45G"
"M5"	"INNATEDB"	"LTF"
"M5"	"INNATEDB"	"CYP51A1"
"M5"	"INNATEDB"	"CDKN2A"
"M5"	"INNATEDB"	"LDHB"
"M5"	"INNATEDB"	"TTN"
"M5"	"INNATEDB"	"CCND2"
"M5"	"INNATEDB"	"PPP1R14A"
"M5"	"INNATEDB"	"RGS11"
"M5"	"INNATEDB"	"MMP10"
"M5"	"INNATEDB"	"NMU"
"M5"	"BioGrid_Fly"	"CCND2"
"M5"	"BioGrid_Fly"	"NUDT8"
"M5"	"BioGrid_Fly"	"HIST1H2AG"
"M5"	"BioGrid_Fly"	"TPPP"
"M5"	"BioGrid_Fly"	"MRPS24"
"M5"	"BioGrid_Fly"	"AASS"
"M5"	"DIP_Yeast"	"CYP51A1"
"M5"	"DIP_Yeast"	"MRPL12"
"M5"	"DIP_Yeast"	"AASS"
"M5"	"BioGrid_Rat"	"CCND2"
"M5"	"BioGrid_Rat"	"GABBR1"
"M5"	"BioGrid_Rat"	"GCHFR"
"M5"	"BIND_Fly"	"TPPP"
"M5"	"BIND_Fly"	"MRPS24"
"M5"	"DIP_Fly"	"MRPL12"
"M5"	"DIP_Fly"	"CCND2"
"M5"	"DIP_Fly"	"HIST1H2AG"
"M5"	"DIP_Fly"	"TPPP"
"M5"	"DIP_Fly"	"MRPS24"
"M5"	"FlyLow"	"TPPP"
"M5"	"FlyLow"	"MRPS24"
"M5"	"MINT_Fly"	"TPPP"
"M5"	"MINT_Fly"	"MRPS24"
"M5"	"VidalHuman_core"	"ADAMTSL4"
"M5"	"VidalHuman_core"	"MIF"
"M5"	"VidalHuman_core"	"SCAND1"
"M5"	"VidalHuman_core"	"CCND2"
"M5"	"VidalHuman_core"	"PLA2G16"
"M5"	"VidalHuman_core"	"MTHFS"
"M5"	"INTEROLOG"	"MRPL12"
"M5"	"YeastHigh"	"MRPL12"
"M5"	"BIND_Mouse"	"MIF"
"M5"	"BIND_Mouse"	"SERPINI1"
"M5"	"VidalHuman_non_core"	"ADAMTSL4"
"M5"	"VidalHuman_non_core"	"MIF"
"M5"	"VidalHuman_non_core"	"SCAND1"
"M5"	"VidalHuman_non_core"	"NMU"
"M5"	"VidalHuman_non_core"	"EMC6"
"M5"	"StelzlLow"	"MRPL12"
"M5"	"StelzlLow"	"CSTA"
"M5"	"StelzlLow"	"AKR1C3"
"M5"	"I2D-text_mining-c"	"CSTA"
"M5"	"IntAct_Rat"	"MIF"
"M5"	"IntAct_Rat"	"GABBR1"
"M5"	"BIND_Rat"	"GCHFR"
"M5"	"BIND_Rat"	"NMU"
"M5"	"BIND_Yeast"	"HACD1"
"M5"	"MGI"	"HIST1H1C"
"M5"	"MGI"	"CCND2"
"M5"	"StelzlHigh"	"MRPL12"
"M5"	"StelzlHigh"	"AKR1C3"
"M5"	"IntAct_Fly"	"HIST1H2AG"
"M5"	"IntAct_Fly"	"TPPP"
"M5"	"IntAct_Fly"	"MRPS24"
"M5"	"IntAct_Mouse"	"CCND2"
"M5"	"IntAct_Mouse"	"ACY3"
"M5"	"MINT_Mouse"	"GABBR1"
"M5"	"MINT_Mouse"	"ACY3"
"M5"	"IntAct_Worm"	"MRPL12"
"M5"	"MINT_Rat"	"GABBR1"
"M5"	"StelzlMedium"	"AKR1C3"
"Not.Correlated"	"IntAct"	"KRT6B"
"Not.Correlated"	"IntAct"	"AATK"
"Not.Correlated"	"IntAct"	"KLK6"
"Not.Correlated"	"BioGrid"	"KRT6B"
"Not.Correlated"	"BioGrid"	"KLK6"
"Not.Correlated"	"BioGrid"	"KDM5D"
"Not.Correlated"	"HPRD"	"KLK6"
"Not.Correlated"	"HPRD"	"TRPM2"
"Not.Correlated"	"HPRD"	"KDM5D"
"Not.Correlated"	"MINT"	"KRT6B"
"Not.Correlated"	"VidalHuman_core"	"KRT6B"
"Not.Correlated"	"VidalHuman_non_core"	"KRT6B"
"Not.Correlated"	"INNATEDB"	"TRPM2"
"Not.Correlated"	"BioGrid_Mouse"	"KDM5D"
