"Module"	"Gene1"	"Gene2"
"M1"	"IntAct_Mouse"	"TFCP2L1"
"M1"	"IntAct_Mouse"	"IGF1R"
"M1"	"IntAct_Mouse"	"GRIN1"
"M1"	"IntAct_Mouse"	"CAMK2B"
"M1"	"IntAct_Mouse"	"BCL2"
"M1"	"IntAct_Mouse"	"UCHL1"
"M1"	"IntAct_Mouse"	"EEF1A2"
"M1"	"IntAct_Mouse"	"NCAM2"
"M1"	"IntAct_Mouse"	"MYB"
"M1"	"IntAct_Mouse"	"SULT2B1"
"M1"	"IntAct_Mouse"	"RET"
"M1"	"IntAct_Mouse"	"S100A8"
"M1"	"IntAct_Mouse"	"BMPR1B"
"M1"	"IntAct_Mouse"	"PFKP"
"M1"	"IntAct_Mouse"	"CBFA2T3"
"M1"	"IntAct_Mouse"	"S100A9"
"M1"	"IntAct_Mouse"	"MAP2"
"M1"	"IntAct_Mouse"	"EGF"
"M1"	"IntAct_Mouse"	"IRS1"
"M1"	"IntAct_Mouse"	"RYR1"
"M1"	"IntAct_Mouse"	"MAPT"
"M1"	"IntAct_Mouse"	"SSTR2"
"M1"	"IntAct_Mouse"	"NEURL1"
"M1"	"IntAct_Mouse"	"SYT1"
"M1"	"IntAct_Mouse"	"TGFA"
"M1"	"IntAct_Mouse"	"HSPA2"
"M1"	"IntAct_Mouse"	"FBP1"
"M1"	"IntAct_Mouse"	"PDZK1"
"M1"	"IntAct_Mouse"	"WNK4"
"M1"	"IntAct_Mouse"	"IL6ST"
"M1"	"IntAct_Mouse"	"HSPB8"
"M1"	"IntAct_Mouse"	"CCND1"
"M1"	"IntAct_Mouse"	"ARNT2"
"M1"	"IntAct_Mouse"	"SYP"
"M1"	"IntAct_Mouse"	"DOK7"
"M1"	"IntAct_Mouse"	"MID1"
"M1"	"IntAct_Mouse"	"DACH1"
"M1"	"IntAct_Mouse"	"CTNND2"
"M1"	"IntAct_Mouse"	"PAX9"
"M1"	"IntAct_Mouse"	"ECM1"
"M1"	"IntAct_Mouse"	"KIF5C"
"M1"	"IntAct_Mouse"	"SRCIN1"
"M1"	"IntAct_Mouse"	"PRLR"
"M1"	"IntAct_Mouse"	"AGTR1"
"M1"	"IntAct_Mouse"	"TMCC2"
"M1"	"IntAct_Mouse"	"CXADR"
"M1"	"IntAct_Mouse"	"PREX1"
"M1"	"IntAct_Mouse"	"SLC12A2"
"M1"	"IntAct_Mouse"	"EFNA5"
"M1"	"IntAct_Mouse"	"SERPINA5"
"M1"	"IntAct_Mouse"	"C5AR2"
"M1"	"IntAct_Mouse"	"CP"
"M1"	"IntAct_Mouse"	"FOXC1"
"M1"	"IntAct_Mouse"	"MSX2"
"M1"	"IntAct_Mouse"	"PTPRN2"
"M1"	"IntAct_Mouse"	"TCF7L1"
"M1"	"IntAct_Mouse"	"CLGN"
"M1"	"BioGrid"	"PSAT1"
"M1"	"BioGrid"	"OLFM2"
"M1"	"BioGrid"	"NANOS1"
"M1"	"BioGrid"	"ESR1"
"M1"	"BioGrid"	"IGF1R"
"M1"	"BioGrid"	"MDFI"
"M1"	"BioGrid"	"GRIN1"
"M1"	"BioGrid"	"ERBB2"
"M1"	"BioGrid"	"KRT19"
"M1"	"BioGrid"	"CAMK2B"
"M1"	"BioGrid"	"BCL2"
"M1"	"BioGrid"	"UCHL1"
"M1"	"BioGrid"	"TNNT1"
"M1"	"BioGrid"	"AR"
"M1"	"BioGrid"	"EEF1A2"
"M1"	"BioGrid"	"MYB"
"M1"	"BioGrid"	"SULT2B1"
"M1"	"BioGrid"	"RET"
"M1"	"BioGrid"	"DOC2A"
"M1"	"BioGrid"	"MLPH"
"M1"	"BioGrid"	"S100A8"
"M1"	"BioGrid"	"BMPR1B"
"M1"	"BioGrid"	"EVL"
"M1"	"BioGrid"	"HPX"
"M1"	"BioGrid"	"PFKP"
"M1"	"BioGrid"	"CPLX1"
"M1"	"BioGrid"	"BMP4"
"M1"	"BioGrid"	"ATP7B"
"M1"	"BioGrid"	"EFHD1"
"M1"	"BioGrid"	"RAB26"
"M1"	"BioGrid"	"SOX6"
"M1"	"BioGrid"	"ACSS3"
"M1"	"BioGrid"	"CDKN2A"
"M1"	"BioGrid"	"CBFA2T3"
"M1"	"BioGrid"	"PTK6"
"M1"	"BioGrid"	"GATA3"
"M1"	"BioGrid"	"S100A9"
"M1"	"BioGrid"	"MAP2"
"M1"	"BioGrid"	"CDK6"
"M1"	"BioGrid"	"EGF"
"M1"	"BioGrid"	"IRS1"
"M1"	"BioGrid"	"ERBB4"
"M1"	"BioGrid"	"MAPK8IP2"
"M1"	"BioGrid"	"TP73"
"M1"	"BioGrid"	"RYR1"
"M1"	"BioGrid"	"MAPT"
"M1"	"BioGrid"	"FOXA1"
"M1"	"BioGrid"	"SSTR2"
"M1"	"BioGrid"	"NEURL1"
"M1"	"BioGrid"	"SYT1"
"M1"	"BioGrid"	"TGFA"
"M1"	"BioGrid"	"GRIK3"
"M1"	"BioGrid"	"CHN2"
"M1"	"BioGrid"	"HSPA2"
"M1"	"BioGrid"	"FBP1"
"M1"	"BioGrid"	"PDZK1"
"M1"	"BioGrid"	"WNK4"
"M1"	"BioGrid"	"IGF2BP2"
"M1"	"BioGrid"	"PGR"
"M1"	"BioGrid"	"GHR"
"M1"	"BioGrid"	"IL6ST"
"M1"	"BioGrid"	"GFRA1"
"M1"	"BioGrid"	"FLT3"
"M1"	"BioGrid"	"HSPB8"
"M1"	"BioGrid"	"LDHB"
"M1"	"BioGrid"	"L1CAM"
"M1"	"BioGrid"	"CXXC4"
"M1"	"BioGrid"	"DNALI1"
"M1"	"BioGrid"	"STON2"
"M1"	"BioGrid"	"PCSK4"
"M1"	"BioGrid"	"CCND1"
"M1"	"BioGrid"	"P2RY2"
"M1"	"BioGrid"	"FGFR3"
"M1"	"BioGrid"	"ARNT2"
"M1"	"BioGrid"	"PHGDH"
"M1"	"BioGrid"	"MPP2"
"M1"	"BioGrid"	"MPP6"
"M1"	"BioGrid"	"CNTNAP2"
"M1"	"BioGrid"	"LIN7A"
"M1"	"BioGrid"	"SYP"
"M1"	"BioGrid"	"ANGPTL4"
"M1"	"BioGrid"	"NOS1AP"
"M1"	"BioGrid"	"RND1"
"M1"	"BioGrid"	"DCLK1"
"M1"	"BioGrid"	"CXCL8"
"M1"	"BioGrid"	"SKAP1"
"M1"	"BioGrid"	"TBX3"
"M1"	"BioGrid"	"ASS1"
"M1"	"BioGrid"	"HOXB6"
"M1"	"BioGrid"	"FOSL1"
"M1"	"BioGrid"	"MID1"
"M1"	"BioGrid"	"HR"
"M1"	"BioGrid"	"GATA2"
"M1"	"BioGrid"	"DACH1"
"M1"	"BioGrid"	"CA12"
"M1"	"BioGrid"	"EDARADD"
"M1"	"BioGrid"	"ADORA2B"
"M1"	"BioGrid"	"AKR7A3"
"M1"	"BioGrid"	"TRIM2"
"M1"	"BioGrid"	"TFF1"
"M1"	"BioGrid"	"RARRES3"
"M1"	"BioGrid"	"PPP1R3C"
"M1"	"BioGrid"	"PAX9"
"M1"	"BioGrid"	"ECM1"
"M1"	"BioGrid"	"TUBA4A"
"M1"	"BioGrid"	"KIF5C"
"M1"	"BioGrid"	"CCDC74A"
"M1"	"BioGrid"	"CCDC74B"
"M1"	"BioGrid"	"EFS"
"M1"	"BioGrid"	"SRCIN1"
"M1"	"BioGrid"	"WNT4"
"M1"	"BioGrid"	"PRLR"
"M1"	"BioGrid"	"AGTR1"
"M1"	"BioGrid"	"KCNJ11"
"M1"	"BioGrid"	"MELTF"
"M1"	"BioGrid"	"CYFIP2"
"M1"	"BioGrid"	"ACAN"
"M1"	"BioGrid"	"RAMP1"
"M1"	"BioGrid"	"ETNK2"
"M1"	"BioGrid"	"TMCC2"
"M1"	"BioGrid"	"STC2"
"M1"	"BioGrid"	"KCNE4"
"M1"	"BioGrid"	"SERPINA3"
"M1"	"BioGrid"	"ELF5"
"M1"	"BioGrid"	"KCND3"
"M1"	"BioGrid"	"BCAS1"
"M1"	"BioGrid"	"CXADR"
"M1"	"BioGrid"	"SLC27A2"
"M1"	"BioGrid"	"SOX9"
"M1"	"BioGrid"	"LRRC6"
"M1"	"BioGrid"	"AGR3"
"M1"	"BioGrid"	"KRT81"
"M1"	"BioGrid"	"TRPV6"
"M1"	"BioGrid"	"BCL11A"
"M1"	"BioGrid"	"TPPP"
"M1"	"BioGrid"	"GDAP1"
"M1"	"BioGrid"	"APBA2"
"M1"	"BioGrid"	"GP2"
"M1"	"BioGrid"	"NOVA1"
"M1"	"BioGrid"	"EFNA3"
"M1"	"BioGrid"	"COX6C"
"M1"	"BioGrid"	"KCNF1"
"M1"	"BioGrid"	"AGR2"
"M1"	"BioGrid"	"RETREG1"
"M1"	"BioGrid"	"HGD"
"M1"	"BioGrid"	"UNC5A"
"M1"	"BioGrid"	"SLC12A2"
"M1"	"BioGrid"	"MARK1"
"M1"	"BioGrid"	"B3GNT5"
"M1"	"BioGrid"	"GNA14"
"M1"	"BioGrid"	"DNAJC12"
"M1"	"BioGrid"	"EFNA5"
"M1"	"BioGrid"	"VAV3"
"M1"	"BioGrid"	"SERPINA5"
"M1"	"BioGrid"	"NPR3"
"M1"	"BioGrid"	"GSTM3"
"M1"	"BioGrid"	"GALNT6"
"M1"	"BioGrid"	"IGFBP2"
"M1"	"BioGrid"	"CP"
"M1"	"BioGrid"	"KITLG"
"M1"	"BioGrid"	"ABCC6"
"M1"	"BioGrid"	"DHRS2"
"M1"	"BioGrid"	"NQO1"
"M1"	"BioGrid"	"LAD1"
"M1"	"BioGrid"	"LMX1B"
"M1"	"BioGrid"	"ANXA9"
"M1"	"BioGrid"	"DIRAS1"
"M1"	"BioGrid"	"KCNK5"
"M1"	"BioGrid"	"MB"
"M1"	"BioGrid"	"AREG"
"M1"	"BioGrid"	"ADD2"
"M1"	"BioGrid"	"CEACAM6"
"M1"	"BioGrid"	"ETV4"
"M1"	"BioGrid"	"MPV17L"
"M1"	"BioGrid"	"MCTP2"
"M1"	"BioGrid"	"LURAP1L"
"M1"	"BioGrid"	"PRR15"
"M1"	"BioGrid"	"FSIP1"
"M1"	"BioGrid"	"L3MBTL4"
"M1"	"BioGrid"	"LFNG"
"M1"	"BioGrid"	"SUSD3"
"M1"	"BioGrid"	"UBXN10"
"M1"	"BioGrid"	"OLFM1"
"M1"	"BioGrid"	"SYT17"
"M1"	"BioGrid"	"PARD6B"
"M1"	"BioGrid"	"RIMS4"
"M1"	"BioGrid"	"DCDC2"
"M1"	"BioGrid"	"STARD10"
"M1"	"BioGrid"	"EN1"
"M1"	"BioGrid"	"F7"
"M1"	"BioGrid"	"CEACAM5"
"M1"	"BioGrid"	"AZGP1"
"M1"	"BioGrid"	"HSH2D"
"M1"	"BioGrid"	"CELSR1"
"M1"	"BioGrid"	"EPHB6"
"M1"	"BioGrid"	"FASN"
"M1"	"BioGrid"	"FBXO27"
"M1"	"BioGrid"	"ANOS1"
"M1"	"BioGrid"	"C16orf45"
"M1"	"BioGrid"	"GSTP1"
"M1"	"BioGrid"	"TPSAB1"
"M1"	"BioGrid"	"ADRA2C"
"M1"	"BioGrid"	"MSX2"
"M1"	"BioGrid"	"FGD3"
"M1"	"BioGrid"	"RNF43"
"M1"	"BioGrid"	"DGAT2"
"M1"	"BioGrid"	"GPER1"
"M1"	"BioGrid"	"SPDEF"
"M1"	"BioGrid"	"FOLH1"
"M1"	"BioGrid"	"EFCAB6"
"M1"	"BioGrid"	"ATP2A3"
"M1"	"BioGrid"	"CCNO"
"M1"	"BioGrid"	"GPRC5A"
"M1"	"BioGrid"	"DSC2"
"M1"	"BioGrid"	"CYP39A1"
"M1"	"BioGrid"	"MYRIP"
"M1"	"BioGrid"	"CACNA1H"
"M1"	"BioGrid"	"TPSB2"
"M1"	"BioGrid"	"RASD2"
"M1"	"BioGrid"	"SLC7A8"
"M1"	"BioGrid"	"KRT86"
"M1"	"BioGrid"	"CYP4F11"
"M1"	"BioGrid"	"PTPRN2"
"M1"	"BioGrid"	"SYTL5"
"M1"	"BioGrid"	"HOXB4"
"M1"	"BioGrid"	"RTN4RL1"
"M1"	"BioGrid"	"FAIM2"
"M1"	"BioGrid"	"CRLF1"
"M1"	"BioGrid"	"CRABP2"
"M1"	"BioGrid"	"SLC1A2"
"M1"	"BioGrid"	"PLA2G16"
"M1"	"BioGrid"	"FBXL16"
"M1"	"BioGrid"	"RHOH"
"M1"	"BioGrid"	"MAATS1"
"M1"	"BioGrid"	"ABLIM3"
"M1"	"BioGrid"	"SCNN1A"
"M1"	"BioGrid"	"PLPPR3"
"M1"	"BioGrid"	"ZMYND10"
"M1"	"BioGrid"	"KCNN4"
"M1"	"BioGrid"	"PLCB4"
"M1"	"BioGrid"	"CLGN"
"M1"	"BioGrid"	"CRIP1"
"M1"	"BioGrid"	"ADAMTSL5"
"M1"	"BioGrid"	"TMEM45B"
"M1"	"BioGrid"	"REEP6"
"M1"	"BioGrid"	"SARDH"
"M1"	"BioGrid"	"RAB11FIP1"
"M1"	"BioGrid"	"ABTB2"
"M1"	"BioGrid"	"CYSRT1"
"M1"	"BioGrid"	"ABCC8"
"M1"	"BioGrid"	"NME5"
"M1"	"BioGrid"	"LMTK3"
"M1"	"BioGrid"	"INPP5J"
"M1"	"BioGrid"	"H2AFY2"
"M1"	"BioGrid"	"GDF15"
"M1"	"BioGrid"	"RSPH1"
"M1"	"BioGrid"	"FAM110C"
"M1"	"BioGrid"	"SYT13"
"M1"	"BioGrid"	"NRIP3"
"M1"	"BioGrid"	"GALNT3"
"M1"	"BioGrid"	"TSPYL5"
"M1"	"BioGrid"	"SSPO"
"M1"	"BioGrid"	"REPS2"
"M1"	"MINT_Mouse"	"RAB30"
"M1"	"MINT_Mouse"	"IGF1R"
"M1"	"MINT_Mouse"	"GRIN1"
"M1"	"MINT_Mouse"	"ERBB2"
"M1"	"MINT_Mouse"	"CAMK2B"
"M1"	"MINT_Mouse"	"BMPR1B"
"M1"	"MINT_Mouse"	"CBFA2T3"
"M1"	"MINT_Mouse"	"MAP2"
"M1"	"MINT_Mouse"	"EGF"
"M1"	"MINT_Mouse"	"IRS1"
"M1"	"MINT_Mouse"	"MAPT"
"M1"	"MINT_Mouse"	"SSTR2"
"M1"	"MINT_Mouse"	"SYT1"
"M1"	"MINT_Mouse"	"HSPA2"
"M1"	"MINT_Mouse"	"CCND1"
"M1"	"MINT_Mouse"	"SYP"
"M1"	"MINT_Mouse"	"KIF5C"
"M1"	"MINT_Mouse"	"PRLR"
"M1"	"MINT_Mouse"	"AGTR1"
"M1"	"MINT_Mouse"	"ADD2"
"M1"	"MINT_Mouse"	"PTPRN2"
"M1"	"MINT"	"OLFM2"
"M1"	"MINT"	"ESR1"
"M1"	"MINT"	"IGF1R"
"M1"	"MINT"	"MDFI"
"M1"	"MINT"	"ERBB2"
"M1"	"MINT"	"KRT19"
"M1"	"MINT"	"BCL2"
"M1"	"MINT"	"TNNT1"
"M1"	"MINT"	"AR"
"M1"	"MINT"	"MYB"
"M1"	"MINT"	"SULT2B1"
"M1"	"MINT"	"RET"
"M1"	"MINT"	"MLPH"
"M1"	"MINT"	"S100A8"
"M1"	"MINT"	"BMPR1B"
"M1"	"MINT"	"EVL"
"M1"	"MINT"	"BMP4"
"M1"	"MINT"	"CEP126"
"M1"	"MINT"	"CDKN2A"
"M1"	"MINT"	"CBFA2T3"
"M1"	"MINT"	"PTK6"
"M1"	"MINT"	"MAP2"
"M1"	"MINT"	"CDK6"
"M1"	"MINT"	"EGF"
"M1"	"MINT"	"IRS1"
"M1"	"MINT"	"ERBB4"
"M1"	"MINT"	"MAPK8IP2"
"M1"	"MINT"	"TP73"
"M1"	"MINT"	"RYR1"
"M1"	"MINT"	"MAPT"
"M1"	"MINT"	"CNKSR3"
"M1"	"MINT"	"SYT1"
"M1"	"MINT"	"CHN2"
"M1"	"MINT"	"HSPA2"
"M1"	"MINT"	"FBP1"
"M1"	"MINT"	"PDZK1"
"M1"	"MINT"	"PGR"
"M1"	"MINT"	"GHR"
"M1"	"MINT"	"PTPRT"
"M1"	"MINT"	"IL6ST"
"M1"	"MINT"	"FLT3"
"M1"	"MINT"	"HSPB8"
"M1"	"MINT"	"L1CAM"
"M1"	"MINT"	"DNALI1"
"M1"	"MINT"	"STON2"
"M1"	"MINT"	"CCND1"
"M1"	"MINT"	"P2RY2"
"M1"	"MINT"	"FGFR3"
"M1"	"MINT"	"LIN7A"
"M1"	"MINT"	"RND1"
"M1"	"MINT"	"SKAP1"
"M1"	"MINT"	"HOXB6"
"M1"	"MINT"	"FOSL1"
"M1"	"MINT"	"DACH1"
"M1"	"MINT"	"AKR7A3"
"M1"	"MINT"	"TFF1"
"M1"	"MINT"	"PPP1R3C"
"M1"	"MINT"	"EFS"
"M1"	"MINT"	"PRLR"
"M1"	"MINT"	"AGTR1"
"M1"	"MINT"	"CYFIP2"
"M1"	"MINT"	"STC2"
"M1"	"MINT"	"ELF5"
"M1"	"MINT"	"AGR3"
"M1"	"MINT"	"KRT81"
"M1"	"MINT"	"TRPV6"
"M1"	"MINT"	"TPPP"
"M1"	"MINT"	"APBA2"
"M1"	"MINT"	"NOVA1"
"M1"	"MINT"	"AGR2"
"M1"	"MINT"	"NXPH3"
"M1"	"MINT"	"EFNA5"
"M1"	"MINT"	"NBEA"
"M1"	"MINT"	"VAV3"
"M1"	"MINT"	"SERPINA5"
"M1"	"MINT"	"GSTM3"
"M1"	"MINT"	"NQO1"
"M1"	"MINT"	"AREG"
"M1"	"MINT"	"SYT17"
"M1"	"MINT"	"CELSR1"
"M1"	"MINT"	"EPHB6"
"M1"	"MINT"	"C16orf45"
"M1"	"MINT"	"GSTP1"
"M1"	"MINT"	"MYRIP"
"M1"	"MINT"	"PTPRN2"
"M1"	"MINT"	"PLA2G16"
"M1"	"MINT"	"RHOH"
"M1"	"MINT"	"SCNN1A"
"M1"	"MINT"	"PLPPR3"
"M1"	"MINT"	"ZMYND10"
"M1"	"MINT"	"NME5"
"M1"	"MINT"	"LMTK3"
"M1"	"MINT"	"ADGRB2"
"M1"	"MINT"	"ATP6V1C2"
"M1"	"MINT"	"NAGS"
"M1"	"MINT"	"REPS2"
"M1"	"IntAct"	"TFCP2L1"
"M1"	"IntAct"	"PSAT1"
"M1"	"IntAct"	"RAB30"
"M1"	"IntAct"	"OLFM2"
"M1"	"IntAct"	"ESR1"
"M1"	"IntAct"	"IGF1R"
"M1"	"IntAct"	"MDFI"
"M1"	"IntAct"	"GRIN1"
"M1"	"IntAct"	"ERBB2"
"M1"	"IntAct"	"KRT19"
"M1"	"IntAct"	"CAMK2B"
"M1"	"IntAct"	"BCL2"
"M1"	"IntAct"	"UCHL1"
"M1"	"IntAct"	"TNNT1"
"M1"	"IntAct"	"AR"
"M1"	"IntAct"	"EEF1A2"
"M1"	"IntAct"	"NCAM2"
"M1"	"IntAct"	"MYB"
"M1"	"IntAct"	"SULT2B1"
"M1"	"IntAct"	"RET"
"M1"	"IntAct"	"MLPH"
"M1"	"IntAct"	"S100A8"
"M1"	"IntAct"	"BMPR1B"
"M1"	"IntAct"	"EVL"
"M1"	"IntAct"	"PFKP"
"M1"	"IntAct"	"CPLX1"
"M1"	"IntAct"	"BMP4"
"M1"	"IntAct"	"EFHD1"
"M1"	"IntAct"	"CEP126"
"M1"	"IntAct"	"SOX6"
"M1"	"IntAct"	"CYP4B1"
"M1"	"IntAct"	"ACSS3"
"M1"	"IntAct"	"CDKN2A"
"M1"	"IntAct"	"CBFA2T3"
"M1"	"IntAct"	"PTK6"
"M1"	"IntAct"	"GATA3"
"M1"	"IntAct"	"S100A9"
"M1"	"IntAct"	"ARMT1"
"M1"	"IntAct"	"MAP2"
"M1"	"IntAct"	"BAIAP3"
"M1"	"IntAct"	"CDK6"
"M1"	"IntAct"	"EGF"
"M1"	"IntAct"	"IRS1"
"M1"	"IntAct"	"ERBB4"
"M1"	"IntAct"	"RIPK4"
"M1"	"IntAct"	"MAPK8IP2"
"M1"	"IntAct"	"TP73"
"M1"	"IntAct"	"RYR1"
"M1"	"IntAct"	"MAPT"
"M1"	"IntAct"	"FOXA1"
"M1"	"IntAct"	"SSTR2"
"M1"	"IntAct"	"NEURL1"
"M1"	"IntAct"	"CNKSR3"
"M1"	"IntAct"	"SYT1"
"M1"	"IntAct"	"NELL2"
"M1"	"IntAct"	"TGFA"
"M1"	"IntAct"	"CHN2"
"M1"	"IntAct"	"HSPA2"
"M1"	"IntAct"	"FBP1"
"M1"	"IntAct"	"PGR"
"M1"	"IntAct"	"GHR"
"M1"	"IntAct"	"PTPRT"
"M1"	"IntAct"	"IL6ST"
"M1"	"IntAct"	"GFRA1"
"M1"	"IntAct"	"FLT3"
"M1"	"IntAct"	"HSPB8"
"M1"	"IntAct"	"LDHB"
"M1"	"IntAct"	"CRAT"
"M1"	"IntAct"	"DNALI1"
"M1"	"IntAct"	"STON2"
"M1"	"IntAct"	"CCND1"
"M1"	"IntAct"	"P2RY2"
"M1"	"IntAct"	"FGFR3"
"M1"	"IntAct"	"ARNT2"
"M1"	"IntAct"	"PHGDH"
"M1"	"IntAct"	"MPP2"
"M1"	"IntAct"	"MPP6"
"M1"	"IntAct"	"CNTNAP2"
"M1"	"IntAct"	"LIN7A"
"M1"	"IntAct"	"FABP5"
"M1"	"IntAct"	"ANGPTL4"
"M1"	"IntAct"	"NOS1AP"
"M1"	"IntAct"	"RND1"
"M1"	"IntAct"	"DCLK1"
"M1"	"IntAct"	"CXCL8"
"M1"	"IntAct"	"SKAP1"
"M1"	"IntAct"	"TBX3"
"M1"	"IntAct"	"ASS1"
"M1"	"IntAct"	"DOK7"
"M1"	"IntAct"	"HOXB6"
"M1"	"IntAct"	"FOSL1"
"M1"	"IntAct"	"MID1"
"M1"	"IntAct"	"GATA2"
"M1"	"IntAct"	"DACH1"
"M1"	"IntAct"	"ARNTL2"
"M1"	"IntAct"	"CA12"
"M1"	"IntAct"	"EDARADD"
"M1"	"IntAct"	"AKR7A3"
"M1"	"IntAct"	"TRIM2"
"M1"	"IntAct"	"TFF1"
"M1"	"IntAct"	"GREB1"
"M1"	"IntAct"	"PPP1R3C"
"M1"	"IntAct"	"CTNND2"
"M1"	"IntAct"	"ECM1"
"M1"	"IntAct"	"TUBA4A"
"M1"	"IntAct"	"KIF5C"
"M1"	"IntAct"	"CCDC74A"
"M1"	"IntAct"	"CCDC74B"
"M1"	"IntAct"	"EFS"
"M1"	"IntAct"	"SRCIN1"
"M1"	"IntAct"	"WNT4"
"M1"	"IntAct"	"PRLR"
"M1"	"IntAct"	"VEPH1"
"M1"	"IntAct"	"MELTF"
"M1"	"IntAct"	"CYFIP2"
"M1"	"IntAct"	"ACAN"
"M1"	"IntAct"	"RAMP1"
"M1"	"IntAct"	"SPTBN4"
"M1"	"IntAct"	"ETNK2"
"M1"	"IntAct"	"TMCC2"
"M1"	"IntAct"	"STC2"
"M1"	"IntAct"	"SERPINA3"
"M1"	"IntAct"	"ELF5"
"M1"	"IntAct"	"CXADR"
"M1"	"IntAct"	"ZNF462"
"M1"	"IntAct"	"LRRC6"
"M1"	"IntAct"	"AGR3"
"M1"	"IntAct"	"PREX1"
"M1"	"IntAct"	"KRT81"
"M1"	"IntAct"	"TRPV6"
"M1"	"IntAct"	"BCL11A"
"M1"	"IntAct"	"TPPP"
"M1"	"IntAct"	"GP2"
"M1"	"IntAct"	"NOVA1"
"M1"	"IntAct"	"EFNA3"
"M1"	"IntAct"	"COX6C"
"M1"	"IntAct"	"AGR2"
"M1"	"IntAct"	"RETREG1"
"M1"	"IntAct"	"CMBL"
"M1"	"IntAct"	"ABAT"
"M1"	"IntAct"	"HGD"
"M1"	"IntAct"	"SLC12A2"
"M1"	"IntAct"	"MARK1"
"M1"	"IntAct"	"GNA14"
"M1"	"IntAct"	"DNAJC12"
"M1"	"IntAct"	"HOXB2"
"M1"	"IntAct"	"NXPH3"
"M1"	"IntAct"	"EFNA5"
"M1"	"IntAct"	"NBEA"
"M1"	"IntAct"	"COL9A3"
"M1"	"IntAct"	"VAV3"
"M1"	"IntAct"	"SERPINA5"
"M1"	"IntAct"	"GAMT"
"M1"	"IntAct"	"GSTM3"
"M1"	"IntAct"	"NPY1R"
"M1"	"IntAct"	"GALNT6"
"M1"	"IntAct"	"IGFBP2"
"M1"	"IntAct"	"CP"
"M1"	"IntAct"	"KITLG"
"M1"	"IntAct"	"ABCC6"
"M1"	"IntAct"	"DHRS2"
"M1"	"IntAct"	"NQO1"
"M1"	"IntAct"	"SRMS"
"M1"	"IntAct"	"LAD1"
"M1"	"IntAct"	"LMX1B"
"M1"	"IntAct"	"ANXA9"
"M1"	"IntAct"	"AREG"
"M1"	"IntAct"	"CEACAM6"
"M1"	"IntAct"	"ETV4"
"M1"	"IntAct"	"L3MBTL4"
"M1"	"IntAct"	"UBXN10"
"M1"	"IntAct"	"SYT17"
"M1"	"IntAct"	"PARD6B"
"M1"	"IntAct"	"RIMS4"
"M1"	"IntAct"	"F7"
"M1"	"IntAct"	"CEACAM5"
"M1"	"IntAct"	"AZGP1"
"M1"	"IntAct"	"HSH2D"
"M1"	"IntAct"	"IL34"
"M1"	"IntAct"	"EPHB6"
"M1"	"IntAct"	"RGS11"
"M1"	"IntAct"	"FASN"
"M1"	"IntAct"	"FBXO27"
"M1"	"IntAct"	"STK32B"
"M1"	"IntAct"	"ANOS1"
"M1"	"IntAct"	"C16orf45"
"M1"	"IntAct"	"GSTP1"
"M1"	"IntAct"	"TPSAB1"
"M1"	"IntAct"	"MSX2"
"M1"	"IntAct"	"RNF43"
"M1"	"IntAct"	"FOLH1"
"M1"	"IntAct"	"ATP2A3"
"M1"	"IntAct"	"ZNF703"
"M1"	"IntAct"	"CCNO"
"M1"	"IntAct"	"FAM171A1"
"M1"	"IntAct"	"DSC2"
"M1"	"IntAct"	"MYRIP"
"M1"	"IntAct"	"CACNA1H"
"M1"	"IntAct"	"TPSB2"
"M1"	"IntAct"	"KRT86"
"M1"	"IntAct"	"SEMA3B"
"M1"	"IntAct"	"CYP4F11"
"M1"	"IntAct"	"PTPRN2"
"M1"	"IntAct"	"TMEM108"
"M1"	"IntAct"	"PKIB"
"M1"	"IntAct"	"RORC"
"M1"	"IntAct"	"FAIM2"
"M1"	"IntAct"	"CALML5"
"M1"	"IntAct"	"PCSK6"
"M1"	"IntAct"	"CRABP2"
"M1"	"IntAct"	"SLC1A2"
"M1"	"IntAct"	"PLA2G16"
"M1"	"IntAct"	"FBXL16"
"M1"	"IntAct"	"RHOH"
"M1"	"IntAct"	"MAATS1"
"M1"	"IntAct"	"INAVA"
"M1"	"IntAct"	"SYBU"
"M1"	"IntAct"	"ABLIM3"
"M1"	"IntAct"	"SCNN1A"
"M1"	"IntAct"	"PLPPR3"
"M1"	"IntAct"	"ZMYND10"
"M1"	"IntAct"	"GPR39"
"M1"	"IntAct"	"RGS22"
"M1"	"IntAct"	"SYTL2"
"M1"	"IntAct"	"RNF150"
"M1"	"IntAct"	"SDR16C5"
"M1"	"IntAct"	"KIAA1549L"
"M1"	"IntAct"	"ZNF750"
"M1"	"IntAct"	"DNAH7"
"M1"	"IntAct"	"TMEM45B"
"M1"	"IntAct"	"REEP6"
"M1"	"IntAct"	"PRRT2"
"M1"	"IntAct"	"RAB11FIP1"
"M1"	"IntAct"	"ZNF311"
"M1"	"IntAct"	"ST6GALNAC2"
"M1"	"IntAct"	"NME5"
"M1"	"IntAct"	"C16orf74"
"M1"	"IntAct"	"INPP5J"
"M1"	"IntAct"	"TSPAN1"
"M1"	"IntAct"	"GDF15"
"M1"	"IntAct"	"DDO"
"M1"	"IntAct"	"TSPYL5"
"M1"	"IntAct"	"ATP2C2"
"M1"	"IntAct"	"RGMA"
"M1"	"IntAct"	"FLRT3"
"M1"	"IntAct"	"RBM24"
"M1"	"IntAct"	"REPS2"
"M1"	"IntAct"	"CORO6"
"M1"	"IntAct"	"AIF1L"
"M1"	"IntAct"	"TMC5"
"M1"	"BioGrid_Worm"	"IGF1R"
"M1"	"BioGrid_Worm"	"BMPR1B"
"M1"	"BioGrid_Worm"	"FGFR3"
"M1"	"BioGrid_Worm"	"DCLK1"
"M1"	"BioGrid_Worm"	"HGD"
"M1"	"HPRD"	"TFCP2L1"
"M1"	"HPRD"	"RAB30"
"M1"	"HPRD"	"OLFM2"
"M1"	"HPRD"	"NANOS1"
"M1"	"HPRD"	"ESR1"
"M1"	"HPRD"	"IGF1R"
"M1"	"HPRD"	"MDFI"
"M1"	"HPRD"	"GRIN1"
"M1"	"HPRD"	"ERBB2"
"M1"	"HPRD"	"KRT19"
"M1"	"HPRD"	"CAMK2B"
"M1"	"HPRD"	"BCL2"
"M1"	"HPRD"	"UCHL1"
"M1"	"HPRD"	"TNNT1"
"M1"	"HPRD"	"AR"
"M1"	"HPRD"	"EEF1A2"
"M1"	"HPRD"	"NCAM2"
"M1"	"HPRD"	"MYB"
"M1"	"HPRD"	"SULT2B1"
"M1"	"HPRD"	"RET"
"M1"	"HPRD"	"DOC2A"
"M1"	"HPRD"	"MLPH"
"M1"	"HPRD"	"S100A8"
"M1"	"HPRD"	"BMPR1B"
"M1"	"HPRD"	"EVL"
"M1"	"HPRD"	"CPLX1"
"M1"	"HPRD"	"BMP4"
"M1"	"HPRD"	"ATP7B"
"M1"	"HPRD"	"SOX6"
"M1"	"HPRD"	"CBFA2T3"
"M1"	"HPRD"	"PTK6"
"M1"	"HPRD"	"GATA3"
"M1"	"HPRD"	"S100A9"
"M1"	"HPRD"	"BAIAP3"
"M1"	"HPRD"	"CDK6"
"M1"	"HPRD"	"EGF"
"M1"	"HPRD"	"IRS1"
"M1"	"HPRD"	"ERBB4"
"M1"	"HPRD"	"MAPK8IP2"
"M1"	"HPRD"	"TP73"
"M1"	"HPRD"	"RYR1"
"M1"	"HPRD"	"FOXA1"
"M1"	"HPRD"	"SSTR2"
"M1"	"HPRD"	"CNKSR3"
"M1"	"HPRD"	"SYT1"
"M1"	"HPRD"	"NELL2"
"M1"	"HPRD"	"TGFA"
"M1"	"HPRD"	"GRM4"
"M1"	"HPRD"	"CHN2"
"M1"	"HPRD"	"HSPA2"
"M1"	"HPRD"	"FBP1"
"M1"	"HPRD"	"PDZK1"
"M1"	"HPRD"	"WNK4"
"M1"	"HPRD"	"PGR"
"M1"	"HPRD"	"GHR"
"M1"	"HPRD"	"IL6ST"
"M1"	"HPRD"	"GFRA1"
"M1"	"HPRD"	"FLT3"
"M1"	"HPRD"	"HSPB8"
"M1"	"HPRD"	"LDHB"
"M1"	"HPRD"	"L1CAM"
"M1"	"HPRD"	"DNALI1"
"M1"	"HPRD"	"STON2"
"M1"	"HPRD"	"PCSK4"
"M1"	"HPRD"	"CCND1"
"M1"	"HPRD"	"SLC4A8"
"M1"	"HPRD"	"FGFR3"
"M1"	"HPRD"	"ARNT2"
"M1"	"HPRD"	"SEMA3C"
"M1"	"HPRD"	"MPP6"
"M1"	"HPRD"	"CNTNAP2"
"M1"	"HPRD"	"LIN7A"
"M1"	"HPRD"	"SYP"
"M1"	"HPRD"	"FABP5"
"M1"	"HPRD"	"NOS1AP"
"M1"	"HPRD"	"RND1"
"M1"	"HPRD"	"CXCL8"
"M1"	"HPRD"	"SKAP1"
"M1"	"HPRD"	"TBX3"
"M1"	"HPRD"	"ASS1"
"M1"	"HPRD"	"DOK7"
"M1"	"HPRD"	"HOXB6"
"M1"	"HPRD"	"FOSL1"
"M1"	"HPRD"	"MID1"
"M1"	"HPRD"	"HR"
"M1"	"HPRD"	"GATA2"
"M1"	"HPRD"	"ARNTL2"
"M1"	"HPRD"	"CA12"
"M1"	"HPRD"	"EDARADD"
"M1"	"HPRD"	"ADORA2B"
"M1"	"HPRD"	"AKR7A3"
"M1"	"HPRD"	"TRIM2"
"M1"	"HPRD"	"TFF1"
"M1"	"HPRD"	"RARRES3"
"M1"	"HPRD"	"CTNND2"
"M1"	"HPRD"	"PAX9"
"M1"	"HPRD"	"ECM1"
"M1"	"HPRD"	"TUBA4A"
"M1"	"HPRD"	"KIF5C"
"M1"	"HPRD"	"EFS"
"M1"	"HPRD"	"SRCIN1"
"M1"	"HPRD"	"PRLR"
"M1"	"HPRD"	"CYFIP2"
"M1"	"HPRD"	"ACAN"
"M1"	"HPRD"	"RAMP1"
"M1"	"HPRD"	"SPTBN4"
"M1"	"HPRD"	"TMCC2"
"M1"	"HPRD"	"STC2"
"M1"	"HPRD"	"SERPINA3"
"M1"	"HPRD"	"ELF5"
"M1"	"HPRD"	"KCND3"
"M1"	"HPRD"	"BCAS1"
"M1"	"HPRD"	"CXADR"
"M1"	"HPRD"	"SOX9"
"M1"	"HPRD"	"AGR3"
"M1"	"HPRD"	"BCL11A"
"M1"	"HPRD"	"TPPP"
"M1"	"HPRD"	"APBA2"
"M1"	"HPRD"	"GP2"
"M1"	"HPRD"	"NOVA1"
"M1"	"HPRD"	"EFNA3"
"M1"	"HPRD"	"COX6C"
"M1"	"HPRD"	"KCNF1"
"M1"	"HPRD"	"AGR2"
"M1"	"HPRD"	"ABAT"
"M1"	"HPRD"	"HGD"
"M1"	"HPRD"	"UNC5A"
"M1"	"HPRD"	"SLC12A2"
"M1"	"HPRD"	"MARK1"
"M1"	"HPRD"	"GPRC5C"
"M1"	"HPRD"	"GNA14"
"M1"	"HPRD"	"HOXB2"
"M1"	"HPRD"	"EFNA5"
"M1"	"HPRD"	"NBEA"
"M1"	"HPRD"	"COL9A3"
"M1"	"HPRD"	"VAV3"
"M1"	"HPRD"	"SERPINA5"
"M1"	"HPRD"	"SERPINI1"
"M1"	"HPRD"	"C5AR2"
"M1"	"HPRD"	"NPR3"
"M1"	"HPRD"	"GSTM3"
"M1"	"HPRD"	"NPY1R"
"M1"	"HPRD"	"MMP17"
"M1"	"HPRD"	"TMPRSS6"
"M1"	"HPRD"	"CHAD"
"M1"	"HPRD"	"LRG1"
"M1"	"HPRD"	"GALNT6"
"M1"	"HPRD"	"KITLG"
"M1"	"HPRD"	"NQO1"
"M1"	"HPRD"	"LAD1"
"M1"	"HPRD"	"ANXA9"
"M1"	"HPRD"	"AREG"
"M1"	"HPRD"	"ADD2"
"M1"	"HPRD"	"ETV4"
"M1"	"HPRD"	"FSIP1"
"M1"	"HPRD"	"LFNG"
"M1"	"HPRD"	"SYT17"
"M1"	"HPRD"	"PARD6B"
"M1"	"HPRD"	"EN1"
"M1"	"HPRD"	"F7"
"M1"	"HPRD"	"ENPP1"
"M1"	"HPRD"	"AZGP1"
"M1"	"HPRD"	"HSH2D"
"M1"	"HPRD"	"FASN"
"M1"	"HPRD"	"ADM"
"M1"	"HPRD"	"HPN"
"M1"	"HPRD"	"ANOS1"
"M1"	"HPRD"	"GSTP1"
"M1"	"HPRD"	"MUC16"
"M1"	"HPRD"	"FOXC1"
"M1"	"HPRD"	"TPSAB1"
"M1"	"HPRD"	"ADRA2C"
"M1"	"HPRD"	"HIST1H2BD"
"M1"	"HPRD"	"MSX2"
"M1"	"HPRD"	"SPDEF"
"M1"	"HPRD"	"EFCAB6"
"M1"	"HPRD"	"CCNO"
"M1"	"HPRD"	"DSC2"
"M1"	"HPRD"	"MYRIP"
"M1"	"HPRD"	"CACNA1H"
"M1"	"HPRD"	"TPSB2"
"M1"	"HPRD"	"RASD2"
"M1"	"HPRD"	"SLC7A8"
"M1"	"HPRD"	"SOX11"
"M1"	"HPRD"	"SEMA3B"
"M1"	"HPRD"	"PTPRN2"
"M1"	"HPRD"	"SYTL5"
"M1"	"HPRD"	"PKIB"
"M1"	"HPRD"	"RORC"
"M1"	"HPRD"	"RTN4RL1"
"M1"	"HPRD"	"FAIM2"
"M1"	"HPRD"	"CRLF1"
"M1"	"HPRD"	"CALML5"
"M1"	"HPRD"	"CRABP2"
"M1"	"HPRD"	"SLC1A2"
"M1"	"HPRD"	"PLA2G16"
"M1"	"HPRD"	"RHOH"
"M1"	"HPRD"	"MAATS1"
"M1"	"HPRD"	"SYBU"
"M1"	"HPRD"	"TCF7L1"
"M1"	"HPRD"	"CHI3L1"
"M1"	"HPRD"	"ABLIM3"
"M1"	"HPRD"	"SCNN1A"
"M1"	"HPRD"	"PPM1J"
"M1"	"HPRD"	"ZMYND10"
"M1"	"HPRD"	"KCNN4"
"M1"	"HPRD"	"CLGN"
"M1"	"HPRD"	"CRIP1"
"M1"	"HPRD"	"KLHDC9"
"M1"	"HPRD"	"NME5"
"M1"	"HPRD"	"ADCY1"
"M1"	"HPRD"	"HOXB3"
"M1"	"HPRD"	"CAMK2N1"
"M1"	"HPRD"	"PCLO"
"M1"	"HPRD"	"GDF15"
"M1"	"HPRD"	"SYT13"
"M1"	"HPRD"	"SCUBE1"
"M1"	"HPRD"	"SSPO"
"M1"	"HPRD"	"RGMA"
"M1"	"HPRD"	"ESPN"
"M1"	"DIP_Mouse"	"GRIN1"
"M1"	"DIP_Mouse"	"CAMK2B"
"M1"	"DIP_Mouse"	"BCL2"
"M1"	"DIP_Mouse"	"AR"
"M1"	"DIP_Mouse"	"MLPH"
"M1"	"DIP_Mouse"	"BMPR1B"
"M1"	"DIP_Mouse"	"CDK6"
"M1"	"DIP_Mouse"	"IRS1"
"M1"	"DIP_Mouse"	"ERBB4"
"M1"	"DIP_Mouse"	"GHR"
"M1"	"DIP_Mouse"	"IL6ST"
"M1"	"DIP_Mouse"	"CCND1"
"M1"	"DIP_Mouse"	"HOXB6"
"M1"	"DIP_Mouse"	"TRIM2"
"M1"	"DIP_Mouse"	"KCNJ11"
"M1"	"DIP_Mouse"	"EPOP"
"M1"	"DIP_Mouse"	"LRG1"
"M1"	"DIP_Mouse"	"ENPP1"
"M1"	"DIP_Mouse"	"RNF43"
"M1"	"DIP_Mouse"	"RORC"
"M1"	"DIP_Mouse"	"TCF7L1"
"M1"	"DIP_Mouse"	"SCNN1A"
"M1"	"DIP_Mouse"	"SGSM1"
"M1"	"VidalHuman_core"	"MDFI"
"M1"	"VidalHuman_core"	"KRT19"
"M1"	"VidalHuman_core"	"TNNT1"
"M1"	"VidalHuman_core"	"HSPA2"
"M1"	"VidalHuman_core"	"FBP1"
"M1"	"VidalHuman_core"	"PDZK1"
"M1"	"VidalHuman_core"	"HSPB8"
"M1"	"VidalHuman_core"	"ASS1"
"M1"	"VidalHuman_core"	"HOXB6"
"M1"	"VidalHuman_core"	"FOSL1"
"M1"	"VidalHuman_core"	"DACH1"
"M1"	"VidalHuman_core"	"AKR7A3"
"M1"	"VidalHuman_core"	"TFF1"
"M1"	"VidalHuman_core"	"ELF5"
"M1"	"VidalHuman_core"	"CXADR"
"M1"	"VidalHuman_core"	"KRT81"
"M1"	"VidalHuman_core"	"GSTM3"
"M1"	"VidalHuman_core"	"CEACAM5"
"M1"	"VidalHuman_core"	"PLA2G16"
"M1"	"VidalHuman_core"	"ZMYND10"
"M1"	"VidalHuman_core"	"NME5"
"M1"	"I2D-c_Fiona_HUMAN"	"ESR1"
"M1"	"I2D-c_Fiona_HUMAN"	"ERBB2"
"M1"	"I2D-c_Fiona_HUMAN"	"AR"
"M1"	"I2D-c_Fiona_HUMAN"	"MYB"
"M1"	"I2D-c_Fiona_HUMAN"	"CCND1"
"M1"	"I2D-c_Fiona_HUMAN"	"PREX1"
"M1"	"BioGrid_Rat"	"ESR1"
"M1"	"BioGrid_Rat"	"IGF1R"
"M1"	"BioGrid_Rat"	"GRIN1"
"M1"	"BioGrid_Rat"	"CAMK2B"
"M1"	"BioGrid_Rat"	"RET"
"M1"	"BioGrid_Rat"	"IRS1"
"M1"	"BioGrid_Rat"	"MAPT"
"M1"	"BioGrid_Rat"	"SSTR2"
"M1"	"BioGrid_Rat"	"GFRA1"
"M1"	"BioGrid_Rat"	"L1CAM"
"M1"	"BioGrid_Rat"	"CXXC4"
"M1"	"BioGrid_Rat"	"SYP"
"M1"	"BioGrid_Rat"	"HR"
"M1"	"BioGrid_Rat"	"TRIM2"
"M1"	"BioGrid_Rat"	"SRCIN1"
"M1"	"BioGrid_Rat"	"AGTR1"
"M1"	"BioGrid_Rat"	"APBA2"
"M1"	"BIND_Rat"	"GRIN1"
"M1"	"BIND_Rat"	"AR"
"M1"	"BIND_Rat"	"DOC2A"
"M1"	"BIND_Rat"	"IRS1"
"M1"	"BIND_Rat"	"ERBB4"
"M1"	"BIND_Rat"	"SYT1"
"M1"	"BIND_Rat"	"L1CAM"
"M1"	"BIND_Rat"	"SYP"
"M1"	"BIND_Rat"	"AKR7A3"
"M1"	"BIND_Rat"	"PRLR"
"M1"	"BIND_Rat"	"KCND3"
"M1"	"BIND_Rat"	"APBA2"
"M1"	"BIND_Rat"	"FASN"
"M1"	"MGI"	"IGF1R"
"M1"	"MGI"	"ERBB2"
"M1"	"MGI"	"BCL2"
"M1"	"MGI"	"AR"
"M1"	"MGI"	"MLPH"
"M1"	"MGI"	"EVL"
"M1"	"MGI"	"BMP4"
"M1"	"MGI"	"RAB26"
"M1"	"MGI"	"SOX6"
"M1"	"MGI"	"GATA3"
"M1"	"MGI"	"MAPT"
"M1"	"MGI"	"FLT3"
"M1"	"MGI"	"CCND1"
"M1"	"MGI"	"KIF5C"
"M1"	"MGI"	"WNT4"
"M1"	"MGI"	"APBA2"
"M1"	"MGI"	"RGL3"
"M1"	"MGI"	"MSX2"
"M1"	"MGI"	"MYRIP"
"M1"	"MGI"	"SYTL5"
"M1"	"MGI"	"SYTL2"
"M1"	"BCI"	"ESR1"
"M1"	"BCI"	"IGF1R"
"M1"	"BCI"	"GRIN1"
"M1"	"BCI"	"ERBB2"
"M1"	"BCI"	"CAMK2B"
"M1"	"BCI"	"BCL2"
"M1"	"BCI"	"UCHL1"
"M1"	"BCI"	"TNNT1"
"M1"	"BCI"	"MYB"
"M1"	"BCI"	"S100A8"
"M1"	"BCI"	"PFKP"
"M1"	"BCI"	"CDKN2A"
"M1"	"BCI"	"CBFA2T3"
"M1"	"BCI"	"GATA3"
"M1"	"BCI"	"CDK6"
"M1"	"BCI"	"EGF"
"M1"	"BCI"	"IRS1"
"M1"	"BCI"	"MAPT"
"M1"	"BCI"	"IL6ST"
"M1"	"BCI"	"FLT3"
"M1"	"BCI"	"L1CAM"
"M1"	"BCI"	"CCND1"
"M1"	"BCI"	"CXCL8"
"M1"	"BCI"	"ASS1"
"M1"	"BCI"	"GATA2"
"M1"	"BCI"	"PAX9"
"M1"	"BCI"	"TUBA4A"
"M1"	"BCI"	"KIF5C"
"M1"	"BCI"	"SERPINA3"
"M1"	"BCI"	"SOX9"
"M1"	"BCI"	"EFNA3"
"M1"	"BCI"	"SLC12A2"
"M1"	"BCI"	"HOXB2"
"M1"	"BCI"	"COL9A3"
"M1"	"BCI"	"SERPINI1"
"M1"	"BCI"	"IGFBP2"
"M1"	"BCI"	"CP"
"M1"	"BCI"	"CALB2"
"M1"	"BCI"	"NQO1"
"M1"	"BCI"	"CACNA1D"
"M1"	"BCI"	"LMX1B"
"M1"	"BCI"	"ADD2"
"M1"	"BCI"	"F7"
"M1"	"BCI"	"EPHB6"
"M1"	"BCI"	"FASN"
"M1"	"BCI"	"ADM"
"M1"	"BCI"	"GSTP1"
"M1"	"BCI"	"ADRA2C"
"M1"	"BCI"	"ATP2A3"
"M1"	"BCI"	"RHOH"
"M1"	"BCI"	"NAT1"
"M1"	"INNATEDB_Mouse"	"ESR1"
"M1"	"INNATEDB_Mouse"	"MDFI"
"M1"	"INNATEDB_Mouse"	"GRIN1"
"M1"	"INNATEDB_Mouse"	"BCL2"
"M1"	"INNATEDB_Mouse"	"AR"
"M1"	"INNATEDB_Mouse"	"MYB"
"M1"	"INNATEDB_Mouse"	"RET"
"M1"	"INNATEDB_Mouse"	"S100A8"
"M1"	"INNATEDB_Mouse"	"PFKP"
"M1"	"INNATEDB_Mouse"	"GATA3"
"M1"	"INNATEDB_Mouse"	"CDK6"
"M1"	"INNATEDB_Mouse"	"IRS1"
"M1"	"INNATEDB_Mouse"	"MAPK8IP2"
"M1"	"INNATEDB_Mouse"	"FOXA1"
"M1"	"INNATEDB_Mouse"	"IL6ST"
"M1"	"INNATEDB_Mouse"	"PHGDH"
"M1"	"INNATEDB_Mouse"	"MPP6"
"M1"	"INNATEDB_Mouse"	"SYP"
"M1"	"INNATEDB_Mouse"	"ASS1"
"M1"	"INNATEDB_Mouse"	"GATA2"
"M1"	"INNATEDB_Mouse"	"SOX9"
"M1"	"INNATEDB_Mouse"	"CPA3"
"M1"	"INNATEDB_Mouse"	"ADD2"
"M1"	"INNATEDB_Mouse"	"PARD6B"
"M1"	"INNATEDB_Mouse"	"GCNT2"
"M1"	"INNATEDB_Mouse"	"TMPRSS13"
"M1"	"INNATEDB_Mouse"	"SLC7A8"
"M1"	"INNATEDB_Mouse"	"RORC"
"M1"	"INNATEDB_Mouse"	"NAT1"
"M1"	"INNATEDB_Mouse"	"TLE6"
"M1"	"BIND"	"ESR1"
"M1"	"BIND"	"IGF1R"
"M1"	"BIND"	"GRIN1"
"M1"	"BIND"	"ERBB2"
"M1"	"BIND"	"CAMK2B"
"M1"	"BIND"	"BCL2"
"M1"	"BIND"	"AR"
"M1"	"BIND"	"S100A8"
"M1"	"BIND"	"BMPR1B"
"M1"	"BIND"	"BMP4"
"M1"	"BIND"	"CDKN2A"
"M1"	"BIND"	"PTK6"
"M1"	"BIND"	"S100A9"
"M1"	"BIND"	"CDK6"
"M1"	"BIND"	"EGF"
"M1"	"BIND"	"IRS1"
"M1"	"BIND"	"ERBB4"
"M1"	"BIND"	"TP73"
"M1"	"BIND"	"FBP1"
"M1"	"BIND"	"PGR"
"M1"	"BIND"	"GHR"
"M1"	"BIND"	"HSPB8"
"M1"	"BIND"	"LDHB"
"M1"	"BIND"	"L1CAM"
"M1"	"BIND"	"CCND1"
"M1"	"BIND"	"FGFR3"
"M1"	"BIND"	"ARNT2"
"M1"	"BIND"	"CXCL8"
"M1"	"BIND"	"FOSL1"
"M1"	"BIND"	"CA12"
"M1"	"BIND"	"TFF1"
"M1"	"BIND"	"CTNND2"
"M1"	"BIND"	"PRLR"
"M1"	"BIND"	"KCNJ11"
"M1"	"BIND"	"KCND3"
"M1"	"BIND"	"CXADR"
"M1"	"BIND"	"EFNA3"
"M1"	"BIND"	"EFNA5"
"M1"	"BIND"	"NPR3"
"M1"	"BIND"	"GSTM3"
"M1"	"BIND"	"KITLG"
"M1"	"BIND"	"NQO1"
"M1"	"BIND"	"F7"
"M1"	"BIND"	"AZGP1"
"M1"	"BIND"	"EPHB6"
"M1"	"BIND"	"FASN"
"M1"	"BIND"	"GSTP1"
"M1"	"BIND"	"TPSAB1"
"M1"	"BIND"	"HIST1H2BD"
"M1"	"BIND"	"CACNA1H"
"M1"	"BIND"	"PTPRN2"
"M1"	"BIND"	"CRABP2"
"M1"	"BIND"	"SLC1A2"
"M1"	"BIND"	"CHI3L1"
"M1"	"BIND"	"TFF3"
"M1"	"BIND"	"NMNAT3"
"M1"	"WranaLow"	"BMPR1B"
"M1"	"WranaMedium"	"BMPR1B"
"M1"	"INNATEDB"	"RAB30"
"M1"	"INNATEDB"	"ESR1"
"M1"	"INNATEDB"	"IGF1R"
"M1"	"INNATEDB"	"MDFI"
"M1"	"INNATEDB"	"ERBB2"
"M1"	"INNATEDB"	"CAMK2B"
"M1"	"INNATEDB"	"BCL2"
"M1"	"INNATEDB"	"AR"
"M1"	"INNATEDB"	"MYB"
"M1"	"INNATEDB"	"S100A8"
"M1"	"INNATEDB"	"BMPR1B"
"M1"	"INNATEDB"	"EVL"
"M1"	"INNATEDB"	"HPX"
"M1"	"INNATEDB"	"BMP4"
"M1"	"INNATEDB"	"CDKN2A"
"M1"	"INNATEDB"	"PTK6"
"M1"	"INNATEDB"	"GATA3"
"M1"	"INNATEDB"	"S100A9"
"M1"	"INNATEDB"	"CDK6"
"M1"	"INNATEDB"	"IRS1"
"M1"	"INNATEDB"	"ERBB4"
"M1"	"INNATEDB"	"RIPK4"
"M1"	"INNATEDB"	"MAPK8IP2"
"M1"	"INNATEDB"	"MAPT"
"M1"	"INNATEDB"	"FOXA1"
"M1"	"INNATEDB"	"TGFA"
"M1"	"INNATEDB"	"GHR"
"M1"	"INNATEDB"	"IL6ST"
"M1"	"INNATEDB"	"FLT3"
"M1"	"INNATEDB"	"LDHB"
"M1"	"INNATEDB"	"CCND1"
"M1"	"INNATEDB"	"MPP6"
"M1"	"INNATEDB"	"RND1"
"M1"	"INNATEDB"	"CXCL8"
"M1"	"INNATEDB"	"SKAP1"
"M1"	"INNATEDB"	"FOSL1"
"M1"	"INNATEDB"	"GATA2"
"M1"	"INNATEDB"	"TFF1"
"M1"	"INNATEDB"	"GREB1"
"M1"	"INNATEDB"	"RARRES3"
"M1"	"INNATEDB"	"CTNND2"
"M1"	"INNATEDB"	"PRLR"
"M1"	"INNATEDB"	"AGTR1"
"M1"	"INNATEDB"	"ACAN"
"M1"	"INNATEDB"	"SERPINA3"
"M1"	"INNATEDB"	"PREX1"
"M1"	"INNATEDB"	"KRT81"
"M1"	"INNATEDB"	"GDAP1"
"M1"	"INNATEDB"	"APBA2"
"M1"	"INNATEDB"	"ABCC6"
"M1"	"INNATEDB"	"NQO1"
"M1"	"INNATEDB"	"PARD6B"
"M1"	"INNATEDB"	"RGS11"
"M1"	"INNATEDB"	"FBXO27"
"M1"	"INNATEDB"	"MUC16"
"M1"	"INNATEDB"	"TPSAB1"
"M1"	"INNATEDB"	"ADRA2C"
"M1"	"INNATEDB"	"FOLH1"
"M1"	"INNATEDB"	"EFCAB6"
"M1"	"INNATEDB"	"MRPS30"
"M1"	"INNATEDB"	"MYRIP"
"M1"	"INNATEDB"	"GREB1L"
"M1"	"INNATEDB"	"CACNA1H"
"M1"	"INNATEDB"	"SOX11"
"M1"	"INNATEDB"	"KRT86"
"M1"	"INNATEDB"	"PDE6B"
"M1"	"INNATEDB"	"SEMA3B"
"M1"	"INNATEDB"	"CYP4F11"
"M1"	"INNATEDB"	"PADI2"
"M1"	"INNATEDB"	"HOXB4"
"M1"	"INNATEDB"	"RHOH"
"M1"	"INNATEDB"	"NAT1"
"M1"	"INNATEDB"	"ZMYND10"
"M1"	"INNATEDB"	"RDH10"
"M1"	"INNATEDB"	"TFF3"
"M1"	"YeastLow"	"PSAT1"
"M1"	"YeastLow"	"PFKP"
"M1"	"YeastLow"	"FBP1"
"M1"	"YeastLow"	"CRAT"
"M1"	"YeastLow"	"ASS1"
"M1"	"YeastLow"	"CPA3"
"M1"	"YeastLow"	"ABAT"
"M1"	"BIND_Mouse"	"ESR1"
"M1"	"BIND_Mouse"	"IGF1R"
"M1"	"BIND_Mouse"	"BCL2"
"M1"	"BIND_Mouse"	"MLPH"
"M1"	"BIND_Mouse"	"S100A8"
"M1"	"BIND_Mouse"	"BMPR1B"
"M1"	"BIND_Mouse"	"BMP4"
"M1"	"BIND_Mouse"	"GATA3"
"M1"	"BIND_Mouse"	"S100A9"
"M1"	"BIND_Mouse"	"CDK6"
"M1"	"BIND_Mouse"	"IRS1"
"M1"	"BIND_Mouse"	"CCND1"
"M1"	"BIND_Mouse"	"ARNT2"
"M1"	"BIND_Mouse"	"RND1"
"M1"	"BIND_Mouse"	"CTNND2"
"M1"	"BIND_Mouse"	"PAX9"
"M1"	"BIND_Mouse"	"WNT4"
"M1"	"BIND_Mouse"	"PRLR"
"M1"	"BIND_Mouse"	"SERPINI1"
"M1"	"BIND_Mouse"	"NQO1"
"M1"	"BIND_Mouse"	"MSX2"
"M1"	"BIND_Mouse"	"SYTL2"
"M1"	"BioGrid_Yeast"	"PSAT1"
"M1"	"BioGrid_Yeast"	"PFKP"
"M1"	"BioGrid_Yeast"	"FA2H"
"M1"	"BioGrid_Yeast"	"FBP1"
"M1"	"BioGrid_Yeast"	"CRAT"
"M1"	"BioGrid_Yeast"	"PCSK4"
"M1"	"BioGrid_Yeast"	"ABAT"
"M1"	"BioGrid_Fly"	"PSAT1"
"M1"	"BioGrid_Fly"	"IGF1R"
"M1"	"BioGrid_Fly"	"EEF1A2"
"M1"	"BioGrid_Fly"	"BMPR1B"
"M1"	"BioGrid_Fly"	"FA2H"
"M1"	"BioGrid_Fly"	"RAB26"
"M1"	"BioGrid_Fly"	"ACSS3"
"M1"	"BioGrid_Fly"	"ARMT1"
"M1"	"BioGrid_Fly"	"CDK6"
"M1"	"BioGrid_Fly"	"SSTR2"
"M1"	"BioGrid_Fly"	"FGFR3"
"M1"	"BioGrid_Fly"	"PHGDH"
"M1"	"BioGrid_Fly"	"MPP6"
"M1"	"BioGrid_Fly"	"CNTNAP2"
"M1"	"BioGrid_Fly"	"ASS1"
"M1"	"BioGrid_Fly"	"MELTF"
"M1"	"BioGrid_Fly"	"NUDT8"
"M1"	"BioGrid_Fly"	"LRRC6"
"M1"	"BioGrid_Fly"	"TPPP"
"M1"	"BioGrid_Fly"	"GDAP1"
"M1"	"BioGrid_Fly"	"HGD"
"M1"	"BioGrid_Fly"	"DNAJC12"
"M1"	"BioGrid_Fly"	"MMP17"
"M1"	"BioGrid_Fly"	"CELSR1"
"M1"	"BioGrid_Fly"	"STK32B"
"M1"	"BioGrid_Fly"	"ACADSB"
"M1"	"BioGrid_Fly"	"CFAP45"
"M1"	"BioGrid_Fly"	"ZMYND10"
"M1"	"BioGrid_Fly"	"PLCB4"
"M1"	"BioGrid_Fly"	"ADCY1"
"M1"	"BioGrid_Fly"	"TBC1D9"
"M1"	"BIND_Fly"	"PSAT1"
"M1"	"BIND_Fly"	"EEF1A2"
"M1"	"BIND_Fly"	"RAB26"
"M1"	"BIND_Fly"	"CBFA2T3"
"M1"	"BIND_Fly"	"SSTR2"
"M1"	"BIND_Fly"	"FGFR3"
"M1"	"BIND_Fly"	"CNTNAP2"
"M1"	"BIND_Fly"	"ASS1"
"M1"	"BIND_Fly"	"MELTF"
"M1"	"BIND_Fly"	"LRRC6"
"M1"	"BIND_Fly"	"TPPP"
"M1"	"BIND_Fly"	"GDAP1"
"M1"	"BIND_Fly"	"HGD"
"M1"	"BIND_Fly"	"DNAJC12"
"M1"	"BIND_Fly"	"CFAP45"
"M1"	"BIND_Fly"	"ZMYND10"
"M1"	"MINT_Fly"	"PSAT1"
"M1"	"MINT_Fly"	"RAB26"
"M1"	"MINT_Fly"	"SSTR2"
"M1"	"MINT_Fly"	"TPPP"
"M1"	"MINT_Fly"	"GDAP1"
"M1"	"MINT_Fly"	"HGD"
"M1"	"MINT_Fly"	"DNAJC12"
"M1"	"MINT_Fly"	"MRPS30"
"M1"	"MINT_Fly"	"DNAJC22"
"M1"	"MINT_Fly"	"CFAP45"
"M1"	"MINT_Fly"	"ZMYND10"
"M1"	"IntAct_Fly"	"PSAT1"
"M1"	"IntAct_Fly"	"IGF1R"
"M1"	"IntAct_Fly"	"EEF1A2"
"M1"	"IntAct_Fly"	"BAIAP3"
"M1"	"IntAct_Fly"	"CDK6"
"M1"	"IntAct_Fly"	"CNTNAP2"
"M1"	"IntAct_Fly"	"ASS1"
"M1"	"IntAct_Fly"	"MELTF"
"M1"	"IntAct_Fly"	"CYFIP2"
"M1"	"IntAct_Fly"	"LRRC6"
"M1"	"IntAct_Fly"	"TPPP"
"M1"	"IntAct_Fly"	"HGD"
"M1"	"IntAct_Fly"	"NBEA"
"M1"	"IntAct_Fly"	"MRPS30"
"M1"	"IntAct_Fly"	"ACADSB"
"M1"	"IntAct_Fly"	"TTC36"
"M1"	"IntAct_Fly"	"CFAP45"
"M1"	"IntAct_Fly"	"PLCB4"
"M1"	"IntAct_Fly"	"SDR16C5"
"M1"	"IntAct_Fly"	"TBC1D9"
"M1"	"JonesErbB1"	"ERBB2"
"M1"	"JonesErbB1"	"ERBB4"
"M1"	"DIP_Fly"	"PSAT1"
"M1"	"DIP_Fly"	"RAB26"
"M1"	"DIP_Fly"	"SSTR2"
"M1"	"DIP_Fly"	"PHGDH"
"M1"	"DIP_Fly"	"WNT4"
"M1"	"DIP_Fly"	"MELTF"
"M1"	"DIP_Fly"	"LRRC6"
"M1"	"DIP_Fly"	"TPPP"
"M1"	"DIP_Fly"	"GDAP1"
"M1"	"DIP_Fly"	"HGD"
"M1"	"DIP_Fly"	"NBEA"
"M1"	"DIP_Fly"	"MRPS30"
"M1"	"DIP_Fly"	"TTC36"
"M1"	"DIP_Fly"	"DNAJC22"
"M1"	"DIP_Fly"	"CFAP45"
"M1"	"DIP_Fly"	"ZMYND10"
"M1"	"DIP_Fly"	"SDR16C5"
"M1"	"DIP_Fly"	"TBC1D9"
"M1"	"BioGrid_Mouse"	"TFCP2L1"
"M1"	"BioGrid_Mouse"	"ESR1"
"M1"	"BioGrid_Mouse"	"IGF1R"
"M1"	"BioGrid_Mouse"	"GRIN1"
"M1"	"BioGrid_Mouse"	"ERBB2"
"M1"	"BioGrid_Mouse"	"BCL2"
"M1"	"BioGrid_Mouse"	"UCHL1"
"M1"	"BioGrid_Mouse"	"AR"
"M1"	"BioGrid_Mouse"	"EEF1A2"
"M1"	"BioGrid_Mouse"	"MYB"
"M1"	"BioGrid_Mouse"	"RET"
"M1"	"BioGrid_Mouse"	"BMP4"
"M1"	"BioGrid_Mouse"	"ATP7B"
"M1"	"BioGrid_Mouse"	"SOX6"
"M1"	"BioGrid_Mouse"	"CDKN2A"
"M1"	"BioGrid_Mouse"	"GATA3"
"M1"	"BioGrid_Mouse"	"MAP2"
"M1"	"BioGrid_Mouse"	"CDK6"
"M1"	"BioGrid_Mouse"	"IRS1"
"M1"	"BioGrid_Mouse"	"MAPK8IP2"
"M1"	"BioGrid_Mouse"	"TP73"
"M1"	"BioGrid_Mouse"	"MAPT"
"M1"	"BioGrid_Mouse"	"NEURL1"
"M1"	"BioGrid_Mouse"	"GRIK3"
"M1"	"BioGrid_Mouse"	"HSPA2"
"M1"	"BioGrid_Mouse"	"PGR"
"M1"	"BioGrid_Mouse"	"IL6ST"
"M1"	"BioGrid_Mouse"	"FLT3"
"M1"	"BioGrid_Mouse"	"L1CAM"
"M1"	"BioGrid_Mouse"	"CCND1"
"M1"	"BioGrid_Mouse"	"LIN7A"
"M1"	"BioGrid_Mouse"	"SYP"
"M1"	"BioGrid_Mouse"	"DCLK1"
"M1"	"BioGrid_Mouse"	"HOXB6"
"M1"	"BioGrid_Mouse"	"MID1"
"M1"	"BioGrid_Mouse"	"HR"
"M1"	"BioGrid_Mouse"	"GATA2"
"M1"	"BioGrid_Mouse"	"DACH1"
"M1"	"BioGrid_Mouse"	"TRIM2"
"M1"	"BioGrid_Mouse"	"CTNND2"
"M1"	"BioGrid_Mouse"	"PAX9"
"M1"	"BioGrid_Mouse"	"KIF5C"
"M1"	"BioGrid_Mouse"	"WNT4"
"M1"	"BioGrid_Mouse"	"PRLR"
"M1"	"BioGrid_Mouse"	"AGTR1"
"M1"	"BioGrid_Mouse"	"CXADR"
"M1"	"BioGrid_Mouse"	"SOX9"
"M1"	"BioGrid_Mouse"	"EPOP"
"M1"	"BioGrid_Mouse"	"BCL11A"
"M1"	"BioGrid_Mouse"	"NOVA1"
"M1"	"BioGrid_Mouse"	"SLC12A2"
"M1"	"BioGrid_Mouse"	"RGL3"
"M1"	"BioGrid_Mouse"	"KITLG"
"M1"	"BioGrid_Mouse"	"NQO1"
"M1"	"BioGrid_Mouse"	"PCP2"
"M1"	"BioGrid_Mouse"	"CACNA1D"
"M1"	"BioGrid_Mouse"	"LMX1B"
"M1"	"BioGrid_Mouse"	"OLFM1"
"M1"	"BioGrid_Mouse"	"FASN"
"M1"	"BioGrid_Mouse"	"MSX2"
"M1"	"BioGrid_Mouse"	"SPDEF"
"M1"	"BioGrid_Mouse"	"CACNA1H"
"M1"	"BioGrid_Mouse"	"SOX11"
"M1"	"BioGrid_Mouse"	"SYTL5"
"M1"	"BioGrid_Mouse"	"HOXB4"
"M1"	"BioGrid_Mouse"	"RORC"
"M1"	"BioGrid_Mouse"	"SLC1A2"
"M1"	"BioGrid_Mouse"	"FBXL16"
"M1"	"BioGrid_Mouse"	"TLE6"
"M1"	"BioGrid_Mouse"	"PCLO"
"M1"	"BioGrid_Mouse"	"REPS2"
"M1"	"IntAct_Rat"	"ESR1"
"M1"	"IntAct_Rat"	"GRIN1"
"M1"	"IntAct_Rat"	"CAMK2B"
"M1"	"IntAct_Rat"	"BCL2"
"M1"	"IntAct_Rat"	"EEF1A2"
"M1"	"IntAct_Rat"	"CPLX1"
"M1"	"IntAct_Rat"	"IRS1"
"M1"	"IntAct_Rat"	"SSTR2"
"M1"	"IntAct_Rat"	"SYT1"
"M1"	"IntAct_Rat"	"GRM4"
"M1"	"IntAct_Rat"	"HSPA2"
"M1"	"IntAct_Rat"	"PDZK1"
"M1"	"IntAct_Rat"	"STON2"
"M1"	"IntAct_Rat"	"CCND1"
"M1"	"IntAct_Rat"	"SYP"
"M1"	"IntAct_Rat"	"SRCIN1"
"M1"	"IntAct_Rat"	"APBA2"
"M1"	"IntAct_Rat"	"CACNA2D2"
"M1"	"IntAct_Rat"	"FASN"
"M1"	"IntAct_Rat"	"TTC39A"
"M1"	"IntAct_Rat"	"PCLO"
"M1"	"MINT_Rat"	"GRIN1"
"M1"	"MINT_Rat"	"MAP2"
"M1"	"MINT_Rat"	"IRS1"
"M1"	"MINT_Rat"	"SSTR2"
"M1"	"MINT_Rat"	"SYT1"
"M1"	"MINT_Rat"	"GRM4"
"M1"	"MINT_Rat"	"PDZK1"
"M1"	"MINT_Rat"	"SYP"
"M1"	"MINT_Rat"	"AGTR1"
"M1"	"MINT_Rat"	"APBA2"
"M1"	"Jorgensen_EphR"	"CHN2"
"M1"	"DIP_Yeast"	"PSAT1"
"M1"	"DIP_Yeast"	"PFKP"
"M1"	"DIP_Yeast"	"FBP1"
"M1"	"DIP_Yeast"	"CRAT"
"M1"	"DIP_Yeast"	"ASS1"
"M1"	"BIND_Yeast"	"PFKP"
"M1"	"BIND_Yeast"	"FBP1"
"M1"	"BIND_Yeast"	"CRAT"
"M1"	"MINT_Yeast"	"PFKP"
"M1"	"MINT_Yeast"	"FA2H"
"M1"	"MINT_Yeast"	"ARMT1"
"M1"	"MINT_Yeast"	"FBP1"
"M1"	"MINT_Yeast"	"CRAT"
"M1"	"MIPS"	"PFKP"
"M1"	"MIPS"	"FBP1"
"M1"	"MIPS"	"CRAT"
"M1"	"StelzlLow"	"OLFM2"
"M1"	"StelzlLow"	"S100A8"
"M1"	"StelzlLow"	"NOVA1"
"M1"	"StelzlLow"	"RHOH"
"M1"	"StelzlLow"	"NAGS"
"M1"	"IntAct_Yeast"	"PSAT1"
"M1"	"IntAct_Yeast"	"PFKP"
"M1"	"IntAct_Yeast"	"FA2H"
"M1"	"IntAct_Yeast"	"ARMT1"
"M1"	"IntAct_Yeast"	"FBP1"
"M1"	"IntAct_Yeast"	"CRAT"
"M1"	"IntAct_Yeast"	"PCSK4"
"M1"	"IntAct_Yeast"	"ASS1"
"M1"	"IntAct_Yeast"	"CPA3"
"M1"	"IntAct_Yeast"	"ABAT"
"M1"	"YeastMedium"	"PFKP"
"M1"	"YeastMedium"	"FBP1"
"M1"	"YeastMedium"	"CRAT"
"M1"	"YeastMedium"	"ABAT"
"M1"	"DIP"	"ESR1"
"M1"	"DIP"	"IGF1R"
"M1"	"DIP"	"ERBB2"
"M1"	"DIP"	"KRT19"
"M1"	"DIP"	"CAMK2B"
"M1"	"DIP"	"BCL2"
"M1"	"DIP"	"AR"
"M1"	"DIP"	"NCAM2"
"M1"	"DIP"	"MYB"
"M1"	"DIP"	"RET"
"M1"	"DIP"	"BMP4"
"M1"	"DIP"	"CDKN2A"
"M1"	"DIP"	"PTK6"
"M1"	"DIP"	"S100A9"
"M1"	"DIP"	"MAP2"
"M1"	"DIP"	"CDK6"
"M1"	"DIP"	"EGF"
"M1"	"DIP"	"IRS1"
"M1"	"DIP"	"ERBB4"
"M1"	"DIP"	"TP73"
"M1"	"DIP"	"MAPT"
"M1"	"DIP"	"FOXA1"
"M1"	"DIP"	"TGFA"
"M1"	"DIP"	"FBP1"
"M1"	"DIP"	"PGR"
"M1"	"DIP"	"GHR"
"M1"	"DIP"	"PTPRT"
"M1"	"DIP"	"IL6ST"
"M1"	"DIP"	"GFRA1"
"M1"	"DIP"	"CCND1"
"M1"	"DIP"	"FGFR3"
"M1"	"DIP"	"CXCL8"
"M1"	"DIP"	"ASS1"
"M1"	"DIP"	"FOSL1"
"M1"	"DIP"	"SPTSSB"
"M1"	"DIP"	"GATA2"
"M1"	"DIP"	"LARGE2"
"M1"	"DIP"	"CTNND2"
"M1"	"DIP"	"PRLR"
"M1"	"DIP"	"KCNJ11"
"M1"	"DIP"	"ZNF462"
"M1"	"DIP"	"SMPD3"
"M1"	"DIP"	"AGR2"
"M1"	"DIP"	"SLC12A2"
"M1"	"DIP"	"MARK1"
"M1"	"DIP"	"EFNA5"
"M1"	"DIP"	"SERPINA5"
"M1"	"DIP"	"LRG1"
"M1"	"DIP"	"ETV4"
"M1"	"DIP"	"F7"
"M1"	"DIP"	"IL34"
"M1"	"DIP"	"CCNO"
"M1"	"DIP"	"RORC"
"M1"	"DIP"	"CRLF1"
"M1"	"DIP"	"KCNN4"
"M1"	"DIP"	"ABCC8"
"M1"	"DIP"	"H2AFY2"
"M1"	"VidalHuman_non_core"	"MDFI"
"M1"	"VidalHuman_non_core"	"KRT19"
"M1"	"VidalHuman_non_core"	"TNNT1"
"M1"	"VidalHuman_non_core"	"PFKP"
"M1"	"VidalHuman_non_core"	"FBP1"
"M1"	"VidalHuman_non_core"	"HSPB8"
"M1"	"VidalHuman_non_core"	"AKR7A3"
"M1"	"VidalHuman_non_core"	"ETNK2"
"M1"	"VidalHuman_non_core"	"KRT81"
"M1"	"VidalHuman_non_core"	"SERPINA5"
"M1"	"VidalHuman_non_core"	"RORC"
"M1"	"VidalHuman_non_core"	"CRABP2"
"M1"	"VidalHuman_non_core"	"CPB1"
"M1"	"IntAct_Worm"	"DCLK1"
"M1"	"IntAct_Worm"	"WNT4"
"M1"	"IntAct_Worm"	"HGD"
"M1"	"IntAct_Worm"	"VAV3"
"M1"	"IntAct_Worm"	"LDHD"
"M1"	"IntAct_Worm"	"TBC1D9"
"M1"	"MINT_Worm"	"DCLK1"
"M1"	"MINT_Worm"	"HGD"
"M1"	"BIND_Worm"	"DCLK1"
"M1"	"BIND_Worm"	"HGD"
"M1"	"StelzlMedium"	"OLFM2"
"M1"	"StelzlMedium"	"S100A8"
"M1"	"StelzlMedium"	"CHN2"
"M1"	"StelzlMedium"	"L1CAM"
"M1"	"StelzlMedium"	"FGFR3"
"M1"	"StelzlMedium"	"STC2"
"M1"	"StelzlMedium"	"COX6C"
"M1"	"StelzlMedium"	"SERPINA5"
"M1"	"StelzlMedium"	"CELSR1"
"M1"	"StelzlMedium"	"C16orf45"
"M1"	"StelzlMedium"	"GSTP1"
"M1"	"StelzlMedium"	"RHOH"
"M1"	"StelzlMedium"	"CRIP1"
"M1"	"StelzlMedium"	"LMTK3"
"M1"	"Pawson4"	"ERBB2"
"M1"	"Pawson4"	"RET"
"M1"	"I2D-c_Fiona_MOUSE"	"CCND1"
"M1"	"FlyLow"	"SSTR2"
"M1"	"FlyLow"	"MELTF"
"M1"	"FlyLow"	"TPPP"
"M1"	"FlyLow"	"CFAP45"
"M1"	"FlyHigh"	"PSAT1"
"M1"	"FlyHigh"	"ASS1"
"M1"	"FlyHigh"	"LRRC6"
"M1"	"FlyHigh"	"GDAP1"
"M1"	"FlyHigh"	"HGD"
"M1"	"FlyHigh"	"DNAJC12"
"M1"	"FlyHigh"	"CFAP45"
"M1"	"FlyHigh"	"TBC1D9"
"M1"	"ShawnLi"	"RYR1"
"M1"	"ShawnLi"	"GHR"
"M1"	"ShawnLi"	"EFS"
"M1"	"ShawnLi"	"NXPH3"
"M1"	"DIP_Rat"	"ESR1"
"M1"	"DIP_Rat"	"GRIN1"
"M1"	"DIP_Rat"	"AR"
"M1"	"DIP_Rat"	"CPLX1"
"M1"	"DIP_Rat"	"SYT1"
"M1"	"DIP_Rat"	"FOSL1"
"M1"	"DIP_Rat"	"FASN"
"M1"	"YeastHigh"	"ASS1"
"M1"	"SOURAV_MAPK_HIGH"	"S100A9"
"M1"	"StelzlHigh"	"S100A8"
"M1"	"StelzlHigh"	"FBP1"
"M1"	"StelzlHigh"	"FGFR3"
"M1"	"StelzlHigh"	"AGR2"
"M1"	"StelzlHigh"	"GSTP1"
"M1"	"I2D-c_Fiona_RAT"	"CCND1"
"M1"	"Krogan_Core"	"PFKP"
"M1"	"Krogan_Core"	"FBP1"
"M1"	"Yu_GoldStd"	"PFKP"
"M1"	"I2D-text_mining-c"	"RET"
"M1"	"Krogan_NonCore"	"PFKP"
"M1"	"Krogan_NonCore"	"ARMT1"
"M1"	"WranaHigh"	"BMPR1B"
"M1"	"I2D-c_Mouse"	"TLE6"
"M1"	"DIP_Worm"	"DCLK1"
"M1"	"DIP_Worm"	"HGD"
"M1"	"DIP_Worm"	"LDHD"
"M1"	"Fawcett_polarity"	"HSPA2"
"M1"	"Fawcett_polarity"	"MPP2"
"M1"	"Fawcett_polarity"	"MPP6"
"M1"	"Fawcett_polarity"	"NOS1AP"
"M1"	"Fawcett_polarity"	"ZG16B"
"M1"	"Fawcett_polarity_Rat"	"MAP2"
"M1"	"Fawcett_polarity_Rat"	"PCLO"
"M1"	"FlyEmbryo"	"CNTNAP2"
"M1"	"CORE_2"	"DCLK1"
"M1"	"CORE_2"	"HGD"
"M1"	"KIM_MYC"	"TUBA4A"
"M1"	"Tarassov_PCA"	"FA2H"
"M2"	"HPRD"	"RADIL"
"M2"	"HPRD"	"CD247"
"M2"	"HPRD"	"MEGF10"
"M2"	"HPRD"	"PRKAA2"
"M2"	"HPRD"	"UBD"
"M2"	"HPRD"	"PRKACB"
"M2"	"HPRD"	"LCK"
"M2"	"HPRD"	"LYZ"
"M2"	"HPRD"	"ISG15"
"M2"	"HPRD"	"SPP1"
"M2"	"HPRD"	"LTF"
"M2"	"HPRD"	"IL7R"
"M2"	"HPRD"	"C3"
"M2"	"HPRD"	"BCL2A1"
"M2"	"HPRD"	"BIRC3"
"M2"	"HPRD"	"IRF4"
"M2"	"HPRD"	"MMP9"
"M2"	"HPRD"	"IL2RG"
"M2"	"HPRD"	"HDAC9"
"M2"	"HPRD"	"PRKCB"
"M2"	"HPRD"	"CD3E"
"M2"	"HPRD"	"CCR5"
"M2"	"HPRD"	"ENO2"
"M2"	"HPRD"	"MATK"
"M2"	"HPRD"	"CD6"
"M2"	"HPRD"	"EFNB3"
"M2"	"HPRD"	"CXCL13"
"M2"	"HPRD"	"CCR7"
"M2"	"HPRD"	"SELL"
"M2"	"HPRD"	"CCR4"
"M2"	"HPRD"	"CCL19"
"M2"	"HPRD"	"IL2RB"
"M2"	"HPRD"	"IDO1"
"M2"	"HPRD"	"CXCR3"
"M2"	"HPRD"	"IFIT3"
"M2"	"HPRD"	"IFIT1"
"M2"	"HPRD"	"RGS1"
"M2"	"HPRD"	"CASKIN1"
"M2"	"HPRD"	"PPFIA4"
"M2"	"HPRD"	"BSN"
"M2"	"HPRD"	"BCL11B"
"M2"	"HPRD"	"PTGDS"
"M2"	"HPRD"	"CYTIP"
"M2"	"HPRD"	"ITK"
"M2"	"HPRD"	"POU2AF1"
"M2"	"HPRD"	"NRCAM"
"M2"	"HPRD"	"COL2A1"
"M2"	"HPRD"	"ZAP70"
"M2"	"HPRD"	"LTB"
"M2"	"HPRD"	"CD8A"
"M2"	"HPRD"	"CD2"
"M2"	"HPRD"	"HLA-DQA1"
"M2"	"HPRD"	"CD79B"
"M2"	"HPRD"	"CCL21"
"M2"	"HPRD"	"CD5"
"M2"	"HPRD"	"CD22"
"M2"	"HPRD"	"SLAMF6"
"M2"	"HPRD"	"SLAMF7"
"M2"	"HPRD"	"HK3"
"M2"	"HPRD"	"IKZF3"
"M2"	"HPRD"	"KSR2"
"M2"	"HPRD"	"DERL3"
"M2"	"HPRD"	"GZMA"
"M2"	"HPRD"	"RASGRP1"
"M2"	"HPRD"	"MX1"
"M2"	"HPRD"	"HLA-DRB5"
"M2"	"HPRD"	"CD48"
"M2"	"HPRD"	"TNFSF15"
"M2"	"HPRD"	"CCL5"
"M2"	"HPRD"	"IFITM1"
"M2"	"HPRD"	"LINGO1"
"M2"	"HPRD"	"SH2D2A"
"M2"	"HPRD"	"F5"
"M2"	"HPRD"	"TFPI2"
"M2"	"HPRD"	"ADORA1"
"M2"	"HPRD"	"IL1B"
"M2"	"HPRD"	"CSTA"
"M2"	"HPRD"	"HLA-DQA2"
"M2"	"HPRD"	"HLA-DQB1"
"M2"	"HPRD"	"CD79A"
"M2"	"HPRD"	"CD3D"
"M2"	"HPRD"	"HLA-G"
"M2"	"HPRD"	"RAB3B"
"M2"	"HPRD"	"JCHAIN"
"M2"	"HPRD"	"KLRD1"
"M2"	"HPRD"	"CCL22"
"M2"	"HPRD"	"CXCL10"
"M2"	"HPRD"	"CD3G"
"M2"	"HPRD"	"GBP1"
"M2"	"HPRD"	"CLIC3"
"M2"	"HPRD"	"IFI6"
"M2"	"HPRD"	"OSM"
"M2"	"HPRD"	"PLA1A"
"M2"	"HPRD"	"XAF1"
"M2"	"HPRD"	"CD38"
"M2"	"HPRD"	"SELE"
"M2"	"HPRD"	"CD209"
"M2"	"HPRD"	"ASCL2"
"M2"	"HPRD"	"CST7"
"M2"	"HPRD"	"CD7"
"M2"	"HPRD"	"IL21R"
"M2"	"HPRD"	"HERC6"
"M2"	"HPRD"	"MMP25"
"M2"	"HPRD"	"SECTM1"
"M2"	"HPRD"	"TRIM17"
"M2"	"HPRD"	"PRF1"
"M2"	"HPRD"	"CXCL11"
"M2"	"HPRD"	"CXCL9"
"M2"	"HPRD"	"IFI27"
"M2"	"HPRD"	"BMP8B"
"M2"	"HPRD"	"PPP1R9A"
"M2"	"HPRD"	"RNF128"
"M2"	"HPRD"	"PDE3B"
"M2"	"HPRD"	"MZB1"
"M2"	"HPRD"	"MYCL"
"M2"	"HPRD"	"CD69"
"M2"	"HPRD"	"OASL"
"M2"	"HPRD"	"NOMO3"
"M2"	"HPRD"	"GBP5"
"M2"	"HPRD"	"SPOCK2"
"M2"	"IntAct"	"RADIL"
"M2"	"IntAct"	"CD247"
"M2"	"IntAct"	"PRKAA2"
"M2"	"IntAct"	"UBD"
"M2"	"IntAct"	"PRKACB"
"M2"	"IntAct"	"LCK"
"M2"	"IntAct"	"LYZ"
"M2"	"IntAct"	"ISG15"
"M2"	"IntAct"	"SPP1"
"M2"	"IntAct"	"LTF"
"M2"	"IntAct"	"WNK2"
"M2"	"IntAct"	"IL7R"
"M2"	"IntAct"	"C3"
"M2"	"IntAct"	"BCL2A1"
"M2"	"IntAct"	"BIRC3"
"M2"	"IntAct"	"IRF4"
"M2"	"IntAct"	"MMP9"
"M2"	"IntAct"	"IL2RG"
"M2"	"IntAct"	"HDAC9"
"M2"	"IntAct"	"PRKCB"
"M2"	"IntAct"	"CD3E"
"M2"	"IntAct"	"CCR5"
"M2"	"IntAct"	"OAS1"
"M2"	"IntAct"	"ENO2"
"M2"	"IntAct"	"MATK"
"M2"	"IntAct"	"CD6"
"M2"	"IntAct"	"EFNB3"
"M2"	"IntAct"	"CCR7"
"M2"	"IntAct"	"IL2RB"
"M2"	"IntAct"	"IDO1"
"M2"	"IntAct"	"IFIT3"
"M2"	"IntAct"	"IFIT1"
"M2"	"IntAct"	"RGS1"
"M2"	"IntAct"	"CASKIN1"
"M2"	"IntAct"	"MOXD1"
"M2"	"IntAct"	"PPFIA4"
"M2"	"IntAct"	"PTPRC"
"M2"	"IntAct"	"OVOL1"
"M2"	"IntAct"	"PTGDS"
"M2"	"IntAct"	"ITK"
"M2"	"IntAct"	"RIPOR2"
"M2"	"IntAct"	"POU2AF1"
"M2"	"IntAct"	"COL2A1"
"M2"	"IntAct"	"ZAP70"
"M2"	"IntAct"	"LTB"
"M2"	"IntAct"	"CD8A"
"M2"	"IntAct"	"CD2"
"M2"	"IntAct"	"HLA-DQA1"
"M2"	"IntAct"	"LILRB5"
"M2"	"IntAct"	"CTSW"
"M2"	"IntAct"	"CCL21"
"M2"	"IntAct"	"METTL27"
"M2"	"IntAct"	"ZBP1"
"M2"	"IntAct"	"RPS6KA6"
"M2"	"IntAct"	"CD5"
"M2"	"IntAct"	"CD22"
"M2"	"IntAct"	"SLAMF7"
"M2"	"IntAct"	"HK3"
"M2"	"IntAct"	"WNT3"
"M2"	"IntAct"	"IKZF3"
"M2"	"IntAct"	"KSR2"
"M2"	"IntAct"	"GZMA"
"M2"	"IntAct"	"BATF2"
"M2"	"IntAct"	"RASGRP1"
"M2"	"IntAct"	"MX1"
"M2"	"IntAct"	"CD48"
"M2"	"IntAct"	"RBP5"
"M2"	"IntAct"	"CCL5"
"M2"	"IntAct"	"IFITM1"
"M2"	"IntAct"	"LINGO1"
"M2"	"IntAct"	"IL24"
"M2"	"IntAct"	"SH2D2A"
"M2"	"IntAct"	"TFPI2"
"M2"	"IntAct"	"IL1B"
"M2"	"IntAct"	"CSTA"
"M2"	"IntAct"	"CD79A"
"M2"	"IntAct"	"CD3D"
"M2"	"IntAct"	"HLA-G"
"M2"	"IntAct"	"CCL22"
"M2"	"IntAct"	"CXCL10"
"M2"	"IntAct"	"BST2"
"M2"	"IntAct"	"ETV7"
"M2"	"IntAct"	"CD3G"
"M2"	"IntAct"	"GBP1"
"M2"	"IntAct"	"WDR66"
"M2"	"IntAct"	"MUC20"
"M2"	"IntAct"	"CLIC3"
"M2"	"IntAct"	"OSM"
"M2"	"IntAct"	"OAS2"
"M2"	"IntAct"	"SELE"
"M2"	"IntAct"	"CST7"
"M2"	"IntAct"	"CD7"
"M2"	"IntAct"	"HERC6"
"M2"	"IntAct"	"SLC2A5"
"M2"	"IntAct"	"TRIM17"
"M2"	"IntAct"	"PRF1"
"M2"	"IntAct"	"CXCL11"
"M2"	"IntAct"	"CXCL9"
"M2"	"IntAct"	"IFI27"
"M2"	"IntAct"	"TIGIT"
"M2"	"IntAct"	"APOL4"
"M2"	"IntAct"	"ZNF135"
"M2"	"IntAct"	"KLHL11"
"M2"	"IntAct"	"RNF128"
"M2"	"IntAct"	"PDE3B"
"M2"	"IntAct"	"MPPED2"
"M2"	"IntAct"	"LAMP3"
"M2"	"IntAct"	"MZB1"
"M2"	"IntAct"	"CD69"
"M2"	"IntAct"	"NKG7"
"M2"	"IntAct"	"OASL"
"M2"	"IntAct"	"KLHDC7B"
"M2"	"IntAct"	"NOMO3"
"M2"	"IntAct"	"GBP5"
"M2"	"IntAct"	"EGFL6"
"M2"	"IntAct"	"SPOCK2"
"M2"	"IntAct"	"CYP1B1"
"M2"	"BEHRENDS_AUTOPHAGY_LOW"	"PRKAA2"
"M2"	"BioGrid"	"RADIL"
"M2"	"BioGrid"	"CD247"
"M2"	"BioGrid"	"MEGF10"
"M2"	"BioGrid"	"PRKAA2"
"M2"	"BioGrid"	"UBD"
"M2"	"BioGrid"	"PRKACB"
"M2"	"BioGrid"	"LCK"
"M2"	"BioGrid"	"ISG15"
"M2"	"BioGrid"	"SPP1"
"M2"	"BioGrid"	"LTF"
"M2"	"BioGrid"	"WNK2"
"M2"	"BioGrid"	"IL7R"
"M2"	"BioGrid"	"C3"
"M2"	"BioGrid"	"BCL2A1"
"M2"	"BioGrid"	"BIRC3"
"M2"	"BioGrid"	"IRF4"
"M2"	"BioGrid"	"MMP9"
"M2"	"BioGrid"	"IL2RG"
"M2"	"BioGrid"	"HDAC9"
"M2"	"BioGrid"	"PRKCB"
"M2"	"BioGrid"	"CD3E"
"M2"	"BioGrid"	"CCR5"
"M2"	"BioGrid"	"CD27"
"M2"	"BioGrid"	"OAS1"
"M2"	"BioGrid"	"ENO2"
"M2"	"BioGrid"	"MATK"
"M2"	"BioGrid"	"CD6"
"M2"	"BioGrid"	"EFNB3"
"M2"	"BioGrid"	"CXCL13"
"M2"	"BioGrid"	"CCR7"
"M2"	"BioGrid"	"SELL"
"M2"	"BioGrid"	"CCR4"
"M2"	"BioGrid"	"IL2RB"
"M2"	"BioGrid"	"IDO1"
"M2"	"BioGrid"	"GLRB"
"M2"	"BioGrid"	"CXCR3"
"M2"	"BioGrid"	"IFIT3"
"M2"	"BioGrid"	"IFIT1"
"M2"	"BioGrid"	"RGS1"
"M2"	"BioGrid"	"MOXD1"
"M2"	"BioGrid"	"PPFIA4"
"M2"	"BioGrid"	"BSN"
"M2"	"BioGrid"	"PTPRC"
"M2"	"BioGrid"	"KYNU"
"M2"	"BioGrid"	"OVOL1"
"M2"	"BioGrid"	"BCL11B"
"M2"	"BioGrid"	"PTGDS"
"M2"	"BioGrid"	"CYTIP"
"M2"	"BioGrid"	"ITK"
"M2"	"BioGrid"	"RIPOR2"
"M2"	"BioGrid"	"POU2AF1"
"M2"	"BioGrid"	"NRCAM"
"M2"	"BioGrid"	"COL2A1"
"M2"	"BioGrid"	"ZAP70"
"M2"	"BioGrid"	"LTB"
"M2"	"BioGrid"	"CD8A"
"M2"	"BioGrid"	"RND2"
"M2"	"BioGrid"	"CD2"
"M2"	"BioGrid"	"HLA-DQA1"
"M2"	"BioGrid"	"CD79B"
"M2"	"BioGrid"	"CCL21"
"M2"	"BioGrid"	"METTL27"
"M2"	"BioGrid"	"ZBP1"
"M2"	"BioGrid"	"ARTN"
"M2"	"BioGrid"	"RPS6KA6"
"M2"	"BioGrid"	"CD5"
"M2"	"BioGrid"	"CD22"
"M2"	"BioGrid"	"SLAMF6"
"M2"	"BioGrid"	"SLAMF7"
"M2"	"BioGrid"	"HK3"
"M2"	"BioGrid"	"IKZF3"
"M2"	"BioGrid"	"DERL3"
"M2"	"BioGrid"	"GZMA"
"M2"	"BioGrid"	"BATF2"
"M2"	"BioGrid"	"MX1"
"M2"	"BioGrid"	"HLA-DRB5"
"M2"	"BioGrid"	"PDE4B"
"M2"	"BioGrid"	"CD48"
"M2"	"BioGrid"	"TNFSF15"
"M2"	"BioGrid"	"CCL5"
"M2"	"BioGrid"	"LINGO1"
"M2"	"BioGrid"	"IL24"
"M2"	"BioGrid"	"SH2D2A"
"M2"	"BioGrid"	"F5"
"M2"	"BioGrid"	"ADORA1"
"M2"	"BioGrid"	"IL1B"
"M2"	"BioGrid"	"CSTA"
"M2"	"BioGrid"	"HLA-DQA2"
"M2"	"BioGrid"	"CD79A"
"M2"	"BioGrid"	"CD3D"
"M2"	"BioGrid"	"HLA-G"
"M2"	"BioGrid"	"RAB3B"
"M2"	"BioGrid"	"KLRD1"
"M2"	"BioGrid"	"CCL22"
"M2"	"BioGrid"	"BST2"
"M2"	"BioGrid"	"ETV7"
"M2"	"BioGrid"	"CD3G"
"M2"	"BioGrid"	"SIGLEC8"
"M2"	"BioGrid"	"GBP1"
"M2"	"BioGrid"	"CLIC3"
"M2"	"BioGrid"	"IFI6"
"M2"	"BioGrid"	"OSM"
"M2"	"BioGrid"	"GNLY"
"M2"	"BioGrid"	"OAS2"
"M2"	"BioGrid"	"PLA1A"
"M2"	"BioGrid"	"XAF1"
"M2"	"BioGrid"	"NLRP2"
"M2"	"BioGrid"	"GZMK"
"M2"	"BioGrid"	"CD38"
"M2"	"BioGrid"	"SELE"
"M2"	"BioGrid"	"CD209"
"M2"	"BioGrid"	"ASCL2"
"M2"	"BioGrid"	"CD7"
"M2"	"BioGrid"	"IL21R"
"M2"	"BioGrid"	"HERC6"
"M2"	"BioGrid"	"MMP25"
"M2"	"BioGrid"	"SECTM1"
"M2"	"BioGrid"	"MRC1"
"M2"	"BioGrid"	"RNF39"
"M2"	"BioGrid"	"TRIM17"
"M2"	"BioGrid"	"PRF1"
"M2"	"BioGrid"	"CXCL11"
"M2"	"BioGrid"	"CXCL9"
"M2"	"BioGrid"	"IFI27"
"M2"	"BioGrid"	"TIGIT"
"M2"	"BioGrid"	"APOL4"
"M2"	"BioGrid"	"RNF128"
"M2"	"BioGrid"	"MPPED2"
"M2"	"BioGrid"	"LAMP3"
"M2"	"BioGrid"	"MYCL"
"M2"	"BioGrid"	"CD69"
"M2"	"BioGrid"	"FCMR"
"M2"	"BioGrid"	"NKG7"
"M2"	"BioGrid"	"OASL"
"M2"	"BioGrid"	"PAQR5"
"M2"	"BioGrid"	"EXTL1"
"M2"	"BioGrid"	"GBP5"
"M2"	"BioGrid"	"EGFL6"
"M2"	"BioGrid"	"SPOCK2"
"M2"	"BioGrid"	"LRRN2"
"M2"	"BioGrid"	"MTCL1"
"M2"	"BioGrid_Yeast"	"PRKAA2"
"M2"	"BioGrid_Yeast"	"PRKACB"
"M2"	"BioGrid_Yeast"	"IDO1"
"M2"	"BioGrid_Yeast"	"KYNU"
"M2"	"BioGrid_Yeast"	"KMO"
"M2"	"INNATEDB"	"LCK"
"M2"	"INNATEDB"	"LYZ"
"M2"	"INNATEDB"	"ISG15"
"M2"	"INNATEDB"	"LTF"
"M2"	"INNATEDB"	"IL7R"
"M2"	"INNATEDB"	"C3"
"M2"	"INNATEDB"	"BCL2A1"
"M2"	"INNATEDB"	"BIRC3"
"M2"	"INNATEDB"	"IRF4"
"M2"	"INNATEDB"	"MMP9"
"M2"	"INNATEDB"	"IL2RG"
"M2"	"INNATEDB"	"HDAC9"
"M2"	"INNATEDB"	"PRKCB"
"M2"	"INNATEDB"	"CCR5"
"M2"	"INNATEDB"	"OAS1"
"M2"	"INNATEDB"	"ENO2"
"M2"	"INNATEDB"	"CCR7"
"M2"	"INNATEDB"	"SELL"
"M2"	"INNATEDB"	"CCR4"
"M2"	"INNATEDB"	"CCL19"
"M2"	"INNATEDB"	"IL2RB"
"M2"	"INNATEDB"	"IDO1"
"M2"	"INNATEDB"	"IFIT3"
"M2"	"INNATEDB"	"IFIT1"
"M2"	"INNATEDB"	"CCR2"
"M2"	"INNATEDB"	"BCL11B"
"M2"	"INNATEDB"	"CYTIP"
"M2"	"INNATEDB"	"ITK"
"M2"	"INNATEDB"	"ZAP70"
"M2"	"INNATEDB"	"RSAD2"
"M2"	"INNATEDB"	"LTB"
"M2"	"INNATEDB"	"ZBP1"
"M2"	"INNATEDB"	"CD5"
"M2"	"INNATEDB"	"CD22"
"M2"	"INNATEDB"	"IKZF3"
"M2"	"INNATEDB"	"KSR2"
"M2"	"INNATEDB"	"GZMA"
"M2"	"INNATEDB"	"BATF2"
"M2"	"INNATEDB"	"RASGRP1"
"M2"	"INNATEDB"	"MX1"
"M2"	"INNATEDB"	"RBP5"
"M2"	"INNATEDB"	"TNFSF15"
"M2"	"INNATEDB"	"IFITM1"
"M2"	"INNATEDB"	"TFPI2"
"M2"	"INNATEDB"	"IL1B"
"M2"	"INNATEDB"	"KLRD1"
"M2"	"INNATEDB"	"CCL22"
"M2"	"INNATEDB"	"CXCL10"
"M2"	"INNATEDB"	"ETV7"
"M2"	"INNATEDB"	"CD3G"
"M2"	"INNATEDB"	"GBP1"
"M2"	"INNATEDB"	"IFI6"
"M2"	"INNATEDB"	"OSM"
"M2"	"INNATEDB"	"OAS2"
"M2"	"INNATEDB"	"XAF1"
"M2"	"INNATEDB"	"NLRP2"
"M2"	"INNATEDB"	"GZMK"
"M2"	"INNATEDB"	"CD38"
"M2"	"INNATEDB"	"SELE"
"M2"	"INNATEDB"	"IL21R"
"M2"	"INNATEDB"	"HERC6"
"M2"	"INNATEDB"	"MMP25"
"M2"	"INNATEDB"	"PRF1"
"M2"	"INNATEDB"	"CXCL11"
"M2"	"INNATEDB"	"ERAP2"
"M2"	"INNATEDB"	"CXCL9"
"M2"	"INNATEDB"	"KBTBD11"
"M2"	"INNATEDB"	"TIGIT"
"M2"	"INNATEDB"	"APOL4"
"M2"	"INNATEDB"	"PDE3B"
"M2"	"INNATEDB"	"RTP4"
"M2"	"INNATEDB"	"LAG3"
"M2"	"INNATEDB"	"CD69"
"M2"	"BCI"	"CD247"
"M2"	"BCI"	"PRKACB"
"M2"	"BCI"	"LCK"
"M2"	"BCI"	"IL7R"
"M2"	"BCI"	"BCL2A1"
"M2"	"BCI"	"BIRC3"
"M2"	"BCI"	"IRF4"
"M2"	"BCI"	"MMP9"
"M2"	"BCI"	"IL2RG"
"M2"	"BCI"	"HDAC9"
"M2"	"BCI"	"PRKCB"
"M2"	"BCI"	"CD3E"
"M2"	"BCI"	"CD27"
"M2"	"BCI"	"MATK"
"M2"	"BCI"	"CD6"
"M2"	"BCI"	"CCR7"
"M2"	"BCI"	"SELL"
"M2"	"BCI"	"CCL19"
"M2"	"BCI"	"IL2RB"
"M2"	"BCI"	"CXCR3"
"M2"	"BCI"	"IFIT1"
"M2"	"BCI"	"RGS1"
"M2"	"BCI"	"PTPRC"
"M2"	"BCI"	"PTGDS"
"M2"	"BCI"	"ITK"
"M2"	"BCI"	"POU2AF1"
"M2"	"BCI"	"COL2A1"
"M2"	"BCI"	"ZAP70"
"M2"	"BCI"	"LTB"
"M2"	"BCI"	"CD8A"
"M2"	"BCI"	"CD2"
"M2"	"BCI"	"CD79B"
"M2"	"BCI"	"CCL21"
"M2"	"BCI"	"CD5"
"M2"	"BCI"	"HK3"
"M2"	"BCI"	"GZMA"
"M2"	"BCI"	"MX1"
"M2"	"BCI"	"PDE4B"
"M2"	"BCI"	"CD48"
"M2"	"BCI"	"CCL5"
"M2"	"BCI"	"IL1B"
"M2"	"BCI"	"CSTA"
"M2"	"BCI"	"CD79A"
"M2"	"BCI"	"CD3D"
"M2"	"BCI"	"HLA-G"
"M2"	"BCI"	"CCL22"
"M2"	"BCI"	"CD38"
"M2"	"BCI"	"CD7"
"M2"	"BCI"	"IL1RN"
"M2"	"BCI"	"LAG3"
"M2"	"BCI"	"SPOCK2"
"M2"	"BioGrid_Mouse"	"CD247"
"M2"	"BioGrid_Mouse"	"LCK"
"M2"	"BioGrid_Mouse"	"ISG15"
"M2"	"BioGrid_Mouse"	"BIRC3"
"M2"	"BioGrid_Mouse"	"IRF4"
"M2"	"BioGrid_Mouse"	"MMP9"
"M2"	"BioGrid_Mouse"	"CD3E"
"M2"	"BioGrid_Mouse"	"CD27"
"M2"	"BioGrid_Mouse"	"IDO1"
"M2"	"BioGrid_Mouse"	"PTPRC"
"M2"	"BioGrid_Mouse"	"BCL11B"
"M2"	"BioGrid_Mouse"	"RIPOR2"
"M2"	"BioGrid_Mouse"	"NRCAM"
"M2"	"BioGrid_Mouse"	"ZAP70"
"M2"	"BioGrid_Mouse"	"RSAD2"
"M2"	"BioGrid_Mouse"	"ARTN"
"M2"	"BioGrid_Mouse"	"IKZF3"
"M2"	"BioGrid_Mouse"	"IL1B"
"M2"	"BioGrid_Mouse"	"HLA-DQB1"
"M2"	"BioGrid_Mouse"	"CD79A"
"M2"	"BioGrid_Mouse"	"CD3D"
"M2"	"BioGrid_Mouse"	"CD38"
"M2"	"BioGrid_Mouse"	"MYCL"
"M2"	"BioGrid_Mouse"	"ANKRD22"
"M2"	"INNATEDB_Mouse"	"LCK"
"M2"	"INNATEDB_Mouse"	"ISG15"
"M2"	"INNATEDB_Mouse"	"SPP1"
"M2"	"INNATEDB_Mouse"	"IL7R"
"M2"	"INNATEDB_Mouse"	"C3"
"M2"	"INNATEDB_Mouse"	"BIRC3"
"M2"	"INNATEDB_Mouse"	"IRF4"
"M2"	"INNATEDB_Mouse"	"IL2RG"
"M2"	"INNATEDB_Mouse"	"PRKCB"
"M2"	"INNATEDB_Mouse"	"CCR5"
"M2"	"INNATEDB_Mouse"	"CD27"
"M2"	"INNATEDB_Mouse"	"CD6"
"M2"	"INNATEDB_Mouse"	"CCR7"
"M2"	"INNATEDB_Mouse"	"SELL"
"M2"	"INNATEDB_Mouse"	"IL2RB"
"M2"	"INNATEDB_Mouse"	"IDO1"
"M2"	"INNATEDB_Mouse"	"CXCR3"
"M2"	"INNATEDB_Mouse"	"KYNU"
"M2"	"INNATEDB_Mouse"	"BCL11B"
"M2"	"INNATEDB_Mouse"	"PTGDS"
"M2"	"INNATEDB_Mouse"	"ITK"
"M2"	"INNATEDB_Mouse"	"ZAP70"
"M2"	"INNATEDB_Mouse"	"CMPK2"
"M2"	"INNATEDB_Mouse"	"RSAD2"
"M2"	"INNATEDB_Mouse"	"ZBP1"
"M2"	"INNATEDB_Mouse"	"CD22"
"M2"	"INNATEDB_Mouse"	"HK3"
"M2"	"INNATEDB_Mouse"	"CCL5"
"M2"	"INNATEDB_Mouse"	"IL24"
"M2"	"INNATEDB_Mouse"	"IL1B"
"M2"	"INNATEDB_Mouse"	"CD79A"
"M2"	"INNATEDB_Mouse"	"MRC1"
"M2"	"INNATEDB_Mouse"	"PRF1"
"M2"	"INNATEDB_Mouse"	"MZB1"
"M2"	"INNATEDB_Mouse"	"RTP4"
"M2"	"INNATEDB_Mouse"	"JAML"
"M2"	"IntAct_Yeast"	"PRKAA2"
"M2"	"IntAct_Yeast"	"PRKACB"
"M2"	"IntAct_Yeast"	"KYNU"
"M2"	"IntAct_Yeast"	"KMO"
"M2"	"MINT_Yeast"	"PRKAA2"
"M2"	"MINT_Yeast"	"PRKACB"
"M2"	"MINT"	"RADIL"
"M2"	"MINT"	"CD247"
"M2"	"MINT"	"PRKAA2"
"M2"	"MINT"	"PRKACB"
"M2"	"MINT"	"LCK"
"M2"	"MINT"	"LYZ"
"M2"	"MINT"	"ISG15"
"M2"	"MINT"	"SPP1"
"M2"	"MINT"	"WNK2"
"M2"	"MINT"	"CD3E"
"M2"	"MINT"	"CCR5"
"M2"	"MINT"	"ENO2"
"M2"	"MINT"	"CD6"
"M2"	"MINT"	"CXCL13"
"M2"	"MINT"	"IL2RB"
"M2"	"MINT"	"IFIT3"
"M2"	"MINT"	"RGS1"
"M2"	"MINT"	"PPFIA4"
"M2"	"MINT"	"PTPRC"
"M2"	"MINT"	"BCL11B"
"M2"	"MINT"	"ITK"
"M2"	"MINT"	"COL2A1"
"M2"	"MINT"	"ZAP70"
"M2"	"MINT"	"CD2"
"M2"	"MINT"	"HLA-DQA1"
"M2"	"MINT"	"LILRB5"
"M2"	"MINT"	"CTSW"
"M2"	"MINT"	"CCL21"
"M2"	"MINT"	"ZBP1"
"M2"	"MINT"	"RPS6KA6"
"M2"	"MINT"	"CD5"
"M2"	"MINT"	"CD22"
"M2"	"MINT"	"IKZF3"
"M2"	"MINT"	"KSR2"
"M2"	"MINT"	"CCL5"
"M2"	"MINT"	"LINGO1"
"M2"	"MINT"	"SH2D2A"
"M2"	"MINT"	"IL1B"
"M2"	"MINT"	"CSTA"
"M2"	"MINT"	"CD3D"
"M2"	"MINT"	"GBP1"
"M2"	"MINT"	"SELE"
"M2"	"MINT"	"CST7"
"M2"	"MINT"	"CD7"
"M2"	"MINT"	"TRIM17"
"M2"	"MINT"	"BMP8B"
"M2"	"MINT"	"PPP1R9A"
"M2"	"MINT"	"LAMP3"
"M2"	"MINT"	"EGFL6"
"M2"	"IntAct_Mouse"	"LCK"
"M2"	"IntAct_Mouse"	"ISG15"
"M2"	"IntAct_Mouse"	"BIRC3"
"M2"	"IntAct_Mouse"	"IL2RG"
"M2"	"IntAct_Mouse"	"HDAC9"
"M2"	"IntAct_Mouse"	"PRKCB"
"M2"	"IntAct_Mouse"	"CD27"
"M2"	"IntAct_Mouse"	"EFNB3"
"M2"	"IntAct_Mouse"	"IDO1"
"M2"	"IntAct_Mouse"	"GLRB"
"M2"	"IntAct_Mouse"	"BSN"
"M2"	"IntAct_Mouse"	"NRCAM"
"M2"	"IntAct_Mouse"	"COL2A1"
"M2"	"IntAct_Mouse"	"ZAP70"
"M2"	"IntAct_Mouse"	"LTB"
"M2"	"IntAct_Mouse"	"CD8A"
"M2"	"IntAct_Mouse"	"HLA-DQA1"
"M2"	"IntAct_Mouse"	"CD22"
"M2"	"IntAct_Mouse"	"HLA-DRB5"
"M2"	"IntAct_Mouse"	"MRC1"
"M2"	"MINT_Mouse"	"LCK"
"M2"	"MINT_Mouse"	"BIRC3"
"M2"	"MINT_Mouse"	"EFNB3"
"M2"	"MINT_Mouse"	"GLRB"
"M2"	"MINT_Mouse"	"RGS1"
"M2"	"MINT_Mouse"	"ITK"
"M2"	"MINT_Mouse"	"NRCAM"
"M2"	"MINT_Mouse"	"CD8A"
"M2"	"MINT_Mouse"	"HLA-DQA1"
"M2"	"MINT_Mouse"	"CD22"
"M2"	"DIP"	"LCK"
"M2"	"DIP"	"ISG15"
"M2"	"DIP"	"MMP9"
"M2"	"DIP"	"IL2RG"
"M2"	"DIP"	"HDAC9"
"M2"	"DIP"	"PRKCB"
"M2"	"DIP"	"CCR5"
"M2"	"DIP"	"EFNB3"
"M2"	"DIP"	"CXCL13"
"M2"	"DIP"	"CCR7"
"M2"	"DIP"	"CCR4"
"M2"	"DIP"	"CCL19"
"M2"	"DIP"	"IL2RB"
"M2"	"DIP"	"CXCR3"
"M2"	"DIP"	"IFIT1"
"M2"	"DIP"	"CASKIN1"
"M2"	"DIP"	"PTPRC"
"M2"	"DIP"	"CCR2"
"M2"	"DIP"	"BCL11B"
"M2"	"DIP"	"ITK"
"M2"	"DIP"	"ZAP70"
"M2"	"DIP"	"CD79B"
"M2"	"DIP"	"CCL21"
"M2"	"DIP"	"ZBP1"
"M2"	"DIP"	"ARTN"
"M2"	"DIP"	"CD5"
"M2"	"DIP"	"MX1"
"M2"	"DIP"	"TNFSF15"
"M2"	"DIP"	"CCL5"
"M2"	"DIP"	"LINGO1"
"M2"	"DIP"	"IL1B"
"M2"	"DIP"	"HLA-G"
"M2"	"DIP"	"CCL22"
"M2"	"DIP"	"CXCL10"
"M2"	"DIP"	"BST2"
"M2"	"DIP"	"GBP1"
"M2"	"DIP"	"SELE"
"M2"	"DIP"	"PRF1"
"M2"	"DIP"	"CXCL11"
"M2"	"DIP"	"CXCL9"
"M2"	"DIP"	"IL1RN"
"M2"	"StelzlMedium"	"ENO2"
"M2"	"StelzlMedium"	"CXCL13"
"M2"	"StelzlMedium"	"RGS1"
"M2"	"StelzlMedium"	"HLA-DQA1"
"M2"	"StelzlMedium"	"RPS6KA6"
"M2"	"DIP_Mouse"	"IRF4"
"M2"	"DIP_Mouse"	"IDO1"
"M2"	"DIP_Mouse"	"CD79B"
"M2"	"DIP_Mouse"	"ZBP1"
"M2"	"DIP_Mouse"	"LINGO1"
"M2"	"DIP_Mouse"	"CD79A"
"M2"	"DIP_Mouse"	"OSM"
"M2"	"DIP_Mouse"	"CD38"
"M2"	"DIP_Mouse"	"SELE"
"M2"	"DIP_Mouse"	"PRF1"
"M2"	"DIP_Mouse"	"JAML"
"M2"	"BioGrid_Rat"	"PRKAA2"
"M2"	"BioGrid_Rat"	"SPP1"
"M2"	"BioGrid_Rat"	"PRKCB"
"M2"	"BioGrid_Rat"	"GLRB"
"M2"	"BioGrid_Rat"	"CASKIN1"
"M2"	"BioGrid_Rat"	"HK3"
"M2"	"VidalHuman_core"	"RADIL"
"M2"	"VidalHuman_core"	"ISG15"
"M2"	"VidalHuman_core"	"SPP1"
"M2"	"VidalHuman_core"	"IRF4"
"M2"	"VidalHuman_core"	"IFIT3"
"M2"	"VidalHuman_core"	"IFIT1"
"M2"	"VidalHuman_core"	"TRIM17"
"M2"	"IntAct_Fly"	"PRKACB"
"M2"	"IntAct_Fly"	"MOXD1"
"M2"	"IntAct_Fly"	"NRCAM"
"M2"	"BIND_Rat"	"C3"
"M2"	"BIND_Rat"	"PRKCB"
"M2"	"BIND_Rat"	"MATK"
"M2"	"BIND_Rat"	"CD2"
"M2"	"BIND_Rat"	"CD48"
"M2"	"BIND_Rat"	"ADORA1"
"M2"	"BIND_Rat"	"PPP1R9A"
"M2"	"SOURAV_MAPK_LOW"	"PRKCB"
"M2"	"Yeast_Kinome"	"PRKAA2"
"M2"	"Yeast_Kinome"	"PRKACB"
"M2"	"VidalHuman_non_core"	"IL2RG"
"M2"	"VidalHuman_non_core"	"IFIT3"
"M2"	"VidalHuman_non_core"	"IFIT1"
"M2"	"VidalHuman_non_core"	"PTGDS"
"M2"	"BIND"	"MEGF10"
"M2"	"BIND"	"LCK"
"M2"	"BIND"	"C3"
"M2"	"BIND"	"BIRC3"
"M2"	"BIND"	"MMP9"
"M2"	"BIND"	"HDAC9"
"M2"	"BIND"	"ENO2"
"M2"	"BIND"	"SELL"
"M2"	"BIND"	"IL2RB"
"M2"	"BIND"	"PTPRC"
"M2"	"BIND"	"CCR2"
"M2"	"BIND"	"BCL11B"
"M2"	"BIND"	"ITK"
"M2"	"BIND"	"NRCAM"
"M2"	"BIND"	"ZAP70"
"M2"	"BIND"	"CD8A"
"M2"	"BIND"	"CD2"
"M2"	"BIND"	"CD22"
"M2"	"BIND"	"HK3"
"M2"	"BIND"	"MX1"
"M2"	"BIND"	"HLA-DRB5"
"M2"	"BIND"	"PDE4B"
"M2"	"BIND"	"CCL5"
"M2"	"BIND"	"LINGO1"
"M2"	"BIND"	"SH2D2A"
"M2"	"BIND"	"F5"
"M2"	"BIND"	"CSTA"
"M2"	"BIND"	"CD3D"
"M2"	"BIND"	"CXCL10"
"M2"	"BIND"	"CD38"
"M2"	"BIND"	"CD209"
"M2"	"BIND"	"IL1RN"
"M2"	"BIND"	"CD69"
"M2"	"BIND_Yeast"	"PRKAA2"
"M2"	"BIND_Yeast"	"PRKACB"
"M2"	"Krogan_Core"	"PRKAA2"
"M2"	"Krogan_Core"	"PRKACB"
"M2"	"MIPS"	"PRKAA2"
"M2"	"MIPS"	"PRKACB"
"M2"	"YeastLow"	"PRKAA2"
"M2"	"YeastLow"	"PRKACB"
"M2"	"YeastLow"	"KYNU"
"M2"	"YeastLow"	"KMO"
"M2"	"BIND_Mouse"	"CD247"
"M2"	"BIND_Mouse"	"PRKAA2"
"M2"	"BIND_Mouse"	"LCK"
"M2"	"BIND_Mouse"	"IL2RG"
"M2"	"BIND_Mouse"	"CD3E"
"M2"	"BIND_Mouse"	"CCR5"
"M2"	"BIND_Mouse"	"CCR2"
"M2"	"BIND_Mouse"	"HLA-DQA1"
"M2"	"BIND_Mouse"	"CD22"
"M2"	"BIND_Mouse"	"HLA-G"
"M2"	"BIND_Mouse"	"CD3G"
"M2"	"YeastMedium"	"KYNU"
"M2"	"IntAct_Rat"	"SPP1"
"M2"	"IntAct_Rat"	"PTPRC"
"M2"	"IntAct_Rat"	"RPS6KA6"
"M2"	"IntAct_Rat"	"ADORA1"
"M2"	"IntAct_Rat"	"PPP1R9A"
"M2"	"IntAct_Rat"	"COBL"
"M2"	"BioGrid_Fly"	"PRKACB"
"M2"	"BioGrid_Fly"	"MOXD1"
"M2"	"BioGrid_Fly"	"NRCAM"
"M2"	"YeastHigh"	"PRKACB"
"M2"	"Yu_GoldStd"	"PRKAA2"
"M2"	"Yu_GoldStd"	"PRKACB"
"M2"	"DIP_Yeast"	"PRKAA2"
"M2"	"DIP_Yeast"	"PRKACB"
"M2"	"DIP_Yeast"	"KMO"
"M2"	"ShawnLi"	"IL2RG"
"M2"	"ShawnLi"	"PPFIA4"
"M2"	"StelzlHigh"	"ENO2"
"M2"	"StelzlHigh"	"HLA-DQA1"
"M2"	"StelzlLow"	"CSTA"
"M2"	"Tarassov_PCA"	"PRKACB"
"M2"	"I2D-text_mining-c"	"CSTA"
"M2"	"MINT_Rat"	"ADORA1"
"M2"	"MINT_Rat"	"PPP1R9A"
"M2"	"MINT_Rat"	"COBL"
"M2"	"DIP_Fly"	"MOXD1"
"M2"	"DIP_Fly"	"NRCAM"
"M2"	"I2D-c_Rat"	"ADORA1"
"M2"	"Krogan_NonCore"	"PRKAA2"
"M2"	"Krogan_NonCore"	"KYNU"
"M2"	"IntAct_Worm"	"PRKACB"
"M2"	"MINT_Fly"	"MOXD1"
"M2"	"I2D-c_Fiona_HUMAN"	"MMP9"
"M2"	"BioGrid_Worm"	"PRKAA2"
"M2"	"BIND_Worm"	"PRKAA2"
"M2"	"MINT_Worm"	"PRKAA2"
"M2"	"MGI"	"PRKCB"
"M2"	"MGI"	"WNT3"
"M2"	"MGI"	"RAB3B"
"M3"	"BioGrid_Mouse"	"E2F8"
"M3"	"BioGrid_Mouse"	"ESRRG"
"M3"	"BioGrid_Mouse"	"PLK1"
"M3"	"BioGrid_Mouse"	"BTG2"
"M3"	"BioGrid_Mouse"	"MAOA"
"M3"	"BioGrid_Mouse"	"NKX3-1"
"M3"	"BioGrid_Mouse"	"KCNMA1"
"M3"	"BioGrid_Mouse"	"AURKB"
"M3"	"BioGrid_Mouse"	"RRM2"
"M3"	"BioGrid_Mouse"	"UBE2C"
"M3"	"BioGrid_Mouse"	"NTRK2"
"M3"	"BioGrid_Mouse"	"CDC20"
"M3"	"BioGrid_Mouse"	"E2F2"
"M3"	"BioGrid_Mouse"	"LRP8"
"M3"	"BioGrid_Mouse"	"CBX2"
"M3"	"BioGrid_Mouse"	"NTN4"
"M3"	"BioGrid_Mouse"	"ZBTB7C"
"M3"	"BioGrid_Mouse"	"CDC6"
"M3"	"BioGrid_Mouse"	"MYBL2"
"M3"	"BioGrid_Mouse"	"CSF3R"
"M3"	"BioGrid_Mouse"	"MELK"
"M3"	"BioGrid_Mouse"	"SHC2"
"M3"	"BioGrid_Mouse"	"ADRA2A"
"M3"	"BioGrid_Mouse"	"FOXM1"
"M3"	"BioGrid_Mouse"	"FRZB"
"M3"	"BioGrid_Mouse"	"HES6"
"M3"	"IntAct_Mouse"	"E2F8"
"M3"	"IntAct_Mouse"	"ESRRG"
"M3"	"IntAct_Mouse"	"PLK1"
"M3"	"IntAct_Mouse"	"CLU"
"M3"	"IntAct_Mouse"	"APLP1"
"M3"	"IntAct_Mouse"	"KCNMA1"
"M3"	"IntAct_Mouse"	"FMO5"
"M3"	"IntAct_Mouse"	"RRM2"
"M3"	"IntAct_Mouse"	"NTRK2"
"M3"	"IntAct_Mouse"	"TOP2A"
"M3"	"IntAct_Mouse"	"NDC80"
"M3"	"IntAct_Mouse"	"LRP2"
"M3"	"IntAct_Mouse"	"TNIK"
"M3"	"IntAct_Mouse"	"CBX2"
"M3"	"IntAct_Mouse"	"NR4A2"
"M3"	"IntAct_Mouse"	"NOSTRIN"
"M3"	"IntAct_Mouse"	"HSPA4L"
"M3"	"IntAct_Mouse"	"SLC40A1"
"M3"	"IntAct_Mouse"	"SLC1A1"
"M3"	"IntAct_Mouse"	"LRRC4C"
"M3"	"IntAct"	"E2F8"
"M3"	"IntAct"	"E2F7"
"M3"	"IntAct"	"ESRRG"
"M3"	"IntAct"	"PLK1"
"M3"	"IntAct"	"BTG2"
"M3"	"IntAct"	"PBK"
"M3"	"IntAct"	"SIM2"
"M3"	"IntAct"	"MAOA"
"M3"	"IntAct"	"CLU"
"M3"	"IntAct"	"PIP"
"M3"	"IntAct"	"IQGAP2"
"M3"	"IntAct"	"BIRC5"
"M3"	"IntAct"	"APLP1"
"M3"	"IntAct"	"IGSF21"
"M3"	"IntAct"	"CCNE1"
"M3"	"IntAct"	"FAM189A2"
"M3"	"IntAct"	"MCM10"
"M3"	"IntAct"	"CLSPN"
"M3"	"IntAct"	"ORC6"
"M3"	"IntAct"	"AURKB"
"M3"	"IntAct"	"RRM2"
"M3"	"IntAct"	"CENPA"
"M3"	"IntAct"	"UBE2C"
"M3"	"IntAct"	"NTRK2"
"M3"	"IntAct"	"TOP2A"
"M3"	"IntAct"	"FAM83D"
"M3"	"IntAct"	"CDC20"
"M3"	"IntAct"	"E2F2"
"M3"	"IntAct"	"LRP8"
"M3"	"IntAct"	"CDC45"
"M3"	"IntAct"	"NDC80"
"M3"	"IntAct"	"SKA1"
"M3"	"IntAct"	"MMP1"
"M3"	"IntAct"	"LRP2"
"M3"	"IntAct"	"TGFBR3"
"M3"	"IntAct"	"TNIK"
"M3"	"IntAct"	"CDC25A"
"M3"	"IntAct"	"CBX2"
"M3"	"IntAct"	"NTN4"
"M3"	"IntAct"	"CTSV"
"M3"	"IntAct"	"DUSP4"
"M3"	"IntAct"	"PRSS23"
"M3"	"IntAct"	"TUBB3"
"M3"	"IntAct"	"KIF14"
"M3"	"IntAct"	"CHRD"
"M3"	"IntAct"	"CDC6"
"M3"	"IntAct"	"NR4A2"
"M3"	"IntAct"	"SGO1"
"M3"	"IntAct"	"TDO2"
"M3"	"IntAct"	"NOSTRIN"
"M3"	"IntAct"	"HSPA4L"
"M3"	"IntAct"	"MYBL2"
"M3"	"IntAct"	"CSF3R"
"M3"	"IntAct"	"SLC40A1"
"M3"	"IntAct"	"AK5"
"M3"	"IntAct"	"MELK"
"M3"	"IntAct"	"SLC1A1"
"M3"	"IntAct"	"BNIPL"
"M3"	"IntAct"	"DNAJC6"
"M3"	"IntAct"	"TTK"
"M3"	"IntAct"	"KIF20A"
"M3"	"IntAct"	"CDCA2"
"M3"	"IntAct"	"CMYA5"
"M3"	"IntAct"	"TFAP2B"
"M3"	"IntAct"	"CXCL14"
"M3"	"IntAct"	"MUC1"
"M3"	"IntAct"	"SHC2"
"M3"	"IntAct"	"PLAT"
"M3"	"IntAct"	"CFB"
"M3"	"IntAct"	"C4A"
"M3"	"IntAct"	"SPTBN2"
"M3"	"IntAct"	"COL4A5"
"M3"	"IntAct"	"MUCL1"
"M3"	"IntAct"	"ADRA2A"
"M3"	"IntAct"	"MSI1"
"M3"	"IntAct"	"CTF1"
"M3"	"IntAct"	"SH3RF2"
"M3"	"IntAct"	"RASL10B"
"M3"	"IntAct"	"KIF2C"
"M3"	"IntAct"	"PIMREG"
"M3"	"IntAct"	"CDCA7"
"M3"	"IntAct"	"INHBB"
"M3"	"IntAct"	"TROAP"
"M3"	"IntAct"	"FOXM1"
"M3"	"IntAct"	"HJURP"
"M3"	"IntAct"	"NUF2"
"M3"	"IntAct"	"ASPM"
"M3"	"IntAct"	"EXO1"
"M3"	"IntAct"	"MAOB"
"M3"	"IntAct"	"FAM129A"
"M3"	"IntAct"	"SEPT3"
"M3"	"IntAct"	"SCGB2A2"
"M3"	"IntAct"	"RCOR2"
"M3"	"IntAct"	"FRZB"
"M3"	"IntAct"	"CSRNP3"
"M3"	"IntAct"	"PIF1"
"M3"	"IntAct"	"CYBRD1"
"M3"	"IntAct"	"ZBTB18"
"M3"	"IntAct"	"LRRC4C"
"M3"	"IntAct"	"JPH1"
"M3"	"IntAct"	"FCGBP"
"M3"	"IntAct"	"ABO"
"M3"	"IntAct"	"DEPDC1B"
"M3"	"IntAct"	"MTFR2"
"M3"	"IntAct"	"SEMA3E"
"M3"	"BioGrid"	"E2F8"
"M3"	"BioGrid"	"E2F7"
"M3"	"BioGrid"	"ESRRG"
"M3"	"BioGrid"	"PLK1"
"M3"	"BioGrid"	"BTG2"
"M3"	"BioGrid"	"PBK"
"M3"	"BioGrid"	"SIM2"
"M3"	"BioGrid"	"NKX3-1"
"M3"	"BioGrid"	"CLU"
"M3"	"BioGrid"	"BIRC5"
"M3"	"BioGrid"	"APLP1"
"M3"	"BioGrid"	"KCNMA1"
"M3"	"BioGrid"	"CCNE1"
"M3"	"BioGrid"	"ANLN"
"M3"	"BioGrid"	"FAM189A2"
"M3"	"BioGrid"	"MCM10"
"M3"	"BioGrid"	"CLSPN"
"M3"	"BioGrid"	"ORC6"
"M3"	"BioGrid"	"AURKB"
"M3"	"BioGrid"	"RRM2"
"M3"	"BioGrid"	"GPR37"
"M3"	"BioGrid"	"RTN1"
"M3"	"BioGrid"	"CENPA"
"M3"	"BioGrid"	"UBE2C"
"M3"	"BioGrid"	"NTRK2"
"M3"	"BioGrid"	"TOP2A"
"M3"	"BioGrid"	"FAM83D"
"M3"	"BioGrid"	"CDC20"
"M3"	"BioGrid"	"E2F2"
"M3"	"BioGrid"	"LRP8"
"M3"	"BioGrid"	"CDC45"
"M3"	"BioGrid"	"NDC80"
"M3"	"BioGrid"	"SKA1"
"M3"	"BioGrid"	"MMP1"
"M3"	"BioGrid"	"LRP2"
"M3"	"BioGrid"	"TGFBR3"
"M3"	"BioGrid"	"TNIK"
"M3"	"BioGrid"	"CDC25A"
"M3"	"BioGrid"	"CBX2"
"M3"	"BioGrid"	"ZBTB7C"
"M3"	"BioGrid"	"DUSP4"
"M3"	"BioGrid"	"PRSS23"
"M3"	"BioGrid"	"TUBB3"
"M3"	"BioGrid"	"PTGER3"
"M3"	"BioGrid"	"CHRD"
"M3"	"BioGrid"	"CDC6"
"M3"	"BioGrid"	"NR4A2"
"M3"	"BioGrid"	"SGO1"
"M3"	"BioGrid"	"TDO2"
"M3"	"BioGrid"	"NOSTRIN"
"M3"	"BioGrid"	"HSPA4L"
"M3"	"BioGrid"	"MYBL2"
"M3"	"BioGrid"	"CSF3R"
"M3"	"BioGrid"	"MELK"
"M3"	"BioGrid"	"SLC1A1"
"M3"	"BioGrid"	"BNIPL"
"M3"	"BioGrid"	"DNAJC6"
"M3"	"BioGrid"	"TTK"
"M3"	"BioGrid"	"KIF20A"
"M3"	"BioGrid"	"TFAP2B"
"M3"	"BioGrid"	"ADCY5"
"M3"	"BioGrid"	"CXCL14"
"M3"	"BioGrid"	"MUC1"
"M3"	"BioGrid"	"PLAT"
"M3"	"BioGrid"	"CFB"
"M3"	"BioGrid"	"C4A"
"M3"	"BioGrid"	"FMOD"
"M3"	"BioGrid"	"SPTBN2"
"M3"	"BioGrid"	"COL4A6"
"M3"	"BioGrid"	"ADRA2A"
"M3"	"BioGrid"	"MSI1"
"M3"	"BioGrid"	"HMGCS2"
"M3"	"BioGrid"	"CTF1"
"M3"	"BioGrid"	"PHYHD1"
"M3"	"BioGrid"	"TICRR"
"M3"	"BioGrid"	"VASH2"
"M3"	"BioGrid"	"SH3RF2"
"M3"	"BioGrid"	"HRASLS5"
"M3"	"BioGrid"	"RASL10B"
"M3"	"BioGrid"	"KIF2C"
"M3"	"BioGrid"	"PIMREG"
"M3"	"BioGrid"	"CDCA7"
"M3"	"BioGrid"	"MND1"
"M3"	"BioGrid"	"C1orf115"
"M3"	"BioGrid"	"RAI2"
"M3"	"BioGrid"	"INHBB"
"M3"	"BioGrid"	"TROAP"
"M3"	"BioGrid"	"FOXM1"
"M3"	"BioGrid"	"HJURP"
"M3"	"BioGrid"	"NUF2"
"M3"	"BioGrid"	"GPC4"
"M3"	"BioGrid"	"GSTM2"
"M3"	"BioGrid"	"CENPW"
"M3"	"BioGrid"	"MEX3A"
"M3"	"BioGrid"	"ME1"
"M3"	"BioGrid"	"EXO1"
"M3"	"BioGrid"	"MYBL1"
"M3"	"BioGrid"	"MAOB"
"M3"	"BioGrid"	"FAM129A"
"M3"	"BioGrid"	"SEPT3"
"M3"	"BioGrid"	"SCGB2A2"
"M3"	"BioGrid"	"LAMA3"
"M3"	"BioGrid"	"MS4A7"
"M3"	"BioGrid"	"FRZB"
"M3"	"BioGrid"	"B4GALNT1"
"M3"	"BioGrid"	"GALNT14"
"M3"	"BioGrid"	"ZBTB18"
"M3"	"BioGrid"	"ENTPD3"
"M3"	"BioGrid"	"GGH"
"M3"	"BioGrid"	"ABO"
"M3"	"BioGrid"	"CHAC1"
"M3"	"BioGrid"	"DEPDC1B"
"M3"	"MINT"	"E2F8"
"M3"	"MINT"	"ESRRG"
"M3"	"MINT"	"PLK1"
"M3"	"MINT"	"PBK"
"M3"	"MINT"	"IQGAP2"
"M3"	"MINT"	"BIRC5"
"M3"	"MINT"	"APLP1"
"M3"	"MINT"	"CCNE1"
"M3"	"MINT"	"FAM189A2"
"M3"	"MINT"	"MCM10"
"M3"	"MINT"	"CLSPN"
"M3"	"MINT"	"ORC6"
"M3"	"MINT"	"AURKB"
"M3"	"MINT"	"RTN1"
"M3"	"MINT"	"CENPA"
"M3"	"MINT"	"CDC20"
"M3"	"MINT"	"E2F2"
"M3"	"MINT"	"NDC80"
"M3"	"MINT"	"SKA1"
"M3"	"MINT"	"LRP2"
"M3"	"MINT"	"TGFBR3"
"M3"	"MINT"	"CDC25A"
"M3"	"MINT"	"CBX2"
"M3"	"MINT"	"NTN4"
"M3"	"MINT"	"DUSP4"
"M3"	"MINT"	"PRSS23"
"M3"	"MINT"	"TUBB3"
"M3"	"MINT"	"CDC6"
"M3"	"MINT"	"NOSTRIN"
"M3"	"MINT"	"MYBL2"
"M3"	"MINT"	"CSF3R"
"M3"	"MINT"	"DNAJC6"
"M3"	"MINT"	"TTK"
"M3"	"MINT"	"MUC1"
"M3"	"MINT"	"SHC2"
"M3"	"MINT"	"RAI2"
"M3"	"MINT"	"TROAP"
"M3"	"MINT"	"HJURP"
"M3"	"MINT"	"SEPT3"
"M3"	"MINT"	"LAMA3"
"M3"	"MINT"	"MS4A7"
"M3"	"MINT"	"FRZB"
"M3"	"MINT"	"CYBRD1"
"M3"	"MINT"	"LRRC4C"
"M3"	"MINT"	"CHAC1"
"M3"	"DIP_Fly"	"ESRRG"
"M3"	"DIP_Fly"	"PLK1"
"M3"	"DIP_Fly"	"PBK"
"M3"	"DIP_Fly"	"CCNE1"
"M3"	"DIP_Fly"	"CDC20"
"M3"	"DIP_Fly"	"CTSV"
"M3"	"MINT_Fly"	"PBK"
"M3"	"MINT_Fly"	"CCNE1"
"M3"	"HPRD"	"E2F7"
"M3"	"HPRD"	"ESRRG"
"M3"	"HPRD"	"PLK1"
"M3"	"HPRD"	"BTG2"
"M3"	"HPRD"	"PBK"
"M3"	"HPRD"	"SIM2"
"M3"	"HPRD"	"MAOA"
"M3"	"HPRD"	"NKX3-1"
"M3"	"HPRD"	"PIP"
"M3"	"HPRD"	"IQGAP2"
"M3"	"HPRD"	"BIRC5"
"M3"	"HPRD"	"APLP1"
"M3"	"HPRD"	"KCNMA1"
"M3"	"HPRD"	"CCNE1"
"M3"	"HPRD"	"ANLN"
"M3"	"HPRD"	"MCM10"
"M3"	"HPRD"	"CLSPN"
"M3"	"HPRD"	"ORC6"
"M3"	"HPRD"	"AURKB"
"M3"	"HPRD"	"GPR37"
"M3"	"HPRD"	"RTN1"
"M3"	"HPRD"	"CENPA"
"M3"	"HPRD"	"SEC14L2"
"M3"	"HPRD"	"UBE2C"
"M3"	"HPRD"	"NTRK2"
"M3"	"HPRD"	"TOP2A"
"M3"	"HPRD"	"CDC20"
"M3"	"HPRD"	"E2F2"
"M3"	"HPRD"	"LRP8"
"M3"	"HPRD"	"CDC45"
"M3"	"HPRD"	"NDC80"
"M3"	"HPRD"	"SKA1"
"M3"	"HPRD"	"MMP1"
"M3"	"HPRD"	"LRP2"
"M3"	"HPRD"	"TGFBR3"
"M3"	"HPRD"	"TNIK"
"M3"	"HPRD"	"CDC25A"
"M3"	"HPRD"	"CBX2"
"M3"	"HPRD"	"NTN4"
"M3"	"HPRD"	"DUSP4"
"M3"	"HPRD"	"TUBB3"
"M3"	"HPRD"	"CDC6"
"M3"	"HPRD"	"NR4A2"
"M3"	"HPRD"	"SGO1"
"M3"	"HPRD"	"TDO2"
"M3"	"HPRD"	"MYBL2"
"M3"	"HPRD"	"CSF3R"
"M3"	"HPRD"	"SLC40A1"
"M3"	"HPRD"	"AK5"
"M3"	"HPRD"	"MELK"
"M3"	"HPRD"	"BNIPL"
"M3"	"HPRD"	"DNAJC6"
"M3"	"HPRD"	"TTK"
"M3"	"HPRD"	"KIF20A"
"M3"	"HPRD"	"CMYA5"
"M3"	"HPRD"	"TFAP2B"
"M3"	"HPRD"	"ADCY5"
"M3"	"HPRD"	"SHC2"
"M3"	"HPRD"	"PLAT"
"M3"	"HPRD"	"CFB"
"M3"	"HPRD"	"C4A"
"M3"	"HPRD"	"FMOD"
"M3"	"HPRD"	"SPTBN2"
"M3"	"HPRD"	"COL4A5"
"M3"	"HPRD"	"COL4A6"
"M3"	"HPRD"	"ADRA2A"
"M3"	"HPRD"	"MSI1"
"M3"	"HPRD"	"CTF1"
"M3"	"HPRD"	"KIF2C"
"M3"	"HPRD"	"INHBB"
"M3"	"HPRD"	"TROAP"
"M3"	"HPRD"	"FOXM1"
"M3"	"HPRD"	"GPC4"
"M3"	"HPRD"	"GSTM2"
"M3"	"HPRD"	"ASPM"
"M3"	"HPRD"	"MAOB"
"M3"	"HPRD"	"POMK"
"M3"	"HPRD"	"B4GALNT1"
"M3"	"HPRD"	"GALNT14"
"M3"	"HPRD"	"HES6"
"M3"	"HPRD"	"ZBTB18"
"M3"	"HPRD"	"SCGB1D2"
"M3"	"HPRD"	"SLC7A11"
"M3"	"HPRD"	"LRRC4C"
"M3"	"HPRD"	"GGH"
"M3"	"BIND"	"PLK1"
"M3"	"BIND"	"PBK"
"M3"	"BIND"	"CLU"
"M3"	"BIND"	"IQGAP2"
"M3"	"BIND"	"BIRC5"
"M3"	"BIND"	"APLP1"
"M3"	"BIND"	"KCNMA1"
"M3"	"BIND"	"CCNE1"
"M3"	"BIND"	"ORC6"
"M3"	"BIND"	"RTN1"
"M3"	"BIND"	"UBE2C"
"M3"	"BIND"	"E2F2"
"M3"	"BIND"	"CDC45"
"M3"	"BIND"	"MMP1"
"M3"	"BIND"	"CDC6"
"M3"	"BIND"	"BNIPL"
"M3"	"BIND"	"UNC5C"
"M3"	"BIND"	"SHC2"
"M3"	"BIND"	"CFB"
"M3"	"BIND"	"ADRA2A"
"M3"	"BIND"	"F3"
"M3"	"BIND"	"GSTM2"
"M3"	"BIND"	"ME1"
"M3"	"BIND"	"EXO1"
"M3"	"BIND"	"MAOB"
"M3"	"BIND"	"GGH"
"M3"	"MGI"	"APLP1"
"M3"	"MGI"	"NTRK2"
"M3"	"MGI"	"LRP2"
"M3"	"MGI"	"UNC5C"
"M3"	"BioGrid_Fly"	"ESRRG"
"M3"	"BioGrid_Fly"	"PLK1"
"M3"	"BioGrid_Fly"	"PBK"
"M3"	"BioGrid_Fly"	"CCNE1"
"M3"	"BioGrid_Fly"	"RRM2"
"M3"	"BioGrid_Fly"	"UBE2C"
"M3"	"BioGrid_Fly"	"CDC20"
"M3"	"BioGrid_Fly"	"CDC45"
"M3"	"BioGrid_Fly"	"CTSV"
"M3"	"BioGrid_Fly"	"CHRD"
"M3"	"BioGrid_Fly"	"CDC6"
"M3"	"BioGrid_Fly"	"NOSTRIN"
"M3"	"BioGrid_Fly"	"SESN3"
"M3"	"BioGrid_Fly"	"ADCY5"
"M3"	"BioGrid_Fly"	"PHYHD1"
"M3"	"BioGrid_Fly"	"ME1"
"M3"	"BioGrid_Yeast"	"PLK1"
"M3"	"BioGrid_Yeast"	"AURKB"
"M3"	"BioGrid_Yeast"	"RRM2"
"M3"	"BioGrid_Yeast"	"SEC14L2"
"M3"	"BioGrid_Yeast"	"UBE2C"
"M3"	"BioGrid_Yeast"	"CDC20"
"M3"	"BioGrid_Yeast"	"CDC45"
"M3"	"IntAct_Yeast"	"PLK1"
"M3"	"IntAct_Yeast"	"AURKB"
"M3"	"IntAct_Yeast"	"RRM2"
"M3"	"IntAct_Yeast"	"SEC14L2"
"M3"	"IntAct_Yeast"	"CDC20"
"M3"	"IntAct_Yeast"	"CDC45"
"M3"	"MINT_Yeast"	"PLK1"
"M3"	"MINT_Yeast"	"AURKB"
"M3"	"MINT_Yeast"	"RRM2"
"M3"	"MINT_Yeast"	"SEC14L2"
"M3"	"MINT_Yeast"	"CDC20"
"M3"	"MINT_Yeast"	"CDC45"
"M3"	"DIP"	"PLK1"
"M3"	"DIP"	"IQGAP2"
"M3"	"DIP"	"APLP1"
"M3"	"DIP"	"KCNMA1"
"M3"	"DIP"	"CCNE1"
"M3"	"DIP"	"ORC6"
"M3"	"DIP"	"AURKB"
"M3"	"DIP"	"RRM2"
"M3"	"DIP"	"GPR37"
"M3"	"DIP"	"CENPA"
"M3"	"DIP"	"NTRK2"
"M3"	"DIP"	"TOP2A"
"M3"	"DIP"	"CDC20"
"M3"	"DIP"	"E2F2"
"M3"	"DIP"	"LRP8"
"M3"	"DIP"	"CDC45"
"M3"	"DIP"	"MMP1"
"M3"	"DIP"	"TGFBR3"
"M3"	"DIP"	"TNIK"
"M3"	"DIP"	"CDC25A"
"M3"	"DIP"	"CBX2"
"M3"	"DIP"	"CHRD"
"M3"	"DIP"	"CDC6"
"M3"	"DIP"	"SGO1"
"M3"	"DIP"	"CSF3R"
"M3"	"DIP"	"SCML2"
"M3"	"DIP"	"CFB"
"M3"	"DIP"	"CTF1"
"M3"	"DIP"	"PIMREG"
"M3"	"DIP"	"HJURP"
"M3"	"DIP"	"GSTM2"
"M3"	"DIP"	"EXO1"
"M3"	"DIP"	"MYBL1"
"M3"	"DIP"	"MYRF"
"M3"	"BCI"	"PLK1"
"M3"	"BCI"	"BTG2"
"M3"	"BCI"	"MAOA"
"M3"	"BCI"	"CLU"
"M3"	"BCI"	"BIRC5"
"M3"	"BCI"	"APLP1"
"M3"	"BCI"	"KCNMA1"
"M3"	"BCI"	"CCNE1"
"M3"	"BCI"	"RRM2"
"M3"	"BCI"	"CENPA"
"M3"	"BCI"	"TOP2A"
"M3"	"BCI"	"CDC20"
"M3"	"BCI"	"CDC45"
"M3"	"BCI"	"NDC80"
"M3"	"BCI"	"CDC25A"
"M3"	"BCI"	"DUSP4"
"M3"	"BCI"	"CDC6"
"M3"	"BCI"	"NR4A2"
"M3"	"BCI"	"MYBL2"
"M3"	"BCI"	"CSF3R"
"M3"	"BCI"	"MELK"
"M3"	"BCI"	"TTK"
"M3"	"BCI"	"MUC1"
"M3"	"BCI"	"PLAT"
"M3"	"BCI"	"CFB"
"M3"	"BCI"	"FMOD"
"M3"	"BCI"	"CTF1"
"M3"	"BCI"	"INHBB"
"M3"	"BCI"	"FOXM1"
"M3"	"BCI"	"CX3CR1"
"M3"	"DIP_Yeast"	"PLK1"
"M3"	"DIP_Yeast"	"RRM2"
"M3"	"DIP_Yeast"	"CDC20"
"M3"	"DIP_Yeast"	"CDC45"
"M3"	"INNATEDB_Mouse"	"CCNE1"
"M3"	"INNATEDB_Mouse"	"CLSPN"
"M3"	"INNATEDB_Mouse"	"ZBTB7C"
"M3"	"INNATEDB_Mouse"	"CSF3R"
"M3"	"INNATEDB_Mouse"	"SLC40A1"
"M3"	"INNATEDB_Mouse"	"CDCA7"
"M3"	"INNATEDB_Mouse"	"FADS2"
"M3"	"INNATEDB_Mouse"	"PSD3"
"M3"	"INNATEDB_Mouse"	"IL20RA"
"M3"	"INNATEDB_Mouse"	"STEAP4"
"M3"	"INNATEDB_Mouse"	"PLD4"
"M3"	"BioGrid_Rat"	"CCNE1"
"M3"	"BioGrid_Rat"	"NTRK2"
"M3"	"BioGrid_Rat"	"CDC20"
"M3"	"BioGrid_Rat"	"SLC40A1"
"M3"	"IntAct_Rat"	"BTG2"
"M3"	"IntAct_Rat"	"CLU"
"M3"	"IntAct_Rat"	"KCNMA1"
"M3"	"IntAct_Rat"	"NTRK2"
"M3"	"IntAct_Rat"	"PLAT"
"M3"	"MINT_Rat"	"NTRK2"
"M3"	"MINT_Rat"	"TUBB3"
"M3"	"YeastLow"	"PLK1"
"M3"	"YeastLow"	"RRM2"
"M3"	"YeastLow"	"CDC20"
"M3"	"IntAct_Worm"	"RRM2"
"M3"	"IntAct_Worm"	"CTSV"
"M3"	"IntAct_Worm"	"TDO2"
"M3"	"StelzlMedium"	"PBK"
"M3"	"StelzlMedium"	"APLP1"
"M3"	"StelzlMedium"	"NDC80"
"M3"	"StelzlMedium"	"PRSS23"
"M3"	"StelzlMedium"	"HJURP"
"M3"	"StelzlMedium"	"MS4A7"
"M3"	"Krogan_Core"	"AURKB"
"M3"	"Krogan_Core"	"SEC14L2"
"M3"	"IntAct_Fly"	"PLK1"
"M3"	"IntAct_Fly"	"CCNE1"
"M3"	"IntAct_Fly"	"MCM10"
"M3"	"IntAct_Fly"	"TOP2A"
"M3"	"IntAct_Fly"	"CDC20"
"M3"	"IntAct_Fly"	"CDC45"
"M3"	"IntAct_Fly"	"CTSV"
"M3"	"IntAct_Fly"	"CHRD"
"M3"	"IntAct_Fly"	"CDC6"
"M3"	"IntAct_Fly"	"PHYHD1"
"M3"	"IntAct_Fly"	"GPC4"
"M3"	"IntAct_Fly"	"ME1"
"M3"	"DIP_Mouse"	"CCNE1"
"M3"	"DIP_Mouse"	"NTRK2"
"M3"	"DIP_Mouse"	"TOP2A"
"M3"	"DIP_Mouse"	"CBX2"
"M3"	"DIP_Mouse"	"TUBB3"
"M3"	"DIP_Mouse"	"SLC40A1"
"M3"	"DIP_Mouse"	"RCOR2"
"M3"	"BIND_Fly"	"PLK1"
"M3"	"BIND_Fly"	"PBK"
"M3"	"BIND_Fly"	"CDC45"
"M3"	"BIND_Fly"	"CDC6"
"M3"	"BIND_Fly"	"SESN3"
"M3"	"BIND_Fly"	"PHYHD1"
"M3"	"FlyHigh"	"ESRRG"
"M3"	"FlyHigh"	"SESN3"
"M3"	"FlyHigh"	"PHYHD1"
"M3"	"FlyLow"	"PLK1"
"M3"	"FlyLow"	"PBK"
"M3"	"FlyLow"	"CDC6"
"M3"	"BioGrid_Worm"	"RRM2"
"M3"	"BioGrid_Worm"	"TOP2A"
"M3"	"BioGrid_Worm"	"CTSV"
"M3"	"BioGrid_Worm"	"TDO2"
"M3"	"BioGrid_Worm"	"KIF2C"
"M3"	"VidalHuman_core"	"FAM189A2"
"M3"	"VidalHuman_core"	"RTN1"
"M3"	"VidalHuman_core"	"NDC80"
"M3"	"VidalHuman_core"	"CDC25A"
"M3"	"VidalHuman_core"	"TDO2"
"M3"	"VidalHuman_core"	"RAI2"
"M3"	"VidalHuman_core"	"CHAC1"
"M3"	"Yeast_Kinome"	"AURKB"
"M3"	"BIND_Mouse"	"ESRRG"
"M3"	"BIND_Mouse"	"PLK1"
"M3"	"BIND_Mouse"	"CLU"
"M3"	"BIND_Mouse"	"CCNE1"
"M3"	"BIND_Mouse"	"CDC45"
"M3"	"BIND_Mouse"	"CDC6"
"M3"	"BIND_Mouse"	"SEMA6D"
"M3"	"BIND_Mouse"	"RCOR2"
"M3"	"BIND_Mouse"	"FRZB"
"M3"	"BIND_Mouse"	"LRRC4C"
"M3"	"I2D-c_Fiona_HUMAN"	"MUC1"
"M3"	"DIP_Rat"	"NTRK2"
"M3"	"VidalHuman_non_core"	"NDC80"
"M3"	"VidalHuman_non_core"	"CDC25A"
"M3"	"VidalHuman_non_core"	"MYBL2"
"M3"	"INNATEDB"	"PLK1"
"M3"	"INNATEDB"	"CLU"
"M3"	"INNATEDB"	"BIRC5"
"M3"	"INNATEDB"	"CCNE1"
"M3"	"INNATEDB"	"NTRK2"
"M3"	"INNATEDB"	"TOP2A"
"M3"	"INNATEDB"	"MMP1"
"M3"	"INNATEDB"	"LRP2"
"M3"	"INNATEDB"	"TNIK"
"M3"	"INNATEDB"	"CDC25A"
"M3"	"INNATEDB"	"DUSP4"
"M3"	"INNATEDB"	"CHRD"
"M3"	"INNATEDB"	"NR4A2"
"M3"	"INNATEDB"	"MYBL2"
"M3"	"INNATEDB"	"CSF3R"
"M3"	"INNATEDB"	"KIF20A"
"M3"	"INNATEDB"	"CDCA2"
"M3"	"INNATEDB"	"MUC1"
"M3"	"INNATEDB"	"ADRA2A"
"M3"	"INNATEDB"	"FOXM1"
"M3"	"INNATEDB"	"FADS2"
"M3"	"INNATEDB"	"PSD3"
"M3"	"INNATEDB"	"CX3CR1"
"M3"	"INNATEDB"	"CHAC1"
"M3"	"FlyEmbryo"	"PLK1"
"M3"	"INTEROLOG"	"RRM2"
"M3"	"INTEROLOG"	"TOP2A"
"M3"	"MINT_Mouse"	"KCNMA1"
"M3"	"MINT_Mouse"	"CCNE1"
"M3"	"MINT_Mouse"	"NTRK2"
"M3"	"MINT_Mouse"	"SLC1A1"
"M3"	"MINT_Mouse"	"MND1"
"M3"	"MINT_Mouse"	"LRRC4C"
"M3"	"BIND_Rat"	"PLK1"
"M3"	"BIND_Rat"	"BTG2"
"M3"	"BIND_Rat"	"ADRA2A"
"M3"	"BIND_Rat"	"MAOB"
"M3"	"BIND_Rat"	"CLIC6"
"M3"	"YeastMedium"	"CDC45"
"M3"	"BIND_Worm"	"RRM2"
"M3"	"BIND_Worm"	"CTSV"
"M3"	"BIND_Worm"	"TDO2"
"M3"	"BIND_Yeast"	"AURKB"
"M3"	"BIND_Yeast"	"RRM2"
"M3"	"BIND_Yeast"	"CDC20"
"M3"	"BIND_Yeast"	"CDC45"
"M3"	"DIP_Worm"	"RRM2"
"M3"	"DIP_Worm"	"TDO2"
"M3"	"MINT_Worm"	"RRM2"
"M3"	"MINT_Worm"	"CTSV"
"M3"	"MINT_Worm"	"TDO2"
"M3"	"NON_CORE"	"RRM2"
"M3"	"NON_CORE"	"CTSV"
"M3"	"Yu_GoldStd"	"RRM2"
"M3"	"Yu_GoldStd"	"CDC20"
"M3"	"Nakahira_Septin"	"SEPT3"
"M3"	"MIPS"	"RRM2"
"M3"	"MIPS"	"CDC20"
"M3"	"MIPS"	"CDC45"
"M3"	"StelzlHigh"	"PBK"
"M3"	"StelzlHigh"	"PRSS23"
"M3"	"StelzlLow"	"HJURP"
"M3"	"StelzlLow"	"SEPT3"
"M3"	"Fawcett_polarity_Rat"	"SPTBN2"
"M3"	"KIM_MYC"	"ANLN"
"M3"	"KIM_MYC"	"TOP2A"
"M3"	"FlyCellCycle"	"CDC45"
"M4"	"BioGrid"	"CCDC8"
"M4"	"BioGrid"	"CREB3L1"
"M4"	"BioGrid"	"MMP3"
"M4"	"BioGrid"	"EPPK1"
"M4"	"BioGrid"	"VCAN"
"M4"	"BioGrid"	"LUM"
"M4"	"BioGrid"	"NCAM1"
"M4"	"BioGrid"	"CNTN1"
"M4"	"BioGrid"	"WNT2"
"M4"	"BioGrid"	"CDH2"
"M4"	"BioGrid"	"SNCAIP"
"M4"	"BioGrid"	"DCN"
"M4"	"BioGrid"	"HAS2"
"M4"	"BioGrid"	"FLNC"
"M4"	"BioGrid"	"AHNAK2"
"M4"	"BioGrid"	"AMPH"
"M4"	"BioGrid"	"MME"
"M4"	"BioGrid"	"EFEMP1"
"M4"	"BioGrid"	"AMIGO2"
"M4"	"BioGrid"	"ELN"
"M4"	"BioGrid"	"DPP4"
"M4"	"BioGrid"	"COL1A2"
"M4"	"BioGrid"	"NEGR1"
"M4"	"BioGrid"	"TNC"
"M4"	"BioGrid"	"CTGF"
"M4"	"BioGrid"	"ATP8A2"
"M4"	"BioGrid"	"EPHA3"
"M4"	"BioGrid"	"FGF7"
"M4"	"BioGrid"	"GJA1"
"M4"	"BioGrid"	"FBLN2"
"M4"	"BioGrid"	"PLN"
"M4"	"BioGrid"	"COL1A1"
"M4"	"BioGrid"	"COL3A1"
"M4"	"BioGrid"	"COL5A1"
"M4"	"BioGrid"	"EGLN3"
"M4"	"BioGrid"	"COL7A1"
"M4"	"BioGrid"	"MATN3"
"M4"	"BioGrid"	"COMP"
"M4"	"BioGrid"	"WISP2"
"M4"	"BioGrid"	"NR2F1"
"M4"	"BioGrid"	"FBN1"
"M4"	"BioGrid"	"SFRP2"
"M4"	"BioGrid"	"CST1"
"M4"	"BioGrid"	"COL8A2"
"M4"	"BioGrid"	"CES1"
"M4"	"BioGrid"	"SYNDIG1"
"M4"	"BioGrid"	"PTPRD"
"M4"	"BioGrid"	"PAPSS2"
"M4"	"BioGrid"	"ADCY2"
"M4"	"BioGrid"	"ADAM12"
"M4"	"BioGrid"	"COL8A1"
"M4"	"BioGrid"	"F13A1"
"M4"	"BioGrid"	"BTC"
"M4"	"BioGrid"	"NRG1"
"M4"	"BioGrid"	"IGFBP5"
"M4"	"BioGrid"	"IGF2"
"M4"	"BioGrid"	"LAMA1"
"M4"	"BioGrid"	"MMP13"
"M4"	"BioGrid"	"MMP2"
"M4"	"BioGrid"	"F12"
"M4"	"BioGrid"	"TGFB2"
"M4"	"BioGrid"	"DPT"
"M4"	"BioGrid"	"SCG2"
"M4"	"BioGrid"	"PRELP"
"M4"	"BioGrid"	"ITGB6"
"M4"	"BioGrid"	"LSAMP"
"M4"	"BioGrid"	"FST"
"M4"	"BioGrid"	"RGS4"
"M4"	"BioGrid"	"TLL1"
"M4"	"BioGrid"	"COL14A1"
"M4"	"BioGrid"	"PTGIS"
"M4"	"BioGrid"	"COLEC12"
"M4"	"BioGrid"	"IGSF10"
"M4"	"BioGrid"	"MRPS24"
"M4"	"BioGrid"	"BHMT2"
"M4"	"BioGrid"	"NEFH"
"M4"	"BioGrid"	"COL10A1"
"M4"	"BioGrid"	"COL11A1"
"M4"	"BioGrid"	"TIMP3"
"M4"	"BioGrid"	"SUSD2"
"M4"	"BioGrid"	"KIF26B"
"M4"	"BioGrid"	"PNMA2"
"M4"	"BioGrid"	"HOXA10"
"M4"	"BioGrid"	"AOX1"
"M4"	"BioGrid"	"GJB2"
"M4"	"BioGrid"	"WNT5A"
"M4"	"BioGrid"	"TWIST2"
"M4"	"BioGrid"	"KCND2"
"M4"	"BioGrid"	"DIO2"
"M4"	"BioGrid"	"PLPP4"
"M4"	"BioGrid"	"UBE2QL1"
"M4"	"BioGrid"	"GALNT15"
"M4"	"IntAct"	"CREB3L1"
"M4"	"IntAct"	"MMP3"
"M4"	"IntAct"	"EPPK1"
"M4"	"IntAct"	"VCAN"
"M4"	"IntAct"	"CNTN1"
"M4"	"IntAct"	"SSC5D"
"M4"	"IntAct"	"PLEKHB1"
"M4"	"IntAct"	"CDH2"
"M4"	"IntAct"	"SNCAIP"
"M4"	"IntAct"	"FLNC"
"M4"	"IntAct"	"F2RL2"
"M4"	"IntAct"	"TNFRSF19"
"M4"	"IntAct"	"AMPH"
"M4"	"IntAct"	"MME"
"M4"	"IntAct"	"EFEMP1"
"M4"	"IntAct"	"ELN"
"M4"	"IntAct"	"DPP4"
"M4"	"IntAct"	"COL1A2"
"M4"	"IntAct"	"NEGR1"
"M4"	"IntAct"	"CTGF"
"M4"	"IntAct"	"ATP8A2"
"M4"	"IntAct"	"EPHA3"
"M4"	"IntAct"	"PTGER2"
"M4"	"IntAct"	"FGF7"
"M4"	"IntAct"	"GJA1"
"M4"	"IntAct"	"SFRP4"
"M4"	"IntAct"	"FBLN2"
"M4"	"IntAct"	"PLN"
"M4"	"IntAct"	"EGLN3"
"M4"	"IntAct"	"SVEP1"
"M4"	"IntAct"	"COL7A1"
"M4"	"IntAct"	"MATN3"
"M4"	"IntAct"	"COMP"
"M4"	"IntAct"	"NR2F1"
"M4"	"IntAct"	"FBN1"
"M4"	"IntAct"	"SFRP2"
"M4"	"IntAct"	"CST1"
"M4"	"IntAct"	"CES1"
"M4"	"IntAct"	"SYNDIG1"
"M4"	"IntAct"	"CEMIP"
"M4"	"IntAct"	"WNT7B"
"M4"	"IntAct"	"PTPRD"
"M4"	"IntAct"	"COL12A1"
"M4"	"IntAct"	"LAMA2"
"M4"	"IntAct"	"PAPSS2"
"M4"	"IntAct"	"ADCY2"
"M4"	"IntAct"	"ADAM12"
"M4"	"IntAct"	"COL8A1"
"M4"	"IntAct"	"F13A1"
"M4"	"IntAct"	"CSMD2"
"M4"	"IntAct"	"BTC"
"M4"	"IntAct"	"NRG1"
"M4"	"IntAct"	"C1S"
"M4"	"IntAct"	"IGF2"
"M4"	"IntAct"	"MMP2"
"M4"	"IntAct"	"F12"
"M4"	"IntAct"	"SCG2"
"M4"	"IntAct"	"SPOCK1"
"M4"	"IntAct"	"LSAMP"
"M4"	"IntAct"	"FST"
"M4"	"IntAct"	"CHL1"
"M4"	"IntAct"	"CENPV"
"M4"	"IntAct"	"COL10A1"
"M4"	"IntAct"	"TIMP3"
"M4"	"IntAct"	"OGN"
"M4"	"IntAct"	"PNMA2"
"M4"	"IntAct"	"PKIA"
"M4"	"IntAct"	"HOXA10"
"M4"	"IntAct"	"WLS"
"M4"	"IntAct"	"AOX1"
"M4"	"IntAct"	"COL6A3"
"M4"	"IntAct"	"WNT5A"
"M4"	"IntAct"	"GREM1"
"M4"	"IntAct"	"TWIST2"
"M4"	"IntAct"	"OSR2"
"M4"	"IntAct"	"CNTN4"
"M4"	"IntAct"	"SPOCD1"
"M4"	"IntAct"	"TENM3"
"M4"	"IntAct"	"PLPP4"
"M4"	"IntAct"	"ARSI"
"M4"	"IntAct"	"ADAM33"
"M4"	"IntAct"	"POSTN"
"M4"	"BioGrid_Fly"	"SPON1"
"M4"	"BioGrid_Fly"	"NCAM1"
"M4"	"BioGrid_Fly"	"ABCC3"
"M4"	"BioGrid_Fly"	"DPP4"
"M4"	"BioGrid_Fly"	"NEGR1"
"M4"	"BioGrid_Fly"	"FBLN2"
"M4"	"BioGrid_Fly"	"COMP"
"M4"	"BioGrid_Fly"	"PTPRD"
"M4"	"BioGrid_Fly"	"MFAP4"
"M4"	"BioGrid_Fly"	"LSAMP"
"M4"	"BioGrid_Fly"	"MRPS24"
"M4"	"BioGrid_Fly"	"WLS"
"M4"	"HPRD"	"CREB3L1"
"M4"	"HPRD"	"MMP3"
"M4"	"HPRD"	"SPON1"
"M4"	"HPRD"	"VCAN"
"M4"	"HPRD"	"LUM"
"M4"	"HPRD"	"NCAM1"
"M4"	"HPRD"	"CNTN1"
"M4"	"HPRD"	"WNT2"
"M4"	"HPRD"	"PLEKHB1"
"M4"	"HPRD"	"CDH2"
"M4"	"HPRD"	"SNCAIP"
"M4"	"HPRD"	"DCN"
"M4"	"HPRD"	"FLNC"
"M4"	"HPRD"	"F2RL2"
"M4"	"HPRD"	"TNFRSF19"
"M4"	"HPRD"	"AMPH"
"M4"	"HPRD"	"MME"
"M4"	"HPRD"	"AMIGO2"
"M4"	"HPRD"	"ELN"
"M4"	"HPRD"	"DPP4"
"M4"	"HPRD"	"COL1A2"
"M4"	"HPRD"	"TNC"
"M4"	"HPRD"	"CTGF"
"M4"	"HPRD"	"EPHA3"
"M4"	"HPRD"	"PTGER2"
"M4"	"HPRD"	"FGF7"
"M4"	"HPRD"	"FBLN2"
"M4"	"HPRD"	"PLN"
"M4"	"HPRD"	"COL1A1"
"M4"	"HPRD"	"EGLN3"
"M4"	"HPRD"	"SVEP1"
"M4"	"HPRD"	"COL7A1"
"M4"	"HPRD"	"MATN3"
"M4"	"HPRD"	"COMP"
"M4"	"HPRD"	"WISP2"
"M4"	"HPRD"	"NR2F1"
"M4"	"HPRD"	"SFRP2"
"M4"	"HPRD"	"COL8A2"
"M4"	"HPRD"	"CES1"
"M4"	"HPRD"	"CEMIP"
"M4"	"HPRD"	"MFAP5"
"M4"	"HPRD"	"PTPRD"
"M4"	"HPRD"	"MMP11"
"M4"	"HPRD"	"MFAP4"
"M4"	"HPRD"	"COL12A1"
"M4"	"HPRD"	"LAMA2"
"M4"	"HPRD"	"ADAM12"
"M4"	"HPRD"	"ANGPTL1"
"M4"	"HPRD"	"COL8A1"
"M4"	"HPRD"	"F13A1"
"M4"	"HPRD"	"BTC"
"M4"	"HPRD"	"NRG1"
"M4"	"HPRD"	"IGFBP5"
"M4"	"HPRD"	"C1S"
"M4"	"HPRD"	"IGF2"
"M4"	"HPRD"	"LAMA1"
"M4"	"HPRD"	"MMP13"
"M4"	"HPRD"	"MMP2"
"M4"	"HPRD"	"F12"
"M4"	"HPRD"	"TGFB2"
"M4"	"HPRD"	"DPT"
"M4"	"HPRD"	"SCG2"
"M4"	"HPRD"	"SPOCK1"
"M4"	"HPRD"	"PRELP"
"M4"	"HPRD"	"ITGB6"
"M4"	"HPRD"	"LSAMP"
"M4"	"HPRD"	"FST"
"M4"	"HPRD"	"RGS4"
"M4"	"HPRD"	"TLL1"
"M4"	"HPRD"	"COL14A1"
"M4"	"HPRD"	"EDIL3"
"M4"	"HPRD"	"COL10A1"
"M4"	"HPRD"	"THBS2"
"M4"	"HPRD"	"TIMP3"
"M4"	"HPRD"	"PKIA"
"M4"	"HPRD"	"HOXA10"
"M4"	"HPRD"	"HUNK"
"M4"	"HPRD"	"NRK"
"M4"	"HPRD"	"TWIST2"
"M4"	"HPRD"	"KCND2"
"M4"	"HPRD"	"CNTN4"
"M4"	"HPRD"	"DIO2"
"M4"	"HPRD"	"MMP16"
"M4"	"HPRD"	"SGCD"
"M4"	"HPRD"	"TENM3"
"M4"	"HPRD"	"GAS1"
"M4"	"HPRD"	"ST6GAL2"
"M4"	"HPRD"	"SLC24A2"
"M4"	"IntAct_Mouse"	"NCAM1"
"M4"	"IntAct_Mouse"	"CNTN1"
"M4"	"IntAct_Mouse"	"CDH2"
"M4"	"IntAct_Mouse"	"SNCAIP"
"M4"	"IntAct_Mouse"	"F2RL2"
"M4"	"IntAct_Mouse"	"TNFRSF19"
"M4"	"IntAct_Mouse"	"AMPH"
"M4"	"IntAct_Mouse"	"GJA1"
"M4"	"IntAct_Mouse"	"COL3A1"
"M4"	"IntAct_Mouse"	"COL7A1"
"M4"	"IntAct_Mouse"	"LAMA1"
"M4"	"IntAct_Mouse"	"CHL1"
"M4"	"IntAct_Mouse"	"GJB2"
"M4"	"IntAct_Mouse"	"KCND2"
"M4"	"BioGrid_Mouse"	"NCAM1"
"M4"	"BioGrid_Mouse"	"WNT2"
"M4"	"BioGrid_Mouse"	"PLEKHB1"
"M4"	"BioGrid_Mouse"	"CDH2"
"M4"	"BioGrid_Mouse"	"SNCAIP"
"M4"	"BioGrid_Mouse"	"TNFRSF19"
"M4"	"BioGrid_Mouse"	"AMPH"
"M4"	"BioGrid_Mouse"	"MME"
"M4"	"BioGrid_Mouse"	"GJA1"
"M4"	"BioGrid_Mouse"	"SFRP4"
"M4"	"BioGrid_Mouse"	"COL1A1"
"M4"	"BioGrid_Mouse"	"COL3A1"
"M4"	"BioGrid_Mouse"	"COL5A1"
"M4"	"BioGrid_Mouse"	"SFRP2"
"M4"	"BioGrid_Mouse"	"WNT7B"
"M4"	"BioGrid_Mouse"	"COL8A1"
"M4"	"BioGrid_Mouse"	"BTC"
"M4"	"BioGrid_Mouse"	"LAMA1"
"M4"	"BioGrid_Mouse"	"TGFB2"
"M4"	"BioGrid_Mouse"	"SCG2"
"M4"	"BioGrid_Mouse"	"NEFH"
"M4"	"BioGrid_Mouse"	"THBS2"
"M4"	"BioGrid_Mouse"	"HOXA10"
"M4"	"BioGrid_Mouse"	"WNT5A"
"M4"	"BioGrid_Mouse"	"GAS1"
"M4"	"MGI"	"CDH2"
"M4"	"MGI"	"AMPH"
"M4"	"MGI"	"WNT7B"
"M4"	"MGI"	"LAMA1"
"M4"	"MGI"	"WNT5A"
"M4"	"MGI"	"SGCD"
"M4"	"MGI"	"GAS1"
"M4"	"INNATEDB"	"MMP3"
"M4"	"INNATEDB"	"VCAN"
"M4"	"INNATEDB"	"CDH2"
"M4"	"INNATEDB"	"SNCAIP"
"M4"	"INNATEDB"	"DCN"
"M4"	"INNATEDB"	"AMPH"
"M4"	"INNATEDB"	"AMIGO2"
"M4"	"INNATEDB"	"ELN"
"M4"	"INNATEDB"	"DPP4"
"M4"	"INNATEDB"	"COL1A2"
"M4"	"INNATEDB"	"COL1A1"
"M4"	"INNATEDB"	"EGLN3"
"M4"	"INNATEDB"	"FBN1"
"M4"	"INNATEDB"	"C1S"
"M4"	"INNATEDB"	"MMP13"
"M4"	"INNATEDB"	"MMP2"
"M4"	"INNATEDB"	"FST"
"M4"	"INNATEDB"	"COL14A1"
"M4"	"INNATEDB"	"TIMP3"
"M4"	"INNATEDB"	"OGN"
"M4"	"INNATEDB"	"HOXA10"
"M4"	"DIP"	"SNCAIP"
"M4"	"DIP"	"FLNC"
"M4"	"DIP"	"F2RL2"
"M4"	"DIP"	"AMPH"
"M4"	"DIP"	"EPHA3"
"M4"	"DIP"	"FGF7"
"M4"	"DIP"	"COL1A1"
"M4"	"DIP"	"COL3A1"
"M4"	"DIP"	"FBN1"
"M4"	"DIP"	"F13A1"
"M4"	"DIP"	"NRG1"
"M4"	"DIP"	"IGF2"
"M4"	"DIP"	"MMP2"
"M4"	"DIP"	"ITGB6"
"M4"	"DIP"	"RGS4"
"M4"	"DIP"	"HUNK"
"M4"	"DIP"	"GJB2"
"M4"	"IntAct_Fly"	"NCAM1"
"M4"	"IntAct_Fly"	"NEGR1"
"M4"	"IntAct_Fly"	"FBLN2"
"M4"	"IntAct_Fly"	"WNT7B"
"M4"	"IntAct_Fly"	"PTPRD"
"M4"	"IntAct_Fly"	"MFAP4"
"M4"	"IntAct_Fly"	"MRPS24"
"M4"	"IntAct_Fly"	"CNTN3"
"M4"	"BCI"	"VCAN"
"M4"	"BCI"	"CNTN1"
"M4"	"BCI"	"CDH2"
"M4"	"BCI"	"MME"
"M4"	"BCI"	"ELN"
"M4"	"BCI"	"COL1A2"
"M4"	"BCI"	"TNC"
"M4"	"BCI"	"CTGF"
"M4"	"BCI"	"GJA1"
"M4"	"BCI"	"FBLN2"
"M4"	"BCI"	"COL1A1"
"M4"	"BCI"	"COL3A1"
"M4"	"BCI"	"COL7A1"
"M4"	"BCI"	"NR2F1"
"M4"	"BCI"	"FBN1"
"M4"	"BCI"	"F13A1"
"M4"	"BCI"	"IGFBP5"
"M4"	"BCI"	"IGF2"
"M4"	"BCI"	"F12"
"M4"	"BCI"	"DPT"
"M4"	"BCI"	"LSAMP"
"M4"	"BCI"	"COL10A1"
"M4"	"BCI"	"THBS2"
"M4"	"BCI"	"PKIA"
"M4"	"BCI"	"GAS1"
"M4"	"MINT"	"CREB3L1"
"M4"	"MINT"	"LUM"
"M4"	"MINT"	"NCAM1"
"M4"	"MINT"	"CDH2"
"M4"	"MINT"	"SNCAIP"
"M4"	"MINT"	"FLNC"
"M4"	"MINT"	"F2RL2"
"M4"	"MINT"	"AMPH"
"M4"	"MINT"	"MME"
"M4"	"MINT"	"EFEMP1"
"M4"	"MINT"	"DPP4"
"M4"	"MINT"	"GJA1"
"M4"	"MINT"	"COL1A1"
"M4"	"MINT"	"COL7A1"
"M4"	"MINT"	"NR2F1"
"M4"	"MINT"	"CES1"
"M4"	"MINT"	"PTPRD"
"M4"	"MINT"	"ADAM12"
"M4"	"MINT"	"CSMD2"
"M4"	"MINT"	"IGFBP5"
"M4"	"MINT"	"IGF2"
"M4"	"MINT"	"DPT"
"M4"	"MINT"	"FST"
"M4"	"MINT"	"COL10A1"
"M4"	"MINT"	"PKIA"
"M4"	"MINT"	"GREM1"
"M4"	"MINT"	"SGCD"
"M4"	"BIND_Fly"	"NEGR1"
"M4"	"BIND_Fly"	"FBLN2"
"M4"	"BIND_Fly"	"MRPS24"
"M4"	"FlyHigh"	"NEGR1"
"M4"	"BioGrid_Yeast"	"ABCC3"
"M4"	"BioGrid_Yeast"	"DPP4"
"M4"	"BioGrid_Yeast"	"ATP8A2"
"M4"	"BIND_Mouse"	"MMP3"
"M4"	"BIND_Mouse"	"CDH2"
"M4"	"BIND_Mouse"	"EPHA3"
"M4"	"BIND_Mouse"	"MFAP5"
"M4"	"BIND_Mouse"	"MMP11"
"M4"	"BIND_Mouse"	"ADAM12"
"M4"	"BIND_Mouse"	"MMP13"
"M4"	"BIND_Mouse"	"FST"
"M4"	"BIND_Mouse"	"KCND2"
"M4"	"BIND_Mouse"	"SGCD"
"M4"	"YeastMedium"	"DPP4"
"M4"	"FlyLow"	"FBLN2"
"M4"	"FlyLow"	"MRPS24"
"M4"	"MINT_Fly"	"FBLN2"
"M4"	"MINT_Fly"	"PTPRD"
"M4"	"MINT_Fly"	"MFAP4"
"M4"	"MINT_Fly"	"MRPS24"
"M4"	"MINT_Fly"	"KCND2"
"M4"	"MINT_Fly"	"ANO1"
"M4"	"BIND"	"CREB3L1"
"M4"	"BIND"	"MMP3"
"M4"	"BIND"	"SNCAIP"
"M4"	"BIND"	"FLNC"
"M4"	"BIND"	"AMPH"
"M4"	"BIND"	"ELN"
"M4"	"BIND"	"DPP4"
"M4"	"BIND"	"GJA1"
"M4"	"BIND"	"PLN"
"M4"	"BIND"	"COL7A1"
"M4"	"BIND"	"NR2F1"
"M4"	"BIND"	"CES1"
"M4"	"BIND"	"PAPSS2"
"M4"	"BIND"	"F13A1"
"M4"	"BIND"	"IGFBP5"
"M4"	"BIND"	"C1S"
"M4"	"BIND"	"IGF2"
"M4"	"BIND"	"MMP13"
"M4"	"BIND"	"MMP2"
"M4"	"BIND"	"TGFB2"
"M4"	"BIND"	"FST"
"M4"	"BIND"	"HOXA10"
"M4"	"BIND"	"SGCD"
"M4"	"BioGrid_Rat"	"CREB3L1"
"M4"	"BioGrid_Rat"	"SNCAIP"
"M4"	"BioGrid_Rat"	"DCN"
"M4"	"BioGrid_Rat"	"GJA1"
"M4"	"BioGrid_Rat"	"MMP11"
"M4"	"BioGrid_Rat"	"KCND2"
"M4"	"DIP_Fly"	"SPON1"
"M4"	"DIP_Fly"	"NEGR1"
"M4"	"DIP_Fly"	"FBLN2"
"M4"	"DIP_Fly"	"PTPRD"
"M4"	"DIP_Fly"	"MRPS24"
"M4"	"DIP_Fly"	"KCND2"
"M4"	"DIP_Fly"	"ANO1"
"M4"	"IntAct_Yeast"	"ABCC3"
"M4"	"IntAct_Yeast"	"ATP8A2"
"M4"	"VidalHuman_core"	"EFEMP1"
"M4"	"MINT_Mouse"	"NCAM1"
"M4"	"MINT_Mouse"	"SNCAIP"
"M4"	"MINT_Mouse"	"GJA1"
"M4"	"MINT_Mouse"	"COL7A1"
"M4"	"MINT_Mouse"	"LAMA1"
"M4"	"MINT_Mouse"	"CHL1"
"M4"	"INNATEDB_Mouse"	"NCAM1"
"M4"	"INNATEDB_Mouse"	"CDH2"
"M4"	"INNATEDB_Mouse"	"FLNC"
"M4"	"INNATEDB_Mouse"	"TNFRSF19"
"M4"	"INNATEDB_Mouse"	"TNC"
"M4"	"INNATEDB_Mouse"	"GJA1"
"M4"	"INNATEDB_Mouse"	"EGLN3"
"M4"	"INNATEDB_Mouse"	"MMP13"
"M4"	"INNATEDB_Mouse"	"C1QTNF3"
"M4"	"INNATEDB_Mouse"	"ITGA11"
"M4"	"INNATEDB_Mouse"	"ZFHX4"
"M4"	"BIND_Rat"	"NCAM1"
"M4"	"BIND_Rat"	"CDH2"
"M4"	"BIND_Rat"	"GJA1"
"M4"	"BIND_Rat"	"ADCY2"
"M4"	"BIND_Rat"	"RGS4"
"M4"	"ShawnLi"	"F2RL2"
"M4"	"DIP_Rat"	"CDH2"
"M4"	"DIP_Rat"	"COL1A2"
"M4"	"DIP_Rat"	"GJA1"
"M4"	"DIP_Rat"	"RGS4"
"M4"	"DIP_Rat"	"FNDC1"
"M4"	"IntAct_Rat"	"SNCAIP"
"M4"	"IntAct_Rat"	"FLNC"
"M4"	"IntAct_Rat"	"GJA1"
"M4"	"IntAct_Rat"	"RGS4"
"M4"	"IntAct_Rat"	"COL11A1"
"M4"	"StelzlLow"	"SNCAIP"
"M4"	"StelzlLow"	"COL7A1"
"M4"	"StelzlLow"	"IGFBP5"
"M4"	"DIP_Mouse"	"CDH2"
"M4"	"DIP_Mouse"	"GJA1"
"M4"	"DIP_Mouse"	"KIF26B"
"M4"	"DIP_Mouse"	"WLS"
"M4"	"IntAct_Worm"	"ADAM12"
"M4"	"IntAct_Worm"	"WLS"
"M4"	"MINT_Worm"	"WLS"
"M4"	"StelzlMedium"	"SNCAIP"
"M4"	"StelzlMedium"	"IGFBP5"
"M4"	"StelzlMedium"	"DPT"
"M4"	"VidalHuman_non_core"	"SFRP2"
"M4"	"VidalHuman_non_core"	"CES1"
"M4"	"I2D-c_Fiona_HUMAN"	"MMP2"
"M4"	"BIND_Yeast"	"ATP8A2"
"M4"	"MINT_Yeast"	"ATP8A2"
"M4"	"MIPS"	"ATP8A2"
"M4"	"YeastLow"	"ATP8A2"
"M5"	"IntAct"	"KRT6B"
"M5"	"IntAct"	"EGFR"
"M5"	"IntAct"	"FAM107A"
"M5"	"IntAct"	"SORBS2"
"M5"	"IntAct"	"CRYAB"
"M5"	"IntAct"	"ITGB4"
"M5"	"IntAct"	"ANXA3"
"M5"	"IntAct"	"DMD"
"M5"	"IntAct"	"KIT"
"M5"	"IntAct"	"MET"
"M5"	"IntAct"	"KRT15"
"M5"	"IntAct"	"VANGL2"
"M5"	"IntAct"	"FGF2"
"M5"	"IntAct"	"SERPINB5"
"M5"	"IntAct"	"TRIM29"
"M5"	"IntAct"	"SYNM"
"M5"	"IntAct"	"SLPI"
"M5"	"IntAct"	"CLDN1"
"M5"	"IntAct"	"LOXL4"
"M5"	"IntAct"	"RHOV"
"M5"	"IntAct"	"RGS2"
"M5"	"IntAct"	"KRT7"
"M5"	"IntAct"	"KRT17"
"M5"	"IntAct"	"SFRP1"
"M5"	"IntAct"	"TF"
"M5"	"IntAct"	"ALPL"
"M5"	"IntAct"	"BEND7"
"M5"	"IntAct"	"KRT5"
"M5"	"IntAct"	"KLHL13"
"M5"	"IntAct"	"LAMC3"
"M5"	"IntAct"	"MMP7"
"M5"	"IntAct"	"ITGB8"
"M5"	"IntAct"	"ARHGEF4"
"M5"	"IntAct"	"KRT14"
"M5"	"IntAct"	"PKP1"
"M5"	"IntAct"	"S100B"
"M5"	"IntAct"	"S100A1"
"M5"	"IntAct"	"S100A2"
"M5"	"IntAct"	"EPHB1"
"M5"	"IntAct"	"TM4SF1"
"M5"	"IntAct"	"ID4"
"M5"	"IntAct"	"LAMB3"
"M5"	"IntAct"	"LAMC2"
"M5"	"IntAct"	"CCL28"
"M5"	"IntAct"	"FAT1"
"M5"	"IntAct"	"STAC2"
"M5"	"IntAct"	"VSNL1"
"M5"	"IntAct"	"CCNJL"
"M5"	"IntAct"	"PROM1"
"M5"	"IntAct"	"CLDN8"
"M5"	"IntAct"	"KRT16"
"M5"	"IntAct"	"ZNF667"
"M5"	"IntAct"	"C1orf116"
"M5"	"IntAct"	"LIPG"
"M5"	"BioGrid"	"KRT6B"
"M5"	"BioGrid"	"EGFR"
"M5"	"BioGrid"	"FAM107A"
"M5"	"BioGrid"	"SORBS2"
"M5"	"BioGrid"	"CRYAB"
"M5"	"BioGrid"	"ITGB4"
"M5"	"BioGrid"	"ANXA3"
"M5"	"BioGrid"	"DMD"
"M5"	"BioGrid"	"KIT"
"M5"	"BioGrid"	"MET"
"M5"	"BioGrid"	"KRT15"
"M5"	"BioGrid"	"FGF2"
"M5"	"BioGrid"	"SERPINB5"
"M5"	"BioGrid"	"TRIM29"
"M5"	"BioGrid"	"PTGS2"
"M5"	"BioGrid"	"SYNM"
"M5"	"BioGrid"	"SLPI"
"M5"	"BioGrid"	"CLDN1"
"M5"	"BioGrid"	"LOXL4"
"M5"	"BioGrid"	"RGS2"
"M5"	"BioGrid"	"KRT7"
"M5"	"BioGrid"	"KRT17"
"M5"	"BioGrid"	"SFRP1"
"M5"	"BioGrid"	"TF"
"M5"	"BioGrid"	"CDH3"
"M5"	"BioGrid"	"ALPL"
"M5"	"BioGrid"	"BEND7"
"M5"	"BioGrid"	"KRT5"
"M5"	"BioGrid"	"KLHL13"
"M5"	"BioGrid"	"LAMC3"
"M5"	"BioGrid"	"MMP7"
"M5"	"BioGrid"	"ARHGEF4"
"M5"	"BioGrid"	"KRT14"
"M5"	"BioGrid"	"PKP1"
"M5"	"BioGrid"	"S100B"
"M5"	"BioGrid"	"S100A1"
"M5"	"BioGrid"	"S100A2"
"M5"	"BioGrid"	"EDN1"
"M5"	"BioGrid"	"CITED4"
"M5"	"BioGrid"	"KLF5"
"M5"	"BioGrid"	"SLC5A1"
"M5"	"BioGrid"	"LCN2"
"M5"	"BioGrid"	"NFIB"
"M5"	"BioGrid"	"EPHB1"
"M5"	"BioGrid"	"TM4SF1"
"M5"	"BioGrid"	"LAMC2"
"M5"	"BioGrid"	"DSG3"
"M5"	"BioGrid"	"DSC3"
"M5"	"BioGrid"	"CCL28"
"M5"	"BioGrid"	"FAT1"
"M5"	"BioGrid"	"OSR1"
"M5"	"BioGrid"	"STAC2"
"M5"	"BioGrid"	"VSNL1"
"M5"	"BioGrid"	"CX3CL1"
"M5"	"BioGrid"	"CCNJL"
"M5"	"BioGrid"	"PROM1"
"M5"	"BioGrid"	"PPP1R1B"
"M5"	"BioGrid"	"CLDN8"
"M5"	"BioGrid"	"PDZK1IP1"
"M5"	"BioGrid"	"LIPG"
"M5"	"DIP_Fly"	"CRYAB"
"M5"	"DIP_Fly"	"ACTG2"
"M5"	"HPRD"	"EGFR"
"M5"	"HPRD"	"FAM107A"
"M5"	"HPRD"	"SORBS2"
"M5"	"HPRD"	"CRYAB"
"M5"	"HPRD"	"ITGB4"
"M5"	"HPRD"	"ANXA3"
"M5"	"HPRD"	"DMD"
"M5"	"HPRD"	"KIT"
"M5"	"HPRD"	"MET"
"M5"	"HPRD"	"KRT15"
"M5"	"HPRD"	"FGF2"
"M5"	"HPRD"	"TRIM29"
"M5"	"HPRD"	"PTGS2"
"M5"	"HPRD"	"ACTG2"
"M5"	"HPRD"	"SYNM"
"M5"	"HPRD"	"LIF"
"M5"	"HPRD"	"CLDN1"
"M5"	"HPRD"	"LOXL4"
"M5"	"HPRD"	"RGS2"
"M5"	"HPRD"	"KRT7"
"M5"	"HPRD"	"KRT17"
"M5"	"HPRD"	"SFRP1"
"M5"	"HPRD"	"TF"
"M5"	"HPRD"	"CDH3"
"M5"	"HPRD"	"ALPL"
"M5"	"HPRD"	"BEND7"
"M5"	"HPRD"	"KRT5"
"M5"	"HPRD"	"MMP7"
"M5"	"HPRD"	"ITGB8"
"M5"	"HPRD"	"ARHGEF4"
"M5"	"HPRD"	"KRT14"
"M5"	"HPRD"	"PKP1"
"M5"	"HPRD"	"S100B"
"M5"	"HPRD"	"S100A1"
"M5"	"HPRD"	"S100A2"
"M5"	"HPRD"	"EDN1"
"M5"	"HPRD"	"CITED4"
"M5"	"HPRD"	"KLF5"
"M5"	"HPRD"	"SLC5A1"
"M5"	"HPRD"	"LCN2"
"M5"	"HPRD"	"NFIB"
"M5"	"HPRD"	"EPHB1"
"M5"	"HPRD"	"TM4SF1"
"M5"	"HPRD"	"ID4"
"M5"	"HPRD"	"LAMB3"
"M5"	"HPRD"	"LAMC2"
"M5"	"HPRD"	"DSG3"
"M5"	"HPRD"	"DSC3"
"M5"	"HPRD"	"CPAMD8"
"M5"	"HPRD"	"FAT1"
"M5"	"HPRD"	"OSR1"
"M5"	"HPRD"	"VSNL1"
"M5"	"HPRD"	"CX3CL1"
"M5"	"HPRD"	"JPH2"
"M5"	"HPRD"	"PPP1R1B"
"M5"	"HPRD"	"SOD3"
"M5"	"HPRD"	"CLDN8"
"M5"	"HPRD"	"PDZK1IP1"
"M5"	"HPRD"	"VTCN1"
"M5"	"Moran_EGFR"	"EGFR"
"M5"	"MYTH_EGFR"	"EGFR"
"M5"	"INNATEDB"	"EGFR"
"M5"	"INNATEDB"	"ITGB4"
"M5"	"INNATEDB"	"DMD"
"M5"	"INNATEDB"	"KIT"
"M5"	"INNATEDB"	"MET"
"M5"	"INNATEDB"	"KRT15"
"M5"	"INNATEDB"	"FGF2"
"M5"	"INNATEDB"	"SERPINB5"
"M5"	"INNATEDB"	"PTGS2"
"M5"	"INNATEDB"	"KRT17"
"M5"	"INNATEDB"	"TF"
"M5"	"INNATEDB"	"CDH3"
"M5"	"INNATEDB"	"S100B"
"M5"	"INNATEDB"	"KLF5"
"M5"	"INNATEDB"	"IRX1"
"M5"	"INNATEDB"	"CX3CL1"
"M5"	"BioGrid_Fly"	"CRYAB"
"M5"	"BioGrid_Fly"	"DMD"
"M5"	"BioGrid_Fly"	"ACTG2"
"M5"	"BioGrid_Fly"	"ALPL"
"M5"	"BioGrid_Fly"	"EPHB1"
"M5"	"BioGrid_Fly"	"FAT1"
"M5"	"FlyLow"	"DMD"
"M5"	"MINT_Fly"	"DMD"
"M5"	"MINT_Fly"	"ACTG2"
"M5"	"JonesErbB1"	"EGFR"
"M5"	"BIND"	"EGFR"
"M5"	"BIND"	"SORBS2"
"M5"	"BIND"	"CRYAB"
"M5"	"BIND"	"DMD"
"M5"	"BIND"	"KIT"
"M5"	"BIND"	"MET"
"M5"	"BIND"	"PTGS2"
"M5"	"BIND"	"LIF"
"M5"	"BIND"	"TF"
"M5"	"BIND"	"KRT5"
"M5"	"BIND"	"KRT14"
"M5"	"BIND"	"S100B"
"M5"	"BIND"	"S100A1"
"M5"	"BIND"	"EPHB1"
"M5"	"BIND"	"CX3CL1"
"M5"	"MINT"	"KRT6B"
"M5"	"MINT"	"EGFR"
"M5"	"MINT"	"FAM107A"
"M5"	"MINT"	"SORBS2"
"M5"	"MINT"	"CRYAB"
"M5"	"MINT"	"ITGB4"
"M5"	"MINT"	"ANXA3"
"M5"	"MINT"	"DMD"
"M5"	"MINT"	"KIT"
"M5"	"MINT"	"MET"
"M5"	"MINT"	"KRT15"
"M5"	"MINT"	"SERPINB5"
"M5"	"MINT"	"TRIM29"
"M5"	"MINT"	"SYNM"
"M5"	"MINT"	"CLDN1"
"M5"	"MINT"	"RGS2"
"M5"	"MINT"	"KRT7"
"M5"	"MINT"	"KRT17"
"M5"	"MINT"	"TF"
"M5"	"MINT"	"ALPL"
"M5"	"MINT"	"S100B"
"M5"	"MINT"	"S100A1"
"M5"	"MINT"	"S100A2"
"M5"	"MINT"	"EDN1"
"M5"	"MINT"	"KLF5"
"M5"	"MINT"	"EPHB1"
"M5"	"MINT"	"TM4SF1"
"M5"	"MINT"	"ID4"
"M5"	"MINT"	"CCL28"
"M5"	"MINT"	"VSNL1"
"M5"	"MINT"	"PPP1R1B"
"M5"	"MINT"	"PDZK1IP1"
"M5"	"Blagoev"	"EGFR"
"M5"	"BioGrid_Rat"	"EGFR"
"M5"	"BioGrid_Rat"	"SORBS2"
"M5"	"BioGrid_Rat"	"SDK2"
"M5"	"BioGrid_Rat"	"S100B"
"M5"	"BioGrid_Rat"	"EPHB1"
"M5"	"BIND_Rat"	"SORBS2"
"M5"	"BIND_Rat"	"S100B"
"M5"	"BIND_Rat"	"EPHB1"
"M5"	"BioGrid_Mouse"	"EGFR"
"M5"	"BioGrid_Mouse"	"SORBS2"
"M5"	"BioGrid_Mouse"	"DMD"
"M5"	"BioGrid_Mouse"	"KIT"
"M5"	"BioGrid_Mouse"	"MET"
"M5"	"BioGrid_Mouse"	"VANGL2"
"M5"	"BioGrid_Mouse"	"FGF2"
"M5"	"BioGrid_Mouse"	"PTGS2"
"M5"	"BioGrid_Mouse"	"SLPI"
"M5"	"BioGrid_Mouse"	"CLDN1"
"M5"	"BioGrid_Mouse"	"SFRP1"
"M5"	"BioGrid_Mouse"	"CITED4"
"M5"	"BioGrid_Mouse"	"EPHB1"
"M5"	"BioGrid_Mouse"	"LAMC2"
"M5"	"BioGrid_Mouse"	"PROM1"
"M5"	"BioGrid_Mouse"	"SOD3"
"M5"	"VidalHuman_core"	"KRT6B"
"M5"	"VidalHuman_core"	"FAM107A"
"M5"	"VidalHuman_core"	"KRT15"
"M5"	"VidalHuman_core"	"TRIM29"
"M5"	"VidalHuman_core"	"KRT17"
"M5"	"VidalHuman_core"	"S100A1"
"M5"	"VidalHuman_core"	"S100A2"
"M5"	"VidalHuman_non_core"	"KRT6B"
"M5"	"VidalHuman_non_core"	"FAM107A"
"M5"	"VidalHuman_non_core"	"KRT15"
"M5"	"VidalHuman_non_core"	"S100A1"
"M5"	"VidalHuman_non_core"	"CCNJL"
"M5"	"IntAct_Fly"	"DMD"
"M5"	"IntAct_Fly"	"SDK2"
"M5"	"IntAct_Fly"	"EPHB1"
"M5"	"IntAct_Fly"	"FAT1"
"M5"	"DIP"	"EGFR"
"M5"	"DIP"	"CRYAB"
"M5"	"DIP"	"KIT"
"M5"	"DIP"	"MET"
"M5"	"DIP"	"FGF2"
"M5"	"DIP"	"PTGS2"
"M5"	"DIP"	"LIF"
"M5"	"DIP"	"KRT5"
"M5"	"DIP"	"KRT14"
"M5"	"DIP"	"CX3CL1"
"M5"	"MINT_Rat"	"EGFR"
"M5"	"MINT_Rat"	"SORBS2"
"M5"	"StelzlMedium"	"ANXA3"
"M5"	"StelzlMedium"	"RGS2"
"M5"	"StelzlMedium"	"EDN1"
"M5"	"StelzlMedium"	"TM4SF1"
"M5"	"StelzlMedium"	"PDZK1IP1"
"M5"	"IntAct_Mouse"	"EGFR"
"M5"	"IntAct_Mouse"	"CRYAB"
"M5"	"IntAct_Mouse"	"DMD"
"M5"	"IntAct_Mouse"	"VANGL2"
"M5"	"IntAct_Mouse"	"PTGS2"
"M5"	"IntAct_Mouse"	"CLDN1"
"M5"	"IntAct_Mouse"	"RGS2"
"M5"	"IntAct_Mouse"	"KRT7"
"M5"	"IntAct_Mouse"	"KRT14"
"M5"	"IntAct_Mouse"	"S100A1"
"M5"	"IntAct_Mouse"	"KLF5"
"M5"	"IntAct_Mouse"	"ID4"
"M5"	"IntAct_Mouse"	"CLDN8"
"M5"	"IntAct_Mouse"	"KRT16"
"M5"	"MINT_Mouse"	"EGFR"
"M5"	"MINT_Mouse"	"CLDN1"
"M5"	"MINT_Mouse"	"LOXL4"
"M5"	"MINT_Mouse"	"RGS2"
"M5"	"MINT_Mouse"	"CLDN8"
"M5"	"BCI"	"CRYAB"
"M5"	"BCI"	"DMD"
"M5"	"BCI"	"ACTG2"
"M5"	"BCI"	"RGS2"
"M5"	"BCI"	"KRT7"
"M5"	"BCI"	"TF"
"M5"	"BCI"	"KRT5"
"M5"	"BCI"	"MMP7"
"M5"	"BCI"	"KRT14"
"M5"	"BCI"	"PKP1"
"M5"	"BCI"	"S100A2"
"M5"	"BCI"	"KLF5"
"M5"	"BCI"	"LCN2"
"M5"	"BCI"	"NFIB"
"M5"	"BIND_Mouse"	"DMD"
"M5"	"BIND_Mouse"	"KIT"
"M5"	"BIND_Mouse"	"PTGS2"
"M5"	"BIND_Mouse"	"CLDN1"
"M5"	"BIND_Mouse"	"KLF5"
"M5"	"MGI"	"DMD"
"M5"	"MGI"	"KIT"
"M5"	"MGI"	"FGF2"
"M5"	"MGI"	"TRIM29"
"M5"	"MGI"	"CLDN1"
"M5"	"IntAct_Rat"	"SORBS2"
"M5"	"IntAct_Rat"	"VANGL2"
"M5"	"IntAct_Rat"	"RHOV"
"M5"	"I2D-c_Fiona_HUMAN"	"EGFR"
"M5"	"I2D-c_Fiona_HUMAN"	"MET"
"M5"	"I2D-c_Fiona_HUMAN"	"CDH3"
"M5"	"DIP_Mouse"	"EGFR"
"M5"	"DIP_Mouse"	"DMD"
"M5"	"DIP_Mouse"	"PTGS2"
"M5"	"DIP_Mouse"	"KRT17"
"M5"	"SOURAV_MAPK_HIGH"	"ARHGEF4"
"M5"	"BIND_Fly"	"CRYAB"
"M5"	"BIND_Fly"	"FAT1"
"M5"	"FlyHigh"	"CRYAB"
"M5"	"FlyHigh"	"FAT1"
"M5"	"StelzlHigh"	"ANXA3"
"M5"	"StelzlHigh"	"RGS2"
"M5"	"StelzlHigh"	"TM4SF1"
"M5"	"StelzlLow"	"RGS2"
"M5"	"StelzlLow"	"PPP1R1B"
"M5"	"INNATEDB_Mouse"	"EGFR"
"M5"	"INNATEDB_Mouse"	"KIT"
"M5"	"INNATEDB_Mouse"	"RGS2"
"M5"	"INNATEDB_Mouse"	"ALPL"
"M5"	"INNATEDB_Mouse"	"LCN2"
"M5"	"ShawnLi"	"ID4"
"M5"	"DIP_Rat"	"EPHB1"
"M5"	"KIM_MYC"	"ACTG2"
"M6"	"BioGrid"	"MEOX2"
"M6"	"BioGrid"	"FOS"
"M6"	"BioGrid"	"TP63"
"M6"	"BioGrid"	"EGR1"
"M6"	"BioGrid"	"PTN"
"M6"	"BioGrid"	"CD36"
"M6"	"BioGrid"	"FHL1"
"M6"	"BioGrid"	"HLF"
"M6"	"BioGrid"	"MATN2"
"M6"	"BioGrid"	"NGFR"
"M6"	"BioGrid"	"CLDN5"
"M6"	"BioGrid"	"TNS4"
"M6"	"BioGrid"	"SOCS2"
"M6"	"BioGrid"	"EGR2"
"M6"	"BioGrid"	"DUSP1"
"M6"	"BioGrid"	"MYH11"
"M6"	"BioGrid"	"NR4A1"
"M6"	"BioGrid"	"RASD1"
"M6"	"BioGrid"	"MEOX1"
"M6"	"BioGrid"	"ATF3"
"M6"	"BioGrid"	"SYNPO2"
"M6"	"BioGrid"	"COL17A1"
"M6"	"BioGrid"	"ADIPOQ"
"M6"	"BioGrid"	"APOD"
"M6"	"BioGrid"	"PLIN1"
"M6"	"BioGrid"	"LIPE"
"M6"	"BioGrid"	"CDO1"
"M6"	"BioGrid"	"GPD1"
"M6"	"BioGrid"	"RAMP3"
"M6"	"BioGrid"	"THRSP"
"M6"	"BioGrid"	"FABP4"
"M6"	"BioGrid"	"CAVIN2"
"M6"	"BioGrid"	"ADH1B"
"M6"	"BioGrid"	"HBB"
"M6"	"BioGrid"	"GPC3"
"M6"	"BioGrid"	"GYG2"
"M6"	"BioGrid"	"LPL"
"M6"	"BioGrid"	"NTRK3"
"M6"	"BioGrid"	"HSPB7"
"M6"	"BioGrid"	"CNN1"
"M6"	"BioGrid"	"IL33"
"M6"	"BioGrid"	"PGM5"
"M6"	"BioGrid"	"SELP"
"M6"	"BioGrid"	"TNXB"
"M6"	"BioGrid"	"ABI3BP"
"M6"	"BioGrid"	"FOSB"
"M6"	"BioGrid"	"GPX3"
"M6"	"BioGrid"	"AKR1C1"
"M6"	"BioGrid"	"AKR1C3"
"M6"	"BioGrid"	"AKR1C2"
"M6"	"BioGrid"	"NR4A3"
"M6"	"BioGrid"	"G0S2"
"M6"	"BioGrid"	"INMT"
"M6"	"IntAct"	"MEOX2"
"M6"	"IntAct"	"FOS"
"M6"	"IntAct"	"TP63"
"M6"	"IntAct"	"EGR1"
"M6"	"IntAct"	"PIGR"
"M6"	"IntAct"	"PTN"
"M6"	"IntAct"	"CD36"
"M6"	"IntAct"	"FHL1"
"M6"	"IntAct"	"MATN2"
"M6"	"IntAct"	"NGFR"
"M6"	"IntAct"	"TNS4"
"M6"	"IntAct"	"SOCS2"
"M6"	"IntAct"	"HSPB6"
"M6"	"IntAct"	"EGR2"
"M6"	"IntAct"	"DUSP1"
"M6"	"IntAct"	"MYH11"
"M6"	"IntAct"	"NR4A1"
"M6"	"IntAct"	"RASD1"
"M6"	"IntAct"	"ITIH5"
"M6"	"IntAct"	"MEOX1"
"M6"	"IntAct"	"ATF3"
"M6"	"IntAct"	"SYNPO2"
"M6"	"IntAct"	"ADIPOQ"
"M6"	"IntAct"	"APOD"
"M6"	"IntAct"	"TSPAN7"
"M6"	"IntAct"	"LIPE"
"M6"	"IntAct"	"RAMP3"
"M6"	"IntAct"	"THRSP"
"M6"	"IntAct"	"FABP4"
"M6"	"IntAct"	"CAVIN2"
"M6"	"IntAct"	"ADH1B"
"M6"	"IntAct"	"HBB"
"M6"	"IntAct"	"RBP4"
"M6"	"IntAct"	"GYG2"
"M6"	"IntAct"	"LPL"
"M6"	"IntAct"	"NTRK3"
"M6"	"IntAct"	"HSPB7"
"M6"	"IntAct"	"GPIHBP1"
"M6"	"IntAct"	"IL33"
"M6"	"IntAct"	"CHRDL1"
"M6"	"IntAct"	"TNXB"
"M6"	"IntAct"	"ABI3BP"
"M6"	"IntAct"	"AKR1C1"
"M6"	"IntAct"	"AKR1C3"
"M6"	"IntAct"	"INMT"
"M6"	"IntAct"	"RBP7"
"M6"	"HPRD"	"MEOX2"
"M6"	"HPRD"	"FOS"
"M6"	"HPRD"	"TP63"
"M6"	"HPRD"	"EGR1"
"M6"	"HPRD"	"PIGR"
"M6"	"HPRD"	"PTN"
"M6"	"HPRD"	"CD36"
"M6"	"HPRD"	"FHL1"
"M6"	"HPRD"	"HLF"
"M6"	"HPRD"	"MATN2"
"M6"	"HPRD"	"NGFR"
"M6"	"HPRD"	"CLDN5"
"M6"	"HPRD"	"SOCS2"
"M6"	"HPRD"	"HSPB6"
"M6"	"HPRD"	"EGR2"
"M6"	"HPRD"	"CLDN11"
"M6"	"HPRD"	"DUSP1"
"M6"	"HPRD"	"NR4A1"
"M6"	"HPRD"	"RASD1"
"M6"	"HPRD"	"MEOX1"
"M6"	"HPRD"	"ATF3"
"M6"	"HPRD"	"COL17A1"
"M6"	"HPRD"	"ADIPOQ"
"M6"	"HPRD"	"APOD"
"M6"	"HPRD"	"TSPAN7"
"M6"	"HPRD"	"LIPE"
"M6"	"HPRD"	"GPD1"
"M6"	"HPRD"	"RAMP3"
"M6"	"HPRD"	"THRSP"
"M6"	"HPRD"	"FABP4"
"M6"	"HPRD"	"PLXNA4"
"M6"	"HPRD"	"CAVIN2"
"M6"	"HPRD"	"HBB"
"M6"	"HPRD"	"CFD"
"M6"	"HPRD"	"C7"
"M6"	"HPRD"	"GPC3"
"M6"	"HPRD"	"RBP4"
"M6"	"HPRD"	"GYG2"
"M6"	"HPRD"	"LPL"
"M6"	"HPRD"	"NTRK3"
"M6"	"HPRD"	"CNN1"
"M6"	"HPRD"	"PDK4"
"M6"	"HPRD"	"ACKR1"
"M6"	"HPRD"	"PGM5"
"M6"	"HPRD"	"MMRN1"
"M6"	"HPRD"	"CHRDL1"
"M6"	"HPRD"	"SELP"
"M6"	"HPRD"	"TNXB"
"M6"	"HPRD"	"ABI3BP"
"M6"	"HPRD"	"FOSB"
"M6"	"HPRD"	"AKR1C1"
"M6"	"HPRD"	"OXTR"
"M6"	"HPRD"	"AKR1C3"
"M6"	"HPRD"	"NR4A3"
"M6"	"INNATEDB"	"FOS"
"M6"	"INNATEDB"	"TP63"
"M6"	"INNATEDB"	"EGR1"
"M6"	"INNATEDB"	"PIGR"
"M6"	"INNATEDB"	"PTN"
"M6"	"INNATEDB"	"CD36"
"M6"	"INNATEDB"	"CLDN5"
"M6"	"INNATEDB"	"SOCS2"
"M6"	"INNATEDB"	"DUSP1"
"M6"	"INNATEDB"	"NR4A1"
"M6"	"INNATEDB"	"APOD"
"M6"	"INNATEDB"	"NTRK3"
"M6"	"INNATEDB"	"EGR3"
"M6"	"INNATEDB"	"IL33"
"M6"	"INNATEDB"	"PDK4"
"M6"	"INNATEDB"	"ACKR1"
"M6"	"INNATEDB"	"OXTR"
"M6"	"INNATEDB"	"NR4A3"
"M6"	"BIND_Rat"	"DOC2B"
"M6"	"BIND_Rat"	"NGFR"
"M6"	"BIND_Rat"	"HSPB6"
"M6"	"BCI"	"FOS"
"M6"	"BCI"	"TP63"
"M6"	"BCI"	"EGR1"
"M6"	"BCI"	"PIGR"
"M6"	"BCI"	"FHL1"
"M6"	"BCI"	"NGFR"
"M6"	"BCI"	"EGR2"
"M6"	"BCI"	"DUSP1"
"M6"	"BCI"	"MYH11"
"M6"	"BCI"	"NR4A1"
"M6"	"BCI"	"ATF3"
"M6"	"BCI"	"ADIPOQ"
"M6"	"BCI"	"APOD"
"M6"	"BCI"	"PLIN1"
"M6"	"BCI"	"LIPE"
"M6"	"BCI"	"GPD1"
"M6"	"BCI"	"FABP4"
"M6"	"BCI"	"CFD"
"M6"	"BCI"	"C7"
"M6"	"BCI"	"LPL"
"M6"	"BCI"	"ACKR1"
"M6"	"BCI"	"SELP"
"M6"	"BCI"	"FOSB"
"M6"	"BIND"	"FOS"
"M6"	"BIND"	"EGR1"
"M6"	"BIND"	"PIGR"
"M6"	"BIND"	"PTN"
"M6"	"BIND"	"FHL1"
"M6"	"BIND"	"HLF"
"M6"	"BIND"	"NGFR"
"M6"	"BIND"	"ATF3"
"M6"	"BIND"	"ADH1B"
"M6"	"BIND"	"HBB"
"M6"	"BIND"	"RBP4"
"M6"	"BIND"	"SELP"
"M6"	"BIND"	"FOSB"
"M6"	"BIND"	"AKR1C1"
"M6"	"BIND"	"AKR1C2"
"M6"	"MINT"	"MEOX2"
"M6"	"MINT"	"FOS"
"M6"	"MINT"	"TP63"
"M6"	"MINT"	"EGR1"
"M6"	"MINT"	"PTN"
"M6"	"MINT"	"FHL1"
"M6"	"MINT"	"NGFR"
"M6"	"MINT"	"TNS4"
"M6"	"MINT"	"SOCS2"
"M6"	"MINT"	"HSPB6"
"M6"	"MINT"	"EGR2"
"M6"	"MINT"	"DUSP1"
"M6"	"MINT"	"NR4A1"
"M6"	"MINT"	"MEOX1"
"M6"	"MINT"	"ATF3"
"M6"	"MINT"	"APOD"
"M6"	"MINT"	"TSPAN7"
"M6"	"MINT"	"GPD1"
"M6"	"MINT"	"FABP4"
"M6"	"MINT"	"CAVIN2"
"M6"	"MINT"	"LPL"
"M6"	"MINT"	"NTRK3"
"M6"	"MINT"	"IL33"
"M6"	"MINT"	"TNXB"
"M6"	"MINT"	"AKR1C3"
"M6"	"VidalHuman_core"	"MEOX2"
"M6"	"VidalHuman_core"	"CAVIN2"
"M6"	"IntAct_Mouse"	"FOS"
"M6"	"IntAct_Mouse"	"TP63"
"M6"	"IntAct_Mouse"	"HLF"
"M6"	"IntAct_Mouse"	"MATN2"
"M6"	"IntAct_Mouse"	"CLDN5"
"M6"	"IntAct_Mouse"	"EGR2"
"M6"	"IntAct_Mouse"	"CLDN11"
"M6"	"IntAct_Mouse"	"RASD1"
"M6"	"IntAct_Mouse"	"ADIPOQ"
"M6"	"BioGrid_Rat"	"NGFR"
"M6"	"BioGrid_Rat"	"SOCS2"
"M6"	"BioGrid_Rat"	"HSPB6"
"M6"	"BioGrid_Rat"	"APOD"
"M6"	"BioGrid_Rat"	"LIPE"
"M6"	"BioGrid_Rat"	"NTRK3"
"M6"	"BioGrid_Rat"	"CNN1"
"M6"	"INNATEDB_Mouse"	"FOS"
"M6"	"INNATEDB_Mouse"	"TP63"
"M6"	"INNATEDB_Mouse"	"EGR1"
"M6"	"INNATEDB_Mouse"	"SOCS2"
"M6"	"INNATEDB_Mouse"	"EGR2"
"M6"	"INNATEDB_Mouse"	"DUSP1"
"M6"	"INNATEDB_Mouse"	"ATF3"
"M6"	"INNATEDB_Mouse"	"ADIPOQ"
"M6"	"INNATEDB_Mouse"	"TSPAN7"
"M6"	"INNATEDB_Mouse"	"CDO1"
"M6"	"INNATEDB_Mouse"	"IL33"
"M6"	"INNATEDB_Mouse"	"ACKR1"
"M6"	"INNATEDB_Mouse"	"SELP"
"M6"	"BioGrid_Mouse"	"MEOX2"
"M6"	"BioGrid_Mouse"	"FOS"
"M6"	"BioGrid_Mouse"	"TP63"
"M6"	"BioGrid_Mouse"	"EGR1"
"M6"	"BioGrid_Mouse"	"FHL1"
"M6"	"BioGrid_Mouse"	"HLF"
"M6"	"BioGrid_Mouse"	"NGFR"
"M6"	"BioGrid_Mouse"	"SOCS2"
"M6"	"BioGrid_Mouse"	"EGR2"
"M6"	"BioGrid_Mouse"	"DUSP1"
"M6"	"BioGrid_Mouse"	"NR4A1"
"M6"	"BioGrid_Mouse"	"MEOX1"
"M6"	"BioGrid_Mouse"	"ATF3"
"M6"	"BioGrid_Mouse"	"ADIPOQ"
"M6"	"BioGrid_Mouse"	"IL33"
"M6"	"BioGrid_Mouse"	"PGM5"
"M6"	"BioGrid_Mouse"	"FOSB"
"M6"	"BioGrid_Mouse"	"NR4A3"
"M6"	"DIP"	"FOS"
"M6"	"DIP"	"TP63"
"M6"	"DIP"	"PTN"
"M6"	"DIP"	"NGFR"
"M6"	"DIP"	"NR4A1"
"M6"	"DIP"	"ATF3"
"M6"	"DIP"	"CAVIN2"
"M6"	"DIP"	"HBB"
"M6"	"DIP"	"NTRK3"
"M6"	"DIP"	"IL33"
"M6"	"DIP"	"FOSB"
"M6"	"SOURAV_MAPK_LOW"	"FOS"
"M6"	"BIND_Mouse"	"MEOX2"
"M6"	"BIND_Mouse"	"FOS"
"M6"	"BIND_Mouse"	"EGR1"
"M6"	"BIND_Mouse"	"CLDN11"
"M6"	"BIND_Mouse"	"NR4A1"
"M6"	"BIND_Mouse"	"MEOX1"
"M6"	"BIND_Mouse"	"LIPE"
"M6"	"BIND_Mouse"	"FABP4"
"M6"	"BioGrid_Fly"	"HLF"
"M6"	"BioGrid_Fly"	"GPD1"
"M6"	"VidalHuman_non_core"	"MEOX2"
"M6"	"VidalHuman_non_core"	"RASD1"
"M6"	"DIP_Rat"	"NGFR"
"M6"	"StelzlHigh"	"PTN"
"M6"	"StelzlHigh"	"EGR2"
"M6"	"StelzlHigh"	"ATF3"
"M6"	"StelzlHigh"	"GPD1"
"M6"	"StelzlHigh"	"AKR1C3"
"M6"	"IntAct_Rat"	"FOS"
"M6"	"IntAct_Rat"	"NGFR"
"M6"	"MINT_Rat"	"FOS"
"M6"	"MINT_Rat"	"NGFR"
"M6"	"StelzlMedium"	"EGR2"
"M6"	"StelzlMedium"	"NR4A1"
"M6"	"StelzlMedium"	"ATF3"
"M6"	"StelzlMedium"	"FABP4"
"M6"	"StelzlMedium"	"HBB"
"M6"	"StelzlMedium"	"LPL"
"M6"	"StelzlMedium"	"AKR1C3"
"M6"	"DIP_Mouse"	"FOS"
"M6"	"DIP_Mouse"	"ADIPOQ"
"M6"	"DIP_Mouse"	"THRSP"
"M6"	"DIP_Fly"	"APOD"
"M6"	"DIP_Fly"	"GPD1"
"M6"	"I2D-text_mining-c"	"FABP4"
"M6"	"IntAct_Worm"	"GPD1"
"M6"	"MINT_Mouse"	"TP63"
"M6"	"MINT_Mouse"	"CLDN5"
"M6"	"MINT_Mouse"	"EGR2"
"M6"	"MINT_Mouse"	"ADIPOQ"
"M6"	"StelzlLow"	"IL33"
"M6"	"StelzlLow"	"AKR1C3"
"M6"	"MGI"	"ADIPOQ"
"M6"	"IntAct_Fly"	"APOD"
"M6"	"SOURAV_MAPK_HIGH"	"FOS"
"Not.Correlated"	"BioGrid"	"MAPK15"
"Not.Correlated"	"BioGrid"	"NTN1"
"Not.Correlated"	"BioGrid"	"BEX2"
"Not.Correlated"	"BioGrid"	"SPATC1L"
"Not.Correlated"	"BioGrid"	"SH2D4A"
"Not.Correlated"	"BioGrid"	"KCNK1"
"Not.Correlated"	"BioGrid"	"HEY2"
"Not.Correlated"	"BioGrid"	"HIST1H1C"
"Not.Correlated"	"BioGrid"	"SIX1"
"Not.Correlated"	"BioGrid"	"CBLC"
"Not.Correlated"	"BioGrid"	"CKB"
"Not.Correlated"	"BioGrid"	"DSP"
"Not.Correlated"	"BioGrid"	"RBP1"
"Not.Correlated"	"BioGrid"	"SCNN1B"
"Not.Correlated"	"BioGrid"	"MAPK10"
"Not.Correlated"	"BioGrid"	"CDH1"
"Not.Correlated"	"BioGrid"	"BMP7"
"Not.Correlated"	"BioGrid"	"CIART"
"Not.Correlated"	"BioGrid"	"HOXC11"
"Not.Correlated"	"BioGrid"	"FHL2"
"Not.Correlated"	"BioGrid"	"CLDN3"
"Not.Correlated"	"BioGrid"	"GRB7"
"Not.Correlated"	"BioGrid"	"SRPK3"
"Not.Correlated"	"BioGrid"	"PITX1"
"Not.Correlated"	"BioGrid"	"FBXO2"
"Not.Correlated"	"BioGrid"	"PTGES"
"Not.Correlated"	"BioGrid"	"GRHL3"
"Not.Correlated"	"BioGrid"	"ATP6V1B1"
"Not.Correlated"	"BioGrid"	"PLCB1"
"Not.Correlated"	"BioGrid"	"NR6A1"
"Not.Correlated"	"BioGrid"	"TNFRSF11B"
"Not.Correlated"	"BioGrid"	"ALDOC"
"Not.Correlated"	"BioGrid"	"FGFR2"
"Not.Correlated"	"BioGrid"	"S100A14"
"Not.Correlated"	"BioGrid"	"MYH14"
"Not.Correlated"	"BioGrid"	"CA8"
"Not.Correlated"	"BioGrid"	"QPRT"
"Not.Correlated"	"BioGrid"	"FGFR4"
"Not.Correlated"	"BioGrid"	"ENTPD2"
"Not.Correlated"	"BioGrid"	"CELSR3"
"Not.Correlated"	"BioGrid"	"PEG10"
"Not.Correlated"	"BioGrid"	"PEG3"
"Not.Correlated"	"BioGrid"	"LMO3"
"Not.Correlated"	"BioGrid"	"TPD52L1"
"Not.Correlated"	"BioGrid"	"GNAO1"
"Not.Correlated"	"BioGrid"	"NGEF"
"Not.Correlated"	"BioGrid"	"SNCG"
"Not.Correlated"	"BioGrid"	"DLX3"
"Not.Correlated"	"BioGrid"	"HIST2H2BE"
"Not.Correlated"	"BioGrid"	"SERPINA1"
"Not.Correlated"	"BioGrid"	"CAND2"
"Not.Correlated"	"BioGrid"	"FZD8"
"Not.Correlated"	"BioGrid"	"CPS1"
"Not.Correlated"	"BioGrid"	"AGT"
"Not.Correlated"	"BioGrid"	"PAX8"
"Not.Correlated"	"BioGrid"	"PPP2R2C"
"Not.Correlated"	"BioGrid"	"CEACAM1"
"Not.Correlated"	"BioGrid"	"GSDMB"
"Not.Correlated"	"BioGrid"	"SCD"
"Not.Correlated"	"BioGrid"	"COL9A2"
"Not.Correlated"	"BioGrid"	"CA2"
"Not.Correlated"	"BioGrid"	"PMAIP1"
"Not.Correlated"	"BioGrid"	"MUC5B"
"Not.Correlated"	"BioGrid"	"SEZ6L2"
"Not.Correlated"	"BioGrid"	"RASSF6"
"Not.Correlated"	"BioGrid"	"EYA2"
"Not.Correlated"	"BioGrid"	"ANPEP"
"Not.Correlated"	"BioGrid"	"HPGD"
"Not.Correlated"	"BioGrid"	"AK4"
"Not.Correlated"	"BioGrid"	"SOX5"
"Not.Correlated"	"BioGrid"	"RAB38"
"Not.Correlated"	"BioGrid"	"FAM3B"
"Not.Correlated"	"BioGrid"	"FGF12"
"Not.Correlated"	"BioGrid"	"TSPAN5"
"Not.Correlated"	"BioGrid"	"DMKN"
"Not.Correlated"	"BioGrid"	"TTLL7"
"Not.Correlated"	"BioGrid"	"PDZD4"
"Not.Correlated"	"BioGrid"	"PNMA8A"
"Not.Correlated"	"BioGrid"	"SIX2"
"Not.Correlated"	"BioGrid"	"RAPGEFL1"
"Not.Correlated"	"BioGrid"	"PTHLH"
"Not.Correlated"	"BioGrid"	"CD24"
"Not.Correlated"	"BioGrid"	"SCN8A"
"Not.Correlated"	"BioGrid"	"ADAMTSL3"
"Not.Correlated"	"BioGrid"	"TRIM36"
"Not.Correlated"	"BioGrid"	"MGST1"
"Not.Correlated"	"BioGrid"	"DTNA"
"Not.Correlated"	"BioGrid"	"EHF"
"Not.Correlated"	"BioGrid"	"S100P"
"Not.Correlated"	"BioGrid"	"WNT11"
"Not.Correlated"	"BioGrid"	"GGT1"
"Not.Correlated"	"BioGrid"	"TMPRSS3"
"Not.Correlated"	"BioGrid"	"WFDC2"
"Not.Correlated"	"BioGrid"	"CYP2J2"
"Not.Correlated"	"BioGrid"	"HOXC10"
"Not.Correlated"	"BioGrid"	"CHST1"
"Not.Correlated"	"BioGrid"	"HOXC13"
"Not.Correlated"	"BioGrid"	"SCNN1G"
"Not.Correlated"	"BioGrid"	"ZNF572"
"Not.Correlated"	"BioGrid"	"HIST3H2A"
"Not.Correlated"	"BioGrid"	"GPR143"
"Not.Correlated"	"BioGrid"	"SCIN"
"Not.Correlated"	"BioGrid"	"NLGN4X"
"Not.Correlated"	"BioGrid"	"TNFRSF18"
"Not.Correlated"	"BioGrid"	"CPNE7"
"Not.Correlated"	"BioGrid"	"DPYSL4"
"Not.Correlated"	"BioGrid"	"HIST1H2BN"
"Not.Correlated"	"IntAct"	"MAPK15"
"Not.Correlated"	"IntAct"	"BEX2"
"Not.Correlated"	"IntAct"	"SPATC1L"
"Not.Correlated"	"IntAct"	"SH2D4A"
"Not.Correlated"	"IntAct"	"KCNK1"
"Not.Correlated"	"IntAct"	"HEY2"
"Not.Correlated"	"IntAct"	"HIST1H1C"
"Not.Correlated"	"IntAct"	"RASSF10"
"Not.Correlated"	"IntAct"	"SIX1"
"Not.Correlated"	"IntAct"	"CBLC"
"Not.Correlated"	"IntAct"	"CKB"
"Not.Correlated"	"IntAct"	"DSP"
"Not.Correlated"	"IntAct"	"SCNN1B"
"Not.Correlated"	"IntAct"	"MAPK10"
"Not.Correlated"	"IntAct"	"CDH1"
"Not.Correlated"	"IntAct"	"BMP7"
"Not.Correlated"	"IntAct"	"FHL2"
"Not.Correlated"	"IntAct"	"NFASC"
"Not.Correlated"	"IntAct"	"GRB7"
"Not.Correlated"	"IntAct"	"SRPK3"
"Not.Correlated"	"IntAct"	"TACSTD2"
"Not.Correlated"	"IntAct"	"PITX1"
"Not.Correlated"	"IntAct"	"BAMBI"
"Not.Correlated"	"IntAct"	"GRHL3"
"Not.Correlated"	"IntAct"	"ATP6V1B1"
"Not.Correlated"	"IntAct"	"PLCB1"
"Not.Correlated"	"IntAct"	"NR6A1"
"Not.Correlated"	"IntAct"	"ALDOC"
"Not.Correlated"	"IntAct"	"FGFR2"
"Not.Correlated"	"IntAct"	"S100A14"
"Not.Correlated"	"IntAct"	"MYH14"
"Not.Correlated"	"IntAct"	"CA8"
"Not.Correlated"	"IntAct"	"FGFR4"
"Not.Correlated"	"IntAct"	"HIST1H2BC"
"Not.Correlated"	"IntAct"	"CELSR3"
"Not.Correlated"	"IntAct"	"PEG10"
"Not.Correlated"	"IntAct"	"PEG3"
"Not.Correlated"	"IntAct"	"LMO3"
"Not.Correlated"	"IntAct"	"TPD52L1"
"Not.Correlated"	"IntAct"	"RNF165"
"Not.Correlated"	"IntAct"	"GNAO1"
"Not.Correlated"	"IntAct"	"NGEF"
"Not.Correlated"	"IntAct"	"SNCG"
"Not.Correlated"	"IntAct"	"DLX3"
"Not.Correlated"	"IntAct"	"HIST2H2BE"
"Not.Correlated"	"IntAct"	"SERPINA1"
"Not.Correlated"	"IntAct"	"FZD8"
"Not.Correlated"	"IntAct"	"CPS1"
"Not.Correlated"	"IntAct"	"SDK1"
"Not.Correlated"	"IntAct"	"AGT"
"Not.Correlated"	"IntAct"	"PAX8"
"Not.Correlated"	"IntAct"	"ZNF334"
"Not.Correlated"	"IntAct"	"PPP2R2C"
"Not.Correlated"	"IntAct"	"ASRGL1"
"Not.Correlated"	"IntAct"	"CEACAM1"
"Not.Correlated"	"IntAct"	"GSDMB"
"Not.Correlated"	"IntAct"	"SCD"
"Not.Correlated"	"IntAct"	"CA2"
"Not.Correlated"	"IntAct"	"FBN2"
"Not.Correlated"	"IntAct"	"PMAIP1"
"Not.Correlated"	"IntAct"	"FGF13"
"Not.Correlated"	"IntAct"	"SEZ6L2"
"Not.Correlated"	"IntAct"	"MT1G"
"Not.Correlated"	"IntAct"	"RASSF6"
"Not.Correlated"	"IntAct"	"GOLGA8A"
"Not.Correlated"	"IntAct"	"EYA2"
"Not.Correlated"	"IntAct"	"ANPEP"
"Not.Correlated"	"IntAct"	"SOX5"
"Not.Correlated"	"IntAct"	"FGF12"
"Not.Correlated"	"IntAct"	"DMKN"
"Not.Correlated"	"IntAct"	"PDZD4"
"Not.Correlated"	"IntAct"	"STYK1"
"Not.Correlated"	"IntAct"	"SCN8A"
"Not.Correlated"	"IntAct"	"ADAMTSL3"
"Not.Correlated"	"IntAct"	"TRIM36"
"Not.Correlated"	"IntAct"	"MGST1"
"Not.Correlated"	"IntAct"	"DTNA"
"Not.Correlated"	"IntAct"	"EHF"
"Not.Correlated"	"IntAct"	"S100P"
"Not.Correlated"	"IntAct"	"WNT11"
"Not.Correlated"	"IntAct"	"TMPRSS3"
"Not.Correlated"	"IntAct"	"CYP2J2"
"Not.Correlated"	"IntAct"	"ERP27"
"Not.Correlated"	"IntAct"	"HOXC10"
"Not.Correlated"	"IntAct"	"CHST1"
"Not.Correlated"	"IntAct"	"HOXC13"
"Not.Correlated"	"IntAct"	"SCNN1G"
"Not.Correlated"	"IntAct"	"SUSD4"
"Not.Correlated"	"IntAct"	"STOX1"
"Not.Correlated"	"IntAct"	"VSTM2L"
"Not.Correlated"	"IntAct"	"ZNF572"
"Not.Correlated"	"IntAct"	"GPR143"
"Not.Correlated"	"IntAct"	"SCIN"
"Not.Correlated"	"IntAct"	"MCOLN3"
"Not.Correlated"	"IntAct"	"SDR42E1"
"Not.Correlated"	"IntAct"	"C6orf141"
"Not.Correlated"	"IntAct"	"CPNE7"
"Not.Correlated"	"IntAct"	"DPYSL4"
"Not.Correlated"	"IntAct"	"PLEKHS1"
"Not.Correlated"	"IntAct"	"EMID1"
"Not.Correlated"	"IntAct"	"IL17RE"
"Not.Correlated"	"IntAct"	"C4orf19"
"Not.Correlated"	"IntAct"	"TMEM139"
"Not.Correlated"	"IntAct"	"SLC16A9"
"Not.Correlated"	"IntAct_Fly"	"NTN1"
"Not.Correlated"	"IntAct_Fly"	"SIX1"
"Not.Correlated"	"IntAct_Fly"	"BMP7"
"Not.Correlated"	"IntAct_Fly"	"GGT1"
"Not.Correlated"	"IntAct_Fly"	"SLC17A9"
"Not.Correlated"	"IntAct_Fly"	"RAB36"
"Not.Correlated"	"BioGrid_Mouse"	"KCNK1"
"Not.Correlated"	"BioGrid_Mouse"	"HEY2"
"Not.Correlated"	"BioGrid_Mouse"	"SIX1"
"Not.Correlated"	"BioGrid_Mouse"	"CBLC"
"Not.Correlated"	"BioGrid_Mouse"	"RBP1"
"Not.Correlated"	"BioGrid_Mouse"	"MAPK10"
"Not.Correlated"	"BioGrid_Mouse"	"CDH1"
"Not.Correlated"	"BioGrid_Mouse"	"FHL2"
"Not.Correlated"	"BioGrid_Mouse"	"PITX1"
"Not.Correlated"	"BioGrid_Mouse"	"FBXO2"
"Not.Correlated"	"BioGrid_Mouse"	"NR6A1"
"Not.Correlated"	"BioGrid_Mouse"	"GNAO1"
"Not.Correlated"	"BioGrid_Mouse"	"CAND2"
"Not.Correlated"	"BioGrid_Mouse"	"FZD8"
"Not.Correlated"	"BioGrid_Mouse"	"SPAG16"
"Not.Correlated"	"BioGrid_Mouse"	"PAX8"
"Not.Correlated"	"BioGrid_Mouse"	"ASRGL1"
"Not.Correlated"	"BioGrid_Mouse"	"BARX2"
"Not.Correlated"	"BioGrid_Mouse"	"EYA2"
"Not.Correlated"	"BioGrid_Mouse"	"SOX5"
"Not.Correlated"	"BioGrid_Mouse"	"EHF"
"Not.Correlated"	"BioGrid_Mouse"	"WNT11"
"Not.Correlated"	"BioGrid_Mouse"	"TBX1"
"Not.Correlated"	"DIP_Mouse"	"HIST1H1C"
"Not.Correlated"	"DIP_Mouse"	"SCNN1B"
"Not.Correlated"	"DIP_Mouse"	"CDH1"
"Not.Correlated"	"DIP_Mouse"	"CIART"
"Not.Correlated"	"DIP_Mouse"	"TNFRSF11B"
"Not.Correlated"	"DIP_Mouse"	"FGFR4"
"Not.Correlated"	"DIP_Mouse"	"FZD8"
"Not.Correlated"	"DIP_Mouse"	"SPAG16"
"Not.Correlated"	"DIP_Mouse"	"KCNK2"
"Not.Correlated"	"BioGrid_Fly"	"NTN1"
"Not.Correlated"	"BioGrid_Fly"	"SIX1"
"Not.Correlated"	"BioGrid_Fly"	"BMP7"
"Not.Correlated"	"BioGrid_Fly"	"GNAO1"
"Not.Correlated"	"BioGrid_Fly"	"GOLGA7B"
"Not.Correlated"	"BIND_Fly"	"SIX1"
"Not.Correlated"	"BIND_Fly"	"BMP7"
"Not.Correlated"	"BIND_Fly"	"FGFR2"
"Not.Correlated"	"BIND_Fly"	"GNAO1"
"Not.Correlated"	"DIP_Fly"	"SIX1"
"Not.Correlated"	"DIP_Fly"	"GNAO1"
"Not.Correlated"	"FlyLow"	"SIX1"
"Not.Correlated"	"FlyLow"	"BMP7"
"Not.Correlated"	"FlyLow"	"GNAO1"
"Not.Correlated"	"MINT_Fly"	"SIX1"
"Not.Correlated"	"HPRD"	"MAPK15"
"Not.Correlated"	"HPRD"	"NTN1"
"Not.Correlated"	"HPRD"	"BEX2"
"Not.Correlated"	"HPRD"	"SPATC1L"
"Not.Correlated"	"HPRD"	"KCNK1"
"Not.Correlated"	"HPRD"	"HEY2"
"Not.Correlated"	"HPRD"	"SIX1"
"Not.Correlated"	"HPRD"	"CBLC"
"Not.Correlated"	"HPRD"	"CKB"
"Not.Correlated"	"HPRD"	"DSP"
"Not.Correlated"	"HPRD"	"RBP1"
"Not.Correlated"	"HPRD"	"SCNN1B"
"Not.Correlated"	"HPRD"	"MAPK10"
"Not.Correlated"	"HPRD"	"BMP7"
"Not.Correlated"	"HPRD"	"FHL2"
"Not.Correlated"	"HPRD"	"CLDN3"
"Not.Correlated"	"HPRD"	"NFASC"
"Not.Correlated"	"HPRD"	"GRB7"
"Not.Correlated"	"HPRD"	"PITX1"
"Not.Correlated"	"HPRD"	"BAMBI"
"Not.Correlated"	"HPRD"	"FBXO2"
"Not.Correlated"	"HPRD"	"GRHL3"
"Not.Correlated"	"HPRD"	"PLCB1"
"Not.Correlated"	"HPRD"	"NR6A1"
"Not.Correlated"	"HPRD"	"TNFRSF11B"
"Not.Correlated"	"HPRD"	"AQP3"
"Not.Correlated"	"HPRD"	"S100A14"
"Not.Correlated"	"HPRD"	"CA8"
"Not.Correlated"	"HPRD"	"QPRT"
"Not.Correlated"	"HPRD"	"FGFR4"
"Not.Correlated"	"HPRD"	"HIST1H2BC"
"Not.Correlated"	"HPRD"	"TMPRSS2"
"Not.Correlated"	"HPRD"	"CELSR3"
"Not.Correlated"	"HPRD"	"PEG10"
"Not.Correlated"	"HPRD"	"PEG3"
"Not.Correlated"	"HPRD"	"LMO3"
"Not.Correlated"	"HPRD"	"TPD52L1"
"Not.Correlated"	"HPRD"	"GNAO1"
"Not.Correlated"	"HPRD"	"NGEF"
"Not.Correlated"	"HPRD"	"SNCG"
"Not.Correlated"	"HPRD"	"HIST2H2BE"
"Not.Correlated"	"HPRD"	"SERPINA1"
"Not.Correlated"	"HPRD"	"CAND2"
"Not.Correlated"	"HPRD"	"FZD8"
"Not.Correlated"	"HPRD"	"CPS1"
"Not.Correlated"	"HPRD"	"SPAG16"
"Not.Correlated"	"HPRD"	"AGT"
"Not.Correlated"	"HPRD"	"PAX8"
"Not.Correlated"	"HPRD"	"CEACAM1"
"Not.Correlated"	"HPRD"	"BARX2"
"Not.Correlated"	"HPRD"	"COL9A2"
"Not.Correlated"	"HPRD"	"CA2"
"Not.Correlated"	"HPRD"	"FBN2"
"Not.Correlated"	"HPRD"	"PMAIP1"
"Not.Correlated"	"HPRD"	"FGF13"
"Not.Correlated"	"HPRD"	"MT1G"
"Not.Correlated"	"HPRD"	"ANPEP"
"Not.Correlated"	"HPRD"	"SOX5"
"Not.Correlated"	"HPRD"	"RAB38"
"Not.Correlated"	"HPRD"	"SIX2"
"Not.Correlated"	"HPRD"	"PTHLH"
"Not.Correlated"	"HPRD"	"DUOX1"
"Not.Correlated"	"HPRD"	"CD24"
"Not.Correlated"	"HPRD"	"SCN8A"
"Not.Correlated"	"HPRD"	"MGST1"
"Not.Correlated"	"HPRD"	"DTNA"
"Not.Correlated"	"HPRD"	"MGP"
"Not.Correlated"	"HPRD"	"S100P"
"Not.Correlated"	"HPRD"	"GGT1"
"Not.Correlated"	"HPRD"	"NFKBIZ"
"Not.Correlated"	"HPRD"	"PRIMA1"
"Not.Correlated"	"HPRD"	"ERP27"
"Not.Correlated"	"HPRD"	"HOXC10"
"Not.Correlated"	"HPRD"	"ZIK1"
"Not.Correlated"	"HPRD"	"SCNN1G"
"Not.Correlated"	"HPRD"	"XDH"
"Not.Correlated"	"HPRD"	"NPTXR"
"Not.Correlated"	"HPRD"	"AP3B2"
"Not.Correlated"	"HPRD"	"SCIN"
"Not.Correlated"	"HPRD"	"TNFRSF18"
"Not.Correlated"	"HPRD"	"CPNE7"
"Not.Correlated"	"HPRD"	"SNPH"
"Not.Correlated"	"HPRD"	"SCUBE3"
"Not.Correlated"	"HPRD"	"EMID1"
"Not.Correlated"	"HPRD"	"HIST1H2BN"
"Not.Correlated"	"DIP"	"NTN1"
"Not.Correlated"	"DIP"	"KCNK1"
"Not.Correlated"	"DIP"	"SIX1"
"Not.Correlated"	"DIP"	"DSP"
"Not.Correlated"	"DIP"	"MAPK10"
"Not.Correlated"	"DIP"	"CDH1"
"Not.Correlated"	"DIP"	"BMP7"
"Not.Correlated"	"DIP"	"FHL2"
"Not.Correlated"	"DIP"	"CLDN3"
"Not.Correlated"	"DIP"	"FGFR2"
"Not.Correlated"	"DIP"	"FGFR4"
"Not.Correlated"	"DIP"	"LMO3"
"Not.Correlated"	"DIP"	"RNF165"
"Not.Correlated"	"DIP"	"SERPINA1"
"Not.Correlated"	"DIP"	"FGF12"
"Not.Correlated"	"DIP"	"HIST3H2A"
"Not.Correlated"	"DIP"	"TNFRSF18"
"Not.Correlated"	"MINT"	"SIX1"
"Not.Correlated"	"MINT"	"CBLC"
"Not.Correlated"	"MINT"	"CKB"
"Not.Correlated"	"MINT"	"MAPK10"
"Not.Correlated"	"MINT"	"CDH1"
"Not.Correlated"	"MINT"	"BMP7"
"Not.Correlated"	"MINT"	"FHL2"
"Not.Correlated"	"MINT"	"GRB7"
"Not.Correlated"	"MINT"	"PITX1"
"Not.Correlated"	"MINT"	"FGFR2"
"Not.Correlated"	"MINT"	"S100A14"
"Not.Correlated"	"MINT"	"CA8"
"Not.Correlated"	"MINT"	"QPRT"
"Not.Correlated"	"MINT"	"CELSR3"
"Not.Correlated"	"MINT"	"PEG10"
"Not.Correlated"	"MINT"	"TPD52L1"
"Not.Correlated"	"MINT"	"GNAO1"
"Not.Correlated"	"MINT"	"HIST2H2BE"
"Not.Correlated"	"MINT"	"SERPINA1"
"Not.Correlated"	"MINT"	"CEACAM1"
"Not.Correlated"	"MINT"	"CA2"
"Not.Correlated"	"MINT"	"PMAIP1"
"Not.Correlated"	"MINT"	"EYA2"
"Not.Correlated"	"MINT"	"ANPEP"
"Not.Correlated"	"MINT"	"AK4"
"Not.Correlated"	"MINT"	"DTNA"
"Not.Correlated"	"MINT"	"TMPRSS3"
"Not.Correlated"	"MINT"	"WFDC2"
"Not.Correlated"	"MINT"	"SCNN1G"
"Not.Correlated"	"MINT"	"DPYSL4"
"Not.Correlated"	"MGI"	"HIST1H1C"
"Not.Correlated"	"MGI"	"SIX1"
"Not.Correlated"	"MGI"	"CDH1"
"Not.Correlated"	"MGI"	"BMP7"
"Not.Correlated"	"MGI"	"EMID1"
"Not.Correlated"	"INNATEDB"	"SH2D4A"
"Not.Correlated"	"INNATEDB"	"SIX1"
"Not.Correlated"	"INNATEDB"	"DSP"
"Not.Correlated"	"INNATEDB"	"MAPK10"
"Not.Correlated"	"INNATEDB"	"CDH1"
"Not.Correlated"	"INNATEDB"	"BMP7"
"Not.Correlated"	"INNATEDB"	"FHL2"
"Not.Correlated"	"INNATEDB"	"CLDN3"
"Not.Correlated"	"INNATEDB"	"PLCB1"
"Not.Correlated"	"INNATEDB"	"AQP3"
"Not.Correlated"	"INNATEDB"	"FGFR2"
"Not.Correlated"	"INNATEDB"	"HIST1H2BC"
"Not.Correlated"	"INNATEDB"	"CELSR3"
"Not.Correlated"	"INNATEDB"	"TPD52L1"
"Not.Correlated"	"INNATEDB"	"SERPINA1"
"Not.Correlated"	"INNATEDB"	"AGT"
"Not.Correlated"	"INNATEDB"	"PAX8"
"Not.Correlated"	"INNATEDB"	"CEACAM1"
"Not.Correlated"	"INNATEDB"	"GSDMB"
"Not.Correlated"	"INNATEDB"	"CA2"
"Not.Correlated"	"INNATEDB"	"FBN2"
"Not.Correlated"	"INNATEDB"	"PMAIP1"
"Not.Correlated"	"INNATEDB"	"MUC5B"
"Not.Correlated"	"INNATEDB"	"SOX5"
"Not.Correlated"	"INNATEDB"	"STC1"
"Not.Correlated"	"INNATEDB"	"CGREF1"
"Not.Correlated"	"INNATEDB"	"NFKBIZ"
"Not.Correlated"	"INNATEDB"	"SBSPON"
"Not.Correlated"	"INNATEDB"	"TNFRSF18"
"Not.Correlated"	"BIND_Rat"	"CKB"
"Not.Correlated"	"BIND_Rat"	"NFASC"
"Not.Correlated"	"BIND_Rat"	"CEACAM1"
"Not.Correlated"	"Jorgensen_EphR"	"GRB7"
"Not.Correlated"	"BCI"	"HIST1H1C"
"Not.Correlated"	"BCI"	"DSP"
"Not.Correlated"	"BCI"	"RBP1"
"Not.Correlated"	"BCI"	"MAPK10"
"Not.Correlated"	"BCI"	"CDH1"
"Not.Correlated"	"BCI"	"BMP7"
"Not.Correlated"	"BCI"	"FHL2"
"Not.Correlated"	"BCI"	"GRB7"
"Not.Correlated"	"BCI"	"SRPK3"
"Not.Correlated"	"BCI"	"ATP6V1B1"
"Not.Correlated"	"BCI"	"ALDOC"
"Not.Correlated"	"BCI"	"AQP3"
"Not.Correlated"	"BCI"	"FGFR4"
"Not.Correlated"	"BCI"	"ENTPD2"
"Not.Correlated"	"BCI"	"CELSR3"
"Not.Correlated"	"BCI"	"HIST2H2BE"
"Not.Correlated"	"BCI"	"PAX8"
"Not.Correlated"	"BCI"	"CEACAM1"
"Not.Correlated"	"BCI"	"COL9A2"
"Not.Correlated"	"BCI"	"CA2"
"Not.Correlated"	"BCI"	"MT1G"
"Not.Correlated"	"BCI"	"EDN2"
"Not.Correlated"	"IntAct_Yeast"	"AQP3"
"Not.Correlated"	"IntAct_Yeast"	"QPRT"
"Not.Correlated"	"IntAct_Yeast"	"SLC47A1"
"Not.Correlated"	"YeastMedium"	"QPRT"
"Not.Correlated"	"YeastMedium"	"GPT"
"Not.Correlated"	"VidalHuman_non_core"	"SIX1"
"Not.Correlated"	"VidalHuman_non_core"	"BMP7"
"Not.Correlated"	"VidalHuman_non_core"	"CLDN3"
"Not.Correlated"	"VidalHuman_non_core"	"TACSTD2"
"Not.Correlated"	"VidalHuman_non_core"	"PITX1"
"Not.Correlated"	"VidalHuman_non_core"	"LMO3"
"Not.Correlated"	"VidalHuman_non_core"	"AGT"
"Not.Correlated"	"VidalHuman_non_core"	"EYA2"
"Not.Correlated"	"VidalHuman_non_core"	"AK4"
"Not.Correlated"	"VidalHuman_non_core"	"FGF12"
"Not.Correlated"	"BIND"	"KCNK1"
"Not.Correlated"	"BIND"	"SIX1"
"Not.Correlated"	"BIND"	"DSP"
"Not.Correlated"	"BIND"	"MAPK10"
"Not.Correlated"	"BIND"	"CDH1"
"Not.Correlated"	"BIND"	"FHL2"
"Not.Correlated"	"BIND"	"GRB7"
"Not.Correlated"	"BIND"	"PLCB1"
"Not.Correlated"	"BIND"	"ALDOC"
"Not.Correlated"	"BIND"	"FGFR2"
"Not.Correlated"	"BIND"	"CELSR3"
"Not.Correlated"	"BIND"	"TPD52L1"
"Not.Correlated"	"BIND"	"HIST2H2BE"
"Not.Correlated"	"BIND"	"SERPINA1"
"Not.Correlated"	"BIND"	"FZD8"
"Not.Correlated"	"BIND"	"PMAIP1"
"Not.Correlated"	"BIND"	"SIX2"
"Not.Correlated"	"BIND"	"S100P"
"Not.Correlated"	"BIND"	"IRX2"
"Not.Correlated"	"BIND"	"AP3B2"
"Not.Correlated"	"IntAct_Worm"	"SRPK3"
"Not.Correlated"	"IntAct_Worm"	"ALDOC"
"Not.Correlated"	"IntAct_Worm"	"XDH"
"Not.Correlated"	"BioGrid_Yeast"	"QPRT"
"Not.Correlated"	"BioGrid_Yeast"	"GPT"
"Not.Correlated"	"BioGrid_Yeast"	"GGT1"
"Not.Correlated"	"StelzlMedium"	"MAPK10"
"Not.Correlated"	"StelzlMedium"	"CA8"
"Not.Correlated"	"StelzlMedium"	"TPD52L1"
"Not.Correlated"	"StelzlMedium"	"COL9A2"
"Not.Correlated"	"StelzlMedium"	"PMAIP1"
"Not.Correlated"	"StelzlMedium"	"WFDC2"
"Not.Correlated"	"StelzlMedium"	"SUSD4"
"Not.Correlated"	"StelzlMedium"	"DPYSL4"
"Not.Correlated"	"BIND_Worm"	"SRPK3"
"Not.Correlated"	"BIND_Worm"	"ALDOC"
"Not.Correlated"	"BIND_Worm"	"GNAO1"
"Not.Correlated"	"I2D-text_mining-c"	"BMP7"
"Not.Correlated"	"I2D-text_mining-c"	"CLDN3"
"Not.Correlated"	"INNATEDB_Mouse"	"CDH1"
"Not.Correlated"	"INNATEDB_Mouse"	"FHL2"
"Not.Correlated"	"INNATEDB_Mouse"	"PITX1"
"Not.Correlated"	"INNATEDB_Mouse"	"SOX5"
"Not.Correlated"	"INNATEDB_Mouse"	"NFKBIZ"
"Not.Correlated"	"INNATEDB_Mouse"	"HOXC10"
"Not.Correlated"	"INNATEDB_Mouse"	"PAQR6"
"Not.Correlated"	"INNATEDB_Mouse"	"IL17RE"
"Not.Correlated"	"BIND_Mouse"	"HEY2"
"Not.Correlated"	"BIND_Mouse"	"MAPK10"
"Not.Correlated"	"BIND_Mouse"	"CDH1"
"Not.Correlated"	"BIND_Mouse"	"BMP7"
"Not.Correlated"	"BIND_Mouse"	"FHL2"
"Not.Correlated"	"BIND_Mouse"	"NR6A1"
"Not.Correlated"	"BIND_Mouse"	"GNAO1"
"Not.Correlated"	"BIND_Mouse"	"FZD8"
"Not.Correlated"	"BIND_Mouse"	"BARX2"
"Not.Correlated"	"BIND_Mouse"	"DTNA"
"Not.Correlated"	"BIND_Mouse"	"IRX2"
"Not.Correlated"	"BIND_Mouse"	"FRAS1"
"Not.Correlated"	"SOURAV_MAPK_LOW"	"MAPK10"
"Not.Correlated"	"SOURAV_MAPK_LOW"	"PLCB1"
"Not.Correlated"	"StelzlLow"	"PMAIP1"
"Not.Correlated"	"StelzlLow"	"SUSD4"
"Not.Correlated"	"IntAct_Mouse"	"NTN1"
"Not.Correlated"	"IntAct_Mouse"	"HEY2"
"Not.Correlated"	"IntAct_Mouse"	"CDH1"
"Not.Correlated"	"IntAct_Mouse"	"FHL2"
"Not.Correlated"	"IntAct_Mouse"	"CLDN3"
"Not.Correlated"	"IntAct_Mouse"	"GRB7"
"Not.Correlated"	"IntAct_Mouse"	"GNAO1"
"Not.Correlated"	"IntAct_Mouse"	"NGEF"
"Not.Correlated"	"IntAct_Mouse"	"FZD8"
"Not.Correlated"	"IntAct_Mouse"	"CPS1"
"Not.Correlated"	"IntAct_Mouse"	"BARX2"
"Not.Correlated"	"IntAct_Mouse"	"EYA2"
"Not.Correlated"	"IntAct_Mouse"	"ANPEP"
"Not.Correlated"	"IntAct_Mouse"	"KCNK2"
"Not.Correlated"	"IntAct_Mouse"	"DTNA"
"Not.Correlated"	"IntAct_Mouse"	"SLC17A9"
"Not.Correlated"	"IntAct_Mouse"	"TNFRSF18"
"Not.Correlated"	"IntAct_Mouse"	"IL17RE"
"Not.Correlated"	"IntAct_Rat"	"MAPK15"
"Not.Correlated"	"IntAct_Rat"	"MAPK10"
"Not.Correlated"	"IntAct_Rat"	"FHL2"
"Not.Correlated"	"IntAct_Rat"	"GNAO1"
"Not.Correlated"	"IntAct_Rat"	"PAX8"
"Not.Correlated"	"BioGrid_Worm"	"SRPK3"
"Not.Correlated"	"BioGrid_Worm"	"ALDOC"
"Not.Correlated"	"BioGrid_Worm"	"GNAO1"
"Not.Correlated"	"MINT_Worm"	"SRPK3"
"Not.Correlated"	"MINT_Worm"	"ALDOC"
"Not.Correlated"	"MINT_Worm"	"GNAO1"
"Not.Correlated"	"BioGrid_Rat"	"CDH1"
"Not.Correlated"	"BioGrid_Rat"	"FBXO2"
"Not.Correlated"	"BioGrid_Rat"	"PLCB1"
"Not.Correlated"	"BioGrid_Rat"	"GNAO1"
"Not.Correlated"	"BioGrid_Rat"	"ANPEP"
"Not.Correlated"	"BioGrid_Rat"	"SCNN1G"
"Not.Correlated"	"CORE_2"	"ALDOC"
"Not.Correlated"	"DIP_Worm"	"SRPK3"
"Not.Correlated"	"DIP_Worm"	"ALDOC"
"Not.Correlated"	"StelzlHigh"	"MAPK10"
"Not.Correlated"	"StelzlHigh"	"TMPRSS3"
"Not.Correlated"	"VidalHuman_core"	"SIX1"
"Not.Correlated"	"VidalHuman_core"	"PITX1"
"Not.Correlated"	"VidalHuman_core"	"QPRT"
"Not.Correlated"	"VidalHuman_core"	"LMO3"
"Not.Correlated"	"VidalHuman_core"	"AGT"
"Not.Correlated"	"VidalHuman_core"	"COL9A2"
"Not.Correlated"	"VidalHuman_core"	"EYA2"
"Not.Correlated"	"YeastLow"	"GPT"
"Not.Correlated"	"YeastLow"	"GGT1"
"Not.Correlated"	"MINT_Rat"	"MAPK10"
"Not.Correlated"	"MINT_Rat"	"GNAO1"
"Not.Correlated"	"FlyHigh"	"SIX1"
"Not.Correlated"	"FlyHigh"	"GNAO1"
"Not.Correlated"	"LITERATURE"	"GNAO1"
"Not.Correlated"	"SOURAV_MAPK_HIGH"	"MAPK10"
"Not.Correlated"	"SOURAV_MAPK_HIGH"	"PLCB1"
"Not.Correlated"	"NON_CORE"	"GNAO1"
"Not.Correlated"	"MINT_Mouse"	"CDH1"
"Not.Correlated"	"MINT_Mouse"	"CLDN3"
"Not.Correlated"	"MINT_Mouse"	"FZD8"
"Not.Correlated"	"DIP_Yeast"	"QPRT"
"Not.Correlated"	"MINT_Yeast"	"QPRT"
"Not.Correlated"	"MIPS"	"QPRT"
"Not.Correlated"	"KIM_MYC"	"ASRGL1"
"Not.Correlated"	"Fawcett_polarity"	"DSP"
